Instance,Status,Unit_Costs,N_Atoms,N_Acts,N_Effects,N_Var_Base,N_Var_Acyc,N_Const_Base,N_Const_Acyc,N_Cuts_LM,N_Cuts_Sec,N_RCB_Calls,N_CCB_Calls,N_CL_It,N_Nodes,Initial_LB,Root_LB,Final_LB,Initial_UB,Final_UB,Parsing_Time,Prep_Time,Heur_Time,Build_Time,RCB_Time,CCB_Time,CL_Time,CPX_Time,Time
agricola-opt18-strips-p01,0,False,60,523,1010,1631,98,1882,3467,0,0,,,,0,,,142.0,1e+20,142,0.1348,0.098,0.0,0.0052,0.0,0.0,,0.2553,0.4968
agricola-opt18-strips-p02,0,False,63,612,1177,1890,101,2116,4128,0,0,,,,0,,,142.0,1e+20,142,0.2006,0.2597,0.0,0.0105,0.0,0.0,,0.2841,0.7613
agricola-opt18-strips-p03,0,False,66,723,1373,2200,104,2434,4886,0,0,,,,2306,,,204.0,1e+20,204,0.2878,0.3943,0.0,0.0052,0.0,0.0,,4.707,5.4002
agricola-opt18-strips-p04,0,False,67,592,1146,1847,109,2096,3933,0,0,,,,0,,,146.0,1e+20,146,0.2437,0.1578,0.0,0.0284,0.0,0.0,,0.2488,0.6831
agricola-opt18-strips-p05,0,False,69,728,1401,2241,112,2466,4894,0,0,,,,4613,,,208.0,1e+20,208,0.2542,0.2705,0.0,0.0081,0.0,0.0,,10.573,11.1104
agricola-opt18-strips-p06,0,False,72,796,1523,2434,115,2648,5412,0,0,,,,838,,,206.0,1e+20,206,0.3628,0.5688,0.0,0.0039,0.0,0.0,,2.2239,3.173
agricola-opt18-strips-p07,0,False,74,697,1347,2166,122,2443,4624,0,0,,,,2120,,,212.0,1e+20,212,0.1969,0.2028,0.0,0.0049,0.0,0.0,,4.08,4.4901
agricola-opt18-strips-p08,0,False,78,799,1567,2491,125,2737,5493,0,0,,,,0,,,150.0,1e+20,150,0.3061,0.354,0.0,0.0062,0.0,0.0,,0.4208,1.0929
agricola-opt18-strips-p09,0,False,80,895,1747,2770,128,3009,6201,0,0,,,,0,,,150.0,1e+20,150,0.4444,0.6438,0.0,0.0064,0.0,0.0,,0.3273,1.4395
agricola-opt18-strips-p10,0,False,77,754,1483,2367,130,2652,5053,0,0,,,,0,,,154.0,1e+20,154,0.2352,0.2354,0.0,0.0204,0.0,0.0,,0.2662,0.764
agricola-opt18-strips-p11,0,False,80,911,1773,2817,133,3047,6193,0,0,,,,4519,,,216.0,1e+20,216,0.3481,0.3935,0.0,0.0096,0.0,0.0,,20.5913,21.3546
agricola-opt18-strips-p12,0,False,84,1002,1962,3100,136,3339,6938,0,0,,,,1823,,,214.0,1e+20,214,0.4986,0.8528,0.0,0.0053,0.0,0.0,,4.5035,5.8789
agricola-opt18-strips-p13,0,False,81,852,1670,2660,138,2959,5695,0,0,,,,2946,,,220.0,1e+20,220,0.2326,0.2567,0.0,0.0059,0.0,0.0,,5.7262,6.2289
agricola-opt18-strips-p14,0,False,84,978,1945,3064,141,3334,6810,0,0,,,,0,,,158.0,1e+20,158,0.3609,0.4674,0.0,0.0054,0.0,0.0,,0.6832,1.5307
agricola-opt18-strips-p15,0,False,87,1081,2133,3358,144,3596,7563,0,0,,,,0,,,158.0,1e+20,158,0.5285,0.9207,0.0,0.0066,0.0,0.0,,0.5529,2.0289
agricola-opt18-strips-p16,0,False,83,909,1796,2851,146,3173,6155,0,0,,,,2340,,,222.0,1e+20,222,0.2622,0.2938,0.0,0.0049,0.0,0.0,,7.5571,8.1264
agricola-opt18-strips-p17,0,False,86,1065,2118,3332,149,3592,7387,0,0,,,,0,,,162.0,1e+20,162,0.6887,0.5083,0.0,0.0071,0.0,0.0,,0.4076,1.6266
agricola-opt18-strips-p18,0,False,89,1197,2377,3726,152,4001,8436,0,0,,,,2647,,,222.0,1e+20,222,0.5953,1.0739,0.0,0.009,0.0,0.0,,20.944,22.6444
agricola-opt18-strips-p19,0,False,86,992,1982,3128,154,3489,6752,0,0,,,,653,,,226.0,1e+20,226,0.2969,0.3404,0.0,0.0052,0.0,0.0,,3.2399,3.8921
agricola-opt18-strips-p20,0,False,89,1152,2310,3619,157,3907,8047,0,0,,,,0,,,166.0,1e+20,166,0.4405,0.6242,0.0,0.0057,0.0,0.0,,0.6226,1.7106
agricola-sat18-strips-p01,0,False,84,1459,2877,4458,122,4561,10685,0,0,,,,0,,,382.0,1e+20,382,1.2629,8.7551,0.0,0.0096,0.0,0.0,,1.2126,11.2886
agricola-sat18-strips-p02,0,False,91,1731,3406,5270,133,5200,12710,0,0,,,,0,,,386.0,1e+20,386,1.5652,7.4647,0.0,0.0111,0.0,0.0,,0.9876,10.0888
agricola-sat18-strips-p03,0,False,98,1852,3672,5670,146,5635,13616,0,0,,,,0,,,390.0,1e+20,390,1.8489,13.144,0.0,0.0084,0.0,0.0,,1.2954,16.3666
agricola-sat18-strips-p04,0,False,101,2084,4116,6354,154,6251,15306,0,0,,,,4405,,,576.0,1e+20,576,1.9991,8.8476,0.0,0.009,0.0,0.0,,150.7069,161.6387
agricola-sat18-strips-p05,0,False,104,2292,4556,7010,162,6854,16910,0,0,,,,11019,,,580.0,1e+20,580,2.2174,14.5175,0.0,0.0123,0.0,0.0,,250.7011,267.531
agricola-sat18-strips-p06,0,False,107,2463,4953,7586,170,7376,18412,0,0,,,,0,,,402.0,1e+20,402,2.4146,10.1468,0.0,0.0114,0.0,0.0,,2.9771,15.6402
agricola-sat18-strips-p07,0,False,110,2654,5330,8162,178,7899,19766,0,0,,,,2553,,,586.0,1e+20,586,2.6224,16.4468,0.0,0.0134,0.0,0.0,,160.5555,179.7312
agricola-sat18-strips-p08,0,False,114,2853,5747,8786,186,8482,21336,0,0,,,,4965,,,590.0,1e+20,590,3.7865,17.5218,0.0,0.0195,0.0,0.0,,347.3184,368.7507
agricola-sat18-strips-p09,0,False,116,3332,6726,10252,194,9668,25076,0,0,,,,2555,,,594.0,1e+20,594,3.0446,13.1088,0.0,0.0164,0.0,0.0,,174.3114,190.597
agricola-sat18-strips-p10,0,False,120,3271,6635,10108,202,9740,24586,0,0,,,,2564,,,598.0,1e+20,598,3.2325,14.9481,0.0,0.0171,0.0,0.0,,170.8267,189.1431
agricola-sat18-strips-p11,0,False,55,636,1222,1963,105,2201,4279,0,0,,,,113008,,,283.0,1e+20,283,0.1929,0.2155,0.0,0.0061,0.0,0.0,,145.5104,145.9314
agricola-sat18-strips-p12,0,False,60,725,1402,2243,116,2466,4851,0,0,,,,534458,,,287.0,1e+20,287,0.257,0.272,0.0,0.0058,0.0,0.0,,862.1506,862.6936
agricola-sat18-strips-p13,0,False,68,802,1582,2513,129,2758,5504,0,0,,,,0,,,276.0,1e+20,276,0.3238,0.3282,0.0,0.0059,0.0,0.0,,0.8123,1.4811
agricola-sat18-strips-p14,0,False,73,996,1974,3110,140,3361,6958,0,0,,,,0,,,279.0,1e+20,279,0.4783,0.684,0.0,0.005,0.0,0.0,,1.364,2.5502
agricola-sat18-strips-p15,0,False,75,1090,2167,3405,148,3660,7637,0,0,,,,3606,,,288.0,1e+20,288,0.5284,0.8199,0.0,0.0075,0.0,0.0,,10.2849,11.661
agricola-sat18-strips-p16,2,False,78,1221,2421,3798,156,4063,8540,0,0,,,,172167,,,294.0,1e+20,297,0.646,0.9188,0.0,0.0119,0.0,0.0,,898.4381,900.0368
agricola-sat18-strips-p17,0,False,82,1396,2800,4363,167,4672,9952,0,0,,,,0,,,415.0,1e+20,415,0.8908,1.6137,0.0,0.007,0.0,0.0,,3.4253,5.9704
agricola-sat18-strips-p18,0,False,86,1501,3023,4699,175,5025,10715,0,0,,,,0,,,420.0,1e+20,420,0.9499,2.0911,0.0,0.007,0.0,0.0,,2.1556,5.2406
agricola-sat18-strips-p19,2,False,88,1604,3226,5013,183,5369,11461,0,0,,,,204741,,,426.013,1e+20,428,1.0535,2.0723,0.0,0.0094,0.0,0.0,,896.9186,900.0927
agricola-sat18-strips-p20,2,False,91,1746,3512,5449,191,5819,12441,0,0,,,,136857,,,429.0,1e+20,435,1.1449,2.3465,0.0,0.0086,0.0,0.0,,896.5103,900.0518
airport-p01-airport1-p1,0,True,0,3,27,62,27,91,37,0,0,,,,0,,,8.0,1e+20,8,0.0047,0.0001,0.0,0.0016,0.0,0.0,,0.0014,0.0077
airport-p02-airport1-p1,0,True,0,4,31,68,27,101,44,0,0,,,,0,,,9.0,1e+20,9,0.009,0.0001,0.0,0.003,0.0,0.0,,0.0027,0.0148
airport-p03-airport1-p2,0,True,0,7,57,126,51,194,87,0,0,,,,0,,,17.0,1e+20,17,0.0068,0.0002,0.0,0.0046,0.0,0.0,,0.0025,0.0141
airport-p04-airport2-p1,0,True,0,7,65,150,65,226,96,0,0,,,,0,,,20.0,1e+20,20,0.4202,0.0003,0.0,0.2173,0.0,0.0,,0.3545,0.9923
airport-p05-airport2-p1,0,True,1,10,71,160,66,303,167,0,0,,,,0,,,21.0,1e+20,21,0.0115,0.0004,0.0,0.0041,0.0,0.0,,0.0024,0.0184
airport-p06-airport2-p2,0,True,1,17,136,305,126,527,266,0,0,,,,0,,,41.0,1e+20,41,0.0115,0.0008,0.0,0.003,0.0,0.0,,0.0027,0.0181
airport-p07-airport2-p2,0,True,1,17,135,302,124,527,269,0,0,,,,0,,,41.0,1e+20,41,0.0074,0.0008,0.0,0.0029,0.0,0.0,,0.003,0.0141
airport-p08-airport2-p3,0,True,2,27,206,444,172,814,439,0,0,,,,0,,,62.0,1e+20,62,0.0069,0.0015,0.0,0.0027,0.0,0.0,,0.0031,0.0143
airport-p09-airport2-p4,0,True,2,33,234,504,195,915,489,0,0,,,,0,,,71.0,1e+20,71,0.0204,0.0021,0.0,0.0032,0.0,0.0,,0.0033,0.0291
airport-p10-airport3-p1,0,True,0,5,59,136,59,208,90,0,0,,,,0,,,18.0,1e+20,18,0.0053,0.0003,0.0,0.0014,0.0,0.0,,0.0017,0.0087
airport-p11-airport3-p1,0,True,1,10,73,164,68,313,173,0,0,,,,0,,,21.0,1e+20,21,0.0056,0.0004,0.0,0.0023,0.0,0.0,,0.0023,0.0107
airport-p12-airport3-p2,0,True,1,15,132,297,124,521,266,0,0,,,,0,,,39.0,1e+20,39,0.0072,0.0009,0.0,0.0021,0.0,0.0,,0.0025,0.0126
airport-p13-airport3-p2,0,True,1,13,123,276,114,481,245,0,0,,,,0,,,37.0,1e+20,37,0.0082,0.0008,0.0,0.0032,0.0,0.0,,0.0026,0.0148
airport-p14-airport3-p3,0,True,2,25,205,443,174,818,442,0,0,,,,0,,,60.0,1e+20,60,0.0092,0.0017,0.0,0.0033,0.0,0.0,,0.0036,0.0179
airport-p15-airport3-p3,0,True,2,23,197,425,166,783,423,0,0,,,,0,,,58.0,1e+20,58,0.0281,0.0017,0.0,0.0062,0.0,0.0,,0.0031,0.0392
airport-p16-airport3-p4,0,True,3,33,270,571,216,1080,599,0,0,,,,0,,,79.0,1e+20,79,0.6237,0.003,0.0,0.0679,0.0,0.0,,0.3281,1.0229
airport-p17-airport3-p5,0,True,5,41,309,648,243,1195,654,0,0,,,,0,,,88.0,1e+20,88,0.0367,0.0037,0.0,0.0104,0.0,0.0,,0.0049,0.0558
airport-p18-airport3-p6,0,True,6,49,376,780,287,1459,809,0,0,,,,0,,,107.0,1e+20,107,0.0249,0.0051,0.0,0.0043,0.0,0.0,,0.0047,0.0392
airport-p19-airport3-p6,0,True,4,39,315,669,256,1189,651,0,0,,,,0,,,90.0,1e+20,90,0.0129,0.004,0.0,0.0026,0.0,0.0,,0.0039,0.0235
airport-p20-airport3-p7,0,True,6,54,400,833,308,1566,877,0,0,,,,0,,,115.0,1e+20,115,0.0389,0.0061,0.0,0.0033,0.0,0.0,,0.0048,0.0533
airport-p21-airport4halfMUC-p2,0,True,5,49,348,783,328,1391,734,0,0,,,,0,,,101.0,1e+20,101,0.0228,0.0137,0.0,0.0025,0.0,0.0,,0.0046,0.0436
airport-p22-airport4halfMUC-p3,0,True,5,53,495,1087,438,1900,986,0,0,,,,0,,,148.0,1e+20,148,0.0344,0.0218,0.0,0.0033,0.0,0.0,,0.0045,0.0642
airport-p23-airport4halfMUC-p4,0,True,16,73,597,1284,502,2045,1018,0,0,,,,0,,,168.0,1e+20,168,0.0634,0.0405,0.0,0.0037,0.0,0.0,,0.0055,0.1134
airport-p24-airport4halfMUC-p4,0,True,8,75,556,1202,473,2226,1224,0,0,,,,0,,,162.0,1e+20,162,0.0614,0.0407,0.0,0.0056,0.0,0.0,,0.0063,0.1143
airport-p25-airport4halfMUC-p5,0,True,9,83,716,1525,585,2798,1534,0,0,,,,0,,,212.0,1e+20,212,0.0791,0.0641,0.0,0.0067,0.0,0.0,,0.0074,0.1577
airport-p26-airport4halfMUC-p6,0,True,19,91,771,1631,618,2749,1444,0,0,,,,0,,,220.0,1e+20,220,0.1008,0.0832,0.0,0.0075,0.0,0.0,,0.0071,0.1991
airport-p27-airport4halfMUC-p6,0,True,11,125,848,1799,689,3440,1938,0,0,,,,0,,,246.0,1e+20,246,0.1211,0.0876,0.0,0.0065,0.0,0.0,,0.0073,0.2228
airport-p28-airport4halfMUC-p7,0,True,12,131,1003,2111,797,4000,2249,0,0,,,,0,,,294.0,1e+20,294,0.1453,0.11,0.0,0.0084,0.0,0.0,,0.008,0.2724
airport-p29-airport4halfMUC-p8,0,True,23,145,1082,2260,842,4044,2222,0,0,,,,0,,,308.0,1e+20,308,0.178,0.1524,0.0,0.0112,0.0,0.0,,0.0105,0.3528
airport-p30-airport4halfMUC-p8,0,True,14,155,1065,2230,834,4313,2457,0,0,,,,0,,,310.0,1e+20,310,0.1993,0.1502,0.0,0.0068,0.0,0.0,,0.0086,0.3656
airport-p31-airport4halfMUC-p9,0,True,14,161,1215,2537,943,4869,2766,0,0,,,,0,,,358.0,1e+20,358,0.2343,0.1816,0.0,0.0086,0.0,0.0,,0.0093,0.4344
airport-p32-airport4halfMUC-p10,0,True,27,193,1375,2840,1041,5253,2957,0,0,,,,0,,,390.0,1e+20,390,0.2735,0.2469,0.0,0.0093,0.0,0.0,,0.0113,0.5417
airport-p33-airport4halfMUC-p10,0,True,16,179,1337,2780,1026,5366,3067,0,0,,,,0,,,393.0,1e+20,393,0.2869,0.2264,0.0,0.0089,0.0,0.0,,0.0104,0.5333
airport-p34-airport4halfMUC-p11,0,True,28,213,1498,3086,1125,5759,3259,0,0,,,,0,,,427.0,1e+20,427,0.3295,0.3224,0.0,0.0113,0.0,0.0,,0.012,0.676
airport-p35-airport4halfMUC-p12,0,True,43,258,1589,3248,1175,6017,3420,0,0,,,,0,,,433.0,1e+20,433,0.3746,0.379,0.0,0.0127,0.0,0.0,,0.0132,0.7803
airport-p36-airport5MUC-p2,0,True,328,635,967,2243,570,3286,2118,0,0,,,,65263,,,109.0,1e+20,109,0.0343,0.0355,0.0,0.0054,0.0,0.0,,12.4024,12.4779
airport-p37-airport5MUC-p3,0,True,566,1030,1400,3294,800,5136,3721,0,0,,,,55671,,,141.0,1e+20,141,1.297,0.0938,0.0,0.0115,0.0,0.0,,20.9746,22.3772
airport-p38-airport5MUC-p3,0,True,521,980,1477,3373,827,5165,3494,0,0,,,,77662,,,154.0,1e+20,154,0.0739,0.0806,0.0,0.014,0.0,0.0,,30.8538,31.0227
airport-p39-airport5MUC-p4,2,True,746,1362,1878,4391,1055,6879,4998,0,0,,,,1609118,,,190.5,1e+20,208,0.1031,0.1623,0.0,0.0117,0.0,0.0,,900.0996,900.3773
airport-p40-airport5MUC-p4,0,True,714,1325,1994,4506,1078,7035,4864,0,0,,,,266706,,,190.0,1e+20,190,0.1391,0.141,0.0,0.0162,0.0,0.0,,162.1365,162.4331
airport-p41-airport5MUC-p4,0,True,680,1292,1952,4387,1040,6588,4344,0,0,,,,153952,,,178.0,1e+20,178,0.0819,0.1272,0.0,0.0112,0.0,0.0,,82.3357,82.5564
airport-p42-airport5MUC-p5,2,True,894,1657,2512,5643,1333,8927,6253,0,0,,,,1202055,,,231.5,1e+20,257,0.1348,0.2313,0.0,0.0167,0.0,0.0,,899.9404,900.3238
airport-p43-airport5MUC-p5,0,True,873,1639,2480,5528,1287,8499,5755,0,0,,,,913984,,,223.0,1e+20,223,0.1434,0.2069,0.0,0.0186,0.0,0.0,,782.9166,783.2861
airport-p44-airport5MUC-p5,0,True,828,1589,2488,5536,1308,8237,5305,0,0,,,,46743,,,227.0,1e+20,227,0.1091,0.1964,0.0,0.017,0.0,0.0,,33.1947,33.5177
airport-p45-airport5MUC-p6,0,True,987,1901,2917,6484,1503,9515,6085,0,0,,,,83557,,,249.0,1e+20,249,0.1595,0.2426,0.0,0.0238,0.0,0.0,,79.4354,79.8619
airport-p46-airport5MUC-p6,2,True,1053,1971,3012,6679,1542,10442,7184,0,0,,,,1044034,,,262.091,1e+20,290,0.1883,0.2937,0.0,0.0496,0.0,0.0,,899.7327,900.2651
airport-p47-airport5MUC-p8,2,True,1360,2580,4001,8800,2005,13463,9017,0,0,,,,759225,,,331.0,1e+20,355,0.2622,0.4658,0.0,0.0353,0.0,0.0,,899.3872,900.1512
airport-p48-airport5MUC-p9,2,True,1619,2987,4624,10126,2289,16279,11493,0,0,,,,603068,,,370.336,1e+20,423,0.3986,0.6704,0.0,0.0454,0.0,0.0,,899.0171,900.1324
airport-p49-airport5MUC-p10,2,True,1733,3255,5107,11140,2511,17501,12021,0,0,,,,577144,,,416.836,1e+20,479,0.4226,0.7674,0.0,0.0489,0.0,0.0,,898.9287,900.1687
airport-p50-airport5MUC-p15,3,True,2685,4967,7878,16957,3736,27535,19579,0,0,,,,238706,,,0.0,1e+20,1e+20,0.9785,2.3,0.0,0.1123,0.0,0.0,,896.6971,900.0903
assembly-prob01,-3,False,0,0,0,0,0,0,0,0,0,,,,0,,,0.0,1e+20,1e+20,0,0,0,0,0,0,,0,0
assembly-prob02,-3,False,0,0,0,0,0,0,0,0,0,,,,0,,,0.0,1e+20,1e+20,0,0,0,0,0,0,,0,0
assembly-prob03,-3,False,0,0,0,0,0,0,0,0,0,,,,0,,,0.0,1e+20,1e+20,0,0,0,0,0,0,,0,0
assembly-prob04,-3,False,0,0,0,0,0,0,0,0,0,,,,0,,,0.0,1e+20,1e+20,0,0,0,0,0,0,,0,0
assembly-prob05,-3,False,0,0,0,0,0,0,0,0,0,,,,0,,,0.0,1e+20,1e+20,0,0,0,0,0,0,,0,0
assembly-prob06,-3,False,0,0,0,0,0,0,0,0,0,,,,0,,,0.0,1e+20,1e+20,0,0,0,0,0,0,,0,0
assembly-prob07,-3,False,0,0,0,0,0,0,0,0,0,,,,0,,,0.0,1e+20,1e+20,0,0,0,0,0,0,,0,0
assembly-prob08,-3,False,0,0,0,0,0,0,0,0,0,,,,0,,,0.0,1e+20,1e+20,0,0,0,0,0,0,,0,0
assembly-prob09,-3,False,0,0,0,0,0,0,0,0,0,,,,0,,,0.0,1e+20,1e+20,0,0,0,0,0,0,,0,0
assembly-prob10,-3,False,0,0,0,0,0,0,0,0,0,,,,0,,,0.0,1e+20,1e+20,0,0,0,0,0,0,,0,0
assembly-prob11,-3,False,0,0,0,0,0,0,0,0,0,,,,0,,,0.0,1e+20,1e+20,0,0,0,0,0,0,,0,0
assembly-prob12,-3,False,0,0,0,0,0,0,0,0,0,,,,0,,,0.0,1e+20,1e+20,0,0,0,0,0,0,,0,0
assembly-prob13,-3,False,0,0,0,0,0,0,0,0,0,,,,0,,,0.0,1e+20,1e+20,0,0,0,0,0,0,,0,0
assembly-prob14,-3,False,0,0,0,0,0,0,0,0,0,,,,0,,,0.0,1e+20,1e+20,0,0,0,0,0,0,,0,0
assembly-prob15,-3,False,0,0,0,0,0,0,0,0,0,,,,0,,,0.0,1e+20,1e+20,0,0,0,0,0,0,,0,0
assembly-prob16,-3,False,0,0,0,0,0,0,0,0,0,,,,0,,,0.0,1e+20,1e+20,0,0,0,0,0,0,,0,0
assembly-prob17,-3,False,0,0,0,0,0,0,0,0,0,,,,0,,,0.0,1e+20,1e+20,0,0,0,0,0,0,,0,0
assembly-prob18,-3,False,0,0,0,0,0,0,0,0,0,,,,0,,,0.0,1e+20,1e+20,0,0,0,0,0,0,,0,0
assembly-prob19,-3,False,0,0,0,0,0,0,0,0,0,,,,0,,,0.0,1e+20,1e+20,0,0,0,0,0,0,,0,0
assembly-prob20,-3,False,0,0,0,0,0,0,0,0,0,,,,0,,,0.0,1e+20,1e+20,0,0,0,0,0,0,,0,0
assembly-prob21,-3,False,0,0,0,0,0,0,0,0,0,,,,0,,,0.0,1e+20,1e+20,0,0,0,0,0,0,,0,0
assembly-prob22,-3,False,0,0,0,0,0,0,0,0,0,,,,0,,,0.0,1e+20,1e+20,0,0,0,0,0,0,,0,0
assembly-prob23,-3,False,0,0,0,0,0,0,0,0,0,,,,0,,,0.0,1e+20,1e+20,0,0,0,0,0,0,,0,0
assembly-prob24,-3,False,0,0,0,0,0,0,0,0,0,,,,0,,,0.0,1e+20,1e+20,0,0,0,0,0,0,,0,0
assembly-prob25,-3,False,0,0,0,0,0,0,0,0,0,,,,0,,,0.0,1e+20,1e+20,0,0,0,0,0,0,,0,0
assembly-prob26,-3,False,0,0,0,0,0,0,0,0,0,,,,0,,,0.0,1e+20,1e+20,0,0,0,0,0,0,,0,0
assembly-prob27,-3,False,0,0,0,0,0,0,0,0,0,,,,0,,,0.0,1e+20,1e+20,0,0,0,0,0,0,,0,0
assembly-prob28,-3,False,0,0,0,0,0,0,0,0,0,,,,0,,,0.0,1e+20,1e+20,0,0,0,0,0,0,,0,0
assembly-prob29,-3,False,0,0,0,0,0,0,0,0,0,,,,0,,,0.0,1e+20,1e+20,0,0,0,0,0,0,,0,0
assembly-prob30,-3,False,0,0,0,0,0,0,0,0,0,,,,0,,,0.0,1e+20,1e+20,0,0,0,0,0,0,,0,0
barman-mco14-strips-p1-11-5-15,0,True,105,676,2054,2899,169,3952,4990,0,0,,,,0,,,36.0,1e+20,36,0.0286,0.0152,0.0,0.005,0.0,0.0,,0.5026,0.5516
barman-mco14-strips-p1-11-5-16,0,True,115,726,2210,3118,182,4256,5396,0,0,,,,0,,,38.0,1e+20,38,0.0309,0.017,0.0,0.0076,0.0,0.0,,0.6161,0.6719
barman-mco14-strips-p1-8-4-10,0,True,62,374,1112,1593,107,2207,2720,0,0,,,,0,,,26.0,1e+20,26,0.0383,0.0051,0.0,0.0047,0.0,0.0,,0.2124,0.2606
barman-mco14-strips-p2-10-4-13,0,True,80,486,1456,2078,136,2881,3568,0,0,,,,0,,,31.0,1e+20,31,0.0288,0.0089,0.0,0.0067,0.0,0.0,,0.3117,0.3564
barman-mco14-strips-p2-11-4-15,0,True,92,560,1684,2399,155,3327,4128,0,0,,,,0,,,34.0,1e+20,34,0.025,0.0128,0.0,0.0047,0.0,0.0,,0.4216,0.4643
barman-mco14-strips-p2-11-5-15,0,True,108,682,2072,2926,172,3994,5062,0,0,,,,0,,,37.0,1e+20,37,0.0308,0.0153,0.0,0.0071,0.0,0.0,,0.5242,0.5776
barman-mco14-strips-p2-11-5-16,0,True,114,724,2204,3109,181,4242,5372,0,0,,,,0,,,37.0,1e+20,37,0.049,0.0172,0.0,0.0053,0.0,0.0,,0.5378,0.6094
barman-mco14-strips-p2-11-5-17,0,True,119,764,2330,3283,189,4476,5658,0,0,,,,0,,,38.0,1e+20,38,0.0341,0.019,0.0,0.0077,0.0,0.0,,0.6065,0.6675
barman-mco14-strips-p3-10-4-13,0,True,80,486,1456,2078,136,2881,3568,0,0,,,,0,,,31.0,1e+20,31,0.0407,0.0096,0.0,0.0064,0.0,0.0,,0.2964,0.3532
barman-mco14-strips-p3-11-4-15,0,True,92,560,1684,2399,155,3327,4128,0,0,,,,0,,,34.0,1e+20,34,0.025,0.0128,0.0,0.0046,0.0,0.0,,0.4248,0.4675
barman-mco14-strips-p3-11-5-15,0,True,105,676,2054,2899,169,3952,4990,0,0,,,,0,,,36.0,1e+20,36,0.0301,0.0151,0.0,0.007,0.0,0.0,,0.4558,0.5082
barman-mco14-strips-p3-11-5-16,0,True,115,726,2210,3118,182,4256,5396,0,0,,,,0,,,38.0,1e+20,38,0.0296,0.0172,0.0,0.0058,0.0,0.0,,1.0492,1.1021
barman-mco14-strips-p3-11-5-17,0,True,121,768,2342,3301,191,4504,5706,0,0,,,,0,,,38.0,1e+20,38,0.0359,0.0189,0.0,0.0089,0.0,0.0,,0.5466,0.6105
barman-mco14-strips-p4-11-4-14,0,True,86,524,1572,2242,146,3109,3856,0,0,,,,0,,,33.0,1e+20,33,0.0299,0.0111,0.0,0.0059,0.0,0.0,,0.3481,0.3952
barman-mco14-strips-p4-11-4-15,0,True,91,558,1678,2390,154,3313,4104,0,0,,,,0,,,34.0,1e+20,34,0.026,0.012,0.0,0.0082,0.0,0.0,,0.4216,0.468
barman-mco14-strips-p4-11-5-15,0,True,107,680,2066,2917,171,3980,5038,0,0,,,,0,,,36.0,1e+20,36,0.0312,0.0152,0.0,0.0068,0.0,0.0,,0.4883,0.5417
barman-mco14-strips-p5-10-4-13,0,True,80,486,1456,2078,136,2881,3568,0,0,,,,0,,,31.0,1e+20,31,0.0484,0.0098,0.0,0.0094,0.0,0.0,,0.3072,0.3749
barman-mco14-strips-p5-11-4-15,0,True,91,558,1678,2390,154,3313,4104,0,0,,,,0,,,34.0,1e+20,34,0.027,0.0125,0.0,0.006,0.0,0.0,,0.376,0.4217
barman-mco14-strips-p5-11-5-15,0,True,106,678,2060,2908,170,3966,5014,0,0,,,,0,,,36.0,1e+20,36,0.0345,0.0153,0.0,0.0067,0.0,0.0,,0.5338,0.5904
barman-mco14-strips-p5-11-5-16,0,True,114,724,2204,3109,181,4242,5372,0,0,,,,0,,,37.0,1e+20,37,0.0337,0.0173,0.0,0.0061,0.0,0.0,,0.501,0.5583
barman-opt11-strips-pfile01-001,0,False,23,118,330,492,44,694,804,0,0,,,,1147,,,41.0,1e+20,41,0.0123,0.0008,0.0,0.0026,0.0,0.0,,0.2302,0.2459
barman-opt11-strips-pfile01-002,0,False,23,118,330,492,44,694,804,0,0,,,,0,,,41.0,1e+20,41,0.0101,0.0008,0.0,0.0024,0.0,0.0,,0.0766,0.0899
barman-opt11-strips-pfile01-003,0,False,23,118,330,492,44,694,804,0,0,,,,3815,,,41.0,1e+20,41,0.1026,0.0008,0.0,0.103,0.0,0.0,,0.6019,0.8083
barman-opt11-strips-pfile01-004,0,False,23,118,330,492,44,694,804,0,0,,,,0,,,41.0,1e+20,41,0.0194,0.0008,0.0,0.0076,0.0,0.0,,0.0784,0.1063
barman-opt11-strips-pfile02-005,0,False,28,148,420,621,53,878,1030,0,0,,,,0,,,43.0,1e+20,43,0.0095,0.0011,0.0,0.0068,0.0,0.0,,0.1084,0.1259
barman-opt11-strips-pfile02-006,0,False,28,148,420,621,53,878,1030,0,0,,,,0,,,43.0,1e+20,43,0.1627,0.0011,0.0,0.0046,0.0,0.0,,0.0997,0.2681
barman-opt11-strips-pfile02-007,0,False,28,148,420,621,53,878,1030,0,0,,,,2433,,,43.0,1e+20,43,0.0298,0.0011,0.0,0.0107,0.0,0.0,,0.5004,0.542
barman-opt11-strips-pfile02-008,0,False,28,148,420,621,53,878,1030,0,0,,,,0,,,43.0,1e+20,43,0.0089,0.0011,0.0,0.0034,0.0,0.0,,0.1154,0.1288
barman-opt11-strips-pfile03-009,0,False,33,178,510,750,62,1062,1256,0,0,,,,6383,,,45.0,1e+20,45,0.0089,0.0016,0.0,0.0033,0.0,0.0,,1.0287,1.0425
barman-opt11-strips-pfile03-010,0,False,33,178,510,750,62,1062,1256,0,0,,,,4888,,,45.0,1e+20,45,0.009,0.0016,0.0,0.0034,0.0,0.0,,0.873,0.887
barman-opt11-strips-pfile03-011,0,False,33,178,510,750,62,1062,1256,0,0,,,,3907,,,45.0,1e+20,45,0.0084,0.0016,0.0,0.0025,0.0,0.0,,0.891,0.9035
barman-opt11-strips-pfile03-012,0,False,33,178,510,750,62,1062,1256,0,0,,,,0,,,45.0,1e+20,45,0.0089,0.0016,0.0,0.0036,0.0,0.0,,0.1453,0.1595
barman-opt11-strips-pfile04-013,0,False,42,234,680,992,78,1406,1668,0,0,,,,0,,,47.0,1e+20,47,0.0133,0.0025,0.0,0.0109,0.0,0.0,,0.1726,0.1994
barman-opt11-strips-pfile04-014,0,False,43,236,686,1001,79,1420,1692,0,0,,,,4747,,,48.0,1e+20,48,0.0125,0.0027,0.0,0.0037,0.0,0.0,,1.8683,1.8873
barman-opt11-strips-pfile04-015,0,False,42,234,680,992,78,1406,1668,0,0,,,,6774,,,47.0,1e+20,47,0.0116,0.0026,0.0,0.0023,0.0,0.0,,1.4299,1.4464
barman-opt11-strips-pfile04-016,0,False,42,234,680,992,78,1406,1668,0,0,,,,0,,,47.0,1e+20,47,0.0162,0.0027,0.0,0.0048,0.0,0.0,,0.2452,0.2689
barman-opt11-strips-pfile05-017,0,False,48,266,776,1130,88,1604,1918,0,0,,,,2453,,,50.0,1e+20,50,0.0152,0.0032,0.0,0.0048,0.0,0.0,,1.1905,1.2139
barman-opt11-strips-pfile05-018,0,False,48,266,776,1130,88,1604,1918,0,0,,,,3599,,,50.0,1e+20,50,0.0161,0.0032,0.0,0.009,0.0,0.0,,1.4986,1.5271
barman-opt11-strips-pfile05-019,0,False,48,266,776,1130,88,1604,1918,0,0,,,,7226,,,50.0,1e+20,50,0.0137,0.0032,0.0,0.0044,0.0,0.0,,1.5126,1.534
barman-opt11-strips-pfile05-020,0,False,48,266,776,1130,88,1604,1918,0,0,,,,3631,,,50.0,1e+20,50,0.0132,0.0032,0.0,0.0034,0.0,0.0,,1.6137,1.6336
barman-opt14-strips-p435-1,0,True,28,148,420,621,53,878,1030,0,0,,,,0,,,16.0,1e+20,16,0.0091,0.0011,0.0,0.0028,0.0,0.0,,0.091,0.1041
barman-opt14-strips-p435-2,0,True,28,148,420,621,53,878,1030,0,0,,,,0,,,16.0,1e+20,16,0.0291,0.0012,0.0,0.004,0.0,0.0,,0.0896,0.1239
barman-opt14-strips-p435-3,0,True,28,148,420,621,53,878,1030,0,0,,,,0,,,16.0,1e+20,16,0.0122,0.0011,0.0,0.0034,0.0,0.0,,0.0984,0.1151
barman-opt14-strips-p536-1,0,True,33,178,510,750,62,1062,1256,0,0,,,,0,,,18.0,1e+20,18,0.0086,0.0016,0.0,0.0034,0.0,0.0,,0.1043,0.118
barman-opt14-strips-p536-2,0,True,33,178,510,750,62,1062,1256,0,0,,,,0,,,18.0,1e+20,18,0.0102,0.0015,0.0,0.0036,0.0,0.0,,0.108,0.1235
barman-opt14-strips-p536-3,0,True,33,178,510,750,62,1062,1256,0,0,,,,0,,,18.0,1e+20,18,0.0093,0.0016,0.0,0.0039,0.0,0.0,,0.0894,0.1042
barman-opt14-strips-p638-1,0,True,42,234,680,992,78,1406,1668,0,0,,,,0,,,20.0,1e+20,20,0.0346,0.0025,0.0,0.0055,0.0,0.0,,0.1249,0.1676
barman-opt14-strips-p638-2,0,True,43,236,686,1001,79,1420,1692,0,0,,,,0,,,21.0,1e+20,21,0.0098,0.0026,0.0,0.0026,0.0,0.0,,0.129,0.144
barman-opt14-strips-p638-3,0,True,43,236,686,1001,79,1420,1692,0,0,,,,0,,,21.0,1e+20,21,0.0338,0.0025,0.0,0.0053,0.0,0.0,,0.1249,0.1666
barman-opt14-strips-p739-1,0,True,47,264,770,1121,87,1590,1894,0,0,,,,0,,,22.0,1e+20,22,0.0167,0.0033,0.0,0.0049,0.0,0.0,,0.1441,0.1691
barman-opt14-strips-p739-2,0,True,47,264,770,1121,87,1590,1894,0,0,,,,0,,,22.0,1e+20,22,0.0197,0.0033,0.0,0.0059,0.0,0.0,,0.1566,0.1857
barman-opt14-strips-p739-3,0,True,47,264,770,1121,87,1590,1894,0,0,,,,0,,,22.0,1e+20,22,0.0554,0.0032,0.0,0.0094,0.0,0.0,,0.148,0.2161
barman-opt14-strips-p839-1,0,True,48,268,780,1137,89,1614,1934,0,0,,,,0,,,24.0,1e+20,24,0.0184,0.0038,0.0,0.0175,0.0,0.0,,0.1494,0.1891
barman-opt14-strips-p839-2,0,True,48,268,780,1137,89,1614,1934,0,0,,,,0,,,24.0,1e+20,24,0.0242,0.0034,0.0,0.0039,0.0,0.0,,0.1829,0.2145
barman-sat11-strips-pfile06-021,0,False,62,374,1112,1593,107,2207,2720,0,0,,,,2484,,,62.0,1e+20,62,0.0353,0.0051,0.0,0.0044,0.0,0.0,,1.4098,1.4548
barman-sat11-strips-pfile06-022,0,False,63,376,1118,1602,108,2221,2744,0,0,,,,2443,,,63.0,1e+20,63,0.0184,0.0052,0.0,0.0046,0.0,0.0,,1.7494,1.7777
barman-sat11-strips-pfile06-023,0,False,63,374,1112,1593,107,2206,2720,0,0,,,,0,,,51.0,1e+20,51,0.0165,0.0052,0.0,0.0059,0.0,0.0,,0.3327,0.3605
barman-sat11-strips-pfile06-024,0,False,62,374,1112,1593,107,2207,2720,0,0,,,,0,,,62.0,1e+20,62,0.0204,0.0051,0.0,0.0067,0.0,0.0,,0.3099,0.3423
barman-sat11-strips-pfile07-025,0,False,69,414,1234,1766,118,2449,3032,0,0,,,,2476,,,65.0,1e+20,65,0.0166,0.0069,0.0,0.005,0.0,0.0,,2.1676,2.1963
barman-sat11-strips-pfile07-026,0,False,68,412,1228,1757,117,2435,3008,0,0,,,,0,,,64.0,1e+20,64,0.0517,0.0068,0.0,0.0267,0.0,0.0,,0.3545,0.4398
barman-sat11-strips-pfile07-027,0,False,68,412,1228,1757,117,2435,3008,0,0,,,,0,,,64.0,1e+20,64,0.0168,0.0064,0.0,0.0031,0.0,0.0,,0.381,0.4075
barman-sat11-strips-pfile07-028,0,False,69,414,1234,1766,118,2449,3032,0,0,,,,0,,,65.0,1e+20,65,0.1531,0.0068,0.0,0.1228,0.0,0.0,,0.4943,0.7772
barman-sat11-strips-pfile08-029,0,False,80,486,1456,2078,136,2881,3568,0,0,,,,0,,,67.0,1e+20,67,0.021,0.0097,0.0,0.0047,0.0,0.0,,0.7253,0.761
barman-sat11-strips-pfile08-030,0,False,81,488,1462,2087,137,2895,3592,0,0,,,,2406,,,68.0,1e+20,68,0.0342,0.0089,0.0,0.006,0.0,0.0,,2.6127,2.662
barman-sat11-strips-pfile08-031,0,False,80,486,1456,2078,136,2881,3568,0,0,,,,2418,,,67.0,1e+20,67,0.0412,0.0096,0.0,0.0055,0.0,0.0,,2.4168,2.4731
barman-sat11-strips-pfile08-032,0,False,80,486,1456,2078,136,2881,3568,0,0,,,,2445,,,67.0,1e+20,67,0.024,0.0089,0.0,0.0071,0.0,0.0,,2.353,2.3932
barman-sat11-strips-pfile09-033,0,False,85,522,1566,2233,145,3095,3832,0,0,,,,0,,,69.0,1e+20,69,0.087,0.0111,0.0,0.0195,0.0,0.0,,0.7634,0.8813
barman-sat11-strips-pfile09-034,0,False,86,524,1572,2242,146,3109,3856,0,0,,,,0,,,69.0,1e+20,69,0.0285,0.0113,0.0,0.0139,0.0,0.0,,0.8578,0.9116
barman-sat11-strips-pfile09-035,0,False,85,522,1566,2233,145,3095,3832,0,0,,,,2495,,,69.0,1e+20,69,0.0244,0.011,0.0,0.0099,0.0,0.0,,2.4585,2.504
barman-sat11-strips-pfile09-036,0,False,85,522,1566,2233,145,3095,3832,0,0,,,,2512,,,69.0,1e+20,69,0.024,0.0113,0.0,0.0059,0.0,0.0,,2.9846,3.0259
barman-sat11-strips-pfile10-037,0,False,91,558,1678,2390,154,3313,4104,0,0,,,,2427,,,70.0,1e+20,70,0.0349,0.0126,0.0,0.0087,0.0,0.0,,3.9307,3.9871
barman-sat11-strips-pfile10-038,0,False,92,560,1684,2399,155,3327,4128,0,0,,,,0,,,70.0,1e+20,70,0.0246,0.0118,0.0,0.0051,0.0,0.0,,0.9227,0.9644
barman-sat11-strips-pfile10-039,0,False,90,556,1672,2381,153,3299,4080,0,0,,,,0,,,70.0,1e+20,70,0.0333,0.0128,0.0,0.0088,0.0,0.0,,0.6907,0.7458
barman-sat11-strips-pfile10-040,0,False,93,562,1690,2408,156,3341,4152,0,0,,,,204846,,,71.0,1e+20,71,0.0388,0.0119,0.0,0.0075,0.0,0.0,,135.2748,135.3332
barman-sat14-strips-p1-11-4-15,0,True,91,558,1678,2390,154,3313,4104,0,0,,,,0,,,34.0,1e+20,34,0.0446,0.0128,0.0,0.0042,0.0,0.0,,0.3238,0.3856
barman-sat14-strips-p1-11-5-15,0,True,105,676,2054,2899,169,3952,4990,0,0,,,,0,,,36.0,1e+20,36,0.0278,0.0153,0.0,0.0055,0.0,0.0,,0.5049,0.5536
barman-sat14-strips-p1-11-5-16,0,True,115,726,2210,3118,182,4256,5396,0,0,,,,0,,,38.0,1e+20,38,0.0301,0.017,0.0,0.0065,0.0,0.0,,0.6195,0.6734
barman-sat14-strips-p2-10-4-13,0,True,80,486,1456,2078,136,2881,3568,0,0,,,,0,,,31.0,1e+20,31,0.0244,0.0089,0.0,0.0095,0.0,0.0,,0.3119,0.3548
barman-sat14-strips-p2-11-4-15,0,True,92,560,1684,2399,155,3327,4128,0,0,,,,0,,,34.0,1e+20,34,0.0277,0.0119,0.0,0.0095,0.0,0.0,,0.4202,0.4695
barman-sat14-strips-p2-11-5-15,0,True,108,682,2072,2926,172,3994,5062,0,0,,,,0,,,37.0,1e+20,37,0.0531,0.0156,0.0,0.0096,0.0,0.0,,0.5206,0.599
barman-sat14-strips-p2-11-5-16,0,True,114,724,2204,3109,181,4242,5372,0,0,,,,0,,,37.0,1e+20,37,0.0318,0.0176,0.0,0.0064,0.0,0.0,,0.5359,0.5919
barman-sat14-strips-p2-11-5-17,0,True,119,764,2330,3283,189,4476,5658,0,0,,,,0,,,38.0,1e+20,38,0.0326,0.0189,0.0,0.0051,0.0,0.0,,0.6078,0.6647
barman-sat14-strips-p3-10-4-13,0,True,80,486,1456,2078,136,2881,3568,0,0,,,,0,,,31.0,1e+20,31,0.0388,0.0088,0.0,0.0044,0.0,0.0,,0.2967,0.3489
barman-sat14-strips-p3-11-4-15,0,True,92,560,1684,2399,155,3327,4128,0,0,,,,0,,,34.0,1e+20,34,0.0279,0.0119,0.0,0.0056,0.0,0.0,,0.4226,0.4683
barman-sat14-strips-p3-11-5-15,0,True,105,676,2054,2899,169,3952,4990,0,0,,,,0,,,36.0,1e+20,36,0.0619,0.0151,0.0,0.0137,0.0,0.0,,0.4569,0.5478
barman-sat14-strips-p3-11-5-16,0,True,115,726,2210,3118,182,4256,5396,0,0,,,,0,,,38.0,1e+20,38,0.0357,0.0176,0.0,0.0097,0.0,0.0,,1.048,1.1112
barman-sat14-strips-p3-11-5-17,0,True,121,768,2342,3301,191,4504,5706,0,0,,,,0,,,38.0,1e+20,38,0.0325,0.0188,0.0,0.0058,0.0,0.0,,0.5478,0.6052
barman-sat14-strips-p4-11-4-14,0,True,86,524,1572,2242,146,3109,3856,0,0,,,,0,,,33.0,1e+20,33,0.0271,0.0112,0.0,0.0093,0.0,0.0,,0.3486,0.3963
barman-sat14-strips-p4-11-4-15,0,True,91,558,1678,2390,154,3313,4104,0,0,,,,0,,,34.0,1e+20,34,0.0246,0.0129,0.0,0.0043,0.0,0.0,,0.4226,0.4646
barman-sat14-strips-p4-11-5-15,0,True,107,680,2066,2917,171,3980,5038,0,0,,,,0,,,36.0,1e+20,36,0.0301,0.0152,0.0,0.0064,0.0,0.0,,0.488,0.54
barman-sat14-strips-p5-10-4-13,0,True,80,486,1456,2078,136,2881,3568,0,0,,,,0,,,31.0,1e+20,31,0.4695,0.0089,0.0,0.0948,0.0,0.0,,0.6289,1.2023
barman-sat14-strips-p5-11-4-15,0,True,91,558,1678,2390,154,3313,4104,0,0,,,,0,,,34.0,1e+20,34,0.026,0.0119,0.0,0.0062,0.0,0.0,,0.3743,0.4186
barman-sat14-strips-p5-11-5-15,0,True,106,678,2060,2908,170,3966,5014,0,0,,,,0,,,36.0,1e+20,36,0.0312,0.0152,0.0,0.0067,0.0,0.0,,0.5318,0.5852
barman-sat14-strips-p5-11-5-16,0,True,114,724,2204,3109,181,4242,5372,0,0,,,,0,,,37.0,1e+20,37,0.0331,0.0169,0.0,0.0114,0.0,0.0,,0.499,0.5606
blocks-probBLOCKS-10-0,0,True,0,9,31,78,29,91,31,0,0,,,,0,,,18.0,1e+20,18,0.0148,0.0003,0.0,0.0037,0.0,0.0,,0.0017,0.0206
blocks-probBLOCKS-10-1,0,True,0,10,31,80,30,92,31,0,0,,,,0,,,19.0,1e+20,19,0.0235,0.0004,0.0,0.0025,0.0,0.0,,0.0015,0.0278
blocks-probBLOCKS-10-2,0,True,0,10,32,81,30,94,32,0,0,,,,0,,,19.0,1e+20,19,0.0056,0.0004,0.0,0.0014,0.0,0.0,,0.0014,0.0088
blocks-probBLOCKS-11-0,0,True,0,11,36,86,31,96,29,0,0,,,,0,,,19.0,1e+20,19,0.0065,0.0005,0.0,0.0012,0.0,0.0,,0.0014,0.0097
blocks-probBLOCKS-11-1,0,True,0,11,40,94,33,103,30,0,0,,,,0,,,21.0,1e+20,21,0.017,0.0004,0.0,0.0037,0.0,0.0,,0.0022,0.0233
blocks-probBLOCKS-11-2,0,True,0,11,32,82,31,94,31,0,0,,,,0,,,19.0,1e+20,19,0.0165,0.0004,0.0,0.0036,0.0,0.0,,0.0026,0.0232
blocks-probBLOCKS-12-0,0,True,0,12,39,96,35,109,35,0,0,,,,0,,,22.0,1e+20,22,0.0092,0.0006,0.0,0.0058,0.0,0.0,,0.0024,0.018
blocks-probBLOCKS-12-1,0,True,0,11,37,94,35,110,38,0,0,,,,0,,,22.0,1e+20,22,0.0065,0.0006,0.0,0.0013,0.0,0.0,,0.0017,0.01
blocks-probBLOCKS-13-0,0,True,0,12,41,103,38,118,39,0,0,,,,0,,,24.0,1e+20,24,0.0258,0.0007,0.0,0.0038,0.0,0.0,,0.0022,0.0326
blocks-probBLOCKS-13-1,0,True,0,13,41,105,39,123,43,0,0,,,,0,,,25.0,1e+20,25,0.0061,0.0007,0.0,0.0013,0.0,0.0,,0.0015,0.0096
blocks-probBLOCKS-14-0,0,True,0,14,44,109,40,125,41,0,0,,,,0,,,25.0,1e+20,25,0.0112,0.0008,0.0,0.004,0.0,0.0,,0.0028,0.0189
blocks-probBLOCKS-14-1,0,True,0,14,50,119,42,131,39,0,0,,,,0,,,27.0,1e+20,27,0.0088,0.0009,0.0,0.0033,0.0,0.0,,0.0019,0.0149
blocks-probBLOCKS-15-0,0,True,0,15,52,124,44,136,40,0,0,,,,0,,,28.0,1e+20,28,0.0076,0.0011,0.0,0.0015,0.0,0.0,,0.0016,0.0119
blocks-probBLOCKS-15-1,0,True,0,15,46,118,44,139,49,0,0,,,,0,,,28.0,1e+20,28,0.0265,0.0011,0.0,0.0022,0.0,0.0,,0.0017,0.0315
blocks-probBLOCKS-16-1,0,True,0,16,52,131,48,152,52,0,0,,,,0,,,31.0,1e+20,31,0.0087,0.0012,0.0,0.0026,0.0,0.0,,0.0024,0.015
blocks-probBLOCKS-16-2,0,True,0,15,47,120,45,142,50,0,0,,,,0,,,28.0,1e+20,28,0.0087,0.0014,0.0,0.0041,0.0,0.0,,0.0016,0.0159
blocks-probBLOCKS-17-0,0,True,0,17,59,143,51,162,52,0,0,,,,0,,,33.0,1e+20,33,0.0095,0.0015,0.0,0.0015,0.0,0.0,,0.0016,0.0141
blocks-probBLOCKS-4-0,0,True,0,3,15,32,11,32,6,0,0,,,,0,,,6.0,1e+20,6,0.0317,0.0,0.0,0.0044,0.0,0.0,,0.0017,0.038
blocks-probBLOCKS-4-1,0,True,0,4,11,28,11,30,8,0,0,,,,0,,,6.0,1e+20,6,0.0294,0.0001,0.0,0.0052,0.0,0.0,,0.0022,0.0369
blocks-probBLOCKS-4-2,0,True,0,3,12,29,11,29,6,0,0,,,,0,,,6.0,1e+20,6,0.0086,0.0001,0.0,0.0077,0.0,0.0,,0.0022,0.0186
blocks-probBLOCKS-5-0,0,True,0,5,17,39,14,42,11,0,0,,,,0,,,8.0,1e+20,8,0.0282,0.0001,0.0,0.0034,0.0,0.0,,0.0024,0.034
blocks-probBLOCKS-5-1,0,True,0,4,16,36,13,38,9,0,0,,,,0,,,7.0,1e+20,7,0.0079,0.0001,0.0,0.0026,0.0,0.0,,0.0023,0.0129
blocks-probBLOCKS-5-2,0,True,0,5,15,39,15,45,15,0,0,,,,0,,,9.0,1e+20,9,0.0056,0.0001,0.0,0.0023,0.0,0.0,,0.0024,0.0104
blocks-probBLOCKS-6-0,0,True,0,6,20,49,18,53,15,0,0,,,,0,,,11.0,1e+20,11,0.0045,0.0001,0.0,0.0014,0.0,0.0,,0.0014,0.0075
blocks-probBLOCKS-6-1,0,True,0,5,23,50,17,51,11,0,0,,,,0,,,10.0,1e+20,10,0.009,0.0001,0.0,0.0034,0.0,0.0,,0.002,0.0146
blocks-probBLOCKS-6-2,0,True,0,6,18,47,18,54,18,0,0,,,,0,,,11.0,1e+20,11,0.0063,0.0001,0.0,0.0051,0.0,0.0,,0.003,0.0145
blocks-probBLOCKS-7-0,0,True,0,7,21,55,21,64,22,0,0,,,,0,,,13.0,1e+20,13,0.0051,0.0002,0.0,0.0013,0.0,0.0,,0.0021,0.0087
blocks-probBLOCKS-7-1,0,True,0,7,22,54,20,60,18,0,0,,,,0,,,12.0,1e+20,12,0.0236,0.0002,0.0,0.0021,0.0,0.0,,0.0015,0.0274
blocks-probBLOCKS-7-2,0,True,0,7,21,53,20,57,16,0,0,,,,0,,,12.0,1e+20,12,0.009,0.0002,0.0,0.0025,0.0,0.0,,0.0015,0.0132
blocks-probBLOCKS-8-0,0,True,0,7,26,61,22,66,18,0,0,,,,0,,,13.0,1e+20,13,0.0133,0.0002,0.0,0.0034,0.0,0.0,,0.0021,0.0191
blocks-probBLOCKS-8-1,0,True,0,8,29,64,22,67,16,0,0,,,,0,,,13.0,1e+20,13,1.2777,0.0002,0.0,0.0055,0.0,0.0,,0.0017,1.2852
blocks-probBLOCKS-8-2,0,True,0,7,29,66,23,71,19,0,0,,,,0,,,14.0,1e+20,14,0.0094,0.0002,0.0,0.004,0.0,0.0,,0.0026,0.0162
blocks-probBLOCKS-9-0,0,True,0,9,28,70,26,80,26,0,0,,,,0,,,16.0,1e+20,16,0.0076,0.0003,0.0,0.0042,0.0,0.0,,0.0026,0.0148
blocks-probBLOCKS-9-1,0,True,0,9,26,68,26,80,28,0,0,,,,0,,,16.0,1e+20,16,0.0068,0.0003,0.0,0.0033,0.0,0.0,,0.0023,0.0127
blocks-probBLOCKS-9-2,0,True,0,9,28,72,27,83,28,0,0,,,,0,,,17.0,1e+20,17,0.0073,0.0003,0.0,0.0019,0.0,0.0,,0.0026,0.0121
childsnack-opt14-strips-child-snack_pfile01,0,True,38,126,134,304,44,318,240,0,0,,,,0,,,10.0,1e+20,10,0.0081,0.0007,0.0,0.0028,0.0,0.0,,0.0098,0.0214
childsnack-opt14-strips-child-snack_pfile01-2,0,True,38,126,134,304,44,318,240,0,0,,,,0,,,11.0,1e+20,11,0.0112,0.0007,0.0,0.004,0.0,0.0,,0.0093,0.0253
childsnack-opt14-strips-child-snack_pfile02,0,True,46,176,186,415,53,433,340,0,0,,,,0,,,11.0,1e+20,11,0.8543,0.0012,0.0,0.0022,0.0,0.0,,0.0105,0.8683
childsnack-opt14-strips-child-snack_pfile02-2,0,True,46,176,186,415,53,433,340,0,0,,,,0,,,12.0,1e+20,12,0.0111,0.0012,0.0,0.0025,0.0,0.0,,0.0115,0.0264
childsnack-opt14-strips-child-snack_pfile03,0,True,50,215,226,499,58,531,440,0,0,,,,0,,,13.0,1e+20,13,0.0086,0.0018,0.0,0.0026,0.0,0.0,,0.0119,0.0249
childsnack-opt14-strips-child-snack_pfile03-2,0,True,50,215,226,499,58,531,440,0,0,,,,0,,,13.0,1e+20,13,0.0239,0.0018,0.0,0.0043,0.0,0.0,,0.0132,0.0433
childsnack-opt14-strips-child-snack_pfile04,0,True,69,381,393,852,78,894,792,0,0,,,,0,,,14.0,1e+20,14,0.014,0.0029,0.0,0.0039,0.0,0.0,,0.0192,0.0402
childsnack-opt14-strips-child-snack_pfile04-2,0,True,69,381,393,852,78,894,792,0,0,,,,0,,,14.0,1e+20,14,0.0273,0.0029,0.0,0.0047,0.0,0.0,,0.0211,0.0561
childsnack-opt14-strips-child-snack_pfile05,0,True,74,451,464,999,84,1059,975,0,0,,,,0,,,15.0,1e+20,15,0.0326,0.0041,0.0,0.0027,0.0,0.0,,0.0223,0.0619
childsnack-opt14-strips-child-snack_pfile05-2,0,True,74,451,464,999,84,1059,975,0,0,,,,0,,,15.0,1e+20,15,0.0259,0.0041,0.0,0.0053,0.0,0.0,,0.0222,0.0576
childsnack-opt14-strips-child-snack_pfile06,0,True,84,564,579,1238,95,1307,1215,0,0,,,,0,,,16.0,1e+20,16,0.0423,0.0058,0.0,0.0047,0.0,0.0,,0.0284,0.0814
childsnack-opt14-strips-child-snack_pfile06-2,0,True,84,564,579,1238,95,1307,1215,0,0,,,,0,,,16.0,1e+20,16,0.0328,0.006,0.0,0.0047,0.0,0.0,,0.0305,0.0743
childsnack-opt14-strips-child-snack_pfile07,0,True,89,649,665,1415,101,1490,1392,0,0,,,,0,,,17.0,1e+20,17,0.0327,0.0072,0.0,0.0049,0.0,0.0,,0.0313,0.0764
childsnack-opt14-strips-child-snack_pfile07-2,0,True,89,649,665,1415,101,1490,1392,0,0,,,,0,,,17.0,1e+20,17,0.0235,0.0076,0.0,0.0049,0.0,0.0,,0.0325,0.0686
childsnack-opt14-strips-child-snack_pfile08,0,True,94,740,757,1604,107,1702,1632,0,0,,,,0,,,18.0,1e+20,18,0.0226,0.0098,0.0,0.0025,0.0,0.0,,0.0355,0.0708
childsnack-opt14-strips-child-snack_pfile08-2,0,True,94,740,757,1604,107,1702,1632,0,0,,,,0,,,18.0,1e+20,18,0.0246,0.0098,0.0,0.0037,0.0,0.0,,0.0367,0.0751
childsnack-opt14-strips-child-snack_pfile09,0,True,104,883,902,1903,118,2012,1938,0,0,,,,0,,,19.0,1e+20,19,0.0267,0.013,0.0,0.0031,0.0,0.0,,0.0471,0.0904
childsnack-opt14-strips-child-snack_pfile09-2,0,True,104,883,902,1903,118,2012,1938,0,0,,,,0,,,19.0,1e+20,19,0.0308,0.0124,0.0,0.0037,0.0,0.0,,0.0432,0.0906
childsnack-opt14-strips-child-snack_pfile10,0,True,109,989,1009,2122,124,2258,2220,0,0,,,,0,,,20.0,1e+20,20,0.0411,0.0158,0.0,0.0061,0.0,0.0,,0.0476,0.1109
childsnack-opt14-strips-child-snack_pfile10-2,0,True,109,989,1009,2122,124,2258,2220,0,0,,,,0,,,20.0,1e+20,20,0.0333,0.0158,0.0,0.003,0.0,0.0,,0.0551,0.1074
childsnack-sat14-strips-child-snack_pfile05,0,True,74,451,464,999,84,1059,975,0,0,,,,0,,,15.0,1e+20,15,0.016,0.0043,0.0,0.0042,0.0,0.0,,0.023,0.0476
childsnack-sat14-strips-child-snack_pfile05-2,0,True,74,451,464,999,84,1059,975,0,0,,,,0,,,15.0,1e+20,15,0.0379,0.0041,0.0,0.0043,0.0,0.0,,0.0211,0.0674
childsnack-sat14-strips-child-snack_pfile06-2,0,True,84,564,579,1238,95,1307,1215,0,0,,,,0,,,16.0,1e+20,16,0.017,0.006,0.0,0.003,0.0,0.0,,0.0303,0.0565
childsnack-sat14-strips-child-snack_pfile07-2,0,True,89,649,665,1415,101,1490,1392,0,0,,,,0,,,17.0,1e+20,17,0.0251,0.0073,0.0,0.0024,0.0,0.0,,0.0308,0.0658
childsnack-sat14-strips-child-snack_pfile08,0,True,94,740,757,1604,107,1702,1632,0,0,,,,0,,,18.0,1e+20,18,0.0221,0.0099,0.0,0.0024,0.0,0.0,,0.036,0.0707
childsnack-sat14-strips-child-snack_pfile08-2,0,True,94,740,757,1604,107,1702,1632,0,0,,,,0,,,18.0,1e+20,18,0.0345,0.0098,0.0,0.0089,0.0,0.0,,0.0385,0.092
childsnack-sat14-strips-child-snack_pfile09,0,True,104,883,902,1903,118,2012,1938,0,0,,,,0,,,19.0,1e+20,19,0.0484,0.0124,0.0,0.0054,0.0,0.0,,0.047,0.1136
childsnack-sat14-strips-child-snack_pfile09-2,0,True,104,883,902,1903,118,2012,1938,0,0,,,,0,,,19.0,1e+20,19,0.03,0.0125,0.0,0.0035,0.0,0.0,,0.0429,0.0893
childsnack-sat14-strips-child-snack_pfile10,0,True,109,989,1009,2122,124,2258,2220,0,0,,,,0,,,20.0,1e+20,20,0.0453,0.0158,0.0,0.0052,0.0,0.0,,0.0472,0.1138
childsnack-sat14-strips-child-snack_pfile10-2,0,True,109,989,1009,2122,124,2258,2220,0,0,,,,0,,,20.0,1e+20,20,0.0345,0.0157,0.0,0.0047,0.0,0.0,,0.0561,0.1113
childsnack-sat14-strips-child-snack_pfile11,0,True,114,1101,1122,2353,130,2497,2457,0,0,,,,0,,,21.0,1e+20,21,0.04,0.0196,0.0,0.0046,0.0,0.0,,0.053,0.1176
childsnack-sat14-strips-child-snack_pfile11-2,0,True,114,1101,1122,2353,130,2497,2457,0,0,,,,0,,,21.0,1e+20,21,0.3158,0.0197,0.0,0.0064,0.0,0.0,,0.0515,0.3938
childsnack-sat14-strips-child-snack_pfile12,0,True,150,1691,1714,3572,167,3743,3772,0,0,,,,0,,,22.0,1e+20,22,0.05,0.0305,0.0,0.0065,0.0,0.0,,0.1005,0.1884
childsnack-sat14-strips-child-snack_pfile13,0,True,156,1860,1884,3918,174,4122,4224,0,0,,,,0,,,23.0,1e+20,23,0.0559,0.0366,0.0,0.0063,0.0,0.0,,0.1103,0.2101
childsnack-sat14-strips-child-snack_pfile13-2,0,True,156,1860,1884,3918,174,4122,4224,0,0,,,,0,,,23.0,1e+20,23,0.0578,0.0367,0.0,0.0063,0.0,0.0,,0.123,0.2247
childsnack-sat14-strips-child-snack_pfile14,0,True,162,2037,2062,4280,181,4494,4600,0,0,,,,0,,,24.0,1e+20,24,0.0691,0.0438,0.0,0.0061,0.0,0.0,,0.1202,0.2402
childsnack-sat14-strips-child-snack_pfile15-2,0,True,168,2222,2248,4658,188,4908,5096,0,0,,,,0,,,25.0,1e+20,25,0.0974,0.0505,0.0,0.0073,0.0,0.0,,0.1427,0.2991
childsnack-sat14-strips-child-snack_pfile16-2,0,True,180,2504,2532,5237,201,5505,5712,0,0,,,,0,,,26.0,1e+20,26,0.085,0.062,0.0,0.0064,0.0,0.0,,0.1674,0.3222
childsnack-sat14-strips-child-snack_pfile19,0,True,204,3244,3276,6748,228,7088,7424,0,0,,,,0,,,29.0,1e+20,29,0.1494,0.1007,0.0,0.0121,0.0,0.0,,0.2359,0.5002
childsnack-sat14-strips-child-snack_pfile19-2,0,True,204,3244,3276,6748,228,7088,7424,0,0,,,,0,,,29.0,1e+20,29,0.1293,0.1007,0.0,0.0088,0.0,0.0,,0.2265,0.4673
data-network-opt18-strips-p01,0,False,55,503,779,1343,60,1500,1711,0,0,,,,530719,,,105.0,1e+20,105,0.1114,0.0021,0.0,0.0199,0.0,0.0,,313.932,314.0655
data-network-opt18-strips-p02,0,False,63,697,1117,1880,65,2057,2501,0,0,,,,4937,,,29.0,1e+20,29,0.0229,0.0028,0.0,0.0036,0.0,0.0,,2.1605,2.1898
data-network-opt18-strips-p03,0,False,66,845,1328,2247,72,2426,2946,0,0,,,,51047,,,78.0,1e+20,78,0.0105,0.0033,0.0,0.0036,0.0,0.0,,46.4372,46.4547
data-network-opt18-strips-p04,2,False,70,1143,1861,3085,78,3185,4329,0,0,,,,413715,,,90.0,1e+20,119,0.0318,0.0077,0.0,0.0066,0.0,0.0,,899.9994,900.0457
data-network-opt18-strips-p05,2,False,74,1025,1624,2733,81,2927,3564,0,0,,,,1315503,,,96.0,1e+20,104,0.0157,0.0043,0.0,0.015,0.0,0.0,,900.0818,900.1169
data-network-opt18-strips-p06,0,False,84,1307,2162,3559,88,3626,5020,0,0,,,,275224,,,55.0,1e+20,55,0.0137,0.0062,0.0,0.0046,0.0,0.0,,262.7143,262.739
data-network-opt18-strips-p07,0,False,86,1574,2589,4259,93,4261,6109,0,0,,,,42392,,,87.0,1e+20,87,0.019,0.0064,0.0,0.0125,0.0,0.0,,39.0483,39.0864
data-network-opt18-strips-p08,0,False,89,1243,2008,3351,97,3590,4450,0,0,,,,21528,,,104.0,1e+20,104,0.0183,0.0057,0.0,0.0071,0.0,0.0,,30.7464,30.7776
data-network-opt18-strips-p09,0,False,74,705,1120,1903,77,2198,2354,0,0,,,,1107,,,27.0,1e+20,27,0.0105,0.0035,0.0,0.003,0.0,0.0,,0.8205,0.8375
data-network-opt18-strips-p10,0,False,81,921,1505,2513,85,2739,3299,0,0,,,,237044,,,85.0,1e+20,85,0.0227,0.0043,0.0,0.0057,0.0,0.0,,285.1319,285.1646
data-network-opt18-strips-p11,2,False,91,1111,1829,3034,93,3324,3983,0,0,,,,463453,,,17.0,1e+20,47,0.0142,0.0061,0.0,0.0057,0.0,0.0,,900.1059,900.1321
data-network-opt18-strips-p12,0,False,97,1315,2133,3549,100,3873,4639,0,0,,,,149651,,,62.0,1e+20,62,0.0359,0.0063,0.0,0.0109,0.0,0.0,,195.4001,195.4533
data-network-opt18-strips-p13,2,False,104,1492,2495,4098,109,4389,5584,0,0,,,,237391,,,50.02,1e+20,100,0.0142,0.0086,0.0,0.006,0.0,0.0,,900.0451,900.0742
data-network-opt18-strips-p14,2,False,105,1749,2923,4795,117,4993,6551,0,0,,,,275466,,,175.012,1e+20,181,0.0169,0.0117,0.0,0.0064,0.0,0.0,,900.0112,900.0464
data-network-opt18-strips-p15,0,False,128,1344,2242,3718,131,4313,4579,0,0,,,,77819,,,50.0,1e+20,50,0.0568,0.0099,0.0,0.0212,0.0,0.0,,39.6701,39.7581
data-network-opt18-strips-p16,2,False,140,1692,2894,4734,146,5188,6000,0,0,,,,472969,,,66.166,1e+20,117,0.0202,0.017,0.0,0.0099,0.0,0.0,,900.08,900.1273
data-network-opt18-strips-p17,2,False,154,2125,3679,5964,158,6226,7963,0,0,,,,274588,,,32.0,1e+20,93,0.0212,0.0171,0.0,0.0096,0.0,0.0,,900.0587,900.1068
data-network-opt18-strips-p18,2,False,165,2485,4253,6914,173,7388,8951,0,0,,,,146282,,,73.0,1e+20,143,0.0268,0.0209,0.0,0.0129,0.0,0.0,,911.1351,911.1961
data-network-opt18-strips-p19,2,False,180,3159,5431,8781,188,9402,11352,0,0,,,,117552,,,60.0,1e+20,184,0.0431,0.029,0.0,0.0103,0.0,0.0,,899.9767,900.0593
data-network-opt18-strips-p20,2,False,193,3451,6040,9694,200,10015,13241,0,0,,,,69298,,,121.0,1e+20,193,0.0452,0.0321,0.0,0.0141,0.0,0.0,,900.0553,900.1471
data-network-sat18-strips-p01,2,False,177,3450,5775,9429,196,9749,12782,0,0,,,,109363,,,225.0,1e+20,310,0.0444,0.0276,0.0,0.0141,0.0,0.0,,899.9742,900.0606
data-network-sat18-strips-p02,2,False,204,4048,6823,11099,220,11155,15530,0,0,,,,114538,,,184.027,1e+20,218,0.0341,0.0346,0.0,0.0167,0.0,0.0,,900.0159,900.1018
data-network-sat18-strips-p03,2,False,233,4101,6839,11204,255,11823,14862,0,0,,,,52678,,,232.0,1e+20,315,0.036,0.0402,0.0,0.0148,0.0,0.0,,899.9602,900.0516
data-network-sat18-strips-p04,2,False,252,4647,7690,12637,285,13294,16482,0,0,,,,110737,,,367.024,1e+20,469,0.0596,0.0463,0.0,0.0207,0.0,0.0,,899.9429,900.0698
data-network-sat18-strips-p05,2,False,289,7092,12484,19905,316,19100,29599,0,0,,,,40243,,,412.025,1e+20,454,0.0562,0.0952,0.0,0.0286,0.0,0.0,,911.6709,911.8516
data-network-sat18-strips-p06,2,False,317,7692,13513,21570,349,20827,31812,0,0,,,,43875,,,419.097,1e+20,597,0.0582,0.1038,0.0,0.03,0.0,0.0,,899.9308,900.1235
data-network-sat18-strips-p07,2,False,342,7506,12999,20899,377,20660,29784,0,0,,,,41605,,,412.0,1e+20,521,0.091,0.1149,0.0,0.033,0.0,0.0,,913.856,914.0957
data-network-sat18-strips-p08,2,False,370,9017,15757,25199,408,24449,36896,0,0,,,,9262,,,373.0,1e+20,471,0.077,0.1525,0.0,0.0394,0.0,0.0,,899.7706,900.0405
data-network-sat18-strips-p09,2,False,398,7250,12239,19938,434,20787,26467,0,0,,,,23442,,,421.001,1e+20,791,0.068,0.1247,0.0,0.0325,0.0,0.0,,899.8176,900.0436
data-network-sat18-strips-p10,2,False,427,8998,15693,25178,468,25094,35855,0,0,,,,33430,,,446.0,1e+20,660,0.083,0.1785,0.0,0.0387,0.0,0.0,,916.7755,917.0766
data-network-sat18-strips-p11,2,False,191,2896,5005,8104,199,8536,10665,0,0,,,,114291,,,106.433,1e+20,229,0.0519,0.029,0.0,0.0133,0.0,0.0,,900.0364,900.131
data-network-sat18-strips-p12,2,False,243,4604,8050,12913,254,13175,17800,0,0,,,,49984,,,134.0,1e+20,257,0.0374,0.0482,0.0,0.0173,0.0,0.0,,899.9721,900.0753
data-network-sat18-strips-p13,2,False,296,6086,10678,17081,310,17424,23431,0,0,,,,47918,,,202.006,1e+20,320,0.0454,0.0726,0.0,0.0217,0.0,0.0,,900.3376,900.4777
data-network-sat18-strips-p14,2,False,345,7230,12595,20197,364,20693,27290,0,0,,,,46205,,,215.115,1e+20,345,0.0765,0.1154,0.0,0.0329,0.0,0.0,,804.6725,804.8981
data-network-sat18-strips-p15,2,False,395,8634,15070,24134,419,24502,32866,0,0,,,,45137,,,234.038,1e+20,478,0.089,0.155,0.0,0.0362,0.0,0.0,,844.308,844.5889
data-network-sat18-strips-p16,2,False,450,10722,19087,30298,476,30477,41957,0,0,,,,10154,,,248.0,1e+20,542,0.0962,0.21,0.0,0.0468,0.0,0.0,,899.825,900.1792
data-network-sat18-strips-p17,2,False,496,9667,16775,26979,526,28393,34811,0,0,,,,24957,,,284.0,1e+20,597,0.1776,0.1991,0.0,0.0521,0.0,0.0,,915.0719,915.5018
data-network-sat18-strips-p18,2,False,556,12448,22110,35147,578,35011,49795,0,0,,,,10416,,,192.0,1e+20,478,0.1646,0.3185,0.0,0.0638,0.0,0.0,,899.5354,900.0919
data-network-sat18-strips-p19,3,False,593,11528,20008,32195,640,34126,41181,0,0,,,,9046,,,0.0,1e+20,1e+20,0.1223,0.2826,0.0,0.058,0.0,0.0,,899.6604,900.1244
data-network-sat18-strips-p20,3,False,659,15418,27200,43325,691,43803,59652,0,0,,,,7523,,,0.0,1e+20,1e+20,0.17,0.4487,0.0,0.0789,0.0,0.0,,899.4148,900.1141
depot-p01,0,True,10,24,45,99,28,121,49,0,0,,,,0,,,10.0,1e+20,10,0.005,0.0002,0.0,0.0017,0.0,0.0,,0.008,0.0148
depot-p02,0,True,22,52,91,189,44,239,113,0,0,,,,0,,,14.0,1e+20,14,0.0101,0.0004,0.0,0.0088,0.0,0.0,,0.0149,0.0343
depot-p03,0,True,36,82,147,302,70,394,200,0,0,,,,0,,,22.0,1e+20,22,0.0072,0.001,0.0,0.0038,0.0,0.0,,0.0209,0.033
depot-p04,0,True,50,104,184,379,88,495,249,0,0,,,,0,,,17.0,1e+20,17,0.009,0.0018,0.0,0.0028,0.0,0.0,,0.0128,0.0265
depot-p05,0,True,58,138,242,492,109,656,348,0,0,,,,0,,,33.0,1e+20,33,0.013,0.003,0.0,0.0022,0.0,0.0,,0.0345,0.0528
depot-p06,0,True,90,208,355,722,156,969,522,0,0,,,,0,,,42.0,1e+20,42,0.0188,0.0079,0.0,0.0035,0.0,0.0,,0.0593,0.0896
depot-p07,0,True,38,88,164,326,71,405,196,0,0,,,,0,,,18.0,1e+20,18,0.0094,0.0012,0.0,0.003,0.0,0.0,,0.0189,0.0326
depot-p08,0,True,53,119,228,459,107,584,291,0,0,,,,0,,,27.0,1e+20,27,0.144,0.0033,0.0,0.1255,0.0,0.0,,0.0627,0.3356
depot-p09,0,True,88,221,407,795,161,1020,546,0,0,,,,0,,,44.0,1e+20,44,0.0212,0.0093,0.0,0.0056,0.0,0.0,,0.0509,0.0873
depot-p10,0,True,71,169,269,550,109,728,387,0,0,,,,0,,,22.0,1e+20,22,0.0098,0.0028,0.0,0.0022,0.0,0.0,,0.0281,0.0429
depot-p11,0,True,122,296,508,991,182,1386,810,0,0,,,,0,,,41.0,1e+20,41,0.0196,0.0097,0.0,0.007,0.0,0.0,,0.1409,0.1774
depot-p12,0,True,180,433,736,1432,258,2010,1184,0,0,,,,0,,,45.0,1e+20,45,0.0353,0.0263,0.0,0.0048,0.0,0.0,,0.1102,0.1771
depot-p13,0,True,34,99,174,360,81,479,247,0,0,,,,0,,,24.0,1e+20,24,0.0111,0.0026,0.0,0.0027,0.0,0.0,,0.0198,0.0363
depot-p14,0,True,124,283,436,888,166,1190,655,0,0,,,,0,,,23.0,1e+20,23,0.0375,0.0103,0.0,0.0042,0.0,0.0,,0.0443,0.0965
depot-p15,0,True,186,461,800,1530,262,2098,1219,0,0,,,,0,,,49.0,1e+20,49,0.0459,0.0324,0.0,0.0043,0.0,0.0,,0.1605,0.2435
depot-p16,0,True,160,695,1066,1956,193,2465,1758,0,0,,,,0,,,24.0,1e+20,24,0.014,0.0083,0.0,0.0033,0.0,0.0,,0.3084,0.3341
depot-p17,0,True,315,1477,2343,4166,345,5354,4214,0,0,,,,0,,,22.0,1e+20,22,0.024,0.0312,0.0,0.0086,0.0,0.0,,0.8246,0.8887
depot-p18,0,True,527,2750,4450,7793,591,10245,8872,0,0,,,,2514,,,49.0,1e+20,49,0.0486,0.1018,0.0,0.014,0.0,0.0,,4.7202,4.8851
depot-p19,0,True,164,591,863,1675,217,2317,1395,0,0,,,,0,,,32.0,1e+20,32,0.0198,0.0145,0.0,0.0027,0.0,0.0,,0.2683,0.3055
depot-p20,0,True,286,1024,1659,3063,373,4420,2798,0,0,,,,264,,,57.0,1e+20,57,0.058,0.0607,0.0,0.0068,0.0,0.0,,1.7756,1.9017
depot-p21,0,True,649,3391,5307,9403,700,13362,9533,0,0,,,,129,,,32.0,1e+20,32,0.085,0.1683,0.0,0.0172,0.0,0.0,,1.9182,2.1897
depot-p22,0,True,1411,9477,16547,27570,1533,42261,35323,0,0,,,,18967,,,77.0,1e+20,77,0.354,0.9962,0.0,0.0955,0.0,0.0,,341.5665,343.0146
driverlog-p01,0,True,14,40,42,99,17,107,48,0,0,,,,0,,,6.0,1e+20,6,0.0113,0.0001,0.0,0.0034,0.0,0.0,,0.0164,0.0313
driverlog-p02,0,True,23,66,70,168,32,182,80,0,0,,,,0,,,14.0,1e+20,14,0.0053,0.0002,0.0,0.0016,0.0,0.0,,0.0155,0.0227
driverlog-p03,0,True,26,70,70,170,30,184,84,0,0,,,,0,,,11.0,1e+20,11,0.0116,0.0002,0.0,0.0038,0.0,0.0,,0.0136,0.0292
driverlog-p04,0,True,28,76,79,190,35,206,92,0,0,,,,0,,,12.0,1e+20,12,0.0049,0.0003,0.0,0.0015,0.0,0.0,,0.0144,0.0211
driverlog-p05,0,True,34,102,108,253,43,277,126,0,0,,,,0,,,15.0,1e+20,15,0.0071,0.0004,0.0,0.0028,0.0,0.0,,0.0238,0.0341
driverlog-p06,0,True,27,84,90,208,34,227,103,0,0,,,,0,,,10.0,1e+20,10,0.0056,0.0004,0.0,0.003,0.0,0.0,,0.011,0.02
driverlog-p07,0,True,39,114,117,277,46,300,137,0,0,,,,0,,,12.0,1e+20,12,0.0061,0.0005,0.0,0.002,0.0,0.0,,0.0109,0.0195
driverlog-p08,0,True,48,150,156,363,57,403,190,0,0,,,,0,,,15.0,1e+20,15,0.0309,0.0007,0.0,0.0054,0.0,0.0,,0.0145,0.0516
driverlog-p09,0,True,52,191,195,447,61,530,278,0,0,,,,0,,,18.0,1e+20,18,0.0099,0.0009,0.0,0.0039,0.0,0.0,,0.0551,0.0698
driverlog-p10,0,True,83,303,303,695,89,833,455,0,0,,,,0,,,16.0,1e+20,16,0.0073,0.0016,0.0,0.0039,0.0,0.0,,0.0443,0.057
driverlog-p11,0,True,88,328,330,753,95,909,496,0,0,,,,42,,,18.0,1e+20,18,0.026,0.0018,0.0,0.0049,0.0,0.0,,0.2391,0.2719
driverlog-p12,0,True,138,638,642,1429,149,1732,1042,0,0,,,,69,,,24.0,1e+20,24,0.0104,0.0043,0.0,0.0091,0.0,0.0,,0.5168,0.5406
driverlog-p13,0,True,173,867,871,1921,183,2258,1458,0,0,,,,0,,,21.0,1e+20,21,0.0297,0.0058,0.0,0.0052,0.0,0.0,,0.16,0.2009
driverlog-p14,0,True,168,841,847,1867,179,2197,1405,0,0,,,,11,,,25.0,1e+20,25,0.0495,0.0058,0.0,0.0061,0.0,0.0,,0.5375,0.5991
driverlog-p15,0,True,302,1737,1741,3791,313,4601,2870,0,0,,,,1177,,,30.0,1e+20,30,0.0176,0.0213,0.0,0.0046,0.0,0.0,,3.1543,3.1979
driverlog-p16,0,True,452,3522,3547,7545,476,8756,6173,0,0,,,,67062,,,51.0,1e+20,51,0.0367,0.0594,0.0,0.0118,0.0,0.0,,674.5152,674.6235
driverlog-p17,0,True,588,4718,4743,10076,615,11889,8418,0,0,,,,1884,,,57.0,1e+20,57,0.0468,0.0948,0.0,0.0139,0.0,0.0,,68.9894,69.1453
driverlog-p18,0,True,765,6628,6648,14068,792,16863,12109,0,0,,,,34745,,,62.0,1e+20,62,0.0674,0.1841,0.0,0.0251,0.0,0.0,,843.4147,843.6923
driverlog-p19,3,True,902,8086,8111,17135,938,20567,14922,0,0,,,,17399,,,0.0,1e+20,1e+20,0.0942,0.2419,0.0,0.0297,0.0,0.0,,899.6499,900.0167
driverlog-p20,3,True,1171,12136,12152,25491,1203,29371,22162,0,0,,,,7156,,,0.0,1e+20,1e+20,0.1677,0.4556,0.0,0.0471,0.0,0.0,,899.4034,900.0752
elevators-opt08-strips-p01,0,False,44,148,221,421,52,552,463,0,0,,,,0,,,32.0,1e+20,32,0.0279,0.0007,0.0,0.0055,0.0,0.0,,0.0863,0.1204
elevators-opt08-strips-p02,0,False,56,198,304,564,62,727,611,0,0,,,,0,,,26.0,1e+20,26,0.007,0.001,0.0,0.0029,0.0,0.0,,0.0674,0.0784
elevators-opt08-strips-p03,0,False,52,192,296,551,63,729,655,0,0,,,,993,,,38.0,1e+20,38,0.0058,0.0009,0.0,0.002,0.0,0.0,,0.2601,0.2689
elevators-opt08-strips-p04,0,False,62,249,377,700,74,931,803,0,0,,,,193,,,36.0,1e+20,36,0.0265,0.0014,0.0,0.0102,0.0,0.0,,0.1592,0.1974
elevators-opt08-strips-p05,0,False,60,207,314,595,74,788,656,0,0,,,,8,,,38.0,1e+20,38,0.0106,0.0012,0.0,0.0056,0.0,0.0,,0.0897,0.1072
elevators-opt08-strips-p06,0,False,72,304,478,868,86,1169,1074,0,0,,,,201,,,38.0,1e+20,38,0.0083,0.0018,0.0,0.0026,0.0,0.0,,0.4015,0.4142
elevators-opt08-strips-p07,0,False,71,268,414,767,85,1009,901,0,0,,,,689,,,38.0,1e+20,38,0.0226,0.0015,0.0,0.0056,0.0,0.0,,0.288,0.3177
elevators-opt08-strips-p08,0,False,89,372,592,1062,98,1384,1280,0,0,,,,1043,,,33.0,1e+20,33,0.0079,0.0023,0.0,0.0025,0.0,0.0,,0.3621,0.3749
elevators-opt08-strips-p09,0,False,80,314,495,905,96,1207,1123,0,0,,,,2864,,,48.0,1e+20,48,0.0256,0.002,0.0,0.0029,0.0,0.0,,1.6372,1.6677
elevators-opt08-strips-p10,0,False,94,421,687,1218,110,1643,1581,0,0,,,,6618,,,48.0,1e+20,48,0.0082,0.003,0.0,0.0028,0.0,0.0,,3.8261,3.8401
elevators-opt08-strips-p11,0,False,57,193,270,531,68,693,575,0,0,,,,0,,,41.0,1e+20,41,0.031,0.001,0.0,0.0043,0.0,0.0,,0.0759,0.1123
elevators-opt08-strips-p12,0,False,66,252,366,696,78,916,799,0,0,,,,0,,,38.0,1e+20,38,0.0324,0.0014,0.0,0.0038,0.0,0.0,,0.064,0.1016
elevators-opt08-strips-p13,0,False,71,204,288,575,83,777,620,0,0,,,,0,,,47.0,1e+20,47,1.1964,0.0014,0.0,0.0049,0.0,0.0,,0.0544,1.2572
elevators-opt08-strips-p14,0,False,77,305,449,848,94,1132,993,0,0,,,,0,,,41.0,1e+20,41,0.0084,0.0019,0.0,0.0057,0.0,0.0,,0.0865,0.1026
elevators-opt08-strips-p15,0,False,82,281,408,787,98,1051,927,0,0,,,,13,,,44.0,1e+20,44,0.0086,0.0019,0.0,0.0021,0.0,0.0,,0.2022,0.2149
elevators-opt08-strips-p16,0,False,92,377,567,1054,110,1430,1298,0,0,,,,0,,,51.0,1e+20,51,0.0266,0.0026,0.0,0.0026,0.0,0.0,,0.1826,0.2145
elevators-opt08-strips-p17,0,False,96,313,443,869,113,1163,968,0,0,,,,144,,,57.0,1e+20,57,0.0086,0.0024,0.0,0.0026,0.0,0.0,,0.2259,0.2395
elevators-opt08-strips-p18,0,False,106,409,637,1172,126,1604,1475,0,0,,,,0,,,44.0,1e+20,44,0.0088,0.0033,0.0,0.0054,0.0,0.0,,0.1298,0.1474
elevators-opt08-strips-p19,0,False,108,380,557,1065,128,1424,1285,0,0,,,,946,,,57.0,1e+20,57,0.0141,0.003,0.0,0.0051,0.0,0.0,,0.6924,0.7147
elevators-opt08-strips-p20,0,False,122,496,774,1412,142,1885,1768,0,0,,,,0,,,51.0,1e+20,51,0.0099,0.0041,0.0,0.0084,0.0,0.0,,0.4058,0.4284
elevators-opt08-strips-p21,0,False,64,210,315,600,75,817,701,0,0,,,,0,,,34.0,1e+20,34,0.0084,0.0012,0.0,0.0032,0.0,0.0,,0.0684,0.0812
elevators-opt08-strips-p22,0,False,81,311,465,863,87,1143,1006,0,0,,,,641,,,40.0,1e+20,40,0.009,0.0017,0.0,0.0046,0.0,0.0,,0.9893,1.0047
elevators-opt08-strips-p23,0,False,78,277,425,793,91,1073,975,0,0,,,,0,,,46.0,1e+20,46,0.027,0.0017,0.0,0.0022,0.0,0.0,,0.1795,0.2104
elevators-opt08-strips-p24,0,False,91,394,604,1102,104,1481,1356,0,0,,,,3364,,,49.0,1e+20,49,0.0178,0.0024,0.0,0.0062,0.0,0.0,,2.5116,2.5381
elevators-opt08-strips-p25,0,False,90,339,518,964,107,1291,1161,0,0,,,,1303,,,45.0,1e+20,45,0.0199,0.0023,0.0,0.0157,0.0,0.0,,0.3448,0.3827
elevators-opt08-strips-p26,0,False,104,447,695,1263,121,1708,1572,0,0,,,,746,,,39.0,1e+20,39,0.0292,0.0033,0.0,0.0034,0.0,0.0,,0.4656,0.5016
elevators-opt08-strips-p27,0,False,104,411,633,1167,123,1573,1451,0,0,,,,14,,,56.0,1e+20,56,0.0084,0.0029,0.0,0.0035,0.0,0.0,,0.3866,0.4015
elevators-opt08-strips-p28,0,False,121,577,917,1632,138,2155,2082,0,0,,,,10330,,,51.0,1e+20,51,0.0141,0.0044,0.0,0.0048,0.0,0.0,,3.196,3.2194
elevators-opt08-strips-p29,0,False,125,466,713,1318,139,1779,1660,0,0,,,,1891,,,57.0,1e+20,57,0.0099,0.0038,0.0,0.0043,0.0,0.0,,1.0837,1.1017
elevators-opt08-strips-p30,0,False,136,593,935,1683,155,2278,2138,0,0,,,,2439,,,57.0,1e+20,57,0.0173,0.0054,0.0,0.007,0.0,0.0,,2.3364,2.3662
elevators-opt11-strips-p01,0,False,57,193,270,531,68,693,575,0,0,,,,0,,,41.0,1e+20,41,0.0091,0.001,0.0,0.0062,0.0,0.0,,0.0763,0.0927
elevators-opt11-strips-p02,0,False,64,210,315,600,75,817,701,0,0,,,,0,,,34.0,1e+20,34,0.0282,0.0012,0.0,0.0064,0.0,0.0,,0.0688,0.1047
elevators-opt11-strips-p03,0,False,66,252,366,696,78,916,799,0,0,,,,0,,,38.0,1e+20,38,0.4834,0.0014,0.0,0.0133,0.0,0.0,,0.0657,0.5639
elevators-opt11-strips-p04,0,False,52,192,296,551,63,729,655,0,0,,,,993,,,38.0,1e+20,38,0.0265,0.0009,0.0,0.0056,0.0,0.0,,0.2616,0.2947
elevators-opt11-strips-p05,0,False,71,204,288,575,83,777,620,0,0,,,,0,,,47.0,1e+20,47,0.0112,0.0014,0.0,0.0073,0.0,0.0,,0.0542,0.0741
elevators-opt11-strips-p06,0,False,62,249,377,700,74,931,803,0,0,,,,193,,,36.0,1e+20,36,0.8435,0.0014,0.0,0.1783,0.0,0.0,,0.5806,1.6039
elevators-opt11-strips-p07,0,False,104,447,695,1263,121,1708,1572,0,0,,,,746,,,39.0,1e+20,39,0.0141,0.0033,0.0,0.0081,0.0,0.0,,0.468,0.4936
elevators-opt11-strips-p08,0,False,60,207,314,595,74,788,656,0,0,,,,8,,,38.0,1e+20,38,0.0142,0.0012,0.0,0.0041,0.0,0.0,,0.09,0.1097
elevators-opt11-strips-p09,0,False,81,311,465,863,87,1143,1006,0,0,,,,641,,,40.0,1e+20,40,0.007,0.0017,0.0,0.0032,0.0,0.0,,0.9879,0.9998
elevators-opt11-strips-p10,0,False,77,305,449,848,94,1132,993,0,0,,,,0,,,41.0,1e+20,41,0.0098,0.0019,0.0,0.0048,0.0,0.0,,0.0868,0.1034
elevators-opt11-strips-p11,0,False,121,577,917,1632,138,2155,2082,0,0,,,,10330,,,51.0,1e+20,51,0.0088,0.0043,0.0,0.0033,0.0,0.0,,3.2063,3.2228
elevators-opt11-strips-p12,0,False,72,304,478,868,86,1169,1074,0,0,,,,201,,,38.0,1e+20,38,0.0083,0.0018,0.0,0.0029,0.0,0.0,,0.401,0.4141
elevators-opt11-strips-p13,0,False,71,268,414,767,85,1009,901,0,0,,,,689,,,38.0,1e+20,38,0.0105,0.0015,0.0,0.0033,0.0,0.0,,0.2886,0.3039
elevators-opt11-strips-p14,0,False,89,372,592,1062,98,1384,1280,0,0,,,,1043,,,33.0,1e+20,33,0.01,0.0023,0.0,0.0065,0.0,0.0,,0.3635,0.3824
elevators-opt11-strips-p15,0,False,80,314,495,905,96,1207,1123,0,0,,,,2864,,,48.0,1e+20,48,0.0144,0.0019,0.0,0.0049,0.0,0.0,,1.6403,1.6616
elevators-opt11-strips-p16,0,False,82,281,408,787,98,1051,927,0,0,,,,13,,,44.0,1e+20,44,0.0086,0.0019,0.0,0.0053,0.0,0.0,,0.2015,0.2173
elevators-opt11-strips-p17,0,False,96,313,443,869,113,1163,968,0,0,,,,144,,,57.0,1e+20,57,0.0075,0.0024,0.0,0.0023,0.0,0.0,,0.2252,0.2375
elevators-opt11-strips-p18,0,False,106,409,637,1172,126,1604,1475,0,0,,,,0,,,44.0,1e+20,44,0.009,0.0033,0.0,0.0026,0.0,0.0,,0.1288,0.1438
elevators-opt11-strips-p19,0,False,78,277,425,793,91,1073,975,0,0,,,,0,,,46.0,1e+20,46,0.0095,0.0017,0.0,0.0079,0.0,0.0,,0.1795,0.1986
elevators-opt11-strips-p20,0,False,91,394,604,1102,104,1481,1356,0,0,,,,3364,,,49.0,1e+20,49,0.0086,0.0024,0.0,0.0037,0.0,0.0,,2.511,2.5257
elevators-sat08-strips-p01,0,False,60,268,424,766,74,1019,943,0,0,,,,90,,,42.0,1e+20,42,0.0125,0.0014,0.0,0.0092,0.0,0.0,,0.1443,0.1674
elevators-sat08-strips-p02,0,False,71,326,528,940,86,1246,1190,0,0,,,,0,,,37.0,1e+20,37,0.008,0.0018,0.0,0.0027,0.0,0.0,,0.1325,0.1452
elevators-sat08-strips-p03,0,False,86,376,596,1070,98,1389,1290,0,0,,,,294,,,43.0,1e+20,43,0.0266,0.0023,0.0,0.0041,0.0,0.0,,0.3597,0.3928
elevators-sat08-strips-p04,0,False,92,427,685,1222,110,1622,1547,0,0,,,,243,,,48.0,1e+20,48,0.0084,0.0029,0.0,0.003,0.0,0.0,,0.5412,0.5555
elevators-sat08-strips-p05,0,False,106,480,788,1390,122,1838,1776,0,0,,,,361,,,43.0,1e+20,43,0.0083,0.0035,0.0,0.0036,0.0,0.0,,0.5332,0.5487
elevators-sat08-strips-p06,0,False,110,560,918,1612,134,2136,2097,0,0,,,,2689,,,48.0,1e+20,48,0.0098,0.0042,0.0,0.0033,0.0,0.0,,3.1414,3.1587
elevators-sat08-strips-p07,0,False,121,607,999,1752,146,2350,2317,0,0,,,,180,,,48.0,1e+20,48,0.0102,0.0053,0.0,0.0055,0.0,0.0,,0.9599,0.9811
elevators-sat08-strips-p08,0,False,130,641,1059,1858,158,2459,2394,0,0,,,,1259,,,48.0,1e+20,48,0.0118,0.0056,0.0,0.0052,0.0,0.0,,0.6916,0.7144
elevators-sat08-strips-p09,0,False,146,709,1173,2052,170,2751,2730,0,0,,,,269,,,48.0,1e+20,48,0.011,0.0067,0.0,0.004,0.0,0.0,,0.7718,0.7935
elevators-sat08-strips-p10,0,False,149,771,1281,2234,182,3022,3033,0,0,,,,892,,,43.0,1e+20,43,0.0145,0.0075,0.0,0.0103,0.0,0.0,,0.9691,1.0016
elevators-sat08-strips-p11,0,False,171,777,1189,2164,198,2843,2882,0,0,,,,0,,,64.0,1e+20,64,0.0199,0.0098,0.0,0.005,0.0,0.0,,0.4642,0.4991
elevators-sat08-strips-p12,0,False,204,910,1430,2578,238,3413,3486,0,0,,,,1169,,,81.0,1e+20,81,0.0174,0.0138,0.0,0.0055,0.0,0.0,,0.8576,0.8945
elevators-sat08-strips-p13,0,False,244,1092,1714,3084,278,4002,4085,0,0,,,,4471,,,81.0,1e+20,81,0.0184,0.0185,0.0,0.0051,0.0,0.0,,5.2079,5.25
elevators-sat08-strips-p14,0,False,274,1139,1853,3310,318,4423,4533,0,0,,,,2512,,,85.0,1e+20,85,0.0397,0.024,0.0,0.0081,0.0,0.0,,1.3206,1.3925
elevators-sat08-strips-p15,0,False,313,1334,2174,3866,358,5129,5332,0,0,,,,4226,,,91.0,1e+20,91,0.0262,0.0305,0.0,0.0076,0.0,0.0,,5.4146,5.4791
elevators-sat08-strips-p16,0,False,352,1470,2378,4246,398,5634,5742,0,0,,,,3709,,,81.0,1e+20,81,0.0289,0.0392,0.0,0.0088,0.0,0.0,,7.0216,7.0987
elevators-sat08-strips-p17,0,False,384,1595,2611,4644,438,6153,6298,0,0,,,,1280,,,91.0,1e+20,91,0.031,0.0473,0.0,0.0096,0.0,0.0,,2.5906,2.6788
elevators-sat08-strips-p18,0,False,416,1850,3018,5346,478,7173,7584,0,0,,,,2426,,,90.0,1e+20,90,0.4541,0.0578,0.0,0.2932,0.0,0.0,,5.0758,5.8813
elevators-sat08-strips-p19,0,False,449,2022,3260,5800,518,7633,7961,0,0,,,,5077,,,96.0,1e+20,96,0.0377,0.0646,0.0,0.0121,0.0,0.0,,11.1985,11.3132
elevators-sat08-strips-p20,0,False,496,2227,3587,6372,558,8408,8938,0,0,,,,9249,,,96.0,1e+20,96,0.0415,0.0771,0.0,0.016,0.0,0.0,,14.7121,14.8471
elevators-sat08-strips-p21,0,False,363,2190,3550,6148,408,7798,9263,0,0,,,,10190,,,102.0,1e+20,102,0.0565,0.0543,0.0,0.011,0.0,0.0,,26.9057,27.0278
elevators-sat08-strips-p22,0,False,445,2316,3896,6707,495,8524,9734,0,0,,,,80706,,,114.0,1e+20,114,0.0593,0.08,0.0,0.0178,0.0,0.0,,118.9058,119.0632
elevators-sat08-strips-p23,2,False,527,3078,5134,8794,582,11078,13279,0,0,,,,263155,,,103.333,1e+20,112,0.2833,0.1154,0.0,0.0152,0.0,0.0,,899.6773,900.0919
elevators-sat08-strips-p24,0,False,605,3333,5693,9695,669,12469,14996,0,0,,,,36827,,,124.0,1e+20,124,0.0669,0.1539,0.0,0.0174,0.0,0.0,,187.8832,188.1224
elevators-sat08-strips-p25,2,False,679,3842,6510,11108,756,14101,16713,0,0,,,,561366,,,130.0,1e+20,134,0.084,0.1957,0.0,0.0248,0.0,0.0,,899.7451,900.0507
elevators-sat08-strips-p26,2,False,769,4665,7697,13205,843,16659,20199,0,0,,,,179576,,,123.002,1e+20,179,0.1056,0.2553,0.0,0.0291,0.0,0.0,,899.6712,900.0624
elevators-sat08-strips-p27,3,False,844,4864,8272,14066,930,17886,21632,0,0,,,,182698,,,0.0,1e+20,1e+20,0.1298,0.3022,0.0,0.0356,0.0,0.0,,899.6407,900.1094
elevators-sat08-strips-p28,3,False,924,5315,9059,15391,1017,19633,23805,0,0,,,,180841,,,0.0,1e+20,1e+20,0.1443,0.3546,0.0,0.0364,0.0,0.0,,899.558,900.0946
elevators-sat08-strips-p29,0,False,1009,5562,9438,16104,1104,20469,24296,0,0,,,,178718,,,134.0,1e+20,134,0.1628,0.4181,0.0,0.0404,0.0,0.0,,894.3775,895.0002
elevators-sat08-strips-p30,3,False,1085,6345,10689,18225,1191,23056,27871,0,0,,,,175141,,,0.0,1e+20,1e+20,0.1823,0.5038,0.0,0.0478,0.0,0.0,,899.3534,900.089
elevators-sat11-strips-p01,0,False,274,1139,1853,3310,318,4423,4533,0,0,,,,2512,,,85.0,1e+20,85,0.0205,0.0241,0.0,0.0059,0.0,0.0,,1.3167,1.3674
elevators-sat11-strips-p02,0,False,605,3333,5693,9695,669,12469,14996,0,0,,,,36827,,,124.0,1e+20,124,0.1005,0.1543,0.0,0.0186,0.0,0.0,,187.7486,188.0229
elevators-sat11-strips-p03,2,False,769,4665,7697,13205,843,16659,20199,0,0,,,,179490,,,123.002,1e+20,179,0.102,0.2558,0.0,0.0263,0.0,0.0,,899.6797,900.065
elevators-sat11-strips-p04,0,False,496,2227,3587,6372,558,8408,8938,0,0,,,,9249,,,96.0,1e+20,96,0.0469,0.0797,0.0,0.0123,0.0,0.0,,14.7282,14.8675
elevators-sat11-strips-p05,0,False,416,1850,3018,5346,478,7173,7584,0,0,,,,2426,,,90.0,1e+20,90,0.0342,0.0571,0.0,0.0113,0.0,0.0,,4.9578,5.0607
elevators-sat11-strips-p06,3,False,844,4864,8272,14066,930,17886,21632,0,0,,,,184623,,,0.0,1e+20,1e+20,0.1158,0.2932,0.0,0.0282,0.0,0.0,,899.6548,900.0932
elevators-sat11-strips-p07,2,False,679,3842,6510,11108,756,14101,16713,0,0,,,,561713,,,130.0,1e+20,134,0.0826,0.1961,0.0,0.0238,0.0,0.0,,899.7478,900.0513
elevators-sat11-strips-p08,3,False,924,5315,9059,15391,1017,19633,23805,0,0,,,,181169,,,0.0,1e+20,1e+20,0.1547,0.367,0.0,0.0355,0.0,0.0,,899.5294,900.0878
elevators-sat11-strips-p09,0,False,1009,5562,9438,16104,1104,20469,24296,0,0,,,,172151,,,134.0,1e+20,134,0.1576,0.4164,0.0,0.0396,0.0,0.0,,833.846,834.4609
elevators-sat11-strips-p10,3,False,1085,6345,10689,18225,1191,23056,27871,0,0,,,,174981,,,0.0,1e+20,1e+20,0.2074,0.4927,0.0,0.0456,0.0,0.0,,899.3719,900.1191
elevators-sat11-strips-p11,3,False,1270,12564,22532,36472,1376,45096,59229,0,0,,,,14795,,,0.0,1e+20,1e+20,0.3501,1.0144,0.0,0.0973,0.0,0.0,,898.6304,900.095
elevators-sat11-strips-p12,3,False,1357,13378,23946,38796,1472,48290,63716,0,0,,,,32564,,,0.0,1e+20,1e+20,0.3889,1.1722,0.0,0.1127,0.0,0.0,,898.3908,900.0677
elevators-sat11-strips-p13,3,False,1451,14533,26053,42154,1568,52483,69640,0,0,,,,10342,,,0.0,1e+20,1e+20,0.483,1.3649,0.0,0.1434,0.0,0.0,,898.1236,900.1183
elevators-sat11-strips-p14,3,False,1537,15673,28145,45482,1664,56323,74722,0,0,,,,19490,,,0.0,1e+20,1e+20,0.5014,1.5593,0.0,0.1402,0.0,0.0,,897.8384,900.0428
elevators-sat11-strips-p15,3,False,1635,16528,29712,48000,1760,59351,79201,0,0,,,,5697,,,0.0,1e+20,1e+20,0.5489,1.761,0.0,0.1592,0.0,0.0,,897.5834,900.0564
elevators-sat11-strips-p16,3,False,1908,13619,23819,39470,2032,49805,63457,0,0,,,,35488,,,0.0,1e+20,1e+20,0.5689,1.8072,0.0,0.1434,0.0,0.0,,897.5658,900.0891
elevators-sat11-strips-p17,3,False,2124,15472,26928,44672,2272,56400,72036,0,0,,,,16405,,,0.0,1e+20,1e+20,0.701,2.4045,0.0,0.2652,0.0,0.0,,896.6805,900.0561
elevators-sat11-strips-p18,3,False,2362,17613,30253,50378,2512,63393,81039,0,0,,,,5309,,,0.0,1e+20,1e+20,0.8491,3.0105,0.0,0.2075,0.0,0.0,,895.9955,900.0681
elevators-sat11-strips-p19,3,False,2588,19342,33302,55396,2752,69390,88818,0,0,,,,5292,,,0.0,1e+20,1e+20,1.0104,3.627,0.0,0.3053,0.0,0.0,,895.1117,900.0606
elevators-sat11-strips-p20,3,False,2817,20197,35357,58546,2992,74249,95374,0,0,,,,6552,,,0.0,1e+20,1e+20,1.1873,4.3755,0.0,0.2871,0.0,0.0,,894.2349,900.095
floortile-opt11-strips-opt-p01-001,0,False,25,78,92,207,37,211,93,0,0,,,,0,,,28.0,1e+20,28,0.0132,0.0003,0.0,0.008,0.0,0.0,,0.0213,0.0428
floortile-opt11-strips-opt-p01-002,0,False,24,78,90,205,37,208,93,0,0,,,,0,,,25.0,1e+20,25,0.0235,0.0003,0.0,0.0018,0.0,0.0,,0.0117,0.0374
floortile-opt11-strips-opt-p02-003,0,False,32,121,146,314,47,341,155,0,0,,,,1097,,,42.0,1e+20,42,0.0074,0.0005,0.0,0.0045,0.0,0.0,,0.1837,0.1961
floortile-opt11-strips-opt-p02-004,0,False,31,113,127,286,46,295,136,0,0,,,,0,,,34.0,1e+20,34,0.0078,0.0004,0.0,0.0027,0.0,0.0,,0.0254,0.0364
floortile-opt11-strips-opt-p03-005,0,False,36,148,168,372,56,397,185,0,0,,,,0,,,42.0,1e+20,42,0.0104,0.0006,0.0,0.0032,0.0,0.0,,0.0624,0.0766
floortile-opt11-strips-opt-p03-006,0,False,36,139,162,357,56,377,176,0,0,,,,0,,,43.0,1e+20,43,0.0258,0.0006,0.0,0.0033,0.0,0.0,,0.0292,0.0589
floortile-opt11-strips-opt-p04-007,0,False,40,156,182,399,61,422,200,0,0,,,,0,,,45.0,1e+20,45,0.0078,0.0007,0.0,0.0031,0.0,0.0,,0.0403,0.0519
floortile-opt11-strips-opt-p04-008,0,False,41,161,195,418,62,453,213,0,0,,,,197,,,49.0,1e+20,49,0.0057,0.0007,0.0,0.0041,0.0,0.0,,0.2296,0.2402
floortile-opt11-strips-opt-p05-009,0,False,48,198,216,486,72,505,237,0,0,,,,0,,,56.0,1e+20,56,0.0232,0.001,0.0,0.0028,0.0,0.0,,0.093,0.12
floortile-opt11-strips-opt-p05-010,0,False,48,203,229,505,73,534,257,0,0,,,,0,,,57.0,1e+20,57,1.0118,0.0009,0.0,0.0063,0.0,0.0,,0.0812,1.1002
floortile-opt11-strips-opt-p06-011,0,False,56,242,277,605,86,645,309,0,0,,,,3,,,70.0,1e+20,70,0.0068,0.0012,0.0,0.002,0.0,0.0,,0.1237,0.1338
floortile-opt11-strips-opt-p06-012,0,False,56,249,275,609,85,643,312,0,0,,,,0,,,68.0,1e+20,68,0.0157,0.0012,0.0,0.0039,0.0,0.0,,0.0856,0.1064
floortile-opt11-strips-opt-p07-013,0,False,60,266,309,667,92,719,346,0,0,,,,0,,,71.0,1e+20,71,0.0073,0.0014,0.0,0.003,0.0,0.0,,0.1278,0.1396
floortile-opt11-strips-opt-p07-014,0,False,61,267,296,654,91,690,329,0,0,,,,0,,,69.0,1e+20,69,0.027,0.0014,0.0,0.0054,0.0,0.0,,0.0717,0.1055
floortile-opt11-strips-opt-p08-015,0,False,105,473,530,1146,143,1227,602,0,0,,,,0,,,84.0,1e+20,84,0.0087,0.0033,0.0,0.0029,0.0,0.0,,0.2205,0.2354
floortile-opt11-strips-opt-p08-016,0,False,105,468,533,1144,143,1228,614,0,0,,,,354,,,86.0,1e+20,86,0.0087,0.0032,0.0,0.0024,0.0,0.0,,0.4898,0.5041
floortile-opt11-strips-opt-p09-017,0,False,161,738,820,1762,204,1885,956,0,0,,,,0,,,94.0,1e+20,94,0.0333,0.0064,0.0,0.0048,0.0,0.0,,0.3958,0.4404
floortile-opt11-strips-opt-p09-018,0,False,160,736,802,1741,203,1845,952,0,0,,,,0,,,95.0,1e+20,95,0.011,0.0064,0.0,0.0027,0.0,0.0,,0.4383,0.4585
floortile-opt11-strips-opt-p10-019,0,False,127,581,658,1410,171,1517,755,0,0,,,,12312,,,104.0,1e+20,104,0.0098,0.0047,0.0,0.0033,0.0,0.0,,8.8722,8.8901
floortile-opt11-strips-opt-p10-020,0,False,126,586,664,1421,171,1532,764,0,0,,,,24868,,,104.0,1e+20,104,0.0124,0.0045,0.0,0.0039,0.0,0.0,,17.254,17.275
floortile-opt14-strips-p01-4-3-2,0,False,31,108,134,289,47,309,141,0,0,,,,0,,,36.0,1e+20,36,0.0041,0.0005,0.0,0.0021,0.0,0.0,,0.021,0.0277
floortile-opt14-strips-p01-4-4-2,0,False,40,164,195,421,62,455,216,0,0,,,,0,,,46.0,1e+20,46,0.0256,0.0007,0.0,0.0032,0.0,0.0,,0.0369,0.0665
floortile-opt14-strips-p01-5-3-2,0,False,36,141,164,361,56,383,180,0,0,,,,0,,,44.0,1e+20,44,0.01,0.0006,0.0,0.0037,0.0,0.0,,0.0356,0.0499
floortile-opt14-strips-p01-5-4-2,0,False,49,205,239,518,74,555,262,0,0,,,,0,,,58.0,1e+20,58,0.0089,0.001,0.0,0.0025,0.0,0.0,,0.111,0.1234
floortile-opt14-strips-p01-5-5-2,0,False,61,268,307,667,92,716,340,0,0,,,,0,,,69.0,1e+20,69,0.0089,0.0014,0.0,0.0033,0.0,0.0,,0.0759,0.0896
floortile-opt14-strips-p01-6-4-2,0,False,56,249,271,605,85,634,307,0,0,,,,0,,,68.0,1e+20,68,0.0094,0.0012,0.0,0.011,0.0,0.0,,0.0796,0.1013
floortile-opt14-strips-p01-6-5-2,0,False,70,319,359,785,107,838,403,0,0,,,,0,,,84.0,1e+20,84,0.0084,0.0018,0.0,0.0028,0.0,0.0,,0.1512,0.1642
floortile-opt14-strips-p02-4-4-2,0,False,41,165,199,426,62,462,218,0,0,,,,1360,,,49.0,1e+20,49,0.0103,0.0007,0.0,0.0035,0.0,0.0,,0.1614,0.1759
floortile-opt14-strips-p02-5-3-2,0,False,36,137,164,357,56,380,179,0,0,,,,0,,,45.0,1e+20,45,0.0126,0.0006,0.0,0.0095,0.0,0.0,,0.0357,0.0585
floortile-opt14-strips-p02-5-4-2,0,False,49,205,239,518,74,557,265,0,0,,,,6711,,,62.0,1e+20,62,0.0069,0.001,0.0,0.0018,0.0,0.0,,0.785,0.7947
floortile-opt14-strips-p02-5-5-2,0,False,60,252,296,640,92,686,326,0,0,,,,0,,,71.0,1e+20,71,0.0091,0.0014,0.0,0.0049,0.0,0.0,,0.1388,0.1543
floortile-opt14-strips-p02-6-4-2,0,False,57,254,285,625,86,667,318,0,0,,,,0,,,68.0,1e+20,68,0.013,0.0012,0.0,0.0053,0.0,0.0,,0.1222,0.1418
floortile-opt14-strips-p02-6-5-2,0,False,70,318,362,787,107,844,410,0,0,,,,204500,,,92.0,1e+20,92,0.0148,0.0018,0.0,0.0095,0.0,0.0,,51.9246,51.9508
floortile-opt14-strips-p03-4-3-2,0,False,30,109,136,292,47,317,147,0,0,,,,64,,,40.0,1e+20,40,0.0301,0.0004,0.0,0.0193,0.0,0.0,,0.1047,0.1546
floortile-opt14-strips-p03-4-4-2,0,False,40,154,190,406,62,442,206,0,0,,,,0,,,50.0,1e+20,50,0.0246,0.0007,0.0,0.0032,0.0,0.0,,0.2152,0.2437
floortile-opt14-strips-p03-5-3-2,0,False,36,137,164,357,56,380,179,0,0,,,,0,,,45.0,1e+20,45,0.0074,0.0006,0.0,0.0034,0.0,0.0,,0.0518,0.0633
floortile-opt14-strips-p03-5-4-2,0,False,48,198,233,505,74,540,256,0,0,,,,0,,,58.0,1e+20,58,0.0072,0.0009,0.0,0.0042,0.0,0.0,,0.0958,0.1082
floortile-opt14-strips-p03-5-5-2,0,False,60,261,292,644,91,679,325,0,0,,,,0,,,69.0,1e+20,69,0.0076,0.0013,0.0,0.0025,0.0,0.0,,0.0681,0.0796
floortile-opt14-strips-p03-6-4-2,0,False,57,249,284,619,86,662,317,0,0,,,,11937,,,74.0,1e+20,74,0.0088,0.0012,0.0,0.0026,0.0,0.0,,2.6896,2.7023
floortile-opt14-strips-p03-6-5-2,0,False,70,315,359,781,107,836,403,0,0,,,,507,,,86.0,1e+20,86,0.0265,0.0018,0.0,0.0022,0.0,0.0,,0.2613,0.2918
floortile-sat11-strips-seq-p01-001,0,False,30,106,124,276,46,286,133,0,0,,,,0,,,33.0,1e+20,33,0.0252,0.0004,0.0,0.0034,0.0,0.0,,0.0176,0.0467
floortile-sat11-strips-seq-p01-002,0,False,30,112,130,288,46,302,144,0,0,,,,0,,,35.0,1e+20,35,0.0243,0.0004,0.0,0.0038,0.0,0.0,,0.0198,0.0484
floortile-sat11-strips-seq-p02-003,0,False,36,140,164,360,56,383,180,0,0,,,,0,,,44.0,1e+20,44,0.0551,0.0006,0.0,0.032,0.0,0.0,,0.0557,0.1434
floortile-sat11-strips-seq-p02-004,0,False,37,148,174,378,56,405,192,0,0,,,,1316,,,50.0,1e+20,50,0.0274,0.0006,0.0,0.0081,0.0,0.0,,0.1836,0.2198
floortile-sat11-strips-seq-p03-005,0,False,40,155,177,393,61,410,192,0,0,,,,0,,,44.0,1e+20,44,0.0302,0.0007,0.0,0.0027,0.0,0.0,,0.0297,0.0633
floortile-sat11-strips-seq-p03-006,0,False,40,156,187,405,62,434,202,0,0,,,,0,,,45.0,1e+20,45,0.0079,0.0007,0.0,0.0028,0.0,0.0,,0.0338,0.0452
floortile-sat11-strips-seq-p04-007,0,False,48,205,231,509,73,539,260,0,0,,,,0,,,56.0,1e+20,56,0.0073,0.0009,0.0,0.0041,0.0,0.0,,0.0766,0.0891
floortile-sat11-strips-seq-p04-008,0,False,48,196,219,488,73,508,241,0,0,,,,0,,,56.0,1e+20,56,0.0072,0.0009,0.0,0.0032,0.0,0.0,,0.0546,0.066
floortile-sat11-strips-seq-p05-009,0,False,56,245,268,598,85,626,303,0,0,,,,0,,,68.0,1e+20,68,0.0097,0.0013,0.0,0.002,0.0,0.0,,0.0841,0.0972
floortile-sat11-strips-seq-p05-010,0,False,56,246,272,603,85,635,307,0,0,,,,0,,,68.0,1e+20,68,0.0068,0.0012,0.0,0.0016,0.0,0.0,,0.096,0.1057
floortile-sat11-strips-seq-p06-011,0,False,60,263,303,658,92,706,337,0,0,,,,0,,,70.0,1e+20,70,0.0277,0.0014,0.0,0.0116,0.0,0.0,,0.0921,0.1328
floortile-sat11-strips-seq-p06-012,0,False,61,263,306,661,92,711,338,0,0,,,,1977,,,73.0,1e+20,73,0.0072,0.0014,0.0,0.0026,0.0,0.0,,0.3494,0.3607
floortile-sat11-strips-seq-p07-013,0,False,105,458,506,1106,142,1167,582,0,0,,,,0,,,84.0,1e+20,84,0.0413,0.0032,0.0,0.0066,0.0,0.0,,0.1449,0.1961
floortile-sat11-strips-seq-p07-014,0,False,106,473,537,1153,143,1238,613,0,0,,,,9472,,,87.0,1e+20,87,0.0094,0.0032,0.0,0.0043,0.0,0.0,,5.879,5.896
floortile-sat11-strips-seq-p08-015,0,False,127,591,664,1426,171,1533,758,0,0,,,,22,,,100.0,1e+20,100,0.0104,0.0045,0.0,0.0034,0.0,0.0,,0.3987,0.417
floortile-sat11-strips-seq-p08-016,0,False,127,579,655,1405,171,1508,744,0,0,,,,0,,,102.0,1e+20,102,0.0121,0.0048,0.0,0.0051,0.0,0.0,,0.224,0.2461
floortile-sat11-strips-seq-p09-017,0,False,144,685,759,1639,195,1755,872,0,0,,,,16,,,113.0,1e+20,113,0.0292,0.0062,0.0,0.0045,0.0,0.0,,0.4796,0.5196
floortile-sat11-strips-seq-p09-018,0,False,144,671,731,1596,194,1687,842,0,0,,,,1006,,,114.0,1e+20,114,0.0323,0.0058,0.0,0.0071,0.0,0.0,,0.7217,0.7669
floortile-sat11-strips-seq-p10-019,0,False,169,822,910,1959,227,2100,1046,0,0,,,,329717,,,137.0,1e+20,137,0.0159,0.0078,0.0,0.0051,0.0,0.0,,261.3325,261.3615
floortile-sat11-strips-seq-p10-020,0,False,169,816,887,1929,226,2047,1019,0,0,,,,21,,,131.0,1e+20,131,0.0197,0.0078,0.0,0.0043,0.0,0.0,,0.6632,0.6951
floortile-sat14-strips-p01-4-3-2,0,False,31,108,134,289,47,309,141,0,0,,,,0,,,36.0,1e+20,36,0.0262,0.0004,0.0,0.0034,0.0,0.0,,0.0206,0.0507
floortile-sat14-strips-p01-5-4-2,0,False,49,205,239,518,74,555,262,0,0,,,,0,,,58.0,1e+20,58,0.03,0.001,0.0,0.0091,0.0,0.0,,0.1109,0.151
floortile-sat14-strips-p01-5-5-2,0,False,61,268,307,667,92,716,340,0,0,,,,0,,,69.0,1e+20,69,0.0093,0.0014,0.0,0.0035,0.0,0.0,,0.0759,0.0901
floortile-sat14-strips-p01-6-4-2,0,False,56,249,271,605,85,634,307,0,0,,,,0,,,68.0,1e+20,68,0.0091,0.0012,0.0,0.0033,0.0,0.0,,0.0798,0.0934
floortile-sat14-strips-p01-6-5-2,0,False,70,319,359,785,107,838,403,0,0,,,,0,,,84.0,1e+20,84,0.0122,0.0018,0.0,0.0019,0.0,0.0,,0.1511,0.1671
floortile-sat14-strips-p01-6-5-3,0,False,105,465,513,1120,142,1184,592,0,0,,,,0,,,84.0,1e+20,84,0.0083,0.0034,0.0,0.0024,0.0,0.0,,0.1914,0.2056
floortile-sat14-strips-p02-5-4-2,0,False,49,205,239,518,74,557,265,0,0,,,,6711,,,62.0,1e+20,62,0.0058,0.001,0.0,0.0014,0.0,0.0,,0.7831,0.7914
floortile-sat14-strips-p02-6-4-2,0,False,57,254,285,625,86,667,318,0,0,,,,0,,,68.0,1e+20,68,0.0325,0.0012,0.0,0.0051,0.0,0.0,,0.1251,0.1639
floortile-sat14-strips-p02-6-5-2,0,False,70,318,362,787,107,844,410,0,0,,,,204500,,,92.0,1e+20,92,0.0114,0.0019,0.0,0.0048,0.0,0.0,,51.9627,51.9809
floortile-sat14-strips-p02-6-5-3,0,False,105,469,530,1142,143,1222,605,0,0,,,,0,,,84.0,1e+20,84,0.0092,0.0032,0.0,0.0051,0.0,0.0,,0.2719,0.2894
floortile-sat14-strips-p03-6-4-2,0,False,57,249,284,619,86,662,317,0,0,,,,11937,,,74.0,1e+20,74,0.0082,0.0012,0.0,0.0028,0.0,0.0,,2.685,2.6973
floortile-sat14-strips-p03-6-5-2,0,False,70,315,359,781,107,836,403,0,0,,,,507,,,86.0,1e+20,86,0.0068,0.0018,0.0,0.0023,0.0,0.0,,0.2617,0.2727
floortile-sat14-strips-p03-6-5-3,0,False,106,471,535,1149,143,1232,608,0,0,,,,32,,,85.0,1e+20,85,0.0172,0.0034,0.0,0.0041,0.0,0.0,,0.322,0.3467
floortile-sat14-strips-p04-5-4-2,0,False,49,207,241,522,74,562,268,0,0,,,,10913,,,63.0,1e+20,63,0.008,0.001,0.0,0.0049,0.0,0.0,,2.4694,2.4833
floortile-sat14-strips-p04-5-5-2,0,False,62,276,317,685,92,739,351,0,0,,,,327680,,,79.0,1e+20,79,0.7617,0.0014,0.0,0.0071,0.0,0.0,,82.1449,82.9151
floortile-sat14-strips-p04-6-5-2,0,False,71,324,366,797,107,854,410,0,0,,,,34986,,,89.0,1e+20,89,0.03,0.0018,0.0,0.0064,0.0,0.0,,9.6817,9.72
floortile-sat14-strips-p04-6-5-3,0,False,106,471,523,1136,142,1205,596,0,0,,,,0,,,84.0,1e+20,84,0.0096,0.0032,0.0,0.0027,0.0,0.0,,0.1733,0.1888
floortile-sat14-strips-p05-4-3-2,0,False,30,112,132,291,47,311,141,0,0,,,,0,,,33.0,1e+20,33,0.0137,0.0005,0.0,0.004,0.0,0.0,,0.0167,0.0349
floortile-sat14-strips-p05-6-5-2,0,False,70,318,344,768,106,805,387,0,0,,,,0,,,84.0,1e+20,84,0.0091,0.0018,0.0,0.0685,0.0,0.0,,0.2069,0.2863
floortile-sat14-strips-p05-6-5-3,0,False,106,485,531,1158,142,1227,611,0,0,,,,0,,,84.0,1e+20,84,0.0102,0.0032,0.0,0.0047,0.0,0.0,,0.1472,0.1654
freecell-p01,0,True,27,176,558,787,53,972,1171,0,0,,,,0,,,8.0,1e+20,8,0.0087,0.0016,0.0,0.0025,0.0,0.0,,0.0623,0.0752
freecell-p02,0,True,43,367,1094,1541,80,1913,2554,0,0,,,,2613,,,14.0,1e+20,14,0.0119,0.0042,0.0,0.0052,0.0,0.0,,2.8234,2.8448
freecell-p03,0,True,59,522,1473,2103,108,2648,3780,0,0,,,,0,,,18.0,1e+20,18,0.0344,0.0085,0.0,0.0084,0.0,0.0,,0.2804,0.3318
freecell-p04,0,True,72,566,1514,2214,134,2990,4142,0,0,,,,5425,,,26.0,1e+20,26,0.034,0.0103,0.0,0.005,0.0,0.0,,5.5665,5.6159
freecell-p05,2,True,93,1080,2990,4236,166,5151,8564,0,0,,,,227903,,,29.0,1e+20,30,0.0224,0.0205,0.0,0.0078,0.0,0.0,,899.9657,900.0167
freecell-p06,0,True,108,1517,4156,5866,193,7070,12112,0,0,,,,24399,,,34.0,1e+20,34,0.2569,0.0315,0.0,0.0093,0.0,0.0,,14.301,14.5991
freecell-p07,2,True,109,1434,3974,5603,195,6808,12438,0,0,,,,105259,,,36.036,1e+20,39,0.0338,0.0348,0.0,0.0109,0.0,0.0,,902.0412,902.121
freecell-p08,2,True,127,1961,5410,7596,225,9147,16916,0,0,,,,88182,,,43.0,1e+20,45,0.0398,0.0505,0.0,0.0194,0.0,0.0,,908.4438,908.5542
freecell-p09,2,True,128,1969,5359,7554,226,9100,16824,0,0,,,,51163,,,38.031,1e+20,41,0.0406,0.0548,0.0,0.0125,0.0,0.0,,899.9862,900.0945
freecell-p10,2,True,144,2561,6980,9795,254,11717,21984,0,0,,,,70705,,,46.0,1e+20,48,0.0664,0.0765,0.0,0.0173,0.0,0.0,,913.4568,913.6181
freecell-p11,2,True,146,2579,6957,9792,256,11759,22254,0,0,,,,40282,,,44.051,1e+20,49,0.0697,0.0792,0.0,0.017,0.0,0.0,,902.3541,902.5207
freecell-p12,2,True,144,2547,6914,9715,254,11665,22046,0,0,,,,35379,,,43.0,1e+20,46,0.072,0.0806,0.0,0.0202,0.0,0.0,,904.6166,904.7906
freecell-p13,2,True,162,3607,10043,13933,283,16015,31157,0,0,,,,9860,,,48.0,1e+20,56,0.0682,0.1271,0.0,0.0238,0.0,0.0,,899.8337,900.0537
freecell-p14,2,True,162,3620,10066,13969,283,16013,30907,0,0,,,,17513,,,48.0,1e+20,55,0.07,0.1177,0.0,0.0221,0.0,0.0,,899.874,900.0849
freecell-p15,2,True,179,4016,10768,15097,313,17948,34419,0,0,,,,23308,,,55.0,1e+20,61,0.0906,0.1626,0.0,0.0248,0.0,0.0,,905.9552,906.2385
freecell-p16,2,True,178,4434,12304,17049,311,19515,38314,0,0,,,,5671,,,54.0,1e+20,59,0.0911,0.1712,0.0,0.0297,0.0,0.0,,899.7603,900.0542
freecell-p17,2,True,196,5384,14875,20600,341,23515,46787,0,0,,,,36386,,,59.0,1e+20,60,0.1184,0.3302,0.0,0.0338,0.0,0.0,,899.5265,900.0113
freecell-p18,2,True,198,4850,12981,18175,344,21581,41927,0,0,,,,14662,,,65.0,1e+20,70,0.1189,0.2223,0.0,0.0302,0.0,0.0,,905.2241,905.6003
freecell-p19,2,True,216,5773,15251,21398,374,25416,49974,0,0,,,,2436,,,67.0,1e+20,77,0.1578,0.3103,0.0,0.0365,0.0,0.0,,899.5699,900.0777
freecell-p20,2,True,214,5734,15263,21369,372,25403,49921,0,0,,,,4045,,,62.0,1e+20,79,0.1477,0.3232,0.0,0.0378,0.0,0.0,,899.5604,900.0724
freecell-probfreecell-10-1,2,True,168,4367,11843,16500,290,19524,37708,0,0,,,,11735,,,49.0,1e+20,56,0.1066,0.1779,0.0,0.0271,0.0,0.0,,899.8021,900.1161
freecell-probfreecell-10-2,2,True,167,4371,11776,16436,289,19432,37561,0,0,,,,5184,,,50.014,1e+20,52,0.111,0.1838,0.0,0.0291,0.0,0.0,,899.7172,900.0433
freecell-probfreecell-10-3,0,True,167,4862,13493,18643,288,21198,41839,0,0,,,,2606,,,49.0,1e+20,49,0.1122,0.2423,0.0,0.0311,0.0,0.0,,282.5888,282.9757
freecell-probfreecell-10-4,2,True,168,4882,13430,18601,289,21162,41629,0,0,,,,5379,,,49.0,1e+20,56,0.1029,0.1835,0.0,0.0276,0.0,0.0,,899.7348,900.0512
freecell-probfreecell-10-5,2,True,169,4905,13520,18715,290,21282,41995,0,0,,,,3804,,,49.0,1e+20,74,0.1071,0.244,0.0,0.0309,0.0,0.0,,899.7052,900.0888
freecell-probfreecell-11-1,2,True,184,4844,12967,18129,318,21476,41806,0,0,,,,3918,,,54.0,1e+20,63,0.1185,0.2131,0.0,0.0293,0.0,0.0,,899.6773,900.0398
freecell-probfreecell-11-2,2,True,183,4850,12908,18075,317,21398,41741,0,0,,,,7846,,,55.0,1e+20,57,0.1157,0.212,0.0,0.0289,0.0,0.0,,899.7207,900.0799
freecell-probfreecell-11-3,2,True,184,5387,14741,20445,317,23317,46206,0,0,,,,4273,,,54.0,1e+20,56,0.118,0.3221,0.0,0.0332,0.0,0.0,,899.5961,900.0719
freecell-probfreecell-11-4,2,True,184,5401,14726,20444,317,23297,46225,0,0,,,,5955,,,56.0,1e+20,62,0.1161,0.2376,0.0,0.0325,0.0,0.0,,899.6636,900.0523
freecell-probfreecell-11-5,2,True,184,4859,13003,18180,318,21518,41923,0,0,,,,8351,,,57.0,1e+20,68,0.1514,0.2143,0.0,0.0302,0.0,0.0,,899.6803,900.0778
freecell-probfreecell-12-1,2,True,200,5295,14173,19814,346,23513,45986,0,0,,,,4549,,,59.0,1e+20,69,0.1297,0.2509,0.0,0.0318,0.0,0.0,,899.6495,900.0647
freecell-probfreecell-12-2,2,True,199,5319,14080,19744,345,23401,45878,0,0,,,,2292,,,59.0,1e+20,62,0.1344,0.2493,0.0,0.0329,0.0,0.0,,899.6268,900.0462
freecell-probfreecell-12-3,2,True,200,5908,16042,22295,345,25453,50744,0,0,,,,3414,,,61.0,1e+20,63,0.2601,0.3965,0.0,0.046,0.0,0.0,,899.3678,900.0733
freecell-probfreecell-12-4,2,True,200,5331,14157,19834,346,23516,46024,0,0,,,,7340,,,60.0,1e+20,72,0.1309,0.272,0.0,0.0328,0.0,0.0,,899.6392,900.0778
freecell-probfreecell-12-5,2,True,200,5319,14140,19805,346,23489,46046,0,0,,,,7027,,,62.0,1e+20,91,0.1544,0.2555,0.0,0.0453,0.0,0.0,,899.5799,900.0378
freecell-probfreecell-13-1,3,True,216,5755,15336,21465,374,25507,50136,0,0,,,,2039,,,0.0,1e+20,1e+20,0.1513,0.2923,0.0,0.0387,0.0,0.0,,899.5629,900.0484
freecell-probfreecell-13-2,3,True,215,5769,15229,21371,373,25380,50032,0,0,,,,4426,,,0.0,1e+20,1e+20,0.1511,0.2929,0.0,0.037,0.0,0.0,,899.5722,900.0564
freecell-probfreecell-13-3,2,True,215,5767,15265,21405,373,25425,50003,0,0,,,,5957,,,67.0,1e+20,70,0.1495,0.2969,0.0,0.0369,0.0,0.0,,899.5427,900.0291
freecell-probfreecell-13-4,2,True,215,5778,15259,21410,373,25423,50020,0,0,,,,3053,,,66.0,1e+20,83,0.148,0.3184,0.0,0.0374,0.0,0.0,,899.5712,900.0781
freecell-probfreecell-13-5,2,True,216,5766,15307,21447,374,25480,50132,0,0,,,,3036,,,68.0,1e+20,127,0.1491,0.2921,0.0,0.0383,0.0,0.0,,899.5577,900.0403
freecell-probfreecell-2-1,0,True,44,831,2637,3536,68,3756,5395,0,0,,,,0,,,9.0,1e+20,9,0.0186,0.0108,0.0,0.007,0.0,0.0,,0.2394,0.276
freecell-probfreecell-2-2,0,True,43,813,2680,3561,68,3794,5611,0,0,,,,0,,,8.0,1e+20,8,0.034,0.0102,0.0,0.0069,0.0,0.0,,0.233,0.2844
freecell-probfreecell-2-3,0,True,44,848,2672,3589,69,3817,6069,0,0,,,,0,,,8.0,1e+20,8,0.0184,0.0113,0.0,0.0051,0.0,0.0,,0.2343,0.2694
freecell-probfreecell-2-4,0,True,44,832,2716,3616,68,3848,5685,0,0,,,,0,,,8.0,1e+20,8,0.0182,0.0111,0.0,0.0055,0.0,0.0,,0.2029,0.2379
freecell-probfreecell-2-5,0,True,44,831,2659,3558,68,3768,5507,0,0,,,,0,,,9.0,1e+20,9,0.0192,0.0111,0.0,0.0056,0.0,0.0,,0.2397,0.2759
freecell-probfreecell-3-1,0,True,59,1306,4180,5581,95,6088,9644,0,0,,,,0,,,14.0,1e+20,14,0.0265,0.0235,0.0,0.0096,0.0,0.0,,0.7669,0.8268
freecell-probfreecell-3-2,0,True,58,1286,4162,5542,94,6033,9568,0,0,,,,0,,,13.0,1e+20,13,0.0508,0.0215,0.0,0.0106,0.0,0.0,,0.5318,0.615
freecell-probfreecell-3-3,0,True,58,1286,4169,5549,94,6031,9589,0,0,,,,0,,,12.0,1e+20,12,0.0284,0.0234,0.0,0.0093,0.0,0.0,,0.7323,0.7937
freecell-probfreecell-3-4,0,True,59,1310,4162,5567,95,6066,9752,0,0,,,,0,,,12.0,1e+20,12,0.0263,0.0217,0.0,0.0075,0.0,0.0,,0.3208,0.3767
freecell-probfreecell-3-5,0,True,58,1286,4192,5572,94,6071,9687,0,0,,,,0,,,13.0,1e+20,13,0.0301,0.0213,0.0,0.0161,0.0,0.0,,0.7016,0.7694
freecell-probfreecell-4-1,0,True,75,1819,5917,7861,125,8686,14944,0,0,,,,49909,,,19.0,1e+20,19,0.0343,0.0355,0.0,0.0104,0.0,0.0,,174.5341,174.6147
freecell-probfreecell-4-2,0,True,74,1798,5522,7442,122,8207,14160,0,0,,,,0,,,17.0,1e+20,17,0.0537,0.0351,0.0,0.0115,0.0,0.0,,1.2173,1.3179
freecell-probfreecell-4-3,0,True,72,1783,5593,7497,121,8287,14163,0,0,,,,0,,,18.0,1e+20,18,0.034,0.0332,0.0,0.0099,0.0,0.0,,1.0135,1.0909
freecell-probfreecell-4-4,0,True,75,1818,5498,7439,123,8196,14072,0,0,,,,0,,,18.0,1e+20,18,0.0375,0.0351,0.0,0.0136,0.0,0.0,,1.1559,1.2425
freecell-probfreecell-4-5,0,True,72,1802,5630,7553,121,8381,14241,0,0,,,,17890,,,18.0,1e+20,18,0.0375,0.0336,0.0,0.0096,0.0,0.0,,9.1168,9.1978
freecell-probfreecell-5-1,0,True,89,2336,7291,9778,151,10921,19794,0,0,,,,33666,,,24.0,1e+20,24,0.0453,0.0502,0.0,0.0158,0.0,0.0,,775.9717,776.0837
freecell-probfreecell-5-2,0,True,91,2330,6883,9364,151,10388,18764,0,0,,,,5132,,,23.0,1e+20,23,0.0699,0.0514,0.0,0.0155,0.0,0.0,,5.8675,6.005
freecell-probfreecell-5-3,0,True,88,2305,6838,9292,149,10383,18509,0,0,,,,0,,,24.0,1e+20,24,0.0484,0.0496,0.0,0.0146,0.0,0.0,,2.8166,2.9298
freecell-probfreecell-5-4,0,True,89,2336,6955,9441,150,10516,18975,0,0,,,,43090,,,23.0,1e+20,23,0.0474,0.0506,0.0,0.0134,0.0,0.0,,28.9124,29.0245
freecell-probfreecell-5-5,2,True,89,2318,6963,9431,150,10540,18927,0,0,,,,60723,,,22.0,1e+20,25,0.047,0.0512,0.0,0.0162,0.0,0.0,,908.1359,908.251
freecell-probfreecell-6-1,2,True,105,2821,8316,11315,178,12729,23709,0,0,,,,21865,,,27.0,1e+20,30,0.0809,0.0691,0.0,0.0163,0.0,0.0,,899.9589,900.1261
freecell-probfreecell-6-2,0,True,107,2840,8261,11280,179,12578,23183,0,0,,,,6165,,,28.0,1e+20,28,0.0619,0.0718,0.0,0.018,0.0,0.0,,11.0722,11.2247
freecell-probfreecell-6-3,0,True,104,2818,8220,11215,177,12608,23442,0,0,,,,0,,,28.0,1e+20,28,0.054,0.0698,0.0,0.0147,0.0,0.0,,2.8222,2.9615
freecell-probfreecell-6-4,0,True,104,2834,8357,11368,177,12737,23846,0,0,,,,12777,,,28.0,1e+20,28,0.0963,0.0696,0.0,0.0222,0.0,0.0,,48.278,48.4669
freecell-probfreecell-6-5,2,True,105,2857,8308,11343,178,12726,23753,0,0,,,,37354,,,28.0,1e+20,32,0.0543,0.0723,0.0,0.017,0.0,0.0,,906.1799,906.3244
freecell-probfreecell-7-1,2,True,121,3361,9597,13164,206,14841,28244,0,0,,,,25149,,,31.0,1e+20,35,0.073,0.0939,0.0,0.0187,0.0,0.0,,899.9663,900.153
freecell-probfreecell-7-2,2,True,121,3349,9515,13070,206,14763,28074,0,0,,,,23382,,,32.039,1e+20,34,0.0783,0.0979,0.0,0.0207,0.0,0.0,,899.909,900.1069
freecell-probfreecell-7-3,0,True,120,3349,9534,13088,205,14762,28180,0,0,,,,0,,,32.0,1e+20,32,0.0671,0.0928,0.0,0.0204,0.0,0.0,,9.0979,9.2797
freecell-probfreecell-7-4,2,True,120,3355,9526,13086,205,14737,28114,0,0,,,,48706,,,33.0,1e+20,35,0.0931,0.0933,0.0,0.0223,0.0,0.0,,899.8432,900.0535
freecell-probfreecell-7-5,2,True,121,3369,9563,13138,206,14805,28212,0,0,,,,21800,,,35.0,1e+20,40,0.0648,0.0933,0.0,0.0204,0.0,0.0,,899.8527,900.032
freecell-probfreecell-8-1,2,True,137,3864,10914,15012,234,16990,32776,0,0,,,,22765,,,37.027,1e+20,43,0.0789,0.1178,0.0,0.0234,0.0,0.0,,909.7376,909.959
freecell-probfreecell-8-2,2,True,135,3452,9462,13147,233,15468,29429,0,0,,,,11903,,,37.0,1e+20,39,0.0784,0.1175,0.0,0.0204,0.0,0.0,,899.8419,900.0594
freecell-probfreecell-8-3,0,True,136,3852,10895,14980,233,16959,32789,0,0,,,,0,,,38.0,1e+20,38,0.0987,0.1268,0.0,0.0212,0.0,0.0,,2.201,2.4488
freecell-probfreecell-8-4,2,True,136,3867,10776,14876,233,16832,32479,0,0,,,,7574,,,38.0,1e+20,42,0.0968,0.1177,0.0,0.0251,0.0,0.0,,899.7901,900.0315
freecell-probfreecell-8-5,2,True,137,3890,10865,14989,234,16947,32778,0,0,,,,13272,,,40.0,1e+20,46,0.078,0.1203,0.0,0.0214,0.0,0.0,,899.8066,900.0273
freecell-probfreecell-9-1,2,True,153,4376,12163,16801,262,19085,37206,0,0,,,,7187,,,42.0,1e+20,49,0.0905,0.15,0.0,0.026,0.0,0.0,,899.806,900.0745
freecell-probfreecell-9-2,2,True,150,3898,10556,14714,260,17360,33290,0,0,,,,4681,,,42.0,1e+20,45,0.0888,0.1501,0.0,0.0245,0.0,0.0,,899.7822,900.0478
freecell-probfreecell-9-3,0,True,152,4373,12196,16830,261,19088,37377,0,0,,,,1079,,,44.0,1e+20,44,0.0901,0.1986,0.0,0.0323,0.0,0.0,,84.0753,84.3982
freecell-probfreecell-9-4,2,True,152,4370,12085,16716,261,18980,37059,0,0,,,,5123,,,44.0,1e+20,48,0.0892,0.1475,0.0,0.0265,0.0,0.0,,899.766,900.0312
freecell-probfreecell-9-5,2,True,153,4402,12184,16848,262,19108,37411,0,0,,,,9699,,,45.0,1e+20,51,0.0895,0.1543,0.0,0.0269,0.0,0.0,,899.7942,900.0662
ged-opt14-strips-d-1-2,0,False,47,102,225,375,48,548,564,0,0,,,,0,,,1.0,1e+20,1,0.0118,0.0005,0.0,0.0048,0.0,0.0,,0.0257,0.0428
ged-opt14-strips-d-1-3,0,False,118,456,1044,1626,126,2327,2748,0,0,,,,0,,,1.0,1e+20,1,0.0115,0.0042,0.0,0.005,0.0,0.0,,0.1734,0.1941
ged-opt14-strips-d-1-4,0,False,47,102,225,375,48,548,564,0,0,,,,0,,,1.0,1e+20,1,0.0123,0.0005,0.0,0.0046,0.0,0.0,,0.0257,0.0432
ged-opt14-strips-d-1-8,0,False,151,630,1449,2239,160,3196,3836,0,0,,,,0,,,1.0,1e+20,1,0.0296,0.0071,0.0,0.0048,0.0,0.0,,0.1623,0.2039
ged-opt14-strips-d-2-1,0,False,47,102,225,375,48,548,564,0,0,,,,0,,,1.0,1e+20,1,0.0248,0.0005,0.0,0.0028,0.0,0.0,,0.0252,0.0533
ged-opt14-strips-d-2-3,0,False,89,310,705,1111,96,1596,1840,0,0,,,,0,,,1.0,1e+20,1,0.0061,0.0023,0.0,0.0026,0.0,0.0,,0.1002,0.1112
ged-opt14-strips-d-2-4,0,False,64,192,432,694,70,1003,1112,0,0,,,,0,,,1.0,1e+20,1,0.0065,0.0012,0.0,0.0027,0.0,0.0,,0.0451,0.0555
ged-opt14-strips-d-2-8,0,False,230,1062,2457,3759,240,5348,6552,0,0,,,,0,,,1.0,1e+20,1,0.014,0.0172,0.0,0.006,0.0,0.0,,0.7518,0.7891
ged-opt14-strips-d-3-1,0,False,118,456,1044,1626,126,2327,2748,0,0,,,,0,,,1.0,1e+20,1,0.0077,0.0042,0.0,0.0058,0.0,0.0,,0.1249,0.1427
ged-opt14-strips-d-3-2,0,False,89,310,705,1111,96,1596,1840,0,0,,,,0,,,1.0,1e+20,1,0.0086,0.0023,0.0,0.0129,0.0,0.0,,0.1023,0.1262
ged-opt14-strips-d-3-4,0,False,150,630,1449,2239,160,3196,3836,0,0,,,,0,,,1.0,1e+20,1,0.0115,0.007,0.0,0.007,0.0,0.0,,0.2659,0.2915
ged-opt14-strips-d-4-2,0,False,64,192,432,694,70,1003,1112,0,0,,,,0,,,1.0,1e+20,1,0.0089,0.0012,0.0,0.0024,0.0,0.0,,0.0449,0.0574
ged-opt14-strips-d-4-3,0,False,150,630,1449,2239,160,3196,3836,0,0,,,,0,,,1.0,1e+20,1,0.0101,0.0072,0.0,0.0044,0.0,0.0,,0.288,0.3097
ged-opt14-strips-d-4-8,0,False,230,1062,2457,3759,240,5348,6552,0,0,,,,0,,,1.0,1e+20,1,0.0139,0.0173,0.0,0.0077,0.0,0.0,,0.5448,0.5837
ged-opt14-strips-d-7-5,0,False,151,630,1449,2239,160,3196,3836,0,0,,,,0,,,1.0,1e+20,1,0.0145,0.0071,0.0,0.0145,0.0,0.0,,0.1749,0.211
ged-opt14-strips-d-7-6,0,False,119,456,1044,1626,126,2327,2748,0,0,,,,0,,,0.0,1e+20,0,0.0084,0.0043,0.0,0.0038,0.0,0.0,,0.1156,0.1322
ged-opt14-strips-d-8-1,0,False,151,630,1449,2239,160,3196,3836,0,0,,,,0,,,1.0,1e+20,1,0.0294,0.007,0.0,0.0048,0.0,0.0,,0.1697,0.211
ged-opt14-strips-d-8-2,0,False,230,1062,2457,3759,240,5348,6552,0,0,,,,0,,,1.0,1e+20,1,0.0166,0.017,0.0,0.0074,0.0,0.0,,0.7588,0.7999
ged-opt14-strips-d-8-4,0,False,230,1062,2457,3759,240,5348,6552,0,0,,,,0,,,1.0,1e+20,1,0.0205,0.0171,0.0,0.0072,0.0,0.0,,0.7585,0.8033
ged-opt14-strips-d-8-9,0,False,228,1062,2457,3759,240,5348,6552,0,0,,,,0,,,1.0,1e+20,1,0.0325,0.0175,0.0,0.0081,0.0,0.0,,0.6129,0.6712
ged-sat14-strips-d-10-1,0,False,695,3910,9129,13759,720,19476,24616,0,0,,,,0,,,1.0,1e+20,1,0.0476,0.1892,0.0,0.0283,0.0,0.0,,6.608,6.8735
ged-sat14-strips-d-10-2,0,False,694,3910,9129,13759,720,19476,24616,0,0,,,,0,,,1.0,1e+20,1,0.0471,0.1935,0.0,0.0275,0.0,0.0,,5.5211,5.7896
ged-sat14-strips-d-10-3,0,False,769,4392,10260,15450,798,21863,27684,0,0,,,,0,,,1.0,1e+20,1,0.0694,0.2418,0.0,0.0375,0.0,0.0,,9.9969,10.3461
ged-sat14-strips-d-10-4,0,False,696,3910,9129,13759,720,19476,24616,0,0,,,,0,,,1.0,1e+20,1,0.0487,0.1925,0.0,0.033,0.0,0.0,,4.2076,4.4822
ged-sat14-strips-d-10-5,0,False,1024,6006,14049,21111,1056,29852,37968,0,0,,,,0,,,1.0,1e+20,1,0.0878,0.4327,0.0,0.0522,0.0,0.0,,7.846,8.4191
ged-sat14-strips-d-10-6,0,False,1023,6006,14049,21111,1056,29852,37968,0,0,,,,0,,,1.0,1e+20,1,0.0876,0.4331,0.0,0.0538,0.0,0.0,,7.706,8.2809
ged-sat14-strips-d-11-1,0,False,774,4392,10260,15450,798,21863,27684,0,0,,,,0,,,1.0,1e+20,1,0.061,0.2413,0.0,0.0339,0.0,0.0,,8.4248,8.7615
ged-sat14-strips-d-11-3,0,False,772,4392,10260,15450,798,21863,27684,0,0,,,,0,,,1.0,1e+20,1,0.0573,0.2395,0.0,0.0339,0.0,0.0,,5.1723,5.5033
ged-sat14-strips-d-11-5,0,False,937,5440,12720,19126,966,27051,34360,0,0,,,,0,,,1.0,1e+20,1,0.0747,0.3636,0.0,0.0473,0.0,0.0,,12.7456,13.2315
ged-sat14-strips-d-11-6,0,False,851,4902,11457,17239,880,24388,30932,0,0,,,,0,,,1.0,1e+20,1,0.0645,0.2953,0.0,0.0403,0.0,0.0,,7.5359,7.9364
ged-sat14-strips-d-12-11,0,False,854,4902,11457,17239,880,24388,30932,0,0,,,,0,,,1.0,1e+20,1,0.0664,0.2971,0.0,0.0398,0.0,0.0,,6.028,6.4317
ged-sat14-strips-d-12-2,0,False,1217,7222,16905,25375,1248,35868,45724,0,0,,,,0,,,1.0,1e+20,1,0.117,0.6234,0.0,0.0699,0.0,0.0,,8.3262,9.1372
ged-sat14-strips-d-12-3,0,False,1316,7872,18432,27654,1350,39083,49872,0,0,,,,0,,,1.0,1e+20,1,0.1419,0.7395,0.0,0.0814,0.0,0.0,,14.2918,15.2554
ged-sat14-strips-d-12-5,0,False,1420,8550,20025,30031,1456,42436,54200,0,0,,,,0,,,1.0,1e+20,1,0.1542,0.8632,0.0,0.0959,0.0,0.0,,11.2616,12.3759
ged-sat14-strips-d-12-6,0,False,1213,7222,16905,25375,1248,35868,45724,0,0,,,,0,,,1.0,1e+20,1,0.138,0.6255,0.0,0.0711,0.0,0.0,,9.2274,10.0628
ged-sat14-strips-d-12-7,0,False,1315,7872,18432,27654,1350,39083,49872,0,0,,,,0,,,1.0,1e+20,1,0.1363,0.7285,0.0,0.0849,0.0,0.0,,15.7859,16.7364
ged-sat14-strips-d-12-8,0,False,1530,9256,21684,32506,1566,45927,58708,0,0,,,,0,,,1.0,1e+20,1,0.1914,0.996,0.0,0.1126,0.0,0.0,,11.5517,12.8527
ged-sat14-strips-d-12-9,0,False,1528,9256,21684,32506,1566,45927,58708,0,0,,,,0,,,1.0,1e+20,1,0.1913,0.9956,0.0,0.1126,0.0,0.0,,10.0723,11.3729
ged-sat14-strips-d-3-6,0,False,775,4392,10260,15450,798,21863,27684,0,0,,,,0,,,1.0,1e+20,1,0.0764,0.2425,0.0,0.0341,0.0,0.0,,5.8584,6.2118
ged-sat14-strips-d-9-5,0,False,856,4902,11457,17239,880,24388,30932,0,0,,,,0,,,1.0,1e+20,1,0.0654,0.2998,0.0,0.0394,0.0,0.0,,10.548,10.9529
grid-prob01,0,True,42,105,109,265,51,289,157,0,0,,,,0,,,10.0,1e+20,10,0.0181,0.0068,0.0,0.0031,0.0,0.0,,0.0166,0.0447
grid-prob02,0,True,63,204,212,490,74,506,316,0,0,,,,4192,,,20.0,1e+20,20,0.0296,0.0229,0.0,0.0024,0.0,0.0,,0.589,0.6442
grid-prob03,0,True,95,240,248,602,114,666,354,0,0,,,,521,,,26.0,1e+20,26,0.0582,0.0521,0.0,0.0039,0.0,0.0,,0.1003,0.215
grid-prob04,0,True,105,419,439,977,119,948,674,0,0,,,,4226,,,23.0,1e+20,23,0.108,0.0715,0.0,0.0023,0.0,0.0,,0.526,0.7091
grid-prob05,0,True,158,447,457,1096,192,1220,688,0,0,,,,4111,,,50.0,1e+20,50,0.1654,0.2046,0.0,0.0035,0.0,0.0,,4.5674,4.9425
gripper-prob01,0,True,8,16,25,59,17,54,16,0,0,,,,0,,,9.0,1e+20,9,0.0071,0.0001,0.0,0.0037,0.0,0.0,,0.002,0.0129
gripper-prob02,0,True,12,24,37,87,25,80,24,0,0,,,,0,,,13.0,1e+20,13,0.0049,0.0001,0.0,0.0018,0.0,0.0,,0.0017,0.0085
gripper-prob03,0,True,16,32,49,115,33,106,32,0,0,,,,0,,,17.0,1e+20,17,0.0056,0.0002,0.0,0.0028,0.0,0.0,,0.0019,0.0105
gripper-prob04,0,True,20,40,61,143,41,132,40,0,0,,,,0,,,21.0,1e+20,21,0.0061,0.0002,0.0,0.0021,0.0,0.0,,0.0023,0.0107
gripper-prob05,0,True,24,48,73,171,49,158,48,0,0,,,,0,,,25.0,1e+20,25,0.0154,0.0003,0.0,0.0183,0.0,0.0,,0.004,0.038
gripper-prob06,0,True,28,56,85,199,57,184,56,0,0,,,,0,,,29.0,1e+20,29,0.007,0.0004,0.0,0.0027,0.0,0.0,,0.0027,0.0128
gripper-prob07,0,True,32,64,97,227,65,210,64,0,0,,,,0,,,33.0,1e+20,33,0.0256,0.0005,0.0,0.0038,0.0,0.0,,0.0023,0.0322
gripper-prob08,0,True,36,72,109,255,73,236,72,0,0,,,,0,,,37.0,1e+20,37,0.0067,0.0006,0.0,0.0043,0.0,0.0,,0.003,0.0146
gripper-prob09,0,True,40,80,121,283,81,262,80,0,0,,,,0,,,41.0,1e+20,41,0.0071,0.0007,0.0,0.0024,0.0,0.0,,0.0032,0.0134
gripper-prob10,0,True,44,88,133,311,89,288,88,0,0,,,,0,,,45.0,1e+20,45,0.0296,0.0008,0.0,0.0036,0.0,0.0,,0.0031,0.0371
gripper-prob11,0,True,48,96,145,339,97,314,96,0,0,,,,0,,,49.0,1e+20,49,0.1002,0.0009,0.0,0.0345,0.0,0.0,,0.004,0.1396
gripper-prob12,0,True,52,104,157,367,105,340,104,0,0,,,,0,,,53.0,1e+20,53,0.0143,0.001,0.0,0.0047,0.0,0.0,,0.0041,0.0243
gripper-prob13,0,True,56,112,169,395,113,366,112,0,0,,,,0,,,57.0,1e+20,57,0.0138,0.0012,0.0,0.0036,0.0,0.0,,0.0036,0.0222
gripper-prob14,0,True,60,120,181,423,121,392,120,0,0,,,,0,,,61.0,1e+20,61,0.0086,0.0013,0.0,0.0025,0.0,0.0,,0.0033,0.0158
gripper-prob15,0,True,64,128,193,451,129,418,128,0,0,,,,0,,,65.0,1e+20,65,0.0071,0.0015,0.0,0.0022,0.0,0.0,,0.0033,0.0142
gripper-prob16,0,True,68,136,205,479,137,444,136,0,0,,,,0,,,69.0,1e+20,69,0.0152,0.0017,0.0,0.0127,0.0,0.0,,0.0043,0.0339
gripper-prob17,0,True,72,144,217,507,145,470,144,0,0,,,,0,,,73.0,1e+20,73,0.0085,0.0018,0.0,0.0064,0.0,0.0,,0.0031,0.02
gripper-prob18,0,True,76,152,229,535,153,496,152,0,0,,,,0,,,77.0,1e+20,77,0.007,0.002,0.0,0.0023,0.0,0.0,,0.0035,0.0148
gripper-prob19,0,True,80,160,241,563,161,522,160,0,0,,,,0,,,81.0,1e+20,81,0.009,0.0023,0.0,0.0038,0.0,0.0,,0.0043,0.0194
gripper-prob20,0,True,84,168,253,591,169,548,168,0,0,,,,0,,,85.0,1e+20,85,0.0113,0.0024,0.0,0.0145,0.0,0.0,,0.0042,0.0326
hiking-agl14-strips-testing-3-4-3,0,True,17,381,1497,1913,35,1671,651,0,0,,,,0,,,9.0,1e+20,9,0.0274,0.0097,0.0,0.0031,0.0,0.0,,0.192,0.2325
hiking-agl14-strips-testing-3-4-4,0,True,24,570,2244,2865,51,2517,1017,0,0,,,,0,,,13.0,1e+20,13,0.0363,0.0339,0.0,0.0066,0.0,0.0,,0.1167,0.1938
hiking-agl14-strips-testing-3-4-5,0,True,31,759,2991,3817,67,3363,1383,0,0,,,,0,,,17.0,1e+20,17,0.0702,0.0783,0.0,0.0115,0.0,0.0,,0.1451,0.3059
hiking-agl14-strips-testing-3-4-6,0,True,38,948,3738,4769,83,4219,2904,0,0,,,,0,,,21.0,1e+20,21,0.1062,0.1372,0.0,0.027,0.0,0.0,,0.2699,0.5416
hiking-agl14-strips-testing-3-4-7,0,True,45,1137,4485,5721,99,5055,2115,0,0,,,,0,,,25.0,1e+20,25,0.1168,0.2907,0.0,0.0067,0.0,0.0,,0.6138,1.0299
hiking-agl14-strips-testing-3-4-8,0,True,52,1326,5232,6673,115,5901,2481,0,0,,,,0,,,29.0,1e+20,29,0.1564,0.4996,0.0,0.0073,0.0,0.0,,0.7768,1.4427
hiking-agl14-strips-testing-3-4-9,0,True,59,1515,5979,7625,131,6763,4695,0,0,,,,0,,,33.0,1e+20,33,0.1736,0.6916,0.0,0.0095,0.0,0.0,,0.8777,1.7558
hiking-agl14-strips-testing-4-5-3,0,True,22,1156,4580,5782,46,4862,2528,0,0,,,,0,,,11.0,1e+20,11,0.0419,0.0441,0.0,0.0064,0.0,0.0,,0.2479,0.3411
hiking-agl14-strips-testing-4-5-4,0,True,31,1732,6868,8667,67,7301,2220,0,0,,,,0,,,16.0,1e+20,16,0.0999,0.1979,0.0,0.0066,0.0,0.0,,0.3858,0.6918
hiking-agl14-strips-testing-4-5-5,0,True,40,2308,9156,11552,88,9744,3008,0,0,,,,0,,,21.0,1e+20,21,0.1271,0.4949,0.0,0.0092,0.0,0.0,,0.5047,1.1386
hiking-agl14-strips-testing-4-5-6,0,True,49,2884,11444,14437,109,12197,6536,0,0,,,,0,,,26.0,1e+20,26,0.1987,0.8809,0.0,0.0124,0.0,0.0,,1.2092,2.3055
hiking-agl14-strips-testing-4-5-7,0,True,58,3460,13732,17322,130,14642,7872,0,0,,,,0,,,31.0,1e+20,31,0.3026,1.6776,0.0,0.0135,0.0,0.0,,1.9845,3.9848
hiking-agl14-strips-testing-4-5-8,0,True,67,4036,16020,20207,151,17073,5372,0,0,,,,0,,,36.0,1e+20,36,0.3849,3.6936,0.0,0.0152,0.0,0.0,,2.1506,6.2595
hiking-agl14-strips-testing-4-5-9,0,True,76,4612,18308,23092,172,19516,6160,0,0,,,,0,,,41.0,1e+20,41,0.5038,6.0947,0.0,0.0194,0.0,0.0,,3.5105,10.1514
hiking-agl14-strips-testing-5-6-3,0,True,27,2755,10955,13767,57,11365,4785,0,0,,,,0,,,13.0,1e+20,13,0.1069,0.1898,0.0,0.013,0.0,0.0,,0.5885,0.8999
hiking-agl14-strips-testing-5-6-4,0,True,38,4130,16430,20643,83,17065,7290,0,0,,,,0,,,19.0,1e+20,19,0.1712,0.7295,0.0,0.0152,0.0,0.0,,1.0302,1.9501
hiking-agl14-strips-testing-5-6-5,0,True,49,5505,21905,27519,109,22757,5535,0,0,,,,0,,,25.0,1e+20,25,0.3077,2.4531,0.0,0.0202,0.0,0.0,,1.1403,3.9288
hiking-agl14-strips-testing-5-6-6,0,True,60,6880,27380,34395,135,28475,17625,0,0,,,,0,,,31.0,1e+20,31,0.4515,4.0143,0.0,0.0261,0.0,0.0,,4.9712,9.4741
hiking-agl14-strips-testing-5-6-7,0,True,71,8255,32855,41271,161,34189,27585,0,0,,,,0,,,37.0,1e+20,37,0.6439,8.4651,0.0,0.0361,0.0,0.0,,15.9569,25.1178
hiking-agl14-strips-testing-5-6-8,0,True,82,9630,38330,48147,187,39851,9855,0,0,,,,0,,,43.0,1e+20,43,0.9023,19.1638,0.0,0.0415,0.0,0.0,,12.7359,32.8642
hiking-opt14-strips-ptesting-1-2-3,0,True,4,9,35,59,13,73,31,0,0,,,,0,,,5.0,1e+20,5,0.0059,0.0001,0.0,0.0025,0.0,0.0,,0.0045,0.013
hiking-opt14-strips-ptesting-1-2-4,0,True,6,7,34,63,19,89,36,0,0,,,,0,,,7.0,1e+20,7,0.0081,0.0003,0.0,0.0022,0.0,0.0,,0.0053,0.016
hiking-opt14-strips-ptesting-1-2-5,0,True,8,17,69,115,25,153,71,0,0,,,,0,,,9.0,1e+20,9,0.0079,0.0005,0.0,0.0025,0.0,0.0,,0.0079,0.0188
hiking-opt14-strips-ptesting-1-2-7,0,True,12,13,67,123,37,185,81,0,0,,,,0,,,13.0,1e+20,13,0.0287,0.0014,0.0,0.0043,0.0,0.0,,0.0079,0.0423
hiking-opt14-strips-ptesting-1-2-8,0,True,14,15,78,143,43,217,96,0,0,,,,0,,,15.0,1e+20,15,0.0085,0.002,0.0,0.0014,0.0,0.0,,0.0073,0.0193
hiking-opt14-strips-ptesting-2-2-3,0,True,10,58,218,298,22,306,84,0,0,,,,0,,,7.0,1e+20,7,0.0267,0.001,0.0,0.0016,0.0,0.0,,0.0097,0.039
hiking-opt14-strips-ptesting-2-2-4,0,True,14,86,326,444,32,466,144,0,0,,,,0,,,10.0,1e+20,10,0.0148,0.0026,0.0,0.0042,0.0,0.0,,0.0447,0.0663
hiking-opt14-strips-ptesting-2-2-5,0,True,18,114,434,590,42,626,204,0,0,,,,0,,,13.0,1e+20,13,0.0167,0.0057,0.0,0.0039,0.0,0.0,,0.0322,0.0587
hiking-opt14-strips-ptesting-2-2-6,0,True,22,202,722,976,52,976,684,0,0,,,,0,,,16.0,1e+20,16,0.02,0.0091,0.0,0.0028,0.0,0.0,,0.0328,0.065
hiking-opt14-strips-ptesting-2-2-7,0,True,26,170,650,882,62,946,324,0,0,,,,0,,,19.0,1e+20,19,0.0232,0.019,0.0,0.004,0.0,0.0,,0.0354,0.082
hiking-opt14-strips-ptesting-2-2-8,0,True,30,282,1010,1364,72,1372,972,0,0,,,,0,,,22.0,1e+20,22,0.0466,0.0237,0.0,0.0039,0.0,0.0,,0.0493,0.1239
hiking-opt14-strips-ptesting-2-3-4,0,True,17,122,470,627,35,619,342,0,0,,,,0,,,10.0,1e+20,10,0.0209,0.0039,0.0,0.0038,0.0,0.0,,0.0552,0.0841
hiking-opt14-strips-ptesting-2-3-5,0,True,22,234,842,1122,46,1054,732,0,0,,,,0,,,13.0,1e+20,13,0.0169,0.0086,0.0,0.0025,0.0,0.0,,0.037,0.0653
hiking-opt14-strips-ptesting-2-3-6,0,True,27,202,782,1041,57,1031,264,0,0,,,,0,,,16.0,1e+20,16,0.0405,0.0195,0.0,0.0057,0.0,0.0,,0.0311,0.0971
hiking-opt14-strips-ptesting-2-3-7,0,True,32,242,938,1248,68,1252,720,0,0,,,,0,,,19.0,1e+20,19,0.0286,0.0262,0.0,0.0025,0.0,0.0,,0.0435,0.1011
hiking-opt14-strips-ptesting-2-4-3,0,True,14,106,410,542,26,502,84,0,0,,,,0,,,7.0,1e+20,7,0.0337,0.0023,0.0,0.0124,0.0,0.0,,0.0163,0.0647
hiking-opt14-strips-ptesting-2-4-4,0,True,20,158,614,810,38,769,414,0,0,,,,0,,,10.0,1e+20,10,0.0159,0.0057,0.0,0.0027,0.0,0.0,,0.0259,0.0504
hiking-opt14-strips-ptesting-2-4-5,0,True,26,210,818,1078,50,1030,564,0,0,,,,0,,,13.0,1e+20,13,0.0197,0.0127,0.0,0.0022,0.0,0.0,,0.0589,0.0938
hiking-opt14-strips-ptesting-2-4-6,0,True,32,382,1382,1826,62,1666,1164,0,0,,,,0,,,16.0,1e+20,16,0.0311,0.0246,0.0,0.0069,0.0,0.0,,0.0652,0.128
hiking-opt14-strips-ptesting-2-4-7,0,True,38,314,1226,1614,74,1534,324,0,0,,,,0,,,19.0,1e+20,19,0.0369,0.0573,0.0,0.0058,0.0,0.0,,0.0492,0.1497
hiking-sat14-strips-ptesting-1-2-7,0,True,12,13,67,123,37,185,81,0,0,,,,0,,,13.0,1e+20,13,0.0478,0.0014,0.0,0.0088,0.0,0.0,,0.0124,0.0705
hiking-sat14-strips-ptesting-1-2-8,0,True,14,15,78,143,43,217,96,0,0,,,,0,,,15.0,1e+20,15,0.0084,0.002,0.0,0.0029,0.0,0.0,,0.0079,0.0213
hiking-sat14-strips-ptesting-2-2-6,0,True,22,202,722,976,52,976,684,0,0,,,,0,,,16.0,1e+20,16,0.0212,0.0087,0.0,0.0046,0.0,0.0,,0.0329,0.0676
hiking-sat14-strips-ptesting-2-2-7,0,True,26,170,650,882,62,946,324,0,0,,,,0,,,19.0,1e+20,19,0.0442,0.019,0.0,0.0045,0.0,0.0,,0.0336,0.1016
hiking-sat14-strips-ptesting-2-2-8,0,True,30,282,1010,1364,72,1372,972,0,0,,,,0,,,22.0,1e+20,22,0.0262,0.0237,0.0,0.0023,0.0,0.0,,0.0494,0.1019
hiking-sat14-strips-ptesting-2-3-6,0,True,27,202,782,1041,57,1031,264,0,0,,,,0,,,16.0,1e+20,16,0.0213,0.0194,0.0,0.0049,0.0,0.0,,0.0316,0.0776
hiking-sat14-strips-ptesting-2-3-7,0,True,32,242,938,1248,68,1252,720,0,0,,,,0,,,19.0,1e+20,19,0.0294,0.0263,0.0,0.0032,0.0,0.0,,0.0442,0.1034
hiking-sat14-strips-ptesting-2-3-8,0,True,37,282,1094,1455,79,1463,846,0,0,,,,0,,,22.0,1e+20,22,0.037,0.0435,0.0,0.0041,0.0,0.0,,0.0849,0.1702
hiking-sat14-strips-ptesting-2-4-5,0,True,26,210,818,1078,50,1030,564,0,0,,,,0,,,13.0,1e+20,13,0.0313,0.0127,0.0,0.0045,0.0,0.0,,0.0595,0.1083
hiking-sat14-strips-ptesting-2-4-6,0,True,32,382,1382,1826,62,1666,1164,0,0,,,,0,,,16.0,1e+20,16,0.0316,0.0245,0.0,0.0161,0.0,0.0,,0.0662,0.1387
hiking-sat14-strips-ptesting-2-4-7,0,True,38,314,1226,1614,74,1534,324,0,0,,,,0,,,19.0,1e+20,19,0.0584,0.0573,0.0,0.006,0.0,0.0,,0.0495,0.1718
hiking-sat14-strips-ptesting-2-4-8,0,True,44,366,1430,1882,86,1813,1014,0,0,,,,0,,,22.0,1e+20,22,0.0571,0.0655,0.0,0.0037,0.0,0.0,,0.0691,0.1962
hiking-sat14-strips-ptesting-3-3-5,0,True,27,579,2271,2913,63,2639,1827,0,0,,,,0,,,17.0,1e+20,17,0.0569,0.0436,0.0,0.0047,0.0,0.0,,0.1916,0.2976
hiking-sat14-strips-ptesting-3-3-6,0,True,33,948,3513,4539,78,3984,3159,0,0,,,,0,,,21.0,1e+20,21,0.0582,0.0975,0.0,0.0082,0.0,0.0,,0.4248,0.5897
hiking-sat14-strips-ptesting-3-3-7,0,True,39,1137,4215,5445,93,4785,3807,0,0,,,,0,,,25.0,1e+20,25,0.075,0.1773,0.0,0.0079,0.0,0.0,,0.5415,0.8031
hiking-sat14-strips-ptesting-3-3-8,0,True,45,1011,3972,5091,108,4634,3258,0,0,,,,0,,,29.0,1e+20,29,0.1019,0.2568,0.0,0.0046,0.0,0.0,,0.5102,0.8755
hiking-sat14-strips-ptesting-3-4-5,0,True,31,759,2991,3817,67,3363,1383,0,0,,,,0,,,17.0,1e+20,17,0.0499,0.0787,0.0,0.0032,0.0,0.0,,0.3176,0.4503
hiking-sat14-strips-ptesting-3-4-6,0,True,38,948,3738,4769,83,4219,2904,0,0,,,,0,,,21.0,1e+20,21,0.0717,0.1371,0.0,0.0047,0.0,0.0,,0.258,0.473
hiking-sat14-strips-ptesting-3-4-7,0,True,45,1137,4485,5721,99,5067,3501,0,0,,,,0,,,25.0,1e+20,25,0.1181,0.2553,0.0,0.0068,0.0,0.0,,0.5259,0.9081
hiking-sat14-strips-ptesting-3-4-8,0,True,52,1326,5232,6673,115,5901,2481,0,0,,,,0,,,29.0,1e+20,29,0.1693,0.4987,0.0,0.0117,0.0,0.0,,0.7997,1.4821
logistics00-probLOGISTICS-10-0,0,True,0,33,41,123,41,128,46,0,0,,,,0,,,41.0,1e+20,41,0.0293,0.0005,0.0,0.0041,0.0,0.0,,0.0025,0.0363
logistics00-probLOGISTICS-10-1,0,True,0,33,39,117,39,122,44,0,0,,,,0,,,39.0,1e+20,39,0.0073,0.0005,0.0,0.003,0.0,0.0,,0.0024,0.0132
logistics00-probLOGISTICS-11-0,0,True,0,37,45,135,45,144,54,0,0,,,,0,,,45.0,1e+20,45,0.012,0.0006,0.0,0.0062,0.0,0.0,,0.0025,0.0213
logistics00-probLOGISTICS-11-1,0,True,0,46,55,165,55,178,68,0,0,,,,0,,,55.0,1e+20,55,0.011,0.0006,0.0,0.0184,0.0,0.0,,0.0028,0.0328
logistics00-probLOGISTICS-12-0,0,True,0,33,39,117,39,121,43,0,0,,,,0,,,39.0,1e+20,39,0.0074,0.0005,0.0,0.0057,0.0,0.0,,0.0021,0.0158
logistics00-probLOGISTICS-12-1,0,True,0,52,63,189,63,201,75,0,0,,,,0,,,63.0,1e+20,63,0.0068,0.0007,0.0,0.0018,0.0,0.0,,0.0019,0.0113
logistics00-probLOGISTICS-13-0,0,True,63,220,231,577,115,712,366,0,0,,,,0,,,67.0,1e+20,67,0.0081,0.002,0.0,0.0036,0.0,0.0,,0.0272,0.041
logistics00-probLOGISTICS-13-1,0,True,53,183,193,483,97,592,302,0,0,,,,0,,,57.0,1e+20,57,0.0111,0.0018,0.0,0.0029,0.0,0.0,,0.0266,0.0425
logistics00-probLOGISTICS-14-0,0,True,48,162,171,433,91,524,262,0,0,,,,0,,,55.0,1e+20,55,0.0105,0.0018,0.0,0.0022,0.0,0.0,,0.0208,0.0353
logistics00-probLOGISTICS-14-1,0,True,63,216,227,569,115,701,359,0,0,,,,0,,,67.0,1e+20,67,0.0369,0.0021,0.0,0.0056,0.0,0.0,,0.0374,0.0821
logistics00-probLOGISTICS-15-0,0,True,68,233,243,609,123,751,385,0,0,,,,0,,,71.0,1e+20,71,0.0292,0.0024,0.0,0.0058,0.0,0.0,,0.0298,0.0673
logistics00-probLOGISTICS-15-1,0,True,63,219,227,565,111,697,359,0,0,,,,0,,,63.0,1e+20,63,0.0096,0.0022,0.0,0.0035,0.0,0.0,,0.027,0.0423
logistics00-probLOGISTICS-4-0,0,True,0,14,19,57,19,58,20,0,0,,,,0,,,19.0,1e+20,19,0.0053,0.0001,0.0,0.002,0.0,0.0,,0.0014,0.0088
logistics00-probLOGISTICS-4-1,0,True,0,13,17,51,17,51,17,0,0,,,,0,,,17.0,1e+20,17,0.0052,0.0001,0.0,0.0024,0.0,0.0,,0.0015,0.0093
logistics00-probLOGISTICS-4-2,0,True,0,9,13,39,13,39,13,0,0,,,,0,,,13.0,1e+20,13,0.0071,0.0001,0.0,0.0037,0.0,0.0,,0.0023,0.0131
logistics00-probLOGISTICS-5-0,0,True,0,20,25,75,25,78,28,0,0,,,,0,,,25.0,1e+20,25,0.0082,0.0001,0.0,0.0033,0.0,0.0,,0.0019,0.0136
logistics00-probLOGISTICS-5-1,0,True,0,11,15,45,15,44,14,0,0,,,,0,,,15.0,1e+20,15,0.0068,0.0001,0.0,0.003,0.0,0.0,,0.0016,0.0114
logistics00-probLOGISTICS-5-2,0,True,0,6,8,24,8,22,6,0,0,,,,0,,,8.0,1e+20,8,0.0097,0.0001,0.0,0.0033,0.0,0.0,,0.0018,0.015
logistics00-probLOGISTICS-6-0,0,True,0,19,23,69,23,71,25,0,0,,,,0,,,23.0,1e+20,23,0.0075,0.0001,0.0,0.0022,0.0,0.0,,0.002,0.0119
logistics00-probLOGISTICS-6-1,0,True,0,9,13,39,13,38,12,0,0,,,,0,,,13.0,1e+20,13,0.008,0.0001,0.0,0.0021,0.0,0.0,,0.0015,0.0118
logistics00-probLOGISTICS-6-2,0,True,0,19,23,69,23,71,25,0,0,,,,0,,,23.0,1e+20,23,0.0047,0.0001,0.0,0.0012,0.0,0.0,,0.0014,0.0075
logistics00-probLOGISTICS-6-9,0,True,0,16,21,63,21,65,23,0,0,,,,0,,,21.0,1e+20,21,0.0066,0.0001,0.0,0.0045,0.0,0.0,,0.002,0.0133
logistics00-probLOGISTICS-7-0,0,True,0,28,33,99,33,103,37,0,0,,,,0,,,33.0,1e+20,33,0.0151,0.0002,0.0,0.0045,0.0,0.0,,0.0041,0.024
logistics00-probLOGISTICS-7-1,0,True,0,33,39,117,39,124,46,0,0,,,,0,,,39.0,1e+20,39,0.0078,0.0003,0.0,0.0039,0.0,0.0,,0.0022,0.0142
logistics00-probLOGISTICS-8-0,0,True,0,24,29,87,29,89,31,0,0,,,,0,,,29.0,1e+20,29,0.0082,0.0002,0.0,0.0086,0.0,0.0,,0.0031,0.0202
logistics00-probLOGISTICS-8-1,0,True,0,34,41,123,41,129,47,0,0,,,,0,,,41.0,1e+20,41,0.0106,0.0003,0.0,0.004,0.0,0.0,,0.0023,0.0173
logistics00-probLOGISTICS-9-0,0,True,0,27,33,99,33,104,38,0,0,,,,0,,,33.0,1e+20,33,0.0073,0.0003,0.0,0.0036,0.0,0.0,,0.0019,0.0131
logistics00-probLOGISTICS-9-1,0,True,0,24,29,87,29,89,31,0,0,,,,0,,,29.0,1e+20,29,0.0289,0.0003,0.0,0.0036,0.0,0.0,,0.0029,0.0357
logistics98-prob01,0,True,40,118,121,298,56,364,187,0,0,,,,0,,,24.0,1e+20,24,0.0063,0.0008,0.0,0.0021,0.0,0.0,,0.0159,0.025
logistics98-prob02,0,True,96,395,401,915,113,1178,664,0,0,,,,0,,,28.0,1e+20,28,0.0152,0.0032,0.0,0.0085,0.0,0.0,,0.0729,0.0999
logistics98-prob03,0,True,151,718,721,1630,188,2155,1246,0,0,,,,0,,,50.0,1e+20,50,0.0228,0.0114,0.0,0.0042,0.0,0.0,,0.3621,0.4007
logistics98-prob04,0,True,225,1038,1041,2337,255,3067,1771,0,0,,,,66,,,53.0,1e+20,53,0.028,0.0231,0.0,0.0037,0.0,0.0,,0.6426,0.6978
logistics98-prob05,0,True,11,31,32,93,29,86,25,0,0,,,,0,,,22.0,1e+20,22,0.0274,0.0005,0.0,0.0073,0.0,0.0,,0.007,0.0423
logistics98-prob06,0,True,231,710,712,1689,265,2156,1179,0,0,,,,0,,,65.0,1e+20,65,0.0624,0.0311,0.0,0.0034,0.0,0.0,,0.141,0.2383
logistics98-prob07,0,True,150,781,788,1744,168,2301,1345,0,0,,,,0,,,29.0,1e+20,29,0.015,0.0083,0.0,0.004,0.0,0.0,,0.1749,0.2023
logistics98-prob08,0,True,233,1067,1069,2389,251,3189,1869,0,0,,,,0,,,37.0,1e+20,37,0.0327,0.0275,0.0,0.0035,0.0,0.0,,1.1679,1.232
logistics98-prob09,0,True,372,1372,1375,3155,405,4028,2248,0,0,,,,0,,,75.0,1e+20,75,0.3607,0.069,0.0,0.0063,0.0,0.0,,0.697,1.1334
logistics98-prob10,0,True,463,2749,2769,6063,525,8463,5169,0,0,,,,707,,,93.0,1e+20,93,0.0842,0.0918,0.0,0.0115,0.0,0.0,,13.28,13.4679
logistics98-prob11,0,True,133,351,351,845,143,931,437,0,0,,,,0,,,27.0,1e+20,27,0.0159,0.0053,0.0,0.0038,0.0,0.0,,0.0709,0.0961
logistics98-prob12,0,True,490,2687,2688,5880,504,7846,4654,0,0,,,,63,,,37.0,1e+20,37,0.1262,0.138,0.0,0.0092,0.0,0.0,,1.2638,1.5384
logistics98-prob13,0,True,551,4372,4377,9351,597,12999,8025,0,0,,,,1835,,,65.0,1e+20,65,0.3819,0.2032,0.0,0.2883,0.0,0.0,,67.1852,68.0601
logistics98-prob14,0,True,441,2778,2780,6035,475,8156,4901,0,0,,,,79,,,80.0,1e+20,80,0.114,0.0913,0.0,0.0144,0.0,0.0,,4.9499,5.1701
logistics98-prob15,0,True,182,663,667,1571,237,1947,1043,0,0,,,,15,,,82.0,1e+20,82,0.0164,0.0105,0.0,0.0037,0.0,0.0,,0.2403,0.271
logistics98-prob16,0,True,411,2287,2287,5005,431,6622,3904,0,0,,,,19,,,52.0,1e+20,52,0.0579,0.0635,0.0,0.0105,0.0,0.0,,2.6456,2.7779
logistics98-prob17,0,True,270,792,792,1870,286,2137,1059,0,0,,,,239,,,42.0,1e+20,42,0.0242,0.0172,0.0,0.0048,0.0,0.0,,0.3025,0.349
logistics98-prob18,2,True,1058,11828,11842,24854,1170,35575,22563,0,0,,,,1939,,,147.594,1e+20,152,0.551,0.7059,0.0,0.0494,0.0,0.0,,898.8049,900.1138
logistics98-prob19,0,True,869,4452,4452,9821,917,13071,7702,0,0,,,,201,,,130.0,1e+20,130,0.2593,0.2925,0.0,0.02,0.0,0.0,,9.7117,10.2851
logistics98-prob20,0,True,826,6663,6672,14258,914,19729,12143,0,0,,,,4136,,,128.0,1e+20,128,0.5699,0.5216,0.0,0.0249,0.0,0.0,,300.4132,301.5317
logistics98-prob21,0,True,827,4698,4700,10264,864,13760,8196,0,0,,,,496,,,95.0,1e+20,95,0.3247,0.3473,0.0,0.0189,0.0,0.0,,19.4996,20.1924
logistics98-prob22,2,True,1762,13325,13331,28539,1877,40391,25183,0,0,,,,1944,,,249.35,1e+20,253,2.1339,2.1254,0.0,0.0798,0.0,0.0,,895.6875,900.0316
logistics98-prob23,0,True,324,1311,1313,2995,369,3888,2206,0,0,,,,0,,,99.0,1e+20,99,0.0444,0.0402,0.0,0.0045,0.0,0.0,,0.3304,0.4198
logistics98-prob24,0,True,665,2170,2170,5017,677,6055,3208,0,0,,,,0,,,39.0,1e+20,39,0.1484,0.1836,0.0,0.0078,0.0,0.0,,1.2676,1.6089
logistics98-prob25,2,True,1301,12993,13008,27450,1434,38703,24261,0,0,,,,1351,,,173.526,1e+20,177,2.1957,1.8541,0.0,0.0643,0.0,0.0,,895.9161,900.0339
logistics98-prob26,0,True,1642,5998,6010,13738,1718,19193,11465,0,0,,,,0,,,175.0,1e+20,175,1.0708,1.0383,0.0,0.038,0.0,0.0,,4.7964,6.9461
logistics98-prob27,0,True,1001,5386,5393,11853,1067,16010,9550,0,0,,,,8584,,,135.0,1e+20,135,0.8608,0.7304,0.0,0.0241,0.0,0.0,,329.7562,331.374
logistics98-prob28,0,True,3078,14227,14228,31620,3164,42209,24817,0,0,,,,2163,,,243.0,1e+20,243,11.1562,10.8146,0.0,0.132,0.0,0.0,,298.6827,320.7958
logistics98-prob29,2,True,1953,23446,23462,49036,2112,70663,45089,0,0,,,,119,,,268.798,1e+20,314,2.0132,2.3847,0.0,0.1434,0.0,0.0,,895.5382,900.0847
logistics98-prob30,0,True,1421,4875,4875,11210,1460,14269,7934,0,0,,,,970,,,124.0,1e+20,124,1.8287,1.6765,0.0,0.0266,0.0,0.0,,10.7966,14.333
logistics98-prob31,0,True,13,32,34,90,22,94,38,0,0,,,,0,,,12.0,1e+20,12,0.0406,0.0002,0.0,0.0414,0.0,0.0,,0.0181,0.1004
logistics98-prob32,0,True,12,32,32,88,24,90,34,0,0,,,,0,,,18.0,1e+20,18,0.0065,0.0002,0.0,0.0033,0.0,0.0,,0.0087,0.0188
logistics98-prob33,0,True,22,51,51,141,39,138,48,0,0,,,,0,,,25.0,1e+20,25,0.0092,0.0005,0.0,0.0026,0.0,0.0,,0.0095,0.0219
logistics98-prob34,0,True,99,244,244,602,114,694,336,0,0,,,,0,,,42.0,1e+20,42,0.1841,0.0027,0.0,0.0022,0.0,0.0,,0.0626,0.2516
logistics98-prob35,0,True,19,56,56,156,44,151,51,0,0,,,,0,,,29.0,1e+20,29,0.0084,0.0014,0.0,0.0029,0.0,0.0,,0.0101,0.0228
miconic-s1-0,0,True,0,2,3,9,3,8,2,0,0,,,,0,,,3.0,1e+20,3,0.0065,0.0,0.0,0.0054,0.0,0.0,,0.0038,0.0158
miconic-s1-1,0,True,0,2,3,9,3,8,2,0,0,,,,0,,,3.0,1e+20,3,0.0135,0.0,0.0,0.006,0.0,0.0,,0.0018,0.0213
miconic-s1-2,0,True,0,2,3,9,3,8,2,0,0,,,,0,,,3.0,1e+20,3,0.0107,0.0,0.0,0.0054,0.0,0.0,,0.002,0.0182
miconic-s1-3,0,True,0,2,3,9,3,8,2,0,0,,,,0,,,3.0,1e+20,3,0.0099,0.0,0.0,0.0112,0.0,0.0,,0.0032,0.0244
miconic-s1-4,0,True,0,2,3,9,3,8,2,0,0,,,,0,,,3.0,1e+20,3,0.0135,0.0,0.0,0.0037,0.0,0.0,,0.0022,0.0194
miconic-s10-0,0,True,6,39,39,117,39,107,29,0,0,,,,0,,,33.0,1e+20,33,0.0064,0.0006,0.0,0.0023,0.0,0.0,,0.0019,0.0112
miconic-s10-1,0,True,7,39,39,117,39,105,27,0,0,,,,0,,,32.0,1e+20,32,0.0101,0.0006,0.0,0.005,0.0,0.0,,0.003,0.0187
miconic-s10-2,0,True,8,39,39,117,39,106,28,0,0,,,,0,,,31.0,1e+20,31,0.0061,0.0006,0.0,0.0034,0.0,0.0,,0.0017,0.0119
miconic-s10-3,0,True,5,39,39,117,39,108,30,0,0,,,,0,,,34.0,1e+20,34,0.0057,0.0006,0.0,0.0015,0.0,0.0,,0.0015,0.0094
miconic-s10-4,0,True,7,39,39,117,39,106,28,0,0,,,,0,,,32.0,1e+20,32,0.0263,0.0006,0.0,0.0089,0.0,0.0,,0.0039,0.0398
miconic-s11-0,0,True,7,43,43,129,43,117,31,0,0,,,,0,,,36.0,1e+20,36,0.0351,0.0008,0.0,0.0037,0.0,0.0,,0.0019,0.0415
miconic-s11-1,0,True,9,43,43,129,43,118,32,0,0,,,,0,,,34.0,1e+20,34,0.0082,0.0008,0.0,0.0029,0.0,0.0,,0.0026,0.0145
miconic-s11-2,0,True,6,43,43,129,43,118,32,0,0,,,,0,,,37.0,1e+20,37,0.0058,0.0008,0.0,0.0014,0.0,0.0,,0.0016,0.0096
miconic-s11-3,0,True,6,43,43,129,43,119,33,0,0,,,,0,,,37.0,1e+20,37,0.0062,0.0008,0.0,0.0015,0.0,0.0,,0.0017,0.0102
miconic-s11-4,0,True,9,43,43,129,43,118,32,0,0,,,,0,,,34.0,1e+20,34,0.0083,0.0008,0.0,0.0034,0.0,0.0,,0.0018,0.0144
miconic-s12-0,0,True,7,47,47,141,47,130,36,0,0,,,,0,,,40.0,1e+20,40,0.006,0.001,0.0,0.0033,0.0,0.0,,0.0025,0.0128
miconic-s12-1,0,True,7,47,47,141,47,130,36,0,0,,,,0,,,40.0,1e+20,40,0.0058,0.001,0.0,0.0014,0.0,0.0,,0.0016,0.0098
miconic-s12-2,0,True,8,47,47,141,47,127,33,0,0,,,,0,,,39.0,1e+20,39,0.0081,0.001,0.0,0.0032,0.0,0.0,,0.0021,0.0144
miconic-s12-3,0,True,9,47,47,141,47,128,34,0,0,,,,0,,,38.0,1e+20,38,0.0272,0.001,0.0,0.0043,0.0,0.0,,0.0024,0.035
miconic-s12-4,0,True,6,47,47,141,47,130,36,0,0,,,,0,,,41.0,1e+20,41,0.0452,0.001,0.0,0.0078,0.0,0.0,,0.0033,0.0573
miconic-s13-0,0,True,8,51,51,153,51,140,38,0,0,,,,0,,,43.0,1e+20,43,0.0251,0.0012,0.0,0.0134,0.0,0.0,,0.0028,0.0426
miconic-s13-1,0,True,10,51,51,153,51,141,39,0,0,,,,0,,,41.0,1e+20,41,0.0093,0.0012,0.0,0.0043,0.0,0.0,,0.0033,0.0182
miconic-s13-2,0,True,5,51,51,153,51,141,39,0,0,,,,0,,,46.0,1e+20,46,0.0109,0.0012,0.0,0.0028,0.0,0.0,,0.0021,0.0171
miconic-s13-3,0,True,8,51,51,153,51,141,39,0,0,,,,0,,,43.0,1e+20,43,0.0089,0.0012,0.0,0.0034,0.0,0.0,,0.0021,0.0157
miconic-s13-4,0,True,10,51,51,153,51,140,38,0,0,,,,0,,,41.0,1e+20,41,0.058,0.0012,0.0,0.0096,0.0,0.0,,0.0029,0.0718
miconic-s14-0,0,True,10,55,55,165,55,151,41,0,0,,,,0,,,45.0,1e+20,45,0.2072,0.0015,0.0,0.0122,0.0,0.0,,0.004,0.2248
miconic-s14-1,0,True,8,55,55,165,55,152,42,0,0,,,,0,,,47.0,1e+20,47,0.009,0.0015,0.0,0.0032,0.0,0.0,,0.0018,0.0156
miconic-s14-2,0,True,6,55,55,165,55,151,41,0,0,,,,0,,,49.0,1e+20,49,0.0091,0.0015,0.0,0.0022,0.0,0.0,,0.0019,0.0148
miconic-s14-3,0,True,13,55,55,165,55,151,41,0,0,,,,0,,,42.0,1e+20,42,0.0075,0.0015,0.0,0.0016,0.0,0.0,,0.0016,0.0123
miconic-s14-4,0,True,10,55,55,165,55,151,41,0,0,,,,0,,,45.0,1e+20,45,0.0076,0.0015,0.0,0.0024,0.0,0.0,,0.0016,0.0132
miconic-s15-0,0,True,13,59,59,177,59,162,44,0,0,,,,0,,,46.0,1e+20,46,0.0082,0.0018,0.0,0.0024,0.0,0.0,,0.0017,0.0142
miconic-s15-1,0,True,10,59,59,177,59,160,42,0,0,,,,0,,,49.0,1e+20,49,0.0071,0.0019,0.0,0.0014,0.0,0.0,,0.0017,0.0121
miconic-s15-2,0,True,10,59,59,177,59,161,43,0,0,,,,0,,,49.0,1e+20,49,0.0073,0.0018,0.0,0.0011,0.0,0.0,,0.0016,0.0118
miconic-s15-3,0,True,9,59,59,177,59,163,45,0,0,,,,0,,,50.0,1e+20,50,0.0078,0.0018,0.0,0.0028,0.0,0.0,,0.0023,0.0148
miconic-s15-4,0,True,13,59,59,177,59,161,43,0,0,,,,0,,,46.0,1e+20,46,0.0079,0.0018,0.0,0.0014,0.0,0.0,,0.0024,0.0134
miconic-s16-0,0,True,10,63,63,189,63,174,48,0,0,,,,0,,,53.0,1e+20,53,0.0072,0.0021,0.0,0.0013,0.0,0.0,,0.0017,0.0124
miconic-s16-1,0,True,11,63,63,189,63,173,47,0,0,,,,0,,,52.0,1e+20,52,0.0081,0.0021,0.0,0.002,0.0,0.0,,0.0019,0.0141
miconic-s16-2,0,True,9,63,63,189,63,173,47,0,0,,,,0,,,54.0,1e+20,54,0.0298,0.0021,0.0,0.0032,0.0,0.0,,0.0017,0.0369
miconic-s16-3,0,True,12,63,63,189,63,171,45,0,0,,,,0,,,51.0,1e+20,51,0.0099,0.0021,0.0,0.003,0.0,0.0,,0.0026,0.0177
miconic-s16-4,0,True,10,63,63,189,63,173,47,0,0,,,,0,,,53.0,1e+20,53,0.008,0.0021,0.0,0.0013,0.0,0.0,,0.0019,0.0134
miconic-s17-0,0,True,12,67,67,201,67,184,50,0,0,,,,0,,,55.0,1e+20,55,0.0113,0.0025,0.0,0.0037,0.0,0.0,,0.0025,0.0201
miconic-s17-1,0,True,13,67,67,201,67,184,50,0,0,,,,0,,,54.0,1e+20,54,0.0073,0.0025,0.0,0.0017,0.0,0.0,,0.0017,0.0133
miconic-s17-2,0,True,13,67,67,201,67,184,50,0,0,,,,0,,,54.0,1e+20,54,0.0079,0.0025,0.0,0.0023,0.0,0.0,,0.0044,0.0172
miconic-s17-3,0,True,8,67,67,201,67,184,50,0,0,,,,0,,,59.0,1e+20,59,0.0123,0.0025,0.0,0.0044,0.0,0.0,,0.0029,0.0222
miconic-s17-4,0,True,13,67,67,201,67,184,50,0,0,,,,0,,,54.0,1e+20,54,0.0104,0.0025,0.0,0.0017,0.0,0.0,,0.0027,0.0174
miconic-s18-0,0,True,12,71,71,213,71,196,54,0,0,,,,0,,,59.0,1e+20,59,0.0084,0.003,0.0,0.0024,0.0,0.0,,0.0026,0.0164
miconic-s18-1,0,True,13,71,71,213,71,195,53,0,0,,,,0,,,58.0,1e+20,58,0.0092,0.003,0.0,0.0029,0.0,0.0,,0.0025,0.0177
miconic-s18-2,0,True,13,71,71,213,71,196,54,0,0,,,,0,,,58.0,1e+20,58,0.0085,0.003,0.0,0.0015,0.0,0.0,,0.0022,0.0153
miconic-s18-3,0,True,12,71,71,213,71,195,53,0,0,,,,0,,,59.0,1e+20,59,0.0085,0.003,0.0,0.0025,0.0,0.0,,0.0024,0.0164
miconic-s18-4,0,True,15,71,71,213,71,194,52,0,0,,,,0,,,56.0,1e+20,56,0.0264,0.003,0.0,0.0017,0.0,0.0,,0.0017,0.0328
miconic-s19-0,0,True,13,75,75,225,75,207,57,0,0,,,,0,,,62.0,1e+20,62,0.0482,0.0034,0.0,0.015,0.0,0.0,,0.0029,0.0695
miconic-s19-1,0,True,10,75,75,225,75,207,57,0,0,,,,0,,,65.0,1e+20,65,0.0114,0.0034,0.0,0.0042,0.0,0.0,,0.0028,0.022
miconic-s19-2,0,True,14,75,75,225,75,206,56,0,0,,,,0,,,61.0,1e+20,61,0.0083,0.0035,0.0,0.0021,0.0,0.0,,0.0017,0.0157
miconic-s19-3,0,True,12,75,75,225,75,206,56,0,0,,,,0,,,63.0,1e+20,63,0.0114,0.0034,0.0,0.0032,0.0,0.0,,0.0021,0.0202
miconic-s19-4,0,True,13,75,75,225,75,206,56,0,0,,,,0,,,62.0,1e+20,62,0.0155,0.0034,0.0,0.0059,0.0,0.0,,0.0031,0.0281
miconic-s2-0,0,True,0,7,7,21,7,20,6,0,0,,,,0,,,7.0,1e+20,7,0.0105,0.0001,0.0,0.0066,0.0,0.0,,0.0033,0.0205
miconic-s2-1,0,True,1,7,7,21,7,18,4,0,0,,,,0,,,6.0,1e+20,6,0.0248,0.0,0.0,0.0015,0.0,0.0,,0.0014,0.0277
miconic-s2-2,0,True,1,7,7,21,7,18,4,0,0,,,,0,,,6.0,1e+20,6,0.0058,0.0,0.0,0.0022,0.0,0.0,,0.0016,0.0097
miconic-s2-3,0,True,0,7,7,21,7,20,6,0,0,,,,0,,,7.0,1e+20,7,0.0055,0.0,0.0,0.0012,0.0,0.0,,0.0013,0.008
miconic-s2-4,0,True,1,7,7,21,7,19,5,0,0,,,,0,,,6.0,1e+20,6,0.0245,0.0,0.0,0.0044,0.0,0.0,,0.0027,0.0317
miconic-s20-0,0,True,16,79,79,237,79,218,60,0,0,,,,0,,,63.0,1e+20,63,0.0095,0.0039,0.0,0.0021,0.0,0.0,,0.0021,0.0178
miconic-s20-1,0,True,13,79,79,237,79,217,59,0,0,,,,0,,,66.0,1e+20,66,0.0094,0.004,0.0,0.0017,0.0,0.0,,0.0018,0.017
miconic-s20-2,0,True,17,79,79,237,79,216,58,0,0,,,,0,,,62.0,1e+20,62,0.0097,0.004,0.0,0.0025,0.0,0.0,,0.0022,0.0185
miconic-s20-3,0,True,16,79,79,237,79,218,60,0,0,,,,0,,,63.0,1e+20,63,0.4848,0.004,0.0,0.0902,0.0,0.0,,0.0616,0.6406
miconic-s20-4,0,True,15,79,79,237,79,216,58,0,0,,,,0,,,64.0,1e+20,64,0.0114,0.0041,0.0,0.0033,0.0,0.0,,0.0025,0.0214
miconic-s21-0,0,True,14,83,83,249,83,228,62,0,0,,,,0,,,69.0,1e+20,69,0.0099,0.0046,0.0,0.0021,0.0,0.0,,0.0026,0.0193
miconic-s21-1,0,True,14,83,83,249,83,228,62,0,0,,,,0,,,69.0,1e+20,69,0.0157,0.0047,0.0,0.0036,0.0,0.0,,0.0028,0.027
miconic-s21-2,0,True,14,83,83,249,83,228,62,0,0,,,,0,,,69.0,1e+20,69,0.011,0.0046,0.0,0.0015,0.0,0.0,,0.0026,0.0198
miconic-s21-3,0,True,17,83,83,249,83,227,61,0,0,,,,0,,,66.0,1e+20,66,0.0157,0.0046,0.0,0.0026,0.0,0.0,,0.0022,0.0252
miconic-s21-4,0,True,13,83,83,249,83,227,61,0,0,,,,0,,,70.0,1e+20,70,0.0109,0.0047,0.0,0.0017,0.0,0.0,,0.0018,0.0192
miconic-s22-0,0,True,15,87,87,261,87,239,65,0,0,,,,0,,,72.0,1e+20,72,0.0145,0.0052,0.0,0.0044,0.0,0.0,,0.003,0.0272
miconic-s22-1,0,True,17,87,87,261,87,239,65,0,0,,,,0,,,70.0,1e+20,70,0.0114,0.0054,0.0,0.0023,0.0,0.0,,0.002,0.0214
miconic-s22-2,0,True,16,87,87,261,87,240,66,0,0,,,,0,,,71.0,1e+20,71,0.0138,0.0052,0.0,0.0053,0.0,0.0,,0.0028,0.0273
miconic-s22-3,0,True,12,87,87,261,87,238,64,0,0,,,,0,,,75.0,1e+20,75,0.0129,0.0052,0.0,0.0079,0.0,0.0,,0.0037,0.0298
miconic-s22-4,0,True,16,87,87,261,87,239,65,0,0,,,,0,,,71.0,1e+20,71,0.0107,0.0052,0.0,0.0013,0.0,0.0,,0.0019,0.0193
miconic-s23-0,0,True,16,91,91,273,91,250,68,0,0,,,,0,,,75.0,1e+20,75,0.0128,0.006,0.0,0.0026,0.0,0.0,,0.0019,0.0234
miconic-s23-1,0,True,17,91,91,273,91,250,68,0,0,,,,0,,,74.0,1e+20,74,0.0152,0.0062,0.0,0.004,0.0,0.0,,0.0029,0.0284
miconic-s23-2,0,True,18,91,91,273,91,251,69,0,0,,,,0,,,73.0,1e+20,73,0.0115,0.0059,0.0,0.0032,0.0,0.0,,0.0023,0.023
miconic-s23-3,0,True,20,91,91,273,91,251,69,0,0,,,,0,,,71.0,1e+20,71,0.0122,0.0059,0.0,0.0032,0.0,0.0,,0.0027,0.0242
miconic-s23-4,0,True,17,91,91,273,91,251,69,0,0,,,,0,,,74.0,1e+20,74,0.0195,0.0061,0.0,0.004,0.0,0.0,,0.0029,0.0326
miconic-s24-0,0,True,16,95,95,285,95,262,72,0,0,,,,0,,,79.0,1e+20,79,0.0426,0.0069,0.0,0.0048,0.0,0.0,,0.0025,0.0569
miconic-s24-1,0,True,17,95,95,285,95,262,72,0,0,,,,0,,,78.0,1e+20,78,0.0328,0.0067,0.0,0.0046,0.0,0.0,,0.0026,0.047
miconic-s24-2,0,True,18,95,95,285,95,260,70,0,0,,,,0,,,77.0,1e+20,77,0.0157,0.0067,0.0,0.0025,0.0,0.0,,0.0024,0.0274
miconic-s24-3,0,True,16,95,95,285,95,260,70,0,0,,,,0,,,79.0,1e+20,79,0.0149,0.0067,0.0,0.0019,0.0,0.0,,0.002,0.0257
miconic-s24-4,0,True,18,95,95,285,95,260,70,0,0,,,,0,,,77.0,1e+20,77,0.0575,0.007,0.0,0.0051,0.0,0.0,,0.0029,0.0726
miconic-s25-0,0,True,18,99,99,297,99,273,75,0,0,,,,0,,,81.0,1e+20,81,0.0154,0.0076,0.0,0.0037,0.0,0.0,,0.0025,0.0295
miconic-s25-1,0,True,14,99,99,297,99,273,75,0,0,,,,0,,,85.0,1e+20,85,0.4204,0.0076,0.0,0.0631,0.0,0.0,,0.0464,0.5377
miconic-s25-2,0,True,21,99,99,297,99,272,74,0,0,,,,0,,,78.0,1e+20,78,0.0148,0.0077,0.0,0.0032,0.0,0.0,,0.0026,0.0285
miconic-s25-3,0,True,15,99,99,297,99,271,73,0,0,,,,0,,,84.0,1e+20,84,0.0261,0.0076,0.0,0.0047,0.0,0.0,,0.0021,0.0407
miconic-s25-4,0,True,17,99,99,297,99,271,73,0,0,,,,0,,,82.0,1e+20,82,0.0149,0.0076,0.0,0.003,0.0,0.0,,0.0038,0.0295
miconic-s26-0,0,True,20,103,103,309,103,283,77,0,0,,,,0,,,83.0,1e+20,83,0.0145,0.0086,0.0,0.0028,0.0,0.0,,0.0019,0.028
miconic-s26-1,0,True,20,103,103,309,103,284,78,0,0,,,,0,,,83.0,1e+20,83,0.0377,0.0086,0.0,0.0034,0.0,0.0,,0.0026,0.0524
miconic-s26-2,0,True,13,103,103,309,103,284,78,0,0,,,,0,,,90.0,1e+20,90,0.0159,0.0086,0.0,0.0028,0.0,0.0,,0.0031,0.0305
miconic-s26-3,0,True,15,103,103,309,103,284,78,0,0,,,,0,,,88.0,1e+20,88,0.0136,0.0086,0.0,0.002,0.0,0.0,,0.0018,0.0262
miconic-s26-4,0,True,21,103,103,309,103,282,76,0,0,,,,0,,,82.0,1e+20,82,0.0165,0.0086,0.0,0.0035,0.0,0.0,,0.0022,0.031
miconic-s27-0,0,True,20,107,107,321,107,293,79,0,0,,,,0,,,87.0,1e+20,87,0.0303,0.0098,0.0,0.0041,0.0,0.0,,0.0033,0.0476
miconic-s27-1,0,True,16,107,107,321,107,294,80,0,0,,,,0,,,91.0,1e+20,91,0.0167,0.0096,0.0,0.0038,0.0,0.0,,0.0023,0.0325
miconic-s27-2,0,True,20,107,107,321,107,294,80,0,0,,,,0,,,87.0,1e+20,87,0.0329,0.0096,0.0,0.007,0.0,0.0,,0.004,0.0537
miconic-s27-3,0,True,18,107,107,321,107,295,81,0,0,,,,0,,,89.0,1e+20,89,0.0171,0.0096,0.0,0.0051,0.0,0.0,,0.0038,0.0358
miconic-s27-4,0,True,19,107,107,321,107,293,79,0,0,,,,0,,,88.0,1e+20,88,0.0151,0.0096,0.0,0.0015,0.0,0.0,,0.0019,0.0282
miconic-s28-0,0,True,17,111,111,333,111,304,82,0,0,,,,0,,,94.0,1e+20,94,0.0183,0.0107,0.0,0.0029,0.0,0.0,,0.0023,0.0344
miconic-s28-1,0,True,19,111,111,333,111,306,84,0,0,,,,0,,,92.0,1e+20,92,0.0153,0.0107,0.0,0.0014,0.0,0.0,,0.0019,0.0295
miconic-s28-2,0,True,18,111,111,333,111,305,83,0,0,,,,0,,,93.0,1e+20,93,0.0203,0.011,0.0,0.0036,0.0,0.0,,0.0027,0.0378
miconic-s28-3,0,True,24,111,111,333,111,305,83,0,0,,,,0,,,87.0,1e+20,87,0.026,0.0112,0.0,0.0034,0.0,0.0,,0.0032,0.044
miconic-s28-4,0,True,19,111,111,333,111,306,84,0,0,,,,0,,,92.0,1e+20,92,0.0175,0.0107,0.0,0.0029,0.0,0.0,,0.0022,0.0335
miconic-s29-0,0,True,21,115,115,345,115,315,85,0,0,,,,0,,,94.0,1e+20,94,0.0245,0.0118,0.0,0.0032,0.0,0.0,,0.0026,0.0423
miconic-s29-1,0,True,24,115,115,345,115,316,86,0,0,,,,0,,,91.0,1e+20,91,0.0563,0.0118,0.0,0.0088,0.0,0.0,,0.0031,0.0803
miconic-s29-2,0,True,20,115,115,345,115,317,87,0,0,,,,0,,,95.0,1e+20,95,0.0163,0.0125,0.0,0.0015,0.0,0.0,,0.0019,0.0323
miconic-s29-3,0,True,19,115,115,345,115,316,86,0,0,,,,0,,,96.0,1e+20,96,0.0159,0.0118,0.0,0.0016,0.0,0.0,,0.0019,0.0314
miconic-s29-4,0,True,16,115,115,345,115,317,87,0,0,,,,0,,,99.0,1e+20,99,0.0196,0.0118,0.0,0.0081,0.0,0.0,,0.0029,0.0426
miconic-s3-0,0,True,1,11,11,33,11,31,9,0,0,,,,0,,,10.0,1e+20,10,0.006,0.0,0.0,0.0027,0.0,0.0,,0.0019,0.0107
miconic-s3-1,0,True,1,11,11,33,11,31,9,0,0,,,,0,,,10.0,1e+20,10,0.0107,0.0,0.0,0.005,0.0,0.0,,0.0024,0.0182
miconic-s3-2,0,True,2,11,11,33,11,28,6,0,0,,,,0,,,9.0,1e+20,9,0.0054,0.0001,0.0,0.0027,0.0,0.0,,0.0016,0.0098
miconic-s3-3,0,True,2,11,11,33,11,29,7,0,0,,,,0,,,9.0,1e+20,9,0.0082,0.0,0.0,0.006,0.0,0.0,,0.0025,0.0168
miconic-s3-4,0,True,2,11,11,33,11,28,6,0,0,,,,0,,,9.0,1e+20,9,0.0065,0.0001,0.0,0.0019,0.0,0.0,,0.0017,0.0101
miconic-s30-0,0,True,24,119,119,357,119,327,89,0,0,,,,0,,,95.0,1e+20,95,0.0173,0.0132,0.0,0.0031,0.0,0.0,,0.0019,0.0357
miconic-s30-1,0,True,21,119,119,357,119,327,89,0,0,,,,0,,,98.0,1e+20,98,0.0174,0.0135,0.0,0.0024,0.0,0.0,,0.0023,0.0359
miconic-s30-2,0,True,23,119,119,357,119,326,88,0,0,,,,0,,,96.0,1e+20,96,0.0164,0.0133,0.0,0.0014,0.0,0.0,,0.0019,0.0331
miconic-s30-3,0,True,19,119,119,357,119,327,89,0,0,,,,0,,,100.0,1e+20,100,0.0359,0.0131,0.0,0.0017,0.0,0.0,,0.0019,0.0529
miconic-s30-4,0,True,20,119,119,357,119,326,88,0,0,,,,0,,,99.0,1e+20,99,0.0197,0.0138,0.0,0.0042,0.0,0.0,,0.0026,0.0406
miconic-s4-0,0,True,1,15,15,45,15,42,12,0,0,,,,0,,,14.0,1e+20,14,0.0107,0.0001,0.0,0.0046,0.0,0.0,,0.0019,0.0174
miconic-s4-1,0,True,2,15,15,45,15,40,10,0,0,,,,0,,,13.0,1e+20,13,0.0051,0.0001,0.0,0.0013,0.0,0.0,,0.0014,0.0079
miconic-s4-2,0,True,1,15,15,45,15,41,11,0,0,,,,0,,,14.0,1e+20,14,0.0083,0.0001,0.0,0.0037,0.0,0.0,,0.0016,0.0138
miconic-s4-3,0,True,1,15,15,45,15,41,11,0,0,,,,0,,,14.0,1e+20,14,0.0062,0.0001,0.0,0.0038,0.0,0.0,,0.0023,0.0123
miconic-s4-4,0,True,0,15,15,45,15,42,12,0,0,,,,0,,,15.0,1e+20,15,0.0087,0.0002,0.0,0.0024,0.0,0.0,,0.0016,0.0129
miconic-s5-0,0,True,2,19,19,57,19,53,15,0,0,,,,0,,,17.0,1e+20,17,0.0051,0.0001,0.0,0.0014,0.0,0.0,,0.0015,0.0081
miconic-s5-1,0,True,3,19,19,57,19,50,12,0,0,,,,0,,,16.0,1e+20,16,0.0061,0.0001,0.0,0.0019,0.0,0.0,,0.0015,0.0096
miconic-s5-2,0,True,5,19,19,57,19,50,12,0,0,,,,0,,,14.0,1e+20,14,0.0088,0.0001,0.0,0.0044,0.0,0.0,,0.0017,0.015
miconic-s5-3,0,True,2,19,19,57,19,53,15,0,0,,,,0,,,17.0,1e+20,17,0.0512,0.0001,0.0,0.0059,0.0,0.0,,0.0026,0.0599
miconic-s5-4,0,True,2,19,19,57,19,52,14,0,0,,,,0,,,17.0,1e+20,17,0.0073,0.0001,0.0,0.0023,0.0,0.0,,0.002,0.0118
miconic-s6-0,0,True,5,23,23,69,23,63,17,0,0,,,,0,,,18.0,1e+20,18,0.0053,0.0002,0.0,0.0013,0.0,0.0,,0.0015,0.0083
miconic-s6-1,0,True,4,23,23,69,23,63,17,0,0,,,,0,,,19.0,1e+20,19,0.0049,0.0002,0.0,0.0018,0.0,0.0,,0.0016,0.0085
miconic-s6-2,0,True,4,23,23,69,23,63,17,0,0,,,,0,,,19.0,1e+20,19,0.0055,0.0002,0.0,0.0017,0.0,0.0,,0.0021,0.0096
miconic-s6-3,0,True,5,23,23,69,23,62,16,0,0,,,,0,,,18.0,1e+20,18,0.029,0.0002,0.0,0.0069,0.0,0.0,,0.0026,0.0387
miconic-s6-4,0,True,3,23,23,69,23,63,17,0,0,,,,0,,,20.0,1e+20,20,0.025,0.0002,0.0,0.0018,0.0,0.0,,0.0016,0.0285
miconic-s7-0,0,True,4,27,27,81,27,75,21,0,0,,,,0,,,23.0,1e+20,23,0.0081,0.0003,0.0,0.0041,0.0,0.0,,0.0028,0.0153
miconic-s7-1,0,True,3,27,27,81,27,75,21,0,0,,,,0,,,24.0,1e+20,24,0.0053,0.0003,0.0,0.0026,0.0,0.0,,0.0015,0.0096
miconic-s7-2,0,True,5,27,27,81,27,74,20,0,0,,,,0,,,22.0,1e+20,22,0.0256,0.0003,0.0,0.0029,0.0,0.0,,0.0029,0.0316
miconic-s7-3,0,True,5,27,27,81,27,73,19,0,0,,,,0,,,22.0,1e+20,22,0.0076,0.0003,0.0,0.0052,0.0,0.0,,0.0021,0.0153
miconic-s7-4,0,True,2,27,27,81,27,74,20,0,0,,,,0,,,25.0,1e+20,25,0.0205,0.0003,0.0,0.0341,0.0,0.0,,0.0024,0.0572
miconic-s8-0,0,True,4,31,31,93,31,86,24,0,0,,,,0,,,27.0,1e+20,27,0.0078,0.0003,0.0,0.0068,0.0,0.0,,0.0018,0.0167
miconic-s8-1,0,True,5,31,31,93,31,85,23,0,0,,,,0,,,26.0,1e+20,26,0.0057,0.0004,0.0,0.002,0.0,0.0,,0.0015,0.0096
miconic-s8-2,0,True,6,31,31,93,31,85,23,0,0,,,,0,,,25.0,1e+20,25,0.0054,0.0003,0.0,0.0014,0.0,0.0,,0.0015,0.0087
miconic-s8-3,0,True,4,31,31,93,31,84,22,0,0,,,,0,,,27.0,1e+20,27,0.0309,0.0003,0.0,0.0037,0.0,0.0,,0.0022,0.0372
miconic-s8-4,0,True,5,31,31,93,31,85,23,0,0,,,,0,,,26.0,1e+20,26,0.0099,0.0003,0.0,0.0031,0.0,0.0,,0.0021,0.0155
miconic-s9-0,0,True,5,35,35,105,35,96,26,0,0,,,,0,,,30.0,1e+20,30,0.0152,0.0005,0.0,0.0057,0.0,0.0,,0.0031,0.0245
miconic-s9-1,0,True,6,35,35,105,35,95,25,0,0,,,,0,,,29.0,1e+20,29,0.0085,0.0005,0.0,0.0023,0.0,0.0,,0.0016,0.0129
miconic-s9-2,0,True,6,35,35,105,35,95,25,0,0,,,,0,,,29.0,1e+20,29,0.0058,0.0005,0.0,0.0014,0.0,0.0,,0.0015,0.0091
miconic-s9-3,0,True,4,35,35,105,35,96,26,0,0,,,,0,,,31.0,1e+20,31,0.0072,0.0005,0.0,0.0065,0.0,0.0,,0.0064,0.0206
miconic-s9-4,0,True,8,35,35,105,35,95,25,0,0,,,,0,,,27.0,1e+20,27,0.4011,0.0005,0.0,0.3793,0.0,0.0,,0.0589,0.8398
movie-prob01,0,True,0,5,7,21,7,14,0,0,0,,,,0,,,7.0,1e+20,7,0.0084,0.0,0.0,0.0033,0.0,0.0,,0.0019,0.0137
movie-prob02,0,True,0,5,7,21,7,14,0,0,0,,,,0,,,7.0,1e+20,7,0.0067,0.0,0.0,0.0018,0.0,0.0,,0.0014,0.01
movie-prob03,0,True,0,5,7,21,7,14,0,0,0,,,,0,,,7.0,1e+20,7,0.0051,0.0,0.0,0.0016,0.0,0.0,,0.0016,0.0084
movie-prob04,0,True,0,5,7,21,7,14,0,0,0,,,,0,,,7.0,1e+20,7,0.0116,0.0,0.0,0.0032,0.0,0.0,,0.002,0.0169
movie-prob05,0,True,0,5,7,21,7,14,0,0,0,,,,0,,,7.0,1e+20,7,0.0073,0.0,0.0,0.0015,0.0,0.0,,0.0015,0.0103
movie-prob06,0,True,0,5,7,21,7,14,0,0,0,,,,0,,,7.0,1e+20,7,0.0106,0.0,0.0,0.0041,0.0,0.0,,0.0021,0.0168
movie-prob07,0,True,0,5,7,21,7,14,0,0,0,,,,0,,,7.0,1e+20,7,0.0214,0.0,0.0,0.0036,0.0,0.0,,0.0025,0.0275
movie-prob08,0,True,0,5,7,21,7,14,0,0,0,,,,0,,,7.0,1e+20,7,0.0077,0.0,0.0,0.002,0.0,0.0,,0.0029,0.0127
movie-prob09,0,True,0,5,7,21,7,14,0,0,0,,,,0,,,7.0,1e+20,7,0.0143,0.0,0.0,0.0256,0.0,0.0,,0.0032,0.0432
movie-prob10,0,True,0,5,7,21,7,14,0,0,0,,,,0,,,7.0,1e+20,7,0.0172,0.0001,0.0,0.0077,0.0,0.0,,0.002,0.027
movie-prob11,0,True,0,5,7,21,7,14,0,0,0,,,,0,,,7.0,1e+20,7,0.0252,0.0001,0.0,0.006,0.0,0.0,,0.0021,0.0335
movie-prob12,0,True,0,5,7,21,7,14,0,0,0,,,,0,,,7.0,1e+20,7,0.0162,0.0001,0.0,0.0093,0.0,0.0,,0.0019,0.0274
movie-prob13,0,True,0,5,7,21,7,14,0,0,0,,,,0,,,7.0,1e+20,7,0.0111,0.0001,0.0,0.0079,0.0,0.0,,0.0015,0.0206
movie-prob14,0,True,0,5,7,21,7,14,0,0,0,,,,0,,,7.0,1e+20,7,0.006,0.0002,0.0,0.0042,0.0,0.0,,0.0022,0.0127
movie-prob15,0,True,0,5,7,21,7,14,0,0,0,,,,0,,,7.0,1e+20,7,0.0065,0.0001,0.0,0.003,0.0,0.0,,0.0019,0.0114
movie-prob16,0,True,0,5,7,21,7,14,0,0,0,,,,0,,,7.0,1e+20,7,0.0049,0.0001,0.0,0.0013,0.0,0.0,,0.0013,0.0076
movie-prob17,0,True,0,5,7,21,7,14,0,0,0,,,,0,,,7.0,1e+20,7,0.0091,0.0001,0.0,0.0069,0.0,0.0,,0.0015,0.0175
movie-prob18,0,True,0,5,7,21,7,14,0,0,0,,,,0,,,7.0,1e+20,7,0.0076,0.0001,0.0,0.0056,0.0,0.0,,0.0025,0.0158
movie-prob19,0,True,0,5,7,21,7,14,0,0,0,,,,0,,,7.0,1e+20,7,0.0091,0.0002,0.0,0.0041,0.0,0.0,,0.0017,0.0151
movie-prob20,0,True,0,5,7,21,7,14,0,0,0,,,,0,,,7.0,1e+20,7,0.0063,0.0001,0.0,0.0024,0.0,0.0,,0.0014,0.0103
movie-prob21,0,True,0,5,7,21,7,14,0,0,0,,,,0,,,7.0,1e+20,7,0.0075,0.0002,0.0,0.005,0.0,0.0,,0.0024,0.0152
movie-prob22,0,True,0,5,7,21,7,14,0,0,0,,,,0,,,7.0,1e+20,7,0.0055,0.0001,0.0,0.0021,0.0,0.0,,0.0013,0.009
movie-prob23,0,True,0,5,7,21,7,14,0,0,0,,,,0,,,7.0,1e+20,7,0.0057,0.0001,0.0,0.0015,0.0,0.0,,0.0014,0.0087
movie-prob24,0,True,0,5,7,21,7,14,0,0,0,,,,0,,,7.0,1e+20,7,0.0048,0.0001,0.0,0.0011,0.0,0.0,,0.0013,0.0073
movie-prob25,0,True,0,5,7,21,7,14,0,0,0,,,,0,,,7.0,1e+20,7,0.0072,0.0001,0.0,0.0031,0.0,0.0,,0.0021,0.0125
movie-prob26,0,True,0,5,7,21,7,14,0,0,0,,,,0,,,7.0,1e+20,7,0.0261,0.0001,0.0,0.0055,0.0,0.0,,0.0022,0.0339
movie-prob27,0,True,0,5,7,21,7,14,0,0,0,,,,0,,,7.0,1e+20,7,0.0192,0.0001,0.0,0.0046,0.0,0.0,,0.0022,0.0261
movie-prob28,0,True,0,5,7,21,7,14,0,0,0,,,,0,,,7.0,1e+20,7,0.0121,0.0001,0.0,0.0061,0.0,0.0,,0.0032,0.0216
movie-prob29,0,True,0,5,7,21,7,14,0,0,0,,,,0,,,7.0,1e+20,7,0.0178,0.0001,0.0,0.0068,0.0,0.0,,0.0023,0.027
movie-prob30,0,True,0,5,7,21,7,14,0,0,0,,,,0,,,7.0,1e+20,7,0.0065,0.0001,0.0,0.0017,0.0,0.0,,0.0017,0.01
mprime-prob01,0,True,58,262,509,833,62,982,719,0,0,,,,0,,,5.0,1e+20,5,0.0091,0.0029,0.0,0.0034,0.0,0.0,,0.0503,0.0657
mprime-prob02,0,True,262,1900,3671,5835,264,7348,7494,0,0,,,,0,,,7.0,1e+20,7,0.0254,0.0387,0.0,0.0091,0.0,0.0,,0.7374,0.8109
mprime-prob03,0,True,203,1310,2378,3892,204,5116,4425,0,0,,,,0,,,4.0,1e+20,4,0.0279,0.0221,0.0,0.0061,0.0,0.0,,0.2266,0.283
mprime-prob04,0,True,45,307,611,971,52,1062,780,0,0,,,,0,,,7.0,1e+20,7,0.0114,0.0033,0.0,0.002,0.0,0.0,,0.0634,0.0802
mprime-prob05,0,True,227,1441,2767,4437,229,5687,5721,0,0,,,,304,,,8.0,1e+20,8,0.0247,0.0252,0.0,0.0076,0.0,0.0,,1.0751,1.1328
mprime-prob06,2,True,604,9282,17565,27453,606,35014,36385,0,0,,,,57047,,,8.003,1e+20,11,0.1679,0.4845,0.0,0.0446,0.0,0.0,,906.4975,907.1978
mprime-prob07,0,True,313,993,1537,2844,314,4388,3013,0,0,,,,0,,,5.0,1e+20,5,0.0364,0.0172,0.0,0.0064,0.0,0.0,,0.5272,0.5873
mprime-prob08,0,True,381,3609,6898,10889,382,13989,13847,0,0,,,,38,,,5.0,1e+20,5,0.0852,0.1153,0.0,0.0163,0.0,0.0,,1.7197,1.9373
mprime-prob09,0,True,192,1199,2297,3690,194,4667,4702,0,0,,,,76,,,8.0,1e+20,8,0.0191,0.0202,0.0,0.0077,0.0,0.0,,0.6535,0.7007
mprime-prob10,0,True,1336,22461,42785,66583,1337,86844,97040,0,0,,,,3613,,,7.0,1e+20,7,0.5755,2.3864,0.0,0.1819,0.0,0.0,,295.4156,298.5657
mprime-prob11,0,True,106,366,675,1154,113,1367,953,0,0,,,,0,,,7.0,1e+20,7,0.0479,0.0065,0.0,0.0051,0.0,0.0,,0.0653,0.125
mprime-prob12,0,True,116,682,1336,2135,117,2633,2133,0,0,,,,0,,,5.0,1e+20,5,0.0181,0.0108,0.0,0.0058,0.0,0.0,,0.22,0.2548
mprime-prob13,0,True,1520,23996,45010,70528,1522,93037,106760,0,0,,,,4702,,,11.0,1e+20,11,0.5999,2.615,0.0,0.2467,0.0,0.0,,406.2272,409.6924
mprime-prob14,0,True,1586,30314,57079,88981,1588,116508,132401,0,0,,,,9993,,,9.0,1e+20,9,0.8746,4.1478,0.0,0.3151,0.0,0.0,,879.5898,884.9335
mprime-prob15,0,True,729,14739,28431,43900,730,55606,57688,0,0,,,,689,,,6.0,1e+20,6,0.3289,1.3179,0.0,0.0772,0.0,0.0,,22.8181,24.545
mprime-prob16,0,True,297,2910,5591,8800,299,11233,11444,0,0,,,,0,,,5.0,1e+20,5,0.039,0.0816,0.0,0.0115,0.0,0.0,,0.609,0.7414
mprime-prob17,0,True,721,11447,21370,33539,722,43315,47828,0,0,,,,0,,,4.0,1e+20,4,0.1891,0.5952,0.0,0.0618,0.0,0.0,,5.0101,5.8591
mprime-prob18,2,True,573,9429,18224,28227,574,35374,34982,0,0,,,,45334,,,5.002,1e+20,14,0.205,0.6337,0.0,0.0436,0.0,0.0,,911.4917,912.3763
mprime-prob19,0,True,518,6506,12364,19389,519,25217,27118,0,0,,,,152,,,5.0,1e+20,5,0.1219,0.3096,0.0,0.0311,0.0,0.0,,4.8086,5.2723
mprime-prob20,0,True,529,13079,26055,39664,530,48676,46298,0,0,,,,5107,,,7.0,1e+20,7,0.2688,0.8775,0.0,0.0599,0.0,0.0,,91.1277,92.3368
mprime-prob21,0,True,685,7643,14484,22813,686,29895,33072,0,0,,,,0,,,4.0,1e+20,4,0.1428,0.3638,0.0,0.0431,0.0,0.0,,4.2199,4.7714
mprime-prob22,2,True,1120,22024,42862,66007,1121,85330,93093,0,0,,,,9479,,,4.0,1e+20,9,0.5012,2.1087,0.0,0.1603,0.0,0.0,,897.3699,900.1465
mprime-prob23,0,True,641,8651,16978,26271,642,33480,35027,0,0,,,,34712,,,8.0,1e+20,8,0.1551,0.501,0.0,0.0488,0.0,0.0,,379.9575,380.6649
mprime-prob24,0,True,814,8851,17165,26831,815,34065,35138,0,0,,,,379,,,6.0,1e+20,6,0.2404,0.7547,0.0,0.0518,0.0,0.0,,12.2438,13.2945
mprime-prob25,0,True,41,149,292,483,42,574,434,0,0,,,,0,,,4.0,1e+20,4,0.0061,0.001,0.0,0.0022,0.0,0.0,,0.0321,0.0415
mprime-prob26,0,True,193,1673,3280,5147,194,6325,5884,0,0,,,,249,,,6.0,1e+20,6,0.027,0.0362,0.0,0.0082,0.0,0.0,,1.5011,1.5728
mprime-prob27,0,True,163,2019,3999,6183,165,7613,7031,0,0,,,,0,,,5.0,1e+20,5,0.033,0.0423,0.0,0.0086,0.0,0.0,,0.2864,0.3706
mprime-prob28,0,True,68,287,546,909,76,1129,892,0,0,,,,0,,,7.0,1e+20,7,0.0286,0.0035,0.0,0.0028,0.0,0.0,,0.0535,0.0885
mprime-prob29,0,True,182,1503,2850,4536,183,5609,5340,0,0,,,,0,,,4.0,1e+20,4,0.264,0.0295,0.0,0.0129,0.0,0.0,,0.247,0.5536
mprime-prob30,0,True,348,7304,14354,22008,350,27235,26164,0,0,,,,190,,,8.0,1e+20,8,0.128,0.322,0.0,0.0283,0.0,0.0,,5.0989,5.579
mprime-prob31,0,True,305,2896,5522,8724,306,11463,12166,0,0,,,,0,,,4.0,1e+20,4,0.0359,0.0662,0.0,0.012,0.0,0.0,,0.821,0.9354
mprime-prob32,0,True,186,858,1592,2637,187,3407,3497,0,0,,,,0,,,5.0,1e+20,5,0.017,0.0113,0.0,0.0062,0.0,0.0,,0.3739,0.4086
mprime-prob33,0,True,818,8438,16358,25616,820,33166,35945,0,0,,,,4059,,,8.0,1e+20,8,0.169,0.4914,0.0,0.053,0.0,0.0,,29.215,29.9309
mprime-prob34,0,True,329,2977,5458,8765,330,11351,12453,0,0,,,,0,,,4.0,1e+20,4,0.0351,0.0582,0.0,0.0117,0.0,0.0,,0.603,0.7083
mprime-prob35,0,True,79,370,710,1160,80,1431,1172,0,0,,,,0,,,4.0,1e+20,4,0.0096,0.0039,0.0,0.0024,0.0,0.0,,0.0766,0.0925
mystery-prob01,0,True,36,49,81,171,41,225,129,0,0,,,,0,,,5.0,1e+20,5,0.0265,0.0004,0.0,0.0016,0.0,0.0,,0.0161,0.0446
mystery-prob02,0,True,248,1740,3351,5341,250,6823,7060,0,0,,,,27,,,7.0,1e+20,7,0.0216,0.0317,0.0,0.007,0.0,0.0,,0.9537,1.0143
mystery-prob03,0,True,174,959,1668,2802,175,3952,3552,0,0,,,,0,,,4.0,1e+20,4,0.0517,0.0107,0.0,0.0103,0.0,0.0,,0.2032,0.2761
mystery-prob04,0,True,15,47,91,164,25,184,139,0,0,,,,0,,,7.0,1e+20,7,0.0077,0.0004,0.0,0.005,0.0,0.0,,0.0135,0.0267
mystery-prob05,0,True,182,1007,1902,3096,187,4011,4090,0,0,,,,0,,,8.0,1e+20,8,0.0195,0.0127,0.0,0.0048,0.0,0.0,,0.2758,0.313
mystery-prob06,0,True,463,5568,10140,16173,465,21697,24045,0,0,,,,34359,,,11.0,1e+20,11,0.089,0.1678,0.0,0.029,0.0,0.0,,195.7898,196.0764
mystery-prob07,1,True,0,0,0,0,0,0,0,0,0,,,,0,,,1e+20,1e+20,1e+20,0.0047,0.0,0.0,0.0,0.0,0.0,,0.0,0.0047
mystery-prob08,0,True,211,1471,2671,4356,214,5939,6270,0,0,,,,0,,,5.0,1e+20,5,0.0211,0.0222,0.0,0.0077,0.0,0.0,,0.6844,0.7356
mystery-prob09,0,True,170,996,1887,3055,172,3918,4067,0,0,,,,0,,,8.0,1e+20,8,0.0234,0.0138,0.0,0.007,0.0,0.0,,0.3623,0.4066
mystery-prob10,0,True,1211,17887,34288,53387,1212,70443,79580,0,0,,,,65,,,7.0,1e+20,7,0.4101,1.6302,0.0,0.1395,0.0,0.0,,15.2111,17.3954
mystery-prob11,0,True,78,105,153,344,86,479,300,0,0,,,,0,,,7.0,1e+20,7,0.0072,0.0013,0.0,0.002,0.0,0.0,,0.0157,0.0262
mystery-prob12,0,True,67,249,461,778,68,1019,835,0,0,,,,0,,,5.0,1e+20,5,0.0095,0.0017,0.0,0.0109,0.0,0.0,,0.0815,0.1037
mystery-prob13,0,True,1281,9231,16892,27409,1286,36421,40825,0,0,,,,201,,,11.0,1e+20,11,0.2249,0.6888,0.0,0.0771,0.0,0.0,,9.7474,10.7402
mystery-prob14,0,True,1449,25249,46931,73633,1453,97783,113537,0,0,,,,271,,,9.0,1e+20,9,0.5859,2.7119,0.0,0.2569,0.0,0.0,,32.2134,35.7717
mystery-prob15,0,True,611,9343,17611,27566,612,36189,40596,0,0,,,,493,,,6.0,1e+20,6,0.1209,0.4415,0.0,0.0491,0.0,0.0,,11.157,11.7703
mystery-prob16,0,True,190,1012,1892,3102,197,4077,4197,0,0,,,,0,,,5.0,1e+20,5,0.0174,0.0165,0.0,0.0048,0.0,0.0,,0.184,0.2229
mystery-prob17,0,True,639,8735,16250,25625,640,33839,38193,0,0,,,,0,,,4.0,1e+20,4,0.1512,0.3826,0.0,0.048,0.0,0.0,,3.1742,3.7579
mystery-prob18,1,True,0,0,0,0,0,0,0,0,0,,,,0,,,1e+20,1e+20,1e+20,0.0256,0.0,0.0,0.0,0.0,0.0,,0.0,0.0256
mystery-prob19,0,True,394,3412,6259,10066,395,13361,14689,0,0,,,,172,,,5.0,1e+20,5,0.0429,0.0864,0.0,0.0149,0.0,0.0,,2.2358,2.3805
mystery-prob20,0,True,395,3972,7941,12309,396,15628,15817,0,0,,,,4617,,,7.0,1e+20,7,0.058,0.1237,0.0,0.0213,0.0,0.0,,50.4027,50.606
mystery-prob21,0,True,545,2102,4062,6710,546,8752,8798,0,0,,,,0,,,4.0,1e+20,4,0.0647,0.086,0.0,0.0113,0.0,0.0,,0.3719,0.5344
mystery-prob22,0,True,828,9300,17986,28117,831,36926,40141,0,0,,,,1109,,,10.0,1e+20,10,0.1673,0.5814,0.0,0.0554,0.0,0.0,,17.8259,18.6321
mystery-prob23,0,True,517,3609,7080,11210,521,14699,15516,0,0,,,,485,,,11.0,1e+20,11,0.0553,0.1382,0.0,0.0187,0.0,0.0,,3.4153,3.6279
mystery-prob24,0,True,636,777,1220,2649,652,3683,2608,0,0,,,,0,,,10.0,1e+20,10,0.0359,0.0659,0.0,0.0067,0.0,0.0,,0.0614,0.1704
mystery-prob25,0,True,28,80,154,263,29,329,258,0,0,,,,0,,,4.0,1e+20,4,0.0068,0.0004,0.0,0.0071,0.0,0.0,,0.0212,0.0355
mystery-prob26,0,True,133,758,1446,2338,134,3028,2994,0,0,,,,71,,,6.0,1e+20,6,0.0152,0.009,0.0,0.0054,0.0,0.0,,0.5194,0.5492
mystery-prob27,0,True,124,666,1293,2085,126,2584,2493,0,0,,,,0,,,5.0,1e+20,5,0.0112,0.0068,0.0,0.0065,0.0,0.0,,0.1174,0.1421
mystery-prob28,0,True,51,75,122,257,60,344,224,0,0,,,,0,,,7.0,1e+20,7,0.0252,0.0007,0.0,0.0025,0.0,0.0,,0.0098,0.0383
mystery-prob29,0,True,147,681,1208,2037,148,2653,2756,0,0,,,,0,,,4.0,1e+20,4,0.033,0.0071,0.0,0.0046,0.0,0.0,,0.1496,0.1944
mystery-prob30,0,True,274,2422,4583,7281,276,9244,9849,0,0,,,,98,,,8.0,1e+20,8,0.0472,0.0481,0.0,0.0143,0.0,0.0,,1.5054,1.6153
nomystery-opt11-strips-p01,0,True,33,170,316,531,42,639,483,0,0,,,,0,,,9.0,1e+20,9,0.0065,0.0009,0.0,0.0018,0.0,0.0,,0.0362,0.0454
nomystery-opt11-strips-p02,0,True,93,816,1574,2498,104,2767,2866,0,0,,,,0,,,11.0,1e+20,11,0.031,0.006,0.0,0.0045,0.0,0.0,,0.1827,0.2243
nomystery-opt11-strips-p03,0,True,55,503,993,1569,68,1811,1650,0,0,,,,0,,,13.0,1e+20,13,0.0073,0.0033,0.0,0.0058,0.0,0.0,,0.1052,0.1217
nomystery-opt11-strips-p04,0,True,92,1284,2549,3947,108,4270,4597,0,0,,,,0,,,16.0,1e+20,16,0.0124,0.009,0.0,0.0055,0.0,0.0,,0.4911,0.5182
nomystery-opt11-strips-p05,0,True,169,2884,5758,8838,189,9396,10268,0,0,,,,0,,,20.0,1e+20,20,0.0216,0.03,0.0,0.0101,0.0,0.0,,2.3423,2.4043
nomystery-opt11-strips-p06,0,True,232,4595,9050,13908,255,14883,17447,0,0,,,,0,,,23.0,1e+20,23,0.052,0.0628,0.0,0.0184,0.0,0.0,,13.7187,13.8522
nomystery-opt11-strips-p07,0,True,195,4204,8225,12661,223,13874,16395,0,0,,,,0,,,27.0,1e+20,27,0.0371,0.053,0.0,0.019,0.0,0.0,,4.947,5.0563
nomystery-opt11-strips-p08,0,True,225,5925,11849,18038,254,18379,22782,0,0,,,,0,,,29.0,1e+20,29,0.0469,0.0746,0.0,0.0222,0.0,0.0,,2.6122,2.7563
nomystery-opt11-strips-p09,0,True,252,7590,15178,23061,282,23918,29316,0,0,,,,0,,,31.0,1e+20,31,0.0551,0.1072,0.0,0.0322,0.0,0.0,,19.6014,19.7965
nomystery-opt11-strips-p10,0,True,180,5997,11994,18216,213,18574,23232,0,0,,,,0,,,33.0,1e+20,33,0.0655,0.0669,0.0,0.042,0.0,0.0,,21.4942,21.669
nomystery-opt11-strips-p11,0,True,23,96,175,306,32,376,251,0,0,,,,0,,,9.0,1e+20,9,0.0123,0.0005,0.0,0.0036,0.0,0.0,,0.0197,0.0361
nomystery-opt11-strips-p12,0,True,65,485,913,1478,76,1686,1654,0,0,,,,0,,,11.0,1e+20,11,0.0258,0.0033,0.0,0.005,0.0,0.0,,0.1431,0.1772
nomystery-opt11-strips-p13,0,True,39,295,577,929,52,1091,946,0,0,,,,0,,,13.0,1e+20,13,0.019,0.0017,0.0,0.005,0.0,0.0,,0.0674,0.0933
nomystery-opt11-strips-p14,0,True,65,825,1631,2543,81,2785,2923,0,0,,,,0,,,16.0,1e+20,16,0.0123,0.0052,0.0,0.0061,0.0,0.0,,0.2185,0.2422
nomystery-opt11-strips-p15,0,True,121,1972,3934,6054,141,6468,7004,0,0,,,,0,,,20.0,1e+20,20,0.4535,0.0164,0.0,0.0875,0.0,0.0,,0.8214,1.379
nomystery-opt11-strips-p16,0,True,168,3215,6312,9726,191,10439,12183,0,0,,,,0,,,23.0,1e+20,23,0.0237,0.0369,0.0,0.0111,0.0,0.0,,2.0456,2.1176
nomystery-opt11-strips-p17,0,True,142,2985,5840,9004,170,9899,11625,0,0,,,,0,,,27.0,1e+20,27,0.0422,0.0296,0.0,0.0174,0.0,0.0,,1.0254,1.1149
nomystery-opt11-strips-p18,0,True,165,4245,8489,12938,194,13219,16302,0,0,,,,0,,,29.0,1e+20,29,0.0297,0.0448,0.0,0.0248,0.0,0.0,,4.8442,4.9439
nomystery-opt11-strips-p19,0,True,184,5414,10826,16465,214,17118,20884,0,0,,,,0,,,31.0,1e+20,31,0.0384,0.0633,0.0,0.0183,0.0,0.0,,6.033,6.1533
nomystery-opt11-strips-p20,0,True,132,4269,8538,12984,165,13294,16512,0,0,,,,0,,,33.0,1e+20,33,0.0466,0.0419,0.0,0.0174,0.0,0.0,,4.3367,4.443
nomystery-sat11-strips-p01,0,True,78,816,1619,2535,94,2898,2709,0,0,,,,0,,,16.0,1e+20,16,0.0105,0.0063,0.0,0.009,0.0,0.0,,0.3012,0.3271
nomystery-sat11-strips-p02,0,True,92,1285,2551,3953,110,4277,4600,0,0,,,,0,,,18.0,1e+20,18,0.0164,0.0096,0.0,0.0062,0.0,0.0,,0.3068,0.3392
nomystery-sat11-strips-p03,0,True,169,2885,5760,8844,191,9403,10271,0,0,,,,0,,,22.0,1e+20,22,0.0222,0.0309,0.0,0.0098,0.0,0.0,,1.8492,1.9124
nomystery-sat11-strips-p04,0,True,232,4596,9052,13914,257,14890,17450,0,0,,,,0,,,25.0,1e+20,25,0.0628,0.0641,0.0,0.0335,0.0,0.0,,9.6516,9.8123
nomystery-sat11-strips-p05,0,True,221,4803,9397,14461,251,15830,18737,0,0,,,,0,,,29.0,1e+20,29,0.0567,0.0653,0.0,0.0174,0.0,0.0,,5.3325,5.4722
nomystery-sat11-strips-p06,0,True,225,5926,11851,18044,256,18386,22785,0,0,,,,0,,,31.0,1e+20,31,0.0425,0.0768,0.0,0.022,0.0,0.0,,2.4942,2.6359
nomystery-sat11-strips-p07,0,True,251,7591,15180,23067,284,23925,29319,0,0,,,,0,,,33.0,1e+20,33,0.0757,0.1115,0.0,0.0324,0.0,0.0,,6.8848,7.105
nomystery-sat11-strips-p08,0,True,180,5998,11996,18222,215,18581,23235,0,0,,,,0,,,35.0,1e+20,35,0.0486,0.0684,0.0,0.0201,0.0,0.0,,2.3417,2.4792
nomystery-sat11-strips-p09,0,True,306,10889,21777,33026,346,33729,41669,0,0,,,,0,,,40.0,1e+20,40,0.1041,0.1869,0.0,0.0457,0.0,0.0,,36.8597,37.1974
nomystery-sat11-strips-p10,0,True,242,8178,16126,24603,284,26153,31939,0,0,,,,0,,,41.0,1e+20,41,0.0713,0.1372,0.0,0.0328,0.0,0.0,,44.7273,44.9694
nomystery-sat11-strips-p11,0,True,55,517,1021,1615,71,1863,1697,0,0,,,,0,,,16.0,1e+20,16,0.0087,0.0035,0.0,0.0037,0.0,0.0,,0.1146,0.1305
nomystery-sat11-strips-p12,0,True,65,826,1633,2549,83,2792,2926,0,0,,,,0,,,18.0,1e+20,18,0.0119,0.0053,0.0,0.0085,0.0,0.0,,0.2195,0.2453
nomystery-sat11-strips-p13,0,True,121,1973,3936,6060,143,6475,7007,0,0,,,,0,,,22.0,1e+20,22,0.0235,0.0172,0.0,0.012,0.0,0.0,,0.8166,0.8694
nomystery-sat11-strips-p14,0,True,168,3216,6314,9732,193,10446,12186,0,0,,,,0,,,25.0,1e+20,25,0.0253,0.036,0.0,0.011,0.0,0.0,,5.0083,5.0809
nomystery-sat11-strips-p15,0,True,161,3423,6697,10321,191,11330,13337,0,0,,,,0,,,29.0,1e+20,29,0.0459,0.0387,0.0,0.014,0.0,0.0,,1.178,1.2769
nomystery-sat11-strips-p16,0,True,165,4246,8491,12944,196,13226,16305,0,0,,,,0,,,31.0,1e+20,31,0.0306,0.0465,0.0,0.0151,0.0,0.0,,5.2424,5.335
nomystery-sat11-strips-p17,0,True,183,5415,10828,16471,216,17125,20887,0,0,,,,0,,,33.0,1e+20,33,0.0647,0.0641,0.0,0.0213,0.0,0.0,,21.4281,21.5786
nomystery-sat11-strips-p18,0,True,132,4270,8540,12990,167,13301,16515,0,0,,,,0,,,35.0,1e+20,35,0.0474,0.0439,0.0,0.0162,0.0,0.0,,21.6748,21.7826
nomystery-sat11-strips-p19,0,True,224,7855,15709,23842,264,24381,30025,0,0,,,,0,,,40.0,1e+20,40,0.3206,0.1113,0.0,0.0289,0.0,0.0,,45.8471,46.3087
nomystery-sat11-strips-p20,0,True,178,5874,11582,17691,220,18857,22915,0,0,,,,0,,,41.0,1e+20,41,0.0514,0.0795,0.0,0.0199,0.0,0.0,,3.3494,3.5005
openstacks-opt08-strips-p01,0,False,4,35,55,110,20,163,152,0,0,,,,0,,,1.0,1e+20,1,0.0046,0.0001,0.0,0.0013,0.0,0.0,,0.0034,0.0095
openstacks-opt08-strips-p02,0,False,5,48,78,150,24,223,208,0,0,,,,0,,,1.0,1e+20,1,0.0353,0.0002,0.0,0.0205,0.0,0.0,,0.0068,0.0628
openstacks-opt08-strips-p03,0,False,6,63,105,196,28,295,285,0,0,,,,0,,,1.0,1e+20,1,0.0052,0.0002,0.0,0.0025,0.0,0.0,,0.0043,0.0122
openstacks-opt08-strips-p04,0,False,7,80,136,248,32,379,389,0,0,,,,0,,,1.0,1e+20,1,0.006,0.0003,0.0,0.0017,0.0,0.0,,0.0056,0.0136
openstacks-opt08-strips-p05,0,False,8,99,171,306,36,477,543,0,0,,,,0,,,1.0,1e+20,1,0.0122,0.0004,0.0,0.0038,0.0,0.0,,0.0073,0.0238
openstacks-opt08-strips-p06,0,False,9,120,210,370,40,579,664,0,0,,,,0,,,1.0,1e+20,1,0.0057,0.0005,0.0,0.0028,0.0,0.0,,0.0074,0.0165
openstacks-opt08-strips-p07,0,False,10,143,253,440,44,693,818,0,0,,,,0,,,1.0,1e+20,1,0.0079,0.0006,0.0,0.0022,0.0,0.0,,0.0082,0.019
openstacks-opt08-strips-p08,0,False,11,168,300,516,48,819,1011,0,0,,,,0,,,1.0,1e+20,1,0.0091,0.0007,0.0,0.0052,0.0,0.0,,0.0115,0.0266
openstacks-opt08-strips-p09,0,False,12,195,351,598,52,949,1149,0,0,,,,0,,,1.0,1e+20,1,0.0066,0.0009,0.0,0.0018,0.0,0.0,,0.0124,0.0218
openstacks-opt08-strips-p10,0,False,13,224,406,686,56,1095,1376,0,0,,,,0,,,1.0,1e+20,1,0.008,0.0011,0.0,0.0038,0.0,0.0,,0.0146,0.0275
openstacks-opt08-strips-p11,0,False,14,255,465,780,60,1247,1565,0,0,,,,0,,,1.0,1e+20,1,0.008,0.0013,0.0,0.0061,0.0,0.0,,0.0161,0.0315
openstacks-opt08-strips-p12,0,False,15,288,528,880,64,1409,1766,0,0,,,,0,,,1.0,1e+20,1,0.0085,0.0015,0.0,0.0052,0.0,0.0,,0.0174,0.0326
openstacks-opt08-strips-p13,0,False,16,323,595,986,68,1581,1979,0,0,,,,0,,,1.0,1e+20,1,0.0072,0.0018,0.0,0.0035,0.0,0.0,,0.0185,0.0311
openstacks-opt08-strips-p14,0,False,17,360,666,1098,72,1769,2309,0,0,,,,0,,,1.0,1e+20,1,0.0284,0.002,0.0,0.0036,0.0,0.0,,0.0207,0.0548
openstacks-opt08-strips-p15,0,False,18,399,741,1216,76,1957,2478,0,0,,,,0,,,1.0,1e+20,1,0.0078,0.0023,0.0,0.0032,0.0,0.0,,0.0228,0.0363
openstacks-opt08-strips-p16,0,False,19,440,820,1340,80,2167,2885,0,0,,,,0,,,1.0,1e+20,1,0.0265,0.0027,0.0,0.0094,0.0,0.0,,0.0276,0.0662
openstacks-opt08-strips-p17,0,False,20,483,903,1470,84,2379,3156,0,0,,,,0,,,1.0,1e+20,1,0.008,0.0031,0.0,0.0037,0.0,0.0,,0.0273,0.0421
openstacks-opt08-strips-p18,0,False,21,528,990,1606,88,2605,3525,0,0,,,,0,,,1.0,1e+20,1,0.0224,0.0034,0.0,0.0045,0.0,0.0,,0.0302,0.0605
openstacks-opt08-strips-p19,0,False,22,575,1081,1748,92,2835,3779,0,0,,,,0,,,1.0,1e+20,1,0.0109,0.0038,0.0,0.006,0.0,0.0,,0.0324,0.0531
openstacks-opt08-strips-p20,0,False,23,624,1176,1896,96,3077,4088,0,0,,,,0,,,1.0,1e+20,1,0.0096,0.0044,0.0,0.004,0.0,0.0,,0.0323,0.0503
openstacks-opt08-strips-p21,0,False,24,675,1275,2050,100,3327,4360,0,0,,,,0,,,1.0,1e+20,1,0.0148,0.0047,0.0,0.0064,0.0,0.0,,0.035,0.0609
openstacks-opt08-strips-p22,0,False,25,728,1378,2210,104,3613,5303,0,0,,,,0,,,1.0,1e+20,1,0.019,0.0054,0.0,0.0059,0.0,0.0,,0.0405,0.071
openstacks-opt08-strips-p23,0,False,26,783,1485,2376,108,3873,5352,0,0,,,,0,,,1.0,1e+20,1,0.0121,0.006,0.0,0.0059,0.0,0.0,,0.0406,0.0648
openstacks-opt08-strips-p24,0,False,27,840,1596,2548,112,4153,5664,0,0,,,,0,,,1.0,1e+20,1,0.0129,0.0067,0.0,0.0047,0.0,0.0,,0.0438,0.0682
openstacks-opt08-strips-p25,0,False,28,899,1711,2726,116,4455,6326,0,0,,,,0,,,1.0,1e+20,1,0.0156,0.007,0.0,0.0064,0.0,0.0,,0.0475,0.0766
openstacks-opt08-strips-p26,0,False,29,960,1830,2910,120,4749,6489,0,0,,,,0,,,1.0,1e+20,1,0.0148,0.0079,0.0,0.0059,0.0,0.0,,0.0507,0.0795
openstacks-opt08-strips-p27,0,False,30,1023,1953,3100,124,5081,7502,0,0,,,,0,,,1.0,1e+20,1,0.0201,0.0084,0.0,0.0085,0.0,0.0,,0.0573,0.0945
openstacks-opt08-strips-p28,0,False,31,1088,2080,3296,128,5389,7496,0,0,,,,0,,,1.0,1e+20,1,0.0373,0.0092,0.0,0.0084,0.0,0.0,,0.0572,0.1122
openstacks-opt08-strips-p29,0,False,32,1155,2211,3498,132,5737,8449,0,0,,,,0,,,1.0,1e+20,1,0.0351,0.0102,0.0,0.0085,0.0,0.0,,0.0595,0.1134
openstacks-opt08-strips-p30,0,False,33,1224,2346,3706,136,6065,8441,0,0,,,,0,,,1.0,1e+20,1,0.0165,0.011,0.0,0.0107,0.0,0.0,,0.0632,0.1016
openstacks-opt11-strips-p01,0,False,9,120,210,370,40,579,664,0,0,,,,0,,,1.0,1e+20,1,0.0066,0.0005,0.0,0.0031,0.0,0.0,,0.0068,0.017
openstacks-opt11-strips-p02,0,False,10,143,253,440,44,693,818,0,0,,,,0,,,1.0,1e+20,1,0.0094,0.0006,0.0,0.0025,0.0,0.0,,0.0084,0.0211
openstacks-opt11-strips-p03,0,False,11,168,300,516,48,819,1011,0,0,,,,0,,,1.0,1e+20,1,0.0288,0.0007,0.0,0.0047,0.0,0.0,,0.0122,0.0465
openstacks-opt11-strips-p04,0,False,12,195,351,598,52,949,1149,0,0,,,,0,,,1.0,1e+20,1,0.0067,0.0009,0.0,0.003,0.0,0.0,,0.0131,0.0238
openstacks-opt11-strips-p05,0,False,13,224,406,686,56,1095,1376,0,0,,,,0,,,1.0,1e+20,1,0.0075,0.0011,0.0,0.0041,0.0,0.0,,0.0147,0.0274
openstacks-opt11-strips-p06,0,False,14,255,465,780,60,1247,1565,0,0,,,,0,,,1.0,1e+20,1,0.0093,0.0013,0.0,0.0059,0.0,0.0,,0.0168,0.0333
openstacks-opt11-strips-p07,0,False,15,288,528,880,64,1409,1766,0,0,,,,0,,,1.0,1e+20,1,0.0218,0.0015,0.0,0.0062,0.0,0.0,,0.0192,0.0487
openstacks-opt11-strips-p08,0,False,16,323,595,986,68,1581,1979,0,0,,,,0,,,1.0,1e+20,1,0.0136,0.0017,0.0,0.0079,0.0,0.0,,0.0201,0.0434
openstacks-opt11-strips-p09,0,False,17,360,666,1098,72,1769,2309,0,0,,,,0,,,1.0,1e+20,1,0.0083,0.002,0.0,0.0035,0.0,0.0,,0.021,0.0349
openstacks-opt11-strips-p10,0,False,25,728,1378,2210,104,3613,5303,0,0,,,,0,,,1.0,1e+20,1,0.0313,0.0054,0.0,0.0053,0.0,0.0,,0.0393,0.0814
openstacks-opt11-strips-p11,0,False,18,399,741,1216,76,1957,2478,0,0,,,,0,,,1.0,1e+20,1,0.0111,0.0023,0.0,0.0065,0.0,0.0,,0.0232,0.0432
openstacks-opt11-strips-p12,0,False,19,440,820,1340,80,2167,2885,0,0,,,,0,,,1.0,1e+20,1,0.0134,0.0026,0.0,0.0072,0.0,0.0,,0.0263,0.0497
openstacks-opt11-strips-p13,0,False,20,483,903,1470,84,2379,3156,0,0,,,,0,,,1.0,1e+20,1,0.0107,0.0031,0.0,0.0052,0.0,0.0,,0.0282,0.0472
openstacks-opt11-strips-p14,0,False,21,528,990,1606,88,2605,3525,0,0,,,,0,,,1.0,1e+20,1,0.0112,0.0034,0.0,0.0073,0.0,0.0,,0.0312,0.0532
openstacks-opt11-strips-p15,0,False,22,575,1081,1748,92,2835,3779,0,0,,,,0,,,1.0,1e+20,1,0.0273,0.0039,0.0,0.0049,0.0,0.0,,0.0317,0.068
openstacks-opt11-strips-p16,0,False,24,675,1275,2050,100,3327,4360,0,0,,,,0,,,1.0,1e+20,1,0.0491,0.0049,0.0,0.0103,0.0,0.0,,0.0366,0.101
openstacks-opt11-strips-p17,0,False,23,624,1176,1896,96,3077,4088,0,0,,,,0,,,1.0,1e+20,1,0.0093,0.0043,0.0,0.0045,0.0,0.0,,0.0327,0.0508
openstacks-opt11-strips-p18,0,False,26,783,1485,2376,108,3873,5352,0,0,,,,0,,,1.0,1e+20,1,0.0135,0.006,0.0,0.0071,0.0,0.0,,0.041,0.0677
openstacks-opt11-strips-p19,0,False,27,840,1596,2548,112,4153,5664,0,0,,,,0,,,1.0,1e+20,1,0.0193,0.0063,0.0,0.0057,0.0,0.0,,0.0454,0.0769
openstacks-opt11-strips-p20,0,False,28,899,1711,2726,116,4455,6326,0,0,,,,0,,,1.0,1e+20,1,0.0132,0.0073,0.0,0.0049,0.0,0.0,,0.0468,0.0722
openstacks-opt14-strips-p20_1,0,False,19,440,820,1340,80,2155,2651,0,0,,,,0,,,1.0,1e+20,1,0.0073,0.0027,0.0,0.0031,0.0,0.0,,0.024,0.0372
openstacks-opt14-strips-p20_2,0,False,19,440,820,1340,80,2163,2807,0,0,,,,0,,,1.0,1e+20,1,0.0335,0.0026,0.0,0.0229,0.0,0.0,,0.0271,0.0863
openstacks-opt14-strips-p20_3,0,False,19,440,820,1340,80,2209,3704,0,0,,,,0,,,1.0,1e+20,1,0.0136,0.0027,0.0,0.0048,0.0,0.0,,0.028,0.0491
openstacks-opt14-strips-p25_1,0,False,24,675,1275,2050,100,3323,4262,0,0,,,,0,,,1.0,1e+20,1,0.0209,0.0048,0.0,0.0054,0.0,0.0,,0.0353,0.0664
openstacks-opt14-strips-p25_3,0,False,24,675,1275,2050,100,3403,6222,0,0,,,,0,,,1.0,1e+20,1,0.0097,0.0051,0.0,0.0047,0.0,0.0,,0.0389,0.0585
openstacks-opt14-strips-p30_1,0,False,29,960,1830,2910,120,4733,6017,0,0,,,,0,,,1.0,1e+20,1,0.0349,0.0079,0.0,0.0081,0.0,0.0,,0.0493,0.1003
openstacks-opt14-strips-p30_2,0,False,29,960,1830,2910,120,4743,6312,0,0,,,,0,,,1.0,1e+20,1,0.0256,0.008,0.0,0.006,0.0,0.0,,0.0505,0.0901
openstacks-opt14-strips-p30_3,0,False,29,960,1830,2910,120,4865,9911,0,0,,,,0,,,1.0,1e+20,1,0.0178,0.0078,0.0,0.0096,0.0,0.0,,0.0578,0.0933
openstacks-opt14-strips-p35_1,0,False,34,1295,2485,3920,140,6407,8555,0,0,,,,0,,,1.0,1e+20,1,0.0216,0.0118,0.0,0.009,0.0,0.0,,0.0651,0.1076
openstacks-opt14-strips-p35_2,0,False,34,1295,2485,3920,140,6415,8831,0,0,,,,0,,,1.0,1e+20,1,0.021,0.0119,0.0,0.0088,0.0,0.0,,0.0652,0.107
openstacks-opt14-strips-p35_3,0,False,34,1295,2485,3920,140,6567,14075,0,0,,,,0,,,1.0,1e+20,1,0.0175,0.0127,0.0,0.0094,0.0,0.0,,0.0741,0.1139
openstacks-opt14-strips-p40_1,0,False,39,1680,3240,5080,160,8319,11059,0,0,,,,0,,,1.0,1e+20,1,0.0272,0.0179,0.0,0.029,0.0,0.0,,0.0879,0.1623
openstacks-opt14-strips-p40_2,0,False,39,1680,3240,5080,160,8327,11375,0,0,,,,0,,,1.0,1e+20,1,0.0225,0.018,0.0,0.0082,0.0,0.0,,0.0932,0.1421
openstacks-opt14-strips-p40_3,0,False,39,1680,3240,5080,160,8507,18485,0,0,,,,0,,,1.0,1e+20,1,0.0205,0.0177,0.0,0.0115,0.0,0.0,,0.1081,0.1579
openstacks-opt14-strips-p45_1,0,False,44,2115,4095,6390,180,10481,13883,0,0,,,,0,,,1.0,1e+20,1,0.0392,0.0247,0.0,0.0133,0.0,0.0,,0.1163,0.1939
openstacks-opt14-strips-p45_2,0,False,44,2115,4095,6390,180,10513,15307,0,0,,,,0,,,1.0,1e+20,1,0.8991,0.0249,0.0,0.0202,0.0,0.0,,0.1226,1.0671
openstacks-opt14-strips-p45_3,0,False,44,2115,4095,6390,180,10749,25809,0,0,,,,0,,,1.0,1e+20,1,0.0259,0.0258,0.0,0.0152,0.0,0.0,,0.1441,0.2113
openstacks-opt14-strips-p50_1,0,False,49,2600,5050,7850,200,12901,17423,0,0,,,,0,,,1.0,1e+20,1,0.4874,0.0323,0.0,0.3617,0.0,0.0,,0.4885,1.3702
openstacks-opt14-strips-p50_2,0,False,49,2600,5050,7850,200,12929,18809,0,0,,,,0,,,1.0,1e+20,1,0.0286,0.0331,0.0,0.0122,0.0,0.0,,0.1481,0.2224
openstacks-opt14-strips-p50_3,0,False,49,2600,5050,7850,200,13191,31778,0,0,,,,0,,,1.0,1e+20,1,0.0467,0.034,0.0,0.0174,0.0,0.0,,0.1647,0.2633
openstacks-p01,-3,False,0,0,0,0,0,0,0,0,0,,,,0,,,0.0,1e+20,1e+20,0,0,0,0,0,0,,0,0
openstacks-p02,-3,False,0,0,0,0,0,0,0,0,0,,,,0,,,0.0,1e+20,1e+20,0,0,0,0,0,0,,0,0
openstacks-p03,-3,False,0,0,0,0,0,0,0,0,0,,,,0,,,0.0,1e+20,1e+20,0,0,0,0,0,0,,0,0
openstacks-p04,-3,False,0,0,0,0,0,0,0,0,0,,,,0,,,0.0,1e+20,1e+20,0,0,0,0,0,0,,0,0
openstacks-p05,-3,False,0,0,0,0,0,0,0,0,0,,,,0,,,0.0,1e+20,1e+20,0,0,0,0,0,0,,0,0
openstacks-p06,-3,False,0,0,0,0,0,0,0,0,0,,,,0,,,0.0,1e+20,1e+20,0,0,0,0,0,0,,0,0
openstacks-p07,-3,False,0,0,0,0,0,0,0,0,0,,,,0,,,0.0,1e+20,1e+20,0,0,0,0,0,0,,0,0
openstacks-p08,-3,False,0,0,0,0,0,0,0,0,0,,,,0,,,0.0,1e+20,1e+20,0,0,0,0,0,0,,0,0
openstacks-p09,-3,False,0,0,0,0,0,0,0,0,0,,,,0,,,0.0,1e+20,1e+20,0,0,0,0,0,0,,0,0
openstacks-p10,-3,False,0,0,0,0,0,0,0,0,0,,,,0,,,0.0,1e+20,1e+20,0,0,0,0,0,0,,0,0
openstacks-p11,-3,False,0,0,0,0,0,0,0,0,0,,,,0,,,0.0,1e+20,1e+20,0,0,0,0,0,0,,0,0
openstacks-p12,-3,False,0,0,0,0,0,0,0,0,0,,,,0,,,0.0,1e+20,1e+20,0,0,0,0,0,0,,0,0
openstacks-p13,-3,False,0,0,0,0,0,0,0,0,0,,,,0,,,0.0,1e+20,1e+20,0,0,0,0,0,0,,0,0
openstacks-p14,-3,False,0,0,0,0,0,0,0,0,0,,,,0,,,0.0,1e+20,1e+20,0,0,0,0,0,0,,0,0
openstacks-p15,-3,False,0,0,0,0,0,0,0,0,0,,,,0,,,0.0,1e+20,1e+20,0,0,0,0,0,0,,0,0
openstacks-p16,-3,False,0,0,0,0,0,0,0,0,0,,,,0,,,0.0,1e+20,1e+20,0,0,0,0,0,0,,0,0
openstacks-p17,-3,False,0,0,0,0,0,0,0,0,0,,,,0,,,0.0,1e+20,1e+20,0,0,0,0,0,0,,0,0
openstacks-p18,-3,False,0,0,0,0,0,0,0,0,0,,,,0,,,0.0,1e+20,1e+20,0,0,0,0,0,0,,0,0
openstacks-p19,-3,False,0,0,0,0,0,0,0,0,0,,,,0,,,0.0,1e+20,1e+20,0,0,0,0,0,0,,0,0
openstacks-p20,-3,False,0,0,0,0,0,0,0,0,0,,,,0,,,0.0,1e+20,1e+20,0,0,0,0,0,0,,0,0
openstacks-p21,-3,False,0,0,0,0,0,0,0,0,0,,,,0,,,0.0,1e+20,1e+20,0,0,0,0,0,0,,0,0
openstacks-p22,-3,False,0,0,0,0,0,0,0,0,0,,,,0,,,0.0,1e+20,1e+20,0,0,0,0,0,0,,0,0
openstacks-p23,-3,False,0,0,0,0,0,0,0,0,0,,,,0,,,0.0,1e+20,1e+20,0,0,0,0,0,0,,0,0
openstacks-p24,-3,False,0,0,0,0,0,0,0,0,0,,,,0,,,0.0,1e+20,1e+20,0,0,0,0,0,0,,0,0
openstacks-p25,-3,False,0,0,0,0,0,0,0,0,0,,,,0,,,0.0,1e+20,1e+20,0,0,0,0,0,0,,0,0
openstacks-p26,-3,False,0,0,0,0,0,0,0,0,0,,,,0,,,0.0,1e+20,1e+20,0,0,0,0,0,0,,0,0
openstacks-p27,-3,False,0,0,0,0,0,0,0,0,0,,,,0,,,0.0,1e+20,1e+20,0,0,0,0,0,0,,0,0
openstacks-p28,-3,False,0,0,0,0,0,0,0,0,0,,,,0,,,0.0,1e+20,1e+20,0,0,0,0,0,0,,0,0
openstacks-p29,-3,False,0,0,0,0,0,0,0,0,0,,,,0,,,0.0,1e+20,1e+20,0,0,0,0,0,0,,0,0
openstacks-p30,-3,False,0,0,0,0,0,0,0,0,0,,,,0,,,0.0,1e+20,1e+20,0,0,0,0,0,0,,0,0
openstacks-sat08-strips-p01,0,False,4,35,55,110,20,163,152,0,0,,,,0,,,1.0,1e+20,1,0.0262,0.0001,0.0,0.0024,0.0,0.0,,0.0035,0.0323
openstacks-sat08-strips-p02,0,False,4,35,55,110,20,163,152,0,0,,,,0,,,1.0,1e+20,1,0.0164,0.0001,0.0,0.0146,0.0,0.0,,0.0039,0.035
openstacks-sat08-strips-p03,0,False,4,35,55,110,20,161,143,0,0,,,,0,,,1.0,1e+20,1,0.0266,0.0001,0.0,0.0053,0.0,0.0,,0.0045,0.0366
openstacks-sat08-strips-p04,0,False,9,120,210,370,40,579,664,0,0,,,,0,,,1.0,1e+20,1,0.0058,0.0005,0.0,0.0039,0.0,0.0,,0.0069,0.0171
openstacks-sat08-strips-p05,0,False,9,120,210,370,40,577,645,0,0,,,,0,,,1.0,1e+20,1,0.0077,0.0005,0.0,0.0026,0.0,0.0,,0.0065,0.0173
openstacks-sat08-strips-p06,0,False,9,120,210,370,40,579,664,0,0,,,,0,,,1.0,1e+20,1,0.0232,0.0005,0.0,0.0028,0.0,0.0,,0.0076,0.034
openstacks-sat08-strips-p07,0,False,14,255,465,780,60,1247,1565,0,0,,,,0,,,1.0,1e+20,1,0.0065,0.0013,0.0,0.0042,0.0,0.0,,0.016,0.028
openstacks-sat08-strips-p08,0,False,14,255,465,780,60,1243,1507,0,0,,,,0,,,1.0,1e+20,1,0.007,0.0013,0.0,0.0026,0.0,0.0,,0.0167,0.0276
openstacks-sat08-strips-p09,0,False,14,255,465,780,60,1243,1507,0,0,,,,0,,,1.0,1e+20,1,0.0083,0.0013,0.0,0.0047,0.0,0.0,,0.0164,0.0307
openstacks-sat08-strips-p10,0,False,19,440,820,1340,80,2167,2885,0,0,,,,0,,,1.0,1e+20,1,0.0252,0.0027,0.0,0.0033,0.0,0.0,,0.0254,0.0567
openstacks-sat08-strips-p11,0,False,19,440,820,1340,80,2175,3041,0,0,,,,0,,,1.0,1e+20,1,0.0277,0.0027,0.0,0.0059,0.0,0.0,,0.0259,0.0622
openstacks-sat08-strips-p12,0,False,19,440,820,1340,80,2167,2885,0,0,,,,0,,,1.0,1e+20,1,0.0336,0.0027,0.0,0.0046,0.0,0.0,,0.0258,0.0668
openstacks-sat08-strips-p13,0,False,29,960,1830,2910,120,4749,6489,0,0,,,,0,,,1.0,1e+20,1,0.0271,0.0079,0.0,0.008,0.0,0.0,,0.0506,0.0938
openstacks-sat08-strips-p14,0,False,29,960,1830,2910,120,4763,6902,0,0,,,,0,,,1.0,1e+20,1,0.0589,0.008,0.0,0.0084,0.0,0.0,,0.0518,0.1273
openstacks-sat08-strips-p15,0,False,29,960,1830,2910,120,4753,6607,0,0,,,,0,,,1.0,1e+20,1,0.016,0.0079,0.0,0.0147,0.0,0.0,,0.049,0.0879
openstacks-sat08-strips-p16,0,False,39,1680,3240,5080,160,8363,12797,0,0,,,,0,,,1.0,1e+20,1,0.0274,0.0179,0.0,0.0132,0.0,0.0,,0.0968,0.1556
openstacks-sat08-strips-p17,0,False,39,1680,3240,5080,160,8349,12244,0,0,,,,0,,,1.0,1e+20,1,0.0224,0.0172,0.0,0.0108,0.0,0.0,,0.0972,0.1479
openstacks-sat08-strips-p18,0,False,39,1680,3240,5080,160,8343,12007,0,0,,,,0,,,1.0,1e+20,1,0.0378,0.0179,0.0,0.0116,0.0,0.0,,0.094,0.1616
openstacks-sat08-strips-p19,0,False,49,2600,5050,7850,200,12967,20690,0,0,,,,0,,,1.0,1e+20,1,0.0279,0.033,0.0,0.0123,0.0,0.0,,0.1545,0.2279
openstacks-sat08-strips-p20,0,False,49,2600,5050,7850,200,12991,21878,0,0,,,,0,,,1.0,1e+20,1,0.056,0.0332,0.0,0.0183,0.0,0.0,,0.1553,0.2631
openstacks-sat08-strips-p21,0,False,49,2600,5050,7850,200,12951,19898,0,0,,,,0,,,1.0,1e+20,1,0.0473,0.0327,0.0,0.0153,0.0,0.0,,0.1471,0.2429
openstacks-sat08-strips-p22,0,False,59,3720,7260,11220,240,18605,32486,0,0,,,,0,,,1.0,1e+20,1,0.0707,0.0541,0.0,0.0258,0.0,0.0,,0.234,0.385
openstacks-sat08-strips-p23,0,False,59,3720,7260,11220,240,18563,29987,0,0,,,,0,,,1.0,1e+20,1,0.061,0.0541,0.0,0.0208,0.0,0.0,,0.2299,0.3661
openstacks-sat08-strips-p24,0,False,59,3720,7260,11220,240,18559,29749,0,0,,,,0,,,1.0,1e+20,1,0.1132,0.0543,0.0,0.0216,0.0,0.0,,0.2274,0.4169
openstacks-sat08-strips-p25,0,False,79,6560,12880,19760,320,32813,58352,0,0,,,,0,,,1.0,1e+20,1,0.0776,0.1286,0.0,0.0375,0.0,0.0,,0.4868,0.7317
openstacks-sat08-strips-p26,0,False,79,6560,12880,19760,320,32775,55331,0,0,,,,0,,,1.0,1e+20,1,0.0728,0.1273,0.0,0.0344,0.0,0.0,,0.48,0.7158
openstacks-sat08-strips-p27,0,False,79,6560,12880,19760,320,32801,57398,0,0,,,,0,,,1.0,1e+20,1,0.0741,0.1286,0.0,0.0403,0.0,0.0,,0.471,0.7152
openstacks-sat08-strips-p28,0,False,99,10200,20100,30700,400,51073,96912,0,0,,,,0,,,1.0,1e+20,1,0.1247,0.2457,0.0,0.0607,0.0,0.0,,0.9213,1.3545
openstacks-sat08-strips-p29,0,False,99,10200,20100,30700,400,51079,97509,0,0,,,,0,,,1.0,1e+20,1,0.1381,0.2474,0.0,0.0632,0.0,0.0,,0.8932,1.3439
openstacks-sat08-strips-p30,0,False,99,10200,20100,30700,400,51087,98305,0,0,,,,0,,,1.0,1e+20,1,0.1285,0.2463,0.0,0.0608,0.0,0.0,,0.9164,1.3542
openstacks-sat11-strips-p01,0,False,49,2600,5050,7850,200,12951,19898,0,0,,,,0,,,1.0,1e+20,1,0.0292,0.0329,0.0,0.0141,0.0,0.0,,0.1518,0.2283
openstacks-sat11-strips-p02,0,False,59,3720,7260,11220,240,18605,32486,0,0,,,,0,,,1.0,1e+20,1,0.0604,0.0542,0.0,0.0204,0.0,0.0,,0.2346,0.37
openstacks-sat11-strips-p03,0,False,59,3720,7260,11220,240,18559,29749,0,0,,,,0,,,1.0,1e+20,1,0.0387,0.0542,0.0,0.0187,0.0,0.0,,0.2259,0.3379
openstacks-sat11-strips-p04,0,False,79,6560,12880,19760,320,32813,58352,0,0,,,,0,,,1.0,1e+20,1,0.0753,0.1248,0.0,0.0416,0.0,0.0,,0.4948,0.7378
openstacks-sat11-strips-p05,0,False,79,6560,12880,19760,320,32775,55331,0,0,,,,0,,,1.0,1e+20,1,0.0722,0.1231,0.0,0.0389,0.0,0.0,,0.4821,0.7176
openstacks-sat11-strips-p06,0,False,79,6560,12880,19760,320,32801,57398,0,0,,,,0,,,1.0,1e+20,1,0.0752,0.1283,0.0,0.0434,0.0,0.0,,0.4706,0.7188
openstacks-sat11-strips-p07,0,False,49,2600,5050,7850,200,12991,21878,0,0,,,,0,,,1.0,1e+20,1,0.0271,0.033,0.0,0.0124,0.0,0.0,,0.1534,0.2263
openstacks-sat11-strips-p08,0,False,99,10200,20100,30700,400,51073,96912,0,0,,,,0,,,1.0,1e+20,1,0.1236,0.2452,0.0,0.0605,0.0,0.0,,0.9223,1.3536
openstacks-sat11-strips-p09,0,False,99,10200,20100,30700,400,51079,97509,0,0,,,,0,,,1.0,1e+20,1,0.1411,0.2449,0.0,0.0622,0.0,0.0,,0.8944,1.3447
openstacks-sat11-strips-p10,0,False,99,10200,20100,30700,400,51087,98305,0,0,,,,0,,,1.0,1e+20,1,0.1331,0.2462,0.0,0.0614,0.0,0.0,,0.9214,1.3643
openstacks-sat11-strips-p11,0,False,129,17160,33930,51610,520,85823,154622,0,0,,,,0,,,1.0,1e+20,1,0.241,0.5551,0.0,0.1064,0.0,0.0,,1.9147,2.821
openstacks-sat11-strips-p12,0,False,129,17160,33930,51610,520,87209,334109,0,0,,,,0,,,1.0,1e+20,1,0.2676,0.5724,0.0,0.1453,0.0,0.0,,2.2234,3.2128
openstacks-sat11-strips-p13,0,False,159,25920,51360,77920,640,129655,238611,0,0,,,,0,,,1.0,1e+20,1,0.4312,1.0598,0.0,0.1667,0.0,0.0,,3.5369,5.2002
openstacks-sat11-strips-p14,0,False,159,25920,51360,77920,640,131465,527306,0,0,,,,0,,,1.0,1e+20,1,0.4739,1.1431,0.0,0.2456,0.0,0.0,,4.125,5.9935
openstacks-sat11-strips-p15,0,False,189,36480,72390,109630,760,182729,386579,0,0,,,,0,,,1.0,1e+20,1,0.6683,1.8359,0.0,0.269,0.0,0.0,,5.5303,8.3123
openstacks-sat11-strips-p16,0,False,189,36480,72390,109630,760,184887,795520,0,0,,,,0,,,1.0,1e+20,1,0.7156,2.048,0.0,0.3776,0.0,0.0,,7.1527,10.3027
openstacks-sat11-strips-p17,0,False,219,48840,97020,146740,880,244739,553139,0,0,,,,0,,,1.0,1e+20,1,1.011,3.2776,0.0,0.409,0.0,0.0,,8.9582,13.6689
openstacks-sat11-strips-p18,0,False,219,48840,97020,146740,880,247575,1175641,0,0,,,,0,,,1.0,1e+20,1,1.0825,3.5402,0.0,0.5552,0.0,0.0,,9.8737,15.0603
openstacks-sat11-strips-p19,0,False,249,63000,125250,189250,1000,315821,766463,0,0,,,,0,,,1.0,1e+20,1,1.4411,5.2206,0.0,0.5664,0.0,0.0,,14.4608,21.7002
openstacks-sat11-strips-p20,0,False,249,63000,125250,189250,1000,319223,1615262,0,0,,,,0,,,1.0,1e+20,1,1.5356,4.561,0.0,0.7997,0.0,0.0,,14.9954,21.9034
openstacks-sat14-strips-p170_2,0,False,169,29240,57970,87890,680,146415,295946,0,0,,,,0,,,1.0,1e+20,1,0.4917,1.3091,0.0,0.2049,0.0,0.0,,3.9346,5.9467
openstacks-sat14-strips-p170_3,0,False,169,29240,57970,87890,680,148211,600368,0,0,,,,0,,,1.0,1e+20,1,0.5527,1.4157,0.0,0.2983,0.0,0.0,,4.9599,7.2312
openstacks-sat14-strips-p190_1,0,False,189,36480,72390,109630,760,182513,345647,0,0,,,,0,,,1.0,1e+20,1,0.676,1.8506,0.0,0.2587,0.0,0.0,,5.6727,8.4665
openstacks-sat14-strips-p190_2,0,False,189,36480,72390,109630,760,182759,392264,0,0,,,,0,,,1.0,1e+20,1,0.6803,1.8411,0.0,0.268,0.0,0.0,,5.6381,8.4359
openstacks-sat14-strips-p190_3,0,False,189,36480,72390,109630,760,184881,794383,0,0,,,,0,,,1.0,1e+20,1,0.7404,2.0441,0.0,0.374,0.0,0.0,,7.1224,10.287
openstacks-sat14-strips-p210_1,0,False,209,44520,88410,133770,840,222733,424027,0,0,,,,0,,,1.0,1e+20,1,0.882,2.7807,0.0,0.3282,0.0,0.0,,7.6038,11.6059
openstacks-sat14-strips-p210_2,0,False,209,44520,88410,133770,840,222927,464670,0,0,,,,0,,,1.0,1e+20,1,0.8749,2.7212,0.0,0.3388,0.0,0.0,,7.758,11.7047
openstacks-sat14-strips-p210_3,0,False,209,44520,88410,133770,840,225659,1037024,0,0,,,,0,,,1.0,1e+20,1,0.9626,2.8143,0.0,0.4898,0.0,0.0,,8.422,12.7002
openstacks-sat14-strips-p230_1,0,False,229,53360,106030,160310,920,266897,497555,0,0,,,,0,,,1.0,1e+20,1,1.1057,3.8001,0.0,0.4214,0.0,0.0,,10.4138,15.7548
openstacks-sat14-strips-p230_2,0,False,229,53360,106030,160310,920,267405,614141,0,0,,,,0,,,1.0,1e+20,1,1.1186,3.9058,0.0,0.4481,0.0,0.0,,10.6329,16.1195
openstacks-sat14-strips-p230_3,0,False,229,53360,106030,160310,920,270389,1298969,0,0,,,,0,,,1.0,1e+20,1,1.1998,4.1324,0.0,0.6437,0.0,0.0,,11.425,17.4101
openstacks-sat14-strips-p250_1,0,False,249,63000,125250,189250,1000,315303,637222,0,0,,,,0,,,1.0,1e+20,1,1.4107,5.1643,0.0,0.5387,0.0,0.0,,13.8463,20.9775
openstacks-sat14-strips-p250_2,0,False,249,63000,125250,189250,1000,315661,726543,0,0,,,,0,,,1.0,1e+20,1,1.4349,5.0534,0.0,0.5612,0.0,0.0,,14.2751,21.3424
openstacks-sat14-strips-p250_3,0,False,249,63000,125250,189250,1000,319247,1621250,0,0,,,,0,,,1.0,1e+20,1,1.5494,4.4814,0.0,0.7995,0.0,0.0,,14.9734,21.8153
openstacks-sat14-strips-p270_1,0,False,269,73440,146070,220590,1080,367741,800953,0,0,,,,0,,,1.0,1e+20,1,1.736,6.6787,0.0,0.6666,0.0,0.0,,18.7776,27.8719
openstacks-sat14-strips-p270_2,0,False,269,73440,146070,220590,1080,368157,913065,0,0,,,,0,,,1.0,1e+20,1,1.7522,6.6338,0.0,0.7353,0.0,0.0,,19.0622,28.1974
openstacks-sat14-strips-p270_3,0,False,269,73440,146070,220590,1080,371855,1909676,0,0,,,,0,,,1.0,1e+20,1,1.8864,5.8163,0.0,0.9754,0.0,0.0,,19.6923,28.3842
openstacks-sat14-strips-p290_1,0,False,289,84680,168490,254330,1160,423963,918872,0,0,,,,0,,,1.0,1e+20,1,2.1409,8.3262,0.0,2.4156,0.0,0.0,,23.8125,36.7101
openstacks-sat14-strips-p290_2,0,False,289,84680,168490,254330,1160,424631,1112258,0,0,,,,0,,,1.0,1e+20,1,2.1546,8.3604,0.0,0.8863,0.0,0.0,,24.9537,36.3705
openstacks-sat14-strips-p290_3,0,False,289,84680,168490,254330,1160,428657,2277785,0,0,,,,0,,,1.0,1e+20,1,2.3043,7.8326,0.0,1.2291,0.0,0.0,,25.4292,36.8113
openstacks-strips-p01,0,True,4,40,65,135,30,209,199,0,0,,,,0,,,21.0,1e+20,21,0.0224,0.0002,0.0,0.0018,0.0,0.0,,0.0068,0.0313
openstacks-strips-p02,0,True,4,40,65,135,30,209,199,0,0,,,,0,,,21.0,1e+20,21,0.0258,0.0002,0.0,0.0059,0.0,0.0,,0.0069,0.0389
openstacks-strips-p03,0,True,4,40,65,135,30,209,199,0,0,,,,0,,,21.0,1e+20,21,0.0057,0.0002,0.0,0.0017,0.0,0.0,,0.0073,0.0149
openstacks-strips-p04,0,True,4,40,65,135,30,209,199,0,0,,,,0,,,21.0,1e+20,21,0.0087,0.0002,0.0,0.0056,0.0,0.0,,0.0078,0.0223
openstacks-strips-p05,0,True,4,40,65,135,30,209,199,0,0,,,,0,,,21.0,1e+20,21,0.0103,0.0002,0.0,0.0049,0.0,0.0,,0.0079,0.0233
openstacks-strips-p06,0,True,9,130,230,420,60,699,999,0,0,,,,0,,,41.0,1e+20,41,0.0059,0.001,0.0,0.0019,0.0,0.0,,0.0149,0.0238
openstacks-strips-p07,0,True,9,130,230,420,60,699,999,0,0,,,,0,,,41.0,1e+20,41,0.0085,0.001,0.0,0.0027,0.0,0.0,,0.0151,0.0274
openstacks-strips-p08,0,True,14,290,551,963,122,1807,3619,0,0,,,,0,,,81.0,1e+20,81,0.0157,0.0043,0.0,0.0041,0.0,0.0,,0.0316,0.0557
openstacks-strips-p09,0,True,14,290,551,963,122,1837,3919,0,0,,,,0,,,81.0,1e+20,81,0.0411,0.0043,0.0,0.0056,0.0,0.0,,0.0329,0.0841
openstacks-strips-p10,0,True,19,460,881,1463,122,2422,3999,0,0,,,,0,,,81.0,1e+20,81,0.0333,0.0056,0.0,0.0069,0.0,0.0,,0.0537,0.0997
openstacks-strips-p11,0,True,19,460,881,1463,122,2422,3999,0,0,,,,0,,,81.0,1e+20,81,0.0174,0.0056,0.0,0.004,0.0,0.0,,0.0529,0.0801
openstacks-strips-p12,0,True,19,460,881,1463,122,2482,4799,0,0,,,,0,,,81.0,1e+20,81,0.0155,0.006,0.0,0.0063,0.0,0.0,,0.0542,0.0822
openstacks-strips-p13,0,True,19,460,881,1463,122,2542,5599,0,0,,,,0,,,81.0,1e+20,81,0.3152,0.0061,0.0,0.0215,0.0,0.0,,0.0558,0.3988
openstacks-strips-p14,0,True,19,460,881,1463,122,2542,5599,0,0,,,,0,,,81.0,1e+20,81,0.0168,0.0061,0.0,0.0049,0.0,0.0,,0.0544,0.0823
openstacks-strips-p15,0,True,19,460,881,1463,122,2602,6399,0,0,,,,0,,,81.0,1e+20,81,0.0181,0.0063,0.0,0.0051,0.0,0.0,,0.0577,0.0874
openstacks-strips-p16,0,True,19,460,881,1463,122,2602,6399,0,0,,,,0,,,81.0,1e+20,81,0.0853,0.0059,0.0,0.0397,0.0,0.0,,0.1165,0.2476
openstacks-strips-p17,0,True,19,480,921,1553,152,2981,7739,0,0,,,,0,,,101.0,1e+20,101,0.0254,0.0083,0.0,0.0071,0.0,0.0,,0.06,0.101
openstacks-strips-p18,0,True,24,768,1487,2509,254,5218,13717,0,0,,,,0,,,169.0,1e+20,169,0.0341,0.0244,0.0,0.0089,0.0,0.0,,0.0914,0.1593
openstacks-strips-p19,0,True,24,700,1351,2203,152,3622,5749,0,0,,,,0,,,101.0,1e+20,101,0.0193,0.0107,0.0,0.0062,0.0,0.0,,0.0793,0.1157
openstacks-strips-p20,0,True,29,990,1921,3093,182,5132,8999,0,0,,,,0,,,121.0,1e+20,121,0.0424,0.0173,0.0,0.013,0.0,0.0,,0.1193,0.1923
openstacks-strips-p21,0,True,29,990,1921,3093,182,5132,8999,0,0,,,,0,,,121.0,1e+20,121,0.0259,0.0173,0.0,0.0071,0.0,0.0,,0.1169,0.1675
openstacks-strips-p22,0,True,29,990,1921,3093,182,5222,10799,0,0,,,,0,,,121.0,1e+20,121,0.0463,0.0178,0.0,0.0078,0.0,0.0,,0.1194,0.1915
openstacks-strips-p23,0,True,29,990,1921,3093,182,5312,12599,0,0,,,,0,,,121.0,1e+20,121,0.0256,0.0181,0.0,0.0074,0.0,0.0,,0.129,0.1804
openstacks-strips-p24,0,True,49,2650,5201,8153,302,17845,168099,0,0,,,,0,,,201.0,1e+20,201,0.1064,0.0981,0.0,0.061,0.0,0.0,,0.6768,0.9437
openstacks-strips-p25,0,True,49,2650,5201,8153,302,17146,144799,0,0,,,,0,,,201.0,1e+20,201,0.0968,0.0941,0.0,0.0532,0.0,0.0,,0.598,0.8434
openstacks-strips-p26,0,True,49,2650,5201,8153,302,13615,27099,0,0,,,,0,,,201.0,1e+20,201,0.0675,0.0704,0.0,0.0182,0.0,0.0,,0.3929,0.5496
openstacks-strips-p27,0,True,74,5850,11551,17853,452,29969,69599,0,0,,,,0,,,301.0,1e+20,301,0.1817,0.2261,0.0,0.0383,0.0,0.0,,1.141,1.5902
openstacks-strips-p28,0,True,99,10300,20401,31303,602,71503,1393399,0,0,,,,0,,,401.0,1e+20,401,0.6798,0.9453,0.0,0.4571,0.0,0.0,,4.9089,6.9982
openstacks-strips-p29,0,True,99,10300,20401,31303,602,67495,1126199,0,0,,,,0,,,401.0,1e+20,401,0.6071,0.8568,0.0,0.3791,0.0,0.0,,4.3379,6.1877
openstacks-strips-p30,0,True,99,10300,20401,31303,602,52657,136999,0,0,,,,0,,,401.0,1e+20,401,0.3776,0.5742,0.0,0.0892,0.0,0.0,,2.2313,3.2775
optical-telegraphs-p01-opt2,-3,False,0,0,0,0,0,0,0,0,0,,,,0,,,0.0,1e+20,1e+20,0,0,0,0,0,0,,0,0
optical-telegraphs-p02-opt3,-3,False,0,0,0,0,0,0,0,0,0,,,,0,,,0.0,1e+20,1e+20,0,0,0,0,0,0,,0,0
optical-telegraphs-p03-opt4,-3,False,0,0,0,0,0,0,0,0,0,,,,0,,,0.0,1e+20,1e+20,0,0,0,0,0,0,,0,0
optical-telegraphs-p04-opt5,-3,False,0,0,0,0,0,0,0,0,0,,,,0,,,0.0,1e+20,1e+20,0,0,0,0,0,0,,0,0
optical-telegraphs-p05-opt6,-3,False,0,0,0,0,0,0,0,0,0,,,,0,,,0.0,1e+20,1e+20,0,0,0,0,0,0,,0,0
optical-telegraphs-p06-opt7,-3,False,0,0,0,0,0,0,0,0,0,,,,0,,,0.0,1e+20,1e+20,0,0,0,0,0,0,,0,0
optical-telegraphs-p07-opt8,-3,False,0,0,0,0,0,0,0,0,0,,,,0,,,0.0,1e+20,1e+20,0,0,0,0,0,0,,0,0
optical-telegraphs-p08-opt9,-3,False,0,0,0,0,0,0,0,0,0,,,,0,,,0.0,1e+20,1e+20,0,0,0,0,0,0,,0,0
optical-telegraphs-p09-opt10,-3,False,0,0,0,0,0,0,0,0,0,,,,0,,,0.0,1e+20,1e+20,0,0,0,0,0,0,,0,0
optical-telegraphs-p10-opt11,-3,False,0,0,0,0,0,0,0,0,0,,,,0,,,0.0,1e+20,1e+20,0,0,0,0,0,0,,0,0
optical-telegraphs-p11-opt12,-3,False,0,0,0,0,0,0,0,0,0,,,,0,,,0.0,1e+20,1e+20,0,0,0,0,0,0,,0,0
optical-telegraphs-p12-opt13,-3,False,0,0,0,0,0,0,0,0,0,,,,0,,,0.0,1e+20,1e+20,0,0,0,0,0,0,,0,0
optical-telegraphs-p13-opt14,-3,False,0,0,0,0,0,0,0,0,0,,,,0,,,0.0,1e+20,1e+20,0,0,0,0,0,0,,0,0
optical-telegraphs-p14-opt15,-3,False,0,0,0,0,0,0,0,0,0,,,,0,,,0.0,1e+20,1e+20,0,0,0,0,0,0,,0,0
optical-telegraphs-p15-opt16,-3,False,0,0,0,0,0,0,0,0,0,,,,0,,,0.0,1e+20,1e+20,0,0,0,0,0,0,,0,0
optical-telegraphs-p16-opt17,-3,False,0,0,0,0,0,0,0,0,0,,,,0,,,0.0,1e+20,1e+20,0,0,0,0,0,0,,0,0
optical-telegraphs-p17-opt18,-3,False,0,0,0,0,0,0,0,0,0,,,,0,,,0.0,1e+20,1e+20,0,0,0,0,0,0,,0,0
optical-telegraphs-p18-opt19,-3,False,0,0,0,0,0,0,0,0,0,,,,0,,,0.0,1e+20,1e+20,0,0,0,0,0,0,,0,0
optical-telegraphs-p19-opt20,-3,False,0,0,0,0,0,0,0,0,0,,,,0,,,0.0,1e+20,1e+20,0,0,0,0,0,0,,0,0
optical-telegraphs-p20-opt21,-3,False,0,0,0,0,0,0,0,0,0,,,,0,,,0.0,1e+20,1e+20,0,0,0,0,0,0,,0,0
optical-telegraphs-p21-opt22,-3,False,0,0,0,0,0,0,0,0,0,,,,0,,,0.0,1e+20,1e+20,0,0,0,0,0,0,,0,0
optical-telegraphs-p22-opt23,-3,False,0,0,0,0,0,0,0,0,0,,,,0,,,0.0,1e+20,1e+20,0,0,0,0,0,0,,0,0
optical-telegraphs-p23-opt24,-3,False,0,0,0,0,0,0,0,0,0,,,,0,,,0.0,1e+20,1e+20,0,0,0,0,0,0,,0,0
optical-telegraphs-p24-opt25,-3,False,0,0,0,0,0,0,0,0,0,,,,0,,,0.0,1e+20,1e+20,0,0,0,0,0,0,,0,0
optical-telegraphs-p25-opt26,-3,False,0,0,0,0,0,0,0,0,0,,,,0,,,0.0,1e+20,1e+20,0,0,0,0,0,0,,0,0
optical-telegraphs-p26-opt27,-3,False,0,0,0,0,0,0,0,0,0,,,,0,,,0.0,1e+20,1e+20,0,0,0,0,0,0,,0,0
optical-telegraphs-p27-opt28,-3,False,0,0,0,0,0,0,0,0,0,,,,0,,,0.0,1e+20,1e+20,0,0,0,0,0,0,,0,0
optical-telegraphs-p28-opt29,-3,False,0,0,0,0,0,0,0,0,0,,,,0,,,0.0,1e+20,1e+20,0,0,0,0,0,0,,0,0
optical-telegraphs-p29-opt30,-3,False,0,0,0,0,0,0,0,0,0,,,,0,,,0.0,1e+20,1e+20,0,0,0,0,0,0,,0,0
optical-telegraphs-p30-opt31,-3,False,0,0,0,0,0,0,0,0,0,,,,0,,,0.0,1e+20,1e+20,0,0,0,0,0,0,,0,0
optical-telegraphs-p31-opt32,-3,False,0,0,0,0,0,0,0,0,0,,,,0,,,0.0,1e+20,1e+20,0,0,0,0,0,0,,0,0
optical-telegraphs-p32-opt33,-3,False,0,0,0,0,0,0,0,0,0,,,,0,,,0.0,1e+20,1e+20,0,0,0,0,0,0,,0,0
optical-telegraphs-p33-opt34,-3,False,0,0,0,0,0,0,0,0,0,,,,0,,,0.0,1e+20,1e+20,0,0,0,0,0,0,,0,0
optical-telegraphs-p34-opt35,-3,False,0,0,0,0,0,0,0,0,0,,,,0,,,0.0,1e+20,1e+20,0,0,0,0,0,0,,0,0
optical-telegraphs-p35-opt36,-3,False,0,0,0,0,0,0,0,0,0,,,,0,,,0.0,1e+20,1e+20,0,0,0,0,0,0,,0,0
optical-telegraphs-p36-opt37,-3,False,0,0,0,0,0,0,0,0,0,,,,0,,,0.0,1e+20,1e+20,0,0,0,0,0,0,,0,0
optical-telegraphs-p37-opt38,-3,False,0,0,0,0,0,0,0,0,0,,,,0,,,0.0,1e+20,1e+20,0,0,0,0,0,0,,0,0
optical-telegraphs-p38-opt39,-3,False,0,0,0,0,0,0,0,0,0,,,,0,,,0.0,1e+20,1e+20,0,0,0,0,0,0,,0,0
optical-telegraphs-p39-opt40,-3,False,0,0,0,0,0,0,0,0,0,,,,0,,,0.0,1e+20,1e+20,0,0,0,0,0,0,,0,0
optical-telegraphs-p40-opt41,-3,False,0,0,0,0,0,0,0,0,0,,,,0,,,0.0,1e+20,1e+20,0,0,0,0,0,0,,0,0
optical-telegraphs-p41-opt42,-3,False,0,0,0,0,0,0,0,0,0,,,,0,,,0.0,1e+20,1e+20,0,0,0,0,0,0,,0,0
optical-telegraphs-p42-opt43,-3,False,0,0,0,0,0,0,0,0,0,,,,0,,,0.0,1e+20,1e+20,0,0,0,0,0,0,,0,0
optical-telegraphs-p43-opt44,-3,False,0,0,0,0,0,0,0,0,0,,,,0,,,0.0,1e+20,1e+20,0,0,0,0,0,0,,0,0
optical-telegraphs-p44-opt45,-3,False,0,0,0,0,0,0,0,0,0,,,,0,,,0.0,1e+20,1e+20,0,0,0,0,0,0,,0,0
optical-telegraphs-p45-opt46,-3,False,0,0,0,0,0,0,0,0,0,,,,0,,,0.0,1e+20,1e+20,0,0,0,0,0,0,,0,0
optical-telegraphs-p46-opt47,-3,False,0,0,0,0,0,0,0,0,0,,,,0,,,0.0,1e+20,1e+20,0,0,0,0,0,0,,0,0
optical-telegraphs-p47-opt48,-3,False,0,0,0,0,0,0,0,0,0,,,,0,,,0.0,1e+20,1e+20,0,0,0,0,0,0,,0,0
optical-telegraphs-p48-opt49,-3,False,0,0,0,0,0,0,0,0,0,,,,0,,,0.0,1e+20,1e+20,0,0,0,0,0,0,,0,0
organic-synthesis-opt18-strips-p01,0,True,0,1,9,19,9,18,0,0,0,,,,0,,,1.0,1e+20,1,0.0093,0.0003,0.0,0.002,0.0,0.0,,0.0021,0.0138
organic-synthesis-opt18-strips-p02,0,True,1,2,17,30,11,28,0,0,0,,,,0,,,1.0,1e+20,1,0.0429,0.0006,0.0,0.0048,0.0,0.0,,0.0019,0.0502
organic-synthesis-opt18-strips-p03,0,True,3,5,22,43,16,62,42,0,0,,,,0,,,2.0,1e+20,2,0.0759,0.0155,0.0,0.0053,0.0,0.0,,0.0042,0.1015
organic-synthesis-opt18-strips-p07,0,True,0,1,12,26,12,24,0,0,0,,,,0,,,2.0,1e+20,2,0.0057,0.0,0.0,0.0016,0.0,0.0,,0.0013,0.0087
organic-synthesis-opt18-strips-p09,0,True,4,4,18,35,13,41,10,0,0,,,,0,,,2.0,1e+20,2,0.1123,0.0187,0.0,0.0014,0.0,0.0,,0.0015,0.1369
organic-synthesis-opt18-strips-p10,0,True,4,4,18,35,13,41,10,0,0,,,,0,,,2.0,1e+20,2,0.1163,0.0198,0.0,0.0039,0.0,0.0,,0.0025,0.1455
organic-synthesis-opt18-strips-p11,0,True,65,506,2010,2591,75,2355,2277,0,0,,,,0,,,2.0,1e+20,2,5.9031,539.7243,0.0,0.0085,0.0,0.0,,0.0867,545.8395
organic-synthesis-opt18-strips-p12,0,True,2,6,61,90,23,105,21,0,0,,,,0,,,2.0,1e+20,2,11.8982,3.5702,0.0,0.1648,0.0,0.0,,0.0048,15.8403
organic-synthesis-opt18-strips-p14,0,True,11,8,73,112,31,104,0,0,0,,,,0,,,2.0,1e+20,2,0.042,0.0263,0.0,0.0039,0.0,0.0,,0.0023,0.0749
organic-synthesis-sat18-strips-p06,0,True,20,16,80,125,29,187,104,0,0,,,,0,,,2.0,1e+20,2,0.3269,0.2691,0.0,0.0072,0.0,0.0,,0.0062,0.6161
organic-synthesis-sat18-strips-p07,0,True,22,54,763,863,46,809,0,0,0,,,,0,,,2.0,1e+20,2,1.8553,0.4214,0.0,0.0046,0.0,0.0,,0.021,2.3526
organic-synthesis-sat18-strips-p16,0,True,354,6564,26484,33408,360,31217,42612,0,0,,,,0,,,6.0,1e+20,6,1.2595,9.5757,0.0,0.043,0.0,0.0,,3.8095,14.7329
organic-synthesis-split-opt18-strips-p01,0,False,189,2042,2631,4874,201,4193,6806,0,0,,,,0,,,41.0,1e+20,41,0.0178,0.018,0.0,0.0066,0.0,0.0,,0.6698,0.7124
organic-synthesis-split-opt18-strips-p02,0,False,229,3556,4277,8074,241,6223,11492,0,0,,,,0,,,41.0,1e+20,41,0.0267,0.0469,0.0,0.009,0.0,0.0,,1.3743,1.4572
organic-synthesis-split-opt18-strips-p03,0,False,526,7634,10890,19103,577,16783,23087,0,0,,,,0,,,247.0,1e+20,247,0.2871,0.3394,0.0,0.029,0.0,0.0,,8.0215,8.6792
organic-synthesis-split-opt18-strips-p04,0,False,718,10435,14470,25646,740,24440,36249,0,0,,,,9,,,239.0,1e+20,239,0.1316,0.4011,0.0,0.0459,0.0,0.0,,105.8984,106.478
organic-synthesis-split-opt18-strips-p05,0,False,1269,27395,42855,71522,1272,74936,107557,0,0,,,,462,,,122.0,1e+20,122,0.5613,1.8672,0.0,0.17,0.0,0.0,,821.9883,824.5893
organic-synthesis-split-opt18-strips-p06,2,False,1124,33531,47412,82096,1150,74418,118592,0,0,,,,2387,,,244.573,1e+20,252,0.5632,2.1557,0.0,0.1859,0.0,0.0,,897.1525,900.0604
organic-synthesis-split-opt18-strips-p07,0,False,14,28,74,142,36,172,74,0,0,,,,0,,,189.0,1e+20,189,0.0093,0.0004,0.0,0.0035,0.0,0.0,,0.0088,0.0221
organic-synthesis-split-opt18-strips-p08,0,False,1828,61570,91317,154729,1842,152126,239014,0,0,,,,0,,,234.0,1e+20,234,1.3484,6.2617,0.0,0.457,0.0,0.0,,627.3191,635.3918
organic-synthesis-split-opt18-strips-p09,0,False,413,5144,6447,12007,416,10287,17536,0,0,,,,361,,,47.0,1e+20,47,0.0773,0.1171,0.0,0.0181,0.0,0.0,,32.7227,32.9355
organic-synthesis-split-opt18-strips-p10,0,False,423,5236,6655,12317,426,10661,17948,0,0,,,,462,,,47.0,1e+20,47,0.0493,0.1212,0.0,0.0199,0.0,0.0,,37.7245,37.9151
organic-synthesis-split-opt18-strips-p11,0,False,1284,19706,32859,53858,1293,59069,83898,0,0,,,,17,,,73.0,1e+20,73,0.628,1.2171,0.0,0.1352,0.0,0.0,,888.0476,890.0298
organic-synthesis-split-opt18-strips-p12,0,False,1502,19368,33734,54609,1507,63650,83532,0,0,,,,0,,,39.0,1e+20,39,0.4798,1.5122,0.0,0.1557,0.0,0.0,,168.1684,170.3187
organic-synthesis-split-opt18-strips-p13,3,False,2865,112997,174331,290200,2872,288927,450042,0,0,,,,0,,,0.0,1e+20,1e+20,3.5453,28.8391,0.0,1.4909,0.0,0.0,,866.4111,900.2987
organic-synthesis-split-opt18-strips-p14,0,False,367,9083,10593,20066,390,14439,29464,0,0,,,,0,,,55.0,1e+20,55,0.0656,0.3275,0.0,0.0269,0.0,0.0,,2.2721,2.6929
organic-synthesis-split-opt18-strips-p15,3,False,3264,119376,178985,301646,3285,298630,458873,0,0,,,,0,,,0.0,1e+20,1e+20,4.6621,38.7809,0.0,1.6444,0.0,0.0,,855.1959,900.2968
organic-synthesis-split-opt18-strips-p16,3,False,3964,128940,209140,342069,3989,361916,525438,0,0,,,,0,,,0.0,1e+20,1e+20,9.6194,66.8525,0.0,2.6344,0.0,0.0,,821.4798,900.6077
organic-synthesis-split-opt18-strips-p17,3,False,4791,179090,281029,464946,4827,475039,716446,0,0,,,,0,,,0.0,1e+20,1e+20,16.705,138.934,0.0,4.6377,0.0,0.0,,740.2007,900.5044
organic-synthesis-split-opt18-strips-p18,3,False,3927,173070,250963,427989,3956,401315,643501,0,0,,,,0,,,0.0,1e+20,1e+20,7.839,97.1479,0.0,3.1044,0.0,0.0,,825.1895,933.3024
organic-synthesis-split-opt18-strips-p19,3,False,2354,73603,110807,186769,2359,186869,284411,0,0,,,,0,,,0.0,1e+20,1e+20,2.1582,15.1144,0.0,0.7641,0.0,0.0,,887.8072,905.8516
organic-synthesis-split-opt18-strips-p20,3,False,2705,102307,148321,253353,2725,242571,392029,0,0,,,,0,,,0.0,1e+20,1e+20,2.9389,23.3789,0.0,1.2181,0.0,0.0,,872.7042,900.2581
organic-synthesis-split-sat18-strips-p01,0,False,810,13779,19969,34598,847,33379,48951,0,0,,,,0,,,216.0,1e+20,216,0.1751,0.4891,0.0,0.0636,0.0,0.0,,2.671,3.4
organic-synthesis-split-sat18-strips-p02,0,False,775,15122,21138,37088,826,31687,46468,0,0,,,,336,,,247.0,1e+20,247,0.5834,0.9438,0.0,0.0682,0.0,0.0,,30.6469,32.2457
organic-synthesis-split-sat18-strips-p03,0,False,1612,55216,81755,138633,1661,135387,210603,0,0,,,,0,,,246.0,1e+20,246,1.1423,5.1687,0.0,0.3864,0.0,0.0,,292.0909,298.793
organic-synthesis-split-sat18-strips-p04,0,False,1278,33396,49369,84054,1289,77212,116594,0,0,,,,0,,,158.0,1e+20,158,0.6174,3.4679,0.0,0.2041,0.0,0.0,,8.7998,13.0928
organic-synthesis-split-sat18-strips-p05,3,False,2211,65386,101307,168911,2218,166448,248269,0,0,,,,33,,,0.0,1e+20,1e+20,1.9099,13.1378,0.0,0.6906,0.0,0.0,,884.4444,900.1895
organic-synthesis-split-sat18-strips-p06,0,False,525,9107,10940,20575,528,16104,30219,0,0,,,,0,,,45.0,1e+20,45,0.0822,0.3605,0.0,0.0332,0.0,0.0,,33.2513,33.7278
organic-synthesis-split-sat18-strips-p07,3,False,2024,27766,50419,80220,2035,90973,123099,0,0,,,,93,,,0.0,1e+20,1e+20,0.961,3.812,0.0,0.3063,0.0,0.0,,895.0668,900.1506
organic-synthesis-split-sat18-strips-p08,0,False,3180,117010,183793,303988,3185,298491,436276,0,0,,,,0,,,108.0,1e+20,108,4.4732,53.1584,0.0,1.8453,0.0,0.0,,290.0357,349.5283
organic-synthesis-split-sat18-strips-p09,3,False,4640,228474,348502,581623,4647,555108,882048,0,0,,,,0,,,0.0,1e+20,1e+20,11.1483,175.3085,0.0,5.2489,0.0,0.0,,708.8279,900.5547
organic-synthesis-split-sat18-strips-p10,3,False,3137,99286,152756,255190,3148,251434,378918,0,0,,,,0,,,0.0,1e+20,1e+20,3.7854,39.1909,0.0,1.5708,0.0,0.0,,874.7148,919.2745
organic-synthesis-split-sat18-strips-p11,3,False,4935,240849,350755,596546,4942,567371,928505,0,0,,,,0,,,0.0,1e+20,1e+20,12.0009,168.9548,0.0,5.0849,0.0,0.0,,736.1217,922.1866
organic-synthesis-split-sat18-strips-p12,3,False,4886,298526,423584,727039,4928,655188,1109669,0,0,,,,0,,,0.0,1e+20,1e+20,15.2498,267.6127,0.0,7.5187,0.0,0.0,,621.8824,912.2921
organic-synthesis-split-sat18-strips-p13,3,False,8666,646661,934803,0,0,0,0,0,0,,,,0,,,0.0,1e+20,1e+20,56.8233,843.127,0.0,0.0,0.0,0.0,,0.0,901.4431
organic-synthesis-split-sat18-strips-p14,3,False,6193,369806,523130,899179,6241,820606,1396992,0,0,,,,0,,,0.0,1e+20,1e+20,23.1725,348.5955,0.0,9.6459,0.0,0.0,,526.5092,909.5991
organic-synthesis-split-sat18-strips-p15,3,False,1005,20139,26402,47571,1029,41810,68762,0,0,,,,675,,,0.0,1e+20,1e+20,0.2812,1.5801,0.0,0.1032,0.0,0.0,,898.0776,900.0438
organic-synthesis-split-sat18-strips-p16,2,False,2776,46110,76427,125401,2862,127946,170176,0,0,,,,1,,,540.0,1e+20,2888,1.5888,12.4593,0.0,0.5898,0.0,0.0,,885.4637,900.1071
organic-synthesis-split-sat18-strips-p17,3,False,5284,292300,421295,718896,5301,663120,1117353,0,0,,,,0,,,0.0,1e+20,1e+20,25.0224,264.589,0.0,7.2049,0.0,0.0,,624.8582,921.7147
organic-synthesis-split-sat18-strips-p18,-2,False,0,0,0,0,0,0,0,0,0,,,,0,,,0.0,1e+20,1e+20,0,0,0,0,0,0,,0,0
organic-synthesis-split-sat18-strips-p19,-2,False,0,0,0,0,0,0,0,0,0,,,,0,,,0.0,1e+20,1e+20,0,0,0,0,0,0,,0,0
organic-synthesis-split-sat18-strips-p20,3,False,10608,705330,1000070,0,0,0,0,0,0,,,,0,,,0.0,1e+20,1e+20,68.3076,831.6385,0.0,0.0,0.0,0.0,,0.0,903.3387
parcprinter-08-strips-p01,0,False,14,17,42,95,34,125,62,0,0,,,,0,,,169009.0,1e+20,169009,0.0045,0.0001,0.0,0.002,0.0,0.0,,0.0073,0.0139
parcprinter-08-strips-p02,0,False,26,33,67,160,55,220,116,0,0,,,,0,,,438047.0,1e+20,438047,0.0266,0.0002,0.0,0.009,0.0,0.0,,0.0087,0.0445
parcprinter-08-strips-p03,0,False,2,2,45,114,45,167,77,0,0,,,,0,,,807114.0,1e+20,807114,0.0101,0.0001,0.0,0.0105,0.0,0.0,,0.0025,0.0233
parcprinter-08-strips-p04,0,False,53,67,121,294,97,418,236,0,0,,,,0,,,876094.0,1e+20,876094,0.0231,0.0007,0.0,0.004,0.0,0.0,,0.0121,0.04
parcprinter-08-strips-p05,0,False,65,83,146,359,118,513,290,0,0,,,,0,,,1145132.0,1e+20,1145132,0.025,0.0011,0.0,0.0023,0.0,0.0,,0.0133,0.0417
parcprinter-08-strips-p06,0,False,74,97,167,420,139,600,332,0,0,,,,0,,,1514199.0,1e+20,1514199,0.0075,0.0014,0.0,0.0033,0.0,0.0,,0.0137,0.026
parcprinter-08-strips-p07,0,False,98,121,208,501,160,727,434,0,0,,,,0,,,1383121.0,1e+20,1383121,0.0086,0.0023,0.0,0.003,0.0,0.0,,0.0184,0.0324
parcprinter-08-strips-p08,0,False,104,133,225,558,181,806,464,0,0,,,,0,,,1852217.0,1e+20,1852217,0.0091,0.0027,0.0,0.0034,0.0,0.0,,0.0179,0.0331
parcprinter-08-strips-p09,0,False,116,149,250,623,202,901,518,0,0,,,,0,,,2121255.0,1e+20,2121255,0.01,0.0033,0.0,0.0027,0.0,0.0,,0.0195,0.0355
parcprinter-08-strips-p10,0,False,125,163,271,684,223,988,560,0,0,,,,0,,,2490322.0,1e+20,2490322,0.0085,0.004,0.0,0.0061,0.0,0.0,,0.0203,0.0389
parcprinter-08-strips-p11,0,False,17,22,52,116,40,172,92,0,0,,,,0,,,165989.0,1e+20,165989,0.0141,0.0002,0.0,0.0033,0.0,0.0,,0.0062,0.0237
parcprinter-08-strips-p12,0,False,34,44,85,197,65,304,174,0,0,,,,0,,,425725.0,1e+20,425725,0.0264,0.0004,0.0,0.0044,0.0,0.0,,0.0092,0.0405
parcprinter-08-strips-p13,0,False,51,66,122,282,90,448,268,0,0,,,,0,,,591714.0,1e+20,591714,0.0074,0.0008,0.0,0.0032,0.0,0.0,,0.0116,0.023
parcprinter-08-strips-p14,0,False,68,88,155,363,115,580,350,0,0,,,,0,,,851450.0,1e+20,851450,0.0062,0.0013,0.0,0.002,0.0,0.0,,0.0124,0.0219
parcprinter-08-strips-p15,0,False,85,112,194,454,142,732,450,0,0,,,,0,,,1323035.0,1e+20,1323035,0.0081,0.0021,0.0,0.0039,0.0,0.0,,0.0155,0.0296
parcprinter-08-strips-p16,0,False,102,132,221,525,165,844,514,0,0,,,,0,,,1370922.0,1e+20,1370922,0.0297,0.0028,0.0,0.0039,0.0,0.0,,0.0165,0.0529
parcprinter-08-strips-p17,0,False,119,154,262,614,190,1000,620,0,0,,,,0,,,1443164.0,1e+20,1443164,0.0094,0.004,0.0,0.0019,0.0,0.0,,0.0189,0.0342
parcprinter-08-strips-p18,0,False,136,176,287,687,215,1108,678,0,0,,,,0,,,1890394.0,1e+20,1890394,0.0091,0.0048,0.0,0.0037,0.0,0.0,,0.0197,0.0373
parcprinter-08-strips-p19,0,False,153,204,334,792,244,1284,802,0,0,,,,0,,,2579475.0,1e+20,2579475,0.0127,0.0065,0.0,0.0041,0.0,0.0,,0.0257,0.0491
parcprinter-08-strips-p20,0,False,170,222,375,875,267,1440,908,0,0,,,,0,,,2246727.0,1e+20,2246727,0.0118,0.0087,0.0,0.0037,0.0,0.0,,0.0257,0.0501
parcprinter-08-strips-p21,0,False,8,17,36,79,24,110,70,0,0,,,,0,,,143411.0,1e+20,143411,0.0385,0.0001,0.0,0.0049,0.0,0.0,,0.01,0.0536
parcprinter-08-strips-p22,0,False,13,32,61,137,40,198,133,0,0,,,,0,,,375821.0,1e+20,375821,0.0302,0.0002,0.0,0.0022,0.0,0.0,,0.0113,0.0439
parcprinter-08-strips-p23,0,False,21,49,89,199,56,294,205,0,0,,,,0,,,519232.0,1e+20,519232,0.0224,0.0004,0.0,0.0018,0.0,0.0,,0.0155,0.0401
parcprinter-08-strips-p24,0,False,26,64,114,257,72,382,268,0,0,,,,0,,,751642.0,1e+20,751642,0.0304,0.0006,0.0,0.0043,0.0,0.0,,0.0183,0.0537
parcprinter-08-strips-p25,0,False,31,78,141,319,90,480,337,0,0,,,,0,,,1196842.0,1e+20,1196842,0.0128,0.0009,0.0,0.0069,0.0,0.0,,0.0196,0.0402
parcprinter-08-strips-p26,0,False,36,94,164,373,104,558,394,0,0,,,,0,,,1216462.0,1e+20,1216462,0.0277,0.0011,0.0,0.0045,0.0,0.0,,0.0209,0.0542
parcprinter-08-strips-p27,0,False,47,113,195,439,120,662,475,0,0,,,,0,,,1270874.0,1e+20,1270874,0.0062,0.0016,0.0,0.0018,0.0,0.0,,0.0259,0.0356
parcprinter-08-strips-p28,0,False,46,124,214,489,136,734,520,0,0,,,,0,,,1681282.0,1e+20,1681282,0.0069,0.0019,0.0,0.0025,0.0,0.0,,0.0236,0.0349
parcprinter-08-strips-p29,0,False,48,136,242,553,156,840,592,0,0,,,,0,,,2343271.0,1e+20,2343271,0.0106,0.0026,0.0,0.0044,0.0,0.0,,0.0238,0.0414
parcprinter-08-strips-p30,0,False,68,161,278,625,170,952,688,0,0,,,,0,,,2002896.0,1e+20,2002896,0.0085,0.0034,0.0,0.004,0.0,0.0,,0.0357,0.0517
parcprinter-opt11-strips-p01,0,False,13,32,61,137,40,198,133,0,0,,,,0,,,375821.0,1e+20,375821,0.0059,0.0002,0.0,0.0021,0.0,0.0,,0.0113,0.0195
parcprinter-opt11-strips-p02,0,False,26,33,67,160,55,220,116,0,0,,,,0,,,438047.0,1e+20,438047,0.0147,0.0002,0.0,0.0032,0.0,0.0,,0.0083,0.0265
parcprinter-opt11-strips-p03,0,False,34,44,85,197,65,304,174,0,0,,,,0,,,425725.0,1e+20,425725,0.0202,0.0004,0.0,0.0022,0.0,0.0,,0.0092,0.0321
parcprinter-opt11-strips-p04,0,False,53,67,121,294,97,418,236,0,0,,,,0,,,876094.0,1e+20,876094,0.0107,0.0007,0.0,0.0036,0.0,0.0,,0.0125,0.0276
parcprinter-opt11-strips-p05,0,False,21,49,89,199,56,294,205,0,0,,,,0,,,519232.0,1e+20,519232,0.0081,0.0004,0.0,0.004,0.0,0.0,,0.016,0.0286
parcprinter-opt11-strips-p06,0,False,74,97,167,420,139,600,332,0,0,,,,0,,,1514199.0,1e+20,1514199,0.0066,0.0015,0.0,0.0022,0.0,0.0,,0.0138,0.0241
parcprinter-opt11-strips-p07,0,False,65,83,146,359,118,513,290,0,0,,,,0,,,1145132.0,1e+20,1145132,0.0094,0.0011,0.0,0.0049,0.0,0.0,,0.0154,0.031
parcprinter-opt11-strips-p08,0,False,26,64,114,257,72,382,268,0,0,,,,0,,,751642.0,1e+20,751642,0.0071,0.0006,0.0,0.0018,0.0,0.0,,0.0178,0.0273
parcprinter-opt11-strips-p09,0,False,51,66,122,282,90,448,268,0,0,,,,0,,,591714.0,1e+20,591714,0.0063,0.0008,0.0,0.0038,0.0,0.0,,0.0112,0.0221
parcprinter-opt11-strips-p10,0,False,31,78,141,319,90,480,337,0,0,,,,0,,,1196842.0,1e+20,1196842,0.0091,0.0009,0.0,0.008,0.0,0.0,,0.0194,0.0374
parcprinter-opt11-strips-p11,0,False,36,94,164,373,104,558,394,0,0,,,,0,,,1216462.0,1e+20,1216462,0.0071,0.0011,0.0,0.0015,0.0,0.0,,0.0202,0.03
parcprinter-opt11-strips-p12,0,False,68,88,155,363,115,580,350,0,0,,,,0,,,851450.0,1e+20,851450,0.0252,0.0013,0.0,0.0025,0.0,0.0,,0.0137,0.0428
parcprinter-opt11-strips-p13,0,False,98,121,208,501,160,727,434,0,0,,,,0,,,1383121.0,1e+20,1383121,0.0186,0.0023,0.0,0.0034,0.0,0.0,,0.0182,0.0425
parcprinter-opt11-strips-p14,0,False,104,133,225,558,181,806,464,0,0,,,,0,,,1852217.0,1e+20,1852217,0.0079,0.0027,0.0,0.009,0.0,0.0,,0.0174,0.0371
parcprinter-opt11-strips-p15,0,False,116,149,250,623,202,901,518,0,0,,,,0,,,2121255.0,1e+20,2121255,0.0279,0.0034,0.0,0.0039,0.0,0.0,,0.019,0.0542
parcprinter-opt11-strips-p16,0,False,125,163,271,684,223,988,560,0,0,,,,0,,,2490322.0,1e+20,2490322,0.0095,0.004,0.0,0.0023,0.0,0.0,,0.0195,0.0354
parcprinter-opt11-strips-p17,0,False,85,112,194,454,142,732,450,0,0,,,,0,,,1323035.0,1e+20,1323035,0.0082,0.0021,0.0,0.0034,0.0,0.0,,0.0153,0.0291
parcprinter-opt11-strips-p18,0,False,102,132,221,525,165,844,514,0,0,,,,0,,,1370922.0,1e+20,1370922,0.009,0.0028,0.0,0.003,0.0,0.0,,0.0165,0.0313
parcprinter-opt11-strips-p19,0,False,119,154,262,614,190,1000,620,0,0,,,,0,,,1443164.0,1e+20,1443164,0.0081,0.004,0.0,0.002,0.0,0.0,,0.0182,0.0324
parcprinter-opt11-strips-p20,0,False,47,113,195,439,120,662,475,0,0,,,,0,,,1270874.0,1e+20,1270874,0.0145,0.0016,0.0,0.0146,0.0,0.0,,0.0262,0.057
parcprinter-sat11-strips-p01,0,False,98,121,208,501,160,727,434,0,0,,,,0,,,1383121.0,1e+20,1383121,0.0365,0.0023,0.0,0.0073,0.0,0.0,,0.0189,0.065
parcprinter-sat11-strips-p02,0,False,104,133,225,558,181,806,464,0,0,,,,0,,,1852217.0,1e+20,1852217,0.0142,0.0027,0.0,0.0093,0.0,0.0,,0.0176,0.0439
parcprinter-sat11-strips-p03,0,False,125,163,271,684,223,988,560,0,0,,,,0,,,2490322.0,1e+20,2490322,0.0161,0.0039,0.0,0.0038,0.0,0.0,,0.0207,0.0447
parcprinter-sat11-strips-p04,0,False,170,222,375,875,267,1440,908,0,0,,,,0,,,2246727.0,1e+20,2246727,0.0113,0.0087,0.0,0.0025,0.0,0.0,,0.0257,0.0483
parcprinter-sat11-strips-p05,0,False,36,94,164,373,104,558,394,0,0,,,,0,,,1216462.0,1e+20,1216462,0.0071,0.0011,0.0,0.0027,0.0,0.0,,0.0208,0.0318
parcprinter-sat11-strips-p06,0,False,47,113,195,439,120,662,475,0,0,,,,0,,,1270874.0,1e+20,1270874,0.0066,0.0016,0.0,0.0021,0.0,0.0,,0.026,0.0363
parcprinter-sat11-strips-p07,0,False,116,149,250,623,202,901,518,0,0,,,,0,,,2121255.0,1e+20,2121255,0.0398,0.0034,0.0,0.0059,0.0,0.0,,0.0204,0.0695
parcprinter-sat11-strips-p08,0,False,46,124,214,489,136,734,520,0,0,,,,0,,,1681282.0,1e+20,1681282,0.009,0.0019,0.0,0.0068,0.0,0.0,,0.0246,0.0424
parcprinter-sat11-strips-p09,0,False,48,136,242,553,156,840,592,0,0,,,,0,,,2343271.0,1e+20,2343271,0.0094,0.0026,0.0,0.004,0.0,0.0,,0.0235,0.0396
parcprinter-sat11-strips-p10,0,False,68,161,278,625,170,952,688,0,0,,,,0,,,2002896.0,1e+20,2002896,0.0081,0.0034,0.0,0.0023,0.0,0.0,,0.0349,0.0488
parcprinter-sat11-strips-p11,0,False,90,125,218,519,164,763,464,0,0,,,,0,,,1629147.0,1e+20,1629147,0.0092,0.0026,0.0,0.003,0.0,0.0,,0.0177,0.0326
parcprinter-sat11-strips-p12,0,False,155,199,329,822,265,1194,692,0,0,,,,0,,,2828340.0,1e+20,2828340,0.0535,0.0062,0.0,0.0098,0.0,0.0,,0.0256,0.0953
parcprinter-sat11-strips-p13,0,False,200,253,416,1029,328,1503,890,0,0,,,,0,,,3335367.0,1e+20,3335367,0.0282,0.0108,0.0,0.0079,0.0,0.0,,0.0316,0.0787
parcprinter-sat11-strips-p14,0,False,204,266,449,1045,317,1728,1096,0,0,,,,0,,,2578705.0,1e+20,2578705,0.0156,0.0136,0.0,0.0039,0.0,0.0,,0.0287,0.0621
parcprinter-sat11-strips-p15,0,False,170,230,399,911,271,1512,980,0,0,,,,0,,,2494225.0,1e+20,2494225,0.0145,0.0098,0.0,0.0027,0.0,0.0,,0.0318,0.0589
parcprinter-sat11-strips-p16,0,False,204,274,473,1081,321,1800,1168,0,0,,,,0,,,2826203.0,1e+20,2826203,0.0181,0.0146,0.0,0.0078,0.0,0.0,,0.0349,0.0756
parcprinter-sat11-strips-p17,0,False,47,113,203,451,124,694,499,0,0,,,,0,,,1526454.0,1e+20,1526454,0.0102,0.0018,0.0,0.0037,0.0,0.0,,0.0322,0.048
parcprinter-sat11-strips-p18,0,False,46,121,220,501,142,764,538,0,0,,,,0,,,2319652.0,1e+20,2319652,0.0067,0.0022,0.0,0.0061,0.0,0.0,,0.0236,0.0387
parcprinter-sat11-strips-p19,0,False,48,133,248,565,162,870,610,0,0,,,,0,,,2981641.0,1e+20,2981641,0.009,0.0029,0.0,0.0025,0.0,0.0,,0.0226,0.0371
parcprinter-sat11-strips-p20,0,False,84,195,334,749,202,1144,832,0,0,,,,0,,,2289718.0,1e+20,2289718,0.0295,0.0052,0.0,0.0061,0.0,0.0,,0.0428,0.0837
parking-opt11-strips-pfile03-011,0,True,167,176,431,799,192,1074,557,0,0,,,,0,,,10.0,1e+20,10,0.0315,0.0245,0.0,0.007,0.0,0.0,,0.0324,0.0958
parking-opt11-strips-pfile03-012,0,True,195,206,498,931,227,1285,700,0,0,,,,0,,,14.0,1e+20,14,0.0366,0.0308,0.0,0.0051,0.0,0.0,,0.0325,0.1053
parking-opt11-strips-pfile04-013,0,True,267,280,719,1308,309,1792,962,0,0,,,,0,,,17.0,1e+20,17,0.0434,0.064,0.0,0.0046,0.0,0.0,,0.0499,0.1623
parking-opt11-strips-pfile04-014,0,True,271,282,685,1274,307,1765,970,0,0,,,,0,,,16.0,1e+20,16,0.0505,0.065,0.0,0.0088,0.0,0.0,,0.0432,0.1678
parking-opt11-strips-pfile04-015,0,True,251,267,664,1219,288,1684,927,0,0,,,,0,,,15.0,1e+20,15,0.0427,0.0597,0.0,0.0043,0.0,0.0,,0.0615,0.1685
parking-opt11-strips-pfile04-016,0,True,253,265,635,1186,286,1630,877,0,0,,,,0,,,16.0,1e+20,16,0.0625,0.0592,0.0,0.0026,0.0,0.0,,0.0319,0.1565
parking-opt11-strips-pfile05-017,0,True,333,355,912,1646,379,2296,1299,0,0,,,,0,,,19.0,1e+20,19,0.0666,0.1209,0.0,0.0061,0.0,0.0,,0.0525,0.2468
parking-opt11-strips-pfile05-018,0,True,313,336,854,1545,355,2135,1186,0,0,,,,0,,,17.0,1e+20,17,0.0654,0.1121,0.0,0.0031,0.0,0.0,,0.0439,0.2252
parking-opt11-strips-pfile05-019,0,True,356,371,919,1690,400,2355,1316,0,0,,,,0,,,19.0,1e+20,19,0.0673,0.1283,0.0,0.0053,0.0,0.0,,0.0591,0.2607
parking-opt11-strips-pfile05-020,0,True,354,370,946,1717,401,2355,1274,0,0,,,,0,,,19.0,1e+20,19,0.0725,0.1291,0.0,0.0069,0.0,0.0,,0.0506,0.2598
parking-opt11-strips-pfile06-021,0,True,430,448,1100,2024,476,2758,1456,0,0,,,,0,,,21.0,1e+20,21,0.1036,0.2182,0.0,0.0059,0.0,0.0,,0.0579,0.3866
parking-opt11-strips-pfile06-022,0,True,454,469,1146,2117,502,2903,1551,0,0,,,,0,,,23.0,1e+20,23,0.1103,0.2305,0.0,0.007,0.0,0.0,,0.0803,0.429
parking-opt11-strips-pfile06-023,0,True,431,447,1097,2020,476,2759,1477,0,0,,,,0,,,21.0,1e+20,21,0.1047,0.2186,0.0,0.0043,0.0,0.0,,0.0997,0.4282
parking-opt11-strips-pfile06-024,0,True,456,470,1114,2084,500,2843,1493,0,0,,,,0,,,21.0,1e+20,21,0.1037,0.2322,0.0,0.0062,0.0,0.0,,0.0616,0.4046
parking-opt11-strips-pfile07-025,0,True,566,583,1409,2610,618,3641,2026,0,0,,,,0,,,23.0,1e+20,23,0.153,0.3956,0.0,0.007,0.0,0.0,,0.1587,0.7156
parking-opt11-strips-pfile07-026,0,True,539,558,1336,2482,588,3445,1890,0,0,,,,0,,,21.0,1e+20,21,0.6267,0.3796,0.0,0.0964,0.0,0.0,,0.4993,1.6034
parking-opt11-strips-pfile07-027,0,True,563,581,1480,2682,621,3712,2043,0,0,,,,2567,,,23.0,1e+20,23,0.157,0.4044,0.0,0.0067,0.0,0.0,,0.3349,0.9043
parking-opt11-strips-pfile07-028,0,True,563,580,1459,2659,620,3681,2016,0,0,,,,5115,,,24.0,1e+20,24,0.1548,0.395,0.0,0.0065,0.0,0.0,,0.5742,1.1317
parking-opt11-strips-pfile08-029,0,True,655,687,1792,3199,720,4500,2599,0,0,,,,0,,,25.0,1e+20,25,0.2612,0.6797,0.0,0.0153,0.0,0.0,,0.1179,1.0778
parking-opt11-strips-pfile08-030,0,True,686,705,1751,3203,747,4436,2428,0,0,,,,2,,,25.0,1e+20,25,0.2243,0.6504,0.0,0.0076,0.0,0.0,,0.1814,1.0674
parking-opt14-strips-p_12_7-01,0,True,195,206,487,919,226,1266,683,0,0,,,,0,,,13.0,1e+20,13,0.0281,0.0311,0.0,0.0056,0.0,0.0,,0.0234,0.0885
parking-opt14-strips-p_12_7-02,0,True,180,192,467,869,210,1190,639,0,0,,,,0,,,12.0,1e+20,12,0.0271,0.0272,0.0,0.0032,0.0,0.0,,0.0236,0.0815
parking-opt14-strips-p_12_7-03,0,True,180,193,479,883,211,1211,658,0,0,,,,0,,,13.0,1e+20,13,0.0273,0.0294,0.0,0.0034,0.0,0.0,,0.0359,0.0963
parking-opt14-strips-p_12_7-04,0,True,180,192,467,869,210,1190,639,0,0,,,,0,,,14.0,1e+20,14,0.0273,0.0275,0.0,0.0038,0.0,0.0,,0.0406,0.0995
parking-opt14-strips-p_14_8-01,0,True,270,281,669,1255,305,1699,875,0,0,,,,0,,,16.0,1e+20,16,0.0421,0.0651,0.0,0.0026,0.0,0.0,,0.0254,0.1355
parking-opt14-strips-p_14_8-02,0,True,268,280,693,1280,307,1745,919,0,0,,,,805,,,16.0,1e+20,16,0.0594,0.0632,0.0,0.0065,0.0,0.0,,0.1696,0.2991
parking-opt14-strips-p_14_8-03,0,True,269,281,682,1269,306,1720,894,0,0,,,,0,,,16.0,1e+20,16,0.0421,0.0637,0.0,0.0033,0.0,0.0,,0.0308,0.1403
parking-opt14-strips-p_14_8-04,0,True,270,281,669,1255,305,1699,875,0,0,,,,0,,,16.0,1e+20,16,0.0426,0.0638,0.0,0.0035,0.0,0.0,,0.0395,0.1498
parking-opt14-strips-p_16_9-01,0,True,334,349,855,1579,375,2148,1123,0,0,,,,234,,,19.0,1e+20,19,0.0689,0.1171,0.0,0.0055,0.0,0.0,,0.0954,0.2876
parking-opt14-strips-p_16_9-02,0,True,335,349,856,1580,375,2147,1120,0,0,,,,0,,,17.0,1e+20,17,0.0927,0.1175,0.0,0.0059,0.0,0.0,,0.0489,0.2657
parking-opt14-strips-p_16_9-03,0,True,336,350,829,1553,374,2140,1153,0,0,,,,0,,,17.0,1e+20,17,0.067,0.1153,0.0,0.0053,0.0,0.0,,0.0408,0.229
parking-opt14-strips-p_16_9-04,0,True,356,369,899,1666,398,2270,1197,0,0,,,,0,,,18.0,1e+20,18,0.0651,0.1278,0.0,0.004,0.0,0.0,,0.0351,0.2326
parking-opt14-strips-p_18_10-01,0,True,453,468,1178,2150,504,2963,1625,0,0,,,,5149,,,23.0,1e+20,23,0.1052,0.2346,0.0,0.0051,0.0,0.0,,0.6198,0.9657
parking-opt14-strips-p_18_10-02,0,True,430,451,1123,2052,478,2856,1595,0,0,,,,0,,,20.0,1e+20,20,0.0995,0.222,0.0,0.0067,0.0,0.0,,0.1019,0.4311
parking-opt14-strips-p_18_10-03,0,True,429,452,1142,2073,479,2894,1631,0,0,,,,0,,,19.0,1e+20,19,0.1028,0.2278,0.0,0.0063,0.0,0.0,,0.1023,0.4401
parking-opt14-strips-p_18_10-04,0,True,429,450,1153,2082,479,2850,1542,0,0,,,,0,,,21.0,1e+20,21,0.1003,0.2244,0.0,0.0065,0.0,0.0,,0.0633,0.3954
parking-opt14-strips-p_20_11-01,0,True,567,583,1409,2610,618,3641,2026,0,0,,,,0,,,22.0,1e+20,22,0.1543,0.3982,0.0,0.0056,0.0,0.0,,0.1118,0.6713
parking-opt14-strips-p_20_11-02,0,True,539,560,1377,2527,590,3520,1961,0,0,,,,0,,,21.0,1e+20,21,0.1547,0.3895,0.0,0.3216,0.0,0.0,,0.5063,1.3734
parking-opt14-strips-p_20_11-03,0,True,564,585,1470,2676,621,3756,2135,0,0,,,,0,,,23.0,1e+20,23,0.1519,0.4016,0.0,0.0071,0.0,0.0,,0.1311,0.693
parking-opt14-strips-p_20_11-04,0,True,567,583,1409,2610,618,3641,2026,0,0,,,,0,,,23.0,1e+20,23,0.1537,0.398,0.0,0.0138,0.0,0.0,,0.1153,0.6821
parking-sat11-strips-pfile08-031,0,True,657,684,1724,3125,717,4372,2477,0,0,,,,0,,,24.0,1e+20,24,0.233,0.6364,0.0,0.0069,0.0,0.0,,0.1487,1.0287
parking-sat11-strips-pfile08-032,0,True,627,657,1644,2985,684,4157,2328,0,0,,,,0,,,25.0,1e+20,25,0.2277,0.6072,0.0,0.0125,0.0,0.0,,0.1121,0.9634
parking-sat11-strips-pfile09-033,0,True,791,810,1909,3566,847,4887,2584,0,0,,,,178,,,27.0,1e+20,27,0.3233,0.9705,0.0,0.0087,0.0,0.0,,0.1628,1.4692
parking-sat11-strips-pfile09-034,0,True,824,843,1980,3706,883,5170,2853,0,0,,,,0,,,27.0,1e+20,27,0.3249,1.0498,0.0,0.0116,0.0,0.0,,0.1255,1.5158
parking-sat11-strips-pfile09-035,0,True,787,814,2120,3790,856,5269,2948,0,0,,,,397,,,27.0,1e+20,27,0.326,0.9979,0.0,0.0136,0.0,0.0,,0.267,1.6085
parking-sat11-strips-pfile09-036,0,True,790,812,2003,3666,851,5055,2744,0,0,,,,0,,,26.0,1e+20,26,0.3232,0.9768,0.0,0.0086,0.0,0.0,,0.1548,1.4672
parking-sat11-strips-pfile10-037,0,True,933,963,2401,4366,1002,6124,3471,0,0,,,,3482,,,29.0,1e+20,29,0.4725,1.5362,0.0,0.0129,0.0,0.0,,0.5515,2.5781
parking-sat11-strips-pfile10-038,0,True,933,962,2374,4337,1001,6070,3419,0,0,,,,129,,,29.0,1e+20,29,0.4733,1.5291,0.0,0.0122,0.0,0.0,,0.2375,2.2571
parking-sat11-strips-pfile10-039,0,True,933,960,2322,4281,999,5986,3339,0,0,,,,0,,,28.0,1e+20,28,0.4749,1.5557,0.0,0.0154,0.0,0.0,,0.1851,2.2361
parking-sat11-strips-pfile10-040,0,True,936,959,2295,4252,998,5932,3287,0,0,,,,0,,,28.0,1e+20,28,0.4552,1.5141,0.0,0.0124,0.0,0.0,,0.1302,2.117
parking-sat11-strips-pfile11-041,0,True,1126,1148,2829,5179,1202,7213,3988,0,0,,,,7612,,,32.0,1e+20,32,0.6432,2.2862,0.0,0.0168,0.0,0.0,,1.287,4.2399
parking-sat11-strips-pfile11-042,0,True,1090,1117,2681,4957,1159,6921,3848,0,0,,,,0,,,31.0,1e+20,31,0.6386,2.2813,0.0,0.0155,0.0,0.0,,0.1854,3.1276
parking-sat11-strips-pfile11-043,0,True,1127,1149,2777,5126,1200,7118,3895,0,0,,,,0,,,32.0,1e+20,32,0.6468,2.3199,0.0,0.0143,0.0,0.0,,0.1319,3.1196
parking-sat11-strips-pfile11-044,0,True,1090,1118,2710,4988,1160,6979,3904,0,0,,,,0,,,29.0,1e+20,29,0.6688,2.2602,0.0,0.0151,0.0,0.0,,0.2658,3.2166
parking-sat11-strips-pfile12-045,0,True,1296,1322,3376,6080,1382,8494,4786,0,0,,,,2689,,,35.0,1e+20,35,1.0789,3.4579,0.0,0.0205,0.0,0.0,,0.5858,5.1521
parking-sat11-strips-pfile12-046,0,True,1255,1285,3235,5856,1336,8201,4652,0,0,,,,0,,,35.0,1e+20,35,0.8518,3.2699,0.0,0.0187,0.0,0.0,,0.2971,4.4476
parking-sat11-strips-pfile12-047,0,True,1295,1320,3372,6074,1382,8505,4801,0,0,,,,69211,,,36.0,1e+20,36,0.8494,3.3943,0.0,0.0241,0.0,0.0,,33.2596,37.5394
parking-sat11-strips-pfile12-048,0,True,1295,1329,3391,6103,1383,8637,5002,0,0,,,,0,,,37.0,1e+20,37,0.8738,3.5198,0.0,0.0248,0.0,0.0,,0.3356,4.7639
parking-sat11-strips-pfile13-049,0,True,1434,1465,3628,6612,1519,9211,5104,0,0,,,,2053,,,35.0,1e+20,35,1.1354,4.7601,0.0,0.0217,0.0,0.0,,2.7782,8.7076
parking-sat11-strips-pfile13-050,0,True,1478,1505,3777,6850,1568,9586,5381,0,0,,,,2456,,,36.0,1e+20,36,1.1662,4.9375,0.0,0.0229,0.0,0.0,,0.9527,7.092
parking-sat14-strips-p_28_2,0,True,1127,1155,2871,5230,1204,7371,4208,0,0,,,,0,,,32.0,1e+20,32,0.6457,2.3725,0.0,0.0162,0.0,0.0,,0.1808,3.2229
parking-sat14-strips-p_28_3,0,True,1089,1112,2644,4913,1157,6788,3653,0,0,,,,2137,,,30.0,1e+20,30,0.643,2.2083,0.0,0.015,0.0,0.0,,0.4703,3.3438
parking-sat14-strips-p_30_1,0,True,1293,1320,3430,6134,1384,8621,4913,0,0,,,,59506,,,34.0,1e+20,34,0.8603,3.43,0.0,0.0192,0.0,0.0,,30.0357,34.3552
parking-sat14-strips-p_30_2,0,True,1212,1250,3156,5698,1292,7916,4420,0,0,,,,1532,,,33.0,1e+20,33,0.924,5.6188,0.0,0.0391,0.0,0.0,,0.6572,7.2504
parking-sat14-strips-p_30_3,0,True,1298,1326,3240,5944,1378,8359,4734,0,0,,,,2656,,,34.0,1e+20,34,0.9446,3.4608,0.0,0.0202,0.0,0.0,,0.6977,5.1323
parking-sat14-strips-p_32_1,0,True,1392,1427,3424,6320,1469,8822,4893,0,0,,,,0,,,34.0,1e+20,34,1.1373,5.7067,0.0,0.0218,0.0,0.0,,0.2462,7.1246
parking-sat14-strips-p_32_2,0,True,1479,1506,3810,6885,1569,9635,5426,0,0,,,,0,,,37.0,1e+20,37,1.1577,4.9298,0.0,0.0253,0.0,0.0,,0.3965,6.5219
parking-sat14-strips-p_32_3,0,True,1481,1505,3622,6690,1563,9304,5109,0,0,,,,899,,,36.0,1e+20,36,1.141,4.9,0.0,0.0217,0.0,0.0,,0.3777,6.4529
parking-sat14-strips-p_34_1,0,True,1674,1702,4237,7706,1767,10767,6027,0,0,,,,7111,,,38.0,1e+20,38,1.5029,6.8352,0.0,0.0297,0.0,0.0,,1.406,9.7886
parking-sat14-strips-p_34_2,0,True,1673,1709,4318,7797,1770,11027,6366,0,0,,,,126,,,38.0,1e+20,38,1.4948,7.1606,0.0,0.0316,0.0,0.0,,0.5887,9.2906
parking-sat14-strips-p_34_3,0,True,1675,1707,4215,7689,1767,10835,6180,0,0,,,,9,,,38.0,1e+20,38,1.5025,7.0261,0.0,0.0322,0.0,0.0,,0.4718,9.0483
parking-sat14-strips-p_36_1,0,True,1831,1871,4600,8396,1925,11802,6693,0,0,,,,0,,,40.0,1e+20,40,1.9939,9.6475,0.0,0.0333,0.0,0.0,,0.4672,12.1612
parking-sat14-strips-p_36_2,0,True,1879,1918,4913,8815,1984,12488,7261,0,0,,,,4352,,,41.0,1e+20,41,1.9685,9.9173,0.0,0.0373,0.0,0.0,,1.2563,13.1986
parking-sat14-strips-p_36_3,0,True,1779,1828,4540,8241,1873,11577,6572,0,0,,,,3902,,,39.0,1e+20,39,1.9771,9.4707,0.0,0.04,0.0,0.0,,1.2617,12.7685
parking-sat14-strips-p_38_1,0,True,2101,2130,5157,9486,2199,13234,7336,0,0,,,,0,,,41.0,1e+20,41,2.4962,13.604,0.0,0.0397,0.0,0.0,,0.3488,16.5132
parking-sat14-strips-p_38_2,0,True,2102,2134,5092,9424,2198,13243,7442,0,0,,,,61,,,42.0,1e+20,42,2.5295,13.6275,0.0,0.0459,0.0,0.0,,0.8023,17.029
parking-sat14-strips-p_38_3,0,True,2044,2092,5257,9498,2149,13414,7711,0,0,,,,0,,,41.0,1e+20,41,2.5281,13.339,0.0,0.043,0.0,0.0,,0.3988,16.3325
parking-sat14-strips-p_40_1,0,True,2272,2322,5833,10537,2382,14880,8557,0,0,,,,3601,,,44.0,1e+20,44,3.1898,17.7603,0.0,0.05,0.0,0.0,,1.8489,22.8768
parking-sat14-strips-p_40_2,0,True,2216,2261,5625,10206,2320,14258,7961,0,0,,,,19852,,,42.0,1e+20,42,3.2245,17.0892,0.0,0.0452,0.0,0.0,,5.5665,25.9523
parking-sat14-strips-p_40_3,0,True,2331,2360,5802,10599,2437,14845,8316,0,0,,,,5968,,,45.0,1e+20,45,3.173,18.2399,0.0,0.0472,0.0,0.0,,7.0041,28.4917
pathways-p01,0,True,16,24,36,78,18,76,28,0,0,,,,0,,,6.0,1e+20,6,0.0116,0.0001,0.0,0.0041,0.0,0.0,,0.0062,0.022
pathways-p02,0,True,7,17,30,71,19,72,26,0,0,,,,0,,,12.0,1e+20,12,0.0238,0.0001,0.0,0.0108,0.0,0.0,,0.0052,0.0401
pathways-p03,0,True,24,38,55,129,33,133,51,0,0,,,,0,,,16.0,1e+20,16,0.0121,0.0002,0.0,0.0025,0.0,0.0,,0.0083,0.0231
pathways-p04,0,True,32,57,77,177,41,181,71,0,0,,,,0,,,15.0,1e+20,15,0.0075,0.0004,0.0,0.0026,0.0,0.0,,0.0091,0.0195
pathways-p05,0,True,48,122,196,379,59,388,188,0,0,,,,0,,,29.0,1e+20,29,0.0059,0.0009,0.0,0.0013,0.0,0.0,,0.0193,0.0274
pathways-p06,0,True,58,201,355,649,83,668,351,0,0,,,,0,,,46.0,1e+20,46,0.0084,0.0022,0.0,0.0037,0.0,0.0,,0.035,0.0493
pathways-p07,0,True,80,244,400,746,99,771,400,0,0,,,,0,,,46.0,1e+20,46,0.0283,0.0029,0.0,0.0051,0.0,0.0,,0.0325,0.0688
pathways-p08,0,True,110,479,843,1477,143,1543,877,0,0,,,,0,,,66.0,1e+20,66,0.0129,0.0072,0.0,0.0036,0.0,0.0,,0.1487,0.1724
pathways-p09,0,True,85,388,672,1187,118,1222,692,0,0,,,,0,,,50.0,1e+20,50,0.0096,0.0049,0.0,0.0039,0.0,0.0,,0.1097,0.1281
pathways-p10,0,True,92,457,755,1357,133,1400,764,0,0,,,,0,,,58.0,1e+20,58,0.011,0.0056,0.0,0.0038,0.0,0.0,,0.0851,0.1055
pathways-p11,0,True,96,372,578,1085,127,1120,583,0,0,,,,0,,,54.0,1e+20,54,0.0098,0.0045,0.0,0.0039,0.0,0.0,,0.0637,0.0821
pathways-p12,0,True,111,578,1008,1755,155,1826,1066,0,0,,,,0,,,80.0,1e+20,80,0.0097,0.0086,0.0,0.003,0.0,0.0,,0.2847,0.3061
pathways-p13,0,True,119,660,1177,2009,159,2056,1179,0,0,,,,0,,,75.0,1e+20,75,0.0119,0.0101,0.0,0.0044,0.0,0.0,,0.191,0.2176
pathways-p14,0,True,121,630,1098,1895,158,1958,1145,0,0,,,,0,,,76.0,1e+20,76,0.0118,0.0093,0.0,0.0047,0.0,0.0,,0.2226,0.2484
pathways-p15,0,True,120,679,1157,2030,175,2095,1179,0,0,,,,0,,,78.0,1e+20,78,0.026,0.0107,0.0,0.0058,0.0,0.0,,0.1345,0.1771
pathways-p16,0,True,150,930,1639,2787,202,2871,1674,0,0,,,,0,,,89.0,1e+20,89,0.0191,0.0176,0.0,0.0056,0.0,0.0,,0.3992,0.4417
pathways-p18,0,True,150,746,1306,2256,195,2341,1347,0,0,,,,0,,,98.0,1e+20,98,0.0142,0.0138,0.0,0.005,0.0,0.0,,0.2679,0.301
pathways-p19,0,True,203,1218,2128,3611,252,3720,2179,0,0,,,,0,,,106.0,1e+20,106,0.0208,0.0276,0.0,0.0072,0.0,0.0,,0.4841,0.5399
pathways-p20,0,True,167,860,1491,2580,218,2689,1578,0,0,,,,0,,,102.0,1e+20,102,0.1518,0.0176,0.0,0.1395,0.0,0.0,,0.2916,0.6007
pathways-p21,0,True,186,1102,1899,3275,254,3387,1956,0,0,,,,0,,,106.0,1e+20,106,0.0281,0.0261,0.0,0.0077,0.0,0.0,,0.2925,0.3545
pathways-p22,0,True,196,1066,1814,3133,245,3226,1861,0,0,,,,0,,,106.0,1e+20,106,0.0355,0.0229,0.0,0.0047,0.0,0.0,,0.345,0.4083
pathways-p23,0,True,190,1214,2137,3605,243,3696,2176,0,0,,,,0,,,112.0,1e+20,112,0.0564,0.0276,0.0,0.0088,0.0,0.0,,0.2565,0.3494
pathways-p24,0,True,174,1072,1925,3251,238,3373,1992,0,0,,,,0,,,117.0,1e+20,117,0.0252,0.0257,0.0,0.0055,0.0,0.0,,0.3251,0.3817
pathways-p25,0,True,238,1966,3567,5853,303,5999,3664,0,0,,,,0,,,127.0,1e+20,127,0.0252,0.0548,0.0,0.0071,0.0,0.0,,0.9496,1.037
pathways-p26,0,True,235,1673,2954,4957,309,5118,3074,0,0,,,,0,,,129.0,1e+20,129,0.0343,0.0479,0.0,0.0073,0.0,0.0,,0.8367,0.9265
pathways-p27,0,True,244,1639,2874,4846,316,5001,2963,0,0,,,,0,,,127.0,1e+20,127,0.027,0.0501,0.0,0.0071,0.0,0.0,,0.53,0.6145
pathways-p28,0,True,250,2044,3659,6040,320,6189,3734,0,0,,,,0,,,127.0,1e+20,127,0.0299,0.06,0.0,0.0086,0.0,0.0,,0.828,0.9268
pathways-p29,0,True,217,1269,2165,3729,283,3872,2254,0,0,,,,0,,,141.0,1e+20,141,0.0214,0.0324,0.0,0.0078,0.0,0.0,,0.3986,0.4603
pathways-p30,0,True,254,1464,2494,4300,326,4471,2603,0,0,,,,0,,,131.0,1e+20,131,0.022,0.0423,0.0,0.0058,0.0,0.0,,0.4636,0.5339
pegsol-08-strips-p01,0,False,11,19,39,82,24,109,55,0,0,,,,0,,,2.0,1e+20,2,0.0208,0.0002,0.0,0.0061,0.0,0.0,,0.0077,0.0347
pegsol-08-strips-p02,0,False,59,95,208,367,64,614,396,0,0,,,,1831,,,2.0,1e+20,2,0.0056,0.0006,0.0,0.0018,0.0,0.0,,0.474,0.4821
pegsol-08-strips-p03,0,False,60,102,224,392,66,630,402,0,0,,,,0,,,1.0,1e+20,1,0.0058,0.0006,0.0,0.0016,0.0,0.0,,0.0765,0.0845
pegsol-08-strips-p04,0,False,49,76,170,305,59,545,337,0,0,,,,0,,,3.0,1e+20,3,0.006,0.0006,0.0,0.0024,0.0,0.0,,0.0944,0.1035
pegsol-08-strips-p05,0,False,15,33,76,138,29,193,109,0,0,,,,0,,,2.0,1e+20,2,0.0067,0.0002,0.0,0.0024,0.0,0.0,,0.0135,0.0228
pegsol-08-strips-p06,0,False,47,94,218,371,59,582,371,0,0,,,,2893,,,3.0,1e+20,3,0.0257,0.0006,0.0,0.0048,0.0,0.0,,0.7892,0.8203
pegsol-08-strips-p07,0,False,41,80,176,314,58,528,343,0,0,,,,1625,,,3.0,1e+20,3,0.0246,0.0006,0.0,0.0216,0.0,0.0,,0.2165,0.2634
pegsol-08-strips-p08,0,False,55,117,282,465,66,666,410,0,0,,,,49574,,,3.0,1e+20,3,0.0066,0.0006,0.0,0.002,0.0,0.0,,15.9507,15.96
pegsol-08-strips-p09,0,False,47,104,248,413,61,610,379,0,0,,,,1391,,,3.0,1e+20,3,0.0115,0.0006,0.0,0.0143,0.0,0.0,,0.2593,0.2857
pegsol-08-strips-p10,0,False,46,101,245,407,61,616,369,0,0,,,,4901,,,3.0,1e+20,3,0.017,0.0006,0.0,0.0039,0.0,0.0,,1.2038,1.2255
pegsol-08-strips-p11,0,False,52,106,248,418,64,638,396,0,0,,,,741,,,3.0,1e+20,3,0.0109,0.0006,0.0,0.0045,0.0,0.0,,0.1353,0.1514
pegsol-08-strips-p12,0,False,52,111,264,440,65,679,431,0,0,,,,1289,,,3.0,1e+20,3,0.0111,0.0007,0.0,0.0035,0.0,0.0,,0.2277,0.2431
pegsol-08-strips-p13,0,False,50,110,251,424,63,617,391,0,0,,,,326,,,4.0,1e+20,4,0.0089,0.0006,0.0,0.0126,0.0,0.0,,0.1358,0.1579
pegsol-08-strips-p14,0,False,51,111,252,428,65,641,404,0,0,,,,1362,,,4.0,1e+20,4,0.0066,0.0006,0.0,0.002,0.0,0.0,,0.1691,0.1785
pegsol-08-strips-p15,0,False,44,106,249,416,61,614,380,0,0,,,,3442,,,4.0,1e+20,4,0.0115,0.0006,0.0,0.0047,0.0,0.0,,0.9633,0.9801
pegsol-08-strips-p16,0,False,43,101,237,398,60,598,380,0,0,,,,1703,,,6.0,1e+20,6,0.0079,0.0006,0.0,0.0027,0.0,0.0,,0.2339,0.2451
pegsol-08-strips-p17,0,False,44,112,276,450,62,650,400,0,0,,,,292578,,,4.0,1e+20,4,0.0063,0.0006,0.0,0.0035,0.0,0.0,,56.4699,56.4803
pegsol-08-strips-p18,0,False,40,100,236,394,58,591,377,0,0,,,,1538,,,5.0,1e+20,5,0.0057,0.0006,0.0,0.0017,0.0,0.0,,0.2991,0.3072
pegsol-08-strips-p19,0,False,41,103,251,413,59,601,368,0,0,,,,13841,,,5.0,1e+20,5,0.0061,0.0006,0.0,0.0017,0.0,0.0,,3.1804,3.1889
pegsol-08-strips-p20,0,False,50,121,297,484,66,689,424,0,0,,,,7370,,,3.0,1e+20,3,0.0572,0.0006,0.0,0.027,0.0,0.0,,2.5928,2.6776
pegsol-08-strips-p21,0,False,48,115,271,450,64,646,399,0,0,,,,7536,,,5.0,1e+20,5,0.0079,0.0007,0.0,0.0063,0.0,0.0,,1.7031,1.7181
pegsol-08-strips-p22,0,False,43,107,241,410,62,638,422,0,0,,,,1755,,,4.0,1e+20,4,0.0094,0.0007,0.0,0.0152,0.0,0.0,,0.2758,0.3011
pegsol-08-strips-p23,0,False,48,119,294,478,65,682,413,0,0,,,,790580,,,5.0,1e+20,5,0.0141,0.0007,0.0,0.0054,0.0,0.0,,147.0189,147.0391
pegsol-08-strips-p24,0,False,46,112,259,435,64,660,422,0,0,,,,733,,,5.0,1e+20,5,0.0072,0.0007,0.0,0.0026,0.0,0.0,,0.1457,0.1562
pegsol-08-strips-p25,0,False,48,120,296,482,66,707,440,0,0,,,,29005,,,4.0,1e+20,4,0.0067,0.0007,0.0,0.0035,0.0,0.0,,6.8569,6.8679
pegsol-08-strips-p26,2,False,40,124,312,498,62,674,408,0,0,,,,3184308,,,3.5,1e+20,5,0.008,0.0006,0.0,0.0035,0.0,0.0,,900.4789,900.4912
pegsol-08-strips-p27,0,False,43,124,294,483,65,687,440,0,0,,,,2832,,,5.0,1e+20,5,0.0083,0.0007,0.0,0.0049,0.0,0.0,,0.4166,0.4305
pegsol-08-strips-p28,0,False,42,132,296,494,66,675,444,0,0,,,,121,,,9.0,1e+20,9,0.0097,0.0007,0.0,0.0049,0.0,0.0,,0.1182,0.1335
pegsol-08-strips-p29,0,False,39,138,332,536,66,734,486,0,0,,,,718661,,,8.0,1e+20,8,0.0091,0.0007,0.0,0.007,0.0,0.0,,168.4227,168.4395
pegsol-08-strips-p30,2,False,28,144,348,554,62,714,480,0,0,,,,3185756,,,10.684,1e+20,13,0.0522,0.0007,0.0,0.0173,0.0,0.0,,900.6019,900.6723
pegsol-opt11-strips-p01,0,False,48,95,213,370,62,614,406,0,0,,,,0,,,2.0,1e+20,2,0.007,0.0007,0.0,0.0033,0.0,0.0,,0.1242,0.1353
pegsol-opt11-strips-p02,0,False,44,112,276,450,62,650,400,0,0,,,,292578,,,4.0,1e+20,4,0.0118,0.0006,0.0,0.0055,0.0,0.0,,56.0512,56.0691
pegsol-opt11-strips-p03,0,False,40,100,236,394,58,591,377,0,0,,,,1538,,,5.0,1e+20,5,0.0073,0.0006,0.0,0.0035,0.0,0.0,,0.2997,0.3111
pegsol-opt11-strips-p04,0,False,41,103,251,413,59,601,368,0,0,,,,13841,,,5.0,1e+20,5,0.0084,0.0006,0.0,0.0039,0.0,0.0,,3.1799,3.1929
pegsol-opt11-strips-p05,0,False,50,123,282,470,65,647,413,0,0,,,,20390,,,7.0,1e+20,7,0.0082,0.0007,0.0,0.0036,0.0,0.0,,5.4044,5.4168
pegsol-opt11-strips-p06,2,False,40,100,252,410,58,602,356,0,0,,,,3494399,,,4.0,1e+20,5,0.0111,0.0006,0.0,0.0036,0.0,0.0,,900.1676,900.183
pegsol-opt11-strips-p07,0,False,50,119,287,471,65,668,414,0,0,,,,7723,,,4.0,1e+20,4,0.0135,0.0006,0.0,0.0053,0.0,0.0,,2.4216,2.4412
pegsol-opt11-strips-p08,0,False,50,121,297,484,66,689,424,0,0,,,,7370,,,3.0,1e+20,3,0.0146,0.0007,0.0,0.0062,0.0,0.0,,3.5225,3.5439
pegsol-opt11-strips-p09,0,False,47,114,266,443,63,639,407,0,0,,,,7929,,,4.0,1e+20,4,0.0065,0.0006,0.0,0.0033,0.0,0.0,,1.9882,1.9987
pegsol-opt11-strips-p10,0,False,48,115,271,450,64,646,399,0,0,,,,7536,,,5.0,1e+20,5,0.011,0.0007,0.0,0.0028,0.0,0.0,,1.7015,1.716
pegsol-opt11-strips-p11,0,False,43,107,241,410,62,638,422,0,0,,,,1755,,,4.0,1e+20,4,0.0071,0.0007,0.0,0.0029,0.0,0.0,,0.2763,0.287
pegsol-opt11-strips-p12,0,False,40,100,228,387,59,579,372,0,0,,,,3079,,,6.0,1e+20,6,0.0267,0.0006,0.0,0.004,0.0,0.0,,0.474,0.5054
pegsol-opt11-strips-p13,0,False,48,119,294,478,65,682,413,0,0,,,,790580,,,5.0,1e+20,5,0.0148,0.0007,0.0,0.0066,0.0,0.0,,147.4556,147.4777
pegsol-opt11-strips-p14,0,False,46,112,259,435,64,660,422,0,0,,,,733,,,5.0,1e+20,5,0.0279,0.0007,0.0,0.0055,0.0,0.0,,0.1465,0.1806
pegsol-opt11-strips-p15,0,False,48,120,296,482,66,707,440,0,0,,,,29005,,,4.0,1e+20,4,0.0059,0.0007,0.0,0.0017,0.0,0.0,,6.9027,6.911
pegsol-opt11-strips-p16,2,False,40,124,312,498,62,674,408,0,0,,,,3183210,,,3.5,1e+20,5,0.0099,0.0006,0.0,0.0028,0.0,0.0,,900.4711,900.4845
pegsol-opt11-strips-p17,0,False,43,124,294,483,65,687,440,0,0,,,,2832,,,5.0,1e+20,5,0.0364,0.0007,0.0,0.0053,0.0,0.0,,0.4174,0.4599
pegsol-opt11-strips-p18,0,False,42,132,296,494,66,675,444,0,0,,,,121,,,9.0,1e+20,9,0.0058,0.0007,0.0,0.0033,0.0,0.0,,0.1175,0.1273
pegsol-opt11-strips-p19,0,False,39,138,332,536,66,734,486,0,0,,,,718661,,,8.0,1e+20,8,0.024,0.0007,0.0,0.0032,0.0,0.0,,168.343,168.3709
pegsol-opt11-strips-p20,2,False,28,144,348,554,62,714,480,0,0,,,,3183453,,,10.684,1e+20,13,0.0059,0.0007,0.0,0.0036,0.0,0.0,,900.6628,900.6896
pegsol-sat11-strips-p01,0,False,44,112,276,450,62,650,400,0,0,,,,292578,,,4.0,1e+20,4,0.0104,0.0006,0.0,0.0034,0.0,0.0,,55.9825,55.9969
pegsol-sat11-strips-p02,0,False,40,100,236,394,58,591,377,0,0,,,,1538,,,5.0,1e+20,5,0.0073,0.0006,0.0,0.0017,0.0,0.0,,0.3004,0.31
pegsol-sat11-strips-p03,0,False,41,103,251,413,59,601,368,0,0,,,,13841,,,5.0,1e+20,5,0.0076,0.0006,0.0,0.0033,0.0,0.0,,3.1815,3.193
pegsol-sat11-strips-p04,0,False,50,123,282,470,65,647,413,0,0,,,,20390,,,7.0,1e+20,7,0.4406,0.0007,0.0,0.3619,0.0,0.0,,5.515,6.3183
pegsol-sat11-strips-p05,2,False,40,100,252,410,58,602,356,0,0,,,,3464897,,,4.0,1e+20,5,0.0247,0.0006,0.0,0.0046,0.0,0.0,,900.1579,900.1878
pegsol-sat11-strips-p06,0,False,50,119,287,471,65,668,414,0,0,,,,7723,,,4.0,1e+20,4,0.0272,0.0006,0.0,0.0056,0.0,0.0,,2.4299,2.4635
pegsol-sat11-strips-p07,0,False,47,114,266,443,63,639,407,0,0,,,,7929,,,4.0,1e+20,4,0.0136,0.0006,0.0,0.0035,0.0,0.0,,1.9857,2.0036
pegsol-sat11-strips-p08,0,False,40,100,228,387,59,579,372,0,0,,,,3079,,,6.0,1e+20,6,0.0078,0.0006,0.0,0.0025,0.0,0.0,,0.4737,0.4846
pegsol-sat11-strips-p09,0,False,46,112,259,435,64,660,422,0,0,,,,733,,,5.0,1e+20,5,0.0062,0.0007,0.0,0.0018,0.0,0.0,,0.1459,0.1546
pegsol-sat11-strips-p10,0,False,50,121,297,484,66,689,424,0,0,,,,7370,,,3.0,1e+20,3,0.0133,0.0006,0.0,0.012,0.0,0.0,,2.597,2.623
pegsol-sat11-strips-p11,0,False,48,115,271,450,64,646,399,0,0,,,,7536,,,5.0,1e+20,5,0.0074,0.0007,0.0,0.0066,0.0,0.0,,1.7067,1.7214
pegsol-sat11-strips-p12,0,False,48,119,294,478,65,682,413,0,0,,,,790580,,,5.0,1e+20,5,0.0129,0.0007,0.0,0.0051,0.0,0.0,,147.9444,147.9631
pegsol-sat11-strips-p13,0,False,50,110,251,424,63,617,391,0,0,,,,326,,,4.0,1e+20,4,0.0078,0.0006,0.0,0.0033,0.0,0.0,,0.1377,0.1495
pegsol-sat11-strips-p14,0,False,48,120,296,482,66,707,440,0,0,,,,29005,,,4.0,1e+20,4,0.0058,0.0007,0.0,0.0037,0.0,0.0,,6.8509,6.8611
pegsol-sat11-strips-p15,0,False,51,111,252,428,65,641,404,0,0,,,,1362,,,4.0,1e+20,4,0.0078,0.0006,0.0,0.0028,0.0,0.0,,0.1693,0.1805
pegsol-sat11-strips-p16,2,False,40,124,312,498,62,674,408,0,0,,,,3184216,,,3.5,1e+20,5,0.0066,0.0006,0.0,0.002,0.0,0.0,,900.4733,900.4826
pegsol-sat11-strips-p17,0,False,43,124,294,483,65,687,440,0,0,,,,2832,,,5.0,1e+20,5,0.0064,0.0007,0.0,0.0021,0.0,0.0,,0.4159,0.4251
pegsol-sat11-strips-p18,0,False,42,132,296,494,66,675,444,0,0,,,,121,,,9.0,1e+20,9,0.01,0.0007,0.0,0.0087,0.0,0.0,,0.1179,0.1373
pegsol-sat11-strips-p19,0,False,39,138,332,536,66,734,486,0,0,,,,718661,,,8.0,1e+20,8,0.0058,0.0007,0.0,0.0019,0.0,0.0,,168.3908,168.3992
pegsol-sat11-strips-p20,2,False,28,144,348,554,62,714,480,0,0,,,,3188508,,,10.687,1e+20,13,0.0067,0.0007,0.0,0.002,0.0,0.0,,900.6438,900.6533
petri-net-alignment-opt18-strips-p01,0,False,115,440,630,1449,361,1649,907,0,0,,,,0,,,7.0,1e+20,7,0.0285,0.0093,0.0,0.0049,0.0,0.0,,0.1363,0.179
petri-net-alignment-opt18-strips-p02,0,False,147,593,850,1919,458,2194,1254,0,0,,,,111269,,,18.0,1e+20,18,0.0114,0.0147,0.0,0.0057,0.0,0.0,,58.5666,58.5985
petri-net-alignment-opt18-strips-p03,0,False,147,699,1018,2246,511,2581,1529,0,0,,,,414842,,,33.0,1e+20,33,0.0121,0.0189,0.0,0.0065,0.0,0.0,,211.0026,211.0412
petri-net-alignment-opt18-strips-p04,2,False,147,717,1043,2298,520,2643,1577,0,0,,,,1225197,,,27.454,1e+20,47,0.0315,0.0196,0.0,0.0059,0.0,0.0,,900.1891,900.2474
petri-net-alignment-opt18-strips-p05,0,False,126,559,802,1806,427,2061,1187,0,0,,,,668222,,,42.0,1e+20,42,0.0098,0.0131,0.0,0.0035,0.0,0.0,,213.1684,213.1948
petri-net-alignment-opt18-strips-p06,2,False,147,719,1044,2302,521,2643,1575,0,0,,,,1314281,,,31.298,1e+20,65,0.036,0.0193,0.0,0.007,0.0,0.0,,900.1962,900.2598
petri-net-alignment-opt18-strips-p07,2,False,147,683,989,2193,503,2517,1488,0,0,,,,1360016,,,41.856,1e+20,57,0.0128,0.0177,0.0,0.0064,0.0,0.0,,900.3093,900.3474
petri-net-alignment-opt18-strips-p08,2,False,147,721,1045,2306,522,2647,1581,0,0,,,,1131127,,,31.624,1e+20,71,0.0492,0.0195,0.0,0.0092,0.0,0.0,,900.2412,900.3204
petri-net-alignment-opt18-strips-p09,2,False,147,700,1013,2243,512,2575,1528,0,0,,,,1495115,,,38.946,1e+20,59,0.0539,0.0189,0.0,0.0055,0.0,0.0,,900.2804,900.3599
petri-net-alignment-opt18-strips-p10,2,False,147,887,1293,2803,605,3227,1994,0,0,,,,667585,,,22.987,1e+20,98,0.0133,0.0286,0.0,0.0055,0.0,0.0,,900.1308,900.1802
petri-net-alignment-opt18-strips-p11,2,False,146,775,1115,2457,549,2817,1698,0,0,,,,1223314,,,42.339,1e+20,65,0.0118,0.0231,0.0,0.0057,0.0,0.0,,900.2445,900.2853
petri-net-alignment-opt18-strips-p12,2,False,147,1013,1483,3183,669,3672,2303,0,0,,,,498214,,,16.621,1e+20,95,0.035,0.0365,0.0,0.0101,0.0,0.0,,900.0501,900.1341
petri-net-alignment-opt18-strips-p13,2,False,147,884,1288,2794,604,3217,1980,0,0,,,,1167618,,,28.02,1e+20,89,0.0183,0.0281,0.0,0.0144,0.0,0.0,,900.3104,900.3731
petri-net-alignment-opt18-strips-p14,2,False,115,875,1269,2742,580,3148,1961,0,0,,,,521353,,,14.369,1e+20,82,0.0156,0.0295,0.0,0.0053,0.0,0.0,,900.0984,900.1527
petri-net-alignment-opt18-strips-p15,2,False,147,874,1268,2759,599,3173,1951,0,0,,,,1027391,,,32.802,1e+20,84,0.0303,0.028,0.0,0.0178,0.0,0.0,,900.0137,900.0916
petri-net-alignment-opt18-strips-p16,2,False,147,959,1397,3016,642,3472,2158,0,0,,,,862954,,,21.848,1e+20,75,0.0167,0.0332,0.0,0.0081,0.0,0.0,,900.197,900.2572
petri-net-alignment-opt18-strips-p17,2,False,147,993,1456,3126,659,3608,2256,0,0,,,,382267,,,10.415,1e+20,92,0.0166,0.0358,0.0,0.0069,0.0,0.0,,900.0776,900.1393
petri-net-alignment-opt18-strips-p18,2,False,115,936,1367,2931,610,3374,2124,0,0,,,,754044,,,24.003,1e+20,78,0.0163,0.032,0.0,0.0071,0.0,0.0,,900.1715,900.2353
petri-net-alignment-opt18-strips-p19,2,False,147,992,1450,3118,658,3593,2247,0,0,,,,728832,,,16.336,1e+20,64,0.0162,0.0356,0.0,0.0063,0.0,0.0,,900.1573,900.2178
petri-net-alignment-opt18-strips-p20,2,False,147,1017,1490,3196,671,3688,2313,0,0,,,,952063,,,20.754,1e+20,84,0.016,0.0372,0.0,0.0064,0.0,0.0,,900.2494,900.3116
philosophers-p01-phil2,-3,False,0,0,0,0,0,0,0,0,0,,,,0,,,0.0,1e+20,1e+20,0,0,0,0,0,0,,0,0
philosophers-p02-phil3,-3,False,0,0,0,0,0,0,0,0,0,,,,0,,,0.0,1e+20,1e+20,0,0,0,0,0,0,,0,0
philosophers-p03-phil4,-3,False,0,0,0,0,0,0,0,0,0,,,,0,,,0.0,1e+20,1e+20,0,0,0,0,0,0,,0,0
philosophers-p04-phil5,-3,False,0,0,0,0,0,0,0,0,0,,,,0,,,0.0,1e+20,1e+20,0,0,0,0,0,0,,0,0
philosophers-p05-phil6,-3,False,0,0,0,0,0,0,0,0,0,,,,0,,,0.0,1e+20,1e+20,0,0,0,0,0,0,,0,0
philosophers-p06-phil7,-3,False,0,0,0,0,0,0,0,0,0,,,,0,,,0.0,1e+20,1e+20,0,0,0,0,0,0,,0,0
philosophers-p07-phil8,-3,False,0,0,0,0,0,0,0,0,0,,,,0,,,0.0,1e+20,1e+20,0,0,0,0,0,0,,0,0
philosophers-p08-phil9,-3,False,0,0,0,0,0,0,0,0,0,,,,0,,,0.0,1e+20,1e+20,0,0,0,0,0,0,,0,0
philosophers-p09-phil10,-3,False,0,0,0,0,0,0,0,0,0,,,,0,,,0.0,1e+20,1e+20,0,0,0,0,0,0,,0,0
philosophers-p10-phil11,-3,False,0,0,0,0,0,0,0,0,0,,,,0,,,0.0,1e+20,1e+20,0,0,0,0,0,0,,0,0
philosophers-p11-phil12,-3,False,0,0,0,0,0,0,0,0,0,,,,0,,,0.0,1e+20,1e+20,0,0,0,0,0,0,,0,0
philosophers-p12-phil13,-3,False,0,0,0,0,0,0,0,0,0,,,,0,,,0.0,1e+20,1e+20,0,0,0,0,0,0,,0,0
philosophers-p13-phil14,-3,False,0,0,0,0,0,0,0,0,0,,,,0,,,0.0,1e+20,1e+20,0,0,0,0,0,0,,0,0
philosophers-p14-phil15,-3,False,0,0,0,0,0,0,0,0,0,,,,0,,,0.0,1e+20,1e+20,0,0,0,0,0,0,,0,0
philosophers-p15-phil16,-3,False,0,0,0,0,0,0,0,0,0,,,,0,,,0.0,1e+20,1e+20,0,0,0,0,0,0,,0,0
philosophers-p16-phil17,-3,False,0,0,0,0,0,0,0,0,0,,,,0,,,0.0,1e+20,1e+20,0,0,0,0,0,0,,0,0
philosophers-p17-phil18,-3,False,0,0,0,0,0,0,0,0,0,,,,0,,,0.0,1e+20,1e+20,0,0,0,0,0,0,,0,0
philosophers-p18-phil19,-3,False,0,0,0,0,0,0,0,0,0,,,,0,,,0.0,1e+20,1e+20,0,0,0,0,0,0,,0,0
philosophers-p19-phil20,-3,False,0,0,0,0,0,0,0,0,0,,,,0,,,0.0,1e+20,1e+20,0,0,0,0,0,0,,0,0
philosophers-p20-phil21,-3,False,0,0,0,0,0,0,0,0,0,,,,0,,,0.0,1e+20,1e+20,0,0,0,0,0,0,,0,0
philosophers-p21-phil22,-3,False,0,0,0,0,0,0,0,0,0,,,,0,,,0.0,1e+20,1e+20,0,0,0,0,0,0,,0,0
philosophers-p22-phil23,-3,False,0,0,0,0,0,0,0,0,0,,,,0,,,0.0,1e+20,1e+20,0,0,0,0,0,0,,0,0
philosophers-p23-phil24,-3,False,0,0,0,0,0,0,0,0,0,,,,0,,,0.0,1e+20,1e+20,0,0,0,0,0,0,,0,0
philosophers-p24-phil25,-3,False,0,0,0,0,0,0,0,0,0,,,,0,,,0.0,1e+20,1e+20,0,0,0,0,0,0,,0,0
philosophers-p25-phil26,-3,False,0,0,0,0,0,0,0,0,0,,,,0,,,0.0,1e+20,1e+20,0,0,0,0,0,0,,0,0
philosophers-p26-phil27,-3,False,0,0,0,0,0,0,0,0,0,,,,0,,,0.0,1e+20,1e+20,0,0,0,0,0,0,,0,0
philosophers-p27-phil28,-3,False,0,0,0,0,0,0,0,0,0,,,,0,,,0.0,1e+20,1e+20,0,0,0,0,0,0,,0,0
philosophers-p28-phil29,-3,False,0,0,0,0,0,0,0,0,0,,,,0,,,0.0,1e+20,1e+20,0,0,0,0,0,0,,0,0
philosophers-p29-phil30,-3,False,0,0,0,0,0,0,0,0,0,,,,0,,,0.0,1e+20,1e+20,0,0,0,0,0,0,,0,0
philosophers-p30-phil31,-3,False,0,0,0,0,0,0,0,0,0,,,,0,,,0.0,1e+20,1e+20,0,0,0,0,0,0,,0,0
philosophers-p31-phil32,-3,False,0,0,0,0,0,0,0,0,0,,,,0,,,0.0,1e+20,1e+20,0,0,0,0,0,0,,0,0
philosophers-p32-phil33,-3,False,0,0,0,0,0,0,0,0,0,,,,0,,,0.0,1e+20,1e+20,0,0,0,0,0,0,,0,0
philosophers-p33-phil34,-3,False,0,0,0,0,0,0,0,0,0,,,,0,,,0.0,1e+20,1e+20,0,0,0,0,0,0,,0,0
philosophers-p34-phil35,-3,False,0,0,0,0,0,0,0,0,0,,,,0,,,0.0,1e+20,1e+20,0,0,0,0,0,0,,0,0
philosophers-p35-phil36,-3,False,0,0,0,0,0,0,0,0,0,,,,0,,,0.0,1e+20,1e+20,0,0,0,0,0,0,,0,0
philosophers-p36-phil37,-3,False,0,0,0,0,0,0,0,0,0,,,,0,,,0.0,1e+20,1e+20,0,0,0,0,0,0,,0,0
philosophers-p37-phil38,-3,False,0,0,0,0,0,0,0,0,0,,,,0,,,0.0,1e+20,1e+20,0,0,0,0,0,0,,0,0
philosophers-p38-phil39,-3,False,0,0,0,0,0,0,0,0,0,,,,0,,,0.0,1e+20,1e+20,0,0,0,0,0,0,,0,0
philosophers-p39-phil40,-3,False,0,0,0,0,0,0,0,0,0,,,,0,,,0.0,1e+20,1e+20,0,0,0,0,0,0,,0,0
philosophers-p40-phil41,-3,False,0,0,0,0,0,0,0,0,0,,,,0,,,0.0,1e+20,1e+20,0,0,0,0,0,0,,0,0
philosophers-p41-phil42,-3,False,0,0,0,0,0,0,0,0,0,,,,0,,,0.0,1e+20,1e+20,0,0,0,0,0,0,,0,0
philosophers-p42-phil43,-3,False,0,0,0,0,0,0,0,0,0,,,,0,,,0.0,1e+20,1e+20,0,0,0,0,0,0,,0,0
philosophers-p43-phil44,-3,False,0,0,0,0,0,0,0,0,0,,,,0,,,0.0,1e+20,1e+20,0,0,0,0,0,0,,0,0
philosophers-p44-phil45,-3,False,0,0,0,0,0,0,0,0,0,,,,0,,,0.0,1e+20,1e+20,0,0,0,0,0,0,,0,0
philosophers-p45-phil46,-3,False,0,0,0,0,0,0,0,0,0,,,,0,,,0.0,1e+20,1e+20,0,0,0,0,0,0,,0,0
philosophers-p46-phil47,-3,False,0,0,0,0,0,0,0,0,0,,,,0,,,0.0,1e+20,1e+20,0,0,0,0,0,0,,0,0
philosophers-p47-phil48,-3,False,0,0,0,0,0,0,0,0,0,,,,0,,,0.0,1e+20,1e+20,0,0,0,0,0,0,,0,0
philosophers-p48-phil49,-3,False,0,0,0,0,0,0,0,0,0,,,,0,,,0.0,1e+20,1e+20,0,0,0,0,0,0,,0,0
pipesworld-notankage-p01-net1-b6-g2,0,True,22,38,119,192,35,237,116,0,0,,,,0,,,5.0,1e+20,5,0.0059,0.0003,0.0,0.0026,0.0,0.0,,0.0152,0.024
pipesworld-notankage-p02-net1-b6-g4,0,True,19,38,130,205,37,258,124,0,0,,,,0,,,7.0,1e+20,7,0.008,0.0003,0.0,0.003,0.0,0.0,,0.019,0.0304
pipesworld-notankage-p03-net1-b8-g3,0,True,34,59,202,314,53,410,226,0,0,,,,0,,,7.0,1e+20,7,0.0272,0.0007,0.0,0.0018,0.0,0.0,,0.0193,0.0491
pipesworld-notankage-p04-net1-b8-g5,0,True,32,59,202,314,53,410,226,0,0,,,,0,,,7.0,1e+20,7,0.0093,0.0006,0.0,0.0026,0.0,0.0,,0.0196,0.0322
pipesworld-notankage-p05-net1-b10-g4,0,True,45,98,341,504,65,675,397,0,0,,,,0,,,7.0,1e+20,7,0.0131,0.0012,0.0,0.0034,0.0,0.0,,0.0328,0.0505
pipesworld-notankage-p06-net1-b10-g6,0,True,41,98,343,507,66,679,398,0,0,,,,0,,,9.0,1e+20,9,0.0268,0.0012,0.0,0.0038,0.0,0.0,,0.0327,0.0646
pipesworld-notankage-p07-net1-b12-g5,0,True,54,148,467,693,78,944,605,0,0,,,,0,,,8.0,1e+20,8,0.0092,0.0019,0.0,0.0036,0.0,0.0,,0.0469,0.0616
pipesworld-notankage-p08-net1-b12-g7,0,True,48,148,480,708,80,971,617,0,0,,,,0,,,10.0,1e+20,10,0.008,0.0019,0.0,0.0019,0.0,0.0,,0.0566,0.0685
pipesworld-notankage-p09-net1-b14-g6,0,True,55,198,660,950,92,1314,868,0,0,,,,0,,,13.0,1e+20,13,0.01,0.0027,0.0,0.0045,0.0,0.0,,0.2171,0.2344
pipesworld-notankage-p10-net1-b14-g8,0,True,46,198,681,973,94,1355,886,0,0,,,,294,,,17.0,1e+20,17,0.0124,0.0027,0.0,0.0028,0.0,0.0,,0.2286,0.2466
pipesworld-notankage-p11-net2-b10-g2,0,True,156,738,1572,2479,169,3315,3264,0,0,,,,138,,,11.0,1e+20,11,0.0647,0.006,0.0,0.0158,0.0,0.0,,2.1268,2.2134
pipesworld-notankage-p12-net2-b10-g4,0,True,152,738,1572,2479,169,3315,3264,0,0,,,,78,,,13.0,1e+20,13,0.0104,0.0061,0.0,0.0059,0.0,0.0,,1.5022,1.5246
pipesworld-notankage-p13-net2-b12-g3,0,True,189,913,1953,3072,206,4117,4010,0,0,,,,0,,,12.0,1e+20,12,0.0167,0.0089,0.0,0.0072,0.0,0.0,,0.6995,0.7323
pipesworld-notankage-p14-net2-b12-g5,0,True,191,984,2109,3309,216,4427,4436,0,0,,,,26556,,,18.0,1e+20,18,0.0146,0.0093,0.0,0.0065,0.0,0.0,,205.4675,205.498
pipesworld-notankage-p15-net2-b14-g4,0,True,202,940,1936,3097,221,4171,4066,0,0,,,,441,,,14.0,1e+20,14,0.0151,0.0098,0.0,0.0075,0.0,0.0,,3.795,3.8273
pipesworld-notankage-p16-net2-b14-g6,0,True,198,940,1948,3110,222,4196,4078,0,0,,,,2485,,,19.0,1e+20,19,0.0135,0.0099,0.0,0.0056,0.0,0.0,,11.3225,11.3516
pipesworld-notankage-p17-net2-b16-g5,0,True,295,1558,3291,5163,314,6862,6984,0,0,,,,0,,,12.0,1e+20,12,0.0394,0.0201,0.0,0.0097,0.0,0.0,,2.0109,2.0803
pipesworld-notankage-p18-net2-b16-g7,0,True,289,1558,3336,5210,316,6951,7026,0,0,,,,5978,,,18.0,1e+20,18,0.0178,0.0195,0.0,0.0078,0.0,0.0,,119.5291,119.5744
pipesworld-notankage-p19-net2-b18-g6,2,True,350,1900,4069,6344,375,8499,8417,0,0,,,,68589,,,18.5,1e+20,20,0.0228,0.0293,0.0,0.0106,0.0,0.0,,900.0303,900.0933
pipesworld-notankage-p20-net2-b18-g8,2,True,345,1900,4106,6383,377,8573,8452,0,0,,,,33096,,,21.003,1e+20,23,0.0232,0.0294,0.0,0.0108,0.0,0.0,,899.9859,900.0495
pipesworld-notankage-p21-net3-b12-g2,0,True,229,1025,2205,3470,240,4704,4641,0,0,,,,0,,,9.0,1e+20,9,0.0254,0.0117,0.0,0.0084,0.0,0.0,,0.796,0.8416
pipesworld-notankage-p22-net3-b12-g4,0,True,219,1025,2253,3525,247,4802,4690,0,0,,,,2444,,,19.0,1e+20,19,0.0146,0.0121,0.0,0.0051,0.0,0.0,,16.4754,16.5073
pipesworld-notankage-p23-net3-b14-g3,0,True,297,1466,3231,5016,319,6771,6756,0,0,,,,446,,,14.0,1e+20,14,0.0213,0.0209,0.0,0.0083,0.0,0.0,,3.5349,3.5856
pipesworld-notankage-p24-net3-b14-g5,0,True,293,1466,3278,5065,321,6863,6799,0,0,,,,466,,,18.0,1e+20,18,0.0217,0.0223,0.0,0.0103,0.0,0.0,,8.835,8.8896
pipesworld-notankage-p25-net3-b16-g5,0,True,363,1900,4159,6452,393,8683,8810,0,0,,,,10657,,,20.0,1e+20,20,0.0267,0.0343,0.0,0.0112,0.0,0.0,,182.2592,182.3316
pipesworld-notankage-p26-net3-b16-g7,0,True,355,1900,4187,6482,395,8738,8835,0,0,,,,10952,,,24.0,1e+20,24,0.0265,0.0348,0.0,0.0119,0.0,0.0,,418.6397,418.7131
pipesworld-notankage-p27-net3-b18-g6,0,True,429,2280,5085,7824,459,10597,10449,0,0,,,,4983,,,19.0,1e+20,19,0.0302,0.0481,0.0,0.0125,0.0,0.0,,174.0684,174.1596
pipesworld-notankage-p28-net3-b18-g7,0,True,424,2280,5099,7839,460,10625,10462,0,0,,,,2667,,,25.0,1e+20,25,0.0302,0.0479,0.0,0.0125,0.0,0.0,,94.8309,94.9217
pipesworld-notankage-p29-net3-b20-g6,0,True,522,2910,6425,9888,553,13354,13436,0,0,,,,6522,,,21.0,1e+20,21,0.065,0.0718,0.0,0.018,0.0,0.0,,329.2892,329.4444
pipesworld-notankage-p30-net3-b20-g8,2,True,468,2661,5817,8984,506,11991,11948,0,0,,,,48971,,,29.0,1e+20,30,0.0471,0.0561,0.0,0.0228,0.0,0.0,,899.9227,900.0492
pipesworld-notankage-p31-net4-b14-g3,3,True,325,2131,5171,7639,337,10240,11109,0,0,,,,8306,,,0.0,1e+20,1e+20,0.0248,0.0394,0.0,0.0116,0.0,0.0,,899.9488,900.0249
pipesworld-notankage-p32-net4-b14-g5,3,True,320,2131,5193,7663,339,10290,11142,0,0,,,,10728,,,0.0,1e+20,1e+20,0.0243,0.0404,0.0,0.016,0.0,0.0,,899.9481,900.0289
pipesworld-notankage-p33-net4-b16-g5,3,True,359,2256,5479,8112,377,10901,11799,0,0,,,,8775,,,0.0,1e+20,1e+20,0.0301,0.0448,0.0,0.0169,0.0,0.0,,899.9387,900.0308
pipesworld-notankage-p34-net4-b16-g6,3,True,385,2589,6372,9370,409,12580,13744,0,0,,,,6792,,,0.0,1e+20,1e+20,0.032,0.0593,0.0,0.0156,0.0,0.0,,899.9101,900.0174
pipesworld-notankage-p35-net4-b18-g4,3,True,475,3482,8431,12402,489,16442,17982,0,0,,,,5748,,,0.0,1e+20,1e+20,0.0434,0.0892,0.0,0.0211,0.0,0.0,,899.9073,900.0615
pipesworld-notankage-p36-net4-b18-g6,3,True,470,3482,8499,12473,492,16580,18078,0,0,,,,5616,,,0.0,1e+20,1e+20,0.045,0.0902,0.0,0.0211,0.0,0.0,,899.8718,900.0284
pipesworld-notankage-p37-net4-b20-g5,3,True,546,3944,9730,14236,562,18953,20708,0,0,,,,5312,,,0.0,1e+20,1e+20,0.0517,0.117,0.0,0.0288,0.0,0.0,,899.8481,900.046
pipesworld-notankage-p38-net4-b20-g7,3,True,544,3944,9784,14291,563,19059,20759,0,0,,,,3202,,,0.0,1e+20,1e+20,0.0959,0.1183,0.0,0.0472,0.0,0.0,,899.7672,900.029
pipesworld-notankage-p39-net4-b22-g7,3,True,669,5227,12906,18829,696,25095,27813,0,0,,,,1795,,,0.0,1e+20,1e+20,0.0784,0.1957,0.0,0.0397,0.0,0.0,,899.782,900.0962
pipesworld-notankage-p40-net4-b22-g8,3,True,668,5227,12944,18868,697,25170,27849,0,0,,,,3223,,,0.0,1e+20,1e+20,0.0712,0.196,0.0,0.0357,0.0,0.0,,899.7261,900.0294
pipesworld-notankage-p41-net5-b22-g2,0,True,739,6840,16252,23837,745,31701,36582,0,0,,,,1859,,,8.0,1e+20,8,0.1001,0.2676,0.0,0.0518,0.0,0.0,,460.7067,461.1267
pipesworld-notankage-p42-net5-b22-g4,3,True,729,6840,16385,23977,752,31966,36742,0,0,,,,2754,,,0.0,1e+20,1e+20,0.1121,0.2695,0.0,0.0485,0.0,0.0,,899.6056,900.0362
pipesworld-notankage-p43-net5-b24-g3,3,True,838,8293,19762,28913,858,38289,43802,0,0,,,,2695,,,0.0,1e+20,1e+20,0.1271,0.3637,0.0,0.0667,0.0,0.0,,899.4919,900.0505
pipesworld-notankage-p44-net5-b24-g5,3,True,836,8293,19826,28981,862,38439,43903,0,0,,,,2891,,,0.0,1e+20,1e+20,0.1209,0.3587,0.0,0.0644,0.0,0.0,,899.5029,900.0479
pipesworld-notankage-p45-net5-b26-g4,3,True,949,9665,23109,33747,973,44701,51147,0,0,,,,2483,,,0.0,1e+20,1e+20,0.1484,0.459,0.0,1.3868,0.0,0.0,,898.0906,900.0887
pipesworld-notankage-p46-net5-b26-g6,3,True,946,9665,23192,33833,976,44871,51255,0,0,,,,1508,,,0.0,1e+20,1e+20,0.1491,0.4636,0.0,0.0794,0.0,0.0,,899.3596,900.0528
pipesworld-notankage-p47-net5-b28-g5,3,True,1048,10852,25753,37686,1081,49847,57772,0,0,,,,1731,,,0.0,1e+20,1e+20,0.1833,0.5723,0.0,0.091,0.0,0.0,,899.207,900.0548
pipesworld-notankage-p48-net5-b28-g7,3,True,1043,10852,25859,37795,1084,50064,57898,0,0,,,,1847,,,0.0,1e+20,1e+20,0.1809,0.5825,0.0,0.0942,0.0,0.0,,899.2069,900.0657
pipesworld-notankage-p49-net5-b30-g6,3,True,1172,12349,29452,42997,1196,56855,65620,0,0,,,,1405,,,0.0,1e+20,1e+20,0.2507,0.7082,0.0,0.1144,0.0,0.0,,898.9787,900.0534
pipesworld-notankage-p50-net5-b30-g8,3,True,1162,12349,29507,43055,1199,56961,65685,0,0,,,,1776,,,0.0,1e+20,1e+20,0.2214,0.7144,0.0,0.1145,0.0,0.0,,898.9954,900.047
pipesworld-tankage-p01-net1-b6-g2-t50,0,True,28,46,149,235,40,357,228,0,0,,,,0,,,5.0,1e+20,5,0.0246,0.0003,0.0,0.0022,0.0,0.0,,0.0184,0.0456
pipesworld-tankage-p02-net1-b6-g4-t50,0,True,22,46,156,243,41,371,234,0,0,,,,0,,,7.0,1e+20,7,0.005,0.0003,0.0,0.0028,0.0,0.0,,0.0239,0.0321
pipesworld-tankage-p03-net1-b8-g3-t80,0,True,42,188,604,848,56,996,1116,0,0,,,,0,,,7.0,1e+20,7,0.0289,0.0025,0.0,0.006,0.0,0.0,,0.077,0.1144
pipesworld-tankage-p04-net1-b8-g5-t80,0,True,40,199,632,887,56,1041,1193,0,0,,,,0,,,7.0,1e+20,7,0.0094,0.0024,0.0,0.0027,0.0,0.0,,0.0852,0.0998
pipesworld-tankage-p05-net1-b10-g4-t50,0,True,46,155,566,783,62,1004,792,0,0,,,,0,,,7.0,1e+20,7,0.0155,0.0028,0.0,0.0118,0.0,0.0,,0.0627,0.0929
pipesworld-tankage-p06-net1-b10-g6-t50,0,True,41,155,568,786,63,1008,793,0,0,,,,0,,,9.0,1e+20,9,0.0292,0.0029,0.0,0.0027,0.0,0.0,,0.0617,0.0965
pipesworld-tankage-p07-net1-b12-g5-t80,0,True,64,522,1785,2386,79,2548,2701,0,0,,,,0,,,8.0,1e+20,8,0.0204,0.0152,0.0,0.0038,0.0,0.0,,0.1837,0.2232
pipesworld-tankage-p08-net1-b12-g7-t80,0,True,60,522,1851,2454,81,2634,2763,0,0,,,,6,,,10.0,1e+20,10,0.018,0.0148,0.0,0.0043,0.0,0.0,,0.4063,0.4436
pipesworld-tankage-p09-net1-b14-g6-t50,0,True,60,941,3042,4069,86,4028,4965,0,0,,,,707,,,13.0,1e+20,13,0.0268,0.0178,0.0,0.0061,0.0,0.0,,1.8816,1.9326
pipesworld-tankage-p10-net1-b14-g8-t50,0,True,54,941,3125,4154,88,4153,5074,0,0,,,,1968,,,17.0,1e+20,17,0.2579,0.017,0.0,0.0094,0.0,0.0,,2.6023,2.8868
pipesworld-tankage-p11-net2-b10-g2-t30,0,True,165,994,2905,4075,176,5165,6700,0,0,,,,5430,,,12.0,1e+20,12,0.0156,0.0172,0.0,0.0076,0.0,0.0,,64.4803,64.5209
pipesworld-tankage-p12-net2-b10-g4-t60,0,True,167,1548,4405,6135,182,7119,11004,0,0,,,,5673,,,13.0,1e+20,13,0.0222,0.0294,0.0,0.0111,0.0,0.0,,99.8888,99.9518
pipesworld-tankage-p13-net2-b12-g3-t70,0,True,213,2379,6477,9083,227,10364,17035,0,0,,,,12383,,,12.0,1e+20,12,0.0265,0.0499,0.0,0.0146,0.0,0.0,,662.1992,662.2905
pipesworld-tankage-p14-net2-b12-g5-t30,2,True,206,1801,4803,6828,224,7964,12541,0,0,,,,25963,,,14.25,1e+20,19,0.0263,0.0325,0.0,0.0108,0.0,0.0,,899.9979,900.0678
pipesworld-tankage-p15-net2-b14-g4-t30,0,True,218,1348,3426,5005,231,6237,8330,0,0,,,,3209,,,14.0,1e+20,14,0.4465,0.0287,0.0,0.3957,0.0,0.0,,25.1595,26.0306
pipesworld-tankage-p16-net2-b14-g6-t80,3,True,234,3342,9187,12780,251,13723,24568,0,0,,,,10032,,,0.0,1e+20,1e+20,0.0368,0.0947,0.0,0.0305,0.0,0.0,,899.9272,900.0896
pipesworld-tankage-p17-net2-b16-g5-t20,0,True,300,1959,4843,7121,319,8889,12224,0,0,,,,0,,,13.0,1e+20,13,0.0271,0.0452,0.0,0.0155,0.0,0.0,,9.204,9.2921
pipesworld-tankage-p18-net2-b16-g7-t60,2,True,319,4813,13246,18397,338,19622,36261,0,0,,,,3481,,,14.333,1e+20,18,0.0666,0.1479,0.0,0.0281,0.0,0.0,,899.7992,900.0422
pipesworld-tankage-p19-net2-b18-g6-t60,3,True,378,4223,11752,16371,396,18535,30045,0,0,,,,5572,,,0.0,1e+20,1e+20,0.5008,0.1769,0.0,0.3597,0.0,0.0,,899.6244,900.7641
pipesworld-tankage-p20-net2-b18-g8-t90,2,True,399,8789,24023,33232,420,34052,65827,0,0,,,,3288,,,18.0,1e+20,25,0.1147,0.42,0.0,0.0595,0.0,0.0,,899.4694,900.0645
pipesworld-tankage-p21-net3-b12-g2-t60,0,True,246,2182,5913,8348,253,9889,15875,0,0,,,,3632,,,9.0,1e+20,9,0.0473,0.0473,0.0,0.0215,0.0,0.0,,18.3522,18.4686
pipesworld-tankage-p22-net3-b12-g4-t60,2,True,238,2177,5928,8359,254,9921,15873,0,0,,,,17503,,,15.387,1e+20,20,0.0256,0.048,0.0,0.0138,0.0,0.0,,899.9739,900.0617
pipesworld-tankage-p23-net3-b14-g3-t60,2,True,316,4452,12686,17472,334,18947,33417,0,0,,,,2992,,,12.0,1e+20,16,0.053,0.1493,0.0,0.0287,0.0,0.0,,899.8009,900.0323
pipesworld-tankage-p24-net3-b14-g5-t60,2,True,312,4375,12527,17236,334,18715,32933,0,0,,,,4965,,,15.0,1e+20,20,0.0689,0.148,0.0,0.0264,0.0,0.0,,899.7879,900.0315
pipesworld-tankage-p25-net3-b16-g5-t60,2,True,394,6948,19718,27080,414,28458,51414,0,0,,,,3071,,,17.0,1e+20,27,0.1027,0.3554,0.0,0.043,0.0,0.0,,899.6032,900.1055
pipesworld-tankage-p26-net3-b16-g7-t70,3,True,392,7771,22010,30199,418,31274,57482,0,0,,,,2414,,,0.0,1e+20,1e+20,0.1371,0.4255,0.0,0.0506,0.0,0.0,,899.4477,900.0623
pipesworld-tankage-p27-net3-b18-g6-t70,2,True,461,8116,22413,31009,480,33119,58097,0,0,,,,1122,,,15.0,1e+20,31,0.1227,0.4492,0.0,0.0543,0.0,0.0,,899.412,900.0401
pipesworld-tankage-p28-net3-b18-g7-t70,3,True,454,8116,22413,31009,480,33119,58097,0,0,,,,1365,,,0.0,1e+20,1e+20,0.1225,0.4483,0.0,0.0548,0.0,0.0,,899.4208,900.0482
pipesworld-tankage-p29-net3-b20-g6-t70,2,True,561,11951,33019,45551,581,47130,86762,0,0,,,,2464,,,16.008,1e+20,23,0.187,0.8257,0.0,0.0856,0.0,0.0,,899.0258,900.1271
pipesworld-tankage-p30-net3-b20-g8-t70,3,True,519,12786,37987,51317,544,50655,93399,0,0,,,,2813,,,0.0,1e+20,1e+20,0.1918,0.8962,0.0,0.096,0.0,0.0,,898.9544,900.1404
pipesworld-tankage-p31-net4-b14-g3-t20,3,True,245,1509,3916,5680,255,7455,10181,0,0,,,,18672,,,0.0,1e+20,1e+20,0.0232,0.0262,0.0,0.0101,0.0,0.0,,900.0046,900.0643
pipesworld-tankage-p32-net4-b14-g5-t30,3,True,329,3425,10311,14081,345,17506,27152,0,0,,,,3339,,,0.0,1e+20,1e+20,0.0582,0.1299,0.0,0.0272,0.0,0.0,,899.8154,900.0311
pipesworld-tankage-p33-net4-b16-g5-t60,3,True,377,7138,20848,28375,389,30606,57620,0,0,,,,1121,,,0.0,1e+20,1e+20,0.0687,0.2709,0.0,0.0483,0.0,0.0,,899.686,900.0746
pipesworld-tankage-p34-net4-b16-g6-t60,3,True,413,9488,27637,37550,425,40040,77058,0,0,,,,1926,,,0.0,1e+20,1e+20,0.0862,0.425,0.0,0.062,0.0,0.0,,899.4872,900.0616
pipesworld-tankage-p35-net4-b18-g4-t90,3,True,537,21724,62972,85239,543,84073,174240,0,0,,,,1133,,,0.0,1e+20,1e+20,0.2633,1.7612,0.0,0.1676,0.0,0.0,,897.9397,900.1358
pipesworld-tankage-p36-net4-b18-g6-t90,3,True,533,21724,63068,85336,544,84212,174420,0,0,,,,0,,,0.0,1e+20,1e+20,0.2649,1.7763,0.0,0.1668,0.0,0.0,,897.8692,900.081
pipesworld-tankage-p37-net4-b20-g5-t60,3,True,576,16940,50267,67790,583,69443,137709,0,0,,,,122,,,0.0,1e+20,1e+20,0.2358,1.1414,0.0,0.1426,0.0,0.0,,898.9782,900.4999
pipesworld-tankage-p38-net4-b20-g7-t60,2,True,574,16940,50267,67790,583,69443,137709,0,0,,,,79,,,11.0,1e+20,27,0.1851,1.1415,0.0,0.1286,0.0,0.0,,898.6442,900.1017
pipesworld-tankage-p39-net4-b22-g7-t50,2,True,700,21823,63794,86331,714,89248,175678,0,0,,,,44,,,14.0,1e+20,26,0.3135,1.901,0.0,0.711,0.0,0.0,,897.2352,900.1646
pipesworld-tankage-p40-net4-b22-g8-t50,3,True,699,21823,63794,86331,714,89248,175678,0,0,,,,0,,,0.0,1e+20,1e+20,0.2788,1.9086,0.0,0.1892,0.0,0.0,,897.7554,900.136
pipesworld-tankage-p41-net5-b22-g2-t20,3,True,743,12877,36885,50509,747,58735,102648,0,0,,,,712,,,0.0,1e+20,1e+20,0.1397,0.7086,0.0,0.1085,0.0,0.0,,899.1466,900.1047
pipesworld-tankage-p42-net5-b22-g4-t50,3,True,775,34729,101107,136622,786,135692,287246,0,0,,,,33,,,0.0,1e+20,1e+20,0.4316,3.2162,0.0,0.412,0.0,0.0,,896.1427,900.2068
pipesworld-tankage-p43-net5-b24-g3-t80,3,True,909,61045,179241,241208,922,226140,504047,0,0,,,,28,,,0.0,1e+20,1e+20,1.2767,9.7635,0.0,0.8687,0.0,0.0,,888.4062,900.3289
pipesworld-tankage-p44-net5-b24-g5-t80,3,True,907,61045,179241,241208,922,226140,504047,0,0,,,,3,,,0.0,1e+20,1e+20,0.9984,9.7987,0.0,0.8637,0.0,0.0,,888.6726,900.3518
pipesworld-tankage-p45-net5-b26-g4-t50,3,True,995,41360,123395,165763,1008,164754,338641,0,0,,,,0,,,0.0,1e+20,1e+20,0.7158,6.0487,0.0,0.6109,0.0,0.0,,892.7731,900.1575
pipesworld-tankage-p46-net5-b26-g6-t50,3,True,992,41339,123502,165850,1009,164893,338772,0,0,,,,0,,,0.0,1e+20,1e+20,0.6927,6.0173,0.0,0.6138,0.0,0.0,,892.8373,900.1696
pipesworld-tankage-p47-net5-b28-g5-t50,3,True,1100,50902,148577,200597,1118,198232,417744,0,0,,,,0,,,0.0,1e+20,1e+20,0.9458,8.3518,0.0,0.8115,0.0,0.0,,890.2067,900.3275
pipesworld-tankage-p48-net5-b28-g7-t50,3,True,1096,50902,148652,200673,1119,198352,417884,0,0,,,,0,,,0.0,1e+20,1e+20,0.921,8.43,0.0,0.8214,0.0,0.0,,890.3339,900.5193
pipesworld-tankage-p49-net5-b30-g6-t50,3,True,1226,62714,184276,248226,1236,241856,518666,0,0,,,,0,,,0.0,1e+20,1e+20,1.169,10.7931,0.0,1.0714,0.0,0.0,,887.1935,900.2444
pipesworld-tankage-p50-net5-b30-g8-t50,3,True,1218,62714,184305,248256,1237,241904,518701,0,0,,,,0,,,0.0,1e+20,1e+20,1.159,10.6779,0.0,1.0688,0.0,0.0,,888.8575,901.7763
psr-large-p01-s29-n2-l5-f30,-3,False,0,0,0,0,0,0,0,0,0,,,,0,,,0.0,1e+20,1e+20,0,0,0,0,0,0,,0,0
psr-large-p02-s46-n3-l5-f50,-3,False,0,0,0,0,0,0,0,0,0,,,,0,,,0.0,1e+20,1e+20,0,0,0,0,0,0,,0,0
psr-large-p03-s53-n4-l3-f30,-3,False,0,0,0,0,0,0,0,0,0,,,,0,,,0.0,1e+20,1e+20,0,0,0,0,0,0,,0,0
psr-large-p04-s66-n5-l2-f50,-3,False,0,0,0,0,0,0,0,0,0,,,,0,,,0.0,1e+20,1e+20,0,0,0,0,0,0,,0,0
psr-large-p05-s71-n5-l3-f70,-3,False,0,0,0,0,0,0,0,0,0,,,,0,,,0.0,1e+20,1e+20,0,0,0,0,0,0,,0,0
psr-large-p06-s74-n5-l4-f50,-3,False,0,0,0,0,0,0,0,0,0,,,,0,,,0.0,1e+20,1e+20,0,0,0,0,0,0,,0,0
psr-large-p07-s81-n6-l2-f30,-3,False,0,0,0,0,0,0,0,0,0,,,,0,,,0.0,1e+20,1e+20,0,0,0,0,0,0,,0,0
psr-large-p08-s87-n6-l3-f70,-3,False,0,0,0,0,0,0,0,0,0,,,,0,,,0.0,1e+20,1e+20,0,0,0,0,0,0,,0,0
psr-large-p09-s90-n6-l4-f50,-3,False,0,0,0,0,0,0,0,0,0,,,,0,,,0.0,1e+20,1e+20,0,0,0,0,0,0,,0,0
psr-large-p10-s93-n6-l5-f30,-3,False,0,0,0,0,0,0,0,0,0,,,,0,,,0.0,1e+20,1e+20,0,0,0,0,0,0,,0,0
psr-large-p11-s100-n7-l3-f10,-3,False,0,0,0,0,0,0,0,0,0,,,,0,,,0.0,1e+20,1e+20,0,0,0,0,0,0,,0,0
psr-large-p12-s103-n7-l3-f70,-3,False,0,0,0,0,0,0,0,0,0,,,,0,,,0.0,1e+20,1e+20,0,0,0,0,0,0,,0,0
psr-large-p13-s106-n7-l4-f50,-3,False,0,0,0,0,0,0,0,0,0,,,,0,,,0.0,1e+20,1e+20,0,0,0,0,0,0,,0,0
psr-large-p14-s112-n8-l2-f10,-3,False,0,0,0,0,0,0,0,0,0,,,,0,,,0.0,1e+20,1e+20,0,0,0,0,0,0,,0,0
psr-large-p15-s114-n8-l2-f50,-3,False,0,0,0,0,0,0,0,0,0,,,,0,,,0.0,1e+20,1e+20,0,0,0,0,0,0,,0,0
psr-large-p16-s119-n8-l3-f70,-3,False,0,0,0,0,0,0,0,0,0,,,,0,,,0.0,1e+20,1e+20,0,0,0,0,0,0,,0,0
psr-large-p17-s129-n9-l2-f30,-3,False,0,0,0,0,0,0,0,0,0,,,,0,,,0.0,1e+20,1e+20,0,0,0,0,0,0,,0,0
psr-large-p18-s133-n9-l3-f30,-3,False,0,0,0,0,0,0,0,0,0,,,,0,,,0.0,1e+20,1e+20,0,0,0,0,0,0,,0,0
psr-large-p19-s144-n10-l2-f10,-3,False,0,0,0,0,0,0,0,0,0,,,,0,,,0.0,1e+20,1e+20,0,0,0,0,0,0,,0,0
psr-large-p20-s149-n10-l3-f30,-3,False,0,0,0,0,0,0,0,0,0,,,,0,,,0.0,1e+20,1e+20,0,0,0,0,0,0,,0,0
psr-large-p21-s160-n12-l2-f10,-3,False,0,0,0,0,0,0,0,0,0,,,,0,,,0.0,1e+20,1e+20,0,0,0,0,0,0,,0,0
psr-large-p22-s162-n12-l3-f10,-3,False,0,0,0,0,0,0,0,0,0,,,,0,,,0.0,1e+20,1e+20,0,0,0,0,0,0,,0,0
psr-large-p23-s164-n15-l2-f10,-3,False,0,0,0,0,0,0,0,0,0,,,,0,,,0.0,1e+20,1e+20,0,0,0,0,0,0,,0,0
psr-large-p24-s166-n15-l3-f10,-3,False,0,0,0,0,0,0,0,0,0,,,,0,,,0.0,1e+20,1e+20,0,0,0,0,0,0,,0,0
psr-large-p25-s168-n20-l2-f10,-3,False,0,0,0,0,0,0,0,0,0,,,,0,,,0.0,1e+20,1e+20,0,0,0,0,0,0,,0,0
psr-large-p26-s170-n20-l3-f10,-3,False,0,0,0,0,0,0,0,0,0,,,,0,,,0.0,1e+20,1e+20,0,0,0,0,0,0,,0,0
psr-large-p27-s172-n25-l2-f10,-3,False,0,0,0,0,0,0,0,0,0,,,,0,,,0.0,1e+20,1e+20,0,0,0,0,0,0,,0,0
psr-large-p28-s174-n25-l3-f10,-3,False,0,0,0,0,0,0,0,0,0,,,,0,,,0.0,1e+20,1e+20,0,0,0,0,0,0,,0,0
psr-large-p29-s177-n30-l2-f30,-3,False,0,0,0,0,0,0,0,0,0,,,,0,,,0.0,1e+20,1e+20,0,0,0,0,0,0,,0,0
psr-large-p30-s179-n30-l3-f30,-3,False,0,0,0,0,0,0,0,0,0,,,,0,,,0.0,1e+20,1e+20,0,0,0,0,0,0,,0,0
psr-large-p31-s181-n35-l2-f30,-3,False,0,0,0,0,0,0,0,0,0,,,,0,,,0.0,1e+20,1e+20,0,0,0,0,0,0,,0,0
psr-large-p32-s183-n35-l3-f30,-3,False,0,0,0,0,0,0,0,0,0,,,,0,,,0.0,1e+20,1e+20,0,0,0,0,0,0,,0,0
psr-large-p33-s185-n40-l2-f30,-3,False,0,0,0,0,0,0,0,0,0,,,,0,,,0.0,1e+20,1e+20,0,0,0,0,0,0,,0,0
psr-large-p34-s187-n40-l3-f30,-3,False,0,0,0,0,0,0,0,0,0,,,,0,,,0.0,1e+20,1e+20,0,0,0,0,0,0,,0,0
psr-large-p35-s189-n45-l2-f30,-3,False,0,0,0,0,0,0,0,0,0,,,,0,,,0.0,1e+20,1e+20,0,0,0,0,0,0,,0,0
psr-large-p36-s191-n45-l3-f30,-3,False,0,0,0,0,0,0,0,0,0,,,,0,,,0.0,1e+20,1e+20,0,0,0,0,0,0,,0,0
psr-large-p37-s193-n50-l2-f30,-3,False,0,0,0,0,0,0,0,0,0,,,,0,,,0.0,1e+20,1e+20,0,0,0,0,0,0,,0,0
psr-large-p38-s195-n50-l3-f30,-3,False,0,0,0,0,0,0,0,0,0,,,,0,,,0.0,1e+20,1e+20,0,0,0,0,0,0,,0,0
psr-large-p39-s197-n55-l2-f30,-3,False,0,0,0,0,0,0,0,0,0,,,,0,,,0.0,1e+20,1e+20,0,0,0,0,0,0,,0,0
psr-large-p40-s199-n55-l3-f30,-3,False,0,0,0,0,0,0,0,0,0,,,,0,,,0.0,1e+20,1e+20,0,0,0,0,0,0,,0,0
psr-large-p41-s201-n60-l2-f30,-3,False,0,0,0,0,0,0,0,0,0,,,,0,,,0.0,1e+20,1e+20,0,0,0,0,0,0,,0,0
psr-large-p42-s203-n60-l3-f30,-3,False,0,0,0,0,0,0,0,0,0,,,,0,,,0.0,1e+20,1e+20,0,0,0,0,0,0,,0,0
psr-large-p43-s205-n70-l2-f30,-3,False,0,0,0,0,0,0,0,0,0,,,,0,,,0.0,1e+20,1e+20,0,0,0,0,0,0,,0,0
psr-large-p44-s207-n70-l3-f30,-3,False,0,0,0,0,0,0,0,0,0,,,,0,,,0.0,1e+20,1e+20,0,0,0,0,0,0,,0,0
psr-large-p45-s209-n80-l2-f30,-3,False,0,0,0,0,0,0,0,0,0,,,,0,,,0.0,1e+20,1e+20,0,0,0,0,0,0,,0,0
psr-large-p46-s211-n80-l3-f30,-3,False,0,0,0,0,0,0,0,0,0,,,,0,,,0.0,1e+20,1e+20,0,0,0,0,0,0,,0,0
psr-large-p47-s213-n90-l2-f30,-3,False,0,0,0,0,0,0,0,0,0,,,,0,,,0.0,1e+20,1e+20,0,0,0,0,0,0,,0,0
psr-large-p48-s215-n90-l3-f30,-3,False,0,0,0,0,0,0,0,0,0,,,,0,,,0.0,1e+20,1e+20,0,0,0,0,0,0,,0,0
psr-large-p49-s217-n100-l2-f30,-3,False,0,0,0,0,0,0,0,0,0,,,,0,,,0.0,1e+20,1e+20,0,0,0,0,0,0,,0,0
psr-large-p50-s219-n100-l3-f30,-3,False,0,0,0,0,0,0,0,0,0,,,,0,,,0.0,1e+20,1e+20,0,0,0,0,0,0,,0,0
psr-middle-p01-s17-n2-l2-f30,-3,False,0,0,0,0,0,0,0,0,0,,,,0,,,0.0,1e+20,1e+20,0,0,0,0,0,0,,0,0
psr-middle-p02-s23-n2-l3-f70,-3,False,0,0,0,0,0,0,0,0,0,,,,0,,,0.0,1e+20,1e+20,0,0,0,0,0,0,,0,0
psr-middle-p03-s28-n2-l5-f10,-3,False,0,0,0,0,0,0,0,0,0,,,,0,,,0.0,1e+20,1e+20,0,0,0,0,0,0,,0,0
psr-middle-p04-s31-n2-l5-f70,-3,False,0,0,0,0,0,0,0,0,0,,,,0,,,0.0,1e+20,1e+20,0,0,0,0,0,0,,0,0
psr-middle-p05-s34-n3-l2-f50,-3,False,0,0,0,0,0,0,0,0,0,,,,0,,,0.0,1e+20,1e+20,0,0,0,0,0,0,,0,0
psr-middle-p06-s37-n3-l3-f30,-3,False,0,0,0,0,0,0,0,0,0,,,,0,,,0.0,1e+20,1e+20,0,0,0,0,0,0,,0,0
psr-middle-p07-s38-n3-l3-f50,-3,False,0,0,0,0,0,0,0,0,0,,,,0,,,0.0,1e+20,1e+20,0,0,0,0,0,0,,0,0
psr-middle-p08-s40-n3-l4-f10,-3,False,0,0,0,0,0,0,0,0,0,,,,0,,,0.0,1e+20,1e+20,0,0,0,0,0,0,,0,0
psr-middle-p09-s42-n3-l4-f50,-3,False,0,0,0,0,0,0,0,0,0,,,,0,,,0.0,1e+20,1e+20,0,0,0,0,0,0,,0,0
psr-middle-p10-s45-n3-l5-f30,-3,False,0,0,0,0,0,0,0,0,0,,,,0,,,0.0,1e+20,1e+20,0,0,0,0,0,0,,0,0
psr-middle-p11-s46-n3-l5-f50,-3,False,0,0,0,0,0,0,0,0,0,,,,0,,,0.0,1e+20,1e+20,0,0,0,0,0,0,,0,0
psr-middle-p12-s50-n4-l2-f50,-3,False,0,0,0,0,0,0,0,0,0,,,,0,,,0.0,1e+20,1e+20,0,0,0,0,0,0,,0,0
psr-middle-p13-s53-n4-l3-f30,-3,False,0,0,0,0,0,0,0,0,0,,,,0,,,0.0,1e+20,1e+20,0,0,0,0,0,0,,0,0
psr-middle-p14-s55-n4-l3-f70,-3,False,0,0,0,0,0,0,0,0,0,,,,0,,,0.0,1e+20,1e+20,0,0,0,0,0,0,,0,0
psr-middle-p15-s56-n4-l4-f10,-3,False,0,0,0,0,0,0,0,0,0,,,,0,,,0.0,1e+20,1e+20,0,0,0,0,0,0,,0,0
psr-middle-p16-s60-n4-l5-f10,-3,False,0,0,0,0,0,0,0,0,0,,,,0,,,0.0,1e+20,1e+20,0,0,0,0,0,0,,0,0
psr-middle-p17-s61-n4-l5-f30,-3,False,0,0,0,0,0,0,0,0,0,,,,0,,,0.0,1e+20,1e+20,0,0,0,0,0,0,,0,0
psr-middle-p18-s62-n4-l5-f50,-3,False,0,0,0,0,0,0,0,0,0,,,,0,,,0.0,1e+20,1e+20,0,0,0,0,0,0,,0,0
psr-middle-p19-s66-n5-l2-f50,-3,False,0,0,0,0,0,0,0,0,0,,,,0,,,0.0,1e+20,1e+20,0,0,0,0,0,0,,0,0
psr-middle-p20-s69-n5-l3-f30,-3,False,0,0,0,0,0,0,0,0,0,,,,0,,,0.0,1e+20,1e+20,0,0,0,0,0,0,,0,0
psr-middle-p21-s72-n5-l4-f10,-3,False,0,0,0,0,0,0,0,0,0,,,,0,,,0.0,1e+20,1e+20,0,0,0,0,0,0,,0,0
psr-middle-p22-s74-n5-l4-f50,-3,False,0,0,0,0,0,0,0,0,0,,,,0,,,0.0,1e+20,1e+20,0,0,0,0,0,0,,0,0
psr-middle-p23-s76-n5-l5-f10,-3,False,0,0,0,0,0,0,0,0,0,,,,0,,,0.0,1e+20,1e+20,0,0,0,0,0,0,,0,0
psr-middle-p24-s77-n5-l5-f30,-3,False,0,0,0,0,0,0,0,0,0,,,,0,,,0.0,1e+20,1e+20,0,0,0,0,0,0,,0,0
psr-middle-p25-s81-n6-l2-f30,-3,False,0,0,0,0,0,0,0,0,0,,,,0,,,0.0,1e+20,1e+20,0,0,0,0,0,0,,0,0
psr-middle-p26-s85-n6-l3-f30,-3,False,0,0,0,0,0,0,0,0,0,,,,0,,,0.0,1e+20,1e+20,0,0,0,0,0,0,,0,0
psr-middle-p27-s86-n6-l3-f50,-3,False,0,0,0,0,0,0,0,0,0,,,,0,,,0.0,1e+20,1e+20,0,0,0,0,0,0,,0,0
psr-middle-p28-s88-n6-l4-f10,-3,False,0,0,0,0,0,0,0,0,0,,,,0,,,0.0,1e+20,1e+20,0,0,0,0,0,0,,0,0
psr-middle-p29-s89-n6-l4-f30,-3,False,0,0,0,0,0,0,0,0,0,,,,0,,,0.0,1e+20,1e+20,0,0,0,0,0,0,,0,0
psr-middle-p30-s90-n6-l4-f50,-3,False,0,0,0,0,0,0,0,0,0,,,,0,,,0.0,1e+20,1e+20,0,0,0,0,0,0,,0,0
psr-middle-p31-s92-n6-l5-f10,-3,False,0,0,0,0,0,0,0,0,0,,,,0,,,0.0,1e+20,1e+20,0,0,0,0,0,0,,0,0
psr-middle-p32-s93-n6-l5-f30,-3,False,0,0,0,0,0,0,0,0,0,,,,0,,,0.0,1e+20,1e+20,0,0,0,0,0,0,,0,0
psr-middle-p33-s100-n7-l3-f10,-3,False,0,0,0,0,0,0,0,0,0,,,,0,,,0.0,1e+20,1e+20,0,0,0,0,0,0,,0,0
psr-middle-p34-s102-n7-l3-f50,-3,False,0,0,0,0,0,0,0,0,0,,,,0,,,0.0,1e+20,1e+20,0,0,0,0,0,0,,0,0
psr-middle-p35-s103-n7-l3-f70,-3,False,0,0,0,0,0,0,0,0,0,,,,0,,,0.0,1e+20,1e+20,0,0,0,0,0,0,,0,0
psr-middle-p36-s106-n7-l4-f50,-3,False,0,0,0,0,0,0,0,0,0,,,,0,,,0.0,1e+20,1e+20,0,0,0,0,0,0,,0,0
psr-middle-p37-s108-n7-l5-f10,-3,False,0,0,0,0,0,0,0,0,0,,,,0,,,0.0,1e+20,1e+20,0,0,0,0,0,0,,0,0
psr-middle-p38-s109-n7-l5-f30,-3,False,0,0,0,0,0,0,0,0,0,,,,0,,,0.0,1e+20,1e+20,0,0,0,0,0,0,,0,0
psr-middle-p39-s112-n8-l2-f10,-3,False,0,0,0,0,0,0,0,0,0,,,,0,,,0.0,1e+20,1e+20,0,0,0,0,0,0,,0,0
psr-middle-p40-s114-n8-l2-f50,-3,False,0,0,0,0,0,0,0,0,0,,,,0,,,0.0,1e+20,1e+20,0,0,0,0,0,0,,0,0
psr-middle-p41-s116-n8-l3-f10,-3,False,0,0,0,0,0,0,0,0,0,,,,0,,,0.0,1e+20,1e+20,0,0,0,0,0,0,,0,0
psr-middle-p42-s120-n8-l4-f10,-3,False,0,0,0,0,0,0,0,0,0,,,,0,,,0.0,1e+20,1e+20,0,0,0,0,0,0,,0,0
psr-middle-p43-s123-n8-l4-f70,-3,False,0,0,0,0,0,0,0,0,0,,,,0,,,0.0,1e+20,1e+20,0,0,0,0,0,0,,0,0
psr-middle-p44-s131-n9-l2-f70,-3,False,0,0,0,0,0,0,0,0,0,,,,0,,,0.0,1e+20,1e+20,0,0,0,0,0,0,,0,0
psr-middle-p45-s132-n9-l3-f10,-3,False,0,0,0,0,0,0,0,0,0,,,,0,,,0.0,1e+20,1e+20,0,0,0,0,0,0,,0,0
psr-middle-p46-s135-n9-l3-f70,-3,False,0,0,0,0,0,0,0,0,0,,,,0,,,0.0,1e+20,1e+20,0,0,0,0,0,0,,0,0
psr-middle-p47-s139-n9-l4-f70,-3,False,0,0,0,0,0,0,0,0,0,,,,0,,,0.0,1e+20,1e+20,0,0,0,0,0,0,,0,0
psr-middle-p48-s144-n10-l2-f10,-3,False,0,0,0,0,0,0,0,0,0,,,,0,,,0.0,1e+20,1e+20,0,0,0,0,0,0,,0,0
psr-middle-p49-s149-n10-l3-f30,-3,False,0,0,0,0,0,0,0,0,0,,,,0,,,0.0,1e+20,1e+20,0,0,0,0,0,0,,0,0
psr-middle-p50-s153-n10-l4-f30,-3,False,0,0,0,0,0,0,0,0,0,,,,0,,,0.0,1e+20,1e+20,0,0,0,0,0,0,,0,0
psr-small-p01-s2-n1-l2-f50,0,True,0,0,2,5,2,4,0,0,0,,,,0,,,1.0,1e+20,1,0.0051,0.0,0.0,0.0014,0.0,0.0,,0.0012,0.0077
psr-small-p02-s5-n1-l3-f30,0,True,0,0,2,5,2,4,0,0,0,,,,0,,,1.0,1e+20,1,0.0402,0.0,0.0,0.0125,0.0,0.0,,0.002,0.0547
psr-small-p03-s7-n1-l3-f70,0,True,0,0,2,5,2,4,0,0,0,,,,0,,,1.0,1e+20,1,0.0144,0.0,0.0,0.0048,0.0,0.0,,0.0022,0.0215
psr-small-p04-s8-n1-l4-f10,0,True,0,0,2,5,2,4,0,0,0,,,,0,,,1.0,1e+20,1,0.0046,0.0001,0.0,0.0018,0.0,0.0,,0.0011,0.0076
psr-small-p05-s9-n1-l4-f30,0,True,0,0,2,5,2,4,0,0,0,,,,0,,,1.0,1e+20,1,0.013,0.0001,0.0,0.0029,0.0,0.0,,0.0013,0.0173
psr-small-p06-s10-n1-l4-f50,0,True,0,0,2,5,2,4,0,0,0,,,,0,,,1.0,1e+20,1,0.0077,0.0,0.0,0.0095,0.0,0.0,,0.0012,0.0186
psr-small-p07-s11-n1-l4-f70,0,True,0,0,2,5,2,4,0,0,0,,,,0,,,1.0,1e+20,1,0.0178,0.0,0.0,0.0023,0.0,0.0,,0.0012,0.0214
psr-small-p08-s12-n1-l5-f10,0,True,0,0,2,5,2,4,0,0,0,,,,0,,,1.0,1e+20,1,0.0053,0.0,0.0,0.0029,0.0,0.0,,0.0012,0.0095
psr-small-p09-s13-n1-l5-f30,0,True,0,0,2,5,2,4,0,0,0,,,,0,,,1.0,1e+20,1,0.0069,0.0001,0.0,0.0035,0.0,0.0,,0.002,0.0125
psr-small-p10-s17-n2-l2-f30,0,True,0,0,5,12,5,12,2,0,0,,,,0,,,2.0,1e+20,2,0.0249,0.0001,0.0,0.003,0.0,0.0,,0.002,0.03
psr-small-p11-s18-n2-l2-f50,0,True,0,0,4,10,4,8,0,0,0,,,,0,,,2.0,1e+20,2,0.2708,0.0001,0.0,0.2288,0.0,0.0,,0.0626,0.5624
psr-small-p12-s21-n2-l3-f30,0,True,0,0,4,10,4,8,0,0,0,,,,0,,,2.0,1e+20,2,0.0058,0.0001,0.0,0.0022,0.0,0.0,,0.0012,0.0093
psr-small-p13-s22-n2-l3-f50,0,True,0,0,7,17,7,18,4,0,0,,,,0,,,3.0,1e+20,3,0.0075,0.0,0.0,0.0039,0.0,0.0,,0.002,0.0135
psr-small-p14-s23-n2-l3-f70,0,True,0,0,5,12,5,10,0,0,0,,,,0,,,2.0,1e+20,2,0.008,0.0,0.0,0.0076,0.0,0.0,,0.0015,0.0172
psr-small-p15-s24-n2-l4-f10,0,True,1,2,4,11,4,10,2,0,0,,,,0,,,2.0,1e+20,2,0.0113,0.0006,0.0,0.0029,0.0,0.0,,0.0023,0.0171
psr-small-p16-s29-n2-l5-f30,0,True,1,2,6,16,6,16,4,0,0,,,,0,,,3.0,1e+20,3,0.0071,0.0001,0.0,0.0024,0.0,0.0,,0.0019,0.0115
psr-small-p17-s30-n2-l5-f50,0,True,0,0,5,12,5,10,0,0,0,,,,0,,,2.0,1e+20,2,0.0257,0.0,0.0,0.0024,0.0,0.0,,0.0019,0.03
psr-small-p18-s31-n2-l5-f70,0,True,0,0,5,12,5,10,0,0,0,,,,0,,,2.0,1e+20,2,0.0052,0.0,0.0,0.0033,0.0,0.0,,0.0017,0.0103
psr-small-p19-s33-n3-l2-f30,0,True,1,2,11,28,11,36,14,0,0,,,,0,,,5.0,1e+20,5,0.0052,0.0002,0.0,0.0011,0.0,0.0,,0.0014,0.008
psr-small-p20-s34-n3-l2-f50,0,True,0,0,7,17,7,14,0,0,0,,,,0,,,3.0,1e+20,3,0.0045,0.0,0.0,0.0015,0.0,0.0,,0.0012,0.0073
psr-small-p21-s35-n3-l2-f70,0,True,0,0,8,19,8,16,0,0,0,,,,0,,,3.0,1e+20,3,0.0254,0.0,0.0,0.0017,0.0,0.0,,0.0013,0.0285
psr-small-p22-s37-n3-l3-f30,0,True,0,0,8,20,8,22,6,0,0,,,,0,,,4.0,1e+20,4,0.0311,0.0001,0.0,0.0049,0.0,0.0,,0.0022,0.0383
psr-small-p23-s38-n3-l3-f50,0,True,0,0,8,19,8,16,0,0,0,,,,0,,,3.0,1e+20,3,0.006,0.0001,0.0,0.0032,0.0,0.0,,0.0019,0.0112
psr-small-p24-s39-n3-l3-f70,0,True,0,0,8,19,8,16,0,0,0,,,,0,,,3.0,1e+20,3,0.0098,0.0,0.0,0.0057,0.0,0.0,,0.0025,0.0182
psr-small-p25-s40-n3-l4-f10,0,True,2,3,5,14,5,13,3,0,0,,,,0,,,2.0,1e+20,2,0.067,0.0318,0.0,0.0036,0.0,0.0,,0.0016,0.105
psr-small-p26-s41-n3-l4-f30,0,True,0,0,7,17,7,14,0,0,0,,,,0,,,3.0,1e+20,3,0.042,0.0,0.0,0.0225,0.0,0.0,,0.0039,0.0684
psr-small-p27-s42-n3-l4-f50,0,True,0,0,7,17,7,14,0,0,0,,,,0,,,3.0,1e+20,3,0.0071,0.0001,0.0,0.0036,0.0,0.0,,0.0022,0.0129
psr-small-p28-s43-n3-l4-f70,0,True,0,0,8,19,8,16,0,0,0,,,,0,,,3.0,1e+20,3,0.0068,0.0,0.0,0.0039,0.0,0.0,,0.0019,0.0126
psr-small-p29-s45-n3-l5-f30,0,True,0,0,11,27,11,34,12,0,0,,,,0,,,5.0,1e+20,5,0.03,0.0001,0.0,0.0028,0.0,0.0,,0.0018,0.0348
psr-small-p30-s46-n3-l5-f50,0,True,0,0,7,17,7,14,0,0,0,,,,0,,,3.0,1e+20,3,0.0321,0.0001,0.0,0.0098,0.0,0.0,,0.0069,0.049
psr-small-p31-s49-n4-l2-f30,0,True,1,2,9,23,9,24,6,0,0,,,,0,,,4.0,1e+20,4,0.0109,0.0006,0.0,0.0053,0.0,0.0,,0.0018,0.0186
psr-small-p32-s50-n4-l2-f50,0,True,0,0,10,24,10,20,0,0,0,,,,0,,,4.0,1e+20,4,0.0049,0.0001,0.0,0.0014,0.0,0.0,,0.0011,0.0075
psr-small-p33-s51-n4-l2-f70,0,True,1,2,9,23,9,24,6,0,0,,,,0,,,4.0,1e+20,4,0.0286,0.0001,0.0,0.0037,0.0,0.0,,0.0018,0.0342
psr-small-p34-s55-n4-l3-f70,0,True,0,0,10,24,10,20,0,0,0,,,,0,,,4.0,1e+20,4,0.0058,0.0,0.0,0.0012,0.0,0.0,,0.0015,0.0086
psr-small-p35-s57-n5-l2-f30,0,True,1,2,9,23,9,24,6,0,0,,,,0,,,4.0,1e+20,4,0.0086,0.0001,0.0,0.0085,0.0,0.0,,0.0019,0.0192
psr-small-p36-s65-n6-l2-f30,0,True,1,2,14,35,14,48,20,0,0,,,,0,,,6.0,1e+20,6,0.0079,0.0003,0.0,0.0028,0.0,0.0,,0.0019,0.013
psr-small-p37-s67-n6-l2-f70,0,True,0,0,15,36,15,40,10,0,0,,,,0,,,6.0,1e+20,6,0.022,0.0001,0.0,0.0014,0.0,0.0,,0.0011,0.0246
psr-small-p38-s78-n3-l3-f50,0,True,0,0,7,17,7,18,4,0,0,,,,0,,,3.0,1e+20,3,0.0312,0.0001,0.0,0.0071,0.0,0.0,,0.0022,0.0406
psr-small-p39-s79-n3-l3-f70,0,True,0,0,7,17,7,14,0,0,0,,,,0,,,3.0,1e+20,3,0.0066,0.0001,0.0,0.0025,0.0,0.0,,0.002,0.0112
psr-small-p40-s80-n3-l4-f10,0,True,1,2,6,16,6,16,4,0,0,,,,0,,,3.0,1e+20,3,0.0097,0.0007,0.0,0.0014,0.0,0.0,,0.0014,0.0133
psr-small-p41-s81-n3-l4-f30,0,True,0,0,8,19,8,16,0,0,0,,,,0,,,3.0,1e+20,3,0.023,0.0,0.0,0.0022,0.0,0.0,,0.0013,0.0266
psr-small-p42-s82-n3-l4-f50,0,True,1,2,9,23,9,24,6,0,0,,,,0,,,4.0,1e+20,4,0.0071,0.0001,0.0,0.0013,0.0,0.0,,0.0014,0.01
psr-small-p43-s83-n3-l4-f70,0,True,0,0,10,24,10,26,6,0,0,,,,0,,,4.0,1e+20,4,0.0061,0.0001,0.0,0.0024,0.0,0.0,,0.0013,0.0099
psr-small-p44-s89-n4-l2-f30,0,True,0,0,12,29,12,36,12,0,0,,,,0,,,5.0,1e+20,5,0.007,0.0001,0.0,0.002,0.0,0.0,,0.0014,0.0105
psr-small-p45-s94-n4-l3-f50,0,True,0,0,10,24,10,20,0,0,0,,,,0,,,4.0,1e+20,4,0.0071,0.0001,0.0,0.0038,0.0,0.0,,0.0016,0.0127
psr-small-p46-s97-n5-l2-f30,0,True,1,2,10,26,10,28,8,0,0,,,,0,,,5.0,1e+20,5,0.0119,0.0001,0.0,0.0037,0.0,0.0,,0.0021,0.0179
psr-small-p47-s98-n5-l2-f50,0,True,0,0,9,22,9,18,0,0,0,,,,0,,,4.0,1e+20,4,0.0086,0.0001,0.0,0.0029,0.0,0.0,,0.0018,0.0135
psr-small-p48-s101-n5-l3-f30,0,True,0,0,11,27,11,30,8,0,0,,,,0,,,5.0,1e+20,5,0.0067,0.0002,0.0,0.0038,0.0,0.0,,0.002,0.0127
psr-small-p49-s105-n6-l2-f30,0,True,0,0,15,37,15,50,20,0,0,,,,0,,,7.0,1e+20,7,0.0099,0.0002,0.0,0.0033,0.0,0.0,,0.0017,0.0151
psr-small-p50-s107-n6-l2-f70,0,True,0,0,16,38,16,32,0,0,0,,,,0,,,6.0,1e+20,6,0.0335,0.0001,0.0,0.0039,0.0,0.0,,0.0018,0.0393
rovers-p01,0,True,1,7,12,33,11,31,8,0,0,,,,0,,,9.0,1e+20,9,0.0053,0.0001,0.0,0.0023,0.0,0.0,,0.0015,0.0093
rovers-p02,0,True,3,8,12,33,11,27,4,0,0,,,,0,,,7.0,1e+20,7,0.0299,0.0,0.0,0.003,0.0,0.0,,0.0022,0.0351
rovers-p03,0,True,5,12,16,44,14,44,14,0,0,,,,0,,,9.0,1e+20,9,0.0219,0.0001,0.0,0.0021,0.0,0.0,,0.0016,0.0257
rovers-p04,0,True,5,13,16,43,13,43,15,0,0,,,,0,,,8.0,1e+20,8,0.0284,0.0001,0.0,0.0035,0.0,0.0,,0.0022,0.0342
rovers-p05,0,True,11,24,34,91,27,87,26,0,0,,,,0,,,18.0,1e+20,18,0.0276,0.0002,0.0,0.0029,0.0,0.0,,0.0055,0.0362
rovers-p06,0,True,9,28,45,119,36,121,40,0,0,,,,0,,,27.0,1e+20,27,0.0097,0.0003,0.0,0.0048,0.0,0.0,,0.0053,0.0201
rovers-p07,0,True,29,47,47,129,35,124,44,0,0,,,,0,,,15.0,1e+20,15,0.0065,0.0003,0.0,0.0026,0.0,0.0,,0.0055,0.015
rovers-p08,0,True,46,71,71,196,54,189,66,0,0,,,,0,,,21.0,1e+20,21,0.0253,0.0005,0.0,0.004,0.0,0.0,,0.0072,0.0371
rovers-p09,0,True,39,76,85,222,55,223,100,0,0,,,,0,,,24.0,1e+20,24,0.0301,0.0006,0.0,0.0052,0.0,0.0,,0.0082,0.0441
rovers-p10,0,True,56,91,91,249,67,253,96,0,0,,,,0,,,26.0,1e+20,26,0.0138,0.0007,0.0,0.0046,0.0,0.0,,0.0065,0.0257
rovers-p11,0,True,46,85,98,252,64,253,101,0,0,,,,0,,,24.0,1e+20,24,0.0057,0.0007,0.0,0.0016,0.0,0.0,,0.0082,0.0162
rovers-p12,0,True,41,87,87,221,47,212,100,0,0,,,,0,,,16.0,1e+20,16,0.0058,0.0005,0.0,0.0017,0.0,0.0,,0.0065,0.0145
rovers-p13,0,True,68,117,117,314,80,319,137,0,0,,,,0,,,32.0,1e+20,32,0.0256,0.0012,0.0,0.0024,0.0,0.0,,0.0068,0.036
rovers-p14,0,True,47,92,101,259,62,256,117,0,0,,,,0,,,22.0,1e+20,22,0.007,0.0008,0.0,0.0027,0.0,0.0,,0.0068,0.0174
rovers-p15,0,True,54,80,88,244,71,222,63,0,0,,,,0,,,29.0,1e+20,29,0.0088,0.0011,0.0,0.0024,0.0,0.0,,0.0076,0.0199
rovers-p16,0,True,67,129,129,336,78,344,168,0,0,,,,0,,,30.0,1e+20,30,0.007,0.0011,0.0,0.0024,0.0,0.0,,0.0086,0.0191
rovers-p17,0,True,106,197,207,538,128,542,260,0,0,,,,0,,,36.0,1e+20,36,0.0114,0.0029,0.0,0.0037,0.0,0.0,,0.011,0.029
rovers-p18,0,True,151,239,239,640,162,632,275,0,0,,,,0,,,31.0,1e+20,31,0.0162,0.005,0.0,0.0094,0.0,0.0,,0.0098,0.0405
rovers-p19,0,True,186,458,458,1119,203,1127,667,0,0,,,,0,,,45.0,1e+20,45,0.0172,0.0095,0.0,0.0021,0.0,0.0,,0.0172,0.0461
rovers-p20,0,True,258,512,512,1302,278,1302,673,0,0,,,,0,,,58.0,1e+20,58,0.0228,0.0173,0.0,0.0041,0.0,0.0,,0.0189,0.0634
rovers-p21,0,True,275,499,499,1287,289,1280,638,0,0,,,,0,,,41.0,1e+20,41,0.0278,0.0241,0.0,0.0044,0.0,0.0,,0.015,0.0717
rovers-p22,0,True,278,595,595,1484,294,1514,872,0,0,,,,0,,,46.0,1e+20,46,0.0274,0.0228,0.0,0.0036,0.0,0.0,,0.0191,0.0733
rovers-p23,0,True,341,875,875,2110,360,2160,1349,0,0,,,,0,,,53.0,1e+20,53,0.0368,0.0369,0.0,0.0033,0.0,0.0,,0.0598,0.1372
rovers-p24,0,True,387,777,777,1962,408,1998,1105,0,0,,,,0,,,65.0,1e+20,65,0.0498,0.0349,0.0,0.004,0.0,0.0,,0.0249,0.1141
rovers-p25,0,True,302,433,433,1178,312,1138,451,0,0,,,,0,,,25.0,1e+20,25,0.4218,0.0217,0.0,0.1314,0.0,0.0,,0.3578,0.933
rovers-p26,0,True,349,610,610,1583,363,1584,769,0,0,,,,0,,,40.0,1e+20,40,0.0215,0.022,0.0,0.0027,0.0,0.0,,0.0207,0.067
rovers-p27,0,True,359,713,713,1805,379,1849,997,0,0,,,,0,,,59.0,1e+20,59,0.0314,0.0312,0.0,0.0059,0.0,0.0,,0.0276,0.0964
rovers-p28,0,True,432,775,775,2001,451,2017,999,0,0,,,,0,,,52.0,1e+20,52,0.0538,0.0626,0.0,0.005,0.0,0.0,,0.0238,0.1455
rovers-p29,0,True,489,950,950,2405,505,2378,1277,0,0,,,,0,,,43.0,1e+20,43,0.0639,0.0753,0.0,0.0067,0.0,0.0,,0.0812,0.2277
rovers-p30,0,True,649,1643,1643,3960,674,3985,2510,0,0,,,,0,,,70.0,1e+20,70,0.1885,0.1067,0.0,2.3431,0.0,0.0,,0.0931,2.7322
rovers-p31,0,True,608,1484,1484,3600,632,3643,2241,0,0,,,,0,,,69.0,1e+20,69,0.0912,0.0942,0.0,0.0078,0.0,0.0,,0.0531,0.2468
rovers-p32,0,True,824,1948,1948,4755,859,4818,2856,0,0,,,,0,,,100.0,1e+20,100,0.1238,0.2003,0.0,0.0097,0.0,0.0,,0.0749,0.41
rovers-p33,0,True,940,2195,2195,5374,984,5561,3309,0,0,,,,0,,,126.0,1e+20,126,0.1346,0.2369,0.0,0.0115,0.0,0.0,,0.1481,0.5325
rovers-p34,0,True,857,2324,2324,5537,889,5545,3598,0,0,,,,0,,,87.0,1e+20,87,0.1625,0.2158,0.0,0.0115,0.0,0.0,,0.1044,0.4956
rovers-p35,0,True,1157,2890,2890,7000,1220,7306,4508,0,0,,,,0,,,176.0,1e+20,176,0.2196,0.4029,0.0,0.0182,0.0,0.0,,0.1106,0.7538
rovers-p36,0,True,1147,3460,3460,8108,1188,8296,5650,0,0,,,,0,,,115.0,1e+20,115,0.1911,0.3357,0.0,0.0194,0.0,0.0,,0.1328,0.6806
rovers-p37,0,True,1584,5082,5082,11806,1642,12148,8383,0,0,,,,0,,,163.0,1e+20,163,0.3527,0.7297,0.0,0.0318,0.0,0.0,,0.3678,1.4858
rovers-p38,0,True,1589,5449,5449,12542,1644,12927,9161,0,0,,,,0,,,146.0,1e+20,146,0.4741,1.0052,0.0,0.0312,0.0,0.0,,0.3111,1.8261
rovers-p39,0,True,1528,5046,5046,11683,1591,11663,8297,0,0,,,,0,,,190.0,1e+20,190,0.417,0.8063,0.0,0.031,0.0,0.0,,0.3214,1.5807
rovers-p40,0,True,1873,6139,6139,14220,1942,14447,10182,0,0,,,,0,,,186.0,1e+20,186,0.572,1.2675,0.0,0.0446,0.0,0.0,,0.5317,2.4203
satellite-p01-pfile1,0,True,3,7,11,33,11,32,10,0,0,,,,0,,,8.0,1e+20,8,0.0114,0.0001,0.0,0.0027,0.0,0.0,,0.0017,0.0158
satellite-p02-pfile2,0,True,4,18,20,56,16,62,29,0,0,,,,0,,,12.0,1e+20,12,0.016,0.0002,0.0,0.0044,0.0,0.0,,0.0034,0.024
satellite-p03-pfile3,0,True,19,29,29,82,24,83,31,0,0,,,,0,,,10.0,1e+20,10,0.0054,0.0002,0.0,0.0026,0.0,0.0,,0.0069,0.0151
satellite-p04-pfile4,0,True,19,40,42,114,32,123,54,0,0,,,,0,,,17.0,1e+20,17,0.0303,0.0003,0.0,0.0086,0.0,0.0,,0.0059,0.0451
satellite-p05-pfile5,0,True,44,87,87,225,51,255,137,0,0,,,,0,,,14.0,1e+20,14,0.0058,0.0007,0.0,0.0026,0.0,0.0,,0.0078,0.017
satellite-p06-pfile6,0,True,36,54,60,165,48,162,59,0,0,,,,0,,,18.0,1e+20,18,0.5055,0.0007,0.0,0.0047,0.0,0.0,,0.0058,0.5168
satellite-p07-pfile7,0,True,58,95,95,257,67,270,118,0,0,,,,0,,,20.0,1e+20,20,0.0087,0.0013,0.0,0.002,0.0,0.0,,0.0071,0.0192
satellite-p08-pfile8,0,True,76,130,130,346,86,376,177,0,0,,,,0,,,24.0,1e+20,24,0.0104,0.0024,0.0,0.006,0.0,0.0,,0.0112,0.0301
satellite-p09-pfile9,0,True,89,144,144,390,102,405,175,0,0,,,,0,,,26.0,1e+20,26,0.0113,0.0032,0.0,0.0023,0.0,0.0,,0.0078,0.0248
satellite-p10-pfile10,0,True,101,154,154,421,113,433,175,0,0,,,,0,,,29.0,1e+20,29,0.0127,0.0043,0.0,0.0034,0.0,0.0,,0.0082,0.0287
satellite-p11-pfile11,0,True,110,152,152,428,124,400,134,0,0,,,,0,,,31.0,1e+20,31,0.0126,0.0063,0.0,0.0017,0.0,0.0,,0.0079,0.0287
satellite-p12-pfile12,0,True,133,207,215,588,160,586,234,0,0,,,,0,,,42.0,1e+20,42,0.0199,0.013,0.0,0.0026,0.0,0.0,,0.0085,0.0441
satellite-p13-pfile13,0,True,160,247,247,681,187,678,266,0,0,,,,0,,,55.0,1e+20,55,0.0209,0.0231,0.0,0.0018,0.0,0.0,,0.0091,0.0552
satellite-p14-pfile14,0,True,165,256,256,696,184,708,285,0,0,,,,0,,,39.0,1e+20,39,0.0621,0.0157,0.0,0.0041,0.0,0.0,,0.0203,0.1024
satellite-p15-pfile15,0,True,225,332,332,912,248,904,340,0,0,,,,0,,,44.0,1e+20,44,0.0245,0.0317,0.0,0.0018,0.0,0.0,,0.0099,0.0683
satellite-p16-pfile16,0,True,282,467,467,1239,305,1295,583,0,0,,,,0,,,45.0,1e+20,45,0.0342,0.0464,0.0,0.0046,0.0,0.0,,0.0132,0.0987
satellite-p17-pfile17,0,True,333,471,471,1295,353,1246,446,0,0,,,,0,,,41.0,1e+20,41,0.0481,0.0616,0.0,0.0035,0.0,0.0,,0.0134,0.1273
satellite-p18-pfile18,0,True,144,199,199,555,157,528,186,0,0,,,,0,,,31.0,1e+20,31,0.0241,0.0127,0.0,0.003,0.0,0.0,,0.0087,0.0486
satellite-p19-pfile19,0,True,169,333,333,863,197,995,533,0,0,,,,0,,,58.0,1e+20,58,0.0359,0.0159,0.0,0.0022,0.0,0.0,,0.0309,0.0851
satellite-p20-pfile20,0,True,176,374,374,964,216,1176,644,0,0,,,,0,,,74.0,1e+20,74,0.0431,0.0161,0.0,0.0034,0.0,0.0,,0.0146,0.0775
satellite-p21-HC-pfile1,0,True,229,512,512,1290,266,1527,858,0,0,,,,0,,,72.0,1e+20,72,0.0427,0.0676,0.0,0.0045,0.0,0.0,,0.0184,0.1339
satellite-p22-HC-pfile2,0,True,278,555,555,1433,323,1621,843,0,0,,,,0,,,89.0,1e+20,89,0.1277,0.1343,0.0,0.0046,0.0,0.0,,0.0162,0.2837
satellite-p23-HC-pfile3,0,True,396,920,920,2287,447,2728,1587,0,0,,,,0,,,99.0,1e+20,99,0.1207,0.247,0.0,0.0061,0.0,0.0,,0.0316,0.4068
satellite-p24-HC-pfile4,0,True,530,1302,1302,3204,600,3924,2325,0,0,,,,0,,,137.0,1e+20,137,0.2406,0.7269,0.0,0.0088,0.0,0.0,,0.0513,1.0337
satellite-p25-HC-pfile5,0,True,606,1470,1470,3610,670,4367,2602,0,0,,,,0,,,125.0,1e+20,125,0.2841,0.9596,0.0,0.0078,0.0,0.0,,0.0652,1.3239
satellite-p26-HC-pfile6,0,True,620,1325,1325,3338,688,3878,2133,0,0,,,,0,,,134.0,1e+20,134,0.3151,0.9876,0.0,0.0103,0.0,0.0,,0.0438,1.3641
satellite-p27-HC-pfile7,0,True,773,1276,1276,3390,838,3515,1534,0,0,,,,0,,,134.0,1e+20,134,0.4192,1.6031,0.0,0.0089,0.0,0.0,,0.0302,2.0649
satellite-p28-HC-pfile8,0,True,1087,2219,2219,5619,1181,6387,3429,0,0,,,,0,,,191.0,1e+20,191,1.0607,5.0275,0.0,0.0139,0.0,0.0,,0.1017,6.2209
satellite-p29-HC-pfile9,0,True,1610,2485,2485,6673,1703,6588,2652,0,0,,,,0,,,185.0,1e+20,185,2.0954,11.3102,0.0,0.0217,0.0,0.0,,0.0924,13.5485
satellite-p30-HC-pfile10,0,True,1916,3126,3126,8282,2030,8496,3667,0,0,,,,0,,,226.0,1e+20,226,3.4095,22.2255,0.0,0.027,0.0,0.0,,0.0916,25.7958
satellite-p31-HC-pfile11,0,True,2367,4200,4200,10900,2500,11685,5539,0,0,,,,0,,,267.0,1e+20,267,6.5211,45.2307,0.0,0.0438,0.0,0.0,,0.2064,52.0657
satellite-p32-HC-pfile12,0,True,3116,5113,5113,13524,3298,13938,6032,0,0,,,,0,,,364.0,1e+20,364,14.0978,131.1018,0.0,0.066,0.0,0.0,,0.234,145.6195
satellite-p33-HC-pfile13,0,True,3875,6936,6936,17978,4106,19212,9226,0,0,,,,0,,,460.0,1e+20,460,26.8203,290.7878,0.0,0.1108,0.0,0.0,,0.2019,318.1033
satellite-p34-HC-pfile14,0,True,1033,1470,1470,4114,1174,3905,1317,0,0,,,,0,,,285.0,1e+20,285,1.99,15.1456,0.0,0.0113,0.0,0.0,,0.0385,17.2157
satellite-p35-HC-pfile15,0,True,1661,3056,3056,7960,1848,8678,4198,0,0,,,,0,,,374.0,1e+20,374,4.6472,37.5404,0.0,0.0317,0.0,0.0,,0.1509,42.4276
satellite-p36-HC-pfile16,0,True,2083,3752,3752,9765,2261,10456,5033,0,0,,,,0,,,356.0,1e+20,356,6.8143,58.5927,0.0,0.0381,0.0,0.0,,0.126,65.6454
scanalyzer-08-strips-p01,0,False,30,402,987,1425,36,1299,1524,0,0,,,,0,,,18.0,1e+20,18,0.0266,0.0016,0.0,0.0053,0.0,0.0,,0.0848,0.1183
scanalyzer-08-strips-p02,0,False,25,269,596,901,36,864,922,0,0,,,,0,,,20.0,1e+20,20,0.0067,0.001,0.0,0.0045,0.0,0.0,,0.126,0.1383
scanalyzer-08-strips-p03,0,False,20,215,450,701,36,704,690,0,0,,,,0,,,22.0,1e+20,22,0.0107,0.0008,0.0,0.0035,0.0,0.0,,0.0735,0.0886
scanalyzer-08-strips-p04,0,False,56,1436,3548,5048,64,4352,5976,0,0,,,,0,,,24.0,1e+20,24,0.0128,0.0084,0.0,0.0052,0.0,0.0,,0.511,0.5376
scanalyzer-08-strips-p05,0,False,49,891,1947,2902,64,2616,3278,0,0,,,,2487,,,27.0,1e+20,27,0.0117,0.0051,0.0,0.0042,0.0,0.0,,4.5394,4.5605
scanalyzer-08-strips-p06,0,False,42,738,1518,2320,64,2160,2546,0,0,,,,0,,,30.0,1e+20,30,0.0265,0.0043,0.0,0.0037,0.0,0.0,,0.2123,0.2469
scanalyzer-08-strips-p07,0,False,90,3770,9345,13215,100,10995,16440,0,0,,,,0,,,30.0,1e+20,30,0.4547,0.0361,0.0,0.3248,0.0,0.0,,13.1781,13.994
scanalyzer-08-strips-p08,0,False,81,2239,4834,7173,100,6180,8498,0,0,,,,57523,,,34.0,1e+20,34,0.0175,0.0196,0.0,0.0094,0.0,0.0,,316.9317,316.9783
scanalyzer-08-strips-p09,0,False,72,1907,3886,5893,100,5188,6818,0,0,,,,0,,,38.0,1e+20,38,0.0331,0.0163,0.0,0.0067,0.0,0.0,,0.4692,0.5255
scanalyzer-08-strips-p10,0,False,132,8202,20370,28716,144,23316,36780,0,0,,,,11,,,36.0,1e+20,36,0.0616,0.1312,0.0,0.0317,0.0,0.0,,458.8012,459.0264
scanalyzer-08-strips-p11,2,False,121,4733,10121,14998,144,12492,18262,0,0,,,,16118,,,36.0,1e+20,41,0.0298,0.0656,0.0,0.0149,0.0,0.0,,899.9233,900.034
scanalyzer-08-strips-p12,0,False,110,4118,8346,12608,144,10652,15042,0,0,,,,0,,,46.0,1e+20,46,0.0249,0.0535,0.0,0.0171,0.0,0.0,,1.0424,1.1382
scanalyzer-08-strips-p13,0,False,182,15722,39095,55013,196,43883,71820,0,0,,,,0,,,42.0,1e+20,42,0.0857,0.391,0.0,0.0587,0.0,0.0,,48.471,49.0076
scanalyzer-08-strips-p14,2,False,169,8889,18864,27949,196,22680,34634,0,0,,,,7638,,,42.0,1e+20,48,0.0471,0.1872,0.0,0.0276,0.0,0.0,,899.832,900.0947
scanalyzer-08-strips-p15,0,False,156,7863,15882,23941,196,19608,29138,0,0,,,,0,,,54.0,1e+20,54,0.0439,0.1451,0.0,0.0288,0.0,0.0,,8.4818,8.7003
scanalyzer-08-strips-p16,2,False,240,27512,68472,96240,256,75744,127344,0,0,,,,0,,,48.0,1e+20,216,0.15,1.03,0.0,0.1285,0.0,0.0,,898.8078,900.1184
scanalyzer-08-strips-p17,2,False,225,15319,32311,47886,256,38064,60062,0,0,,,,338,,,48.0,1e+20,55,0.097,0.4697,0.0,0.0549,0.0,0.0,,899.4775,900.1003
scanalyzer-08-strips-p18,0,False,210,13730,27670,41656,256,33304,51410,0,0,,,,0,,,62.0,1e+20,62,0.0721,0.3554,0.0,0.046,0.0,0.0,,11.3847,11.8592
scanalyzer-08-strips-p19,0,False,306,44946,111933,157203,324,122427,210096,0,0,,,,0,,,54.0,1e+20,54,0.2697,2.4861,0.0,0.2262,0.0,0.0,,248.3683,251.3535
scanalyzer-08-strips-p20,2,False,289,24731,51902,76957,324,60156,97378,0,0,,,,4,,,54.0,1e+20,63,0.1392,1.0776,0.0,0.1052,0.0,0.0,,898.8327,900.1567
scanalyzer-08-strips-p21,0,False,272,22403,45078,67805,324,53180,84546,0,0,,,,0,,,70.0,1e+20,70,0.1298,0.794,0.0,0.0915,0.0,0.0,,36.4701,37.4872
scanalyzer-08-strips-p23,0,False,3,132,268,416,16,371,818,0,0,,,,0,,,12.0,1e+20,12,0.0144,0.0008,0.0,0.0035,0.0,0.0,,0.049,0.0678
scanalyzer-08-strips-p24,0,False,3,132,268,416,16,371,818,0,0,,,,0,,,12.0,1e+20,12,0.0076,0.0008,0.0,0.002,0.0,0.0,,0.0483,0.0588
scanalyzer-08-strips-p25,0,False,48,13758,52156,65978,64,54138,181974,0,0,,,,0,,,24.0,1e+20,24,0.1381,0.8536,0.0,0.0991,0.0,0.0,,614.594,615.6878
scanalyzer-08-strips-p26,2,False,42,9578,35655,45297,64,37474,124099,0,0,,,,1267,,,25.0,1e+20,26,0.1234,0.4793,0.0,0.0629,0.0,0.0,,899.4748,900.1427
scanalyzer-08-strips-p27,2,False,31,7336,27177,34577,64,28907,94265,0,0,,,,443,,,25.0,1e+20,42,0.0891,0.3482,0.0,0.0486,0.0,0.0,,899.6119,900.0996
scanalyzer-08-strips-p28,2,False,120,203937,833055,1037136,144,842629,3082179,0,0,,,,0,,,0.0,1e+20,84,1.5344,103.855,0.0,2.015,0.0,0.0,,799.2232,906.6726
scanalyzer-08-strips-p29,3,False,110,126782,497543,624469,144,506355,1838257,0,0,,,,0,,,0.0,1e+20,1e+20,1.0047,45.9301,0.0,1.2145,0.0,0.0,,852.0544,900.2461
scanalyzer-08-strips-p30,3,False,91,99320,383329,482793,144,391720,1415559,0,0,,,,0,,,0.0,1e+20,1e+20,0.8211,31.7207,0.0,0.9031,0.0,0.0,,867.0692,900.5369
scanalyzer-opt11-strips-p01,0,False,3,132,268,416,16,371,818,0,0,,,,0,,,12.0,1e+20,12,0.0106,0.0008,0.0,0.0068,0.0,0.0,,0.0488,0.0671
scanalyzer-opt11-strips-p02,0,False,25,269,596,901,36,864,922,0,0,,,,0,,,20.0,1e+20,20,0.0083,0.0011,0.0,0.0032,0.0,0.0,,0.126,0.1385
scanalyzer-opt11-strips-p03,0,False,20,215,450,701,36,704,690,0,0,,,,0,,,22.0,1e+20,22,0.0082,0.0009,0.0,0.003,0.0,0.0,,0.0731,0.0853
scanalyzer-opt11-strips-p04,0,False,56,1436,3548,5048,64,4352,5976,0,0,,,,0,,,24.0,1e+20,24,0.0143,0.0085,0.0,0.0073,0.0,0.0,,0.5111,0.5414
scanalyzer-opt11-strips-p05,0,False,90,3770,9345,13215,100,10995,16440,0,0,,,,0,,,30.0,1e+20,30,0.0231,0.0363,0.0,0.0131,0.0,0.0,,12.0208,12.0936
scanalyzer-opt11-strips-p06,0,False,49,891,1947,2902,64,2616,3278,0,0,,,,2487,,,27.0,1e+20,27,0.0209,0.0051,0.0,0.0063,0.0,0.0,,5.5081,5.5406
scanalyzer-opt11-strips-p07,0,False,306,44946,111933,157203,324,122427,210096,0,0,,,,0,,,54.0,1e+20,54,0.2534,2.4835,0.0,0.2217,0.0,0.0,,247.2667,250.2286
scanalyzer-opt11-strips-p08,0,False,132,8202,20370,28716,144,23316,36780,0,0,,,,11,,,36.0,1e+20,36,0.0692,0.1299,0.0,0.0343,0.0,0.0,,458.6056,458.8397
scanalyzer-opt11-strips-p09,0,False,182,15722,39095,55013,196,43883,71820,0,0,,,,0,,,42.0,1e+20,42,0.0776,0.3912,0.0,0.0567,0.0,0.0,,48.4215,48.9483
scanalyzer-opt11-strips-p10,2,False,240,27512,68472,96240,256,75744,127344,0,0,,,,0,,,48.0,1e+20,216,0.1422,1.032,0.0,0.1211,0.0,0.0,,898.8239,900.1213
scanalyzer-opt11-strips-p11,0,False,48,13758,52156,65978,64,54138,181974,0,0,,,,0,,,24.0,1e+20,24,0.1494,0.8396,0.0,0.1001,0.0,0.0,,613.6854,614.7775
scanalyzer-opt11-strips-p12,0,False,42,738,1518,2320,64,2160,2546,0,0,,,,0,,,30.0,1e+20,30,0.0285,0.0043,0.0,0.0033,0.0,0.0,,0.2116,0.2478
scanalyzer-opt11-strips-p13,2,False,31,7336,27177,34577,64,28907,94265,0,0,,,,443,,,25.0,1e+20,42,0.1123,0.3476,0.0,0.0533,0.0,0.0,,899.5824,900.0974
scanalyzer-opt11-strips-p14,2,False,42,9578,35655,45297,64,37474,124099,0,0,,,,1267,,,25.0,1e+20,26,0.1253,0.4801,0.0,0.0625,0.0,0.0,,899.4574,900.1275
scanalyzer-opt11-strips-p15,0,False,81,2239,4834,7173,100,6180,8498,0,0,,,,57523,,,34.0,1e+20,34,0.0355,0.0195,0.0,0.0073,0.0,0.0,,318.3105,318.373
scanalyzer-opt11-strips-p16,2,False,121,4733,10121,14998,144,12492,18262,0,0,,,,16106,,,36.0,1e+20,41,0.0274,0.0656,0.0,0.0157,0.0,0.0,,899.927,900.036
scanalyzer-opt11-strips-p17,2,False,169,8889,18864,27949,196,22680,34634,0,0,,,,7634,,,42.0,1e+20,48,0.0604,0.1855,0.0,0.0282,0.0,0.0,,899.8237,900.0986
scanalyzer-opt11-strips-p18,2,False,225,15319,32311,47886,256,38064,60062,0,0,,,,338,,,48.0,1e+20,55,0.082,0.4662,0.0,0.0553,0.0,0.0,,899.4958,900.1005
scanalyzer-opt11-strips-p19,2,False,289,24731,51902,76957,324,60156,97378,0,0,,,,4,,,54.0,1e+20,63,0.1378,1.0756,0.0,0.1037,0.0,0.0,,898.845,900.1641
scanalyzer-opt11-strips-p20,2,False,120,203937,833055,1037136,144,842629,3082179,0,0,,,,0,,,0.0,1e+20,84,1.5302,104.3657,0.0,2.017,0.0,0.0,,799.1042,907.0622
scanalyzer-sat11-strips-p01,0,False,48,13758,52156,65978,64,54138,181974,0,0,,,,0,,,24.0,1e+20,24,0.1777,0.8435,0.0,0.1002,0.0,0.0,,613.621,614.7453
scanalyzer-sat11-strips-p02,0,False,132,8202,20370,28716,144,23316,36780,0,0,,,,11,,,36.0,1e+20,36,0.0406,0.1311,0.0,0.0297,0.0,0.0,,458.0679,458.2699
scanalyzer-sat11-strips-p03,0,False,42,738,1518,2320,64,2160,2546,0,0,,,,0,,,30.0,1e+20,30,0.0089,0.0043,0.0,0.0037,0.0,0.0,,0.2119,0.2288
scanalyzer-sat11-strips-p04,0,False,72,1907,3886,5893,100,5188,6818,0,0,,,,0,,,38.0,1e+20,38,0.015,0.0162,0.0,0.0099,0.0,0.0,,0.4883,0.5296
scanalyzer-sat11-strips-p05,0,False,182,15722,39095,55013,196,43883,71820,0,0,,,,0,,,42.0,1e+20,42,0.0789,0.392,0.0,0.0575,0.0,0.0,,48.5378,49.0673
scanalyzer-sat11-strips-p06,2,False,42,9578,35655,45297,64,37474,124099,0,0,,,,1270,,,25.0,1e+20,26,0.1077,0.4788,0.0,0.067,0.0,0.0,,899.4798,900.1355
scanalyzer-sat11-strips-p07,2,False,240,27512,68472,96240,256,75744,127344,0,0,,,,0,,,48.0,1e+20,216,0.1395,1.0315,0.0,0.1203,0.0,0.0,,898.793,900.0864
scanalyzer-sat11-strips-p08,2,False,31,7336,27177,34577,64,28907,94265,0,0,,,,438,,,25.0,1e+20,42,0.0867,0.3501,0.0,0.0482,0.0,0.0,,899.6186,900.1054
scanalyzer-sat11-strips-p09,0,False,110,4118,8346,12608,144,10652,15042,0,0,,,,0,,,46.0,1e+20,46,0.0279,0.0536,0.0,0.0146,0.0,0.0,,1.0504,1.1469
scanalyzer-sat11-strips-p10,2,False,169,8889,18864,27949,196,22680,34634,0,0,,,,7634,,,42.0,1e+20,48,0.0474,0.1873,0.0,0.0291,0.0,0.0,,899.822,900.0865
scanalyzer-sat11-strips-p11,0,False,156,7863,15882,23941,196,19608,29138,0,0,,,,0,,,54.0,1e+20,54,0.0494,0.1452,0.0,0.0296,0.0,0.0,,8.5563,8.7812
scanalyzer-sat11-strips-p12,2,False,121,4733,10121,14998,144,12492,18262,0,0,,,,16117,,,36.0,1e+20,41,0.2568,0.0656,0.0,0.0155,0.0,0.0,,899.6908,900.0291
scanalyzer-sat11-strips-p13,0,False,81,2239,4834,7173,100,6180,8498,0,0,,,,57523,,,34.0,1e+20,34,0.0168,0.0196,0.0,0.008,0.0,0.0,,317.7544,317.799
scanalyzer-sat11-strips-p14,2,False,225,15319,32311,47886,256,38064,60062,0,0,,,,338,,,48.0,1e+20,55,0.0823,0.4659,0.0,0.0564,0.0,0.0,,899.4949,900.1008
scanalyzer-sat11-strips-p15,0,False,210,13730,27670,41656,256,33304,51410,0,0,,,,0,,,62.0,1e+20,62,0.0717,0.3551,0.0,0.0476,0.0,0.0,,11.345,11.8205
scanalyzer-sat11-strips-p16,2,False,289,24731,51902,76957,324,60156,97378,0,0,,,,4,,,54.0,1e+20,63,0.136,1.0747,0.0,0.1037,0.0,0.0,,898.8377,900.1541
scanalyzer-sat11-strips-p17,0,False,272,22403,45078,67805,324,53180,84546,0,0,,,,0,,,70.0,1e+20,70,0.124,0.8032,0.0,0.0851,0.0,0.0,,36.4978,37.5118
scanalyzer-sat11-strips-p18,2,False,120,203937,833055,1037136,144,842629,3082179,0,0,,,,0,,,0.0,1e+20,84,1.5491,104.4986,0.0,2.0075,0.0,0.0,,798.8734,906.9739
scanalyzer-sat11-strips-p19,3,False,110,126782,497543,624469,144,506355,1838257,0,0,,,,0,,,0.0,1e+20,1e+20,1.0721,45.9405,0.0,1.2678,0.0,0.0,,851.8785,900.1983
scanalyzer-sat11-strips-p20,3,False,91,99320,383329,482793,144,391720,1415559,0,0,,,,0,,,0.0,1e+20,1e+20,0.8497,31.8926,0.0,0.9067,0.0,0.0,,866.8543,900.5263
schedule-probschedule-10-0,0,True,0,8,32,61,19,51,0,0,0,,,,0,,,10.0,1e+20,10,0.0058,0.0003,0.0,0.0014,0.0,0.0,,0.0013,0.0088
schedule-probschedule-10-1,0,True,4,11,41,74,21,62,0,0,0,,,,0,,,8.0,1e+20,8,0.0083,0.0003,0.0,0.0022,0.0,0.0,,0.0017,0.0125
schedule-probschedule-10-2,0,True,0,7,33,62,19,52,0,0,0,,,,0,,,10.0,1e+20,10,0.01,0.0003,0.0,0.0018,0.0,0.0,,0.0017,0.0139
schedule-probschedule-11-0,0,True,0,6,38,71,22,60,0,0,0,,,,0,,,11.0,1e+20,11,0.0272,0.0004,0.0,0.0027,0.0,0.0,,0.0017,0.032
schedule-probschedule-11-1,0,True,2,9,43,80,24,67,0,0,0,,,,0,,,11.0,1e+20,11,0.007,0.0003,0.0,0.002,0.0,0.0,,0.0017,0.0111
schedule-probschedule-11-2,0,True,0,9,35,69,23,58,0,0,0,,,,0,,,11.0,1e+20,11,1.3579,0.0003,0.0,0.0046,0.0,0.0,,0.0039,1.3668
schedule-probschedule-12-0,0,True,1,10,42,79,24,66,0,0,0,,,,0,,,12.0,1e+20,12,0.0089,0.0004,0.0,0.0039,0.0,0.0,,0.0023,0.0155
schedule-probschedule-12-1,0,True,4,13,51,94,27,78,0,0,0,,,,0,,,12.0,1e+20,12,0.0345,0.0004,0.0,0.0044,0.0,0.0,,0.0023,0.0416
schedule-probschedule-12-2,0,True,3,13,47,89,27,74,0,0,0,,,,0,,,12.0,1e+20,12,0.0059,0.0004,0.0,0.0016,0.0,0.0,,0.0016,0.0095
schedule-probschedule-13-0,0,True,3,13,51,97,30,81,0,0,0,,,,0,,,13.0,1e+20,13,0.0114,0.0005,0.0,0.0033,0.0,0.0,,0.0025,0.0177
schedule-probschedule-13-1,0,True,3,11,53,98,29,82,0,0,0,,,,0,,,13.0,1e+20,13,0.0062,0.0004,0.0,0.0013,0.0,0.0,,0.0016,0.0096
schedule-probschedule-13-2,0,True,3,14,50,95,29,79,0,0,0,,,,0,,,13.0,1e+20,13,0.0064,0.0004,0.0,0.0019,0.0,0.0,,0.0021,0.011
schedule-probschedule-14-0,0,True,1,14,46,87,26,72,0,0,0,,,,0,,,14.0,1e+20,14,0.0103,0.0005,0.0,0.0025,0.0,0.0,,0.0016,0.0148
schedule-probschedule-14-1,0,True,2,13,51,96,29,80,0,0,0,,,,0,,,14.0,1e+20,14,0.0068,0.0005,0.0,0.0022,0.0,0.0,,0.0015,0.011
schedule-probschedule-14-2,0,True,1,12,48,92,29,77,0,0,0,,,,0,,,14.0,1e+20,14,0.0089,0.0005,0.0,0.0065,0.0,0.0,,0.0033,0.0192
schedule-probschedule-15-0,0,True,1,12,52,99,31,83,0,0,0,,,,0,,,15.0,1e+20,15,0.0242,0.0005,0.0,0.0018,0.0,0.0,,0.0023,0.0289
schedule-probschedule-15-1,0,True,2,13,53,99,30,83,0,0,0,,,,0,,,14.0,1e+20,14,0.0072,0.0006,0.0,0.0016,0.0,0.0,,0.0016,0.011
schedule-probschedule-15-2,0,True,2,12,54,101,31,85,0,0,0,,,,0,,,14.0,1e+20,14,0.008,0.0005,0.0,0.0072,0.0,0.0,,0.0022,0.0181
schedule-probschedule-16-0,0,True,2,13,59,109,32,91,0,0,0,,,,0,,,16.0,1e+20,16,0.0079,0.0006,0.0,0.0023,0.0,0.0,,0.0016,0.0124
schedule-probschedule-16-1,0,True,2,12,58,107,32,90,0,0,0,,,,0,,,15.0,1e+20,15,0.0067,0.0006,0.0,0.0025,0.0,0.0,,0.0023,0.0122
schedule-probschedule-16-2,0,True,4,16,62,115,34,96,0,0,0,,,,0,,,15.0,1e+20,15,0.0244,0.0006,0.0,0.0017,0.0,0.0,,0.0016,0.0283
schedule-probschedule-17-0,0,True,5,17,67,124,37,104,0,0,0,,,,0,,,15.0,1e+20,15,0.0091,0.0007,0.0,0.0035,0.0,0.0,,0.0024,0.0157
schedule-probschedule-17-1,0,True,2,15,61,116,36,97,0,0,0,,,,0,,,17.0,1e+20,17,0.013,0.0006,0.0,0.004,0.0,0.0,,0.0028,0.0205
schedule-probschedule-17-2,0,True,0,11,57,106,32,89,0,0,0,,,,0,,,17.0,1e+20,17,0.0092,0.0006,0.0,0.0034,0.0,0.0,,0.0017,0.0149
schedule-probschedule-18-0,0,True,3,15,67,124,37,104,0,0,0,,,,0,,,17.0,1e+20,17,0.0079,0.0007,0.0,0.0012,0.0,0.0,,0.0016,0.0114
schedule-probschedule-18-1,0,True,0,13,59,110,33,92,0,0,0,,,,0,,,18.0,1e+20,18,0.0084,0.0006,0.0,0.0031,0.0,0.0,,0.0014,0.0136
schedule-probschedule-18-2,0,True,4,16,70,129,38,108,0,0,0,,,,0,,,17.0,1e+20,17,0.0074,0.0007,0.0,0.0014,0.0,0.0,,0.0016,0.0112
schedule-probschedule-19-0,0,True,1,16,64,121,37,101,0,0,0,,,,0,,,19.0,1e+20,19,0.0093,0.0008,0.0,0.004,0.0,0.0,,0.0015,0.0157
schedule-probschedule-19-1,0,True,3,17,69,128,38,107,0,0,0,,,,0,,,18.0,1e+20,18,0.0106,0.0007,0.0,0.003,0.0,0.0,,0.0028,0.0171
schedule-probschedule-19-2,0,True,2,15,67,125,38,105,0,0,0,,,,0,,,18.0,1e+20,18,0.0096,0.0007,0.0,0.0025,0.0,0.0,,0.0024,0.0153
schedule-probschedule-2-0,0,True,0,2,6,13,5,11,0,0,0,,,,0,,,2.0,1e+20,2,0.0098,0.0001,0.0,0.0041,0.0,0.0,,0.0026,0.0166
schedule-probschedule-2-1,0,True,0,2,6,13,5,11,0,0,0,,,,0,,,2.0,1e+20,2,0.0249,0.0001,0.0,0.0042,0.0,0.0,,0.0021,0.0313
schedule-probschedule-2-2,0,True,1,3,9,18,6,15,0,0,0,,,,0,,,2.0,1e+20,2,0.0112,0.0001,0.0,0.0068,0.0,0.0,,0.0017,0.0198
schedule-probschedule-20-0,0,True,2,19,69,129,38,107,0,0,0,,,,0,,,20.0,1e+20,20,0.01,0.0008,0.0,0.003,0.0,0.0,,0.0016,0.0155
schedule-probschedule-20-1,0,True,0,12,68,125,37,105,0,0,0,,,,0,,,20.0,1e+20,20,0.0119,0.0007,0.0,0.0013,0.0,0.0,,0.0014,0.0153
schedule-probschedule-20-2,0,True,2,16,72,132,38,110,0,0,0,,,,0,,,20.0,1e+20,20,0.0337,0.0008,0.0,0.0082,0.0,0.0,,0.0027,0.0455
schedule-probschedule-21-0,0,True,3,20,72,136,42,114,0,0,0,,,,0,,,19.0,1e+20,19,0.0099,0.0009,0.0,0.0062,0.0,0.0,,0.0033,0.0203
schedule-probschedule-21-1,0,True,2,14,76,141,43,119,0,0,0,,,,0,,,20.0,1e+20,20,0.0089,0.0009,0.0,0.0021,0.0,0.0,,0.0022,0.0142
schedule-probschedule-21-2,0,True,3,18,76,140,41,117,0,0,0,,,,0,,,20.0,1e+20,20,0.41,0.0009,0.0,0.1358,0.0,0.0,,0.0729,0.6196
schedule-probschedule-22-0,0,True,3,22,76,142,42,118,0,0,0,,,,0,,,21.0,1e+20,21,0.03,0.0009,0.0,0.0041,0.0,0.0,,0.0018,0.0369
schedule-probschedule-22-1,0,True,0,17,71,136,43,114,0,0,0,,,,0,,,22.0,1e+20,22,0.0107,0.0009,0.0,0.0016,0.0,0.0,,0.002,0.0152
schedule-probschedule-22-2,0,True,2,15,79,145,43,122,0,0,0,,,,0,,,21.0,1e+20,21,0.0077,0.0009,0.0,0.0011,0.0,0.0,,0.0016,0.0113
schedule-probschedule-23-0,0,True,2,20,80,151,46,126,0,0,0,,,,0,,,23.0,1e+20,23,0.01,0.001,0.0,0.0027,0.0,0.0,,0.0017,0.0154
schedule-probschedule-23-1,0,True,0,15,77,140,40,117,0,0,0,,,,0,,,23.0,1e+20,23,0.01,0.0009,0.0,0.0024,0.0,0.0,,0.0024,0.0157
schedule-probschedule-23-2,0,True,2,18,82,151,44,126,0,0,0,,,,0,,,23.0,1e+20,23,0.0078,0.0011,0.0,0.0011,0.0,0.0,,0.0016,0.0116
schedule-probschedule-24-0,0,True,2,21,83,154,45,128,0,0,0,,,,0,,,24.0,1e+20,24,0.0113,0.001,0.0,0.0092,0.0,0.0,,0.0049,0.0265
schedule-probschedule-24-1,0,True,2,16,88,160,46,134,0,0,0,,,,0,,,24.0,1e+20,24,0.0279,0.0011,0.0,0.0028,0.0,0.0,,0.0018,0.0337
schedule-probschedule-24-2,0,True,3,18,88,160,46,134,0,0,0,,,,0,,,23.0,1e+20,23,0.0094,0.0011,0.0,0.0014,0.0,0.0,,0.0017,0.0138
schedule-probschedule-25-0,0,True,5,23,95,177,53,148,0,0,0,,,,0,,,24.0,1e+20,24,0.014,0.0013,0.0,0.0039,0.0,0.0,,0.0024,0.0216
schedule-probschedule-25-1,0,True,2,22,86,161,48,134,0,0,0,,,,0,,,25.0,1e+20,25,0.0307,0.0011,0.0,0.0022,0.0,0.0,,0.002,0.0361
schedule-probschedule-25-2,0,True,5,23,93,172,51,144,0,0,0,,,,0,,,23.0,1e+20,23,0.01,0.0012,0.0,0.0036,0.0,0.0,,0.0021,0.0169
schedule-probschedule-26-0,0,True,5,25,97,179,52,149,0,0,0,,,,0,,,25.0,1e+20,25,0.043,0.0012,0.0,0.0126,0.0,0.0,,0.0036,0.0604
schedule-probschedule-26-1,0,True,3,23,93,173,51,144,0,0,0,,,,0,,,26.0,1e+20,26,0.025,0.0012,0.0,0.0068,0.0,0.0,,0.0044,0.0375
schedule-probschedule-26-2,0,True,4,24,96,178,52,148,0,0,0,,,,0,,,26.0,1e+20,26,0.0291,0.0012,0.0,0.0042,0.0,0.0,,0.0024,0.0369
schedule-probschedule-27-0,0,True,2,19,97,181,55,152,0,0,0,,,,0,,,27.0,1e+20,27,0.0162,0.0012,0.0,0.0041,0.0,0.0,,0.0021,0.0237
schedule-probschedule-27-1,0,True,2,21,95,175,51,146,0,0,0,,,,0,,,27.0,1e+20,27,0.027,0.0013,0.0,0.0018,0.0,0.0,,0.002,0.0322
schedule-probschedule-27-2,0,True,2,18,96,174,50,146,0,0,0,,,,0,,,26.0,1e+20,26,0.0085,0.0012,0.0,0.0015,0.0,0.0,,0.0017,0.013
schedule-probschedule-28-0,0,True,3,21,99,183,55,154,0,0,0,,,,0,,,26.0,1e+20,26,0.0133,0.0013,0.0,0.004,0.0,0.0,,0.0025,0.0212
schedule-probschedule-28-1,0,True,6,24,110,200,57,167,0,0,0,,,,0,,,27.0,1e+20,27,0.0096,0.0015,0.0,0.0017,0.0,0.0,,0.0017,0.0146
schedule-probschedule-28-2,0,True,3,26,98,184,55,153,0,0,0,,,,0,,,28.0,1e+20,28,0.0299,0.0013,0.0,0.0098,0.0,0.0,,0.002,0.0431
schedule-probschedule-29-0,0,True,7,28,114,206,57,171,0,0,0,,,,0,,,28.0,1e+20,28,0.025,0.0015,0.0,0.0019,0.0,0.0,,0.0017,0.0301
schedule-probschedule-29-1,0,True,2,22,102,186,53,155,0,0,0,,,,0,,,29.0,1e+20,29,0.0099,0.0015,0.0,0.0037,0.0,0.0,,0.0017,0.0169
schedule-probschedule-29-2,0,True,6,27,109,201,59,168,0,0,0,,,,0,,,27.0,1e+20,27,0.0105,0.0016,0.0,0.005,0.0,0.0,,0.0034,0.0207
schedule-probschedule-3-0,0,True,1,3,13,25,8,21,0,0,0,,,,0,,,3.0,1e+20,3,0.0106,0.0001,0.0,0.0032,0.0,0.0,,0.0025,0.0164
schedule-probschedule-3-1,0,True,1,3,11,21,7,18,0,0,0,,,,0,,,2.0,1e+20,2,0.0095,0.0001,0.0,0.0028,0.0,0.0,,0.002,0.0144
schedule-probschedule-3-2,0,True,0,2,10,20,7,17,0,0,0,,,,0,,,3.0,1e+20,3,0.0062,0.0001,0.0,0.003,0.0,0.0,,0.0018,0.0111
schedule-probschedule-30-0,0,True,2,21,107,194,55,162,0,0,0,,,,0,,,30.0,1e+20,30,0.0102,0.0016,0.0,0.0022,0.0,0.0,,0.0016,0.0157
schedule-probschedule-30-1,0,True,3,26,106,195,56,162,0,0,0,,,,0,,,30.0,1e+20,30,0.0138,0.0015,0.0,0.0036,0.0,0.0,,0.0022,0.0212
schedule-probschedule-30-2,0,True,6,28,112,205,59,171,0,0,0,,,,0,,,28.0,1e+20,28,0.0275,0.0017,0.0,0.0016,0.0,0.0,,0.0017,0.0325
schedule-probschedule-31-0,0,True,6,29,117,214,61,178,0,0,0,,,,0,,,30.0,1e+20,30,0.0109,0.0018,0.0,0.0025,0.0,0.0,,0.0018,0.0171
schedule-probschedule-31-1,0,True,3,24,112,204,58,170,0,0,0,,,,0,,,31.0,1e+20,31,0.011,0.0016,0.0,0.0017,0.0,0.0,,0.0017,0.016
schedule-probschedule-31-2,0,True,1,20,108,197,57,165,0,0,0,,,,0,,,31.0,1e+20,31,0.0133,0.0016,0.0,0.003,0.0,0.0,,0.0021,0.0201
schedule-probschedule-32-0,0,True,6,29,117,214,62,179,0,0,0,,,,0,,,29.0,1e+20,29,0.0265,0.0018,0.0,0.0119,0.0,0.0,,0.0026,0.0428
schedule-probschedule-32-1,0,True,5,28,118,216,62,180,0,0,0,,,,0,,,31.0,1e+20,31,0.0106,0.0017,0.0,0.0015,0.0,0.0,,0.0017,0.0157
schedule-probschedule-32-2,0,True,5,28,118,218,64,182,0,0,0,,,,0,,,31.0,1e+20,31,0.0133,0.0017,0.0,0.0031,0.0,0.0,,0.0026,0.0208
schedule-probschedule-33-0,0,True,3,25,115,212,63,178,0,0,0,,,,0,,,31.0,1e+20,31,0.0221,0.0017,0.0,0.0067,0.0,0.0,,0.0027,0.0333
schedule-probschedule-33-1,0,True,4,29,117,218,65,182,0,0,0,,,,0,,,32.0,1e+20,32,0.0137,0.0018,0.0,0.0024,0.0,0.0,,0.0022,0.02
schedule-probschedule-33-2,0,True,3,28,114,212,63,177,0,0,0,,,,0,,,32.0,1e+20,32,0.0165,0.0017,0.0,0.0056,0.0,0.0,,0.0032,0.0271
schedule-probschedule-34-0,0,True,4,28,120,224,68,188,0,0,0,,,,0,,,32.0,1e+20,32,0.0162,0.002,0.0,0.0049,0.0,0.0,,0.0032,0.0263
schedule-probschedule-34-1,0,True,3,30,118,218,63,181,0,0,0,,,,0,,,34.0,1e+20,34,0.0616,0.0018,0.0,0.0169,0.0,0.0,,0.0026,0.083
schedule-probschedule-34-2,0,True,6,32,126,230,65,191,0,0,0,,,,0,,,33.0,1e+20,33,0.0136,0.002,0.0,0.0024,0.0,0.0,,0.0024,0.0205
schedule-probschedule-35-0,0,True,3,32,120,224,66,186,0,0,0,,,,0,,,35.0,1e+20,35,0.0115,0.0019,0.0,0.0012,0.0,0.0,,0.0023,0.017
schedule-probschedule-35-1,0,True,4,28,126,230,66,192,0,0,0,,,,0,,,34.0,1e+20,34,0.0147,0.0019,0.0,0.0038,0.0,0.0,,0.0022,0.0227
schedule-probschedule-35-2,0,True,2,24,122,222,64,186,0,0,0,,,,0,,,34.0,1e+20,34,0.0136,0.0018,0.0,0.0081,0.0,0.0,,0.0031,0.0268
schedule-probschedule-36-0,0,True,6,30,134,243,69,203,0,0,0,,,,0,,,34.0,1e+20,34,0.0144,0.002,0.0,0.0033,0.0,0.0,,0.0021,0.0219
schedule-probschedule-36-1,0,True,4,29,129,236,68,197,0,0,0,,,,0,,,35.0,1e+20,35,0.0307,0.002,0.0,0.0064,0.0,0.0,,0.0031,0.0423
schedule-probschedule-36-2,0,True,7,31,139,252,71,210,0,0,0,,,,0,,,35.0,1e+20,35,0.0125,0.0023,0.0,0.004,0.0,0.0,,0.0027,0.0215
schedule-probschedule-37-0,0,True,3,30,130,237,67,197,0,0,0,,,,0,,,37.0,1e+20,37,0.0157,0.0022,0.0,0.002,0.0,0.0,,0.0018,0.0217
schedule-probschedule-37-1,0,True,5,33,131,242,71,202,0,0,0,,,,0,,,35.0,1e+20,35,0.0192,0.0021,0.0,0.0017,0.0,0.0,,0.0022,0.0253
schedule-probschedule-37-2,0,True,4,30,132,240,68,200,0,0,0,,,,0,,,36.0,1e+20,36,0.0153,0.0021,0.0,0.0019,0.0,0.0,,0.0023,0.0217
schedule-probschedule-38-0,0,True,5,35,137,251,71,208,0,0,0,,,,0,,,38.0,1e+20,38,0.0168,0.0022,0.0,0.0031,0.0,0.0,,0.0027,0.0249
schedule-probschedule-38-1,0,True,4,29,135,249,74,209,0,0,0,,,,0,,,36.0,1e+20,36,0.0145,0.0024,0.0,0.0035,0.0,0.0,,0.0026,0.0231
schedule-probschedule-38-2,0,True,7,34,142,255,70,212,0,0,0,,,,0,,,36.0,1e+20,36,0.0134,0.0024,0.0,0.0026,0.0,0.0,,0.0018,0.0202
schedule-probschedule-39-0,0,True,6,38,140,257,73,213,0,0,0,,,,0,,,38.0,1e+20,38,0.0177,0.0024,0.0,0.0032,0.0,0.0,,0.0025,0.0258
schedule-probschedule-39-1,0,True,3,27,139,250,70,209,0,0,0,,,,0,,,38.0,1e+20,38,0.016,0.0024,0.0,0.002,0.0,0.0,,0.0024,0.0228
schedule-probschedule-39-2,0,True,5,37,133,245,71,204,0,0,0,,,,0,,,36.0,1e+20,36,0.0555,0.0023,0.0,0.0024,0.0,0.0,,0.002,0.0622
schedule-probschedule-4-0,0,True,1,5,15,29,9,24,0,0,0,,,,0,,,4.0,1e+20,4,0.0053,0.0001,0.0,0.0021,0.0,0.0,,0.0017,0.0093
schedule-probschedule-4-1,0,True,1,4,16,30,9,25,0,0,0,,,,0,,,4.0,1e+20,4,0.0256,0.0001,0.0,0.0017,0.0,0.0,,0.0015,0.0289
schedule-probschedule-4-2,0,True,0,3,13,26,9,22,0,0,0,,,,0,,,4.0,1e+20,4,0.0053,0.0001,0.0,0.0019,0.0,0.0,,0.0014,0.0088
schedule-probschedule-40-0,0,True,5,29,149,269,76,225,0,0,0,,,,0,,,39.0,1e+20,39,0.0254,0.0026,0.0,0.0037,0.0,0.0,,0.0024,0.0342
schedule-probschedule-40-1,0,True,4,30,142,258,74,216,0,0,0,,,,0,,,38.0,1e+20,38,0.016,0.0025,0.0,0.0032,0.0,0.0,,0.0026,0.0244
schedule-probschedule-40-2,0,True,2,31,137,252,73,210,0,0,0,,,,0,,,40.0,1e+20,40,0.0756,0.0025,0.0,0.0124,0.0,0.0,,0.0041,0.0947
schedule-probschedule-41-0,0,True,5,37,145,272,82,227,0,0,0,,,,0,,,40.0,1e+20,40,0.0145,0.0026,0.0,0.0018,0.0,0.0,,0.0021,0.0211
schedule-probschedule-41-1,0,True,3,28,148,266,74,222,0,0,0,,,,0,,,41.0,1e+20,41,0.0186,0.0024,0.0,0.0037,0.0,0.0,,0.0028,0.0275
schedule-probschedule-41-2,0,True,6,35,153,284,84,237,0,0,0,,,,0,,,41.0,1e+20,41,0.0157,0.0028,0.0,0.0037,0.0,0.0,,0.0025,0.0248
schedule-probschedule-42-0,0,True,5,29,155,282,82,237,0,0,0,,,,0,,,40.0,1e+20,40,0.0351,0.0028,0.0,0.0022,0.0,0.0,,0.0019,0.042
schedule-probschedule-42-1,0,True,3,38,142,267,80,222,0,0,0,,,,0,,,42.0,1e+20,42,0.018,0.0028,0.0,0.0027,0.0,0.0,,0.0023,0.0259
schedule-probschedule-42-2,0,True,8,38,158,290,84,242,0,0,0,,,,0,,,40.0,1e+20,40,0.0389,0.003,0.0,0.006,0.0,0.0,,0.0029,0.0508
schedule-probschedule-43-0,0,True,4,35,151,277,80,231,0,0,0,,,,0,,,42.0,1e+20,42,0.017,0.0027,0.0,0.0029,0.0,0.0,,0.002,0.0247
schedule-probschedule-43-1,0,True,6,39,155,284,81,236,0,0,0,,,,0,,,42.0,1e+20,42,0.0155,0.003,0.0,0.0059,0.0,0.0,,0.002,0.0264
schedule-probschedule-43-2,0,True,2,29,149,269,76,225,0,0,0,,,,0,,,42.0,1e+20,42,0.0176,0.0028,0.0,0.0089,0.0,0.0,,0.0031,0.0325
schedule-probschedule-44-0,0,True,5,35,155,284,83,238,0,0,0,,,,0,,,41.0,1e+20,41,0.0203,0.0031,0.0,0.0033,0.0,0.0,,0.0023,0.0291
schedule-probschedule-44-1,0,True,4,38,152,283,84,236,0,0,0,,,,0,,,43.0,1e+20,43,0.0178,0.0031,0.0,0.0054,0.0,0.0,,0.0027,0.0291
schedule-probschedule-44-2,0,True,8,41,161,293,83,244,0,0,0,,,,0,,,41.0,1e+20,41,0.0172,0.0031,0.0,0.0019,0.0,0.0,,0.0018,0.0242
schedule-probschedule-45-0,0,True,6,38,166,304,87,253,0,0,0,,,,0,,,45.0,1e+20,45,0.0361,0.0032,0.0,0.0039,0.0,0.0,,0.0027,0.046
schedule-probschedule-45-1,0,True,6,39,161,295,85,246,0,0,0,,,,0,,,43.0,1e+20,43,0.0207,0.0031,0.0,0.0023,0.0,0.0,,0.002,0.0282
schedule-probschedule-45-2,0,True,7,38,164,296,83,247,0,0,0,,,,0,,,42.0,1e+20,42,0.0166,0.0031,0.0,0.0039,0.0,0.0,,0.0024,0.0262
schedule-probschedule-46-0,0,True,5,39,163,301,88,251,0,0,0,,,,0,,,45.0,1e+20,45,0.023,0.0033,0.0,0.0043,0.0,0.0,,0.0029,0.0336
schedule-probschedule-46-1,0,True,6,40,166,302,85,251,0,0,0,,,,0,,,45.0,1e+20,45,0.0179,0.0033,0.0,0.0029,0.0,0.0,,0.0026,0.0268
schedule-probschedule-46-2,0,True,6,37,165,299,85,250,0,0,0,,,,0,,,43.0,1e+20,43,0.0244,0.0033,0.0,0.0067,0.0,0.0,,0.0025,0.0369
schedule-probschedule-47-0,0,True,3,35,163,302,90,253,0,0,0,,,,0,,,46.0,1e+20,46,0.0156,0.0033,0.0,0.0014,0.0,0.0,,0.0017,0.0222
schedule-probschedule-47-1,0,True,5,43,161,301,90,251,0,0,0,,,,0,,,45.0,1e+20,45,0.0353,0.0035,0.0,0.0031,0.0,0.0,,0.0025,0.0445
schedule-probschedule-47-2,0,True,8,43,171,312,89,260,0,0,0,,,,0,,,44.0,1e+20,44,0.0156,0.0035,0.0,0.0016,0.0,0.0,,0.0019,0.0227
schedule-probschedule-48-0,0,True,5,38,172,314,90,262,0,0,0,,,,0,,,47.0,1e+20,47,0.0188,0.0032,0.0,0.0038,0.0,0.0,,0.0035,0.0294
schedule-probschedule-48-1,0,True,10,44,178,325,94,272,0,0,0,,,,0,,,43.0,1e+20,43,0.0183,0.0034,0.0,0.007,0.0,0.0,,0.003,0.0317
schedule-probschedule-48-2,0,True,7,41,179,325,91,270,0,0,0,,,,0,,,48.0,1e+20,48,0.0183,0.0034,0.0,0.0034,0.0,0.0,,0.0021,0.0272
schedule-probschedule-49-0,0,True,12,48,188,344,99,287,0,0,0,,,,0,,,45.0,1e+20,45,0.038,0.0039,0.0,0.0057,0.0,0.0,,0.0031,0.0508
schedule-probschedule-49-1,0,True,6,41,177,324,93,270,0,0,0,,,,0,,,48.0,1e+20,48,0.0167,0.0034,0.0,0.0038,0.0,0.0,,0.0025,0.0265
schedule-probschedule-49-2,0,True,8,40,186,339,97,283,0,0,0,,,,0,,,48.0,1e+20,48,0.0214,0.0038,0.0,0.0036,0.0,0.0,,0.0025,0.0314
schedule-probschedule-5-0,0,True,1,4,18,34,11,29,0,0,0,,,,0,,,4.0,1e+20,4,0.0163,0.0001,0.0,0.0104,0.0,0.0,,0.0023,0.0292
schedule-probschedule-5-1,0,True,2,7,21,40,12,33,0,0,0,,,,0,,,5.0,1e+20,5,0.0109,0.0001,0.0,0.0048,0.0,0.0,,0.0024,0.0182
schedule-probschedule-5-2,0,True,1,5,19,36,11,30,0,0,0,,,,0,,,5.0,1e+20,5,0.1663,0.0001,0.0,0.1481,0.0,0.0,,0.0239,0.3385
schedule-probschedule-50-0,0,True,5,36,178,322,92,270,0,0,0,,,,0,,,47.0,1e+20,47,0.0192,0.0037,0.0,0.0036,0.0,0.0,,0.002,0.0285
schedule-probschedule-50-1,0,True,3,41,167,308,90,257,0,0,0,,,,0,,,48.0,1e+20,48,0.0283,0.0037,0.0,0.0027,0.0,0.0,,0.0039,0.0386
schedule-probschedule-50-2,0,True,6,41,181,330,94,275,0,0,0,,,,0,,,49.0,1e+20,49,0.0182,0.0034,0.0,0.0048,0.0,0.0,,0.002,0.0286
schedule-probschedule-51-0,0,True,7,43,185,339,98,283,0,0,0,,,,0,,,49.0,1e+20,49,0.0332,0.0039,0.0,0.0097,0.0,0.0,,0.004,0.0509
schedule-probschedule-51-1,0,True,13,51,197,359,102,299,0,0,0,,,,0,,,47.0,1e+20,47,0.0217,0.0042,0.0,0.0055,0.0,0.0,,0.0026,0.034
schedule-probschedule-51-2,0,True,8,46,184,339,99,283,0,0,0,,,,0,,,48.0,1e+20,48,0.0209,0.004,0.0,0.006,0.0,0.0,,0.0025,0.0335
schedule-probschedule-6-0,0,True,1,5,23,43,13,36,0,0,0,,,,0,,,6.0,1e+20,6,0.0277,0.0002,0.0,0.0064,0.0,0.0,,0.0016,0.0359
schedule-probschedule-6-1,0,True,1,6,22,42,13,35,0,0,0,,,,0,,,6.0,1e+20,6,0.0298,0.0002,0.0,0.0046,0.0,0.0,,0.0019,0.0365
schedule-probschedule-6-2,0,True,2,6,22,41,13,35,0,0,0,,,,0,,,4.0,1e+20,4,0.0232,0.0002,0.0,0.0021,0.0,0.0,,0.0015,0.027
schedule-probschedule-7-0,0,True,2,7,27,51,16,43,0,0,0,,,,0,,,6.0,1e+20,6,0.0075,0.0002,0.0,0.0023,0.0,0.0,,0.0015,0.0116
schedule-probschedule-7-1,0,True,1,7,25,48,15,40,0,0,0,,,,0,,,7.0,1e+20,7,0.0052,0.0002,0.0,0.0012,0.0,0.0,,0.0014,0.008
schedule-probschedule-7-2,0,True,0,6,22,43,14,36,0,0,0,,,,0,,,7.0,1e+20,7,0.0062,0.0002,0.0,0.0012,0.0,0.0,,0.0013,0.009
schedule-probschedule-8-0,0,True,1,7,29,56,18,47,0,0,0,,,,0,,,8.0,1e+20,8,0.0245,0.0002,0.0,0.0014,0.0,0.0,,0.0015,0.0277
schedule-probschedule-8-1,0,True,1,6,30,56,17,47,0,0,0,,,,0,,,8.0,1e+20,8,0.0057,0.0002,0.0,0.0013,0.0,0.0,,0.0014,0.0087
schedule-probschedule-8-2,0,True,0,6,26,50,16,42,0,0,0,,,,0,,,8.0,1e+20,8,0.0081,0.0002,0.0,0.0027,0.0,0.0,,0.0015,0.0126
schedule-probschedule-9-0,0,True,0,8,28,55,18,46,0,0,0,,,,0,,,9.0,1e+20,9,0.0056,0.0003,0.0,0.0014,0.0,0.0,,0.0015,0.0089
schedule-probschedule-9-1,0,True,1,7,31,59,19,50,0,0,0,,,,0,,,8.0,1e+20,8,0.0239,0.0003,0.0,0.0021,0.0,0.0,,0.0015,0.0278
schedule-probschedule-9-2,0,True,0,5,31,59,19,50,0,0,0,,,,0,,,9.0,1e+20,9,0.0068,0.0002,0.0,0.0019,0.0,0.0,,0.0014,0.0104
snake-opt18-strips-p01,3,True,139,5912,16828,22900,160,28208,51986,0,0,,,,1842,,,0.0,1e+20,1e+20,0.0453,0.0643,0.0,0.0401,0.0,0.0,,899.8996,900.0496
snake-opt18-strips-p02,2,True,148,6356,18621,25145,168,30919,56123,0,0,,,,2343,,,7.0,1e+20,9,0.0502,0.0852,0.0,0.0366,0.0,0.0,,899.8808,900.0532
snake-opt18-strips-p03,3,True,152,6340,18601,25116,175,31128,56672,0,0,,,,2025,,,0.0,1e+20,1e+20,0.0523,0.0738,0.0,0.0355,0.0,0.0,,899.8809,900.0429
snake-opt18-strips-p04,3,True,126,5891,16277,22314,146,27108,50514,0,0,,,,1349,,,0.0,1e+20,1e+20,0.1003,0.0586,0.0,1.5371,0.0,0.0,,898.3377,900.0342
snake-opt18-strips-p05,0,True,130,5756,16010,21919,153,26831,49820,0,0,,,,0,,,6.0,1e+20,6,0.0441,0.0599,0.0,0.0326,0.0,0.0,,4.3225,4.4596
snake-opt18-strips-p06,3,True,176,9446,27281,36923,196,45013,83023,0,0,,,,668,,,0.0,1e+20,1e+20,0.0711,0.1235,0.0,0.0527,0.0,0.0,,899.8515,900.0996
snake-opt18-strips-p07,3,True,184,9703,28598,38505,204,47062,86231,0,0,,,,696,,,0.0,1e+20,1e+20,0.0745,0.1377,0.0,0.0547,0.0,0.0,,899.8013,900.0691
snake-opt18-strips-p08,2,True,196,10117,30456,40786,213,50113,91018,0,0,,,,1065,,,6.0,1e+20,10,0.106,0.1728,0.0,0.0647,0.0,0.0,,899.7624,900.1069
snake-opt18-strips-p09,3,True,158,8920,25231,34329,178,41508,77172,0,0,,,,559,,,0.0,1e+20,1e+20,0.0674,0.1066,0.0,0.0515,0.0,0.0,,899.878,900.1043
snake-opt18-strips-p10,3,True,166,9269,26422,35877,186,43424,80683,0,0,,,,716,,,0.0,1e+20,1e+20,0.0661,0.1278,0.0,0.0533,0.0,0.0,,899.8028,900.0508
snake-opt18-strips-p11,2,True,206,14084,40620,54930,226,66182,123546,0,0,,,,268,,,9.0,1e+20,12,0.1017,0.2346,0.0,0.0843,0.0,0.0,,899.6598,900.0816
snake-opt18-strips-p12,3,True,218,14218,41632,56088,238,68075,125900,0,0,,,,103,,,0.0,1e+20,1e+20,0.1073,0.2584,0.0,0.085,0.0,0.0,,899.6858,900.1377
snake-opt18-strips-p13,3,True,228,14837,43902,58987,248,71811,132397,0,0,,,,367,,,0.0,1e+20,1e+20,0.1197,0.2396,0.0,0.0966,0.0,0.0,,899.709,900.1662
snake-opt18-strips-p14,3,True,238,15069,45462,60792,261,74545,137243,0,0,,,,0,,,0.0,1e+20,1e+20,0.1257,0.2465,0.0,0.0929,0.0,0.0,,899.6854,900.1521
snake-opt18-strips-p15,0,True,196,13622,38855,52693,216,63422,118681,0,0,,,,0,,,7.0,1e+20,7,0.5388,0.2095,0.0,0.4449,0.0,0.0,,49.7923,50.9866
snake-opt18-strips-p16,3,True,246,19471,56383,76123,269,91888,172251,0,0,,,,1,,,0.0,1e+20,1e+20,0.1556,0.3397,0.0,0.1233,0.0,0.0,,899.4747,900.095
snake-opt18-strips-p17,3,True,260,20392,60025,80697,280,97542,181376,0,0,,,,10,,,0.0,1e+20,1e+20,0.1604,0.3568,0.0,0.1326,0.0,0.0,,899.5963,900.2514
snake-opt18-strips-p18,3,True,274,21201,63523,85015,291,102924,190726,0,0,,,,65,,,0.0,1e+20,1e+20,0.1726,0.479,0.0,0.1366,0.0,0.0,,899.3689,900.159
snake-opt18-strips-p19,3,True,286,21710,65694,87710,306,106981,197203,0,0,,,,1,,,0.0,1e+20,1e+20,0.2248,0.3983,0.0,0.1426,0.0,0.0,,899.3448,900.1128
snake-opt18-strips-p20,3,True,234,19439,55730,75423,254,90467,170114,0,0,,,,91,,,0.0,1e+20,1e+20,0.1438,0.3324,0.0,0.129,0.0,0.0,,899.5184,900.1253
snake-sat18-strips-p01,3,True,206,13963,40280,54469,226,65674,122439,0,0,,,,47,,,0.0,1e+20,1e+20,0.1188,0.1974,0.0,0.0838,0.0,0.0,,899.6898,900.0909
snake-sat18-strips-p02,3,True,218,14353,42130,56721,238,68791,127046,0,0,,,,268,,,0.0,1e+20,1e+20,0.1474,0.2397,0.0,0.0813,0.0,0.0,,899.594,900.064
snake-sat18-strips-p03,3,True,230,14830,44107,59184,247,72061,132566,0,0,,,,164,,,0.0,1e+20,1e+20,0.1161,0.2709,0.0,0.0873,0.0,0.0,,899.6156,900.0913
snake-sat18-strips-p04,3,True,240,15387,46402,62049,260,75905,139417,0,0,,,,196,,,0.0,1e+20,1e+20,0.1438,0.2668,0.0,0.0928,0.0,0.0,,899.6108,900.1159
snake-sat18-strips-p05,3,True,196,13612,38623,52451,216,63179,118398,0,0,,,,397,,,0.0,1e+20,1e+20,0.1004,0.2169,0.0,0.0797,0.0,0.0,,899.6935,900.0916
snake-sat18-strips-p06,3,True,280,27444,79760,107504,300,128454,241741,0,0,,,,0,,,0.0,1e+20,1e+20,0.2096,0.5407,0.0,0.2196,0.0,0.0,,899.2262,900.1984
snake-sat18-strips-p07,3,True,292,27512,79995,107822,315,129691,244137,0,0,,,,2,,,0.0,1e+20,1e+20,0.2243,0.5823,0.0,0.193,0.0,0.0,,899.3066,900.3085
snake-sat18-strips-p08,2,True,310,28812,85174,114316,330,137738,257322,0,0,,,,22,,,7.0,1e+20,11,0.2766,0.6506,0.0,0.2111,0.0,0.0,,899.0223,900.163
snake-sat18-strips-p09,3,True,326,29514,88542,118399,343,143315,266133,0,0,,,,0,,,0.0,1e+20,1e+20,0.2638,0.739,0.0,0.2946,0.0,0.0,,898.8666,900.1674
snake-sat18-strips-p10,3,True,338,30553,92822,123733,358,150174,278411,0,0,,,,1,,,0.0,1e+20,1e+20,0.284,0.7845,0.0,0.2696,0.0,0.0,,898.8148,900.1568
snake-sat18-strips-p11,3,True,378,49258,144070,193726,398,230925,436474,0,0,,,,52,,,0.0,1e+20,1e+20,0.4394,1.4872,0.0,0.4742,0.0,0.0,,897.8539,900.2599
snake-sat18-strips-p12,3,True,398,50658,149469,200545,418,239835,451840,0,0,,,,0,,,0.0,1e+20,1e+20,0.4867,1.4191,0.0,0.4517,0.0,0.0,,898.0526,900.4158
snake-sat18-strips-p13,3,True,416,51540,154046,206022,436,247098,463562,0,0,,,,0,,,0.0,1e+20,1e+20,0.4977,1.7076,0.0,0.4764,0.0,0.0,,897.5371,900.2256
snake-sat18-strips-p14,3,True,438,53433,161546,215434,455,259270,485226,0,0,,,,0,,,0.0,1e+20,1e+20,0.5449,1.9237,0.0,0.4595,0.0,0.0,,897.5096,900.4453
snake-sat18-strips-p15,3,True,456,55455,169866,225797,476,272588,509397,0,0,,,,0,,,0.0,1e+20,1e+20,0.5873,1.8557,0.0,0.5088,0.0,0.0,,897.3247,900.2885
snake-sat18-strips-p16,3,True,490,82180,242056,324746,510,385644,731583,0,0,,,,0,,,0.0,1e+20,1e+20,0.829,3.0931,0.0,0.9961,0.0,0.0,,895.4966,900.426
snake-sat18-strips-p17,3,True,514,83670,248260,332464,534,396476,749270,0,0,,,,0,,,0.0,1e+20,1e+20,0.8915,4.4778,0.0,0.8808,0.0,0.0,,894.1393,900.4002
snake-sat18-strips-p18,3,True,538,85556,256749,342863,558,410444,772572,0,0,,,,0,,,0.0,1e+20,1e+20,0.9487,3.3796,0.0,0.9792,0.0,0.0,,912.5548,917.8761
snake-sat18-strips-p19,3,True,562,88245,267614,356441,582,428218,804236,0,0,,,,0,,,0.0,1e+20,1e+20,1.0269,3.5719,0.0,0.9943,0.0,0.0,,942.443,948.0501
snake-sat18-strips-p20,3,True,584,90765,278204,369576,607,445509,837277,0,0,,,,0,,,0.0,1e+20,1e+20,1.1617,3.7839,0.0,1.1187,0.0,0.0,,1050.2019,1056.2815
sokoban-opt08-strips-p01,0,False,24,69,138,270,57,343,183,0,0,,,,0,,,10.0,1e+20,10,0.0232,0.0005,0.0,0.0032,0.0,0.0,,0.0223,0.0493
sokoban-opt08-strips-p02,0,False,25,57,103,207,47,271,156,0,0,,,,0,,,9.0,1e+20,9,0.0107,0.0004,0.0,0.0022,0.0,0.0,,0.0242,0.0375
sokoban-opt08-strips-p03,0,False,21,41,73,154,40,195,95,0,0,,,,0,,,3.0,1e+20,3,0.0088,0.0003,0.0,0.005,0.0,0.0,,0.0167,0.0308
sokoban-opt08-strips-p04,0,False,43,118,236,457,97,630,367,0,0,,,,945,,,25.0,1e+20,25,0.011,0.0012,0.0,0.0068,0.0,0.0,,0.1269,0.146
sokoban-opt08-strips-p05,0,False,283,762,1476,2538,300,3704,3008,0,0,,,,0,,,8.0,1e+20,8,0.0142,0.0134,0.0,0.0073,0.0,0.0,,0.2153,0.2504
sokoban-opt08-strips-p06,0,False,31,60,96,201,45,264,145,0,0,,,,0,,,2.0,1e+20,2,0.0079,0.0005,0.0,0.0045,0.0,0.0,,0.0121,0.025
sokoban-opt08-strips-p07,0,False,89,167,274,553,112,707,413,0,0,,,,0,,,7.0,1e+20,7,0.0085,0.0018,0.0,0.0037,0.0,0.0,,0.0554,0.0694
sokoban-opt08-strips-p08,0,False,59,141,256,485,88,677,469,0,0,,,,556,,,13.0,1e+20,13,0.0077,0.0016,0.0,0.0027,0.0,0.0,,0.1623,0.1744
sokoban-opt08-strips-p09,0,False,58,95,159,344,90,457,257,0,0,,,,0,,,5.0,1e+20,5,0.0079,0.0014,0.0,0.0033,0.0,0.0,,0.0203,0.0329
sokoban-opt08-strips-p10,0,False,47,108,195,388,84,534,331,0,0,,,,0,,,10.0,1e+20,10,0.007,0.0012,0.0,0.0019,0.0,0.0,,0.0357,0.0458
sokoban-opt08-strips-p11,0,False,79,172,300,611,135,794,410,0,0,,,,0,,,16.0,1e+20,16,0.0064,0.002,0.0,0.002,0.0,0.0,,0.0613,0.0718
sokoban-opt08-strips-p12,0,False,88,159,307,586,120,796,484,0,0,,,,0,,,8.0,1e+20,8,0.0199,0.0021,0.0,0.0074,0.0,0.0,,0.0711,0.1006
sokoban-opt08-strips-p13,0,False,80,152,296,553,105,757,540,0,0,,,,0,,,4.0,1e+20,4,0.0094,0.0016,0.0,0.0033,0.0,0.0,,0.0288,0.0431
sokoban-opt08-strips-p14,0,False,69,143,248,476,85,632,418,0,0,,,,0,,,11.0,1e+20,11,0.0173,0.0012,0.0,0.0119,0.0,0.0,,0.0983,0.1288
sokoban-opt08-strips-p15,0,False,68,245,537,964,177,1381,912,0,0,,,,0,,,57.0,1e+20,57,0.0114,0.0036,0.0,0.0046,0.0,0.0,,0.1193,0.1389
sokoban-opt08-strips-p16,0,False,88,151,228,510,128,648,335,0,0,,,,107,,,16.0,1e+20,16,0.0066,0.0019,0.0,0.0016,0.0,0.0,,0.1006,0.1108
sokoban-opt08-strips-p17,0,False,48,76,134,278,68,360,187,0,0,,,,0,,,6.0,1e+20,6,0.023,0.0009,0.0,0.0099,0.0,0.0,,0.0323,0.0662
sokoban-opt08-strips-p18,0,False,93,182,307,636,147,839,481,0,0,,,,0,,,29.0,1e+20,29,0.0091,0.0027,0.0,0.0025,0.0,0.0,,0.0793,0.0937
sokoban-opt08-strips-p19,0,False,80,211,410,750,129,1057,728,0,0,,,,2040,,,27.0,1e+20,27,0.0088,0.0024,0.0,0.0029,0.0,0.0,,0.3726,0.3867
sokoban-opt08-strips-p20,0,False,225,440,466,1142,235,1172,484,0,0,,,,0,,,2.0,1e+20,2,0.0126,0.0062,0.0,0.0076,0.0,0.0,,0.0443,0.0706
sokoban-opt08-strips-p21,0,False,386,1008,1892,3290,390,4922,4068,0,0,,,,0,,,2.0,1e+20,2,0.0169,0.0227,0.0,0.0073,0.0,0.0,,0.294,0.3409
sokoban-opt08-strips-p22,0,False,83,212,386,739,141,1010,660,0,0,,,,0,,,30.0,1e+20,30,0.0088,0.0029,0.0,0.0037,0.0,0.0,,0.0868,0.1023
sokoban-opt08-strips-p23,0,False,83,220,485,827,122,1222,883,0,0,,,,0,,,15.0,1e+20,15,0.0075,0.0024,0.0,0.0037,0.0,0.0,,0.1298,0.1434
sokoban-opt08-strips-p24,0,False,131,201,362,729,166,1023,657,0,0,,,,0,,,14.0,1e+20,14,0.007,0.0032,0.0,0.0021,0.0,0.0,,0.0955,0.1079
sokoban-opt08-strips-p25,0,False,109,206,385,754,163,1039,649,0,0,,,,0,,,25.0,1e+20,25,0.0384,0.0034,0.0,0.0135,0.0,0.0,,0.0799,0.1352
sokoban-opt08-strips-p26,0,False,121,256,488,901,157,1288,937,0,0,,,,2175,,,23.0,1e+20,23,0.0097,0.0037,0.0,0.0065,0.0,0.0,,0.489,0.5089
sokoban-opt08-strips-p27,0,False,203,311,524,1066,231,1551,980,0,0,,,,113,,,11.0,1e+20,11,0.0155,0.0061,0.0,0.0039,0.0,0.0,,0.1737,0.1992
sokoban-opt08-strips-p28,0,False,148,234,405,817,178,1131,703,0,0,,,,716,,,18.0,1e+20,18,0.0102,0.0037,0.0,0.0052,0.0,0.0,,0.3766,0.3956
sokoban-opt08-strips-p29,0,False,455,1078,1901,3459,480,5089,4172,0,0,,,,244780,,,15.0,1e+20,15,0.0197,0.0347,0.0,0.0082,0.0,0.0,,154.4483,154.511
sokoban-opt08-strips-p30,0,False,476,1352,2848,4701,501,7341,6204,0,0,,,,0,,,12.0,1e+20,12,0.0403,0.0402,0.0,0.0107,0.0,0.0,,0.3695,0.461
sokoban-opt11-strips-p01,0,False,31,60,96,201,45,264,145,0,0,,,,0,,,2.0,1e+20,2,0.0081,0.0005,0.0,0.003,0.0,0.0,,0.0114,0.023
sokoban-opt11-strips-p02,0,False,48,76,134,278,68,360,187,0,0,,,,0,,,6.0,1e+20,6,0.0083,0.0009,0.0,0.0048,0.0,0.0,,0.0305,0.0447
sokoban-opt11-strips-p03,0,False,69,143,248,476,85,632,418,0,0,,,,0,,,11.0,1e+20,11,0.0132,0.0012,0.0,0.0037,0.0,0.0,,0.0961,0.1144
sokoban-opt11-strips-p04,0,False,43,118,236,457,97,630,367,0,0,,,,945,,,25.0,1e+20,25,0.006,0.0012,0.0,0.0017,0.0,0.0,,0.1275,0.1364
sokoban-opt11-strips-p05,0,False,88,151,228,510,128,648,335,0,0,,,,107,,,16.0,1e+20,16,0.0069,0.0019,0.0,0.0019,0.0,0.0,,0.1002,0.1111
sokoban-opt11-strips-p06,0,False,79,172,300,611,135,794,410,0,0,,,,0,,,16.0,1e+20,16,0.0109,0.002,0.0,0.0057,0.0,0.0,,0.0623,0.081
sokoban-opt11-strips-p07,0,False,47,108,195,388,84,534,331,0,0,,,,0,,,10.0,1e+20,10,0.0126,0.0012,0.0,0.0161,0.0,0.0,,0.0359,0.0657
sokoban-opt11-strips-p08,0,False,58,95,159,344,90,457,257,0,0,,,,0,,,5.0,1e+20,5,0.0084,0.0014,0.0,0.0033,0.0,0.0,,0.0194,0.0326
sokoban-opt11-strips-p09,0,False,89,167,274,553,112,707,413,0,0,,,,0,,,7.0,1e+20,7,0.0067,0.0018,0.0,0.0021,0.0,0.0,,0.0539,0.0647
sokoban-opt11-strips-p10,0,False,283,762,1476,2538,300,3704,3008,0,0,,,,0,,,8.0,1e+20,8,0.0142,0.0133,0.0,0.0079,0.0,0.0,,0.2153,0.2507
sokoban-opt11-strips-p11,0,False,80,152,296,553,105,757,540,0,0,,,,0,,,4.0,1e+20,4,0.0064,0.0016,0.0,0.002,0.0,0.0,,0.0283,0.0384
sokoban-opt11-strips-p12,0,False,225,440,466,1142,235,1172,484,0,0,,,,0,,,2.0,1e+20,2,0.0128,0.0062,0.0,0.0086,0.0,0.0,,0.0459,0.0735
sokoban-opt11-strips-p13,0,False,59,141,256,485,88,677,469,0,0,,,,556,,,13.0,1e+20,13,0.0133,0.0016,0.0,0.0059,0.0,0.0,,0.1636,0.1844
sokoban-opt11-strips-p14,0,False,88,159,307,586,120,796,484,0,0,,,,0,,,8.0,1e+20,8,0.0128,0.0021,0.0,0.0049,0.0,0.0,,0.0715,0.0913
sokoban-opt11-strips-p15,0,False,93,182,307,636,147,839,481,0,0,,,,0,,,29.0,1e+20,29,0.0343,0.0027,0.0,0.0034,0.0,0.0,,0.0802,0.1207
sokoban-opt11-strips-p16,0,False,68,245,537,964,177,1381,912,0,0,,,,0,,,57.0,1e+20,57,0.0073,0.0036,0.0,0.0024,0.0,0.0,,0.116,0.1294
sokoban-opt11-strips-p17,0,False,80,211,410,750,129,1057,728,0,0,,,,2040,,,27.0,1e+20,27,0.0069,0.0024,0.0,0.0037,0.0,0.0,,0.3681,0.3812
sokoban-opt11-strips-p18,0,False,386,1008,1892,3290,390,4922,4068,0,0,,,,0,,,2.0,1e+20,2,0.0181,0.0226,0.0,0.0083,0.0,0.0,,0.2904,0.3395
sokoban-opt11-strips-p19,0,False,83,212,386,739,141,1010,660,0,0,,,,0,,,30.0,1e+20,30,0.0075,0.0029,0.0,0.0021,0.0,0.0,,0.0858,0.0984
sokoban-opt11-strips-p20,0,False,83,220,485,827,122,1222,883,0,0,,,,0,,,15.0,1e+20,15,0.0076,0.0024,0.0,0.007,0.0,0.0,,0.1319,0.149
sokoban-sat08-strips-p01,0,False,25,57,103,207,47,271,156,0,0,,,,0,,,9.0,1e+20,9,0.0062,0.0004,0.0,0.002,0.0,0.0,,0.0233,0.032
sokoban-sat08-strips-p02,0,False,43,118,236,457,97,630,367,0,0,,,,945,,,25.0,1e+20,25,0.0082,0.0012,0.0,0.0035,0.0,0.0,,0.1288,0.1418
sokoban-sat08-strips-p03,0,False,31,60,96,201,45,264,145,0,0,,,,0,,,2.0,1e+20,2,0.0069,0.0005,0.0,0.0035,0.0,0.0,,0.0115,0.0225
sokoban-sat08-strips-p04,0,False,59,141,256,485,88,677,469,0,0,,,,556,,,13.0,1e+20,13,0.0092,0.0016,0.0,0.0033,0.0,0.0,,0.1608,0.1749
sokoban-sat08-strips-p05,0,False,47,108,195,388,84,534,331,0,0,,,,0,,,10.0,1e+20,10,0.0059,0.0012,0.0,0.0018,0.0,0.0,,0.0351,0.044
sokoban-sat08-strips-p06,0,False,88,159,307,586,120,796,484,0,0,,,,0,,,8.0,1e+20,8,0.009,0.0021,0.0,0.0023,0.0,0.0,,0.0707,0.0841
sokoban-sat08-strips-p07,0,False,69,143,248,476,85,632,418,0,0,,,,0,,,11.0,1e+20,11,0.0256,0.0012,0.0,0.0031,0.0,0.0,,0.0956,0.1256
sokoban-sat08-strips-p08,0,False,88,151,228,510,128,648,335,0,0,,,,107,,,16.0,1e+20,16,0.0062,0.0019,0.0,0.0017,0.0,0.0,,0.0997,0.1095
sokoban-sat08-strips-p09,0,False,93,182,307,636,147,839,481,0,0,,,,0,,,29.0,1e+20,29,0.0238,0.0026,0.0,0.0026,0.0,0.0,,0.0809,0.1099
sokoban-sat08-strips-p10,0,False,225,440,466,1142,235,1172,484,0,0,,,,0,,,2.0,1e+20,2,0.0095,0.0061,0.0,0.0056,0.0,0.0,,0.0443,0.0656
sokoban-sat08-strips-p11,0,False,386,1008,1892,3290,390,4922,4068,0,0,,,,0,,,2.0,1e+20,2,0.0169,0.0231,0.0,0.0064,0.0,0.0,,0.2928,0.3393
sokoban-sat08-strips-p12,0,False,83,212,386,739,141,1010,660,0,0,,,,0,,,30.0,1e+20,30,0.0084,0.0029,0.0,0.0037,0.0,0.0,,0.0864,0.1015
sokoban-sat08-strips-p13,0,False,83,220,485,827,122,1222,883,0,0,,,,0,,,15.0,1e+20,15,0.0276,0.0024,0.0,0.0039,0.0,0.0,,0.1324,0.1665
sokoban-sat08-strips-p14,0,False,131,201,362,729,166,1023,657,0,0,,,,0,,,14.0,1e+20,14,0.0076,0.0032,0.0,0.0034,0.0,0.0,,0.0944,0.1086
sokoban-sat08-strips-p15,0,False,109,206,385,754,163,1039,649,0,0,,,,0,,,25.0,1e+20,25,0.0085,0.0034,0.0,0.0035,0.0,0.0,,0.08,0.0954
sokoban-sat08-strips-p16,0,False,121,256,488,901,157,1288,937,0,0,,,,2175,,,23.0,1e+20,23,0.0158,0.0036,0.0,0.0061,0.0,0.0,,0.4999,0.5256
sokoban-sat08-strips-p17,0,False,203,311,524,1066,231,1551,980,0,0,,,,113,,,11.0,1e+20,11,0.0106,0.0061,0.0,0.0122,0.0,0.0,,0.1737,0.2028
sokoban-sat08-strips-p18,0,False,148,234,405,817,178,1131,703,0,0,,,,716,,,18.0,1e+20,18,0.0082,0.0037,0.0,0.0031,0.0,0.0,,0.3718,0.3868
sokoban-sat08-strips-p19,0,False,455,1078,1901,3459,480,5089,4172,0,0,,,,244780,,,15.0,1e+20,15,0.0225,0.0331,0.0,0.0112,0.0,0.0,,154.5747,154.6416
sokoban-sat08-strips-p20,0,False,476,1352,2848,4701,501,7341,6204,0,0,,,,0,,,12.0,1e+20,12,0.0381,0.0392,0.0,0.0145,0.0,0.0,,0.3705,0.4624
sokoban-sat08-strips-p21,0,False,135,272,452,897,173,1205,773,0,0,,,,0,,,29.0,1e+20,29,0.0085,0.004,0.0,0.0023,0.0,0.0,,0.2569,0.2719
sokoban-sat08-strips-p22,0,False,142,241,445,871,184,1218,805,0,0,,,,0,,,21.0,1e+20,21,0.0083,0.004,0.0,0.0032,0.0,0.0,,0.1132,0.1287
sokoban-sat08-strips-p23,0,False,128,246,438,862,178,1155,739,0,0,,,,0,,,30.0,1e+20,30,0.0077,0.0037,0.0,0.0022,0.0,0.0,,0.0629,0.0765
sokoban-sat08-strips-p24,0,False,124,201,345,723,177,978,587,0,0,,,,1298,,,22.0,1e+20,22,0.0166,0.0036,0.0,0.3327,0.0,0.0,,0.5207,0.8737
sokoban-sat08-strips-p25,0,False,142,220,347,746,179,1041,608,0,0,,,,0,,,15.0,1e+20,15,0.0513,0.004,0.0,0.0339,0.0,0.0,,0.0766,0.1659
sokoban-sat08-strips-p26,0,False,154,308,584,1109,217,1534,1025,0,0,,,,0,,,32.0,1e+20,32,0.0097,0.0057,0.0,0.0046,0.0,0.0,,0.1504,0.1704
sokoban-sat08-strips-p27,0,False,298,708,1306,2357,339,3407,2642,0,0,,,,0,,,8.0,1e+20,8,0.0148,0.016,0.0,0.0055,0.0,0.0,,0.1934,0.2297
sokoban-sat08-strips-p28,0,False,137,371,774,1424,264,2000,1384,0,0,,,,0,,,76.0,1e+20,76,0.0099,0.0076,0.0,0.0062,0.0,0.0,,0.1364,0.1602
sokoban-sat08-strips-p29,0,False,123,218,454,853,177,1193,769,0,0,,,,0,,,22.0,1e+20,22,0.0171,0.0038,0.0,0.0058,0.0,0.0,,0.108,0.1347
sokoban-sat08-strips-p30,0,False,72,243,495,925,180,1265,799,0,0,,,,0,,,53.0,1e+20,53,0.0251,0.0037,0.0,0.0027,0.0,0.0,,0.1007,0.1323
sokoban-sat11-strips-p01,0,False,142,220,347,746,179,1041,608,0,0,,,,0,,,15.0,1e+20,15,0.0229,0.004,0.0,0.0042,0.0,0.0,,0.0746,0.1058
sokoban-sat11-strips-p02,0,False,88,151,228,510,128,648,335,0,0,,,,107,,,16.0,1e+20,16,0.0081,0.0019,0.0,0.0029,0.0,0.0,,0.1009,0.1138
sokoban-sat11-strips-p03,0,False,203,311,524,1066,231,1551,980,0,0,,,,113,,,11.0,1e+20,11,0.0089,0.0061,0.0,0.003,0.0,0.0,,0.1731,0.1911
sokoban-sat11-strips-p04,0,False,121,256,488,901,157,1288,937,0,0,,,,2175,,,23.0,1e+20,23,0.0083,0.0037,0.0,0.0063,0.0,0.0,,0.4912,0.5095
sokoban-sat11-strips-p05,0,False,131,201,362,729,166,1023,657,0,0,,,,0,,,14.0,1e+20,14,0.011,0.0032,0.0,0.0044,0.0,0.0,,0.0957,0.1143
sokoban-sat11-strips-p06,0,False,83,212,386,739,141,1010,660,0,0,,,,0,,,30.0,1e+20,30,0.0076,0.0029,0.0,0.0031,0.0,0.0,,0.0862,0.0999
sokoban-sat11-strips-p07,0,False,83,220,485,827,122,1222,883,0,0,,,,0,,,15.0,1e+20,15,0.0079,0.0024,0.0,0.0052,0.0,0.0,,0.1311,0.1468
sokoban-sat11-strips-p08,0,False,142,241,445,871,184,1218,805,0,0,,,,0,,,21.0,1e+20,21,0.0279,0.004,0.0,0.0028,0.0,0.0,,0.1131,0.1478
sokoban-sat11-strips-p09,0,False,225,440,466,1142,235,1172,484,0,0,,,,0,,,2.0,1e+20,2,0.0103,0.0063,0.0,0.0031,0.0,0.0,,0.0451,0.0648
sokoban-sat11-strips-p10,0,False,128,246,438,862,178,1155,739,0,0,,,,0,,,30.0,1e+20,30,0.0113,0.0037,0.0,0.0023,0.0,0.0,,0.0628,0.0801
sokoban-sat11-strips-p11,0,False,137,371,774,1424,264,2000,1384,0,0,,,,0,,,76.0,1e+20,76,0.0098,0.0074,0.0,0.0038,0.0,0.0,,0.1368,0.1579
sokoban-sat11-strips-p12,0,False,148,234,405,817,178,1131,703,0,0,,,,716,,,18.0,1e+20,18,0.0107,0.0036,0.0,0.0088,0.0,0.0,,0.3739,0.3971
sokoban-sat11-strips-p13,0,False,298,708,1306,2357,339,3407,2642,0,0,,,,0,,,8.0,1e+20,8,0.0141,0.016,0.0,0.0051,0.0,0.0,,0.1932,0.2284
sokoban-sat11-strips-p14,0,False,124,201,345,723,177,978,587,0,0,,,,1298,,,22.0,1e+20,22,0.0234,0.0036,0.0,0.0079,0.0,0.0,,0.1939,0.2289
sokoban-sat11-strips-p15,0,False,72,243,495,925,180,1265,799,0,0,,,,0,,,53.0,1e+20,53,0.0322,0.0037,0.0,0.0027,0.0,0.0,,0.103,0.1417
sokoban-sat11-strips-p16,0,False,455,1078,1901,3459,480,5089,4172,0,0,,,,244780,,,15.0,1e+20,15,0.0266,0.0331,0.0,0.0113,0.0,0.0,,154.1802,154.2513
sokoban-sat11-strips-p17,0,False,154,308,584,1109,217,1534,1025,0,0,,,,0,,,32.0,1e+20,32,0.0118,0.0057,0.0,0.0045,0.0,0.0,,0.1517,0.1739
sokoban-sat11-strips-p18,0,False,123,218,454,853,177,1193,769,0,0,,,,0,,,22.0,1e+20,22,0.0093,0.0038,0.0,0.0032,0.0,0.0,,0.1072,0.1236
sokoban-sat11-strips-p19,0,False,109,206,385,754,163,1039,649,0,0,,,,0,,,25.0,1e+20,25,0.0292,0.0034,0.0,0.004,0.0,0.0,,0.0793,0.1159
sokoban-sat11-strips-p20,0,False,476,1352,2848,4701,501,7341,6204,0,0,,,,0,,,12.0,1e+20,12,0.0208,0.039,0.0,0.0097,0.0,0.0,,0.3684,0.4381
spider-opt18-strips-p01,0,False,171,1050,3075,4397,266,6160,11905,0,0,,,,0,,,10.0,1e+20,10,0.0297,0.0441,0.0,0.0088,0.0,0.0,,1.7607,1.8437
spider-opt18-strips-p02,0,False,243,1437,3935,5746,368,8316,14637,0,0,,,,551,,,13.0,1e+20,13,0.0614,0.0795,0.0,0.0148,0.0,0.0,,3.2604,3.4167
spider-opt18-strips-p03,0,False,397,2916,8519,11991,550,16394,34043,0,0,,,,0,,,14.0,1e+20,14,0.1132,0.2848,0.0,0.0264,0.0,0.0,,14.9438,15.3693
spider-opt18-strips-p04,0,False,485,3543,10037,14258,672,19839,39915,0,0,,,,3167,,,19.0,1e+20,19,0.4295,0.4687,0.0,0.0339,0.0,0.0,,185.926,186.8599
spider-opt18-strips-p05,0,False,711,5570,15522,22030,932,31294,61139,0,0,,,,13717,,,21.0,1e+20,21,0.3157,0.8599,0.0,0.0575,0.0,0.0,,676.7152,677.9526
spider-opt18-strips-p06,2,False,967,8908,24677,34809,1218,48037,101076,0,0,,,,7951,,,25.0,1e+20,27,0.6337,1.856,0.0,0.1093,0.0,0.0,,897.5077,900.1161
spider-opt18-strips-p07,0,False,189,1058,3213,4550,273,6666,11520,0,0,,,,3879,,,9.0,1e+20,9,0.0349,0.0397,0.0,0.0098,0.0,0.0,,8.945,9.0297
spider-opt18-strips-p08,0,False,260,1545,4539,6463,373,9394,16873,0,0,,,,2530,,,12.0,1e+20,12,0.0541,0.0794,0.0,0.0218,0.0,0.0,,10.2385,10.3944
spider-opt18-strips-p09,0,False,424,2810,8130,11511,565,16897,31674,0,0,,,,7071,,,16.0,1e+20,16,0.1076,0.2457,0.0,0.0264,0.0,0.0,,167.4917,167.8729
spider-opt18-strips-p10,3,False,508,3771,10468,14921,676,20803,42301,0,0,,,,26369,,,0.0,1e+20,1e+20,0.1523,0.4944,0.0,0.0445,0.0,0.0,,899.4597,900.1611
spider-opt18-strips-p11,3,False,727,6088,17367,24383,922,33229,73480,0,0,,,,5498,,,0.0,1e+20,1e+20,0.3235,1.0437,0.0,0.0688,0.0,0.0,,898.6677,900.1085
spider-opt18-strips-p12,3,False,1005,10481,30761,42477,1229,56200,126556,0,0,,,,3631,,,0.0,1e+20,1e+20,0.6279,2.1188,0.0,0.1358,0.0,0.0,,897.2521,900.1438
spider-opt18-strips-p13,3,False,1129,11191,32256,44832,1379,60754,132608,0,0,,,,1303,,,0.0,1e+20,1e+20,0.7873,3.1351,0.0,0.1525,0.0,0.0,,895.9975,900.0847
spider-opt18-strips-p14,0,False,181,1080,3466,4817,265,6810,13772,0,0,,,,0,,,6.0,1e+20,6,0.0322,0.0354,0.0,0.0091,0.0,0.0,,0.8818,0.9589
spider-opt18-strips-p15,0,False,258,1287,3658,5324,373,8353,13964,0,0,,,,5236,,,13.0,1e+20,13,0.044,0.0719,0.0,0.0107,0.0,0.0,,19.3566,19.4835
spider-opt18-strips-p16,0,False,417,3242,9684,13486,554,18578,40829,0,0,,,,8247,,,11.0,1e+20,11,0.1129,0.2605,0.0,0.0328,0.0,0.0,,243.3331,243.7408
spider-opt18-strips-p17,3,False,516,3381,9702,13774,685,20422,37512,0,0,,,,36286,,,0.0,1e+20,1e+20,0.1478,0.362,0.0,0.0308,0.0,0.0,,909.1749,909.7213
spider-opt18-strips-p18,3,False,736,6072,17127,24136,931,33851,70552,0,0,,,,6054,,,0.0,1e+20,1e+20,0.3228,0.9732,0.0,0.0683,0.0,0.0,,901.0801,902.4489
spider-opt18-strips-p19,3,False,1005,10267,30029,41527,1225,55650,128306,0,0,,,,484,,,0.0,1e+20,1e+20,0.6306,2.2169,0.0,0.1331,0.0,0.0,,897.1558,900.1454
spider-opt18-strips-p20,3,False,1138,10503,29734,41634,1391,58493,122067,0,0,,,,79,,,0.0,1e+20,1e+20,0.7978,2.7992,0.0,0.1406,0.0,0.0,,896.3223,900.0704
spider-sat18-strips-p01,0,False,712,6267,17955,25155,927,34324,72528,0,0,,,,7167,,,20.0,1e+20,20,0.3189,0.9863,0.0,0.068,0.0,0.0,,550.3312,551.7079
spider-sat18-strips-p02,3,False,960,9531,27519,38267,1211,50923,114537,0,0,,,,1942,,,0.0,1e+20,1e+20,0.6455,2.6401,0.0,0.1243,0.0,0.0,,896.6976,900.1177
spider-sat18-strips-p03,3,False,1099,9314,25643,36348,1385,52170,100524,0,0,,,,2099,,,0.0,1e+20,1e+20,0.7768,2.8145,0.0,0.1214,0.0,0.0,,896.3901,900.1089
spider-sat18-strips-p04,3,False,1412,15628,42473,59831,1724,79719,174437,0,0,,,,3,,,0.0,1e+20,1e+20,1.4321,6.0453,0.0,0.2292,0.0,0.0,,892.4009,900.1213
spider-sat18-strips-p05,3,False,1777,21977,59754,83856,2119,111348,253635,0,0,,,,0,,,0.0,1e+20,1e+20,2.4958,10.7809,0.0,0.3808,0.0,0.0,,886.4447,900.1184
spider-sat18-strips-p06,3,False,1942,23021,62847,88196,2322,118159,260934,0,0,,,,0,,,0.0,1e+20,1e+20,2.9576,12.6383,0.0,0.4152,0.0,0.0,,884.1162,900.1508
spider-sat18-strips-p07,3,False,507,3608,10669,14958,675,20916,41976,0,0,,,,10576,,,0.0,1e+20,1e+20,0.148,0.3836,0.0,0.0351,0.0,0.0,,899.4906,900.0592
spider-sat18-strips-p08,3,False,737,6760,18740,26432,926,35580,78832,0,0,,,,8777,,,0.0,1e+20,1e+20,0.3177,1.0852,0.0,0.0721,0.0,0.0,,898.6455,900.1248
spider-sat18-strips-p09,2,False,996,10071,29664,40958,1217,54356,123915,0,0,,,,1256,,,22.0,1e+20,129,0.638,2.395,0.0,0.1323,0.0,0.0,,896.9052,900.0779
spider-sat18-strips-p10,3,False,1132,12257,34744,48385,1378,64172,145015,0,0,,,,648,,,0.0,1e+20,1e+20,0.7859,2.9986,0.0,0.1624,0.0,0.0,,896.1754,900.1321
spider-sat18-strips-p11,3,False,1453,15760,45636,63135,1733,84339,189118,0,0,,,,1,,,0.0,1e+20,1e+20,1.4349,6.7244,0.0,0.2588,0.0,0.0,,891.6372,900.0735
spider-sat18-strips-p12,3,False,1818,24712,72329,99170,2123,127190,309412,0,0,,,,0,,,0.0,1e+20,1e+20,2.5162,11.5576,0.0,0.4668,0.0,0.0,,885.5962,900.1579
spider-sat18-strips-p13,3,False,1984,23506,67341,93168,2315,123917,288271,0,0,,,,0,,,0.0,1e+20,1e+20,3.0113,13.5945,0.0,0.4609,0.0,0.0,,883.0712,900.1573
spider-sat18-strips-p14,0,False,513,3726,10928,15341,681,21645,42879,0,0,,,,5544,,,18.0,1e+20,18,0.1483,0.4659,0.0,0.0342,0.0,0.0,,370.0118,370.6621
spider-sat18-strips-p15,3,False,735,6317,17913,25165,929,34418,71427,0,0,,,,2687,,,0.0,1e+20,1e+20,0.3186,1.0867,0.0,0.067,0.0,0.0,,898.6094,900.0861
spider-sat18-strips-p16,3,False,997,9965,29293,40486,1222,54084,125566,0,0,,,,890,,,0.0,1e+20,1e+20,0.6645,2.3357,0.0,0.127,0.0,0.0,,896.9787,900.1132
spider-sat18-strips-p17,3,False,1135,10942,31190,43527,1388,60328,130424,0,0,,,,394,,,0.0,1e+20,1e+20,0.7889,2.8469,0.0,0.1452,0.0,0.0,,896.287,900.0784
spider-sat18-strips-p18,3,False,1454,16271,45101,63107,1729,83648,190429,0,0,,,,0,,,0.0,1e+20,1e+20,1.4376,5.7009,0.0,0.2418,0.0,0.0,,892.903,900.2946
spider-sat18-strips-p19,3,False,1819,22078,63634,87842,2124,116410,273258,0,0,,,,0,,,0.0,1e+20,1e+20,2.4912,10.2658,0.0,0.4106,0.0,0.0,,886.9704,900.1517
spider-sat18-strips-p20,3,False,1995,24390,69418,96140,2326,127819,295238,0,0,,,,0,,,0.0,1e+20,1e+20,2.9713,13.4343,0.0,0.4786,0.0,0.0,,883.2513,900.1604
storage-p01,0,True,0,2,7,17,7,23,9,0,0,,,,0,,,3.0,1e+20,3,0.0138,0.0001,0.0,0.0036,0.0,0.0,,0.0028,0.0202
storage-p02,0,True,8,12,20,44,12,57,31,0,0,,,,0,,,3.0,1e+20,3,0.0053,0.0001,0.0,0.0026,0.0,0.0,,0.0065,0.0145
storage-p03,0,True,16,27,42,89,20,114,74,0,0,,,,0,,,3.0,1e+20,3,0.006,0.0001,0.0,0.0022,0.0,0.0,,0.007,0.0153
storage-p04,0,True,2,9,16,38,13,43,15,0,0,,,,0,,,6.0,1e+20,6,0.019,0.0001,0.0,0.0012,0.0,0.0,,0.0016,0.022
storage-p05,0,True,24,68,105,202,29,244,184,0,0,,,,0,,,6.0,1e+20,6,0.0061,0.0003,0.0,0.0019,0.0,0.0,,0.0149,0.0232
storage-p06,0,True,31,101,153,290,36,352,295,0,0,,,,0,,,6.0,1e+20,6,0.0177,0.0004,0.0,0.0031,0.0,0.0,,0.0201,0.0413
storage-p07,0,True,4,16,26,60,18,67,25,0,0,,,,0,,,10.0,1e+20,10,0.0071,0.0002,0.0,0.0016,0.0,0.0,,0.0062,0.0152
storage-p08,0,True,44,162,238,451,51,532,459,0,0,,,,0,,,8.0,1e+20,8,0.008,0.0007,0.0,0.0033,0.0,0.0,,0.0396,0.0517
storage-p09,0,True,53,253,372,685,60,820,762,0,0,,,,0,,,7.0,1e+20,7,0.0074,0.0011,0.0,0.0038,0.0,0.0,,0.0456,0.058
storage-p10,0,True,6,24,37,84,23,90,33,0,0,,,,0,,,12.0,1e+20,12,0.0109,0.0004,0.0,0.0031,0.0,0.0,,0.0062,0.0206
storage-p11,0,True,69,344,501,923,78,1084,999,0,0,,,,0,,,9.0,1e+20,9,0.009,0.0016,0.0,0.0026,0.0,0.0,,0.0532,0.0664
storage-p12,0,True,82,478,699,1268,91,1499,1443,0,0,,,,0,,,9.0,1e+20,9,0.0101,0.0025,0.0,0.0029,0.0,0.0,,0.0754,0.091
storage-p13,0,True,8,21,38,88,29,99,39,0,0,,,,0,,,12.0,1e+20,12,0.007,0.0005,0.0,0.0053,0.0,0.0,,0.0034,0.0163
storage-p14,0,True,102,262,355,731,114,959,697,0,0,,,,0,,,13.0,1e+20,13,0.0101,0.0024,0.0,0.0034,0.0,0.0,,0.0437,0.0595
storage-p15,0,True,117,383,509,1021,129,1378,1046,0,0,,,,0,,,11.0,1e+20,11,0.0135,0.0038,0.0,0.0034,0.0,0.0,,0.0599,0.0807
storage-p16,0,True,158,714,937,1823,172,2287,1894,0,0,,,,0,,,13.0,1e+20,13,0.0155,0.0081,0.0,0.0062,0.0,0.0,,0.0954,0.1253
storage-p17,0,True,205,979,1280,2480,221,3135,2664,0,0,,,,0,,,15.0,1e+20,15,0.0161,0.0128,0.0,0.0038,0.0,0.0,,0.1394,0.1724
storage-p18,0,True,259,1388,1813,3478,277,4290,3730,0,0,,,,0,,,18.0,1e+20,18,0.0532,0.021,0.0,0.0277,0.0,0.0,,0.2022,0.3043
storage-p19,0,True,317,1385,1742,3465,338,4447,3606,0,0,,,,0,,,19.0,1e+20,19,0.0245,0.032,0.0,0.0054,0.0,0.0,,0.1599,0.2221
storage-p20,0,True,381,1846,2302,4552,404,5779,4720,0,0,,,,0,,,22.0,1e+20,22,0.0317,0.0459,0.0,0.011,0.0,0.0,,0.2212,0.3101
storage-p21,0,True,488,2668,3311,6492,513,8476,7016,0,0,,,,0,,,24.0,1e+20,24,0.0514,0.0864,0.0,0.0139,0.0,0.0,,0.3808,0.5329
storage-p22,0,True,567,3753,4648,8995,594,11261,9813,0,0,,,,0,,,25.0,1e+20,25,0.1052,0.1366,0.0,0.0209,0.0,0.0,,0.499,0.762
storage-p23,0,True,654,3741,4550,8975,684,11686,9650,0,0,,,,0,,,28.0,1e+20,28,0.0777,0.1838,0.0,0.0138,0.0,0.0,,0.4822,0.7585
storage-p24,0,True,745,3764,4551,9092,777,12237,9748,0,0,,,,0,,,29.0,1e+20,29,0.0925,0.2081,0.0,0.018,0.0,0.0,,0.506,0.8256
storage-p25,0,True,844,4785,5762,11425,878,14962,12312,0,0,,,,0,,,33.0,1e+20,33,0.114,0.3034,0.0,0.0231,0.0,0.0,,1.1402,1.5818
storage-p26,0,True,995,7701,9166,17898,1031,22654,19423,0,0,,,,0,,,34.0,1e+20,34,0.1946,0.5014,0.0,0.0375,0.0,0.0,,0.9413,1.6765
storage-p27,0,True,1110,8072,9632,18853,1149,24403,20731,0,0,,,,0,,,36.0,1e+20,36,0.3975,0.6573,0.0,0.0424,0.0,0.0,,1.1081,2.2073
storage-p28,0,True,1229,8437,10016,19723,1270,25953,21662,0,0,,,,0,,,38.0,1e+20,38,0.2527,0.7563,0.0,0.0517,0.0,0.0,,1.1817,2.2446
storage-p29,0,True,1354,10309,12141,23847,1397,30674,26065,0,0,,,,0,,,40.0,1e+20,40,0.3401,1.0552,0.0,0.0634,0.0,0.0,,1.4552,2.9165
storage-p30,0,True,1484,11401,13360,26290,1529,33677,28604,0,0,,,,0,,,41.0,1e+20,41,0.3887,1.3437,0.0,0.0705,0.0,0.0,,1.4003,3.2063
termes-opt18-strips-p01,0,True,41,107,107,259,45,363,293,0,0,,,,0,,,9.0,1e+20,9,0.0086,0.0009,0.0,0.0026,0.0,0.0,,0.0231,0.0352
termes-opt18-strips-p02,0,True,35,106,107,259,45,363,293,0,0,,,,0,,,11.0,1e+20,11,0.008,0.0009,0.0,0.0051,0.0,0.0,,0.0127,0.0267
termes-opt18-strips-p03,0,True,51,135,135,326,56,480,405,0,0,,,,0,,,10.0,1e+20,10,0.007,0.0012,0.0,0.0018,0.0,0.0,,0.0257,0.0357
termes-opt18-strips-p04,0,True,48,135,135,326,56,480,405,0,0,,,,0,,,16.0,1e+20,16,0.0272,0.0012,0.0,0.005,0.0,0.0,,0.0189,0.0524
termes-opt18-strips-p05,0,True,61,163,163,393,67,597,517,0,0,,,,0,,,12.0,1e+20,12,0.0078,0.0016,0.0,0.002,0.0,0.0,,0.0207,0.0321
termes-opt18-strips-p06,0,True,56,163,163,393,67,597,517,0,0,,,,0,,,18.0,1e+20,18,0.0076,0.0016,0.0,0.0022,0.0,0.0,,0.0365,0.048
termes-opt18-strips-p07,0,True,65,190,191,460,78,714,629,0,0,,,,0,,,14.0,1e+20,14,0.008,0.0021,0.0,0.0037,0.0,0.0,,0.0192,0.033
termes-opt18-strips-p08,0,True,63,190,191,460,78,714,629,0,0,,,,0,,,18.0,1e+20,18,0.009,0.0021,0.0,0.0018,0.0,0.0,,0.0211,0.034
termes-opt18-strips-p09,0,True,81,219,219,527,89,831,741,0,0,,,,0,,,16.0,1e+20,16,0.031,0.0027,0.0,0.0039,0.0,0.0,,0.0304,0.068
termes-opt18-strips-p10,0,True,76,219,219,527,89,831,741,0,0,,,,0,,,18.0,1e+20,18,0.0107,0.0027,0.0,0.0037,0.0,0.0,,0.0524,0.0695
termes-opt18-strips-p11,0,True,35,107,107,259,45,363,293,0,0,,,,0,,,16.0,1e+20,16,0.0111,0.0008,0.0,0.0031,0.0,0.0,,0.0206,0.0357
termes-opt18-strips-p12,0,True,34,107,107,259,45,363,293,0,0,,,,0,,,14.0,1e+20,14,0.0062,0.0009,0.0,0.0019,0.0,0.0,,0.0124,0.0214
termes-opt18-strips-p13,0,True,42,135,135,326,56,480,405,0,0,,,,0,,,21.0,1e+20,21,0.0096,0.0012,0.0,0.0036,0.0,0.0,,0.0186,0.033
termes-opt18-strips-p14,0,True,41,135,135,326,56,480,405,0,0,,,,0,,,18.0,1e+20,18,0.0581,0.0012,0.0,0.015,0.0,0.0,,0.0293,0.1037
termes-opt18-strips-p15,0,True,53,163,163,393,67,597,517,0,0,,,,0,,,23.0,1e+20,23,0.0558,0.0016,0.0,0.0038,0.0,0.0,,0.0383,0.0996
termes-opt18-strips-p16,0,True,50,163,163,393,67,597,517,0,0,,,,0,,,26.0,1e+20,26,0.0082,0.0016,0.0,0.0028,0.0,0.0,,0.0702,0.0829
termes-opt18-strips-p17,0,True,29,117,117,279,45,389,320,0,0,,,,0,,,25.0,1e+20,25,0.0085,0.0009,0.0,0.0047,0.0,0.0,,0.0268,0.0409
termes-opt18-strips-p18,0,True,30,107,107,259,45,363,293,0,0,,,,0,,,21.0,1e+20,21,0.0085,0.0008,0.0,0.0063,0.0,0.0,,0.0188,0.0345
termes-opt18-strips-p19,0,True,41,147,147,350,56,512,440,0,0,,,,0,,,19.0,1e+20,19,0.0086,0.0013,0.0,0.0029,0.0,0.0,,0.0334,0.0462
termes-opt18-strips-p20,0,True,37,135,135,326,56,480,405,0,0,,,,0,,,24.0,1e+20,24,0.0066,0.0012,0.0,0.0015,0.0,0.0,,0.0181,0.0274
termes-sat18-strips-p01,0,True,69,205,205,486,76,710,615,0,0,,,,0,,,14.0,1e+20,14,0.0193,0.0021,0.0,0.0043,0.0,0.0,,0.0386,0.0644
termes-sat18-strips-p02,0,True,63,205,205,486,76,710,615,0,0,,,,0,,,22.0,1e+20,22,0.0093,0.0021,0.0,0.0034,0.0,0.0,,0.0474,0.0623
termes-sat18-strips-p03,0,True,79,247,247,585,91,881,783,0,0,,,,0,,,19.0,1e+20,19,0.0487,0.0028,0.0,0.0113,0.0,0.0,,0.0336,0.0965
termes-sat18-strips-p04,0,True,63,217,217,510,76,742,650,0,0,,,,0,,,23.0,1e+20,23,0.0075,0.0023,0.0,0.0026,0.0,0.0,,0.0844,0.0969
termes-sat18-strips-p05,0,True,76,247,247,585,91,881,783,0,0,,,,0,,,24.0,1e+20,24,0.0102,0.0029,0.0,0.0037,0.0,0.0,,0.0601,0.0769
termes-sat18-strips-p06,0,True,94,289,289,684,106,1052,951,0,0,,,,0,,,25.0,1e+20,25,0.0112,0.0037,0.0,0.0034,0.0,0.0,,0.0749,0.0932
termes-sat18-strips-p07,0,True,90,289,289,684,106,1052,951,0,0,,,,0,,,28.0,1e+20,28,0.012,0.0038,0.0,0.0042,0.0,0.0,,0.1159,0.136
termes-sat18-strips-p08,0,True,113,331,331,783,121,1223,1119,0,0,,,,0,,,19.0,1e+20,19,0.0177,0.0049,0.0,0.0063,0.0,0.0,,0.0796,0.1086
termes-sat18-strips-p09,0,True,119,372,373,882,136,1394,1287,0,0,,,,0,,,18.0,1e+20,18,0.0134,0.0059,0.0,0.0035,0.0,0.0,,0.0379,0.0609
termes-sat18-strips-p10,0,True,141,415,415,981,151,1565,1455,0,0,,,,0,,,20.0,1e+20,20,0.015,0.0073,0.0,0.0031,0.0,0.0,,0.0531,0.0787
termes-sat18-strips-p11,0,True,50,215,215,503,73,642,500,0,0,,,,1910,,,34.0,1e+20,34,0.0069,0.0019,0.0,0.0018,0.0,0.0,,0.2066,0.2173
termes-sat18-strips-p12,0,True,59,289,289,675,97,936,796,0,0,,,,280,,,51.0,1e+20,51,0.018,0.0033,0.0,0.0093,0.0,0.0,,0.2335,0.2642
termes-sat18-strips-p13,0,True,68,363,363,847,121,1230,1092,0,0,,,,244,,,66.0,1e+20,66,0.016,0.0049,0.0,0.0038,0.0,0.0,,0.2375,0.2623
termes-sat18-strips-p14,0,True,77,437,437,1019,145,1524,1388,0,0,,,,705,,,81.0,1e+20,81,0.0192,0.0068,0.0,0.0083,0.0,0.0,,0.4396,0.4741
termes-sat18-strips-p15,0,True,86,511,511,1191,169,1818,1684,0,0,,,,506,,,96.0,1e+20,96,0.0164,0.0095,0.0,0.0036,0.0,0.0,,0.4973,0.527
termes-sat18-strips-p16,0,True,40,219,219,515,77,715,601,0,0,,,,0,,,44.0,1e+20,44,0.0089,0.0022,0.0,0.0029,0.0,0.0,,0.0571,0.0712
termes-sat18-strips-p17,0,True,43,275,275,646,96,940,825,0,0,,,,40,,,60.0,1e+20,60,0.0105,0.0032,0.0,0.0038,0.0,0.0,,0.0971,0.1147
termes-sat18-strips-p18,0,True,76,437,437,1019,145,1524,1388,0,0,,,,43,,,76.0,1e+20,76,0.0345,0.0068,0.0,0.0034,0.0,0.0,,0.1952,0.2401
termes-sat18-strips-p19,0,True,84,511,511,1191,169,1818,1684,0,0,,,,0,,,92.0,1e+20,92,0.0158,0.0095,0.0,0.0037,0.0,0.0,,0.3088,0.338
termes-sat18-strips-p20,0,True,165,873,873,2019,273,3114,2952,0,0,,,,1130,,,118.0,1e+20,118,0.024,0.0233,0.0,0.0037,0.0,0.0,,0.8544,0.9055
tetris-opt14-strips-p01-10,0,False,715,6434,6882,14044,728,14600,11143,0,0,,,,0,,,16.0,1e+20,16,0.1262,0.1912,0.0,0.0231,0.0,0.0,,0.4575,0.7989
tetris-opt14-strips-p01-6,0,False,401,3372,3570,7356,414,7756,6432,0,0,,,,0,,,17.0,1e+20,17,0.0468,0.0612,0.0,0.0104,0.0,0.0,,0.2474,0.3663
tetris-opt14-strips-p01-8,0,False,805,8765,9584,19166,817,19895,15260,0,0,,,,0,,,17.0,1e+20,17,0.1912,0.286,0.0,0.0336,0.0,0.0,,0.911,1.4231
tetris-opt14-strips-p02-10,0,False,713,6367,6949,14044,728,14618,11229,0,0,,,,0,,,19.0,1e+20,19,0.1191,0.1996,0.0,0.0235,0.0,0.0,,0.7118,1.055
tetris-opt14-strips-p02-4,0,False,200,1753,2086,4045,206,4273,3554,0,0,,,,0,,,8.0,1e+20,8,0.0274,0.0154,0.0,0.0079,0.0,0.0,,0.1358,0.1867
tetris-opt14-strips-p02-6,0,False,579,6041,6760,13391,590,14139,12429,0,0,,,,0,,,15.0,1e+20,15,0.3719,0.1507,0.0,0.0235,0.0,0.0,,0.7542,1.3013
tetris-opt14-strips-p02-8,0,False,805,8786,9394,18999,819,19858,16628,0,0,,,,0,,,19.0,1e+20,19,0.1671,0.2791,0.0,0.0296,0.0,0.0,,0.9103,1.3874
tetris-opt14-strips-p03-10,0,False,1936,22500,23999,48455,1956,50847,44627,0,0,,,,0,,,27.0,1e+20,27,0.7632,1.7978,0.0,0.1384,0.0,0.0,,3.1172,5.8197
tetris-opt14-strips-p03-4,0,False,152,1560,1857,3576,159,3814,3608,0,0,,,,0,,,7.0,1e+20,7,0.0207,0.0137,0.0,0.0048,0.0,0.0,,0.1431,0.1825
tetris-opt14-strips-p03-6,0,False,327,3112,3507,6956,337,7308,6086,0,0,,,,0,,,11.0,1e+20,11,0.0435,0.0462,0.0,0.0084,0.0,0.0,,0.2735,0.372
tetris-opt14-strips-p03-8,0,False,1407,16887,18110,36419,1422,38405,35446,0,0,,,,0,,,20.0,1e+20,20,0.4552,1.0157,0.0,0.084,0.0,0.0,,1.8937,3.4507
tetris-opt14-strips-p04-10,0,False,1880,18314,19473,39688,1901,41819,36720,0,0,,,,0,,,28.0,1e+20,28,0.5672,1.4008,0.0,0.1068,0.0,0.0,,2.1216,4.1995
tetris-opt14-strips-p04-6,0,False,402,3349,3761,7524,414,7964,6928,0,0,,,,0,,,14.0,1e+20,14,0.0647,0.0603,0.0,0.0114,0.0,0.0,,0.2798,0.4166
tetris-opt14-strips-p04-8,0,False,1156,12978,13959,28111,1174,29623,26620,0,0,,,,0,,,25.0,1e+20,25,0.3096,0.7158,0.0,0.0582,0.0,0.0,,1.9517,3.0373
tetris-opt14-strips-p05-10,0,False,1806,22189,23606,47617,1822,49592,40401,0,0,,,,0,,,23.0,1e+20,23,0.7253,1.5805,0.0,0.1237,0.0,0.0,,2.3584,4.7912
tetris-opt14-strips-p05-6,0,False,326,3165,3568,7068,335,7359,5645,0,0,,,,0,,,12.0,1e+20,12,0.0413,0.0484,0.0,0.0158,0.0,0.0,,0.3272,0.4331
tetris-opt14-strips-p05-8,0,False,1407,16857,18347,36628,1424,38971,38952,0,0,,,,0,,,22.0,1e+20,22,0.4949,1.0226,0.0,0.085,0.0,0.0,,2.395,4.0005
tetris-sat14-strips-p020,0,False,844,6801,7353,15012,858,15539,11050,0,0,,,,0,,,19.0,1e+20,19,0.1215,0.225,0.0,0.025,0.0,0.0,,0.5817,0.9543
tetris-sat14-strips-p021,0,False,2289,22653,23902,48869,2314,51151,42699,0,0,,,,0,,,35.0,1e+20,35,0.8275,2.273,0.0,0.1492,0.0,0.0,,4.5186,7.7731
tetris-sat14-strips-p022,0,False,1420,14823,15656,31917,1438,33026,24527,0,0,,,,0,,,24.0,1e+20,24,0.4083,0.8266,0.0,0.0737,0.0,0.0,,1.5187,2.8296
tetris-sat14-strips-p023,0,False,1579,15306,16107,33013,1600,34429,27646,0,0,,,,0,,,28.0,1e+20,28,0.4507,0.9843,0.0,0.0822,0.0,0.0,,2.2638,3.7832
tetris-sat14-strips-p024,0,False,1812,21049,22142,45024,1833,46965,39065,0,0,,,,0,,,28.0,1e+20,28,0.7377,1.5488,0.0,0.1335,0.0,0.0,,3.125,5.5482
tetris-sat14-strips-p025,0,False,1028,8439,8785,18269,1045,18918,13520,0,0,,,,0,,,22.0,1e+20,22,0.1863,0.3371,0.0,0.0341,0.0,0.0,,0.7023,1.2611
tetris-sat14-strips-p026,0,False,3308,40991,43497,87822,3334,92715,88002,0,0,,,,0,,,37.0,1e+20,37,2.253,6.6467,0.0,0.3605,0.0,0.0,,17.6842,26.9501
tetris-sat14-strips-p027,0,False,2917,34796,36717,74455,2942,78591,73904,0,0,,,,0,,,33.0,1e+20,33,1.7403,4.5956,0.0,0.272,0.0,0.0,,14.6951,21.3081
tetris-sat14-strips-p028,0,False,2524,28402,29967,60917,2548,64015,57008,0,0,,,,0,,,33.0,1e+20,33,1.2155,3.0861,0.0,0.2026,0.0,0.0,,4.8325,9.341
tetris-sat14-strips-p029,0,False,1188,8970,9420,19599,1209,20506,15894,0,0,,,,0,,,25.0,1e+20,25,0.2312,0.4483,0.0,0.0402,0.0,0.0,,0.7682,1.4893
tetris-sat14-strips-p031,0,False,4095,49568,51748,105440,4124,110732,99637,0,0,,,,0,,,41.0,1e+20,41,3.2609,10.1768,0.0,0.4935,0.0,0.0,,19.1609,33.1045
tetris-sat14-strips-p032,0,False,1678,17509,18649,37853,1695,39143,29058,0,0,,,,0,,,22.0,1e+20,22,0.5698,1.2032,0.0,0.0937,0.0,0.0,,1.4974,3.3667
tetris-sat14-strips-p033,0,False,3819,42667,44871,91385,3847,95996,85533,0,0,,,,0,,,38.0,1e+20,38,2.5028,8.5018,0.0,0.4124,0.0,0.0,,8.7244,20.1482
tetris-sat14-strips-p034,0,False,3817,42660,44863,91368,3845,95450,80146,0,0,,,,0,,,39.0,1e+20,39,2.4492,7.4768,0.0,0.4069,0.0,0.0,,9.3418,19.6837
tetris-sat14-strips-p035,0,False,3906,48998,51020,103950,3932,108099,87754,0,0,,,,0,,,38.0,1e+20,38,3.1812,9.7692,0.0,0.4644,0.0,0.0,,8.9115,22.3345
tetris-sat14-strips-p036,0,False,3256,40807,42419,86503,3277,89442,68167,0,0,,,,0,,,29.0,1e+20,29,2.1626,5.8879,0.0,0.3281,0.0,0.0,,4.2473,12.6325
tetris-sat14-strips-p037,0,False,1773,11994,12255,26048,1799,27154,19782,0,0,,,,0,,,34.0,1e+20,34,0.3623,0.8521,0.0,0.0695,0.0,0.0,,1.0596,2.3452
tetris-sat14-strips-p038,0,False,2980,33929,35472,72405,3004,75435,61567,0,0,,,,0,,,33.0,1e+20,33,1.6673,4.7858,0.0,0.2612,0.0,0.0,,5.4818,12.2012
tetris-sat14-strips-p039,0,False,4095,49442,51588,105154,4124,110435,99335,0,0,,,,0,,,41.0,1e+20,41,3.2655,10.9843,0.0,0.6488,0.0,0.0,,8.1523,23.1147
tetris-sat14-strips-p040,0,False,3167,34620,36272,74088,3196,77896,69528,0,0,,,,13,,,39.0,1e+20,39,1.8146,5.1428,0.0,0.3012,0.0,0.0,,15.8175,23.0822
thoughtful-mco14-strips-p11_6_65-typed,3,True,417,6375,27829,34793,587,45385,98915,0,0,,,,13,,,0.0,1e+20,1e+20,0.0777,0.3638,0.0,0.082,0.0,0.0,,899.6124,900.1368
thoughtful-mco14-strips-p11_6_74-typed,3,True,427,6872,30165,37634,594,48015,107473,0,0,,,,0,,,0.0,1e+20,1e+20,0.0781,0.3543,0.0,0.0864,0.0,0.0,,899.5441,900.0637
thoughtful-mco14-strips-p11_6_75-typed,3,True,422,6567,28309,35470,591,47101,102522,0,0,,,,106,,,0.0,1e+20,1e+20,0.0821,0.4009,0.0,0.0801,0.0,0.0,,899.5079,900.0719
thoughtful-mco14-strips-p11_6_78-typed,3,True,420,6750,29366,36704,586,47786,105697,0,0,,,,0,,,0.0,1e+20,1e+20,0.0865,0.4418,0.0,0.0841,0.0,0.0,,899.498,900.1113
thoughtful-mco14-strips-p11_6_88-typed,3,True,424,6706,29851,37148,590,47728,103913,0,0,,,,0,,,0.0,1e+20,1e+20,0.0776,0.4273,0.0,0.0828,0.0,0.0,,899.4731,900.0616
thoughtful-mco14-strips-p11_6_89-typed,3,True,413,6473,27592,34649,583,45090,98094,0,0,,,,0,,,0.0,1e+20,1e+20,0.082,0.4464,0.0,0.0784,0.0,0.0,,899.5047,900.1123
thoughtful-mco14-strips-p11_6_98-typed,3,True,411,6196,25687,32468,584,42369,89818,0,0,,,,1,,,0.0,1e+20,1e+20,0.0871,0.3802,0.0,0.0705,0.0,0.0,,899.554,900.0926
thoughtful-mco14-strips-p11_6_99-typed,3,True,414,6104,25753,32442,584,42536,91466,0,0,,,,0,,,0.0,1e+20,1e+20,0.0866,0.5827,0.0,0.0684,0.0,0.0,,899.3474,900.0862
thoughtful-mco14-strips-p13_7_55-typed,3,True,462,7193,31453,39314,667,51254,110764,0,0,,,,0,,,0.0,1e+20,1e+20,0.116,0.4906,0.0,0.0957,0.0,0.0,,899.3824,900.0856
thoughtful-mco14-strips-p13_7_56-typed,3,True,473,7927,35008,43613,675,56039,125973,0,0,,,,23,,,0.0,1e+20,1e+20,0.0976,0.5094,0.0,0.1148,0.0,0.0,,899.4008,900.1234
thoughtful-mco14-strips-p13_7_58-typed,3,True,465,7278,31874,39822,669,52129,113619,0,0,,,,87,,,0.0,1e+20,1e+20,0.0893,0.4266,0.0,0.0976,0.0,0.0,,899.445,900.0593
thoughtful-mco14-strips-p13_7_61-typed,3,True,470,7800,34287,42761,672,54902,122026,0,0,,,,0,,,0.0,1e+20,1e+20,0.0991,0.6334,0.0,0.1014,0.0,0.0,,899.2776,900.1125
thoughtful-mco14-strips-p13_7_62-typed,3,True,470,7615,33123,41414,673,53303,118449,0,0,,,,0,,,0.0,1e+20,1e+20,0.1167,0.5472,0.0,0.0984,0.0,0.0,,899.2884,900.0515
thoughtful-mco14-strips-p13_7_64-typed,3,True,465,7651,33431,41754,670,53860,119179,0,0,,,,1,,,0.0,1e+20,1e+20,0.4814,0.6901,0.0,0.4352,0.0,0.0,,898.4601,900.0747
thoughtful-mco14-strips-p13_7_68-typed,3,True,459,7288,30916,38870,665,50920,113294,0,0,,,,10,,,0.0,1e+20,1e+20,0.1207,0.8298,0.0,0.098,0.0,0.0,,899.0476,900.0971
thoughtful-mco14-strips-p13_7_69-typed,3,True,458,7040,30074,37780,665,49116,106337,0,0,,,,0,,,0.0,1e+20,1e+20,0.1026,0.7034,0.0,0.09,0.0,0.0,,899.174,900.071
thoughtful-mco14-strips-p13_7_72-typed,3,True,464,7299,31347,39316,669,51459,113131,0,0,,,,2,,,0.0,1e+20,1e+20,0.117,0.5522,0.0,0.0938,0.0,0.0,,899.3047,900.0687
thoughtful-mco14-strips-p13_7_74-typed,3,True,463,7645,31852,40171,671,52467,114625,0,0,,,,0,,,0.0,1e+20,1e+20,0.1113,0.5844,0.0,0.1007,0.0,0.0,,899.2931,900.0904
thoughtful-mco14-strips-p13_7_79-typed,3,True,462,7587,32954,41207,664,53367,119134,0,0,,,,6,,,0.0,1e+20,1e+20,0.1302,0.6167,0.0,0.1007,0.0,0.0,,899.2772,900.1257
thoughtful-mco14-strips-p13_7_86-typed,3,True,458,7244,31435,39344,664,51192,111752,0,0,,,,0,,,0.0,1e+20,1e+20,0.0983,0.6552,0.0,0.0965,0.0,0.0,,899.2324,900.0834
thoughtful-sat14-strips-bootstrap-typed-01,0,True,108,618,2603,3405,182,4959,8132,0,0,,,,85330,,,26.0,1e+20,26,0.0305,0.0106,0.0,0.0232,0.0,0.0,,569.9381,570.0025
thoughtful-sat14-strips-bootstrap-typed-02,0,True,108,624,2624,3433,183,4979,8250,0,0,,,,58,,,24.0,1e+20,24,0.015,0.0092,0.0,0.0123,0.0,0.0,,3.368,3.4045
thoughtful-sat14-strips-bootstrap-typed-03,0,True,109,599,2518,3303,184,4808,7845,0,0,,,,437,,,25.0,1e+20,25,0.012,0.009,0.0,0.0062,0.0,0.0,,3.9639,3.9913
thoughtful-sat14-strips-bootstrap-typed-04,0,True,107,636,2639,3459,181,4938,8555,0,0,,,,73180,,,26.0,1e+20,26,0.0127,0.0101,0.0,0.0065,0.0,0.0,,722.9138,722.9431
thoughtful-sat14-strips-bootstrap-typed-05,2,True,103,543,2309,3031,179,4466,6748,0,0,,,,123412,,,24.103,1e+20,29,0.0099,0.0088,0.0,0.0058,0.0,0.0,,900.1797,900.2043
thoughtful-sat14-strips-p11_6_53-typed,3,True,418,6486,28334,35406,585,45824,99764,0,0,,,,0,,,0.0,1e+20,1e+20,0.0852,0.4778,0.0,0.0798,0.0,0.0,,899.4654,900.1093
thoughtful-sat14-strips-p11_6_59-typed,3,True,416,6436,27891,34911,583,45762,100667,0,0,,,,2,,,0.0,1e+20,1e+20,0.0782,0.4438,0.0,0.0805,0.0,0.0,,899.5214,900.1249
thoughtful-sat14-strips-p11_6_62-typed,3,True,419,6573,28376,35537,586,46460,102279,0,0,,,,0,,,0.0,1e+20,1e+20,0.0958,0.432,0.0,0.0829,0.0,0.0,,899.4894,900.101
thoughtful-sat14-strips-p13_7_78-typed,3,True,463,7558,32229,40458,669,53264,117982,0,0,,,,0,,,0.0,1e+20,1e+20,0.101,0.8311,0.0,0.0974,0.0,0.0,,899.1131,900.1436
thoughtful-sat14-strips-p13_7_79-typed,3,True,462,7587,32954,41207,664,53367,119134,0,0,,,,6,,,0.0,1e+20,1e+20,0.1007,0.61,0.0,0.0998,0.0,0.0,,899.3093,900.1209
thoughtful-sat14-strips-p13_7_86-typed,3,True,458,7244,31435,39344,664,51192,111752,0,0,,,,0,,,0.0,1e+20,1e+20,0.3277,0.6604,0.0,0.0951,0.0,0.0,,899.0142,900.0984
thoughtful-sat14-strips-target-typed-20,3,True,461,7259,31237,39165,667,51476,112438,0,0,,,,0,,,0.0,1e+20,1e+20,0.0964,0.5486,0.0,0.0965,0.0,0.0,,899.3675,900.1099
thoughtful-sat14-strips-target-typed-21,3,True,466,7402,31960,40032,669,52035,113107,0,0,,,,0,,,0.0,1e+20,1e+20,0.1215,0.6734,0.0,0.0965,0.0,0.0,,899.2454,900.1378
thoughtful-sat14-strips-target-typed-22,3,True,456,7510,31990,40166,665,51963,114661,0,0,,,,0,,,0.0,1e+20,1e+20,0.1074,0.6626,0.0,0.0956,0.0,0.0,,899.2308,900.0972
thoughtful-sat14-strips-target-typed-23,3,True,461,7321,31750,39740,668,51300,112223,0,0,,,,0,,,0.0,1e+20,1e+20,0.0972,0.5939,0.0,0.0938,0.0,0.0,,899.266,900.0518
thoughtful-sat14-strips-target-typed-24,3,True,462,7470,33369,41507,667,52531,115359,0,0,,,,0,,,0.0,1e+20,1e+20,0.1002,0.5543,0.0,0.0995,0.0,0.0,,899.3002,900.055
thoughtful-sat14-strips-target-typed-25,3,True,461,7053,30207,37929,667,50169,108041,0,0,,,,52,,,0.0,1e+20,1e+20,0.1072,0.5252,0.0,0.0922,0.0,0.0,,899.3471,900.0727
thoughtful-sat14-strips-target-typed-26,3,True,461,7163,31480,39312,668,51091,109886,0,0,,,,29,,,0.0,1e+20,1e+20,0.0902,0.5651,0.0,0.0933,0.0,0.0,,899.3608,900.1102
thoughtful-sat14-strips-target-typed-27,3,True,464,7539,33080,41288,668,53792,118306,0,0,,,,0,,,0.0,1e+20,1e+20,0.0905,0.5179,0.0,0.0972,0.0,0.0,,899.3992,900.1057
thoughtful-sat14-strips-target-typed-28,3,True,454,7051,29311,37028,666,48370,103850,0,0,,,,9,,,0.0,1e+20,1e+20,0.0899,0.4969,0.0,0.0904,0.0,0.0,,899.4459,900.1241
tidybot-opt11-strips-p01,0,True,0,0,4,12,4,8,0,0,0,,,,0,,,4.0,1e+20,4,0.045,0.0056,0.0,0.0056,0.0,0.0,,0.0022,0.0586
tidybot-opt11-strips-p02,0,True,62,763,1447,2310,95,3018,3998,0,0,,,,0,,,20.0,1e+20,20,0.5098,0.0246,0.0,0.3476,0.0,0.0,,1.3672,2.2495
tidybot-opt11-strips-p03,0,True,68,822,1517,2431,87,3107,4221,0,0,,,,0,,,13.0,1e+20,13,0.0707,0.0205,0.0,0.005,0.0,0.0,,0.4353,0.5323
tidybot-opt11-strips-p04,0,True,57,768,1548,2421,100,3220,4289,0,0,,,,0,,,26.0,1e+20,26,0.051,0.0242,0.0,0.004,0.0,0.0,,2.0293,2.1093
tidybot-opt11-strips-p05,2,True,90,2747,5248,8119,119,8780,15286,0,0,,,,10178,,,19.0,1e+20,26,0.0858,0.0582,0.0,0.0224,0.0,0.0,,899.8587,900.0261
tidybot-opt11-strips-p06,2,True,89,2810,5376,8313,122,8929,15621,0,0,,,,12823,,,21.0,1e+20,31,0.086,0.066,0.0,0.012,0.0,0.0,,899.8549,900.0199
tidybot-opt11-strips-p07,0,True,94,2841,5391,8350,113,8993,15726,0,0,,,,0,,,14.0,1e+20,14,0.0888,0.0528,0.0,0.0162,0.0,0.0,,3.2167,3.3761
tidybot-opt11-strips-p08,0,True,90,2747,5248,8119,119,8777,15286,0,0,,,,7779,,,20.0,1e+20,20,0.0866,0.0569,0.0,0.0108,0.0,0.0,,514.9583,515.1137
tidybot-opt11-strips-p09,0,True,121,6382,12341,18874,146,18575,36457,0,0,,,,4317,,,18.0,1e+20,18,0.1481,0.1272,0.0,0.0247,0.0,0.0,,552.5008,552.8038
tidybot-opt11-strips-p10,2,True,125,6980,13563,20698,150,20681,40098,0,0,,,,4754,,,16.167,1e+20,29,0.1678,0.1585,0.0,0.0293,0.0,0.0,,899.6851,900.0436
tidybot-opt11-strips-p11,3,True,126,6965,13521,20638,147,20565,40005,0,0,,,,2583,,,0.0,1e+20,1e+20,0.1965,0.1733,0.0,0.0599,0.0,0.0,,899.607,900.0395
tidybot-opt11-strips-p12,3,True,125,6979,13565,20699,150,20685,40107,0,0,,,,4113,,,0.0,1e+20,1e+20,0.1496,0.1516,0.0,0.0291,0.0,0.0,,899.708,900.0412
tidybot-opt11-strips-p13,2,True,126,6958,13510,20620,147,20567,39971,0,0,,,,5522,,,14.003,1e+20,26,0.1504,0.1499,0.0,0.0325,0.0,0.0,,899.7339,900.0696
tidybot-opt11-strips-p14,3,True,158,10925,21291,32397,178,31980,63145,0,0,,,,2648,,,0.0,1e+20,1e+20,0.2699,0.2649,0.0,0.0495,0.0,0.0,,899.4694,900.057
tidybot-opt11-strips-p15,3,True,163,11569,22559,34310,180,33591,66908,0,0,,,,2660,,,0.0,1e+20,1e+20,0.2745,0.2898,0.0,0.0434,0.0,0.0,,899.4392,900.0521
tidybot-opt11-strips-p16,2,True,153,9562,18653,28396,178,28771,55107,0,0,,,,384,,,18.0,1e+20,25,0.2612,0.2729,0.0,0.0424,0.0,0.0,,899.4966,900.0759
tidybot-opt11-strips-p17,2,True,153,9885,19237,29300,175,29313,56851,0,0,,,,1185,,,16.618,1e+20,34,0.2569,0.2724,0.0,0.0398,0.0,0.0,,899.4741,900.0486
tidybot-opt11-strips-p18,3,True,156,10653,20738,31573,180,31049,61403,0,0,,,,2549,,,0.0,1e+20,1e+20,0.2549,0.2869,0.0,0.0409,0.0,0.0,,899.5084,900.0975
tidybot-opt11-strips-p19,2,True,154,10105,19732,30017,176,30086,58405,0,0,,,,926,,,15.25,1e+20,27,0.2558,0.3069,0.0,0.0386,0.0,0.0,,899.4384,900.0451
tidybot-opt11-strips-p20,3,True,145,8620,16771,25573,178,26029,49541,0,0,,,,850,,,0.0,1e+20,1e+20,0.2594,0.271,0.0,0.0338,0.0,0.0,,899.4714,900.041
tidybot-opt14-strips-p01,3,True,153,9350,18198,27728,177,28256,53779,0,0,,,,1986,,,0.0,1e+20,1e+20,0.2593,0.2479,0.0,0.0379,0.0,0.0,,899.5276,900.0756
tidybot-opt14-strips-p02,2,True,151,8792,17074,26043,174,26777,50517,0,0,,,,3946,,,17.25,1e+20,30,0.2854,0.251,0.0,0.0372,0.0,0.0,,899.4763,900.0527
tidybot-opt14-strips-p03,2,True,156,10693,20797,31672,180,31193,61604,0,0,,,,1718,,,18.0,1e+20,21,0.3368,0.2753,0.0,0.0463,0.0,0.0,,899.3968,900.058
tidybot-opt14-strips-p04,3,True,160,10875,21217,32269,174,31782,62915,0,0,,,,3511,,,0.0,1e+20,1e+20,1.4942,0.2898,0.0,0.0603,0.0,0.0,,898.2553,900.1024
tidybot-opt14-strips-p05,3,True,156,10901,21316,32400,179,32038,63146,0,0,,,,718,,,0.0,1e+20,1e+20,0.2714,0.254,0.0,0.0415,0.0,0.0,,899.4786,900.0484
tidybot-opt14-strips-p06,2,True,148,8595,16692,25464,174,26129,49177,0,0,,,,1191,,,19.038,1e+20,39,0.2632,0.2987,0.0,0.0332,0.0,0.0,,899.4542,900.0549
tidybot-opt14-strips-p07,2,True,158,10722,20834,31738,181,31269,61673,0,0,,,,861,,,18.375,1e+20,34,0.2753,0.2908,0.0,0.0419,0.0,0.0,,899.4451,900.0559
tidybot-opt14-strips-p08,2,True,158,10904,21245,32330,178,31905,62991,0,0,,,,1166,,,16.0,1e+20,18,0.2554,0.254,0.0,0.0431,0.0,0.0,,899.4978,900.0531
tidybot-opt14-strips-p09,3,True,186,14748,28776,43730,204,43368,85540,0,0,,,,552,,,0.0,1e+20,1e+20,0.4535,0.5142,0.0,0.0594,0.0,0.0,,899.0417,900.0736
tidybot-opt14-strips-p10,2,True,182,14395,28129,42733,207,42396,83420,0,0,,,,345,,,19.0,1e+20,31,0.4591,0.5045,0.0,0.0558,0.0,0.0,,899.0548,900.0838
tidybot-opt14-strips-p11,3,True,126,6965,13521,20638,147,20565,40005,0,0,,,,2583,,,0.0,1e+20,1e+20,0.1695,0.1731,0.0,0.0293,0.0,0.0,,899.6662,900.0411
tidybot-opt14-strips-p12,3,True,125,6979,13565,20699,150,20685,40107,0,0,,,,4114,,,0.0,1e+20,1e+20,0.1524,0.1567,0.0,0.0306,0.0,0.0,,899.6995,900.042
tidybot-opt14-strips-p13,2,True,126,6958,13510,20620,147,20567,39971,0,0,,,,5519,,,14.003,1e+20,26,0.1489,0.1505,0.0,0.0289,0.0,0.0,,899.723,900.0541
tidybot-opt14-strips-p14,3,True,158,10925,21291,32397,178,31980,63145,0,0,,,,2646,,,0.0,1e+20,1e+20,0.2714,0.2533,0.0,0.0446,0.0,0.0,,899.49,900.0619
tidybot-opt14-strips-p15,3,True,163,11569,22559,34310,180,33591,66908,0,0,,,,2657,,,0.0,1e+20,1e+20,0.3666,0.2898,0.0,0.0439,0.0,0.0,,899.3514,900.057
tidybot-opt14-strips-p16,2,True,153,9562,18653,28396,178,28771,55107,0,0,,,,384,,,18.0,1e+20,25,0.2576,0.2728,0.0,0.0359,0.0,0.0,,899.5068,900.0759
tidybot-opt14-strips-p17,2,True,153,9885,19237,29300,175,29313,56851,0,0,,,,1181,,,16.618,1e+20,34,0.2572,0.2745,0.0,0.0396,0.0,0.0,,899.4704,900.0474
tidybot-opt14-strips-p18,3,True,156,10653,20738,31573,180,31049,61403,0,0,,,,2549,,,0.0,1e+20,1e+20,0.2865,0.287,0.0,0.0415,0.0,0.0,,899.4824,900.1002
tidybot-opt14-strips-p19,2,True,154,10105,19732,30017,176,30086,58405,0,0,,,,882,,,15.25,1e+20,27,0.2569,0.3074,0.0,0.0397,0.0,0.0,,899.4388,900.0481
tidybot-opt14-strips-p20,3,True,145,8620,16771,25573,178,26029,49541,0,0,,,,850,,,0.0,1e+20,1e+20,0.2721,0.272,0.0,0.0346,0.0,0.0,,899.4545,900.0386
tidybot-sat11-strips-p01,3,True,153,9350,18198,27728,177,28256,53779,0,0,,,,1985,,,0.0,1e+20,1e+20,0.2612,0.2478,0.0,0.0408,0.0,0.0,,899.5223,900.075
tidybot-sat11-strips-p02,2,True,151,8792,17074,26043,174,26777,50517,0,0,,,,3946,,,17.25,1e+20,30,0.2823,0.2501,0.0,0.0397,0.0,0.0,,899.4805,900.0553
tidybot-sat11-strips-p03,2,True,156,10693,20797,31672,180,31193,61604,0,0,,,,1718,,,18.0,1e+20,21,0.2589,0.2742,0.0,0.049,0.0,0.0,,899.4775,900.0624
tidybot-sat11-strips-p04,3,True,160,10875,21217,32269,174,31782,62915,0,0,,,,3510,,,0.0,1e+20,1e+20,0.2703,0.2912,0.0,0.0414,0.0,0.0,,899.4678,900.0733
tidybot-sat11-strips-p05,3,True,156,10901,21316,32400,179,32038,63146,0,0,,,,733,,,0.0,1e+20,1e+20,0.2526,0.2534,0.0,0.0408,0.0,0.0,,899.5096,900.059
tidybot-sat11-strips-p06,2,True,148,8595,16692,25464,174,26129,49177,0,0,,,,1191,,,19.038,1e+20,39,0.2589,0.2981,0.0,0.0338,0.0,0.0,,899.4719,900.0683
tidybot-sat11-strips-p07,2,True,158,10722,20834,31738,181,31269,61673,0,0,,,,867,,,18.375,1e+20,34,0.2803,0.2943,0.0,0.0532,0.0,0.0,,899.4326,900.0632
tidybot-sat11-strips-p08,2,True,158,10904,21245,32330,178,31905,62991,0,0,,,,1173,,,16.0,1e+20,18,0.2531,0.2541,0.0,0.042,0.0,0.0,,899.4922,900.044
tidybot-sat11-strips-p09,3,True,186,14748,28776,43730,204,43368,85540,0,0,,,,552,,,0.0,1e+20,1e+20,0.4303,0.5174,0.0,0.0572,0.0,0.0,,899.0626,900.0721
tidybot-sat11-strips-p10,2,True,182,14395,28129,42733,207,42396,83420,0,0,,,,339,,,19.0,1e+20,31,0.4292,0.5054,0.0,0.0555,0.0,0.0,,899.0889,900.0884
tidybot-sat11-strips-p11,3,True,195,19284,37817,57320,217,54226,112468,0,0,,,,106,,,0.0,1e+20,1e+20,0.4181,0.5229,0.0,0.0792,0.0,0.0,,899.0785,900.1031
tidybot-sat11-strips-p12,3,True,200,20468,40175,60865,220,57451,119647,0,0,,,,71,,,0.0,1e+20,1e+20,0.3943,0.5273,0.0,0.0825,0.0,0.0,,899.0739,900.0825
tidybot-sat11-strips-p13,2,True,187,16709,32782,49708,213,48594,97370,0,0,,,,115,,,18.0,1e+20,26,0.4058,0.4612,0.0,0.0644,0.0,0.0,,899.1516,900.0877
tidybot-sat11-strips-p14,2,True,182,14312,27958,42482,210,42034,82925,0,0,,,,63,,,19.0,1e+20,28,0.4236,0.5118,0.0,0.0645,0.0,0.0,,899.0612,900.0656
tidybot-sat11-strips-p15,3,True,185,16605,32472,49294,215,47174,96457,0,0,,,,104,,,0.0,1e+20,1e+20,0.4119,0.6374,0.0,0.0658,0.0,0.0,,898.9524,900.072
tidybot-sat11-strips-p16,3,True,193,19653,38612,58488,219,55547,114874,0,0,,,,73,,,0.0,1e+20,1e+20,0.4015,0.5447,0.0,0.082,0.0,0.0,,899.0298,900.0625
tidybot-sat11-strips-p17,3,True,230,25953,50979,77181,248,73667,151953,0,0,,,,76,,,0.0,1e+20,1e+20,0.6474,0.9149,0.0,0.1078,0.0,0.0,,898.4863,900.1673
tidybot-sat11-strips-p18,3,True,230,27560,54257,82072,252,77900,161708,0,0,,,,37,,,0.0,1e+20,1e+20,0.8966,0.8357,0.0,0.1227,0.0,0.0,,898.2661,900.1315
tidybot-sat11-strips-p19,3,True,262,24662,48489,73483,322,75095,143905,0,0,,,,59,,,0.0,1e+20,1e+20,1.4373,2.1715,0.0,0.1121,0.0,0.0,,896.409,900.1515
tidybot-sat11-strips-p20,2,True,268,32324,63714,96353,309,93776,189700,0,0,,,,45,,,29.609,1e+20,65,1.1827,1.6777,0.0,0.1437,0.0,0.0,,897.1118,900.1347
tpp-p01,0,True,0,2,5,14,5,15,5,0,0,,,,0,,,4.0,1e+20,4,0.0344,0.0,0.0,0.0041,0.0,0.0,,0.0016,0.0403
tpp-p02,0,True,0,3,9,25,9,28,10,0,0,,,,0,,,7.0,1e+20,7,0.0075,0.0,0.0,0.0024,0.0,0.0,,0.0019,0.0119
tpp-p03,0,True,0,4,13,36,13,41,15,0,0,,,,0,,,10.0,1e+20,10,0.0331,0.0,0.0,0.0483,0.0,0.0,,0.0052,0.0867
tpp-p04,0,True,0,5,17,47,17,54,20,0,0,,,,0,,,13.0,1e+20,13,0.0078,0.0,0.0,0.0022,0.0,0.0,,0.0046,0.0147
tpp-p05,0,True,14,34,44,107,29,125,52,0,0,,,,0,,,17.0,1e+20,17,0.0052,0.0001,0.0,0.0023,0.0,0.0,,0.0058,0.0135
tpp-p06,0,True,37,74,84,212,54,272,148,0,0,,,,0,,,21.0,1e+20,21,0.0072,0.0004,0.0,0.0041,0.0,0.0,,0.0105,0.0223
tpp-p07,0,True,42,88,100,252,64,324,178,0,0,,,,0,,,26.0,1e+20,26,0.01,0.0006,0.0,0.0064,0.0,0.0,,0.0101,0.027
tpp-p08,0,True,47,100,114,287,73,370,204,0,0,,,,0,,,30.0,1e+20,30,0.0308,0.0007,0.0,0.0026,0.0,0.0,,0.0103,0.0444
tpp-p09,0,True,81,195,213,515,107,650,381,0,0,,,,0,,,35.0,1e+20,35,0.0067,0.0015,0.0,0.0024,0.0,0.0,,0.0293,0.04
tpp-p10,0,True,91,225,243,587,119,740,438,0,0,,,,0,,,39.0,1e+20,39,0.0444,0.0018,0.0,0.0053,0.0,0.0,,0.0338,0.0853
tpp-p11,0,True,93,219,252,587,116,771,531,0,0,,,,0,,,30.0,1e+20,30,0.0093,0.0027,0.0,0.0104,0.0,0.0,,0.0342,0.0566
tpp-p12,0,True,109,255,291,678,132,894,615,0,0,,,,0,,,32.0,1e+20,32,0.009,0.0035,0.0,0.0023,0.0,0.0,,0.0373,0.0521
tpp-p13,0,True,169,458,486,1128,184,1459,1006,0,0,,,,0,,,31.0,1e+20,31,0.0141,0.0073,0.0,0.0055,0.0,0.0,,0.1934,0.2203
tpp-p14,0,True,188,530,562,1301,209,1679,1166,0,0,,,,0,,,39.0,1e+20,39,0.0161,0.0089,0.0,0.0044,0.0,0.0,,0.1752,0.2047
tpp-p15,0,True,207,594,630,1456,232,1879,1310,0,0,,,,0,,,45.0,1e+20,45,0.1868,0.0108,0.0,0.0275,0.0,0.0,,0.2434,0.4687
tpp-p16,0,True,319,997,1057,2401,347,3164,2381,0,0,,,,0,,,52.0,1e+20,52,0.0294,0.032,0.0,0.004,0.0,0.0,,0.8207,0.8863
tpp-p17,0,True,398,1300,1385,3106,421,4095,3140,0,0,,,,0,,,50.0,1e+20,50,0.0413,0.0511,0.0,0.0059,0.0,0.0,,0.8852,0.9839
tpp-p18,0,True,431,1415,1505,3373,453,4452,3415,0,0,,,,7,,,51.0,1e+20,51,0.0632,0.059,0.0,0.0094,0.0,0.0,,1.9451,2.0771
tpp-p19,0,True,472,1625,1715,3843,503,5037,3865,0,0,,,,0,,,62.0,1e+20,62,0.0516,0.0723,0.0,0.0162,0.0,0.0,,0.7892,0.9296
tpp-p20,0,True,505,1770,1865,4176,541,5466,4200,0,0,,,,0,,,69.0,1e+20,69,0.0578,0.0833,0.0,0.0129,0.0,0.0,,0.8347,0.9893
tpp-p21,0,True,551,2155,2263,5005,587,6522,5257,0,0,,,,169,,,60.0,1e+20,60,0.1032,0.1512,0.0,0.0095,0.0,0.0,,3.9993,4.2647
tpp-p22,0,True,598,2286,2406,5317,625,6970,5622,0,0,,,,88,,,54.0,1e+20,54,0.1027,0.1703,0.0,0.0101,0.0,0.0,,1.4587,1.7433
tpp-p23,0,True,638,2439,2559,5671,673,7423,5973,0,0,,,,69,,,63.0,1e+20,63,0.1133,0.2026,0.0,0.0105,0.0,0.0,,4.677,5.0051
tpp-p24,0,True,679,2564,2690,5968,714,7821,6278,0,0,,,,14,,,65.0,1e+20,65,0.128,0.2127,0.0,0.0122,0.0,0.0,,2.2836,2.638
tpp-p25,0,True,826,3393,3554,7816,869,10187,8300,0,0,,,,456,,,74.0,1e+20,74,0.1987,0.3469,0.0,0.0155,0.0,0.0,,11.1166,11.6797
tpp-p26,0,True,1089,4926,5136,11195,1133,14674,12423,0,0,,,,617,,,77.0,1e+20,77,0.3669,0.7275,0.0,0.0242,0.0,0.0,,18.1416,19.2639
tpp-p27,0,True,1144,5123,5340,11655,1192,15278,12907,0,0,,,,3539,,,83.0,1e+20,83,0.4043,0.8171,0.0,0.0262,0.0,0.0,,73.1676,74.4192
tpp-p28,0,True,1212,5472,5703,12437,1262,16308,13795,0,0,,,,1423,,,87.0,1e+20,87,0.4276,0.9172,0.0,0.0281,0.0,0.0,,32.8753,34.2527
tpp-p29,0,True,1429,7072,7352,15914,1490,20714,17656,0,0,,,,3602,,,102.0,1e+20,102,0.5924,1.3401,0.0,0.0391,0.0,0.0,,117.335,119.3127
tpp-p30,0,True,1508,7528,7816,16910,1566,22024,18768,0,0,,,,3769,,,101.0,1e+20,101,0.6854,1.5692,0.0,0.0456,0.0,0.0,,159.8311,162.1379
transport-opt08-strips-p01,0,False,18,32,56,108,20,126,77,0,0,,,,0,,,54.0,1e+20,54,0.0067,0.0002,0.0,0.0053,0.0,0.0,,0.0084,0.0206
transport-opt08-strips-p02,0,False,36,140,251,430,39,548,551,0,0,,,,24,,,119.0,1e+20,119,0.0088,0.0007,0.0,0.0051,0.0,0.0,,0.2838,0.2984
transport-opt08-strips-p03,0,False,60,230,390,684,64,877,864,0,0,,,,5203,,,165.0,1e+20,165,0.0074,0.0018,0.0,0.0028,0.0,0.0,,1.8256,1.8375
transport-opt08-strips-p04,0,False,90,583,1051,1729,95,2184,2528,0,0,,,,2758,,,189.0,1e+20,189,0.0086,0.0039,0.0,0.0038,0.0,0.0,,8.1204,8.1368
transport-opt08-strips-p05,0,False,126,745,1409,2286,132,2851,3242,0,0,,,,341637,,,227.0,1e+20,227,0.0164,0.0082,0.0,0.0053,0.0,0.0,,349.858,349.888
transport-opt08-strips-p06,2,False,196,1986,3430,5619,203,7177,8834,0,0,,,,79428,,,193.099,1e+20,265,0.5559,0.0229,0.0,0.4249,0.0,0.0,,899.091,900.1023
transport-opt08-strips-p07,2,False,248,2434,4354,7044,256,8967,11005,0,0,,,,88803,,,278.0,1e+20,313,0.026,0.0382,0.0,0.0094,0.0,0.0,,900.033,900.1069
transport-opt08-strips-p08,2,False,306,3167,5701,9183,315,11674,14555,0,0,,,,60187,,,200.586,1e+20,256,0.0354,0.0664,0.0,0.0143,0.0,0.0,,904.1093,904.2257
transport-opt08-strips-p09,2,False,370,3429,6565,10374,380,12939,15582,0,0,,,,66734,,,159.656,1e+20,288,0.0454,0.0947,0.0,0.0153,0.0,0.0,,906.2306,906.3863
transport-opt08-strips-p10,2,False,440,4810,8632,13893,451,17641,22115,0,0,,,,37453,,,207.536,1e+20,348,0.0619,0.1212,0.0,0.0216,0.0,0.0,,899.9242,900.1295
transport-opt08-strips-p11,0,False,22,66,126,216,24,270,250,0,0,,,,1404,,,245.0,1e+20,245,0.0085,0.0003,0.0,0.0016,0.0,0.0,,0.1409,0.1513
transport-opt08-strips-p12,0,False,46,196,364,609,49,776,786,0,0,,,,35287,,,305.0,1e+20,305,0.0362,0.0011,0.0,0.0046,0.0,0.0,,12.1852,12.2272
transport-opt08-strips-p13,0,False,78,460,833,1375,82,1751,2004,0,0,,,,28722,,,318.0,1e+20,318,0.0174,0.0029,0.0,0.0045,0.0,0.0,,38.0237,38.0486
transport-opt08-strips-p14,0,False,118,692,1257,2072,123,2661,3076,0,0,,,,50853,,,382.0,1e+20,382,0.7263,0.0063,0.0,0.1468,0.0,0.0,,70.2146,71.0941
transport-opt08-strips-p15,2,False,166,1168,2110,3450,172,4386,5225,0,0,,,,472288,,,172.198,1e+20,368,0.0178,0.015,0.0,0.0084,0.0,0.0,,900.0843,900.1256
transport-opt08-strips-p16,2,False,256,2293,4185,6741,263,8522,10156,0,0,,,,179780,,,158.333,1e+20,482,0.0398,0.0386,0.0,0.0119,0.0,0.0,,899.9933,900.0839
transport-opt08-strips-p17,2,False,325,3076,5704,9113,333,11540,14104,0,0,,,,69773,,,236.207,1e+20,755,0.0476,0.07,0.0,0.0144,0.0,0.0,,899.91,900.0423
transport-opt08-strips-p18,2,False,402,3796,7216,11423,411,14280,17120,0,0,,,,51764,,,161.0,1e+20,482,0.0465,0.1201,0.0,0.0166,0.0,0.0,,904.4337,904.6173
transport-opt08-strips-p19,3,False,487,5347,9577,15421,497,19597,24599,0,0,,,,24097,,,0.0,1e+20,1e+20,0.0647,0.1595,0.0,0.0265,0.0,0.0,,906.2763,906.5278
transport-opt08-strips-p20,3,False,580,5577,10824,16992,591,21281,26123,0,0,,,,31629,,,0.0,1e+20,1e+20,0.0821,0.2395,0.0,0.0321,0.0,0.0,,908.2965,908.6513
transport-opt08-strips-p21,0,False,18,60,108,188,20,230,220,0,0,,,,0,,,320.0,1e+20,320,0.0244,0.0002,0.0,0.0024,0.0,0.0,,0.0256,0.0526
transport-opt08-strips-p22,0,False,36,142,254,435,39,562,554,0,0,,,,29,,,433.0,1e+20,433,0.0262,0.0007,0.0,0.0167,0.0,0.0,,0.1441,0.1878
transport-opt08-strips-p23,0,False,60,278,531,873,64,1102,1174,0,0,,,,3971,,,505.0,1e+20,505,0.0122,0.0019,0.0,0.0086,0.0,0.0,,2.2075,2.2302
transport-opt08-strips-p24,0,False,90,472,897,1464,95,1840,2023,0,0,,,,10558,,,428.0,1e+20,428,0.0152,0.004,0.0,0.0063,0.0,0.0,,9.4012,9.4268
transport-opt08-strips-p25,0,False,126,825,1511,2468,132,3132,3718,0,0,,,,3980,,,549.0,1e+20,549,0.015,0.0077,0.0,0.0047,0.0,0.0,,10.3337,10.3612
transport-opt08-strips-p26,2,False,196,1615,3041,4859,203,6086,7032,0,0,,,,189095,,,260.244,1e+20,514,0.0399,0.0257,0.0,0.0084,0.0,0.0,,900.0286,900.1029
transport-opt08-strips-p27,2,False,248,2386,4378,7020,256,8833,10664,0,0,,,,73058,,,258.476,1e+20,528,0.0297,0.0413,0.0,0.011,0.0,0.0,,900.0269,900.1154
transport-opt08-strips-p28,2,False,306,2688,5147,8150,315,10194,12167,0,0,,,,106827,,,314.278,1e+20,641,0.0362,0.0658,0.0,0.0128,0.0,0.0,,899.9566,900.0716
transport-opt08-strips-p29,2,False,370,3613,6692,10685,380,13435,16555,0,0,,,,63234,,,325.047,1e+20,721,0.0433,0.0989,0.0,0.0154,0.0,0.0,,899.8959,900.0539
transport-opt08-strips-p30,3,False,440,4055,7778,12284,451,15327,18437,0,0,,,,31400,,,0.0,1e+20,1e+20,0.0581,0.1494,0.0,0.0193,0.0,0.0,,899.7974,900.0247
transport-opt11-strips-p01,0,False,60,278,531,873,64,1102,1174,0,0,,,,3971,,,505.0,1e+20,505,0.01,0.0019,0.0,0.0046,0.0,0.0,,2.2036,2.2201
transport-opt11-strips-p02,0,False,60,230,390,684,64,877,864,0,0,,,,5203,,,165.0,1e+20,165,0.0083,0.0018,0.0,0.0042,0.0,0.0,,1.823,1.8373
transport-opt11-strips-p03,0,False,46,196,364,609,49,776,786,0,0,,,,35287,,,305.0,1e+20,305,0.0088,0.0011,0.0,0.0035,0.0,0.0,,12.2373,12.2508
transport-opt11-strips-p04,0,False,78,460,833,1375,82,1751,2004,0,0,,,,28722,,,318.0,1e+20,318,0.0125,0.0029,0.0,0.0088,0.0,0.0,,38.0988,38.1231
transport-opt11-strips-p05,0,False,90,472,897,1464,95,1840,2023,0,0,,,,10558,,,428.0,1e+20,428,0.0116,0.004,0.0,0.0033,0.0,0.0,,9.382,9.401
transport-opt11-strips-p06,0,False,90,583,1051,1729,95,2184,2528,0,0,,,,2758,,,189.0,1e+20,189,0.0303,0.0039,0.0,0.0061,0.0,0.0,,8.1347,8.175
transport-opt11-strips-p07,0,False,110,578,1100,1794,116,2249,2477,0,0,,,,4072,,,170.0,1e+20,170,0.0125,0.006,0.0,0.0049,0.0,0.0,,4.3286,4.3521
transport-opt11-strips-p08,0,False,132,953,1753,2844,138,3616,4168,0,0,,,,77577,,,214.0,1e+20,214,0.0274,0.0119,0.0,0.0063,0.0,0.0,,133.9884,134.0341
transport-opt11-strips-p09,0,False,132,743,1419,2301,139,2866,3282,0,0,,,,3109,,,151.0,1e+20,151,0.0139,0.0097,0.0,0.0093,0.0,0.0,,6.6046,6.6376
transport-opt11-strips-p10,0,False,156,1133,2107,3403,163,4316,5080,0,0,,,,4021,,,243.0,1e+20,243,0.0202,0.0147,0.0,0.0069,0.0,0.0,,8.0411,8.083
transport-opt11-strips-p11,2,False,146,883,1699,2736,154,3412,3947,0,0,,,,379143,,,191.775,1e+20,404,0.0271,0.0126,0.0,0.0219,0.0,0.0,,900.0173,900.0792
transport-opt11-strips-p12,2,False,171,1330,2554,4063,179,5078,5927,0,0,,,,383923,,,184.717,1e+20,438,0.0189,0.0212,0.0,0.0057,0.0,0.0,,900.0675,900.1135
transport-opt11-strips-p13,2,False,156,1060,1974,3198,164,4055,4930,0,0,,,,303626,,,182.268,1e+20,224,0.0392,0.012,0.0,0.008,0.0,0.0,,900.0185,900.0778
transport-opt11-strips-p14,2,False,182,1445,2685,4320,190,5470,6482,0,0,,,,275729,,,230.0,1e+20,240,0.0381,0.0213,0.0,0.0341,0.0,0.0,,899.9676,900.0614
transport-opt11-strips-p15,0,False,171,1088,2090,3358,180,4164,4834,0,0,,,,22004,,,589.0,1e+20,589,0.0158,0.0154,0.0,0.0071,0.0,0.0,,57.7009,57.7394
transport-opt11-strips-p16,2,False,198,1577,3025,4809,207,5969,7005,0,0,,,,187851,,,520.541,1e+20,561,0.0281,0.027,0.0,0.0088,0.0,0.0,,900.0143,900.0786
transport-opt11-strips-p17,0,False,126,745,1409,2286,132,2851,3242,0,0,,,,341637,,,227.0,1e+20,227,0.0149,0.0082,0.0,0.0071,0.0,0.0,,350.0807,350.1111
transport-opt11-strips-p18,0,False,118,692,1257,2072,123,2661,3076,0,0,,,,50853,,,382.0,1e+20,382,0.0119,0.0064,0.0,0.0051,0.0,0.0,,69.5487,69.5723
transport-opt11-strips-p19,0,False,126,825,1511,2468,132,3132,3718,0,0,,,,3980,,,549.0,1e+20,549,0.0406,0.0078,0.0,0.0058,0.0,0.0,,10.3269,10.3813
transport-opt11-strips-p20,2,False,196,1986,3430,5619,203,7177,8834,0,0,,,,79292,,,193.139,1e+20,265,0.0209,0.0227,0.0,0.0108,0.0,0.0,,900.0512,900.1059
transport-opt14-strips-p01,0,False,36,127,237,404,40,494,469,0,0,,,,0,,,90.0,1e+20,90,0.0121,0.0008,0.0,0.0055,0.0,0.0,,0.0707,0.0891
transport-opt14-strips-p02,0,False,66,287,503,860,70,1115,1147,0,0,,,,1925,,,127.0,1e+20,127,0.0282,0.0021,0.0,0.0041,0.0,0.0,,0.4948,0.5293
transport-opt14-strips-p03,0,False,90,521,981,1597,95,2002,2227,0,0,,,,11,,,174.0,1e+20,174,0.0095,0.0041,0.0,0.0028,0.0,0.0,,0.8597,0.8763
transport-opt14-strips-p04,0,False,134,791,1489,2419,139,3061,3353,0,0,,,,9191,,,164.0,1e+20,164,0.0153,0.0102,0.0,0.0052,0.0,0.0,,15.7509,15.7818
transport-opt14-strips-p05,2,False,177,1664,2948,4795,183,6091,7350,0,0,,,,131730,,,185.151,1e+20,263,0.0195,0.0179,0.0,0.0084,0.0,0.0,,903.9131,903.9592
transport-opt14-strips-p06,0,False,195,1394,2674,4269,201,5391,6296,0,0,,,,97285,,,260.0,1e+20,260,0.0362,0.023,0.0,0.0063,0.0,0.0,,231.661,231.7267
transport-opt14-strips-p07,0,False,66,318,606,994,70,1260,1360,0,0,,,,125495,,,360.0,1e+20,360,0.007,0.0025,0.0,0.0023,0.0,0.0,,90.6042,90.6161
transport-opt14-strips-p08,2,False,126,639,1199,1968,130,2512,2779,0,0,,,,643902,,,149.45,1e+20,395,0.0149,0.0076,0.0,0.005,0.0,0.0,,900.1619,900.1894
transport-opt14-strips-p09,2,False,174,1059,1999,3237,179,4097,4684,0,0,,,,285829,,,173.947,1e+20,394,0.0329,0.0146,0.0,0.0048,0.0,0.0,,900.0254,900.0779
transport-opt14-strips-p10,2,False,254,2004,3674,5937,259,7639,9000,0,0,,,,310064,,,168.544,1e+20,517,0.0241,0.037,0.0,0.0105,0.0,0.0,,900.0477,900.1197
transport-opt14-strips-p11,2,False,339,2926,5488,8759,345,11056,12939,0,0,,,,135057,,,172.059,1e+20,663,0.0377,0.0785,0.0,0.0122,0.0,0.0,,907.8212,907.9499
transport-opt14-strips-p12,2,False,375,3159,5777,9317,381,11944,14207,0,0,,,,63858,,,202.047,1e+20,599,0.0388,0.0812,0.0,0.0134,0.0,0.0,,899.9083,900.0421
transport-opt14-strips-p13,0,False,96,549,997,1646,100,2121,2435,0,0,,,,9504,,,473.0,1e+20,473,0.01,0.0041,0.0,0.0041,0.0,0.0,,14.0682,14.0864
transport-opt14-strips-p14,0,False,186,1019,1790,2999,190,3914,4380,0,0,,,,6033,,,336.0,1e+20,336,0.0315,0.0138,0.0,0.0064,0.0,0.0,,23.005,23.0569
transport-opt14-strips-p15,2,False,258,1649,2944,4856,263,6273,7311,0,0,,,,179568,,,312.109,1e+20,601,0.0219,0.0277,0.0,0.0095,0.0,0.0,,900.0003,900.0597
transport-opt14-strips-p16,2,False,374,2741,4942,8062,379,10453,12033,0,0,,,,121558,,,212.303,1e+20,601,0.0411,0.0707,0.0,0.015,0.0,0.0,,912.8866,913.0138
transport-opt14-strips-p17,2,False,501,4705,8575,13787,507,17580,21205,0,0,,,,29342,,,269.429,1e+20,694,0.0568,0.154,0.0,0.0218,0.0,0.0,,899.8048,900.038
transport-opt14-strips-p18,2,False,555,5002,9108,14671,561,18745,22565,0,0,,,,34798,,,260.052,1e+20,658,0.0684,0.1816,0.0,0.0239,0.0,0.0,,899.7703,900.0449
transport-opt14-strips-p19,3,False,616,5014,9478,15115,623,19095,22471,0,0,,,,18238,,,0.0,1e+20,1e+20,0.1021,0.233,0.0,0.0394,0.0,0.0,,899.6522,900.0279
transport-opt14-strips-p20,3,False,616,5014,9478,15115,623,19095,22471,0,0,,,,18287,,,0.0,1e+20,1e+20,0.0927,0.2328,0.0,0.0312,0.0,0.0,,899.6754,900.0333
transport-sat08-strips-p01,0,False,26,82,142,252,28,309,304,0,0,,,,0,,,54.0,1e+20,54,0.0056,0.0003,0.0,0.0016,0.0,0.0,,0.0359,0.0434
transport-sat08-strips-p02,0,False,66,299,531,900,70,1162,1218,0,0,,,,3101,,,152.0,1e+20,152,0.0256,0.0021,0.0,0.0025,0.0,0.0,,1.1139,1.1442
transport-sat08-strips-p03,2,False,150,1227,2243,3626,156,4565,5369,0,0,,,,186641,,,198.0,1e+20,211,0.0169,0.0133,0.0,0.0068,0.0,0.0,,900.145,900.1823
transport-sat08-strips-p04,2,False,237,2179,3882,6306,245,8051,9761,0,0,,,,109017,,,142.838,1e+20,240,0.042,0.0349,0.0,0.0178,0.0,0.0,,900.0705,900.1655
transport-sat08-strips-p05,2,False,344,3003,5765,9122,354,11399,13622,0,0,,,,62298,,,220.107,1e+20,290,0.0433,0.0797,0.0,0.0143,0.0,0.0,,901.5774,901.715
transport-sat08-strips-p06,3,False,516,6545,12245,19318,528,24265,30099,0,0,,,,9320,,,0.0,1e+20,1e+20,0.1064,0.246,0.0,0.0321,0.0,0.0,,899.6651,900.0505
transport-sat08-strips-p07,2,False,670,9375,16833,26892,684,34274,43968,0,0,,,,2543,,,269.387,1e+20,626,0.1324,0.4022,0.0,0.0524,0.0,0.0,,899.4664,900.0551
transport-sat08-strips-p08,2,False,844,11825,21783,34468,860,43587,55682,0,0,,,,687,,,300.0,1e+20,585,0.1942,0.6494,0.0,0.083,0.0,0.0,,899.1253,900.0544
transport-sat08-strips-p09,3,False,1038,15442,27877,44375,1056,56556,73401,0,0,,,,1797,,,0.0,1e+20,1e+20,0.2842,0.9645,0.0,0.1108,0.0,0.0,,898.7055,900.0677
transport-sat08-strips-p10,3,False,1252,18354,33971,53597,1272,67778,87380,0,0,,,,12,,,0.0,1e+20,1e+20,0.4341,1.4733,0.0,0.1572,0.0,0.0,,898.0144,900.0826
transport-sat08-strips-p11,0,False,30,103,195,330,32,424,415,0,0,,,,511,,,262.0,1e+20,262,0.0051,0.0005,0.0,0.0025,0.0,0.0,,0.1479,0.1561
transport-sat08-strips-p12,0,False,78,379,727,1188,82,1515,1666,0,0,,,,127088,,,258.0,1e+20,258,0.0101,0.0033,0.0,0.0054,0.0,0.0,,72.676,72.6949
transport-sat08-strips-p13,2,False,177,1461,2608,4252,183,5469,6533,0,0,,,,164645,,,156.219,1e+20,370,0.0202,0.0186,0.0,0.0078,0.0,0.0,,908.1404,908.1874
transport-sat08-strips-p14,2,False,281,2566,4738,7593,289,9611,11625,0,0,,,,121363,,,145.008,1e+20,493,0.0418,0.0509,0.0,0.0116,0.0,0.0,,900.097,900.2018
transport-sat08-strips-p15,3,False,409,3936,7290,11645,419,14714,18028,0,0,,,,39446,,,0.0,1e+20,1e+20,0.0475,0.1308,0.0,0.017,0.0,0.0,,899.8372,900.0329
transport-sat08-strips-p16,3,False,612,8185,14965,23774,624,30097,37966,0,0,,,,5135,,,0.0,1e+20,1e+20,0.1291,0.3518,0.0,0.0451,0.0,0.0,,899.5102,900.0378
transport-sat08-strips-p17,3,False,796,9999,18897,29706,810,37454,47022,0,0,,,,4050,,,0.0,1e+20,1e+20,0.178,0.6274,0.0,0.0721,0.0,0.0,,899.1383,900.018
transport-sat08-strips-p18,3,False,1004,13785,25414,40219,1020,51030,65179,0,0,,,,2346,,,0.0,1e+20,1e+20,0.2792,0.9618,0.0,0.1059,0.0,0.0,,898.7145,900.0641
transport-sat08-strips-p19,3,False,1236,17209,32671,51134,1254,64324,81922,0,0,,,,2449,,,0.0,1e+20,1e+20,0.3764,1.5065,0.0,0.1462,0.0,0.0,,898.0327,900.0655
transport-sat08-strips-p20,3,False,1492,19973,37819,59304,1512,74609,94679,0,0,,,,472,,,0.0,1e+20,1e+20,0.5484,2.1375,0.0,0.2016,0.0,0.0,,897.2358,900.1281
transport-sat08-strips-p21,0,False,30,105,183,320,32,416,392,0,0,,,,0,,,386.0,1e+20,386,0.0123,0.0004,0.0,0.0063,0.0,0.0,,0.1423,0.1614
transport-sat08-strips-p22,0,False,78,392,734,1208,82,1535,1661,0,0,,,,3683,,,421.0,1e+20,421,0.0167,0.0033,0.0,0.0058,0.0,0.0,,5.4047,5.4305
transport-sat08-strips-p23,2,False,177,1440,2616,4239,183,5373,6273,0,0,,,,251584,,,338.121,1e+20,512,0.0174,0.0187,0.0,0.0071,0.0,0.0,,900.0147,900.0636
transport-sat08-strips-p24,2,False,281,2627,4907,7823,289,9909,12150,0,0,,,,121124,,,576.182,1e+20,638,0.0339,0.0499,0.0,0.0121,0.0,0.0,,899.9528,900.0491
transport-sat08-strips-p25,2,False,409,4300,7738,12457,419,15862,19855,0,0,,,,34653,,,318.021,1e+20,683,0.0497,0.1112,0.0,0.019,0.0,0.0,,899.9753,900.1556
transport-sat08-strips-p26,2,False,612,7048,13546,21218,624,26491,32419,0,0,,,,12404,,,335.148,1e+20,631,0.1107,0.3752,0.0,0.0446,0.0,0.0,,899.5201,900.0523
transport-sat08-strips-p27,3,False,796,9647,18696,29153,810,36420,45147,0,0,,,,3068,,,0.0,1e+20,1e+20,0.1686,0.6796,0.0,0.0606,0.0,0.0,,899.1674,900.0787
transport-sat08-strips-p28,3,False,1004,12795,24721,38536,1020,48057,59566,0,0,,,,2490,,,0.0,1e+20,1e+20,0.2699,1.1008,0.0,0.0971,0.0,0.0,,899.3095,900.7802
transport-sat08-strips-p29,3,False,1236,17323,31879,50456,1254,64013,81794,0,0,,,,485,,,0.0,1e+20,1e+20,0.4082,1.3764,0.0,0.144,0.0,0.0,,898.1372,900.0695
transport-sat08-strips-p30,3,False,1492,20833,39665,62010,1512,78051,99673,0,0,,,,269,,,0.0,1e+20,1e+20,0.5325,2.1751,0.0,0.2158,0.0,0.0,,897.1688,900.097
transport-sat11-strips-p01,2,False,844,11825,21783,34468,860,43587,55682,0,0,,,,687,,,300.0,1e+20,585,1.1051,0.6517,0.0,0.1122,0.0,0.0,,898.2442,900.1157
transport-sat11-strips-p02,3,False,1038,15442,27877,44375,1056,56556,73401,0,0,,,,1797,,,0.0,1e+20,1e+20,0.307,0.9661,0.0,0.1114,0.0,0.0,,898.6828,900.07
transport-sat11-strips-p03,3,False,1236,17323,31879,50456,1254,64013,81794,0,0,,,,485,,,0.0,1e+20,1e+20,0.3792,1.3875,0.0,0.1423,0.0,0.0,,898.1504,900.0631
transport-sat11-strips-p04,3,False,612,8185,14965,23774,624,30097,37966,0,0,,,,5136,,,0.0,1e+20,1e+20,0.1288,0.3511,0.0,0.047,0.0,0.0,,899.5154,900.0438
transport-sat11-strips-p05,3,False,796,9999,18897,29706,810,37454,47022,0,0,,,,4047,,,0.0,1e+20,1e+20,0.1966,0.6238,0.0,0.0629,0.0,0.0,,899.1585,900.0441
transport-sat11-strips-p06,3,False,1004,13785,25414,40219,1020,51030,65179,0,0,,,,2346,,,0.0,1e+20,1e+20,0.8006,0.9637,0.0,0.1014,0.0,0.0,,898.186,900.0545
transport-sat11-strips-p07,3,False,1236,17209,32671,51134,1254,64324,81922,0,0,,,,2448,,,0.0,1e+20,1e+20,0.3888,1.481,0.0,0.1529,0.0,0.0,,898.0373,900.0637
transport-sat11-strips-p08,3,False,1252,18354,33971,53597,1272,67778,87380,0,0,,,,13,,,0.0,1e+20,1e+20,0.3977,1.4652,0.0,0.1526,0.0,0.0,,898.0804,900.0994
transport-sat11-strips-p09,3,False,1492,19973,37819,59304,1512,74609,94679,0,0,,,,471,,,0.0,1e+20,1e+20,0.5555,2.1228,0.0,0.2043,0.0,0.0,,897.2466,900.1341
transport-sat11-strips-p10,3,False,1492,20833,39665,62010,1512,78051,99673,0,0,,,,269,,,0.0,1e+20,1e+20,0.5307,2.1578,0.0,0.2147,0.0,0.0,,897.1786,900.0866
transport-sat11-strips-p11,3,False,1356,19470,36127,56975,1378,72203,93167,0,0,,,,2352,,,0.0,1e+20,1e+20,0.4753,1.9515,0.0,0.1895,0.0,0.0,,897.5068,900.1275
transport-sat11-strips-p12,3,False,1324,18122,34440,53906,1344,67759,86406,0,0,,,,64,,,0.0,1e+20,1e+20,0.4527,1.6811,0.0,0.1785,0.0,0.0,,897.7408,900.0573
transport-sat11-strips-p13,3,False,1434,21066,39090,61612,1456,77933,101015,0,0,,,,0,,,0.0,1e+20,1e+20,0.5236,1.9913,0.0,0.2003,0.0,0.0,,897.3798,900.0995
transport-sat11-strips-p14,3,False,3176,43243,84751,131192,3198,163978,208037,0,0,,,,2410,,,0.0,1e+20,1e+20,2.1806,12.3187,0.0,1.4464,0.0,0.0,,884.1711,900.1315
transport-sat11-strips-p15,3,False,3028,43871,83471,130390,3048,164248,211032,0,0,,,,0,,,0.0,1e+20,1e+20,2.0567,8.5938,0.0,1.3625,0.0,0.0,,888.1204,900.1465
transport-sat11-strips-p16,3,False,3280,50809,94391,148502,3302,188237,245558,0,0,,,,0,,,0.0,1e+20,1e+20,2.3405,11.5283,0.0,1.8616,0.0,0.0,,884.4286,900.2123
transport-sat11-strips-p17,3,False,4736,69511,132381,206650,4758,260295,335607,0,0,,,,0,,,0.0,1e+20,1e+20,4.7108,23.7736,0.0,4.0887,0.0,0.0,,867.6601,900.2558
transport-sat11-strips-p18,3,False,4588,65607,124649,194864,4608,245922,315196,0,0,,,,0,,,0.0,1e+20,1e+20,4.7143,22.3379,0.0,3.5958,0.0,0.0,,869.5052,900.1751
transport-sat11-strips-p19,3,False,4970,69163,135519,209674,4992,262271,333494,0,0,,,,0,,,0.0,1e+20,1e+20,5.184,28.0525,0.0,3.95,0.0,0.0,,863.2838,900.4933
transport-sat11-strips-p20,3,False,5204,77022,146630,228878,5226,288276,371607,0,0,,,,0,,,0.0,1e+20,1e+20,5.6397,27.07,0.0,4.8403,0.0,0.0,,862.8003,900.373
transport-sat14-strips-p01,3,False,1512,20463,40180,62180,1537,77477,97992,0,0,,,,830,,,0.0,1e+20,1e+20,0.5657,2.4485,0.0,0.224,0.0,0.0,,896.8317,900.0753
transport-sat14-strips-p02,3,False,1874,25945,51071,78920,1904,98334,124973,0,0,,,,2471,,,0.0,1e+20,1e+20,0.8705,4.085,0.0,0.3654,0.0,0.0,,894.77,900.0985
transport-sat14-strips-p03,3,False,1599,23988,44566,70178,1624,88745,115029,0,0,,,,0,,,0.0,1e+20,1e+20,0.6535,2.616,0.0,0.2551,0.0,0.0,,896.6062,900.1364
transport-sat14-strips-p04,3,False,4006,59624,113949,177604,4031,223506,289057,0,0,,,,0,,,0.0,1e+20,1e+20,3.467,17.2217,0.0,2.7895,0.0,0.0,,876.7012,900.1902
transport-sat14-strips-p05,3,False,4628,74263,138493,217414,4658,275250,361441,0,0,,,,0,,,0.0,1e+20,1e+20,4.7308,22.6311,0.0,4.147,0.0,0.0,,868.712,900.234
transport-sat14-strips-p06,3,False,4006,59624,113949,177604,4031,223506,289057,0,0,,,,0,,,0.0,1e+20,1e+20,3.4835,17.1913,0.0,2.7949,0.0,0.0,,876.6825,900.1639
transport-sat14-strips-p07,3,False,5978,104047,184835,294885,6003,378726,506480,0,0,,,,0,,,0.0,1e+20,1e+20,7.5622,34.2752,0.0,6.7236,0.0,0.0,,852.1368,900.7117
transport-sat14-strips-p08,3,False,6906,111539,207959,326434,6936,413448,543523,0,0,,,,1,,,0.0,1e+20,1e+20,10.2411,48.655,0.0,9.2245,0.0,0.0,,832.2652,900.4024
transport-sat14-strips-p09,3,False,5978,104047,184835,294885,6003,378726,506480,0,0,,,,0,,,0.0,1e+20,1e+20,7.5416,34.4624,0.0,6.7281,0.0,0.0,,851.8247,900.5722
transport-sat14-strips-p10,3,False,5804,87175,166300,259304,5829,326351,422011,0,0,,,,0,,,0.0,1e+20,1e+20,7.1109,32.8496,0.0,6.1231,0.0,0.0,,854.3289,900.4264
transport-sat14-strips-p11,3,False,1890,34794,64059,100768,1915,127918,167451,0,0,,,,0,,,0.0,1e+20,1e+20,1.0312,4.4847,0.0,0.435,0.0,0.0,,894.155,900.1141
transport-sat14-strips-p12,3,False,2214,36159,65783,104186,2244,132570,174932,0,0,,,,2449,,,0.0,1e+20,1e+20,1.183,4.9335,0.0,0.7728,0.0,0.0,,893.332,900.2288
transport-sat14-strips-p13,3,False,1798,20287,38315,60425,1823,76096,97366,0,0,,,,2496,,,0.0,1e+20,1e+20,0.619,2.6117,0.0,0.258,0.0,0.0,,896.6599,900.1542
transport-sat14-strips-p14,3,False,3690,64953,124803,193471,3715,243342,314608,0,0,,,,392,,,0.0,1e+20,1e+20,3.5428,17.5092,0.0,2.9971,0.0,0.0,,876.2587,900.3192
transport-sat14-strips-p15,3,False,4288,64912,124260,193490,4318,243317,315484,0,0,,,,109,,,0.0,1e+20,1e+20,4.0807,21.6357,0.0,3.3061,0.0,0.0,,871.1739,900.2161
transport-sat14-strips-p16,3,False,3506,41608,78733,123872,3531,156021,201399,0,0,,,,0,,,0.0,1e+20,1e+20,2.1314,9.4297,0.0,1.6398,0.0,0.0,,887.0506,900.263
transport-sat14-strips-p17,3,False,5490,101454,190606,297575,5515,376694,491772,0,0,,,,0,,,0.0,1e+20,1e+20,7.5904,41.3243,0.0,6.4286,0.0,0.0,,844.9672,900.3388
transport-sat14-strips-p18,3,False,6498,99218,189848,295594,6528,371764,482661,0,0,,,,0,,,0.0,1e+20,1e+20,9.0482,47.1978,0.0,7.6934,0.0,0.0,,836.3766,900.3317
transport-sat14-strips-p19,3,False,5326,68252,124902,198505,5351,252354,331387,0,0,,,,46,,,0.0,1e+20,1e+20,4.7472,22.5984,0.0,4.0653,0.0,0.0,,868.8896,900.3187
transport-sat14-strips-p20,3,False,6030,107729,206629,320413,6055,402996,521336,0,0,,,,0,,,0.0,1e+20,1e+20,9.3235,44.1429,0.0,7.7831,0.0,0.0,,839.0846,900.3664
trucks-p01,-3,False,0,0,0,0,0,0,0,0,0,,,,0,,,0.0,1e+20,1e+20,0,0,0,0,0,0,,0,0
trucks-p02,-3,False,0,0,0,0,0,0,0,0,0,,,,0,,,0.0,1e+20,1e+20,0,0,0,0,0,0,,0,0
trucks-p03,-3,False,0,0,0,0,0,0,0,0,0,,,,0,,,0.0,1e+20,1e+20,0,0,0,0,0,0,,0,0
trucks-p04,-3,False,0,0,0,0,0,0,0,0,0,,,,0,,,0.0,1e+20,1e+20,0,0,0,0,0,0,,0,0
trucks-p05,-3,False,0,0,0,0,0,0,0,0,0,,,,0,,,0.0,1e+20,1e+20,0,0,0,0,0,0,,0,0
trucks-p06,-3,False,0,0,0,0,0,0,0,0,0,,,,0,,,0.0,1e+20,1e+20,0,0,0,0,0,0,,0,0
trucks-p07,-3,False,0,0,0,0,0,0,0,0,0,,,,0,,,0.0,1e+20,1e+20,0,0,0,0,0,0,,0,0
trucks-p08,-3,False,0,0,0,0,0,0,0,0,0,,,,0,,,0.0,1e+20,1e+20,0,0,0,0,0,0,,0,0
trucks-p09,-3,False,0,0,0,0,0,0,0,0,0,,,,0,,,0.0,1e+20,1e+20,0,0,0,0,0,0,,0,0
trucks-p10,-3,False,0,0,0,0,0,0,0,0,0,,,,0,,,0.0,1e+20,1e+20,0,0,0,0,0,0,,0,0
trucks-p11,-3,False,0,0,0,0,0,0,0,0,0,,,,0,,,0.0,1e+20,1e+20,0,0,0,0,0,0,,0,0
trucks-p12,-3,False,0,0,0,0,0,0,0,0,0,,,,0,,,0.0,1e+20,1e+20,0,0,0,0,0,0,,0,0
trucks-p13,-3,False,0,0,0,0,0,0,0,0,0,,,,0,,,0.0,1e+20,1e+20,0,0,0,0,0,0,,0,0
trucks-p14,-3,False,0,0,0,0,0,0,0,0,0,,,,0,,,0.0,1e+20,1e+20,0,0,0,0,0,0,,0,0
trucks-p15,-3,False,0,0,0,0,0,0,0,0,0,,,,0,,,0.0,1e+20,1e+20,0,0,0,0,0,0,,0,0
trucks-p16,-3,False,0,0,0,0,0,0,0,0,0,,,,0,,,0.0,1e+20,1e+20,0,0,0,0,0,0,,0,0
trucks-p17,-3,False,0,0,0,0,0,0,0,0,0,,,,0,,,0.0,1e+20,1e+20,0,0,0,0,0,0,,0,0
trucks-p18,-3,False,0,0,0,0,0,0,0,0,0,,,,0,,,0.0,1e+20,1e+20,0,0,0,0,0,0,,0,0
trucks-p19,-3,False,0,0,0,0,0,0,0,0,0,,,,0,,,0.0,1e+20,1e+20,0,0,0,0,0,0,,0,0
trucks-p20,-3,False,0,0,0,0,0,0,0,0,0,,,,0,,,0.0,1e+20,1e+20,0,0,0,0,0,0,,0,0
trucks-p21,-3,False,0,0,0,0,0,0,0,0,0,,,,0,,,0.0,1e+20,1e+20,0,0,0,0,0,0,,0,0
trucks-p22,-3,False,0,0,0,0,0,0,0,0,0,,,,0,,,0.0,1e+20,1e+20,0,0,0,0,0,0,,0,0
trucks-p23,-3,False,0,0,0,0,0,0,0,0,0,,,,0,,,0.0,1e+20,1e+20,0,0,0,0,0,0,,0,0
trucks-p24,-3,False,0,0,0,0,0,0,0,0,0,,,,0,,,0.0,1e+20,1e+20,0,0,0,0,0,0,,0,0
trucks-p25,-3,False,0,0,0,0,0,0,0,0,0,,,,0,,,0.0,1e+20,1e+20,0,0,0,0,0,0,,0,0
trucks-p26,-3,False,0,0,0,0,0,0,0,0,0,,,,0,,,0.0,1e+20,1e+20,0,0,0,0,0,0,,0,0
trucks-p27,-3,False,0,0,0,0,0,0,0,0,0,,,,0,,,0.0,1e+20,1e+20,0,0,0,0,0,0,,0,0
trucks-p28,-3,False,0,0,0,0,0,0,0,0,0,,,,0,,,0.0,1e+20,1e+20,0,0,0,0,0,0,,0,0
trucks-p29,-3,False,0,0,0,0,0,0,0,0,0,,,,0,,,0.0,1e+20,1e+20,0,0,0,0,0,0,,0,0
trucks-p30,-3,False,0,0,0,0,0,0,0,0,0,,,,0,,,0.0,1e+20,1e+20,0,0,0,0,0,0,,0,0
trucks-strips-p01,0,True,14,33,48,107,26,122,56,0,0,,,,0,,,11.0,1e+20,11,0.0101,0.0003,0.0,0.0032,0.0,0.0,,0.0121,0.0258
trucks-strips-p02,0,True,17,40,55,126,31,143,66,0,0,,,,0,,,14.0,1e+20,14,0.0101,0.0004,0.0,0.0043,0.0,0.0,,0.0117,0.0267
trucks-strips-p03,0,True,23,53,81,175,41,194,90,0,0,,,,0,,,17.0,1e+20,17,0.0273,0.001,0.0,0.0064,0.0,0.0,,0.0135,0.0483
trucks-strips-p04,0,True,26,60,90,197,47,221,104,0,0,,,,0,,,20.0,1e+20,20,0.0131,0.0015,0.0,0.0077,0.0,0.0,,0.0147,0.037
trucks-strips-p05,0,True,32,73,112,242,57,268,124,0,0,,,,0,,,23.0,1e+20,23,0.0142,0.0028,0.0,0.0039,0.0,0.0,,0.0141,0.0351
trucks-strips-p06,0,True,35,80,121,264,63,295,138,0,0,,,,0,,,26.0,1e+20,26,0.0124,0.0033,0.0,0.0017,0.0,0.0,,0.0146,0.0322
trucks-strips-p07,0,True,38,102,132,293,59,327,174,0,0,,,,0,,,20.0,1e+20,20,0.0085,0.0019,0.0,0.0016,0.0,0.0,,0.0119,0.024
trucks-strips-p08,0,True,46,127,186,386,73,414,219,0,0,,,,0,,,24.0,1e+20,24,0.0136,0.0043,0.0,0.0014,0.0,0.0,,0.0126,0.0321
trucks-strips-p09,0,True,52,140,202,423,81,449,236,0,0,,,,0,,,26.0,1e+20,26,0.0155,0.0052,0.0,0.0043,0.0,0.0,,0.014,0.0391
trucks-strips-p10,0,True,56,153,217,458,88,504,275,0,0,,,,0,,,30.0,1e+20,30,0.0386,0.007,0.0,0.009,0.0,0.0,,0.0217,0.0765
trucks-strips-p11,0,True,65,178,257,535,100,571,304,0,0,,,,0,,,33.0,1e+20,33,0.0351,0.013,0.0,0.0036,0.0,0.0,,0.0171,0.0691
trucks-strips-p12,0,True,70,191,274,574,109,619,332,0,0,,,,0,,,36.0,1e+20,36,0.0283,0.0138,0.0,0.0031,0.0,0.0,,0.0251,0.0706
trucks-strips-p13,0,True,78,249,348,709,112,770,460,0,0,,,,0,,,30.0,1e+20,30,0.0275,0.0143,0.0,0.0038,0.0,0.0,,0.025,0.0709
trucks-strips-p14,0,True,84,270,372,763,121,803,472,0,0,,,,0,,,34.0,1e+20,34,0.0402,0.0156,0.0,0.0032,0.0,0.0,,0.0224,0.0818
trucks-strips-p15,0,True,91,291,395,815,129,880,530,0,0,,,,0,,,37.0,1e+20,37,0.0376,0.0192,0.0,0.0038,0.0,0.0,,0.0317,0.0927
trucks-strips-p16,0,True,98,312,421,873,140,929,554,0,0,,,,0,,,40.0,1e+20,40,0.033,0.023,0.0,0.0027,0.0,0.0,,0.0326,0.0917
trucks-strips-p17,0,True,110,353,487,996,156,1064,634,0,0,,,,0,,,43.0,1e+20,43,0.0564,0.0448,0.0,0.0028,0.0,0.0,,0.0377,0.1427
trucks-strips-p18,0,True,117,374,511,1050,165,1105,654,0,0,,,,0,,,46.0,1e+20,46,0.0617,0.0481,0.0,0.0072,0.0,0.0,,0.03,0.148
trucks-strips-p19,0,True,125,462,613,1243,168,1319,846,0,0,,,,0,,,41.0,1e+20,41,0.0542,0.0425,0.0,0.0034,0.0,0.0,,0.0396,0.1406
trucks-strips-p20,0,True,134,493,648,1320,179,1410,911,0,0,,,,0,,,44.0,1e+20,44,0.0577,0.053,0.0,0.0036,0.0,0.0,,0.0394,0.1546
trucks-strips-p21,0,True,143,524,687,1405,194,1507,974,0,0,,,,0,,,47.0,1e+20,47,0.0842,0.0564,0.0,0.0049,0.0,0.0,,0.0427,0.1892
trucks-strips-p22,0,True,152,555,660,1418,203,1535,980,0,0,,,,0,,,50.0,1e+20,50,0.0698,0.0724,0.0,0.0036,0.0,0.0,,0.0361,0.1831
trucks-strips-p23,0,True,167,616,752,1589,221,1719,1094,0,0,,,,0,,,53.0,1e+20,53,0.1323,0.1262,0.0,0.0046,0.0,0.0,,0.0429,0.308
trucks-strips-p24,0,True,176,647,784,1664,233,1781,1148,0,0,,,,0,,,56.0,1e+20,56,0.141,0.1354,0.0,0.0049,0.0,0.0,,0.0423,0.3256
trucks-strips-p25,0,True,186,771,987,1995,237,2078,1404,0,0,,,,0,,,50.0,1e+20,50,0.1306,0.1195,0.0,0.005,0.0,0.0,,0.0553,0.3125
trucks-strips-p26,0,True,196,814,1036,2101,251,2167,1460,0,0,,,,0,,,54.0,1e+20,54,0.138,0.1169,0.0,0.0031,0.0,0.0,,0.0625,0.3228
trucks-strips-p27,0,True,207,857,1085,2207,265,2340,1600,0,0,,,,0,,,57.0,1e+20,57,0.15,0.1518,0.0,0.0059,0.0,0.0,,0.0599,0.37
trucks-strips-p28,0,True,218,900,1134,2313,279,2453,1680,0,0,,,,0,,,60.0,1e+20,60,0.1665,0.1702,0.0,0.0035,0.0,0.0,,0.0617,0.4045
trucks-strips-p29,0,True,236,985,1267,2552,300,2706,1844,0,0,,,,0,,,63.0,1e+20,63,0.3005,0.2986,0.0,0.0052,0.0,0.0,,0.0699,0.6838
trucks-strips-p30,0,True,247,1028,1316,2658,314,2819,1924,0,0,,,,0,,,66.0,1e+20,66,0.3293,0.373,0.0,0.0052,0.0,0.0,,0.0738,0.7865
visitall-opt11-strips-problem02-full,0,True,0,4,8,18,6,18,4,0,0,,,,0,,,3.0,1e+20,3,0.0073,0.0,0.0,0.0031,0.0,0.0,,0.0017,0.0122
visitall-opt11-strips-problem02-half,0,True,2,4,5,13,4,11,2,0,0,,,,0,,,1.0,1e+20,1,0.011,0.0,0.0,0.0043,0.0,0.0,,0.0037,0.0191
visitall-opt11-strips-problem03-full,0,True,0,12,24,52,16,56,16,0,0,,,,0,,,8.0,1e+20,8,0.0066,0.0001,0.0,0.0022,0.0,0.0,,0.002,0.0109
visitall-opt11-strips-problem03-half,0,True,4,12,19,43,12,45,14,0,0,,,,0,,,5.0,1e+20,5,0.0068,0.0,0.0,0.0028,0.0,0.0,,0.0063,0.016
visitall-opt11-strips-problem04-full,0,True,0,34,68,132,30,158,60,0,0,,,,0,,,15.0,1e+20,15,0.0162,0.0001,0.0,0.0132,0.0,0.0,,0.0111,0.0407
visitall-opt11-strips-problem04-half,0,True,8,34,49,105,22,115,44,0,0,,,,0,,,10.0,1e+20,10,0.0068,0.0001,0.0,0.0021,0.0,0.0,,0.0171,0.0262
visitall-opt11-strips-problem05-full,0,True,0,64,128,240,48,296,120,0,0,,,,0,,,24.0,1e+20,24,0.0076,0.0003,0.0,0.0074,0.0,0.0,,0.0192,0.0345
visitall-opt11-strips-problem05-half,0,True,10,64,98,200,38,227,91,0,0,,,,0,,,15.0,1e+20,15,0.0308,0.0002,0.0,0.0027,0.0,0.0,,0.016,0.0497
visitall-opt11-strips-problem06-full,0,True,0,104,208,382,70,478,200,0,0,,,,0,,,35.0,1e+20,35,0.0084,0.0004,0.0,0.0035,0.0,0.0,,0.0248,0.0372
visitall-opt11-strips-problem06-half,0,True,20,104,148,302,50,341,143,0,0,,,,1029,,,19.0,1e+20,19,0.0047,0.0003,0.0,0.0013,0.0,0.0,,0.0958,0.1022
visitall-opt11-strips-problem07-full,0,True,0,152,304,552,96,696,296,0,0,,,,0,,,48.0,1e+20,48,0.0069,0.0008,0.0,0.0045,0.0,0.0,,0.0484,0.0606
visitall-opt11-strips-problem07-half,0,True,16,152,255,487,80,584,249,0,0,,,,0,,,32.0,1e+20,32,0.0065,0.0006,0.0,0.0047,0.0,0.0,,0.045,0.0569
visitall-opt11-strips-problem08-full,0,True,0,208,416,750,126,950,408,0,0,,,,131,,,63.0,1e+20,63,0.0268,0.0012,0.0,0.003,0.0,0.0,,0.0989,0.13
visitall-opt11-strips-problem08-half,0,True,31,208,314,617,95,717,308,0,0,,,,146,,,37.0,1e+20,37,0.0073,0.0009,0.0,0.0045,0.0,0.0,,0.1087,0.1215
visitall-opt11-strips-problem09-full,0,True,0,272,544,976,160,1240,536,0,0,,,,225,,,80.0,1e+20,80,0.0101,0.0019,0.0,0.0032,0.0,0.0,,0.1617,0.177
visitall-opt11-strips-problem09-half,0,True,31,272,439,840,129,1000,432,0,0,,,,1781,,,51.0,1e+20,51,0.0138,0.0015,0.0,0.0073,0.0,0.0,,0.3453,0.3679
visitall-opt11-strips-problem10-full,0,True,0,344,688,1230,198,1566,680,0,0,,,,215,,,99.0,1e+20,99,0.0089,0.0028,0.0,0.0038,0.0,0.0,,0.1722,0.1877
visitall-opt11-strips-problem10-half,0,True,52,344,505,995,146,1150,499,0,0,,,,14643,,,56.0,1e+20,56,0.0066,0.0021,0.0,0.0031,0.0,0.0,,4.3094,4.3212
visitall-opt11-strips-problem11-full,0,True,0,424,848,1512,240,1928,840,0,0,,,,2292,,,120.0,1e+20,120,0.0122,0.0039,0.0,0.0071,0.0,0.0,,0.5524,0.5756
visitall-opt11-strips-problem11-half,0,True,63,424,626,1227,177,1423,620,0,0,,,,3362,,,64.0,1e+20,64,0.0108,0.0028,0.0,0.0092,0.0,0.0,,1.3998,1.4228
visitall-opt14-strips-p-05-10,0,True,54,344,495,983,144,1127,488,0,0,,,,81161,,,53.0,1e+20,53,0.0284,0.002,0.0,0.0069,0.0,0.0,,11.4083,11.4456
visitall-opt14-strips-p-05-5,0,True,7,64,110,215,41,254,103,0,0,,,,0,,,18.0,1e+20,18,0.0068,0.0002,0.0,0.003,0.0,0.0,,0.0172,0.0272
visitall-opt14-strips-p-05-6,0,True,18,104,155,311,52,356,149,0,0,,,,0,,,20.0,1e+20,20,0.0053,0.0003,0.0,0.0016,0.0,0.0,,0.0391,0.0463
visitall-opt14-strips-p-05-7,0,True,25,152,224,447,71,513,218,0,0,,,,333,,,28.0,1e+20,28,0.0051,0.0006,0.0,0.0016,0.0,0.0,,0.1163,0.1236
visitall-opt14-strips-p-05-8,0,True,33,208,309,610,93,707,305,0,0,,,,262687,,,39.0,1e+20,39,0.0059,0.0009,0.0,0.0028,0.0,0.0,,44.1171,44.1267
visitall-opt14-strips-p-05-9,0,True,39,272,411,804,121,938,406,0,0,,,,8604,,,46.0,1e+20,46,0.0454,0.0014,0.0,0.0086,0.0,0.0,,1.207,1.2625
visitall-opt14-strips-p-1-10,0,True,0,344,688,1230,198,1566,680,0,0,,,,215,,,99.0,1e+20,99,0.028,0.0028,0.0,0.0061,0.0,0.0,,0.1732,0.2102
visitall-opt14-strips-p-1-11,0,True,0,424,848,1512,240,1928,840,0,0,,,,2292,,,120.0,1e+20,120,0.0126,0.004,0.0,0.0037,0.0,0.0,,0.5506,0.571
visitall-opt14-strips-p-1-12,0,True,0,512,1024,1822,286,2326,1016,0,0,,,,2497,,,143.0,1e+20,143,0.0297,0.0054,0.0,0.0037,0.0,0.0,,1.1168,1.1557
visitall-opt14-strips-p-1-13,0,True,0,608,1216,2160,336,2760,1208,0,0,,,,2636,,,168.0,1e+20,168,0.0191,0.0073,0.0,0.0065,0.0,0.0,,1.5239,1.557
visitall-opt14-strips-p-1-14,0,True,0,712,1424,2526,390,3230,1416,0,0,,,,2580,,,195.0,1e+20,195,0.0162,0.0101,0.0,0.0068,0.0,0.0,,1.2769,1.31
visitall-opt14-strips-p-1-15,0,True,0,824,1648,2920,448,3736,1640,0,0,,,,9038,,,224.0,1e+20,224,0.0124,0.0132,0.0,0.0053,0.0,0.0,,3.1413,3.1723
visitall-opt14-strips-p-1-16,0,True,0,944,1888,3342,510,4278,1880,0,0,,,,3024,,,255.0,1e+20,255,0.0124,0.017,0.0,0.0062,0.0,0.0,,3.0239,3.0597
visitall-opt14-strips-p-1-17,0,True,0,1072,2144,3792,576,4856,2136,0,0,,,,10882,,,288.0,1e+20,288,0.0156,0.021,0.0,0.0064,0.0,0.0,,6.2582,6.3012
visitall-opt14-strips-p-1-18,0,True,0,1208,2416,4270,646,5470,2408,0,0,,,,7228,,,323.0,1e+20,323,0.0173,0.0273,0.0,0.0083,0.0,0.0,,5.4704,5.5234
visitall-opt14-strips-p-1-5,0,True,0,64,128,240,48,296,120,0,0,,,,0,,,24.0,1e+20,24,0.0077,0.0002,0.0,0.0049,0.0,0.0,,0.0187,0.0316
visitall-opt14-strips-p-1-6,0,True,0,104,208,382,70,478,200,0,0,,,,0,,,35.0,1e+20,35,0.0074,0.0005,0.0,0.0035,0.0,0.0,,0.0255,0.0369
visitall-opt14-strips-p-1-7,0,True,0,152,304,552,96,696,296,0,0,,,,0,,,48.0,1e+20,48,0.0293,0.0008,0.0,0.0051,0.0,0.0,,0.0477,0.0828
visitall-opt14-strips-p-1-8,0,True,0,208,416,750,126,950,408,0,0,,,,131,,,63.0,1e+20,63,0.0095,0.0012,0.0,0.0052,0.0,0.0,,0.099,0.1149
visitall-opt14-strips-p-1-9,0,True,0,272,544,976,160,1240,536,0,0,,,,225,,,80.0,1e+20,80,0.0083,0.0019,0.0,0.0039,0.0,0.0,,0.1627,0.1769
visitall-sat11-strips-problem12,0,True,0,512,1024,1822,286,2326,1016,0,0,,,,2497,,,143.0,1e+20,143,0.0265,0.0054,0.0,0.0065,0.0,0.0,,1.11,1.1485
visitall-sat11-strips-problem14,0,True,0,712,1424,2526,390,3230,1416,0,0,,,,2580,,,195.0,1e+20,195,0.0116,0.01,0.0,0.0065,0.0,0.0,,1.2745,1.3028
visitall-sat11-strips-problem16,0,True,0,944,1888,3342,510,4278,1880,0,0,,,,3024,,,255.0,1e+20,255,0.0158,0.0167,0.0,0.0103,0.0,0.0,,3.0211,3.0641
visitall-sat11-strips-problem18,0,True,0,1208,2416,4270,646,5470,2408,0,0,,,,7228,,,323.0,1e+20,323,0.0396,0.0264,0.0,0.0145,0.0,0.0,,5.4531,5.5337
visitall-sat11-strips-problem20,0,True,0,1504,3008,5310,798,6806,3000,0,0,,,,26073,,,399.0,1e+20,399,0.0251,0.0391,0.0,0.0115,0.0,0.0,,19.5547,19.633
visitall-sat11-strips-problem22,0,True,0,1832,3664,6462,966,8286,3656,0,0,,,,29819,,,483.0,1e+20,483,0.0289,0.0609,0.0,0.0143,0.0,0.0,,27.1201,27.2244
visitall-sat11-strips-problem24,0,True,0,2192,4384,7726,1150,9910,4376,0,0,,,,38145,,,575.0,1e+20,575,0.0357,0.0868,0.0,0.0185,0.0,0.0,,46.8821,47.0233
visitall-sat11-strips-problem26,0,True,0,2584,5168,9102,1350,11678,5160,0,0,,,,168164,,,675.0,1e+20,675,0.0462,0.1183,0.0,0.0256,0.0,0.0,,220.0384,220.2288
visitall-sat11-strips-problem28,0,True,0,3008,6016,10590,1566,13590,6008,0,0,,,,18055,,,783.0,1e+20,783,0.0768,0.1594,0.0,0.0308,0.0,0.0,,46.0825,46.3498
visitall-sat11-strips-problem30,3,True,0,3464,6928,12190,1798,15646,6920,0,0,,,,409676,,,0.0,1e+20,1e+20,0.0766,0.2159,0.0,0.0422,0.0,0.0,,903.0138,903.3488
visitall-sat11-strips-problem32,0,True,0,3952,7904,13902,2046,17846,7896,0,0,,,,262328,,,1023.0,1e+20,1023,0.0913,0.2727,0.0,0.0507,0.0,0.0,,704.7617,705.1768
visitall-sat11-strips-problem34,0,True,0,4472,8944,15726,2310,20190,8936,0,0,,,,104835,,,1155.0,1e+20,1155,0.1136,0.3498,0.0,0.0636,0.0,0.0,,351.108,351.6353
visitall-sat11-strips-problem36,3,True,0,5024,10048,17662,2590,22678,10040,0,0,,,,248604,,,0.0,1e+20,1e+20,0.3662,0.4458,0.0,0.0873,0.0,0.0,,899.314,900.2138
visitall-sat11-strips-problem38,3,True,0,5608,11216,19710,2886,25310,11208,0,0,,,,237963,,,0.0,1e+20,1e+20,0.5343,0.5661,0.0,0.0931,0.0,0.0,,928.7995,929.9934
visitall-sat11-strips-problem40,3,True,0,6224,12448,21870,3198,28086,12440,0,0,,,,265238,,,0.0,1e+20,1e+20,0.2031,0.6988,0.0,0.1124,0.0,0.0,,901.7854,902.8002
visitall-sat11-strips-problem42,3,True,0,6872,13744,24142,3526,31006,13736,0,0,,,,240542,,,0.0,1e+20,1e+20,0.2465,0.8494,0.0,0.1346,0.0,0.0,,901.3704,902.6015
visitall-sat11-strips-problem44,3,True,0,7552,15104,26526,3870,34070,15096,0,0,,,,186409,,,0.0,1e+20,1e+20,0.3143,1.0426,0.0,0.1629,0.0,0.0,,901.8516,903.3719
visitall-sat11-strips-problem46,3,True,0,8264,16528,29022,4230,37278,16520,0,0,,,,147996,,,0.0,1e+20,1e+20,0.3459,1.2532,0.0,0.1963,0.0,0.0,,898.9776,900.7738
visitall-sat11-strips-problem48,3,True,0,9008,18016,31630,4606,40630,18008,0,0,,,,156740,,,0.0,1e+20,1e+20,0.4544,1.5285,0.0,0.2312,0.0,0.0,,900.5122,902.7272
visitall-sat11-strips-problem50,3,True,0,9784,19568,34350,4998,44126,19560,0,0,,,,135285,,,0.0,1e+20,1e+20,0.4769,1.7924,0.0,0.2615,0.0,0.0,,899.2053,901.7369
visitall-sat14-strips-pfile30,3,True,0,3464,6928,12190,1798,15646,6920,0,0,,,,406437,,,0.0,1e+20,1e+20,0.0939,0.217,0.0,0.0396,0.0,0.0,,901.2791,901.6299
visitall-sat14-strips-pfile31,0,True,0,3704,7408,13032,1920,16728,7400,0,0,,,,94633,,,960.0,1e+20,960,0.0857,0.2392,0.0,0.0475,0.0,0.0,,161.4002,161.773
visitall-sat14-strips-pfile32,0,True,0,3952,7904,13902,2046,17846,7896,0,0,,,,262328,,,1023.0,1e+20,1023,0.1179,0.2814,0.0,0.0518,0.0,0.0,,707.4811,707.9324
visitall-sat14-strips-pfile33,0,True,0,4208,8416,14800,2176,19000,8408,0,0,,,,297218,,,1088.0,1e+20,1088,0.101,0.3093,0.0,0.0557,0.0,0.0,,814.8163,815.2826
visitall-sat14-strips-pfile50,3,True,0,9784,19568,34350,4998,44126,19560,0,0,,,,133651,,,0.0,1e+20,1e+20,0.4837,1.8075,0.0,0.2626,0.0,0.0,,900.156,902.7107
visitall-sat14-strips-pfile51,3,True,0,10184,20368,35752,5200,45928,20360,0,0,,,,144825,,,0.0,1e+20,1e+20,0.5143,1.9439,0.0,0.2821,0.0,0.0,,897.4563,900.1976
visitall-sat14-strips-pfile52,3,True,0,10592,21184,37182,5406,47766,21176,0,0,,,,119491,,,0.0,1e+20,1e+20,0.5535,2.1253,0.0,0.3023,0.0,0.0,,897.2157,900.1978
visitall-sat14-strips-pfile53,3,True,0,11008,22016,38640,5616,49640,22008,0,0,,,,117209,,,0.0,1e+20,1e+20,0.6021,2.2931,0.0,0.3294,0.0,0.0,,896.9602,900.1858
visitall-sat14-strips-pfile54,3,True,0,11432,22864,40126,5830,51550,22856,0,0,,,,102786,,,0.0,1e+20,1e+20,0.6526,2.4614,0.0,0.3578,0.0,0.0,,896.6768,900.174
visitall-sat14-strips-pfile55,3,True,0,11864,23728,41640,6048,53496,23720,0,0,,,,98930,,,0.0,1e+20,1e+20,0.6907,2.6487,0.0,0.3772,0.0,0.0,,896.4499,900.1679
visitall-sat14-strips-pfile56,3,True,0,12304,24608,43182,6270,55478,24600,0,0,,,,113389,,,0.0,1e+20,1e+20,0.744,2.8544,0.0,0.4088,0.0,0.0,,896.0817,900.091
visitall-sat14-strips-pfile57,3,True,0,12752,25504,44752,6496,57496,25496,0,0,,,,97898,,,0.0,1e+20,1e+20,0.7919,3.0483,0.0,0.4347,0.0,0.0,,897.62,901.8964
visitall-sat14-strips-pfile58,3,True,0,13208,26416,46350,6726,59550,26408,0,0,,,,94023,,,0.0,1e+20,1e+20,0.851,3.254,0.0,0.4647,0.0,0.0,,895.5701,900.1414
visitall-sat14-strips-pfile59,3,True,0,13672,27344,47976,6960,61640,27336,0,0,,,,78065,,,0.0,1e+20,1e+20,0.9317,3.4748,0.0,0.5053,0.0,0.0,,895.2375,900.1526
visitall-sat14-strips-pfile60,3,True,0,14144,28288,49630,7198,63766,28280,0,0,,,,80781,,,0.0,1e+20,1e+20,0.9752,3.7073,0.0,0.5317,0.0,0.0,,894.9549,900.1704
visitall-sat14-strips-pfile61,3,True,0,14624,29248,51312,7440,65928,29240,0,0,,,,70865,,,0.0,1e+20,1e+20,1.0328,3.9478,0.0,0.56,0.0,0.0,,894.5703,900.1125
visitall-sat14-strips-pfile62,3,True,0,15112,30224,53022,7686,68126,30216,0,0,,,,108358,,,0.0,1e+20,1e+20,1.1259,4.2029,0.0,0.6015,0.0,0.0,,896.9301,902.8624
visitall-sat14-strips-pfile63,3,True,0,15608,31216,54760,7936,70360,31208,0,0,,,,70604,,,0.0,1e+20,1e+20,1.1712,4.4679,0.0,0.6352,0.0,0.0,,893.861,900.1369
visitall-sat14-strips-pfile64,3,True,0,16112,32224,56526,8190,72630,32216,0,0,,,,109606,,,0.0,1e+20,1e+20,1.2449,4.7328,0.0,0.6807,0.0,0.0,,893.4276,900.0874
visitall-sat14-strips-pfile65,3,True,0,16624,33248,58320,8448,74936,33240,0,0,,,,70747,,,0.0,1e+20,1e+20,1.3347,5.0355,0.0,0.7271,0.0,0.0,,893.072,900.1716
woodworking-opt08-strips-p01,0,False,11,22,57,110,31,147,71,0,0,,,,0,,,170.0,1e+20,170,0.0109,0.0003,0.0,0.0083,0.0,0.0,,0.0068,0.0263
woodworking-opt08-strips-p02,0,False,13,24,54,113,35,134,66,0,0,,,,0,,,185.0,1e+20,185,0.0059,0.0005,0.0,0.0017,0.0,0.0,,0.007,0.0151
woodworking-opt08-strips-p03,0,False,22,76,299,435,58,559,408,0,0,,,,0,,,275.0,1e+20,275,0.0106,0.0011,0.0,0.0038,0.0,0.0,,0.0157,0.0312
woodworking-opt08-strips-p04,0,False,38,103,410,586,73,743,531,0,0,,,,0,,,235.0,1e+20,235,0.0095,0.0019,0.0,0.004,0.0,0.0,,0.0254,0.0409
woodworking-opt08-strips-p05,0,False,41,160,735,981,84,1228,973,0,0,,,,0,,,260.0,1e+20,260,0.04,0.0028,0.0,0.0037,0.0,0.0,,0.037,0.0834
woodworking-opt08-strips-p06,0,False,50,195,961,1257,100,1604,1295,0,0,,,,0,,,430.0,1e+20,430,0.0116,0.0027,0.0,0.0034,0.0,0.0,,0.0597,0.0775
woodworking-opt08-strips-p07,0,False,68,231,962,1316,123,1633,1336,0,0,,,,0,,,390.0,1e+20,390,0.0322,0.0045,0.0,0.0044,0.0,0.0,,0.0543,0.0955
woodworking-opt08-strips-p08,0,False,84,291,1224,1660,143,2037,1662,0,0,,,,0,,,420.0,1e+20,420,0.0153,0.0063,0.0,0.005,0.0,0.0,,0.0691,0.0957
woodworking-opt08-strips-p09,0,False,71,123,439,696,133,862,514,0,0,,,,0,,,425.0,1e+20,425,0.0147,0.0045,0.0,0.0034,0.0,0.0,,0.0178,0.0405
woodworking-opt08-strips-p10,0,False,109,567,2586,3331,178,4078,3573,0,0,,,,0,,,485.0,1e+20,485,0.0355,0.011,0.0,0.0065,0.0,0.0,,0.1328,0.186
woodworking-opt08-strips-p11,0,False,10,17,57,105,30,133,46,0,0,,,,0,,,130.0,1e+20,130,0.0054,0.0003,0.0,0.0018,0.0,0.0,,0.0046,0.0121
woodworking-opt08-strips-p12,0,False,28,78,302,436,55,567,448,0,0,,,,0,,,225.0,1e+20,225,0.0256,0.001,0.0,0.0046,0.0,0.0,,0.0201,0.0513
woodworking-opt08-strips-p13,0,False,38,106,453,630,70,813,633,0,0,,,,0,,,195.0,1e+20,195,0.0169,0.0015,0.0,0.0126,0.0,0.0,,0.0259,0.057
woodworking-opt08-strips-p14,0,False,35,133,631,836,72,1066,863,0,0,,,,0,,,195.0,1e+20,195,0.0085,0.0015,0.0,0.0031,0.0,0.0,,0.0351,0.0481
woodworking-opt08-strips-p15,0,False,35,151,649,875,73,1070,852,0,0,,,,0,,,270.0,1e+20,270,0.0088,0.0021,0.0,0.002,0.0,0.0,,0.0345,0.0474
woodworking-opt08-strips-p16,0,False,52,136,514,747,97,932,729,0,0,,,,0,,,275.0,1e+20,275,0.0238,0.0031,0.0,0.003,0.0,0.0,,0.0297,0.0597
woodworking-opt08-strips-p17,0,False,73,276,1155,1559,128,1936,1617,0,0,,,,0,,,280.0,1e+20,280,0.0278,0.0053,0.0,0.0037,0.0,0.0,,0.0749,0.1117
woodworking-opt08-strips-p18,0,False,67,318,1415,1864,129,2288,1937,0,0,,,,0,,,435.0,1e+20,435,0.4257,0.0057,0.0,0.0056,0.0,0.0,,0.1034,0.5406
woodworking-opt08-strips-p19,0,False,88,386,1694,2230,149,2731,2391,0,0,,,,0,,,395.0,1e+20,395,0.0241,0.0073,0.0,0.0052,0.0,0.0,,0.0924,0.1292
woodworking-opt08-strips-p20,0,False,102,596,2805,3579,176,4378,3886,0,0,,,,0,,,435.0,1e+20,435,0.0182,0.011,0.0,0.0076,0.0,0.0,,0.1367,0.1737
woodworking-opt08-strips-p21,0,False,9,14,39,78,25,101,42,0,0,,,,0,,,95.0,1e+20,95,0.0102,0.0002,0.0,0.0189,0.0,0.0,,0.0076,0.037
woodworking-opt08-strips-p22,0,False,17,30,108,179,41,237,98,0,0,,,,0,,,175.0,1e+20,175,0.0092,0.0005,0.0,0.002,0.0,0.0,,0.0069,0.0187
woodworking-opt08-strips-p23,0,False,19,47,183,283,52,368,215,0,0,,,,0,,,195.0,1e+20,195,0.007,0.0007,0.0,0.0021,0.0,0.0,,0.0092,0.019
woodworking-opt08-strips-p24,0,False,35,75,242,390,72,488,313,0,0,,,,0,,,235.0,1e+20,235,0.0108,0.0015,0.0,0.0079,0.0,0.0,,0.0172,0.0375
woodworking-opt08-strips-p25,0,False,44,185,757,1035,93,1306,1112,0,0,,,,0,,,380.0,1e+20,380,0.0198,0.003,0.0,0.012,0.0,0.0,,0.047,0.0819
woodworking-opt08-strips-p26,0,False,58,172,748,1027,107,1308,997,0,0,,,,0,,,220.0,1e+20,220,0.0248,0.0033,0.0,0.0073,0.0,0.0,,0.0427,0.0782
woodworking-opt08-strips-p27,0,False,52,179,765,1056,111,1318,962,0,0,,,,0,,,320.0,1e+20,320,0.0123,0.0038,0.0,0.0042,0.0,0.0,,0.0452,0.0657
woodworking-opt08-strips-p28,0,False,47,217,917,1242,106,1520,1118,0,0,,,,0,,,465.0,1e+20,465,0.0157,0.0043,0.0,0.0041,0.0,0.0,,0.043,0.0672
woodworking-opt08-strips-p29,0,False,75,362,1633,2142,144,2634,2230,0,0,,,,0,,,535.0,1e+20,535,0.0191,0.0076,0.0,0.0095,0.0,0.0,,0.0926,0.129
woodworking-opt08-strips-p30,0,False,77,308,1266,1731,157,2189,1667,0,0,,,,0,,,650.0,1e+20,650,0.0167,0.0075,0.0,0.0052,0.0,0.0,,0.0697,0.0993
woodworking-opt11-strips-p01,0,False,19,47,183,283,52,368,215,0,0,,,,0,,,195.0,1e+20,195,0.0059,0.0007,0.0,0.0023,0.0,0.0,,0.0088,0.0178
woodworking-opt11-strips-p02,0,False,28,78,302,436,55,567,448,0,0,,,,0,,,225.0,1e+20,225,0.0086,0.001,0.0,0.003,0.0,0.0,,0.0204,0.033
woodworking-opt11-strips-p03,0,False,38,106,453,630,70,813,633,0,0,,,,0,,,195.0,1e+20,195,0.0268,0.0015,0.0,0.0024,0.0,0.0,,0.025,0.0557
woodworking-opt11-strips-p04,0,False,22,76,299,435,58,559,408,0,0,,,,0,,,275.0,1e+20,275,0.0072,0.0011,0.0,0.0019,0.0,0.0,,0.0152,0.0255
woodworking-opt11-strips-p05,0,False,35,75,242,390,72,488,313,0,0,,,,0,,,235.0,1e+20,235,0.0276,0.0015,0.0,0.0066,0.0,0.0,,0.0163,0.0521
woodworking-opt11-strips-p06,0,False,38,103,410,586,73,743,531,0,0,,,,0,,,235.0,1e+20,235,0.0077,0.0019,0.0,0.0017,0.0,0.0,,0.0256,0.0369
woodworking-opt11-strips-p07,0,False,35,133,631,836,72,1066,863,0,0,,,,0,,,195.0,1e+20,195,0.0275,0.0015,0.0,0.0064,0.0,0.0,,0.0351,0.0706
woodworking-opt11-strips-p08,0,False,44,185,757,1035,93,1306,1112,0,0,,,,0,,,380.0,1e+20,380,0.0281,0.003,0.0,0.0075,0.0,0.0,,0.0538,0.0924
woodworking-opt11-strips-p09,0,False,41,160,735,981,84,1228,973,0,0,,,,0,,,260.0,1e+20,260,0.0175,0.0028,0.0,0.0064,0.0,0.0,,0.0374,0.0641
woodworking-opt11-strips-p10,0,False,35,151,649,875,73,1070,852,0,0,,,,0,,,270.0,1e+20,270,0.009,0.0021,0.0,0.0038,0.0,0.0,,0.0343,0.0493
woodworking-opt11-strips-p11,0,False,58,172,748,1027,107,1308,997,0,0,,,,0,,,220.0,1e+20,220,0.0099,0.0033,0.0,0.0024,0.0,0.0,,0.0418,0.0574
woodworking-opt11-strips-p12,0,False,52,136,514,747,97,932,729,0,0,,,,0,,,275.0,1e+20,275,0.0238,0.0031,0.0,0.0028,0.0,0.0,,0.0314,0.0612
woodworking-opt11-strips-p13,0,False,50,195,961,1257,100,1604,1295,0,0,,,,0,,,430.0,1e+20,430,0.0103,0.0027,0.0,0.0049,0.0,0.0,,0.0605,0.0785
woodworking-opt11-strips-p14,0,False,52,179,765,1056,111,1318,962,0,0,,,,0,,,320.0,1e+20,320,0.0135,0.0036,0.0,0.0034,0.0,0.0,,0.0453,0.0658
woodworking-opt11-strips-p15,0,False,73,276,1155,1559,128,1936,1617,0,0,,,,0,,,280.0,1e+20,280,0.0139,0.0053,0.0,0.0063,0.0,0.0,,0.0749,0.1004
woodworking-opt11-strips-p16,0,False,68,231,962,1316,123,1633,1336,0,0,,,,0,,,390.0,1e+20,390,0.014,0.0044,0.0,0.0041,0.0,0.0,,0.0546,0.0771
woodworking-opt11-strips-p17,0,False,47,217,917,1242,106,1520,1118,0,0,,,,0,,,465.0,1e+20,465,0.0386,0.0043,0.0,0.0075,0.0,0.0,,0.0422,0.0928
woodworking-opt11-strips-p18,0,False,67,318,1415,1864,129,2288,1937,0,0,,,,0,,,435.0,1e+20,435,0.0136,0.0058,0.0,0.0031,0.0,0.0,,0.103,0.1255
woodworking-opt11-strips-p19,0,False,84,291,1224,1660,143,2037,1662,0,0,,,,0,,,420.0,1e+20,420,0.0173,0.0062,0.0,0.0041,0.0,0.0,,0.0686,0.0964
woodworking-opt11-strips-p20,0,False,75,362,1633,2142,144,2634,2230,0,0,,,,0,,,535.0,1e+20,535,0.5146,0.0077,0.0,0.0069,0.0,0.0,,0.0932,0.6225
woodworking-sat08-strips-p01,0,False,7,12,27,58,19,70,28,0,0,,,,0,,,110.0,1e+20,110,0.02,0.0002,0.0,0.013,0.0,0.0,,0.0028,0.036
woodworking-sat08-strips-p02,0,False,18,29,91,174,52,206,92,0,0,,,,0,,,255.0,1e+20,255,0.0092,0.0009,0.0,0.0032,0.0,0.0,,0.0069,0.0202
woodworking-sat08-strips-p03,0,False,73,331,1545,2003,127,2510,2109,0,0,,,,0,,,425.0,1e+20,425,0.0164,0.0051,0.0,0.0045,0.0,0.0,,0.1332,0.1593
woodworking-sat08-strips-p04,0,False,74,463,2128,2751,160,3389,2904,0,0,,,,0,,,725.0,1e+20,725,0.0358,0.008,0.0,0.0058,0.0,0.0,,0.0947,0.1444
woodworking-sat08-strips-p05,0,False,111,715,3291,4212,206,5142,4491,0,0,,,,0,,,515.0,1e+20,515,0.0211,0.0165,0.0,0.0062,0.0,0.0,,0.1663,0.2103
woodworking-sat08-strips-p06,0,False,122,904,4216,5351,230,6469,5525,0,0,,,,0,,,690.0,1e+20,690,0.0417,0.0239,0.0,0.0127,0.0,0.0,,0.2124,0.2909
woodworking-sat08-strips-p07,0,False,198,1916,8961,11204,327,13386,12165,0,0,,,,0,,,900.0,1e+20,900,0.063,0.0602,0.0,0.0156,0.0,0.0,,0.6763,0.8154
woodworking-sat08-strips-p08,0,False,208,2561,12358,15282,362,18239,16712,0,0,,,,0,,,1080.0,1e+20,1080,0.0545,0.0779,0.0,0.0269,0.0,0.0,,1.5148,1.6745
woodworking-sat08-strips-p09,0,False,270,2864,13437,16734,432,19882,18050,0,0,,,,0,,,990.0,1e+20,990,0.0773,0.1214,0.0,0.0317,0.0,0.0,,1.0479,1.279
woodworking-sat08-strips-p10,0,False,266,2888,13410,16745,444,19842,18114,0,0,,,,0,,,1080.0,1e+20,1080,0.0828,0.1312,0.0,0.0262,0.0,0.0,,1.6163,1.8574
woodworking-sat08-strips-p11,0,False,3,7,13,33,13,31,5,0,0,,,,0,,,50.0,1e+20,50,0.0101,0.0002,0.0,0.0032,0.0,0.0,,0.0028,0.0164
woodworking-sat08-strips-p12,0,False,23,59,236,355,60,440,269,0,0,,,,0,,,270.0,1e+20,270,0.0159,0.001,0.0,0.0057,0.0,0.0,,0.0137,0.0364
woodworking-sat08-strips-p13,0,False,68,374,1750,2254,130,2808,2485,0,0,,,,0,,,435.0,1e+20,435,0.0328,0.0059,0.0,0.0091,0.0,0.0,,0.0985,0.1466
woodworking-sat08-strips-p14,0,False,116,520,2290,2997,187,3684,3118,0,0,,,,0,,,455.0,1e+20,455,0.0237,0.0124,0.0,0.0063,0.0,0.0,,0.1262,0.1688
woodworking-sat08-strips-p15,0,False,103,720,3378,4299,199,5256,4650,0,0,,,,0,,,790.0,1e+20,790,0.0249,0.0129,0.0,0.0063,0.0,0.0,,0.1956,0.2399
woodworking-sat08-strips-p16,0,False,171,829,3656,4753,268,5751,4867,0,0,,,,0,,,640.0,1e+20,640,0.0282,0.0281,0.0,0.0072,0.0,0.0,,0.1856,0.2494
woodworking-sat08-strips-p17,0,False,154,1050,4638,5974,286,7184,6176,0,0,,,,0,,,905.0,1e+20,905,0.5396,0.0359,0.0,0.0103,0.0,0.0,,0.5628,1.1489
woodworking-sat08-strips-p18,0,False,215,1405,6474,8246,365,9975,8662,0,0,,,,0,,,920.0,1e+20,920,0.085,0.0602,0.0,0.0243,0.0,0.0,,0.4517,0.6219
woodworking-sat08-strips-p19,0,False,226,1505,6777,8672,390,10392,8971,0,0,,,,0,,,995.0,1e+20,995,0.0556,0.073,0.0,0.0152,0.0,0.0,,0.4833,0.6273
woodworking-sat08-strips-p20,0,False,297,2881,13303,16670,486,19834,18023,0,0,,,,0,,,1155.0,1e+20,1155,0.1006,0.1478,0.0,0.0251,0.0,0.0,,1.1399,1.4143
woodworking-sat08-strips-p21,0,False,14,24,64,122,34,168,78,0,0,,,,0,,,165.0,1e+20,165,0.0076,0.0004,0.0,0.0055,0.0,0.0,,0.0056,0.0191
woodworking-sat08-strips-p22,0,False,27,57,200,319,61,395,233,0,0,,,,0,,,205.0,1e+20,205,0.0082,0.0014,0.0,0.002,0.0,0.0,,0.0125,0.0242
woodworking-sat08-strips-p23,0,False,51,122,420,646,103,797,587,0,0,,,,0,,,385.0,1e+20,385,0.012,0.0033,0.0,0.0027,0.0,0.0,,0.0249,0.043
woodworking-sat08-strips-p24,0,False,96,323,1347,1840,168,2237,1740,0,0,,,,0,,,540.0,1e+20,540,0.0186,0.0097,0.0,0.0043,0.0,0.0,,0.0749,0.1077
woodworking-sat08-strips-p25,0,False,116,493,2177,2883,211,3577,2913,0,0,,,,0,,,520.0,1e+20,520,0.0221,0.0158,0.0,0.0062,0.0,0.0,,0.1709,0.2152
woodworking-sat08-strips-p26,0,False,126,569,2428,3246,248,4002,3152,0,0,,,,0,,,910.0,1e+20,910,0.037,0.02,0.0,0.0085,0.0,0.0,,0.1316,0.1974
woodworking-sat08-strips-p27,0,False,141,732,3171,4158,254,4996,4299,0,0,,,,0,,,695.0,1e+20,695,0.0325,0.031,0.0,0.0054,0.0,0.0,,0.1472,0.2165
woodworking-sat08-strips-p28,0,False,222,1602,7245,9234,387,11153,9833,0,0,,,,0,,,1290.0,1e+20,1290,0.0518,0.0695,0.0,0.0135,0.0,0.0,,0.6379,0.7731
woodworking-sat08-strips-p29,0,False,212,1195,5100,6681,385,8092,6317,0,0,,,,0,,,1090.0,1e+20,1090,0.0726,0.0663,0.0,0.011,0.0,0.0,,0.2888,0.4389
woodworking-sat08-strips-p30,0,False,272,2097,9365,11919,457,14258,12517,0,0,,,,0,,,1100.0,1e+20,1100,0.0745,0.1131,0.0,0.0183,0.0,0.0,,0.851,1.0573
woodworking-sat11-strips-p01,0,False,198,1916,8961,11204,327,13386,12165,0,0,,,,0,,,900.0,1e+20,900,0.0487,0.0601,0.0,0.0162,0.0,0.0,,0.6756,0.8011
woodworking-sat11-strips-p02,0,False,208,2561,12358,15282,362,18239,16712,0,0,,,,0,,,1080.0,1e+20,1080,0.086,0.0783,0.0,0.0243,0.0,0.0,,1.5162,1.7052
woodworking-sat11-strips-p03,0,False,226,1505,6777,8672,390,10392,8971,0,0,,,,0,,,995.0,1e+20,995,0.0585,0.0731,0.0,0.0144,0.0,0.0,,0.4853,0.6316
woodworking-sat11-strips-p04,0,False,270,2864,13437,16734,432,19882,18050,0,0,,,,0,,,990.0,1e+20,990,0.0757,0.1215,0.0,0.0241,0.0,0.0,,1.0455,1.2674
woodworking-sat11-strips-p05,0,False,297,2881,13303,16670,486,19834,18023,0,0,,,,0,,,1155.0,1e+20,1155,0.1219,0.1472,0.0,0.03,0.0,0.0,,1.139,1.4391
woodworking-sat11-strips-p06,0,False,266,2888,13410,16745,444,19842,18114,0,0,,,,0,,,1080.0,1e+20,1080,0.1001,0.1313,0.0,0.0239,0.0,0.0,,1.6186,1.8748
woodworking-sat11-strips-p07,0,False,222,1602,7245,9234,387,11153,9833,0,0,,,,0,,,1290.0,1e+20,1290,0.0566,0.0694,0.0,0.0161,0.0,0.0,,0.6404,0.7828
woodworking-sat11-strips-p08,0,False,212,1195,5100,6681,385,8092,6317,0,0,,,,0,,,1090.0,1e+20,1090,0.0519,0.0663,0.0,0.01,0.0,0.0,,0.2873,0.4159
woodworking-sat11-strips-p09,0,False,215,1405,6474,8246,365,9975,8662,0,0,,,,0,,,920.0,1e+20,920,0.0689,0.06,0.0,0.0157,0.0,0.0,,0.4527,0.598
woodworking-sat11-strips-p10,0,False,3,7,13,33,13,31,5,0,0,,,,0,,,50.0,1e+20,50,0.0096,0.0002,0.0,0.0038,0.0,0.0,,0.0026,0.0162
woodworking-sat11-strips-p11,0,False,296,2368,10695,13560,497,16140,14485,0,0,,,,0,,,1305.0,1e+20,1305,0.3087,0.1324,0.0,0.0215,0.0,0.0,,0.8854,1.3484
woodworking-sat11-strips-p12,0,False,347,3918,18468,22934,548,27206,25199,0,0,,,,0,,,1275.0,1e+20,1275,0.1045,0.1982,0.0,0.0381,0.0,0.0,,1.3299,1.6719
woodworking-sat11-strips-p13,0,False,278,2938,13939,17380,503,20693,18589,0,0,,,,0,,,1375.0,1e+20,1375,0.0909,0.1501,0.0,0.0331,0.0,0.0,,1.5709,1.8459
woodworking-sat11-strips-p14,0,False,288,2233,10159,12873,481,15258,13627,0,0,,,,0,,,1035.0,1e+20,1035,0.0836,0.1244,0.0,0.0196,0.0,0.0,,0.7863,1.0147
woodworking-sat11-strips-p15,0,False,367,3976,18844,23418,598,27903,25459,0,0,,,,0,,,1505.0,1e+20,1505,0.1248,0.2167,0.0,0.0418,0.0,0.0,,2.0991,2.4837
woodworking-sat11-strips-p16,0,False,359,3582,16471,20634,581,24422,22030,0,0,,,,0,,,1325.0,1e+20,1325,0.1154,0.2042,0.0,0.0337,0.0,0.0,,1.8867,2.2413
woodworking-sat11-strips-p17,0,False,200,2619,12539,15476,318,17181,19379,0,0,,,,0,,,645.0,1e+20,645,0.0931,0.1361,0.0,0.0227,0.0,0.0,,1.4961,1.7489
woodworking-sat11-strips-p18,0,False,163,1971,9576,11840,293,13076,15068,0,0,,,,0,,,1085.0,1e+20,1085,0.0808,0.0985,0.0,0.0187,0.0,0.0,,1.4103,1.6097
woodworking-sat11-strips-p19,0,False,201,2990,14364,17699,345,19522,22147,0,0,,,,0,,,895.0,1e+20,895,0.1155,0.1585,0.0,0.0247,0.0,0.0,,2.2111,2.5119
woodworking-sat11-strips-p20,0,False,251,4126,19927,24446,393,26546,31575,0,0,,,,0,,,950.0,1e+20,950,0.1494,0.2491,0.0,0.0377,0.0,0.0,,2.7142,3.1532
zenotravel-p01,0,True,6,7,7,21,7,18,4,0,0,,,,0,,,1.0,1e+20,1,0.0117,0.0001,0.0,0.0145,0.0,0.0,,0.0028,0.0292
zenotravel-p02,0,True,6,9,14,34,10,30,6,0,0,,,,0,,,4.0,1e+20,4,0.0236,0.0001,0.0,0.0064,0.0,0.0,,0.0047,0.0348
zenotravel-p03,0,True,22,52,80,156,24,157,69,0,0,,,,0,,,5.0,1e+20,5,0.0051,0.0004,0.0,0.0025,0.0,0.0,,0.0149,0.023
zenotravel-p04,0,True,21,47,63,134,24,138,61,0,0,,,,0,,,6.0,1e+20,6,0.009,0.0004,0.0,0.0044,0.0,0.0,,0.0098,0.0236
zenotravel-p05,0,True,34,95,125,258,38,280,142,0,0,,,,0,,,11.0,1e+20,11,0.006,0.0008,0.0,0.0014,0.0,0.0,,0.0524,0.0606
zenotravel-p06,0,True,34,92,128,258,38,274,130,0,0,,,,0,,,11.0,1e+20,11,0.0138,0.0009,0.0,0.0029,0.0,0.0,,0.0181,0.0358
zenotravel-p07,0,True,32,69,69,174,36,196,91,0,0,,,,0,,,11.0,1e+20,11,0.0094,0.0007,0.0,0.0114,0.0,0.0,,0.0119,0.0335
zenotravel-p08,0,True,47,153,209,413,51,447,229,0,0,,,,0,,,10.0,1e+20,10,0.0137,0.002,0.0,0.0039,0.0,0.0,,0.0364,0.0561
zenotravel-p09,0,True,72,234,274,587,79,683,356,0,0,,,,0,,,18.0,1e+20,18,0.0321,0.0027,0.0,0.0042,0.0,0.0,,0.0339,0.0729
zenotravel-p10,0,True,77,259,307,652,86,755,388,0,0,,,,0,,,20.0,1e+20,20,0.0558,0.0032,0.0,0.0243,0.0,0.0,,0.0469,0.1302
zenotravel-p11,0,True,60,231,321,617,65,677,354,0,0,,,,0,,,12.0,1e+20,12,0.015,0.0041,0.0,0.0028,0.0,0.0,,0.0664,0.0883
zenotravel-p12,0,True,82,306,386,781,89,900,480,0,0,,,,0,,,19.0,1e+20,19,0.0165,0.0048,0.0,0.0036,0.0,0.0,,0.0883,0.1134
zenotravel-p13,0,True,96,412,522,1039,105,1206,673,0,0,,,,0,,,23.0,1e+20,23,0.014,0.0057,0.0,0.0056,0.0,0.0,,0.0725,0.0979
zenotravel-p14,0,True,189,1141,1429,2771,201,3341,1950,0,0,,,,0,,,28.0,1e+20,28,0.0321,0.0443,0.0,0.0044,0.0,0.0,,0.6024,0.6836
zenotravel-p15,0,True,262,1492,1558,3324,274,4437,2656,0,0,,,,0,,,32.0,1e+20,32,0.0701,0.0672,0.0,0.0048,0.0,0.0,,0.3779,0.5207
zenotravel-p16,0,True,314,2083,2473,4885,329,6181,3697,0,0,,,,103,,,38.0,1e+20,38,0.1065,0.1401,0.0,0.022,0.0,0.0,,2.6492,2.9187
zenotravel-p17,0,True,464,3204,3534,7223,485,9614,5851,0,0,,,,0,,,52.0,1e+20,52,0.1314,0.2334,0.0,0.0116,0.0,0.0,,1.4151,1.7935
zenotravel-p18,0,True,492,3426,3732,7669,511,10324,6324,0,0,,,,211,,,51.0,1e+20,51,0.1431,0.2819,0.0,0.0129,0.0,0.0,,6.3272,6.7679
zenotravel-p19,0,True,626,4464,4654,9768,650,13468,8310,0,0,,,,131,,,59.0,1e+20,59,0.2098,0.46,0.0,0.0171,0.0,0.0,,11.8165,12.507
zenotravel-p20,0,True,760,5963,6509,13257,785,17981,11234,0,0,,,,3536,,,68.0,1e+20,68,0.2642,0.6752,0.0,0.0234,0.0,0.0,,122.7596,123.727
