Instance,Status,Unit_Costs,N_Atoms,N_Acts,N_Effects,N_Var_Base,N_Var_Acyc,N_Const_Base,N_Const_Acyc,N_Cuts_LM,N_Cuts_Sec,N_RCB_Calls,N_CCB_Calls,N_CL_It,N_Nodes,Initial_LB,Root_LB,Final_LB,Initial_UB,Final_UB,Parsing_Time,Prep_Time,Heur_Time,Build_Time,RCB_Time,CCB_Time,CL_Time,CPX_Time,Time
agricola-opt18-strips-p01,0,False,60,523,1010,1631,98,1882,3545,0,0,0,0,0,0,,0.0,142.0,142,142,0.5235,0.0928,0.0021,0.0509,0.0,0.0,0.0,0.1282,0.8011
agricola-opt18-strips-p02,0,False,63,612,1177,1890,101,2116,4186,0,0,0,0,0,0,,0.0,142.0,142,142,0.6479,0.2621,0.0029,0.0555,0.0,0.0,0.0,0.1652,1.1391
agricola-opt18-strips-p03,0,False,66,723,1373,2200,104,2434,4961,0,0,0,0,0,104,,0.0,204.0,262,204,0.6495,0.3552,0.0036,0.0488,0.0,0.0,0.0,1.2,2.2643
agricola-opt18-strips-p04,0,False,67,592,1146,1847,109,2096,4010,0,0,0,0,0,0,,0.0,146.0,146,146,0.5508,0.1479,0.0032,0.0878,0.0,0.0,0.0,0.1531,0.9468
agricola-opt18-strips-p05,0,False,69,728,1401,2241,112,2466,4975,0,0,0,0,0,0,,0.0,208.0,266,208,0.6261,0.2674,0.0048,0.0565,0.0,0.0,0.0,0.9878,1.9492
agricola-opt18-strips-p06,0,False,72,796,1523,2434,115,2648,5481,0,0,0,0,0,0,,0.0,206.0,206,206,1.0315,0.5713,0.0045,0.0524,0.0,0.0,0.0,0.2013,1.8702
agricola-opt18-strips-p07,0,False,74,697,1347,2166,122,2443,4722,0,0,0,0,0,486,,0.0,212.0,270,212,0.6345,0.2071,0.0048,0.053,0.0,0.0,0.0,2.1741,3.079
agricola-opt18-strips-p08,0,False,78,799,1567,2491,125,2737,5587,0,0,0,0,0,0,,0.0,150.0,150,150,0.7488,0.3524,0.0052,0.0734,0.0,0.0,0.0,0.5005,1.6897
agricola-opt18-strips-p09,0,False,80,895,1747,2770,128,3009,6287,0,0,0,0,0,0,,0.0,150.0,150,150,1.1665,0.6402,0.0053,0.0554,0.0,0.0,0.0,0.1955,2.074
agricola-opt18-strips-p10,0,False,77,754,1483,2367,130,2652,5163,0,0,0,0,0,0,,0.0,154.0,154,154,0.6292,0.2391,0.0057,0.0636,0.0,0.0,0.0,0.433,1.3763
agricola-opt18-strips-p11,0,False,80,911,1773,2817,133,3047,6288,0,0,0,0,0,0,,0.0,216.0,274,216,0.7073,0.3619,0.0068,0.0503,0.0,0.0,0.0,1.1615,2.2959
agricola-opt18-strips-p12,0,False,84,1002,1962,3100,136,3339,7027,0,0,0,0,0,0,,0.0,214.0,214,214,0.8734,0.7875,0.0076,0.0484,0.0,0.0,0.0,0.2003,1.9285
agricola-opt18-strips-p13,0,False,81,852,1670,2660,138,2959,5820,0,0,0,0,0,0,,0.0,220.0,278,220,0.8659,0.2428,0.0078,0.0486,0.0,0.0,0.0,1.0067,2.177
agricola-opt18-strips-p14,0,False,84,978,1945,3064,141,3334,6933,0,0,0,0,0,0,,0.0,158.0,158,158,0.8365,0.4315,0.0072,0.0488,0.0,0.0,0.0,0.2044,1.537
agricola-opt18-strips-p15,0,False,87,1081,2133,3358,144,3596,7666,0,0,0,0,0,0,,0.0,158.0,158,158,1.2501,0.8539,0.0077,0.0507,0.0,0.0,0.0,0.2071,2.593
agricola-opt18-strips-p16,0,False,83,909,1796,2851,146,3173,6283,0,0,0,0,0,0,,0.0,222.0,222,222,0.278,0.2984,0.0073,0.0048,0.0,0.0,0.0,0.7358,1.3296
agricola-opt18-strips-p17,0,False,86,1065,2118,3332,149,3592,7514,0,0,0,0,0,0,,0.0,162.0,162,162,0.4336,0.513,0.0113,0.0052,0.0,0.0,0.0,0.1738,1.1457
agricola-opt18-strips-p18,0,False,89,1197,2377,3726,152,4001,8569,0,0,0,0,0,0,,0.0,222.0,222,222,0.6377,1.0709,0.0109,0.0057,0.0,0.0,0.0,0.9639,2.7017
agricola-opt18-strips-p19,0,False,86,992,1982,3128,154,3489,6880,0,0,0,0,0,0,,0.0,226.0,226,226,0.3144,0.3471,0.0115,0.005,0.0,0.0,0.0,0.1753,0.8591
agricola-opt18-strips-p20,0,False,89,1152,2310,3619,157,3907,8175,0,0,0,0,0,0,,0.0,166.0,166,166,0.5265,0.6341,0.008,0.0058,0.0,0.0,0.0,0.1976,1.3814
agricola-sat18-strips-p01,0,False,84,1459,2877,4458,122,4561,10758,0,0,0,0,0,0,,0.0,382.0,382,382,1.3727,8.7872,0.0087,0.0066,0.0,0.0,0.0,0.2136,10.4139
agricola-sat18-strips-p02,0,False,91,1731,3406,5270,133,5200,12780,0,0,0,0,0,0,,0.0,386.0,386,386,1.7089,6.8924,0.0126,0.0074,0.0,0.0,0.0,0.2647,8.9172
agricola-sat18-strips-p03,0,False,98,1852,3672,5670,146,5635,13701,0,0,0,0,0,0,,0.0,390.0,390,390,2.0479,12.9384,0.0202,0.0084,0.0,0.0,0.0,0.284,15.3346
agricola-sat18-strips-p04,0,False,101,2084,4116,6354,154,6251,15413,0,0,0,0,0,1240,,0.0,576.0,754,576,2.5081,8.9242,0.0213,0.0088,0.0,0.0,0.0,49.553,61.0553
agricola-sat18-strips-p05,0,False,104,2292,4556,7010,162,6854,17033,0,0,0,0,0,560,,0.0,580.0,758,580,3.4471,14.3575,0.0309,0.0136,0.0,0.0,0.0,23.4728,41.3647
agricola-sat18-strips-p06,0,False,107,2463,4953,7586,170,7376,18541,0,0,0,0,0,0,,0.0,402.0,402,402,2.8697,10.1632,0.028,0.0103,0.0,0.0,0.0,0.3381,13.4551
agricola-sat18-strips-p07,0,False,110,2654,5330,8162,178,7899,19896,0,0,0,0,0,0,,0.0,586.0,586,586,3.1348,16.5266,0.0419,0.0162,0.0,0.0,0.0,0.4323,20.201
agricola-sat18-strips-p08,0,False,114,2853,5747,8786,186,8482,21486,0,0,0,0,0,0,,0.0,590.0,590,590,3.3518,17.5679,0.0372,0.013,0.0,0.0,0.0,7.834,28.8561
agricola-sat18-strips-p09,0,False,116,3332,6726,10252,194,9668,25235,0,0,0,0,0,0,,0.0,594.0,594,594,3.2865,13.1229,0.0612,0.0145,0.0,0.0,0.0,0.912,17.4539
agricola-sat18-strips-p10,0,False,120,3271,6635,10108,202,9740,24753,0,0,0,0,0,0,,0.0,598.0,598,598,3.8275,14.9983,0.0504,0.0139,0.0,0.0,0.0,0.8708,19.8197
agricola-sat18-strips-p11,0,False,55,636,1222,1963,105,2201,4345,0,0,0,0,0,92960,,0.0,283.0,503,283,0.2078,0.2192,0.0049,0.0035,0.0,0.0,0.0,164.4691,164.9092
agricola-sat18-strips-p12,0,False,60,725,1402,2243,116,2466,4941,0,0,0,0,0,137075,,0.0,287.0,507,287,0.2577,0.2661,0.0064,0.0038,0.0,0.0,0.0,263.7922,264.3316
agricola-sat18-strips-p13,0,False,68,802,1582,2513,129,2758,5588,0,0,0,0,0,0,,0.0,276.0,330,276,0.5949,0.3292,0.0087,0.0054,0.0,0.0,0.0,0.8119,1.7575
agricola-sat18-strips-p14,0,False,73,996,1974,3110,140,3361,7055,0,0,0,0,0,0,,0.0,279.0,335,279,0.5123,0.685,0.0167,0.0069,0.0,0.0,0.0,1.9964,3.2277
agricola-sat18-strips-p15,0,False,75,1090,2167,3405,148,3660,7736,0,0,0,0,0,0,,0.0,288.0,402,288,0.5929,0.8303,0.017,0.0128,0.0,0.0,0.0,1.5272,2.9914
agricola-sat18-strips-p16,0,False,78,1221,2421,3798,156,4063,8675,0,0,0,0,0,26175,,0.0,297.0,526,297,0.9504,0.9345,0.0204,0.0087,0.0,0.0,0.0,120.6371,122.5636
agricola-sat18-strips-p17,0,False,82,1396,2800,4363,167,4672,10077,0,0,0,0,0,0,,0.0,415.0,591,415,0.9915,1.6264,0.027,0.007,0.0,0.0,0.0,1.6066,4.2765
agricola-sat18-strips-p18,0,False,86,1501,3023,4699,175,5025,10845,0,0,0,0,0,114,,0.0,420.0,595,420,1.0334,2.0788,0.0356,0.0123,0.0,0.0,0.0,3.8387,7.018
agricola-sat18-strips-p19,2,False,88,1604,3226,5013,183,5369,11596,0,0,0,0,0,71258,,0.0,426.0,689,428,1.1244,2.0729,0.0339,0.0108,0.0,0.0,0.0,896.7586,900.0323
agricola-sat18-strips-p20,0,False,91,1746,3512,5449,191,5819,12632,0,0,0,0,0,5443,,0.0,433.0,783,433,1.2019,2.333,0.0407,0.0095,0.0,0.0,0.0,77.6806,81.2877
airport-p01-airport1-p1,0,True,0,3,27,62,27,91,37,0,0,0,0,0,0,,0.0,8.0,8,8,0.0055,0.0001,0.0,0.0011,0.0,0.0,0.0,0.0014,0.0086
airport-p02-airport1-p1,0,True,0,4,31,68,27,101,47,0,0,0,0,0,0,,0.0,9.0,9,9,0.0062,0.0002,0.0,0.0048,0.0,0.0,0.0,0.0015,0.0132
airport-p03-airport1-p2,0,True,0,7,57,126,51,194,90,0,0,0,0,0,0,,0.0,17.0,17,17,0.0086,0.0003,0.0,0.0035,0.0,0.0,0.0,0.0017,0.0146
airport-p04-airport2-p1,0,True,0,7,65,150,65,226,96,0,0,0,0,0,0,,0.0,20.0,20,20,0.0057,0.0004,0.0,0.0032,0.0,0.0,0.0,0.0016,0.0117
airport-p05-airport2-p1,0,True,1,10,71,160,66,303,170,0,0,0,0,0,0,,0.0,21.0,21,21,0.0075,0.0005,0.0001,0.006,0.0,0.0,0.0,0.0019,0.0165
airport-p06-airport2-p2,0,True,1,17,136,305,126,527,269,0,0,0,0,0,0,,0.0,41.0,41,41,0.01,0.0012,0.0002,0.0067,0.0,0.0,0.0,0.0022,0.0209
airport-p07-airport2-p2,0,True,1,17,135,302,124,527,272,0,0,0,0,0,0,,0.0,41.0,41,41,0.0071,0.0012,0.0002,0.0046,0.0,0.0,0.0,0.0022,0.0157
airport-p08-airport2-p3,0,True,2,27,206,444,172,814,445,0,0,0,0,0,0,,0.0,62.0,62,62,0.013,0.0024,0.0004,0.008,0.0,0.0,0.0,0.0026,0.0269
airport-p09-airport2-p4,0,True,2,33,234,504,195,915,495,0,0,0,0,0,0,,0.0,71.0,71,71,0.0118,0.0033,0.0005,0.0083,0.0,0.0,0.0,0.0026,0.027
airport-p10-airport3-p1,0,True,0,5,59,136,59,208,90,0,0,0,0,0,0,,0.0,18.0,18,18,0.0064,0.0004,0.0,0.0026,0.0,0.0,0.0,0.0016,0.0115
airport-p11-airport3-p1,0,True,1,10,73,164,68,313,176,0,0,0,0,0,0,,0.0,21.0,21,21,0.0087,0.0006,0.0001,0.0056,0.0,0.0,0.0,0.0019,0.0173
airport-p12-airport3-p2,0,True,1,15,132,297,124,521,269,0,0,0,0,0,0,,0.0,39.0,39,39,0.0073,0.0012,0.0002,0.0053,0.0,0.0,0.0,0.0022,0.0177
airport-p13-airport3-p2,0,True,1,13,123,276,114,481,248,0,0,0,0,0,0,,0.0,37.0,37,37,0.0072,0.0012,0.0002,0.002,0.0,0.0,0.0,0.0021,0.0131
airport-p14-airport3-p3,0,True,2,25,205,443,174,818,448,0,0,0,0,0,0,,0.0,60.0,60,60,0.0101,0.0027,0.0004,0.002,0.0,0.0,0.0,0.0026,0.0183
airport-p15-airport3-p3,0,True,2,23,197,425,166,783,429,0,0,0,0,0,0,,0.0,58.0,58,58,0.0097,0.0025,0.0004,0.0026,0.0,0.0,0.0,0.0025,0.0182
airport-p16-airport3-p4,0,True,3,33,270,571,216,1080,608,0,0,0,0,0,0,,0.0,79.0,79,79,0.0105,0.0042,0.0006,0.0055,0.0,0.0,0.0,0.0029,0.0241
airport-p17-airport3-p5,0,True,5,41,309,648,243,1195,663,0,0,0,0,0,0,,0.0,88.0,88,88,0.0137,0.0054,0.0008,0.0047,0.0,0.0,0.0,0.0031,0.0284
airport-p18-airport3-p6,0,True,6,49,376,780,287,1459,821,0,0,0,0,0,0,,0.0,107.0,107,107,0.0161,0.0078,0.0012,0.0031,0.0,0.0,0.0,0.0034,0.0326
airport-p19-airport3-p6,0,True,4,39,315,669,256,1189,658,0,0,0,0,0,0,,0.0,90.0,90,90,0.016,0.0056,0.0009,0.0032,0.0,0.0,0.0,0.0033,0.0297
airport-p20-airport3-p7,0,True,6,54,400,833,308,1566,889,0,0,0,0,0,0,,0.0,115.0,115,115,0.0194,0.01,0.0015,0.0033,0.0,0.0,0.0,0.0035,0.0382
airport-p21-airport4halfMUC-p2,0,True,5,49,348,783,328,1391,737,0,0,0,0,0,0,,0.0,101.0,101,101,0.0277,0.015,0.0015,0.0059,0.0,0.0,0.0,0.0039,0.0545
airport-p22-airport4halfMUC-p3,0,True,5,53,495,1087,438,1900,989,0,0,0,0,0,0,,0.0,148.0,148,148,0.0344,0.0274,0.0026,0.0094,0.0,0.0,0.0,0.004,0.0785
airport-p23-airport4halfMUC-p4,0,True,16,73,597,1284,502,2045,1021,0,0,0,0,0,0,,0.0,168.0,168,168,0.0472,0.0487,0.0027,0.0045,0.0,0.0,0.0,0.0046,0.1086
airport-p24-airport4halfMUC-p4,0,True,8,75,556,1202,473,2226,1233,0,0,0,0,0,0,,0.0,162.0,162,162,0.0587,0.0527,0.0036,0.0061,0.0,0.0,0.0,0.0046,0.1267
airport-p25-airport4halfMUC-p5,0,True,9,83,716,1525,585,2798,1543,0,0,0,0,0,0,,0.0,212.0,212,212,0.0799,0.0689,0.0063,0.0049,0.0,0.0,0.0,0.0049,0.1659
airport-p26-airport4halfMUC-p6,0,True,19,91,771,1631,618,2749,1453,0,0,0,0,0,0,,0.0,220.0,220,220,0.0991,0.1028,0.006,0.0076,0.0,0.0,0.0,0.0053,0.2219
airport-p27-airport4halfMUC-p6,0,True,11,125,848,1799,689,3440,1953,0,0,0,0,0,0,,0.0,246.0,246,246,0.1193,0.1046,0.008,0.0077,0.0,0.0,0.0,0.006,0.2474
airport-p28-airport4halfMUC-p7,0,True,12,131,1003,2111,797,4000,2264,0,0,0,0,0,0,,0.0,294.0,294,294,0.151,0.1361,0.0129,0.0063,0.0,0.0,0.0,0.0066,0.3159
airport-p29-airport4halfMUC-p8,0,True,23,145,1082,2260,842,4044,2237,0,0,0,0,0,0,,0.0,308.0,308,308,0.174,0.183,0.0148,0.0089,0.0,0.0,0.0,0.0069,0.3898
airport-p30-airport4halfMUC-p8,0,True,14,155,1065,2230,834,4313,2478,0,0,0,0,0,0,,0.0,310.0,310,310,0.2007,0.1803,0.013,0.01,0.0,0.0,0.0,0.0071,0.4126
airport-p31-airport4halfMUC-p9,0,True,14,161,1215,2537,943,4869,2787,0,0,0,0,0,0,,0.0,358.0,358,358,0.243,0.2224,0.0194,0.0108,0.0,0.0,0.0,0.0077,0.5051
airport-p32-airport4halfMUC-p10,0,True,27,193,1375,2840,1041,5253,2978,0,0,0,0,0,0,,0.0,390.0,390,390,0.2698,0.3001,0.0251,0.0095,0.0,0.0,0.0,0.009,0.6155
airport-p33-airport4halfMUC-p10,0,True,16,179,1337,2780,1026,5366,3091,0,0,0,0,0,0,,0.0,393.0,393,393,0.2874,0.2764,0.0235,0.0086,0.0,0.0,0.0,0.0085,0.6063
airport-p34-airport4halfMUC-p11,0,True,28,213,1498,3086,1125,5759,3283,0,0,0,0,0,0,,0.0,427.0,427,427,0.3363,0.3741,0.0305,0.0102,0.0,0.0,0.0,0.0096,0.7627
airport-p35-airport4halfMUC-p12,0,True,43,258,1589,3248,1175,6017,3444,0,0,0,0,0,0,,0.0,433.0,433,433,0.3781,0.4524,0.0356,0.0108,0.0,0.0,0.0,0.0104,0.8895
airport-p36-airport5MUC-p2,0,True,328,635,967,2243,570,3286,2223,0,0,0,0,0,0,,0.0,109.0,109,109,0.0318,0.0555,0.0077,0.0048,0.0,0.0,0.0,0.0466,0.1474
airport-p37-airport5MUC-p3,0,True,566,1030,1400,3294,800,5136,3917,0,0,0,0,0,0,,0.0,141.0,141,141,0.0682,0.1408,0.0153,0.0083,0.0,0.0,0.0,0.0874,0.3211
airport-p38-airport5MUC-p3,0,True,521,980,1477,3373,827,5165,3675,0,0,0,0,0,0,,0.0,154.0,154,154,0.0599,0.1355,0.0178,0.008,0.0,0.0,0.0,0.0984,0.3207
airport-p39-airport5MUC-p4,0,True,746,1362,1878,4391,1055,6879,5293,0,0,0,0,0,0,,0.0,208.0,208,208,0.1096,0.2636,0.0371,0.0109,0.0,0.0,0.0,0.1185,0.5413
airport-p40-airport5MUC-p4,0,True,714,1325,1994,4506,1078,7035,5087,0,0,0,0,0,0,,0.0,190.0,190,190,0.4706,0.2471,0.0365,0.0119,0.0,0.0,0.0,0.1379,0.9056
airport-p41-airport5MUC-p4,0,True,680,1292,1952,4387,1040,6588,4552,0,0,0,0,0,0,,0.0,178.0,178,178,0.0849,0.22,0.0282,0.0129,0.0,0.0,0.0,0.128,0.4756
airport-p42-airport5MUC-p5,0,True,894,1657,2512,5643,1333,8927,6575,0,0,0,0,0,0,,0.0,257.0,257,257,0.1397,0.4084,0.0699,0.0163,0.0,0.0,0.0,0.1713,0.8073
airport-p43-airport5MUC-p5,0,True,873,1639,2480,5528,1287,8499,6035,0,0,0,0,0,0,,0.0,223.0,223,223,0.1283,0.3627,0.0523,0.0156,0.0,0.0,0.0,0.1643,0.7249
airport-p44-airport5MUC-p5,0,True,828,1589,2488,5536,1308,8237,5513,0,0,0,0,0,0,,0.0,227.0,227,227,0.1081,0.3513,0.0418,0.0163,0.0,0.0,0.0,0.1501,0.6689
airport-p45-airport5MUC-p6,0,True,987,1901,2917,6484,1503,9515,6320,0,0,0,0,0,0,,0.0,249.0,249,249,0.1416,0.4699,0.0543,0.0197,0.0,0.0,0.0,0.1794,0.8666
airport-p46-airport5MUC-p6,0,True,1053,1971,3012,6679,1542,10442,7563,0,0,0,0,0,0,,0.0,290.0,290,290,0.1746,0.5743,0.0969,0.021,0.0,0.0,0.0,0.201,1.0699
airport-p47-airport5MUC-p8,0,True,1360,2580,4001,8800,2005,13463,9406,0,0,0,0,0,0,,0.0,355.0,355,355,0.2601,1.0098,0.1465,0.0324,0.0,0.0,0.0,0.2655,1.7175
airport-p48-airport5MUC-p9,0,True,1619,2987,4624,10126,2289,16279,12040,0,0,0,0,0,0,,0.0,423.0,423,423,0.3782,1.4791,0.2645,0.0466,0.0,0.0,0.0,0.3184,2.4907
airport-p49-airport5MUC-p10,0,True,1733,3255,5107,11140,2511,17501,12528,0,0,0,0,0,0,,0.0,451.0,451,451,0.4122,1.7824,0.2958,0.0494,0.0,0.0,0.0,0.3451,2.8886
airport-p50-airport5MUC-p15,0,True,2685,4967,7878,16957,3736,27535,20436,0,0,0,0,0,0,,0.0,685.0,685,685,0.9711,4.9917,0.8516,0.1074,0.0,0.0,0.0,0.5411,7.4776
assembly-prob01,-3,False,0,0,0,0,0,0,0,0,0,0,0,0,0,,0.0,0.0,1e+20,1e+20,0,0,0,0,0,0,0,0,0
assembly-prob02,-3,False,0,0,0,0,0,0,0,0,0,0,0,0,0,,0.0,0.0,1e+20,1e+20,0,0,0,0,0,0,0,0,0
assembly-prob03,-3,False,0,0,0,0,0,0,0,0,0,0,0,0,0,,0.0,0.0,1e+20,1e+20,0,0,0,0,0,0,0,0,0
assembly-prob04,-3,False,0,0,0,0,0,0,0,0,0,0,0,0,0,,0.0,0.0,1e+20,1e+20,0,0,0,0,0,0,0,0,0
assembly-prob05,-3,False,0,0,0,0,0,0,0,0,0,0,0,0,0,,0.0,0.0,1e+20,1e+20,0,0,0,0,0,0,0,0,0
assembly-prob06,-3,False,0,0,0,0,0,0,0,0,0,0,0,0,0,,0.0,0.0,1e+20,1e+20,0,0,0,0,0,0,0,0,0
assembly-prob07,-3,False,0,0,0,0,0,0,0,0,0,0,0,0,0,,0.0,0.0,1e+20,1e+20,0,0,0,0,0,0,0,0,0
assembly-prob08,-3,False,0,0,0,0,0,0,0,0,0,0,0,0,0,,0.0,0.0,1e+20,1e+20,0,0,0,0,0,0,0,0,0
assembly-prob09,-3,False,0,0,0,0,0,0,0,0,0,0,0,0,0,,0.0,0.0,1e+20,1e+20,0,0,0,0,0,0,0,0,0
assembly-prob10,-3,False,0,0,0,0,0,0,0,0,0,0,0,0,0,,0.0,0.0,1e+20,1e+20,0,0,0,0,0,0,0,0,0
assembly-prob11,-3,False,0,0,0,0,0,0,0,0,0,0,0,0,0,,0.0,0.0,1e+20,1e+20,0,0,0,0,0,0,0,0,0
assembly-prob12,-3,False,0,0,0,0,0,0,0,0,0,0,0,0,0,,0.0,0.0,1e+20,1e+20,0,0,0,0,0,0,0,0,0
assembly-prob13,-3,False,0,0,0,0,0,0,0,0,0,0,0,0,0,,0.0,0.0,1e+20,1e+20,0,0,0,0,0,0,0,0,0
assembly-prob14,-3,False,0,0,0,0,0,0,0,0,0,0,0,0,0,,0.0,0.0,1e+20,1e+20,0,0,0,0,0,0,0,0,0
assembly-prob15,-3,False,0,0,0,0,0,0,0,0,0,0,0,0,0,,0.0,0.0,1e+20,1e+20,0,0,0,0,0,0,0,0,0
assembly-prob16,-3,False,0,0,0,0,0,0,0,0,0,0,0,0,0,,0.0,0.0,1e+20,1e+20,0,0,0,0,0,0,0,0,0
assembly-prob17,-3,False,0,0,0,0,0,0,0,0,0,0,0,0,0,,0.0,0.0,1e+20,1e+20,0,0,0,0,0,0,0,0,0
assembly-prob18,-3,False,0,0,0,0,0,0,0,0,0,0,0,0,0,,0.0,0.0,1e+20,1e+20,0,0,0,0,0,0,0,0,0
assembly-prob19,-3,False,0,0,0,0,0,0,0,0,0,0,0,0,0,,0.0,0.0,1e+20,1e+20,0,0,0,0,0,0,0,0,0
assembly-prob20,-3,False,0,0,0,0,0,0,0,0,0,0,0,0,0,,0.0,0.0,1e+20,1e+20,0,0,0,0,0,0,0,0,0
assembly-prob21,-3,False,0,0,0,0,0,0,0,0,0,0,0,0,0,,0.0,0.0,1e+20,1e+20,0,0,0,0,0,0,0,0,0
assembly-prob22,-3,False,0,0,0,0,0,0,0,0,0,0,0,0,0,,0.0,0.0,1e+20,1e+20,0,0,0,0,0,0,0,0,0
assembly-prob23,-3,False,0,0,0,0,0,0,0,0,0,0,0,0,0,,0.0,0.0,1e+20,1e+20,0,0,0,0,0,0,0,0,0
assembly-prob24,-3,False,0,0,0,0,0,0,0,0,0,0,0,0,0,,0.0,0.0,1e+20,1e+20,0,0,0,0,0,0,0,0,0
assembly-prob25,-3,False,0,0,0,0,0,0,0,0,0,0,0,0,0,,0.0,0.0,1e+20,1e+20,0,0,0,0,0,0,0,0,0
assembly-prob26,-3,False,0,0,0,0,0,0,0,0,0,0,0,0,0,,0.0,0.0,1e+20,1e+20,0,0,0,0,0,0,0,0,0
assembly-prob27,-3,False,0,0,0,0,0,0,0,0,0,0,0,0,0,,0.0,0.0,1e+20,1e+20,0,0,0,0,0,0,0,0,0
assembly-prob28,-3,False,0,0,0,0,0,0,0,0,0,0,0,0,0,,0.0,0.0,1e+20,1e+20,0,0,0,0,0,0,0,0,0
assembly-prob29,-3,False,0,0,0,0,0,0,0,0,0,0,0,0,0,,0.0,0.0,1e+20,1e+20,0,0,0,0,0,0,0,0,0
assembly-prob30,-3,False,0,0,0,0,0,0,0,0,0,0,0,0,0,,0.0,0.0,1e+20,1e+20,0,0,0,0,0,0,0,0,0
barman-mco14-strips-p1-11-5-15,0,True,105,676,2054,2899,169,3952,5066,0,0,0,0,0,0,,0.0,36.0,36,36,0.4036,0.0173,0.0024,0.0056,0.0,0.0,0.0,0.1846,0.6144
barman-mco14-strips-p1-11-5-16,0,True,115,726,2210,3118,182,4256,5474,0,0,0,0,0,0,,0.0,38.0,38,38,0.041,0.0189,0.0029,0.0059,0.0,0.0,0.0,0.1448,0.2145
barman-mco14-strips-p1-8-4-10,0,True,62,374,1112,1593,107,2207,2773,0,0,0,0,0,0,,0.0,26.0,26,26,0.0321,0.0059,0.0009,0.0027,0.0,0.0,0.0,0.0715,0.1141
barman-mco14-strips-p2-10-4-13,0,True,80,486,1456,2078,136,2881,3632,0,0,0,0,0,0,,0.0,31.0,31,31,0.034,0.0098,0.0015,0.0037,0.0,0.0,0.0,0.1014,0.1513
barman-mco14-strips-p2-11-4-15,0,True,92,560,1684,2399,155,3327,4197,0,0,0,0,0,0,,0.0,34.0,34,34,0.0425,0.0136,0.0018,0.0038,0.0,0.0,0.0,0.1742,0.2371
barman-mco14-strips-p2-11-5-15,0,True,108,682,2072,2926,172,3994,5137,0,0,0,0,0,0,,0.0,37.0,37,37,0.0473,0.0172,0.0026,0.0049,0.0,0.0,0.0,0.1364,0.2093
barman-mco14-strips-p2-11-5-16,0,True,114,724,2204,3109,181,4242,5449,0,0,0,0,0,0,,0.0,37.0,37,37,0.0475,0.019,0.0028,0.0051,0.0,0.0,0.0,0.1434,0.2187
barman-mco14-strips-p2-11-5-17,0,True,119,764,2330,3283,189,4476,5738,0,0,0,0,0,0,,0.0,38.0,38,38,0.0334,0.0214,0.0031,0.0055,0.0,0.0,0.0,0.1538,0.2184
barman-mco14-strips-p3-10-4-13,0,True,80,486,1456,2078,136,2881,3634,0,0,0,0,0,0,,0.0,31.0,31,31,0.0195,0.0097,0.0013,0.0034,0.0,0.0,0.0,0.1016,0.1365
barman-mco14-strips-p3-11-4-15,0,True,92,560,1684,2399,155,3327,4199,0,0,0,0,0,0,,0.0,34.0,34,34,0.0239,0.0138,0.0019,0.0044,0.0,0.0,0.0,0.1149,0.1599
barman-mco14-strips-p3-11-5-15,0,True,105,676,2054,2899,169,3952,5075,0,0,0,0,0,0,,0.0,36.0,36,36,0.0263,0.017,0.0023,0.0049,0.0,0.0,0.0,0.1485,0.2001
barman-mco14-strips-p3-11-5-16,0,True,115,726,2210,3118,182,4256,5474,0,0,0,0,0,0,,0.0,38.0,38,38,0.0295,0.0191,0.0026,0.0052,0.0,0.0,0.0,0.1443,0.2016
barman-mco14-strips-p3-11-5-17,0,True,121,768,2342,3301,191,4504,5786,0,0,0,0,0,0,,0.0,38.0,38,38,0.0325,0.0209,0.0029,0.0053,0.0,0.0,0.0,0.1513,0.2141
barman-mco14-strips-p4-11-4-14,0,True,86,524,1572,2242,146,3109,3925,0,0,0,0,0,0,,0.0,33.0,33,33,0.0228,0.0119,0.0017,0.0039,0.0,0.0,0.0,0.1135,0.1549
barman-mco14-strips-p4-11-4-15,0,True,91,558,1678,2390,154,3313,4174,0,0,0,0,0,0,,0.0,34.0,34,34,0.0246,0.0134,0.0019,0.004,0.0,0.0,0.0,0.1137,0.1587
barman-mco14-strips-p4-11-5-15,0,True,107,680,2066,2917,171,3980,5112,0,0,0,0,0,0,,0.0,36.0,36,36,0.0278,0.0171,0.0026,0.005,0.0,0.0,0.0,0.1366,0.1898
barman-mco14-strips-p5-10-4-13,0,True,80,486,1456,2078,136,2881,3641,0,0,0,0,0,0,,0.0,31.0,31,31,0.021,0.0099,0.0013,0.0039,0.0,0.0,0.0,0.1024,0.1395
barman-mco14-strips-p5-11-4-15,0,True,91,558,1678,2390,154,3313,4177,0,0,0,0,0,0,,0.0,34.0,34,34,0.0238,0.0135,0.0019,0.0046,0.0,0.0,0.0,0.1268,0.1716
barman-mco14-strips-p5-11-5-15,0,True,106,678,2060,2908,170,3966,5087,0,0,0,0,0,0,,0.0,36.0,36,36,0.0277,0.0169,0.0022,0.0056,0.0,0.0,0.0,0.1397,0.1931
barman-mco14-strips-p5-11-5-16,0,True,114,724,2204,3109,181,4242,5460,0,0,0,0,0,0,,0.0,37.0,37,37,0.0288,0.0197,0.0028,0.0052,0.0,0.0,0.0,0.144,0.2015
barman-opt11-strips-pfile01-001,0,False,23,118,330,492,44,694,837,0,0,0,0,0,0,,0.0,41.0,41,41,0.0065,0.0009,0.0002,0.0018,0.0,0.0,0.0,0.0806,0.0906
barman-opt11-strips-pfile01-002,0,False,23,118,330,492,44,694,835,0,0,0,0,0,498,,0.0,41.0,41,41,0.006,0.0009,0.0002,0.0024,0.0,0.0,0.0,0.2456,0.2556
barman-opt11-strips-pfile01-003,0,False,23,118,330,492,44,694,835,0,0,0,0,0,0,,0.0,41.0,41,41,0.0076,0.0009,0.0002,0.0018,0.0,0.0,0.0,0.1284,0.1394
barman-opt11-strips-pfile01-004,0,False,23,118,330,492,44,694,835,0,0,0,0,0,3303,,0.0,41.0,41,41,0.0061,0.0009,0.0002,0.002,0.0,0.0,0.0,0.5513,0.5611
barman-opt11-strips-pfile02-005,0,False,28,148,420,621,53,878,1065,0,0,0,0,0,1651,,0.0,43.0,43,43,0.0106,0.0013,0.0002,0.0028,0.0,0.0,0.0,0.4722,0.4877
barman-opt11-strips-pfile02-006,0,False,28,148,420,621,53,878,1065,0,0,0,0,0,692,,0.0,43.0,43,43,0.0068,0.0013,0.0002,0.0017,0.0,0.0,0.0,0.3373,0.3479
barman-opt11-strips-pfile02-007,0,False,28,148,420,621,53,878,1065,0,0,0,0,0,0,,0.0,43.0,43,43,0.0079,0.0013,0.0002,0.0023,0.0,0.0,0.0,0.1326,0.145
barman-opt11-strips-pfile02-008,0,False,28,148,420,621,53,878,1065,0,0,0,0,0,1934,,0.0,43.0,43,43,0.0076,0.0013,0.0002,0.0018,0.0,0.0,0.0,0.5444,0.556
barman-opt11-strips-pfile03-009,0,False,33,178,510,750,62,1062,1295,0,0,0,0,0,2561,,0.0,45.0,45,45,0.0077,0.0019,0.0004,0.0025,0.0,0.0,0.0,1.042,1.0551
barman-opt11-strips-pfile03-010,0,False,33,178,510,750,62,1062,1295,0,0,0,0,0,4131,,0.0,45.0,45,45,0.0069,0.0018,0.0003,0.0019,0.0,0.0,0.0,1.1602,1.1718
barman-opt11-strips-pfile03-011,0,False,33,178,510,750,62,1062,1295,0,0,0,0,0,603,,0.0,45.0,45,45,0.0077,0.0018,0.0003,0.0022,0.0,0.0,0.0,0.4199,0.4326
barman-opt11-strips-pfile03-012,0,False,33,178,510,750,62,1062,1299,0,0,0,0,0,704,,0.0,45.0,45,45,0.0098,0.0019,0.0004,0.0024,0.0,0.0,0.0,0.445,0.4601
barman-opt11-strips-pfile04-013,0,False,42,234,680,992,78,1406,1719,0,0,0,0,0,85,,0.0,47.0,47,47,0.0098,0.0029,0.0005,0.0022,0.0,0.0,0.0,0.2748,0.2908
barman-opt11-strips-pfile04-014,0,False,43,236,686,1001,79,1420,1743,0,0,0,0,0,4647,,0.0,48.0,48,48,0.0123,0.0029,0.0005,0.0021,0.0,0.0,0.0,2.4164,2.4348
barman-opt11-strips-pfile04-015,0,False,42,234,680,992,78,1406,1715,0,0,0,0,0,0,,0.0,47.0,47,47,0.0089,0.0029,0.0005,0.0024,0.0,0.0,0.0,0.0462,0.0615
barman-opt11-strips-pfile04-016,0,False,42,234,680,992,78,1406,1719,0,0,0,0,0,0,,0.0,47.0,47,47,0.0125,0.0032,0.0006,0.0029,0.0,0.0,0.0,0.1187,0.1386
barman-opt11-strips-pfile05-017,0,False,48,266,776,1130,88,1604,1968,0,0,0,0,0,4597,,0.0,50.0,50,50,0.0127,0.0036,0.0006,0.0028,0.0,0.0,0.0,3.6465,3.6678
barman-opt11-strips-pfile05-018,0,False,48,266,776,1130,88,1604,1968,0,0,0,0,0,3663,,0.0,50.0,50,50,0.0131,0.0036,0.0006,0.0026,0.0,0.0,0.0,2.9596,2.9802
barman-opt11-strips-pfile05-019,0,False,48,266,776,1130,88,1604,1968,0,0,0,0,0,4909,,0.0,50.0,50,50,0.0133,0.0037,0.0007,0.0023,0.0,0.0,0.0,3.0086,3.0295
barman-opt11-strips-pfile05-020,0,False,48,266,776,1130,88,1604,1974,0,0,0,0,0,4822,,0.0,50.0,50,50,0.0124,0.0037,0.0006,0.0031,0.0,0.0,0.0,2.9608,2.9816
barman-opt14-strips-p435-1,0,True,28,148,420,621,53,878,1064,0,0,0,0,0,0,,0.0,16.0,16,16,0.0081,0.0013,0.0002,0.0026,0.0,0.0,0.0,0.0291,0.0418
barman-opt14-strips-p435-2,0,True,28,148,420,621,53,878,1064,0,0,0,0,0,0,,0.0,16.0,16,16,0.0079,0.0013,0.0002,0.0021,0.0,0.0,0.0,0.03,0.042
barman-opt14-strips-p435-3,0,True,28,148,420,621,53,878,1064,0,0,0,0,0,0,,0.0,16.0,16,16,0.0085,0.0013,0.0002,0.0025,0.0,0.0,0.0,0.0297,0.0427
barman-opt14-strips-p536-1,0,True,33,178,510,750,62,1062,1294,0,0,0,0,0,0,,0.0,18.0,18,18,0.0088,0.0018,0.0003,0.0021,0.0,0.0,0.0,0.0355,0.049
barman-opt14-strips-p536-2,0,True,33,178,510,750,62,1062,1294,0,0,0,0,0,0,,0.0,18.0,18,18,0.0078,0.0018,0.0003,0.0034,0.0,0.0,0.0,0.0354,0.0493
barman-opt14-strips-p536-3,0,True,33,178,510,750,62,1062,1294,0,0,0,0,0,0,,0.0,18.0,18,18,0.0078,0.0018,0.0003,0.0021,0.0,0.0,0.0,0.0352,0.0477
barman-opt14-strips-p638-1,0,True,42,234,680,992,78,1406,1711,0,0,0,0,0,0,,0.0,20.0,20,20,0.0101,0.0029,0.0004,0.004,0.0,0.0,0.0,0.0464,0.0643
barman-opt14-strips-p638-2,0,True,43,236,686,1001,79,1420,1742,0,0,0,0,0,0,,0.0,21.0,21,21,0.0112,0.0028,0.0004,0.0025,0.0,0.0,0.0,0.0477,0.0657
barman-opt14-strips-p638-3,0,True,43,236,686,1001,79,1420,1737,0,0,0,0,0,0,,0.0,21.0,21,21,0.0108,0.0029,0.0004,0.0023,0.0,0.0,0.0,0.0473,0.0643
barman-opt14-strips-p739-1,0,True,47,264,770,1121,87,1590,1941,0,0,0,0,0,0,,0.0,22.0,22,22,0.0123,0.0036,0.0006,0.0022,0.0,0.0,0.0,0.054,0.0734
barman-opt14-strips-p739-2,0,True,47,264,770,1121,87,1590,1941,0,0,0,0,0,0,,0.0,22.0,22,22,0.0124,0.0036,0.0005,0.0036,0.0,0.0,0.0,0.0528,0.0735
barman-opt14-strips-p739-3,0,True,47,264,770,1121,87,1590,1941,0,0,0,0,0,0,,0.0,22.0,22,22,0.0118,0.0037,0.0005,0.0031,0.0,0.0,0.0,0.0537,0.0734
barman-opt14-strips-p839-1,0,True,48,268,780,1137,89,1614,1984,0,0,0,0,0,0,,0.0,24.0,24,24,0.0132,0.004,0.0006,0.003,0.0,0.0,0.0,0.0543,0.0758
barman-opt14-strips-p839-2,0,True,48,268,780,1137,89,1614,1984,0,0,0,0,0,0,,0.0,24.0,24,24,0.0127,0.004,0.0005,0.0026,0.0,0.0,0.0,0.0557,0.0761
barman-sat11-strips-pfile06-021,0,False,62,374,1112,1593,107,2207,2778,0,0,0,0,0,0,,0.0,62.0,62,62,0.0146,0.0058,0.0009,0.0029,0.0,0.0,0.0,0.0721,0.0972
barman-sat11-strips-pfile06-022,0,False,63,376,1118,1602,108,2221,2801,0,0,0,0,0,0,,0.0,63.0,63,63,0.0163,0.0058,0.0011,0.0036,0.0,0.0,0.0,0.0714,0.0991
barman-sat11-strips-pfile06-023,0,False,63,374,1112,1593,107,2206,2774,0,0,0,0,0,0,,0.0,51.0,51,51,0.0151,0.0058,0.001,0.0034,0.0,0.0,0.0,0.2189,0.2451
barman-sat11-strips-pfile06-024,0,False,62,374,1112,1593,107,2207,2779,0,0,0,0,0,0,,0.0,62.0,62,62,0.0153,0.0062,0.001,0.0029,0.0,0.0,0.0,0.072,0.0982
barman-sat11-strips-pfile07-025,0,False,69,414,1234,1766,118,2449,3101,0,0,0,0,0,0,,0.0,65.0,65,65,0.0164,0.0077,0.0013,0.0032,0.0,0.0,0.0,0.082,0.1116
barman-sat11-strips-pfile07-026,0,False,68,412,1228,1757,117,2435,3071,0,0,0,0,0,0,,0.0,64.0,64,64,0.016,0.0073,0.0013,0.0034,0.0,0.0,0.0,0.0825,0.1114
barman-sat11-strips-pfile07-027,0,False,68,412,1228,1757,117,2435,3071,0,0,0,0,0,0,,0.0,64.0,64,64,0.0177,0.0079,0.0013,0.0035,0.0,0.0,0.0,0.082,0.1132
barman-sat11-strips-pfile07-028,0,False,69,414,1234,1766,118,2449,3093,0,0,0,0,0,0,,0.0,65.0,65,65,0.0167,0.0072,0.0013,0.0035,0.0,0.0,0.0,0.0841,0.1137
barman-sat11-strips-pfile08-029,0,False,80,486,1456,2078,136,2881,3646,0,0,0,0,0,0,,0.0,67.0,67,67,0.0198,0.0105,0.0017,0.0035,0.0,0.0,0.0,0.1024,0.1388
barman-sat11-strips-pfile08-030,0,False,81,488,1462,2087,137,2895,3668,0,0,0,0,0,7671,,0.0,68.0,68,68,0.0202,0.0107,0.0016,0.0039,0.0,0.0,0.0,9.5754,9.6131
barman-sat11-strips-pfile08-031,0,False,80,486,1456,2078,136,2881,3638,0,0,0,0,0,0,,0.0,67.0,67,67,0.0205,0.0098,0.0018,0.0038,0.0,0.0,0.0,0.104,0.141
barman-sat11-strips-pfile08-032,0,False,80,486,1456,2078,136,2881,3638,0,0,0,0,0,0,,0.0,67.0,67,67,0.0194,0.0099,0.0016,0.0036,0.0,0.0,0.0,0.1017,0.1371
barman-sat11-strips-pfile09-033,0,False,85,522,1566,2233,145,3095,3903,0,0,0,0,0,0,,0.0,69.0,69,69,0.0242,0.0122,0.0018,0.0037,0.0,0.0,0.0,0.1151,0.1579
barman-sat11-strips-pfile09-034,0,False,86,524,1572,2242,146,3109,3930,0,0,0,0,0,0,,0.0,69.0,69,69,0.0224,0.0129,0.002,0.0039,0.0,0.0,0.0,0.1054,0.1475
barman-sat11-strips-pfile09-035,0,False,85,522,1566,2233,145,3095,3908,0,0,0,0,0,0,,0.0,69.0,69,69,0.0224,0.0126,0.0019,0.0041,0.0,0.0,0.0,0.1169,0.1588
barman-sat11-strips-pfile09-036,0,False,85,522,1566,2233,145,3095,3902,0,0,0,0,0,0,,0.0,69.0,69,69,0.0231,0.012,0.0019,0.0037,0.0,0.0,0.0,0.1162,0.1582
barman-sat11-strips-pfile10-037,0,False,91,558,1678,2390,154,3313,4183,0,0,0,0,0,0,,0.0,70.0,70,70,0.0239,0.0143,0.002,0.0041,0.0,0.0,0.0,0.1205,0.1658
barman-sat11-strips-pfile10-038,0,False,92,560,1684,2399,155,3327,4203,0,0,0,0,0,0,,0.0,70.0,70,70,0.0255,0.0132,0.0021,0.0041,0.0,0.0,0.0,0.1139,0.1598
barman-sat11-strips-pfile10-039,0,False,90,556,1672,2381,153,3299,4159,0,0,0,0,0,0,,0.0,70.0,70,70,0.0244,0.0134,0.0021,0.0039,0.0,0.0,0.0,0.1252,0.1699
barman-sat11-strips-pfile10-040,0,False,93,562,1690,2408,156,3341,4227,0,0,0,0,0,0,,0.0,71.0,71,71,0.0252,0.0132,0.0022,0.004,0.0,0.0,0.0,0.1159,0.1615
barman-sat14-strips-p1-11-4-15,0,True,91,558,1678,2390,154,3313,4187,0,0,0,0,0,0,,0.0,34.0,34,34,0.0267,0.0143,0.0017,0.0038,0.0,0.0,0.0,0.1157,0.1631
barman-sat14-strips-p1-11-5-15,0,True,105,676,2054,2899,169,3952,5066,0,0,0,0,0,0,,0.0,36.0,36,36,0.0302,0.0169,0.0023,0.0052,0.0,0.0,0.0,0.1835,0.2389
barman-sat14-strips-p1-11-5-16,0,True,115,726,2210,3118,182,4256,5474,0,0,0,0,0,0,,0.0,38.0,38,38,0.0293,0.019,0.0026,0.0054,0.0,0.0,0.0,0.1444,0.2017
barman-sat14-strips-p2-10-4-13,0,True,80,486,1456,2078,136,2881,3632,0,0,0,0,0,0,,0.0,31.0,31,31,0.02,0.0108,0.0015,0.0034,0.0,0.0,0.0,0.1025,0.1391
barman-sat14-strips-p2-11-4-15,0,True,92,560,1684,2399,155,3327,4197,0,0,0,0,0,0,,0.0,34.0,34,34,0.0265,0.014,0.002,0.004,0.0,0.0,0.0,0.1745,0.2219
barman-sat14-strips-p2-11-5-15,0,True,108,682,2072,2926,172,3994,5137,0,0,0,0,0,0,,0.0,37.0,37,37,0.0267,0.0171,0.0023,0.0055,0.0,0.0,0.0,0.1349,0.1873
barman-sat14-strips-p2-11-5-16,0,True,114,724,2204,3109,181,4242,5449,0,0,0,0,0,0,,0.0,37.0,37,37,0.0295,0.0194,0.0029,0.0051,0.0,0.0,0.0,0.1481,0.2058
barman-sat14-strips-p2-11-5-17,0,True,119,764,2330,3283,189,4476,5738,0,0,0,0,0,0,,0.0,38.0,38,38,0.032,0.0212,0.0031,0.0059,0.0,0.0,0.0,0.1538,0.2172
barman-sat14-strips-p3-10-4-13,0,True,80,486,1456,2078,136,2881,3634,0,0,0,0,0,0,,0.0,31.0,31,31,0.027,0.0099,0.0015,0.0036,0.0,0.0,0.0,0.1014,0.1444
barman-sat14-strips-p3-11-4-15,0,True,92,560,1684,2399,155,3327,4199,0,0,0,0,0,0,,0.0,34.0,34,34,0.0245,0.0133,0.0018,0.004,0.0,0.0,0.0,0.1143,0.1588
barman-sat14-strips-p3-11-5-15,0,True,105,676,2054,2899,169,3952,5075,0,0,0,0,0,0,,0.0,36.0,36,36,0.0269,0.017,0.0022,0.0052,0.0,0.0,0.0,0.1454,0.1976
barman-sat14-strips-p3-11-5-16,0,True,115,726,2210,3118,182,4256,5474,0,0,0,0,0,0,,0.0,38.0,38,38,0.0305,0.0193,0.0026,0.0051,0.0,0.0,0.0,0.1438,0.2024
barman-sat14-strips-p3-11-5-17,0,True,121,768,2342,3301,191,4504,5786,0,0,0,0,0,0,,0.0,38.0,38,38,0.0316,0.0214,0.0032,0.005,0.0,0.0,0.0,0.1521,0.2143
barman-sat14-strips-p4-11-4-14,0,True,86,524,1572,2242,146,3109,3925,0,0,0,0,0,0,,0.0,33.0,33,33,0.0222,0.0124,0.0018,0.0036,0.0,0.0,0.0,0.1138,0.1548
barman-sat14-strips-p4-11-4-15,0,True,91,558,1678,2390,154,3313,4174,0,0,0,0,0,0,,0.0,34.0,34,34,0.0239,0.0143,0.0019,0.0038,0.0,0.0,0.0,0.114,0.1589
barman-sat14-strips-p4-11-5-15,0,True,107,680,2066,2917,171,3980,5112,0,0,0,0,0,0,,0.0,36.0,36,36,0.027,0.0168,0.0023,0.0047,0.0,0.0,0.0,0.1362,0.1878
barman-sat14-strips-p5-10-4-13,0,True,80,486,1456,2078,136,2881,3641,0,0,0,0,0,0,,0.0,31.0,31,31,0.0207,0.0099,0.0013,0.0033,0.0,0.0,0.0,0.1023,0.1386
barman-sat14-strips-p5-11-4-15,0,True,91,558,1678,2390,154,3313,4177,0,0,0,0,0,0,,0.0,34.0,34,34,0.0254,0.0138,0.0018,0.0038,0.0,0.0,0.0,0.1287,0.1744
barman-sat14-strips-p5-11-5-15,0,True,106,678,2060,2908,170,3966,5087,0,0,0,0,0,0,,0.0,36.0,36,36,0.0281,0.0169,0.0022,0.0049,0.0,0.0,0.0,0.1355,0.1884
barman-sat14-strips-p5-11-5-16,0,True,114,724,2204,3109,181,4242,5460,0,0,0,0,0,0,,0.0,37.0,37,37,0.029,0.0195,0.0028,0.0048,0.0,0.0,0.0,0.1422,0.1993
blocks-probBLOCKS-10-0,0,True,0,9,31,78,29,91,31,0,0,0,0,0,0,,0.0,18.0,18,18,0.0054,0.0004,0.0,0.0014,0.0,0.0,0.0,0.0015,0.0092
blocks-probBLOCKS-10-1,0,True,0,10,31,80,30,92,31,0,0,0,0,0,0,,0.0,19.0,19,19,0.006,0.0005,0.0,0.0015,0.0,0.0,0.0,0.0015,0.0099
blocks-probBLOCKS-10-2,0,True,0,10,32,81,30,94,32,0,0,0,0,0,0,,0.0,19.0,19,19,0.0055,0.0005,0.0,0.0012,0.0,0.0,0.0,0.0014,0.0091
blocks-probBLOCKS-11-0,0,True,0,11,36,86,31,96,29,0,0,0,0,0,0,,0.0,19.0,19,19,0.0056,0.0005,0.0,0.0014,0.0,0.0,0.0,0.0015,0.0095
blocks-probBLOCKS-11-1,0,True,0,11,40,94,33,103,30,0,0,0,0,0,0,,0.0,21.0,21,21,0.006,0.0006,0.0,0.0013,0.0,0.0,0.0,0.0014,0.0097
blocks-probBLOCKS-11-2,0,True,0,11,32,82,31,94,31,0,0,0,0,0,0,,0.0,19.0,19,19,0.0058,0.0005,0.0,0.001,0.0,0.0,0.0,0.0014,0.0093
blocks-probBLOCKS-12-0,0,True,0,12,39,96,35,109,35,0,0,0,0,0,0,,0.0,22.0,22,22,0.0093,0.0007,0.0,0.0012,0.0,0.0,0.0,0.0015,0.0132
blocks-probBLOCKS-12-1,0,True,0,11,37,94,35,110,38,0,0,0,0,0,0,,0.0,22.0,22,22,0.0069,0.0007,0.0,0.0016,0.0,0.0,0.0,0.0015,0.0111
blocks-probBLOCKS-13-0,0,True,0,12,41,103,38,118,39,0,0,0,0,0,0,,0.0,24.0,24,24,0.009,0.0008,0.0001,0.0012,0.0,0.0,0.0,0.0015,0.013
blocks-probBLOCKS-13-1,0,True,0,13,41,105,39,123,43,0,0,0,0,0,0,,0.0,25.0,25,25,0.0079,0.0008,0.0001,0.0011,0.0,0.0,0.0,0.0015,0.0118
blocks-probBLOCKS-14-0,0,True,0,14,44,109,40,125,41,0,0,0,0,0,0,,0.0,25.0,25,25,0.0067,0.001,0.0001,0.0014,0.0,0.0,0.0,0.0015,0.0112
blocks-probBLOCKS-14-1,0,True,0,14,50,119,42,131,39,0,0,0,0,0,0,,0.0,27.0,27,27,0.0097,0.001,0.0001,0.0014,0.0,0.0,0.0,0.0016,0.0142
blocks-probBLOCKS-15-0,0,True,0,15,52,124,44,136,40,0,0,0,0,0,0,,0.0,28.0,28,28,0.3926,0.0012,0.0001,0.0014,0.0,0.0,0.0,0.0015,0.3972
blocks-probBLOCKS-15-1,0,True,0,15,46,118,44,139,49,0,0,0,0,0,0,,0.0,28.0,28,28,0.0076,0.0012,0.0001,0.0014,0.0,0.0,0.0,0.0016,0.0124
blocks-probBLOCKS-16-1,0,True,0,16,52,131,48,152,52,0,0,0,0,0,0,,0.0,31.0,31,31,0.0115,0.0014,0.0001,0.0011,0.0,0.0,0.0,0.0016,0.0161
blocks-probBLOCKS-16-2,0,True,0,15,47,120,45,142,50,0,0,0,0,0,0,,0.0,28.0,28,28,0.0089,0.0015,0.0001,0.0011,0.0,0.0,0.0,0.0015,0.0138
blocks-probBLOCKS-17-0,0,True,0,17,59,143,51,162,52,0,0,0,0,0,0,,0.0,33.0,33,33,0.0119,0.0017,0.0001,0.0017,0.0,0.0,0.0,0.0016,0.0174
blocks-probBLOCKS-4-0,0,True,0,3,15,32,11,32,6,0,0,0,0,0,0,,0.0,6.0,6,6,0.0046,0.0001,0.0,0.0018,0.0,0.0,0.0,0.0014,0.0084
blocks-probBLOCKS-4-1,0,True,0,4,11,28,11,30,8,0,0,0,0,0,0,,0.0,6.0,6,6,0.3732,0.0001,0.0,0.0016,0.0,0.0,0.0,0.0014,0.3767
blocks-probBLOCKS-4-2,0,True,0,3,12,29,11,29,6,0,0,0,0,0,0,,0.0,6.0,6,6,0.006,0.0001,0.0,0.0012,0.0,0.0,0.0,0.0013,0.009
blocks-probBLOCKS-5-0,0,True,0,5,17,39,14,42,11,0,0,0,0,0,0,,0.0,8.0,8,8,0.0051,0.0001,0.0,0.0013,0.0,0.0,0.0,0.0014,0.0084
blocks-probBLOCKS-5-1,0,True,0,4,16,36,13,38,9,0,0,0,0,0,0,,0.0,7.0,7,7,0.0062,0.0001,0.0,0.0012,0.0,0.0,0.0,0.0013,0.0092
blocks-probBLOCKS-5-2,0,True,0,5,15,39,15,45,15,0,0,0,0,0,0,,0.0,9.0,9,9,0.008,0.0001,0.0,0.0014,0.0,0.0,0.0,0.0014,0.0113
blocks-probBLOCKS-6-0,0,True,0,6,20,49,18,53,15,0,0,0,0,0,0,,0.0,11.0,11,11,0.0066,0.0002,0.0,0.0011,0.0,0.0,0.0,0.0014,0.0096
blocks-probBLOCKS-6-1,0,True,0,5,23,50,17,51,11,0,0,0,0,0,0,,0.0,10.0,10,10,0.0083,0.0002,0.0,0.001,0.0,0.0,0.0,0.0014,0.0112
blocks-probBLOCKS-6-2,0,True,0,6,18,47,18,54,18,0,0,0,0,0,0,,0.0,11.0,11,11,0.0088,0.0002,0.0,0.0011,0.0,0.0,0.0,0.0013,0.0121
blocks-probBLOCKS-7-0,0,True,0,7,21,55,21,64,22,0,0,0,0,0,0,,0.0,13.0,13,13,0.5071,0.0002,0.0,0.001,0.0,0.0,0.0,0.0014,0.5102
blocks-probBLOCKS-7-1,0,True,0,7,22,54,20,60,18,0,0,0,0,0,0,,0.0,12.0,12,12,0.0058,0.0003,0.0,0.0011,0.0,0.0,0.0,0.0014,0.009
blocks-probBLOCKS-7-2,0,True,0,7,21,53,20,57,16,0,0,0,0,0,0,,0.0,12.0,12,12,0.0093,0.0002,0.0,0.0011,0.0,0.0,0.0,0.0014,0.0123
blocks-probBLOCKS-8-0,0,True,0,7,26,61,22,66,18,0,0,0,0,0,0,,0.0,13.0,13,13,0.0062,0.0003,0.0,0.0015,0.0,0.0,0.0,0.0014,0.0099
blocks-probBLOCKS-8-1,0,True,0,8,29,64,22,67,16,0,0,0,0,0,0,,0.0,13.0,13,13,0.0081,0.0003,0.0,0.0013,0.0,0.0,0.0,0.0015,0.0115
blocks-probBLOCKS-8-2,0,True,0,7,29,66,23,71,19,0,0,0,0,0,0,,0.0,14.0,14,14,0.0058,0.0003,0.0,0.0015,0.0,0.0,0.0,0.0013,0.0093
blocks-probBLOCKS-9-0,0,True,0,9,28,70,26,80,26,0,0,0,0,0,0,,0.0,16.0,16,16,0.5132,0.0004,0.0,0.0011,0.0,0.0,0.0,0.0015,0.5166
blocks-probBLOCKS-9-1,0,True,0,9,26,68,26,80,28,0,0,0,0,0,0,,0.0,16.0,16,16,0.0071,0.0004,0.0,0.0012,0.0,0.0,0.0,0.0014,0.0105
blocks-probBLOCKS-9-2,0,True,0,9,28,72,27,83,28,0,0,0,0,0,0,,0.0,17.0,17,17,0.0391,0.0004,0.0,0.0022,0.0,0.0,0.0,0.0015,0.0435
childsnack-opt14-strips-child-snack_pfile01,0,True,38,126,134,304,44,318,269,0,0,0,0,0,0,,0.0,10.0,10,10,0.0251,0.0009,0.0001,0.0015,0.0,0.0,0.0,0.0086,0.0366
childsnack-opt14-strips-child-snack_pfile01-2,0,True,38,126,134,304,44,318,272,0,0,0,0,0,0,,0.0,11.0,11,11,0.0585,0.0009,0.0001,0.0013,0.0,0.0,0.0,0.0085,0.0698
childsnack-opt14-strips-child-snack_pfile02,0,True,46,176,186,415,53,433,373,0,0,0,0,0,0,,0.0,11.0,11,11,0.0415,0.0013,0.0001,0.0014,0.0,0.0,0.0,0.0109,0.0557
childsnack-opt14-strips-child-snack_pfile02-2,0,True,46,176,186,415,53,433,376,0,0,0,0,0,0,,0.0,12.0,12,12,0.0489,0.0014,0.0001,0.0013,0.0,0.0,0.0,0.0111,0.0635
childsnack-opt14-strips-child-snack_pfile03,0,True,50,215,226,499,58,531,478,0,0,0,0,0,0,,0.0,13.0,13,13,0.2085,0.0019,0.0001,0.0014,0.0,0.0,0.0,0.0129,0.2252
childsnack-opt14-strips-child-snack_pfile03-2,0,True,50,215,226,499,58,531,478,0,0,0,0,0,0,,0.0,13.0,13,13,0.0385,0.002,0.0001,0.0016,0.0,0.0,0.0,0.0128,0.0556
childsnack-opt14-strips-child-snack_pfile04,0,True,69,381,393,852,78,894,834,0,0,0,0,0,0,,0.0,14.0,14,14,0.0522,0.0033,0.0002,0.0017,0.0,0.0,0.0,0.0204,0.0784
childsnack-opt14-strips-child-snack_pfile04-2,0,True,69,381,393,852,78,894,834,0,0,0,0,0,0,,0.0,14.0,14,14,0.0457,0.0033,0.0002,0.0021,0.0,0.0,0.0,0.0205,0.0724
childsnack-opt14-strips-child-snack_pfile05,0,True,74,451,464,999,84,1059,1019,0,0,0,0,0,0,,0.0,15.0,15,15,0.1999,0.0045,0.0002,0.0019,0.0,0.0,0.0,0.0242,0.2315
childsnack-opt14-strips-child-snack_pfile05-2,0,True,74,451,464,999,84,1059,1019,0,0,0,0,0,0,,0.0,15.0,15,15,0.1869,0.0044,0.0002,0.0021,0.0,0.0,0.0,0.0243,0.2187
childsnack-opt14-strips-child-snack_pfile06,0,True,84,564,579,1238,95,1307,1263,0,0,0,0,0,0,,0.0,16.0,16,16,0.2241,0.0063,0.0003,0.0023,0.0,0.0,0.0,0.0303,0.2641
childsnack-opt14-strips-child-snack_pfile06-2,0,True,84,564,579,1238,95,1307,1263,0,0,0,0,0,0,,0.0,16.0,16,16,0.0581,0.0065,0.0003,0.0024,0.0,0.0,0.0,0.0359,0.104
childsnack-opt14-strips-child-snack_pfile07,0,True,89,649,665,1415,101,1490,1442,0,0,0,0,0,0,,0.0,17.0,17,17,0.0181,0.0082,0.0004,0.0023,0.0,0.0,0.0,0.0393,0.0691
childsnack-opt14-strips-child-snack_pfile07-2,0,True,89,649,665,1415,101,1490,1442,0,0,0,0,0,0,,0.0,17.0,17,17,0.0674,0.008,0.0004,0.0026,0.0,0.0,0.0,0.0361,0.1154
childsnack-opt14-strips-child-snack_pfile08,0,True,94,740,757,1604,107,1702,1685,0,0,0,0,0,0,,0.0,18.0,18,18,0.0223,0.0103,0.0004,0.0025,0.0,0.0,0.0,0.0427,0.0791
childsnack-opt14-strips-child-snack_pfile08-2,0,True,94,740,757,1604,107,1702,1685,0,0,0,0,0,0,,0.0,18.0,18,18,0.0218,0.01,0.0004,0.0025,0.0,0.0,0.0,0.0417,0.0773
childsnack-opt14-strips-child-snack_pfile09,0,True,104,883,902,1903,118,2012,1994,0,0,0,0,0,0,,0.0,19.0,19,19,0.0258,0.0134,0.0006,0.0031,0.0,0.0,0.0,0.0465,0.0905
childsnack-opt14-strips-child-snack_pfile09-2,0,True,104,883,902,1903,118,2012,1994,0,0,0,0,0,0,,0.0,19.0,19,19,0.0271,0.0134,0.0005,0.0034,0.0,0.0,0.0,0.0487,0.0941
childsnack-opt14-strips-child-snack_pfile10,0,True,109,989,1009,2122,124,2258,2279,0,0,0,0,0,0,,0.0,20.0,20,20,0.0313,0.0174,0.0007,0.0028,0.0,0.0,0.0,0.0505,0.1035
childsnack-opt14-strips-child-snack_pfile10-2,0,True,109,989,1009,2122,124,2258,2280,0,0,0,0,0,0,,0.0,20.0,20,20,0.0322,0.0173,0.0007,0.0046,0.0,0.0,0.0,0.0511,0.1067
childsnack-sat14-strips-child-snack_pfile05,0,True,74,451,464,999,84,1059,1019,0,0,0,0,0,0,,0.0,15.0,15,15,0.0127,0.0045,0.0002,0.0023,0.0,0.0,0.0,0.0242,0.0446
childsnack-sat14-strips-child-snack_pfile05-2,0,True,74,451,464,999,84,1059,1019,0,0,0,0,0,0,,0.0,15.0,15,15,0.0142,0.0046,0.0002,0.0019,0.0,0.0,0.0,0.024,0.0456
childsnack-sat14-strips-child-snack_pfile06-2,0,True,84,564,579,1238,95,1307,1263,0,0,0,0,0,0,,0.0,16.0,16,16,0.0159,0.0067,0.0003,0.0022,0.0,0.0,0.0,0.0311,0.057
childsnack-sat14-strips-child-snack_pfile07-2,0,True,89,649,665,1415,101,1490,1442,0,0,0,0,0,0,,0.0,17.0,17,17,0.0194,0.0081,0.0004,0.0024,0.0,0.0,0.0,0.0346,0.0659
childsnack-sat14-strips-child-snack_pfile08,0,True,94,740,757,1604,107,1702,1685,0,0,0,0,0,0,,0.0,18.0,18,18,0.0217,0.0101,0.0004,0.0025,0.0,0.0,0.0,0.0407,0.0763
childsnack-sat14-strips-child-snack_pfile08-2,0,True,94,740,757,1604,107,1702,1685,0,0,0,0,0,0,,0.0,18.0,18,18,0.022,0.0107,0.0005,0.0024,0.0,0.0,0.0,0.0401,0.0765
childsnack-sat14-strips-child-snack_pfile09,0,True,104,883,902,1903,118,2012,1994,0,0,0,0,0,0,,0.0,19.0,19,19,0.0264,0.0136,0.0006,0.0027,0.0,0.0,0.0,0.0468,0.0912
childsnack-sat14-strips-child-snack_pfile09-2,0,True,104,883,902,1903,118,2012,1994,0,0,0,0,0,0,,0.0,19.0,19,19,0.026,0.014,0.0006,0.0029,0.0,0.0,0.0,0.0463,0.0907
childsnack-sat14-strips-child-snack_pfile10,0,True,109,989,1009,2122,124,2258,2279,0,0,0,0,0,0,,0.0,20.0,20,20,0.0324,0.0173,0.0007,0.0028,0.0,0.0,0.0,0.0512,0.1053
childsnack-sat14-strips-child-snack_pfile10-2,0,True,109,989,1009,2122,124,2258,2280,0,0,0,0,0,0,,0.0,20.0,20,20,0.0314,0.0173,0.0007,0.0029,0.0,0.0,0.0,0.051,0.1041
childsnack-sat14-strips-child-snack_pfile11,0,True,114,1101,1122,2353,130,2497,2519,0,0,0,0,0,0,,0.0,21.0,21,21,0.0418,0.0211,0.0008,0.0028,0.0,0.0,0.0,0.0558,0.1238
childsnack-sat14-strips-child-snack_pfile11-2,0,True,114,1101,1122,2353,130,2497,2520,0,0,0,0,0,0,,0.0,21.0,21,21,0.0363,0.0208,0.0008,0.0037,0.0,0.0,0.0,0.0566,0.1194
childsnack-sat14-strips-child-snack_pfile12,0,True,150,1691,1714,3572,167,3743,3837,0,0,0,0,0,0,,0.0,22.0,22,22,0.0455,0.033,0.0013,0.0043,0.0,0.0,0.0,0.0833,0.1694
childsnack-sat14-strips-child-snack_pfile13,0,True,156,1860,1884,3918,174,4122,4292,0,0,0,0,0,0,,0.0,23.0,23,23,0.0554,0.0401,0.0016,0.0043,0.0,0.0,0.0,0.0984,0.2014
childsnack-sat14-strips-child-snack_pfile13-2,0,True,156,1860,1884,3918,174,4122,4292,0,0,0,0,0,0,,0.0,23.0,23,23,0.0532,0.0396,0.0015,0.0042,0.0,0.0,0.0,0.0941,0.1942
childsnack-sat14-strips-child-snack_pfile14,0,True,162,2037,2062,4280,181,4494,4672,0,0,0,0,0,0,,0.0,24.0,24,24,0.0627,0.0465,0.0018,0.0046,0.0,0.0,0.0,0.1031,0.2204
childsnack-sat14-strips-child-snack_pfile15-2,0,True,168,2222,2248,4658,188,4908,5170,0,0,0,0,0,0,,0.0,25.0,25,25,0.0727,0.0547,0.0019,0.0054,0.0,0.0,0.0,0.1144,0.251
childsnack-sat14-strips-child-snack_pfile16-2,0,True,180,2504,2532,5237,201,5505,5790,0,0,0,0,0,0,,0.0,26.0,26,26,0.0894,0.0681,0.0023,0.0058,0.0,0.0,0.0,0.1285,0.2973
childsnack-sat14-strips-child-snack_pfile19,0,True,204,3244,3276,6748,228,7088,7510,0,0,0,0,0,0,,0.0,29.0,29,29,0.1263,0.1081,0.0032,0.0079,0.0,0.0,0.0,0.1701,0.4187
childsnack-sat14-strips-child-snack_pfile19-2,0,True,204,3244,3276,6748,228,7088,7510,0,0,0,0,0,0,,0.0,29.0,29,29,0.1249,0.1084,0.0032,0.0074,0.0,0.0,0.0,0.171,0.4177
data-network-opt18-strips-p01,0,False,55,503,779,1343,60,1500,1753,0,0,0,0,0,45713,,0.0,105.0,111,105,0.0068,0.003,0.0011,0.0024,0.0,0.0,0.0,51.1782,51.1925
data-network-opt18-strips-p02,0,False,63,697,1117,1880,65,2057,2521,0,0,0,0,0,0,,0.0,29.0,29,29,0.008,0.0034,0.0005,0.0031,0.0,0.0,0.0,0.1911,0.2068
data-network-opt18-strips-p03,0,False,66,845,1328,2247,72,2426,3000,0,0,0,0,0,0,,0.0,78.0,79,78,0.0102,0.0052,0.0016,0.0031,0.0,0.0,0.0,0.5953,0.6164
data-network-opt18-strips-p04,0,False,70,1143,1861,3085,78,3185,4399,0,0,0,0,0,6200,,0.0,119.0,121,119,0.0117,0.0107,0.0023,0.0044,0.0,0.0,0.0,6.3678,6.3981
data-network-opt18-strips-p05,0,False,74,1025,1624,2733,81,2927,3638,0,0,0,0,0,6748,,0.0,104.0,137,104,0.0119,0.0074,0.0034,0.0041,0.0,0.0,0.0,12.6593,12.6876
data-network-opt18-strips-p06,0,False,84,1307,2162,3559,88,3626,5075,0,0,0,0,0,0,,0.0,55.0,73,55,0.0124,0.0089,0.0026,0.0047,0.0,0.0,0.0,0.5396,0.5692
data-network-opt18-strips-p07,0,False,86,1574,2589,4259,93,4261,6179,0,0,0,0,0,0,,0.0,87.0,99,87,0.0125,0.0112,0.0035,0.0061,0.0,0.0,0.0,0.5365,0.5707
data-network-opt18-strips-p08,0,False,89,1243,2008,3351,97,3590,4538,0,0,0,0,0,0,,0.0,104.0,137,104,0.0126,0.0104,0.0047,0.0046,0.0,0.0,0.0,0.2681,0.3017
data-network-opt18-strips-p09,0,False,74,705,1120,1903,77,2198,2385,0,0,0,0,0,0,,0.0,27.0,27,27,0.0096,0.0045,0.0006,0.0035,0.0,0.0,0.0,0.0788,0.0977
data-network-opt18-strips-p10,0,False,81,921,1505,2513,85,2739,3360,0,0,0,0,0,0,,0.0,85.0,86,85,0.0104,0.0067,0.0011,0.0041,0.0,0.0,0.0,0.1839,0.207
data-network-opt18-strips-p11,0,False,91,1111,1829,3034,93,3324,4047,0,0,0,0,0,474,,0.0,47.0,47,47,0.0118,0.0094,0.0012,0.0044,0.0,0.0,0.0,0.8849,0.9127
data-network-opt18-strips-p12,0,False,97,1315,2133,3549,100,3873,4682,0,0,0,0,0,0,,0.0,62.0,63,62,0.0131,0.0093,0.0018,0.0062,0.0,0.0,0.0,0.9778,1.0094
data-network-opt18-strips-p13,0,False,104,1492,2495,4098,109,4389,5667,0,0,0,0,0,32883,,0.0,100.0,133,100,0.0131,0.0142,0.0056,0.0056,0.0,0.0,0.0,84.5655,84.6055
data-network-opt18-strips-p14,0,False,105,1749,2923,4795,117,4993,6645,0,0,0,0,0,7840,,0.0,181.0,216,181,0.0152,0.0193,0.0115,0.0064,0.0,0.0,0.0,6.0336,6.0874
data-network-opt18-strips-p15,0,False,128,1344,2242,3718,131,4313,4643,0,0,0,0,0,2902,,0.0,50.0,60,50,0.0175,0.0144,0.001,0.0065,0.0,0.0,0.0,3.9813,4.0216
data-network-opt18-strips-p16,0,False,140,1692,2894,4734,146,5188,6118,0,0,0,0,0,0,,0.0,117.0,134,117,0.0162,0.0255,0.0026,0.007,0.0,0.0,0.0,0.3669,0.4192
data-network-opt18-strips-p17,0,False,154,2125,3679,5964,158,6226,8054,0,0,0,0,0,50108,,0.0,93.0,94,93,0.0229,0.0268,0.0028,0.009,0.0,0.0,0.0,207.4091,207.4719
data-network-opt18-strips-p18,0,False,165,2485,4253,6914,173,7388,9074,0,0,0,0,0,0,,0.0,143.0,143,143,0.0202,0.0342,0.0069,0.0099,0.0,0.0,0.0,0.2386,0.3109
data-network-opt18-strips-p19,2,False,180,3159,5431,8781,188,9402,11465,0,0,0,0,0,117722,,0.0,166.0,216,169,0.0252,0.0436,0.0206,0.0107,0.0,0.0,0.0,899.9081,900.0304
data-network-opt18-strips-p20,0,False,193,3451,6040,9694,200,10015,13378,0,0,0,0,0,25,,0.0,193.0,464,193,0.0255,0.0508,0.0222,0.0133,0.0,0.0,0.0,8.1565,8.27
data-network-sat18-strips-p01,0,False,177,3450,5775,9429,196,9749,12980,0,0,0,0,0,0,,0.0,304.0,366,304,0.0228,0.0649,0.0663,0.0132,0.0,0.0,0.0,1.7483,1.9175
data-network-sat18-strips-p02,2,False,204,4048,6823,11099,220,11155,15674,0,0,0,0,0,110141,,0.0,214.0,237,218,0.0307,0.0693,0.0561,0.0156,0.0,0.0,0.0,899.8498,900.0344
data-network-sat18-strips-p03,0,False,233,4101,6839,11204,255,11823,15074,0,0,0,0,0,0,,0.0,315.0,374,315,0.0308,0.0903,0.085,0.0158,0.0,0.0,0.0,2.1888,2.4133
data-network-sat18-strips-p04,0,False,252,4647,7690,12637,285,13294,16773,0,0,0,0,0,0,,0.0,459.0,517,459,0.0364,0.1216,0.2148,0.0169,0.0,0.0,0.0,1.254,1.646
data-network-sat18-strips-p05,0,False,289,7092,12484,19905,316,19100,29909,0,0,0,0,0,0,,0.0,454.0,494,454,0.0516,0.2242,0.2289,0.0299,0.0,0.0,0.0,11.5864,12.1238
data-network-sat18-strips-p06,2,False,317,7692,13513,21570,349,20827,32256,0,0,0,0,0,20326,,0.0,560.038,671,586,0.0586,0.3056,0.4598,0.0326,0.0,0.0,0.0,899.1985,900.0705
data-network-sat18-strips-p07,2,False,342,7506,12999,20899,377,20660,30174,0,0,0,0,0,25039,,0.0,509.0,585,518,0.0584,0.2983,0.4286,0.032,0.0,0.0,0.0,899.2422,900.0723
data-network-sat18-strips-p08,0,False,370,9017,15757,25199,408,24449,37267,0,0,0,0,0,12867,,0.0,468.0,510,468,0.0737,0.3693,0.5143,0.0393,0.0,0.0,0.0,42.0202,43.0205
data-network-sat18-strips-p09,0,False,398,7250,12239,19938,434,20787,27017,0,0,0,0,0,0,,0.0,721.0,829,721,0.0651,0.382,0.5309,0.0301,0.0,0.0,0.0,3.3682,4.3799
data-network-sat18-strips-p10,0,False,427,8998,15693,25178,468,25094,36316,0,0,0,0,0,13191,,0.0,601.0,688,601,0.0825,0.4746,0.924,0.0413,0.0,0.0,0.0,478.2586,479.7845
data-network-sat18-strips-p11,0,False,191,2896,5005,8104,199,8536,10806,0,0,0,0,0,168257,,0.0,203.0,362,203,0.0249,0.0502,0.0154,0.0109,0.0,0.0,0.0,806.8774,806.9801
data-network-sat18-strips-p12,2,False,243,4604,8050,12913,254,13175,17962,0,0,0,0,0,27469,,0.0,239.0,303,257,0.0335,0.0907,0.035,0.021,0.0,0.0,0.0,899.8385,900.0591
data-network-sat18-strips-p13,0,False,296,6086,10678,17081,310,17424,23672,0,0,0,0,0,0,,0.0,320.0,575,320,0.0436,0.1493,0.1009,0.0234,0.0,0.0,0.0,8.9488,9.2688
data-network-sat18-strips-p14,0,False,345,7230,12595,20197,364,20693,27523,0,0,0,0,0,3566,,0.0,345.0,560,345,0.0592,0.2103,0.1356,0.0302,0.0,0.0,0.0,40.4945,40.9325
data-network-sat18-strips-p15,2,False,395,8634,15070,24134,419,24502,33198,0,0,0,0,0,33865,,0.0,474.0,578,478,0.0707,0.3519,0.2067,0.0374,0.0,0.0,0.0,899.3484,900.0276
data-network-sat18-strips-p16,2,False,450,10722,19087,30298,476,30477,42378,0,0,0,0,0,1986,,0.0,503.855,758,518,0.0925,0.5213,0.4526,0.048,0.0,0.0,0.0,898.9119,900.0361
data-network-sat18-strips-p17,0,False,496,9667,16775,26979,526,28393,35246,0,0,0,0,0,3725,,0.0,589.0,711,589,0.0932,0.4953,0.3533,0.0451,0.0,0.0,0.0,14.087,15.0771
data-network-sat18-strips-p18,2,False,556,12448,22110,35147,578,35011,50203,0,0,0,0,0,2181,,0.0,417.833,544,509,0.1264,0.7058,0.3101,0.0674,0.0,0.0,0.0,898.8348,900.054
data-network-sat18-strips-p19,0,False,593,11528,20008,32195,640,34126,41876,0,0,0,0,0,9916,,0.0,1224.0,2280,1224,0.1195,0.9176,1.1407,0.06,0.0,0.0,0.0,763.4097,765.6513
data-network-sat18-strips-p20,2,False,659,15418,27200,43325,691,43803,60147,0,0,0,0,0,2473,,0.0,616.747,1125,686,0.1672,1.1187,1.1657,0.0893,0.0,0.0,0.0,897.5661,900.1344
depot-p01,0,True,10,24,45,99,28,121,68,0,0,0,0,0,0,,0.0,10.0,10,10,0.005,0.0002,0.0,0.0014,0.0,0.0,0.0,0.005,0.0121
depot-p02,0,True,22,52,91,189,44,239,141,0,0,0,0,0,0,,0.0,14.0,14,14,0.0059,0.0006,0.0001,0.0011,0.0,0.0,0.0,0.0073,0.0154
depot-p03,0,True,36,82,147,302,70,394,240,0,0,0,0,0,0,,0.0,22.0,24,22,0.0187,0.0012,0.0002,0.0015,0.0,0.0,0.0,0.0129,0.035
depot-p04,0,True,50,104,184,379,88,495,273,0,0,0,0,0,0,,0.0,17.0,17,17,0.0073,0.0021,0.0002,0.0015,0.0,0.0,0.0,0.0107,0.0222
depot-p05,0,True,58,138,242,492,109,656,410,0,0,0,0,0,0,,0.0,33.0,37,33,0.0085,0.0036,0.0004,0.0014,0.0,0.0,0.0,0.0204,0.0349
depot-p06,0,True,90,208,355,722,156,969,598,0,0,0,0,0,0,,0.0,42.0,44,42,0.0164,0.0096,0.0007,0.0016,0.0,0.0,0.0,0.0339,0.0628
depot-p07,0,True,38,88,164,326,71,405,226,0,0,0,0,0,0,,0.0,18.0,18,18,0.0067,0.0014,0.0001,0.0015,0.0,0.0,0.0,0.0114,0.0216
depot-p08,0,True,53,119,228,459,107,584,331,0,0,0,0,0,0,,0.0,27.0,27,27,0.0277,0.004,0.0003,0.0021,0.0,0.0,0.0,0.0129,0.0475
depot-p09,0,True,88,221,407,795,161,1020,620,0,0,0,0,0,0,,0.0,44.0,44,44,0.0189,0.011,0.0008,0.0016,0.0,0.0,0.0,0.0241,0.0575
depot-p10,0,True,71,169,269,550,109,728,422,0,0,0,0,0,0,,0.0,22.0,22,22,0.0122,0.0033,0.0003,0.0015,0.0,0.0,0.0,0.0199,0.0378
depot-p11,0,True,122,296,508,991,182,1386,886,0,0,0,0,0,0,,0.0,41.0,41,41,0.0201,0.011,0.0011,0.0022,0.0,0.0,0.0,0.042,0.0798
depot-p12,0,True,180,433,736,1432,258,2010,1267,0,0,0,0,0,0,,0.0,45.0,47,45,0.0318,0.0297,0.0019,0.0026,0.0,0.0,0.0,0.0673,0.1343
depot-p13,0,True,34,99,174,360,81,479,284,0,0,0,0,0,0,,0.0,24.0,24,24,0.0126,0.0029,0.0002,0.0022,0.0,0.0,0.0,0.0105,0.0289
depot-p14,0,True,124,283,436,888,166,1190,700,0,0,0,0,0,0,,0.0,23.0,23,23,0.0191,0.011,0.0005,0.0021,0.0,0.0,0.0,0.027,0.0603
depot-p15,0,True,186,461,800,1530,262,2098,1294,0,0,0,0,0,0,,0.0,49.0,49,49,0.0362,0.0332,0.0021,0.0028,0.0,0.0,0.0,0.1055,0.1806
depot-p16,0,True,160,695,1066,1956,193,2465,1811,0,0,0,0,0,0,,0.0,24.0,24,24,0.0134,0.0105,0.0015,0.003,0.0,0.0,0.0,0.0703,0.0994
depot-p17,0,True,315,1477,2343,4166,345,5354,4269,0,0,0,0,0,0,,0.0,22.0,22,22,0.0223,0.0364,0.003,0.0062,0.0,0.0,0.0,0.1617,0.2306
depot-p18,0,True,527,2750,4450,7793,591,10245,8984,0,0,0,0,0,0,,0.0,49.0,51,49,0.0502,0.1307,0.0158,0.0128,0.0,0.0,0.0,0.5684,0.7793
depot-p19,0,True,164,591,863,1675,217,2317,1458,0,0,0,0,0,0,,0.0,32.0,34,32,0.0201,0.0157,0.0016,0.0026,0.0,0.0,0.0,0.0835,0.1242
depot-p20,0,True,286,1024,1659,3063,373,4420,2901,0,0,0,0,0,0,,0.0,57.0,60,57,0.0548,0.0679,0.0054,0.0048,0.0,0.0,0.0,0.295,0.4289
depot-p21,0,True,649,3391,5307,9403,700,13362,9604,0,0,0,0,0,0,,0.0,32.0,33,32,0.078,0.1944,0.0128,0.016,0.0,0.0,0.0,0.8846,1.1878
depot-p22,0,True,1411,9477,16547,27570,1533,42261,35458,0,0,0,0,0,7,,0.0,77.0,77,77,0.3214,1.294,0.0938,0.0778,0.0,0.0,0.0,14.1014,15.8995
driverlog-p01,0,True,14,40,42,99,17,107,66,0,0,0,0,0,0,,0.0,6.0,6,6,0.005,0.0002,0.0,0.0013,0.0,0.0,0.0,0.0053,0.0123
driverlog-p02,0,True,23,66,70,168,32,182,114,0,0,0,0,0,0,,0.0,14.0,14,14,0.0048,0.0003,0.0001,0.0011,0.0,0.0,0.0,0.0096,0.0164
driverlog-p03,0,True,26,70,70,170,30,184,115,0,0,0,0,0,0,,0.0,11.0,11,11,0.0048,0.0003,0.0001,0.0013,0.0,0.0,0.0,0.0071,0.0139
driverlog-p04,0,True,28,76,79,190,35,206,127,0,0,0,0,0,0,,0.0,12.0,12,12,0.0047,0.0004,0.0001,0.0013,0.0,0.0,0.0,0.0073,0.0143
driverlog-p05,0,True,34,102,108,253,43,277,169,0,0,0,0,0,0,,0.0,15.0,15,15,0.0053,0.0005,0.0001,0.0018,0.0,0.0,0.0,0.0083,0.0166
driverlog-p06,0,True,27,84,90,208,34,227,132,0,0,0,0,0,0,,0.0,10.0,10,10,0.0093,0.0005,0.0001,0.0014,0.0,0.0,0.0,0.0076,0.0192
driverlog-p07,0,True,39,114,117,277,46,300,173,0,0,0,0,0,0,,0.0,12.0,12,12,0.0089,0.0007,0.0001,0.0015,0.0,0.0,0.0,0.009,0.0206
driverlog-p08,0,True,48,150,156,363,57,403,233,0,0,0,0,0,0,,0.0,15.0,15,15,0.0054,0.0009,0.0001,0.0011,0.0,0.0,0.0,0.0106,0.0186
driverlog-p09,0,True,52,191,195,447,61,530,328,0,0,0,0,0,0,,0.0,18.0,19,18,0.0057,0.0013,0.0002,0.0013,0.0,0.0,0.0,0.0292,0.0383
driverlog-p10,0,True,83,303,303,695,89,833,502,0,0,0,0,0,0,,0.0,16.0,16,16,0.0236,0.0021,0.0003,0.0017,0.0,0.0,0.0,0.0204,0.0485
driverlog-p11,0,True,88,328,330,753,95,909,543,0,0,0,0,0,0,,0.0,18.0,19,18,0.0068,0.0024,0.0003,0.0016,0.0,0.0,0.0,0.031,0.0428
driverlog-p12,0,True,138,638,642,1429,149,1732,1106,0,0,0,0,0,0,,0.0,24.0,27,24,0.0082,0.0058,0.0012,0.0024,0.0,0.0,0.0,0.1353,0.1535
driverlog-p13,0,True,173,867,871,1921,183,2258,1516,0,0,0,0,0,0,,0.0,21.0,23,21,0.0082,0.0083,0.0017,0.0031,0.0,0.0,0.0,0.1442,0.1662
driverlog-p14,0,True,168,841,847,1867,179,2197,1474,0,0,0,0,0,0,,0.0,25.0,27,25,0.0088,0.0082,0.0016,0.0032,0.0,0.0,0.0,0.3521,0.3746
driverlog-p15,0,True,302,1737,1741,3791,313,4601,2949,0,0,0,0,0,0,,0.0,30.0,30,30,0.0169,0.0302,0.0038,0.0047,0.0,0.0,0.0,0.0984,0.1549
driverlog-p16,0,True,452,3522,3547,7545,476,8756,6291,0,0,0,0,0,7592,,0.0,51.0,56,51,0.0336,0.0896,0.0173,0.0096,0.0,0.0,0.0,254.1098,254.2616
driverlog-p17,0,True,588,4718,4743,10076,615,11889,8549,0,0,0,0,0,183,,0.0,57.0,61,57,0.0438,0.1453,0.0291,0.0134,0.0,0.0,0.0,14.9034,15.137
driverlog-p18,0,True,765,6628,6648,14068,792,16863,12253,0,0,0,0,0,3797,,0.0,62.0,64,62,0.0664,0.2814,0.0452,0.0212,0.0,0.0,0.0,122.3054,122.7219
driverlog-p19,2,True,902,8086,8111,17135,938,20567,15112,0,0,0,0,0,2773,,0.0,80.75,87,87,0.1107,0.4042,0.0716,0.0291,0.0,0.0,0.0,899.3953,900.0238
driverlog-p20,0,True,1171,12136,12152,25491,1203,29371,22350,0,0,0,0,0,2455,,0.0,79.0,83,79,0.393,0.7431,0.1079,0.0469,0.0,0.0,0.0,577.5223,578.8171
elevators-opt08-strips-p01,0,False,44,148,221,421,52,552,481,0,0,0,0,0,0,,0.0,32.0,35,32,0.0122,0.0009,0.0003,0.0016,0.0,0.0,0.0,0.0329,0.0484
elevators-opt08-strips-p02,0,False,56,198,304,564,62,727,624,0,0,0,0,0,0,,0.0,26.0,38,26,0.0062,0.0011,0.0004,0.0024,0.0,0.0,0.0,0.0325,0.0432
elevators-opt08-strips-p03,0,False,52,192,296,551,63,729,673,0,0,0,0,0,5,,0.0,38.0,46,38,0.0063,0.0012,0.0005,0.0014,0.0,0.0,0.0,0.0889,0.0988
elevators-opt08-strips-p04,0,False,62,249,377,700,74,931,817,0,0,0,0,0,141,,0.0,36.0,49,36,0.0058,0.0017,0.0009,0.0019,0.0,0.0,0.0,0.1135,0.1244
elevators-opt08-strips-p05,0,False,60,207,314,595,74,788,674,0,0,0,0,0,0,,0.0,38.0,52,38,0.0178,0.0015,0.0009,0.002,0.0,0.0,0.0,0.0451,0.0679
elevators-opt08-strips-p06,0,False,72,304,478,868,86,1169,1089,0,0,0,0,0,1159,,0.0,38.0,65,38,0.0067,0.0021,0.0014,0.0019,0.0,0.0,0.0,0.3519,0.3647
elevators-opt08-strips-p07,0,False,71,268,414,767,85,1009,918,0,0,0,0,0,2517,,0.0,38.0,52,38,0.0067,0.0019,0.001,0.0021,0.0,0.0,0.0,1.1689,1.1812
elevators-opt08-strips-p08,0,False,89,372,592,1062,98,1384,1294,0,0,0,0,0,1073,,0.0,33.0,78,33,0.01,0.0027,0.0017,0.0024,0.0,0.0,0.0,0.408,0.4254
elevators-opt08-strips-p09,0,False,80,314,495,905,96,1207,1143,0,0,0,0,0,3348,,0.0,48.0,65,48,0.0067,0.0023,0.0012,0.0022,0.0,0.0,0.0,0.5886,0.6018
elevators-opt08-strips-p10,0,False,94,421,687,1218,110,1643,1598,0,0,0,0,0,5753,,0.0,48.0,69,48,0.0076,0.0033,0.0023,0.0038,0.0,0.0,0.0,1.5173,1.5351
elevators-opt08-strips-p11,0,False,57,193,270,531,68,693,603,0,0,0,0,0,0,,0.0,41.0,51,41,0.0066,0.0014,0.0005,0.0024,0.0,0.0,0.0,0.0471,0.0588
elevators-opt08-strips-p12,0,False,66,252,366,696,78,916,831,0,0,0,0,0,0,,0.0,38.0,48,38,0.0061,0.0018,0.0009,0.002,0.0,0.0,0.0,0.0616,0.073
elevators-opt08-strips-p13,0,False,71,204,288,575,83,777,648,0,0,0,0,0,0,,0.0,47.0,74,47,0.0066,0.0018,0.0007,0.0018,0.0,0.0,0.0,0.0384,0.0498
elevators-opt08-strips-p14,0,False,77,305,449,848,94,1132,1017,0,0,0,0,0,0,,0.0,41.0,54,41,0.0068,0.0024,0.0018,0.0021,0.0,0.0,0.0,0.0519,0.0655
elevators-opt08-strips-p15,0,False,82,281,408,787,98,1051,957,0,0,0,0,0,0,,0.0,44.0,50,44,0.0069,0.0024,0.002,0.002,0.0,0.0,0.0,0.0594,0.0734
elevators-opt08-strips-p16,0,False,92,377,567,1054,110,1430,1325,0,0,0,0,0,0,,0.0,51.0,106,51,0.0248,0.0033,0.0029,0.0023,0.0,0.0,0.0,0.1779,0.2119
elevators-opt08-strips-p17,0,False,96,313,443,869,113,1163,995,0,0,0,0,0,259,,0.0,57.0,91,57,0.0243,0.0029,0.0019,0.0021,0.0,0.0,0.0,0.1505,0.1826
elevators-opt08-strips-p18,0,False,106,409,637,1172,126,1604,1499,0,0,0,0,0,0,,0.0,44.0,50,44,0.0073,0.0038,0.0027,0.0025,0.0,0.0,0.0,0.0642,0.0813
elevators-opt08-strips-p19,0,False,108,380,557,1065,128,1424,1312,0,0,0,0,0,0,,0.0,57.0,102,57,0.0069,0.0036,0.0034,0.0021,0.0,0.0,0.0,0.2008,0.2175
elevators-opt08-strips-p20,0,False,122,496,774,1412,142,1885,1797,0,0,0,0,0,0,,0.0,51.0,57,51,0.0078,0.0049,0.0045,0.0026,0.0,0.0,0.0,0.1578,0.1782
elevators-opt08-strips-p21,0,False,64,210,315,600,75,817,718,0,0,0,0,0,0,,0.0,34.0,44,34,0.0058,0.0015,0.0008,0.0015,0.0,0.0,0.0,0.0836,0.094
elevators-opt08-strips-p22,0,False,81,311,465,863,87,1143,1023,0,0,0,0,0,5051,,0.0,40.0,69,40,0.0064,0.0021,0.0014,0.002,0.0,0.0,0.0,1.1817,1.1942
elevators-opt08-strips-p23,0,False,78,277,425,793,91,1073,1000,0,0,0,0,0,0,,0.0,46.0,62,46,0.0062,0.0021,0.0013,0.0021,0.0,0.0,0.0,0.1213,0.1335
elevators-opt08-strips-p24,0,False,91,394,604,1102,104,1481,1370,0,0,0,0,0,5929,,0.0,49.0,82,49,0.0077,0.0029,0.0023,0.0032,0.0,0.0,0.0,3.2957,3.3127
elevators-opt08-strips-p25,0,False,90,339,518,964,107,1291,1183,0,0,0,0,0,0,,0.0,45.0,49,45,0.0232,0.0028,0.0018,0.0023,0.0,0.0,0.0,0.0957,0.1265
elevators-opt08-strips-p26,0,False,104,447,695,1263,121,1708,1590,0,0,0,0,0,0,,0.0,39.0,44,39,0.0079,0.0039,0.0033,0.0024,0.0,0.0,0.0,0.0831,0.1014
elevators-opt08-strips-p27,0,False,104,411,633,1167,123,1573,1476,0,0,0,0,0,0,,0.0,56.0,61,56,0.0068,0.0036,0.0046,0.0024,0.0,0.0,0.0,0.0983,0.1163
elevators-opt08-strips-p28,0,False,121,577,917,1632,138,2155,2098,0,0,0,0,0,1266,,0.0,51.0,87,51,0.0248,0.005,0.0044,0.0035,0.0,0.0,0.0,0.9965,1.035
elevators-opt08-strips-p29,0,False,125,466,713,1318,139,1779,1687,0,0,0,0,0,983,,0.0,57.0,102,57,0.0069,0.0047,0.0035,0.0025,0.0,0.0,0.0,1.0553,1.0735
elevators-opt08-strips-p30,0,False,136,593,935,1683,155,2278,2164,0,0,0,0,0,26,,0.0,57.0,103,57,0.0099,0.0063,0.0056,0.0029,0.0,0.0,0.0,0.2082,0.2335
elevators-opt11-strips-p01,0,False,57,193,270,531,68,693,603,0,0,0,0,0,0,,0.0,41.0,51,41,0.0219,0.0013,0.0005,0.0035,0.0,0.0,0.0,0.0471,0.075
elevators-opt11-strips-p02,0,False,64,210,315,600,75,817,718,0,0,0,0,0,0,,0.0,34.0,44,34,0.0058,0.0015,0.0008,0.0019,0.0,0.0,0.0,0.0835,0.0942
elevators-opt11-strips-p03,0,False,66,252,366,696,78,916,831,0,0,0,0,0,0,,0.0,38.0,48,38,0.0063,0.0018,0.0009,0.0019,0.0,0.0,0.0,0.0614,0.0729
elevators-opt11-strips-p04,0,False,52,192,296,551,63,729,673,0,0,0,0,0,5,,0.0,38.0,46,38,0.0058,0.0011,0.0005,0.0017,0.0,0.0,0.0,0.0883,0.0981
elevators-opt11-strips-p05,0,False,71,204,288,575,83,777,648,0,0,0,0,0,0,,0.0,47.0,74,47,0.007,0.0018,0.0007,0.0017,0.0,0.0,0.0,0.0387,0.0504
elevators-opt11-strips-p06,0,False,62,249,377,700,74,931,817,0,0,0,0,0,141,,0.0,36.0,49,36,0.0056,0.0016,0.0009,0.002,0.0,0.0,0.0,0.114,0.1249
elevators-opt11-strips-p07,0,False,104,447,695,1263,121,1708,1590,0,0,0,0,0,0,,0.0,39.0,44,39,0.0074,0.0039,0.0028,0.0022,0.0,0.0,0.0,0.0834,0.1004
elevators-opt11-strips-p08,0,False,60,207,314,595,74,788,674,0,0,0,0,0,0,,0.0,38.0,52,38,0.0055,0.0015,0.0009,0.0018,0.0,0.0,0.0,0.0456,0.0558
elevators-opt11-strips-p09,0,False,81,311,465,863,87,1143,1023,0,0,0,0,0,5051,,0.0,40.0,69,40,0.0253,0.0021,0.0012,0.002,0.0,0.0,0.0,1.1788,1.2101
elevators-opt11-strips-p10,0,False,77,305,449,848,94,1132,1017,0,0,0,0,0,0,,0.0,41.0,54,41,0.0068,0.0024,0.0018,0.0021,0.0,0.0,0.0,0.052,0.0657
elevators-opt11-strips-p11,0,False,121,577,917,1632,138,2155,2098,0,0,0,0,0,1266,,0.0,51.0,87,51,0.0088,0.0052,0.0044,0.003,0.0,0.0,0.0,0.9979,1.02
elevators-opt11-strips-p12,0,False,72,304,478,868,86,1169,1089,0,0,0,0,0,1159,,0.0,38.0,65,38,0.0065,0.0021,0.0014,0.0019,0.0,0.0,0.0,0.3487,0.3613
elevators-opt11-strips-p13,0,False,71,268,414,767,85,1009,918,0,0,0,0,0,2517,,0.0,38.0,52,38,0.0062,0.0018,0.001,0.0018,0.0,0.0,0.0,1.1716,1.1831
elevators-opt11-strips-p14,0,False,89,372,592,1062,98,1384,1294,0,0,0,0,0,1073,,0.0,33.0,78,33,0.0244,0.0027,0.0017,0.0023,0.0,0.0,0.0,0.4099,0.4418
elevators-opt11-strips-p15,0,False,80,314,495,905,96,1207,1143,0,0,0,0,0,3348,,0.0,48.0,65,48,0.0064,0.0023,0.0013,0.0022,0.0,0.0,0.0,0.5868,0.5997
elevators-opt11-strips-p16,0,False,82,281,408,787,98,1051,957,0,0,0,0,0,0,,0.0,44.0,50,44,0.025,0.0024,0.0016,0.0019,0.0,0.0,0.0,0.0597,0.0911
elevators-opt11-strips-p17,0,False,96,313,443,869,113,1163,995,0,0,0,0,0,259,,0.0,57.0,91,57,0.007,0.0029,0.0019,0.0018,0.0,0.0,0.0,0.1509,0.1653
elevators-opt11-strips-p18,0,False,106,409,637,1172,126,1604,1499,0,0,0,0,0,0,,0.0,44.0,50,44,0.0071,0.0038,0.0034,0.0023,0.0,0.0,0.0,0.064,0.0813
elevators-opt11-strips-p19,0,False,78,277,425,793,91,1073,1000,0,0,0,0,0,0,,0.0,46.0,62,46,0.0061,0.0021,0.001,0.0019,0.0,0.0,0.0,0.1206,0.1322
elevators-opt11-strips-p20,0,False,91,394,604,1102,104,1481,1370,0,0,0,0,0,5929,,0.0,49.0,82,49,0.0076,0.0029,0.0023,0.0022,0.0,0.0,0.0,3.3022,3.3182
elevators-sat08-strips-p01,0,False,60,268,424,766,74,1019,963,0,0,0,0,0,259,,0.0,42.0,67,42,0.0241,0.0018,0.0012,0.0024,0.0,0.0,0.0,0.1435,0.1735
elevators-sat08-strips-p02,0,False,71,326,528,940,86,1246,1204,0,0,0,0,0,0,,0.0,37.0,51,37,0.0063,0.0021,0.0014,0.0024,0.0,0.0,0.0,0.0714,0.0842
elevators-sat08-strips-p03,0,False,86,376,596,1070,98,1389,1312,0,0,0,0,0,0,,0.0,43.0,72,43,0.0064,0.0027,0.002,0.0023,0.0,0.0,0.0,0.0985,0.1126
elevators-sat08-strips-p04,0,False,92,427,685,1222,110,1622,1566,0,0,0,0,0,3033,,0.0,48.0,66,48,0.0072,0.0033,0.0023,0.0024,0.0,0.0,0.0,0.6223,0.6383
elevators-sat08-strips-p05,0,False,106,480,788,1390,122,1838,1798,0,0,0,0,0,970,,0.0,43.0,75,43,0.0078,0.0041,0.0031,0.0029,0.0,0.0,0.0,0.7192,0.7377
elevators-sat08-strips-p06,0,False,110,560,918,1612,134,2136,2115,0,0,0,0,0,5373,,0.0,48.0,76,48,0.0249,0.0049,0.0068,0.0031,0.0,0.0,0.0,4.4086,4.4493
elevators-sat08-strips-p07,0,False,121,607,999,1752,146,2350,2334,0,0,0,0,0,25,,0.0,48.0,75,48,0.0086,0.0057,0.0066,0.003,0.0,0.0,0.0,0.3956,0.4203
elevators-sat08-strips-p08,0,False,130,641,1059,1858,158,2459,2408,0,0,0,0,0,1760,,0.0,48.0,78,48,0.0097,0.0064,0.0077,0.0036,0.0,0.0,0.0,0.9249,0.9532
elevators-sat08-strips-p09,0,False,146,709,1173,2052,170,2751,2743,0,0,0,0,0,605,,0.0,48.0,85,48,0.0107,0.0074,0.012,0.0035,0.0,0.0,0.0,0.8845,0.9191
elevators-sat08-strips-p10,0,False,149,771,1281,2234,182,3022,3051,0,0,0,0,0,0,,0.0,43.0,57,43,0.0099,0.0085,0.0107,0.004,0.0,0.0,0.0,0.3648,0.3989
elevators-sat08-strips-p11,0,False,171,777,1189,2164,198,2843,2921,0,0,0,0,0,0,,0.0,64.0,84,64,0.0132,0.0116,0.0144,0.004,0.0,0.0,0.0,0.1479,0.192
elevators-sat08-strips-p12,0,False,204,910,1430,2578,238,3413,3529,0,0,0,0,0,0,,0.0,81.0,164,81,0.015,0.0163,0.0243,0.0039,0.0,0.0,0.0,0.2426,0.3031
elevators-sat08-strips-p13,0,False,244,1092,1714,3084,278,4002,4123,0,0,0,0,0,0,,0.0,81.0,130,81,0.0183,0.0216,0.0278,0.0045,0.0,0.0,0.0,0.3953,0.4686
elevators-sat08-strips-p14,0,False,274,1139,1853,3310,318,4423,4572,0,0,0,0,0,2480,,0.0,85.0,157,85,0.0201,0.0271,0.0316,0.0052,0.0,0.0,0.0,2.4173,2.5023
elevators-sat08-strips-p15,0,False,313,1334,2174,3866,358,5129,5370,0,0,0,0,0,2526,,0.0,91.0,154,91,0.0237,0.0347,0.0488,0.0057,0.0,0.0,0.0,2.763,2.8768
elevators-sat08-strips-p16,0,False,352,1470,2378,4246,398,5634,5778,0,0,0,0,0,2521,,0.0,81.0,195,81,0.0263,0.0432,0.0617,0.0067,0.0,0.0,0.0,2.5942,2.7332
elevators-sat08-strips-p17,0,False,384,1595,2611,4644,438,6153,6336,0,0,0,0,0,0,,0.0,91.0,152,91,0.028,0.0528,0.0634,0.0071,0.0,0.0,0.0,0.4622,0.6147
elevators-sat08-strips-p18,0,False,416,1850,3018,5346,478,7173,7610,0,0,0,0,0,4851,,0.0,90.0,143,90,0.0315,0.0622,0.0918,0.0086,0.0,0.0,0.0,4.6546,4.85
elevators-sat08-strips-p19,0,False,449,2022,3260,5800,518,7633,8003,0,0,0,0,0,6780,,0.0,96.0,169,96,0.0353,0.0754,0.1092,0.0093,0.0,0.0,0.0,9.2438,9.4746
elevators-sat08-strips-p20,0,False,496,2227,3587,6372,558,8408,8976,0,0,0,0,0,3651,,0.0,96.0,192,96,0.0389,0.0871,0.0995,0.0114,0.0,0.0,0.0,7.779,8.0175
elevators-sat08-strips-p21,0,False,363,2190,3550,6148,408,7798,9310,0,0,0,0,0,452,,0.0,102.0,131,102,0.0315,0.0598,0.1258,0.009,0.0,0.0,0.0,1.5421,1.7696
elevators-sat08-strips-p22,0,False,445,2316,3896,6707,495,8524,9795,0,0,0,0,0,43879,,0.0,114.0,260,114,0.042,0.0902,0.1368,0.0104,0.0,0.0,0.0,19.0983,19.3793
elevators-sat08-strips-p23,0,False,527,3078,5134,8794,582,11078,13336,0,0,0,0,0,2463,,0.0,112.0,149,112,0.0729,0.1289,0.2841,0.0146,0.0,0.0,0.0,2.8561,3.3589
elevators-sat08-strips-p24,0,False,605,3333,5693,9695,669,12469,15045,0,0,0,0,0,25877,,0.0,124.0,246,124,0.0662,0.169,0.2232,0.017,0.0,0.0,0.0,83.559,84.0365
elevators-sat08-strips-p25,0,False,679,3842,6510,11108,756,14101,16769,0,0,0,0,0,39792,,0.0,134.0,233,134,0.0816,0.2172,0.4832,0.0207,0.0,0.0,0.0,100.6848,101.4895
elevators-sat08-strips-p26,2,False,769,4665,7697,13205,843,16659,20248,0,0,0,0,0,296393,,0.0,129.0,278,134,0.0973,0.2767,0.5133,0.026,0.0,0.0,0.0,899.097,900.0244
elevators-sat08-strips-p27,0,False,844,4864,8272,14066,930,17886,21689,0,0,0,0,0,114053,,0.0,129.0,288,129,0.1151,0.3225,0.47,0.0291,0.0,0.0,0.0,623.9762,624.916
elevators-sat08-strips-p28,2,False,924,5315,9059,15391,1017,19633,23861,0,0,0,0,0,87065,,0.0,144.0,285,182,0.134,0.3907,0.9344,0.0332,0.0,0.0,0.0,898.5344,900.0391
elevators-sat08-strips-p29,0,False,1009,5562,9438,16104,1104,20469,24353,0,0,0,0,0,127539,,0.0,134.0,251,134,0.1557,0.4579,0.7174,0.0376,0.0,0.0,0.0,653.8515,655.2235
elevators-sat08-strips-p30,2,False,1085,6345,10689,18225,1191,23056,27927,0,0,0,0,0,103292,,0.0,134.0,356,166,0.1755,0.5503,1.0018,0.0438,0.0,0.0,0.0,898.2581,900.0483
elevators-sat11-strips-p01,0,False,274,1139,1853,3310,318,4423,4572,0,0,0,0,0,2480,,0.0,85.0,157,85,0.0191,0.0271,0.0318,0.0052,0.0,0.0,0.0,2.3738,2.4578
elevators-sat11-strips-p02,0,False,605,3333,5693,9695,669,12469,15045,0,0,0,0,0,25877,,0.0,124.0,246,124,0.0674,0.1693,0.2242,0.0173,0.0,0.0,0.0,83.5363,84.0166
elevators-sat11-strips-p03,2,False,769,4665,7697,13205,843,16659,20248,0,0,0,0,0,299460,,0.0,129.0,278,134,0.0984,0.2782,0.5188,0.0262,0.0,0.0,0.0,899.0982,900.0396
elevators-sat11-strips-p04,0,False,496,2227,3587,6372,558,8408,8976,0,0,0,0,0,3651,,0.0,96.0,192,96,0.0381,0.0873,0.0991,0.0108,0.0,0.0,0.0,7.7672,8.004
elevators-sat11-strips-p05,0,False,416,1850,3018,5346,478,7173,7610,0,0,0,0,0,4851,,0.0,90.0,143,90,0.0319,0.0625,0.0916,0.0091,0.0,0.0,0.0,4.6681,4.8645
elevators-sat11-strips-p06,0,False,844,4864,8272,14066,930,17886,21689,0,0,0,0,0,114053,,0.0,129.0,288,129,0.1147,0.323,0.4742,0.0288,0.0,0.0,0.0,623.6245,624.5681
elevators-sat11-strips-p07,0,False,679,3842,6510,11108,756,14101,16769,0,0,0,0,0,39792,,0.0,134.0,233,134,0.0802,0.2174,0.4607,0.0222,0.0,0.0,0.0,100.749,101.5316
elevators-sat11-strips-p08,2,False,924,5315,9059,15391,1017,19633,23861,0,0,0,0,0,87743,,0.0,144.0,285,182,0.1351,0.4006,0.9107,0.0342,0.0,0.0,0.0,898.5335,900.0266
elevators-sat11-strips-p09,0,False,1009,5562,9438,16104,1104,20469,24353,0,0,0,0,0,127539,,0.0,134.0,251,134,0.1546,0.458,0.6913,0.0377,0.0,0.0,0.0,656.7543,658.0994
elevators-sat11-strips-p10,2,False,1085,6345,10689,18225,1191,23056,27927,0,0,0,0,0,104116,,0.0,134.0,356,170,0.1772,0.5598,0.9988,0.0452,0.0,0.0,0.0,898.2292,900.0338
elevators-sat11-strips-p11,2,False,1270,12564,22532,36472,1376,45096,59303,0,0,0,0,0,33261,,0.0,136.0,373,204,0.3426,1.1491,2.8543,0.0989,0.0,0.0,0.0,902.6939,909.3029
elevators-sat11-strips-p12,2,False,1357,13378,23946,38796,1472,48290,63774,0,0,0,0,0,13528,,0.0,125.0,288,186,0.3976,1.3099,2.8497,0.1106,0.0,0.0,0.0,895.3658,900.0446
elevators-sat11-strips-p13,2,False,1451,14533,26053,42154,1568,52483,69716,0,0,0,0,0,10031,,0.0,129.0,307,247,0.454,1.5431,3.9958,0.1395,0.0,0.0,0.0,893.9578,900.125
elevators-sat11-strips-p14,2,False,1537,15673,28145,45482,1664,56323,74788,0,0,0,0,0,5117,,0.0,135.125,380,198,0.5049,1.7247,4.6009,0.1407,0.0,0.0,0.0,893.095,900.0932
elevators-sat11-strips-p15,2,False,1635,16528,29712,48000,1760,59351,79257,0,0,0,0,0,9575,,0.0,127.506,345,249,0.5597,1.9504,4.2955,0.1541,0.0,0.0,0.0,893.0748,900.1018
elevators-sat11-strips-p16,2,False,1908,13619,23819,39470,2032,49805,63557,0,0,0,0,0,18793,,0.0,208.031,632,275,0.5814,2.0572,6.2773,0.1413,0.0,0.0,0.0,891.0791,900.1548
elevators-sat11-strips-p17,2,False,2124,15472,26928,44672,2272,56400,72141,0,0,0,0,0,24366,,0.0,223.0,654,381,0.7182,2.7243,8.7501,0.2582,0.0,0.0,0.0,893.8338,909.3312
elevators-sat11-strips-p18,2,False,2362,17613,30253,50378,2512,63393,81143,0,0,0,0,0,6481,,0.0,208.304,605,341,0.871,3.3965,8.2731,0.2033,0.0,0.0,0.0,887.2946,900.0526
elevators-sat11-strips-p19,2,False,2588,19342,33302,55396,2752,69390,88939,0,0,0,0,0,15109,,0.0,230.0,603,301,1.0273,4.1585,11.099,0.2472,0.0,0.0,0.0,883.5188,900.0776
elevators-sat11-strips-p20,2,False,2817,20197,35357,58546,2992,74249,95490,0,0,0,0,0,25438,,0.0,238.0,694,334,1.2006,4.9225,15.3162,0.2786,0.0,0.0,0.0,878.3335,900.076
floortile-opt11-strips-opt-p01-001,0,False,25,78,92,207,37,211,138,0,0,0,0,0,0,,0.0,28.0,28,28,0.0217,0.0005,0.0001,0.0015,0.0,0.0,0.0,0.0077,0.0319
floortile-opt11-strips-opt-p01-002,0,False,24,78,90,205,37,208,134,0,0,0,0,0,0,,0.0,25.0,32,25,0.0228,0.0005,0.0001,0.0017,0.0,0.0,0.0,0.0148,0.0404
floortile-opt11-strips-opt-p02-003,0,False,32,121,146,314,47,341,231,0,0,0,0,0,0,,0.0,42.0,45,42,0.0223,0.0008,0.0001,0.002,0.0,0.0,0.0,0.0437,0.0695
floortile-opt11-strips-opt-p02-004,0,False,31,113,127,286,46,295,194,0,0,0,0,0,0,,0.0,34.0,34,34,0.0056,0.0007,0.0001,0.0014,0.0,0.0,0.0,0.0094,0.0176
floortile-opt11-strips-opt-p03-005,0,False,36,148,168,372,56,397,260,0,0,0,0,0,0,,0.0,42.0,44,42,0.0229,0.001,0.0002,0.0017,0.0,0.0,0.0,0.0228,0.0491
floortile-opt11-strips-opt-p03-006,0,False,36,139,162,357,56,377,244,0,0,0,0,0,0,,0.0,43.0,48,43,0.0054,0.0009,0.0002,0.0013,0.0,0.0,0.0,0.0133,0.0216
floortile-opt11-strips-opt-p04-007,0,False,40,156,182,399,61,422,272,0,0,0,0,0,0,,0.0,45.0,45,45,0.0054,0.0011,0.0002,0.0015,0.0,0.0,0.0,0.0134,0.0221
floortile-opt11-strips-opt-p04-008,0,False,41,161,195,418,62,453,297,0,0,0,0,0,0,,0.0,49.0,49,49,0.0057,0.0012,0.0002,0.0016,0.0,0.0,0.0,0.0133,0.0224
floortile-opt11-strips-opt-p05-009,0,False,48,198,216,486,72,505,317,0,0,0,0,0,0,,0.0,56.0,56,56,0.0061,0.0015,0.0003,0.0015,0.0,0.0,0.0,0.0416,0.0516
floortile-opt11-strips-opt-p05-010,0,False,48,203,229,505,73,534,353,0,0,0,0,0,0,,0.0,57.0,61,57,0.006,0.0016,0.0003,0.0014,0.0,0.0,0.0,0.0502,0.06
floortile-opt11-strips-opt-p06-011,0,False,56,242,277,605,86,645,422,0,0,0,0,0,0,,0.0,70.0,78,70,0.0061,0.0021,0.0004,0.0016,0.0,0.0,0.0,0.1305,0.1412
floortile-opt11-strips-opt-p06-012,0,False,56,249,275,609,85,643,429,0,0,0,0,0,0,,0.0,68.0,74,68,0.0061,0.002,0.0004,0.0014,0.0,0.0,0.0,0.0662,0.0767
floortile-opt11-strips-opt-p07-013,0,False,60,266,309,667,92,719,471,0,0,0,0,0,0,,0.0,71.0,75,71,0.0062,0.0025,0.0006,0.0017,0.0,0.0,0.0,0.0933,0.1049
floortile-opt11-strips-opt-p07-014,0,False,61,267,296,654,91,690,451,0,0,0,0,0,0,,0.0,69.0,73,69,0.0064,0.0023,0.0005,0.0018,0.0,0.0,0.0,0.0407,0.0522
floortile-opt11-strips-opt-p08-015,0,False,105,473,530,1146,143,1227,729,0,0,0,0,0,0,,0.0,84.0,89,84,0.0075,0.0056,0.0011,0.0021,0.0,0.0,0.0,0.1688,0.1856
floortile-opt11-strips-opt-p08-016,0,False,105,468,533,1144,143,1228,751,0,0,0,0,0,0,,0.0,86.0,92,86,0.0094,0.0054,0.0011,0.002,0.0,0.0,0.0,0.2688,0.2873
floortile-opt11-strips-opt-p09-017,0,False,161,738,820,1762,204,1885,1106,0,0,0,0,0,0,,0.0,94.0,106,94,0.0114,0.0117,0.0021,0.0025,0.0,0.0,0.0,0.4923,0.5205
floortile-opt11-strips-opt-p09-018,0,False,160,736,802,1741,203,1845,1108,0,0,0,0,0,0,,0.0,95.0,105,95,0.0121,0.0127,0.0027,0.0026,0.0,0.0,0.0,0.4825,0.5132
floortile-opt11-strips-opt-p10-019,0,False,127,581,658,1410,171,1517,932,0,0,0,0,0,0,,0.0,104.0,115,104,0.0266,0.0085,0.0017,0.0025,0.0,0.0,0.0,0.8675,0.9074
floortile-opt11-strips-opt-p10-020,0,False,126,586,664,1421,171,1532,939,0,0,0,0,0,1304,,0.0,104.0,116,104,0.0089,0.0082,0.0016,0.0025,0.0,0.0,0.0,1.7642,1.7861
floortile-opt14-strips-p01-4-3-2,0,False,31,108,134,289,47,309,196,0,0,0,0,0,0,,0.0,36.0,36,36,0.0057,0.0007,0.0001,0.0014,0.0,0.0,0.0,0.0095,0.0177
floortile-opt14-strips-p01-4-4-2,0,False,40,164,195,421,62,455,301,0,0,0,0,0,0,,0.0,46.0,47,46,0.0234,0.0011,0.0002,0.0013,0.0,0.0,0.0,0.0283,0.0549
floortile-opt14-strips-p01-5-3-2,0,False,36,141,164,361,56,383,253,0,0,0,0,0,0,,0.0,44.0,44,44,0.0053,0.001,0.0002,0.0014,0.0,0.0,0.0,0.0131,0.0215
floortile-opt14-strips-p01-5-4-2,0,False,49,205,239,518,74,555,357,0,0,0,0,0,0,,0.0,58.0,64,58,0.006,0.0016,0.0003,0.0053,0.0,0.0,0.0,0.0709,0.0845
floortile-opt14-strips-p01-5-5-2,0,False,61,268,307,667,92,716,460,0,0,0,0,0,0,,0.0,69.0,69,69,0.0063,0.0023,0.0005,0.0016,0.0,0.0,0.0,0.0192,0.0305
floortile-opt14-strips-p01-6-4-2,0,False,56,249,271,605,85,634,420,0,0,0,0,0,0,,0.0,68.0,74,68,0.0061,0.002,0.0005,0.002,0.0,0.0,0.0,0.0738,0.085
floortile-opt14-strips-p01-6-5-2,0,False,70,319,359,785,107,838,545,0,0,0,0,0,0,,0.0,84.0,90,84,0.0071,0.0032,0.0007,0.0021,0.0,0.0,0.0,0.1445,0.1582
floortile-opt14-strips-p02-4-4-2,0,False,41,165,199,426,62,462,311,0,0,0,0,0,0,,0.0,49.0,61,49,0.0059,0.0013,0.0002,0.0014,0.0,0.0,0.0,0.0279,0.0371
floortile-opt14-strips-p02-5-3-2,0,False,36,137,164,357,56,380,253,0,0,0,0,0,0,,0.0,45.0,47,45,0.0057,0.001,0.0002,0.0015,0.0,0.0,0.0,0.0241,0.0331
floortile-opt14-strips-p02-5-4-2,0,False,49,205,239,518,74,557,376,0,0,0,0,0,0,,0.0,62.0,62,62,0.008,0.0017,0.0003,0.0017,0.0,0.0,0.0,0.0173,0.0295
floortile-opt14-strips-p02-5-5-2,0,False,60,252,296,640,92,686,435,0,0,0,0,0,0,,0.0,71.0,81,71,0.0064,0.0023,0.0005,0.0023,0.0,0.0,0.0,0.1387,0.1507
floortile-opt14-strips-p02-6-4-2,0,False,57,254,285,625,86,667,431,0,0,0,0,0,0,,0.0,68.0,73,68,0.007,0.0021,0.0004,0.0018,0.0,0.0,0.0,0.046,0.058
floortile-opt14-strips-p02-6-5-2,0,False,70,318,362,787,107,844,565,0,0,0,0,0,0,,0.0,92.0,99,92,0.0245,0.0033,0.0008,0.0019,0.0,0.0,0.0,0.279,0.3101
floortile-opt14-strips-p03-4-3-2,0,False,30,109,136,292,47,317,212,0,0,0,0,0,0,,0.0,40.0,40,40,0.0055,0.0007,0.0001,0.0014,0.0,0.0,0.0,0.0119,0.0201
floortile-opt14-strips-p03-4-4-2,0,False,40,154,190,406,62,442,292,0,0,0,0,0,0,,0.0,50.0,60,50,0.0059,0.0012,0.0002,0.0015,0.0,0.0,0.0,0.0275,0.0368
floortile-opt14-strips-p03-5-3-2,0,False,36,137,164,357,56,380,256,0,0,0,0,0,0,,0.0,45.0,47,45,0.0055,0.001,0.0002,0.0015,0.0,0.0,0.0,0.0265,0.0351
floortile-opt14-strips-p03-5-4-2,0,False,48,198,233,505,74,540,349,0,0,0,0,0,0,,0.0,58.0,62,58,0.006,0.0016,0.0003,0.0019,0.0,0.0,0.0,0.1099,0.1202
floortile-opt14-strips-p03-5-5-2,0,False,60,261,292,644,91,679,444,0,0,0,0,0,0,,0.0,69.0,75,69,0.0235,0.0022,0.0005,0.0018,0.0,0.0,0.0,0.122,0.1507
floortile-opt14-strips-p03-6-4-2,0,False,57,249,284,619,86,662,446,0,0,0,0,0,0,,0.0,74.0,78,74,0.0069,0.0022,0.0004,0.0017,0.0,0.0,0.0,0.0618,0.0735
floortile-opt14-strips-p03-6-5-2,0,False,70,315,359,781,107,836,549,0,0,0,0,0,0,,0.0,86.0,90,86,0.0232,0.0032,0.0008,0.002,0.0,0.0,0.0,0.1715,0.2013
floortile-sat11-strips-seq-p01-001,0,False,30,106,124,276,46,286,188,0,0,0,0,0,0,,0.0,33.0,34,33,0.005,0.0007,0.0001,0.0012,0.0,0.0,0.0,0.0172,0.0247
floortile-sat11-strips-seq-p01-002,0,False,30,112,130,288,46,302,208,0,0,0,0,0,0,,0.0,35.0,35,35,0.0053,0.0007,0.0001,0.0011,0.0,0.0,0.0,0.0098,0.0175
floortile-sat11-strips-seq-p02-003,0,False,36,140,164,360,56,383,252,0,0,0,0,0,0,,0.0,44.0,47,44,0.0051,0.001,0.0002,0.0013,0.0,0.0,0.0,0.0238,0.0318
floortile-sat11-strips-seq-p02-004,0,False,37,148,174,378,56,405,279,0,0,0,0,0,0,,0.0,50.0,54,50,0.0053,0.0011,0.0002,0.0018,0.0,0.0,0.0,0.0244,0.0334
floortile-sat11-strips-seq-p03-005,0,False,40,155,177,393,61,410,262,0,0,0,0,0,0,,0.0,44.0,44,44,0.0051,0.0011,0.0002,0.0014,0.0,0.0,0.0,0.015,0.0232
floortile-sat11-strips-seq-p03-006,0,False,40,156,187,405,62,434,273,0,0,0,0,0,0,,0.0,45.0,45,45,0.0054,0.0011,0.0002,0.0015,0.0,0.0,0.0,0.0214,0.0302
floortile-sat11-strips-seq-p04-007,0,False,48,205,231,509,73,539,361,0,0,0,0,0,0,,0.0,56.0,56,56,0.006,0.0015,0.0003,0.0015,0.0,0.0,0.0,0.0164,0.0261
floortile-sat11-strips-seq-p04-008,0,False,48,196,219,488,73,508,333,0,0,0,0,0,0,,0.0,56.0,62,56,0.0059,0.0015,0.0003,0.0016,0.0,0.0,0.0,0.0384,0.0482
floortile-sat11-strips-seq-p05-009,0,False,56,245,268,598,85,626,419,0,0,0,0,0,0,,0.0,68.0,72,68,0.0059,0.0021,0.0005,0.0018,0.0,0.0,0.0,0.0813,0.0921
floortile-sat11-strips-seq-p05-010,0,False,56,246,272,603,85,635,419,0,0,0,0,0,0,,0.0,68.0,72,68,0.0058,0.0021,0.0004,0.0016,0.0,0.0,0.0,0.0769,0.0873
floortile-sat11-strips-seq-p06-011,0,False,60,263,303,658,92,706,455,0,0,0,0,0,0,,0.0,70.0,73,70,0.0063,0.0023,0.0005,0.0017,0.0,0.0,0.0,0.0992,0.1104
floortile-sat11-strips-seq-p06-012,0,False,61,263,306,661,92,711,460,0,0,0,0,0,0,,0.0,73.0,79,73,0.0061,0.0025,0.0005,0.0016,0.0,0.0,0.0,0.0612,0.0725
floortile-sat11-strips-seq-p07-013,0,False,105,458,506,1106,142,1167,716,0,0,0,0,0,0,,0.0,84.0,96,84,0.0075,0.0058,0.0014,0.0022,0.0,0.0,0.0,0.2025,0.2201
floortile-sat11-strips-seq-p07-014,0,False,106,473,537,1153,143,1238,752,0,0,0,0,0,0,,0.0,87.0,95,87,0.0082,0.0058,0.0011,0.0023,0.0,0.0,0.0,0.1444,0.1625
floortile-sat11-strips-seq-p08-015,0,False,127,591,664,1426,171,1533,918,0,0,0,0,0,0,,0.0,100.0,112,100,0.0108,0.0082,0.0018,0.0024,0.0,0.0,0.0,0.3496,0.3734
floortile-sat11-strips-seq-p08-016,0,False,127,579,655,1405,171,1508,907,0,0,0,0,0,14,,0.0,102.0,118,102,0.009,0.009,0.0019,0.0025,0.0,0.0,0.0,0.5476,0.5708
floortile-sat11-strips-seq-p09-017,0,False,144,685,759,1639,195,1755,1057,0,0,0,0,0,0,,0.0,113.0,126,113,0.0097,0.0124,0.0027,0.0022,0.0,0.0,0.0,0.3981,0.4259
floortile-sat11-strips-seq-p09-018,0,False,144,671,731,1596,194,1687,1023,0,0,0,0,0,0,,0.0,114.0,126,114,0.0113,0.0112,0.0024,0.0022,0.0,0.0,0.0,0.6327,0.6606
floortile-sat11-strips-seq-p10-019,0,False,169,822,910,1959,227,2100,1278,0,0,0,0,0,5194,,0.0,137.0,147,137,0.0115,0.0181,0.0041,0.0029,0.0,0.0,0.0,17.3056,17.3432
floortile-sat11-strips-seq-p10-020,0,False,169,816,887,1929,226,2047,1233,0,0,0,0,0,0,,0.0,131.0,154,131,0.0111,0.0171,0.0045,0.0038,0.0,0.0,0.0,0.4829,0.52
floortile-sat14-strips-p01-4-3-2,0,False,31,108,134,289,47,309,196,0,0,0,0,0,0,,0.0,36.0,36,36,0.0056,0.0007,0.0001,0.0017,0.0,0.0,0.0,0.0097,0.0182
floortile-sat14-strips-p01-5-4-2,0,False,49,205,239,518,74,555,357,0,0,0,0,0,0,,0.0,58.0,64,58,0.0058,0.0016,0.0003,0.0015,0.0,0.0,0.0,0.071,0.0807
floortile-sat14-strips-p01-5-5-2,0,False,61,268,307,667,92,716,460,0,0,0,0,0,0,,0.0,69.0,69,69,0.0073,0.0023,0.0005,0.0019,0.0,0.0,0.0,0.019,0.0315
floortile-sat14-strips-p01-6-4-2,0,False,56,249,271,605,85,634,420,0,0,0,0,0,0,,0.0,68.0,74,68,0.0059,0.002,0.0004,0.0017,0.0,0.0,0.0,0.0737,0.0844
floortile-sat14-strips-p01-6-5-2,0,False,70,319,359,785,107,838,545,0,0,0,0,0,0,,0.0,84.0,90,84,0.007,0.0032,0.0007,0.0015,0.0,0.0,0.0,0.1448,0.1578
floortile-sat14-strips-p01-6-5-3,0,False,105,465,513,1120,142,1184,724,0,0,0,0,0,0,,0.0,84.0,94,84,0.0085,0.0055,0.0011,0.0021,0.0,0.0,0.0,0.1591,0.177
floortile-sat14-strips-p02-5-4-2,0,False,49,205,239,518,74,557,376,0,0,0,0,0,0,,0.0,62.0,62,62,0.0064,0.0017,0.0003,0.0015,0.0,0.0,0.0,0.0174,0.0277
floortile-sat14-strips-p02-6-4-2,0,False,57,254,285,625,86,667,431,0,0,0,0,0,0,,0.0,68.0,73,68,0.006,0.0021,0.0004,0.0023,0.0,0.0,0.0,0.0462,0.0576
floortile-sat14-strips-p02-6-5-2,0,False,70,318,362,787,107,844,565,0,0,0,0,0,0,,0.0,92.0,99,92,0.0096,0.0034,0.0008,0.0016,0.0,0.0,0.0,0.2769,0.293
floortile-sat14-strips-p02-6-5-3,0,False,105,469,530,1142,143,1222,738,0,0,0,0,0,0,,0.0,84.0,98,84,0.0087,0.0055,0.0011,0.0025,0.0,0.0,0.0,0.291,0.3095
floortile-sat14-strips-p03-6-4-2,0,False,57,249,284,619,86,662,446,0,0,0,0,0,0,,0.0,74.0,78,74,0.0061,0.0022,0.0004,0.0014,0.0,0.0,0.0,0.0623,0.073
floortile-sat14-strips-p03-6-5-2,0,False,70,315,359,781,107,836,549,0,0,0,0,0,0,,0.0,86.0,90,86,0.0074,0.0035,0.001,0.0018,0.0,0.0,0.0,0.1272,0.1414
floortile-sat14-strips-p03-6-5-3,0,False,106,471,535,1149,143,1232,748,0,0,0,0,0,0,,0.0,85.0,95,85,0.0078,0.0061,0.0013,0.0019,0.0,0.0,0.0,0.1531,0.1709
floortile-sat14-strips-p04-5-4-2,0,False,49,207,241,522,74,562,378,0,0,0,0,0,0,,0.0,63.0,63,63,0.006,0.0017,0.0003,0.0016,0.0,0.0,0.0,0.0168,0.0269
floortile-sat14-strips-p04-5-5-2,0,False,62,276,317,685,92,739,488,0,0,0,0,0,0,,0.0,79.0,85,79,0.0065,0.0025,0.0005,0.0017,0.0,0.0,0.0,0.1328,0.1448
floortile-sat14-strips-p04-6-5-2,0,False,71,324,366,797,107,854,565,0,0,0,0,0,0,,0.0,89.0,93,89,0.0085,0.0037,0.0007,0.0021,0.0,0.0,0.0,0.1289,0.1445
floortile-sat14-strips-p04-6-5-3,0,False,106,471,523,1136,142,1205,721,0,0,0,0,0,0,,0.0,84.0,90,84,0.0083,0.0058,0.0014,0.0024,0.0,0.0,0.0,0.4606,0.479
floortile-sat14-strips-p05-4-3-2,0,False,30,112,132,291,47,311,198,0,0,0,0,0,0,,0.0,33.0,36,33,0.0056,0.0007,0.0001,0.0012,0.0,0.0,0.0,0.0223,0.0305
floortile-sat14-strips-p05-6-5-2,0,False,70,318,344,768,106,805,523,0,0,0,0,0,0,,0.0,84.0,88,84,0.0066,0.0031,0.0007,0.0017,0.0,0.0,0.0,0.1299,0.1427
floortile-sat14-strips-p05-6-5-3,0,False,106,485,531,1158,142,1227,760,0,0,0,0,0,0,,0.0,84.0,96,84,0.0079,0.0056,0.001,0.0019,0.0,0.0,0.0,0.1091,0.1262
freecell-p01,0,True,27,176,558,787,53,972,1190,0,0,0,0,0,0,,0.0,8.0,10,8,0.0082,0.0018,0.0004,0.0018,0.0,0.0,0.0,0.0417,0.0545
freecell-p02,0,True,43,367,1094,1541,80,1913,2582,0,0,0,0,0,985,,0.0,14.0,18,14,0.0096,0.0047,0.0016,0.0026,0.0,0.0,0.0,0.6016,0.621
freecell-p03,0,True,59,522,1473,2103,108,2648,3813,0,0,0,0,0,0,,0.0,18.0,21,18,0.0142,0.0093,0.0026,0.0039,0.0,0.0,0.0,0.1405,0.1713
freecell-p04,0,True,72,566,1514,2214,134,2990,4187,0,0,0,0,0,1262,,0.0,26.0,32,26,0.0135,0.0113,0.003,0.0041,0.0,0.0,0.0,0.8255,0.8582
freecell-p05,0,True,93,1080,2990,4236,166,5151,8622,0,0,0,0,0,74919,,0.0,30.0,40,30,0.0218,0.0248,0.0149,0.0061,0.0,0.0,0.0,576.4741,576.543
freecell-p06,0,True,108,1517,4156,5866,193,7070,12172,0,0,0,0,0,21627,,0.0,34.0,46,34,0.0265,0.0363,0.0255,0.0082,0.0,0.0,0.0,13.3359,13.4346
freecell-p07,2,True,109,1434,3974,5603,195,6808,12506,0,0,0,0,0,82061,,0.0,36.0,46,39,0.028,0.0408,0.0214,0.0085,0.0,0.0,0.0,899.9151,900.0808
freecell-p08,2,True,127,1961,5410,7596,225,9147,16980,0,0,0,0,0,81073,,0.0,43.0,57,45,0.0375,0.057,0.0406,0.0118,0.0,0.0,0.0,902.5576,905.4289
freecell-p09,2,True,128,1969,5359,7554,226,9100,16890,0,0,0,0,0,53342,,0.0,38.0,48,41,0.0386,0.0604,0.0369,0.012,0.0,0.0,0.0,899.8881,900.0943
freecell-p10,2,True,144,2561,6980,9795,254,11717,22055,0,0,0,0,0,59652,,0.0,46.0,59,48,0.0506,0.0874,0.0791,0.0152,0.0,0.0,0.0,902.5741,904.5084
freecell-p11,2,True,146,2579,6957,9792,256,11759,22331,0,0,0,0,0,48343,,0.0,45.0,62,49,0.0526,0.0898,0.0742,0.0159,0.0,0.0,0.0,899.799,900.0468
freecell-p12,2,True,144,2547,6914,9715,254,11665,22111,0,0,0,0,0,41125,,0.0,43.0,59,46,0.052,0.0906,0.071,0.0149,0.0,0.0,0.0,903.2313,904.7663
freecell-p13,2,True,162,3607,10043,13933,283,16015,31234,0,0,0,0,0,13066,,0.0,48.0,65,56,0.0698,0.1422,0.1396,0.0213,0.0,0.0,0.0,899.6478,900.092
freecell-p14,2,True,162,3620,10066,13969,283,16013,30980,0,0,0,0,0,21963,,0.0,48.0,66,55,0.0679,0.1323,0.1686,0.0214,0.0,0.0,0.0,904.4218,905.329
freecell-p15,2,True,179,4016,10768,15097,313,17948,34503,0,0,0,0,0,17721,,0.0,55.0,78,61,0.1038,0.1809,0.2195,0.0247,0.0,0.0,0.0,899.517,900.0568
freecell-p16,2,True,178,4434,12304,17049,311,19515,38392,0,0,0,0,0,8504,,0.0,54.0,71,59,0.106,0.1899,0.2353,0.0268,0.0,0.0,0.0,899.4699,900.0785
freecell-p17,2,True,196,5384,14875,20600,341,23515,46871,0,0,0,0,0,145438,,0.0,59.0,85,60,0.13,0.3576,0.3737,0.0329,0.0,0.0,0.0,899.1142,900.0151
freecell-p18,2,True,198,4850,12981,18175,344,21581,42009,0,0,0,0,0,5783,,0.0,65.0,86,71,0.1315,0.2447,0.3021,0.0298,0.0,0.0,0.0,899.3348,900.0574
freecell-p19,2,True,216,5773,15251,21398,374,25416,50078,0,0,0,0,0,3104,,0.0,68.0,93,93,0.1609,0.3472,0.3739,0.0352,0.0,0.0,0.0,899.1342,900.0638
freecell-p20,2,True,214,5734,15263,21369,372,25403,50014,0,0,0,0,0,3602,,0.0,62.0,90,90,0.1626,0.3558,0.4,0.0355,0.0,0.0,0.0,899.1164,900.0852
freecell-probfreecell-10-1,2,True,168,4367,11843,16500,290,19524,37786,0,0,0,0,0,6076,,0.0,49.0,69,57,0.1202,0.1958,0.1957,0.0266,0.0,0.0,0.0,899.4922,900.0504
freecell-probfreecell-10-2,2,True,167,4371,11776,16436,289,19432,37628,0,0,0,0,0,4317,,0.0,50.021,64,52,0.1194,0.199,0.1832,0.0262,0.0,0.0,0.0,899.5158,900.0498
freecell-probfreecell-10-3,0,True,167,4862,13493,18643,288,21198,41915,0,0,0,0,0,0,,0.0,49.0,66,49,0.1155,0.2614,0.2536,0.0277,0.0,0.0,0.0,6.1333,6.797
freecell-probfreecell-10-4,2,True,168,4882,13430,18601,289,21162,41706,0,0,0,0,0,7094,,0.0,49.0,66,55,0.1169,0.2058,0.2379,0.0277,0.0,0.0,0.0,899.4499,900.0748
freecell-probfreecell-10-5,2,True,169,4905,13520,18715,290,21282,42084,0,0,0,0,0,4352,,0.0,49.0,68,59,0.1158,0.2731,0.2711,0.0278,0.0,0.0,0.0,899.4107,900.106
freecell-probfreecell-11-1,2,True,184,4844,12967,18129,318,21476,41892,0,0,0,0,0,3593,,0.0,54.0,76,76,0.1316,0.2372,0.251,0.0285,0.0,0.0,0.0,899.3857,900.0412
freecell-probfreecell-11-2,2,True,183,4850,12908,18075,317,21398,41820,0,0,0,0,0,3195,,0.0,55.0,72,57,0.1304,0.2352,0.2221,0.0283,0.0,0.0,0.0,899.4127,900.0358
freecell-probfreecell-11-3,2,True,184,5387,14741,20445,317,23317,46293,0,0,0,0,0,6249,,0.0,54.0,76,56,0.1304,0.3504,0.3223,0.0313,0.0,0.0,0.0,899.1996,900.0564
freecell-probfreecell-11-4,2,True,184,5401,14726,20444,317,23297,46308,0,0,0,0,0,4192,,0.0,57.0,75,64,0.1299,0.2638,0.3184,0.0308,0.0,0.0,0.0,899.2686,900.0295
freecell-probfreecell-11-5,2,True,184,4859,13003,18180,318,21518,42013,0,0,0,0,0,8144,,0.0,57.0,76,66,0.1138,0.238,0.2559,0.0283,0.0,0.0,0.0,899.4754,900.1208
freecell-probfreecell-12-1,2,True,200,5295,14173,19814,346,23513,46077,0,0,0,0,0,4597,,0.0,59.0,84,84,0.1444,0.2824,0.3045,0.0317,0.0,0.0,0.0,899.2895,900.071
freecell-probfreecell-12-2,2,True,199,5319,14080,19744,345,23401,45957,0,0,0,0,0,3951,,0.0,59.0,80,62,0.146,0.2753,0.2679,0.0321,0.0,0.0,0.0,899.3441,900.0733
freecell-probfreecell-12-3,2,True,200,5908,16042,22295,345,25453,50844,0,0,0,0,0,5953,,0.0,61.0,83,63,0.141,0.4324,0.3771,0.0352,0.0,0.0,0.0,899.0837,900.0792
freecell-probfreecell-12-4,2,True,200,5331,14157,19834,346,23516,46116,0,0,0,0,0,5501,,0.0,60.0,83,70,0.1436,0.3032,0.31,0.032,0.0,0.0,0.0,899.2254,900.0358
freecell-probfreecell-12-5,2,True,200,5319,14140,19805,346,23489,46144,0,0,0,0,0,7092,,0.0,63.0,85,74,0.146,0.2875,0.3169,0.0317,0.0,0.0,0.0,899.2613,900.0609
freecell-probfreecell-13-1,2,True,216,5755,15336,21465,374,25507,50234,0,0,0,0,0,3048,,0.0,64.0,91,82,0.1726,0.3266,0.4134,0.0365,0.0,0.0,0.0,899.1181,900.0745
freecell-probfreecell-13-2,2,True,215,5769,15229,21371,373,25380,50122,0,0,0,0,0,5327,,0.0,66.0,88,68,0.1613,0.3278,0.32,0.036,0.0,0.0,0.0,899.2261,900.0807
freecell-probfreecell-13-3,2,True,215,5767,15265,21405,373,25425,50087,0,0,0,0,0,4066,,0.0,67.0,89,71,0.1617,0.3295,0.3748,0.0359,0.0,0.0,0.0,899.1101,900.02
freecell-probfreecell-13-4,2,True,215,5778,15259,21410,373,25423,50112,0,0,0,0,0,4929,,0.0,66.0,90,90,0.1635,0.3485,0.3738,0.0353,0.0,0.0,0.0,899.1111,900.0599
freecell-probfreecell-13-5,2,True,216,5766,15307,21447,374,25480,50227,0,0,0,0,0,11590,,0.0,68.0,92,82,0.1597,0.3276,0.3794,0.0356,0.0,0.0,0.0,899.1462,900.0584
freecell-probfreecell-2-1,0,True,44,831,2637,3536,68,3756,5417,0,0,0,0,0,0,,0.0,9.0,9,9,0.0341,0.0118,0.0021,0.0047,0.0,0.0,0.0,0.1319,0.1856
freecell-probfreecell-2-2,0,True,43,813,2680,3561,68,3794,5630,0,0,0,0,0,0,,0.0,8.0,8,8,0.034,0.0107,0.0019,0.0049,0.0,0.0,0.0,0.1343,0.187
freecell-probfreecell-2-3,0,True,44,848,2672,3589,69,3817,6092,0,0,0,0,0,0,,0.0,8.0,9,8,0.0344,0.012,0.0017,0.0053,0.0,0.0,0.0,0.1826,0.2382
freecell-probfreecell-2-4,0,True,44,832,2716,3616,68,3848,5709,0,0,0,0,0,0,,0.0,8.0,9,8,0.0348,0.012,0.0023,0.0051,0.0,0.0,0.0,0.1406,0.1959
freecell-probfreecell-2-5,0,True,44,831,2659,3558,68,3768,5527,0,0,0,0,0,0,,0.0,9.0,9,9,0.0378,0.0115,0.0021,0.0049,0.0,0.0,0.0,0.1337,0.1912
freecell-probfreecell-3-1,0,True,59,1306,4180,5581,95,6088,9671,0,0,0,0,0,0,,0.0,14.0,16,14,0.0265,0.0238,0.0097,0.0072,0.0,0.0,0.0,0.4198,0.4883
freecell-probfreecell-3-2,0,True,58,1286,4162,5542,94,6033,9596,0,0,0,0,0,0,,0.0,13.0,14,13,0.0256,0.0236,0.0076,0.0073,0.0,0.0,0.0,0.2895,0.3563
freecell-probfreecell-3-3,0,True,58,1286,4169,5549,94,6031,9616,0,0,0,0,0,0,,0.0,12.0,15,12,0.0272,0.0234,0.008,0.0068,0.0,0.0,0.0,0.512,0.5787
freecell-probfreecell-3-4,0,True,59,1310,4162,5567,95,6066,9780,0,0,0,0,0,0,,0.0,12.0,14,12,0.0255,0.0231,0.0072,0.0071,0.0,0.0,0.0,0.2337,0.2979
freecell-probfreecell-3-5,0,True,58,1286,4192,5572,94,6071,9718,0,0,0,0,0,0,,0.0,13.0,15,13,0.0243,0.0228,0.0075,0.0072,0.0,0.0,0.0,0.4132,0.4767
freecell-probfreecell-4-1,0,True,75,1819,5917,7861,125,8686,14981,0,0,0,0,0,0,,0.0,19.0,24,19,0.0352,0.0382,0.02,0.0097,0.0,0.0,0.0,0.8946,0.9997
freecell-probfreecell-4-2,0,True,74,1798,5522,7442,122,8207,14194,0,0,0,0,0,0,,0.0,17.0,19,17,0.0358,0.0378,0.0144,0.009,0.0,0.0,0.0,0.6835,0.7824
freecell-probfreecell-4-3,0,True,72,1783,5593,7497,121,8287,14199,0,0,0,0,0,0,,0.0,18.0,22,18,0.0345,0.0362,0.0208,0.0093,0.0,0.0,0.0,0.6266,0.7292
freecell-probfreecell-4-4,0,True,75,1818,5498,7439,123,8196,14113,0,0,0,0,0,0,,0.0,18.0,22,18,0.0357,0.0383,0.0179,0.0089,0.0,0.0,0.0,0.6424,0.7462
freecell-probfreecell-4-5,0,True,72,1802,5630,7553,121,8381,14275,0,0,0,0,0,89372,,0.0,18.0,22,18,0.0375,0.0363,0.0219,0.0092,0.0,0.0,0.0,102.6861,102.793
freecell-probfreecell-5-1,2,True,89,2336,7291,9778,151,10921,19839,0,0,0,0,0,33981,,0.0,23.0,31,24,0.0434,0.0549,0.0399,0.0132,0.0,0.0,0.0,899.8628,900.0313
freecell-probfreecell-5-2,0,True,91,2330,6883,9364,151,10388,18810,0,0,0,0,0,0,,0.0,23.0,25,23,0.0435,0.0565,0.0289,0.0128,0.0,0.0,0.0,1.2644,1.4088
freecell-probfreecell-5-3,0,True,88,2305,6838,9292,149,10383,18553,0,0,0,0,0,0,,0.0,24.0,30,24,0.0423,0.0547,0.0399,0.0132,0.0,0.0,0.0,0.9445,1.0972
freecell-probfreecell-5-4,0,True,89,2336,6955,9441,150,10516,19023,0,0,0,0,0,191473,,0.0,23.0,29,23,0.0429,0.0554,0.0373,0.0126,0.0,0.0,0.0,170.3156,170.4656
freecell-probfreecell-5-5,2,True,89,2318,6963,9431,150,10540,18962,0,0,0,0,0,57630,,0.0,22.0,31,25,0.0425,0.0549,0.0501,0.013,0.0,0.0,0.0,902.741,904.4318
freecell-probfreecell-6-1,2,True,105,2821,8316,11315,178,12729,23760,0,0,0,0,0,10605,,0.0,27.0,38,30,0.0528,0.0768,0.0808,0.0145,0.0,0.0,0.0,899.792,900.0462
freecell-probfreecell-6-2,0,True,107,2840,8261,11280,179,12578,23228,0,0,0,0,0,2816,,0.0,28.0,32,28,0.0689,0.0778,0.0558,0.0144,0.0,0.0,0.0,5.4708,5.6909
freecell-probfreecell-6-3,0,True,104,2818,8220,11215,177,12608,23489,0,0,0,0,0,0,,0.0,28.0,33,28,0.0573,0.0769,0.0423,0.0146,0.0,0.0,0.0,1.539,1.733
freecell-probfreecell-6-4,0,True,104,2834,8357,11368,177,12737,23890,0,0,0,0,0,218702,,0.0,28.0,37,28,0.053,0.0759,0.0663,0.0153,0.0,0.0,0.0,300.1261,300.3396
freecell-probfreecell-6-5,2,True,105,2857,8308,11343,178,12726,23804,0,0,0,0,0,51694,,0.0,28.0,39,32,0.0555,0.0787,0.0694,0.0146,0.0,0.0,0.0,903.3655,905.6498
freecell-probfreecell-7-1,2,True,121,3361,9597,13164,206,14841,28305,0,0,0,0,0,17411,,0.0,32.0,43,36,0.0634,0.1047,0.0971,0.0191,0.0,0.0,0.0,899.7308,900.1098
freecell-probfreecell-7-2,2,True,121,3349,9515,13070,206,14763,28137,0,0,0,0,0,12499,,0.0,32.0,39,34,0.0794,0.1085,0.0675,0.0178,0.0,0.0,0.0,899.7565,900.0793
freecell-probfreecell-7-3,0,True,120,3349,9534,13088,205,14762,28234,0,0,0,0,0,0,,0.0,32.0,40,32,0.0792,0.1021,0.0749,0.0174,0.0,0.0,0.0,1.8362,2.1141
freecell-probfreecell-7-4,2,True,120,3355,9526,13086,205,14737,28171,0,0,0,0,0,27698,,0.0,33.0,44,35,0.3375,0.1032,0.0992,0.0176,0.0,0.0,0.0,903.66,904.3845
freecell-probfreecell-7-5,2,True,121,3369,9563,13138,206,14805,28266,0,0,0,0,0,30560,,0.0,36.0,46,40,0.0825,0.1011,0.1015,0.0175,0.0,0.0,0.0,902.841,904.3225
freecell-probfreecell-8-1,2,True,137,3864,10914,15012,234,16990,32839,0,0,0,0,0,16261,,0.0,37.0,53,44,0.3212,0.1308,0.1434,0.021,0.0,0.0,0.0,899.4072,900.0324
freecell-probfreecell-8-2,2,True,135,3452,9462,13147,233,15468,29492,0,0,0,0,0,10711,,0.0,37.0,48,39,0.0737,0.1275,0.0894,0.019,0.0,0.0,0.0,899.7105,900.0441
freecell-probfreecell-8-3,0,True,136,3852,10895,14980,233,16959,32847,0,0,0,0,0,0,,0.0,38.0,49,38,0.0906,0.1392,0.1192,0.0207,0.0,0.0,0.0,2.062,2.4376
freecell-probfreecell-8-4,2,True,136,3867,10776,14876,233,16832,32536,0,0,0,0,0,19749,,0.0,38.0,51,41,0.0771,0.1304,0.1241,0.0208,0.0,0.0,0.0,899.6719,900.1168
freecell-probfreecell-8-5,2,True,137,3890,10865,14989,234,16947,32841,0,0,0,0,0,18042,,0.0,40.0,54,46,0.0923,0.1343,0.1493,0.021,0.0,0.0,0.0,899.6243,900.1113
freecell-probfreecell-9-1,2,True,153,4376,12163,16801,262,19085,37276,0,0,0,0,0,11219,,0.0,42.0,61,47,0.1066,0.1647,0.1871,0.026,0.0,0.0,0.0,899.5676,900.0599
freecell-probfreecell-9-2,2,True,150,3898,10556,14714,260,17360,33357,0,0,0,0,0,8365,,0.0,42.031,58,44,0.1079,0.1673,0.1175,0.0224,0.0,0.0,0.0,899.607,900.0541
freecell-probfreecell-9-3,0,True,152,4373,12196,16830,261,19088,37435,0,0,0,0,0,0,,0.0,44.0,56,44,0.1056,0.2127,0.1737,0.0259,0.0,0.0,0.0,4.4271,4.9479
freecell-probfreecell-9-4,2,True,152,4370,12085,16716,261,18980,37122,0,0,0,0,0,11400,,0.0,44.0,58,49,0.0855,0.1634,0.1723,0.0259,0.0,0.0,0.0,899.5788,900.074
freecell-probfreecell-9-5,2,True,153,4402,12184,16848,262,19108,37475,0,0,0,0,0,8726,,0.0,45.0,60,51,0.1056,0.17,0.2015,0.0265,0.0,0.0,0.0,899.5406,900.099
ged-opt14-strips-d-1-2,0,False,47,102,225,375,48,548,567,0,0,0,0,0,0,,0.0,1.0,1,1,0.024,0.0006,0.0001,0.0036,0.0,0.0,0.0,0.0173,0.0461
ged-opt14-strips-d-1-3,0,False,118,456,1044,1626,126,2327,2751,0,0,0,0,0,0,,0.0,1.0,1,1,0.0246,0.0044,0.0066,0.0029,0.0,0.0,0.0,0.0649,0.1042
ged-opt14-strips-d-1-4,0,False,47,102,225,375,48,548,567,0,0,0,0,0,0,,0.0,1.0,1,1,0.0056,0.0006,0.0001,0.0015,0.0,0.0,0.0,0.0174,0.0257
ged-opt14-strips-d-1-8,0,False,151,630,1449,2239,160,3196,3839,0,0,0,0,0,0,,0.0,1.0,1,1,0.0077,0.0073,0.019,0.0036,0.0,0.0,0.0,0.0865,0.1247
ged-opt14-strips-d-2-1,0,False,47,102,225,375,48,548,567,0,0,0,0,0,0,,0.0,1.0,1,1,0.0054,0.0006,0.0001,0.0016,0.0,0.0,0.0,0.0172,0.0254
ged-opt14-strips-d-2-3,0,False,89,310,705,1111,96,1596,1843,0,0,0,0,0,0,,0.0,1.0,1,1,0.0067,0.0024,0.0022,0.0026,0.0,0.0,0.0,0.0485,0.0629
ged-opt14-strips-d-2-4,0,False,64,192,432,694,70,1003,1115,0,0,0,0,0,0,,0.0,1.0,1,1,0.006,0.0013,0.0005,0.002,0.0,0.0,0.0,0.0294,0.0396
ged-opt14-strips-d-2-8,0,False,230,1062,2457,3759,240,5348,6555,0,0,0,0,0,0,,0.0,1.0,1,1,0.0131,0.0174,0.0941,0.0056,0.0,0.0,0.0,0.153,0.2841
ged-opt14-strips-d-3-1,0,False,118,456,1044,1626,126,2327,2751,0,0,0,0,0,0,,0.0,1.0,1,1,0.0096,0.0044,0.0066,0.0034,0.0,0.0,0.0,0.0664,0.0911
ged-opt14-strips-d-3-2,0,False,89,310,705,1111,96,1596,1843,0,0,0,0,0,0,,0.0,1.0,1,1,0.0065,0.0025,0.0022,0.0031,0.0,0.0,0.0,0.0487,0.0635
ged-opt14-strips-d-3-4,0,False,150,630,1449,2239,160,3196,3839,0,0,0,0,0,0,,0.0,1.0,1,1,0.0085,0.0073,0.0167,0.004,0.0,0.0,0.0,0.0857,0.1227
ged-opt14-strips-d-4-2,0,False,64,192,432,694,70,1003,1115,0,0,0,0,0,0,,0.0,1.0,1,1,0.0062,0.0013,0.0005,0.0058,0.0,0.0,0.0,0.0292,0.0434
ged-opt14-strips-d-4-3,0,False,150,630,1449,2239,160,3196,3839,0,0,0,0,0,0,,0.0,1.0,1,1,0.0088,0.0072,0.0203,0.0037,0.0,0.0,0.0,0.086,0.1266
ged-opt14-strips-d-4-8,0,False,230,1062,2457,3759,240,5348,6555,0,0,0,0,0,0,,0.0,1.0,1,1,0.0315,0.0176,0.0786,0.0057,0.0,0.0,0.0,0.1535,0.2878
ged-opt14-strips-d-7-5,0,False,151,630,1449,2239,160,3196,3839,0,0,0,0,0,0,,0.0,1.0,1,1,0.0088,0.0072,0.0156,0.0039,0.0,0.0,0.0,0.0854,0.1217
ged-opt14-strips-d-7-6,0,False,119,456,1044,1626,126,2327,2748,0,0,0,0,0,0,,0.0,0.0,0,0,0.0069,0.0043,0.0002,0.0028,0.0,0.0,0.0,0.0371,0.0521
ged-opt14-strips-d-8-1,0,False,151,630,1449,2239,160,3196,3839,0,0,0,0,0,0,,0.0,1.0,1,1,0.0077,0.0072,0.0156,0.0038,0.0,0.0,0.0,0.086,0.1211
ged-opt14-strips-d-8-2,0,False,230,1062,2457,3759,240,5348,6555,0,0,0,0,0,0,,0.0,1.0,1,1,0.0125,0.0174,0.0814,0.0054,0.0,0.0,0.0,0.1521,0.2697
ged-opt14-strips-d-8-4,0,False,230,1062,2457,3759,240,5348,6555,0,0,0,0,0,0,,0.0,1.0,1,1,0.013,0.0174,0.0777,0.0056,0.0,0.0,0.0,0.1529,0.2675
ged-opt14-strips-d-8-9,0,False,228,1062,2457,3759,240,5348,6555,0,0,0,0,0,0,,0.0,1.0,1,1,0.0139,0.0177,0.0927,0.0055,0.0,0.0,0.0,0.1519,0.2825
ged-sat14-strips-d-10-1,0,False,695,3910,9129,13759,720,19476,24619,0,0,0,0,0,0,,0.0,1.0,1,1,0.064,0.194,5.3208,0.0261,0.0,0.0,0.0,0.6786,6.2858
ged-sat14-strips-d-10-2,0,False,694,3910,9129,13759,720,19476,24619,0,0,0,0,0,0,,0.0,1.0,1,1,0.046,0.1938,5.4762,0.0264,0.0,0.0,0.0,0.6814,6.4263
ged-sat14-strips-d-10-3,0,False,769,4392,10260,15450,798,21863,27687,0,0,0,0,0,0,,0.0,1.0,1,1,0.0552,0.2397,7.7687,0.0324,0.0,0.0,0.0,0.774,8.8718
ged-sat14-strips-d-10-4,0,False,696,3910,9129,13759,720,19476,24619,0,0,0,0,0,0,,0.0,1.0,1,1,0.0448,0.1938,5.4067,0.0269,0.0,0.0,0.0,0.6786,6.3533
ged-sat14-strips-d-10-5,0,False,1024,6006,14049,21111,1056,29852,37971,0,0,0,0,0,0,,0.0,1.0,1,1,0.0847,0.4342,20.3095,0.0498,0.0,0.0,0.0,1.0916,21.9738
ged-sat14-strips-d-10-6,0,False,1023,6006,14049,21111,1056,29852,37971,0,0,0,0,0,0,,0.0,1.0,1,1,0.0864,0.435,20.181,0.0494,0.0,0.0,0.0,1.0924,21.8475
ged-sat14-strips-d-11-1,0,False,774,4392,10260,15450,798,21863,27687,0,0,0,0,0,0,,0.0,1.0,1,1,0.0549,0.2399,7.786,0.0331,0.0,0.0,0.0,0.7766,8.8923
ged-sat14-strips-d-11-3,0,False,772,4392,10260,15450,798,21863,27687,0,0,0,0,0,0,,0.0,1.0,1,1,0.0538,0.2402,7.7707,0.0324,0.0,0.0,0.0,0.7734,8.8724
ged-sat14-strips-d-11-5,0,False,937,5440,12720,19126,966,27051,34363,0,0,0,0,0,0,,0.0,1.0,1,1,0.0734,0.3639,14.8344,0.0444,0.0,0.0,0.0,0.9747,16.2933
ged-sat14-strips-d-11-6,0,False,851,4902,11457,17239,880,24388,30935,0,0,0,0,0,0,,0.0,1.0,1,1,0.0622,0.2973,10.6627,0.0376,0.0,0.0,0.0,0.8679,11.9297
ged-sat14-strips-d-12-11,0,False,854,4902,11457,17239,880,24388,30935,0,0,0,0,0,0,,0.0,1.0,1,1,0.0612,0.2993,10.7265,0.0376,0.0,0.0,0.0,0.8735,12.0001
ged-sat14-strips-d-12-2,0,False,1217,7222,16905,25375,1248,35868,45727,0,0,0,0,0,0,,0.0,1.0,1,1,0.1136,0.6187,35.6468,0.0661,0.0,0.0,0.0,1.4027,37.8527
ged-sat14-strips-d-12-3,0,False,1316,7872,18432,27654,1350,39083,49875,0,0,0,0,0,0,,0.0,1.0,1,1,0.1326,0.7271,45.512,0.0803,0.0,0.0,0.0,1.5466,48.0023
ged-sat14-strips-d-12-5,0,False,1420,8550,20025,30031,1456,42436,54203,0,0,0,0,0,0,,0.0,1.0,1,1,0.1484,0.8515,59.1288,0.0869,0.0,0.0,0.0,1.6899,61.9103
ged-sat14-strips-d-12-6,0,False,1213,7222,16905,25375,1248,35868,45727,0,0,0,0,0,0,,0.0,1.0,1,1,0.1132,0.6273,35.5078,0.0677,0.0,0.0,0.0,1.3961,37.717
ged-sat14-strips-d-12-7,0,False,1315,7872,18432,27654,1350,39083,49875,0,0,0,0,0,0,,0.0,1.0,1,1,0.1489,0.7424,45.3868,0.0769,0.0,0.0,0.0,1.5394,47.8981
ged-sat14-strips-d-12-8,0,False,1530,9256,21684,32506,1566,45927,58711,0,0,0,0,0,0,,0.0,1.0,1,1,0.1746,0.9971,74.1837,0.1076,0.0,0.0,0.0,1.8714,77.3399
ged-sat14-strips-d-12-9,0,False,1528,9256,21684,32506,1566,45927,58711,0,0,0,0,0,0,,0.0,1.0,1,1,0.1739,1.0003,74.8495,0.108,0.0,0.0,0.0,1.8577,77.995
ged-sat14-strips-d-3-6,0,False,775,4392,10260,15450,798,21863,27687,0,0,0,0,0,0,,0.0,1.0,1,1,0.0546,0.2435,7.7739,0.0324,0.0,0.0,0.0,0.7662,8.8724
ged-sat14-strips-d-9-5,0,False,856,4902,11457,17239,880,24388,30935,0,0,0,0,0,0,,0.0,1.0,1,1,0.0634,0.3,10.6529,0.0381,0.0,0.0,0.0,0.8602,11.9166
grid-prob01,0,True,42,105,109,265,51,289,169,0,0,0,0,0,0,,0.0,10.0,10,10,0.0164,0.0068,0.0001,0.0014,0.0,0.0,0.0,0.0076,0.0328
grid-prob02,0,True,63,204,212,490,74,506,360,0,0,0,0,0,0,,0.0,20.0,23,20,0.0294,0.022,0.0003,0.0015,0.0,0.0,0.0,0.0851,0.1391
grid-prob03,0,True,95,240,248,602,114,666,401,0,0,0,0,0,0,,0.0,26.0,26,26,0.0518,0.0508,0.0005,0.0014,0.0,0.0,0.0,0.0127,0.1181
grid-prob04,0,True,105,419,439,977,119,948,717,0,0,0,0,0,40,,0.0,23.0,26,23,0.1094,0.0715,0.0008,0.0023,0.0,0.0,0.0,0.1428,0.328
grid-prob05,0,True,158,447,457,1096,192,1220,784,0,0,0,0,0,0,,0.0,50.0,52,50,0.1621,0.2053,0.0023,0.0023,0.0,0.0,0.0,0.1579,0.5314
gripper-prob01,0,True,8,16,25,59,17,54,40,0,0,0,0,0,0,,0.0,9.0,9,9,0.0218,0.0001,0.0,0.0013,0.0,0.0,0.0,0.0062,0.0299
gripper-prob02,0,True,12,24,37,87,25,80,60,0,0,0,0,0,0,,0.0,13.0,13,13,0.0228,0.0002,0.0,0.0013,0.0,0.0,0.0,0.0075,0.0322
gripper-prob03,0,True,16,32,49,115,33,106,80,0,0,0,0,0,0,,0.0,17.0,17,17,0.0053,0.0003,0.0001,0.001,0.0,0.0,0.0,0.0087,0.0157
gripper-prob04,0,True,20,40,61,143,41,132,100,0,0,0,0,0,0,,0.0,21.0,21,21,0.0047,0.0003,0.0001,0.0013,0.0,0.0,0.0,0.0101,0.0169
gripper-prob05,0,True,24,48,73,171,49,158,120,0,0,0,0,0,0,,0.0,25.0,25,25,0.005,0.0004,0.0001,0.0013,0.0,0.0,0.0,0.0116,0.0188
gripper-prob06,0,True,28,56,85,199,57,184,140,0,0,0,0,0,0,,0.0,29.0,29,29,0.0056,0.0006,0.0001,0.0013,0.0,0.0,0.0,0.0127,0.0208
gripper-prob07,0,True,32,64,97,227,65,210,160,0,0,0,0,0,0,,0.0,33.0,33,33,0.0054,0.0007,0.0002,0.0013,0.0,0.0,0.0,0.0139,0.022
gripper-prob08,0,True,36,72,109,255,73,236,180,0,0,0,0,0,0,,0.0,37.0,37,37,0.0053,0.0008,0.0002,0.0013,0.0,0.0,0.0,0.0154,0.0236
gripper-prob09,0,True,40,80,121,283,81,262,200,0,0,0,0,0,0,,0.0,41.0,41,41,0.0052,0.001,0.0003,0.0014,0.0,0.0,0.0,0.0174,0.0257
gripper-prob10,0,True,44,88,133,311,89,288,220,0,0,0,0,0,0,,0.0,45.0,45,45,0.0053,0.0012,0.0004,0.0013,0.0,0.0,0.0,0.0182,0.0267
gripper-prob11,0,True,48,96,145,339,97,314,240,0,0,0,0,0,0,,0.0,49.0,49,49,0.0054,0.0014,0.0005,0.0012,0.0,0.0,0.0,0.0196,0.0285
gripper-prob12,0,True,52,104,157,367,105,340,260,0,0,0,0,0,0,,0.0,53.0,53,53,0.0041,0.0016,0.0006,0.0014,0.0,0.0,0.0,0.0208,0.0289
gripper-prob13,0,True,56,112,169,395,113,366,280,0,0,0,0,0,0,,0.0,57.0,57,57,0.0059,0.0018,0.0007,0.0015,0.0,0.0,0.0,0.0222,0.0327
gripper-prob14,0,True,60,120,181,423,121,392,300,0,0,0,0,0,0,,0.0,61.0,61,61,0.006,0.002,0.0008,0.0012,0.0,0.0,0.0,0.0229,0.0334
gripper-prob15,0,True,64,128,193,451,129,418,320,0,0,0,0,0,0,,0.0,65.0,65,65,0.0053,0.0023,0.001,0.0015,0.0,0.0,0.0,0.0245,0.0351
gripper-prob16,0,True,68,136,205,479,137,444,340,0,0,0,0,0,0,,0.0,69.0,69,69,0.0264,0.0026,0.0011,0.0019,0.0,0.0,0.0,0.0262,0.0588
gripper-prob17,0,True,72,144,217,507,145,470,360,0,0,0,0,0,0,,0.0,73.0,73,73,0.0056,0.0029,0.0012,0.0015,0.0,0.0,0.0,0.0275,0.0392
gripper-prob18,0,True,76,152,229,535,153,496,380,0,0,0,0,0,0,,0.0,77.0,77,77,0.0057,0.0032,0.0014,0.0016,0.0,0.0,0.0,0.0286,0.0411
gripper-prob19,0,True,80,160,241,563,161,522,400,0,0,0,0,0,0,,0.0,81.0,81,81,0.0061,0.0035,0.0016,0.0014,0.0,0.0,0.0,0.03,0.043
gripper-prob20,0,True,84,168,253,591,169,548,420,0,0,0,0,0,0,,0.0,85.0,85,85,0.0057,0.0039,0.0018,0.0014,0.0,0.0,0.0,0.0314,0.0446
hiking-agl14-strips-testing-3-4-3,0,True,17,381,1497,1913,35,1671,675,0,0,0,0,0,0,,0.0,9.0,10,9,0.0195,0.0097,0.0009,0.0019,0.0,0.0,0.0,0.0609,0.0937
hiking-agl14-strips-testing-3-4-4,0,True,24,570,2244,2865,51,2517,1048,0,0,0,0,0,0,,0.0,13.0,15,13,0.0311,0.0307,0.0024,0.0027,0.0,0.0,0.0,0.1754,0.2432
hiking-agl14-strips-testing-3-4-5,0,True,31,759,2991,3817,67,3363,1424,0,0,0,0,0,0,,0.0,17.0,20,17,0.0477,0.0786,0.0048,0.0032,0.0,0.0,0.0,0.1455,0.2814
hiking-agl14-strips-testing-3-4-6,0,True,38,948,3738,4769,83,4219,2953,0,0,0,0,0,0,,0.0,21.0,25,21,0.0742,0.1338,0.0052,0.0043,0.0,0.0,0.0,0.2569,0.4764
hiking-agl14-strips-testing-3-4-7,0,True,45,1137,4485,5721,99,5055,2173,0,0,0,0,0,0,,0.0,25.0,30,25,0.0989,0.2859,0.0133,0.0045,0.0,0.0,0.0,0.4961,0.9016
hiking-agl14-strips-testing-3-4-8,0,True,52,1326,5232,6673,115,5901,2549,0,0,0,0,0,0,,0.0,29.0,35,29,0.1357,0.4906,0.0196,0.0052,0.0,0.0,0.0,0.7041,1.3587
hiking-agl14-strips-testing-3-4-9,0,True,59,1515,5979,7625,131,6763,4772,0,0,0,0,0,0,,0.0,33.0,40,33,0.1766,0.6691,0.0174,0.0063,0.0,0.0,0.0,1.2299,2.1046
hiking-agl14-strips-testing-4-5-3,0,True,22,1156,4580,5782,46,4862,2557,0,0,0,0,0,0,,0.0,11.0,12,11,0.0418,0.0468,0.0037,0.0039,0.0,0.0,0.0,0.2331,0.3309
hiking-agl14-strips-testing-4-5-4,0,True,31,1732,6868,8667,67,7301,2261,0,0,0,0,0,0,,0.0,16.0,18,16,0.078,0.1851,0.0142,0.0055,0.0,0.0,0.0,0.3173,0.6026
hiking-agl14-strips-testing-4-5-5,0,True,40,2308,9156,11552,88,9744,3060,0,0,0,0,0,0,,0.0,21.0,24,21,0.133,0.4923,0.0277,0.0077,0.0,0.0,0.0,0.4862,1.151
hiking-agl14-strips-testing-4-5-6,0,True,49,2884,11444,14437,109,12197,6600,0,0,0,0,0,0,,0.0,26.0,30,26,0.1979,0.8693,0.0333,0.0098,0.0,0.0,0.0,1.2594,2.3754
hiking-agl14-strips-testing-4-5-7,0,True,58,3460,13732,17322,130,14642,7948,0,0,0,0,0,0,,0.0,31.0,36,31,0.285,1.6614,0.052,0.0126,0.0,0.0,0.0,2.7248,4.7438
hiking-agl14-strips-testing-4-5-8,0,True,67,4036,16020,20207,151,17073,5460,0,0,0,0,0,0,,0.0,36.0,42,36,0.3892,3.6622,0.1211,0.014,0.0,0.0,0.0,2.501,6.6976
hiking-agl14-strips-testing-4-5-9,0,True,76,4612,18308,23092,172,19516,6261,0,0,0,0,0,0,,0.0,41.0,48,41,0.5181,6.1543,0.1748,0.016,0.0,0.0,0.0,3.8274,10.7035
hiking-agl14-strips-testing-5-6-3,0,True,27,2755,10955,13767,57,11365,4820,0,0,0,0,0,0,,0.0,13.0,14,13,0.0906,0.1872,0.0174,0.0087,0.0,0.0,0.0,0.581,0.9962
hiking-agl14-strips-testing-5-6-4,0,True,38,4130,16430,20643,83,17065,7339,0,0,0,0,0,0,,0.0,19.0,21,19,0.1763,0.7165,0.0532,0.0132,0.0,0.0,0.0,0.9486,1.9143
hiking-agl14-strips-testing-5-6-5,0,True,49,5505,21905,27519,109,22757,5599,0,0,0,0,0,0,,0.0,25.0,28,25,0.336,2.4223,0.1253,0.0182,0.0,0.0,0.0,1.3078,4.2205
hiking-agl14-strips-testing-5-6-6,0,True,60,6880,27380,34395,135,28475,17704,0,0,0,0,0,0,,0.0,31.0,35,31,0.4709,3.8962,0.1221,0.0258,0.0,0.0,0.0,3.7931,8.3273
hiking-agl14-strips-testing-5-6-7,0,True,71,8255,32855,41271,161,34189,27679,0,0,0,0,0,0,,0.0,37.0,42,37,0.6692,8.2117,0.1065,0.0363,0.0,0.0,0.0,14.2931,23.334
hiking-agl14-strips-testing-5-6-8,0,True,82,9630,38330,48147,187,39851,9964,0,0,0,0,0,0,,0.0,43.0,49,43,0.9225,19.4296,0.5145,0.0359,0.0,0.0,0.0,10.103,31.0282
hiking-opt14-strips-ptesting-1-2-3,0,True,4,9,35,59,13,73,38,0,0,0,0,0,0,,0.0,5.0,6,5,0.0046,0.0002,0.0,0.0012,0.0,0.0,0.0,0.0038,0.0102
hiking-opt14-strips-ptesting-1-2-4,0,True,6,7,34,63,19,89,44,0,0,0,0,0,0,,0.0,7.0,7,7,0.0056,0.0003,0.0,0.001,0.0,0.0,0.0,0.0045,0.0119
hiking-opt14-strips-ptesting-1-2-5,0,True,8,17,69,115,25,153,84,0,0,0,0,0,0,,0.0,9.0,9,9,0.0063,0.0006,0.0,0.001,0.0,0.0,0.0,0.0056,0.0139
hiking-opt14-strips-ptesting-1-2-7,0,True,12,13,67,123,37,185,97,0,0,0,0,0,0,,0.0,13.0,13,13,0.0068,0.0014,0.0001,0.0011,0.0,0.0,0.0,0.0063,0.0161
hiking-opt14-strips-ptesting-1-2-8,0,True,14,15,78,143,43,217,114,0,0,0,0,0,0,,0.0,15.0,15,15,0.008,0.0021,0.0001,0.0011,0.0,0.0,0.0,0.0069,0.0186
hiking-opt14-strips-ptesting-2-2-3,0,True,10,58,218,298,22,306,104,0,0,0,0,0,0,,0.0,7.0,8,7,0.0068,0.0011,0.0001,0.001,0.0,0.0,0.0,0.0112,0.0206
hiking-opt14-strips-ptesting-2-2-4,0,True,14,86,326,444,32,466,172,0,0,0,0,0,0,,0.0,10.0,12,10,0.0109,0.0027,0.0002,0.0013,0.0,0.0,0.0,0.0129,0.0285
hiking-opt14-strips-ptesting-2-2-5,0,True,18,114,434,590,42,626,240,0,0,0,0,0,0,,0.0,13.0,16,13,0.0129,0.0059,0.0004,0.0014,0.0,0.0,0.0,0.0171,0.0382
hiking-opt14-strips-ptesting-2-2-6,0,True,22,202,722,976,52,976,732,0,0,0,0,0,0,,0.0,16.0,20,16,0.0159,0.0088,0.0005,0.0017,0.0,0.0,0.0,0.0325,0.0601
hiking-opt14-strips-ptesting-2-2-7,0,True,26,170,650,882,62,946,376,0,0,0,0,0,0,,0.0,19.0,24,19,0.0202,0.0192,0.0009,0.0015,0.0,0.0,0.0,0.0257,0.0683
hiking-opt14-strips-ptesting-2-2-8,0,True,30,282,1010,1364,72,1372,1038,0,0,0,0,0,0,,0.0,22.0,28,22,0.0256,0.0239,0.0011,0.0022,0.0,0.0,0.0,0.0497,0.1035
hiking-opt14-strips-ptesting-2-3-4,0,True,17,122,470,627,35,619,364,0,0,0,0,0,0,,0.0,10.0,12,10,0.0114,0.004,0.0003,0.0016,0.0,0.0,0.0,0.0236,0.0415
hiking-opt14-strips-ptesting-2-3-5,0,True,22,234,842,1122,46,1054,771,0,0,0,0,0,0,,0.0,13.0,16,13,0.0163,0.0088,0.0005,0.0019,0.0,0.0,0.0,0.0383,0.0666
hiking-opt14-strips-ptesting-2-3-6,0,True,27,202,782,1041,57,1031,304,0,0,0,0,0,0,,0.0,16.0,20,16,0.0216,0.0194,0.0009,0.0017,0.0,0.0,0.0,0.0282,0.0725
hiking-opt14-strips-ptesting-2-3-7,0,True,32,242,938,1248,68,1252,761,0,0,0,0,0,0,,0.0,19.0,24,19,0.0458,0.0261,0.0012,0.0022,0.0,0.0,0.0,0.0516,0.1278
hiking-opt14-strips-ptesting-2-4-3,0,True,14,106,410,542,26,502,103,0,0,0,0,0,0,,0.0,7.0,8,7,0.0108,0.0023,0.0002,0.0012,0.0,0.0,0.0,0.0142,0.0293
hiking-opt14-strips-ptesting-2-4-4,0,True,20,158,614,810,38,769,437,0,0,0,0,0,0,,0.0,10.0,12,10,0.0137,0.0057,0.0003,0.0017,0.0,0.0,0.0,0.0242,0.0465
hiking-opt14-strips-ptesting-2-4-5,0,True,26,210,818,1078,50,1030,593,0,0,0,0,0,0,,0.0,13.0,16,13,0.0195,0.012,0.0007,0.0019,0.0,0.0,0.0,0.035,0.0698
hiking-opt14-strips-ptesting-2-4-6,0,True,32,382,1382,1826,62,1666,1212,0,0,0,0,0,0,,0.0,16.0,20,16,0.0261,0.0248,0.0011,0.0023,0.0,0.0,0.0,0.0631,0.1183
hiking-opt14-strips-ptesting-2-4-7,0,True,38,314,1226,1614,74,1534,371,0,0,0,0,0,0,,0.0,19.0,24,19,0.0339,0.0568,0.0019,0.002,0.0,0.0,0.0,0.0402,0.136
hiking-sat14-strips-ptesting-1-2-7,0,True,12,13,67,123,37,185,97,0,0,0,0,0,0,,0.0,13.0,13,13,0.0072,0.0015,0.0001,0.0012,0.0,0.0,0.0,0.0064,0.0167
hiking-sat14-strips-ptesting-1-2-8,0,True,14,15,78,143,43,217,114,0,0,0,0,0,0,,0.0,15.0,15,15,0.0077,0.0021,0.0001,0.0013,0.0,0.0,0.0,0.007,0.0186
hiking-sat14-strips-ptesting-2-2-6,0,True,22,202,722,976,52,976,732,0,0,0,0,0,0,,0.0,16.0,20,16,0.016,0.0088,0.0005,0.0019,0.0,0.0,0.0,0.0325,0.0604
hiking-sat14-strips-ptesting-2-2-7,0,True,26,170,650,882,62,946,376,0,0,0,0,0,0,,0.0,19.0,24,19,0.0204,0.0192,0.0009,0.0016,0.0,0.0,0.0,0.0258,0.0687
hiking-sat14-strips-ptesting-2-2-8,0,True,30,282,1010,1364,72,1372,1038,0,0,0,0,0,0,,0.0,22.0,28,22,0.0264,0.0241,0.0011,0.0018,0.0,0.0,0.0,0.0499,0.1041
hiking-sat14-strips-ptesting-2-3-6,0,True,27,202,782,1041,57,1031,304,0,0,0,0,0,0,,0.0,16.0,20,16,0.0212,0.0206,0.0009,0.0014,0.0,0.0,0.0,0.0282,0.0732
hiking-sat14-strips-ptesting-2-3-7,0,True,32,242,938,1248,68,1252,761,0,0,0,0,0,0,,0.0,19.0,24,19,0.0285,0.026,0.0012,0.0022,0.0,0.0,0.0,0.0515,0.1104
hiking-sat14-strips-ptesting-2-3-8,0,True,37,282,1094,1455,79,1463,892,0,0,0,0,0,0,,0.0,22.0,28,22,0.0373,0.0412,0.0018,0.0021,0.0,0.0,0.0,0.084,0.1677
hiking-sat14-strips-ptesting-2-4-5,0,True,26,210,818,1078,50,1030,593,0,0,0,0,0,0,,0.0,13.0,16,13,0.0188,0.012,0.0007,0.0022,0.0,0.0,0.0,0.0351,0.0696
hiking-sat14-strips-ptesting-2-4-6,0,True,32,382,1382,1826,62,1666,1212,0,0,0,0,0,0,,0.0,16.0,20,16,0.0262,0.0248,0.0011,0.0023,0.0,0.0,0.0,0.063,0.1182
hiking-sat14-strips-ptesting-2-4-7,0,True,38,314,1226,1614,74,1534,371,0,0,0,0,0,0,,0.0,19.0,24,19,0.035,0.0568,0.0019,0.0019,0.0,0.0,0.0,0.0402,0.1369
hiking-sat14-strips-ptesting-2-4-8,0,True,44,366,1430,1882,86,1813,1061,0,0,0,0,0,0,,0.0,22.0,28,22,0.0462,0.0649,0.0025,0.0021,0.0,0.0,0.0,0.113,0.2301
hiking-sat14-strips-ptesting-3-3-5,0,True,27,579,2271,2913,63,2639,1867,0,0,0,0,0,0,,0.0,17.0,20,17,0.0378,0.0436,0.0022,0.0028,0.0,0.0,0.0,0.2274,0.3151
hiking-sat14-strips-ptesting-3-3-6,0,True,33,948,3513,4539,78,3984,3222,0,0,0,0,0,0,,0.0,21.0,25,21,0.0552,0.0988,0.0033,0.004,0.0,0.0,0.0,0.3806,0.5435
hiking-sat14-strips-ptesting-3-3-7,0,True,39,1137,4215,5445,93,4785,3882,0,0,0,0,0,0,,0.0,25.0,30,25,0.076,0.1821,0.0059,0.0049,0.0,0.0,0.0,0.4631,0.7341
hiking-sat14-strips-ptesting-3-3-8,0,True,45,1011,3972,5091,108,4634,3326,0,0,0,0,0,0,,0.0,29.0,35,29,0.1037,0.2542,0.0088,0.0045,0.0,0.0,0.0,0.7079,1.0819
hiking-sat14-strips-ptesting-3-4-5,0,True,31,759,2991,3817,67,3363,1424,0,0,0,0,0,0,,0.0,17.0,20,17,0.0498,0.0738,0.0047,0.0033,0.0,0.0,0.0,0.1582,0.2914
hiking-sat14-strips-ptesting-3-4-6,0,True,38,948,3738,4769,83,4219,2954,0,0,0,0,0,0,,0.0,21.0,25,21,0.0732,0.1336,0.0052,0.004,0.0,0.0,0.0,0.2419,0.4599
hiking-sat14-strips-ptesting-3-4-7,0,True,45,1137,4485,5721,99,5067,3559,0,0,0,0,0,0,,0.0,25.0,30,25,0.0999,0.2464,0.0082,0.005,0.0,0.0,0.0,0.5608,0.923
hiking-sat14-strips-ptesting-3-4-8,0,True,52,1326,5232,6673,115,5901,2548,0,0,0,0,0,0,,0.0,29.0,35,29,0.1547,0.49,0.019,0.0054,0.0,0.0,0.0,0.7157,1.3886
logistics00-probLOGISTICS-10-0,0,True,0,33,41,123,41,128,46,0,0,0,0,0,0,,0.0,41.0,41,41,0.0064,0.0007,0.0001,0.0011,0.0,0.0,0.0,0.0015,0.0101
logistics00-probLOGISTICS-10-1,0,True,0,33,39,117,39,122,44,0,0,0,0,0,0,,0.0,39.0,39,39,0.0061,0.0007,0.0001,0.0011,0.0,0.0,0.0,0.0015,0.0098
logistics00-probLOGISTICS-11-0,0,True,0,37,45,135,45,144,54,0,0,0,0,0,0,,0.0,45.0,45,45,0.0056,0.0008,0.0001,0.0012,0.0,0.0,0.0,0.0015,0.0096
logistics00-probLOGISTICS-11-1,0,True,0,46,55,165,55,178,68,0,0,0,0,0,0,,0.0,55.0,55,55,0.0059,0.001,0.0001,0.001,0.0,0.0,0.0,0.0016,0.01
logistics00-probLOGISTICS-12-0,0,True,0,33,39,117,39,121,43,0,0,0,0,0,0,,0.0,39.0,39,39,0.0064,0.0007,0.0001,0.0014,0.0,0.0,0.0,0.0016,0.0106
logistics00-probLOGISTICS-12-1,0,True,0,52,63,189,63,201,75,0,0,0,0,0,0,,0.0,63.0,63,63,0.0065,0.0011,0.0002,0.0013,0.0,0.0,0.0,0.0017,0.0112
logistics00-probLOGISTICS-13-0,0,True,63,220,231,577,115,712,451,0,0,0,0,0,0,,0.0,67.0,67,67,0.0073,0.0033,0.0007,0.0016,0.0,0.0,0.0,0.0145,0.0279
logistics00-probLOGISTICS-13-1,0,True,53,183,193,483,97,592,374,0,0,0,0,0,0,,0.0,57.0,57,57,0.0067,0.0027,0.0005,0.0014,0.0,0.0,0.0,0.0124,0.0241
logistics00-probLOGISTICS-14-0,0,True,48,162,171,433,91,524,322,0,0,0,0,0,0,,0.0,55.0,55,55,0.0072,0.0026,0.0004,0.0014,0.0,0.0,0.0,0.0109,0.023
logistics00-probLOGISTICS-14-1,0,True,63,216,227,569,115,701,446,0,0,0,0,0,0,,0.0,67.0,67,67,0.0075,0.0034,0.0007,0.0017,0.0,0.0,0.0,0.0142,0.028
logistics00-probLOGISTICS-15-0,0,True,68,233,243,609,123,751,474,0,0,0,0,0,0,,0.0,71.0,71,71,0.0069,0.0039,0.0008,0.0014,0.0,0.0,0.0,0.0148,0.0284
logistics00-probLOGISTICS-15-1,0,True,63,219,227,565,111,697,444,0,0,0,0,0,0,,0.0,63.0,63,63,0.0073,0.0034,0.0006,0.0015,0.0,0.0,0.0,0.0143,0.0276
logistics00-probLOGISTICS-4-0,0,True,0,14,19,57,19,58,20,0,0,0,0,0,0,,0.0,19.0,19,19,0.0047,0.0002,0.0,0.0015,0.0,0.0,0.0,0.0014,0.0082
logistics00-probLOGISTICS-4-1,0,True,0,13,17,51,17,51,17,0,0,0,0,0,0,,0.0,17.0,17,17,0.0051,0.0001,0.0,0.0016,0.0,0.0,0.0,0.0014,0.0087
logistics00-probLOGISTICS-4-2,0,True,0,9,13,39,13,39,13,0,0,0,0,0,0,,0.0,13.0,13,13,0.0045,0.0001,0.0,0.0013,0.0,0.0,0.0,0.0014,0.0077
logistics00-probLOGISTICS-5-0,0,True,0,20,25,75,25,78,28,0,0,0,0,0,0,,0.0,25.0,25,25,0.0043,0.0002,0.0,0.0013,0.0,0.0,0.0,0.0015,0.0078
logistics00-probLOGISTICS-5-1,0,True,0,11,15,45,15,44,14,0,0,0,0,0,0,,0.0,15.0,15,15,0.0051,0.0002,0.0,0.0011,0.0,0.0,0.0,0.0014,0.0082
logistics00-probLOGISTICS-5-2,0,True,0,6,8,24,8,22,6,0,0,0,0,0,0,,0.0,8.0,8,8,0.0049,0.0001,0.0,0.0012,0.0,0.0,0.0,0.0013,0.0079
logistics00-probLOGISTICS-6-0,0,True,0,19,23,69,23,71,25,0,0,0,0,0,0,,0.0,23.0,23,23,0.0045,0.0002,0.0,0.0013,0.0,0.0,0.0,0.0014,0.0079
logistics00-probLOGISTICS-6-1,0,True,0,9,13,39,13,38,12,0,0,0,0,0,0,,0.0,13.0,13,13,0.0044,0.0002,0.0,0.0012,0.0,0.0,0.0,0.0014,0.0076
logistics00-probLOGISTICS-6-2,0,True,0,19,23,69,23,71,25,0,0,0,0,0,0,,0.0,23.0,23,23,0.0042,0.0002,0.0,0.0012,0.0,0.0,0.0,0.0015,0.0075
logistics00-probLOGISTICS-6-9,0,True,0,16,21,63,21,65,23,0,0,0,0,0,0,,0.0,21.0,21,21,0.0044,0.0002,0.0,0.0013,0.0,0.0,0.0,0.0014,0.0079
logistics00-probLOGISTICS-7-0,0,True,0,28,33,99,33,103,37,0,0,0,0,0,0,,0.0,33.0,33,33,0.005,0.0004,0.0001,0.0014,0.0,0.0,0.0,0.0015,0.0087
logistics00-probLOGISTICS-7-1,0,True,0,33,39,117,39,124,46,0,0,0,0,0,0,,0.0,39.0,39,39,0.0043,0.0005,0.0001,0.001,0.0,0.0,0.0,0.0015,0.0079
logistics00-probLOGISTICS-8-0,0,True,0,24,29,87,29,89,31,0,0,0,0,0,0,,0.0,29.0,29,29,0.0048,0.0004,0.0,0.001,0.0,0.0,0.0,0.0015,0.0082
logistics00-probLOGISTICS-8-1,0,True,0,34,41,123,41,129,47,0,0,0,0,0,0,,0.0,41.0,41,41,0.0051,0.0005,0.0001,0.0013,0.0,0.0,0.0,0.0016,0.0091
logistics00-probLOGISTICS-9-0,0,True,0,27,33,99,33,104,38,0,0,0,0,0,0,,0.0,33.0,33,33,0.0054,0.0004,0.0001,0.0018,0.0,0.0,0.0,0.0016,0.0098
logistics00-probLOGISTICS-9-1,0,True,0,24,29,87,29,89,31,0,0,0,0,0,0,,0.0,29.0,29,29,0.0058,0.0004,0.0,0.0013,0.0,0.0,0.0,0.0016,0.0096
logistics98-prob01,0,True,40,118,121,298,56,364,230,0,0,0,0,0,0,,0.0,24.0,24,24,0.0057,0.001,0.0002,0.0012,0.0,0.0,0.0,0.0094,0.0179
logistics98-prob02,0,True,96,395,401,915,113,1178,713,0,0,0,0,0,0,,0.0,28.0,28,28,0.0106,0.0043,0.0006,0.002,0.0,0.0,0.0,0.0254,0.0434
logistics98-prob03,0,True,151,718,721,1630,188,2155,1312,0,0,0,0,0,0,,0.0,50.0,50,50,0.0177,0.0141,0.0026,0.0026,0.0,0.0,0.0,0.0453,0.0829
logistics98-prob04,0,True,225,1038,1041,2337,255,3067,1870,0,0,0,0,0,0,,0.0,53.0,53,53,0.0277,0.0277,0.0049,0.003,0.0,0.0,0.0,0.0599,0.124
logistics98-prob05,0,True,11,31,32,93,29,86,43,0,0,0,0,0,0,,0.0,22.0,22,22,0.0055,0.0007,0.0001,0.001,0.0,0.0,0.0,0.0054,0.0131
logistics98-prob06,0,True,231,710,712,1689,265,2156,1300,0,0,0,0,0,0,,0.0,65.0,65,65,0.0411,0.0364,0.0042,0.0028,0.0,0.0,0.0,0.045,0.1303
logistics98-prob07,0,True,150,781,788,1744,168,2301,1400,0,0,0,0,0,0,,0.0,29.0,29,29,0.0131,0.0106,0.0012,0.0027,0.0,0.0,0.0,0.0503,0.0788
logistics98-prob08,0,True,233,1067,1069,2389,251,3189,1950,0,0,0,0,0,0,,0.0,37.0,37,37,0.0311,0.0324,0.0034,0.0032,0.0,0.0,0.0,0.0615,0.1325
logistics98-prob09,0,True,372,1372,1375,3155,405,4028,2432,0,0,0,0,0,0,,0.0,75.0,75,75,0.0877,0.0793,0.0135,0.0044,0.0,0.0,0.0,0.082,0.268
logistics98-prob10,0,True,463,2749,2769,6063,525,8463,5287,0,0,0,0,0,0,,0.0,93.0,93,93,0.082,0.138,0.0183,0.0086,0.0,0.0,0.0,0.175,0.4231
logistics98-prob11,0,True,133,351,351,845,143,931,512,0,0,0,0,0,0,,0.0,27.0,27,27,0.0139,0.0062,0.0009,0.0018,0.0,0.0,0.0,0.022,0.0455
logistics98-prob12,0,True,490,2687,2688,5880,504,7846,4750,0,0,0,0,0,0,,0.0,37.0,37,37,0.1248,0.1549,0.0124,0.0076,0.0,0.0,0.0,0.1822,0.4837
logistics98-prob13,0,True,551,4372,4377,9351,597,12999,8102,0,0,0,0,0,0,,0.0,65.0,66,65,0.1751,0.2552,0.032,0.0124,0.0,0.0,0.0,0.3401,0.8169
logistics98-prob14,0,True,441,2778,2780,6035,475,8156,5121,0,0,0,0,0,0,,0.0,80.0,80,80,0.1057,0.1436,0.0203,0.0078,0.0,0.0,0.0,0.1746,0.4533
logistics98-prob15,0,True,182,663,667,1571,237,1947,1190,0,0,0,0,0,0,,0.0,82.0,82,82,0.0148,0.0173,0.0039,0.0025,0.0,0.0,0.0,0.0374,0.0766
logistics98-prob16,0,True,411,2287,2287,5005,431,6622,4048,0,0,0,0,0,0,,0.0,52.0,52,52,0.0539,0.0811,0.0133,0.0068,0.0,0.0,0.0,0.151,0.3071
logistics98-prob17,0,True,270,792,792,1870,286,2137,1174,0,0,0,0,0,0,,0.0,42.0,42,42,0.0225,0.0223,0.005,0.003,0.0,0.0,0.0,0.0459,0.0995
logistics98-prob18,0,True,1058,11828,11842,24854,1170,35575,22712,0,0,0,0,0,0,,0.0,152.0,152,152,0.5623,1.3228,0.2011,0.0469,0.0,0.0,0.0,0.9942,3.1311
logistics98-prob19,0,True,869,4452,4452,9821,917,13071,8065,0,0,0,0,0,0,,0.0,130.0,130,130,0.2601,0.4479,0.0839,0.0166,0.0,0.0,0.0,0.2933,1.104
logistics98-prob20,0,True,826,6663,6672,14258,914,19729,12342,0,0,0,0,0,0,,0.0,128.0,129,128,0.5676,0.7501,0.1053,0.0226,0.0,0.0,0.0,1.0248,2.4732
logistics98-prob21,0,True,827,4698,4700,10264,864,13760,8437,0,0,0,0,0,0,,0.0,95.0,95,95,0.3182,0.4598,0.0681,0.0173,0.0,0.0,0.0,0.3354,1.2016
logistics98-prob22,0,True,1762,13325,13331,28539,1877,40391,25776,0,0,0,0,0,0,,0.0,252.0,255,252,2.1299,3.7189,0.5233,0.0754,0.0,0.0,0.0,4.0451,10.4992
logistics98-prob23,0,True,324,1311,1313,2995,369,3888,2481,0,0,0,0,0,0,,0.0,99.0,99,99,0.0415,0.0634,0.0136,0.004,0.0,0.0,0.0,0.1099,0.2334
logistics98-prob24,0,True,665,2170,2170,5017,677,6055,3318,0,0,0,0,0,0,,0.0,39.0,39,39,0.148,0.2002,0.0219,0.008,0.0,0.0,0.0,0.1257,0.5055
logistics98-prob25,0,True,1301,12993,13008,27450,1434,38703,24447,0,0,0,0,0,0,,0.0,177.0,177,177,2.1738,3.1048,0.4341,0.0607,0.0,0.0,0.0,0.8225,6.6012
logistics98-prob26,0,True,1642,5998,6010,13738,1718,19193,11875,0,0,0,0,0,0,,0.0,175.0,177,175,1.068,1.4805,0.299,0.0364,0.0,0.0,0.0,0.6279,3.5149
logistics98-prob27,0,True,1001,5386,5393,11853,1067,16010,9845,0,0,0,0,0,0,,0.0,135.0,136,135,0.8437,0.9562,0.1265,0.0209,0.0,0.0,0.0,0.9495,2.9
logistics98-prob28,0,True,3078,14227,14228,31620,3164,42209,25488,0,0,0,0,0,0,,0.0,243.0,245,243,11.1706,13.32,1.6677,0.132,0.0,0.0,0.0,2.2218,28.5239
logistics98-prob29,0,True,1953,23446,23462,49036,2112,70663,45623,0,0,0,0,0,0,,0.0,274.0,282,274,2.0119,7.2223,0.8525,0.1339,0.0,0.0,0.0,21.3369,31.5648
logistics98-prob30,0,True,1421,4875,4875,11210,1460,14269,8273,0,0,0,0,0,0,,0.0,124.0,124,124,1.8243,1.8734,0.2098,0.0259,0.0,0.0,0.0,0.3206,4.2578
logistics98-prob31,0,True,13,32,34,90,22,94,54,0,0,0,0,0,0,,0.0,12.0,12,12,0.0058,0.0003,0.0,0.0013,0.0,0.0,0.0,0.0047,0.0126
logistics98-prob32,0,True,12,32,32,88,24,90,64,0,0,0,0,0,0,,0.0,18.0,18,18,0.0049,0.0003,0.0,0.0012,0.0,0.0,0.0,0.0049,0.0117
logistics98-prob33,0,True,22,51,51,141,39,138,87,0,0,0,0,0,0,,0.0,25.0,25,25,0.0056,0.0007,0.0001,0.0012,0.0,0.0,0.0,0.0074,0.0154
logistics98-prob34,0,True,99,244,244,602,114,694,457,0,0,0,0,0,0,,0.0,42.0,42,42,0.007,0.0034,0.0008,0.0013,0.0,0.0,0.0,0.0181,0.0311
logistics98-prob35,0,True,19,56,56,156,44,151,69,0,0,0,0,0,0,,0.0,29.0,29,29,0.0077,0.0015,0.0001,0.0013,0.0,0.0,0.0,0.0063,0.0173
miconic-s1-0,0,True,0,2,3,9,3,8,2,0,0,0,0,0,0,,0.0,3.0,3,3,0.0056,0.0,0.0,0.001,0.0,0.0,0.0,0.0013,0.0083
miconic-s1-1,0,True,0,2,3,9,3,8,2,0,0,0,0,0,0,,0.0,3.0,3,3,0.0724,0.0,0.0,0.0013,0.0,0.0,0.0,0.0013,0.0756
miconic-s1-2,0,True,0,2,3,9,3,8,2,0,0,0,0,0,0,,0.0,3.0,3,3,0.0049,0.0,0.0,0.0009,0.0,0.0,0.0,0.0013,0.0075
miconic-s1-3,0,True,0,2,3,9,3,8,2,0,0,0,0,0,0,,0.0,3.0,3,3,0.0036,0.0,0.0,0.0011,0.0,0.0,0.0,0.0013,0.0065
miconic-s1-4,0,True,0,2,3,9,3,8,2,0,0,0,0,0,0,,0.0,3.0,3,3,0.0043,0.0,0.0,0.001,0.0,0.0,0.0,0.0013,0.0071
miconic-s10-0,0,True,6,39,39,117,39,107,29,0,0,0,0,0,0,,0.0,33.0,33,33,0.0053,0.0008,0.0001,0.0013,0.0,0.0,0.0,0.0016,0.0094
miconic-s10-1,0,True,7,39,39,117,39,105,27,0,0,0,0,0,0,,0.0,32.0,32,32,0.0063,0.0008,0.0001,0.0012,0.0,0.0,0.0,0.0015,0.0102
miconic-s10-2,0,True,8,39,39,117,39,106,28,0,0,0,0,0,0,,0.0,31.0,31,31,0.073,0.0008,0.0001,0.0021,0.0,0.0,0.0,0.0015,0.0778
miconic-s10-3,0,True,5,39,39,117,39,108,30,0,0,0,0,0,0,,0.0,34.0,34,34,0.005,0.0008,0.0001,0.0012,0.0,0.0,0.0,0.0015,0.0089
miconic-s10-4,0,True,7,39,39,117,39,106,28,0,0,0,0,0,0,,0.0,32.0,32,32,0.005,0.0008,0.0001,0.001,0.0,0.0,0.0,0.0015,0.0088
miconic-s11-0,0,True,7,43,43,129,43,117,31,0,0,0,0,0,0,,0.0,36.0,36,36,0.0063,0.001,0.0001,0.001,0.0,0.0,0.0,0.0016,0.0103
miconic-s11-1,0,True,9,43,43,129,43,118,32,0,0,0,0,0,0,,0.0,34.0,34,34,0.0056,0.001,0.0001,0.0013,0.0,0.0,0.0,0.0016,0.01
miconic-s11-2,0,True,6,43,43,129,43,118,32,0,0,0,0,0,0,,0.0,37.0,37,37,0.0054,0.001,0.0001,0.0017,0.0,0.0,0.0,0.0015,0.0102
miconic-s11-3,0,True,6,43,43,129,43,119,33,0,0,0,0,0,0,,0.0,37.0,37,37,0.0055,0.001,0.0001,0.0009,0.0,0.0,0.0,0.0015,0.0094
miconic-s11-4,0,True,9,43,43,129,43,118,32,0,0,0,0,0,0,,0.0,34.0,34,34,0.0052,0.0009,0.0001,0.0014,0.0,0.0,0.0,0.0016,0.0096
miconic-s12-0,0,True,7,47,47,141,47,130,36,0,0,0,0,0,0,,0.0,40.0,40,40,0.0057,0.0012,0.0001,0.0012,0.0,0.0,0.0,0.0016,0.0102
miconic-s12-1,0,True,7,47,47,141,47,130,36,0,0,0,0,0,0,,0.0,40.0,40,40,0.0052,0.0012,0.0001,0.001,0.0,0.0,0.0,0.0016,0.0095
miconic-s12-2,0,True,8,47,47,141,47,127,33,0,0,0,0,0,0,,0.0,39.0,39,39,0.0053,0.0012,0.0001,0.001,0.0,0.0,0.0,0.0016,0.0097
miconic-s12-3,0,True,9,47,47,141,47,128,34,0,0,0,0,0,0,,0.0,38.0,38,38,0.0059,0.0012,0.0001,0.0011,0.0,0.0,0.0,0.0016,0.0102
miconic-s12-4,0,True,6,47,47,141,47,130,36,0,0,0,0,0,0,,0.0,41.0,41,41,0.0056,0.0012,0.0001,0.0012,0.0,0.0,0.0,0.0016,0.0102
miconic-s13-0,0,True,8,51,51,153,51,140,38,0,0,0,0,0,0,,0.0,43.0,43,43,0.0058,0.0014,0.0002,0.0013,0.0,0.0,0.0,0.0016,0.0107
miconic-s13-1,0,True,10,51,51,153,51,141,39,0,0,0,0,0,0,,0.0,41.0,41,41,0.0064,0.0014,0.0002,0.0013,0.0,0.0,0.0,0.0016,0.0114
miconic-s13-2,0,True,5,51,51,153,51,141,39,0,0,0,0,0,0,,0.0,46.0,46,46,0.0061,0.0014,0.0002,0.0015,0.0,0.0,0.0,0.0016,0.0112
miconic-s13-3,0,True,8,51,51,153,51,141,39,0,0,0,0,0,0,,0.0,43.0,43,43,0.0061,0.0014,0.0002,0.001,0.0,0.0,0.0,0.0015,0.0107
miconic-s13-4,0,True,10,51,51,153,51,140,38,0,0,0,0,0,0,,0.0,41.0,41,41,0.0061,0.0014,0.0002,0.0011,0.0,0.0,0.0,0.0016,0.0108
miconic-s14-0,0,True,10,55,55,165,55,151,41,0,0,0,0,0,0,,0.0,45.0,45,45,0.0061,0.0017,0.0002,0.0012,0.0,0.0,0.0,0.0016,0.0111
miconic-s14-1,0,True,8,55,55,165,55,152,42,0,0,0,0,0,0,,0.0,47.0,47,47,0.0065,0.0017,0.0002,0.0012,0.0,0.0,0.0,0.0016,0.0116
miconic-s14-2,0,True,6,55,55,165,55,151,41,0,0,0,0,0,0,,0.0,49.0,49,49,0.0064,0.0018,0.0002,0.0015,0.0,0.0,0.0,0.0016,0.0119
miconic-s14-3,0,True,13,55,55,165,55,151,41,0,0,0,0,0,0,,0.0,42.0,42,42,0.0055,0.0017,0.0002,0.0013,0.0,0.0,0.0,0.0016,0.0108
miconic-s14-4,0,True,10,55,55,165,55,151,41,0,0,0,0,0,0,,0.0,45.0,45,45,0.0064,0.0017,0.0002,0.0012,0.0,0.0,0.0,0.0018,0.0118
miconic-s15-0,0,True,13,59,59,177,59,162,44,0,0,0,0,0,0,,0.0,46.0,46,46,0.0066,0.002,0.0002,0.0013,0.0,0.0,0.0,0.0017,0.0122
miconic-s15-1,0,True,10,59,59,177,59,160,42,0,0,0,0,0,0,,0.0,49.0,49,49,0.0063,0.002,0.0002,0.0013,0.0,0.0,0.0,0.0016,0.0118
miconic-s15-2,0,True,10,59,59,177,59,161,43,0,0,0,0,0,0,,0.0,49.0,49,49,0.0065,0.002,0.0002,0.0013,0.0,0.0,0.0,0.0016,0.0121
miconic-s15-3,0,True,9,59,59,177,59,163,45,0,0,0,0,0,0,,0.0,50.0,50,50,0.0068,0.002,0.0002,0.0012,0.0,0.0,0.0,0.0016,0.0122
miconic-s15-4,0,True,13,59,59,177,59,161,43,0,0,0,0,0,0,,0.0,46.0,46,46,0.0066,0.0021,0.0002,0.0013,0.0,0.0,0.0,0.0016,0.0122
miconic-s16-0,0,True,10,63,63,189,63,174,48,0,0,0,0,0,0,,0.0,53.0,53,53,0.0071,0.0024,0.0003,0.0012,0.0,0.0,0.0,0.0016,0.013
miconic-s16-1,0,True,11,63,63,189,63,173,47,0,0,0,0,0,0,,0.0,52.0,52,52,0.0068,0.0024,0.0003,0.0011,0.0,0.0,0.0,0.0017,0.0127
miconic-s16-2,0,True,9,63,63,189,63,173,47,0,0,0,0,0,0,,0.0,54.0,54,54,0.0067,0.0025,0.0003,0.0013,0.0,0.0,0.0,0.0016,0.0129
miconic-s16-3,0,True,12,63,63,189,63,171,45,0,0,0,0,0,0,,0.0,51.0,51,51,0.0068,0.0024,0.0003,0.0014,0.0,0.0,0.0,0.0016,0.0129
miconic-s16-4,0,True,10,63,63,189,63,173,47,0,0,0,0,0,0,,0.0,53.0,53,53,0.0067,0.0024,0.0003,0.001,0.0,0.0,0.0,0.0017,0.0125
miconic-s17-0,0,True,12,67,67,201,67,184,50,0,0,0,0,0,0,,0.0,55.0,55,55,0.0186,0.0029,0.0003,0.0013,0.0,0.0,0.0,0.0017,0.0251
miconic-s17-1,0,True,13,67,67,201,67,184,50,0,0,0,0,0,0,,0.0,54.0,54,54,0.0081,0.0029,0.0003,0.0011,0.0,0.0,0.0,0.0017,0.0144
miconic-s17-2,0,True,13,67,67,201,67,184,50,0,0,0,0,0,0,,0.0,54.0,54,54,0.0072,0.0029,0.0003,0.0013,0.0,0.0,0.0,0.0017,0.0138
miconic-s17-3,0,True,8,67,67,201,67,184,50,0,0,0,0,0,0,,0.0,59.0,59,59,0.0071,0.0029,0.0003,0.001,0.0,0.0,0.0,0.0017,0.0134
miconic-s17-4,0,True,13,67,67,201,67,184,50,0,0,0,0,0,0,,0.0,54.0,54,54,0.0071,0.0029,0.0003,0.0011,0.0,0.0,0.0,0.0017,0.0136
miconic-s18-0,0,True,12,71,71,213,71,196,54,0,0,0,0,0,0,,0.0,59.0,59,59,0.0078,0.0033,0.0003,0.001,0.0,0.0,0.0,0.0017,0.0146
miconic-s18-1,0,True,13,71,71,213,71,195,53,0,0,0,0,0,0,,0.0,58.0,58,58,0.0073,0.0033,0.0003,0.0012,0.0,0.0,0.0,0.0016,0.0142
miconic-s18-2,0,True,13,71,71,213,71,196,54,0,0,0,0,0,0,,0.0,58.0,58,58,0.0076,0.0034,0.0003,0.001,0.0,0.0,0.0,0.0017,0.0145
miconic-s18-3,0,True,12,71,71,213,71,195,53,0,0,0,0,0,0,,0.0,59.0,59,59,0.0079,0.0033,0.0003,0.0013,0.0,0.0,0.0,0.0017,0.015
miconic-s18-4,0,True,15,71,71,213,71,194,52,0,0,0,0,0,0,,0.0,56.0,56,56,0.0083,0.0033,0.0003,0.0013,0.0,0.0,0.0,0.0017,0.0154
miconic-s19-0,0,True,13,75,75,225,75,207,57,0,0,0,0,0,0,,0.0,62.0,62,62,0.0088,0.0038,0.0004,0.001,0.0,0.0,0.0,0.0016,0.0161
miconic-s19-1,0,True,10,75,75,225,75,207,57,0,0,0,0,0,0,,0.0,65.0,65,65,0.01,0.0039,0.0004,0.0011,0.0,0.0,0.0,0.0017,0.0177
miconic-s19-2,0,True,14,75,75,225,75,206,56,0,0,0,0,0,0,,0.0,61.0,61,61,0.0084,0.0038,0.0004,0.0011,0.0,0.0,0.0,0.0017,0.0159
miconic-s19-3,0,True,12,75,75,225,75,206,56,0,0,0,0,0,0,,0.0,63.0,63,63,0.0084,0.0038,0.0004,0.0014,0.0,0.0,0.0,0.0017,0.0161
miconic-s19-4,0,True,13,75,75,225,75,206,56,0,0,0,0,0,0,,0.0,62.0,62,62,0.0088,0.0038,0.0004,0.0017,0.0,0.0,0.0,0.0018,0.017
miconic-s2-0,0,True,0,7,7,21,7,20,6,0,0,0,0,0,0,,0.0,7.0,7,7,0.0043,0.0001,0.0,0.0012,0.0,0.0,0.0,0.0014,0.0074
miconic-s2-1,0,True,1,7,7,21,7,18,4,0,0,0,0,0,0,,0.0,6.0,6,6,0.0043,0.0001,0.0,0.0011,0.0,0.0,0.0,0.0014,0.0072
miconic-s2-2,0,True,1,7,7,21,7,18,4,0,0,0,0,0,0,,0.0,6.0,6,6,0.0042,0.0001,0.0,0.0014,0.0,0.0,0.0,0.0014,0.0075
miconic-s2-3,0,True,0,7,7,21,7,20,6,0,0,0,0,0,0,,0.0,7.0,7,7,0.0046,0.0001,0.0,0.0013,0.0,0.0,0.0,0.0013,0.0077
miconic-s2-4,0,True,1,7,7,21,7,19,5,0,0,0,0,0,0,,0.0,6.0,6,6,0.005,0.0001,0.0,0.0011,0.0,0.0,0.0,0.0014,0.0079
miconic-s20-0,0,True,16,79,79,237,79,218,60,0,0,0,0,0,0,,0.0,63.0,63,63,0.0218,0.0045,0.0004,0.0014,0.0,0.0,0.0,0.0017,0.0303
miconic-s20-1,0,True,13,79,79,237,79,217,59,0,0,0,0,0,0,,0.0,66.0,66,66,0.0083,0.0045,0.0004,0.001,0.0,0.0,0.0,0.0017,0.0163
miconic-s20-2,0,True,17,79,79,237,79,216,58,0,0,0,0,0,0,,0.0,62.0,62,62,0.0083,0.0045,0.0004,0.0011,0.0,0.0,0.0,0.0017,0.0165
miconic-s20-3,0,True,16,79,79,237,79,218,60,0,0,0,0,0,0,,0.0,63.0,63,63,0.0084,0.0044,0.0004,0.0014,0.0,0.0,0.0,0.0017,0.0168
miconic-s20-4,0,True,15,79,79,237,79,216,58,0,0,0,0,0,0,,0.0,64.0,64,64,0.0088,0.0044,0.0004,0.0013,0.0,0.0,0.0,0.0018,0.0172
miconic-s21-0,0,True,14,83,83,249,83,228,62,0,0,0,0,0,0,,0.0,69.0,69,69,0.0096,0.0053,0.0005,0.0013,0.0,0.0,0.0,0.0018,0.019
miconic-s21-1,0,True,14,83,83,249,83,228,62,0,0,0,0,0,0,,0.0,69.0,69,69,0.0099,0.005,0.0005,0.001,0.0,0.0,0.0,0.0017,0.0186
miconic-s21-2,0,True,14,83,83,249,83,228,62,0,0,0,0,0,0,,0.0,69.0,69,69,0.0086,0.0051,0.0005,0.0015,0.0,0.0,0.0,0.0018,0.0179
miconic-s21-3,0,True,17,83,83,249,83,227,61,0,0,0,0,0,0,,0.0,66.0,66,66,0.0093,0.005,0.0005,0.0014,0.0,0.0,0.0,0.0017,0.0184
miconic-s21-4,0,True,13,83,83,249,83,227,61,0,0,0,0,0,0,,0.0,70.0,70,70,0.0092,0.005,0.0005,0.0011,0.0,0.0,0.0,0.0017,0.0181
miconic-s22-0,0,True,15,87,87,261,87,239,65,0,0,0,0,0,0,,0.0,72.0,72,72,0.0103,0.0057,0.0005,0.0013,0.0,0.0,0.0,0.0017,0.0202
miconic-s22-1,0,True,17,87,87,261,87,239,65,0,0,0,0,0,0,,0.0,70.0,70,70,0.0095,0.0057,0.0006,0.0011,0.0,0.0,0.0,0.0017,0.0193
miconic-s22-2,0,True,16,87,87,261,87,240,66,0,0,0,0,0,0,,0.0,71.0,71,71,0.0119,0.0057,0.0005,0.0012,0.0,0.0,0.0,0.0017,0.0217
miconic-s22-3,0,True,12,87,87,261,87,238,64,0,0,0,0,0,0,,0.0,75.0,75,75,0.0222,0.0057,0.0005,0.0015,0.0,0.0,0.0,0.0017,0.0322
miconic-s22-4,0,True,16,87,87,261,87,239,65,0,0,0,0,0,0,,0.0,71.0,71,71,0.0104,0.0057,0.0006,0.0013,0.0,0.0,0.0,0.0017,0.0203
miconic-s23-0,0,True,16,91,91,273,91,250,68,0,0,0,0,0,0,,0.0,75.0,75,75,0.0119,0.0065,0.0006,0.0012,0.0,0.0,0.0,0.0018,0.0225
miconic-s23-1,0,True,17,91,91,273,91,250,68,0,0,0,0,0,0,,0.0,74.0,74,74,0.0102,0.0065,0.0006,0.0012,0.0,0.0,0.0,0.0017,0.0208
miconic-s23-2,0,True,18,91,91,273,91,251,69,0,0,0,0,0,0,,0.0,73.0,73,73,0.011,0.0065,0.0006,0.0013,0.0,0.0,0.0,0.0018,0.0216
miconic-s23-3,0,True,20,91,91,273,91,251,69,0,0,0,0,0,0,,0.0,71.0,71,71,0.0106,0.0065,0.0006,0.001,0.0,0.0,0.0,0.0018,0.0211
miconic-s23-4,0,True,17,91,91,273,91,251,69,0,0,0,0,0,0,,0.0,74.0,74,74,0.0126,0.0068,0.0006,0.001,0.0,0.0,0.0,0.0017,0.0233
miconic-s24-0,0,True,16,95,95,285,95,262,72,0,0,0,0,0,0,,0.0,79.0,79,79,0.013,0.0073,0.0007,0.002,0.0,0.0,0.0,0.0018,0.0253
miconic-s24-1,0,True,17,95,95,285,95,262,72,0,0,0,0,0,0,,0.0,78.0,78,78,0.0123,0.0073,0.0007,0.0013,0.0,0.0,0.0,0.0018,0.024
miconic-s24-2,0,True,18,95,95,285,95,260,70,0,0,0,0,0,0,,0.0,77.0,77,77,0.0124,0.0073,0.0007,0.0012,0.0,0.0,0.0,0.0018,0.0239
miconic-s24-3,0,True,16,95,95,285,95,260,70,0,0,0,0,0,0,,0.0,79.0,79,79,0.0125,0.0073,0.0007,0.0011,0.0,0.0,0.0,0.0017,0.0239
miconic-s24-4,0,True,18,95,95,285,95,260,70,0,0,0,0,0,0,,0.0,77.0,77,77,0.0107,0.0073,0.0007,0.0014,0.0,0.0,0.0,0.0018,0.0224
miconic-s25-0,0,True,18,99,99,297,99,273,75,0,0,0,0,0,0,,0.0,81.0,81,81,0.0126,0.0082,0.0007,0.0011,0.0,0.0,0.0,0.0018,0.025
miconic-s25-1,0,True,14,99,99,297,99,273,75,0,0,0,0,0,0,,0.0,85.0,85,85,0.0121,0.0083,0.0007,0.0014,0.0,0.0,0.0,0.0018,0.0248
miconic-s25-2,0,True,21,99,99,297,99,272,74,0,0,0,0,0,0,,0.0,78.0,78,78,0.0133,0.0084,0.0008,0.0013,0.0,0.0,0.0,0.0018,0.0262
miconic-s25-3,0,True,15,99,99,297,99,271,73,0,0,0,0,0,0,,0.0,84.0,84,84,0.0126,0.0083,0.0007,0.0011,0.0,0.0,0.0,0.0018,0.025
miconic-s25-4,0,True,17,99,99,297,99,271,73,0,0,0,0,0,0,,0.0,82.0,82,82,0.0131,0.0083,0.0007,0.0013,0.0,0.0,0.0,0.0018,0.0257
miconic-s26-0,0,True,20,103,103,309,103,283,77,0,0,0,0,0,0,,0.0,83.0,83,83,0.0126,0.0092,0.0008,0.0014,0.0,0.0,0.0,0.0018,0.0263
miconic-s26-1,0,True,20,103,103,309,103,284,78,0,0,0,0,0,0,,0.0,83.0,83,83,0.0143,0.0092,0.0008,0.0014,0.0,0.0,0.0,0.0018,0.028
miconic-s26-2,0,True,13,103,103,309,103,284,78,0,0,0,0,0,0,,0.0,90.0,90,90,0.013,0.0093,0.0008,0.0015,0.0,0.0,0.0,0.0018,0.0269
miconic-s26-3,0,True,15,103,103,309,103,284,78,0,0,0,0,0,0,,0.0,88.0,88,88,0.0135,0.0094,0.0008,0.0014,0.0,0.0,0.0,0.0018,0.0275
miconic-s26-4,0,True,21,103,103,309,103,282,76,0,0,0,0,0,0,,0.0,82.0,82,82,0.0132,0.0092,0.0008,0.0013,0.0,0.0,0.0,0.0021,0.0272
miconic-s27-0,0,True,20,107,107,321,107,293,79,0,0,0,0,0,0,,0.0,87.0,87,87,0.0141,0.0102,0.0009,0.0013,0.0,0.0,0.0,0.0018,0.029
miconic-s27-1,0,True,16,107,107,321,107,294,80,0,0,0,0,0,0,,0.0,91.0,91,91,0.0139,0.0105,0.001,0.0014,0.0,0.0,0.0,0.0018,0.0291
miconic-s27-2,0,True,20,107,107,321,107,294,80,0,0,0,0,0,0,,0.0,87.0,87,87,0.0139,0.0103,0.0009,0.0014,0.0,0.0,0.0,0.0018,0.0288
miconic-s27-3,0,True,18,107,107,321,107,295,81,0,0,0,0,0,0,,0.0,89.0,89,89,0.0262,0.0103,0.0009,0.0014,0.0,0.0,0.0,0.0018,0.0412
miconic-s27-4,0,True,19,107,107,321,107,293,79,0,0,0,0,0,0,,0.0,88.0,88,88,0.0143,0.0103,0.001,0.0013,0.0,0.0,0.0,0.0018,0.0293
miconic-s28-0,0,True,17,111,111,333,111,304,82,0,0,0,0,0,0,,0.0,94.0,94,94,0.0142,0.0114,0.001,0.0011,0.0,0.0,0.0,0.0019,0.0301
miconic-s28-1,0,True,19,111,111,333,111,306,84,0,0,0,0,0,0,,0.0,92.0,92,92,0.0145,0.0114,0.001,0.0014,0.0,0.0,0.0,0.0018,0.0307
miconic-s28-2,0,True,18,111,111,333,111,305,83,0,0,0,0,0,0,,0.0,93.0,93,93,0.0148,0.0114,0.001,0.001,0.0,0.0,0.0,0.0018,0.0306
miconic-s28-3,0,True,24,111,111,333,111,305,83,0,0,0,0,0,0,,0.0,87.0,87,87,0.0136,0.0116,0.0011,0.001,0.0,0.0,0.0,0.0019,0.0298
miconic-s28-4,0,True,19,111,111,333,111,306,84,0,0,0,0,0,0,,0.0,92.0,92,92,0.0142,0.0114,0.001,0.0013,0.0,0.0,0.0,0.0018,0.0303
miconic-s29-0,0,True,21,115,115,345,115,315,85,0,0,0,0,0,0,,0.0,94.0,94,94,0.015,0.0129,0.0012,0.0012,0.0,0.0,0.0,0.0018,0.0327
miconic-s29-1,0,True,24,115,115,345,115,316,86,0,0,0,0,0,0,,0.0,91.0,91,91,0.0149,0.0127,0.0011,0.0014,0.0,0.0,0.0,0.0019,0.0324
miconic-s29-2,0,True,20,115,115,345,115,317,87,0,0,0,0,0,0,,0.0,95.0,95,95,0.0151,0.0127,0.0011,0.0011,0.0,0.0,0.0,0.0018,0.0324
miconic-s29-3,0,True,19,115,115,345,115,316,86,0,0,0,0,0,0,,0.0,96.0,96,96,0.0153,0.0127,0.0011,0.0011,0.0,0.0,0.0,0.0019,0.0326
miconic-s29-4,0,True,16,115,115,345,115,317,87,0,0,0,0,0,0,,0.0,99.0,99,99,0.0152,0.0128,0.001,0.0018,0.0,0.0,0.0,0.0019,0.0333
miconic-s3-0,0,True,1,11,11,33,11,31,9,0,0,0,0,0,0,,0.0,10.0,10,10,0.0044,0.0001,0.0,0.0009,0.0,0.0,0.0,0.0014,0.0072
miconic-s3-1,0,True,1,11,11,33,11,31,9,0,0,0,0,0,0,,0.0,10.0,10,10,0.0044,0.0001,0.0,0.001,0.0,0.0,0.0,0.0014,0.0073
miconic-s3-2,0,True,2,11,11,33,11,28,6,0,0,0,0,0,0,,0.0,9.0,9,9,0.0042,0.0001,0.0,0.001,0.0,0.0,0.0,0.0014,0.0071
miconic-s3-3,0,True,2,11,11,33,11,29,7,0,0,0,0,0,0,,0.0,9.0,9,9,0.0168,0.0001,0.0,0.001,0.0,0.0,0.0,0.0014,0.0197
miconic-s3-4,0,True,2,11,11,33,11,28,6,0,0,0,0,0,0,,0.0,9.0,9,9,0.0046,0.0001,0.0,0.0013,0.0,0.0,0.0,0.0013,0.0077
miconic-s30-0,0,True,24,119,119,357,119,327,89,0,0,0,0,0,0,,0.0,95.0,95,95,0.0151,0.0139,0.0012,0.0012,0.0,0.0,0.0,0.0018,0.0339
miconic-s30-1,0,True,21,119,119,357,119,327,89,0,0,0,0,0,0,,0.0,98.0,98,98,0.0155,0.0142,0.0012,0.0011,0.0,0.0,0.0,0.0018,0.0343
miconic-s30-2,0,True,23,119,119,357,119,326,88,0,0,0,0,0,0,,0.0,96.0,96,96,0.0158,0.014,0.0012,0.0013,0.0,0.0,0.0,0.0018,0.0347
miconic-s30-3,0,True,19,119,119,357,119,327,89,0,0,0,0,0,0,,0.0,100.0,100,100,0.0156,0.014,0.0011,0.0013,0.0,0.0,0.0,0.0018,0.0345
miconic-s30-4,0,True,20,119,119,357,119,326,88,0,0,0,0,0,0,,0.0,99.0,99,99,0.0155,0.0142,0.0012,0.0014,0.0,0.0,0.0,0.0018,0.0346
miconic-s4-0,0,True,1,15,15,45,15,42,12,0,0,0,0,0,0,,0.0,14.0,14,14,0.0044,0.0001,0.0,0.0009,0.0,0.0,0.0,0.0014,0.0072
miconic-s4-1,0,True,2,15,15,45,15,40,10,0,0,0,0,0,0,,0.0,13.0,13,13,0.0055,0.0003,0.0,0.0012,0.0,0.0,0.0,0.0014,0.0088
miconic-s4-2,0,True,1,15,15,45,15,41,11,0,0,0,0,0,0,,0.0,14.0,14,14,0.0043,0.0001,0.0,0.0009,0.0,0.0,0.0,0.0015,0.0073
miconic-s4-3,0,True,1,15,15,45,15,41,11,0,0,0,0,0,0,,0.0,14.0,14,14,0.0044,0.0001,0.0,0.0013,0.0,0.0,0.0,0.0014,0.0076
miconic-s4-4,0,True,0,15,15,45,15,42,12,0,0,0,0,0,0,,0.0,15.0,15,15,0.0045,0.0001,0.0,0.0011,0.0,0.0,0.0,0.0013,0.0075
miconic-s5-0,0,True,2,19,19,57,19,53,15,0,0,0,0,0,0,,0.0,17.0,17,17,0.0025,0.0002,0.0,0.0009,0.0,0.0,0.0,0.0014,0.0054
miconic-s5-1,0,True,3,19,19,57,19,50,12,0,0,0,0,0,0,,0.0,16.0,16,16,0.0043,0.0002,0.0,0.0011,0.0,0.0,0.0,0.0015,0.0075
miconic-s5-2,0,True,5,19,19,57,19,50,12,0,0,0,0,0,0,,0.0,14.0,14,14,0.005,0.0002,0.0,0.0011,0.0,0.0,0.0,0.0015,0.0081
miconic-s5-3,0,True,2,19,19,57,19,53,15,0,0,0,0,0,0,,0.0,17.0,17,17,0.0045,0.0003,0.0,0.001,0.0,0.0,0.0,0.0014,0.0077
miconic-s5-4,0,True,2,19,19,57,19,52,14,0,0,0,0,0,0,,0.0,17.0,17,17,0.0051,0.0002,0.0,0.0011,0.0,0.0,0.0,0.0014,0.0082
miconic-s6-0,0,True,5,23,23,69,23,63,17,0,0,0,0,0,0,,0.0,18.0,18,18,0.0027,0.0004,0.0,0.0011,0.0,0.0,0.0,0.0014,0.006
miconic-s6-1,0,True,4,23,23,69,23,63,17,0,0,0,0,0,0,,0.0,19.0,19,19,0.0175,0.0003,0.0,0.001,0.0,0.0,0.0,0.0015,0.0207
miconic-s6-2,0,True,4,23,23,69,23,63,17,0,0,0,0,0,0,,0.0,19.0,19,19,0.0049,0.0003,0.0,0.0013,0.0,0.0,0.0,0.0015,0.0084
miconic-s6-3,0,True,5,23,23,69,23,62,16,0,0,0,0,0,0,,0.0,18.0,18,18,0.0046,0.0003,0.0,0.001,0.0,0.0,0.0,0.0014,0.0077
miconic-s6-4,0,True,3,23,23,69,23,63,17,0,0,0,0,0,0,,0.0,20.0,20,20,0.0043,0.0003,0.0,0.0013,0.0,0.0,0.0,0.0015,0.0079
miconic-s7-0,0,True,4,27,27,81,27,75,21,0,0,0,0,0,0,,0.0,23.0,23,23,0.0051,0.0004,0.0001,0.0012,0.0,0.0,0.0,0.0015,0.0086
miconic-s7-1,0,True,3,27,27,81,27,75,21,0,0,0,0,0,0,,0.0,24.0,24,24,0.0046,0.0004,0.0001,0.0009,0.0,0.0,0.0,0.0015,0.0078
miconic-s7-2,0,True,5,27,27,81,27,74,20,0,0,0,0,0,0,,0.0,22.0,22,22,0.0044,0.0004,0.0001,0.0009,0.0,0.0,0.0,0.0015,0.0076
miconic-s7-3,0,True,5,27,27,81,27,73,19,0,0,0,0,0,0,,0.0,22.0,22,22,0.0045,0.0004,0.0001,0.001,0.0,0.0,0.0,0.0015,0.0079
miconic-s7-4,0,True,2,27,27,81,27,74,20,0,0,0,0,0,0,,0.0,25.0,25,25,0.0048,0.0004,0.0001,0.0051,0.0,0.0,0.0,0.0015,0.0122
miconic-s8-0,0,True,4,31,31,93,31,86,24,0,0,0,0,0,0,,0.0,27.0,27,27,0.0049,0.0005,0.0001,0.001,0.0,0.0,0.0,0.0015,0.0083
miconic-s8-1,0,True,5,31,31,93,31,85,23,0,0,0,0,0,0,,0.0,26.0,26,26,0.0175,0.0005,0.0001,0.0011,0.0,0.0,0.0,0.0014,0.0209
miconic-s8-2,0,True,6,31,31,93,31,85,23,0,0,0,0,0,0,,0.0,25.0,25,25,0.0053,0.0005,0.0001,0.0016,0.0,0.0,0.0,0.0015,0.0093
miconic-s8-3,0,True,4,31,31,93,31,84,22,0,0,0,0,0,0,,0.0,27.0,27,27,0.005,0.0005,0.0001,0.0014,0.0,0.0,0.0,0.0015,0.009
miconic-s8-4,0,True,5,31,31,93,31,85,23,0,0,0,0,0,0,,0.0,26.0,26,26,0.0054,0.0005,0.0001,0.001,0.0,0.0,0.0,0.0015,0.0088
miconic-s9-0,0,True,5,35,35,105,35,96,26,0,0,0,0,0,0,,0.0,30.0,30,30,0.0055,0.0006,0.0001,0.001,0.0,0.0,0.0,0.0015,0.009
miconic-s9-1,0,True,6,35,35,105,35,95,25,0,0,0,0,0,0,,0.0,29.0,29,29,0.0052,0.0006,0.0001,0.0016,0.0,0.0,0.0,0.0015,0.0094
miconic-s9-2,0,True,6,35,35,105,35,95,25,0,0,0,0,0,0,,0.0,29.0,29,29,0.0056,0.0006,0.0001,0.0013,0.0,0.0,0.0,0.0015,0.0096
miconic-s9-3,0,True,4,35,35,105,35,96,26,0,0,0,0,0,0,,0.0,31.0,31,31,0.0047,0.0006,0.0001,0.0011,0.0,0.0,0.0,0.0015,0.0084
miconic-s9-4,0,True,8,35,35,105,35,95,25,0,0,0,0,0,0,,0.0,27.0,27,27,0.0048,0.0006,0.0001,0.0017,0.0,0.0,0.0,0.0015,0.0092
movie-prob01,0,True,0,5,7,21,7,14,0,0,0,0,0,0,0,,0.0,7.0,7,7,0.0047,0.0001,0.0,0.0013,0.0,0.0,0.0,0.0013,0.0076
movie-prob02,0,True,0,5,7,21,7,14,0,0,0,0,0,0,0,,0.0,7.0,7,7,0.0048,0.0001,0.0,0.001,0.0,0.0,0.0,0.0013,0.0075
movie-prob03,0,True,0,5,7,21,7,14,0,0,0,0,0,0,0,,0.0,7.0,7,7,0.0023,0.0001,0.0,0.0009,0.0,0.0,0.0,0.0014,0.005
movie-prob04,0,True,0,5,7,21,7,14,0,0,0,0,0,0,0,,0.0,7.0,7,7,0.0049,0.0001,0.0,0.0012,0.0,0.0,0.0,0.0013,0.0078
movie-prob05,0,True,0,5,7,21,7,14,0,0,0,0,0,0,0,,0.0,7.0,7,7,0.0046,0.0001,0.0,0.0014,0.0,0.0,0.0,0.0013,0.0077
movie-prob06,0,True,0,5,7,21,7,14,0,0,0,0,0,0,0,,0.0,7.0,7,7,0.0047,0.0001,0.0,0.001,0.0,0.0,0.0,0.0012,0.0073
movie-prob07,0,True,0,5,7,21,7,14,0,0,0,0,0,0,0,,0.0,7.0,7,7,0.0028,0.0001,0.0,0.0009,0.0,0.0,0.0,0.0013,0.0055
movie-prob08,0,True,0,5,7,21,7,14,0,0,0,0,0,0,0,,0.0,7.0,7,7,0.0045,0.0001,0.0,0.0011,0.0,0.0,0.0,0.0013,0.0075
movie-prob09,0,True,0,5,7,21,7,14,0,0,0,0,0,0,0,,0.0,7.0,7,7,0.0046,0.0001,0.0,0.001,0.0,0.0,0.0,0.0014,0.0075
movie-prob10,0,True,0,5,7,21,7,14,0,0,0,0,0,0,0,,0.0,7.0,7,7,0.0043,0.0001,0.0,0.0013,0.0,0.0,0.0,0.0013,0.0073
movie-prob11,0,True,0,5,7,21,7,14,0,0,0,0,0,0,0,,0.0,7.0,7,7,0.004,0.0001,0.0,0.0013,0.0,0.0,0.0,0.0013,0.0071
movie-prob12,0,True,0,5,7,21,7,14,0,0,0,0,0,0,0,,0.0,7.0,7,7,0.0047,0.0001,0.0,0.0009,0.0,0.0,0.0,0.0013,0.0074
movie-prob13,0,True,0,5,7,21,7,14,0,0,0,0,0,0,0,,0.0,7.0,7,7,0.005,0.0001,0.0,0.001,0.0,0.0,0.0,0.0013,0.0078
movie-prob14,0,True,0,5,7,21,7,14,0,0,0,0,0,0,0,,0.0,7.0,7,7,0.0046,0.0001,0.0,0.0009,0.0,0.0,0.0,0.0013,0.0073
movie-prob15,0,True,0,5,7,21,7,14,0,0,0,0,0,0,0,,0.0,7.0,7,7,0.0042,0.0001,0.0,0.0011,0.0,0.0,0.0,0.0013,0.0071
movie-prob16,0,True,0,5,7,21,7,14,0,0,0,0,0,0,0,,0.0,7.0,7,7,0.0051,0.0001,0.0,0.0009,0.0,0.0,0.0,0.0013,0.0078
movie-prob17,0,True,0,5,7,21,7,14,0,0,0,0,0,0,0,,0.0,7.0,7,7,0.0042,0.0001,0.0,0.0015,0.0,0.0,0.0,0.0013,0.0075
movie-prob18,0,True,0,5,7,21,7,14,0,0,0,0,0,0,0,,0.0,7.0,7,7,0.0029,0.0001,0.0,0.0011,0.0,0.0,0.0,0.0013,0.0058
movie-prob19,0,True,0,5,7,21,7,14,0,0,0,0,0,0,0,,0.0,7.0,7,7,0.0048,0.0001,0.0,0.0017,0.0,0.0,0.0,0.0013,0.0084
movie-prob20,0,True,0,5,7,21,7,14,0,0,0,0,0,0,0,,0.0,7.0,7,7,0.0076,0.0001,0.0,0.0014,0.0,0.0,0.0,0.0013,0.0108
movie-prob21,0,True,0,5,7,21,7,14,0,0,0,0,0,0,0,,0.0,7.0,7,7,0.0047,0.0001,0.0,0.0011,0.0,0.0,0.0,0.0013,0.0076
movie-prob22,0,True,0,5,7,21,7,14,0,0,0,0,0,0,0,,0.0,7.0,7,7,0.0047,0.0001,0.0,0.001,0.0,0.0,0.0,0.0013,0.0075
movie-prob23,0,True,0,5,7,21,7,14,0,0,0,0,0,0,0,,0.0,7.0,7,7,0.0045,0.0001,0.0,0.0013,0.0,0.0,0.0,0.0013,0.0075
movie-prob24,0,True,0,5,7,21,7,14,0,0,0,0,0,0,0,,0.0,7.0,7,7,0.0046,0.0001,0.0,0.001,0.0,0.0,0.0,0.0013,0.0074
movie-prob25,0,True,0,5,7,21,7,14,0,0,0,0,0,0,0,,0.0,7.0,7,7,0.0047,0.0001,0.0,0.0012,0.0,0.0,0.0,0.0013,0.0077
movie-prob26,0,True,0,5,7,21,7,14,0,0,0,0,0,0,0,,0.0,7.0,7,7,0.0047,0.0003,0.0,0.0013,0.0,0.0,0.0,0.0012,0.0078
movie-prob27,0,True,0,5,7,21,7,14,0,0,0,0,0,0,0,,0.0,7.0,7,7,0.0045,0.0001,0.0,0.0011,0.0,0.0,0.0,0.0012,0.0073
movie-prob28,0,True,0,5,7,21,7,14,0,0,0,0,0,0,0,,0.0,7.0,7,7,0.0047,0.0001,0.0,0.0011,0.0,0.0,0.0,0.0013,0.0076
movie-prob29,0,True,0,5,7,21,7,14,0,0,0,0,0,0,0,,0.0,7.0,7,7,0.0166,0.0001,0.0,0.0014,0.0,0.0,0.0,0.0013,0.0199
movie-prob30,0,True,0,5,7,21,7,14,0,0,0,0,0,0,0,,0.0,7.0,7,7,0.0049,0.0001,0.0,0.0009,0.0,0.0,0.0,0.0012,0.0076
mprime-prob01,0,True,58,262,509,833,62,982,731,0,0,0,0,0,0,,0.0,5.0,5,5,0.0097,0.0031,0.0002,0.0017,0.0,0.0,0.0,0.0318,0.0469
mprime-prob02,0,True,262,1900,3671,5835,264,7348,7511,0,0,0,0,0,0,,0.0,7.0,7,7,0.0246,0.0411,0.002,0.0078,0.0,0.0,0.0,0.2706,0.3471
mprime-prob03,0,True,203,1310,2378,3892,204,5116,4437,0,0,0,0,0,0,,0.0,4.0,4,4,0.0176,0.0233,0.0008,0.0048,0.0,0.0,0.0,0.1378,0.1852
mprime-prob04,0,True,45,307,611,971,52,1062,794,0,0,0,0,0,0,,0.0,7.0,8,7,0.0113,0.0035,0.0004,0.002,0.0,0.0,0.0,0.045,0.0631
mprime-prob05,0,True,227,1441,2767,4437,229,5687,5742,0,0,0,0,0,0,,0.0,8.0,9,8,0.0201,0.0273,0.0016,0.0053,0.0,0.0,0.0,0.3538,0.4093
mprime-prob06,0,True,604,9282,17565,27453,606,35014,36409,0,0,0,0,0,5048,,0.0,11.0,11,11,0.1645,0.5059,0.0276,0.0434,0.0,0.0,0.0,683.4009,684.1467
mprime-prob07,0,True,313,993,1537,2844,314,4388,3028,0,0,0,0,0,0,,0.0,5.0,5,5,0.0149,0.0188,0.0012,0.0044,0.0,0.0,0.0,0.1018,0.1418
mprime-prob08,0,True,381,3609,6898,10889,382,13989,13860,0,0,0,0,0,0,,0.0,5.0,6,5,0.0551,0.1188,0.0055,0.0146,0.0,0.0,0.0,0.962,1.1578
mprime-prob09,0,True,192,1199,2297,3690,194,4667,4721,0,0,0,0,0,0,,0.0,8.0,8,8,0.0172,0.0216,0.0012,0.0047,0.0,0.0,0.0,0.1927,0.2387
mprime-prob10,0,True,1336,22461,42785,66583,1337,86844,97060,0,0,0,0,0,0,,0.0,7.0,8,7,0.5634,2.4273,0.0419,0.1799,0.0,0.0,0.0,18.9605,22.1833
mprime-prob11,0,True,106,366,675,1154,113,1367,967,0,0,0,0,0,0,,0.0,7.0,7,7,0.0238,0.0068,0.0005,0.002,0.0,0.0,0.0,0.0388,0.0726
mprime-prob12,0,True,116,682,1336,2135,117,2633,2147,0,0,0,0,0,0,,0.0,5.0,5,5,0.0143,0.0112,0.0004,0.0028,0.0,0.0,0.0,0.0794,0.1089
mprime-prob13,0,True,1520,23996,45010,70528,1522,93037,106789,0,0,0,0,0,0,,0.0,11.0,12,11,0.6176,2.7338,0.1709,0.2445,0.0,0.0,0.0,12.8189,16.5965
mprime-prob14,0,True,1586,30314,57079,88981,1588,116508,132425,0,0,0,0,0,0,,0.0,9.0,9,9,0.8012,4.2438,0.0871,0.3037,0.0,0.0,0.0,3.8765,9.3243
mprime-prob15,0,True,729,14739,28431,43900,730,55606,57704,0,0,0,0,0,0,,0.0,6.0,6,6,0.3358,1.3274,0.0224,0.0754,0.0,0.0,0.0,1.3999,3.1672
mprime-prob16,0,True,297,2910,5591,8800,299,11233,11459,0,0,0,0,0,0,,0.0,5.0,5,5,0.0375,0.0861,0.0036,0.0115,0.0,0.0,0.0,0.2896,0.4295
mprime-prob17,0,True,721,11447,21370,33539,722,43315,47840,0,0,0,0,0,0,,0.0,4.0,4,4,0.1818,0.6144,0.0101,0.0626,0.0,0.0,0.0,1.1452,2.0188
mprime-prob18,2,True,573,9429,18224,28227,574,35374,35011,0,0,0,0,0,4707,,0.0,11.0,14,14,0.201,0.6521,0.049,0.0435,0.0,0.0,0.0,899.0885,900.0442
mprime-prob19,0,True,518,6506,12364,19389,519,25217,27132,0,0,0,0,0,0,,0.0,5.0,5,5,0.1029,0.3157,0.0067,0.0284,0.0,0.0,0.0,0.6273,1.0841
mprime-prob20,0,True,529,13079,26055,39664,530,48676,46314,0,0,0,0,0,29,,0.0,7.0,7,7,0.2762,0.893,0.0397,0.0567,0.0,0.0,0.0,35.341,36.6131
mprime-prob21,0,True,685,7643,14484,22813,686,29895,33084,0,0,0,0,0,0,,0.0,4.0,4,4,0.1165,0.3616,0.0081,0.0407,0.0,0.0,0.0,0.8052,1.3356
mprime-prob22,2,True,1120,22024,42862,66007,1121,85330,93113,0,0,0,0,0,1054,,0.0,7.0,9,9,0.5162,2.1761,0.0508,0.1548,0.0,0.0,0.0,897.1692,900.0944
mprime-prob23,0,True,641,8651,16978,26271,642,33480,35045,0,0,0,0,0,15,,0.0,8.0,8,8,0.1508,0.5128,0.0176,0.0452,0.0,0.0,0.0,4.9612,5.6907
mprime-prob24,0,True,814,8851,17165,26831,815,34065,35153,0,0,0,0,0,0,,0.0,6.0,7,6,0.222,0.779,0.0243,0.0494,0.0,0.0,0.0,1.6089,2.6899
mprime-prob25,0,True,41,149,292,483,42,574,446,0,0,0,0,0,0,,0.0,4.0,4,4,0.0061,0.0011,0.0001,0.0017,0.0,0.0,0.0,0.0189,0.0284
mprime-prob26,0,True,193,1673,3280,5147,194,6325,5898,0,0,0,0,0,0,,0.0,6.0,6,6,0.0234,0.0376,0.0017,0.0065,0.0,0.0,0.0,0.2666,0.337
mprime-prob27,0,True,163,2019,3999,6183,165,7613,7046,0,0,0,0,0,0,,0.0,5.0,5,5,0.0304,0.0435,0.0017,0.0068,0.0,0.0,0.0,0.2051,0.2886
mprime-prob28,0,True,68,287,546,909,76,1129,906,0,0,0,0,0,0,,0.0,7.0,8,7,0.0094,0.0037,0.0002,0.0019,0.0,0.0,0.0,0.037,0.0529
mprime-prob29,0,True,182,1503,2850,4536,183,5609,5352,0,0,0,0,0,0,,0.0,4.0,4,4,0.0225,0.032,0.0011,0.0051,0.0,0.0,0.0,0.149,0.2107
mprime-prob30,0,True,348,7304,14354,22008,350,27235,26180,0,0,0,0,0,0,,0.0,8.0,8,8,0.1301,0.3294,0.0172,0.027,0.0,0.0,0.0,2.7221,3.2297
mprime-prob31,0,True,305,2896,5522,8724,306,11463,12178,0,0,0,0,0,0,,0.0,4.0,4,4,0.0353,0.0688,0.0016,0.0115,0.0,0.0,0.0,0.2886,0.4071
mprime-prob32,0,True,186,858,1592,2637,187,3407,3512,0,0,0,0,0,0,,0.0,5.0,5,5,0.013,0.0122,0.0006,0.004,0.0,0.0,0.0,0.1025,0.1331
mprime-prob33,0,True,818,8438,16358,25616,820,33166,35965,0,0,0,0,0,0,,0.0,8.0,8,8,0.1641,0.5068,0.012,0.0497,0.0,0.0,0.0,1.532,2.2693
mprime-prob34,0,True,329,2977,5458,8765,330,11351,12465,0,0,0,0,0,0,,0.0,4.0,4,4,0.0334,0.0605,0.0018,0.0114,0.0,0.0,0.0,0.2985,0.4068
mprime-prob35,0,True,79,370,710,1160,80,1431,1183,0,0,0,0,0,0,,0.0,4.0,4,4,0.0084,0.0043,0.0002,0.002,0.0,0.0,0.0,0.0424,0.0578
mystery-prob01,0,True,36,49,81,171,41,225,141,0,0,0,0,0,0,,0.0,5.0,5,5,0.0052,0.0005,0.0001,0.0013,0.0,0.0,0.0,0.0071,0.0145
mystery-prob02,0,True,248,1740,3351,5341,250,6823,7079,0,0,0,0,0,0,,0.0,7.0,7,7,0.0216,0.034,0.0016,0.0071,0.0,0.0,0.0,0.1947,0.2599
mystery-prob03,0,True,174,959,1668,2802,175,3952,3564,0,0,0,0,0,0,,0.0,4.0,4,4,0.013,0.0115,0.0004,0.0039,0.0,0.0,0.0,0.1099,0.1395
mystery-prob04,0,True,15,47,91,164,25,184,154,0,0,0,0,0,0,,0.0,7.0,8,7,0.0056,0.0005,0.0001,0.0015,0.0,0.0,0.0,0.0076,0.0157
mystery-prob05,0,True,182,1007,1902,3096,187,4011,4113,0,0,0,0,0,0,,0.0,8.0,8,8,0.017,0.0141,0.0008,0.0043,0.0,0.0,0.0,0.1166,0.1538
mystery-prob06,0,True,463,5568,10140,16173,465,21697,24069,0,0,0,0,0,900,,0.0,11.0,11,11,0.0655,0.1766,0.0059,0.0239,0.0,0.0,0.0,34.7788,35.0529
mystery-prob07,1,True,0,0,0,0,0,0,0,0,0,0,0,0,0,,0.0,1e+20,1e+20,1e+20,0.002,0.0,0.0,0.0,0.0,0.0,0.0,0.0,0.002
mystery-prob08,0,True,211,1471,2671,4356,214,5939,6285,0,0,0,0,0,0,,0.0,5.0,6,5,0.0182,0.0238,0.0008,0.0058,0.0,0.0,0.0,0.168,0.2175
mystery-prob09,0,True,170,996,1887,3055,172,3918,4087,0,0,0,0,0,0,,0.0,8.0,8,8,0.0145,0.015,0.0007,0.0046,0.0,0.0,0.0,0.1302,0.1659
mystery-prob10,0,True,1211,17887,34288,53387,1212,70443,79600,0,0,0,0,0,0,,0.0,7.0,8,7,0.4124,1.6661,0.0168,0.1401,0.0,0.0,0.0,4.1839,6.4302
mystery-prob11,0,True,78,105,153,344,86,479,313,0,0,0,0,0,0,,0.0,7.0,7,7,0.0072,0.0014,0.0001,0.0013,0.0,0.0,0.0,0.009,0.0195
mystery-prob12,0,True,67,249,461,778,68,1019,850,0,0,0,0,0,0,,0.0,5.0,5,5,0.0073,0.002,0.0001,0.0017,0.0,0.0,0.0,0.0322,0.0438
mystery-prob13,0,True,1281,9231,16892,27409,1286,36421,40856,0,0,0,0,0,0,,0.0,11.0,12,11,0.2196,0.7375,0.0266,0.077,0.0,0.0,0.0,1.996,3.0618
mystery-prob14,0,True,1449,25249,46931,73633,1453,97783,113560,0,0,0,0,0,0,,0.0,9.0,9,9,0.5797,2.808,0.0469,0.2434,0.0,0.0,0.0,6.5979,10.2864
mystery-prob15,0,True,611,9343,17611,27566,612,36189,40611,0,0,0,0,0,0,,0.0,6.0,6,6,0.1142,0.4479,0.0057,0.0458,0.0,0.0,0.0,2.6814,3.2981
mystery-prob16,0,True,190,1012,1892,3102,197,4077,4204,0,0,0,0,0,0,,0.0,5.0,5,5,0.0157,0.0174,0.0004,0.004,0.0,0.0,0.0,0.1678,0.2063
mystery-prob17,0,True,639,8735,16250,25625,640,33839,38205,0,0,0,0,0,0,,0.0,4.0,4,4,0.1223,0.3918,0.0043,0.0456,0.0,0.0,0.0,0.8828,1.4494
mystery-prob18,1,True,0,0,0,0,0,0,0,0,0,0,0,0,0,,0.0,1e+20,1e+20,1e+20,0.0043,0.0,0.0,0.0,0.0,0.0,0.0,0.0,0.0043
mystery-prob19,0,True,394,3412,6259,10066,395,13361,14702,0,0,0,0,0,0,,0.0,5.0,5,5,0.0434,0.091,0.0021,0.0143,0.0,0.0,0.0,0.3487,0.5008
mystery-prob20,0,True,395,3972,7941,12309,396,15628,15833,0,0,0,0,0,0,,0.0,7.0,7,7,0.0441,0.1301,0.0025,0.0163,0.0,0.0,0.0,7.4537,7.6487
mystery-prob21,0,True,545,2102,4062,6710,546,8752,8810,0,0,0,0,0,0,,0.0,4.0,4,4,0.044,0.0879,0.0014,0.0112,0.0,0.0,0.0,0.2324,0.3781
mystery-prob22,0,True,828,9300,17986,28117,831,36926,40166,0,0,0,0,0,0,,0.0,10.0,10,10,0.1644,0.6058,0.0134,0.0548,0.0,0.0,0.0,3.2536,4.0964
mystery-prob23,0,True,517,3609,7080,11210,521,14699,15544,0,0,0,0,0,0,,0.0,11.0,11,11,0.0503,0.1432,0.0053,0.0176,0.0,0.0,0.0,0.5703,0.7881
mystery-prob24,0,True,636,777,1220,2649,652,3683,2628,0,0,0,0,0,0,,0.0,10.0,11,10,0.0337,0.0673,0.0025,0.0055,0.0,0.0,0.0,0.0546,0.1645
mystery-prob25,0,True,28,80,154,263,29,329,269,0,0,0,0,0,0,,0.0,4.0,4,4,0.0048,0.0005,0.0,0.0012,0.0,0.0,0.0,0.012,0.0188
mystery-prob26,0,True,133,758,1446,2338,134,3028,3010,0,0,0,0,0,0,,0.0,6.0,6,6,0.0117,0.0097,0.0004,0.0033,0.0,0.0,0.0,0.0988,0.1248
mystery-prob27,0,True,124,666,1293,2085,126,2584,2508,0,0,0,0,0,0,,0.0,5.0,5,5,0.0098,0.0073,0.0003,0.0029,0.0,0.0,0.0,0.085,0.1061
mystery-prob28,0,True,51,75,122,257,60,344,237,0,0,0,0,0,0,,0.0,7.0,8,7,0.0052,0.0008,0.0001,0.0013,0.0,0.0,0.0,0.0117,0.0195
mystery-prob29,0,True,147,681,1208,2037,148,2653,2768,0,0,0,0,0,0,,0.0,4.0,4,4,0.0131,0.0073,0.0004,0.0034,0.0,0.0,0.0,0.0848,0.1098
mystery-prob30,0,True,274,2422,4583,7281,276,9244,9865,0,0,0,0,0,0,,0.0,8.0,8,8,0.0234,0.0523,0.002,0.0089,0.0,0.0,0.0,0.9577,1.0455
nomystery-opt11-strips-p01,0,True,33,170,316,531,42,639,492,0,0,0,0,0,0,,0.0,9.0,9,9,0.0053,0.0011,0.0001,0.0017,0.0,0.0,0.0,0.0237,0.0325
nomystery-opt11-strips-p02,0,True,93,816,1574,2498,104,2767,2875,0,0,0,0,0,0,,0.0,11.0,11,11,0.0168,0.0072,0.0011,0.0032,0.0,0.0,0.0,0.1097,0.1388
nomystery-opt11-strips-p03,0,True,55,503,993,1569,68,1811,1657,0,0,0,0,0,0,,0.0,13.0,13,13,0.0075,0.0037,0.0006,0.0024,0.0,0.0,0.0,0.0759,0.0907
nomystery-opt11-strips-p04,0,True,92,1284,2549,3947,108,4270,4607,0,0,0,0,0,0,,0.0,16.0,16,16,0.0121,0.0108,0.0031,0.0047,0.0,0.0,0.0,0.1624,0.1938
nomystery-opt11-strips-p05,0,True,169,2884,5758,8838,189,9396,10284,0,0,0,0,0,0,,0.0,20.0,20,20,0.0211,0.0382,0.0159,0.0096,0.0,0.0,0.0,0.3235,0.4095
nomystery-opt11-strips-p06,0,True,232,4595,9050,13908,255,14883,17466,0,0,0,0,0,0,,0.0,23.0,23,23,0.034,0.0796,0.0267,0.0162,0.0,0.0,0.0,0.5145,0.6728
nomystery-opt11-strips-p07,0,True,195,4204,8225,12661,223,13874,16417,0,0,0,0,0,0,,0.0,27.0,27,27,0.0312,0.0697,0.0273,0.0144,0.0,0.0,0.0,0.5162,0.6605
nomystery-opt11-strips-p08,0,True,225,5925,11849,18038,254,18379,22806,0,0,0,0,0,0,,0.0,29.0,29,29,0.0404,0.1025,0.056,0.0209,0.0,0.0,0.0,0.6365,0.8585
nomystery-opt11-strips-p09,0,True,252,7590,15178,23061,282,23918,29339,0,0,0,0,0,0,,0.0,31.0,31,31,0.0517,0.1468,0.0945,0.0293,0.0,0.0,0.0,0.8422,1.1665
nomystery-opt11-strips-p10,0,True,180,5997,11994,18216,213,18574,23255,0,0,0,0,0,0,,0.0,33.0,33,33,0.0384,0.0941,0.1283,0.0197,0.0,0.0,0.0,0.6191,0.9017
nomystery-opt11-strips-p11,0,True,23,96,175,306,32,376,260,0,0,0,0,0,0,,0.0,9.0,9,9,0.0055,0.0006,0.0001,0.0019,0.0,0.0,0.0,0.0125,0.021
nomystery-opt11-strips-p12,0,True,65,485,913,1478,76,1686,1663,0,0,0,0,0,0,,0.0,11.0,11,11,0.0193,0.0038,0.0006,0.0024,0.0,0.0,0.0,0.0613,0.0881
nomystery-opt11-strips-p13,0,True,39,295,577,929,52,1091,953,0,0,0,0,0,0,,0.0,13.0,13,13,0.0059,0.002,0.0003,0.003,0.0,0.0,0.0,0.0412,0.0529
nomystery-opt11-strips-p14,0,True,65,825,1631,2543,81,2785,2933,0,0,0,0,0,0,,0.0,16.0,16,16,0.0088,0.0063,0.0016,0.0037,0.0,0.0,0.0,0.1158,0.1369
nomystery-opt11-strips-p15,0,True,121,1972,3934,6054,141,6468,7020,0,0,0,0,0,0,,0.0,20.0,20,20,0.0159,0.0212,0.0092,0.0068,0.0,0.0,0.0,0.2351,0.2894
nomystery-opt11-strips-p16,0,True,168,3215,6312,9726,191,10439,12200,0,0,0,0,0,0,,0.0,23.0,23,23,0.0224,0.0456,0.0155,0.0108,0.0,0.0,0.0,0.3706,0.4663
nomystery-opt11-strips-p17,0,True,142,2985,5840,9004,170,9899,11647,0,0,0,0,0,0,,0.0,27.0,27,27,0.0225,0.0396,0.0281,0.0113,0.0,0.0,0.0,0.362,0.4649
nomystery-opt11-strips-p18,0,True,165,4245,8489,12938,194,13219,16326,0,0,0,0,0,0,,0.0,29.0,29,29,0.0277,0.0628,0.0423,0.0152,0.0,0.0,0.0,0.451,0.6006
nomystery-opt11-strips-p19,0,True,184,5414,10826,16465,214,17118,20905,0,0,0,0,0,0,,0.0,31.0,31,31,0.0364,0.0875,0.0608,0.0181,0.0,0.0,0.0,2.0299,2.2351
nomystery-opt11-strips-p20,0,True,132,4269,8538,12984,165,13294,16535,0,0,0,0,0,0,,0.0,33.0,33,33,0.0283,0.0592,0.0767,0.0146,0.0,0.0,0.0,0.4503,0.6308
nomystery-sat11-strips-p01,0,True,78,816,1619,2535,94,2898,2719,0,0,0,0,0,0,,0.0,16.0,16,16,0.0095,0.0078,0.0019,0.0036,0.0,0.0,0.0,0.1108,0.1342
nomystery-sat11-strips-p02,0,True,92,1285,2551,3953,110,4277,4610,0,0,0,0,0,0,,0.0,18.0,18,18,0.0118,0.0114,0.0034,0.005,0.0,0.0,0.0,0.1636,0.196
nomystery-sat11-strips-p03,0,True,169,2885,5760,8844,191,9403,10287,0,0,0,0,0,0,,0.0,22.0,22,22,0.0225,0.0405,0.0187,0.0098,0.0,0.0,0.0,0.3214,0.414
nomystery-sat11-strips-p04,0,True,232,4596,9052,13914,257,14890,17469,0,0,0,0,0,0,,0.0,25.0,25,25,0.034,0.0823,0.0294,0.0167,0.0,0.0,0.0,0.5148,0.6791
nomystery-sat11-strips-p05,0,True,221,4803,9397,14461,251,15830,18760,0,0,0,0,0,0,,0.0,29.0,29,29,0.0383,0.0858,0.0332,0.0169,0.0,0.0,0.0,0.5891,0.7652
nomystery-sat11-strips-p06,0,True,225,5926,11851,18044,256,18386,22809,0,0,0,0,0,0,,0.0,31.0,31,31,0.0416,0.1022,0.0601,0.021,0.0,0.0,0.0,0.6366,0.8637
nomystery-sat11-strips-p07,0,True,251,7591,15180,23067,284,23925,29342,0,0,0,0,0,0,,0.0,33.0,33,33,0.0522,0.1471,0.1199,0.0294,0.0,0.0,0.0,0.8218,1.1745
nomystery-sat11-strips-p08,0,True,180,5998,11996,18222,215,18581,23258,0,0,0,0,0,0,,0.0,35.0,35,35,0.0389,0.0965,0.1163,0.0206,0.0,0.0,0.0,0.6104,0.8849
nomystery-sat11-strips-p09,0,True,306,10889,21777,33026,346,33729,41699,0,0,0,0,0,0,,0.0,40.0,41,40,0.0849,0.2641,0.3092,0.0465,0.0,0.0,0.0,21.9141,22.6222
nomystery-sat11-strips-p10,0,True,242,8178,16126,24603,284,26153,31959,0,0,0,0,0,0,,0.0,41.0,41,41,0.0669,0.189,0.1254,0.0312,0.0,0.0,0.0,3.3491,3.7655
nomystery-sat11-strips-p11,0,True,55,517,1021,1615,71,1863,1707,0,0,0,0,0,0,,0.0,16.0,16,16,0.0079,0.0041,0.0007,0.0027,0.0,0.0,0.0,0.078,0.094
nomystery-sat11-strips-p12,0,True,65,826,1633,2549,83,2792,2936,0,0,0,0,0,0,,0.0,18.0,18,18,0.009,0.0067,0.0019,0.0036,0.0,0.0,0.0,0.1156,0.1374
nomystery-sat11-strips-p13,0,True,121,1973,3936,6060,143,6475,7023,0,0,0,0,0,0,,0.0,22.0,22,22,0.016,0.0216,0.0105,0.0071,0.0,0.0,0.0,0.2298,0.2861
nomystery-sat11-strips-p14,0,True,168,3216,6314,9732,193,10446,12203,0,0,0,0,0,0,,0.0,25.0,25,25,0.0229,0.0478,0.0165,0.0109,0.0,0.0,0.0,0.3728,0.4721
nomystery-sat11-strips-p15,0,True,161,3423,6697,10321,191,11330,13360,0,0,0,0,0,0,,0.0,29.0,29,29,0.0259,0.053,0.0213,0.0126,0.0,0.0,0.0,0.4118,0.5264
nomystery-sat11-strips-p16,0,True,165,4246,8491,12944,196,13226,16329,0,0,0,0,0,0,,0.0,31.0,31,31,0.0286,0.0643,0.0462,0.0143,0.0,0.0,0.0,0.4498,0.6049
nomystery-sat11-strips-p17,0,True,183,5415,10828,16471,216,17125,20910,0,0,0,0,0,0,,0.0,33.0,33,33,0.0365,0.0877,0.0766,0.0187,0.0,0.0,0.0,0.5818,0.8037
nomystery-sat11-strips-p18,0,True,132,4270,8540,12990,167,13301,16538,0,0,0,0,0,0,,0.0,35.0,35,35,0.0278,0.0605,0.0805,0.0138,0.0,0.0,0.0,0.4467,0.6308
nomystery-sat11-strips-p19,0,True,224,7855,15709,23842,264,24381,30055,0,0,0,0,0,0,,0.0,40.0,41,40,0.058,0.1615,0.1989,0.0282,0.0,0.0,0.0,9.339,9.7888
nomystery-sat11-strips-p20,0,True,178,5874,11582,17691,220,18857,22935,0,0,0,0,0,0,,0.0,41.0,41,41,0.0462,0.1159,0.0793,0.0198,0.0,0.0,0.0,1.9859,2.2503
openstacks-opt08-strips-p01,0,False,4,35,55,110,20,163,152,0,0,0,0,0,0,,0.0,1.0,1,1,0.0043,0.0002,0.0,0.0013,0.0,0.0,0.0,0.0031,0.0091
openstacks-opt08-strips-p02,0,False,5,48,78,150,24,223,208,0,0,0,0,0,0,,0.0,1.0,1,1,0.0024,0.0002,0.0,0.001,0.0,0.0,0.0,0.0033,0.0074
openstacks-opt08-strips-p03,0,False,6,63,105,196,28,295,285,0,0,0,0,0,0,,0.0,1.0,1,1,0.0052,0.0003,0.0,0.0012,0.0,0.0,0.0,0.0038,0.0108
openstacks-opt08-strips-p04,0,False,7,80,136,248,32,379,389,0,0,0,0,0,0,,0.0,1.0,1,1,0.0046,0.0003,0.0,0.0012,0.0,0.0,0.0,0.0045,0.011
openstacks-opt08-strips-p05,0,False,8,99,171,306,36,477,543,0,0,0,0,0,0,,0.0,1.0,1,1,0.0054,0.0004,0.0001,0.0015,0.0,0.0,0.0,0.0053,0.0131
openstacks-opt08-strips-p06,0,False,9,120,210,370,40,579,664,0,0,0,0,0,0,,0.0,1.0,1,1,0.0048,0.0005,0.0001,0.0015,0.0,0.0,0.0,0.006,0.0132
openstacks-opt08-strips-p07,0,False,10,143,253,440,44,693,818,0,0,0,0,0,0,,0.0,1.0,1,1,0.0056,0.0007,0.0001,0.0019,0.0,0.0,0.0,0.0071,0.0158
openstacks-opt08-strips-p08,0,False,11,168,300,516,48,819,1011,0,0,0,0,0,0,,0.0,1.0,1,1,0.0047,0.0008,0.0001,0.0018,0.0,0.0,0.0,0.0092,0.0171
openstacks-opt08-strips-p09,0,False,12,195,351,598,52,949,1149,0,0,0,0,0,0,,0.0,1.0,1,1,0.0054,0.001,0.0001,0.0019,0.0,0.0,0.0,0.0104,0.0193
openstacks-opt08-strips-p10,0,False,13,224,406,686,56,1095,1376,0,0,0,0,0,0,,0.0,1.0,1,1,0.0062,0.0012,0.0001,0.0022,0.0,0.0,0.0,0.0118,0.022
openstacks-opt08-strips-p11,0,False,14,255,465,780,60,1247,1565,0,0,0,0,0,0,,0.0,1.0,1,1,0.0174,0.0014,0.0001,0.0023,0.0,0.0,0.0,0.0134,0.0353
openstacks-opt08-strips-p12,0,False,15,288,528,880,64,1409,1766,0,0,0,0,0,0,,0.0,1.0,1,1,0.0062,0.0016,0.0001,0.0022,0.0,0.0,0.0,0.0149,0.0256
openstacks-opt08-strips-p13,0,False,16,323,595,986,68,1581,1979,0,0,0,0,0,0,,0.0,1.0,1,1,0.0064,0.0018,0.0001,0.0022,0.0,0.0,0.0,0.0163,0.0274
openstacks-opt08-strips-p14,0,False,17,360,666,1098,72,1769,2309,0,0,0,0,0,0,,0.0,1.0,1,1,0.0064,0.0021,0.0001,0.0025,0.0,0.0,0.0,0.0184,0.0301
openstacks-opt08-strips-p15,0,False,18,399,741,1216,76,1957,2478,0,0,0,0,0,0,,0.0,1.0,1,1,0.0069,0.0024,0.0001,0.0027,0.0,0.0,0.0,0.0204,0.0334
openstacks-opt08-strips-p16,0,False,19,440,820,1340,80,2167,2885,0,0,0,0,0,0,,0.0,1.0,1,1,0.007,0.0028,0.0002,0.0029,0.0,0.0,0.0,0.0228,0.0363
openstacks-opt08-strips-p17,0,False,20,483,903,1470,84,2379,3156,0,0,0,0,0,0,,0.0,1.0,1,1,0.0075,0.0031,0.0002,0.003,0.0,0.0,0.0,0.0248,0.0394
openstacks-opt08-strips-p18,0,False,21,528,990,1606,88,2605,3525,0,0,0,0,0,0,,0.0,1.0,1,1,0.0078,0.0035,0.0002,0.0032,0.0,0.0,0.0,0.0272,0.0426
openstacks-opt08-strips-p19,0,False,22,575,1081,1748,92,2835,3779,0,0,0,0,0,0,,0.0,1.0,1,1,0.0102,0.004,0.0002,0.0033,0.0,0.0,0.0,0.0284,0.0469
openstacks-opt08-strips-p20,0,False,23,624,1176,1896,96,3077,4088,0,0,0,0,0,0,,0.0,1.0,1,1,0.009,0.0044,0.0002,0.0036,0.0,0.0,0.0,0.0296,0.0474
openstacks-opt08-strips-p21,0,False,24,675,1275,2050,100,3327,4360,0,0,0,0,0,0,,0.0,1.0,1,1,0.0089,0.005,0.0002,0.0039,0.0,0.0,0.0,0.0319,0.0506
openstacks-opt08-strips-p22,0,False,25,728,1378,2210,104,3613,5303,0,0,0,0,0,0,,0.0,1.0,1,1,0.0099,0.0056,0.0003,0.0042,0.0,0.0,0.0,0.0366,0.0575
openstacks-opt08-strips-p23,0,False,26,783,1485,2376,108,3873,5352,0,0,0,0,0,0,,0.0,1.0,1,1,0.011,0.006,0.0003,0.0042,0.0,0.0,0.0,0.0369,0.0593
openstacks-opt08-strips-p24,0,False,27,840,1596,2548,112,4153,5664,0,0,0,0,0,0,,0.0,1.0,1,1,0.0117,0.0068,0.0003,0.0044,0.0,0.0,0.0,0.0398,0.0641
openstacks-opt08-strips-p25,0,False,28,899,1711,2726,116,4455,6326,0,0,0,0,0,0,,0.0,1.0,1,1,0.0121,0.0075,0.0003,0.0046,0.0,0.0,0.0,0.043,0.0686
openstacks-opt08-strips-p26,0,False,29,960,1830,2910,120,4749,6489,0,0,0,0,0,0,,0.0,1.0,1,1,0.0124,0.0081,0.0003,0.0044,0.0,0.0,0.0,0.0467,0.073
openstacks-opt08-strips-p27,0,False,30,1023,1953,3100,124,5081,7502,0,0,0,0,0,0,,0.0,1.0,1,1,0.0136,0.0087,0.0004,0.0054,0.0,0.0,0.0,0.0528,0.0816
openstacks-opt08-strips-p28,0,False,31,1088,2080,3296,128,5389,7496,0,0,0,0,0,0,,0.0,1.0,1,1,0.0138,0.0095,0.0004,0.0055,0.0,0.0,0.0,0.0518,0.0818
openstacks-opt08-strips-p29,0,False,32,1155,2211,3498,132,5737,8449,0,0,0,0,0,0,,0.0,1.0,1,1,0.0146,0.0108,0.0005,0.0058,0.0,0.0,0.0,0.052,0.0844
openstacks-opt08-strips-p30,0,False,33,1224,2346,3706,136,6065,8441,0,0,0,0,0,0,,0.0,1.0,1,1,0.0142,0.0113,0.0005,0.0059,0.0,0.0,0.0,0.0578,0.0906
openstacks-opt11-strips-p01,0,False,9,120,210,370,40,579,664,0,0,0,0,0,0,,0.0,1.0,1,1,0.0054,0.0005,0.0001,0.0013,0.0,0.0,0.0,0.006,0.0137
openstacks-opt11-strips-p02,0,False,10,143,253,440,44,693,818,0,0,0,0,0,0,,0.0,1.0,1,1,0.0051,0.0007,0.0001,0.0015,0.0,0.0,0.0,0.007,0.0148
openstacks-opt11-strips-p03,0,False,11,168,300,516,48,819,1011,0,0,0,0,0,0,,0.0,1.0,1,1,0.0053,0.0008,0.0001,0.0016,0.0,0.0,0.0,0.0093,0.0175
openstacks-opt11-strips-p04,0,False,12,195,351,598,52,949,1149,0,0,0,0,0,0,,0.0,1.0,1,1,0.0053,0.001,0.0001,0.0021,0.0,0.0,0.0,0.0102,0.0191
openstacks-opt11-strips-p05,0,False,13,224,406,686,56,1095,1376,0,0,0,0,0,0,,0.0,1.0,1,1,0.0057,0.0011,0.0001,0.0018,0.0,0.0,0.0,0.0118,0.0212
openstacks-opt11-strips-p06,0,False,14,255,465,780,60,1247,1565,0,0,0,0,0,0,,0.0,1.0,1,1,0.0062,0.0013,0.0001,0.0021,0.0,0.0,0.0,0.0134,0.0237
openstacks-opt11-strips-p07,0,False,15,288,528,880,64,1409,1766,0,0,0,0,0,0,,0.0,1.0,1,1,0.0063,0.0016,0.0001,0.0019,0.0,0.0,0.0,0.0149,0.0254
openstacks-opt11-strips-p08,0,False,16,323,595,986,68,1581,1979,0,0,0,0,0,0,,0.0,1.0,1,1,0.0063,0.0018,0.0001,0.0025,0.0,0.0,0.0,0.0162,0.0276
openstacks-opt11-strips-p09,0,False,17,360,666,1098,72,1769,2309,0,0,0,0,0,0,,0.0,1.0,1,1,0.0067,0.0022,0.0001,0.0024,0.0,0.0,0.0,0.0186,0.0305
openstacks-opt11-strips-p10,0,False,25,728,1378,2210,104,3613,5303,0,0,0,0,0,0,,0.0,1.0,1,1,0.011,0.0057,0.0003,0.0039,0.0,0.0,0.0,0.036,0.0576
openstacks-opt11-strips-p11,0,False,18,399,741,1216,76,1957,2478,0,0,0,0,0,0,,0.0,1.0,1,1,0.0068,0.0024,0.0001,0.0024,0.0,0.0,0.0,0.0203,0.0327
openstacks-opt11-strips-p12,0,False,19,440,820,1340,80,2167,2885,0,0,0,0,0,0,,0.0,1.0,1,1,0.0119,0.0028,0.0002,0.0028,0.0,0.0,0.0,0.0232,0.0415
openstacks-opt11-strips-p13,0,False,20,483,903,1470,84,2379,3156,0,0,0,0,0,0,,0.0,1.0,1,1,0.0079,0.0031,0.0002,0.003,0.0,0.0,0.0,0.0249,0.0399
openstacks-opt11-strips-p14,0,False,21,528,990,1606,88,2605,3525,0,0,0,0,0,0,,0.0,1.0,1,1,0.0083,0.0035,0.0002,0.0029,0.0,0.0,0.0,0.0272,0.0429
openstacks-opt11-strips-p15,0,False,22,575,1081,1748,92,2835,3779,0,0,0,0,0,0,,0.0,1.0,1,1,0.0083,0.0041,0.0002,0.0033,0.0,0.0,0.0,0.0282,0.0446
openstacks-opt11-strips-p16,0,False,24,675,1275,2050,100,3327,4360,0,0,0,0,0,0,,0.0,1.0,1,1,0.0093,0.005,0.0002,0.0039,0.0,0.0,0.0,0.032,0.0511
openstacks-opt11-strips-p17,0,False,23,624,1176,1896,96,3077,4088,0,0,0,0,0,0,,0.0,1.0,1,1,0.0094,0.0044,0.0002,0.0037,0.0,0.0,0.0,0.0299,0.0482
openstacks-opt11-strips-p18,0,False,26,783,1485,2376,108,3873,5352,0,0,0,0,0,0,,0.0,1.0,1,1,0.0116,0.0059,0.0003,0.0042,0.0,0.0,0.0,0.0377,0.0605
openstacks-opt11-strips-p19,0,False,27,840,1596,2548,112,4153,5664,0,0,0,0,0,0,,0.0,1.0,1,1,0.0116,0.0068,0.0003,0.0041,0.0,0.0,0.0,0.0405,0.0644
openstacks-opt11-strips-p20,0,False,28,899,1711,2726,116,4455,6326,0,0,0,0,0,0,,0.0,1.0,1,1,0.012,0.0075,0.0003,0.0043,0.0,0.0,0.0,0.0426,0.0677
openstacks-opt14-strips-p20_1,0,False,19,440,820,1340,80,2155,2651,0,0,0,0,0,0,,0.0,1.0,1,1,0.0094,0.0027,0.0002,0.0026,0.0,0.0,0.0,0.0217,0.0372
openstacks-opt14-strips-p20_2,0,False,19,440,820,1340,80,2163,2807,0,0,0,0,0,0,,0.0,1.0,1,1,0.0199,0.0028,0.0002,0.0028,0.0,0.0,0.0,0.0227,0.049
openstacks-opt14-strips-p20_3,0,False,19,440,820,1340,80,2209,3704,0,0,0,0,0,0,,0.0,1.0,1,1,0.008,0.0029,0.0002,0.0036,0.0,0.0,0.0,0.0244,0.0398
openstacks-opt14-strips-p25_1,0,False,24,675,1275,2050,100,3323,4262,0,0,0,0,0,0,,0.0,1.0,1,1,0.0089,0.0051,0.0002,0.0037,0.0,0.0,0.0,0.0315,0.0501
openstacks-opt14-strips-p25_3,0,False,24,675,1275,2050,100,3403,6222,0,0,0,0,0,0,,0.0,1.0,1,1,0.0091,0.0051,0.0003,0.0044,0.0,0.0,0.0,0.0357,0.0556
openstacks-opt14-strips-p30_1,0,False,29,960,1830,2910,120,4733,6017,0,0,0,0,0,0,,0.0,1.0,1,1,0.0122,0.0081,0.0003,0.0043,0.0,0.0,0.0,0.0438,0.0701
openstacks-opt14-strips-p30_2,0,False,29,960,1830,2910,120,4743,6312,0,0,0,0,0,0,,0.0,1.0,1,1,0.0127,0.0081,0.0003,0.0043,0.0,0.0,0.0,0.0451,0.0717
openstacks-opt14-strips-p30_3,0,False,29,960,1830,2910,120,4865,9911,0,0,0,0,0,0,,0.0,1.0,1,1,0.014,0.0083,0.0005,0.0058,0.0,0.0,0.0,0.0529,0.0824
openstacks-opt14-strips-p35_1,0,False,34,1295,2485,3920,140,6407,8555,0,0,0,0,0,0,,0.0,1.0,1,1,0.0153,0.0121,0.0005,0.006,0.0,0.0,0.0,0.0598,0.0946
openstacks-opt14-strips-p35_2,0,False,34,1295,2485,3920,140,6415,8831,0,0,0,0,0,0,,0.0,1.0,1,1,0.0166,0.0122,0.0005,0.0061,0.0,0.0,0.0,0.0592,0.0955
openstacks-opt14-strips-p35_3,0,False,34,1295,2485,3920,140,6567,14075,0,0,0,0,0,0,,0.0,1.0,1,1,0.0158,0.0129,0.0007,0.0076,0.0,0.0,0.0,0.069,0.1076
openstacks-opt14-strips-p40_1,0,False,39,1680,3240,5080,160,8319,11059,0,0,0,0,0,0,,0.0,1.0,1,1,0.0322,0.018,0.0006,0.0077,0.0,0.0,0.0,0.0868,0.1464
openstacks-opt14-strips-p40_2,0,False,39,1680,3240,5080,160,8327,11375,0,0,0,0,0,0,,0.0,1.0,1,1,0.0186,0.0181,0.0006,0.0081,0.0,0.0,0.0,0.0895,0.1361
openstacks-opt14-strips-p40_3,0,False,39,1680,3240,5080,160,8507,18485,0,0,0,0,0,0,,0.0,1.0,1,1,0.0196,0.0189,0.001,0.0095,0.0,0.0,0.0,0.1008,0.1513
openstacks-opt14-strips-p45_1,0,False,44,2115,4095,6390,180,10481,13883,0,0,0,0,0,0,,0.0,1.0,1,1,0.0227,0.0253,0.0009,0.0113,0.0,0.0,0.0,0.1089,0.1708
openstacks-opt14-strips-p45_2,0,False,44,2115,4095,6390,180,10513,15307,0,0,0,0,0,0,,0.0,1.0,1,1,0.022,0.0253,0.0008,0.0103,0.0,0.0,0.0,0.1187,0.1781
openstacks-opt14-strips-p45_3,0,False,44,2115,4095,6390,180,10749,25809,0,0,0,0,0,0,,0.0,1.0,1,1,0.0226,0.0257,0.0013,0.0126,0.0,0.0,0.0,0.1385,0.2023
openstacks-opt14-strips-p50_1,0,False,49,2600,5050,7850,200,12901,17423,0,0,0,0,0,0,,0.0,1.0,1,1,0.0275,0.0333,0.0011,0.0117,0.0,0.0,0.0,0.1334,0.2085
openstacks-opt14-strips-p50_2,0,False,49,2600,5050,7850,200,12929,18809,0,0,0,0,0,0,,0.0,1.0,1,1,0.0283,0.0331,0.001,0.0121,0.0,0.0,0.0,0.1414,0.2175
openstacks-opt14-strips-p50_3,0,False,49,2600,5050,7850,200,13191,31778,0,0,0,0,0,0,,0.0,1.0,1,1,0.0291,0.0352,0.0016,0.0171,0.0,0.0,0.0,0.157,0.2414
openstacks-p01,-3,False,0,0,0,0,0,0,0,0,0,0,0,0,0,,0.0,0.0,1e+20,1e+20,0,0,0,0,0,0,0,0,0
openstacks-p02,-3,False,0,0,0,0,0,0,0,0,0,0,0,0,0,,0.0,0.0,1e+20,1e+20,0,0,0,0,0,0,0,0,0
openstacks-p03,-3,False,0,0,0,0,0,0,0,0,0,0,0,0,0,,0.0,0.0,1e+20,1e+20,0,0,0,0,0,0,0,0,0
openstacks-p04,-3,False,0,0,0,0,0,0,0,0,0,0,0,0,0,,0.0,0.0,1e+20,1e+20,0,0,0,0,0,0,0,0,0
openstacks-p05,-3,False,0,0,0,0,0,0,0,0,0,0,0,0,0,,0.0,0.0,1e+20,1e+20,0,0,0,0,0,0,0,0,0
openstacks-p06,-3,False,0,0,0,0,0,0,0,0,0,0,0,0,0,,0.0,0.0,1e+20,1e+20,0,0,0,0,0,0,0,0,0
openstacks-p07,-3,False,0,0,0,0,0,0,0,0,0,0,0,0,0,,0.0,0.0,1e+20,1e+20,0,0,0,0,0,0,0,0,0
openstacks-p08,-3,False,0,0,0,0,0,0,0,0,0,0,0,0,0,,0.0,0.0,1e+20,1e+20,0,0,0,0,0,0,0,0,0
openstacks-p09,-3,False,0,0,0,0,0,0,0,0,0,0,0,0,0,,0.0,0.0,1e+20,1e+20,0,0,0,0,0,0,0,0,0
openstacks-p10,-3,False,0,0,0,0,0,0,0,0,0,0,0,0,0,,0.0,0.0,1e+20,1e+20,0,0,0,0,0,0,0,0,0
openstacks-p11,-3,False,0,0,0,0,0,0,0,0,0,0,0,0,0,,0.0,0.0,1e+20,1e+20,0,0,0,0,0,0,0,0,0
openstacks-p12,-3,False,0,0,0,0,0,0,0,0,0,0,0,0,0,,0.0,0.0,1e+20,1e+20,0,0,0,0,0,0,0,0,0
openstacks-p13,-3,False,0,0,0,0,0,0,0,0,0,0,0,0,0,,0.0,0.0,1e+20,1e+20,0,0,0,0,0,0,0,0,0
openstacks-p14,-3,False,0,0,0,0,0,0,0,0,0,0,0,0,0,,0.0,0.0,1e+20,1e+20,0,0,0,0,0,0,0,0,0
openstacks-p15,-3,False,0,0,0,0,0,0,0,0,0,0,0,0,0,,0.0,0.0,1e+20,1e+20,0,0,0,0,0,0,0,0,0
openstacks-p16,-3,False,0,0,0,0,0,0,0,0,0,0,0,0,0,,0.0,0.0,1e+20,1e+20,0,0,0,0,0,0,0,0,0
openstacks-p17,-3,False,0,0,0,0,0,0,0,0,0,0,0,0,0,,0.0,0.0,1e+20,1e+20,0,0,0,0,0,0,0,0,0
openstacks-p18,-3,False,0,0,0,0,0,0,0,0,0,0,0,0,0,,0.0,0.0,1e+20,1e+20,0,0,0,0,0,0,0,0,0
openstacks-p19,-3,False,0,0,0,0,0,0,0,0,0,0,0,0,0,,0.0,0.0,1e+20,1e+20,0,0,0,0,0,0,0,0,0
openstacks-p20,-3,False,0,0,0,0,0,0,0,0,0,0,0,0,0,,0.0,0.0,1e+20,1e+20,0,0,0,0,0,0,0,0,0
openstacks-p21,-3,False,0,0,0,0,0,0,0,0,0,0,0,0,0,,0.0,0.0,1e+20,1e+20,0,0,0,0,0,0,0,0,0
openstacks-p22,-3,False,0,0,0,0,0,0,0,0,0,0,0,0,0,,0.0,0.0,1e+20,1e+20,0,0,0,0,0,0,0,0,0
openstacks-p23,-3,False,0,0,0,0,0,0,0,0,0,0,0,0,0,,0.0,0.0,1e+20,1e+20,0,0,0,0,0,0,0,0,0
openstacks-p24,-3,False,0,0,0,0,0,0,0,0,0,0,0,0,0,,0.0,0.0,1e+20,1e+20,0,0,0,0,0,0,0,0,0
openstacks-p25,-3,False,0,0,0,0,0,0,0,0,0,0,0,0,0,,0.0,0.0,1e+20,1e+20,0,0,0,0,0,0,0,0,0
openstacks-p26,-3,False,0,0,0,0,0,0,0,0,0,0,0,0,0,,0.0,0.0,1e+20,1e+20,0,0,0,0,0,0,0,0,0
openstacks-p27,-3,False,0,0,0,0,0,0,0,0,0,0,0,0,0,,0.0,0.0,1e+20,1e+20,0,0,0,0,0,0,0,0,0
openstacks-p28,-3,False,0,0,0,0,0,0,0,0,0,0,0,0,0,,0.0,0.0,1e+20,1e+20,0,0,0,0,0,0,0,0,0
openstacks-p29,-3,False,0,0,0,0,0,0,0,0,0,0,0,0,0,,0.0,0.0,1e+20,1e+20,0,0,0,0,0,0,0,0,0
openstacks-p30,-3,False,0,0,0,0,0,0,0,0,0,0,0,0,0,,0.0,0.0,1e+20,1e+20,0,0,0,0,0,0,0,0,0
openstacks-sat08-strips-p01,0,False,4,35,55,110,20,163,152,0,0,0,0,0,0,,0.0,1.0,1,1,0.0046,0.0002,0.0,0.0014,0.0,0.0,0.0,0.003,0.0098
openstacks-sat08-strips-p02,0,False,4,35,55,110,20,163,152,0,0,0,0,0,0,,0.0,1.0,1,1,0.0043,0.0002,0.0,0.0012,0.0,0.0,0.0,0.003,0.0091
openstacks-sat08-strips-p03,0,False,4,35,55,110,20,161,143,0,0,0,0,0,0,,0.0,1.0,1,1,0.0043,0.0002,0.0,0.0011,0.0,0.0,0.0,0.003,0.009
openstacks-sat08-strips-p04,0,False,9,120,210,370,40,579,664,0,0,0,0,0,0,,0.0,1.0,1,1,0.005,0.0005,0.0001,0.0016,0.0,0.0,0.0,0.006,0.0137
openstacks-sat08-strips-p05,0,False,9,120,210,370,40,577,645,0,0,0,0,0,0,,0.0,1.0,1,1,0.005,0.0005,0.0001,0.0018,0.0,0.0,0.0,0.0058,0.0137
openstacks-sat08-strips-p06,0,False,9,120,210,370,40,579,664,0,0,0,0,0,0,,0.0,1.0,1,1,0.0057,0.0005,0.0001,0.0018,0.0,0.0,0.0,0.0062,0.0146
openstacks-sat08-strips-p07,0,False,14,255,465,780,60,1247,1565,0,0,0,0,0,0,,0.0,1.0,1,1,0.0065,0.0014,0.0001,0.0025,0.0,0.0,0.0,0.0132,0.0243
openstacks-sat08-strips-p08,0,False,14,255,465,780,60,1243,1507,0,0,0,0,0,0,,0.0,1.0,1,1,0.0062,0.0014,0.0001,0.0022,0.0,0.0,0.0,0.0132,0.0237
openstacks-sat08-strips-p09,0,False,14,255,465,780,60,1243,1507,0,0,0,0,0,0,,0.0,1.0,1,1,0.0057,0.0014,0.0001,0.0022,0.0,0.0,0.0,0.0133,0.0233
openstacks-sat08-strips-p10,0,False,19,440,820,1340,80,2167,2885,0,0,0,0,0,0,,0.0,1.0,1,1,0.0073,0.0028,0.0002,0.0029,0.0,0.0,0.0,0.023,0.0369
openstacks-sat08-strips-p11,0,False,19,440,820,1340,80,2175,3041,0,0,0,0,0,0,,0.0,1.0,1,1,0.007,0.0028,0.0002,0.0028,0.0,0.0,0.0,0.0232,0.0366
openstacks-sat08-strips-p12,0,False,19,440,820,1340,80,2167,2885,0,0,0,0,0,0,,0.0,1.0,1,1,0.007,0.0028,0.0002,0.0029,0.0,0.0,0.0,0.0225,0.036
openstacks-sat08-strips-p13,0,False,29,960,1830,2910,120,4749,6489,0,0,0,0,0,0,,0.0,1.0,1,1,0.0124,0.0081,0.0003,0.0044,0.0,0.0,0.0,0.0465,0.0728
openstacks-sat08-strips-p14,0,False,29,960,1830,2910,120,4763,6902,0,0,0,0,0,0,,0.0,1.0,1,1,0.0128,0.0082,0.0004,0.0048,0.0,0.0,0.0,0.047,0.0743
openstacks-sat08-strips-p15,0,False,29,960,1830,2910,120,4753,6607,0,0,0,0,0,0,,0.0,1.0,1,1,0.0128,0.0081,0.0003,0.0048,0.0,0.0,0.0,0.0443,0.0715
openstacks-sat08-strips-p16,0,False,39,1680,3240,5080,160,8363,12797,0,0,0,0,0,0,,0.0,1.0,1,1,0.0296,0.0186,0.0008,0.0085,0.0,0.0,0.0,0.0933,0.152
openstacks-sat08-strips-p17,0,False,39,1680,3240,5080,160,8349,12244,0,0,0,0,0,0,,0.0,1.0,1,1,0.0181,0.0182,0.0007,0.0077,0.0,0.0,0.0,0.093,0.1387
openstacks-sat08-strips-p18,0,False,39,1680,3240,5080,160,8343,12007,0,0,0,0,0,0,,0.0,1.0,1,1,0.0185,0.0176,0.0006,0.0079,0.0,0.0,0.0,0.0923,0.138
openstacks-sat08-strips-p19,0,False,49,2600,5050,7850,200,12967,20690,0,0,0,0,0,0,,0.0,1.0,1,1,0.0309,0.0336,0.0011,0.0123,0.0,0.0,0.0,0.1471,0.2271
openstacks-sat08-strips-p20,0,False,49,2600,5050,7850,200,12991,21878,0,0,0,0,0,0,,0.0,1.0,1,1,0.0269,0.0341,0.0012,0.0123,0.0,0.0,0.0,0.1494,0.2259
openstacks-sat08-strips-p21,0,False,49,2600,5050,7850,200,12951,19898,0,0,0,0,0,0,,0.0,1.0,1,1,0.0262,0.0332,0.0011,0.0117,0.0,0.0,0.0,0.145,0.219
openstacks-sat08-strips-p22,0,False,59,3720,7260,11220,240,18605,32486,0,0,0,0,0,0,,0.0,1.0,1,1,0.0399,0.0554,0.0017,0.0181,0.0,0.0,0.0,0.2212,0.3381
openstacks-sat08-strips-p23,0,False,59,3720,7260,11220,240,18563,29987,0,0,0,0,0,0,,0.0,1.0,1,1,0.039,0.0565,0.0018,0.0179,0.0,0.0,0.0,0.2179,0.3348
openstacks-sat08-strips-p24,0,False,59,3720,7260,11220,240,18559,29749,0,0,0,0,0,0,,0.0,1.0,1,1,0.0397,0.0549,0.0016,0.0179,0.0,0.0,0.0,0.216,0.3317
openstacks-sat08-strips-p25,0,False,79,6560,12880,19760,320,32813,58352,0,0,0,0,0,0,,0.0,1.0,1,1,0.0715,0.1274,0.0032,0.0339,0.0,0.0,0.0,0.4656,0.7049
openstacks-sat08-strips-p26,0,False,79,6560,12880,19760,320,32775,55331,0,0,0,0,0,0,,0.0,1.0,1,1,0.07,0.1262,0.0034,0.0337,0.0,0.0,0.0,0.4564,0.6928
openstacks-sat08-strips-p27,0,False,79,6560,12880,19760,320,32801,57398,0,0,0,0,0,0,,0.0,1.0,1,1,0.0698,0.1302,0.0035,0.0338,0.0,0.0,0.0,0.4454,0.6861
openstacks-sat08-strips-p28,0,False,99,10200,20100,30700,400,51073,96912,0,0,0,0,0,0,,0.0,1.0,1,1,0.1199,0.2511,0.0055,0.0606,0.0,0.0,0.0,0.8819,1.3228
openstacks-sat08-strips-p29,0,False,99,10200,20100,30700,400,51079,97509,0,0,0,0,0,0,,0.0,1.0,1,1,0.1223,0.2535,0.0056,0.0606,0.0,0.0,0.0,0.8555,1.3012
openstacks-sat08-strips-p30,0,False,99,10200,20100,30700,400,51087,98305,0,0,0,0,0,0,,0.0,1.0,1,1,0.1218,0.25,0.0056,0.0603,0.0,0.0,0.0,0.8777,1.3191
openstacks-sat11-strips-p01,0,False,49,2600,5050,7850,200,12951,19898,0,0,0,0,0,0,,0.0,1.0,1,1,0.0266,0.0334,0.0012,0.0119,0.0,0.0,0.0,0.1402,0.2153
openstacks-sat11-strips-p02,0,False,59,3720,7260,11220,240,18605,32486,0,0,0,0,0,0,,0.0,1.0,1,1,0.2667,0.0554,0.0017,0.0184,0.0,0.0,0.0,0.2241,0.568
openstacks-sat11-strips-p03,0,False,59,3720,7260,11220,240,18559,29749,0,0,0,0,0,0,,0.0,1.0,1,1,0.0377,0.055,0.0016,0.018,0.0,0.0,0.0,0.2151,0.3291
openstacks-sat11-strips-p04,0,False,79,6560,12880,19760,320,32813,58352,0,0,0,0,0,0,,0.0,1.0,1,1,0.0718,0.1308,0.0037,0.0341,0.0,0.0,0.0,0.4676,0.7112
openstacks-sat11-strips-p05,0,False,79,6560,12880,19760,320,32775,55331,0,0,0,0,0,0,,0.0,1.0,1,1,0.0712,0.1263,0.0034,0.0337,0.0,0.0,0.0,0.4583,0.6965
openstacks-sat11-strips-p06,0,False,79,6560,12880,19760,320,32801,57398,0,0,0,0,0,0,,0.0,1.0,1,1,0.0703,0.1263,0.0031,0.0337,0.0,0.0,0.0,0.4471,0.6838
openstacks-sat11-strips-p07,0,False,49,2600,5050,7850,200,12991,21878,0,0,0,0,0,0,,0.0,1.0,1,1,0.0285,0.0339,0.0013,0.0125,0.0,0.0,0.0,0.1492,0.2275
openstacks-sat11-strips-p08,0,False,99,10200,20100,30700,400,51073,96912,0,0,0,0,0,0,,0.0,1.0,1,1,0.122,0.251,0.0059,0.0605,0.0,0.0,0.0,0.8818,1.3249
openstacks-sat11-strips-p09,0,False,99,10200,20100,30700,400,51079,97509,0,0,0,0,0,0,,0.0,1.0,1,1,0.1213,0.2495,0.0056,0.0607,0.0,0.0,0.0,0.8549,1.2957
openstacks-sat11-strips-p10,0,False,99,10200,20100,30700,400,51087,98305,0,0,0,0,0,0,,0.0,1.0,1,1,0.1255,0.2509,0.0064,0.0603,0.0,0.0,0.0,0.8782,1.3251
openstacks-sat11-strips-p11,0,False,129,17160,33930,51610,520,85823,154622,0,0,0,0,0,0,,0.0,1.0,1,1,0.2383,0.5681,0.0111,0.1065,0.0,0.0,0.0,1.7671,2.6973
openstacks-sat11-strips-p12,0,False,129,17160,33930,51610,520,87209,334109,0,0,0,0,0,0,,0.0,1.0,1,1,0.2607,0.5923,0.0217,0.1488,0.0,0.0,0.0,2.0683,3.1084
openstacks-sat11-strips-p13,0,False,159,25920,51360,77920,640,129655,238611,0,0,0,0,0,0,,0.0,1.0,1,1,0.4055,1.0826,0.0208,0.169,0.0,0.0,0.0,3.2642,4.9589
openstacks-sat11-strips-p14,0,False,159,25920,51360,77920,640,131465,527306,0,0,0,0,0,0,,0.0,1.0,1,1,0.4429,1.1929,0.0424,0.2452,0.0,0.0,0.0,3.852,5.8001
openstacks-sat11-strips-p15,0,False,189,36480,72390,109630,760,182729,386579,0,0,0,0,0,0,,0.0,1.0,1,1,0.6522,1.8809,0.0377,0.2681,0.0,0.0,0.0,5.1502,8.0131
openstacks-sat11-strips-p16,0,False,189,36480,72390,109630,760,184887,795520,0,0,0,0,0,0,,0.0,1.0,1,1,0.7085,2.0577,0.0748,0.3762,0.0,0.0,0.0,6.7536,10.0037
openstacks-sat11-strips-p17,0,False,219,48840,97020,146740,880,244739,553139,0,0,0,0,0,0,,0.0,1.0,1,1,1.1975,3.3997,0.0611,0.416,0.0,0.0,0.0,8.4755,13.5675
openstacks-sat11-strips-p18,0,False,219,48840,97020,146740,880,247575,1175641,0,0,0,0,0,0,,0.0,1.0,1,1,1.0594,3.573,0.1274,0.556,0.0,0.0,0.0,9.348,14.718
openstacks-sat11-strips-p19,0,False,249,63000,125250,189250,1000,315821,766463,0,0,0,0,0,0,,0.0,1.0,1,1,1.3968,5.2762,0.0915,0.5821,0.0,0.0,0.0,13.7311,21.1224
openstacks-sat11-strips-p20,0,False,249,63000,125250,189250,1000,319223,1615262,0,0,0,0,0,0,,0.0,1.0,1,1,1.5039,4.7421,0.2032,0.8117,0.0,0.0,0.0,14.2115,21.541
openstacks-sat14-strips-p170_2,0,False,169,29240,57970,87890,680,146415,295946,0,0,0,0,0,0,,0.0,1.0,1,1,0.4768,1.3463,0.0257,0.2043,0.0,0.0,0.0,3.6326,5.7004
openstacks-sat14-strips-p170_3,0,False,169,29240,57970,87890,680,148211,600368,0,0,0,0,0,0,,0.0,1.0,1,1,0.5198,1.4602,0.0504,0.2959,0.0,0.0,0.0,4.6655,7.0057
openstacks-sat14-strips-p190_1,0,False,189,36480,72390,109630,760,182513,345647,0,0,0,0,0,0,,0.0,1.0,1,1,0.6546,1.8721,0.035,0.261,0.0,0.0,0.0,5.3085,8.1528
openstacks-sat14-strips-p190_2,0,False,189,36480,72390,109630,760,182759,392264,0,0,0,0,0,0,,0.0,1.0,1,1,0.6903,1.8792,0.0381,0.2699,0.0,0.0,0.0,5.2742,8.1755
openstacks-sat14-strips-p190_3,0,False,189,36480,72390,109630,760,184881,794383,0,0,0,0,0,0,,0.0,1.0,1,1,0.699,2.1076,0.0742,0.3751,0.0,0.0,0.0,6.7335,10.0228
openstacks-sat14-strips-p210_1,0,False,209,44520,88410,133770,840,222733,424027,0,0,0,0,0,0,,0.0,1.0,1,1,0.8457,2.7492,0.0475,0.3293,0.0,0.0,0.0,7.1338,11.1334
openstacks-sat14-strips-p210_2,0,False,209,44520,88410,133770,840,222927,464670,0,0,0,0,0,0,,0.0,1.0,1,1,0.8477,2.7776,0.0506,0.337,0.0,0.0,0.0,7.2779,11.3198
openstacks-sat14-strips-p210_3,0,False,209,44520,88410,133770,840,225659,1037024,0,0,0,0,0,0,,0.0,1.0,1,1,1.1907,2.9601,0.1097,0.4941,0.0,0.0,0.0,7.9295,12.7297
openstacks-sat14-strips-p230_1,0,False,229,53360,106030,160310,920,266897,497555,0,0,0,0,0,0,,0.0,1.0,1,1,1.0806,3.9603,0.0597,0.4286,0.0,0.0,0.0,9.833,15.3866
openstacks-sat14-strips-p230_2,0,False,229,53360,106030,160310,920,267405,614141,0,0,0,0,0,0,,0.0,1.0,1,1,1.1064,3.9236,0.0702,0.4557,0.0,0.0,0.0,9.9845,15.5735
openstacks-sat14-strips-p230_3,0,False,229,53360,106030,160310,920,270389,1298969,0,0,0,0,0,0,,0.0,1.0,1,1,1.1804,4.234,0.1489,0.6505,0.0,0.0,0.0,10.8366,17.0922
openstacks-sat14-strips-p250_1,0,False,249,63000,125250,189250,1000,315303,637222,0,0,0,0,0,0,,0.0,1.0,1,1,1.3703,5.0738,0.0781,0.5506,0.0,0.0,0.0,13.1355,20.2478
openstacks-sat14-strips-p250_2,0,False,249,63000,125250,189250,1000,315661,726543,0,0,0,0,0,0,,0.0,1.0,1,1,1.3903,4.9681,0.0868,0.5682,0.0,0.0,0.0,13.5214,20.5778
openstacks-sat14-strips-p250_3,0,False,249,63000,125250,189250,1000,319247,1621250,0,0,0,0,0,0,,0.0,1.0,1,1,1.5093,4.7927,0.2082,0.8108,0.0,0.0,0.0,14.2559,21.6425
openstacks-sat14-strips-p270_1,0,False,269,73440,146070,220590,1080,367741,800953,0,0,0,0,0,0,,0.0,1.0,1,1,1.7121,6.7546,0.1032,0.6783,0.0,0.0,0.0,17.8853,27.1862
openstacks-sat14-strips-p270_2,0,False,269,73440,146070,220590,1080,368157,913065,0,0,0,0,0,0,,0.0,1.0,1,1,1.7292,6.7335,0.1161,0.7534,0.0,0.0,0.0,18.2147,27.5746
openstacks-sat14-strips-p270_3,0,False,269,73440,146070,220590,1080,371855,1909676,0,0,0,0,0,0,,0.0,1.0,1,1,1.8465,6.0733,0.2627,0.9996,0.0,0.0,0.0,18.7797,28.0498
openstacks-sat14-strips-p290_1,0,False,289,84680,168490,254330,1160,423963,918872,0,0,0,0,0,0,,0.0,1.0,1,1,2.0911,8.5364,0.125,0.8726,0.0,0.0,0.0,22.6284,34.2887
openstacks-sat14-strips-p290_2,0,False,289,84680,168490,254330,1160,424631,1112258,0,0,0,0,0,0,,0.0,1.0,1,1,2.1226,8.4977,0.149,0.9123,0.0,0.0,0.0,23.974,35.7041
openstacks-sat14-strips-p290_3,0,False,289,84680,168490,254330,1160,428657,2277785,0,0,0,0,0,0,,0.0,1.0,1,1,2.2465,8.1804,0.3385,1.2554,0.0,0.0,0.0,24.3715,36.4456
openstacks-strips-p01,0,True,4,40,65,135,30,209,220,0,0,0,0,0,0,,0.0,21.0,21,21,0.0048,0.0004,0.0001,0.0016,0.0,0.0,0.0,0.005,0.0123
openstacks-strips-p02,0,True,4,40,65,135,30,209,222,0,0,0,0,0,0,,0.0,21.0,21,21,0.0051,0.0004,0.0001,0.0015,0.0,0.0,0.0,0.005,0.0125
openstacks-strips-p03,0,True,4,40,65,135,30,209,220,0,0,0,0,0,0,,0.0,21.0,21,21,0.005,0.0003,0.0001,0.0016,0.0,0.0,0.0,0.0049,0.0125
openstacks-strips-p04,0,True,4,40,65,135,30,209,220,0,0,0,0,0,0,,0.0,21.0,21,21,0.0045,0.0003,0.0001,0.0012,0.0,0.0,0.0,0.0049,0.0114
openstacks-strips-p05,0,True,4,40,65,135,30,209,221,0,0,0,0,0,0,,0.0,21.0,21,21,0.0045,0.0004,0.0001,0.0011,0.0,0.0,0.0,0.0049,0.0114
openstacks-strips-p06,0,True,9,130,230,420,60,699,1040,0,0,0,0,0,0,,0.0,41.0,41,41,0.0176,0.0014,0.0005,0.0016,0.0,0.0,0.0,0.011,0.0326
openstacks-strips-p07,0,True,9,130,230,420,60,699,1040,0,0,0,0,0,0,,0.0,41.0,41,41,0.0056,0.0014,0.0005,0.0015,0.0,0.0,0.0,0.0111,0.0206
openstacks-strips-p08,0,True,14,290,551,963,122,1807,3681,0,0,0,0,0,0,,0.0,81.0,81,81,0.0122,0.006,0.0037,0.0031,0.0,0.0,0.0,0.0248,0.0507
openstacks-strips-p09,0,True,14,290,551,963,122,1837,3982,0,0,0,0,0,0,,0.0,81.0,81,81,0.011,0.0065,0.0044,0.0029,0.0,0.0,0.0,0.0251,0.0507
openstacks-strips-p10,0,True,19,460,881,1463,122,2422,4072,0,0,0,0,0,0,,0.0,81.0,81,81,0.0129,0.0083,0.005,0.0034,0.0,0.0,0.0,0.0386,0.0692
openstacks-strips-p11,0,True,19,460,881,1463,122,2422,4073,0,0,0,0,0,0,,0.0,81.0,81,81,0.0136,0.0083,0.005,0.0032,0.0,0.0,0.0,0.0385,0.0694
openstacks-strips-p12,0,True,19,460,881,1463,122,2482,4876,0,0,0,0,0,0,,0.0,81.0,81,81,0.014,0.0085,0.006,0.0043,0.0,0.0,0.0,0.0397,0.0732
openstacks-strips-p13,0,True,19,460,881,1463,122,2542,5676,0,0,0,0,0,0,,0.0,81.0,81,81,0.0138,0.0085,0.0073,0.004,0.0,0.0,0.0,0.0415,0.0758
openstacks-strips-p14,0,True,19,460,881,1463,122,2542,5671,0,0,0,0,0,0,,0.0,81.0,81,81,0.014,0.0086,0.0073,0.0041,0.0,0.0,0.0,0.0412,0.0759
openstacks-strips-p15,0,True,19,460,881,1463,122,2602,6474,0,0,0,0,0,0,,0.0,81.0,81,81,0.0146,0.0091,0.0101,0.0039,0.0,0.0,0.0,0.0433,0.0818
openstacks-strips-p16,0,True,19,460,881,1463,122,2602,6471,0,0,0,0,0,0,,0.0,81.0,81,81,0.0142,0.0092,0.0102,0.0048,0.0,0.0,0.0,0.043,0.0823
openstacks-strips-p17,0,True,19,480,921,1553,152,2981,7822,0,0,0,0,0,0,,0.0,101.0,101,101,0.0164,0.0124,0.0128,0.0044,0.0,0.0,0.0,0.0452,0.0922
openstacks-strips-p18,0,True,24,768,1487,2509,254,5218,13822,0,0,0,0,0,0,,0.0,169.0,169,169,0.0309,0.0352,0.0404,0.0074,0.0,0.0,0.0,0.0668,0.1822
openstacks-strips-p19,0,True,24,700,1351,2203,152,3622,5831,0,0,0,0,0,0,,0.0,101.0,101,101,0.0178,0.017,0.0155,0.0052,0.0,0.0,0.0,0.0521,0.1086
openstacks-strips-p20,0,True,29,990,1921,3093,182,5132,9104,0,0,0,0,0,0,,0.0,121.0,121,121,0.024,0.0267,0.0273,0.0061,0.0,0.0,0.0,0.0813,0.1666
openstacks-strips-p21,0,True,29,990,1921,3093,182,5132,9104,0,0,0,0,0,0,,0.0,121.0,121,121,0.0241,0.0265,0.0262,0.0059,0.0,0.0,0.0,0.0807,0.1646
openstacks-strips-p22,0,True,29,990,1921,3093,182,5222,10912,0,0,0,0,0,0,,0.0,121.0,121,121,0.0256,0.0256,0.0306,0.0064,0.0,0.0,0.0,0.0838,0.1734
openstacks-strips-p23,0,True,29,990,1921,3093,182,5312,12707,0,0,0,0,0,0,,0.0,121.0,121,121,0.0262,0.029,0.0371,0.0066,0.0,0.0,0.0,0.0872,0.1875
openstacks-strips-p24,0,True,49,2650,5201,8153,302,17845,168278,0,0,0,0,0,0,,0.0,201.0,201,201,0.0975,0.1779,2.9494,0.0599,0.0,0.0,0.0,0.5033,3.7959
openstacks-strips-p25,0,True,49,2650,5201,8153,302,17146,144959,0,0,0,0,0,0,,0.0,201.0,201,201,0.1037,0.1759,2.0476,0.0524,0.0,0.0,0.0,0.4571,2.8445
openstacks-strips-p26,0,True,49,2650,5201,8153,302,13615,27279,0,0,0,0,0,0,,0.0,201.0,201,201,0.0651,0.1287,0.3151,0.0181,0.0,0.0,0.0,0.238,0.7668
openstacks-strips-p27,0,True,74,5850,11551,17853,452,29969,69852,0,0,0,0,0,0,,0.0,301.0,301,301,0.1752,0.4465,1.5179,0.0385,0.0,0.0,0.0,0.5814,2.765
openstacks-strips-p28,0,True,99,10300,20401,31303,602,71503,1393719,0,0,0,0,0,0,,0.0,401.0,401,401,0.6718,2.0402,171.2705,0.4553,0.0,0.0,0.0,3.9035,178.3777
openstacks-strips-p29,0,True,99,10300,20401,31303,602,67495,1126510,0,0,0,0,0,0,,0.0,401.0,401,401,0.5962,1.9269,94.6357,0.3729,0.0,0.0,0.0,3.2918,100.8664
openstacks-strips-p30,0,True,99,10300,20401,31303,602,52657,137352,0,0,0,0,0,0,,0.0,401.0,401,401,0.3702,1.2931,4.8836,0.0873,0.0,0.0,0.0,1.1935,7.8359
optical-telegraphs-p01-opt2,-3,False,0,0,0,0,0,0,0,0,0,0,0,0,0,,0.0,0.0,1e+20,1e+20,0,0,0,0,0,0,0,0,0
optical-telegraphs-p02-opt3,-3,False,0,0,0,0,0,0,0,0,0,0,0,0,0,,0.0,0.0,1e+20,1e+20,0,0,0,0,0,0,0,0,0
optical-telegraphs-p03-opt4,-3,False,0,0,0,0,0,0,0,0,0,0,0,0,0,,0.0,0.0,1e+20,1e+20,0,0,0,0,0,0,0,0,0
optical-telegraphs-p04-opt5,-3,False,0,0,0,0,0,0,0,0,0,0,0,0,0,,0.0,0.0,1e+20,1e+20,0,0,0,0,0,0,0,0,0
optical-telegraphs-p05-opt6,-3,False,0,0,0,0,0,0,0,0,0,0,0,0,0,,0.0,0.0,1e+20,1e+20,0,0,0,0,0,0,0,0,0
optical-telegraphs-p06-opt7,-3,False,0,0,0,0,0,0,0,0,0,0,0,0,0,,0.0,0.0,1e+20,1e+20,0,0,0,0,0,0,0,0,0
optical-telegraphs-p07-opt8,-3,False,0,0,0,0,0,0,0,0,0,0,0,0,0,,0.0,0.0,1e+20,1e+20,0,0,0,0,0,0,0,0,0
optical-telegraphs-p08-opt9,-3,False,0,0,0,0,0,0,0,0,0,0,0,0,0,,0.0,0.0,1e+20,1e+20,0,0,0,0,0,0,0,0,0
optical-telegraphs-p09-opt10,-3,False,0,0,0,0,0,0,0,0,0,0,0,0,0,,0.0,0.0,1e+20,1e+20,0,0,0,0,0,0,0,0,0
optical-telegraphs-p10-opt11,-3,False,0,0,0,0,0,0,0,0,0,0,0,0,0,,0.0,0.0,1e+20,1e+20,0,0,0,0,0,0,0,0,0
optical-telegraphs-p11-opt12,-3,False,0,0,0,0,0,0,0,0,0,0,0,0,0,,0.0,0.0,1e+20,1e+20,0,0,0,0,0,0,0,0,0
optical-telegraphs-p12-opt13,-3,False,0,0,0,0,0,0,0,0,0,0,0,0,0,,0.0,0.0,1e+20,1e+20,0,0,0,0,0,0,0,0,0
optical-telegraphs-p13-opt14,-3,False,0,0,0,0,0,0,0,0,0,0,0,0,0,,0.0,0.0,1e+20,1e+20,0,0,0,0,0,0,0,0,0
optical-telegraphs-p14-opt15,-3,False,0,0,0,0,0,0,0,0,0,0,0,0,0,,0.0,0.0,1e+20,1e+20,0,0,0,0,0,0,0,0,0
optical-telegraphs-p15-opt16,-3,False,0,0,0,0,0,0,0,0,0,0,0,0,0,,0.0,0.0,1e+20,1e+20,0,0,0,0,0,0,0,0,0
optical-telegraphs-p16-opt17,-3,False,0,0,0,0,0,0,0,0,0,0,0,0,0,,0.0,0.0,1e+20,1e+20,0,0,0,0,0,0,0,0,0
optical-telegraphs-p17-opt18,-3,False,0,0,0,0,0,0,0,0,0,0,0,0,0,,0.0,0.0,1e+20,1e+20,0,0,0,0,0,0,0,0,0
optical-telegraphs-p18-opt19,-3,False,0,0,0,0,0,0,0,0,0,0,0,0,0,,0.0,0.0,1e+20,1e+20,0,0,0,0,0,0,0,0,0
optical-telegraphs-p19-opt20,-3,False,0,0,0,0,0,0,0,0,0,0,0,0,0,,0.0,0.0,1e+20,1e+20,0,0,0,0,0,0,0,0,0
optical-telegraphs-p20-opt21,-3,False,0,0,0,0,0,0,0,0,0,0,0,0,0,,0.0,0.0,1e+20,1e+20,0,0,0,0,0,0,0,0,0
optical-telegraphs-p21-opt22,-3,False,0,0,0,0,0,0,0,0,0,0,0,0,0,,0.0,0.0,1e+20,1e+20,0,0,0,0,0,0,0,0,0
optical-telegraphs-p22-opt23,-3,False,0,0,0,0,0,0,0,0,0,0,0,0,0,,0.0,0.0,1e+20,1e+20,0,0,0,0,0,0,0,0,0
optical-telegraphs-p23-opt24,-3,False,0,0,0,0,0,0,0,0,0,0,0,0,0,,0.0,0.0,1e+20,1e+20,0,0,0,0,0,0,0,0,0
optical-telegraphs-p24-opt25,-3,False,0,0,0,0,0,0,0,0,0,0,0,0,0,,0.0,0.0,1e+20,1e+20,0,0,0,0,0,0,0,0,0
optical-telegraphs-p25-opt26,-3,False,0,0,0,0,0,0,0,0,0,0,0,0,0,,0.0,0.0,1e+20,1e+20,0,0,0,0,0,0,0,0,0
optical-telegraphs-p26-opt27,-3,False,0,0,0,0,0,0,0,0,0,0,0,0,0,,0.0,0.0,1e+20,1e+20,0,0,0,0,0,0,0,0,0
optical-telegraphs-p27-opt28,-3,False,0,0,0,0,0,0,0,0,0,0,0,0,0,,0.0,0.0,1e+20,1e+20,0,0,0,0,0,0,0,0,0
optical-telegraphs-p28-opt29,-3,False,0,0,0,0,0,0,0,0,0,0,0,0,0,,0.0,0.0,1e+20,1e+20,0,0,0,0,0,0,0,0,0
optical-telegraphs-p29-opt30,-3,False,0,0,0,0,0,0,0,0,0,0,0,0,0,,0.0,0.0,1e+20,1e+20,0,0,0,0,0,0,0,0,0
optical-telegraphs-p30-opt31,-3,False,0,0,0,0,0,0,0,0,0,0,0,0,0,,0.0,0.0,1e+20,1e+20,0,0,0,0,0,0,0,0,0
optical-telegraphs-p31-opt32,-3,False,0,0,0,0,0,0,0,0,0,0,0,0,0,,0.0,0.0,1e+20,1e+20,0,0,0,0,0,0,0,0,0
optical-telegraphs-p32-opt33,-3,False,0,0,0,0,0,0,0,0,0,0,0,0,0,,0.0,0.0,1e+20,1e+20,0,0,0,0,0,0,0,0,0
optical-telegraphs-p33-opt34,-3,False,0,0,0,0,0,0,0,0,0,0,0,0,0,,0.0,0.0,1e+20,1e+20,0,0,0,0,0,0,0,0,0
optical-telegraphs-p34-opt35,-3,False,0,0,0,0,0,0,0,0,0,0,0,0,0,,0.0,0.0,1e+20,1e+20,0,0,0,0,0,0,0,0,0
optical-telegraphs-p35-opt36,-3,False,0,0,0,0,0,0,0,0,0,0,0,0,0,,0.0,0.0,1e+20,1e+20,0,0,0,0,0,0,0,0,0
optical-telegraphs-p36-opt37,-3,False,0,0,0,0,0,0,0,0,0,0,0,0,0,,0.0,0.0,1e+20,1e+20,0,0,0,0,0,0,0,0,0
optical-telegraphs-p37-opt38,-3,False,0,0,0,0,0,0,0,0,0,0,0,0,0,,0.0,0.0,1e+20,1e+20,0,0,0,0,0,0,0,0,0
optical-telegraphs-p38-opt39,-3,False,0,0,0,0,0,0,0,0,0,0,0,0,0,,0.0,0.0,1e+20,1e+20,0,0,0,0,0,0,0,0,0
optical-telegraphs-p39-opt40,-3,False,0,0,0,0,0,0,0,0,0,0,0,0,0,,0.0,0.0,1e+20,1e+20,0,0,0,0,0,0,0,0,0
optical-telegraphs-p40-opt41,-3,False,0,0,0,0,0,0,0,0,0,0,0,0,0,,0.0,0.0,1e+20,1e+20,0,0,0,0,0,0,0,0,0
optical-telegraphs-p41-opt42,-3,False,0,0,0,0,0,0,0,0,0,0,0,0,0,,0.0,0.0,1e+20,1e+20,0,0,0,0,0,0,0,0,0
optical-telegraphs-p42-opt43,-3,False,0,0,0,0,0,0,0,0,0,0,0,0,0,,0.0,0.0,1e+20,1e+20,0,0,0,0,0,0,0,0,0
optical-telegraphs-p43-opt44,-3,False,0,0,0,0,0,0,0,0,0,0,0,0,0,,0.0,0.0,1e+20,1e+20,0,0,0,0,0,0,0,0,0
optical-telegraphs-p44-opt45,-3,False,0,0,0,0,0,0,0,0,0,0,0,0,0,,0.0,0.0,1e+20,1e+20,0,0,0,0,0,0,0,0,0
optical-telegraphs-p45-opt46,-3,False,0,0,0,0,0,0,0,0,0,0,0,0,0,,0.0,0.0,1e+20,1e+20,0,0,0,0,0,0,0,0,0
optical-telegraphs-p46-opt47,-3,False,0,0,0,0,0,0,0,0,0,0,0,0,0,,0.0,0.0,1e+20,1e+20,0,0,0,0,0,0,0,0,0
optical-telegraphs-p47-opt48,-3,False,0,0,0,0,0,0,0,0,0,0,0,0,0,,0.0,0.0,1e+20,1e+20,0,0,0,0,0,0,0,0,0
optical-telegraphs-p48-opt49,-3,False,0,0,0,0,0,0,0,0,0,0,0,0,0,,0.0,0.0,1e+20,1e+20,0,0,0,0,0,0,0,0,0
organic-synthesis-opt18-strips-p01,0,True,0,1,9,19,9,18,0,0,0,0,0,0,0,,0.0,1.0,1,1,0.0069,0.0003,0.0,0.0014,0.0,0.0,0.0,0.0013,0.0102
organic-synthesis-opt18-strips-p02,0,True,1,2,17,30,11,28,1,0,0,0,0,0,0,,0.0,1.0,1,1,0.0064,0.0006,0.0,0.0014,0.0,0.0,0.0,0.0014,0.0101
organic-synthesis-opt18-strips-p03,0,True,3,5,22,43,16,62,44,0,0,0,0,0,0,,0.0,2.0,2,2,0.043,0.0148,0.0,0.0017,0.0,0.0,0.0,0.001,0.0616
organic-synthesis-opt18-strips-p07,0,True,0,1,12,26,12,24,0,0,0,0,0,0,0,,0.0,2.0,2,2,0.0046,0.0001,0.0,0.0013,0.0,0.0,0.0,0.0012,0.0076
organic-synthesis-opt18-strips-p09,0,True,4,4,18,35,13,41,10,0,0,0,0,0,0,,0.0,2.0,2,2,0.1113,0.0184,0.0,0.0026,0.0,0.0,0.0,0.0011,0.1357
organic-synthesis-opt18-strips-p10,0,True,4,4,18,35,13,41,10,0,0,0,0,0,0,,0.0,2.0,2,2,0.1137,0.0192,0.0,0.0014,0.0,0.0,0.0,0.0012,0.1388
organic-synthesis-opt18-strips-p11,0,True,65,506,2010,2591,75,2355,2283,0,0,0,0,0,0,,0.0,2.0,2,2,5.892,534.7005,0.0002,0.0038,0.0,0.0,0.0,0.0715,540.7831
organic-synthesis-opt18-strips-p12,0,True,2,6,61,90,23,105,26,0,0,0,0,0,0,,0.0,2.0,2,2,11.5823,3.4801,0.0,0.1601,0.0,0.0,0.0,0.0031,15.42
organic-synthesis-opt18-strips-p14,0,True,11,8,73,112,31,104,3,0,0,0,0,0,0,,0.0,2.0,2,2,0.0438,0.0265,0.0,0.0015,0.0,0.0,0.0,0.002,0.0746
organic-synthesis-sat18-strips-p06,0,True,20,16,80,125,29,187,104,0,0,0,0,0,0,,0.0,2.0,2,2,0.3406,0.2584,0.0,0.0061,0.0,0.0,0.0,0.0036,0.616
organic-synthesis-sat18-strips-p07,0,True,22,54,763,863,46,809,3,0,0,0,0,0,0,,0.0,2.0,2,2,1.3704,0.4373,0.0001,0.0015,0.0,0.0,0.0,0.0189,1.8584
organic-synthesis-sat18-strips-p16,0,True,354,6564,26484,33408,360,31217,42629,0,0,0,0,0,0,,0.0,6.0,6,6,1.2641,9.4972,0.0715,0.0418,0.0,0.0,0.0,1.1929,12.0926
organic-synthesis-split-opt18-strips-p01,0,False,189,2042,2631,4874,201,4193,6897,0,0,0,0,0,0,,0.0,41.0,61,41,0.0164,0.0264,0.0111,0.0063,0.0,0.0,0.0,0.9204,0.9829
organic-synthesis-split-opt18-strips-p02,0,False,229,3556,4277,8074,241,6223,11582,0,0,0,0,0,0,,0.0,41.0,53,41,0.0246,0.0606,0.0201,0.0105,0.0,0.0,0.0,0.7711,0.8882
organic-synthesis-split-opt18-strips-p03,0,False,526,7634,10890,19103,577,16783,23261,0,0,0,0,0,47,,0.0,247.0,289,247,0.2788,0.4299,0.2954,0.0274,0.0,0.0,0.0,11.6481,12.6846
organic-synthesis-split-opt18-strips-p04,0,False,718,10435,14470,25646,740,24440,36491,0,0,0,0,0,0,,0.0,239.0,248,239,0.1262,0.5953,0.65,0.0444,0.0,0.0,0.0,1.9854,3.4044
organic-synthesis-split-opt18-strips-p05,0,False,1269,27395,42855,71522,1272,74936,107784,0,0,0,0,0,0,,0.0,122.0,176,122,0.5057,2.7972,2.1437,0.1678,0.0,0.0,0.0,26.5593,32.1829
organic-synthesis-split-opt18-strips-p06,0,False,1124,33531,47412,82096,1150,74418,118936,0,0,0,0,0,0,,0.0,247.0,400,247,0.546,3.7315,3.516,0.1925,0.0,0.0,0.0,744.4147,752.4081
organic-synthesis-split-opt18-strips-p07,0,False,14,28,74,142,36,172,93,0,0,0,0,0,0,,0.0,189.0,189,189,0.0058,0.0005,0.0001,0.0011,0.0,0.0,0.0,0.0069,0.0149
organic-synthesis-split-opt18-strips-p08,2,False,1828,61570,91317,154729,1842,152126,239461,0,0,0,0,0,0,,0.0,0.0,512,512,1.3392,11.1454,26.2317,0.469,0.0,0.0,0.0,892.8218,932.024
organic-synthesis-split-opt18-strips-p09,0,False,413,5144,6447,12007,416,10287,17632,0,0,0,0,0,138,,0.0,47.0,59,47,0.0434,0.1436,0.0415,0.0163,0.0,0.0,0.0,28.2633,28.5102
organic-synthesis-split-opt18-strips-p10,0,False,423,5236,6655,12317,426,10661,18045,0,0,0,0,0,231,,0.0,47.0,59,47,0.0451,0.1463,0.0515,0.0168,0.0,0.0,0.0,44.0914,44.3531
organic-synthesis-split-opt18-strips-p11,2,False,1284,19706,32859,53858,1293,59069,84023,0,0,0,0,0,2,,0.0,55.727,86,76,0.3674,1.5102,0.3692,0.1315,0.0,0.0,0.0,897.6736,900.061
organic-synthesis-split-opt18-strips-p12,0,False,1502,19368,33734,54609,1507,63650,83646,0,0,0,0,0,0,,0.0,39.0,56,39,0.4726,1.8124,0.2907,0.1561,0.0,0.0,0.0,67.4713,70.2111
organic-synthesis-split-opt18-strips-p13,2,False,2865,112997,174331,290200,2872,288927,450398,0,0,0,0,0,0,,0.0,0.0,308,308,3.552,37.2565,72.6509,1.4951,0.0,0.0,0.0,809.6853,924.6716
organic-synthesis-split-opt18-strips-p14,0,False,367,9083,10593,20066,390,14439,29561,0,0,0,0,0,0,,0.0,55.0,65,55,0.0635,0.3762,0.1019,0.0295,0.0,0.0,0.0,4.6535,5.2274
organic-synthesis-split-opt18-strips-p15,2,False,3264,119376,178985,301646,3285,298630,459242,0,0,0,0,0,0,,0.0,0.0,527,527,4.3971,49.2694,82.5765,1.6528,0.0,0.0,0.0,786.5936,924.5235
organic-synthesis-split-opt18-strips-p16,2,False,3964,128940,209140,342069,3989,361916,525686,0,0,0,0,0,0,,0.0,102.0,121,121,9.541,73.5378,92.0091,2.3996,0.0,0.0,0.0,722.907,900.4359
organic-synthesis-split-opt18-strips-p17,2,False,4791,179090,281029,464946,4827,475039,716880,0,0,0,0,0,0,,0.0,0.0,479,479,16.6165,156.7485,440.3391,3.9221,0.0,0.0,0.0,291.5898,909.2744
organic-synthesis-split-opt18-strips-p18,2,False,3927,173070,250963,427989,3956,401315,643886,0,0,0,0,0,0,,0.0,0.0,637,637,8.071,114.034,190.6787,2.905,0.0,0.0,0.0,601.4761,917.2118
organic-synthesis-split-opt18-strips-p19,-2,False,0,0,0,0,0,0,0,0,0,0,0,0,0,,0.0,0.0,1e+20,1e+20,0,0,0,0,0,0,0,0,0
organic-synthesis-split-opt18-strips-p20,2,False,2705,102307,148321,253353,2725,242571,392472,0,0,0,0,0,0,,0.0,0.0,448,448,2.9217,32.8116,58.2168,1.1878,0.0,0.0,0.0,828.0818,923.2651
organic-synthesis-split-sat18-strips-p01,0,False,810,13779,19969,34598,847,33379,49246,0,0,0,0,0,0,,0.0,216.0,216,216,0.229,0.831,1.2789,0.0618,0.0,0.0,0.0,1.1669,3.5728
organic-synthesis-split-sat18-strips-p02,0,False,775,15122,21138,37088,826,31687,46652,0,0,0,0,0,517,,0.0,247.0,308,247,0.6017,1.2059,1.4236,0.0683,0.0,0.0,0.0,92.3663,95.671
organic-synthesis-split-sat18-strips-p03,0,False,1612,55216,81755,138633,1661,135387,211039,0,0,0,0,0,0,,0.0,246.0,450,246,1.4048,9.6466,13.7847,0.4026,0.0,0.0,0.0,512.6274,537.8807
organic-synthesis-split-sat18-strips-p04,0,False,1278,33396,49369,84054,1289,77212,116827,0,0,0,0,0,0,,0.0,158.0,162,158,0.6195,4.6919,2.4416,0.2087,0.0,0.0,0.0,35.5686,43.5437
organic-synthesis-split-sat18-strips-p05,2,False,2211,65386,101307,168911,2218,166448,248585,0,0,0,0,0,26,,0.0,214.079,281,237,1.9234,17.2468,31.136,0.6864,0.0,0.0,0.0,849.1633,900.2027
organic-synthesis-split-sat18-strips-p06,0,False,525,9107,10940,20575,528,16104,30316,0,0,0,0,0,25,,0.0,45.0,59,45,0.0966,0.4116,0.1051,0.0334,0.0,0.0,0.0,69.7139,70.3628
organic-synthesis-split-sat18-strips-p07,0,False,2024,27766,50419,80220,2035,90973,123225,0,0,0,0,0,0,,0.0,48.0,49,48,0.9251,4.4708,0.3952,0.3071,0.0,0.0,0.0,184.9224,191.0364
organic-synthesis-split-sat18-strips-p08,0,False,3180,117010,183793,303988,3185,298491,436510,0,0,0,0,0,0,,0.0,108.0,112,108,4.439,60.0939,10.845,1.8455,0.0,0.0,0.0,16.682,93.9476
organic-synthesis-split-sat18-strips-p09,2,False,4640,228474,348502,581623,4647,555108,882383,0,0,0,0,0,0,,0.0,0.0,238,238,10.849,190.4688,204.7178,4.9068,0.0,0.0,0.0,492.7861,903.7908
organic-synthesis-split-sat18-strips-p10,2,False,3137,99286,152756,255190,3148,251434,379282,0,0,0,0,0,0,,0.0,0.0,370,370,3.7816,47.2425,92.8404,1.4926,0.0,0.0,0.0,772.513,917.8978
organic-synthesis-split-sat18-strips-p11,2,False,4935,240849,350755,596546,4942,567371,928911,0,0,0,0,0,0,,0.0,0.0,362,362,12.7106,199.792,448.2199,5.002,0.0,0.0,0.0,253.8214,919.6123
organic-synthesis-split-sat18-strips-p12,3,False,4886,298526,423584,0,0,0,0,0,0,0,0,0,0,,0.0,0.0,1e+20,1e+20,15.2803,308.4436,576.2495,0.0,0.0,0.0,0.0,0.0,904.2568
organic-synthesis-split-sat18-strips-p13,3,False,8666,646661,934803,0,0,0,0,0,0,0,0,0,0,,0.0,0.0,1e+20,1e+20,57.4773,842.4738,0.0,0.0,0.0,0.0,0.0,0.0,901.4474
organic-synthesis-split-sat18-strips-p14,3,False,6193,369806,523130,0,0,0,0,0,0,0,0,0,0,,0.0,0.0,1e+20,1e+20,22.2541,426.0149,451.6998,0.0,0.0,0.0,0.0,0.0,913.327
organic-synthesis-split-sat18-strips-p15,0,False,1005,20139,26402,47571,1029,41810,69128,0,0,0,0,0,0,,0.0,273.0,404,273,0.291,2.3359,2.6012,0.1035,0.0,0.0,0.0,26.1628,31.5
organic-synthesis-split-sat18-strips-p16,2,False,2776,46110,76427,125401,2862,127946,170443,0,0,0,0,0,0,,0.0,540.0,616,616,1.6001,15.6652,45.87,0.5896,0.0,0.0,0.0,836.3595,900.1023
organic-synthesis-split-sat18-strips-p17,3,False,5284,292300,421295,0,0,0,0,0,0,0,0,0,0,,0.0,0.0,1e+20,1e+20,25.0094,319.4177,555.5369,0.0,0.0,0.0,0.0,0.0,903.5463
organic-synthesis-split-sat18-strips-p18,3,False,5012,237977,341676,0,0,0,0,0,0,0,0,0,0,,0.0,0.0,1e+20,1e+20,11.962,242.2177,645.7991,0.0,0.0,0.0,0.0,0.0,900.9794
organic-synthesis-split-sat18-strips-p19,-2,False,0,0,0,0,0,0,0,0,0,0,0,0,0,,0.0,0.0,1e+20,1e+20,0,0,0,0,0,0,0,0,0
organic-synthesis-split-sat18-strips-p20,3,False,10608,705330,1000070,0,0,0,0,0,0,0,0,0,0,,0.0,0.0,1e+20,1e+20,67.7155,832.2315,0.0,0.0,0.0,0.0,0.0,0.0,903.3244
parcprinter-08-strips-p01,0,False,14,17,42,95,34,125,95,0,0,0,0,0,0,,0.0,169009.0,169009,169009,0.0231,0.0002,0.0,0.0013,0.0,0.0,0.0,0.0054,0.0304
parcprinter-08-strips-p02,0,False,26,33,67,160,55,220,172,0,0,0,0,0,0,,0.0,438047.0,446047,438047,0.023,0.0004,0.0001,0.0015,0.0,0.0,0.0,0.0079,0.0333
parcprinter-08-strips-p03,0,False,2,2,45,114,45,167,77,0,0,0,0,0,0,,0.0,807114.0,807114,807114,0.023,0.0003,0.0,0.0014,0.0,0.0,0.0,0.0017,0.0267
parcprinter-08-strips-p04,0,False,53,67,121,294,97,418,348,0,0,0,0,0,0,,0.0,876094.0,1027104,876094,0.0047,0.0012,0.0002,0.0014,0.0,0.0,0.0,0.0117,0.0197
parcprinter-08-strips-p05,0,False,65,83,146,359,118,513,425,0,0,0,0,0,0,,0.0,1145132.0,1439152,1145132,0.0055,0.0018,0.0004,0.0016,0.0,0.0,0.0,0.0131,0.0228
parcprinter-08-strips-p06,0,False,74,97,167,420,139,600,480,0,0,0,0,0,0,,0.0,1514199.0,2092239,1514199,0.0061,0.0024,0.0006,0.0019,0.0,0.0,0.0,0.0137,0.0251
parcprinter-08-strips-p07,0,False,98,121,208,501,160,727,645,0,0,0,0,0,0,,0.0,1383121.0,1534131,1383121,0.0083,0.0037,0.0007,0.0028,0.0,0.0,0.0,0.0183,0.0345
parcprinter-08-strips-p08,0,False,104,133,225,558,181,806,678,0,0,0,0,0,0,,0.0,1852217.0,2565267,1852217,0.0065,0.0044,0.0011,0.0018,0.0,0.0,0.0,0.0181,0.0325
parcprinter-08-strips-p09,0,False,116,149,250,623,202,901,755,0,0,0,0,0,0,,0.0,2121255.0,2842305,2121255,0.007,0.0056,0.0015,0.0025,0.0,0.0,0.0,0.0202,0.0374
parcprinter-08-strips-p10,0,False,125,163,271,684,223,988,810,0,0,0,0,0,0,,0.0,2490322.0,3629402,2490322,0.0072,0.0067,0.002,0.0018,0.0,0.0,0.0,0.0204,0.0386
parcprinter-08-strips-p11,0,False,17,22,52,116,40,172,118,0,0,0,0,0,0,,0.0,165989.0,165989,165989,0.0047,0.0003,0.0,0.0011,0.0,0.0,0.0,0.0064,0.0129
parcprinter-08-strips-p12,0,False,34,44,85,197,65,304,223,0,0,0,0,0,0,,0.0,425725.0,425725,425725,0.0049,0.0006,0.0001,0.0016,0.0,0.0,0.0,0.0089,0.0165
parcprinter-08-strips-p13,0,False,51,66,122,282,90,448,343,0,0,0,0,0,0,,0.0,591714.0,591714,591714,0.0055,0.0012,0.0001,0.0014,0.0,0.0,0.0,0.0108,0.0194
parcprinter-08-strips-p14,0,False,68,88,155,363,115,580,448,0,0,0,0,0,0,,0.0,851450.0,863255,851450,0.0063,0.0019,0.0002,0.0016,0.0,0.0,0.0,0.0128,0.0232
parcprinter-08-strips-p15,0,False,85,112,194,454,142,732,574,0,0,0,0,0,0,,0.0,1323035.0,1334840,1323035,0.0058,0.0029,0.0003,0.0018,0.0,0.0,0.0,0.0149,0.0264
parcprinter-08-strips-p16,0,False,102,132,221,525,165,844,658,0,0,0,0,0,0,,0.0,1370922.0,1370922,1370922,0.0066,0.0043,0.0006,0.0016,0.0,0.0,0.0,0.0158,0.0294
parcprinter-08-strips-p17,0,False,119,154,262,614,190,1000,793,0,0,0,0,0,0,,0.0,1443164.0,1454969,1443164,0.0076,0.0055,0.0007,0.0021,0.0,0.0,0.0,0.0182,0.0345
parcprinter-08-strips-p18,0,False,136,176,287,687,215,1108,868,0,0,0,0,0,0,,0.0,1890394.0,1902199,1890394,0.0075,0.0068,0.0009,0.0018,0.0,0.0,0.0,0.0194,0.0368
parcprinter-08-strips-p19,0,False,153,204,334,792,244,1284,1018,0,0,0,0,0,0,,0.0,2579475.0,2591280,2579475,0.0091,0.0092,0.0012,0.0022,0.0,0.0,0.0,0.0222,0.0445
parcprinter-08-strips-p20,0,False,170,222,375,875,267,1440,1159,0,0,0,0,0,0,,0.0,2246727.0,2246727,2246727,0.0121,0.0124,0.0015,0.0023,0.0,0.0,0.0,0.0235,0.0536
parcprinter-08-strips-p21,0,False,8,17,36,79,24,110,93,0,0,0,0,0,0,,0.0,143411.0,143411,143411,0.0043,0.0002,0.0,0.0014,0.0,0.0,0.0,0.0049,0.0112
parcprinter-08-strips-p22,0,False,13,32,61,137,40,198,179,0,0,0,0,0,0,,0.0,375821.0,511110,375821,0.0045,0.0004,0.0001,0.0012,0.0,0.0,0.0,0.0082,0.0147
parcprinter-08-strips-p23,0,False,21,49,89,199,56,294,274,0,0,0,0,0,0,,0.0,519232.0,654521,519232,0.0048,0.0006,0.0001,0.0012,0.0,0.0,0.0,0.0113,0.0186
parcprinter-08-strips-p24,0,False,26,64,114,257,72,382,360,0,0,0,0,0,0,,0.0,751642.0,1022220,751642,0.005,0.001,0.0001,0.0015,0.0,0.0,0.0,0.012,0.0201
parcprinter-08-strips-p25,0,False,31,78,141,319,90,480,448,0,0,0,0,0,0,,0.0,1196842.0,1602709,1196842,0.0054,0.0015,0.0002,0.0013,0.0,0.0,0.0,0.0142,0.023
parcprinter-08-strips-p26,0,False,36,94,164,373,104,558,532,0,0,0,0,0,0,,0.0,1216462.0,1757618,1216462,0.0057,0.0019,0.0003,0.0014,0.0,0.0,0.0,0.0154,0.0251
parcprinter-08-strips-p27,0,False,47,113,195,439,120,662,636,0,0,0,0,0,0,,0.0,1270874.0,1676741,1270874,0.006,0.0027,0.0003,0.0019,0.0,0.0,0.0,0.0194,0.0308
parcprinter-08-strips-p28,0,False,46,124,214,489,136,734,704,0,0,0,0,0,0,,0.0,1681282.0,2493016,1681282,0.0063,0.0034,0.0005,0.0019,0.0,0.0,0.0,0.02,0.0327
parcprinter-08-strips-p29,0,False,48,136,242,553,156,840,789,0,0,0,0,0,0,,0.0,2343271.0,3425583,2343271,0.0066,0.0045,0.0007,0.0018,0.0,0.0,0.0,0.0194,0.0335
parcprinter-08-strips-p30,0,False,68,161,278,625,170,952,914,0,0,0,0,0,0,,0.0,2002896.0,2544052,2002896,0.0072,0.0064,0.0009,0.002,0.0,0.0,0.0,0.0271,0.0441
parcprinter-opt11-strips-p01,0,False,13,32,61,137,40,198,179,0,0,0,0,0,0,,0.0,375821.0,511110,375821,0.0052,0.0003,0.0001,0.0011,0.0,0.0,0.0,0.0082,0.0152
parcprinter-opt11-strips-p02,0,False,26,33,67,160,55,220,172,0,0,0,0,0,0,,0.0,438047.0,446047,438047,0.0231,0.0004,0.0001,0.0015,0.0,0.0,0.0,0.0078,0.0333
parcprinter-opt11-strips-p03,0,False,34,44,85,197,65,304,223,0,0,0,0,0,0,,0.0,425725.0,425725,425725,0.0054,0.0006,0.0001,0.0014,0.0,0.0,0.0,0.0088,0.0167
parcprinter-opt11-strips-p04,0,False,53,67,121,294,97,418,348,0,0,0,0,0,0,,0.0,876094.0,1027104,876094,0.0053,0.0012,0.0002,0.0012,0.0,0.0,0.0,0.0115,0.02
parcprinter-opt11-strips-p05,0,False,21,49,89,199,56,294,274,0,0,0,0,0,0,,0.0,519232.0,654521,519232,0.005,0.0006,0.0001,0.0014,0.0,0.0,0.0,0.0113,0.0189
parcprinter-opt11-strips-p06,0,False,74,97,167,420,139,600,480,0,0,0,0,0,0,,0.0,1514199.0,2092239,1514199,0.0058,0.0024,0.0006,0.0021,0.0,0.0,0.0,0.0136,0.0249
parcprinter-opt11-strips-p07,0,False,65,83,146,359,118,513,425,0,0,0,0,0,0,,0.0,1145132.0,1439152,1145132,0.005,0.0018,0.0004,0.0014,0.0,0.0,0.0,0.013,0.022
parcprinter-opt11-strips-p08,0,False,26,64,114,257,72,382,360,0,0,0,0,0,0,,0.0,751642.0,1022220,751642,0.0051,0.001,0.0001,0.0012,0.0,0.0,0.0,0.012,0.0199
parcprinter-opt11-strips-p09,0,False,51,66,122,282,90,448,343,0,0,0,0,0,0,,0.0,591714.0,591714,591714,0.0059,0.0012,0.0001,0.0017,0.0,0.0,0.0,0.0108,0.0201
parcprinter-opt11-strips-p10,0,False,31,78,141,319,90,480,448,0,0,0,0,0,0,,0.0,1196842.0,1602709,1196842,0.0052,0.0015,0.0002,0.0013,0.0,0.0,0.0,0.0142,0.0229
parcprinter-opt11-strips-p11,0,False,36,94,164,373,104,558,532,0,0,0,0,0,0,,0.0,1216462.0,1757618,1216462,0.0055,0.0019,0.0003,0.0021,0.0,0.0,0.0,0.0153,0.0256
parcprinter-opt11-strips-p12,0,False,68,88,155,363,115,580,448,0,0,0,0,0,0,,0.0,851450.0,863255,851450,0.0056,0.0018,0.0002,0.0018,0.0,0.0,0.0,0.0127,0.0226
parcprinter-opt11-strips-p13,0,False,98,121,208,501,160,727,645,0,0,0,0,0,0,,0.0,1383121.0,1534131,1383121,0.0063,0.0037,0.0007,0.0018,0.0,0.0,0.0,0.018,0.0313
parcprinter-opt11-strips-p14,0,False,104,133,225,558,181,806,678,0,0,0,0,0,0,,0.0,1852217.0,2565267,1852217,0.0066,0.0044,0.0011,0.0015,0.0,0.0,0.0,0.0182,0.0326
parcprinter-opt11-strips-p15,0,False,116,149,250,623,202,901,755,0,0,0,0,0,0,,0.0,2121255.0,2842305,2121255,0.0077,0.0056,0.0015,0.0017,0.0,0.0,0.0,0.0201,0.0371
parcprinter-opt11-strips-p16,0,False,125,163,271,684,223,988,810,0,0,0,0,0,0,,0.0,2490322.0,3629402,2490322,0.0075,0.0066,0.002,0.0017,0.0,0.0,0.0,0.0203,0.0387
parcprinter-opt11-strips-p17,0,False,85,112,194,454,142,732,574,0,0,0,0,0,0,,0.0,1323035.0,1334840,1323035,0.0061,0.003,0.0003,0.0016,0.0,0.0,0.0,0.015,0.0264
parcprinter-opt11-strips-p18,0,False,102,132,221,525,165,844,658,0,0,0,0,0,0,,0.0,1370922.0,1370922,1370922,0.0064,0.0039,0.0005,0.0015,0.0,0.0,0.0,0.0158,0.0285
parcprinter-opt11-strips-p19,0,False,119,154,262,614,190,1000,793,0,0,0,0,0,0,,0.0,1443164.0,1454969,1443164,0.0074,0.0055,0.0006,0.0018,0.0,0.0,0.0,0.0182,0.034
parcprinter-opt11-strips-p20,0,False,47,113,195,439,120,662,636,0,0,0,0,0,0,,0.0,1270874.0,1676741,1270874,0.0057,0.0027,0.0004,0.0016,0.0,0.0,0.0,0.0194,0.0302
parcprinter-sat11-strips-p01,0,False,98,121,208,501,160,727,645,0,0,0,0,0,0,,0.0,1383121.0,1534131,1383121,0.008,0.0037,0.0007,0.0018,0.0,0.0,0.0,0.0181,0.0328
parcprinter-sat11-strips-p02,0,False,104,133,225,558,181,806,678,0,0,0,0,0,0,,0.0,1852217.0,2565267,1852217,0.0064,0.0044,0.0011,0.0018,0.0,0.0,0.0,0.0181,0.0323
parcprinter-sat11-strips-p03,0,False,125,163,271,684,223,988,810,0,0,0,0,0,0,,0.0,2490322.0,3629402,2490322,0.0068,0.0069,0.002,0.0018,0.0,0.0,0.0,0.0205,0.0384
parcprinter-sat11-strips-p04,0,False,170,222,375,875,267,1440,1159,0,0,0,0,0,0,,0.0,2246727.0,2246727,2246727,0.0102,0.0122,0.0015,0.0025,0.0,0.0,0.0,0.0236,0.0506
parcprinter-sat11-strips-p05,0,False,36,94,164,373,104,558,532,0,0,0,0,0,0,,0.0,1216462.0,1757618,1216462,0.0053,0.0019,0.0003,0.0017,0.0,0.0,0.0,0.0152,0.0249
parcprinter-sat11-strips-p06,0,False,47,113,195,439,120,662,636,0,0,0,0,0,0,,0.0,1270874.0,1676741,1270874,0.0062,0.0027,0.0004,0.0021,0.0,0.0,0.0,0.0196,0.0314
parcprinter-sat11-strips-p07,0,False,116,149,250,623,202,901,755,0,0,0,0,0,0,,0.0,2121255.0,2842305,2121255,0.0069,0.0058,0.0015,0.0017,0.0,0.0,0.0,0.0199,0.0364
parcprinter-sat11-strips-p08,0,False,46,124,214,489,136,734,704,0,0,0,0,0,0,,0.0,1681282.0,2493016,1681282,0.006,0.0034,0.0005,0.002,0.0,0.0,0.0,0.02,0.0323
parcprinter-sat11-strips-p09,0,False,48,136,242,553,156,840,789,0,0,0,0,0,0,,0.0,2343271.0,3425583,2343271,0.0084,0.0044,0.0007,0.0016,0.0,0.0,0.0,0.0195,0.0351
parcprinter-sat11-strips-p10,0,False,68,161,278,625,170,952,914,0,0,0,0,0,0,,0.0,2002896.0,2544052,2002896,0.0076,0.0057,0.0007,0.002,0.0,0.0,0.0,0.0273,0.0438
parcprinter-sat11-strips-p11,0,False,90,125,218,519,164,763,673,0,0,0,0,0,0,,0.0,1629147.0,1780157,1629147,0.007,0.0042,0.0007,0.0015,0.0,0.0,0.0,0.0177,0.0317
parcprinter-sat11-strips-p12,0,False,155,199,329,822,265,1194,1008,0,0,0,0,0,0,,0.0,2828340.0,3965420,2828340,0.0092,0.0105,0.003,0.0021,0.0,0.0,0.0,0.025,0.0504
parcprinter-sat11-strips-p13,0,False,200,253,416,1029,328,1503,1305,0,0,0,0,0,0,,0.0,3335367.0,4471447,3335367,0.0135,0.0182,0.0054,0.0025,0.0,0.0,0.0,0.0315,0.0718
parcprinter-sat11-strips-p14,0,False,204,266,449,1045,317,1728,1399,0,0,0,0,0,0,,0.0,2578705.0,2578705,2578705,0.0142,0.0196,0.0022,0.0025,0.0,0.0,0.0,0.0268,0.066
parcprinter-sat11-strips-p15,0,False,170,230,399,911,271,1512,1237,0,0,0,0,0,0,,0.0,2494225.0,2494225,2494225,0.0126,0.0134,0.0016,0.0024,0.0,0.0,0.0,0.0255,0.0561
parcprinter-sat11-strips-p16,0,False,204,274,473,1081,321,1800,1477,0,0,0,0,0,0,,0.0,2826203.0,2826203,2826203,0.0156,0.0208,0.0024,0.0024,0.0,0.0,0.0,0.03,0.0719
parcprinter-sat11-strips-p17,0,False,47,113,203,451,124,694,648,0,0,0,0,0,0,,0.0,1526454.0,1932321,1526454,0.0065,0.0029,0.0004,0.0015,0.0,0.0,0.0,0.0211,0.0328
parcprinter-sat11-strips-p18,0,False,46,121,220,501,142,764,710,0,0,0,0,0,0,,0.0,2319652.0,3131386,2319652,0.0098,0.0037,0.0005,0.0015,0.0,0.0,0.0,0.0179,0.0342
parcprinter-sat11-strips-p19,0,False,48,133,248,565,162,870,795,0,0,0,0,0,0,,0.0,2981641.0,4063953,2981641,0.007,0.0048,0.0008,0.0018,0.0,0.0,0.0,0.0195,0.0343
parcprinter-sat11-strips-p20,0,False,84,195,334,749,202,1144,1104,0,0,0,0,0,0,,0.0,2289718.0,2830874,2289718,0.0094,0.0093,0.0013,0.002,0.0,0.0,0.0,0.03,0.0525
parking-opt11-strips-pfile03-011,0,True,167,176,431,799,192,1074,564,0,0,0,0,0,0,,0.0,10.0,13,10,0.0257,0.0247,0.0007,0.0017,0.0,0.0,0.0,0.0289,0.0826
parking-opt11-strips-pfile03-012,0,True,195,206,498,931,227,1285,707,0,0,0,0,0,0,,0.0,14.0,15,14,0.0263,0.0311,0.0011,0.002,0.0,0.0,0.0,0.0406,0.1016
parking-opt11-strips-pfile04-013,0,True,267,280,719,1308,309,1792,969,0,0,0,0,0,0,,0.0,17.0,19,17,0.0396,0.0648,0.0026,0.0027,0.0,0.0,0.0,0.0476,0.1582
parking-opt11-strips-pfile04-014,0,True,271,282,685,1274,307,1765,979,0,0,0,0,0,0,,0.0,16.0,17,16,0.0423,0.0653,0.0019,0.0025,0.0,0.0,0.0,0.0544,0.1673
parking-opt11-strips-pfile04-015,0,True,251,267,664,1219,288,1684,934,0,0,0,0,0,0,,0.0,15.0,17,15,0.0403,0.0605,0.0018,0.0026,0.0,0.0,0.0,0.039,0.145
parking-opt11-strips-pfile04-016,0,True,253,265,635,1186,286,1630,888,0,0,0,0,0,0,,0.0,16.0,16,16,0.0406,0.0593,0.0016,0.0025,0.0,0.0,0.0,0.0696,0.1743
parking-opt11-strips-pfile05-017,0,True,333,355,912,1646,379,2296,1313,0,0,0,0,0,0,,0.0,19.0,21,19,0.0639,0.1225,0.0034,0.0033,0.0,0.0,0.0,0.0553,0.2496
parking-opt11-strips-pfile05-018,0,True,313,336,854,1545,355,2135,1195,0,0,0,0,0,0,,0.0,17.0,19,17,0.0643,0.1142,0.0032,0.0033,0.0,0.0,0.0,0.0586,0.245
parking-opt11-strips-pfile05-019,0,True,356,371,919,1690,400,2355,1325,0,0,0,0,0,0,,0.0,19.0,20,19,0.083,0.1292,0.0036,0.0035,0.0,0.0,0.0,0.1298,0.3504
parking-opt11-strips-pfile05-020,0,True,354,370,946,1717,401,2355,1283,0,0,0,0,0,0,,0.0,19.0,21,19,0.0659,0.1316,0.004,0.0033,0.0,0.0,0.0,0.1628,0.3689
parking-opt11-strips-pfile06-021,0,True,430,448,1100,2024,476,2758,1470,0,0,0,0,0,0,,0.0,21.0,22,21,0.101,0.2209,0.0047,0.0038,0.0,0.0,0.0,0.109,0.441
parking-opt11-strips-pfile06-022,0,True,454,469,1146,2117,502,2903,1565,0,0,0,0,0,0,,0.0,23.0,25,23,0.0998,0.2346,0.0065,0.0043,0.0,0.0,0.0,0.0818,0.4286
parking-opt11-strips-pfile06-023,0,True,431,447,1097,2020,476,2759,1492,0,0,0,0,0,0,,0.0,21.0,24,21,0.1009,0.214,0.0052,0.004,0.0,0.0,0.0,0.1001,0.4256
parking-opt11-strips-pfile06-024,0,True,456,470,1114,2084,500,2843,1502,0,0,0,0,0,0,,0.0,21.0,21,21,0.1014,0.2291,0.0065,0.0041,0.0,0.0,0.0,0.0388,0.3815
parking-opt11-strips-pfile07-025,0,True,566,583,1409,2610,618,3641,2036,0,0,0,0,0,0,,0.0,23.0,24,23,0.1689,0.3965,0.0078,0.0053,0.0,0.0,0.0,0.0947,0.6752
parking-opt11-strips-pfile07-026,0,True,539,558,1336,2482,588,3445,1898,0,0,0,0,0,0,,0.0,21.0,23,21,0.1514,0.3739,0.007,0.0054,0.0,0.0,0.0,0.095,0.6346
parking-opt11-strips-pfile07-027,0,True,563,581,1480,2682,621,3712,2053,0,0,0,0,0,0,,0.0,23.0,26,23,0.1674,0.4083,0.0097,0.0053,0.0,0.0,0.0,0.1346,0.7273
parking-opt11-strips-pfile07-028,0,True,563,580,1459,2659,620,3681,2030,0,0,0,0,0,0,,0.0,24.0,29,24,0.155,0.3967,0.0107,0.0053,0.0,0.0,0.0,0.1381,0.7078
parking-opt11-strips-pfile08-029,0,True,655,687,1792,3199,720,4500,2614,0,0,0,0,0,0,,0.0,25.0,28,25,0.222,0.6802,0.0157,0.0067,0.0,0.0,0.0,0.1243,1.0512
parking-opt11-strips-pfile08-030,0,True,686,705,1751,3203,747,4436,2438,0,0,0,0,0,0,,0.0,25.0,29,25,0.225,0.6518,0.0163,0.0068,0.0,0.0,0.0,0.3158,1.2182
parking-opt14-strips-p_12_7-01,0,True,195,206,487,919,226,1266,689,0,0,0,0,0,0,,0.0,13.0,14,13,0.0262,0.0299,0.001,0.0021,0.0,0.0,0.0,0.0255,0.0854
parking-opt14-strips-p_12_7-02,0,True,180,192,467,869,210,1190,645,0,0,0,0,0,0,,0.0,12.0,14,12,0.0272,0.0277,0.0009,0.0021,0.0,0.0,0.0,0.0197,0.0782
parking-opt14-strips-p_12_7-03,0,True,180,193,479,883,211,1211,664,0,0,0,0,0,0,,0.0,13.0,14,13,0.2527,0.0277,0.0007,0.0023,0.0,0.0,0.0,0.0268,0.311
parking-opt14-strips-p_12_7-04,0,True,180,192,467,869,210,1190,648,0,0,0,0,0,0,,0.0,14.0,14,14,0.0261,0.0278,0.0008,0.002,0.0,0.0,0.0,0.0155,0.0731
parking-opt14-strips-p_14_8-01,0,True,270,281,669,1255,305,1699,884,0,0,0,0,0,0,,0.0,16.0,17,16,0.041,0.0641,0.0021,0.0027,0.0,0.0,0.0,0.0538,0.1647
parking-opt14-strips-p_14_8-02,0,True,268,280,693,1280,307,1745,927,0,0,0,0,0,0,,0.0,16.0,19,16,0.0397,0.0632,0.002,0.0024,0.0,0.0,0.0,0.0626,0.1709
parking-opt14-strips-p_14_8-03,0,True,269,281,682,1269,306,1720,904,0,0,0,0,0,0,,0.0,16.0,19,16,0.0399,0.0649,0.0021,0.0025,0.0,0.0,0.0,0.0469,0.1573
parking-opt14-strips-p_14_8-04,0,True,270,281,669,1255,305,1699,883,0,0,0,0,0,0,,0.0,16.0,17,16,0.0406,0.0629,0.0017,0.0023,0.0,0.0,0.0,0.0335,0.1419
parking-opt14-strips-p_16_9-01,0,True,334,349,855,1579,375,2148,1133,0,0,0,0,0,0,,0.0,19.0,20,19,0.0633,0.1169,0.0029,0.0028,0.0,0.0,0.0,0.1378,0.325
parking-opt14-strips-p_16_9-02,0,True,335,349,856,1580,375,2147,1129,0,0,0,0,0,0,,0.0,17.0,21,17,0.0643,0.1181,0.0033,0.0029,0.0,0.0,0.0,0.1044,0.2944
parking-opt14-strips-p_16_9-03,0,True,336,350,829,1553,374,2140,1162,0,0,0,0,0,0,,0.0,17.0,19,17,0.0681,0.1173,0.0026,0.0028,0.0,0.0,0.0,0.0435,0.2356
parking-opt14-strips-p_16_9-04,0,True,356,369,899,1666,398,2270,1206,0,0,0,0,0,0,,0.0,18.0,21,18,0.0635,0.1261,0.0034,0.003,0.0,0.0,0.0,0.2688,0.466
parking-opt14-strips-p_18_10-01,0,True,453,468,1178,2150,504,2963,1642,0,0,0,0,0,0,,0.0,23.0,25,23,0.1016,0.2356,0.0065,0.0041,0.0,0.0,0.0,0.1499,0.4992
parking-opt14-strips-p_18_10-02,0,True,430,451,1123,2052,478,2856,1607,0,0,0,0,0,0,,0.0,20.0,22,20,0.1003,0.2204,0.0048,0.0041,0.0,0.0,0.0,0.07,0.4011
parking-opt14-strips-p_18_10-03,0,True,429,452,1142,2073,479,2894,1641,0,0,0,0,0,0,,0.0,19.0,22,19,0.0992,0.2246,0.0055,0.004,0.0,0.0,0.0,0.0757,0.4106
parking-opt14-strips-p_18_10-04,0,True,429,450,1153,2082,479,2850,1554,0,0,0,0,0,0,,0.0,21.0,22,21,0.0985,0.2208,0.0051,0.004,0.0,0.0,0.0,0.1217,0.4516
parking-opt14-strips-p_20_11-01,0,True,567,583,1409,2610,618,3641,2037,0,0,0,0,0,0,,0.0,22.0,24,22,0.1714,0.3963,0.0082,0.0055,0.0,0.0,0.0,0.1224,0.7057
parking-opt14-strips-p_20_11-02,0,True,539,560,1377,2527,590,3520,1973,0,0,0,0,0,0,,0.0,21.0,24,21,0.1527,0.3797,0.0079,0.0051,0.0,0.0,0.0,0.1201,0.6674
parking-opt14-strips-p_20_11-03,0,True,564,585,1470,2676,621,3756,2147,0,0,0,0,0,0,,0.0,23.0,26,23,0.1567,0.4033,0.0103,0.0056,0.0,0.0,0.0,0.1178,0.6957
parking-opt14-strips-p_20_11-04,0,True,567,583,1409,2610,618,3641,2038,0,0,0,0,0,0,,0.0,23.0,25,23,0.1547,0.3997,0.0085,0.0051,0.0,0.0,0.0,0.0829,0.6528
parking-sat11-strips-pfile08-031,0,True,657,684,1724,3125,717,4372,2488,0,0,0,0,0,0,,0.0,24.0,28,24,0.2234,0.6354,0.0147,0.0067,0.0,0.0,0.0,0.1351,1.0176
parking-sat11-strips-pfile08-032,0,True,627,657,1644,2985,684,4157,2342,0,0,0,0,0,0,,0.0,25.0,25,25,0.2262,0.6047,0.01,0.0063,0.0,0.0,0.0,0.0922,0.9416
parking-sat11-strips-pfile09-033,0,True,791,810,1909,3566,847,4887,2597,0,0,0,0,0,0,,0.0,27.0,30,27,0.3249,0.9687,0.0183,0.0079,0.0,0.0,0.0,0.4324,1.7549
parking-sat11-strips-pfile09-034,0,True,824,843,1980,3706,883,5170,2862,0,0,0,0,0,0,,0.0,27.0,28,27,0.3223,1.0488,0.0184,0.0086,0.0,0.0,0.0,0.1198,1.5208
parking-sat11-strips-pfile09-035,0,True,787,814,2120,3790,856,5269,2962,0,0,0,0,0,1196,,0.0,27.0,32,27,0.3211,0.9995,0.0241,0.0083,0.0,0.0,0.0,0.6025,1.9584
parking-sat11-strips-pfile09-036,0,True,790,812,2003,3666,851,5055,2755,0,0,0,0,0,1,,0.0,26.0,31,26,0.3228,0.9744,0.0192,0.0082,0.0,0.0,0.0,0.3979,1.7255
parking-sat11-strips-pfile10-037,0,True,933,963,2401,4366,1002,6124,3487,0,0,0,0,0,519,,0.0,29.0,33,29,0.453,1.5359,0.0327,0.0131,0.0,0.0,0.0,0.5641,2.6023
parking-sat11-strips-pfile10-038,0,True,933,962,2374,4337,1001,6070,3433,0,0,0,0,0,0,,0.0,29.0,33,29,0.4618,1.5197,0.0314,0.0107,0.0,0.0,0.0,0.1321,2.1591
parking-sat11-strips-pfile10-039,0,True,933,960,2322,4281,999,5986,3351,0,0,0,0,0,0,,0.0,28.0,31,28,0.4628,1.5531,0.0256,0.0104,0.0,0.0,0.0,0.1483,2.2035
parking-sat11-strips-pfile10-040,0,True,936,959,2295,4252,998,5932,3299,0,0,0,0,0,0,,0.0,28.0,29,28,0.4633,1.5137,0.0232,0.0102,0.0,0.0,0.0,0.1349,2.1486
parking-sat11-strips-pfile11-041,0,True,1126,1148,2829,5179,1202,7213,4002,0,0,0,0,0,0,,0.0,32.0,36,32,0.6499,2.3155,0.0472,0.0137,0.0,0.0,0.0,0.1145,3.1449
parking-sat11-strips-pfile11-042,0,True,1090,1117,2681,4957,1159,6921,3860,0,0,0,0,0,0,,0.0,31.0,32,31,0.632,2.2772,0.0346,0.0128,0.0,0.0,0.0,0.3516,3.3123
parking-sat11-strips-pfile11-043,0,True,1127,1149,2777,5126,1200,7118,3910,0,0,0,0,0,0,,0.0,32.0,35,32,0.635,2.311,0.0447,0.0137,0.0,0.0,0.0,0.269,3.2776
parking-sat11-strips-pfile11-044,0,True,1090,1118,2710,4988,1160,6979,3916,0,0,0,0,0,0,,0.0,29.0,34,29,0.637,2.2646,0.038,0.0129,0.0,0.0,0.0,0.2239,3.1806
parking-sat11-strips-pfile12-045,0,True,1296,1322,3376,6080,1382,8494,4803,0,0,0,0,0,0,,0.0,35.0,39,35,0.8531,3.4289,0.0724,0.0173,0.0,0.0,0.0,0.3032,4.6804
parking-sat11-strips-pfile12-046,0,True,1255,1285,3235,5856,1336,8201,4667,0,0,0,0,0,9,,0.0,35.0,39,35,0.851,3.2494,0.0652,0.0166,0.0,0.0,0.0,0.4411,4.6285
parking-sat11-strips-pfile12-047,0,True,1295,1320,3372,6074,1382,8505,4818,0,0,0,0,0,10031,,0.0,36.0,41,36,0.8561,3.4108,0.0721,0.0178,0.0,0.0,0.0,2.5247,6.8864
parking-sat11-strips-pfile12-048,0,True,1295,1329,3391,6103,1383,8637,5023,0,0,0,0,0,0,,0.0,37.0,40,37,1.1329,3.5118,0.0745,0.0178,0.0,0.0,0.0,0.2674,5.0092
parking-sat11-strips-pfile13-049,0,True,1434,1465,3628,6612,1519,9211,5115,0,0,0,0,0,869,,0.0,35.0,40,35,1.1759,4.7136,0.082,0.0204,0.0,0.0,0.0,0.7767,6.7747
parking-sat11-strips-pfile13-050,0,True,1478,1505,3777,6850,1568,9586,5395,0,0,0,0,0,4973,,0.0,36.0,43,36,1.1356,4.8908,0.0992,0.0224,0.0,0.0,0.0,2.9905,9.1446
parking-sat14-strips-p_28_2,0,True,1127,1155,2871,5230,1204,7371,4225,0,0,0,0,0,0,,0.0,32.0,35,32,0.6272,2.366,0.0498,0.0138,0.0,0.0,0.0,0.1877,3.2487
parking-sat14-strips-p_28_3,0,True,1089,1112,2644,4913,1157,6788,3663,0,0,0,0,0,69,,0.0,30.0,34,30,0.6299,2.184,0.0409,0.0127,0.0,0.0,0.0,0.4247,3.2968
parking-sat14-strips-p_30_1,0,True,1293,1320,3430,6134,1384,8621,4926,0,0,0,0,0,4730,,0.0,34.0,41,34,0.8561,3.434,0.0796,0.0181,0.0,0.0,0.0,1.1751,5.5678
parking-sat14-strips-p_30_2,0,True,1212,1250,3156,5698,1292,7916,4435,0,0,0,0,0,0,,0.0,33.0,38,33,0.8505,3.1197,0.0589,0.0153,0.0,0.0,0.0,0.3927,4.4423
parking-sat14-strips-p_30_3,0,True,1298,1326,3240,5944,1378,8359,4746,0,0,0,0,0,0,,0.0,34.0,37,34,0.8537,3.4304,0.0634,0.0177,0.0,0.0,0.0,0.438,4.8083
parking-sat14-strips-p_32_1,0,True,1392,1427,3424,6320,1469,8822,4907,0,0,0,0,0,0,,0.0,34.0,38,34,1.1453,4.6337,0.0706,0.0194,0.0,0.0,0.0,0.2923,6.1674
parking-sat14-strips-p_32_2,0,True,1479,1506,3810,6885,1569,9635,5444,0,0,0,0,0,0,,0.0,37.0,42,37,1.1421,4.8976,0.0957,0.0221,0.0,0.0,0.0,0.4987,6.6623
parking-sat14-strips-p_32_3,0,True,1481,1505,3622,6690,1563,9304,5122,0,0,0,0,0,133,,0.0,36.0,40,36,1.1482,4.9343,0.0819,0.0213,0.0,0.0,0.0,0.5404,6.7322
parking-sat14-strips-p_34_1,0,True,1674,1702,4237,7706,1767,10767,6043,0,0,0,0,0,1193,,0.0,38.0,45,38,1.5178,6.7507,0.1245,0.0265,0.0,0.0,0.0,1.1578,9.5848
parking-sat14-strips-p_34_2,0,True,1673,1709,4318,7797,1770,11027,6385,0,0,0,0,0,263,,0.0,38.0,45,38,1.5356,7.0175,0.1292,0.027,0.0,0.0,0.0,1.0734,9.7905
parking-sat14-strips-p_34_3,0,True,1675,1707,4215,7689,1767,10835,6196,0,0,0,0,0,0,,0.0,38.0,43,38,1.4985,6.9495,0.1126,0.0261,0.0,0.0,0.0,0.6925,9.287
parking-sat14-strips-p_36_1,0,True,1831,1871,4600,8396,1925,11802,6709,0,0,0,0,0,161,,0.0,40.0,43,40,1.9517,9.615,0.1307,0.0301,0.0,0.0,0.0,0.7917,12.5283
parking-sat14-strips-p_36_2,0,True,1879,1918,4913,8815,1984,12488,7281,0,0,0,0,0,439,,0.0,41.0,48,41,1.9496,9.8573,0.1724,0.0326,0.0,0.0,0.0,0.764,12.7849
parking-sat14-strips-p_36_3,0,True,1779,1828,4540,8241,1873,11577,6588,0,0,0,0,0,683,,0.0,39.0,45,39,1.9626,9.4007,0.1398,0.0292,0.0,0.0,0.0,0.8882,12.4296
parking-sat14-strips-p_38_1,0,True,2101,2130,5157,9486,2199,13234,7351,0,0,0,0,0,0,,0.0,41.0,46,41,2.7535,13.6444,0.184,0.0382,0.0,0.0,0.0,0.5831,17.2138
parking-sat14-strips-p_38_2,0,True,2102,2134,5092,9424,2198,13243,7454,0,0,0,0,0,596,,0.0,42.0,45,42,2.5272,13.6594,0.1699,0.0376,0.0,0.0,0.0,1.24,17.6446
parking-sat14-strips-p_38_3,0,True,2044,2092,5257,9498,2149,13414,7729,0,0,0,0,0,0,,0.0,41.0,46,41,2.5202,13.2518,0.1844,0.0381,0.0,0.0,0.0,0.3806,16.3859
parking-sat14-strips-p_40_1,0,True,2272,2322,5833,10537,2382,14880,8575,0,0,0,0,0,0,,0.0,44.0,51,44,3.1741,17.7939,0.2572,0.0451,0.0,0.0,0.0,1.4207,22.7037
parking-sat14-strips-p_40_2,0,True,2216,2261,5625,10206,2320,14258,7975,0,0,0,0,0,407,,0.0,42.0,50,42,3.1698,17.0967,0.2242,0.0429,0.0,0.0,0.0,0.8979,21.4442
parking-sat14-strips-p_40_3,0,True,2331,2360,5802,10599,2437,14845,8329,0,0,0,0,0,10397,,0.0,45.0,52,45,3.2998,17.834,0.2535,0.0463,0.0,0.0,0.0,18.8301,40.2764
pathways-p01,0,True,16,24,36,78,18,76,46,0,0,0,0,0,0,,0.0,6.0,6,6,0.0045,0.0002,0.0,0.0013,0.0,0.0,0.0,0.0048,0.0112
pathways-p02,0,True,7,17,30,71,19,72,41,0,0,0,0,0,0,,0.0,12.0,12,12,0.0045,0.0002,0.0,0.0013,0.0,0.0,0.0,0.0039,0.0104
pathways-p03,0,True,24,38,55,129,33,133,93,0,0,0,0,0,0,,0.0,16.0,16,16,0.0045,0.0004,0.0001,0.0015,0.0,0.0,0.0,0.007,0.0139
pathways-p04,0,True,32,57,77,177,41,181,116,0,0,0,0,0,0,,0.0,15.0,15,15,0.0051,0.0005,0.0001,0.001,0.0,0.0,0.0,0.0072,0.0142
pathways-p05,0,True,48,122,196,379,59,388,269,0,0,0,0,0,0,,0.0,29.0,29,29,0.0057,0.0012,0.0004,0.0014,0.0,0.0,0.0,0.0156,0.0247
pathways-p06,0,True,58,201,355,649,83,668,457,0,0,0,0,0,0,,0.0,46.0,46,46,0.0064,0.0029,0.0012,0.0016,0.0,0.0,0.0,0.0271,0.0397
pathways-p07,0,True,80,244,400,746,99,771,522,0,0,0,0,0,0,,0.0,46.0,46,46,0.007,0.0037,0.0016,0.0018,0.0,0.0,0.0,0.0301,0.0448
pathways-p08,0,True,110,479,843,1477,143,1543,1025,0,0,0,0,0,0,,0.0,66.0,68,66,0.0086,0.0094,0.0062,0.0023,0.0,0.0,0.0,0.1367,0.1638
pathways-p09,0,True,85,388,672,1187,118,1222,819,0,0,0,0,0,0,,0.0,50.0,51,50,0.0083,0.0062,0.0038,0.0021,0.0,0.0,0.0,0.0742,0.0951
pathways-p10,0,True,92,457,755,1357,133,1400,892,0,0,0,0,0,0,,0.0,58.0,58,58,0.0077,0.008,0.0048,0.0021,0.0,0.0,0.0,0.0556,0.0789
pathways-p11,0,True,96,372,578,1085,127,1120,724,0,0,0,0,0,0,,0.0,54.0,54,54,0.0079,0.0061,0.0031,0.0017,0.0,0.0,0.0,0.0463,0.0655
pathways-p12,0,True,111,578,1008,1755,155,1826,1250,0,0,0,0,0,0,,0.0,80.0,84,80,0.0087,0.0119,0.0107,0.0025,0.0,0.0,0.0,0.1511,0.1856
pathways-p13,0,True,119,660,1177,2009,159,2056,1350,0,0,0,0,0,0,,0.0,75.0,79,75,0.01,0.0148,0.0128,0.0025,0.0,0.0,0.0,0.14,0.1808
pathways-p14,0,True,121,630,1098,1895,158,1958,1337,0,0,0,0,0,0,,0.0,76.0,77,76,0.0102,0.0138,0.012,0.0026,0.0,0.0,0.0,0.1245,0.1638
pathways-p15,0,True,120,679,1157,2030,175,2095,1352,0,0,0,0,0,0,,0.0,78.0,78,78,0.0102,0.0161,0.0123,0.0027,0.0,0.0,0.0,0.0867,0.1286
pathways-p16,0,True,150,930,1639,2787,202,2871,1880,0,0,0,0,0,0,,0.0,89.0,90,89,0.0153,0.0275,0.0274,0.0035,0.0,0.0,0.0,0.1704,0.2448
pathways-p17,0,True,184,998,1701,2959,241,3082,2018,0,0,0,0,0,0,,0.0,97.0,100,97,0.0166,0.0351,0.0365,0.0035,0.0,0.0,0.0,0.1822,0.2747
pathways-p18,0,True,150,746,1306,2256,195,2341,1600,0,0,0,0,0,0,,0.0,98.0,103,98,0.0131,0.0228,0.021,0.0027,0.0,0.0,0.0,0.1222,0.1825
pathways-p19,0,True,203,1218,2128,3611,252,3720,2445,0,0,0,0,0,0,,0.0,106.0,109,106,0.017,0.0463,0.0583,0.004,0.0,0.0,0.0,0.2992,0.4257
pathways-p20,0,True,167,860,1491,2580,218,2689,1844,0,0,0,0,0,0,,0.0,102.0,105,102,0.0212,0.0294,0.0271,0.0034,0.0,0.0,0.0,0.1241,0.2065
pathways-p21,0,True,186,1102,1899,3275,254,3387,2219,0,0,0,0,0,0,,0.0,106.0,106,106,0.016,0.0414,0.0445,0.0039,0.0,0.0,0.0,0.1375,0.2441
pathways-p22,0,True,196,1066,1814,3133,245,3226,2114,0,0,0,0,0,0,,0.0,106.0,108,106,0.0167,0.0382,0.0388,0.004,0.0,0.0,0.0,0.2295,0.328
pathways-p23,0,True,190,1214,2137,3605,243,3696,2456,0,0,0,0,0,0,,0.0,112.0,113,112,0.0173,0.047,0.0582,0.0042,0.0,0.0,0.0,0.2856,0.4132
pathways-p24,0,True,174,1072,1925,3251,238,3373,2281,0,0,0,0,0,0,,0.0,117.0,120,117,0.0187,0.0446,0.0485,0.0042,0.0,0.0,0.0,0.2127,0.3296
pathways-p25,0,True,238,1966,3567,5853,303,5999,3964,0,0,0,0,0,0,,0.0,127.0,131,127,0.0262,0.0951,0.1629,0.0065,0.0,0.0,0.0,0.7018,0.9944
pathways-p26,0,True,235,1673,2954,4957,309,5118,3395,0,0,0,0,0,0,,0.0,129.0,130,129,0.0217,0.0853,0.1186,0.006,0.0,0.0,0.0,0.41,0.6425
pathways-p27,0,True,244,1639,2874,4846,316,5001,3285,0,0,0,0,0,0,,0.0,127.0,131,127,0.0245,0.0846,0.1138,0.0059,0.0,0.0,0.0,0.4931,0.7234
pathways-p28,0,True,250,2044,3659,6040,320,6189,4049,0,0,0,0,0,0,,0.0,127.0,129,127,0.0256,0.1039,0.1677,0.0071,0.0,0.0,0.0,0.5541,0.8599
pathways-p29,0,True,217,1269,2165,3729,283,3872,2604,0,0,0,0,0,0,,0.0,141.0,150,141,0.0186,0.0599,0.0703,0.0044,0.0,0.0,0.0,0.3247,0.4788
pathways-p30,0,True,254,1464,2494,4300,326,4471,2930,0,0,0,0,0,0,,0.0,131.0,135,131,0.022,0.0762,0.0864,0.0059,0.0,0.0,0.0,0.346,0.5373
pegsol-08-strips-p01,0,False,11,19,39,82,24,109,58,0,0,0,0,0,0,,0.0,2.0,2,2,0.0048,0.0002,0.0,0.0013,0.0,0.0,0.0,0.0048,0.0116
pegsol-08-strips-p02,0,False,59,95,208,367,64,614,399,0,0,0,0,0,0,,0.0,2.0,2,2,0.005,0.0007,0.0002,0.0017,0.0,0.0,0.0,0.175,0.1832
pegsol-08-strips-p03,0,False,60,102,224,392,66,630,405,0,0,0,0,0,0,,0.0,1.0,1,1,0.0051,0.0007,0.0001,0.0014,0.0,0.0,0.0,0.014,0.0218
pegsol-08-strips-p04,0,False,49,76,170,305,59,545,342,0,0,0,0,0,0,,0.0,3.0,3,3,0.0053,0.0006,0.0002,0.0015,0.0,0.0,0.0,0.0126,0.0207
pegsol-08-strips-p05,0,False,15,33,76,138,29,193,112,0,0,0,0,0,0,,0.0,2.0,2,2,0.0043,0.0002,0.0,0.0012,0.0,0.0,0.0,0.008,0.0143
pegsol-08-strips-p06,0,False,47,94,218,371,59,582,375,0,0,0,0,0,5120,,0.0,3.0,3,3,0.0052,0.0007,0.0002,0.0018,0.0,0.0,0.0,0.6515,0.66
pegsol-08-strips-p07,0,False,41,80,176,314,58,528,350,0,0,0,0,0,0,,0.0,3.0,3,3,0.0058,0.0007,0.0002,0.0045,0.0,0.0,0.0,0.0127,0.0244
pegsol-08-strips-p08,0,False,55,117,282,465,66,666,413,0,0,0,0,0,15309,,0.0,3.0,3,3,0.0054,0.0007,0.0005,0.0013,0.0,0.0,0.0,7.5611,7.5699
pegsol-08-strips-p09,0,False,47,104,248,413,61,610,386,0,0,0,0,0,0,,0.0,3.0,3,3,0.0051,0.0007,0.0003,0.0013,0.0,0.0,0.0,0.0138,0.0216
pegsol-08-strips-p10,0,False,46,101,245,407,61,616,375,0,0,0,0,0,6132,,0.0,3.0,4,3,0.0057,0.0007,0.0003,0.0016,0.0,0.0,0.0,1.3556,1.3645
pegsol-08-strips-p11,0,False,52,106,248,418,64,638,401,0,0,0,0,0,0,,0.0,3.0,3,3,0.005,0.0007,0.0003,0.0024,0.0,0.0,0.0,0.0867,0.0957
pegsol-08-strips-p12,0,False,52,111,264,440,65,679,439,0,0,0,0,0,0,,0.0,3.0,3,3,0.0059,0.0008,0.0003,0.002,0.0,0.0,0.0,0.0157,0.0251
pegsol-08-strips-p13,0,False,50,110,251,424,63,617,399,0,0,0,0,0,0,,0.0,4.0,4,4,0.005,0.0008,0.0003,0.0021,0.0,0.0,0.0,0.0152,0.0238
pegsol-08-strips-p14,0,False,51,111,252,428,65,641,411,0,0,0,0,0,0,,0.0,4.0,4,4,0.0046,0.0008,0.0003,0.0019,0.0,0.0,0.0,0.0149,0.0229
pegsol-08-strips-p15,0,False,44,106,249,416,61,614,389,0,0,0,0,0,1266,,0.0,4.0,5,4,0.0054,0.0007,0.0003,0.0015,0.0,0.0,0.0,0.2605,0.2689
pegsol-08-strips-p16,0,False,43,101,237,398,60,598,394,0,0,0,0,0,0,,0.0,6.0,6,6,0.0052,0.0007,0.0002,0.0017,0.0,0.0,0.0,0.0144,0.0228
pegsol-08-strips-p17,0,False,44,112,276,450,62,650,406,0,0,0,0,0,5484,,0.0,4.0,4,4,0.0054,0.0007,0.0004,0.0021,0.0,0.0,0.0,1.9582,1.9674
pegsol-08-strips-p18,0,False,40,100,236,394,58,591,391,0,0,0,0,0,379,,0.0,5.0,6,5,0.0053,0.0007,0.0002,0.0022,0.0,0.0,0.0,0.1282,0.1372
pegsol-08-strips-p19,0,False,41,103,251,413,59,601,376,0,0,0,0,0,7852,,0.0,5.0,5,5,0.0051,0.0007,0.0003,0.0014,0.0,0.0,0.0,2.272,2.2804
pegsol-08-strips-p20,0,False,50,121,297,484,66,689,428,0,0,0,0,0,4518,,0.0,3.0,3,3,0.005,0.0007,0.0004,0.0023,0.0,0.0,0.0,0.5852,0.5942
pegsol-08-strips-p21,0,False,48,115,271,450,64,646,404,0,0,0,0,0,4789,,0.0,5.0,5,5,0.0241,0.0007,0.0003,0.0019,0.0,0.0,0.0,1.3451,1.3728
pegsol-08-strips-p22,0,False,43,107,241,410,62,638,427,0,0,0,0,0,0,,0.0,4.0,4,4,0.0054,0.0007,0.0004,0.0017,0.0,0.0,0.0,0.0145,0.0231
pegsol-08-strips-p23,0,False,48,119,294,478,65,682,416,0,0,0,0,0,1257077,,0.0,5.0,5,5,0.0048,0.0008,0.0003,0.0017,0.0,0.0,0.0,241.0761,241.0845
pegsol-08-strips-p24,0,False,46,112,259,435,64,660,426,0,0,0,0,0,750,,0.0,5.0,5,5,0.0052,0.0008,0.0004,0.0016,0.0,0.0,0.0,0.1316,0.1401
pegsol-08-strips-p25,0,False,48,120,296,482,66,707,444,0,0,0,0,0,16706,,0.0,4.0,4,4,0.0055,0.0008,0.0004,0.0015,0.0,0.0,0.0,5.0412,5.0498
pegsol-08-strips-p26,2,False,40,124,312,498,62,674,412,0,0,0,0,0,2916589,,0.0,3.25,5,5,0.005,0.0007,0.0004,0.0014,0.0,0.0,0.0,899.9984,900.5047
pegsol-08-strips-p27,0,False,43,124,294,483,65,687,446,0,0,0,0,0,2443,,0.0,5.0,6,5,0.0047,0.0008,0.0004,0.0018,0.0,0.0,0.0,0.3707,0.3789
pegsol-08-strips-p28,0,False,42,132,296,494,66,675,459,0,0,0,0,0,0,,0.0,9.0,9,9,0.0057,0.0009,0.0004,0.0022,0.0,0.0,0.0,0.0155,0.0251
pegsol-08-strips-p29,0,False,39,138,332,536,66,734,499,0,0,0,0,0,790396,,0.0,8.0,8,8,0.0053,0.0009,0.0004,0.0015,0.0,0.0,0.0,194.1196,194.1297
pegsol-08-strips-p30,2,False,28,144,348,554,62,714,510,0,0,0,0,0,3215419,,0.0,11.0,18,13,0.0049,0.0009,0.0004,0.0014,0.0,0.0,0.0,899.9976,900.4728
pegsol-opt11-strips-p01,0,False,48,95,213,370,62,614,409,0,0,0,0,0,0,,0.0,2.0,2,2,0.0048,0.0007,0.0001,0.0022,0.0,0.0,0.0,0.0444,0.0527
pegsol-opt11-strips-p02,0,False,44,112,276,450,62,650,406,0,0,0,0,0,5484,,0.0,4.0,4,4,0.0049,0.0007,0.0004,0.0017,0.0,0.0,0.0,1.9541,1.9624
pegsol-opt11-strips-p03,0,False,40,100,236,394,58,591,391,0,0,0,0,0,379,,0.0,5.0,6,5,0.0052,0.0007,0.0002,0.0017,0.0,0.0,0.0,0.1279,0.1362
pegsol-opt11-strips-p04,0,False,41,103,251,413,59,601,376,0,0,0,0,0,7852,,0.0,5.0,5,5,0.0054,0.0007,0.0003,0.0015,0.0,0.0,0.0,2.261,2.2695
pegsol-opt11-strips-p05,0,False,50,123,282,470,65,647,428,0,0,0,0,0,32136,,0.0,7.0,7,7,0.0049,0.0008,0.0003,0.0017,0.0,0.0,0.0,6.5005,6.5088
pegsol-opt11-strips-p06,2,False,40,100,252,410,58,602,362,0,0,0,0,0,3086834,,0.0,3.5,5,5,0.0047,0.0007,0.0003,0.0017,0.0,0.0,0.0,899.9979,900.518
pegsol-opt11-strips-p07,0,False,50,119,287,471,65,668,423,0,0,0,0,0,9387,,0.0,4.0,5,4,0.0049,0.0008,0.0005,0.0018,0.0,0.0,0.0,3.6473,3.6559
pegsol-opt11-strips-p08,0,False,50,121,297,484,66,689,428,0,0,0,0,0,4518,,0.0,3.0,3,3,0.0052,0.0007,0.0003,0.0016,0.0,0.0,0.0,0.5844,0.5929
pegsol-opt11-strips-p09,0,False,47,114,266,443,63,639,414,0,0,0,0,0,5478,,0.0,4.0,4,4,0.0049,0.0008,0.0004,0.0013,0.0,0.0,0.0,0.6815,0.6893
pegsol-opt11-strips-p10,0,False,48,115,271,450,64,646,404,0,0,0,0,0,4789,,0.0,5.0,5,5,0.0053,0.0008,0.0003,0.0017,0.0,0.0,0.0,1.346,1.3546
pegsol-opt11-strips-p11,0,False,43,107,241,410,62,638,427,0,0,0,0,0,0,,0.0,4.0,4,4,0.0047,0.0008,0.0003,0.0017,0.0,0.0,0.0,0.0145,0.0224
pegsol-opt11-strips-p12,0,False,40,100,228,387,59,579,381,0,0,0,0,0,1447,,0.0,6.0,6,6,0.0052,0.0007,0.0002,0.0013,0.0,0.0,0.0,0.2435,0.2515
pegsol-opt11-strips-p13,0,False,48,119,294,478,65,682,416,0,0,0,0,0,1257077,,0.0,5.0,5,5,0.0052,0.0007,0.0003,0.0013,0.0,0.0,0.0,240.7208,240.7291
pegsol-opt11-strips-p14,0,False,46,112,259,435,64,660,426,0,0,0,0,0,750,,0.0,5.0,5,5,0.0051,0.0008,0.0004,0.0016,0.0,0.0,0.0,0.1311,0.1395
pegsol-opt11-strips-p15,0,False,48,120,296,482,66,707,444,0,0,0,0,0,16706,,0.0,4.0,4,4,0.0051,0.0008,0.0004,0.0014,0.0,0.0,0.0,5.0469,5.0552
pegsol-opt11-strips-p16,2,False,40,124,312,498,62,674,412,0,0,0,0,0,2911071,,0.0,3.25,5,5,0.0049,0.0007,0.0004,0.0018,0.0,0.0,0.0,899.9974,900.5138
pegsol-opt11-strips-p17,0,False,43,124,294,483,65,687,446,0,0,0,0,0,2443,,0.0,5.0,6,5,0.0175,0.0008,0.0004,0.0017,0.0,0.0,0.0,0.3693,0.3902
pegsol-opt11-strips-p18,0,False,42,132,296,494,66,675,459,0,0,0,0,0,0,,0.0,9.0,9,9,0.0053,0.0008,0.0004,0.0014,0.0,0.0,0.0,0.0153,0.0238
pegsol-opt11-strips-p19,0,False,39,138,332,536,66,734,499,0,0,0,0,0,790396,,0.0,8.0,8,8,0.0053,0.0009,0.0004,0.0016,0.0,0.0,0.0,194.379,194.388
pegsol-opt11-strips-p20,2,False,28,144,348,554,62,714,510,0,0,0,0,0,3217631,,0.0,11.0,18,13,0.0052,0.0009,0.0004,0.0017,0.0,0.0,0.0,899.9959,900.4601
pegsol-sat11-strips-p01,0,False,44,112,276,450,62,650,406,0,0,0,0,0,5484,,0.0,4.0,4,4,0.0047,0.0007,0.0004,0.0019,0.0,0.0,0.0,1.9549,1.9633
pegsol-sat11-strips-p02,0,False,40,100,236,394,58,591,391,0,0,0,0,0,379,,0.0,5.0,6,5,0.0051,0.0007,0.0002,0.0019,0.0,0.0,0.0,0.128,0.1365
pegsol-sat11-strips-p03,0,False,41,103,251,413,59,601,376,0,0,0,0,0,7852,,0.0,5.0,5,5,0.0052,0.0007,0.0003,0.0015,0.0,0.0,0.0,2.2588,2.2671
pegsol-sat11-strips-p04,0,False,50,123,282,470,65,647,428,0,0,0,0,0,32136,,0.0,7.0,7,7,0.0051,0.0008,0.0003,0.0014,0.0,0.0,0.0,6.5404,6.5487
pegsol-sat11-strips-p05,2,False,40,100,252,410,58,602,362,0,0,0,0,0,3076155,,0.0,3.5,5,5,0.0072,0.0007,0.0003,0.0015,0.0,0.0,0.0,899.9953,900.5174
pegsol-sat11-strips-p06,0,False,50,119,287,471,65,668,423,0,0,0,0,0,9387,,0.0,4.0,5,4,0.022,0.0008,0.0005,0.0021,0.0,0.0,0.0,3.6513,3.6772
pegsol-sat11-strips-p07,0,False,47,114,266,443,63,639,414,0,0,0,0,0,5478,,0.0,4.0,4,4,0.0056,0.0008,0.0004,0.0016,0.0,0.0,0.0,0.6825,0.6916
pegsol-sat11-strips-p08,0,False,40,100,228,387,59,579,381,0,0,0,0,0,1447,,0.0,6.0,6,6,0.0231,0.0007,0.0002,0.0016,0.0,0.0,0.0,0.2442,0.2703
pegsol-sat11-strips-p09,0,False,46,112,259,435,64,660,426,0,0,0,0,0,750,,0.0,5.0,5,5,0.0052,0.0007,0.0004,0.0016,0.0,0.0,0.0,0.1312,0.1397
pegsol-sat11-strips-p10,0,False,50,121,297,484,66,689,428,0,0,0,0,0,4518,,0.0,3.0,3,3,0.0052,0.0007,0.0004,0.0016,0.0,0.0,0.0,0.5839,0.5923
pegsol-sat11-strips-p11,0,False,48,115,271,450,64,646,404,0,0,0,0,0,4789,,0.0,5.0,5,5,0.0059,0.0008,0.0003,0.0016,0.0,0.0,0.0,1.3357,1.3449
pegsol-sat11-strips-p12,0,False,48,119,294,478,65,682,416,0,0,0,0,0,1257077,,0.0,5.0,5,5,0.0051,0.0007,0.0003,0.0016,0.0,0.0,0.0,240.3125,240.3211
pegsol-sat11-strips-p13,0,False,50,110,251,424,63,617,399,0,0,0,0,0,0,,0.0,4.0,4,4,0.0055,0.0008,0.0003,0.0017,0.0,0.0,0.0,0.0153,0.0241
pegsol-sat11-strips-p14,0,False,48,120,296,482,66,707,444,0,0,0,0,0,16706,,0.0,4.0,4,4,0.0235,0.0008,0.0004,0.0016,0.0,0.0,0.0,5.0428,5.0699
pegsol-sat11-strips-p15,0,False,51,111,252,428,65,641,411,0,0,0,0,0,0,,0.0,4.0,4,4,0.0225,0.0008,0.0003,0.0019,0.0,0.0,0.0,0.0149,0.0408
pegsol-sat11-strips-p16,2,False,40,124,312,498,62,674,412,0,0,0,0,0,2914294,,0.0,3.25,5,5,0.0058,0.0007,0.0004,0.0015,0.0,0.0,0.0,899.9972,900.5045
pegsol-sat11-strips-p17,0,False,43,124,294,483,65,687,446,0,0,0,0,0,2443,,0.0,5.0,6,5,0.0053,0.0008,0.0004,0.0028,0.0,0.0,0.0,0.3693,0.379
pegsol-sat11-strips-p18,0,False,42,132,296,494,66,675,459,0,0,0,0,0,0,,0.0,9.0,9,9,0.0054,0.0008,0.0004,0.0014,0.0,0.0,0.0,0.0154,0.0239
pegsol-sat11-strips-p19,0,False,39,138,332,536,66,734,499,0,0,0,0,0,790396,,0.0,8.0,8,8,0.0051,0.0009,0.0004,0.0015,0.0,0.0,0.0,194.5923,194.6014
pegsol-sat11-strips-p20,2,False,28,144,348,554,62,714,510,0,0,0,0,0,3212398,,0.0,11.0,18,13,0.006,0.0009,0.0004,0.0016,0.0,0.0,0.0,899.9957,900.4679
petri-net-alignment-opt18-strips-p01,0,False,115,440,630,1449,361,1649,928,0,0,0,0,0,0,,0.0,7.0,7,7,0.0081,0.0098,0.0021,0.0027,0.0,0.0,0.0,0.0256,0.0491
petri-net-alignment-opt18-strips-p02,0,False,147,593,850,1919,458,2194,1304,0,0,0,0,0,0,,0.0,18.0,107,18,0.0093,0.0165,0.0116,0.0036,0.0,0.0,0.0,0.3788,0.4208
petri-net-alignment-opt18-strips-p03,0,False,147,699,1018,2246,511,2581,1616,0,0,0,0,0,3380,,0.0,33.0,81,33,0.0103,0.0237,0.0189,0.0041,0.0,0.0,0.0,4.7492,4.808
petri-net-alignment-opt18-strips-p04,0,False,147,717,1043,2298,520,2643,1692,0,0,0,0,0,470890,,0.0,47.0,99,47,0.0108,0.0255,0.0223,0.0041,0.0,0.0,0.0,371.9364,372.0007
petri-net-alignment-opt18-strips-p05,0,False,126,559,802,1806,427,2061,1304,0,0,0,0,0,3320,,0.0,42.0,114,42,0.0097,0.0175,0.0136,0.0036,0.0,0.0,0.0,3.8931,3.9384
petri-net-alignment-opt18-strips-p06,2,False,147,719,1044,2302,521,2643,1720,0,0,0,0,0,694455,,0.0,56.135,107,63,0.0137,0.0267,0.0215,0.0041,0.0,0.0,0.0,899.9401,900.2313
petri-net-alignment-opt18-strips-p07,0,False,147,683,989,2193,503,2517,1629,0,0,0,0,0,343728,,0.0,57.0,122,57,0.0184,0.0245,0.0189,0.0041,0.0,0.0,0.0,476.7291,476.7967
petri-net-alignment-opt18-strips-p08,2,False,147,721,1045,2306,522,2647,1729,0,0,0,0,0,437700,,0.0,61.25,118,71,2.035,0.0271,0.0232,0.0082,0.0,0.0,0.0,897.9114,900.0895
petri-net-alignment-opt18-strips-p09,0,False,147,700,1013,2243,512,2575,1673,0,0,0,0,0,78553,,0.0,59.0,131,59,0.0171,0.0259,0.0193,0.0046,0.0,0.0,0.0,149.2,149.2688
petri-net-alignment-opt18-strips-p10,2,False,147,887,1293,2803,605,3227,2172,0,0,0,0,0,273463,,0.0,73.514,105,89,0.0168,0.04,0.0343,0.0051,0.0,0.0,0.0,899.9086,900.0631
petri-net-alignment-opt18-strips-p11,2,False,146,775,1115,2457,549,2817,1854,0,0,0,0,0,446197,,0.0,62.624,132,65,0.0137,0.0306,0.0259,0.0045,0.0,0.0,0.0,899.9343,900.1673
petri-net-alignment-opt18-strips-p12,2,False,147,1013,1483,3183,669,3672,2474,0,0,0,0,0,409493,,0.0,70.365,101,88,0.0298,0.05,0.0433,0.0061,0.0,0.0,0.0,901.4486,903.391
petri-net-alignment-opt18-strips-p13,2,False,147,884,1288,2794,604,3217,2146,0,0,0,0,0,284520,,0.0,68.541,120,98,0.0146,0.0387,0.0388,0.0058,0.0,0.0,0.0,901.3432,902.2844
petri-net-alignment-opt18-strips-p14,2,False,115,875,1269,2742,580,3148,2115,0,0,0,0,0,337545,,0.0,64.245,105,92,0.0272,0.0375,0.0323,0.0052,0.0,0.0,0.0,901.6967,902.8746
petri-net-alignment-opt18-strips-p15,2,False,147,874,1268,2759,599,3173,2134,0,0,0,0,0,373219,,0.0,75.133,131,110,0.0302,0.0398,0.031,0.0052,0.0,0.0,0.0,901.9871,905.0056
petri-net-alignment-opt18-strips-p16,2,False,147,959,1397,3016,642,3472,2316,0,0,0,0,0,437155,,0.0,64.77,104,92,0.0316,0.0446,0.0452,0.0053,0.0,0.0,0.0,901.2734,902.7979
petri-net-alignment-opt18-strips-p17,2,False,147,993,1456,3126,659,3608,2424,0,0,0,0,0,529191,,0.0,68.685,106,95,0.0336,0.048,0.0423,0.0057,0.0,0.0,0.0,899.8777,900.172
petri-net-alignment-opt18-strips-p18,2,False,115,936,1367,2931,610,3374,2279,0,0,0,0,0,461030,,0.0,67.272,105,90,0.0326,0.0419,0.0368,0.0062,0.0,0.0,0.0,900.7286,901.428
petri-net-alignment-opt18-strips-p19,2,False,147,992,1450,3118,658,3593,2392,0,0,0,0,0,460210,,0.0,58.198,134,64,0.0321,0.0468,0.0393,0.0056,0.0,0.0,0.0,901.8259,904.0802
petri-net-alignment-opt18-strips-p20,2,False,147,1017,1490,3196,671,3688,2494,0,0,0,0,0,313210,,0.0,74.0,145,85,0.0359,0.0511,0.056,0.0065,0.0,0.0,0.0,901.6703,902.9756
philosophers-p01-phil2,-3,False,0,0,0,0,0,0,0,0,0,0,0,0,0,,0.0,0.0,1e+20,1e+20,0,0,0,0,0,0,0,0,0
philosophers-p02-phil3,-3,False,0,0,0,0,0,0,0,0,0,0,0,0,0,,0.0,0.0,1e+20,1e+20,0,0,0,0,0,0,0,0,0
philosophers-p03-phil4,-3,False,0,0,0,0,0,0,0,0,0,0,0,0,0,,0.0,0.0,1e+20,1e+20,0,0,0,0,0,0,0,0,0
philosophers-p04-phil5,-3,False,0,0,0,0,0,0,0,0,0,0,0,0,0,,0.0,0.0,1e+20,1e+20,0,0,0,0,0,0,0,0,0
philosophers-p05-phil6,-3,False,0,0,0,0,0,0,0,0,0,0,0,0,0,,0.0,0.0,1e+20,1e+20,0,0,0,0,0,0,0,0,0
philosophers-p06-phil7,-3,False,0,0,0,0,0,0,0,0,0,0,0,0,0,,0.0,0.0,1e+20,1e+20,0,0,0,0,0,0,0,0,0
philosophers-p07-phil8,-3,False,0,0,0,0,0,0,0,0,0,0,0,0,0,,0.0,0.0,1e+20,1e+20,0,0,0,0,0,0,0,0,0
philosophers-p08-phil9,-3,False,0,0,0,0,0,0,0,0,0,0,0,0,0,,0.0,0.0,1e+20,1e+20,0,0,0,0,0,0,0,0,0
philosophers-p09-phil10,-3,False,0,0,0,0,0,0,0,0,0,0,0,0,0,,0.0,0.0,1e+20,1e+20,0,0,0,0,0,0,0,0,0
philosophers-p10-phil11,-3,False,0,0,0,0,0,0,0,0,0,0,0,0,0,,0.0,0.0,1e+20,1e+20,0,0,0,0,0,0,0,0,0
philosophers-p11-phil12,-3,False,0,0,0,0,0,0,0,0,0,0,0,0,0,,0.0,0.0,1e+20,1e+20,0,0,0,0,0,0,0,0,0
philosophers-p12-phil13,-3,False,0,0,0,0,0,0,0,0,0,0,0,0,0,,0.0,0.0,1e+20,1e+20,0,0,0,0,0,0,0,0,0
philosophers-p13-phil14,-3,False,0,0,0,0,0,0,0,0,0,0,0,0,0,,0.0,0.0,1e+20,1e+20,0,0,0,0,0,0,0,0,0
philosophers-p14-phil15,-3,False,0,0,0,0,0,0,0,0,0,0,0,0,0,,0.0,0.0,1e+20,1e+20,0,0,0,0,0,0,0,0,0
philosophers-p15-phil16,-3,False,0,0,0,0,0,0,0,0,0,0,0,0,0,,0.0,0.0,1e+20,1e+20,0,0,0,0,0,0,0,0,0
philosophers-p16-phil17,-3,False,0,0,0,0,0,0,0,0,0,0,0,0,0,,0.0,0.0,1e+20,1e+20,0,0,0,0,0,0,0,0,0
philosophers-p17-phil18,-3,False,0,0,0,0,0,0,0,0,0,0,0,0,0,,0.0,0.0,1e+20,1e+20,0,0,0,0,0,0,0,0,0
philosophers-p18-phil19,-3,False,0,0,0,0,0,0,0,0,0,0,0,0,0,,0.0,0.0,1e+20,1e+20,0,0,0,0,0,0,0,0,0
philosophers-p19-phil20,-3,False,0,0,0,0,0,0,0,0,0,0,0,0,0,,0.0,0.0,1e+20,1e+20,0,0,0,0,0,0,0,0,0
philosophers-p20-phil21,-3,False,0,0,0,0,0,0,0,0,0,0,0,0,0,,0.0,0.0,1e+20,1e+20,0,0,0,0,0,0,0,0,0
philosophers-p21-phil22,-3,False,0,0,0,0,0,0,0,0,0,0,0,0,0,,0.0,0.0,1e+20,1e+20,0,0,0,0,0,0,0,0,0
philosophers-p22-phil23,-3,False,0,0,0,0,0,0,0,0,0,0,0,0,0,,0.0,0.0,1e+20,1e+20,0,0,0,0,0,0,0,0,0
philosophers-p23-phil24,-3,False,0,0,0,0,0,0,0,0,0,0,0,0,0,,0.0,0.0,1e+20,1e+20,0,0,0,0,0,0,0,0,0
philosophers-p24-phil25,-3,False,0,0,0,0,0,0,0,0,0,0,0,0,0,,0.0,0.0,1e+20,1e+20,0,0,0,0,0,0,0,0,0
philosophers-p25-phil26,-3,False,0,0,0,0,0,0,0,0,0,0,0,0,0,,0.0,0.0,1e+20,1e+20,0,0,0,0,0,0,0,0,0
philosophers-p26-phil27,-3,False,0,0,0,0,0,0,0,0,0,0,0,0,0,,0.0,0.0,1e+20,1e+20,0,0,0,0,0,0,0,0,0
philosophers-p27-phil28,-3,False,0,0,0,0,0,0,0,0,0,0,0,0,0,,0.0,0.0,1e+20,1e+20,0,0,0,0,0,0,0,0,0
philosophers-p28-phil29,-3,False,0,0,0,0,0,0,0,0,0,0,0,0,0,,0.0,0.0,1e+20,1e+20,0,0,0,0,0,0,0,0,0
philosophers-p29-phil30,-3,False,0,0,0,0,0,0,0,0,0,0,0,0,0,,0.0,0.0,1e+20,1e+20,0,0,0,0,0,0,0,0,0
philosophers-p30-phil31,-3,False,0,0,0,0,0,0,0,0,0,0,0,0,0,,0.0,0.0,1e+20,1e+20,0,0,0,0,0,0,0,0,0
philosophers-p31-phil32,-3,False,0,0,0,0,0,0,0,0,0,0,0,0,0,,0.0,0.0,1e+20,1e+20,0,0,0,0,0,0,0,0,0
philosophers-p32-phil33,-3,False,0,0,0,0,0,0,0,0,0,0,0,0,0,,0.0,0.0,1e+20,1e+20,0,0,0,0,0,0,0,0,0
philosophers-p33-phil34,-3,False,0,0,0,0,0,0,0,0,0,0,0,0,0,,0.0,0.0,1e+20,1e+20,0,0,0,0,0,0,0,0,0
philosophers-p34-phil35,-3,False,0,0,0,0,0,0,0,0,0,0,0,0,0,,0.0,0.0,1e+20,1e+20,0,0,0,0,0,0,0,0,0
philosophers-p35-phil36,-3,False,0,0,0,0,0,0,0,0,0,0,0,0,0,,0.0,0.0,1e+20,1e+20,0,0,0,0,0,0,0,0,0
philosophers-p36-phil37,-3,False,0,0,0,0,0,0,0,0,0,0,0,0,0,,0.0,0.0,1e+20,1e+20,0,0,0,0,0,0,0,0,0
philosophers-p37-phil38,-3,False,0,0,0,0,0,0,0,0,0,0,0,0,0,,0.0,0.0,1e+20,1e+20,0,0,0,0,0,0,0,0,0
philosophers-p38-phil39,-3,False,0,0,0,0,0,0,0,0,0,0,0,0,0,,0.0,0.0,1e+20,1e+20,0,0,0,0,0,0,0,0,0
philosophers-p39-phil40,-3,False,0,0,0,0,0,0,0,0,0,0,0,0,0,,0.0,0.0,1e+20,1e+20,0,0,0,0,0,0,0,0,0
philosophers-p40-phil41,-3,False,0,0,0,0,0,0,0,0,0,0,0,0,0,,0.0,0.0,1e+20,1e+20,0,0,0,0,0,0,0,0,0
philosophers-p41-phil42,-3,False,0,0,0,0,0,0,0,0,0,0,0,0,0,,0.0,0.0,1e+20,1e+20,0,0,0,0,0,0,0,0,0
philosophers-p42-phil43,-3,False,0,0,0,0,0,0,0,0,0,0,0,0,0,,0.0,0.0,1e+20,1e+20,0,0,0,0,0,0,0,0,0
philosophers-p43-phil44,-3,False,0,0,0,0,0,0,0,0,0,0,0,0,0,,0.0,0.0,1e+20,1e+20,0,0,0,0,0,0,0,0,0
philosophers-p44-phil45,-3,False,0,0,0,0,0,0,0,0,0,0,0,0,0,,0.0,0.0,1e+20,1e+20,0,0,0,0,0,0,0,0,0
philosophers-p45-phil46,-3,False,0,0,0,0,0,0,0,0,0,0,0,0,0,,0.0,0.0,1e+20,1e+20,0,0,0,0,0,0,0,0,0
philosophers-p46-phil47,-3,False,0,0,0,0,0,0,0,0,0,0,0,0,0,,0.0,0.0,1e+20,1e+20,0,0,0,0,0,0,0,0,0
philosophers-p47-phil48,-3,False,0,0,0,0,0,0,0,0,0,0,0,0,0,,0.0,0.0,1e+20,1e+20,0,0,0,0,0,0,0,0,0
philosophers-p48-phil49,-3,False,0,0,0,0,0,0,0,0,0,0,0,0,0,,0.0,0.0,1e+20,1e+20,0,0,0,0,0,0,0,0,0
pipesworld-notankage-p01-net1-b6-g2,0,True,22,38,119,192,35,237,130,0,0,0,0,0,0,,0.0,5.0,5,5,0.0051,0.0004,0.0,0.0016,0.0,0.0,0.0,0.0077,0.0153
pipesworld-notankage-p02-net1-b6-g4,0,True,19,38,130,205,37,258,139,0,0,0,0,0,0,,0.0,7.0,7,7,0.0054,0.0004,0.0,0.0012,0.0,0.0,0.0,0.0077,0.0152
pipesworld-notankage-p03-net1-b8-g3,0,True,34,59,202,314,53,410,243,0,0,0,0,0,0,,0.0,7.0,7,7,0.0055,0.0008,0.0001,0.0016,0.0,0.0,0.0,0.0112,0.0196
pipesworld-notankage-p04-net1-b8-g5,0,True,32,59,202,314,53,410,243,0,0,0,0,0,0,,0.0,7.0,8,7,0.0057,0.0008,0.0001,0.0018,0.0,0.0,0.0,0.014,0.0228
pipesworld-notankage-p05-net1-b10-g4,0,True,45,98,341,504,65,675,415,0,0,0,0,0,0,,0.0,7.0,7,7,0.0065,0.0013,0.0001,0.0015,0.0,0.0,0.0,0.018,0.0279
pipesworld-notankage-p06-net1-b10-g6,0,True,41,98,343,507,66,679,418,0,0,0,0,0,0,,0.0,9.0,9,9,0.0064,0.0013,0.0001,0.0015,0.0,0.0,0.0,0.0181,0.0279
pipesworld-notankage-p07-net1-b12-g5,0,True,54,148,467,693,78,944,629,0,0,0,0,0,0,,0.0,8.0,8,8,0.0069,0.0021,0.0001,0.0017,0.0,0.0,0.0,0.0243,0.0357
pipesworld-notankage-p08-net1-b12-g7,0,True,48,148,480,708,80,971,644,0,0,0,0,0,0,,0.0,10.0,10,10,0.007,0.0021,0.0001,0.0016,0.0,0.0,0.0,0.0238,0.0351
pipesworld-notankage-p09-net1-b14-g6,0,True,55,198,660,950,92,1314,904,0,0,0,0,0,0,,0.0,13.0,14,13,0.0086,0.0031,0.0003,0.0021,0.0,0.0,0.0,0.0607,0.0753
pipesworld-notankage-p10-net1-b14-g8,0,True,46,198,681,973,94,1355,929,0,0,0,0,0,0,,0.0,17.0,18,17,0.0074,0.0031,0.0003,0.0025,0.0,0.0,0.0,0.1229,0.137
pipesworld-notankage-p11-net2-b10-g2,0,True,156,738,1572,2479,169,3315,3287,0,0,0,0,0,0,,0.0,11.0,12,11,0.0099,0.0073,0.0017,0.004,0.0,0.0,0.0,0.5313,0.555
pipesworld-notankage-p12-net2-b10-g4,0,True,152,738,1572,2479,169,3315,3293,0,0,0,0,0,61,,0.0,13.0,17,13,0.0095,0.0076,0.002,0.0038,0.0,0.0,0.0,2.7572,2.7809
pipesworld-notankage-p13-net2-b12-g3,0,True,189,913,1953,3072,206,4117,4034,0,0,0,0,0,0,,0.0,12.0,13,12,0.0106,0.0106,0.0023,0.0044,0.0,0.0,0.0,0.8928,0.9216
pipesworld-notankage-p14-net2-b12-g5,0,True,191,984,2109,3309,216,4427,4470,0,0,0,0,0,2850,,0.0,18.0,21,18,0.0128,0.0117,0.0032,0.0047,0.0,0.0,0.0,31.6726,31.706
pipesworld-notankage-p15-net2-b14-g4,0,True,202,940,1936,3097,221,4171,4091,0,0,0,0,0,202,,0.0,14.0,15,14,0.0118,0.0117,0.0021,0.0052,0.0,0.0,0.0,4.0523,4.0841
pipesworld-notankage-p16-net2-b14-g6,0,True,198,940,1948,3110,222,4196,4119,0,0,0,0,0,0,,0.0,19.0,25,19,0.0294,0.0128,0.0034,0.0052,0.0,0.0,0.0,1.6231,1.6748
pipesworld-notankage-p17-net2-b16-g5,0,True,295,1558,3291,5163,314,6862,7011,0,0,0,0,0,0,,0.0,12.0,12,12,0.0178,0.023,0.0048,0.0081,0.0,0.0,0.0,0.5063,0.5614
pipesworld-notankage-p18-net2-b16-g7,0,True,289,1558,3336,5210,316,6951,7060,0,0,0,0,0,3424,,0.0,18.0,20,18,0.0186,0.0239,0.0061,0.0079,0.0,0.0,0.0,74.3677,74.4256
pipesworld-notankage-p19-net2-b18-g6,2,True,350,1900,4069,6344,375,8499,8447,0,0,0,0,0,35462,,0.0,18.0,23,20,0.0219,0.034,0.0124,0.009,0.0,0.0,0.0,899.9339,900.0612
pipesworld-notankage-p20-net2-b18-g8,2,True,345,1900,4106,6383,377,8573,8489,0,0,0,0,0,26108,,0.0,21.015,27,23,0.0209,0.0346,0.0179,0.0101,0.0,0.0,0.0,899.9328,900.04
pipesworld-notankage-p21-net3-b12-g2,0,True,229,1025,2205,3470,240,4704,4661,0,0,0,0,0,0,,0.0,9.0,10,9,0.0143,0.0136,0.0022,0.0049,0.0,0.0,0.0,0.4257,0.4615
pipesworld-notankage-p22-net3-b12-g4,0,True,219,1025,2253,3525,247,4802,4729,0,0,0,0,0,301,,0.0,19.0,21,19,0.0135,0.0154,0.0038,0.0051,0.0,0.0,0.0,5.9966,6.0355
pipesworld-notankage-p23-net3-b14-g3,0,True,297,1466,3231,5016,319,6771,6784,0,0,0,0,0,0,,0.0,14.0,15,14,0.0187,0.0253,0.0062,0.007,0.0,0.0,0.0,1.4793,1.5376
pipesworld-notankage-p24-net3-b14-g5,0,True,293,1466,3278,5065,321,6863,6830,0,0,0,0,0,0,,0.0,18.0,22,18,0.0185,0.0263,0.0113,0.0071,0.0,0.0,0.0,1.191,1.2556
pipesworld-notankage-p25-net3-b16-g5,0,True,363,1900,4159,6452,393,8683,8845,0,0,0,0,0,3952,,0.0,20.0,24,20,0.0241,0.0397,0.0096,0.0095,0.0,0.0,0.0,120.0603,120.1445
pipesworld-notankage-p26-net3-b16-g7,0,True,355,1900,4187,6482,395,8738,8874,0,0,0,0,0,12760,,0.0,24.0,30,24,0.0238,0.0404,0.0113,0.0097,0.0,0.0,0.0,484.0074,484.0942
pipesworld-notankage-p27-net3-b18-g6,0,True,429,2280,5085,7824,459,10597,10485,0,0,0,0,0,667,,0.0,19.0,25,19,0.0292,0.055,0.0153,0.0124,0.0,0.0,0.0,25.4704,25.5838
pipesworld-notankage-p28-net3-b18-g7,0,True,424,2280,5099,7839,460,10625,10510,0,0,0,0,0,1209,,0.0,25.0,31,25,0.0305,0.0573,0.0192,0.0124,0.0,0.0,0.0,70.1829,70.3039
pipesworld-notankage-p29-net3-b20-g6,0,True,522,2910,6425,9888,553,13354,13474,0,0,0,0,0,3862,,0.0,21.0,25,21,0.0395,0.0818,0.0144,0.016,0.0,0.0,0.0,307.1896,307.343
pipesworld-notankage-p30-net3-b20-g8,2,True,468,2661,5817,8984,506,11991,11997,0,0,0,0,0,33500,,0.0,29.0,37,30,0.0353,0.0692,0.024,0.0145,0.0,0.0,0.0,899.871,900.0276
pipesworld-notankage-p31-net4-b14-g3,2,True,325,2131,5171,7639,337,10240,11140,0,0,0,0,0,13233,,0.0,12.967,19,18,0.0239,0.0445,0.0065,0.0109,0.0,0.0,0.0,899.9268,900.0359
pipesworld-notankage-p32-net4-b14-g5,2,True,320,2131,5193,7663,339,10290,11178,0,0,0,0,0,16885,,0.0,17.0,23,21,0.0406,0.0451,0.0082,0.0114,0.0,0.0,0.0,899.9077,900.0501
pipesworld-notankage-p33-net4-b16-g5,2,True,359,2256,5479,8112,377,10901,11833,0,0,0,0,0,6661,,0.0,15.64,18,18,0.0257,0.0533,0.0059,0.0134,0.0,0.0,0.0,899.9168,900.0263
pipesworld-notankage-p34-net4-b16-g6,2,True,385,2589,6372,9370,409,12580,13780,0,0,0,0,0,5779,,0.0,17.469,29,25,0.049,0.0659,0.0176,0.014,0.0,0.0,0.0,899.8737,900.0345
pipesworld-notankage-p35-net4-b18-g4,2,True,475,3482,8431,12402,489,16442,18007,0,0,0,0,0,3187,,0.0,11.298,19,17,0.1855,0.0971,0.0187,0.0204,0.0,0.0,0.0,899.703,900.0304
pipesworld-notankage-p36-net4-b18-g6,2,True,470,3482,8499,12473,492,16580,18105,0,0,0,0,0,1771,,0.0,14.164,26,18,0.0567,0.0981,0.0227,0.0199,0.0,0.0,0.0,899.824,900.0241
pipesworld-notankage-p37-net4-b20-g5,2,True,546,3944,9730,14236,562,18953,20737,0,0,0,0,0,3172,,0.0,12.667,15,14,0.0665,0.1293,0.0209,0.0255,0.0,0.0,0.0,899.7684,900.0155
pipesworld-notankage-p38-net4-b20-g7,2,True,544,3944,9784,14291,563,19059,20792,0,0,0,0,0,2526,,0.0,15.006,21,19,0.0668,0.1296,0.0292,0.0238,0.0,0.0,0.0,899.7756,900.0277
pipesworld-notankage-p39-net4-b22-g7,2,True,669,5227,12906,18829,696,25095,27840,0,0,0,0,0,825,,0.0,15.713,23,20,0.0866,0.2068,0.0374,0.0345,0.0,0.0,0.0,899.658,900.027
pipesworld-notankage-p40-net4-b22-g8,2,True,668,5227,12944,18868,697,25170,27880,0,0,0,0,0,1252,,0.0,18.0,27,22,0.089,0.2087,0.0444,0.0342,0.0,0.0,0.0,899.6592,900.042
pipesworld-notankage-p41-net5-b22-g2,0,True,739,6840,16252,23837,745,31701,36600,0,0,0,0,0,136,,0.0,8.0,8,8,0.0914,0.2842,0.016,0.0472,0.0,0.0,0.0,303.3514,303.7949
pipesworld-notankage-p42-net5-b22-g4,2,True,729,6840,16385,23977,752,31966,36769,0,0,0,0,0,3713,,0.0,14.583,19,16,0.1193,0.2882,0.0501,0.0481,0.0,0.0,0.0,899.5339,900.0444
pipesworld-notankage-p43-net5-b24-g3,2,True,838,8293,19762,28913,858,38289,43834,0,0,0,0,0,539,,0.0,13.322,24,20,0.1363,0.3957,0.0901,0.0628,0.0,0.0,0.0,899.3506,900.0422
pipesworld-notankage-p44-net5-b24-g5,2,True,836,8293,19826,28981,862,38439,43936,0,0,0,0,0,1217,,0.0,17.333,28,23,0.1363,0.3956,0.1135,0.0632,0.0,0.0,0.0,899.3733,900.0873
pipesworld-notankage-p45-net5-b26-g4,2,True,949,9665,23109,33747,973,44701,51181,0,0,0,0,0,275,,0.0,17.0,28,24,0.164,0.4966,0.1138,0.0793,0.0,0.0,0.0,899.1881,900.0498
pipesworld-notankage-p46-net5-b26-g6,2,True,946,9665,23192,33833,976,44871,51298,0,0,0,0,0,214,,0.0,20.75,38,29,0.1648,0.5116,0.1478,0.0806,0.0,0.0,0.0,899.1799,900.0925
pipesworld-notankage-p47-net5-b28-g5,2,True,1048,10852,25753,37686,1081,49847,57814,0,0,0,0,0,401,,0.0,19.865,39,35,0.1951,0.6274,0.2036,0.0903,0.0,0.0,0.0,898.9628,900.0926
pipesworld-notankage-p48-net5-b28-g7,2,True,1043,10852,25859,37795,1084,50064,57940,0,0,0,0,0,1134,,0.0,24.749,47,41,0.1957,0.6257,0.2728,0.0875,0.0,0.0,0.0,898.8353,900.0246
pipesworld-notankage-p49-net5-b30-g6,2,True,1172,12349,29452,42997,1196,56855,65657,0,0,0,0,0,408,,0.0,18.0,30,28,0.2323,0.7839,0.1624,0.1134,0.0,0.0,0.0,898.7542,900.0581
pipesworld-notankage-p50-net5-b30-g8,2,True,1162,12349,29507,43055,1199,56961,65726,0,0,0,0,0,76,,0.0,22.0,42,38,0.507,0.7725,0.2469,0.1149,0.0,0.0,0.0,898.4082,900.062
pipesworld-tankage-p01-net1-b6-g2-t50,0,True,28,46,149,235,40,357,243,0,0,0,0,0,0,,0.0,5.0,5,5,0.0231,0.0004,0.0001,0.0021,0.0,0.0,0.0,0.0104,0.0365
pipesworld-tankage-p02-net1-b6-g4-t50,0,True,22,46,156,243,41,371,251,0,0,0,0,0,0,,0.0,7.0,8,7,0.005,0.0004,0.0001,0.0015,0.0,0.0,0.0,0.0163,0.0238
pipesworld-tankage-p03-net1-b8-g3-t80,0,True,42,188,604,848,56,996,1135,0,0,0,0,0,0,,0.0,7.0,7,7,0.0252,0.0027,0.0002,0.002,0.0,0.0,0.0,0.0402,0.0707
pipesworld-tankage-p04-net1-b8-g5-t80,0,True,40,199,632,887,56,1041,1211,0,0,0,0,0,0,,0.0,7.0,7,7,0.0255,0.0026,0.0002,0.0021,0.0,0.0,0.0,0.0385,0.0694
pipesworld-tankage-p05-net1-b10-g4-t50,0,True,46,155,566,783,62,1004,809,0,0,0,0,0,0,,0.0,7.0,7,7,0.0252,0.003,0.0001,0.0023,0.0,0.0,0.0,0.0355,0.0668
pipesworld-tankage-p06-net1-b10-g6-t50,0,True,41,155,568,786,63,1008,812,0,0,0,0,0,0,,0.0,9.0,9,9,0.0083,0.0031,0.0002,0.0018,0.0,0.0,0.0,0.0341,0.048
pipesworld-tankage-p07-net1-b12-g5-t80,0,True,64,522,1785,2386,79,2548,2724,0,0,0,0,0,0,,0.0,8.0,8,8,0.0197,0.0149,0.0008,0.0039,0.0,0.0,0.0,0.0975,0.1378
pipesworld-tankage-p08-net1-b12-g7-t80,0,True,60,522,1851,2454,81,2634,2791,0,0,0,0,0,0,,0.0,10.0,10,10,0.0187,0.0159,0.0011,0.0033,0.0,0.0,0.0,0.0943,0.1342
pipesworld-tankage-p09-net1-b14-g6-t50,0,True,60,941,3042,4069,86,4028,5001,0,0,0,0,0,0,,0.0,13.0,15,13,0.0207,0.0186,0.0045,0.0045,0.0,0.0,0.0,0.5827,0.6321
pipesworld-tankage-p10-net1-b14-g8-t50,0,True,54,941,3125,4154,88,4153,5115,0,0,0,0,0,9605,,0.0,17.0,18,17,3.6779,0.019,0.006,0.0072,0.0,0.0,0.0,16.0826,19.7953
pipesworld-tankage-p11-net2-b10-g2-t30,0,True,165,994,2905,4075,176,5165,6724,0,0,0,0,0,2522,,0.0,12.0,13,12,0.016,0.019,0.0028,0.007,0.0,0.0,0.0,47.0066,47.0525
pipesworld-tankage-p12-net2-b10-g4-t60,0,True,167,1548,4405,6135,182,7119,11031,0,0,0,0,0,2158,,0.0,13.0,17,13,3.8181,0.0319,0.0059,0.0117,0.0,0.0,0.0,21.3731,25.243
pipesworld-tankage-p13-net2-b12-g3-t70,2,True,213,2379,6477,9083,227,10364,17058,0,0,0,0,0,10082,,0.0,11.0,13,12,0.0266,0.0509,0.0098,0.0128,0.0,0.0,0.0,899.9129,900.0196
pipesworld-tankage-p14-net2-b12-g5-t30,2,True,206,1801,4803,6828,224,7964,12577,0,0,0,0,0,20792,,0.0,15.25,23,19,0.0215,0.0355,0.0096,0.0097,0.0,0.0,0.0,899.936,900.0771
pipesworld-tankage-p15-net2-b14-g4-t30,0,True,218,1348,3426,5005,231,6237,8359,0,0,0,0,0,3679,,0.0,14.0,16,14,0.022,0.0313,0.005,0.0084,0.0,0.0,0.0,74.357,74.4252
pipesworld-tankage-p16-net2-b14-g6-t80,0,True,234,3342,9187,12780,251,13723,24609,0,0,0,0,0,5044,,0.0,19.0,25,19,0.0413,0.1021,0.019,0.0176,0.0,0.0,0.0,563.4448,563.627
pipesworld-tankage-p17-net2-b16-g5-t20,0,True,300,1959,4843,7121,319,8889,12252,0,0,0,0,0,0,,0.0,13.0,13,13,0.0256,0.0512,0.0086,0.0106,0.0,0.0,0.0,1.1332,1.2306
pipesworld-tankage-p18-net2-b16-g7-t60,2,True,319,4813,13246,18397,338,19622,36292,0,0,0,0,0,1883,,0.0,15.0,24,18,0.0602,0.1572,0.0429,0.0274,0.0,0.0,0.0,899.7465,900.0395
pipesworld-tankage-p19-net2-b18-g6-t60,2,True,378,4223,11752,16371,396,18535,30076,0,0,0,0,0,1743,,0.0,15.0,23,20,0.0549,0.1903,0.0343,0.0285,0.0,0.0,0.0,899.7128,900.0265
pipesworld-tankage-p20-net2-b18-g8-t90,2,True,399,8789,24023,33232,420,34052,65863,0,0,0,0,0,1259,,0.0,18.2,27,23,0.1152,0.4387,0.0948,0.061,0.0,0.0,0.0,899.3237,900.0435
pipesworld-tankage-p21-net3-b12-g2-t60,0,True,246,2182,5913,8348,253,9889,15896,0,0,0,0,0,0,,0.0,9.0,10,9,0.024,0.051,0.0051,0.0121,0.0,0.0,0.0,2.892,2.9854
pipesworld-tankage-p22-net3-b12-g4-t60,2,True,238,2177,5928,8359,254,9921,15910,0,0,0,0,0,20993,,0.0,16.185,21,19,0.0232,0.0533,0.0118,0.0116,0.0,0.0,0.0,899.9162,900.0563
pipesworld-tankage-p23-net3-b14-g3-t60,2,True,316,4452,12686,17472,334,18947,33443,0,0,0,0,0,2455,,0.0,13.0,16,15,0.0699,0.1546,0.0273,0.0292,0.0,0.0,0.0,899.7729,900.0584
pipesworld-tankage-p24-net3-b14-g5-t60,2,True,312,4375,12527,17236,334,18715,32965,0,0,0,0,0,2631,,0.0,15.938,22,19,0.0686,0.16,0.0367,0.0255,0.0,0.0,0.0,899.7325,900.0261
pipesworld-tankage-p25-net3-b16-g5-t60,2,True,394,6948,19718,27080,414,28458,51446,0,0,0,0,0,2627,,0.0,17.25,25,20,0.119,0.3674,0.0808,0.0438,0.0,0.0,0.0,899.4225,900.0382
pipesworld-tankage-p26-net3-b16-g7-t70,2,True,392,7771,22010,30199,418,31274,57520,0,0,0,0,0,1068,,0.0,18.891,30,24,0.138,0.4438,0.1077,0.0481,0.0,0.0,0.0,899.3056,900.0485
pipesworld-tankage-p27-net3-b18-g6-t70,2,True,461,8116,22413,31009,480,33119,58131,0,0,0,0,0,1221,,0.0,16.0,24,20,0.1321,0.4661,0.1114,0.0514,0.0,0.0,0.0,899.3368,900.1038
pipesworld-tankage-p28-net3-b18-g7-t70,2,True,454,8116,22413,31009,480,33119,58138,0,0,0,0,0,1082,,0.0,22.392,31,27,0.1337,0.4708,0.1445,0.0517,0.0,0.0,0.0,899.2324,900.0396
pipesworld-tankage-p29-net3-b20-g6-t70,2,True,561,11951,33019,45551,581,47130,86799,0,0,0,0,0,1298,,0.0,17.0,25,23,0.2043,0.8609,0.1287,0.0872,0.0,0.0,0.0,898.8086,900.1002
pipesworld-tankage-p30-net3-b20-g8-t70,2,True,519,12786,37987,51317,544,50655,93445,0,0,0,0,0,1860,,0.0,24.188,38,31,0.2107,0.9287,0.1843,0.0952,0.0,0.0,0.0,898.6954,900.1224
pipesworld-tankage-p31-net4-b14-g3-t20,2,True,245,1509,3916,5680,255,7455,10214,0,0,0,0,0,30531,,0.0,12.349,23,19,0.0353,0.0303,0.0058,0.0088,0.0,0.0,0.0,899.9286,900.0921
pipesworld-tankage-p32-net4-b14-g5-t30,2,True,329,3425,10311,14081,345,17506,27188,0,0,0,0,0,1361,,0.0,14.333,21,20,0.0576,0.1386,0.0151,0.0215,0.0,0.0,0.0,899.7906,900.0261
pipesworld-tankage-p33-net4-b16-g5-t60,2,True,377,7138,20848,28375,389,30606,57654,0,0,0,0,0,298,,0.0,14.0,19,19,0.0816,0.2883,0.0287,0.0437,0.0,0.0,0.0,899.5963,900.0428
pipesworld-tankage-p34-net4-b16-g6-t60,2,True,413,9488,27637,37550,425,40040,77095,0,0,0,0,0,191,,0.0,13.703,31,25,0.1029,0.444,0.1145,0.06,0.0,0.0,0.0,899.3313,900.0615
pipesworld-tankage-p35-net4-b18-g4-t90,2,True,537,21724,62972,85239,543,84073,174267,0,0,0,0,0,50,,0.0,11.0,17,17,0.2667,1.7895,0.1912,0.1663,0.0,0.0,0.0,897.703,900.1286
pipesworld-tankage-p36-net4-b18-g6-t90,2,True,533,21724,63068,85336,544,84212,174450,0,0,0,0,0,5,,0.0,13.0,25,19,0.2789,1.803,0.294,0.168,0.0,0.0,0.0,897.6661,900.2244
pipesworld-tankage-p37-net4-b20-g5-t60,2,True,576,16940,50267,67790,583,69443,137737,0,0,0,0,0,2,,0.0,10.0,15,14,0.4734,1.1707,0.1628,0.1285,0.0,0.0,0.0,898.1539,900.1036
pipesworld-tankage-p38-net4-b20-g7-t60,2,True,574,16940,50267,67790,583,69443,137742,0,0,0,0,0,19,,0.0,12.843,21,20,0.1979,1.172,0.222,0.1278,0.0,0.0,0.0,898.3617,900.0962
pipesworld-tankage-p39-net4-b22-g7-t50,2,True,700,21823,63794,86331,714,89248,175707,0,0,0,0,0,3,,0.0,13.517,24,21,0.3003,1.9474,0.4377,0.1947,0.0,0.0,0.0,897.2623,900.1627
pipesworld-tankage-p40-net4-b22-g8-t50,2,True,699,21823,63794,86331,714,89248,175710,0,0,0,0,0,0,,0.0,15.028,28,22,0.3005,1.9665,0.4719,0.1928,0.0,0.0,0.0,897.1302,900.0746
pipesworld-tankage-p41-net5-b22-g2-t20,2,True,743,12877,36885,50509,747,58735,102667,0,0,0,0,0,131,,0.0,7.0,8,8,0.1546,0.7352,0.0655,0.1078,0.0,0.0,0.0,898.9797,900.0535
pipesworld-tankage-p42-net5-b22-g4-t50,2,True,775,34729,101107,136622,786,135692,287273,0,0,0,0,0,0,,0.0,10.558,20,18,0.4179,3.2744,1.1528,0.3165,0.0,0.0,0.0,895.0248,900.2058
pipesworld-tankage-p43-net5-b24-g3-t80,2,True,909,61045,179241,241208,922,226140,504078,0,0,0,0,0,0,,0.0,0.0,24,24,1.0355,9.7689,1.5654,0.8685,0.0,0.0,0.0,900.0127,913.2926
pipesworld-tankage-p44-net5-b24-g5-t80,2,True,907,61045,179241,241208,922,226140,504079,0,0,0,0,0,0,,0.0,0.0,27,27,1.0192,9.8881,1.831,0.8685,0.0,0.0,0.0,891.5283,905.1782
pipesworld-tankage-p45-net5-b26-g4-t50,2,True,995,41360,123395,165763,1008,164754,338677,0,0,0,0,0,0,,0.0,13.673,31,23,0.7142,6.1669,1.2829,0.6078,0.0,0.0,0.0,891.4515,900.2444
pipesworld-tankage-p46-net5-b26-g6-t50,2,True,992,41339,123502,165850,1009,164893,338818,0,0,0,0,0,0,,0.0,17.928,41,34,0.7099,6.1872,1.5999,0.5112,0.0,0.0,0.0,891.2956,900.3215
pipesworld-tankage-p47-net5-b28-g5-t50,2,True,1100,50902,148577,200597,1118,198232,417787,0,0,0,0,0,0,,0.0,0.0,40,40,0.9405,8.5838,2.0479,0.8112,0.0,0.0,0.0,894.5768,906.9802
pipesworld-tankage-p48-net5-b28-g7-t50,2,True,1096,50902,148652,200673,1119,198352,417927,0,0,0,0,0,0,,0.0,21.354,48,48,1.1648,8.6961,2.7194,0.8092,0.0,0.0,0.0,886.7843,900.1926
pipesworld-tankage-p49-net5-b30-g6-t50,2,True,1226,62714,184276,248226,1236,241856,518702,0,0,0,0,0,0,,0.0,0.0,31,31,1.1855,10.7896,3.1009,0.8572,0.0,0.0,0.0,913.0896,929.0632
pipesworld-tankage-p50-net5-b30-g8-t50,2,True,1218,62714,184305,248256,1237,241904,518740,0,0,0,0,0,0,,0.0,17.333,42,42,1.179,11.0124,3.3575,1.0744,0.0,0.0,0.0,883.5899,900.2628
psr-large-p01-s29-n2-l5-f30,-3,False,0,0,0,0,0,0,0,0,0,0,0,0,0,,0.0,0.0,1e+20,1e+20,0,0,0,0,0,0,0,0,0
psr-large-p02-s46-n3-l5-f50,-3,False,0,0,0,0,0,0,0,0,0,0,0,0,0,,0.0,0.0,1e+20,1e+20,0,0,0,0,0,0,0,0,0
psr-large-p03-s53-n4-l3-f30,-3,False,0,0,0,0,0,0,0,0,0,0,0,0,0,,0.0,0.0,1e+20,1e+20,0,0,0,0,0,0,0,0,0
psr-large-p04-s66-n5-l2-f50,-3,False,0,0,0,0,0,0,0,0,0,0,0,0,0,,0.0,0.0,1e+20,1e+20,0,0,0,0,0,0,0,0,0
psr-large-p05-s71-n5-l3-f70,-3,False,0,0,0,0,0,0,0,0,0,0,0,0,0,,0.0,0.0,1e+20,1e+20,0,0,0,0,0,0,0,0,0
psr-large-p06-s74-n5-l4-f50,-3,False,0,0,0,0,0,0,0,0,0,0,0,0,0,,0.0,0.0,1e+20,1e+20,0,0,0,0,0,0,0,0,0
psr-large-p07-s81-n6-l2-f30,-3,False,0,0,0,0,0,0,0,0,0,0,0,0,0,,0.0,0.0,1e+20,1e+20,0,0,0,0,0,0,0,0,0
psr-large-p08-s87-n6-l3-f70,-3,False,0,0,0,0,0,0,0,0,0,0,0,0,0,,0.0,0.0,1e+20,1e+20,0,0,0,0,0,0,0,0,0
psr-large-p09-s90-n6-l4-f50,-3,False,0,0,0,0,0,0,0,0,0,0,0,0,0,,0.0,0.0,1e+20,1e+20,0,0,0,0,0,0,0,0,0
psr-large-p10-s93-n6-l5-f30,-3,False,0,0,0,0,0,0,0,0,0,0,0,0,0,,0.0,0.0,1e+20,1e+20,0,0,0,0,0,0,0,0,0
psr-large-p11-s100-n7-l3-f10,-3,False,0,0,0,0,0,0,0,0,0,0,0,0,0,,0.0,0.0,1e+20,1e+20,0,0,0,0,0,0,0,0,0
psr-large-p12-s103-n7-l3-f70,-3,False,0,0,0,0,0,0,0,0,0,0,0,0,0,,0.0,0.0,1e+20,1e+20,0,0,0,0,0,0,0,0,0
psr-large-p13-s106-n7-l4-f50,-3,False,0,0,0,0,0,0,0,0,0,0,0,0,0,,0.0,0.0,1e+20,1e+20,0,0,0,0,0,0,0,0,0
psr-large-p14-s112-n8-l2-f10,-3,False,0,0,0,0,0,0,0,0,0,0,0,0,0,,0.0,0.0,1e+20,1e+20,0,0,0,0,0,0,0,0,0
psr-large-p15-s114-n8-l2-f50,-3,False,0,0,0,0,0,0,0,0,0,0,0,0,0,,0.0,0.0,1e+20,1e+20,0,0,0,0,0,0,0,0,0
psr-large-p16-s119-n8-l3-f70,-3,False,0,0,0,0,0,0,0,0,0,0,0,0,0,,0.0,0.0,1e+20,1e+20,0,0,0,0,0,0,0,0,0
psr-large-p17-s129-n9-l2-f30,-3,False,0,0,0,0,0,0,0,0,0,0,0,0,0,,0.0,0.0,1e+20,1e+20,0,0,0,0,0,0,0,0,0
psr-large-p18-s133-n9-l3-f30,-3,False,0,0,0,0,0,0,0,0,0,0,0,0,0,,0.0,0.0,1e+20,1e+20,0,0,0,0,0,0,0,0,0
psr-large-p19-s144-n10-l2-f10,-3,False,0,0,0,0,0,0,0,0,0,0,0,0,0,,0.0,0.0,1e+20,1e+20,0,0,0,0,0,0,0,0,0
psr-large-p20-s149-n10-l3-f30,-3,False,0,0,0,0,0,0,0,0,0,0,0,0,0,,0.0,0.0,1e+20,1e+20,0,0,0,0,0,0,0,0,0
psr-large-p21-s160-n12-l2-f10,-3,False,0,0,0,0,0,0,0,0,0,0,0,0,0,,0.0,0.0,1e+20,1e+20,0,0,0,0,0,0,0,0,0
psr-large-p22-s162-n12-l3-f10,-3,False,0,0,0,0,0,0,0,0,0,0,0,0,0,,0.0,0.0,1e+20,1e+20,0,0,0,0,0,0,0,0,0
psr-large-p23-s164-n15-l2-f10,-3,False,0,0,0,0,0,0,0,0,0,0,0,0,0,,0.0,0.0,1e+20,1e+20,0,0,0,0,0,0,0,0,0
psr-large-p24-s166-n15-l3-f10,-3,False,0,0,0,0,0,0,0,0,0,0,0,0,0,,0.0,0.0,1e+20,1e+20,0,0,0,0,0,0,0,0,0
psr-large-p25-s168-n20-l2-f10,-3,False,0,0,0,0,0,0,0,0,0,0,0,0,0,,0.0,0.0,1e+20,1e+20,0,0,0,0,0,0,0,0,0
psr-large-p26-s170-n20-l3-f10,-3,False,0,0,0,0,0,0,0,0,0,0,0,0,0,,0.0,0.0,1e+20,1e+20,0,0,0,0,0,0,0,0,0
psr-large-p27-s172-n25-l2-f10,-3,False,0,0,0,0,0,0,0,0,0,0,0,0,0,,0.0,0.0,1e+20,1e+20,0,0,0,0,0,0,0,0,0
psr-large-p28-s174-n25-l3-f10,-3,False,0,0,0,0,0,0,0,0,0,0,0,0,0,,0.0,0.0,1e+20,1e+20,0,0,0,0,0,0,0,0,0
psr-large-p29-s177-n30-l2-f30,-3,False,0,0,0,0,0,0,0,0,0,0,0,0,0,,0.0,0.0,1e+20,1e+20,0,0,0,0,0,0,0,0,0
psr-large-p30-s179-n30-l3-f30,-3,False,0,0,0,0,0,0,0,0,0,0,0,0,0,,0.0,0.0,1e+20,1e+20,0,0,0,0,0,0,0,0,0
psr-large-p31-s181-n35-l2-f30,-3,False,0,0,0,0,0,0,0,0,0,0,0,0,0,,0.0,0.0,1e+20,1e+20,0,0,0,0,0,0,0,0,0
psr-large-p32-s183-n35-l3-f30,-3,False,0,0,0,0,0,0,0,0,0,0,0,0,0,,0.0,0.0,1e+20,1e+20,0,0,0,0,0,0,0,0,0
psr-large-p33-s185-n40-l2-f30,-3,False,0,0,0,0,0,0,0,0,0,0,0,0,0,,0.0,0.0,1e+20,1e+20,0,0,0,0,0,0,0,0,0
psr-large-p34-s187-n40-l3-f30,-3,False,0,0,0,0,0,0,0,0,0,0,0,0,0,,0.0,0.0,1e+20,1e+20,0,0,0,0,0,0,0,0,0
psr-large-p35-s189-n45-l2-f30,-3,False,0,0,0,0,0,0,0,0,0,0,0,0,0,,0.0,0.0,1e+20,1e+20,0,0,0,0,0,0,0,0,0
psr-large-p36-s191-n45-l3-f30,-3,False,0,0,0,0,0,0,0,0,0,0,0,0,0,,0.0,0.0,1e+20,1e+20,0,0,0,0,0,0,0,0,0
psr-large-p37-s193-n50-l2-f30,-3,False,0,0,0,0,0,0,0,0,0,0,0,0,0,,0.0,0.0,1e+20,1e+20,0,0,0,0,0,0,0,0,0
psr-large-p38-s195-n50-l3-f30,-3,False,0,0,0,0,0,0,0,0,0,0,0,0,0,,0.0,0.0,1e+20,1e+20,0,0,0,0,0,0,0,0,0
psr-large-p39-s197-n55-l2-f30,-3,False,0,0,0,0,0,0,0,0,0,0,0,0,0,,0.0,0.0,1e+20,1e+20,0,0,0,0,0,0,0,0,0
psr-large-p40-s199-n55-l3-f30,-3,False,0,0,0,0,0,0,0,0,0,0,0,0,0,,0.0,0.0,1e+20,1e+20,0,0,0,0,0,0,0,0,0
psr-large-p41-s201-n60-l2-f30,-3,False,0,0,0,0,0,0,0,0,0,0,0,0,0,,0.0,0.0,1e+20,1e+20,0,0,0,0,0,0,0,0,0
psr-large-p42-s203-n60-l3-f30,-3,False,0,0,0,0,0,0,0,0,0,0,0,0,0,,0.0,0.0,1e+20,1e+20,0,0,0,0,0,0,0,0,0
psr-large-p43-s205-n70-l2-f30,-3,False,0,0,0,0,0,0,0,0,0,0,0,0,0,,0.0,0.0,1e+20,1e+20,0,0,0,0,0,0,0,0,0
psr-large-p44-s207-n70-l3-f30,-3,False,0,0,0,0,0,0,0,0,0,0,0,0,0,,0.0,0.0,1e+20,1e+20,0,0,0,0,0,0,0,0,0
psr-large-p45-s209-n80-l2-f30,-3,False,0,0,0,0,0,0,0,0,0,0,0,0,0,,0.0,0.0,1e+20,1e+20,0,0,0,0,0,0,0,0,0
psr-large-p46-s211-n80-l3-f30,-3,False,0,0,0,0,0,0,0,0,0,0,0,0,0,,0.0,0.0,1e+20,1e+20,0,0,0,0,0,0,0,0,0
psr-large-p47-s213-n90-l2-f30,-3,False,0,0,0,0,0,0,0,0,0,0,0,0,0,,0.0,0.0,1e+20,1e+20,0,0,0,0,0,0,0,0,0
psr-large-p48-s215-n90-l3-f30,-3,False,0,0,0,0,0,0,0,0,0,0,0,0,0,,0.0,0.0,1e+20,1e+20,0,0,0,0,0,0,0,0,0
psr-large-p49-s217-n100-l2-f30,-3,False,0,0,0,0,0,0,0,0,0,0,0,0,0,,0.0,0.0,1e+20,1e+20,0,0,0,0,0,0,0,0,0
psr-large-p50-s219-n100-l3-f30,-3,False,0,0,0,0,0,0,0,0,0,0,0,0,0,,0.0,0.0,1e+20,1e+20,0,0,0,0,0,0,0,0,0
psr-middle-p01-s17-n2-l2-f30,-3,False,0,0,0,0,0,0,0,0,0,0,0,0,0,,0.0,0.0,1e+20,1e+20,0,0,0,0,0,0,0,0,0
psr-middle-p02-s23-n2-l3-f70,-3,False,0,0,0,0,0,0,0,0,0,0,0,0,0,,0.0,0.0,1e+20,1e+20,0,0,0,0,0,0,0,0,0
psr-middle-p03-s28-n2-l5-f10,-3,False,0,0,0,0,0,0,0,0,0,0,0,0,0,,0.0,0.0,1e+20,1e+20,0,0,0,0,0,0,0,0,0
psr-middle-p04-s31-n2-l5-f70,-3,False,0,0,0,0,0,0,0,0,0,0,0,0,0,,0.0,0.0,1e+20,1e+20,0,0,0,0,0,0,0,0,0
psr-middle-p05-s34-n3-l2-f50,-3,False,0,0,0,0,0,0,0,0,0,0,0,0,0,,0.0,0.0,1e+20,1e+20,0,0,0,0,0,0,0,0,0
psr-middle-p06-s37-n3-l3-f30,-3,False,0,0,0,0,0,0,0,0,0,0,0,0,0,,0.0,0.0,1e+20,1e+20,0,0,0,0,0,0,0,0,0
psr-middle-p07-s38-n3-l3-f50,-3,False,0,0,0,0,0,0,0,0,0,0,0,0,0,,0.0,0.0,1e+20,1e+20,0,0,0,0,0,0,0,0,0
psr-middle-p08-s40-n3-l4-f10,-3,False,0,0,0,0,0,0,0,0,0,0,0,0,0,,0.0,0.0,1e+20,1e+20,0,0,0,0,0,0,0,0,0
psr-middle-p09-s42-n3-l4-f50,-3,False,0,0,0,0,0,0,0,0,0,0,0,0,0,,0.0,0.0,1e+20,1e+20,0,0,0,0,0,0,0,0,0
psr-middle-p10-s45-n3-l5-f30,-3,False,0,0,0,0,0,0,0,0,0,0,0,0,0,,0.0,0.0,1e+20,1e+20,0,0,0,0,0,0,0,0,0
psr-middle-p11-s46-n3-l5-f50,-3,False,0,0,0,0,0,0,0,0,0,0,0,0,0,,0.0,0.0,1e+20,1e+20,0,0,0,0,0,0,0,0,0
psr-middle-p12-s50-n4-l2-f50,-3,False,0,0,0,0,0,0,0,0,0,0,0,0,0,,0.0,0.0,1e+20,1e+20,0,0,0,0,0,0,0,0,0
psr-middle-p13-s53-n4-l3-f30,-3,False,0,0,0,0,0,0,0,0,0,0,0,0,0,,0.0,0.0,1e+20,1e+20,0,0,0,0,0,0,0,0,0
psr-middle-p14-s55-n4-l3-f70,-3,False,0,0,0,0,0,0,0,0,0,0,0,0,0,,0.0,0.0,1e+20,1e+20,0,0,0,0,0,0,0,0,0
psr-middle-p15-s56-n4-l4-f10,-3,False,0,0,0,0,0,0,0,0,0,0,0,0,0,,0.0,0.0,1e+20,1e+20,0,0,0,0,0,0,0,0,0
psr-middle-p16-s60-n4-l5-f10,-3,False,0,0,0,0,0,0,0,0,0,0,0,0,0,,0.0,0.0,1e+20,1e+20,0,0,0,0,0,0,0,0,0
psr-middle-p17-s61-n4-l5-f30,-3,False,0,0,0,0,0,0,0,0,0,0,0,0,0,,0.0,0.0,1e+20,1e+20,0,0,0,0,0,0,0,0,0
psr-middle-p18-s62-n4-l5-f50,-3,False,0,0,0,0,0,0,0,0,0,0,0,0,0,,0.0,0.0,1e+20,1e+20,0,0,0,0,0,0,0,0,0
psr-middle-p19-s66-n5-l2-f50,-3,False,0,0,0,0,0,0,0,0,0,0,0,0,0,,0.0,0.0,1e+20,1e+20,0,0,0,0,0,0,0,0,0
psr-middle-p20-s69-n5-l3-f30,-3,False,0,0,0,0,0,0,0,0,0,0,0,0,0,,0.0,0.0,1e+20,1e+20,0,0,0,0,0,0,0,0,0
psr-middle-p21-s72-n5-l4-f10,-3,False,0,0,0,0,0,0,0,0,0,0,0,0,0,,0.0,0.0,1e+20,1e+20,0,0,0,0,0,0,0,0,0
psr-middle-p22-s74-n5-l4-f50,-3,False,0,0,0,0,0,0,0,0,0,0,0,0,0,,0.0,0.0,1e+20,1e+20,0,0,0,0,0,0,0,0,0
psr-middle-p23-s76-n5-l5-f10,-3,False,0,0,0,0,0,0,0,0,0,0,0,0,0,,0.0,0.0,1e+20,1e+20,0,0,0,0,0,0,0,0,0
psr-middle-p24-s77-n5-l5-f30,-3,False,0,0,0,0,0,0,0,0,0,0,0,0,0,,0.0,0.0,1e+20,1e+20,0,0,0,0,0,0,0,0,0
psr-middle-p25-s81-n6-l2-f30,-3,False,0,0,0,0,0,0,0,0,0,0,0,0,0,,0.0,0.0,1e+20,1e+20,0,0,0,0,0,0,0,0,0
psr-middle-p26-s85-n6-l3-f30,-3,False,0,0,0,0,0,0,0,0,0,0,0,0,0,,0.0,0.0,1e+20,1e+20,0,0,0,0,0,0,0,0,0
psr-middle-p27-s86-n6-l3-f50,-3,False,0,0,0,0,0,0,0,0,0,0,0,0,0,,0.0,0.0,1e+20,1e+20,0,0,0,0,0,0,0,0,0
psr-middle-p28-s88-n6-l4-f10,-3,False,0,0,0,0,0,0,0,0,0,0,0,0,0,,0.0,0.0,1e+20,1e+20,0,0,0,0,0,0,0,0,0
psr-middle-p29-s89-n6-l4-f30,-3,False,0,0,0,0,0,0,0,0,0,0,0,0,0,,0.0,0.0,1e+20,1e+20,0,0,0,0,0,0,0,0,0
psr-middle-p30-s90-n6-l4-f50,-3,False,0,0,0,0,0,0,0,0,0,0,0,0,0,,0.0,0.0,1e+20,1e+20,0,0,0,0,0,0,0,0,0
psr-middle-p31-s92-n6-l5-f10,-3,False,0,0,0,0,0,0,0,0,0,0,0,0,0,,0.0,0.0,1e+20,1e+20,0,0,0,0,0,0,0,0,0
psr-middle-p32-s93-n6-l5-f30,-3,False,0,0,0,0,0,0,0,0,0,0,0,0,0,,0.0,0.0,1e+20,1e+20,0,0,0,0,0,0,0,0,0
psr-middle-p33-s100-n7-l3-f10,-3,False,0,0,0,0,0,0,0,0,0,0,0,0,0,,0.0,0.0,1e+20,1e+20,0,0,0,0,0,0,0,0,0
psr-middle-p34-s102-n7-l3-f50,-3,False,0,0,0,0,0,0,0,0,0,0,0,0,0,,0.0,0.0,1e+20,1e+20,0,0,0,0,0,0,0,0,0
psr-middle-p35-s103-n7-l3-f70,-3,False,0,0,0,0,0,0,0,0,0,0,0,0,0,,0.0,0.0,1e+20,1e+20,0,0,0,0,0,0,0,0,0
psr-middle-p36-s106-n7-l4-f50,-3,False,0,0,0,0,0,0,0,0,0,0,0,0,0,,0.0,0.0,1e+20,1e+20,0,0,0,0,0,0,0,0,0
psr-middle-p37-s108-n7-l5-f10,-3,False,0,0,0,0,0,0,0,0,0,0,0,0,0,,0.0,0.0,1e+20,1e+20,0,0,0,0,0,0,0,0,0
psr-middle-p38-s109-n7-l5-f30,-3,False,0,0,0,0,0,0,0,0,0,0,0,0,0,,0.0,0.0,1e+20,1e+20,0,0,0,0,0,0,0,0,0
psr-middle-p39-s112-n8-l2-f10,-3,False,0,0,0,0,0,0,0,0,0,0,0,0,0,,0.0,0.0,1e+20,1e+20,0,0,0,0,0,0,0,0,0
psr-middle-p40-s114-n8-l2-f50,-3,False,0,0,0,0,0,0,0,0,0,0,0,0,0,,0.0,0.0,1e+20,1e+20,0,0,0,0,0,0,0,0,0
psr-middle-p41-s116-n8-l3-f10,-3,False,0,0,0,0,0,0,0,0,0,0,0,0,0,,0.0,0.0,1e+20,1e+20,0,0,0,0,0,0,0,0,0
psr-middle-p42-s120-n8-l4-f10,-3,False,0,0,0,0,0,0,0,0,0,0,0,0,0,,0.0,0.0,1e+20,1e+20,0,0,0,0,0,0,0,0,0
psr-middle-p43-s123-n8-l4-f70,-3,False,0,0,0,0,0,0,0,0,0,0,0,0,0,,0.0,0.0,1e+20,1e+20,0,0,0,0,0,0,0,0,0
psr-middle-p44-s131-n9-l2-f70,-3,False,0,0,0,0,0,0,0,0,0,0,0,0,0,,0.0,0.0,1e+20,1e+20,0,0,0,0,0,0,0,0,0
psr-middle-p45-s132-n9-l3-f10,-3,False,0,0,0,0,0,0,0,0,0,0,0,0,0,,0.0,0.0,1e+20,1e+20,0,0,0,0,0,0,0,0,0
psr-middle-p46-s135-n9-l3-f70,-3,False,0,0,0,0,0,0,0,0,0,0,0,0,0,,0.0,0.0,1e+20,1e+20,0,0,0,0,0,0,0,0,0
psr-middle-p47-s139-n9-l4-f70,-3,False,0,0,0,0,0,0,0,0,0,0,0,0,0,,0.0,0.0,1e+20,1e+20,0,0,0,0,0,0,0,0,0
psr-middle-p48-s144-n10-l2-f10,-3,False,0,0,0,0,0,0,0,0,0,0,0,0,0,,0.0,0.0,1e+20,1e+20,0,0,0,0,0,0,0,0,0
psr-middle-p49-s149-n10-l3-f30,-3,False,0,0,0,0,0,0,0,0,0,0,0,0,0,,0.0,0.0,1e+20,1e+20,0,0,0,0,0,0,0,0,0
psr-middle-p50-s153-n10-l4-f30,-3,False,0,0,0,0,0,0,0,0,0,0,0,0,0,,0.0,0.0,1e+20,1e+20,0,0,0,0,0,0,0,0,0
psr-small-p01-s2-n1-l2-f50,0,True,0,0,2,5,2,4,0,0,0,0,0,0,0,,0.0,1.0,1,1,0.0048,0.0,0.0,0.0015,0.0,0.0,0.0,0.0012,0.008
psr-small-p02-s5-n1-l3-f30,0,True,0,0,2,5,2,4,0,0,0,0,0,0,0,,0.0,1.0,1,1,0.0225,0.0001,0.0,0.0031,0.0,0.0,0.0,0.0013,0.0275
psr-small-p03-s7-n1-l3-f70,0,True,0,0,2,5,2,4,0,0,0,0,0,0,0,,0.0,1.0,1,1,0.0057,0.0,0.0,0.0016,0.0,0.0,0.0,0.0012,0.0092
psr-small-p04-s8-n1-l4-f10,0,True,0,0,2,5,2,4,0,0,0,0,0,0,0,,0.0,1.0,1,1,0.0044,0.0001,0.0,0.0014,0.0,0.0,0.0,0.0012,0.0079
psr-small-p05-s9-n1-l4-f30,0,True,0,0,2,5,2,4,0,0,0,0,0,0,0,,0.0,1.0,1,1,0.005,0.0001,0.0,0.0016,0.0,0.0,0.0,0.0013,0.0085
psr-small-p06-s10-n1-l4-f50,0,True,0,0,2,5,2,4,0,0,0,0,0,0,0,,0.0,1.0,1,1,0.005,0.0,0.0,0.0015,0.0,0.0,0.0,0.0013,0.0083
psr-small-p07-s11-n1-l4-f70,0,True,0,0,2,5,2,4,0,0,0,0,0,0,0,,0.0,1.0,1,1,0.0044,0.0,0.0,0.0013,0.0,0.0,0.0,0.0013,0.0075
psr-small-p08-s12-n1-l5-f10,0,True,0,0,2,5,2,4,0,0,0,0,0,0,0,,0.0,1.0,1,1,0.0046,0.0001,0.0,0.0026,0.0,0.0,0.0,0.0012,0.009
psr-small-p09-s13-n1-l5-f30,0,True,0,0,2,5,2,4,0,0,0,0,0,0,0,,0.0,1.0,1,1,0.0218,0.0001,0.0,0.0015,0.0,0.0,0.0,0.0013,0.0252
psr-small-p10-s17-n2-l2-f30,0,True,0,0,5,12,5,12,2,0,0,0,0,0,0,,0.0,2.0,2,2,0.0049,0.0001,0.0,0.0022,0.0,0.0,0.0,0.0013,0.0089
psr-small-p11-s18-n2-l2-f50,0,True,0,0,4,10,4,8,0,0,0,0,0,0,0,,0.0,2.0,2,2,0.005,0.0001,0.0,0.0011,0.0,0.0,0.0,0.0013,0.0079
psr-small-p12-s21-n2-l3-f30,0,True,0,0,4,10,4,8,0,0,0,0,0,0,0,,0.0,2.0,2,2,0.004,0.0001,0.0,0.0012,0.0,0.0,0.0,0.0013,0.0075
psr-small-p13-s22-n2-l3-f50,0,True,0,0,7,17,7,18,4,0,0,0,0,0,0,,0.0,3.0,3,3,0.0046,0.0001,0.0,0.0013,0.0,0.0,0.0,0.0013,0.0077
psr-small-p14-s23-n2-l3-f70,0,True,0,0,5,12,5,10,0,0,0,0,0,0,0,,0.0,2.0,2,2,0.005,0.0001,0.0,0.0015,0.0,0.0,0.0,0.0013,0.0083
psr-small-p15-s24-n2-l4-f10,0,True,1,2,4,11,4,10,2,0,0,0,0,0,0,,0.0,2.0,2,2,0.0082,0.0006,0.0,0.0017,0.0,0.0,0.0,0.0013,0.0123
psr-small-p16-s29-n2-l5-f30,0,True,1,2,6,16,6,16,4,0,0,0,0,0,0,,0.0,3.0,3,3,0.0052,0.0001,0.0,0.0027,0.0,0.0,0.0,0.0014,0.0098
psr-small-p17-s30-n2-l5-f50,0,True,0,0,5,12,5,10,0,0,0,0,0,0,0,,0.0,2.0,2,2,0.0044,0.0001,0.0,0.0015,0.0,0.0,0.0,0.0013,0.0078
psr-small-p18-s31-n2-l5-f70,0,True,0,0,5,12,5,10,0,0,0,0,0,0,0,,0.0,2.0,2,2,0.0053,0.0001,0.0,0.0013,0.0,0.0,0.0,0.0013,0.0084
psr-small-p19-s33-n3-l2-f30,0,True,1,2,11,28,11,36,14,0,0,0,0,0,0,,0.0,5.0,5,5,0.0057,0.0002,0.0,0.002,0.0,0.0,0.0,0.0015,0.0099
psr-small-p20-s34-n3-l2-f50,0,True,0,0,7,17,7,14,0,0,0,0,0,0,0,,0.0,3.0,3,3,0.0052,0.0001,0.0,0.0017,0.0,0.0,0.0,0.0013,0.0088
psr-small-p21-s35-n3-l2-f70,0,True,0,0,8,19,8,16,0,0,0,0,0,0,0,,0.0,3.0,3,3,0.0052,0.0001,0.0,0.0018,0.0,0.0,0.0,0.0012,0.0088
psr-small-p22-s37-n3-l3-f30,0,True,0,0,8,20,8,22,6,0,0,0,0,0,0,,0.0,4.0,4,4,0.0048,0.0001,0.0,0.0013,0.0,0.0,0.0,0.0012,0.008
psr-small-p23-s38-n3-l3-f50,0,True,0,0,8,19,8,16,0,0,0,0,0,0,0,,0.0,3.0,3,3,0.0045,0.0001,0.0,0.0015,0.0,0.0,0.0,0.0013,0.0078
psr-small-p24-s39-n3-l3-f70,0,True,0,0,8,19,8,16,0,0,0,0,0,0,0,,0.0,3.0,3,3,0.0046,0.0001,0.0,0.0011,0.0,0.0,0.0,0.0013,0.0075
psr-small-p25-s40-n3-l4-f10,0,True,2,3,5,14,5,13,3,0,0,0,0,0,0,,0.0,2.0,2,2,0.0591,0.0302,0.0,0.0018,0.0,0.0,0.0,0.001,0.0934
psr-small-p26-s41-n3-l4-f30,0,True,0,0,7,17,7,14,0,0,0,0,0,0,0,,0.0,3.0,3,3,0.0046,0.0001,0.0,0.0016,0.0,0.0,0.0,0.0013,0.0081
psr-small-p27-s42-n3-l4-f50,0,True,0,0,7,17,7,14,0,0,0,0,0,0,0,,0.0,3.0,3,3,0.0057,0.0001,0.0,0.0012,0.0,0.0,0.0,0.0013,0.0088
psr-small-p28-s43-n3-l4-f70,0,True,0,0,8,19,8,16,0,0,0,0,0,0,0,,0.0,3.0,3,3,0.0046,0.0002,0.0,0.0018,0.0,0.0,0.0,0.0014,0.0085
psr-small-p29-s45-n3-l5-f30,0,True,0,0,11,27,11,34,12,0,0,0,0,0,0,,0.0,5.0,5,5,0.0052,0.0002,0.0,0.001,0.0,0.0,0.0,0.0013,0.008
psr-small-p30-s46-n3-l5-f50,0,True,0,0,7,17,7,14,0,0,0,0,0,0,0,,0.0,3.0,3,3,0.0173,0.0001,0.0,0.0013,0.0,0.0,0.0,0.0012,0.0204
psr-small-p31-s49-n4-l2-f30,0,True,1,2,9,23,9,24,6,0,0,0,0,0,0,,0.0,4.0,4,4,0.009,0.0006,0.0,0.0013,0.0,0.0,0.0,0.0013,0.0127
psr-small-p32-s50-n4-l2-f50,0,True,0,0,10,24,10,20,0,0,0,0,0,0,0,,0.0,4.0,4,4,0.0053,0.0001,0.0,0.0009,0.0,0.0,0.0,0.0014,0.0084
psr-small-p33-s51-n4-l2-f70,0,True,1,2,9,23,9,24,6,0,0,0,0,0,0,,0.0,4.0,4,4,0.0047,0.0001,0.0,0.0013,0.0,0.0,0.0,0.0014,0.008
psr-small-p34-s55-n4-l3-f70,0,True,0,0,10,24,10,20,0,0,0,0,0,0,0,,0.0,4.0,4,4,0.005,0.0001,0.0,0.0011,0.0,0.0,0.0,0.0013,0.0079
psr-small-p35-s57-n5-l2-f30,0,True,1,2,9,23,9,24,6,0,0,0,0,0,0,,0.0,4.0,4,4,0.0056,0.0002,0.0,0.0027,0.0,0.0,0.0,0.0014,0.0103
psr-small-p36-s65-n6-l2-f30,0,True,1,2,14,35,14,48,20,0,0,0,0,0,0,,0.0,6.0,6,6,0.0254,0.0004,0.0,0.0013,0.0,0.0,0.0,0.0014,0.029
psr-small-p37-s67-n6-l2-f70,0,True,0,0,15,36,15,40,10,0,0,0,0,0,0,,0.0,6.0,6,6,0.0076,0.0001,0.0,0.0021,0.0,0.0,0.0,0.0013,0.0115
psr-small-p38-s78-n3-l3-f50,0,True,0,0,7,17,7,18,4,0,0,0,0,0,0,,0.0,3.0,3,3,0.0058,0.0001,0.0,0.0013,0.0,0.0,0.0,0.0014,0.0091
psr-small-p39-s79-n3-l3-f70,0,True,0,0,7,17,7,14,0,0,0,0,0,0,0,,0.0,3.0,3,3,0.0052,0.0001,0.0,0.0013,0.0,0.0,0.0,0.0013,0.0083
psr-small-p40-s80-n3-l4-f10,0,True,1,2,6,16,6,16,4,0,0,0,0,0,0,,0.0,3.0,3,3,0.0101,0.0007,0.0,0.0013,0.0,0.0,0.0,0.0013,0.0138
psr-small-p41-s81-n3-l4-f30,0,True,0,0,8,19,8,16,0,0,0,0,0,0,0,,0.0,3.0,3,3,0.0078,0.0001,0.0,0.0018,0.0,0.0,0.0,0.0013,0.0114
psr-small-p42-s82-n3-l4-f50,0,True,1,2,9,23,9,24,6,0,0,0,0,0,0,,0.0,4.0,4,4,0.0078,0.0001,0.0,0.0012,0.0,0.0,0.0,0.0013,0.011
psr-small-p43-s83-n3-l4-f70,0,True,0,0,10,24,10,26,6,0,0,0,0,0,0,,0.0,4.0,4,4,0.0048,0.0001,0.0,0.0041,0.0,0.0,0.0,0.0013,0.0107
psr-small-p44-s89-n4-l2-f30,0,True,0,0,12,29,12,36,12,0,0,0,0,0,0,,0.0,5.0,5,5,0.0057,0.0001,0.0,0.0015,0.0,0.0,0.0,0.0013,0.009
psr-small-p45-s94-n4-l3-f50,0,True,0,0,10,24,10,20,0,0,0,0,0,0,0,,0.0,4.0,4,4,0.0419,0.0001,0.0,0.0013,0.0,0.0,0.0,0.0013,0.0451
psr-small-p46-s97-n5-l2-f30,0,True,1,2,10,26,10,28,8,0,0,0,0,0,0,,0.0,5.0,5,5,0.0079,0.0002,0.0,0.0012,0.0,0.0,0.0,0.0014,0.0111
psr-small-p47-s98-n5-l2-f50,0,True,0,0,9,22,9,18,0,0,0,0,0,0,0,,0.0,4.0,4,4,0.0329,0.0001,0.0,0.0018,0.0,0.0,0.0,0.0013,0.0367
psr-small-p48-s101-n5-l3-f30,0,True,0,0,11,27,11,30,8,0,0,0,0,0,0,,0.0,5.0,5,5,0.0052,0.0002,0.0,0.0018,0.0,0.0,0.0,0.0013,0.009
psr-small-p49-s105-n6-l2-f30,0,True,0,0,15,37,15,50,20,0,0,0,0,0,0,,0.0,7.0,7,7,0.0059,0.0003,0.0,0.0014,0.0,0.0,0.0,0.0014,0.0094
psr-small-p50-s107-n6-l2-f70,0,True,0,0,16,38,16,32,0,0,0,0,0,0,0,,0.0,6.0,6,6,0.0112,0.0001,0.0,0.0012,0.0,0.0,0.0,0.0013,0.0143
rovers-p01,0,True,1,7,12,33,11,31,8,0,0,0,0,0,0,,0.0,9.0,9,9,0.0051,0.0001,0.0,0.0017,0.0,0.0,0.0,0.0015,0.0088
rovers-p02,0,True,3,8,12,33,11,27,4,0,0,0,0,0,0,,0.0,7.0,7,7,0.0055,0.0001,0.0,0.0017,0.0,0.0,0.0,0.0014,0.0091
rovers-p03,0,True,5,12,16,44,14,44,22,0,0,0,0,0,0,,0.0,9.0,9,9,0.0058,0.0001,0.0,0.0013,0.0,0.0,0.0,0.0033,0.0111
rovers-p04,0,True,5,13,16,43,13,43,26,0,0,0,0,0,0,,0.0,8.0,8,8,0.006,0.0002,0.0,0.0012,0.0,0.0,0.0,0.0033,0.0112
rovers-p05,0,True,11,24,34,91,27,87,47,0,0,0,0,0,0,,0.0,18.0,18,18,0.0065,0.0003,0.0,0.0011,0.0,0.0,0.0,0.0039,0.0122
rovers-p06,0,True,9,28,45,119,36,121,55,0,0,0,0,0,0,,0.0,27.0,27,27,0.0184,0.0004,0.0001,0.0014,0.0,0.0,0.0,0.0038,0.0246
rovers-p07,0,True,29,47,47,129,35,124,88,0,0,0,0,0,0,,0.0,15.0,15,15,0.0056,0.0004,0.0001,0.0016,0.0,0.0,0.0,0.0049,0.0129
rovers-p08,0,True,46,71,71,196,54,189,129,0,0,0,0,0,0,,0.0,21.0,21,21,0.0057,0.0007,0.0001,0.002,0.0,0.0,0.0,0.0077,0.0167
rovers-p09,0,True,39,76,85,222,55,223,142,0,0,0,0,0,0,,0.0,24.0,24,24,0.0066,0.0008,0.0001,0.0016,0.0,0.0,0.0,0.0062,0.0158
rovers-p10,0,True,56,91,91,249,67,253,174,0,0,0,0,0,0,,0.0,26.0,26,26,0.0061,0.001,0.0002,0.0013,0.0,0.0,0.0,0.0068,0.0157
rovers-p11,0,True,46,85,98,252,64,253,137,0,0,0,0,0,0,,0.0,24.0,24,24,0.0065,0.0009,0.0002,0.0014,0.0,0.0,0.0,0.0065,0.0159
rovers-p12,0,True,41,87,87,221,47,212,146,0,0,0,0,0,0,,0.0,16.0,16,16,0.0069,0.0007,0.0001,0.0014,0.0,0.0,0.0,0.0071,0.0166
rovers-p13,0,True,68,117,117,314,80,319,222,0,0,0,0,0,0,,0.0,32.0,32,32,0.0099,0.0016,0.0002,0.0013,0.0,0.0,0.0,0.0078,0.0212
rovers-p14,0,True,47,92,101,259,62,256,157,0,0,0,0,0,0,,0.0,22.0,22,22,0.0063,0.0011,0.0001,0.0013,0.0,0.0,0.0,0.0067,0.0161
rovers-p15,0,True,54,80,88,244,71,222,123,0,0,0,0,0,0,,0.0,29.0,29,29,0.0079,0.0013,0.0002,0.0014,0.0,0.0,0.0,0.0095,0.0207
rovers-p16,0,True,67,129,129,336,78,344,256,0,0,0,0,0,0,,0.0,30.0,30,30,0.007,0.0015,0.0002,0.0018,0.0,0.0,0.0,0.0092,0.0203
rovers-p17,0,True,106,197,207,538,128,542,327,0,0,0,0,0,0,,0.0,36.0,36,36,0.0084,0.0036,0.0005,0.0015,0.0,0.0,0.0,0.012,0.0266
rovers-p18,0,True,151,239,239,640,162,632,360,0,0,0,0,0,0,,0.0,31.0,31,31,0.0136,0.0058,0.0006,0.0014,0.0,0.0,0.0,0.0127,0.0346
rovers-p19,0,True,186,458,458,1119,203,1127,790,0,0,0,0,0,0,,0.0,45.0,46,45,0.015,0.0113,0.0015,0.0018,0.0,0.0,0.0,0.0431,0.0734
rovers-p20,0,True,258,512,512,1302,278,1302,833,0,0,0,0,0,0,,0.0,58.0,59,58,0.0211,0.0211,0.0025,0.0025,0.0,0.0,0.0,0.028,0.0761
rovers-p21,0,True,275,499,499,1287,289,1280,750,0,0,0,0,0,0,,0.0,41.0,42,41,0.0276,0.0267,0.0019,0.0023,0.0,0.0,0.0,0.0235,0.0828
rovers-p22,0,True,278,595,595,1484,294,1514,997,0,0,0,0,0,0,,0.0,46.0,46,46,0.0269,0.0266,0.0023,0.0023,0.0,0.0,0.0,0.0322,0.0911
rovers-p23,0,True,341,875,875,2110,360,2160,1488,0,0,0,0,0,0,,0.0,53.0,54,53,0.0361,0.044,0.0037,0.0033,0.0,0.0,0.0,0.118,0.2062
rovers-p24,0,True,387,777,777,1962,408,1998,1280,0,0,0,0,0,0,,0.0,65.0,66,65,0.0351,0.0435,0.0055,0.0031,0.0,0.0,0.0,0.0431,0.1314
rovers-p25,0,True,302,433,433,1178,312,1138,524,0,0,0,0,0,0,,0.0,25.0,25,25,0.0262,0.0242,0.0013,0.0022,0.0,0.0,0.0,0.0146,0.0692
rovers-p26,0,True,349,610,610,1583,363,1584,881,0,0,0,0,0,0,,0.0,40.0,42,40,0.0212,0.0261,0.0028,0.0027,0.0,0.0,0.0,0.0317,0.0852
rovers-p27,0,True,359,713,713,1805,379,1849,1161,0,0,0,0,0,0,,0.0,59.0,59,59,0.0301,0.0375,0.004,0.0032,0.0,0.0,0.0,0.0432,0.1189
rovers-p28,0,True,432,775,775,2001,451,2017,1142,0,0,0,0,0,0,,0.0,52.0,53,52,0.0531,0.0687,0.0043,0.0037,0.0,0.0,0.0,0.1503,0.2809
rovers-p29,0,True,489,950,950,2405,505,2378,1392,0,0,0,0,0,0,,0.0,43.0,45,43,0.0615,0.0818,0.005,0.0042,0.0,0.0,0.0,0.1461,0.2997
rovers-p30,0,True,649,1643,1643,3960,674,3985,2689,0,0,0,0,0,0,,0.0,70.0,71,70,0.0691,0.1327,0.013,0.007,0.0,0.0,0.0,0.1682,0.3912
rovers-p31,0,True,608,1484,1484,3600,632,3643,2435,0,0,0,0,0,0,,0.0,69.0,71,69,0.068,0.1168,0.0115,0.0061,0.0,0.0,0.0,0.0851,0.289
rovers-p32,0,True,824,1948,1948,4755,859,4818,3126,0,0,0,0,0,0,,0.0,100.0,102,100,0.1222,0.24,0.0256,0.0087,0.0,0.0,0.0,0.1204,0.5189
rovers-p33,0,True,940,2195,2195,5374,984,5561,3657,0,0,0,0,0,0,,0.0,126.0,129,126,0.1386,0.3088,0.0418,0.0102,0.0,0.0,0.0,0.2544,0.7558
rovers-p34,0,True,857,2324,2324,5537,889,5545,3836,0,0,0,0,0,0,,0.0,87.0,91,87,0.1529,0.2931,0.0227,0.0106,0.0,0.0,0.0,0.3564,0.8376
rovers-p35,0,True,1157,2890,2890,7000,1220,7306,4999,0,0,0,0,0,0,,0.0,176.0,182,176,0.2258,0.579,0.0797,0.0152,0.0,0.0,0.0,0.5446,1.4467
rovers-p36,0,True,1147,3460,3460,8108,1188,8296,5957,0,0,0,0,0,0,,0.0,115.0,125,115,0.1773,0.4645,0.0481,0.0162,0.0,0.0,0.0,0.255,0.9633
rovers-p37,0,True,1584,5082,5082,11806,1642,12148,8813,0,0,0,0,0,0,,0.0,163.0,172,163,0.3565,1.0735,0.1168,0.0287,0.0,0.0,0.0,1.1562,2.7357
rovers-p38,0,True,1589,5449,5449,12542,1644,12927,9564,0,0,0,0,0,0,,0.0,146.0,150,146,0.4767,1.3316,0.0976,0.0311,0.0,0.0,0.0,0.9396,2.8804
rovers-p39,0,True,1528,5046,5046,11683,1591,11663,8810,0,0,0,0,0,0,,0.0,190.0,198,190,0.3972,1.166,0.1422,0.0277,0.0,0.0,0.0,0.6525,2.3899
rovers-p40,0,True,1873,6139,6139,14220,1942,14447,10686,0,0,0,0,0,0,,0.0,186.0,193,186,0.564,1.8098,0.1837,0.0402,0.0,0.0,0.0,1.2486,3.8504
satellite-p01-pfile1,0,True,3,7,11,33,11,32,10,0,0,0,0,0,0,,0.0,8.0,8,8,0.0048,0.0001,0.0,0.0011,0.0,0.0,0.0,0.0015,0.0079
satellite-p02-pfile2,0,True,4,18,20,56,16,62,49,0,0,0,0,0,0,,0.0,12.0,12,12,0.005,0.0002,0.0,0.0014,0.0,0.0,0.0,0.0016,0.0089
satellite-p03-pfile3,0,True,19,29,29,82,24,83,58,0,0,0,0,0,0,,0.0,10.0,11,10,0.0046,0.0003,0.0,0.0017,0.0,0.0,0.0,0.0056,0.0126
satellite-p04-pfile4,0,True,19,40,42,114,32,123,93,0,0,0,0,0,0,,0.0,17.0,17,17,0.0053,0.0005,0.0001,0.0013,0.0,0.0,0.0,0.0045,0.0121
satellite-p05-pfile5,0,True,44,87,87,225,51,255,175,0,0,0,0,0,0,,0.0,14.0,14,14,0.0057,0.0008,0.0001,0.0014,0.0,0.0,0.0,0.0065,0.015
satellite-p06-pfile6,0,True,36,54,60,165,48,162,94,0,0,0,0,0,0,,0.0,18.0,18,18,0.0059,0.0008,0.0001,0.0018,0.0,0.0,0.0,0.0049,0.0139
satellite-p07-pfile7,0,True,58,95,95,257,67,270,167,0,0,0,0,0,0,,0.0,20.0,20,20,0.0062,0.0015,0.0002,0.0013,0.0,0.0,0.0,0.0064,0.016
satellite-p08-pfile8,0,True,76,130,130,346,86,376,241,0,0,0,0,0,0,,0.0,24.0,24,24,0.0078,0.0027,0.0004,0.0014,0.0,0.0,0.0,0.0158,0.0286
satellite-p09-pfile9,0,True,89,144,144,390,102,405,239,0,0,0,0,0,0,,0.0,26.0,28,26,0.0078,0.0036,0.0006,0.0015,0.0,0.0,0.0,0.0084,0.0224
satellite-p10-pfile10,0,True,101,154,154,421,113,433,251,0,0,0,0,0,0,,0.0,29.0,29,29,0.0094,0.0046,0.0006,0.0014,0.0,0.0,0.0,0.0087,0.0253
satellite-p11-pfile11,0,True,110,152,152,428,124,400,215,0,0,0,0,0,0,,0.0,31.0,31,31,0.013,0.0067,0.0008,0.0014,0.0,0.0,0.0,0.0077,0.0302
satellite-p12-pfile12,0,True,133,207,215,588,160,586,322,0,0,0,0,0,0,,0.0,42.0,42,42,0.0162,0.0133,0.0018,0.0015,0.0,0.0,0.0,0.009,0.0425
satellite-p13-pfile13,0,True,160,247,247,681,187,678,413,0,0,0,0,0,0,,0.0,55.0,55,55,0.0221,0.0236,0.0029,0.0018,0.0,0.0,0.0,0.0115,0.0626
satellite-p14-pfile14,0,True,165,256,256,696,184,708,383,0,0,0,0,0,0,,0.0,39.0,39,39,0.0182,0.0174,0.0021,0.0017,0.0,0.0,0.0,0.0109,0.0511
satellite-p15-pfile15,0,True,225,332,332,912,248,904,446,0,0,0,0,0,0,,0.0,44.0,44,44,0.0258,0.0329,0.004,0.0019,0.0,0.0,0.0,0.013,0.0784
satellite-p16-pfile16,0,True,282,467,467,1239,305,1295,698,0,0,0,0,0,0,,0.0,45.0,45,45,0.0317,0.0457,0.0056,0.0023,0.0,0.0,0.0,0.0207,0.1071
satellite-p17-pfile17,0,True,333,471,471,1295,353,1246,554,0,0,0,0,0,0,,0.0,41.0,44,41,0.0374,0.0635,0.0076,0.0025,0.0,0.0,0.0,0.018,0.1298
satellite-p18-pfile18,0,True,144,199,199,555,157,528,274,0,0,0,0,0,0,,0.0,31.0,31,31,0.0158,0.0129,0.0011,0.0016,0.0,0.0,0.0,0.0084,0.0405
satellite-p19-pfile19,0,True,169,333,333,863,197,995,688,0,0,0,0,0,0,,0.0,58.0,60,58,0.0189,0.0173,0.0031,0.0019,0.0,0.0,0.0,0.0513,0.093
satellite-p20-pfile20,0,True,176,374,374,964,216,1176,846,0,0,0,0,0,0,,0.0,74.0,83,74,0.0179,0.0184,0.0046,0.0023,0.0,0.0,0.0,0.0245,0.0684
satellite-p21-HC-pfile1,0,True,229,512,512,1290,266,1527,1060,0,0,0,0,0,0,,0.0,72.0,73,72,0.0414,0.07,0.0069,0.0024,0.0,0.0,0.0,0.0271,0.149
satellite-p22-HC-pfile2,0,True,278,555,555,1433,323,1621,1102,0,0,0,0,0,0,,0.0,89.0,89,89,0.0651,0.1387,0.0125,0.0026,0.0,0.0,0.0,0.0247,0.245
satellite-p23-HC-pfile3,0,True,396,920,920,2287,447,2728,1868,0,0,0,0,0,0,,0.0,99.0,99,99,0.1046,0.2584,0.0247,0.0037,0.0,0.0,0.0,0.0387,0.432
satellite-p24-HC-pfile4,0,True,530,1302,1302,3204,600,3924,2712,0,0,0,0,0,0,,0.0,137.0,137,137,0.2355,0.7512,0.0632,0.0056,0.0,0.0,0.0,0.0557,1.1142
satellite-p25-HC-pfile5,0,True,606,1470,1470,3610,670,4367,2950,0,0,0,0,0,0,,0.0,125.0,126,125,0.2832,0.9844,0.0751,0.007,0.0,0.0,0.0,0.0729,1.426
satellite-p26-HC-pfile6,0,True,620,1325,1325,3338,688,3878,2510,0,0,0,0,0,0,,0.0,134.0,135,134,0.2956,1.0062,0.0764,0.0066,0.0,0.0,0.0,0.0867,1.475
satellite-p27-HC-pfile7,0,True,773,1276,1276,3390,838,3515,1923,0,0,0,0,0,0,,0.0,134.0,134,134,0.432,1.5961,0.1165,0.0064,0.0,0.0,0.0,0.042,2.1974
satellite-p28-HC-pfile8,0,True,1087,2219,2219,5619,1181,6387,3979,0,0,0,0,0,0,,0.0,191.0,191,191,1.0802,5.0146,0.3222,0.0124,0.0,0.0,0.0,0.2676,6.7057
satellite-p29-HC-pfile9,0,True,1610,2485,2485,6673,1703,6588,3165,0,0,0,0,0,0,,0.0,185.0,185,185,2.1174,11.2709,0.6365,0.0192,0.0,0.0,0.0,0.1627,14.2193
satellite-p30-HC-pfile10,0,True,1916,3126,3126,8282,2030,8496,4310,0,0,0,0,0,0,,0.0,226.0,228,226,3.5857,22.1868,1.1048,0.0272,0.0,0.0,0.0,0.1669,27.0905
satellite-p31-HC-pfile11,0,True,2367,4200,4200,10900,2500,11685,6318,0,0,0,0,0,0,,0.0,267.0,268,267,6.4077,44.9134,1.9412,0.0413,0.0,0.0,0.0,0.5901,53.9206
satellite-p32-HC-pfile12,0,True,3116,5113,5113,13524,3298,13938,7098,0,0,0,0,0,0,,0.0,364.0,364,364,14.2078,129.3728,4.3609,0.0662,0.0,0.0,0.0,0.3093,148.3621
satellite-p33-HC-pfile13,0,True,3875,6936,6936,17978,4106,19212,10569,0,0,0,0,0,0,,0.0,460.0,461,460,26.8744,288.067,8.2979,0.1062,0.0,0.0,0.0,0.4157,323.8307
satellite-p34-HC-pfile14,0,True,1033,1470,1470,4114,1174,3905,2156,0,0,0,0,0,0,,0.0,285.0,286,285,2.0589,15.0354,0.4393,0.0098,0.0,0.0,0.0,0.1115,17.6704
satellite-p35-HC-pfile15,0,True,1661,3056,3056,7960,1848,8678,5291,0,0,0,0,0,0,,0.0,374.0,374,374,4.6857,37.2261,1.396,0.0242,0.0,0.0,0.0,0.1586,43.515
satellite-p36-HC-pfile16,0,True,2083,3752,3752,9765,2261,10456,6071,0,0,0,0,0,0,,0.0,356.0,358,356,6.8815,58.2582,1.9672,0.0357,0.0,0.0,0.0,0.6384,67.8112
scanalyzer-08-strips-p01,0,False,30,402,987,1425,36,1299,1542,0,0,0,0,0,0,,0.0,18.0,18,18,0.006,0.0018,0.0003,0.0024,0.0,0.0,0.0,0.0628,0.074
scanalyzer-08-strips-p02,0,False,25,269,596,901,36,864,943,0,0,0,0,0,285,,0.0,20.0,20,20,0.0058,0.0013,0.0002,0.0021,0.0,0.0,0.0,0.3063,0.3163
scanalyzer-08-strips-p03,0,False,20,215,450,701,36,704,711,0,0,0,0,0,0,,0.0,22.0,25,22,0.0054,0.001,0.0002,0.0017,0.0,0.0,0.0,0.0688,0.0777
scanalyzer-08-strips-p04,0,False,56,1436,3548,5048,64,4352,6000,0,0,0,0,0,0,,0.0,24.0,24,24,0.0115,0.0096,0.0015,0.0056,0.0,0.0,0.0,0.2118,0.2417
scanalyzer-08-strips-p05,0,False,49,891,1947,2902,64,2616,3305,0,0,0,0,0,3678,,0.0,27.0,27,27,0.01,0.0058,0.0008,0.0033,0.0,0.0,0.0,8.1846,8.206
scanalyzer-08-strips-p06,0,False,42,738,1518,2320,64,2160,2573,0,0,0,0,0,0,,0.0,30.0,33,30,0.0084,0.0048,0.0008,0.0032,0.0,0.0,0.0,0.3254,0.3434
scanalyzer-08-strips-p07,0,False,90,3770,9345,13215,100,10995,16470,0,0,0,0,0,0,,0.0,30.0,30,30,0.0215,0.0404,0.0064,0.0133,0.0,0.0,0.0,0.5021,0.5854
scanalyzer-08-strips-p08,0,False,81,2239,4834,7173,100,6180,8531,0,0,0,0,0,49558,,0.0,34.0,34,34,0.0162,0.0222,0.0038,0.0069,0.0,0.0,0.0,481.839,481.8893
scanalyzer-08-strips-p09,0,False,72,1907,3886,5893,100,5188,6851,0,0,0,0,0,0,,0.0,38.0,41,38,0.0141,0.0179,0.0033,0.0056,0.0,0.0,0.0,0.6291,0.6711
scanalyzer-08-strips-p10,0,False,132,8202,20370,28716,144,23316,36816,0,0,0,0,0,0,,0.0,36.0,36,36,0.0397,0.1392,0.0183,0.0274,0.0,0.0,0.0,1.215,1.4434
scanalyzer-08-strips-p11,2,False,121,4733,10121,14998,144,12492,18301,0,0,0,0,0,21589,,0.0,37.0,41,41,0.0344,0.0714,0.0108,0.0154,0.0,0.0,0.0,899.8972,900.0763
scanalyzer-08-strips-p12,0,False,110,4118,8346,12608,144,10652,15081,0,0,0,0,0,0,,0.0,46.0,49,46,0.0228,0.0604,0.0108,0.0141,0.0,0.0,0.0,1.2279,1.3373
scanalyzer-08-strips-p13,0,False,182,15722,39095,55013,196,43883,71862,0,0,0,0,0,0,,0.0,42.0,42,42,0.0786,0.4189,0.0455,0.0644,0.0,0.0,0.0,2.7892,3.4043
scanalyzer-08-strips-p14,2,False,169,8889,18864,27949,196,22680,34679,0,0,0,0,0,5828,,0.0,43.0,48,48,0.0456,0.2069,0.0287,0.0285,0.0,0.0,0.0,899.765,900.0816
scanalyzer-08-strips-p15,0,False,156,7863,15882,23941,196,19608,29183,0,0,0,0,0,0,,0.0,54.0,57,54,0.0439,0.1598,0.0266,0.0264,0.0,0.0,0.0,3.2231,3.4827
scanalyzer-08-strips-p16,0,False,240,27512,68472,96240,256,75744,127392,0,0,0,0,0,0,,0.0,48.0,48,48,0.1303,1.0955,0.1055,0.122,0.0,0.0,0.0,5.5592,7.0256
scanalyzer-08-strips-p17,2,False,225,15319,32311,47886,256,38064,60113,0,0,0,0,0,101,,0.0,49.0,55,55,0.0887,0.5065,0.064,0.0573,0.0,0.0,0.0,899.3468,900.0714
scanalyzer-08-strips-p18,0,False,210,13730,27670,41656,256,33304,51461,0,0,0,0,0,0,,0.0,62.0,65,62,0.0723,0.3859,0.0625,0.0452,0.0,0.0,0.0,5.8995,6.4686
scanalyzer-08-strips-p19,0,False,306,44946,111933,157203,324,122427,210150,0,0,0,0,0,0,,0.0,54.0,54,54,0.2513,2.7203,0.2553,0.2274,0.0,0.0,0.0,10.0568,13.5306
scanalyzer-08-strips-p20,2,False,289,24731,51902,76957,324,60156,97435,0,0,0,0,0,8,,0.0,55.0,62,62,0.1345,1.178,0.1386,0.1065,0.0,0.0,0.0,898.5859,900.1519
scanalyzer-08-strips-p21,0,False,272,22403,45078,67805,324,53180,84603,0,0,0,0,0,0,,0.0,70.0,73,70,0.1252,0.8731,0.1303,0.0853,0.0,0.0,0.0,12.0273,13.2519
scanalyzer-08-strips-p22,0,False,3,132,268,416,16,371,830,0,0,0,0,0,0,,0.0,12.0,12,12,0.0257,0.001,0.0001,0.0018,0.0,0.0,0.0,0.0251,0.0543
scanalyzer-08-strips-p23,0,False,3,132,268,416,16,371,830,0,0,0,0,0,0,,0.0,12.0,12,12,0.0074,0.001,0.0001,0.0018,0.0,0.0,0.0,0.025,0.0358
scanalyzer-08-strips-p24,0,False,3,132,268,416,16,371,830,0,0,0,0,0,0,,0.0,12.0,12,12,0.0071,0.001,0.0001,0.0017,0.0,0.0,0.0,0.0252,0.0357
scanalyzer-08-strips-p25,0,False,48,13758,52156,65978,64,54138,181998,0,0,0,0,0,0,,0.0,24.0,24,24,0.1613,0.835,0.2,0.0999,0.0,0.0,0.0,3.4561,4.7649
scanalyzer-08-strips-p26,0,False,42,9578,35655,45297,64,37474,124129,0,0,0,0,0,0,,0.0,26.0,27,26,0.11,0.4811,0.1869,0.0619,0.0,0.0,0.0,21.2845,22.1404
scanalyzer-08-strips-p27,2,False,31,7336,27177,34577,64,28907,94295,0,0,0,0,0,249,,0.0,26.0,30,30,0.0904,0.3501,0.2119,0.0488,0.0,0.0,0.0,899.3541,900.0627
scanalyzer-08-strips-p28,0,False,120,203937,833055,1037136,144,842629,3082215,0,0,0,0,0,0,,0.0,36.0,36,36,1.7853,103.4042,11.7089,2.0184,0.0,0.0,0.0,72.1357,191.2302
scanalyzer-08-strips-p29,2,False,110,126782,497543,624469,144,506355,1838300,0,0,0,0,0,0,,0.0,39.0,40,40,1.1616,46.534,7.373,1.2293,0.0,0.0,0.0,844.3013,900.6788
scanalyzer-08-strips-p30,2,False,91,99320,383329,482793,144,391720,1415603,0,0,0,0,0,0,,0.0,39.0,52,52,1.2384,31.4714,11.9078,0.8945,0.0,0.0,0.0,854.8496,900.4465
scanalyzer-opt11-strips-p01,0,False,3,132,268,416,16,371,830,0,0,0,0,0,0,,0.0,12.0,12,12,0.007,0.001,0.0001,0.0019,0.0,0.0,0.0,0.0251,0.0354
scanalyzer-opt11-strips-p02,0,False,25,269,596,901,36,864,943,0,0,0,0,0,285,,0.0,20.0,20,20,0.0058,0.0013,0.0002,0.0018,0.0,0.0,0.0,0.3064,0.316
scanalyzer-opt11-strips-p03,0,False,20,215,450,701,36,704,711,0,0,0,0,0,0,,0.0,22.0,25,22,0.0056,0.001,0.0002,0.0018,0.0,0.0,0.0,0.0681,0.0773
scanalyzer-opt11-strips-p04,0,False,56,1436,3548,5048,64,4352,6000,0,0,0,0,0,0,,0.0,24.0,24,24,0.0116,0.0097,0.0016,0.0054,0.0,0.0,0.0,0.212,0.2419
scanalyzer-opt11-strips-p05,0,False,90,3770,9345,13215,100,10995,16470,0,0,0,0,0,0,,0.0,30.0,30,30,0.0358,0.0398,0.006,0.0127,0.0,0.0,0.0,0.5028,0.5987
scanalyzer-opt11-strips-p06,0,False,49,891,1947,2902,64,2616,3305,0,0,0,0,0,3678,,0.0,27.0,27,27,0.0245,0.0058,0.0009,0.0037,0.0,0.0,0.0,8.203,8.2389
scanalyzer-opt11-strips-p07,0,False,306,44946,111933,157203,324,122427,210150,0,0,0,0,0,0,,0.0,54.0,54,54,0.2321,2.7283,0.2573,0.2274,0.0,0.0,0.0,10.0223,13.4875
scanalyzer-opt11-strips-p08,0,False,132,8202,20370,28716,144,23316,36816,0,0,0,0,0,0,,0.0,36.0,36,36,0.0517,0.1399,0.0183,0.0271,0.0,0.0,0.0,1.2208,1.4616
scanalyzer-opt11-strips-p09,0,False,182,15722,39095,55013,196,43883,71862,0,0,0,0,0,0,,0.0,42.0,42,42,0.0799,0.42,0.0457,0.0648,0.0,0.0,0.0,2.795,3.413
scanalyzer-opt11-strips-p10,0,False,240,27512,68472,96240,256,75744,127392,0,0,0,0,0,0,,0.0,48.0,48,48,0.1435,1.0984,0.1061,0.1225,0.0,0.0,0.0,5.5605,7.0441
scanalyzer-opt11-strips-p11,0,False,48,13758,52156,65978,64,54138,181998,0,0,0,0,0,0,,0.0,24.0,24,24,0.1466,0.8351,0.184,0.0988,0.0,0.0,0.0,3.4482,4.7246
scanalyzer-opt11-strips-p12,0,False,42,738,1518,2320,64,2160,2573,0,0,0,0,0,0,,0.0,30.0,33,30,0.0082,0.0049,0.0008,0.0032,0.0,0.0,0.0,0.3265,0.3443
scanalyzer-opt11-strips-p13,2,False,31,7336,27177,34577,64,28907,94295,0,0,0,0,0,251,,0.0,26.0,30,30,0.0894,0.3513,0.2108,0.0487,0.0,0.0,0.0,899.3558,900.0644
scanalyzer-opt11-strips-p14,0,False,42,9578,35655,45297,64,37474,124129,0,0,0,0,0,0,,0.0,26.0,27,26,0.1089,0.4808,0.1795,0.0642,0.0,0.0,0.0,21.2625,22.1115
scanalyzer-opt11-strips-p15,0,False,81,2239,4834,7173,100,6180,8531,0,0,0,0,0,49558,,0.0,34.0,34,34,0.0166,0.0219,0.0035,0.007,0.0,0.0,0.0,482.1184,482.1686
scanalyzer-opt11-strips-p16,2,False,121,4733,10121,14998,144,12492,18301,0,0,0,0,0,21630,,0.0,37.0,41,41,0.0252,0.0713,0.0108,0.0141,0.0,0.0,0.0,899.9319,900.0912
scanalyzer-opt11-strips-p17,2,False,169,8889,18864,27949,196,22680,34679,0,0,0,0,0,5827,,0.0,43.0,48,48,0.0491,0.207,0.0287,0.0282,0.0,0.0,0.0,899.7447,900.0653
scanalyzer-opt11-strips-p18,2,False,225,15319,32311,47886,256,38064,60113,0,0,0,0,0,101,,0.0,49.0,55,55,0.0806,0.5071,0.0633,0.0573,0.0,0.0,0.0,899.3678,900.0841
scanalyzer-opt11-strips-p19,2,False,289,24731,51902,76957,324,60156,97435,0,0,0,0,0,8,,0.0,55.0,62,62,0.1363,1.1632,0.1388,0.1065,0.0,0.0,0.0,898.6016,900.1551
scanalyzer-opt11-strips-p20,0,False,120,203937,833055,1037136,144,842629,3082215,0,0,0,0,0,0,,0.0,36.0,36,36,1.804,102.1301,11.964,2.0595,0.0,0.0,0.0,72.3884,190.5237
scanalyzer-sat11-strips-p01,0,False,48,13758,52156,65978,64,54138,181998,0,0,0,0,0,0,,0.0,24.0,24,24,0.9672,0.8345,0.1859,0.0999,0.0,0.0,0.0,3.4459,5.5453
scanalyzer-sat11-strips-p02,0,False,132,8202,20370,28716,144,23316,36816,0,0,0,0,0,0,,0.0,36.0,36,36,0.0621,0.1409,0.0191,0.0284,0.0,0.0,0.0,1.2251,1.4794
scanalyzer-sat11-strips-p03,0,False,42,738,1518,2320,64,2160,2573,0,0,0,0,0,0,,0.0,30.0,33,30,0.0084,0.0048,0.0008,0.0034,0.0,0.0,0.0,0.3262,0.3444
scanalyzer-sat11-strips-p04,0,False,72,1907,3886,5893,100,5188,6851,0,0,0,0,0,0,,0.0,38.0,41,38,0.0148,0.0182,0.0033,0.0054,0.0,0.0,0.0,0.6267,0.6694
scanalyzer-sat11-strips-p05,0,False,182,15722,39095,55013,196,43883,71862,0,0,0,0,0,0,,0.0,42.0,42,42,0.0803,0.4163,0.0456,0.063,0.0,0.0,0.0,2.7678,3.3808
scanalyzer-sat11-strips-p06,0,False,42,9578,35655,45297,64,37474,124129,0,0,0,0,0,0,,0.0,26.0,27,26,0.1093,0.4799,0.1863,0.0619,0.0,0.0,0.0,21.3892,22.2427
scanalyzer-sat11-strips-p07,0,False,240,27512,68472,96240,256,75744,127392,0,0,0,0,0,0,,0.0,48.0,48,48,0.1444,1.0941,0.1055,0.1225,0.0,0.0,0.0,5.5672,7.047
scanalyzer-sat11-strips-p08,2,False,31,7336,27177,34577,64,28907,94295,0,0,0,0,0,251,,0.0,26.0,30,30,0.0934,0.3501,0.212,0.0488,0.0,0.0,0.0,899.3552,900.0669
scanalyzer-sat11-strips-p09,0,False,110,4118,8346,12608,144,10652,15081,0,0,0,0,0,0,,0.0,46.0,49,46,0.0233,0.0604,0.0111,0.0182,0.0,0.0,0.0,1.2093,1.3236
scanalyzer-sat11-strips-p10,2,False,169,8889,18864,27949,196,22680,34679,0,0,0,0,0,5832,,0.0,43.0,48,48,0.0466,0.2068,0.0287,0.0286,0.0,0.0,0.0,899.7617,900.0802
scanalyzer-sat11-strips-p11,0,False,156,7863,15882,23941,196,19608,29183,0,0,0,0,0,0,,0.0,54.0,57,54,0.0413,0.1587,0.0265,0.0267,0.0,0.0,0.0,3.2202,3.4763
scanalyzer-sat11-strips-p12,2,False,121,4733,10121,14998,144,12492,18301,0,0,0,0,0,21636,,0.0,37.0,41,41,0.0265,0.0713,0.0109,0.014,0.0,0.0,0.0,899.946,900.1031
scanalyzer-sat11-strips-p13,0,False,81,2239,4834,7173,100,6180,8531,0,0,0,0,0,49558,,0.0,34.0,34,34,0.0332,0.0222,0.0038,0.0075,0.0,0.0,0.0,483.0302,483.0982
scanalyzer-sat11-strips-p14,2,False,225,15319,32311,47886,256,38064,60113,0,0,0,0,0,101,,0.0,49.0,55,55,0.102,0.5043,0.0632,0.0575,0.0,0.0,0.0,899.3494,900.0856
scanalyzer-sat11-strips-p15,0,False,210,13730,27670,41656,256,33304,51461,0,0,0,0,0,0,,0.0,62.0,65,62,0.0905,0.3812,0.0602,0.0454,0.0,0.0,0.0,5.8755,6.4562
scanalyzer-sat11-strips-p16,2,False,289,24731,51902,76957,324,60156,97435,0,0,0,0,0,8,,0.0,55.0,62,62,0.1573,1.1605,0.1376,0.1065,0.0,0.0,0.0,898.5857,900.1565
scanalyzer-sat11-strips-p17,0,False,272,22403,45078,67805,324,53180,84603,0,0,0,0,0,0,,0.0,70.0,73,70,0.143,0.8685,0.1298,0.0855,0.0,0.0,0.0,12.0414,13.279
scanalyzer-sat11-strips-p18,0,False,120,203937,833055,1037136,144,842629,3082215,0,0,0,0,0,0,,0.0,36.0,36,36,1.9977,102.6973,11.7543,2.024,0.0,0.0,0.0,72.2406,190.8918
scanalyzer-sat11-strips-p19,2,False,110,126782,497543,624469,144,506355,1838300,0,0,0,0,0,0,,0.0,39.0,40,40,1.5512,45.8108,7.4869,1.246,0.0,0.0,0.0,844.4845,900.6584
scanalyzer-sat11-strips-p20,2,False,91,99320,383329,482793,144,391720,1415603,0,0,0,0,0,0,,0.0,39.0,52,52,1.2367,31.364,11.6529,0.9063,0.0,0.0,0.0,854.9267,900.1711
schedule-probschedule-10-0,0,True,0,8,32,61,19,51,0,0,0,0,0,0,0,,0.0,10.0,10,10,0.0059,0.0003,0.0,0.0012,0.0,0.0,0.0,0.0013,0.0091
schedule-probschedule-10-1,0,True,4,11,41,74,21,62,2,0,0,0,0,0,0,,0.0,8.0,8,8,0.0064,0.0003,0.0,0.0015,0.0,0.0,0.0,0.0015,0.0105
schedule-probschedule-10-2,0,True,0,7,33,62,19,52,0,0,0,0,0,0,0,,0.0,10.0,10,10,0.0246,0.0003,0.0,0.0019,0.0,0.0,0.0,0.0014,0.0287
schedule-probschedule-11-0,0,True,0,6,38,71,22,60,0,0,0,0,0,0,0,,0.0,11.0,11,11,0.0074,0.0004,0.0,0.0014,0.0,0.0,0.0,0.0014,0.0111
schedule-probschedule-11-1,0,True,2,9,43,80,24,67,0,0,0,0,0,0,0,,0.0,11.0,11,11,0.0251,0.0004,0.0,0.0013,0.0,0.0,0.0,0.0015,0.0288
schedule-probschedule-11-2,0,True,0,9,35,69,23,58,0,0,0,0,0,0,0,,0.0,11.0,11,11,0.0066,0.0004,0.0,0.0021,0.0,0.0,0.0,0.0014,0.011
schedule-probschedule-12-0,0,True,1,10,42,79,24,66,0,0,0,0,0,0,0,,0.0,12.0,12,12,0.0259,0.0004,0.0,0.0013,0.0,0.0,0.0,0.0014,0.0295
schedule-probschedule-12-1,0,True,4,13,51,94,27,78,0,0,0,0,0,0,0,,0.0,12.0,12,12,0.008,0.0005,0.0,0.0012,0.0,0.0,0.0,0.0015,0.0118
schedule-probschedule-12-2,0,True,3,13,47,89,27,74,0,0,0,0,0,0,0,,0.0,12.0,12,12,0.0069,0.0005,0.0,0.0014,0.0,0.0,0.0,0.0016,0.0109
schedule-probschedule-13-0,0,True,3,13,51,97,30,81,0,0,0,0,0,0,0,,0.0,13.0,13,13,0.0064,0.0005,0.0,0.0014,0.0,0.0,0.0,0.0016,0.0104
schedule-probschedule-13-1,0,True,3,11,53,98,29,82,0,0,0,0,0,0,0,,0.0,13.0,13,13,0.0251,0.0005,0.0,0.0014,0.0,0.0,0.0,0.0016,0.0291
schedule-probschedule-13-2,0,True,3,14,50,95,29,79,0,0,0,0,0,0,0,,0.0,13.0,13,13,0.0073,0.0005,0.0,0.0011,0.0,0.0,0.0,0.0016,0.0108
schedule-probschedule-14-0,0,True,1,14,46,87,26,72,0,0,0,0,0,0,0,,0.0,14.0,14,14,0.0077,0.0005,0.0,0.0012,0.0,0.0,0.0,0.0015,0.0115
schedule-probschedule-14-1,0,True,2,13,51,96,29,80,0,0,0,0,0,0,0,,0.0,14.0,14,14,2.4332,0.0005,0.0,0.0018,0.0,0.0,0.0,0.0015,2.4376
schedule-probschedule-14-2,0,True,1,12,48,92,29,77,0,0,0,0,0,0,0,,0.0,14.0,14,14,0.0076,0.0006,0.0,0.0014,0.0,0.0,0.0,0.0014,0.0117
schedule-probschedule-15-0,0,True,1,12,52,99,31,83,0,0,0,0,0,0,0,,0.0,15.0,15,15,0.0085,0.0006,0.0,0.0013,0.0,0.0,0.0,0.0014,0.0123
schedule-probschedule-15-1,0,True,2,13,53,99,30,83,2,0,0,0,0,0,0,,0.0,14.0,14,14,0.0073,0.0006,0.0,0.0012,0.0,0.0,0.0,0.0015,0.0111
schedule-probschedule-15-2,0,True,2,12,54,101,31,85,1,0,0,0,0,0,0,,0.0,14.0,14,14,0.0087,0.0006,0.0,0.0012,0.0,0.0,0.0,0.0016,0.0125
schedule-probschedule-16-0,0,True,2,13,59,109,32,91,0,0,0,0,0,0,0,,0.0,16.0,16,16,0.007,0.0006,0.0,0.0014,0.0,0.0,0.0,0.0016,0.0112
schedule-probschedule-16-1,0,True,2,12,58,107,32,90,2,0,0,0,0,0,0,,0.0,15.0,15,15,0.0071,0.0006,0.0,0.0017,0.0,0.0,0.0,0.0016,0.0115
schedule-probschedule-16-2,0,True,4,16,62,115,34,96,2,0,0,0,0,0,0,,0.0,15.0,15,15,0.0074,0.0007,0.0,0.0011,0.0,0.0,0.0,0.0016,0.0114
schedule-probschedule-17-0,0,True,5,17,67,124,37,104,3,0,0,0,0,0,0,,0.0,15.0,15,15,0.0088,0.0008,0.0,0.0012,0.0,0.0,0.0,0.0016,0.013
schedule-probschedule-17-1,0,True,2,15,61,116,36,97,0,0,0,0,0,0,0,,0.0,17.0,17,17,0.0078,0.0007,0.0,0.0011,0.0,0.0,0.0,0.0015,0.0116
schedule-probschedule-17-2,0,True,0,11,57,106,32,89,0,0,0,0,0,0,0,,0.0,17.0,17,17,0.0075,0.0007,0.0,0.0011,0.0,0.0,0.0,0.0014,0.0111
schedule-probschedule-18-0,0,True,3,15,67,124,37,104,1,0,0,0,0,0,0,,0.0,17.0,17,17,0.0082,0.0008,0.0,0.0013,0.0,0.0,0.0,0.0016,0.0123
schedule-probschedule-18-1,0,True,0,13,59,110,33,92,0,0,0,0,0,0,0,,0.0,18.0,18,18,0.0072,0.0007,0.0,0.0014,0.0,0.0,0.0,0.0015,0.0113
schedule-probschedule-18-2,0,True,4,16,70,129,38,108,1,0,0,0,0,0,0,,0.0,17.0,17,17,0.0083,0.0008,0.0,0.0014,0.0,0.0,0.0,0.0016,0.0125
schedule-probschedule-19-0,0,True,1,16,64,121,37,101,0,0,0,0,0,0,0,,0.0,19.0,19,19,0.0085,0.0008,0.0,0.0011,0.0,0.0,0.0,0.0015,0.0125
schedule-probschedule-19-1,0,True,3,17,69,128,38,107,2,0,0,0,0,0,0,,0.0,18.0,18,18,0.0084,0.0008,0.0,0.0011,0.0,0.0,0.0,0.0016,0.0124
schedule-probschedule-19-2,0,True,2,15,67,125,38,105,1,0,0,0,0,0,0,,0.0,18.0,18,18,0.0081,0.0009,0.0,0.0015,0.0,0.0,0.0,0.0016,0.0125
schedule-probschedule-2-0,0,True,0,2,6,13,5,11,0,0,0,0,0,0,0,,0.0,2.0,2,2,0.0048,0.0001,0.0,0.001,0.0,0.0,0.0,0.0013,0.0077
schedule-probschedule-2-1,0,True,0,2,6,13,5,11,0,0,0,0,0,0,0,,0.0,2.0,2,2,0.0053,0.0001,0.0,0.0018,0.0,0.0,0.0,0.0014,0.009
schedule-probschedule-2-2,0,True,1,3,9,18,6,15,0,0,0,0,0,0,0,,0.0,2.0,2,2,0.0063,0.0001,0.0,0.0015,0.0,0.0,0.0,0.0013,0.0095
schedule-probschedule-20-0,0,True,2,19,69,129,38,107,0,0,0,0,0,0,0,,0.0,20.0,20,20,0.0085,0.0009,0.0,0.0011,0.0,0.0,0.0,0.0015,0.0125
schedule-probschedule-20-1,0,True,0,12,68,125,37,105,0,0,0,0,0,0,0,,0.0,20.0,20,20,0.0083,0.0008,0.0,0.0014,0.0,0.0,0.0,0.0014,0.0124
schedule-probschedule-20-2,0,True,2,16,72,132,38,110,0,0,0,0,0,0,0,,0.0,20.0,20,20,0.0255,0.0009,0.0,0.0015,0.0,0.0,0.0,0.0017,0.0301
schedule-probschedule-21-0,0,True,3,20,72,136,42,114,4,0,0,0,0,0,0,,0.0,19.0,19,19,0.0083,0.0009,0.0001,0.0013,0.0,0.0,0.0,0.0016,0.0126
schedule-probschedule-21-1,0,True,2,14,76,141,43,119,1,0,0,0,0,0,0,,0.0,20.0,20,20,0.0085,0.0009,0.0,0.0012,0.0,0.0,0.0,0.0016,0.0127
schedule-probschedule-21-2,0,True,3,18,76,140,41,117,2,0,0,0,0,0,0,,0.0,20.0,20,20,0.0089,0.001,0.0,0.0013,0.0,0.0,0.0,0.0016,0.0133
schedule-probschedule-22-0,0,True,3,22,76,142,42,118,1,0,0,0,0,0,0,,0.0,21.0,21,21,0.0108,0.001,0.0001,0.0013,0.0,0.0,0.0,0.0016,0.0152
schedule-probschedule-22-1,0,True,0,17,71,136,43,114,0,0,0,0,0,0,0,,0.0,22.0,22,22,0.0082,0.001,0.0,0.0016,0.0,0.0,0.0,0.0014,0.0127
schedule-probschedule-22-2,0,True,2,15,79,145,43,122,1,0,0,0,0,0,0,,0.0,21.0,21,21,0.0088,0.001,0.0,0.0013,0.0,0.0,0.0,0.0017,0.0132
schedule-probschedule-23-0,0,True,2,20,80,151,46,126,0,0,0,0,0,0,0,,0.0,23.0,23,23,0.0086,0.0011,0.0001,0.0014,0.0,0.0,0.0,0.0016,0.0131
schedule-probschedule-23-1,0,True,0,15,77,140,40,117,0,0,0,0,0,0,0,,0.0,23.0,23,23,0.0093,0.001,0.0,0.0014,0.0,0.0,0.0,0.0015,0.0139
schedule-probschedule-23-2,0,True,2,18,82,151,44,126,0,0,0,0,0,0,0,,0.0,23.0,23,23,0.0095,0.0011,0.0001,0.0018,0.0,0.0,0.0,0.0016,0.0145
schedule-probschedule-24-0,0,True,2,21,83,154,45,128,0,0,0,0,0,0,0,,0.0,24.0,24,24,0.0104,0.0011,0.0001,0.0021,0.0,0.0,0.0,0.0016,0.0157
schedule-probschedule-24-1,0,True,2,16,88,160,46,134,0,0,0,0,0,0,0,,0.0,24.0,24,24,0.0091,0.0012,0.0001,0.0013,0.0,0.0,0.0,0.0016,0.0137
schedule-probschedule-24-2,0,True,3,18,88,160,46,134,1,0,0,0,0,0,0,,0.0,23.0,23,23,0.0102,0.0012,0.0001,0.0013,0.0,0.0,0.0,0.0016,0.0148
schedule-probschedule-25-0,0,True,5,23,95,177,53,148,2,0,0,0,0,0,0,,0.0,24.0,24,24,0.0133,0.0013,0.0001,0.0026,0.0,0.0,0.0,0.0016,0.0193
schedule-probschedule-25-1,0,True,2,22,86,161,48,134,0,0,0,0,0,0,0,,0.0,25.0,25,25,0.0124,0.0012,0.0001,0.0014,0.0,0.0,0.0,0.0016,0.0172
schedule-probschedule-25-2,0,True,5,23,93,172,51,144,2,0,0,0,0,0,0,,0.0,23.0,23,23,0.0099,0.0013,0.0001,0.0017,0.0,0.0,0.0,0.0016,0.015
schedule-probschedule-26-0,0,True,5,25,97,179,52,149,2,0,0,0,0,0,0,,0.0,25.0,25,25,0.0109,0.0014,0.0001,0.0015,0.0,0.0,0.0,0.0016,0.0159
schedule-probschedule-26-1,0,True,3,23,93,173,51,144,0,0,0,0,0,0,0,,0.0,26.0,26,26,0.0097,0.0013,0.0001,0.0012,0.0,0.0,0.0,0.0017,0.0144
schedule-probschedule-26-2,0,True,4,24,96,178,52,148,0,0,0,0,0,0,0,,0.0,26.0,26,26,0.0101,0.0013,0.0001,0.0021,0.0,0.0,0.0,0.0016,0.0157
schedule-probschedule-27-0,0,True,2,19,97,181,55,152,0,0,0,0,0,0,0,,0.0,27.0,27,27,0.0087,0.0015,0.0001,0.0012,0.0,0.0,0.0,0.0017,0.0136
schedule-probschedule-27-1,0,True,2,21,95,175,51,146,0,0,0,0,0,0,0,,0.0,27.0,27,27,0.0094,0.0014,0.0001,0.0012,0.0,0.0,0.0,0.0017,0.0141
schedule-probschedule-27-2,0,True,2,18,96,174,50,146,1,0,0,0,0,0,0,,0.0,26.0,26,26,0.0098,0.0014,0.0001,0.002,0.0,0.0,0.0,0.0016,0.0153
schedule-probschedule-28-0,0,True,3,21,99,183,55,154,4,0,0,0,0,0,0,,0.0,26.0,26,26,0.0109,0.0014,0.0001,0.0011,0.0,0.0,0.0,0.0016,0.0156
schedule-probschedule-28-1,0,True,6,24,110,200,57,167,1,0,0,0,0,0,0,,0.0,27.0,27,27,0.011,0.0015,0.0001,0.0013,0.0,0.0,0.0,0.0017,0.0161
schedule-probschedule-28-2,0,True,3,26,98,184,55,153,0,0,0,0,0,0,0,,0.0,28.0,28,28,0.0101,0.0015,0.0001,0.0014,0.0,0.0,0.0,0.0016,0.0151
schedule-probschedule-29-0,0,True,7,28,114,206,57,171,2,0,0,0,0,0,0,,0.0,28.0,28,28,0.0108,0.0016,0.0001,0.0017,0.0,0.0,0.0,0.0017,0.0164
schedule-probschedule-29-1,0,True,2,22,102,186,53,155,0,0,0,0,0,0,0,,0.0,29.0,29,29,0.0106,0.0016,0.0001,0.0013,0.0,0.0,0.0,0.0017,0.0157
schedule-probschedule-29-2,0,True,6,27,109,201,59,168,3,0,0,0,0,0,0,,0.0,27.0,27,27,0.0105,0.0016,0.0001,0.0012,0.0,0.0,0.0,0.0017,0.0155
schedule-probschedule-3-0,0,True,1,3,13,25,8,21,0,0,0,0,0,0,0,,0.0,3.0,3,3,0.0062,0.0001,0.0,0.0012,0.0,0.0,0.0,0.0014,0.0093
schedule-probschedule-3-1,0,True,1,3,11,21,7,18,1,0,0,0,0,0,0,,0.0,2.0,2,2,0.0055,0.0001,0.0,0.0015,0.0,0.0,0.0,0.0014,0.0089
schedule-probschedule-3-2,0,True,0,2,10,20,7,17,0,0,0,0,0,0,0,,0.0,3.0,3,3,0.0065,0.0001,0.0,0.0014,0.0,0.0,0.0,0.0013,0.0097
schedule-probschedule-30-0,0,True,2,21,107,194,55,162,0,0,0,0,0,0,0,,0.0,30.0,30,30,0.0115,0.0016,0.0001,0.0016,0.0,0.0,0.0,0.0016,0.0169
schedule-probschedule-30-1,0,True,3,26,106,195,56,162,0,0,0,0,0,0,0,,0.0,30.0,30,30,0.0112,0.0016,0.0001,0.0014,0.0,0.0,0.0,0.0017,0.0166
schedule-probschedule-30-2,0,True,6,28,112,205,59,171,4,0,0,0,0,0,0,,0.0,28.0,28,28,0.0103,0.0018,0.0001,0.0015,0.0,0.0,0.0,0.0017,0.016
schedule-probschedule-31-0,0,True,6,29,117,214,61,178,1,0,0,0,0,0,0,,0.0,30.0,30,30,0.0116,0.0018,0.0001,0.0015,0.0,0.0,0.0,0.0017,0.0172
schedule-probschedule-31-1,0,True,3,24,112,204,58,170,0,0,0,0,0,0,0,,0.0,31.0,31,31,0.0112,0.0018,0.0001,0.0015,0.0,0.0,0.0,0.0016,0.0168
schedule-probschedule-31-2,0,True,1,20,108,197,57,165,0,0,0,0,0,0,0,,0.0,31.0,31,31,0.0129,0.0018,0.0001,0.0016,0.0,0.0,0.0,0.0017,0.0186
schedule-probschedule-32-0,0,True,6,29,117,214,62,179,4,0,0,0,0,0,0,,0.0,29.0,29,29,0.0114,0.002,0.0001,0.0014,0.0,0.0,0.0,0.0017,0.017
schedule-probschedule-32-1,0,True,5,28,118,216,62,180,2,0,0,0,0,0,0,,0.0,31.0,31,31,0.0107,0.002,0.0001,0.0013,0.0,0.0,0.0,0.0017,0.0162
schedule-probschedule-32-2,0,True,5,28,118,218,64,182,1,0,0,0,0,0,0,,0.0,31.0,31,31,0.0119,0.002,0.0001,0.0013,0.0,0.0,0.0,0.0017,0.0175
schedule-probschedule-33-0,0,True,3,25,115,212,63,178,3,0,0,0,0,0,0,,0.0,31.0,31,31,0.0132,0.0019,0.0001,0.0019,0.0,0.0,0.0,0.0017,0.0192
schedule-probschedule-33-1,0,True,4,29,117,218,65,182,2,0,0,0,0,0,0,,0.0,32.0,32,32,0.0135,0.0021,0.0001,0.0019,0.0,0.0,0.0,0.0017,0.0197
schedule-probschedule-33-2,0,True,3,28,114,212,63,177,2,0,0,0,0,0,0,,0.0,32.0,32,32,0.0134,0.002,0.0001,0.0015,0.0,0.0,0.0,0.0017,0.0192
schedule-probschedule-34-0,0,True,4,28,120,224,68,188,2,0,0,0,0,0,0,,0.0,32.0,32,32,0.0132,0.002,0.0001,0.0013,0.0,0.0,0.0,0.0017,0.0188
schedule-probschedule-34-1,0,True,3,30,118,218,63,181,0,0,0,0,0,0,0,,0.0,34.0,34,34,0.012,0.0021,0.0001,0.0014,0.0,0.0,0.0,0.0017,0.0178
schedule-probschedule-34-2,0,True,6,32,126,230,65,191,1,0,0,0,0,0,0,,0.0,33.0,33,33,0.011,0.0022,0.0001,0.0012,0.0,0.0,0.0,0.0017,0.0169
schedule-probschedule-35-0,0,True,3,32,120,224,66,186,0,0,0,0,0,0,0,,0.0,35.0,35,35,0.013,0.0021,0.0001,0.0011,0.0,0.0,0.0,0.0017,0.0185
schedule-probschedule-35-1,0,True,4,28,126,230,66,192,1,0,0,0,0,0,0,,0.0,34.0,34,34,0.0132,0.0021,0.0001,0.0014,0.0,0.0,0.0,0.0017,0.0189
schedule-probschedule-35-2,0,True,2,24,122,222,64,186,1,0,0,0,0,0,0,,0.0,34.0,34,34,0.0115,0.0022,0.0001,0.0014,0.0,0.0,0.0,0.0017,0.0173
schedule-probschedule-36-0,0,True,6,30,134,243,69,203,2,0,0,0,0,0,0,,0.0,34.0,34,34,0.0145,0.0022,0.0001,0.0013,0.0,0.0,0.0,0.0018,0.0204
schedule-probschedule-36-1,0,True,4,29,129,236,68,197,1,0,0,0,0,0,0,,0.0,35.0,35,35,0.0124,0.0022,0.0001,0.0013,0.0,0.0,0.0,0.0017,0.0182
schedule-probschedule-36-2,0,True,7,31,139,252,71,210,1,0,0,0,0,0,0,,0.0,35.0,35,35,0.0141,0.0024,0.0002,0.0016,0.0,0.0,0.0,0.0017,0.0204
schedule-probschedule-37-0,0,True,3,30,130,237,67,197,0,0,0,0,0,0,0,,0.0,37.0,37,37,0.0117,0.0022,0.0001,0.0018,0.0,0.0,0.0,0.0017,0.0181
schedule-probschedule-37-1,0,True,5,33,131,242,71,202,2,0,0,0,0,0,0,,0.0,35.0,35,35,0.0134,0.0023,0.0002,0.0012,0.0,0.0,0.0,0.0017,0.0194
schedule-probschedule-37-2,0,True,4,30,132,240,68,200,2,0,0,0,0,0,0,,0.0,36.0,36,36,0.0143,0.0024,0.0001,0.0013,0.0,0.0,0.0,0.0017,0.0203
schedule-probschedule-38-0,0,True,5,35,137,251,71,208,0,0,0,0,0,0,0,,0.0,38.0,38,38,0.0123,0.0024,0.0002,0.0012,0.0,0.0,0.0,0.0018,0.0184
schedule-probschedule-38-1,0,True,4,29,135,249,74,209,4,0,0,0,0,0,0,,0.0,36.0,36,36,0.0139,0.0024,0.0001,0.0012,0.0,0.0,0.0,0.0017,0.0199
schedule-probschedule-38-2,0,True,7,34,142,255,70,212,3,0,0,0,0,0,0,,0.0,36.0,36,36,0.0148,0.0024,0.0002,0.0011,0.0,0.0,0.0,0.0018,0.0207
schedule-probschedule-39-0,0,True,6,38,140,257,73,213,2,0,0,0,0,0,0,,0.0,38.0,38,38,0.0134,0.0027,0.0002,0.0015,0.0,0.0,0.0,0.0017,0.0201
schedule-probschedule-39-1,0,True,3,27,139,250,70,209,1,0,0,0,0,0,0,,0.0,38.0,38,38,0.0149,0.0024,0.0001,0.0023,0.0,0.0,0.0,0.0017,0.022
schedule-probschedule-39-2,0,True,5,37,133,245,71,204,5,0,0,0,0,0,0,,0.0,36.0,36,36,0.0138,0.0027,0.0002,0.0013,0.0,0.0,0.0,0.0017,0.02
schedule-probschedule-4-0,0,True,1,5,15,29,9,24,0,0,0,0,0,0,0,,0.0,4.0,4,4,0.0052,0.0001,0.0,0.0011,0.0,0.0,0.0,0.0014,0.0083
schedule-probschedule-4-1,0,True,1,4,16,30,9,25,0,0,0,0,0,0,0,,0.0,4.0,4,4,0.0065,0.0002,0.0,0.0014,0.0,0.0,0.0,0.0014,0.01
schedule-probschedule-4-2,0,True,0,3,13,26,9,22,0,0,0,0,0,0,0,,0.0,4.0,4,4,0.007,0.0001,0.0,0.0011,0.0,0.0,0.0,0.0013,0.01
schedule-probschedule-40-0,0,True,5,29,149,269,76,225,1,0,0,0,0,0,0,,0.0,39.0,39,39,0.0129,0.0026,0.0001,0.0011,0.0,0.0,0.0,0.0018,0.019
schedule-probschedule-40-1,0,True,4,30,142,258,74,216,2,0,0,0,0,0,0,,0.0,38.0,38,38,0.0199,0.0027,0.0002,0.0015,0.0,0.0,0.0,0.0017,0.0265
schedule-probschedule-40-2,0,True,2,31,137,252,73,210,0,0,0,0,0,0,0,,0.0,40.0,40,40,0.0148,0.0027,0.0002,0.0012,0.0,0.0,0.0,0.0017,0.0211
schedule-probschedule-41-0,0,True,5,37,145,272,82,227,2,0,0,0,0,0,0,,0.0,40.0,40,40,0.0146,0.0028,0.0002,0.0011,0.0,0.0,0.0,0.0017,0.0209
schedule-probschedule-41-1,0,True,3,28,148,266,74,222,0,0,0,0,0,0,0,,0.0,41.0,41,41,0.016,0.0027,0.0002,0.0012,0.0,0.0,0.0,0.0017,0.0221
schedule-probschedule-41-2,0,True,6,35,153,284,84,237,0,0,0,0,0,0,0,,0.0,41.0,41,41,0.0152,0.0028,0.0002,0.0012,0.0,0.0,0.0,0.0018,0.0216
schedule-probschedule-42-0,0,True,5,29,155,282,82,237,4,0,0,0,0,0,0,,0.0,40.0,40,40,0.0156,0.003,0.0002,0.0011,0.0,0.0,0.0,0.0017,0.0221
schedule-probschedule-42-1,0,True,3,38,142,267,80,222,0,0,0,0,0,0,0,,0.0,42.0,42,42,0.0142,0.0031,0.0002,0.0013,0.0,0.0,0.0,0.0017,0.021
schedule-probschedule-42-2,0,True,8,38,158,290,84,242,4,0,0,0,0,0,0,,0.0,40.0,40,40,0.0157,0.0031,0.0002,0.0018,0.0,0.0,0.0,0.0018,0.0231
schedule-probschedule-43-0,0,True,4,35,151,277,80,231,2,0,0,0,0,0,0,,0.0,42.0,42,42,0.0136,0.0031,0.0002,0.0018,0.0,0.0,0.0,0.0017,0.0209
schedule-probschedule-43-1,0,True,6,39,155,284,81,236,2,0,0,0,0,0,0,,0.0,42.0,42,42,0.0157,0.0032,0.0002,0.0012,0.0,0.0,0.0,0.0017,0.0226
schedule-probschedule-43-2,0,True,2,29,149,269,76,225,1,0,0,0,0,0,0,,0.0,42.0,42,42,0.0151,0.0028,0.0002,0.0013,0.0,0.0,0.0,0.0017,0.0216
schedule-probschedule-44-0,0,True,5,35,155,284,83,238,5,0,0,0,0,0,0,,0.0,41.0,41,41,0.0148,0.0031,0.0002,0.0013,0.0,0.0,0.0,0.0018,0.0216
schedule-probschedule-44-1,0,True,4,38,152,283,84,236,2,0,0,0,0,0,0,,0.0,43.0,43,43,0.0148,0.0033,0.0002,0.0013,0.0,0.0,0.0,0.0018,0.0217
schedule-probschedule-44-2,0,True,8,41,161,293,83,244,3,0,0,0,0,0,0,,0.0,41.0,41,41,0.0153,0.0033,0.0002,0.0013,0.0,0.0,0.0,0.0018,0.0223
schedule-probschedule-45-0,0,True,6,38,166,304,87,253,0,0,0,0,0,0,0,,0.0,45.0,45,45,0.0151,0.0034,0.0002,0.0012,0.0,0.0,0.0,0.0017,0.0222
schedule-probschedule-45-1,0,True,6,39,161,295,85,246,3,0,0,0,0,0,0,,0.0,43.0,43,43,0.0164,0.0034,0.0002,0.0013,0.0,0.0,0.0,0.0018,0.0236
schedule-probschedule-45-2,0,True,7,38,164,296,83,247,6,0,0,0,0,0,0,,0.0,42.0,42,42,0.0162,0.0034,0.0002,0.0015,0.0,0.0,0.0,0.0018,0.0236
schedule-probschedule-46-0,0,True,5,39,163,301,88,251,1,0,0,0,0,0,0,,0.0,45.0,45,45,0.016,0.0036,0.0002,0.0015,0.0,0.0,0.0,0.0017,0.0234
schedule-probschedule-46-1,0,True,6,40,166,302,85,251,2,0,0,0,0,0,0,,0.0,45.0,45,45,0.0154,0.0035,0.0002,0.0014,0.0,0.0,0.0,0.0018,0.0227
schedule-probschedule-46-2,0,True,6,37,165,299,85,250,4,0,0,0,0,0,0,,0.0,43.0,43,43,0.015,0.0035,0.0002,0.0014,0.0,0.0,0.0,0.0017,0.0222
schedule-probschedule-47-0,0,True,3,35,163,302,90,253,1,0,0,0,0,0,0,,0.0,46.0,46,46,0.0151,0.0036,0.0002,0.0014,0.0,0.0,0.0,0.0018,0.0224
schedule-probschedule-47-1,0,True,5,43,161,301,90,251,3,0,0,0,0,0,0,,0.0,45.0,45,45,0.016,0.0037,0.0003,0.0013,0.0,0.0,0.0,0.0018,0.0236
schedule-probschedule-47-2,0,True,8,43,171,312,89,260,4,0,0,0,0,0,0,,0.0,44.0,44,44,0.016,0.0038,0.0003,0.0012,0.0,0.0,0.0,0.0018,0.0235
schedule-probschedule-48-0,0,True,5,38,172,314,90,262,2,0,0,0,0,0,0,,0.0,47.0,47,47,0.0342,0.0038,0.0003,0.0016,0.0,0.0,0.0,0.002,0.0424
schedule-probschedule-48-1,0,True,10,44,178,325,94,272,8,0,0,0,0,0,0,,0.0,43.0,43,43,0.018,0.0039,0.0002,0.0011,0.0,0.0,0.0,0.0018,0.0256
schedule-probschedule-48-2,0,True,7,41,179,325,91,270,0,0,0,0,0,0,0,,0.0,48.0,48,48,0.0161,0.0036,0.0002,0.001,0.0,0.0,0.0,0.0017,0.0233
schedule-probschedule-49-0,0,True,12,48,188,344,99,287,5,0,0,0,0,0,0,,0.0,45.0,45,45,0.017,0.0042,0.0003,0.0014,0.0,0.0,0.0,0.0018,0.0252
schedule-probschedule-49-1,0,True,6,41,177,324,93,270,2,0,0,0,0,0,0,,0.0,48.0,48,48,0.0178,0.0039,0.0003,0.0017,0.0,0.0,0.0,0.0019,0.0261
schedule-probschedule-49-2,0,True,8,40,186,339,97,283,1,0,0,0,0,0,0,,0.0,48.0,48,48,0.0171,0.0041,0.0003,0.0017,0.0,0.0,0.0,0.0018,0.0255
schedule-probschedule-5-0,0,True,1,4,18,34,11,29,2,0,0,0,0,0,0,,0.0,4.0,4,4,0.006,0.0002,0.0,0.0009,0.0,0.0,0.0,0.0014,0.0088
schedule-probschedule-5-1,0,True,2,7,21,40,12,33,0,0,0,0,0,0,0,,0.0,5.0,5,5,0.0054,0.0002,0.0,0.0012,0.0,0.0,0.0,0.0014,0.0087
schedule-probschedule-5-2,0,True,1,5,19,36,11,30,0,0,0,0,0,0,0,,0.0,5.0,5,5,0.0053,0.0002,0.0,0.0011,0.0,0.0,0.0,0.0014,0.0083
schedule-probschedule-50-0,0,True,5,36,178,322,92,270,4,0,0,0,0,0,0,,0.0,47.0,47,47,0.027,0.004,0.0002,0.0016,0.0,0.0,0.0,0.0018,0.0351
schedule-probschedule-50-1,0,True,3,41,167,308,90,257,4,0,0,0,0,0,0,,0.0,48.0,48,48,0.0189,0.0037,0.0002,0.0012,0.0,0.0,0.0,0.0017,0.0262
schedule-probschedule-50-2,0,True,6,41,181,330,94,275,1,0,0,0,0,0,0,,0.0,49.0,49,49,0.0182,0.004,0.0002,0.0011,0.0,0.0,0.0,0.0018,0.0259
schedule-probschedule-51-0,0,True,7,43,185,339,98,283,4,0,0,0,0,0,0,,0.0,49.0,49,49,0.0185,0.0042,0.0003,0.0011,0.0,0.0,0.0,0.0019,0.0265
schedule-probschedule-51-1,0,True,13,51,197,359,102,299,6,0,0,0,0,0,0,,0.0,47.0,47,47,0.0362,0.0045,0.0004,0.0025,0.0,0.0,0.0,0.0021,0.0464
schedule-probschedule-51-2,0,True,8,46,184,339,99,283,4,0,0,0,0,0,0,,0.0,48.0,48,48,0.0179,0.0043,0.0004,0.0015,0.0,0.0,0.0,0.0018,0.0264
schedule-probschedule-6-0,0,True,1,5,23,43,13,36,0,0,0,0,0,0,0,,0.0,6.0,6,6,0.0058,0.0002,0.0,0.0013,0.0,0.0,0.0,0.0016,0.0093
schedule-probschedule-6-1,0,True,1,6,22,42,13,35,0,0,0,0,0,0,0,,0.0,6.0,6,6,0.0055,0.0002,0.0,0.001,0.0,0.0,0.0,0.0014,0.0085
schedule-probschedule-6-2,0,True,2,6,22,41,13,35,3,0,0,0,0,0,0,,0.0,4.0,4,4,0.0052,0.0002,0.0,0.0013,0.0,0.0,0.0,0.0015,0.0087
schedule-probschedule-7-0,0,True,2,7,27,51,16,43,1,0,0,0,0,0,0,,0.0,6.0,6,6,0.0054,0.0002,0.0,0.0015,0.0,0.0,0.0,0.0015,0.0091
schedule-probschedule-7-1,0,True,1,7,25,48,15,40,0,0,0,0,0,0,0,,0.0,7.0,7,7,0.0052,0.0002,0.0,0.001,0.0,0.0,0.0,0.0014,0.0082
schedule-probschedule-7-2,0,True,0,6,22,43,14,36,0,0,0,0,0,0,0,,0.0,7.0,7,7,0.0059,0.0002,0.0,0.0011,0.0,0.0,0.0,0.0013,0.009
schedule-probschedule-8-0,0,True,1,7,29,56,18,47,0,0,0,0,0,0,0,,0.0,8.0,8,8,0.0056,0.0003,0.0,0.0012,0.0,0.0,0.0,0.0014,0.0089
schedule-probschedule-8-1,0,True,1,6,30,56,17,47,0,0,0,0,0,0,0,,0.0,8.0,8,8,0.0059,0.0003,0.0,0.0013,0.0,0.0,0.0,0.0014,0.0092
schedule-probschedule-8-2,0,True,0,6,26,50,16,42,0,0,0,0,0,0,0,,0.0,8.0,8,8,0.0062,0.0003,0.0,0.0015,0.0,0.0,0.0,0.0013,0.0096
schedule-probschedule-9-0,0,True,0,8,28,55,18,46,0,0,0,0,0,0,0,,0.0,9.0,9,9,0.0055,0.0003,0.0,0.001,0.0,0.0,0.0,0.0013,0.0085
schedule-probschedule-9-1,0,True,1,7,31,59,19,50,1,0,0,0,0,0,0,,0.0,8.0,8,8,0.0061,0.0003,0.0,0.0012,0.0,0.0,0.0,0.0014,0.0094
schedule-probschedule-9-2,0,True,0,5,31,59,19,50,0,0,0,0,0,0,0,,0.0,9.0,9,9,0.0054,0.0003,0.0,0.001,0.0,0.0,0.0,0.0014,0.0085
snake-opt18-strips-p01,0,True,139,5912,16828,22900,160,28208,52008,0,0,0,0,0,0,,0.0,9.0,10,9,0.0567,0.0737,0.0303,0.035,0.0,0.0,0.0,6.6831,6.8827
snake-opt18-strips-p02,2,True,148,6356,18621,25145,168,30919,56140,0,0,0,0,0,696,,0.0,7.0,9,9,0.0458,0.0913,0.0254,0.0356,0.0,0.0,0.0,899.8573,900.0595
snake-opt18-strips-p03,0,True,152,6340,18601,25116,175,31128,56693,0,0,0,0,0,0,,0.0,8.0,9,8,0.0509,0.0826,0.0252,0.0366,0.0,0.0,0.0,35.9827,36.181
snake-opt18-strips-p04,0,True,126,5891,16277,22314,146,27108,50538,0,0,0,0,0,0,,0.0,9.0,9,9,0.0414,0.0666,0.0232,0.0351,0.0,0.0,0.0,4.5551,4.7256
snake-opt18-strips-p05,0,True,130,5756,16010,21919,153,26831,49836,0,0,0,0,0,0,,0.0,6.0,6,6,0.0411,0.0647,0.0082,0.0319,0.0,0.0,0.0,0.9843,1.1325
snake-opt18-strips-p06,0,True,176,9446,27281,36923,196,45013,83046,0,0,0,0,0,0,,0.0,8.0,8,8,0.0681,0.1367,0.0289,0.0525,0.0,0.0,0.0,1.874,2.1675
snake-opt18-strips-p07,0,True,184,9703,28598,38505,204,47062,86252,0,0,0,0,0,1611,,0.0,9.0,9,9,0.0708,0.1496,0.037,0.0532,0.0,0.0,0.0,44.6628,44.9813
snake-opt18-strips-p08,0,True,196,10117,30456,40786,213,50113,91038,0,0,0,0,0,0,,0.0,8.0,8,8,0.0789,0.1849,0.0449,0.0596,0.0,0.0,0.0,2.0388,2.415
snake-opt18-strips-p09,2,True,158,8920,25231,34329,178,41508,77200,0,0,0,0,0,525,,0.0,10.0,12,12,0.0598,0.1206,0.0681,0.0512,0.0,0.0,0.0,899.8118,900.12
snake-opt18-strips-p10,0,True,166,9269,26422,35877,186,43424,80705,0,0,0,0,0,0,,0.0,9.0,9,9,0.0646,0.1389,0.0397,0.0497,0.0,0.0,0.0,19.0097,19.3131
snake-opt18-strips-p11,2,True,206,14084,40620,54930,226,66182,123571,0,0,0,0,0,579,,0.0,11.0,12,12,0.3711,0.2557,0.0926,0.0832,0.0,0.0,0.0,899.2174,900.0281
snake-opt18-strips-p12,2,True,218,14218,41632,56088,238,68075,125922,0,0,0,0,0,2223,,0.0,9.0,10,10,0.1029,0.2763,0.073,0.0815,0.0,0.0,0.0,899.4795,900.0268
snake-opt18-strips-p13,0,True,228,14837,43902,58987,248,71811,132421,0,0,0,0,0,9613,,0.0,11.0,11,11,0.1089,0.2613,0.0775,0.088,0.0,0.0,0.0,284.7049,285.2542
snake-opt18-strips-p14,2,True,238,15069,45462,60792,261,74545,137270,0,0,0,0,0,1,,0.0,12.0,19,16,0.1393,0.2735,0.2462,0.0927,0.0,0.0,0.0,899.4014,900.1648
snake-opt18-strips-p15,0,True,196,13622,38855,52693,216,63422,118696,0,0,0,0,0,0,,0.0,7.0,7,7,0.0945,0.2218,0.0409,0.0866,0.0,0.0,0.0,2.7725,3.2222
snake-opt18-strips-p16,2,True,246,19471,56383,76123,269,91888,172279,0,0,0,0,0,0,,0.0,12.0,13,13,0.1448,0.3749,0.1766,0.1232,0.0,0.0,0.0,899.2429,900.0703
snake-opt18-strips-p17,2,True,260,20392,60025,80697,280,97542,181397,0,0,0,0,0,2,,0.0,11.0,13,13,0.1544,0.383,0.1844,0.1345,0.0,0.0,0.0,899.3607,900.2273
snake-opt18-strips-p18,2,True,274,21201,63523,85015,291,102924,190750,0,0,0,0,0,3,,0.0,8.5,12,12,0.1665,0.5084,0.1499,0.1387,0.0,0.0,0.0,899.1665,900.1444
snake-opt18-strips-p19,0,True,286,21710,65694,87710,306,106981,197229,0,0,0,0,0,0,,0.0,10.0,10,10,0.1806,0.4395,0.1122,0.144,0.0,0.0,0.0,140.9527,141.8425
snake-opt18-strips-p20,0,True,234,19439,55730,75423,254,90467,170135,0,0,0,0,0,1674,,0.0,9.0,9,9,0.1489,0.3653,0.1031,0.1332,0.0,0.0,0.0,120.0877,120.8474
snake-sat18-strips-p01,2,True,206,13963,40280,54469,226,65674,122469,0,0,0,0,0,18,,0.0,12.0,15,14,0.1043,0.2217,0.1611,0.0835,0.0,0.0,0.0,899.5922,900.1718
snake-sat18-strips-p02,2,True,218,14353,42130,56721,238,68791,127064,0,0,0,0,0,64,,0.0,7.0,11,10,0.1035,0.2592,0.1003,0.0823,0.0,0.0,0.0,899.571,900.129
snake-sat18-strips-p03,2,True,230,14830,44107,59184,247,72061,132587,0,0,0,0,0,1,,0.0,9.0,12,12,0.1178,0.2864,0.123,0.0882,0.0,0.0,0.0,899.4471,900.0748
snake-sat18-strips-p04,2,True,240,15387,46402,62049,260,75905,139444,0,0,0,0,0,16,,0.0,10.04,13,13,0.1372,0.2931,0.1332,0.0934,0.0,0.0,0.0,899.5149,900.1884
snake-sat18-strips-p05,0,True,196,13612,38623,52451,216,63179,118426,0,0,0,0,0,0,,0.0,11.0,11,11,0.1841,0.2396,0.0882,0.0801,0.0,0.0,0.0,2.769,3.3662
snake-sat18-strips-p06,2,True,280,27444,79760,107504,300,128454,241771,0,0,0,0,0,0,,0.0,11.204,17,17,0.2513,0.6205,0.4983,0.2214,0.0,0.0,0.0,898.5112,900.1182
snake-sat18-strips-p07,2,True,292,27512,79995,107822,315,129691,244168,0,0,0,0,0,0,,0.0,12.0,15,15,0.2335,0.6619,0.3756,0.195,0.0,0.0,0.0,898.6405,900.1224
snake-sat18-strips-p08,2,True,310,28812,85174,114316,330,137738,257346,0,0,0,0,0,0,,0.0,8.875,11,11,0.2464,0.7145,0.2454,0.2073,0.0,0.0,0.0,898.8043,900.2355
snake-sat18-strips-p09,2,True,326,29514,88542,118399,343,143315,266154,0,0,0,0,0,0,,0.0,8.0,12,12,0.2731,0.8054,0.3581,0.2512,0.0,0.0,0.0,898.6094,900.3183
snake-sat18-strips-p10,2,True,338,30553,92822,123733,358,150174,278436,0,0,0,0,0,0,,0.0,10.0,16,16,0.2933,0.8615,0.4993,0.2636,0.0,0.0,0.0,898.1799,900.137
snake-sat18-strips-p11,2,True,378,49258,144070,193726,398,230925,436500,0,0,0,0,0,0,,0.0,10.0,13,13,0.4393,1.6472,0.7118,0.4133,0.0,0.0,0.0,897.3761,900.6054
snake-sat18-strips-p12,2,True,398,50658,149469,200545,418,239835,451867,0,0,0,0,0,0,,0.0,9.5,13,13,0.4738,1.5951,0.9948,0.4781,0.0,0.0,0.0,896.6291,900.1968
snake-sat18-strips-p13,2,True,416,51540,154046,206022,436,247098,463592,0,0,0,0,0,0,,0.0,11.375,13,13,0.4982,1.9151,0.9602,0.4774,0.0,0.0,0.0,896.3165,900.1874
snake-sat18-strips-p14,2,True,438,53433,161546,215434,455,259270,485253,0,0,0,0,0,0,,0.0,9.667,13,13,0.5368,2.1066,0.8015,0.4673,0.0,0.0,0.0,896.3032,900.2392
snake-sat18-strips-p15,2,True,456,55455,169866,225797,476,272588,509428,0,0,0,0,0,0,,0.0,12.0,16,16,0.5855,2.075,1.0388,0.5018,0.0,0.0,0.0,896.4013,900.6213
snake-sat18-strips-p16,2,True,490,82180,242056,324746,510,385644,731611,0,0,0,0,0,0,,0.0,0.0,16,16,0.8154,3.3927,2.7291,0.9883,0.0,0.0,0.0,901.0451,909.0394
snake-sat18-strips-p17,2,True,514,83670,248260,332464,534,396476,749291,0,0,0,0,0,0,,0.0,0.0,12,12,0.8638,4.6529,1.7193,0.889,0.0,0.0,0.0,908.4141,916.6094
snake-sat18-strips-p18,2,True,538,85556,256749,342863,558,410444,772601,0,0,0,0,0,0,,0.0,0.0,16,16,0.9407,3.7223,2.8811,0.986,0.0,0.0,0.0,910.4414,919.0439
snake-sat18-strips-p19,2,True,562,88245,267614,356441,582,428218,804269,0,0,0,0,0,0,,0.0,0.0,19,19,1.0154,3.9996,3.2678,1.016,0.0,0.0,0.0,911.8862,921.2565
snake-sat18-strips-p20,2,True,584,90765,278204,369576,607,445509,837311,0,0,0,0,0,0,,0.0,1.0,21,21,1.0921,4.2396,4.9808,1.1176,0.0,0.0,0.0,938.1565,949.6469
sokoban-opt08-strips-p01,0,False,24,69,138,270,57,343,185,0,0,0,0,0,0,,0.0,10.0,10,10,0.0233,0.0006,0.0001,0.0016,0.0,0.0,0.0,0.0073,0.0345
sokoban-opt08-strips-p02,0,False,25,57,103,207,47,271,168,0,0,0,0,0,0,,0.0,9.0,9,9,0.0221,0.0005,0.0001,0.0017,0.0,0.0,0.0,0.0084,0.0332
sokoban-opt08-strips-p03,0,False,21,41,73,154,40,195,104,0,0,0,0,0,0,,0.0,3.0,3,3,0.024,0.0003,0.0,0.0034,0.0,0.0,0.0,0.0064,0.0345
sokoban-opt08-strips-p04,0,False,43,118,236,457,97,630,376,0,0,0,0,0,0,,0.0,25.0,25,25,0.0087,0.0016,0.0002,0.0017,0.0,0.0,0.0,0.0164,0.0292
sokoban-opt08-strips-p05,0,False,283,762,1476,2538,300,3704,3032,0,0,0,0,0,0,,0.0,8.0,8,8,0.0131,0.0146,0.0041,0.0046,0.0,0.0,0.0,0.1162,0.1534
sokoban-opt08-strips-p06,0,False,31,60,96,201,45,264,148,0,0,0,0,0,0,,0.0,2.0,2,2,0.0067,0.0005,0.0001,0.0014,0.0,0.0,0.0,0.0081,0.0173
sokoban-opt08-strips-p07,0,False,89,167,274,553,112,707,430,0,0,0,0,0,0,,0.0,7.0,7,7,0.0092,0.002,0.0002,0.0025,0.0,0.0,0.0,0.0192,0.0337
sokoban-opt08-strips-p08,0,False,59,141,256,485,88,677,490,0,0,0,0,0,0,,0.0,13.0,13,13,0.0072,0.0018,0.0003,0.0025,0.0,0.0,0.0,0.0193,0.0316
sokoban-opt08-strips-p09,0,False,58,95,159,344,90,457,271,0,0,0,0,0,0,,0.0,5.0,5,5,0.0066,0.0015,0.0001,0.0016,0.0,0.0,0.0,0.011,0.0214
sokoban-opt08-strips-p10,0,False,47,108,195,388,84,534,345,0,0,0,0,0,0,,0.0,10.0,10,10,0.0083,0.0013,0.0002,0.0014,0.0,0.0,0.0,0.0139,0.0257
sokoban-opt08-strips-p11,0,False,79,172,300,611,135,794,431,0,0,0,0,0,0,,0.0,16.0,16,16,0.0061,0.0024,0.0003,0.0017,0.0,0.0,0.0,0.0178,0.0289
sokoban-opt08-strips-p12,0,False,88,159,307,586,120,796,492,0,0,0,0,0,0,,0.0,8.0,8,8,0.0067,0.0023,0.0003,0.0018,0.0,0.0,0.0,0.0217,0.0336
sokoban-opt08-strips-p13,0,False,80,152,296,553,105,757,540,0,0,0,0,0,0,,0.0,4.0,4,4,0.0085,0.0017,0.0002,0.0018,0.0,0.0,0.0,0.0161,0.0289
sokoban-opt08-strips-p14,0,False,69,143,248,476,85,632,449,0,0,0,0,0,0,,0.0,11.0,11,11,0.0059,0.0015,0.0002,0.0022,0.0,0.0,0.0,0.0188,0.0291
sokoban-opt08-strips-p15,0,False,68,245,537,964,177,1381,931,0,0,0,0,0,0,,0.0,57.0,58,57,0.0075,0.0052,0.0009,0.0039,0.0,0.0,0.0,0.131,0.1493
sokoban-opt08-strips-p16,0,False,88,151,228,510,128,648,361,0,0,0,0,0,0,,0.0,16.0,16,16,0.0083,0.0022,0.0002,0.0016,0.0,0.0,0.0,0.0153,0.0284
sokoban-opt08-strips-p17,0,False,48,76,134,278,68,360,196,0,0,0,0,0,0,,0.0,6.0,6,6,0.0058,0.001,0.0001,0.0015,0.0,0.0,0.0,0.0104,0.0192
sokoban-opt08-strips-p18,0,False,93,182,307,636,147,839,501,0,0,0,0,0,0,,0.0,29.0,29,29,0.0093,0.0033,0.0005,0.0017,0.0,0.0,0.0,0.0184,0.0342
sokoban-opt08-strips-p19,0,False,80,211,410,750,129,1057,758,0,0,0,0,0,0,,0.0,27.0,27,27,0.0085,0.0031,0.0005,0.0019,0.0,0.0,0.0,0.0314,0.0459
sokoban-opt08-strips-p20,0,False,225,440,466,1142,235,1172,484,0,0,0,0,0,0,,0.0,2.0,2,2,0.0087,0.0063,0.0004,0.002,0.0,0.0,0.0,0.0428,0.061
sokoban-opt08-strips-p21,0,False,386,1008,1892,3290,390,4922,4074,0,0,0,0,0,0,,0.0,2.0,2,2,0.0148,0.024,0.0042,0.0054,0.0,0.0,0.0,0.1511,0.2002
sokoban-opt08-strips-p22,0,False,83,212,386,739,141,1010,663,0,0,0,0,0,0,,0.0,30.0,31,30,0.0094,0.0036,0.0006,0.0021,0.0,0.0,0.0,0.0479,0.0641
sokoban-opt08-strips-p23,0,False,83,220,485,827,122,1222,901,0,0,0,0,0,0,,0.0,15.0,16,15,0.006,0.0029,0.0005,0.0022,0.0,0.0,0.0,0.053,0.0652
sokoban-opt08-strips-p24,0,False,131,201,362,729,166,1023,676,0,0,0,0,0,0,,0.0,14.0,14,14,0.0073,0.0037,0.0006,0.0022,0.0,0.0,0.0,0.0339,0.0483
sokoban-opt08-strips-p25,0,False,109,206,385,754,163,1039,669,0,0,0,0,0,0,,0.0,25.0,26,25,0.0086,0.0041,0.0007,0.0021,0.0,0.0,0.0,0.0406,0.0567
sokoban-opt08-strips-p26,0,False,121,256,488,901,157,1288,975,0,0,0,0,0,0,,0.0,23.0,24,23,0.0073,0.0045,0.0009,0.0034,0.0,0.0,0.0,0.0697,0.0863
sokoban-opt08-strips-p27,0,False,203,311,524,1066,231,1551,1011,0,0,0,0,0,0,,0.0,11.0,11,11,0.0084,0.0067,0.0015,0.0025,0.0,0.0,0.0,0.0457,0.0655
sokoban-opt08-strips-p28,0,False,148,234,405,817,178,1131,752,0,0,0,0,0,0,,0.0,18.0,18,18,0.0101,0.0043,0.0007,0.0022,0.0,0.0,0.0,0.0381,0.0559
sokoban-opt08-strips-p29,0,False,455,1078,1901,3459,480,5089,4215,0,0,0,0,0,0,,0.0,15.0,15,15,0.0195,0.0381,0.0098,0.0065,0.0,0.0,0.0,0.1518,0.2265
sokoban-opt08-strips-p30,0,False,476,1352,2848,4701,501,7341,6234,0,0,0,0,0,0,,0.0,12.0,12,12,0.02,0.0433,0.0124,0.0099,0.0,0.0,0.0,0.2107,0.297
sokoban-opt11-strips-p01,0,False,31,60,96,201,45,264,148,0,0,0,0,0,0,,0.0,2.0,2,2,0.0071,0.0005,0.0001,0.002,0.0,0.0,0.0,0.0082,0.0183
sokoban-opt11-strips-p02,0,False,48,76,134,278,68,360,196,0,0,0,0,0,0,,0.0,6.0,6,6,0.0073,0.001,0.0001,0.0015,0.0,0.0,0.0,0.0104,0.0207
sokoban-opt11-strips-p03,0,False,69,143,248,476,85,632,449,0,0,0,0,0,0,,0.0,11.0,11,11,0.006,0.0015,0.0002,0.0024,0.0,0.0,0.0,0.0189,0.0295
sokoban-opt11-strips-p04,0,False,43,118,236,457,97,630,376,0,0,0,0,0,0,,0.0,25.0,25,25,0.0071,0.0016,0.0002,0.0029,0.0,0.0,0.0,0.0164,0.0288
sokoban-opt11-strips-p05,0,False,88,151,228,510,128,648,361,0,0,0,0,0,0,,0.0,16.0,16,16,0.0074,0.0022,0.0002,0.002,0.0,0.0,0.0,0.0154,0.0277
sokoban-opt11-strips-p06,0,False,79,172,300,611,135,794,431,0,0,0,0,0,0,,0.0,16.0,16,16,0.0061,0.0024,0.0003,0.0018,0.0,0.0,0.0,0.0177,0.0289
sokoban-opt11-strips-p07,0,False,47,108,195,388,84,534,345,0,0,0,0,0,0,,0.0,10.0,10,10,0.0073,0.0014,0.0002,0.0014,0.0,0.0,0.0,0.014,0.0248
sokoban-opt11-strips-p08,0,False,58,95,159,344,90,457,271,0,0,0,0,0,0,,0.0,5.0,5,5,0.0066,0.0015,0.0001,0.0015,0.0,0.0,0.0,0.011,0.0213
sokoban-opt11-strips-p09,0,False,89,167,274,553,112,707,430,0,0,0,0,0,0,,0.0,7.0,7,7,0.0067,0.002,0.0002,0.0017,0.0,0.0,0.0,0.019,0.0301
sokoban-opt11-strips-p10,0,False,283,762,1476,2538,300,3704,3032,0,0,0,0,0,0,,0.0,8.0,8,8,0.0167,0.0147,0.0043,0.0047,0.0,0.0,0.0,0.1179,0.1589
sokoban-opt11-strips-p11,0,False,80,152,296,553,105,757,540,0,0,0,0,0,0,,0.0,4.0,4,4,0.0062,0.0017,0.0002,0.0018,0.0,0.0,0.0,0.0162,0.0268
sokoban-opt11-strips-p12,0,False,225,440,466,1142,235,1172,484,0,0,0,0,0,0,,0.0,2.0,2,2,0.0088,0.0064,0.0003,0.002,0.0,0.0,0.0,0.0435,0.0618
sokoban-opt11-strips-p13,0,False,59,141,256,485,88,677,490,0,0,0,0,0,0,,0.0,13.0,13,13,0.0094,0.0018,0.0003,0.0015,0.0,0.0,0.0,0.0193,0.0329
sokoban-opt11-strips-p14,0,False,88,159,307,586,120,796,492,0,0,0,0,0,0,,0.0,8.0,8,8,0.0069,0.0023,0.0003,0.0029,0.0,0.0,0.0,0.0219,0.0348
sokoban-opt11-strips-p15,0,False,93,182,307,636,147,839,501,0,0,0,0,0,0,,0.0,29.0,29,29,0.0066,0.0033,0.0005,0.0018,0.0,0.0,0.0,0.0185,0.0313
sokoban-opt11-strips-p16,0,False,68,245,537,964,177,1381,931,0,0,0,0,0,0,,0.0,57.0,58,57,0.0088,0.0052,0.0009,0.0022,0.0,0.0,0.0,0.1311,0.149
sokoban-opt11-strips-p17,0,False,80,211,410,750,129,1057,758,0,0,0,0,0,0,,0.0,27.0,27,27,0.0064,0.0031,0.0004,0.0022,0.0,0.0,0.0,0.0309,0.0436
sokoban-opt11-strips-p18,0,False,386,1008,1892,3290,390,4922,4074,0,0,0,0,0,0,,0.0,2.0,2,2,0.0144,0.0236,0.0041,0.0053,0.0,0.0,0.0,0.1515,0.1997
sokoban-opt11-strips-p19,0,False,83,212,386,739,141,1010,663,0,0,0,0,0,0,,0.0,30.0,31,30,0.0102,0.0036,0.0005,0.0019,0.0,0.0,0.0,0.0477,0.0645
sokoban-opt11-strips-p20,0,False,83,220,485,827,122,1222,901,0,0,0,0,0,0,,0.0,15.0,16,15,0.0088,0.0029,0.0005,0.0022,0.0,0.0,0.0,0.0528,0.0681
sokoban-sat08-strips-p01,0,False,25,57,103,207,47,271,168,0,0,0,0,0,0,,0.0,9.0,9,9,0.0054,0.0005,0.0001,0.0015,0.0,0.0,0.0,0.0085,0.0166
sokoban-sat08-strips-p02,0,False,43,118,236,457,97,630,376,0,0,0,0,0,0,,0.0,25.0,25,25,0.0072,0.0016,0.0002,0.0022,0.0,0.0,0.0,0.0166,0.0283
sokoban-sat08-strips-p03,0,False,31,60,96,201,45,264,148,0,0,0,0,0,0,,0.0,2.0,2,2,0.0055,0.0005,0.0001,0.0012,0.0,0.0,0.0,0.0082,0.016
sokoban-sat08-strips-p04,0,False,59,141,256,485,88,677,490,0,0,0,0,0,0,,0.0,13.0,13,13,0.0066,0.0018,0.0003,0.0021,0.0,0.0,0.0,0.0193,0.0308
sokoban-sat08-strips-p05,0,False,47,108,195,388,84,534,345,0,0,0,0,0,0,,0.0,10.0,10,10,0.0075,0.0014,0.0002,0.0018,0.0,0.0,0.0,0.014,0.0253
sokoban-sat08-strips-p06,0,False,88,159,307,586,120,796,492,0,0,0,0,0,0,,0.0,8.0,8,8,0.0066,0.0023,0.0003,0.0016,0.0,0.0,0.0,0.0218,0.0333
sokoban-sat08-strips-p07,0,False,69,143,248,476,85,632,449,0,0,0,0,0,0,,0.0,11.0,11,11,0.0059,0.0015,0.0002,0.0018,0.0,0.0,0.0,0.0188,0.0287
sokoban-sat08-strips-p08,0,False,88,151,228,510,128,648,361,0,0,0,0,0,0,,0.0,16.0,16,16,0.0083,0.0022,0.0002,0.0017,0.0,0.0,0.0,0.0153,0.0282
sokoban-sat08-strips-p09,0,False,93,182,307,636,147,839,501,0,0,0,0,0,0,,0.0,29.0,29,29,0.0091,0.0034,0.0004,0.0022,0.0,0.0,0.0,0.0185,0.0342
sokoban-sat08-strips-p10,0,False,225,440,466,1142,235,1172,484,0,0,0,0,0,0,,0.0,2.0,2,2,0.0105,0.0063,0.0003,0.0022,0.0,0.0,0.0,0.0428,0.063
sokoban-sat08-strips-p11,0,False,386,1008,1892,3290,390,4922,4074,0,0,0,0,0,0,,0.0,2.0,2,2,0.0198,0.0239,0.0041,0.0056,0.0,0.0,0.0,0.1508,0.2049
sokoban-sat08-strips-p12,0,False,83,212,386,739,141,1010,663,0,0,0,0,0,0,,0.0,30.0,31,30,0.0078,0.0036,0.0005,0.0049,0.0,0.0,0.0,0.048,0.0654
sokoban-sat08-strips-p13,0,False,83,220,485,827,122,1222,901,0,0,0,0,0,0,,0.0,15.0,16,15,0.0066,0.0029,0.0005,0.0024,0.0,0.0,0.0,0.0529,0.0659
sokoban-sat08-strips-p14,0,False,131,201,362,729,166,1023,676,0,0,0,0,0,0,,0.0,14.0,14,14,0.0091,0.0037,0.0006,0.0022,0.0,0.0,0.0,0.0339,0.05
sokoban-sat08-strips-p15,0,False,109,206,385,754,163,1039,669,0,0,0,0,0,0,,0.0,25.0,26,25,0.0076,0.0041,0.0007,0.0019,0.0,0.0,0.0,0.0404,0.0553
sokoban-sat08-strips-p16,0,False,121,256,488,901,157,1288,975,0,0,0,0,0,0,,0.0,23.0,24,23,0.0069,0.0046,0.0009,0.0022,0.0,0.0,0.0,0.0691,0.0843
sokoban-sat08-strips-p17,0,False,203,311,524,1066,231,1551,1011,0,0,0,0,0,0,,0.0,11.0,11,11,0.0122,0.0068,0.0013,0.0023,0.0,0.0,0.0,0.0459,0.069
sokoban-sat08-strips-p18,0,False,148,234,405,817,178,1131,752,0,0,0,0,0,0,,0.0,18.0,18,18,0.0076,0.0044,0.0007,0.0022,0.0,0.0,0.0,0.0381,0.0537
sokoban-sat08-strips-p19,0,False,455,1078,1901,3459,480,5089,4215,0,0,0,0,0,0,,0.0,15.0,15,15,0.0187,0.0378,0.0102,0.0062,0.0,0.0,0.0,0.1522,0.226
sokoban-sat08-strips-p20,0,False,476,1352,2848,4701,501,7341,6234,0,0,0,0,0,0,,0.0,12.0,12,12,0.0283,0.0428,0.0121,0.0087,0.0,0.0,0.0,0.2109,0.3038
sokoban-sat08-strips-p21,0,False,135,272,452,897,173,1205,825,0,0,0,0,0,0,,0.0,29.0,29,29,0.0077,0.0049,0.0009,0.002,0.0,0.0,0.0,0.0469,0.063
sokoban-sat08-strips-p22,0,False,142,241,445,871,184,1218,851,0,0,0,0,0,0,,0.0,21.0,22,21,0.0081,0.0048,0.0011,0.0022,0.0,0.0,0.0,0.0719,0.0886
sokoban-sat08-strips-p23,0,False,128,246,438,862,178,1155,766,0,0,0,0,0,0,,0.0,30.0,32,30,0.0098,0.0046,0.0012,0.0021,0.0,0.0,0.0,0.0606,0.0789
sokoban-sat08-strips-p24,0,False,124,201,345,723,177,978,599,0,0,0,0,0,0,,0.0,22.0,22,22,0.0084,0.0043,0.0008,0.0019,0.0,0.0,0.0,0.0296,0.0457
sokoban-sat08-strips-p25,0,False,142,220,347,746,179,1041,630,0,0,0,0,0,0,,0.0,15.0,15,15,0.0078,0.0045,0.001,0.0018,0.0,0.0,0.0,0.0218,0.0376
sokoban-sat08-strips-p26,0,False,154,308,584,1109,217,1534,1065,0,0,0,0,0,0,,0.0,32.0,32,32,0.0112,0.0071,0.0008,0.0027,0.0,0.0,0.0,0.051,0.0735
sokoban-sat08-strips-p27,0,False,298,708,1306,2357,339,3407,2666,0,0,0,0,0,0,,0.0,8.0,8,8,0.0141,0.0174,0.0017,0.0039,0.0,0.0,0.0,0.0956,0.1334
sokoban-sat08-strips-p28,0,False,137,371,774,1424,264,2000,1410,0,0,0,0,0,0,,0.0,76.0,76,76,0.0089,0.0114,0.0031,0.0029,0.0,0.0,0.0,0.0528,0.0796
sokoban-sat08-strips-p29,0,False,123,218,454,853,177,1193,784,0,0,0,0,0,0,,0.0,22.0,24,22,0.01,0.0045,0.0009,0.0019,0.0,0.0,0.0,0.0603,0.0783
sokoban-sat08-strips-p30,0,False,72,243,495,925,180,1265,815,0,0,0,0,0,0,,0.0,53.0,54,53,0.0085,0.0054,0.0008,0.0023,0.0,0.0,0.0,0.1036,0.1212
sokoban-sat11-strips-p01,0,False,142,220,347,746,179,1041,630,0,0,0,0,0,0,,0.0,15.0,15,15,0.0081,0.0045,0.001,0.0027,0.0,0.0,0.0,0.0216,0.0385
sokoban-sat11-strips-p02,0,False,88,151,228,510,128,648,361,0,0,0,0,0,0,,0.0,16.0,16,16,0.0082,0.0023,0.0002,0.0021,0.0,0.0,0.0,0.0153,0.0286
sokoban-sat11-strips-p03,0,False,203,311,524,1066,231,1551,1011,0,0,0,0,0,0,,0.0,11.0,11,11,0.0263,0.0067,0.0013,0.0025,0.0,0.0,0.0,0.046,0.0834
sokoban-sat11-strips-p04,0,False,121,256,488,901,157,1288,975,0,0,0,0,0,0,,0.0,23.0,24,23,0.0243,0.0045,0.0009,0.0021,0.0,0.0,0.0,0.0697,0.1021
sokoban-sat11-strips-p05,0,False,131,201,362,729,166,1023,676,0,0,0,0,0,0,,0.0,14.0,14,14,0.0066,0.0037,0.0006,0.0023,0.0,0.0,0.0,0.0337,0.0474
sokoban-sat11-strips-p06,0,False,83,212,386,739,141,1010,663,0,0,0,0,0,0,,0.0,30.0,31,30,0.0073,0.0036,0.0006,0.0018,0.0,0.0,0.0,0.0479,0.0618
sokoban-sat11-strips-p07,0,False,83,220,485,827,122,1222,901,0,0,0,0,0,0,,0.0,15.0,16,15,0.0227,0.0029,0.0005,0.0022,0.0,0.0,0.0,0.0527,0.0818
sokoban-sat11-strips-p08,0,False,142,241,445,871,184,1218,851,0,0,0,0,0,0,,0.0,21.0,22,21,0.0227,0.0048,0.0011,0.0022,0.0,0.0,0.0,0.0716,0.1031
sokoban-sat11-strips-p09,0,False,225,440,466,1142,235,1172,484,0,0,0,0,0,0,,0.0,2.0,2,2,0.028,0.0063,0.0003,0.0021,0.0,0.0,0.0,0.0422,0.0797
sokoban-sat11-strips-p10,0,False,128,246,438,862,178,1155,766,0,0,0,0,0,0,,0.0,30.0,32,30,0.0077,0.0046,0.0009,0.0022,0.0,0.0,0.0,0.0608,0.0769
sokoban-sat11-strips-p11,0,False,137,371,774,1424,264,2000,1410,0,0,0,0,0,0,,0.0,76.0,76,76,0.0091,0.0114,0.004,0.0034,0.0,0.0,0.0,0.053,0.0815
sokoban-sat11-strips-p12,0,False,148,234,405,817,178,1131,752,0,0,0,0,0,0,,0.0,18.0,18,18,0.0103,0.0043,0.0006,0.0019,0.0,0.0,0.0,0.0382,0.0559
sokoban-sat11-strips-p13,0,False,298,708,1306,2357,339,3407,2666,0,0,0,0,0,0,,0.0,8.0,8,8,0.0291,0.0178,0.0017,0.0039,0.0,0.0,0.0,0.1292,0.1825
sokoban-sat11-strips-p14,0,False,124,201,345,723,177,978,599,0,0,0,0,0,0,,0.0,22.0,22,22,0.0072,0.0043,0.0007,0.0018,0.0,0.0,0.0,0.0295,0.0441
sokoban-sat11-strips-p15,0,False,72,243,495,925,180,1265,815,0,0,0,0,0,0,,0.0,53.0,54,53,0.0078,0.0053,0.0008,0.0024,0.0,0.0,0.0,0.1035,0.1205
sokoban-sat11-strips-p16,0,False,455,1078,1901,3459,480,5089,4215,0,0,0,0,0,0,,0.0,15.0,15,15,0.0191,0.038,0.0102,0.0063,0.0,0.0,0.0,0.152,0.2264
sokoban-sat11-strips-p17,0,False,154,308,584,1109,217,1534,1065,0,0,0,0,0,0,,0.0,32.0,32,32,0.0094,0.0071,0.0008,0.0021,0.0,0.0,0.0,0.0513,0.0713
sokoban-sat11-strips-p18,0,False,123,218,454,853,177,1193,784,0,0,0,0,0,0,,0.0,22.0,24,22,0.0078,0.0045,0.0009,0.0019,0.0,0.0,0.0,0.0602,0.0759
sokoban-sat11-strips-p19,0,False,109,206,385,754,163,1039,669,0,0,0,0,0,0,,0.0,25.0,26,25,0.0071,0.0041,0.0007,0.002,0.0,0.0,0.0,0.0405,0.0549
sokoban-sat11-strips-p20,0,False,476,1352,2848,4701,501,7341,6234,0,0,0,0,0,0,,0.0,12.0,12,12,0.0204,0.0442,0.0127,0.0086,0.0,0.0,0.0,0.2115,0.2982
spider-opt18-strips-p01,0,False,171,1050,3075,4397,266,6160,11924,0,0,0,0,0,0,,0.0,10.0,10,10,0.0417,0.0446,0.0373,0.0087,0.0,0.0,0.0,0.2323,0.3656
spider-opt18-strips-p02,0,False,243,1437,3935,5746,368,8316,14659,0,0,0,0,0,0,,0.0,13.0,15,13,0.0412,0.0827,0.0726,0.0127,0.0,0.0,0.0,0.6726,0.883
spider-opt18-strips-p03,0,False,397,2916,8519,11991,550,16394,34065,0,0,0,0,0,0,,0.0,14.0,16,14,0.1093,0.2932,0.4089,0.0244,0.0,0.0,0.0,3.3888,4.2278
spider-opt18-strips-p04,0,False,485,3543,10037,14258,672,19839,39949,0,0,0,0,0,2591,,0.0,19.0,22,19,0.1477,0.4895,0.6161,0.0313,0.0,0.0,0.0,50.2821,51.5704
spider-opt18-strips-p05,0,False,711,5570,15522,22030,932,31294,61174,0,0,0,0,0,2513,,0.0,21.0,24,21,0.3119,0.8893,2.0226,0.0561,0.0,0.0,0.0,183.3748,186.6614
spider-opt18-strips-p06,0,False,967,8908,24677,34809,1218,48037,101118,0,0,0,0,0,32272,,0.0,26.0,28,26,0.6219,1.923,5.5081,0.1062,0.0,0.0,0.0,654.5179,662.6877
spider-opt18-strips-p07,0,False,189,1058,3213,4550,273,6666,11533,0,0,0,0,0,0,,0.0,9.0,9,9,0.0395,0.0413,0.057,0.0089,0.0,0.0,0.0,0.3039,0.4516
spider-opt18-strips-p08,0,False,260,1545,4539,6463,373,9394,16892,0,0,0,0,0,0,,0.0,12.0,14,12,0.0416,0.0862,0.106,0.012,0.0,0.0,0.0,1.0286,1.2759
spider-opt18-strips-p09,0,False,424,2810,8130,11511,565,16897,31692,0,0,0,0,0,0,,0.0,16.0,17,16,0.1554,0.2527,0.5467,0.0237,0.0,0.0,0.0,10.4207,11.4025
spider-opt18-strips-p10,0,False,508,3771,10468,14921,676,20803,42330,0,0,0,0,0,15,,0.0,17.0,19,17,0.1441,0.5043,0.7343,0.0324,0.0,0.0,0.0,24.333,25.7521
spider-opt18-strips-p11,2,False,727,6088,17367,24383,922,33229,73508,0,0,0,0,0,10183,,0.0,19.0,22,22,0.3224,1.0663,2.2181,0.0657,0.0,0.0,0.0,896.3905,900.0934
spider-opt18-strips-p12,2,False,1005,10481,30761,42477,1229,56200,126589,0,0,0,0,0,2406,,0.0,23.0,30,26,0.6426,2.1328,4.9851,0.1343,0.0,0.0,0.0,892.1546,900.0574
spider-opt18-strips-p13,2,False,1129,11191,32256,44832,1379,60754,132637,0,0,0,0,0,471,,0.0,25.0,30,30,0.7814,3.1865,8.3542,0.1494,0.0,0.0,0.0,887.6712,900.1595
spider-opt18-strips-p14,0,False,181,1080,3466,4817,265,6810,13778,0,0,0,0,0,0,,0.0,6.0,6,6,0.028,0.0377,0.0738,0.0087,0.0,0.0,0.0,0.2579,0.4072
spider-opt18-strips-p15,0,False,258,1287,3658,5324,373,8353,13985,0,0,0,0,0,0,,0.0,13.0,14,13,0.0445,0.0767,0.0753,0.0105,0.0,0.0,0.0,4.6185,4.8268
spider-opt18-strips-p16,0,False,417,3242,9684,13486,554,18578,40841,0,0,0,0,0,16963,,0.0,11.0,12,11,0.1294,0.2703,0.5074,0.0299,0.0,0.0,0.0,33.7122,34.6513
spider-opt18-strips-p17,0,False,516,3381,9702,13774,685,20422,37533,0,0,0,0,0,0,,0.0,19.0,19,19,0.1691,0.3693,0.6579,0.0304,0.0,0.0,0.0,0.7193,1.9497
spider-opt18-strips-p18,2,False,736,6072,17127,24136,931,33851,70576,0,0,0,0,0,57003,,0.0,20.0,21,21,0.3145,0.9724,2.5415,0.065,0.0,0.0,0.0,896.1348,900.0337
spider-opt18-strips-p19,0,False,1005,10267,30029,41527,1225,55650,128323,0,0,0,0,0,6602,,0.0,20.0,21,20,0.6271,2.2407,5.4247,0.1276,0.0,0.0,0.0,210.7075,219.1405
spider-opt18-strips-p20,0,False,1138,10503,29734,41634,1391,58493,122092,0,0,0,0,0,13705,,0.0,28.0,29,28,0.8338,2.9058,5.8597,0.1369,0.0,0.0,0.0,850.1364,859.8844
spider-sat18-strips-p01,0,False,712,6267,17955,25155,927,34324,72559,0,0,0,0,0,0,,0.0,20.0,21,20,0.312,1.0162,2.1109,0.0669,0.0,0.0,0.0,20.1987,23.7127
spider-sat18-strips-p02,2,False,960,9531,27519,38267,1211,50923,114571,0,0,0,0,0,3497,,0.0,23.0,26,25,0.6424,2.68,5.5762,0.1207,0.0,0.0,0.0,891.0233,900.0624
spider-sat18-strips-p03,2,False,1099,9314,25643,36348,1385,52170,100581,0,0,0,0,0,1689,,0.0,30.0,36,36,0.7708,2.8683,7.6999,0.1197,0.0,0.0,0.0,888.5757,900.0486
spider-sat18-strips-p04,2,False,1412,15628,42473,59831,1724,79719,174489,0,0,0,0,0,1703,,0.0,29.0,35,35,1.4256,6.2678,14.8029,0.2306,0.0,0.0,0.0,877.4824,900.2416
spider-sat18-strips-p05,2,False,1777,21977,59754,83856,2119,111348,253697,0,0,0,0,0,0,,0.0,30.0,41,41,2.4935,11.1514,31.3355,0.3715,0.0,0.0,0.0,854.8003,900.1764
spider-sat18-strips-p06,2,False,1942,23021,62847,88196,2322,118159,261004,0,0,0,0,0,0,,0.0,37.0,44,44,2.9515,12.989,37.8254,0.4022,0.0,0.0,0.0,845.9985,900.198
spider-sat18-strips-p07,2,False,507,3608,10669,14958,675,20916,41997,0,0,0,0,0,22066,,0.0,16.0,19,18,0.1457,0.3909,0.6607,0.0318,0.0,0.0,0.0,898.8154,900.1181
spider-sat18-strips-p08,0,False,737,6760,18740,26432,926,35580,78859,0,0,0,0,0,0,,0.0,19.0,20,19,0.3336,1.1087,2.4676,0.0698,0.0,0.0,0.0,42.3088,46.2985
spider-sat18-strips-p09,2,False,996,10071,29664,40958,1217,54356,123945,0,0,0,0,0,1631,,0.0,22.0,26,26,0.6321,2.4244,5.9423,0.1289,0.0,0.0,0.0,890.9314,900.1029
spider-sat18-strips-p10,2,False,1132,12257,34744,48385,1378,64172,145047,0,0,0,0,0,1253,,0.0,22.0,28,28,0.7976,2.9864,7.7965,0.1598,0.0,0.0,0.0,888.3421,900.1037
spider-sat18-strips-p11,2,False,1453,15760,45636,63135,1733,84339,189155,0,0,0,0,0,2,,0.0,30.0,36,36,1.4205,6.837,14.4958,0.2683,0.0,0.0,0.0,877.0641,900.1099
spider-sat18-strips-p12,2,False,1818,24712,72329,99170,2123,127190,309447,0,0,0,0,0,0,,0.0,30.0,40,40,2.5137,11.7995,54.6644,0.4681,0.0,0.0,0.0,830.6594,900.1391
spider-sat18-strips-p13,2,False,1984,23506,67341,93168,2315,123917,288308,0,0,0,0,0,0,,0.0,33.0,38,38,2.9725,13.6883,34.1289,0.4525,0.0,0.0,0.0,848.8461,900.1239
spider-sat18-strips-p14,0,False,513,3726,10928,15341,681,21645,42899,0,0,0,0,0,0,,0.0,18.0,20,18,0.1671,0.4704,0.69,0.0341,0.0,0.0,0.0,8.9864,10.3523
spider-sat18-strips-p15,0,False,735,6317,17913,25165,929,34418,71451,0,0,0,0,0,0,,0.0,19.0,19,19,0.34,1.0992,1.8413,0.0689,0.0,0.0,0.0,1.4075,4.7622
spider-sat18-strips-p16,0,False,997,9965,29293,40486,1222,54084,125589,0,0,0,0,0,0,,0.0,22.0,22,22,0.679,2.3839,5.5038,0.1266,0.0,0.0,0.0,2.5488,11.2552
spider-sat18-strips-p17,2,False,1135,10942,31190,43527,1388,60328,130455,0,0,0,0,0,1390,,0.0,26.0,29,29,0.8012,2.8765,6.1132,0.1471,0.0,0.0,0.0,898.4143,908.3723
spider-sat18-strips-p18,2,False,1454,16271,45101,63107,1729,83648,190454,0,0,0,0,0,1,,0.0,26.0,29,29,1.43,5.7734,16.7722,0.2521,0.0,0.0,0.0,875.8445,900.0938
spider-sat18-strips-p19,0,False,1819,22078,63634,87842,2124,116410,273284,0,0,0,0,0,0,,0.0,28.0,28,28,2.4672,10.5094,34.8213,0.4125,0.0,0.0,0.0,13.533,61.7747
spider-sat18-strips-p20,2,False,1995,24390,69418,96140,2326,127819,295261,0,0,0,0,0,1,,0.0,33.0,34,34,3.7062,13.6733,41.5655,0.4643,0.0,0.0,0.0,840.6532,900.0963
storage-p01,0,True,0,2,7,17,7,23,9,0,0,0,0,0,0,,0.0,3.0,3,3,0.0219,0.0001,0.0,0.0013,0.0,0.0,0.0,0.0013,0.0249
storage-p02,0,True,8,12,20,44,12,57,37,0,0,0,0,0,0,,0.0,3.0,3,3,0.0215,0.0001,0.0,0.0034,0.0,0.0,0.0,0.0042,0.0298
storage-p03,0,True,16,27,42,89,20,114,80,0,0,0,0,0,0,,0.0,3.0,3,3,0.023,0.0002,0.0,0.0016,0.0,0.0,0.0,0.0052,0.0305
storage-p04,0,True,2,9,16,38,13,43,15,0,0,0,0,0,0,,0.0,6.0,6,6,0.0051,0.0001,0.0,0.0013,0.0,0.0,0.0,0.0015,0.0085
storage-p05,0,True,24,68,105,202,29,244,202,0,0,0,0,0,0,,0.0,6.0,6,6,0.0053,0.0004,0.0,0.0072,0.0,0.0,0.0,0.0101,0.0236
storage-p06,0,True,31,101,153,290,36,352,313,0,0,0,0,0,0,,0.0,6.0,6,6,0.0103,0.0005,0.0001,0.0056,0.0,0.0,0.0,0.0135,0.0311
storage-p07,0,True,4,16,26,60,18,67,34,0,0,0,0,0,0,,0.0,10.0,10,10,0.0063,0.0003,0.0,0.0014,0.0,0.0,0.0,0.0039,0.0122
storage-p08,0,True,44,162,238,451,51,532,483,0,0,0,0,0,0,,0.0,8.0,8,8,0.0068,0.0009,0.0001,0.0041,0.0,0.0,0.0,0.018,0.0304
storage-p09,0,True,53,253,372,685,60,820,783,0,0,0,0,0,0,,0.0,7.0,7,7,0.0071,0.0014,0.0002,0.0018,0.0,0.0,0.0,0.0295,0.0404
storage-p10,0,True,6,24,37,84,23,90,42,0,0,0,0,0,0,,0.0,12.0,12,12,0.0053,0.0004,0.0,0.0073,0.0,0.0,0.0,0.0041,0.0177
storage-p11,0,True,69,344,501,923,78,1084,1026,0,0,0,0,0,0,,0.0,9.0,9,9,0.009,0.002,0.0003,0.0047,0.0,0.0,0.0,0.0383,0.0547
storage-p12,0,True,82,478,699,1268,91,1499,1470,0,0,0,0,0,0,,0.0,9.0,9,9,0.0095,0.003,0.0003,0.0056,0.0,0.0,0.0,0.0514,0.0707
storage-p13,0,True,8,21,38,88,29,99,39,0,0,0,0,0,0,,0.0,12.0,12,12,0.0232,0.0006,0.0,0.0031,0.0,0.0,0.0,0.0023,0.0299
storage-p14,0,True,102,262,355,731,114,959,736,0,0,0,0,0,0,,0.0,13.0,13,13,0.0076,0.0028,0.0003,0.0052,0.0,0.0,0.0,0.031,0.0476
storage-p15,0,True,117,383,509,1021,129,1378,1079,0,0,0,0,0,0,,0.0,11.0,11,11,0.0104,0.0045,0.0004,0.0031,0.0,0.0,0.0,0.0414,0.0605
storage-p16,0,True,158,714,937,1823,172,2287,1933,0,0,0,0,0,0,,0.0,13.0,13,13,0.0141,0.0093,0.0008,0.0033,0.0,0.0,0.0,0.073,0.1014
storage-p17,0,True,205,979,1280,2480,221,3135,2709,0,0,0,0,0,0,,0.0,15.0,15,15,0.0172,0.0152,0.0013,0.0047,0.0,0.0,0.0,0.1041,0.1434
storage-p18,0,True,259,1388,1813,3478,277,4290,3784,0,0,0,0,0,0,,0.0,18.0,18,18,0.0208,0.0248,0.0022,0.0047,0.0,0.0,0.0,0.1308,0.1842
storage-p19,0,True,317,1385,1742,3465,338,4447,3663,0,0,0,0,0,0,,0.0,19.0,19,19,0.0234,0.0365,0.0022,0.0048,0.0,0.0,0.0,0.1277,0.1956
storage-p20,0,True,381,1846,2302,4552,404,5779,4784,0,0,0,0,0,0,,0.0,22.0,22,22,0.0305,0.0536,0.0036,0.0063,0.0,0.0,0.0,0.1528,0.2479
storage-p21,0,True,488,2668,3311,6492,513,8476,7088,0,0,0,0,0,0,,0.0,24.0,24,24,0.048,0.1034,0.0071,0.0093,0.0,0.0,0.0,0.2625,0.4316
storage-p22,0,True,567,3753,4648,8995,594,11261,9888,0,0,0,0,0,0,,0.0,25.0,25,25,0.0627,0.158,0.0097,0.0131,0.0,0.0,0.0,0.3067,0.5514
storage-p23,0,True,654,3741,4550,8975,684,11686,9734,0,0,0,0,0,0,,0.0,28.0,28,28,0.0948,0.2089,0.0115,0.018,0.0,0.0,0.0,0.3113,0.6464
storage-p24,0,True,745,3764,4551,9092,777,12237,9835,0,0,0,0,0,0,,0.0,29.0,29,29,0.0868,0.2325,0.0138,0.0164,0.0,0.0,0.0,0.3484,0.6998
storage-p25,0,True,844,4785,5762,11425,878,14962,12411,0,0,0,0,0,0,,0.0,33.0,33,33,0.115,0.3484,0.0232,0.0238,0.0,0.0,0.0,0.4505,0.9628
storage-p26,0,True,995,7701,9166,17898,1031,22654,19523,0,0,0,0,0,0,,0.0,34.0,34,34,0.1874,0.58,0.0301,0.0349,0.0,0.0,0.0,0.6547,1.4903
storage-p27,0,True,1110,8072,9632,18853,1149,24403,20839,0,0,0,0,0,0,,0.0,36.0,36,36,0.2216,0.7589,0.04,0.0385,0.0,0.0,0.0,0.6608,1.7223
storage-p28,0,True,1229,8437,10016,19723,1270,25953,21776,0,0,0,0,0,0,,0.0,38.0,38,38,0.2515,0.8769,0.0472,0.0419,0.0,0.0,0.0,0.7101,1.9305
storage-p29,0,True,1354,10309,12141,23847,1397,30674,26185,0,0,0,0,0,0,,0.0,40.0,40,40,0.3354,1.2197,0.0566,0.0548,0.0,0.0,0.0,0.8421,2.513
storage-p30,0,True,1484,11401,13360,26290,1529,33677,28727,0,0,0,0,0,0,,0.0,41.0,41,41,0.3811,1.5139,0.0599,0.0732,0.0,0.0,0.0,0.9514,2.9839
termes-opt18-strips-p01,0,True,41,107,107,259,45,363,314,0,0,0,0,0,0,,0.0,9.0,9,9,0.0059,0.001,0.0001,0.0015,0.0,0.0,0.0,0.0131,0.0221
termes-opt18-strips-p02,0,True,35,106,107,259,45,363,315,0,0,0,0,0,0,,0.0,11.0,11,11,0.0056,0.001,0.0001,0.0016,0.0,0.0,0.0,0.0092,0.0179
termes-opt18-strips-p03,0,True,51,135,135,326,56,480,428,0,0,0,0,0,0,,0.0,10.0,10,10,0.0062,0.0014,0.0002,0.0013,0.0,0.0,0.0,0.0143,0.0238
termes-opt18-strips-p04,0,True,48,135,135,326,56,480,444,0,0,0,0,0,0,,0.0,16.0,16,16,0.0089,0.0015,0.0002,0.0013,0.0,0.0,0.0,0.0142,0.0265
termes-opt18-strips-p05,0,True,61,163,163,393,67,597,546,0,0,0,0,0,0,,0.0,12.0,15,12,0.0067,0.0019,0.0003,0.0014,0.0,0.0,0.0,0.0201,0.031
termes-opt18-strips-p06,0,True,56,163,163,393,67,597,566,0,0,0,0,0,0,,0.0,18.0,20,18,0.0067,0.002,0.0003,0.0014,0.0,0.0,0.0,0.0261,0.0371
termes-opt18-strips-p07,0,True,65,190,191,460,78,714,651,0,0,0,0,0,0,,0.0,14.0,18,14,0.0097,0.0024,0.0004,0.0056,0.0,0.0,0.0,0.0168,0.0354
termes-opt18-strips-p08,0,True,63,190,191,460,78,714,661,0,0,0,0,0,0,,0.0,18.0,20,18,0.01,0.0024,0.0004,0.0022,0.0,0.0,0.0,0.0178,0.034
termes-opt18-strips-p09,0,True,81,219,219,527,89,831,783,0,0,0,0,0,0,,0.0,16.0,16,16,0.0169,0.0031,0.0005,0.0073,0.0,0.0,0.0,0.0256,0.0553
termes-opt18-strips-p10,0,True,76,219,219,527,89,831,793,0,0,0,0,0,0,,0.0,18.0,24,18,0.0202,0.0031,0.0007,0.0151,0.0,0.0,0.0,0.0354,0.0781
termes-opt18-strips-p11,0,True,35,107,107,259,45,363,329,0,0,0,0,0,0,,0.0,16.0,17,16,0.0065,0.0011,0.0001,0.0057,0.0,0.0,0.0,0.0157,0.0297
termes-opt18-strips-p12,0,True,34,107,107,259,45,363,323,0,0,0,0,0,0,,0.0,14.0,15,14,0.0061,0.0011,0.0001,0.0089,0.0,0.0,0.0,0.0107,0.0274
termes-opt18-strips-p13,0,True,42,135,135,326,56,480,449,0,0,0,0,0,0,,0.0,21.0,21,21,0.012,0.0015,0.0002,0.0026,0.0,0.0,0.0,0.0157,0.0325
termes-opt18-strips-p14,0,True,41,135,135,326,56,480,450,0,0,0,0,0,0,,0.0,18.0,24,18,0.0084,0.0015,0.0003,0.002,0.0,0.0,0.0,0.0163,0.0289
termes-opt18-strips-p15,0,True,53,163,163,393,67,597,570,0,0,0,0,0,0,,0.0,23.0,25,23,0.0075,0.0021,0.0004,0.0022,0.0,0.0,0.0,0.0441,0.0568
termes-opt18-strips-p16,0,True,50,163,163,393,67,597,581,0,0,0,0,0,0,,0.0,26.0,31,26,0.0072,0.0021,0.0004,0.002,0.0,0.0,0.0,0.0331,0.0453
termes-opt18-strips-p17,0,True,29,117,117,279,45,389,377,0,0,0,0,0,0,,0.0,25.0,26,25,0.0064,0.0012,0.0002,0.0016,0.0,0.0,0.0,0.0323,0.0423
termes-opt18-strips-p18,0,True,30,107,107,259,45,363,346,0,0,0,0,0,0,,0.0,21.0,22,21,0.0069,0.0011,0.0002,0.0015,0.0,0.0,0.0,0.0189,0.0291
termes-opt18-strips-p19,0,True,41,147,147,350,56,512,485,0,0,0,0,0,0,,0.0,19.0,22,19,0.0067,0.0016,0.0003,0.0019,0.0,0.0,0.0,0.0236,0.0345
termes-opt18-strips-p20,0,True,37,135,135,326,56,480,460,0,0,0,0,0,0,,0.0,24.0,26,24,0.0069,0.0016,0.0003,0.0025,0.0,0.0,0.0,0.0145,0.0268
termes-sat18-strips-p01,0,True,69,205,205,486,76,710,651,0,0,0,0,0,0,,0.0,14.0,16,14,0.0085,0.0025,0.0004,0.0022,0.0,0.0,0.0,0.0283,0.0425
termes-sat18-strips-p02,0,True,63,205,205,486,76,710,673,0,0,0,0,0,0,,0.0,22.0,25,22,0.0078,0.0026,0.0004,0.002,0.0,0.0,0.0,0.0593,0.0727
termes-sat18-strips-p03,0,True,79,247,247,585,91,881,823,0,0,0,0,0,0,,0.0,19.0,20,19,0.0099,0.0036,0.0006,0.002,0.0,0.0,0.0,0.0247,0.0414
termes-sat18-strips-p04,0,True,63,217,217,510,76,742,706,0,0,0,0,0,0,,0.0,23.0,23,23,0.0083,0.0028,0.0005,0.0017,0.0,0.0,0.0,0.0253,0.0391
termes-sat18-strips-p05,0,True,76,247,247,585,91,881,844,0,0,0,0,0,0,,0.0,24.0,28,24,0.0078,0.0035,0.0006,0.0029,0.0,0.0,0.0,0.0607,0.0761
termes-sat18-strips-p06,0,True,94,289,289,684,106,1052,1011,0,0,0,0,0,0,,0.0,25.0,28,25,0.0087,0.0045,0.0008,0.0024,0.0,0.0,0.0,0.098,0.115
termes-sat18-strips-p07,0,True,90,289,289,684,106,1052,1014,0,0,0,0,0,0,,0.0,28.0,31,28,0.0094,0.0046,0.0009,0.0023,0.0,0.0,0.0,0.0795,0.0972
termes-sat18-strips-p08,0,True,113,331,331,783,121,1223,1173,0,0,0,0,0,0,,0.0,19.0,25,19,0.0125,0.0055,0.0014,0.0018,0.0,0.0,0.0,0.0533,0.0752
termes-sat18-strips-p09,0,True,119,372,373,882,136,1394,1317,0,0,0,0,0,0,,0.0,18.0,24,18,0.0124,0.0065,0.0011,0.0023,0.0,0.0,0.0,0.0333,0.0563
termes-sat18-strips-p10,0,True,141,415,415,981,151,1565,1504,0,0,0,0,0,0,,0.0,20.0,27,20,0.0138,0.0082,0.0013,0.0024,0.0,0.0,0.0,0.059,0.0854
termes-sat18-strips-p11,0,True,50,215,215,503,73,642,582,0,0,0,0,0,0,,0.0,34.0,37,34,0.0075,0.0026,0.0006,0.0016,0.0,0.0,0.0,0.1697,0.1825
termes-sat18-strips-p12,0,True,59,289,289,675,97,936,920,0,0,0,0,0,154,,0.0,51.0,54,51,0.0093,0.0045,0.0011,0.0021,0.0,0.0,0.0,0.2392,0.2567
termes-sat18-strips-p13,0,True,68,363,363,847,121,1230,1247,0,0,0,0,0,478,,0.0,66.0,75,66,0.012,0.0068,0.0018,0.0019,0.0,0.0,0.0,0.4161,0.4395
termes-sat18-strips-p14,0,True,77,437,437,1019,145,1524,1582,0,0,0,0,0,136,,0.0,81.0,96,81,0.0135,0.0099,0.0029,0.0024,0.0,0.0,0.0,0.4403,0.4699
termes-sat18-strips-p15,0,True,86,511,511,1191,169,1818,1915,0,0,0,0,0,439,,0.0,96.0,118,96,0.0361,0.0137,0.0041,0.0066,0.0,0.0,0.0,0.6668,0.7281
termes-sat18-strips-p16,0,True,40,219,219,515,77,715,714,0,0,0,0,0,0,,0.0,44.0,44,44,0.0078,0.003,0.0006,0.0041,0.0,0.0,0.0,0.0223,0.0384
termes-sat18-strips-p17,0,True,43,275,275,646,96,940,977,0,0,0,0,0,0,,0.0,60.0,60,60,0.011,0.0046,0.001,0.0033,0.0,0.0,0.0,0.0335,0.054
termes-sat18-strips-p18,0,True,76,437,437,1019,145,1524,1573,0,0,0,0,0,0,,0.0,76.0,77,76,0.0134,0.0106,0.0023,0.004,0.0,0.0,0.0,0.1361,0.1673
termes-sat18-strips-p19,0,True,84,511,511,1191,169,1818,1906,0,0,0,0,0,0,,0.0,92.0,93,92,0.0148,0.0146,0.0034,0.0061,0.0,0.0,0.0,0.145,0.1845
termes-sat18-strips-p20,0,True,165,873,873,2019,273,3114,3266,0,0,0,0,0,0,,0.0,118.0,120,118,0.0249,0.0394,0.01,0.0093,0.0,0.0,0.0,0.5908,0.6752
tetris-opt14-strips-p01-10,0,False,715,6434,6882,14044,728,14600,11161,0,0,0,0,0,0,,0.0,16.0,16,16,0.1347,0.2141,0.0087,0.021,0.0,0.0,0.0,0.3167,0.6973
tetris-opt14-strips-p01-6,0,False,401,3372,3570,7356,414,7756,6451,0,0,0,0,0,0,,0.0,17.0,17,17,0.0462,0.0671,0.0036,0.009,0.0,0.0,0.0,0.1823,0.3095
tetris-opt14-strips-p01-8,0,False,805,8765,9584,19166,817,19895,15277,0,0,0,0,0,0,,0.0,17.0,17,17,0.1554,0.3044,0.0116,0.0297,0.0,0.0,0.0,0.5603,1.0646
tetris-opt14-strips-p02-10,0,False,713,6367,6949,14044,728,14618,11247,0,0,0,0,0,0,,0.0,19.0,19,19,0.1185,0.2105,0.0099,0.0208,0.0,0.0,0.0,0.4713,0.8333
tetris-opt14-strips-p02-4,0,False,200,1753,2086,4045,206,4273,3563,0,0,0,0,0,0,,0.0,8.0,8,8,0.0213,0.0167,0.001,0.0049,0.0,0.0,0.0,0.1206,0.1653
tetris-opt14-strips-p02-6,0,False,579,6041,6760,13391,590,14139,12443,0,0,0,0,0,0,,0.0,15.0,15,15,0.092,0.1594,0.0077,0.0184,0.0,0.0,0.0,0.3493,0.6289
tetris-opt14-strips-p02-8,0,False,805,8786,9394,18999,819,19858,16649,0,0,0,0,0,0,,0.0,19.0,19,19,0.1605,0.3095,0.0128,0.0296,0.0,0.0,0.0,0.44,0.956
tetris-opt14-strips-p03-10,0,False,1936,22500,23999,48455,1956,50847,44651,0,0,0,0,0,0,,0.0,27.0,27,27,0.7626,1.9357,0.0594,0.1422,0.0,0.0,0.0,1.6311,4.5367
tetris-opt14-strips-p03-4,0,False,152,1560,1857,3576,159,3814,3611,0,0,0,0,0,0,,0.0,7.0,7,7,0.0203,0.015,0.0011,0.0046,0.0,0.0,0.0,0.1085,0.1505
tetris-opt14-strips-p03-6,0,False,327,3112,3507,6956,337,7308,6096,0,0,0,0,0,0,,0.0,11.0,11,11,0.0616,0.0492,0.0032,0.0081,0.0,0.0,0.0,0.208,0.3315
tetris-opt14-strips-p03-8,0,False,1407,16887,18110,36419,1422,38405,35464,0,0,0,0,0,0,,0.0,20.0,20,20,0.4573,1.0877,0.0316,0.077,0.0,0.0,0.0,0.8934,2.5526
tetris-opt14-strips-p04-10,0,False,1880,18314,19473,39688,1901,41819,36757,0,0,0,0,0,0,,0.0,28.0,28,28,0.5572,1.5736,0.0513,0.1098,0.0,0.0,0.0,0.863,3.1613
tetris-opt14-strips-p04-6,0,False,402,3349,3761,7524,414,7964,6945,0,0,0,0,0,0,,0.0,14.0,14,14,0.045,0.0656,0.004,0.0098,0.0,0.0,0.0,0.1943,0.32
tetris-opt14-strips-p04-8,0,False,1156,12978,13959,28111,1174,29623,26650,0,0,0,0,0,0,,0.0,25.0,25,25,0.3039,0.7792,0.0331,0.0579,0.0,0.0,0.0,0.9101,2.0902
tetris-opt14-strips-p05-10,0,False,1806,22189,23606,47617,1822,49592,40418,0,0,0,0,0,0,,0.0,23.0,23,23,0.7129,1.7426,0.0534,0.1251,0.0,0.0,0.0,1.202,3.8408
tetris-opt14-strips-p05-6,0,False,326,3165,3568,7068,335,7359,5657,0,0,0,0,0,0,,0.0,12.0,12,12,0.041,0.0508,0.0029,0.008,0.0,0.0,0.0,0.2946,0.3988
tetris-opt14-strips-p05-8,0,False,1407,16857,18347,36628,1424,38971,38973,0,0,0,0,0,0,,0.0,22.0,22,22,0.4618,1.1126,0.0486,0.0793,0.0,0.0,0.0,1.3868,3.0952
tetris-sat14-strips-p020,0,False,844,6801,7353,15012,858,15539,11071,0,0,0,0,0,0,,0.0,19.0,19,19,0.1171,0.2482,0.0078,0.0242,0.0,0.0,0.0,0.4627,0.8641
tetris-sat14-strips-p021,0,False,2289,22653,23902,48869,2314,51151,42740,0,0,0,0,0,0,,0.0,35.0,35,35,0.8176,2.5756,0.0843,0.1503,0.0,0.0,0.0,1.3752,5.0125
tetris-sat14-strips-p022,0,False,1420,14823,15656,31917,1438,33026,24548,0,0,0,0,0,0,,0.0,24.0,24,24,0.4029,0.8957,0.0284,0.0698,0.0,0.0,0.0,1.2378,2.6393
tetris-sat14-strips-p023,0,False,1579,15306,16107,33013,1600,34429,27674,0,0,0,0,0,0,,0.0,28.0,28,28,0.4406,1.0892,0.0352,0.0803,0.0,0.0,0.0,1.0309,2.6813
tetris-sat14-strips-p024,0,False,1812,21049,22142,45024,1833,46965,39093,0,0,0,0,0,0,,0.0,28.0,28,28,0.7311,1.7439,0.0539,0.1211,0.0,0.0,0.0,1.7279,4.383
tetris-sat14-strips-p025,0,False,1028,8439,8785,18269,1045,18918,13544,0,0,0,0,0,0,,0.0,22.0,22,22,0.1845,0.372,0.0163,0.0321,0.0,0.0,0.0,0.3989,1.0073
tetris-sat14-strips-p026,0,False,3308,40991,43497,87822,3334,92715,88036,0,0,0,0,0,0,,0.0,37.0,37,37,2.2428,6.8914,0.2096,0.3248,0.0,0.0,0.0,3.5896,13.2709
tetris-sat14-strips-p027,0,False,2917,34796,36717,74455,2942,78591,73936,0,0,0,0,0,0,,0.0,33.0,33,33,1.705,5.0691,0.1608,0.2677,0.0,0.0,0.0,2.9958,10.2062
tetris-sat14-strips-p028,0,False,2524,28402,29967,60917,2548,64015,57044,0,0,0,0,0,0,,0.0,33.0,33,33,1.2082,3.5064,0.1034,0.1977,0.0,0.0,0.0,1.4599,6.4848
tetris-sat14-strips-p029,0,False,1188,8970,9420,19599,1209,20506,15921,0,0,0,0,0,0,,0.0,25.0,25,25,0.2189,0.4989,0.0196,0.0387,0.0,0.0,0.0,0.4219,1.2024
tetris-sat14-strips-p031,0,False,4095,49568,51748,105440,4124,110732,99679,0,0,0,0,0,0,,0.0,41.0,41,41,3.2365,11.2916,0.3396,0.4516,0.0,0.0,0.0,4.2438,19.578
tetris-sat14-strips-p032,0,False,1678,17509,18649,37853,1695,39143,29080,0,0,0,0,0,0,,0.0,22.0,22,22,0.5591,1.3522,0.0489,0.0899,0.0,0.0,0.0,1.1698,3.2258
tetris-sat14-strips-p033,0,False,3819,42667,44871,91385,3847,95996,85571,0,0,0,0,0,0,,0.0,38.0,38,38,2.4972,9.2062,0.347,0.3841,0.0,0.0,0.0,3.7373,16.1848
tetris-sat14-strips-p034,0,False,3817,42660,44863,91368,3845,95450,80178,0,0,0,0,0,0,,0.0,39.0,39,39,2.4336,8.9458,0.249,0.3812,0.0,0.0,0.0,3.5041,15.5266
tetris-sat14-strips-p035,0,False,3906,48998,51020,103950,3932,108099,87786,0,0,0,0,0,0,,0.0,38.0,38,38,3.0238,9.487,0.2136,0.4789,0.0,0.0,0.0,4.042,17.2571
tetris-sat14-strips-p036,0,False,3256,40807,42419,86503,3277,89442,68192,0,0,0,0,0,0,,0.0,29.0,29,29,2.1688,6.32,0.1222,0.3075,0.0,0.0,0.0,2.0554,10.9875
tetris-sat14-strips-p037,0,False,1773,11994,12255,26048,1799,27154,19829,0,0,0,0,0,0,,0.0,34.0,34,34,0.3521,0.9667,0.038,0.0683,0.0,0.0,0.0,0.5331,1.9612
tetris-sat14-strips-p038,0,False,2980,33929,35472,72405,3004,75435,61605,0,0,0,0,0,0,,0.0,33.0,33,33,1.6583,5.2129,0.1488,0.2395,0.0,0.0,0.0,2.3118,9.5823
tetris-sat14-strips-p039,0,False,4095,49442,51588,105154,4124,110435,99378,0,0,0,0,0,0,,0.0,41.0,41,41,3.2584,11.9289,0.3142,0.4764,0.0,0.0,0.0,4.2156,20.2083
tetris-sat14-strips-p040,0,False,3167,34620,36272,74088,3196,77896,69570,0,0,0,0,0,0,,0.0,39.0,39,39,1.8091,5.7686,0.1805,0.2684,0.0,0.0,0.0,3.0042,11.0383
thoughtful-mco14-strips-p11_6_65-typed,2,True,417,6375,27829,34793,587,45385,99031,0,0,0,0,0,43,,0.0,60.523,78,78,0.0739,0.4293,0.2014,0.0773,0.0,0.0,0.0,899.286,900.0728
thoughtful-mco14-strips-p11_6_74-typed,2,True,427,6872,30165,37634,594,48015,107582,0,0,0,0,0,0,,0.0,67.0,79,79,0.0746,0.4281,0.2764,0.0842,0.0,0.0,0.0,899.1871,900.0743
thoughtful-mco14-strips-p11_6_75-typed,2,True,422,6567,28309,35470,591,47101,102635,0,0,0,0,0,74,,0.0,61.224,81,81,0.0787,0.4777,0.1916,0.0793,0.0,0.0,0.0,899.2618,900.0953
thoughtful-mco14-strips-p11_6_78-typed,2,True,420,6750,29366,36704,586,47786,105811,0,0,0,0,0,9,,0.0,59.375,79,79,0.0797,0.5115,0.2149,0.081,0.0,0.0,0.0,899.2324,900.1266
thoughtful-mco14-strips-p11_6_88-typed,2,True,424,6706,29851,37148,590,47728,104016,0,0,0,0,0,0,,0.0,61.0,83,83,0.077,0.5005,0.2579,0.0819,0.0,0.0,0.0,899.2056,900.1594
thoughtful-mco14-strips-p11_6_89-typed,2,True,413,6473,27592,34649,583,45090,98227,0,0,0,0,0,0,,0.0,72.4,86,86,0.0758,0.5333,0.2309,0.0767,0.0,0.0,0.0,899.1275,900.0477
thoughtful-mco14-strips-p11_6_98-typed,2,True,411,6196,25687,32468,584,42369,89927,0,0,0,0,0,2,,0.0,66.0,82,82,0.0794,0.4557,0.2264,0.0671,0.0,0.0,0.0,899.2817,900.1173
thoughtful-mco14-strips-p11_6_99-typed,2,True,414,6104,25753,32442,584,42536,91582,0,0,0,0,0,1,,0.0,62.5,82,82,0.0852,0.6421,0.2096,0.0683,0.0,0.0,0.0,899.0461,900.0579
thoughtful-mco14-strips-p13_7_55-typed,2,True,462,7193,31453,39314,667,51254,110901,0,0,0,0,0,0,,0.0,71.5,97,97,0.1039,0.5909,0.3467,0.0928,0.0,0.0,0.0,898.9429,900.0811
thoughtful-mco14-strips-p13_7_56-typed,2,True,473,7927,35008,43613,675,56039,126098,0,0,0,0,0,9,,0.0,72.361,91,91,0.0901,0.6054,0.3617,0.1018,0.0,0.0,0.0,898.9129,900.0831
thoughtful-mco14-strips-p13_7_58-typed,2,True,465,7278,31874,39822,669,52129,113741,0,0,0,0,0,91,,0.0,72.894,97,97,0.0991,0.5171,0.3542,0.0943,0.0,0.0,0.0,899.0528,900.1235
thoughtful-mco14-strips-p13_7_61-typed,2,True,470,7800,34287,42761,672,54902,122155,0,0,0,0,0,0,,0.0,74.5,100,100,0.1128,0.7599,0.3734,0.1006,0.0,0.0,0.0,898.7484,900.1019
thoughtful-mco14-strips-p13_7_62-typed,2,True,470,7615,33123,41414,673,53303,118590,0,0,0,0,0,0,,0.0,74.002,98,98,0.1108,0.6563,0.3765,0.097,0.0,0.0,0.0,898.8271,900.0733
thoughtful-mco14-strips-p13_7_64-typed,2,True,465,7651,33431,41754,670,53860,119319,0,0,0,0,0,3,,0.0,76.935,102,102,0.115,0.8029,0.2777,0.0985,0.0,0.0,0.0,898.8134,900.1196
thoughtful-mco14-strips-p13_7_68-typed,2,True,459,7288,30916,38870,665,50920,113428,0,0,0,0,0,1,,0.0,73.0,102,102,0.1184,0.9407,0.3416,0.0932,0.0,0.0,0.0,898.5583,900.0574
thoughtful-mco14-strips-p13_7_69-typed,2,True,458,7040,30074,37780,665,49116,106479,0,0,0,0,0,0,,0.0,77.015,100,100,0.1139,0.821,0.2963,0.0916,0.0,0.0,0.0,898.7221,900.0487
thoughtful-mco14-strips-p13_7_72-typed,2,True,464,7299,31347,39316,669,51459,113257,0,0,0,0,0,7,,0.0,76.0,98,97,0.1114,0.6469,0.3296,0.0944,0.0,0.0,0.0,898.9711,900.1608
thoughtful-mco14-strips-p13_7_74-typed,2,True,463,7645,31852,40171,671,52467,114742,0,0,0,0,0,0,,0.0,78.707,98,98,0.1091,0.6857,0.3417,0.0961,0.0,0.0,0.0,898.8555,900.0925
thoughtful-mco14-strips-p13_7_79-typed,2,True,462,7587,32954,41207,664,53367,119263,0,0,0,0,0,9,,0.0,71.616,98,98,0.1105,0.7272,0.3005,0.0981,0.0,0.0,0.0,898.8839,900.1322
thoughtful-mco14-strips-p13_7_86-typed,2,True,458,7244,31435,39344,664,51192,111884,0,0,0,0,0,0,,0.0,72.0,103,103,0.1132,0.7611,0.407,0.0958,0.0,0.0,0.0,898.6632,900.0439
thoughtful-sat14-strips-bootstrap-typed-01,0,True,108,618,2603,3405,182,4959,8177,0,0,0,0,0,16370,,0.0,26.0,31,26,0.0271,0.0125,0.0031,0.0071,0.0,0.0,0.0,226.3381,226.3897
thoughtful-sat14-strips-bootstrap-typed-02,0,True,108,624,2624,3433,183,4979,8290,0,0,0,0,0,0,,0.0,24.0,29,24,0.0284,0.011,0.0033,0.0061,0.0,0.0,0.0,1.1222,1.172
thoughtful-sat14-strips-bootstrap-typed-03,0,True,109,599,2518,3303,184,4808,7889,0,0,0,0,0,0,,0.0,25.0,32,25,0.027,0.011,0.0031,0.0058,0.0,0.0,0.0,1.1123,1.1601
thoughtful-sat14-strips-bootstrap-typed-04,0,True,107,636,2639,3459,181,4938,8601,0,0,0,0,0,11805,,0.0,26.0,32,26,0.0307,0.012,0.0033,0.006,0.0,0.0,0.0,168.559,168.6127
thoughtful-sat14-strips-bootstrap-typed-05,2,True,103,543,2309,3031,179,4466,6797,0,0,0,0,0,113572,,0.0,24.138,34,29,0.0276,0.0109,0.0035,0.0058,0.0,0.0,0.0,899.9626,900.1159
thoughtful-sat14-strips-p11_6_53-typed,2,True,418,6486,28334,35406,585,45824,99875,0,0,0,0,0,0,,0.0,65.0,85,85,0.0804,0.5605,0.1792,0.0779,0.0,0.0,0.0,899.1859,900.0876
thoughtful-sat14-strips-p11_6_59-typed,2,True,416,6436,27891,34911,583,45762,100775,0,0,0,0,0,7,,0.0,61.48,82,82,0.075,0.5091,0.2384,0.0787,0.0,0.0,0.0,899.1749,900.0794
thoughtful-sat14-strips-p11_6_62-typed,2,True,419,6573,28376,35537,586,46460,102382,0,0,0,0,0,0,,0.0,61.0,84,84,0.0824,0.4939,0.2138,0.0805,0.0,0.0,0.0,899.2114,900.0856
thoughtful-sat14-strips-p13_7_78-typed,2,True,463,7558,32229,40458,669,53264,118100,0,0,0,0,0,40,,0.0,74.895,99,99,0.1005,0.9381,0.2978,0.0967,0.0,0.0,0.0,898.6575,900.0972
thoughtful-sat14-strips-p13_7_79-typed,2,True,462,7587,32954,41207,664,53367,119263,0,0,0,0,0,9,,0.0,71.616,98,98,0.1132,0.7314,0.2872,0.1034,0.0,0.0,0.0,898.8886,900.1371
thoughtful-sat14-strips-p13_7_86-typed,2,True,458,7244,31435,39344,664,51192,111884,0,0,0,0,0,0,,0.0,72.0,103,103,0.1122,0.7618,0.4071,0.0953,0.0,0.0,0.0,898.6674,900.3032
thoughtful-sat14-strips-target-typed-20,2,True,461,7259,31237,39165,667,51476,112550,0,0,0,0,0,1,,0.0,71.533,97,97,0.11,0.6269,0.3255,0.0922,0.0,0.0,0.0,898.897,900.0559
thoughtful-sat14-strips-target-typed-21,2,True,466,7402,31960,40032,669,52035,113267,0,0,0,0,0,0,,0.0,79.906,100,100,0.1896,0.8067,0.3319,0.094,0.0,0.0,0.0,898.6394,900.0669
thoughtful-sat14-strips-target-typed-22,2,True,456,7510,31990,40166,665,51963,114800,0,0,0,0,0,3,,0.0,75.18,101,101,0.1083,0.7671,0.3628,0.0949,0.0,0.0,0.0,898.7556,900.1001
thoughtful-sat14-strips-target-typed-23,2,True,461,7321,31750,39740,668,51300,112350,0,0,0,0,0,0,,0.0,82.0,100,100,0.1103,0.7144,0.3174,0.0942,0.0,0.0,0.0,898.8027,900.0434
thoughtful-sat14-strips-target-typed-24,2,True,462,7470,33369,41507,667,52531,115497,0,0,0,0,0,0,,0.0,74.57,102,102,0.1038,0.6608,0.3051,0.0964,0.0,0.0,0.0,898.8783,900.0701
thoughtful-sat14-strips-target-typed-25,2,True,461,7053,30207,37929,667,50169,108155,0,0,0,0,0,52,,0.0,67.39,97,97,0.1187,0.6031,0.2801,0.0916,0.0,0.0,0.0,898.9748,900.0767
thoughtful-sat14-strips-target-typed-26,2,True,461,7163,31480,39312,668,51091,110018,0,0,0,0,0,0,,0.0,73.567,98,98,0.1063,0.6579,0.3043,0.0933,0.0,0.0,0.0,898.9138,900.0802
thoughtful-sat14-strips-target-typed-27,2,True,464,7539,33080,41288,668,53792,118438,0,0,0,0,0,0,,0.0,74.0,94,94,0.1062,0.6197,0.318,0.0974,0.0,0.0,0.0,898.9177,900.0855
thoughtful-sat14-strips-target-typed-28,2,True,454,7051,29311,37028,666,48370,103985,0,0,0,0,0,0,,0.0,75.0,98,98,0.1033,0.6095,0.36,0.0832,0.0,0.0,0.0,898.8905,900.0535
tidybot-opt11-strips-p01,0,True,0,0,4,12,4,8,0,0,0,0,0,0,0,,0.0,4.0,4,4,0.0481,0.0056,0.0,0.0043,0.0,0.0,0.0,0.0009,0.0602
tidybot-opt11-strips-p02,0,True,62,763,1447,2310,95,3018,4033,0,0,0,0,0,0,,0.0,20.0,20,20,0.0687,0.026,0.0012,0.0048,0.0,0.0,0.0,0.1156,0.2172
tidybot-opt11-strips-p03,0,True,68,822,1517,2431,87,3107,4240,0,0,0,0,0,0,,0.0,13.0,13,13,0.0495,0.0219,0.0007,0.0042,0.0,0.0,0.0,0.1936,0.2715
tidybot-opt11-strips-p04,0,True,57,768,1548,2421,100,3220,4339,0,0,0,0,0,0,,0.0,26.0,26,26,0.0502,0.0271,0.0015,0.0046,0.0,0.0,0.0,0.6455,0.7304
tidybot-opt11-strips-p05,0,True,90,2747,5248,8119,119,8780,15339,0,0,0,0,0,0,,0.0,25.0,26,25,0.0816,0.0653,0.0048,0.0111,0.0,0.0,0.0,2.1106,2.2766
tidybot-opt11-strips-p06,0,True,89,2810,5376,8313,122,8929,15676,0,0,0,0,0,0,,0.0,28.0,28,28,0.0831,0.0785,0.0058,0.011,0.0,0.0,0.0,3.2177,3.3985
tidybot-opt11-strips-p07,0,True,94,2841,5391,8350,113,8993,15748,0,0,0,0,0,0,,0.0,14.0,14,14,0.0832,0.0575,0.0024,0.0115,0.0,0.0,0.0,0.5882,0.7448
tidybot-opt11-strips-p08,0,True,90,2747,5248,8119,119,8777,15323,0,0,0,0,0,0,,0.0,20.0,20,20,0.0869,0.0625,0.004,0.0108,0.0,0.0,0.0,0.3291,0.4953
tidybot-opt11-strips-p09,0,True,121,6382,12341,18874,146,18575,36489,0,0,0,0,0,0,,0.0,18.0,18,18,0.147,0.1428,0.0087,0.0251,0.0,0.0,0.0,0.7554,1.0844
tidybot-opt11-strips-p10,0,True,125,6980,13563,20698,150,20681,40150,0,0,0,0,0,201,,0.0,25.0,27,25,0.1459,0.1818,0.0125,0.0279,0.0,0.0,0.0,653.1424,653.5149
tidybot-opt11-strips-p11,0,True,126,6965,13521,20638,147,20565,40035,0,0,0,0,0,0,,0.0,18.0,18,18,0.1451,0.1871,0.008,0.0269,0.0,0.0,0.0,8.4819,8.8548
tidybot-opt11-strips-p12,2,True,125,6979,13565,20699,150,20685,40159,0,0,0,0,0,1377,,0.0,24.0,27,27,0.1445,0.1722,0.0126,0.0274,0.0,0.0,0.0,899.6923,900.0615
tidybot-opt11-strips-p13,0,True,126,6958,13510,20620,147,20567,40004,0,0,0,0,0,0,,0.0,19.0,19,19,0.1622,0.166,0.0086,0.0281,0.0,0.0,0.0,33.2196,33.5894
tidybot-opt11-strips-p14,0,True,158,10925,21291,32397,178,31980,63187,0,0,0,0,0,0,,0.0,18.0,22,18,0.2654,0.2774,0.0154,0.0415,0.0,0.0,0.0,51.8077,52.4185
tidybot-opt11-strips-p15,2,True,163,11569,22559,34310,180,33591,66952,0,0,0,0,0,87,,0.0,19.0,21,21,0.2636,0.3263,0.0176,0.0445,0.0,0.0,0.0,899.4159,900.0785
tidybot-opt11-strips-p16,2,True,153,9562,18653,28396,178,28771,55167,0,0,0,0,0,25,,0.0,24.0,26,25,0.2542,0.3051,0.017,0.0369,0.0,0.0,0.0,899.4499,900.0707
tidybot-opt11-strips-p17,2,True,153,9885,19237,29300,175,29313,56902,0,0,0,0,0,275,,0.0,21.667,27,26,0.2529,0.3039,0.0184,0.0433,0.0,0.0,0.0,899.4495,900.0767
tidybot-opt11-strips-p18,0,True,156,10653,20738,31573,180,31049,61452,0,0,0,0,0,0,,0.0,20.0,20,20,0.2615,0.3186,0.0145,0.0402,0.0,0.0,0.0,16.324,16.9674
tidybot-opt11-strips-p19,2,True,154,10105,19732,30017,176,30086,58457,0,0,0,0,0,6,,0.0,22.0,24,23,0.2541,0.3409,0.0159,0.0383,0.0,0.0,0.0,899.3847,900.0428
tidybot-opt11-strips-p20,0,True,145,8620,16771,25573,178,26029,49605,0,0,0,0,0,0,,0.0,28.0,28,28,0.2733,0.309,0.018,0.0338,0.0,0.0,0.0,1.0635,1.7031
tidybot-opt14-strips-p01,0,True,153,9350,18198,27728,177,28256,53844,0,0,0,0,0,0,,0.0,26.0,26,26,0.2511,0.2804,0.0168,0.0364,0.0,0.0,0.0,18.5175,19.1099
tidybot-opt14-strips-p02,2,True,151,8792,17074,26043,174,26777,50583,0,0,0,0,0,189,,0.0,26.0,29,29,0.2572,0.281,0.0173,0.0375,0.0,0.0,0.0,899.4645,900.0698
tidybot-opt14-strips-p03,0,True,156,10693,20797,31672,180,31193,61655,0,0,0,0,0,0,,0.0,21.0,21,21,0.319,0.3051,0.0153,0.0454,0.0,0.0,0.0,8.0483,8.7445
tidybot-opt14-strips-p04,2,True,160,10875,21217,32269,174,31782,62952,0,0,0,0,0,156,,0.0,18.0,21,21,0.261,0.3149,0.0153,0.0443,0.0,0.0,0.0,899.5159,900.1619
tidybot-opt14-strips-p05,2,True,156,10901,21316,32400,179,32038,63181,0,0,0,0,0,139,,0.0,18.0,23,22,0.2683,0.2805,0.0167,0.0416,0.0,0.0,0.0,899.4724,900.0905
tidybot-opt14-strips-p06,2,True,148,8595,16692,25464,174,26129,49232,0,0,0,0,0,4299,,0.0,24.467,27,27,0.2756,0.3251,0.0158,0.0361,0.0,0.0,0.0,899.3854,900.0448
tidybot-opt14-strips-p07,2,True,158,10722,20834,31738,181,31269,61727,0,0,0,0,0,612,,0.0,22.31,25,25,0.2619,0.3196,0.0182,0.0524,0.0,0.0,0.0,899.3908,900.058
tidybot-opt14-strips-p08,2,True,158,10904,21245,32330,178,31905,63027,0,0,0,0,0,1107,,0.0,17.0,19,19,0.2624,0.2814,0.0139,0.0421,0.0,0.0,0.0,899.462,900.0722
tidybot-opt14-strips-p09,2,True,186,14748,28776,43730,204,43368,85595,0,0,0,0,0,2659,,0.0,21.0,25,24,0.433,0.557,0.0252,0.0663,0.0,0.0,0.0,898.9882,900.0993
tidybot-opt14-strips-p10,2,True,182,14395,28129,42733,207,42396,83480,0,0,0,0,0,68,,0.0,24.773,29,29,0.4332,0.5557,0.0299,0.0624,0.0,0.0,0.0,898.9834,900.0797
tidybot-opt14-strips-p11,0,True,126,6965,13521,20638,147,20565,40035,0,0,0,0,0,0,,0.0,18.0,18,18,0.182,0.1873,0.008,0.033,0.0,0.0,0.0,8.4973,8.9114
tidybot-opt14-strips-p12,2,True,125,6979,13565,20699,150,20685,40159,0,0,0,0,0,1374,,0.0,24.0,27,27,0.1623,0.1717,0.0126,0.0506,0.0,0.0,0.0,899.6499,900.058
tidybot-opt14-strips-p13,0,True,126,6958,13510,20620,147,20567,40004,0,0,0,0,0,0,,0.0,19.0,19,19,0.1719,0.1665,0.0086,0.0355,0.0,0.0,0.0,33.2946,33.6817
tidybot-opt14-strips-p14,0,True,158,10925,21291,32397,178,31980,63187,0,0,0,0,0,0,,0.0,18.0,22,18,0.2456,0.277,0.0156,0.0451,0.0,0.0,0.0,51.776,52.3706
tidybot-opt14-strips-p15,2,True,163,11569,22559,34310,180,33591,66952,0,0,0,0,0,87,,0.0,19.0,21,21,0.2603,0.3215,0.0175,0.052,0.0,0.0,0.0,899.4161,900.0779
tidybot-opt14-strips-p16,2,True,153,9562,18653,28396,178,28771,55167,0,0,0,0,0,25,,0.0,24.0,26,25,0.2579,0.2988,0.0155,0.0377,0.0,0.0,0.0,899.453,900.0703
tidybot-opt14-strips-p17,2,True,153,9885,19237,29300,175,29313,56902,0,0,0,0,0,275,,0.0,21.667,27,26,0.2688,0.3061,0.0185,0.0397,0.0,0.0,0.0,899.4371,900.0777
tidybot-opt14-strips-p18,0,True,156,10653,20738,31573,180,31049,61452,0,0,0,0,0,0,,0.0,20.0,20,20,0.2637,0.3187,0.0144,0.0414,0.0,0.0,0.0,16.3992,17.0467
tidybot-opt14-strips-p19,2,True,154,10105,19732,30017,176,30086,58457,0,0,0,0,0,6,,0.0,22.0,24,23,0.2493,0.34,0.0158,0.0422,0.0,0.0,0.0,899.387,900.0429
tidybot-opt14-strips-p20,0,True,145,8620,16771,25573,178,26029,49605,0,0,0,0,0,0,,0.0,28.0,28,28,0.2725,0.3093,0.0179,0.0397,0.0,0.0,0.0,1.0587,1.7031
tidybot-sat11-strips-p01,0,True,153,9350,18198,27728,177,28256,53844,0,0,0,0,0,0,,0.0,26.0,26,26,0.2545,0.2797,0.0169,0.0372,0.0,0.0,0.0,18.6528,19.2488
tidybot-sat11-strips-p02,2,True,151,8792,17074,26043,174,26777,50583,0,0,0,0,0,189,,0.0,26.0,29,29,0.2557,0.2814,0.0173,0.036,0.0,0.0,0.0,899.4677,900.0657
tidybot-sat11-strips-p03,0,True,156,10693,20797,31672,180,31193,61655,0,0,0,0,0,0,,0.0,21.0,21,21,0.2669,0.3055,0.0153,0.0428,0.0,0.0,0.0,8.0146,8.6578
tidybot-sat11-strips-p04,2,True,160,10875,21217,32269,174,31782,62952,0,0,0,0,0,156,,0.0,18.0,21,21,0.2814,0.3133,0.0153,0.0426,0.0,0.0,0.0,899.436,900.0966
tidybot-sat11-strips-p05,2,True,156,10901,21316,32400,179,32038,63181,0,0,0,0,0,139,,0.0,18.0,23,22,0.2447,0.2811,0.0167,0.0408,0.0,0.0,0.0,899.497,900.089
tidybot-sat11-strips-p06,2,True,148,8595,16692,25464,174,26129,49232,0,0,0,0,0,4299,,0.0,24.467,27,27,0.3739,0.325,0.0167,0.035,0.0,0.0,0.0,899.281,900.0383
tidybot-sat11-strips-p07,2,True,158,10722,20834,31738,181,31269,61727,0,0,0,0,0,612,,0.0,22.31,25,25,0.2834,0.3232,0.018,0.0411,0.0,0.0,0.0,899.3804,900.0583
tidybot-sat11-strips-p08,2,True,158,10904,21245,32330,178,31905,63027,0,0,0,0,0,1107,,0.0,17.0,19,19,0.2686,0.2773,0.0139,0.0418,0.0,0.0,0.0,899.4611,900.0761
tidybot-sat11-strips-p09,2,True,186,14748,28776,43730,204,43368,85595,0,0,0,0,0,2659,,0.0,21.0,25,24,0.4386,0.558,0.0254,0.0617,0.0,0.0,0.0,898.9869,900.0808
tidybot-sat11-strips-p10,2,True,182,14395,28129,42733,207,42396,83480,0,0,0,0,0,68,,0.0,24.773,29,29,0.4321,0.5561,0.03,0.0599,0.0,0.0,0.0,898.9755,900.0667
tidybot-sat11-strips-p11,2,True,195,19284,37817,57320,217,54226,112525,0,0,0,0,0,40,,0.0,23.721,28,28,0.4207,0.588,0.0419,0.0829,0.0,0.0,0.0,898.9655,900.1088
tidybot-sat11-strips-p12,2,True,200,20468,40175,60865,220,57451,119690,0,0,0,0,0,272,,0.0,18.04,23,21,0.4092,0.5854,0.0365,0.0871,0.0,0.0,0.0,899.0202,900.1472
tidybot-sat11-strips-p13,2,True,187,16709,32782,49708,213,48594,97422,0,0,0,0,0,12,,0.0,21.462,27,26,0.4278,0.5154,0.0319,0.1372,0.0,0.0,0.0,898.9801,900.1098
tidybot-sat11-strips-p14,0,True,182,14312,27958,42482,210,42034,82984,0,0,0,0,0,0,,0.0,26.0,27,26,0.435,0.5645,0.0297,0.0586,0.0,0.0,0.0,68.0994,69.2005
tidybot-sat11-strips-p15,0,True,185,16605,32472,49294,215,47174,96523,0,0,0,0,0,0,,0.0,28.0,29,28,0.4196,0.6997,0.0375,0.0668,0.0,0.0,0.0,25.1866,26.4223
tidybot-sat11-strips-p16,2,True,193,19653,38612,58488,219,55547,114930,0,0,0,0,0,1,,0.0,23.0,28,28,0.403,0.6224,0.0423,0.0819,0.0,0.0,0.0,898.9222,900.0804
tidybot-sat11-strips-p17,2,True,230,25953,50979,77181,248,73667,152012,0,0,0,0,0,1,,0.0,22.238,34,29,0.6386,1.044,0.0867,0.1075,0.0,0.0,0.0,898.2158,900.1103
tidybot-sat11-strips-p18,2,True,230,27560,54257,82072,252,77900,161757,0,0,0,0,0,0,,0.0,20.813,26,25,0.654,0.9713,0.08,0.1142,0.0,0.0,0.0,898.2688,900.107
tidybot-sat11-strips-p19,2,True,262,24662,48489,73483,322,75095,144017,0,0,0,0,0,1,,0.0,50.0,59,59,1.4485,2.4831,0.1318,0.1143,0.0,0.0,0.0,895.896,900.091
tidybot-sat11-strips-p20,2,True,268,32324,63714,96353,309,93776,189799,0,0,0,0,0,0,,0.0,40.033,46,46,1.1835,2.0642,0.1758,0.1467,0.0,0.0,0.0,896.5612,900.1557
tpp-p01,0,True,0,2,5,14,5,15,5,0,0,0,0,0,0,,0.0,4.0,4,4,0.0209,0.0,0.0,0.0017,0.0,0.0,0.0,0.0012,0.0243
tpp-p02,0,True,0,3,9,25,9,28,10,0,0,0,0,0,0,,0.0,7.0,7,7,0.0228,0.0001,0.0,0.0032,0.0,0.0,0.0,0.0013,0.0279
tpp-p03,0,True,0,4,13,36,13,41,15,0,0,0,0,0,0,,0.0,10.0,10,10,0.0059,0.0001,0.0,0.0039,0.0,0.0,0.0,0.0013,0.0119
tpp-p04,0,True,0,5,17,47,17,54,20,0,0,0,0,0,0,,0.0,13.0,13,13,0.0263,0.0002,0.0001,0.0051,0.0,0.0,0.0,0.0014,0.0338
tpp-p05,0,True,14,34,44,107,29,125,103,0,0,0,0,0,0,,0.0,17.0,17,17,0.0061,0.0002,0.0,0.0032,0.0,0.0,0.0,0.0047,0.0146
tpp-p06,0,True,37,74,84,212,54,272,211,0,0,0,0,0,0,,0.0,21.0,21,21,0.0257,0.0006,0.0001,0.0079,0.0,0.0,0.0,0.0075,0.0424
tpp-p07,0,True,42,88,100,252,64,324,256,0,0,0,0,0,0,,0.0,26.0,26,26,0.0059,0.0008,0.0002,0.0056,0.0,0.0,0.0,0.0084,0.0215
tpp-p08,0,True,47,100,114,287,73,370,294,0,0,0,0,0,0,,0.0,30.0,30,30,0.0058,0.0011,0.0002,0.0056,0.0,0.0,0.0,0.0093,0.0225
tpp-p09,0,True,81,195,213,515,107,650,486,0,0,0,0,0,0,,0.0,35.0,35,35,0.0079,0.0022,0.0004,0.0088,0.0,0.0,0.0,0.0149,0.0347
tpp-p10,0,True,91,225,243,587,119,740,555,0,0,0,0,0,0,,0.0,39.0,39,39,0.0093,0.0027,0.0005,0.0066,0.0,0.0,0.0,0.0162,0.0361
tpp-p11,0,True,93,219,252,587,116,771,621,0,0,0,0,0,0,,0.0,30.0,30,30,0.0089,0.0034,0.0004,0.0071,0.0,0.0,0.0,0.0177,0.0391
tpp-p12,0,True,109,255,291,678,132,894,711,0,0,0,0,0,0,,0.0,32.0,32,32,0.0106,0.0044,0.0005,0.0019,0.0,0.0,0.0,0.0199,0.038
tpp-p13,0,True,169,458,486,1128,184,1459,1099,0,0,0,0,0,0,,0.0,31.0,31,31,0.013,0.0088,0.0009,0.0063,0.0,0.0,0.0,0.0297,0.0607
tpp-p14,0,True,188,530,562,1301,209,1679,1283,0,0,0,0,0,0,,0.0,39.0,39,39,0.0165,0.0116,0.0012,0.0024,0.0,0.0,0.0,0.0331,0.0657
tpp-p15,0,True,207,594,630,1456,232,1879,1444,0,0,0,0,0,0,,0.0,45.0,45,45,0.0144,0.0144,0.0016,0.0023,0.0,0.0,0.0,0.0382,0.0719
tpp-p16,0,True,319,997,1057,2401,347,3164,2537,0,0,0,0,0,0,,0.0,52.0,52,52,0.0296,0.0427,0.0038,0.004,0.0,0.0,0.0,0.0626,0.7492
tpp-p17,0,True,398,1300,1385,3106,421,4095,3290,0,0,0,0,0,0,,0.0,50.0,50,50,0.0399,0.0657,0.0051,0.0062,0.0,0.0,0.0,0.0823,0.2004
tpp-p18,0,True,431,1415,1505,3373,453,4452,3568,0,0,0,0,0,0,,0.0,51.0,51,51,0.0466,0.0731,0.005,0.0051,0.0,0.0,0.0,0.0922,0.2229
tpp-p19,0,True,472,1625,1715,3843,503,5037,4051,0,0,0,0,0,0,,0.0,62.0,62,62,0.0506,0.0959,0.007,0.0059,0.0,0.0,0.0,0.1013,0.2617
tpp-p20,0,True,505,1770,1865,4176,541,5466,4407,0,0,0,0,0,0,,0.0,69.0,69,69,0.0543,0.1106,0.0098,0.0064,0.0,0.0,0.0,0.1102,0.2925
tpp-p21,0,True,551,2155,2263,5005,587,6522,5435,0,0,0,0,0,0,,0.0,60.0,60,60,0.0906,0.1843,0.0105,0.008,0.0,0.0,0.0,0.1398,0.4352
tpp-p22,0,True,598,2286,2406,5317,625,6970,5784,0,0,0,0,0,0,,0.0,54.0,54,54,0.1097,0.201,0.0093,0.0101,0.0,0.0,0.0,0.1545,0.4871
tpp-p23,0,True,638,2439,2559,5671,673,7423,6161,0,0,0,0,0,0,,0.0,63.0,63,63,0.1143,0.2373,0.0117,0.014,0.0,0.0,0.0,0.1615,0.5403
tpp-p24,0,True,679,2564,2690,5968,714,7821,6473,0,0,0,0,0,0,,0.0,65.0,65,65,0.1282,0.2594,0.0143,0.0115,0.0,0.0,0.0,0.17,0.5856
tpp-p25,0,True,826,3393,3554,7816,869,10187,8521,0,0,0,0,0,0,,0.0,74.0,74,74,0.1829,0.4288,0.0278,0.018,0.0,0.0,0.0,0.2366,0.8964
tpp-p26,0,True,1089,4926,5136,11195,1133,14674,12651,0,0,0,0,0,0,,0.0,77.0,77,77,0.3688,0.8791,0.0392,0.0279,0.0,0.0,0.0,0.3309,1.649
tpp-p27,0,True,1144,5123,5340,11655,1192,15278,13154,0,0,0,0,0,0,,0.0,83.0,83,83,0.3849,0.9831,0.0549,0.0355,0.0,0.0,0.0,0.3443,1.8061
tpp-p28,0,True,1212,5472,5703,12437,1262,16308,14052,0,0,0,0,0,0,,0.0,87.0,87,87,0.43,1.1111,0.0629,0.0269,0.0,0.0,0.0,0.3639,1.9985
tpp-p29,0,True,1429,7072,7352,15914,1490,20714,17953,0,0,0,0,0,0,,0.0,102.0,102,102,0.6008,1.7288,0.0817,0.0373,0.0,0.0,0.0,1.1797,3.6339
tpp-p30,0,True,1508,7528,7816,16910,1566,22024,19065,0,0,0,0,0,0,,0.0,101.0,101,101,0.6905,1.947,0.0675,0.0421,0.0,0.0,0.0,1.0723,3.825
transport-opt08-strips-p01,0,False,18,32,56,108,20,126,90,0,0,0,0,0,0,,0.0,54.0,54,54,0.0052,0.0002,0.0,0.0017,0.0,0.0,0.0,0.0064,0.014
transport-opt08-strips-p02,0,False,36,140,251,430,39,548,592,0,0,0,0,0,0,,0.0,119.0,119,119,0.0057,0.001,0.0001,0.0017,0.0,0.0,0.0,0.0298,0.0389
transport-opt08-strips-p03,0,False,60,230,390,684,64,877,943,0,0,0,0,0,0,,0.0,165.0,175,165,0.0067,0.0025,0.0003,0.002,0.0,0.0,0.0,0.0891,0.1012
transport-opt08-strips-p04,0,False,90,583,1051,1729,95,2184,2624,0,0,0,0,0,2477,,0.0,189.0,205,189,0.0098,0.0059,0.0013,0.0037,0.0,0.0,0.0,4.6327,4.6545
transport-opt08-strips-p05,0,False,126,745,1409,2286,132,2851,3379,0,0,0,0,0,2999,,0.0,227.0,280,227,0.0119,0.0128,0.0026,0.0037,0.0,0.0,0.0,12.3384,12.3708
transport-opt08-strips-p06,2,False,196,1986,3430,5619,203,7177,9012,0,0,0,0,0,75146,,0.0,215.253,287,265,0.0376,0.0375,0.0095,0.0102,0.0,0.0,0.0,899.9212,900.0803
transport-opt08-strips-p07,2,False,248,2434,4354,7044,256,8967,11221,0,0,0,0,0,46611,,0.0,286.0,342,324,0.0257,0.0651,0.0144,0.0095,0.0,0.0,0.0,899.8964,900.1381
transport-opt08-strips-p08,2,False,306,3167,5701,9183,315,11674,14783,0,0,0,0,0,36577,,0.0,220.02,260,256,0.0336,0.1032,0.0186,0.0138,0.0,0.0,0.0,904.1189,904.8512
transport-opt08-strips-p09,2,False,370,3429,6565,10374,380,12939,15811,0,0,0,0,0,28536,,0.0,187.024,337,288,0.0473,0.142,0.0236,0.0151,0.0,0.0,0.0,899.7796,900.1315
transport-opt08-strips-p10,2,False,440,4810,8632,13893,451,17641,22415,0,0,0,0,0,17623,,0.0,249.322,427,359,0.0561,0.2132,0.0485,0.021,0.0,0.0,0.0,899.6802,900.1118
transport-opt08-strips-p11,0,False,22,66,126,216,24,270,271,0,0,0,0,0,0,,0.0,245.0,245,245,0.0214,0.0004,0.0001,0.0018,0.0,0.0,0.0,0.0116,0.0356
transport-opt08-strips-p12,0,False,46,196,364,609,49,776,830,0,0,0,0,0,0,,0.0,305.0,305,305,0.0245,0.0015,0.0002,0.0027,0.0,0.0,0.0,0.0308,0.0604
transport-opt08-strips-p13,0,False,78,460,833,1375,82,1751,2095,0,0,0,0,0,0,,0.0,318.0,338,318,0.0254,0.0044,0.001,0.0028,0.0,0.0,0.0,0.341,0.3752
transport-opt08-strips-p14,0,False,118,692,1257,2072,123,2661,3182,0,0,0,0,0,9345,,0.0,382.0,382,382,0.0284,0.0096,0.0016,0.0036,0.0,0.0,0.0,19.6394,19.6836
transport-opt08-strips-p15,0,False,166,1168,2110,3450,172,4386,5374,0,0,0,0,0,97,,0.0,343.0,450,343,0.0159,0.0242,0.0039,0.0061,0.0,0.0,0.0,2.1734,2.2248
transport-opt08-strips-p16,2,False,256,2293,4185,6741,263,8522,10393,0,0,0,0,0,56575,,0.0,446.008,578,486,0.026,0.0704,0.0113,0.0108,0.0,0.0,0.0,899.8909,900.0432
transport-opt08-strips-p17,2,False,325,3076,5704,9113,333,11540,14381,0,0,0,0,0,49775,,0.0,482.286,658,553,0.0365,0.1191,0.0175,0.0145,0.0,0.0,0.0,899.8491,900.0681
transport-opt08-strips-p18,2,False,402,3796,7216,11423,411,14280,17395,0,0,0,0,0,34070,,0.0,427.502,564,482,0.0497,0.1844,0.0269,0.0174,0.0,0.0,0.0,904.5866,905.1631
transport-opt08-strips-p19,2,False,487,5347,9577,15421,497,19597,24875,0,0,0,0,0,28079,,0.0,426.002,551,530,0.0624,0.2537,0.0466,0.0246,0.0,0.0,0.0,906.0017,907.8219
transport-opt08-strips-p20,2,False,580,5577,10824,16992,591,21281,26482,0,0,0,0,0,6491,,0.0,555.0,748,726,0.1013,0.3767,0.0548,0.0333,0.0,0.0,0.0,899.4578,900.0287
transport-opt08-strips-p21,0,False,18,60,108,188,20,230,237,0,0,0,0,0,0,,0.0,320.0,320,320,0.0235,0.0003,0.0001,0.0028,0.0,0.0,0.0,0.0109,0.0381
transport-opt08-strips-p22,0,False,36,142,254,435,39,562,608,0,0,0,0,0,0,,0.0,433.0,434,433,0.0235,0.001,0.0001,0.0023,0.0,0.0,0.0,0.1221,0.1497
transport-opt08-strips-p23,0,False,60,278,531,873,64,1102,1254,0,0,0,0,0,4304,,0.0,505.0,555,505,0.0084,0.0026,0.0003,0.0021,0.0,0.0,0.0,4.1996,4.2137
transport-opt08-strips-p24,0,False,90,472,897,1464,95,1840,2141,0,0,0,0,0,26,,0.0,428.0,678,428,0.0101,0.0059,0.001,0.0037,0.0,0.0,0.0,0.2733,0.2948
transport-opt08-strips-p25,0,False,126,825,1511,2468,132,3132,3857,0,0,0,0,0,270,,0.0,549.0,574,549,0.0125,0.0118,0.002,0.0039,0.0,0.0,0.0,2.2572,2.2884
transport-opt08-strips-p26,2,False,196,1615,3041,4859,203,6086,7204,0,0,0,0,0,87589,,0.0,464.105,607,514,0.0234,0.0388,0.0056,0.0101,0.0,0.0,0.0,899.9271,900.043
transport-opt08-strips-p27,2,False,248,2386,4378,7020,256,8833,10869,0,0,0,0,0,52031,,0.0,438.362,589,528,0.0267,0.0613,0.0094,0.0119,0.0,0.0,0.0,899.9345,900.0484
transport-opt08-strips-p28,2,False,306,2688,5147,8150,315,10194,12394,0,0,0,0,0,56258,,0.0,488.527,697,641,0.0521,0.0974,0.0188,0.0121,0.0,0.0,0.0,899.8339,900.1238
transport-opt08-strips-p29,2,False,370,3613,6692,10685,380,13435,16821,0,0,0,0,0,49784,,0.0,517.011,873,809,0.0607,0.1527,0.0282,0.0156,0.0,0.0,0.0,899.7951,900.0801
transport-opt08-strips-p30,2,False,440,4055,7778,12284,451,15327,18727,0,0,0,0,0,26864,,0.0,536.75,795,691,0.0749,0.2159,0.0321,0.0188,0.0,0.0,0.0,899.6715,900.1447
transport-opt11-strips-p01,0,False,60,278,531,873,64,1102,1254,0,0,0,0,0,4304,,0.0,505.0,555,505,0.0263,0.0026,0.0003,0.0032,0.0,0.0,0.0,4.1912,4.2242
transport-opt11-strips-p02,0,False,60,230,390,684,64,877,943,0,0,0,0,0,0,,0.0,165.0,175,165,0.024,0.0024,0.0003,0.0022,0.0,0.0,0.0,0.0895,0.119
transport-opt11-strips-p03,0,False,46,196,364,609,49,776,830,0,0,0,0,0,0,,0.0,305.0,305,305,0.0062,0.0015,0.0002,0.0016,0.0,0.0,0.0,0.031,0.0411
transport-opt11-strips-p04,0,False,78,460,833,1375,82,1751,2095,0,0,0,0,0,0,,0.0,318.0,338,318,0.0081,0.0045,0.001,0.0029,0.0,0.0,0.0,0.3416,0.3588
transport-opt11-strips-p05,0,False,90,472,897,1464,95,1840,2141,0,0,0,0,0,26,,0.0,428.0,678,428,0.0455,0.0059,0.0009,0.003,0.0,0.0,0.0,0.2738,0.3298
transport-opt11-strips-p06,0,False,90,583,1051,1729,95,2184,2624,0,0,0,0,0,2477,,0.0,189.0,205,189,0.0271,0.0059,0.0011,0.0038,0.0,0.0,0.0,4.6362,4.6751
transport-opt11-strips-p07,0,False,110,578,1100,1794,116,2249,2578,0,0,0,0,0,41,,0.0,170.0,198,170,0.0311,0.0085,0.0013,0.003,0.0,0.0,0.0,0.7721,0.8168
transport-opt11-strips-p08,0,False,132,953,1753,2844,138,3616,4314,0,0,0,0,0,115324,,0.0,214.0,263,214,0.014,0.0174,0.0026,0.0043,0.0,0.0,0.0,337.1922,337.2315
transport-opt11-strips-p09,0,False,132,743,1419,2301,139,2866,3395,0,0,0,0,0,8963,,0.0,151.0,169,151,0.0132,0.0132,0.002,0.0064,0.0,0.0,0.0,12.1616,12.1974
transport-opt11-strips-p10,0,False,156,1133,2107,3403,163,4316,5231,0,0,0,0,0,79,,0.0,243.0,243,243,0.0164,0.0223,0.0037,0.0068,0.0,0.0,0.0,3.9794,4.03
transport-opt11-strips-p11,2,False,146,883,1699,2736,154,3412,4078,0,0,0,0,0,607514,,0.0,400.0,430,404,0.0181,0.0178,0.0032,0.0053,0.0,0.0,0.0,899.9604,900.05
transport-opt11-strips-p12,2,False,171,1330,2554,4063,179,5078,6076,0,0,0,0,0,220347,,0.0,391.506,454,438,0.0174,0.0309,0.0045,0.0103,0.0,0.0,0.0,901.5624,902.5744
transport-opt11-strips-p13,0,False,156,1060,1974,3198,164,4055,5033,0,0,0,0,0,0,,0.0,224.0,229,224,0.0169,0.0168,0.0042,0.0096,0.0,0.0,0.0,0.2568,0.3051
transport-opt11-strips-p14,2,False,182,1445,2685,4320,190,5470,6619,0,0,0,0,0,150573,,0.0,227.185,257,240,0.0186,0.0304,0.0051,0.0085,0.0,0.0,0.0,899.9513,900.118
transport-opt11-strips-p15,0,False,171,1088,2090,3358,180,4164,5024,0,0,0,0,0,11998,,0.0,589.0,720,589,0.0158,0.0253,0.0044,0.0047,0.0,0.0,0.0,46.4741,46.5254
transport-opt11-strips-p16,2,False,198,1577,3025,4809,207,5969,7187,0,0,0,0,0,128056,,0.0,511.204,854,561,0.0228,0.0398,0.007,0.0118,0.0,0.0,0.0,899.9345,900.1155
transport-opt11-strips-p17,0,False,126,745,1409,2286,132,2851,3379,0,0,0,0,0,2999,,0.0,227.0,280,227,0.0295,0.0127,0.0026,0.0039,0.0,0.0,0.0,12.3625,12.413
transport-opt11-strips-p18,0,False,118,692,1257,2072,123,2661,3182,0,0,0,0,0,9345,,0.0,382.0,382,382,0.0308,0.0096,0.0016,0.0037,0.0,0.0,0.0,19.6758,19.7225
transport-opt11-strips-p19,0,False,126,825,1511,2468,132,3132,3857,0,0,0,0,0,270,,0.0,549.0,574,549,0.0304,0.0119,0.002,0.0045,0.0,0.0,0.0,2.2625,2.3121
transport-opt11-strips-p20,2,False,196,1986,3430,5619,203,7177,9012,0,0,0,0,0,75112,,0.0,215.253,287,265,0.0388,0.0396,0.0094,0.0089,0.0,0.0,0.0,899.9178,900.108
transport-opt14-strips-p01,0,False,36,127,237,404,40,494,522,0,0,0,0,0,0,,0.0,90.0,90,90,0.0062,0.0011,0.0001,0.0016,0.0,0.0,0.0,0.0436,0.0531
transport-opt14-strips-p02,0,False,66,287,503,860,70,1115,1207,0,0,0,0,0,0,,0.0,127.0,145,127,0.0251,0.0028,0.0005,0.0022,0.0,0.0,0.0,0.2683,0.2994
transport-opt14-strips-p03,0,False,90,521,981,1597,95,2002,2314,0,0,0,0,0,604,,0.0,174.0,190,174,0.0087,0.0058,0.0011,0.0036,0.0,0.0,0.0,1.1223,1.1423
transport-opt14-strips-p04,0,False,134,791,1489,2419,139,3061,3465,0,0,0,0,0,8121,,0.0,164.0,164,164,0.0135,0.0141,0.0017,0.0035,0.0,0.0,0.0,16.4258,16.4597
transport-opt14-strips-p05,2,False,177,1664,2948,4795,183,6091,7512,0,0,0,0,0,95880,,0.0,240.0,334,263,0.0171,0.0322,0.0082,0.0065,0.0,0.0,0.0,899.9434,900.1004
transport-opt14-strips-p06,0,False,195,1394,2674,4269,201,5391,6456,0,0,0,0,0,154305,,0.0,260.0,272,260,0.0189,0.033,0.004,0.0062,0.0,0.0,0.0,572.7291,572.7924
transport-opt14-strips-p07,0,False,66,318,606,994,70,1260,1420,0,0,0,0,0,0,,0.0,360.0,375,360,0.0073,0.0031,0.0004,0.0023,0.0,0.0,0.0,0.0798,0.0935
transport-opt14-strips-p08,0,False,126,639,1199,1968,130,2512,2915,0,0,0,0,0,0,,0.0,370.0,383,370,0.0122,0.0116,0.0014,0.005,0.0,0.0,0.0,0.2224,0.2535
transport-opt14-strips-p09,2,False,174,1059,1999,3237,179,4097,4838,0,0,0,0,0,204963,,0.0,369.0,450,394,0.0162,0.0224,0.0035,0.0047,0.0,0.0,0.0,901.4867,901.7778
transport-opt14-strips-p10,2,False,254,2004,3674,5937,259,7639,9245,0,0,0,0,0,67609,,0.0,417.5,520,517,0.0242,0.061,0.0072,0.0087,0.0,0.0,0.0,899.9093,900.0979
transport-opt14-strips-p11,2,False,339,2926,5488,8759,345,11056,13188,0,0,0,0,0,47656,,0.0,446.137,590,542,0.0379,0.1204,0.0152,0.0127,0.0,0.0,0.0,899.877,900.0741
transport-opt14-strips-p12,2,False,375,3159,5777,9317,381,11944,14542,0,0,0,0,0,30871,,0.0,485.105,611,570,0.0585,0.1436,0.0186,0.0138,0.0,0.0,0.0,899.7746,900.1237
transport-opt14-strips-p13,0,False,96,549,997,1646,100,2121,2547,0,0,0,0,0,8942,,0.0,473.0,500,473,0.0289,0.0067,0.001,0.0031,0.0,0.0,0.0,19.4294,19.4703
transport-opt14-strips-p14,0,False,186,1019,1790,2999,190,3914,4484,0,0,0,0,0,0,,0.0,336.0,339,336,0.0312,0.0191,0.0022,0.0048,0.0,0.0,0.0,0.2434,0.3016
transport-opt14-strips-p15,2,False,258,1649,2944,4856,263,6273,7516,0,0,0,0,0,97779,,0.0,442.549,601,601,0.022,0.0441,0.0055,0.0071,0.0,0.0,0.0,899.9283,900.0914
transport-opt14-strips-p16,2,False,374,2741,4942,8062,379,10453,12262,0,0,0,0,0,56952,,0.0,380.243,593,584,0.0367,0.1074,0.0119,0.0115,0.0,0.0,0.0,899.8458,900.0972
transport-opt14-strips-p17,2,False,501,4705,8575,13787,507,17580,21530,0,0,0,0,0,2915,,0.0,423.077,683,625,0.0755,0.239,0.0249,0.0224,0.0,0.0,0.0,899.657,900.0219
transport-opt14-strips-p18,2,False,555,5002,9108,14671,561,18745,22900,0,0,0,0,0,8334,,0.0,448.0,673,651,0.0896,0.2847,0.0301,0.0246,0.0,0.0,0.0,899.6027,900.0364
transport-opt14-strips-p19,2,False,616,5014,9478,15115,623,19095,22809,0,0,0,0,0,10870,,0.0,517.483,923,765,0.1012,0.3451,0.0269,0.0299,0.0,0.0,0.0,899.5161,900.0798
transport-opt14-strips-p20,2,False,616,5014,9478,15115,623,19095,22809,0,0,0,0,0,10980,,0.0,517.572,923,765,0.1006,0.3435,0.0277,0.0293,0.0,0.0,0.0,899.5144,900.0712
transport-sat08-strips-p01,0,False,26,82,142,252,28,309,326,0,0,0,0,0,0,,0.0,54.0,54,54,0.0233,0.0005,0.0001,0.0024,0.0,0.0,0.0,0.0138,0.0407
transport-sat08-strips-p02,0,False,66,299,531,900,70,1162,1275,0,0,0,0,0,0,,0.0,152.0,155,152,0.0256,0.0027,0.0004,0.0024,0.0,0.0,0.0,0.0751,0.1068
transport-sat08-strips-p03,2,False,150,1227,2243,3626,156,4565,5506,0,0,0,0,0,184226,,0.0,203.013,238,211,0.0159,0.0211,0.0045,0.005,0.0,0.0,0.0,899.9675,900.0353
transport-sat08-strips-p04,2,False,237,2179,3882,6306,245,8051,9930,0,0,0,0,0,62514,,0.0,195.033,247,240,0.256,0.0525,0.0067,0.0085,0.0,0.0,0.0,899.6967,900.1139
transport-sat08-strips-p05,2,False,344,3003,5765,9122,354,11399,13849,0,0,0,0,0,45497,,0.0,242.556,363,297,0.0584,0.1205,0.0142,0.0131,0.0,0.0,0.0,903.5333,904.374
transport-sat08-strips-p06,2,False,516,6545,12245,19318,528,24265,30372,0,0,0,0,0,2632,,0.0,219.3,430,361,0.1037,0.3651,0.0617,0.031,0.0,0.0,0.0,899.4635,900.0302
transport-sat08-strips-p07,2,False,670,9375,16833,26892,684,34274,44351,0,0,0,0,0,766,,0.0,316.734,462,430,0.1486,0.6866,0.1054,0.0544,0.0,0.0,0.0,899.0285,900.0303
transport-sat08-strips-p08,2,False,844,11825,21783,34468,860,43587,56025,0,0,0,0,0,27,,0.0,312.428,360,340,0.2112,0.9939,0.1531,0.081,0.0,0.0,0.0,898.6077,900.0548
transport-sat08-strips-p09,2,False,1038,15442,27877,44375,1056,56556,73771,0,0,0,0,0,698,,0.0,281.06,432,406,0.2948,1.5236,0.2243,0.1144,0.0,0.0,0.0,897.9271,900.0928
transport-sat08-strips-p10,2,False,1252,18354,33971,53597,1272,67778,87763,0,0,0,0,0,587,,0.0,333.013,544,502,0.4106,2.3529,0.3454,0.1637,0.0,0.0,0.0,896.8495,900.139
transport-sat08-strips-p11,0,False,30,103,195,330,32,424,439,0,0,0,0,0,0,,0.0,262.0,262,262,0.0235,0.0006,0.0001,0.002,0.0,0.0,0.0,0.0188,0.0455
transport-sat08-strips-p12,0,False,78,379,727,1188,82,1515,1738,0,0,0,0,0,0,,0.0,258.0,293,258,0.0095,0.0044,0.0006,0.0024,0.0,0.0,0.0,0.5536,0.5713
transport-sat08-strips-p13,2,False,177,1461,2608,4252,183,5469,6701,0,0,0,0,0,112380,,0.0,319.333,390,370,0.034,0.0314,0.0041,0.0058,0.0,0.0,0.0,899.9297,900.1766
transport-sat08-strips-p14,2,False,281,2566,4738,7593,289,9611,11865,0,0,0,0,0,72544,,0.0,363.3,542,493,0.0311,0.0844,0.0155,0.0104,0.0,0.0,0.0,899.8706,900.1456
transport-sat08-strips-p15,2,False,409,3936,7290,11645,419,14714,18282,0,0,0,0,0,24700,,0.0,447.619,555,517,0.0668,0.1938,0.0327,0.0179,0.0,0.0,0.0,899.7048,900.1301
transport-sat08-strips-p16,2,False,612,8185,14965,23774,624,30097,38334,0,0,0,0,0,2372,,0.0,414.909,667,598,0.1255,0.5514,0.1035,0.0462,0.0,0.0,0.0,899.209,900.0399
transport-sat08-strips-p17,2,False,796,9999,18897,29706,810,37454,47427,0,0,0,0,0,1248,,0.0,509.936,737,705,0.1883,0.9638,0.1856,0.0618,0.0,0.0,0.0,898.6148,900.0196
transport-sat08-strips-p18,2,False,1004,13785,25414,40219,1020,51030,65647,0,0,0,0,0,1140,,0.0,518.359,721,640,0.2794,1.5515,0.2809,0.1019,0.0,0.0,0.0,897.8337,900.0542
transport-sat08-strips-p19,2,False,1236,17209,32671,51134,1254,64324,82487,0,0,0,0,0,356,,0.0,505.352,863,754,0.4164,2.6194,0.4255,0.1498,0.0,0.0,0.0,896.4516,900.0729
transport-sat08-strips-p20,2,False,1492,19973,37819,59304,1512,74609,95239,0,0,0,0,0,56,,0.0,519.528,854,729,0.7858,3.7447,0.683,0.2039,0.0,0.0,0.0,894.718,900.1534
transport-sat08-strips-p21,0,False,30,105,183,320,32,416,432,0,0,0,0,0,0,,0.0,386.0,386,386,0.0225,0.0007,0.0001,0.0018,0.0,0.0,0.0,0.0287,0.0545
transport-sat08-strips-p22,0,False,78,392,734,1208,82,1535,1754,0,0,0,0,0,0,,0.0,421.0,421,421,0.0098,0.0047,0.0004,0.0024,0.0,0.0,0.0,0.1639,0.1821
transport-sat08-strips-p23,2,False,177,1440,2616,4239,183,5373,6455,0,0,0,0,0,92079,,0.0,382.536,563,512,0.0175,0.0321,0.0052,0.0057,0.0,0.0,0.0,899.9537,900.1197
transport-sat08-strips-p24,2,False,281,2627,4907,7823,289,9909,12370,0,0,0,0,0,73089,,0.0,600.489,653,638,0.0529,0.0791,0.0127,0.0168,0.0,0.0,0.0,899.8486,900.0551
transport-sat08-strips-p25,2,False,409,4300,7738,12457,419,15862,20171,0,0,0,0,0,17779,,0.0,560.5,732,696,0.069,0.1886,0.0388,0.0186,0.0,0.0,0.0,899.7198,900.1116
transport-sat08-strips-p26,2,False,612,7048,13546,21218,624,26491,32738,0,0,0,0,0,2236,,0.0,488.688,685,631,0.1262,0.5277,0.0648,0.0425,0.0,0.0,0.0,899.2628,900.0293
transport-sat08-strips-p27,2,False,796,9647,18696,29153,810,36420,45548,0,0,0,0,0,689,,0.0,605.349,931,824,0.1887,0.9609,0.1312,0.0626,0.0,0.0,0.0,898.6922,900.0521
transport-sat08-strips-p28,2,False,1004,12795,24721,38536,1020,48057,60075,0,0,0,0,0,108,,0.0,623.6,995,851,0.2794,1.7025,0.2038,0.0984,0.0,0.0,0.0,897.7776,900.0674
transport-sat08-strips-p29,2,False,1236,17323,31879,50456,1254,64013,82324,0,0,0,0,0,15,,0.0,695.807,1042,958,0.3999,2.3915,0.2706,0.1428,0.0,0.0,0.0,896.9326,900.1518
transport-sat08-strips-p30,2,False,1492,20833,39665,62010,1512,78051,100318,0,0,0,0,0,621,,0.0,693.493,1479,1303,0.5863,4.1364,0.4267,0.2228,0.0,0.0,0.0,894.6879,900.074
transport-sat11-strips-p01,2,False,844,11825,21783,34468,860,43587,56025,0,0,0,0,0,27,,0.0,312.428,360,340,0.2107,0.9957,0.1534,0.0811,0.0,0.0,0.0,898.6085,900.0577
transport-sat11-strips-p02,2,False,1038,15442,27877,44375,1056,56556,73771,0,0,0,0,0,692,,0.0,281.06,432,406,0.2971,1.5124,0.218,0.1136,0.0,0.0,0.0,897.951,900.0998
transport-sat11-strips-p03,2,False,1236,17323,31879,50456,1254,64013,82324,0,0,0,0,0,15,,0.0,695.807,1042,958,0.3945,2.4096,0.2901,0.1455,0.0,0.0,0.0,896.8964,900.1521
transport-sat11-strips-p04,2,False,612,8185,14965,23774,624,30097,38334,0,0,0,0,0,2372,,0.0,414.909,667,598,0.1247,0.5503,0.1004,0.045,0.0,0.0,0.0,899.2337,900.0653
transport-sat11-strips-p05,2,False,796,9999,18897,29706,810,37454,47427,0,0,0,0,0,1247,,0.0,509.936,737,705,0.1874,0.9511,0.1855,0.0642,0.0,0.0,0.0,898.6261,900.0195
transport-sat11-strips-p06,2,False,1004,13785,25414,40219,1020,51030,65647,0,0,0,0,0,1140,,0.0,518.359,721,640,0.2915,1.5543,0.2816,0.1021,0.0,0.0,0.0,897.8251,900.0606
transport-sat11-strips-p07,2,False,1236,17209,32671,51134,1254,64324,82487,0,0,0,0,0,357,,0.0,505.352,863,754,0.3971,2.6079,0.429,0.1499,0.0,0.0,0.0,896.4849,900.0808
transport-sat11-strips-p08,2,False,1252,18354,33971,53597,1272,67778,87763,0,0,0,0,0,586,,0.0,333.013,544,502,0.4123,2.3508,0.3478,0.1645,0.0,0.0,0.0,896.8196,900.1115
transport-sat11-strips-p09,2,False,1492,19973,37819,59304,1512,74609,95239,0,0,0,0,0,56,,0.0,519.528,854,729,0.5624,3.6771,0.6574,0.2276,0.0,0.0,0.0,895.0013,900.1438
transport-sat11-strips-p10,2,False,1492,20833,39665,62010,1512,78051,100318,0,0,0,0,0,621,,0.0,693.493,1479,1303,0.5546,4.1324,0.4276,0.2231,0.0,0.0,0.0,894.7212,900.0769
transport-sat11-strips-p11,2,False,1356,19470,36127,56975,1378,72203,93630,0,0,0,0,0,53,,0.0,388.303,496,463,0.4773,3.2627,0.3307,0.1906,0.0,0.0,0.0,895.8051,900.0811
transport-sat11-strips-p12,2,False,1324,18122,34440,53906,1344,67759,86883,0,0,0,0,0,25,,0.0,351.705,538,509,0.4537,2.9193,0.3605,0.1817,0.0,0.0,0.0,896.2283,900.1587
transport-sat11-strips-p13,2,False,1434,21066,39090,61612,1456,77933,101510,0,0,0,0,0,9,,0.0,379.523,574,543,0.5269,3.596,0.5382,0.2004,0.0,0.0,0.0,895.2061,900.083
transport-sat11-strips-p14,2,False,3176,43243,84751,131192,3198,163978,208785,0,0,0,0,0,0,,0.0,580.936,991,960,2.2168,20.3204,1.9101,1.298,0.0,0.0,0.0,874.3593,900.1243
transport-sat11-strips-p15,2,False,3028,43871,83471,130390,3048,164248,211927,0,0,0,0,0,0,,0.0,769.274,1007,976,1.99,19.6673,1.8128,1.303,0.0,0.0,0.0,875.3409,900.1355
transport-sat11-strips-p16,2,False,3280,50809,94391,148502,3302,188237,246414,0,0,0,0,0,0,,0.0,569.835,977,977,2.3625,22.6912,3.3464,1.5995,0.0,0.0,0.0,870.1309,900.1564
transport-sat11-strips-p17,2,False,4736,69511,132381,206650,4758,260295,336587,0,0,0,0,0,0,,0.0,0.0,1335,1335,4.7591,47.7316,4.9604,3.4483,0.0,0.0,0.0,859.4164,920.3694
transport-sat11-strips-p18,2,False,4588,65607,124649,194864,4608,245922,316014,0,0,0,0,0,0,,0.0,0.0,1225,1225,4.3828,39.1144,2.2662,3.2578,0.0,0.0,0.0,881.1719,930.2408
transport-sat11-strips-p19,2,False,4970,69163,135519,209674,4992,262271,334263,0,0,0,0,0,0,,0.0,613.863,1335,1335,5.2008,44.9565,5.5061,4.071,0.0,0.0,0.0,840.4462,900.2125
transport-sat11-strips-p20,2,False,5204,77022,146630,228878,5226,288276,372610,0,0,0,0,0,0,,0.0,0.0,1335,1335,5.6833,55.6502,5.9767,4.6539,0.0,0.0,0.0,861.688,933.6883
transport-sat14-strips-p01,2,False,1512,20463,40180,62180,1537,77477,98447,0,0,0,0,0,24,,0.0,350.165,571,525,0.6062,3.8928,0.3893,0.2242,0.0,0.0,0.0,894.9947,900.1222
transport-sat14-strips-p02,2,False,1874,25945,51071,78920,1904,98334,125483,0,0,0,0,0,2,,0.0,387.535,661,593,0.8733,6.8208,1.3224,0.3721,0.0,0.0,0.0,890.7711,900.1753
transport-sat14-strips-p03,2,False,1599,23988,44566,70178,1624,88745,115521,0,0,0,0,0,5,,0.0,343.414,610,548,0.6522,4.6102,0.496,0.2628,0.0,0.0,0.0,894.1692,900.2028
transport-sat14-strips-p04,2,False,4006,59624,113949,177604,4031,223506,289886,0,0,0,0,0,0,,0.0,0.0,1147,1147,3.5228,31.3714,3.8397,2.7668,0.0,0.0,0.0,893.7397,935.2898
transport-sat14-strips-p05,2,False,4628,74263,138493,217414,4658,275250,362312,0,0,0,0,0,0,,0.0,0.0,1035,1035,4.7815,45.5145,7.1817,3.8212,0.0,0.0,0.0,868.0497,929.3928
transport-sat14-strips-p06,2,False,4006,59624,113949,177604,4031,223506,289886,0,0,0,0,0,0,,0.0,0.0,1147,1147,3.5164,31.3278,3.8843,2.7653,0.0,0.0,0.0,884.5036,926.0477
transport-sat14-strips-p07,2,False,5978,104047,184835,294885,6003,378726,507353,0,0,0,0,0,0,,0.0,0.0,1444,1444,7.615,68.4855,8.0432,6.6983,0.0,0.0,0.0,835.3119,926.2029
transport-sat14-strips-p08,2,False,6906,111539,207959,326434,6936,413448,544415,0,0,0,0,0,0,,0.0,0.0,1530,1530,10.3057,93.3368,12.3355,8.7783,0.0,0.0,0.0,807.8929,932.705
transport-sat14-strips-p09,2,False,5978,104047,184835,294885,6003,378726,507353,0,0,0,0,0,0,,0.0,0.0,1444,1444,7.6187,68.061,7.9944,6.6997,0.0,0.0,0.0,840.7578,931.1844
transport-sat14-strips-p10,2,False,5804,87175,166300,259304,5829,326351,423070,0,0,0,0,0,0,,0.0,0.0,1471,1471,7.1709,70.799,6.1568,5.7828,0.0,0.0,0.0,834.5531,924.5256
transport-sat14-strips-p11,2,False,1890,34794,64059,100768,1915,127918,167929,0,0,0,0,0,0,,0.0,376.557,644,606,1.0315,8.0371,0.8999,0.4408,0.0,0.0,0.0,889.6598,900.0869
transport-sat14-strips-p12,2,False,2214,36159,65783,104186,2244,132570,175441,0,0,0,0,0,0,,0.0,406.088,699,656,1.1945,9.0952,1.6467,0.6834,0.0,0.0,0.0,887.543,900.175
transport-sat14-strips-p13,2,False,1798,20287,38315,60425,1823,76096,97831,0,0,0,0,0,637,,0.0,379.574,605,556,0.6425,4.3831,0.5111,0.2577,0.0,0.0,0.0,894.2752,900.0841
transport-sat14-strips-p14,2,False,3690,64953,124803,193471,3715,243342,315499,0,0,0,0,0,0,,0.0,0.0,1000,1000,3.564,33.7081,4.2357,3.0271,0.0,0.0,0.0,886.4306,931.017
transport-sat14-strips-p15,2,False,4288,64912,124260,193490,4318,243317,316289,0,0,0,0,0,0,,0.0,0.0,1118,1118,4.1083,37.6416,5.7493,3.0495,0.0,0.0,0.0,867.6752,918.2646
transport-sat14-strips-p16,2,False,3506,41608,78733,123872,3531,156021,202138,0,0,0,0,0,0,,0.0,591.144,1041,1041,2.2049,17.8466,2.1342,1.6345,0.0,0.0,0.0,876.3012,900.1425
transport-sat14-strips-p17,2,False,5490,101454,190606,297575,5515,376694,492793,0,0,0,0,0,0,,0.0,0.0,1375,1375,7.6673,80.5686,7.1771,5.9172,0.0,0.0,0.0,822.2257,923.626
transport-sat14-strips-p18,2,False,6498,99218,189848,295594,6528,371764,483545,0,0,0,0,0,0,,0.0,0.0,1496,1496,9.1369,82.9569,8.7576,7.2753,0.0,0.0,0.0,812.3064,920.4641
transport-sat14-strips-p19,2,False,5326,68252,124902,198505,5351,252354,332239,0,0,0,0,0,0,,0.0,0.0,1262,1262,4.8029,42.814,4.1774,3.9582,0.0,0.0,0.0,864.0429,919.8293
transport-sat14-strips-p20,2,False,6030,107729,206629,320413,6055,402996,522415,0,0,0,0,0,0,,0.0,0.0,1472,1472,9.1937,92.2594,9.113,7.444,0.0,0.0,0.0,815.6398,933.7029
trucks-p01,-3,False,0,0,0,0,0,0,0,0,0,0,0,0,0,,0.0,0.0,1e+20,1e+20,0,0,0,0,0,0,0,0,0
trucks-p02,-3,False,0,0,0,0,0,0,0,0,0,0,0,0,0,,0.0,0.0,1e+20,1e+20,0,0,0,0,0,0,0,0,0
trucks-p03,-3,False,0,0,0,0,0,0,0,0,0,0,0,0,0,,0.0,0.0,1e+20,1e+20,0,0,0,0,0,0,0,0,0
trucks-p04,-3,False,0,0,0,0,0,0,0,0,0,0,0,0,0,,0.0,0.0,1e+20,1e+20,0,0,0,0,0,0,0,0,0
trucks-p05,-3,False,0,0,0,0,0,0,0,0,0,0,0,0,0,,0.0,0.0,1e+20,1e+20,0,0,0,0,0,0,0,0,0
trucks-p06,-3,False,0,0,0,0,0,0,0,0,0,0,0,0,0,,0.0,0.0,1e+20,1e+20,0,0,0,0,0,0,0,0,0
trucks-p07,-3,False,0,0,0,0,0,0,0,0,0,0,0,0,0,,0.0,0.0,1e+20,1e+20,0,0,0,0,0,0,0,0,0
trucks-p08,-3,False,0,0,0,0,0,0,0,0,0,0,0,0,0,,0.0,0.0,1e+20,1e+20,0,0,0,0,0,0,0,0,0
trucks-p09,-3,False,0,0,0,0,0,0,0,0,0,0,0,0,0,,0.0,0.0,1e+20,1e+20,0,0,0,0,0,0,0,0,0
trucks-p10,-3,False,0,0,0,0,0,0,0,0,0,0,0,0,0,,0.0,0.0,1e+20,1e+20,0,0,0,0,0,0,0,0,0
trucks-p11,-3,False,0,0,0,0,0,0,0,0,0,0,0,0,0,,0.0,0.0,1e+20,1e+20,0,0,0,0,0,0,0,0,0
trucks-p12,-3,False,0,0,0,0,0,0,0,0,0,0,0,0,0,,0.0,0.0,1e+20,1e+20,0,0,0,0,0,0,0,0,0
trucks-p13,-3,False,0,0,0,0,0,0,0,0,0,0,0,0,0,,0.0,0.0,1e+20,1e+20,0,0,0,0,0,0,0,0,0
trucks-p14,-3,False,0,0,0,0,0,0,0,0,0,0,0,0,0,,0.0,0.0,1e+20,1e+20,0,0,0,0,0,0,0,0,0
trucks-p15,-3,False,0,0,0,0,0,0,0,0,0,0,0,0,0,,0.0,0.0,1e+20,1e+20,0,0,0,0,0,0,0,0,0
trucks-p16,-3,False,0,0,0,0,0,0,0,0,0,0,0,0,0,,0.0,0.0,1e+20,1e+20,0,0,0,0,0,0,0,0,0
trucks-p17,-3,False,0,0,0,0,0,0,0,0,0,0,0,0,0,,0.0,0.0,1e+20,1e+20,0,0,0,0,0,0,0,0,0
trucks-p18,-3,False,0,0,0,0,0,0,0,0,0,0,0,0,0,,0.0,0.0,1e+20,1e+20,0,0,0,0,0,0,0,0,0
trucks-p19,-3,False,0,0,0,0,0,0,0,0,0,0,0,0,0,,0.0,0.0,1e+20,1e+20,0,0,0,0,0,0,0,0,0
trucks-p20,-3,False,0,0,0,0,0,0,0,0,0,0,0,0,0,,0.0,0.0,1e+20,1e+20,0,0,0,0,0,0,0,0,0
trucks-p21,-3,False,0,0,0,0,0,0,0,0,0,0,0,0,0,,0.0,0.0,1e+20,1e+20,0,0,0,0,0,0,0,0,0
trucks-p22,-3,False,0,0,0,0,0,0,0,0,0,0,0,0,0,,0.0,0.0,1e+20,1e+20,0,0,0,0,0,0,0,0,0
trucks-p23,-3,False,0,0,0,0,0,0,0,0,0,0,0,0,0,,0.0,0.0,1e+20,1e+20,0,0,0,0,0,0,0,0,0
trucks-p24,-3,False,0,0,0,0,0,0,0,0,0,0,0,0,0,,0.0,0.0,1e+20,1e+20,0,0,0,0,0,0,0,0,0
trucks-p25,-3,False,0,0,0,0,0,0,0,0,0,0,0,0,0,,0.0,0.0,1e+20,1e+20,0,0,0,0,0,0,0,0,0
trucks-p26,-3,False,0,0,0,0,0,0,0,0,0,0,0,0,0,,0.0,0.0,1e+20,1e+20,0,0,0,0,0,0,0,0,0
trucks-p27,-3,False,0,0,0,0,0,0,0,0,0,0,0,0,0,,0.0,0.0,1e+20,1e+20,0,0,0,0,0,0,0,0,0
trucks-p28,-3,False,0,0,0,0,0,0,0,0,0,0,0,0,0,,0.0,0.0,1e+20,1e+20,0,0,0,0,0,0,0,0,0
trucks-p29,-3,False,0,0,0,0,0,0,0,0,0,0,0,0,0,,0.0,0.0,1e+20,1e+20,0,0,0,0,0,0,0,0,0
trucks-p30,-3,False,0,0,0,0,0,0,0,0,0,0,0,0,0,,0.0,0.0,1e+20,1e+20,0,0,0,0,0,0,0,0,0
trucks-strips-p01,0,True,14,33,48,107,26,122,78,0,0,0,0,0,0,,0.0,11.0,11,11,0.0054,0.0004,0.0,0.0011,0.0,0.0,0.0,0.0085,0.016
trucks-strips-p02,0,True,17,40,55,126,31,143,94,0,0,0,0,0,0,,0.0,14.0,14,14,0.0059,0.0006,0.0001,0.0014,0.0,0.0,0.0,0.0094,0.0177
trucks-strips-p03,0,True,23,53,81,175,41,194,124,0,0,0,0,0,0,,0.0,17.0,17,17,0.0258,0.0012,0.0001,0.0015,0.0,0.0,0.0,0.0112,0.0402
trucks-strips-p04,0,True,26,60,90,197,47,221,144,0,0,0,0,0,0,,0.0,20.0,20,20,0.0078,0.0015,0.0001,0.0012,0.0,0.0,0.0,0.0121,0.0233
trucks-strips-p05,0,True,32,73,112,242,57,268,170,0,0,0,0,0,0,,0.0,23.0,23,23,0.0282,0.0028,0.0001,0.0012,0.0,0.0,0.0,0.0142,0.0472
trucks-strips-p06,0,True,35,80,121,264,63,295,190,0,0,0,0,0,0,,0.0,26.0,26,26,0.0301,0.0034,0.0002,0.0013,0.0,0.0,0.0,0.0152,0.0508
trucks-strips-p07,0,True,38,102,132,293,59,327,214,0,0,0,0,0,0,,0.0,20.0,20,20,0.0077,0.0021,0.0002,0.0014,0.0,0.0,0.0,0.009,0.0209
trucks-strips-p08,0,True,46,127,186,386,73,414,266,0,0,0,0,0,0,,0.0,24.0,24,24,0.0136,0.0045,0.0002,0.0016,0.0,0.0,0.0,0.0104,0.031
trucks-strips-p09,0,True,52,140,202,423,81,449,288,0,0,0,0,0,0,,0.0,26.0,26,26,0.0145,0.0055,0.0003,0.0013,0.0,0.0,0.0,0.011,0.0332
trucks-strips-p10,0,True,56,153,217,458,88,504,334,0,0,0,0,0,0,,0.0,30.0,30,30,0.0158,0.0067,0.0004,0.0015,0.0,0.0,0.0,0.0195,0.0445
trucks-strips-p11,0,True,65,178,257,535,100,571,369,0,0,0,0,0,0,,0.0,33.0,33,33,0.025,0.013,0.0005,0.0016,0.0,0.0,0.0,0.0134,0.0542
trucks-strips-p12,0,True,70,191,274,574,109,619,403,0,0,0,0,0,0,,0.0,36.0,36,36,0.0271,0.0139,0.0006,0.0014,0.0,0.0,0.0,0.0143,0.058
trucks-strips-p13,0,True,78,249,348,709,112,770,519,0,0,0,0,0,0,,0.0,30.0,30,30,0.0263,0.0146,0.0006,0.002,0.0,0.0,0.0,0.0206,0.0648
trucks-strips-p14,0,True,84,270,372,763,121,803,538,0,0,0,0,0,0,,0.0,34.0,34,34,0.0271,0.0163,0.0008,0.002,0.0,0.0,0.0,0.0181,0.065
trucks-strips-p15,0,True,91,291,395,815,129,880,602,0,0,0,0,0,0,,0.0,37.0,37,37,0.0465,0.02,0.001,0.0026,0.0,0.0,0.0,0.028,0.0989
trucks-strips-p16,0,True,98,312,421,873,140,929,632,0,0,0,0,0,0,,0.0,40.0,40,40,0.0307,0.0238,0.0011,0.0019,0.0,0.0,0.0,0.0303,0.0886
trucks-strips-p17,0,True,110,353,487,996,156,1064,718,0,0,0,0,0,0,,0.0,43.0,43,43,0.0555,0.0451,0.0013,0.0019,0.0,0.0,0.0,0.0343,0.1395
trucks-strips-p18,0,True,117,374,511,1050,165,1105,744,0,0,0,0,0,0,,0.0,46.0,46,46,0.0608,0.0466,0.0018,0.0021,0.0,0.0,0.0,0.0256,0.1383
trucks-strips-p19,0,True,125,462,613,1243,168,1319,925,0,0,0,0,0,0,,0.0,41.0,41,41,0.0532,0.0433,0.0016,0.002,0.0,0.0,0.0,0.0382,0.1398
trucks-strips-p20,0,True,134,493,648,1320,179,1410,996,0,0,0,0,0,0,,0.0,44.0,44,44,0.0565,0.0558,0.0019,0.002,0.0,0.0,0.0,0.0396,0.1574
trucks-strips-p21,0,True,143,524,687,1405,194,1507,1065,0,0,0,0,0,0,,0.0,47.0,47,47,0.0653,0.0579,0.0025,0.0024,0.0,0.0,0.0,0.0405,0.1702
trucks-strips-p22,0,True,152,555,660,1418,203,1535,1077,0,0,0,0,0,0,,0.0,50.0,50,50,0.0679,0.0733,0.0029,0.0022,0.0,0.0,0.0,0.0402,0.188
trucks-strips-p23,0,True,167,616,752,1589,221,1719,1197,0,0,0,0,0,0,,0.0,53.0,53,53,0.1272,0.128,0.0032,0.0023,0.0,0.0,0.0,0.0483,0.3115
trucks-strips-p24,0,True,176,647,784,1664,233,1781,1257,0,0,0,0,0,0,,0.0,56.0,56,56,0.1368,0.1418,0.004,0.0027,0.0,0.0,0.0,0.05,0.3378
trucks-strips-p25,0,True,186,771,987,1995,237,2078,1501,0,0,0,0,0,0,,0.0,50.0,50,50,0.1254,0.1218,0.0037,0.0034,0.0,0.0,0.0,0.0506,0.3076
trucks-strips-p26,0,True,196,814,1036,2101,251,2167,1564,0,0,0,0,0,0,,0.0,54.0,54,54,0.1391,0.1196,0.0045,0.0038,0.0,0.0,0.0,0.0556,0.3255
trucks-strips-p27,0,True,207,857,1085,2207,265,2340,1710,0,0,0,0,0,0,,0.0,57.0,57,57,0.1525,0.1557,0.0051,0.0031,0.0,0.0,0.0,0.0563,0.3756
trucks-strips-p28,0,True,218,900,1134,2313,279,2453,1796,0,0,0,0,0,0,,0.0,60.0,60,60,0.1658,0.1758,0.0059,0.0033,0.0,0.0,0.0,0.0576,0.4116
trucks-strips-p29,0,True,236,985,1267,2552,300,2706,1966,0,0,0,0,0,0,,0.0,63.0,63,63,0.3026,0.3058,0.0072,0.0037,0.0,0.0,0.0,0.064,0.6888
trucks-strips-p30,0,True,247,1028,1316,2658,314,2819,2052,0,0,0,0,0,0,,0.0,66.0,66,66,0.3232,0.3777,0.008,0.0041,0.0,0.0,0.0,0.0671,0.7859
visitall-opt11-strips-problem02-full,0,True,0,4,8,18,6,18,8,0,0,0,0,0,0,,0.0,3.0,3,3,0.0049,0.0001,0.0,0.0014,0.0,0.0,0.0,0.0014,0.0082
visitall-opt11-strips-problem02-half,0,True,2,4,5,13,4,11,2,0,0,0,0,0,0,,0.0,1.0,1,1,0.0054,0.0001,0.0,0.0013,0.0,0.0,0.0,0.0014,0.0085
visitall-opt11-strips-problem03-full,0,True,0,12,24,52,16,56,30,0,0,0,0,0,0,,0.0,8.0,8,8,0.0046,0.0001,0.0,0.0015,0.0,0.0,0.0,0.0015,0.0082
visitall-opt11-strips-problem03-half,0,True,4,12,19,43,12,45,26,0,0,0,0,0,0,,0.0,5.0,5,5,0.0052,0.0001,0.0,0.0015,0.0,0.0,0.0,0.0043,0.0114
visitall-opt11-strips-problem04-full,0,True,0,34,68,132,30,158,92,0,0,0,0,0,0,,0.0,15.0,15,15,0.0051,0.0002,0.0,0.0014,0.0,0.0,0.0,0.0052,0.0124
visitall-opt11-strips-problem04-half,0,True,8,34,49,105,22,115,70,0,0,0,0,0,0,,0.0,10.0,10,10,0.0056,0.0002,0.0,0.0013,0.0,0.0,0.0,0.0054,0.0129
visitall-opt11-strips-problem05-full,0,True,0,64,128,240,48,296,176,0,0,0,0,0,0,,0.0,24.0,24,24,0.0058,0.0004,0.0001,0.0018,0.0,0.0,0.0,0.0071,0.0156
visitall-opt11-strips-problem05-half,0,True,10,64,98,200,38,227,125,0,0,0,0,0,0,,0.0,15.0,15,15,0.0056,0.0003,0.0001,0.0011,0.0,0.0,0.0,0.0068,0.0144
visitall-opt11-strips-problem06-full,0,True,0,104,208,382,70,478,280,0,0,0,0,0,0,,0.0,35.0,35,35,0.0052,0.0007,0.0002,0.0014,0.0,0.0,0.0,0.0095,0.0176
visitall-opt11-strips-problem06-half,0,True,20,104,148,302,50,341,195,0,0,0,0,0,0,,0.0,19.0,20,19,0.0051,0.0005,0.0001,0.0016,0.0,0.0,0.0,0.041,0.0489
visitall-opt11-strips-problem07-full,0,True,0,152,304,552,96,696,404,0,0,0,0,0,0,,0.0,48.0,48,48,0.0057,0.0013,0.0004,0.002,0.0,0.0,0.0,0.0125,0.0224
visitall-opt11-strips-problem07-half,0,True,16,152,255,487,80,584,328,0,0,0,0,0,0,,0.0,32.0,33,32,0.0057,0.001,0.0003,0.0016,0.0,0.0,0.0,0.034,0.0432
visitall-opt11-strips-problem08-full,0,True,0,208,416,750,126,950,548,0,0,0,0,0,0,,0.0,63.0,63,63,0.0063,0.0022,0.0007,0.0019,0.0,0.0,0.0,0.0161,0.0277
visitall-opt11-strips-problem08-half,0,True,31,208,314,617,95,717,400,0,0,0,0,0,0,,0.0,37.0,38,37,0.0049,0.0015,0.0005,0.0016,0.0,0.0,0.0,0.0833,0.0923
visitall-opt11-strips-problem09-full,0,True,0,272,544,976,160,1240,710,0,0,0,0,0,0,,0.0,80.0,80,80,0.0066,0.0035,0.0012,0.0023,0.0,0.0,0.0,0.0208,0.0349
visitall-opt11-strips-problem09-half,0,True,31,272,439,840,129,1000,553,0,0,0,0,0,0,,0.0,51.0,54,51,0.0074,0.0026,0.0009,0.0019,0.0,0.0,0.0,0.0841,0.0974
visitall-opt11-strips-problem10-full,0,True,0,344,688,1230,198,1566,894,0,0,0,0,0,0,,0.0,99.0,99,99,0.0064,0.0054,0.0019,0.0024,0.0,0.0,0.0,0.0255,0.0422
visitall-opt11-strips-problem10-half,0,True,52,344,505,995,146,1150,634,0,0,0,0,0,0,,0.0,56.0,58,56,0.0068,0.0036,0.0012,0.0025,0.0,0.0,0.0,0.1408,0.1555
visitall-opt11-strips-problem11-full,0,True,0,424,848,1512,240,1928,1066,0,0,0,0,0,0,,0.0,120.0,120,120,0.0081,0.0078,0.0031,0.0027,0.0,0.0,0.0,0.0311,0.0535
visitall-opt11-strips-problem11-half,0,True,63,424,626,1227,177,1423,772,0,0,0,0,0,0,,0.0,64.0,68,64,0.0079,0.0052,0.0019,0.0024,0.0,0.0,0.0,0.3105,0.3285
visitall-opt14-strips-p-05-10,0,True,54,344,495,983,144,1127,616,0,0,0,0,0,345,,0.0,53.0,54,53,0.0068,0.0034,0.0011,0.0027,0.0,0.0,0.0,0.3341,0.3488
visitall-opt14-strips-p-05-5,0,True,7,64,110,215,41,254,149,0,0,0,0,0,0,,0.0,18.0,18,18,0.0064,0.0004,0.0001,0.0023,0.0,0.0,0.0,0.0069,0.0166
visitall-opt14-strips-p-05-6,0,True,18,104,155,311,52,356,200,0,0,0,0,0,0,,0.0,20.0,22,20,0.0062,0.0005,0.0001,0.0025,0.0,0.0,0.0,0.0205,0.0305
visitall-opt14-strips-p-05-7,0,True,25,152,224,447,71,513,289,0,0,0,0,0,0,,0.0,28.0,30,28,0.0058,0.0009,0.0003,0.0023,0.0,0.0,0.0,0.0794,0.0894
visitall-opt14-strips-p-05-8,0,True,33,208,309,610,93,707,403,0,0,0,0,0,23265,,0.0,39.0,39,39,0.0061,0.0015,0.0004,0.0017,0.0,0.0,0.0,3.0124,3.0231
visitall-opt14-strips-p-05-9,0,True,39,272,411,804,121,938,520,0,0,0,0,0,5960,,0.0,46.0,48,46,0.0066,0.0024,0.0007,0.0021,0.0,0.0,0.0,1.1276,1.1402
visitall-opt14-strips-p-1-10,0,True,0,344,688,1230,198,1566,894,0,0,0,0,0,0,,0.0,99.0,99,99,0.0062,0.0054,0.0019,0.0022,0.0,0.0,0.0,0.0255,0.042
visitall-opt14-strips-p-1-11,0,True,0,424,848,1512,240,1928,1066,0,0,0,0,0,0,,0.0,120.0,120,120,0.0095,0.0077,0.0032,0.0027,0.0,0.0,0.0,0.0309,0.0548
visitall-opt14-strips-p-1-12,0,True,0,512,1024,1822,286,2326,1297,0,0,0,0,0,0,,0.0,143.0,143,143,0.0082,0.0117,0.0048,0.0032,0.0,0.0,0.0,0.0364,0.0649
visitall-opt14-strips-p-1-13,0,True,0,608,1216,2160,336,2760,1543,0,0,0,0,0,0,,0.0,168.0,168,168,0.0087,0.0183,0.0077,0.0037,0.0,0.0,0.0,0.0438,0.0829
visitall-opt14-strips-p-1-14,0,True,0,712,1424,2526,390,3230,1831,0,0,0,0,0,0,,0.0,195.0,195,195,0.0094,0.0276,0.0109,0.0041,0.0,0.0,0.0,0.0504,0.1033
visitall-opt14-strips-p-1-15,0,True,0,824,1648,2920,448,3736,2144,0,0,0,0,0,0,,0.0,224.0,224,224,0.0108,0.0405,0.0168,0.0047,0.0,0.0,0.0,0.053,0.1266
visitall-opt14-strips-p-1-16,0,True,0,944,1888,3342,510,4278,2463,0,0,0,0,0,0,,0.0,255.0,255,255,0.0135,0.0566,0.0235,0.0063,0.0,0.0,0.0,0.062,0.1627
visitall-opt14-strips-p-1-17,0,True,0,1072,2144,3792,576,4856,2801,0,0,0,0,0,0,,0.0,288.0,288,288,0.0142,0.0779,0.0331,0.0066,0.0,0.0,0.0,0.0691,0.2018
visitall-opt14-strips-p-1-18,0,True,0,1208,2416,4270,646,5470,3146,0,0,0,0,0,0,,0.0,323.0,323,323,0.0169,0.1019,0.048,0.0084,0.0,0.0,0.0,0.0773,0.2536
visitall-opt14-strips-p-1-5,0,True,0,64,128,240,48,296,176,0,0,0,0,0,0,,0.0,24.0,24,24,0.0052,0.0004,0.0001,0.0017,0.0,0.0,0.0,0.007,0.0149
visitall-opt14-strips-p-1-6,0,True,0,104,208,382,70,478,280,0,0,0,0,0,0,,0.0,35.0,35,35,0.0063,0.0007,0.0002,0.0019,0.0,0.0,0.0,0.0095,0.019
visitall-opt14-strips-p-1-7,0,True,0,152,304,552,96,696,404,0,0,0,0,0,0,,0.0,48.0,48,48,0.0058,0.0013,0.0004,0.0018,0.0,0.0,0.0,0.0125,0.0222
visitall-opt14-strips-p-1-8,0,True,0,208,416,750,126,950,548,0,0,0,0,0,0,,0.0,63.0,63,63,0.0066,0.0021,0.0007,0.0018,0.0,0.0,0.0,0.0159,0.0277
visitall-opt14-strips-p-1-9,0,True,0,272,544,976,160,1240,710,0,0,0,0,0,0,,0.0,80.0,80,80,0.0063,0.0035,0.0012,0.0024,0.0,0.0,0.0,0.021,0.0349
visitall-sat11-strips-problem12,0,True,0,512,1024,1822,286,2326,1297,0,0,0,0,0,0,,0.0,143.0,143,143,0.0077,0.0118,0.0048,0.0031,0.0,0.0,0.0,0.0366,0.0646
visitall-sat11-strips-problem14,0,True,0,712,1424,2526,390,3230,1831,0,0,0,0,0,0,,0.0,195.0,195,195,0.0095,0.0272,0.0109,0.0047,0.0,0.0,0.0,0.0507,0.104
visitall-sat11-strips-problem16,0,True,0,944,1888,3342,510,4278,2463,0,0,0,0,0,0,,0.0,255.0,255,255,0.0123,0.0572,0.0219,0.0066,0.0,0.0,0.0,0.081,0.1799
visitall-sat11-strips-problem18,0,True,0,1208,2416,4270,646,5470,3146,0,0,0,0,0,0,,0.0,323.0,323,323,0.0179,0.1021,0.0452,0.0098,0.0,0.0,0.0,0.0769,0.2531
visitall-sat11-strips-problem20,0,True,0,1504,3008,5310,798,6806,3892,0,0,0,0,0,0,,0.0,399.0,399,399,0.0214,0.1672,0.0845,0.0105,0.0,0.0,0.0,0.1007,0.3862
visitall-sat11-strips-problem22,0,True,0,1832,3664,6462,966,8286,4698,0,0,0,0,0,0,,0.0,483.0,483,483,0.0292,0.2579,0.1495,0.0143,0.0,0.0,0.0,0.1199,0.5728
visitall-sat11-strips-problem24,0,True,0,2192,4384,7726,1150,9910,5569,0,0,0,0,0,0,,0.0,575.0,575,575,0.0368,0.3956,0.223,0.0193,0.0,0.0,0.0,0.1481,0.8245
visitall-sat11-strips-problem26,0,True,0,2584,5168,9102,1350,11678,6508,0,0,0,0,0,0,,0.0,675.0,675,675,0.046,0.565,0.3307,0.0245,0.0,0.0,0.0,0.1725,1.1408
visitall-sat11-strips-problem28,0,True,0,3008,6016,10590,1566,13590,7515,0,0,0,0,0,0,,0.0,783.0,783,783,0.0567,0.7993,0.5486,0.0317,0.0,0.0,0.0,0.2045,1.6435
visitall-sat11-strips-problem30,0,True,0,3464,6928,12190,1798,15646,8589,0,0,0,0,0,0,,0.0,899.0,899,899,0.0724,1.1592,0.8271,0.04,0.0,0.0,0.0,0.238,2.3399
visitall-sat11-strips-problem32,0,True,0,3952,7904,13902,2046,17846,9729,0,0,0,0,0,0,,0.0,1023.0,1023,1023,0.0911,1.6012,1.1708,0.0516,0.0,0.0,0.0,0.2672,3.1852
visitall-sat11-strips-problem34,0,True,0,4472,8944,15726,2310,20190,10950,0,0,0,0,0,0,,0.0,1155.0,1155,1155,0.1121,2.0371,1.6355,0.0644,0.0,0.0,0.0,0.3008,4.1542
visitall-sat11-strips-problem36,0,True,0,5024,10048,17662,2590,22678,12259,0,0,0,0,0,0,,0.0,1295.0,1295,1295,0.1375,2.7377,2.3368,0.079,0.0,0.0,0.0,0.3391,5.635
visitall-sat11-strips-problem38,0,True,0,5608,11216,19710,2886,25310,13647,0,0,0,0,0,0,,0.0,1443.0,1443,1443,0.1667,3.6317,3.1519,0.0975,0.0,0.0,0.0,0.3781,7.4318
visitall-sat11-strips-problem40,0,True,0,6224,12448,21870,3198,28086,15104,0,0,0,0,0,0,,0.0,1599.0,1599,1599,0.2036,4.752,4.1497,0.1169,0.0,0.0,0.0,0.4207,9.6505
visitall-sat11-strips-problem42,0,True,0,6872,13744,24142,3526,31006,16636,0,0,0,0,0,0,,0.0,1763.0,1763,1763,0.2441,6.1863,5.3719,0.1399,0.0,0.0,0.0,0.4682,12.4211
visitall-sat11-strips-problem44,0,True,0,7552,15104,26526,3870,34070,18244,0,0,0,0,0,0,,0.0,1935.0,1935,1935,0.2921,8.2375,7.1102,0.1696,0.0,0.0,0.0,0.5112,16.332
visitall-sat11-strips-problem46,0,True,0,8264,16528,29022,4230,37278,19926,0,0,0,0,0,0,,0.0,2115.0,2115,2115,0.3459,10.2118,9.4532,0.2009,0.0,0.0,0.0,0.5528,20.7756
visitall-sat11-strips-problem48,0,True,0,9008,18016,31630,4606,40630,21683,0,0,0,0,0,0,,0.0,2303.0,2303,2303,0.4051,13.39,11.8086,0.2365,0.0,0.0,0.0,0.6249,26.4815
visitall-sat11-strips-problem50,0,True,0,9784,19568,34350,4998,44126,23516,0,0,0,0,0,0,,0.0,2499.0,2499,2499,0.4762,16.8985,15.1693,0.2754,0.0,0.0,0.0,0.7046,33.5435
visitall-sat14-strips-pfile30,0,True,0,3464,6928,12190,1798,15646,8589,0,0,0,0,0,0,,0.0,899.0,899,899,0.072,1.1119,0.7848,0.0401,0.0,0.0,0.0,0.2328,2.2448
visitall-sat14-strips-pfile31,0,True,0,3704,7408,13032,1920,16728,9184,0,0,0,0,0,0,,0.0,960.0,960,960,0.0812,1.309,0.9997,0.0454,0.0,0.0,0.0,0.251,2.6897
visitall-sat14-strips-pfile32,0,True,0,3952,7904,13902,2046,17846,9729,0,0,0,0,0,0,,0.0,1023.0,1023,1023,0.0904,1.5102,1.1803,0.0516,0.0,0.0,0.0,0.2674,3.1034
visitall-sat14-strips-pfile33,0,True,0,4208,8416,14800,2176,19000,10363,0,0,0,0,0,0,,0.0,1088.0,1088,1088,0.1005,1.8042,1.3511,0.058,0.0,0.0,0.0,0.2806,3.598
visitall-sat14-strips-pfile50,0,True,0,9784,19568,34350,4998,44126,23516,0,0,0,0,0,0,,0.0,2499.0,2499,2499,0.4745,16.6975,15.1428,0.2753,0.0,0.0,0.0,0.7067,33.3162
visitall-sat14-strips-pfile51,0,True,0,10184,20368,35752,5200,45928,24495,0,0,0,0,0,0,,0.0,2600.0,2600,2600,0.5115,20.9064,18.231,0.2974,0.0,0.0,0.0,0.7206,40.683
visitall-sat14-strips-pfile52,0,True,0,10592,21184,37182,5406,47766,25423,0,0,0,0,0,0,,0.0,2703.0,2703,2703,0.5512,22.4724,19.6386,0.3204,0.0,0.0,0.0,0.7489,43.749
visitall-sat14-strips-pfile53,0,True,0,11008,22016,38640,5616,49640,26441,0,0,0,0,0,0,,0.0,2808.0,2808,2808,0.5951,25.8584,22.5044,0.3457,0.0,0.0,0.0,0.8009,50.1231
visitall-sat14-strips-pfile54,0,True,0,11432,22864,40126,5830,51550,27405,0,0,0,0,0,0,,0.0,2915.0,2915,2915,0.6419,27.9229,24.8959,0.3744,0.0,0.0,0.0,0.7825,54.6459
visitall-sat14-strips-pfile55,0,True,0,11864,23728,41640,6048,53496,28462,0,0,0,0,0,0,,0.0,3024.0,3024,3024,0.6904,31.4016,27.5141,0.3972,0.0,0.0,0.0,0.8283,60.8533
visitall-sat14-strips-pfile56,0,True,0,12304,24608,43182,6270,55478,29463,0,0,0,0,0,0,,0.0,3135.0,3135,3135,0.7386,34.4706,31.5593,0.4256,0.0,0.0,0.0,0.8816,68.1086
visitall-sat14-strips-pfile57,0,True,0,12752,25504,44752,6496,57496,30559,0,0,0,0,0,0,,0.0,3248.0,3248,3248,0.7895,38.3359,33.2436,0.4567,0.0,0.0,0.0,0.901,73.7506
visitall-sat14-strips-pfile58,0,True,0,13208,26416,46350,6726,59550,31595,0,0,0,0,0,0,,0.0,3363.0,3363,3363,0.8475,41.8628,39.122,0.4853,0.0,0.0,0.0,0.9346,83.2805
visitall-sat14-strips-pfile59,0,True,0,13672,27344,47976,6960,61640,32730,0,0,0,0,0,0,,0.0,3480.0,3480,3480,0.9046,46.3363,40.8085,0.5214,0.0,0.0,0.0,0.9791,89.5775
visitall-sat14-strips-pfile60,0,True,0,14144,28288,49630,7198,63766,33802,0,0,0,0,0,0,,0.0,3599.0,3599,3599,0.9649,50.4822,47.837,0.5565,0.0,0.0,0.0,0.9599,100.8439
visitall-sat14-strips-pfile61,0,True,0,14624,29248,51312,7440,65928,34976,0,0,0,0,0,0,,0.0,3720.0,3720,3720,1.0323,55.8101,49.2688,0.5909,0.0,0.0,0.0,1.0039,107.7367
visitall-sat14-strips-pfile62,0,True,0,15112,30224,53022,7686,68126,36085,0,0,0,0,0,0,,0.0,3843.0,3843,3843,1.099,60.4796,57.5088,0.6365,0.0,0.0,0.0,1.1271,120.8976
visitall-sat14-strips-pfile63,0,True,0,15608,31216,54760,7936,70360,37298,0,0,0,0,0,0,,0.0,3968.0,3968,3968,1.1688,68.0674,60.0128,0.6743,0.0,0.0,0.0,1.1561,131.1127
visitall-sat14-strips-pfile64,0,True,0,16112,32224,56526,8190,72630,38442,0,0,0,0,0,0,,0.0,4095.0,4095,4095,1.2494,71.5253,67.9228,0.7187,0.0,0.0,0.0,1.2752,142.7297
visitall-sat14-strips-pfile65,0,True,0,16624,33248,58320,8448,74936,39694,0,0,0,0,0,0,,0.0,4224.0,4224,4224,1.3269,78.8774,71.8656,0.7618,0.0,0.0,0.0,1.3091,154.1775
woodworking-opt08-strips-p01,0,False,11,22,57,110,31,147,89,0,0,0,0,0,0,,0.0,170.0,205,170,0.0058,0.0004,0.0,0.0012,0.0,0.0,0.0,0.007,0.015
woodworking-opt08-strips-p02,0,False,13,24,54,113,35,134,85,0,0,0,0,0,0,,0.0,185.0,185,185,0.0067,0.0006,0.0,0.0012,0.0,0.0,0.0,0.0063,0.0152
woodworking-opt08-strips-p03,0,False,22,76,299,435,58,559,430,0,0,0,0,0,0,,0.0,275.0,360,275,0.0072,0.0013,0.0002,0.0016,0.0,0.0,0.0,0.014,0.0248
woodworking-opt08-strips-p04,0,False,38,103,410,586,73,743,569,0,0,0,0,0,0,,0.0,235.0,340,235,0.0089,0.0021,0.0003,0.0016,0.0,0.0,0.0,0.023,0.0364
woodworking-opt08-strips-p05,0,False,41,160,735,981,84,1228,1016,0,0,0,0,0,0,,0.0,260.0,370,260,0.0121,0.0033,0.0004,0.0019,0.0,0.0,0.0,0.0342,0.0524
woodworking-opt08-strips-p06,0,False,50,195,961,1257,100,1604,1330,0,0,0,0,0,0,,0.0,430.0,550,430,0.0093,0.0032,0.0006,0.0026,0.0,0.0,0.0,0.0617,0.078
woodworking-opt08-strips-p07,0,False,68,231,962,1316,123,1633,1391,0,0,0,0,0,0,,0.0,390.0,515,390,0.0125,0.0052,0.0009,0.0024,0.0,0.0,0.0,0.058,0.0797
woodworking-opt08-strips-p08,0,False,84,291,1224,1660,143,2037,1713,0,0,0,0,0,0,,0.0,420.0,545,420,0.0153,0.0071,0.0012,0.0028,0.0,0.0,0.0,0.0648,0.0918
woodworking-opt08-strips-p09,0,False,71,123,439,696,133,862,558,0,0,0,0,0,0,,0.0,425.0,505,425,0.0149,0.005,0.0006,0.002,0.0,0.0,0.0,0.0223,0.0454
woodworking-opt08-strips-p10,0,False,109,567,2586,3331,178,4078,3651,0,0,0,0,0,0,,0.0,485.0,665,485,0.017,0.0129,0.0028,0.0044,0.0,0.0,0.0,0.1422,0.1803
woodworking-opt08-strips-p11,0,False,10,17,57,105,30,133,59,0,0,0,0,0,0,,0.0,130.0,160,130,0.0056,0.0003,0.0,0.0012,0.0,0.0,0.0,0.0055,0.0131
woodworking-opt08-strips-p12,0,False,28,78,302,436,55,567,480,0,0,0,0,0,0,,0.0,225.0,300,225,0.0085,0.0012,0.0002,0.0025,0.0,0.0,0.0,0.0197,0.0326
woodworking-opt08-strips-p13,0,False,38,106,453,630,70,813,671,0,0,0,0,0,0,,0.0,195.0,300,195,0.0073,0.0017,0.0002,0.0017,0.0,0.0,0.0,0.0258,0.0373
woodworking-opt08-strips-p14,0,False,35,133,631,836,72,1066,899,0,0,0,0,0,0,,0.0,195.0,325,195,0.006,0.0018,0.0003,0.0018,0.0,0.0,0.0,0.0282,0.0386
woodworking-opt08-strips-p15,0,False,35,151,649,875,73,1070,888,0,0,0,0,0,0,,0.0,270.0,395,270,0.0087,0.0024,0.0004,0.0018,0.0,0.0,0.0,0.0299,0.0436
woodworking-opt08-strips-p16,0,False,52,136,514,747,97,932,783,0,0,0,0,0,0,,0.0,275.0,380,275,0.0097,0.0035,0.0004,0.0019,0.0,0.0,0.0,0.0286,0.0446
woodworking-opt08-strips-p17,0,False,73,276,1155,1559,128,1936,1681,0,0,0,0,0,0,,0.0,280.0,415,280,0.0129,0.0061,0.001,0.0028,0.0,0.0,0.0,0.0693,0.0927
woodworking-opt08-strips-p18,0,False,67,318,1415,1864,129,2288,1992,0,0,0,0,0,0,,0.0,435.0,620,435,0.0135,0.0066,0.0016,0.0031,0.0,0.0,0.0,0.0862,0.1119
woodworking-opt08-strips-p19,0,False,88,386,1694,2230,149,2731,2458,0,0,0,0,0,0,,0.0,395.0,600,395,0.0148,0.0092,0.0021,0.0039,0.0,0.0,0.0,0.0869,0.1181
woodworking-opt08-strips-p20,0,False,102,596,2805,3579,176,4378,3961,0,0,0,0,0,0,,0.0,435.0,635,435,0.0171,0.0133,0.0035,0.0051,0.0,0.0,0.0,0.1234,0.1633
woodworking-opt08-strips-p21,0,False,9,14,39,78,25,101,55,0,0,0,0,0,0,,0.0,95.0,135,95,0.0061,0.0003,0.0,0.0019,0.0,0.0,0.0,0.0036,0.0127
woodworking-opt08-strips-p22,0,False,17,30,108,179,41,237,126,0,0,0,0,0,0,,0.0,175.0,225,175,0.0059,0.0006,0.0001,0.0014,0.0,0.0,0.0,0.0064,0.0148
woodworking-opt08-strips-p23,0,False,19,47,183,283,52,368,238,0,0,0,0,0,0,,0.0,195.0,260,195,0.0059,0.0008,0.0001,0.0018,0.0,0.0,0.0,0.0084,0.0174
woodworking-opt08-strips-p24,0,False,35,75,242,390,72,488,353,0,0,0,0,0,0,,0.0,235.0,325,235,0.0075,0.0017,0.0002,0.0019,0.0,0.0,0.0,0.015,0.0269
woodworking-opt08-strips-p25,0,False,44,185,757,1035,93,1306,1161,0,0,0,0,0,0,,0.0,380.0,535,380,0.0102,0.0035,0.0007,0.0023,0.0,0.0,0.0,0.0437,0.0612
woodworking-opt08-strips-p26,0,False,58,172,748,1027,107,1308,1045,0,0,0,0,0,0,,0.0,220.0,365,220,0.0096,0.0037,0.0006,0.002,0.0,0.0,0.0,0.0405,0.057
woodworking-opt08-strips-p27,0,False,52,179,765,1056,111,1318,1028,0,0,0,0,0,0,,0.0,320.0,590,320,0.0117,0.0042,0.0008,0.0024,0.0,0.0,0.0,0.0431,0.0629
woodworking-opt08-strips-p28,0,False,47,217,917,1242,106,1520,1172,0,0,0,0,0,0,,0.0,465.0,685,465,0.0126,0.0049,0.0008,0.0024,0.0,0.0,0.0,0.0474,0.069
woodworking-opt08-strips-p29,0,False,75,362,1633,2142,144,2634,2284,0,0,0,0,0,0,,0.0,535.0,715,535,0.0159,0.0088,0.0018,0.0034,0.0,0.0,0.0,0.1103,0.1411
woodworking-opt08-strips-p30,0,False,77,308,1266,1731,157,2189,1734,0,0,0,0,0,0,,0.0,650.0,820,650,0.0277,0.0089,0.0019,0.0029,0.0,0.0,0.0,0.0706,0.1128
woodworking-opt11-strips-p01,0,False,19,47,183,283,52,368,238,0,0,0,0,0,0,,0.0,195.0,260,195,0.0059,0.0008,0.0001,0.0018,0.0,0.0,0.0,0.0084,0.0175
woodworking-opt11-strips-p02,0,False,28,78,302,436,55,567,480,0,0,0,0,0,0,,0.0,225.0,300,225,0.0083,0.0012,0.0002,0.0015,0.0,0.0,0.0,0.0197,0.0315
woodworking-opt11-strips-p03,0,False,38,106,453,630,70,813,671,0,0,0,0,0,0,,0.0,195.0,300,195,0.0077,0.0017,0.0002,0.0021,0.0,0.0,0.0,0.0257,0.0381
woodworking-opt11-strips-p04,0,False,22,76,299,435,58,559,430,0,0,0,0,0,0,,0.0,275.0,360,275,0.0069,0.0013,0.0002,0.0015,0.0,0.0,0.0,0.014,0.0245
woodworking-opt11-strips-p05,0,False,35,75,242,390,72,488,353,0,0,0,0,0,0,,0.0,235.0,325,235,0.0088,0.0017,0.0002,0.0017,0.0,0.0,0.0,0.0151,0.0281
woodworking-opt11-strips-p06,0,False,38,103,410,586,73,743,569,0,0,0,0,0,0,,0.0,235.0,340,235,0.0085,0.0021,0.0003,0.0036,0.0,0.0,0.0,0.0228,0.038
woodworking-opt11-strips-p07,0,False,35,133,631,836,72,1066,899,0,0,0,0,0,0,,0.0,195.0,325,195,0.0067,0.0017,0.0003,0.0018,0.0,0.0,0.0,0.0279,0.039
woodworking-opt11-strips-p08,0,False,44,185,757,1035,93,1306,1161,0,0,0,0,0,0,,0.0,380.0,535,380,0.0082,0.0035,0.0007,0.0023,0.0,0.0,0.0,0.0437,0.0591
woodworking-opt11-strips-p09,0,False,41,160,735,981,84,1228,1016,0,0,0,0,0,0,,0.0,260.0,370,260,0.0267,0.0032,0.0004,0.0023,0.0,0.0,0.0,0.0342,0.0675
woodworking-opt11-strips-p10,0,False,35,151,649,875,73,1070,888,0,0,0,0,0,0,,0.0,270.0,395,270,0.008,0.0024,0.0005,0.0018,0.0,0.0,0.0,0.0294,0.0427
woodworking-opt11-strips-p11,0,False,58,172,748,1027,107,1308,1045,0,0,0,0,0,0,,0.0,220.0,365,220,0.0091,0.0037,0.0006,0.0022,0.0,0.0,0.0,0.0401,0.0563
woodworking-opt11-strips-p12,0,False,52,136,514,747,97,932,783,0,0,0,0,0,0,,0.0,275.0,380,275,0.011,0.0035,0.0004,0.0017,0.0,0.0,0.0,0.0287,0.0458
woodworking-opt11-strips-p13,0,False,50,195,961,1257,100,1604,1330,0,0,0,0,0,0,,0.0,430.0,550,430,0.0088,0.0033,0.0006,0.0024,0.0,0.0,0.0,0.062,0.0778
woodworking-opt11-strips-p14,0,False,52,179,765,1056,111,1318,1028,0,0,0,0,0,0,,0.0,320.0,590,320,0.0121,0.0042,0.0008,0.0022,0.0,0.0,0.0,0.0432,0.0632
woodworking-opt11-strips-p15,0,False,73,276,1155,1559,128,1936,1681,0,0,0,0,0,0,,0.0,280.0,415,280,0.0245,0.0061,0.0011,0.0027,0.0,0.0,0.0,0.0698,0.1048
woodworking-opt11-strips-p16,0,False,68,231,962,1316,123,1633,1391,0,0,0,0,0,0,,0.0,390.0,515,390,0.0125,0.0052,0.0009,0.0024,0.0,0.0,0.0,0.0579,0.0796
woodworking-opt11-strips-p17,0,False,47,217,917,1242,106,1520,1172,0,0,0,0,0,0,,0.0,465.0,685,465,0.0134,0.0049,0.0008,0.0022,0.0,0.0,0.0,0.0473,0.0693
woodworking-opt11-strips-p18,0,False,67,318,1415,1864,129,2288,1992,0,0,0,0,0,0,,0.0,435.0,620,435,0.0137,0.0066,0.0013,0.0031,0.0,0.0,0.0,0.0865,0.1121
woodworking-opt11-strips-p19,0,False,84,291,1224,1660,143,2037,1713,0,0,0,0,0,0,,0.0,420.0,545,420,0.014,0.0071,0.0012,0.0028,0.0,0.0,0.0,0.065,0.0908
woodworking-opt11-strips-p20,0,False,75,362,1633,2142,144,2634,2284,0,0,0,0,0,0,,0.0,535.0,715,535,0.0158,0.0089,0.0018,0.0031,0.0,0.0,0.0,0.1104,0.141
woodworking-sat08-strips-p01,0,False,7,12,27,58,19,70,37,0,0,0,0,0,0,,0.0,110.0,120,110,0.0058,0.0002,0.0,0.0024,0.0,0.0,0.0,0.0018,0.0107
woodworking-sat08-strips-p02,0,False,18,29,91,174,52,206,109,0,0,0,0,0,0,,0.0,255.0,295,255,0.0062,0.001,0.0001,0.0013,0.0,0.0,0.0,0.0049,0.014
woodworking-sat08-strips-p03,0,False,73,331,1545,2003,127,2510,2162,0,0,0,0,0,0,,0.0,425.0,565,425,0.0118,0.0061,0.0012,0.0032,0.0,0.0,0.0,0.1094,0.1327
woodworking-sat08-strips-p04,0,False,74,463,2128,2751,160,3389,2971,0,0,0,0,0,0,,0.0,725.0,875,725,0.0152,0.01,0.0033,0.0048,0.0,0.0,0.0,0.168,0.2023
woodworking-sat08-strips-p05,0,False,111,715,3291,4212,206,5142,4581,0,0,0,0,0,0,,0.0,515.0,770,515,0.0206,0.0189,0.0058,0.0054,0.0,0.0,0.0,0.1763,0.2283
woodworking-sat08-strips-p06,0,False,122,904,4216,5351,230,6469,5639,0,0,0,0,0,0,,0.0,690.0,1000,690,0.0262,0.0287,0.0096,0.0067,0.0,0.0,0.0,0.2579,0.3301
woodworking-sat08-strips-p07,0,False,198,1916,8961,11204,327,13386,12305,0,0,0,0,0,0,,0.0,900.0,1305,900,0.0448,0.0784,0.0311,0.0142,0.0,0.0,0.0,0.6781,0.8483
woodworking-sat08-strips-p08,0,False,208,2561,12358,15282,362,18239,16863,0,0,0,0,0,0,,0.0,1080.0,1515,1080,0.0518,0.107,0.0478,0.0194,0.0,0.0,0.0,1.0413,1.2701
woodworking-sat08-strips-p09,0,False,270,2864,13437,16734,432,19882,18216,0,0,0,0,0,0,,0.0,990.0,1520,990,0.0868,0.1559,0.0763,0.0229,0.0,0.0,0.0,1.2887,1.6335
woodworking-sat08-strips-p10,0,False,266,2888,13410,16745,444,19842,18297,0,0,0,0,0,0,,0.0,1080.0,1615,1080,0.0807,0.1734,0.0831,0.0233,0.0,0.0,0.0,1.3694,1.7341
woodworking-sat08-strips-p11,0,False,3,7,13,33,13,31,5,0,0,0,0,0,0,,0.0,50.0,50,50,0.0059,0.0002,0.0,0.0013,0.0,0.0,0.0,0.0014,0.0092
woodworking-sat08-strips-p12,0,False,23,59,236,355,60,440,295,0,0,0,0,0,0,,0.0,270.0,360,270,0.0088,0.0012,0.0001,0.0013,0.0,0.0,0.0,0.0104,0.0225
woodworking-sat08-strips-p13,0,False,68,374,1750,2254,130,2808,2544,0,0,0,0,0,0,,0.0,435.0,590,435,0.0129,0.007,0.0016,0.0043,0.0,0.0,0.0,0.0886,0.1152
woodworking-sat08-strips-p14,0,False,116,520,2290,2997,187,3684,3193,0,0,0,0,0,0,,0.0,455.0,660,455,0.0193,0.0155,0.0035,0.0042,0.0,0.0,0.0,0.1177,0.1609
woodworking-sat08-strips-p15,0,False,103,720,3378,4299,199,5256,4725,0,0,0,0,0,0,,0.0,790.0,980,790,0.0193,0.0171,0.0056,0.0063,0.0,0.0,0.0,0.1929,0.242
woodworking-sat08-strips-p16,0,False,171,829,3656,4753,268,5751,4971,0,0,0,0,0,0,,0.0,640.0,940,640,0.0272,0.0342,0.0097,0.0066,0.0,0.0,0.0,0.2697,0.3484
woodworking-sat08-strips-p17,0,False,154,1050,4638,5974,286,7184,6298,0,0,0,0,0,0,,0.0,905.0,1150,905,0.0339,0.0467,0.0148,0.0077,0.0,0.0,0.0,0.3087,0.413
woodworking-sat08-strips-p18,0,False,215,1405,6474,8246,365,9975,8795,0,0,0,0,0,0,,0.0,920.0,1375,920,0.0479,0.0761,0.0306,0.0113,0.0,0.0,0.0,0.5676,0.7348
woodworking-sat08-strips-p19,0,False,226,1505,6777,8672,390,10392,9137,0,0,0,0,0,0,,0.0,995.0,1425,995,0.0542,0.0917,0.0271,0.0114,0.0,0.0,0.0,0.332,0.5177
woodworking-sat08-strips-p20,0,False,297,2881,13303,16670,486,19834,18235,0,0,0,0,0,0,,0.0,1155.0,1780,1155,0.0821,0.195,0.0879,0.0247,0.0,0.0,0.0,0.8273,1.2216
woodworking-sat08-strips-p21,0,False,14,24,64,122,34,168,96,0,0,0,0,0,0,,0.0,165.0,205,165,0.0053,0.0005,0.0,0.0017,0.0,0.0,0.0,0.0045,0.0125
woodworking-sat08-strips-p22,0,False,27,57,200,319,61,395,266,0,0,0,0,0,0,,0.0,205.0,295,205,0.0256,0.0016,0.0001,0.0014,0.0,0.0,0.0,0.0143,0.0435
woodworking-sat08-strips-p23,0,False,51,122,420,646,103,797,633,0,0,0,0,0,0,,0.0,385.0,475,385,0.0115,0.0036,0.0004,0.0015,0.0,0.0,0.0,0.0237,0.0418
woodworking-sat08-strips-p24,0,False,96,323,1347,1840,168,2237,1810,0,0,0,0,0,0,,0.0,540.0,755,540,0.0165,0.0102,0.0018,0.0034,0.0,0.0,0.0,0.0716,0.1043
woodworking-sat08-strips-p25,0,False,116,493,2177,2883,211,3577,3009,0,0,0,0,0,0,,0.0,520.0,815,520,0.021,0.0168,0.0042,0.0043,0.0,0.0,0.0,0.1389,0.1863
woodworking-sat08-strips-p26,0,False,126,569,2428,3246,248,4002,3247,0,0,0,0,0,0,,0.0,910.0,1125,910,0.0262,0.0242,0.0054,0.0052,0.0,0.0,0.0,0.1437,0.2058
woodworking-sat08-strips-p27,0,False,141,732,3171,4158,254,4996,4399,0,0,0,0,0,0,,0.0,695.0,930,695,0.0322,0.0365,0.0077,0.0059,0.0,0.0,0.0,0.1348,0.2183
woodworking-sat08-strips-p28,0,False,222,1602,7245,9234,387,11153,9985,0,0,0,0,0,0,,0.0,1290.0,1670,1290,0.0511,0.0926,0.0366,0.0123,0.0,0.0,0.0,0.4141,0.6083
woodworking-sat08-strips-p29,0,False,212,1195,5100,6681,385,8092,6499,0,0,0,0,0,0,,0.0,1090.0,1665,1090,0.0526,0.0814,0.0322,0.0095,0.0,0.0,0.0,0.2633,0.4403
woodworking-sat08-strips-p30,0,False,272,2097,9365,11919,457,14258,12706,0,0,0,0,0,0,,0.0,1100.0,1645,1100,0.0705,0.1427,0.0612,0.017,0.0,0.0,0.0,0.7331,1.0272
woodworking-sat11-strips-p01,0,False,198,1916,8961,11204,327,13386,12305,0,0,0,0,0,0,,0.0,900.0,1305,900,0.0448,0.0795,0.034,0.014,0.0,0.0,0.0,0.6763,0.85
woodworking-sat11-strips-p02,0,False,208,2561,12358,15282,362,18239,16863,0,0,0,0,0,0,,0.0,1080.0,1515,1080,0.0518,0.1065,0.0437,0.0195,0.0,0.0,0.0,1.032,1.2573
woodworking-sat11-strips-p03,0,False,226,1505,6777,8672,390,10392,9137,0,0,0,0,0,0,,0.0,995.0,1425,995,0.0544,0.0918,0.0297,0.0118,0.0,0.0,0.0,0.3327,0.5217
woodworking-sat11-strips-p04,0,False,270,2864,13437,16734,432,19882,18216,0,0,0,0,0,0,,0.0,990.0,1520,990,0.0736,0.156,0.0702,0.0228,0.0,0.0,0.0,1.2851,1.6104
woodworking-sat11-strips-p05,0,False,297,2881,13303,16670,486,19834,18235,0,0,0,0,0,0,,0.0,1155.0,1780,1155,0.0811,0.1947,0.0821,0.0239,0.0,0.0,0.0,0.8268,1.2133
woodworking-sat11-strips-p06,0,False,266,2888,13410,16745,444,19842,18297,0,0,0,0,0,0,,0.0,1080.0,1615,1080,0.0796,0.1743,0.0846,0.0235,0.0,0.0,0.0,1.3659,1.732
woodworking-sat11-strips-p07,0,False,222,1602,7245,9234,387,11153,9985,0,0,0,0,0,0,,0.0,1290.0,1670,1290,0.0509,0.0923,0.0374,0.0125,0.0,0.0,0.0,0.4134,0.608
woodworking-sat11-strips-p08,0,False,212,1195,5100,6681,385,8092,6499,0,0,0,0,0,0,,0.0,1090.0,1665,1090,0.0514,0.0817,0.0287,0.0093,0.0,0.0,0.0,0.2651,0.4379
woodworking-sat11-strips-p09,0,False,215,1405,6474,8246,365,9975,8795,0,0,0,0,0,0,,0.0,920.0,1375,920,0.0493,0.076,0.0312,0.0113,0.0,0.0,0.0,0.5658,0.7348
woodworking-sat11-strips-p10,0,False,3,7,13,33,13,31,5,0,0,0,0,0,0,,0.0,50.0,50,50,0.0051,0.0002,0.0,0.0011,0.0,0.0,0.0,0.0014,0.0082
woodworking-sat11-strips-p11,0,False,296,2368,10695,13560,497,16140,14676,0,0,0,0,0,0,,0.0,1305.0,1890,1305,0.0798,0.1746,0.0834,0.0201,0.0,0.0,0.0,0.6574,1.0176
woodworking-sat11-strips-p12,0,False,347,3918,18468,22934,548,27206,25409,0,0,0,0,0,0,,0.0,1275.0,1850,1275,0.104,0.2673,0.1331,0.036,0.0,0.0,0.0,2.0545,2.5987
woodworking-sat11-strips-p13,0,False,278,2938,13939,17380,503,20693,18812,0,0,0,0,0,0,,0.0,1375.0,2130,1375,0.0904,0.2069,0.129,0.0256,0.0,0.0,0.0,1.2753,1.7297
woodworking-sat11-strips-p14,0,False,288,2233,10159,12873,481,15258,13794,0,0,0,0,0,0,,0.0,1035.0,1460,1035,0.085,0.1576,0.0643,0.0193,0.0,0.0,0.0,0.6806,1.0099
woodworking-sat11-strips-p15,0,False,367,3976,18844,23418,598,27903,25690,0,0,0,0,0,0,,0.0,1505.0,2155,1505,0.1222,0.3087,0.1638,0.0373,0.0,0.0,0.0,1.8518,2.4904
woodworking-sat11-strips-p16,0,False,359,3582,16471,20634,581,24422,22246,0,0,0,0,0,0,,0.0,1325.0,1895,1325,0.1151,0.281,0.1441,0.0329,0.0,0.0,0.0,1.6356,2.2128
woodworking-sat11-strips-p17,0,False,200,2619,12539,15476,318,17181,19506,0,0,0,0,0,0,,0.0,645.0,1040,645,0.0922,0.1541,0.0306,0.0206,0.0,0.0,0.0,1.4141,1.7141
woodworking-sat11-strips-p18,0,False,163,1971,9576,11840,293,13076,15174,0,0,0,0,0,0,,0.0,1085.0,1345,1085,0.0806,0.118,0.0262,0.0164,0.0,0.0,0.0,1.1733,1.4168
woodworking-sat11-strips-p19,0,False,201,2990,14364,17699,345,19522,22277,0,0,0,0,0,0,,0.0,895.0,1305,895,0.117,0.1878,0.0416,0.0241,0.0,0.0,0.0,1.8691,2.2426
woodworking-sat11-strips-p20,0,False,251,4126,19927,24446,393,26546,31726,0,0,0,0,0,0,,0.0,950.0,1435,950,0.1497,0.2976,0.0777,0.0332,0.0,0.0,0.0,2.8188,3.3821
zenotravel-p01,0,True,6,7,7,21,7,18,4,0,0,0,0,0,0,,0.0,1.0,1,1,0.0049,0.0002,0.0,0.0014,0.0,0.0,0.0,0.0015,0.0084
zenotravel-p02,0,True,6,9,14,34,10,30,12,0,0,0,0,0,0,,0.0,4.0,4,4,0.0056,0.0002,0.0,0.0017,0.0,0.0,0.0,0.0032,0.0111
zenotravel-p03,0,True,22,52,80,156,24,157,84,0,0,0,0,0,0,,0.0,5.0,5,5,0.0047,0.0005,0.0,0.0013,0.0,0.0,0.0,0.0065,0.0135
zenotravel-p04,0,True,21,47,63,134,24,138,79,0,0,0,0,0,0,,0.0,6.0,6,6,0.005,0.0004,0.0,0.001,0.0,0.0,0.0,0.006,0.013
zenotravel-p05,0,True,34,95,125,258,38,280,173,0,0,0,0,0,0,,0.0,11.0,11,11,0.007,0.0009,0.0001,0.0012,0.0,0.0,0.0,0.0095,0.0191
zenotravel-p06,0,True,34,92,128,258,38,274,163,0,0,0,0,0,0,,0.0,11.0,11,11,0.0244,0.001,0.0001,0.0012,0.0,0.0,0.0,0.0097,0.0369
zenotravel-p07,0,True,32,69,69,174,36,196,121,0,0,0,0,0,0,,0.0,11.0,11,11,0.006,0.0008,0.0001,0.0011,0.0,0.0,0.0,0.0067,0.0151
zenotravel-p08,0,True,47,153,209,413,51,447,259,0,0,0,0,0,0,,0.0,10.0,10,10,0.0096,0.0022,0.0001,0.0012,0.0,0.0,0.0,0.0127,0.0263
zenotravel-p09,0,True,72,234,274,587,79,683,409,0,0,0,0,0,0,,0.0,18.0,18,18,0.0084,0.0032,0.0003,0.0013,0.0,0.0,0.0,0.0173,0.031
zenotravel-p10,0,True,77,259,307,652,86,755,447,0,0,0,0,0,0,,0.0,20.0,20,20,0.0093,0.0037,0.0004,0.0017,0.0,0.0,0.0,0.0179,0.0336
zenotravel-p11,0,True,60,231,321,617,65,677,390,0,0,0,0,0,0,,0.0,12.0,12,12,0.0106,0.0044,0.0003,0.0018,0.0,0.0,0.0,0.0175,0.0352
zenotravel-p12,0,True,82,306,386,781,89,900,534,0,0,0,0,0,0,,0.0,19.0,19,19,0.01,0.0053,0.0006,0.0021,0.0,0.0,0.0,0.0264,0.0451
zenotravel-p13,0,True,96,412,522,1039,105,1206,741,0,0,0,0,0,0,,0.0,23.0,23,23,0.0108,0.0066,0.0008,0.0019,0.0,0.0,0.0,0.0304,0.051
zenotravel-p14,0,True,189,1141,1429,2771,201,3341,2029,0,0,0,0,0,0,,0.0,28.0,29,28,0.0303,0.0477,0.0042,0.0036,0.0,0.0,0.0,0.1186,0.2054
zenotravel-p15,0,True,262,1492,1558,3324,274,4437,2747,0,0,0,0,0,0,,0.0,32.0,34,32,0.0489,0.0722,0.0041,0.004,0.0,0.0,0.0,0.1553,0.2863
zenotravel-p16,0,True,314,2083,2473,4885,329,6181,3805,0,0,0,0,0,0,,0.0,38.0,40,38,0.0703,0.1507,0.0123,0.0063,0.0,0.0,0.0,0.2857,0.5277
zenotravel-p17,0,True,464,3204,3534,7223,485,9614,6004,0,0,0,0,0,0,,0.0,52.0,53,52,0.1135,0.2657,0.0231,0.0095,0.0,0.0,0.0,0.3948,0.8087
zenotravel-p18,0,True,492,3426,3732,7669,511,10324,6474,0,0,0,0,0,0,,0.0,51.0,52,51,0.1432,0.3163,0.024,0.0099,0.0,0.0,0.0,0.4343,0.93
zenotravel-p19,0,True,626,4464,4654,9768,650,13468,8478,0,0,0,0,0,0,,0.0,59.0,60,59,0.2458,0.5184,0.0334,0.0145,0.0,0.0,0.0,0.4919,1.3071
zenotravel-p20,0,True,760,5963,6509,13257,785,17981,11433,0,0,0,0,0,0,,0.0,68.0,69,68,0.2774,0.7772,0.0644,0.021,0.0,0.0,0.0,1.4896,2.6328
