Instance,Status,Unit_Costs,N_Atoms,N_Acts,N_Effects,N_Var_Base,N_Var_Acyc,N_Const_Base,N_Const_Acyc,N_Cuts_LM,N_Cuts_Sec,N_RCB_Calls,N_CCB_Calls,N_CL_It,N_Nodes,Initial_LB,Root_LB,Final_LB,Initial_UB,Final_UB,Parsing_Time,Prep_Time,Heur_Time,Build_Time,RCB_Time,CCB_Time,CL_Time,CPX_Time,Time
agricola-opt18-strips-p01,0,False,60,523,1010,1631,0,1882,0,0,3,0,8,0,0,,0.0,142.0,1e+20,142,0.5745,0.1037,0.0,0.3105,0.0,0.0006,0.0,0.2008,1.1922
agricola-opt18-strips-p02,0,False,63,612,1177,1890,0,2116,0,0,6,0,8,0,0,,0.0,142.0,1e+20,142,0.6613,0.2649,0.0,0.1,0.0,0.0008,0.0,0.2225,1.2528
agricola-opt18-strips-p03,0,False,66,723,1373,2200,0,2434,0,0,1089,0,711,0,1528,,0.0,204.0,1e+20,204,1.0095,0.3797,0.0,0.0555,0.0,0.0619,0.0,2.4961,3.9471
agricola-opt18-strips-p04,0,False,67,592,1146,1847,0,2096,0,0,5,0,8,0,0,,0.0,146.0,1e+20,146,0.5892,0.1622,0.0,0.0602,0.0,0.0007,0.0,0.1437,0.9583
agricola-opt18-strips-p05,0,False,69,728,1401,2241,0,2466,0,0,1265,0,677,0,1947,,0.0,208.0,1e+20,208,0.6954,0.2732,0.0,0.0534,0.0,0.0627,0.0,3.4769,4.5042
agricola-opt18-strips-p06,0,False,72,796,1523,2434,0,2648,0,0,85,0,41,0,33,,0.0,206.0,1e+20,206,1.0956,0.5814,0.0,0.0542,0.0,0.0038,0.0,0.987,2.7262
agricola-opt18-strips-p07,0,False,74,697,1347,2166,0,2443,0,0,719,0,416,0,1298,,0.0,212.0,1e+20,212,0.6541,0.2055,0.0,0.352,0.0,0.0399,0.0,1.3289,2.5447
agricola-opt18-strips-p08,0,False,78,799,1567,2491,0,2737,0,0,5,0,7,0,0,,0.0,150.0,1e+20,150,0.7456,0.3567,0.0,0.0562,0.0,0.0008,0.0,0.4506,1.6152
agricola-opt18-strips-p09,0,False,80,895,1747,2770,0,3009,0,0,20,0,15,0,0,,0.0,150.0,1e+20,150,0.912,0.6418,0.0,0.2735,0.0,0.0014,0.0,0.4836,2.3205
agricola-opt18-strips-p10,0,False,77,754,1483,2367,0,2652,0,0,10,0,7,0,0,,0.0,154.0,1e+20,154,0.5592,0.2197,0.0,0.052,0.0,0.0008,0.0,0.2107,1.0457
agricola-opt18-strips-p11,0,False,80,911,1773,2817,0,3047,0,0,2020,0,1008,0,2730,,0.0,216.0,1e+20,216,0.7461,0.3959,0.0,0.0547,0.0,0.1195,0.0,6.2965,7.5003
agricola-opt18-strips-p12,0,False,84,1002,1962,3100,0,3339,0,0,443,0,226,0,311,,0.0,214.0,1e+20,214,0.9507,0.8596,0.0,0.0569,0.0,0.0254,0.0,1.2466,3.124
agricola-opt18-strips-p13,0,False,81,852,1670,2660,0,2959,0,0,2742,0,1600,0,2621,,0.0,220.0,1e+20,220,0.6754,0.2604,0.0,0.0574,0.0,0.1959,0.0,8.2498,9.2476
agricola-opt18-strips-p14,0,False,84,978,1945,3064,0,3334,0,0,3,0,6,0,0,,0.0,158.0,1e+20,158,0.8212,0.4717,0.0,0.056,0.0,0.0008,0.0,0.5478,1.9046
agricola-opt18-strips-p15,0,False,87,1081,2133,3358,0,3596,0,0,6,0,7,0,0,,0.0,158.0,1e+20,158,1.0252,0.9319,0.0,0.0544,0.0,0.001,0.0,0.2754,2.298
agricola-opt18-strips-p16,0,False,83,909,1796,2851,0,3173,0,0,1399,0,804,0,817,,0.0,222.0,1e+20,222,0.2748,0.3016,0.0,0.0028,0.0,0.1078,0.0,1.7957,2.38
agricola-opt18-strips-p17,0,False,86,1065,2118,3332,0,3592,0,0,6,0,9,0,0,,0.0,162.0,1e+20,162,0.4204,0.5177,0.0,0.003,0.0,0.0012,0.0,0.2423,1.192
agricola-opt18-strips-p18,0,False,89,1197,2377,3726,0,4001,0,0,831,0,510,0,544,,0.0,222.0,1e+20,222,0.6129,1.0789,0.0,0.0034,0.0,0.0727,0.0,1.8359,3.5434
agricola-opt18-strips-p19,0,False,86,992,1982,3128,0,3489,0,0,683,0,334,0,685,,0.0,226.0,1e+20,226,0.3086,0.3522,0.0,0.0029,0.0,0.0473,0.0,1.1887,1.8582
agricola-opt18-strips-p20,0,False,89,1152,2310,3619,0,3907,0,0,15,0,11,0,0,,0.0,166.0,1e+20,166,0.4687,0.6305,0.0,0.0034,0.0,0.0015,0.0,0.349,1.4608
agricola-sat18-strips-p01,0,False,84,1459,2877,4458,0,4561,0,0,2,0,8,0,0,,0.0,382.0,1e+20,382,1.3428,8.9354,0.0,0.0039,0.0,0.0011,0.0,0.757,11.0639
agricola-sat18-strips-p02,0,False,91,1731,3406,5270,0,5200,0,0,24,0,13,0,0,,0.0,386.0,1e+20,386,2.1898,6.9054,0.0,0.0045,0.0,0.0023,0.0,1.031,10.1609
agricola-sat18-strips-p03,0,False,98,1852,3672,5670,0,5635,0,0,20,0,13,0,0,,0.0,390.0,1e+20,390,2.0088,12.9013,0.0,0.0045,0.0,0.0021,0.0,0.8712,15.8213
agricola-sat18-strips-p04,0,False,101,2084,4116,6354,0,6251,0,0,3752,0,2203,0,4128,,0.0,576.0,1e+20,576,2.2067,8.8578,0.0,0.0051,0.0,0.4343,0.0,41.4617,52.5698
agricola-sat18-strips-p05,0,False,104,2292,4556,7010,0,6854,0,0,4396,0,2048,0,3960,,0.0,580.0,1e+20,580,2.4232,14.4263,0.0,0.0053,0.0,0.4332,0.0,35.3705,52.2676
agricola-sat18-strips-p06,0,False,107,2463,4953,7586,0,7376,0,0,48,0,22,0,0,,0.0,402.0,1e+20,402,2.8704,10.0952,0.0,0.0062,0.0,0.0042,0.0,1.1837,14.1996
agricola-sat18-strips-p07,0,False,110,2654,5330,8162,0,7899,0,0,1523,0,666,0,1520,,0.0,586.0,1e+20,586,2.8729,16.6254,0.0,0.0065,0.0,0.1544,0.0,13.5232,33.075
agricola-sat18-strips-p08,0,False,114,2853,5747,8786,0,8482,0,0,2838,0,1292,0,1257,,0.0,590.0,1e+20,590,3.3008,17.6154,0.0,0.007,0.0,0.3223,0.0,20.3993,41.3744
agricola-sat18-strips-p09,0,False,116,3332,6726,10252,0,9668,0,0,1452,0,462,0,1643,,0.0,594.0,1e+20,594,3.5011,13.1383,0.0,0.0085,0.0,0.1299,0.0,14.7779,31.4791
agricola-sat18-strips-p10,0,False,120,3271,6635,10108,0,9740,0,0,1797,0,635,0,1494,,0.0,598.0,1e+20,598,3.4798,14.967,0.0,0.0084,0.0,0.178,0.0,12.2738,30.7878
agricola-sat18-strips-p11,0,False,55,636,1222,1963,0,2201,0,0,10471,0,6690,0,42357,,0.0,283.0,1e+20,283,0.2042,0.2169,0.0,0.0024,0.0,0.7291,0.0,51.2764,51.7038
agricola-sat18-strips-p12,0,False,60,725,1402,2243,0,2466,0,0,53879,0,43984,0,157307,,0.0,287.0,1e+20,287,0.2531,0.2623,0.0,0.0023,0.0,6.3293,0.0,704.9107,705.4336
agricola-sat18-strips-p13,0,False,68,802,1582,2513,0,2758,0,0,82,0,52,0,0,,0.0,276.0,1e+20,276,0.3174,0.3272,0.0,0.0027,0.0,0.0052,0.0,0.3706,1.0241
agricola-sat18-strips-p14,0,False,73,996,1974,3110,0,3361,0,0,1128,0,738,0,489,,0.0,279.0,1e+20,279,0.5172,0.6833,0.0,0.0029,0.0,0.0884,0.0,1.6313,2.8448
agricola-sat18-strips-p15,0,False,75,1090,2167,3405,0,3660,0,0,735,0,458,0,228,,0.0,288.0,1e+20,288,0.5718,0.8316,0.0,0.0034,0.0,0.0583,0.0,1.2376,2.6558
agricola-sat18-strips-p16,2,False,78,1221,2421,3798,0,4063,0,0,61471,0,46359,0,102319,,0.0,295.172,1e+20,297,0.618,0.9247,0.0,0.0035,0.0,10.0172,0.0,898.4822,900.0645
agricola-sat18-strips-p17,0,False,82,1396,2800,4363,0,4672,0,0,583,0,360,0,2335,,0.0,415.0,1e+20,415,0.9475,1.5919,0.0,0.0077,0.0,0.0553,0.0,4.31,6.8752
agricola-sat18-strips-p18,0,False,86,1501,3023,4699,0,5025,0,0,2624,0,1552,0,1047,,0.0,420.0,1e+20,420,1.0283,2.077,0.0,0.0044,0.0,0.2883,0.0,3.5255,6.654
agricola-sat18-strips-p19,0,False,88,1604,3226,5013,0,5369,0,0,8256,0,4084,0,7304,,0.0,428.0,1e+20,428,1.1154,2.0512,0.0,0.0044,0.0,0.8887,0.0,18.7717,21.9629
agricola-sat18-strips-p20,2,False,91,1746,3512,5449,0,5819,0,0,55354,0,32125,0,163092,,0.0,432.0,1e+20,433,1.1874,2.3344,0.0,0.0046,0.0,8.727,0.0,896.4866,900.0397
airport-p01-airport1-p1,0,True,0,3,27,62,0,91,0,0,0,0,2,0,0,,0.0,8.0,1e+20,8,0.0053,0.0001,0.0,0.0012,0.0,0.0,0.0,0.0009,0.0079
airport-p02-airport1-p1,0,True,0,4,31,68,0,101,0,0,0,0,2,0,0,,0.0,9.0,1e+20,9,0.0068,0.0001,0.0,0.001,0.0,0.0001,0.0,0.0046,0.0128
airport-p03-airport1-p2,0,True,0,7,57,126,0,194,0,0,0,0,2,0,0,,0.0,17.0,1e+20,17,0.0067,0.0002,0.0,0.0011,0.0,0.0,0.0,0.0047,0.013
airport-p04-airport2-p1,0,True,0,7,65,150,0,226,0,0,0,0,2,0,0,,0.0,20.0,1e+20,20,0.0074,0.0003,0.0,0.0013,0.0,0.0,0.0,0.0009,0.0103
airport-p05-airport2-p1,0,True,1,10,71,160,0,303,0,0,0,0,2,0,0,,0.0,21.0,1e+20,21,0.0065,0.0004,0.0,0.001,0.0,0.0001,0.0,0.0049,0.0132
airport-p06-airport2-p2,0,True,1,17,136,305,0,527,0,0,0,0,2,0,0,,0.0,41.0,1e+20,41,0.0081,0.0008,0.0,0.0012,0.0,0.0001,0.0,0.005,0.0155
airport-p07-airport2-p2,0,True,1,17,135,302,0,527,0,0,0,0,2,0,0,,0.0,41.0,1e+20,41,0.0076,0.0008,0.0,0.0012,0.0,0.0001,0.0,0.0049,0.0149
airport-p08-airport2-p3,0,True,2,27,206,444,0,814,0,0,0,0,2,0,0,,0.0,62.0,1e+20,62,0.0123,0.0016,0.0,0.0013,0.0,0.0001,0.0,0.0054,0.021
airport-p09-airport2-p4,0,True,2,33,234,504,0,915,0,0,0,0,2,0,0,,0.0,71.0,1e+20,71,0.0112,0.0022,0.0,0.0017,0.0,0.0001,0.0,0.0054,0.0209
airport-p10-airport3-p1,0,True,0,5,59,136,0,208,0,0,0,0,2,0,0,,0.0,18.0,1e+20,18,0.0063,0.0003,0.0,0.0013,0.0,0.0,0.0,0.001,0.0093
airport-p11-airport3-p1,0,True,1,10,73,164,0,313,0,0,0,0,2,0,0,,0.0,21.0,1e+20,21,0.0069,0.0004,0.0,0.0018,0.0,0.0001,0.0,0.0047,0.0142
airport-p12-airport3-p2,0,True,1,15,132,297,0,521,0,0,0,0,2,0,0,,0.0,39.0,1e+20,39,0.0072,0.0009,0.0,0.0014,0.0,0.0001,0.0,0.0049,0.0147
airport-p13-airport3-p2,0,True,1,13,123,276,0,481,0,0,0,0,2,0,0,,0.0,37.0,1e+20,37,0.0074,0.0008,0.0,0.0035,0.0,0.0001,0.0,0.0055,0.0177
airport-p14-airport3-p3,0,True,2,25,205,443,0,818,0,0,0,0,2,0,0,,0.0,60.0,1e+20,60,0.0099,0.0019,0.0,0.0017,0.0,0.0001,0.0,0.006,0.0199
airport-p15-airport3-p3,0,True,2,23,197,425,0,783,0,0,0,0,2,0,0,,0.0,58.0,1e+20,58,0.0084,0.0017,0.0,0.0013,0.0,0.0001,0.0,0.0054,0.0172
airport-p16-airport3-p4,0,True,3,33,270,571,0,1080,0,0,0,0,3,0,0,,0.0,79.0,1e+20,79,0.0096,0.0028,0.0,0.0017,0.0,0.0002,0.0,0.0044,0.0189
airport-p17-airport3-p5,0,True,5,41,309,648,0,1195,0,0,0,0,3,0,0,,0.0,88.0,1e+20,88,0.0164,0.004,0.0,0.0021,0.0,0.0002,0.0,0.0046,0.0276
airport-p18-airport3-p6,0,True,6,49,376,780,0,1459,0,0,0,0,3,0,0,,0.0,107.0,1e+20,107,0.0174,0.0052,0.0,0.0028,0.0,0.0002,0.0,0.005,0.031
airport-p19-airport3-p6,0,True,4,39,315,669,0,1189,0,0,0,0,3,0,0,,0.0,90.0,1e+20,90,0.0142,0.0036,0.0,0.0017,0.0,0.0002,0.0,0.0047,0.0246
airport-p20-airport3-p7,0,True,6,54,400,833,0,1566,0,0,0,0,3,0,0,,0.0,115.0,1e+20,115,0.0165,0.0069,0.0,0.002,0.0,0.0002,0.0,0.0051,0.031
airport-p21-airport4halfMUC-p2,0,True,5,49,348,783,0,1391,0,0,0,0,2,0,0,,0.0,101.0,1e+20,101,0.0235,0.0124,0.0,0.0026,0.0,0.0002,0.0,0.0055,0.0444
airport-p22-airport4halfMUC-p3,0,True,5,53,495,1087,0,1900,0,0,0,0,2,0,0,,0.0,148.0,1e+20,148,0.0335,0.0218,0.0,0.0025,0.0,0.0002,0.0,0.0053,0.0639
airport-p23-airport4halfMUC-p4,0,True,16,73,597,1284,0,2045,0,0,0,0,3,0,0,,0.0,168.0,1e+20,168,0.0475,0.0393,0.0,0.0029,0.0,0.0004,0.0,0.005,0.0955
airport-p24-airport4halfMUC-p4,0,True,8,75,556,1202,0,2226,0,0,0,0,3,0,0,,0.0,162.0,1e+20,162,0.0613,0.0456,0.0,0.0029,0.0,0.0004,0.0,0.0044,0.115
airport-p25-airport4halfMUC-p5,0,True,9,83,716,1525,0,2798,0,0,0,0,3,0,0,,0.0,212.0,1e+20,212,0.0793,0.0632,0.0,0.0036,0.0,0.0005,0.0,0.0051,0.1524
airport-p26-airport4halfMUC-p6,0,True,19,91,771,1631,0,2749,0,0,0,0,3,0,0,,0.0,220.0,1e+20,220,0.0992,0.0826,0.0,0.0039,0.0,0.0005,0.0,0.0058,0.1924
airport-p27-airport4halfMUC-p6,0,True,11,125,848,1799,0,3440,0,0,0,0,3,0,0,,0.0,246.0,1e+20,246,0.1209,0.0871,0.0,0.0046,0.0,0.0006,0.0,0.0058,0.2194
airport-p28-airport4halfMUC-p7,0,True,12,131,1003,2111,0,4000,0,0,0,0,3,0,0,,0.0,294.0,1e+20,294,0.1455,0.1097,0.0,0.0054,0.0,0.0008,0.0,0.0065,0.2683
airport-p29-airport4halfMUC-p8,0,True,23,145,1082,2260,0,4044,0,0,0,0,3,0,0,,0.0,308.0,1e+20,308,0.1744,0.1677,0.0,0.0064,0.0,0.0008,0.0,0.0073,0.3571
airport-p30-airport4halfMUC-p8,0,True,14,155,1065,2230,0,4313,0,0,0,0,3,0,0,,0.0,310.0,1e+20,310,0.2041,0.1495,0.0,0.0057,0.0,0.0008,0.0,0.0069,0.3676
airport-p31-airport4halfMUC-p9,0,True,14,161,1215,2537,0,4869,0,0,0,0,3,0,0,,0.0,358.0,1e+20,358,0.2371,0.1814,0.0,0.0068,0.0,0.001,0.0,0.0076,0.4345
airport-p32-airport4halfMUC-p10,0,True,27,193,1375,2840,0,5253,0,0,0,0,3,0,0,,0.0,390.0,1e+20,390,0.2703,0.2656,0.0,0.0082,0.0,0.0012,0.0,0.009,0.5547
airport-p33-airport4halfMUC-p10,0,True,16,179,1337,2780,0,5366,0,0,0,0,3,0,0,,0.0,393.0,1e+20,393,0.29,0.2473,0.0,0.0077,0.0,0.0012,0.0,0.0082,0.5549
airport-p34-airport4halfMUC-p11,0,True,28,213,1498,3086,0,5759,0,0,0,0,3,0,0,,0.0,427.0,1e+20,427,0.3281,0.3046,0.0,0.0089,0.0,0.0014,0.0,0.0095,0.653
airport-p35-airport4halfMUC-p12,0,True,43,258,1589,3248,0,6017,0,0,0,0,3,0,0,,0.0,433.0,1e+20,433,0.3761,0.3743,0.0,0.0096,0.0,0.0014,0.0,0.0104,0.7722
airport-p36-airport5MUC-p2,0,True,328,635,967,2243,0,3286,0,0,569,0,419,0,26041,,0.0,109.0,1e+20,109,0.0309,0.0368,0.0,0.004,0.0,0.0819,0.0,3.4786,3.5514
airport-p37-airport5MUC-p3,0,True,566,1030,1400,3294,0,5136,0,0,1100,0,466,0,216478,,0.0,141.0,1e+20,141,0.0658,0.0938,0.0,0.0064,0.0,0.169,0.0,42.6542,42.8211
airport-p38-airport5MUC-p3,0,True,521,980,1477,3373,0,5165,0,0,911,0,476,0,240218,,0.0,154.0,1e+20,154,0.0578,0.0841,0.0,0.0069,0.0,0.1514,0.0,50.9778,51.1278
airport-p39-airport5MUC-p4,0,True,746,1362,1878,4391,0,6879,0,0,2003,0,716,0,1919177,,0.0,208.0,1e+20,208,0.1026,0.1541,0.0,0.0098,0.0,0.3642,0.0,545.5614,545.8294
airport-p40-airport5MUC-p4,0,True,714,1325,1994,4506,0,7035,0,0,1701,0,560,0,277475,,0.0,190.0,1e+20,190,0.0919,0.1463,0.0,0.0103,0.0,0.2683,0.0,78.5184,78.7683
airport-p41-airport5MUC-p4,0,True,680,1292,1952,4387,0,6588,0,0,1532,0,617,0,394149,,0.0,178.0,1e+20,178,0.0804,0.132,0.0,0.0096,0.0,0.2598,0.0,112.3992,112.6225
airport-p42-airport5MUC-p5,0,True,894,1657,2512,5643,0,8927,0,0,2148,0,687,0,2188350,,0.0,257.0,1e+20,257,0.1358,0.2187,0.0,0.0148,0.0,0.3928,0.0,834.5176,834.8886
airport-p43-airport5MUC-p5,0,True,873,1639,2480,5528,0,8499,0,0,1923,0,760,0,2088751,,0.0,223.0,1e+20,223,0.1216,0.2147,0.0,0.0141,0.0,0.5586,0.0,797.5732,797.9253
airport-p44-airport5MUC-p5,0,True,828,1589,2488,5536,0,8237,0,0,1354,0,619,0,351961,,0.0,227.0,1e+20,227,0.1102,0.1939,0.0,0.0141,0.0,0.3142,0.0,119.8618,120.1814
airport-p45-airport5MUC-p6,0,True,987,1901,2917,6484,0,9515,0,0,1363,0,513,0,1590624,,0.0,249.0,1e+20,249,0.1413,0.2426,0.0,0.0182,0.0,0.3019,0.0,667.4401,667.8438
airport-p46-airport5MUC-p6,2,True,1053,1971,3012,6679,0,10442,0,0,2596,0,624,0,1859507,,0.0,267.917,1e+20,290,0.1723,0.2977,0.0,0.0189,0.0,0.4605,0.0,899.5183,900.4792
airport-p47-airport5MUC-p8,2,True,1360,2580,4001,8800,0,13463,0,0,2609,0,1125,0,1447724,,0.0,334.622,1e+20,355,0.2597,0.4628,0.0,0.0298,0.0,0.6189,0.0,899.2548,900.3793
airport-p48-airport5MUC-p9,2,True,1619,2987,4624,10126,0,16279,0,0,2955,0,1090,0,1130218,,0.0,355.021,1e+20,425,0.3803,0.6659,0.0,0.038,0.0,0.6506,0.0,898.9262,900.2397
airport-p49-airport5MUC-p10,2,True,1733,3255,5107,11140,0,17501,0,0,3117,0,561,0,996125,,0.0,382.288,1e+20,452,0.4204,0.7596,0.0,0.0449,0.0,0.7255,0.0,898.7846,900.3331
airport-p50-airport5MUC-p15,2,True,2685,4967,7878,16957,0,27535,0,0,3101,0,408,0,723302,,0.0,502.008,1e+20,691,0.9737,1.8535,0.0,0.0974,0.0,1.0676,0.0,897.0813,900.3606
assembly-prob01,-3,False,0,0,0,0,0,0,0,0,0,0,0,0,0,,0.0,0.0,1e+20,1e+20,0,0,0,0,0,0,0,0,0
assembly-prob02,-3,False,0,0,0,0,0,0,0,0,0,0,0,0,0,,0.0,0.0,1e+20,1e+20,0,0,0,0,0,0,0,0,0
assembly-prob03,-3,False,0,0,0,0,0,0,0,0,0,0,0,0,0,,0.0,0.0,1e+20,1e+20,0,0,0,0,0,0,0,0,0
assembly-prob04,-3,False,0,0,0,0,0,0,0,0,0,0,0,0,0,,0.0,0.0,1e+20,1e+20,0,0,0,0,0,0,0,0,0
assembly-prob05,-3,False,0,0,0,0,0,0,0,0,0,0,0,0,0,,0.0,0.0,1e+20,1e+20,0,0,0,0,0,0,0,0,0
assembly-prob06,-3,False,0,0,0,0,0,0,0,0,0,0,0,0,0,,0.0,0.0,1e+20,1e+20,0,0,0,0,0,0,0,0,0
assembly-prob07,-3,False,0,0,0,0,0,0,0,0,0,0,0,0,0,,0.0,0.0,1e+20,1e+20,0,0,0,0,0,0,0,0,0
assembly-prob08,-3,False,0,0,0,0,0,0,0,0,0,0,0,0,0,,0.0,0.0,1e+20,1e+20,0,0,0,0,0,0,0,0,0
assembly-prob09,-3,False,0,0,0,0,0,0,0,0,0,0,0,0,0,,0.0,0.0,1e+20,1e+20,0,0,0,0,0,0,0,0,0
assembly-prob10,-3,False,0,0,0,0,0,0,0,0,0,0,0,0,0,,0.0,0.0,1e+20,1e+20,0,0,0,0,0,0,0,0,0
assembly-prob11,-3,False,0,0,0,0,0,0,0,0,0,0,0,0,0,,0.0,0.0,1e+20,1e+20,0,0,0,0,0,0,0,0,0
assembly-prob12,-3,False,0,0,0,0,0,0,0,0,0,0,0,0,0,,0.0,0.0,1e+20,1e+20,0,0,0,0,0,0,0,0,0
assembly-prob13,-3,False,0,0,0,0,0,0,0,0,0,0,0,0,0,,0.0,0.0,1e+20,1e+20,0,0,0,0,0,0,0,0,0
assembly-prob14,-3,False,0,0,0,0,0,0,0,0,0,0,0,0,0,,0.0,0.0,1e+20,1e+20,0,0,0,0,0,0,0,0,0
assembly-prob15,-3,False,0,0,0,0,0,0,0,0,0,0,0,0,0,,0.0,0.0,1e+20,1e+20,0,0,0,0,0,0,0,0,0
assembly-prob16,-3,False,0,0,0,0,0,0,0,0,0,0,0,0,0,,0.0,0.0,1e+20,1e+20,0,0,0,0,0,0,0,0,0
assembly-prob17,-3,False,0,0,0,0,0,0,0,0,0,0,0,0,0,,0.0,0.0,1e+20,1e+20,0,0,0,0,0,0,0,0,0
assembly-prob18,-3,False,0,0,0,0,0,0,0,0,0,0,0,0,0,,0.0,0.0,1e+20,1e+20,0,0,0,0,0,0,0,0,0
assembly-prob19,-3,False,0,0,0,0,0,0,0,0,0,0,0,0,0,,0.0,0.0,1e+20,1e+20,0,0,0,0,0,0,0,0,0
assembly-prob20,-3,False,0,0,0,0,0,0,0,0,0,0,0,0,0,,0.0,0.0,1e+20,1e+20,0,0,0,0,0,0,0,0,0
assembly-prob21,-3,False,0,0,0,0,0,0,0,0,0,0,0,0,0,,0.0,0.0,1e+20,1e+20,0,0,0,0,0,0,0,0,0
assembly-prob22,-3,False,0,0,0,0,0,0,0,0,0,0,0,0,0,,0.0,0.0,1e+20,1e+20,0,0,0,0,0,0,0,0,0
assembly-prob23,-3,False,0,0,0,0,0,0,0,0,0,0,0,0,0,,0.0,0.0,1e+20,1e+20,0,0,0,0,0,0,0,0,0
assembly-prob24,-3,False,0,0,0,0,0,0,0,0,0,0,0,0,0,,0.0,0.0,1e+20,1e+20,0,0,0,0,0,0,0,0,0
assembly-prob25,-3,False,0,0,0,0,0,0,0,0,0,0,0,0,0,,0.0,0.0,1e+20,1e+20,0,0,0,0,0,0,0,0,0
assembly-prob26,-3,False,0,0,0,0,0,0,0,0,0,0,0,0,0,,0.0,0.0,1e+20,1e+20,0,0,0,0,0,0,0,0,0
assembly-prob27,-3,False,0,0,0,0,0,0,0,0,0,0,0,0,0,,0.0,0.0,1e+20,1e+20,0,0,0,0,0,0,0,0,0
assembly-prob28,-3,False,0,0,0,0,0,0,0,0,0,0,0,0,0,,0.0,0.0,1e+20,1e+20,0,0,0,0,0,0,0,0,0
assembly-prob29,-3,False,0,0,0,0,0,0,0,0,0,0,0,0,0,,0.0,0.0,1e+20,1e+20,0,0,0,0,0,0,0,0,0
assembly-prob30,-3,False,0,0,0,0,0,0,0,0,0,0,0,0,0,,0.0,0.0,1e+20,1e+20,0,0,0,0,0,0,0,0,0
barman-mco14-strips-p1-11-5-15,0,True,105,676,2054,2899,0,3952,0,0,43,0,18,0,0,,0.0,36.0,1e+20,36,0.0287,0.015,0.0,0.0033,0.0,0.0021,0.0,0.2362,0.2838
barman-mco14-strips-p1-11-5-16,0,True,115,726,2210,3118,0,4256,0,0,58,0,21,0,0,,0.0,38.0,1e+20,38,0.0312,0.0168,0.0,0.0064,0.0,0.0027,0.0,0.3442,0.3993
barman-mco14-strips-p1-8-4-10,0,True,62,374,1112,1593,0,2207,0,0,19,0,7,0,0,,0.0,26.0,1e+20,26,0.016,0.0055,0.0,0.0021,0.0,0.0006,0.0,0.0538,0.078
barman-mco14-strips-p2-10-4-13,0,True,80,486,1456,2078,0,2881,0,0,65,0,23,0,0,,0.0,31.0,1e+20,31,0.0207,0.0095,0.0,0.0025,0.0,0.0023,0.0,0.1653,0.1986
barman-mco14-strips-p2-11-4-15,0,True,92,560,1684,2399,0,3327,0,0,36,0,22,0,0,,0.0,34.0,1e+20,34,0.0255,0.0127,0.0,0.0026,0.0,0.002,0.0,0.2472,0.2885
barman-mco14-strips-p2-11-5-15,0,True,108,682,2072,2926,0,3994,0,0,60,0,21,0,0,,0.0,37.0,1e+20,37,0.0281,0.0152,0.0,0.0029,0.0,0.0027,0.0,0.3503,0.3972
barman-mco14-strips-p2-11-5-16,0,True,114,724,2204,3109,0,4242,0,0,44,0,18,0,0,,0.0,37.0,1e+20,37,0.0299,0.0169,0.0,0.0036,0.0,0.0021,0.0,0.2925,0.3436
barman-mco14-strips-p2-11-5-17,0,True,119,764,2330,3283,0,4476,0,0,15,0,12,0,0,,0.0,38.0,1e+20,38,0.0334,0.0192,0.0,0.0034,0.0,0.0013,0.0,0.2727,0.3294
barman-mco14-strips-p3-10-4-13,0,True,80,486,1456,2078,0,2881,0,0,33,0,16,0,0,,0.0,31.0,1e+20,31,0.021,0.0087,0.0,0.0025,0.0,0.0016,0.0,0.1847,0.2176
barman-mco14-strips-p3-11-4-15,0,True,92,560,1684,2399,0,3327,0,0,20,0,11,0,0,,0.0,34.0,1e+20,34,0.025,0.0125,0.0,0.0028,0.0,0.0011,0.0,0.1816,0.2226
barman-mco14-strips-p3-11-5-15,0,True,105,676,2054,2899,0,3952,0,0,21,0,12,0,0,,0.0,36.0,1e+20,36,0.0282,0.0149,0.0,0.0033,0.0,0.0013,0.0,0.2388,0.2858
barman-mco14-strips-p3-11-5-16,0,True,115,726,2210,3118,0,4256,0,0,66,0,21,0,0,,0.0,38.0,1e+20,38,0.0299,0.0169,0.0,0.0034,0.0,0.0027,0.0,0.4215,0.4725
barman-mco14-strips-p3-11-5-17,0,True,121,768,2342,3301,0,4504,0,0,40,0,16,0,0,,0.0,38.0,1e+20,38,0.0332,0.0186,0.0,0.0034,0.0,0.0021,0.0,0.285,0.3408
barman-mco14-strips-p4-11-4-14,0,True,86,524,1572,2242,0,3109,0,0,46,0,21,0,0,,0.0,33.0,1e+20,33,0.0227,0.0112,0.0,0.0031,0.0,0.0019,0.0,0.1205,0.1582
barman-mco14-strips-p4-11-4-15,0,True,91,558,1678,2390,0,3313,0,0,12,0,6,0,0,,0.0,34.0,1e+20,34,0.0259,0.0124,0.0,0.0027,0.0,0.0006,0.0,0.0819,0.1234
barman-mco14-strips-p4-11-5-15,0,True,107,680,2066,2917,0,3980,0,0,14,0,7,0,0,,0.0,36.0,1e+20,36,0.0277,0.0154,0.0,0.0032,0.0,0.0009,0.0,0.1129,0.1599
barman-mco14-strips-p5-10-4-13,0,True,80,486,1456,2078,0,2881,0,0,52,0,18,0,0,,0.0,31.0,1e+20,31,0.0216,0.0088,0.0,0.0024,0.0,0.0018,0.0,0.1905,0.2239
barman-mco14-strips-p5-11-4-15,0,True,91,558,1678,2390,0,3313,0,0,38,0,19,0,0,,0.0,34.0,1e+20,34,0.0249,0.0127,0.0,0.0031,0.0,0.0019,0.0,0.1882,0.2294
barman-mco14-strips-p5-11-5-15,0,True,106,678,2060,2908,0,3966,0,0,20,0,8,0,0,,0.0,36.0,1e+20,36,0.0276,0.015,0.0,0.003,0.0,0.001,0.0,0.13,0.1762
barman-mco14-strips-p5-11-5-16,0,True,114,724,2204,3109,0,4242,0,0,17,0,7,0,0,,0.0,37.0,1e+20,37,0.0294,0.0167,0.0,0.0036,0.0,0.001,0.0,0.1221,0.1726
barman-opt11-strips-pfile01-001,0,False,23,118,330,492,0,694,0,0,604,0,238,0,15805,,0.0,41.0,1e+20,41,0.0078,0.0008,0.0,0.0015,0.0,0.0105,0.0,1.7731,1.7838
barman-opt11-strips-pfile01-002,0,False,23,118,330,492,0,694,0,0,617,0,245,0,14084,,0.0,41.0,1e+20,41,0.0076,0.0008,0.0,0.0012,0.0,0.0108,0.0,2.1811,2.1913
barman-opt11-strips-pfile01-003,0,False,23,118,330,492,0,694,0,0,432,0,176,0,28833,,0.0,41.0,1e+20,41,0.0071,0.0008,0.0,0.0015,0.0,0.0077,0.0,2.1646,2.1744
barman-opt11-strips-pfile01-004,0,False,23,118,330,492,0,694,0,0,408,0,164,0,21696,,0.0,41.0,1e+20,41,0.0076,0.0008,0.0,0.0014,0.0,0.0072,0.0,1.8007,1.811
barman-opt11-strips-pfile02-005,0,False,28,148,420,621,0,878,0,0,675,0,274,0,20169,,0.0,43.0,1e+20,43,0.0082,0.0011,0.0,0.0015,0.0,0.0138,0.0,2.2673,2.2787
barman-opt11-strips-pfile02-006,0,False,28,148,420,621,0,878,0,0,515,0,211,0,55865,,0.0,43.0,1e+20,43,0.0082,0.0011,0.0,0.0016,0.0,0.0107,0.0,4.5727,4.5843
barman-opt11-strips-pfile02-007,0,False,28,148,420,621,0,878,0,0,531,0,209,0,24682,,0.0,43.0,1e+20,43,0.0093,0.0011,0.0,0.0015,0.0,0.0105,0.0,1.9777,1.9901
barman-opt11-strips-pfile02-008,0,False,28,148,420,621,0,878,0,0,759,0,300,0,16856,,0.0,43.0,1e+20,43,0.0223,0.0012,0.0,0.0013,0.0,0.015,0.0,2.0913,2.1167
barman-opt11-strips-pfile03-009,0,False,33,178,510,750,0,1062,0,0,586,0,243,0,49680,,0.0,45.0,1e+20,45,0.0216,0.0015,0.0,0.0016,0.0,0.0136,0.0,4.5869,4.6122
barman-opt11-strips-pfile03-010,0,False,33,178,510,750,0,1062,0,0,606,0,231,0,97742,,0.0,45.0,1e+20,45,0.0212,0.0015,0.0,0.0015,0.0,0.0133,0.0,7.7014,7.7262
barman-opt11-strips-pfile03-011,0,False,33,178,510,750,0,1062,0,0,567,0,243,0,156897,,0.0,45.0,1e+20,45,0.0087,0.0015,0.0,0.0017,0.0,0.0135,0.0,14.8421,14.8546
barman-opt11-strips-pfile03-012,0,False,33,178,510,750,0,1062,0,0,774,0,350,0,31621,,0.0,45.0,1e+20,45,0.0105,0.0016,0.0,0.0014,0.0,0.0192,0.0,3.1687,3.1828
barman-opt11-strips-pfile04-013,0,False,42,234,680,992,0,1406,0,0,981,0,483,0,81666,,0.0,47.0,1e+20,47,0.0107,0.0025,0.0,0.0015,0.0,0.0308,0.0,13.5018,13.5184
barman-opt11-strips-pfile04-014,0,False,43,236,686,1001,0,1420,0,0,1004,0,427,0,58746,,0.0,48.0,1e+20,48,0.0127,0.0025,0.0,0.0018,0.0,0.0284,0.0,7.7266,7.7441
barman-opt11-strips-pfile04-015,0,False,42,234,680,992,0,1406,0,0,889,0,491,0,184527,,0.0,47.0,1e+20,47,0.0099,0.0026,0.0,0.0018,0.0,0.0308,0.0,34.0095,34.0244
barman-opt11-strips-pfile04-016,0,False,42,234,680,992,0,1406,0,0,945,0,440,0,195381,,0.0,47.0,1e+20,47,0.0213,0.0025,0.0,0.0026,0.0,0.0291,0.0,20.9087,20.9358
barman-opt11-strips-pfile05-017,0,False,48,266,776,1130,0,1604,0,0,1106,0,501,0,270568,,0.0,50.0,1e+20,50,0.0306,0.0032,0.0,0.0024,0.0,0.0372,0.0,44.2185,44.2556
barman-opt11-strips-pfile05-018,0,False,48,266,776,1130,0,1604,0,0,1084,0,496,0,154042,,0.0,50.0,1e+20,50,0.0148,0.0032,0.0,0.0031,0.0,0.0372,0.0,24.1452,24.1669
barman-opt11-strips-pfile05-019,0,False,48,266,776,1130,0,1604,0,0,1092,0,449,0,119861,,0.0,50.0,1e+20,50,0.0193,0.0032,0.0,0.0025,0.0,0.0334,0.0,15.5501,15.5757
barman-opt11-strips-pfile05-020,0,False,48,266,776,1130,0,1604,0,0,1174,0,531,0,269335,,0.0,50.0,1e+20,50,0.3861,0.0032,0.0,0.0057,0.0,0.039,0.0,38.1504,38.546
barman-opt14-strips-p435-1,0,True,28,148,420,621,0,878,0,0,57,0,22,0,0,,0.0,16.0,1e+20,16,0.0206,0.0011,0.0,0.0028,0.0,0.0011,0.0,0.0575,0.0826
barman-opt14-strips-p435-2,0,True,28,148,420,621,0,878,0,0,43,0,21,0,0,,0.0,16.0,1e+20,16,0.0105,0.0011,0.0,0.0017,0.0,0.0011,0.0,0.048,0.0617
barman-opt14-strips-p435-3,0,True,28,148,420,621,0,878,0,0,37,0,19,0,0,,0.0,16.0,1e+20,16,0.0093,0.0011,0.0,0.0017,0.0,0.0009,0.0,0.1813,0.1938
barman-opt14-strips-p536-1,0,True,33,178,510,750,0,1062,0,0,49,0,19,0,0,,0.0,18.0,1e+20,18,0.0282,0.0016,0.0,0.0015,0.0,0.0011,0.0,0.09,0.1217
barman-opt14-strips-p536-2,0,True,33,178,510,750,0,1062,0,0,43,0,19,0,0,,0.0,18.0,1e+20,18,0.0101,0.0015,0.0,0.0024,0.0,0.001,0.0,0.065,0.0795
barman-opt14-strips-p536-3,0,True,33,178,510,750,0,1062,0,0,69,0,27,0,0,,0.0,18.0,1e+20,18,0.0119,0.0015,0.0,0.0015,0.0,0.0015,0.0,0.0653,0.0807
barman-opt14-strips-p638-1,0,True,42,234,680,992,0,1406,0,0,10,0,6,0,0,,0.0,20.0,1e+20,20,0.0135,0.0026,0.0,0.0019,0.0,0.0004,0.0,0.0306,0.0491
barman-opt14-strips-p638-2,0,True,43,236,686,1001,0,1420,0,0,37,0,18,0,0,,0.0,21.0,1e+20,21,0.0157,0.0025,0.0,0.0018,0.0,0.0012,0.0,0.0841,0.1045
barman-opt14-strips-p638-3,0,True,43,236,686,1001,0,1420,0,0,44,0,21,0,0,,0.0,21.0,1e+20,21,0.0145,0.0025,0.0,0.0019,0.0,0.0013,0.0,0.0788,0.0983
barman-opt14-strips-p739-1,0,True,47,264,770,1121,0,1590,0,0,31,0,17,0,0,,0.0,22.0,1e+20,22,0.0124,0.0031,0.0,0.0033,0.0,0.0011,0.0,0.0936,0.1129
barman-opt14-strips-p739-2,0,True,47,264,770,1121,0,1590,0,0,25,0,12,0,0,,0.0,22.0,1e+20,22,0.0131,0.0031,0.0,0.0026,0.0,0.0008,0.0,0.0946,0.114
barman-opt14-strips-p739-3,0,True,47,264,770,1121,0,1590,0,0,10,0,6,0,0,,0.0,22.0,1e+20,22,0.0131,0.0031,0.0,0.0018,0.0,0.0004,0.0,0.0367,0.0551
barman-opt14-strips-p839-1,0,True,48,268,780,1137,0,1614,0,0,43,0,22,0,0,,0.0,24.0,1e+20,24,0.0208,0.0035,0.0,0.0019,0.0,0.0015,0.0,0.1175,0.1442
barman-opt14-strips-p839-2,0,True,48,268,780,1137,0,1614,0,0,58,0,25,0,0,,0.0,24.0,1e+20,24,0.0135,0.0034,0.0,0.0022,0.0,0.0018,0.0,0.1157,0.1354
barman-sat11-strips-pfile06-021,0,False,62,374,1112,1593,0,2207,0,0,1455,0,699,0,1971842,,0.0,62.0,1e+20,62,0.0179,0.0051,0.0,0.0022,0.0,0.0582,0.0,460.298,460.324
barman-sat11-strips-pfile06-022,2,False,63,376,1118,1602,0,2221,0,0,1416,0,567,0,1938687,,0.0,51.333,1e+20,63,0.0177,0.0056,0.0,0.0023,0.0,0.0482,0.0,904.2287,905.6869
barman-sat11-strips-pfile06-023,0,False,63,374,1112,1593,0,2206,0,0,1254,0,532,0,360238,,0.0,51.0,1e+20,51,0.0157,0.0053,0.0,0.0021,0.0,0.0462,0.0,62.7633,62.7873
barman-sat11-strips-pfile06-024,0,False,62,374,1112,1593,0,2207,0,0,1477,0,599,0,3301762,,0.0,62.0,1e+20,62,0.0161,0.0051,0.0,0.0022,0.0,0.0513,0.0,899.0661,899.0911
barman-sat11-strips-pfile07-025,2,False,69,414,1234,1766,0,2449,0,0,1573,0,629,0,2141384,,0.0,50.0,1e+20,65,0.0175,0.0063,0.0,0.0026,0.0,0.0605,0.0,901.8455,903.7201
barman-sat11-strips-pfile07-026,2,False,68,412,1228,1757,0,2435,0,0,1421,0,648,0,2267514,,0.0,55.1,1e+20,64,0.0364,0.0068,0.0,0.0028,0.0,0.061,0.0,899.9612,900.2994
barman-sat11-strips-pfile07-027,2,False,68,412,1228,1757,0,2435,0,0,1645,0,604,0,2129370,,0.0,49.0,1e+20,64,0.0181,0.0064,0.0,0.0028,0.0,0.0581,0.0,899.9792,900.5489
barman-sat11-strips-pfile07-028,2,False,69,414,1234,1766,0,2449,0,0,1620,0,678,0,2395363,,0.0,43.0,1e+20,65,0.0373,0.0063,0.0,0.0025,0.0,0.064,0.0,899.9602,900.7762
barman-sat11-strips-pfile08-029,2,False,80,486,1456,2078,0,2881,0,0,1792,0,746,0,2518411,,0.0,51.333,1e+20,67,0.0393,0.0089,0.0,0.003,0.0,0.0792,0.0,899.9546,900.7125
barman-sat11-strips-pfile08-030,2,False,81,488,1462,2087,0,2895,0,0,1730,0,780,0,2386544,,0.0,45.0,1e+20,68,0.0418,0.0096,0.0,0.0047,0.0,0.0838,0.0,899.9513,900.7219
barman-sat11-strips-pfile08-031,2,False,80,486,1456,2078,0,2881,0,0,1748,0,852,0,2244386,,0.0,55.0,1e+20,67,0.0424,0.0094,0.0,0.0027,0.0,0.0887,0.0,899.951,900.5703
barman-sat11-strips-pfile08-032,2,False,80,486,1456,2078,0,2881,0,0,1790,0,794,0,2438057,,0.0,52.0,1e+20,67,0.0388,0.0096,0.0,0.0031,0.0,0.0849,0.0,899.9542,900.6943
barman-sat11-strips-pfile09-033,2,False,85,522,1566,2233,0,3095,0,0,1945,0,897,0,2111180,,0.0,45.167,1e+20,69,0.043,0.0112,0.0,0.003,0.0,0.1026,0.0,899.953,900.6276
barman-sat11-strips-pfile09-034,2,False,86,524,1572,2242,0,3109,0,0,1992,0,866,0,2667516,,0.0,45.667,1e+20,69,0.0412,0.0113,0.0,0.0026,0.0,0.1001,0.0,899.9519,900.8422
barman-sat11-strips-pfile09-035,2,False,85,522,1566,2233,0,3095,0,0,1941,0,868,0,2304433,,0.0,54.0,1e+20,69,0.04,0.0104,0.0,0.0033,0.0,0.1003,0.0,899.9524,900.5728
barman-sat11-strips-pfile09-036,2,False,85,522,1566,2233,0,3095,0,0,1805,0,820,0,2226007,,0.0,54.0,1e+20,69,0.041,0.0108,0.0,0.003,0.0,0.0902,0.0,903.7289,904.4701
barman-sat11-strips-pfile10-037,2,False,91,558,1678,2390,0,3313,0,0,2038,0,963,0,2155957,,0.0,46.059,1e+20,70,0.0246,0.0119,0.0,0.0028,0.0,0.1129,0.0,899.9671,900.7137
barman-sat11-strips-pfile10-038,2,False,92,560,1684,2399,0,3327,0,0,1927,0,923,0,2454305,,0.0,48.0,1e+20,70,0.0381,0.0117,0.0,0.0035,0.0,0.109,0.0,899.955,900.7903
barman-sat11-strips-pfile10-039,2,False,90,556,1672,2381,0,3299,0,0,1922,0,953,0,1933183,,0.0,46.0,1e+20,70,0.039,0.0118,0.0,0.0028,0.0,0.1125,0.0,899.9542,900.6702
barman-sat11-strips-pfile10-040,2,False,93,562,1690,2408,0,3341,0,0,2110,0,989,0,1586719,,0.0,47.0,1e+20,71,0.0381,0.0123,0.0,0.0037,0.0,0.1195,0.0,911.1417,914.7677
barman-sat14-strips-p1-11-4-15,0,True,91,558,1678,2390,0,3313,0,0,60,0,24,0,0,,0.0,34.0,1e+20,34,0.0365,0.0118,0.0,0.0029,0.0,0.0025,0.0,0.2098,0.2616
barman-sat14-strips-p1-11-5-15,0,True,105,676,2054,2899,0,3952,0,0,43,0,18,0,0,,0.0,36.0,1e+20,36,0.0291,0.015,0.0,0.0031,0.0,0.0021,0.0,0.2371,0.2851
barman-sat14-strips-p1-11-5-16,0,True,115,726,2210,3118,0,4256,0,0,58,0,21,0,0,,0.0,38.0,1e+20,38,0.0408,0.0171,0.0,0.0035,0.0,0.0027,0.0,0.346,0.4081
barman-sat14-strips-p2-10-4-13,0,True,80,486,1456,2078,0,2881,0,0,65,0,23,0,0,,0.0,31.0,1e+20,31,0.02,0.0095,0.0,0.0024,0.0,0.0022,0.0,0.1655,0.198
barman-sat14-strips-p2-11-4-15,0,True,92,560,1684,2399,0,3327,0,0,36,0,22,0,0,,0.0,34.0,1e+20,34,0.0247,0.0127,0.0,0.0028,0.0,0.002,0.0,0.2481,0.2889
barman-sat14-strips-p2-11-5-15,0,True,108,682,2072,2926,0,3994,0,0,60,0,21,0,0,,0.0,37.0,1e+20,37,0.0274,0.015,0.0,0.0033,0.0,0.0027,0.0,0.3482,0.3945
barman-sat14-strips-p2-11-5-16,0,True,114,724,2204,3109,0,4242,0,0,44,0,18,0,0,,0.0,37.0,1e+20,37,0.0299,0.0169,0.0,0.0034,0.0,0.0021,0.0,0.2931,0.3441
barman-sat14-strips-p2-11-5-17,0,True,119,764,2330,3283,0,4476,0,0,15,0,12,0,0,,0.0,38.0,1e+20,38,0.0323,0.0186,0.0,0.0034,0.0,0.0013,0.0,0.2727,0.3277
barman-sat14-strips-p3-10-4-13,0,True,80,486,1456,2078,0,2881,0,0,33,0,16,0,0,,0.0,31.0,1e+20,31,0.0205,0.0087,0.0,0.0025,0.0,0.0016,0.0,0.1847,0.217
barman-sat14-strips-p3-11-4-15,0,True,92,560,1684,2399,0,3327,0,0,20,0,11,0,0,,0.0,34.0,1e+20,34,0.0245,0.0124,0.0,0.0026,0.0,0.001,0.0,0.1807,0.2209
barman-sat14-strips-p3-11-5-15,0,True,105,676,2054,2899,0,3952,0,0,21,0,12,0,0,,0.0,36.0,1e+20,36,0.029,0.0149,0.0,0.0032,0.0,0.0013,0.0,0.2396,0.2874
barman-sat14-strips-p3-11-5-16,0,True,115,726,2210,3118,0,4256,0,0,66,0,21,0,0,,0.0,38.0,1e+20,38,0.0413,0.0174,0.0,0.0037,0.0,0.0027,0.0,0.4229,0.486
barman-sat14-strips-p3-11-5-17,0,True,121,768,2342,3301,0,4504,0,0,40,0,16,0,0,,0.0,38.0,1e+20,38,0.046,0.0186,0.0,0.0036,0.0,0.0021,0.0,0.2845,0.3535
barman-sat14-strips-p4-11-4-14,0,True,86,524,1572,2242,0,3109,0,0,46,0,21,0,0,,0.0,33.0,1e+20,33,0.0234,0.0109,0.0,0.0028,0.0,0.0019,0.0,0.1212,0.1589
barman-sat14-strips-p4-11-4-15,0,True,91,558,1678,2390,0,3313,0,0,12,0,6,0,0,,0.0,34.0,1e+20,34,0.0253,0.0127,0.0,0.0029,0.0,0.0006,0.0,0.0824,0.1239
barman-sat14-strips-p4-11-5-15,0,True,107,680,2066,2917,0,3980,0,0,14,0,7,0,0,,0.0,36.0,1e+20,36,0.029,0.0154,0.0,0.003,0.0,0.0009,0.0,0.1134,0.1614
barman-sat14-strips-p5-10-4-13,0,True,80,486,1456,2078,0,2881,0,0,52,0,18,0,0,,0.0,31.0,1e+20,31,0.0349,0.0088,0.0,0.0026,0.0,0.0018,0.0,0.1911,0.238
barman-sat14-strips-p5-11-4-15,0,True,91,558,1678,2390,0,3313,0,0,38,0,19,0,0,,0.0,34.0,1e+20,34,0.0374,0.0126,0.0,0.0027,0.0,0.0019,0.0,0.1894,0.2429
barman-sat14-strips-p5-11-5-15,0,True,106,678,2060,2908,0,3966,0,0,20,0,8,0,0,,0.0,36.0,1e+20,36,0.0277,0.015,0.0,0.003,0.0,0.001,0.0,0.1304,0.1767
barman-sat14-strips-p5-11-5-16,0,True,114,724,2204,3109,0,4242,0,0,17,0,7,0,0,,0.0,37.0,1e+20,37,0.0303,0.0166,0.0,0.0035,0.0,0.001,0.0,0.122,0.173
blocks-probBLOCKS-10-0,0,True,0,9,31,78,0,91,0,0,0,0,1,0,0,,0.0,18.0,1e+20,18,0.0057,0.0003,0.0,0.0011,0.0,0.0,0.0,0.0018,0.0093
blocks-probBLOCKS-10-1,0,True,0,10,31,80,0,92,0,0,0,0,1,0,0,,0.0,19.0,1e+20,19,0.0058,0.0004,0.0,0.0012,0.0,0.0,0.0,0.0018,0.0095
blocks-probBLOCKS-10-2,0,True,0,10,32,81,0,94,0,0,0,0,1,0,0,,0.0,19.0,1e+20,19,0.0061,0.0004,0.0,0.0009,0.0,0.0,0.0,0.0018,0.0096
blocks-probBLOCKS-11-0,0,True,0,11,36,86,0,96,0,0,0,0,1,0,0,,0.0,19.0,1e+20,19,0.0059,0.0004,0.0,0.0013,0.0,0.0,0.0,0.0018,0.0098
blocks-probBLOCKS-11-1,0,True,0,11,40,94,0,103,0,0,0,0,1,0,0,,0.0,21.0,1e+20,21,0.0055,0.0004,0.0,0.0012,0.0,0.0,0.0,0.0018,0.0093
blocks-probBLOCKS-11-2,0,True,0,11,32,82,0,94,0,0,0,0,1,0,0,,0.0,19.0,1e+20,19,0.006,0.0005,0.0,0.0013,0.0,0.0,0.0,0.0018,0.0099
blocks-probBLOCKS-12-0,0,True,0,12,39,96,0,109,0,0,0,0,1,0,0,,0.0,22.0,1e+20,22,0.0062,0.0006,0.0,0.0011,0.0,0.0,0.0,0.0018,0.0101
blocks-probBLOCKS-12-1,0,True,0,11,37,94,0,110,0,0,0,0,1,0,0,,0.0,22.0,1e+20,22,0.0059,0.0006,0.0,0.0012,0.0,0.0,0.0,0.0018,0.0098
blocks-probBLOCKS-13-0,0,True,0,12,41,103,0,118,0,0,0,0,1,0,0,,0.0,24.0,1e+20,24,0.0069,0.0007,0.0,0.0012,0.0,0.0,0.0,0.0018,0.011
blocks-probBLOCKS-13-1,0,True,0,13,41,105,0,123,0,0,0,0,1,0,0,,0.0,25.0,1e+20,25,0.0064,0.0007,0.0,0.0009,0.0,0.0,0.0,0.0018,0.0102
blocks-probBLOCKS-14-0,0,True,0,14,44,109,0,125,0,0,0,0,1,0,0,,0.0,25.0,1e+20,25,0.0067,0.0009,0.0,0.0009,0.0,0.0,0.0,0.0018,0.0106
blocks-probBLOCKS-14-1,0,True,0,14,50,119,0,131,0,0,0,0,1,0,0,,0.0,27.0,1e+20,27,0.007,0.0008,0.0,0.001,0.0,0.0,0.0,0.0018,0.011
blocks-probBLOCKS-15-0,0,True,0,15,52,124,0,136,0,0,0,0,1,0,0,,0.0,28.0,1e+20,28,0.0074,0.001,0.0,0.001,0.0,0.0,0.0,0.0019,0.0116
blocks-probBLOCKS-15-1,0,True,0,15,46,118,0,139,0,0,0,0,1,0,0,,0.0,28.0,1e+20,28,0.0072,0.0011,0.0,0.0013,0.0,0.0,0.0,0.0018,0.0117
blocks-probBLOCKS-16-1,0,True,0,16,52,131,0,152,0,0,0,0,1,0,0,,0.0,31.0,1e+20,31,0.0073,0.0013,0.0,0.0009,0.0,0.0,0.0,0.0018,0.0117
blocks-probBLOCKS-16-2,0,True,0,15,47,120,0,142,0,0,0,0,1,0,0,,0.0,28.0,1e+20,28,0.0085,0.0014,0.0,0.0012,0.0,0.0,0.0,0.0018,0.0133
blocks-probBLOCKS-17-0,0,True,0,17,59,143,0,162,0,0,0,0,1,0,0,,0.0,33.0,1e+20,33,0.01,0.0016,0.0,0.0009,0.0,0.0,0.0,0.0019,0.0148
blocks-probBLOCKS-4-0,0,True,0,3,15,32,0,32,0,0,0,0,1,0,0,,0.0,6.0,1e+20,6,0.0044,0.0001,0.0,0.0009,0.0,0.0,0.0,0.0018,0.0075
blocks-probBLOCKS-4-1,0,True,0,4,11,28,0,30,0,0,0,0,2,0,0,,0.0,6.0,1e+20,6,0.0051,0.0001,0.0,0.0013,0.0,0.0,0.0,0.0009,0.0077
blocks-probBLOCKS-4-2,0,True,0,3,12,29,0,29,0,0,0,0,1,0,0,,0.0,6.0,1e+20,6,0.0048,0.0001,0.0,0.0012,0.0,0.0,0.0,0.0018,0.0082
blocks-probBLOCKS-5-0,0,True,0,5,17,39,0,42,0,0,0,0,1,0,0,,0.0,8.0,1e+20,8,0.0051,0.0001,0.0,0.0012,0.0,0.0,0.0,0.0017,0.0085
blocks-probBLOCKS-5-1,0,True,0,4,16,36,0,38,0,0,0,0,1,0,0,,0.0,7.0,1e+20,7,0.0053,0.0001,0.0,0.0011,0.0,0.0,0.0,0.0017,0.0086
blocks-probBLOCKS-5-2,0,True,0,5,15,39,0,45,0,0,0,0,2,0,0,,0.0,9.0,1e+20,9,0.005,0.0001,0.0,0.001,0.0,0.0,0.0,0.0008,0.0073
blocks-probBLOCKS-6-0,0,True,0,6,20,49,0,53,0,0,0,0,1,0,0,,0.0,11.0,1e+20,11,0.0055,0.0001,0.0,0.001,0.0,0.0,0.0,0.0017,0.0086
blocks-probBLOCKS-6-1,0,True,0,5,23,50,0,51,0,0,0,0,1,0,0,,0.0,10.0,1e+20,10,0.0175,0.0001,0.0,0.0012,0.0,0.0,0.0,0.0018,0.0209
blocks-probBLOCKS-6-2,0,True,0,6,18,47,0,54,0,0,0,0,2,0,0,,0.0,11.0,1e+20,11,0.0165,0.0001,0.0,0.0009,0.0,0.0,0.0,0.0009,0.0188
blocks-probBLOCKS-7-0,0,True,0,7,21,55,0,64,0,0,0,0,2,0,0,,0.0,13.0,1e+20,13,0.0179,0.0002,0.0,0.001,0.0,0.0,0.0,0.0009,0.0203
blocks-probBLOCKS-7-1,0,True,0,7,22,54,0,60,0,0,0,0,1,0,0,,0.0,12.0,1e+20,12,0.0052,0.0002,0.0,0.0012,0.0,0.0,0.0,0.0017,0.0086
blocks-probBLOCKS-7-2,0,True,0,7,21,53,0,57,0,0,0,0,1,0,0,,0.0,12.0,1e+20,12,0.0054,0.0002,0.0,0.0008,0.0,0.0,0.0,0.0017,0.0084
blocks-probBLOCKS-8-0,0,True,0,7,26,61,0,66,0,0,0,0,1,0,0,,0.0,13.0,1e+20,13,0.0052,0.0002,0.0,0.0012,0.0,0.0,0.0,0.0018,0.0086
blocks-probBLOCKS-8-1,0,True,0,8,29,64,0,67,0,0,0,0,1,0,0,,0.0,13.0,1e+20,13,0.0051,0.0002,0.0,0.001,0.0,0.0,0.0,0.0018,0.0084
blocks-probBLOCKS-8-2,0,True,0,7,29,66,0,71,0,0,0,0,1,0,0,,0.0,14.0,1e+20,14,0.0053,0.0002,0.0,0.0011,0.0,0.0,0.0,0.0018,0.0088
blocks-probBLOCKS-9-0,0,True,0,9,28,70,0,80,0,0,0,0,1,0,0,,0.0,16.0,1e+20,16,0.0055,0.0003,0.0,0.0012,0.0,0.0,0.0,0.0018,0.0091
blocks-probBLOCKS-9-1,0,True,0,9,26,68,0,80,0,0,0,0,2,0,0,,0.0,16.0,1e+20,16,0.0056,0.0003,0.0,0.0009,0.0,0.0,0.0,0.0009,0.008
blocks-probBLOCKS-9-2,0,True,0,9,28,72,0,83,0,0,0,0,1,0,0,,0.0,17.0,1e+20,17,0.0055,0.0003,0.0,0.0009,0.0,0.0,0.0,0.0018,0.0089
childsnack-opt14-strips-child-snack_pfile01,0,True,38,126,134,304,0,318,0,0,0,0,2,0,0,,0.0,10.0,1e+20,10,0.007,0.0007,0.0,0.0014,0.0,0.0001,0.0,0.0117,0.0213
childsnack-opt14-strips-child-snack_pfile01-2,0,True,38,126,134,304,0,318,0,0,0,0,3,0,0,,0.0,11.0,1e+20,11,0.0208,0.0007,0.0,0.0012,0.0,0.0001,0.0,0.0119,0.0352
childsnack-opt14-strips-child-snack_pfile02,0,True,46,176,186,415,0,433,0,0,0,0,2,0,0,,0.0,11.0,1e+20,11,0.0087,0.0012,0.0,0.0012,0.0,0.0001,0.0,0.0146,0.026
childsnack-opt14-strips-child-snack_pfile02-2,0,True,46,176,186,415,0,433,0,0,0,0,4,0,0,,0.0,12.0,1e+20,12,0.0077,0.0012,0.0,0.0013,0.0,0.0001,0.0,0.0124,0.0229
childsnack-opt14-strips-child-snack_pfile03,0,True,50,215,226,499,0,531,0,0,0,0,3,0,0,,0.0,13.0,1e+20,13,0.0083,0.0018,0.0,0.0013,0.0,0.0001,0.0,0.0177,0.0296
childsnack-opt14-strips-child-snack_pfile03-2,0,True,50,215,226,499,0,531,0,0,0,0,3,0,0,,0.0,13.0,1e+20,13,0.0218,0.0017,0.0,0.0012,0.0,0.0001,0.0,0.0177,0.0428
childsnack-opt14-strips-child-snack_pfile04,0,True,69,381,393,852,0,894,0,0,0,0,2,0,0,,0.0,14.0,1e+20,14,0.0116,0.0029,0.0,0.0014,0.0,0.0001,0.0,0.0284,0.0448
childsnack-opt14-strips-child-snack_pfile04-2,0,True,69,381,393,852,0,894,0,0,0,0,2,0,0,,0.0,14.0,1e+20,14,0.0118,0.0029,0.0,0.0013,0.0,0.0001,0.0,0.028,0.0446
childsnack-opt14-strips-child-snack_pfile05,0,True,74,451,464,999,0,1059,0,0,0,0,4,0,0,,0.0,15.0,1e+20,15,0.0135,0.004,0.0,0.0017,0.0,0.0002,0.0,0.0316,0.0513
childsnack-opt14-strips-child-snack_pfile05-2,0,True,74,451,464,999,0,1059,0,0,0,0,2,0,0,,0.0,15.0,1e+20,15,0.0141,0.0042,0.0,0.0019,0.0,0.0001,0.0,0.0349,0.0557
childsnack-opt14-strips-child-snack_pfile06,0,True,84,564,579,1238,0,1307,0,0,0,0,4,0,0,,0.0,16.0,1e+20,16,0.0169,0.0057,0.0,0.0016,0.0,0.0003,0.0,0.0492,0.074
childsnack-opt14-strips-child-snack_pfile06-2,0,True,84,564,579,1238,0,1307,0,0,0,0,2,0,0,,0.0,16.0,1e+20,16,0.0176,0.0056,0.0,0.0015,0.0,0.0001,0.0,0.0493,0.0747
childsnack-opt14-strips-child-snack_pfile07,0,True,89,649,665,1415,0,1490,0,0,0,0,4,0,0,,0.0,17.0,1e+20,17,0.0193,0.0073,0.0,0.0021,0.0,0.0003,0.0,0.0579,0.0873
childsnack-opt14-strips-child-snack_pfile07-2,0,True,89,649,665,1415,0,1490,0,0,0,0,2,0,0,,0.0,17.0,1e+20,17,0.0202,0.0075,0.0,0.0021,0.0,0.0001,0.0,0.0535,0.0841
childsnack-opt14-strips-child-snack_pfile08,0,True,94,740,757,1604,0,1702,0,0,0,0,2,0,0,,0.0,18.0,1e+20,18,0.0219,0.0095,0.0,0.0019,0.0,0.0001,0.0,0.0691,0.1033
childsnack-opt14-strips-child-snack_pfile08-2,0,True,94,740,757,1604,0,1702,0,0,0,0,2,0,0,,0.0,18.0,1e+20,18,0.0227,0.0095,0.0,0.002,0.0,0.0001,0.0,0.0742,0.1094
childsnack-opt14-strips-child-snack_pfile09,0,True,104,883,902,1903,0,2012,0,0,0,0,2,0,0,,0.0,19.0,1e+20,19,0.0268,0.0126,0.0,0.002,0.0,0.0001,0.0,0.084,0.1262
childsnack-opt14-strips-child-snack_pfile09-2,0,True,104,883,902,1903,0,2012,0,0,0,0,2,0,0,,0.0,19.0,1e+20,19,0.027,0.0121,0.0,0.0023,0.0,0.0001,0.0,0.0865,0.1289
childsnack-opt14-strips-child-snack_pfile10,0,True,109,989,1009,2122,0,2258,0,0,0,0,2,0,0,,0.0,20.0,1e+20,20,0.0423,0.0155,0.0,0.0023,0.0,0.0001,0.0,0.0965,0.1573
childsnack-opt14-strips-child-snack_pfile10-2,0,True,109,989,1009,2122,0,2258,0,0,0,0,2,0,0,,0.0,20.0,1e+20,20,0.0315,0.0154,0.0,0.0022,0.0,0.0001,0.0,0.0848,0.1347
childsnack-sat14-strips-child-snack_pfile05,0,True,74,451,464,999,0,1059,0,0,0,0,4,0,0,,0.0,15.0,1e+20,15,0.0137,0.004,0.0,0.0019,0.0,0.0002,0.0,0.0316,0.0518
childsnack-sat14-strips-child-snack_pfile05-2,0,True,74,451,464,999,0,1059,0,0,0,0,2,0,0,,0.0,15.0,1e+20,15,0.0145,0.004,0.0,0.002,0.0,0.0001,0.0,0.0349,0.056
childsnack-sat14-strips-child-snack_pfile06-2,0,True,84,564,579,1238,0,1307,0,0,0,0,2,0,0,,0.0,16.0,1e+20,16,0.0166,0.0059,0.0,0.0017,0.0,0.0001,0.0,0.0495,0.0744
childsnack-sat14-strips-child-snack_pfile07-2,0,True,89,649,665,1415,0,1490,0,0,0,0,2,0,0,,0.0,17.0,1e+20,17,0.0189,0.0074,0.0,0.0018,0.0,0.0001,0.0,0.0528,0.0815
childsnack-sat14-strips-child-snack_pfile08,0,True,94,740,757,1604,0,1702,0,0,0,0,2,0,0,,0.0,18.0,1e+20,18,0.0219,0.0095,0.0,0.0018,0.0,0.0001,0.0,0.0698,0.1037
childsnack-sat14-strips-child-snack_pfile08-2,0,True,94,740,757,1604,0,1702,0,0,0,0,2,0,0,,0.0,18.0,1e+20,18,0.0223,0.0091,0.0,0.0018,0.0,0.0001,0.0,0.0748,0.1087
childsnack-sat14-strips-child-snack_pfile09,0,True,104,883,902,1903,0,2012,0,0,0,0,2,0,0,,0.0,19.0,1e+20,19,0.0268,0.0121,0.0,0.0019,0.0,0.0001,0.0,0.0844,0.126
childsnack-sat14-strips-child-snack_pfile09-2,0,True,104,883,902,1903,0,2012,0,0,0,0,2,0,0,,0.0,19.0,1e+20,19,0.0271,0.0121,0.0,0.002,0.0,0.0001,0.0,0.0864,0.1285
childsnack-sat14-strips-child-snack_pfile10,0,True,109,989,1009,2122,0,2258,0,0,0,0,2,0,0,,0.0,20.0,1e+20,20,0.033,0.0154,0.0,0.0019,0.0,0.0001,0.0,0.0969,0.1479
childsnack-sat14-strips-child-snack_pfile10-2,0,True,109,989,1009,2122,0,2258,0,0,0,0,2,0,0,,0.0,20.0,1e+20,20,0.0325,0.0154,0.0,0.0022,0.0,0.0001,0.0,0.0851,0.1358
childsnack-sat14-strips-child-snack_pfile11,0,True,114,1101,1122,2353,0,2497,0,0,0,0,2,0,0,,0.0,21.0,1e+20,21,0.0375,0.0193,0.0,0.0022,0.0,0.0001,0.0,0.1111,0.1709
childsnack-sat14-strips-child-snack_pfile11-2,0,True,114,1101,1122,2353,0,2497,0,0,0,0,2,0,0,,0.0,21.0,1e+20,21,0.0367,0.0192,0.0,0.0024,0.0,0.0001,0.0,0.0993,0.1584
childsnack-sat14-strips-child-snack_pfile12,0,True,150,1691,1714,3572,0,3743,0,0,0,0,2,0,0,,0.0,22.0,1e+20,22,0.0465,0.0295,0.0,0.0031,0.0,0.0002,0.0,0.1652,0.2453
childsnack-sat14-strips-child-snack_pfile13,0,True,156,1860,1884,3918,0,4122,0,0,0,0,2,0,0,,0.0,23.0,1e+20,23,0.0574,0.0359,0.0,0.003,0.0,0.0002,0.0,0.2009,0.2986
childsnack-sat14-strips-child-snack_pfile13-2,0,True,156,1860,1884,3918,0,4122,0,0,0,0,2,0,0,,0.0,23.0,1e+20,23,0.0545,0.0357,0.0,0.0031,0.0,0.0002,0.0,0.1888,0.2833
childsnack-sat14-strips-child-snack_pfile14,0,True,162,2037,2062,4280,0,4494,0,0,0,0,2,0,0,,0.0,24.0,1e+20,24,0.0613,0.0417,0.0,0.0035,0.0,0.0002,0.0,0.2054,0.3133
childsnack-sat14-strips-child-snack_pfile15-2,0,True,168,2222,2248,4658,0,4908,0,0,0,0,2,0,0,,0.0,25.0,1e+20,25,0.0761,0.0502,0.0,0.0037,0.0,0.0002,0.0,0.2031,0.3347
childsnack-sat14-strips-child-snack_pfile16-2,0,True,180,2504,2532,5237,0,5505,0,0,0,0,2,0,0,,0.0,26.0,1e+20,26,0.0834,0.0614,0.0,0.0042,0.0,0.0002,0.0,0.2084,0.3593
childsnack-sat14-strips-child-snack_pfile19,0,True,204,3244,3276,6748,0,7088,0,0,0,0,2,0,0,,0.0,29.0,1e+20,29,0.1298,0.099,0.0,0.0054,0.0,0.0003,0.0,0.2545,0.4912
childsnack-sat14-strips-child-snack_pfile19-2,0,True,204,3244,3276,6748,0,7088,0,0,0,0,2,0,0,,0.0,29.0,1e+20,29,0.1258,0.0992,0.0,0.0053,0.0,0.0003,0.0,0.2467,0.4796
data-network-opt18-strips-p01,0,False,55,503,779,1343,0,1500,0,0,4802,0,1621,0,114630,,0.0,105.0,1e+20,105,0.0068,0.0021,0.0,0.002,0.0,0.0916,0.0,60.2874,60.2989
data-network-opt18-strips-p02,0,False,63,697,1117,1880,0,2057,0,0,3180,0,1083,0,19450,,0.0,29.0,1e+20,29,0.008,0.0027,0.0,0.002,0.0,0.0581,0.0,11.2982,11.3116
data-network-opt18-strips-p03,0,False,66,845,1328,2247,0,2426,0,0,4379,0,1614,0,24379,,0.0,78.0,1e+20,78,0.011,0.0033,0.0,0.0022,0.0,0.0924,0.0,18.6767,18.6942
data-network-opt18-strips-p04,2,False,70,1143,1861,3085,0,3185,0,0,12591,0,2567,0,1000991,,0.0,117.0,1e+20,119,0.012,0.0076,0.0,0.0041,0.0,0.2585,0.0,899.9819,900.0221
data-network-opt18-strips-p05,0,False,74,1025,1624,2733,0,2927,0,0,9577,0,3054,0,78912,,0.0,104.0,1e+20,104,0.0122,0.0043,0.0,0.0025,0.0,0.2642,0.0,149.7144,149.734
data-network-opt18-strips-p06,0,False,84,1307,2162,3559,0,3626,0,0,7080,0,2020,0,105341,,0.0,55.0,1e+20,55,0.0114,0.0062,0.0,0.0033,0.0,0.162,0.0,84.3461,84.3677
data-network-opt18-strips-p07,0,False,86,1574,2589,4259,0,4261,0,0,332,0,94,0,778,,0.0,87.0,1e+20,87,0.0125,0.0067,0.0,0.0035,0.0,0.0086,0.0,1.5485,1.5718
data-network-opt18-strips-p08,0,False,89,1243,2008,3351,0,3590,0,0,11027,0,3483,0,32988,,0.0,104.0,1e+20,104,0.0138,0.0056,0.0,0.0029,0.0,0.3757,0.0,52.3147,52.3377
data-network-opt18-strips-p09,0,False,74,705,1120,1903,0,2198,0,0,499,0,264,0,2680,,0.0,27.0,1e+20,27,0.0087,0.0035,0.0,0.0023,0.0,0.0082,0.0,0.8362,0.8512
data-network-opt18-strips-p10,2,False,81,921,1505,2513,0,2739,0,0,7352,0,2847,0,1234926,,0.0,78.429,1e+20,85,0.0101,0.0043,0.0,0.0023,0.0,0.2133,0.0,899.9905,900.2436
data-network-opt18-strips-p11,2,False,91,1111,1829,3034,0,3324,0,0,11442,0,3422,0,603337,,0.0,19.385,1e+20,48,0.0119,0.0063,0.0,0.0032,0.0,0.3115,0.0,899.9863,900.2001
data-network-opt18-strips-p12,0,False,97,1315,2133,3549,0,3873,0,0,5440,0,1184,0,153129,,0.0,62.0,1e+20,62,0.0125,0.0065,0.0,0.0031,0.0,0.1201,0.0,99.5269,99.5507
data-network-opt18-strips-p13,2,False,104,1492,2495,4098,0,4389,0,0,24434,0,6763,0,362730,,0.0,54.0,1e+20,106,0.0125,0.0085,0.0,0.0035,0.0,0.7823,0.0,899.9876,900.065
data-network-opt18-strips-p14,2,False,105,1749,2923,4795,0,4993,0,0,22645,0,9256,0,427393,,0.0,174.0,1e+20,182,0.0148,0.0116,0.0,0.0042,0.0,0.9947,0.0,899.9852,900.1614
data-network-opt18-strips-p15,2,False,128,1344,2242,3718,0,4313,0,0,5399,0,2167,0,1579890,,0.0,47.0,1e+20,50,0.0138,0.0102,0.0,0.0032,0.0,0.1879,0.0,899.9793,900.2814
data-network-opt18-strips-p16,2,False,140,1692,2894,4734,0,5188,0,0,8968,0,2298,0,523132,,0.0,69.4,1e+20,117,0.0237,0.0176,0.0,0.0041,0.0,0.2296,0.0,899.9676,900.2036
data-network-opt18-strips-p17,2,False,154,2125,3679,5964,0,6226,0,0,11944,0,2986,0,416423,,0.0,36.0,1e+20,113,0.0273,0.0178,0.0,0.005,0.0,0.2717,0.0,899.9616,900.1718
data-network-opt18-strips-p18,2,False,165,2485,4253,6914,0,7388,0,0,19573,0,3451,0,231569,,0.0,73.0,1e+20,163,0.0268,0.0211,0.0,0.0055,0.0,0.6286,0.0,899.9586,900.0845
data-network-opt18-strips-p19,2,False,180,3159,5431,8781,0,9402,0,0,24456,0,2779,0,214039,,0.0,60.212,1e+20,277,0.0388,0.0285,0.0,0.007,0.0,0.6623,0.0,899.9421,900.0707
data-network-opt18-strips-p20,2,False,193,3451,6040,9694,0,10015,0,0,22612,0,3054,0,156681,,0.0,125.0,1e+20,223,0.0321,0.0312,0.0,0.0084,0.0,0.7707,0.0,899.9462,900.1431
data-network-sat18-strips-p01,2,False,177,3450,5775,9429,0,9749,0,0,32637,0,6109,0,159614,,0.0,233.0,1e+20,346,0.0295,0.0291,0.0,0.0075,0.0,1.4807,0.0,899.9637,900.104
data-network-sat18-strips-p02,2,False,204,4048,6823,11099,0,11155,0,0,32883,0,8175,0,118681,,0.0,180.0,1e+20,259,0.0476,0.0355,0.0,0.009,0.0,2.1033,0.0,899.9312,900.0927
data-network-sat18-strips-p03,2,False,233,4101,6839,11204,0,11823,0,0,22547,0,4168,0,156964,,0.0,249.0,1e+20,319,0.048,0.0405,0.0,0.0097,0.0,0.9746,0.0,899.9145,900.0654
data-network-sat18-strips-p04,2,False,252,4647,7690,12637,0,13294,0,0,42569,0,8614,0,113558,,0.0,373.25,1e+20,521,0.0528,0.0463,0.0,0.0113,0.0,3.2083,0.0,899.9152,900.0877
data-network-sat18-strips-p05,2,False,289,7092,12484,19905,0,19100,0,0,15747,0,2608,0,168922,,0.0,420.0,1e+20,546,0.0708,0.0932,0.0,0.0182,0.0,0.7951,0.0,899.8508,900.1338
data-network-sat18-strips-p06,2,False,317,7692,13513,21570,0,20827,0,0,14628,0,1003,0,171934,,0.0,430.25,1e+20,861,0.076,0.1028,0.0,0.0208,0.0,0.4874,0.0,899.8233,900.15
data-network-sat18-strips-p07,2,False,342,7506,12999,20899,0,20660,0,0,26417,0,2668,0,67066,,0.0,417.429,1e+20,629,0.0783,0.1129,0.0,0.0206,0.0,1.285,0.0,899.8161,900.1997
data-network-sat18-strips-p08,2,False,370,9017,15757,25199,0,24449,0,0,18467,0,1573,0,94419,,0.0,392.0,1e+20,662,0.092,0.1499,0.0,0.0269,0.0,0.8195,0.0,908.7252,911.3148
data-network-sat18-strips-p09,2,False,398,7250,12239,19938,0,20787,0,0,24108,0,2261,0,147557,,0.0,447.0,1e+20,984,0.0825,0.1226,0.0,0.0212,0.0,0.9935,0.0,899.8055,900.1204
data-network-sat18-strips-p10,2,False,427,8998,15693,25178,0,25094,0,0,20433,0,3134,0,113904,,0.0,470.8,1e+20,823,0.0998,0.1724,0.0,0.028,0.0,1.4049,0.0,899.7155,900.1025
data-network-sat18-strips-p11,2,False,191,2896,5005,8104,0,8536,0,0,15468,0,2039,0,208372,,0.0,110.0,1e+20,265,0.0427,0.0302,0.0,0.0068,0.0,0.3669,0.0,899.9352,900.0335
data-network-sat18-strips-p12,2,False,243,4604,8050,12913,0,13175,0,0,14519,0,2295,0,105020,,0.0,141.429,1e+20,329,0.0545,0.0473,0.0,0.0106,0.0,0.4539,0.0,899.9085,900.0651
data-network-sat18-strips-p13,2,False,296,6086,10678,17081,0,17424,0,0,22133,0,3498,0,72312,,0.0,199.2,1e+20,426,0.0618,0.0715,0.0,0.0153,0.0,0.7563,0.0,899.8624,900.0192
data-network-sat18-strips-p14,2,False,345,7230,12595,20197,0,20693,0,0,20189,0,1280,0,79195,,0.0,223.0,1e+20,146319,0.0739,0.1137,0.0,0.0195,0.0,0.5257,0.0,899.8069,900.0342
data-network-sat18-strips-p15,2,False,395,8634,15070,24134,0,24502,0,0,18302,0,1154,0,66745,,0.0,240.0,1e+20,187663,0.0889,0.1569,0.0,0.0243,0.0,0.5604,0.0,899.7423,900.0234
data-network-sat18-strips-p16,2,False,450,10722,19087,30298,0,30477,0,0,11983,0,564,0,47069,,0.0,256.0,1e+20,222427,0.1096,0.212,0.0,0.0336,0.0,0.3281,0.0,899.6837,900.0801
data-network-sat18-strips-p17,2,False,496,9667,16775,26979,0,28393,0,0,16033,0,874,0,54561,,0.0,286.0,1e+20,210807,0.119,0.2027,0.0,0.0328,0.0,0.4666,0.0,899.6626,900.0284
data-network-sat18-strips-p18,2,False,556,12448,22110,35147,0,35011,0,0,13992,0,809,0,28774,,0.0,194.0,1e+20,263878,0.1467,0.3169,0.0,0.0473,0.0,0.5016,0.0,899.5393,900.0816
data-network-sat18-strips-p19,2,False,593,11528,20008,32195,0,34126,0,0,12755,0,531,0,62797,,0.0,761.0,1e+20,312490,0.1384,0.2805,0.0,0.0427,0.0,0.3823,0.0,899.592,900.082
data-network-sat18-strips-p20,2,False,659,15418,27200,43325,0,43803,0,0,12678,0,578,0,25835,,0.0,320.0,1e+20,307994,0.1888,0.4466,0.0,0.0642,0.0,0.4549,0.0,899.3411,900.0748
depot-p01,0,True,10,24,45,99,0,121,0,0,8,0,12,0,0,,0.0,10.0,1e+20,10,0.023,0.0002,0.0,0.0012,0.0,0.0002,0.0,0.0093,0.0342
depot-p02,0,True,22,52,91,189,0,239,0,0,9,0,11,0,0,,0.0,14.0,1e+20,14,0.0231,0.0004,0.0,0.0014,0.0,0.0003,0.0,0.0139,0.0393
depot-p03,0,True,36,82,147,302,0,394,0,0,17,0,15,0,0,,0.0,22.0,1e+20,22,0.0065,0.001,0.0,0.0011,0.0,0.0005,0.0,0.0268,0.0359
depot-p04,0,True,50,104,184,379,0,495,0,0,0,0,4,0,0,,0.0,17.0,1e+20,17,0.0077,0.0018,0.0,0.0014,0.0,0.0001,0.0,0.0094,0.0207
depot-p05,0,True,58,138,242,492,0,656,0,0,33,0,17,0,0,,0.0,33.0,1e+20,33,0.0253,0.0031,0.0,0.0014,0.0,0.0008,0.0,0.0778,0.1081
depot-p06,0,True,90,208,355,722,0,969,0,0,42,0,16,0,0,,0.0,42.0,1e+20,42,0.0333,0.0084,0.0,0.0018,0.0,0.0009,0.0,0.091,0.1351
depot-p07,0,True,38,88,164,326,0,405,0,0,4,0,6,0,0,,0.0,18.0,1e+20,18,0.0257,0.0012,0.0,0.0013,0.0,0.0002,0.0,0.013,0.0417
depot-p08,0,True,53,119,228,459,0,584,0,0,3,0,6,0,0,,0.0,27.0,1e+20,27,0.0098,0.0034,0.0,0.0013,0.0,0.0002,0.0,0.0148,0.0296
depot-p09,0,True,88,221,407,795,0,1020,0,0,23,0,15,0,0,,0.0,44.0,1e+20,44,0.0193,0.0093,0.0,0.0017,0.0,0.0008,0.0,0.0386,0.0695
depot-p10,0,True,71,169,269,550,0,728,0,0,24,0,20,0,0,,0.0,22.0,1e+20,22,0.009,0.0029,0.0,0.0014,0.0,0.0007,0.0,0.0465,0.0602
depot-p11,0,True,122,296,508,991,0,1386,0,0,49,0,18,0,0,,0.0,41.0,1e+20,41,0.0166,0.0094,0.0,0.0018,0.0,0.0011,0.0,0.1407,0.1692
depot-p12,0,True,180,433,736,1432,0,2010,0,0,30,0,15,0,0,,0.0,45.0,1e+20,45,0.0314,0.0264,0.0,0.0025,0.0,0.0011,0.0,0.1117,0.1728
depot-p13,0,True,34,99,174,360,0,479,0,0,18,0,11,0,0,,0.0,24.0,1e+20,24,0.0124,0.0026,0.0,0.0012,0.0,0.0004,0.0,0.0464,0.0631
depot-p14,0,True,124,283,436,888,0,1190,0,0,32,0,18,0,0,,0.0,23.0,1e+20,23,0.0191,0.011,0.0,0.0015,0.0,0.0008,0.0,0.063,0.0952
depot-p15,0,True,186,461,800,1530,0,2098,0,0,48,0,16,0,0,,0.0,49.0,1e+20,49,0.0553,0.0324,0.0,0.0023,0.0,0.0014,0.0,0.1358,0.2266
depot-p16,0,True,160,695,1066,1956,0,2465,0,0,153,0,76,0,620,,0.0,24.0,1e+20,24,0.031,0.0086,0.0,0.0023,0.0,0.0046,0.0,0.5311,0.5736
depot-p17,0,True,315,1477,2343,4166,0,5354,0,0,135,0,65,0,2367,,0.0,22.0,1e+20,22,0.0232,0.0304,0.0,0.005,0.0,0.0069,0.0,1.515,1.5745
depot-p18,0,True,527,2750,4450,7793,0,10245,0,0,458,0,145,0,5198,,0.0,49.0,1e+20,49,0.0478,0.1041,0.0,0.0107,0.0,0.0296,0.0,6.711,6.8745
depot-p19,0,True,164,591,863,1675,0,2317,0,0,87,0,39,0,0,,0.0,32.0,1e+20,32,0.0199,0.0136,0.0,0.0023,0.0,0.0027,0.0,0.3193,0.3557
depot-p20,0,True,286,1024,1659,3063,0,4420,0,0,135,0,38,0,243,,0.0,57.0,1e+20,57,0.0556,0.0598,0.0,0.0039,0.0,0.0052,0.0,1.3572,1.4773
depot-p21,0,True,649,3391,5307,9403,0,13362,0,0,166,0,77,0,932,,0.0,32.0,1e+20,32,0.0775,0.1652,0.0,0.0138,0.0,0.0173,0.0,3.6792,3.937
depot-p22,0,True,1411,9477,16547,27570,0,42261,0,0,631,0,179,0,30282,,0.0,77.0,1e+20,77,0.3234,0.9924,0.0,0.0672,0.0,0.1057,0.0,425.3322,426.7255
driverlog-p01,0,True,14,40,42,99,0,107,0,0,50,0,42,0,0,,0.0,6.0,1e+20,6,0.0223,0.0001,0.0,0.0013,0.0,0.0006,0.0,0.0258,0.05
driverlog-p02,0,True,23,66,70,168,0,182,0,0,33,0,20,0,0,,0.0,14.0,1e+20,14,0.0053,0.0002,0.0,0.0012,0.0,0.0005,0.0,0.0385,0.0456
driverlog-p03,0,True,26,70,70,170,0,184,0,0,62,0,32,0,0,,0.0,11.0,1e+20,11,0.0052,0.0002,0.0,0.0012,0.0,0.0007,0.0,0.076,0.0831
driverlog-p04,0,True,28,76,79,190,0,206,0,0,23,0,14,0,0,,0.0,12.0,1e+20,12,0.005,0.0003,0.0,0.0009,0.0,0.0004,0.0,0.0599,0.0666
driverlog-p05,0,True,34,102,108,253,0,277,0,0,49,0,28,0,0,,0.0,15.0,1e+20,15,0.0054,0.0004,0.0,0.0012,0.0,0.0007,0.0,0.0722,0.0797
driverlog-p06,0,True,27,84,90,208,0,227,0,0,19,0,19,0,0,,0.0,10.0,1e+20,10,0.0053,0.0004,0.0,0.001,0.0,0.0004,0.0,0.0425,0.0496
driverlog-p07,0,True,39,114,117,277,0,300,0,0,22,0,18,0,0,,0.0,12.0,1e+20,12,0.0055,0.0005,0.0,0.0013,0.0,0.0005,0.0,0.0201,0.0279
driverlog-p08,0,True,48,150,156,363,0,403,0,0,25,0,14,0,0,,0.0,15.0,1e+20,15,0.0057,0.0007,0.0,0.001,0.0,0.0004,0.0,0.0363,0.0441
driverlog-p09,0,True,52,191,195,447,0,530,0,0,93,0,39,0,0,,0.0,18.0,1e+20,18,0.0056,0.0009,0.0,0.0014,0.0,0.0014,0.0,0.0695,0.0779
driverlog-p10,0,True,83,303,303,695,0,833,0,0,86,0,24,0,0,,0.0,16.0,1e+20,16,0.0063,0.0016,0.0,0.0013,0.0,0.0011,0.0,0.1574,0.1671
driverlog-p11,0,True,88,328,330,753,0,909,0,0,87,0,41,0,0,,0.0,18.0,1e+20,18,0.0066,0.0018,0.0,0.0013,0.0,0.0017,0.0,0.1153,0.1256
driverlog-p12,0,True,138,638,642,1429,0,1732,0,0,222,0,65,0,43,,0.0,24.0,1e+20,24,0.0082,0.0044,0.0,0.0019,0.0,0.0041,0.0,0.3477,0.3628
driverlog-p13,0,True,173,867,871,1921,0,2258,0,0,107,0,30,0,0,,0.0,21.0,1e+20,21,0.0092,0.006,0.0,0.0021,0.0,0.0024,0.0,0.2221,0.2399
driverlog-p14,0,True,168,841,847,1867,0,2197,0,0,170,0,50,0,0,,0.0,25.0,1e+20,25,0.0273,0.0057,0.0,0.0023,0.0,0.0039,0.0,0.3251,0.361
driverlog-p15,0,True,302,1737,1741,3791,0,4601,0,0,687,0,178,0,452,,0.0,30.0,1e+20,30,0.0171,0.0213,0.0,0.0039,0.0,0.0227,0.0,2.1258,2.1689
driverlog-p16,0,True,452,3522,3547,7545,0,8756,0,0,1967,0,586,0,29939,,0.0,51.0,1e+20,51,0.0345,0.0585,0.0,0.008,0.0,0.1263,0.0,214.2736,214.3755
driverlog-p17,0,True,588,4718,4743,10076,0,11889,0,0,1025,0,180,0,2295,,0.0,57.0,1e+20,57,0.0449,0.0934,0.0,0.0115,0.0,0.0504,0.0,63.849,63.9999
driverlog-p18,0,True,765,6628,6648,14068,0,16863,0,0,1905,0,366,0,10657,,0.0,62.0,1e+20,62,0.0678,0.1885,0.0,0.0177,0.0,0.13,0.0,346.5186,346.794
driverlog-p19,2,True,902,8086,8111,17135,0,20567,0,0,2791,0,402,0,22505,,0.0,80.798,1e+20,88,0.0978,0.2455,0.0,0.0236,0.0,0.1704,0.0,899.641,900.015
driverlog-p20,2,True,1171,12136,12152,25491,0,29371,0,0,3684,0,637,0,13789,,0.0,77.506,1e+20,109,0.1655,0.4547,0.0,0.04,0.0,0.3498,0.0,899.4023,900.0999
elevators-opt08-strips-p01,0,False,44,148,221,421,0,552,0,0,224,0,875,0,609,,0.0,32.0,1e+20,32,0.0079,0.0006,0.0,0.0014,0.0,0.0046,0.0,0.1844,0.1948
elevators-opt08-strips-p02,0,False,56,198,304,564,0,727,0,0,156,0,1410,0,1344,,0.0,26.0,1e+20,26,0.0238,0.0009,0.0,0.0014,0.0,0.0032,0.0,0.2781,0.3046
elevators-opt08-strips-p03,0,False,52,192,296,551,0,729,0,0,149,0,925,0,1621,,0.0,38.0,1e+20,38,0.0058,0.0009,0.0,0.0016,0.0,0.0035,0.0,0.2215,0.2302
elevators-opt08-strips-p04,0,False,62,249,377,700,0,931,0,0,202,0,1330,0,1714,,0.0,36.0,1e+20,36,0.0061,0.0014,0.0,0.0014,0.0,0.0031,0.0,0.263,0.2722
elevators-opt08-strips-p05,0,False,60,207,314,595,0,788,0,0,50,0,31,0,0,,0.0,38.0,1e+20,38,0.0062,0.0012,0.0,0.0012,0.0,0.0009,0.0,0.1136,0.1227
elevators-opt08-strips-p06,0,False,72,304,478,868,0,1169,0,0,147,0,55,0,159,,0.0,38.0,1e+20,38,0.0069,0.0018,0.0,0.0017,0.0,0.0025,0.0,0.0912,0.1021
elevators-opt08-strips-p07,0,False,71,268,414,767,0,1009,0,0,236,0,1063,0,2942,,0.0,38.0,1e+20,38,0.0068,0.0015,0.0,0.0014,0.0,0.0035,0.0,0.494,0.5042
elevators-opt08-strips-p08,0,False,89,372,592,1062,0,1384,0,0,318,0,1792,0,2034,,0.0,33.0,1e+20,33,0.0087,0.0023,0.0,0.0015,0.0,0.0065,0.0,0.8674,0.8804
elevators-opt08-strips-p09,0,False,80,314,495,905,0,1207,0,0,533,0,796,0,6553,,0.0,48.0,1e+20,48,0.0245,0.0019,0.0,0.0016,0.0,0.0079,0.0,0.8577,0.8863
elevators-opt08-strips-p10,0,False,94,421,687,1218,0,1643,0,0,848,0,878,0,6217,,0.0,48.0,1e+20,48,0.0086,0.0028,0.0,0.002,0.0,0.0278,0.0,1.9835,1.9976
elevators-opt08-strips-p11,0,False,57,193,270,531,0,693,0,0,168,0,1100,0,1195,,0.0,41.0,1e+20,41,0.0059,0.001,0.0,0.0014,0.0,0.0033,0.0,0.1747,0.1836
elevators-opt08-strips-p12,0,False,66,252,366,696,0,916,0,0,74,0,46,0,15,,0.0,38.0,1e+20,38,0.0062,0.0014,0.0,0.0017,0.0,0.0008,0.0,0.0616,0.0713
elevators-opt08-strips-p13,0,False,71,204,288,575,0,777,0,0,70,0,127,0,31,,0.0,47.0,1e+20,47,0.0064,0.0014,0.0,0.0014,0.0,0.0016,0.0,0.0554,0.065
elevators-opt08-strips-p14,0,False,77,305,449,848,0,1132,0,0,154,0,2806,0,2512,,0.0,41.0,1e+20,41,0.0069,0.0019,0.0,0.0018,0.0,0.004,0.0,0.5858,0.597
elevators-opt08-strips-p15,0,False,82,281,408,787,0,1051,0,0,207,0,2935,0,2855,,0.0,44.0,1e+20,44,0.0073,0.0019,0.0,0.0017,0.0,0.0049,0.0,0.6949,0.7064
elevators-opt08-strips-p16,0,False,92,377,567,1054,0,1430,0,0,271,0,1900,0,1276,,0.0,51.0,1e+20,51,0.0075,0.0026,0.0,0.0017,0.0,0.0047,0.0,0.854,0.8663
elevators-opt08-strips-p17,0,False,96,313,443,869,0,1163,0,0,260,0,330,0,953,,0.0,57.0,1e+20,57,0.0069,0.0023,0.0,0.0019,0.0,0.0066,0.0,0.2141,0.2257
elevators-opt08-strips-p18,0,False,106,409,637,1172,0,1604,0,0,168,0,1012,0,937,,0.0,44.0,1e+20,44,0.0079,0.0033,0.0,0.0017,0.0,0.0037,0.0,0.2733,0.2866
elevators-opt08-strips-p19,0,False,108,380,557,1065,0,1424,0,0,429,0,2664,0,3081,,0.0,57.0,1e+20,57,0.0074,0.003,0.0,0.0018,0.0,0.0078,0.0,1.1755,1.1884
elevators-opt08-strips-p20,0,False,122,496,774,1412,0,1885,0,0,277,0,239,0,186,,0.0,51.0,1e+20,51,0.0082,0.0041,0.0,0.002,0.0,0.0055,0.0,0.2268,0.2417
elevators-opt08-strips-p21,0,False,64,210,315,600,0,817,0,0,66,0,216,0,26,,0.0,34.0,1e+20,34,0.006,0.0012,0.0,0.0018,0.0,0.0017,0.0,0.0687,0.0782
elevators-opt08-strips-p22,0,False,81,311,465,863,0,1143,0,0,542,0,1278,0,4449,,0.0,40.0,1e+20,40,0.0073,0.0017,0.0,0.0015,0.0,0.0104,0.0,1.3288,1.3402
elevators-opt08-strips-p23,0,False,78,277,425,793,0,1073,0,0,226,0,499,0,998,,0.0,46.0,1e+20,46,0.0073,0.0017,0.0,0.0016,0.0,0.0036,0.0,0.2211,0.2323
elevators-opt08-strips-p24,0,False,91,394,604,1102,0,1481,0,0,642,0,359,0,11932,,0.0,49.0,1e+20,49,0.0068,0.0024,0.0,0.0016,0.0,0.0165,0.0,3.6144,3.6261
elevators-opt08-strips-p25,0,False,90,339,518,964,0,1291,0,0,145,0,1214,0,1240,,0.0,45.0,1e+20,45,0.0073,0.0023,0.0,0.0016,0.0,0.0024,0.0,0.3181,0.3297
elevators-opt08-strips-p26,0,False,104,447,695,1263,0,1708,0,0,585,0,1853,0,3172,,0.0,39.0,1e+20,39,0.008,0.0033,0.0,0.002,0.0,0.0241,0.0,1.4741,1.4879
elevators-opt08-strips-p27,0,False,104,411,633,1167,0,1573,0,0,207,0,362,0,954,,0.0,56.0,1e+20,56,0.0066,0.0029,0.0,0.0019,0.0,0.0048,0.0,0.2669,0.2788
elevators-opt08-strips-p28,0,False,121,577,917,1632,0,2155,0,0,1008,0,3432,0,14966,,0.0,51.0,1e+20,51,0.0085,0.0043,0.0,0.002,0.0,0.0336,0.0,5.6314,5.6467
elevators-opt08-strips-p29,0,False,125,466,713,1318,0,1779,0,0,591,0,1218,0,9536,,0.0,57.0,1e+20,57,0.0074,0.0038,0.0,0.002,0.0,0.0148,0.0,2.8587,2.8725
elevators-opt08-strips-p30,0,False,136,593,935,1683,0,2278,0,0,425,0,4119,0,4832,,0.0,57.0,1e+20,57,0.0097,0.0054,0.0,0.0026,0.0,0.012,0.0,2.8156,2.8338
elevators-opt11-strips-p01,0,False,57,193,270,531,0,693,0,0,168,0,1101,0,1195,,0.0,41.0,1e+20,41,0.0054,0.001,0.0,0.0015,0.0,0.0033,0.0,0.1727,0.181
elevators-opt11-strips-p02,0,False,64,210,315,600,0,817,0,0,66,0,214,0,26,,0.0,34.0,1e+20,34,0.0062,0.0012,0.0,0.0014,0.0,0.0016,0.0,0.0686,0.0779
elevators-opt11-strips-p03,0,False,66,252,366,696,0,916,0,0,74,0,46,0,15,,0.0,38.0,1e+20,38,0.006,0.0014,0.0,0.0015,0.0,0.0008,0.0,0.0614,0.0707
elevators-opt11-strips-p04,0,False,52,192,296,551,0,729,0,0,149,0,924,0,1621,,0.0,38.0,1e+20,38,0.0063,0.0009,0.0,0.0011,0.0,0.0035,0.0,0.2219,0.2308
elevators-opt11-strips-p05,0,False,71,204,288,575,0,777,0,0,70,0,125,0,31,,0.0,47.0,1e+20,47,0.0062,0.0014,0.0,0.0014,0.0,0.0015,0.0,0.0553,0.0648
elevators-opt11-strips-p06,0,False,62,249,377,700,0,931,0,0,202,0,1331,0,1714,,0.0,36.0,1e+20,36,0.0062,0.0014,0.0,0.0019,0.0,0.0031,0.0,0.2613,0.2713
elevators-opt11-strips-p07,0,False,104,447,695,1263,0,1708,0,0,585,0,1855,0,3172,,0.0,39.0,1e+20,39,0.0078,0.0033,0.0,0.0018,0.0,0.0242,0.0,1.4723,1.4857
elevators-opt11-strips-p08,0,False,60,207,314,595,0,788,0,0,50,0,31,0,0,,0.0,38.0,1e+20,38,0.0586,0.0012,0.0,0.0015,0.0,0.0009,0.0,0.1137,0.1755
elevators-opt11-strips-p09,0,False,81,311,465,863,0,1143,0,0,539,0,1279,0,4449,,0.0,40.0,1e+20,40,0.0071,0.0017,0.0,0.0028,0.0,0.0104,0.0,1.3316,1.3438
elevators-opt11-strips-p10,0,False,77,305,449,848,0,1132,0,0,154,0,2811,0,2512,,0.0,41.0,1e+20,41,0.0068,0.0019,0.0,0.0016,0.0,0.0039,0.0,0.5889,0.5998
elevators-opt11-strips-p11,0,False,121,577,917,1632,0,2155,0,0,1008,0,3435,0,14966,,0.0,51.0,1e+20,51,0.0088,0.0042,0.0,0.0032,0.0,0.0337,0.0,5.6393,5.6562
elevators-opt11-strips-p12,0,False,72,304,478,868,0,1169,0,0,147,0,55,0,159,,0.0,38.0,1e+20,38,0.0075,0.0018,0.0,0.0024,0.0,0.0025,0.0,0.0912,0.1033
elevators-opt11-strips-p13,0,False,71,268,414,767,0,1009,0,0,238,0,1064,0,2942,,0.0,38.0,1e+20,38,0.0074,0.0015,0.0,0.003,0.0,0.0036,0.0,0.494,0.5065
elevators-opt11-strips-p14,0,False,89,372,592,1062,0,1384,0,0,318,0,1791,0,2034,,0.0,33.0,1e+20,33,0.0061,0.0023,0.0,0.0015,0.0,0.0065,0.0,0.8704,0.8808
elevators-opt11-strips-p15,0,False,80,314,495,905,0,1207,0,0,527,0,795,0,6553,,0.0,48.0,1e+20,48,0.007,0.0019,0.0,0.0022,0.0,0.0078,0.0,0.8634,0.8752
elevators-opt11-strips-p16,0,False,82,281,408,787,0,1051,0,0,207,0,2932,0,2855,,0.0,44.0,1e+20,44,0.0066,0.0018,0.0,0.0015,0.0,0.0049,0.0,0.6938,0.7043
elevators-opt11-strips-p17,0,False,96,313,443,869,0,1163,0,0,260,0,330,0,953,,0.0,57.0,1e+20,57,0.0072,0.0023,0.0,0.0015,0.0,0.0066,0.0,0.2138,0.2254
elevators-opt11-strips-p18,0,False,106,409,637,1172,0,1604,0,0,168,0,1012,0,937,,0.0,44.0,1e+20,44,0.0077,0.0033,0.0,0.0019,0.0,0.0036,0.0,0.2712,0.2846
elevators-opt11-strips-p19,0,False,78,277,425,793,0,1073,0,0,226,0,499,0,998,,0.0,46.0,1e+20,46,0.0062,0.0017,0.0,0.0014,0.0,0.0036,0.0,0.2215,0.2313
elevators-opt11-strips-p20,0,False,91,394,604,1102,0,1481,0,0,642,0,358,0,11932,,0.0,49.0,1e+20,49,0.0696,0.0024,0.0,0.0023,0.0,0.0166,0.0,3.6197,3.6948
elevators-sat08-strips-p01,0,False,60,268,424,766,0,1019,0,0,200,0,357453,0,359418,,0.0,42.0,1e+20,42,0.0072,0.0014,0.0,0.0018,0.0,0.0055,0.0,30.7776,30.7887
elevators-sat08-strips-p02,0,False,71,326,528,940,0,1246,0,0,139,0,1435,0,1280,,0.0,37.0,1e+20,37,0.0079,0.0018,0.0,0.0024,0.0,0.0026,0.0,0.3246,0.3372
elevators-sat08-strips-p03,0,False,86,376,596,1070,0,1389,0,0,168,0,1517,0,1278,,0.0,43.0,1e+20,43,0.0078,0.0023,0.0,0.0019,0.0,0.0032,0.0,0.4811,0.4937
elevators-sat08-strips-p04,0,False,92,427,685,1222,0,1622,0,0,304,0,1973,0,3698,,0.0,48.0,1e+20,48,0.0075,0.0028,0.0,0.0028,0.0,0.0063,0.0,1.2764,1.2904
elevators-sat08-strips-p05,0,False,106,480,788,1390,0,1838,0,0,366,0,4506,0,4257,,0.0,43.0,1e+20,43,0.0089,0.0035,0.0,0.0022,0.0,0.0085,0.0,1.6791,1.6942
elevators-sat08-strips-p06,0,False,110,560,918,1612,0,2136,0,0,210,0,60,0,3038,,0.0,48.0,1e+20,48,0.0089,0.0042,0.0,0.0022,0.0,0.0045,0.0,0.7,0.7159
elevators-sat08-strips-p07,0,False,121,607,999,1752,0,2350,0,0,524,0,1465,0,1489,,0.0,48.0,1e+20,48,0.0113,0.005,0.0,0.0025,0.0,0.0124,0.0,1.5578,1.5772
elevators-sat08-strips-p08,0,False,130,641,1059,1858,0,2459,0,0,357,0,24626,0,24646,,0.0,48.0,1e+20,48,0.0104,0.0059,0.0,0.0024,0.0,0.0098,0.0,7.2736,7.2931
elevators-sat08-strips-p09,0,False,146,709,1173,2052,0,2751,0,0,445,0,1126,0,1481,,0.0,48.0,1e+20,48,0.0104,0.0065,0.0,0.0032,0.0,0.0101,0.0,1.8914,1.9132
elevators-sat08-strips-p10,0,False,149,771,1281,2234,0,3022,0,0,285,0,1985,0,2480,,0.0,43.0,1e+20,43,0.011,0.0075,0.0,0.0024,0.0,0.0068,0.0,1.2438,1.2654
elevators-sat08-strips-p11,0,False,171,777,1189,2164,0,2843,0,0,179,0,729,0,901,,0.0,64.0,1e+20,64,0.0142,0.0096,0.0,0.0024,0.0,0.0046,0.0,0.4433,0.4702
elevators-sat08-strips-p12,0,False,204,910,1430,2578,0,3413,0,0,274,0,1151,0,1264,,0.0,81.0,1e+20,81,0.0159,0.0137,0.0,0.0036,0.0,0.0074,0.0,0.7255,0.7594
elevators-sat08-strips-p13,0,False,244,1092,1714,3084,0,4002,0,0,816,0,1141,0,2499,,0.0,81.0,1e+20,81,0.0179,0.0192,0.0,0.0033,0.0,0.0328,0.0,2.407,2.4482
elevators-sat08-strips-p14,0,False,274,1139,1853,3310,0,4423,0,0,847,0,4437,0,5324,,0.0,85.0,1e+20,85,0.0199,0.0246,0.0,0.0042,0.0,0.0475,0.0,3.791,3.8407
elevators-sat08-strips-p15,0,False,313,1334,2174,3866,0,5129,0,0,579,0,636,0,2153,,0.0,91.0,1e+20,91,0.0229,0.0317,0.0,0.0053,0.0,0.0359,0.0,2.0786,2.1393
elevators-sat08-strips-p16,0,False,352,1470,2378,4246,0,5634,0,0,762,0,869,0,4134,,0.0,81.0,1e+20,81,0.0261,0.0373,0.0,0.0051,0.0,0.0343,0.0,3.4951,3.5676
elevators-sat08-strips-p17,0,False,384,1595,2611,4644,0,6153,0,0,480,0,254,0,779,,0.0,91.0,1e+20,91,0.0294,0.0468,0.0,0.0068,0.0,0.0264,0.0,0.8046,0.8884
elevators-sat08-strips-p18,0,False,416,1850,3018,5346,0,7173,0,0,574,0,1746,0,2067,,0.0,90.0,1e+20,90,0.034,0.0568,0.0,0.0064,0.0,0.0285,0.0,2.7842,2.8826
elevators-sat08-strips-p19,0,False,449,2022,3260,5800,0,7633,0,0,1171,0,575,0,3162,,0.0,96.0,1e+20,96,0.0375,0.0662,0.0,0.0079,0.0,0.0628,0.0,4.6674,4.7798
elevators-sat08-strips-p20,0,False,496,2227,3587,6372,0,8408,0,0,678,0,625,0,1969,,0.0,96.0,1e+20,96,0.0422,0.079,0.0,0.0101,0.0,0.0384,0.0,3.3034,3.4356
elevators-sat08-strips-p21,0,False,363,2190,3550,6148,0,7798,0,0,1267,0,170,0,2246,,0.0,102.0,1e+20,102,0.0341,0.0521,0.0,0.0067,0.0,0.0449,0.0,4.7685,4.8623
elevators-sat08-strips-p22,0,False,445,2316,3896,6707,0,8524,0,0,1369,0,4100,0,17141,,0.0,114.0,1e+20,114,0.0413,0.0792,0.0,0.0082,0.0,0.1268,0.0,19.5449,19.6746
elevators-sat08-strips-p23,0,False,527,3078,5134,8794,0,11078,0,0,1885,0,506,0,18782,,0.0,112.0,1e+20,112,0.0537,0.1145,0.0,0.0113,0.0,0.1744,0.0,32.0597,32.2402
elevators-sat08-strips-p24,0,False,605,3333,5693,9695,0,12469,0,0,2124,0,12671,0,19711,,0.0,124.0,1e+20,124,0.0674,0.1537,0.0,0.0137,0.0,0.2121,0.0,41.4689,41.705
elevators-sat08-strips-p25,0,False,679,3842,6510,11108,0,14101,0,0,1963,0,7748,0,12239,,0.0,134.0,1e+20,134,0.0819,0.195,0.0,0.0171,0.0,0.1491,0.0,29.9872,30.2825
elevators-sat08-strips-p26,0,False,769,4665,7697,13205,0,16659,0,0,2851,0,6924,0,18473,,0.0,134.0,1e+20,134,0.1084,0.2533,0.0,0.0212,0.0,0.2288,0.0,57.4063,57.7906
elevators-sat08-strips-p27,0,False,844,4864,8272,14066,0,17886,0,0,2804,0,4512,0,12537,,0.0,129.0,1e+20,129,0.1164,0.2922,0.0,0.0242,0.0,0.2595,0.0,39.9985,40.4327
elevators-sat08-strips-p28,0,False,924,5315,9059,15391,0,19633,0,0,3316,0,13259,0,24989,,0.0,144.0,1e+20,144,0.1341,0.3545,0.0,0.0283,0.0,0.3962,0.0,84.7866,85.3051
elevators-sat08-strips-p29,0,False,1009,5562,9438,16104,0,20469,0,0,3084,0,7664,0,24947,,0.0,134.0,1e+20,134,0.1556,0.4195,0.0,0.0313,0.0,0.2945,0.0,90.992,91.6003
elevators-sat08-strips-p30,0,False,1085,6345,10689,18225,0,23056,0,0,3574,0,25983,0,37792,,0.0,139.0,1e+20,139,0.1777,0.5065,0.0,0.0376,0.0,0.5525,0.0,146.1594,146.8831
elevators-sat11-strips-p01,0,False,274,1139,1853,3310,0,4423,0,0,847,0,4441,0,5324,,0.0,85.0,1e+20,85,0.0197,0.0239,0.0,0.0038,0.0,0.0473,0.0,3.7968,3.8452
elevators-sat11-strips-p02,0,False,605,3333,5693,9695,0,12469,0,0,2124,0,12671,0,19711,,0.0,124.0,1e+20,124,0.0692,0.1537,0.0,0.0142,0.0,0.2075,0.0,41.4479,41.6862
elevators-sat11-strips-p03,0,False,769,4665,7697,13205,0,16659,0,0,2851,0,6924,0,18473,,0.0,134.0,1e+20,134,0.0976,0.2547,0.0,0.0224,0.0,0.2347,0.0,57.3916,57.7678
elevators-sat11-strips-p04,0,False,496,2227,3587,6372,0,8408,0,0,678,0,625,0,1969,,0.0,96.0,1e+20,96,0.0395,0.0789,0.0,0.009,0.0,0.0382,0.0,3.3,3.4283
elevators-sat11-strips-p05,0,False,416,1850,3018,5346,0,7173,0,0,574,0,1746,0,2067,,0.0,90.0,1e+20,90,0.0317,0.0573,0.0,0.0066,0.0,0.0284,0.0,2.783,2.8797
elevators-sat11-strips-p06,0,False,844,4864,8272,14066,0,17886,0,0,2804,0,4512,0,12537,,0.0,129.0,1e+20,129,0.1154,0.3,0.0,0.0239,0.0,0.2593,0.0,40.0328,40.4736
elevators-sat11-strips-p07,0,False,679,3842,6510,11108,0,14101,0,0,1963,0,7748,0,12239,,0.0,134.0,1e+20,134,0.0815,0.1944,0.0,0.0165,0.0,0.1499,0.0,30.162,30.456
elevators-sat11-strips-p08,0,False,924,5315,9059,15391,0,19633,0,0,3316,0,13259,0,24989,,0.0,144.0,1e+20,144,0.1346,0.3567,0.0,0.0285,0.0,0.3892,0.0,84.4333,84.9548
elevators-sat11-strips-p09,0,False,1009,5562,9438,16104,0,20469,0,0,3084,0,7664,0,24947,,0.0,134.0,1e+20,134,0.1564,0.4304,0.0,0.0314,0.0,0.3017,0.0,91.4762,92.0963
elevators-sat11-strips-p10,0,False,1085,6345,10689,18225,0,23056,0,0,3574,0,25983,0,37792,,0.0,139.0,1e+20,139,0.1801,0.4921,0.0,0.0379,0.0,0.5566,0.0,146.5966,147.3086
elevators-sat11-strips-p11,2,False,1270,12564,22532,36472,0,45096,0,0,8033,0,1620,0,79867,,0.0,128.333,1e+20,185,0.3443,1.0174,0.0,0.0832,0.0,1.0947,0.0,898.5812,900.0807
elevators-sat11-strips-p12,2,False,1357,13378,23946,38796,0,48290,0,0,10551,0,7783,0,84507,,0.0,123.0,1e+20,199,0.3911,1.1676,0.0,0.0948,0.0,2.2345,0.0,898.3776,900.1498
elevators-sat11-strips-p13,2,False,1451,14533,26053,42154,0,52483,0,0,10045,0,4256,0,76300,,0.0,131.857,1e+20,188,0.4402,1.3836,0.0,0.122,0.0,1.6678,0.0,898.1076,900.1013
elevators-sat11-strips-p14,2,False,1537,15673,28145,45482,0,56323,0,0,10036,0,3099,0,71355,,0.0,127.8,1e+20,243,0.4897,1.557,0.0,0.1238,0.0,1.5678,0.0,897.8799,900.1366
elevators-sat11-strips-p15,2,False,1635,16528,29712,48000,0,59351,0,0,10793,0,1121,0,67396,,0.0,123.731,1e+20,205,0.5642,1.753,0.0,0.1357,0.0,1.524,0.0,897.5858,900.0961
elevators-sat11-strips-p16,2,False,1908,13619,23819,39470,0,49805,0,0,7460,0,4668,0,85423,,0.0,213.762,1e+20,309,0.5638,1.8227,0.0,0.1238,0.0,1.3072,0.0,897.5078,900.0854
elevators-sat11-strips-p17,2,False,2124,15472,26928,44672,0,56400,0,0,7188,0,7524,0,78327,,0.0,224.75,1e+20,267,0.7186,2.3702,0.0,0.2397,0.0,1.6503,0.0,896.7103,900.1246
elevators-sat11-strips-p18,2,False,2362,17613,30253,50378,0,63393,0,0,9376,0,3251,0,59397,,0.0,202.0,1e+20,370,0.8751,3.0206,0.0,0.1865,0.0,1.7424,0.0,895.9622,900.1154
elevators-sat11-strips-p19,2,False,2588,19342,33302,55396,0,69390,0,0,7563,0,393,0,61146,,0.0,224.0,1e+20,578,1.0106,3.5751,0.0,0.2257,0.0,1.1721,0.0,895.237,900.1275
elevators-sat11-strips-p20,2,False,2817,20197,35357,58546,0,74249,0,0,6550,0,2631,0,48244,,0.0,228.0,1e+20,368,1.1912,4.3589,0.0,0.2613,0.0,1.2977,0.0,894.2323,900.1225
floortile-opt11-strips-opt-p01-001,0,False,25,78,92,207,0,211,0,0,46,0,52,0,0,,0.0,28.0,1e+20,28,0.0056,0.0003,0.0,0.0013,0.0,0.0012,0.0,0.0791,0.0868
floortile-opt11-strips-opt-p01-002,0,False,24,78,90,205,0,208,0,0,3,0,8,0,0,,0.0,25.0,1e+20,25,0.005,0.0003,0.0,0.0013,0.0,0.0002,0.0,0.0154,0.0225
floortile-opt11-strips-opt-p02-003,0,False,32,121,146,314,0,341,0,0,250,0,197,0,675,,0.0,42.0,1e+20,42,0.0177,0.0005,0.0,0.0011,0.0,0.0059,0.0,0.2574,0.2773
floortile-opt11-strips-opt-p02-004,0,False,31,113,127,286,0,295,0,0,69,0,71,0,0,,0.0,34.0,1e+20,34,0.0058,0.0004,0.0,0.0014,0.0,0.0019,0.0,0.1236,0.1317
floortile-opt11-strips-opt-p03-005,0,False,36,148,168,372,0,397,0,0,23,0,17,0,0,,0.0,42.0,1e+20,42,0.0057,0.0006,0.0,0.0011,0.0,0.0005,0.0,0.0342,0.042
floortile-opt11-strips-opt-p03-006,0,False,36,139,162,357,0,377,0,0,31,0,21,0,0,,0.0,43.0,1e+20,43,0.006,0.0006,0.0,0.0014,0.0,0.0007,0.0,0.1036,0.1121
floortile-opt11-strips-opt-p04-007,0,False,40,156,182,399,0,422,0,0,23,0,16,0,0,,0.0,45.0,1e+20,45,0.0064,0.0007,0.0,0.0014,0.0,0.0006,0.0,0.0875,0.0965
floortile-opt11-strips-opt-p04-008,0,False,41,161,195,418,0,453,0,0,115,0,87,0,0,,0.0,49.0,1e+20,49,0.0059,0.0007,0.0,0.0011,0.0,0.0032,0.0,0.168,0.1762
floortile-opt11-strips-opt-p05-009,0,False,48,198,216,486,0,505,0,0,29,0,14,0,0,,0.0,56.0,1e+20,56,0.0062,0.0009,0.0,0.0012,0.0,0.0006,0.0,0.1336,0.1424
floortile-opt11-strips-opt-p05-010,0,False,48,203,229,505,0,534,0,0,105,0,72,0,0,,0.0,57.0,1e+20,57,0.0184,0.0009,0.0,0.0015,0.0,0.0028,0.0,0.068,0.0892
floortile-opt11-strips-opt-p06-011,0,False,56,242,277,605,0,645,0,0,130,0,86,0,55,,0.0,70.0,1e+20,70,0.0064,0.0012,0.0,0.002,0.0,0.0038,0.0,0.1363,0.1465
floortile-opt11-strips-opt-p06-012,0,False,56,249,275,609,0,643,0,0,165,0,113,0,0,,0.0,68.0,1e+20,68,0.0064,0.0012,0.0,0.0015,0.0,0.0054,0.0,0.1395,0.1491
floortile-opt11-strips-opt-p07-013,0,False,60,266,309,667,0,719,0,0,92,0,42,0,0,,0.0,71.0,1e+20,71,0.0066,0.0014,0.0,0.0013,0.0,0.002,0.0,0.133,0.1428
floortile-opt11-strips-opt-p07-014,0,False,61,267,296,654,0,690,0,0,19,0,14,0,0,,0.0,69.0,1e+20,69,0.0067,0.0014,0.0,0.0013,0.0,0.0006,0.0,0.056,0.0659
floortile-opt11-strips-opt-p08-015,0,False,105,473,530,1146,0,1227,0,0,40,0,15,0,0,,0.0,84.0,1e+20,84,0.0092,0.0033,0.0,0.0016,0.0,0.0011,0.0,0.1222,0.1369
floortile-opt11-strips-opt-p08-016,0,False,105,468,533,1144,0,1228,0,0,254,0,165,0,774,,0.0,86.0,1e+20,86,0.0101,0.0033,0.0,0.0015,0.0,0.0095,0.0,0.5196,0.5352
floortile-opt11-strips-opt-p09-017,0,False,161,738,820,1762,0,1885,0,0,328,0,188,0,29,,0.0,94.0,1e+20,94,0.0122,0.0065,0.0,0.002,0.0,0.0141,0.0,0.7186,0.7399
floortile-opt11-strips-opt-p09-018,0,False,160,736,802,1741,0,1845,0,0,394,0,286,0,289,,0.0,95.0,1e+20,95,0.0119,0.0065,0.0,0.0019,0.0,0.0201,0.0,0.6881,0.7091
floortile-opt11-strips-opt-p10-019,0,False,127,581,658,1410,0,1517,0,0,826,0,643,0,7240,,0.0,104.0,1e+20,104,0.009,0.0045,0.0,0.0021,0.0,0.0482,0.0,4.5322,4.5486
floortile-opt11-strips-opt-p10-020,0,False,126,586,664,1421,0,1532,0,0,777,0,615,0,9118,,0.0,104.0,1e+20,104,0.0089,0.0046,0.0,0.0017,0.0,0.0449,0.0,4.4796,4.4956
floortile-opt14-strips-p01-4-3-2,0,False,31,108,134,289,0,309,0,0,65,0,53,0,0,,0.0,36.0,1e+20,36,0.0059,0.0004,0.0,0.0013,0.0,0.0016,0.0,0.1498,0.158
floortile-opt14-strips-p01-4-4-2,0,False,40,164,195,421,0,455,0,0,25,0,18,0,0,,0.0,46.0,1e+20,46,0.0061,0.0007,0.0,0.0015,0.0,0.0007,0.0,0.0982,0.1071
floortile-opt14-strips-p01-5-3-2,0,False,36,141,164,361,0,383,0,0,39,0,46,0,0,,0.0,44.0,1e+20,44,0.0059,0.0006,0.0,0.0013,0.0,0.0014,0.0,0.1263,0.1346
floortile-opt14-strips-p01-5-4-2,0,False,49,205,239,518,0,555,0,0,39,0,26,0,0,,0.0,58.0,1e+20,58,0.0078,0.001,0.0,0.0015,0.0,0.001,0.0,0.0664,0.0771
floortile-opt14-strips-p01-5-5-2,0,False,61,268,307,667,0,716,0,0,46,0,18,0,0,,0.0,69.0,1e+20,69,0.0067,0.0014,0.0,0.0015,0.0,0.0009,0.0,0.1056,0.1157
floortile-opt14-strips-p01-6-4-2,0,False,56,249,271,605,0,634,0,0,110,0,65,0,0,,0.0,68.0,1e+20,68,0.0063,0.0012,0.0,0.0014,0.0,0.003,0.0,0.0761,0.0855
floortile-opt14-strips-p01-6-5-2,0,False,70,319,359,785,0,838,0,0,102,0,47,0,0,,0.0,84.0,1e+20,84,0.007,0.0018,0.0,0.0014,0.0,0.0025,0.0,0.1209,0.1316
floortile-opt14-strips-p02-4-4-2,0,False,41,165,199,426,0,462,0,0,157,0,127,0,280,,0.0,49.0,1e+20,49,0.0237,0.0007,0.0,0.0016,0.0,0.0047,0.0,0.0768,0.1033
floortile-opt14-strips-p02-5-3-2,0,False,36,137,164,357,0,380,0,0,49,0,37,0,0,,0.0,45.0,1e+20,45,0.0051,0.0006,0.0,0.001,0.0,0.0012,0.0,0.1279,0.1352
floortile-opt14-strips-p02-5-4-2,0,False,49,205,239,518,0,557,0,0,383,0,335,0,1993,,0.0,62.0,1e+20,62,0.0065,0.0009,0.0,0.0014,0.0,0.0136,0.0,0.5752,0.5845
floortile-opt14-strips-p02-5-5-2,0,False,60,252,296,640,0,686,0,0,126,0,70,0,0,,0.0,71.0,1e+20,71,0.0067,0.0013,0.0,0.0015,0.0,0.0033,0.0,0.0842,0.0942
floortile-opt14-strips-p02-6-4-2,0,False,57,254,285,625,0,667,0,0,134,0,93,0,0,,0.0,68.0,1e+20,68,0.0065,0.0012,0.0,0.0014,0.0,0.0042,0.0,0.0928,0.1024
floortile-opt14-strips-p02-6-5-2,0,False,70,318,362,787,0,844,0,0,2434,0,2288,0,49440,,0.0,92.0,1e+20,92,0.0097,0.0018,0.0,0.0017,0.0,0.1617,0.0,18.1393,18.1533
floortile-opt14-strips-p03-4-3-2,0,False,30,109,136,292,0,317,0,0,77,0,56,0,0,,0.0,40.0,1e+20,40,0.0093,0.0004,0.0,0.0014,0.0,0.0018,0.0,0.2941,0.3058
floortile-opt14-strips-p03-4-4-2,0,False,40,154,190,406,0,442,0,0,105,0,91,0,0,,0.0,50.0,1e+20,50,0.0077,0.0007,0.0,0.0012,0.0,0.0034,0.0,0.1591,0.1692
floortile-opt14-strips-p03-5-3-2,0,False,36,137,164,357,0,380,0,0,55,0,43,0,0,,0.0,45.0,1e+20,45,0.006,0.0006,0.0,0.0014,0.0,0.0014,0.0,0.1327,0.1412
floortile-opt14-strips-p03-5-4-2,0,False,48,198,233,505,0,540,0,0,80,0,48,0,0,,0.0,58.0,1e+20,58,0.0063,0.0009,0.0,0.0015,0.0,0.0018,0.0,0.0582,0.0676
floortile-opt14-strips-p03-5-5-2,0,False,60,261,292,644,0,679,0,0,48,0,34,0,0,,0.0,69.0,1e+20,69,0.0069,0.0014,0.0,0.0012,0.0,0.0014,0.0,0.0834,0.0934
floortile-opt14-strips-p03-6-4-2,0,False,57,249,284,619,0,662,0,0,660,0,594,0,8234,,0.0,74.0,1e+20,74,0.0067,0.0013,0.0,0.0013,0.0,0.0275,0.0,2.0142,2.0239
floortile-opt14-strips-p03-6-5-2,0,False,70,315,359,781,0,836,0,0,263,0,187,0,823,,0.0,86.0,1e+20,86,0.007,0.0018,0.0,0.0016,0.0,0.0098,0.0,0.2936,0.3046
floortile-sat11-strips-seq-p01-001,0,False,30,106,124,276,0,286,0,0,14,0,22,0,0,,0.0,33.0,1e+20,33,0.0261,0.0004,0.0,0.0013,0.0,0.0006,0.0,0.0266,0.0551
floortile-sat11-strips-seq-p01-002,0,False,30,112,130,288,0,302,0,0,24,0,30,0,0,,0.0,35.0,1e+20,35,0.0203,0.0004,0.0,0.0013,0.0,0.0008,0.0,0.2125,0.235
floortile-sat11-strips-seq-p02-003,0,False,36,140,164,360,0,383,0,0,39,0,32,0,0,,0.0,44.0,1e+20,44,0.0218,0.0006,0.0,0.0013,0.0,0.001,0.0,0.1021,0.1266
floortile-sat11-strips-seq-p02-004,0,False,37,148,174,378,0,405,0,0,264,0,215,0,849,,0.0,50.0,1e+20,50,0.0055,0.0006,0.0,0.0011,0.0,0.0073,0.0,0.3843,0.392
floortile-sat11-strips-seq-p03-005,0,False,40,155,177,393,0,410,0,0,16,0,17,0,0,,0.0,44.0,1e+20,44,0.0056,0.0007,0.0,0.0013,0.0,0.0005,0.0,0.0536,0.0617
floortile-sat11-strips-seq-p03-006,0,False,40,156,187,405,0,434,0,0,29,0,27,0,0,,0.0,45.0,1e+20,45,0.0243,0.0007,0.0,0.0013,0.0,0.0008,0.0,0.0535,0.0803
floortile-sat11-strips-seq-p04-007,0,False,48,205,231,509,0,539,0,0,27,0,22,0,0,,0.0,56.0,1e+20,56,0.0061,0.0009,0.0,0.0011,0.0,0.0009,0.0,0.0396,0.0482
floortile-sat11-strips-seq-p04-008,0,False,48,196,219,488,0,508,0,0,31,0,24,0,0,,0.0,56.0,1e+20,56,0.0231,0.0009,0.0,0.0014,0.0,0.0009,0.0,0.0818,0.1077
floortile-sat11-strips-seq-p05-009,0,False,56,245,268,598,0,626,0,0,106,0,68,0,0,,0.0,68.0,1e+20,68,0.0061,0.0012,0.0,0.0015,0.0,0.003,0.0,0.1135,0.1228
floortile-sat11-strips-seq-p05-010,0,False,56,246,272,603,0,635,0,0,34,0,15,0,0,,0.0,68.0,1e+20,68,0.0054,0.0012,0.0,0.0015,0.0,0.0007,0.0,0.0566,0.0652
floortile-sat11-strips-seq-p06-011,0,False,60,263,303,658,0,706,0,0,41,0,34,0,0,,0.0,70.0,1e+20,70,0.0067,0.0014,0.0,0.0015,0.0,0.0014,0.0,0.052,0.0621
floortile-sat11-strips-seq-p06-012,0,False,61,263,306,661,0,711,0,0,204,0,148,0,438,,0.0,73.0,1e+20,73,0.0069,0.0014,0.0,0.0013,0.0,0.0068,0.0,0.1745,0.1847
floortile-sat11-strips-seq-p07-013,0,False,105,458,506,1106,0,1167,0,0,142,0,100,0,0,,0.0,84.0,1e+20,84,0.0077,0.0032,0.0,0.0016,0.0,0.0055,0.0,0.2313,0.2444
floortile-sat11-strips-seq-p07-014,0,False,106,473,537,1153,0,1238,0,0,357,0,303,0,4197,,0.0,87.0,1e+20,87,0.0082,0.0033,0.0,0.0019,0.0,0.0186,0.0,1.0853,1.0994
floortile-sat11-strips-seq-p08-015,0,False,127,591,664,1426,0,1533,0,0,388,0,233,0,0,,0.0,100.0,1e+20,100,0.011,0.0045,0.0,0.0017,0.0,0.0174,0.0,0.5734,0.5911
floortile-sat11-strips-seq-p08-016,0,False,127,579,655,1405,0,1508,0,0,301,0,167,0,1052,,0.0,102.0,1e+20,102,0.0091,0.0046,0.0,0.0017,0.0,0.0121,0.0,0.707,0.7229
floortile-sat11-strips-seq-p09-017,0,False,144,685,759,1639,0,1755,0,0,112,0,38,0,0,,0.0,113.0,1e+20,113,0.0105,0.006,0.0,0.0019,0.0,0.0031,0.0,0.2701,0.289
floortile-sat11-strips-seq-p09-018,0,False,144,671,731,1596,0,1687,0,0,204,0,154,0,233,,0.0,114.0,1e+20,114,0.0116,0.006,0.0,0.002,0.0,0.0113,0.0,0.5413,0.5615
floortile-sat11-strips-seq-p10-019,0,False,169,822,910,1959,0,2100,0,0,2023,0,1676,0,79473,,0.0,137.0,1e+20,137,0.0111,0.0082,0.0,0.0022,0.0,0.1984,0.0,63.9037,63.9258
floortile-sat11-strips-seq-p10-020,0,False,169,816,887,1929,0,2047,0,0,188,0,48,0,0,,0.0,131.0,1e+20,131,0.0106,0.0077,0.0,0.0022,0.0,0.0045,0.0,0.5116,0.5328
floortile-sat14-strips-p01-4-3-2,0,False,31,108,134,289,0,309,0,0,65,0,53,0,0,,0.0,36.0,1e+20,36,0.0066,0.0004,0.0,0.0013,0.0,0.0016,0.0,0.1505,0.1593
floortile-sat14-strips-p01-5-4-2,0,False,49,205,239,518,0,555,0,0,39,0,26,0,0,,0.0,58.0,1e+20,58,0.0063,0.001,0.0,0.0013,0.0,0.0011,0.0,0.0665,0.0755
floortile-sat14-strips-p01-5-5-2,0,False,61,268,307,667,0,716,0,0,46,0,18,0,0,,0.0,69.0,1e+20,69,0.0065,0.0014,0.0,0.0015,0.0,0.0009,0.0,0.106,0.1159
floortile-sat14-strips-p01-6-4-2,0,False,56,249,271,605,0,634,0,0,110,0,65,0,0,,0.0,68.0,1e+20,68,0.0063,0.0012,0.0,0.0013,0.0,0.003,0.0,0.0762,0.0855
floortile-sat14-strips-p01-6-5-2,0,False,70,319,359,785,0,838,0,0,102,0,47,0,0,,0.0,84.0,1e+20,84,0.0068,0.0018,0.0,0.0016,0.0,0.0025,0.0,0.1224,0.1332
floortile-sat14-strips-p01-6-5-3,0,False,105,465,513,1120,0,1184,0,0,38,0,17,0,0,,0.0,84.0,1e+20,84,0.0086,0.0032,0.0,0.002,0.0,0.0011,0.0,0.1479,0.1623
floortile-sat14-strips-p02-5-4-2,0,False,49,205,239,518,0,557,0,0,383,0,335,0,1993,,0.0,62.0,1e+20,62,0.0057,0.0009,0.0,0.0014,0.0,0.0134,0.0,0.574,0.5825
floortile-sat14-strips-p02-6-4-2,0,False,57,254,285,625,0,667,0,0,134,0,93,0,0,,0.0,68.0,1e+20,68,0.0062,0.0012,0.0,0.0011,0.0,0.0042,0.0,0.0926,0.1017
floortile-sat14-strips-p02-6-5-2,0,False,70,318,362,787,0,844,0,0,2432,0,2286,0,49440,,0.0,92.0,1e+20,92,0.009,0.0018,0.0,0.0016,0.0,0.1608,0.0,18.1594,18.1726
floortile-sat14-strips-p02-6-5-3,0,False,105,469,530,1142,0,1222,0,0,94,0,60,0,0,,0.0,84.0,1e+20,84,0.0082,0.0033,0.0,0.0019,0.0,0.0036,0.0,0.1388,0.1528
floortile-sat14-strips-p03-6-4-2,0,False,57,249,284,619,0,662,0,0,660,0,594,0,8234,,0.0,74.0,1e+20,74,0.0063,0.0013,0.0,0.0012,0.0,0.0276,0.0,2.0184,2.0277
floortile-sat14-strips-p03-6-5-2,0,False,70,315,359,781,0,836,0,0,263,0,187,0,823,,0.0,86.0,1e+20,86,0.0077,0.0018,0.0,0.0016,0.0,0.0099,0.0,0.2937,0.3054
floortile-sat14-strips-p03-6-5-3,0,False,106,471,535,1149,0,1232,0,0,214,0,124,0,201,,0.0,85.0,1e+20,85,0.0077,0.0033,0.0,0.0016,0.0,0.0075,0.0,0.4548,0.468
floortile-sat14-strips-p04-5-4-2,0,False,49,207,241,522,0,562,0,0,368,0,318,0,1826,,0.0,63.0,1e+20,63,0.0064,0.0009,0.0,0.0017,0.0,0.0131,0.0,0.338,0.3479
floortile-sat14-strips-p04-5-5-2,0,False,62,276,317,685,0,739,0,0,3581,0,3477,0,89008,,0.0,79.0,1e+20,79,0.0132,0.0014,0.0,0.0014,0.0,0.2349,0.0,39.4317,39.4482
floortile-sat14-strips-p04-6-5-2,0,False,71,324,366,797,0,854,0,0,1053,0,949,0,10817,,0.0,89.0,1e+20,89,0.0087,0.0018,0.0,0.0013,0.0,0.0543,0.0,2.5909,2.6032
floortile-sat14-strips-p04-6-5-3,0,False,106,471,523,1136,0,1205,0,0,40,0,18,0,0,,0.0,84.0,1e+20,84,0.0076,0.0032,0.0,0.0016,0.0,0.0011,0.0,0.1258,0.1386
floortile-sat14-strips-p05-4-3-2,0,False,30,112,132,291,0,311,0,0,1,0,5,0,0,,0.0,33.0,1e+20,33,0.006,0.0005,0.0,0.0012,0.0,0.0001,0.0,0.0094,0.0174
floortile-sat14-strips-p05-6-5-2,0,False,70,318,344,768,0,805,0,0,73,0,29,0,0,,0.0,84.0,1e+20,84,0.0074,0.0018,0.0,0.0015,0.0,0.0015,0.0,0.1192,0.1303
floortile-sat14-strips-p05-6-5-3,0,False,106,485,531,1158,0,1227,0,0,16,0,9,0,0,,0.0,84.0,1e+20,84,0.0084,0.0032,0.0,0.0016,0.0,0.0006,0.0,0.1406,0.1544
freecell-p01,0,True,27,176,558,787,0,972,0,0,6,0,12,0,0,,0.0,8.0,1e+20,8,0.0088,0.0016,0.0,0.0014,0.0,0.0004,0.0,0.0243,0.0367
freecell-p02,0,True,43,367,1094,1541,0,1913,0,0,491,0,381,0,393,,0.0,14.0,1e+20,14,0.0099,0.0041,0.0,0.0022,0.0,0.0203,0.0,0.1975,0.2142
freecell-p03,0,True,59,522,1473,2103,0,2648,0,0,84,0,84,0,0,,0.0,18.0,1e+20,18,0.0157,0.0086,0.0,0.0025,0.0,0.0046,0.0,0.1801,0.2075
freecell-p04,0,True,72,566,1514,2214,0,2990,0,0,738,0,373,0,1674,,0.0,26.0,1e+20,26,0.0163,0.0103,0.0,0.0025,0.0,0.0389,0.0,0.8021,0.8319
freecell-p05,0,True,93,1080,2990,4236,0,5151,0,0,14291,0,6655,0,104300,,0.0,30.0,1e+20,30,0.0239,0.0214,0.0,0.0042,0.0,1.1449,0.0,345.7888,345.8392
freecell-p06,0,True,108,1517,4156,5866,0,7070,0,0,2545,0,1237,0,16270,,0.0,34.0,1e+20,34,0.0299,0.0321,0.0,0.0052,0.0,0.2064,0.0,9.1967,9.2649
freecell-p07,2,True,109,1434,3974,5603,0,6808,0,0,37407,0,10198,0,99181,,0.0,36.5,1e+20,40,0.0285,0.0365,0.0,0.0052,0.0,2.3438,0.0,899.9404,900.0228
freecell-p08,2,True,127,1961,5410,7596,0,9147,0,0,36882,0,12045,0,86660,,0.0,43.0,1e+20,45,0.0391,0.0515,0.0,0.0071,0.0,3.2891,0.0,899.9163,900.0369
freecell-p09,2,True,128,1969,5359,7554,0,9100,0,0,28410,0,7646,0,95205,,0.0,38.0,1e+20,41,0.0382,0.0549,0.0,0.0068,0.0,1.9692,0.0,899.9129,900.0274
freecell-p10,2,True,144,2561,6980,9795,0,11717,0,0,26205,0,10582,0,68924,,0.0,46.0,1e+20,48,0.0522,0.0783,0.0,0.009,0.0,3.2154,0.0,899.8988,900.0541
freecell-p11,2,True,146,2579,6957,9792,0,11759,0,0,33979,0,7099,0,53795,,0.0,45.0,1e+20,53,0.0711,0.0799,0.0,0.0094,0.0,2.3902,0.0,899.87,900.0625
freecell-p12,2,True,144,2547,6914,9715,0,11665,0,0,32033,0,7588,0,88073,,0.0,43.2,1e+20,46,0.071,0.0803,0.0,0.0093,0.0,2.1739,0.0,899.8487,900.0232
freecell-p13,2,True,162,3607,10043,13933,0,16015,0,0,26894,0,5677,0,26798,,0.0,48.0,1e+20,81,0.0854,0.1268,0.0,0.0132,0.0,1.9351,0.0,899.8139,900.0518
freecell-p14,2,True,162,3620,10066,13969,0,16013,0,0,26470,0,5071,0,33362,,0.0,49.0,1e+20,65,0.085,0.1195,0.0,0.0135,0.0,1.8847,0.0,899.807,900.0456
freecell-p15,2,True,179,4016,10768,15097,0,17948,0,0,25824,0,5414,0,27049,,0.0,55.0,1e+20,78,0.1054,0.16,0.0,0.0152,0.0,2.2071,0.0,899.7479,900.0449
freecell-p16,2,True,178,4434,12304,17049,0,19515,0,0,21851,0,5904,0,34104,,0.0,55.0,1e+20,63,0.106,0.1698,0.0,0.0173,0.0,2.4966,0.0,899.7429,900.0946
freecell-p17,2,True,196,5384,14875,20600,0,23515,0,0,20112,0,4661,0,35421,,0.0,59.0,1e+20,67,0.1315,0.3272,0.0,0.022,0.0,2.2596,0.0,899.5386,900.1688
freecell-p18,2,True,198,4850,12981,18175,0,21581,0,0,26176,0,4262,0,20115,,0.0,65.0,1e+20,4810,0.1306,0.2229,0.0,0.0201,0.0,1.968,0.0,899.6488,900.0367
freecell-p19,2,True,216,5773,15251,21398,0,25416,0,0,27730,0,3775,0,21524,,0.0,67.8,1e+20,234,0.1641,0.3114,0.0,0.0241,0.0,2.2529,0.0,902.7005,903.3806
freecell-p20,2,True,214,5734,15263,21369,0,25403,0,0,16857,0,2390,0,20899,,0.0,62.208,1e+20,285,0.1649,0.3281,0.0,0.0245,0.0,1.2327,0.0,899.5083,900.0871
freecell-probfreecell-10-1,2,True,168,4367,11843,16500,0,19524,0,0,22631,0,3818,0,27405,,0.0,49.1,1e+20,69,0.1069,0.1782,0.0,0.0163,0.0,1.5715,0.0,899.722,900.0365
freecell-probfreecell-10-2,2,True,167,4371,11776,16436,0,19432,0,0,27839,0,6090,0,26258,,0.0,51.0,1e+20,76,0.1197,0.1838,0.0,0.0167,0.0,2.7302,0.0,899.7064,900.1534
freecell-probfreecell-10-3,0,True,167,4862,13493,18643,0,21198,0,0,623,0,138,0,236,,0.0,49.0,1e+20,49,0.3601,0.2433,0.0,0.0185,0.0,0.0554,0.0,2.4685,3.0925
freecell-probfreecell-10-4,2,True,168,4882,13430,18601,0,21162,0,0,26669,0,5623,0,29531,,0.0,50.0,1e+20,62,0.1222,0.1851,0.0,0.0185,0.0,2.6732,0.0,899.7157,900.1566
freecell-probfreecell-10-5,2,True,169,4905,13520,18715,0,21282,0,0,27153,0,4504,0,20912,,0.0,49.0,1e+20,4858,0.1206,0.2445,0.0,0.02,0.0,2.0802,0.0,899.6392,900.1059
freecell-probfreecell-11-1,2,True,184,4844,12967,18129,0,21476,0,0,25219,0,3996,0,30544,,0.0,54.1,1e+20,76,0.1193,0.215,0.0,0.0188,0.0,2.267,0.0,903.8496,905.093
freecell-probfreecell-11-2,0,True,183,4850,12908,18075,0,21398,0,0,15211,0,2882,0,25676,,0.0,57.0,1e+20,57,0.1318,0.2165,0.0,0.019,0.0,1.2448,0.0,719.5486,719.918
freecell-probfreecell-11-3,2,True,184,5387,14741,20445,0,23317,0,0,26007,0,4801,0,22516,,0.0,54.25,1e+20,5347,0.1332,0.3226,0.0,0.0212,0.0,2.3868,0.0,899.5466,900.1203
freecell-probfreecell-11-4,2,True,184,5401,14726,20444,0,23297,0,0,24471,0,4741,0,19122,,0.0,57.0,1e+20,5346,0.1315,0.2352,0.0,0.0208,0.0,2.2645,0.0,899.6494,900.0849
freecell-probfreecell-11-5,2,True,184,4859,13003,18180,0,21518,0,0,21681,0,3649,0,25610,,0.0,57.0,1e+20,128,0.1313,0.2123,0.0,0.0187,0.0,1.6203,0.0,899.6775,900.093
freecell-probfreecell-12-1,2,True,200,5295,14173,19814,0,23513,0,0,23572,0,3858,0,22762,,0.0,59.071,1e+20,90,0.1463,0.2527,0.0,0.0213,0.0,1.8003,0.0,899.6063,900.1558
freecell-probfreecell-12-2,2,True,199,5319,14080,19744,0,23401,0,0,21530,0,3645,0,21048,,0.0,60.0,1e+20,5242,0.1453,0.2549,0.0,0.0212,0.0,1.7002,0.0,899.6126,900.0527
freecell-probfreecell-12-3,2,True,200,5908,16042,22295,0,25453,0,0,25574,0,4838,0,25906,,0.0,61.0,1e+20,5858,0.1467,0.3972,0.0,0.0236,0.0,2.7357,0.0,903.116,904.7061
freecell-probfreecell-12-4,2,True,200,5331,14157,19834,0,23516,0,0,24542,0,3924,0,24191,,0.0,61.0,1e+20,5275,0.1458,0.2765,0.0,0.0215,0.0,2.2937,0.0,903.8537,904.6238
freecell-probfreecell-12-5,2,True,200,5319,14140,19805,0,23489,0,0,22858,0,3577,0,15794,,0.0,62.0,1e+20,5272,0.1478,0.2592,0.0,0.0216,0.0,1.7064,0.0,899.5913,900.0331
freecell-probfreecell-13-1,2,True,216,5755,15336,21465,0,25507,0,0,20550,0,2702,0,29542,,0.0,64.0,1e+20,301,0.1652,0.2921,0.0,0.0244,0.0,1.5735,0.0,903.5224,904.8888
freecell-probfreecell-13-2,2,True,215,5769,15229,21371,0,25380,0,0,23394,0,4238,0,19679,,0.0,66.0,1e+20,5701,0.1644,0.2946,0.0,0.0243,0.0,2.2386,0.0,899.5412,900.1196
freecell-probfreecell-13-3,2,True,215,5767,15265,21405,0,25425,0,0,17905,0,3430,0,17596,,0.0,67.0,1e+20,5708,0.168,0.2951,0.0,0.0244,0.0,1.6819,0.0,899.5728,900.0737
freecell-probfreecell-13-4,2,True,215,5778,15259,21410,0,25423,0,0,25415,0,3425,0,25896,,0.0,66.0,1e+20,5713,0.1644,0.3166,0.0,0.0246,0.0,1.9983,0.0,903.7863,905.3525
freecell-probfreecell-13-5,2,True,216,5766,15307,21447,0,25480,0,0,24034,0,3434,0,21543,,0.0,68.0,1e+20,5728,0.1634,0.2924,0.0,0.0243,0.0,2.0046,0.0,903.9838,904.9043
freecell-probfreecell-2-1,0,True,44,831,2637,3536,0,3756,0,0,0,0,4,0,0,,0.0,9.0,1e+20,9,0.0351,0.0108,0.0,0.004,0.0,0.0004,0.0,0.0656,0.1161
freecell-probfreecell-2-2,0,True,43,813,2680,3561,0,3794,0,0,0,0,5,0,0,,0.0,8.0,1e+20,8,0.0182,0.0101,0.0,0.0033,0.0,0.0005,0.0,0.0613,0.0936
freecell-probfreecell-2-3,0,True,44,848,2672,3589,0,3817,0,0,0,0,5,0,0,,0.0,8.0,1e+20,8,0.0374,0.0112,0.0,0.0033,0.0,0.0005,0.0,0.0709,0.1236
freecell-probfreecell-2-4,0,True,44,832,2716,3616,0,3848,0,0,0,0,5,0,0,,0.0,8.0,1e+20,8,0.0184,0.011,0.0,0.003,0.0,0.0004,0.0,0.0698,0.1029
freecell-probfreecell-2-5,0,True,44,831,2659,3558,0,3768,0,0,0,0,5,0,0,,0.0,9.0,1e+20,9,0.0191,0.0106,0.0,0.0031,0.0,0.0005,0.0,0.0624,0.0958
freecell-probfreecell-3-1,0,True,59,1306,4180,5581,0,6088,0,0,1,0,5,0,0,,0.0,14.0,1e+20,14,0.0261,0.0232,0.0,0.0045,0.0,0.0008,0.0,0.0997,0.1543
freecell-probfreecell-3-2,0,True,58,1286,4162,5542,0,6033,0,0,0,0,5,0,0,,0.0,13.0,1e+20,13,0.0256,0.0212,0.0,0.0043,0.0,0.0006,0.0,0.0985,0.1504
freecell-probfreecell-3-3,0,True,58,1286,4169,5549,0,6031,0,0,0,0,5,0,0,,0.0,12.0,1e+20,12,0.0268,0.0232,0.0,0.0045,0.0,0.0007,0.0,0.0908,0.1461
freecell-probfreecell-3-4,0,True,59,1310,4162,5567,0,6066,0,0,0,0,5,0,0,,0.0,12.0,1e+20,12,0.0255,0.0221,0.0,0.0044,0.0,0.0007,0.0,0.09,0.1427
freecell-probfreecell-3-5,0,True,58,1286,4192,5572,0,6071,0,0,0,0,5,0,0,,0.0,13.0,1e+20,13,0.0253,0.0217,0.0,0.0041,0.0,0.0007,0.0,0.0941,0.1462
freecell-probfreecell-4-1,0,True,75,1819,5917,7861,0,8686,0,0,15244,0,9029,0,207946,,0.0,19.0,1e+20,19,0.0397,0.0348,0.0,0.0058,0.0,1.522,0.0,217.8572,217.9385
freecell-probfreecell-4-2,0,True,74,1798,5522,7442,0,8207,0,0,0,0,5,0,0,,0.0,17.0,1e+20,17,0.035,0.0346,0.0,0.006,0.0,0.0011,0.0,0.1208,0.1971
freecell-probfreecell-4-3,0,True,72,1783,5593,7497,0,8287,0,0,3,0,5,0,0,,0.0,18.0,1e+20,18,0.0343,0.0329,0.0,0.0057,0.0,0.0011,0.0,0.1371,0.2107
freecell-probfreecell-4-4,0,True,75,1818,5498,7439,0,8196,0,0,0,0,6,0,0,,0.0,18.0,1e+20,18,0.0367,0.0347,0.0,0.0055,0.0,0.0011,0.0,0.125,0.2027
freecell-probfreecell-4-5,0,True,72,1802,5630,7553,0,8381,0,0,6995,0,3939,0,44851,,0.0,18.0,1e+20,18,0.0352,0.0329,0.0,0.0058,0.0,0.5842,0.0,30.4876,30.5627
freecell-probfreecell-5-1,0,True,89,2336,7291,9778,0,10921,0,0,6258,0,2146,0,75985,,0.0,24.0,1e+20,24,0.0618,0.0505,0.0,0.0075,0.0,0.417,0.0,525.5735,525.6945
freecell-probfreecell-5-2,0,True,91,2330,6883,9364,0,10388,0,0,4631,0,1782,0,24711,,0.0,23.0,1e+20,23,0.0623,0.0507,0.0,0.0073,0.0,0.3224,0.0,14.8844,15.0062
freecell-probfreecell-5-3,0,True,88,2305,6838,9292,0,10383,0,0,4,0,5,0,0,,0.0,24.0,1e+20,24,0.058,0.0494,0.0,0.0075,0.0,0.0016,0.0,0.1665,0.2826
freecell-probfreecell-5-4,2,True,89,2336,6955,9441,0,10516,0,0,29721,0,21073,0,379744,,0.0,22.0,1e+20,23,0.0604,0.0515,0.0,0.0074,0.0,4.3877,0.0,899.8925,900.0161
freecell-probfreecell-5-5,2,True,89,2318,6963,9431,0,10540,0,0,22775,0,10103,0,75420,,0.0,22.0,1e+20,25,0.0435,0.0501,0.0,0.0078,0.0,2.1713,0.0,899.9309,900.0643
freecell-probfreecell-6-1,2,True,105,2821,8316,11315,0,12729,0,0,32024,0,7947,0,36236,,0.0,27.011,1e+20,38,0.0694,0.0686,0.0,0.0093,0.0,2.2448,0.0,899.8856,900.0987
freecell-probfreecell-6-2,0,True,107,2840,8261,11280,0,12578,0,0,6765,0,2511,0,10230,,0.0,28.0,1e+20,28,0.0719,0.0717,0.0,0.0098,0.0,0.5575,0.0,24.5054,24.6604
freecell-probfreecell-6-3,0,True,104,2818,8220,11215,0,12608,0,0,6,0,5,0,0,,0.0,28.0,1e+20,28,0.0525,0.0692,0.0,0.0094,0.0,0.0021,0.0,0.2123,0.3446
freecell-probfreecell-6-4,2,True,104,2834,8357,11368,0,12737,0,0,29181,0,16097,0,360662,,0.0,27.0,1e+20,28,0.0695,0.069,0.0,0.0096,0.0,4.131,0.0,899.8681,900.0244
freecell-probfreecell-6-5,2,True,105,2857,8308,11343,0,12726,0,0,26218,0,7382,0,40636,,0.0,28.0,1e+20,32,0.0712,0.0717,0.0,0.0095,0.0,1.9123,0.0,899.883,900.0593
freecell-probfreecell-7-1,2,True,121,3361,9597,13164,0,14841,0,0,27459,0,6159,0,28848,,0.0,32.0,1e+20,41,0.0646,0.0934,0.0,0.0112,0.0,1.8434,0.0,899.8541,900.0639
freecell-probfreecell-7-2,0,True,121,3349,9515,13070,0,14763,0,0,12460,0,3617,0,31380,,0.0,34.0,1e+20,34,0.0646,0.1018,0.0,0.0112,0.0,0.9718,0.0,342.0349,342.214
freecell-probfreecell-7-3,0,True,120,3349,9534,13088,0,14762,0,0,11,0,12,0,0,,0.0,32.0,1e+20,32,0.064,0.0928,0.0,0.0111,0.0,0.0038,0.0,0.4948,0.6641
freecell-probfreecell-7-4,2,True,120,3355,9526,13086,0,14737,0,0,19910,0,7042,0,67855,,0.0,33.0,1e+20,35,0.0872,0.0938,0.0,0.0128,0.0,2.4945,0.0,903.6647,905.1033
freecell-probfreecell-7-5,2,True,121,3369,9563,13138,0,14805,0,0,30946,0,7161,0,29716,,0.0,35.0,1e+20,47,0.0641,0.092,0.0,0.0111,0.0,2.2701,0.0,899.8536,900.0356
freecell-probfreecell-8-1,2,True,137,3864,10914,15012,0,16990,0,0,27671,0,5572,0,29894,,0.0,38.0,1e+20,44,0.094,0.1201,0.0,0.0135,0.0,1.9644,0.0,899.7976,900.1238
freecell-probfreecell-8-2,2,True,135,3452,9462,13147,0,15468,0,0,25529,0,6719,0,41096,,0.0,38.0,1e+20,43,0.0748,0.1187,0.0,0.0123,0.0,2.856,0.0,904.1267,905.0047
freecell-probfreecell-8-3,0,True,136,3852,10895,14980,0,16959,0,0,18,0,12,0,0,,0.0,38.0,1e+20,38,0.3039,0.1278,0.0,0.014,0.0,0.0048,0.0,0.5836,1.0309
freecell-probfreecell-8-4,2,True,136,3867,10776,14876,0,16832,0,0,23337,0,6425,0,32765,,0.0,38.0,1e+20,48,0.0788,0.1193,0.0,0.0132,0.0,1.9793,0.0,899.8209,900.048
freecell-probfreecell-8-5,2,True,137,3890,10865,14989,0,16947,0,0,34284,0,7136,0,28347,,0.0,40.0,1e+20,55,0.078,0.1201,0.0,0.0144,0.0,3.3424,0.0,902.9707,903.6938
freecell-probfreecell-9-1,2,True,153,4376,12163,16801,0,19085,0,0,25892,0,4554,0,40295,,0.0,42.1,1e+20,71,0.1084,0.1474,0.0,0.0157,0.0,1.9468,0.0,902.7837,903.9883
freecell-probfreecell-9-2,2,True,150,3898,10556,14714,0,17360,0,0,25780,0,5978,0,31377,,0.0,43.0,1e+20,53,0.1051,0.1521,0.0,0.0139,0.0,2.1848,0.0,899.7534,900.074
freecell-probfreecell-9-3,0,True,152,4373,12196,16830,0,19088,0,0,2406,0,625,0,1342,,0.0,44.0,1e+20,44,0.1055,0.1995,0.0,0.0154,0.0,0.1985,0.0,32.0259,32.348
freecell-probfreecell-9-4,2,True,152,4370,12085,16716,0,18980,0,0,26269,0,6256,0,31905,,0.0,44.0,1e+20,54,0.0927,0.1504,0.0,0.0154,0.0,2.5274,0.0,899.7727,900.1159
freecell-probfreecell-9-5,2,True,153,4402,12184,16848,0,19108,0,0,26985,0,5360,0,30182,,0.0,45.0,1e+20,55,0.1095,0.1562,0.0,0.0168,0.0,2.3372,0.0,899.7428,900.1714
ged-opt14-strips-d-1-2,0,False,47,102,225,375,0,548,0,0,0,0,5,0,0,,0.0,1.0,1e+20,1,0.0232,0.0005,0.0,0.0019,0.0,0.0001,0.0,0.0168,0.0429
ged-opt14-strips-d-1-3,0,False,118,456,1044,1626,0,2327,0,0,9,0,9,0,0,,0.0,1.0,1e+20,1,0.0245,0.0042,0.0,0.0041,0.0,0.0005,0.0,0.0716,0.1049
ged-opt14-strips-d-1-4,0,False,47,102,225,375,0,548,0,0,0,0,5,0,0,,0.0,1.0,1e+20,1,0.0056,0.0005,0.0,0.0013,0.0,0.0001,0.0,0.0168,0.0246
ged-opt14-strips-d-1-8,0,False,151,630,1449,2239,0,3196,0,0,30,0,10,0,0,,0.0,1.0,1e+20,1,0.0093,0.0071,0.0,0.0024,0.0,0.001,0.0,0.1298,0.1491
ged-opt14-strips-d-2-1,0,False,47,102,225,375,0,548,0,0,0,0,5,0,0,,0.0,1.0,1e+20,1,0.0235,0.0005,0.0,0.0023,0.0,0.0001,0.0,0.0169,0.0437
ged-opt14-strips-d-2-3,0,False,89,310,705,1111,0,1596,0,0,14,0,8,0,0,,0.0,1.0,1e+20,1,0.0235,0.0023,0.0,0.0018,0.0,0.0004,0.0,0.0611,0.0893
ged-opt14-strips-d-2-4,0,False,64,192,432,694,0,1003,0,0,8,0,8,0,0,,0.0,1.0,1e+20,1,0.0231,0.0012,0.0,0.0018,0.0,0.0003,0.0,0.0463,0.073
ged-opt14-strips-d-2-8,0,False,230,1062,2457,3759,0,5348,0,0,46,0,14,0,0,,0.0,1.0,1e+20,1,0.0136,0.0172,0.0,0.0043,0.0,0.0025,0.0,0.2487,0.2845
ged-opt14-strips-d-3-1,0,False,118,456,1044,1626,0,2327,0,0,6,0,7,0,0,,0.0,1.0,1e+20,1,0.0093,0.0042,0.0,0.0022,0.0,0.0005,0.0,0.0738,0.0899
ged-opt14-strips-d-3-2,0,False,89,310,705,1111,0,1596,0,0,9,0,9,0,0,,0.0,1.0,1e+20,1,0.0069,0.0024,0.0,0.0016,0.0,0.0004,0.0,0.051,0.0623
ged-opt14-strips-d-3-4,0,False,150,630,1449,2239,0,3196,0,0,60,0,17,0,0,,0.0,1.0,1e+20,1,0.0084,0.0071,0.0,0.0026,0.0,0.0016,0.0,0.1373,0.1559
ged-opt14-strips-d-4-2,0,False,64,192,432,694,0,1003,0,0,15,0,11,0,0,,0.0,1.0,1e+20,1,0.006,0.0012,0.0,0.0014,0.0,0.0004,0.0,0.0464,0.0554
ged-opt14-strips-d-4-3,0,False,150,630,1449,2239,0,3196,0,0,23,0,14,0,0,,0.0,1.0,1e+20,1,0.0092,0.0071,0.0,0.003,0.0,0.0013,0.0,0.1349,0.1547
ged-opt14-strips-d-4-8,0,False,230,1062,2457,3759,0,5348,0,0,49,0,58,0,0,,0.0,1.0,1e+20,1,0.0138,0.0172,0.0,0.004,0.0,0.0033,0.0,0.3682,0.4039
ged-opt14-strips-d-7-5,0,False,151,630,1449,2239,0,3196,0,0,29,0,11,0,0,,0.0,1.0,1e+20,1,0.027,0.007,0.0,0.0025,0.0,0.0011,0.0,0.1117,0.1488
ged-opt14-strips-d-7-6,0,False,119,456,1044,1626,0,2327,0,0,30,0,12,0,0,,0.0,0.0,1e+20,0,0.0243,0.0042,0.0,0.0034,0.0,0.001,0.0,0.1007,0.1332
ged-opt14-strips-d-8-1,0,False,151,630,1449,2239,0,3196,0,0,40,0,14,0,0,,0.0,1.0,1e+20,1,0.0084,0.007,0.0,0.0026,0.0,0.0014,0.0,0.1245,0.143
ged-opt14-strips-d-8-2,0,False,230,1062,2457,3759,0,5348,0,0,43,0,16,0,0,,0.0,1.0,1e+20,1,0.013,0.0171,0.0,0.0039,0.0,0.0024,0.0,0.198,0.2327
ged-opt14-strips-d-8-4,0,False,230,1062,2457,3759,0,5348,0,0,73,0,24,0,0,,0.0,1.0,1e+20,1,0.0128,0.017,0.0,0.0042,0.0,0.0032,0.0,0.2327,0.2674
ged-opt14-strips-d-8-9,0,False,228,1062,2457,3759,0,5348,0,0,31,0,43,0,0,,0.0,1.0,1e+20,1,0.0131,0.0172,0.0,0.0039,0.0,0.003,0.0,0.3417,0.3764
ged-sat14-strips-d-10-1,0,False,695,3910,9129,13759,0,19476,0,0,17,0,1285,0,1245,,0.0,1.0,1e+20,1,0.0454,0.1927,0.0,0.021,0.0,0.0127,0.0,5.4648,5.7251
ged-sat14-strips-d-10-2,0,False,694,3910,9129,13759,0,19476,0,0,28,0,1274,0,1234,,0.0,1.0,1e+20,1,0.0475,0.1929,0.0,0.0244,0.0,0.0142,0.0,5.4546,5.7205
ged-sat14-strips-d-10-3,0,False,769,4392,10260,15450,0,21863,0,0,77,0,22,0,0,,0.0,1.0,1e+20,1,0.0553,0.2378,0.0,0.025,0.0,0.0176,0.0,2.3882,2.7082
ged-sat14-strips-d-10-4,0,False,696,3910,9129,13759,0,19476,0,0,18,0,1270,0,1232,,0.0,1.0,1e+20,1,0.0456,0.1927,0.0,0.0211,0.0,0.0117,0.0,5.4712,5.7421
ged-sat14-strips-d-10-5,0,False,1024,6006,14049,21111,0,29852,0,0,43,0,1330,0,1289,,0.0,1.0,1e+20,1,0.0867,0.4341,0.0,0.0415,0.0,0.0305,0.0,9.2928,9.8567
ged-sat14-strips-d-10-6,0,False,1023,6006,14049,21111,0,29852,0,0,28,0,32,0,0,,0.0,1.0,1e+20,1,0.0858,0.4388,0.0,0.042,0.0,0.0258,0.0,2.9315,3.502
ged-sat14-strips-d-11-1,0,False,774,4392,10260,15450,0,21863,0,0,83,0,10,0,0,,0.0,1.0,1e+20,1,0.0539,0.2412,0.0,0.0254,0.0,0.0151,0.0,3.0621,3.3838
ged-sat14-strips-d-11-3,0,False,772,4392,10260,15450,0,21863,0,0,19,0,1270,0,1229,,0.0,1.0,1e+20,1,0.0555,0.2388,0.0,0.0258,0.0,0.0179,0.0,4.6649,4.9868
ged-sat14-strips-d-11-5,0,False,937,5440,12720,19126,0,27051,0,0,38,0,37,0,0,,0.0,1.0,1e+20,1,0.0738,0.3613,0.0,0.0357,0.0,0.0203,0.0,2.4873,2.9604
ged-sat14-strips-d-11-6,0,False,851,4902,11457,17239,0,24388,0,0,105,0,21,0,0,,0.0,1.0,1e+20,1,0.0631,0.2961,0.0,0.0299,0.0,0.0214,0.0,3.2086,3.6013
ged-sat14-strips-d-12-11,0,False,854,4902,11457,17239,0,24388,0,0,20,0,18,0,0,,0.0,1.0,1e+20,1,0.0619,0.2998,0.0,0.0301,0.0,0.0149,0.0,2.136,2.529
ged-sat14-strips-d-12-2,0,False,1217,7222,16905,25375,0,35868,0,0,16,0,1251,0,1221,,0.0,1.0,1e+20,1,0.1314,0.6252,0.0,0.055,0.0,0.0558,0.0,13.5227,14.3374
ged-sat14-strips-d-12-3,0,False,1316,7872,18432,27654,0,39083,0,0,26,0,1272,0,1243,,0.0,1.0,1e+20,1,0.1319,0.7272,0.0,0.0674,0.0,0.0433,0.0,14.7445,15.6738
ged-sat14-strips-d-12-5,0,False,1420,8550,20025,30031,0,42436,0,0,28,0,1267,0,1236,,0.0,1.0,1e+20,1,0.1508,0.8481,0.0,0.0773,0.0,0.0737,0.0,16.9129,17.9916
ged-sat14-strips-d-12-6,0,False,1213,7222,16905,25375,0,35868,0,0,30,0,1301,0,1270,,0.0,1.0,1e+20,1,0.1133,0.6189,0.0,0.0574,0.0,0.0538,0.0,12.4739,13.2655
ged-sat14-strips-d-12-7,0,False,1315,7872,18432,27654,0,39083,0,0,34,0,1258,0,1226,,0.0,1.0,1e+20,1,0.1333,0.7396,0.0,0.0684,0.0,0.057,0.0,15.231,16.1745
ged-sat14-strips-d-12-8,0,False,1530,9256,21684,32506,0,45927,0,0,37,0,1275,0,1245,,0.0,1.0,1e+20,1,0.1723,1.0037,0.0,0.0966,0.0,0.0679,0.0,22.0755,23.3507
ged-sat14-strips-d-12-9,0,False,1528,9256,21684,32506,0,45927,0,0,37,0,1308,0,1277,,0.0,1.0,1e+20,1,0.1714,0.9963,0.0,0.0971,0.0,0.0624,0.0,20.3881,21.6554
ged-sat14-strips-d-3-6,0,False,775,4392,10260,15450,0,21863,0,0,66,0,10,0,0,,0.0,1.0,1e+20,1,0.0537,0.2417,0.0,0.0258,0.0,0.0148,0.0,2.4411,2.7634
ged-sat14-strips-d-9-5,0,False,856,4902,11457,17239,0,24388,0,0,17,0,1328,0,1289,,0.0,1.0,1e+20,1,0.063,0.2995,0.0,0.0308,0.0,0.0194,0.0,8.14,8.5348
grid-prob01,0,True,42,105,109,265,0,289,0,0,42,0,44,0,0,,0.0,10.0,1e+20,10,0.0169,0.007,0.0,0.0029,0.0,0.0011,0.0,0.0181,0.0453
grid-prob02,0,True,63,204,212,490,0,506,0,0,343,0,252,0,1659,,0.0,20.0,1e+20,20,0.0296,0.0224,0.0,0.0015,0.0,0.009,0.0,0.2107,0.2649
grid-prob03,0,True,95,240,248,602,0,666,0,0,85,0,48,0,0,,0.0,26.0,1e+20,26,0.0509,0.0513,0.0,0.0024,0.0,0.0018,0.0,0.147,0.2524
grid-prob04,0,True,105,419,439,977,0,948,0,0,286,0,159,0,882,,0.0,23.0,1e+20,23,0.1084,0.0693,0.0,0.0016,0.0,0.0071,0.0,0.2148,0.3955
grid-prob05,0,True,158,447,457,1096,0,1220,0,0,936,0,324,0,15226,,0.0,50.0,1e+20,50,0.165,0.2062,0.0,0.0017,0.0,0.0253,0.0,4.0836,4.4583
gripper-prob01,0,True,8,16,25,59,0,54,0,0,0,0,2,0,0,,0.0,9.0,1e+20,9,0.0045,0.0001,0.0,0.001,0.0,0.0,0.0,0.005,0.0109
gripper-prob02,0,True,12,24,37,87,0,80,0,0,0,0,2,0,0,,0.0,13.0,1e+20,13,0.0051,0.0002,0.0,0.0011,0.0,0.0,0.0,0.0053,0.0121
gripper-prob03,0,True,16,32,49,115,0,106,0,0,0,0,2,0,0,,0.0,17.0,1e+20,17,0.0051,0.0002,0.0,0.0009,0.0,0.0,0.0,0.0056,0.0121
gripper-prob04,0,True,20,40,61,143,0,132,0,0,0,0,2,0,0,,0.0,21.0,1e+20,21,0.0057,0.0002,0.0,0.001,0.0,0.0001,0.0,0.0058,0.0132
gripper-prob05,0,True,24,48,73,171,0,158,0,0,0,0,2,0,0,,0.0,25.0,1e+20,25,0.0063,0.0003,0.0,0.0011,0.0,0.0001,0.0,0.0061,0.0142
gripper-prob06,0,True,28,56,85,199,0,184,0,0,0,0,2,0,0,,0.0,29.0,1e+20,29,0.0058,0.0004,0.0,0.0015,0.0,0.0001,0.0,0.0064,0.0144
gripper-prob07,0,True,32,64,97,227,0,210,0,0,0,0,2,0,0,,0.0,33.0,1e+20,33,0.005,0.0005,0.0,0.0013,0.0,0.0001,0.0,0.0067,0.014
gripper-prob08,0,True,36,72,109,255,0,236,0,0,0,0,2,0,0,,0.0,37.0,1e+20,37,0.0059,0.0006,0.0,0.0013,0.0,0.0001,0.0,0.0069,0.015
gripper-prob09,0,True,40,80,121,283,0,262,0,0,0,0,2,0,0,,0.0,41.0,1e+20,41,0.0058,0.0007,0.0,0.0012,0.0,0.0001,0.0,0.0072,0.0153
gripper-prob10,0,True,44,88,133,311,0,288,0,0,0,0,2,0,0,,0.0,45.0,1e+20,45,0.006,0.0008,0.0,0.002,0.0,0.0001,0.0,0.0075,0.0168
gripper-prob11,0,True,48,96,145,339,0,314,0,0,0,0,2,0,0,,0.0,49.0,1e+20,49,0.0056,0.0009,0.0,0.0013,0.0,0.0001,0.0,0.0078,0.0159
gripper-prob12,0,True,52,104,157,367,0,340,0,0,0,0,2,0,0,,0.0,53.0,1e+20,53,0.0061,0.001,0.0,0.0014,0.0,0.0001,0.0,0.008,0.017
gripper-prob13,0,True,56,112,169,395,0,366,0,0,0,0,2,0,0,,0.0,57.0,1e+20,57,0.006,0.0012,0.0,0.0011,0.0,0.0001,0.0,0.0082,0.017
gripper-prob14,0,True,60,120,181,423,0,392,0,0,0,0,2,0,0,,0.0,61.0,1e+20,61,0.0057,0.0013,0.0,0.0015,0.0,0.0001,0.0,0.0086,0.0177
gripper-prob15,0,True,64,128,193,451,0,418,0,0,0,0,2,0,0,,0.0,65.0,1e+20,65,0.0059,0.0015,0.0,0.0014,0.0,0.0001,0.0,0.0088,0.018
gripper-prob16,0,True,68,136,205,479,0,444,0,0,0,0,2,0,0,,0.0,69.0,1e+20,69,0.0062,0.0017,0.0,0.0012,0.0,0.0001,0.0,0.0091,0.0186
gripper-prob17,0,True,72,144,217,507,0,470,0,0,0,0,2,0,0,,0.0,73.0,1e+20,73,0.006,0.0018,0.0,0.0013,0.0,0.0001,0.0,0.0095,0.0191
gripper-prob18,0,True,76,152,229,535,0,496,0,0,0,0,2,0,0,,0.0,77.0,1e+20,77,0.0066,0.0021,0.0,0.0013,0.0,0.0001,0.0,0.0096,0.02
gripper-prob19,0,True,80,160,241,563,0,522,0,0,0,0,2,0,0,,0.0,81.0,1e+20,81,0.0062,0.0023,0.0,0.0013,0.0,0.0001,0.0,0.0098,0.0201
gripper-prob20,0,True,84,168,253,591,0,548,0,0,0,0,2,0,0,,0.0,85.0,1e+20,85,0.0063,0.0024,0.0,0.0015,0.0,0.0001,0.0,0.0103,0.021
hiking-agl14-strips-testing-3-4-3,0,True,17,381,1497,1913,0,1671,0,0,0,0,6,0,0,,0.0,9.0,1e+20,9,0.0201,0.01,0.0,0.0017,0.0,0.0002,0.0,0.0466,0.0792
hiking-agl14-strips-testing-3-4-4,0,True,24,570,2244,2865,0,2517,0,0,0,0,12,0,0,,0.0,13.0,1e+20,13,0.0341,0.0302,0.0,0.0023,0.0,0.0006,0.0,0.1495,0.217
hiking-agl14-strips-testing-3-4-5,0,True,31,759,2991,3817,0,3363,0,0,0,0,10,0,0,,0.0,17.0,1e+20,17,0.0503,0.0731,0.0,0.0029,0.0,0.0005,0.0,0.222,0.3498
hiking-agl14-strips-testing-3-4-6,0,True,38,948,3738,4769,0,4219,0,0,0,0,9,0,0,,0.0,21.0,1e+20,21,0.072,0.1325,0.0,0.0035,0.0,0.0007,0.0,0.3699,0.5798
hiking-agl14-strips-testing-3-4-7,0,True,45,1137,4485,5721,0,5055,0,0,0,0,6,0,0,,0.0,25.0,1e+20,25,0.0997,0.2852,0.0,0.0038,0.0,0.0005,0.0,0.2042,0.5961
hiking-agl14-strips-testing-3-4-8,0,True,52,1326,5232,6673,0,5901,0,0,0,0,6,0,0,,0.0,29.0,1e+20,29,0.1412,0.4879,0.0,0.0045,0.0,0.0006,0.0,0.2033,0.84
hiking-agl14-strips-testing-3-4-9,0,True,59,1515,5979,7625,0,6763,0,0,0,0,6,0,0,,0.0,33.0,1e+20,33,0.1753,0.6653,0.0,0.0053,0.0,0.0009,0.0,0.2192,1.0691
hiking-agl14-strips-testing-4-5-3,0,True,22,1156,4580,5782,0,4862,0,0,0,0,6,0,0,,0.0,11.0,1e+20,11,0.0422,0.0449,0.0,0.0036,0.0,0.0005,0.0,0.1599,0.2519
hiking-agl14-strips-testing-4-5-4,0,True,31,1732,6868,8667,0,7301,0,0,0,0,6,0,0,,0.0,16.0,1e+20,16,0.0768,0.1837,0.0,0.0053,0.0,0.0006,0.0,0.2461,0.514
hiking-agl14-strips-testing-4-5-5,0,True,40,2308,9156,11552,0,9744,0,0,0,0,6,0,0,,0.0,21.0,1e+20,21,0.1322,0.4893,0.0,0.0065,0.0,0.0009,0.0,0.2892,0.9205
hiking-agl14-strips-testing-4-5-6,0,True,49,2884,11444,14437,0,12197,0,0,0,0,7,0,0,,0.0,26.0,1e+20,26,0.2031,0.8659,0.0,0.011,0.0,0.0016,0.0,0.4186,1.5055
hiking-agl14-strips-testing-4-5-7,0,True,58,3460,13732,17322,0,14642,0,0,0,0,6,0,0,,0.0,31.0,1e+20,31,0.2952,1.6538,0.0,0.0103,0.0,0.0019,0.0,0.4612,2.4278
hiking-agl14-strips-testing-4-5-8,0,True,67,4036,16020,20207,0,17073,0,0,0,0,6,0,0,,0.0,36.0,1e+20,36,0.3973,3.6447,0.0,0.0127,0.0,0.0016,0.0,0.5188,4.5834
hiking-agl14-strips-testing-4-5-9,0,True,76,4612,18308,23092,0,19516,0,0,0,0,7,0,0,,0.0,41.0,1e+20,41,0.7872,6.1217,0.0,0.0141,0.0,0.0023,0.0,0.6952,7.6313
hiking-agl14-strips-testing-5-6-3,0,True,27,2755,10955,13767,0,11365,0,0,0,0,6,0,0,,0.0,13.0,1e+20,13,0.0912,0.1852,0.0,0.0075,0.0,0.0012,0.0,0.3574,0.6435
hiking-agl14-strips-testing-5-6-4,0,True,38,4130,16430,20643,0,17065,0,0,0,0,6,0,0,,0.0,19.0,1e+20,19,0.1781,0.7156,0.0,0.0117,0.0,0.0019,0.0,0.501,1.411
hiking-agl14-strips-testing-5-6-5,0,True,49,5505,21905,27519,0,22757,0,0,0,0,6,0,0,,0.0,25.0,1e+20,25,0.3137,2.4269,0.0,0.0155,0.0,0.0019,0.0,0.5259,3.2904
hiking-agl14-strips-testing-5-6-6,0,True,60,6880,27380,34395,0,28475,0,0,0,0,6,0,0,,0.0,31.0,1e+20,31,0.4689,3.9042,0.0,0.0221,0.0,0.0062,0.0,0.8744,5.2814
hiking-agl14-strips-testing-5-6-7,0,True,71,8255,32855,41271,0,34189,0,0,0,0,6,0,0,,0.0,37.0,1e+20,37,0.675,8.3937,0.0,0.0284,0.0,0.012,0.0,0.9631,10.077
hiking-agl14-strips-testing-5-6-8,0,True,82,9630,38330,48147,0,39851,0,0,0,0,6,0,0,,0.0,43.0,1e+20,43,0.9408,18.8689,0.0,0.0338,0.0,0.0039,0.0,0.8828,20.7478
hiking-opt14-strips-ptesting-1-2-3,0,True,4,9,35,59,0,73,0,0,0,0,4,0,0,,0.0,5.0,1e+20,5,0.0049,0.0001,0.0,0.0012,0.0,0.0001,0.0,0.0036,0.0102
hiking-opt14-strips-ptesting-1-2-4,0,True,6,7,34,63,0,89,0,0,0,0,2,0,0,,0.0,7.0,1e+20,7,0.0065,0.0003,0.0,0.0009,0.0,0.0,0.0,0.0051,0.0131
hiking-opt14-strips-ptesting-1-2-5,0,True,8,17,69,115,0,153,0,0,0,0,4,0,0,,0.0,9.0,1e+20,9,0.0058,0.0005,0.0,0.0012,0.0,0.0001,0.0,0.004,0.012
hiking-opt14-strips-ptesting-1-2-7,0,True,12,13,67,123,0,185,0,0,0,0,2,0,0,,0.0,13.0,1e+20,13,0.0073,0.0014,0.0,0.0011,0.0,0.0001,0.0,0.0053,0.0155
hiking-opt14-strips-ptesting-1-2-8,0,True,14,15,78,143,0,217,0,0,0,0,2,0,0,,0.0,15.0,1e+20,15,0.0085,0.002,0.0,0.001,0.0,0.0,0.0,0.0054,0.0173
hiking-opt14-strips-ptesting-2-2-3,0,True,10,58,218,298,0,306,0,0,0,0,5,0,0,,0.0,7.0,1e+20,7,0.0087,0.001,0.0,0.002,0.0,0.0001,0.0,0.0104,0.0225
hiking-opt14-strips-ptesting-2-2-4,0,True,14,86,326,444,0,466,0,0,0,0,7,0,0,,0.0,10.0,1e+20,10,0.0107,0.0026,0.0,0.0015,0.0,0.0001,0.0,0.0152,0.0305
hiking-opt14-strips-ptesting-2-2-5,0,True,18,114,434,590,0,626,0,0,0,0,6,0,0,,0.0,13.0,1e+20,13,0.0134,0.0057,0.0,0.0014,0.0,0.0001,0.0,0.013,0.0341
hiking-opt14-strips-ptesting-2-2-6,0,True,22,202,722,976,0,976,0,0,0,0,5,0,0,,0.0,16.0,1e+20,16,0.0175,0.0086,0.0,0.0014,0.0,0.0002,0.0,0.0196,0.0477
hiking-opt14-strips-ptesting-2-2-7,0,True,26,170,650,882,0,946,0,0,0,0,10,0,0,,0.0,19.0,1e+20,19,0.0224,0.0189,0.0,0.0013,0.0,0.0003,0.0,0.038,0.0814
hiking-opt14-strips-ptesting-2-2-8,0,True,30,282,1010,1364,0,1372,0,0,0,0,6,0,0,,0.0,22.0,1e+20,22,0.0257,0.0237,0.0,0.0018,0.0,0.0003,0.0,0.0335,0.0854
hiking-opt14-strips-ptesting-2-3-4,0,True,17,122,470,627,0,619,0,0,0,0,6,0,0,,0.0,10.0,1e+20,10,0.012,0.0039,0.0,0.0015,0.0,0.0001,0.0,0.0142,0.0321
hiking-opt14-strips-ptesting-2-3-5,0,True,22,234,842,1122,0,1054,0,0,0,0,6,0,0,,0.0,13.0,1e+20,13,0.0167,0.0086,0.0,0.0014,0.0,0.0002,0.0,0.0284,0.0557
hiking-opt14-strips-ptesting-2-3-6,0,True,27,202,782,1041,0,1031,0,0,0,0,7,0,0,,0.0,16.0,1e+20,16,0.0227,0.0204,0.0,0.0013,0.0,0.0002,0.0,0.0402,0.0853
hiking-opt14-strips-ptesting-2-3-7,0,True,32,242,938,1248,0,1252,0,0,0,0,7,0,0,,0.0,19.0,1e+20,19,0.0277,0.0257,0.0,0.0018,0.0,0.0002,0.0,0.0262,0.082
hiking-opt14-strips-ptesting-2-4-3,0,True,14,106,410,542,0,502,0,0,0,0,6,0,0,,0.0,7.0,1e+20,7,0.0115,0.0023,0.0,0.0012,0.0,0.0001,0.0,0.0154,0.0308
hiking-opt14-strips-ptesting-2-4-4,0,True,20,158,614,810,0,769,0,0,0,0,7,0,0,,0.0,10.0,1e+20,10,0.0149,0.0056,0.0,0.0015,0.0,0.0002,0.0,0.018,0.0405
hiking-opt14-strips-ptesting-2-4-5,0,True,26,210,818,1078,0,1030,0,0,0,0,10,0,0,,0.0,13.0,1e+20,13,0.0197,0.012,0.0,0.0016,0.0,0.0003,0.0,0.0458,0.0798
hiking-opt14-strips-ptesting-2-4-6,0,True,32,382,1382,1826,0,1666,0,0,0,0,9,0,0,,0.0,16.0,1e+20,16,0.0256,0.0244,0.0,0.0019,0.0,0.0004,0.0,0.0755,0.1281
hiking-opt14-strips-ptesting-2-4-7,0,True,38,314,1226,1614,0,1534,0,0,0,0,13,0,0,,0.0,19.0,1e+20,19,0.0357,0.0565,0.0,0.0017,0.0,0.0004,0.0,0.0674,0.1624
hiking-sat14-strips-ptesting-1-2-7,0,True,12,13,67,123,0,185,0,0,0,0,2,0,0,,0.0,13.0,1e+20,13,0.008,0.0014,0.0,0.001,0.0,0.0001,0.0,0.0055,0.0163
hiking-sat14-strips-ptesting-1-2-8,0,True,14,15,78,143,0,217,0,0,0,0,2,0,0,,0.0,15.0,1e+20,15,0.0086,0.0021,0.0,0.001,0.0,0.0,0.0,0.0055,0.0176
hiking-sat14-strips-ptesting-2-2-6,0,True,22,202,722,976,0,976,0,0,0,0,5,0,0,,0.0,16.0,1e+20,16,0.0172,0.009,0.0,0.0015,0.0,0.0002,0.0,0.0198,0.0481
hiking-sat14-strips-ptesting-2-2-7,0,True,26,170,650,882,0,946,0,0,0,0,10,0,0,,0.0,19.0,1e+20,19,0.0212,0.0189,0.0,0.0014,0.0,0.0003,0.0,0.0379,0.0801
hiking-sat14-strips-ptesting-2-2-8,0,True,30,282,1010,1364,0,1372,0,0,0,0,6,0,0,,0.0,22.0,1e+20,22,0.0252,0.0235,0.0,0.0018,0.0,0.0002,0.0,0.0335,0.0847
hiking-sat14-strips-ptesting-2-3-6,0,True,27,202,782,1041,0,1031,0,0,0,0,7,0,0,,0.0,16.0,1e+20,16,0.0211,0.0203,0.0,0.0016,0.0,0.0002,0.0,0.0407,0.0846
hiking-sat14-strips-ptesting-2-3-7,0,True,32,242,938,1248,0,1252,0,0,0,0,7,0,0,,0.0,19.0,1e+20,19,0.0278,0.0257,0.0,0.0018,0.0,0.0002,0.0,0.0261,0.0821
hiking-sat14-strips-ptesting-2-3-8,0,True,37,282,1094,1455,0,1463,0,0,0,0,6,0,0,,0.0,22.0,1e+20,22,0.0369,0.0408,0.0,0.0016,0.0,0.0002,0.0,0.0289,0.1091
hiking-sat14-strips-ptesting-2-4-5,0,True,26,210,818,1078,0,1030,0,0,0,0,10,0,0,,0.0,13.0,1e+20,13,0.0196,0.0121,0.0,0.0016,0.0,0.0003,0.0,0.0459,0.0799
hiking-sat14-strips-ptesting-2-4-6,0,True,32,382,1382,1826,0,1666,0,0,0,0,9,0,0,,0.0,16.0,1e+20,16,0.0262,0.0244,0.0,0.0017,0.0,0.0004,0.0,0.0755,0.1285
hiking-sat14-strips-ptesting-2-4-7,0,True,38,314,1226,1614,0,1534,0,0,0,0,13,0,0,,0.0,19.0,1e+20,19,0.0367,0.0564,0.0,0.0018,0.0,0.0005,0.0,0.0676,0.1635
hiking-sat14-strips-ptesting-2-4-8,0,True,44,366,1430,1882,0,1813,0,0,0,0,13,0,0,,0.0,22.0,1e+20,22,0.0466,0.0644,0.0,0.0018,0.0,0.0005,0.0,0.1019,0.216
hiking-sat14-strips-ptesting-3-3-5,0,True,27,579,2271,2913,0,2639,0,0,0,0,8,0,0,,0.0,17.0,1e+20,17,0.0399,0.0431,0.0,0.0022,0.0,0.0004,0.0,0.1772,0.2636
hiking-sat14-strips-ptesting-3-3-6,0,True,33,948,3513,4539,0,3984,0,0,0,0,7,0,0,,0.0,21.0,1e+20,21,0.0545,0.0986,0.0,0.003,0.0,0.0006,0.0,0.2812,0.4388
hiking-sat14-strips-ptesting-3-3-7,0,True,39,1137,4215,5445,0,4785,0,0,0,0,4,0,0,,0.0,25.0,1e+20,25,0.0769,0.1828,0.0,0.0039,0.0,0.0006,0.0,0.1787,0.4444
hiking-sat14-strips-ptesting-3-3-8,0,True,45,1011,3972,5091,0,4634,0,0,0,0,6,0,0,,0.0,29.0,1e+20,29,0.1034,0.2528,0.0,0.0035,0.0,0.0006,0.0,0.2027,0.5648
hiking-sat14-strips-ptesting-3-4-5,0,True,31,759,2991,3817,0,3363,0,0,0,0,11,0,0,,0.0,17.0,1e+20,17,0.0507,0.0732,0.0,0.0026,0.0,0.0006,0.0,0.2089,0.3368
hiking-sat14-strips-ptesting-3-4-6,0,True,38,948,3738,4769,0,4219,0,0,0,0,6,0,0,,0.0,21.0,1e+20,21,0.0749,0.1328,0.0,0.0033,0.0,0.0005,0.0,0.1624,0.3754
hiking-sat14-strips-ptesting-3-4-7,0,True,45,1137,4485,5721,0,5067,0,0,0,0,7,0,0,,0.0,25.0,1e+20,25,0.1015,0.2453,0.0,0.0042,0.0,0.0007,0.0,0.2199,0.5741
hiking-sat14-strips-ptesting-3-4-8,0,True,52,1326,5232,6673,0,5901,0,0,0,0,6,0,0,,0.0,29.0,1e+20,29,0.137,0.4882,0.0,0.0047,0.0,0.0006,0.0,0.2087,0.8418
logistics00-probLOGISTICS-10-0,0,True,0,33,41,123,0,128,0,0,0,0,2,0,0,,0.0,41.0,1e+20,41,0.0052,0.0005,0.0,0.001,0.0,0.0,0.0,0.001,0.008
logistics00-probLOGISTICS-10-1,0,True,0,33,39,117,0,122,0,0,0,0,2,0,0,,0.0,39.0,1e+20,39,0.0056,0.0004,0.0,0.0012,0.0,0.0,0.0,0.001,0.0087
logistics00-probLOGISTICS-11-0,0,True,0,37,45,135,0,144,0,0,0,0,2,0,0,,0.0,45.0,1e+20,45,0.0063,0.0006,0.0,0.0017,0.0,0.0,0.0,0.001,0.0099
logistics00-probLOGISTICS-11-1,0,True,0,46,55,165,0,178,0,0,0,0,2,0,0,,0.0,55.0,1e+20,55,0.0059,0.0006,0.0,0.0014,0.0,0.0,0.0,0.001,0.0093
logistics00-probLOGISTICS-12-0,0,True,0,33,39,117,0,121,0,0,0,0,2,0,0,,0.0,39.0,1e+20,39,0.0062,0.0005,0.0,0.0011,0.0,0.0,0.0,0.0009,0.0091
logistics00-probLOGISTICS-12-1,0,True,0,52,63,189,0,201,0,0,0,0,2,0,0,,0.0,63.0,1e+20,63,0.006,0.0007,0.0,0.001,0.0,0.0,0.0,0.001,0.0092
logistics00-probLOGISTICS-13-0,0,True,63,220,231,577,0,712,0,0,37,0,12,0,0,,0.0,67.0,1e+20,67,0.0067,0.002,0.0,0.0014,0.0,0.0006,0.0,0.0332,0.0437
logistics00-probLOGISTICS-13-1,0,True,53,183,193,483,0,592,0,0,39,0,15,0,0,,0.0,57.0,1e+20,57,0.0071,0.0019,0.0,0.0014,0.0,0.0007,0.0,0.0351,0.0459
logistics00-probLOGISTICS-14-0,0,True,48,162,171,433,0,524,0,0,43,0,15,0,0,,0.0,55.0,1e+20,55,0.0069,0.0019,0.0,0.0014,0.0,0.0007,0.0,0.0352,0.0458
logistics00-probLOGISTICS-14-1,0,True,63,216,227,569,0,701,0,0,58,0,18,0,0,,0.0,67.0,1e+20,67,0.0073,0.0022,0.0,0.0019,0.0,0.0009,0.0,0.0364,0.0483
logistics00-probLOGISTICS-15-0,0,True,68,233,243,609,0,751,0,0,48,0,20,0,0,,0.0,71.0,1e+20,71,0.0077,0.0024,0.0,0.0015,0.0,0.001,0.0,0.0641,0.0761
logistics00-probLOGISTICS-15-1,0,True,63,219,227,565,0,697,0,0,40,0,14,0,0,,0.0,63.0,1e+20,63,0.0086,0.0022,0.0,0.0017,0.0,0.0007,0.0,0.0372,0.0501
logistics00-probLOGISTICS-4-0,0,True,0,14,19,57,0,58,0,0,0,0,2,0,0,,0.0,19.0,1e+20,19,0.0058,0.0002,0.0,0.0013,0.0,0.0,0.0,0.0009,0.0087
logistics00-probLOGISTICS-4-1,0,True,0,13,17,51,0,51,0,0,0,0,2,0,0,,0.0,17.0,1e+20,17,0.0087,0.0001,0.0,0.0016,0.0,0.0,0.0,0.0009,0.0117
logistics00-probLOGISTICS-4-2,0,True,0,9,13,39,0,39,0,0,0,0,2,0,0,,0.0,13.0,1e+20,13,0.0087,0.0001,0.0,0.0016,0.0,0.0,0.0,0.0009,0.0116
logistics00-probLOGISTICS-5-0,0,True,0,20,25,75,0,78,0,0,0,0,2,0,0,,0.0,25.0,1e+20,25,0.005,0.0001,0.0,0.0013,0.0,0.0,0.0,0.0009,0.0077
logistics00-probLOGISTICS-5-1,0,True,0,11,15,45,0,44,0,0,0,0,2,0,0,,0.0,15.0,1e+20,15,0.0083,0.0001,0.0,0.0012,0.0,0.0,0.0,0.0009,0.0109
logistics00-probLOGISTICS-5-2,0,True,0,6,8,24,0,22,0,0,0,0,2,0,0,,0.0,8.0,1e+20,8,0.0059,0.0002,0.0,0.0012,0.0,0.0,0.0,0.0009,0.0085
logistics00-probLOGISTICS-6-0,0,True,0,19,23,69,0,71,0,0,0,0,2,0,0,,0.0,23.0,1e+20,23,0.0276,0.0001,0.0,0.0013,0.0,0.0,0.0,0.0009,0.0303
logistics00-probLOGISTICS-6-1,0,True,0,9,13,39,0,38,0,0,0,0,2,0,0,,0.0,13.0,1e+20,13,0.0052,0.0001,0.0,0.0012,0.0,0.0,0.0,0.001,0.0079
logistics00-probLOGISTICS-6-2,0,True,0,19,23,69,0,71,0,0,0,0,2,0,0,,0.0,23.0,1e+20,23,0.005,0.0001,0.0,0.0011,0.0,0.0,0.0,0.001,0.0076
logistics00-probLOGISTICS-6-9,0,True,0,16,21,63,0,65,0,0,0,0,2,0,0,,0.0,21.0,1e+20,21,0.0048,0.0001,0.0,0.0011,0.0,0.0,0.0,0.0009,0.0073
logistics00-probLOGISTICS-7-0,0,True,0,28,33,99,0,103,0,0,0,0,2,0,0,,0.0,33.0,1e+20,33,0.0241,0.0002,0.0,0.0012,0.0,0.0,0.0,0.0011,0.027
logistics00-probLOGISTICS-7-1,0,True,0,33,39,117,0,124,0,0,0,0,2,0,0,,0.0,39.0,1e+20,39,0.0049,0.0003,0.0,0.0013,0.0,0.0,0.0,0.0009,0.0077
logistics00-probLOGISTICS-8-0,0,True,0,24,29,87,0,89,0,0,0,0,2,0,0,,0.0,29.0,1e+20,29,0.0055,0.0002,0.0,0.0012,0.0,0.0,0.0,0.0009,0.0082
logistics00-probLOGISTICS-8-1,0,True,0,34,41,123,0,129,0,0,0,0,2,0,0,,0.0,41.0,1e+20,41,0.0057,0.0003,0.0,0.0009,0.0,0.0,0.0,0.0009,0.0082
logistics00-probLOGISTICS-9-0,0,True,0,27,33,99,0,104,0,0,0,0,2,0,0,,0.0,33.0,1e+20,33,0.0052,0.0003,0.0,0.0012,0.0,0.0,0.0,0.0009,0.0079
logistics00-probLOGISTICS-9-1,0,True,0,24,29,87,0,89,0,0,0,0,2,0,0,,0.0,29.0,1e+20,29,0.0052,0.0003,0.0,0.0013,0.0,0.0,0.0,0.0009,0.0081
logistics98-prob01,0,True,40,118,121,298,0,364,0,0,13,0,7,0,0,,0.0,24.0,1e+20,24,0.0068,0.0008,0.0,0.0011,0.0,0.0002,0.0,0.0091,0.0182
logistics98-prob02,0,True,96,395,401,915,0,1178,0,0,52,0,22,0,0,,0.0,28.0,1e+20,28,0.0106,0.0033,0.0,0.0014,0.0,0.001,0.0,0.1274,0.1433
logistics98-prob03,0,True,151,718,721,1630,0,2155,0,0,73,0,30,0,0,,0.0,50.0,1e+20,50,0.0181,0.0114,0.0,0.0019,0.0,0.0024,0.0,0.3927,0.4248
logistics98-prob04,0,True,225,1038,1041,2337,0,3067,0,0,190,0,60,0,177,,0.0,53.0,1e+20,53,0.0283,0.0225,0.0,0.0031,0.0,0.0059,0.0,1.2533,1.308
logistics98-prob05,0,True,11,31,32,93,0,86,0,0,1,0,3,0,0,,0.0,22.0,1e+20,22,0.0063,0.0005,0.0,0.0015,0.0,0.0001,0.0,0.0054,0.0141
logistics98-prob06,0,True,231,710,712,1689,0,2156,0,0,114,0,33,0,0,,0.0,65.0,1e+20,65,0.0473,0.0276,0.0,0.0025,0.0,0.003,0.0,0.3346,0.4128
logistics98-prob07,0,True,150,781,788,1744,0,2301,0,0,56,0,37,0,0,,0.0,29.0,1e+20,29,0.0142,0.0083,0.0,0.0024,0.0,0.0022,0.0,0.2097,0.2351
logistics98-prob08,0,True,233,1067,1069,2389,0,3189,0,0,115,0,30,0,47,,0.0,37.0,1e+20,37,0.032,0.0271,0.0,0.0028,0.0,0.003,0.0,0.5843,0.647
logistics98-prob09,0,True,372,1372,1375,3155,0,4028,0,0,196,0,33,0,34,,0.0,75.0,1e+20,75,0.0793,0.0664,0.0,0.004,0.0,0.0054,0.0,0.7467,0.8972
logistics98-prob10,0,True,463,2749,2769,6063,0,8463,0,0,269,0,62,0,1659,,0.0,93.0,1e+20,93,0.0837,0.0913,0.0,0.0075,0.0,0.0146,0.0,6.9882,7.1717
logistics98-prob11,0,True,133,351,351,845,0,931,0,0,97,0,43,0,106,,0.0,27.0,1e+20,27,0.0149,0.0056,0.0,0.0014,0.0,0.0019,0.0,0.2853,0.3077
logistics98-prob12,0,True,490,2687,2688,5880,0,7846,0,0,188,0,66,0,67,,0.0,37.0,1e+20,37,0.1293,0.1474,0.0,0.0069,0.0,0.0115,0.0,1.2493,1.5342
logistics98-prob13,0,True,551,4372,4377,9351,0,12999,0,0,166,0,35,0,1206,,0.0,65.0,1e+20,65,0.1864,0.2044,0.0,0.0105,0.0,0.0121,0.0,15.5449,15.9479
logistics98-prob14,0,True,441,2778,2780,6035,0,8156,0,0,279,0,52,0,47,,0.0,80.0,1e+20,80,0.1089,0.1011,0.0,0.0064,0.0,0.0124,0.0,4.0757,4.293
logistics98-prob15,0,True,182,663,667,1571,0,1947,0,0,164,0,27,0,43,,0.0,82.0,1e+20,82,0.0153,0.0104,0.0,0.0023,0.0,0.0027,0.0,0.2285,0.2572
logistics98-prob16,0,True,411,2287,2287,5005,0,6622,0,0,249,0,51,0,0,,0.0,52.0,1e+20,52,0.0552,0.0567,0.0,0.0055,0.0,0.0092,0.0,1.438,1.5564
logistics98-prob17,0,True,270,792,792,1870,0,2137,0,0,239,0,51,0,1287,,0.0,42.0,1e+20,42,0.0234,0.0185,0.0,0.0029,0.0,0.0043,0.0,0.9639,1.0094
logistics98-prob18,2,True,1058,11828,11842,24854,0,35575,0,0,786,0,143,0,3297,,0.0,147.708,1e+20,154,0.5495,0.7046,0.0,0.0405,0.0,0.1076,0.0,898.7134,900.0231
logistics98-prob19,0,True,869,4452,4452,9821,0,13071,0,0,619,0,75,0,2729,,0.0,130.0,1e+20,130,0.258,0.2913,0.0,0.0146,0.0,0.0302,0.0,29.182,29.7477
logistics98-prob20,0,True,826,6663,6672,14258,0,19729,0,0,536,0,78,0,10446,,0.0,128.0,1e+20,128,0.5672,0.5176,0.0,0.0193,0.0,0.0387,0.0,433.0192,434.1253
logistics98-prob21,0,True,827,4698,4700,10264,0,13760,0,0,483,0,67,0,3555,,0.0,95.0,1e+20,95,0.5942,0.3558,0.0,0.0138,0.0,0.0249,0.0,80.3244,81.2904
logistics98-prob22,2,True,1762,13325,13331,28539,0,40391,0,0,834,0,82,0,4383,,0.0,248.58,1e+20,252,2.132,2.0656,0.0,0.0665,0.0,0.0992,0.0,895.7612,900.0363
logistics98-prob23,0,True,324,1311,1313,2995,0,3888,0,0,164,0,26,0,0,,0.0,99.0,1e+20,99,0.0463,0.0404,0.0,0.0036,0.0,0.0045,0.0,0.2724,0.3635
logistics98-prob24,0,True,665,2170,2170,5017,0,6055,0,0,224,0,44,0,109,,0.0,39.0,1e+20,39,0.1505,0.1883,0.0,0.0071,0.0,0.0079,0.0,0.7848,1.1322
logistics98-prob25,2,True,1301,12993,13008,27450,0,38703,0,0,618,0,90,0,844,,0.0,172.5,1e+20,179,2.1754,1.8398,0.0,0.0523,0.0,0.0973,0.0,895.9514,900.0237
logistics98-prob26,0,True,1642,5998,6010,13738,0,19193,0,0,642,0,110,0,603,,0.0,175.0,1e+20,175,1.0725,1.0398,0.0,0.0328,0.0,0.0599,0.0,12.634,14.7818
logistics98-prob27,0,True,1001,5386,5393,11853,0,16010,0,0,609,0,90,0,4289,,0.0,135.0,1e+20,135,0.8397,0.7271,0.0,0.019,0.0,0.0395,0.0,222.4076,223.9956
logistics98-prob28,0,True,3078,14227,14228,31620,0,42209,0,0,1127,0,99,0,5284,,0.0,243.0,1e+20,243,11.1528,10.7257,0.0,0.1214,0.0,0.1315,0.0,307.4116,329.4208
logistics98-prob29,2,True,1953,23446,23462,49036,0,70663,0,0,1142,0,87,0,1285,,0.0,268.949,1e+20,302,2.0162,2.3971,0.0,0.133,0.0,0.1875,0.0,895.4895,900.0407
logistics98-prob30,0,True,1421,4875,4875,11210,0,14269,0,0,465,0,51,0,2468,,0.0,124.0,1e+20,124,1.8372,1.6788,0.0,0.0236,0.0,0.0264,0.0,54.2771,57.8206
logistics98-prob31,0,True,13,32,34,90,0,94,0,0,6,0,8,0,0,,0.0,12.0,1e+20,12,0.0049,0.0002,0.0,0.0013,0.0,0.0002,0.0,0.0115,0.0183
logistics98-prob32,0,True,12,32,32,88,0,90,0,0,10,0,10,0,0,,0.0,18.0,1e+20,18,0.0051,0.0002,0.0,0.0012,0.0,0.0002,0.0,0.0089,0.0158
logistics98-prob33,0,True,22,51,51,141,0,138,0,0,7,0,6,0,0,,0.0,25.0,1e+20,25,0.0068,0.0006,0.0,0.0012,0.0,0.0002,0.0,0.0095,0.0187
logistics98-prob34,0,True,99,244,244,602,0,694,0,0,65,0,27,0,0,,0.0,42.0,1e+20,42,0.0081,0.0026,0.0,0.0013,0.0,0.0012,0.0,0.0664,0.0788
logistics98-prob35,0,True,19,56,56,156,0,151,0,0,6,0,9,0,0,,0.0,29.0,1e+20,29,0.0085,0.0014,0.0,0.0012,0.0,0.0002,0.0,0.0147,0.0261
miconic-s1-0,0,True,0,2,3,9,0,8,0,0,0,0,2,0,0,,0.0,3.0,1e+20,3,0.006,0.0,0.0,0.0016,0.0,0.0,0.0,0.0009,0.0105
miconic-s1-1,0,True,0,2,3,9,0,8,0,0,0,0,2,0,0,,0.0,3.0,1e+20,3,0.0058,0.0,0.0,0.0009,0.0,0.0,0.0,0.0008,0.0079
miconic-s1-2,0,True,0,2,3,9,0,8,0,0,0,0,2,0,0,,0.0,3.0,1e+20,3,0.0057,0.0,0.0,0.001,0.0,0.0,0.0,0.0008,0.0079
miconic-s1-3,0,True,0,2,3,9,0,8,0,0,0,0,2,0,0,,0.0,3.0,1e+20,3,0.005,0.0,0.0,0.0009,0.0,0.0,0.0,0.0008,0.0071
miconic-s1-4,0,True,0,2,3,9,0,8,0,0,0,0,2,0,0,,0.0,3.0,1e+20,3,0.0218,0.0,0.0,0.0013,0.0,0.0,0.0,0.0008,0.0243
miconic-s10-0,0,True,6,39,39,117,0,107,0,0,0,0,2,0,0,,0.0,33.0,1e+20,33,0.0061,0.0006,0.0,0.0012,0.0,0.0001,0.0,0.0029,0.0113
miconic-s10-1,0,True,7,39,39,117,0,105,0,0,0,0,2,0,0,,0.0,32.0,1e+20,32,0.0056,0.0006,0.0,0.001,0.0,0.0001,0.0,0.0029,0.0105
miconic-s10-2,0,True,8,39,39,117,0,106,0,0,0,0,2,0,0,,0.0,31.0,1e+20,31,0.0068,0.0006,0.0,0.001,0.0,0.0001,0.0,0.003,0.0118
miconic-s10-3,0,True,5,39,39,117,0,108,0,0,0,0,2,0,0,,0.0,34.0,1e+20,34,0.0066,0.0006,0.0,0.0009,0.0,0.0001,0.0,0.0029,0.0114
miconic-s10-4,0,True,7,39,39,117,0,106,0,0,0,0,2,0,0,,0.0,32.0,1e+20,32,0.0061,0.0006,0.0,0.002,0.0,0.0001,0.0,0.003,0.0121
miconic-s11-0,0,True,7,43,43,129,0,117,0,0,0,0,2,0,0,,0.0,36.0,1e+20,36,0.0177,0.0008,0.0,0.0012,0.0,0.0001,0.0,0.003,0.0231
miconic-s11-1,0,True,9,43,43,129,0,118,0,0,0,0,2,0,0,,0.0,34.0,1e+20,34,0.0064,0.0008,0.0,0.0013,0.0,0.0001,0.0,0.003,0.012
miconic-s11-2,0,True,6,43,43,129,0,118,0,0,0,0,2,0,0,,0.0,37.0,1e+20,37,0.0065,0.0008,0.0,0.0012,0.0,0.0001,0.0,0.003,0.0119
miconic-s11-3,0,True,6,43,43,129,0,119,0,0,0,0,2,0,0,,0.0,37.0,1e+20,37,0.0061,0.0008,0.0,0.001,0.0,0.0001,0.0,0.0029,0.0111
miconic-s11-4,0,True,9,43,43,129,0,118,0,0,0,0,2,0,0,,0.0,34.0,1e+20,34,0.0056,0.0008,0.0,0.001,0.0,0.0001,0.0,0.003,0.0107
miconic-s12-0,0,True,7,47,47,141,0,130,0,0,0,0,2,0,0,,0.0,40.0,1e+20,40,0.0063,0.001,0.0,0.001,0.0,0.0001,0.0,0.003,0.0117
miconic-s12-1,0,True,7,47,47,141,0,130,0,0,0,0,2,0,0,,0.0,40.0,1e+20,40,0.0066,0.001,0.0,0.001,0.0,0.0001,0.0,0.003,0.0119
miconic-s12-2,0,True,8,47,47,141,0,127,0,0,0,0,2,0,0,,0.0,39.0,1e+20,39,0.0174,0.001,0.0,0.0012,0.0,0.0001,0.0,0.003,0.0231
miconic-s12-3,0,True,9,47,47,141,0,128,0,0,0,0,2,0,0,,0.0,38.0,1e+20,38,0.0067,0.001,0.0,0.0009,0.0,0.0001,0.0,0.003,0.0119
miconic-s12-4,0,True,6,47,47,141,0,130,0,0,0,0,2,0,0,,0.0,41.0,1e+20,41,0.0186,0.001,0.0,0.0014,0.0,0.0001,0.0,0.003,0.0243
miconic-s13-0,0,True,8,51,51,153,0,140,0,0,0,0,2,0,0,,0.0,43.0,1e+20,43,0.0065,0.0012,0.0,0.0009,0.0,0.0001,0.0,0.003,0.012
miconic-s13-1,0,True,10,51,51,153,0,141,0,0,0,0,2,0,0,,0.0,41.0,1e+20,41,0.0068,0.0012,0.0,0.003,0.0,0.0001,0.0,0.003,0.0144
miconic-s13-2,0,True,5,51,51,153,0,141,0,0,0,0,2,0,0,,0.0,46.0,1e+20,46,0.0061,0.0012,0.0,0.0012,0.0,0.0001,0.0,0.0029,0.0118
miconic-s13-3,0,True,8,51,51,153,0,141,0,0,0,0,2,0,0,,0.0,43.0,1e+20,43,0.0064,0.0012,0.0,0.001,0.0,0.0001,0.0,0.003,0.0119
miconic-s13-4,0,True,10,51,51,153,0,140,0,0,0,0,2,0,0,,0.0,41.0,1e+20,41,0.0061,0.0012,0.0,0.0011,0.0,0.0001,0.0,0.003,0.0118
miconic-s14-0,0,True,10,55,55,165,0,151,0,0,0,0,2,0,0,,0.0,45.0,1e+20,45,0.0084,0.0014,0.0,0.0026,0.0,0.0001,0.0,0.003,0.0159
miconic-s14-1,0,True,8,55,55,165,0,152,0,0,0,0,2,0,0,,0.0,47.0,1e+20,47,0.0217,0.0014,0.0,0.0013,0.0,0.0001,0.0,0.003,0.0278
miconic-s14-2,0,True,6,55,55,165,0,151,0,0,0,0,2,0,0,,0.0,49.0,1e+20,49,0.0082,0.0014,0.0,0.001,0.0,0.0001,0.0,0.003,0.0141
miconic-s14-3,0,True,13,55,55,165,0,151,0,0,0,0,2,0,0,,0.0,42.0,1e+20,42,0.0085,0.0014,0.0,0.002,0.0,0.0001,0.0,0.003,0.0155
miconic-s14-4,0,True,10,55,55,165,0,151,0,0,0,0,2,0,0,,0.0,45.0,1e+20,45,0.0191,0.0015,0.0,0.0023,0.0,0.0001,0.0,0.003,0.0266
miconic-s15-0,0,True,13,59,59,177,0,162,0,0,0,0,2,0,0,,0.0,46.0,1e+20,46,0.0073,0.0018,0.0,0.0013,0.0,0.0001,0.0,0.0031,0.0139
miconic-s15-1,0,True,10,59,59,177,0,160,0,0,0,0,2,0,0,,0.0,49.0,1e+20,49,0.0069,0.0018,0.0,0.0013,0.0,0.0001,0.0,0.0031,0.0134
miconic-s15-2,0,True,10,59,59,177,0,161,0,0,0,0,2,0,0,,0.0,49.0,1e+20,49,0.0065,0.0018,0.0,0.0012,0.0,0.0001,0.0,0.0031,0.0129
miconic-s15-3,0,True,9,59,59,177,0,163,0,0,0,0,2,0,0,,0.0,50.0,1e+20,50,0.0067,0.0018,0.0,0.0009,0.0,0.0001,0.0,0.003,0.0129
miconic-s15-4,0,True,13,59,59,177,0,161,0,0,0,0,2,0,0,,0.0,46.0,1e+20,46,0.0204,0.0017,0.0,0.0012,0.0,0.0001,0.0,0.0031,0.0269
miconic-s16-0,0,True,10,63,63,189,0,174,0,0,0,0,2,0,0,,0.0,53.0,1e+20,53,0.0063,0.0021,0.0,0.0012,0.0,0.0001,0.0,0.0031,0.0132
miconic-s16-1,0,True,11,63,63,189,0,173,0,0,0,0,2,0,0,,0.0,52.0,1e+20,52,0.0189,0.0021,0.0,0.0015,0.0,0.0001,0.0,0.0031,0.0261
miconic-s16-2,0,True,9,63,63,189,0,173,0,0,0,0,2,0,0,,0.0,54.0,1e+20,54,0.0073,0.0021,0.0,0.0011,0.0,0.0001,0.0,0.003,0.0138
miconic-s16-3,0,True,12,63,63,189,0,171,0,0,0,0,2,0,0,,0.0,51.0,1e+20,51,0.0064,0.0021,0.0,0.0014,0.0,0.0001,0.0,0.0031,0.0134
miconic-s16-4,0,True,10,63,63,189,0,173,0,0,0,0,2,0,0,,0.0,53.0,1e+20,53,0.0075,0.0021,0.0,0.0012,0.0,0.0001,0.0,0.0031,0.0143
miconic-s17-0,0,True,12,67,67,201,0,184,0,0,0,0,2,0,0,,0.0,55.0,1e+20,55,0.0074,0.0025,0.0,0.0009,0.0,0.0001,0.0,0.003,0.0143
miconic-s17-1,0,True,13,67,67,201,0,184,0,0,0,0,2,0,0,,0.0,54.0,1e+20,54,0.0079,0.0025,0.0,0.0013,0.0,0.0001,0.0,0.0032,0.0152
miconic-s17-2,0,True,13,67,67,201,0,184,0,0,0,0,2,0,0,,0.0,54.0,1e+20,54,0.0084,0.0025,0.0,0.001,0.0,0.0001,0.0,0.0031,0.0155
miconic-s17-3,0,True,8,67,67,201,0,184,0,0,0,0,2,0,0,,0.0,59.0,1e+20,59,0.0077,0.0025,0.0,0.0013,0.0,0.0001,0.0,0.0031,0.0149
miconic-s17-4,0,True,13,67,67,201,0,184,0,0,0,0,2,0,0,,0.0,54.0,1e+20,54,0.0073,0.0025,0.0,0.001,0.0,0.0001,0.0,0.0031,0.0143
miconic-s18-0,0,True,12,71,71,213,0,196,0,0,0,0,2,0,0,,0.0,59.0,1e+20,59,0.0085,0.0029,0.0,0.0011,0.0,0.0001,0.0,0.0031,0.0161
miconic-s18-1,0,True,13,71,71,213,0,195,0,0,0,0,2,0,0,,0.0,58.0,1e+20,58,0.008,0.0029,0.0,0.0013,0.0,0.0001,0.0,0.0031,0.0159
miconic-s18-2,0,True,13,71,71,213,0,196,0,0,0,0,2,0,0,,0.0,58.0,1e+20,58,0.0078,0.0029,0.0,0.001,0.0,0.0001,0.0,0.0031,0.0153
miconic-s18-3,0,True,12,71,71,213,0,195,0,0,0,0,2,0,0,,0.0,59.0,1e+20,59,0.0084,0.0029,0.0,0.001,0.0,0.0001,0.0,0.0031,0.0159
miconic-s18-4,0,True,15,71,71,213,0,194,0,0,0,0,2,0,0,,0.0,56.0,1e+20,56,0.0089,0.0029,0.0,0.0013,0.0,0.0001,0.0,0.0032,0.0167
miconic-s19-0,0,True,13,75,75,225,0,207,0,0,0,0,2,0,0,,0.0,62.0,1e+20,62,0.009,0.0034,0.0,0.0013,0.0,0.0001,0.0,0.0032,0.0174
miconic-s19-1,0,True,10,75,75,225,0,207,0,0,0,0,2,0,0,,0.0,65.0,1e+20,65,0.0102,0.0033,0.0,0.0017,0.0,0.0001,0.0,0.0031,0.0188
miconic-s19-2,0,True,14,75,75,225,0,206,0,0,0,0,2,0,0,,0.0,61.0,1e+20,61,0.0095,0.0034,0.0,0.0012,0.0,0.0001,0.0,0.0031,0.0176
miconic-s19-3,0,True,12,75,75,225,0,206,0,0,0,0,2,0,0,,0.0,63.0,1e+20,63,0.009,0.0034,0.0,0.001,0.0,0.0001,0.0,0.0031,0.017
miconic-s19-4,0,True,13,75,75,225,0,206,0,0,0,0,2,0,0,,0.0,62.0,1e+20,62,0.0092,0.0034,0.0,0.001,0.0,0.0001,0.0,0.0032,0.0171
miconic-s2-0,0,True,0,7,7,21,0,20,0,0,0,0,2,0,0,,0.0,7.0,1e+20,7,0.0043,0.0001,0.0,0.0013,0.0,0.0,0.0,0.0009,0.007
miconic-s2-1,0,True,1,7,7,21,0,18,0,0,0,0,2,0,0,,0.0,6.0,1e+20,6,0.0047,0.0,0.0,0.0008,0.0,0.0,0.0,0.0027,0.0087
miconic-s2-2,0,True,1,7,7,21,0,18,0,0,0,0,2,0,0,,0.0,6.0,1e+20,6,0.005,0.0,0.0,0.0011,0.0,0.0,0.0,0.0027,0.0092
miconic-s2-3,0,True,0,7,7,21,0,20,0,0,0,0,2,0,0,,0.0,7.0,1e+20,7,0.0046,0.0,0.0,0.0011,0.0,0.0,0.0,0.0009,0.007
miconic-s2-4,0,True,1,7,7,21,0,19,0,0,0,0,2,0,0,,0.0,6.0,1e+20,6,0.0025,0.0,0.0,0.0011,0.0,0.0,0.0,0.0028,0.0072
miconic-s20-0,0,True,16,79,79,237,0,218,0,0,0,0,2,0,0,,0.0,63.0,1e+20,63,0.0087,0.0039,0.0,0.001,0.0,0.0001,0.0,0.0032,0.0172
miconic-s20-1,0,True,13,79,79,237,0,217,0,0,0,0,2,0,0,,0.0,66.0,1e+20,66,0.0093,0.0039,0.0,0.0014,0.0,0.0001,0.0,0.0031,0.0182
miconic-s20-2,0,True,17,79,79,237,0,216,0,0,0,0,2,0,0,,0.0,62.0,1e+20,62,0.0085,0.0039,0.0,0.0009,0.0,0.0001,0.0,0.0031,0.0169
miconic-s20-3,0,True,16,79,79,237,0,218,0,0,0,0,2,0,0,,0.0,63.0,1e+20,63,0.0212,0.0039,0.0,0.0012,0.0,0.0001,0.0,0.0032,0.03
miconic-s20-4,0,True,15,79,79,237,0,216,0,0,0,0,2,0,0,,0.0,64.0,1e+20,64,0.009,0.0039,0.0,0.0012,0.0,0.0001,0.0,0.0031,0.0178
miconic-s21-0,0,True,14,83,83,249,0,228,0,0,0,0,2,0,0,,0.0,69.0,1e+20,69,0.01,0.0045,0.0,0.0011,0.0,0.0001,0.0,0.0032,0.0192
miconic-s21-1,0,True,14,83,83,249,0,228,0,0,0,0,2,0,0,,0.0,69.0,1e+20,69,0.0104,0.0045,0.0,0.0011,0.0,0.0001,0.0,0.0031,0.0196
miconic-s21-2,0,True,14,83,83,249,0,228,0,0,0,0,2,0,0,,0.0,69.0,1e+20,69,0.0088,0.0045,0.0,0.001,0.0,0.0001,0.0,0.0032,0.0179
miconic-s21-3,0,True,17,83,83,249,0,227,0,0,0,0,2,0,0,,0.0,66.0,1e+20,66,0.01,0.0045,0.0,0.0012,0.0,0.0001,0.0,0.0032,0.0194
miconic-s21-4,0,True,13,83,83,249,0,227,0,0,0,0,2,0,0,,0.0,70.0,1e+20,70,0.009,0.0045,0.0,0.0012,0.0,0.0001,0.0,0.0031,0.0183
miconic-s22-0,0,True,15,87,87,261,0,239,0,0,0,0,2,0,0,,0.0,72.0,1e+20,72,0.0104,0.0052,0.0,0.0013,0.0,0.0001,0.0,0.0032,0.0207
miconic-s22-1,0,True,17,87,87,261,0,239,0,0,0,0,2,0,0,,0.0,70.0,1e+20,70,0.0097,0.0052,0.0,0.002,0.0,0.0001,0.0,0.0032,0.0205
miconic-s22-2,0,True,16,87,87,261,0,240,0,0,0,0,2,0,0,,0.0,71.0,1e+20,71,0.0113,0.0051,0.0,0.0013,0.0,0.0001,0.0,0.0032,0.0214
miconic-s22-3,0,True,12,87,87,261,0,238,0,0,0,0,2,0,0,,0.0,75.0,1e+20,75,0.0103,0.0051,0.0,0.0013,0.0,0.0001,0.0,0.0031,0.0204
miconic-s22-4,0,True,16,87,87,261,0,239,0,0,0,0,2,0,0,,0.0,71.0,1e+20,71,0.0108,0.0051,0.0,0.0014,0.0,0.0001,0.0,0.0032,0.021
miconic-s23-0,0,True,16,91,91,273,0,250,0,0,0,0,2,0,0,,0.0,75.0,1e+20,75,0.0248,0.006,0.0,0.0014,0.0,0.0001,0.0,0.0032,0.0359
miconic-s23-1,0,True,17,91,91,273,0,250,0,0,0,0,2,0,0,,0.0,74.0,1e+20,74,0.0106,0.0059,0.0,0.0015,0.0,0.0001,0.0,0.0032,0.0216
miconic-s23-2,0,True,18,91,91,273,0,251,0,0,0,0,2,0,0,,0.0,73.0,1e+20,73,0.0106,0.0059,0.0,0.0013,0.0,0.0001,0.0,0.0033,0.0216
miconic-s23-3,0,True,20,91,91,273,0,251,0,0,0,0,2,0,0,,0.0,71.0,1e+20,71,0.0104,0.0059,0.0,0.0013,0.0,0.0001,0.0,0.0033,0.0214
miconic-s23-4,0,True,17,91,91,273,0,251,0,0,0,0,2,0,0,,0.0,74.0,1e+20,74,0.0125,0.0059,0.0,0.0015,0.0,0.0001,0.0,0.0032,0.0236
miconic-s24-0,0,True,16,95,95,285,0,262,0,0,0,0,2,0,0,,0.0,79.0,1e+20,79,0.0121,0.0067,0.0,0.0011,0.0,0.0001,0.0,0.0032,0.0235
miconic-s24-1,0,True,17,95,95,285,0,262,0,0,0,0,2,0,0,,0.0,78.0,1e+20,78,0.0121,0.0066,0.0,0.0012,0.0,0.0001,0.0,0.0032,0.024
miconic-s24-2,0,True,18,95,95,285,0,260,0,0,0,0,2,0,0,,0.0,77.0,1e+20,77,0.013,0.0067,0.0,0.0016,0.0,0.0001,0.0,0.0031,0.025
miconic-s24-3,0,True,16,95,95,285,0,260,0,0,0,0,2,0,0,,0.0,79.0,1e+20,79,0.0131,0.0066,0.0,0.0015,0.0,0.0001,0.0,0.0031,0.0249
miconic-s24-4,0,True,18,95,95,285,0,260,0,0,0,0,2,0,0,,0.0,77.0,1e+20,77,0.0113,0.0067,0.0,0.001,0.0,0.0001,0.0,0.0032,0.0226
miconic-s25-0,0,True,18,99,99,297,0,273,0,0,0,0,2,0,0,,0.0,81.0,1e+20,81,0.0131,0.0075,0.0,0.0013,0.0,0.0001,0.0,0.0033,0.0257
miconic-s25-1,0,True,14,99,99,297,0,273,0,0,0,0,2,0,0,,0.0,85.0,1e+20,85,0.013,0.0075,0.0,0.0013,0.0,0.0001,0.0,0.0032,0.0254
miconic-s25-2,0,True,21,99,99,297,0,272,0,0,0,0,2,0,0,,0.0,78.0,1e+20,78,0.0131,0.0075,0.0,0.0011,0.0,0.0001,0.0,0.0033,0.0256
miconic-s25-3,0,True,15,99,99,297,0,271,0,0,0,0,2,0,0,,0.0,84.0,1e+20,84,0.0125,0.0075,0.0,0.0013,0.0,0.0001,0.0,0.0032,0.025
miconic-s25-4,0,True,17,99,99,297,0,271,0,0,0,0,2,0,0,,0.0,82.0,1e+20,82,0.0148,0.0075,0.0,0.0014,0.0,0.0001,0.0,0.0032,0.0274
miconic-s26-0,0,True,20,103,103,309,0,283,0,0,0,0,2,0,0,,0.0,83.0,1e+20,83,0.0143,0.0084,0.0,0.0011,0.0,0.0001,0.0,0.0033,0.0275
miconic-s26-1,0,True,20,103,103,309,0,284,0,0,0,0,2,0,0,,0.0,83.0,1e+20,83,0.0146,0.0084,0.0,0.0055,0.0,0.0001,0.0,0.0034,0.0324
miconic-s26-2,0,True,13,103,103,309,0,284,0,0,0,0,2,0,0,,0.0,90.0,1e+20,90,0.0138,0.0084,0.0,0.0065,0.0,0.0001,0.0,0.0031,0.0325
miconic-s26-3,0,True,15,103,103,309,0,284,0,0,0,0,2,0,0,,0.0,88.0,1e+20,88,0.0141,0.0086,0.0,0.0014,0.0,0.0001,0.0,0.0032,0.0279
miconic-s26-4,0,True,21,103,103,309,0,282,0,0,0,0,2,0,0,,0.0,82.0,1e+20,82,0.0135,0.0084,0.0,0.0045,0.0,0.0001,0.0,0.0033,0.0307
miconic-s27-0,0,True,20,107,107,321,0,293,0,0,0,0,2,0,0,,0.0,87.0,1e+20,87,0.0149,0.0094,0.0,0.0038,0.0,0.0001,0.0,0.0032,0.0319
miconic-s27-1,0,True,16,107,107,321,0,294,0,0,0,0,2,0,0,,0.0,91.0,1e+20,91,0.0147,0.0094,0.0,0.0032,0.0,0.0001,0.0,0.0032,0.0312
miconic-s27-2,0,True,20,107,107,321,0,294,0,0,0,0,2,0,0,,0.0,87.0,1e+20,87,0.0148,0.0095,0.0,0.0038,0.0,0.0001,0.0,0.0033,0.0322
miconic-s27-3,0,True,18,107,107,321,0,295,0,0,0,0,2,0,0,,0.0,89.0,1e+20,89,0.0147,0.0094,0.0,0.0013,0.0,0.0001,0.0,0.0032,0.0293
miconic-s27-4,0,True,19,107,107,321,0,293,0,0,0,0,2,0,0,,0.0,88.0,1e+20,88,0.0151,0.0094,0.0,0.0063,0.0,0.0001,0.0,0.0032,0.0346
miconic-s28-0,0,True,17,111,111,333,0,304,0,0,0,0,2,0,0,,0.0,94.0,1e+20,94,0.0148,0.0107,0.0,0.0011,0.0,0.0001,0.0,0.0033,0.0305
miconic-s28-1,0,True,19,111,111,333,0,306,0,0,0,0,2,0,0,,0.0,92.0,1e+20,92,0.0143,0.0105,0.0,0.0011,0.0,0.0001,0.0,0.0033,0.0298
miconic-s28-2,0,True,18,111,111,333,0,305,0,0,0,0,2,0,0,,0.0,93.0,1e+20,93,0.015,0.0105,0.0,0.0012,0.0,0.0001,0.0,0.0033,0.0305
miconic-s28-3,0,True,24,111,111,333,0,305,0,0,0,0,2,0,0,,0.0,87.0,1e+20,87,0.0166,0.0105,0.0,0.0014,0.0,0.0001,0.0,0.0033,0.0323
miconic-s28-4,0,True,19,111,111,333,0,306,0,0,0,0,2,0,0,,0.0,92.0,1e+20,92,0.0151,0.0105,0.0,0.0016,0.0,0.0001,0.0,0.0032,0.0311
miconic-s29-0,0,True,21,115,115,345,0,315,0,0,0,0,2,0,0,,0.0,94.0,1e+20,94,0.0196,0.0117,0.0,0.0012,0.0,0.0001,0.0,0.0033,0.0363
miconic-s29-1,0,True,24,115,115,345,0,316,0,0,0,0,2,0,0,,0.0,91.0,1e+20,91,0.0168,0.0117,0.0,0.0014,0.0,0.0001,0.0,0.0033,0.0339
miconic-s29-2,0,True,20,115,115,345,0,317,0,0,0,0,2,0,0,,0.0,95.0,1e+20,95,0.0159,0.0117,0.0,0.0017,0.0,0.0001,0.0,0.0033,0.0331
miconic-s29-3,0,True,19,115,115,345,0,316,0,0,0,0,2,0,0,,0.0,96.0,1e+20,96,0.0165,0.0117,0.0,0.0012,0.0,0.0001,0.0,0.0032,0.0331
miconic-s29-4,0,True,16,115,115,345,0,317,0,0,0,0,2,0,0,,0.0,99.0,1e+20,99,0.0159,0.0121,0.0,0.0011,0.0,0.0001,0.0,0.0033,0.0329
miconic-s3-0,0,True,1,11,11,33,0,31,0,0,0,0,2,0,0,,0.0,10.0,1e+20,10,0.0048,0.0001,0.0,0.0012,0.0,0.0,0.0,0.0028,0.0092
miconic-s3-1,0,True,1,11,11,33,0,31,0,0,0,0,2,0,0,,0.0,10.0,1e+20,10,0.0056,0.0001,0.0,0.0012,0.0,0.0,0.0,0.0027,0.0099
miconic-s3-2,0,True,2,11,11,33,0,28,0,0,0,0,2,0,0,,0.0,9.0,1e+20,9,0.0049,0.0001,0.0,0.001,0.0,0.0,0.0,0.0028,0.0091
miconic-s3-3,0,True,2,11,11,33,0,29,0,0,0,0,2,0,0,,0.0,9.0,1e+20,9,0.0046,0.0001,0.0,0.0011,0.0,0.0,0.0,0.0028,0.009
miconic-s3-4,0,True,2,11,11,33,0,28,0,0,0,0,2,0,0,,0.0,9.0,1e+20,9,0.0047,0.0001,0.0,0.0011,0.0,0.0,0.0,0.0028,0.009
miconic-s30-0,0,True,24,119,119,357,0,327,0,0,0,0,2,0,0,,0.0,95.0,1e+20,95,0.0154,0.013,0.0,0.0011,0.0,0.0001,0.0,0.0034,0.0334
miconic-s30-1,0,True,21,119,119,357,0,327,0,0,0,0,2,0,0,,0.0,98.0,1e+20,98,0.0159,0.0133,0.0,0.0013,0.0,0.0001,0.0,0.0033,0.0344
miconic-s30-2,0,True,23,119,119,357,0,326,0,0,0,0,2,0,0,,0.0,96.0,1e+20,96,0.0159,0.0129,0.0,0.0011,0.0,0.0001,0.0,0.0033,0.0339
miconic-s30-3,0,True,19,119,119,357,0,327,0,0,0,0,2,0,0,,0.0,100.0,1e+20,100,0.0164,0.0132,0.0,0.001,0.0,0.0001,0.0,0.0034,0.0345
miconic-s30-4,0,True,20,119,119,357,0,326,0,0,0,0,2,0,0,,0.0,99.0,1e+20,99,0.0174,0.013,0.0,0.0013,0.0,0.0001,0.0,0.0033,0.0355
miconic-s4-0,0,True,1,15,15,45,0,42,0,0,0,0,2,0,0,,0.0,14.0,1e+20,14,0.0045,0.0001,0.0,0.0009,0.0,0.0,0.0,0.0028,0.0086
miconic-s4-1,0,True,2,15,15,45,0,40,0,0,0,0,2,0,0,,0.0,13.0,1e+20,13,0.0049,0.0001,0.0,0.0013,0.0,0.0,0.0,0.0028,0.0095
miconic-s4-2,0,True,1,15,15,45,0,41,0,0,0,0,2,0,0,,0.0,14.0,1e+20,14,0.0047,0.0001,0.0,0.0012,0.0,0.0,0.0,0.0028,0.0091
miconic-s4-3,0,True,1,15,15,45,0,41,0,0,0,0,2,0,0,,0.0,14.0,1e+20,14,0.0186,0.0001,0.0,0.001,0.0,0.0,0.0,0.0028,0.0228
miconic-s4-4,0,True,0,15,15,45,0,42,0,0,0,0,2,0,0,,0.0,15.0,1e+20,15,0.0047,0.0001,0.0,0.0011,0.0,0.0,0.0,0.0009,0.0072
miconic-s5-0,0,True,2,19,19,57,0,53,0,0,0,0,2,0,0,,0.0,17.0,1e+20,17,0.0049,0.0001,0.0,0.001,0.0,0.0,0.0,0.0029,0.0093
miconic-s5-1,0,True,3,19,19,57,0,50,0,0,0,0,2,0,0,,0.0,16.0,1e+20,16,0.0049,0.0001,0.0,0.0012,0.0,0.0,0.0,0.0028,0.0094
miconic-s5-2,0,True,5,19,19,57,0,50,0,0,0,0,2,0,0,,0.0,14.0,1e+20,14,0.0052,0.0001,0.0,0.0011,0.0,0.0,0.0,0.0029,0.0097
miconic-s5-3,0,True,2,19,19,57,0,53,0,0,0,0,2,0,0,,0.0,17.0,1e+20,17,0.0055,0.0001,0.0,0.001,0.0,0.0,0.0,0.0028,0.0099
miconic-s5-4,0,True,2,19,19,57,0,52,0,0,0,0,2,0,0,,0.0,17.0,1e+20,17,0.0051,0.0001,0.0,0.001,0.0,0.0,0.0,0.0028,0.0094
miconic-s6-0,0,True,5,23,23,69,0,63,0,0,0,0,2,0,0,,0.0,18.0,1e+20,18,0.0177,0.0002,0.0,0.0012,0.0,0.0,0.0,0.0028,0.0223
miconic-s6-1,0,True,4,23,23,69,0,63,0,0,0,0,2,0,0,,0.0,19.0,1e+20,19,0.0052,0.0002,0.0,0.0012,0.0,0.0,0.0,0.0029,0.0099
miconic-s6-2,0,True,4,23,23,69,0,63,0,0,0,0,2,0,0,,0.0,19.0,1e+20,19,0.0056,0.0002,0.0,0.0019,0.0,0.0,0.0,0.0029,0.0109
miconic-s6-3,0,True,5,23,23,69,0,62,0,0,0,0,2,0,0,,0.0,18.0,1e+20,18,0.0054,0.0002,0.0,0.0019,0.0,0.0,0.0,0.0029,0.0107
miconic-s6-4,0,True,3,23,23,69,0,63,0,0,0,0,2,0,0,,0.0,20.0,1e+20,20,0.0044,0.0002,0.0,0.0011,0.0,0.0,0.0,0.0028,0.0089
miconic-s7-0,0,True,4,27,27,81,0,75,0,0,0,0,2,0,0,,0.0,23.0,1e+20,23,0.005,0.0003,0.0,0.0014,0.0,0.0,0.0,0.0028,0.0098
miconic-s7-1,0,True,3,27,27,81,0,75,0,0,0,0,2,0,0,,0.0,24.0,1e+20,24,0.0051,0.0003,0.0,0.0022,0.0,0.0,0.0,0.0029,0.0109
miconic-s7-2,0,True,5,27,27,81,0,74,0,0,0,0,2,0,0,,0.0,22.0,1e+20,22,0.0049,0.0003,0.0,0.0012,0.0,0.0,0.0,0.0029,0.0097
miconic-s7-3,0,True,5,27,27,81,0,73,0,0,0,0,2,0,0,,0.0,22.0,1e+20,22,0.0054,0.0003,0.0,0.0015,0.0,0.0,0.0,0.0029,0.0104
miconic-s7-4,0,True,2,27,27,81,0,74,0,0,0,0,2,0,0,,0.0,25.0,1e+20,25,0.0057,0.0003,0.0,0.0011,0.0,0.0001,0.0,0.0029,0.0102
miconic-s8-0,0,True,4,31,31,93,0,86,0,0,0,0,2,0,0,,0.0,27.0,1e+20,27,0.0054,0.0003,0.0,0.0013,0.0,0.0,0.0,0.003,0.0103
miconic-s8-1,0,True,5,31,31,93,0,85,0,0,0,0,2,0,0,,0.0,26.0,1e+20,26,0.0056,0.0003,0.0,0.0014,0.0,0.0001,0.0,0.0029,0.0106
miconic-s8-2,0,True,6,31,31,93,0,85,0,0,0,0,2,0,0,,0.0,25.0,1e+20,25,0.0056,0.0003,0.0,0.001,0.0,0.0,0.0,0.0029,0.0102
miconic-s8-3,0,True,4,31,31,93,0,84,0,0,0,0,2,0,0,,0.0,27.0,1e+20,27,0.0053,0.0003,0.0,0.0013,0.0,0.0,0.0,0.003,0.0103
miconic-s8-4,0,True,5,31,31,93,0,85,0,0,0,0,2,0,0,,0.0,26.0,1e+20,26,0.0058,0.0003,0.0,0.001,0.0,0.0,0.0,0.0029,0.0105
miconic-s9-0,0,True,5,35,35,105,0,96,0,0,0,0,2,0,0,,0.0,30.0,1e+20,30,0.0053,0.0005,0.0,0.0011,0.0,0.0001,0.0,0.003,0.0103
miconic-s9-1,0,True,6,35,35,105,0,95,0,0,0,0,2,0,0,,0.0,29.0,1e+20,29,0.0058,0.0005,0.0,0.0011,0.0,0.0001,0.0,0.003,0.0107
miconic-s9-2,0,True,6,35,35,105,0,95,0,0,0,0,2,0,0,,0.0,29.0,1e+20,29,0.0058,0.0005,0.0,0.001,0.0,0.0001,0.0,0.003,0.0106
miconic-s9-3,0,True,4,35,35,105,0,96,0,0,0,0,2,0,0,,0.0,31.0,1e+20,31,0.0054,0.0005,0.0,0.001,0.0,0.0001,0.0,0.0029,0.0101
miconic-s9-4,0,True,8,35,35,105,0,95,0,0,0,0,2,0,0,,0.0,27.0,1e+20,27,0.005,0.0005,0.0,0.0013,0.0,0.0001,0.0,0.003,0.01
movie-prob01,0,True,0,5,7,21,0,14,0,0,0,0,2,0,0,,0.0,7.0,1e+20,7,0.0049,0.0,0.0,0.0012,0.0,0.0,0.0,0.0009,0.0073
movie-prob02,0,True,0,5,7,21,0,14,0,0,0,0,2,0,0,,0.0,7.0,1e+20,7,0.0052,0.0,0.0,0.0009,0.0,0.0,0.0,0.0009,0.0073
movie-prob03,0,True,0,5,7,21,0,14,0,0,0,0,2,0,0,,0.0,7.0,1e+20,7,0.0046,0.0,0.0,0.0012,0.0,0.0,0.0,0.0008,0.007
movie-prob04,0,True,0,5,7,21,0,14,0,0,0,0,2,0,0,,0.0,7.0,1e+20,7,0.0044,0.0,0.0,0.0008,0.0,0.0,0.0,0.0009,0.0066
movie-prob05,0,True,0,5,7,21,0,14,0,0,0,0,2,0,0,,0.0,7.0,1e+20,7,0.0048,0.0,0.0,0.0011,0.0,0.0,0.0,0.0008,0.0072
movie-prob06,0,True,0,5,7,21,0,14,0,0,0,0,2,0,0,,0.0,7.0,1e+20,7,0.0046,0.0,0.0,0.0009,0.0,0.0,0.0,0.0008,0.0068
movie-prob07,0,True,0,5,7,21,0,14,0,0,0,0,2,0,0,,0.0,7.0,1e+20,7,0.0052,0.0001,0.0,0.0012,0.0,0.0,0.0,0.0008,0.0077
movie-prob08,0,True,0,5,7,21,0,14,0,0,0,0,2,0,0,,0.0,7.0,1e+20,7,0.0047,0.0,0.0,0.001,0.0,0.0,0.0,0.0008,0.0069
movie-prob09,0,True,0,5,7,21,0,14,0,0,0,0,2,0,0,,0.0,7.0,1e+20,7,0.0043,0.0001,0.0,0.0011,0.0,0.0,0.0,0.0008,0.0067
movie-prob10,0,True,0,5,7,21,0,14,0,0,0,0,2,0,0,,0.0,7.0,1e+20,7,0.0045,0.0001,0.0,0.0011,0.0,0.0,0.0,0.0008,0.0069
movie-prob11,0,True,0,5,7,21,0,14,0,0,0,0,2,0,0,,0.0,7.0,1e+20,7,0.0052,0.0001,0.0,0.0011,0.0,0.0,0.0,0.0009,0.0077
movie-prob12,0,True,0,5,7,21,0,14,0,0,0,0,2,0,0,,0.0,7.0,1e+20,7,0.0051,0.0001,0.0,0.0011,0.0,0.0,0.0,0.0008,0.0074
movie-prob13,0,True,0,5,7,21,0,14,0,0,0,0,2,0,0,,0.0,7.0,1e+20,7,0.0047,0.0001,0.0,0.001,0.0,0.0,0.0,0.0009,0.0071
movie-prob14,0,True,0,5,7,21,0,14,0,0,0,0,2,0,0,,0.0,7.0,1e+20,7,0.0053,0.0001,0.0,0.0008,0.0,0.0,0.0,0.0008,0.0074
movie-prob15,0,True,0,5,7,21,0,14,0,0,0,0,2,0,0,,0.0,7.0,1e+20,7,0.0049,0.0001,0.0,0.001,0.0,0.0,0.0,0.0009,0.0072
movie-prob16,0,True,0,5,7,21,0,14,0,0,0,0,2,0,0,,0.0,7.0,1e+20,7,0.0053,0.0001,0.0,0.0012,0.0,0.0,0.0,0.0009,0.0077
movie-prob17,0,True,0,5,7,21,0,14,0,0,0,0,2,0,0,,0.0,7.0,1e+20,7,0.005,0.0001,0.0,0.0012,0.0,0.0,0.0,0.0009,0.0075
movie-prob18,0,True,0,5,7,21,0,14,0,0,0,0,2,0,0,,0.0,7.0,1e+20,7,0.005,0.0001,0.0,0.0012,0.0,0.0,0.0,0.0008,0.0074
movie-prob19,0,True,0,5,7,21,0,14,0,0,0,0,2,0,0,,0.0,7.0,1e+20,7,0.0046,0.0001,0.0,0.0008,0.0,0.0,0.0,0.0008,0.0067
movie-prob20,0,True,0,5,7,21,0,14,0,0,0,0,2,0,0,,0.0,7.0,1e+20,7,0.0053,0.0001,0.0,0.0012,0.0,0.0,0.0,0.0008,0.0078
movie-prob21,0,True,0,5,7,21,0,14,0,0,0,0,2,0,0,,0.0,7.0,1e+20,7,0.0046,0.0001,0.0,0.0011,0.0,0.0,0.0,0.0009,0.0071
movie-prob22,0,True,0,5,7,21,0,14,0,0,0,0,2,0,0,,0.0,7.0,1e+20,7,0.0039,0.0001,0.0,0.0011,0.0,0.0,0.0,0.0008,0.0063
movie-prob23,0,True,0,5,7,21,0,14,0,0,0,0,2,0,0,,0.0,7.0,1e+20,7,0.0048,0.0001,0.0,0.001,0.0,0.0,0.0,0.0009,0.0071
movie-prob24,0,True,0,5,7,21,0,14,0,0,0,0,2,0,0,,0.0,7.0,1e+20,7,0.0048,0.0001,0.0,0.0012,0.0,0.0,0.0,0.0008,0.0073
movie-prob25,0,True,0,5,7,21,0,14,0,0,0,0,2,0,0,,0.0,7.0,1e+20,7,0.0053,0.0001,0.0,0.0013,0.0,0.0,0.0,0.0009,0.0079
movie-prob26,0,True,0,5,7,21,0,14,0,0,0,0,2,0,0,,0.0,7.0,1e+20,7,0.0048,0.0001,0.0,0.0014,0.0,0.0,0.0,0.0008,0.0075
movie-prob27,0,True,0,5,7,21,0,14,0,0,0,0,2,0,0,,0.0,7.0,1e+20,7,0.0049,0.0001,0.0,0.0012,0.0,0.0,0.0,0.001,0.0077
movie-prob28,0,True,0,5,7,21,0,14,0,0,0,0,2,0,0,,0.0,7.0,1e+20,7,0.004,0.0001,0.0,0.0028,0.0,0.0,0.0,0.0008,0.0081
movie-prob29,0,True,0,5,7,21,0,14,0,0,0,0,2,0,0,,0.0,7.0,1e+20,7,0.0052,0.0001,0.0,0.0017,0.0,0.0,0.0,0.0008,0.0082
movie-prob30,0,True,0,5,7,21,0,14,0,0,0,0,2,0,0,,0.0,7.0,1e+20,7,0.0051,0.0001,0.0,0.0009,0.0,0.0,0.0,0.0009,0.0074
mprime-prob01,0,True,58,262,509,833,0,982,0,0,16,0,24,0,0,,0.0,5.0,1e+20,5,0.0099,0.0028,0.0,0.0016,0.0,0.0006,0.0,0.0452,0.06
mprime-prob02,0,True,262,1900,3671,5835,0,7348,0,0,75,0,35,0,0,,0.0,7.0,1e+20,7,0.0244,0.0391,0.0,0.0058,0.0,0.0046,0.0,0.6527,0.7227
mprime-prob03,0,True,203,1310,2378,3892,0,5116,0,0,40,0,21,0,0,,0.0,4.0,1e+20,4,0.0196,0.0222,0.0,0.004,0.0,0.002,0.0,0.1856,0.2321
mprime-prob04,0,True,45,307,611,971,0,1062,0,0,22,0,26,0,0,,0.0,7.0,1e+20,7,0.0127,0.0033,0.0,0.0017,0.0,0.0008,0.0,0.0499,0.0681
mprime-prob05,0,True,227,1441,2767,4437,0,5687,0,0,127,0,62,0,0,,0.0,8.0,1e+20,8,0.0221,0.0251,0.0,0.0041,0.0,0.006,0.0,0.4455,0.4978
mprime-prob06,0,True,604,9282,17565,27453,0,35014,0,0,1454,0,616,0,30216,,0.0,11.0,1e+20,11,0.1654,0.4864,0.0,0.0371,0.0,0.2233,0.0,300.041,300.7326
mprime-prob07,0,True,313,993,1537,2844,0,4388,0,0,53,0,21,0,0,,0.0,5.0,1e+20,5,0.0163,0.0171,0.0,0.0036,0.0,0.0019,0.0,0.1594,0.1972
mprime-prob08,0,True,381,3609,6898,10889,0,13989,0,0,86,0,39,0,0,,0.0,5.0,1e+20,5,0.0561,0.1122,0.0,0.0112,0.0,0.0084,0.0,1.1187,1.2996
mprime-prob09,0,True,192,1199,2297,3690,0,4667,0,0,91,0,66,0,0,,0.0,8.0,1e+20,8,0.0194,0.02,0.0,0.0037,0.0,0.0051,0.0,0.4766,0.5206
mprime-prob10,0,True,1336,22461,42785,66583,0,86844,0,0,826,0,401,0,2320,,0.0,7.0,1e+20,7,0.5731,2.368,0.0,0.1543,0.0,0.3735,0.0,118.3258,121.4254
mprime-prob11,0,True,106,366,675,1154,0,1367,0,0,10,0,14,0,0,,0.0,7.0,1e+20,7,0.0114,0.0064,0.0,0.0019,0.0,0.0005,0.0,0.0439,0.0642
mprime-prob12,0,True,116,682,1336,2135,0,2633,0,0,48,0,34,0,0,,0.0,5.0,1e+20,5,0.0153,0.0112,0.0,0.0024,0.0,0.0016,0.0,0.1773,0.2068
mprime-prob13,0,True,1520,23996,45010,70528,0,93037,0,0,396,0,184,0,1908,,0.0,11.0,1e+20,11,0.5963,2.5715,0.0,0.2142,0.0,0.2372,0.0,100.2837,103.6696
mprime-prob14,2,True,1586,30314,57079,88981,0,116508,0,0,1539,0,454,0,5493,,0.0,6.091,1e+20,14,0.8022,4.1061,0.0,0.2685,0.0,0.6199,0.0,894.8654,900.0806
mprime-prob15,0,True,729,14739,28431,43900,0,55606,0,0,294,0,164,0,519,,0.0,6.0,1e+20,6,0.3224,1.3049,0.0,0.0594,0.0,0.1063,0.0,27.2984,28.989
mprime-prob16,0,True,297,2910,5591,8800,0,11233,0,0,37,0,11,0,0,,0.0,5.0,1e+20,5,0.0378,0.0808,0.0,0.0083,0.0,0.0036,0.0,0.4012,0.5289
mprime-prob17,0,True,721,11447,21370,33539,0,43315,0,0,19,0,15,0,0,,0.0,4.0,1e+20,4,0.1809,0.5934,0.0,0.0491,0.0,0.0234,0.0,2.8479,3.6757
mprime-prob18,2,True,573,9429,18224,28227,0,35374,0,0,3792,0,1686,0,56787,,0.0,6.0,1e+20,15,0.2001,0.6282,0.0,0.0341,0.0,0.6046,0.0,899.1579,900.1077
mprime-prob19,0,True,518,6506,12364,19389,0,25217,0,0,144,0,80,0,96,,0.0,5.0,1e+20,5,0.1021,0.306,0.0,0.0236,0.0,0.0284,0.0,3.0347,3.468
mprime-prob20,0,True,529,13079,26055,39664,0,48676,0,0,1970,0,1361,0,7736,,0.0,7.0,1e+20,7,0.2624,0.8729,0.0,0.0444,0.0,0.5668,0.0,284.3815,285.5649
mprime-prob21,0,True,685,7643,14484,22813,0,29895,0,0,38,0,34,0,0,,0.0,4.0,1e+20,4,0.1164,0.3506,0.0,0.0328,0.0,0.0203,0.0,2.135,2.6366
mprime-prob22,2,True,1120,22024,42862,66007,0,85330,0,0,1721,0,1101,0,13423,,0.0,5.0,1e+20,9,0.4978,2.1061,0.0,0.1287,0.0,0.8482,0.0,897.3582,900.1088
mprime-prob23,0,True,641,8651,16978,26271,0,33480,0,0,466,0,300,0,1544,,0.0,8.0,1e+20,8,0.1498,0.4975,0.0,0.0354,0.0,0.1063,0.0,18.0241,18.7088
mprime-prob24,0,True,814,8851,17165,26831,0,34065,0,0,97,0,45,0,73,,0.0,6.0,1e+20,6,0.2232,0.7745,0.0,0.0414,0.0,0.0255,0.0,3.5994,4.6411
mprime-prob25,0,True,41,149,292,483,0,574,0,0,20,0,18,0,0,,0.0,4.0,1e+20,4,0.0067,0.001,0.0,0.0014,0.0,0.0004,0.0,0.0524,0.062
mprime-prob26,0,True,193,1673,3280,5147,0,6325,0,0,250,0,158,0,227,,0.0,6.0,1e+20,6,0.0264,0.0375,0.0,0.0044,0.0,0.0139,0.0,1.1954,1.2646
mprime-prob27,0,True,163,2019,3999,6183,0,7613,0,0,4,0,4,0,0,,0.0,5.0,1e+20,5,0.0386,0.043,0.0,0.0051,0.0,0.0011,0.0,0.1378,0.2256
mprime-prob28,0,True,68,287,546,909,0,1129,0,0,11,0,17,0,0,,0.0,7.0,1e+20,7,0.0101,0.0035,0.0,0.0022,0.0,0.0006,0.0,0.0448,0.0611
mprime-prob29,0,True,182,1503,2850,4536,0,5609,0,0,22,0,21,0,0,,0.0,4.0,1e+20,4,0.0224,0.0305,0.0,0.0046,0.0,0.002,0.0,0.2046,0.2629
mprime-prob30,0,True,348,7304,14354,22008,0,27235,0,0,174,0,73,0,206,,0.0,8.0,1e+20,8,0.1314,0.3192,0.0,0.0204,0.0,0.0251,0.0,5.0435,5.5167
mprime-prob31,0,True,305,2896,5522,8724,0,11463,0,0,35,0,15,0,0,,0.0,4.0,1e+20,4,0.0346,0.065,0.0,0.0084,0.0,0.0045,0.0,0.3882,0.497
mprime-prob32,0,True,186,858,1592,2637,0,3407,0,0,46,0,27,0,0,,0.0,5.0,1e+20,5,0.0142,0.0119,0.0,0.0035,0.0,0.0017,0.0,0.1326,0.1628
mprime-prob33,0,True,818,8438,16358,25616,0,33166,0,0,339,0,211,0,611,,0.0,8.0,1e+20,8,0.1681,0.4953,0.0,0.0425,0.0,0.0781,0.0,15.1837,15.8917
mprime-prob34,0,True,329,2977,5458,8765,0,11351,0,0,28,0,7,0,0,,0.0,4.0,1e+20,4,0.035,0.0581,0.0,0.0087,0.0,0.0037,0.0,0.2686,0.3717
mprime-prob35,0,True,79,370,710,1160,0,1431,0,0,42,0,29,0,0,,0.0,4.0,1e+20,4,0.0153,0.0039,0.0,0.0018,0.0,0.001,0.0,0.1462,0.1676
mystery-prob01,0,True,36,49,81,171,0,225,0,0,3,0,8,0,0,,0.0,5.0,1e+20,5,0.0057,0.0004,0.0,0.0028,0.0,0.0002,0.0,0.008,0.0173
mystery-prob02,0,True,248,1740,3351,5341,0,6823,0,0,103,0,58,0,85,,0.0,7.0,1e+20,7,0.0216,0.0317,0.0,0.0052,0.0,0.0065,0.0,0.5336,0.5929
mystery-prob03,0,True,174,959,1668,2802,0,3952,0,0,48,0,29,0,0,,0.0,4.0,1e+20,4,0.0137,0.0106,0.0,0.0032,0.0,0.002,0.0,0.1481,0.1762
mystery-prob04,0,True,15,47,91,164,0,184,0,0,2,0,4,0,0,,0.0,7.0,1e+20,7,0.0053,0.0004,0.0,0.0028,0.0,0.0001,0.0,0.0051,0.014
mystery-prob05,0,True,182,1007,1902,3096,0,4011,0,0,46,0,17,0,0,,0.0,8.0,1e+20,8,0.0171,0.0128,0.0,0.0032,0.0,0.0017,0.0,0.1099,0.1436
mystery-prob06,0,True,463,5568,10140,16173,0,21697,0,0,1851,0,860,0,14392,,0.0,11.0,1e+20,11,0.0666,0.1648,0.0,0.0179,0.0,0.2019,0.0,126.1902,126.441
mystery-prob07,1,True,0,0,0,0,0,0,0,0,0,0,0,0,0,,0.0,1e+20,1e+20,1e+20,0.0045,0.0,0.0,0.0,0.0,0.0,0.0,0.0,0.0045
mystery-prob08,0,True,211,1471,2671,4356,0,5939,0,0,14,0,9,0,0,,0.0,5.0,1e+20,5,0.0261,0.0232,0.0,0.0041,0.0,0.0015,0.0,0.1729,0.227
mystery-prob09,0,True,170,996,1887,3055,0,3918,0,0,44,0,41,0,0,,0.0,8.0,1e+20,8,0.0157,0.0137,0.0,0.0031,0.0,0.0026,0.0,0.272,0.3051
mystery-prob10,0,True,1211,17887,34288,53387,0,70443,0,0,87,0,59,0,89,,0.0,7.0,1e+20,7,0.4071,1.6121,0.0,0.1135,0.0,0.0856,0.0,13.6952,15.8354
mystery-prob11,0,True,78,105,153,344,0,479,0,0,2,0,4,0,0,,0.0,7.0,1e+20,7,0.0058,0.0013,0.0,0.0015,0.0,0.0001,0.0,0.007,0.0161
mystery-prob12,0,True,67,249,461,778,0,1019,0,0,47,0,32,0,0,,0.0,5.0,1e+20,5,0.0065,0.0017,0.0,0.0015,0.0,0.0009,0.0,0.0816,0.0917
mystery-prob13,0,True,1281,9231,16892,27409,0,36421,0,0,42,0,25,0,30,,0.0,11.0,1e+20,11,0.2179,0.6825,0.0,0.0664,0.0,0.0264,0.0,4.1506,5.1192
mystery-prob14,0,True,1449,25249,46931,73633,0,97783,0,0,197,0,78,0,230,,0.0,9.0,1e+20,9,0.5828,2.6868,0.0,0.2149,0.0,0.1825,0.0,34.0236,37.5121
mystery-prob15,0,True,611,9343,17611,27566,0,36189,0,0,399,0,223,0,605,,0.0,6.0,1e+20,6,0.1158,0.4281,0.0,0.0352,0.0,0.0923,0.0,11.4277,12.0086
mystery-prob16,0,True,190,1012,1892,3102,0,4077,0,0,0,0,3,0,0,,0.0,5.0,1e+20,5,0.0164,0.0165,0.0,0.0033,0.0,0.0006,0.0,0.081,0.1177
mystery-prob17,0,True,639,8735,16250,25625,0,33839,0,0,19,0,17,0,0,,0.0,4.0,1e+20,4,0.1198,0.3793,0.0,0.0331,0.0,0.018,0.0,2.2579,2.7918
mystery-prob18,1,True,0,0,0,0,0,0,0,0,0,0,0,0,0,,0.0,1e+20,1e+20,1e+20,0.0078,0.0,0.0,0.0,0.0,0.0,0.0,0.0,0.0079
mystery-prob19,0,True,394,3412,6259,10066,0,13361,0,0,80,0,51,0,35,,0.0,5.0,1e+20,5,0.0441,0.087,0.0,0.0142,0.0,0.0104,0.0,1.2813,1.4276
mystery-prob20,0,True,395,3972,7941,12309,0,15628,0,0,494,0,316,0,1510,,0.0,7.0,1e+20,7,0.0468,0.1241,0.0,0.0161,0.0,0.0567,0.0,8.4046,8.5924
mystery-prob21,0,True,545,2102,4062,6710,0,8752,0,0,11,0,12,0,0,,0.0,4.0,1e+20,4,0.0466,0.0849,0.0,0.0097,0.0,0.0028,0.0,0.228,0.37
mystery-prob22,0,True,828,9300,17986,28117,0,36926,0,0,208,0,110,0,486,,0.0,10.0,1e+20,10,0.1665,0.5853,0.0,0.0447,0.0,0.054,0.0,9.1753,9.9737
mystery-prob23,0,True,517,3609,7080,11210,0,14699,0,0,285,0,151,0,297,,0.0,11.0,1e+20,11,0.0526,0.1364,0.0,0.014,0.0,0.0298,0.0,2.4063,2.6104
mystery-prob24,0,True,636,777,1220,2649,0,3683,0,0,0,0,4,0,0,,0.0,10.0,1e+20,10,0.0356,0.0653,0.0,0.0046,0.0,0.0005,0.0,0.0379,0.1442
mystery-prob25,0,True,28,80,154,263,0,329,0,0,12,0,13,0,0,,0.0,4.0,1e+20,4,0.005,0.0004,0.0,0.0011,0.0,0.0002,0.0,0.0229,0.0298
mystery-prob26,0,True,133,758,1446,2338,0,3028,0,0,111,0,95,0,83,,0.0,6.0,1e+20,6,0.0119,0.009,0.0,0.0024,0.0,0.005,0.0,0.3656,0.3894
mystery-prob27,0,True,124,666,1293,2085,0,2584,0,0,8,0,8,0,0,,0.0,5.0,1e+20,5,0.0225,0.0067,0.0,0.0024,0.0,0.0005,0.0,0.0652,0.0974
mystery-prob28,0,True,51,75,122,257,0,344,0,0,0,0,5,0,0,,0.0,7.0,1e+20,7,0.006,0.0007,0.0,0.0012,0.0,0.0001,0.0,0.0093,0.0176
mystery-prob29,0,True,147,681,1208,2037,0,2653,0,0,3,0,6,0,0,,0.0,4.0,1e+20,4,0.0105,0.0066,0.0,0.0025,0.0,0.0004,0.0,0.0637,0.0839
mystery-prob30,0,True,274,2422,4583,7281,0,9244,0,0,148,0,56,0,132,,0.0,8.0,1e+20,8,0.0232,0.0481,0.0,0.0066,0.0,0.0082,0.0,1.3282,1.407
nomystery-opt11-strips-p01,0,True,33,170,316,531,0,639,0,0,3,0,7,0,0,,0.0,9.0,1e+20,9,0.0063,0.0009,0.0,0.0015,0.0,0.0002,0.0,0.0174,0.0265
nomystery-opt11-strips-p02,0,True,93,816,1574,2498,0,2767,0,0,6,0,8,0,0,,0.0,11.0,1e+20,11,0.009,0.0061,0.0,0.0025,0.0,0.0007,0.0,0.1253,0.1435
nomystery-opt11-strips-p03,0,True,55,503,993,1569,0,1811,0,0,0,0,3,0,0,,0.0,13.0,1e+20,13,0.009,0.0033,0.0,0.002,0.0,0.0002,0.0,0.0415,0.0563
nomystery-opt11-strips-p04,0,True,92,1284,2549,3947,0,4270,0,0,1,0,4,0,0,,0.0,16.0,1e+20,16,0.0123,0.009,0.0,0.003,0.0,0.0007,0.0,0.1207,0.1456
nomystery-opt11-strips-p05,0,True,169,2884,5758,8838,0,9396,0,0,104,0,52,0,9,,0.0,20.0,1e+20,20,0.0217,0.0301,0.0,0.0072,0.0,0.0088,0.0,2.658,2.7178
nomystery-opt11-strips-p06,0,True,232,4595,9050,13908,0,14883,0,0,13,0,10,0,0,,0.0,23.0,1e+20,23,0.0335,0.0625,0.0,0.012,0.0,0.0046,0.0,0.5373,0.646
nomystery-opt11-strips-p07,0,True,195,4204,8225,12661,0,13874,0,0,12,0,14,0,0,,0.0,27.0,1e+20,27,0.0381,0.0514,0.0,0.0108,0.0,0.0048,0.0,0.7947,0.8957
nomystery-opt11-strips-p08,0,True,225,5925,11849,18038,0,18379,0,0,5,0,4,0,0,,0.0,29.0,1e+20,29,0.0404,0.074,0.0,0.0157,0.0,0.0047,0.0,0.6689,0.7998
nomystery-opt11-strips-p09,0,True,252,7590,15178,23061,0,23918,0,0,34,0,15,0,0,,0.0,31.0,1e+20,31,0.0516,0.1097,0.0,0.0221,0.0,0.0095,0.0,2.6171,2.8016
nomystery-opt11-strips-p10,0,True,180,5997,11994,18216,0,18574,0,0,219,0,79,0,99,,0.0,33.0,1e+20,33,0.0395,0.0668,0.0,0.0144,0.0,0.0227,0.0,10.5524,10.674
nomystery-opt11-strips-p11,0,True,23,96,175,306,0,376,0,0,1,0,4,0,0,,0.0,9.0,1e+20,9,0.0052,0.0005,0.0,0.0013,0.0,0.0001,0.0,0.008,0.0154
nomystery-opt11-strips-p12,0,True,65,485,913,1478,0,1686,0,0,6,0,6,0,0,,0.0,11.0,1e+20,11,0.0077,0.0033,0.0,0.002,0.0,0.0004,0.0,0.0412,0.0547
nomystery-opt11-strips-p13,0,True,39,295,577,929,0,1091,0,0,0,0,3,0,0,,0.0,13.0,1e+20,13,0.0058,0.0017,0.0,0.0014,0.0,0.0002,0.0,0.0255,0.0348
nomystery-opt11-strips-p14,0,True,65,825,1631,2543,0,2785,0,0,1,0,4,0,0,,0.0,16.0,1e+20,16,0.0094,0.0052,0.0,0.0028,0.0,0.0005,0.0,0.0675,0.0854
nomystery-opt11-strips-p15,0,True,121,1972,3934,6054,0,6468,0,0,35,0,24,0,0,,0.0,20.0,1e+20,20,0.0164,0.0165,0.0,0.005,0.0,0.0034,0.0,0.5044,0.543
nomystery-opt11-strips-p16,0,True,168,3215,6312,9726,0,10439,0,0,50,0,35,0,0,,0.0,23.0,1e+20,23,0.0228,0.037,0.0,0.008,0.0,0.007,0.0,0.7217,0.7904
nomystery-opt11-strips-p17,0,True,142,2985,5840,9004,0,9899,0,0,75,0,55,0,0,,0.0,27.0,1e+20,27,0.0353,0.0298,0.0,0.0078,0.0,0.0091,0.0,0.7502,0.8239
nomystery-opt11-strips-p18,0,True,165,4245,8489,12938,0,13219,0,0,5,0,4,0,0,,0.0,29.0,1e+20,29,0.0342,0.0432,0.0,0.0105,0.0,0.0034,0.0,0.4512,0.54
nomystery-opt11-strips-p19,0,True,184,5414,10826,16465,0,17118,0,0,100,0,53,0,0,,0.0,31.0,1e+20,31,0.0378,0.0642,0.0,0.0134,0.0,0.0141,0.0,3.5623,3.6786
nomystery-opt11-strips-p20,0,True,132,4269,8538,12984,0,13294,0,0,204,0,91,0,6,,0.0,33.0,1e+20,33,0.0276,0.0428,0.0,0.0102,0.0,0.0192,0.0,2.9185,3.0003
nomystery-sat11-strips-p01,0,True,78,816,1619,2535,0,2898,0,0,0,0,3,0,0,,0.0,16.0,1e+20,16,0.0106,0.0063,0.0,0.0035,0.0,0.0004,0.0,0.0637,0.0847
nomystery-sat11-strips-p02,0,True,92,1285,2551,3953,0,4277,0,0,1,0,4,0,0,,0.0,18.0,1e+20,18,0.0315,0.0093,0.0,0.0034,0.0,0.0007,0.0,0.1172,0.1619
nomystery-sat11-strips-p03,0,True,169,2885,5760,8844,0,9403,0,0,104,0,52,0,9,,0.0,22.0,1e+20,22,0.0329,0.0307,0.0,0.0077,0.0,0.0089,0.0,2.6448,2.717
nomystery-sat11-strips-p04,0,True,232,4596,9052,13914,0,14890,0,0,13,0,10,0,0,,0.0,25.0,1e+20,25,0.0341,0.0637,0.0,0.0123,0.0,0.0046,0.0,0.5474,0.6583
nomystery-sat11-strips-p05,0,True,221,4803,9397,14461,0,15830,0,0,16,0,11,0,0,,0.0,29.0,1e+20,29,0.0383,0.067,0.0,0.0135,0.0,0.0046,0.0,0.9137,1.0333
nomystery-sat11-strips-p06,0,True,225,5926,11851,18044,0,18386,0,0,5,0,4,0,0,,0.0,31.0,1e+20,31,0.0406,0.0753,0.0,0.0158,0.0,0.0048,0.0,0.6633,0.7959
nomystery-sat11-strips-p07,0,True,251,7591,15180,23067,0,23925,0,0,11,0,7,0,0,,0.0,33.0,1e+20,33,0.0538,0.1105,0.0,0.0224,0.0,0.0072,0.0,1.139,1.3292
nomystery-sat11-strips-p08,0,True,180,5998,11996,18222,0,18581,0,0,219,0,79,0,99,,0.0,35.0,1e+20,35,0.0401,0.068,0.0,0.0146,0.0,0.0221,0.0,10.5497,10.6733
nomystery-sat11-strips-p09,0,True,306,10889,21777,33026,0,33729,0,0,47,0,21,0,4,,0.0,40.0,1e+20,40,0.0832,0.1861,0.0,0.0359,0.0,0.0174,0.0,11.8782,12.1849
nomystery-sat11-strips-p10,0,True,242,8178,16126,24603,0,26153,0,0,32,0,20,0,0,,0.0,41.0,1e+20,41,0.0678,0.1366,0.0,0.0224,0.0,0.0116,0.0,4.2127,4.4409
nomystery-sat11-strips-p11,0,True,55,517,1021,1615,0,1863,0,0,0,0,3,0,0,,0.0,16.0,1e+20,16,0.0079,0.0036,0.0,0.0027,0.0,0.0002,0.0,0.0445,0.0592
nomystery-sat11-strips-p12,0,True,65,826,1633,2549,0,2792,0,0,1,0,4,0,0,,0.0,18.0,1e+20,18,0.0095,0.0053,0.0,0.0039,0.0,0.0005,0.0,0.0679,0.0872
nomystery-sat11-strips-p13,0,True,121,1973,3936,6060,0,6475,0,0,35,0,24,0,0,,0.0,22.0,1e+20,22,0.0351,0.0171,0.0,0.005,0.0,0.0035,0.0,0.504,0.5618
nomystery-sat11-strips-p14,0,True,168,3216,6314,9732,0,10446,0,0,50,0,35,0,0,,0.0,25.0,1e+20,25,0.0403,0.0376,0.0,0.0081,0.0,0.007,0.0,0.7224,0.8092
nomystery-sat11-strips-p15,0,True,161,3423,6697,10321,0,11330,0,0,35,0,23,0,0,,0.0,29.0,1e+20,29,0.0263,0.038,0.0,0.0088,0.0,0.0052,0.0,0.9118,0.9857
nomystery-sat11-strips-p16,0,True,165,4246,8491,12944,0,13226,0,0,5,0,4,0,0,,0.0,31.0,1e+20,31,0.0285,0.0462,0.0,0.0102,0.0,0.0034,0.0,0.4556,0.5413
nomystery-sat11-strips-p17,0,True,183,5415,10828,16471,0,17125,0,0,11,0,7,0,0,,0.0,33.0,1e+20,33,0.0555,0.0654,0.0,0.0152,0.0,0.0049,0.0,0.72,0.8585
nomystery-sat11-strips-p18,0,True,132,4270,8540,12990,0,13301,0,0,204,0,91,0,6,,0.0,35.0,1e+20,35,0.03,0.0436,0.0,0.0096,0.0,0.0192,0.0,2.915,2.999
nomystery-sat11-strips-p19,0,True,224,7855,15709,23842,0,24381,0,0,9,0,9,0,0,,0.0,40.0,1e+20,40,0.059,0.1098,0.0,0.0217,0.0,0.0086,0.0,1.1042,1.2982
nomystery-sat11-strips-p20,0,True,178,5874,11582,17691,0,18857,0,0,26,0,17,0,0,,0.0,41.0,1e+20,41,0.0472,0.0816,0.0,0.0143,0.0,0.0078,0.0,2.889,3.0331
openstacks-opt08-strips-p01,0,False,4,35,55,110,0,163,0,0,0,0,2,0,0,,0.0,1.0,1e+20,1,0.0049,0.0001,0.0,0.0012,0.0,0.0001,0.0,0.0036,0.0103
openstacks-opt08-strips-p02,0,False,5,48,78,150,0,223,0,0,0,0,2,0,0,,0.0,1.0,1e+20,1,0.0049,0.0002,0.0,0.0012,0.0,0.0001,0.0,0.004,0.0106
openstacks-opt08-strips-p03,0,False,6,63,105,196,0,295,0,0,0,0,2,0,0,,0.0,1.0,1e+20,1,0.0052,0.0002,0.0,0.0011,0.0,0.0001,0.0,0.0043,0.0111
openstacks-opt08-strips-p04,0,False,7,80,136,248,0,379,0,0,0,0,2,0,0,,0.0,1.0,1e+20,1,0.0215,0.0003,0.0,0.0015,0.0,0.0001,0.0,0.0049,0.0286
openstacks-opt08-strips-p05,0,False,8,99,171,306,0,477,0,0,0,0,2,0,0,,0.0,1.0,1e+20,1,0.006,0.0004,0.0,0.0014,0.0,0.0001,0.0,0.0054,0.0136
openstacks-opt08-strips-p06,0,False,9,120,210,370,0,579,0,0,0,0,2,0,0,,0.0,1.0,1e+20,1,0.0053,0.0005,0.0,0.0015,0.0,0.0001,0.0,0.0061,0.0138
openstacks-opt08-strips-p07,0,False,10,143,253,440,0,693,0,0,0,0,2,0,0,,0.0,1.0,1e+20,1,0.0055,0.0006,0.0,0.0019,0.0,0.0001,0.0,0.0067,0.0151
openstacks-opt08-strips-p08,0,False,11,168,300,516,0,819,0,0,0,0,2,0,0,,0.0,1.0,1e+20,1,0.006,0.0007,0.0,0.0015,0.0,0.0001,0.0,0.0074,0.0161
openstacks-opt08-strips-p09,0,False,12,195,351,598,0,949,0,0,0,0,2,0,0,,0.0,1.0,1e+20,1,0.0062,0.0009,0.0,0.0017,0.0,0.0001,0.0,0.0083,0.0175
openstacks-opt08-strips-p10,0,False,13,224,406,686,0,1095,0,0,0,0,2,0,0,,0.0,1.0,1e+20,1,0.0067,0.0011,0.0,0.0015,0.0,0.0001,0.0,0.0092,0.0188
openstacks-opt08-strips-p11,0,False,14,255,465,780,0,1247,0,0,0,0,2,0,0,,0.0,1.0,1e+20,1,0.0058,0.0013,0.0,0.0014,0.0,0.0001,0.0,0.0102,0.019
openstacks-opt08-strips-p12,0,False,15,288,528,880,0,1409,0,0,0,0,2,0,0,,0.0,1.0,1e+20,1,0.0075,0.0015,0.0,0.0018,0.0,0.0001,0.0,0.0111,0.0223
openstacks-opt08-strips-p13,0,False,16,323,595,986,0,1581,0,0,0,0,2,0,0,,0.0,1.0,1e+20,1,0.018,0.0017,0.0,0.0018,0.0,0.0001,0.0,0.0125,0.0345
openstacks-opt08-strips-p14,0,False,17,360,666,1098,0,1769,0,0,0,0,2,0,0,,0.0,1.0,1e+20,1,0.0073,0.002,0.0,0.002,0.0,0.0002,0.0,0.0131,0.0248
openstacks-opt08-strips-p15,0,False,18,399,741,1216,0,1957,0,0,0,0,2,0,0,,0.0,1.0,1e+20,1,0.0072,0.0023,0.0,0.0018,0.0,0.0002,0.0,0.0146,0.0263
openstacks-opt08-strips-p16,0,False,19,440,820,1340,0,2167,0,0,0,0,2,0,0,,0.0,1.0,1e+20,1,0.0084,0.0026,0.0,0.0023,0.0,0.0002,0.0,0.0159,0.0297
openstacks-opt08-strips-p17,0,False,20,483,903,1470,0,2379,0,0,0,0,2,0,0,,0.0,1.0,1e+20,1,0.0075,0.003,0.0,0.0027,0.0,0.0002,0.0,0.0175,0.0315
openstacks-opt08-strips-p18,0,False,21,528,990,1606,0,2605,0,0,0,0,2,0,0,,0.0,1.0,1e+20,1,0.0077,0.0033,0.0,0.0023,0.0,0.0002,0.0,0.0185,0.0325
openstacks-opt08-strips-p19,0,False,22,575,1081,1748,0,2835,0,0,0,0,2,0,0,,0.0,1.0,1e+20,1,0.0108,0.0037,0.0,0.0024,0.0,0.0002,0.0,0.0197,0.0372
openstacks-opt08-strips-p20,0,False,23,624,1176,1896,0,3077,0,0,0,0,2,0,0,,0.0,1.0,1e+20,1,0.0092,0.0044,0.0,0.0026,0.0,0.0003,0.0,0.0211,0.0379
openstacks-opt08-strips-p21,0,False,24,675,1275,2050,0,3327,0,0,0,0,2,0,0,,0.0,1.0,1e+20,1,0.0095,0.0048,0.0,0.0034,0.0,0.0003,0.0,0.0223,0.0405
openstacks-opt08-strips-p22,0,False,25,728,1378,2210,0,3613,0,0,0,0,2,0,0,,0.0,1.0,1e+20,1,0.0095,0.0054,0.0,0.0028,0.0,0.0003,0.0,0.0235,0.0417
openstacks-opt08-strips-p23,0,False,26,783,1485,2376,0,3873,0,0,0,0,2,0,0,,0.0,1.0,1e+20,1,0.0115,0.0059,0.0,0.0034,0.0,0.0003,0.0,0.0251,0.0464
openstacks-opt08-strips-p24,0,False,27,840,1596,2548,0,4153,0,0,0,0,2,0,0,,0.0,1.0,1e+20,1,0.0128,0.0065,0.0,0.0029,0.0,0.0004,0.0,0.0266,0.0493
openstacks-opt08-strips-p25,0,False,28,899,1711,2726,0,4455,0,0,0,0,2,0,0,,0.0,1.0,1e+20,1,0.0125,0.0072,0.0,0.0034,0.0,0.0004,0.0,0.0283,0.0521
openstacks-opt08-strips-p26,0,False,29,960,1830,2910,0,4749,0,0,0,0,2,0,0,,0.0,1.0,1e+20,1,0.0219,0.0078,0.0,0.0037,0.0,0.0004,0.0,0.0299,0.0639
openstacks-opt08-strips-p27,0,False,30,1023,1953,3100,0,5081,0,0,0,0,2,0,0,,0.0,1.0,1e+20,1,0.0276,0.0086,0.0,0.0034,0.0,0.0005,0.0,0.0321,0.0724
openstacks-opt08-strips-p28,0,False,31,1088,2080,3296,0,5389,0,0,0,0,2,0,0,,0.0,1.0,1e+20,1,0.0134,0.0093,0.0,0.0033,0.0,0.0005,0.0,0.0336,0.0603
openstacks-opt08-strips-p29,0,False,32,1155,2211,3498,0,5737,0,0,0,0,2,0,0,,0.0,1.0,1e+20,1,0.0147,0.0105,0.0,0.0037,0.0,0.0006,0.0,0.0353,0.0648
openstacks-opt08-strips-p30,0,False,33,1224,2346,3706,0,6065,0,0,0,0,2,0,0,,0.0,1.0,1e+20,1,0.0155,0.0109,0.0,0.0038,0.0,0.0006,0.0,0.039,0.0698
openstacks-opt11-strips-p01,0,False,9,120,210,370,0,579,0,0,0,0,2,0,0,,0.0,1.0,1e+20,1,0.0055,0.0005,0.0,0.0012,0.0,0.0001,0.0,0.0061,0.0137
openstacks-opt11-strips-p02,0,False,10,143,253,440,0,693,0,0,0,0,2,0,0,,0.0,1.0,1e+20,1,0.0111,0.0006,0.0,0.0015,0.0,0.0001,0.0,0.0066,0.0203
openstacks-opt11-strips-p03,0,False,11,168,300,516,0,819,0,0,0,0,2,0,0,,0.0,1.0,1e+20,1,0.0062,0.0008,0.0,0.0015,0.0,0.0001,0.0,0.0075,0.0164
openstacks-opt11-strips-p04,0,False,12,195,351,598,0,949,0,0,0,0,2,0,0,,0.0,1.0,1e+20,1,0.0063,0.0009,0.0,0.0014,0.0,0.0001,0.0,0.0082,0.0172
openstacks-opt11-strips-p05,0,False,13,224,406,686,0,1095,0,0,0,0,2,0,0,,0.0,1.0,1e+20,1,0.006,0.0011,0.0,0.0016,0.0,0.0001,0.0,0.0092,0.0184
openstacks-opt11-strips-p06,0,False,14,255,465,780,0,1247,0,0,0,0,2,0,0,,0.0,1.0,1e+20,1,0.0058,0.0013,0.0,0.0019,0.0,0.0001,0.0,0.0102,0.0196
openstacks-opt11-strips-p07,0,False,15,288,528,880,0,1409,0,0,0,0,2,0,0,,0.0,1.0,1e+20,1,0.008,0.0015,0.0,0.0019,0.0,0.0001,0.0,0.0111,0.0229
openstacks-opt11-strips-p08,0,False,16,323,595,986,0,1581,0,0,0,0,2,0,0,,0.0,1.0,1e+20,1,0.0066,0.0017,0.0,0.0016,0.0,0.0002,0.0,0.0124,0.0228
openstacks-opt11-strips-p09,0,False,17,360,666,1098,0,1769,0,0,0,0,2,0,0,,0.0,1.0,1e+20,1,0.0072,0.0021,0.0,0.0018,0.0,0.0002,0.0,0.0134,0.0249
openstacks-opt11-strips-p10,0,False,25,728,1378,2210,0,3613,0,0,0,0,2,0,0,,0.0,1.0,1e+20,1,0.0113,0.0054,0.0,0.0029,0.0,0.0003,0.0,0.0235,0.0436
openstacks-opt11-strips-p11,0,False,18,399,741,1216,0,1957,0,0,0,0,2,0,0,,0.0,1.0,1e+20,1,0.0071,0.0023,0.0,0.0019,0.0,0.0002,0.0,0.0145,0.0262
openstacks-opt11-strips-p12,0,False,19,440,820,1340,0,2167,0,0,0,0,2,0,0,,0.0,1.0,1e+20,1,0.0078,0.0026,0.0,0.0021,0.0,0.0002,0.0,0.0159,0.0289
openstacks-opt11-strips-p13,0,False,20,483,903,1470,0,2379,0,0,0,0,2,0,0,,0.0,1.0,1e+20,1,0.0085,0.0029,0.0,0.0022,0.0,0.0002,0.0,0.0175,0.0317
openstacks-opt11-strips-p14,0,False,21,528,990,1606,0,2605,0,0,0,0,2,0,0,,0.0,1.0,1e+20,1,0.0092,0.0033,0.0,0.0024,0.0,0.0002,0.0,0.0186,0.034
openstacks-opt11-strips-p15,0,False,22,575,1081,1748,0,2835,0,0,0,0,2,0,0,,0.0,1.0,1e+20,1,0.0074,0.0039,0.0,0.0023,0.0,0.0002,0.0,0.0198,0.034
openstacks-opt11-strips-p16,0,False,24,675,1275,2050,0,3327,0,0,0,0,2,0,0,,0.0,1.0,1e+20,1,0.0099,0.0049,0.0,0.0025,0.0,0.0003,0.0,0.0221,0.0399
openstacks-opt11-strips-p17,0,False,23,624,1176,1896,0,3077,0,0,0,0,2,0,0,,0.0,1.0,1e+20,1,0.0091,0.0043,0.0,0.0023,0.0,0.0003,0.0,0.021,0.0372
openstacks-opt11-strips-p18,0,False,26,783,1485,2376,0,3873,0,0,0,0,2,0,0,,0.0,1.0,1e+20,1,0.0124,0.0059,0.0,0.0028,0.0,0.0004,0.0,0.0251,0.0468
openstacks-opt11-strips-p19,0,False,27,840,1596,2548,0,4153,0,0,0,0,2,0,0,,0.0,1.0,1e+20,1,0.0119,0.0065,0.0,0.0028,0.0,0.0004,0.0,0.0268,0.0485
openstacks-opt11-strips-p20,0,False,28,899,1711,2726,0,4455,0,0,0,0,2,0,0,,0.0,1.0,1e+20,1,0.0123,0.0072,0.0,0.0032,0.0,0.0004,0.0,0.0284,0.0518
openstacks-opt14-strips-p20_1,0,False,19,440,820,1340,0,2155,0,0,0,0,2,0,0,,0.0,1.0,1e+20,1,0.0079,0.0026,0.0,0.0023,0.0,0.0002,0.0,0.0158,0.0291
openstacks-opt14-strips-p20_2,0,False,19,440,820,1340,0,2163,0,0,0,0,2,0,0,,0.0,1.0,1e+20,1,0.0078,0.0026,0.0,0.002,0.0,0.0002,0.0,0.0159,0.0288
openstacks-opt14-strips-p20_3,0,False,19,440,820,1340,0,2209,0,0,0,0,2,0,0,,0.0,1.0,1e+20,1,0.0077,0.0027,0.0,0.0027,0.0,0.0002,0.0,0.0162,0.0297
openstacks-opt14-strips-p25_1,0,False,24,675,1275,2050,0,3323,0,0,0,0,2,0,0,,0.0,1.0,1e+20,1,0.0096,0.0048,0.0,0.0025,0.0,0.0003,0.0,0.022,0.0394
openstacks-opt14-strips-p25_3,0,False,24,675,1275,2050,0,3403,0,0,0,0,2,0,0,,0.0,1.0,1e+20,1,0.0101,0.0049,0.0,0.0028,0.0,0.0003,0.0,0.0226,0.041
openstacks-opt14-strips-p30_1,0,False,29,960,1830,2910,0,4733,0,0,0,0,2,0,0,,0.0,1.0,1e+20,1,0.0135,0.0078,0.0,0.0035,0.0,0.0004,0.0,0.0298,0.0551
openstacks-opt14-strips-p30_2,0,False,29,960,1830,2910,0,4743,0,0,0,0,2,0,0,,0.0,1.0,1e+20,1,0.0124,0.0078,0.0,0.0031,0.0,0.0004,0.0,0.03,0.0538
openstacks-opt14-strips-p30_3,0,False,29,960,1830,2910,0,4865,0,0,0,0,2,0,0,,0.0,1.0,1e+20,1,0.0139,0.0082,0.0,0.0032,0.0,0.0005,0.0,0.0311,0.0572
openstacks-opt14-strips-p35_1,0,False,34,1295,2485,3920,0,6407,0,0,0,0,2,0,0,,0.0,1.0,1e+20,1,0.0155,0.0119,0.0,0.0045,0.0,0.0006,0.0,0.0406,0.0732
openstacks-opt14-strips-p35_2,0,False,34,1295,2485,3920,0,6415,0,0,0,0,2,0,0,,0.0,1.0,1e+20,1,0.0161,0.0118,0.0,0.0038,0.0,0.0006,0.0,0.0407,0.0731
openstacks-opt14-strips-p35_3,0,False,34,1295,2485,3920,0,6567,0,0,0,0,2,0,0,,0.0,1.0,1e+20,1,0.0158,0.0122,0.0,0.0043,0.0,0.0007,0.0,0.0421,0.0751
openstacks-opt14-strips-p40_1,0,False,39,1680,3240,5080,0,8319,0,0,0,0,2,0,0,,0.0,1.0,1e+20,1,0.0183,0.0176,0.0,0.0052,0.0,0.0009,0.0,0.0533,0.0951
openstacks-opt14-strips-p40_2,0,False,39,1680,3240,5080,0,8327,0,0,0,0,2,0,0,,0.0,1.0,1e+20,1,0.0187,0.0177,0.0,0.0055,0.0,0.0009,0.0,0.0528,0.0955
openstacks-opt14-strips-p40_3,0,False,39,1680,3240,5080,0,8507,0,0,0,0,2,0,0,,0.0,1.0,1e+20,1,0.02,0.0181,0.0,0.005,0.0,0.0009,0.0,0.0556,0.0995
openstacks-opt14-strips-p45_1,0,False,44,2115,4095,6390,0,10481,0,0,0,0,2,0,0,,0.0,1.0,1e+20,1,0.0221,0.0247,0.0,0.0059,0.0,0.0012,0.0,0.0662,0.1199
openstacks-opt14-strips-p45_2,0,False,44,2115,4095,6390,0,10513,0,0,0,0,2,0,0,,0.0,1.0,1e+20,1,0.0221,0.0246,0.0,0.0061,0.0,0.0012,0.0,0.0669,0.1206
openstacks-opt14-strips-p45_3,0,False,44,2115,4095,6390,0,10749,0,0,0,0,2,0,0,,0.0,1.0,1e+20,1,0.0234,0.0251,0.0,0.0063,0.0,0.0013,0.0,0.0698,0.1256
openstacks-opt14-strips-p50_1,0,False,49,2600,5050,7850,0,12901,0,0,0,0,2,0,0,,0.0,1.0,1e+20,1,0.0287,0.0321,0.0,0.0075,0.0,0.0015,0.0,0.0877,0.1571
openstacks-opt14-strips-p50_2,0,False,49,2600,5050,7850,0,12929,0,0,0,0,2,0,0,,0.0,1.0,1e+20,1,0.0262,0.0325,0.0,0.0078,0.0,0.0015,0.0,0.0886,0.1561
openstacks-opt14-strips-p50_3,0,False,49,2600,5050,7850,0,13191,0,0,0,0,2,0,0,,0.0,1.0,1e+20,1,0.03,0.0335,0.0,0.0085,0.0,0.0017,0.0,0.0912,0.1642
openstacks-p01,-3,False,0,0,0,0,0,0,0,0,0,0,0,0,0,,0.0,0.0,1e+20,1e+20,0,0,0,0,0,0,0,0,0
openstacks-p02,-3,False,0,0,0,0,0,0,0,0,0,0,0,0,0,,0.0,0.0,1e+20,1e+20,0,0,0,0,0,0,0,0,0
openstacks-p03,-3,False,0,0,0,0,0,0,0,0,0,0,0,0,0,,0.0,0.0,1e+20,1e+20,0,0,0,0,0,0,0,0,0
openstacks-p04,-3,False,0,0,0,0,0,0,0,0,0,0,0,0,0,,0.0,0.0,1e+20,1e+20,0,0,0,0,0,0,0,0,0
openstacks-p05,-3,False,0,0,0,0,0,0,0,0,0,0,0,0,0,,0.0,0.0,1e+20,1e+20,0,0,0,0,0,0,0,0,0
openstacks-p06,-3,False,0,0,0,0,0,0,0,0,0,0,0,0,0,,0.0,0.0,1e+20,1e+20,0,0,0,0,0,0,0,0,0
openstacks-p07,-3,False,0,0,0,0,0,0,0,0,0,0,0,0,0,,0.0,0.0,1e+20,1e+20,0,0,0,0,0,0,0,0,0
openstacks-p08,-3,False,0,0,0,0,0,0,0,0,0,0,0,0,0,,0.0,0.0,1e+20,1e+20,0,0,0,0,0,0,0,0,0
openstacks-p09,-3,False,0,0,0,0,0,0,0,0,0,0,0,0,0,,0.0,0.0,1e+20,1e+20,0,0,0,0,0,0,0,0,0
openstacks-p10,-3,False,0,0,0,0,0,0,0,0,0,0,0,0,0,,0.0,0.0,1e+20,1e+20,0,0,0,0,0,0,0,0,0
openstacks-p11,-3,False,0,0,0,0,0,0,0,0,0,0,0,0,0,,0.0,0.0,1e+20,1e+20,0,0,0,0,0,0,0,0,0
openstacks-p12,-3,False,0,0,0,0,0,0,0,0,0,0,0,0,0,,0.0,0.0,1e+20,1e+20,0,0,0,0,0,0,0,0,0
openstacks-p13,-3,False,0,0,0,0,0,0,0,0,0,0,0,0,0,,0.0,0.0,1e+20,1e+20,0,0,0,0,0,0,0,0,0
openstacks-p14,-3,False,0,0,0,0,0,0,0,0,0,0,0,0,0,,0.0,0.0,1e+20,1e+20,0,0,0,0,0,0,0,0,0
openstacks-p15,-3,False,0,0,0,0,0,0,0,0,0,0,0,0,0,,0.0,0.0,1e+20,1e+20,0,0,0,0,0,0,0,0,0
openstacks-p16,-3,False,0,0,0,0,0,0,0,0,0,0,0,0,0,,0.0,0.0,1e+20,1e+20,0,0,0,0,0,0,0,0,0
openstacks-p17,-3,False,0,0,0,0,0,0,0,0,0,0,0,0,0,,0.0,0.0,1e+20,1e+20,0,0,0,0,0,0,0,0,0
openstacks-p18,-3,False,0,0,0,0,0,0,0,0,0,0,0,0,0,,0.0,0.0,1e+20,1e+20,0,0,0,0,0,0,0,0,0
openstacks-p19,-3,False,0,0,0,0,0,0,0,0,0,0,0,0,0,,0.0,0.0,1e+20,1e+20,0,0,0,0,0,0,0,0,0
openstacks-p20,-3,False,0,0,0,0,0,0,0,0,0,0,0,0,0,,0.0,0.0,1e+20,1e+20,0,0,0,0,0,0,0,0,0
openstacks-p21,-3,False,0,0,0,0,0,0,0,0,0,0,0,0,0,,0.0,0.0,1e+20,1e+20,0,0,0,0,0,0,0,0,0
openstacks-p22,-3,False,0,0,0,0,0,0,0,0,0,0,0,0,0,,0.0,0.0,1e+20,1e+20,0,0,0,0,0,0,0,0,0
openstacks-p23,-3,False,0,0,0,0,0,0,0,0,0,0,0,0,0,,0.0,0.0,1e+20,1e+20,0,0,0,0,0,0,0,0,0
openstacks-p24,-3,False,0,0,0,0,0,0,0,0,0,0,0,0,0,,0.0,0.0,1e+20,1e+20,0,0,0,0,0,0,0,0,0
openstacks-p25,-3,False,0,0,0,0,0,0,0,0,0,0,0,0,0,,0.0,0.0,1e+20,1e+20,0,0,0,0,0,0,0,0,0
openstacks-p26,-3,False,0,0,0,0,0,0,0,0,0,0,0,0,0,,0.0,0.0,1e+20,1e+20,0,0,0,0,0,0,0,0,0
openstacks-p27,-3,False,0,0,0,0,0,0,0,0,0,0,0,0,0,,0.0,0.0,1e+20,1e+20,0,0,0,0,0,0,0,0,0
openstacks-p28,-3,False,0,0,0,0,0,0,0,0,0,0,0,0,0,,0.0,0.0,1e+20,1e+20,0,0,0,0,0,0,0,0,0
openstacks-p29,-3,False,0,0,0,0,0,0,0,0,0,0,0,0,0,,0.0,0.0,1e+20,1e+20,0,0,0,0,0,0,0,0,0
openstacks-p30,-3,False,0,0,0,0,0,0,0,0,0,0,0,0,0,,0.0,0.0,1e+20,1e+20,0,0,0,0,0,0,0,0,0
openstacks-sat08-strips-p01,0,False,4,35,55,110,0,163,0,0,0,0,2,0,0,,0.0,1.0,1e+20,1,0.005,0.0001,0.0,0.0013,0.0,0.0001,0.0,0.0036,0.0104
openstacks-sat08-strips-p02,0,False,4,35,55,110,0,163,0,0,0,0,2,0,0,,0.0,1.0,1e+20,1,0.0052,0.0001,0.0,0.0015,0.0,0.0001,0.0,0.0037,0.0109
openstacks-sat08-strips-p03,0,False,4,35,55,110,0,161,0,0,0,0,2,0,0,,0.0,1.0,1e+20,1,0.0057,0.0001,0.0,0.0013,0.0,0.0001,0.0,0.0037,0.011
openstacks-sat08-strips-p04,0,False,9,120,210,370,0,579,0,0,0,0,2,0,0,,0.0,1.0,1e+20,1,0.0047,0.0005,0.0,0.0013,0.0,0.0001,0.0,0.0062,0.013
openstacks-sat08-strips-p05,0,False,9,120,210,370,0,577,0,0,0,0,2,0,0,,0.0,1.0,1e+20,1,0.0043,0.0005,0.0,0.0012,0.0,0.0001,0.0,0.0061,0.0125
openstacks-sat08-strips-p06,0,False,9,120,210,370,0,579,0,0,0,0,2,0,0,,0.0,1.0,1e+20,1,0.0053,0.0005,0.0,0.0015,0.0,0.0001,0.0,0.0061,0.0138
openstacks-sat08-strips-p07,0,False,14,255,465,780,0,1247,0,0,0,0,2,0,0,,0.0,1.0,1e+20,1,0.0061,0.0012,0.0,0.0018,0.0,0.0001,0.0,0.0103,0.0198
openstacks-sat08-strips-p08,0,False,14,255,465,780,0,1243,0,0,0,0,2,0,0,,0.0,1.0,1e+20,1,0.0057,0.0012,0.0,0.0018,0.0,0.0001,0.0,0.0102,0.0193
openstacks-sat08-strips-p09,0,False,14,255,465,780,0,1243,0,0,0,0,2,0,0,,0.0,1.0,1e+20,1,0.0061,0.0013,0.0,0.0017,0.0,0.0001,0.0,0.0102,0.0197
openstacks-sat08-strips-p10,0,False,19,440,820,1340,0,2167,0,0,0,0,2,0,0,,0.0,1.0,1e+20,1,0.0086,0.0026,0.0,0.002,0.0,0.0002,0.0,0.016,0.0296
openstacks-sat08-strips-p11,0,False,19,440,820,1340,0,2175,0,0,0,0,2,0,0,,0.0,1.0,1e+20,1,0.0076,0.0026,0.0,0.0021,0.0,0.0002,0.0,0.0158,0.0286
openstacks-sat08-strips-p12,0,False,19,440,820,1340,0,2167,0,0,0,0,2,0,0,,0.0,1.0,1e+20,1,0.0074,0.0027,0.0,0.002,0.0,0.0002,0.0,0.0159,0.0284
openstacks-sat08-strips-p13,0,False,29,960,1830,2910,0,4749,0,0,0,0,2,0,0,,0.0,1.0,1e+20,1,0.0134,0.0078,0.0,0.003,0.0,0.0004,0.0,0.0301,0.0548
openstacks-sat08-strips-p14,0,False,29,960,1830,2910,0,4763,0,0,0,0,2,0,0,,0.0,1.0,1e+20,1,0.0139,0.0079,0.0,0.0031,0.0,0.0004,0.0,0.0301,0.0555
openstacks-sat08-strips-p15,0,False,29,960,1830,2910,0,4753,0,0,0,0,2,0,0,,0.0,1.0,1e+20,1,0.0128,0.0078,0.0,0.0033,0.0,0.0004,0.0,0.0301,0.0545
openstacks-sat08-strips-p16,0,False,39,1680,3240,5080,0,8363,0,0,0,0,2,0,0,,0.0,1.0,1e+20,1,0.0189,0.0178,0.0,0.0049,0.0,0.0009,0.0,0.0534,0.0958
openstacks-sat08-strips-p17,0,False,39,1680,3240,5080,0,8349,0,0,0,0,2,0,0,,0.0,1.0,1e+20,1,0.0195,0.0176,0.0,0.0049,0.0,0.0009,0.0,0.0537,0.0966
openstacks-sat08-strips-p18,0,False,39,1680,3240,5080,0,8343,0,0,0,0,2,0,0,,0.0,1.0,1e+20,1,0.0185,0.0178,0.0,0.0054,0.0,0.0009,0.0,0.0536,0.0962
openstacks-sat08-strips-p19,0,False,49,2600,5050,7850,0,12967,0,0,0,0,2,0,0,,0.0,1.0,1e+20,1,0.0274,0.0326,0.0,0.0076,0.0,0.0015,0.0,0.0883,0.157
openstacks-sat08-strips-p20,0,False,49,2600,5050,7850,0,12991,0,0,0,0,2,0,0,,0.0,1.0,1e+20,1,0.0275,0.0328,0.0,0.0078,0.0,0.0015,0.0,0.0887,0.1579
openstacks-sat08-strips-p21,0,False,49,2600,5050,7850,0,12951,0,0,0,0,2,0,0,,0.0,1.0,1e+20,1,0.0265,0.0323,0.0,0.0075,0.0,0.0015,0.0,0.0883,0.1557
openstacks-sat08-strips-p22,0,False,59,3720,7260,11220,0,18605,0,0,0,0,2,0,0,,0.0,1.0,1e+20,1,0.04,0.0539,0.0,0.0107,0.0,0.0025,0.0,0.1286,0.2344
openstacks-sat08-strips-p23,0,False,59,3720,7260,11220,0,18563,0,0,0,0,2,0,0,,0.0,1.0,1e+20,1,0.0388,0.0539,0.0,0.0109,0.0,0.0024,0.0,0.1288,0.2336
openstacks-sat08-strips-p24,0,False,59,3720,7260,11220,0,18559,0,0,0,0,2,0,0,,0.0,1.0,1e+20,1,0.0393,0.0546,0.0,0.0108,0.0,0.0024,0.0,0.1284,0.2344
openstacks-sat08-strips-p25,0,False,79,6560,12880,19760,0,32813,0,0,0,0,2,0,0,,0.0,1.0,1e+20,1,0.0716,0.1273,0.0,0.0204,0.0,0.0052,0.0,0.2386,0.4603
openstacks-sat08-strips-p26,0,False,79,6560,12880,19760,0,32775,0,0,0,0,2,0,0,,0.0,1.0,1e+20,1,0.0703,0.1289,0.0,0.0204,0.0,0.0051,0.0,0.2374,0.4594
openstacks-sat08-strips-p27,0,False,79,6560,12880,19760,0,32801,0,0,0,0,2,0,0,,0.0,1.0,1e+20,1,0.0737,0.1268,0.0,0.0206,0.0,0.0051,0.0,0.2379,0.4615
openstacks-sat08-strips-p28,0,False,99,10200,20100,30700,0,51073,0,0,0,0,2,0,0,,0.0,1.0,1e+20,1,0.1214,0.2444,0.0,0.0365,0.0,0.0095,0.0,0.3983,0.8045
openstacks-sat08-strips-p29,0,False,99,10200,20100,30700,0,51079,0,0,0,0,2,0,0,,0.0,1.0,1e+20,1,0.1245,0.2495,0.0,0.0364,0.0,0.0093,0.0,0.3998,0.8141
openstacks-sat08-strips-p30,0,False,99,10200,20100,30700,0,51087,0,0,0,0,2,0,0,,0.0,1.0,1e+20,1,0.1222,0.248,0.0,0.0358,0.0,0.0094,0.0,0.4012,0.8112
openstacks-sat11-strips-p01,0,False,49,2600,5050,7850,0,12951,0,0,0,0,2,0,0,,0.0,1.0,1e+20,1,0.0301,0.0323,0.0,0.0076,0.0,0.0015,0.0,0.0802,0.1512
openstacks-sat11-strips-p02,0,False,59,3720,7260,11220,0,18605,0,0,0,0,2,0,0,,0.0,1.0,1e+20,1,0.0378,0.0544,0.0,0.0107,0.0,0.0025,0.0,0.1288,0.2329
openstacks-sat11-strips-p03,0,False,59,3720,7260,11220,0,18559,0,0,0,0,2,0,0,,0.0,1.0,1e+20,1,0.0385,0.054,0.0,0.0115,0.0,0.0024,0.0,0.1273,0.2325
openstacks-sat11-strips-p04,0,False,79,6560,12880,19760,0,32813,0,0,0,0,2,0,0,,0.0,1.0,1e+20,1,0.0737,0.1268,0.0,0.0204,0.0,0.0051,0.0,0.2394,0.4626
openstacks-sat11-strips-p05,0,False,79,6560,12880,19760,0,32775,0,0,0,0,2,0,0,,0.0,1.0,1e+20,1,0.2984,0.1271,0.0,0.0206,0.0,0.0051,0.0,0.2373,0.6859
openstacks-sat11-strips-p06,0,False,79,6560,12880,19760,0,32801,0,0,0,0,2,0,0,,0.0,1.0,1e+20,1,0.0722,0.1269,0.0,0.0204,0.0,0.0051,0.0,0.2377,0.4596
openstacks-sat11-strips-p07,0,False,49,2600,5050,7850,0,12991,0,0,0,0,2,0,0,,0.0,1.0,1e+20,1,0.0273,0.0326,0.0,0.0078,0.0,0.0015,0.0,0.0812,0.1499
openstacks-sat11-strips-p08,0,False,99,10200,20100,30700,0,51073,0,0,0,0,2,0,0,,0.0,1.0,1e+20,1,0.1225,0.2512,0.0,0.0362,0.0,0.0093,0.0,0.3978,0.8118
openstacks-sat11-strips-p09,0,False,99,10200,20100,30700,0,51079,0,0,0,0,2,0,0,,0.0,1.0,1e+20,1,0.1204,0.2464,0.0,0.0364,0.0,0.0092,0.0,0.3983,0.8056
openstacks-sat11-strips-p10,0,False,99,10200,20100,30700,0,51087,0,0,0,0,2,0,0,,0.0,1.0,1e+20,1,0.1218,0.2493,0.0,0.0366,0.0,0.0095,0.0,0.3987,0.8102
openstacks-sat11-strips-p11,0,False,129,17160,33930,51610,0,85823,0,0,0,0,2,0,0,,0.0,1.0,1e+20,1,0.2384,0.5596,0.0,0.0674,0.0,0.0222,0.0,0.8162,1.689
openstacks-sat11-strips-p12,0,False,129,17160,33930,51610,0,87209,0,0,0,0,2,0,0,,0.0,1.0,1e+20,1,0.2611,0.5672,0.0,0.0717,0.0,0.0243,0.0,0.8588,1.7661
openstacks-sat11-strips-p13,0,False,159,25920,51360,77920,0,129655,0,0,0,0,2,0,0,,0.0,1.0,1e+20,1,0.4092,1.0582,0.0,0.1164,0.0,0.0438,0.0,1.3751,2.9712
openstacks-sat11-strips-p14,0,False,159,25920,51360,77920,0,131465,0,0,0,0,2,0,0,,0.0,1.0,1e+20,1,0.4461,1.1593,0.0,0.1275,0.0,0.05,0.0,1.4564,3.2017
openstacks-sat11-strips-p15,0,False,189,36480,72390,109630,0,182729,0,0,0,0,2,0,0,,0.0,1.0,1e+20,1,0.6572,1.851,0.0,0.1829,0.0,0.0744,0.0,2.2252,4.935
openstacks-sat11-strips-p16,0,False,189,36480,72390,109630,0,184887,0,0,0,0,2,0,0,,0.0,1.0,1e+20,1,0.709,2.0087,0.0,0.1963,0.0,0.0858,0.0,2.332,5.265
openstacks-sat11-strips-p17,0,False,219,48840,97020,146740,0,244739,0,0,0,0,2,0,0,,0.0,1.0,1e+20,1,0.9797,3.3204,0.0,0.2715,0.0,0.113,0.0,3.303,7.9025
openstacks-sat11-strips-p18,0,False,219,48840,97020,146740,0,247575,0,0,0,0,2,0,0,,0.0,1.0,1e+20,1,1.0567,3.4189,0.0,0.2977,0.0,0.132,0.0,3.4739,8.2748
openstacks-sat11-strips-p19,0,False,249,63000,125250,189250,0,315821,0,0,0,0,2,0,0,,0.0,1.0,1e+20,1,1.4055,5.2055,0.0,0.4137,0.0,0.1579,0.0,4.7801,11.8436
openstacks-sat11-strips-p20,0,False,249,63000,125250,189250,0,319223,0,0,0,0,2,0,0,,0.0,1.0,1e+20,1,1.5011,4.5132,0.0,0.4491,0.0,0.1843,0.0,5.0211,11.5229
openstacks-sat14-strips-p170_2,0,False,169,29240,57970,87890,0,146415,0,0,0,0,2,0,0,,0.0,1.0,1e+20,1,0.4867,1.3165,0.0,0.1304,0.0,0.0531,0.0,1.6408,3.5885
openstacks-sat14-strips-p170_3,0,False,169,29240,57970,87890,0,148211,0,0,0,0,2,0,0,,0.0,1.0,1e+20,1,0.5287,1.417,0.0,0.1424,0.0,0.06,0.0,1.7139,3.8163
openstacks-sat14-strips-p190_1,0,False,189,36480,72390,109630,0,182513,0,0,0,0,2,0,0,,0.0,1.0,1e+20,1,0.6475,1.8604,0.0,0.1822,0.0,0.0746,0.0,2.2042,4.9131
openstacks-sat14-strips-p190_2,0,False,189,36480,72390,109630,0,182759,0,0,0,0,2,0,0,,0.0,1.0,1e+20,1,0.6534,1.8821,0.0,0.1844,0.0,0.0747,0.0,2.2229,4.9619
openstacks-sat14-strips-p190_3,0,False,189,36480,72390,109630,0,184881,0,0,0,0,2,0,0,,0.0,1.0,1e+20,1,0.7166,1.9966,0.0,0.1957,0.0,0.0865,0.0,2.337,5.2648
openstacks-sat14-strips-p210_1,0,False,209,44520,88410,133770,0,222733,0,0,0,0,2,0,0,,0.0,1.0,1e+20,1,0.8514,2.635,0.0,0.2308,0.0,0.0989,0.0,2.919,6.6608
openstacks-sat14-strips-p210_2,0,False,209,44520,88410,133770,0,222927,0,0,0,0,2,0,0,,0.0,1.0,1e+20,1,1.1403,2.8273,0.0,0.2332,0.0,0.0994,0.0,2.9216,7.1471
openstacks-sat14-strips-p210_3,0,False,209,44520,88410,133770,0,225659,0,0,0,0,2,0,0,,0.0,1.0,1e+20,1,0.9401,2.8874,0.0,0.2574,0.0,0.1176,0.0,3.0802,7.1898
openstacks-sat14-strips-p230_1,0,False,229,53360,106030,160310,0,266897,0,0,0,0,2,0,0,,0.0,1.0,1e+20,1,1.0836,3.8502,0.0,0.3026,0.0,0.1271,0.0,3.748,9.0156
openstacks-sat14-strips-p230_2,0,False,229,53360,106030,160310,0,267405,0,0,0,0,2,0,0,,0.0,1.0,1e+20,1,1.1053,3.9532,0.0,0.3063,0.0,0.1315,0.0,3.7636,9.1595
openstacks-sat14-strips-p230_3,0,False,229,53360,106030,160310,0,270389,0,0,0,0,2,0,0,,0.0,1.0,1e+20,1,1.2068,4.057,0.0,0.3337,0.0,0.1496,0.0,3.9412,9.5697
openstacks-sat14-strips-p250_1,0,False,249,63000,125250,189250,0,315303,0,0,0,0,2,0,0,,0.0,1.0,1e+20,1,1.3858,5.3122,0.0,0.4072,0.0,0.1546,0.0,4.7456,11.8899
openstacks-sat14-strips-p250_2,0,False,249,63000,125250,189250,0,315661,0,0,0,0,2,0,0,,0.0,1.0,1e+20,1,1.3909,5.1318,0.0,0.4126,0.0,0.1584,0.0,4.7853,11.7594
openstacks-sat14-strips-p250_3,0,False,249,63000,125250,189250,0,319247,0,0,0,0,2,0,0,,0.0,1.0,1e+20,1,1.5056,4.5371,0.0,0.4479,0.0,0.1851,0.0,4.9981,11.527
openstacks-sat14-strips-p270_1,0,False,269,73440,146070,220590,0,367741,0,0,0,0,2,0,0,,0.0,1.0,1e+20,1,1.7174,6.6674,0.0,0.5018,0.0,0.199,0.0,6.1546,15.0884
openstacks-sat14-strips-p270_2,0,False,269,73440,146070,220590,0,368157,0,0,0,0,2,0,0,,0.0,1.0,1e+20,1,1.7367,6.6728,0.0,0.5202,0.0,0.2053,0.0,6.1781,15.1555
openstacks-sat14-strips-p270_3,0,False,269,73440,146070,220590,0,371855,0,0,0,0,2,0,0,,0.0,1.0,1e+20,1,1.872,5.8036,0.0,0.5788,0.0,0.2371,0.0,6.4287,14.7295
openstacks-sat14-strips-p290_1,0,False,289,84680,168490,254330,0,423963,0,0,0,0,2,0,0,,0.0,1.0,1e+20,1,2.0924,8.4793,0.0,0.6305,0.0,0.2432,0.0,7.7606,19.0198
openstacks-sat14-strips-p290_2,0,False,289,84680,168490,254330,0,424631,0,0,0,0,2,0,0,,0.0,1.0,1e+20,1,2.1336,8.227,0.0,0.6437,0.0,0.249,0.0,7.9124,18.9731
openstacks-sat14-strips-p290_3,0,False,289,84680,168490,254330,0,428657,0,0,0,0,2,0,0,,0.0,1.0,1e+20,1,2.2628,7.7151,0.0,0.6981,0.0,0.2849,0.0,8.07,18.8021
openstacks-strips-p01,0,True,4,40,65,135,0,209,0,0,0,0,4,0,0,,0.0,21.0,1e+20,21,0.0052,0.0002,0.0,0.0014,0.0,0.0001,0.0,0.0058,0.013
openstacks-strips-p02,0,True,4,40,65,135,0,209,0,0,0,0,4,0,0,,0.0,21.0,1e+20,21,0.0055,0.0002,0.0,0.001,0.0,0.0001,0.0,0.0058,0.0128
openstacks-strips-p03,0,True,4,40,65,135,0,209,0,0,0,0,4,0,0,,0.0,21.0,1e+20,21,0.0049,0.0002,0.0,0.0014,0.0,0.0001,0.0,0.0058,0.0128
openstacks-strips-p04,0,True,4,40,65,135,0,209,0,0,0,0,4,0,0,,0.0,21.0,1e+20,21,0.0056,0.0002,0.0,0.001,0.0,0.0001,0.0,0.0058,0.0131
openstacks-strips-p05,0,True,4,40,65,135,0,209,0,0,0,0,4,0,0,,0.0,21.0,1e+20,21,0.005,0.0002,0.0,0.0009,0.0,0.0001,0.0,0.0059,0.0124
openstacks-strips-p06,0,True,9,130,230,420,0,699,0,0,0,0,4,0,0,,0.0,41.0,1e+20,41,0.0064,0.001,0.0,0.0015,0.0,0.0001,0.0,0.0106,0.0199
openstacks-strips-p07,0,True,9,130,230,420,0,699,0,0,0,0,4,0,0,,0.0,41.0,1e+20,41,0.0065,0.001,0.0,0.0012,0.0,0.0001,0.0,0.0106,0.0198
openstacks-strips-p08,0,True,14,290,551,963,0,1807,0,0,0,0,4,0,0,,0.0,81.0,1e+20,81,0.0131,0.0042,0.0,0.0022,0.0,0.0003,0.0,0.0213,0.0413
openstacks-strips-p09,0,True,14,290,551,963,0,1837,0,0,0,0,4,0,0,,0.0,81.0,1e+20,81,0.011,0.0043,0.0,0.0021,0.0,0.0003,0.0,0.0214,0.0394
openstacks-strips-p10,0,True,19,460,881,1463,0,2422,0,0,0,0,4,0,0,,0.0,81.0,1e+20,81,0.014,0.0056,0.0,0.0024,0.0,0.0003,0.0,0.0339,0.0566
openstacks-strips-p11,0,True,19,460,881,1463,0,2422,0,0,0,0,4,0,0,,0.0,81.0,1e+20,81,0.014,0.0059,0.0,0.0023,0.0,0.0003,0.0,0.0338,0.0565
openstacks-strips-p12,0,True,19,460,881,1463,0,2482,0,0,0,0,4,0,0,,0.0,81.0,1e+20,81,0.0146,0.0058,0.0,0.0023,0.0,0.0003,0.0,0.034,0.0573
openstacks-strips-p13,0,True,19,460,881,1463,0,2542,0,0,0,0,4,0,0,,0.0,81.0,1e+20,81,0.0144,0.0061,0.0,0.0032,0.0,0.0003,0.0,0.0335,0.0578
openstacks-strips-p14,0,True,19,460,881,1463,0,2542,0,0,0,0,4,0,0,,0.0,81.0,1e+20,81,0.0143,0.0062,0.0,0.0023,0.0,0.0003,0.0,0.0339,0.0572
openstacks-strips-p15,0,True,19,460,881,1463,0,2602,0,0,0,0,4,0,0,,0.0,81.0,1e+20,81,0.0142,0.006,0.0,0.0022,0.0,0.0003,0.0,0.0341,0.057
openstacks-strips-p16,0,True,19,460,881,1463,0,2602,0,0,0,0,4,0,0,,0.0,81.0,1e+20,81,0.015,0.0059,0.0,0.0024,0.0,0.0003,0.0,0.0341,0.058
openstacks-strips-p17,0,True,19,480,921,1553,0,2981,0,0,0,0,4,0,0,,0.0,101.0,1e+20,101,0.0166,0.0082,0.0,0.0025,0.0,0.0004,0.0,0.0349,0.0629
openstacks-strips-p18,0,True,24,768,1487,2509,0,5218,0,0,0,0,4,0,0,,0.0,169.0,1e+20,169,0.0316,0.024,0.0,0.0037,0.0,0.0007,0.0,0.0585,0.1187
openstacks-strips-p19,0,True,24,700,1351,2203,0,3622,0,0,0,0,4,0,0,,0.0,101.0,1e+20,101,0.0185,0.0105,0.0,0.003,0.0,0.0004,0.0,0.0497,0.0823
openstacks-strips-p20,0,True,29,990,1921,3093,0,5132,0,0,0,0,4,0,0,,0.0,121.0,1e+20,121,0.0254,0.0171,0.0,0.0032,0.0,0.0006,0.0,0.0688,0.1153
openstacks-strips-p21,0,True,29,990,1921,3093,0,5132,0,0,0,0,4,0,0,,0.0,121.0,1e+20,121,0.0242,0.017,0.0,0.0036,0.0,0.0006,0.0,0.068,0.1135
openstacks-strips-p22,0,True,29,990,1921,3093,0,5222,0,0,0,0,4,0,0,,0.0,121.0,1e+20,121,0.0259,0.0177,0.0,0.0034,0.0,0.0006,0.0,0.0694,0.1171
openstacks-strips-p23,0,True,29,990,1921,3093,0,5312,0,0,0,0,4,0,0,,0.0,121.0,1e+20,121,0.0261,0.0177,0.0,0.0034,0.0,0.0006,0.0,0.0693,0.1173
openstacks-strips-p24,0,True,49,2650,5201,8153,0,17845,0,0,0,0,4,0,0,,0.0,201.0,1e+20,201,0.0994,0.0983,0.0,0.0167,0.0,0.0029,0.0,0.2796,0.4957
openstacks-strips-p25,0,True,49,2650,5201,8153,0,17146,0,0,0,0,4,0,0,,0.0,201.0,1e+20,201,0.0932,0.0926,0.0,0.0147,0.0,0.0026,0.0,0.2483,0.4503
openstacks-strips-p26,0,True,49,2650,5201,8153,0,13615,0,0,0,0,4,0,0,,0.0,201.0,1e+20,201,0.0668,0.0691,0.0,0.0102,0.0,0.0019,0.0,0.2269,0.3744
openstacks-strips-p27,0,True,74,5850,11551,17853,0,29969,0,0,0,0,4,0,0,,0.0,301.0,1e+20,301,0.1783,0.2254,0.0,0.0219,0.0,0.0045,0.0,0.5314,0.9595
openstacks-strips-p28,0,True,99,10300,20401,31303,0,71503,0,0,0,0,4,0,0,,0.0,401.0,1e+20,401,0.6734,0.9477,0.0,0.0891,0.0,0.0173,0.0,1.3838,3.1012
openstacks-strips-p29,0,True,99,10300,20401,31303,0,67495,0,0,0,0,4,0,0,,0.0,401.0,1e+20,401,0.6115,0.8485,0.0,0.0918,0.0,0.0153,0.0,1.2952,2.8543
openstacks-strips-p30,0,True,99,10300,20401,31303,0,52657,0,0,0,0,4,0,0,,0.0,401.0,1e+20,401,0.3729,0.5764,0.0,0.0478,0.0,0.0089,0.0,1.0359,2.0369
optical-telegraphs-p01-opt2,-3,False,0,0,0,0,0,0,0,0,0,0,0,0,0,,0.0,0.0,1e+20,1e+20,0,0,0,0,0,0,0,0,0
optical-telegraphs-p02-opt3,-3,False,0,0,0,0,0,0,0,0,0,0,0,0,0,,0.0,0.0,1e+20,1e+20,0,0,0,0,0,0,0,0,0
optical-telegraphs-p03-opt4,-3,False,0,0,0,0,0,0,0,0,0,0,0,0,0,,0.0,0.0,1e+20,1e+20,0,0,0,0,0,0,0,0,0
optical-telegraphs-p04-opt5,-3,False,0,0,0,0,0,0,0,0,0,0,0,0,0,,0.0,0.0,1e+20,1e+20,0,0,0,0,0,0,0,0,0
optical-telegraphs-p05-opt6,-3,False,0,0,0,0,0,0,0,0,0,0,0,0,0,,0.0,0.0,1e+20,1e+20,0,0,0,0,0,0,0,0,0
optical-telegraphs-p06-opt7,-3,False,0,0,0,0,0,0,0,0,0,0,0,0,0,,0.0,0.0,1e+20,1e+20,0,0,0,0,0,0,0,0,0
optical-telegraphs-p07-opt8,-3,False,0,0,0,0,0,0,0,0,0,0,0,0,0,,0.0,0.0,1e+20,1e+20,0,0,0,0,0,0,0,0,0
optical-telegraphs-p08-opt9,-3,False,0,0,0,0,0,0,0,0,0,0,0,0,0,,0.0,0.0,1e+20,1e+20,0,0,0,0,0,0,0,0,0
optical-telegraphs-p09-opt10,-3,False,0,0,0,0,0,0,0,0,0,0,0,0,0,,0.0,0.0,1e+20,1e+20,0,0,0,0,0,0,0,0,0
optical-telegraphs-p10-opt11,-3,False,0,0,0,0,0,0,0,0,0,0,0,0,0,,0.0,0.0,1e+20,1e+20,0,0,0,0,0,0,0,0,0
optical-telegraphs-p11-opt12,-3,False,0,0,0,0,0,0,0,0,0,0,0,0,0,,0.0,0.0,1e+20,1e+20,0,0,0,0,0,0,0,0,0
optical-telegraphs-p12-opt13,-3,False,0,0,0,0,0,0,0,0,0,0,0,0,0,,0.0,0.0,1e+20,1e+20,0,0,0,0,0,0,0,0,0
optical-telegraphs-p13-opt14,-3,False,0,0,0,0,0,0,0,0,0,0,0,0,0,,0.0,0.0,1e+20,1e+20,0,0,0,0,0,0,0,0,0
optical-telegraphs-p14-opt15,-3,False,0,0,0,0,0,0,0,0,0,0,0,0,0,,0.0,0.0,1e+20,1e+20,0,0,0,0,0,0,0,0,0
optical-telegraphs-p15-opt16,-3,False,0,0,0,0,0,0,0,0,0,0,0,0,0,,0.0,0.0,1e+20,1e+20,0,0,0,0,0,0,0,0,0
optical-telegraphs-p16-opt17,-3,False,0,0,0,0,0,0,0,0,0,0,0,0,0,,0.0,0.0,1e+20,1e+20,0,0,0,0,0,0,0,0,0
optical-telegraphs-p17-opt18,-3,False,0,0,0,0,0,0,0,0,0,0,0,0,0,,0.0,0.0,1e+20,1e+20,0,0,0,0,0,0,0,0,0
optical-telegraphs-p18-opt19,-3,False,0,0,0,0,0,0,0,0,0,0,0,0,0,,0.0,0.0,1e+20,1e+20,0,0,0,0,0,0,0,0,0
optical-telegraphs-p19-opt20,-3,False,0,0,0,0,0,0,0,0,0,0,0,0,0,,0.0,0.0,1e+20,1e+20,0,0,0,0,0,0,0,0,0
optical-telegraphs-p20-opt21,-3,False,0,0,0,0,0,0,0,0,0,0,0,0,0,,0.0,0.0,1e+20,1e+20,0,0,0,0,0,0,0,0,0
optical-telegraphs-p21-opt22,-3,False,0,0,0,0,0,0,0,0,0,0,0,0,0,,0.0,0.0,1e+20,1e+20,0,0,0,0,0,0,0,0,0
optical-telegraphs-p22-opt23,-3,False,0,0,0,0,0,0,0,0,0,0,0,0,0,,0.0,0.0,1e+20,1e+20,0,0,0,0,0,0,0,0,0
optical-telegraphs-p23-opt24,-3,False,0,0,0,0,0,0,0,0,0,0,0,0,0,,0.0,0.0,1e+20,1e+20,0,0,0,0,0,0,0,0,0
optical-telegraphs-p24-opt25,-3,False,0,0,0,0,0,0,0,0,0,0,0,0,0,,0.0,0.0,1e+20,1e+20,0,0,0,0,0,0,0,0,0
optical-telegraphs-p25-opt26,-3,False,0,0,0,0,0,0,0,0,0,0,0,0,0,,0.0,0.0,1e+20,1e+20,0,0,0,0,0,0,0,0,0
optical-telegraphs-p26-opt27,-3,False,0,0,0,0,0,0,0,0,0,0,0,0,0,,0.0,0.0,1e+20,1e+20,0,0,0,0,0,0,0,0,0
optical-telegraphs-p27-opt28,-3,False,0,0,0,0,0,0,0,0,0,0,0,0,0,,0.0,0.0,1e+20,1e+20,0,0,0,0,0,0,0,0,0
optical-telegraphs-p28-opt29,-3,False,0,0,0,0,0,0,0,0,0,0,0,0,0,,0.0,0.0,1e+20,1e+20,0,0,0,0,0,0,0,0,0
optical-telegraphs-p29-opt30,-3,False,0,0,0,0,0,0,0,0,0,0,0,0,0,,0.0,0.0,1e+20,1e+20,0,0,0,0,0,0,0,0,0
optical-telegraphs-p30-opt31,-3,False,0,0,0,0,0,0,0,0,0,0,0,0,0,,0.0,0.0,1e+20,1e+20,0,0,0,0,0,0,0,0,0
optical-telegraphs-p31-opt32,-3,False,0,0,0,0,0,0,0,0,0,0,0,0,0,,0.0,0.0,1e+20,1e+20,0,0,0,0,0,0,0,0,0
optical-telegraphs-p32-opt33,-3,False,0,0,0,0,0,0,0,0,0,0,0,0,0,,0.0,0.0,1e+20,1e+20,0,0,0,0,0,0,0,0,0
optical-telegraphs-p33-opt34,-3,False,0,0,0,0,0,0,0,0,0,0,0,0,0,,0.0,0.0,1e+20,1e+20,0,0,0,0,0,0,0,0,0
optical-telegraphs-p34-opt35,-3,False,0,0,0,0,0,0,0,0,0,0,0,0,0,,0.0,0.0,1e+20,1e+20,0,0,0,0,0,0,0,0,0
optical-telegraphs-p35-opt36,-3,False,0,0,0,0,0,0,0,0,0,0,0,0,0,,0.0,0.0,1e+20,1e+20,0,0,0,0,0,0,0,0,0
optical-telegraphs-p36-opt37,-3,False,0,0,0,0,0,0,0,0,0,0,0,0,0,,0.0,0.0,1e+20,1e+20,0,0,0,0,0,0,0,0,0
optical-telegraphs-p37-opt38,-3,False,0,0,0,0,0,0,0,0,0,0,0,0,0,,0.0,0.0,1e+20,1e+20,0,0,0,0,0,0,0,0,0
optical-telegraphs-p38-opt39,-3,False,0,0,0,0,0,0,0,0,0,0,0,0,0,,0.0,0.0,1e+20,1e+20,0,0,0,0,0,0,0,0,0
optical-telegraphs-p39-opt40,-3,False,0,0,0,0,0,0,0,0,0,0,0,0,0,,0.0,0.0,1e+20,1e+20,0,0,0,0,0,0,0,0,0
optical-telegraphs-p40-opt41,-3,False,0,0,0,0,0,0,0,0,0,0,0,0,0,,0.0,0.0,1e+20,1e+20,0,0,0,0,0,0,0,0,0
optical-telegraphs-p41-opt42,-3,False,0,0,0,0,0,0,0,0,0,0,0,0,0,,0.0,0.0,1e+20,1e+20,0,0,0,0,0,0,0,0,0
optical-telegraphs-p42-opt43,-3,False,0,0,0,0,0,0,0,0,0,0,0,0,0,,0.0,0.0,1e+20,1e+20,0,0,0,0,0,0,0,0,0
optical-telegraphs-p43-opt44,-3,False,0,0,0,0,0,0,0,0,0,0,0,0,0,,0.0,0.0,1e+20,1e+20,0,0,0,0,0,0,0,0,0
optical-telegraphs-p44-opt45,-3,False,0,0,0,0,0,0,0,0,0,0,0,0,0,,0.0,0.0,1e+20,1e+20,0,0,0,0,0,0,0,0,0
optical-telegraphs-p45-opt46,-3,False,0,0,0,0,0,0,0,0,0,0,0,0,0,,0.0,0.0,1e+20,1e+20,0,0,0,0,0,0,0,0,0
optical-telegraphs-p46-opt47,-3,False,0,0,0,0,0,0,0,0,0,0,0,0,0,,0.0,0.0,1e+20,1e+20,0,0,0,0,0,0,0,0,0
optical-telegraphs-p47-opt48,-3,False,0,0,0,0,0,0,0,0,0,0,0,0,0,,0.0,0.0,1e+20,1e+20,0,0,0,0,0,0,0,0,0
optical-telegraphs-p48-opt49,-3,False,0,0,0,0,0,0,0,0,0,0,0,0,0,,0.0,0.0,1e+20,1e+20,0,0,0,0,0,0,0,0,0
organic-synthesis-opt18-strips-p01,0,True,0,1,9,19,0,18,0,0,0,0,2,0,0,,0.0,1.0,1e+20,1,0.0073,0.0003,0.0,0.0012,0.0,0.0,0.0,0.0009,0.0101
organic-synthesis-opt18-strips-p02,0,True,1,2,17,30,0,28,0,0,0,0,1,0,0,,0.0,1.0,1e+20,1,0.0078,0.0006,0.0,0.0011,0.0,0.0,0.0,0.0018,0.0116
organic-synthesis-opt18-strips-p03,0,True,3,5,22,43,0,62,0,0,0,0,1,0,0,,0.0,2.0,1e+20,2,0.0518,0.0148,0.0,0.0015,0.0,0.0,0.0,0.0012,0.0704
organic-synthesis-opt18-strips-p07,0,True,0,1,12,26,0,24,0,0,0,0,2,0,0,,0.0,2.0,1e+20,2,0.0049,0.0,0.0,0.0012,0.0,0.0,0.0,0.0008,0.0074
organic-synthesis-opt18-strips-p09,0,True,4,4,18,35,0,41,0,0,0,0,1,0,0,,0.0,2.0,1e+20,2,0.1472,0.0185,0.0,0.0024,0.0,0.0,0.0,0.0013,0.1716
organic-synthesis-opt18-strips-p10,0,True,4,4,18,35,0,41,0,0,0,0,1,0,0,,0.0,2.0,1e+20,2,0.1178,0.0193,0.0,0.0026,0.0,0.0,0.0,0.0013,0.1431
organic-synthesis-opt18-strips-p11,0,True,65,506,2010,2591,0,2355,0,0,0,0,4,0,0,,0.0,2.0,1e+20,2,5.8154,533.2916,0.0,0.0028,0.0,0.0003,0.0,0.0391,539.2682
organic-synthesis-opt18-strips-p12,0,True,2,6,61,90,0,105,0,0,0,0,4,0,0,,0.0,2.0,1e+20,2,11.559,3.486,0.0,0.1583,0.0,0.0001,0.0,0.0031,15.4106
organic-synthesis-opt18-strips-p14,0,True,11,8,73,112,0,104,0,0,0,0,1,0,0,,0.0,2.0,1e+20,2,0.0437,0.0264,0.0,0.0022,0.0,0.0,0.0,0.0014,0.0744
organic-synthesis-sat18-strips-p06,0,True,20,16,80,125,0,187,0,0,0,0,1,0,0,,0.0,2.0,1e+20,2,0.3259,0.2609,0.0,0.0057,0.0,0.0,0.0,0.0017,0.6015
organic-synthesis-sat18-strips-p07,0,True,22,54,763,863,0,809,0,0,0,0,4,0,0,,0.0,2.0,1e+20,2,1.3954,0.4378,0.0,0.0014,0.0,0.0001,0.0,0.014,1.8788
organic-synthesis-sat18-strips-p16,0,True,354,6564,26484,33408,0,31217,0,0,1,0,5,0,0,,0.0,6.0,1e+20,6,1.271,9.2421,0.0,0.0312,0.0,0.0076,0.0,2.107,12.6784
organic-synthesis-split-opt18-strips-p01,0,False,189,2042,2631,4874,0,4193,0,0,85,0,43,0,0,,0.0,41.0,1e+20,41,0.0171,0.0179,0.0,0.0041,0.0,0.0059,0.0,0.8888,0.929
organic-synthesis-split-opt18-strips-p02,0,False,229,3556,4277,8074,0,6223,0,0,99,0,89,0,0,,0.0,41.0,1e+20,41,0.0253,0.0451,0.0,0.0063,0.0,0.0167,0.0,1.522,1.5995
organic-synthesis-split-opt18-strips-p03,0,False,526,7634,10890,19103,0,16783,0,0,38,0,32,0,168,,0.0,247.0,1e+20,247,0.2807,0.3506,0.0,0.0206,0.0,0.0174,0.0,3.7115,4.3659
organic-synthesis-split-opt18-strips-p04,0,False,718,10435,14470,25646,0,24440,0,0,6,0,6,0,0,,0.0,239.0,1e+20,239,0.1278,0.408,0.0,0.0342,0.0,0.0099,0.0,11.1983,11.7699
organic-synthesis-split-opt18-strips-p05,0,False,1269,27395,42855,71522,0,74936,0,0,24,0,17,0,0,,0.0,122.0,1e+20,122,0.5088,1.8684,0.0,0.137,0.0,0.0589,0.0,150.3762,152.8978
organic-synthesis-split-opt18-strips-p06,0,False,1124,33531,47412,82096,0,74418,0,0,24,0,6,0,1734,,0.0,247.0,1e+20,247,0.552,2.137,0.0,0.1473,0.0,0.0563,0.0,175.0494,177.8893
organic-synthesis-split-opt18-strips-p07,0,False,14,28,74,142,0,172,0,0,0,0,4,0,0,,0.0,189.0,1e+20,189,0.0052,0.0004,0.0,0.001,0.0,0.0001,0.0,0.0046,0.0115
organic-synthesis-split-opt18-strips-p08,0,False,1828,61570,91317,154729,0,152126,0,0,125,0,7,0,0,,0.0,234.0,1e+20,234,1.3475,6.1077,0.0,0.3839,0.0,0.1453,0.0,171.4073,179.2627
organic-synthesis-split-opt18-strips-p09,0,False,413,5144,6447,12007,0,10287,0,0,301,0,197,0,380,,0.0,47.0,1e+20,47,0.0445,0.1106,0.0,0.0108,0.0,0.0464,0.0,9.2358,9.4027
organic-synthesis-split-opt18-strips-p10,0,False,423,5236,6655,12317,0,10661,0,0,157,0,92,0,263,,0.0,47.0,1e+20,47,0.0472,0.1155,0.0,0.0116,0.0,0.0239,0.0,5.1425,5.3177
organic-synthesis-split-opt18-strips-p11,0,False,1284,19706,32859,53858,0,59069,0,0,23,0,10,0,0,,0.0,73.0,1e+20,73,0.3695,1.1915,0.0,0.1093,0.0,0.0382,0.0,46.6784,48.3517
organic-synthesis-split-opt18-strips-p12,0,False,1502,19368,33734,54609,0,63650,0,0,0,0,7,0,0,,0.0,39.0,1e+20,39,0.4834,1.4863,0.0,0.1329,0.0,0.0354,0.0,11.6154,13.7211
organic-synthesis-split-opt18-strips-p13,2,False,2865,112997,174331,290200,0,288927,0,0,191,0,5,0,0,,0.0,139.856,1e+20,575868,3.5421,29.0837,0.0,1.3605,0.0,0.4315,0.0,866.1199,900.2639
organic-synthesis-split-opt18-strips-p14,0,False,367,9083,10593,20066,0,14439,0,0,26,0,16,0,0,,0.0,55.0,1e+20,55,0.0658,0.3332,0.0,0.0194,0.0,0.0164,0.0,1.2494,1.6691
organic-synthesis-split-opt18-strips-p15,2,False,3264,119376,178985,301646,0,298630,0,0,16,0,4,0,0,,0.0,202.0,1e+20,569693,4.3985,39.0833,0.0,1.5376,0.0,0.4673,0.0,855.1002,900.3024
organic-synthesis-split-opt18-strips-p16,0,False,3964,128940,209140,342069,0,361916,0,0,3,0,6,0,0,,0.0,103.0,1e+20,103,9.5882,66.8761,0.0,2.4688,0.0,0.7607,0.0,257.7108,336.6695
organic-synthesis-split-opt18-strips-p17,2,False,4791,179090,281029,464946,0,475039,0,0,62,0,4,0,0,,0.0,0.0,1e+20,965638,16.6371,138.0114,0.0,4.1839,0.0,1.0951,0.0,741.3259,900.6612
organic-synthesis-split-opt18-strips-p18,2,False,3927,173070,250963,427989,0,401315,0,0,18,0,3,0,0,,0.0,0.0,1e+20,814712,7.8205,96.3037,0.0,2.836,0.0,0.8405,0.0,793.2049,900.4808
organic-synthesis-split-opt18-strips-p19,2,False,2354,73603,110807,186769,0,186869,0,0,53,0,7,0,0,,0.0,138.312,1e+20,399404,2.1382,15.0751,0.0,0.676,0.0,0.2157,0.0,882.2489,900.2325
organic-synthesis-split-opt18-strips-p20,2,False,2705,102307,148321,253353,0,242571,0,0,161,0,4,0,0,,0.0,157.35,1e+20,540358,2.9277,23.2491,0.0,1.0614,0.0,0.3243,0.0,872.8575,900.2524
organic-synthesis-split-sat18-strips-p01,0,False,810,13779,19969,34598,0,33379,0,0,0,0,4,0,0,,0.0,216.0,1e+20,216,0.1736,0.494,0.0,0.0492,0.0,0.0128,0.0,0.8938,1.6123
organic-synthesis-split-sat18-strips-p02,0,False,775,15122,21138,37088,0,31687,0,0,25,0,23,0,617,,0.0,247.0,1e+20,247,0.5816,0.9444,0.0,0.052,0.0,0.0294,0.0,8.3016,9.8833
organic-synthesis-split-sat18-strips-p03,0,False,1612,55216,81755,138633,0,135387,0,0,158,0,100,0,72,,0.0,246.0,1e+20,246,1.1333,5.1679,0.0,0.3276,0.0,0.2951,0.0,769.9882,776.6234
organic-synthesis-split-sat18-strips-p04,0,False,1278,33396,49369,84054,0,77212,0,0,2,0,7,0,0,,0.0,158.0,1e+20,158,0.6306,3.4851,0.0,0.1734,0.0,0.0576,0.0,15.7267,20.0196
organic-synthesis-split-sat18-strips-p05,2,False,2211,65386,101307,168911,0,166448,0,0,91,0,26,0,2,,0.0,142.605,1e+20,232,1.9088,13.2456,0.0,0.6149,0.0,0.2457,0.0,884.314,900.0964
organic-synthesis-split-sat18-strips-p06,0,False,525,9107,10940,20575,0,16104,0,0,92,0,46,0,67,,0.0,45.0,1e+20,45,0.1005,0.3614,0.0,0.0238,0.0,0.0231,0.0,10.3507,10.8378
organic-synthesis-split-sat18-strips-p07,0,False,2024,27766,50419,80220,0,90973,0,0,52,0,31,0,0,,0.0,48.0,1e+20,48,0.9425,3.7981,0.0,0.2722,0.0,0.091,0.0,53.4123,58.433
organic-synthesis-split-sat18-strips-p08,0,False,3180,117010,183793,303988,0,298491,0,0,2,0,12,0,0,,0.0,108.0,1e+20,108,4.439,53.7377,0.0,1.7683,0.0,0.5119,0.0,449.1319,509.0909
organic-synthesis-split-sat18-strips-p09,2,False,4640,228474,348502,581623,0,555108,0,0,59,0,4,0,0,,0.0,0.0,1e+20,1134155,10.8836,174.5174,0.0,4.9634,0.0,1.4484,0.0,709.8169,900.6464
organic-synthesis-split-sat18-strips-p10,2,False,3137,99286,152756,255190,0,251434,0,0,50,0,4,0,0,,0.0,0.0,1e+20,512541,3.7925,39.3073,0.0,1.4876,0.0,0.3912,0.0,855.5064,906.0237
organic-synthesis-split-sat18-strips-p11,2,False,4935,240849,350755,596546,0,567371,0,0,124,0,3,0,0,,0.0,0.0,1e+20,1187086,12.2359,171.4593,0.0,4.8904,0.0,1.4597,0.0,711.6048,900.7491
organic-synthesis-split-sat18-strips-p12,2,False,4886,298526,423584,727039,0,655188,0,0,120,0,3,0,0,,0.0,12.0,1e+20,1482706,14.9923,271.9893,0.0,7.2751,0.0,2.2252,0.0,606.2052,901.2399
organic-synthesis-split-sat18-strips-p13,3,False,8666,646661,934803,0,0,0,0,0,0,0,0,0,0,,0.0,0.0,1e+20,1e+20,57.7153,842.2338,0.0,0.0,0.0,0.0,0.0,0.0,901.4568
organic-synthesis-split-sat18-strips-p14,2,False,6193,369806,523130,899179,0,820606,0,0,115,0,3,0,0,,0.0,22.0,1e+20,1424581,22.2622,345.8325,0.0,9.1077,0.0,2.1901,0.0,523.0303,901.4204
organic-synthesis-split-sat18-strips-p15,2,False,1005,20139,26402,47571,0,41810,0,0,962,0,311,0,2347,,0.0,262.41,1e+20,273,0.2817,1.5891,0.0,0.0801,0.0,0.2411,0.0,898.0671,900.0216
organic-synthesis-split-sat18-strips-p16,0,False,2776,46110,76427,125401,0,127946,0,0,309,0,309,0,0,,0.0,540.0,1e+20,540,1.5916,12.5,0.0,0.5427,0.0,0.5915,0.0,145.8705,160.5104
organic-synthesis-split-sat18-strips-p17,2,False,5284,292300,421295,718896,0,663120,0,0,109,0,3,0,0,,0.0,0.0,1e+20,1540128,24.9716,264.6371,0.0,7.645,0.0,1.9638,0.0,603.041,901.1254
organic-synthesis-split-sat18-strips-p18,2,False,5012,237977,341676,584731,0,542683,0,0,12,0,3,0,0,,0.0,15.0,1e+20,1254002,12.0566,187.8368,0.0,4.8322,0.0,1.352,0.0,695.4708,900.8397
organic-synthesis-split-sat18-strips-p19,-2,False,0,0,0,0,0,0,0,0,0,0,0,0,0,,0.0,0.0,1e+20,1e+20,0,0,0,0,0,0,0,0,0
organic-synthesis-split-sat18-strips-p20,3,False,10608,705330,1000070,0,0,0,0,0,0,0,0,0,0,,0.0,0.0,1e+20,1e+20,67.9543,831.9923,0.0,0.0,0.0,0.0,0.0,0.0,903.3482
parcprinter-08-strips-p01,0,False,14,17,42,95,0,125,0,0,0,0,3,0,0,,0.0,169009.0,1e+20,169009,0.0228,0.0001,0.0,0.0015,0.0,0.0001,0.0,0.0043,0.0291
parcprinter-08-strips-p02,0,False,26,33,67,160,0,220,0,0,0,0,4,0,0,,0.0,438047.0,1e+20,438047,0.0223,0.0002,0.0,0.0014,0.0,0.0001,0.0,0.0051,0.0294
parcprinter-08-strips-p03,0,False,2,2,45,114,0,167,0,0,0,0,2,0,0,,0.0,807114.0,1e+20,807114,0.0051,0.0001,0.0,0.0012,0.0,0.0001,0.0,0.0029,0.0098
parcprinter-08-strips-p04,0,False,53,67,121,294,0,418,0,0,0,0,3,0,0,,0.0,876094.0,1e+20,876094,0.0056,0.0008,0.0,0.0015,0.0,0.0001,0.0,0.0064,0.0147
parcprinter-08-strips-p05,0,False,65,83,146,359,0,513,0,0,0,0,3,0,0,,0.0,1145132.0,1e+20,1145132,0.0064,0.0011,0.0,0.0011,0.0,0.0001,0.0,0.0069,0.0159
parcprinter-08-strips-p06,0,False,74,97,167,420,0,600,0,0,0,0,4,0,0,,0.0,1514199.0,1e+20,1514199,0.0062,0.0015,0.0,0.0015,0.0,0.0002,0.0,0.0073,0.0169
parcprinter-08-strips-p07,0,False,98,121,208,501,0,727,0,0,0,0,3,0,0,,0.0,1383121.0,1e+20,1383121,0.0091,0.0023,0.0,0.0017,0.0,0.0002,0.0,0.0093,0.0228
parcprinter-08-strips-p08,0,False,104,133,225,558,0,806,0,0,0,0,3,0,0,,0.0,1852217.0,1e+20,1852217,0.0072,0.0027,0.0,0.0023,0.0,0.0002,0.0,0.0092,0.0219
parcprinter-08-strips-p09,0,False,116,149,250,623,0,901,0,0,0,0,4,0,0,,0.0,2121255.0,1e+20,2121255,0.0077,0.0034,0.0,0.0015,0.0,0.0002,0.0,0.01,0.023
parcprinter-08-strips-p10,0,False,125,163,271,684,0,988,0,0,0,0,4,0,0,,0.0,2490322.0,1e+20,2490322,0.0074,0.004,0.0,0.0018,0.0,0.0002,0.0,0.0101,0.0237
parcprinter-08-strips-p11,0,False,17,22,52,116,0,172,0,0,0,0,4,0,0,,0.0,165989.0,1e+20,165989,0.0211,0.0002,0.0,0.0015,0.0,0.0,0.0,0.0063,0.0294
parcprinter-08-strips-p12,0,False,34,44,85,197,0,304,0,0,0,0,4,0,0,,0.0,425725.0,1e+20,425725,0.0063,0.0004,0.0,0.0015,0.0,0.0001,0.0,0.0056,0.0141
parcprinter-08-strips-p13,0,False,51,66,122,282,0,448,0,0,0,0,5,0,0,,0.0,591714.0,1e+20,591714,0.0063,0.0008,0.0,0.0014,0.0,0.0001,0.0,0.0066,0.0155
parcprinter-08-strips-p14,0,False,68,88,155,363,0,580,0,0,0,0,5,0,0,,0.0,851450.0,1e+20,851450,0.0244,0.0013,0.0,0.0016,0.0,0.0001,0.0,0.0077,0.0353
parcprinter-08-strips-p15,0,False,85,112,194,454,0,732,0,0,0,0,3,0,0,,0.0,1323035.0,1e+20,1323035,0.0063,0.0021,0.0,0.0016,0.0,0.0001,0.0,0.0098,0.0202
parcprinter-08-strips-p16,0,False,102,132,221,525,0,844,0,0,0,0,5,0,0,,0.0,1370922.0,1e+20,1370922,0.0083,0.0027,0.0,0.0017,0.0,0.0001,0.0,0.0094,0.0226
parcprinter-08-strips-p17,0,False,119,154,262,614,0,1000,0,0,0,0,6,0,0,,0.0,1443164.0,1e+20,1443164,0.0083,0.004,0.0,0.0017,0.0,0.0003,0.0,0.0107,0.0251
parcprinter-08-strips-p18,0,False,136,176,287,687,0,1108,0,0,0,0,5,0,0,,0.0,1890394.0,1e+20,1890394,0.0088,0.0048,0.0,0.0017,0.0,0.0002,0.0,0.0113,0.027
parcprinter-08-strips-p19,0,False,153,204,334,792,0,1284,0,0,0,0,3,0,0,,0.0,2579475.0,1e+20,2579475,0.062,0.0065,0.0,0.0649,0.0,0.0002,0.0,0.0137,0.1598
parcprinter-08-strips-p20,0,False,170,222,375,875,0,1440,0,0,0,0,4,0,0,,0.0,2246727.0,1e+20,2246727,0.0132,0.0087,0.0,0.0019,0.0,0.0003,0.0,0.0148,0.0393
parcprinter-08-strips-p21,0,False,8,17,36,79,0,110,0,0,1,0,5,0,0,,0.0,143411.0,1e+20,143411,0.0064,0.0001,0.0,0.0044,0.0,0.0001,0.0,0.0041,0.0155
parcprinter-08-strips-p22,0,False,13,32,61,137,0,198,0,0,2,0,5,0,0,,0.0,375821.0,1e+20,375821,0.0062,0.0002,0.0,0.0049,0.0,0.0001,0.0,0.0046,0.017
parcprinter-08-strips-p23,0,False,21,49,89,199,0,294,0,0,1,0,5,0,0,,0.0,519232.0,1e+20,519232,0.0062,0.0004,0.0,0.0115,0.0,0.0002,0.0,0.0053,0.0245
parcprinter-08-strips-p24,0,False,26,64,114,257,0,382,0,0,3,0,5,0,0,,0.0,751642.0,1e+20,751642,0.0237,0.0006,0.0,0.0015,0.0,0.0002,0.0,0.0059,0.0321
parcprinter-08-strips-p25,0,False,31,78,141,319,0,480,0,0,0,0,4,0,0,,0.0,1196842.0,1e+20,1196842,0.0234,0.0009,0.0,0.0019,0.0,0.0002,0.0,0.0062,0.033
parcprinter-08-strips-p26,0,False,36,94,164,373,0,558,0,0,0,0,4,0,0,,0.0,1216462.0,1e+20,1216462,0.006,0.0011,0.0,0.0014,0.0,0.0002,0.0,0.0066,0.0156
parcprinter-08-strips-p27,0,False,47,113,195,439,0,662,0,0,2,0,6,0,0,,0.0,1270874.0,1e+20,1270874,0.007,0.0016,0.0,0.0017,0.0,0.0003,0.0,0.0082,0.0189
parcprinter-08-strips-p28,0,False,46,124,214,489,0,734,0,0,1,0,5,0,0,,0.0,1681282.0,1e+20,1681282,0.0084,0.0019,0.0,0.0017,0.0,0.0003,0.0,0.0081,0.0205
parcprinter-08-strips-p29,0,False,48,136,242,553,0,840,0,0,2,0,4,0,0,,0.0,2343271.0,1e+20,2343271,0.0084,0.0026,0.0,0.0014,0.0,0.0003,0.0,0.0082,0.021
parcprinter-08-strips-p30,0,False,68,161,278,625,0,952,0,0,3,0,6,0,0,,0.0,2002896.0,1e+20,2002896,0.0083,0.0035,0.0,0.0017,0.0,0.0004,0.0,0.0102,0.0241
parcprinter-opt11-strips-p01,0,False,13,32,61,137,0,198,0,0,2,0,5,0,0,,0.0,375821.0,1e+20,375821,0.0054,0.0002,0.0,0.001,0.0,0.0001,0.0,0.0046,0.0115
parcprinter-opt11-strips-p02,0,False,26,33,67,160,0,220,0,0,0,0,4,0,0,,0.0,438047.0,1e+20,438047,0.0052,0.0002,0.0,0.0012,0.0,0.0001,0.0,0.005,0.012
parcprinter-opt11-strips-p03,0,False,34,44,85,197,0,304,0,0,0,0,4,0,0,,0.0,425725.0,1e+20,425725,0.0051,0.0004,0.0,0.0011,0.0,0.0001,0.0,0.0055,0.0125
parcprinter-opt11-strips-p04,0,False,53,67,121,294,0,418,0,0,0,0,3,0,0,,0.0,876094.0,1e+20,876094,0.0057,0.0007,0.0,0.0015,0.0,0.0001,0.0,0.0065,0.0148
parcprinter-opt11-strips-p05,0,False,21,49,89,199,0,294,0,0,1,0,5,0,0,,0.0,519232.0,1e+20,519232,0.0057,0.0004,0.0,0.0013,0.0,0.0002,0.0,0.0053,0.013
parcprinter-opt11-strips-p06,0,False,74,97,167,420,0,600,0,0,0,0,4,0,0,,0.0,1514199.0,1e+20,1514199,0.0059,0.0014,0.0,0.0013,0.0,0.0002,0.0,0.0072,0.0163
parcprinter-opt11-strips-p07,0,False,65,83,146,359,0,513,0,0,0,0,3,0,0,,0.0,1145132.0,1e+20,1145132,0.0057,0.0011,0.0,0.0011,0.0,0.0001,0.0,0.007,0.0152
parcprinter-opt11-strips-p08,0,False,26,64,114,257,0,382,0,0,3,0,5,0,0,,0.0,751642.0,1e+20,751642,0.0058,0.0006,0.0,0.0015,0.0,0.0002,0.0,0.0059,0.0143
parcprinter-opt11-strips-p09,0,False,51,66,122,282,0,448,0,0,0,0,5,0,0,,0.0,591714.0,1e+20,591714,0.0226,0.0008,0.0,0.0017,0.0,0.0001,0.0,0.0066,0.0321
parcprinter-opt11-strips-p10,0,False,31,78,141,319,0,480,0,0,0,0,4,0,0,,0.0,1196842.0,1e+20,1196842,0.0055,0.0009,0.0,0.0012,0.0,0.0002,0.0,0.0062,0.0142
parcprinter-opt11-strips-p11,0,False,36,94,164,373,0,558,0,0,0,0,4,0,0,,0.0,1216462.0,1e+20,1216462,0.0058,0.0011,0.0,0.0015,0.0,0.0002,0.0,0.0067,0.0155
parcprinter-opt11-strips-p12,0,False,68,88,155,363,0,580,0,0,0,0,5,0,0,,0.0,851450.0,1e+20,851450,0.0097,0.0013,0.0,0.0012,0.0,0.0001,0.0,0.0076,0.0202
parcprinter-opt11-strips-p13,0,False,98,121,208,501,0,727,0,0,0,0,3,0,0,,0.0,1383121.0,1e+20,1383121,0.0067,0.0023,0.0,0.0014,0.0,0.0002,0.0,0.0093,0.0202
parcprinter-opt11-strips-p14,0,False,104,133,225,558,0,806,0,0,0,0,3,0,0,,0.0,1852217.0,1e+20,1852217,0.0069,0.0027,0.0,0.0014,0.0,0.0002,0.0,0.0092,0.0206
parcprinter-opt11-strips-p15,0,False,116,149,250,623,0,901,0,0,0,0,4,0,0,,0.0,2121255.0,1e+20,2121255,0.0072,0.0034,0.0,0.0017,0.0,0.0002,0.0,0.0099,0.0225
parcprinter-opt11-strips-p16,0,False,125,163,271,684,0,988,0,0,0,0,4,0,0,,0.0,2490322.0,1e+20,2490322,0.0079,0.004,0.0,0.0015,0.0,0.0002,0.0,0.0099,0.0238
parcprinter-opt11-strips-p17,0,False,85,112,194,454,0,732,0,0,0,0,3,0,0,,0.0,1323035.0,1e+20,1323035,0.0071,0.0021,0.0,0.0017,0.0,0.0001,0.0,0.0099,0.0213
parcprinter-opt11-strips-p18,0,False,102,132,221,525,0,844,0,0,0,0,5,0,0,,0.0,1370922.0,1e+20,1370922,0.0069,0.0028,0.0,0.0014,0.0,0.0001,0.0,0.0094,0.0208
parcprinter-opt11-strips-p19,0,False,119,154,262,614,0,1000,0,0,0,0,6,0,0,,0.0,1443164.0,1e+20,1443164,0.0077,0.004,0.0,0.0017,0.0,0.0003,0.0,0.0107,0.0245
parcprinter-opt11-strips-p20,0,False,47,113,195,439,0,662,0,0,2,0,6,0,0,,0.0,1270874.0,1e+20,1270874,0.0079,0.0016,0.0,0.0015,0.0,0.0003,0.0,0.0083,0.0197
parcprinter-sat11-strips-p01,0,False,98,121,208,501,0,727,0,0,0,0,3,0,0,,0.0,1383121.0,1e+20,1383121,0.0094,0.0023,0.0,0.0015,0.0,0.0002,0.0,0.0094,0.0229
parcprinter-sat11-strips-p02,0,False,104,133,225,558,0,806,0,0,0,0,3,0,0,,0.0,1852217.0,1e+20,1852217,0.007,0.0027,0.0,0.0018,0.0,0.0002,0.0,0.0092,0.0212
parcprinter-sat11-strips-p03,0,False,125,163,271,684,0,988,0,0,0,0,4,0,0,,0.0,2490322.0,1e+20,2490322,0.0076,0.004,0.0,0.0016,0.0,0.0002,0.0,0.0101,0.0239
parcprinter-sat11-strips-p04,0,False,170,222,375,875,0,1440,0,0,0,0,4,0,0,,0.0,2246727.0,1e+20,2246727,0.0119,0.0089,0.0,0.0018,0.0,0.0003,0.0,0.0148,0.038
parcprinter-sat11-strips-p05,0,False,36,94,164,373,0,558,0,0,0,0,4,0,0,,0.0,1216462.0,1e+20,1216462,0.0055,0.0011,0.0,0.0017,0.0,0.0002,0.0,0.0067,0.0155
parcprinter-sat11-strips-p06,0,False,47,113,195,439,0,662,0,0,2,0,6,0,0,,0.0,1270874.0,1e+20,1270874,0.0068,0.0016,0.0,0.0014,0.0,0.0003,0.0,0.0082,0.0184
parcprinter-sat11-strips-p07,0,False,116,149,250,623,0,901,0,0,0,0,4,0,0,,0.0,2121255.0,1e+20,2121255,0.007,0.0034,0.0,0.0014,0.0,0.0002,0.0,0.0099,0.0222
parcprinter-sat11-strips-p08,0,False,46,124,214,489,0,734,0,0,1,0,5,0,0,,0.0,1681282.0,1e+20,1681282,0.0072,0.0019,0.0,0.0016,0.0,0.0003,0.0,0.008,0.0193
parcprinter-sat11-strips-p09,0,False,48,136,242,553,0,840,0,0,2,0,4,0,0,,0.0,2343271.0,1e+20,2343271,0.0088,0.0027,0.0,0.0016,0.0,0.0003,0.0,0.008,0.0214
parcprinter-sat11-strips-p10,0,False,68,161,278,625,0,952,0,0,3,0,6,0,0,,0.0,2002896.0,1e+20,2002896,0.008,0.0034,0.0,0.0018,0.0,0.0004,0.0,0.0103,0.0243
parcprinter-sat11-strips-p11,0,False,90,125,218,519,0,763,0,0,0,0,3,0,0,,0.0,1629147.0,1e+20,1629147,0.007,0.0026,0.0,0.0014,0.0,0.0002,0.0,0.0091,0.0205
parcprinter-sat11-strips-p12,0,False,155,199,329,822,0,1194,0,0,0,0,4,0,0,,0.0,2828340.0,1e+20,2828340,0.0101,0.0062,0.0,0.0017,0.0,0.0003,0.0,0.0122,0.0307
parcprinter-sat11-strips-p13,0,False,200,253,416,1029,0,1503,0,0,0,0,4,0,0,,0.0,3335367.0,1e+20,3335367,0.0143,0.0108,0.0,0.0022,0.0,0.0004,0.0,0.0146,0.0425
parcprinter-sat11-strips-p14,0,False,204,266,449,1045,0,1728,0,0,0,0,4,0,0,,0.0,2578705.0,1e+20,2578705,0.0158,0.0135,0.0,0.0023,0.0,0.0004,0.0,0.0164,0.0485
parcprinter-sat11-strips-p15,0,False,170,230,399,911,0,1512,0,0,0,0,3,0,0,,0.0,2494225.0,1e+20,2494225,0.0131,0.0098,0.0,0.0023,0.0,0.0002,0.0,0.0158,0.0415
parcprinter-sat11-strips-p16,0,False,204,274,473,1081,0,1800,0,0,0,0,4,0,0,,0.0,2826203.0,1e+20,2826203,0.0168,0.0145,0.0,0.0024,0.0,0.0003,0.0,0.0177,0.052
parcprinter-sat11-strips-p17,0,False,47,113,203,451,0,694,0,0,3,0,4,0,0,,0.0,1526454.0,1e+20,1526454,0.0067,0.0018,0.0,0.0014,0.0,0.0002,0.0,0.0082,0.0184
parcprinter-sat11-strips-p18,0,False,46,121,220,501,0,764,0,0,1,0,5,0,0,,0.0,2319652.0,1e+20,2319652,0.0076,0.0022,0.0,0.0015,0.0,0.0003,0.0,0.008,0.0197
parcprinter-sat11-strips-p19,0,False,48,133,248,565,0,870,0,0,1,0,4,0,0,,0.0,2981641.0,1e+20,2981641,0.0077,0.003,0.0,0.0018,0.0,0.0002,0.0,0.0079,0.0208
parcprinter-sat11-strips-p20,0,False,84,195,334,749,0,1144,0,0,7,0,6,0,0,,0.0,2289718.0,1e+20,2289718,0.0088,0.0052,0.0,0.0019,0.0,0.0005,0.0,0.0118,0.0282
parking-opt11-strips-pfile03-011,0,True,167,176,431,799,0,1074,0,0,52,0,49,0,0,,0.0,10.0,1e+20,10,0.0261,0.0248,0.0,0.0018,0.0,0.0019,0.0,0.0397,0.0931
parking-opt11-strips-pfile03-012,0,True,195,206,498,931,0,1285,0,0,4,0,6,0,0,,0.0,14.0,1e+20,14,0.0264,0.0308,0.0,0.0018,0.0,0.0003,0.0,0.0126,0.0722
parking-opt11-strips-pfile04-013,0,True,267,280,719,1308,0,1792,0,0,159,0,108,0,23,,0.0,17.0,1e+20,17,0.041,0.0644,0.0,0.0023,0.0,0.0055,0.0,0.0596,0.168
parking-opt11-strips-pfile04-014,0,True,271,282,685,1274,0,1765,0,0,26,0,26,0,0,,0.0,16.0,1e+20,16,0.042,0.0651,0.0,0.0021,0.0,0.0012,0.0,0.0547,0.1646
parking-opt11-strips-pfile04-015,0,True,251,267,664,1219,0,1684,0,0,262,0,191,0,17,,0.0,15.0,1e+20,15,0.0428,0.0602,0.0,0.0024,0.0,0.0088,0.0,0.1071,0.2134
parking-opt11-strips-pfile04-016,0,True,253,265,635,1186,0,1630,0,0,81,0,55,0,0,,0.0,16.0,1e+20,16,0.042,0.0592,0.0,0.0021,0.0,0.0025,0.0,0.0661,0.1702
parking-opt11-strips-pfile05-017,0,True,333,355,912,1646,0,2296,0,0,84,0,64,0,0,,0.0,19.0,1e+20,19,0.0661,0.1209,0.0,0.0029,0.0,0.0037,0.0,0.058,0.2489
parking-opt11-strips-pfile05-018,0,True,313,336,854,1545,0,2135,0,0,28,0,18,0,0,,0.0,17.0,1e+20,17,0.0654,0.1125,0.0,0.0027,0.0,0.0011,0.0,0.0471,0.2288
parking-opt11-strips-pfile05-019,0,True,356,371,919,1690,0,2355,0,0,5,0,7,0,0,,0.0,19.0,1e+20,19,0.0658,0.1271,0.0,0.0031,0.0,0.0005,0.0,0.0271,0.2248
parking-opt11-strips-pfile05-020,0,True,354,370,946,1717,0,2355,0,0,103,0,65,0,0,,0.0,19.0,1e+20,19,0.0672,0.1296,0.0,0.0028,0.0,0.0037,0.0,0.0476,0.2483
parking-opt11-strips-pfile06-021,0,True,430,448,1100,2024,0,2758,0,0,51,0,47,0,0,,0.0,21.0,1e+20,21,0.1008,0.2195,0.0,0.0036,0.0,0.0028,0.0,0.0705,0.3959
parking-opt11-strips-pfile06-022,0,True,454,469,1146,2117,0,2903,0,0,197,0,159,0,54,,0.0,23.0,1e+20,23,0.1027,0.232,0.0,0.004,0.0,0.0101,0.0,0.1119,0.4519
parking-opt11-strips-pfile06-023,0,True,431,447,1097,2020,0,2759,0,0,507,0,335,0,128,,0.0,21.0,1e+20,21,0.1002,0.213,0.0,0.0039,0.0,0.02,0.0,0.1604,0.4789
parking-opt11-strips-pfile06-024,0,True,456,470,1114,2084,0,2843,0,0,94,0,79,0,0,,0.0,21.0,1e+20,21,0.0991,0.23,0.0,0.004,0.0,0.0048,0.0,0.0634,0.398
parking-opt11-strips-pfile07-025,0,True,566,583,1409,2610,0,3641,0,0,14,0,12,0,0,,0.0,23.0,1e+20,23,0.1558,0.3951,0.0,0.0049,0.0,0.0011,0.0,0.0501,0.6083
parking-opt11-strips-pfile07-026,0,True,539,558,1336,2482,0,3445,0,0,11,0,11,0,0,,0.0,21.0,1e+20,21,0.1583,0.3735,0.0,0.0049,0.0,0.001,0.0,0.0733,0.6117
parking-opt11-strips-pfile07-027,0,True,563,581,1480,2682,0,3712,0,0,867,0,565,0,477,,0.0,23.0,1e+20,23,0.1565,0.4028,0.0,0.0052,0.0,0.0444,0.0,0.3986,0.9648
parking-opt11-strips-pfile07-028,0,True,563,580,1459,2659,0,3681,0,0,1070,0,721,0,587,,0.0,24.0,1e+20,24,0.1564,0.3993,0.0,0.0049,0.0,0.0574,0.0,0.4468,1.0091
parking-opt11-strips-pfile08-029,0,True,655,687,1792,3199,0,4500,0,0,192,0,93,0,0,,0.0,25.0,1e+20,25,0.2252,0.6789,0.0,0.0062,0.0,0.0088,0.0,0.1666,1.0792
parking-opt11-strips-pfile08-030,0,True,686,705,1751,3203,0,4436,0,0,193,0,142,0,0,,0.0,25.0,1e+20,25,0.2254,0.6473,0.0,0.0063,0.0,0.0116,0.0,0.1581,1.0393
parking-opt14-strips-p_12_7-01,0,True,195,206,487,919,0,1266,0,0,17,0,13,0,0,,0.0,13.0,1e+20,13,0.0276,0.0298,0.0,0.0019,0.0,0.0006,0.0,0.0236,0.0836
parking-opt14-strips-p_12_7-02,0,True,180,192,467,869,0,1190,0,0,0,0,3,0,0,,0.0,12.0,1e+20,12,0.0258,0.0276,0.0,0.0016,0.0,0.0001,0.0,0.0101,0.0657
parking-opt14-strips-p_12_7-03,0,True,180,193,479,883,0,1211,0,0,3,0,5,0,0,,0.0,13.0,1e+20,13,0.0259,0.0278,0.0,0.0016,0.0,0.0002,0.0,0.0121,0.0679
parking-opt14-strips-p_12_7-04,0,True,180,192,467,869,0,1190,0,0,5,0,7,0,0,,0.0,14.0,1e+20,14,0.0266,0.0278,0.0,0.0016,0.0,0.0003,0.0,0.0266,0.0833
parking-opt14-strips-p_14_8-01,0,True,270,281,669,1255,0,1699,0,0,112,0,87,0,0,,0.0,16.0,1e+20,16,0.0422,0.0639,0.0,0.0025,0.0,0.0039,0.0,0.0485,0.1577
parking-opt14-strips-p_14_8-02,0,True,268,280,693,1280,0,1745,0,0,459,0,341,0,172,,0.0,16.0,1e+20,16,0.0413,0.0636,0.0,0.0022,0.0,0.0163,0.0,0.1168,0.2246
parking-opt14-strips-p_14_8-03,0,True,269,281,682,1269,0,1720,0,0,90,0,59,0,0,,0.0,16.0,1e+20,16,0.0414,0.0638,0.0,0.0024,0.0,0.0028,0.0,0.04,0.1483
parking-opt14-strips-p_14_8-04,0,True,270,281,669,1255,0,1699,0,0,124,0,87,0,13,,0.0,16.0,1e+20,16,0.0424,0.063,0.0,0.0021,0.0,0.0041,0.0,0.0658,0.1741
parking-opt14-strips-p_16_9-01,0,True,334,349,855,1579,0,2148,0,0,479,0,371,0,49,,0.0,19.0,1e+20,19,0.0642,0.1139,0.0,0.0026,0.0,0.0191,0.0,0.1145,0.2962
parking-opt14-strips-p_16_9-02,0,True,335,349,856,1580,0,2147,0,0,201,0,146,0,0,,0.0,17.0,1e+20,17,0.0663,0.1182,0.0,0.0029,0.0,0.0078,0.0,0.0875,0.276
parking-opt14-strips-p_16_9-03,0,True,336,350,829,1553,0,2140,0,0,61,0,55,0,0,,0.0,17.0,1e+20,17,0.065,0.116,0.0,0.0026,0.0,0.0029,0.0,0.0524,0.2371
parking-opt14-strips-p_16_9-04,0,True,356,369,899,1666,0,2270,0,0,225,0,164,0,0,,0.0,18.0,1e+20,18,0.0669,0.1243,0.0,0.0031,0.0,0.0085,0.0,0.102,0.2974
parking-opt14-strips-p_18_10-01,0,True,453,468,1178,2150,0,2963,0,0,5365,0,4009,0,5233,,0.0,23.0,1e+20,23,0.1014,0.2311,0.0,0.004,0.0,0.3209,0.0,4.7782,5.1162
parking-opt14-strips-p_18_10-02,0,True,430,451,1123,2052,0,2856,0,0,288,0,176,0,28,,0.0,20.0,1e+20,20,0.1022,0.217,0.0,0.0037,0.0,0.0113,0.0,0.1691,0.4934
parking-opt14-strips-p_18_10-03,0,True,429,452,1142,2073,0,2894,0,0,197,0,141,0,0,,0.0,19.0,1e+20,19,0.1033,0.2234,0.0,0.0034,0.0,0.0088,0.0,0.1094,0.4409
parking-opt14-strips-p_18_10-04,0,True,429,450,1153,2082,0,2850,0,0,188,0,146,0,0,,0.0,21.0,1e+20,21,0.1033,0.2227,0.0,0.0038,0.0,0.0094,0.0,0.1488,0.4801
parking-opt14-strips-p_20_11-01,0,True,567,583,1409,2610,0,3641,0,0,81,0,53,0,0,,0.0,22.0,1e+20,22,0.1593,0.3993,0.0,0.0047,0.0,0.0041,0.0,0.1193,0.6845
parking-opt14-strips-p_20_11-02,0,True,539,560,1377,2527,0,3520,0,0,19,0,15,0,0,,0.0,21.0,1e+20,21,0.1547,0.381,0.0,0.0047,0.0,0.0013,0.0,0.0664,0.6085
parking-opt14-strips-p_20_11-03,0,True,564,585,1470,2676,0,3756,0,0,112,0,94,0,0,,0.0,23.0,1e+20,23,0.1528,0.4042,0.0,0.0049,0.0,0.0073,0.0,0.1042,0.6678
parking-opt14-strips-p_20_11-04,0,True,567,583,1409,2610,0,3641,0,0,7,0,6,0,0,,0.0,23.0,1e+20,23,0.1554,0.3999,0.0,0.0049,0.0,0.0007,0.0,0.0302,0.5922
parking-sat11-strips-pfile08-031,0,True,657,684,1724,3125,0,4372,0,0,11,0,11,0,0,,0.0,24.0,1e+20,24,0.2268,0.6385,0.0,0.0059,0.0,0.0013,0.0,0.0624,0.9357
parking-sat11-strips-pfile08-032,0,True,627,657,1644,2985,0,4157,0,0,71,0,45,0,0,,0.0,25.0,1e+20,25,0.2258,0.6016,0.0,0.0054,0.0,0.0038,0.0,0.0829,0.9178
parking-sat11-strips-pfile09-033,0,True,791,810,1909,3566,0,4887,0,0,120,0,98,0,0,,0.0,27.0,1e+20,27,0.3277,0.9699,0.0,0.0074,0.0,0.0085,0.0,0.1625,1.4702
parking-sat11-strips-pfile09-034,0,True,824,843,1980,3706,0,5170,0,0,13,0,9,0,0,,0.0,27.0,1e+20,27,0.3296,1.0506,0.0,0.0076,0.0,0.0014,0.0,0.0932,1.4837
parking-sat11-strips-pfile09-035,0,True,787,814,2120,3790,0,5269,0,0,1441,0,819,0,1078,,0.0,27.0,1e+20,27,0.3452,0.9963,0.0,0.0076,0.0,0.0855,0.0,0.9675,2.3194
parking-sat11-strips-pfile09-036,0,True,790,812,2003,3666,0,5055,0,0,314,0,210,0,177,,0.0,26.0,1e+20,26,0.3235,0.9791,0.0,0.0075,0.0,0.0204,0.0,0.2348,1.5476
parking-sat11-strips-pfile10-037,0,True,933,963,2401,4366,0,6124,0,0,86,0,55,0,0,,0.0,29.0,1e+20,29,0.4707,1.5423,0.0,0.0103,0.0,0.0063,0.0,0.1708,2.1974
parking-sat11-strips-pfile10-038,0,True,933,962,2374,4337,0,6070,0,0,127,0,78,0,0,,0.0,29.0,1e+20,29,0.4566,1.5267,0.0,0.0098,0.0,0.0084,0.0,0.2359,2.2322
parking-sat11-strips-pfile10-039,0,True,933,960,2322,4281,0,5986,0,0,78,0,46,0,0,,0.0,28.0,1e+20,28,0.4636,1.553,0.0,0.0097,0.0,0.005,0.0,0.167,2.1964
parking-sat11-strips-pfile10-040,0,True,936,959,2295,4252,0,5932,0,0,11,0,7,0,0,,0.0,28.0,1e+20,28,0.4589,1.5115,0.0,0.0093,0.0,0.0014,0.0,0.0544,2.0372
parking-sat11-strips-pfile11-041,0,True,1126,1148,2829,5179,0,7213,0,0,1159,0,669,0,39,,0.0,32.0,1e+20,32,0.635,2.2896,0.0,0.0129,0.0,0.0783,0.0,0.4134,3.3546
parking-sat11-strips-pfile11-042,0,True,1090,1117,2681,4957,0,6921,0,0,584,0,462,0,295,,0.0,31.0,1e+20,31,0.6392,2.2875,0.0,0.0119,0.0,0.0554,0.0,0.4534,3.3957
parking-sat11-strips-pfile11-043,0,True,1127,1149,2777,5126,0,7118,0,0,85,0,66,0,0,,0.0,32.0,1e+20,32,0.6292,2.3369,0.0,0.0126,0.0,0.0088,0.0,0.1948,3.1777
parking-sat11-strips-pfile11-044,0,True,1090,1118,2710,4988,0,6979,0,0,343,0,238,0,20,,0.0,29.0,1e+20,29,0.9075,2.2646,0.0,0.0123,0.0,0.0294,0.0,0.3449,3.5334
parking-sat11-strips-pfile12-045,0,True,1296,1322,3376,6080,0,8494,0,0,2260,0,1766,0,1870,,0.0,35.0,1e+20,35,0.8498,3.4395,0.0,0.0168,0.0,0.2904,0.0,2.7116,7.0228
parking-sat11-strips-pfile12-046,0,True,1255,1285,3235,5856,0,8201,0,0,4312,0,2419,0,2188,,0.0,35.0,1e+20,35,0.8592,3.2522,0.0,0.0153,0.0,0.3937,0.0,4.4452,8.5768
parking-sat11-strips-pfile12-047,0,True,1295,1320,3372,6074,0,8505,0,0,13338,0,8363,0,19826,,0.0,36.0,1e+20,36,0.8563,3.4015,0.0,0.0162,0.0,1.5158,0.0,56.0955,60.375
parking-sat11-strips-pfile12-048,0,True,1295,1329,3391,6103,0,8637,0,0,951,0,503,0,135,,0.0,37.0,1e+20,37,0.8564,3.5088,0.0,0.0166,0.0,0.0757,0.0,0.6297,5.0164
parking-sat11-strips-pfile13-049,0,True,1434,1465,3628,6612,0,9211,0,0,8313,0,5272,0,6421,,0.0,35.0,1e+20,35,1.137,4.6803,0.0,0.0195,0.0,0.9883,0.0,17.6792,23.5222
parking-sat11-strips-pfile13-050,0,True,1478,1505,3777,6850,0,9586,0,0,6968,0,5207,0,4992,,0.0,36.0,1e+20,36,1.1506,4.9195,0.0,0.0206,0.0,1.003,0.0,15.1907,21.2876
parking-sat14-strips-p_28_2,0,True,1127,1155,2871,5230,0,7371,0,0,24,0,12,0,0,,0.0,32.0,1e+20,32,0.6327,2.3595,0.0,0.0127,0.0,0.0023,0.0,0.1284,3.1374
parking-sat14-strips-p_28_3,0,True,1089,1112,2644,4913,0,6788,0,0,1135,0,744,0,775,,0.0,30.0,1e+20,30,0.6327,2.2087,0.0,0.0118,0.0,0.0913,0.0,0.9682,3.8253
parking-sat14-strips-p_30_1,0,True,1293,1320,3430,6134,0,8621,0,0,15884,0,11190,0,8774,,0.0,34.0,1e+20,34,0.8521,3.4199,0.0,0.0164,0.0,2.023,0.0,44.771,49.064
parking-sat14-strips-p_30_2,0,True,1212,1250,3156,5698,0,7916,0,0,880,0,559,0,622,,0.0,33.0,1e+20,33,0.8574,3.1238,0.0,0.0145,0.0,0.0818,0.0,0.9312,4.9318
parking-sat14-strips-p_30_3,0,True,1298,1326,3240,5944,0,8359,0,0,413,0,239,0,0,,0.0,34.0,1e+20,34,0.8721,3.4594,0.0,0.016,0.0,0.0343,0.0,0.4849,4.8377
parking-sat14-strips-p_32_1,0,True,1392,1427,3424,6320,0,8822,0,0,98,0,61,0,0,,0.0,34.0,1e+20,34,1.1542,4.5909,0.0,0.0178,0.0,0.0099,0.0,0.1923,5.9612
parking-sat14-strips-p_32_2,0,True,1479,1506,3810,6885,0,9635,0,0,1821,0,1059,0,1518,,0.0,37.0,1e+20,37,1.1464,4.876,0.0,0.0203,0.0,0.1887,0.0,2.397,8.4454
parking-sat14-strips-p_32_3,0,True,1481,1505,3622,6690,0,9304,0,0,924,0,598,0,580,,0.0,36.0,1e+20,36,1.1523,4.9105,0.0,0.0203,0.0,0.0971,0.0,0.9541,7.0435
parking-sat14-strips-p_34_1,0,True,1674,1702,4237,7706,0,10767,0,0,1477,0,919,0,1001,,0.0,38.0,1e+20,38,1.501,6.9301,0.0,0.0245,0.0,0.1743,0.0,1.6127,10.0761
parking-sat14-strips-p_34_2,0,True,1673,1709,4318,7797,0,11027,0,0,65,0,43,0,0,,0.0,38.0,1e+20,38,1.5078,7.0254,0.0,0.0251,0.0,0.0094,0.0,0.3499,8.9156
parking-sat14-strips-p_34_3,0,True,1675,1707,4215,7689,0,10835,0,0,81,0,50,0,0,,0.0,38.0,1e+20,38,1.5014,6.9076,0.0,0.0246,0.0,0.01,0.0,0.2392,8.6802
parking-sat14-strips-p_36_1,0,True,1831,1871,4600,8396,0,11802,0,0,635,0,428,0,123,,0.0,40.0,1e+20,40,2.2561,9.5458,0.0,0.0287,0.0,0.0858,0.0,0.8466,12.6861
parking-sat14-strips-p_36_2,0,True,1879,1918,4913,8815,0,12488,0,0,287,0,187,0,178,,0.0,41.0,1e+20,41,1.9808,9.9668,0.0,0.031,0.0,0.0383,0.0,0.5361,12.5235
parking-sat14-strips-p_36_3,0,True,1779,1828,4540,8241,0,11577,0,0,1322,0,660,0,1409,,0.0,39.0,1e+20,39,1.9734,9.3572,0.0,0.0275,0.0,0.1332,0.0,2.4577,13.8245
parking-sat14-strips-p_38_1,0,True,2101,2130,5157,9486,0,13234,0,0,2730,0,1951,0,1539,,0.0,41.0,1e+20,41,2.5118,13.57,0.0,0.0363,0.0,0.449,0.0,4.4279,20.5564
parking-sat14-strips-p_38_2,0,True,2102,2134,5092,9424,0,13243,0,0,251,0,168,0,17,,0.0,42.0,1e+20,42,2.5179,13.6147,0.0,0.0357,0.0,0.0343,0.0,0.5233,16.7019
parking-sat14-strips-p_38_3,0,True,2044,2092,5257,9498,0,13414,0,0,825,0,449,0,594,,0.0,41.0,1e+20,41,2.5322,13.2731,0.0,0.0356,0.0,0.1024,0.0,1.0652,16.9167
parking-sat14-strips-p_40_1,0,True,2272,2322,5833,10537,0,14880,0,0,1058,0,559,0,699,,0.0,44.0,1e+20,44,3.1836,17.6305,0.0,0.0434,0.0,0.1393,0.0,1.9321,22.8026
parking-sat14-strips-p_40_2,0,True,2216,2261,5625,10206,0,14258,0,0,11544,0,8354,0,6894,,0.0,42.0,1e+20,42,3.1773,16.8391,0.0,0.0411,0.0,2.1696,0.0,18.3583,38.428
parking-sat14-strips-p_40_3,0,True,2331,2360,5802,10599,0,14845,0,0,5853,0,3341,0,2366,,0.0,45.0,1e+20,45,3.1867,17.8588,0.0,0.0443,0.0,0.8413,0.0,12.2439,33.3478
pathways-p01,0,True,16,24,36,78,0,76,0,0,0,0,3,0,0,,0.0,6.0,1e+20,6,0.0229,0.0001,0.0,0.0011,0.0,0.0001,0.0,0.0042,0.0287
pathways-p02,0,True,7,17,30,71,0,72,0,0,0,0,4,0,0,,0.0,12.0,1e+20,12,0.0066,0.0001,0.0,0.0013,0.0,0.0001,0.0,0.0036,0.0119
pathways-p03,0,True,24,38,55,129,0,133,0,0,0,0,3,0,0,,0.0,16.0,1e+20,16,0.0052,0.0002,0.0,0.0012,0.0,0.0001,0.0,0.0048,0.0118
pathways-p04,0,True,32,57,77,177,0,181,0,0,0,0,4,0,0,,0.0,15.0,1e+20,15,0.0061,0.0004,0.0,0.0012,0.0,0.0001,0.0,0.0059,0.014
pathways-p05,0,True,48,122,196,379,0,388,0,0,0,0,5,0,0,,0.0,29.0,1e+20,29,0.0066,0.0009,0.0,0.0012,0.0,0.0002,0.0,0.0197,0.0289
pathways-p06,0,True,58,201,355,649,0,668,0,0,0,0,3,0,0,,0.0,46.0,1e+20,46,0.0067,0.0021,0.0,0.0011,0.0,0.0001,0.0,0.0177,0.0281
pathways-p07,0,True,80,244,400,746,0,771,0,0,0,0,5,0,0,,0.0,46.0,1e+20,46,0.0072,0.0029,0.0,0.0011,0.0,0.0002,0.0,0.0218,0.0335
pathways-p08,0,True,110,479,843,1477,0,1543,0,0,0,0,7,0,0,,0.0,66.0,1e+20,66,0.0099,0.0071,0.0,0.0023,0.0,0.0005,0.0,0.1256,0.1454
pathways-p09,0,True,85,388,672,1187,0,1222,0,0,0,0,5,0,0,,0.0,50.0,1e+20,50,0.0085,0.0049,0.0,0.0017,0.0,0.0003,0.0,0.0322,0.0479
pathways-p10,0,True,92,457,755,1357,0,1400,0,0,0,0,8,0,0,,0.0,58.0,1e+20,58,0.0085,0.0057,0.0,0.0017,0.0,0.0004,0.0,0.038,0.0544
pathways-p11,0,True,96,372,578,1085,0,1120,0,0,0,0,4,0,0,,0.0,54.0,1e+20,54,0.0077,0.0043,0.0,0.0019,0.0,0.0002,0.0,0.0219,0.0364
pathways-p12,0,True,111,578,1008,1755,0,1826,0,0,7,0,12,0,0,,0.0,80.0,1e+20,80,0.0095,0.0083,0.0,0.0021,0.0,0.001,0.0,0.1207,0.1412
pathways-p13,0,True,119,660,1177,2009,0,2056,0,0,0,0,7,0,0,,0.0,75.0,1e+20,75,0.0096,0.0102,0.0,0.0023,0.0,0.0006,0.0,0.1084,0.131
pathways-p14,0,True,121,630,1098,1895,0,1958,0,0,2,0,8,0,0,,0.0,76.0,1e+20,76,0.0104,0.0093,0.0,0.0029,0.0,0.0007,0.0,0.0926,0.1157
pathways-p15,0,True,120,679,1157,2030,0,2095,0,0,0,0,8,0,0,,0.0,78.0,1e+20,78,0.0106,0.0109,0.0,0.0026,0.0,0.0007,0.0,0.0906,0.1152
pathways-p16,0,True,150,930,1639,2787,0,2871,0,0,0,0,6,0,0,,0.0,89.0,1e+20,89,0.0159,0.0176,0.0,0.003,0.0,0.0008,0.0,0.1154,0.1525
pathways-p17,0,True,184,998,1701,2959,0,3082,0,0,0,0,8,0,0,,0.0,97.0,1e+20,97,0.0169,0.0216,0.0,0.0031,0.0,0.0011,0.0,0.1109,0.1531
pathways-p18,0,True,150,746,1306,2256,0,2341,0,0,0,0,7,0,0,,0.0,98.0,1e+20,98,0.0136,0.0141,0.0,0.0027,0.0,0.0007,0.0,0.0977,0.1286
pathways-p19,0,True,203,1218,2128,3611,0,3720,0,0,0,0,8,0,0,,0.0,106.0,1e+20,106,0.0169,0.0276,0.0,0.0047,0.0,0.0013,0.0,0.1103,0.1601
pathways-p20,0,True,167,860,1491,2580,0,2689,0,0,0,0,7,0,0,,0.0,102.0,1e+20,102,0.0278,0.0176,0.0,0.0037,0.0,0.0008,0.0,0.0913,0.1409
pathways-p21,0,True,186,1102,1899,3275,0,3387,0,0,4,0,10,0,0,,0.0,106.0,1e+20,106,0.017,0.0252,0.0,0.0036,0.0,0.0014,0.0,0.1347,0.1813
pathways-p22,0,True,196,1066,1814,3133,0,3226,0,0,0,0,4,0,0,,0.0,106.0,1e+20,106,0.0164,0.0233,0.0,0.0033,0.0,0.0007,0.0,0.0741,0.1177
pathways-p23,0,True,190,1214,2137,3605,0,3696,0,0,0,0,5,0,0,,0.0,112.0,1e+20,112,0.0186,0.0271,0.0,0.0037,0.0,0.0009,0.0,0.0951,0.1451
pathways-p24,0,True,174,1072,1925,3251,0,3373,0,0,4,0,9,0,0,,0.0,117.0,1e+20,117,0.0189,0.0264,0.0,0.0032,0.0,0.0014,0.0,0.183,0.2323
pathways-p25,0,True,238,1966,3567,5853,0,5999,0,0,7,0,17,0,0,,0.0,127.0,1e+20,127,0.0255,0.0547,0.0,0.0055,0.0,0.0034,0.0,0.615,0.7014
pathways-p26,0,True,235,1673,2954,4957,0,5118,0,0,2,0,10,0,0,,0.0,129.0,1e+20,129,0.0224,0.0479,0.0,0.0047,0.0,0.002,0.0,0.2593,0.335
pathways-p27,0,True,244,1639,2874,4846,0,5001,0,0,0,0,6,0,0,,0.0,127.0,1e+20,127,0.0251,0.0501,0.0,0.005,0.0,0.0015,0.0,0.2715,0.3525
pathways-p28,0,True,250,2044,3659,6040,0,6189,0,0,0,0,7,0,0,,0.0,127.0,1e+20,127,0.0263,0.0599,0.0,0.0064,0.0,0.0018,0.0,0.3612,0.4554
pathways-p29,0,True,217,1269,2165,3729,0,3872,0,0,0,0,7,0,0,,0.0,141.0,1e+20,141,0.0184,0.0328,0.0,0.0038,0.0,0.0014,0.0,0.1893,0.2449
pathways-p30,0,True,254,1464,2494,4300,0,4471,0,0,0,0,8,0,0,,0.0,131.0,1e+20,131,0.0202,0.0431,0.0,0.0046,0.0,0.0015,0.0,0.2265,0.2951
pegsol-08-strips-p01,0,False,11,19,39,82,0,109,0,0,0,0,4,0,0,,0.0,2.0,1e+20,2,0.0054,0.0002,0.0,0.0014,0.0,0.0001,0.0,0.0049,0.0124
pegsol-08-strips-p02,0,False,59,95,208,367,0,614,0,0,235,0,64,0,2547,,0.0,2.0,1e+20,2,0.0062,0.0006,0.0,0.0015,0.0,0.0019,0.0,0.2181,0.2268
pegsol-08-strips-p03,0,False,60,102,224,392,0,630,0,0,184,0,65,0,446,,0.0,1.0,1e+20,1,0.0056,0.0006,0.0,0.0014,0.0,0.0017,0.0,0.0951,0.1032
pegsol-08-strips-p04,0,False,49,76,170,305,0,545,0,0,162,0,345,0,458,,0.0,3.0,1e+20,3,0.006,0.0006,0.0,0.0011,0.0,0.0017,0.0,0.0833,0.0915
pegsol-08-strips-p05,0,False,15,33,76,138,0,193,0,0,29,0,9,0,0,,0.0,2.0,1e+20,2,0.005,0.0002,0.0,0.0011,0.0,0.0003,0.0,0.0091,0.0161
pegsol-08-strips-p06,0,False,47,94,218,371,0,582,0,0,291,0,432,0,2501,,0.0,3.0,1e+20,3,0.0057,0.0006,0.0,0.0011,0.0,0.003,0.0,0.2093,0.2175
pegsol-08-strips-p07,0,False,41,80,176,314,0,528,0,0,161,0,38,0,120,,0.0,3.0,1e+20,3,0.0059,0.0006,0.0,0.0018,0.0,0.0017,0.0,0.0427,0.0515
pegsol-08-strips-p08,0,False,55,117,282,465,0,666,0,0,694,0,221,0,25412,,0.0,3.0,1e+20,3,0.0055,0.0006,0.0,0.0014,0.0,0.0109,0.0,3.0052,3.0132
pegsol-08-strips-p09,0,False,47,104,248,413,0,610,0,0,255,0,76,0,256,,0.0,3.0,1e+20,3,0.0071,0.0006,0.0,0.0016,0.0,0.0025,0.0,0.094,0.1038
pegsol-08-strips-p10,0,False,46,101,245,407,0,616,0,0,366,0,199,0,3688,,0.0,3.0,1e+20,3,0.0059,0.0006,0.0,0.0013,0.0,0.0048,0.0,0.4467,0.455
pegsol-08-strips-p11,0,False,52,106,248,418,0,638,0,0,177,0,149,0,436,,0.0,3.0,1e+20,3,0.0064,0.0006,0.0,0.0012,0.0,0.0018,0.0,0.0876,0.0963
pegsol-08-strips-p12,0,False,52,111,264,440,0,679,0,0,213,0,45,0,413,,0.0,3.0,1e+20,3,0.0057,0.0007,0.0,0.0011,0.0,0.002,0.0,0.1007,0.1087
pegsol-08-strips-p13,0,False,50,110,251,424,0,617,0,0,250,0,432,0,1479,,0.0,4.0,1e+20,4,0.0058,0.0007,0.0,0.0015,0.0,0.0029,0.0,0.1809,0.1894
pegsol-08-strips-p14,0,False,51,111,252,428,0,641,0,0,136,0,51,0,118,,0.0,4.0,1e+20,4,0.006,0.0007,0.0,0.0013,0.0,0.0018,0.0,0.0585,0.0669
pegsol-08-strips-p15,0,False,44,106,249,416,0,614,0,0,303,0,56,0,200,,0.0,4.0,1e+20,4,0.0048,0.0006,0.0,0.0011,0.0,0.0033,0.0,0.0993,0.1063
pegsol-08-strips-p16,0,False,43,101,237,398,0,598,0,0,172,0,59,0,882,,0.0,6.0,1e+20,6,0.0053,0.0006,0.0,0.0012,0.0,0.0025,0.0,0.1046,0.1127
pegsol-08-strips-p17,0,False,44,112,276,450,0,650,0,0,546,0,169,0,159503,,0.0,4.0,1e+20,4,0.0052,0.0006,0.0,0.0012,0.0,0.0113,0.0,12.7841,12.7918
pegsol-08-strips-p18,0,False,40,100,236,394,0,591,0,0,232,0,72,0,889,,0.0,5.0,1e+20,5,0.0053,0.0006,0.0,0.0011,0.0,0.0027,0.0,0.0994,0.1068
pegsol-08-strips-p19,0,False,41,103,251,413,0,601,0,0,296,0,99,0,6406,,0.0,5.0,1e+20,5,0.0048,0.0006,0.0,0.0014,0.0,0.0041,0.0,0.4124,0.4197
pegsol-08-strips-p20,0,False,50,121,297,484,0,689,0,0,487,0,119,0,4782,,0.0,3.0,1e+20,3,0.0067,0.0006,0.0,0.0014,0.0,0.0066,0.0,0.7098,0.719
pegsol-08-strips-p21,0,False,48,115,271,450,0,646,0,0,327,0,369,0,4847,,0.0,5.0,1e+20,5,0.0196,0.0007,0.0,0.0016,0.0,0.0061,0.0,0.4799,0.5023
pegsol-08-strips-p22,0,False,43,107,241,410,0,638,0,0,180,0,93,0,1224,,0.0,4.0,1e+20,4,0.006,0.0007,0.0,0.0018,0.0,0.0023,0.0,0.1266,0.1354
pegsol-08-strips-p23,0,False,48,119,294,478,0,682,0,0,852,0,334,0,155125,,0.0,5.0,1e+20,5,0.0058,0.0007,0.0,0.0012,0.0,0.0174,0.0,18.155,18.1634
pegsol-08-strips-p24,0,False,46,112,259,435,0,660,0,0,226,0,68,0,185,,0.0,5.0,1e+20,5,0.0171,0.0007,0.0,0.0014,0.0,0.003,0.0,0.0907,0.1105
pegsol-08-strips-p25,0,False,48,120,296,482,0,707,0,0,612,0,170,0,5336,,0.0,4.0,1e+20,4,0.0174,0.0007,0.0,0.0015,0.0,0.0109,0.0,0.6977,0.7179
pegsol-08-strips-p26,0,False,40,124,312,498,0,674,0,0,3308,0,1261,0,2624629,,0.0,5.0,1e+20,5,0.0057,0.0006,0.0,0.0019,0.0,0.0896,0.0,666.6604,666.6692
pegsol-08-strips-p27,0,False,43,124,294,483,0,687,0,0,214,0,109,0,3034,,0.0,5.0,1e+20,5,0.006,0.0007,0.0,0.0012,0.0,0.0047,0.0,0.2889,0.2973
pegsol-08-strips-p28,0,False,42,132,296,494,0,675,0,0,113,0,74,0,333,,0.0,9.0,1e+20,9,0.0055,0.0007,0.0,0.0015,0.0,0.002,0.0,0.0755,0.0837
pegsol-08-strips-p29,0,False,39,138,332,536,0,734,0,0,1376,0,707,0,90837,,0.0,8.0,1e+20,8,0.0053,0.0007,0.0,0.0012,0.0,0.0406,0.0,13.4858,13.4937
pegsol-08-strips-p30,0,False,28,144,348,554,0,714,0,0,4777,0,1902,0,266366,,0.0,13.0,1e+20,13,0.0063,0.0007,0.0,0.0015,0.0,0.1503,0.0,61.7362,61.7454
pegsol-opt11-strips-p01,0,False,48,95,213,370,0,614,0,0,173,0,76,0,167,,0.0,2.0,1e+20,2,0.0057,0.0007,0.0,0.0015,0.0,0.0016,0.0,0.0562,0.0645
pegsol-opt11-strips-p02,0,False,44,112,276,450,0,650,0,0,546,0,169,0,159503,,0.0,4.0,1e+20,4,0.0052,0.0006,0.0,0.0013,0.0,0.0114,0.0,12.8024,12.8101
pegsol-opt11-strips-p03,0,False,40,100,236,394,0,591,0,0,232,0,72,0,889,,0.0,5.0,1e+20,5,0.0059,0.0006,0.0,0.0014,0.0,0.0026,0.0,0.0997,0.108
pegsol-opt11-strips-p04,0,False,41,103,251,413,0,601,0,0,296,0,99,0,6406,,0.0,5.0,1e+20,5,0.0056,0.0006,0.0,0.0015,0.0,0.0041,0.0,0.4122,0.4205
pegsol-opt11-strips-p05,0,False,50,123,282,470,0,647,0,0,521,0,218,0,10098,,0.0,7.0,1e+20,7,0.0055,0.0006,0.0,0.0015,0.0,0.0114,0.0,1.0788,1.0871
pegsol-opt11-strips-p06,0,False,40,100,252,410,0,602,0,0,2102,0,747,0,1658300,,0.0,5.0,1e+20,5,0.0063,0.0006,0.0,0.0014,0.0,0.0565,0.0,325.5051,325.5141
pegsol-opt11-strips-p07,0,False,50,119,287,471,0,668,0,0,856,0,550,0,7898,,0.0,4.0,1e+20,4,0.0055,0.0006,0.0,0.0015,0.0,0.0157,0.0,1.2566,1.2647
pegsol-opt11-strips-p08,0,False,50,121,297,484,0,689,0,0,487,0,119,0,4782,,0.0,3.0,1e+20,3,0.0051,0.0006,0.0,0.0015,0.0,0.0066,0.0,0.7083,0.7161
pegsol-opt11-strips-p09,0,False,47,114,266,443,0,639,0,0,310,0,266,0,4151,,0.0,4.0,1e+20,4,0.0058,0.0007,0.0,0.0016,0.0,0.005,0.0,0.3294,0.3382
pegsol-opt11-strips-p10,0,False,48,115,271,450,0,646,0,0,327,0,369,0,4847,,0.0,5.0,1e+20,5,0.0053,0.0007,0.0,0.0014,0.0,0.0058,0.0,0.4801,0.488
pegsol-opt11-strips-p11,0,False,43,107,241,410,0,638,0,0,180,0,93,0,1224,,0.0,4.0,1e+20,4,0.0224,0.0007,0.0,0.0016,0.0,0.0023,0.0,0.1252,0.1504
pegsol-opt11-strips-p12,0,False,40,100,228,387,0,579,0,0,169,0,303,0,934,,0.0,6.0,1e+20,6,0.0057,0.0006,0.0,0.0014,0.0,0.0031,0.0,0.115,0.1232
pegsol-opt11-strips-p13,0,False,48,119,294,478,0,682,0,0,852,0,334,0,155125,,0.0,5.0,1e+20,5,0.0056,0.0007,0.0,0.0015,0.0,0.0173,0.0,18.1158,18.1249
pegsol-opt11-strips-p14,0,False,46,112,259,435,0,660,0,0,226,0,68,0,185,,0.0,5.0,1e+20,5,0.0053,0.0007,0.0,0.0015,0.0,0.003,0.0,0.0906,0.0985
pegsol-opt11-strips-p15,0,False,48,120,296,482,0,707,0,0,612,0,170,0,5336,,0.0,4.0,1e+20,4,0.0057,0.0007,0.0,0.0013,0.0,0.0109,0.0,0.6948,0.703
pegsol-opt11-strips-p16,0,False,40,124,312,498,0,674,0,0,3308,0,1261,0,2624629,,0.0,5.0,1e+20,5,0.0057,0.0006,0.0,0.0016,0.0,0.0886,0.0,666.8014,666.81
pegsol-opt11-strips-p17,0,False,43,124,294,483,0,687,0,0,214,0,109,0,3034,,0.0,5.0,1e+20,5,0.0058,0.0007,0.0,0.0013,0.0,0.0046,0.0,0.2913,0.2996
pegsol-opt11-strips-p18,0,False,42,132,296,494,0,675,0,0,113,0,74,0,333,,0.0,9.0,1e+20,9,0.0058,0.0007,0.0,0.0013,0.0,0.002,0.0,0.0751,0.0834
pegsol-opt11-strips-p19,0,False,39,138,332,536,0,734,0,0,1376,0,707,0,90837,,0.0,8.0,1e+20,8,0.0057,0.0007,0.0,0.0017,0.0,0.0405,0.0,13.5176,13.5264
pegsol-opt11-strips-p20,0,False,28,144,348,554,0,714,0,0,4777,0,1902,0,266366,,0.0,13.0,1e+20,13,0.0057,0.0007,0.0,0.0013,0.0,0.1498,0.0,61.3794,61.3879
pegsol-sat11-strips-p01,0,False,44,112,276,450,0,650,0,0,546,0,169,0,159503,,0.0,4.0,1e+20,4,0.006,0.0006,0.0,0.0015,0.0,0.0114,0.0,12.7849,12.7938
pegsol-sat11-strips-p02,0,False,40,100,236,394,0,591,0,0,232,0,72,0,889,,0.0,5.0,1e+20,5,0.0057,0.0006,0.0,0.0015,0.0,0.0026,0.0,0.0994,0.1076
pegsol-sat11-strips-p03,0,False,41,103,251,413,0,601,0,0,296,0,99,0,6406,,0.0,5.0,1e+20,5,0.0059,0.0006,0.0,0.0012,0.0,0.0041,0.0,0.4122,0.4205
pegsol-sat11-strips-p04,0,False,50,123,282,470,0,647,0,0,521,0,218,0,10098,,0.0,7.0,1e+20,7,0.0053,0.0006,0.0,0.0014,0.0,0.0114,0.0,1.0899,1.0977
pegsol-sat11-strips-p05,0,False,40,100,252,410,0,602,0,0,2102,0,747,0,1658300,,0.0,5.0,1e+20,5,0.0053,0.0006,0.0,0.0014,0.0,0.0567,0.0,326.8427,326.8506
pegsol-sat11-strips-p06,0,False,50,119,287,471,0,668,0,0,856,0,550,0,7898,,0.0,4.0,1e+20,4,0.0059,0.0006,0.0,0.0013,0.0,0.0158,0.0,1.2589,1.2673
pegsol-sat11-strips-p07,0,False,47,114,266,443,0,639,0,0,310,0,266,0,4151,,0.0,4.0,1e+20,4,0.0051,0.0006,0.0,0.0014,0.0,0.005,0.0,0.3297,0.3373
pegsol-sat11-strips-p08,0,False,40,100,228,387,0,579,0,0,169,0,303,0,934,,0.0,6.0,1e+20,6,0.0052,0.0006,0.0,0.0014,0.0,0.0031,0.0,0.1142,0.1219
pegsol-sat11-strips-p09,0,False,46,112,259,435,0,660,0,0,226,0,68,0,185,,0.0,5.0,1e+20,5,0.0048,0.0007,0.0,0.0021,0.0,0.003,0.0,0.0908,0.0989
pegsol-sat11-strips-p10,0,False,50,121,297,484,0,689,0,0,487,0,119,0,4782,,0.0,3.0,1e+20,3,0.0052,0.0006,0.0,0.0015,0.0,0.0066,0.0,0.7096,0.7174
pegsol-sat11-strips-p11,0,False,48,115,271,450,0,646,0,0,327,0,369,0,4847,,0.0,5.0,1e+20,5,0.0061,0.0007,0.0,0.0012,0.0,0.0058,0.0,0.4826,0.491
pegsol-sat11-strips-p12,0,False,48,119,294,478,0,682,0,0,852,0,334,0,155125,,0.0,5.0,1e+20,5,0.0052,0.0006,0.0,0.0015,0.0,0.0172,0.0,18.1046,18.1127
pegsol-sat11-strips-p13,0,False,50,110,251,424,0,617,0,0,250,0,432,0,1479,,0.0,4.0,1e+20,4,0.0054,0.0006,0.0,0.0015,0.0,0.0029,0.0,0.1804,0.1884
pegsol-sat11-strips-p14,0,False,48,120,296,482,0,707,0,0,612,0,170,0,5336,,0.0,4.0,1e+20,4,0.0054,0.0007,0.0,0.0013,0.0,0.0109,0.0,0.6957,0.7036
pegsol-sat11-strips-p15,0,False,51,111,252,428,0,641,0,0,136,0,50,0,118,,0.0,4.0,1e+20,4,0.0134,0.0006,0.0,0.0018,0.0,0.0018,0.0,0.0582,0.0745
pegsol-sat11-strips-p16,0,False,40,124,312,498,0,674,0,0,3308,0,1261,0,2624629,,0.0,5.0,1e+20,5,0.007,0.0006,0.0,0.0013,0.0,0.0889,0.0,668.606,668.6158
pegsol-sat11-strips-p17,0,False,43,124,294,483,0,687,0,0,214,0,109,0,3034,,0.0,5.0,1e+20,5,0.0057,0.0007,0.0,0.0014,0.0,0.0047,0.0,0.2896,0.2978
pegsol-sat11-strips-p18,0,False,42,132,296,494,0,675,0,0,113,0,74,0,333,,0.0,9.0,1e+20,9,0.0179,0.0007,0.0,0.0012,0.0,0.002,0.0,0.0749,0.0951
pegsol-sat11-strips-p19,0,False,39,138,332,536,0,734,0,0,1376,0,707,0,90837,,0.0,8.0,1e+20,8,0.006,0.0007,0.0,0.0024,0.0,0.0405,0.0,13.5126,13.5223
pegsol-sat11-strips-p20,0,False,28,144,348,554,0,714,0,0,4777,0,1902,0,266366,,0.0,13.0,1e+20,13,0.0058,0.0007,0.0,0.0015,0.0,0.1497,0.0,61.519,61.5278
petri-net-alignment-opt18-strips-p01,0,False,115,440,630,1449,0,1649,0,0,21,0,5,0,0,,0.0,7.0,1e+20,7,0.0087,0.009,0.0,0.0022,0.0,0.0012,0.0,0.0171,0.0377
petri-net-alignment-opt18-strips-p02,2,False,147,593,850,1919,0,2194,0,0,62419,0,29125,0,86555,,0.0,9.0,1e+20,56,0.0102,0.0148,0.0,0.0032,0.0,15.1897,0.0,900.0233,900.0667
petri-net-alignment-opt18-strips-p03,2,False,147,699,1018,2246,0,2581,0,0,48947,0,14120,0,81520,,0.0,10.143,1e+20,432,0.0104,0.02,0.0,0.0036,0.0,9.1648,0.0,899.9944,900.0415
petri-net-alignment-opt18-strips-p04,2,False,147,717,1043,2298,0,2643,0,0,50824,0,9897,0,75050,,0.0,8.25,1e+20,441,0.0109,0.0208,0.0,0.0036,0.0,8.2384,0.0,900.0345,900.146
petri-net-alignment-opt18-strips-p05,2,False,126,559,802,1806,0,2061,0,0,36700,0,6440,0,125493,,0.0,21.625,1e+20,358,0.0103,0.0132,0.0,0.0031,0.0,3.902,0.0,902.0899,903.6471
petri-net-alignment-opt18-strips-p06,2,False,147,719,1044,2302,0,2643,0,0,40837,0,6051,0,81925,,0.0,12.419,1e+20,442,0.0109,0.0207,0.0,0.0039,0.0,4.87,0.0,900.0177,900.1394
petri-net-alignment-opt18-strips-p07,2,False,147,683,989,2193,0,2517,0,0,32788,0,4678,0,108588,,0.0,19.083,1e+20,130,0.0109,0.019,0.0,0.0034,0.0,3.7937,0.0,899.9991,900.1517
petri-net-alignment-opt18-strips-p08,2,False,147,721,1045,2306,0,2647,0,0,28869,0,3801,0,107764,,0.0,10.222,1e+20,278,0.0112,0.0204,0.0,0.0039,0.0,3.2447,0.0,899.986,900.1063
petri-net-alignment-opt18-strips-p09,2,False,147,700,1013,2243,0,2575,0,0,30758,0,3495,0,114046,,0.0,20.847,1e+20,285,0.0303,0.0196,0.0,0.0045,0.0,2.6716,0.0,899.9544,900.0907
petri-net-alignment-opt18-strips-p10,2,False,147,887,1293,2803,0,3227,0,0,36835,0,3264,0,103521,,0.0,14.116,1e+20,526,0.0339,0.0303,0.0,0.0047,0.0,3.4547,0.0,901.2618,902.0099
petri-net-alignment-opt18-strips-p11,2,False,146,775,1115,2457,0,2817,0,0,23022,0,2704,0,80237,,0.0,24.578,1e+20,327,0.0323,0.0239,0.0,0.004,0.0,2.3114,0.0,901.1821,901.3997
petri-net-alignment-opt18-strips-p12,2,False,147,1013,1483,3183,0,3672,0,0,40690,0,3200,0,83952,,0.0,10.192,1e+20,588,0.0167,0.0392,0.0,0.0053,0.0,3.4627,0.0,899.997,900.2117
petri-net-alignment-opt18-strips-p13,2,False,147,884,1288,2794,0,3217,0,0,26435,0,1918,0,119127,,0.0,15.14,1e+20,524,0.0336,0.0302,0.0,0.0045,0.0,1.9181,0.0,901.2267,901.9991
petri-net-alignment-opt18-strips-p14,2,False,115,875,1269,2742,0,3148,0,0,31199,0,2456,0,108079,,0.0,13.0,1e+20,513,0.0365,0.0294,0.0,0.0055,0.0,2.3455,0.0,901.6727,902.4639
petri-net-alignment-opt18-strips-p15,2,False,147,874,1268,2759,0,3173,0,0,28995,0,1982,0,112164,,0.0,17.0,1e+20,519,0.0329,0.0297,0.0,0.0049,0.0,1.8977,0.0,901.7884,902.521
petri-net-alignment-opt18-strips-p16,2,False,147,959,1397,3016,0,3472,0,0,37302,0,2866,0,87581,,0.0,11.134,1e+20,561,0.0326,0.0347,0.0,0.0051,0.0,2.8756,0.0,899.9764,900.1437
petri-net-alignment-opt18-strips-p17,2,False,147,993,1456,3126,0,3608,0,0,27808,0,1760,0,111326,,0.0,7.693,1e+20,578,0.0358,0.0381,0.0,0.0068,0.0,1.7611,0.0,901.0269,901.3558
petri-net-alignment-opt18-strips-p18,2,False,115,936,1367,2931,0,3374,0,0,31809,0,2071,0,117948,,0.0,16.062,1e+20,544,0.0347,0.0338,0.0,0.005,0.0,2.001,0.0,902.2001,903.3817
petri-net-alignment-opt18-strips-p19,2,False,147,992,1450,3118,0,3593,0,0,30278,0,2052,0,110951,,0.0,11.687,1e+20,578,0.0318,0.0375,0.0,0.0054,0.0,2.2438,0.0,901.3988,902.1619
petri-net-alignment-opt18-strips-p20,2,False,147,1017,1490,3196,0,3688,0,0,24801,0,1490,0,103664,,0.0,16.185,1e+20,590,0.0325,0.0396,0.0,0.0055,0.0,1.5582,0.0,899.9463,900.1933
philosophers-p01-phil2,-3,False,0,0,0,0,0,0,0,0,0,0,0,0,0,,0.0,0.0,1e+20,1e+20,0,0,0,0,0,0,0,0,0
philosophers-p02-phil3,-3,False,0,0,0,0,0,0,0,0,0,0,0,0,0,,0.0,0.0,1e+20,1e+20,0,0,0,0,0,0,0,0,0
philosophers-p03-phil4,-3,False,0,0,0,0,0,0,0,0,0,0,0,0,0,,0.0,0.0,1e+20,1e+20,0,0,0,0,0,0,0,0,0
philosophers-p04-phil5,-3,False,0,0,0,0,0,0,0,0,0,0,0,0,0,,0.0,0.0,1e+20,1e+20,0,0,0,0,0,0,0,0,0
philosophers-p05-phil6,-3,False,0,0,0,0,0,0,0,0,0,0,0,0,0,,0.0,0.0,1e+20,1e+20,0,0,0,0,0,0,0,0,0
philosophers-p06-phil7,-3,False,0,0,0,0,0,0,0,0,0,0,0,0,0,,0.0,0.0,1e+20,1e+20,0,0,0,0,0,0,0,0,0
philosophers-p07-phil8,-3,False,0,0,0,0,0,0,0,0,0,0,0,0,0,,0.0,0.0,1e+20,1e+20,0,0,0,0,0,0,0,0,0
philosophers-p08-phil9,-3,False,0,0,0,0,0,0,0,0,0,0,0,0,0,,0.0,0.0,1e+20,1e+20,0,0,0,0,0,0,0,0,0
philosophers-p09-phil10,-3,False,0,0,0,0,0,0,0,0,0,0,0,0,0,,0.0,0.0,1e+20,1e+20,0,0,0,0,0,0,0,0,0
philosophers-p10-phil11,-3,False,0,0,0,0,0,0,0,0,0,0,0,0,0,,0.0,0.0,1e+20,1e+20,0,0,0,0,0,0,0,0,0
philosophers-p11-phil12,-3,False,0,0,0,0,0,0,0,0,0,0,0,0,0,,0.0,0.0,1e+20,1e+20,0,0,0,0,0,0,0,0,0
philosophers-p12-phil13,-3,False,0,0,0,0,0,0,0,0,0,0,0,0,0,,0.0,0.0,1e+20,1e+20,0,0,0,0,0,0,0,0,0
philosophers-p13-phil14,-3,False,0,0,0,0,0,0,0,0,0,0,0,0,0,,0.0,0.0,1e+20,1e+20,0,0,0,0,0,0,0,0,0
philosophers-p14-phil15,-3,False,0,0,0,0,0,0,0,0,0,0,0,0,0,,0.0,0.0,1e+20,1e+20,0,0,0,0,0,0,0,0,0
philosophers-p15-phil16,-3,False,0,0,0,0,0,0,0,0,0,0,0,0,0,,0.0,0.0,1e+20,1e+20,0,0,0,0,0,0,0,0,0
philosophers-p16-phil17,-3,False,0,0,0,0,0,0,0,0,0,0,0,0,0,,0.0,0.0,1e+20,1e+20,0,0,0,0,0,0,0,0,0
philosophers-p17-phil18,-3,False,0,0,0,0,0,0,0,0,0,0,0,0,0,,0.0,0.0,1e+20,1e+20,0,0,0,0,0,0,0,0,0
philosophers-p18-phil19,-3,False,0,0,0,0,0,0,0,0,0,0,0,0,0,,0.0,0.0,1e+20,1e+20,0,0,0,0,0,0,0,0,0
philosophers-p19-phil20,-3,False,0,0,0,0,0,0,0,0,0,0,0,0,0,,0.0,0.0,1e+20,1e+20,0,0,0,0,0,0,0,0,0
philosophers-p20-phil21,-3,False,0,0,0,0,0,0,0,0,0,0,0,0,0,,0.0,0.0,1e+20,1e+20,0,0,0,0,0,0,0,0,0
philosophers-p21-phil22,-3,False,0,0,0,0,0,0,0,0,0,0,0,0,0,,0.0,0.0,1e+20,1e+20,0,0,0,0,0,0,0,0,0
philosophers-p22-phil23,-3,False,0,0,0,0,0,0,0,0,0,0,0,0,0,,0.0,0.0,1e+20,1e+20,0,0,0,0,0,0,0,0,0
philosophers-p23-phil24,-3,False,0,0,0,0,0,0,0,0,0,0,0,0,0,,0.0,0.0,1e+20,1e+20,0,0,0,0,0,0,0,0,0
philosophers-p24-phil25,-3,False,0,0,0,0,0,0,0,0,0,0,0,0,0,,0.0,0.0,1e+20,1e+20,0,0,0,0,0,0,0,0,0
philosophers-p25-phil26,-3,False,0,0,0,0,0,0,0,0,0,0,0,0,0,,0.0,0.0,1e+20,1e+20,0,0,0,0,0,0,0,0,0
philosophers-p26-phil27,-3,False,0,0,0,0,0,0,0,0,0,0,0,0,0,,0.0,0.0,1e+20,1e+20,0,0,0,0,0,0,0,0,0
philosophers-p27-phil28,-3,False,0,0,0,0,0,0,0,0,0,0,0,0,0,,0.0,0.0,1e+20,1e+20,0,0,0,0,0,0,0,0,0
philosophers-p28-phil29,-3,False,0,0,0,0,0,0,0,0,0,0,0,0,0,,0.0,0.0,1e+20,1e+20,0,0,0,0,0,0,0,0,0
philosophers-p29-phil30,-3,False,0,0,0,0,0,0,0,0,0,0,0,0,0,,0.0,0.0,1e+20,1e+20,0,0,0,0,0,0,0,0,0
philosophers-p30-phil31,-3,False,0,0,0,0,0,0,0,0,0,0,0,0,0,,0.0,0.0,1e+20,1e+20,0,0,0,0,0,0,0,0,0
philosophers-p31-phil32,-3,False,0,0,0,0,0,0,0,0,0,0,0,0,0,,0.0,0.0,1e+20,1e+20,0,0,0,0,0,0,0,0,0
philosophers-p32-phil33,-3,False,0,0,0,0,0,0,0,0,0,0,0,0,0,,0.0,0.0,1e+20,1e+20,0,0,0,0,0,0,0,0,0
philosophers-p33-phil34,-3,False,0,0,0,0,0,0,0,0,0,0,0,0,0,,0.0,0.0,1e+20,1e+20,0,0,0,0,0,0,0,0,0
philosophers-p34-phil35,-3,False,0,0,0,0,0,0,0,0,0,0,0,0,0,,0.0,0.0,1e+20,1e+20,0,0,0,0,0,0,0,0,0
philosophers-p35-phil36,-3,False,0,0,0,0,0,0,0,0,0,0,0,0,0,,0.0,0.0,1e+20,1e+20,0,0,0,0,0,0,0,0,0
philosophers-p36-phil37,-3,False,0,0,0,0,0,0,0,0,0,0,0,0,0,,0.0,0.0,1e+20,1e+20,0,0,0,0,0,0,0,0,0
philosophers-p37-phil38,-3,False,0,0,0,0,0,0,0,0,0,0,0,0,0,,0.0,0.0,1e+20,1e+20,0,0,0,0,0,0,0,0,0
philosophers-p38-phil39,-3,False,0,0,0,0,0,0,0,0,0,0,0,0,0,,0.0,0.0,1e+20,1e+20,0,0,0,0,0,0,0,0,0
philosophers-p39-phil40,-3,False,0,0,0,0,0,0,0,0,0,0,0,0,0,,0.0,0.0,1e+20,1e+20,0,0,0,0,0,0,0,0,0
philosophers-p40-phil41,-3,False,0,0,0,0,0,0,0,0,0,0,0,0,0,,0.0,0.0,1e+20,1e+20,0,0,0,0,0,0,0,0,0
philosophers-p41-phil42,-3,False,0,0,0,0,0,0,0,0,0,0,0,0,0,,0.0,0.0,1e+20,1e+20,0,0,0,0,0,0,0,0,0
philosophers-p42-phil43,-3,False,0,0,0,0,0,0,0,0,0,0,0,0,0,,0.0,0.0,1e+20,1e+20,0,0,0,0,0,0,0,0,0
philosophers-p43-phil44,-3,False,0,0,0,0,0,0,0,0,0,0,0,0,0,,0.0,0.0,1e+20,1e+20,0,0,0,0,0,0,0,0,0
philosophers-p44-phil45,-3,False,0,0,0,0,0,0,0,0,0,0,0,0,0,,0.0,0.0,1e+20,1e+20,0,0,0,0,0,0,0,0,0
philosophers-p45-phil46,-3,False,0,0,0,0,0,0,0,0,0,0,0,0,0,,0.0,0.0,1e+20,1e+20,0,0,0,0,0,0,0,0,0
philosophers-p46-phil47,-3,False,0,0,0,0,0,0,0,0,0,0,0,0,0,,0.0,0.0,1e+20,1e+20,0,0,0,0,0,0,0,0,0
philosophers-p47-phil48,-3,False,0,0,0,0,0,0,0,0,0,0,0,0,0,,0.0,0.0,1e+20,1e+20,0,0,0,0,0,0,0,0,0
philosophers-p48-phil49,-3,False,0,0,0,0,0,0,0,0,0,0,0,0,0,,0.0,0.0,1e+20,1e+20,0,0,0,0,0,0,0,0,0
pipesworld-notankage-p01-net1-b6-g2,0,True,22,38,119,192,0,237,0,0,1,0,8,0,0,,0.0,5.0,1e+20,5,0.0056,0.0003,0.0,0.0015,0.0,0.0001,0.0,0.0139,0.0218
pipesworld-notankage-p02-net1-b6-g4,0,True,19,38,130,205,0,258,0,0,2,0,6,0,0,,0.0,7.0,1e+20,7,0.0063,0.0003,0.0,0.0012,0.0,0.0001,0.0,0.009,0.0172
pipesworld-notankage-p03-net1-b8-g3,0,True,34,59,202,314,0,410,0,0,1,0,5,0,0,,0.0,7.0,1e+20,7,0.0064,0.0007,0.0,0.0011,0.0,0.0001,0.0,0.0077,0.0163
pipesworld-notankage-p04-net1-b8-g5,0,True,32,59,202,314,0,410,0,0,1,0,5,0,0,,0.0,7.0,1e+20,7,0.0062,0.0007,0.0,0.0014,0.0,0.0001,0.0,0.0078,0.0165
pipesworld-notankage-p05-net1-b10-g4,0,True,45,98,341,504,0,675,0,0,4,0,9,0,0,,0.0,7.0,1e+20,7,0.0092,0.0012,0.0,0.0015,0.0,0.0003,0.0,0.024,0.0363
pipesworld-notankage-p06-net1-b10-g6,0,True,41,98,343,507,0,679,0,0,10,0,14,0,0,,0.0,9.0,1e+20,9,0.0076,0.0012,0.0,0.0013,0.0,0.0004,0.0,0.0267,0.0373
pipesworld-notankage-p07-net1-b12-g5,0,True,54,148,467,693,0,944,0,0,3,0,7,0,0,,0.0,8.0,1e+20,8,0.0075,0.0019,0.0,0.0015,0.0,0.0002,0.0,0.0255,0.0368
pipesworld-notankage-p08-net1-b12-g7,0,True,48,148,480,708,0,971,0,0,11,0,17,0,0,,0.0,10.0,1e+20,10,0.0075,0.0019,0.0,0.0014,0.0,0.0005,0.0,0.0294,0.0407
pipesworld-notankage-p09-net1-b14-g6,0,True,55,198,660,950,0,1314,0,0,41,0,37,0,0,,0.0,13.0,1e+20,13,0.0093,0.0029,0.0,0.0015,0.0,0.0015,0.0,0.0569,0.0711
pipesworld-notankage-p10-net1-b14-g8,0,True,46,198,681,973,0,1355,0,0,67,0,39,0,143,,0.0,17.0,1e+20,17,0.0085,0.0028,0.0,0.0017,0.0,0.0019,0.0,0.1116,0.1252
pipesworld-notankage-p11-net2-b10-g2,0,True,156,738,1572,2479,0,3315,0,0,218,0,64,0,60,,0.0,11.0,1e+20,11,0.01,0.006,0.0,0.0026,0.0,0.0045,0.0,0.6579,0.6771
pipesworld-notankage-p12-net2-b10-g4,0,True,152,738,1572,2479,0,3315,0,0,277,0,73,0,168,,0.0,13.0,1e+20,13,0.0092,0.0061,0.0,0.0026,0.0,0.0059,0.0,0.882,0.9005
pipesworld-notankage-p13-net2-b12-g3,0,True,189,913,1953,3072,0,4117,0,0,325,0,96,0,183,,0.0,12.0,1e+20,12,0.0106,0.0088,0.0,0.0032,0.0,0.0076,0.0,1.2551,1.2783
pipesworld-notankage-p14-net2-b12-g5,0,True,191,984,2109,3309,0,4427,0,0,2288,0,523,0,14041,,0.0,18.0,1e+20,18,0.0129,0.0094,0.0,0.0036,0.0,0.0573,0.0,44.8987,44.9253
pipesworld-notankage-p15-net2-b14-g4,0,True,202,940,1936,3097,0,4171,0,0,468,0,152,0,561,,0.0,14.0,1e+20,14,0.0125,0.0098,0.0,0.0034,0.0,0.013,0.0,1.3488,1.3751
pipesworld-notankage-p16-net2-b14-g6,0,True,198,940,1948,3110,0,4196,0,0,594,0,117,0,368,,0.0,19.0,1e+20,19,0.0133,0.0099,0.0,0.0036,0.0,0.0129,0.0,2.0395,2.0669
pipesworld-notankage-p17-net2-b16-g5,0,True,295,1558,3291,5163,0,6862,0,0,88,0,21,0,0,,0.0,12.0,1e+20,12,0.0364,0.0199,0.0,0.0058,0.0,0.0034,0.0,0.5411,0.6038
pipesworld-notankage-p18-net2-b16-g7,0,True,289,1558,3336,5210,0,6951,0,0,977,0,249,0,2536,,0.0,18.0,1e+20,18,0.0176,0.0199,0.0,0.0058,0.0,0.0323,0.0,11.3936,11.4379
pipesworld-notankage-p19-net2-b18-g6,2,True,350,1900,4069,6344,0,8499,0,0,4246,0,873,0,123842,,0.0,18.333,1e+20,20,0.0218,0.0289,0.0,0.0072,0.0,0.1351,0.0,899.9481,900.024
pipesworld-notankage-p20-net2-b18-g8,0,True,345,1900,4106,6383,0,8573,0,0,4126,0,777,0,119931,,0.0,23.0,1e+20,23,0.0211,0.0288,0.0,0.0075,0.0,0.131,0.0,655.542,655.6004
pipesworld-notankage-p21-net3-b12-g2,0,True,229,1025,2205,3470,0,4704,0,0,167,0,50,0,0,,0.0,9.0,1e+20,9,0.0145,0.0117,0.0,0.0038,0.0,0.0043,0.0,0.4555,0.4862
pipesworld-notankage-p22-net3-b12-g4,0,True,219,1025,2253,3525,0,4802,0,0,827,0,184,0,943,,0.0,19.0,1e+20,19,0.0151,0.0125,0.0,0.0039,0.0,0.0206,0.0,3.2744,3.3067
pipesworld-notankage-p23-net3-b14-g3,0,True,297,1466,3231,5016,0,6771,0,0,545,0,200,0,366,,0.0,14.0,1e+20,14,0.0195,0.0211,0.0,0.0054,0.0,0.0221,0.0,2.2667,2.3134
pipesworld-notankage-p24-net3-b14-g5,0,True,293,1466,3278,5065,0,6863,0,0,346,0,73,0,105,,0.0,18.0,1e+20,18,0.0199,0.0221,0.0,0.0057,0.0,0.0093,0.0,1.6887,1.7371
pipesworld-notankage-p25-net3-b16-g5,0,True,363,1900,4159,6452,0,8683,0,0,2119,0,514,0,7248,,0.0,20.0,1e+20,20,0.0243,0.0345,0.0,0.0072,0.0,0.0781,0.0,82.118,82.185
pipesworld-notankage-p26-net3-b16-g7,0,True,355,1900,4187,6482,0,8738,0,0,2683,0,626,0,25005,,0.0,24.0,1e+20,24,0.0253,0.0343,0.0,0.0074,0.0,0.0995,0.0,169.348,169.4157
pipesworld-notankage-p27-net3-b18-g6,0,True,429,2280,5085,7824,0,10597,0,0,1053,0,230,0,3286,,0.0,19.0,1e+20,19,0.0301,0.0474,0.0,0.0099,0.0,0.0393,0.0,47.8757,47.9639
pipesworld-notankage-p28-net3-b18-g7,0,True,424,2280,5099,7839,0,10625,0,0,605,0,105,0,716,,0.0,25.0,1e+20,25,0.0308,0.0477,0.0,0.0098,0.0,0.0197,0.0,10.5133,10.6026
pipesworld-notankage-p29-net3-b20-g6,0,True,522,2910,6425,9888,0,13354,0,0,858,0,184,0,3209,,0.0,21.0,1e+20,21,0.2674,0.0706,0.0,0.0127,0.0,0.0368,0.0,37.2338,37.5854
pipesworld-notankage-p30-net3-b20-g8,0,True,468,2661,5817,8984,0,11991,0,0,3570,0,625,0,127779,,0.0,30.0,1e+20,30,0.0355,0.0579,0.0,0.0113,0.0,0.1326,0.0,678.9273,679.0331
pipesworld-notankage-p31-net4-b14-g3,2,True,325,2131,5171,7639,0,10240,0,0,9512,0,1026,0,67911,,0.0,12.5,1e+20,19,0.0239,0.039,0.0,0.0081,0.0,0.2287,0.0,904.1793,904.4349
pipesworld-notankage-p32-net4-b14-g5,2,True,320,2131,5193,7663,0,10290,0,0,7059,0,797,0,49025,,0.0,15.333,1e+20,27,0.0248,0.0401,0.0,0.0083,0.0,0.1461,0.0,899.942,900.0278
pipesworld-notankage-p33-net4-b16-g5,2,True,359,2256,5479,8112,0,10901,0,0,5539,0,561,0,38584,,0.0,15.5,1e+20,20,0.0275,0.0462,0.0,0.0099,0.0,0.1006,0.0,899.9248,900.0768
pipesworld-notankage-p34-net4-b16-g6,2,True,385,2589,6372,9370,0,12580,0,0,8055,0,703,0,39534,,0.0,17.37,1e+20,2589,0.0356,0.059,0.0,0.011,0.0,0.1491,0.0,899.9053,900.0271
pipesworld-notankage-p35-net4-b18-g4,2,True,475,3482,8431,12402,0,16442,0,0,6938,0,841,0,23642,,0.0,11.5,1e+20,3482,0.0413,0.0902,0.0,0.0157,0.0,0.1848,0.0,899.8656,900.0264
pipesworld-notankage-p36-net4-b18-g6,2,True,470,3482,8499,12473,0,16580,0,0,9334,0,1255,0,39028,,0.0,15.333,1e+20,20,0.0587,0.0907,0.0,0.0157,0.0,0.3444,0.0,899.8475,900.1542
pipesworld-notankage-p37-net4-b20-g5,2,True,546,3944,9730,14236,0,18953,0,0,5782,0,685,0,5790,,0.0,12.0,1e+20,15,0.0686,0.116,0.0,0.0207,0.0,0.1573,0.0,899.8066,900.0144
pipesworld-notankage-p38-net4-b20-g7,2,True,544,3944,9784,14291,0,19059,0,0,7799,0,768,0,25074,,0.0,14.367,1e+20,3944,0.0687,0.1165,0.0,0.0188,0.0,0.2101,0.0,899.8089,900.1636
pipesworld-notankage-p39-net4-b22-g7,2,True,669,5227,12906,18829,0,25095,0,0,3708,0,479,0,7414,,0.0,16.593,1e+20,5227,0.089,0.1913,0.0,0.0297,0.0,0.1445,0.0,899.6985,900.0336
pipesworld-notankage-p40-net4-b22-g8,2,True,668,5227,12944,18868,0,25170,0,0,5660,0,622,0,8285,,0.0,18.444,1e+20,29,0.0909,0.1914,0.0,0.0276,0.0,0.1918,0.0,899.7234,900.0374
pipesworld-notankage-p41-net5-b22-g2,0,True,739,6840,16252,23837,0,31701,0,0,1011,0,186,0,557,,0.0,8.0,1e+20,8,0.1104,0.2681,0.0,0.0389,0.0,0.0661,0.0,127.054,127.4725
pipesworld-notankage-p42-net5-b22-g4,0,True,729,6840,16385,23977,0,31966,0,0,2524,0,502,0,4380,,0.0,16.0,1e+20,16,0.1108,0.2693,0.0,0.0392,0.0,0.1641,0.0,520.6568,521.0771
pipesworld-notankage-p43-net5-b24-g3,2,True,838,8293,19762,28913,0,38289,0,0,3286,0,310,0,4264,,0.0,13.333,1e+20,8293,0.136,0.3635,0.0,0.0517,0.0,0.1358,0.0,899.468,900.0273
pipesworld-notankage-p44-net5-b24-g5,2,True,836,8293,19826,28981,0,38439,0,0,4783,0,405,0,2931,,0.0,17.455,1e+20,8293,0.1352,0.3606,0.0,0.0523,0.0,0.1765,0.0,899.4721,900.031
pipesworld-notankage-p45-net5-b26-g4,2,True,949,9665,23109,33747,0,44701,0,0,3265,0,291,0,1612,,0.0,17.0,1e+20,9665,0.1517,0.4548,0.0,0.0634,0.0,0.1469,0.0,899.3723,900.0509
pipesworld-notankage-p46-net5-b26-g6,2,True,946,9665,23192,33833,0,44871,0,0,1957,0,145,0,1298,,0.0,20.836,1e+20,9665,0.1672,0.4496,0.0,0.0644,0.0,0.0843,0.0,899.3408,900.0329
pipesworld-notankage-p47-net5-b28-g5,2,True,1048,10852,25753,37686,0,49847,0,0,2646,0,187,0,1507,,0.0,21.0,1e+20,10852,0.1996,0.5754,0.0,0.0774,0.0,0.1163,0.0,899.1729,900.0365
pipesworld-notankage-p48-net5-b28-g7,2,True,1043,10852,25859,37795,0,50064,0,0,1986,0,120,0,1263,,0.0,27.0,1e+20,10852,0.1964,0.5769,0.0,0.0772,0.0,0.0838,0.0,899.1837,900.044
pipesworld-notankage-p49-net5-b30-g6,2,True,1172,12349,29452,42997,0,56855,0,0,2007,0,142,0,1296,,0.0,18.0,1e+20,12349,0.234,0.7021,0.0,0.0969,0.0,0.1097,0.0,899.0109,900.0606
pipesworld-notankage-p50-net5-b30-g8,2,True,1162,12349,29507,43055,0,56961,0,0,1419,0,81,0,948,,0.0,21.752,1e+20,12349,0.2339,0.7114,0.0,0.0932,0.0,0.0702,0.0,899.01,900.0668
pipesworld-tankage-p01-net1-b6-g2-t50,0,True,28,46,149,235,0,357,0,0,3,0,10,0,0,,0.0,5.0,1e+20,5,0.0232,0.0003,0.0,0.0014,0.0,0.0002,0.0,0.0166,0.042
pipesworld-tankage-p02-net1-b6-g4-t50,0,True,22,46,156,243,0,371,0,0,1,0,6,0,0,,0.0,7.0,1e+20,7,0.0055,0.0003,0.0,0.0013,0.0,0.0001,0.0,0.017,0.0246
pipesworld-tankage-p03-net1-b8-g3-t80,0,True,42,188,604,848,0,996,0,0,3,0,9,0,0,,0.0,7.0,1e+20,7,0.0082,0.0024,0.0,0.0017,0.0,0.0003,0.0,0.0424,0.0552
pipesworld-tankage-p04-net1-b8-g5-t80,0,True,40,199,632,887,0,1041,0,0,2,0,7,0,0,,0.0,7.0,1e+20,7,0.0104,0.0024,0.0,0.0018,0.0,0.0003,0.0,0.0372,0.0523
pipesworld-tankage-p05-net1-b10-g4-t50,0,True,46,155,566,783,0,1004,0,0,1,0,5,0,0,,0.0,7.0,1e+20,7,0.0096,0.0028,0.0,0.0014,0.0,0.0002,0.0,0.0201,0.0345
pipesworld-tankage-p06-net1-b10-g6-t50,0,True,41,155,568,786,0,1008,0,0,1,0,6,0,0,,0.0,9.0,1e+20,9,0.009,0.0028,0.0,0.0013,0.0,0.0002,0.0,0.0162,0.0298
pipesworld-tankage-p07-net1-b12-g5-t80,0,True,64,522,1785,2386,0,2548,0,0,44,0,51,0,0,,0.0,8.0,1e+20,8,0.018,0.0145,0.0,0.0024,0.0,0.0019,0.0,0.133,0.1687
pipesworld-tankage-p08-net1-b12-g7-t80,0,True,60,522,1851,2454,0,2634,0,0,252,0,255,0,71,,0.0,10.0,1e+20,10,0.0381,0.0147,0.0,0.0023,0.0,0.0087,0.0,0.1805,0.2364
pipesworld-tankage-p09-net1-b14-g6-t50,0,True,60,941,3042,4069,0,4028,0,0,77,0,42,0,385,,0.0,13.0,1e+20,13,0.0222,0.0174,0.0,0.0031,0.0,0.0032,0.0,0.5036,0.5471
pipesworld-tankage-p10-net1-b14-g8-t50,0,True,54,941,3125,4154,0,4153,0,0,276,0,170,0,1797,,0.0,17.0,1e+20,17,0.0221,0.0167,0.0,0.0035,0.0,0.0137,0.0,1.2004,1.2434
pipesworld-tankage-p11-net2-b10-g2-t30,0,True,165,994,2905,4075,0,5165,0,0,1848,0,420,0,1886,,0.0,12.0,1e+20,12,0.0146,0.0177,0.0,0.0037,0.0,0.0455,0.0,8.3797,8.4164
pipesworld-tankage-p12-net2-b10-g4-t60,0,True,167,1548,4405,6135,0,7119,0,0,1461,0,442,0,7675,,0.0,13.0,1e+20,13,0.0201,0.029,0.0,0.0058,0.0,0.0527,0.0,28.8074,28.8633
pipesworld-tankage-p13-net2-b12-g3-t70,0,True,213,2379,6477,9083,0,10364,0,0,1955,0,407,0,32703,,0.0,12.0,1e+20,12,0.0367,0.0494,0.0,0.0081,0.0,0.0601,0.0,155.9437,156.0389
pipesworld-tankage-p14-net2-b12-g5-t30,2,True,206,1801,4803,6828,0,7964,0,0,9718,0,2071,0,97675,,0.0,15.8,1e+20,19,0.0359,0.0321,0.0,0.0062,0.0,0.3506,0.0,899.9611,900.1735
pipesworld-tankage-p15-net2-b14-g4-t30,0,True,218,1348,3426,5005,0,6237,0,0,1587,0,309,0,1964,,0.0,14.0,1e+20,14,0.0184,0.0282,0.0,0.0051,0.0,0.0386,0.0,8.4149,8.4673
pipesworld-tankage-p16-net2-b14-g6-t80,0,True,234,3342,9187,12780,0,13723,0,0,19813,0,3344,0,33269,,0.0,19.0,1e+20,19,0.0547,0.0934,0.0,0.0112,0.0,0.8957,0.0,714.8602,715.0205
pipesworld-tankage-p17-net2-b16-g5-t20,0,True,300,1959,4843,7121,0,8889,0,0,132,0,24,0,0,,0.0,13.0,1e+20,13,0.024,0.0456,0.0,0.0075,0.0,0.0043,0.0,0.9864,1.0644
pipesworld-tankage-p18-net2-b16-g7-t60,0,True,319,4813,13246,18397,0,19622,0,0,6683,0,1835,0,36279,,0.0,18.0,1e+20,18,0.0443,0.1453,0.0,0.018,0.0,0.4477,0.0,515.4284,515.6371
pipesworld-tankage-p19-net2-b18-g6-t60,2,True,378,4223,11752,16371,0,18535,0,0,9945,0,1909,0,45780,,0.0,15.0,1e+20,21,0.0532,0.1787,0.0,0.0196,0.0,0.4486,0.0,899.7735,900.0442
pipesworld-tankage-p20-net2-b18-g8-t90,2,True,399,8789,24023,33232,0,34052,0,0,17701,0,2858,0,14147,,0.0,18.0,1e+20,8789,0.1016,0.4231,0.0,0.0399,0.0,1.197,0.0,899.4554,900.0331
pipesworld-tankage-p21-net3-b12-g2-t60,0,True,246,2182,5913,8348,0,9889,0,0,597,0,170,0,631,,0.0,9.0,1e+20,9,0.0438,0.0476,0.0,0.0089,0.0,0.0228,0.0,5.8217,5.9229
pipesworld-tankage-p22-net3-b12-g4-t60,0,True,238,2177,5928,8359,0,9921,0,0,5339,0,926,0,185588,,0.0,19.0,1e+20,19,0.0404,0.0495,0.0,0.0076,0.0,0.1547,0.0,728.7977,728.896
pipesworld-tankage-p23-net3-b14-g3-t60,2,True,316,4452,12686,17472,0,18947,0,0,11564,0,2659,0,17735,,0.0,13.0,1e+20,15,0.0525,0.1462,0.0,0.017,0.0,0.595,0.0,899.7972,900.0178
pipesworld-tankage-p24-net3-b14-g5-t60,2,True,312,4375,12527,17236,0,18715,0,0,11407,0,2199,0,19902,,0.0,15.333,1e+20,24,0.0688,0.1478,0.0,0.0168,0.0,0.5565,0.0,899.826,900.1519
pipesworld-tankage-p25-net3-b16-g5-t60,2,True,394,6948,19718,27080,0,28458,0,0,10971,0,1803,0,11934,,0.0,17.0,1e+20,22,0.1163,0.3516,0.0,0.0296,0.0,0.62,0.0,899.5204,900.0242
pipesworld-tankage-p26-net3-b16-g7-t70,2,True,392,7771,22010,30199,0,31274,0,0,7753,0,1181,0,13238,,0.0,19.421,1e+20,26,0.1376,0.4206,0.0,0.033,0.0,0.4303,0.0,899.4267,900.0275
pipesworld-tankage-p27-net3-b18-g6-t70,2,True,461,8116,22413,31009,0,33119,0,0,10483,0,1598,0,9910,,0.0,15.5,1e+20,24,0.1376,0.4409,0.0,0.039,0.0,0.6179,0.0,899.4126,900.0378
pipesworld-tankage-p28-net3-b18-g7-t70,2,True,454,8116,22413,31009,0,33119,0,0,11707,0,1583,0,4611,,0.0,22.222,1e+20,8116,0.1371,0.4464,0.0,0.0386,0.0,0.674,0.0,899.4193,900.0801
pipesworld-tankage-p29-net3-b20-g6-t70,2,True,561,11951,33019,45551,0,47130,0,0,9358,0,1404,0,5770,,0.0,17.0,1e+20,26,0.2077,0.8194,0.0,0.0655,0.0,0.739,0.0,898.9498,900.0477
pipesworld-tankage-p30-net3-b20-g8-t70,2,True,519,12786,37987,51317,0,50655,0,0,10861,0,1398,0,7941,,0.0,24.0,1e+20,38,0.215,0.8858,0.0,0.07,0.0,0.8122,0.0,898.9076,900.0864
pipesworld-tankage-p31-net4-b14-g3-t20,2,True,245,1509,3916,5680,0,7455,0,0,18719,0,1638,0,52227,,0.0,11.0,1e+20,1509,0.0366,0.0262,0.0,0.0077,0.0,0.3208,0.0,899.9458,900.0668
pipesworld-tankage-p32-net4-b14-g5-t30,2,True,329,3425,10311,14081,0,17506,0,0,9456,0,668,0,19368,,0.0,13.571,1e+20,3425,0.0585,0.1294,0.0,0.0144,0.0,0.1734,0.0,899.8229,900.0352
pipesworld-tankage-p33-net4-b16-g5-t60,2,True,377,7138,20848,28375,0,30606,0,0,2994,0,176,0,1249,,0.0,13.0,1e+20,7138,0.0824,0.2676,0.0,0.0303,0.0,0.0726,0.0,899.6328,900.0165
pipesworld-tankage-p34-net4-b16-g6-t60,2,True,413,9488,27637,37550,0,40040,0,0,2760,0,178,0,1196,,0.0,14.0,1e+20,9488,0.1065,0.4201,0.0,0.0432,0.0,0.0956,0.0,899.4376,900.0139
pipesworld-tankage-p35-net4-b18-g4-t90,2,True,537,21724,62972,85239,0,84073,0,0,1887,0,212,0,440,,0.0,9.0,1e+20,21724,0.2689,1.7333,0.0,0.1168,0.0,0.246,0.0,897.9363,900.0703
pipesworld-tankage-p36-net4-b18-g6-t90,2,True,533,21724,63068,85336,0,84212,0,0,1165,0,121,0,297,,0.0,12.0,1e+20,21724,0.8918,1.7492,0.0,0.1696,0.0,0.1706,0.0,897.2649,900.1329
pipesworld-tankage-p37-net4-b20-g5-t60,2,True,576,16940,50267,67790,0,69443,0,0,1574,0,142,0,308,,0.0,8.0,1e+20,16940,0.6138,1.1283,0.0,0.2102,0.0,0.1427,0.0,898.1266,900.0925
pipesworld-tankage-p38-net4-b20-g7-t60,2,True,574,16940,50267,67790,0,69443,0,0,870,0,73,0,141,,0.0,11.0,1e+20,16940,0.5711,1.125,0.0,0.1666,0.0,0.0948,0.0,898.1852,900.0605
pipesworld-tankage-p39-net4-b22-g7-t50,2,True,700,21823,63794,86331,0,89248,0,0,1174,0,125,0,331,,0.0,13.375,1e+20,21823,0.7117,1.8771,0.0,0.2081,0.0,0.1865,0.0,897.262,900.0781
pipesworld-tankage-p40-net4-b22-g8-t50,2,True,699,21823,63794,86331,0,89248,0,0,706,0,48,0,185,,0.0,14.662,1e+20,21823,0.2954,1.8916,0.0,0.1506,0.0,0.1148,0.0,897.7663,900.1244
pipesworld-tankage-p41-net5-b22-g2-t20,2,True,743,12877,36885,50509,0,58735,0,0,1210,0,126,0,584,,0.0,4.0,1e+20,12877,0.1554,0.709,0.0,0.0831,0.0,0.0916,0.0,899.1645,900.1213
pipesworld-tankage-p42-net5-b22-g4-t50,2,True,775,34729,101107,136622,0,135692,0,0,436,0,34,0,44,,0.0,10.0,1e+20,34729,0.8413,3.1558,0.0,0.3973,0.0,0.1971,0.0,895.6882,900.1119
pipesworld-tankage-p43-net5-b24-g3-t80,2,True,909,61045,179241,241208,0,226140,0,0,198,0,17,0,8,,0.0,9.0,1e+20,61045,1.3443,9.5952,0.0,0.7879,0.0,0.4454,0.0,888.4213,900.2058
pipesworld-tankage-p44-net5-b24-g5-t80,2,True,907,61045,179241,241208,0,226140,0,0,321,0,15,0,0,,0.0,11.462,1e+20,61045,1.0195,9.6272,0.0,0.7315,0.0,0.4467,0.0,888.783,900.205
pipesworld-tankage-p45-net5-b26-g4-t50,2,True,995,41360,123395,165763,0,164754,0,0,507,0,39,0,153,,0.0,12.476,1e+20,41360,0.7194,6.0049,0.0,0.5174,0.0,0.2658,0.0,892.8649,900.1464
pipesworld-tankage-p46-net5-b26-g6-t50,2,True,992,41339,123502,165850,0,164893,0,0,516,0,32,0,55,,0.0,16.75,1e+20,41339,0.7211,5.9692,0.0,0.5161,0.0,0.256,0.0,892.9684,900.2111
pipesworld-tankage-p47-net5-b28-g5-t50,2,True,1100,50902,148577,200597,0,198232,0,0,437,0,27,0,7,,0.0,16.0,1e+20,50902,0.9382,8.2767,0.0,0.6937,0.0,0.3579,0.0,890.1946,900.1535
pipesworld-tankage-p48-net5-b28-g7-t50,2,True,1096,50902,148652,200673,0,198352,0,0,392,0,18,0,66,,0.0,19.6,1e+20,50902,0.9547,8.326,0.0,0.6982,0.0,0.3468,0.0,890.1544,900.1889
pipesworld-tankage-p49-net5-b30-g6-t50,2,True,1226,62714,184276,248226,0,241856,0,0,294,0,15,0,0,,0.0,12.0,1e+20,62714,1.1843,10.6636,0.0,0.9541,0.0,0.4375,0.0,887.366,900.2276
pipesworld-tankage-p50-net5-b30-g8-t50,2,True,1218,62714,184305,248256,0,241904,0,0,208,0,9,0,0,,0.0,16.0,1e+20,62714,1.1833,10.6086,0.0,0.9581,0.0,0.4229,0.0,887.3256,900.1324
psr-large-p01-s29-n2-l5-f30,-3,False,0,0,0,0,0,0,0,0,0,0,0,0,0,,0.0,0.0,1e+20,1e+20,0,0,0,0,0,0,0,0,0
psr-large-p02-s46-n3-l5-f50,-3,False,0,0,0,0,0,0,0,0,0,0,0,0,0,,0.0,0.0,1e+20,1e+20,0,0,0,0,0,0,0,0,0
psr-large-p03-s53-n4-l3-f30,-3,False,0,0,0,0,0,0,0,0,0,0,0,0,0,,0.0,0.0,1e+20,1e+20,0,0,0,0,0,0,0,0,0
psr-large-p04-s66-n5-l2-f50,-3,False,0,0,0,0,0,0,0,0,0,0,0,0,0,,0.0,0.0,1e+20,1e+20,0,0,0,0,0,0,0,0,0
psr-large-p05-s71-n5-l3-f70,-3,False,0,0,0,0,0,0,0,0,0,0,0,0,0,,0.0,0.0,1e+20,1e+20,0,0,0,0,0,0,0,0,0
psr-large-p06-s74-n5-l4-f50,-3,False,0,0,0,0,0,0,0,0,0,0,0,0,0,,0.0,0.0,1e+20,1e+20,0,0,0,0,0,0,0,0,0
psr-large-p07-s81-n6-l2-f30,-3,False,0,0,0,0,0,0,0,0,0,0,0,0,0,,0.0,0.0,1e+20,1e+20,0,0,0,0,0,0,0,0,0
psr-large-p08-s87-n6-l3-f70,-3,False,0,0,0,0,0,0,0,0,0,0,0,0,0,,0.0,0.0,1e+20,1e+20,0,0,0,0,0,0,0,0,0
psr-large-p09-s90-n6-l4-f50,-3,False,0,0,0,0,0,0,0,0,0,0,0,0,0,,0.0,0.0,1e+20,1e+20,0,0,0,0,0,0,0,0,0
psr-large-p10-s93-n6-l5-f30,-3,False,0,0,0,0,0,0,0,0,0,0,0,0,0,,0.0,0.0,1e+20,1e+20,0,0,0,0,0,0,0,0,0
psr-large-p11-s100-n7-l3-f10,-3,False,0,0,0,0,0,0,0,0,0,0,0,0,0,,0.0,0.0,1e+20,1e+20,0,0,0,0,0,0,0,0,0
psr-large-p12-s103-n7-l3-f70,-3,False,0,0,0,0,0,0,0,0,0,0,0,0,0,,0.0,0.0,1e+20,1e+20,0,0,0,0,0,0,0,0,0
psr-large-p13-s106-n7-l4-f50,-3,False,0,0,0,0,0,0,0,0,0,0,0,0,0,,0.0,0.0,1e+20,1e+20,0,0,0,0,0,0,0,0,0
psr-large-p14-s112-n8-l2-f10,-3,False,0,0,0,0,0,0,0,0,0,0,0,0,0,,0.0,0.0,1e+20,1e+20,0,0,0,0,0,0,0,0,0
psr-large-p15-s114-n8-l2-f50,-3,False,0,0,0,0,0,0,0,0,0,0,0,0,0,,0.0,0.0,1e+20,1e+20,0,0,0,0,0,0,0,0,0
psr-large-p16-s119-n8-l3-f70,-3,False,0,0,0,0,0,0,0,0,0,0,0,0,0,,0.0,0.0,1e+20,1e+20,0,0,0,0,0,0,0,0,0
psr-large-p17-s129-n9-l2-f30,-3,False,0,0,0,0,0,0,0,0,0,0,0,0,0,,0.0,0.0,1e+20,1e+20,0,0,0,0,0,0,0,0,0
psr-large-p18-s133-n9-l3-f30,-3,False,0,0,0,0,0,0,0,0,0,0,0,0,0,,0.0,0.0,1e+20,1e+20,0,0,0,0,0,0,0,0,0
psr-large-p19-s144-n10-l2-f10,-3,False,0,0,0,0,0,0,0,0,0,0,0,0,0,,0.0,0.0,1e+20,1e+20,0,0,0,0,0,0,0,0,0
psr-large-p20-s149-n10-l3-f30,-3,False,0,0,0,0,0,0,0,0,0,0,0,0,0,,0.0,0.0,1e+20,1e+20,0,0,0,0,0,0,0,0,0
psr-large-p21-s160-n12-l2-f10,-3,False,0,0,0,0,0,0,0,0,0,0,0,0,0,,0.0,0.0,1e+20,1e+20,0,0,0,0,0,0,0,0,0
psr-large-p22-s162-n12-l3-f10,-3,False,0,0,0,0,0,0,0,0,0,0,0,0,0,,0.0,0.0,1e+20,1e+20,0,0,0,0,0,0,0,0,0
psr-large-p23-s164-n15-l2-f10,-3,False,0,0,0,0,0,0,0,0,0,0,0,0,0,,0.0,0.0,1e+20,1e+20,0,0,0,0,0,0,0,0,0
psr-large-p24-s166-n15-l3-f10,-3,False,0,0,0,0,0,0,0,0,0,0,0,0,0,,0.0,0.0,1e+20,1e+20,0,0,0,0,0,0,0,0,0
psr-large-p25-s168-n20-l2-f10,-3,False,0,0,0,0,0,0,0,0,0,0,0,0,0,,0.0,0.0,1e+20,1e+20,0,0,0,0,0,0,0,0,0
psr-large-p26-s170-n20-l3-f10,-3,False,0,0,0,0,0,0,0,0,0,0,0,0,0,,0.0,0.0,1e+20,1e+20,0,0,0,0,0,0,0,0,0
psr-large-p27-s172-n25-l2-f10,-3,False,0,0,0,0,0,0,0,0,0,0,0,0,0,,0.0,0.0,1e+20,1e+20,0,0,0,0,0,0,0,0,0
psr-large-p28-s174-n25-l3-f10,-3,False,0,0,0,0,0,0,0,0,0,0,0,0,0,,0.0,0.0,1e+20,1e+20,0,0,0,0,0,0,0,0,0
psr-large-p29-s177-n30-l2-f30,-3,False,0,0,0,0,0,0,0,0,0,0,0,0,0,,0.0,0.0,1e+20,1e+20,0,0,0,0,0,0,0,0,0
psr-large-p30-s179-n30-l3-f30,-3,False,0,0,0,0,0,0,0,0,0,0,0,0,0,,0.0,0.0,1e+20,1e+20,0,0,0,0,0,0,0,0,0
psr-large-p31-s181-n35-l2-f30,-3,False,0,0,0,0,0,0,0,0,0,0,0,0,0,,0.0,0.0,1e+20,1e+20,0,0,0,0,0,0,0,0,0
psr-large-p32-s183-n35-l3-f30,-3,False,0,0,0,0,0,0,0,0,0,0,0,0,0,,0.0,0.0,1e+20,1e+20,0,0,0,0,0,0,0,0,0
psr-large-p33-s185-n40-l2-f30,-3,False,0,0,0,0,0,0,0,0,0,0,0,0,0,,0.0,0.0,1e+20,1e+20,0,0,0,0,0,0,0,0,0
psr-large-p34-s187-n40-l3-f30,-3,False,0,0,0,0,0,0,0,0,0,0,0,0,0,,0.0,0.0,1e+20,1e+20,0,0,0,0,0,0,0,0,0
psr-large-p35-s189-n45-l2-f30,-3,False,0,0,0,0,0,0,0,0,0,0,0,0,0,,0.0,0.0,1e+20,1e+20,0,0,0,0,0,0,0,0,0
psr-large-p36-s191-n45-l3-f30,-3,False,0,0,0,0,0,0,0,0,0,0,0,0,0,,0.0,0.0,1e+20,1e+20,0,0,0,0,0,0,0,0,0
psr-large-p37-s193-n50-l2-f30,-3,False,0,0,0,0,0,0,0,0,0,0,0,0,0,,0.0,0.0,1e+20,1e+20,0,0,0,0,0,0,0,0,0
psr-large-p38-s195-n50-l3-f30,-3,False,0,0,0,0,0,0,0,0,0,0,0,0,0,,0.0,0.0,1e+20,1e+20,0,0,0,0,0,0,0,0,0
psr-large-p39-s197-n55-l2-f30,-3,False,0,0,0,0,0,0,0,0,0,0,0,0,0,,0.0,0.0,1e+20,1e+20,0,0,0,0,0,0,0,0,0
psr-large-p40-s199-n55-l3-f30,-3,False,0,0,0,0,0,0,0,0,0,0,0,0,0,,0.0,0.0,1e+20,1e+20,0,0,0,0,0,0,0,0,0
psr-large-p41-s201-n60-l2-f30,-3,False,0,0,0,0,0,0,0,0,0,0,0,0,0,,0.0,0.0,1e+20,1e+20,0,0,0,0,0,0,0,0,0
psr-large-p42-s203-n60-l3-f30,-3,False,0,0,0,0,0,0,0,0,0,0,0,0,0,,0.0,0.0,1e+20,1e+20,0,0,0,0,0,0,0,0,0
psr-large-p43-s205-n70-l2-f30,-3,False,0,0,0,0,0,0,0,0,0,0,0,0,0,,0.0,0.0,1e+20,1e+20,0,0,0,0,0,0,0,0,0
psr-large-p44-s207-n70-l3-f30,-3,False,0,0,0,0,0,0,0,0,0,0,0,0,0,,0.0,0.0,1e+20,1e+20,0,0,0,0,0,0,0,0,0
psr-large-p45-s209-n80-l2-f30,-3,False,0,0,0,0,0,0,0,0,0,0,0,0,0,,0.0,0.0,1e+20,1e+20,0,0,0,0,0,0,0,0,0
psr-large-p46-s211-n80-l3-f30,-3,False,0,0,0,0,0,0,0,0,0,0,0,0,0,,0.0,0.0,1e+20,1e+20,0,0,0,0,0,0,0,0,0
psr-large-p47-s213-n90-l2-f30,-3,False,0,0,0,0,0,0,0,0,0,0,0,0,0,,0.0,0.0,1e+20,1e+20,0,0,0,0,0,0,0,0,0
psr-large-p48-s215-n90-l3-f30,-3,False,0,0,0,0,0,0,0,0,0,0,0,0,0,,0.0,0.0,1e+20,1e+20,0,0,0,0,0,0,0,0,0
psr-large-p49-s217-n100-l2-f30,-3,False,0,0,0,0,0,0,0,0,0,0,0,0,0,,0.0,0.0,1e+20,1e+20,0,0,0,0,0,0,0,0,0
psr-large-p50-s219-n100-l3-f30,-3,False,0,0,0,0,0,0,0,0,0,0,0,0,0,,0.0,0.0,1e+20,1e+20,0,0,0,0,0,0,0,0,0
psr-middle-p01-s17-n2-l2-f30,-3,False,0,0,0,0,0,0,0,0,0,0,0,0,0,,0.0,0.0,1e+20,1e+20,0,0,0,0,0,0,0,0,0
psr-middle-p02-s23-n2-l3-f70,-3,False,0,0,0,0,0,0,0,0,0,0,0,0,0,,0.0,0.0,1e+20,1e+20,0,0,0,0,0,0,0,0,0
psr-middle-p03-s28-n2-l5-f10,-3,False,0,0,0,0,0,0,0,0,0,0,0,0,0,,0.0,0.0,1e+20,1e+20,0,0,0,0,0,0,0,0,0
psr-middle-p04-s31-n2-l5-f70,-3,False,0,0,0,0,0,0,0,0,0,0,0,0,0,,0.0,0.0,1e+20,1e+20,0,0,0,0,0,0,0,0,0
psr-middle-p05-s34-n3-l2-f50,-3,False,0,0,0,0,0,0,0,0,0,0,0,0,0,,0.0,0.0,1e+20,1e+20,0,0,0,0,0,0,0,0,0
psr-middle-p06-s37-n3-l3-f30,-3,False,0,0,0,0,0,0,0,0,0,0,0,0,0,,0.0,0.0,1e+20,1e+20,0,0,0,0,0,0,0,0,0
psr-middle-p07-s38-n3-l3-f50,-3,False,0,0,0,0,0,0,0,0,0,0,0,0,0,,0.0,0.0,1e+20,1e+20,0,0,0,0,0,0,0,0,0
psr-middle-p08-s40-n3-l4-f10,-3,False,0,0,0,0,0,0,0,0,0,0,0,0,0,,0.0,0.0,1e+20,1e+20,0,0,0,0,0,0,0,0,0
psr-middle-p09-s42-n3-l4-f50,-3,False,0,0,0,0,0,0,0,0,0,0,0,0,0,,0.0,0.0,1e+20,1e+20,0,0,0,0,0,0,0,0,0
psr-middle-p10-s45-n3-l5-f30,-3,False,0,0,0,0,0,0,0,0,0,0,0,0,0,,0.0,0.0,1e+20,1e+20,0,0,0,0,0,0,0,0,0
psr-middle-p11-s46-n3-l5-f50,-3,False,0,0,0,0,0,0,0,0,0,0,0,0,0,,0.0,0.0,1e+20,1e+20,0,0,0,0,0,0,0,0,0
psr-middle-p12-s50-n4-l2-f50,-3,False,0,0,0,0,0,0,0,0,0,0,0,0,0,,0.0,0.0,1e+20,1e+20,0,0,0,0,0,0,0,0,0
psr-middle-p13-s53-n4-l3-f30,-3,False,0,0,0,0,0,0,0,0,0,0,0,0,0,,0.0,0.0,1e+20,1e+20,0,0,0,0,0,0,0,0,0
psr-middle-p14-s55-n4-l3-f70,-3,False,0,0,0,0,0,0,0,0,0,0,0,0,0,,0.0,0.0,1e+20,1e+20,0,0,0,0,0,0,0,0,0
psr-middle-p15-s56-n4-l4-f10,-3,False,0,0,0,0,0,0,0,0,0,0,0,0,0,,0.0,0.0,1e+20,1e+20,0,0,0,0,0,0,0,0,0
psr-middle-p16-s60-n4-l5-f10,-3,False,0,0,0,0,0,0,0,0,0,0,0,0,0,,0.0,0.0,1e+20,1e+20,0,0,0,0,0,0,0,0,0
psr-middle-p17-s61-n4-l5-f30,-3,False,0,0,0,0,0,0,0,0,0,0,0,0,0,,0.0,0.0,1e+20,1e+20,0,0,0,0,0,0,0,0,0
psr-middle-p18-s62-n4-l5-f50,-3,False,0,0,0,0,0,0,0,0,0,0,0,0,0,,0.0,0.0,1e+20,1e+20,0,0,0,0,0,0,0,0,0
psr-middle-p19-s66-n5-l2-f50,-3,False,0,0,0,0,0,0,0,0,0,0,0,0,0,,0.0,0.0,1e+20,1e+20,0,0,0,0,0,0,0,0,0
psr-middle-p20-s69-n5-l3-f30,-3,False,0,0,0,0,0,0,0,0,0,0,0,0,0,,0.0,0.0,1e+20,1e+20,0,0,0,0,0,0,0,0,0
psr-middle-p21-s72-n5-l4-f10,-3,False,0,0,0,0,0,0,0,0,0,0,0,0,0,,0.0,0.0,1e+20,1e+20,0,0,0,0,0,0,0,0,0
psr-middle-p22-s74-n5-l4-f50,-3,False,0,0,0,0,0,0,0,0,0,0,0,0,0,,0.0,0.0,1e+20,1e+20,0,0,0,0,0,0,0,0,0
psr-middle-p23-s76-n5-l5-f10,-3,False,0,0,0,0,0,0,0,0,0,0,0,0,0,,0.0,0.0,1e+20,1e+20,0,0,0,0,0,0,0,0,0
psr-middle-p24-s77-n5-l5-f30,-3,False,0,0,0,0,0,0,0,0,0,0,0,0,0,,0.0,0.0,1e+20,1e+20,0,0,0,0,0,0,0,0,0
psr-middle-p25-s81-n6-l2-f30,-3,False,0,0,0,0,0,0,0,0,0,0,0,0,0,,0.0,0.0,1e+20,1e+20,0,0,0,0,0,0,0,0,0
psr-middle-p26-s85-n6-l3-f30,-3,False,0,0,0,0,0,0,0,0,0,0,0,0,0,,0.0,0.0,1e+20,1e+20,0,0,0,0,0,0,0,0,0
psr-middle-p27-s86-n6-l3-f50,-3,False,0,0,0,0,0,0,0,0,0,0,0,0,0,,0.0,0.0,1e+20,1e+20,0,0,0,0,0,0,0,0,0
psr-middle-p28-s88-n6-l4-f10,-3,False,0,0,0,0,0,0,0,0,0,0,0,0,0,,0.0,0.0,1e+20,1e+20,0,0,0,0,0,0,0,0,0
psr-middle-p29-s89-n6-l4-f30,-3,False,0,0,0,0,0,0,0,0,0,0,0,0,0,,0.0,0.0,1e+20,1e+20,0,0,0,0,0,0,0,0,0
psr-middle-p30-s90-n6-l4-f50,-3,False,0,0,0,0,0,0,0,0,0,0,0,0,0,,0.0,0.0,1e+20,1e+20,0,0,0,0,0,0,0,0,0
psr-middle-p31-s92-n6-l5-f10,-3,False,0,0,0,0,0,0,0,0,0,0,0,0,0,,0.0,0.0,1e+20,1e+20,0,0,0,0,0,0,0,0,0
psr-middle-p32-s93-n6-l5-f30,-3,False,0,0,0,0,0,0,0,0,0,0,0,0,0,,0.0,0.0,1e+20,1e+20,0,0,0,0,0,0,0,0,0
psr-middle-p33-s100-n7-l3-f10,-3,False,0,0,0,0,0,0,0,0,0,0,0,0,0,,0.0,0.0,1e+20,1e+20,0,0,0,0,0,0,0,0,0
psr-middle-p34-s102-n7-l3-f50,-3,False,0,0,0,0,0,0,0,0,0,0,0,0,0,,0.0,0.0,1e+20,1e+20,0,0,0,0,0,0,0,0,0
psr-middle-p35-s103-n7-l3-f70,-3,False,0,0,0,0,0,0,0,0,0,0,0,0,0,,0.0,0.0,1e+20,1e+20,0,0,0,0,0,0,0,0,0
psr-middle-p36-s106-n7-l4-f50,-3,False,0,0,0,0,0,0,0,0,0,0,0,0,0,,0.0,0.0,1e+20,1e+20,0,0,0,0,0,0,0,0,0
psr-middle-p37-s108-n7-l5-f10,-3,False,0,0,0,0,0,0,0,0,0,0,0,0,0,,0.0,0.0,1e+20,1e+20,0,0,0,0,0,0,0,0,0
psr-middle-p38-s109-n7-l5-f30,-3,False,0,0,0,0,0,0,0,0,0,0,0,0,0,,0.0,0.0,1e+20,1e+20,0,0,0,0,0,0,0,0,0
psr-middle-p39-s112-n8-l2-f10,-3,False,0,0,0,0,0,0,0,0,0,0,0,0,0,,0.0,0.0,1e+20,1e+20,0,0,0,0,0,0,0,0,0
psr-middle-p40-s114-n8-l2-f50,-3,False,0,0,0,0,0,0,0,0,0,0,0,0,0,,0.0,0.0,1e+20,1e+20,0,0,0,0,0,0,0,0,0
psr-middle-p41-s116-n8-l3-f10,-3,False,0,0,0,0,0,0,0,0,0,0,0,0,0,,0.0,0.0,1e+20,1e+20,0,0,0,0,0,0,0,0,0
psr-middle-p42-s120-n8-l4-f10,-3,False,0,0,0,0,0,0,0,0,0,0,0,0,0,,0.0,0.0,1e+20,1e+20,0,0,0,0,0,0,0,0,0
psr-middle-p43-s123-n8-l4-f70,-3,False,0,0,0,0,0,0,0,0,0,0,0,0,0,,0.0,0.0,1e+20,1e+20,0,0,0,0,0,0,0,0,0
psr-middle-p44-s131-n9-l2-f70,-3,False,0,0,0,0,0,0,0,0,0,0,0,0,0,,0.0,0.0,1e+20,1e+20,0,0,0,0,0,0,0,0,0
psr-middle-p45-s132-n9-l3-f10,-3,False,0,0,0,0,0,0,0,0,0,0,0,0,0,,0.0,0.0,1e+20,1e+20,0,0,0,0,0,0,0,0,0
psr-middle-p46-s135-n9-l3-f70,-3,False,0,0,0,0,0,0,0,0,0,0,0,0,0,,0.0,0.0,1e+20,1e+20,0,0,0,0,0,0,0,0,0
psr-middle-p47-s139-n9-l4-f70,-3,False,0,0,0,0,0,0,0,0,0,0,0,0,0,,0.0,0.0,1e+20,1e+20,0,0,0,0,0,0,0,0,0
psr-middle-p48-s144-n10-l2-f10,-3,False,0,0,0,0,0,0,0,0,0,0,0,0,0,,0.0,0.0,1e+20,1e+20,0,0,0,0,0,0,0,0,0
psr-middle-p49-s149-n10-l3-f30,-3,False,0,0,0,0,0,0,0,0,0,0,0,0,0,,0.0,0.0,1e+20,1e+20,0,0,0,0,0,0,0,0,0
psr-middle-p50-s153-n10-l4-f30,-3,False,0,0,0,0,0,0,0,0,0,0,0,0,0,,0.0,0.0,1e+20,1e+20,0,0,0,0,0,0,0,0,0
psr-small-p01-s2-n1-l2-f50,0,True,0,0,2,5,0,4,0,0,0,0,1,0,0,,0.0,1.0,1e+20,1,0.0051,0.0,0.0,0.0012,0.0,0.0,0.0,0.0007,0.0074
psr-small-p02-s5-n1-l3-f30,0,True,0,0,2,5,0,4,0,0,0,0,1,0,0,,0.0,1.0,1e+20,1,0.0046,0.0,0.0,0.0013,0.0,0.0,0.0,0.0008,0.0071
psr-small-p03-s7-n1-l3-f70,0,True,0,0,2,5,0,4,0,0,0,0,1,0,0,,0.0,1.0,1e+20,1,0.0042,0.0,0.0,0.0016,0.0,0.0,0.0,0.0008,0.007
psr-small-p04-s8-n1-l4-f10,0,True,0,0,2,5,0,4,0,0,0,0,1,0,0,,0.0,1.0,1e+20,1,0.0046,0.0001,0.0,0.0011,0.0,0.0,0.0,0.0007,0.0069
psr-small-p05-s9-n1-l4-f30,0,True,0,0,2,5,0,4,0,0,0,0,1,0,0,,0.0,1.0,1e+20,1,0.0031,0.0,0.0,0.0015,0.0,0.0,0.0,0.0007,0.0058
psr-small-p06-s10-n1-l4-f50,0,True,0,0,2,5,0,4,0,0,0,0,1,0,0,,0.0,1.0,1e+20,1,0.0049,0.0,0.0,0.0013,0.0,0.0,0.0,0.0007,0.0074
psr-small-p07-s11-n1-l4-f70,0,True,0,0,2,5,0,4,0,0,0,0,1,0,0,,0.0,1.0,1e+20,1,0.005,0.0,0.0,0.0013,0.0,0.0,0.0,0.0007,0.0075
psr-small-p08-s12-n1-l5-f10,0,True,0,0,2,5,0,4,0,0,0,0,1,0,0,,0.0,1.0,1e+20,1,0.0047,0.0,0.0,0.0011,0.0,0.0,0.0,0.0007,0.0069
psr-small-p09-s13-n1-l5-f30,0,True,0,0,2,5,0,4,0,0,0,0,1,0,0,,0.0,1.0,1e+20,1,0.0055,0.0,0.0,0.0016,0.0,0.0,0.0,0.0007,0.0083
psr-small-p10-s17-n2-l2-f30,0,True,0,0,5,12,0,12,0,0,0,0,1,0,0,,0.0,2.0,1e+20,2,0.0055,0.0001,0.0,0.0014,0.0,0.0,0.0,0.0007,0.008
psr-small-p11-s18-n2-l2-f50,0,True,0,0,4,10,0,8,0,0,0,0,1,0,0,,0.0,2.0,1e+20,2,0.005,0.0,0.0,0.0013,0.0,0.0,0.0,0.0007,0.0075
psr-small-p12-s21-n2-l3-f30,0,True,0,0,4,10,0,8,0,0,0,0,1,0,0,,0.0,2.0,1e+20,2,0.0052,0.0,0.0,0.001,0.0,0.0,0.0,0.0007,0.0073
psr-small-p13-s22-n2-l3-f50,0,True,0,0,7,17,0,18,0,0,0,0,1,0,0,,0.0,3.0,1e+20,3,0.0042,0.0001,0.0,0.0011,0.0,0.0,0.0,0.0007,0.0066
psr-small-p14-s23-n2-l3-f70,0,True,0,0,5,12,0,10,0,0,0,0,1,0,0,,0.0,2.0,1e+20,2,0.0047,0.0,0.0,0.0009,0.0,0.0,0.0,0.0007,0.0068
psr-small-p15-s24-n2-l4-f10,0,True,1,2,4,11,0,10,0,0,0,0,2,0,0,,0.0,2.0,1e+20,2,0.0083,0.0006,0.0,0.0014,0.0,0.0,0.0,0.0027,0.0134
psr-small-p16-s29-n2-l5-f30,0,True,1,2,6,16,0,16,0,0,0,0,2,0,0,,0.0,3.0,1e+20,3,0.0053,0.0001,0.0,0.0013,0.0,0.0,0.0,0.0027,0.0098
psr-small-p17-s30-n2-l5-f50,0,True,0,0,5,12,0,10,0,0,0,0,1,0,0,,0.0,2.0,1e+20,2,0.0045,0.0,0.0,0.001,0.0,0.0,0.0,0.0007,0.0066
psr-small-p18-s31-n2-l5-f70,0,True,0,0,5,12,0,10,0,0,0,0,1,0,0,,0.0,2.0,1e+20,2,0.0051,0.0,0.0,0.0012,0.0,0.0,0.0,0.0007,0.0075
psr-small-p19-s33-n3-l2-f30,0,True,1,2,11,28,0,36,0,0,0,0,2,0,0,,0.0,5.0,1e+20,5,0.0055,0.0002,0.0,0.0011,0.0,0.0,0.0,0.0028,0.0099
psr-small-p20-s34-n3-l2-f50,0,True,0,0,7,17,0,14,0,0,0,0,1,0,0,,0.0,3.0,1e+20,3,0.0039,0.0,0.0,0.0011,0.0,0.0,0.0,0.0007,0.0061
psr-small-p21-s35-n3-l2-f70,0,True,0,0,8,19,0,16,0,0,0,0,1,0,0,,0.0,3.0,1e+20,3,0.0052,0.0,0.0,0.0009,0.0,0.0,0.0,0.0007,0.0073
psr-small-p22-s37-n3-l3-f30,0,True,0,0,8,20,0,22,0,0,0,0,1,0,0,,0.0,4.0,1e+20,4,0.0053,0.0001,0.0,0.0009,0.0,0.0,0.0,0.0007,0.0075
psr-small-p23-s38-n3-l3-f50,0,True,0,0,8,19,0,16,0,0,0,0,1,0,0,,0.0,3.0,1e+20,3,0.0051,0.0001,0.0,0.001,0.0,0.0,0.0,0.0007,0.0073
psr-small-p24-s39-n3-l3-f70,0,True,0,0,8,19,0,16,0,0,0,0,1,0,0,,0.0,3.0,1e+20,3,0.0046,0.0,0.0,0.0011,0.0,0.0,0.0,0.0006,0.0068
psr-small-p25-s40-n3-l4-f10,0,True,2,3,5,14,0,13,0,0,0,0,2,0,0,,0.0,2.0,1e+20,2,0.0616,0.0318,0.0,0.0016,0.0,0.0,0.0,0.0021,0.0983
psr-small-p26-s41-n3-l4-f30,0,True,0,0,7,17,0,14,0,0,0,0,1,0,0,,0.0,3.0,1e+20,3,0.0045,0.0,0.0,0.001,0.0,0.0,0.0,0.0007,0.0067
psr-small-p27-s42-n3-l4-f50,0,True,0,0,7,17,0,14,0,0,0,0,1,0,0,,0.0,3.0,1e+20,3,0.0051,0.0001,0.0,0.0011,0.0,0.0,0.0,0.0006,0.0073
psr-small-p28-s43-n3-l4-f70,0,True,0,0,8,19,0,16,0,0,0,0,1,0,0,,0.0,3.0,1e+20,3,0.0044,0.0,0.0,0.001,0.0,0.0,0.0,0.0007,0.0066
psr-small-p29-s45-n3-l5-f30,0,True,0,0,11,27,0,34,0,0,0,0,1,0,0,,0.0,5.0,1e+20,5,0.0055,0.0001,0.0,0.0012,0.0,0.0,0.0,0.0007,0.008
psr-small-p30-s46-n3-l5-f50,0,True,0,0,7,17,0,14,0,0,0,0,1,0,0,,0.0,3.0,1e+20,3,0.0051,0.0001,0.0,0.0011,0.0,0.0,0.0,0.0007,0.0076
psr-small-p31-s49-n4-l2-f30,0,True,1,2,9,23,0,24,0,0,0,0,2,0,0,,0.0,4.0,1e+20,4,0.0087,0.0006,0.0,0.0009,0.0,0.0,0.0,0.0028,0.0134
psr-small-p32-s50-n4-l2-f50,0,True,0,0,10,24,0,20,0,0,0,0,1,0,0,,0.0,4.0,1e+20,4,0.0051,0.0001,0.0,0.0012,0.0,0.0,0.0,0.0007,0.0075
psr-small-p33-s51-n4-l2-f70,0,True,1,2,9,23,0,24,0,0,0,0,2,0,0,,0.0,4.0,1e+20,4,0.0056,0.0001,0.0,0.0012,0.0,0.0,0.0,0.0028,0.01
psr-small-p34-s55-n4-l3-f70,0,True,0,0,10,24,0,20,0,0,0,0,1,0,0,,0.0,4.0,1e+20,4,0.0051,0.0001,0.0,0.0015,0.0,0.0,0.0,0.0007,0.0078
psr-small-p35-s57-n5-l2-f30,0,True,1,2,9,23,0,24,0,0,0,0,2,0,0,,0.0,4.0,1e+20,4,0.0058,0.0001,0.0,0.001,0.0,0.0,0.0,0.0027,0.01
psr-small-p36-s65-n6-l2-f30,0,True,1,2,14,35,0,48,0,0,0,0,2,0,0,,0.0,6.0,1e+20,6,0.0069,0.0003,0.0,0.0011,0.0,0.0,0.0,0.0029,0.0117
psr-small-p37-s67-n6-l2-f70,0,True,0,0,15,36,0,40,0,0,0,0,1,0,0,,0.0,6.0,1e+20,6,0.005,0.0001,0.0,0.0013,0.0,0.0,0.0,0.0007,0.0075
psr-small-p38-s78-n3-l3-f50,0,True,0,0,7,17,0,18,0,0,0,0,1,0,0,,0.0,3.0,1e+20,3,0.0056,0.0001,0.0,0.001,0.0,0.0,0.0,0.0007,0.0078
psr-small-p39-s79-n3-l3-f70,0,True,0,0,7,17,0,14,0,0,0,0,1,0,0,,0.0,3.0,1e+20,3,0.0051,0.0001,0.0,0.0011,0.0,0.0,0.0,0.0007,0.0075
psr-small-p40-s80-n3-l4-f10,0,True,1,2,6,16,0,16,0,0,0,0,2,0,0,,0.0,3.0,1e+20,3,0.009,0.0007,0.0,0.0013,0.0,0.0,0.0,0.0028,0.0142
psr-small-p41-s81-n3-l4-f30,0,True,0,0,8,19,0,16,0,0,0,0,1,0,0,,0.0,3.0,1e+20,3,0.0049,0.0,0.0,0.0015,0.0,0.0,0.0,0.0007,0.0075
psr-small-p42-s82-n3-l4-f50,0,True,1,2,9,23,0,24,0,0,0,0,2,0,0,,0.0,4.0,1e+20,4,0.0048,0.0001,0.0,0.0013,0.0,0.0,0.0,0.0027,0.0096
psr-small-p43-s83-n3-l4-f70,0,True,0,0,10,24,0,26,0,0,0,0,1,0,0,,0.0,4.0,1e+20,4,0.0049,0.0001,0.0,0.0013,0.0,0.0,0.0,0.0007,0.0073
psr-small-p44-s89-n4-l2-f30,0,True,0,0,12,29,0,36,0,0,0,0,1,0,0,,0.0,5.0,1e+20,5,0.005,0.0001,0.0,0.0011,0.0,0.0,0.0,0.0007,0.0073
psr-small-p45-s94-n4-l3-f50,0,True,0,0,10,24,0,20,0,0,0,0,1,0,0,,0.0,4.0,1e+20,4,0.0051,0.0001,0.0,0.0014,0.0,0.0,0.0,0.0007,0.0077
psr-small-p46-s97-n5-l2-f30,0,True,1,2,10,26,0,28,0,0,0,0,2,0,0,,0.0,5.0,1e+20,5,0.0049,0.0001,0.0,0.0015,0.0,0.0,0.0,0.0027,0.0096
psr-small-p47-s98-n5-l2-f50,0,True,0,0,9,22,0,18,0,0,0,0,1,0,0,,0.0,4.0,1e+20,4,0.0051,0.0001,0.0,0.0013,0.0,0.0,0.0,0.0007,0.0079
psr-small-p48-s101-n5-l3-f30,0,True,0,0,11,27,0,30,0,0,0,0,1,0,0,,0.0,5.0,1e+20,5,0.0057,0.0002,0.0,0.0014,0.0,0.0,0.0,0.0007,0.0084
psr-small-p49-s105-n6-l2-f30,0,True,0,0,15,37,0,50,0,0,0,0,1,0,0,,0.0,7.0,1e+20,7,0.0061,0.0002,0.0,0.0014,0.0,0.0,0.0,0.0007,0.0088
psr-small-p50-s107-n6-l2-f70,0,True,0,0,16,38,0,32,0,0,0,0,1,0,0,,0.0,6.0,1e+20,6,0.005,0.0001,0.0,0.0012,0.0,0.0,0.0,0.0007,0.0073
rovers-p01,0,True,1,7,12,33,0,31,0,0,0,0,2,0,0,,0.0,9.0,1e+20,9,0.0051,0.0001,0.0,0.0011,0.0,0.0,0.0,0.0029,0.0096
rovers-p02,0,True,3,8,12,33,0,27,0,0,0,0,2,0,0,,0.0,7.0,1e+20,7,0.0051,0.0,0.0,0.0013,0.0,0.0,0.0,0.003,0.0098
rovers-p03,0,True,5,12,16,44,0,44,0,0,0,0,2,0,0,,0.0,9.0,1e+20,9,0.0048,0.0001,0.0,0.001,0.0,0.0,0.0,0.0047,0.011
rovers-p04,0,True,5,13,16,43,0,43,0,0,0,0,4,0,0,,0.0,8.0,1e+20,8,0.0051,0.0001,0.0,0.0019,0.0,0.0,0.0,0.0051,0.0127
rovers-p05,0,True,11,24,34,91,0,87,0,0,0,0,4,0,0,,0.0,18.0,1e+20,18,0.0052,0.0002,0.0,0.0015,0.0,0.0001,0.0,0.0039,0.0111
rovers-p06,0,True,9,28,45,119,0,121,0,0,0,0,3,0,0,,0.0,27.0,1e+20,27,0.0056,0.0003,0.0,0.0017,0.0,0.0001,0.0,0.0038,0.0118
rovers-p07,0,True,29,47,47,129,0,124,0,0,0,0,3,0,0,,0.0,15.0,1e+20,15,0.005,0.0002,0.0,0.0022,0.0,0.0001,0.0,0.0048,0.0126
rovers-p08,0,True,46,71,71,196,0,189,0,0,0,0,3,0,0,,0.0,21.0,1e+20,21,0.0053,0.0005,0.0,0.0016,0.0,0.0001,0.0,0.0058,0.0137
rovers-p09,0,True,39,76,85,222,0,223,0,0,0,0,3,0,0,,0.0,24.0,1e+20,24,0.0059,0.0006,0.0,0.0012,0.0,0.0001,0.0,0.008,0.0164
rovers-p10,0,True,56,91,91,249,0,253,0,0,0,0,3,0,0,,0.0,26.0,1e+20,26,0.0067,0.0008,0.0,0.0016,0.0,0.0001,0.0,0.0063,0.0158
rovers-p11,0,True,46,85,98,252,0,253,0,0,0,0,3,0,0,,0.0,24.0,1e+20,24,0.0056,0.0007,0.0,0.0012,0.0,0.0001,0.0,0.0082,0.0161
rovers-p12,0,True,41,87,87,221,0,212,0,0,0,0,3,0,0,,0.0,16.0,1e+20,16,0.0058,0.0005,0.0,0.0011,0.0,0.0001,0.0,0.0064,0.0142
rovers-p13,0,True,68,117,117,314,0,319,0,0,0,0,3,0,0,,0.0,32.0,1e+20,32,0.0092,0.0012,0.0,0.0018,0.0,0.0001,0.0,0.0073,0.02
rovers-p14,0,True,47,92,101,259,0,256,0,0,0,0,4,0,0,,0.0,22.0,1e+20,22,0.0062,0.0008,0.0,0.001,0.0,0.0001,0.0,0.0068,0.0154
rovers-p15,0,True,54,80,88,244,0,222,0,0,0,0,3,0,0,,0.0,29.0,1e+20,29,0.0076,0.0011,0.0,0.0013,0.0,0.0001,0.0,0.0057,0.0162
rovers-p16,0,True,67,129,129,336,0,344,0,0,0,0,3,0,0,,0.0,30.0,1e+20,30,0.0062,0.0012,0.0,0.0013,0.0,0.0001,0.0,0.0082,0.0172
rovers-p17,0,True,106,197,207,538,0,542,0,0,0,0,4,0,0,,0.0,36.0,1e+20,36,0.0085,0.003,0.0,0.0012,0.0,0.0002,0.0,0.0109,0.024
rovers-p18,0,True,151,239,239,640,0,632,0,0,0,0,3,0,0,,0.0,31.0,1e+20,31,0.0131,0.0052,0.0,0.0014,0.0,0.0002,0.0,0.0118,0.0321
rovers-p19,0,True,186,458,458,1119,0,1127,0,0,0,0,5,0,0,,0.0,45.0,1e+20,45,0.0149,0.0088,0.0,0.0018,0.0,0.0004,0.0,0.0539,0.08
rovers-p20,0,True,258,512,512,1302,0,1302,0,0,0,0,5,0,0,,0.0,58.0,1e+20,58,0.0221,0.0181,0.0,0.0019,0.0,0.0004,0.0,0.0495,0.0923
rovers-p21,0,True,275,499,499,1287,0,1280,0,0,0,0,4,0,0,,0.0,41.0,1e+20,41,0.0274,0.0235,0.0,0.0021,0.0,0.0003,0.0,0.0228,0.0765
rovers-p22,0,True,278,595,595,1484,0,1514,0,0,0,0,3,0,0,,0.0,46.0,1e+20,46,0.0279,0.0224,0.0,0.0023,0.0,0.0004,0.0,0.0307,0.0839
rovers-p23,0,True,341,875,875,2110,0,2160,0,0,0,0,7,0,0,,0.0,53.0,1e+20,53,0.0373,0.0359,0.0,0.0026,0.0,0.0009,0.0,0.1227,0.1997
rovers-p24,0,True,387,777,777,1962,0,1998,0,0,0,0,6,0,0,,0.0,65.0,1e+20,65,0.0337,0.034,0.0,0.0026,0.0,0.0008,0.0,0.0983,0.1695
rovers-p25,0,True,302,433,433,1178,0,1138,0,0,0,0,3,0,0,,0.0,25.0,1e+20,25,0.0262,0.0224,0.0,0.002,0.0,0.0003,0.0,0.0174,0.0687
rovers-p26,0,True,349,610,610,1583,0,1584,0,0,0,0,4,0,0,,0.0,40.0,1e+20,40,0.021,0.0217,0.0,0.0026,0.0,0.0005,0.0,0.0302,0.0762
rovers-p27,0,True,359,713,713,1805,0,1849,0,0,0,0,4,0,0,,0.0,59.0,1e+20,59,0.0286,0.0304,0.0,0.0026,0.0,0.0006,0.0,0.0374,0.0997
rovers-p28,0,True,432,775,775,2001,0,2017,0,0,0,0,4,0,0,,0.0,52.0,1e+20,52,0.0523,0.061,0.0,0.0028,0.0,0.0006,0.0,0.036,0.1529
rovers-p29,0,True,489,950,950,2405,0,2378,0,0,0,0,7,0,0,,0.0,43.0,1e+20,43,0.0634,0.0736,0.0,0.0037,0.0,0.001,0.0,0.1488,0.2903
rovers-p30,0,True,649,1643,1643,3960,0,3985,0,0,0,0,8,0,0,,0.0,70.0,1e+20,70,0.0701,0.1076,0.0,0.0059,0.0,0.0019,0.0,0.2399,0.4245
rovers-p31,0,True,608,1484,1484,3600,0,3643,0,0,0,0,7,0,0,,0.0,69.0,1e+20,69,0.0709,0.0923,0.0,0.005,0.0,0.0018,0.0,0.2432,0.4122
rovers-p32,0,True,824,1948,1948,4755,0,4818,0,0,0,0,4,0,0,,0.0,100.0,1e+20,100,0.125,0.1851,0.0,0.0077,0.0,0.0022,0.0,0.1103,0.4296
rovers-p33,0,True,940,2195,2195,5374,0,5561,0,0,0,0,9,0,0,,0.0,126.0,1e+20,126,0.1382,0.2288,0.0,0.0094,0.0,0.0037,0.0,0.3596,0.7376
rovers-p34,0,True,857,2324,2324,5537,0,5545,0,0,0,0,4,0,0,,0.0,87.0,1e+20,87,0.1548,0.2152,0.0,0.0086,0.0,0.0028,0.0,0.1753,0.5553
rovers-p35,0,True,1157,2890,2890,7000,0,7306,0,0,0,0,5,0,0,,0.0,176.0,1e+20,176,0.2234,0.4157,0.0,0.0138,0.0,0.0045,0.0,0.418,1.0732
rovers-p36,0,True,1147,3460,3460,8108,0,8296,0,0,0,0,4,0,0,,0.0,115.0,1e+20,115,0.414,0.3245,0.0,0.0145,0.0,0.005,0.0,0.2264,0.981
rovers-p37,0,True,1584,5082,5082,11806,0,12148,0,0,0,0,6,0,0,,0.0,163.0,1e+20,163,0.3528,0.7467,0.0,0.0262,0.0,0.0096,0.0,0.5741,1.7031
rovers-p38,0,True,1589,5449,5449,12542,0,12927,0,0,0,0,7,0,0,,0.0,146.0,1e+20,146,0.4765,0.9714,0.0,0.0282,0.0,0.0108,0.0,1.0318,2.5118
rovers-p39,0,True,1528,5046,5046,11683,0,11663,0,0,0,0,8,0,0,,0.0,190.0,1e+20,190,0.3985,0.8168,0.0,0.0252,0.0,0.0105,0.0,0.5522,1.7968
rovers-p40,0,True,1873,6139,6139,14220,0,14447,0,0,0,0,11,0,0,,0.0,186.0,1e+20,186,0.5673,1.2625,0.0,0.0362,0.0,0.0155,0.0,0.7704,2.6398
satellite-p01-pfile1,0,True,3,7,11,33,0,32,0,0,0,0,2,0,0,,0.0,8.0,1e+20,8,0.0043,0.0001,0.0,0.0013,0.0,0.0,0.0,0.0028,0.0088
satellite-p02-pfile2,0,True,4,18,20,56,0,62,0,0,0,0,2,0,0,,0.0,12.0,1e+20,12,0.0049,0.0001,0.0,0.0009,0.0,0.0,0.0,0.0049,0.0113
satellite-p03-pfile3,0,True,19,29,29,82,0,83,0,0,0,0,3,0,0,,0.0,10.0,1e+20,10,0.0065,0.0002,0.0,0.001,0.0,0.0001,0.0,0.006,0.0141
satellite-p04-pfile4,0,True,19,40,42,114,0,123,0,0,0,0,3,0,0,,0.0,17.0,1e+20,17,0.0051,0.0003,0.0,0.0011,0.0,0.0001,0.0,0.0045,0.0116
satellite-p05-pfile5,0,True,44,87,87,225,0,255,0,0,0,0,3,0,0,,0.0,14.0,1e+20,14,0.0107,0.0007,0.0,0.0014,0.0,0.0001,0.0,0.0063,0.0195
satellite-p06-pfile6,0,True,36,54,60,165,0,162,0,0,0,0,3,0,0,,0.0,18.0,1e+20,18,0.0126,0.0007,0.0,0.0012,0.0,0.0001,0.0,0.0067,0.0215
satellite-p07-pfile7,0,True,58,95,95,257,0,270,0,0,0,0,3,0,0,,0.0,20.0,1e+20,20,0.0086,0.0013,0.0,0.0012,0.0,0.0001,0.0,0.0064,0.018
satellite-p08-pfile8,0,True,76,130,130,346,0,376,0,0,0,0,6,0,0,,0.0,24.0,1e+20,24,0.0083,0.0024,0.0,0.0013,0.0,0.0002,0.0,0.0994,0.1119
satellite-p09-pfile9,0,True,89,144,144,390,0,405,0,0,0,0,3,0,0,,0.0,26.0,1e+20,26,0.0085,0.0033,0.0,0.0014,0.0,0.0001,0.0,0.0082,0.0218
satellite-p10-pfile10,0,True,101,154,154,421,0,433,0,0,0,0,3,0,0,,0.0,29.0,1e+20,29,0.0277,0.0043,0.0,0.0012,0.0,0.0001,0.0,0.0086,0.0423
satellite-p11-pfile11,0,True,110,152,152,428,0,400,0,0,0,0,3,0,0,,0.0,31.0,1e+20,31,0.0182,0.0063,0.0,0.0013,0.0,0.0001,0.0,0.0076,0.0339
satellite-p12-pfile12,0,True,133,207,215,588,0,586,0,0,0,0,3,0,0,,0.0,42.0,1e+20,42,0.0239,0.0128,0.0,0.0018,0.0,0.0002,0.0,0.0092,0.0482
satellite-p13-pfile13,0,True,160,247,247,681,0,678,0,0,0,0,3,0,0,,0.0,55.0,1e+20,55,0.0271,0.0224,0.0,0.0017,0.0,0.0002,0.0,0.0106,0.0626
satellite-p14-pfile14,0,True,165,256,256,696,0,708,0,0,0,0,4,0,0,,0.0,39.0,1e+20,39,0.0191,0.0165,0.0,0.0019,0.0,0.0002,0.0,0.0251,0.0633
satellite-p15-pfile15,0,True,225,332,332,912,0,904,0,0,0,0,3,0,0,,0.0,44.0,1e+20,44,0.0256,0.0312,0.0,0.0028,0.0,0.0002,0.0,0.0142,0.0744
satellite-p16-pfile16,0,True,282,467,467,1239,0,1295,0,0,0,0,3,0,0,,0.0,45.0,1e+20,45,0.0335,0.045,0.0,0.0018,0.0,0.0003,0.0,0.0201,0.1011
satellite-p17-pfile17,0,True,333,471,471,1295,0,1246,0,0,0,0,3,0,0,,0.0,41.0,1e+20,41,0.0385,0.0614,0.0,0.002,0.0,0.0003,0.0,0.0181,0.1211
satellite-p18-pfile18,0,True,144,199,199,555,0,528,0,0,0,0,3,0,0,,0.0,31.0,1e+20,31,0.0157,0.0129,0.0,0.0012,0.0,0.0001,0.0,0.0091,0.0395
satellite-p19-pfile19,0,True,169,333,333,863,0,995,0,0,0,0,12,0,0,,0.0,58.0,1e+20,58,0.0179,0.0156,0.0,0.0018,0.0,0.0006,0.0,0.0619,0.0979
satellite-p20-pfile20,0,True,176,374,374,964,0,1176,0,0,0,0,4,0,0,,0.0,74.0,1e+20,74,0.018,0.0162,0.0,0.0015,0.0,0.0003,0.0,0.0217,0.0581
satellite-p21-HC-pfile1,0,True,229,512,512,1290,0,1527,0,0,0,0,3,0,0,,0.0,72.0,1e+20,72,0.0425,0.0671,0.0,0.0021,0.0,0.0003,0.0,0.0259,0.1388
satellite-p22-HC-pfile2,0,True,278,555,555,1433,0,1621,0,0,0,0,3,0,0,,0.0,89.0,1e+20,89,0.0655,0.1356,0.0,0.0022,0.0,0.0004,0.0,0.0238,0.2285
satellite-p23-HC-pfile3,0,True,396,920,920,2287,0,2728,0,0,0,0,4,0,0,,0.0,99.0,1e+20,99,0.1073,0.2518,0.0,0.0032,0.0,0.0008,0.0,0.0468,0.4111
satellite-p24-HC-pfile4,0,True,530,1302,1302,3204,0,3924,0,0,0,0,3,0,0,,0.0,137.0,1e+20,137,0.2329,0.7269,0.0,0.0045,0.0,0.0011,0.0,0.0803,1.0476
satellite-p25-HC-pfile5,0,True,606,1470,1470,3610,0,4367,0,0,0,0,3,0,0,,0.0,125.0,1e+20,125,0.2905,0.9512,0.0,0.0054,0.0,0.0013,0.0,0.093,1.3434
satellite-p26-HC-pfile6,0,True,620,1325,1325,3338,0,3878,0,0,0,0,4,0,0,,0.0,134.0,1e+20,134,0.2963,0.981,0.0,0.0055,0.0,0.0013,0.0,0.0749,1.3609
satellite-p27-HC-pfile7,0,True,773,1276,1276,3390,0,3515,0,0,0,0,3,0,0,,0.0,134.0,1e+20,134,0.4308,1.5646,0.0,0.0062,0.0,0.0011,0.0,0.0545,2.0601
satellite-p28-HC-pfile8,0,True,1087,2219,2219,5619,0,6387,0,0,0,0,3,0,0,,0.0,191.0,1e+20,191,1.078,4.9232,0.0,0.0116,0.0,0.0027,0.0,0.2072,6.2284
satellite-p29-HC-pfile9,0,True,1610,2485,2485,6673,0,6588,0,0,0,0,4,0,0,,0.0,185.0,1e+20,185,2.1103,11.1364,0.0,0.0182,0.0,0.0037,0.0,0.174,13.4512
satellite-p30-HC-pfile10,0,True,1916,3126,3126,8282,0,8496,0,0,0,0,6,0,0,,0.0,226.0,1e+20,226,3.4652,21.9836,0.0,0.0257,0.0,0.0058,0.0,0.1951,25.6868
satellite-p31-HC-pfile11,0,True,2367,4200,4200,10900,0,11685,0,0,0,0,7,0,0,,0.0,267.0,1e+20,267,6.3779,44.4767,0.0,0.0393,0.0,0.0097,0.0,0.4291,51.349
satellite-p32-HC-pfile12,0,True,3116,5113,5113,13524,0,13938,0,0,0,0,6,0,0,,0.0,364.0,1e+20,364,14.2268,128.7943,0.0,0.064,0.0,0.0142,0.0,0.5001,143.6297
satellite-p33-HC-pfile13,0,True,3875,6936,6936,17978,0,19212,0,0,0,0,3,0,0,,0.0,460.0,1e+20,460,26.942,286.2619,0.0,0.1007,0.0,0.0172,0.0,0.3077,313.6799
satellite-p34-HC-pfile14,0,True,1033,1470,1470,4114,0,3905,0,0,0,0,4,0,0,,0.0,285.0,1e+20,285,2.2944,14.9708,0.0,0.0092,0.0,0.0021,0.0,0.1197,17.4096
satellite-p35-HC-pfile15,0,True,1661,3056,3056,7960,0,8678,0,0,0,0,4,0,0,,0.0,374.0,1e+20,374,4.949,36.8021,0.0,0.0236,0.0,0.0056,0.0,0.163,41.9612
satellite-p36-HC-pfile16,0,True,2083,3752,3752,9765,0,10456,0,0,0,0,5,0,0,,0.0,356.0,1e+20,356,6.9407,57.7459,0.0,0.0337,0.0,0.0076,0.0,0.2976,65.0483
scanalyzer-08-strips-p01,0,False,30,402,987,1425,0,1299,0,0,7,0,9,0,0,,0.0,18.0,1e+20,18,0.0061,0.0015,0.0,0.0019,0.0,0.0004,0.0,0.0799,0.09
scanalyzer-08-strips-p02,0,False,25,269,596,901,0,864,0,0,1195,0,328,0,18176,,0.0,20.0,1e+20,20,0.0062,0.0011,0.0,0.0018,0.0,0.0113,0.0,4.3556,4.3652
scanalyzer-08-strips-p03,0,False,20,215,450,701,0,704,0,0,951,0,229,0,7473,,0.0,22.0,1e+20,22,0.0055,0.0008,0.0,0.0017,0.0,0.0079,0.0,1.1624,1.171
scanalyzer-08-strips-p04,0,False,56,1436,3548,5048,0,4352,0,0,11,0,11,0,0,,0.0,24.0,1e+20,24,0.0121,0.0084,0.0,0.0037,0.0,0.0014,0.0,0.3016,0.3264
scanalyzer-08-strips-p05,2,False,49,891,1947,2902,0,2616,0,0,6356,0,1296,0,592825,,0.0,25.0,1e+20,27,0.0111,0.0051,0.0,0.0025,0.0,0.0967,0.0,901.7739,905.1941
scanalyzer-08-strips-p06,0,False,42,738,1518,2320,0,2160,0,0,4337,0,799,0,208429,,0.0,30.0,1e+20,30,0.0081,0.0043,0.0,0.0025,0.0,0.0557,0.0,129.7803,129.7958
scanalyzer-08-strips-p07,0,False,90,3770,9345,13215,0,10995,0,0,14,0,5,0,0,,0.0,30.0,1e+20,30,0.0205,0.0355,0.0,0.008,0.0,0.0043,0.0,0.5402,0.6049
scanalyzer-08-strips-p08,2,False,81,2239,4834,7173,0,6180,0,0,9012,0,1986,0,270552,,0.0,30.0,1e+20,34,0.0165,0.0193,0.0,0.0051,0.0,0.1873,0.0,904.8756,906.6934
scanalyzer-08-strips-p09,2,False,72,1907,3886,5893,0,5188,0,0,12270,0,1752,0,333625,,0.0,32.0,1e+20,38,0.014,0.016,0.0,0.0045,0.0,0.231,0.0,902.0624,905.0946
scanalyzer-08-strips-p10,0,False,132,8202,20370,28716,0,23316,0,0,22,0,9,0,0,,0.0,36.0,1e+20,36,0.0409,0.1282,0.0,0.0185,0.0,0.0174,0.0,3.958,4.1469
scanalyzer-08-strips-p11,2,False,121,4733,10121,14998,0,12492,0,0,14499,0,2201,0,88055,,0.0,36.0,1e+20,41,0.0252,0.0641,0.0,0.0095,0.0,0.4676,0.0,899.9142,900.13
scanalyzer-08-strips-p12,2,False,110,4118,8346,12608,0,10652,0,0,14604,0,1665,0,235112,,0.0,36.556,1e+20,46,0.0232,0.0531,0.0,0.0089,0.0,0.3643,0.0,899.9319,900.0981
scanalyzer-08-strips-p13,0,False,182,15722,39095,55013,0,43883,0,0,54,0,18,0,6,,0.0,42.0,1e+20,42,0.0824,0.3861,0.0,0.0429,0.0,0.0628,0.0,14.5607,15.0741
scanalyzer-08-strips-p14,2,False,169,8889,18864,27949,0,22680,0,0,14355,0,1554,0,27858,,0.0,42.0,1e+20,48,0.0494,0.1829,0.0,0.0197,0.0,0.5285,0.0,899.7646,900.031
scanalyzer-08-strips-p15,2,False,156,7863,15882,23941,0,19608,0,0,16177,0,1331,0,64932,,0.0,42.0,1e+20,8203,0.0505,0.1421,0.0,0.0176,0.0,0.4512,0.0,899.8025,900.0521
scanalyzer-08-strips-p16,0,False,240,27512,68472,96240,0,75744,0,0,31,0,10,0,0,,0.0,48.0,1e+20,48,0.1392,1.0153,0.0,0.089,0.0,0.1665,0.0,15.9461,17.1927
scanalyzer-08-strips-p17,2,False,225,15319,32311,47886,0,38064,0,0,6712,0,531,0,7419,,0.0,48.0,1e+20,18904,0.0825,0.4618,0.0,0.0393,0.0,0.3206,0.0,899.4411,900.0537
scanalyzer-08-strips-p18,2,False,210,13730,27670,41656,0,33304,0,0,15125,0,1128,0,38708,,0.0,48.0,1e+20,14182,0.0736,0.3494,0.0,0.0321,0.0,0.5872,0.0,899.5817,900.0655
scanalyzer-08-strips-p19,0,False,306,44946,111933,157203,0,122427,0,0,59,0,19,0,6,,0.0,54.0,1e+20,54,0.2514,2.454,0.0,0.1693,0.0,0.4516,0.0,124.3627,127.2418
scanalyzer-08-strips-p20,2,False,289,24731,51902,76957,0,60156,0,0,3514,0,250,0,1929,,0.0,54.0,1e+20,29916,0.1406,1.0616,0.0,0.073,0.0,0.3477,0.0,898.7836,900.0749
scanalyzer-08-strips-p21,2,False,272,22403,45078,67805,0,53180,0,0,9906,0,617,0,11337,,0.0,54.0,1e+20,22983,0.1257,0.7906,0.0,0.0635,0.0,0.5663,0.0,899.0762,900.1378
scanalyzer-08-strips-p22,0,False,3,132,268,416,0,371,0,0,2,0,6,0,0,,0.0,12.0,1e+20,12,0.0258,0.0008,0.0,0.0023,0.0,0.0002,0.0,0.0094,0.0388
scanalyzer-08-strips-p23,0,False,3,132,268,416,0,371,0,0,2,0,6,0,0,,0.0,12.0,1e+20,12,0.0068,0.0008,0.0,0.0012,0.0,0.0002,0.0,0.0094,0.0186
scanalyzer-08-strips-p24,0,False,3,132,268,416,0,371,0,0,2,0,6,0,0,,0.0,12.0,1e+20,12,0.0068,0.0008,0.0,0.0015,0.0,0.0002,0.0,0.0094,0.0189
scanalyzer-08-strips-p25,0,False,48,13758,52156,65978,0,54138,0,0,199,0,78,0,44,,0.0,24.0,1e+20,24,0.1447,0.8188,0.0,0.0499,0.0,0.0653,0.0,473.3981,474.4155
scanalyzer-08-strips-p26,2,False,42,9578,35655,45297,0,37474,0,0,10461,0,4896,0,6765,,0.0,25.0,1e+20,26,0.409,0.4666,0.0,0.0306,0.0,1.8322,0.0,899.1042,900.0147
scanalyzer-08-strips-p27,2,False,31,7336,27177,34577,0,28907,0,0,10452,0,1021,0,2066,,0.0,25.0,1e+20,10494,0.1075,0.3408,0.0,0.024,0.0,0.3669,0.0,899.5443,900.0249
scanalyzer-08-strips-p28,2,False,120,203937,833055,1037136,0,842629,0,0,48,0,8,0,0,,0.0,36.0,1e+20,406023,1.8647,103.6608,0.0,1.2921,0.0,5.8514,0.0,793.6429,900.5257
scanalyzer-08-strips-p29,2,False,110,126782,497543,624469,0,506355,0,0,77,0,9,0,0,,0.0,38.0,1e+20,193130,1.1887,44.9622,0.0,0.7289,0.0,2.2152,0.0,853.2922,900.2151
scanalyzer-08-strips-p30,2,False,91,99320,383329,482793,0,391720,0,0,270,0,18,0,11,,0.0,38.0,1e+20,121346,1.0263,32.4116,0.0,0.5725,0.0,1.3873,0.0,866.6943,900.7546
scanalyzer-opt11-strips-p01,0,False,3,132,268,416,0,371,0,0,2,0,6,0,0,,0.0,12.0,1e+20,12,0.031,0.0008,0.0,0.0013,0.0,0.0002,0.0,0.0095,0.0431
scanalyzer-opt11-strips-p02,0,False,25,269,596,901,0,864,0,0,1195,0,328,0,18176,,0.0,20.0,1e+20,20,0.024,0.001,0.0,0.0015,0.0,0.0114,0.0,4.3673,4.3945
scanalyzer-opt11-strips-p03,0,False,20,215,450,701,0,704,0,0,951,0,229,0,7473,,0.0,22.0,1e+20,22,0.0232,0.0008,0.0,0.0018,0.0,0.0079,0.0,1.1595,1.1859
scanalyzer-opt11-strips-p04,0,False,56,1436,3548,5048,0,4352,0,0,11,0,11,0,0,,0.0,24.0,1e+20,24,0.0301,0.0084,0.0,0.0037,0.0,0.0014,0.0,0.3026,0.3454
scanalyzer-opt11-strips-p05,0,False,90,3770,9345,13215,0,10995,0,0,14,0,5,0,0,,0.0,30.0,1e+20,30,0.0213,0.0375,0.0,0.0081,0.0,0.0043,0.0,0.5401,0.6077
scanalyzer-opt11-strips-p06,2,False,49,891,1947,2902,0,2616,0,0,6356,0,1296,0,592626,,0.0,25.0,1e+20,27,0.009,0.005,0.0,0.0025,0.0,0.0967,0.0,903.6203,906.4524
scanalyzer-opt11-strips-p07,0,False,306,44946,111933,157203,0,122427,0,0,59,0,19,0,6,,0.0,54.0,1e+20,54,0.2492,2.4484,0.0,0.1686,0.0,0.4537,0.0,123.5819,126.4524
scanalyzer-opt11-strips-p08,0,False,132,8202,20370,28716,0,23316,0,0,22,0,9,0,0,,0.0,36.0,1e+20,36,0.044,0.1281,0.0,0.0183,0.0,0.0174,0.0,3.9565,4.1483
scanalyzer-opt11-strips-p09,0,False,182,15722,39095,55013,0,43883,0,0,54,0,18,0,6,,0.0,42.0,1e+20,42,0.1021,0.3831,0.0,0.043,0.0,0.0628,0.0,14.548,15.078
scanalyzer-opt11-strips-p10,0,False,240,27512,68472,96240,0,75744,0,0,31,0,10,0,0,,0.0,48.0,1e+20,48,0.1447,1.0147,0.0,0.0892,0.0,0.1662,0.0,15.9483,17.1999
scanalyzer-opt11-strips-p11,0,False,48,13758,52156,65978,0,54138,0,0,199,0,78,0,44,,0.0,24.0,1e+20,24,0.1455,0.8178,0.0,0.0493,0.0,0.0658,0.0,470.1286,471.1454
scanalyzer-opt11-strips-p12,0,False,42,738,1518,2320,0,2160,0,0,4337,0,799,0,208429,,0.0,30.0,1e+20,30,0.0093,0.0042,0.0,0.0021,0.0,0.055,0.0,129.6867,129.703
scanalyzer-opt11-strips-p13,2,False,31,7336,27177,34577,0,28907,0,0,10356,0,1011,0,2057,,0.0,25.0,1e+20,10494,0.1105,0.3422,0.0,0.0226,0.0,0.3673,0.0,899.5433,900.0258
scanalyzer-opt11-strips-p14,2,False,42,9578,35655,45297,0,37474,0,0,10624,0,4975,0,6823,,0.0,25.0,1e+20,26,0.1107,0.4688,0.0,0.0302,0.0,1.8663,0.0,899.4056,900.0195
scanalyzer-opt11-strips-p15,2,False,81,2239,4834,7173,0,6180,0,0,9019,0,1988,0,269703,,0.0,30.0,1e+20,34,0.0152,0.0202,0.0,0.0047,0.0,0.1868,0.0,902.4641,904.4712
scanalyzer-opt11-strips-p16,2,False,121,4733,10121,14998,0,12492,0,0,14387,0,2193,0,87768,,0.0,36.0,1e+20,41,0.0439,0.0641,0.0,0.0099,0.0,0.4637,0.0,899.8938,900.1239
scanalyzer-opt11-strips-p17,2,False,169,8889,18864,27949,0,22680,0,0,14427,0,1569,0,28083,,0.0,42.0,1e+20,48,0.0688,0.1842,0.0,0.0196,0.0,0.5383,0.0,899.7393,900.0279
scanalyzer-opt11-strips-p18,2,False,225,15319,32311,47886,0,38064,0,0,6597,0,518,0,7129,,0.0,48.0,1e+20,18904,0.0831,0.4614,0.0,0.0398,0.0,0.315,0.0,899.4351,900.0448
scanalyzer-opt11-strips-p19,2,False,289,24731,51902,76957,0,60156,0,0,3514,0,250,0,1959,,0.0,54.0,1e+20,29916,0.1543,1.0661,0.0,0.0729,0.0,0.336,0.0,898.7332,900.0475
scanalyzer-opt11-strips-p20,2,False,120,203937,833055,1037136,0,842629,0,0,48,0,8,0,0,,0.0,36.0,1e+20,406023,1.8336,103.3143,0.0,1.2897,0.0,5.8409,0.0,794.0166,900.5194
scanalyzer-sat11-strips-p01,0,False,48,13758,52156,65978,0,54138,0,0,199,0,78,0,44,,0.0,24.0,1e+20,24,0.1629,0.8185,0.0,0.0495,0.0,0.065,0.0,471.176,472.2111
scanalyzer-sat11-strips-p02,0,False,132,8202,20370,28716,0,23316,0,0,22,0,9,0,0,,0.0,36.0,1e+20,36,0.0596,0.1283,0.0,0.0189,0.0,0.0174,0.0,3.9537,4.1618
scanalyzer-sat11-strips-p03,0,False,42,738,1518,2320,0,2160,0,0,4337,0,799,0,208429,,0.0,30.0,1e+20,30,0.0276,0.0042,0.0,0.0039,0.0,0.0551,0.0,129.4586,129.495
scanalyzer-sat11-strips-p04,2,False,72,1907,3886,5893,0,5188,0,0,12270,0,1752,0,333200,,0.0,32.0,1e+20,38,0.0142,0.0159,0.0,0.0041,0.0,0.2271,0.0,903.5456,906.1346
scanalyzer-sat11-strips-p05,0,False,182,15722,39095,55013,0,43883,0,0,54,0,18,0,6,,0.0,42.0,1e+20,42,0.0777,0.3856,0.0,0.0428,0.0,0.0629,0.0,14.6101,15.1182
scanalyzer-sat11-strips-p06,2,False,42,9578,35655,45297,0,37474,0,0,10589,0,4956,0,6798,,0.0,25.0,1e+20,26,0.1176,0.4663,0.0,0.0301,0.0,1.862,0.0,899.3999,900.0181
scanalyzer-sat11-strips-p07,0,False,240,27512,68472,96240,0,75744,0,0,31,0,10,0,0,,0.0,48.0,1e+20,48,0.1453,1.0141,0.0,0.0892,0.0,0.1668,0.0,15.9224,17.1741
scanalyzer-sat11-strips-p08,2,False,31,7336,27177,34577,0,28907,0,0,10457,0,1022,0,2068,,0.0,25.0,1e+20,10494,0.094,0.3406,0.0,0.0239,0.0,0.3672,0.0,899.5723,900.0379
scanalyzer-sat11-strips-p09,2,False,110,4118,8346,12608,0,10652,0,0,14604,0,1665,0,235610,,0.0,36.556,1e+20,46,0.0436,0.0534,0.0,0.0091,0.0,0.3697,0.0,899.9054,900.102
scanalyzer-sat11-strips-p10,2,False,169,8889,18864,27949,0,22680,0,0,14427,0,1569,0,28086,,0.0,42.0,1e+20,48,0.0492,0.1846,0.0,0.0202,0.0,0.5372,0.0,899.7615,900.0284
scanalyzer-sat11-strips-p11,2,False,156,7863,15882,23941,0,19608,0,0,16177,0,1331,0,65031,,0.0,42.0,1e+20,8203,0.0603,0.1423,0.0,0.0179,0.0,0.4437,0.0,899.8028,900.0539
scanalyzer-sat11-strips-p12,2,False,121,4733,10121,14998,0,12492,0,0,14499,0,2201,0,88042,,0.0,36.0,1e+20,41,0.0457,0.0646,0.0,0.0099,0.0,0.4696,0.0,899.892,900.1255
scanalyzer-sat11-strips-p13,2,False,81,2239,4834,7173,0,6180,0,0,8999,0,1986,0,268394,,0.0,30.0,1e+20,34,0.0342,0.0195,0.0,0.0047,0.0,0.185,0.0,904.1237,905.9448
scanalyzer-sat11-strips-p14,2,False,225,15319,32311,47886,0,38064,0,0,6712,0,531,0,7423,,0.0,48.0,1e+20,18904,0.0988,0.462,0.0,0.0399,0.0,0.3195,0.0,899.4214,900.0516
scanalyzer-sat11-strips-p15,2,False,210,13730,27670,41656,0,33304,0,0,14997,0,1118,0,38525,,0.0,48.0,1e+20,14182,0.0895,0.3498,0.0,0.0321,0.0,0.5856,0.0,899.607,900.1126
scanalyzer-sat11-strips-p16,2,False,289,24731,51902,76957,0,60156,0,0,3514,0,250,0,1931,,0.0,54.0,1e+20,29916,0.1565,1.0676,0.0,0.0737,0.0,0.335,0.0,898.7575,900.0711
scanalyzer-sat11-strips-p17,2,False,272,22403,45078,67805,0,53180,0,0,9936,0,619,0,11375,,0.0,54.0,1e+20,22983,0.1456,0.7871,0.0,0.065,0.0,0.5768,0.0,899.0319,900.1138
scanalyzer-sat11-strips-p18,2,False,120,203937,833055,1037136,0,842629,0,0,48,0,8,0,0,,0.0,36.0,1e+20,406023,1.8636,103.1008,0.0,1.2888,0.0,5.8201,0.0,794.2062,900.5245
scanalyzer-sat11-strips-p19,2,False,110,126782,497543,624469,0,506355,0,0,77,0,9,0,0,,0.0,38.0,1e+20,193130,1.2197,45.1397,0.0,0.7485,0.0,2.2109,0.0,853.0552,900.2058
scanalyzer-sat11-strips-p20,2,False,91,99320,383329,482793,0,391720,0,0,270,0,18,0,10,,0.0,38.0,1e+20,121346,0.9888,31.8631,0.0,0.5762,0.0,1.413,0.0,867.1294,900.616
schedule-probschedule-10-0,0,True,0,8,32,61,0,51,0,0,0,0,1,0,0,,0.0,10.0,1e+20,10,0.0259,0.0003,0.0,0.0021,0.0,0.0,0.0,0.0018,0.0305
schedule-probschedule-10-1,0,True,4,11,41,74,0,62,0,0,0,0,1,0,0,,0.0,8.0,1e+20,8,0.006,0.0003,0.0,0.0009,0.0,0.0,0.0,0.0019,0.0095
schedule-probschedule-10-2,0,True,0,7,33,62,0,52,0,0,0,0,1,0,0,,0.0,10.0,1e+20,10,0.0063,0.0003,0.0,0.0012,0.0,0.0,0.0,0.0018,0.01
schedule-probschedule-11-0,0,True,0,6,38,71,0,60,0,0,0,0,1,0,0,,0.0,11.0,1e+20,11,0.0081,0.0003,0.0,0.0014,0.0,0.0,0.0,0.0018,0.012
schedule-probschedule-11-1,0,True,2,9,43,80,0,67,0,0,0,0,1,0,0,,0.0,11.0,1e+20,11,0.0244,0.0003,0.0,0.0013,0.0,0.0,0.0,0.0018,0.0283
schedule-probschedule-11-2,0,True,0,9,35,69,0,58,0,0,0,0,1,0,0,,0.0,11.0,1e+20,11,0.0066,0.0003,0.0,0.001,0.0,0.0,0.0,0.0018,0.0101
schedule-probschedule-12-0,0,True,1,10,42,79,0,66,0,0,0,0,1,0,0,,0.0,12.0,1e+20,12,0.007,0.0004,0.0,0.0013,0.0,0.0,0.0,0.0019,0.0109
schedule-probschedule-12-1,0,True,4,13,51,94,0,78,0,0,0,0,1,0,0,,0.0,12.0,1e+20,12,0.0065,0.0004,0.0,0.001,0.0,0.0,0.0,0.0019,0.0101
schedule-probschedule-12-2,0,True,3,13,47,89,0,74,0,0,0,0,1,0,0,,0.0,12.0,1e+20,12,0.0064,0.0004,0.0,0.001,0.0,0.0,0.0,0.0019,0.01
schedule-probschedule-13-0,0,True,3,13,51,97,0,81,0,0,0,0,1,0,0,,0.0,13.0,1e+20,13,0.0067,0.0005,0.0,0.001,0.0,0.0,0.0,0.0019,0.0106
schedule-probschedule-13-1,0,True,3,11,53,98,0,82,0,0,0,0,1,0,0,,0.0,13.0,1e+20,13,0.0069,0.0004,0.0,0.0011,0.0,0.0,0.0,0.0019,0.0108
schedule-probschedule-13-2,0,True,3,14,50,95,0,79,0,0,0,0,1,0,0,,0.0,13.0,1e+20,13,0.0064,0.0004,0.0,0.001,0.0,0.0,0.0,0.0019,0.0101
schedule-probschedule-14-0,0,True,1,14,46,87,0,72,0,0,0,0,1,0,0,,0.0,14.0,1e+20,14,0.0254,0.0005,0.0,0.0012,0.0,0.0,0.0,0.0018,0.0293
schedule-probschedule-14-1,0,True,2,13,51,96,0,80,0,0,0,0,1,0,0,,0.0,14.0,1e+20,14,0.0064,0.0005,0.0,0.0018,0.0,0.0,0.0,0.002,0.011
schedule-probschedule-14-2,0,True,1,12,48,92,0,77,0,0,0,0,1,0,0,,0.0,14.0,1e+20,14,0.0067,0.0005,0.0,0.0012,0.0,0.0,0.0,0.0019,0.0108
schedule-probschedule-15-0,0,True,1,12,52,99,0,83,0,0,0,0,1,0,0,,0.0,15.0,1e+20,15,0.007,0.0005,0.0,0.0013,0.0,0.0,0.0,0.0019,0.0112
schedule-probschedule-15-1,0,True,2,13,53,99,0,83,0,0,0,0,1,0,0,,0.0,14.0,1e+20,14,0.0072,0.0006,0.0,0.0011,0.0,0.0,0.0,0.0019,0.0111
schedule-probschedule-15-2,0,True,2,12,54,101,0,85,0,0,0,0,1,0,0,,0.0,14.0,1e+20,14,0.0071,0.0005,0.0,0.0011,0.0,0.0,0.0,0.0019,0.011
schedule-probschedule-16-0,0,True,2,13,59,109,0,91,0,0,0,0,1,0,0,,0.0,16.0,1e+20,16,0.008,0.0006,0.0,0.0016,0.0,0.0,0.0,0.0019,0.0124
schedule-probschedule-16-1,0,True,2,12,58,107,0,90,0,0,0,0,1,0,0,,0.0,15.0,1e+20,15,0.0074,0.0006,0.0,0.001,0.0,0.0,0.0,0.0019,0.0112
schedule-probschedule-16-2,0,True,4,16,62,115,0,96,0,0,0,0,1,0,0,,0.0,15.0,1e+20,15,0.0066,0.0006,0.0,0.0014,0.0,0.0,0.0,0.0019,0.011
schedule-probschedule-17-0,0,True,5,17,67,124,0,104,0,0,0,0,1,0,0,,0.0,15.0,1e+20,15,0.0091,0.0006,0.0,0.001,0.0,0.0,0.0,0.0019,0.013
schedule-probschedule-17-1,0,True,2,15,61,116,0,97,0,0,0,0,1,0,0,,0.0,17.0,1e+20,17,0.0074,0.0007,0.0,0.0012,0.0,0.0,0.0,0.0019,0.0116
schedule-probschedule-17-2,0,True,0,11,57,106,0,89,0,0,0,0,1,0,0,,0.0,17.0,1e+20,17,0.0091,0.0006,0.0,0.0012,0.0,0.0,0.0,0.0019,0.0131
schedule-probschedule-18-0,0,True,3,15,67,124,0,104,0,0,0,0,1,0,0,,0.0,17.0,1e+20,17,0.0072,0.0007,0.0,0.0012,0.0,0.0,0.0,0.002,0.0115
schedule-probschedule-18-1,0,True,0,13,59,110,0,92,0,0,0,0,1,0,0,,0.0,18.0,1e+20,18,0.0072,0.0006,0.0,0.0013,0.0,0.0,0.0,0.0019,0.0114
schedule-probschedule-18-2,0,True,4,16,70,129,0,108,0,0,0,0,1,0,0,,0.0,17.0,1e+20,17,0.007,0.0007,0.0,0.0011,0.0,0.0,0.0,0.0019,0.0112
schedule-probschedule-19-0,0,True,1,16,64,121,0,101,0,0,0,0,1,0,0,,0.0,19.0,1e+20,19,0.0082,0.0007,0.0,0.0012,0.0,0.0,0.0,0.0019,0.0123
schedule-probschedule-19-1,0,True,3,17,69,128,0,107,0,0,0,0,1,0,0,,0.0,18.0,1e+20,18,0.0087,0.0007,0.0,0.0013,0.0,0.0,0.0,0.002,0.0131
schedule-probschedule-19-2,0,True,2,15,67,125,0,105,0,0,0,0,1,0,0,,0.0,18.0,1e+20,18,0.0077,0.0007,0.0,0.001,0.0,0.0,0.0,0.0019,0.0117
schedule-probschedule-2-0,0,True,0,2,6,13,0,11,0,0,0,0,1,0,0,,0.0,2.0,1e+20,2,0.005,0.0001,0.0,0.0011,0.0,0.0,0.0,0.0018,0.0084
schedule-probschedule-2-1,0,True,0,2,6,13,0,11,0,0,0,0,1,0,0,,0.0,2.0,1e+20,2,0.0055,0.0001,0.0,0.0009,0.0,0.0,0.0,0.0017,0.0085
schedule-probschedule-2-2,0,True,1,3,9,18,0,15,0,0,0,0,1,0,0,,0.0,2.0,1e+20,2,0.0235,0.0001,0.0,0.0016,0.0,0.0,0.0,0.0018,0.0273
schedule-probschedule-20-0,0,True,2,19,69,129,0,107,0,0,0,0,1,0,0,,0.0,20.0,1e+20,20,0.0078,0.0008,0.0,0.0012,0.0,0.0,0.0,0.0019,0.012
schedule-probschedule-20-1,0,True,0,12,68,125,0,105,0,0,0,0,1,0,0,,0.0,20.0,1e+20,20,0.0076,0.0007,0.0,0.0014,0.0,0.0,0.0,0.0019,0.0122
schedule-probschedule-20-2,0,True,2,16,72,132,0,110,0,0,0,0,1,0,0,,0.0,20.0,1e+20,20,0.0078,0.0008,0.0,0.0011,0.0,0.0,0.0,0.0019,0.0121
schedule-probschedule-21-0,0,True,3,20,72,136,0,114,0,0,0,0,1,0,0,,0.0,19.0,1e+20,19,0.008,0.0009,0.0,0.001,0.0,0.0,0.0,0.0019,0.0123
schedule-probschedule-21-1,0,True,2,14,76,141,0,119,0,0,0,0,1,0,0,,0.0,20.0,1e+20,20,0.0079,0.0008,0.0,0.0009,0.0,0.0,0.0,0.0019,0.012
schedule-probschedule-21-2,0,True,3,18,76,140,0,117,0,0,0,0,1,0,0,,0.0,20.0,1e+20,20,0.0085,0.0009,0.0,0.001,0.0,0.0,0.0,0.002,0.0128
schedule-probschedule-22-0,0,True,3,22,76,142,0,118,0,0,0,0,1,0,0,,0.0,21.0,1e+20,21,0.0103,0.0009,0.0,0.0019,0.0,0.0,0.0,0.002,0.0154
schedule-probschedule-22-1,0,True,0,17,71,136,0,114,0,0,0,0,1,0,0,,0.0,22.0,1e+20,22,0.0084,0.0008,0.0,0.0013,0.0,0.0,0.0,0.0019,0.0128
schedule-probschedule-22-2,0,True,2,15,79,145,0,122,0,0,0,0,1,0,0,,0.0,21.0,1e+20,21,0.0082,0.0009,0.0,0.0011,0.0,0.0,0.0,0.002,0.0125
schedule-probschedule-23-0,0,True,2,20,80,151,0,126,0,0,0,0,1,0,0,,0.0,23.0,1e+20,23,0.0267,0.001,0.0,0.0015,0.0,0.0,0.0,0.0019,0.0316
schedule-probschedule-23-1,0,True,0,15,77,140,0,117,0,0,0,0,1,0,0,,0.0,23.0,1e+20,23,0.008,0.001,0.0,0.0009,0.0,0.0,0.0,0.0019,0.0121
schedule-probschedule-23-2,0,True,2,18,82,151,0,126,0,0,0,0,1,0,0,,0.0,23.0,1e+20,23,0.0084,0.0011,0.0,0.001,0.0,0.0,0.0,0.002,0.013
schedule-probschedule-24-0,0,True,2,21,83,154,0,128,0,0,0,0,1,0,0,,0.0,24.0,1e+20,24,0.0086,0.001,0.0,0.0012,0.0,0.0,0.0,0.002,0.0131
schedule-probschedule-24-1,0,True,2,16,88,160,0,134,0,0,0,0,1,0,0,,0.0,24.0,1e+20,24,0.0092,0.0011,0.0,0.0022,0.0,0.0,0.0,0.0019,0.0147
schedule-probschedule-24-2,0,True,3,18,88,160,0,134,0,0,0,0,1,0,0,,0.0,23.0,1e+20,23,0.009,0.001,0.0,0.001,0.0,0.0,0.0,0.002,0.0135
schedule-probschedule-25-0,0,True,5,23,95,177,0,148,0,0,0,0,1,0,0,,0.0,24.0,1e+20,24,0.0092,0.0012,0.0,0.0013,0.0,0.0,0.0,0.002,0.0141
schedule-probschedule-25-1,0,True,2,22,86,161,0,134,0,0,0,0,1,0,0,,0.0,25.0,1e+20,25,0.0095,0.0011,0.0,0.0012,0.0,0.0,0.0,0.002,0.0143
schedule-probschedule-25-2,0,True,5,23,93,172,0,144,0,0,0,0,1,0,0,,0.0,23.0,1e+20,23,0.0109,0.0011,0.0,0.0012,0.0,0.0,0.0,0.002,0.0156
schedule-probschedule-26-0,0,True,5,25,97,179,0,149,0,0,0,0,1,0,0,,0.0,25.0,1e+20,25,0.009,0.0013,0.0,0.001,0.0,0.0,0.0,0.002,0.0137
schedule-probschedule-26-1,0,True,3,23,93,173,0,144,0,0,0,0,1,0,0,,0.0,26.0,1e+20,26,0.01,0.0012,0.0,0.0011,0.0,0.0,0.0,0.002,0.0147
schedule-probschedule-26-2,0,True,4,24,96,178,0,148,0,0,0,0,1,0,0,,0.0,26.0,1e+20,26,0.009,0.0013,0.0,0.0014,0.0,0.0,0.0,0.002,0.0141
schedule-probschedule-27-0,0,True,2,19,97,181,0,152,0,0,0,0,1,0,0,,0.0,27.0,1e+20,27,0.009,0.0013,0.0,0.0013,0.0,0.0,0.0,0.002,0.014
schedule-probschedule-27-1,0,True,2,21,95,175,0,146,0,0,0,0,1,0,0,,0.0,27.0,1e+20,27,0.0101,0.0012,0.0,0.001,0.0,0.0,0.0,0.002,0.0148
schedule-probschedule-27-2,0,True,2,18,96,174,0,146,0,0,0,0,1,0,0,,0.0,26.0,1e+20,26,0.0085,0.0012,0.0,0.0011,0.0,0.0,0.0,0.0019,0.0133
schedule-probschedule-28-0,0,True,3,21,99,183,0,154,0,0,0,0,1,0,0,,0.0,26.0,1e+20,26,0.0101,0.0014,0.0,0.0011,0.0,0.0,0.0,0.002,0.0152
schedule-probschedule-28-1,0,True,6,24,110,200,0,167,0,0,0,0,1,0,0,,0.0,27.0,1e+20,27,0.0106,0.0015,0.0,0.001,0.0,0.0,0.0,0.0021,0.0156
schedule-probschedule-28-2,0,True,3,26,98,184,0,153,0,0,0,0,1,0,0,,0.0,28.0,1e+20,28,0.0096,0.0013,0.0,0.0011,0.0,0.0,0.0,0.002,0.0145
schedule-probschedule-29-0,0,True,7,28,114,206,0,171,0,0,0,0,1,0,0,,0.0,28.0,1e+20,28,0.0098,0.0015,0.0,0.001,0.0,0.0,0.0,0.002,0.0147
schedule-probschedule-29-1,0,True,2,22,102,186,0,155,0,0,0,0,1,0,0,,0.0,29.0,1e+20,29,0.01,0.0014,0.0,0.0012,0.0,0.0,0.0,0.002,0.0151
schedule-probschedule-29-2,0,True,6,27,109,201,0,168,0,0,0,0,1,0,0,,0.0,27.0,1e+20,27,0.0099,0.0016,0.0,0.001,0.0,0.0,0.0,0.0021,0.015
schedule-probschedule-3-0,0,True,1,3,13,25,0,21,0,0,0,0,1,0,0,,0.0,3.0,1e+20,3,0.0059,0.0001,0.0,0.0011,0.0,0.0,0.0,0.0018,0.0093
schedule-probschedule-3-1,0,True,1,3,11,21,0,18,0,0,0,0,1,0,0,,0.0,2.0,1e+20,2,0.005,0.0001,0.0,0.0009,0.0,0.0,0.0,0.0018,0.0082
schedule-probschedule-3-2,0,True,0,2,10,20,0,17,0,0,0,0,1,0,0,,0.0,3.0,1e+20,3,0.0051,0.0001,0.0,0.0012,0.0,0.0,0.0,0.0018,0.0085
schedule-probschedule-30-0,0,True,2,21,107,194,0,162,0,0,0,0,1,0,0,,0.0,30.0,1e+20,30,0.0114,0.0014,0.0,0.001,0.0,0.0,0.0,0.002,0.0162
schedule-probschedule-30-1,0,True,3,26,106,195,0,162,0,0,0,0,1,0,0,,0.0,30.0,1e+20,30,0.0118,0.0015,0.0,0.001,0.0,0.0,0.0,0.002,0.0168
schedule-probschedule-30-2,0,True,6,28,112,205,0,171,0,0,0,0,1,0,0,,0.0,28.0,1e+20,28,0.0133,0.0017,0.0,0.0014,0.0,0.0,0.0,0.0021,0.0189
schedule-probschedule-31-0,0,True,6,29,117,214,0,178,0,0,0,0,1,0,0,,0.0,30.0,1e+20,30,0.0112,0.0016,0.0,0.0012,0.0,0.0,0.0,0.002,0.0165
schedule-probschedule-31-1,0,True,3,24,112,204,0,170,0,0,0,0,1,0,0,,0.0,31.0,1e+20,31,0.0104,0.0017,0.0,0.0012,0.0,0.0,0.0,0.002,0.0157
schedule-probschedule-31-2,0,True,1,20,108,197,0,165,0,0,0,0,1,0,0,,0.0,31.0,1e+20,31,0.0119,0.0016,0.0,0.001,0.0,0.0,0.0,0.002,0.0168
schedule-probschedule-32-0,0,True,6,29,117,214,0,179,0,0,0,0,1,0,0,,0.0,29.0,1e+20,29,0.0108,0.0018,0.0,0.0012,0.0,0.0,0.0,0.0021,0.0163
schedule-probschedule-32-1,0,True,5,28,118,216,0,180,0,0,0,0,1,0,0,,0.0,31.0,1e+20,31,0.0103,0.0018,0.0,0.001,0.0,0.0,0.0,0.002,0.0155
schedule-probschedule-32-2,0,True,5,28,118,218,0,182,0,0,0,0,1,0,0,,0.0,31.0,1e+20,31,0.0099,0.0018,0.0,0.001,0.0,0.0,0.0,0.002,0.0152
schedule-probschedule-33-0,0,True,3,25,115,212,0,178,0,0,0,0,1,0,0,,0.0,31.0,1e+20,31,0.0298,0.0017,0.0,0.0014,0.0,0.0,0.0,0.002,0.0354
schedule-probschedule-33-1,0,True,4,29,117,218,0,182,0,0,0,0,1,0,0,,0.0,32.0,1e+20,32,0.0119,0.0018,0.0,0.001,0.0,0.0,0.0,0.002,0.0171
schedule-probschedule-33-2,0,True,3,28,114,212,0,177,0,0,0,0,1,0,0,,0.0,32.0,1e+20,32,0.0125,0.0017,0.0,0.0021,0.0,0.0,0.0,0.0021,0.0189
schedule-probschedule-34-0,0,True,4,28,120,224,0,188,0,0,0,0,1,0,0,,0.0,32.0,1e+20,32,0.0129,0.0018,0.0,0.001,0.0,0.0,0.0,0.002,0.0181
schedule-probschedule-34-1,0,True,3,30,118,218,0,181,0,0,0,0,1,0,0,,0.0,34.0,1e+20,34,0.0108,0.0018,0.0,0.0009,0.0,0.0,0.0,0.0021,0.016
schedule-probschedule-34-2,0,True,6,32,126,230,0,191,0,0,0,0,1,0,0,,0.0,33.0,1e+20,33,0.0134,0.0019,0.0,0.0011,0.0,0.0,0.0,0.0021,0.0188
schedule-probschedule-35-0,0,True,3,32,120,224,0,186,0,0,0,0,1,0,0,,0.0,35.0,1e+20,35,0.0126,0.0019,0.0,0.0014,0.0,0.0,0.0,0.002,0.0182
schedule-probschedule-35-1,0,True,4,28,126,230,0,192,0,0,0,0,1,0,0,,0.0,34.0,1e+20,34,0.03,0.0021,0.0,0.0016,0.0,0.0,0.0,0.0021,0.0361
schedule-probschedule-35-2,0,True,2,24,122,222,0,186,0,0,0,0,1,0,0,,0.0,34.0,1e+20,34,0.0109,0.002,0.0,0.0013,0.0,0.0,0.0,0.002,0.0167
schedule-probschedule-36-0,0,True,6,30,134,243,0,203,0,0,0,0,1,0,0,,0.0,34.0,1e+20,34,0.013,0.002,0.0,0.001,0.0,0.0,0.0,0.0021,0.0184
schedule-probschedule-36-1,0,True,4,29,129,236,0,197,0,0,0,0,1,0,0,,0.0,35.0,1e+20,35,0.0113,0.0022,0.0,0.0013,0.0,0.0,0.0,0.0021,0.0173
schedule-probschedule-36-2,0,True,7,31,139,252,0,210,0,0,0,0,1,0,0,,0.0,35.0,1e+20,35,0.0131,0.0022,0.0,0.0012,0.0,0.0,0.0,0.0021,0.0191
schedule-probschedule-37-0,0,True,3,30,130,237,0,197,0,0,0,0,1,0,0,,0.0,37.0,1e+20,37,0.0113,0.002,0.0,0.001,0.0,0.0,0.0,0.0021,0.0168
schedule-probschedule-37-1,0,True,5,33,131,242,0,202,0,0,0,0,1,0,0,,0.0,35.0,1e+20,35,0.011,0.0021,0.0,0.0012,0.0,0.0,0.0,0.0021,0.0168
schedule-probschedule-37-2,0,True,4,30,132,240,0,200,0,0,0,0,1,0,0,,0.0,36.0,1e+20,36,0.0134,0.0021,0.0,0.001,0.0,0.0,0.0,0.0021,0.019
schedule-probschedule-38-0,0,True,5,35,137,251,0,208,0,0,0,0,1,0,0,,0.0,38.0,1e+20,38,0.0124,0.0024,0.0,0.0013,0.0,0.0,0.0,0.0021,0.0186
schedule-probschedule-38-1,0,True,4,29,135,249,0,209,0,0,0,0,1,0,0,,0.0,36.0,1e+20,36,0.0141,0.0025,0.0,0.0013,0.0,0.0,0.0,0.0021,0.0204
schedule-probschedule-38-2,0,True,7,34,142,255,0,212,0,0,0,0,1,0,0,,0.0,36.0,1e+20,36,0.0142,0.0024,0.0,0.0012,0.0,0.0,0.0,0.0021,0.0203
schedule-probschedule-39-0,0,True,6,38,140,257,0,213,0,0,0,0,1,0,0,,0.0,38.0,1e+20,38,0.0154,0.0023,0.0,0.0012,0.0,0.0,0.0,0.0021,0.0214
schedule-probschedule-39-1,0,True,3,27,139,250,0,209,0,0,0,0,1,0,0,,0.0,38.0,1e+20,38,0.0138,0.0022,0.0,0.0011,0.0,0.0,0.0,0.0021,0.0196
schedule-probschedule-39-2,0,True,5,37,133,245,0,204,0,0,0,0,1,0,0,,0.0,36.0,1e+20,36,0.0298,0.0025,0.0,0.0013,0.0,0.0,0.0,0.0022,0.0363
schedule-probschedule-4-0,0,True,1,5,15,29,0,24,0,0,0,0,1,0,0,,0.0,4.0,1e+20,4,0.0056,0.0001,0.0,0.0011,0.0,0.0,0.0,0.0018,0.0089
schedule-probschedule-4-1,0,True,1,4,16,30,0,25,0,0,0,0,1,0,0,,0.0,4.0,1e+20,4,0.0053,0.0001,0.0,0.0014,0.0,0.0,0.0,0.0019,0.0091
schedule-probschedule-4-2,0,True,0,3,13,26,0,22,0,0,0,0,1,0,0,,0.0,4.0,1e+20,4,0.0057,0.0001,0.0,0.0011,0.0,0.0,0.0,0.0018,0.0091
schedule-probschedule-40-0,0,True,5,29,149,269,0,225,0,0,0,0,1,0,0,,0.0,39.0,1e+20,39,0.0324,0.0026,0.0,0.0013,0.0,0.0,0.0,0.0021,0.0388
schedule-probschedule-40-1,0,True,4,30,142,258,0,216,0,0,0,0,1,0,0,,0.0,38.0,1e+20,38,0.0318,0.0026,0.0,0.0015,0.0,0.0,0.0,0.0021,0.0383
schedule-probschedule-40-2,0,True,2,31,137,252,0,210,0,0,0,0,1,0,0,,0.0,40.0,1e+20,40,0.0138,0.0025,0.0,0.0012,0.0,0.0,0.0,0.002,0.0198
schedule-probschedule-41-0,0,True,5,37,145,272,0,227,0,0,0,0,1,0,0,,0.0,40.0,1e+20,40,0.0147,0.0025,0.0,0.0011,0.0,0.0,0.0,0.0021,0.0208
schedule-probschedule-41-1,0,True,3,28,148,266,0,222,0,0,0,0,1,0,0,,0.0,41.0,1e+20,41,0.015,0.0024,0.0,0.0012,0.0,0.0,0.0,0.002,0.021
schedule-probschedule-41-2,0,True,6,35,153,284,0,237,0,0,0,0,1,0,0,,0.0,41.0,1e+20,41,0.0138,0.0027,0.0,0.0013,0.0,0.0,0.0,0.0021,0.0204
schedule-probschedule-42-0,0,True,5,29,155,282,0,237,0,0,0,0,1,0,0,,0.0,40.0,1e+20,40,0.0152,0.0026,0.0,0.0013,0.0,0.0,0.0,0.0021,0.0216
schedule-probschedule-42-1,0,True,3,38,142,267,0,222,0,0,0,0,1,0,0,,0.0,42.0,1e+20,42,0.0149,0.0026,0.0,0.0011,0.0,0.0,0.0,0.002,0.021
schedule-probschedule-42-2,0,True,8,38,158,290,0,242,0,0,0,0,1,0,0,,0.0,40.0,1e+20,40,0.0143,0.0029,0.0,0.0012,0.0,0.0,0.0,0.0022,0.021
schedule-probschedule-43-0,0,True,4,35,151,277,0,231,0,0,0,0,1,0,0,,0.0,42.0,1e+20,42,0.0129,0.0027,0.0,0.0028,0.0,0.0,0.0,0.0021,0.0209
schedule-probschedule-43-1,0,True,6,39,155,284,0,236,0,0,0,0,1,0,0,,0.0,42.0,1e+20,42,0.015,0.0027,0.0,0.001,0.0,0.0,0.0,0.0022,0.0213
schedule-probschedule-43-2,0,True,2,29,149,269,0,225,0,0,0,0,1,0,0,,0.0,42.0,1e+20,42,0.0147,0.0028,0.0,0.0009,0.0,0.0,0.0,0.0021,0.0209
schedule-probschedule-44-0,0,True,5,35,155,284,0,238,0,0,0,0,1,0,0,,0.0,41.0,1e+20,41,0.0157,0.003,0.0,0.001,0.0,0.0,0.0,0.0021,0.0222
schedule-probschedule-44-1,0,True,4,38,152,283,0,236,0,0,0,0,1,0,0,,0.0,43.0,1e+20,43,0.0144,0.003,0.0,0.0012,0.0,0.0,0.0,0.0021,0.0211
schedule-probschedule-44-2,0,True,8,41,161,293,0,244,0,0,0,0,1,0,0,,0.0,41.0,1e+20,41,0.0147,0.0028,0.0,0.001,0.0,0.0,0.0,0.0022,0.0212
schedule-probschedule-45-0,0,True,6,38,166,304,0,253,0,0,0,0,1,0,0,,0.0,45.0,1e+20,45,0.0151,0.0031,0.0,0.0013,0.0,0.0,0.0,0.0022,0.0221
schedule-probschedule-45-1,0,True,6,39,161,295,0,246,0,0,0,0,1,0,0,,0.0,43.0,1e+20,43,0.0153,0.0031,0.0,0.0011,0.0,0.0,0.0,0.0021,0.0221
schedule-probschedule-45-2,0,True,7,38,164,296,0,247,0,0,0,0,1,0,0,,0.0,42.0,1e+20,42,0.0332,0.0031,0.0,0.0013,0.0,0.0,0.0,0.0021,0.0402
schedule-probschedule-46-0,0,True,5,39,163,301,0,251,0,0,0,0,1,0,0,,0.0,45.0,1e+20,45,0.016,0.0033,0.0,0.0014,0.0,0.0,0.0,0.0021,0.0231
schedule-probschedule-46-1,0,True,6,40,166,302,0,251,0,0,0,0,1,0,0,,0.0,45.0,1e+20,45,0.0153,0.0032,0.0,0.0012,0.0,0.0,0.0,0.0021,0.0222
schedule-probschedule-46-2,0,True,6,37,165,299,0,250,0,0,0,0,1,0,0,,0.0,43.0,1e+20,43,0.0148,0.0033,0.0,0.0012,0.0,0.0,0.0,0.0021,0.0217
schedule-probschedule-47-0,0,True,3,35,163,302,0,253,0,0,0,0,1,0,0,,0.0,46.0,1e+20,46,0.0165,0.0033,0.0,0.0014,0.0,0.0,0.0,0.0021,0.0237
schedule-probschedule-47-1,0,True,5,43,161,301,0,251,0,0,0,0,1,0,0,,0.0,45.0,1e+20,45,0.0154,0.0034,0.0,0.001,0.0,0.0,0.0,0.0021,0.0223
schedule-probschedule-47-2,0,True,8,43,171,312,0,260,0,0,0,0,1,0,0,,0.0,44.0,1e+20,44,0.0157,0.0034,0.0,0.001,0.0,0.0,0.0,0.0021,0.0227
schedule-probschedule-48-0,0,True,5,38,172,314,0,262,0,0,0,0,1,0,0,,0.0,47.0,1e+20,47,0.0251,0.0032,0.0,0.0012,0.0,0.0,0.0,0.0021,0.032
schedule-probschedule-48-1,0,True,10,44,178,325,0,272,0,0,0,0,1,0,0,,0.0,43.0,1e+20,43,0.0163,0.0036,0.0,0.0013,0.0,0.0,0.0,0.0022,0.0237
schedule-probschedule-48-2,0,True,7,41,179,325,0,270,0,0,0,0,1,0,0,,0.0,48.0,1e+20,48,0.0165,0.0035,0.0,0.0012,0.0,0.0,0.0,0.0021,0.0237
schedule-probschedule-49-0,0,True,12,48,188,344,0,287,0,0,0,0,1,0,0,,0.0,45.0,1e+20,45,0.0165,0.0038,0.0,0.001,0.0,0.0,0.0,0.0022,0.024
schedule-probschedule-49-1,0,True,6,41,177,324,0,270,0,0,0,0,1,0,0,,0.0,48.0,1e+20,48,0.0177,0.0036,0.0,0.001,0.0,0.0,0.0,0.0021,0.0247
schedule-probschedule-49-2,0,True,8,40,186,339,0,283,0,0,0,0,1,0,0,,0.0,48.0,1e+20,48,0.0167,0.0037,0.0,0.0013,0.0,0.0,0.0,0.0022,0.0242
schedule-probschedule-5-0,0,True,1,4,18,34,0,29,0,0,0,0,1,0,0,,0.0,4.0,1e+20,4,0.0055,0.0001,0.0,0.0009,0.0,0.0,0.0,0.0018,0.0087
schedule-probschedule-5-1,0,True,2,7,21,40,0,33,0,0,0,0,1,0,0,,0.0,5.0,1e+20,5,0.005,0.0002,0.0,0.0009,0.0,0.0,0.0,0.0018,0.0082
schedule-probschedule-5-2,0,True,1,5,19,36,0,30,0,0,0,0,1,0,0,,0.0,5.0,1e+20,5,0.0051,0.0001,0.0,0.0011,0.0,0.0,0.0,0.0017,0.0083
schedule-probschedule-50-0,0,True,5,36,178,322,0,270,0,0,0,0,1,0,0,,0.0,47.0,1e+20,47,0.0171,0.0037,0.0,0.0011,0.0,0.0,0.0,0.0022,0.0245
schedule-probschedule-50-1,0,True,3,41,167,308,0,257,0,0,0,0,1,0,0,,0.0,48.0,1e+20,48,0.0177,0.0037,0.0,0.001,0.0,0.0,0.0,0.0021,0.0249
schedule-probschedule-50-2,0,True,6,41,181,330,0,275,0,0,0,0,1,0,0,,0.0,49.0,1e+20,49,0.018,0.0038,0.0,0.0013,0.0,0.0,0.0,0.0021,0.0255
schedule-probschedule-51-0,0,True,7,43,185,339,0,283,0,0,0,0,1,0,0,,0.0,49.0,1e+20,49,0.0169,0.0039,0.0,0.0013,0.0,0.0,0.0,0.0021,0.0245
schedule-probschedule-51-1,0,True,13,51,197,359,0,299,0,0,0,0,1,0,0,,0.0,47.0,1e+20,47,0.0167,0.0041,0.0,0.002,0.0,0.0,0.0,0.0023,0.0255
schedule-probschedule-51-2,0,True,8,46,184,339,0,283,0,0,0,0,1,0,0,,0.0,48.0,1e+20,48,0.0178,0.004,0.0,0.001,0.0,0.0,0.0,0.0022,0.0253
schedule-probschedule-6-0,0,True,1,5,23,43,0,36,0,0,0,0,1,0,0,,0.0,6.0,1e+20,6,0.0232,0.0002,0.0,0.0012,0.0,0.0,0.0,0.0018,0.0267
schedule-probschedule-6-1,0,True,1,6,22,42,0,35,0,0,0,0,1,0,0,,0.0,6.0,1e+20,6,0.0057,0.0002,0.0,0.0011,0.0,0.0,0.0,0.0018,0.0091
schedule-probschedule-6-2,0,True,2,6,22,41,0,35,0,0,0,0,1,0,0,,0.0,4.0,1e+20,4,0.0059,0.0002,0.0,0.0011,0.0,0.0,0.0,0.0019,0.0094
schedule-probschedule-7-0,0,True,2,7,27,51,0,43,0,0,0,0,1,0,0,,0.0,6.0,1e+20,6,0.0071,0.0002,0.0,0.0014,0.0,0.0,0.0,0.0019,0.0109
schedule-probschedule-7-1,0,True,1,7,25,48,0,40,0,0,0,0,1,0,0,,0.0,7.0,1e+20,7,0.0053,0.0002,0.0,0.0012,0.0,0.0,0.0,0.0019,0.009
schedule-probschedule-7-2,0,True,0,6,22,43,0,36,0,0,0,0,1,0,0,,0.0,7.0,1e+20,7,0.006,0.0002,0.0,0.0012,0.0,0.0,0.0,0.0018,0.0096
schedule-probschedule-8-0,0,True,1,7,29,56,0,47,0,0,0,0,1,0,0,,0.0,8.0,1e+20,8,0.0055,0.0002,0.0,0.0012,0.0,0.0,0.0,0.0019,0.0092
schedule-probschedule-8-1,0,True,1,6,30,56,0,47,0,0,0,0,1,0,0,,0.0,8.0,1e+20,8,0.0052,0.0002,0.0,0.0011,0.0,0.0,0.0,0.0019,0.0088
schedule-probschedule-8-2,0,True,0,6,26,50,0,42,0,0,0,0,1,0,0,,0.0,8.0,1e+20,8,0.006,0.0002,0.0,0.001,0.0,0.0,0.0,0.0018,0.0094
schedule-probschedule-9-0,0,True,0,8,28,55,0,46,0,0,0,0,1,0,0,,0.0,9.0,1e+20,9,0.0061,0.0003,0.0,0.0012,0.0,0.0,0.0,0.0017,0.0096
schedule-probschedule-9-1,0,True,1,7,31,59,0,50,0,0,0,0,1,0,0,,0.0,8.0,1e+20,8,0.0062,0.0003,0.0,0.0011,0.0,0.0,0.0,0.0018,0.0098
schedule-probschedule-9-2,0,True,0,5,31,59,0,50,0,0,0,0,1,0,0,,0.0,9.0,1e+20,9,0.0061,0.0003,0.0,0.0009,0.0,0.0,0.0,0.0018,0.0095
snake-opt18-strips-p01,2,True,139,5912,16828,22900,0,28208,0,0,3446,0,1295,0,7900,,0.0,7.0,1e+20,12,0.046,0.0635,0.0,0.0199,0.0,0.3479,0.0,899.8841,900.0683
snake-opt18-strips-p02,2,True,148,6356,18621,25145,0,30919,0,0,3997,0,1040,0,2564,,0.0,7.0,1e+20,6354,0.0466,0.0842,0.0,0.0199,0.0,0.2943,0.0,899.869,900.0233
snake-opt18-strips-p03,2,True,152,6340,18601,25116,0,31128,0,0,2458,0,1049,0,5789,,0.0,7.0,1e+20,11,0.0529,0.0729,0.0,0.0208,0.0,0.2955,0.0,899.9123,900.0938
snake-opt18-strips-p04,0,True,126,5891,16277,22314,0,27108,0,0,5379,0,1084,0,4058,,0.0,9.0,1e+20,9,0.0419,0.0579,0.0,0.0192,0.0,0.3089,0.0,745.6634,745.7834
snake-opt18-strips-p05,0,True,130,5756,16010,21919,0,26831,0,0,13,0,12,0,0,,0.0,6.0,1e+20,6,0.0597,0.0587,0.0,0.0176,0.0,0.0078,0.0,0.8646,1.0016
snake-opt18-strips-p06,2,True,176,9446,27281,36923,0,45013,0,0,291,0,118,0,926,,0.0,7.0,1e+20,10,0.0674,0.1226,0.0,0.031,0.0,0.0548,0.0,899.8016,900.0262
snake-opt18-strips-p07,2,True,184,9703,28598,38505,0,47062,0,0,512,0,199,0,2644,,0.0,7.0,1e+20,9,0.071,0.1358,0.0,0.0331,0.0,0.0838,0.0,899.7994,900.0436
snake-opt18-strips-p08,2,True,196,10117,30456,40786,0,50113,0,0,1920,0,448,0,1331,,0.0,6.0,1e+20,55,0.0924,0.171,0.0,0.0361,0.0,0.1907,0.0,899.7257,900.0287
snake-opt18-strips-p09,2,True,158,8920,25231,34329,0,41508,0,0,1648,0,248,0,1244,,0.0,9.0,1e+20,59,0.0631,0.1051,0.0,0.0319,0.0,0.1036,0.0,899.8344,900.0369
snake-opt18-strips-p10,2,True,166,9269,26422,35877,0,43424,0,0,1573,0,321,0,1256,,0.0,7.0,1e+20,107,0.0634,0.126,0.0,0.0304,0.0,0.1325,0.0,899.7958,900.0177
snake-opt18-strips-p11,2,True,206,14084,40620,54930,0,66182,0,0,209,0,48,0,61,,0.0,9.0,1e+20,131,0.0994,0.2337,0.0,0.0487,0.0,0.0465,0.0,899.6854,900.0703
snake-opt18-strips-p12,2,True,218,14218,41632,56088,0,68075,0,0,261,0,60,0,245,,0.0,7.0,1e+20,139,0.1055,0.2544,0.0,0.052,0.0,0.0546,0.0,899.6471,900.0635
snake-opt18-strips-p13,2,True,228,14837,43902,58987,0,71811,0,0,450,0,105,0,146,,0.0,7.0,1e+20,143,0.1115,0.2385,0.0,0.0555,0.0,0.0774,0.0,899.7429,900.1527
snake-opt18-strips-p14,2,True,238,15069,45462,60792,0,74545,0,0,308,0,64,0,162,,0.0,11.0,1e+20,79,0.1238,0.24,0.0,0.0591,0.0,0.0526,0.0,899.6365,900.0637
snake-opt18-strips-p15,0,True,196,13622,38855,52693,0,63422,0,0,20,0,9,0,0,,0.0,7.0,1e+20,7,0.0936,0.2073,0.0,0.0509,0.0,0.0226,0.0,9.6535,10.0091
snake-opt18-strips-p16,2,True,246,19471,56383,76123,0,91888,0,0,114,0,27,0,42,,0.0,10.0,1e+20,96,0.1671,0.3347,0.0,0.0749,0.0,0.0496,0.0,899.4884,900.0689
snake-opt18-strips-p17,2,True,260,20392,60025,80697,0,97542,0,0,331,0,63,0,109,,0.0,9.0,1e+20,86,0.1554,0.3533,0.0,0.0798,0.0,0.08,0.0,899.477,900.0694
snake-opt18-strips-p18,2,True,274,21201,63523,85015,0,102924,0,0,197,0,44,0,86,,0.0,7.0,1e+20,21201,0.191,0.4716,0.0,0.0887,0.0,0.0667,0.0,899.3032,900.0689
snake-opt18-strips-p19,2,True,286,21710,65694,87710,0,106981,0,0,79,0,22,0,19,,0.0,8.0,1e+20,92,0.1959,0.3947,0.0,0.0924,0.0,0.0506,0.0,899.3796,900.0668
snake-opt18-strips-p20,2,True,234,19439,55730,75423,0,90467,0,0,489,0,229,0,2167,,0.0,8.0,1e+20,9,0.1553,0.328,0.0,0.0814,0.0,0.1967,0.0,899.5204,900.0895
snake-sat18-strips-p01,2,True,206,13963,40280,54469,0,65674,0,0,216,0,43,0,78,,0.0,9.0,1e+20,124,0.1111,0.1941,0.0,0.0488,0.0,0.0407,0.0,899.6881,900.0457
snake-sat18-strips-p02,2,True,218,14353,42130,56721,0,68791,0,0,778,0,177,0,368,,0.0,7.0,1e+20,14350,0.1232,0.2394,0.0,0.0527,0.0,0.116,0.0,899.6293,900.0501
snake-sat18-strips-p03,2,True,230,14830,44107,59184,0,72061,0,0,294,0,58,0,163,,0.0,8.0,1e+20,90,0.1321,0.2673,0.0,0.0561,0.0,0.0507,0.0,899.5839,900.0448
snake-sat18-strips-p04,2,True,240,15387,46402,62049,0,75905,0,0,260,0,58,0,118,,0.0,8.0,1e+20,96,0.1382,0.2645,0.0,0.0603,0.0,0.0513,0.0,899.5759,900.0423
snake-sat18-strips-p05,2,True,196,13612,38623,52451,0,63179,0,0,703,0,126,0,332,,0.0,9.0,1e+20,129,0.1123,0.2143,0.0,0.046,0.0,0.0834,0.0,899.6615,900.0376
snake-sat18-strips-p06,2,True,280,27444,79760,107504,0,128454,0,0,303,0,56,0,52,,0.0,10.0,1e+20,27444,0.2257,0.5351,0.0,0.1636,0.0,0.124,0.0,899.1445,900.0823
snake-sat18-strips-p07,2,True,292,27512,79995,107822,0,129691,0,0,216,0,35,0,40,,0.0,10.0,1e+20,27512,0.2375,0.5734,0.0,0.1357,0.0,0.0923,0.0,899.1266,900.0858
snake-sat18-strips-p08,2,True,310,28812,85174,114316,0,137738,0,0,383,0,140,0,176,,0.0,7.0,1e+20,28812,0.2503,0.6439,0.0,0.1473,0.0,0.2109,0.0,899.037,900.0919
snake-sat18-strips-p09,2,True,326,29514,88542,118399,0,143315,0,0,58,0,19,0,14,,0.0,8.0,1e+20,29514,0.2684,0.7315,0.0,0.1893,0.0,0.0822,0.0,898.9177,900.1191
snake-sat18-strips-p10,2,True,338,30553,92822,123733,0,150174,0,0,100,0,24,0,18,,0.0,10.0,1e+20,30553,0.2871,0.7775,0.0,0.2059,0.0,0.0884,0.0,898.8054,900.0903
snake-sat18-strips-p11,2,True,378,49258,144070,193726,0,230925,0,0,137,0,47,0,39,,0.0,8.0,1e+20,49258,0.4358,1.4858,0.0,0.3536,0.0,0.2787,0.0,897.8356,900.1428
snake-sat18-strips-p12,2,True,398,50658,149469,200545,0,239835,0,0,77,0,18,0,6,,0.0,9.0,1e+20,50658,0.4642,1.4019,0.0,0.3269,0.0,0.1882,0.0,898.0904,900.3129
snake-sat18-strips-p13,2,True,416,51540,154046,206022,0,247098,0,0,20,0,8,0,0,,0.0,9.0,1e+20,321,0.5036,1.7008,0.0,0.3475,0.0,0.1891,0.0,897.5213,900.0927
snake-sat18-strips-p14,2,True,438,53433,161546,215434,0,259270,0,0,35,0,10,0,0,,0.0,8.0,1e+20,53433,0.5466,1.9067,0.0,0.33,0.0,0.1908,0.0,897.2953,900.1068
snake-sat18-strips-p15,2,True,456,55455,169866,225797,0,272588,0,0,69,0,20,0,9,,0.0,9.0,1e+20,55455,0.5893,1.8144,0.0,0.3575,0.0,0.2278,0.0,897.3916,900.1887
snake-sat18-strips-p16,2,True,490,82180,242056,324746,0,385644,0,0,69,0,15,0,1,,0.0,11.0,1e+20,82180,0.8169,3.0528,0.0,0.8134,0.0,0.452,0.0,895.4773,900.2064
snake-sat18-strips-p17,2,True,514,83670,248260,332464,0,396476,0,0,37,0,13,0,0,,0.0,10.0,1e+20,126,0.8688,4.3928,0.0,0.7159,0.0,0.6549,0.0,894.1575,900.1493
snake-sat18-strips-p18,2,True,538,85556,256749,342863,0,410444,0,0,54,0,12,0,0,,0.0,9.0,1e+20,85556,0.9303,3.3405,0.0,0.777,0.0,0.459,0.0,895.2284,900.3265
snake-sat18-strips-p19,2,True,562,88245,267614,356441,0,428218,0,0,44,0,8,0,0,,0.0,10.0,1e+20,88245,1.0103,3.5378,0.0,0.8098,0.0,0.4583,0.0,894.7757,900.1876
snake-sat18-strips-p20,2,True,584,90765,278204,369576,0,445509,0,0,25,0,6,0,0,,0.0,10.0,1e+20,90765,1.0951,3.7557,0.0,0.9148,0.0,0.3862,0.0,894.3262,900.1486
sokoban-opt08-strips-p01,0,False,24,69,138,270,0,343,0,0,5,0,5,0,0,,0.0,10.0,1e+20,10,0.0226,0.0005,0.0,0.0013,0.0,0.0002,0.0,0.0077,0.0326
sokoban-opt08-strips-p02,0,False,25,57,103,207,0,271,0,0,0,0,4,0,0,,0.0,9.0,1e+20,9,0.0221,0.0004,0.0,0.0012,0.0,0.0001,0.0,0.0072,0.0313
sokoban-opt08-strips-p03,0,False,21,41,73,154,0,195,0,0,0,0,5,0,0,,0.0,3.0,1e+20,3,0.0231,0.0003,0.0,0.0015,0.0,0.0001,0.0,0.005,0.0303
sokoban-opt08-strips-p04,0,False,43,118,236,457,0,630,0,0,121,0,47,0,0,,0.0,25.0,1e+20,25,0.0229,0.0012,0.0,0.0014,0.0,0.0033,0.0,0.0435,0.0695
sokoban-opt08-strips-p05,0,False,283,762,1476,2538,0,3704,0,0,79,0,22,0,0,,0.0,8.0,1e+20,8,0.0291,0.0132,0.0,0.0036,0.0,0.0021,0.0,0.126,0.1728
sokoban-opt08-strips-p06,0,False,31,60,96,201,0,264,0,0,0,0,5,0,0,,0.0,2.0,1e+20,2,0.0222,0.0005,0.0,0.0017,0.0,0.0001,0.0,0.0058,0.0305
sokoban-opt08-strips-p07,0,False,89,167,274,553,0,707,0,0,23,0,14,0,0,,0.0,7.0,1e+20,7,0.0241,0.0018,0.0,0.0017,0.0,0.0007,0.0,0.0328,0.0609
sokoban-opt08-strips-p08,0,False,59,141,256,485,0,677,0,0,50,0,32,0,0,,0.0,13.0,1e+20,13,0.007,0.0015,0.0,0.0012,0.0,0.0015,0.0,0.038,0.0483
sokoban-opt08-strips-p09,0,False,58,95,159,344,0,457,0,0,2,0,7,0,0,,0.0,5.0,1e+20,5,0.0064,0.0014,0.0,0.0011,0.0,0.0002,0.0,0.0184,0.0278
sokoban-opt08-strips-p10,0,False,47,108,195,388,0,534,0,0,14,0,14,0,0,,0.0,10.0,1e+20,10,0.0073,0.0012,0.0,0.0022,0.0,0.0005,0.0,0.0213,0.0323
sokoban-opt08-strips-p11,0,False,79,172,300,611,0,794,0,0,45,0,18,0,0,,0.0,16.0,1e+20,16,0.0065,0.002,0.0,0.0015,0.0,0.0012,0.0,0.0299,0.0404
sokoban-opt08-strips-p12,0,False,88,159,307,586,0,796,0,0,9,0,10,0,0,,0.0,8.0,1e+20,8,0.0065,0.0021,0.0,0.0014,0.0,0.0004,0.0,0.0236,0.034
sokoban-opt08-strips-p13,0,False,80,152,296,553,0,757,0,0,28,0,9,0,0,,0.0,4.0,1e+20,4,0.0059,0.0016,0.0,0.0013,0.0,0.0004,0.0,0.0365,0.0458
sokoban-opt08-strips-p14,0,False,69,143,248,476,0,632,0,0,43,0,94,0,0,,0.0,11.0,1e+20,11,0.0065,0.0012,0.0,0.0013,0.0,0.001,0.0,0.103,0.1125
sokoban-opt08-strips-p15,0,False,68,245,537,964,0,1381,0,0,62,0,23,0,0,,0.0,57.0,1e+20,57,0.0074,0.0036,0.0,0.0016,0.0,0.0028,0.0,0.0508,0.0639
sokoban-opt08-strips-p16,0,False,88,151,228,510,0,648,0,0,97,0,77,0,57,,0.0,16.0,1e+20,16,0.0065,0.0019,0.0,0.0014,0.0,0.0041,0.0,0.0575,0.0678
sokoban-opt08-strips-p17,0,False,48,76,134,278,0,360,0,0,13,0,11,0,0,,0.0,6.0,1e+20,6,0.0056,0.0009,0.0,0.001,0.0,0.0003,0.0,0.0197,0.0277
sokoban-opt08-strips-p18,0,False,93,182,307,636,0,839,0,0,36,0,15,0,0,,0.0,29.0,1e+20,29,0.0092,0.0027,0.0,0.0016,0.0,0.0011,0.0,0.0288,0.0428
sokoban-opt08-strips-p19,0,False,80,211,410,750,0,1057,0,0,32,0,17,0,0,,0.0,27.0,1e+20,27,0.0071,0.0024,0.0,0.0018,0.0,0.0012,0.0,0.0441,0.0559
sokoban-opt08-strips-p20,0,False,225,440,466,1142,0,1172,0,0,19,0,22,0,0,,0.0,2.0,1e+20,2,0.0089,0.0062,0.0,0.0016,0.0,0.0009,0.0,0.0404,0.058
sokoban-opt08-strips-p21,0,False,386,1008,1892,3290,0,4922,0,0,40,0,16,0,0,,0.0,2.0,1e+20,2,0.014,0.023,0.0,0.0047,0.0,0.0016,0.0,0.135,0.1772
sokoban-opt08-strips-p22,0,False,83,212,386,739,0,1010,0,0,30,0,12,0,0,,0.0,30.0,1e+20,30,0.0072,0.003,0.0,0.0015,0.0,0.0009,0.0,0.046,0.0582
sokoban-opt08-strips-p23,0,False,83,220,485,827,0,1222,0,0,18,0,13,0,0,,0.0,15.0,1e+20,15,0.0069,0.0024,0.0,0.0018,0.0,0.0007,0.0,0.0381,0.0497
sokoban-opt08-strips-p24,0,False,131,201,362,729,0,1023,0,0,20,0,13,0,0,,0.0,14.0,1e+20,14,0.0075,0.0032,0.0,0.0014,0.0,0.0007,0.0,0.0444,0.057
sokoban-opt08-strips-p25,0,False,109,206,385,754,0,1039,0,0,76,0,56,0,0,,0.0,25.0,1e+20,25,0.0071,0.0034,0.0,0.0014,0.0,0.0041,0.0,0.0436,0.0559
sokoban-opt08-strips-p26,0,False,121,256,488,901,0,1288,0,0,202,0,157,0,417,,0.0,23.0,1e+20,23,0.008,0.0037,0.0,0.0017,0.0,0.0108,0.0,0.1293,0.1432
sokoban-opt08-strips-p27,0,False,203,311,524,1066,0,1551,0,0,38,0,28,0,0,,0.0,11.0,1e+20,11,0.0088,0.0061,0.0,0.0018,0.0,0.0015,0.0,0.0623,0.0795
sokoban-opt08-strips-p28,0,False,148,234,405,817,0,1131,0,0,101,0,57,0,149,,0.0,18.0,1e+20,18,0.0075,0.0036,0.0,0.0015,0.0,0.0034,0.0,0.0877,0.101
sokoban-opt08-strips-p29,0,False,455,1078,1901,3459,0,5089,0,0,320,0,130,0,27976,,0.0,15.0,1e+20,15,0.0194,0.0334,0.0,0.005,0.0,0.0161,0.0,10.8411,10.8998
sokoban-opt08-strips-p30,0,False,476,1352,2848,4701,0,7341,0,0,8,0,7,0,0,,0.0,12.0,1e+20,12,0.0203,0.039,0.0,0.0072,0.0,0.0015,0.0,0.1491,0.2163
sokoban-opt11-strips-p01,0,False,31,60,96,201,0,264,0,0,0,0,5,0,0,,0.0,2.0,1e+20,2,0.0061,0.0005,0.0,0.0013,0.0,0.0001,0.0,0.0058,0.0141
sokoban-opt11-strips-p02,0,False,48,76,134,278,0,360,0,0,13,0,11,0,0,,0.0,6.0,1e+20,6,0.0072,0.0009,0.0,0.0018,0.0,0.0003,0.0,0.0199,0.0303
sokoban-opt11-strips-p03,0,False,69,143,248,476,0,632,0,0,43,0,94,0,0,,0.0,11.0,1e+20,11,0.0065,0.0012,0.0,0.0014,0.0,0.001,0.0,0.1031,0.1128
sokoban-opt11-strips-p04,0,False,43,118,236,457,0,630,0,0,121,0,47,0,0,,0.0,25.0,1e+20,25,0.006,0.0012,0.0,0.0012,0.0,0.0033,0.0,0.0436,0.0526
sokoban-opt11-strips-p05,0,False,88,151,228,510,0,648,0,0,97,0,77,0,57,,0.0,16.0,1e+20,16,0.0068,0.0019,0.0,0.0016,0.0,0.0041,0.0,0.0574,0.0682
sokoban-opt11-strips-p06,0,False,79,172,300,611,0,794,0,0,45,0,18,0,0,,0.0,16.0,1e+20,16,0.0059,0.002,0.0,0.002,0.0,0.0012,0.0,0.0298,0.0402
sokoban-opt11-strips-p07,0,False,47,108,195,388,0,534,0,0,14,0,14,0,0,,0.0,10.0,1e+20,10,0.0062,0.0011,0.0,0.0013,0.0,0.0005,0.0,0.0213,0.0304
sokoban-opt11-strips-p08,0,False,58,95,159,344,0,457,0,0,2,0,7,0,0,,0.0,5.0,1e+20,5,0.0068,0.0014,0.0,0.0011,0.0,0.0002,0.0,0.0184,0.0281
sokoban-opt11-strips-p09,0,False,89,167,274,553,0,707,0,0,23,0,14,0,0,,0.0,7.0,1e+20,7,0.0071,0.0018,0.0,0.0016,0.0,0.0006,0.0,0.0327,0.0437
sokoban-opt11-strips-p10,0,False,283,762,1476,2538,0,3704,0,0,79,0,22,0,0,,0.0,8.0,1e+20,8,0.0129,0.0131,0.0,0.0038,0.0,0.0021,0.0,0.1247,0.1552
sokoban-opt11-strips-p11,0,False,80,152,296,553,0,757,0,0,28,0,9,0,0,,0.0,4.0,1e+20,4,0.0058,0.0016,0.0,0.0016,0.0,0.0004,0.0,0.0366,0.046
sokoban-opt11-strips-p12,0,False,225,440,466,1142,0,1172,0,0,19,0,22,0,0,,0.0,2.0,1e+20,2,0.0094,0.0061,0.0,0.002,0.0,0.0009,0.0,0.0405,0.0589
sokoban-opt11-strips-p13,0,False,59,141,256,485,0,677,0,0,50,0,32,0,0,,0.0,13.0,1e+20,13,0.0073,0.0016,0.0,0.004,0.0,0.0015,0.0,0.038,0.0514
sokoban-opt11-strips-p14,0,False,88,159,307,586,0,796,0,0,9,0,10,0,0,,0.0,8.0,1e+20,8,0.0068,0.0021,0.0,0.0048,0.0,0.0004,0.0,0.024,0.0382
sokoban-opt11-strips-p15,0,False,93,182,307,636,0,839,0,0,36,0,15,0,0,,0.0,29.0,1e+20,29,0.0074,0.0027,0.0,0.0018,0.0,0.0011,0.0,0.0289,0.0414
sokoban-opt11-strips-p16,0,False,68,245,537,964,0,1381,0,0,62,0,23,0,0,,0.0,57.0,1e+20,57,0.0073,0.0035,0.0,0.0017,0.0,0.0027,0.0,0.0511,0.0643
sokoban-opt11-strips-p17,0,False,80,211,410,750,0,1057,0,0,32,0,17,0,0,,0.0,27.0,1e+20,27,0.0064,0.0024,0.0,0.0034,0.0,0.0012,0.0,0.0439,0.0566
sokoban-opt11-strips-p18,0,False,386,1008,1892,3290,0,4922,0,0,40,0,16,0,0,,0.0,2.0,1e+20,2,0.0149,0.023,0.0,0.0105,0.0,0.0016,0.0,0.1356,0.1846
sokoban-opt11-strips-p19,0,False,83,212,386,739,0,1010,0,0,30,0,12,0,0,,0.0,30.0,1e+20,30,0.0076,0.0029,0.0,0.0017,0.0,0.001,0.0,0.0461,0.0589
sokoban-opt11-strips-p20,0,False,83,220,485,827,0,1222,0,0,18,0,13,0,0,,0.0,15.0,1e+20,15,0.0083,0.0024,0.0,0.002,0.0,0.0007,0.0,0.0382,0.0514
sokoban-sat08-strips-p01,0,False,25,57,103,207,0,271,0,0,0,0,4,0,0,,0.0,9.0,1e+20,9,0.0052,0.0004,0.0,0.0016,0.0,0.0001,0.0,0.0072,0.0148
sokoban-sat08-strips-p02,0,False,43,118,236,457,0,630,0,0,121,0,47,0,0,,0.0,25.0,1e+20,25,0.0062,0.0012,0.0,0.0013,0.0,0.0032,0.0,0.0437,0.053
sokoban-sat08-strips-p03,0,False,31,60,96,201,0,264,0,0,0,0,5,0,0,,0.0,2.0,1e+20,2,0.0062,0.0005,0.0,0.0014,0.0,0.0001,0.0,0.0059,0.0144
sokoban-sat08-strips-p04,0,False,59,141,256,485,0,677,0,0,50,0,32,0,0,,0.0,13.0,1e+20,13,0.0066,0.0016,0.0,0.0015,0.0,0.0015,0.0,0.0379,0.048
sokoban-sat08-strips-p05,0,False,47,108,195,388,0,534,0,0,14,0,14,0,0,,0.0,10.0,1e+20,10,0.0063,0.0011,0.0,0.0012,0.0,0.0005,0.0,0.0215,0.0305
sokoban-sat08-strips-p06,0,False,88,159,307,586,0,796,0,0,9,0,10,0,0,,0.0,8.0,1e+20,8,0.0067,0.0021,0.0,0.0013,0.0,0.0004,0.0,0.0236,0.0341
sokoban-sat08-strips-p07,0,False,69,143,248,476,0,632,0,0,43,0,94,0,0,,0.0,11.0,1e+20,11,0.0057,0.0012,0.0,0.0015,0.0,0.001,0.0,0.1034,0.1123
sokoban-sat08-strips-p08,0,False,88,151,228,510,0,648,0,0,97,0,77,0,57,,0.0,16.0,1e+20,16,0.0064,0.0019,0.0,0.0015,0.0,0.0041,0.0,0.0571,0.0675
sokoban-sat08-strips-p09,0,False,93,182,307,636,0,839,0,0,36,0,15,0,0,,0.0,29.0,1e+20,29,0.0082,0.0027,0.0,0.0018,0.0,0.0011,0.0,0.0287,0.0419
sokoban-sat08-strips-p10,0,False,225,440,466,1142,0,1172,0,0,19,0,22,0,0,,0.0,2.0,1e+20,2,0.0112,0.0062,0.0,0.0021,0.0,0.0009,0.0,0.0404,0.0608
sokoban-sat08-strips-p11,0,False,386,1008,1892,3290,0,4922,0,0,40,0,16,0,0,,0.0,2.0,1e+20,2,0.0147,0.023,0.0,0.0047,0.0,0.0016,0.0,0.1352,0.1782
sokoban-sat08-strips-p12,0,False,83,212,386,739,0,1010,0,0,30,0,12,0,0,,0.0,30.0,1e+20,30,0.0073,0.0029,0.0,0.0017,0.0,0.001,0.0,0.0461,0.0585
sokoban-sat08-strips-p13,0,False,83,220,485,827,0,1222,0,0,18,0,13,0,0,,0.0,15.0,1e+20,15,0.007,0.0024,0.0,0.0017,0.0,0.0007,0.0,0.0383,0.0499
sokoban-sat08-strips-p14,0,False,131,201,362,729,0,1023,0,0,20,0,13,0,0,,0.0,14.0,1e+20,14,0.0067,0.0032,0.0,0.0015,0.0,0.0007,0.0,0.0443,0.0562
sokoban-sat08-strips-p15,0,False,109,206,385,754,0,1039,0,0,76,0,56,0,0,,0.0,25.0,1e+20,25,0.0077,0.0034,0.0,0.0015,0.0,0.0041,0.0,0.0437,0.0567
sokoban-sat08-strips-p16,0,False,121,256,488,901,0,1288,0,0,202,0,157,0,417,,0.0,23.0,1e+20,23,0.0078,0.0037,0.0,0.0019,0.0,0.0107,0.0,0.129,0.1429
sokoban-sat08-strips-p17,0,False,203,311,524,1066,0,1551,0,0,38,0,28,0,0,,0.0,11.0,1e+20,11,0.0097,0.0061,0.0,0.002,0.0,0.0015,0.0,0.0627,0.081
sokoban-sat08-strips-p18,0,False,148,234,405,817,0,1131,0,0,101,0,57,0,149,,0.0,18.0,1e+20,18,0.0075,0.0037,0.0,0.0019,0.0,0.0034,0.0,0.088,0.1017
sokoban-sat08-strips-p19,0,False,455,1078,1901,3459,0,5089,0,0,320,0,130,0,27976,,0.0,15.0,1e+20,15,0.0192,0.0343,0.0,0.0051,0.0,0.0163,0.0,10.8074,10.8667
sokoban-sat08-strips-p20,0,False,476,1352,2848,4701,0,7341,0,0,8,0,7,0,0,,0.0,12.0,1e+20,12,0.0208,0.0399,0.0,0.007,0.0,0.0014,0.0,0.1492,0.2177
sokoban-sat08-strips-p21,0,False,135,272,452,897,0,1205,0,0,109,0,55,0,0,,0.0,29.0,1e+20,29,0.0087,0.0039,0.0,0.0028,0.0,0.0039,0.0,0.1314,0.1473
sokoban-sat08-strips-p22,0,False,142,241,445,871,0,1218,0,0,95,0,52,0,0,,0.0,21.0,1e+20,21,0.008,0.004,0.0,0.0018,0.0,0.0034,0.0,0.0614,0.0757
sokoban-sat08-strips-p23,0,False,128,246,438,862,0,1155,0,0,21,0,13,0,0,,0.0,30.0,1e+20,30,0.0071,0.0037,0.0,0.0018,0.0,0.0009,0.0,0.0319,0.045
sokoban-sat08-strips-p24,0,False,124,201,345,723,0,978,0,0,93,0,62,0,78,,0.0,22.0,1e+20,22,0.007,0.0036,0.0,0.0018,0.0,0.0038,0.0,0.0553,0.0682
sokoban-sat08-strips-p25,0,False,142,220,347,746,0,1041,0,0,60,0,31,0,0,,0.0,15.0,1e+20,15,0.0083,0.0039,0.0,0.0018,0.0,0.0015,0.0,0.073,0.0876
sokoban-sat08-strips-p26,0,False,154,308,584,1109,0,1534,0,0,69,0,37,0,0,,0.0,32.0,1e+20,32,0.0091,0.0057,0.0,0.0019,0.0,0.0034,0.0,0.0728,0.09
sokoban-sat08-strips-p27,0,False,298,708,1306,2357,0,3407,0,0,23,0,9,0,0,,0.0,8.0,1e+20,8,0.0133,0.0164,0.0,0.0032,0.0,0.001,0.0,0.0835,0.117
sokoban-sat08-strips-p28,0,False,137,371,774,1424,0,2000,0,0,54,0,17,0,0,,0.0,76.0,1e+20,76,0.0086,0.0073,0.0,0.0023,0.0,0.0025,0.0,0.0651,0.084
sokoban-sat08-strips-p29,0,False,123,218,454,853,0,1193,0,0,71,0,28,0,0,,0.0,22.0,1e+20,22,0.007,0.0038,0.0,0.0016,0.0,0.002,0.0,0.0587,0.0716
sokoban-sat08-strips-p30,0,False,72,243,495,925,0,1265,0,0,36,0,13,0,0,,0.0,53.0,1e+20,53,0.0084,0.0037,0.0,0.0017,0.0,0.0014,0.0,0.0336,0.0479
sokoban-sat11-strips-p01,0,False,142,220,347,746,0,1041,0,0,60,0,31,0,0,,0.0,15.0,1e+20,15,0.0083,0.004,0.0,0.0017,0.0,0.0015,0.0,0.0732,0.0877
sokoban-sat11-strips-p02,0,False,88,151,228,510,0,648,0,0,97,0,77,0,57,,0.0,16.0,1e+20,16,0.0067,0.0019,0.0,0.0014,0.0,0.0041,0.0,0.0583,0.0689
sokoban-sat11-strips-p03,0,False,203,311,524,1066,0,1551,0,0,38,0,28,0,0,,0.0,11.0,1e+20,11,0.01,0.0061,0.0,0.0019,0.0,0.0015,0.0,0.0628,0.0813
sokoban-sat11-strips-p04,0,False,121,256,488,901,0,1288,0,0,202,0,157,0,417,,0.0,23.0,1e+20,23,0.0076,0.0037,0.0,0.0016,0.0,0.0107,0.0,0.1291,0.1424
sokoban-sat11-strips-p05,0,False,131,201,362,729,0,1023,0,0,20,0,13,0,0,,0.0,14.0,1e+20,14,0.0069,0.0032,0.0,0.0018,0.0,0.0007,0.0,0.0443,0.0567
sokoban-sat11-strips-p06,0,False,83,212,386,739,0,1010,0,0,30,0,12,0,0,,0.0,30.0,1e+20,30,0.0067,0.0029,0.0,0.0015,0.0,0.0009,0.0,0.046,0.0578
sokoban-sat11-strips-p07,0,False,83,220,485,827,0,1222,0,0,18,0,13,0,0,,0.0,15.0,1e+20,15,0.0062,0.0024,0.0,0.0017,0.0,0.0007,0.0,0.0384,0.0492
sokoban-sat11-strips-p08,0,False,142,241,445,871,0,1218,0,0,95,0,52,0,0,,0.0,21.0,1e+20,21,0.008,0.004,0.0,0.0016,0.0,0.0034,0.0,0.0612,0.0753
sokoban-sat11-strips-p09,0,False,225,440,466,1142,0,1172,0,0,19,0,22,0,0,,0.0,2.0,1e+20,2,0.0106,0.0062,0.0,0.0017,0.0,0.0009,0.0,0.0404,0.0597
sokoban-sat11-strips-p10,0,False,128,246,438,862,0,1155,0,0,21,0,13,0,0,,0.0,30.0,1e+20,30,0.0083,0.0037,0.0,0.0018,0.0,0.0009,0.0,0.0317,0.0458
sokoban-sat11-strips-p11,0,False,137,371,774,1424,0,2000,0,0,54,0,17,0,0,,0.0,76.0,1e+20,76,0.0093,0.0073,0.0,0.0022,0.0,0.0025,0.0,0.0652,0.0846
sokoban-sat11-strips-p12,0,False,148,234,405,817,0,1131,0,0,101,0,57,0,149,,0.0,18.0,1e+20,18,0.0073,0.0037,0.0,0.0016,0.0,0.0035,0.0,0.0874,0.1006
sokoban-sat11-strips-p13,0,False,298,708,1306,2357,0,3407,0,0,23,0,9,0,0,,0.0,8.0,1e+20,8,0.0137,0.0164,0.0,0.0035,0.0,0.001,0.0,0.0835,0.1178
sokoban-sat11-strips-p14,0,False,124,201,345,723,0,978,0,0,93,0,62,0,78,,0.0,22.0,1e+20,22,0.0072,0.0037,0.0,0.0019,0.0,0.0039,0.0,0.0554,0.0687
sokoban-sat11-strips-p15,0,False,72,243,495,925,0,1265,0,0,36,0,13,0,0,,0.0,53.0,1e+20,53,0.0078,0.0037,0.0,0.0016,0.0,0.0015,0.0,0.0338,0.0475
sokoban-sat11-strips-p16,0,False,455,1078,1901,3459,0,5089,0,0,320,0,130,0,27976,,0.0,15.0,1e+20,15,0.0192,0.0331,0.0,0.005,0.0,0.0161,0.0,10.8326,10.8909
sokoban-sat11-strips-p17,0,False,154,308,584,1109,0,1534,0,0,69,0,37,0,0,,0.0,32.0,1e+20,32,0.0088,0.0057,0.0,0.0025,0.0,0.0034,0.0,0.0738,0.0914
sokoban-sat11-strips-p18,0,False,123,218,454,853,0,1193,0,0,71,0,28,0,0,,0.0,22.0,1e+20,22,0.0079,0.0038,0.0,0.0018,0.0,0.002,0.0,0.0588,0.0727
sokoban-sat11-strips-p19,0,False,109,206,385,754,0,1039,0,0,76,0,56,0,0,,0.0,25.0,1e+20,25,0.0069,0.0033,0.0,0.0015,0.0,0.0041,0.0,0.0436,0.0559
sokoban-sat11-strips-p20,0,False,476,1352,2848,4701,0,7341,0,0,8,0,7,0,0,,0.0,12.0,1e+20,12,0.02,0.0398,0.0,0.0071,0.0,0.0014,0.0,0.1494,0.2169
spider-opt18-strips-p01,0,False,171,1050,3075,4397,0,6160,0,0,29,0,11,0,0,,0.0,10.0,1e+20,10,0.0288,0.0441,0.0,0.005,0.0,0.0016,0.0,0.1537,0.2324
spider-opt18-strips-p02,0,False,243,1437,3935,5746,0,8316,0,0,31,0,15,0,0,,0.0,13.0,1e+20,13,0.0435,0.0784,0.0,0.0072,0.0,0.0036,0.0,0.1981,0.3281
spider-opt18-strips-p03,0,False,397,2916,8519,11991,0,16394,0,0,182,0,144,0,0,,0.0,14.0,1e+20,14,0.1082,0.2832,0.0,0.0173,0.0,0.026,0.0,1.3646,1.775
spider-opt18-strips-p04,0,False,485,3543,10037,14258,0,19839,0,0,3486,0,1141,0,2964,,0.0,19.0,1e+20,19,0.1473,0.4677,0.0,0.0228,0.0,0.6702,0.0,20.2041,20.844
spider-opt18-strips-p05,0,False,711,5570,15522,22030,0,31294,0,0,1576,0,430,0,883,,0.0,21.0,1e+20,21,0.3152,0.8622,0.0,0.0408,0.0,0.3953,0.0,14.2899,15.512
spider-opt18-strips-p06,0,False,967,8908,24677,34809,0,48037,0,0,9412,0,2155,0,15919,,0.0,26.0,1e+20,26,0.6299,1.8665,0.0,0.0799,0.0,1.9895,0.0,257.7455,260.3287
spider-opt18-strips-p07,0,False,189,1058,3213,4550,0,6666,0,0,1975,0,1036,0,3598,,0.0,9.0,1e+20,9,0.0288,0.0398,0.0,0.0053,0.0,0.2642,0.0,3.9709,4.0457
spider-opt18-strips-p08,0,False,260,1545,4539,6463,0,9394,0,0,27,0,17,0,0,,0.0,12.0,1e+20,12,0.0428,0.0823,0.0,0.0079,0.0,0.004,0.0,0.3716,0.5056
spider-opt18-strips-p09,0,False,424,2810,8130,11511,0,16897,0,0,1053,0,335,0,4281,,0.0,16.0,1e+20,16,0.106,0.2483,0.0,0.0166,0.0,0.1575,0.0,8.9058,9.2801
spider-opt18-strips-p10,0,False,508,3771,10468,14921,0,20803,0,0,10427,0,2820,0,8765,,0.0,17.0,1e+20,17,0.1452,0.4963,0.0,0.0232,0.0,1.5049,0.0,59.0011,59.6688
spider-opt18-strips-p11,2,False,727,6088,17367,24383,0,33229,0,0,61323,0,15901,0,66263,,0.0,19.0,1e+20,20,0.3218,1.0477,0.0,0.0496,0.0,21.8344,0.0,898.6194,900.1075
spider-opt18-strips-p12,0,False,1005,10481,30761,42477,0,56200,0,0,166,0,21,0,0,,0.0,23.0,1e+20,23,0.6253,2.1235,0.0,0.1007,0.0,0.0496,0.0,6.9333,9.7897
spider-opt18-strips-p13,2,False,1129,11191,32256,44832,0,60754,0,0,36154,0,6711,0,26866,,0.0,25.0,1e+20,26,0.8097,3.1294,0.0,0.1157,0.0,14.4542,0.0,895.9535,900.0578
spider-opt18-strips-p14,0,False,181,1080,3466,4817,0,6810,0,0,1,0,5,0,0,,0.0,6.0,1e+20,6,0.0287,0.0353,0.0,0.006,0.0,0.0007,0.0,0.1021,0.1733
spider-opt18-strips-p15,0,False,258,1287,3658,5324,0,8353,0,0,27,0,933,0,912,,0.0,13.0,1e+20,13,0.043,0.0734,0.0,0.007,0.0,0.0039,0.0,1.3882,1.5125
spider-opt18-strips-p16,0,False,417,3242,9684,13486,0,18578,0,0,8086,0,2333,0,27509,,0.0,11.0,1e+20,11,0.1075,0.2643,0.0,0.0195,0.0,1.3464,0.0,48.7338,49.1269
spider-opt18-strips-p17,0,False,516,3381,9702,13774,0,20422,0,0,120,0,18,0,0,,0.0,19.0,1e+20,19,0.1454,0.3659,0.0,0.0218,0.0,0.0214,0.0,1.1823,1.7176
spider-opt18-strips-p18,2,False,736,6072,17127,24136,0,33851,0,0,34491,0,5478,0,32920,,0.0,20.0,1e+20,27,0.3167,0.9518,0.0,0.0466,0.0,6.6928,0.0,898.7903,900.1748
spider-opt18-strips-p19,0,False,1005,10267,30029,41527,0,55650,0,0,101,0,13,0,0,,0.0,20.0,1e+20,20,0.636,2.229,0.0,0.0959,0.0,0.0316,0.0,8.5421,11.5094
spider-opt18-strips-p20,2,False,1138,10503,29734,41634,0,58493,0,0,25873,0,3772,0,15466,,0.0,28.0,1e+20,155,0.7936,2.8396,0.0,0.1078,0.0,7.1311,0.0,896.31,900.0984
spider-sat18-strips-p01,0,False,712,6267,17955,25155,0,34324,0,0,38,0,13,0,0,,0.0,20.0,1e+20,20,0.3189,0.9928,0.0,0.0495,0.0,0.0142,0.0,1.5828,2.949
spider-sat18-strips-p02,2,False,960,9531,27519,38267,0,50923,0,0,21641,0,4736,0,24245,,0.0,22.0,1e+20,24,0.6383,2.633,0.0,0.0929,0.0,7.5639,0.0,896.702,900.1004
spider-sat18-strips-p03,2,False,1099,9314,25643,36348,0,52170,0,0,36046,0,4991,0,31748,,0.0,29.0,1e+20,30,0.7802,2.7664,0.0,0.0931,0.0,9.3881,0.0,896.54,900.2888
spider-sat18-strips-p04,0,False,1412,15628,42473,59831,0,79719,0,0,24746,0,5326,0,19919,,0.0,29.0,1e+20,29,1.4392,6.0306,0.0,0.1882,0.0,9.4375,0.0,809.955,817.6241
spider-sat18-strips-p05,2,False,1777,21977,59754,83856,0,111348,0,0,15846,0,1515,0,7991,,0.0,30.0,1e+20,307,2.5036,10.9792,0.0,0.3093,0.0,5.9085,0.0,886.2432,900.0982
spider-sat18-strips-p06,2,False,1942,23021,62847,88196,0,118159,0,0,18691,0,1757,0,8346,,0.0,37.0,1e+20,251,2.9749,12.0984,0.0,0.3463,0.0,7.8039,0.0,884.7657,900.2494
spider-sat18-strips-p07,2,False,507,3608,10669,14958,0,20916,0,0,33134,0,6779,0,47489,,0.0,16.25,1e+20,19,0.161,0.383,0.0,0.0238,0.0,6.697,0.0,900.0596,900.6328
spider-sat18-strips-p08,0,False,737,6760,18740,26432,0,35580,0,0,1842,0,402,0,1231,,0.0,19.0,1e+20,19,0.3373,1.0908,0.0,0.0501,0.0,0.3951,0.0,34.1632,35.6449
spider-sat18-strips-p09,2,False,996,10071,29664,40958,0,54356,0,0,30524,0,3112,0,18602,,0.0,22.0,1e+20,28,0.6653,2.354,0.0,0.0978,0.0,5.7451,0.0,896.929,900.13
spider-sat18-strips-p10,2,False,1132,12257,34744,48385,0,64172,0,0,42564,0,7317,0,39332,,0.0,22.0,1e+20,23,0.7991,2.9292,0.0,0.1229,0.0,14.9294,0.0,896.1914,900.1006
spider-sat18-strips-p11,2,False,1453,15760,45636,63135,0,84339,0,0,29767,0,2778,0,11710,,0.0,29.0,1e+20,184,1.4585,6.7625,0.0,0.2085,0.0,8.3976,0.0,891.665,900.1389
spider-sat18-strips-p12,2,False,1818,24712,72329,99170,0,127190,0,0,11822,0,1074,0,3555,,0.0,29.0,1e+20,254,2.5294,11.5214,0.0,0.3931,0.0,4.5895,0.0,885.6467,900.1434
spider-sat18-strips-p13,2,False,1984,23506,67341,93168,0,123917,0,0,7176,0,653,0,1302,,0.0,32.0,1e+20,289,4.9254,13.6749,0.0,0.3949,0.0,4.1157,0.0,881.0467,900.0629
spider-sat18-strips-p14,0,False,513,3726,10928,15341,0,21645,0,0,2425,0,549,0,1253,,0.0,18.0,1e+20,18,0.167,0.4623,0.0,0.0241,0.0,0.3576,0.0,16.7577,17.4135
spider-sat18-strips-p15,0,False,735,6317,17913,25165,0,34418,0,0,121,0,30,0,0,,0.0,19.0,1e+20,19,0.3372,1.083,0.0,0.0483,0.0,0.0213,0.0,3.7038,5.177
spider-sat18-strips-p16,2,False,997,9965,29293,40486,0,54084,0,0,21295,0,3807,0,17366,,0.0,22.0,1e+20,24,0.654,2.3481,0.0,0.0969,0.0,7.2096,0.0,896.9426,900.0709
spider-sat18-strips-p17,2,False,1135,10942,31190,43527,0,60328,0,0,20256,0,3282,0,16110,,0.0,26.0,1e+20,31,0.793,2.8674,0.0,0.1134,0.0,6.9529,0.0,896.2699,900.0809
spider-sat18-strips-p18,2,False,1454,16271,45101,63107,0,83648,0,0,22028,0,2969,0,10279,,0.0,26.0,1e+20,27,1.4586,5.7261,0.0,0.189,0.0,8.1923,0.0,892.7299,900.1545
spider-sat18-strips-p19,2,False,1819,22078,63634,87842,0,116410,0,0,4329,0,632,0,1220,,0.0,28.0,1e+20,252,2.8455,10.3962,0.0,0.3506,0.0,4.2676,0.0,886.4362,900.0505
spider-sat18-strips-p20,2,False,1995,24390,69418,96140,0,127819,0,0,3912,0,412,0,1257,,0.0,33.0,1e+20,264,2.9687,13.4221,0.0,0.4019,0.0,3.1954,0.0,883.2541,900.0661
storage-p01,0,True,0,2,7,17,0,23,0,0,0,0,2,0,0,,0.0,3.0,1e+20,3,0.0255,0.0,0.0,0.0011,0.0,0.0,0.0,0.0009,0.0278
storage-p02,0,True,8,12,20,44,0,57,0,0,0,0,4,0,0,,0.0,3.0,1e+20,3,0.005,0.0001,0.0,0.001,0.0,0.0,0.0,0.0054,0.0121
storage-p03,0,True,16,27,42,89,0,114,0,0,1,0,5,0,0,,0.0,3.0,1e+20,3,0.0049,0.0001,0.0,0.0012,0.0,0.0,0.0,0.0045,0.0111
storage-p04,0,True,2,9,16,38,0,43,0,0,0,0,1,0,0,,0.0,6.0,1e+20,6,0.005,0.0001,0.0,0.0011,0.0,0.0,0.0,0.0018,0.0084
storage-p05,0,True,24,68,105,202,0,244,0,0,1,0,4,0,0,,0.0,6.0,1e+20,6,0.0284,0.0003,0.0,0.0052,0.0,0.0001,0.0,0.0067,0.041
storage-p06,0,True,31,101,153,290,0,352,0,0,0,0,3,0,0,,0.0,6.0,1e+20,6,0.0055,0.0004,0.0,0.0044,0.0,0.0001,0.0,0.0105,0.0212
storage-p07,0,True,4,16,26,60,0,67,0,0,3,0,7,0,0,,0.0,10.0,1e+20,10,0.0059,0.0002,0.0,0.001,0.0,0.0001,0.0,0.0057,0.0132
storage-p08,0,True,44,162,238,451,0,532,0,0,8,0,6,0,0,,0.0,8.0,1e+20,8,0.006,0.0007,0.0,0.0013,0.0,0.0002,0.0,0.0117,0.0202
storage-p09,0,True,53,253,372,685,0,820,0,0,0,0,4,0,0,,0.0,7.0,1e+20,7,0.0067,0.0012,0.0,0.0015,0.0,0.0002,0.0,0.0207,0.0306
storage-p10,0,True,6,24,37,84,0,90,0,0,5,0,9,0,0,,0.0,12.0,1e+20,12,0.0059,0.0004,0.0,0.0013,0.0,0.0002,0.0,0.0068,0.0148
storage-p11,0,True,69,344,501,923,0,1084,0,0,1,0,4,0,0,,0.0,9.0,1e+20,9,0.0092,0.0015,0.0,0.0015,0.0,0.0002,0.0,0.0267,0.0393
storage-p12,0,True,82,478,699,1268,0,1499,0,0,3,0,5,0,0,,0.0,9.0,1e+20,9,0.0104,0.0025,0.0,0.0018,0.0,0.0003,0.0,0.0382,0.0534
storage-p13,0,True,8,21,38,88,0,99,0,0,0,0,1,0,0,,0.0,12.0,1e+20,12,0.0068,0.0005,0.0,0.0012,0.0,0.0,0.0,0.0019,0.0108
storage-p14,0,True,102,262,355,731,0,959,0,0,1,0,4,0,0,,0.0,13.0,1e+20,13,0.0087,0.0023,0.0,0.0017,0.0,0.0002,0.0,0.0218,0.035
storage-p15,0,True,117,383,509,1021,0,1378,0,0,2,0,5,0,0,,0.0,11.0,1e+20,11,0.0093,0.0038,0.0,0.0017,0.0,0.0002,0.0,0.0255,0.0408
storage-p16,0,True,158,714,937,1823,0,2287,0,0,11,0,7,0,0,,0.0,13.0,1e+20,13,0.0137,0.0083,0.0,0.0021,0.0,0.0006,0.0,0.0477,0.0723
storage-p17,0,True,205,979,1280,2480,0,3135,0,0,4,0,4,0,0,,0.0,15.0,1e+20,15,0.0177,0.0128,0.0,0.0027,0.0,0.0006,0.0,0.0765,0.1102
storage-p18,0,True,259,1388,1813,3478,0,4290,0,0,0,0,3,0,0,,0.0,18.0,1e+20,18,0.0208,0.0213,0.0,0.0034,0.0,0.0008,0.0,0.0968,0.143
storage-p19,0,True,317,1385,1742,3465,0,4447,0,0,1,0,4,0,0,,0.0,19.0,1e+20,19,0.0247,0.032,0.0,0.0038,0.0,0.0009,0.0,0.1034,0.1645
storage-p20,0,True,381,1846,2302,4552,0,5779,0,0,19,0,7,0,0,,0.0,22.0,1e+20,22,0.0311,0.0456,0.0,0.005,0.0,0.0019,0.0,0.1076,0.19
storage-p21,0,True,488,2668,3311,6492,0,8476,0,0,3,0,4,0,0,,0.0,24.0,1e+20,24,0.0484,0.0868,0.0,0.0078,0.0,0.0024,0.0,0.2444,0.3881
storage-p22,0,True,567,3753,4648,8995,0,11261,0,0,3,0,4,0,0,,0.0,25.0,1e+20,25,0.0638,0.1345,0.0,0.0108,0.0,0.0035,0.0,0.3183,0.5283
storage-p23,0,True,654,3741,4550,8975,0,11686,0,0,8,0,4,0,0,,0.0,28.0,1e+20,28,0.0824,0.182,0.0,0.0132,0.0,0.004,0.0,0.3382,0.6168
storage-p24,0,True,745,3764,4551,9092,0,12237,0,0,1,0,4,0,0,,0.0,29.0,1e+20,29,0.0897,0.2006,0.0,0.0137,0.0,0.0035,0.0,0.3536,0.6588
storage-p25,0,True,844,4785,5762,11425,0,14962,0,0,9,0,7,0,0,,0.0,33.0,1e+20,33,0.1143,0.2934,0.0,0.018,0.0,0.0065,0.0,0.5966,1.0237
storage-p26,0,True,995,7701,9166,17898,0,22654,0,0,3,0,4,0,0,,0.0,34.0,1e+20,34,0.1989,0.4937,0.0,0.0293,0.0,0.0112,0.0,0.7289,1.4527
storage-p27,0,True,1110,8072,9632,18853,0,24403,0,0,5,0,4,0,0,,0.0,36.0,1e+20,36,0.2268,0.6579,0.0,0.0335,0.0,0.0128,0.0,0.9343,1.8544
storage-p28,0,True,1229,8437,10016,19723,0,25953,0,0,8,0,4,0,0,,0.0,38.0,1e+20,38,0.2987,0.7531,0.0,0.0377,0.0,0.0131,0.0,0.8371,1.9287
storage-p29,0,True,1354,10309,12141,23847,0,30674,0,0,5,0,4,0,0,,0.0,40.0,1e+20,40,0.3706,1.0423,0.0,0.0484,0.0,0.0188,0.0,1.134,2.5975
storage-p30,0,True,1484,11401,13360,26290,0,33677,0,0,5,0,4,0,0,,0.0,41.0,1e+20,41,0.3904,1.3307,0.0,0.0539,0.0,0.0225,0.0,1.1117,2.8892
termes-opt18-strips-p01,0,True,41,107,107,259,0,363,0,0,17,0,24,0,0,,0.0,9.0,1e+20,9,0.008,0.0009,0.0,0.0014,0.0,0.0006,0.0,0.0506,0.0614
termes-opt18-strips-p02,0,True,35,106,107,259,0,363,0,0,2,0,6,0,0,,0.0,11.0,1e+20,11,0.0084,0.0008,0.0,0.0015,0.0,0.0002,0.0,0.007,0.0186
termes-opt18-strips-p03,0,True,51,135,135,326,0,480,0,0,2,0,6,0,0,,0.0,10.0,1e+20,10,0.0075,0.0012,0.0,0.0017,0.0,0.0002,0.0,0.0239,0.0349
termes-opt18-strips-p04,0,True,48,135,135,326,0,480,0,0,7,0,12,0,0,,0.0,16.0,1e+20,16,0.0096,0.0012,0.0,0.0018,0.0,0.0004,0.0,0.0299,0.043
termes-opt18-strips-p05,0,True,61,163,163,393,0,597,0,0,5,0,13,0,0,,0.0,12.0,1e+20,12,0.0079,0.0016,0.0,0.0017,0.0,0.0004,0.0,0.0531,0.0648
termes-opt18-strips-p06,0,True,56,163,163,393,0,597,0,0,6,0,12,0,0,,0.0,18.0,1e+20,18,0.0159,0.0016,0.0,0.0015,0.0,0.0004,0.0,0.035,0.0546
termes-opt18-strips-p07,0,True,65,190,191,460,0,714,0,0,0,0,3,0,0,,0.0,14.0,1e+20,14,0.0507,0.0021,0.0,0.0018,0.0,0.0001,0.0,0.0157,0.0708
termes-opt18-strips-p08,0,True,63,190,191,460,0,714,0,0,0,0,4,0,0,,0.0,18.0,1e+20,18,0.028,0.002,0.0,0.0016,0.0,0.0001,0.0,0.0134,0.0456
termes-opt18-strips-p09,0,True,81,219,219,527,0,831,0,0,0,0,3,0,0,,0.0,16.0,1e+20,16,0.0085,0.0027,0.0,0.0016,0.0,0.0001,0.0,0.0178,0.031
termes-opt18-strips-p10,0,True,76,219,219,527,0,831,0,0,16,0,23,0,0,,0.0,18.0,1e+20,18,0.0107,0.0027,0.0,0.0017,0.0,0.001,0.0,0.0359,0.0516
termes-opt18-strips-p11,0,True,35,107,107,259,0,363,0,0,0,0,4,0,0,,0.0,16.0,1e+20,16,0.0081,0.0008,0.0,0.0016,0.0,0.0001,0.0,0.0114,0.0225
termes-opt18-strips-p12,0,True,34,107,107,259,0,363,0,0,0,0,3,0,0,,0.0,14.0,1e+20,14,0.0073,0.0008,0.0,0.0014,0.0,0.0001,0.0,0.011,0.0213
termes-opt18-strips-p13,0,True,42,135,135,326,0,480,0,0,1,0,4,0,0,,0.0,21.0,1e+20,21,0.008,0.0012,0.0,0.0024,0.0,0.0001,0.0,0.0106,0.0228
termes-opt18-strips-p14,0,True,41,135,135,326,0,480,0,0,2,0,5,0,0,,0.0,18.0,1e+20,18,0.0089,0.0012,0.0,0.0014,0.0,0.0002,0.0,0.0107,0.0226
termes-opt18-strips-p15,0,True,53,163,163,393,0,597,0,0,21,0,21,0,0,,0.0,23.0,1e+20,23,0.0094,0.0016,0.0,0.0015,0.0,0.0009,0.0,0.2021,0.2151
termes-opt18-strips-p16,0,True,50,163,163,393,0,597,0,0,5,0,7,0,0,,0.0,26.0,1e+20,26,0.0485,0.0016,0.0,0.0026,0.0,0.0003,0.0,0.0162,0.0694
termes-opt18-strips-p17,0,True,29,117,117,279,0,389,0,0,11,0,11,0,0,,0.0,25.0,1e+20,25,0.0068,0.0009,0.0,0.0013,0.0,0.0005,0.0,0.1061,0.1155
termes-opt18-strips-p18,0,True,30,107,107,259,0,363,0,0,8,0,15,0,0,,0.0,21.0,1e+20,21,0.0064,0.0008,0.0,0.0011,0.0,0.0005,0.0,0.0484,0.0573
termes-opt18-strips-p19,0,True,41,147,147,350,0,512,0,0,11,0,18,0,0,,0.0,19.0,1e+20,19,0.0068,0.0013,0.0,0.0013,0.0,0.0007,0.0,0.0406,0.0504
termes-opt18-strips-p20,0,True,37,135,135,326,0,480,0,0,2,0,5,0,0,,0.0,24.0,1e+20,24,0.0083,0.0012,0.0,0.0013,0.0,0.0002,0.0,0.0105,0.0217
termes-sat18-strips-p01,0,True,69,205,205,486,0,710,0,0,6,0,11,0,0,,0.0,14.0,1e+20,14,0.0089,0.0021,0.0,0.0013,0.0,0.0004,0.0,0.0501,0.0627
termes-sat18-strips-p02,0,True,63,205,205,486,0,710,0,0,23,0,20,0,0,,0.0,22.0,1e+20,22,0.0079,0.0021,0.0,0.0014,0.0,0.0009,0.0,0.1194,0.1313
termes-sat18-strips-p03,0,True,79,247,247,585,0,881,0,0,2,0,6,0,0,,0.0,19.0,1e+20,19,0.009,0.003,0.0,0.0015,0.0,0.0003,0.0,0.0344,0.0484
termes-sat18-strips-p04,0,True,63,217,217,510,0,742,0,0,23,0,23,0,0,,0.0,23.0,1e+20,23,0.0087,0.0022,0.0,0.0013,0.0,0.0012,0.0,0.04,0.0527
termes-sat18-strips-p05,0,True,76,247,247,585,0,881,0,0,31,0,32,0,0,,0.0,24.0,1e+20,24,0.0093,0.0029,0.0,0.0017,0.0,0.0016,0.0,0.0649,0.0796
termes-sat18-strips-p06,0,True,94,289,289,684,0,1052,0,0,14,0,20,0,0,,0.0,25.0,1e+20,25,0.0107,0.0037,0.0,0.0015,0.0,0.0011,0.0,0.0555,0.0718
termes-sat18-strips-p07,0,True,90,289,289,684,0,1052,0,0,38,0,40,0,0,,0.0,28.0,1e+20,28,0.0103,0.0037,0.0,0.0022,0.0,0.002,0.0,0.0769,0.0936
termes-sat18-strips-p08,0,True,113,331,331,783,0,1223,0,0,26,0,27,0,0,,0.0,19.0,1e+20,19,0.0129,0.0048,0.0,0.0017,0.0,0.0015,0.0,0.1182,0.1382
termes-sat18-strips-p09,0,True,119,372,373,882,0,1394,0,0,0,0,4,0,0,,0.0,18.0,1e+20,18,0.0134,0.0056,0.0,0.0016,0.0,0.0002,0.0,0.0199,0.041
termes-sat18-strips-p10,0,True,141,415,415,981,0,1565,0,0,1,0,3,0,0,,0.0,20.0,1e+20,20,0.015,0.0071,0.0,0.0022,0.0,0.0004,0.0,0.0284,0.0533
termes-sat18-strips-p11,0,True,50,215,215,503,0,642,0,0,105,0,69,0,1566,,0.0,34.0,1e+20,34,0.0078,0.0019,0.0,0.0014,0.0,0.0033,0.0,0.2492,0.2609
termes-sat18-strips-p12,0,True,59,289,289,675,0,936,0,0,96,0,60,0,1145,,0.0,51.0,1e+20,51,0.0094,0.0033,0.0,0.0017,0.0,0.0042,0.0,0.185,0.1999
termes-sat18-strips-p13,0,True,68,363,363,847,0,1230,0,0,71,0,43,0,1013,,0.0,66.0,1e+20,66,0.0134,0.0049,0.0,0.0022,0.0,0.0039,0.0,0.1937,0.2147
termes-sat18-strips-p14,0,True,77,437,437,1019,0,1524,0,0,82,0,52,0,1226,,0.0,81.0,1e+20,81,0.0137,0.0068,0.0,0.0016,0.0,0.0058,0.0,0.2705,0.2933
termes-sat18-strips-p15,0,True,86,511,511,1191,0,1818,0,0,101,0,61,0,755,,0.0,96.0,1e+20,96,0.0153,0.0089,0.0,0.002,0.0,0.0082,0.0,0.2578,0.2847
termes-sat18-strips-p16,0,True,40,219,219,515,0,715,0,0,45,0,28,0,0,,0.0,44.0,1e+20,44,0.0084,0.0022,0.0,0.0014,0.0,0.0018,0.0,0.0355,0.048
termes-sat18-strips-p17,0,True,43,275,275,646,0,940,0,0,50,0,31,0,0,,0.0,60.0,1e+20,60,0.0116,0.0032,0.0,0.0014,0.0,0.0028,0.0,0.0416,0.0584
termes-sat18-strips-p18,0,True,76,437,437,1019,0,1524,0,0,41,0,26,0,0,,0.0,76.0,1e+20,76,0.015,0.0072,0.0,0.0019,0.0,0.0029,0.0,0.0651,0.0899
termes-sat18-strips-p19,0,True,84,511,511,1191,0,1818,0,0,39,0,20,0,0,,0.0,92.0,1e+20,92,0.0171,0.0089,0.0,0.0018,0.0,0.0029,0.0,0.0686,0.0972
termes-sat18-strips-p20,0,True,165,873,873,2019,0,3114,0,0,63,0,31,0,0,,0.0,118.0,1e+20,118,0.0255,0.0232,0.0,0.0028,0.0,0.0064,0.0,0.2896,0.3639
tetris-opt14-strips-p01-10,0,False,715,6434,6882,14044,0,14600,0,0,2,0,8,0,0,,0.0,16.0,1e+20,16,0.12,0.195,0.0,0.0167,0.0,0.0079,0.0,0.2644,0.5975
tetris-opt14-strips-p01-6,0,False,401,3372,3570,7356,0,7756,0,0,2,0,4,0,0,,0.0,17.0,1e+20,17,0.0474,0.0634,0.0,0.0076,0.0,0.003,0.0,0.117,0.2362
tetris-opt14-strips-p01-8,0,False,805,8765,9584,19166,0,19895,0,0,0,0,7,0,0,,0.0,17.0,1e+20,17,0.1863,0.2878,0.0,0.0262,0.0,0.0116,0.0,0.6579,1.16
tetris-opt14-strips-p02-10,0,False,713,6367,6949,14044,0,14618,0,0,5,0,9,0,0,,0.0,19.0,1e+20,19,0.1193,0.1909,0.0,0.0177,0.0,0.008,0.0,0.4528,0.7821
tetris-opt14-strips-p02-4,0,False,200,1753,2086,4045,0,4273,0,0,0,0,3,0,0,,0.0,8.0,1e+20,8,0.0212,0.016,0.0,0.004,0.0,0.001,0.0,0.0704,0.1124
tetris-opt14-strips-p02-6,0,False,579,6041,6760,13391,0,14139,0,0,1,0,5,0,0,,0.0,15.0,1e+20,15,0.0909,0.1475,0.0,0.0153,0.0,0.0072,0.0,0.2807,0.5358
tetris-opt14-strips-p02-8,0,False,805,8786,9394,18999,0,19858,0,0,4,0,10,0,0,,0.0,19.0,1e+20,19,0.168,0.2794,0.0,0.0265,0.0,0.0124,0.0,0.6922,1.1681
tetris-opt14-strips-p03-10,0,False,1936,22500,23999,48455,0,50847,0,0,21,0,9,0,0,,0.0,27.0,1e+20,27,0.7649,1.7823,0.0,0.1168,0.0,0.0668,0.0,1.6176,4.2851
tetris-opt14-strips-p03-4,0,False,152,1560,1857,3576,0,3814,0,0,0,0,4,0,0,,0.0,7.0,1e+20,7,0.0735,0.0138,0.0,0.0037,0.0,0.0009,0.0,0.0624,0.154
tetris-opt14-strips-p03-6,0,False,327,3112,3507,6956,0,7308,0,0,0,0,3,0,0,,0.0,11.0,1e+20,11,0.0424,0.0449,0.0,0.0066,0.0,0.0024,0.0,0.1128,0.2077
tetris-opt14-strips-p03-8,0,False,1407,16887,18110,36419,0,38405,0,0,19,0,20,0,0,,0.0,20.0,1e+20,20,0.4529,1.0073,0.0,0.0708,0.0,0.0486,0.0,1.2727,2.8065
tetris-opt14-strips-p04-10,0,False,1880,18314,19473,39688,0,41819,0,0,3,0,6,0,0,,0.0,28.0,1e+20,28,0.5693,1.4514,0.0,0.0994,0.0,0.0452,0.0,0.7392,2.8622
tetris-opt14-strips-p04-6,0,False,402,3349,3761,7524,0,7964,0,0,0,0,3,0,0,,0.0,14.0,1e+20,14,0.045,0.0597,0.0,0.0075,0.0,0.0028,0.0,0.1443,0.2572
tetris-opt14-strips-p04-8,0,False,1156,12978,13959,28111,0,29623,0,0,4,0,9,0,0,,0.0,25.0,1e+20,25,0.3007,0.7177,0.0,0.0472,0.0,0.0279,0.0,0.9915,2.0609
tetris-opt14-strips-p05-10,0,False,1806,22189,23606,47617,0,49592,0,0,1,0,7,0,0,,0.0,23.0,1e+20,23,0.7125,1.6035,0.0,0.113,0.0,0.0563,0.0,1.0559,3.4921
tetris-opt14-strips-p05-6,0,False,326,3165,3568,7068,0,7359,0,0,3,0,9,0,0,,0.0,12.0,1e+20,12,0.0395,0.0474,0.0,0.0064,0.0,0.0031,0.0,0.212,0.3063
tetris-opt14-strips-p05-8,0,False,1407,16857,18347,36628,0,38971,0,0,18,0,7,0,0,,0.0,22.0,1e+20,22,0.4667,1.0233,0.0,0.0716,0.0,0.0411,0.0,1.0639,2.6283
tetris-sat14-strips-p020,0,False,844,6801,7353,15012,0,15539,0,0,2,0,7,0,0,,0.0,19.0,1e+20,19,0.1189,0.2247,0.0,0.0213,0.0,0.0082,0.0,0.4138,0.7802
tetris-sat14-strips-p021,0,False,2289,22653,23902,48869,0,51151,0,0,167,0,28,0,0,,0.0,35.0,1e+20,35,1.0961,2.2752,0.0,0.1287,0.0,0.0865,0.0,2.5296,6.0332
tetris-sat14-strips-p022,0,False,1420,14823,15656,31917,0,33026,0,0,5,0,13,0,0,,0.0,24.0,1e+20,24,0.4047,0.8305,0.0,0.0625,0.0,0.03,0.0,1.0557,2.3563
tetris-sat14-strips-p023,0,False,1579,15306,16107,33013,0,34429,0,0,45,0,22,0,0,,0.0,28.0,1e+20,28,0.4412,0.9856,0.0,0.0704,0.0,0.0416,0.0,1.1917,2.6922
tetris-sat14-strips-p024,0,False,1812,21049,22142,45024,0,46965,0,0,2,0,8,0,0,,0.0,28.0,1e+20,28,0.7327,1.5518,0.0,0.1065,0.0,0.0475,0.0,1.4242,3.8185
tetris-sat14-strips-p025,0,False,1028,8439,8785,18269,0,18918,0,0,0,0,5,0,0,,0.0,22.0,1e+20,22,0.1824,0.3342,0.0,0.0288,0.0,0.0102,0.0,0.3127,0.8598
tetris-sat14-strips-p026,0,False,3308,40991,43497,87822,0,92715,0,0,3,0,7,0,0,,0.0,37.0,1e+20,37,2.2414,6.6221,0.0,0.308,0.0,0.1661,0.0,3.4551,12.6369
tetris-sat14-strips-p027,0,False,2917,34796,36717,74455,0,78591,0,0,163,0,8,0,0,,0.0,33.0,1e+20,33,1.7183,4.5265,0.0,0.256,0.0,0.1352,0.0,2.4074,8.9171
tetris-sat14-strips-p028,0,False,2524,28402,29967,60917,0,64015,0,0,1,0,8,0,0,,0.0,33.0,1e+20,33,1.212,3.1194,0.0,0.1761,0.0,0.0867,0.0,1.9049,6.4197
tetris-sat14-strips-p029,0,False,1188,8970,9420,19599,0,20506,0,0,1,0,5,0,0,,0.0,25.0,1e+20,25,0.2205,0.4457,0.0,0.0346,0.0,0.0129,0.0,0.28,0.9825
tetris-sat14-strips-p031,0,False,4095,49568,51748,105440,0,110732,0,0,14,0,10,0,0,,0.0,41.0,1e+20,41,3.238,10.2404,0.0,0.4226,0.0,0.2294,0.0,4.1739,18.0859
tetris-sat14-strips-p032,0,False,1678,17509,18649,37853,0,39143,0,0,0,0,7,0,0,,0.0,22.0,1e+20,22,0.5603,1.2235,0.0,0.0823,0.0,0.0366,0.0,1.0495,2.9186
tetris-sat14-strips-p033,0,False,3819,42667,44871,91385,0,95996,0,0,46,0,11,0,0,,0.0,38.0,1e+20,38,2.495,8.5032,0.0,0.3653,0.0,0.2003,0.0,3.2621,14.6339
tetris-sat14-strips-p034,0,False,3817,42660,44863,91368,0,95450,0,0,90,0,60,0,0,,0.0,39.0,1e+20,39,2.4372,7.4936,0.0,0.3665,0.0,0.2542,0.0,6.9116,17.2177
tetris-sat14-strips-p035,0,False,3906,48998,51020,103950,0,108099,0,0,388,0,14,0,0,,0.0,38.0,1e+20,38,3.0464,8.8807,0.0,0.3927,0.0,0.2372,0.0,4.6032,16.9314
tetris-sat14-strips-p036,0,False,3256,40807,42419,86503,0,89442,0,0,4,0,7,0,0,,0.0,29.0,1e+20,29,2.1795,5.4406,0.0,0.3171,0.0,0.1558,0.0,2.1329,10.0795
tetris-sat14-strips-p037,0,False,1773,11994,12255,26048,0,27154,0,0,5,0,9,0,0,,0.0,34.0,1e+20,34,0.3545,0.8643,0.0,0.0617,0.0,0.0207,0.0,0.4539,1.7364
tetris-sat14-strips-p038,0,False,2980,33929,35472,72405,0,75435,0,0,157,0,8,0,0,,0.0,33.0,1e+20,33,1.6653,4.6616,0.0,0.2529,0.0,0.1286,0.0,2.4408,9.0259
tetris-sat14-strips-p039,0,False,4095,49442,51588,105154,0,110435,0,0,113,0,48,0,7,,0.0,41.0,1e+20,41,3.259,10.8919,0.0,0.4286,0.0,0.2843,0.0,9.0039,23.5944
tetris-sat14-strips-p040,0,False,3167,34620,36272,74088,0,77896,0,0,60,0,20,0,0,,0.0,39.0,1e+20,39,1.8121,5.1956,0.0,0.2541,0.0,0.1381,0.0,3.4281,10.6983
thoughtful-mco14-strips-p11_6_65-typed,2,True,417,6375,27829,34793,0,45385,0,0,1921,0,211,0,1346,,0.0,60.895,1e+20,79,0.0748,0.3605,0.0,0.0533,0.0,0.1263,0.0,899.5375,900.0284
thoughtful-mco14-strips-p11_6_74-typed,2,True,427,6872,30165,37634,0,48015,0,0,477,0,71,0,215,,0.0,68.0,1e+20,6868,0.0754,0.3516,0.0,0.0568,0.0,0.0469,0.0,899.5559,900.0472
thoughtful-mco14-strips-p11_6_75-typed,2,True,422,6567,28309,35470,0,47101,0,0,1794,0,221,0,1300,,0.0,61.437,1e+20,6548,0.0971,0.4029,0.0,0.0538,0.0,0.1364,0.0,899.4843,900.0458
thoughtful-mco14-strips-p11_6_78-typed,2,True,420,6750,29366,36704,0,47786,0,0,2066,0,257,0,1288,,0.0,59.0,1e+20,6737,0.0991,0.4452,0.0,0.0548,0.0,0.1553,0.0,899.4214,900.0265
thoughtful-mco14-strips-p11_6_88-typed,2,True,424,6706,29851,37148,0,47728,0,0,2593,0,272,0,1268,,0.0,62.0,1e+20,6691,0.0933,0.4235,0.0,0.0555,0.0,0.1624,0.0,899.4459,900.0253
thoughtful-mco14-strips-p11_6_89-typed,2,True,413,6473,27592,34649,0,45090,0,0,2208,0,282,0,1223,,0.0,71.0,1e+20,6467,0.0924,0.4399,0.0,0.0512,0.0,0.1754,0.0,899.4368,900.0293
thoughtful-mco14-strips-p11_6_98-typed,2,True,411,6196,25687,32468,0,42369,0,0,2401,0,403,0,1346,,0.0,66.0,1e+20,6192,0.0851,0.3764,0.0,0.0476,0.0,0.2313,0.0,899.5473,900.0628
thoughtful-mco14-strips-p11_6_99-typed,2,True,414,6104,25753,32442,0,42536,0,0,2014,0,237,0,1038,,0.0,62.5,1e+20,6094,0.085,0.5733,0.0,0.048,0.0,0.138,0.0,899.322,900.0421
thoughtful-mco14-strips-p13_7_55-typed,2,True,462,7193,31453,39314,0,51254,0,0,1938,0,226,0,1229,,0.0,71.0,1e+20,7182,0.0884,0.4875,0.0,0.0634,0.0,0.1514,0.0,899.3827,900.0329
thoughtful-mco14-strips-p13_7_56-typed,2,True,473,7927,35008,43613,0,56039,0,0,1553,0,161,0,750,,0.0,71.947,1e+20,7916,0.3174,0.5047,0.0,0.0714,0.0,0.1158,0.0,899.1618,900.0643
thoughtful-mco14-strips-p13_7_58-typed,2,True,465,7278,31874,39822,0,52129,0,0,2394,0,227,0,1180,,0.0,73.763,1e+20,7260,0.1001,0.4283,0.0,0.0649,0.0,0.1566,0.0,899.4537,900.054
thoughtful-mco14-strips-p13_7_61-typed,2,True,470,7800,34287,42761,0,54902,0,0,1909,0,192,0,1036,,0.0,72.0,1e+20,7791,0.1129,0.6339,0.0,0.07,0.0,0.1361,0.0,899.2151,900.0417
thoughtful-mco14-strips-p13_7_62-typed,2,True,470,7615,33123,41414,0,53303,0,0,304,0,39,0,57,,0.0,75.0,1e+20,7608,0.1106,0.541,0.0,0.0676,0.0,0.0319,0.0,899.3338,900.061
thoughtful-mco14-strips-p13_7_64-typed,2,True,465,7651,33431,41754,0,53860,0,0,596,0,69,0,278,,0.0,74.852,1e+20,7641,0.1169,0.6615,0.0,0.0683,0.0,0.0541,0.0,899.2284,900.0848
thoughtful-mco14-strips-p13_7_68-typed,2,True,459,7288,30916,38870,0,50920,0,0,1410,0,126,0,737,,0.0,72.223,1e+20,7269,0.1185,0.8268,0.0,0.0643,0.0,0.0869,0.0,899.0666,900.0862
thoughtful-mco14-strips-p13_7_69-typed,2,True,458,7040,30074,37780,0,49116,0,0,1310,0,160,0,894,,0.0,76.0,1e+20,7035,0.1166,0.6936,0.0,0.0613,0.0,0.1084,0.0,899.153,900.0379
thoughtful-mco14-strips-p13_7_72-typed,2,True,464,7299,31347,39316,0,51459,0,0,1965,0,272,0,1212,,0.0,76.0,1e+20,7290,0.1118,0.5449,0.0,0.0644,0.0,0.1895,0.0,899.3021,900.0308
thoughtful-mco14-strips-p13_7_74-typed,2,True,463,7645,31852,40171,0,52467,0,0,839,0,88,0,0,,0.0,79.0,1e+20,7447,0.1094,0.5811,0.0,0.0649,0.0,0.061,0.0,899.269,900.0314
thoughtful-mco14-strips-p13_7_79-typed,2,True,462,7587,32954,41207,0,53367,0,0,581,0,65,0,241,,0.0,70.188,1e+20,7576,0.1131,0.6099,0.0,0.0685,0.0,0.0484,0.0,899.2538,900.0542
thoughtful-mco14-strips-p13_7_86-typed,2,True,458,7244,31435,39344,0,51192,0,0,1303,0,140,0,714,,0.0,72.0,1e+20,7232,0.1121,0.6498,0.0,0.0651,0.0,0.0929,0.0,899.2299,900.0666
thoughtful-sat14-strips-bootstrap-typed-01,0,True,108,618,2603,3405,0,4959,0,0,6085,0,1696,0,21625,,0.0,26.0,1e+20,26,0.0266,0.0107,0.0,0.0045,0.0,0.2908,0.0,101.9439,101.9864
thoughtful-sat14-strips-bootstrap-typed-02,0,True,108,624,2624,3433,0,4979,0,0,111,0,57,0,27,,0.0,24.0,1e+20,24,0.0281,0.0093,0.0,0.0041,0.0,0.0064,0.0,0.6264,0.6685
thoughtful-sat14-strips-bootstrap-typed-03,0,True,109,599,2518,3303,0,4808,0,0,259,0,111,0,270,,0.0,25.0,1e+20,25,0.0286,0.009,0.0,0.004,0.0,0.0146,0.0,1.3574,1.3996
thoughtful-sat14-strips-bootstrap-typed-04,0,True,107,636,2639,3459,0,4938,0,0,2994,0,734,0,13139,,0.0,26.0,1e+20,26,0.0287,0.0101,0.0,0.0038,0.0,0.109,0.0,44.7234,44.7676
thoughtful-sat14-strips-bootstrap-typed-05,2,True,103,543,2309,3031,0,4466,0,0,20145,0,4195,0,85763,,0.0,24.312,1e+20,31,0.0283,0.0088,0.0,0.0039,0.0,0.816,0.0,899.9695,900.0617
thoughtful-sat14-strips-p11_6_53-typed,2,True,418,6486,28334,35406,0,45824,0,0,1573,0,183,0,872,,0.0,63.105,1e+20,6476,0.082,0.4753,0.0,0.0525,0.0,0.1104,0.0,899.433,900.0493
thoughtful-sat14-strips-p11_6_59-typed,2,True,416,6436,27891,34911,0,45762,0,0,1649,0,156,0,904,,0.0,60.42,1e+20,6421,0.077,0.4367,0.0,0.052,0.0,0.0997,0.0,899.4648,900.0417
thoughtful-sat14-strips-p11_6_62-typed,2,True,419,6573,28376,35537,0,46460,0,0,2124,0,304,0,1371,,0.0,61.0,1e+20,83,0.0832,0.4277,0.0,0.0534,0.0,0.1713,0.0,899.4549,900.0207
thoughtful-sat14-strips-p13_7_78-typed,2,True,463,7558,32229,40458,0,53264,0,0,699,0,63,0,10,,0.0,74.0,1e+20,7546,0.0988,0.8256,0.0,0.0664,0.0,0.0464,0.0,899.0589,900.0583
thoughtful-sat14-strips-p13_7_79-typed,2,True,462,7587,32954,41207,0,53367,0,0,581,0,65,0,242,,0.0,70.188,1e+20,7576,0.1159,0.6101,0.0,0.0667,0.0,0.0488,0.0,899.2557,900.0575
thoughtful-sat14-strips-p13_7_86-typed,2,True,458,7244,31435,39344,0,51192,0,0,1303,0,140,0,714,,0.0,72.0,1e+20,7232,0.1126,0.6547,0.0,0.0635,0.0,0.0937,0.0,899.2342,900.0742
thoughtful-sat14-strips-target-typed-20,2,True,461,7259,31237,39165,0,51476,0,0,1286,0,154,0,675,,0.0,72.0,1e+20,7252,0.111,0.5451,0.0,0.0637,0.0,0.1117,0.0,899.3035,900.0308
thoughtful-sat14-strips-target-typed-21,2,True,466,7402,31960,40032,0,52035,0,0,1036,0,127,0,512,,0.0,77.778,1e+20,7393,0.1193,0.668,0.0,0.0655,0.0,0.0904,0.0,899.1791,900.0405
thoughtful-sat14-strips-target-typed-22,2,True,456,7510,31990,40166,0,51963,0,0,2080,0,249,0,1211,,0.0,76.0,1e+20,7498,0.1112,0.6533,0.0,0.0651,0.0,0.1679,0.0,899.2106,900.0486
thoughtful-sat14-strips-target-typed-23,2,True,461,7321,31750,39740,0,51300,0,0,2289,0,364,0,1246,,0.0,82.0,1e+20,7317,0.1266,0.5979,0.0,0.0648,0.0,0.2433,0.0,899.2345,900.0309
thoughtful-sat14-strips-target-typed-24,2,True,462,7470,33369,41507,0,52531,0,0,88,0,11,0,62,,0.0,75.0,1e+20,7463,0.1077,0.5442,0.0,0.0676,0.0,0.0145,0.0,899.3337,900.0615
thoughtful-sat14-strips-target-typed-25,2,True,461,7053,30207,37929,0,50169,0,0,2319,0,239,0,1710,,0.0,65.656,1e+20,7035,0.1192,0.52,0.0,0.0619,0.0,0.1602,0.0,899.3247,900.0357
thoughtful-sat14-strips-target-typed-26,2,True,461,7163,31480,39312,0,51091,0,0,975,0,103,0,586,,0.0,72.544,1e+20,7151,0.12,0.5702,0.0,0.0641,0.0,0.0721,0.0,899.2803,900.0429
thoughtful-sat14-strips-target-typed-27,2,True,464,7539,33080,41288,0,53792,0,0,1898,0,220,0,1020,,0.0,72.347,1e+20,7525,0.1277,0.5127,0.0,0.0672,0.0,0.1539,0.0,899.3346,900.0509
thoughtful-sat14-strips-target-typed-28,2,True,454,7051,29311,37028,0,48370,0,0,2413,0,272,0,1232,,0.0,72.596,1e+20,7019,0.1063,0.4919,0.0,0.0598,0.0,0.1861,0.0,899.3911,900.0558
tidybot-opt11-strips-p01,0,True,0,0,4,12,0,8,0,0,0,0,1,0,0,,0.0,4.0,1e+20,4,0.0505,0.0055,0.0,0.0019,0.0,0.0,0.0,0.0006,0.0593
tidybot-opt11-strips-p02,0,True,62,763,1447,2310,0,3018,0,0,13,0,8,0,0,,0.0,20.0,1e+20,20,0.0672,0.0238,0.0,0.0025,0.0,0.0008,0.0,0.1879,0.2823
tidybot-opt11-strips-p03,0,True,68,822,1517,2431,0,3107,0,0,2,0,5,0,0,,0.0,13.0,1e+20,13,0.0744,0.0207,0.0,0.0028,0.0,0.0005,0.0,0.0978,0.1965
tidybot-opt11-strips-p04,0,True,57,768,1548,2421,0,3220,0,0,23,0,20,0,0,,0.0,26.0,1e+20,26,0.0511,0.0244,0.0,0.0027,0.0,0.0016,0.0,0.2894,0.3684
tidybot-opt11-strips-p05,2,True,90,2747,5248,8119,0,8780,0,0,42253,0,8657,0,76206,,0.0,20.0,1e+20,2752,0.0841,0.0591,0.0,0.0059,0.0,2.1027,0.0,899.8649,900.1618
tidybot-opt11-strips-p06,2,True,89,2810,5376,8313,0,8929,0,0,37128,0,8483,0,97233,,0.0,22.0,1e+20,28,0.0969,0.0695,0.0,0.0063,0.0,1.7191,0.0,899.8465,900.1556
tidybot-opt11-strips-p07,0,True,94,2841,5391,8350,0,8993,0,0,172,0,64,0,93,,0.0,14.0,1e+20,14,0.0837,0.0542,0.0,0.0062,0.0,0.0098,0.0,2.701,2.8466
tidybot-opt11-strips-p08,0,True,90,2747,5248,8119,0,8777,0,0,3347,0,865,0,1896,,0.0,20.0,1e+20,20,0.0835,0.0563,0.0,0.0066,0.0,0.1324,0.0,62.3615,62.5096
tidybot-opt11-strips-p09,0,True,121,6382,12341,18874,0,18575,0,0,878,0,249,0,519,,0.0,18.0,1e+20,18,0.165,0.1264,0.0,0.0136,0.0,0.0657,0.0,27.0687,27.3765
tidybot-opt11-strips-p10,2,True,125,6980,13563,20698,0,20681,0,0,9296,0,2185,0,9519,,0.0,17.0,1e+20,27,0.1466,0.158,0.0,0.0159,0.0,0.6267,0.0,899.6939,900.0219
tidybot-opt11-strips-p11,2,True,126,6965,13521,20638,0,20565,0,0,10624,0,2508,0,6288,,0.0,15.0,1e+20,6970,0.149,0.175,0.0,0.0145,0.0,0.7264,0.0,899.6762,900.0191
tidybot-opt11-strips-p12,2,True,125,6979,13565,20699,0,20685,0,0,10415,0,2414,0,6614,,0.0,17.0,1e+20,26,0.1647,0.1505,0.0,0.0149,0.0,0.7272,0.0,899.6853,900.0418
tidybot-opt11-strips-p13,2,True,126,6958,13510,20620,0,20567,0,0,10226,0,2427,0,10663,,0.0,15.0,1e+20,25,0.1638,0.1515,0.0,0.0148,0.0,0.7398,0.0,899.6894,900.0783
tidybot-opt11-strips-p14,2,True,158,10925,21291,32397,0,31980,0,0,3970,0,1123,0,3660,,0.0,16.5,1e+20,19,0.2666,0.2508,0.0,0.0245,0.0,0.4579,0.0,899.4968,900.0477
tidybot-opt11-strips-p15,2,True,163,11569,22559,34310,0,33591,0,0,3866,0,810,0,2702,,0.0,14.109,1e+20,11571,0.2631,0.2894,0.0,0.0251,0.0,0.3538,0.0,899.4381,900.023
tidybot-opt11-strips-p16,2,True,153,9562,18653,28396,0,28771,0,0,6077,0,1088,0,5182,,0.0,18.667,1e+20,52,0.2694,0.2712,0.0,0.0218,0.0,0.4423,0.0,899.4677,900.0702
tidybot-opt11-strips-p17,2,True,153,9885,19237,29300,0,29313,0,0,4298,0,834,0,3279,,0.0,17.8,1e+20,29,0.2706,0.2808,0.0,0.0208,0.0,0.3288,0.0,899.4518,900.03
tidybot-opt11-strips-p18,0,True,156,10653,20738,31573,0,31049,0,0,1319,0,307,0,765,,0.0,20.0,1e+20,20,0.2696,0.2844,0.0,0.0247,0.0,0.1326,0.0,184.528,185.1108
tidybot-opt11-strips-p19,2,True,154,10105,19732,30017,0,30086,0,0,3875,0,670,0,1860,,0.0,15.53,1e+20,10109,0.2715,0.3092,0.0,0.0233,0.0,0.2752,0.0,899.4141,900.0256
tidybot-opt11-strips-p20,2,True,145,8620,16771,25573,0,26029,0,0,5790,0,1265,0,2995,,0.0,21.0,1e+20,8624,0.2785,0.2772,0.0,0.0191,0.0,0.4519,0.0,899.4398,900.0255
tidybot-opt14-strips-p01,2,True,153,9350,18198,27728,0,28256,0,0,5487,0,893,0,3915,,0.0,18.2,1e+20,9353,0.2837,0.2532,0.0,0.0222,0.0,0.3406,0.0,899.4683,900.0347
tidybot-opt14-strips-p02,2,True,151,8792,17074,26043,0,26777,0,0,4809,0,1540,0,6564,,0.0,18.5,1e+20,28,0.2746,0.2521,0.0,0.0191,0.0,0.4042,0.0,899.4889,900.0632
tidybot-opt14-strips-p03,2,True,156,10693,20797,31672,0,31193,0,0,4070,0,1303,0,4729,,0.0,19.0,1e+20,21,0.2665,0.2726,0.0,0.0243,0.0,0.5271,0.0,899.4533,900.0217
tidybot-opt14-strips-p04,2,True,160,10875,21217,32269,0,31782,0,0,4055,0,1524,0,3267,,0.0,11.5,1e+20,38,0.267,0.287,0.0,0.0249,0.0,0.3863,0.0,899.4404,900.028
tidybot-opt14-strips-p05,2,True,156,10901,21316,32400,0,32038,0,0,4788,0,1010,0,2982,,0.0,16.0,1e+20,10905,0.268,0.2528,0.0,0.0253,0.0,0.4193,0.0,899.4837,900.0374
tidybot-opt14-strips-p06,2,True,148,8595,16692,25464,0,26129,0,0,4618,0,750,0,5248,,0.0,20.267,1e+20,40,0.2579,0.2976,0.0,0.0188,0.0,0.2774,0.0,899.4407,900.0497
tidybot-opt14-strips-p07,2,True,158,10722,20834,31738,0,31269,0,0,4923,0,1345,0,2834,,0.0,18.457,1e+20,31,0.2698,0.2931,0.0,0.0237,0.0,0.3811,0.0,899.4346,900.0289
tidybot-opt14-strips-p08,2,True,158,10904,21245,32330,0,31905,0,0,8430,0,2124,0,25748,,0.0,17.0,1e+20,18,0.2658,0.2592,0.0,0.0243,0.0,0.8481,0.0,899.5283,900.0821
tidybot-opt14-strips-p09,2,True,186,14748,28776,43730,0,43368,0,0,1852,0,363,0,1234,,0.0,15.273,1e+20,14750,0.4365,0.5215,0.0,0.0338,0.0,0.2031,0.0,899.0165,900.0163
tidybot-opt14-strips-p10,2,True,182,14395,28129,42733,0,42396,0,0,1715,0,326,0,1204,,0.0,19.0,1e+20,14397,0.4392,0.5063,0.0,0.0329,0.0,0.1892,0.0,899.0498,900.0372
tidybot-opt14-strips-p11,2,True,126,6965,13521,20638,0,20565,0,0,10624,0,2508,0,6286,,0.0,15.0,1e+20,6970,0.1696,0.1793,0.0,0.0147,0.0,0.7232,0.0,899.6518,900.0212
tidybot-opt14-strips-p12,2,True,125,6979,13565,20699,0,20685,0,0,10415,0,2414,0,6623,,0.0,17.0,1e+20,26,0.164,0.1577,0.0,0.0146,0.0,0.7255,0.0,899.6772,900.0435
tidybot-opt14-strips-p13,2,True,126,6958,13510,20620,0,20567,0,0,10226,0,2427,0,10640,,0.0,15.0,1e+20,25,0.1652,0.1502,0.0,0.0182,0.0,0.7385,0.0,899.6824,900.0841
tidybot-opt14-strips-p14,2,True,158,10925,21291,32397,0,31980,0,0,3970,0,1123,0,3663,,0.0,16.5,1e+20,19,0.2667,0.2514,0.0,0.0248,0.0,0.4592,0.0,899.4888,900.0408
tidybot-opt14-strips-p15,2,True,163,11569,22559,34310,0,33591,0,0,3866,0,810,0,2700,,0.0,14.109,1e+20,11571,0.2636,0.297,0.0,0.0266,0.0,0.3536,0.0,899.4297,900.0239
tidybot-opt14-strips-p16,2,True,153,9562,18653,28396,0,28771,0,0,6049,0,1083,0,5151,,0.0,18.667,1e+20,52,0.2746,0.2797,0.0,0.0218,0.0,0.4426,0.0,899.4589,900.0712
tidybot-opt14-strips-p17,2,True,153,9885,19237,29300,0,29313,0,0,4300,0,835,0,3280,,0.0,17.8,1e+20,29,0.2717,0.2727,0.0,0.0217,0.0,0.3285,0.0,899.4523,900.0234
tidybot-opt14-strips-p18,0,True,156,10653,20738,31573,0,31049,0,0,1319,0,307,0,765,,0.0,20.0,1e+20,20,0.2671,0.3046,0.0,0.0243,0.0,0.133,0.0,184.8936,185.4931
tidybot-opt14-strips-p19,2,True,154,10105,19732,30017,0,30086,0,0,3875,0,670,0,1860,,0.0,15.53,1e+20,10109,0.2739,0.3078,0.0,0.0233,0.0,0.2746,0.0,899.4118,900.0252
tidybot-opt14-strips-p20,2,True,145,8620,16771,25573,0,26029,0,0,5808,0,1273,0,3228,,0.0,21.0,1e+20,8624,0.2708,0.2731,0.0,0.0193,0.0,0.4567,0.0,899.4499,900.0279
tidybot-sat11-strips-p01,2,True,153,9350,18198,27728,0,28256,0,0,5487,0,893,0,3902,,0.0,18.2,1e+20,9353,0.2755,0.2499,0.0,0.0208,0.0,0.3374,0.0,899.4772,900.0298
tidybot-sat11-strips-p02,2,True,151,8792,17074,26043,0,26777,0,0,4814,0,1541,0,6567,,0.0,18.5,1e+20,28,0.2734,0.2476,0.0,0.0193,0.0,0.4027,0.0,899.494,900.0655
tidybot-sat11-strips-p03,2,True,156,10693,20797,31672,0,31193,0,0,4059,0,1300,0,4699,,0.0,19.0,1e+20,21,0.2492,0.2703,0.0,0.0248,0.0,0.5236,0.0,899.4923,900.0425
tidybot-sat11-strips-p04,2,True,160,10875,21217,32269,0,31782,0,0,4055,0,1524,0,3267,,0.0,11.5,1e+20,38,0.2679,0.2871,0.0,0.0252,0.0,0.385,0.0,899.4529,900.0397
tidybot-sat11-strips-p05,2,True,156,10901,21316,32400,0,32038,0,0,4788,0,1010,0,2983,,0.0,16.0,1e+20,10905,0.2665,0.2521,0.0,0.0251,0.0,0.4222,0.0,899.4895,900.0406
tidybot-sat11-strips-p06,2,True,148,8595,16692,25464,0,26129,0,0,4618,0,750,0,5224,,0.0,20.267,1e+20,40,0.2758,0.2996,0.0,0.0189,0.0,0.2796,0.0,899.4213,900.05
tidybot-sat11-strips-p07,2,True,158,10722,20834,31738,0,31269,0,0,4932,0,1347,0,2835,,0.0,18.457,1e+20,31,0.2692,0.2887,0.0,0.0237,0.0,0.3799,0.0,899.4753,900.0722
tidybot-sat11-strips-p08,2,True,158,10904,21245,32330,0,31905,0,0,8620,0,2169,0,26873,,0.0,17.0,1e+20,18,0.6218,0.2582,0.0,0.025,0.0,0.8533,0.0,899.1183,900.0282
tidybot-sat11-strips-p09,2,True,186,14748,28776,43730,0,43368,0,0,1852,0,363,0,1232,,0.0,15.273,1e+20,14750,0.434,0.5118,0.0,0.0335,0.0,0.2046,0.0,899.0464,900.0365
tidybot-sat11-strips-p10,2,True,182,14395,28129,42733,0,42396,0,0,1721,0,327,0,1204,,0.0,19.0,1e+20,14397,0.444,0.5122,0.0,0.0331,0.0,0.1898,0.0,899.0219,900.0197
tidybot-sat11-strips-p11,2,True,195,19284,37817,57320,0,54226,0,0,821,0,179,0,677,,0.0,16.0,1e+20,19286,0.4096,0.514,0.0,0.0465,0.0,0.1426,0.0,899.0732,900.0534
tidybot-sat11-strips-p12,2,True,200,20468,40175,60865,0,57451,0,0,1526,0,321,0,1105,,0.0,15.25,1e+20,20470,0.4094,0.5287,0.0,0.0516,0.0,0.2445,0.0,899.064,900.0654
tidybot-sat11-strips-p13,2,True,187,16709,32782,49708,0,48594,0,0,1023,0,162,0,823,,0.0,18.833,1e+20,16713,0.4177,0.4572,0.0,0.0406,0.0,0.1117,0.0,899.1218,900.0476
tidybot-sat11-strips-p14,2,True,182,14312,27958,42482,0,42034,0,0,1966,0,349,0,1294,,0.0,20.0,1e+20,49,0.4317,0.5152,0.0,0.0329,0.0,0.1988,0.0,899.0427,900.0309
tidybot-sat11-strips-p15,2,True,185,16605,32472,49294,0,47174,0,0,2002,0,463,0,1320,,0.0,22.0,1e+20,16607,0.4253,0.6409,0.0,0.0401,0.0,0.2906,0.0,898.9105,900.0283
tidybot-sat11-strips-p16,2,True,193,19653,38612,58488,0,55547,0,0,1370,0,213,0,983,,0.0,18.111,1e+20,19657,0.4131,0.5544,0.0,0.0476,0.0,0.171,0.0,899.0209,900.0461
tidybot-sat11-strips-p17,2,True,230,25953,50979,77181,0,73667,0,0,866,0,177,0,586,,0.0,16.0,1e+20,25954,0.6566,0.9066,0.0,0.0679,0.0,0.199,0.0,898.4454,900.0926
tidybot-sat11-strips-p18,2,True,230,27560,54257,82072,0,77900,0,0,563,0,127,0,465,,0.0,15.803,1e+20,27563,0.6501,0.8467,0.0,0.0742,0.0,0.1558,0.0,898.5056,900.0932
tidybot-sat11-strips-p19,2,True,262,24662,48489,73483,0,75095,0,0,643,0,84,0,267,,0.0,41.0,1e+20,24672,1.4448,2.1894,0.0,0.0729,0.0,0.1109,0.0,896.3682,900.0997
tidybot-sat11-strips-p20,2,True,268,32324,63714,96353,0,93776,0,0,1073,0,131,0,748,,0.0,29.75,1e+20,32330,1.1859,1.6762,0.0,0.0952,0.0,0.2037,0.0,897.0881,900.0707
tpp-p01,0,True,0,2,5,14,0,15,0,0,0,0,2,0,0,,0.0,4.0,1e+20,4,0.0223,0.0,0.0,0.001,0.0,0.0,0.0,0.0008,0.0246
tpp-p02,0,True,0,3,9,25,0,28,0,0,0,0,2,0,0,,0.0,7.0,1e+20,7,0.0044,0.0,0.0,0.0011,0.0,0.0,0.0,0.0009,0.0068
tpp-p03,0,True,0,4,13,36,0,41,0,0,0,0,2,0,0,,0.0,10.0,1e+20,10,0.0215,0.0,0.0,0.001,0.0,0.0,0.0,0.0009,0.0237
tpp-p04,0,True,0,5,17,47,0,54,0,0,0,0,2,0,0,,0.0,13.0,1e+20,13,0.0228,0.0,0.0,0.001,0.0,0.0,0.0,0.0009,0.0251
tpp-p05,0,True,14,34,44,107,0,125,0,0,0,0,3,0,0,,0.0,17.0,1e+20,17,0.0054,0.0001,0.0,0.0013,0.0,0.0001,0.0,0.0062,0.0133
tpp-p06,0,True,37,74,84,212,0,272,0,0,0,0,4,0,0,,0.0,21.0,1e+20,21,0.0057,0.0004,0.0,0.0011,0.0,0.0001,0.0,0.0092,0.0168
tpp-p07,0,True,42,88,100,252,0,324,0,0,0,0,3,0,0,,0.0,26.0,1e+20,26,0.0061,0.0006,0.0,0.0012,0.0,0.0001,0.0,0.0095,0.0177
tpp-p08,0,True,47,100,114,287,0,370,0,0,0,0,4,0,0,,0.0,30.0,1e+20,30,0.0058,0.0007,0.0,0.0011,0.0,0.0001,0.0,0.0106,0.0186
tpp-p09,0,True,81,195,213,515,0,650,0,0,0,0,9,0,0,,0.0,35.0,1e+20,35,0.0065,0.0015,0.0,0.0013,0.0,0.0003,0.0,0.0318,0.0415
tpp-p10,0,True,91,225,243,587,0,740,0,0,0,0,7,0,0,,0.0,39.0,1e+20,39,0.0066,0.0018,0.0,0.0014,0.0,0.0003,0.0,0.0325,0.0427
tpp-p11,0,True,93,219,252,587,0,771,0,0,0,0,7,0,0,,0.0,30.0,1e+20,30,0.0091,0.0027,0.0,0.002,0.0,0.0003,0.0,0.0317,0.0469
tpp-p12,0,True,109,255,291,678,0,894,0,0,0,0,7,0,0,,0.0,32.0,1e+20,32,0.0094,0.0035,0.0,0.0127,0.0,0.0003,0.0,0.0353,0.0619
tpp-p13,0,True,169,458,486,1128,0,1459,0,0,0,0,8,0,0,,0.0,31.0,1e+20,31,0.0157,0.0072,0.0,0.0068,0.0,0.0005,0.0,0.0877,0.1181
tpp-p14,0,True,188,530,562,1301,0,1679,0,0,0,0,20,0,0,,0.0,39.0,1e+20,39,0.0154,0.0091,0.0,0.0021,0.0,0.0013,0.0,0.1436,0.1709
tpp-p15,0,True,207,594,630,1456,0,1879,0,0,0,0,17,0,0,,0.0,45.0,1e+20,45,0.0151,0.0111,0.0,0.0022,0.0,0.0014,0.0,0.184,0.2131
tpp-p16,0,True,319,997,1057,2401,0,3164,0,0,0,0,19,0,0,,0.0,52.0,1e+20,52,0.0287,0.0312,0.0,0.0034,0.0,0.0024,0.0,0.5465,0.6107
tpp-p17,0,True,398,1300,1385,3106,0,4095,0,0,0,0,19,0,0,,0.0,50.0,1e+20,50,0.0403,0.0496,0.0,0.0044,0.0,0.0031,0.0,0.7339,0.8291
tpp-p18,0,True,431,1415,1505,3373,0,4452,0,0,0,0,18,0,0,,0.0,51.0,1e+20,51,0.0448,0.0581,0.0,0.0045,0.0,0.0034,0.0,0.7436,0.8518
tpp-p19,0,True,472,1625,1715,3843,0,5037,0,0,0,0,6,0,0,,0.0,62.0,1e+20,62,0.0505,0.0706,0.0,0.0054,0.0,0.0018,0.0,1.3778,1.5053
tpp-p20,0,True,505,1770,1865,4176,0,5466,0,0,0,0,18,0,0,,0.0,69.0,1e+20,69,0.0548,0.082,0.0,0.0058,0.0,0.0029,0.0,0.9158,1.0592
tpp-p21,0,True,551,2155,2263,5005,0,6522,0,0,22,0,23,0,39,,0.0,60.0,1e+20,60,0.0908,0.1498,0.0,0.007,0.0,0.0056,0.0,3.8408,4.0897
tpp-p22,0,True,598,2286,2406,5317,0,6970,0,0,42,0,36,0,26,,0.0,54.0,1e+20,54,0.1022,0.1684,0.0,0.0073,0.0,0.0078,0.0,1.0168,1.2961
tpp-p23,0,True,638,2439,2559,5671,0,7423,0,0,15,0,19,0,139,,0.0,63.0,1e+20,63,0.1134,0.1971,0.0,0.0077,0.0,0.0054,0.0,3.9565,4.2763
tpp-p24,0,True,679,2564,2690,5968,0,7821,0,0,22,0,29,0,3206,,0.0,65.0,1e+20,65,0.1247,0.2168,0.0,0.0082,0.0,0.008,0.0,16.7851,17.1365
tpp-p25,0,True,826,3393,3554,7816,0,10187,0,0,32,0,43,0,2585,,0.0,74.0,1e+20,74,0.1821,0.3481,0.0,0.0116,0.0,0.0133,0.0,35.162,35.7058
tpp-p26,0,True,1089,4926,5136,11195,0,14674,0,0,3,0,11,0,0,,0.0,77.0,1e+20,77,0.3536,0.7324,0.0,0.0195,0.0,0.0086,0.0,5.2035,6.3116
tpp-p27,0,True,1144,5123,5340,11655,0,15278,0,0,8,0,9,0,233,,0.0,83.0,1e+20,83,0.3886,0.8109,0.0,0.021,0.0,0.0092,0.0,11.9022,13.1256
tpp-p28,0,True,1212,5472,5703,12437,0,16308,0,0,3,0,13,0,5699,,0.0,87.0,1e+20,87,0.4287,0.9311,0.0,0.0235,0.0,0.0107,0.0,76.1722,77.5584
tpp-p29,0,True,1429,7072,7352,15914,0,20714,0,0,52,0,34,0,4005,,0.0,102.0,1e+20,102,0.6012,1.3741,0.0,0.0327,0.0,0.0242,0.0,120.6903,122.7019
tpp-p30,0,True,1508,7528,7816,16910,0,22024,0,0,40,0,20,0,6282,,0.0,101.0,1e+20,101,0.6664,1.5572,0.0,0.0366,0.0,0.0205,0.0,175.0282,177.2923
transport-opt08-strips-p01,0,False,18,32,56,108,0,126,0,0,3,0,4,0,0,,0.0,54.0,1e+20,54,0.0066,0.0002,0.0,0.0012,0.0,0.0001,0.0,0.0047,0.013
transport-opt08-strips-p02,0,False,36,140,251,430,0,548,0,0,192,0,104,0,2131,,0.0,119.0,1e+20,119,0.0061,0.0007,0.0,0.0015,0.0,0.0029,0.0,0.3655,0.3743
transport-opt08-strips-p03,0,False,60,230,390,684,0,877,0,0,408,0,340,0,6158,,0.0,165.0,1e+20,165,0.0069,0.0018,0.0,0.0013,0.0,0.0103,0.0,1.5562,1.5668
transport-opt08-strips-p04,0,False,90,583,1051,1729,0,2184,0,0,1057,0,396,0,96296,,0.0,189.0,1e+20,189,0.0096,0.0039,0.0,0.0021,0.0,0.0263,0.0,41.7672,41.7837
transport-opt08-strips-p05,2,False,126,745,1409,2286,0,2851,0,0,4118,0,1380,0,1661717,,0.0,222.0,1e+20,227,0.0123,0.0081,0.0,0.0027,0.0,0.1292,0.0,899.986,900.1791
transport-opt08-strips-p06,2,False,196,1986,3430,5619,0,7177,0,0,5286,0,1092,0,386267,,0.0,182.667,1e+20,286,0.0212,0.0229,0.0,0.0052,0.0,0.1779,0.0,899.9556,900.2086
transport-opt08-strips-p07,2,False,248,2434,4354,7044,0,8967,0,0,4569,0,1257,0,395755,,0.0,272.9,1e+20,328,0.0271,0.038,0.0,0.0067,0.0,0.2092,0.0,899.9365,900.08
transport-opt08-strips-p08,2,False,306,3167,5701,9183,0,11674,0,0,16214,0,3860,0,269476,,0.0,185.0,1e+20,300,0.0546,0.066,0.0,0.0093,0.0,0.7472,0.0,899.8809,900.0844
transport-opt08-strips-p09,2,False,370,3429,6565,10374,0,12939,0,0,11114,0,2059,0,280074,,0.0,169.143,1e+20,322,0.0602,0.094,0.0,0.0109,0.0,0.5254,0.0,899.8515,900.1248
transport-opt08-strips-p10,2,False,440,4810,8632,13893,0,17641,0,0,10227,0,1094,0,215388,,0.0,219.0,1e+20,10802,0.0781,0.1201,0.0,0.017,0.0,0.3491,0.0,899.7997,900.1881
transport-opt08-strips-p11,0,False,22,66,126,216,0,270,0,0,184,0,103,0,257,,0.0,245.0,1e+20,245,0.023,0.0003,0.0,0.0013,0.0,0.0025,0.0,0.0615,0.0865
transport-opt08-strips-p12,0,False,46,196,364,609,0,776,0,0,1419,0,547,0,136584,,0.0,305.0,1e+20,305,0.0064,0.0011,0.0,0.0012,0.0,0.0251,0.0,31.8972,31.9068
transport-opt08-strips-p13,2,False,78,460,833,1375,0,1751,0,0,4776,0,1306,0,679165,,0.0,188.333,1e+20,318,0.025,0.0029,0.0,0.0022,0.0,0.1109,0.0,899.9742,900.1164
transport-opt08-strips-p14,2,False,118,692,1257,2072,0,2661,0,0,6572,0,1601,0,818765,,0.0,226.133,1e+20,395,0.0124,0.0063,0.0,0.0027,0.0,0.1805,0.0,899.9845,900.3603
transport-opt08-strips-p15,2,False,166,1168,2110,3450,0,4386,0,0,7740,0,1359,0,758936,,0.0,150.533,1e+20,347,0.0342,0.015,0.0,0.0033,0.0,0.1964,0.0,899.9536,900.2547
transport-opt08-strips-p16,2,False,256,2293,4185,6741,0,8522,0,0,13930,0,2839,0,313201,,0.0,146.347,1e+20,507,0.0441,0.0383,0.0,0.0061,0.0,0.6707,0.0,899.919,900.1274
transport-opt08-strips-p17,2,False,325,3076,5704,9113,0,11540,0,0,21528,0,3212,0,348447,,0.0,242.8,1e+20,909,0.0546,0.0678,0.0,0.0096,0.0,0.9132,0.0,899.8935,900.1977
transport-opt08-strips-p18,2,False,402,3796,7216,11423,0,14280,0,0,17323,0,2303,0,208050,,0.0,160.667,1e+20,12370,0.0685,0.1186,0.0,0.0128,0.0,0.6807,0.0,899.8155,900.1087
transport-opt08-strips-p19,2,False,487,5347,9577,15421,0,19597,0,0,14912,0,1600,0,144257,,0.0,180.5,1e+20,14548,0.0823,0.1587,0.0,0.0189,0.0,0.5809,0.0,899.7579,900.0747
transport-opt08-strips-p20,2,False,580,5577,10824,16992,0,21281,0,0,10807,0,992,0,180176,,0.0,336.093,1e+20,12631,0.1019,0.2371,0.0,0.0266,0.0,0.3786,0.0,899.6582,900.1055
transport-opt08-strips-p21,0,False,18,60,108,188,0,230,0,0,70,0,30,0,0,,0.0,320.0,1e+20,320,0.0224,0.0002,0.0,0.0015,0.0,0.0007,0.0,0.0291,0.0537
transport-opt08-strips-p22,0,False,36,142,254,435,0,562,0,0,146,0,93,0,2498,,0.0,433.0,1e+20,433,0.0059,0.0007,0.0,0.0013,0.0,0.0025,0.0,0.2147,0.223
transport-opt08-strips-p23,0,False,60,278,531,873,0,1102,0,0,837,0,342,0,31737,,0.0,505.0,1e+20,505,0.0072,0.0018,0.0,0.0017,0.0,0.0163,0.0,4.6295,4.6409
transport-opt08-strips-p24,0,False,90,472,897,1464,0,1840,0,0,735,0,392,0,39620,,0.0,428.0,1e+20,428,0.0098,0.004,0.0,0.0022,0.0,0.0206,0.0,11.4227,11.4393
transport-opt08-strips-p25,0,False,126,825,1511,2468,0,3132,0,0,1216,0,558,0,51447,,0.0,549.0,1e+20,549,0.0126,0.0078,0.0,0.0029,0.0,0.044,0.0,21.8424,21.8664
transport-opt08-strips-p26,2,False,196,1615,3041,4859,0,6086,0,0,4280,0,1027,0,700899,,0.0,434.223,1e+20,515,0.0215,0.0256,0.0,0.0045,0.0,0.1471,0.0,899.9565,900.1523
transport-opt08-strips-p27,2,False,248,2386,4378,7020,0,8833,0,0,6223,0,1224,0,513570,,0.0,277.375,1e+20,535,0.0441,0.039,0.0,0.0065,0.0,0.2343,0.0,899.9243,900.1796
transport-opt08-strips-p28,2,False,306,2688,5147,8150,0,10194,0,0,9943,0,1534,0,471128,,0.0,327.956,1e+20,768,0.0529,0.064,0.0,0.0081,0.0,0.3552,0.0,899.8932,900.2071
transport-opt08-strips-p29,2,False,370,3613,6692,10685,0,13435,0,0,8387,0,1152,0,310719,,0.0,350.0,1e+20,814,0.0629,0.0987,0.0,0.0117,0.0,0.2894,0.0,899.8327,900.0435
transport-opt08-strips-p30,2,False,440,4055,7778,12284,0,15327,0,0,8229,0,1060,0,182191,,0.0,347.25,1e+20,749,0.0768,0.1482,0.0,0.0142,0.0,0.2951,0.0,899.7768,900.0659
transport-opt11-strips-p01,0,False,60,278,531,873,0,1102,0,0,837,0,342,0,31737,,0.0,505.0,1e+20,505,0.0239,0.0018,0.0,0.0017,0.0,0.016,0.0,4.638,4.6661
transport-opt11-strips-p02,0,False,60,230,390,684,0,877,0,0,408,0,340,0,6158,,0.0,165.0,1e+20,165,0.0252,0.0018,0.0,0.0018,0.0,0.0103,0.0,1.5603,1.5895
transport-opt11-strips-p03,0,False,46,196,364,609,0,776,0,0,1419,0,547,0,136584,,0.0,305.0,1e+20,305,0.0067,0.0011,0.0,0.0015,0.0,0.025,0.0,31.8153,31.8255
transport-opt11-strips-p04,2,False,78,460,833,1375,0,1751,0,0,4776,0,1306,0,679387,,0.0,188.333,1e+20,318,0.0083,0.0029,0.0,0.0018,0.0,0.1112,0.0,899.9928,900.1181
transport-opt11-strips-p05,0,False,90,472,897,1464,0,1840,0,0,735,0,392,0,39620,,0.0,428.0,1e+20,428,0.0286,0.0041,0.0,0.0021,0.0,0.0205,0.0,11.4327,11.4694
transport-opt11-strips-p06,0,False,90,583,1051,1729,0,2184,0,0,1057,0,396,0,96296,,0.0,189.0,1e+20,189,0.0092,0.0038,0.0,0.002,0.0,0.0263,0.0,41.7486,41.7642
transport-opt11-strips-p07,0,False,110,578,1100,1794,0,2249,0,0,527,0,278,0,37058,,0.0,170.0,1e+20,170,0.0125,0.006,0.0,0.002,0.0,0.0159,0.0,12.7005,12.7219
transport-opt11-strips-p08,0,False,132,953,1753,2844,0,3616,0,0,1613,0,583,0,246498,,0.0,214.0,1e+20,214,0.032,0.0113,0.0,0.0029,0.0,0.0525,0.0,155.9021,155.9492
transport-opt11-strips-p09,0,False,132,743,1419,2301,0,2866,0,0,793,0,271,0,12053,,0.0,151.0,1e+20,151,0.0133,0.0097,0.0,0.0023,0.0,0.0207,0.0,9.0161,9.0422
transport-opt11-strips-p10,0,False,156,1133,2107,3403,0,4316,0,0,673,0,173,0,35794,,0.0,243.0,1e+20,243,0.0176,0.0146,0.0,0.003,0.0,0.0186,0.0,27.45,27.4861
transport-opt11-strips-p11,2,False,146,883,1699,2736,0,3412,0,0,9735,0,1431,0,1063448,,0.0,175.583,1e+20,404,0.0304,0.0126,0.0,0.0029,0.0,0.2149,0.0,899.9613,900.1147
transport-opt11-strips-p12,2,False,171,1330,2554,4063,0,5078,0,0,18387,0,2537,0,483965,,0.0,189.662,1e+20,438,0.0177,0.0212,0.0,0.0035,0.0,0.4922,0.0,899.9687,900.1732
transport-opt11-strips-p13,2,False,156,1060,1974,3198,0,4055,0,0,9119,0,2060,0,877143,,0.0,140.167,1e+20,224,0.0176,0.0119,0.0,0.0031,0.0,0.2539,0.0,899.9723,900.0778
transport-opt11-strips-p14,2,False,182,1445,2685,4320,0,5470,0,0,3083,0,1440,0,656568,,0.0,235.0,1e+20,240,0.0383,0.0214,0.0,0.0042,0.0,0.1352,0.0,899.9451,900.2199
transport-opt11-strips-p15,0,False,171,1088,2090,3358,0,4164,0,0,1090,0,340,0,134353,,0.0,589.0,1e+20,589,0.0326,0.0153,0.0,0.0032,0.0,0.0363,0.0,59.8061,59.8582
transport-opt11-strips-p16,2,False,198,1577,3025,4809,0,5969,0,0,3135,0,1670,0,951859,,0.0,541.5,1e+20,566,0.0418,0.0269,0.0,0.0046,0.0,0.1515,0.0,899.935,900.1464
transport-opt11-strips-p17,2,False,126,745,1409,2286,0,2851,0,0,4103,0,1375,0,1664771,,0.0,222.0,1e+20,227,0.0143,0.0082,0.0,0.0028,0.0,0.129,0.0,899.9846,900.1517
transport-opt11-strips-p18,2,False,118,692,1257,2072,0,2661,0,0,6554,0,1597,0,817879,,0.0,226.105,1e+20,395,0.012,0.0067,0.0,0.0029,0.0,0.1777,0.0,899.9847,900.3149
transport-opt11-strips-p19,0,False,126,825,1511,2468,0,3132,0,0,1216,0,558,0,51447,,0.0,549.0,1e+20,549,0.0314,0.0078,0.0,0.0029,0.0,0.0435,0.0,21.789,21.832
transport-opt11-strips-p20,2,False,196,1986,3430,5619,0,7177,0,0,5261,0,1091,0,386866,,0.0,182.643,1e+20,286,0.0399,0.0224,0.0,0.005,0.0,0.18,0.0,899.9447,900.2167
transport-opt14-strips-p01,0,False,36,127,237,404,0,494,0,0,64,0,27,0,0,,0.0,90.0,1e+20,90,0.0073,0.0008,0.0,0.0013,0.0,0.0008,0.0,0.1337,0.1435
transport-opt14-strips-p02,0,False,66,287,503,860,0,1115,0,0,127,0,79,0,1225,,0.0,127.0,1e+20,127,0.0074,0.0021,0.0,0.0019,0.0,0.0027,0.0,0.2095,0.2215
transport-opt14-strips-p03,0,False,90,521,981,1597,0,2002,0,0,239,0,86,0,456,,0.0,174.0,1e+20,174,0.0091,0.0041,0.0,0.002,0.0,0.0045,0.0,0.4405,0.4563
transport-opt14-strips-p04,0,False,134,791,1489,2419,0,3061,0,0,791,0,339,0,21906,,0.0,164.0,1e+20,164,0.0145,0.0103,0.0,0.0027,0.0,0.0239,0.0,12.5679,12.5962
transport-opt14-strips-p05,2,False,177,1664,2948,4795,0,6091,0,0,6995,0,1627,0,413416,,0.0,186.1,1e+20,279,0.0174,0.0179,0.0,0.0043,0.0,0.2435,0.0,899.9689,900.1356
transport-opt14-strips-p06,0,False,195,1394,2674,4269,0,5391,0,0,1309,0,834,0,178379,,0.0,260.0,1e+20,260,0.0374,0.0227,0.0,0.0044,0.0,0.0635,0.0,175.9532,176.0186
transport-opt14-strips-p07,0,False,66,318,606,994,0,1260,0,0,3104,0,932,0,868659,,0.0,360.0,1e+20,360,0.0083,0.0025,0.0,0.002,0.0,0.0626,0.0,367.1222,367.1358
transport-opt14-strips-p08,2,False,126,639,1199,1968,0,2512,0,0,8650,0,2411,0,1163072,,0.0,142.167,1e+20,370,0.0311,0.0076,0.0,0.0025,0.0,0.2402,0.0,899.9642,900.3175
transport-opt14-strips-p09,2,False,174,1059,1999,3237,0,4097,0,0,6542,0,2416,0,764192,,0.0,151.714,1e+20,395,0.0343,0.0146,0.0,0.0033,0.0,0.2214,0.0,899.9586,900.264
transport-opt14-strips-p10,2,False,254,2004,3674,5937,0,7639,0,0,12939,0,3295,0,389274,,0.0,155.84,1e+20,703,0.0448,0.0366,0.0,0.0057,0.0,0.6872,0.0,899.9287,900.1949
transport-opt14-strips-p11,2,False,339,2926,5488,8759,0,11056,0,0,12924,0,2311,0,333977,,0.0,186.5,1e+20,562,0.0564,0.0772,0.0,0.0089,0.0,0.5414,0.0,899.8749,900.1446
transport-opt14-strips-p12,2,False,375,3159,5777,9317,0,11944,0,0,13685,0,2790,0,348571,,0.0,202.0,1e+20,955,0.0594,0.0804,0.0,0.011,0.0,0.7391,0.0,899.8574,900.1822
transport-opt14-strips-p13,0,False,96,549,997,1646,0,2121,0,0,1790,0,544,0,680578,,0.0,473.0,1e+20,473,0.0112,0.0041,0.0,0.0023,0.0,0.0452,0.0,237.0319,237.0503
transport-opt14-strips-p14,0,False,186,1019,1790,2999,0,3914,0,0,1101,0,358,0,99891,,0.0,336.0,1e+20,336,0.0323,0.0138,0.0,0.0031,0.0,0.0333,0.0,69.2743,69.3244
transport-opt14-strips-p15,2,False,258,1649,2944,4856,0,6273,0,0,7180,0,2144,0,734468,,0.0,286.25,1e+20,605,0.0401,0.0277,0.0,0.0049,0.0,0.333,0.0,899.9362,900.2461
transport-opt14-strips-p16,2,False,374,2741,4942,8062,0,10453,0,0,6952,0,4067,0,415418,,0.0,256.333,1e+20,609,0.0555,0.0719,0.0,0.0088,0.0,0.4184,0.0,899.8702,900.0851
transport-opt14-strips-p17,2,False,501,4705,8575,13787,0,17580,0,0,12094,0,2541,0,110106,,0.0,276.0,1e+20,1730,0.0762,0.1534,0.0,0.0172,0.0,0.795,0.0,899.7689,900.1567
transport-opt14-strips-p18,2,False,555,5002,9108,14671,0,18745,0,0,10014,0,2714,0,159093,,0.0,272.5,1e+20,730,0.0697,0.1796,0.0,0.0194,0.0,0.7866,0.0,899.743,900.0544
transport-opt14-strips-p19,2,False,616,5014,9478,15115,0,19095,0,0,5810,0,1354,0,254162,,0.0,336.914,1e+20,849,0.0974,0.2309,0.0,0.0234,0.0,0.3891,0.0,899.6735,900.1394
transport-opt14-strips-p20,2,False,616,5014,9478,15115,0,19095,0,0,5825,0,1360,0,254624,,0.0,336.865,1e+20,862,0.1001,0.2317,0.0,0.0234,0.0,0.3876,0.0,899.6769,900.1241
transport-sat08-strips-p01,0,False,26,82,142,252,0,309,0,0,31,0,14,0,0,,0.0,54.0,1e+20,54,0.0239,0.0003,0.0,0.0016,0.0,0.0003,0.0,0.0295,0.0558
transport-sat08-strips-p02,0,False,66,299,531,900,0,1162,0,0,159,0,109,0,3613,,0.0,152.0,1e+20,152,0.0078,0.0021,0.0,0.0018,0.0,0.0037,0.0,0.4833,0.4962
transport-sat08-strips-p03,2,False,150,1227,2243,3626,0,4565,0,0,4177,0,1364,0,642869,,0.0,193.792,1e+20,214,0.0165,0.0138,0.0,0.0035,0.0,0.163,0.0,899.9711,900.1539
transport-sat08-strips-p04,2,False,237,2179,3882,6306,0,8051,0,0,9573,0,2307,0,377844,,0.0,129.979,1e+20,253,0.0434,0.0335,0.0,0.0061,0.0,0.4127,0.0,899.9268,900.0625
transport-sat08-strips-p05,2,False,344,3003,5765,9122,0,11399,0,0,8561,0,1832,0,364676,,0.0,222.5,1e+20,361,0.0577,0.0793,0.0,0.0108,0.0,0.3273,0.0,899.8613,900.1061
transport-sat08-strips-p06,2,False,516,6545,12245,19318,0,24265,0,0,7611,0,716,0,52592,,0.0,175.5,1e+20,15148,0.1038,0.2418,0.0,0.0237,0.0,0.2828,0.0,899.6463,900.1069
transport-sat08-strips-p07,2,False,670,9375,16833,26892,0,34274,0,0,4385,0,417,0,7826,,0.0,269.731,1e+20,17250,0.1486,0.402,0.0,0.0391,0.0,0.1982,0.0,899.4388,900.039
transport-sat08-strips-p08,2,False,844,11825,21783,34468,0,43587,0,0,3643,0,275,0,7076,,0.0,299.0,1e+20,805,0.2111,0.653,0.0,0.0665,0.0,0.1661,0.0,899.0833,900.0204
transport-sat08-strips-p09,2,False,1038,15442,27877,44375,0,56556,0,0,2431,0,161,0,1761,,0.0,271.067,1e+20,24444,0.2977,0.9545,0.0,0.0938,0.0,0.1389,0.0,898.6732,900.0315
transport-sat08-strips-p10,2,False,1252,18354,33971,53597,0,67778,0,0,2079,0,113,0,1321,,0.0,325.386,1e+20,29213,0.416,1.4635,0.0,0.1395,0.0,0.1418,0.0,897.9963,900.0319
transport-sat08-strips-p11,0,False,30,103,195,330,0,424,0,0,478,0,265,0,2381,,0.0,262.0,1e+20,262,0.0235,0.0005,0.0,0.0013,0.0,0.0078,0.0,0.3832,0.409
transport-sat08-strips-p12,0,False,78,379,727,1188,0,1515,0,0,5595,0,2061,0,882309,,0.0,258.0,1e+20,258,0.0101,0.0033,0.0,0.0016,0.0,0.1218,0.0,463.0811,463.0968
transport-sat08-strips-p13,2,False,177,1461,2608,4252,0,5469,0,0,16476,0,3215,0,368228,,0.0,144.0,1e+20,371,0.0369,0.0196,0.0,0.0042,0.0,0.5449,0.0,899.947,900.1302
transport-sat08-strips-p14,2,False,281,2566,4738,7593,0,9611,0,0,23626,0,3943,0,388784,,0.0,145.667,1e+20,907,0.0496,0.0503,0.0,0.0072,0.0,1.0329,0.0,899.9022,900.0667
transport-sat08-strips-p15,2,False,409,3936,7290,11645,0,14714,0,0,14962,0,2183,0,201596,,0.0,159.333,1e+20,941,0.0689,0.1293,0.0,0.013,0.0,0.6893,0.0,902.6224,906.1076
transport-sat08-strips-p16,2,False,612,8185,14965,23774,0,30097,0,0,5872,0,420,0,48612,,0.0,182.667,1e+20,20755,0.1256,0.3477,0.0,0.037,0.0,0.2009,0.0,899.5199,900.0472
transport-sat08-strips-p17,2,False,796,9999,18897,29706,0,37454,0,0,5801,0,376,0,47939,,0.0,278.673,1e+20,20964,0.1891,0.6248,0.0,0.0492,0.0,0.1983,0.0,899.1588,900.0407
transport-sat08-strips-p18,2,False,1004,13785,25414,40219,0,51030,0,0,3965,0,212,0,3987,,0.0,274.202,1e+20,26670,0.2783,0.9539,0.0,0.0819,0.0,0.1543,0.0,898.7001,900.0269
transport-sat08-strips-p19,2,False,1236,17209,32671,51134,0,64324,0,0,2927,0,136,0,3020,,0.0,240.385,1e+20,31546,0.4002,1.4875,0.0,0.1276,0.0,0.1354,0.0,898.0174,900.0498
transport-sat08-strips-p20,2,False,1492,19973,37819,59304,0,74609,0,0,3270,0,138,0,2126,,0.0,281.405,1e+20,36536,0.5618,2.1315,0.0,0.1807,0.0,0.1613,0.0,897.1765,900.0736
transport-sat08-strips-p21,0,False,30,105,183,320,0,416,0,0,78,0,49,0,0,,0.0,386.0,1e+20,386,0.0227,0.0004,0.0,0.0014,0.0,0.0012,0.0,0.0828,0.1079
transport-sat08-strips-p22,0,False,78,392,734,1208,0,1535,0,0,341,0,163,0,5004,,0.0,421.0,1e+20,421,0.0091,0.0033,0.0,0.0019,0.0,0.0069,0.0,1.5832,1.5981
transport-sat08-strips-p23,2,False,177,1440,2616,4239,0,5373,0,0,6556,0,3091,0,552662,,0.0,353.974,1e+20,516,0.0185,0.0188,0.0,0.0037,0.0,0.3919,0.0,899.9642,900.1547
transport-sat08-strips-p24,2,False,281,2627,4907,7823,0,9909,0,0,5446,0,1550,0,550277,,0.0,591.843,1e+20,640,0.0499,0.0473,0.0,0.0077,0.0,0.2965,0.0,899.9114,900.143
transport-sat08-strips-p25,2,False,409,4300,7738,12457,0,15862,0,0,7833,0,1327,0,204961,,0.0,343.5,1e+20,746,0.0527,0.1102,0.0,0.0137,0.0,0.3548,0.0,899.8325,900.033
transport-sat08-strips-p26,2,False,612,7048,13546,21218,0,26491,0,0,6445,0,861,0,115297,,0.0,349.633,1e+20,1256,0.1301,0.3853,0.0,0.0336,0.0,0.3537,0.0,902.9532,906.2776
transport-sat08-strips-p27,2,False,796,9647,18696,29153,0,36420,0,0,5449,0,364,0,39923,,0.0,406.129,1e+20,26254,0.1923,0.6776,0.0,0.0498,0.0,0.1883,0.0,899.1049,900.059
transport-sat08-strips-p28,2,False,1004,12795,24721,38536,0,48057,0,0,3231,0,201,0,8081,,0.0,434.117,1e+20,34181,0.2811,1.0968,0.0,0.0805,0.0,0.1476,0.0,898.5606,900.0869
transport-sat08-strips-p29,2,False,1236,17323,31879,50456,0,64013,0,0,2935,0,147,0,2709,,0.0,439.999,1e+20,38411,0.3997,1.3702,0.0,0.1205,0.0,0.1512,0.0,898.1397,900.0603
transport-sat08-strips-p30,2,False,1492,20833,39665,62010,0,78051,0,0,2644,0,119,0,2612,,0.0,540.5,1e+20,40417,0.5586,2.1568,0.0,0.1951,0.0,0.1604,0.0,897.1659,900.1066
transport-sat11-strips-p01,2,False,844,11825,21783,34468,0,43587,0,0,3643,0,275,0,7084,,0.0,299.0,1e+20,805,0.2131,0.6491,0.0,0.0645,0.0,0.1673,0.0,899.1001,900.033
transport-sat11-strips-p02,2,False,1038,15442,27877,44375,0,56556,0,0,2431,0,161,0,1760,,0.0,271.067,1e+20,24444,0.3018,0.9793,0.0,0.0943,0.0,0.1386,0.0,898.6441,900.0331
transport-sat11-strips-p03,2,False,1236,17323,31879,50456,0,64013,0,0,2935,0,147,0,2710,,0.0,439.999,1e+20,38411,0.3952,1.3837,0.0,0.1254,0.0,0.1486,0.0,898.119,900.0576
transport-sat11-strips-p04,2,False,612,8185,14965,23774,0,30097,0,0,5872,0,420,0,48605,,0.0,182.667,1e+20,20755,0.1287,0.3449,0.0,0.0366,0.0,0.2039,0.0,899.5036,900.0563
transport-sat11-strips-p05,2,False,796,9999,18897,29706,0,37454,0,0,5801,0,376,0,47940,,0.0,278.673,1e+20,20964,0.1882,0.6229,0.0,0.0472,0.0,0.1968,0.0,899.1588,900.0297
transport-sat11-strips-p06,2,False,1004,13785,25414,40219,0,51030,0,0,3965,0,212,0,3961,,0.0,274.202,1e+20,26670,0.2809,0.9491,0.0,0.0769,0.0,0.1532,0.0,898.7153,900.0364
transport-sat11-strips-p07,2,False,1236,17209,32671,51134,0,64324,0,0,2927,0,136,0,3025,,0.0,240.385,1e+20,31546,0.3987,1.4924,0.0,0.1303,0.0,0.1352,0.0,898.0085,900.047
transport-sat11-strips-p08,2,False,1252,18354,33971,53597,0,67778,0,0,2079,0,113,0,1321,,0.0,325.386,1e+20,29213,0.4178,1.4628,0.0,0.1304,0.0,0.1404,0.0,898.015,900.0432
transport-sat11-strips-p09,2,False,1492,19973,37819,59304,0,74609,0,0,3270,0,138,0,2125,,0.0,281.405,1e+20,36536,0.5581,2.1218,0.0,0.1794,0.0,0.1597,0.0,897.1964,900.0779
transport-sat11-strips-p10,2,False,1492,20833,39665,62010,0,78051,0,0,2619,0,118,0,2612,,0.0,540.5,1e+20,40417,0.5626,2.1594,0.0,0.1952,0.0,0.1584,0.0,897.1576,900.1041
transport-sat11-strips-p11,2,False,1356,19470,36127,56975,0,72203,0,0,2112,0,110,0,1316,,0.0,354.902,1e+20,28217,0.4819,1.9392,0.0,0.1651,0.0,0.1467,0.0,897.4491,900.0575
transport-sat11-strips-p12,2,False,1324,18122,34440,53906,0,67759,0,0,3132,0,181,0,1814,,0.0,321.071,1e+20,28247,0.4553,1.6657,0.0,0.158,0.0,0.1962,0.0,897.7407,900.0386
transport-sat11-strips-p13,2,False,1434,21066,39090,61612,0,77933,0,0,2329,0,144,0,1575,,0.0,343.5,1e+20,1553,0.5622,1.9988,0.0,0.1741,0.0,0.1894,0.0,897.2944,900.0506
transport-sat11-strips-p14,2,False,3176,43243,84751,131192,0,163978,0,0,1846,0,64,0,1301,,0.0,347.7,1e+20,65770,2.2188,12.248,0.0,1.4387,0.0,0.2776,0.0,884.1398,900.1335
transport-sat11-strips-p15,2,False,3028,43871,83471,130390,0,164248,0,0,1770,0,64,0,1218,,0.0,372.0,1e+20,67185,2.0074,8.6087,0.0,1.3209,0.0,0.3003,0.0,888.1296,900.1618
transport-sat11-strips-p16,2,False,3280,50809,94391,148502,0,188237,0,0,952,0,31,0,71,,0.0,351.75,1e+20,74193,2.3668,11.517,0.0,1.6318,0.0,0.2899,0.0,884.581,900.2142
transport-sat11-strips-p17,2,False,4736,69511,132381,206650,0,260295,0,0,1138,0,32,0,687,,0.0,433.0,1e+20,106993,4.7629,23.6672,0.0,3.6364,0.0,0.4573,0.0,868.0833,900.3453
transport-sat11-strips-p18,2,False,4588,65607,124649,194864,0,245922,0,0,1729,0,55,0,1315,,0.0,400.333,1e+20,103516,4.4096,22.1401,0.0,3.3843,0.0,0.4974,0.0,870.2418,900.3388
transport-sat11-strips-p19,2,False,4970,69163,135519,209674,0,262271,0,0,823,0,23,0,424,,0.0,393.0,1e+20,107017,5.2021,28.0682,0.0,3.7636,0.0,0.418,0.0,863.2071,900.4216
transport-sat11-strips-p20,2,False,5204,77022,146630,228878,0,288276,0,0,931,0,26,0,12,,0.0,476.233,1e+20,117809,5.7156,26.8568,0.0,4.7373,0.0,0.4938,0.0,862.8383,900.35
transport-sat14-strips-p01,2,False,1512,20463,40180,62180,0,77477,0,0,2117,0,91,0,1276,,0.0,315.5,1e+20,30709,0.5915,2.4178,0.0,0.1998,0.0,0.1394,0.0,896.8203,900.0495
transport-sat14-strips-p02,2,False,1874,25945,51071,78920,0,98334,0,0,3706,0,229,0,1212,,0.0,379.357,1e+20,36960,0.8734,4.0547,0.0,0.3347,0.0,0.3553,0.0,894.7831,900.0755
transport-sat14-strips-p03,2,False,1599,23988,44566,70178,0,88745,0,0,3295,0,131,0,2559,,0.0,331.975,1e+20,34909,0.6563,2.5922,0.0,0.2332,0.0,0.2142,0.0,896.6331,900.1403
transport-sat14-strips-p04,2,False,4006,59624,113949,177604,0,223506,0,0,2199,0,70,0,1266,,0.0,416.5,1e+20,83203,3.5187,17.0908,0.0,2.6299,0.0,0.5156,0.0,876.8427,900.2322
transport-sat14-strips-p05,2,False,4628,74263,138493,217414,0,275250,0,0,507,0,12,0,0,,0.0,388.133,1e+20,99721,4.7613,22.4619,0.0,3.8484,0.0,0.5619,0.0,869.0217,900.297
transport-sat14-strips-p06,2,False,4006,59624,113949,177604,0,223506,0,0,2199,0,70,0,1266,,0.0,416.5,1e+20,83203,3.5131,17.0253,0.0,2.6971,0.0,0.5167,0.0,876.849,900.2325
transport-sat14-strips-p07,2,False,5978,104047,184835,294885,0,378726,0,0,666,0,15,0,113,,0.0,534.5,1e+20,143406,7.627,34.2345,0.0,6.5427,0.0,0.8968,0.0,851.7668,900.4889
transport-sat14-strips-p08,2,False,6906,111539,207959,326434,0,413448,0,0,646,0,13,0,92,,0.0,552.75,1e+20,152314,10.3648,48.156,0.0,8.987,0.0,0.99,0.0,832.8284,900.6829
transport-sat14-strips-p09,2,False,5978,104047,184835,294885,0,378726,0,0,666,0,15,0,112,,0.0,534.5,1e+20,143406,7.6244,34.1618,0.0,6.535,0.0,0.905,0.0,851.8844,900.5301
transport-sat14-strips-p10,2,False,5804,87175,166300,259304,0,326351,0,0,753,0,19,0,254,,0.0,430.25,1e+20,128935,7.1801,32.8031,0.0,5.9688,0.0,0.6271,0.0,854.574,900.811
transport-sat14-strips-p11,2,False,1890,34794,64059,100768,0,127918,0,0,2327,0,87,0,1217,,0.0,353.625,1e+20,48890,1.035,4.4377,0.0,0.3975,0.0,0.2934,0.0,894.1722,900.083
transport-sat14-strips-p12,2,False,2214,36159,65783,104186,0,132570,0,0,2513,0,103,0,1208,,0.0,396.357,1e+20,48100,1.1935,4.8834,0.0,0.6285,0.0,0.3341,0.0,893.3682,900.1178
transport-sat14-strips-p13,2,False,1798,20287,38315,60425,0,76096,0,0,3788,0,186,0,2761,,0.0,345.713,1e+20,29107,0.6449,2.6062,0.0,0.2344,0.0,0.2396,0.0,896.5326,900.0421
transport-sat14-strips-p14,2,False,3690,64953,124803,193471,0,243342,0,0,566,0,16,0,159,,0.0,344.75,1e+20,92727,3.5931,17.4093,0.0,2.9265,0.0,0.3545,0.0,876.3617,900.4753
transport-sat14-strips-p15,2,False,4288,64912,124260,193490,0,243317,0,0,744,0,19,0,0,,0.0,445.0,1e+20,89211,4.1148,21.5343,0.0,3.1664,0.0,0.4102,0.0,871.274,900.2463
transport-sat14-strips-p16,2,False,3506,41608,78733,123872,0,156021,0,0,1904,0,61,0,1222,,0.0,351.5,1e+20,59863,2.1663,9.5127,0.0,1.5788,0.0,0.2912,0.0,886.8056,900.1568
transport-sat14-strips-p17,2,False,5490,101454,190606,297575,0,376694,0,0,696,0,15,0,140,,0.0,575.85,1e+20,147660,7.6806,41.2114,0.0,6.2873,0.0,0.8552,0.0,845.0384,900.5125
transport-sat14-strips-p18,2,False,6498,99218,189848,295594,0,371764,0,0,483,0,10,0,5,,0.0,481.25,1e+20,138966,9.1467,47.0375,0.0,7.7989,0.0,0.9374,0.0,836.2098,900.4953
transport-sat14-strips-p19,2,False,5326,68252,124902,198505,0,252354,0,0,1567,0,42,0,1196,,0.0,501.45,1e+20,98020,4.8082,22.5135,0.0,3.9578,0.0,0.5313,0.0,868.821,900.2666
transport-sat14-strips-p20,2,False,6030,107729,206629,320413,0,402996,0,0,628,0,13,0,193,,0.0,496.0,1e+20,159897,9.1891,44.0998,0.0,7.6931,0.0,0.7964,0.0,839.2017,900.5408
trucks-p01,-3,False,0,0,0,0,0,0,0,0,0,0,0,0,0,,0.0,0.0,1e+20,1e+20,0,0,0,0,0,0,0,0,0
trucks-p02,-3,False,0,0,0,0,0,0,0,0,0,0,0,0,0,,0.0,0.0,1e+20,1e+20,0,0,0,0,0,0,0,0,0
trucks-p03,-3,False,0,0,0,0,0,0,0,0,0,0,0,0,0,,0.0,0.0,1e+20,1e+20,0,0,0,0,0,0,0,0,0
trucks-p04,-3,False,0,0,0,0,0,0,0,0,0,0,0,0,0,,0.0,0.0,1e+20,1e+20,0,0,0,0,0,0,0,0,0
trucks-p05,-3,False,0,0,0,0,0,0,0,0,0,0,0,0,0,,0.0,0.0,1e+20,1e+20,0,0,0,0,0,0,0,0,0
trucks-p06,-3,False,0,0,0,0,0,0,0,0,0,0,0,0,0,,0.0,0.0,1e+20,1e+20,0,0,0,0,0,0,0,0,0
trucks-p07,-3,False,0,0,0,0,0,0,0,0,0,0,0,0,0,,0.0,0.0,1e+20,1e+20,0,0,0,0,0,0,0,0,0
trucks-p08,-3,False,0,0,0,0,0,0,0,0,0,0,0,0,0,,0.0,0.0,1e+20,1e+20,0,0,0,0,0,0,0,0,0
trucks-p09,-3,False,0,0,0,0,0,0,0,0,0,0,0,0,0,,0.0,0.0,1e+20,1e+20,0,0,0,0,0,0,0,0,0
trucks-p10,-3,False,0,0,0,0,0,0,0,0,0,0,0,0,0,,0.0,0.0,1e+20,1e+20,0,0,0,0,0,0,0,0,0
trucks-p11,-3,False,0,0,0,0,0,0,0,0,0,0,0,0,0,,0.0,0.0,1e+20,1e+20,0,0,0,0,0,0,0,0,0
trucks-p12,-3,False,0,0,0,0,0,0,0,0,0,0,0,0,0,,0.0,0.0,1e+20,1e+20,0,0,0,0,0,0,0,0,0
trucks-p13,-3,False,0,0,0,0,0,0,0,0,0,0,0,0,0,,0.0,0.0,1e+20,1e+20,0,0,0,0,0,0,0,0,0
trucks-p14,-3,False,0,0,0,0,0,0,0,0,0,0,0,0,0,,0.0,0.0,1e+20,1e+20,0,0,0,0,0,0,0,0,0
trucks-p15,-3,False,0,0,0,0,0,0,0,0,0,0,0,0,0,,0.0,0.0,1e+20,1e+20,0,0,0,0,0,0,0,0,0
trucks-p16,-3,False,0,0,0,0,0,0,0,0,0,0,0,0,0,,0.0,0.0,1e+20,1e+20,0,0,0,0,0,0,0,0,0
trucks-p17,-3,False,0,0,0,0,0,0,0,0,0,0,0,0,0,,0.0,0.0,1e+20,1e+20,0,0,0,0,0,0,0,0,0
trucks-p18,-3,False,0,0,0,0,0,0,0,0,0,0,0,0,0,,0.0,0.0,1e+20,1e+20,0,0,0,0,0,0,0,0,0
trucks-p19,-3,False,0,0,0,0,0,0,0,0,0,0,0,0,0,,0.0,0.0,1e+20,1e+20,0,0,0,0,0,0,0,0,0
trucks-p20,-3,False,0,0,0,0,0,0,0,0,0,0,0,0,0,,0.0,0.0,1e+20,1e+20,0,0,0,0,0,0,0,0,0
trucks-p21,-3,False,0,0,0,0,0,0,0,0,0,0,0,0,0,,0.0,0.0,1e+20,1e+20,0,0,0,0,0,0,0,0,0
trucks-p22,-3,False,0,0,0,0,0,0,0,0,0,0,0,0,0,,0.0,0.0,1e+20,1e+20,0,0,0,0,0,0,0,0,0
trucks-p23,-3,False,0,0,0,0,0,0,0,0,0,0,0,0,0,,0.0,0.0,1e+20,1e+20,0,0,0,0,0,0,0,0,0
trucks-p24,-3,False,0,0,0,0,0,0,0,0,0,0,0,0,0,,0.0,0.0,1e+20,1e+20,0,0,0,0,0,0,0,0,0
trucks-p25,-3,False,0,0,0,0,0,0,0,0,0,0,0,0,0,,0.0,0.0,1e+20,1e+20,0,0,0,0,0,0,0,0,0
trucks-p26,-3,False,0,0,0,0,0,0,0,0,0,0,0,0,0,,0.0,0.0,1e+20,1e+20,0,0,0,0,0,0,0,0,0
trucks-p27,-3,False,0,0,0,0,0,0,0,0,0,0,0,0,0,,0.0,0.0,1e+20,1e+20,0,0,0,0,0,0,0,0,0
trucks-p28,-3,False,0,0,0,0,0,0,0,0,0,0,0,0,0,,0.0,0.0,1e+20,1e+20,0,0,0,0,0,0,0,0,0
trucks-p29,-3,False,0,0,0,0,0,0,0,0,0,0,0,0,0,,0.0,0.0,1e+20,1e+20,0,0,0,0,0,0,0,0,0
trucks-p30,-3,False,0,0,0,0,0,0,0,0,0,0,0,0,0,,0.0,0.0,1e+20,1e+20,0,0,0,0,0,0,0,0,0
trucks-strips-p01,0,True,14,33,48,107,0,122,0,0,0,0,3,0,0,,0.0,11.0,1e+20,11,0.0057,0.0003,0.0,0.0013,0.0,0.0001,0.0,0.0059,0.0137
trucks-strips-p02,0,True,17,40,55,126,0,143,0,0,0,0,3,0,0,,0.0,14.0,1e+20,14,0.0064,0.0004,0.0,0.0011,0.0,0.0001,0.0,0.0062,0.0146
trucks-strips-p03,0,True,23,53,81,175,0,194,0,0,0,0,3,0,0,,0.0,17.0,1e+20,17,0.0072,0.0011,0.0,0.0011,0.0,0.0001,0.0,0.0073,0.017
trucks-strips-p04,0,True,26,60,90,197,0,221,0,0,0,0,3,0,0,,0.0,20.0,1e+20,20,0.0076,0.0013,0.0,0.0014,0.0,0.0001,0.0,0.0073,0.0181
trucks-strips-p05,0,True,32,73,112,242,0,268,0,0,0,0,3,0,0,,0.0,23.0,1e+20,23,0.011,0.0027,0.0,0.001,0.0,0.0001,0.0,0.008,0.0232
trucks-strips-p06,0,True,35,80,121,264,0,295,0,0,0,0,3,0,0,,0.0,26.0,1e+20,26,0.0123,0.0033,0.0,0.0013,0.0,0.0001,0.0,0.0082,0.0257
trucks-strips-p07,0,True,38,102,132,293,0,327,0,0,0,0,4,0,0,,0.0,20.0,1e+20,20,0.0083,0.0019,0.0,0.0013,0.0,0.0001,0.0,0.0064,0.0183
trucks-strips-p08,0,True,46,127,186,386,0,414,0,0,0,0,5,0,0,,0.0,24.0,1e+20,24,0.0146,0.0042,0.0,0.0013,0.0,0.0002,0.0,0.0079,0.0285
trucks-strips-p09,0,True,52,140,202,423,0,449,0,0,0,0,4,0,0,,0.0,26.0,1e+20,26,0.0152,0.0052,0.0,0.0014,0.0,0.0001,0.0,0.0082,0.0306
trucks-strips-p10,0,True,56,153,217,458,0,504,0,0,0,0,4,0,0,,0.0,30.0,1e+20,30,0.0174,0.0068,0.0,0.0013,0.0,0.0001,0.0,0.0087,0.0348
trucks-strips-p11,0,True,65,178,257,535,0,571,0,0,0,0,5,0,0,,0.0,33.0,1e+20,33,0.0271,0.0129,0.0,0.0012,0.0,0.0002,0.0,0.0138,0.0556
trucks-strips-p12,0,True,70,191,274,574,0,619,0,0,0,0,5,0,0,,0.0,36.0,1e+20,36,0.0285,0.0139,0.0,0.0014,0.0,0.0002,0.0,0.0101,0.0545
trucks-strips-p13,0,True,78,249,348,709,0,770,0,0,0,0,5,0,0,,0.0,30.0,1e+20,30,0.0283,0.0139,0.0,0.0015,0.0,0.0002,0.0,0.0165,0.0609
trucks-strips-p14,0,True,84,270,372,763,0,803,0,0,0,0,4,0,0,,0.0,34.0,1e+20,34,0.0277,0.016,0.0,0.0013,0.0,0.0002,0.0,0.013,0.0586
trucks-strips-p15,0,True,91,291,395,815,0,880,0,0,0,0,5,0,0,,0.0,37.0,1e+20,37,0.0299,0.0195,0.0,0.0017,0.0,0.0002,0.0,0.0187,0.0705
trucks-strips-p16,0,True,98,312,421,873,0,929,0,0,0,0,4,0,0,,0.0,40.0,1e+20,40,0.0329,0.0227,0.0,0.0013,0.0,0.0002,0.0,0.0148,0.0724
trucks-strips-p17,0,True,110,353,487,996,0,1064,0,0,0,0,4,0,0,,0.0,43.0,1e+20,43,0.0558,0.0458,0.0,0.0017,0.0,0.0002,0.0,0.0161,0.1208
trucks-strips-p18,0,True,117,374,511,1050,0,1105,0,0,0,0,4,0,0,,0.0,46.0,1e+20,46,0.0617,0.0463,0.0,0.0017,0.0,0.0002,0.0,0.016,0.1271
trucks-strips-p19,0,True,125,462,613,1243,0,1319,0,0,0,0,4,0,0,,0.0,41.0,1e+20,41,0.055,0.0424,0.0,0.0027,0.0,0.0002,0.0,0.0202,0.1216
trucks-strips-p20,0,True,134,493,648,1320,0,1410,0,0,0,0,4,0,0,,0.0,44.0,1e+20,44,0.0596,0.0544,0.0,0.002,0.0,0.0002,0.0,0.0212,0.1386
trucks-strips-p21,0,True,143,524,687,1405,0,1507,0,0,0,0,4,0,0,,0.0,47.0,1e+20,47,0.084,0.0571,0.0,0.0021,0.0,0.0002,0.0,0.0212,0.1658
trucks-strips-p22,0,True,152,555,660,1418,0,1535,0,0,0,0,3,0,0,,0.0,50.0,1e+20,50,0.0711,0.0707,0.0,0.0019,0.0,0.0002,0.0,0.0258,0.171
trucks-strips-p23,0,True,167,616,752,1589,0,1719,0,0,0,0,3,0,0,,0.0,53.0,1e+20,53,0.1268,0.1247,0.0,0.0023,0.0,0.0002,0.0,0.0287,0.2848
trucks-strips-p24,0,True,176,647,784,1664,0,1781,0,0,0,0,3,0,0,,0.0,56.0,1e+20,56,0.1391,0.1358,0.0,0.0024,0.0,0.0002,0.0,0.0294,0.3092
trucks-strips-p25,0,True,186,771,987,1995,0,2078,0,0,0,0,4,0,0,,0.0,50.0,1e+20,50,0.1309,0.12,0.0,0.0023,0.0,0.0003,0.0,0.0319,0.2876
trucks-strips-p26,0,True,196,814,1036,2101,0,2167,0,0,0,0,4,0,0,,0.0,54.0,1e+20,54,0.139,0.1156,0.0,0.0026,0.0,0.0003,0.0,0.0322,0.292
trucks-strips-p27,0,True,207,857,1085,2207,0,2340,0,0,0,0,4,0,0,,0.0,57.0,1e+20,57,0.1511,0.1525,0.0,0.0026,0.0,0.0004,0.0,0.0341,0.3431
trucks-strips-p28,0,True,218,900,1134,2313,0,2453,0,0,0,0,4,0,0,,0.0,60.0,1e+20,60,0.1865,0.1729,0.0,0.0028,0.0,0.0004,0.0,0.0362,0.4015
trucks-strips-p29,0,True,236,985,1267,2552,0,2706,0,0,0,0,4,0,0,,0.0,63.0,1e+20,63,0.3003,0.3069,0.0,0.0031,0.0,0.0004,0.0,0.0406,0.6564
trucks-strips-p30,0,True,247,1028,1316,2658,0,2819,0,0,0,0,4,0,0,,0.0,66.0,1e+20,66,0.3247,0.3696,0.0,0.0031,0.0,0.0004,0.0,0.0419,0.745
visitall-opt11-strips-problem02-full,0,True,0,4,8,18,0,18,0,0,0,0,2,0,0,,0.0,3.0,1e+20,3,0.0049,0.0,0.0,0.0012,0.0,0.0,0.0,0.0044,0.0109
visitall-opt11-strips-problem02-half,0,True,2,4,5,13,0,11,0,0,0,0,1,0,0,,0.0,1.0,1e+20,1,0.0053,0.0001,0.0,0.0011,0.0,0.0,0.0,0.0018,0.0088
visitall-opt11-strips-problem03-full,0,True,0,12,24,52,0,56,0,0,0,0,2,0,0,,0.0,8.0,1e+20,8,0.0055,0.0001,0.0,0.001,0.0,0.0,0.0,0.0047,0.0116
visitall-opt11-strips-problem03-half,0,True,4,12,19,43,0,45,0,0,0,0,3,0,0,,0.0,5.0,1e+20,5,0.0048,0.0,0.0,0.0011,0.0,0.0,0.0,0.0052,0.0115
visitall-opt11-strips-problem04-full,0,True,0,34,68,132,0,158,0,0,6,0,6,0,0,,0.0,15.0,1e+20,15,0.0047,0.0001,0.0,0.0009,0.0,0.0001,0.0,0.0042,0.0103
visitall-opt11-strips-problem04-half,0,True,8,34,49,105,0,115,0,0,24,0,25,0,0,,0.0,10.0,1e+20,10,0.005,0.0001,0.0,0.0009,0.0,0.0004,0.0,0.0123,0.0186
visitall-opt11-strips-problem05-full,0,True,0,64,128,240,0,296,0,0,9,0,6,0,0,,0.0,24.0,1e+20,24,0.0046,0.0002,0.0,0.0013,0.0,0.0002,0.0,0.0052,0.0118
visitall-opt11-strips-problem05-half,0,True,10,64,98,200,0,227,0,0,25,0,22,0,0,,0.0,15.0,1e+20,15,0.0054,0.0002,0.0,0.0011,0.0,0.0005,0.0,0.0249,0.0322
visitall-opt11-strips-problem06-full,0,True,0,104,208,382,0,478,0,0,42,0,34,0,0,,0.0,35.0,1e+20,35,0.0052,0.0004,0.0,0.0011,0.0,0.0014,0.0,0.0153,0.0223
visitall-opt11-strips-problem06-half,0,True,20,104,148,302,0,341,0,0,126,0,75,0,167,,0.0,19.0,1e+20,19,0.0054,0.0003,0.0,0.001,0.0,0.0024,0.0,0.0373,0.0445
visitall-opt11-strips-problem07-full,0,True,0,152,304,552,0,696,0,0,44,0,35,0,0,,0.0,48.0,1e+20,48,0.0054,0.0007,0.0,0.0012,0.0,0.002,0.0,0.0197,0.0275
visitall-opt11-strips-problem07-half,0,True,16,152,255,487,0,584,0,0,37,0,25,0,0,,0.0,32.0,1e+20,32,0.0053,0.0006,0.0,0.0013,0.0,0.0009,0.0,0.0205,0.0282
visitall-opt11-strips-problem08-full,0,True,0,208,416,750,0,950,0,0,49,0,25,0,0,,0.0,63.0,1e+20,63,0.006,0.0012,0.0,0.0017,0.0,0.0016,0.0,0.0338,0.0432
visitall-opt11-strips-problem08-half,0,True,31,208,314,617,0,717,0,0,78,0,28,0,0,,0.0,37.0,1e+20,37,0.0052,0.0009,0.0,0.0012,0.0,0.0014,0.0,0.0716,0.0793
visitall-opt11-strips-problem09-full,0,True,0,272,544,976,0,1240,0,0,95,0,54,0,0,,0.0,80.0,1e+20,80,0.0077,0.0019,0.0,0.0017,0.0,0.0047,0.0,0.0357,0.0475
visitall-opt11-strips-problem09-half,0,True,31,272,439,840,0,1000,0,0,85,0,34,0,0,,0.0,51.0,1e+20,51,0.0084,0.0015,0.0,0.0014,0.0,0.0022,0.0,0.1533,0.1651
visitall-opt11-strips-problem10-full,0,True,0,344,688,1230,0,1566,0,0,171,0,119,0,81,,0.0,99.0,1e+20,99,0.0193,0.0028,0.0,0.0021,0.0,0.012,0.0,0.0687,0.0934
visitall-opt11-strips-problem10-half,0,True,52,344,505,995,0,1150,0,0,369,0,140,0,9123,,0.0,56.0,1e+20,56,0.0054,0.002,0.0,0.0016,0.0,0.0101,0.0,1.8292,1.8388
visitall-opt11-strips-problem11-full,0,True,0,424,848,1512,0,1928,0,0,155,0,77,0,50,,0.0,120.0,1e+20,120,0.0257,0.0039,0.0,0.0021,0.0,0.0096,0.0,0.0708,0.1031
visitall-opt11-strips-problem11-half,0,True,63,424,626,1227,0,1423,0,0,370,0,137,0,1737,,0.0,64.0,1e+20,64,0.0071,0.0029,0.0,0.002,0.0,0.0106,0.0,0.3551,0.3676
visitall-opt14-strips-p-05-10,0,True,54,344,495,983,0,1127,0,0,580,0,332,0,58055,,0.0,53.0,1e+20,53,0.0242,0.002,0.0,0.0017,0.0,0.021,0.0,5.3261,5.3547
visitall-opt14-strips-p-05-5,0,True,7,64,110,215,0,254,0,0,12,0,9,0,0,,0.0,18.0,1e+20,18,0.0054,0.0002,0.0,0.001,0.0,0.0002,0.0,0.0059,0.013
visitall-opt14-strips-p-05-6,0,True,18,104,155,311,0,356,0,0,38,0,25,0,0,,0.0,20.0,1e+20,20,0.0057,0.0003,0.0,0.0012,0.0,0.0008,0.0,0.0895,0.0972
visitall-opt14-strips-p-05-7,0,True,25,152,224,447,0,513,0,0,132,0,56,0,0,,0.0,28.0,1e+20,28,0.0236,0.0006,0.0,0.0015,0.0,0.0024,0.0,0.2,0.2261
visitall-opt14-strips-p-05-8,0,True,33,208,309,610,0,707,0,0,338,0,125,0,151582,,0.0,39.0,1e+20,39,0.005,0.0009,0.0,0.0015,0.0,0.0073,0.0,15.3226,15.3309
visitall-opt14-strips-p-05-9,0,True,39,272,411,804,0,938,0,0,235,0,131,0,3045,,0.0,46.0,1e+20,46,0.0247,0.0014,0.0,0.0017,0.0,0.0074,0.0,0.2673,0.2955
visitall-opt14-strips-p-1-10,0,True,0,344,688,1230,0,1566,0,0,171,0,119,0,81,,0.0,99.0,1e+20,99,0.0059,0.0028,0.0,0.002,0.0,0.012,0.0,0.0691,0.0802
visitall-opt14-strips-p-1-11,0,True,0,424,848,1512,0,1928,0,0,155,0,77,0,50,,0.0,120.0,1e+20,120,0.0087,0.0039,0.0,0.0023,0.0,0.0096,0.0,0.0709,0.0863
visitall-opt14-strips-p-1-12,0,True,0,512,1024,1822,0,2326,0,0,276,0,177,0,123,,0.0,143.0,1e+20,143,0.0082,0.0054,0.0,0.0024,0.0,0.0275,0.0,0.1189,0.1354
visitall-opt14-strips-p-1-13,0,True,0,608,1216,2160,0,2760,0,0,176,0,62,0,0,,0.0,168.0,1e+20,168,0.0085,0.0073,0.0,0.0032,0.0,0.0102,0.0,0.0727,0.0922
visitall-opt14-strips-p-1-14,0,True,0,712,1424,2526,0,3230,0,0,461,0,283,0,280,,0.0,195.0,1e+20,195,0.0095,0.0097,0.0,0.0034,0.0,0.0608,0.0,0.255,0.2782
visitall-opt14-strips-p-1-15,0,True,0,824,1648,2920,0,3736,0,0,538,0,297,0,265,,0.0,224.0,1e+20,224,0.0099,0.0131,0.0,0.0041,0.0,0.0741,0.0,0.3098,0.3376
visitall-opt14-strips-p-1-16,0,True,0,944,1888,3342,0,4278,0,0,650,0,412,0,372,,0.0,255.0,1e+20,255,0.0173,0.0164,0.0,0.005,0.0,0.116,0.0,0.4523,0.4918
visitall-opt14-strips-p-1-17,0,True,0,1072,2144,3792,0,4856,0,0,229,0,74,0,0,,0.0,288.0,1e+20,288,0.0142,0.0215,0.0,0.0057,0.0,0.0233,0.0,0.198,0.2401
visitall-opt14-strips-p-1-18,0,True,0,1208,2416,4270,0,5470,0,0,798,0,694,0,550,,0.0,323.0,1e+20,323,0.0172,0.0273,0.0,0.0073,0.0,0.2485,0.0,0.8827,0.9355
visitall-opt14-strips-p-1-5,0,True,0,64,128,240,0,296,0,0,9,0,6,0,0,,0.0,24.0,1e+20,24,0.0044,0.0002,0.0,0.0013,0.0,0.0002,0.0,0.0052,0.0116
visitall-opt14-strips-p-1-6,0,True,0,104,208,382,0,478,0,0,42,0,34,0,0,,0.0,35.0,1e+20,35,0.005,0.0004,0.0,0.0011,0.0,0.0014,0.0,0.0153,0.0222
visitall-opt14-strips-p-1-7,0,True,0,152,304,552,0,696,0,0,44,0,35,0,0,,0.0,48.0,1e+20,48,0.0054,0.0008,0.0,0.0015,0.0,0.002,0.0,0.0196,0.0276
visitall-opt14-strips-p-1-8,0,True,0,208,416,750,0,950,0,0,49,0,25,0,0,,0.0,63.0,1e+20,63,0.0056,0.0012,0.0,0.0016,0.0,0.0016,0.0,0.0338,0.0427
visitall-opt14-strips-p-1-9,0,True,0,272,544,976,0,1240,0,0,95,0,54,0,0,,0.0,80.0,1e+20,80,0.0061,0.0019,0.0,0.0015,0.0,0.0047,0.0,0.0355,0.0454
visitall-sat11-strips-problem12,0,True,0,512,1024,1822,0,2326,0,0,276,0,177,0,123,,0.0,143.0,1e+20,143,0.0076,0.0054,0.0,0.0026,0.0,0.0275,0.0,0.1194,0.1354
visitall-sat11-strips-problem14,0,True,0,712,1424,2526,0,3230,0,0,461,0,283,0,280,,0.0,195.0,1e+20,195,0.0095,0.01,0.0,0.0034,0.0,0.0606,0.0,0.2506,0.274
visitall-sat11-strips-problem16,0,True,0,944,1888,3342,0,4278,0,0,650,0,412,0,372,,0.0,255.0,1e+20,255,0.0123,0.0166,0.0,0.005,0.0,0.116,0.0,0.452,0.4866
visitall-sat11-strips-problem18,0,True,0,1208,2416,4270,0,5470,0,0,798,0,694,0,550,,0.0,323.0,1e+20,323,0.0173,0.0271,0.0,0.007,0.0,0.2499,0.0,0.9021,0.9544
visitall-sat11-strips-problem20,0,True,0,1504,3008,5310,0,6806,0,0,530,0,274,0,235,,0.0,399.0,1e+20,399,0.0223,0.0412,0.0,0.0097,0.0,0.1159,0.0,0.5428,0.6173
visitall-sat11-strips-problem22,0,True,0,1832,3664,6462,0,8286,0,0,1369,0,798,0,1174,,0.0,483.0,1e+20,483,0.0283,0.0611,0.0,0.013,0.0,0.4571,0.0,1.9353,2.039
visitall-sat11-strips-problem24,0,True,0,2192,4384,7726,0,9910,0,0,1547,0,992,0,1203,,0.0,575.0,1e+20,575,0.0364,0.0861,0.0,0.0179,0.0,0.7241,0.0,2.7556,2.8978
visitall-sat11-strips-problem26,0,True,0,2584,5168,9102,0,11678,0,0,1262,0,1100,0,877,,0.0,675.0,1e+20,675,0.0462,0.1186,0.0,0.0231,0.0,0.9413,0.0,2.9418,3.1314
visitall-sat11-strips-problem28,0,True,0,3008,6016,10590,0,13590,0,0,2834,0,2336,0,1870,,0.0,783.0,1e+20,783,0.0569,0.1634,0.0,0.0301,0.0,2.3667,0.0,8.7433,8.9959
visitall-sat11-strips-problem30,0,True,0,3464,6928,12190,0,15646,0,0,5811,0,5130,0,4478,,0.0,899.0,1e+20,899,0.0714,0.2149,0.0,0.0385,0.0,6.4781,0.0,25.4905,25.8183
visitall-sat11-strips-problem32,0,True,0,3952,7904,13902,0,17846,0,0,4065,0,3477,0,2950,,0.0,1023.0,1e+20,1023,0.0908,0.2734,0.0,0.0486,0.0,4.8695,0.0,17.6469,18.0638
visitall-sat11-strips-problem34,0,True,0,4472,8944,15726,0,20190,0,0,1288,0,840,0,695,,0.0,1155.0,1e+20,1155,0.1112,0.3521,0.0,0.061,0.0,1.2372,0.0,3.9893,4.5174
visitall-sat11-strips-problem36,0,True,0,5024,10048,17662,0,22678,0,0,7306,0,6349,0,6062,,0.0,1295.0,1e+20,1295,0.1376,0.4443,0.0,0.0756,0.0,11.6552,0.0,51.1568,51.8205
visitall-sat11-strips-problem38,0,True,0,5608,11216,19710,0,25310,0,0,9447,0,8531,0,8678,,0.0,1443.0,1e+20,1443,0.1665,0.5663,0.0,0.0931,0.0,17.6857,0.0,83.264,84.0979
visitall-sat11-strips-problem40,0,True,0,6224,12448,21870,0,28086,0,0,11757,0,10132,0,11909,,0.0,1599.0,1e+20,1599,0.2019,0.7036,0.0,0.1134,0.0,24.5695,0.0,124.5298,125.5585
visitall-sat11-strips-problem42,0,True,0,6872,13744,24142,0,31006,0,0,7407,0,5852,0,5718,,0.0,1763.0,1e+20,1763,0.2426,0.8628,0.0,0.1366,0.0,15.6273,0.0,60.2836,61.5359
visitall-sat11-strips-problem44,0,True,0,7552,15104,26526,0,34070,0,0,14648,0,12703,0,15827,,0.0,1935.0,1e+20,1935,0.2919,1.0342,0.0,0.1633,0.0,39.7338,0.0,220.7237,222.2279
visitall-sat11-strips-problem46,0,True,0,8264,16528,29022,0,37278,0,0,10268,0,8253,0,8842,,0.0,2115.0,1e+20,2115,0.3461,1.2636,0.0,0.1941,0.0,27.7224,0.0,117.4227,119.2419
visitall-sat11-strips-problem48,0,True,0,9008,18016,31630,0,40630,0,0,23684,0,21293,0,30570,,0.0,2303.0,1e+20,2303,0.4048,1.5204,0.0,0.2291,0.0,84.8554,0.0,619.2691,621.4442
visitall-sat11-strips-problem50,0,True,0,9784,19568,34350,0,44126,0,0,15591,0,13262,0,16332,,0.0,2499.0,1e+20,2499,0.4727,1.7884,0.0,0.2683,0.0,55.1192,0.0,256.9712,259.5211
visitall-sat14-strips-pfile30,0,True,0,3464,6928,12190,0,15646,0,0,5811,0,5130,0,4478,,0.0,899.0,1e+20,899,0.0724,0.2161,0.0,0.0384,0.0,6.4798,0.0,25.8747,26.2045
visitall-sat14-strips-pfile31,0,True,0,3704,7408,13032,0,16728,0,0,2193,0,1752,0,1441,,0.0,960.0,1e+20,960,0.081,0.2461,0.0,0.0432,0.0,2.1826,0.0,7.4947,7.8681
visitall-sat14-strips-pfile32,0,True,0,3952,7904,13902,0,17846,0,0,4065,0,3477,0,2950,,0.0,1023.0,1e+20,1023,0.0903,0.2746,0.0,0.0489,0.0,4.9272,0.0,17.7473,18.1651
visitall-sat14-strips-pfile33,0,True,0,4208,8416,14800,0,19000,0,0,5202,0,4664,0,3111,,0.0,1088.0,1e+20,1088,0.1003,0.3184,0.0,0.0545,0.0,6.9089,0.0,26.8087,27.2866
visitall-sat14-strips-pfile50,0,True,0,9784,19568,34350,0,44126,0,0,15595,0,13264,0,16332,,0.0,2499.0,1e+20,2499,0.4908,1.7914,0.0,0.2683,0.0,55.645,0.0,257.3676,259.9385
visitall-sat14-strips-pfile51,0,True,0,10184,20368,35752,0,45928,0,0,14449,0,11232,0,14776,,0.0,2600.0,1e+20,2600,0.5297,1.9579,0.0,0.2895,0.0,49.2861,0.0,218.6901,221.4882
visitall-sat14-strips-pfile52,0,True,0,10592,21184,37182,0,47766,0,0,24131,0,22193,0,29583,,0.0,2703.0,1e+20,2703,0.5527,2.1089,0.0,0.3148,0.0,109.5131,0.0,697.581,700.584
visitall-sat14-strips-pfile53,0,True,0,11008,22016,38640,0,49640,0,0,23638,0,20804,0,27940,,0.0,2808.0,1e+20,2808,0.5956,2.338,0.0,0.3377,0.0,102.6089,0.0,636.8088,640.1056
visitall-sat14-strips-pfile54,0,True,0,11432,22864,40126,0,51550,0,0,19122,0,16284,0,20960,,0.0,2915.0,1e+20,2915,0.6438,2.473,0.0,0.3633,0.0,82.8178,0.0,457.3252,460.8387
visitall-sat14-strips-pfile55,2,True,0,11864,23728,41640,0,53496,0,0,27202,0,24821,0,35819,,0.0,3024.0,1e+20,3075,0.6884,2.6507,0.0,0.3896,0.0,142.5298,0.0,896.3951,900.2069
visitall-sat14-strips-pfile56,2,True,0,12304,24608,43182,0,55478,0,0,28647,0,23522,0,41240,,0.0,3135.0,1e+20,3158,0.7599,2.8439,0.0,0.4179,0.0,140.19,0.0,896.1101,900.2294
visitall-sat14-strips-pfile57,2,True,0,12752,25504,44752,0,57496,0,0,27535,0,23006,0,35242,,0.0,3248.0,1e+20,3253,0.7914,3.0425,0.0,0.4496,0.0,136.4807,0.0,895.8238,900.1725
visitall-sat14-strips-pfile58,0,True,0,13208,26416,46350,0,59550,0,0,23534,0,20234,0,29198,,0.0,3363.0,1e+20,3363,0.865,3.2579,0.0,0.4794,0.0,126.5401,0.0,636.8914,641.5307
visitall-sat14-strips-pfile59,2,True,0,13672,27344,47976,0,61640,0,0,27334,0,23743,0,34729,,0.0,3480.0,1e+20,3487,0.9061,3.4738,0.0,0.5177,0.0,155.9817,0.0,895.223,900.2015
visitall-sat14-strips-pfile60,2,True,0,14144,28288,49630,0,63766,0,0,24904,0,22215,0,30840,,0.0,3599.0,1e+20,3604,0.9666,3.7136,0.0,0.5522,0.0,147.1282,0.0,894.9289,900.2538
visitall-sat14-strips-pfile61,2,True,0,14624,29248,51312,0,65928,0,0,25407,0,21554,0,28434,,0.0,3720.0,1e+20,3721,1.0482,3.9603,0.0,0.5834,0.0,157.5295,0.0,894.5377,900.2344
visitall-sat14-strips-pfile62,0,True,0,15112,30224,53022,0,68126,0,0,26460,0,23057,0,30894,,0.0,3843.0,1e+20,3843,1.1192,4.1961,0.0,0.6241,0.0,173.2755,0.0,883.3272,889.309
visitall-sat14-strips-pfile63,2,True,0,15608,31216,54760,0,70360,0,0,26386,0,23136,0,32324,,0.0,3968.0,1e+20,3996,1.1726,4.483,0.0,0.6625,0.0,180.3961,0.0,893.8844,900.2807
visitall-sat14-strips-pfile64,2,True,0,16112,32224,56526,0,72630,0,0,25468,0,22286,0,29171,,0.0,4095.0,1e+20,16112,1.2666,4.7446,0.0,0.7142,0.0,181.9968,0.0,893.3988,900.2615
visitall-sat14-strips-pfile65,2,True,0,16624,33248,58320,0,74936,0,0,26505,0,23014,0,30520,,0.0,4224.0,1e+20,4268,1.3289,5.0302,0.0,0.7495,0.0,195.6791,0.0,892.9997,900.2346
woodworking-opt08-strips-p01,0,False,11,22,57,110,0,147,0,0,0,0,4,0,0,,0.0,170.0,1e+20,170,0.0258,0.0003,0.0,0.0014,0.0,0.0001,0.0,0.0043,0.0321
woodworking-opt08-strips-p02,0,False,13,24,54,113,0,134,0,0,0,0,5,0,0,,0.0,185.0,1e+20,185,0.0069,0.0005,0.0,0.001,0.0,0.0001,0.0,0.0042,0.013
woodworking-opt08-strips-p03,0,False,22,76,299,435,0,559,0,0,0,0,4,0,0,,0.0,275.0,1e+20,275,0.0072,0.001,0.0,0.0012,0.0,0.0001,0.0,0.0103,0.0202
woodworking-opt08-strips-p04,0,False,38,103,410,586,0,743,0,0,0,0,5,0,0,,0.0,235.0,1e+20,235,0.0079,0.0018,0.0,0.0015,0.0,0.0001,0.0,0.0145,0.0261
woodworking-opt08-strips-p05,0,False,41,160,735,981,0,1228,0,0,0,0,4,0,0,,0.0,260.0,1e+20,260,0.0116,0.0027,0.0,0.0015,0.0,0.0002,0.0,0.0231,0.0394
woodworking-opt08-strips-p06,0,False,50,195,961,1257,0,1604,0,0,0,0,10,0,0,,0.0,430.0,1e+20,430,0.0284,0.0026,0.0,0.0019,0.0,0.0003,0.0,0.0861,0.1195
woodworking-opt08-strips-p07,0,False,68,231,962,1316,0,1633,0,0,0,0,4,0,0,,0.0,390.0,1e+20,390,0.0128,0.0044,0.0,0.0019,0.0,0.0002,0.0,0.0337,0.0533
woodworking-opt08-strips-p08,0,False,84,291,1224,1660,0,2037,0,0,0,0,5,0,0,,0.0,420.0,1e+20,420,0.0149,0.0061,0.0,0.002,0.0,0.0002,0.0,0.0462,0.0697
woodworking-opt08-strips-p09,0,False,71,123,439,696,0,862,0,0,0,0,4,0,0,,0.0,425.0,1e+20,425,0.0134,0.0045,0.0,0.0014,0.0,0.0002,0.0,0.0117,0.0314
woodworking-opt08-strips-p10,0,False,109,567,2586,3331,0,4078,0,0,0,0,4,0,0,,0.0,485.0,1e+20,485,0.0174,0.0108,0.0,0.0032,0.0,0.0005,0.0,0.0773,0.1093
woodworking-opt08-strips-p11,0,False,10,17,57,105,0,133,0,0,0,0,3,0,0,,0.0,130.0,1e+20,130,0.0056,0.0003,0.0,0.0012,0.0,0.0001,0.0,0.0041,0.0115
woodworking-opt08-strips-p12,0,False,28,78,302,436,0,567,0,0,0,0,7,0,0,,0.0,225.0,1e+20,225,0.0093,0.001,0.0,0.0013,0.0,0.0001,0.0,0.0159,0.0278
woodworking-opt08-strips-p13,0,False,38,106,453,630,0,813,0,0,0,0,5,0,0,,0.0,195.0,1e+20,195,0.0083,0.0015,0.0,0.0013,0.0,0.0002,0.0,0.0204,0.0319
woodworking-opt08-strips-p14,0,False,35,133,631,836,0,1066,0,0,0,0,5,0,0,,0.0,195.0,1e+20,195,0.0073,0.0015,0.0,0.0017,0.0,0.0002,0.0,0.0253,0.0361
woodworking-opt08-strips-p15,0,False,35,151,649,875,0,1070,0,0,0,0,4,0,0,,0.0,270.0,1e+20,270,0.0275,0.002,0.0,0.0016,0.0,0.0001,0.0,0.0215,0.0531
woodworking-opt08-strips-p16,0,False,52,136,514,747,0,932,0,0,0,0,4,0,0,,0.0,275.0,1e+20,275,0.0101,0.003,0.0,0.0014,0.0,0.0002,0.0,0.0154,0.0303
woodworking-opt08-strips-p17,0,False,73,276,1155,1559,0,1936,0,0,0,0,4,0,0,,0.0,280.0,1e+20,280,0.031,0.0052,0.0,0.002,0.0,0.0002,0.0,0.0377,0.0765
woodworking-opt08-strips-p18,0,False,67,318,1415,1864,0,2288,0,0,0,0,7,0,0,,0.0,435.0,1e+20,435,0.0137,0.0057,0.0,0.0024,0.0,0.0004,0.0,0.0702,0.0925
woodworking-opt08-strips-p19,0,False,88,386,1694,2230,0,2731,0,0,0,0,9,0,0,,0.0,395.0,1e+20,395,0.0148,0.0077,0.0,0.0024,0.0,0.0005,0.0,0.0948,0.1204
woodworking-opt08-strips-p20,0,False,102,596,2805,3579,0,4378,0,0,0,0,4,0,0,,0.0,435.0,1e+20,435,0.0171,0.0117,0.0,0.0036,0.0,0.0005,0.0,0.0823,0.1152
woodworking-opt08-strips-p21,0,False,9,14,39,78,0,101,0,0,0,0,4,0,0,,0.0,95.0,1e+20,95,0.0099,0.0002,0.0,0.0009,0.0,0.0001,0.0,0.0039,0.0154
woodworking-opt08-strips-p22,0,False,17,30,108,179,0,237,0,0,0,0,5,0,0,,0.0,175.0,1e+20,175,0.0053,0.0005,0.0,0.0013,0.0,0.0001,0.0,0.0055,0.013
woodworking-opt08-strips-p23,0,False,19,47,183,283,0,368,0,0,0,0,3,0,0,,0.0,195.0,1e+20,195,0.0057,0.0006,0.0,0.001,0.0,0.0001,0.0,0.0066,0.0144
woodworking-opt08-strips-p24,0,False,35,75,242,390,0,488,0,0,0,0,4,0,0,,0.0,235.0,1e+20,235,0.0125,0.0015,0.0,0.0011,0.0,0.0001,0.0,0.0082,0.0237
woodworking-opt08-strips-p25,0,False,44,185,757,1035,0,1306,0,0,0,0,4,0,0,,0.0,380.0,1e+20,380,0.0091,0.003,0.0,0.0018,0.0,0.0002,0.0,0.0238,0.0382
woodworking-opt08-strips-p26,0,False,58,172,748,1027,0,1308,0,0,0,0,4,0,0,,0.0,220.0,1e+20,220,0.0276,0.0032,0.0,0.0016,0.0,0.0002,0.0,0.0251,0.058
woodworking-opt08-strips-p27,0,False,52,179,765,1056,0,1318,0,0,0,0,4,0,0,,0.0,320.0,1e+20,320,0.0114,0.0036,0.0,0.0015,0.0,0.0002,0.0,0.0234,0.0404
woodworking-opt08-strips-p28,0,False,47,217,917,1242,0,1520,0,0,0,0,6,0,0,,0.0,465.0,1e+20,465,0.0128,0.0043,0.0,0.0017,0.0,0.0002,0.0,0.0358,0.055
woodworking-opt08-strips-p29,0,False,75,362,1633,2142,0,2634,0,0,0,0,4,0,0,,0.0,535.0,1e+20,535,0.0156,0.0077,0.0,0.0023,0.0,0.0003,0.0,0.0626,0.0886
woodworking-opt08-strips-p30,0,False,77,308,1266,1731,0,2189,0,0,0,0,9,0,0,,0.0,650.0,1e+20,650,0.0155,0.0075,0.0,0.0024,0.0,0.0005,0.0,0.0893,0.1153
woodworking-opt11-strips-p01,0,False,19,47,183,283,0,368,0,0,0,0,3,0,0,,0.0,195.0,1e+20,195,0.0061,0.0006,0.0,0.0011,0.0,0.0001,0.0,0.0066,0.0149
woodworking-opt11-strips-p02,0,False,28,78,302,436,0,567,0,0,0,0,7,0,0,,0.0,225.0,1e+20,225,0.0087,0.001,0.0,0.0015,0.0,0.0001,0.0,0.0157,0.0273
woodworking-opt11-strips-p03,0,False,38,106,453,630,0,813,0,0,0,0,5,0,0,,0.0,195.0,1e+20,195,0.008,0.0015,0.0,0.0012,0.0,0.0001,0.0,0.0205,0.0317
woodworking-opt11-strips-p04,0,False,22,76,299,435,0,559,0,0,0,0,4,0,0,,0.0,275.0,1e+20,275,0.0077,0.0011,0.0,0.0013,0.0,0.0001,0.0,0.0102,0.0207
woodworking-opt11-strips-p05,0,False,35,75,242,390,0,488,0,0,0,0,4,0,0,,0.0,235.0,1e+20,235,0.0069,0.0015,0.0,0.0013,0.0,0.0001,0.0,0.0081,0.0183
woodworking-opt11-strips-p06,0,False,38,103,410,586,0,743,0,0,0,0,5,0,0,,0.0,235.0,1e+20,235,0.0084,0.0018,0.0,0.0016,0.0,0.0001,0.0,0.0145,0.0268
woodworking-opt11-strips-p07,0,False,35,133,631,836,0,1066,0,0,0,0,5,0,0,,0.0,195.0,1e+20,195,0.0083,0.0014,0.0,0.0014,0.0,0.0002,0.0,0.0254,0.0369
woodworking-opt11-strips-p08,0,False,44,185,757,1035,0,1306,0,0,0,0,4,0,0,,0.0,380.0,1e+20,380,0.0087,0.003,0.0,0.0017,0.0,0.0002,0.0,0.0239,0.0378
woodworking-opt11-strips-p09,0,False,41,160,735,981,0,1228,0,0,0,0,4,0,0,,0.0,260.0,1e+20,260,0.01,0.0027,0.0,0.0015,0.0,0.0002,0.0,0.0232,0.0378
woodworking-opt11-strips-p10,0,False,35,151,649,875,0,1070,0,0,0,0,4,0,0,,0.0,270.0,1e+20,270,0.0076,0.002,0.0,0.0014,0.0,0.0001,0.0,0.0213,0.0331
woodworking-opt11-strips-p11,0,False,58,172,748,1027,0,1308,0,0,0,0,4,0,0,,0.0,220.0,1e+20,220,0.0095,0.0032,0.0,0.0019,0.0,0.0002,0.0,0.025,0.04
woodworking-opt11-strips-p12,0,False,52,136,514,747,0,932,0,0,0,0,4,0,0,,0.0,275.0,1e+20,275,0.0111,0.0031,0.0,0.0014,0.0,0.0002,0.0,0.0152,0.0314
woodworking-opt11-strips-p13,0,False,50,195,961,1257,0,1604,0,0,0,0,10,0,0,,0.0,430.0,1e+20,430,0.0089,0.0027,0.0,0.0021,0.0,0.0003,0.0,0.0861,0.1003
woodworking-opt11-strips-p14,0,False,52,179,765,1056,0,1318,0,0,0,0,4,0,0,,0.0,320.0,1e+20,320,0.0121,0.0036,0.0,0.0018,0.0,0.0002,0.0,0.0235,0.0414
woodworking-opt11-strips-p15,0,False,73,276,1155,1559,0,1936,0,0,0,0,4,0,0,,0.0,280.0,1e+20,280,0.0133,0.0052,0.0,0.0023,0.0,0.0002,0.0,0.0371,0.0585
woodworking-opt11-strips-p16,0,False,68,231,962,1316,0,1633,0,0,0,0,4,0,0,,0.0,390.0,1e+20,390,0.0125,0.0044,0.0,0.0018,0.0,0.0002,0.0,0.034,0.0532
woodworking-opt11-strips-p17,0,False,47,217,917,1242,0,1520,0,0,0,0,6,0,0,,0.0,465.0,1e+20,465,0.0131,0.0046,0.0,0.0018,0.0,0.0002,0.0,0.0359,0.0559
woodworking-opt11-strips-p18,0,False,67,318,1415,1864,0,2288,0,0,0,0,7,0,0,,0.0,435.0,1e+20,435,0.0133,0.0057,0.0,0.0026,0.0,0.0004,0.0,0.0701,0.0922
woodworking-opt11-strips-p19,0,False,84,291,1224,1660,0,2037,0,0,0,0,5,0,0,,0.0,420.0,1e+20,420,0.0146,0.0061,0.0,0.0023,0.0,0.0002,0.0,0.0464,0.07
woodworking-opt11-strips-p20,0,False,75,362,1633,2142,0,2634,0,0,0,0,4,0,0,,0.0,535.0,1e+20,535,0.0167,0.0076,0.0,0.0024,0.0,0.0003,0.0,0.0633,0.0907
woodworking-sat08-strips-p01,0,False,7,12,27,58,0,70,0,0,0,0,4,0,0,,0.0,110.0,1e+20,110,0.0054,0.0002,0.0,0.0013,0.0,0.0001,0.0,0.0051,0.0124
woodworking-sat08-strips-p02,0,False,18,29,91,174,0,206,0,0,0,0,3,0,0,,0.0,255.0,1e+20,255,0.0068,0.0008,0.0,0.0014,0.0,0.0001,0.0,0.0044,0.0138
woodworking-sat08-strips-p03,0,False,73,331,1545,2003,0,2510,0,0,0,0,4,0,0,,0.0,425.0,1e+20,425,0.0126,0.005,0.0,0.0026,0.0,0.0003,0.0,0.0459,0.0666
woodworking-sat08-strips-p04,0,False,74,463,2128,2751,0,3389,0,0,0,0,4,0,0,,0.0,725.0,1e+20,725,0.0155,0.0079,0.0,0.0029,0.0,0.0004,0.0,0.0724,0.0994
woodworking-sat08-strips-p05,0,False,111,715,3291,4212,0,5142,0,0,0,0,5,0,0,,0.0,515.0,1e+20,515,0.0205,0.0158,0.0,0.0047,0.0,0.0006,0.0,0.1195,0.1612
woodworking-sat08-strips-p06,0,False,122,904,4216,5351,0,6469,0,0,0,0,5,0,0,,0.0,690.0,1e+20,690,0.0257,0.0223,0.0,0.0052,0.0,0.0008,0.0,0.1583,0.2124
woodworking-sat08-strips-p07,0,False,198,1916,8961,11204,0,13386,0,0,0,0,8,0,0,,0.0,900.0,1e+20,900,0.0439,0.0601,0.0,0.0109,0.0,0.0025,0.0,0.6679,0.7838
woodworking-sat08-strips-p08,0,False,208,2561,12358,15282,0,18239,0,0,0,0,4,0,0,,0.0,1080.0,1e+20,1080,0.0528,0.0774,0.0,0.0166,0.0,0.0028,0.0,0.5593,0.7069
woodworking-sat08-strips-p09,0,False,270,2864,13437,16734,0,19882,0,0,0,0,8,0,0,,0.0,990.0,1e+20,990,0.0739,0.1199,0.0,0.0185,0.0,0.004,0.0,0.9751,1.1903
woodworking-sat08-strips-p10,0,False,266,2888,13410,16745,0,19842,0,0,0,0,4,0,0,,0.0,1080.0,1e+20,1080,0.0803,0.1295,0.0,0.0186,0.0,0.0035,0.0,0.5987,0.8284
woodworking-sat08-strips-p11,0,False,3,7,13,33,0,31,0,0,0,0,2,0,0,,0.0,50.0,1e+20,50,0.0057,0.0002,0.0,0.001,0.0,0.0,0.0,0.0028,0.01
woodworking-sat08-strips-p12,0,False,23,59,236,355,0,440,0,0,0,0,4,0,0,,0.0,270.0,1e+20,270,0.0073,0.001,0.0,0.0013,0.0,0.0001,0.0,0.0092,0.0192
woodworking-sat08-strips-p13,0,False,68,374,1750,2254,0,2808,0,0,0,0,5,0,0,,0.0,435.0,1e+20,435,0.0135,0.0059,0.0,0.0027,0.0,0.0003,0.0,0.0705,0.0932
woodworking-sat08-strips-p14,0,False,116,520,2290,2997,0,3684,0,0,0,0,7,0,0,,0.0,455.0,1e+20,455,0.0188,0.0131,0.0,0.003,0.0,0.0006,0.0,0.1171,0.1526
woodworking-sat08-strips-p15,0,False,103,720,3378,4299,0,5256,0,0,0,0,4,0,0,,0.0,790.0,1e+20,790,0.0189,0.0137,0.0,0.0042,0.0,0.0006,0.0,0.1388,0.1763
woodworking-sat08-strips-p16,0,False,171,829,3656,4753,0,5751,0,0,0,0,4,0,0,,0.0,640.0,1e+20,640,0.0271,0.0288,0.0,0.005,0.0,0.0007,0.0,0.0993,0.161
woodworking-sat08-strips-p17,0,False,154,1050,4638,5974,0,7184,0,0,0,0,9,0,0,,0.0,905.0,1e+20,905,0.0351,0.0355,0.0,0.0065,0.0,0.0014,0.0,0.3004,0.3783
woodworking-sat08-strips-p18,0,False,215,1405,6474,8246,0,9975,0,0,0,0,4,0,0,,0.0,920.0,1e+20,920,0.0483,0.0601,0.0,0.0091,0.0,0.0014,0.0,0.2038,0.3223
woodworking-sat08-strips-p19,0,False,226,1505,6777,8672,0,10392,0,0,0,0,4,0,0,,0.0,995.0,1e+20,995,0.0552,0.0718,0.0,0.0096,0.0,0.0016,0.0,0.1881,0.3255
woodworking-sat08-strips-p20,0,False,297,2881,13303,16670,0,19834,0,0,0,0,8,0,0,,0.0,1155.0,1e+20,1155,0.0818,0.1447,0.0,0.0197,0.0,0.0044,0.0,0.6732,0.9208
woodworking-sat08-strips-p21,0,False,14,24,64,122,0,168,0,0,0,0,4,0,0,,0.0,165.0,1e+20,165,0.0052,0.0004,0.0,0.0013,0.0,0.0001,0.0,0.0043,0.0116
woodworking-sat08-strips-p22,0,False,27,57,200,319,0,395,0,0,0,0,4,0,0,,0.0,205.0,1e+20,205,0.0083,0.0014,0.0,0.0013,0.0,0.0001,0.0,0.0075,0.0189
woodworking-sat08-strips-p23,0,False,51,122,420,646,0,797,0,0,0,0,4,0,0,,0.0,385.0,1e+20,385,0.012,0.0031,0.0,0.0012,0.0,0.0002,0.0,0.0124,0.0293
woodworking-sat08-strips-p24,0,False,96,323,1347,1840,0,2237,0,0,0,0,7,0,0,,0.0,540.0,1e+20,540,0.0168,0.0089,0.0,0.0026,0.0,0.0004,0.0,0.0568,0.0857
woodworking-sat08-strips-p25,0,False,116,493,2177,2883,0,3577,0,0,0,0,9,0,0,,0.0,520.0,1e+20,520,0.0377,0.0146,0.0,0.0035,0.0,0.0008,0.0,0.122,0.1785
woodworking-sat08-strips-p26,0,False,126,569,2428,3246,0,4002,0,0,0,0,5,0,0,,0.0,910.0,1e+20,910,0.0435,0.0197,0.0,0.0037,0.0,0.0006,0.0,0.0796,0.1471
woodworking-sat08-strips-p27,0,False,141,732,3171,4158,0,4996,0,0,0,0,4,0,0,,0.0,695.0,1e+20,695,0.0334,0.0279,0.0,0.0043,0.0,0.0007,0.0,0.0882,0.1547
woodworking-sat08-strips-p28,0,False,222,1602,7245,9234,0,11153,0,0,0,0,9,0,0,,0.0,1290.0,1e+20,1290,0.0511,0.0682,0.0,0.0102,0.0,0.0023,0.0,0.4984,0.6291
woodworking-sat08-strips-p29,0,False,212,1195,5100,6681,0,8092,0,0,0,0,5,0,0,,0.0,1090.0,1e+20,1090,0.0541,0.0654,0.0,0.0078,0.0,0.0013,0.0,0.1616,0.2897
woodworking-sat08-strips-p30,0,False,272,2097,9365,11919,0,14258,0,0,0,0,6,0,0,,0.0,1100.0,1e+20,1100,0.0719,0.1112,0.0,0.0137,0.0,0.0029,0.0,0.7747,0.9723
woodworking-sat11-strips-p01,0,False,198,1916,8961,11204,0,13386,0,0,0,0,8,0,0,,0.0,900.0,1e+20,900,0.0448,0.0569,0.0,0.0113,0.0,0.0025,0.0,0.6687,0.7827
woodworking-sat11-strips-p02,0,False,208,2561,12358,15282,0,18239,0,0,0,0,4,0,0,,0.0,1080.0,1e+20,1080,0.0521,0.0774,0.0,0.0157,0.0,0.0028,0.0,0.5583,0.7043
woodworking-sat11-strips-p03,0,False,226,1505,6777,8672,0,10392,0,0,0,0,4,0,0,,0.0,995.0,1e+20,995,0.0536,0.0717,0.0,0.0095,0.0,0.0016,0.0,0.1869,0.3224
woodworking-sat11-strips-p04,0,False,270,2864,13437,16734,0,19882,0,0,0,0,8,0,0,,0.0,990.0,1e+20,990,0.0932,0.1198,0.0,0.019,0.0,0.004,0.0,0.9724,1.2074
woodworking-sat11-strips-p05,0,False,297,2881,13303,16670,0,19834,0,0,0,0,8,0,0,,0.0,1155.0,1e+20,1155,0.082,0.1446,0.0,0.0195,0.0,0.0043,0.0,0.6694,0.9169
woodworking-sat11-strips-p06,0,False,266,2888,13410,16745,0,19842,0,0,0,0,4,0,0,,0.0,1080.0,1e+20,1080,0.0795,0.1295,0.0,0.0187,0.0,0.0035,0.0,0.6002,0.8291
woodworking-sat11-strips-p07,0,False,222,1602,7245,9234,0,11153,0,0,0,0,9,0,0,,0.0,1290.0,1e+20,1290,0.0504,0.0682,0.0,0.0098,0.0,0.0023,0.0,0.4979,0.6276
woodworking-sat11-strips-p08,0,False,212,1195,5100,6681,0,8092,0,0,0,0,5,0,0,,0.0,1090.0,1e+20,1090,0.0525,0.0655,0.0,0.0075,0.0,0.0013,0.0,0.1602,0.2865
woodworking-sat11-strips-p09,0,False,215,1405,6474,8246,0,9975,0,0,0,0,4,0,0,,0.0,920.0,1e+20,920,0.0493,0.0591,0.0,0.0088,0.0,0.0014,0.0,0.2044,0.3226
woodworking-sat11-strips-p10,0,False,3,7,13,33,0,31,0,0,0,0,2,0,0,,0.0,50.0,1e+20,50,0.0067,0.0002,0.0,0.0014,0.0,0.0,0.0,0.0028,0.0113
woodworking-sat11-strips-p11,0,False,296,2368,10695,13560,0,16140,0,0,0,0,9,0,0,,0.0,1305.0,1e+20,1305,0.3115,0.1304,0.0,0.0163,0.0,0.0037,0.0,0.6895,1.1488
woodworking-sat11-strips-p12,0,False,347,3918,18468,22934,0,27206,0,0,0,0,6,0,0,,0.0,1275.0,1e+20,1275,0.1089,0.1935,0.0,0.0297,0.0,0.0061,0.0,1.7433,2.0769
woodworking-sat11-strips-p13,0,False,278,2938,13939,17380,0,20693,0,0,0,0,6,0,0,,0.0,1375.0,1e+20,1375,0.0932,0.1474,0.0,0.0211,0.0,0.0042,0.0,0.9958,1.2612
woodworking-sat11-strips-p14,0,False,288,2233,10159,12873,0,15258,0,0,0,0,9,0,0,,0.0,1035.0,1e+20,1035,0.0891,0.1222,0.0,0.0161,0.0,0.0033,0.0,0.6093,0.8395
woodworking-sat11-strips-p15,0,False,367,3976,18844,23418,0,27903,0,0,0,0,5,0,0,,0.0,1505.0,1e+20,1505,0.1425,0.2207,0.0,0.0314,0.0,0.006,0.0,0.9359,1.3322
woodworking-sat11-strips-p16,0,False,359,3582,16471,20634,0,24422,0,0,0,0,6,0,0,,0.0,1325.0,1e+20,1325,0.1173,0.201,0.0,0.0271,0.0,0.0056,0.0,1.1393,1.4884
woodworking-sat11-strips-p17,0,False,200,2619,12539,15476,0,17181,0,0,0,0,7,0,0,,0.0,645.0,1e+20,645,0.0972,0.1332,0.0,0.016,0.0,0.0031,0.0,1.0533,1.3013
woodworking-sat11-strips-p18,0,False,163,1971,9576,11840,0,13076,0,0,0,0,7,0,0,,0.0,1085.0,1e+20,1085,0.0814,0.0974,0.0,0.0115,0.0,0.0022,0.0,0.9346,1.1264
woodworking-sat11-strips-p19,0,False,201,2990,14364,17699,0,19522,0,0,0,0,7,0,0,,0.0,895.0,1e+20,895,0.12,0.1642,0.0,0.0176,0.0,0.0038,0.0,1.6558,1.9595
woodworking-sat11-strips-p20,0,False,251,4126,19927,24446,0,26546,0,0,0,0,7,0,0,,0.0,950.0,1e+20,950,0.1495,0.2518,0.0,0.0255,0.0,0.0062,0.0,2.909,3.339
zenotravel-p01,0,True,6,7,7,21,0,18,0,0,0,0,2,0,0,,0.0,1.0,1e+20,1,0.0053,0.0001,0.0,0.0011,0.0,0.0,0.0,0.0029,0.0098
zenotravel-p02,0,True,6,9,14,34,0,30,0,0,0,0,3,0,0,,0.0,4.0,1e+20,4,0.0048,0.0001,0.0,0.0012,0.0,0.0001,0.0,0.0047,0.0113
zenotravel-p03,0,True,22,52,80,156,0,157,0,0,2,0,4,0,0,,0.0,5.0,1e+20,5,0.0061,0.0004,0.0,0.0012,0.0,0.0001,0.0,0.0065,0.0146
zenotravel-p04,0,True,21,47,63,134,0,138,0,0,10,0,10,0,0,,0.0,6.0,1e+20,6,0.005,0.0004,0.0,0.001,0.0,0.0002,0.0,0.0133,0.0201
zenotravel-p05,0,True,34,95,125,258,0,280,0,0,18,0,15,0,0,,0.0,11.0,1e+20,11,0.0059,0.0008,0.0,0.0012,0.0,0.0003,0.0,0.0656,0.0738
zenotravel-p06,0,True,34,92,128,258,0,274,0,0,24,0,15,0,0,,0.0,11.0,1e+20,11,0.0061,0.0009,0.0,0.0014,0.0,0.0004,0.0,0.0858,0.0946
zenotravel-p07,0,True,32,69,69,174,0,196,0,0,18,0,13,0,0,,0.0,11.0,1e+20,11,0.006,0.0007,0.0,0.0015,0.0,0.0002,0.0,0.0472,0.0558
zenotravel-p08,0,True,47,153,209,413,0,447,0,0,26,0,17,0,0,,0.0,10.0,1e+20,10,0.0268,0.0021,0.0,0.0016,0.0,0.0004,0.0,0.0459,0.0769
zenotravel-p09,0,True,72,234,274,587,0,683,0,0,49,0,19,0,0,,0.0,18.0,1e+20,18,0.009,0.0027,0.0,0.0016,0.0,0.0007,0.0,0.0995,0.1134
zenotravel-p10,0,True,77,259,307,652,0,755,0,0,51,0,18,0,0,,0.0,20.0,1e+20,20,0.0086,0.0032,0.0,0.0014,0.0,0.0007,0.0,0.0845,0.0982
zenotravel-p11,0,True,60,231,321,617,0,677,0,0,25,0,12,0,0,,0.0,12.0,1e+20,12,0.0121,0.0041,0.0,0.0017,0.0,0.0004,0.0,0.2338,0.2522
zenotravel-p12,0,True,82,306,386,781,0,900,0,0,30,0,13,0,0,,0.0,19.0,1e+20,19,0.0097,0.0048,0.0,0.0016,0.0,0.0006,0.0,0.0786,0.0952
zenotravel-p13,0,True,96,412,522,1039,0,1206,0,0,85,0,20,0,0,,0.0,23.0,1e+20,23,0.0124,0.0059,0.0,0.0016,0.0,0.001,0.0,0.1134,0.1339
zenotravel-p14,0,True,189,1141,1429,2771,0,3341,0,0,109,0,29,0,0,,0.0,28.0,1e+20,28,0.0476,0.0445,0.0,0.0033,0.0,0.0029,0.0,0.5974,0.6936
zenotravel-p15,0,True,262,1492,1558,3324,0,4437,0,0,147,0,31,0,12,,0.0,32.0,1e+20,32,0.0521,0.0659,0.0,0.0035,0.0,0.0038,0.0,0.8199,0.9426
zenotravel-p16,0,True,314,2083,2473,4885,0,6181,0,0,184,0,42,0,247,,0.0,38.0,1e+20,38,0.0702,0.1372,0.0,0.0054,0.0,0.0069,0.0,2.8031,3.0175
zenotravel-p17,0,True,464,3204,3534,7223,0,9614,0,0,245,0,46,0,0,,0.0,52.0,1e+20,52,0.12,0.2387,0.0,0.0078,0.0,0.0115,0.0,2.5483,2.9165
zenotravel-p18,0,True,492,3426,3732,7669,0,10324,0,0,380,0,89,0,1226,,0.0,51.0,1e+20,51,0.1436,0.2812,0.0,0.0082,0.0,0.0209,0.0,12.9256,13.3607
zenotravel-p19,0,True,626,4464,4654,9768,0,13468,0,0,413,0,88,0,249,,0.0,59.0,1e+20,59,0.2132,0.4573,0.0,0.0119,0.0,0.0263,0.0,10.6886,11.3734
zenotravel-p20,0,True,760,5963,6509,13257,0,17981,0,0,349,0,84,0,1590,,0.0,68.0,1e+20,68,0.263,0.6873,0.0,0.0179,0.0,0.0325,0.0,50.7877,51.7585
