Instance,Status,Unit_Costs,N_Atoms,N_Acts,N_Effects,N_Var_Base,N_Var_Acyc,N_Const_Base,N_Const_Acyc,N_Cuts_LM,N_Cuts_Sec,N_RCB_Calls,N_CCB_Calls,N_CL_It,N_Nodes,Initial_LB,Root_LB,Final_LB,Initial_UB,Final_UB,Parsing_Time,Prep_Time,Heur_Time,Build_Time,RCB_Time,CCB_Time,CL_Time,CPX_Time,Time
agricola-opt18-strips-p01,0,False,60,523,1010,1631,1057,1882,6829,0,0,,,,0,,,142.0,1e+20,142,0.1379,0.0999,0.0,0.0059,0.0,0.0,,0.4103,0.6577
agricola-opt18-strips-p02,0,False,63,612,1177,1890,1144,2116,8095,0,0,,,,0,,,142.0,1e+20,142,0.1903,0.2586,0.0,0.0059,0.0,0.0,,0.333,0.7942
agricola-opt18-strips-p03,0,False,66,723,1373,2200,1260,2434,9320,0,0,,,,833,,,204.0,1e+20,204,0.2895,0.3913,0.0,0.0069,0.0,0.0,,3.02,3.7136
agricola-opt18-strips-p04,0,False,67,592,1146,1847,1246,2096,8349,0,0,,,,0,,,146.0,1e+20,146,0.1446,0.1579,0.0,0.0064,0.0,0.0,,0.2091,0.5227
agricola-opt18-strips-p05,0,False,69,728,1401,2241,1338,2466,9687,0,0,,,,2612,,,208.0,1e+20,208,0.2385,0.2703,0.0,0.0082,0.0,0.0,,20.3685,20.89
agricola-opt18-strips-p06,0,False,72,796,1523,2434,1413,2648,10650,0,0,,,,27,,,206.0,1e+20,206,0.3628,0.5718,0.0,0.0081,0.0,0.0,,1.2308,2.1868
agricola-opt18-strips-p07,0,False,74,697,1347,2166,1483,2443,10277,0,0,,,,848,,,212.0,1e+20,212,0.1871,0.2034,0.0,0.0075,0.0,0.0,,3.1175,3.5212
agricola-opt18-strips-p08,0,False,78,799,1567,2491,1568,2737,11493,0,0,,,,0,,,150.0,1e+20,150,0.304,0.3554,0.0,0.0074,0.0,0.0,,0.3857,1.0584
agricola-opt18-strips-p09,0,False,80,895,1747,2770,1708,3009,12989,0,0,,,,0,,,150.0,1e+20,150,0.4405,0.6343,0.0,0.009,0.0,0.0,,0.2508,1.3519
agricola-opt18-strips-p10,0,False,77,754,1483,2367,1739,2652,12781,0,0,,,,0,,,154.0,1e+20,154,0.2051,0.2353,0.0,0.0086,0.0,0.0,,0.5159,0.9717
agricola-opt18-strips-p11,0,False,80,911,1773,2817,1872,3047,15188,0,0,,,,2736,,,216.0,1e+20,216,0.3271,0.393,0.0,0.0092,0.0,0.0,,14.8876,15.6291
agricola-opt18-strips-p12,0,False,84,1002,1962,3100,2066,3339,17100,0,0,,,,15,,,214.0,1e+20,214,0.4808,0.854,0.0,0.0123,0.0,0.0,,2.5638,3.9296
agricola-opt18-strips-p13,0,False,81,852,1670,2660,2018,2959,15628,0,0,,,,1246,,,220.0,1e+20,220,0.2372,0.2572,0.0,0.0098,0.0,0.0,,12.8936,13.4055
agricola-opt18-strips-p14,0,False,84,978,1945,3064,2087,3334,16322,0,0,,,,0,,,158.0,1e+20,158,0.3678,0.4721,0.0,0.0106,0.0,0.0,,0.4377,1.3023
agricola-opt18-strips-p15,0,False,87,1081,2133,3358,2218,3596,18190,0,0,,,,0,,,158.0,1e+20,158,0.5374,0.9194,0.0,0.0127,0.0,0.0,,0.3826,1.8724
agricola-opt18-strips-p16,0,False,83,909,1796,2851,2218,3173,17767,0,0,,,,21,,,222.0,1e+20,222,0.2594,0.2931,0.0,0.0104,0.0,0.0,,4.3093,4.8808
agricola-opt18-strips-p17,0,False,86,1065,2118,3332,2241,3592,18305,0,0,,,,0,,,162.0,1e+20,162,0.4144,0.5037,0.0,0.0113,0.0,0.0,,1.0507,1.995
agricola-opt18-strips-p18,0,False,89,1197,2377,3726,2542,4001,21583,0,0,,,,690,,,222.0,1e+20,222,1.3519,1.0708,0.0,0.0173,0.0,0.0,,9.7101,12.1724
agricola-opt18-strips-p19,0,False,86,992,1982,3128,2509,3489,20314,0,0,,,,82,,,226.0,1e+20,226,0.2886,0.3429,0.0,0.0179,0.0,0.0,,5.167,5.8261
agricola-opt18-strips-p20,0,False,89,1152,2310,3619,2617,3907,22089,0,0,,,,0,,,166.0,1e+20,166,0.4501,0.6248,0.0,0.0154,0.0,0.0,,0.5908,1.6987
agricola-sat18-strips-p01,0,False,84,1459,2877,4458,2000,4561,19878,0,0,,,,0,,,382.0,1e+20,382,1.3052,8.7668,0.0,0.0137,0.0,0.0,,0.491,10.6262
agricola-sat18-strips-p02,0,False,91,1731,3406,5270,2265,5200,24229,0,0,,,,0,,,386.0,1e+20,386,1.5225,6.8967,0.0,0.0138,0.0,0.0,,1.3937,9.8875
agricola-sat18-strips-p03,0,False,98,1852,3672,5670,2704,5635,29602,0,0,,,,0,,,390.0,1e+20,390,1.8698,12.8929,0.0,0.0176,0.0,0.0,,2.7752,17.6252
agricola-sat18-strips-p04,0,False,101,2084,4116,6354,2848,6251,31056,0,0,,,,4988,,,576.0,1e+20,576,1.9927,8.9929,0.0,0.0204,0.0,0.0,,269.9634,281.0451
agricola-sat18-strips-p05,0,False,104,2292,4556,7010,3356,6854,38870,0,0,,,,4025,,,580.0,1e+20,580,2.2581,14.4946,0.0,0.0218,0.0,0.0,,417.2732,434.1297
agricola-sat18-strips-p06,0,False,107,2463,4953,7586,3586,7376,41793,0,0,,,,0,,,402.0,1e+20,402,2.5819,10.1532,0.0,0.023,0.0,0.0,,0.916,13.763
agricola-sat18-strips-p07,0,False,110,2654,5330,8162,3995,7899,48565,0,0,,,,39,,,586.0,1e+20,586,2.6488,16.4278,0.0,0.028,0.0,0.0,,52.9012,72.0981
agricola-sat18-strips-p08,0,False,114,2853,5747,8786,4410,8482,55137,0,0,,,,412,,,590.0,1e+20,590,2.8628,17.5459,0.0,0.0298,0.0,0.0,,288.029,308.5682
agricola-sat18-strips-p09,0,False,116,3332,6726,10252,4759,9668,62367,0,0,,,,3702,,,594.0,1e+20,594,4.7247,13.1117,0.0,0.035,0.0,0.0,,763.9512,781.9377
agricola-sat18-strips-p10,0,False,120,3271,6635,10108,5381,9740,73640,0,0,,,,37,,,598.0,1e+20,598,3.2746,14.9344,0.0,0.0381,0.0,0.0,,271.226,289.5923
agricola-sat18-strips-p11,0,False,55,636,1222,1963,1166,2201,8240,0,0,,,,3086,,,283.0,1e+20,283,0.1892,0.2177,0.0,0.0084,0.0,0.0,,12.6098,13.0316
agricola-sat18-strips-p12,0,False,60,725,1402,2243,1346,2466,9648,0,0,,,,4068,,,287.0,1e+20,287,0.2354,0.2649,0.0,0.0078,0.0,0.0,,19.7128,20.2291
agricola-sat18-strips-p13,0,False,68,802,1582,2513,1525,2758,11161,0,0,,,,0,,,276.0,1e+20,276,0.3155,0.3258,0.0,0.009,0.0,0.0,,1.1519,1.8129
agricola-sat18-strips-p14,0,False,73,996,1974,3110,1968,3361,15358,0,0,,,,0,,,279.0,1e+20,279,0.5995,0.6854,0.0,0.0127,0.0,0.0,,1.6816,2.9981
agricola-sat18-strips-p15,0,False,75,1090,2167,3405,2248,3660,18652,0,0,,,,726,,,288.0,1e+20,288,0.6064,0.8236,0.0,0.0155,0.0,0.0,,9.8858,11.3516
agricola-sat18-strips-p16,0,False,78,1221,2421,3798,2508,4063,21362,0,0,,,,2877,,,297.0,1e+20,297,0.6019,0.9244,0.0,0.0132,0.0,0.0,,59.6354,61.1968
agricola-sat18-strips-p17,0,False,82,1396,2800,4363,2921,4672,25579,0,0,,,,2380,,,415.0,1e+20,415,0.9204,1.5976,0.0,0.0169,0.0,0.0,,22.2627,24.8313
agricola-sat18-strips-p18,0,False,86,1501,3023,4699,3503,5025,35653,0,0,,,,0,,,420.0,1e+20,420,0.9906,2.0948,0.0,0.0203,0.0,0.0,,8.2279,11.3701
agricola-sat18-strips-p19,0,False,88,1604,3226,5013,3631,5369,34934,0,0,,,,1965,,,428.0,1e+20,428,1.1014,2.1048,0.0,0.0192,0.0,0.0,,26.7972,30.0611
agricola-sat18-strips-p20,0,False,91,1746,3512,5449,4033,5819,40302,0,0,,,,5445,,,433.0,1e+20,433,1.1116,2.3775,0.0,0.0225,0.0,0.0,,135.2341,138.787
airport-p01-airport1-p1,0,True,0,3,27,62,38,91,40,0,0,,,,0,,,8.0,1e+20,8,0.0217,0.0001,0.0,0.0017,0.0,0.0,,0.0014,0.025
airport-p02-airport1-p1,0,True,0,4,31,68,46,101,50,0,0,,,,0,,,9.0,1e+20,9,0.0056,0.0001,0.0,0.0015,0.0,0.0,,0.0015,0.0087
airport-p03-airport1-p2,0,True,0,7,57,126,91,194,98,0,0,,,,0,,,17.0,1e+20,17,0.0174,0.0002,0.0,0.004,0.0,0.0,,0.002,0.0237
airport-p04-airport2-p1,0,True,0,7,65,150,101,226,108,0,0,,,,0,,,20.0,1e+20,20,0.0063,0.0003,0.0,0.0019,0.0,0.0,,0.0016,0.01
airport-p05-airport2-p1,0,True,1,10,71,160,179,303,206,0,0,,,,0,,,21.0,1e+20,21,0.0068,0.0004,0.0,0.0016,0.0,0.0,,0.0019,0.0107
airport-p06-airport2-p2,0,True,1,17,136,305,281,527,313,0,0,,,,0,,,41.0,1e+20,41,0.0069,0.0008,0.0,0.0018,0.0,0.0,,0.0023,0.0118
airport-p07-airport2-p2,0,True,1,17,135,302,300,527,336,0,0,,,,0,,,41.0,1e+20,41,0.0084,0.0008,0.0,0.004,0.0,0.0,,0.0026,0.0158
airport-p08-airport2-p3,0,True,2,27,206,444,494,814,613,0,0,,,,0,,,62.0,1e+20,62,0.0264,0.0015,0.0,0.0028,0.0,0.0,,0.0033,0.034
airport-p09-airport2-p4,0,True,2,33,234,504,557,915,685,0,0,,,,0,,,71.0,1e+20,71,0.0137,0.0022,0.0,0.0046,0.0,0.0,,0.0039,0.0244
airport-p10-airport3-p1,0,True,0,5,59,136,94,208,100,0,0,,,,0,,,18.0,1e+20,18,0.0058,0.0003,0.0,0.0016,0.0,0.0,,0.0015,0.0092
airport-p11-airport3-p1,0,True,1,10,73,164,183,313,209,0,0,,,,0,,,21.0,1e+20,21,0.014,0.0004,0.0,0.0052,0.0,0.0,,0.0022,0.0218
airport-p12-airport3-p2,0,True,1,15,132,297,292,521,329,0,0,,,,0,,,39.0,1e+20,39,0.0088,0.0009,0.0,0.0019,0.0,0.0,,0.0028,0.0145
airport-p13-airport3-p2,0,True,1,13,123,276,264,481,292,0,0,,,,0,,,37.0,1e+20,37,0.0095,0.0008,0.0,0.0024,0.0,0.0,,0.0023,0.0152
airport-p14-airport3-p3,0,True,2,25,205,443,489,818,608,0,0,,,,0,,,60.0,1e+20,60,0.0276,0.0019,0.0,0.0057,0.0,0.0,,0.0038,0.039
airport-p15-airport3-p3,0,True,2,23,197,425,475,783,589,0,0,,,,0,,,58.0,1e+20,58,0.0125,0.0017,0.0,0.0059,0.0,0.0,,0.0032,0.0234
airport-p16-airport3-p4,0,True,3,33,270,571,686,1080,882,0,0,,,,0,,,79.0,1e+20,79,0.0122,0.0028,0.0,0.0138,0.0,0.0,,0.0046,0.0335
airport-p17-airport3-p5,0,True,5,41,309,648,735,1195,962,0,0,,,,0,,,88.0,1e+20,88,0.0208,0.0037,0.0,0.003,0.0,0.0,,0.004,0.0316
airport-p18-airport3-p6,0,True,6,49,376,780,926,1459,1238,0,0,,,,0,,,107.0,1e+20,107,0.0147,0.0057,0.0,0.0046,0.0,0.0,,0.005,0.0302
airport-p19-airport3-p6,0,True,4,39,315,669,722,1189,907,0,0,,,,0,,,90.0,1e+20,90,0.0426,0.0036,0.0,0.0056,0.0,0.0,,0.0047,0.0565
airport-p20-airport3-p7,0,True,6,54,400,833,1006,1566,1347,0,0,,,,0,,,115.0,1e+20,115,0.0162,0.007,0.0,0.0184,0.0,0.0,,0.006,0.0477
airport-p21-airport4halfMUC-p2,0,True,5,49,348,783,798,1391,919,0,0,,,,0,,,101.0,1e+20,101,0.0234,0.0124,0.0,0.0032,0.0,0.0,,0.0037,0.0429
airport-p22-airport4halfMUC-p3,0,True,5,53,495,1087,1118,1900,1278,0,0,,,,0,,,148.0,1e+20,148,0.0334,0.0244,0.0,0.0057,0.0,0.0,,0.0043,0.0679
airport-p23-airport4halfMUC-p4,0,True,16,73,597,1284,1161,2045,1352,0,0,,,,0,,,168.0,1e+20,168,0.0635,0.0371,0.0,0.0063,0.0,0.0,,0.0052,0.1125
airport-p24-airport4halfMUC-p4,0,True,8,75,556,1202,1404,2226,1804,0,0,,,,0,,,162.0,1e+20,162,0.0596,0.0462,0.0,0.0064,0.0,0.0,,0.0052,0.1177
airport-p25-airport4halfMUC-p5,0,True,9,83,716,1525,1822,2798,2346,0,0,,,,0,,,212.0,1e+20,212,0.0911,0.064,0.0,0.007,0.0,0.0,,0.0058,0.1683
airport-p26-airport4halfMUC-p6,0,True,19,91,771,1631,1668,2749,2081,0,0,,,,0,,,220.0,1e+20,220,0.099,0.083,0.0,0.0088,0.0,0.0,,0.006,0.1973
airport-p27-airport4halfMUC-p6,0,True,11,125,848,1799,2327,3440,3086,0,0,,,,0,,,246.0,1e+20,246,0.1203,0.1014,0.0,0.0094,0.0,0.0,,0.0072,0.2387
airport-p28-airport4halfMUC-p7,0,True,12,131,1003,2111,2683,4000,3551,0,0,,,,0,,,294.0,1e+20,294,0.1471,0.1102,0.0,0.0116,0.0,0.0,,0.0079,0.2775
airport-p29-airport4halfMUC-p8,0,True,23,145,1082,2260,2610,4044,3416,0,0,,,,0,,,308.0,1e+20,308,0.1867,0.1522,0.0,0.0119,0.0,0.0,,0.0083,0.3598
airport-p30-airport4halfMUC-p8,0,True,14,155,1065,2230,2952,4313,4049,0,0,,,,0,,,310.0,1e+20,310,0.427,0.1502,0.0,0.0123,0.0,0.0,,0.0087,0.5989
airport-p31-airport4halfMUC-p9,0,True,14,161,1215,2537,3320,4869,4463,0,0,,,,0,,,358.0,1e+20,358,0.2332,0.2078,0.0,0.015,0.0,0.0,,0.0097,0.4664
airport-p32-airport4halfMUC-p10,0,True,27,193,1375,2840,3571,5253,4843,0,0,,,,0,,,390.0,1e+20,390,0.2697,0.2468,0.0,0.02,0.0,0.0,,0.0107,0.5479
airport-p33-airport4halfMUC-p10,0,True,16,179,1337,2780,3760,5366,5142,0,0,,,,0,,,393.0,1e+20,393,0.2871,0.2401,0.0,0.0173,0.0,0.0,,0.011,0.5562
airport-p34-airport4halfMUC-p11,0,True,28,213,1498,3086,3935,5759,5363,0,0,,,,0,,,427.0,1e+20,427,0.3266,0.3064,0.0,0.0205,0.0,0.0,,0.0121,0.6663
airport-p35-airport4halfMUC-p12,0,True,43,258,1589,3248,4133,6017,5624,0,0,,,,0,,,433.0,1e+20,433,0.4112,0.3791,0.0,0.0247,0.0,0.0,,0.159,0.9748
airport-p36-airport5MUC-p2,0,True,328,635,967,2243,2273,3286,4309,0,0,,,,87,,,109.0,1e+20,109,0.0311,0.0355,0.0,0.0098,0.0,0.0,,0.2462,0.323
airport-p37-airport5MUC-p3,0,True,566,1030,1400,3294,3895,5136,7926,0,0,,,,449,,,141.0,1e+20,141,0.0741,0.0942,0.0,0.0178,0.0,0.0,,0.7576,0.9441
airport-p38-airport5MUC-p3,0,True,521,980,1477,3373,3923,5165,7611,0,0,,,,550,,,154.0,1e+20,154,0.059,0.0854,0.0,0.0187,0.0,0.0,,0.5545,0.7179
airport-p39-airport5MUC-p4,0,True,746,1362,1878,4391,5428,6879,11111,0,0,,,,4250,,,208.0,1e+20,208,0.103,0.1552,0.0,0.0239,0.0,0.0,,2.1722,2.4548
airport-p40-airport5MUC-p4,0,True,714,1325,1994,4506,5611,7035,11076,0,0,,,,171,,,190.0,1e+20,190,0.1006,0.1419,0.0,0.0265,0.0,0.0,,0.7264,0.9959
airport-p41-airport5MUC-p4,0,True,680,1292,1952,4387,5093,6588,9762,0,0,,,,389,,,178.0,1e+20,178,0.0802,0.1259,0.0,0.0237,0.0,0.0,,0.9363,1.1665
airport-p42-airport5MUC-p5,0,True,894,1657,2512,5643,7333,8927,14675,0,0,,,,3600,,,257.0,1e+20,257,0.136,0.2179,0.0,0.0357,0.0,0.0,,4.1783,4.5684
airport-p43-airport5MUC-p5,0,True,873,1639,2480,5528,6924,8499,13561,0,0,,,,182,,,223.0,1e+20,223,0.1217,0.2067,0.0,0.0335,0.0,0.0,,1.0729,1.4354
airport-p44-airport5MUC-p5,0,True,828,1589,2488,5536,6614,8237,12460,0,0,,,,463,,,227.0,1e+20,227,0.1083,0.1961,0.0,0.0345,0.0,0.0,,0.8434,1.1829
airport-p45-airport5MUC-p6,0,True,987,1901,2917,6484,7676,9515,14723,0,0,,,,22,,,249.0,1e+20,249,0.1433,0.244,0.0,0.044,0.0,0.0,,0.7486,1.1805
airport-p46-airport5MUC-p6,0,True,1053,1971,3012,6679,8721,10442,17121,0,0,,,,53,,,290.0,1e+20,290,0.171,0.2953,0.0,0.0463,0.0,0.0,,1.0918,1.6052
airport-p47-airport5MUC-p8,0,True,1360,2580,4001,8800,11729,13463,23003,0,0,,,,0,,,355.0,1e+20,355,0.2598,0.4652,0.0,0.0775,0.0,0.0,,1.229,2.0322
airport-p48-airport5MUC-p9,0,True,1619,2987,4624,10126,14600,16279,29148,0,0,,,,47,,,423.0,1e+20,423,0.3787,0.6707,0.0,0.1007,0.0,0.0,,1.5205,2.6714
airport-p49-airport5MUC-p10,0,True,1733,3255,5107,11140,15929,17501,32313,0,0,,,,75,,,451.0,1e+20,451,0.4169,0.761,0.0,0.122,0.0,0.0,,1.6957,2.9966
airport-p50-airport5MUC-p15,0,True,2685,4967,7878,16957,26794,27535,58638,0,0,,,,23,,,685.0,1e+20,685,0.9828,1.862,0.0,0.2886,0.0,0.0,,3.0232,6.1582
assembly-prob01,-3,False,0,0,0,0,0,0,0,0,0,,,,0,,,0.0,1e+20,1e+20,0,0,0,0,0,0,,0,0
assembly-prob02,-3,False,0,0,0,0,0,0,0,0,0,,,,0,,,0.0,1e+20,1e+20,0,0,0,0,0,0,,0,0
assembly-prob03,-3,False,0,0,0,0,0,0,0,0,0,,,,0,,,0.0,1e+20,1e+20,0,0,0,0,0,0,,0,0
assembly-prob04,-3,False,0,0,0,0,0,0,0,0,0,,,,0,,,0.0,1e+20,1e+20,0,0,0,0,0,0,,0,0
assembly-prob05,-3,False,0,0,0,0,0,0,0,0,0,,,,0,,,0.0,1e+20,1e+20,0,0,0,0,0,0,,0,0
assembly-prob06,-3,False,0,0,0,0,0,0,0,0,0,,,,0,,,0.0,1e+20,1e+20,0,0,0,0,0,0,,0,0
assembly-prob07,-3,False,0,0,0,0,0,0,0,0,0,,,,0,,,0.0,1e+20,1e+20,0,0,0,0,0,0,,0,0
assembly-prob08,-3,False,0,0,0,0,0,0,0,0,0,,,,0,,,0.0,1e+20,1e+20,0,0,0,0,0,0,,0,0
assembly-prob09,-3,False,0,0,0,0,0,0,0,0,0,,,,0,,,0.0,1e+20,1e+20,0,0,0,0,0,0,,0,0
assembly-prob10,-3,False,0,0,0,0,0,0,0,0,0,,,,0,,,0.0,1e+20,1e+20,0,0,0,0,0,0,,0,0
assembly-prob11,-3,False,0,0,0,0,0,0,0,0,0,,,,0,,,0.0,1e+20,1e+20,0,0,0,0,0,0,,0,0
assembly-prob12,-3,False,0,0,0,0,0,0,0,0,0,,,,0,,,0.0,1e+20,1e+20,0,0,0,0,0,0,,0,0
assembly-prob13,-3,False,0,0,0,0,0,0,0,0,0,,,,0,,,0.0,1e+20,1e+20,0,0,0,0,0,0,,0,0
assembly-prob14,-3,False,0,0,0,0,0,0,0,0,0,,,,0,,,0.0,1e+20,1e+20,0,0,0,0,0,0,,0,0
assembly-prob15,-3,False,0,0,0,0,0,0,0,0,0,,,,0,,,0.0,1e+20,1e+20,0,0,0,0,0,0,,0,0
assembly-prob16,-3,False,0,0,0,0,0,0,0,0,0,,,,0,,,0.0,1e+20,1e+20,0,0,0,0,0,0,,0,0
assembly-prob17,-3,False,0,0,0,0,0,0,0,0,0,,,,0,,,0.0,1e+20,1e+20,0,0,0,0,0,0,,0,0
assembly-prob18,-3,False,0,0,0,0,0,0,0,0,0,,,,0,,,0.0,1e+20,1e+20,0,0,0,0,0,0,,0,0
assembly-prob19,-3,False,0,0,0,0,0,0,0,0,0,,,,0,,,0.0,1e+20,1e+20,0,0,0,0,0,0,,0,0
assembly-prob20,-3,False,0,0,0,0,0,0,0,0,0,,,,0,,,0.0,1e+20,1e+20,0,0,0,0,0,0,,0,0
assembly-prob21,-3,False,0,0,0,0,0,0,0,0,0,,,,0,,,0.0,1e+20,1e+20,0,0,0,0,0,0,,0,0
assembly-prob22,-3,False,0,0,0,0,0,0,0,0,0,,,,0,,,0.0,1e+20,1e+20,0,0,0,0,0,0,,0,0
assembly-prob23,-3,False,0,0,0,0,0,0,0,0,0,,,,0,,,0.0,1e+20,1e+20,0,0,0,0,0,0,,0,0
assembly-prob24,-3,False,0,0,0,0,0,0,0,0,0,,,,0,,,0.0,1e+20,1e+20,0,0,0,0,0,0,,0,0
assembly-prob25,-3,False,0,0,0,0,0,0,0,0,0,,,,0,,,0.0,1e+20,1e+20,0,0,0,0,0,0,,0,0
assembly-prob26,-3,False,0,0,0,0,0,0,0,0,0,,,,0,,,0.0,1e+20,1e+20,0,0,0,0,0,0,,0,0
assembly-prob27,-3,False,0,0,0,0,0,0,0,0,0,,,,0,,,0.0,1e+20,1e+20,0,0,0,0,0,0,,0,0
assembly-prob28,-3,False,0,0,0,0,0,0,0,0,0,,,,0,,,0.0,1e+20,1e+20,0,0,0,0,0,0,,0,0
assembly-prob29,-3,False,0,0,0,0,0,0,0,0,0,,,,0,,,0.0,1e+20,1e+20,0,0,0,0,0,0,,0,0
assembly-prob30,-3,False,0,0,0,0,0,0,0,0,0,,,,0,,,0.0,1e+20,1e+20,0,0,0,0,0,0,,0,0
barman-mco14-strips-p1-11-5-15,0,True,105,676,2054,2899,1813,3952,8116,0,0,,,,0,,,36.0,1e+20,36,0.0289,0.0153,0.0,0.0077,0.0,0.0,,0.384,0.436
barman-mco14-strips-p1-11-5-16,0,True,115,726,2210,3118,1956,4256,8781,0,0,,,,0,,,38.0,1e+20,38,0.0301,0.0162,0.0,0.0094,0.0,0.0,,0.4703,0.5262
barman-mco14-strips-p1-8-4-10,0,True,62,374,1112,1593,1057,2207,4286,0,0,,,,0,,,26.0,1e+20,26,0.0174,0.0051,0.0,0.0088,0.0,0.0,,0.0952,0.1267
barman-mco14-strips-p2-10-4-13,0,True,80,486,1456,2078,1365,2881,5581,0,0,,,,0,,,31.0,1e+20,31,0.022,0.0094,0.0,0.0056,0.0,0.0,,0.1143,0.1514
barman-mco14-strips-p2-11-4-15,0,True,92,560,1684,2399,1567,3327,6459,0,0,,,,0,,,34.0,1e+20,34,0.0249,0.0119,0.0,0.0062,0.0,0.0,,0.1409,0.1841
barman-mco14-strips-p2-11-5-15,0,True,108,682,2072,2926,1839,3994,8266,0,0,,,,0,,,37.0,1e+20,37,0.038,0.0153,0.0,0.0092,0.0,0.0,,0.4768,0.5395
barman-mco14-strips-p2-11-5-16,0,True,114,724,2204,3109,1947,4242,8754,0,0,,,,0,,,37.0,1e+20,37,0.0312,0.0171,0.0,0.0078,0.0,0.0,,0.1984,0.2548
barman-mco14-strips-p2-11-5-17,0,True,119,764,2330,3283,2044,4476,9212,0,0,,,,0,,,38.0,1e+20,38,0.0331,0.0194,0.0,0.008,0.0,0.0,,0.2185,0.2791
barman-mco14-strips-p3-10-4-13,0,True,80,486,1456,2078,1363,2881,5582,0,0,,,,0,,,31.0,1e+20,31,0.0252,0.0088,0.0,0.0067,0.0,0.0,,0.1138,0.1546
barman-mco14-strips-p3-11-4-15,0,True,92,560,1684,2399,1566,3327,6472,0,0,,,,0,,,34.0,1e+20,34,0.048,0.0129,0.0,0.0075,0.0,0.0,,0.1381,0.2066
barman-mco14-strips-p3-11-5-15,0,True,105,676,2054,2899,1813,3952,8156,0,0,,,,0,,,36.0,1e+20,36,0.0306,0.0152,0.0,0.0115,0.0,0.0,,0.3986,0.4561
barman-mco14-strips-p3-11-5-16,0,True,115,726,2210,3118,1955,4256,8776,0,0,,,,0,,,38.0,1e+20,38,0.0492,0.0172,0.0,0.0077,0.0,0.0,,0.4498,0.524
barman-mco14-strips-p3-11-5-17,0,True,121,768,2342,3301,2063,4504,9346,0,0,,,,0,,,38.0,1e+20,38,0.0334,0.0188,0.0,0.0086,0.0,0.0,,0.2201,0.2812
barman-mco14-strips-p4-11-4-14,0,True,86,524,1572,2242,1467,3109,6034,0,0,,,,0,,,33.0,1e+20,33,0.0306,0.0111,0.0,0.0086,0.0,0.0,,0.1249,0.1755
barman-mco14-strips-p4-11-4-15,0,True,91,558,1678,2390,1558,3313,6440,0,0,,,,0,,,34.0,1e+20,34,0.0256,0.0128,0.0,0.0068,0.0,0.0,,0.1387,0.1841
barman-mco14-strips-p4-11-5-15,0,True,107,680,2066,2917,1831,3980,8190,0,0,,,,0,,,36.0,1e+20,36,0.0466,0.0153,0.0,0.0075,0.0,0.0,,0.1811,0.2506
barman-mco14-strips-p5-10-4-13,0,True,80,486,1456,2078,1363,2881,5558,0,0,,,,0,,,31.0,1e+20,31,0.0228,0.0089,0.0,0.008,0.0,0.0,,0.1146,0.1544
barman-mco14-strips-p5-11-4-15,0,True,91,558,1678,2390,1557,3313,6404,0,0,,,,0,,,34.0,1e+20,34,0.026,0.0128,0.0,0.0065,0.0,0.0,,0.2248,0.2704
barman-mco14-strips-p5-11-5-15,0,True,106,678,2060,2908,1822,3966,8150,0,0,,,,0,,,36.0,1e+20,36,0.0288,0.0154,0.0,0.0074,0.0,0.0,,0.208,0.2599
barman-mco14-strips-p5-11-5-16,0,True,114,724,2204,3109,1947,4242,8739,0,0,,,,0,,,37.0,1e+20,37,0.0308,0.0169,0.0,0.0083,0.0,0.0,,0.4233,0.4795
barman-opt11-strips-pfile01-001,0,False,23,118,330,492,381,694,1262,0,0,,,,0,,,41.0,1e+20,41,0.0062,0.0008,0.0,0.0023,0.0,0.0,,0.0649,0.0742
barman-opt11-strips-pfile01-002,0,False,23,118,330,492,370,694,1216,0,0,,,,0,,,41.0,1e+20,41,0.0718,0.0008,0.0,0.0041,0.0,0.0,,0.0675,0.1443
barman-opt11-strips-pfile01-003,0,False,23,118,330,492,370,694,1222,0,0,,,,0,,,41.0,1e+20,41,0.0131,0.0008,0.0,0.0048,0.0,0.0,,0.0659,0.0847
barman-opt11-strips-pfile01-004,0,False,23,118,330,492,370,694,1222,0,0,,,,0,,,41.0,1e+20,41,0.0075,0.0008,0.0,0.0029,0.0,0.0,,0.0645,0.0758
barman-opt11-strips-pfile02-005,0,False,28,148,420,621,457,878,1544,0,0,,,,0,,,43.0,1e+20,43,0.0149,0.0011,0.0,0.0092,0.0,0.0,,0.1047,0.13
barman-opt11-strips-pfile02-006,0,False,28,148,420,621,457,878,1557,0,0,,,,0,,,43.0,1e+20,43,0.0112,0.0011,0.0,0.0026,0.0,0.0,,0.0858,0.1008
barman-opt11-strips-pfile02-007,0,False,28,148,420,621,457,878,1550,0,0,,,,526,,,43.0,1e+20,43,0.0381,0.0011,0.0,0.0061,0.0,0.0,,0.1525,0.198
barman-opt11-strips-pfile02-008,0,False,28,148,420,621,457,878,1550,0,0,,,,0,,,43.0,1e+20,43,0.0113,0.0011,0.0,0.012,0.0,0.0,,0.0834,0.1079
barman-opt11-strips-pfile03-009,0,False,33,178,510,750,544,1062,1879,0,0,,,,0,,,45.0,1e+20,45,0.0106,0.0016,0.0,0.0037,0.0,0.0,,0.1364,0.1523
barman-opt11-strips-pfile03-010,0,False,33,178,510,750,544,1062,1882,0,0,,,,0,,,45.0,1e+20,45,0.0086,0.0015,0.0,0.0038,0.0,0.0,,0.1168,0.1307
barman-opt11-strips-pfile03-011,0,False,33,178,510,750,544,1062,1882,0,0,,,,0,,,45.0,1e+20,45,0.0088,0.0016,0.0,0.0025,0.0,0.0,,0.1196,0.1324
barman-opt11-strips-pfile03-012,0,False,33,178,510,750,544,1062,1882,0,0,,,,0,,,45.0,1e+20,45,0.008,0.0016,0.0,0.0027,0.0,0.0,,0.109,0.1213
barman-opt11-strips-pfile04-013,0,False,42,234,680,992,704,1406,2495,0,0,,,,0,,,47.0,1e+20,47,0.0118,0.0025,0.0,0.0053,0.0,0.0,,0.1675,0.1872
barman-opt11-strips-pfile04-014,0,False,43,236,686,1001,713,1420,2542,0,0,,,,271,,,48.0,1e+20,48,0.0134,0.0025,0.0,0.003,0.0,0.0,,0.2643,0.2833
barman-opt11-strips-pfile04-015,0,False,42,234,680,992,704,1406,2509,0,0,,,,926,,,47.0,1e+20,47,0.0129,0.0027,0.0,0.0043,0.0,0.0,,0.329,0.349
barman-opt11-strips-pfile04-016,0,False,42,234,680,992,704,1406,2495,0,0,,,,0,,,47.0,1e+20,47,0.0142,0.0025,0.0,0.0052,0.0,0.0,,0.1783,0.2002
barman-opt11-strips-pfile05-017,0,False,48,266,776,1130,801,1604,2884,0,0,,,,444,,,50.0,1e+20,50,0.0129,0.0033,0.0,0.0035,0.0,0.0,,0.4091,0.4287
barman-opt11-strips-pfile05-018,0,False,48,266,776,1130,799,1604,2879,0,0,,,,84,,,50.0,1e+20,50,0.0341,0.0032,0.0,0.0043,0.0,0.0,,0.2547,0.2964
barman-opt11-strips-pfile05-019,0,False,48,266,776,1130,801,1604,2889,0,0,,,,154,,,50.0,1e+20,50,0.0135,0.0032,0.0,0.004,0.0,0.0,,0.389,0.4098
barman-opt11-strips-pfile05-020,0,False,48,266,776,1130,800,1604,2891,0,0,,,,86,,,50.0,1e+20,50,0.013,0.0032,0.0,0.0035,0.0,0.0,,0.2708,0.2905
barman-opt14-strips-p435-1,0,True,28,148,420,621,457,878,1550,0,0,,,,0,,,16.0,1e+20,16,0.0125,0.0011,0.0,0.0044,0.0,0.0,,0.0677,0.0858
barman-opt14-strips-p435-2,0,True,28,148,420,621,457,878,1550,0,0,,,,0,,,16.0,1e+20,16,0.0108,0.0011,0.0,0.0041,0.0,0.0,,0.0653,0.0814
barman-opt14-strips-p435-3,0,True,28,148,420,621,457,878,1557,0,0,,,,0,,,16.0,1e+20,16,0.0083,0.0012,0.0,0.004,0.0,0.0,,0.067,0.0805
barman-opt14-strips-p536-1,0,True,33,178,510,750,544,1062,1879,0,0,,,,0,,,18.0,1e+20,18,0.0075,0.0015,0.0,0.0032,0.0,0.0,,0.0484,0.0607
barman-opt14-strips-p536-2,0,True,33,178,510,750,545,1062,1897,0,0,,,,0,,,18.0,1e+20,18,0.0085,0.0016,0.0,0.003,0.0,0.0,,0.0452,0.0584
barman-opt14-strips-p536-3,0,True,33,178,510,750,544,1062,1879,0,0,,,,0,,,18.0,1e+20,18,0.0083,0.0015,0.0,0.0038,0.0,0.0,,0.0754,0.0892
barman-opt14-strips-p638-1,0,True,42,234,680,992,704,1406,2509,0,0,,,,0,,,20.0,1e+20,20,0.0142,0.0025,0.0,0.0036,0.0,0.0,,0.0575,0.0778
barman-opt14-strips-p638-2,0,True,43,236,686,1001,713,1420,2518,0,0,,,,0,,,21.0,1e+20,21,0.0152,0.0025,0.0,0.0036,0.0,0.0,,0.1023,0.1237
barman-opt14-strips-p638-3,0,True,43,236,686,1001,713,1420,2542,0,0,,,,0,,,21.0,1e+20,21,0.0123,0.0028,0.0,0.0032,0.0,0.0,,0.1015,0.1198
barman-opt14-strips-p739-1,0,True,47,264,770,1121,791,1590,2833,0,0,,,,0,,,22.0,1e+20,22,0.0129,0.0034,0.0,0.0037,0.0,0.0,,0.0664,0.0864
barman-opt14-strips-p739-2,0,True,47,264,770,1121,791,1590,2833,0,0,,,,0,,,22.0,1e+20,22,0.0129,0.0032,0.0,0.0034,0.0,0.0,,0.0658,0.0853
barman-opt14-strips-p739-3,0,True,47,264,770,1121,791,1590,2833,0,0,,,,0,,,22.0,1e+20,22,0.0188,0.0032,0.0,0.0059,0.0,0.0,,0.0591,0.0871
barman-opt14-strips-p839-1,0,True,48,268,780,1137,805,1614,2893,0,0,,,,0,,,24.0,1e+20,24,0.0132,0.0035,0.0,0.0042,0.0,0.0,,0.1196,0.1404
barman-opt14-strips-p839-2,0,True,48,268,780,1137,805,1614,2893,0,0,,,,0,,,24.0,1e+20,24,0.0126,0.0034,0.0,0.0036,0.0,0.0,,0.0684,0.0881
barman-sat11-strips-pfile06-021,0,False,62,374,1112,1593,1057,2207,4271,0,0,,,,3580,,,62.0,1e+20,62,0.0162,0.0051,0.0,0.0057,0.0,0.0,,1.8287,1.8558
barman-sat11-strips-pfile06-022,0,False,63,376,1118,1602,1065,2221,4296,0,0,,,,1762,,,63.0,1e+20,63,0.0156,0.0051,0.0,0.0054,0.0,0.0,,1.0187,1.045
barman-sat11-strips-pfile06-023,0,False,63,374,1112,1593,1057,2206,4268,0,0,,,,519,,,51.0,1e+20,51,0.0191,0.0053,0.0,0.0052,0.0,0.0,,0.6195,0.6492
barman-sat11-strips-pfile06-024,0,False,62,374,1112,1593,1057,2207,4268,0,0,,,,2467,,,62.0,1e+20,62,0.0153,0.0051,0.0,0.0046,0.0,0.0,,1.5372,1.5624
barman-sat11-strips-pfile07-025,0,False,69,414,1234,1766,1169,2449,4738,0,0,,,,1490,,,65.0,1e+20,65,0.0249,0.0064,0.0,0.0069,0.0,0.0,,0.9072,0.9455
barman-sat11-strips-pfile07-026,0,False,68,412,1228,1757,1160,2435,4753,0,0,,,,3689,,,64.0,1e+20,64,0.024,0.0064,0.0,0.0063,0.0,0.0,,1.5115,1.5484
barman-sat11-strips-pfile07-027,0,False,68,412,1228,1757,1161,2435,4679,0,0,,,,3270,,,64.0,1e+20,64,0.0172,0.0071,0.0,0.0058,0.0,0.0,,1.2931,1.3233
barman-sat11-strips-pfile07-028,0,False,69,414,1234,1766,1169,2449,4744,0,0,,,,3056,,,65.0,1e+20,65,0.017,0.0063,0.0,0.0046,0.0,0.0,,1.4444,1.4725
barman-sat11-strips-pfile08-029,0,False,80,486,1456,2078,1363,2881,5552,0,0,,,,3598,,,67.0,1e+20,67,0.0212,0.0097,0.0,0.0071,0.0,0.0,,2.2012,2.2393
barman-sat11-strips-pfile08-030,0,False,81,488,1462,2087,1373,2895,5682,0,0,,,,1639,,,68.0,1e+20,68,0.0332,0.0095,0.0,0.0092,0.0,0.0,,1.1517,1.2037
barman-sat11-strips-pfile08-031,0,False,80,486,1456,2078,1363,2881,5566,0,0,,,,2566,,,67.0,1e+20,67,0.1095,0.0095,0.0,0.006,0.0,0.0,,1.5923,1.7175
barman-sat11-strips-pfile08-032,0,False,80,486,1456,2078,1364,2881,5558,0,0,,,,4352,,,67.0,1e+20,67,0.0224,0.009,0.0,0.0063,0.0,0.0,,2.1177,2.1556
barman-sat11-strips-pfile09-033,0,False,85,522,1566,2233,1458,3095,5973,0,0,,,,3614,,,69.0,1e+20,69,0.0247,0.0111,0.0,0.0064,0.0,0.0,,3.0327,3.075
barman-sat11-strips-pfile09-034,0,False,86,524,1572,2242,1467,3109,6026,0,0,,,,3553,,,69.0,1e+20,69,0.0236,0.0115,0.0,0.0068,0.0,0.0,,3.1168,3.1588
barman-sat11-strips-pfile09-035,0,False,85,522,1566,2233,1458,3095,6010,0,0,,,,3715,,,69.0,1e+20,69,0.0243,0.0111,0.0,0.006,0.0,0.0,,2.7994,2.841
barman-sat11-strips-pfile09-036,0,False,85,522,1566,2233,1459,3095,5973,0,0,,,,3152,,,69.0,1e+20,69,0.0277,0.0104,0.0,0.0175,0.0,0.0,,3.6055,3.6614
barman-sat11-strips-pfile10-037,0,False,91,558,1678,2390,1557,3313,6438,0,0,,,,2796,,,70.0,1e+20,70,0.05,0.0128,0.0,0.0107,0.0,0.0,,3.321,3.3946
barman-sat11-strips-pfile10-038,0,False,92,560,1684,2399,1566,3327,6454,0,0,,,,4324,,,70.0,1e+20,70,0.0332,0.0118,0.0,0.0093,0.0,0.0,,2.9198,2.9742
barman-sat11-strips-pfile10-039,0,False,90,556,1672,2381,1549,3299,6356,0,0,,,,2439,,,70.0,1e+20,70,0.0311,0.0119,0.0,0.0075,0.0,0.0,,2.7233,2.774
barman-sat11-strips-pfile10-040,0,False,93,562,1690,2408,1575,3341,6500,0,0,,,,2050,,,71.0,1e+20,71,0.0235,0.0118,0.0,0.0068,0.0,0.0,,1.6834,1.7257
barman-sat14-strips-p1-11-4-15,0,True,91,558,1678,2390,1558,3313,6451,0,0,,,,0,,,34.0,1e+20,34,0.0257,0.0119,0.0,0.0062,0.0,0.0,,0.2594,0.3035
barman-sat14-strips-p1-11-5-15,0,True,105,676,2054,2899,1813,3952,8116,0,0,,,,0,,,36.0,1e+20,36,0.0297,0.0152,0.0,0.0079,0.0,0.0,,0.3795,0.4326
barman-sat14-strips-p1-11-5-16,0,True,115,726,2210,3118,1956,4256,8781,0,0,,,,0,,,38.0,1e+20,38,0.0305,0.0174,0.0,0.0072,0.0,0.0,,0.4685,0.5238
barman-sat14-strips-p2-10-4-13,0,True,80,486,1456,2078,1365,2881,5581,0,0,,,,0,,,31.0,1e+20,31,0.0202,0.0089,0.0,0.0057,0.0,0.0,,0.115,0.1501
barman-sat14-strips-p2-11-4-15,0,True,92,560,1684,2399,1567,3327,6459,0,0,,,,0,,,34.0,1e+20,34,0.0269,0.0125,0.0,0.0071,0.0,0.0,,0.1438,0.1906
barman-sat14-strips-p2-11-5-15,0,True,108,682,2072,2926,1839,3994,8266,0,0,,,,0,,,37.0,1e+20,37,0.0277,0.0152,0.0,0.0076,0.0,0.0,,0.4776,0.5282
barman-sat14-strips-p2-11-5-16,0,True,114,724,2204,3109,1947,4242,8754,0,0,,,,0,,,37.0,1e+20,37,0.03,0.0172,0.0,0.0097,0.0,0.0,,0.1984,0.2556
barman-sat14-strips-p2-11-5-17,0,True,119,764,2330,3283,2044,4476,9212,0,0,,,,0,,,38.0,1e+20,38,0.0346,0.0193,0.0,0.0089,0.0,0.0,,0.2176,0.2807
barman-sat14-strips-p3-10-4-13,0,True,80,486,1456,2078,1363,2881,5582,0,0,,,,0,,,31.0,1e+20,31,0.029,0.0088,0.0,0.0069,0.0,0.0,,0.1138,0.1587
barman-sat14-strips-p3-11-4-15,0,True,92,560,1684,2399,1566,3327,6472,0,0,,,,0,,,34.0,1e+20,34,0.0257,0.0129,0.0,0.0063,0.0,0.0,,0.1388,0.1838
barman-sat14-strips-p3-11-5-15,0,True,105,676,2054,2899,1813,3952,8156,0,0,,,,0,,,36.0,1e+20,36,0.0306,0.0151,0.0,0.0078,0.0,0.0,,0.3967,0.4504
barman-sat14-strips-p3-11-5-16,0,True,115,726,2210,3118,1955,4256,8776,0,0,,,,0,,,38.0,1e+20,38,0.0286,0.0176,0.0,0.0207,0.0,0.0,,0.4481,0.5153
barman-sat14-strips-p3-11-5-17,0,True,121,768,2342,3301,2063,4504,9346,0,0,,,,0,,,38.0,1e+20,38,0.0328,0.0188,0.0,0.0083,0.0,0.0,,0.219,0.2791
barman-sat14-strips-p4-11-4-14,0,True,86,524,1572,2242,1467,3109,6034,0,0,,,,0,,,33.0,1e+20,33,0.023,0.0111,0.0,0.006,0.0,0.0,,0.1244,0.1648
barman-sat14-strips-p4-11-4-15,0,True,91,558,1678,2390,1558,3313,6440,0,0,,,,0,,,34.0,1e+20,34,0.0429,0.012,0.0,0.0068,0.0,0.0,,0.1386,0.2006
barman-sat14-strips-p4-11-5-15,0,True,107,680,2066,2917,1831,3980,8190,0,0,,,,0,,,36.0,1e+20,36,0.038,0.0156,0.0,0.0101,0.0,0.0,,0.1815,0.2453
barman-sat14-strips-p5-10-4-13,0,True,80,486,1456,2078,1363,2881,5558,0,0,,,,0,,,31.0,1e+20,31,0.0218,0.0097,0.0,0.0076,0.0,0.0,,0.1163,0.1555
barman-sat14-strips-p5-11-4-15,0,True,91,558,1678,2390,1557,3313,6404,0,0,,,,0,,,34.0,1e+20,34,0.0265,0.0119,0.0,0.008,0.0,0.0,,0.23,0.2765
barman-sat14-strips-p5-11-5-15,0,True,106,678,2060,2908,1822,3966,8150,0,0,,,,0,,,36.0,1e+20,36,0.0353,0.0153,0.0,0.0124,0.0,0.0,,0.2092,0.2723
barman-sat14-strips-p5-11-5-16,0,True,114,724,2204,3109,1947,4242,8739,0,0,,,,0,,,37.0,1e+20,37,0.0324,0.0161,0.0,0.0125,0.0,0.0,,0.4229,0.4841
blocks-probBLOCKS-10-0,0,True,0,9,31,78,34,91,34,0,0,,,,0,,,18.0,1e+20,18,0.0061,0.0004,0.0,0.0016,0.0,0.0,,0.0014,0.0095
blocks-probBLOCKS-10-1,0,True,0,10,31,80,35,92,35,0,0,,,,0,,,19.0,1e+20,19,0.0058,0.0004,0.0,0.0013,0.0,0.0,,0.0014,0.0089
blocks-probBLOCKS-10-2,0,True,0,10,32,81,37,94,37,0,0,,,,0,,,19.0,1e+20,19,0.0119,0.0003,0.0,0.0024,0.0,0.0,,0.0021,0.0169
blocks-probBLOCKS-11-0,0,True,0,11,36,86,31,96,31,0,0,,,,0,,,19.0,1e+20,19,0.0072,0.0004,0.0,0.0037,0.0,0.0,,0.0023,0.0136
blocks-probBLOCKS-11-1,0,True,0,11,40,94,34,103,34,0,0,,,,0,,,21.0,1e+20,21,0.0069,0.0004,0.0,0.0022,0.0,0.0,,0.0017,0.0112
blocks-probBLOCKS-11-2,0,True,0,11,32,82,33,94,33,0,0,,,,0,,,19.0,1e+20,19,0.0069,0.0005,0.0,0.0021,0.0,0.0,,0.0014,0.0109
blocks-probBLOCKS-12-0,0,True,0,12,39,96,38,109,38,0,0,,,,0,,,22.0,1e+20,22,0.0065,0.0006,0.0,0.0013,0.0,0.0,,0.0015,0.0099
blocks-probBLOCKS-12-1,0,True,0,11,37,94,44,110,44,0,0,,,,0,,,22.0,1e+20,22,0.0087,0.0006,0.0,0.0056,0.0,0.0,,0.0016,0.0166
blocks-probBLOCKS-13-0,0,True,0,12,41,103,42,118,43,0,0,,,,0,,,24.0,1e+20,24,0.006,0.0007,0.0,0.0015,0.0,0.0,,0.0015,0.0098
blocks-probBLOCKS-13-1,0,True,0,13,41,105,51,123,51,0,0,,,,0,,,25.0,1e+20,25,0.0659,0.0007,0.0,0.0087,0.0,0.0,,0.0025,0.0779
blocks-probBLOCKS-14-0,0,True,0,14,44,109,48,125,48,0,0,,,,0,,,25.0,1e+20,25,0.0071,0.0008,0.0,0.0024,0.0,0.0,,0.0017,0.0121
blocks-probBLOCKS-14-1,0,True,0,14,50,119,40,131,40,0,0,,,,0,,,27.0,1e+20,27,0.0133,0.0009,0.0,0.0109,0.0,0.0,,0.0015,0.0266
blocks-probBLOCKS-15-0,0,True,0,15,52,124,41,136,41,0,0,,,,0,,,28.0,1e+20,28,0.008,0.001,0.0,0.0014,0.0,0.0,,0.0016,0.0121
blocks-probBLOCKS-15-1,0,True,0,15,46,118,56,139,56,0,0,,,,0,,,28.0,1e+20,28,0.0078,0.0011,0.0,0.0016,0.0,0.0,,0.0016,0.0121
blocks-probBLOCKS-16-1,0,True,0,16,52,131,58,152,58,0,0,,,,0,,,31.0,1e+20,31,0.0076,0.0012,0.0,0.0017,0.0,0.0,,0.0015,0.0121
blocks-probBLOCKS-16-2,0,True,0,15,47,120,52,142,52,0,0,,,,0,,,28.0,1e+20,28,0.0078,0.0013,0.0,0.0015,0.0,0.0,,0.0015,0.0121
blocks-probBLOCKS-17-0,0,True,0,17,59,143,54,162,54,0,0,,,,0,,,33.0,1e+20,33,0.0182,0.0017,0.0,0.0038,0.0,0.0,,0.0016,0.0253
blocks-probBLOCKS-4-0,0,True,0,3,15,32,6,32,6,0,0,,,,0,,,6.0,1e+20,6,0.0048,0.0001,0.0,0.0014,0.0,0.0,,0.0014,0.0077
blocks-probBLOCKS-4-1,0,True,0,4,11,28,10,30,10,0,0,,,,0,,,6.0,1e+20,6,0.005,0.0001,0.0,0.002,0.0,0.0,,0.0013,0.0083
blocks-probBLOCKS-4-2,0,True,0,3,12,29,6,29,6,0,0,,,,0,,,6.0,1e+20,6,0.0049,0.0001,0.0,0.0021,0.0,0.0,,0.0014,0.0085
blocks-probBLOCKS-5-0,0,True,0,5,17,39,11,42,11,0,0,,,,0,,,8.0,1e+20,8,0.0081,0.0001,0.0,0.0024,0.0,0.0,,0.002,0.0126
blocks-probBLOCKS-5-1,0,True,0,4,16,36,9,38,9,0,0,,,,0,,,7.0,1e+20,7,0.006,0.0001,0.0,0.0023,0.0,0.0,,0.0014,0.0098
blocks-probBLOCKS-5-2,0,True,0,5,15,39,19,45,19,0,0,,,,0,,,9.0,1e+20,9,0.005,0.0001,0.0,0.0021,0.0,0.0,,0.0014,0.0087
blocks-probBLOCKS-6-0,0,True,0,6,20,49,15,53,15,0,0,,,,0,,,11.0,1e+20,11,0.0051,0.0001,0.0,0.0015,0.0,0.0,,0.0015,0.0083
blocks-probBLOCKS-6-1,0,True,0,5,23,50,11,51,11,0,0,,,,0,,,10.0,1e+20,10,0.0052,0.0001,0.0,0.0034,0.0,0.0,,0.0014,0.0101
blocks-probBLOCKS-6-2,0,True,0,6,18,47,20,54,20,0,0,,,,0,,,11.0,1e+20,11,0.0045,0.0001,0.0,0.0018,0.0,0.0,,0.0014,0.0078
blocks-probBLOCKS-7-0,0,True,0,7,21,55,26,64,26,0,0,,,,0,,,13.0,1e+20,13,0.077,0.0002,0.0,0.01,0.0,0.0,,0.0046,0.0918
blocks-probBLOCKS-7-1,0,True,0,7,22,54,19,60,19,0,0,,,,0,,,12.0,1e+20,12,0.0054,0.0002,0.0,0.0013,0.0,0.0,,0.0013,0.0083
blocks-probBLOCKS-7-2,0,True,0,7,21,53,16,57,16,0,0,,,,0,,,12.0,1e+20,12,0.0124,0.0002,0.0,0.007,0.0,0.0,,0.002,0.0216
blocks-probBLOCKS-8-0,0,True,0,7,26,61,19,66,19,0,0,,,,0,,,13.0,1e+20,13,0.006,0.0002,0.0,0.0035,0.0,0.0,,0.0022,0.0119
blocks-probBLOCKS-8-1,0,True,0,8,29,64,17,67,17,0,0,,,,0,,,13.0,1e+20,13,0.0088,0.0002,0.0,0.0029,0.0,0.0,,0.0019,0.0138
blocks-probBLOCKS-8-2,0,True,0,7,29,66,19,71,19,0,0,,,,0,,,14.0,1e+20,14,0.0297,0.0002,0.0,0.0044,0.0,0.0,,0.0023,0.0366
blocks-probBLOCKS-9-0,0,True,0,9,28,70,31,80,31,0,0,,,,0,,,16.0,1e+20,16,0.0436,0.0003,0.0,0.006,0.0,0.0,,0.0017,0.0516
blocks-probBLOCKS-9-1,0,True,0,9,26,68,34,80,34,0,0,,,,0,,,16.0,1e+20,16,0.012,0.0003,0.0,0.0046,0.0,0.0,,0.0031,0.0201
blocks-probBLOCKS-9-2,0,True,0,9,28,72,29,83,29,0,0,,,,0,,,17.0,1e+20,17,0.0266,0.0003,0.0,0.0018,0.0,0.0,,0.0015,0.0302
childsnack-opt14-strips-child-snack_pfile01,0,True,38,126,134,304,140,318,240,0,0,,,,0,,,10.0,1e+20,10,0.0098,0.0007,0.0,0.0061,0.0,0.0,,0.0086,0.0253
childsnack-opt14-strips-child-snack_pfile01-2,0,True,38,126,134,304,140,318,240,0,0,,,,0,,,11.0,1e+20,11,0.0265,0.0007,0.0,0.0022,0.0,0.0,,0.0089,0.0383
childsnack-opt14-strips-child-snack_pfile02,0,True,46,176,186,415,194,433,340,0,0,,,,0,,,11.0,1e+20,11,0.0078,0.0012,0.0,0.0022,0.0,0.0,,0.0107,0.0219
childsnack-opt14-strips-child-snack_pfile02-2,0,True,46,176,186,415,194,433,340,0,0,,,,0,,,12.0,1e+20,12,0.0092,0.0012,0.0,0.0017,0.0,0.0,,0.0105,0.0226
childsnack-opt14-strips-child-snack_pfile03,0,True,50,215,226,499,247,531,440,0,0,,,,0,,,13.0,1e+20,13,0.009,0.0017,0.0,0.0026,0.0,0.0,,0.012,0.0255
childsnack-opt14-strips-child-snack_pfile03-2,0,True,50,215,226,499,247,531,440,0,0,,,,0,,,13.0,1e+20,13,0.0113,0.0018,0.0,0.0035,0.0,0.0,,0.0127,0.0294
childsnack-opt14-strips-child-snack_pfile04,0,True,69,381,393,852,423,894,792,0,0,,,,0,,,14.0,1e+20,14,0.0163,0.0029,0.0,0.0077,0.0,0.0,,0.0191,0.0463
childsnack-opt14-strips-child-snack_pfile04-2,0,True,69,381,393,852,423,894,792,0,0,,,,0,,,14.0,1e+20,14,0.0141,0.0031,0.0,0.0026,0.0,0.0,,0.0188,0.0387
childsnack-opt14-strips-child-snack_pfile05,0,True,74,451,464,999,511,1059,975,0,0,,,,0,,,15.0,1e+20,15,0.0152,0.0042,0.0,0.0082,0.0,0.0,,0.0244,0.0521
childsnack-opt14-strips-child-snack_pfile05-2,0,True,74,451,464,999,511,1059,975,0,0,,,,0,,,15.0,1e+20,15,0.0252,0.0041,0.0,0.0227,0.0,0.0,,0.0217,0.0739
childsnack-opt14-strips-child-snack_pfile06,0,True,84,564,579,1238,633,1307,1215,0,0,,,,0,,,16.0,1e+20,16,0.0164,0.0058,0.0,0.0035,0.0,0.0,,0.0271,0.0529
childsnack-opt14-strips-child-snack_pfile06-2,0,True,84,564,579,1238,633,1307,1215,0,0,,,,0,,,16.0,1e+20,16,0.0193,0.006,0.0,0.0045,0.0,0.0,,0.0298,0.0597
childsnack-opt14-strips-child-snack_pfile07,0,True,89,649,665,1415,724,1490,1392,0,0,,,,0,,,17.0,1e+20,17,0.0376,0.0076,0.0,0.014,0.0,0.0,,0.0306,0.0901
childsnack-opt14-strips-child-snack_pfile07-2,0,True,89,649,665,1415,724,1490,1392,0,0,,,,0,,,17.0,1e+20,17,0.0206,0.0073,0.0,0.0031,0.0,0.0,,0.0308,0.0621
childsnack-opt14-strips-child-snack_pfile08,0,True,94,740,757,1604,838,1702,1632,0,0,,,,0,,,18.0,1e+20,18,0.0227,0.0098,0.0,0.0032,0.0,0.0,,0.0353,0.0714
childsnack-opt14-strips-child-snack_pfile08-2,0,True,94,740,757,1604,838,1702,1632,0,0,,,,0,,,18.0,1e+20,18,0.043,0.0095,0.0,0.0038,0.0,0.0,,0.0366,0.0932
childsnack-opt14-strips-child-snack_pfile09,0,True,104,883,902,1903,992,2012,1938,0,0,,,,0,,,19.0,1e+20,19,0.0479,0.0124,0.0,0.0036,0.0,0.0,,0.0467,0.1111
childsnack-opt14-strips-child-snack_pfile09-2,0,True,104,883,902,1903,992,2012,1938,0,0,,,,0,,,19.0,1e+20,19,0.0281,0.0124,0.0,0.0032,0.0,0.0,,0.0428,0.0869
childsnack-opt14-strips-child-snack_pfile10,0,True,109,989,1009,2122,1125,2258,2220,0,0,,,,0,,,20.0,1e+20,20,0.04,0.0158,0.0,0.0062,0.0,0.0,,0.0473,0.1095
childsnack-opt14-strips-child-snack_pfile10-2,0,True,109,989,1009,2122,1125,2258,2220,0,0,,,,0,,,20.0,1e+20,20,0.0334,0.0158,0.0,0.0033,0.0,0.0,,0.0552,0.1079
childsnack-sat14-strips-child-snack_pfile05,0,True,74,451,464,999,511,1059,975,0,0,,,,0,,,15.0,1e+20,15,0.0155,0.0041,0.0,0.0028,0.0,0.0,,0.0223,0.0448
childsnack-sat14-strips-child-snack_pfile05-2,0,True,74,451,464,999,511,1059,975,0,0,,,,0,,,15.0,1e+20,15,0.0165,0.0043,0.0,0.006,0.0,0.0,,0.0208,0.0478
childsnack-sat14-strips-child-snack_pfile06-2,0,True,84,564,579,1238,633,1307,1215,0,0,,,,0,,,16.0,1e+20,16,0.019,0.0061,0.0,0.0034,0.0,0.0,,0.0299,0.0585
childsnack-sat14-strips-child-snack_pfile07-2,0,True,89,649,665,1415,724,1490,1392,0,0,,,,0,,,17.0,1e+20,17,0.0282,0.0073,0.0,0.008,0.0,0.0,,0.0314,0.0751
childsnack-sat14-strips-child-snack_pfile08,0,True,94,740,757,1604,838,1702,1632,0,0,,,,0,,,18.0,1e+20,18,0.0242,0.0093,0.0,0.0037,0.0,0.0,,0.0359,0.0733
childsnack-sat14-strips-child-snack_pfile08-2,0,True,94,740,757,1604,838,1702,1632,0,0,,,,0,,,18.0,1e+20,18,0.0247,0.0099,0.0,0.0032,0.0,0.0,,0.036,0.0742
childsnack-sat14-strips-child-snack_pfile09,0,True,104,883,902,1903,992,2012,1938,0,0,,,,0,,,19.0,1e+20,19,0.0284,0.0125,0.0,0.0053,0.0,0.0,,0.0474,0.0941
childsnack-sat14-strips-child-snack_pfile09-2,0,True,104,883,902,1903,992,2012,1938,0,0,,,,0,,,19.0,1e+20,19,0.0368,0.0132,0.0,0.0047,0.0,0.0,,0.0427,0.0978
childsnack-sat14-strips-child-snack_pfile10,0,True,109,989,1009,2122,1125,2258,2220,0,0,,,,0,,,20.0,1e+20,20,0.039,0.0158,0.0,0.0093,0.0,0.0,,0.0498,0.1143
childsnack-sat14-strips-child-snack_pfile10-2,0,True,109,989,1009,2122,1125,2258,2220,0,0,,,,0,,,20.0,1e+20,20,0.0325,0.0157,0.0,0.0037,0.0,0.0,,0.0553,0.1076
childsnack-sat14-strips-child-snack_pfile11,0,True,114,1101,1122,2353,1245,2497,2457,0,0,,,,0,,,21.0,1e+20,21,0.0468,0.0196,0.0,0.0055,0.0,0.0,,0.0542,0.1264
childsnack-sat14-strips-child-snack_pfile11-2,0,True,114,1101,1122,2353,1245,2497,2457,0,0,,,,0,,,21.0,1e+20,21,0.046,0.0198,0.0,0.0051,0.0,0.0,,0.0523,0.1236
childsnack-sat14-strips-child-snack_pfile12,0,True,150,1691,1714,3572,1862,3743,3772,0,0,,,,0,,,22.0,1e+20,22,0.0664,0.0305,0.0,0.0077,0.0,0.0,,0.0997,0.2051
childsnack-sat14-strips-child-snack_pfile13,0,True,156,1860,1884,3918,2064,4122,4224,0,0,,,,0,,,23.0,1e+20,23,0.0552,0.037,0.0,0.0055,0.0,0.0,,0.1091,0.2077
childsnack-sat14-strips-child-snack_pfile13-2,0,True,156,1860,1884,3918,2064,4122,4224,0,0,,,,0,,,23.0,1e+20,23,0.0677,0.0367,0.0,0.0087,0.0,0.0,,0.1216,0.2356
childsnack-sat14-strips-child-snack_pfile14,0,True,162,2037,2062,4280,2251,4494,4600,0,0,,,,0,,,24.0,1e+20,24,0.0613,0.0433,0.0,0.0077,0.0,0.0,,0.1203,0.2337
childsnack-sat14-strips-child-snack_pfile15-2,0,True,168,2222,2248,4658,2472,4908,5096,0,0,,,,0,,,25.0,1e+20,25,0.0738,0.0507,0.0,0.0073,0.0,0.0,,0.1417,0.2746
childsnack-sat14-strips-child-snack_pfile16-2,0,True,180,2504,2532,5237,2772,5505,5712,0,0,,,,0,,,26.0,1e+20,26,0.0924,0.062,0.0,0.0075,0.0,0.0,,0.1683,0.3315
childsnack-sat14-strips-child-snack_pfile19,0,True,204,3244,3276,6748,3584,7088,7424,0,0,,,,0,,,29.0,1e+20,29,0.1298,0.1004,0.0,0.017,0.0,0.0,,0.2378,0.487
childsnack-sat14-strips-child-snack_pfile19-2,0,True,204,3244,3276,6748,3584,7088,7424,0,0,,,,0,,,29.0,1e+20,29,0.1459,0.1018,0.0,0.0135,0.0,0.0,,0.2275,0.4907
data-network-opt18-strips-p01,0,False,55,503,779,1343,872,1500,5061,0,0,,,,214,,,105.0,1e+20,105,0.0107,0.0021,0.0,0.0117,0.0,0.0,,0.696,0.7205
data-network-opt18-strips-p02,0,False,63,697,1117,1880,1059,2057,7256,0,0,,,,0,,,29.0,1e+20,29,0.027,0.0028,0.0,0.0061,0.0,0.0,,0.2436,0.2796
data-network-opt18-strips-p03,0,False,66,845,1328,2247,1312,2426,9424,0,0,,,,0,,,78.0,1e+20,78,0.0274,0.0033,0.0,0.0072,0.0,0.0,,0.7771,0.8151
data-network-opt18-strips-p04,0,False,70,1143,1861,3085,1608,3185,13361,0,0,,,,5,,,119.0,1e+20,119,0.0172,0.0077,0.0,0.0104,0.0,0.0,,2.1174,2.1528
data-network-opt18-strips-p05,0,False,74,1025,1624,2733,1716,2927,14338,0,0,,,,0,,,104.0,1e+20,104,0.0128,0.0043,0.0,0.0098,0.0,0.0,,0.7122,0.7392
data-network-opt18-strips-p06,0,False,84,1307,2162,3559,1958,3626,18203,0,0,,,,0,,,55.0,1e+20,55,0.0302,0.0062,0.0,0.0129,0.0,0.0,,1.0194,1.0688
data-network-opt18-strips-p07,0,False,86,1574,2589,4259,2180,4261,20850,0,0,,,,0,,,87.0,1e+20,87,0.0141,0.0065,0.0,0.0135,0.0,0.0,,0.616,0.6502
data-network-opt18-strips-p08,0,False,89,1243,2008,3351,2034,3590,17992,0,0,,,,0,,,104.0,1e+20,104,0.0193,0.0057,0.0,0.0124,0.0,0.0,,0.8242,0.8618
data-network-opt18-strips-p09,0,False,74,705,1120,1903,1246,2198,7640,0,0,,,,0,,,27.0,1e+20,27,0.0863,0.0034,0.0,0.0079,0.0,0.0,,0.3703,0.468
data-network-opt18-strips-p10,0,False,81,921,1505,2513,1578,2739,11496,0,0,,,,0,,,85.0,1e+20,85,0.0116,0.0043,0.0,0.0099,0.0,0.0,,1.2819,1.3078
data-network-opt18-strips-p11,0,False,91,1111,1829,3034,1893,3324,14968,0,0,,,,66,,,47.0,1e+20,47,0.0128,0.0062,0.0,0.0097,0.0,0.0,,1.9346,1.9635
data-network-opt18-strips-p12,0,False,97,1315,2133,3549,2104,3873,17068,0,0,,,,0,,,62.0,1e+20,62,0.0128,0.0063,0.0,0.0137,0.0,0.0,,3.0885,3.1214
data-network-opt18-strips-p13,0,False,104,1492,2495,4098,2523,4389,23041,0,0,,,,3776,,,100.0,1e+20,100,0.0174,0.0092,0.0,0.0164,0.0,0.0,,27.568,27.6112
data-network-opt18-strips-p14,0,False,105,1749,2923,4795,2946,4993,28329,0,0,,,,0,,,181.0,1e+20,181,0.0161,0.0117,0.0,0.0181,0.0,0.0,,1.6102,1.6562
data-network-opt18-strips-p15,0,False,128,1344,2242,3718,2824,4313,21161,0,0,,,,284,,,50.0,1e+20,50,0.0143,0.0097,0.0,0.0149,0.0,0.0,,3.4073,3.4463
data-network-opt18-strips-p16,0,False,140,1692,2894,4734,3769,5188,34522,0,0,,,,3164,,,117.0,1e+20,117,0.018,0.0167,0.0,0.0258,0.0,0.0,,34.4128,34.4735
data-network-opt18-strips-p17,0,False,154,2125,3679,5964,4162,6226,40482,0,0,,,,1697,,,93.0,1e+20,93,0.0214,0.017,0.0,0.0251,0.0,0.0,,45.8517,45.9154
data-network-opt18-strips-p18,0,False,165,2485,4253,6914,6124,7388,75717,0,0,,,,3905,,,143.0,1e+20,143,0.0218,0.0216,0.0,0.0427,0.0,0.0,,116.7864,116.8726
data-network-opt18-strips-p19,0,False,180,3159,5431,8781,7274,9402,98378,0,0,,,,29374,,,169.0,1e+20,169,0.0232,0.027,0.0,0.0563,0.0,0.0,,773.7228,773.8295
data-network-opt18-strips-p20,0,False,193,3451,6040,9694,8565,10015,139547,0,0,,,,2950,,,193.0,1e+20,193,0.0575,0.0307,0.0,0.0783,0.0,0.0,,166.9039,167.0707
data-network-sat18-strips-p01,0,False,177,3450,5775,9429,5764,9749,70660,0,0,,,,0,,,304.0,1e+20,304,0.0335,0.0295,0.0,0.0422,0.0,0.0,,7.9742,8.0797
data-network-sat18-strips-p02,0,False,204,4048,6823,11099,6208,11155,79350,0,0,,,,1209,,,218.0,1e+20,218,0.0304,0.035,0.0,0.0455,0.0,0.0,,42.7324,42.8436
data-network-sat18-strips-p03,0,False,233,4101,6839,11204,7180,11823,88891,0,0,,,,699,,,315.0,1e+20,315,0.0315,0.0412,0.0,0.0507,0.0,0.0,,33.8893,34.013
data-network-sat18-strips-p04,0,False,252,4647,7690,12637,8071,13294,103475,0,0,,,,368,,,459.0,1e+20,459,0.0377,0.0463,0.0,0.0598,0.0,0.0,,25.1137,25.2577
data-network-sat18-strips-p05,0,False,289,7092,12484,19905,9584,19100,138343,0,0,,,,1443,,,454.0,1e+20,454,0.0528,0.0925,0.0,0.0897,0.0,0.0,,160.9388,161.1744
data-network-sat18-strips-p06,2,False,317,7692,13513,21570,10586,20827,152653,0,0,,,,1213,,,520.497,1e+20,598,0.0592,0.1039,0.0,0.1003,0.0,0.0,,899.8034,900.0675
data-network-sat18-strips-p07,2,False,342,7506,12999,20899,11003,20660,154631,0,0,,,,3115,,,508.0,1e+20,518,0.0604,0.114,0.0,0.0913,0.0,0.0,,899.8188,900.0852
data-network-sat18-strips-p08,0,False,370,9017,15757,25199,12539,24449,183768,0,0,,,,305,,,468.0,1e+20,468,0.075,0.1475,0.0,0.1212,0.0,0.0,,69.0849,69.4295
data-network-sat18-strips-p09,2,False,398,7250,12239,19938,11605,20787,150510,0,0,,,,5264,,,639.481,1e+20,721,0.0696,0.1245,0.0,0.0926,0.0,0.0,,899.8117,900.1016
data-network-sat18-strips-p10,2,False,427,8998,15693,25178,13928,25094,201897,0,0,,,,1276,,,563.435,1e+20,613,0.0969,0.1767,0.0,0.1363,0.0,0.0,,899.6782,900.0889
data-network-sat18-strips-p11,0,False,191,2896,5005,8104,7618,8536,103286,0,0,,,,1848,,,203.0,1e+20,203,0.0328,0.0287,0.0,0.0611,0.0,0.0,,112.9331,113.056
data-network-sat18-strips-p12,0,False,243,4604,8050,12913,10851,13175,174100,0,0,,,,4008,,,257.0,1e+20,257,0.0346,0.0483,0.0,0.0953,0.0,0.0,,493.4587,493.6373
data-network-sat18-strips-p13,0,False,296,6086,10678,17081,15028,17424,290016,0,0,,,,3816,,,320.0,1e+20,320,0.0536,0.0727,0.0,0.1663,0.0,0.0,,683.2611,683.554
data-network-sat18-strips-p14,2,False,345,7230,12595,20197,17425,20693,366836,0,0,,,,3614,,,331.326,1e+20,345,0.0781,0.1118,0.0,0.2157,0.0,0.0,,899.7831,900.1895
data-network-sat18-strips-p15,2,False,395,8634,15070,24134,19978,24502,428072,0,0,,,,3858,,,444.941,1e+20,478,0.7844,0.1611,0.0,0.2415,0.0,0.0,,899.0548,900.2427
data-network-sat18-strips-p16,2,False,450,10722,19087,30298,24578,30477,578405,0,0,,,,1550,,,413.204,1e+20,540,0.0938,0.2159,0.0,0.3302,0.0,0.0,,899.6347,900.2757
data-network-sat18-strips-p17,2,False,496,9667,16775,26979,23764,28393,497671,0,0,,,,2995,,,493.685,1e+20,608,0.0937,0.2051,0.0,0.2933,0.0,0.0,,899.8056,900.4052
data-network-sat18-strips-p18,2,False,556,12448,22110,35147,27342,35011,597105,0,0,,,,1622,,,365.082,1e+20,494,0.1467,0.3188,0.0,0.3569,0.0,0.0,,899.4603,900.2841
data-network-sat18-strips-p19,2,False,593,11528,20008,32195,28372,34126,587883,0,0,,,,1233,,,1070.99,1e+20,1374,0.2114,0.2831,0.0,0.448,0.0,0.0,,899.2755,900.2192
data-network-sat18-strips-p20,2,False,659,15418,27200,43325,34541,43803,807944,0,0,,,,479,,,491.875,1e+20,8992,0.1799,0.4499,0.0,0.4651,0.0,0.0,,899.4586,900.5552
depot-p01,0,True,10,24,45,99,51,121,70,0,0,,,,0,,,10.0,1e+20,10,0.0275,0.0002,0.0,0.0032,0.0,0.0,,0.0079,0.0388
depot-p02,0,True,22,52,91,189,115,239,166,0,0,,,,0,,,14.0,1e+20,14,0.0062,0.0004,0.0,0.0017,0.0,0.0,,0.0103,0.0187
depot-p03,0,True,36,82,147,302,222,394,316,0,0,,,,0,,,22.0,1e+20,22,0.031,0.001,0.0,0.004,0.0,0.0,,0.0179,0.054
depot-p04,0,True,50,104,184,379,289,495,456,0,0,,,,0,,,17.0,1e+20,17,0.0154,0.0018,0.0,0.0046,0.0,0.0,,0.013,0.0349
depot-p05,0,True,58,138,242,492,443,656,718,0,0,,,,0,,,33.0,1e+20,33,0.0121,0.003,0.0,0.004,0.0,0.0,,0.0211,0.0403
depot-p06,0,True,90,208,355,722,706,969,1299,0,0,,,,0,,,42.0,1e+20,42,0.0257,0.0086,0.0,0.0157,0.0,0.0,,0.0385,0.0886
depot-p07,0,True,38,88,164,326,212,405,323,0,0,,,,0,,,18.0,1e+20,18,0.0123,0.0012,0.0,0.0061,0.0,0.0,,0.0149,0.0346
depot-p08,0,True,53,119,228,459,291,584,453,0,0,,,,0,,,27.0,1e+20,27,0.012,0.0036,0.0,0.0033,0.0,0.0,,0.0149,0.0338
depot-p09,0,True,88,221,407,795,617,1020,1164,0,0,,,,0,,,44.0,1e+20,44,0.019,0.01,0.0,0.0083,0.0,0.0,,0.024,0.0616
depot-p10,0,True,71,169,269,550,427,728,710,0,0,,,,0,,,22.0,1e+20,22,0.0098,0.0031,0.0,0.0023,0.0,0.0,,0.0343,0.0494
depot-p11,0,True,122,296,508,991,1048,1386,2100,0,0,,,,0,,,41.0,1e+20,41,0.018,0.0095,0.0,0.0038,0.0,0.0,,0.0809,0.1124
depot-p12,0,True,180,433,736,1432,1543,2010,3628,0,0,,,,0,,,45.0,1e+20,45,0.0541,0.0263,0.0,0.0105,0.0,0.0,,0.0559,0.1472
depot-p13,0,True,34,99,174,360,269,479,463,0,0,,,,0,,,24.0,1e+20,24,0.0117,0.0026,0.0,0.002,0.0,0.0,,0.0125,0.0289
depot-p14,0,True,124,283,436,888,829,1190,1893,0,0,,,,0,,,23.0,1e+20,23,0.0231,0.0103,0.0,0.0036,0.0,0.0,,0.0347,0.0719
depot-p15,0,True,186,461,800,1530,1707,2098,4202,0,0,,,,0,,,49.0,1e+20,49,0.0396,0.0297,0.0,0.0129,0.0,0.0,,0.1052,0.1877
depot-p16,0,True,160,695,1066,1956,2116,2465,6854,0,0,,,,0,,,24.0,1e+20,24,0.0165,0.0083,0.0,0.0087,0.0,0.0,,0.1919,0.2255
depot-p17,0,True,315,1477,2343,4166,4047,5354,14701,0,0,,,,0,,,22.0,1e+20,22,0.0422,0.0313,0.0,0.0176,0.0,0.0,,0.4059,0.4971
depot-p18,0,True,527,2750,4450,7793,7859,10245,30508,0,0,,,,0,,,49.0,1e+20,49,0.0502,0.1015,0.0,0.0306,0.0,0.0,,1.2459,1.4286
depot-p19,0,True,164,591,863,1675,2098,2317,5306,0,0,,,,0,,,32.0,1e+20,32,0.0494,0.0145,0.0,0.0092,0.0,0.0,,0.1453,0.2186
depot-p20,0,True,286,1024,1659,3063,4529,4420,19363,0,0,,,,0,,,57.0,1e+20,57,0.0569,0.0568,0.0,0.0198,0.0,0.0,,1.6084,1.7425
depot-p21,0,True,649,3391,5307,9403,21479,13362,165110,0,0,,,,0,,,32.0,1e+20,32,0.0872,0.1674,0.0,0.1023,0.0,0.0,,1.8294,2.1874
depot-p22,0,True,1411,9477,16547,27570,95568,42261,1427374,0,0,,,,4648,,,77.0,1e+20,77,0.3298,0.9974,0.0,0.8863,0.0,0.0,,807.054,809.27
driverlog-p01,0,True,14,40,42,99,67,107,153,0,0,,,,0,,,6.0,1e+20,6,0.0254,0.0001,0.0,0.0016,0.0,0.0,,0.0092,0.0364
driverlog-p02,0,True,23,66,70,168,97,182,162,0,0,,,,0,,,14.0,1e+20,14,0.0138,0.0002,0.0,0.0032,0.0,0.0,,0.01,0.0272
driverlog-p03,0,True,26,70,70,170,112,184,208,0,0,,,,0,,,11.0,1e+20,11,0.0052,0.0002,0.0,0.0015,0.0,0.0,,0.0107,0.0177
driverlog-p04,0,True,28,76,79,190,117,206,193,0,0,,,,0,,,12.0,1e+20,12,0.0057,0.0003,0.0,0.0017,0.0,0.0,,0.0089,0.0166
driverlog-p05,0,True,34,102,108,253,178,277,344,0,0,,,,0,,,15.0,1e+20,15,0.0151,0.0004,0.0,0.0055,0.0,0.0,,0.0151,0.0362
driverlog-p06,0,True,27,84,90,208,176,227,408,0,0,,,,0,,,10.0,1e+20,10,0.0055,0.0004,0.0,0.0035,0.0,0.0,,0.0106,0.02
driverlog-p07,0,True,39,114,117,277,202,300,410,0,0,,,,0,,,12.0,1e+20,12,0.0097,0.0005,0.0,0.0034,0.0,0.0,,0.0107,0.0244
driverlog-p08,0,True,48,150,156,363,291,403,605,0,0,,,,0,,,15.0,1e+20,15,0.0073,0.0007,0.0,0.0043,0.0,0.0,,0.0144,0.0268
driverlog-p09,0,True,52,191,195,447,460,530,1127,0,0,,,,0,,,18.0,1e+20,18,0.0107,0.0009,0.0,0.0052,0.0,0.0,,0.0396,0.0564
driverlog-p10,0,True,83,303,303,695,698,833,1487,0,0,,,,0,,,16.0,1e+20,16,0.0125,0.0016,0.0,0.0029,0.0,0.0,,0.0272,0.0442
driverlog-p11,0,True,88,328,330,753,785,909,1855,0,0,,,,0,,,18.0,1e+20,18,0.0073,0.0018,0.0,0.003,0.0,0.0,,0.0978,0.11
driverlog-p12,0,True,138,638,642,1429,1575,1732,4501,0,0,,,,0,,,24.0,1e+20,24,0.008,0.0045,0.0,0.0049,0.0,0.0,,0.1923,0.2098
driverlog-p13,0,True,173,867,871,1921,2015,2258,6350,0,0,,,,0,,,21.0,1e+20,21,0.0135,0.0057,0.0,0.0159,0.0,0.0,,0.1415,0.1767
driverlog-p14,0,True,168,841,847,1867,1992,2197,6000,0,0,,,,0,,,25.0,1e+20,25,0.0192,0.0057,0.0,0.0074,0.0,0.0,,0.3046,0.3369
driverlog-p15,0,True,302,1737,1741,3791,5364,4601,20820,0,0,,,,108,,,30.0,1e+20,30,0.0212,0.0224,0.0,0.0171,0.0,0.0,,4.3454,4.4063
driverlog-p16,0,True,452,3522,3547,7545,11402,8756,55405,0,0,,,,1370,,,51.0,1e+20,51,0.034,0.0593,0.0,0.0444,0.0,0.0,,60.8775,61.0155
driverlog-p17,0,True,588,4718,4743,10076,15161,11889,68365,0,0,,,,170,,,57.0,1e+20,57,0.047,0.0947,0.0,0.048,0.0,0.0,,14.8136,15.0036
driverlog-p18,0,True,765,6628,6648,14068,21979,16863,106130,0,0,,,,1266,,,62.0,1e+20,62,0.1088,0.191,0.0,0.0855,0.0,0.0,,74.2413,74.6275
driverlog-p19,2,True,902,8086,8111,17135,26789,20567,130035,0,0,,,,4801,,,79.946,1e+20,86,0.0945,0.2478,0.0,0.1006,0.0,0.0,,899.5946,900.0383
driverlog-p20,0,True,1171,12136,12152,25491,42673,29371,254518,0,0,,,,2020,,,79.0,1e+20,79,0.1704,0.458,0.0,0.1962,0.0,0.0,,548.7666,549.5925
elevators-opt08-strips-p01,0,False,44,148,221,421,360,552,1067,0,0,,,,0,,,32.0,1e+20,32,0.0086,0.0007,0.0,0.0063,0.0,0.0,,0.0353,0.0509
elevators-opt08-strips-p02,0,False,56,198,304,564,532,727,1916,0,0,,,,0,,,26.0,1e+20,26,0.0081,0.001,0.0,0.0041,0.0,0.0,,0.0376,0.0508
elevators-opt08-strips-p03,0,False,52,192,296,551,490,729,1575,0,0,,,,0,,,38.0,1e+20,38,0.0095,0.0009,0.0,0.0046,0.0,0.0,,0.1664,0.1815
elevators-opt08-strips-p04,0,False,62,249,377,700,680,931,2298,0,0,,,,0,,,36.0,1e+20,36,0.0258,0.0014,0.0,0.0035,0.0,0.0,,0.1257,0.1564
elevators-opt08-strips-p05,0,False,60,207,314,595,560,788,1722,0,0,,,,0,,,38.0,1e+20,38,0.006,0.0012,0.0,0.0025,0.0,0.0,,0.033,0.0427
elevators-opt08-strips-p06,0,False,72,304,478,868,910,1169,3276,0,0,,,,0,,,38.0,1e+20,38,0.0153,0.0018,0.0,0.0057,0.0,0.0,,0.1037,0.1266
elevators-opt08-strips-p07,0,False,71,268,414,767,744,1009,2714,0,0,,,,0,,,38.0,1e+20,38,0.0109,0.0016,0.0,0.0082,0.0,0.0,,0.155,0.1757
elevators-opt08-strips-p08,0,False,89,372,592,1062,1070,1384,3917,0,0,,,,0,,,33.0,1e+20,33,0.0399,0.0023,0.0,0.0326,0.0,0.0,,0.1481,0.223
elevators-opt08-strips-p09,0,False,80,314,495,905,898,1207,3377,0,0,,,,0,,,48.0,1e+20,48,0.0132,0.002,0.0,0.006,0.0,0.0,,0.1178,0.1391
elevators-opt08-strips-p10,0,False,94,421,687,1218,1412,1643,5994,0,0,,,,0,,,48.0,1e+20,48,0.0081,0.0029,0.0,0.0057,0.0,0.0,,0.1511,0.1678
elevators-opt08-strips-p11,0,False,57,193,270,531,464,693,1354,0,0,,,,0,,,41.0,1e+20,41,0.0072,0.001,0.0,0.0031,0.0,0.0,,0.0323,0.0436
elevators-opt08-strips-p12,0,False,66,252,366,696,613,916,1868,0,0,,,,0,,,38.0,1e+20,38,0.0182,0.0014,0.0,0.0046,0.0,0.0,,0.0425,0.0668
elevators-opt08-strips-p13,0,False,71,204,288,575,529,777,1419,0,0,,,,0,,,47.0,1e+20,47,0.0241,0.0014,0.0,0.0027,0.0,0.0,,0.0297,0.058
elevators-opt08-strips-p14,0,False,77,305,449,848,841,1132,2853,0,0,,,,0,,,41.0,1e+20,41,0.0296,0.002,0.0,0.0057,0.0,0.0,,0.0415,0.0788
elevators-opt08-strips-p15,0,False,82,281,408,787,768,1051,2514,0,0,,,,0,,,44.0,1e+20,44,0.0068,0.0018,0.0,0.0034,0.0,0.0,,0.0538,0.066
elevators-opt08-strips-p16,0,False,92,377,567,1054,1115,1430,4425,0,0,,,,0,,,51.0,1e+20,51,0.0256,0.0026,0.0,0.0052,0.0,0.0,,0.1215,0.155
elevators-opt08-strips-p17,0,False,96,313,443,869,822,1163,2495,0,0,,,,0,,,57.0,1e+20,57,0.0089,0.0024,0.0,0.0038,0.0,0.0,,0.0778,0.093
elevators-opt08-strips-p18,0,False,106,409,637,1172,1207,1604,4777,0,0,,,,0,,,44.0,1e+20,44,0.017,0.0033,0.0,0.0077,0.0,0.0,,0.0795,0.1075
elevators-opt08-strips-p19,0,False,108,380,557,1065,1025,1424,3631,0,0,,,,0,,,57.0,1e+20,57,0.014,0.0029,0.0,0.0084,0.0,0.0,,0.1205,0.1458
elevators-opt08-strips-p20,0,False,122,496,774,1412,1485,1885,6323,0,0,,,,0,,,51.0,1e+20,51,0.0092,0.0041,0.0,0.0073,0.0,0.0,,0.1131,0.1338
elevators-opt08-strips-p21,0,False,64,210,315,600,547,817,1639,0,0,,,,0,,,34.0,1e+20,34,0.0078,0.0012,0.0,0.0043,0.0,0.0,,0.0399,0.0533
elevators-opt08-strips-p22,0,False,81,311,465,863,962,1143,4079,0,0,,,,0,,,40.0,1e+20,40,0.0082,0.0017,0.0,0.0048,0.0,0.0,,0.1475,0.1623
elevators-opt08-strips-p23,0,False,78,277,425,793,758,1073,2425,0,0,,,,0,,,46.0,1e+20,46,0.026,0.0017,0.0,0.0036,0.0,0.0,,0.0685,0.0998
elevators-opt08-strips-p24,0,False,91,394,604,1102,1140,1481,4590,0,0,,,,0,,,49.0,1e+20,49,0.0096,0.0024,0.0,0.0089,0.0,0.0,,0.2272,0.2482
elevators-opt08-strips-p25,0,False,90,339,518,964,937,1291,3233,0,0,,,,0,,,45.0,1e+20,45,0.0073,0.0023,0.0,0.0036,0.0,0.0,,0.0493,0.0625
elevators-opt08-strips-p26,0,False,104,447,695,1263,1353,1708,5229,0,0,,,,0,,,39.0,1e+20,39,0.0225,0.0033,0.0,0.0069,0.0,0.0,,0.0998,0.1325
elevators-opt08-strips-p27,0,False,104,411,633,1167,1201,1573,4580,0,0,,,,0,,,56.0,1e+20,56,0.0084,0.003,0.0,0.0048,0.0,0.0,,0.1349,0.1511
elevators-opt08-strips-p28,0,False,121,577,917,1632,1810,2155,8278,0,0,,,,0,,,51.0,1e+20,51,0.0084,0.0043,0.0,0.0075,0.0,0.0,,0.4095,0.4298
elevators-opt08-strips-p29,0,False,125,466,713,1318,1442,1779,5423,0,0,,,,0,,,57.0,1e+20,57,0.0077,0.0038,0.0,0.0055,0.0,0.0,,0.1977,0.2147
elevators-opt08-strips-p30,0,False,136,593,935,1683,1904,2278,8080,0,0,,,,0,,,57.0,1e+20,57,0.0597,0.0054,0.0,0.0204,0.0,0.0,,0.1457,0.2312
elevators-opt11-strips-p01,0,False,57,193,270,531,464,693,1354,0,0,,,,0,,,41.0,1e+20,41,0.0276,0.001,0.0,0.0028,0.0,0.0,,0.0326,0.064
elevators-opt11-strips-p02,0,False,64,210,315,600,547,817,1639,0,0,,,,0,,,34.0,1e+20,34,0.0069,0.0012,0.0,0.004,0.0,0.0,,0.04,0.0522
elevators-opt11-strips-p03,0,False,66,252,366,696,613,916,1868,0,0,,,,0,,,38.0,1e+20,38,0.0235,0.0014,0.0,0.0028,0.0,0.0,,0.0421,0.0698
elevators-opt11-strips-p04,0,False,52,192,296,551,490,729,1575,0,0,,,,0,,,38.0,1e+20,38,0.0082,0.0009,0.0,0.0047,0.0,0.0,,0.1661,0.1799
elevators-opt11-strips-p05,0,False,71,204,288,575,529,777,1419,0,0,,,,0,,,47.0,1e+20,47,0.007,0.0014,0.0,0.0029,0.0,0.0,,0.0298,0.0411
elevators-opt11-strips-p06,0,False,62,249,377,700,680,931,2298,0,0,,,,0,,,36.0,1e+20,36,0.009,0.0014,0.0,0.0047,0.0,0.0,,0.1267,0.1419
elevators-opt11-strips-p07,0,False,104,447,695,1263,1353,1708,5229,0,0,,,,0,,,39.0,1e+20,39,0.0096,0.0033,0.0,0.0058,0.0,0.0,,0.0989,0.1177
elevators-opt11-strips-p08,0,False,60,207,314,595,560,788,1722,0,0,,,,0,,,38.0,1e+20,38,0.006,0.0012,0.0,0.0025,0.0,0.0,,0.033,0.0428
elevators-opt11-strips-p09,0,False,81,311,465,863,962,1143,4079,0,0,,,,0,,,40.0,1e+20,40,0.01,0.0017,0.0,0.0048,0.0,0.0,,0.1487,0.1653
elevators-opt11-strips-p10,0,False,77,305,449,848,841,1132,2853,0,0,,,,0,,,41.0,1e+20,41,0.0101,0.0019,0.0,0.0043,0.0,0.0,,0.0422,0.0585
elevators-opt11-strips-p11,0,False,121,577,917,1632,1810,2155,8278,0,0,,,,0,,,51.0,1e+20,51,0.0105,0.0043,0.0,0.0071,0.0,0.0,,0.408,0.43
elevators-opt11-strips-p12,0,False,72,304,478,868,910,1169,3276,0,0,,,,0,,,38.0,1e+20,38,0.007,0.0018,0.0,0.0037,0.0,0.0,,0.104,0.1166
elevators-opt11-strips-p13,0,False,71,268,414,767,744,1009,2714,0,0,,,,0,,,38.0,1e+20,38,0.0074,0.0016,0.0,0.0048,0.0,0.0,,0.1562,0.17
elevators-opt11-strips-p14,0,False,89,372,592,1062,1070,1384,3917,0,0,,,,0,,,33.0,1e+20,33,0.0082,0.0023,0.0,0.0048,0.0,0.0,,0.1391,0.1545
elevators-opt11-strips-p15,0,False,80,314,495,905,898,1207,3377,0,0,,,,0,,,48.0,1e+20,48,0.0071,0.0019,0.0,0.0037,0.0,0.0,,0.1172,0.1299
elevators-opt11-strips-p16,0,False,82,281,408,787,768,1051,2514,0,0,,,,0,,,44.0,1e+20,44,0.0263,0.0019,0.0,0.0041,0.0,0.0,,0.0539,0.0862
elevators-opt11-strips-p17,0,False,96,313,443,869,822,1163,2495,0,0,,,,0,,,57.0,1e+20,57,0.0079,0.0024,0.0,0.0037,0.0,0.0,,0.0777,0.0917
elevators-opt11-strips-p18,0,False,106,409,637,1172,1207,1604,4777,0,0,,,,0,,,44.0,1e+20,44,0.0088,0.0033,0.0,0.0043,0.0,0.0,,0.0792,0.0957
elevators-opt11-strips-p19,0,False,78,277,425,793,758,1073,2425,0,0,,,,0,,,46.0,1e+20,46,0.0153,0.0017,0.0,0.0069,0.0,0.0,,0.0698,0.0937
elevators-opt11-strips-p20,0,False,91,394,604,1102,1140,1481,4590,0,0,,,,0,,,49.0,1e+20,49,0.0077,0.0025,0.0,0.0048,0.0,0.0,,0.2254,0.2404
elevators-sat08-strips-p01,0,False,60,268,424,766,756,1019,2693,0,0,,,,0,,,42.0,1e+20,42,0.0149,0.0014,0.0,0.0071,0.0,0.0,,0.0528,0.0762
elevators-sat08-strips-p02,0,False,71,326,528,940,968,1246,3818,0,0,,,,0,,,37.0,1e+20,37,0.0065,0.0018,0.0,0.0041,0.0,0.0,,0.0646,0.0771
elevators-sat08-strips-p03,0,False,86,376,596,1070,1103,1389,4234,0,0,,,,0,,,43.0,1e+20,43,0.0105,0.0023,0.0,0.0048,0.0,0.0,,0.0572,0.0749
elevators-sat08-strips-p04,0,False,92,427,685,1222,1311,1622,5149,0,0,,,,0,,,48.0,1e+20,48,0.0078,0.0029,0.0,0.0048,0.0,0.0,,0.1471,0.1627
elevators-sat08-strips-p05,0,False,106,480,788,1390,1508,1838,6591,0,0,,,,0,,,43.0,1e+20,43,0.0148,0.0036,0.0,0.0101,0.0,0.0,,0.1417,0.1702
elevators-sat08-strips-p06,0,False,110,560,918,1612,1738,2136,7894,0,0,,,,0,,,48.0,1e+20,48,0.0281,0.0043,0.0,0.0085,0.0,0.0,,0.137,0.178
elevators-sat08-strips-p07,0,False,121,607,999,1752,1988,2350,9736,0,0,,,,0,,,48.0,1e+20,48,0.0093,0.0052,0.0,0.0073,0.0,0.0,,0.1494,0.1713
elevators-sat08-strips-p08,0,False,130,641,1059,1858,1972,2459,8987,0,0,,,,0,,,48.0,1e+20,48,0.0113,0.0057,0.0,0.0075,0.0,0.0,,0.1366,0.1612
elevators-sat08-strips-p09,0,False,146,709,1173,2052,2380,2751,12311,0,0,,,,0,,,48.0,1e+20,48,0.0129,0.0066,0.0,0.0089,0.0,0.0,,0.2496,0.278
elevators-sat08-strips-p10,0,False,149,771,1281,2234,2689,3022,14470,0,0,,,,0,,,43.0,1e+20,43,0.0203,0.0075,0.0,0.0148,0.0,0.0,,0.1657,0.2085
elevators-sat08-strips-p11,0,False,171,777,1189,2164,2352,2843,12019,0,0,,,,0,,,64.0,1e+20,64,0.0222,0.0095,0.0,0.0092,0.0,0.0,,0.1168,0.1577
elevators-sat08-strips-p12,0,False,204,910,1430,2578,2838,3413,14340,0,0,,,,0,,,81.0,1e+20,81,0.0178,0.0138,0.0,0.0132,0.0,0.0,,0.1294,0.1744
elevators-sat08-strips-p13,0,False,244,1092,1714,3084,3151,4002,16545,0,0,,,,0,,,81.0,1e+20,81,0.0183,0.0185,0.0,0.0124,0.0,0.0,,0.1654,0.2148
elevators-sat08-strips-p14,0,False,274,1139,1853,3310,3705,4423,20369,0,0,,,,0,,,85.0,1e+20,85,0.0281,0.0248,0.0,0.0152,0.0,0.0,,0.1656,0.2339
elevators-sat08-strips-p15,0,False,313,1334,2174,3866,4228,5129,23638,0,0,,,,0,,,91.0,1e+20,91,0.0231,0.032,0.0,0.0159,0.0,0.0,,0.2313,0.3026
elevators-sat08-strips-p16,0,False,352,1470,2378,4246,4656,5634,26953,0,0,,,,0,,,81.0,1e+20,81,0.033,0.0388,0.0,0.023,0.0,0.0,,0.2183,0.3133
elevators-sat08-strips-p17,0,False,384,1595,2611,4644,4957,6153,27481,0,0,,,,0,,,91.0,1e+20,91,0.0333,0.0473,0.0,0.0217,0.0,0.0,,0.1728,0.2754
elevators-sat08-strips-p18,0,False,416,1850,3018,5346,6067,7173,39205,0,0,,,,0,,,90.0,1e+20,90,0.0332,0.0558,0.0,0.0344,0.0,0.0,,0.3488,0.4725
elevators-sat08-strips-p19,0,False,449,2022,3260,5800,6235,7633,38334,0,0,,,,0,,,96.0,1e+20,96,0.0382,0.0673,0.0,0.0314,0.0,0.0,,0.3419,0.4791
elevators-sat08-strips-p20,0,False,496,2227,3587,6372,6882,8408,44708,0,0,,,,0,,,96.0,1e+20,96,0.0389,0.0805,0.0,0.0304,0.0,0.0,,0.317,0.4672
elevators-sat08-strips-p21,0,False,363,2190,3550,6148,6509,7798,48669,0,0,,,,0,,,102.0,1e+20,102,0.0409,0.052,0.0,0.0338,0.0,0.0,,0.5764,0.7035
elevators-sat08-strips-p22,0,False,445,2316,3896,6707,7366,8524,56463,0,0,,,,0,,,114.0,1e+20,114,0.0471,0.0802,0.0,0.038,0.0,0.0,,0.7153,0.8809
elevators-sat08-strips-p23,0,False,527,3078,5134,8794,9759,11078,87105,0,0,,,,0,,,112.0,1e+20,112,0.0544,0.1116,0.0,0.0553,0.0,0.0,,1.3287,1.5506
elevators-sat08-strips-p24,0,False,605,3333,5693,9695,10977,12469,99395,0,0,,,,0,,,124.0,1e+20,124,0.0673,0.1539,0.0,0.065,0.0,0.0,,1.8862,2.1733
elevators-sat08-strips-p25,0,False,679,3842,6510,11108,12875,14101,123721,0,0,,,,0,,,134.0,1e+20,134,0.1127,0.1949,0.0,0.0815,0.0,0.0,,1.0325,1.4226
elevators-sat08-strips-p26,0,False,769,4665,7697,13205,15236,16659,154844,0,0,,,,0,,,134.0,1e+20,134,0.1088,0.2558,0.0,0.0994,0.0,0.0,,1.8758,2.3409
elevators-sat08-strips-p27,0,False,844,4864,8272,14066,15886,17886,158548,0,0,,,,0,,,129.0,1e+20,129,0.1516,0.2908,0.0,0.1074,0.0,0.0,,1.4499,2.0008
elevators-sat08-strips-p28,0,False,924,5315,9059,15391,17392,19633,175864,0,0,,,,0,,,144.0,1e+20,144,0.1339,0.3546,0.0,0.1262,0.0,0.0,,1.9549,2.5708
elevators-sat08-strips-p29,0,False,1009,5562,9438,16104,18298,20469,182232,0,0,,,,0,,,134.0,1e+20,134,0.1595,0.4179,0.0,0.1348,0.0,0.0,,1.365,2.0786
elevators-sat08-strips-p30,0,False,1085,6345,10689,18225,20595,23056,205989,0,0,,,,0,,,139.0,1e+20,139,0.1883,0.4931,0.0,0.1534,0.0,0.0,,2.1247,2.9611
elevators-sat11-strips-p01,0,False,274,1139,1853,3310,3705,4423,20369,0,0,,,,0,,,85.0,1e+20,85,0.0306,0.0251,0.0,0.0166,0.0,0.0,,0.1656,0.2381
elevators-sat11-strips-p02,0,False,605,3333,5693,9695,10977,12469,99395,0,0,,,,0,,,124.0,1e+20,124,0.0728,0.1541,0.0,0.0669,0.0,0.0,,1.8859,2.1806
elevators-sat11-strips-p03,0,False,769,4665,7697,13205,15236,16659,154844,0,0,,,,0,,,134.0,1e+20,134,0.106,0.2565,0.0,0.101,0.0,0.0,,1.8729,2.3375
elevators-sat11-strips-p04,0,False,496,2227,3587,6372,6882,8408,44708,0,0,,,,0,,,96.0,1e+20,96,0.0419,0.08,0.0,0.0324,0.0,0.0,,0.3163,0.4709
elevators-sat11-strips-p05,0,False,416,1850,3018,5346,6067,7173,39205,0,0,,,,0,,,90.0,1e+20,90,0.0331,0.0575,0.0,0.0247,0.0,0.0,,0.3466,0.4623
elevators-sat11-strips-p06,0,False,844,4864,8272,14066,15886,17886,158548,0,0,,,,0,,,129.0,1e+20,129,0.126,0.2917,0.0,0.1086,0.0,0.0,,1.4507,1.9782
elevators-sat11-strips-p07,0,False,679,3842,6510,11108,12875,14101,123721,0,0,,,,0,,,134.0,1e+20,134,0.0848,0.1942,0.0,0.0793,0.0,0.0,,1.0296,1.3889
elevators-sat11-strips-p08,0,False,924,5315,9059,15391,17392,19633,175864,0,0,,,,0,,,144.0,1e+20,144,0.1355,0.3646,0.0,0.1206,0.0,0.0,,1.9546,2.5766
elevators-sat11-strips-p09,0,False,1009,5562,9438,16104,18298,20469,182232,0,0,,,,0,,,134.0,1e+20,134,0.1571,0.4188,0.0,0.1276,0.0,0.0,,1.3637,2.0685
elevators-sat11-strips-p10,0,False,1085,6345,10689,18225,20595,23056,205989,0,0,,,,0,,,139.0,1e+20,139,0.1795,0.4953,0.0,0.1489,0.0,0.0,,2.1187,2.9439
elevators-sat11-strips-p11,0,False,1270,12564,22532,36472,46071,45096,833913,0,0,,,,743,,,144.0,1e+20,144,0.3421,1.0233,0.0,0.5068,0.0,0.0,,25.321,27.196
elevators-sat11-strips-p12,0,False,1357,13378,23946,38796,51092,48290,946695,0,0,,,,92,,,133.0,1e+20,133,0.4092,1.172,0.0,0.568,0.0,0.0,,22.6224,24.7746
elevators-sat11-strips-p13,0,False,1451,14533,26053,42154,54894,52483,1039642,0,0,,,,247,,,139.0,1e+20,139,0.4396,1.3686,0.0,0.6355,0.0,0.0,,35.4518,37.8989
elevators-sat11-strips-p14,0,False,1537,15673,28145,45482,57530,56323,1099155,0,0,,,,78,,,144.0,1e+20,144,0.5254,1.5534,0.0,0.7016,0.0,0.0,,22.1727,24.9566
elevators-sat11-strips-p15,0,False,1635,16528,29712,48000,61872,59351,1216310,0,0,,,,257,,,139.0,1e+20,139,0.5467,1.793,0.0,0.7646,0.0,0.0,,53.3934,56.5015
elevators-sat11-strips-p16,0,False,1908,13619,23819,39470,49633,49805,870168,0,0,,,,0,,,220.0,1e+20,220,0.5678,1.8128,0.0,0.6052,0.0,0.0,,10.8407,13.8303
elevators-sat11-strips-p17,0,False,2124,15472,26928,44672,56175,56400,990178,0,0,,,,25,,,235.0,1e+20,235,0.7084,2.4216,0.0,0.7904,0.0,0.0,,25.7709,29.6957
elevators-sat11-strips-p18,0,False,2362,17613,30253,50378,64177,63393,1189105,0,0,,,,344,,,220.0,1e+20,220,0.8566,3.0001,0.0,0.8463,0.0,0.0,,35.7073,40.4157
elevators-sat11-strips-p19,0,False,2588,19342,33302,55396,67752,69390,1219715,0,0,,,,0,,,230.0,1e+20,230,1.0138,3.6254,0.0,0.9923,0.0,0.0,,18.9373,24.5748
elevators-sat11-strips-p20,0,False,2817,20197,35357,58546,75800,74249,1451932,0,0,,,,4,,,240.0,1e+20,240,1.1852,4.3584,0.0,1.0928,0.0,0.0,,28.7209,35.3642
floortile-opt11-strips-opt-p01-001,0,False,25,78,92,207,97,211,169,0,0,,,,0,,,28.0,1e+20,28,0.0076,0.0003,0.0,0.0047,0.0,0.0,,0.0138,0.0264
floortile-opt11-strips-opt-p01-002,0,False,24,78,90,205,90,208,148,0,0,,,,0,,,25.0,1e+20,25,0.0055,0.0003,0.0,0.0021,0.0,0.0,,0.0084,0.0163
floortile-opt11-strips-opt-p02-003,0,False,32,121,146,314,206,341,396,0,0,,,,0,,,42.0,1e+20,42,0.0063,0.0005,0.0,0.0019,0.0,0.0,,0.0809,0.0897
floortile-opt11-strips-opt-p02-004,0,False,31,113,127,286,152,295,273,0,0,,,,0,,,34.0,1e+20,34,0.0066,0.0004,0.0,0.0018,0.0,0.0,,0.0295,0.0384
floortile-opt11-strips-opt-p03-005,0,False,36,148,168,372,222,397,406,0,0,,,,0,,,42.0,1e+20,42,0.0069,0.0006,0.0,0.0033,0.0,0.0,,0.0134,0.0243
floortile-opt11-strips-opt-p03-006,0,False,36,139,162,357,203,377,365,0,0,,,,0,,,43.0,1e+20,43,0.0059,0.0006,0.0,0.0018,0.0,0.0,,0.0144,0.0228
floortile-opt11-strips-opt-p04-007,0,False,40,156,182,399,233,422,429,0,0,,,,0,,,45.0,1e+20,45,0.0067,0.0007,0.0,0.0023,0.0,0.0,,0.0251,0.0349
floortile-opt11-strips-opt-p04-008,0,False,41,161,195,418,280,453,554,0,0,,,,0,,,49.0,1e+20,49,0.0227,0.0007,0.0,0.0022,0.0,0.0,,0.1134,0.1391
floortile-opt11-strips-opt-p05-009,0,False,48,198,216,486,279,505,522,0,0,,,,0,,,56.0,1e+20,56,0.0072,0.001,0.0,0.003,0.0,0.0,,0.0522,0.0634
floortile-opt11-strips-opt-p05-010,0,False,48,203,229,505,315,534,616,0,0,,,,0,,,57.0,1e+20,57,0.007,0.0009,0.0,0.0023,0.0,0.0,,0.0267,0.037
floortile-opt11-strips-opt-p06-011,0,False,56,242,277,605,372,645,703,0,0,,,,0,,,70.0,1e+20,70,0.0101,0.0012,0.0,0.0085,0.0,0.0,,0.1636,0.1835
floortile-opt11-strips-opt-p06-012,0,False,56,249,275,609,395,643,813,0,0,,,,0,,,68.0,1e+20,68,0.0069,0.0012,0.0,0.0071,0.0,0.0,,0.0521,0.0674
floortile-opt11-strips-opt-p07-013,0,False,60,266,309,667,448,719,874,0,0,,,,0,,,71.0,1e+20,71,0.0073,0.0014,0.0,0.0034,0.0,0.0,,0.0659,0.0779
floortile-opt11-strips-opt-p07-014,0,False,61,267,296,654,483,690,1045,0,0,,,,0,,,69.0,1e+20,69,0.0068,0.0014,0.0,0.0023,0.0,0.0,,0.0257,0.0363
floortile-opt11-strips-opt-p08-015,0,False,105,473,530,1146,941,1227,2074,0,0,,,,0,,,84.0,1e+20,84,0.0084,0.0033,0.0,0.0037,0.0,0.0,,0.1584,0.1738
floortile-opt11-strips-opt-p08-016,0,False,105,468,533,1144,913,1228,1913,0,0,,,,0,,,86.0,1e+20,86,0.013,0.0032,0.0,0.0058,0.0,0.0,,0.1758,0.1979
floortile-opt11-strips-opt-p09-017,0,False,161,738,820,1762,1912,1885,4683,0,0,,,,0,,,94.0,1e+20,94,0.0243,0.0064,0.0,0.0059,0.0,0.0,,0.3211,0.3577
floortile-opt11-strips-opt-p09-018,0,False,160,736,802,1741,1746,1845,4057,0,0,,,,0,,,95.0,1e+20,95,0.0245,0.0064,0.0,0.009,0.0,0.0,,0.5817,0.6217
floortile-opt11-strips-opt-p10-019,0,False,127,581,658,1410,1355,1517,3248,0,0,,,,1251,,,104.0,1e+20,104,0.0091,0.0045,0.0,0.0053,0.0,0.0,,1.3036,1.3226
floortile-opt11-strips-opt-p10-020,0,False,126,586,664,1421,1321,1532,3032,0,0,,,,2002,,,104.0,1e+20,104,0.0091,0.0048,0.0,0.0046,0.0,0.0,,1.9499,1.9685
floortile-opt14-strips-p01-4-3-2,0,False,31,108,134,289,163,309,292,0,0,,,,0,,,36.0,1e+20,36,0.0113,0.0004,0.0,0.0025,0.0,0.0,,0.0243,0.0386
floortile-opt14-strips-p01-4-4-2,0,False,40,164,195,421,252,455,463,0,0,,,,0,,,46.0,1e+20,46,0.008,0.0007,0.0,0.0018,0.0,0.0,,0.026,0.0366
floortile-opt14-strips-p01-5-3-2,0,False,36,141,164,361,206,383,375,0,0,,,,0,,,44.0,1e+20,44,0.0067,0.0006,0.0,0.0021,0.0,0.0,,0.0288,0.0382
floortile-opt14-strips-p01-5-4-2,0,False,49,205,239,518,330,555,667,0,0,,,,0,,,58.0,1e+20,58,0.012,0.001,0.0,0.0028,0.0,0.0,,0.0346,0.0504
floortile-opt14-strips-p01-5-5-2,0,False,61,268,307,667,486,716,1076,0,0,,,,0,,,69.0,1e+20,69,0.0077,0.0014,0.0,0.0026,0.0,0.0,,0.0496,0.0613
floortile-opt14-strips-p01-6-4-2,0,False,56,249,271,605,400,634,802,0,0,,,,0,,,68.0,1e+20,68,0.0118,0.0012,0.0,0.0051,0.0,0.0,,0.0487,0.0669
floortile-opt14-strips-p01-6-5-2,0,False,70,319,359,785,567,838,1234,0,0,,,,0,,,84.0,1e+20,84,0.0087,0.0018,0.0,0.0067,0.0,0.0,,0.1005,0.1178
floortile-opt14-strips-p02-4-4-2,0,False,41,165,199,426,285,462,568,0,0,,,,0,,,49.0,1e+20,49,0.0061,0.0007,0.0,0.0068,0.0,0.0,,0.1046,0.1182
floortile-opt14-strips-p02-5-3-2,0,False,36,137,164,357,199,380,347,0,0,,,,0,,,45.0,1e+20,45,0.0063,0.0006,0.0,0.0047,0.0,0.0,,0.0267,0.0384
floortile-opt14-strips-p02-5-4-2,0,False,49,205,239,518,365,557,768,0,0,,,,503,,,62.0,1e+20,62,0.0122,0.001,0.0,0.0028,0.0,0.0,,0.2191,0.2351
floortile-opt14-strips-p02-5-5-2,0,False,60,252,296,640,392,686,738,0,0,,,,0,,,71.0,1e+20,71,0.0077,0.0014,0.0,0.0029,0.0,0.0,,0.0585,0.0706
floortile-opt14-strips-p02-6-4-2,0,False,57,254,285,625,446,667,985,0,0,,,,0,,,68.0,1e+20,68,0.0244,0.0012,0.0,0.0048,0.0,0.0,,0.0747,0.1052
floortile-opt14-strips-p02-6-5-2,0,False,70,318,362,787,599,844,1351,0,0,,,,25917,,,92.0,1e+20,92,0.008,0.0018,0.0,0.0029,0.0,0.0,,7.994,8.0068
floortile-opt14-strips-p03-4-3-2,0,False,30,109,136,292,175,317,309,0,0,,,,0,,,40.0,1e+20,40,0.0063,0.0004,0.0,0.0019,0.0,0.0,,0.0598,0.0685
floortile-opt14-strips-p03-4-4-2,0,False,40,154,190,406,263,442,475,0,0,,,,0,,,50.0,1e+20,50,0.0059,0.0007,0.0,0.0016,0.0,0.0,,0.0929,0.1012
floortile-opt14-strips-p03-5-3-2,0,False,36,137,164,357,197,380,341,0,0,,,,0,,,45.0,1e+20,45,0.0059,0.0006,0.0,0.0018,0.0,0.0,,0.0238,0.0322
floortile-opt14-strips-p03-5-4-2,0,False,48,198,233,505,287,540,514,0,0,,,,0,,,58.0,1e+20,58,0.0098,0.0009,0.0,0.0055,0.0,0.0,,0.0378,0.0541
floortile-opt14-strips-p03-5-5-2,0,False,60,261,292,644,391,679,742,0,0,,,,0,,,69.0,1e+20,69,0.0073,0.0014,0.0,0.0049,0.0,0.0,,0.0382,0.0518
floortile-opt14-strips-p03-6-4-2,0,False,57,249,284,619,438,662,934,0,0,,,,1410,,,74.0,1e+20,74,0.0073,0.0012,0.0,0.0033,0.0,0.0,,0.4398,0.4518
floortile-opt14-strips-p03-6-5-2,0,False,70,315,359,781,547,836,1111,0,0,,,,0,,,86.0,1e+20,86,0.0078,0.0018,0.0,0.0028,0.0,0.0,,0.1444,0.1569
floortile-sat11-strips-seq-p01-001,0,False,30,106,124,276,135,286,224,0,0,,,,0,,,33.0,1e+20,33,0.0109,0.0005,0.0,0.0138,0.0,0.0,,0.0197,0.0449
floortile-sat11-strips-seq-p01-002,0,False,30,112,130,288,156,302,269,0,0,,,,0,,,35.0,1e+20,35,0.0055,0.0004,0.0,0.0025,0.0,0.0,,0.0172,0.0258
floortile-sat11-strips-seq-p02-003,0,False,36,140,164,360,205,383,367,0,0,,,,0,,,44.0,1e+20,44,0.1154,0.0006,0.0,0.063,0.0,0.0,,0.0694,0.2484
floortile-sat11-strips-seq-p02-004,0,False,37,148,174,378,241,405,469,0,0,,,,230,,,50.0,1e+20,50,0.0054,0.0006,0.0,0.0021,0.0,0.0,,0.098,0.1062
floortile-sat11-strips-seq-p03-005,0,False,40,155,177,393,203,410,356,0,0,,,,0,,,44.0,1e+20,44,0.0063,0.0007,0.0,0.0021,0.0,0.0,,0.0264,0.0355
floortile-sat11-strips-seq-p03-006,0,False,40,156,187,405,231,434,429,0,0,,,,0,,,45.0,1e+20,45,0.0075,0.0007,0.0,0.0056,0.0,0.0,,0.0307,0.0446
floortile-sat11-strips-seq-p04-007,0,False,48,205,231,509,322,539,626,0,0,,,,0,,,56.0,1e+20,56,0.0062,0.001,0.0,0.0045,0.0,0.0,,0.018,0.0297
floortile-sat11-strips-seq-p04-008,0,False,48,196,219,488,263,508,472,0,0,,,,0,,,56.0,1e+20,56,0.0067,0.0009,0.0,0.0018,0.0,0.0,,0.0254,0.0348
floortile-sat11-strips-seq-p05-009,0,False,56,245,268,598,392,626,785,0,0,,,,0,,,68.0,1e+20,68,0.0082,0.0012,0.0,0.004,0.0,0.0,,0.0721,0.0856
floortile-sat11-strips-seq-p05-010,0,False,56,246,272,603,407,635,859,0,0,,,,0,,,68.0,1e+20,68,0.007,0.0012,0.0,0.0024,0.0,0.0,,0.0571,0.0677
floortile-sat11-strips-seq-p06-011,0,False,60,263,303,658,413,706,806,0,0,,,,0,,,70.0,1e+20,70,0.0129,0.0014,0.0,0.0057,0.0,0.0,,0.0473,0.0673
floortile-sat11-strips-seq-p06-012,0,False,61,263,306,661,458,711,976,0,0,,,,208,,,73.0,1e+20,73,0.0066,0.0015,0.0,0.0024,0.0,0.0,,0.2083,0.2189
floortile-sat11-strips-seq-p07-013,0,False,105,458,506,1106,873,1167,1855,0,0,,,,0,,,84.0,1e+20,84,0.0266,0.0032,0.0,0.0032,0.0,0.0,,0.1355,0.1686
floortile-sat11-strips-seq-p07-014,0,False,106,473,537,1153,915,1238,2043,0,0,,,,278,,,87.0,1e+20,87,0.0089,0.0032,0.0,0.0043,0.0,0.0,,0.5475,0.5639
floortile-sat11-strips-seq-p08-015,0,False,127,591,664,1426,1315,1533,3302,0,0,,,,0,,,100.0,1e+20,100,0.0116,0.0047,0.0,0.005,0.0,0.0,,0.2262,0.2476
floortile-sat11-strips-seq-p08-016,0,False,127,579,655,1405,1257,1508,3100,0,0,,,,0,,,102.0,1e+20,102,0.0094,0.0046,0.0,0.0052,0.0,0.0,,0.4896,0.5089
floortile-sat11-strips-seq-p09-017,0,False,144,685,759,1639,1594,1755,3837,0,0,,,,0,,,113.0,1e+20,113,0.0118,0.0058,0.0,0.0061,0.0,0.0,,0.2138,0.2376
floortile-sat11-strips-seq-p09-018,0,False,144,671,731,1596,1421,1687,3355,0,0,,,,0,,,114.0,1e+20,114,0.0304,0.0058,0.0,0.0057,0.0,0.0,,0.3595,0.4015
floortile-sat11-strips-seq-p10-019,0,False,169,822,910,1959,1915,2100,5147,0,0,,,,24725,,,137.0,1e+20,137,0.0127,0.0077,0.0,0.0063,0.0,0.0,,33.0459,33.0727
floortile-sat11-strips-seq-p10-020,0,False,169,816,887,1929,1835,2047,4768,0,0,,,,0,,,131.0,1e+20,131,0.0134,0.0077,0.0,0.0065,0.0,0.0,,0.2713,0.299
floortile-sat14-strips-p01-4-3-2,0,False,31,108,134,289,163,309,292,0,0,,,,0,,,36.0,1e+20,36,0.0062,0.0005,0.0,0.0022,0.0,0.0,,0.0238,0.0328
floortile-sat14-strips-p01-5-4-2,0,False,49,205,239,518,330,555,667,0,0,,,,0,,,58.0,1e+20,58,0.0063,0.001,0.0,0.0021,0.0,0.0,,0.0333,0.0427
floortile-sat14-strips-p01-5-5-2,0,False,61,268,307,667,486,716,1076,0,0,,,,0,,,69.0,1e+20,69,0.0074,0.0014,0.0,0.0026,0.0,0.0,,0.0498,0.0613
floortile-sat14-strips-p01-6-4-2,0,False,56,249,271,605,400,634,802,0,0,,,,0,,,68.0,1e+20,68,0.0074,0.0012,0.0,0.0023,0.0,0.0,,0.0481,0.059
floortile-sat14-strips-p01-6-5-2,0,False,70,319,359,785,567,838,1234,0,0,,,,0,,,84.0,1e+20,84,0.0072,0.0018,0.0,0.0025,0.0,0.0,,0.0749,0.0865
floortile-sat14-strips-p01-6-5-3,0,False,105,465,513,1120,857,1184,1812,0,0,,,,0,,,84.0,1e+20,84,0.0178,0.0032,0.0,0.007,0.0,0.0,,0.1225,0.1506
floortile-sat14-strips-p02-5-4-2,0,False,49,205,239,518,365,557,768,0,0,,,,503,,,62.0,1e+20,62,0.0068,0.0009,0.0,0.002,0.0,0.0,,0.2183,0.2282
floortile-sat14-strips-p02-6-4-2,0,False,57,254,285,625,446,667,985,0,0,,,,0,,,68.0,1e+20,68,0.0085,0.0012,0.0,0.0067,0.0,0.0,,0.0725,0.089
floortile-sat14-strips-p02-6-5-2,0,False,70,318,362,787,599,844,1351,0,0,,,,25917,,,92.0,1e+20,92,0.0261,0.0019,0.0,0.0071,0.0,0.0,,8.0218,8.057
floortile-sat14-strips-p02-6-5-3,0,False,105,469,530,1142,914,1222,1946,0,0,,,,0,,,84.0,1e+20,84,0.0118,0.0032,0.0,0.0056,0.0,0.0,,0.1431,0.1637
floortile-sat14-strips-p03-6-4-2,0,False,57,249,284,619,438,662,934,0,0,,,,1410,,,74.0,1e+20,74,0.0082,0.0013,0.0,0.0031,0.0,0.0,,0.4399,0.4525
floortile-sat14-strips-p03-6-5-2,0,False,70,315,359,781,547,836,1111,0,0,,,,0,,,86.0,1e+20,86,0.0274,0.0018,0.0,0.0026,0.0,0.0,,0.1445,0.1763
floortile-sat14-strips-p03-6-5-3,0,False,106,471,535,1149,922,1232,2035,0,0,,,,0,,,85.0,1e+20,85,0.0585,0.0032,0.0,0.0064,0.0,0.0,,0.2144,0.2826
floortile-sat14-strips-p04-5-4-2,0,False,49,207,241,522,368,562,778,0,0,,,,564,,,63.0,1e+20,63,0.0061,0.0009,0.0,0.002,0.0,0.0,,0.3053,0.3143
floortile-sat14-strips-p04-5-5-2,0,False,62,276,317,685,537,739,1246,0,0,,,,31868,,,79.0,1e+20,79,0.0069,0.0014,0.0,0.0024,0.0,0.0,,7.4069,7.4177
floortile-sat14-strips-p04-6-5-2,0,False,71,324,366,797,608,854,1377,0,0,,,,4532,,,89.0,1e+20,89,0.0084,0.0018,0.0,0.0032,0.0,0.0,,1.0602,1.0738
floortile-sat14-strips-p04-6-5-3,0,False,106,471,523,1136,951,1205,2190,0,0,,,,0,,,84.0,1e+20,84,0.0137,0.0033,0.0,0.0047,0.0,0.0,,0.1453,0.167
floortile-sat14-strips-p05-4-3-2,0,False,30,112,132,291,168,311,288,0,0,,,,0,,,33.0,1e+20,33,0.0082,0.0005,0.0,0.0032,0.0,0.0,,0.0127,0.0245
floortile-sat14-strips-p05-6-5-2,0,False,70,318,344,768,541,805,1190,0,0,,,,0,,,84.0,1e+20,84,0.0068,0.0018,0.0,0.0026,0.0,0.0,,0.1375,0.1488
floortile-sat14-strips-p05-6-5-3,0,False,106,485,531,1158,1023,1227,2369,0,0,,,,0,,,84.0,1e+20,84,0.0081,0.0032,0.0,0.0055,0.0,0.0,,0.1525,0.1693
freecell-p01,0,True,27,176,558,787,417,972,1725,0,0,,,,0,,,8.0,1e+20,8,0.0079,0.0016,0.0,0.0027,0.0,0.0,,0.0447,0.0569
freecell-p02,0,True,43,367,1094,1541,885,1913,4392,0,0,,,,0,,,14.0,1e+20,14,0.0357,0.0042,0.0,0.0128,0.0,0.0,,0.1489,0.2017
freecell-p03,0,True,59,522,1473,2103,1270,2648,6813,0,0,,,,0,,,18.0,1e+20,18,0.014,0.0085,0.0,0.0062,0.0,0.0,,0.1352,0.1641
freecell-p04,0,True,72,566,1514,2214,1621,2990,8015,0,0,,,,0,,,26.0,1e+20,26,0.0179,0.0102,0.0,0.0101,0.0,0.0,,0.1943,0.2328
freecell-p05,0,True,93,1080,2990,4236,2486,5151,17104,0,0,,,,0,,,30.0,1e+20,30,0.0208,0.0205,0.0,0.0126,0.0,0.0,,0.5252,0.5793
freecell-p06,0,True,108,1517,4156,5866,3390,7070,25500,0,0,,,,0,,,34.0,1e+20,34,0.0277,0.0316,0.0,0.0173,0.0,0.0,,0.4766,0.5535
freecell-p07,0,True,109,1434,3974,5603,3287,6808,25078,0,0,,,,0,,,39.0,1e+20,39,0.0296,0.0356,0.0,0.0226,0.0,0.0,,0.8884,0.9766
freecell-p08,0,True,127,1961,5410,7596,4389,9147,36135,0,0,,,,0,,,45.0,1e+20,45,0.0509,0.0505,0.0,0.0231,0.0,0.0,,1.9915,2.1166
freecell-p09,0,True,128,1969,5359,7554,4442,9100,36685,0,0,,,,0,,,41.0,1e+20,41,0.4868,0.0546,0.0,0.1167,0.0,0.0,,2.0453,2.7037
freecell-p10,0,True,144,2561,6980,9795,5626,11717,50075,0,0,,,,0,,,48.0,1e+20,48,0.0575,0.0763,0.0,0.0337,0.0,0.0,,1.3873,1.5559
freecell-p11,0,True,146,2579,6957,9792,5842,11759,53926,0,0,,,,37,,,49.0,1e+20,49,0.0772,0.0789,0.0,0.0464,0.0,0.0,,152.3876,152.5907
freecell-p12,0,True,144,2547,6914,9715,5714,11665,51090,0,0,,,,0,,,46.0,1e+20,46,0.0513,0.0808,0.0,0.0369,0.0,0.0,,1.3187,1.4888
freecell-p13,0,True,162,3607,10043,13933,7265,16015,74962,0,0,,,,0,,,55.0,1e+20,55,0.0818,0.1267,0.0,0.0497,0.0,0.0,,2.2382,2.4973
freecell-p14,0,True,162,3620,10066,13969,7195,16013,73846,0,0,,,,0,,,54.0,1e+20,54,0.0692,0.1175,0.0,0.0466,0.0,0.0,,3.2553,3.4895
freecell-p15,0,True,179,4016,10768,15097,8724,17948,89898,0,0,,,,0,,,61.0,1e+20,61,0.0917,0.1582,0.0,0.0541,0.0,0.0,,6.6427,6.9486
freecell-p16,0,True,178,4434,12304,17049,8819,19515,96382,0,0,,,,0,,,59.0,1e+20,59,0.0899,0.1662,0.0,0.0658,0.0,0.0,,6.0309,6.3547
freecell-p17,0,True,196,5384,14875,20600,10745,23515,126918,0,0,,,,0,,,60.0,1e+20,60,0.1159,0.3312,0.0,0.0733,0.0,0.0,,4.3653,4.8881
freecell-p18,0,True,198,4850,12981,18175,10468,21581,113897,0,0,,,,0,,,70.0,1e+20,70,0.1158,0.2218,0.0,0.0934,0.0,0.0,,5.5701,6.0026
freecell-p19,0,True,216,5773,15251,21398,12532,25416,145774,0,0,,,,0,,,73.0,1e+20,73,0.1495,0.307,0.0,0.0841,0.0,0.0,,17.499,18.0429
freecell-p20,0,True,214,5734,15263,21369,12566,25403,147312,0,0,,,,0,,,69.0,1e+20,69,0.5316,0.3248,0.0,0.1448,0.0,0.0,,13.0614,14.0656
freecell-probfreecell-10-1,0,True,168,4367,11843,16500,9427,19524,105119,0,0,,,,0,,,55.0,1e+20,55,0.113,0.1772,0.0,0.0646,0.0,0.0,,5.7629,6.1199
freecell-probfreecell-10-2,0,True,167,4371,11776,16436,9380,19432,104685,0,0,,,,0,,,52.0,1e+20,52,0.2139,0.1812,0.0,0.061,0.0,0.0,,3.6133,4.0716
freecell-probfreecell-10-3,0,True,167,4862,13493,18643,9403,21198,111088,0,0,,,,0,,,49.0,1e+20,49,0.1027,0.2421,0.0,0.0635,0.0,0.0,,2.3112,2.7208
freecell-probfreecell-10-4,0,True,168,4882,13430,18601,9490,21162,112626,0,0,,,,0,,,55.0,1e+20,55,0.1043,0.184,0.0,0.066,0.0,0.0,,7.0637,7.4202
freecell-probfreecell-10-5,0,True,169,4905,13520,18715,9532,21282,112756,0,0,,,,0,,,57.0,1e+20,57,0.1034,0.2494,0.0,0.0669,0.0,0.0,,19.9374,20.3585
freecell-probfreecell-11-1,0,True,184,4844,12967,18129,10481,21476,120010,0,0,,,,0,,,61.0,1e+20,61,0.1294,0.2134,0.0,0.0687,0.0,0.0,,6.1947,6.6077
freecell-probfreecell-11-2,0,True,183,4850,12908,18075,10437,21398,120049,0,0,,,,0,,,57.0,1e+20,57,0.1262,0.2112,0.0,0.0718,0.0,0.0,,8.7552,9.1668
freecell-probfreecell-11-3,0,True,184,5387,14741,20445,10503,23317,124808,0,0,,,,0,,,56.0,1e+20,56,0.1199,0.3236,0.0,0.0728,0.0,0.0,,3.4948,4.0137
freecell-probfreecell-11-4,0,True,184,5401,14726,20444,10484,23297,124878,0,0,,,,0,,,62.0,1e+20,62,0.1148,0.2368,0.0,0.0714,0.0,0.0,,9.2607,9.6861
freecell-probfreecell-11-5,0,True,184,4859,13003,18180,10382,21518,117755,0,0,,,,0,,,65.0,1e+20,65,0.1158,0.2139,0.0,0.0683,0.0,0.0,,28.3761,28.7756
freecell-probfreecell-12-1,0,True,200,5295,14173,19814,11585,23513,134233,0,0,,,,0,,,67.0,1e+20,67,0.1588,0.2511,0.0,0.0797,0.0,0.0,,15.6845,16.1769
freecell-probfreecell-12-2,0,True,199,5319,14080,19744,11507,23401,133817,0,0,,,,0,,,62.0,1e+20,62,0.1352,0.249,0.0,0.0812,0.0,0.0,,4.4263,4.8944
freecell-probfreecell-12-3,0,True,200,5908,16042,22295,11556,25453,139145,0,0,,,,0,,,63.0,1e+20,63,0.1404,0.3974,0.0,0.0904,0.0,0.0,,3.7273,4.3583
freecell-probfreecell-12-4,0,True,200,5331,14157,19834,11639,23516,136620,0,0,,,,0,,,67.0,1e+20,67,0.1726,0.2727,0.0,0.0819,0.0,0.0,,12.8593,13.3893
freecell-probfreecell-12-5,0,True,200,5319,14140,19805,11491,23489,133698,0,0,,,,0,,,71.0,1e+20,71,0.1313,0.2555,0.0,0.0754,0.0,0.0,,37.5817,38.0466
freecell-probfreecell-13-1,0,True,216,5755,15336,21465,12692,25507,149622,0,0,,,,0,,,74.0,1e+20,74,0.168,0.2952,0.0,0.0867,0.0,0.0,,38.106,38.6592
freecell-probfreecell-13-2,0,True,215,5769,15229,21371,12542,25380,146634,0,0,,,,0,,,68.0,1e+20,68,0.1465,0.2944,0.0,0.0843,0.0,0.0,,18.395,18.9234
freecell-probfreecell-13-3,0,True,215,5767,15265,21405,12545,25425,146321,0,0,,,,0,,,70.0,1e+20,70,0.166,0.2985,0.0,0.0848,0.0,0.0,,10.3298,10.8824
freecell-probfreecell-13-4,0,True,215,5778,15259,21410,12565,25423,147174,0,0,,,,0,,,73.0,1e+20,73,0.1663,0.3167,0.0,0.087,0.0,0.0,,32.2907,32.8639
freecell-probfreecell-13-5,0,True,216,5766,15307,21447,12608,25480,148941,0,0,,,,0,,,78.0,1e+20,78,0.1513,0.291,0.0,0.0865,0.0,0.0,,60.3019,60.8339
freecell-probfreecell-2-1,0,True,44,831,2637,3536,1449,3756,12171,0,0,,,,0,,,9.0,1e+20,9,0.0199,0.0111,0.0,0.01,0.0,0.0,,0.2119,0.2531
freecell-probfreecell-2-2,0,True,43,813,2680,3561,1291,3794,9745,0,0,,,,0,,,8.0,1e+20,8,0.0198,0.0102,0.0,0.0087,0.0,0.0,,0.1919,0.2309
freecell-probfreecell-2-3,0,True,44,848,2672,3589,1535,3817,14288,0,0,,,,0,,,8.0,1e+20,8,0.0227,0.0112,0.0,0.0104,0.0,0.0,,0.2327,0.2772
freecell-probfreecell-2-4,0,True,44,832,2716,3616,1306,3848,9847,0,0,,,,0,,,8.0,1e+20,8,0.0201,0.0111,0.0,0.0085,0.0,0.0,,0.1906,0.2305
freecell-probfreecell-2-5,0,True,44,831,2659,3558,1438,3768,12265,0,0,,,,0,,,9.0,1e+20,9,0.019,0.0109,0.0,0.0088,0.0,0.0,,0.231,0.2699
freecell-probfreecell-3-1,0,True,59,1306,4180,5581,2365,6088,21957,0,0,,,,0,,,14.0,1e+20,14,0.0391,0.0224,0.0,0.0181,0.0,0.0,,0.4131,0.4931
freecell-probfreecell-3-2,0,True,58,1286,4162,5542,2308,6033,21589,0,0,,,,0,,,13.0,1e+20,13,0.0393,0.0214,0.0,0.0173,0.0,0.0,,0.3984,0.4768
freecell-probfreecell-3-3,0,True,58,1286,4169,5549,2309,6031,21751,0,0,,,,0,,,12.0,1e+20,12,0.0298,0.0234,0.0,0.0158,0.0,0.0,,0.4036,0.473
freecell-probfreecell-3-4,0,True,59,1310,4162,5567,2345,6066,21938,0,0,,,,0,,,12.0,1e+20,12,0.0537,0.0224,0.0,0.0176,0.0,0.0,,0.3916,0.4857
freecell-probfreecell-3-5,0,True,58,1286,4192,5572,2323,6071,21760,0,0,,,,0,,,13.0,1e+20,13,0.0362,0.022,0.0,0.0167,0.0,0.0,,0.4478,0.5231
freecell-probfreecell-4-1,0,True,75,1819,5917,7861,3395,8686,33280,0,0,,,,0,,,19.0,1e+20,19,0.0423,0.0353,0.0,0.0219,0.0,0.0,,0.6469,0.7469
freecell-probfreecell-4-2,0,True,74,1798,5522,7442,3323,8207,32905,0,0,,,,0,,,17.0,1e+20,17,0.0352,0.035,0.0,0.0196,0.0,0.0,,0.5447,0.6349
freecell-probfreecell-4-3,0,True,72,1783,5593,7497,3260,8287,32560,0,0,,,,0,,,18.0,1e+20,18,0.0549,0.0331,0.0,0.0235,0.0,0.0,,0.5622,0.6741
freecell-probfreecell-4-4,0,True,75,1818,5498,7439,3344,8196,32892,0,0,,,,0,,,18.0,1e+20,18,0.0441,0.0351,0.0,0.022,0.0,0.0,,0.5562,0.6577
freecell-probfreecell-4-5,0,True,72,1802,5630,7553,3328,8381,32970,0,0,,,,0,,,18.0,1e+20,18,0.064,0.0341,0.0,0.0262,0.0,0.0,,0.6826,0.8072
freecell-probfreecell-5-1,0,True,89,2336,7291,9778,4345,10921,45302,0,0,,,,0,,,24.0,1e+20,24,0.0495,0.0502,0.0,0.0309,0.0,0.0,,0.8999,1.0312
freecell-probfreecell-5-2,0,True,91,2330,6883,9364,4306,10388,44325,0,0,,,,0,,,23.0,1e+20,23,0.047,0.0521,0.0,0.0361,0.0,0.0,,0.7584,0.8943
freecell-probfreecell-5-3,0,True,88,2305,6838,9292,4291,10383,44158,0,0,,,,0,,,24.0,1e+20,24,0.0536,0.0518,0.0,0.0305,0.0,0.0,,0.7244,0.8609
freecell-probfreecell-5-4,0,True,89,2336,6955,9441,4314,10516,45379,0,0,,,,0,,,23.0,1e+20,23,0.0444,0.0506,0.0,0.0283,0.0,0.0,,1.0289,1.1527
freecell-probfreecell-5-5,0,True,89,2318,6963,9431,4325,10540,44889,0,0,,,,0,,,25.0,1e+20,25,0.0442,0.0508,0.0,0.0473,0.0,0.0,,1.4397,1.5827
freecell-probfreecell-6-1,0,True,105,2821,8316,11315,5334,12729,57277,0,0,,,,0,,,30.0,1e+20,30,0.0541,0.069,0.0,0.0323,0.0,0.0,,1.2152,1.3714
freecell-probfreecell-6-2,0,True,107,2840,8261,11280,5327,12578,57155,0,0,,,,0,,,28.0,1e+20,28,0.0748,0.072,0.0,0.0397,0.0,0.0,,1.0477,1.235
freecell-probfreecell-6-3,0,True,104,2818,8220,11215,5389,12608,59023,0,0,,,,0,,,28.0,1e+20,28,0.0541,0.0702,0.0,0.034,0.0,0.0,,1.0603,1.2195
freecell-probfreecell-6-4,0,True,104,2834,8357,11368,5260,12737,57251,0,0,,,,0,,,28.0,1e+20,28,0.0558,0.0697,0.0,0.0326,0.0,0.0,,1.1963,1.3551
freecell-probfreecell-6-5,0,True,105,2857,8308,11343,5316,12726,56680,0,0,,,,0,,,32.0,1e+20,32,0.0535,0.0716,0.0,0.0335,0.0,0.0,,1.629,1.7884
freecell-probfreecell-7-1,0,True,121,3361,9597,13164,6419,14841,72531,0,0,,,,0,,,35.0,1e+20,35,0.0641,0.0941,0.0,0.0401,0.0,0.0,,1.8701,2.0694
freecell-probfreecell-7-2,0,True,121,3349,9515,13070,6366,14763,71322,0,0,,,,0,,,34.0,1e+20,34,0.0652,0.0989,0.0,0.0452,0.0,0.0,,1.8083,2.0186
freecell-probfreecell-7-3,0,True,120,3349,9534,13088,6372,14762,71508,0,0,,,,0,,,32.0,1e+20,32,0.0666,0.0929,0.0,0.0404,0.0,0.0,,1.3404,1.5417
freecell-probfreecell-7-4,0,True,120,3355,9526,13086,6298,14737,69580,0,0,,,,0,,,35.0,1e+20,35,0.0672,0.0946,0.0,0.0432,0.0,0.0,,3.135,3.3414
freecell-probfreecell-7-5,0,True,121,3369,9563,13138,6300,14805,69190,0,0,,,,0,,,40.0,1e+20,40,0.0659,0.096,0.0,0.0401,0.0,0.0,,2.1538,2.3567
freecell-probfreecell-8-1,0,True,137,3864,10914,15012,7475,16990,85563,0,0,,,,0,,,42.0,1e+20,42,0.0971,0.1182,0.0,0.0565,0.0,0.0,,3.8963,4.1692
freecell-probfreecell-8-2,0,True,135,3452,9462,13147,7337,15468,80466,0,0,,,,0,,,39.0,1e+20,39,0.1137,0.1178,0.0,0.0497,0.0,0.0,,2.2705,2.5526
freecell-probfreecell-8-3,0,True,136,3852,10895,14980,7415,16959,84759,0,0,,,,0,,,38.0,1e+20,38,0.076,0.1279,0.0,0.0539,0.0,0.0,,1.6293,1.8882
freecell-probfreecell-8-4,0,True,136,3867,10776,14876,7408,16832,83983,0,0,,,,0,,,41.0,1e+20,41,0.0892,0.1174,0.0,0.048,0.0,0.0,,2.5775,2.8338
freecell-probfreecell-8-5,0,True,137,3890,10865,14989,7359,16947,83162,0,0,,,,0,,,45.0,1e+20,45,0.0761,0.1199,0.0,0.0486,0.0,0.0,,2.9212,3.1669
freecell-probfreecell-9-1,0,True,153,4376,12163,16801,8552,19085,100188,0,0,,,,0,,,47.0,1e+20,47,0.0891,0.1471,0.0,0.0611,0.0,0.0,,3.2945,3.5938
freecell-probfreecell-9-2,0,True,150,3898,10556,14714,8412,17360,94914,0,0,,,,0,,,44.0,1e+20,44,0.1089,0.1497,0.0,0.0637,0.0,0.0,,4.094,4.4185
freecell-probfreecell-9-3,0,True,152,4373,12196,16830,8449,19088,98307,0,0,,,,0,,,44.0,1e+20,44,0.0886,0.1985,0.0,0.0611,0.0,0.0,,4.1678,4.518
freecell-probfreecell-9-4,0,True,152,4370,12085,16716,8399,18980,96733,0,0,,,,0,,,48.0,1e+20,48,0.1018,0.1507,0.0,0.0632,0.0,0.0,,10.1938,10.5115
freecell-probfreecell-9-5,0,True,153,4402,12184,16848,8450,19108,97617,0,0,,,,0,,,51.0,1e+20,51,0.0925,0.1554,0.0,0.0634,0.0,0.0,,12.3795,12.6919
ged-opt14-strips-d-1-2,0,False,47,102,225,375,423,548,1467,0,0,,,,0,,,1.0,1e+20,1,0.0112,0.0005,0.0,0.0043,0.0,0.0,,0.0364,0.0525
ged-opt14-strips-d-1-3,0,False,118,456,1044,1626,2918,2327,27748,0,0,,,,0,,,1.0,1e+20,1,0.0124,0.0042,0.0,0.0172,0.0,0.0,,0.4477,0.4815
ged-opt14-strips-d-1-4,0,False,47,102,225,375,423,548,1467,0,0,,,,0,,,1.0,1e+20,1,0.0184,0.0005,0.0,0.0023,0.0,0.0,,0.0356,0.0569
ged-opt14-strips-d-1-8,0,False,151,630,1449,2239,4560,3196,57320,0,0,,,,0,,,1.0,1e+20,1,0.0113,0.0071,0.0,0.0318,0.0,0.0,,0.8358,0.886
ged-opt14-strips-d-2-1,0,False,47,102,225,375,423,548,1467,0,0,,,,0,,,1.0,1e+20,1,0.0242,0.0005,0.0,0.0046,0.0,0.0,,0.0356,0.065
ged-opt14-strips-d-2-3,0,False,89,310,705,1111,1700,1596,11274,0,0,,,,0,,,1.0,1e+20,1,0.0075,0.0023,0.0,0.0079,0.0,0.0,,0.1897,0.2075
ged-opt14-strips-d-2-4,0,False,64,192,432,694,900,1003,4368,0,0,,,,0,,,1.0,1e+20,1,0.0089,0.0012,0.0,0.0055,0.0,0.0,,0.0897,0.1054
ged-opt14-strips-d-2-8,0,False,230,1062,2457,3759,9855,5348,199549,0,0,,,,0,,,1.0,1e+20,1,0.0303,0.0173,0.0,0.1081,0.0,0.0,,3.057,3.2127
ged-opt14-strips-d-3-1,0,False,118,456,1044,1626,2950,2327,28864,0,0,,,,0,,,1.0,1e+20,1,0.0129,0.0042,0.0,0.0182,0.0,0.0,,0.4292,0.4645
ged-opt14-strips-d-3-2,0,False,89,310,705,1111,1701,1596,11282,0,0,,,,0,,,1.0,1e+20,1,0.0067,0.0024,0.0,0.0078,0.0,0.0,,0.1875,0.2044
ged-opt14-strips-d-3-4,0,False,150,630,1449,2239,4593,3196,59544,0,0,,,,0,,,1.0,1e+20,1,0.0101,0.007,0.0,0.0335,0.0,0.0,,0.8218,0.8724
ged-opt14-strips-d-4-2,0,False,64,192,432,694,900,1003,4364,0,0,,,,0,,,1.0,1e+20,1,0.0061,0.0012,0.0,0.0042,0.0,0.0,,0.0892,0.1007
ged-opt14-strips-d-4-3,0,False,150,630,1449,2239,4615,3196,59686,0,0,,,,0,,,1.0,1e+20,1,0.028,0.007,0.0,0.0341,0.0,0.0,,0.9011,0.9702
ged-opt14-strips-d-4-8,0,False,230,1062,2457,3759,9552,5348,185747,0,0,,,,0,,,1.0,1e+20,1,0.0139,0.0171,0.0,0.1138,0.0,0.0,,2.5332,2.6781
ged-opt14-strips-d-7-5,0,False,151,630,1449,2239,4553,3196,57855,0,0,,,,0,,,1.0,1e+20,1,0.0107,0.0072,0.0,0.0316,0.0,0.0,,0.9265,0.9762
ged-opt14-strips-d-7-6,0,False,119,456,1044,1626,2932,2327,28387,0,0,,,,0,,,0.0,1e+20,0,0.027,0.0043,0.0,0.0175,0.0,0.0,,0.4187,0.4676
ged-opt14-strips-d-8-1,0,False,151,630,1449,2239,4579,3196,58557,0,0,,,,0,,,1.0,1e+20,1,0.0089,0.007,0.0,0.0319,0.0,0.0,,0.931,0.979
ged-opt14-strips-d-8-2,0,False,230,1062,2457,3759,9880,5348,202641,0,0,,,,0,,,1.0,1e+20,1,0.0142,0.0171,0.0,0.1077,0.0,0.0,,2.8709,3.0099
ged-opt14-strips-d-8-4,0,False,230,1062,2457,3759,9995,5348,207538,0,0,,,,0,,,1.0,1e+20,1,0.0139,0.0171,0.0,0.1088,0.0,0.0,,2.9165,3.0564
ged-opt14-strips-d-8-9,0,False,228,1062,2457,3759,9410,5348,181576,0,0,,,,0,,,1.0,1e+20,1,0.0141,0.0171,0.0,0.0979,0.0,0.0,,2.4726,2.6019
ged-sat14-strips-d-10-1,0,False,695,3910,9129,13759,22328,19476,395996,0,0,,,,0,,,1.0,1e+20,1,0.0481,0.1922,0.0,0.2171,0.0,0.0,,4.5628,5.0205
ged-sat14-strips-d-10-2,0,False,694,3910,9129,13759,22328,19476,395996,0,0,,,,0,,,1.0,1e+20,1,0.047,0.1924,0.0,0.2133,0.0,0.0,,4.5343,4.9873
ged-sat14-strips-d-10-3,0,False,769,4392,10260,15450,25043,21863,465830,0,0,,,,0,,,1.0,1e+20,1,0.0545,0.2387,0.0,0.2516,0.0,0.0,,5.4917,6.0369
ged-sat14-strips-d-10-4,0,False,696,3910,9129,13759,22328,19476,395996,0,0,,,,0,,,1.0,1e+20,1,0.0536,0.1927,0.0,0.2155,0.0,0.0,,4.5778,5.0399
ged-sat14-strips-d-10-5,0,False,1024,6006,14049,21111,35944,29852,715058,0,0,,,,0,,,1.0,1e+20,1,0.0872,0.4305,0.0,0.3932,0.0,0.0,,9.0074,9.9187
ged-sat14-strips-d-10-6,0,False,1023,6006,14049,21111,35784,29852,716600,0,0,,,,0,,,1.0,1e+20,1,0.086,0.4324,0.0,0.3944,0.0,0.0,,9.1807,10.094
ged-sat14-strips-d-11-1,0,False,774,4392,10260,15450,24970,21863,461664,0,0,,,,0,,,1.0,1e+20,1,0.0743,0.2392,0.0,0.2569,0.0,0.0,,5.5811,6.152
ged-sat14-strips-d-11-3,0,False,772,4392,10260,15450,25008,21863,463828,0,0,,,,0,,,1.0,1e+20,1,0.0597,0.2416,0.0,0.2495,0.0,0.0,,5.563,6.1143
ged-sat14-strips-d-11-5,0,False,937,5440,12720,19126,31366,27051,621607,0,0,,,,0,,,1.0,1e+20,1,0.0742,0.3629,0.0,0.34,0.0,0.0,,7.7533,8.5307
ged-sat14-strips-d-11-6,0,False,851,4902,11457,17239,27833,24388,538114,0,0,,,,0,,,1.0,1e+20,1,0.0644,0.2961,0.0,0.2884,0.0,0.0,,6.636,7.2853
ged-sat14-strips-d-12-11,0,False,854,4902,11457,17239,27834,24388,538175,0,0,,,,0,,,1.0,1e+20,1,0.0675,0.2993,0.0,0.2902,0.0,0.0,,6.7899,7.4473
ged-sat14-strips-d-12-2,0,False,1217,7222,16905,25375,43145,35868,917768,0,0,,,,0,,,1.0,1e+20,1,0.1156,0.6249,0.0,0.5139,0.0,0.0,,12.2779,13.5331
ged-sat14-strips-d-12-3,0,False,1316,7872,18432,27654,46959,39083,1033317,0,0,,,,0,,,1.0,1e+20,1,0.134,0.7374,0.0,0.5779,0.0,0.0,,13.9132,15.3633
ged-sat14-strips-d-12-5,0,False,1420,8550,20025,30031,50984,42436,1161834,0,0,,,,0,,,1.0,1e+20,1,0.1524,0.8499,0.0,0.6507,0.0,0.0,,16.0703,17.7243
ged-sat14-strips-d-12-6,0,False,1213,7222,16905,25375,43145,35868,917626,0,0,,,,0,,,1.0,1e+20,1,0.1142,0.6176,0.0,0.5043,0.0,0.0,,12.23,13.4668
ged-sat14-strips-d-12-7,0,False,1315,7872,18432,27654,46961,39083,1033334,0,0,,,,0,,,1.0,1e+20,1,0.1337,0.73,0.0,0.5799,0.0,0.0,,13.9596,15.4041
ged-sat14-strips-d-12-8,0,False,1530,9256,21684,32506,55071,45927,1293425,0,0,,,,0,,,1.0,1e+20,1,0.1758,0.9948,0.0,0.7359,0.0,0.0,,18.0078,19.9153
ged-sat14-strips-d-12-9,0,False,1528,9256,21684,32506,55071,45927,1293425,0,0,,,,0,,,1.0,1e+20,1,0.1743,0.9959,0.0,0.7336,0.0,0.0,,18.1068,20.0116
ged-sat14-strips-d-3-6,0,False,775,4392,10260,15450,25005,21863,463509,0,0,,,,0,,,1.0,1e+20,1,0.0555,0.2417,0.0,0.2489,0.0,0.0,,5.3892,5.9358
ged-sat14-strips-d-9-5,0,False,856,4902,11457,17239,27872,24388,540202,0,0,,,,0,,,1.0,1e+20,1,0.065,0.2993,0.0,0.2902,0.0,0.0,,6.8535,7.5084
grid-prob01,0,True,42,105,109,265,178,289,358,0,0,,,,0,,,10.0,1e+20,10,0.0175,0.0068,0.0,0.0049,0.0,0.0,,0.015,0.0444
grid-prob02,0,True,63,204,212,490,376,506,1021,0,0,,,,578,,,20.0,1e+20,20,0.0291,0.0228,0.0,0.0023,0.0,0.0,,0.1538,0.2083
grid-prob03,0,True,95,240,248,602,473,666,1089,0,0,,,,0,,,26.0,1e+20,26,0.0536,0.0521,0.0,0.0034,0.0,0.0,,0.0534,0.1631
grid-prob04,0,True,105,419,439,977,777,948,2475,0,0,,,,269,,,23.0,1e+20,23,0.0912,0.0713,0.0,0.0036,0.0,0.0,,0.3094,0.4767
grid-prob05,0,True,158,447,457,1096,1045,1220,3216,0,0,,,,777,,,50.0,1e+20,50,0.1873,0.2045,0.0,0.0047,0.0,0.0,,1.4221,1.8202
gripper-prob01,0,True,8,16,25,59,12,54,16,0,0,,,,0,,,9.0,1e+20,9,0.0055,0.0002,0.0,0.0026,0.0,0.0,,0.0018,0.0102
gripper-prob02,0,True,12,24,37,87,18,80,24,0,0,,,,0,,,13.0,1e+20,13,0.9424,0.0001,0.0,0.0113,0.0,0.0,,0.0023,0.9561
gripper-prob03,0,True,16,32,49,115,24,106,32,0,0,,,,0,,,17.0,1e+20,17,0.0064,0.0002,0.0,0.0091,0.0,0.0,,0.0025,0.0182
gripper-prob04,0,True,20,40,61,143,30,132,40,0,0,,,,0,,,21.0,1e+20,21,0.0053,0.0002,0.0,0.0017,0.0,0.0,,0.002,0.0092
gripper-prob05,0,True,24,48,73,171,36,158,48,0,0,,,,0,,,25.0,1e+20,25,0.0062,0.0003,0.0,0.012,0.0,0.0,,0.0021,0.0206
gripper-prob06,0,True,28,56,85,199,42,184,56,0,0,,,,0,,,29.0,1e+20,29,0.0058,0.0004,0.0,0.0014,0.0,0.0,,0.0021,0.0097
gripper-prob07,0,True,32,64,97,227,48,210,64,0,0,,,,0,,,33.0,1e+20,33,0.0119,0.0005,0.0,0.006,0.0,0.0,,0.005,0.0235
gripper-prob08,0,True,36,72,109,255,54,236,72,0,0,,,,0,,,37.0,1e+20,37,0.0052,0.0005,0.0,0.0017,0.0,0.0,,0.0022,0.0097
gripper-prob09,0,True,40,80,121,283,60,262,80,0,0,,,,0,,,41.0,1e+20,41,0.0182,0.0007,0.0,0.0027,0.0,0.0,,0.0024,0.024
gripper-prob10,0,True,44,88,133,311,66,288,88,0,0,,,,0,,,45.0,1e+20,45,0.0055,0.0008,0.0,0.0021,0.0,0.0,,0.0025,0.0109
gripper-prob11,0,True,48,96,145,339,72,314,96,0,0,,,,0,,,49.0,1e+20,49,0.0225,0.0009,0.0,0.0058,0.0,0.0,,0.004,0.0333
gripper-prob12,0,True,52,104,157,367,78,340,104,0,0,,,,0,,,53.0,1e+20,53,0.0064,0.001,0.0,0.002,0.0,0.0,,0.0027,0.0122
gripper-prob13,0,True,56,112,169,395,84,366,112,0,0,,,,0,,,57.0,1e+20,57,0.0303,0.0012,0.0,0.0055,0.0,0.0,,0.0045,0.0415
gripper-prob14,0,True,60,120,181,423,90,392,120,0,0,,,,0,,,61.0,1e+20,61,0.0119,0.0013,0.0,0.0028,0.0,0.0,,0.0032,0.0192
gripper-prob15,0,True,64,128,193,451,96,418,128,0,0,,,,0,,,65.0,1e+20,65,0.3256,0.0015,0.0,0.0031,0.0,0.0,,0.0031,0.3334
gripper-prob16,0,True,68,136,205,479,102,444,136,0,0,,,,0,,,69.0,1e+20,69,0.0077,0.0016,0.0,0.0038,0.0,0.0,,0.0037,0.017
gripper-prob17,0,True,72,144,217,507,108,470,144,0,0,,,,0,,,73.0,1e+20,73,0.0062,0.0019,0.0,0.0017,0.0,0.0,,0.0029,0.0128
gripper-prob18,0,True,76,152,229,535,114,496,152,0,0,,,,0,,,77.0,1e+20,77,0.0706,0.002,0.0,0.0354,0.0,0.0,,0.0112,0.1193
gripper-prob19,0,True,80,160,241,563,120,522,160,0,0,,,,0,,,81.0,1e+20,81,0.0142,0.0022,0.0,0.0034,0.0,0.0,,0.0033,0.0232
gripper-prob20,0,True,84,168,253,591,126,548,168,0,0,,,,0,,,85.0,1e+20,85,0.0064,0.0025,0.0,0.0026,0.0,0.0,,0.0037,0.0152
hiking-agl14-strips-testing-3-4-3,0,True,17,381,1497,1913,151,1671,704,0,0,,,,0,,,9.0,1e+20,9,0.0272,0.0096,0.0,0.008,0.0,0.0,,0.1883,0.2334
hiking-agl14-strips-testing-3-4-4,0,True,24,570,2244,2865,256,2517,1147,0,0,,,,0,,,13.0,1e+20,13,0.0322,0.0312,0.0,0.0033,0.0,0.0,,0.0933,0.1603
hiking-agl14-strips-testing-3-4-5,0,True,31,759,2991,3817,333,3363,1480,0,0,,,,0,,,17.0,1e+20,17,0.0499,0.0784,0.0,0.0055,0.0,0.0,,0.138,0.2727
hiking-agl14-strips-testing-3-4-6,0,True,38,948,3738,4769,452,4219,3148,0,0,,,,0,,,21.0,1e+20,21,0.0707,0.1359,0.0,0.006,0.0,0.0,,0.2281,0.4421
hiking-agl14-strips-testing-3-4-7,0,True,45,1137,4485,5721,509,5055,2294,0,0,,,,0,,,25.0,1e+20,25,0.0979,0.2915,0.0,0.0104,0.0,0.0,,0.2695,0.6712
hiking-agl14-strips-testing-3-4-8,0,True,52,1326,5232,6673,617,5901,2731,0,0,,,,0,,,29.0,1e+20,29,0.1931,0.4992,0.0,0.0117,0.0,0.0,,0.3289,1.0356
hiking-agl14-strips-testing-3-4-9,0,True,59,1515,5979,7625,920,6763,5832,0,0,,,,0,,,33.0,1e+20,33,0.1738,0.6901,0.0,0.0085,0.0,0.0,,0.3797,1.2556
hiking-agl14-strips-testing-4-5-3,0,True,22,1156,4580,5782,272,4862,2676,0,0,,,,0,,,11.0,1e+20,11,0.053,0.0443,0.0,0.0068,0.0,0.0,,0.2259,0.3307
hiking-agl14-strips-testing-4-5-4,0,True,31,1732,6868,8667,413,7301,2407,0,0,,,,0,,,16.0,1e+20,16,0.0784,0.1972,0.0,0.0061,0.0,0.0,,0.3559,0.6392
hiking-agl14-strips-testing-4-5-5,0,True,40,2308,9156,11552,553,9744,3235,0,0,,,,0,,,21.0,1e+20,21,0.5602,0.4967,0.0,0.0725,0.0,0.0,,1.0788,2.2108
hiking-agl14-strips-testing-4-5-6,0,True,49,2884,11444,14437,719,12197,6921,0,0,,,,0,,,26.0,1e+20,26,0.1943,0.8808,0.0,0.0115,0.0,0.0,,0.7797,1.8706
hiking-agl14-strips-testing-4-5-7,0,True,58,3460,13732,17322,886,14642,8363,0,0,,,,0,,,31.0,1e+20,31,0.285,1.6791,0.0,0.0159,0.0,0.0,,1.0086,2.9952
hiking-agl14-strips-testing-4-5-8,0,True,67,4036,16020,20207,1045,17073,6018,0,0,,,,0,,,36.0,1e+20,36,0.4543,3.6959,0.0,0.0202,0.0,0.0,,1.1044,5.2904
hiking-agl14-strips-testing-4-5-9,0,True,76,4612,18308,23092,1286,19516,7267,0,0,,,,0,,,41.0,1e+20,41,0.5133,6.0939,0.0,0.0194,0.0,0.0,,1.3925,8.0414
hiking-agl14-strips-testing-5-6-3,0,True,27,2755,10955,13767,422,11365,5048,0,0,,,,0,,,13.0,1e+20,13,0.0892,0.1902,0.0,0.0474,0.0,0.0,,0.5351,0.8638
hiking-agl14-strips-testing-5-6-4,0,True,38,4130,16430,20643,637,17065,7734,0,0,,,,0,,,19.0,1e+20,19,0.2441,0.7282,0.0,0.0164,0.0,0.0,,0.9165,1.9093
hiking-agl14-strips-testing-5-6-5,0,True,49,5505,21905,27519,828,22757,6011,0,0,,,,0,,,25.0,1e+20,25,0.2868,2.4597,0.0,0.0187,0.0,0.0,,1.2712,4.044
hiking-agl14-strips-testing-5-6-6,0,True,60,6880,27380,34395,1146,28475,18386,0,0,,,,0,,,31.0,1e+20,31,0.4457,3.9842,0.0,0.0278,0.0,0.0,,1.9658,6.4349
hiking-agl14-strips-testing-5-6-7,0,True,71,8255,32855,41271,1660,34189,29648,0,0,,,,0,,,37.0,1e+20,37,0.6886,8.4377,0.0,0.0439,0.0,0.0,,2.5981,11.7843
hiking-agl14-strips-testing-5-6-8,0,True,82,9630,38330,48147,1481,39851,10587,0,0,,,,0,,,43.0,1e+20,43,0.8998,19.2942,0.0,0.037,0.0,0.0,,2.8147,23.0662
hiking-opt14-strips-ptesting-1-2-3,0,True,4,9,35,59,27,73,41,0,0,,,,0,,,5.0,1e+20,5,0.0092,0.0001,0.0,0.0033,0.0,0.0,,0.0055,0.0183
hiking-opt14-strips-ptesting-1-2-4,0,True,6,7,34,63,36,89,39,0,0,,,,0,,,7.0,1e+20,7,0.0063,0.0003,0.0,0.0016,0.0,0.0,,0.0048,0.013
hiking-opt14-strips-ptesting-1-2-5,0,True,8,17,69,115,64,153,96,0,0,,,,0,,,9.0,1e+20,9,0.0072,0.0005,0.0,0.0021,0.0,0.0,,0.006,0.0159
hiking-opt14-strips-ptesting-1-2-7,0,True,12,13,67,123,81,185,102,0,0,,,,0,,,13.0,1e+20,13,0.0093,0.0013,0.0,0.0018,0.0,0.0,,0.0069,0.0193
hiking-opt14-strips-ptesting-1-2-8,0,True,14,15,78,143,97,217,126,0,0,,,,0,,,15.0,1e+20,15,0.014,0.0021,0.0,0.0037,0.0,0.0,,0.0082,0.0282
hiking-opt14-strips-ptesting-2-2-3,0,True,10,58,218,298,72,306,110,0,0,,,,0,,,7.0,1e+20,7,0.0113,0.001,0.0,0.0032,0.0,0.0,,0.01,0.0255
hiking-opt14-strips-ptesting-2-2-4,0,True,14,86,326,444,109,466,194,0,0,,,,0,,,10.0,1e+20,10,0.0293,0.0026,0.0,0.0038,0.0,0.0,,0.0433,0.0791
hiking-opt14-strips-ptesting-2-2-5,0,True,18,114,434,590,155,626,273,0,0,,,,0,,,13.0,1e+20,13,0.0347,0.0057,0.0,0.0026,0.0,0.0,,0.0157,0.0589
hiking-opt14-strips-ptesting-2-2-6,0,True,22,202,722,976,229,976,794,0,0,,,,0,,,16.0,1e+20,16,0.0168,0.009,0.0,0.0025,0.0,0.0,,0.0273,0.0559
hiking-opt14-strips-ptesting-2-2-7,0,True,26,170,650,882,241,946,357,0,0,,,,0,,,19.0,1e+20,19,0.0424,0.019,0.0,0.0022,0.0,0.0,,0.0436,0.1076
hiking-opt14-strips-ptesting-2-2-8,0,True,30,282,1010,1364,334,1372,1152,0,0,,,,0,,,22.0,1e+20,22,0.0262,0.023,0.0,0.0024,0.0,0.0,,0.0403,0.0921
hiking-opt14-strips-ptesting-2-3-4,0,True,17,122,470,627,125,619,380,0,0,,,,0,,,10.0,1e+20,10,0.0382,0.0039,0.0,0.0064,0.0,0.0,,0.0534,0.1021
hiking-opt14-strips-ptesting-2-3-5,0,True,22,234,842,1122,183,1054,826,0,0,,,,0,,,13.0,1e+20,13,0.0166,0.0087,0.0,0.0024,0.0,0.0,,0.0325,0.0604
hiking-opt14-strips-ptesting-2-3-6,0,True,27,202,782,1041,222,1031,424,0,0,,,,0,,,16.0,1e+20,16,0.0251,0.0194,0.0,0.0043,0.0,0.0,,0.0269,0.0761
hiking-opt14-strips-ptesting-2-3-7,0,True,32,242,938,1248,291,1252,913,0,0,,,,0,,,19.0,1e+20,19,0.0277,0.0262,0.0,0.0045,0.0,0.0,,0.039,0.0977
hiking-opt14-strips-ptesting-2-4-3,0,True,14,106,410,542,71,502,115,0,0,,,,0,,,7.0,1e+20,7,0.0119,0.0023,0.0,0.0015,0.0,0.0,,0.0145,0.0303
hiking-opt14-strips-ptesting-2-4-4,0,True,20,158,614,810,129,769,484,0,0,,,,0,,,10.0,1e+20,10,0.0161,0.0057,0.0,0.0023,0.0,0.0,,0.0235,0.0477
hiking-opt14-strips-ptesting-2-4-5,0,True,26,210,818,1078,190,1030,695,0,0,,,,0,,,13.0,1e+20,13,0.0227,0.0126,0.0,0.0039,0.0,0.0,,0.0321,0.0716
hiking-opt14-strips-ptesting-2-4-6,0,True,32,382,1382,1826,304,1666,1476,0,0,,,,0,,,16.0,1e+20,16,0.03,0.0245,0.0,0.0078,0.0,0.0,,0.0575,0.1201
hiking-opt14-strips-ptesting-2-4-7,0,True,38,314,1226,1614,238,1534,437,0,0,,,,0,,,19.0,1e+20,19,0.0405,0.0567,0.0,0.0035,0.0,0.0,,0.0456,0.1469
hiking-sat14-strips-ptesting-1-2-7,0,True,12,13,67,123,81,185,102,0,0,,,,0,,,13.0,1e+20,13,0.0081,0.0014,0.0,0.002,0.0,0.0,,0.0073,0.0189
hiking-sat14-strips-ptesting-1-2-8,0,True,14,15,78,143,97,217,126,0,0,,,,0,,,15.0,1e+20,15,0.0081,0.0021,0.0,0.0019,0.0,0.0,,0.0074,0.0196
hiking-sat14-strips-ptesting-2-2-6,0,True,22,202,722,976,229,976,794,0,0,,,,0,,,16.0,1e+20,16,0.0159,0.0088,0.0,0.0021,0.0,0.0,,0.0273,0.0543
hiking-sat14-strips-ptesting-2-2-7,0,True,26,170,650,882,241,946,357,0,0,,,,0,,,19.0,1e+20,19,0.3187,0.019,0.0,0.0087,0.0,0.0,,0.0453,0.3921
hiking-sat14-strips-ptesting-2-2-8,0,True,30,282,1010,1364,334,1372,1152,0,0,,,,0,,,22.0,1e+20,22,0.0277,0.0238,0.0,0.0028,0.0,0.0,,0.0389,0.0934
hiking-sat14-strips-ptesting-2-3-6,0,True,27,202,782,1041,222,1031,424,0,0,,,,0,,,16.0,1e+20,16,0.0214,0.0204,0.0,0.0019,0.0,0.0,,0.0271,0.0713
hiking-sat14-strips-ptesting-2-3-7,0,True,32,242,938,1248,291,1252,913,0,0,,,,0,,,19.0,1e+20,19,0.0301,0.0263,0.0,0.0043,0.0,0.0,,0.039,0.0999
hiking-sat14-strips-ptesting-2-3-8,0,True,37,282,1094,1455,335,1463,1046,0,0,,,,0,,,22.0,1e+20,22,0.0366,0.0416,0.0,0.0029,0.0,0.0,,0.078,0.1597
hiking-sat14-strips-ptesting-2-4-5,0,True,26,210,818,1078,190,1030,695,0,0,,,,0,,,13.0,1e+20,13,0.0196,0.0122,0.0,0.0081,0.0,0.0,,0.0316,0.0719
hiking-sat14-strips-ptesting-2-4-6,0,True,32,382,1382,1826,304,1666,1476,0,0,,,,0,,,16.0,1e+20,16,0.0368,0.0246,0.0,0.012,0.0,0.0,,0.0567,0.1304
hiking-sat14-strips-ptesting-2-4-7,0,True,38,314,1226,1614,238,1534,437,0,0,,,,0,,,19.0,1e+20,19,0.051,0.0572,0.0,0.007,0.0,0.0,,0.0513,0.1671
hiking-sat14-strips-ptesting-2-4-8,0,True,44,366,1430,1882,340,1813,1197,0,0,,,,0,,,22.0,1e+20,22,0.046,0.0663,0.0,0.004,0.0,0.0,,0.0598,0.1769
hiking-sat14-strips-ptesting-3-3-5,0,True,27,579,2271,2913,343,2639,1995,0,0,,,,0,,,17.0,1e+20,17,0.0409,0.0435,0.0,0.0051,0.0,0.0,,0.1773,0.2675
hiking-sat14-strips-ptesting-3-3-6,0,True,33,948,3513,4539,430,3984,3314,0,0,,,,0,,,21.0,1e+20,21,0.0559,0.0971,0.0,0.0091,0.0,0.0,,0.2224,0.3855
hiking-sat14-strips-ptesting-3-3-7,0,True,39,1137,4215,5445,560,4785,4237,0,0,,,,0,,,25.0,1e+20,25,0.0796,0.1779,0.0,0.0058,0.0,0.0,,0.3233,0.5882
hiking-sat14-strips-ptesting-3-3-8,0,True,45,1011,3972,5091,606,4634,3461,0,0,,,,0,,,29.0,1e+20,29,0.1051,0.2574,0.0,0.0059,0.0,0.0,,0.2633,0.6335
hiking-sat14-strips-ptesting-3-4-5,0,True,31,759,2991,3817,336,3363,1536,0,0,,,,0,,,17.0,1e+20,17,0.0523,0.0755,0.0,0.0055,0.0,0.0,,0.2992,0.4335
hiking-sat14-strips-ptesting-3-4-6,0,True,38,948,3738,4769,478,4219,3235,0,0,,,,0,,,21.0,1e+20,21,0.0727,0.1367,0.0,0.0052,0.0,0.0,,0.3741,0.5901
hiking-sat14-strips-ptesting-3-4-7,0,True,45,1137,4485,5721,568,5067,3838,0,0,,,,0,,,25.0,1e+20,25,1.0436,0.2562,0.0,0.0066,0.0,0.0,,0.2751,1.5834
hiking-sat14-strips-ptesting-3-4-8,0,True,52,1326,5232,6673,638,5901,2803,0,0,,,,0,,,29.0,1e+20,29,0.1347,0.5011,0.0,0.0062,0.0,0.0,,0.3289,0.9736
logistics00-probLOGISTICS-10-0,0,True,0,33,41,123,53,128,53,0,0,,,,0,,,41.0,1e+20,41,0.0076,0.0005,0.0,0.0035,0.0,0.0,,0.0014,0.013
logistics00-probLOGISTICS-10-1,0,True,0,33,39,117,48,122,48,0,0,,,,0,,,39.0,1e+20,39,0.0079,0.0005,0.0,0.0023,0.0,0.0,,0.0025,0.0132
logistics00-probLOGISTICS-11-0,0,True,0,37,45,135,56,144,56,0,0,,,,0,,,45.0,1e+20,45,0.0064,0.0006,0.0,0.0017,0.0,0.0,,0.0014,0.0101
logistics00-probLOGISTICS-11-1,0,True,0,46,55,165,74,178,74,0,0,,,,0,,,55.0,1e+20,55,0.0247,0.0006,0.0,0.0019,0.0,0.0,,0.0014,0.0287
logistics00-probLOGISTICS-12-0,0,True,0,33,39,117,51,121,51,0,0,,,,0,,,39.0,1e+20,39,0.0089,0.0006,0.0,0.0018,0.0,0.0,,0.0015,0.0128
logistics00-probLOGISTICS-12-1,0,True,0,52,63,189,84,201,84,0,0,,,,0,,,63.0,1e+20,63,0.0064,0.0008,0.0,0.0015,0.0,0.0,,0.0016,0.0103
logistics00-probLOGISTICS-13-0,0,True,63,220,231,577,466,712,757,0,0,,,,0,,,67.0,1e+20,67,0.0104,0.002,0.0,0.0043,0.0,0.0,,0.0149,0.0316
logistics00-probLOGISTICS-13-1,0,True,53,183,193,483,365,592,603,0,0,,,,0,,,57.0,1e+20,57,0.0088,0.0018,0.0,0.0078,0.0,0.0,,0.0158,0.0343
logistics00-probLOGISTICS-14-0,0,True,48,162,171,433,313,524,514,0,0,,,,0,,,55.0,1e+20,55,0.0098,0.0018,0.0,0.0085,0.0,0.0,,0.0126,0.0327
logistics00-probLOGISTICS-14-1,0,True,63,216,227,569,452,701,724,0,0,,,,0,,,67.0,1e+20,67,0.0087,0.0021,0.0,0.0022,0.0,0.0,,0.0144,0.0274
logistics00-probLOGISTICS-15-0,0,True,68,233,243,609,483,751,767,0,0,,,,0,,,71.0,1e+20,71,0.0249,0.0024,0.0,0.0025,0.0,0.0,,0.0151,0.0451
logistics00-probLOGISTICS-15-1,0,True,63,219,227,565,443,697,725,0,0,,,,0,,,63.0,1e+20,63,0.0076,0.0022,0.0,0.0025,0.0,0.0,,0.0148,0.0272
logistics00-probLOGISTICS-4-0,0,True,0,14,19,57,22,58,22,0,0,,,,0,,,19.0,1e+20,19,0.01,0.0001,0.0,0.0028,0.0,0.0,,0.0021,0.015
logistics00-probLOGISTICS-4-1,0,True,0,13,17,51,21,51,21,0,0,,,,0,,,17.0,1e+20,17,0.0064,0.0001,0.0,0.0063,0.0,0.0,,0.0022,0.015
logistics00-probLOGISTICS-4-2,0,True,0,9,13,39,13,39,13,0,0,,,,0,,,13.0,1e+20,13,0.0046,0.0001,0.0,0.0015,0.0,0.0,,0.0014,0.0076
logistics00-probLOGISTICS-5-0,0,True,0,20,25,75,34,78,34,0,0,,,,0,,,25.0,1e+20,25,0.0083,0.0001,0.0,0.0049,0.0,0.0,,0.002,0.0152
logistics00-probLOGISTICS-5-1,0,True,0,11,15,45,14,44,14,0,0,,,,0,,,15.0,1e+20,15,0.0064,0.0001,0.0,0.0125,0.0,0.0,,0.002,0.021
logistics00-probLOGISTICS-5-2,0,True,0,6,8,24,6,22,6,0,0,,,,0,,,8.0,1e+20,8,0.0052,0.0001,0.0,0.0012,0.0,0.0,,0.0013,0.0078
logistics00-probLOGISTICS-6-0,0,True,0,19,23,69,29,71,29,0,0,,,,0,,,23.0,1e+20,23,0.0248,0.0001,0.0,0.0135,0.0,0.0,,0.0027,0.0412
logistics00-probLOGISTICS-6-1,0,True,0,9,13,39,13,38,13,0,0,,,,0,,,13.0,1e+20,13,0.0146,0.0001,0.0,0.0044,0.0,0.0,,0.0017,0.0208
logistics00-probLOGISTICS-6-2,0,True,0,19,23,69,28,71,28,0,0,,,,0,,,23.0,1e+20,23,0.006,0.0001,0.0,0.0021,0.0,0.0,,0.0014,0.0097
logistics00-probLOGISTICS-6-9,0,True,0,16,21,63,27,65,27,0,0,,,,0,,,21.0,1e+20,21,0.0113,0.0001,0.0,0.004,0.0,0.0,,0.0017,0.0171
logistics00-probLOGISTICS-7-0,0,True,0,28,33,99,39,103,39,0,0,,,,0,,,33.0,1e+20,33,0.022,0.0002,0.0,0.0016,0.0,0.0,,0.0014,0.0252
logistics00-probLOGISTICS-7-1,0,True,0,33,39,117,53,124,53,0,0,,,,0,,,39.0,1e+20,39,0.0066,0.0003,0.0,0.0018,0.0,0.0,,0.0017,0.0105
logistics00-probLOGISTICS-8-0,0,True,0,24,29,87,35,89,35,0,0,,,,0,,,29.0,1e+20,29,0.0066,0.0002,0.0,0.0016,0.0,0.0,,0.0015,0.0099
logistics00-probLOGISTICS-8-1,0,True,0,34,41,123,53,129,53,0,0,,,,0,,,41.0,1e+20,41,0.0064,0.0003,0.0,0.0013,0.0,0.0,,0.0013,0.0093
logistics00-probLOGISTICS-9-0,0,True,0,27,33,99,42,104,42,0,0,,,,0,,,33.0,1e+20,33,0.0128,0.0003,0.0,0.0053,0.0,0.0,,0.0022,0.0207
logistics00-probLOGISTICS-9-1,0,True,0,24,29,87,33,89,33,0,0,,,,0,,,29.0,1e+20,29,0.0367,0.0003,0.0,0.0046,0.0,0.0,,0.0036,0.0451
logistics98-prob01,0,True,40,118,121,298,225,364,387,0,0,,,,0,,,24.0,1e+20,24,0.0069,0.0008,0.0,0.0023,0.0,0.0,,0.0118,0.0218
logistics98-prob02,0,True,96,395,401,915,901,1178,1799,0,0,,,,0,,,28.0,1e+20,28,0.0185,0.0032,0.0,0.0054,0.0,0.0,,0.0534,0.0806
logistics98-prob03,0,True,151,718,721,1630,2068,2155,4086,0,0,,,,0,,,50.0,1e+20,50,0.0198,0.0116,0.0,0.0048,0.0,0.0,,0.1454,0.1817
logistics98-prob04,0,True,225,1038,1041,2337,3136,3067,6827,0,0,,,,0,,,53.0,1e+20,53,0.0446,0.0231,0.0,0.0084,0.0,0.0,,0.322,0.3984
logistics98-prob05,0,True,11,31,32,93,26,86,28,0,0,,,,0,,,22.0,1e+20,22,0.0068,0.0005,0.0,0.0043,0.0,0.0,,0.0028,0.0146
logistics98-prob06,0,True,231,710,712,1689,1449,2156,2629,0,0,,,,0,,,65.0,1e+20,65,0.0428,0.0311,0.0,0.0051,0.0,0.0,,0.0585,0.1378
logistics98-prob07,0,True,150,781,788,1744,1736,2301,4393,0,0,,,,0,,,29.0,1e+20,29,0.0152,0.0078,0.0,0.0059,0.0,0.0,,0.1283,0.1573
logistics98-prob08,0,True,233,1067,1069,2389,3109,3189,6176,0,0,,,,0,,,37.0,1e+20,37,0.0326,0.0277,0.0,0.0062,0.0,0.0,,0.3472,0.4142
logistics98-prob09,0,True,372,1372,1375,3155,3544,4028,7484,0,0,,,,0,,,75.0,1e+20,75,0.1037,0.0689,0.0,0.0114,0.0,0.0,,0.2607,0.4452
logistics98-prob10,0,True,463,2749,2769,6063,8949,8463,18350,0,0,,,,101,,,93.0,1e+20,93,0.0906,0.092,0.0,0.0214,0.0,0.0,,5.6949,5.8993
logistics98-prob11,0,True,133,351,351,845,481,931,799,0,0,,,,0,,,27.0,1e+20,27,0.0149,0.0053,0.0,0.0031,0.0,0.0,,0.0256,0.0489
logistics98-prob12,0,True,490,2687,2688,5880,5009,7846,16369,0,0,,,,0,,,37.0,1e+20,37,0.1264,0.1504,0.0,0.0167,0.0,0.0,,0.5608,0.8555
logistics98-prob13,0,True,551,4372,4377,9351,8593,12999,29681,0,0,,,,436,,,65.0,1e+20,65,0.1776,0.2032,0.0,0.0265,0.0,0.0,,34.5644,34.9731
logistics98-prob14,0,True,441,2778,2780,6035,12793,8156,37076,0,0,,,,0,,,80.0,1e+20,80,0.1107,0.103,0.0,0.0263,0.0,0.0,,1.4705,1.7111
logistics98-prob15,0,True,182,663,667,1571,1562,1947,2642,0,0,,,,0,,,82.0,1e+20,82,0.0279,0.0096,0.0,0.0069,0.0,0.0,,0.0553,0.0999
logistics98-prob16,0,True,411,2287,2287,5005,4637,6622,15954,0,0,,,,0,,,52.0,1e+20,52,0.0556,0.0633,0.0,0.014,0.0,0.0,,0.7323,0.8656
logistics98-prob17,0,True,270,792,792,1870,1288,2137,2298,0,0,,,,0,,,42.0,1e+20,42,0.0458,0.0172,0.0,0.0098,0.0,0.0,,0.0684,0.1415
logistics98-prob18,2,True,1058,11828,11842,24854,71782,35575,202178,0,0,,,,930,,,147.987,1e+20,152,0.5435,0.707,0.0,0.1718,0.0,0.0,,898.6051,900.0301
logistics98-prob19,0,True,869,4452,4452,9821,16476,13071,45573,0,0,,,,0,,,130.0,1e+20,130,0.2641,0.2924,0.0,0.0679,0.0,0.0,,3.2533,3.8792
logistics98-prob20,0,True,826,6663,6672,14258,15724,19729,72530,0,0,,,,1360,,,128.0,1e+20,128,0.5691,0.5147,0.0,0.0614,0.0,0.0,,100.7103,101.8575
logistics98-prob21,0,True,827,4698,4700,10264,9812,13760,38652,0,0,,,,168,,,95.0,1e+20,95,0.3236,0.3464,0.0,0.0374,0.0,0.0,,25.9558,26.6651
logistics98-prob22,2,True,1762,13325,13331,28539,54683,40391,145661,0,0,,,,1395,,,249.07,1e+20,252,2.1268,2.075,0.0,0.1977,0.0,0.0,,895.6358,900.0401
logistics98-prob23,0,True,324,1311,1313,2995,3606,3888,7297,0,0,,,,0,,,99.0,1e+20,99,0.0417,0.0402,0.0,0.0085,0.0,0.0,,0.1009,0.1916
logistics98-prob24,0,True,665,2170,2170,5017,3719,6055,11204,0,0,,,,0,,,39.0,1e+20,39,0.1486,0.184,0.0,0.015,0.0,0.0,,0.5668,0.9158
logistics98-prob25,2,True,1301,12993,13008,27450,79659,38703,292144,0,0,,,,839,,,173.504,1e+20,177,2.1755,1.8514,0.0,0.2292,0.0,0.0,,895.7799,900.0386
logistics98-prob26,0,True,1642,5998,6010,13738,14282,19193,26417,0,0,,,,0,,,175.0,1e+20,175,1.0717,1.044,0.0,0.0706,0.0,0.0,,1.069,3.2579
logistics98-prob27,0,True,1001,5386,5393,11853,23928,16010,67856,0,0,,,,3335,,,135.0,1e+20,135,0.8587,0.7317,0.0,0.0689,0.0,0.0,,187.6435,189.3054
logistics98-prob28,0,True,3078,14227,14228,31620,38583,42209,97626,0,0,,,,71,,,243.0,1e+20,243,11.1613,10.8025,0.0,0.2897,0.0,0.0,,25.9315,48.195
logistics98-prob29,2,True,1953,23446,23462,49036,144211,70663,573895,0,0,,,,161,,,269.213,1e+20,278,2.0091,2.3867,0.0,0.5154,0.0,0.0,,895.1605,900.0763
logistics98-prob30,0,True,1421,4875,4875,11210,10132,14269,21610,0,0,,,,0,,,124.0,1e+20,124,1.8598,1.676,0.0,0.0569,0.0,0.0,,1.7436,5.3417
logistics98-prob31,0,True,13,32,34,90,40,94,64,0,0,,,,0,,,12.0,1e+20,12,0.0065,0.0002,0.0,0.0017,0.0,0.0,,0.0061,0.0145
logistics98-prob32,0,True,12,32,32,88,38,90,47,0,0,,,,0,,,18.0,1e+20,18,0.0058,0.0002,0.0,0.0017,0.0,0.0,,0.0057,0.0134
logistics98-prob33,0,True,22,51,51,141,52,138,60,0,0,,,,0,,,25.0,1e+20,25,0.04,0.0005,0.0,0.0348,0.0,0.0,,0.0091,0.0844
logistics98-prob34,0,True,99,244,244,602,406,694,678,0,0,,,,0,,,42.0,1e+20,42,0.0187,0.0025,0.0,0.0053,0.0,0.0,,0.0236,0.0502
logistics98-prob35,0,True,19,56,56,156,55,151,73,0,0,,,,0,,,29.0,1e+20,29,0.008,0.0014,0.0,0.0028,0.0,0.0,,0.0073,0.0195
miconic-s1-0,0,True,0,2,3,9,2,8,2,0,0,,,,0,,,3.0,1e+20,3,0.0241,0.0,0.0,0.0017,0.0,0.0,,0.0013,0.0272
miconic-s1-1,0,True,0,2,3,9,2,8,2,0,0,,,,0,,,3.0,1e+20,3,0.0051,0.0,0.0,0.0014,0.0,0.0,,0.0013,0.0078
miconic-s1-2,0,True,0,2,3,9,2,8,2,0,0,,,,0,,,3.0,1e+20,3,0.0052,0.0,0.0,0.0015,0.0,0.0,,0.0013,0.008
miconic-s1-3,0,True,0,2,3,9,2,8,2,0,0,,,,0,,,3.0,1e+20,3,0.0045,0.0,0.0,0.0018,0.0,0.0,,0.0014,0.0078
miconic-s1-4,0,True,0,2,3,9,2,8,2,0,0,,,,0,,,3.0,1e+20,3,0.0048,0.0,0.0,0.0012,0.0,0.0,,0.0013,0.0073
miconic-s10-0,0,True,6,39,39,117,31,107,31,0,0,,,,0,,,33.0,1e+20,33,0.3584,0.0006,0.0,0.038,0.0,0.0,,0.0096,0.4066
miconic-s10-1,0,True,7,39,39,117,27,105,27,0,0,,,,0,,,32.0,1e+20,32,0.0063,0.0006,0.0,0.0013,0.0,0.0,,0.0015,0.0098
miconic-s10-2,0,True,8,39,39,117,29,106,29,0,0,,,,0,,,31.0,1e+20,31,0.0288,0.0006,0.0,0.0033,0.0,0.0,,0.0018,0.0346
miconic-s10-3,0,True,5,39,39,117,31,108,31,0,0,,,,0,,,34.0,1e+20,34,0.008,0.0006,0.0,0.003,0.0,0.0,,0.002,0.0137
miconic-s10-4,0,True,7,39,39,117,28,106,28,0,0,,,,0,,,32.0,1e+20,32,0.0061,0.0006,0.0,0.0017,0.0,0.0,,0.0016,0.01
miconic-s11-0,0,True,7,43,43,129,33,117,33,0,0,,,,0,,,36.0,1e+20,36,0.0056,0.0008,0.0,0.0014,0.0,0.0,,0.0016,0.0094
miconic-s11-1,0,True,9,43,43,129,34,118,34,0,0,,,,0,,,34.0,1e+20,34,0.0059,0.0008,0.0,0.0019,0.0,0.0,,0.0016,0.0102
miconic-s11-2,0,True,6,43,43,129,33,118,33,0,0,,,,0,,,37.0,1e+20,37,0.0072,0.0008,0.0,0.0047,0.0,0.0,,0.0018,0.0145
miconic-s11-3,0,True,6,43,43,129,34,119,34,0,0,,,,0,,,37.0,1e+20,37,0.0058,0.0008,0.0,0.002,0.0,0.0,,0.0019,0.0105
miconic-s11-4,0,True,9,43,43,129,33,118,33,0,0,,,,0,,,34.0,1e+20,34,0.0059,0.0008,0.0,0.002,0.0,0.0,,0.0016,0.0104
miconic-s12-0,0,True,7,47,47,141,39,130,39,0,0,,,,0,,,40.0,1e+20,40,0.0097,0.001,0.0,0.0039,0.0,0.0,,0.0018,0.0164
miconic-s12-1,0,True,7,47,47,141,37,130,37,0,0,,,,0,,,40.0,1e+20,40,0.0085,0.001,0.0,0.0025,0.0,0.0,,0.0022,0.0141
miconic-s12-2,0,True,8,47,47,141,34,127,34,0,0,,,,0,,,39.0,1e+20,39,0.0075,0.001,0.0,0.0066,0.0,0.0,,0.0021,0.0171
miconic-s12-3,0,True,9,47,47,141,36,128,36,0,0,,,,0,,,38.0,1e+20,38,0.0115,0.001,0.0,0.0049,0.0,0.0,,0.0021,0.0196
miconic-s12-4,0,True,6,47,47,141,36,130,36,0,0,,,,0,,,41.0,1e+20,41,0.0072,0.001,0.0,0.0013,0.0,0.0,,0.0016,0.0111
miconic-s13-0,0,True,8,51,51,153,40,140,40,0,0,,,,0,,,43.0,1e+20,43,0.0071,0.0012,0.0,0.0015,0.0,0.0,,0.0016,0.0114
miconic-s13-1,0,True,10,51,51,153,40,141,40,0,0,,,,0,,,41.0,1e+20,41,0.0116,0.0012,0.0,0.003,0.0,0.0,,0.0015,0.0173
miconic-s13-2,0,True,5,51,51,153,43,141,43,0,0,,,,0,,,46.0,1e+20,46,0.0061,0.0012,0.0,0.0018,0.0,0.0,,0.0016,0.0108
miconic-s13-3,0,True,8,51,51,153,43,141,43,0,0,,,,0,,,43.0,1e+20,43,0.0243,0.0012,0.0,0.0019,0.0,0.0,,0.0016,0.0291
miconic-s13-4,0,True,10,51,51,153,41,140,41,0,0,,,,0,,,41.0,1e+20,41,0.0186,0.0012,0.0,0.0139,0.0,0.0,,0.0035,0.0373
miconic-s14-0,0,True,10,55,55,165,43,151,43,0,0,,,,0,,,45.0,1e+20,45,0.0078,0.0015,0.0,0.0023,0.0,0.0,,0.0017,0.0134
miconic-s14-1,0,True,8,55,55,165,43,152,43,0,0,,,,0,,,47.0,1e+20,47,0.0122,0.0015,0.0,0.0023,0.0,0.0,,0.0017,0.0177
miconic-s14-2,0,True,6,55,55,165,42,151,42,0,0,,,,0,,,49.0,1e+20,49,0.0079,0.0015,0.0,0.0028,0.0,0.0,,0.0017,0.0139
miconic-s14-3,0,True,13,55,55,165,47,151,47,0,0,,,,0,,,42.0,1e+20,42,0.009,0.0015,0.0,0.0022,0.0,0.0,,0.0019,0.0146
miconic-s14-4,0,True,10,55,55,165,44,151,44,0,0,,,,0,,,45.0,1e+20,45,0.0068,0.0015,0.0,0.0015,0.0,0.0,,0.0016,0.0114
miconic-s15-0,0,True,13,59,59,177,47,162,47,0,0,,,,0,,,46.0,1e+20,46,0.0156,0.0018,0.0,0.0064,0.0,0.0,,0.0026,0.0264
miconic-s15-1,0,True,10,59,59,177,43,160,43,0,0,,,,0,,,49.0,1e+20,49,0.0266,0.0018,0.0,0.0025,0.0,0.0,,0.0017,0.0327
miconic-s15-2,0,True,10,59,59,177,43,161,43,0,0,,,,0,,,49.0,1e+20,49,0.0072,0.0018,0.0,0.0027,0.0,0.0,,0.0023,0.014
miconic-s15-3,0,True,9,59,59,177,47,163,47,0,0,,,,0,,,50.0,1e+20,50,0.0066,0.0018,0.0,0.0015,0.0,0.0,,0.0016,0.0115
miconic-s15-4,0,True,13,59,59,177,45,161,45,0,0,,,,0,,,46.0,1e+20,46,0.0096,0.0018,0.0,0.0021,0.0,0.0,,0.0017,0.0152
miconic-s16-0,0,True,10,63,63,189,50,174,50,0,0,,,,0,,,53.0,1e+20,53,0.0421,0.0021,0.0,0.0317,0.0,0.0,,0.0027,0.0787
miconic-s16-1,0,True,11,63,63,189,49,173,49,0,0,,,,0,,,52.0,1e+20,52,0.1302,0.0021,0.0,0.0037,0.0,0.0,,0.0026,0.1387
miconic-s16-2,0,True,9,63,63,189,49,173,49,0,0,,,,0,,,54.0,1e+20,54,0.0081,0.0022,0.0,0.0057,0.0,0.0,,0.0037,0.0197
miconic-s16-3,0,True,12,63,63,189,47,171,47,0,0,,,,0,,,51.0,1e+20,51,0.0086,0.0022,0.0,0.0014,0.0,0.0,,0.0016,0.0139
miconic-s16-4,0,True,10,63,63,189,49,173,49,0,0,,,,0,,,53.0,1e+20,53,0.0081,0.0021,0.0,0.0016,0.0,0.0,,0.0016,0.0135
miconic-s17-0,0,True,12,67,67,201,52,184,52,0,0,,,,0,,,55.0,1e+20,55,0.0138,0.0025,0.0,0.0049,0.0,0.0,,0.0024,0.0238
miconic-s17-1,0,True,13,67,67,201,52,184,52,0,0,,,,0,,,54.0,1e+20,54,0.0081,0.0026,0.0,0.0017,0.0,0.0,,0.0017,0.0141
miconic-s17-2,0,True,13,67,67,201,51,184,51,0,0,,,,0,,,54.0,1e+20,54,0.0081,0.0026,0.0,0.0081,0.0,0.0,,0.0018,0.0206
miconic-s17-3,0,True,8,67,67,201,54,184,54,0,0,,,,0,,,59.0,1e+20,59,0.0188,0.0025,0.0,0.0025,0.0,0.0,,0.0031,0.027
miconic-s17-4,0,True,13,67,67,201,54,184,54,0,0,,,,0,,,54.0,1e+20,54,0.0085,0.0025,0.0,0.0014,0.0,0.0,,0.0016,0.0141
miconic-s18-0,0,True,12,71,71,213,57,196,57,0,0,,,,0,,,59.0,1e+20,59,0.0108,0.003,0.0,0.0037,0.0,0.0,,0.0023,0.0199
miconic-s18-1,0,True,13,71,71,213,54,195,54,0,0,,,,0,,,58.0,1e+20,58,0.0349,0.003,0.0,0.0043,0.0,0.0,,0.0026,0.0449
miconic-s18-2,0,True,13,71,71,213,58,196,58,0,0,,,,0,,,58.0,1e+20,58,0.0202,0.003,0.0,0.0053,0.0,0.0,,0.0023,0.0308
miconic-s18-3,0,True,12,71,71,213,54,195,54,0,0,,,,0,,,59.0,1e+20,59,0.0149,0.003,0.0,0.0037,0.0,0.0,,0.002,0.0237
miconic-s18-4,0,True,15,71,71,213,54,194,54,0,0,,,,0,,,56.0,1e+20,56,0.0084,0.0029,0.0,0.0018,0.0,0.0,,0.0029,0.0162
miconic-s19-0,0,True,13,75,75,225,59,207,59,0,0,,,,0,,,62.0,1e+20,62,0.0091,0.0034,0.0,0.0013,0.0,0.0,,0.0017,0.0156
miconic-s19-1,0,True,10,75,75,225,60,207,60,0,0,,,,0,,,65.0,1e+20,65,0.0088,0.0034,0.0,0.0017,0.0,0.0,,0.0017,0.0157
miconic-s19-2,0,True,14,75,75,225,58,206,58,0,0,,,,0,,,61.0,1e+20,61,0.0084,0.0034,0.0,0.0016,0.0,0.0,,0.0017,0.0152
miconic-s19-3,0,True,12,75,75,225,57,206,57,0,0,,,,0,,,63.0,1e+20,63,0.0266,0.0036,0.0,0.0023,0.0,0.0,,0.0017,0.0343
miconic-s19-4,0,True,13,75,75,225,58,206,58,0,0,,,,0,,,62.0,1e+20,62,0.0093,0.0034,0.0,0.0016,0.0,0.0,,0.0019,0.0164
miconic-s2-0,0,True,0,7,7,21,6,20,6,0,0,,,,0,,,7.0,1e+20,7,0.0047,0.0,0.0,0.0012,0.0,0.0,,0.0013,0.0072
miconic-s2-1,0,True,1,7,7,21,4,18,4,0,0,,,,0,,,6.0,1e+20,6,0.0056,0.0,0.0,0.0039,0.0,0.0,,0.0022,0.0118
miconic-s2-2,0,True,1,7,7,21,4,18,4,0,0,,,,0,,,6.0,1e+20,6,0.0051,0.0,0.0,0.0013,0.0,0.0,,0.0015,0.0079
miconic-s2-3,0,True,0,7,7,21,6,20,6,0,0,,,,0,,,7.0,1e+20,7,0.0147,0.0001,0.0,0.0037,0.0,0.0,,0.0027,0.0212
miconic-s2-4,0,True,1,7,7,21,5,19,5,0,0,,,,0,,,6.0,1e+20,6,0.0061,0.0,0.0,0.0017,0.0,0.0,,0.0015,0.0094
miconic-s20-0,0,True,16,79,79,237,63,218,63,0,0,,,,0,,,63.0,1e+20,63,0.0116,0.004,0.0,0.0021,0.0,0.0,,0.003,0.0207
miconic-s20-1,0,True,13,79,79,237,59,217,59,0,0,,,,0,,,66.0,1e+20,66,0.0272,0.0041,0.0,0.0035,0.0,0.0,,0.0021,0.037
miconic-s20-2,0,True,17,79,79,237,60,216,60,0,0,,,,0,,,62.0,1e+20,62,0.0114,0.004,0.0,0.0038,0.0,0.0,,0.0022,0.0215
miconic-s20-3,0,True,16,79,79,237,61,218,61,0,0,,,,0,,,63.0,1e+20,63,0.0125,0.0041,0.0,0.0083,0.0,0.0,,0.0019,0.0269
miconic-s20-4,0,True,15,79,79,237,58,216,58,0,0,,,,0,,,64.0,1e+20,64,0.0102,0.004,0.0,0.0019,0.0,0.0,,0.0019,0.0181
miconic-s21-0,0,True,14,83,83,249,65,228,65,0,0,,,,0,,,69.0,1e+20,69,0.0093,0.0046,0.0,0.0016,0.0,0.0,,0.0021,0.0177
miconic-s21-1,0,True,14,83,83,249,67,228,67,0,0,,,,0,,,69.0,1e+20,69,0.0113,0.0046,0.0,0.0013,0.0,0.0,,0.0017,0.0189
miconic-s21-2,0,True,14,83,83,249,66,228,66,0,0,,,,0,,,69.0,1e+20,69,0.0099,0.0045,0.0,0.0024,0.0,0.0,,0.0023,0.0192
miconic-s21-3,0,True,17,83,83,249,65,227,65,0,0,,,,0,,,66.0,1e+20,66,0.0101,0.0046,0.0,0.0019,0.0,0.0,,0.0018,0.0186
miconic-s21-4,0,True,13,83,83,249,61,227,61,0,0,,,,0,,,70.0,1e+20,70,0.0101,0.0046,0.0,0.0018,0.0,0.0,,0.0017,0.0182
miconic-s22-0,0,True,15,87,87,261,70,239,70,0,0,,,,0,,,72.0,1e+20,72,0.0106,0.0052,0.0,0.0019,0.0,0.0,,0.0017,0.0196
miconic-s22-1,0,True,17,87,87,261,66,239,66,0,0,,,,0,,,70.0,1e+20,70,0.4293,0.0052,0.0,0.4014,0.0,0.0,,0.0475,0.8835
miconic-s22-2,0,True,16,87,87,261,67,240,67,0,0,,,,0,,,71.0,1e+20,71,0.0186,0.0053,0.0,0.0043,0.0,0.0,,0.0032,0.0315
miconic-s22-3,0,True,12,87,87,261,69,238,69,0,0,,,,0,,,75.0,1e+20,75,0.0235,0.0052,0.0,0.0016,0.0,0.0,,0.0017,0.0323
miconic-s22-4,0,True,16,87,87,261,73,239,73,0,0,,,,0,,,71.0,1e+20,71,0.0388,0.0052,0.0,0.0025,0.0,0.0,,0.0024,0.0491
miconic-s23-0,0,True,16,91,91,273,69,250,69,0,0,,,,0,,,75.0,1e+20,75,0.0145,0.006,0.0,0.0026,0.0,0.0,,0.0023,0.0255
miconic-s23-1,0,True,17,91,91,273,72,250,72,0,0,,,,0,,,74.0,1e+20,74,0.0107,0.006,0.0,0.0019,0.0,0.0,,0.0018,0.0204
miconic-s23-2,0,True,18,91,91,273,71,251,71,0,0,,,,0,,,73.0,1e+20,73,0.1317,0.006,0.0,0.0019,0.0,0.0,,0.0017,0.1414
miconic-s23-3,0,True,20,91,91,273,71,251,71,0,0,,,,0,,,71.0,1e+20,71,0.0114,0.0059,0.0,0.0019,0.0,0.0,,0.0018,0.0212
miconic-s23-4,0,True,17,91,91,273,70,251,70,0,0,,,,0,,,74.0,1e+20,74,0.0387,0.006,0.0,0.0015,0.0,0.0,,0.0018,0.0481
miconic-s24-0,0,True,16,95,95,285,76,262,76,0,0,,,,0,,,79.0,1e+20,79,0.0148,0.0069,0.0,0.0113,0.0,0.0,,0.0023,0.0355
miconic-s24-1,0,True,17,95,95,285,74,262,74,0,0,,,,0,,,78.0,1e+20,78,0.0125,0.0067,0.0,0.0015,0.0,0.0,,0.0018,0.0227
miconic-s24-2,0,True,18,95,95,285,74,260,74,0,0,,,,0,,,77.0,1e+20,77,0.0137,0.0067,0.0,0.0027,0.0,0.0,,0.0036,0.0268
miconic-s24-3,0,True,16,95,95,285,74,260,74,0,0,,,,0,,,79.0,1e+20,79,0.0173,0.0067,0.0,0.0055,0.0,0.0,,0.0023,0.032
miconic-s24-4,0,True,18,95,95,285,74,260,74,0,0,,,,0,,,77.0,1e+20,77,0.0138,0.0067,0.0,0.0017,0.0,0.0,,0.0019,0.0243
miconic-s25-0,0,True,18,99,99,297,79,273,79,0,0,,,,0,,,81.0,1e+20,81,0.0136,0.008,0.0,0.0015,0.0,0.0,,0.0018,0.0251
miconic-s25-1,0,True,14,99,99,297,76,273,76,0,0,,,,0,,,85.0,1e+20,85,0.0132,0.0076,0.0,0.0018,0.0,0.0,,0.0018,0.0247
miconic-s25-2,0,True,21,99,99,297,80,272,80,0,0,,,,0,,,78.0,1e+20,78,0.0147,0.0077,0.0,0.0018,0.0,0.0,,0.002,0.0263
miconic-s25-3,0,True,15,99,99,297,74,271,74,0,0,,,,0,,,84.0,1e+20,84,0.0308,0.0077,0.0,0.0018,0.0,0.0,,0.0019,0.0423
miconic-s25-4,0,True,17,99,99,297,74,271,74,0,0,,,,0,,,82.0,1e+20,82,0.0355,0.0077,0.0,0.0153,0.0,0.0,,0.0062,0.0647
miconic-s26-0,0,True,20,103,103,309,84,283,84,0,0,,,,0,,,83.0,1e+20,83,0.0147,0.0085,0.0,0.0026,0.0,0.0,,0.0019,0.0279
miconic-s26-1,0,True,20,103,103,309,83,284,83,0,0,,,,0,,,83.0,1e+20,83,0.0162,0.0085,0.0,0.0018,0.0,0.0,,0.0019,0.0286
miconic-s26-2,0,True,13,103,103,309,82,284,82,0,0,,,,0,,,90.0,1e+20,90,0.0505,0.0086,0.0,0.0092,0.0,0.0,,0.0027,0.0711
miconic-s26-3,0,True,15,103,103,309,80,284,80,0,0,,,,0,,,88.0,1e+20,88,0.0147,0.0086,0.0,0.0015,0.0,0.0,,0.0018,0.0268
miconic-s26-4,0,True,21,103,103,309,81,282,81,0,0,,,,0,,,82.0,1e+20,82,0.0156,0.0089,0.0,0.0032,0.0,0.0,,0.0021,0.0301
miconic-s27-0,0,True,20,107,107,321,83,293,83,0,0,,,,0,,,87.0,1e+20,87,0.0147,0.0096,0.0,0.0015,0.0,0.0,,0.0018,0.0278
miconic-s27-1,0,True,16,107,107,321,83,294,83,0,0,,,,0,,,91.0,1e+20,91,0.0185,0.0096,0.0,0.0088,0.0,0.0,,0.0024,0.0396
miconic-s27-2,0,True,20,107,107,321,85,294,85,0,0,,,,0,,,87.0,1e+20,87,0.0148,0.0095,0.0,0.002,0.0,0.0,,0.0019,0.0285
miconic-s27-3,0,True,18,107,107,321,87,295,87,0,0,,,,0,,,89.0,1e+20,89,0.0145,0.0095,0.0,0.0017,0.0,0.0,,0.0018,0.0277
miconic-s27-4,0,True,19,107,107,321,82,293,82,0,0,,,,0,,,88.0,1e+20,88,0.0149,0.0098,0.0,0.0027,0.0,0.0,,0.0018,0.0294
miconic-s28-0,0,True,17,111,111,333,82,304,82,0,0,,,,0,,,94.0,1e+20,94,0.0161,0.0107,0.0,0.0018,0.0,0.0,,0.0019,0.0306
miconic-s28-1,0,True,19,111,111,333,87,306,87,0,0,,,,0,,,92.0,1e+20,92,0.0236,0.011,0.0,0.0304,0.0,0.0,,0.0022,0.0674
miconic-s28-2,0,True,18,111,111,333,84,305,84,0,0,,,,0,,,93.0,1e+20,93,0.016,0.0112,0.0,0.003,0.0,0.0,,0.0019,0.0323
miconic-s28-3,0,True,24,111,111,333,87,305,87,0,0,,,,0,,,87.0,1e+20,87,0.0213,0.0107,0.0,0.0032,0.0,0.0,,0.0026,0.038
miconic-s28-4,0,True,19,111,111,333,85,306,85,0,0,,,,0,,,92.0,1e+20,92,0.0166,0.0106,0.0,0.0034,0.0,0.0,,0.0018,0.0326
miconic-s29-0,0,True,21,115,115,345,86,315,86,0,0,,,,0,,,94.0,1e+20,94,0.0139,0.0118,0.0,0.0014,0.0,0.0,,0.0019,0.0292
miconic-s29-1,0,True,24,115,115,345,89,316,89,0,0,,,,0,,,91.0,1e+20,91,0.0162,0.0124,0.0,0.0016,0.0,0.0,,0.0019,0.0323
miconic-s29-2,0,True,20,115,115,345,93,317,93,0,0,,,,0,,,95.0,1e+20,95,0.0185,0.0121,0.0,0.0018,0.0,0.0,,0.0017,0.0343
miconic-s29-3,0,True,19,115,115,345,86,316,86,0,0,,,,0,,,96.0,1e+20,96,0.0164,0.0119,0.0,0.002,0.0,0.0,,0.0019,0.0323
miconic-s29-4,0,True,16,115,115,345,91,317,91,0,0,,,,0,,,99.0,1e+20,99,0.0169,0.0118,0.0,0.0019,0.0,0.0,,0.0017,0.0325
miconic-s3-0,0,True,1,11,11,33,9,31,9,0,0,,,,0,,,10.0,1e+20,10,0.0063,0.0,0.0,0.0049,0.0,0.0,,0.0016,0.013
miconic-s3-1,0,True,1,11,11,33,10,31,10,0,0,,,,0,,,10.0,1e+20,10,0.0053,0.0001,0.0,0.0012,0.0,0.0,,0.0013,0.0079
miconic-s3-2,0,True,2,11,11,33,6,28,6,0,0,,,,0,,,9.0,1e+20,9,0.0499,0.0001,0.0,0.0115,0.0,0.0,,0.0016,0.0632
miconic-s3-3,0,True,2,11,11,33,7,29,7,0,0,,,,0,,,9.0,1e+20,9,0.0053,0.0001,0.0,0.0062,0.0,0.0,,0.0015,0.0131
miconic-s3-4,0,True,2,11,11,33,6,28,6,0,0,,,,0,,,9.0,1e+20,9,0.011,0.0001,0.0,0.0052,0.0,0.0,,0.0018,0.0182
miconic-s30-0,0,True,24,119,119,357,97,327,97,0,0,,,,0,,,95.0,1e+20,95,0.0186,0.0131,0.0,0.0026,0.0,0.0,,0.002,0.0366
miconic-s30-1,0,True,21,119,119,357,97,327,97,0,0,,,,0,,,98.0,1e+20,98,0.0179,0.0138,0.0,0.0023,0.0,0.0,,0.002,0.0362
miconic-s30-2,0,True,23,119,119,357,92,326,92,0,0,,,,0,,,96.0,1e+20,96,0.0187,0.0131,0.0,0.0032,0.0,0.0,,0.0026,0.0378
miconic-s30-3,0,True,19,119,119,357,92,327,92,0,0,,,,0,,,100.0,1e+20,100,0.017,0.0131,0.0,0.0016,0.0,0.0,,0.0018,0.0337
miconic-s30-4,0,True,20,119,119,357,92,326,92,0,0,,,,0,,,99.0,1e+20,99,0.0171,0.0133,0.0,0.002,0.0,0.0,,0.002,0.0346
miconic-s4-0,0,True,1,15,15,45,12,42,12,0,0,,,,0,,,14.0,1e+20,14,0.126,0.0001,0.0,0.0013,0.0,0.0,,0.0016,0.1291
miconic-s4-1,0,True,2,15,15,45,10,40,10,0,0,,,,0,,,13.0,1e+20,13,0.0047,0.0001,0.0,0.0025,0.0,0.0,,0.0015,0.0088
miconic-s4-2,0,True,1,15,15,45,11,41,11,0,0,,,,0,,,14.0,1e+20,14,0.0172,0.0001,0.0,0.007,0.0,0.0,,0.0021,0.0264
miconic-s4-3,0,True,1,15,15,45,11,41,11,0,0,,,,0,,,14.0,1e+20,14,0.0049,0.0001,0.0,0.0016,0.0,0.0,,0.0014,0.008
miconic-s4-4,0,True,0,15,15,45,12,42,12,0,0,,,,0,,,15.0,1e+20,15,0.0071,0.0001,0.0,0.0053,0.0,0.0,,0.0023,0.0148
miconic-s5-0,0,True,2,19,19,57,15,53,15,0,0,,,,0,,,17.0,1e+20,17,0.015,0.0001,0.0,0.0042,0.0,0.0,,0.0023,0.0217
miconic-s5-1,0,True,3,19,19,57,12,50,12,0,0,,,,0,,,16.0,1e+20,16,0.0067,0.0001,0.0,0.0033,0.0,0.0,,0.0019,0.012
miconic-s5-2,0,True,5,19,19,57,12,50,12,0,0,,,,0,,,14.0,1e+20,14,0.0115,0.0002,0.0,0.0046,0.0,0.0,,0.0019,0.0182
miconic-s5-3,0,True,2,19,19,57,15,53,15,0,0,,,,0,,,17.0,1e+20,17,0.0067,0.0001,0.0,0.0046,0.0,0.0,,0.0019,0.0134
miconic-s5-4,0,True,2,19,19,57,14,52,14,0,0,,,,0,,,17.0,1e+20,17,0.0058,0.0003,0.0,0.0022,0.0,0.0,,0.0014,0.0097
miconic-s6-0,0,True,5,23,23,69,19,63,19,0,0,,,,0,,,18.0,1e+20,18,0.006,0.0002,0.0,0.0034,0.0,0.0,,0.002,0.0115
miconic-s6-1,0,True,4,23,23,69,17,63,17,0,0,,,,0,,,19.0,1e+20,19,0.0059,0.0002,0.0,0.0017,0.0,0.0,,0.0015,0.0093
miconic-s6-2,0,True,4,23,23,69,17,63,17,0,0,,,,0,,,19.0,1e+20,19,0.0071,0.0002,0.0,0.0097,0.0,0.0,,0.0021,0.0192
miconic-s6-3,0,True,5,23,23,69,18,62,18,0,0,,,,0,,,18.0,1e+20,18,0.0051,0.0002,0.0,0.0014,0.0,0.0,,0.0016,0.0083
miconic-s6-4,0,True,3,23,23,69,17,63,17,0,0,,,,0,,,20.0,1e+20,20,0.0286,0.0002,0.0,0.0047,0.0,0.0,,0.0023,0.0358
miconic-s7-0,0,True,4,27,27,81,23,75,23,0,0,,,,0,,,23.0,1e+20,23,0.0119,0.0003,0.0,0.0023,0.0,0.0,,0.0027,0.0172
miconic-s7-1,0,True,3,27,27,81,21,75,21,0,0,,,,0,,,24.0,1e+20,24,0.0049,0.0003,0.0,0.0026,0.0,0.0,,0.0019,0.0097
miconic-s7-2,0,True,5,27,27,81,21,74,21,0,0,,,,0,,,22.0,1e+20,22,0.0053,0.0003,0.0,0.0014,0.0,0.0,,0.0015,0.0086
miconic-s7-3,0,True,5,27,27,81,19,73,19,0,0,,,,0,,,22.0,1e+20,22,0.0103,0.0003,0.0,0.0126,0.0,0.0,,0.0037,0.027
miconic-s7-4,0,True,2,27,27,81,21,74,21,0,0,,,,0,,,25.0,1e+20,25,0.0055,0.0003,0.0,0.0017,0.0,0.0,,0.0015,0.009
miconic-s8-0,0,True,4,31,31,93,25,86,25,0,0,,,,0,,,27.0,1e+20,27,0.0054,0.0003,0.0,0.0032,0.0,0.0,,0.0015,0.0105
miconic-s8-1,0,True,5,31,31,93,23,85,23,0,0,,,,0,,,26.0,1e+20,26,0.0252,0.0004,0.0,0.002,0.0,0.0,,0.0015,0.0292
miconic-s8-2,0,True,6,31,31,93,23,85,23,0,0,,,,0,,,25.0,1e+20,25,0.0117,0.0004,0.0,0.0039,0.0,0.0,,0.0018,0.0178
miconic-s8-3,0,True,4,31,31,93,22,84,22,0,0,,,,0,,,27.0,1e+20,27,0.0243,0.0003,0.0,0.0029,0.0,0.0,,0.002,0.0295
miconic-s8-4,0,True,5,31,31,93,23,85,23,0,0,,,,0,,,26.0,1e+20,26,0.0143,0.0003,0.0,0.002,0.0,0.0,,0.0025,0.0191
miconic-s9-0,0,True,5,35,35,105,27,96,27,0,0,,,,0,,,30.0,1e+20,30,0.0056,0.0005,0.0,0.0017,0.0,0.0,,0.0018,0.0096
miconic-s9-1,0,True,6,35,35,105,25,95,25,0,0,,,,0,,,29.0,1e+20,29,0.0073,0.0005,0.0,0.0041,0.0,0.0,,0.0023,0.0142
miconic-s9-2,0,True,6,35,35,105,25,95,25,0,0,,,,0,,,29.0,1e+20,29,0.0059,0.0005,0.0,0.002,0.0,0.0,,0.0015,0.0099
miconic-s9-3,0,True,4,35,35,105,26,96,26,0,0,,,,0,,,31.0,1e+20,31,0.3631,0.0005,0.0,0.0018,0.0,0.0,,0.0015,0.3669
miconic-s9-4,0,True,8,35,35,105,26,95,26,0,0,,,,0,,,27.0,1e+20,27,0.0074,0.0005,0.0,0.0063,0.0,0.0,,0.0018,0.016
movie-prob01,0,True,0,5,7,21,0,14,0,0,0,,,,0,,,7.0,1e+20,7,0.0046,0.0,0.0,0.0026,0.0,0.0,,0.0013,0.0086
movie-prob02,0,True,0,5,7,21,0,14,0,0,0,,,,0,,,7.0,1e+20,7,0.0369,0.0,0.0,0.0032,0.0,0.0,,0.0013,0.0415
movie-prob03,0,True,0,5,7,21,0,14,0,0,0,,,,0,,,7.0,1e+20,7,0.0062,0.0,0.0,0.0014,0.0,0.0,,0.0016,0.0093
movie-prob04,0,True,0,5,7,21,0,14,0,0,0,,,,0,,,7.0,1e+20,7,0.0054,0.0,0.0,0.0016,0.0,0.0,,0.0014,0.0085
movie-prob05,0,True,0,5,7,21,0,14,0,0,0,,,,0,,,7.0,1e+20,7,0.0049,0.0,0.0,0.0014,0.0,0.0,,0.0013,0.0077
movie-prob06,0,True,0,5,7,21,0,14,0,0,0,,,,0,,,7.0,1e+20,7,0.0239,0.0,0.0,0.0017,0.0,0.0,,0.0013,0.027
movie-prob07,0,True,0,5,7,21,0,14,0,0,0,,,,0,,,7.0,1e+20,7,0.0096,0.0,0.0,0.0039,0.0,0.0,,0.0019,0.0154
movie-prob08,0,True,0,5,7,21,0,14,0,0,0,,,,0,,,7.0,1e+20,7,0.0097,0.0,0.0,0.0038,0.0,0.0,,0.0019,0.0155
movie-prob09,0,True,0,5,7,21,0,14,0,0,0,,,,0,,,7.0,1e+20,7,0.0063,0.0001,0.0,0.0019,0.0,0.0,,0.0013,0.0096
movie-prob10,0,True,0,5,7,21,0,14,0,0,0,,,,0,,,7.0,1e+20,7,0.0051,0.0001,0.0,0.0016,0.0,0.0,,0.0014,0.0083
movie-prob11,0,True,0,5,7,21,0,14,0,0,0,,,,0,,,7.0,1e+20,7,0.0054,0.0001,0.0,0.0015,0.0,0.0,,0.0014,0.0084
movie-prob12,0,True,0,5,7,21,0,14,0,0,0,,,,0,,,7.0,1e+20,7,0.0145,0.0001,0.0,0.0039,0.0,0.0,,0.0019,0.0205
movie-prob13,0,True,0,5,7,21,0,14,0,0,0,,,,0,,,7.0,1e+20,7,0.0079,0.0001,0.0,0.0039,0.0,0.0,,0.0019,0.0138
movie-prob14,0,True,0,5,7,21,0,14,0,0,0,,,,0,,,7.0,1e+20,7,0.0051,0.0001,0.0,0.0013,0.0,0.0,,0.0012,0.0077
movie-prob15,0,True,0,5,7,21,0,14,0,0,0,,,,0,,,7.0,1e+20,7,0.011,0.0001,0.0,0.0051,0.0,0.0,,0.0015,0.0177
movie-prob16,0,True,0,5,7,21,0,14,0,0,0,,,,0,,,7.0,1e+20,7,0.0055,0.0001,0.0,0.0015,0.0,0.0,,0.0013,0.0085
movie-prob17,0,True,0,5,7,21,0,14,0,0,0,,,,0,,,7.0,1e+20,7,0.0258,0.0001,0.0,0.0019,0.0,0.0,,0.0014,0.0292
movie-prob18,0,True,0,5,7,21,0,14,0,0,0,,,,0,,,7.0,1e+20,7,0.0046,0.0001,0.0,0.0019,0.0,0.0,,0.0013,0.0078
movie-prob19,0,True,0,5,7,21,0,14,0,0,0,,,,0,,,7.0,1e+20,7,0.0261,0.0001,0.0,0.0023,0.0,0.0,,0.0015,0.03
movie-prob20,0,True,0,5,7,21,0,14,0,0,0,,,,0,,,7.0,1e+20,7,0.0051,0.0001,0.0,0.0014,0.0,0.0,,0.0013,0.0079
movie-prob21,0,True,0,5,7,21,0,14,0,0,0,,,,0,,,7.0,1e+20,7,0.0059,0.0001,0.0,0.0015,0.0,0.0,,0.0013,0.0087
movie-prob22,0,True,0,5,7,21,0,14,0,0,0,,,,0,,,7.0,1e+20,7,0.0073,0.0001,0.0,0.0063,0.0,0.0,,0.002,0.0157
movie-prob23,0,True,0,5,7,21,0,14,0,0,0,,,,0,,,7.0,1e+20,7,0.0188,0.0001,0.0,0.0034,0.0,0.0,,0.0018,0.0241
movie-prob24,0,True,0,5,7,21,0,14,0,0,0,,,,0,,,7.0,1e+20,7,0.0053,0.0001,0.0,0.0018,0.0,0.0,,0.0014,0.0086
movie-prob25,0,True,0,5,7,21,0,14,0,0,0,,,,0,,,7.0,1e+20,7,0.0063,0.0001,0.0,0.0044,0.0,0.0,,0.0015,0.0123
movie-prob26,0,True,0,5,7,21,0,14,0,0,0,,,,0,,,7.0,1e+20,7,0.0142,0.0001,0.0,0.0055,0.0,0.0,,0.0023,0.022
movie-prob27,0,True,0,5,7,21,0,14,0,0,0,,,,0,,,7.0,1e+20,7,0.0058,0.0001,0.0,0.0016,0.0,0.0,,0.0014,0.0088
movie-prob28,0,True,0,5,7,21,0,14,0,0,0,,,,0,,,7.0,1e+20,7,0.0116,0.0002,0.0,0.0069,0.0,0.0,,0.0022,0.0211
movie-prob29,0,True,0,5,7,21,0,14,0,0,0,,,,0,,,7.0,1e+20,7,0.0058,0.0001,0.0,0.0018,0.0,0.0,,0.0013,0.0091
movie-prob30,0,True,0,5,7,21,0,14,0,0,0,,,,0,,,7.0,1e+20,7,0.0255,0.0001,0.0,0.0021,0.0,0.0,,0.0013,0.029
mprime-prob01,0,True,58,262,509,833,611,982,3280,0,0,,,,0,,,5.0,1e+20,5,0.0267,0.0029,0.0,0.0193,0.0,0.0,,0.085,0.1341
mprime-prob02,0,True,262,1900,3671,5835,7086,7348,55059,0,0,,,,0,,,7.0,1e+20,7,0.0262,0.0388,0.0,0.0337,0.0,0.0,,0.6795,0.7784
mprime-prob03,0,True,203,1310,2378,3892,5287,5116,39041,0,0,,,,0,,,4.0,1e+20,4,0.0193,0.0221,0.0,0.0233,0.0,0.0,,0.3617,0.4266
mprime-prob04,0,True,45,307,611,971,531,1062,2457,0,0,,,,0,,,7.0,1e+20,7,0.0114,0.0033,0.0,0.0047,0.0,0.0,,0.0691,0.0886
mprime-prob05,0,True,227,1441,2767,4437,5415,5687,35267,0,0,,,,0,,,8.0,1e+20,8,0.0208,0.0253,0.0,0.0219,0.0,0.0,,0.51,0.5782
mprime-prob06,0,True,604,9282,17565,27453,39833,35014,638159,0,0,,,,3503,,,11.0,1e+20,11,0.1663,0.4883,0.0,0.3714,0.0,0.0,,149.4825,150.5117
mprime-prob07,0,True,313,993,1537,2844,3180,4388,10281,0,0,,,,0,,,5.0,1e+20,5,0.0159,0.0171,0.0,0.0096,0.0,0.0,,0.2298,0.2727
mprime-prob08,0,True,381,3609,6898,10889,13868,13989,144327,0,0,,,,0,,,5.0,1e+20,5,0.0828,0.1153,0.0,0.0868,0.0,0.0,,2.3876,2.6733
mprime-prob09,0,True,192,1199,2297,3690,3940,4667,22842,0,0,,,,0,,,8.0,1e+20,8,0.0181,0.0202,0.0,0.0161,0.0,0.0,,0.3367,0.3913
mprime-prob10,0,True,1336,22461,42785,66583,141691,86844,2935796,0,0,,,,123,,,7.0,1e+20,7,0.5755,2.3887,0.0,1.862,0.0,0.0,,87.1734,92.0061
mprime-prob11,0,True,106,366,675,1154,717,1367,2697,0,0,,,,0,,,7.0,1e+20,7,0.0161,0.0064,0.0,0.0057,0.0,0.0,,0.0766,0.1049
mprime-prob12,0,True,116,682,1336,2135,1883,2633,9353,0,0,,,,0,,,5.0,1e+20,5,0.0359,0.0108,0.0,0.0082,0.0,0.0,,0.2085,0.2636
mprime-prob13,0,True,1520,23996,45010,70528,102062,93037,1471382,0,0,,,,176,,,11.0,1e+20,11,0.6059,2.6202,0.0,1.0616,0.0,0.0,,90.7845,95.0759
mprime-prob14,0,True,1586,30314,57079,88981,152363,116508,3188593,0,0,,,,343,,,9.0,1e+20,9,0.8066,4.1266,0.0,1.9103,0.0,0.0,,137.6204,144.4683
mprime-prob15,0,True,729,14739,28431,43900,61070,55606,1188570,0,0,,,,163,,,6.0,1e+20,6,0.33,1.3061,0.0,0.9437,0.0,0.0,,49.7429,52.3256
mprime-prob16,0,True,297,2910,5591,8800,13029,11233,136240,0,0,,,,0,,,5.0,1e+20,5,0.0391,0.0817,0.0,0.0764,0.0,0.0,,1.0664,1.264
mprime-prob17,0,True,721,11447,21370,33539,77350,43315,1653846,0,0,,,,0,,,4.0,1e+20,4,0.1931,0.6004,0.0,0.9148,0.0,0.0,,11.3194,13.0306
mprime-prob18,2,True,573,9429,18224,28227,33079,35374,446340,0,0,,,,6286,,,6.75,1e+20,14,0.1956,0.6361,0.0,0.2561,0.0,0.0,,899.0008,900.0908
mprime-prob19,0,True,518,6506,12364,19389,35371,25217,547925,0,0,,,,0,,,5.0,1e+20,5,0.1035,0.3083,0.0,0.3055,0.0,0.0,,9.5361,10.2545
mprime-prob20,0,True,529,13079,26055,39664,53313,48676,1409866,0,0,,,,515,,,7.0,1e+20,7,0.265,0.8784,0.0,0.6998,0.0,0.0,,151.0182,152.8644
mprime-prob21,0,True,685,7643,14484,22813,31815,29895,348786,0,0,,,,0,,,4.0,1e+20,4,0.1371,0.3589,0.0,0.2152,0.0,0.0,,2.8051,3.518
mprime-prob22,2,True,1120,22024,42862,66007,164869,85330,3782421,0,0,,,,2524,,,5.0,1e+20,9,0.4964,2.1013,0.0,2.2493,0.0,0.0,,895.3112,900.1645
mprime-prob23,0,True,641,8651,16978,26271,42219,33480,606450,0,0,,,,372,,,8.0,1e+20,8,0.1601,0.5022,0.0,0.3407,0.0,0.0,,38.6843,39.6898
mprime-prob24,0,True,814,8851,17165,26831,23823,34065,239878,0,0,,,,11,,,6.0,1e+20,6,0.4526,0.7529,0.0,0.1567,0.0,0.0,,13.4776,14.8436
mprime-prob25,0,True,41,149,292,483,370,574,1239,0,0,,,,0,,,4.0,1e+20,4,0.0067,0.001,0.0,0.0033,0.0,0.0,,0.0361,0.0472
mprime-prob26,0,True,193,1673,3280,5147,5687,6325,45712,0,0,,,,59,,,6.0,1e+20,6,0.2205,0.036,0.0,0.0323,0.0,0.0,,1.7195,2.0087
mprime-prob27,0,True,163,2019,3999,6183,5581,7613,69160,0,0,,,,0,,,5.0,1e+20,5,0.0318,0.0421,0.0,0.0342,0.0,0.0,,1.0549,1.1633
mprime-prob28,0,True,68,287,546,909,650,1129,3449,0,0,,,,0,,,7.0,1e+20,7,0.0127,0.0036,0.0,0.0048,0.0,0.0,,0.1283,0.1494
mprime-prob29,0,True,182,1503,2850,4536,4466,5609,42204,0,0,,,,0,,,4.0,1e+20,4,0.0242,0.0312,0.0,0.0246,0.0,0.0,,0.7865,0.8668
mprime-prob30,0,True,348,7304,14354,22008,24425,27235,509430,0,0,,,,0,,,8.0,1e+20,8,0.1292,0.3243,0.0,0.2562,0.0,0.0,,19.5779,20.2893
mprime-prob31,0,True,305,2896,5522,8724,12154,11463,116118,0,0,,,,0,,,4.0,1e+20,4,0.0357,0.0664,0.0,0.0658,0.0,0.0,,1.0542,1.2225
mprime-prob32,0,True,186,858,1592,2637,2067,3407,9173,0,0,,,,0,,,5.0,1e+20,5,0.0323,0.0114,0.0,0.0084,0.0,0.0,,0.1937,0.246
mprime-prob33,0,True,818,8438,16358,25616,31533,33166,311987,0,0,,,,239,,,8.0,1e+20,8,0.1755,0.4907,0.0,0.2106,0.0,0.0,,12.1818,13.0612
mprime-prob34,0,True,329,2977,5458,8765,12665,11351,127235,0,0,,,,0,,,4.0,1e+20,4,0.0423,0.0583,0.0,0.0724,0.0,0.0,,0.8781,1.0514
mprime-prob35,0,True,79,370,710,1160,1083,1431,4761,0,0,,,,0,,,4.0,1e+20,4,0.0091,0.0039,0.0,0.0048,0.0,0.0,,0.1137,0.1316
mystery-prob01,0,True,36,49,81,171,104,225,155,0,0,,,,0,,,5.0,1e+20,5,0.0066,0.0004,0.0,0.0029,0.0,0.0,,0.0132,0.0231
mystery-prob02,0,True,248,1740,3351,5341,6577,6823,49611,0,0,,,,0,,,7.0,1e+20,7,0.0294,0.0319,0.0,0.0322,0.0,0.0,,0.5723,0.6661
mystery-prob03,0,True,174,959,1668,2802,3606,3952,18959,0,0,,,,0,,,4.0,1e+20,4,0.0199,0.0107,0.0,0.0142,0.0,0.0,,0.1753,0.2201
mystery-prob04,0,True,15,47,91,164,74,184,195,0,0,,,,0,,,7.0,1e+20,7,0.0062,0.0004,0.0,0.0017,0.0,0.0,,0.0108,0.0192
mystery-prob05,0,True,182,1007,1902,3096,2991,4011,14516,0,0,,,,0,,,8.0,1e+20,8,0.0172,0.0128,0.0,0.0123,0.0,0.0,,0.2322,0.2746
mystery-prob06,0,True,463,5568,10140,16173,26225,21697,340774,0,0,,,,1834,,,11.0,1e+20,11,0.0671,0.1673,0.0,0.2068,0.0,0.0,,41.2315,41.6736
mystery-prob07,1,True,0,0,0,0,0,0,0,0,0,,,,0,,,1e+20,1e+20,1e+20,0.0049,0.0,0.0,0.0,0.0,0.0,,0.0,0.0049
mystery-prob08,0,True,211,1471,2671,4356,4429,5939,26625,0,0,,,,0,,,5.0,1e+20,5,0.0198,0.0221,0.0,0.0178,0.0,0.0,,0.4416,0.5016
mystery-prob09,0,True,170,996,1887,3055,3479,3918,17495,0,0,,,,0,,,8.0,1e+20,8,0.0153,0.0138,0.0,0.0127,0.0,0.0,,0.2739,0.316
mystery-prob10,0,True,1211,17887,34288,53387,86621,70443,1204806,0,0,,,,47,,,7.0,1e+20,7,0.4128,1.6279,0.0,0.7915,0.0,0.0,,35.3624,38.1991
mystery-prob11,0,True,78,105,153,344,241,479,347,0,0,,,,0,,,7.0,1e+20,7,0.0106,0.0013,0.0,0.01,0.0,0.0,,0.0147,0.0367
mystery-prob12,0,True,67,249,461,778,768,1019,2745,0,0,,,,0,,,5.0,1e+20,5,0.0108,0.0018,0.0,0.0132,0.0,0.0,,0.0568,0.0826
mystery-prob13,0,True,1281,9231,16892,27409,29722,36421,242697,0,0,,,,0,,,11.0,1e+20,11,0.2178,0.6895,0.0,0.2096,0.0,0.0,,3.6929,4.8117
mystery-prob14,0,True,1449,25249,46931,73633,112005,97783,1718100,0,0,,,,0,,,9.0,1e+20,9,0.5979,2.7175,0.0,1.1795,0.0,0.0,,29.4141,33.9123
mystery-prob15,0,True,611,9343,17611,27566,55287,36189,1071464,0,0,,,,258,,,6.0,1e+20,6,0.1174,0.4325,0.0,0.5727,0.0,0.0,,29.0013,30.1257
mystery-prob16,0,True,190,1012,1892,3102,3650,4077,21516,0,0,,,,0,,,5.0,1e+20,5,0.0177,0.0166,0.0,0.0172,0.0,0.0,,0.2667,0.3185
mystery-prob17,0,True,639,8735,16250,25625,50695,33839,781642,0,0,,,,0,,,4.0,1e+20,4,0.1253,0.3896,0.0,0.463,0.0,0.0,,5.0534,6.033
mystery-prob18,1,True,0,0,0,0,0,0,0,0,0,,,,0,,,1e+20,1e+20,1e+20,0.6539,0.0,0.0,0.0,0.0,0.0,,0.0,0.6539
mystery-prob19,0,True,394,3412,6259,10066,13445,13361,113317,0,0,,,,24,,,5.0,1e+20,5,0.0422,0.0864,0.0,0.0705,0.0,0.0,,2.5853,2.7847
mystery-prob20,0,True,395,3972,7941,12309,23201,15628,315772,0,0,,,,415,,,7.0,1e+20,7,0.0435,0.1264,0.0,0.1723,0.0,0.0,,20.3925,20.7351
mystery-prob21,0,True,545,2102,4062,6710,6465,8752,35022,0,0,,,,0,,,4.0,1e+20,4,0.0473,0.086,0.0,0.0295,0.0,0.0,,0.3534,0.5167
mystery-prob22,0,True,828,9300,17986,28117,49186,36926,648562,0,0,,,,79,,,10.0,1e+20,10,0.1674,0.5836,0.0,0.3974,0.0,0.0,,13.6667,14.8173
mystery-prob23,0,True,517,3609,7080,11210,13187,14699,87323,0,0,,,,73,,,11.0,1e+20,11,0.0787,0.1385,0.0,0.061,0.0,0.0,,2.3043,2.5828
mystery-prob24,0,True,636,777,1220,2649,1955,3683,3316,0,0,,,,0,,,10.0,1e+20,10,0.0419,0.0658,0.0,0.0132,0.0,0.0,,0.0501,0.1715
mystery-prob25,0,True,28,80,154,263,191,329,550,0,0,,,,0,,,4.0,1e+20,4,0.0056,0.0004,0.0,0.0029,0.0,0.0,,0.0229,0.0319
mystery-prob26,0,True,133,758,1446,2338,2564,3028,13655,0,0,,,,0,,,6.0,1e+20,6,0.0163,0.009,0.0,0.0117,0.0,0.0,,0.2796,0.3168
mystery-prob27,0,True,124,666,1293,2085,1696,2584,7929,0,0,,,,0,,,5.0,1e+20,5,0.0106,0.0068,0.0,0.0063,0.0,0.0,,0.1201,0.1439
mystery-prob28,0,True,51,75,122,257,163,344,272,0,0,,,,0,,,7.0,1e+20,7,0.0122,0.0007,0.0,0.0042,0.0,0.0,,0.0136,0.0307
mystery-prob29,0,True,147,681,1208,2037,1658,2653,7548,0,0,,,,0,,,4.0,1e+20,4,0.0137,0.0068,0.0,0.0097,0.0,0.0,,0.1356,0.1659
mystery-prob30,0,True,274,2422,4583,7281,7975,9244,61878,0,0,,,,0,,,8.0,1e+20,8,0.0275,0.0501,0.0,0.043,0.0,0.0,,1.7096,1.8305
nomystery-opt11-strips-p01,0,True,33,170,316,531,325,639,1041,0,0,,,,0,,,9.0,1e+20,9,0.0059,0.0009,0.0,0.0025,0.0,0.0,,0.039,0.0484
nomystery-opt11-strips-p02,0,True,93,816,1574,2498,1498,2767,8799,0,0,,,,0,,,11.0,1e+20,11,0.0269,0.006,0.0,0.0071,0.0,0.0,,0.3041,0.3442
nomystery-opt11-strips-p03,0,True,55,503,993,1569,876,1811,4277,0,0,,,,0,,,13.0,1e+20,13,0.0216,0.0033,0.0,0.0059,0.0,0.0,,0.139,0.1698
nomystery-opt11-strips-p04,0,True,92,1284,2549,3947,1743,4270,11714,0,0,,,,0,,,16.0,1e+20,16,0.0257,0.0089,0.0,0.0126,0.0,0.0,,0.4334,0.4808
nomystery-opt11-strips-p05,0,True,169,2884,5758,8838,5676,9396,55422,0,0,,,,0,,,20.0,1e+20,20,0.0263,0.0293,0.0,0.0365,0.0,0.0,,2.3236,2.416
nomystery-opt11-strips-p06,0,True,232,4595,9050,13908,10642,14883,132410,0,0,,,,0,,,23.0,1e+20,23,0.0406,0.0646,0.0,0.0811,0.0,0.0,,5.3969,5.5836
nomystery-opt11-strips-p07,0,True,195,4204,8225,12661,5712,13874,50886,0,0,,,,0,,,27.0,1e+20,27,0.0513,0.0511,0.0,0.0308,0.0,0.0,,4.2255,4.359
nomystery-opt11-strips-p08,0,True,225,5925,11849,18038,9335,18379,110311,0,0,,,,0,,,29.0,1e+20,29,0.0411,0.0762,0.0,0.0645,0.0,0.0,,4.7853,4.9674
nomystery-opt11-strips-p09,0,True,252,7590,15178,23061,9285,23918,104210,0,0,,,,0,,,31.0,1e+20,31,0.0511,0.1104,0.0,0.0631,0.0,0.0,,6.7526,6.978
nomystery-opt11-strips-p10,0,True,180,5997,11994,18216,7046,18574,87556,0,0,,,,0,,,33.0,1e+20,33,0.0403,0.067,0.0,0.0528,0.0,0.0,,6.8797,7.0401
nomystery-opt11-strips-p11,0,True,23,96,175,306,205,376,520,0,0,,,,0,,,9.0,1e+20,9,0.0059,0.0005,0.0,0.0021,0.0,0.0,,0.022,0.0306
nomystery-opt11-strips-p12,0,True,65,485,913,1478,960,1686,4761,0,0,,,,0,,,11.0,1e+20,11,0.2558,0.0033,0.0,0.0049,0.0,0.0,,0.1292,0.3932
nomystery-opt11-strips-p13,0,True,39,295,577,929,621,1091,2644,0,0,,,,0,,,13.0,1e+20,13,0.0168,0.0017,0.0,0.005,0.0,0.0,,0.0857,0.1093
nomystery-opt11-strips-p14,0,True,65,825,1631,2543,1229,2785,7932,0,0,,,,0,,,16.0,1e+20,16,0.0099,0.0055,0.0,0.0067,0.0,0.0,,0.2809,0.303
nomystery-opt11-strips-p15,0,True,121,1972,3934,6054,3272,6468,28387,0,0,,,,0,,,20.0,1e+20,20,0.0841,0.0173,0.0,0.0465,0.0,0.0,,0.8068,0.9548
nomystery-opt11-strips-p16,0,True,168,3215,6312,9726,5084,10439,48546,0,0,,,,0,,,23.0,1e+20,23,0.0243,0.037,0.0,0.0303,0.0,0.0,,2.5094,2.6013
nomystery-opt11-strips-p17,0,True,142,2985,5840,9004,4695,9899,44850,0,0,,,,0,,,27.0,1e+20,27,0.0233,0.0304,0.0,0.0285,0.0,0.0,,1.4523,1.5348
nomystery-opt11-strips-p18,0,True,165,4245,8489,12938,6142,13219,67015,0,0,,,,0,,,29.0,1e+20,29,0.0326,0.0455,0.0,0.0403,0.0,0.0,,5.3181,5.4369
nomystery-opt11-strips-p19,0,True,184,5414,10826,16465,6524,17118,70565,0,0,,,,0,,,31.0,1e+20,31,0.0469,0.0632,0.0,0.0476,0.0,0.0,,14.0892,14.2471
nomystery-opt11-strips-p20,0,True,132,4269,8538,12984,5244,13294,64711,0,0,,,,0,,,33.0,1e+20,33,0.0347,0.0423,0.0,0.0404,0.0,0.0,,5.3401,5.4578
nomystery-sat11-strips-p01,0,True,78,816,1619,2535,1405,2898,7828,0,0,,,,0,,,16.0,1e+20,16,0.0152,0.0063,0.0,0.008,0.0,0.0,,0.2313,0.2609
nomystery-sat11-strips-p02,0,True,92,1285,2551,3953,1746,4277,11717,0,0,,,,0,,,18.0,1e+20,18,0.0161,0.0092,0.0,0.0089,0.0,0.0,,0.4339,0.4682
nomystery-sat11-strips-p03,0,True,169,2885,5760,8844,5679,9403,55425,0,0,,,,0,,,22.0,1e+20,22,0.0239,0.0308,0.0,0.0356,0.0,0.0,,2.3466,2.4371
nomystery-sat11-strips-p04,0,True,232,4596,9052,13914,10553,14890,124485,0,0,,,,0,,,25.0,1e+20,25,0.0366,0.0649,0.0,0.0805,0.0,0.0,,4.8442,5.0264
nomystery-sat11-strips-p05,0,True,221,4803,9397,14461,6812,15830,63884,0,0,,,,0,,,29.0,1e+20,29,0.0475,0.0653,0.0,0.0433,0.0,0.0,,2.1694,2.3258
nomystery-sat11-strips-p06,0,True,225,5926,11851,18044,9021,18386,100922,0,0,,,,0,,,31.0,1e+20,31,0.0428,0.0756,0.0,0.0616,0.0,0.0,,8.5491,8.7294
nomystery-sat11-strips-p07,0,True,251,7591,15180,23067,9289,23925,104214,0,0,,,,0,,,33.0,1e+20,33,0.0536,0.1116,0.0,0.0638,0.0,0.0,,23.2019,23.4315
nomystery-sat11-strips-p08,0,True,180,5998,11996,18222,7049,18581,87559,0,0,,,,0,,,35.0,1e+20,35,0.0408,0.0685,0.0,0.0519,0.0,0.0,,6.9072,7.0686
nomystery-sat11-strips-p09,0,True,306,10889,21777,33026,12396,33729,150798,0,0,,,,0,,,40.0,1e+20,40,0.089,0.1804,0.0,0.0987,0.0,0.0,,30.1139,30.4829
nomystery-sat11-strips-p10,0,True,242,8178,16126,24603,10706,26153,136910,0,0,,,,0,,,41.0,1e+20,41,0.0919,0.137,0.0,0.0842,0.0,0.0,,4.9676,5.2814
nomystery-sat11-strips-p11,0,True,55,517,1021,1615,880,1863,4211,0,0,,,,0,,,16.0,1e+20,16,0.0087,0.0035,0.0,0.0058,0.0,0.0,,0.1366,0.1546
nomystery-sat11-strips-p12,0,True,65,826,1633,2549,1234,2792,7937,0,0,,,,0,,,18.0,1e+20,18,0.0097,0.0054,0.0,0.0064,0.0,0.0,,0.3437,0.3653
nomystery-sat11-strips-p13,0,True,121,1973,3936,6060,3275,6475,28390,0,0,,,,0,,,22.0,1e+20,22,0.0187,0.0168,0.0,0.0218,0.0,0.0,,0.8111,0.8685
nomystery-sat11-strips-p14,0,True,168,3216,6314,9732,4681,10446,42538,0,0,,,,0,,,25.0,1e+20,25,0.0238,0.0361,0.0,0.026,0.0,0.0,,1.6402,1.7264
nomystery-sat11-strips-p15,0,True,161,3423,6697,10321,4782,11330,43004,0,0,,,,0,,,29.0,1e+20,29,0.3568,0.0383,0.0,0.034,0.0,0.0,,1.3515,1.7809
nomystery-sat11-strips-p16,0,True,165,4246,8491,12944,6145,13226,67018,0,0,,,,0,,,31.0,1e+20,31,0.0316,0.0461,0.0,0.0381,0.0,0.0,,5.3286,5.4448
nomystery-sat11-strips-p17,0,True,183,5415,10828,16471,6525,17125,70566,0,0,,,,0,,,33.0,1e+20,33,0.0376,0.0641,0.0,0.0442,0.0,0.0,,4.9353,5.0816
nomystery-sat11-strips-p18,0,True,132,4270,8540,12990,5247,13301,64714,0,0,,,,0,,,35.0,1e+20,35,0.0284,0.0437,0.0,0.0364,0.0,0.0,,5.335,5.4438
nomystery-sat11-strips-p19,0,True,224,7855,15709,23842,9389,24381,118760,0,0,,,,0,,,40.0,1e+20,40,0.0603,0.1113,0.0,0.075,0.0,0.0,,10.0087,10.2559
nomystery-sat11-strips-p20,0,True,178,5874,11582,17691,7568,18857,90093,0,0,,,,0,,,41.0,1e+20,41,0.0482,0.0821,0.0,0.0554,0.0,0.0,,5.4785,5.6646
openstacks-opt08-strips-p01,0,False,4,35,55,110,92,163,198,0,0,,,,0,,,1.0,1e+20,1,0.0122,0.0001,0.0,0.0036,0.0,0.0,,0.0027,0.0186
openstacks-opt08-strips-p02,0,False,5,48,78,150,126,223,282,0,0,,,,0,,,1.0,1e+20,1,0.0417,0.0002,0.0,0.0085,0.0,0.0,,0.0036,0.054
openstacks-opt08-strips-p03,0,False,6,63,105,196,169,295,388,0,0,,,,0,,,1.0,1e+20,1,0.0056,0.0002,0.0,0.0021,0.0,0.0,,0.0031,0.011
openstacks-opt08-strips-p04,0,False,7,80,136,248,222,379,540,0,0,,,,0,,,1.0,1e+20,1,0.0071,0.0003,0.0,0.0034,0.0,0.0,,0.0038,0.0146
openstacks-opt08-strips-p05,0,False,8,99,171,306,282,477,725,0,0,,,,0,,,1.0,1e+20,1,0.0068,0.0004,0.0,0.0028,0.0,0.0,,0.004,0.014
openstacks-opt08-strips-p06,0,False,9,120,210,370,343,579,911,0,0,,,,0,,,1.0,1e+20,1,0.006,0.0005,0.0,0.0024,0.0,0.0,,0.005,0.0139
openstacks-opt08-strips-p07,0,False,10,143,253,440,415,693,1173,0,0,,,,0,,,1.0,1e+20,1,0.0325,0.0006,0.0,0.005,0.0,0.0,,0.0056,0.0438
openstacks-opt08-strips-p08,0,False,11,168,300,516,495,819,1442,0,0,,,,0,,,1.0,1e+20,1,0.0076,0.0007,0.0,0.0027,0.0,0.0,,0.0067,0.0177
openstacks-opt08-strips-p09,0,False,12,195,351,598,573,949,1609,0,0,,,,0,,,1.0,1e+20,1,0.0308,0.0009,0.0,0.0059,0.0,0.0,,0.0088,0.0464
openstacks-opt08-strips-p10,0,False,13,224,406,686,668,1095,2004,0,0,,,,0,,,1.0,1e+20,1,0.0158,0.0011,0.0,0.0064,0.0,0.0,,0.0101,0.0333
openstacks-opt08-strips-p11,0,False,14,255,465,780,753,1247,2207,0,0,,,,0,,,1.0,1e+20,1,0.0186,0.0013,0.0,0.0029,0.0,0.0,,0.0086,0.0314
openstacks-opt08-strips-p12,0,False,15,288,528,880,865,1409,2686,0,0,,,,0,,,1.0,1e+20,1,0.0262,0.0015,0.0,0.0038,0.0,0.0,,0.0102,0.0418
openstacks-opt08-strips-p13,0,False,16,323,595,986,976,1581,3100,0,0,,,,0,,,1.0,1e+20,1,0.0116,0.0018,0.0,0.0174,0.0,0.0,,0.0123,0.0431
openstacks-opt08-strips-p14,0,False,17,360,666,1098,1091,1769,3610,0,0,,,,0,,,1.0,1e+20,1,0.0078,0.002,0.0,0.0047,0.0,0.0,,0.0124,0.0269
openstacks-opt08-strips-p15,0,False,18,399,741,1216,1207,1957,3908,0,0,,,,0,,,1.0,1e+20,1,0.0083,0.0023,0.0,0.0044,0.0,0.0,,0.0131,0.0282
openstacks-opt08-strips-p16,0,False,19,440,820,1340,1341,2167,4573,0,0,,,,0,,,1.0,1e+20,1,0.0081,0.0026,0.0,0.0046,0.0,0.0,,0.0151,0.0304
openstacks-opt08-strips-p17,0,False,20,483,903,1470,1473,2379,5082,0,0,,,,0,,,1.0,1e+20,1,0.0084,0.003,0.0,0.0048,0.0,0.0,,0.0159,0.0322
openstacks-opt08-strips-p18,0,False,21,528,990,1606,1601,2605,5389,0,0,,,,0,,,1.0,1e+20,1,0.0156,0.0034,0.0,0.0094,0.0,0.0,,0.0211,0.0495
openstacks-opt08-strips-p19,0,False,22,575,1081,1748,1770,2835,6348,0,0,,,,0,,,1.0,1e+20,1,0.0084,0.0038,0.0,0.0059,0.0,0.0,,0.0201,0.0383
openstacks-opt08-strips-p20,0,False,23,624,1176,1896,1912,3077,6867,0,0,,,,0,,,1.0,1e+20,1,0.0096,0.0044,0.0,0.0069,0.0,0.0,,0.0251,0.0461
openstacks-opt08-strips-p21,0,False,24,675,1275,2050,2080,3327,7500,0,0,,,,0,,,1.0,1e+20,1,0.0099,0.0049,0.0,0.0063,0.0,0.0,,0.0245,0.0457
openstacks-opt08-strips-p22,0,False,25,728,1378,2210,2258,3613,8745,0,0,,,,0,,,1.0,1e+20,1,0.0103,0.0054,0.0,0.0068,0.0,0.0,,0.0268,0.0495
openstacks-opt08-strips-p23,0,False,26,783,1485,2376,2423,3873,9287,0,0,,,,0,,,1.0,1e+20,1,0.0119,0.0057,0.0,0.0069,0.0,0.0,,0.0307,0.0554
openstacks-opt08-strips-p24,0,False,27,840,1596,2548,2600,4153,9910,0,0,,,,0,,,1.0,1e+20,1,0.0145,0.0066,0.0,0.0079,0.0,0.0,,0.0312,0.0603
openstacks-opt08-strips-p25,0,False,28,899,1711,2726,2815,4455,11382,0,0,,,,0,,,1.0,1e+20,1,0.0134,0.0073,0.0,0.0081,0.0,0.0,,0.0343,0.0632
openstacks-opt08-strips-p26,0,False,29,960,1830,2910,2959,4749,11110,0,0,,,,0,,,1.0,1e+20,1,0.014,0.008,0.0,0.0084,0.0,0.0,,0.0348,0.0654
openstacks-opt08-strips-p27,0,False,30,1023,1953,3100,3197,5081,13210,0,0,,,,0,,,1.0,1e+20,1,0.0143,0.0084,0.0,0.0096,0.0,0.0,,0.0399,0.0723
openstacks-opt08-strips-p28,0,False,31,1088,2080,3296,3390,5389,13632,0,0,,,,0,,,1.0,1e+20,1,0.0234,0.0092,0.0,0.0119,0.0,0.0,,0.0451,0.0898
openstacks-opt08-strips-p29,0,False,32,1155,2211,3498,3585,5737,14398,0,0,,,,0,,,1.0,1e+20,1,0.0156,0.0104,0.0,0.0108,0.0,0.0,,0.0452,0.0822
openstacks-opt08-strips-p30,0,False,33,1224,2346,3706,3801,6065,15328,0,0,,,,0,,,1.0,1e+20,1,0.0227,0.0109,0.0,0.0104,0.0,0.0,,0.0485,0.0926
openstacks-opt11-strips-p01,0,False,9,120,210,370,343,579,911,0,0,,,,0,,,1.0,1e+20,1,0.0108,0.0005,0.0,0.0029,0.0,0.0,,0.0052,0.0195
openstacks-opt11-strips-p02,0,False,10,143,253,440,415,693,1173,0,0,,,,0,,,1.0,1e+20,1,0.0073,0.0006,0.0,0.0032,0.0,0.0,,0.0055,0.0166
openstacks-opt11-strips-p03,0,False,11,168,300,516,495,819,1442,0,0,,,,0,,,1.0,1e+20,1,0.0063,0.0008,0.0,0.0036,0.0,0.0,,0.0065,0.0172
openstacks-opt11-strips-p04,0,False,12,195,351,598,573,949,1609,0,0,,,,0,,,1.0,1e+20,1,0.0238,0.0009,0.0,0.0029,0.0,0.0,,0.0073,0.0349
openstacks-opt11-strips-p05,0,False,13,224,406,686,668,1095,2004,0,0,,,,0,,,1.0,1e+20,1,0.0161,0.0011,0.0,0.0095,0.0,0.0,,0.0097,0.0364
openstacks-opt11-strips-p06,0,False,14,255,465,780,753,1247,2207,0,0,,,,0,,,1.0,1e+20,1,0.0074,0.0013,0.0,0.0037,0.0,0.0,,0.0086,0.021
openstacks-opt11-strips-p07,0,False,15,288,528,880,865,1409,2686,0,0,,,,0,,,1.0,1e+20,1,0.0088,0.0015,0.0,0.0037,0.0,0.0,,0.0107,0.0247
openstacks-opt11-strips-p08,0,False,16,323,595,986,976,1581,3100,0,0,,,,0,,,1.0,1e+20,1,0.0075,0.0017,0.0,0.0039,0.0,0.0,,0.0119,0.025
openstacks-opt11-strips-p09,0,False,17,360,666,1098,1091,1769,3610,0,0,,,,0,,,1.0,1e+20,1,0.0074,0.002,0.0,0.0038,0.0,0.0,,0.0122,0.0255
openstacks-opt11-strips-p10,0,False,25,728,1378,2210,2258,3613,8745,0,0,,,,0,,,1.0,1e+20,1,0.0112,0.0054,0.0,0.0089,0.0,0.0,,0.0269,0.0526
openstacks-opt11-strips-p11,0,False,18,399,741,1216,1207,1957,3908,0,0,,,,0,,,1.0,1e+20,1,0.0083,0.0023,0.0,0.0049,0.0,0.0,,0.0136,0.0292
openstacks-opt11-strips-p12,0,False,19,440,820,1340,1341,2167,4573,0,0,,,,0,,,1.0,1e+20,1,0.0085,0.0027,0.0,0.0042,0.0,0.0,,0.0151,0.0305
openstacks-opt11-strips-p13,0,False,20,483,903,1470,1473,2379,5082,0,0,,,,0,,,1.0,1e+20,1,0.0088,0.0031,0.0,0.0056,0.0,0.0,,0.016,0.0336
openstacks-opt11-strips-p14,0,False,21,528,990,1606,1601,2605,5389,0,0,,,,0,,,1.0,1e+20,1,0.0099,0.0033,0.0,0.0061,0.0,0.0,,0.0205,0.0399
openstacks-opt11-strips-p15,0,False,22,575,1081,1748,1770,2835,6348,0,0,,,,0,,,1.0,1e+20,1,0.0261,0.0038,0.0,0.0058,0.0,0.0,,0.0201,0.0558
openstacks-opt11-strips-p16,0,False,24,675,1275,2050,2080,3327,7500,0,0,,,,0,,,1.0,1e+20,1,0.027,0.0049,0.0,0.0063,0.0,0.0,,0.0244,0.0625
openstacks-opt11-strips-p17,0,False,23,624,1176,1896,1912,3077,6867,0,0,,,,0,,,1.0,1e+20,1,0.01,0.0044,0.0,0.006,0.0,0.0,,0.0257,0.0462
openstacks-opt11-strips-p18,0,False,26,783,1485,2376,2423,3873,9287,0,0,,,,0,,,1.0,1e+20,1,0.0373,0.006,0.0,0.014,0.0,0.0,,0.031,0.0884
openstacks-opt11-strips-p19,0,False,27,840,1596,2548,2600,4153,9910,0,0,,,,0,,,1.0,1e+20,1,0.0159,0.0064,0.0,0.0078,0.0,0.0,,0.0309,0.0612
openstacks-opt11-strips-p20,0,False,28,899,1711,2726,2815,4455,11382,0,0,,,,0,,,1.0,1e+20,1,0.0149,0.0073,0.0,0.0124,0.0,0.0,,0.0342,0.0689
openstacks-opt14-strips-p20_1,0,False,19,440,820,1340,1338,2155,4398,0,0,,,,0,,,1.0,1e+20,1,0.0085,0.0026,0.0,0.0045,0.0,0.0,,0.0151,0.0309
openstacks-opt14-strips-p20_2,0,False,19,440,820,1340,1351,2163,4644,0,0,,,,0,,,1.0,1e+20,1,0.0079,0.0026,0.0,0.0047,0.0,0.0,,0.0158,0.031
openstacks-opt14-strips-p20_3,0,False,19,440,820,1340,1408,2209,5898,0,0,,,,0,,,1.0,1e+20,1,0.008,0.0027,0.0,0.0059,0.0,0.0,,0.0161,0.0328
openstacks-opt14-strips-p25_1,0,False,24,675,1275,2050,2052,3323,7018,0,0,,,,0,,,1.0,1e+20,1,0.0113,0.0049,0.0,0.0075,0.0,0.0,,0.0253,0.0491
openstacks-opt14-strips-p25_3,0,False,24,675,1275,2050,2173,3403,10142,0,0,,,,0,,,1.0,1e+20,1,0.0106,0.005,0.0,0.0088,0.0,0.0,,0.026,0.0506
openstacks-opt14-strips-p30_1,0,False,29,960,1830,2910,2959,4733,11007,0,0,,,,0,,,1.0,1e+20,1,0.0131,0.0079,0.0,0.008,0.0,0.0,,0.0344,0.0634
openstacks-opt14-strips-p30_2,0,False,29,960,1830,2910,2987,4743,11738,0,0,,,,0,,,1.0,1e+20,1,0.0161,0.0079,0.0,0.0207,0.0,0.0,,0.0389,0.0838
openstacks-opt14-strips-p30_3,0,False,29,960,1830,2910,3092,4865,15636,0,0,,,,0,,,1.0,1e+20,1,0.1681,0.0079,0.0,0.0507,0.0,0.0,,0.0495,0.2763
openstacks-opt14-strips-p35_1,0,False,34,1295,2485,3920,4048,6407,16932,0,0,,,,0,,,1.0,1e+20,1,0.0162,0.0118,0.0,0.0114,0.0,0.0,,0.0481,0.0877
openstacks-opt14-strips-p35_2,0,False,34,1295,2485,3920,4020,6415,16149,0,0,,,,0,,,1.0,1e+20,1,0.0224,0.0118,0.0,0.0155,0.0,0.0,,0.0469,0.0968
openstacks-opt14-strips-p35_3,0,False,34,1295,2485,3920,4210,6567,23483,0,0,,,,0,,,1.0,1e+20,1,0.0363,0.0127,0.0,0.0153,0.0,0.0,,0.0587,0.1232
openstacks-opt14-strips-p40_1,0,False,39,1680,3240,5080,5265,8319,22839,0,0,,,,0,,,1.0,1e+20,1,0.0263,0.0177,0.0,0.0207,0.0,0.0,,0.0708,0.1358
openstacks-opt14-strips-p40_2,0,False,39,1680,3240,5080,5257,8327,22751,0,0,,,,0,,,1.0,1e+20,1,0.0184,0.0177,0.0,0.0185,0.0,0.0,,0.0641,0.119
openstacks-opt14-strips-p40_3,0,False,39,1680,3240,5080,5490,8507,33089,0,0,,,,0,,,1.0,1e+20,1,0.0284,0.0186,0.0,0.0217,0.0,0.0,,0.0794,0.1483
openstacks-opt14-strips-p45_1,0,False,44,2115,4095,6390,6632,10481,30004,0,0,,,,0,,,1.0,1e+20,1,0.0412,0.0248,0.0,0.0186,0.0,0.0,,0.085,0.17
openstacks-opt14-strips-p45_2,0,False,44,2115,4095,6390,6605,10513,29522,0,0,,,,0,,,1.0,1e+20,1,0.0402,0.0248,0.0,0.0192,0.0,0.0,,0.0815,0.166
openstacks-opt14-strips-p45_3,0,False,44,2115,4095,6390,6987,10749,47041,0,0,,,,0,,,1.0,1e+20,1,0.029,0.0246,0.0,0.0271,0.0,0.0,,0.1035,0.1846
openstacks-opt14-strips-p50_1,0,False,49,2600,5050,7850,8196,12901,39738,0,0,,,,0,,,1.0,1e+20,1,0.0282,0.0324,0.0,0.0271,0.0,0.0,,0.1062,0.1943
openstacks-opt14-strips-p50_2,0,False,49,2600,5050,7850,8197,12929,40263,0,0,,,,0,,,1.0,1e+20,1,0.0282,0.0335,0.0,0.0266,0.0,0.0,,0.1039,0.1927
openstacks-opt14-strips-p50_3,0,False,49,2600,5050,7850,8503,13191,57262,0,0,,,,0,,,1.0,1e+20,1,0.0312,0.0325,0.0,0.0334,0.0,0.0,,0.1253,0.2227
openstacks-p01,-3,False,0,0,0,0,0,0,0,0,0,,,,0,,,0.0,1e+20,1e+20,0,0,0,0,0,0,,0,0
openstacks-p02,-3,False,0,0,0,0,0,0,0,0,0,,,,0,,,0.0,1e+20,1e+20,0,0,0,0,0,0,,0,0
openstacks-p03,-3,False,0,0,0,0,0,0,0,0,0,,,,0,,,0.0,1e+20,1e+20,0,0,0,0,0,0,,0,0
openstacks-p04,-3,False,0,0,0,0,0,0,0,0,0,,,,0,,,0.0,1e+20,1e+20,0,0,0,0,0,0,,0,0
openstacks-p05,-3,False,0,0,0,0,0,0,0,0,0,,,,0,,,0.0,1e+20,1e+20,0,0,0,0,0,0,,0,0
openstacks-p06,-3,False,0,0,0,0,0,0,0,0,0,,,,0,,,0.0,1e+20,1e+20,0,0,0,0,0,0,,0,0
openstacks-p07,-3,False,0,0,0,0,0,0,0,0,0,,,,0,,,0.0,1e+20,1e+20,0,0,0,0,0,0,,0,0
openstacks-p08,-3,False,0,0,0,0,0,0,0,0,0,,,,0,,,0.0,1e+20,1e+20,0,0,0,0,0,0,,0,0
openstacks-p09,-3,False,0,0,0,0,0,0,0,0,0,,,,0,,,0.0,1e+20,1e+20,0,0,0,0,0,0,,0,0
openstacks-p10,-3,False,0,0,0,0,0,0,0,0,0,,,,0,,,0.0,1e+20,1e+20,0,0,0,0,0,0,,0,0
openstacks-p11,-3,False,0,0,0,0,0,0,0,0,0,,,,0,,,0.0,1e+20,1e+20,0,0,0,0,0,0,,0,0
openstacks-p12,-3,False,0,0,0,0,0,0,0,0,0,,,,0,,,0.0,1e+20,1e+20,0,0,0,0,0,0,,0,0
openstacks-p13,-3,False,0,0,0,0,0,0,0,0,0,,,,0,,,0.0,1e+20,1e+20,0,0,0,0,0,0,,0,0
openstacks-p14,-3,False,0,0,0,0,0,0,0,0,0,,,,0,,,0.0,1e+20,1e+20,0,0,0,0,0,0,,0,0
openstacks-p15,-3,False,0,0,0,0,0,0,0,0,0,,,,0,,,0.0,1e+20,1e+20,0,0,0,0,0,0,,0,0
openstacks-p16,-3,False,0,0,0,0,0,0,0,0,0,,,,0,,,0.0,1e+20,1e+20,0,0,0,0,0,0,,0,0
openstacks-p17,-3,False,0,0,0,0,0,0,0,0,0,,,,0,,,0.0,1e+20,1e+20,0,0,0,0,0,0,,0,0
openstacks-p18,-3,False,0,0,0,0,0,0,0,0,0,,,,0,,,0.0,1e+20,1e+20,0,0,0,0,0,0,,0,0
openstacks-p19,-3,False,0,0,0,0,0,0,0,0,0,,,,0,,,0.0,1e+20,1e+20,0,0,0,0,0,0,,0,0
openstacks-p20,-3,False,0,0,0,0,0,0,0,0,0,,,,0,,,0.0,1e+20,1e+20,0,0,0,0,0,0,,0,0
openstacks-p21,-3,False,0,0,0,0,0,0,0,0,0,,,,0,,,0.0,1e+20,1e+20,0,0,0,0,0,0,,0,0
openstacks-p22,-3,False,0,0,0,0,0,0,0,0,0,,,,0,,,0.0,1e+20,1e+20,0,0,0,0,0,0,,0,0
openstacks-p23,-3,False,0,0,0,0,0,0,0,0,0,,,,0,,,0.0,1e+20,1e+20,0,0,0,0,0,0,,0,0
openstacks-p24,-3,False,0,0,0,0,0,0,0,0,0,,,,0,,,0.0,1e+20,1e+20,0,0,0,0,0,0,,0,0
openstacks-p25,-3,False,0,0,0,0,0,0,0,0,0,,,,0,,,0.0,1e+20,1e+20,0,0,0,0,0,0,,0,0
openstacks-p26,-3,False,0,0,0,0,0,0,0,0,0,,,,0,,,0.0,1e+20,1e+20,0,0,0,0,0,0,,0,0
openstacks-p27,-3,False,0,0,0,0,0,0,0,0,0,,,,0,,,0.0,1e+20,1e+20,0,0,0,0,0,0,,0,0
openstacks-p28,-3,False,0,0,0,0,0,0,0,0,0,,,,0,,,0.0,1e+20,1e+20,0,0,0,0,0,0,,0,0
openstacks-p29,-3,False,0,0,0,0,0,0,0,0,0,,,,0,,,0.0,1e+20,1e+20,0,0,0,0,0,0,,0,0
openstacks-p30,-3,False,0,0,0,0,0,0,0,0,0,,,,0,,,0.0,1e+20,1e+20,0,0,0,0,0,0,,0,0
openstacks-sat08-strips-p01,0,False,4,35,55,110,92,163,198,0,0,,,,0,,,1.0,1e+20,1,0.0114,0.0001,0.0,0.0058,0.0,0.0,,0.0043,0.0216
openstacks-sat08-strips-p02,0,False,4,35,55,110,92,163,200,0,0,,,,0,,,1.0,1e+20,1,0.0052,0.0001,0.0,0.0017,0.0,0.0,,0.0021,0.0091
openstacks-sat08-strips-p03,0,False,4,35,55,110,90,161,182,0,0,,,,0,,,1.0,1e+20,1,0.0226,0.0001,0.0,0.0016,0.0,0.0,,0.002,0.0263
openstacks-sat08-strips-p04,0,False,9,120,210,370,343,579,911,0,0,,,,0,,,1.0,1e+20,1,0.0058,0.0005,0.0,0.0026,0.0,0.0,,0.0053,0.0141
openstacks-sat08-strips-p05,0,False,9,120,210,370,345,577,916,0,0,,,,0,,,1.0,1e+20,1,0.0059,0.0005,0.0,0.0026,0.0,0.0,,0.0047,0.0137
openstacks-sat08-strips-p06,0,False,9,120,210,370,342,579,900,0,0,,,,0,,,1.0,1e+20,1,0.0069,0.0005,0.0,0.0062,0.0,0.0,,0.0067,0.0203
openstacks-sat08-strips-p07,0,False,14,255,465,780,753,1247,2207,0,0,,,,0,,,1.0,1e+20,1,0.0098,0.0013,0.0,0.0117,0.0,0.0,,0.0095,0.0324
openstacks-sat08-strips-p08,0,False,14,255,465,780,763,1243,2363,0,0,,,,0,,,1.0,1e+20,1,0.0106,0.0013,0.0,0.0071,0.0,0.0,,0.009,0.0281
openstacks-sat08-strips-p09,0,False,14,255,465,780,748,1243,2130,0,0,,,,0,,,1.0,1e+20,1,0.0084,0.0013,0.0,0.0063,0.0,0.0,,0.0086,0.0246
openstacks-sat08-strips-p10,0,False,19,440,820,1340,1341,2167,4573,0,0,,,,0,,,1.0,1e+20,1,0.449,0.0027,0.0,0.0816,0.0,0.0,,0.3027,0.8361
openstacks-sat08-strips-p11,0,False,19,440,820,1340,1349,2175,4728,0,0,,,,0,,,1.0,1e+20,1,0.0099,0.0027,0.0,0.0059,0.0,0.0,,0.0157,0.0343
openstacks-sat08-strips-p12,0,False,19,440,820,1340,1348,2167,4698,0,0,,,,0,,,1.0,1e+20,1,0.0165,0.0027,0.0,0.0075,0.0,0.0,,0.0164,0.0431
openstacks-sat08-strips-p13,0,False,29,960,1830,2910,2959,4749,11110,0,0,,,,0,,,1.0,1e+20,1,0.0139,0.008,0.0,0.0081,0.0,0.0,,0.0346,0.0647
openstacks-sat08-strips-p14,0,False,29,960,1830,2910,3008,4763,12325,0,0,,,,0,,,1.0,1e+20,1,0.0134,0.0076,0.0,0.0087,0.0,0.0,,0.0365,0.0664
openstacks-sat08-strips-p15,0,False,29,960,1830,2910,2957,4753,11281,0,0,,,,0,,,1.0,1e+20,1,0.0173,0.008,0.0,0.0098,0.0,0.0,,0.0345,0.0697
openstacks-sat08-strips-p16,0,False,39,1680,3240,5080,5307,8363,24872,0,0,,,,0,,,1.0,1e+20,1,0.0218,0.0179,0.0,0.0195,0.0,0.0,,0.0702,0.1296
openstacks-sat08-strips-p17,0,False,39,1680,3240,5080,5261,8349,23291,0,0,,,,0,,,1.0,1e+20,1,0.0354,0.0173,0.0,0.0161,0.0,0.0,,0.0644,0.1334
openstacks-sat08-strips-p18,0,False,39,1680,3240,5080,5271,8343,23598,0,0,,,,0,,,1.0,1e+20,1,0.0238,0.0172,0.0,0.0169,0.0,0.0,,0.0644,0.1226
openstacks-sat08-strips-p19,0,False,49,2600,5050,7850,8290,12967,44468,0,0,,,,0,,,1.0,1e+20,1,0.0297,0.033,0.0,0.0297,0.0,0.0,,0.112,0.2047
openstacks-sat08-strips-p20,0,False,49,2600,5050,7850,8295,12991,45133,0,0,,,,0,,,1.0,1e+20,1,0.0291,0.0331,0.0,0.0286,0.0,0.0,,0.1098,0.2009
openstacks-sat08-strips-p21,0,False,49,2600,5050,7850,8236,12951,41881,0,0,,,,0,,,1.0,1e+20,1,0.0302,0.0329,0.0,0.0295,0.0,0.0,,0.103,0.1959
openstacks-sat08-strips-p22,0,False,59,3720,7260,11220,11854,18605,69745,0,0,,,,0,,,1.0,1e+20,1,0.0398,0.0543,0.0,0.0424,0.0,0.0,,0.1637,0.3006
openstacks-sat08-strips-p23,0,False,59,3720,7260,11220,11841,18563,66952,0,0,,,,0,,,1.0,1e+20,1,0.0519,0.054,0.0,0.0426,0.0,0.0,,0.1607,0.3096
openstacks-sat08-strips-p24,0,False,59,3720,7260,11220,11829,18559,67144,0,0,,,,0,,,1.0,1e+20,1,0.0392,0.0541,0.0,0.043,0.0,0.0,,0.1577,0.2944
openstacks-sat08-strips-p25,0,False,79,6560,12880,19760,20962,32813,143039,0,0,,,,0,,,1.0,1e+20,1,0.0736,0.1289,0.0,0.0845,0.0,0.0,,0.329,0.6172
openstacks-sat08-strips-p26,0,False,79,6560,12880,19760,20962,32775,140353,0,0,,,,0,,,1.0,1e+20,1,0.0822,0.1237,0.0,0.0827,0.0,0.0,,0.3382,0.6281
openstacks-sat08-strips-p27,0,False,79,6560,12880,19760,21042,32801,145806,0,0,,,,0,,,1.0,1e+20,1,0.0725,0.1244,0.0,0.0838,0.0,0.0,,0.3417,0.6237
openstacks-sat08-strips-p28,0,False,99,10200,20100,30700,32733,51073,259158,0,0,,,,0,,,1.0,1e+20,1,0.1253,0.2455,0.0,0.1488,0.0,0.0,,0.5951,1.1167
openstacks-sat08-strips-p29,0,False,99,10200,20100,30700,32806,51079,266605,0,0,,,,0,,,1.0,1e+20,1,0.1248,0.2447,0.0,0.1514,0.0,0.0,,0.5978,1.1207
openstacks-sat08-strips-p30,0,False,99,10200,20100,30700,32726,51087,259345,0,0,,,,0,,,1.0,1e+20,1,0.1245,0.2462,0.0,0.1432,0.0,0.0,,0.6091,1.1251
openstacks-sat11-strips-p01,0,False,49,2600,5050,7850,8236,12951,41881,0,0,,,,0,,,1.0,1e+20,1,0.0336,0.0328,0.0,0.0299,0.0,0.0,,0.1043,0.201
openstacks-sat11-strips-p02,0,False,59,3720,7260,11220,11854,18605,69745,0,0,,,,0,,,1.0,1e+20,1,0.0412,0.0542,0.0,0.0431,0.0,0.0,,0.1645,0.3033
openstacks-sat11-strips-p03,0,False,59,3720,7260,11220,11829,18559,67144,0,0,,,,0,,,1.0,1e+20,1,0.0395,0.0543,0.0,0.0421,0.0,0.0,,0.159,0.2952
openstacks-sat11-strips-p04,0,False,79,6560,12880,19760,20962,32813,143039,0,0,,,,0,,,1.0,1e+20,1,0.0718,0.1291,0.0,0.0807,0.0,0.0,,0.3292,0.6121
openstacks-sat11-strips-p05,0,False,79,6560,12880,19760,20962,32775,140353,0,0,,,,0,,,1.0,1e+20,1,0.0721,0.1273,0.0,0.0831,0.0,0.0,,0.3324,0.6161
openstacks-sat11-strips-p06,0,False,79,6560,12880,19760,21042,32801,145806,0,0,,,,0,,,1.0,1e+20,1,0.0742,0.1266,0.0,0.0868,0.0,0.0,,0.3409,0.6297
openstacks-sat11-strips-p07,0,False,49,2600,5050,7850,8295,12991,45133,0,0,,,,0,,,1.0,1e+20,1,0.0319,0.033,0.0,0.0307,0.0,0.0,,0.1109,0.2069
openstacks-sat11-strips-p08,0,False,99,10200,20100,30700,32733,51073,259158,0,0,,,,0,,,1.0,1e+20,1,0.132,0.2456,0.0,0.1447,0.0,0.0,,0.5909,1.1152
openstacks-sat11-strips-p09,0,False,99,10200,20100,30700,32806,51079,266605,0,0,,,,0,,,1.0,1e+20,1,0.155,0.245,0.0,0.1534,0.0,0.0,,0.5974,1.1527
openstacks-sat11-strips-p10,0,False,99,10200,20100,30700,32726,51087,259345,0,0,,,,0,,,1.0,1e+20,1,0.1253,0.2461,0.0,0.1431,0.0,0.0,,0.6093,1.126
openstacks-sat11-strips-p11,0,False,129,17160,33930,51610,55067,85823,498839,0,0,,,,0,,,1.0,1e+20,1,0.2411,0.5572,0.0,0.2745,0.0,0.0,,1.1293,2.2059
openstacks-sat11-strips-p12,0,False,129,17160,33930,51610,57644,87209,829085,0,0,,,,0,,,1.0,1e+20,1,0.4945,0.5754,0.0,0.4438,0.0,0.0,,1.5135,3.0312
openstacks-sat11-strips-p13,0,False,159,25920,51360,77920,83136,129655,854511,0,0,,,,0,,,1.0,1e+20,1,0.4262,1.058,0.0,0.4869,0.0,0.0,,1.8948,3.8714
openstacks-sat11-strips-p14,0,False,159,25920,51360,77920,86916,131465,1439718,0,0,,,,0,,,1.0,1e+20,1,0.451,1.1436,0.0,0.7736,0.0,0.0,,2.5463,4.9203
openstacks-sat11-strips-p15,0,False,189,36480,72390,109630,117584,182729,1453322,0,0,,,,0,,,1.0,1e+20,1,0.6651,1.8483,0.0,0.8686,0.0,0.0,,3.1355,6.5264
openstacks-sat11-strips-p16,0,False,189,36480,72390,109630,122023,184887,2277792,0,0,,,,0,,,1.0,1e+20,1,0.7266,2.0112,0.0,1.2755,0.0,0.0,,4.0544,8.0766
openstacks-sat11-strips-p17,0,False,219,48840,97020,146740,157100,244739,2108042,0,0,,,,0,,,1.0,1e+20,1,1.0127,3.3769,0.0,1.2523,0.0,0.0,,4.6436,10.298
openstacks-sat11-strips-p18,0,False,219,48840,97020,146740,164608,247575,3628969,0,0,,,,0,,,1.0,1e+20,1,1.0772,3.5505,0.0,1.9317,0.0,0.0,,6.5539,13.1226
openstacks-sat11-strips-p19,0,False,249,63000,125250,189250,203785,315821,3235137,0,0,,,,0,,,1.0,1e+20,1,1.4106,5.2108,0.0,1.8835,0.0,0.0,,6.9439,15.4596
openstacks-sat11-strips-p20,0,False,249,63000,125250,189250,212457,319223,5205490,0,0,,,,0,,,1.0,1e+20,1,1.5343,4.5491,0.0,3.0153,0.0,0.0,,9.418,18.5286
openstacks-sat14-strips-p170_2,0,False,169,29240,57970,87890,94268,146415,1077949,0,0,,,,0,,,1.0,1e+20,1,0.4979,1.3203,0.0,0.6352,0.0,0.0,,2.356,4.8157
openstacks-sat14-strips-p170_3,0,False,169,29240,57970,87890,98194,148211,1719076,0,0,,,,0,,,1.0,1e+20,1,0.535,1.4061,0.0,0.9105,0.0,0.0,,3.0971,5.9533
openstacks-sat14-strips-p190_1,0,False,189,36480,72390,109630,117662,182513,1449587,0,0,,,,0,,,1.0,1e+20,1,0.6571,1.8518,0.0,0.8604,0.0,0.0,,3.1469,6.5246
openstacks-sat14-strips-p190_2,0,False,189,36480,72390,109630,117594,182759,1469881,0,0,,,,0,,,1.0,1e+20,1,0.668,1.8923,0.0,0.8687,0.0,0.0,,3.2103,6.6478
openstacks-sat14-strips-p190_3,0,False,189,36480,72390,109630,122446,184881,2332226,0,0,,,,0,,,1.0,1e+20,1,0.7206,1.9682,0.0,1.2026,0.0,0.0,,4.107,8.0042
openstacks-sat14-strips-p210_1,0,False,209,44520,88410,133770,143363,222733,1861052,0,0,,,,0,,,1.0,1e+20,1,0.88,2.6925,0.0,1.1053,0.0,0.0,,3.9718,8.6608
openstacks-sat14-strips-p210_2,0,False,209,44520,88410,133770,142845,222927,1789610,0,0,,,,0,,,1.0,1e+20,1,0.8755,2.741,0.0,1.0711,0.0,0.0,,4.0156,8.7147
openstacks-sat14-strips-p210_3,0,False,209,44520,88410,133770,149611,225659,3124415,0,0,,,,0,,,1.0,1e+20,1,0.9436,2.8616,0.0,1.6635,0.0,0.0,,5.7028,11.1832
openstacks-sat14-strips-p230_1,0,False,229,53360,106030,160310,171233,266897,2266172,0,0,,,,0,,,1.0,1e+20,1,1.0994,3.9024,0.0,1.3543,0.0,0.0,,5.0971,11.4674
openstacks-sat14-strips-p230_2,0,False,229,53360,106030,160310,171751,267405,2400768,0,0,,,,0,,,1.0,1e+20,1,1.117,3.9467,0.0,1.4327,0.0,0.0,,5.2559,11.7662
openstacks-sat14-strips-p230_3,0,False,229,53360,106030,160310,179766,270389,4082411,0,0,,,,0,,,1.0,1e+20,1,1.2253,4.0725,0.0,2.3251,0.0,0.0,,7.266,14.8986
openstacks-sat14-strips-p250_1,0,False,249,63000,125250,189250,202177,315303,2862114,0,0,,,,0,,,1.0,1e+20,1,1.4187,5.2294,0.0,1.7352,0.0,0.0,,6.288,14.689
openstacks-sat14-strips-p250_2,0,False,249,63000,125250,189250,202942,315661,3050107,0,0,,,,0,,,1.0,1e+20,1,1.4532,5.0908,0.0,1.7995,0.0,0.0,,6.8283,15.1885
openstacks-sat14-strips-p250_3,0,False,249,63000,125250,189250,213666,319247,5341671,0,0,,,,0,,,1.0,1e+20,1,1.5225,4.565,0.0,3.0798,0.0,0.0,,9.6642,18.843
openstacks-sat14-strips-p270_1,0,False,269,73440,146070,220590,236005,367741,3631585,0,0,,,,0,,,1.0,1e+20,1,1.7355,6.7577,0.0,2.1833,0.0,0.0,,8.3333,19.0226
openstacks-sat14-strips-p270_2,0,False,269,73440,146070,220590,236816,368157,3836015,0,0,,,,0,,,1.0,1e+20,1,1.7568,6.6459,0.0,2.2735,0.0,0.0,,8.7521,19.4421
openstacks-sat14-strips-p270_3,0,False,269,73440,146070,220590,248605,371855,6530896,0,0,,,,0,,,1.0,1e+20,1,1.8775,5.764,0.0,3.8136,0.0,0.0,,11.6383,23.1065
openstacks-sat14-strips-p290_1,0,False,289,84680,168490,254330,272569,423963,4513351,0,0,,,,0,,,1.0,1e+20,1,2.1083,8.3881,0.0,2.709,0.0,0.0,,10.2217,23.4545
openstacks-sat14-strips-p290_2,0,False,289,84680,168490,254330,273741,424631,4837929,0,0,,,,0,,,1.0,1e+20,1,2.1395,8.3464,0.0,2.775,0.0,0.0,,11.0319,24.3079
openstacks-sat14-strips-p290_3,0,False,289,84680,168490,254330,285253,428657,7813011,0,0,,,,0,,,1.0,1e+20,1,2.3165,7.7053,0.0,4.557,0.0,0.0,,14.2795,28.8742
openstacks-strips-p01,0,True,4,40,65,135,122,209,253,0,0,,,,0,,,21.0,1e+20,21,0.0128,0.0002,0.0,0.0047,0.0,0.0,,0.0074,0.025
openstacks-strips-p02,0,True,4,40,65,135,121,209,259,0,0,,,,0,,,21.0,1e+20,21,0.0141,0.0002,0.0,0.0054,0.0,0.0,,0.0071,0.0269
openstacks-strips-p03,0,True,4,40,65,135,121,209,263,0,0,,,,0,,,21.0,1e+20,21,0.0126,0.0002,0.0,0.0032,0.0,0.0,,0.0067,0.0228
openstacks-strips-p04,0,True,4,40,65,135,122,209,266,0,0,,,,0,,,21.0,1e+20,21,0.0153,0.0002,0.0,0.0016,0.0,0.0,,0.0066,0.0238
openstacks-strips-p05,0,True,4,40,65,135,120,209,258,0,0,,,,0,,,21.0,1e+20,21,0.0053,0.0002,0.0,0.0018,0.0,0.0,,0.0064,0.0138
openstacks-strips-p07,0,True,9,130,230,420,434,699,1385,0,0,,,,0,,,41.0,1e+20,41,0.0076,0.001,0.0,0.0027,0.0,0.0,,0.0334,0.0447
openstacks-strips-p08,0,True,14,290,551,963,1224,1807,5532,0,0,,,,0,,,81.0,1e+20,81,0.0211,0.0046,0.0,0.0173,0.0,0.0,,0.0331,0.0762
openstacks-strips-p09,0,True,14,290,551,963,1295,1837,6104,0,0,,,,0,,,81.0,1e+20,81,0.0133,0.0043,0.0,0.0052,0.0,0.0,,0.0298,0.0527
openstacks-strips-p10,0,True,19,460,881,1463,1513,2422,6068,0,0,,,,0,,,81.0,1e+20,81,0.0147,0.0056,0.0,0.0051,0.0,0.0,,0.0487,0.0742
openstacks-strips-p11,0,True,19,460,881,1463,1501,2422,5906,0,0,,,,0,,,81.0,1e+20,81,0.0154,0.0056,0.0,0.0063,0.0,0.0,,0.0486,0.0761
openstacks-strips-p12,0,True,19,460,881,1463,1585,2482,7156,0,0,,,,0,,,81.0,1e+20,81,0.0146,0.006,0.0,0.0063,0.0,0.0,,0.0497,0.0767
openstacks-strips-p13,0,True,19,460,881,1463,1655,2542,8351,0,0,,,,0,,,81.0,1e+20,81,0.015,0.0062,0.0,0.0067,0.0,0.0,,0.0509,0.0789
openstacks-strips-p14,0,True,19,460,881,1463,1645,2542,8257,0,0,,,,0,,,81.0,1e+20,81,0.0149,0.0061,0.0,0.0066,0.0,0.0,,0.0498,0.0775
openstacks-strips-p15,0,True,19,460,881,1463,1708,2602,9458,0,0,,,,0,,,81.0,1e+20,81,0.0236,0.006,0.0,0.0087,0.0,0.0,,0.0548,0.0932
openstacks-strips-p16,0,True,19,460,881,1463,1702,2602,9194,0,0,,,,0,,,81.0,1e+20,81,0.0151,0.0059,0.0,0.0069,0.0,0.0,,0.0518,0.0799
openstacks-strips-p17,0,True,19,480,921,1553,2074,2981,11765,0,0,,,,0,,,101.0,1e+20,101,0.0181,0.0083,0.0,0.0082,0.0,0.0,,0.0595,0.0942
openstacks-strips-p18,0,True,24,768,1487,2509,3751,5218,21678,0,0,,,,0,,,169.0,1e+20,169,0.0383,0.023,0.0,0.0174,0.0,0.0,,0.0998,0.1791
openstacks-strips-p19,0,True,24,700,1351,2203,2245,3622,8988,0,0,,,,0,,,101.0,1e+20,101,0.019,0.0106,0.0,0.0129,0.0,0.0,,0.078,0.1207
openstacks-strips-p20,0,True,29,990,1921,3093,3217,5132,14485,0,0,,,,0,,,121.0,1e+20,121,0.0255,0.0172,0.0,0.0105,0.0,0.0,,0.1048,0.1583
openstacks-strips-p21,0,True,29,990,1921,3093,3207,5132,14202,0,0,,,,0,,,121.0,1e+20,121,0.0398,0.0175,0.0,0.0105,0.0,0.0,,0.1043,0.1723
openstacks-strips-p22,0,True,29,990,1921,3093,3354,5222,17514,0,0,,,,0,,,121.0,1e+20,121,0.0258,0.018,0.0,0.0127,0.0,0.0,,0.1077,0.1644
openstacks-strips-p23,0,True,29,990,1921,3093,3476,5312,20303,0,0,,,,0,,,121.0,1e+20,121,0.0445,0.0181,0.0,0.0135,0.0,0.0,,0.114,0.1904
openstacks-strips-p24,0,True,49,2650,5201,8153,13213,17845,256668,0,0,,,,0,,,201.0,1e+20,201,0.1257,0.0982,0.0,0.1416,0.0,0.0,,0.6896,1.0564
openstacks-strips-p25,0,True,49,2650,5201,8153,12367,17146,225765,0,0,,,,0,,,201.0,1e+20,201,0.0953,0.0905,0.0,0.1067,0.0,0.0,,0.5913,0.8851
openstacks-strips-p26,0,True,49,2650,5201,8153,8673,13615,51225,0,0,,,,0,,,201.0,1e+20,201,0.0676,0.0704,0.0,0.038,0.0,0.0,,0.3659,0.5427
openstacks-strips-p27,0,True,74,5850,11551,17853,19115,29969,137259,0,0,,,,0,,,301.0,1e+20,301,0.1796,0.2259,0.0,0.0867,0.0,0.0,,1.0974,1.5927
openstacks-strips-p28,0,True,99,10300,20401,31303,53584,71503,2136509,0,0,,,,0,,,401.0,1e+20,401,0.6687,0.9506,0.0,0.9404,0.0,0.0,,5.3155,7.8823
openstacks-strips-p29,0,True,99,10300,20401,31303,48911,67495,1732807,0,0,,,,0,,,401.0,1e+20,401,0.6115,0.8513,0.0,0.7773,0.0,0.0,,4.8485,7.0953
openstacks-strips-p30,0,True,99,10300,20401,31303,34140,52657,326820,0,0,,,,0,,,401.0,1e+20,401,0.379,0.573,0.0,0.1968,0.0,0.0,,2.2492,3.4033
optical-telegraphs-p01-opt2,-3,False,0,0,0,0,0,0,0,0,0,,,,0,,,0.0,1e+20,1e+20,0,0,0,0,0,0,,0,0
optical-telegraphs-p02-opt3,-3,False,0,0,0,0,0,0,0,0,0,,,,0,,,0.0,1e+20,1e+20,0,0,0,0,0,0,,0,0
optical-telegraphs-p03-opt4,-3,False,0,0,0,0,0,0,0,0,0,,,,0,,,0.0,1e+20,1e+20,0,0,0,0,0,0,,0,0
optical-telegraphs-p04-opt5,-3,False,0,0,0,0,0,0,0,0,0,,,,0,,,0.0,1e+20,1e+20,0,0,0,0,0,0,,0,0
optical-telegraphs-p05-opt6,-3,False,0,0,0,0,0,0,0,0,0,,,,0,,,0.0,1e+20,1e+20,0,0,0,0,0,0,,0,0
optical-telegraphs-p06-opt7,-3,False,0,0,0,0,0,0,0,0,0,,,,0,,,0.0,1e+20,1e+20,0,0,0,0,0,0,,0,0
optical-telegraphs-p07-opt8,-3,False,0,0,0,0,0,0,0,0,0,,,,0,,,0.0,1e+20,1e+20,0,0,0,0,0,0,,0,0
optical-telegraphs-p08-opt9,-3,False,0,0,0,0,0,0,0,0,0,,,,0,,,0.0,1e+20,1e+20,0,0,0,0,0,0,,0,0
optical-telegraphs-p09-opt10,-3,False,0,0,0,0,0,0,0,0,0,,,,0,,,0.0,1e+20,1e+20,0,0,0,0,0,0,,0,0
optical-telegraphs-p10-opt11,-3,False,0,0,0,0,0,0,0,0,0,,,,0,,,0.0,1e+20,1e+20,0,0,0,0,0,0,,0,0
optical-telegraphs-p11-opt12,-3,False,0,0,0,0,0,0,0,0,0,,,,0,,,0.0,1e+20,1e+20,0,0,0,0,0,0,,0,0
optical-telegraphs-p12-opt13,-3,False,0,0,0,0,0,0,0,0,0,,,,0,,,0.0,1e+20,1e+20,0,0,0,0,0,0,,0,0
optical-telegraphs-p13-opt14,-3,False,0,0,0,0,0,0,0,0,0,,,,0,,,0.0,1e+20,1e+20,0,0,0,0,0,0,,0,0
optical-telegraphs-p14-opt15,-3,False,0,0,0,0,0,0,0,0,0,,,,0,,,0.0,1e+20,1e+20,0,0,0,0,0,0,,0,0
optical-telegraphs-p15-opt16,-3,False,0,0,0,0,0,0,0,0,0,,,,0,,,0.0,1e+20,1e+20,0,0,0,0,0,0,,0,0
optical-telegraphs-p16-opt17,-3,False,0,0,0,0,0,0,0,0,0,,,,0,,,0.0,1e+20,1e+20,0,0,0,0,0,0,,0,0
optical-telegraphs-p17-opt18,-3,False,0,0,0,0,0,0,0,0,0,,,,0,,,0.0,1e+20,1e+20,0,0,0,0,0,0,,0,0
optical-telegraphs-p18-opt19,-3,False,0,0,0,0,0,0,0,0,0,,,,0,,,0.0,1e+20,1e+20,0,0,0,0,0,0,,0,0
optical-telegraphs-p19-opt20,-3,False,0,0,0,0,0,0,0,0,0,,,,0,,,0.0,1e+20,1e+20,0,0,0,0,0,0,,0,0
optical-telegraphs-p20-opt21,-3,False,0,0,0,0,0,0,0,0,0,,,,0,,,0.0,1e+20,1e+20,0,0,0,0,0,0,,0,0
optical-telegraphs-p21-opt22,-3,False,0,0,0,0,0,0,0,0,0,,,,0,,,0.0,1e+20,1e+20,0,0,0,0,0,0,,0,0
optical-telegraphs-p22-opt23,-3,False,0,0,0,0,0,0,0,0,0,,,,0,,,0.0,1e+20,1e+20,0,0,0,0,0,0,,0,0
optical-telegraphs-p23-opt24,-3,False,0,0,0,0,0,0,0,0,0,,,,0,,,0.0,1e+20,1e+20,0,0,0,0,0,0,,0,0
optical-telegraphs-p24-opt25,-3,False,0,0,0,0,0,0,0,0,0,,,,0,,,0.0,1e+20,1e+20,0,0,0,0,0,0,,0,0
optical-telegraphs-p25-opt26,-3,False,0,0,0,0,0,0,0,0,0,,,,0,,,0.0,1e+20,1e+20,0,0,0,0,0,0,,0,0
optical-telegraphs-p26-opt27,-3,False,0,0,0,0,0,0,0,0,0,,,,0,,,0.0,1e+20,1e+20,0,0,0,0,0,0,,0,0
optical-telegraphs-p27-opt28,-3,False,0,0,0,0,0,0,0,0,0,,,,0,,,0.0,1e+20,1e+20,0,0,0,0,0,0,,0,0
optical-telegraphs-p28-opt29,-3,False,0,0,0,0,0,0,0,0,0,,,,0,,,0.0,1e+20,1e+20,0,0,0,0,0,0,,0,0
optical-telegraphs-p29-opt30,-3,False,0,0,0,0,0,0,0,0,0,,,,0,,,0.0,1e+20,1e+20,0,0,0,0,0,0,,0,0
optical-telegraphs-p30-opt31,-3,False,0,0,0,0,0,0,0,0,0,,,,0,,,0.0,1e+20,1e+20,0,0,0,0,0,0,,0,0
optical-telegraphs-p31-opt32,-3,False,0,0,0,0,0,0,0,0,0,,,,0,,,0.0,1e+20,1e+20,0,0,0,0,0,0,,0,0
optical-telegraphs-p32-opt33,-3,False,0,0,0,0,0,0,0,0,0,,,,0,,,0.0,1e+20,1e+20,0,0,0,0,0,0,,0,0
optical-telegraphs-p33-opt34,-3,False,0,0,0,0,0,0,0,0,0,,,,0,,,0.0,1e+20,1e+20,0,0,0,0,0,0,,0,0
optical-telegraphs-p34-opt35,-3,False,0,0,0,0,0,0,0,0,0,,,,0,,,0.0,1e+20,1e+20,0,0,0,0,0,0,,0,0
optical-telegraphs-p35-opt36,-3,False,0,0,0,0,0,0,0,0,0,,,,0,,,0.0,1e+20,1e+20,0,0,0,0,0,0,,0,0
optical-telegraphs-p36-opt37,-3,False,0,0,0,0,0,0,0,0,0,,,,0,,,0.0,1e+20,1e+20,0,0,0,0,0,0,,0,0
optical-telegraphs-p37-opt38,-3,False,0,0,0,0,0,0,0,0,0,,,,0,,,0.0,1e+20,1e+20,0,0,0,0,0,0,,0,0
optical-telegraphs-p38-opt39,-3,False,0,0,0,0,0,0,0,0,0,,,,0,,,0.0,1e+20,1e+20,0,0,0,0,0,0,,0,0
optical-telegraphs-p39-opt40,-3,False,0,0,0,0,0,0,0,0,0,,,,0,,,0.0,1e+20,1e+20,0,0,0,0,0,0,,0,0
optical-telegraphs-p40-opt41,-3,False,0,0,0,0,0,0,0,0,0,,,,0,,,0.0,1e+20,1e+20,0,0,0,0,0,0,,0,0
optical-telegraphs-p41-opt42,-3,False,0,0,0,0,0,0,0,0,0,,,,0,,,0.0,1e+20,1e+20,0,0,0,0,0,0,,0,0
optical-telegraphs-p42-opt43,-3,False,0,0,0,0,0,0,0,0,0,,,,0,,,0.0,1e+20,1e+20,0,0,0,0,0,0,,0,0
optical-telegraphs-p43-opt44,-3,False,0,0,0,0,0,0,0,0,0,,,,0,,,0.0,1e+20,1e+20,0,0,0,0,0,0,,0,0
optical-telegraphs-p44-opt45,-3,False,0,0,0,0,0,0,0,0,0,,,,0,,,0.0,1e+20,1e+20,0,0,0,0,0,0,,0,0
optical-telegraphs-p45-opt46,-3,False,0,0,0,0,0,0,0,0,0,,,,0,,,0.0,1e+20,1e+20,0,0,0,0,0,0,,0,0
optical-telegraphs-p46-opt47,-3,False,0,0,0,0,0,0,0,0,0,,,,0,,,0.0,1e+20,1e+20,0,0,0,0,0,0,,0,0
optical-telegraphs-p47-opt48,-3,False,0,0,0,0,0,0,0,0,0,,,,0,,,0.0,1e+20,1e+20,0,0,0,0,0,0,,0,0
optical-telegraphs-p48-opt49,-3,False,0,0,0,0,0,0,0,0,0,,,,0,,,0.0,1e+20,1e+20,0,0,0,0,0,0,,0,0
organic-synthesis-opt18-strips-p01,0,True,0,1,9,19,0,18,0,0,0,,,,0,,,1.0,1e+20,1,0.0079,0.0003,0.0,0.0016,0.0,0.0,,0.0014,0.0112
organic-synthesis-opt18-strips-p02,0,True,1,2,17,30,0,28,0,0,0,,,,0,,,1.0,1e+20,1,0.0135,0.0006,0.0,0.0016,0.0,0.0,,0.0014,0.0171
organic-synthesis-opt18-strips-p03,0,True,3,5,22,43,24,62,42,0,0,,,,0,,,2.0,1e+20,2,0.1928,0.0148,0.0,0.0037,0.0,0.0,,0.0019,0.2137
organic-synthesis-opt18-strips-p07,0,True,0,1,12,26,0,24,0,0,0,,,,0,,,2.0,1e+20,2,0.0061,0.0,0.0,0.0022,0.0,0.0,,0.0021,0.0104
organic-synthesis-opt18-strips-p09,0,True,4,4,18,35,10,41,10,0,0,,,,0,,,2.0,1e+20,2,0.2358,0.0187,0.0,0.0075,0.0,0.0,,0.0037,0.2688
organic-synthesis-opt18-strips-p10,0,True,4,4,18,35,10,41,10,0,0,,,,0,,,2.0,1e+20,2,0.1164,0.0192,0.0,0.0115,0.0,0.0,,0.0022,0.1522
organic-synthesis-opt18-strips-p11,0,True,65,506,2010,2591,298,2355,2437,0,0,,,,0,,,2.0,1e+20,2,5.9759,540.2089,0.0,0.0052,0.0,0.0,,0.0665,546.3733
organic-synthesis-opt18-strips-p12,0,True,2,6,61,90,21,105,21,0,0,,,,0,,,2.0,1e+20,2,11.8754,3.5566,0.0,0.1605,0.0,0.0,,0.004,15.7986
organic-synthesis-opt18-strips-p14,0,True,11,8,73,112,0,104,0,0,0,,,,0,,,2.0,1e+20,2,0.0508,0.0265,0.0,0.004,0.0,0.0,,0.0024,0.0842
organic-synthesis-sat18-strips-p06,0,True,20,16,80,125,84,187,154,0,0,,,,0,,,2.0,1e+20,2,0.3188,0.27,0.0,0.01,0.0,0.0,,0.004,0.6095
organic-synthesis-sat18-strips-p07,0,True,22,54,763,863,0,809,0,0,0,,,,0,,,2.0,1e+20,2,1.3338,0.4217,0.0,0.0021,0.0,0.0,,0.0199,1.8279
organic-synthesis-sat18-strips-p16,0,True,354,6564,26484,33408,6747,31217,63631,0,0,,,,0,,,6.0,1e+20,6,1.2524,9.4895,0.0,0.0617,0.0,0.0,,2.1179,12.9667
organic-synthesis-split-opt18-strips-p01,0,False,189,2042,2631,4874,2537,4193,13083,0,0,,,,0,,,41.0,1e+20,41,0.0193,0.0179,0.0,0.0138,0.0,0.0,,0.4228,0.4739
organic-synthesis-split-opt18-strips-p02,0,False,229,3556,4277,8074,3019,6223,19221,0,0,,,,0,,,41.0,1e+20,41,0.0279,0.0455,0.0,0.0204,0.0,0.0,,0.9953,1.0894
organic-synthesis-split-opt18-strips-p03,0,False,526,7634,10890,19103,13458,16783,120102,0,0,,,,112,,,247.0,1e+20,247,0.2863,0.33,0.0,0.086,0.0,0.0,,11.7457,12.4502
organic-synthesis-split-opt18-strips-p04,0,False,718,10435,14470,25646,28781,24440,409367,0,0,,,,0,,,239.0,1e+20,239,0.1312,0.3996,0.0,0.2649,0.0,0.0,,30.5174,31.3141
organic-synthesis-split-opt18-strips-p05,2,False,1269,27395,42855,71522,119759,74936,5700023,0,0,,,,0,,,119.028,1e+20,283,0.5121,1.9262,0.0,3.2654,0.0,0.0,,384.8501,390.5563
organic-synthesis-split-opt18-strips-p06,3,False,1124,33531,47412,82096,170235,74418,11714773,0,0,,,,0,,,0.0,1e+20,1e+20,0.5518,2.1418,0.0,6.5045,0.0,0.0,,179.6603,188.8615
organic-synthesis-split-opt18-strips-p07,0,False,14,28,74,142,73,172,93,0,0,,,,0,,,189.0,1e+20,189,0.0063,0.0004,0.0,0.0019,0.0,0.0,,0.0056,0.0142
organic-synthesis-split-opt18-strips-p08,3,False,1828,61570,91317,154729,313996,152126,29476536,0,0,,,,0,,,0.0,1e+20,1e+20,1.3511,6.2578,0.0,17.1462,0.0,0.0,,178.098,202.8585
organic-synthesis-split-opt18-strips-p09,0,False,413,5144,6447,12007,6464,10287,44553,0,0,,,,123,,,47.0,1e+20,47,0.0541,0.1167,0.0,0.0365,0.0,0.0,,28.0141,28.2217
organic-synthesis-split-opt18-strips-p10,0,False,423,5236,6655,12317,6993,10661,50254,0,0,,,,138,,,47.0,1e+20,47,0.046,0.1209,0.0,0.0352,0.0,0.0,,30.0068,30.2091
organic-synthesis-split-opt18-strips-p11,2,False,1284,19706,32859,53858,64876,59069,1475225,0,0,,,,0,,,51.75,1e+20,79,0.4109,1.2193,0.0,0.8631,0.0,0.0,,898.2096,900.705
organic-synthesis-split-opt18-strips-p12,0,False,1502,19368,33734,54609,78494,63650,2273189,0,0,,,,0,,,39.0,1e+20,39,0.4994,1.5297,0.0,1.3448,0.0,0.0,,146.1221,149.4985
organic-synthesis-split-opt18-strips-p13,3,False,2865,112997,174331,290200,500597,288927,59961717,0,0,,,,0,,,0.0,1e+20,1e+20,3.5545,28.9463,0.0,34.6836,0.0,0.0,,119.7402,186.9361
organic-synthesis-split-opt18-strips-p14,0,False,367,9083,10593,20066,6342,14439,54519,0,0,,,,0,,,55.0,1e+20,55,0.0739,0.3289,0.0,0.045,0.0,0.0,,2.14,2.5885
organic-synthesis-split-opt18-strips-p15,3,False,3264,119376,178985,301646,562004,298630,70173628,0,0,,,,0,,,0.0,1e+20,1e+20,4.5586,40.0172,0.0,40.7937,0.0,0.0,,45.8607,131.2445
organic-synthesis-split-opt18-strips-p16,3,False,3964,128940,209140,342069,755575,361916,99389682,0,0,,,,0,,,0.0,1e+20,1e+20,9.5765,66.8978,0.0,62.9354,0.0,0.0,,12.3069,151.7371
organic-synthesis-split-opt18-strips-p17,3,False,4791,179090,281029,464946,1039243,475039,119927007,0,0,,,,0,,,0.0,1e+20,1e+20,16.6434,138.6256,0.0,744.7046,0.0,0.0,,0.0,243.806
organic-synthesis-split-opt18-strips-p18,3,False,3927,173070,250963,427989,790197,401315,101675323,0,0,,,,0,,,0.0,1e+20,1e+20,7.8448,97.0866,0.0,795.0504,0.0,0.0,,0.0,173.4005
organic-synthesis-split-opt18-strips-p19,3,False,2354,73603,110807,186769,334394,186869,27741355,0,0,,,,0,,,0.0,1e+20,1e+20,2.169,15.1633,0.0,17.0636,0.0,0.0,,202.6401,237.0441
organic-synthesis-split-opt18-strips-p20,3,False,2705,102307,148321,253353,497487,242571,64233726,0,0,,,,0,,,0.0,1e+20,1e+20,2.9523,23.2671,0.0,39.8316,0.0,0.0,,114.6999,180.7604
organic-synthesis-split-sat18-strips-p01,0,False,810,13779,19969,34598,57214,33379,2167229,0,0,,,,0,,,216.0,1e+20,216,0.1837,0.4818,0.0,1.2077,0.0,0.0,,51.437,53.3114
organic-synthesis-split-sat18-strips-p02,0,False,775,15122,21138,37088,25260,31687,281787,0,0,,,,187,,,247.0,1e+20,247,0.5903,0.9458,0.0,0.188,0.0,0.0,,35.5333,37.261
organic-synthesis-split-sat18-strips-p03,3,False,1612,55216,81755,138633,254747,135387,19625219,0,0,,,,0,,,0.0,1e+20,1e+20,1.142,5.1463,0.0,11.7874,0.0,0.0,,227.0023,245.0829
organic-synthesis-split-sat18-strips-p04,0,False,1278,33396,49369,84054,100129,77212,4774537,0,0,,,,0,,,158.0,1e+20,158,0.6199,3.4826,0.0,2.5483,0.0,0.0,,133.2389,139.8936
organic-synthesis-split-sat18-strips-p05,3,False,2211,65386,101307,168911,229994,166448,14974019,0,0,,,,0,,,0.0,1e+20,1e+20,1.9091,13.2007,0.0,8.7736,0.0,0.0,,214.2934,238.1837
organic-synthesis-split-sat18-strips-p06,0,False,525,9107,10940,20575,8877,16104,72877,0,0,,,,127,,,45.0,1e+20,45,0.0809,0.3586,0.0,0.056,0.0,0.0,,51.5363,52.0325
organic-synthesis-split-sat18-strips-p07,0,False,2024,27766,50419,80220,88679,90973,2351167,0,0,,,,0,,,48.0,1e+20,48,0.9535,3.8178,0.0,1.4909,0.0,0.0,,194.4694,200.7362
organic-synthesis-split-sat18-strips-p08,3,False,3180,117010,183793,303988,431571,298491,22660552,0,0,,,,0,,,0.0,1e+20,1e+20,4.4485,53.3276,0.0,14.3554,0.0,0.0,,191.1762,263.3232
organic-synthesis-split-sat18-strips-p09,3,False,4640,228474,348502,581623,1040533,555108,140796378,0,0,,,,0,,,0.0,1e+20,1e+20,10.9321,174.6803,0.0,714.366,0.0,0.0,,0.0,281.4607
organic-synthesis-split-sat18-strips-p10,3,False,3137,99286,152756,255190,356382,251434,31981646,0,0,,,,0,,,0.0,1e+20,1e+20,3.8042,39.02,0.0,20.3383,0.0,0.0,,189.4651,252.6405
organic-synthesis-split-sat18-strips-p11,3,False,4935,240849,350755,596546,1151304,567371,144269139,0,0,,,,0,,,0.0,1e+20,1e+20,11.9611,170.9712,0.0,717.0434,0.0,0.0,,0.0,286.128
organic-synthesis-split-sat18-strips-p12,3,False,4886,298526,423584,727039,968136,655188,137210793,0,0,,,,0,,,0.0,1e+20,1e+20,15.0007,268.7295,0.0,616.2427,0.0,0.0,,0.0,372.6385
organic-synthesis-split-sat18-strips-p13,3,False,8666,646661,934803,0,0,0,0,0,0,,,,0,,,0.0,1e+20,1e+20,58.598,841.3478,0.0,0.0,0.0,0.0,,0.0,901.4093
organic-synthesis-split-sat18-strips-p14,3,False,6193,369806,523130,899179,1976728,820606,96175401,0,0,,,,0,,,0.0,1e+20,1e+20,22.397,345.9201,0.0,531.6497,0.0,0.0,,0.0,500.2129
organic-synthesis-split-sat18-strips-p15,2,False,1005,20139,26402,47571,55513,41810,1492471,0,0,,,,0,,,258.0,1e+20,657,0.2832,1.5796,0.0,0.8867,0.0,0.0,,897.9791,900.7304
organic-synthesis-split-sat18-strips-p16,0,False,2776,46110,76427,125401,114545,127946,3141571,0,0,,,,0,,,540.0,1e+20,540,1.5974,12.5159,0.0,2.273,0.0,0.0,,247.3158,263.7076
organic-synthesis-split-sat18-strips-p17,3,False,5284,292300,421295,718896,1056806,663120,128693591,0,0,,,,0,,,0.0,1e+20,1e+20,25.0016,264.7485,0.0,610.2098,0.0,0.0,,0.0,384.0125
organic-synthesis-split-sat18-strips-p18,3,False,5012,237977,341676,584731,882730,542683,126823190,0,0,,,,0,,,0.0,1e+20,1e+20,12.0284,189.6222,0.0,78.5915,0.0,0.0,,0.4115,280.6758
organic-synthesis-split-sat18-strips-p19,-2,False,0,0,0,0,0,0,0,0,0,,,,0,,,0.0,1e+20,1e+20,0,0,0,0,0,0,,0,0
organic-synthesis-split-sat18-strips-p20,3,False,10608,705330,1000070,0,0,0,0,0,0,,,,0,,,0.0,1e+20,1e+20,67.2099,832.7327,0.0,0.0,0.0,0.0,,0.0,903.3052
parcprinter-08-strips-p01,0,False,14,17,42,95,59,125,72,0,0,,,,0,,,169009.0,1e+20,169009,0.0049,0.0001,0.0,0.0013,0.0,0.0,,0.0055,0.0118
parcprinter-08-strips-p02,0,False,26,33,67,160,122,220,143,0,0,,,,0,,,438047.0,1e+20,438047,0.0054,0.0002,0.0,0.0015,0.0,0.0,,0.0062,0.0133
parcprinter-08-strips-p03,0,False,2,2,45,114,101,167,107,0,0,,,,0,,,807114.0,1e+20,807114,0.0077,0.0001,0.0,0.0061,0.0,0.0,,0.0019,0.0158
parcprinter-08-strips-p04,0,False,53,67,121,294,319,418,395,0,0,,,,0,,,876094.0,1e+20,876094,0.0104,0.0008,0.0,0.0047,0.0,0.0,,0.0081,0.0239
parcprinter-08-strips-p05,0,False,65,83,146,359,393,513,460,0,0,,,,0,,,1145132.0,1e+20,1145132,0.0066,0.0011,0.0,0.0041,0.0,0.0,,0.0077,0.0196
parcprinter-08-strips-p06,0,False,74,97,167,420,462,600,540,0,0,,,,0,,,1514199.0,1e+20,1514199,0.0055,0.0014,0.0,0.0023,0.0,0.0,,0.0078,0.0171
parcprinter-08-strips-p07,0,False,98,121,208,501,596,727,739,0,0,,,,0,,,1383121.0,1e+20,1383121,0.0075,0.0023,0.0,0.0023,0.0,0.0,,0.0117,0.0239
parcprinter-08-strips-p08,0,False,104,133,225,558,644,806,806,0,0,,,,0,,,1852217.0,1e+20,1852217,0.0069,0.0027,0.0,0.0023,0.0,0.0,,0.0102,0.0222
parcprinter-08-strips-p09,0,False,116,149,250,623,750,901,925,0,0,,,,0,,,2121255.0,1e+20,2121255,0.0077,0.0034,0.0,0.0031,0.0,0.0,,0.0107,0.025
parcprinter-08-strips-p10,0,False,125,163,271,684,817,988,975,0,0,,,,0,,,2490322.0,1e+20,2490322,0.0075,0.004,0.0,0.0061,0.0,0.0,,0.0098,0.0274
parcprinter-08-strips-p11,0,False,17,22,52,116,90,172,111,0,0,,,,0,,,165989.0,1e+20,165989,0.0054,0.0002,0.0,0.0017,0.0,0.0,,0.0063,0.0135
parcprinter-08-strips-p12,0,False,34,44,85,197,204,304,254,0,0,,,,0,,,425725.0,1e+20,425725,0.0058,0.0004,0.0,0.0016,0.0,0.0,,0.0074,0.0153
parcprinter-08-strips-p13,0,False,51,66,122,282,350,448,456,0,0,,,,0,,,591714.0,1e+20,591714,0.0078,0.0008,0.0,0.0035,0.0,0.0,,0.01,0.0221
parcprinter-08-strips-p14,0,False,68,88,155,363,489,580,683,0,0,,,,0,,,851450.0,1e+20,851450,0.0107,0.0013,0.0,0.0035,0.0,0.0,,0.0125,0.028
parcprinter-08-strips-p15,0,False,85,112,194,454,654,732,859,0,0,,,,0,,,1323035.0,1e+20,1323035,0.0074,0.0021,0.0,0.004,0.0,0.0,,0.014,0.0275
parcprinter-08-strips-p16,0,False,102,132,221,525,689,844,874,0,0,,,,0,,,1370922.0,1e+20,1370922,0.0092,0.0028,0.0,0.0034,0.0,0.0,,0.0144,0.0298
parcprinter-08-strips-p17,0,False,119,154,262,614,899,1000,1258,0,0,,,,0,,,1443164.0,1e+20,1443164,0.0215,0.004,0.0,0.0137,0.0,0.0,,0.0174,0.0566
parcprinter-08-strips-p18,0,False,136,176,287,687,979,1108,1356,0,0,,,,0,,,1890394.0,1e+20,1890394,0.0186,0.0048,0.0,0.008,0.0,0.0,,0.0186,0.0501
parcprinter-08-strips-p19,0,False,153,204,334,792,1122,1284,1469,0,0,,,,0,,,2579475.0,1e+20,2579475,0.0106,0.0065,0.0,0.0037,0.0,0.0,,0.0202,0.0411
parcprinter-08-strips-p20,0,False,170,222,375,875,1290,1440,1867,0,0,,,,0,,,2246727.0,1e+20,2246727,0.0123,0.0087,0.0,0.0039,0.0,0.0,,0.0219,0.0469
parcprinter-08-strips-p21,0,False,8,17,36,79,50,110,76,0,0,,,,0,,,143411.0,1e+20,143411,0.0058,0.0002,0.0,0.0019,0.0,0.0,,0.0055,0.0135
parcprinter-08-strips-p22,0,False,13,32,61,137,137,198,214,0,0,,,,0,,,375821.0,1e+20,375821,0.0055,0.0002,0.0,0.0017,0.0,0.0,,0.0076,0.015
parcprinter-08-strips-p23,0,False,21,49,89,199,186,294,286,0,0,,,,0,,,519232.0,1e+20,519232,0.0588,0.0004,0.0,0.0163,0.0,0.0,,0.0123,0.0877
parcprinter-08-strips-p24,0,False,26,64,114,257,248,382,379,0,0,,,,0,,,751642.0,1e+20,751642,0.0057,0.0006,0.0,0.0016,0.0,0.0,,0.0112,0.0191
parcprinter-08-strips-p25,0,False,31,78,141,319,319,480,483,0,0,,,,0,,,1196842.0,1e+20,1196842,0.0082,0.0009,0.0,0.0025,0.0,0.0,,0.0124,0.024
parcprinter-08-strips-p26,0,False,36,94,164,373,423,558,644,0,0,,,,0,,,1216462.0,1e+20,1216462,0.0055,0.0012,0.0,0.0024,0.0,0.0,,0.0141,0.0232
parcprinter-08-strips-p27,0,False,47,113,195,439,481,662,735,0,0,,,,0,,,1270874.0,1e+20,1270874,0.0069,0.0016,0.0,0.0027,0.0,0.0,,0.0181,0.0293
parcprinter-08-strips-p28,0,False,46,124,214,489,512,734,775,0,0,,,,0,,,1681282.0,1e+20,1681282,0.007,0.002,0.0,0.003,0.0,0.0,,0.0165,0.0285
parcprinter-08-strips-p29,0,False,48,136,242,553,574,840,861,0,0,,,,0,,,2343271.0,1e+20,2343271,0.008,0.0026,0.0,0.0036,0.0,0.0,,0.0175,0.0317
parcprinter-08-strips-p30,0,False,68,161,278,625,715,952,1111,0,0,,,,0,,,2002896.0,1e+20,2002896,0.0088,0.0034,0.0,0.0044,0.0,0.0,,0.0231,0.0398
parcprinter-opt11-strips-p01,0,False,13,32,61,137,137,198,214,0,0,,,,0,,,375821.0,1e+20,375821,0.0153,0.0002,0.0,0.0054,0.0,0.0,,0.0092,0.03
parcprinter-opt11-strips-p02,0,False,26,33,67,160,122,220,143,0,0,,,,0,,,438047.0,1e+20,438047,0.0066,0.0002,0.0,0.0018,0.0,0.0,,0.006,0.0147
parcprinter-opt11-strips-p03,0,False,34,44,85,197,204,304,254,0,0,,,,0,,,425725.0,1e+20,425725,0.0057,0.0004,0.0,0.0023,0.0,0.0,,0.0075,0.0159
parcprinter-opt11-strips-p04,0,False,53,67,121,294,319,418,395,0,0,,,,0,,,876094.0,1e+20,876094,0.0052,0.0007,0.0,0.0021,0.0,0.0,,0.0075,0.0156
parcprinter-opt11-strips-p05,0,False,21,49,89,199,186,294,286,0,0,,,,0,,,519232.0,1e+20,519232,0.0081,0.0004,0.0,0.0021,0.0,0.0,,0.0111,0.0218
parcprinter-opt11-strips-p06,0,False,74,97,167,420,462,600,540,0,0,,,,0,,,1514199.0,1e+20,1514199,0.4741,0.0014,0.0,0.0034,0.0,0.0,,0.0077,0.4867
parcprinter-opt11-strips-p07,0,False,65,83,146,359,393,513,460,0,0,,,,0,,,1145132.0,1e+20,1145132,0.0057,0.0011,0.0,0.0022,0.0,0.0,,0.0078,0.0167
parcprinter-opt11-strips-p08,0,False,26,64,114,257,248,382,379,0,0,,,,0,,,751642.0,1e+20,751642,0.0076,0.0006,0.0,0.0023,0.0,0.0,,0.0112,0.0218
parcprinter-opt11-strips-p09,0,False,51,66,122,282,350,448,456,0,0,,,,0,,,591714.0,1e+20,591714,0.0061,0.0008,0.0,0.0023,0.0,0.0,,0.0095,0.0187
parcprinter-opt11-strips-p10,0,False,31,78,141,319,319,480,483,0,0,,,,0,,,1196842.0,1e+20,1196842,0.012,0.0009,0.0,0.0027,0.0,0.0,,0.0127,0.0283
parcprinter-opt11-strips-p11,0,False,36,94,164,373,423,558,644,0,0,,,,0,,,1216462.0,1e+20,1216462,0.0071,0.0011,0.0,0.003,0.0,0.0,,0.0142,0.0254
parcprinter-opt11-strips-p12,0,False,68,88,155,363,489,580,683,0,0,,,,0,,,851450.0,1e+20,851450,0.0056,0.0013,0.0,0.0023,0.0,0.0,,0.0114,0.0208
parcprinter-opt11-strips-p13,0,False,98,121,208,501,596,727,739,0,0,,,,0,,,1383121.0,1e+20,1383121,0.0078,0.0023,0.0,0.0025,0.0,0.0,,0.0115,0.0241
parcprinter-opt11-strips-p14,0,False,104,133,225,558,644,806,806,0,0,,,,0,,,1852217.0,1e+20,1852217,0.0162,0.0027,0.0,0.0048,0.0,0.0,,0.0111,0.0348
parcprinter-opt11-strips-p15,0,False,116,149,250,623,750,901,925,0,0,,,,0,,,2121255.0,1e+20,2121255,0.0253,0.0034,0.0,0.0035,0.0,0.0,,0.0107,0.043
parcprinter-opt11-strips-p16,0,False,125,163,271,684,817,988,975,0,0,,,,0,,,2490322.0,1e+20,2490322,0.0076,0.004,0.0,0.0032,0.0,0.0,,0.0098,0.0247
parcprinter-opt11-strips-p17,0,False,85,112,194,454,654,732,859,0,0,,,,0,,,1323035.0,1e+20,1323035,0.006,0.0021,0.0,0.0026,0.0,0.0,,0.0135,0.0244
parcprinter-opt11-strips-p18,0,False,102,132,221,525,689,844,874,0,0,,,,0,,,1370922.0,1e+20,1370922,0.0106,0.0028,0.0,0.0113,0.0,0.0,,0.1323,0.1571
parcprinter-opt11-strips-p19,0,False,119,154,262,614,899,1000,1258,0,0,,,,0,,,1443164.0,1e+20,1443164,0.008,0.004,0.0,0.003,0.0,0.0,,0.017,0.0319
parcprinter-opt11-strips-p20,0,False,47,113,195,439,481,662,735,0,0,,,,0,,,1270874.0,1e+20,1270874,0.0067,0.0016,0.0,0.0025,0.0,0.0,,0.0179,0.0287
parcprinter-sat11-strips-p01,0,False,98,121,208,501,596,727,739,0,0,,,,0,,,1383121.0,1e+20,1383121,0.0087,0.0023,0.0,0.0025,0.0,0.0,,0.0116,0.0251
parcprinter-sat11-strips-p02,0,False,104,133,225,558,644,806,806,0,0,,,,0,,,1852217.0,1e+20,1852217,0.0076,0.0027,0.0,0.0026,0.0,0.0,,0.0104,0.0233
parcprinter-sat11-strips-p03,0,False,125,163,271,684,817,988,975,0,0,,,,0,,,2490322.0,1e+20,2490322,0.0256,0.0039,0.0,0.0148,0.0,0.0,,0.0136,0.058
parcprinter-sat11-strips-p04,0,False,170,222,375,875,1290,1440,1867,0,0,,,,0,,,2246727.0,1e+20,2246727,0.0256,0.009,0.0,0.0068,0.0,0.0,,0.0228,0.0642
parcprinter-sat11-strips-p05,0,False,36,94,164,373,423,558,644,0,0,,,,0,,,1216462.0,1e+20,1216462,0.0111,0.0011,0.0,0.0041,0.0,0.0,,0.0146,0.031
parcprinter-sat11-strips-p06,0,False,47,113,195,439,481,662,735,0,0,,,,0,,,1270874.0,1e+20,1270874,0.008,0.0016,0.0,0.0054,0.0,0.0,,0.0192,0.0342
parcprinter-sat11-strips-p07,0,False,116,149,250,623,750,901,925,0,0,,,,0,,,2121255.0,1e+20,2121255,0.0081,0.0034,0.0,0.0029,0.0,0.0,,0.0107,0.0251
parcprinter-sat11-strips-p08,0,False,46,124,214,489,512,734,775,0,0,,,,0,,,1681282.0,1e+20,1681282,0.0064,0.002,0.0,0.003,0.0,0.0,,0.0166,0.028
parcprinter-sat11-strips-p09,0,False,48,136,242,553,574,840,861,0,0,,,,0,,,2343271.0,1e+20,2343271,0.0088,0.0026,0.0,0.0027,0.0,0.0,,0.0173,0.0314
parcprinter-sat11-strips-p10,0,False,68,161,278,625,715,952,1111,0,0,,,,0,,,2002896.0,1e+20,2002896,0.0082,0.0034,0.0,0.0028,0.0,0.0,,0.0234,0.0379
parcprinter-sat11-strips-p11,0,False,90,125,218,519,594,763,730,0,0,,,,0,,,1629147.0,1e+20,1629147,0.0091,0.0026,0.0,0.0033,0.0,0.0,,0.0118,0.0269
parcprinter-sat11-strips-p12,0,False,155,199,329,822,1022,1194,1302,0,0,,,,0,,,2828340.0,1e+20,2828340,0.0129,0.0062,0.0,0.0046,0.0,0.0,,0.0139,0.0377
parcprinter-sat11-strips-p13,0,False,200,253,416,1029,1225,1503,1477,0,0,,,,0,,,3335367.0,1e+20,3335367,0.0154,0.0108,0.0,0.0052,0.0,0.0,,0.017,0.0485
parcprinter-sat11-strips-p14,0,False,204,266,449,1045,1598,1728,2267,0,0,,,,0,,,2578705.0,1e+20,2578705,0.0216,0.0136,0.0,0.0068,0.0,0.0,,0.0255,0.0676
parcprinter-sat11-strips-p15,0,False,170,230,399,911,1302,1512,1881,0,0,,,,0,,,2494225.0,1e+20,2494225,0.0138,0.0098,0.0,0.0041,0.0,0.0,,0.0239,0.0517
parcprinter-sat11-strips-p16,0,False,204,274,473,1081,1628,1800,2366,0,0,,,,0,,,2826203.0,1e+20,2826203,0.0167,0.0146,0.0,0.0048,0.0,0.0,,0.0269,0.0633
parcprinter-sat11-strips-p17,0,False,47,113,203,451,498,694,764,0,0,,,,0,,,1526454.0,1e+20,1526454,0.0071,0.0019,0.0,0.0023,0.0,0.0,,0.0187,0.0302
parcprinter-sat11-strips-p18,0,False,46,121,220,501,556,764,836,0,0,,,,0,,,2319652.0,1e+20,2319652,0.0075,0.0022,0.0,0.0027,0.0,0.0,,0.0168,0.0293
parcprinter-sat11-strips-p19,0,False,48,133,248,565,589,870,878,0,0,,,,0,,,2981641.0,1e+20,2981641,0.0077,0.003,0.0,0.0026,0.0,0.0,,0.0171,0.0303
parcprinter-sat11-strips-p20,0,False,84,195,334,749,831,1144,1282,0,0,,,,0,,,2289718.0,1e+20,2289718,0.0237,0.0052,0.0,0.0032,0.0,0.0,,0.0286,0.0608
parking-opt11-strips-pfile03-011,0,True,167,176,431,799,469,1074,1343,0,0,,,,0,,,10.0,1e+20,10,0.0874,0.0245,0.0,0.0029,0.0,0.0,,0.0246,0.1398
parking-opt11-strips-pfile03-012,0,True,195,206,498,931,566,1285,1704,0,0,,,,0,,,14.0,1e+20,14,0.0278,0.0308,0.0,0.0054,0.0,0.0,,0.0345,0.0988
parking-opt11-strips-pfile04-013,0,True,267,280,719,1308,770,1792,2544,0,0,,,,0,,,17.0,1e+20,17,0.1531,0.0643,0.0,0.0253,0.0,0.0,,0.047,0.29
parking-opt11-strips-pfile04-014,0,True,271,282,685,1274,780,1765,2566,0,0,,,,0,,,16.0,1e+20,16,0.0416,0.0651,0.0,0.0043,0.0,0.0,,0.0485,0.1598
parking-opt11-strips-pfile04-015,0,True,251,267,664,1219,746,1684,2415,0,0,,,,0,,,15.0,1e+20,15,0.0413,0.061,0.0,0.0039,0.0,0.0,,0.0335,0.14
parking-opt11-strips-pfile04-016,0,True,253,265,635,1186,722,1630,2349,0,0,,,,0,,,16.0,1e+20,16,0.0618,0.0594,0.0,0.0064,0.0,0.0,,0.0328,0.1606
parking-opt11-strips-pfile05-017,0,True,333,355,912,1646,1020,2296,3535,0,0,,,,0,,,19.0,1e+20,19,0.0829,0.1209,0.0,0.0077,0.0,0.0,,0.0461,0.2582
parking-opt11-strips-pfile05-018,0,True,313,336,854,1545,949,2135,3296,0,0,,,,0,,,17.0,1e+20,17,0.0649,0.1123,0.0,0.0067,0.0,0.0,,0.0466,0.231
parking-opt11-strips-pfile05-019,0,True,356,371,919,1690,1044,2355,3700,0,0,,,,0,,,19.0,1e+20,19,0.0646,0.1286,0.0,0.0055,0.0,0.0,,0.068,0.2674
parking-opt11-strips-pfile05-020,0,True,354,370,946,1717,1015,2355,3642,0,0,,,,0,,,19.0,1e+20,19,0.0643,0.129,0.0,0.0058,0.0,0.0,,0.0448,0.2446
parking-opt11-strips-pfile06-021,0,True,430,448,1100,2024,1210,2758,4722,0,0,,,,0,,,21.0,1e+20,21,0.1092,0.2178,0.0,0.0097,0.0,0.0,,0.0699,0.4076
parking-opt11-strips-pfile06-022,0,True,454,469,1146,2117,1263,2903,4929,0,0,,,,0,,,23.0,1e+20,23,0.1019,0.2348,0.0,0.0071,0.0,0.0,,0.0531,0.3979
parking-opt11-strips-pfile06-023,0,True,431,447,1097,2020,1203,2759,4685,0,0,,,,0,,,21.0,1e+20,21,0.1025,0.2186,0.0,0.009,0.0,0.0,,0.0648,0.3958
parking-opt11-strips-pfile06-024,0,True,456,470,1114,2084,1237,2843,4871,0,0,,,,0,,,21.0,1e+20,21,0.101,0.2334,0.0,0.0078,0.0,0.0,,0.0776,0.4207
parking-opt11-strips-pfile07-025,0,True,566,583,1409,2610,1624,3641,6686,0,0,,,,0,,,23.0,1e+20,23,0.1762,0.3943,0.0,0.0119,0.0,0.0,,0.1194,0.7032
parking-opt11-strips-pfile07-026,0,True,539,558,1336,2482,1547,3445,6333,0,0,,,,0,,,21.0,1e+20,21,0.3525,0.3831,0.0,0.0106,0.0,0.0,,0.0936,0.8411
parking-opt11-strips-pfile07-027,0,True,563,581,1480,2682,1620,3712,6683,0,0,,,,0,,,23.0,1e+20,23,0.1519,0.4049,0.0,0.011,0.0,0.0,,0.0827,0.6518
parking-opt11-strips-pfile07-028,0,True,563,580,1459,2659,1611,3681,6656,0,0,,,,0,,,24.0,1e+20,24,0.1516,0.3963,0.0,0.0113,0.0,0.0,,0.1186,0.6791
parking-opt11-strips-pfile08-029,0,True,655,687,1792,3199,2009,4500,8535,0,0,,,,0,,,25.0,1e+20,25,0.2252,0.6823,0.0,0.012,0.0,0.0,,0.0992,1.0224
parking-opt11-strips-pfile08-030,0,True,686,705,1751,3203,1948,4436,8610,0,0,,,,0,,,25.0,1e+20,25,0.2251,0.6517,0.0,0.013,0.0,0.0,,0.1011,0.9948
parking-opt14-strips-p_12_7-01,0,True,195,206,487,919,559,1266,1687,0,0,,,,0,,,13.0,1e+20,13,0.0335,0.0296,0.0,0.0048,0.0,0.0,,0.0283,0.0966
parking-opt14-strips-p_12_7-02,0,True,180,192,467,869,524,1190,1555,0,0,,,,0,,,12.0,1e+20,12,0.0295,0.0276,0.0,0.0052,0.0,0.0,,0.0329,0.0954
parking-opt14-strips-p_12_7-03,0,True,180,193,479,883,532,1211,1581,0,0,,,,0,,,13.0,1e+20,13,0.0428,0.0276,0.0,0.0036,0.0,0.0,,0.0328,0.107
parking-opt14-strips-p_12_7-04,0,True,180,192,467,869,524,1190,1555,0,0,,,,0,,,14.0,1e+20,14,0.0263,0.0276,0.0,0.0027,0.0,0.0,,0.0327,0.0897
parking-opt14-strips-p_14_8-01,0,True,270,281,669,1255,731,1699,2457,0,0,,,,0,,,16.0,1e+20,16,0.0417,0.065,0.0,0.004,0.0,0.0,,0.0279,0.1389
parking-opt14-strips-p_14_8-02,0,True,268,280,693,1280,751,1745,2501,0,0,,,,0,,,16.0,1e+20,16,0.0533,0.0627,0.0,0.0075,0.0,0.0,,0.0451,0.1689
parking-opt14-strips-p_14_8-03,0,True,269,281,682,1269,738,1720,2476,0,0,,,,0,,,16.0,1e+20,16,0.0419,0.0638,0.0,0.0046,0.0,0.0,,0.0284,0.139
parking-opt14-strips-p_14_8-04,0,True,270,281,669,1255,731,1699,2457,0,0,,,,0,,,16.0,1e+20,16,0.0542,0.0628,0.0,0.004,0.0,0.0,,0.0308,0.1521
parking-opt14-strips-p_16_9-01,0,True,334,349,855,1579,937,2148,3367,0,0,,,,0,,,19.0,1e+20,19,0.0724,0.1141,0.0,0.011,0.0,0.0,,0.0676,0.2658
parking-opt14-strips-p_16_9-02,0,True,335,349,856,1580,935,2147,3342,0,0,,,,0,,,17.0,1e+20,17,0.0668,0.1179,0.0,0.0054,0.0,0.0,,0.0499,0.2406
parking-opt14-strips-p_16_9-03,0,True,336,350,829,1553,954,2140,3349,0,0,,,,0,,,17.0,1e+20,17,0.0647,0.1177,0.0,0.0049,0.0,0.0,,0.0565,0.2445
parking-opt14-strips-p_16_9-04,0,True,356,369,899,1666,980,2270,3565,0,0,,,,0,,,18.0,1e+20,18,0.0672,0.1284,0.0,0.0055,0.0,0.0,,0.0474,0.2491
parking-opt14-strips-p_18_10-01,0,True,453,468,1178,2150,1289,2963,5003,0,0,,,,0,,,23.0,1e+20,23,0.1005,0.2306,0.0,0.0075,0.0,0.0,,0.0658,0.4053
parking-opt14-strips-p_18_10-02,0,True,430,451,1123,2052,1272,2856,4797,0,0,,,,0,,,20.0,1e+20,20,0.1019,0.2217,0.0,0.0068,0.0,0.0,,0.0614,0.3927
parking-opt14-strips-p_18_10-03,0,True,429,452,1142,2073,1290,2894,4833,0,0,,,,0,,,19.0,1e+20,19,0.1177,0.2253,0.0,0.0091,0.0,0.0,,0.0583,0.4112
parking-opt14-strips-p_18_10-04,0,True,429,450,1153,2082,1246,2850,4862,0,0,,,,0,,,21.0,1e+20,21,0.1005,0.2248,0.0,0.0074,0.0,0.0,,0.0909,0.4246
parking-opt14-strips-p_20_11-01,0,True,567,583,1409,2610,1624,3641,6686,0,0,,,,0,,,22.0,1e+20,22,0.1744,0.4042,0.0,0.0101,0.0,0.0,,0.1169,0.7069
parking-opt14-strips-p_20_11-02,0,True,539,560,1377,2527,1572,3520,6375,0,0,,,,0,,,21.0,1e+20,21,0.1528,0.3828,0.0,0.0107,0.0,0.0,,0.1226,0.6701
parking-opt14-strips-p_20_11-03,0,True,564,585,1470,2676,1675,3756,6795,0,0,,,,0,,,23.0,1e+20,23,0.1582,0.4026,0.0,0.0158,0.0,0.0,,0.122,0.6999
parking-opt14-strips-p_20_11-04,0,True,567,583,1409,2610,1624,3641,6686,0,0,,,,0,,,23.0,1e+20,23,0.1534,0.4016,0.0,0.0114,0.0,0.0,,0.1196,0.6873
parking-sat11-strips-pfile08-031,0,True,657,684,1724,3125,1954,4372,8425,0,0,,,,0,,,24.0,1e+20,24,0.239,0.6357,0.0,0.0126,0.0,0.0,,0.1614,1.0524
parking-sat11-strips-pfile08-032,0,True,627,657,1644,2985,1861,4157,7979,0,0,,,,0,,,25.0,1e+20,25,0.2407,0.6041,0.0,0.0197,0.0,0.0,,0.1148,0.9831
parking-sat11-strips-pfile09-033,0,True,791,810,1909,3566,2170,4887,10459,0,0,,,,0,,,27.0,1e+20,27,0.4133,0.9716,0.0,0.0176,0.0,0.0,,0.1286,1.535
parking-sat11-strips-pfile09-034,0,True,824,843,1980,3706,2319,5170,10909,0,0,,,,0,,,27.0,1e+20,27,0.322,1.0492,0.0,0.0161,0.0,0.0,,0.1872,1.5783
parking-sat11-strips-pfile09-035,0,True,787,814,2120,3790,2322,5269,10800,0,0,,,,0,,,27.0,1e+20,27,0.3425,1.0023,0.0,0.0161,0.0,0.0,,0.1713,1.5361
parking-sat11-strips-pfile09-036,0,True,790,812,2003,3666,2224,5055,10452,0,0,,,,0,,,26.0,1e+20,26,0.3227,0.9747,0.0,0.0154,0.0,0.0,,0.1384,1.455
parking-sat11-strips-pfile10-037,0,True,933,963,2401,4366,2746,6124,13305,0,0,,,,0,,,29.0,1e+20,29,0.4554,1.5409,0.0,0.0195,0.0,0.0,,0.3029,2.3238
parking-sat11-strips-pfile10-038,0,True,933,962,2374,4337,2722,6070,13293,0,0,,,,0,,,29.0,1e+20,29,0.4561,1.5265,0.0,0.02,0.0,0.0,,0.2524,2.26
parking-sat11-strips-pfile10-039,0,True,933,960,2322,4281,2708,5986,13401,0,0,,,,0,,,28.0,1e+20,28,0.4568,1.5491,0.0,0.025,0.0,0.0,,0.1979,2.2339
parking-sat11-strips-pfile10-040,0,True,936,959,2295,4252,2682,5932,13349,0,0,,,,0,,,28.0,1e+20,28,0.4642,1.4922,0.0,0.0195,0.0,0.0,,0.2639,2.2448
parking-sat11-strips-pfile11-041,0,True,1126,1148,2829,5179,3195,7213,16756,0,0,,,,0,,,32.0,1e+20,32,0.6481,2.3084,0.0,0.0291,0.0,0.0,,0.2071,3.1995
parking-sat11-strips-pfile11-042,0,True,1090,1117,2681,4957,3110,6921,16188,0,0,,,,0,,,31.0,1e+20,31,0.6288,2.2839,0.0,0.0239,0.0,0.0,,0.3037,3.2472
parking-sat11-strips-pfile11-043,0,True,1127,1149,2777,5126,3154,7118,16663,0,0,,,,0,,,32.0,1e+20,32,0.6488,2.3462,0.0,0.0277,0.0,0.0,,0.1576,3.187
parking-sat11-strips-pfile11-044,0,True,1090,1118,2710,4988,3138,6979,16244,0,0,,,,0,,,29.0,1e+20,29,0.6295,2.2789,0.0,0.0231,0.0,0.0,,0.3029,3.2411
parking-sat11-strips-pfile12-045,0,True,1296,1322,3376,6080,3750,8494,20496,0,0,,,,0,,,35.0,1e+20,35,0.8494,3.4686,0.0,0.0314,0.0,0.0,,0.3204,4.6788
parking-sat11-strips-pfile12-046,0,True,1255,1285,3235,5856,3660,8201,19856,0,0,,,,0,,,35.0,1e+20,35,1.0932,3.267,0.0,0.0341,0.0,0.0,,0.26,4.6639
parking-sat11-strips-pfile12-047,0,True,1295,1320,3372,6074,3765,8505,20511,0,0,,,,141,,,36.0,1e+20,36,0.857,3.3978,0.0,0.0342,0.0,0.0,,0.6701,4.9685
parking-sat11-strips-pfile12-048,0,True,1295,1329,3391,6103,3878,8637,20742,0,0,,,,0,,,37.0,1e+20,37,0.8605,3.4917,0.0,0.0352,0.0,0.0,,0.2454,4.6428
parking-sat11-strips-pfile13-049,0,True,1434,1465,3628,6612,4142,9211,24591,0,0,,,,0,,,35.0,1e+20,35,1.1687,4.6872,0.0,0.0406,0.0,0.0,,0.3825,6.2918
parking-sat11-strips-pfile13-050,0,True,1478,1505,3777,6850,4256,9586,24453,0,0,,,,0,,,36.0,1e+20,36,1.1313,4.9007,0.0,0.0401,0.0,0.0,,0.4173,6.5018
parking-sat14-strips-p_28_2,0,True,1127,1155,2871,5230,3310,7371,17004,0,0,,,,0,,,32.0,1e+20,32,0.6364,2.3838,0.0,0.0264,0.0,0.0,,0.1911,3.2455
parking-sat14-strips-p_28_3,0,True,1089,1112,2644,4913,3040,6788,16369,0,0,,,,0,,,30.0,1e+20,30,0.6393,2.1891,0.0,0.0242,0.0,0.0,,0.2166,3.0762
parking-sat14-strips-p_30_1,0,True,1293,1320,3430,6134,3821,8621,20623,0,0,,,,0,,,34.0,1e+20,34,0.864,3.4007,0.0,0.0354,0.0,0.0,,0.3654,4.6745
parking-sat14-strips-p_30_2,0,True,1212,1250,3156,5698,3513,7916,19188,0,0,,,,0,,,33.0,1e+20,33,0.8664,3.1306,0.0,0.036,0.0,0.0,,0.2965,4.3391
parking-sat14-strips-p_30_3,0,True,1298,1326,3240,5944,3756,8359,20474,0,0,,,,0,,,34.0,1e+20,34,0.8538,3.4543,0.0,0.031,0.0,0.0,,0.2412,4.5895
parking-sat14-strips-p_32_1,0,True,1392,1427,3424,6320,3976,8822,22709,0,0,,,,0,,,34.0,1e+20,34,1.1586,4.5545,0.0,0.0364,0.0,0.0,,0.4259,6.1872
parking-sat14-strips-p_32_2,0,True,1479,1506,3810,6885,4271,9635,24498,0,0,,,,0,,,37.0,1e+20,37,1.1388,4.9139,0.0,0.0387,0.0,0.0,,0.3849,6.4884
parking-sat14-strips-p_32_3,0,True,1481,1505,3622,6690,4134,9304,24181,0,0,,,,0,,,36.0,1e+20,36,1.1467,4.8995,0.0,0.0481,0.0,0.0,,0.2732,6.3799
parking-sat14-strips-p_34_1,0,True,1674,1702,4237,7706,4779,10767,28909,0,0,,,,0,,,38.0,1e+20,38,1.5308,6.9289,0.0,0.0506,0.0,0.0,,0.457,8.9826
parking-sat14-strips-p_34_2,0,True,1673,1709,4318,7797,4956,11027,29282,0,0,,,,0,,,38.0,1e+20,38,1.4938,7.083,0.0,0.0518,0.0,0.0,,0.6292,9.2729
parking-sat14-strips-p_34_3,0,True,1675,1707,4215,7689,4870,10835,29096,0,0,,,,0,,,38.0,1e+20,38,1.4974,7.0251,0.0,0.0466,0.0,0.0,,0.4944,9.0785
parking-sat14-strips-p_36_1,0,True,1831,1871,4600,8396,5314,11802,33150,0,0,,,,0,,,40.0,1e+20,40,2.0127,9.6327,0.0,0.0583,0.0,0.0,,0.6168,12.3414
parking-sat14-strips-p_36_2,0,True,1879,1918,4913,8815,5609,12488,34465,0,0,,,,0,,,41.0,1e+20,41,1.9431,9.9539,0.0,0.0606,0.0,0.0,,0.6564,12.6323
parking-sat14-strips-p_36_3,0,True,1779,1828,4540,8241,5271,11577,33615,0,0,,,,0,,,39.0,1e+20,39,1.9722,9.4299,0.0,0.0531,0.0,0.0,,0.4725,11.9466
parking-sat14-strips-p_38_1,0,True,2101,2130,5157,9486,5896,13234,39294,0,0,,,,0,,,41.0,1e+20,41,2.5485,13.7036,0.0,0.0734,0.0,0.0,,0.5898,16.9392
parking-sat14-strips-p_38_2,0,True,2102,2134,5092,9424,5972,13243,39438,0,0,,,,0,,,42.0,1e+20,42,2.5073,13.8613,0.0,0.0718,0.0,0.0,,0.7993,17.2635
parking-sat14-strips-p_38_3,0,True,2044,2092,5257,9498,6051,13414,38999,0,0,,,,0,,,41.0,1e+20,41,2.491,13.3069,0.0,0.0706,0.0,0.0,,0.434,16.3258
parking-sat14-strips-p_40_1,0,True,2272,2322,5833,10537,6706,14880,44968,0,0,,,,0,,,44.0,1e+20,44,3.1686,17.6123,0.0,0.0878,0.0,0.0,,1.046,21.9412
parking-sat14-strips-p_40_2,0,True,2216,2261,5625,10206,6451,14258,45633,0,0,,,,0,,,42.0,1e+20,42,3.1775,17.0875,0.0,0.0829,0.0,0.0,,0.6208,20.995
parking-sat14-strips-p_40_3,0,True,2331,2360,5802,10599,6625,14845,45596,0,0,,,,0,,,45.0,1e+20,45,3.2351,18.1922,0.0,0.0843,0.0,0.0,,0.6515,22.2763
pathways-p01,0,True,16,24,36,78,27,76,35,0,0,,,,0,,,6.0,1e+20,6,0.005,0.0001,0.0,0.0013,0.0,0.0,,0.0045,0.0109
pathways-p02,0,True,7,17,30,71,32,72,36,0,0,,,,0,,,12.0,1e+20,12,0.0115,0.0002,0.0,0.0021,0.0,0.0,,0.0041,0.0179
pathways-p03,0,True,24,38,55,129,65,133,75,0,0,,,,0,,,16.0,1e+20,16,0.0075,0.0002,0.0,0.0028,0.0,0.0,,0.0058,0.0164
pathways-p04,0,True,32,57,77,177,81,181,94,0,0,,,,0,,,15.0,1e+20,15,0.0141,0.0004,0.0,0.0078,0.0,0.0,,0.0066,0.0289
pathways-p05,0,True,48,122,196,379,153,388,213,0,0,,,,0,,,29.0,1e+20,29,0.0062,0.0009,0.0,0.0018,0.0,0.0,,0.023,0.0319
pathways-p06,0,True,58,201,355,649,256,668,389,0,0,,,,0,,,46.0,1e+20,46,0.0077,0.0022,0.0,0.0025,0.0,0.0,,0.018,0.0304
pathways-p07,0,True,80,244,400,746,306,771,447,0,0,,,,0,,,46.0,1e+20,46,0.0086,0.0028,0.0,0.0033,0.0,0.0,,0.0231,0.0379
pathways-p08,0,True,110,479,843,1477,651,1543,1067,0,0,,,,0,,,66.0,1e+20,66,0.0084,0.0072,0.0,0.0026,0.0,0.0,,0.0759,0.0942
pathways-p09,0,True,85,388,672,1187,500,1222,865,0,0,,,,0,,,50.0,1e+20,50,0.009,0.0049,0.0,0.0106,0.0,0.0,,0.0336,0.0582
pathways-p10,0,True,92,457,755,1357,676,1400,1178,0,0,,,,0,,,58.0,1e+20,58,0.0097,0.0057,0.0,0.0042,0.0,0.0,,0.0331,0.0528
pathways-p11,0,True,96,372,578,1085,601,1120,1173,0,0,,,,0,,,54.0,1e+20,54,0.0077,0.0044,0.0,0.0025,0.0,0.0,,0.0282,0.0429
pathways-p12,0,True,111,578,1008,1755,782,1826,1370,0,0,,,,0,,,80.0,1e+20,80,0.0124,0.0084,0.0,0.0058,0.0,0.0,,0.1064,0.133
pathways-p13,0,True,119,660,1177,2009,820,2056,1408,0,0,,,,0,,,75.0,1e+20,75,0.011,0.0102,0.0,0.0043,0.0,0.0,,0.0685,0.094
pathways-p14,0,True,121,630,1098,1895,810,1958,1419,0,0,,,,0,,,76.0,1e+20,76,0.0096,0.0093,0.0,0.0037,0.0,0.0,,0.0687,0.0913
pathways-p15,0,True,120,679,1157,2030,970,2095,1743,0,0,,,,0,,,78.0,1e+20,78,0.0108,0.0106,0.0,0.0034,0.0,0.0,,0.0967,0.1217
pathways-p16,0,True,150,930,1639,2787,1258,2871,2258,0,0,,,,0,,,89.0,1e+20,89,0.0164,0.0176,0.0,0.0058,0.0,0.0,,0.1598,0.1998
pathways-p17,0,True,184,998,1701,2959,1429,3082,2551,0,0,,,,0,,,97.0,1e+20,97,0.0193,0.0216,0.0,0.0051,0.0,0.0,,0.138,0.1841
pathways-p18,0,True,150,746,1306,2256,911,2341,1523,0,0,,,,0,,,98.0,1e+20,98,0.0137,0.0139,0.0,0.0038,0.0,0.0,,0.0729,0.1044
pathways-p19,0,True,203,1218,2128,3611,1666,3720,3154,0,0,,,,0,,,106.0,1e+20,106,0.0208,0.0279,0.0,0.0073,0.0,0.0,,0.2253,0.2816
pathways-p20,0,True,167,860,1491,2580,1108,2689,1897,0,0,,,,0,,,102.0,1e+20,102,0.0227,0.0183,0.0,0.0055,0.0,0.0,,0.0802,0.1268
pathways-p21,0,True,186,1102,1899,3275,1533,3387,2732,0,0,,,,0,,,106.0,1e+20,106,0.0163,0.0252,0.0,0.0051,0.0,0.0,,0.0921,0.1388
pathways-p22,0,True,196,1066,1814,3133,1443,3226,2588,0,0,,,,0,,,106.0,1e+20,106,0.016,0.0229,0.0,0.0049,0.0,0.0,,0.0851,0.129
pathways-p23,0,True,190,1214,2137,3605,1545,3696,2818,0,0,,,,0,,,112.0,1e+20,112,0.0197,0.027,0.0,0.0116,0.0,0.0,,0.113,0.1715
pathways-p24,0,True,174,1072,1925,3251,1405,3373,2471,0,0,,,,0,,,117.0,1e+20,117,0.0399,0.0258,0.0,0.014,0.0,0.0,,0.1815,0.2614
pathways-p25,0,True,238,1966,3567,5853,2477,5999,4637,0,0,,,,0,,,127.0,1e+20,127,0.0261,0.0548,0.0,0.009,0.0,0.0,,0.443,0.5332
pathways-p26,0,True,235,1673,2954,4957,2254,5118,4223,0,0,,,,0,,,129.0,1e+20,129,0.0233,0.048,0.0,0.0083,0.0,0.0,,0.3404,0.4203
pathways-p27,0,True,244,1639,2874,4846,2234,5001,4234,0,0,,,,0,,,127.0,1e+20,127,0.0323,0.0503,0.0,0.0114,0.0,0.0,,0.1995,0.2938
pathways-p28,0,True,250,2044,3659,6040,2636,6189,4996,0,0,,,,0,,,127.0,1e+20,127,0.0337,0.0604,0.0,0.0177,0.0,0.0,,0.2748,0.3869
pathways-p29,0,True,217,1269,2165,3729,1695,3872,3128,0,0,,,,0,,,141.0,1e+20,141,0.0195,0.0331,0.0,0.0071,0.0,0.0,,0.1747,0.2346
pathways-p30,0,True,254,1464,2494,4300,2076,4471,3864,0,0,,,,0,,,131.0,1e+20,131,0.0212,0.0424,0.0,0.0079,0.0,0.0,,0.1753,0.247
pegsol-08-strips-p01,0,False,11,19,39,82,51,109,82,0,0,,,,0,,,2.0,1e+20,2,0.0051,0.0002,0.0,0.0085,0.0,0.0,,0.0072,0.021
pegsol-08-strips-p02,0,False,59,95,208,367,626,614,2138,0,0,,,,0,,,2.0,1e+20,2,0.0071,0.0006,0.0,0.0047,0.0,0.0,,0.2956,0.308
pegsol-08-strips-p03,0,False,60,102,224,392,628,630,2240,0,0,,,,0,,,1.0,1e+20,1,0.0077,0.0006,0.0,0.0123,0.0,0.0,,0.1554,0.1761
pegsol-08-strips-p04,0,False,49,76,170,305,562,545,1991,0,0,,,,0,,,3.0,1e+20,3,0.0058,0.0006,0.0,0.0026,0.0,0.0,,0.0995,0.1085
pegsol-08-strips-p05,0,False,15,33,76,138,101,193,221,0,0,,,,0,,,2.0,1e+20,2,0.0053,0.0002,0.0,0.0022,0.0,0.0,,0.0113,0.0191
pegsol-08-strips-p06,0,False,47,94,218,371,536,582,1691,0,0,,,,216,,,3.0,1e+20,3,0.0066,0.0006,0.0,0.0029,0.0,0.0,,0.3535,0.3637
pegsol-08-strips-p07,0,False,41,80,176,314,549,528,1769,0,0,,,,0,,,3.0,1e+20,3,0.0082,0.0006,0.0,0.0077,0.0,0.0,,0.0842,0.1008
pegsol-08-strips-p08,0,False,55,117,282,465,619,666,2174,0,0,,,,2298,,,3.0,1e+20,3,0.0057,0.0006,0.0,0.0027,0.0,0.0,,2.4545,2.4636
pegsol-08-strips-p09,0,False,47,104,248,413,501,610,1483,0,0,,,,0,,,3.0,1e+20,3,0.4286,0.0006,0.0,0.0897,0.0,0.0,,0.1896,0.7086
pegsol-08-strips-p10,0,False,46,101,245,407,568,616,1891,0,0,,,,241,,,3.0,1e+20,3,0.0056,0.0006,0.0,0.0028,0.0,0.0,,0.3669,0.376
pegsol-08-strips-p11,0,False,52,106,248,418,622,638,2295,0,0,,,,0,,,3.0,1e+20,3,0.006,0.0006,0.0,0.0036,0.0,0.0,,0.1491,0.1594
pegsol-08-strips-p12,0,False,52,111,264,440,664,679,2430,0,0,,,,0,,,3.0,1e+20,3,0.0172,0.0006,0.0,0.0074,0.0,0.0,,0.1438,0.1691
pegsol-08-strips-p13,0,False,50,110,251,424,591,617,2121,0,0,,,,0,,,4.0,1e+20,4,0.0057,0.0007,0.0,0.003,0.0,0.0,,0.1648,0.1742
pegsol-08-strips-p14,0,False,51,111,252,428,583,641,2043,0,0,,,,0,,,4.0,1e+20,4,0.0061,0.0007,0.0,0.0029,0.0,0.0,,0.1135,0.1232
pegsol-08-strips-p15,0,False,44,106,249,416,602,614,2189,0,0,,,,12,,,4.0,1e+20,4,0.018,0.0006,0.0,0.0074,0.0,0.0,,0.1916,0.2177
pegsol-08-strips-p16,0,False,43,101,237,398,509,598,1610,0,0,,,,0,,,6.0,1e+20,6,0.007,0.0006,0.0,0.0037,0.0,0.0,,0.084,0.0954
pegsol-08-strips-p17,0,False,44,112,276,450,571,650,1890,0,0,,,,18665,,,4.0,1e+20,4,0.015,0.0006,0.0,0.0064,0.0,0.0,,9.1825,9.2046
pegsol-08-strips-p18,0,False,40,100,236,394,566,591,1950,0,0,,,,9,,,5.0,1e+20,5,0.0054,0.0006,0.0,0.0028,0.0,0.0,,0.2624,0.2712
pegsol-08-strips-p19,0,False,41,103,251,413,553,601,1950,0,0,,,,335,,,5.0,1e+20,5,0.0148,0.0006,0.0,0.0087,0.0,0.0,,0.3607,0.3849
pegsol-08-strips-p20,0,False,50,121,297,484,632,689,2342,0,0,,,,291,,,3.0,1e+20,3,0.0065,0.0006,0.0,0.0034,0.0,0.0,,0.5786,0.5892
pegsol-08-strips-p21,0,False,48,115,271,450,652,646,2558,0,0,,,,95,,,5.0,1e+20,5,0.0068,0.0007,0.0,0.0058,0.0,0.0,,0.4703,0.4836
pegsol-08-strips-p22,0,False,43,107,241,410,619,638,2100,0,0,,,,0,,,4.0,1e+20,4,0.0057,0.0006,0.0,0.0029,0.0,0.0,,0.1072,0.1165
pegsol-08-strips-p23,0,False,48,119,294,478,643,682,2410,0,0,,,,4346,,,5.0,1e+20,5,0.0127,0.0007,0.0,0.0053,0.0,0.0,,3.277,3.2957
pegsol-08-strips-p24,0,False,46,112,259,435,637,660,2444,0,0,,,,56,,,5.0,1e+20,5,0.0064,0.0007,0.0,0.0029,0.0,0.0,,0.1402,0.1502
pegsol-08-strips-p25,0,False,48,120,296,482,708,707,2794,0,0,,,,213,,,4.0,1e+20,4,0.0069,0.0007,0.0,0.0037,0.0,0.0,,0.8418,0.8531
pegsol-08-strips-p26,0,False,40,124,312,498,577,674,2218,0,0,,,,75,,,5.0,1e+20,5,0.0084,0.0006,0.0,0.0054,0.0,0.0,,0.3725,0.387
pegsol-08-strips-p27,0,False,43,124,294,483,623,687,2170,0,0,,,,0,,,5.0,1e+20,5,0.0143,0.0007,0.0,0.0096,0.0,0.0,,0.1829,0.2075
pegsol-08-strips-p28,0,False,42,132,296,494,605,675,2215,0,0,,,,0,,,9.0,1e+20,9,0.0304,0.0007,0.0,0.0076,0.0,0.0,,0.1241,0.1628
pegsol-08-strips-p29,0,False,39,138,332,536,646,734,2384,0,0,,,,2897,,,8.0,1e+20,8,0.0067,0.0007,0.0,0.0062,0.0,0.0,,1.1477,1.1613
pegsol-08-strips-p30,0,False,28,144,348,554,582,714,2080,0,0,,,,85,,,13.0,1e+20,13,0.013,0.0007,0.0,0.0049,0.0,0.0,,0.4448,0.4635
pegsol-opt11-strips-p01,0,False,48,95,213,370,607,614,2059,0,0,,,,0,,,2.0,1e+20,2,0.0071,0.0007,0.0,0.0083,0.0,0.0,,0.1814,0.1975
pegsol-opt11-strips-p02,0,False,44,112,276,450,571,650,1890,0,0,,,,18665,,,4.0,1e+20,4,0.0117,0.0006,0.0,0.0047,0.0,0.0,,9.1883,9.2054
pegsol-opt11-strips-p03,0,False,40,100,236,394,566,591,1950,0,0,,,,9,,,5.0,1e+20,5,0.0983,0.0006,0.0,0.0078,0.0,0.0,,0.2663,0.3731
pegsol-opt11-strips-p04,0,False,41,103,251,413,553,601,1950,0,0,,,,335,,,5.0,1e+20,5,0.0069,0.0006,0.0,0.0057,0.0,0.0,,0.3605,0.3739
pegsol-opt11-strips-p05,0,False,50,123,282,470,591,647,2256,0,0,,,,4868,,,7.0,1e+20,7,0.025,0.0007,0.0,0.0028,0.0,0.0,,2.6137,2.6422
pegsol-opt11-strips-p06,0,False,40,100,252,410,625,602,2511,0,0,,,,1638,,,5.0,1e+20,5,0.0057,0.0006,0.0,0.003,0.0,0.0,,1.3638,1.373
pegsol-opt11-strips-p07,0,False,50,119,287,471,607,668,2049,0,0,,,,120,,,4.0,1e+20,4,0.0113,0.0006,0.0,0.0045,0.0,0.0,,0.3184,0.3348
pegsol-opt11-strips-p08,0,False,50,121,297,484,632,689,2342,0,0,,,,291,,,3.0,1e+20,3,0.0111,0.0006,0.0,0.0063,0.0,0.0,,0.5788,0.5969
pegsol-opt11-strips-p09,0,False,47,114,266,443,665,639,2668,0,0,,,,0,,,4.0,1e+20,4,0.0059,0.0007,0.0,0.0035,0.0,0.0,,0.2389,0.249
pegsol-opt11-strips-p10,0,False,48,115,271,450,652,646,2558,0,0,,,,95,,,5.0,1e+20,5,0.0097,0.0006,0.0,0.0067,0.0,0.0,,0.4079,0.425
pegsol-opt11-strips-p11,0,False,43,107,241,410,619,638,2100,0,0,,,,0,,,4.0,1e+20,4,0.0064,0.0006,0.0,0.0043,0.0,0.0,,0.1113,0.1227
pegsol-opt11-strips-p12,0,False,40,100,228,387,582,579,2080,0,0,,,,28,,,6.0,1e+20,6,0.0065,0.0006,0.0,0.0099,0.0,0.0,,0.1949,0.2121
pegsol-opt11-strips-p13,0,False,48,119,294,478,643,682,2410,0,0,,,,4346,,,5.0,1e+20,5,0.0141,0.0007,0.0,0.0085,0.0,0.0,,3.2727,3.296
pegsol-opt11-strips-p14,0,False,46,112,259,435,637,660,2444,0,0,,,,56,,,5.0,1e+20,5,0.0081,0.0007,0.0,0.0034,0.0,0.0,,0.1404,0.1526
pegsol-opt11-strips-p15,0,False,48,120,296,482,708,707,2794,0,0,,,,213,,,4.0,1e+20,4,0.0056,0.0007,0.0,0.0031,0.0,0.0,,0.8349,0.8444
pegsol-opt11-strips-p16,0,False,40,124,312,498,577,674,2218,0,0,,,,75,,,5.0,1e+20,5,0.0064,0.0006,0.0,0.003,0.0,0.0,,0.3727,0.3828
pegsol-opt11-strips-p17,0,False,43,124,294,483,623,687,2170,0,0,,,,0,,,5.0,1e+20,5,0.0072,0.0007,0.0,0.0043,0.0,0.0,,0.1817,0.194
pegsol-opt11-strips-p18,0,False,42,132,296,494,605,675,2215,0,0,,,,0,,,9.0,1e+20,9,0.0586,0.0007,0.0,0.0035,0.0,0.0,,0.1232,0.186
pegsol-opt11-strips-p19,0,False,39,138,332,536,646,734,2384,0,0,,,,2897,,,8.0,1e+20,8,0.006,0.0007,0.0,0.0034,0.0,0.0,,1.1484,1.1585
pegsol-opt11-strips-p20,0,False,28,144,348,554,582,714,2080,0,0,,,,85,,,13.0,1e+20,13,0.0207,0.0007,0.0,0.0072,0.0,0.0,,0.4145,0.4432
pegsol-sat11-strips-p01,0,False,44,112,276,450,571,650,1890,0,0,,,,18665,,,4.0,1e+20,4,0.0058,0.0006,0.0,0.0027,0.0,0.0,,9.183,9.1922
pegsol-sat11-strips-p02,0,False,40,100,236,394,566,591,1950,0,0,,,,9,,,5.0,1e+20,5,0.0289,0.0006,0.0,0.0065,0.0,0.0,,0.2636,0.2996
pegsol-sat11-strips-p03,0,False,41,103,251,413,553,601,1950,0,0,,,,335,,,5.0,1e+20,5,0.0058,0.0006,0.0,0.003,0.0,0.0,,0.3608,0.3702
pegsol-sat11-strips-p04,0,False,50,123,282,470,591,647,2256,0,0,,,,4868,,,7.0,1e+20,7,0.0058,0.0006,0.0,0.0029,0.0,0.0,,2.6019,2.6113
pegsol-sat11-strips-p05,0,False,40,100,252,410,625,602,2511,0,0,,,,1638,,,5.0,1e+20,5,0.006,0.0006,0.0,0.0092,0.0,0.0,,1.3639,1.3798
pegsol-sat11-strips-p06,0,False,50,119,287,471,607,668,2049,0,0,,,,120,,,4.0,1e+20,4,0.0068,0.0006,0.0,0.0068,0.0,0.0,,0.3127,0.3269
pegsol-sat11-strips-p07,0,False,47,114,266,443,665,639,2668,0,0,,,,0,,,4.0,1e+20,4,0.0062,0.0006,0.0,0.006,0.0,0.0,,0.2397,0.2526
pegsol-sat11-strips-p08,0,False,40,100,228,387,582,579,2080,0,0,,,,28,,,6.0,1e+20,6,0.0095,0.0006,0.0,0.0049,0.0,0.0,,0.1943,0.2094
pegsol-sat11-strips-p09,0,False,46,112,259,435,637,660,2444,0,0,,,,56,,,5.0,1e+20,5,0.0361,0.0007,0.0,0.0085,0.0,0.0,,0.1412,0.1866
pegsol-sat11-strips-p10,0,False,50,121,297,484,632,689,2342,0,0,,,,291,,,3.0,1e+20,3,0.0105,0.0006,0.0,0.006,0.0,0.0,,0.5927,0.6098
pegsol-sat11-strips-p11,0,False,48,115,271,450,652,646,2558,0,0,,,,95,,,5.0,1e+20,5,0.0123,0.0007,0.0,0.0052,0.0,0.0,,0.4079,0.426
pegsol-sat11-strips-p12,0,False,48,119,294,478,643,682,2410,0,0,,,,4346,,,5.0,1e+20,5,0.006,0.0007,0.0,0.0031,0.0,0.0,,3.2736,3.2835
pegsol-sat11-strips-p13,0,False,50,110,251,424,591,617,2121,0,0,,,,0,,,4.0,1e+20,4,0.0062,0.0006,0.0,0.0051,0.0,0.0,,0.1672,0.1792
pegsol-sat11-strips-p14,0,False,48,120,296,482,708,707,2794,0,0,,,,213,,,4.0,1e+20,4,0.0117,0.0007,0.0,0.0052,0.0,0.0,,0.8369,0.8545
pegsol-sat11-strips-p15,0,False,51,111,252,428,583,641,2043,0,0,,,,0,,,4.0,1e+20,4,0.006,0.0007,0.0,0.003,0.0,0.0,,0.1136,0.1232
pegsol-sat11-strips-p16,0,False,40,124,312,498,577,674,2218,0,0,,,,75,,,5.0,1e+20,5,0.0359,0.0006,0.0,0.0073,0.0,0.0,,0.3725,0.4164
pegsol-sat11-strips-p17,0,False,43,124,294,483,623,687,2170,0,0,,,,0,,,5.0,1e+20,5,0.0068,0.0007,0.0,0.0045,0.0,0.0,,0.1815,0.1936
pegsol-sat11-strips-p18,0,False,42,132,296,494,605,675,2215,0,0,,,,0,,,9.0,1e+20,9,0.023,0.0007,0.0,0.0029,0.0,0.0,,0.1226,0.1492
pegsol-sat11-strips-p19,0,False,39,138,332,536,646,734,2384,0,0,,,,2897,,,8.0,1e+20,8,0.0148,0.0007,0.0,0.01,0.0,0.0,,1.1486,1.1741
pegsol-sat11-strips-p20,0,False,28,144,348,554,582,714,2080,0,0,,,,85,,,13.0,1e+20,13,0.0167,0.0007,0.0,0.0073,0.0,0.0,,0.4138,0.4386
petri-net-alignment-opt18-strips-p01,0,False,115,440,630,1449,1590,1649,2890,0,0,,,,0,,,7.0,1e+20,7,0.0118,0.0091,0.0,0.0059,0.0,0.0,,0.0197,0.0465
petri-net-alignment-opt18-strips-p02,0,False,147,593,850,1919,2475,2194,5819,0,0,,,,0,,,18.0,1e+20,18,0.0118,0.0146,0.0,0.0101,0.0,0.0,,0.1385,0.1751
petri-net-alignment-opt18-strips-p03,0,False,147,699,1018,2246,3798,2581,15194,0,0,,,,0,,,33.0,1e+20,33,0.0109,0.0188,0.0,0.0134,0.0,0.0,,0.3283,0.3727
petri-net-alignment-opt18-strips-p04,0,False,147,717,1043,2298,4787,2643,24162,0,0,,,,0,,,47.0,1e+20,47,0.0126,0.0193,0.0,0.0186,0.0,0.0,,0.6596,0.7113
petri-net-alignment-opt18-strips-p05,0,False,126,559,802,1806,3691,2061,18136,0,0,,,,0,,,42.0,1e+20,42,0.0534,0.0135,0.0,0.0184,0.0,0.0,,0.4896,0.5749
petri-net-alignment-opt18-strips-p06,0,False,147,719,1044,2302,5578,2643,37399,0,0,,,,0,,,63.0,1e+20,63,0.0117,0.0193,0.0,0.0237,0.0,0.0,,2.4558,2.5117
petri-net-alignment-opt18-strips-p07,0,False,147,683,989,2193,5350,2517,38498,0,0,,,,0,,,57.0,1e+20,57,0.0171,0.0181,0.0,0.027,0.0,0.0,,1.5201,1.5834
petri-net-alignment-opt18-strips-p08,0,False,147,721,1045,2306,5941,2647,49406,0,0,,,,0,,,71.0,1e+20,71,0.0452,0.0199,0.0,0.0415,0.0,0.0,,4.8988,5.0065
petri-net-alignment-opt18-strips-p09,0,False,147,700,1013,2243,6005,2575,50330,0,0,,,,0,,,59.0,1e+20,59,0.0111,0.0189,0.0,0.0309,0.0,0.0,,2.5181,2.5802
petri-net-alignment-opt18-strips-p10,0,False,147,887,1293,2803,8213,3227,85329,0,0,,,,0,,,89.0,1e+20,89,0.013,0.0288,0.0,0.0487,0.0,0.0,,9.0379,9.1303
petri-net-alignment-opt18-strips-p11,0,False,146,775,1115,2457,7240,2817,67894,0,0,,,,0,,,65.0,1e+20,65,0.012,0.0232,0.0,0.039,0.0,0.0,,5.2992,5.3735
petri-net-alignment-opt18-strips-p12,0,False,147,1013,1483,3183,11251,3672,167824,0,0,,,,0,,,86.0,1e+20,86,0.017,0.0372,0.0,0.0954,0.0,0.0,,134.7022,134.8542
petri-net-alignment-opt18-strips-p13,0,False,147,884,1288,2794,9777,3217,126720,0,0,,,,15,,,84.0,1e+20,84,0.0371,0.0287,0.0,0.0754,0.0,0.0,,520.9386,521.0817
petri-net-alignment-opt18-strips-p14,0,False,115,875,1269,2742,9118,3148,124087,0,0,,,,0,,,75.0,1e+20,75,0.0151,0.0297,0.0,0.0686,0.0,0.0,,14.8532,14.9667
petri-net-alignment-opt18-strips-p15,0,False,147,874,1268,2759,10053,3173,146607,0,0,,,,0,,,83.0,1e+20,83,0.0155,0.0282,0.0,0.081,0.0,0.0,,70.1171,70.2435
petri-net-alignment-opt18-strips-p16,0,False,147,959,1397,3016,10108,3472,125701,0,0,,,,0,,,74.0,1e+20,74,0.0154,0.0334,0.0,0.0747,0.0,0.0,,10.1145,10.2402
petri-net-alignment-opt18-strips-p17,0,False,147,993,1456,3126,11966,3608,190827,0,0,,,,0,,,86.0,1e+20,86,0.0173,0.0361,0.0,0.1018,0.0,0.0,,160.7966,160.9541
petri-net-alignment-opt18-strips-p18,0,False,115,936,1367,2931,11069,3374,167245,0,0,,,,0,,,77.0,1e+20,77,0.0145,0.0322,0.0,0.0907,0.0,0.0,,23.4866,23.6259
petri-net-alignment-opt18-strips-p19,0,False,147,992,1450,3118,12191,3593,187331,0,0,,,,0,,,63.0,1e+20,63,0.0397,0.0355,0.0,0.1028,0.0,0.0,,35.451,35.6313
petri-net-alignment-opt18-strips-p20,0,False,147,1017,1490,3196,12440,3688,173635,0,0,,,,0,,,84.0,1e+20,84,0.0182,0.0376,0.0,0.0958,0.0,0.0,,93.6322,93.7862
philosophers-p01-phil2,-3,False,0,0,0,0,0,0,0,0,0,,,,0,,,0.0,1e+20,1e+20,0,0,0,0,0,0,,0,0
philosophers-p02-phil3,-3,False,0,0,0,0,0,0,0,0,0,,,,0,,,0.0,1e+20,1e+20,0,0,0,0,0,0,,0,0
philosophers-p03-phil4,-3,False,0,0,0,0,0,0,0,0,0,,,,0,,,0.0,1e+20,1e+20,0,0,0,0,0,0,,0,0
philosophers-p04-phil5,-3,False,0,0,0,0,0,0,0,0,0,,,,0,,,0.0,1e+20,1e+20,0,0,0,0,0,0,,0,0
philosophers-p05-phil6,-3,False,0,0,0,0,0,0,0,0,0,,,,0,,,0.0,1e+20,1e+20,0,0,0,0,0,0,,0,0
philosophers-p06-phil7,-3,False,0,0,0,0,0,0,0,0,0,,,,0,,,0.0,1e+20,1e+20,0,0,0,0,0,0,,0,0
philosophers-p07-phil8,-3,False,0,0,0,0,0,0,0,0,0,,,,0,,,0.0,1e+20,1e+20,0,0,0,0,0,0,,0,0
philosophers-p08-phil9,-3,False,0,0,0,0,0,0,0,0,0,,,,0,,,0.0,1e+20,1e+20,0,0,0,0,0,0,,0,0
philosophers-p09-phil10,-3,False,0,0,0,0,0,0,0,0,0,,,,0,,,0.0,1e+20,1e+20,0,0,0,0,0,0,,0,0
philosophers-p10-phil11,-3,False,0,0,0,0,0,0,0,0,0,,,,0,,,0.0,1e+20,1e+20,0,0,0,0,0,0,,0,0
philosophers-p11-phil12,-3,False,0,0,0,0,0,0,0,0,0,,,,0,,,0.0,1e+20,1e+20,0,0,0,0,0,0,,0,0
philosophers-p12-phil13,-3,False,0,0,0,0,0,0,0,0,0,,,,0,,,0.0,1e+20,1e+20,0,0,0,0,0,0,,0,0
philosophers-p13-phil14,-3,False,0,0,0,0,0,0,0,0,0,,,,0,,,0.0,1e+20,1e+20,0,0,0,0,0,0,,0,0
philosophers-p14-phil15,-3,False,0,0,0,0,0,0,0,0,0,,,,0,,,0.0,1e+20,1e+20,0,0,0,0,0,0,,0,0
philosophers-p15-phil16,-3,False,0,0,0,0,0,0,0,0,0,,,,0,,,0.0,1e+20,1e+20,0,0,0,0,0,0,,0,0
philosophers-p16-phil17,-3,False,0,0,0,0,0,0,0,0,0,,,,0,,,0.0,1e+20,1e+20,0,0,0,0,0,0,,0,0
philosophers-p17-phil18,-3,False,0,0,0,0,0,0,0,0,0,,,,0,,,0.0,1e+20,1e+20,0,0,0,0,0,0,,0,0
philosophers-p18-phil19,-3,False,0,0,0,0,0,0,0,0,0,,,,0,,,0.0,1e+20,1e+20,0,0,0,0,0,0,,0,0
philosophers-p19-phil20,-3,False,0,0,0,0,0,0,0,0,0,,,,0,,,0.0,1e+20,1e+20,0,0,0,0,0,0,,0,0
philosophers-p20-phil21,-3,False,0,0,0,0,0,0,0,0,0,,,,0,,,0.0,1e+20,1e+20,0,0,0,0,0,0,,0,0
philosophers-p21-phil22,-3,False,0,0,0,0,0,0,0,0,0,,,,0,,,0.0,1e+20,1e+20,0,0,0,0,0,0,,0,0
philosophers-p22-phil23,-3,False,0,0,0,0,0,0,0,0,0,,,,0,,,0.0,1e+20,1e+20,0,0,0,0,0,0,,0,0
philosophers-p23-phil24,-3,False,0,0,0,0,0,0,0,0,0,,,,0,,,0.0,1e+20,1e+20,0,0,0,0,0,0,,0,0
philosophers-p24-phil25,-3,False,0,0,0,0,0,0,0,0,0,,,,0,,,0.0,1e+20,1e+20,0,0,0,0,0,0,,0,0
philosophers-p25-phil26,-3,False,0,0,0,0,0,0,0,0,0,,,,0,,,0.0,1e+20,1e+20,0,0,0,0,0,0,,0,0
philosophers-p26-phil27,-3,False,0,0,0,0,0,0,0,0,0,,,,0,,,0.0,1e+20,1e+20,0,0,0,0,0,0,,0,0
philosophers-p27-phil28,-3,False,0,0,0,0,0,0,0,0,0,,,,0,,,0.0,1e+20,1e+20,0,0,0,0,0,0,,0,0
philosophers-p28-phil29,-3,False,0,0,0,0,0,0,0,0,0,,,,0,,,0.0,1e+20,1e+20,0,0,0,0,0,0,,0,0
philosophers-p29-phil30,-3,False,0,0,0,0,0,0,0,0,0,,,,0,,,0.0,1e+20,1e+20,0,0,0,0,0,0,,0,0
philosophers-p30-phil31,-3,False,0,0,0,0,0,0,0,0,0,,,,0,,,0.0,1e+20,1e+20,0,0,0,0,0,0,,0,0
philosophers-p31-phil32,-3,False,0,0,0,0,0,0,0,0,0,,,,0,,,0.0,1e+20,1e+20,0,0,0,0,0,0,,0,0
philosophers-p32-phil33,-3,False,0,0,0,0,0,0,0,0,0,,,,0,,,0.0,1e+20,1e+20,0,0,0,0,0,0,,0,0
philosophers-p33-phil34,-3,False,0,0,0,0,0,0,0,0,0,,,,0,,,0.0,1e+20,1e+20,0,0,0,0,0,0,,0,0
philosophers-p34-phil35,-3,False,0,0,0,0,0,0,0,0,0,,,,0,,,0.0,1e+20,1e+20,0,0,0,0,0,0,,0,0
philosophers-p35-phil36,-3,False,0,0,0,0,0,0,0,0,0,,,,0,,,0.0,1e+20,1e+20,0,0,0,0,0,0,,0,0
philosophers-p36-phil37,-3,False,0,0,0,0,0,0,0,0,0,,,,0,,,0.0,1e+20,1e+20,0,0,0,0,0,0,,0,0
philosophers-p37-phil38,-3,False,0,0,0,0,0,0,0,0,0,,,,0,,,0.0,1e+20,1e+20,0,0,0,0,0,0,,0,0
philosophers-p38-phil39,-3,False,0,0,0,0,0,0,0,0,0,,,,0,,,0.0,1e+20,1e+20,0,0,0,0,0,0,,0,0
philosophers-p39-phil40,-3,False,0,0,0,0,0,0,0,0,0,,,,0,,,0.0,1e+20,1e+20,0,0,0,0,0,0,,0,0
philosophers-p40-phil41,-3,False,0,0,0,0,0,0,0,0,0,,,,0,,,0.0,1e+20,1e+20,0,0,0,0,0,0,,0,0
philosophers-p41-phil42,-3,False,0,0,0,0,0,0,0,0,0,,,,0,,,0.0,1e+20,1e+20,0,0,0,0,0,0,,0,0
philosophers-p42-phil43,-3,False,0,0,0,0,0,0,0,0,0,,,,0,,,0.0,1e+20,1e+20,0,0,0,0,0,0,,0,0
philosophers-p43-phil44,-3,False,0,0,0,0,0,0,0,0,0,,,,0,,,0.0,1e+20,1e+20,0,0,0,0,0,0,,0,0
philosophers-p44-phil45,-3,False,0,0,0,0,0,0,0,0,0,,,,0,,,0.0,1e+20,1e+20,0,0,0,0,0,0,,0,0
philosophers-p45-phil46,-3,False,0,0,0,0,0,0,0,0,0,,,,0,,,0.0,1e+20,1e+20,0,0,0,0,0,0,,0,0
philosophers-p46-phil47,-3,False,0,0,0,0,0,0,0,0,0,,,,0,,,0.0,1e+20,1e+20,0,0,0,0,0,0,,0,0
philosophers-p47-phil48,-3,False,0,0,0,0,0,0,0,0,0,,,,0,,,0.0,1e+20,1e+20,0,0,0,0,0,0,,0,0
philosophers-p48-phil49,-3,False,0,0,0,0,0,0,0,0,0,,,,0,,,0.0,1e+20,1e+20,0,0,0,0,0,0,,0,0
pipesworld-notankage-p01-net1-b6-g2,0,True,22,38,119,192,87,237,165,0,0,,,,0,,,5.0,1e+20,5,0.0066,0.0003,0.0,0.0016,0.0,0.0,,0.0092,0.0177
pipesworld-notankage-p02-net1-b6-g4,0,True,19,38,130,205,95,258,173,0,0,,,,0,,,7.0,1e+20,7,0.009,0.0003,0.0,0.0098,0.0,0.0,,0.01,0.0293
pipesworld-notankage-p03-net1-b8-g3,0,True,34,59,202,314,157,410,294,0,0,,,,0,,,7.0,1e+20,7,0.0063,0.0007,0.0,0.0026,0.0,0.0,,0.0125,0.0222
pipesworld-notankage-p04-net1-b8-g5,0,True,32,59,202,314,165,410,305,0,0,,,,0,,,7.0,1e+20,7,0.0066,0.0007,0.0,0.0023,0.0,0.0,,0.0128,0.0225
pipesworld-notankage-p05-net1-b10-g4,0,True,45,98,341,504,304,675,714,0,0,,,,0,,,7.0,1e+20,7,0.0122,0.0012,0.0,0.0057,0.0,0.0,,0.0232,0.0423
pipesworld-notankage-p06-net1-b10-g6,0,True,41,98,343,507,307,679,714,0,0,,,,0,,,9.0,1e+20,9,0.0284,0.0012,0.0,0.0028,0.0,0.0,,0.023,0.0554
pipesworld-notankage-p07-net1-b12-g5,0,True,54,148,467,693,551,944,1559,0,0,,,,0,,,8.0,1e+20,8,0.0102,0.0019,0.0,0.0029,0.0,0.0,,0.0458,0.0608
pipesworld-notankage-p08-net1-b12-g7,0,True,48,148,480,708,573,971,1603,0,0,,,,0,,,10.0,1e+20,10,0.0082,0.0019,0.0,0.0025,0.0,0.0,,0.0556,0.0684
pipesworld-notankage-p09-net1-b14-g6,0,True,55,198,660,950,713,1314,1945,0,0,,,,0,,,13.0,1e+20,13,0.0132,0.0027,0.0,0.0073,0.0,0.0,,0.094,0.1174
pipesworld-notankage-p10-net1-b14-g8,0,True,46,198,681,973,757,1355,2047,0,0,,,,0,,,17.0,1e+20,17,0.0093,0.0027,0.0,0.0033,0.0,0.0,,0.181,0.1964
pipesworld-notankage-p11-net2-b10-g2,0,True,156,738,1572,2479,4090,3315,49511,0,0,,,,0,,,11.0,1e+20,11,0.0193,0.006,0.0,0.0288,0.0,0.0,,2.7229,2.777
pipesworld-notankage-p12-net2-b10-g4,0,True,152,738,1572,2479,4090,3315,49511,0,0,,,,0,,,13.0,1e+20,13,0.0106,0.0061,0.0,0.027,0.0,0.0,,4.9421,4.9858
pipesworld-notankage-p13-net2-b12-g3,0,True,189,913,1953,3072,5215,4117,66814,0,0,,,,0,,,12.0,1e+20,12,0.0131,0.009,0.0,0.0374,0.0,0.0,,3.0651,3.1247
pipesworld-notankage-p14-net2-b12-g5,2,True,191,984,2109,3309,5371,4427,67011,0,0,,,,1630,,,16.903,1e+20,18,0.0158,0.0094,0.0,0.0402,0.0,0.0,,899.963,900.0285
pipesworld-notankage-p15-net2-b14-g4,0,True,202,940,1936,3097,5017,4171,50645,0,0,,,,0,,,14.0,1e+20,14,0.0142,0.0097,0.0,0.031,0.0,0.0,,7.6768,7.7318
pipesworld-notankage-p16-net2-b14-g6,0,True,198,940,1948,3110,5021,4196,50544,0,0,,,,0,,,19.0,1e+20,19,0.0142,0.0099,0.0,0.028,0.0,0.0,,8.0171,8.0692
pipesworld-notankage-p17-net2-b16-g5,0,True,295,1558,3291,5163,8293,6862,118047,0,0,,,,0,,,12.0,1e+20,12,0.0252,0.0193,0.0,0.0688,0.0,0.0,,3.1802,3.2937
pipesworld-notankage-p18-net2-b16-g7,0,True,289,1558,3336,5210,8341,6951,118241,0,0,,,,655,,,18.0,1e+20,18,0.0206,0.0194,0.0,0.0704,0.0,0.0,,66.5689,66.6795
pipesworld-notankage-p19-net2-b18-g6,0,True,350,1900,4069,6344,10211,8499,152182,0,0,,,,6272,,,20.0,1e+20,20,0.0235,0.0291,0.0,0.0863,0.0,0.0,,869.5571,869.6961
pipesworld-notankage-p20-net2-b18-g8,0,True,345,1900,4106,6383,10253,8573,152635,0,0,,,,4139,,,23.0,1e+20,23,0.022,0.0283,0.0,0.0865,0.0,0.0,,761.968,762.1051
pipesworld-notankage-p21-net3-b12-g2,0,True,229,1025,2205,3470,6155,4704,85418,0,0,,,,0,,,9.0,1e+20,9,0.0145,0.0117,0.0,0.0462,0.0,0.0,,2.4991,2.5716
pipesworld-notankage-p22-net3-b12-g4,0,True,219,1025,2253,3525,6198,4802,85467,0,0,,,,0,,,19.0,1e+20,19,0.0153,0.0125,0.0,0.0467,0.0,0.0,,15.0129,15.0875
pipesworld-notankage-p23-net3-b14-g3,0,True,297,1466,3231,5016,8019,6771,113482,0,0,,,,0,,,14.0,1e+20,14,0.0195,0.0209,0.0,0.0647,0.0,0.0,,16.1578,16.2631
pipesworld-notankage-p24-net3-b14-g5,0,True,293,1466,3278,5065,8064,6863,113559,0,0,,,,0,,,18.0,1e+20,18,0.0206,0.0219,0.0,0.0654,0.0,0.0,,8.4531,8.5611
pipesworld-notankage-p25-net3-b16-g5,0,True,363,1900,4159,6452,10150,8683,150336,0,0,,,,251,,,20.0,1e+20,20,0.0268,0.0346,0.0,0.0855,0.0,0.0,,82.6863,82.8335
pipesworld-notankage-p26-net3-b16-g7,0,True,355,1900,4187,6482,10182,8738,150285,0,0,,,,467,,,24.0,1e+20,24,0.0271,0.0345,0.0,0.0863,0.0,0.0,,181.1885,181.3366
pipesworld-notankage-p27-net3-b18-g6,0,True,429,2280,5085,7824,11907,10597,178948,0,0,,,,0,,,19.0,1e+20,19,0.0298,0.0482,0.0,0.1035,0.0,0.0,,20.5131,20.6949
pipesworld-notankage-p28-net3-b18-g7,0,True,424,2280,5099,7839,11932,10625,179073,0,0,,,,0,,,25.0,1e+20,25,0.0303,0.0477,0.0,0.1036,0.0,0.0,,19.52,19.7019
pipesworld-notankage-p29-net3-b20-g6,0,True,522,2910,6425,9888,16502,13354,336746,0,0,,,,351,,,21.0,1e+20,21,0.0398,0.0713,0.0,0.179,0.0,0.0,,140.2109,140.5014
pipesworld-notankage-p30-net3-b20-g8,0,True,468,2661,5817,8984,13508,11991,209424,0,0,,,,613,,,30.0,1e+20,30,0.0354,0.0578,0.0,0.1236,0.0,0.0,,318.3826,318.5997
pipesworld-notankage-p31-net4-b14-g3,2,True,325,2131,5171,7639,16025,10240,450821,0,0,,,,115,,,13.0,1e+20,21,0.0249,0.0392,0.0,0.2265,0.0,0.0,,899.8479,900.1388
pipesworld-notankage-p32-net4-b14-g5,2,True,320,2131,5193,7663,16051,10290,450854,0,0,,,,125,,,16.0,1e+20,24,0.0254,0.0405,0.0,0.2265,0.0,0.0,,899.9432,900.2359
pipesworld-notankage-p33-net4-b16-g5,2,True,359,2256,5479,8112,19287,10901,588621,0,0,,,,334,,,15.521,1e+20,18,0.0296,0.0464,0.0,0.2912,0.0,0.0,,899.8437,900.2112
pipesworld-notankage-p34-net4-b16-g6,2,True,385,2589,6372,9370,20302,12580,626314,0,0,,,,270,,,17.895,1e+20,30,0.0346,0.0586,0.0,0.3188,0.0,0.0,,899.9653,900.3777
pipesworld-notankage-p35-net4-b18-g4,2,True,475,3482,8431,12402,25735,16442,899242,0,0,,,,73,,,11.625,1e+20,29,0.0438,0.0898,0.0,0.4551,0.0,0.0,,899.7159,900.305
pipesworld-notankage-p36-net4-b18-g6,2,True,470,3482,8499,12473,25967,16580,899678,0,0,,,,79,,,14.841,1e+20,22,0.0577,0.0915,0.0,0.4568,0.0,0.0,,899.7032,900.3095
pipesworld-notankage-p37-net4-b20-g5,2,True,546,3944,9730,14236,31297,18953,1201983,0,0,,,,60,,,12.075,1e+20,16,0.0524,0.118,0.0,0.6576,0.0,0.0,,899.6094,900.4379
pipesworld-notankage-p38-net4-b20-g7,2,True,544,3944,9784,14291,31360,19059,1201967,0,0,,,,64,,,14.89,1e+20,33,0.0578,0.1182,0.0,0.6558,0.0,0.0,,899.4815,900.3137
pipesworld-notankage-p39-net4-b22-g7,2,True,669,5227,12906,18829,39261,25095,1621081,0,0,,,,18,,,17.264,1e+20,24,0.0818,0.1954,0.0,0.907,0.0,0.0,,899.3266,900.5113
pipesworld-notankage-p40-net4-b22-g8,2,True,668,5227,12944,18868,39297,25170,1621117,0,0,,,,0,,,18.439,1e+20,23,0.0727,0.1953,0.0,0.9041,0.0,0.0,,899.771,900.9436
pipesworld-notankage-p41-net5-b22-g2,2,True,739,6840,16252,23837,64985,31701,3753209,0,0,,,,0,,,7.211,1e+20,18,0.1031,0.2662,0.0,1.9454,0.0,0.0,,898.3747,900.6899
pipesworld-notankage-p42-net5-b22-g4,2,True,729,6840,16385,23977,65269,31966,3753605,0,0,,,,0,,,14.389,1e+20,19,0.0938,0.2774,0.0,1.9396,0.0,0.0,,898.3093,900.6206
pipesworld-notankage-p43-net5-b24-g3,2,True,838,8293,19762,28913,77796,38289,4971399,0,0,,,,0,,,13.696,1e+20,33,0.137,0.3596,0.0,2.7763,0.0,0.0,,899.2678,902.5416
pipesworld-notankage-p44-net5-b24-g5,2,True,836,8293,19826,28981,78034,38439,4971996,0,0,,,,0,,,18.411,1e+20,31,0.1186,0.3574,0.0,2.7825,0.0,0.0,,897.6729,900.9324
pipesworld-notankage-p45-net5-b26-g4,3,True,949,9665,23109,33747,90371,44701,6105456,0,0,,,,0,,,0.0,1e+20,1e+20,0.1605,0.4656,0.0,3.4267,0.0,0.0,,896.7945,900.8485
pipesworld-notankage-p46-net5-b26-g6,2,True,946,9665,23192,33833,90604,44871,6105932,0,0,,,,0,,,19.989,1e+20,94,0.1475,0.4607,0.0,3.4234,0.0,0.0,,244.9894,249.0221
pipesworld-notankage-p47-net5-b28-g5,3,True,1048,10852,25753,37686,104028,49847,7587675,0,0,,,,0,,,0.0,1e+20,1e+20,0.1895,0.5739,0.0,4.2149,0.0,0.0,,207.7388,212.7183
pipesworld-notankage-p48-net5-b28-g7,3,True,1043,10852,25859,37795,104273,50064,7590809,0,0,,,,0,,,0.0,1e+20,1e+20,0.1819,0.578,0.0,4.2443,0.0,0.0,,166.6729,171.6784
pipesworld-notankage-p49-net5-b30-g6,2,True,1172,12349,29452,42997,118227,56855,9176476,0,0,,,,0,,,0.0,1e+20,97,0.2179,0.7015,0.0,5.1107,0.0,0.0,,199.0419,205.0733
pipesworld-notankage-p50-net5-b30-g8,3,True,1162,12349,29507,43055,118216,56961,9162594,0,0,,,,0,,,0.0,1e+20,1e+20,0.2226,0.7014,0.0,5.1305,0.0,0.0,,913.1218,919.1788
pipesworld-tankage-p01-net1-b6-g2-t50,0,True,28,46,149,235,197,357,436,0,0,,,,0,,,5.0,1e+20,5,0.0058,0.0004,0.0,0.0056,0.0,0.0,,0.0156,0.0274
pipesworld-tankage-p02-net1-b6-g4-t50,0,True,22,46,156,243,203,371,444,0,0,,,,0,,,7.0,1e+20,7,0.0145,0.0003,0.0,0.0069,0.0,0.0,,0.0161,0.0379
pipesworld-tankage-p03-net1-b8-g3-t80,0,True,42,188,604,848,418,996,1733,0,0,,,,0,,,7.0,1e+20,7,0.0092,0.0025,0.0,0.0028,0.0,0.0,,0.0546,0.0691
pipesworld-tankage-p04-net1-b8-g5-t80,0,True,40,199,632,887,444,1041,1896,0,0,,,,0,,,7.0,1e+20,7,0.0093,0.0024,0.0,0.0033,0.0,0.0,,0.0604,0.0754
pipesworld-tankage-p05-net1-b10-g4-t50,0,True,46,155,566,783,438,1004,1453,0,0,,,,0,,,7.0,1e+20,7,0.0092,0.0028,0.0,0.0028,0.0,0.0,,0.0457,0.0606
pipesworld-tankage-p06-net1-b10-g6-t50,0,True,41,155,568,786,436,1008,1448,0,0,,,,0,,,9.0,1e+20,9,0.0459,0.0028,0.0,0.0027,0.0,0.0,,0.0453,0.0968
pipesworld-tankage-p07-net1-b12-g5-t80,0,True,64,522,1785,2386,852,2548,4331,0,0,,,,0,,,8.0,1e+20,8,0.0199,0.0146,0.0,0.0054,0.0,0.0,,0.1081,0.1481
pipesworld-tankage-p08-net1-b12-g7-t80,0,True,60,522,1851,2454,869,2634,4393,0,0,,,,0,,,10.0,1e+20,10,0.0186,0.0153,0.0,0.0054,0.0,0.0,,0.3307,0.3702
pipesworld-tankage-p09-net1-b14-g6-t50,0,True,60,941,3042,4069,1168,4028,7971,0,0,,,,0,,,13.0,1e+20,13,0.0208,0.0176,0.0,0.007,0.0,0.0,,0.3226,0.3682
pipesworld-tankage-p10-net1-b14-g8-t50,0,True,54,941,3125,4154,1193,4153,8115,0,0,,,,0,,,17.0,1e+20,17,0.0885,0.0169,0.0,0.0069,0.0,0.0,,0.4062,0.5187
pipesworld-tankage-p11-net2-b10-g2-t30,0,True,165,994,2905,4075,5077,5165,64203,0,0,,,,64,,,12.0,1e+20,12,0.0433,0.0173,0.0,0.0614,0.0,0.0,,21.8324,21.9545
pipesworld-tankage-p12-net2-b10-g4-t60,0,True,167,1548,4405,6135,6008,7119,74477,0,0,,,,32,,,13.0,1e+20,13,0.0193,0.0294,0.0,0.0422,0.0,0.0,,24.4862,24.5773
pipesworld-tankage-p13-net2-b12-g3-t70,0,True,213,2379,6477,9083,9841,10364,168946,0,0,,,,9,,,12.0,1e+20,12,0.032,0.0483,0.0,0.0977,0.0,0.0,,60.8484,61.0268
pipesworld-tankage-p14-net2-b12-g5-t30,2,True,206,1801,4803,6828,6786,7964,89932,0,0,,,,397,,,14.747,1e+20,22,0.019,0.0323,0.0,0.0529,0.0,0.0,,899.9424,900.0468
pipesworld-tankage-p15-net2-b14-g4-t30,0,True,218,1348,3426,5005,6127,6237,66324,0,0,,,,0,,,14.0,1e+20,14,0.0188,0.0295,0.0,0.0378,0.0,0.0,,7.9412,8.0275
pipesworld-tankage-p16-net2-b14-g6-t80,0,True,234,3342,9187,12780,12105,13723,193862,0,0,,,,1019,,,19.0,1e+20,19,0.0377,0.095,0.0,0.113,0.0,0.0,,492.9548,493.2008
pipesworld-tankage-p17-net2-b16-g5-t20,0,True,300,1959,4843,7121,8880,8889,128748,0,0,,,,0,,,13.0,1e+20,13,0.0476,0.0457,0.0,0.0717,0.0,0.0,,6.218,6.3832
pipesworld-tankage-p18-net2-b16-g7-t60,2,True,319,4813,13246,18397,14399,19622,256187,0,0,,,,1296,,,15.39,1e+20,18,0.0437,0.1462,0.0,0.1378,0.0,0.0,,899.7518,900.0799
pipesworld-tankage-p19-net2-b18-g6-t60,2,True,378,4223,11752,16371,13939,18535,213846,0,0,,,,1199,,,15.726,1e+20,20,0.0546,0.1809,0.0,0.1262,0.0,0.0,,899.7584,900.1205
pipesworld-tankage-p20-net2-b18-g8-t90,2,True,399,8789,24023,33232,21497,34052,373876,0,0,,,,854,,,19.0,1e+20,25,0.097,0.4252,0.0,0.2221,0.0,0.0,,899.5151,900.2606
pipesworld-tankage-p21-net3-b12-g2-t60,0,True,246,2182,5913,8348,9896,9889,155490,0,0,,,,0,,,9.0,1e+20,9,0.0248,0.0494,0.0,0.0899,0.0,0.0,,14.0511,14.2155
pipesworld-tankage-p22-net3-b12-g4-t60,2,True,238,2177,5928,8359,9290,9921,143783,0,0,,,,3524,,,17.0,1e+20,19,0.028,0.048,0.0,0.0757,0.0,0.0,,899.8909,900.0428
pipesworld-tankage-p23-net3-b14-g3-t60,0,True,316,4452,12686,17472,14203,18947,273327,0,0,,,,916,,,15.0,1e+20,15,0.0541,0.147,0.0,0.1436,0.0,0.0,,481.6265,481.9716
pipesworld-tankage-p24-net3-b14-g5-t60,2,True,312,4375,12527,17236,13714,18715,244924,0,0,,,,2378,,,16.667,1e+20,19,0.0527,0.1483,0.0,0.1375,0.0,0.0,,899.718,900.0569
pipesworld-tankage-p25-net3-b16-g5-t60,2,True,394,6948,19718,27080,18486,28458,350598,0,0,,,,1059,,,17.0,1e+20,20,0.1031,0.3522,0.0,0.2017,0.0,0.0,,899.553,900.2114
pipesworld-tankage-p26-net3-b16-g7-t70,2,True,392,7771,22010,30199,19609,31274,372771,0,0,,,,1271,,,21.0,1e+20,24,0.1298,0.4248,0.0,0.2168,0.0,0.0,,899.3237,900.0965
pipesworld-tankage-p27-net3-b18-g6-t70,2,True,461,8116,22413,31009,22681,33119,503715,0,0,,,,236,,,17.0,1e+20,21,0.5461,0.4477,0.0,0.3507,0.0,0.0,,898.8518,900.2043
pipesworld-tankage-p28-net3-b18-g7-t70,2,True,454,8116,22413,31009,22600,33119,492039,0,0,,,,15,,,24.0,1e+20,28,0.129,0.4486,0.0,0.2812,0.0,0.0,,899.4523,900.313
pipesworld-tankage-p29-net3-b20-g6-t70,2,True,561,11951,33019,45551,29025,47130,669905,0,0,,,,331,,,17.8,1e+20,21,0.3619,0.8247,0.0,0.4121,0.0,0.0,,898.6279,900.2296
pipesworld-tankage-p30-net3-b20-g8-t70,2,True,519,12786,37987,51317,24650,50655,462394,0,0,,,,2,,,26.833,1e+20,31,0.2108,0.8985,0.0,0.2834,0.0,0.0,,898.829,900.2238
pipesworld-tankage-p31-net4-b14-g3-t20,2,True,245,1509,3916,5680,10184,7455,225596,0,0,,,,405,,,12.0,1e+20,23,0.0174,0.0273,0.0,0.1168,0.0,0.0,,899.9862,900.1543
pipesworld-tankage-p32-net4-b14-g5-t30,2,True,329,3425,10311,14081,22167,17506,672395,0,0,,,,98,,,15.196,1e+20,25,0.0411,0.1299,0.0,0.3654,0.0,0.0,,899.6472,900.1839
pipesworld-tankage-p33-net4-b16-g5-t60,2,True,377,7138,20848,28375,35512,30606,1231790,0,0,,,,0,,,14.143,1e+20,29,0.0778,0.2712,0.0,0.6739,0.0,0.0,,899.502,900.5257
pipesworld-tankage-p34-net4-b16-g6-t60,2,True,413,9488,27637,37550,47874,40040,2027416,0,0,,,,0,,,16.571,1e+20,34,0.1216,0.4249,0.0,1.0934,0.0,0.0,,898.782,900.4231
pipesworld-tankage-p35-net4-b18-g4-t90,2,True,537,21724,62972,85239,71756,84073,3392159,0,0,,,,0,,,9.077,1e+20,26,0.2562,1.7759,0.0,1.863,0.0,0.0,,896.7683,900.6674
pipesworld-tankage-p36-net4-b18-g6-t90,2,True,533,21724,63068,85336,72831,84212,3464446,0,0,,,,0,,,13.0,1e+20,28,0.2528,1.7765,0.0,1.9021,0.0,0.0,,896.7236,900.659
pipesworld-tankage-p37-net4-b20-g5-t60,2,True,576,16940,50267,67790,67481,69443,2999337,0,0,,,,0,,,9.786,1e+20,24,0.2284,1.1418,0.0,1.6415,0.0,0.0,,897.4795,900.493
pipesworld-tankage-p38-net4-b20-g7-t60,2,True,574,16940,50267,67790,65481,69443,2885025,0,0,,,,0,,,12.082,1e+20,30,0.1947,1.1409,0.0,1.5673,0.0,0.0,,897.6613,900.5665
pipesworld-tankage-p39-net4-b22-g7-t50,2,True,700,21823,63794,86331,63086,89248,2611531,0,0,,,,0,,,14.5,1e+20,60,0.3082,1.9014,0.0,1.5519,0.0,0.0,,897.1109,900.8764
pipesworld-tankage-p40-net4-b22-g8-t50,2,True,699,21823,63794,86331,66682,89248,3081309,0,0,,,,0,,,16.2,1e+20,43,0.28,1.9119,0.0,1.7732,0.0,0.0,,896.5973,900.5664
pipesworld-tankage-p41-net5-b22-g2-t20,2,True,743,12877,36885,50509,88442,58735,5025150,0,0,,,,0,,,5.5,1e+20,49,0.1385,0.7107,0.0,2.8042,0.0,0.0,,897.417,901.0718
pipesworld-tankage-p42-net5-b22-g4-t50,3,True,775,34729,101107,136622,158180,135692,12396297,0,0,,,,0,,,0.0,1e+20,1e+20,0.4016,3.2094,0.0,7.1424,0.0,0.0,,208.7027,219.4606
pipesworld-tankage-p43-net5-b24-g3-t80,3,True,909,61045,179241,241208,255426,226140,26183509,0,0,,,,0,,,0.0,1e+20,1e+20,0.999,9.8297,0.0,15.5524,0.0,0.0,,213.2243,239.6187
pipesworld-tankage-p44-net5-b24-g5-t80,3,True,907,61045,179241,241208,267021,226140,27894837,0,0,,,,0,,,0.0,1e+20,1e+20,1.0021,9.791,0.0,16.4623,0.0,0.0,,224.7108,251.9797
pipesworld-tankage-p45-net5-b26-g4-t50,3,True,995,41360,123395,165763,192410,164754,16584018,0,0,,,,0,,,0.0,1e+20,1e+20,0.6917,6.035,0.0,9.7273,0.0,0.0,,270.6615,287.1239
pipesworld-tankage-p46-net5-b26-g6-t50,3,True,992,41339,123502,165850,180831,164893,14000824,0,0,,,,0,,,0.0,1e+20,1e+20,0.6947,6.0198,0.0,8.434,0.0,0.0,,226.0656,241.2222
pipesworld-tankage-p47-net5-b28-g5-t50,3,True,1100,50902,148577,200597,207159,198232,17043578,0,0,,,,0,,,0.0,1e+20,1e+20,0.9154,8.3696,0.0,10.3962,0.0,0.0,,293.3568,313.0489
pipesworld-tankage-p48-net5-b28-g7-t50,3,True,1096,50902,148652,200673,189697,198352,14808050,0,0,,,,0,,,0.0,1e+20,1e+20,0.9235,8.401,0.0,8.7725,0.0,0.0,,250.8403,268.9489
pipesworld-tankage-p49-net5-b30-g6-t50,3,True,1226,62714,184276,248226,216652,241856,16662706,0,0,,,,0,,,0.0,1e+20,1e+20,1.2289,10.709,0.0,10.2641,0.0,0.0,,284.7483,306.964
pipesworld-tankage-p50-net5-b30-g8-t50,3,True,1218,62714,184305,248256,211414,241904,16206622,0,0,,,,0,,,0.0,1e+20,1e+20,1.4395,10.627,0.0,9.9116,0.0,0.0,,290.8292,312.8199
psr-large-p01-s29-n2-l5-f30,-3,False,0,0,0,0,0,0,0,0,0,,,,0,,,0.0,1e+20,1e+20,0,0,0,0,0,0,,0,0
psr-large-p02-s46-n3-l5-f50,-3,False,0,0,0,0,0,0,0,0,0,,,,0,,,0.0,1e+20,1e+20,0,0,0,0,0,0,,0,0
psr-large-p03-s53-n4-l3-f30,-3,False,0,0,0,0,0,0,0,0,0,,,,0,,,0.0,1e+20,1e+20,0,0,0,0,0,0,,0,0
psr-large-p04-s66-n5-l2-f50,-3,False,0,0,0,0,0,0,0,0,0,,,,0,,,0.0,1e+20,1e+20,0,0,0,0,0,0,,0,0
psr-large-p05-s71-n5-l3-f70,-3,False,0,0,0,0,0,0,0,0,0,,,,0,,,0.0,1e+20,1e+20,0,0,0,0,0,0,,0,0
psr-large-p06-s74-n5-l4-f50,-3,False,0,0,0,0,0,0,0,0,0,,,,0,,,0.0,1e+20,1e+20,0,0,0,0,0,0,,0,0
psr-large-p07-s81-n6-l2-f30,-3,False,0,0,0,0,0,0,0,0,0,,,,0,,,0.0,1e+20,1e+20,0,0,0,0,0,0,,0,0
psr-large-p08-s87-n6-l3-f70,-3,False,0,0,0,0,0,0,0,0,0,,,,0,,,0.0,1e+20,1e+20,0,0,0,0,0,0,,0,0
psr-large-p09-s90-n6-l4-f50,-3,False,0,0,0,0,0,0,0,0,0,,,,0,,,0.0,1e+20,1e+20,0,0,0,0,0,0,,0,0
psr-large-p10-s93-n6-l5-f30,-3,False,0,0,0,0,0,0,0,0,0,,,,0,,,0.0,1e+20,1e+20,0,0,0,0,0,0,,0,0
psr-large-p11-s100-n7-l3-f10,-3,False,0,0,0,0,0,0,0,0,0,,,,0,,,0.0,1e+20,1e+20,0,0,0,0,0,0,,0,0
psr-large-p12-s103-n7-l3-f70,-3,False,0,0,0,0,0,0,0,0,0,,,,0,,,0.0,1e+20,1e+20,0,0,0,0,0,0,,0,0
psr-large-p13-s106-n7-l4-f50,-3,False,0,0,0,0,0,0,0,0,0,,,,0,,,0.0,1e+20,1e+20,0,0,0,0,0,0,,0,0
psr-large-p14-s112-n8-l2-f10,-3,False,0,0,0,0,0,0,0,0,0,,,,0,,,0.0,1e+20,1e+20,0,0,0,0,0,0,,0,0
psr-large-p15-s114-n8-l2-f50,-3,False,0,0,0,0,0,0,0,0,0,,,,0,,,0.0,1e+20,1e+20,0,0,0,0,0,0,,0,0
psr-large-p16-s119-n8-l3-f70,-3,False,0,0,0,0,0,0,0,0,0,,,,0,,,0.0,1e+20,1e+20,0,0,0,0,0,0,,0,0
psr-large-p17-s129-n9-l2-f30,-3,False,0,0,0,0,0,0,0,0,0,,,,0,,,0.0,1e+20,1e+20,0,0,0,0,0,0,,0,0
psr-large-p18-s133-n9-l3-f30,-3,False,0,0,0,0,0,0,0,0,0,,,,0,,,0.0,1e+20,1e+20,0,0,0,0,0,0,,0,0
psr-large-p19-s144-n10-l2-f10,-3,False,0,0,0,0,0,0,0,0,0,,,,0,,,0.0,1e+20,1e+20,0,0,0,0,0,0,,0,0
psr-large-p20-s149-n10-l3-f30,-3,False,0,0,0,0,0,0,0,0,0,,,,0,,,0.0,1e+20,1e+20,0,0,0,0,0,0,,0,0
psr-large-p21-s160-n12-l2-f10,-3,False,0,0,0,0,0,0,0,0,0,,,,0,,,0.0,1e+20,1e+20,0,0,0,0,0,0,,0,0
psr-large-p22-s162-n12-l3-f10,-3,False,0,0,0,0,0,0,0,0,0,,,,0,,,0.0,1e+20,1e+20,0,0,0,0,0,0,,0,0
psr-large-p23-s164-n15-l2-f10,-3,False,0,0,0,0,0,0,0,0,0,,,,0,,,0.0,1e+20,1e+20,0,0,0,0,0,0,,0,0
psr-large-p24-s166-n15-l3-f10,-3,False,0,0,0,0,0,0,0,0,0,,,,0,,,0.0,1e+20,1e+20,0,0,0,0,0,0,,0,0
psr-large-p25-s168-n20-l2-f10,-3,False,0,0,0,0,0,0,0,0,0,,,,0,,,0.0,1e+20,1e+20,0,0,0,0,0,0,,0,0
psr-large-p26-s170-n20-l3-f10,-3,False,0,0,0,0,0,0,0,0,0,,,,0,,,0.0,1e+20,1e+20,0,0,0,0,0,0,,0,0
psr-large-p27-s172-n25-l2-f10,-3,False,0,0,0,0,0,0,0,0,0,,,,0,,,0.0,1e+20,1e+20,0,0,0,0,0,0,,0,0
psr-large-p28-s174-n25-l3-f10,-3,False,0,0,0,0,0,0,0,0,0,,,,0,,,0.0,1e+20,1e+20,0,0,0,0,0,0,,0,0
psr-large-p29-s177-n30-l2-f30,-3,False,0,0,0,0,0,0,0,0,0,,,,0,,,0.0,1e+20,1e+20,0,0,0,0,0,0,,0,0
psr-large-p30-s179-n30-l3-f30,-3,False,0,0,0,0,0,0,0,0,0,,,,0,,,0.0,1e+20,1e+20,0,0,0,0,0,0,,0,0
psr-large-p31-s181-n35-l2-f30,-3,False,0,0,0,0,0,0,0,0,0,,,,0,,,0.0,1e+20,1e+20,0,0,0,0,0,0,,0,0
psr-large-p32-s183-n35-l3-f30,-3,False,0,0,0,0,0,0,0,0,0,,,,0,,,0.0,1e+20,1e+20,0,0,0,0,0,0,,0,0
psr-large-p33-s185-n40-l2-f30,-3,False,0,0,0,0,0,0,0,0,0,,,,0,,,0.0,1e+20,1e+20,0,0,0,0,0,0,,0,0
psr-large-p34-s187-n40-l3-f30,-3,False,0,0,0,0,0,0,0,0,0,,,,0,,,0.0,1e+20,1e+20,0,0,0,0,0,0,,0,0
psr-large-p35-s189-n45-l2-f30,-3,False,0,0,0,0,0,0,0,0,0,,,,0,,,0.0,1e+20,1e+20,0,0,0,0,0,0,,0,0
psr-large-p36-s191-n45-l3-f30,-3,False,0,0,0,0,0,0,0,0,0,,,,0,,,0.0,1e+20,1e+20,0,0,0,0,0,0,,0,0
psr-large-p37-s193-n50-l2-f30,-3,False,0,0,0,0,0,0,0,0,0,,,,0,,,0.0,1e+20,1e+20,0,0,0,0,0,0,,0,0
psr-large-p38-s195-n50-l3-f30,-3,False,0,0,0,0,0,0,0,0,0,,,,0,,,0.0,1e+20,1e+20,0,0,0,0,0,0,,0,0
psr-large-p39-s197-n55-l2-f30,-3,False,0,0,0,0,0,0,0,0,0,,,,0,,,0.0,1e+20,1e+20,0,0,0,0,0,0,,0,0
psr-large-p40-s199-n55-l3-f30,-3,False,0,0,0,0,0,0,0,0,0,,,,0,,,0.0,1e+20,1e+20,0,0,0,0,0,0,,0,0
psr-large-p41-s201-n60-l2-f30,-3,False,0,0,0,0,0,0,0,0,0,,,,0,,,0.0,1e+20,1e+20,0,0,0,0,0,0,,0,0
psr-large-p42-s203-n60-l3-f30,-3,False,0,0,0,0,0,0,0,0,0,,,,0,,,0.0,1e+20,1e+20,0,0,0,0,0,0,,0,0
psr-large-p43-s205-n70-l2-f30,-3,False,0,0,0,0,0,0,0,0,0,,,,0,,,0.0,1e+20,1e+20,0,0,0,0,0,0,,0,0
psr-large-p44-s207-n70-l3-f30,-3,False,0,0,0,0,0,0,0,0,0,,,,0,,,0.0,1e+20,1e+20,0,0,0,0,0,0,,0,0
psr-large-p45-s209-n80-l2-f30,-3,False,0,0,0,0,0,0,0,0,0,,,,0,,,0.0,1e+20,1e+20,0,0,0,0,0,0,,0,0
psr-large-p46-s211-n80-l3-f30,-3,False,0,0,0,0,0,0,0,0,0,,,,0,,,0.0,1e+20,1e+20,0,0,0,0,0,0,,0,0
psr-large-p47-s213-n90-l2-f30,-3,False,0,0,0,0,0,0,0,0,0,,,,0,,,0.0,1e+20,1e+20,0,0,0,0,0,0,,0,0
psr-large-p48-s215-n90-l3-f30,-3,False,0,0,0,0,0,0,0,0,0,,,,0,,,0.0,1e+20,1e+20,0,0,0,0,0,0,,0,0
psr-large-p49-s217-n100-l2-f30,-3,False,0,0,0,0,0,0,0,0,0,,,,0,,,0.0,1e+20,1e+20,0,0,0,0,0,0,,0,0
psr-large-p50-s219-n100-l3-f30,-3,False,0,0,0,0,0,0,0,0,0,,,,0,,,0.0,1e+20,1e+20,0,0,0,0,0,0,,0,0
psr-middle-p01-s17-n2-l2-f30,-3,False,0,0,0,0,0,0,0,0,0,,,,0,,,0.0,1e+20,1e+20,0,0,0,0,0,0,,0,0
psr-middle-p02-s23-n2-l3-f70,-3,False,0,0,0,0,0,0,0,0,0,,,,0,,,0.0,1e+20,1e+20,0,0,0,0,0,0,,0,0
psr-middle-p03-s28-n2-l5-f10,-3,False,0,0,0,0,0,0,0,0,0,,,,0,,,0.0,1e+20,1e+20,0,0,0,0,0,0,,0,0
psr-middle-p04-s31-n2-l5-f70,-3,False,0,0,0,0,0,0,0,0,0,,,,0,,,0.0,1e+20,1e+20,0,0,0,0,0,0,,0,0
psr-middle-p05-s34-n3-l2-f50,-3,False,0,0,0,0,0,0,0,0,0,,,,0,,,0.0,1e+20,1e+20,0,0,0,0,0,0,,0,0
psr-middle-p06-s37-n3-l3-f30,-3,False,0,0,0,0,0,0,0,0,0,,,,0,,,0.0,1e+20,1e+20,0,0,0,0,0,0,,0,0
psr-middle-p07-s38-n3-l3-f50,-3,False,0,0,0,0,0,0,0,0,0,,,,0,,,0.0,1e+20,1e+20,0,0,0,0,0,0,,0,0
psr-middle-p08-s40-n3-l4-f10,-3,False,0,0,0,0,0,0,0,0,0,,,,0,,,0.0,1e+20,1e+20,0,0,0,0,0,0,,0,0
psr-middle-p09-s42-n3-l4-f50,-3,False,0,0,0,0,0,0,0,0,0,,,,0,,,0.0,1e+20,1e+20,0,0,0,0,0,0,,0,0
psr-middle-p10-s45-n3-l5-f30,-3,False,0,0,0,0,0,0,0,0,0,,,,0,,,0.0,1e+20,1e+20,0,0,0,0,0,0,,0,0
psr-middle-p11-s46-n3-l5-f50,-3,False,0,0,0,0,0,0,0,0,0,,,,0,,,0.0,1e+20,1e+20,0,0,0,0,0,0,,0,0
psr-middle-p12-s50-n4-l2-f50,-3,False,0,0,0,0,0,0,0,0,0,,,,0,,,0.0,1e+20,1e+20,0,0,0,0,0,0,,0,0
psr-middle-p13-s53-n4-l3-f30,-3,False,0,0,0,0,0,0,0,0,0,,,,0,,,0.0,1e+20,1e+20,0,0,0,0,0,0,,0,0
psr-middle-p14-s55-n4-l3-f70,-3,False,0,0,0,0,0,0,0,0,0,,,,0,,,0.0,1e+20,1e+20,0,0,0,0,0,0,,0,0
psr-middle-p15-s56-n4-l4-f10,-3,False,0,0,0,0,0,0,0,0,0,,,,0,,,0.0,1e+20,1e+20,0,0,0,0,0,0,,0,0
psr-middle-p16-s60-n4-l5-f10,-3,False,0,0,0,0,0,0,0,0,0,,,,0,,,0.0,1e+20,1e+20,0,0,0,0,0,0,,0,0
psr-middle-p17-s61-n4-l5-f30,-3,False,0,0,0,0,0,0,0,0,0,,,,0,,,0.0,1e+20,1e+20,0,0,0,0,0,0,,0,0
psr-middle-p18-s62-n4-l5-f50,-3,False,0,0,0,0,0,0,0,0,0,,,,0,,,0.0,1e+20,1e+20,0,0,0,0,0,0,,0,0
psr-middle-p19-s66-n5-l2-f50,-3,False,0,0,0,0,0,0,0,0,0,,,,0,,,0.0,1e+20,1e+20,0,0,0,0,0,0,,0,0
psr-middle-p20-s69-n5-l3-f30,-3,False,0,0,0,0,0,0,0,0,0,,,,0,,,0.0,1e+20,1e+20,0,0,0,0,0,0,,0,0
psr-middle-p21-s72-n5-l4-f10,-3,False,0,0,0,0,0,0,0,0,0,,,,0,,,0.0,1e+20,1e+20,0,0,0,0,0,0,,0,0
psr-middle-p22-s74-n5-l4-f50,-3,False,0,0,0,0,0,0,0,0,0,,,,0,,,0.0,1e+20,1e+20,0,0,0,0,0,0,,0,0
psr-middle-p23-s76-n5-l5-f10,-3,False,0,0,0,0,0,0,0,0,0,,,,0,,,0.0,1e+20,1e+20,0,0,0,0,0,0,,0,0
psr-middle-p24-s77-n5-l5-f30,-3,False,0,0,0,0,0,0,0,0,0,,,,0,,,0.0,1e+20,1e+20,0,0,0,0,0,0,,0,0
psr-middle-p25-s81-n6-l2-f30,-3,False,0,0,0,0,0,0,0,0,0,,,,0,,,0.0,1e+20,1e+20,0,0,0,0,0,0,,0,0
psr-middle-p26-s85-n6-l3-f30,-3,False,0,0,0,0,0,0,0,0,0,,,,0,,,0.0,1e+20,1e+20,0,0,0,0,0,0,,0,0
psr-middle-p27-s86-n6-l3-f50,-3,False,0,0,0,0,0,0,0,0,0,,,,0,,,0.0,1e+20,1e+20,0,0,0,0,0,0,,0,0
psr-middle-p28-s88-n6-l4-f10,-3,False,0,0,0,0,0,0,0,0,0,,,,0,,,0.0,1e+20,1e+20,0,0,0,0,0,0,,0,0
psr-middle-p29-s89-n6-l4-f30,-3,False,0,0,0,0,0,0,0,0,0,,,,0,,,0.0,1e+20,1e+20,0,0,0,0,0,0,,0,0
psr-middle-p30-s90-n6-l4-f50,-3,False,0,0,0,0,0,0,0,0,0,,,,0,,,0.0,1e+20,1e+20,0,0,0,0,0,0,,0,0
psr-middle-p31-s92-n6-l5-f10,-3,False,0,0,0,0,0,0,0,0,0,,,,0,,,0.0,1e+20,1e+20,0,0,0,0,0,0,,0,0
psr-middle-p32-s93-n6-l5-f30,-3,False,0,0,0,0,0,0,0,0,0,,,,0,,,0.0,1e+20,1e+20,0,0,0,0,0,0,,0,0
psr-middle-p33-s100-n7-l3-f10,-3,False,0,0,0,0,0,0,0,0,0,,,,0,,,0.0,1e+20,1e+20,0,0,0,0,0,0,,0,0
psr-middle-p34-s102-n7-l3-f50,-3,False,0,0,0,0,0,0,0,0,0,,,,0,,,0.0,1e+20,1e+20,0,0,0,0,0,0,,0,0
psr-middle-p35-s103-n7-l3-f70,-3,False,0,0,0,0,0,0,0,0,0,,,,0,,,0.0,1e+20,1e+20,0,0,0,0,0,0,,0,0
psr-middle-p36-s106-n7-l4-f50,-3,False,0,0,0,0,0,0,0,0,0,,,,0,,,0.0,1e+20,1e+20,0,0,0,0,0,0,,0,0
psr-middle-p37-s108-n7-l5-f10,-3,False,0,0,0,0,0,0,0,0,0,,,,0,,,0.0,1e+20,1e+20,0,0,0,0,0,0,,0,0
psr-middle-p38-s109-n7-l5-f30,-3,False,0,0,0,0,0,0,0,0,0,,,,0,,,0.0,1e+20,1e+20,0,0,0,0,0,0,,0,0
psr-middle-p39-s112-n8-l2-f10,-3,False,0,0,0,0,0,0,0,0,0,,,,0,,,0.0,1e+20,1e+20,0,0,0,0,0,0,,0,0
psr-middle-p40-s114-n8-l2-f50,-3,False,0,0,0,0,0,0,0,0,0,,,,0,,,0.0,1e+20,1e+20,0,0,0,0,0,0,,0,0
psr-middle-p41-s116-n8-l3-f10,-3,False,0,0,0,0,0,0,0,0,0,,,,0,,,0.0,1e+20,1e+20,0,0,0,0,0,0,,0,0
psr-middle-p42-s120-n8-l4-f10,-3,False,0,0,0,0,0,0,0,0,0,,,,0,,,0.0,1e+20,1e+20,0,0,0,0,0,0,,0,0
psr-middle-p43-s123-n8-l4-f70,-3,False,0,0,0,0,0,0,0,0,0,,,,0,,,0.0,1e+20,1e+20,0,0,0,0,0,0,,0,0
psr-middle-p44-s131-n9-l2-f70,-3,False,0,0,0,0,0,0,0,0,0,,,,0,,,0.0,1e+20,1e+20,0,0,0,0,0,0,,0,0
psr-middle-p45-s132-n9-l3-f10,-3,False,0,0,0,0,0,0,0,0,0,,,,0,,,0.0,1e+20,1e+20,0,0,0,0,0,0,,0,0
psr-middle-p46-s135-n9-l3-f70,-3,False,0,0,0,0,0,0,0,0,0,,,,0,,,0.0,1e+20,1e+20,0,0,0,0,0,0,,0,0
psr-middle-p47-s139-n9-l4-f70,-3,False,0,0,0,0,0,0,0,0,0,,,,0,,,0.0,1e+20,1e+20,0,0,0,0,0,0,,0,0
psr-middle-p48-s144-n10-l2-f10,-3,False,0,0,0,0,0,0,0,0,0,,,,0,,,0.0,1e+20,1e+20,0,0,0,0,0,0,,0,0
psr-middle-p49-s149-n10-l3-f30,-3,False,0,0,0,0,0,0,0,0,0,,,,0,,,0.0,1e+20,1e+20,0,0,0,0,0,0,,0,0
psr-middle-p50-s153-n10-l4-f30,-3,False,0,0,0,0,0,0,0,0,0,,,,0,,,0.0,1e+20,1e+20,0,0,0,0,0,0,,0,0
psr-small-p01-s2-n1-l2-f50,0,True,0,0,2,5,0,4,0,0,0,,,,0,,,1.0,1e+20,1,0.0062,0.0,0.0,0.002,0.0,0.0,,0.0013,0.0096
psr-small-p02-s5-n1-l3-f30,0,True,0,0,2,5,0,4,0,0,0,,,,0,,,1.0,1e+20,1,0.005,0.0,0.0,0.0013,0.0,0.0,,0.0017,0.008
psr-small-p03-s7-n1-l3-f70,0,True,0,0,2,5,0,4,0,0,0,,,,0,,,1.0,1e+20,1,0.0057,0.0,0.0,0.0019,0.0,0.0,,0.0018,0.0095
psr-small-p04-s8-n1-l4-f10,0,True,0,0,2,5,0,4,0,0,0,,,,0,,,1.0,1e+20,1,0.0051,0.0001,0.0,0.0013,0.0,0.0,,0.0012,0.0077
psr-small-p05-s9-n1-l4-f30,0,True,0,0,2,5,0,4,0,0,0,,,,0,,,1.0,1e+20,1,0.0053,0.0,0.0,0.0022,0.0,0.0,,0.0016,0.0091
psr-small-p06-s10-n1-l4-f50,0,True,0,0,2,5,0,4,0,0,0,,,,0,,,1.0,1e+20,1,0.0048,0.0,0.0,0.0019,0.0,0.0,,0.0011,0.0079
psr-small-p07-s11-n1-l4-f70,0,True,0,0,2,5,0,4,0,0,0,,,,0,,,1.0,1e+20,1,0.0047,0.0,0.0,0.0011,0.0,0.0,,0.0011,0.007
psr-small-p08-s12-n1-l5-f10,0,True,0,0,2,5,0,4,0,0,0,,,,0,,,1.0,1e+20,1,0.0058,0.0,0.0,0.0019,0.0,0.0,,0.0014,0.0091
psr-small-p09-s13-n1-l5-f30,0,True,0,0,2,5,0,4,0,0,0,,,,0,,,1.0,1e+20,1,0.0066,0.0,0.0,0.0025,0.0,0.0,,0.0016,0.0108
psr-small-p10-s17-n2-l2-f30,0,True,0,0,5,12,2,12,2,0,0,,,,0,,,2.0,1e+20,2,0.0191,0.0001,0.0,0.0027,0.0,0.0,,0.0019,0.0238
psr-small-p11-s18-n2-l2-f50,0,True,0,0,4,10,0,8,0,0,0,,,,0,,,2.0,1e+20,2,0.005,0.0,0.0,0.0017,0.0,0.0,,0.0012,0.008
psr-small-p12-s21-n2-l3-f30,0,True,0,0,4,10,0,8,0,0,0,,,,0,,,2.0,1e+20,2,0.0235,0.0,0.0,0.0022,0.0,0.0,,0.0013,0.0271
psr-small-p13-s22-n2-l3-f50,0,True,0,0,7,17,4,18,4,0,0,,,,0,,,3.0,1e+20,3,0.0252,0.0,0.0,0.0017,0.0,0.0,,0.0013,0.0282
psr-small-p14-s23-n2-l3-f70,0,True,0,0,5,12,0,10,0,0,0,,,,0,,,2.0,1e+20,2,0.0077,0.0,0.0,0.0046,0.0,0.0,,0.0021,0.0144
psr-small-p15-s24-n2-l4-f10,0,True,1,2,4,11,2,10,2,0,0,,,,0,,,2.0,1e+20,2,0.0077,0.0006,0.0,0.0013,0.0,0.0,,0.0014,0.011
psr-small-p16-s29-n2-l5-f30,0,True,1,2,6,16,4,16,4,0,0,,,,0,,,3.0,1e+20,3,0.0056,0.0001,0.0,0.0015,0.0,0.0,,0.0015,0.0087
psr-small-p17-s30-n2-l5-f50,0,True,0,0,5,12,0,10,0,0,0,,,,0,,,2.0,1e+20,2,0.0067,0.0,0.0,0.0025,0.0,0.0,,0.0023,0.0116
psr-small-p18-s31-n2-l5-f70,0,True,0,0,5,12,0,10,0,0,0,,,,0,,,2.0,1e+20,2,0.0089,0.0001,0.0,0.0021,0.0,0.0,,0.0014,0.0124
psr-small-p19-s33-n3-l2-f30,0,True,1,2,11,28,14,36,16,0,0,,,,0,,,5.0,1e+20,5,0.0081,0.0002,0.0,0.0023,0.0,0.0,,0.0017,0.0123
psr-small-p20-s34-n3-l2-f50,0,True,0,0,7,17,0,14,0,0,0,,,,0,,,3.0,1e+20,3,0.0103,0.0001,0.0,0.0042,0.0,0.0,,0.0016,0.0163
psr-small-p21-s35-n3-l2-f70,0,True,0,0,8,19,0,16,0,0,0,,,,0,,,3.0,1e+20,3,0.0179,0.0,0.0,0.002,0.0,0.0,,0.0013,0.0212
psr-small-p22-s37-n3-l3-f30,0,True,0,0,8,20,6,22,6,0,0,,,,0,,,4.0,1e+20,4,0.0056,0.0001,0.0,0.0014,0.0,0.0,,0.0012,0.0083
psr-small-p23-s38-n3-l3-f50,0,True,0,0,8,19,0,16,0,0,0,,,,0,,,3.0,1e+20,3,0.0059,0.0001,0.0,0.0018,0.0,0.0,,0.0011,0.0089
psr-small-p24-s39-n3-l3-f70,0,True,0,0,8,19,0,16,0,0,0,,,,0,,,3.0,1e+20,3,0.0052,0.0,0.0,0.0014,0.0,0.0,,0.0012,0.0078
psr-small-p25-s40-n3-l4-f10,0,True,2,3,5,14,3,13,3,0,0,,,,0,,,2.0,1e+20,2,0.0607,0.0318,0.0,0.0017,0.0,0.0,,0.0016,0.0967
psr-small-p26-s41-n3-l4-f30,0,True,0,0,7,17,0,14,0,0,0,,,,0,,,3.0,1e+20,3,0.0054,0.0001,0.0,0.0015,0.0,0.0,,0.0012,0.0082
psr-small-p27-s42-n3-l4-f50,0,True,0,0,7,17,0,14,0,0,0,,,,0,,,3.0,1e+20,3,0.0055,0.0001,0.0,0.002,0.0,0.0,,0.0015,0.0091
psr-small-p28-s43-n3-l4-f70,0,True,0,0,8,19,0,16,0,0,0,,,,0,,,3.0,1e+20,3,0.005,0.0,0.0,0.0017,0.0,0.0,,0.0012,0.0079
psr-small-p29-s45-n3-l5-f30,0,True,0,0,11,27,12,34,12,0,0,,,,0,,,5.0,1e+20,5,0.113,0.0001,0.0,0.0045,0.0,0.0,,0.0023,0.12
psr-small-p30-s46-n3-l5-f50,0,True,0,0,7,17,0,14,0,0,0,,,,0,,,3.0,1e+20,3,0.0054,0.0001,0.0,0.0016,0.0,0.0,,0.0012,0.0083
psr-small-p31-s49-n4-l2-f30,0,True,1,2,9,23,6,24,6,0,0,,,,0,,,4.0,1e+20,4,0.0088,0.0006,0.0,0.0018,0.0,0.0,,0.0016,0.013
psr-small-p32-s50-n4-l2-f50,0,True,0,0,10,24,0,20,0,0,0,,,,0,,,4.0,1e+20,4,0.0092,0.0001,0.0,0.0018,0.0,0.0,,0.0012,0.0123
psr-small-p33-s51-n4-l2-f70,0,True,1,2,9,23,6,24,6,0,0,,,,0,,,4.0,1e+20,4,0.0232,0.0001,0.0,0.0027,0.0,0.0,,0.0018,0.0279
psr-small-p34-s55-n4-l3-f70,0,True,0,0,10,24,0,20,0,0,0,,,,0,,,4.0,1e+20,4,0.0067,0.0,0.0,0.0013,0.0,0.0,,0.0011,0.0092
psr-small-p35-s57-n5-l2-f30,0,True,1,2,9,23,6,24,6,0,0,,,,0,,,4.0,1e+20,4,0.0109,0.0001,0.0,0.0016,0.0,0.0,,0.0014,0.014
psr-small-p36-s65-n6-l2-f30,0,True,1,2,14,35,20,48,22,0,0,,,,0,,,6.0,1e+20,6,0.0258,0.0004,0.0,0.002,0.0,0.0,,0.0015,0.0296
psr-small-p37-s67-n6-l2-f70,0,True,0,0,15,36,10,40,10,0,0,,,,0,,,6.0,1e+20,6,0.0067,0.0001,0.0,0.0032,0.0,0.0,,0.0013,0.0113
psr-small-p38-s78-n3-l3-f50,0,True,0,0,7,17,4,18,4,0,0,,,,0,,,3.0,1e+20,3,0.0046,0.0001,0.0,0.0013,0.0,0.0,,0.0012,0.0072
psr-small-p39-s79-n3-l3-f70,0,True,0,0,7,17,0,14,0,0,0,,,,0,,,3.0,1e+20,3,0.026,0.0001,0.0,0.0103,0.0,0.0,,0.0016,0.0381
psr-small-p40-s80-n3-l4-f10,0,True,1,2,6,16,4,16,4,0,0,,,,0,,,3.0,1e+20,3,0.0113,0.0007,0.0,0.0075,0.0,0.0,,0.0024,0.022
psr-small-p41-s81-n3-l4-f30,0,True,0,0,8,19,0,16,0,0,0,,,,0,,,3.0,1e+20,3,0.0049,0.0,0.0,0.0016,0.0,0.0,,0.0011,0.0076
psr-small-p42-s82-n3-l4-f50,0,True,1,2,9,23,6,24,6,0,0,,,,0,,,4.0,1e+20,4,0.0057,0.0001,0.0,0.0013,0.0,0.0,,0.0016,0.0087
psr-small-p43-s83-n3-l4-f70,0,True,0,0,10,24,6,26,6,0,0,,,,0,,,4.0,1e+20,4,0.0061,0.0001,0.0,0.0018,0.0,0.0,,0.0012,0.0092
psr-small-p44-s89-n4-l2-f30,0,True,0,0,12,29,12,36,12,0,0,,,,0,,,5.0,1e+20,5,0.0057,0.0001,0.0,0.0014,0.0,0.0,,0.0013,0.0085
psr-small-p45-s94-n4-l3-f50,0,True,0,0,10,24,0,20,0,0,0,,,,0,,,4.0,1e+20,4,0.0056,0.0001,0.0,0.0026,0.0,0.0,,0.0021,0.0103
psr-small-p46-s97-n5-l2-f30,0,True,1,2,10,26,8,28,8,0,0,,,,0,,,5.0,1e+20,5,0.0051,0.0001,0.0,0.0012,0.0,0.0,,0.0016,0.008
psr-small-p47-s98-n5-l2-f50,0,True,0,0,9,22,0,18,0,0,0,,,,0,,,4.0,1e+20,4,0.0101,0.0001,0.0,0.0026,0.0,0.0,,0.002,0.0148
psr-small-p48-s101-n5-l3-f30,0,True,0,0,11,27,8,30,8,0,0,,,,0,,,5.0,1e+20,5,0.0063,0.0002,0.0,0.004,0.0,0.0,,0.0019,0.0124
psr-small-p49-s105-n6-l2-f30,0,True,0,0,15,37,20,50,20,0,0,,,,0,,,7.0,1e+20,7,0.0073,0.0002,0.0,0.0024,0.0,0.0,,0.0026,0.0126
psr-small-p50-s107-n6-l2-f70,0,True,0,0,16,38,0,32,0,0,0,,,,0,,,6.0,1e+20,6,0.0066,0.0001,0.0,0.0044,0.0,0.0,,0.0016,0.0128
rovers-p01,0,True,1,7,12,33,9,31,9,0,0,,,,0,,,9.0,1e+20,9,0.0088,0.0001,0.0,0.0025,0.0,0.0,,0.0021,0.0134
rovers-p02,0,True,3,8,12,33,4,27,4,0,0,,,,0,,,7.0,1e+20,7,0.0047,0.0,0.0,0.002,0.0,0.0,,0.0025,0.0093
rovers-p03,0,True,5,12,16,44,14,44,15,0,0,,,,0,,,9.0,1e+20,9,0.0051,0.0001,0.0,0.0016,0.0,0.0,,0.0016,0.0085
rovers-p04,0,True,5,13,16,43,14,43,16,0,0,,,,0,,,8.0,1e+20,8,0.0289,0.0001,0.0,0.0052,0.0,0.0,,0.0017,0.0358
rovers-p05,0,True,11,24,34,91,27,87,27,0,0,,,,0,,,18.0,1e+20,18,0.0076,0.0002,0.0,0.0027,0.0,0.0,,0.0059,0.0164
rovers-p06,0,True,9,28,45,119,41,121,44,0,0,,,,0,,,27.0,1e+20,27,0.0063,0.0003,0.0,0.0061,0.0,0.0,,0.0051,0.0179
rovers-p07,0,True,29,47,47,129,47,124,54,0,0,,,,0,,,15.0,1e+20,15,0.0066,0.0002,0.0,0.0017,0.0,0.0,,0.0045,0.013
rovers-p08,0,True,46,71,71,196,68,189,75,0,0,,,,0,,,21.0,1e+20,21,0.0059,0.0005,0.0,0.0024,0.0,0.0,,0.0057,0.0145
rovers-p09,0,True,39,76,85,222,90,223,112,0,0,,,,0,,,24.0,1e+20,24,0.0127,0.0006,0.0,0.0038,0.0,0.0,,0.0062,0.0234
rovers-p10,0,True,56,91,91,249,110,253,129,0,0,,,,0,,,26.0,1e+20,26,0.006,0.0007,0.0,0.0026,0.0,0.0,,0.0061,0.0155
rovers-p11,0,True,46,85,98,252,97,253,118,0,0,,,,0,,,24.0,1e+20,24,0.0132,0.0007,0.0,0.0051,0.0,0.0,,0.0088,0.0278
rovers-p12,0,True,41,87,87,221,79,212,111,0,0,,,,0,,,16.0,1e+20,16,0.0058,0.0005,0.0,0.0027,0.0,0.0,,0.0044,0.0135
rovers-p13,0,True,68,117,117,314,150,319,182,0,0,,,,0,,,32.0,1e+20,32,0.022,0.0012,0.0,0.0077,0.0,0.0,,0.0094,0.0403
rovers-p14,0,True,47,92,101,259,104,256,131,0,0,,,,0,,,22.0,1e+20,22,0.007,0.0008,0.0,0.0019,0.0,0.0,,0.0073,0.0171
rovers-p15,0,True,54,80,88,244,66,222,66,0,0,,,,0,,,29.0,1e+20,29,0.0094,0.0011,0.0,0.0039,0.0,0.0,,0.006,0.0204
rovers-p16,0,True,67,129,129,336,157,344,211,0,0,,,,0,,,30.0,1e+20,30,0.0073,0.0011,0.0,0.0037,0.0,0.0,,0.0083,0.0205
rovers-p17,0,True,106,197,207,538,236,542,315,0,0,,,,0,,,36.0,1e+20,36,0.0094,0.0029,0.0,0.0022,0.0,0.0,,0.008,0.0227
rovers-p18,0,True,151,239,239,640,270,632,333,0,0,,,,0,,,31.0,1e+20,31,0.0131,0.005,0.0,0.0023,0.0,0.0,,0.0082,0.0287
rovers-p19,0,True,186,458,458,1119,544,1127,774,0,0,,,,0,,,45.0,1e+20,45,0.0172,0.0089,0.0,0.0035,0.0,0.0,,0.0154,0.0452
rovers-p20,0,True,258,512,512,1302,617,1302,842,0,0,,,,0,,,58.0,1e+20,58,0.0221,0.0172,0.0,0.0064,0.0,0.0,,0.017,0.063
rovers-p21,0,True,275,499,499,1287,565,1280,760,0,0,,,,0,,,41.0,1e+20,41,0.045,0.024,0.0,0.0039,0.0,0.0,,0.0132,0.0865
rovers-p22,0,True,278,595,595,1484,701,1514,976,0,0,,,,0,,,46.0,1e+20,46,0.0327,0.0231,0.0,0.0068,0.0,0.0,,0.0162,0.0792
rovers-p23,0,True,341,875,875,2110,1113,2160,1698,0,0,,,,0,,,53.0,1e+20,53,0.0369,0.0375,0.0,0.0062,0.0,0.0,,0.0501,0.131
rovers-p24,0,True,387,777,777,1962,957,1998,1269,0,0,,,,0,,,65.0,1e+20,65,0.0535,0.035,0.0,0.0079,0.0,0.0,,0.0194,0.1162
rovers-p25,0,True,302,433,433,1178,447,1138,526,0,0,,,,0,,,25.0,1e+20,25,0.0586,0.0212,0.0,0.0071,0.0,0.0,,0.0111,0.0983
rovers-p26,0,True,349,610,610,1583,757,1584,973,0,0,,,,0,,,40.0,1e+20,40,0.0216,0.0223,0.0,0.0048,0.0,0.0,,0.0165,0.0653
rovers-p27,0,True,359,713,713,1805,903,1849,1251,0,0,,,,0,,,59.0,1e+20,59,0.0297,0.0314,0.0,0.0047,0.0,0.0,,0.0206,0.0867
rovers-p28,0,True,432,775,775,2001,956,2017,1280,0,0,,,,0,,,52.0,1e+20,52,0.0533,0.0629,0.0,0.0082,0.0,0.0,,0.0206,0.1453
rovers-p29,0,True,489,950,950,2405,1063,2378,1449,0,0,,,,0,,,43.0,1e+20,43,0.0606,0.0752,0.0,0.007,0.0,0.0,,0.0491,0.1926
rovers-p30,0,True,649,1643,1643,3960,1973,3985,2974,0,0,,,,0,,,70.0,1e+20,70,0.0716,0.1098,0.0,0.0103,0.0,0.0,,0.0592,0.2516
rovers-p31,0,True,608,1484,1484,3600,1846,3643,2761,0,0,,,,0,,,69.0,1e+20,69,0.0689,0.0943,0.0,0.0103,0.0,0.0,,0.0463,0.2203
rovers-p32,0,True,824,1948,1948,4755,2440,4818,3560,0,0,,,,0,,,100.0,1e+20,100,0.1275,0.2004,0.0,0.0191,0.0,0.0,,0.0592,0.4076
rovers-p33,0,True,940,2195,2195,5374,2964,5561,4126,0,0,,,,0,,,126.0,1e+20,126,0.1647,0.2352,0.0,0.0203,0.0,0.0,,0.1413,0.5628
rovers-p34,0,True,857,2324,2324,5537,2906,5545,4467,0,0,,,,0,,,87.0,1e+20,87,0.149,0.2165,0.0,0.0165,0.0,0.0,,0.0769,0.4603
rovers-p35,0,True,1157,2890,2890,7000,3996,7306,5610,0,0,,,,0,,,176.0,1e+20,176,0.2252,0.4028,0.0,0.0348,0.0,0.0,,0.092,0.7573
rovers-p36,0,True,1147,3460,3460,8108,4323,8296,6546,0,0,,,,0,,,115.0,1e+20,115,0.173,0.3472,0.0,0.0349,0.0,0.0,,0.1018,0.6584
rovers-p37,0,True,1584,5082,5082,11806,6679,12148,10132,0,0,,,,0,,,163.0,1e+20,163,0.3633,0.7369,0.0,0.0686,0.0,0.0,,0.3166,1.4892
rovers-p38,0,True,1589,5449,5449,12542,7092,12927,10922,0,0,,,,0,,,146.0,1e+20,146,0.4751,0.9873,0.0,0.0729,0.0,0.0,,0.3622,1.9021
rovers-p39,0,True,1528,5046,5046,11683,5996,11663,9933,0,0,,,,0,,,190.0,1e+20,190,0.4095,0.8368,0.0,0.0636,0.0,0.0,,0.2957,1.6105
rovers-p40,0,True,1873,6139,6139,14220,8092,14447,12532,0,0,,,,0,,,186.0,1e+20,186,0.5647,1.3382,0.0,0.0913,0.0,0.0,,0.3976,2.3964
satellite-p01-pfile1,0,True,3,7,11,33,10,32,10,0,0,,,,0,,,8.0,1e+20,8,0.0442,0.0001,0.0,0.0491,0.0,0.0,,0.01,0.1033
satellite-p02-pfile2,0,True,4,18,20,56,26,62,29,0,0,,,,0,,,12.0,1e+20,12,0.0049,0.0001,0.0,0.0015,0.0,0.0,,0.0015,0.0081
satellite-p03-pfile3,0,True,19,29,29,82,30,83,33,0,0,,,,0,,,10.0,1e+20,10,0.0052,0.0002,0.0,0.0012,0.0,0.0,,0.0059,0.0126
satellite-p04-pfile4,0,True,19,40,42,114,49,123,57,0,0,,,,0,,,17.0,1e+20,17,0.019,0.0003,0.0,0.0037,0.0,0.0,,0.005,0.028
satellite-p05-pfile5,0,True,44,87,87,225,117,255,143,0,0,,,,0,,,14.0,1e+20,14,0.0068,0.0007,0.0,0.0038,0.0,0.0,,0.0089,0.0202
satellite-p06-pfile6,0,True,36,54,60,165,54,162,61,0,0,,,,0,,,18.0,1e+20,18,0.01,0.0007,0.0,0.0024,0.0,0.0,,0.0053,0.0184
satellite-p07-pfile7,0,True,58,95,95,257,108,270,135,0,0,,,,0,,,20.0,1e+20,20,0.0069,0.0013,0.0,0.0023,0.0,0.0,,0.0061,0.0166
satellite-p08-pfile8,0,True,76,130,130,346,160,376,193,0,0,,,,0,,,24.0,1e+20,24,0.0176,0.0024,0.0,0.0098,0.0,0.0,,0.0123,0.0421
satellite-p09-pfile9,0,True,89,144,144,390,159,405,187,0,0,,,,0,,,26.0,1e+20,26,0.0103,0.0033,0.0,0.0022,0.0,0.0,,0.0073,0.0231
satellite-p10-pfile10,0,True,101,154,154,421,166,433,191,0,0,,,,0,,,29.0,1e+20,29,0.3937,0.0043,0.0,0.0992,0.0,0.0,,0.1111,0.6083
satellite-p11-pfile11,0,True,110,152,152,428,124,400,150,0,0,,,,0,,,31.0,1e+20,31,0.0305,0.0063,0.0,0.0072,0.0,0.0,,0.0092,0.0532
satellite-p12-pfile12,0,True,133,207,215,588,211,586,258,0,0,,,,0,,,42.0,1e+20,42,0.0378,0.0129,0.0,0.0029,0.0,0.0,,0.0081,0.062
satellite-p13-pfile13,0,True,160,247,247,681,244,678,278,0,0,,,,0,,,55.0,1e+20,55,0.0226,0.0224,0.0,0.002,0.0,0.0,,0.0088,0.0561
satellite-p14-pfile14,0,True,165,256,256,696,268,708,317,0,0,,,,0,,,39.0,1e+20,39,0.0226,0.0168,0.0,0.0052,0.0,0.0,,0.0197,0.0645
satellite-p15-pfile15,0,True,225,332,332,912,324,904,386,0,0,,,,0,,,44.0,1e+20,44,0.024,0.0301,0.0,0.0043,0.0,0.0,,0.0099,0.0687
satellite-p16-pfile16,0,True,282,467,467,1239,523,1295,653,0,0,,,,0,,,45.0,1e+20,45,0.0335,0.0438,0.0,0.0052,0.0,0.0,,0.0129,0.0958
satellite-p17-pfile17,0,True,333,471,471,1295,422,1246,495,0,0,,,,0,,,41.0,1e+20,41,0.0405,0.0638,0.0,0.0032,0.0,0.0,,0.0116,0.1198
satellite-p18-pfile18,0,True,144,199,199,555,172,528,198,0,0,,,,0,,,31.0,1e+20,31,0.0164,0.0127,0.0,0.0018,0.0,0.0,,0.0078,0.0389
satellite-p19-pfile19,0,True,169,333,333,863,465,995,599,0,0,,,,0,,,58.0,1e+20,58,0.0363,0.0161,0.0,0.0026,0.0,0.0,,0.0303,0.0855
satellite-p20-pfile20,0,True,176,374,374,964,587,1176,693,0,0,,,,0,,,74.0,1e+20,74,0.0263,0.0162,0.0,0.0069,0.0,0.0,,0.0141,0.0637
satellite-p21-HC-pfile1,0,True,229,512,512,1290,749,1527,899,0,0,,,,0,,,72.0,1e+20,72,0.0416,0.0677,0.0,0.0038,0.0,0.0,,0.0174,0.1311
satellite-p22-HC-pfile2,0,True,278,555,555,1433,743,1621,868,0,0,,,,0,,,89.0,1e+20,89,0.0895,0.1334,0.0,0.0077,0.0,0.0,,0.0159,0.2474
satellite-p23-HC-pfile3,0,True,396,920,920,2287,1361,2728,1636,0,0,,,,0,,,99.0,1e+20,99,0.1125,0.2484,0.0,0.0479,0.0,0.0,,0.0291,0.4393
satellite-p24-HC-pfile4,0,True,530,1302,1302,3204,2022,3924,2395,0,0,,,,0,,,137.0,1e+20,137,0.2301,0.7272,0.0,0.008,0.0,0.0,,0.0491,1.0205
satellite-p25-HC-pfile5,0,True,606,1470,1470,3610,2227,4367,2667,0,0,,,,0,,,125.0,1e+20,125,0.2823,0.9571,0.0,0.0105,0.0,0.0,,0.0594,1.3165
satellite-p26-HC-pfile6,0,True,620,1325,1325,3338,1865,3878,2212,0,0,,,,0,,,134.0,1e+20,134,0.2916,0.9867,0.0,0.0089,0.0,0.0,,0.0418,1.3365
satellite-p27-HC-pfile7,0,True,773,1276,1276,3390,1401,3515,1556,0,0,,,,0,,,134.0,1e+20,134,0.4386,1.5804,0.0,0.0092,0.0,0.0,,0.0286,2.0604
satellite-p28-HC-pfile8,0,True,1087,2219,2219,5619,2987,6387,3575,0,0,,,,0,,,191.0,1e+20,191,1.0589,5.0097,0.0,0.0196,0.0,0.0,,0.1011,6.2059
satellite-p29-HC-pfile9,0,True,1610,2485,2485,6673,2400,6588,2710,0,0,,,,0,,,185.0,1e+20,185,2.218,11.3084,0.0,0.0282,0.0,0.0,,0.0917,13.6754
satellite-p30-HC-pfile10,0,True,1916,3126,3126,8282,3340,8496,3805,0,0,,,,0,,,226.0,1e+20,226,3.4992,22.2956,0.0,0.0391,0.0,0.0,,0.087,25.9627
satellite-p31-HC-pfile11,0,True,2367,4200,4200,10900,4985,11685,5719,0,0,,,,0,,,267.0,1e+20,267,6.2563,45.4341,0.0,0.0658,0.0,0.0,,0.1995,52.0189
satellite-p32-HC-pfile12,0,True,3116,5113,5113,13524,5527,13938,6179,0,0,,,,0,,,364.0,1e+20,364,14.0912,130.7852,0.0,0.1066,0.0,0.0,,0.2273,145.3313
satellite-p33-HC-pfile13,0,True,3875,6936,6936,17978,8170,19212,9393,0,0,,,,0,,,460.0,1e+20,460,26.7645,291.0079,0.0,0.1617,0.0,0.0,,0.1919,318.3071
satellite-p34-HC-pfile14,0,True,1033,1470,1470,4114,1261,3905,1324,0,0,,,,0,,,285.0,1e+20,285,2.0169,15.1592,0.0,0.0127,0.0,0.0,,0.0375,17.2567
satellite-p35-HC-pfile15,0,True,1661,3056,3056,7960,3774,8678,4286,0,0,,,,0,,,374.0,1e+20,374,5.0161,37.4699,0.0,0.1134,0.0,0.0,,0.4508,43.1074
satellite-p36-HC-pfile16,0,True,2083,3752,3752,9765,4443,10456,5119,0,0,,,,0,,,356.0,1e+20,356,6.9145,58.5756,0.0,0.0619,0.0,0.0,,0.1213,65.7485
scanalyzer-08-strips-p01,0,False,30,402,987,1425,530,1299,3522,0,0,,,,0,,,18.0,1e+20,18,0.0071,0.0016,0.0,0.0035,0.0,0.0,,0.0775,0.0897
scanalyzer-08-strips-p02,0,False,25,269,596,901,466,864,2942,0,0,,,,0,,,20.0,1e+20,20,0.0074,0.001,0.0,0.0074,0.0,0.0,,0.1357,0.1516
scanalyzer-08-strips-p03,0,False,20,215,450,701,410,704,2282,0,0,,,,0,,,22.0,1e+20,22,0.0068,0.0008,0.0,0.0029,0.0,0.0,,0.0544,0.0651
scanalyzer-08-strips-p04,0,False,56,1436,3548,5048,1687,4352,17589,0,0,,,,0,,,24.0,1e+20,24,0.0134,0.0084,0.0,0.0118,0.0,0.0,,0.3267,0.3604
scanalyzer-08-strips-p05,0,False,49,891,1947,2902,1397,2616,13030,0,0,,,,0,,,27.0,1e+20,27,0.0105,0.0051,0.0,0.0093,0.0,0.0,,0.5541,0.5791
scanalyzer-08-strips-p06,0,False,42,738,1518,2320,1370,2160,12298,0,0,,,,0,,,30.0,1e+20,30,0.0358,0.0043,0.0,0.011,0.0,0.0,,0.2533,0.3044
scanalyzer-08-strips-p07,0,False,90,3770,9345,13215,4140,10995,61420,0,0,,,,0,,,30.0,1e+20,30,0.0204,0.0363,0.0,0.0349,0.0,0.0,,2.7288,2.8206
scanalyzer-08-strips-p08,0,False,81,2239,4834,7173,3630,6180,52370,0,0,,,,0,,,34.0,1e+20,34,0.0156,0.0197,0.0,0.0308,0.0,0.0,,3.0057,3.072
scanalyzer-08-strips-p09,0,False,72,1907,3886,5893,3762,5188,55242,0,0,,,,0,,,38.0,1e+20,38,0.0146,0.0161,0.0,0.0309,0.0,0.0,,0.9675,1.0292
scanalyzer-08-strips-p10,0,False,132,8202,20370,28716,8653,23316,179336,0,0,,,,0,,,36.0,1e+20,36,0.041,0.1308,0.0,0.1059,0.0,0.0,,7.8671,8.1455
scanalyzer-08-strips-p11,0,False,121,4733,10121,14998,8061,12492,174734,0,0,,,,0,,,41.0,1e+20,41,0.0276,0.0658,0.0,0.0981,0.0,0.0,,17.6793,17.871
scanalyzer-08-strips-p12,0,False,110,4118,8346,12608,7388,10652,142274,0,0,,,,0,,,46.0,1e+20,46,0.0328,0.0534,0.0,0.077,0.0,0.0,,2.6892,2.8527
scanalyzer-08-strips-p13,0,False,182,15722,39095,55013,15623,43883,421085,0,0,,,,0,,,42.0,1e+20,42,0.0789,0.3914,0.0,0.2274,0.0,0.0,,25.9719,26.6709
scanalyzer-08-strips-p14,0,False,169,8889,18864,27949,14098,22680,374578,0,0,,,,0,,,48.0,1e+20,48,0.0544,0.1875,0.0,0.202,0.0,0.0,,92.9442,93.3887
scanalyzer-08-strips-p15,0,False,156,7863,15882,23941,14454,19608,397742,0,0,,,,0,,,54.0,1e+20,54,0.0633,0.1453,0.0,0.2198,0.0,0.0,,10.0393,10.4683
scanalyzer-08-strips-p16,0,False,240,27512,68472,96240,26586,75744,916297,0,0,,,,0,,,48.0,1e+20,48,0.138,1.0356,0.0,0.5591,0.0,0.0,,46.591,48.3257
scanalyzer-08-strips-p17,2,False,225,15319,32311,47886,27679,38064,1129150,0,0,,,,239,,,48.0,1e+20,55,0.0819,0.4661,0.0,0.5827,0.0,0.0,,900.0409,901.1727
scanalyzer-08-strips-p18,0,False,210,13730,27670,41656,23702,33304,797282,0,0,,,,0,,,62.0,1e+20,62,0.0735,0.3516,0.0,0.4202,0.0,0.0,,29.4505,30.2968
scanalyzer-08-strips-p19,0,False,306,44946,111933,157203,45465,122427,2127932,0,0,,,,0,,,54.0,1e+20,54,0.2571,2.4824,0.0,1.2314,0.0,0.0,,732.6612,736.6354
scanalyzer-08-strips-p20,2,False,289,24731,51902,76957,46468,60156,2544684,0,0,,,,0,,,54.0,1e+20,64,0.176,1.0773,0.0,1.4642,0.0,0.0,,898.1396,900.859
scanalyzer-08-strips-p21,0,False,272,22403,45078,67805,44640,53180,2271556,0,0,,,,0,,,70.0,1e+20,70,0.1257,0.7964,0.0,1.1962,0.0,0.0,,52.589,54.709
scanalyzer-08-strips-p22,0,False,3,132,268,416,90,371,886,0,0,,,,0,,,12.0,1e+20,12,0.0085,0.0008,0.0,0.0075,0.0,0.0,,0.0171,0.034
scanalyzer-08-strips-p23,0,False,3,132,268,416,90,371,886,0,0,,,,0,,,12.0,1e+20,12,0.0073,0.0008,0.0,0.0024,0.0,0.0,,0.017,0.0276
scanalyzer-08-strips-p24,0,False,3,132,268,416,90,371,886,0,0,,,,0,,,12.0,1e+20,12,0.0083,0.0008,0.0,0.0036,0.0,0.0,,0.0171,0.0299
scanalyzer-08-strips-p25,0,False,48,13758,52156,65978,2834,54138,218209,0,0,,,,0,,,24.0,1e+20,24,0.1409,0.8527,0.0,0.1263,0.0,0.0,,135.3099,136.4328
scanalyzer-08-strips-p26,0,False,42,9578,35655,45297,2562,37474,155187,0,0,,,,0,,,26.0,1e+20,26,0.4149,0.4784,0.0,0.0922,0.0,0.0,,229.7479,230.7356
scanalyzer-08-strips-p27,0,False,31,7336,27177,34577,2485,28907,124867,0,0,,,,0,,,28.0,1e+20,28,0.0921,0.3479,0.0,0.0678,0.0,0.0,,740.1716,740.681
scanalyzer-08-strips-p28,2,False,120,203937,833055,1037136,15294,842629,3547486,0,0,,,,0,,,0.0,1e+20,171,2.5358,103.8717,0.0,2.4436,0.0,0.0,,796.5279,905.4246
scanalyzer-08-strips-p29,2,False,110,126782,497543,624469,15898,506355,2411556,0,0,,,,0,,,0.0,1e+20,147,1.0798,45.8517,0.0,1.5937,0.0,0.0,,855.8793,904.4339
scanalyzer-08-strips-p30,2,False,91,99320,383329,482793,13271,391720,1800739,0,0,,,,0,,,0.0,1e+20,141,0.846,31.8729,0.0,1.1749,0.0,0.0,,871.3363,905.2535
scanalyzer-opt11-strips-p01,0,False,3,132,268,416,90,371,886,0,0,,,,0,,,12.0,1e+20,12,0.008,0.0009,0.0,0.0026,0.0,0.0,,0.0169,0.0283
scanalyzer-opt11-strips-p02,0,False,25,269,596,901,466,864,2942,0,0,,,,0,,,20.0,1e+20,20,0.0065,0.001,0.0,0.0034,0.0,0.0,,0.1343,0.1453
scanalyzer-opt11-strips-p03,0,False,20,215,450,701,410,704,2282,0,0,,,,0,,,22.0,1e+20,22,0.0079,0.0008,0.0,0.0042,0.0,0.0,,0.0544,0.0673
scanalyzer-opt11-strips-p04,0,False,56,1436,3548,5048,1687,4352,17589,0,0,,,,0,,,24.0,1e+20,24,0.0311,0.0084,0.0,0.0115,0.0,0.0,,0.3273,0.3786
scanalyzer-opt11-strips-p05,0,False,90,3770,9345,13215,4140,10995,61420,0,0,,,,0,,,30.0,1e+20,30,0.0207,0.0377,0.0,0.0341,0.0,0.0,,2.734,2.8269
scanalyzer-opt11-strips-p06,0,False,49,891,1947,2902,1397,2616,13030,0,0,,,,0,,,27.0,1e+20,27,0.0098,0.0051,0.0,0.0087,0.0,0.0,,0.5538,0.5774
scanalyzer-opt11-strips-p07,0,False,306,44946,111933,157203,45465,122427,2127932,0,0,,,,0,,,54.0,1e+20,54,0.2433,2.4888,0.0,1.283,0.0,0.0,,732.7477,736.7661
scanalyzer-opt11-strips-p08,0,False,132,8202,20370,28716,8653,23316,179336,0,0,,,,0,,,36.0,1e+20,36,0.0412,0.1309,0.0,0.1056,0.0,0.0,,7.8813,8.1597
scanalyzer-opt11-strips-p09,0,False,182,15722,39095,55013,15623,43883,421085,0,0,,,,0,,,42.0,1e+20,42,0.0836,0.3905,0.0,0.2276,0.0,0.0,,25.9434,26.6464
scanalyzer-opt11-strips-p10,0,False,240,27512,68472,96240,26586,75744,916297,0,0,,,,0,,,48.0,1e+20,48,0.1402,1.0308,0.0,0.5593,0.0,0.0,,46.5241,48.2564
scanalyzer-opt11-strips-p11,0,False,48,13758,52156,65978,2834,54138,218209,0,0,,,,0,,,24.0,1e+20,24,0.1367,0.8388,0.0,0.1266,0.0,0.0,,135.0713,136.1764
scanalyzer-opt11-strips-p12,0,False,42,738,1518,2320,1370,2160,12298,0,0,,,,0,,,30.0,1e+20,30,0.0086,0.0043,0.0,0.0086,0.0,0.0,,0.2534,0.2749
scanalyzer-opt11-strips-p13,0,False,31,7336,27177,34577,2485,28907,124867,0,0,,,,0,,,28.0,1e+20,28,0.1223,0.3482,0.0,0.072,0.0,0.0,,743.8979,744.442
scanalyzer-opt11-strips-p14,0,False,42,9578,35655,45297,2562,37474,155187,0,0,,,,0,,,26.0,1e+20,26,0.1086,0.4784,0.0,0.0897,0.0,0.0,,229.9729,230.6517
scanalyzer-opt11-strips-p15,0,False,81,2239,4834,7173,3630,6180,52370,0,0,,,,0,,,34.0,1e+20,34,0.06,0.0195,0.0,0.0359,0.0,0.0,,3.0021,3.1177
scanalyzer-opt11-strips-p16,0,False,121,4733,10121,14998,8061,12492,174734,0,0,,,,0,,,41.0,1e+20,41,0.0352,0.0657,0.0,0.1,0.0,0.0,,17.4043,17.6056
scanalyzer-opt11-strips-p17,0,False,169,8889,18864,27949,14098,22680,374578,0,0,,,,0,,,48.0,1e+20,48,0.0534,0.1875,0.0,0.2024,0.0,0.0,,91.7543,92.1984
scanalyzer-opt11-strips-p18,2,False,225,15319,32311,47886,27679,38064,1129150,0,0,,,,238,,,48.0,1e+20,55,0.0822,0.4695,0.0,0.5818,0.0,0.0,,899.9994,901.1341
scanalyzer-opt11-strips-p19,2,False,289,24731,51902,76957,46468,60156,2544684,0,0,,,,0,,,54.0,1e+20,64,0.1361,1.0769,0.0,1.4556,0.0,0.0,,898.5247,901.1953
scanalyzer-opt11-strips-p20,2,False,120,203937,833055,1037136,15294,842629,3547486,0,0,,,,0,,,0.0,1e+20,171,1.5648,104.9218,0.0,2.4402,0.0,0.0,,796.9414,905.9135
scanalyzer-sat11-strips-p01,0,False,48,13758,52156,65978,2834,54138,218209,0,0,,,,0,,,24.0,1e+20,24,0.139,0.8435,0.0,0.1314,0.0,0.0,,135.1421,136.259
scanalyzer-sat11-strips-p02,0,False,132,8202,20370,28716,8653,23316,179336,0,0,,,,0,,,36.0,1e+20,36,0.0416,0.1308,0.0,0.1067,0.0,0.0,,7.8838,8.1635
scanalyzer-sat11-strips-p03,0,False,42,738,1518,2320,1370,2160,12298,0,0,,,,0,,,30.0,1e+20,30,0.0098,0.0043,0.0,0.009,0.0,0.0,,0.2454,0.2686
scanalyzer-sat11-strips-p04,0,False,72,1907,3886,5893,3762,5188,55242,0,0,,,,0,,,38.0,1e+20,38,0.0152,0.0162,0.0,0.0362,0.0,0.0,,0.9505,1.0182
scanalyzer-sat11-strips-p05,0,False,182,15722,39095,55013,15623,43883,421085,0,0,,,,0,,,42.0,1e+20,42,0.0783,0.3894,0.0,0.2282,0.0,0.0,,26.207,26.9042
scanalyzer-sat11-strips-p06,0,False,42,9578,35655,45297,2562,37474,155187,0,0,,,,0,,,26.0,1e+20,26,0.1082,0.4808,0.0,0.0908,0.0,0.0,,229.4426,230.1245
scanalyzer-sat11-strips-p07,0,False,240,27512,68472,96240,26586,75744,916297,0,0,,,,0,,,48.0,1e+20,48,0.1424,1.0315,0.0,0.5581,0.0,0.0,,46.4775,48.2117
scanalyzer-sat11-strips-p08,0,False,31,7336,27177,34577,2485,28907,124867,0,0,,,,0,,,28.0,1e+20,28,0.0868,0.3492,0.0,0.0675,0.0,0.0,,740.7802,741.2855
scanalyzer-sat11-strips-p09,0,False,110,4118,8346,12608,7388,10652,142274,0,0,,,,0,,,46.0,1e+20,46,0.0235,0.0536,0.0,0.0737,0.0,0.0,,2.675,2.8262
scanalyzer-sat11-strips-p10,0,False,169,8889,18864,27949,14098,22680,374578,0,0,,,,0,,,48.0,1e+20,48,0.0473,0.1877,0.0,0.2008,0.0,0.0,,92.2262,92.6627
scanalyzer-sat11-strips-p11,0,False,156,7863,15882,23941,14454,19608,397742,0,0,,,,0,,,54.0,1e+20,54,0.0418,0.145,0.0,0.2179,0.0,0.0,,9.9971,10.4024
scanalyzer-sat11-strips-p12,0,False,121,4733,10121,14998,8061,12492,174734,0,0,,,,0,,,41.0,1e+20,41,0.0273,0.0657,0.0,0.0986,0.0,0.0,,17.6684,17.8603
scanalyzer-sat11-strips-p13,0,False,81,2239,4834,7173,3630,6180,52370,0,0,,,,0,,,34.0,1e+20,34,0.0364,0.0196,0.0,0.0342,0.0,0.0,,2.9995,3.0899
scanalyzer-sat11-strips-p14,2,False,225,15319,32311,47886,27679,38064,1129150,0,0,,,,244,,,48.0,1e+20,55,0.0812,0.4701,0.0,0.5812,0.0,0.0,,899.1192,900.2529
scanalyzer-sat11-strips-p15,0,False,210,13730,27670,41656,23702,33304,797282,0,0,,,,0,,,62.0,1e+20,62,0.0727,0.3557,0.0,0.4201,0.0,0.0,,29.4228,30.2724
scanalyzer-sat11-strips-p16,2,False,289,24731,51902,76957,46468,60156,2544684,0,0,,,,0,,,54.0,1e+20,64,0.1369,1.0758,0.0,1.4467,0.0,0.0,,897.7875,900.4489
scanalyzer-sat11-strips-p17,0,False,272,22403,45078,67805,44640,53180,2271556,0,0,,,,0,,,70.0,1e+20,70,0.1229,0.7957,0.0,1.1958,0.0,0.0,,52.5776,54.6938
scanalyzer-sat11-strips-p18,2,False,120,203937,833055,1037136,15294,842629,3547486,0,0,,,,0,,,0.0,1e+20,171,1.7306,104.8469,0.0,2.4449,0.0,0.0,,796.1847,905.2532
scanalyzer-sat11-strips-p19,2,False,110,126782,497543,624469,15898,506355,2411556,0,0,,,,0,,,0.0,1e+20,147,1.2505,46.0036,0.0,1.5631,0.0,0.0,,855.6658,904.5121
scanalyzer-sat11-strips-p20,2,False,91,99320,383329,482793,13271,391720,1800739,0,0,,,,0,,,0.0,1e+20,141,0.8207,31.8128,0.0,1.1561,0.0,0.0,,871.5103,905.3226
schedule-probschedule-10-0,0,True,0,8,32,61,0,51,0,0,0,,,,0,,,10.0,1e+20,10,0.0064,0.0003,0.0,0.0014,0.0,0.0,,0.002,0.0101
schedule-probschedule-10-1,0,True,4,11,41,74,0,62,0,0,0,,,,0,,,8.0,1e+20,8,0.0068,0.0003,0.0,0.0013,0.0,0.0,,0.0015,0.0099
schedule-probschedule-10-2,0,True,0,7,33,62,0,52,0,0,0,,,,0,,,10.0,1e+20,10,0.007,0.0003,0.0,0.0016,0.0,0.0,,0.0014,0.0104
schedule-probschedule-11-0,0,True,0,6,38,71,0,60,0,0,0,,,,0,,,11.0,1e+20,11,0.0167,0.0003,0.0,0.0137,0.0,0.0,,0.0052,0.0359
schedule-probschedule-11-1,0,True,2,9,43,80,0,67,0,0,0,,,,0,,,11.0,1e+20,11,0.0252,0.0003,0.0,0.0081,0.0,0.0,,0.0019,0.0355
schedule-probschedule-11-2,0,True,0,9,35,69,0,58,0,0,0,,,,0,,,11.0,1e+20,11,0.0097,0.0003,0.0,0.0034,0.0,0.0,,0.0019,0.0154
schedule-probschedule-12-0,0,True,1,10,42,79,0,66,0,0,0,,,,0,,,12.0,1e+20,12,0.0067,0.0004,0.0,0.0017,0.0,0.0,,0.0014,0.0103
schedule-probschedule-12-1,0,True,4,13,51,94,0,78,0,0,0,,,,0,,,12.0,1e+20,12,0.0091,0.0004,0.0,0.0021,0.0,0.0,,0.0018,0.0134
schedule-probschedule-12-2,0,True,3,13,47,89,0,74,0,0,0,,,,0,,,12.0,1e+20,12,0.0062,0.0004,0.0,0.0033,0.0,0.0,,0.0017,0.0117
schedule-probschedule-13-0,0,True,3,13,51,97,0,81,0,0,0,,,,0,,,13.0,1e+20,13,0.0186,0.0005,0.0,0.0015,0.0,0.0,,0.0015,0.0221
schedule-probschedule-13-1,0,True,3,11,53,98,0,82,0,0,0,,,,0,,,13.0,1e+20,13,0.0084,0.0004,0.0,0.0019,0.0,0.0,,0.0016,0.0124
schedule-probschedule-13-2,0,True,3,14,50,95,0,79,0,0,0,,,,0,,,13.0,1e+20,13,0.0065,0.0004,0.0,0.0026,0.0,0.0,,0.0015,0.0112
schedule-probschedule-14-0,0,True,1,14,46,87,0,72,0,0,0,,,,0,,,14.0,1e+20,14,0.0078,0.0005,0.0,0.0017,0.0,0.0,,0.0015,0.0115
schedule-probschedule-14-1,0,True,2,13,51,96,0,80,0,0,0,,,,0,,,14.0,1e+20,14,0.0071,0.0005,0.0,0.0014,0.0,0.0,,0.0015,0.0106
schedule-probschedule-14-2,0,True,1,12,48,92,0,77,0,0,0,,,,0,,,14.0,1e+20,14,0.0075,0.0005,0.0,0.0023,0.0,0.0,,0.0021,0.0125
schedule-probschedule-15-0,0,True,1,12,52,99,0,83,0,0,0,,,,0,,,15.0,1e+20,15,0.0085,0.0005,0.0,0.002,0.0,0.0,,0.0016,0.0126
schedule-probschedule-15-1,0,True,2,13,53,99,0,83,0,0,0,,,,0,,,14.0,1e+20,14,0.0082,0.0006,0.0,0.0103,0.0,0.0,,0.002,0.0211
schedule-probschedule-15-2,0,True,2,12,54,101,0,85,0,0,0,,,,0,,,14.0,1e+20,14,0.0073,0.0005,0.0,0.0019,0.0,0.0,,0.0015,0.0113
schedule-probschedule-16-0,0,True,2,13,59,109,0,91,0,0,0,,,,0,,,16.0,1e+20,16,0.0096,0.0006,0.0,0.011,0.0,0.0,,0.0022,0.0235
schedule-probschedule-16-1,0,True,2,12,58,107,0,90,0,0,0,,,,0,,,15.0,1e+20,15,0.011,0.0006,0.0,0.0049,0.0,0.0,,0.0015,0.018
schedule-probschedule-16-2,0,True,4,16,62,115,0,96,0,0,0,,,,0,,,15.0,1e+20,15,0.008,0.0006,0.0,0.0032,0.0,0.0,,0.0018,0.0138
schedule-probschedule-17-0,0,True,5,17,67,124,0,104,0,0,0,,,,0,,,15.0,1e+20,15,0.0073,0.0007,0.0,0.0014,0.0,0.0,,0.0016,0.0109
schedule-probschedule-17-1,0,True,2,15,61,116,0,97,0,0,0,,,,0,,,17.0,1e+20,17,0.008,0.0006,0.0,0.0014,0.0,0.0,,0.0015,0.0116
schedule-probschedule-17-2,0,True,0,11,57,106,0,89,0,0,0,,,,0,,,17.0,1e+20,17,0.0148,0.0006,0.0,0.0031,0.0,0.0,,0.0018,0.0204
schedule-probschedule-18-0,0,True,3,15,67,124,0,104,0,0,0,,,,0,,,17.0,1e+20,17,0.0081,0.0007,0.0,0.003,0.0,0.0,,0.0022,0.0141
schedule-probschedule-18-1,0,True,0,13,59,110,0,92,0,0,0,,,,0,,,18.0,1e+20,18,0.0091,0.0006,0.0,0.0015,0.0,0.0,,0.0015,0.0128
schedule-probschedule-18-2,0,True,4,16,70,129,0,108,0,0,0,,,,0,,,17.0,1e+20,17,0.0084,0.0008,0.0,0.0021,0.0,0.0,,0.0016,0.0129
schedule-probschedule-19-0,0,True,1,16,64,121,0,101,0,0,0,,,,0,,,19.0,1e+20,19,0.0279,0.0007,0.0,0.0023,0.0,0.0,,0.0016,0.0326
schedule-probschedule-19-1,0,True,3,17,69,128,0,107,0,0,0,,,,0,,,18.0,1e+20,18,0.0245,0.0007,0.0,0.0027,0.0,0.0,,0.0016,0.0295
schedule-probschedule-19-2,0,True,2,15,67,125,0,105,0,0,0,,,,0,,,18.0,1e+20,18,0.0132,0.0007,0.0,0.0024,0.0,0.0,,0.002,0.0182
schedule-probschedule-2-0,0,True,0,2,6,13,0,11,0,0,0,,,,0,,,2.0,1e+20,2,0.006,0.0001,0.0,0.0029,0.0,0.0,,0.0015,0.0104
schedule-probschedule-2-1,0,True,0,2,6,13,0,11,0,0,0,,,,0,,,2.0,1e+20,2,0.0083,0.0001,0.0,0.0027,0.0,0.0,,0.0019,0.013
schedule-probschedule-2-2,0,True,1,3,9,18,0,15,0,0,0,,,,0,,,2.0,1e+20,2,0.0086,0.0001,0.0,0.0088,0.0,0.0,,0.0029,0.0206
schedule-probschedule-20-0,0,True,2,19,69,129,0,107,0,0,0,,,,0,,,20.0,1e+20,20,0.0098,0.0008,0.0,0.0033,0.0,0.0,,0.0018,0.0156
schedule-probschedule-20-1,0,True,0,12,68,125,0,105,0,0,0,,,,0,,,20.0,1e+20,20,0.0074,0.0008,0.0,0.0036,0.0,0.0,,0.0014,0.0133
schedule-probschedule-20-2,0,True,2,16,72,132,0,110,0,0,0,,,,0,,,20.0,1e+20,20,0.0113,0.0008,0.0,0.0106,0.0,0.0,,0.0024,0.0252
schedule-probschedule-21-0,0,True,3,20,72,136,0,114,0,0,0,,,,0,,,19.0,1e+20,19,0.0091,0.0009,0.0,0.0024,0.0,0.0,,0.0021,0.0145
schedule-probschedule-21-1,0,True,2,14,76,141,0,119,0,0,0,,,,0,,,20.0,1e+20,20,0.0087,0.0009,0.0,0.0044,0.0,0.0,,0.0021,0.0163
schedule-probschedule-21-2,0,True,3,18,76,140,0,117,0,0,0,,,,0,,,20.0,1e+20,20,0.0084,0.0009,0.0,0.0016,0.0,0.0,,0.002,0.0129
schedule-probschedule-22-0,0,True,3,22,76,142,0,118,0,0,0,,,,0,,,21.0,1e+20,21,0.0108,0.001,0.0,0.0045,0.0,0.0,,0.0031,0.0195
schedule-probschedule-22-1,0,True,0,17,71,136,0,114,0,0,0,,,,0,,,22.0,1e+20,22,0.008,0.0009,0.0,0.0017,0.0,0.0,,0.0015,0.0122
schedule-probschedule-22-2,0,True,2,15,79,145,0,122,0,0,0,,,,0,,,21.0,1e+20,21,0.0099,0.0009,0.0,0.0038,0.0,0.0,,0.0017,0.0164
schedule-probschedule-23-0,0,True,2,20,80,151,0,126,0,0,0,,,,0,,,23.0,1e+20,23,0.0088,0.001,0.0,0.0014,0.0,0.0,,0.0016,0.0129
schedule-probschedule-23-1,0,True,0,15,77,140,0,117,0,0,0,,,,0,,,23.0,1e+20,23,0.0151,0.0009,0.0,0.0019,0.0,0.0,,0.0019,0.0198
schedule-probschedule-23-2,0,True,2,18,82,151,0,126,0,0,0,,,,0,,,23.0,1e+20,23,0.0149,0.001,0.0,0.0028,0.0,0.0,,0.0022,0.0209
schedule-probschedule-24-0,0,True,2,21,83,154,0,128,0,0,0,,,,0,,,24.0,1e+20,24,0.0101,0.0011,0.0,0.0023,0.0,0.0,,0.0017,0.0152
schedule-probschedule-24-1,0,True,2,16,88,160,0,134,0,0,0,,,,0,,,24.0,1e+20,24,0.0414,0.001,0.0,0.0175,0.0,0.0,,0.005,0.0649
schedule-probschedule-24-2,0,True,3,18,88,160,0,134,0,0,0,,,,0,,,23.0,1e+20,23,0.0111,0.0011,0.0,0.0016,0.0,0.0,,0.0016,0.0155
schedule-probschedule-25-1,0,True,2,22,86,161,0,134,0,0,0,,,,0,,,25.0,1e+20,25,0.0107,0.0011,0.0,0.0022,0.0,0.0,,0.0017,0.0158
schedule-probschedule-25-2,0,True,5,23,93,172,0,144,0,0,0,,,,0,,,23.0,1e+20,23,0.4504,0.0013,0.0,0.0777,0.0,0.0,,0.0547,0.5841
schedule-probschedule-26-0,0,True,5,25,97,179,0,149,0,0,0,,,,0,,,25.0,1e+20,25,0.0092,0.0013,0.0,0.0022,0.0,0.0,,0.0018,0.0146
schedule-probschedule-26-1,0,True,3,23,93,173,0,144,0,0,0,,,,0,,,26.0,1e+20,26,0.0503,0.0012,0.0,0.0231,0.0,0.0,,0.0079,0.0827
schedule-probschedule-26-2,0,True,4,24,96,178,0,148,0,0,0,,,,0,,,26.0,1e+20,26,0.0115,0.0012,0.0,0.0025,0.0,0.0,,0.002,0.0173
schedule-probschedule-27-0,0,True,2,19,97,181,0,152,0,0,0,,,,0,,,27.0,1e+20,27,0.0089,0.0014,0.0,0.0193,0.0,0.0,,0.0016,0.0313
schedule-probschedule-27-1,0,True,2,21,95,175,0,146,0,0,0,,,,0,,,27.0,1e+20,27,0.0111,0.0013,0.0,0.0052,0.0,0.0,,0.0022,0.02
schedule-probschedule-27-2,0,True,2,18,96,174,0,146,0,0,0,,,,0,,,26.0,1e+20,26,0.0098,0.0012,0.0,0.0017,0.0,0.0,,0.0016,0.0144
schedule-probschedule-28-0,0,True,3,21,99,183,0,154,0,0,0,,,,0,,,26.0,1e+20,26,0.0232,0.0013,0.0,0.003,0.0,0.0,,0.0023,0.0298
schedule-probschedule-28-1,0,True,6,24,110,200,0,167,0,0,0,,,,0,,,27.0,1e+20,27,0.0107,0.0014,0.0,0.002,0.0,0.0,,0.002,0.0161
schedule-probschedule-28-2,0,True,3,26,98,184,0,153,0,0,0,,,,0,,,28.0,1e+20,28,0.009,0.0015,0.0,0.0015,0.0,0.0,,0.0017,0.0138
schedule-probschedule-29-0,0,True,7,28,114,206,0,171,0,0,0,,,,0,,,28.0,1e+20,28,0.0286,0.0015,0.0,0.002,0.0,0.0,,0.0018,0.0339
schedule-probschedule-29-1,0,True,2,22,102,186,0,155,0,0,0,,,,0,,,29.0,1e+20,29,0.0115,0.0015,0.0,0.0032,0.0,0.0,,0.0017,0.0179
schedule-probschedule-29-2,0,True,6,27,109,201,0,168,0,0,0,,,,0,,,27.0,1e+20,27,0.0126,0.0015,0.0,0.0062,0.0,0.0,,0.0027,0.0231
schedule-probschedule-3-0,0,True,1,3,13,25,0,21,0,0,0,,,,0,,,3.0,1e+20,3,0.007,0.0001,0.0,0.0109,0.0,0.0,,0.0016,0.0196
schedule-probschedule-3-1,0,True,1,3,11,21,0,18,0,0,0,,,,0,,,2.0,1e+20,2,0.0051,0.0001,0.0,0.0011,0.0,0.0,,0.0013,0.0077
schedule-probschedule-3-2,0,True,0,2,10,20,0,17,0,0,0,,,,0,,,3.0,1e+20,3,0.007,0.0001,0.0,0.0022,0.0,0.0,,0.0014,0.0107
schedule-probschedule-30-0,0,True,2,21,107,194,0,162,0,0,0,,,,0,,,30.0,1e+20,30,0.0371,0.0016,0.0,0.0035,0.0,0.0,,0.0022,0.0443
schedule-probschedule-30-1,0,True,3,26,106,195,0,162,0,0,0,,,,0,,,30.0,1e+20,30,0.0283,0.0016,0.0,0.0027,0.0,0.0,,0.0054,0.038
schedule-probschedule-30-2,0,True,6,28,112,205,0,171,0,0,0,,,,0,,,28.0,1e+20,28,0.0105,0.0016,0.0,0.0016,0.0,0.0,,0.0017,0.0156
schedule-probschedule-31-0,0,True,6,29,117,214,0,178,0,0,0,,,,0,,,30.0,1e+20,30,0.012,0.0017,0.0,0.0018,0.0,0.0,,0.0017,0.0173
schedule-probschedule-31-1,0,True,3,24,112,204,0,170,0,0,0,,,,0,,,31.0,1e+20,31,0.0246,0.0016,0.0,0.0038,0.0,0.0,,0.0017,0.0318
schedule-probschedule-31-2,0,True,1,20,108,197,0,165,0,0,0,,,,0,,,31.0,1e+20,31,0.0106,0.0016,0.0,0.0019,0.0,0.0,,0.0017,0.0158
schedule-probschedule-32-0,0,True,6,29,117,214,0,179,0,0,0,,,,0,,,29.0,1e+20,29,0.0101,0.0019,0.0,0.0015,0.0,0.0,,0.0016,0.0151
schedule-probschedule-32-1,0,True,5,28,118,216,0,180,0,0,0,,,,0,,,31.0,1e+20,31,0.0165,0.0017,0.0,0.0035,0.0,0.0,,0.003,0.0248
schedule-probschedule-32-2,0,True,5,28,118,218,0,182,0,0,0,,,,0,,,31.0,1e+20,31,0.0159,0.0017,0.0,0.0033,0.0,0.0,,0.0021,0.023
schedule-probschedule-33-0,0,True,3,25,115,212,0,178,0,0,0,,,,0,,,31.0,1e+20,31,0.0448,0.0017,0.0,0.0111,0.0,0.0,,0.0038,0.0615
schedule-probschedule-33-1,0,True,4,29,117,218,0,182,0,0,0,,,,0,,,32.0,1e+20,32,0.0188,0.0019,0.0,0.0029,0.0,0.0,,0.0021,0.0259
schedule-probschedule-33-2,0,True,3,28,114,212,0,177,0,0,0,,,,0,,,32.0,1e+20,32,0.0131,0.0017,0.0,0.0013,0.0,0.0,,0.0017,0.0179
schedule-probschedule-34-0,0,True,4,28,120,224,0,188,0,0,0,,,,0,,,32.0,1e+20,32,0.019,0.0019,0.0,0.004,0.0,0.0,,0.0025,0.0274
schedule-probschedule-34-1,0,True,3,30,118,218,0,181,0,0,0,,,,0,,,34.0,1e+20,34,0.0115,0.002,0.0,0.0015,0.0,0.0,,0.0017,0.0167
schedule-probschedule-34-2,0,True,6,32,126,230,0,191,0,0,0,,,,0,,,33.0,1e+20,33,0.0175,0.0021,0.0,0.0024,0.0,0.0,,0.0027,0.0247
schedule-probschedule-35-0,0,True,3,32,120,224,0,186,0,0,0,,,,0,,,35.0,1e+20,35,0.0156,0.0021,0.0,0.0058,0.0,0.0,,0.0024,0.026
schedule-probschedule-35-1,0,True,4,28,126,230,0,192,0,0,0,,,,0,,,34.0,1e+20,34,0.0122,0.0019,0.0,0.0019,0.0,0.0,,0.0018,0.0178
schedule-probschedule-35-2,0,True,2,24,122,222,0,186,0,0,0,,,,0,,,34.0,1e+20,34,0.0121,0.0018,0.0,0.0021,0.0,0.0,,0.0017,0.0178
schedule-probschedule-36-0,0,True,6,30,134,243,0,203,0,0,0,,,,0,,,34.0,1e+20,34,0.0125,0.002,0.0,0.0017,0.0,0.0,,0.0018,0.0181
schedule-probschedule-36-1,0,True,4,29,129,236,0,197,0,0,0,,,,0,,,35.0,1e+20,35,0.0355,0.002,0.0,0.0023,0.0,0.0,,0.0019,0.0417
schedule-probschedule-36-2,0,True,7,31,139,252,0,210,0,0,0,,,,0,,,35.0,1e+20,35,0.0131,0.0021,0.0,0.0016,0.0,0.0,,0.0019,0.0188
schedule-probschedule-37-0,0,True,3,30,130,237,0,197,0,0,0,,,,0,,,37.0,1e+20,37,0.0124,0.0022,0.0,0.0016,0.0,0.0,,0.0017,0.018
schedule-probschedule-37-1,0,True,5,33,131,242,0,202,0,0,0,,,,0,,,35.0,1e+20,35,0.0146,0.0021,0.0,0.0016,0.0,0.0,,0.002,0.0203
schedule-probschedule-37-2,0,True,4,30,132,240,0,200,0,0,0,,,,0,,,36.0,1e+20,36,0.0152,0.0021,0.0,0.0031,0.0,0.0,,0.0026,0.0231
schedule-probschedule-38-0,0,True,5,35,137,251,0,208,0,0,0,,,,0,,,38.0,1e+20,38,0.0139,0.0022,0.0,0.0017,0.0,0.0,,0.0017,0.0196
schedule-probschedule-38-1,0,True,4,29,135,249,0,209,0,0,0,,,,0,,,36.0,1e+20,36,0.0146,0.0024,0.0,0.0146,0.0,0.0,,0.0023,0.0339
schedule-probschedule-38-2,0,True,7,34,142,255,0,212,0,0,0,,,,0,,,36.0,1e+20,36,0.0136,0.0022,0.0,0.0014,0.0,0.0,,0.0018,0.0191
schedule-probschedule-39-0,0,True,6,38,140,257,0,213,0,0,0,,,,0,,,38.0,1e+20,38,0.0174,0.0024,0.0,0.0085,0.0,0.0,,0.0029,0.0312
schedule-probschedule-39-1,0,True,3,27,139,250,0,209,0,0,0,,,,0,,,38.0,1e+20,38,0.0323,0.0022,0.0,0.0024,0.0,0.0,,0.0017,0.0387
schedule-probschedule-39-2,0,True,5,37,133,245,0,204,0,0,0,,,,0,,,36.0,1e+20,36,0.016,0.0025,0.0,0.0103,0.0,0.0,,0.003,0.032
schedule-probschedule-4-0,0,True,1,5,15,29,0,24,0,0,0,,,,0,,,4.0,1e+20,4,0.0114,0.0001,0.0,0.0041,0.0,0.0,,0.0021,0.0178
schedule-probschedule-4-1,0,True,1,4,16,30,0,25,0,0,0,,,,0,,,4.0,1e+20,4,0.0061,0.0001,0.0,0.0013,0.0,0.0,,0.0014,0.009
schedule-probschedule-4-2,0,True,0,3,13,26,0,22,0,0,0,,,,0,,,4.0,1e+20,4,0.0056,0.0001,0.0,0.0013,0.0,0.0,,0.0014,0.0084
schedule-probschedule-40-0,0,True,5,29,149,269,0,225,0,0,0,,,,0,,,39.0,1e+20,39,0.0148,0.0026,0.0,0.0016,0.0,0.0,,0.0018,0.0209
schedule-probschedule-40-1,0,True,4,30,142,258,0,216,0,0,0,,,,0,,,38.0,1e+20,38,0.0139,0.0026,0.0,0.0017,0.0,0.0,,0.0018,0.02
schedule-probschedule-40-2,0,True,2,31,137,252,0,210,0,0,0,,,,0,,,40.0,1e+20,40,0.0152,0.0025,0.0,0.0017,0.0,0.0,,0.0018,0.0213
schedule-probschedule-41-0,0,True,5,37,145,272,0,227,0,0,0,,,,0,,,40.0,1e+20,40,0.0142,0.0027,0.0,0.0018,0.0,0.0,,0.0018,0.0206
schedule-probschedule-41-1,0,True,3,28,148,266,0,222,0,0,0,,,,0,,,41.0,1e+20,41,0.0183,0.0024,0.0,0.0058,0.0,0.0,,0.002,0.0286
schedule-probschedule-41-2,0,True,6,35,153,284,0,237,0,0,0,,,,0,,,41.0,1e+20,41,0.0166,0.0028,0.0,0.002,0.0,0.0,,0.0019,0.0234
schedule-probschedule-42-0,0,True,5,29,155,282,0,237,0,0,0,,,,0,,,40.0,1e+20,40,0.0144,0.0026,0.0,0.0014,0.0,0.0,,0.0018,0.0203
schedule-probschedule-42-1,0,True,3,38,142,267,0,222,0,0,0,,,,0,,,42.0,1e+20,42,0.015,0.0028,0.0,0.0023,0.0,0.0,,0.0017,0.022
schedule-probschedule-42-2,0,True,8,38,158,290,0,242,0,0,0,,,,0,,,40.0,1e+20,40,0.0211,0.0029,0.0,0.0054,0.0,0.0,,0.0024,0.0319
schedule-probschedule-43-0,0,True,4,35,151,277,0,231,0,0,0,,,,0,,,42.0,1e+20,42,0.0153,0.0027,0.0,0.0015,0.0,0.0,,0.0018,0.0213
schedule-probschedule-43-1,0,True,6,39,155,284,0,236,0,0,0,,,,0,,,42.0,1e+20,42,0.0151,0.003,0.0,0.0019,0.0,0.0,,0.0018,0.0219
schedule-probschedule-43-2,0,True,2,29,149,269,0,225,0,0,0,,,,0,,,42.0,1e+20,42,0.0149,0.0028,0.0,0.0067,0.0,0.0,,0.0023,0.0267
schedule-probschedule-44-0,0,True,5,35,155,284,0,238,0,0,0,,,,0,,,41.0,1e+20,41,0.0156,0.0031,0.0,0.0015,0.0,0.0,,0.0017,0.022
schedule-probschedule-44-1,0,True,4,38,152,283,0,236,0,0,0,,,,0,,,43.0,1e+20,43,0.0226,0.0031,0.0,0.0029,0.0,0.0,,0.0029,0.0316
schedule-probschedule-44-2,0,True,8,41,161,293,0,244,0,0,0,,,,0,,,41.0,1e+20,41,0.0178,0.0029,0.0,0.0017,0.0,0.0,,0.0019,0.0243
schedule-probschedule-45-0,0,True,6,38,166,304,0,253,0,0,0,,,,0,,,45.0,1e+20,45,0.0319,0.0032,0.0,0.0061,0.0,0.0,,0.0032,0.0445
schedule-probschedule-45-1,0,True,6,39,161,295,0,246,0,0,0,,,,0,,,43.0,1e+20,43,0.0153,0.0032,0.0,0.0022,0.0,0.0,,0.0018,0.0225
schedule-probschedule-45-2,0,True,7,38,164,296,0,247,0,0,0,,,,0,,,42.0,1e+20,42,0.0154,0.0031,0.0,0.0018,0.0,0.0,,0.0018,0.0222
schedule-probschedule-46-0,0,True,5,39,163,301,0,251,0,0,0,,,,0,,,45.0,1e+20,45,0.0277,0.0033,0.0,0.008,0.0,0.0,,0.0024,0.0415
schedule-probschedule-46-1,0,True,6,40,166,302,0,251,0,0,0,,,,0,,,45.0,1e+20,45,0.3449,0.0033,0.0,0.0028,0.0,0.0,,0.0023,0.3533
schedule-probschedule-46-2,0,True,6,37,165,299,0,250,0,0,0,,,,0,,,43.0,1e+20,43,0.018,0.0033,0.0,0.0027,0.0,0.0,,0.0022,0.0263
schedule-probschedule-47-0,0,True,3,35,163,302,0,253,0,0,0,,,,0,,,46.0,1e+20,46,0.0173,0.0033,0.0,0.0019,0.0,0.0,,0.0046,0.0272
schedule-probschedule-47-1,0,True,5,43,161,301,0,251,0,0,0,,,,0,,,45.0,1e+20,45,0.0177,0.0035,0.0,0.003,0.0,0.0,,0.0018,0.026
schedule-probschedule-47-2,0,True,8,43,171,312,0,260,0,0,0,,,,0,,,44.0,1e+20,44,0.0186,0.0035,0.0,0.0042,0.0,0.0,,0.002,0.0283
schedule-probschedule-48-0,0,True,5,38,172,314,0,262,0,0,0,,,,0,,,47.0,1e+20,47,0.023,0.0036,0.0,0.0032,0.0,0.0,,0.0025,0.0324
schedule-probschedule-48-1,0,True,10,44,178,325,0,272,0,0,0,,,,0,,,43.0,1e+20,43,0.0223,0.0037,0.0,0.0033,0.0,0.0,,0.0022,0.0317
schedule-probschedule-48-2,0,True,7,41,179,325,0,270,0,0,0,,,,0,,,48.0,1e+20,48,0.0342,0.0033,0.0,0.0044,0.0,0.0,,0.0027,0.0447
schedule-probschedule-49-0,0,True,12,48,188,344,0,287,0,0,0,,,,0,,,45.0,1e+20,45,0.0195,0.0036,0.0,0.0035,0.0,0.0,,0.0022,0.0289
schedule-probschedule-49-1,0,True,6,41,177,324,0,270,0,0,0,,,,0,,,48.0,1e+20,48,0.0168,0.0037,0.0,0.0016,0.0,0.0,,0.0018,0.024
schedule-probschedule-49-2,0,True,8,40,186,339,0,283,0,0,0,,,,0,,,48.0,1e+20,48,0.0327,0.0035,0.0,0.0044,0.0,0.0,,0.0019,0.0427
schedule-probschedule-5-0,0,True,1,4,18,34,0,29,0,0,0,,,,0,,,4.0,1e+20,4,0.0086,0.0001,0.0,0.0032,0.0,0.0,,0.0019,0.0139
schedule-probschedule-5-1,0,True,2,7,21,40,0,33,0,0,0,,,,0,,,5.0,1e+20,5,0.0217,0.0001,0.0,0.0019,0.0,0.0,,0.0015,0.0252
schedule-probschedule-5-2,0,True,1,5,19,36,0,30,0,0,0,,,,0,,,5.0,1e+20,5,0.0122,0.0001,0.0,0.0014,0.0,0.0,,0.0013,0.0151
schedule-probschedule-50-0,0,True,5,36,178,322,0,270,0,0,0,,,,0,,,47.0,1e+20,47,0.0197,0.0037,0.0,0.0028,0.0,0.0,,0.0026,0.0288
schedule-probschedule-50-1,0,True,3,41,167,308,0,257,0,0,0,,,,0,,,48.0,1e+20,48,0.0171,0.0037,0.0,0.0021,0.0,0.0,,0.0018,0.0249
schedule-probschedule-50-2,0,True,6,41,181,330,0,275,0,0,0,,,,0,,,49.0,1e+20,49,0.0184,0.0038,0.0,0.0014,0.0,0.0,,0.0018,0.0255
schedule-probschedule-51-0,0,True,7,43,185,339,0,283,0,0,0,,,,0,,,49.0,1e+20,49,0.0352,0.0039,0.0,0.0017,0.0,0.0,,0.0019,0.0428
schedule-probschedule-51-1,0,True,13,51,197,359,0,299,0,0,0,,,,0,,,47.0,1e+20,47,0.0184,0.0042,0.0,0.0016,0.0,0.0,,0.003,0.0273
schedule-probschedule-51-2,0,True,8,46,184,339,0,283,0,0,0,,,,0,,,48.0,1e+20,48,0.0238,0.004,0.0,0.0038,0.0,0.0,,0.0025,0.0342
schedule-probschedule-6-0,0,True,1,5,23,43,0,36,0,0,0,,,,0,,,6.0,1e+20,6,0.0091,0.0002,0.0,0.0062,0.0,0.0,,0.0017,0.0172
schedule-probschedule-6-1,0,True,1,6,22,42,0,35,0,0,0,,,,0,,,6.0,1e+20,6,0.006,0.0002,0.0,0.0014,0.0,0.0,,0.0014,0.009
schedule-probschedule-6-2,0,True,2,6,22,41,0,35,0,0,0,,,,0,,,4.0,1e+20,4,0.013,0.0002,0.0,0.0059,0.0,0.0,,0.0025,0.0216
schedule-probschedule-7-0,0,True,2,7,27,51,0,43,0,0,0,,,,0,,,6.0,1e+20,6,0.0274,0.0002,0.0,0.004,0.0,0.0,,0.0023,0.0339
schedule-probschedule-7-1,0,True,1,7,25,48,0,40,0,0,0,,,,0,,,7.0,1e+20,7,0.007,0.0002,0.0,0.0024,0.0,0.0,,0.0014,0.011
schedule-probschedule-7-2,0,True,0,6,22,43,0,36,0,0,0,,,,0,,,7.0,1e+20,7,0.0066,0.0002,0.0,0.0022,0.0,0.0,,0.0016,0.0106
schedule-probschedule-8-0,0,True,1,7,29,56,0,47,0,0,0,,,,0,,,8.0,1e+20,8,0.0103,0.0002,0.0,0.0139,0.0,0.0,,0.0016,0.026
schedule-probschedule-8-1,0,True,1,6,30,56,0,47,0,0,0,,,,0,,,8.0,1e+20,8,0.0194,0.0002,0.0,0.0048,0.0,0.0,,0.0022,0.0266
schedule-probschedule-8-2,0,True,0,6,26,50,0,42,0,0,0,,,,0,,,8.0,1e+20,8,0.007,0.0002,0.0,0.0019,0.0,0.0,,0.0016,0.0108
schedule-probschedule-9-0,0,True,0,8,28,55,0,46,0,0,0,,,,0,,,9.0,1e+20,9,0.0065,0.0003,0.0,0.0015,0.0,0.0,,0.0017,0.01
schedule-probschedule-9-1,0,True,1,7,31,59,0,50,0,0,0,,,,0,,,8.0,1e+20,8,0.0071,0.0003,0.0,0.0015,0.0,0.0,,0.0015,0.0105
schedule-probschedule-9-2,0,True,0,5,31,59,0,50,0,0,0,,,,0,,,9.0,1e+20,9,0.0071,0.0002,0.0,0.0022,0.0,0.0,,0.0015,0.0111
snake-opt18-strips-p01,0,True,139,5912,16828,22900,14318,28208,421532,0,0,,,,172,,,9.0,1e+20,9,0.0456,0.0646,0.0,0.2132,0.0,0.0,,246.1063,246.43
snake-opt18-strips-p02,2,True,148,6356,18621,25145,15980,30919,484794,0,0,,,,358,,,7.0,1e+20,9,0.051,0.0852,0.0,0.2407,0.0,0.0,,899.7938,900.1711
snake-opt18-strips-p03,2,True,152,6340,18601,25116,16294,31128,461401,0,0,,,,675,,,7.0,1e+20,9,0.0614,0.0739,0.0,0.2338,0.0,0.0,,899.7814,900.151
snake-opt18-strips-p04,0,True,126,5891,16277,22314,13204,27108,420080,0,0,,,,0,,,9.0,1e+20,9,0.0417,0.0591,0.0,0.2059,0.0,0.0,,79.3731,79.6802
snake-opt18-strips-p05,0,True,130,5756,16010,21919,13222,26831,389738,0,0,,,,0,,,6.0,1e+20,6,0.0446,0.0594,0.0,0.1946,0.0,0.0,,5.8634,6.1625
snake-opt18-strips-p06,0,True,176,9446,27281,36923,23103,45013,864165,0,0,,,,0,,,8.0,1e+20,8,0.0688,0.1239,0.0,0.4358,0.0,0.0,,50.9844,51.6137
snake-opt18-strips-p07,0,True,184,9703,28598,38505,23622,47062,866394,0,0,,,,9,,,9.0,1e+20,9,0.0912,0.1374,0.0,0.4464,0.0,0.0,,322.5394,323.2153
snake-opt18-strips-p08,0,True,196,10117,30456,40786,26527,50113,974887,0,0,,,,0,,,8.0,1e+20,8,0.1077,0.1726,0.0,0.4976,0.0,0.0,,103.1637,103.9426
snake-opt18-strips-p09,2,True,158,8920,25231,34329,20911,41508,878021,0,0,,,,82,,,11.0,1e+20,14,0.0706,0.1066,0.0,0.3973,0.0,0.0,,899.6863,900.2616
snake-opt18-strips-p10,0,True,166,9269,26422,35877,21202,43424,826230,0,0,,,,22,,,9.0,1e+20,9,0.0666,0.1278,0.0,0.4082,0.0,0.0,,377.0317,377.6351
snake-opt18-strips-p11,2,True,206,14084,40620,54930,32169,66182,1530476,0,0,,,,0,,,10.25,1e+20,15,0.119,0.235,0.0,0.7926,0.0,0.0,,898.9401,900.0878
snake-opt18-strips-p12,2,True,218,14218,41632,56088,33724,68075,1525510,0,0,,,,47,,,8.333,1e+20,10,0.1081,0.2587,0.0,0.7605,0.0,0.0,,899.9367,901.0653
snake-opt18-strips-p13,2,True,228,14837,43902,58987,36203,71811,1641975,0,0,,,,11,,,8.0,1e+20,11,0.1152,0.2418,0.0,0.8973,0.0,0.0,,899.91,901.1656
snake-opt18-strips-p14,2,True,238,15069,45462,60792,38932,74545,1707023,0,0,,,,5,,,11.0,1e+20,18,0.428,0.2437,0.0,0.9341,0.0,0.0,,899.16,900.7676
snake-opt18-strips-p15,0,True,196,13622,38855,52693,30385,63422,1424857,0,0,,,,0,,,7.0,1e+20,7,0.098,0.2124,0.0,0.7442,0.0,0.0,,93.4091,94.4648
snake-opt18-strips-p16,2,True,246,19471,56383,76123,44512,91888,2371457,0,0,,,,0,,,11.0,1e+20,14,0.1522,0.3387,0.0,1.2497,0.0,0.0,,899.6091,901.3575
snake-opt18-strips-p17,2,True,260,20392,60025,80697,47851,97542,2586667,0,0,,,,0,,,10.0,1e+20,17,0.1831,0.3578,0.0,1.3653,0.0,0.0,,899.665,901.5729
snake-opt18-strips-p18,2,True,274,21201,63523,85015,52320,102924,2901136,0,0,,,,0,,,8.0,1e+20,14,0.1768,0.478,0.0,1.5086,0.0,0.0,,898.3683,900.5336
snake-opt18-strips-p19,2,True,286,21710,65694,87710,55449,106981,2944985,0,0,,,,0,,,9.0,1e+20,12,0.205,0.3987,0.0,1.5269,0.0,0.0,,898.5331,900.666
snake-opt18-strips-p20,2,True,234,19439,55730,75423,43342,90467,2456208,0,0,,,,4,,,8.0,1e+20,13,0.145,0.334,0.0,1.2821,0.0,0.0,,899.9668,901.7296
snake-sat18-strips-p01,2,True,206,13963,40280,54469,31831,65674,1493420,0,0,,,,0,,,10.25,1e+20,14,0.1007,0.1974,0.0,0.7791,0.0,0.0,,899.8151,900.8935
snake-sat18-strips-p02,2,True,218,14353,42130,56721,34172,68791,1553698,0,0,,,,8,,,8.0,1e+20,10,0.1081,0.2398,0.0,0.7692,0.0,0.0,,899.7427,900.8613
snake-sat18-strips-p03,2,True,230,14830,44107,59184,36956,72061,1699687,0,0,,,,0,,,8.5,1e+20,14,0.1219,0.2676,0.0,0.9306,0.0,0.0,,899.728,901.0495
snake-sat18-strips-p04,2,True,240,15387,46402,62049,39582,75905,1775946,0,0,,,,4,,,9.0,1e+20,13,0.1255,0.2664,0.0,0.9728,0.0,0.0,,899.4472,900.8136
snake-sat18-strips-p05,2,True,196,13612,38623,52451,31739,63179,1626799,0,0,,,,12,,,11.0,1e+20,11,0.0974,0.2169,0.0,0.7671,0.0,0.0,,899.3751,900.4576
snake-sat18-strips-p06,2,True,280,27444,79760,107504,60940,128454,4104303,0,0,,,,0,,,10.0,1e+20,55,0.4891,0.5388,0.0,2.3173,0.0,0.0,,897.7742,901.1217
snake-sat18-strips-p07,2,True,292,27512,79995,107822,63115,129691,4076774,0,0,,,,0,,,10.0,1e+20,15,0.242,0.5842,0.0,2.2623,0.0,0.0,,898.4936,901.5846
snake-sat18-strips-p08,2,True,310,28812,85174,114316,67837,137738,4356599,0,0,,,,0,,,8.0,1e+20,15,0.2367,0.6592,0.0,2.4396,0.0,0.0,,897.6549,900.993
snake-sat18-strips-p09,2,True,326,29514,88542,118399,79419,143315,5930848,0,0,,,,0,,,0.0,1e+20,38,0.2637,0.7392,0.0,3.1287,0.0,0.0,,135.0685,139.2036
snake-sat18-strips-p10,2,True,338,30553,92822,123733,77625,150174,4945132,0,0,,,,0,,,10.333,1e+20,58,0.2855,0.7854,0.0,2.8032,0.0,0.0,,305.6704,309.5484
snake-sat18-strips-p11,3,True,378,49258,144070,193726,108733,230925,9531462,0,0,,,,0,,,0.0,1e+20,1e+20,0.4397,1.4953,0.0,5.2232,0.0,0.0,,868.847,876.0104
snake-sat18-strips-p12,3,True,398,50658,149469,200545,116055,239835,10188548,0,0,,,,0,,,0.0,1e+20,1e+20,0.4672,1.419,0.0,5.5387,0.0,0.0,,892.9062,900.3369
snake-sat18-strips-p13,3,True,416,51540,154046,206022,121430,247098,10380111,0,0,,,,0,,,0.0,1e+20,1e+20,0.5382,1.7134,0.0,5.7083,0.0,0.0,,911.4046,919.3712
snake-sat18-strips-p14,3,True,438,53433,161546,215434,131118,259270,11063514,0,0,,,,0,,,0.0,1e+20,1e+20,0.5413,1.9252,0.0,6.0268,0.0,0.0,,897.2488,905.7498
snake-sat18-strips-p15,3,True,456,55455,169866,225797,138861,272588,11496920,0,0,,,,0,,,0.0,1e+20,1e+20,0.602,1.8289,0.0,6.3096,0.0,0.0,,184.3727,193.122
snake-sat18-strips-p16,3,True,490,82180,242056,324746,181160,385644,20666331,0,0,,,,0,,,0.0,1e+20,1e+20,0.8401,3.0918,0.0,11.8889,0.0,0.0,,203.7147,219.5444
snake-sat18-strips-p17,3,True,514,83670,248260,332464,188278,396476,20722778,0,0,,,,0,,,0.0,1e+20,1e+20,0.8709,4.4523,0.0,11.8409,0.0,0.0,,193.8701,211.0452
snake-sat18-strips-p18,3,True,538,85556,256749,342863,200894,410444,21931987,0,0,,,,0,,,0.0,1e+20,1e+20,0.9375,3.3769,0.0,12.6939,0.0,0.0,,207.1311,224.1511
snake-sat18-strips-p19,3,True,562,88245,267614,356441,214493,428218,22776171,0,0,,,,0,,,0.0,1e+20,1e+20,1.0236,3.5629,0.0,13.1067,0.0,0.0,,200.3314,218.0387
snake-sat18-strips-p20,3,True,584,90765,278204,369576,225560,445509,23487934,0,0,,,,0,,,0.0,1e+20,1e+20,1.0996,3.7955,0.0,13.9991,0.0,0.0,,203.1117,222.0208
sokoban-opt08-strips-p01,0,False,24,69,138,270,221,343,386,0,0,,,,0,,,10.0,1e+20,10,0.0097,0.0005,0.0,0.0035,0.0,0.0,,0.0097,0.0234
sokoban-opt08-strips-p02,0,False,25,57,103,207,163,271,295,0,0,,,,0,,,9.0,1e+20,9,0.0054,0.0004,0.0,0.0017,0.0,0.0,,0.0098,0.0174
sokoban-opt08-strips-p03,0,False,21,41,73,154,103,195,163,0,0,,,,0,,,3.0,1e+20,3,0.0055,0.0003,0.0,0.0014,0.0,0.0,,0.0082,0.0153
sokoban-opt08-strips-p04,0,False,43,118,236,457,539,630,1216,0,0,,,,0,,,25.0,1e+20,25,0.0064,0.0012,0.0,0.0039,0.0,0.0,,0.0323,0.044
sokoban-opt08-strips-p05,0,False,283,762,1476,2538,6774,3704,63103,0,0,,,,0,,,8.0,1e+20,8,0.0128,0.0133,0.0,0.0379,0.0,0.0,,0.5674,0.6314
sokoban-opt08-strips-p06,0,False,31,60,96,201,183,264,358,0,0,,,,0,,,2.0,1e+20,2,0.0054,0.0005,0.0,0.0016,0.0,0.0,,0.0145,0.022
sokoban-opt08-strips-p07,0,False,89,167,274,553,598,707,1273,0,0,,,,0,,,7.0,1e+20,7,0.0065,0.0018,0.0,0.0076,0.0,0.0,,0.0397,0.0557
sokoban-opt08-strips-p08,0,False,59,141,256,485,698,677,2421,0,0,,,,0,,,13.0,1e+20,13,0.0065,0.0015,0.0,0.003,0.0,0.0,,0.0445,0.0556
sokoban-opt08-strips-p09,0,False,58,95,159,344,302,457,558,0,0,,,,0,,,5.0,1e+20,5,0.0077,0.0014,0.0,0.0039,0.0,0.0,,0.0154,0.0284
sokoban-opt08-strips-p10,0,False,47,108,195,388,428,534,1024,0,0,,,,0,,,10.0,1e+20,10,0.0288,0.0012,0.0,0.0074,0.0,0.0,,0.0226,0.0601
sokoban-opt08-strips-p11,0,False,79,172,300,611,610,794,1214,0,0,,,,0,,,16.0,1e+20,16,0.0065,0.002,0.0,0.0036,0.0,0.0,,0.0557,0.0678
sokoban-opt08-strips-p12,0,False,88,159,307,586,749,796,1759,0,0,,,,0,,,8.0,1e+20,8,0.0071,0.0021,0.0,0.0029,0.0,0.0,,0.0461,0.0582
sokoban-opt08-strips-p13,0,False,80,152,296,553,633,757,1829,0,0,,,,0,,,4.0,1e+20,4,0.0082,0.0016,0.0,0.0033,0.0,0.0,,0.0279,0.041
sokoban-opt08-strips-p14,0,False,69,143,248,476,639,632,2169,0,0,,,,0,,,11.0,1e+20,11,0.0085,0.0012,0.0,0.0046,0.0,0.0,,0.0519,0.0662
sokoban-opt08-strips-p15,0,False,68,245,537,964,1477,1381,4082,0,0,,,,0,,,57.0,1e+20,57,0.0312,0.0036,0.0,0.0137,0.0,0.0,,0.0644,0.113
sokoban-opt08-strips-p16,0,False,88,151,228,510,513,648,932,0,0,,,,0,,,16.0,1e+20,16,0.0315,0.0019,0.0,0.0055,0.0,0.0,,0.0409,0.0798
sokoban-opt08-strips-p17,0,False,48,76,134,278,228,360,376,0,0,,,,0,,,6.0,1e+20,6,0.006,0.0009,0.0,0.0026,0.0,0.0,,0.0197,0.0293
sokoban-opt08-strips-p18,0,False,93,182,307,636,697,839,1408,0,0,,,,0,,,29.0,1e+20,29,0.0245,0.0028,0.0,0.0032,0.0,0.0,,0.033,0.0636
sokoban-opt08-strips-p19,0,False,80,211,410,750,1252,1057,4415,0,0,,,,0,,,27.0,1e+20,27,0.0251,0.0024,0.0,0.0051,0.0,0.0,,0.0913,0.124
sokoban-opt08-strips-p20,0,False,225,440,466,1142,863,1172,1692,0,0,,,,0,,,2.0,1e+20,2,0.0093,0.0062,0.0,0.0034,0.0,0.0,,0.1026,0.1215
sokoban-opt08-strips-p21,0,False,386,1008,1892,3290,10014,4922,103648,0,0,,,,0,,,2.0,1e+20,2,0.0164,0.0231,0.0,0.0603,0.0,0.0,,1.4434,1.5433
sokoban-opt08-strips-p22,0,False,83,212,386,739,1116,1010,3362,0,0,,,,0,,,30.0,1e+20,30,0.0079,0.0029,0.0,0.004,0.0,0.0,,0.0625,0.0775
sokoban-opt08-strips-p23,0,False,83,220,485,827,1526,1222,6115,0,0,,,,0,,,15.0,1e+20,15,0.0063,0.0024,0.0,0.0057,0.0,0.0,,0.0776,0.0921
sokoban-opt08-strips-p24,0,False,131,201,362,729,1055,1023,2874,0,0,,,,0,,,14.0,1e+20,14,0.0066,0.0032,0.0,0.0038,0.0,0.0,,0.0502,0.064
sokoban-opt08-strips-p25,0,False,109,206,385,754,1010,1039,2373,0,0,,,,0,,,25.0,1e+20,25,0.0251,0.0034,0.0,0.0038,0.0,0.0,,0.0436,0.0759
sokoban-opt08-strips-p26,0,False,121,256,488,901,1466,1288,5471,0,0,,,,0,,,23.0,1e+20,23,0.0078,0.0037,0.0,0.0055,0.0,0.0,,0.1176,0.1347
sokoban-opt08-strips-p27,0,False,203,311,524,1066,1738,1551,4545,0,0,,,,0,,,11.0,1e+20,11,0.0082,0.0061,0.0,0.0057,0.0,0.0,,0.1134,0.1335
sokoban-opt08-strips-p28,0,False,148,234,405,817,1273,1131,3251,0,0,,,,0,,,18.0,1e+20,18,0.0417,0.0037,0.0,0.0078,0.0,0.0,,0.0741,0.1273
sokoban-opt08-strips-p29,0,False,455,1078,1901,3459,8190,5089,68561,0,0,,,,31865,,,15.0,1e+20,15,0.4492,0.0337,0.0,0.3525,0.0,0.0,,19.0378,19.8732
sokoban-opt08-strips-p30,0,False,476,1352,2848,4701,14826,7341,168814,0,0,,,,0,,,12.0,1e+20,12,0.033,0.0392,0.0,0.1017,0.0,0.0,,1.4488,1.6229
sokoban-opt11-strips-p01,0,False,31,60,96,201,183,264,358,0,0,,,,0,,,2.0,1e+20,2,0.0057,0.0005,0.0,0.0017,0.0,0.0,,0.0143,0.0223
sokoban-opt11-strips-p02,0,False,48,76,134,278,228,360,376,0,0,,,,0,,,6.0,1e+20,6,0.0061,0.0009,0.0,0.0019,0.0,0.0,,0.0198,0.0289
sokoban-opt11-strips-p03,0,False,69,143,248,476,639,632,2169,0,0,,,,0,,,11.0,1e+20,11,0.0072,0.0012,0.0,0.0035,0.0,0.0,,0.051,0.063
sokoban-opt11-strips-p04,0,False,43,118,236,457,539,630,1216,0,0,,,,0,,,25.0,1e+20,25,0.0064,0.0012,0.0,0.0026,0.0,0.0,,0.0324,0.0427
sokoban-opt11-strips-p05,0,False,88,151,228,510,513,648,932,0,0,,,,0,,,16.0,1e+20,16,0.0074,0.0019,0.0,0.0033,0.0,0.0,,0.0409,0.0535
sokoban-opt11-strips-p06,0,False,79,172,300,611,610,794,1214,0,0,,,,0,,,16.0,1e+20,16,0.0062,0.002,0.0,0.0027,0.0,0.0,,0.0324,0.0433
sokoban-opt11-strips-p07,0,False,47,108,195,388,428,534,1024,0,0,,,,0,,,10.0,1e+20,10,0.0061,0.0012,0.0,0.0022,0.0,0.0,,0.0227,0.0322
sokoban-opt11-strips-p08,0,False,58,95,159,344,302,457,558,0,0,,,,0,,,5.0,1e+20,5,0.0102,0.0014,0.0,0.006,0.0,0.0,,0.0155,0.0332
sokoban-opt11-strips-p09,0,False,89,167,274,553,598,707,1273,0,0,,,,0,,,7.0,1e+20,7,0.0271,0.0018,0.0,0.0065,0.0,0.0,,0.0414,0.0768
sokoban-opt11-strips-p10,0,False,283,762,1476,2538,6774,3704,63103,0,0,,,,0,,,8.0,1e+20,8,0.0136,0.0134,0.0,0.0378,0.0,0.0,,0.5683,0.6331
sokoban-opt11-strips-p11,0,False,80,152,296,553,633,757,1829,0,0,,,,0,,,4.0,1e+20,4,0.0072,0.0016,0.0,0.0038,0.0,0.0,,0.0278,0.0405
sokoban-opt11-strips-p12,0,False,225,440,466,1142,863,1172,1692,0,0,,,,0,,,2.0,1e+20,2,0.0211,0.0063,0.0,0.0054,0.0,0.0,,0.1013,0.1341
sokoban-opt11-strips-p13,0,False,59,141,256,485,698,677,2421,0,0,,,,0,,,13.0,1e+20,13,0.0193,0.0016,0.0,0.0076,0.0,0.0,,0.045,0.0734
sokoban-opt11-strips-p14,0,False,88,159,307,586,749,796,1759,0,0,,,,0,,,8.0,1e+20,8,0.0257,0.0021,0.0,0.0031,0.0,0.0,,0.0459,0.0768
sokoban-opt11-strips-p15,0,False,93,182,307,636,697,839,1408,0,0,,,,0,,,29.0,1e+20,29,0.0092,0.0027,0.0,0.0053,0.0,0.0,,0.0333,0.0505
sokoban-opt11-strips-p16,0,False,68,245,537,964,1477,1381,4082,0,0,,,,0,,,57.0,1e+20,57,0.0233,0.0036,0.0,0.0064,0.0,0.0,,0.0643,0.0977
sokoban-opt11-strips-p17,0,False,80,211,410,750,1252,1057,4415,0,0,,,,0,,,27.0,1e+20,27,0.0071,0.0024,0.0,0.0046,0.0,0.0,,0.0967,0.1108
sokoban-opt11-strips-p18,0,False,386,1008,1892,3290,10014,4922,103648,0,0,,,,0,,,2.0,1e+20,2,0.0159,0.0228,0.0,0.0599,0.0,0.0,,1.4422,1.5408
sokoban-opt11-strips-p19,0,False,83,212,386,739,1116,1010,3362,0,0,,,,0,,,30.0,1e+20,30,0.007,0.003,0.0,0.0041,0.0,0.0,,0.0624,0.0764
sokoban-opt11-strips-p20,0,False,83,220,485,827,1526,1222,6115,0,0,,,,0,,,15.0,1e+20,15,0.0094,0.0024,0.0,0.0086,0.0,0.0,,0.0776,0.0981
sokoban-sat08-strips-p01,0,False,25,57,103,207,163,271,295,0,0,,,,0,,,9.0,1e+20,9,0.0329,0.0004,0.0,0.0085,0.0,0.0,,0.0101,0.0519
sokoban-sat08-strips-p02,0,False,43,118,236,457,539,630,1216,0,0,,,,0,,,25.0,1e+20,25,0.0138,0.0012,0.0,0.0061,0.0,0.0,,0.0338,0.055
sokoban-sat08-strips-p03,0,False,31,60,96,201,183,264,358,0,0,,,,0,,,2.0,1e+20,2,0.0305,0.0005,0.0,0.0036,0.0,0.0,,0.0154,0.05
sokoban-sat08-strips-p04,0,False,59,141,256,485,698,677,2421,0,0,,,,0,,,13.0,1e+20,13,0.0116,0.0016,0.0,0.0044,0.0,0.0,,0.0455,0.0631
sokoban-sat08-strips-p05,0,False,47,108,195,388,428,534,1024,0,0,,,,0,,,10.0,1e+20,10,0.0366,0.0012,0.0,0.008,0.0,0.0,,0.0231,0.0689
sokoban-sat08-strips-p06,0,False,88,159,307,586,749,796,1759,0,0,,,,0,,,8.0,1e+20,8,0.0083,0.0021,0.0,0.0034,0.0,0.0,,0.0469,0.0606
sokoban-sat08-strips-p07,0,False,69,143,248,476,639,632,2169,0,0,,,,0,,,11.0,1e+20,11,0.0062,0.0012,0.0,0.0035,0.0,0.0,,0.0521,0.0631
sokoban-sat08-strips-p08,0,False,88,151,228,510,513,648,932,0,0,,,,0,,,16.0,1e+20,16,0.0066,0.0019,0.0,0.0025,0.0,0.0,,0.0421,0.0532
sokoban-sat08-strips-p09,0,False,93,182,307,636,697,839,1408,0,0,,,,0,,,29.0,1e+20,29,0.0088,0.0027,0.0,0.0039,0.0,0.0,,0.0334,0.0489
sokoban-sat08-strips-p10,0,False,225,440,466,1142,863,1172,1692,0,0,,,,0,,,2.0,1e+20,2,0.1417,0.0063,0.0,0.0033,0.0,0.0,,0.1012,0.2525
sokoban-sat08-strips-p11,0,False,386,1008,1892,3290,10014,4922,103648,0,0,,,,0,,,2.0,1e+20,2,0.0344,0.0233,0.0,0.0622,0.0,0.0,,1.4411,1.561
sokoban-sat08-strips-p12,0,False,83,212,386,739,1116,1010,3362,0,0,,,,0,,,30.0,1e+20,30,0.0083,0.003,0.0,0.0048,0.0,0.0,,0.0624,0.0786
sokoban-sat08-strips-p13,0,False,83,220,485,827,1526,1222,6115,0,0,,,,0,,,15.0,1e+20,15,0.011,0.0024,0.0,0.007,0.0,0.0,,0.0773,0.0977
sokoban-sat08-strips-p14,0,False,131,201,362,729,1055,1023,2874,0,0,,,,0,,,14.0,1e+20,14,0.0074,0.0032,0.0,0.0041,0.0,0.0,,0.0506,0.0655
sokoban-sat08-strips-p15,0,False,109,206,385,754,1010,1039,2373,0,0,,,,0,,,25.0,1e+20,25,0.0077,0.0034,0.0,0.0056,0.0,0.0,,0.0432,0.0599
sokoban-sat08-strips-p16,0,False,121,256,488,901,1466,1288,5471,0,0,,,,0,,,23.0,1e+20,23,0.0235,0.0037,0.0,0.0089,0.0,0.0,,0.1207,0.1568
sokoban-sat08-strips-p17,0,False,203,311,524,1066,1738,1551,4545,0,0,,,,0,,,11.0,1e+20,11,0.0133,0.0062,0.0,0.0142,0.0,0.0,,0.1144,0.1482
sokoban-sat08-strips-p18,0,False,148,234,405,817,1273,1131,3251,0,0,,,,0,,,18.0,1e+20,18,0.0253,0.0036,0.0,0.0049,0.0,0.0,,0.074,0.1079
sokoban-sat08-strips-p19,0,False,455,1078,1901,3459,8190,5089,68561,0,0,,,,31865,,,15.0,1e+20,15,0.0283,0.0334,0.0,0.0477,0.0,0.0,,18.49,18.5996
sokoban-sat08-strips-p20,0,False,476,1352,2848,4701,14826,7341,168814,0,0,,,,0,,,12.0,1e+20,12,0.0258,0.0392,0.0,0.1,0.0,0.0,,1.4556,1.6208
sokoban-sat08-strips-p21,0,False,135,272,452,897,1298,1205,3730,0,0,,,,0,,,29.0,1e+20,29,0.0097,0.0039,0.0,0.0064,0.0,0.0,,0.0793,0.0994
sokoban-sat08-strips-p22,0,False,142,241,445,871,1505,1218,5341,0,0,,,,0,,,21.0,1e+20,21,0.0092,0.004,0.0,0.0069,0.0,0.0,,0.0768,0.0969
sokoban-sat08-strips-p23,0,False,128,246,438,862,1084,1155,2533,0,0,,,,0,,,30.0,1e+20,30,0.0082,0.0037,0.0,0.0048,0.0,0.0,,0.0383,0.0551
sokoban-sat08-strips-p24,0,False,124,201,345,723,832,978,1627,0,0,,,,0,,,22.0,1e+20,22,0.0089,0.0036,0.0,0.0045,0.0,0.0,,0.0483,0.0653
sokoban-sat08-strips-p25,0,False,142,220,347,746,1030,1041,2432,0,0,,,,0,,,15.0,1e+20,15,0.0079,0.004,0.0,0.0038,0.0,0.0,,0.0536,0.0693
sokoban-sat08-strips-p26,0,False,154,308,584,1109,1564,1534,4074,0,0,,,,0,,,32.0,1e+20,32,0.0095,0.0057,0.0,0.0052,0.0,0.0,,0.0888,0.1092
sokoban-sat08-strips-p27,0,False,298,708,1306,2357,5568,3407,35626,0,0,,,,0,,,8.0,1e+20,8,0.0137,0.0159,0.0,0.0227,0.0,0.0,,0.3449,0.3972
sokoban-sat08-strips-p28,0,False,137,371,774,1424,2277,2000,7287,0,0,,,,0,,,76.0,1e+20,76,0.0085,0.0074,0.0,0.0099,0.0,0.0,,0.0774,0.1032
sokoban-sat08-strips-p29,0,False,123,218,454,853,1243,1193,3402,0,0,,,,0,,,22.0,1e+20,22,0.0074,0.0038,0.0,0.004,0.0,0.0,,0.0659,0.0812
sokoban-sat08-strips-p30,0,False,72,243,495,925,1329,1265,3091,0,0,,,,0,,,53.0,1e+20,53,0.0086,0.0037,0.0,0.0045,0.0,0.0,,0.0558,0.0727
sokoban-sat11-strips-p01,0,False,142,220,347,746,1030,1041,2432,0,0,,,,0,,,15.0,1e+20,15,0.0084,0.0042,0.0,0.0042,0.0,0.0,,0.0537,0.0706
sokoban-sat11-strips-p02,0,False,88,151,228,510,513,648,932,0,0,,,,0,,,16.0,1e+20,16,0.0072,0.0019,0.0,0.0061,0.0,0.0,,0.0512,0.0664
sokoban-sat11-strips-p03,0,False,203,311,524,1066,1738,1551,4545,0,0,,,,0,,,11.0,1e+20,11,0.0206,0.0061,0.0,0.0091,0.0,0.0,,0.1138,0.1497
sokoban-sat11-strips-p04,0,False,121,256,488,901,1466,1288,5471,0,0,,,,0,,,23.0,1e+20,23,0.0246,0.0037,0.0,0.0057,0.0,0.0,,0.1177,0.1517
sokoban-sat11-strips-p05,0,False,131,201,362,729,1055,1023,2874,0,0,,,,0,,,14.0,1e+20,14,0.008,0.0032,0.0,0.0037,0.0,0.0,,0.0501,0.0651
sokoban-sat11-strips-p06,0,False,83,212,386,739,1116,1010,3362,0,0,,,,0,,,30.0,1e+20,30,0.0252,0.0029,0.0,0.0054,0.0,0.0,,0.0624,0.096
sokoban-sat11-strips-p07,0,False,83,220,485,827,1526,1222,6115,0,0,,,,0,,,15.0,1e+20,15,0.0068,0.0025,0.0,0.0059,0.0,0.0,,0.0776,0.0928
sokoban-sat11-strips-p08,0,False,142,241,445,871,1505,1218,5341,0,0,,,,0,,,21.0,1e+20,21,0.0272,0.004,0.0,0.0089,0.0,0.0,,0.077,0.1172
sokoban-sat11-strips-p09,0,False,225,440,466,1142,863,1172,1692,0,0,,,,0,,,2.0,1e+20,2,0.0091,0.0061,0.0,0.0038,0.0,0.0,,0.1027,0.1219
sokoban-sat11-strips-p10,0,False,128,246,438,862,1084,1155,2533,0,0,,,,0,,,30.0,1e+20,30,0.0244,0.0036,0.0,0.0039,0.0,0.0,,0.0381,0.0702
sokoban-sat11-strips-p11,0,False,137,371,774,1424,2277,2000,7287,0,0,,,,0,,,76.0,1e+20,76,0.0094,0.0076,0.0,0.0081,0.0,0.0,,0.0773,0.1025
sokoban-sat11-strips-p12,0,False,148,234,405,817,1273,1131,3251,0,0,,,,0,,,18.0,1e+20,18,0.0085,0.0037,0.0,0.004,0.0,0.0,,0.0916,0.1077
sokoban-sat11-strips-p13,0,False,298,708,1306,2357,5568,3407,35626,0,0,,,,0,,,8.0,1e+20,8,0.0206,0.016,0.0,0.0259,0.0,0.0,,0.3418,0.4044
sokoban-sat11-strips-p14,0,False,124,201,345,723,832,978,1627,0,0,,,,0,,,22.0,1e+20,22,0.0108,0.0036,0.0,0.0151,0.0,0.0,,0.0487,0.0783
sokoban-sat11-strips-p15,0,False,72,243,495,925,1329,1265,3091,0,0,,,,0,,,53.0,1e+20,53,0.0614,0.0038,0.0,0.0041,0.0,0.0,,0.0551,0.1245
sokoban-sat11-strips-p16,0,False,455,1078,1901,3459,8190,5089,68561,0,0,,,,31865,,,15.0,1e+20,15,0.024,0.0329,0.0,0.0408,0.0,0.0,,18.435,18.5329
sokoban-sat11-strips-p17,0,False,154,308,584,1109,1564,1534,4074,0,0,,,,0,,,32.0,1e+20,32,0.0087,0.0057,0.0,0.0047,0.0,0.0,,0.0889,0.1081
sokoban-sat11-strips-p18,0,False,123,218,454,853,1243,1193,3402,0,0,,,,0,,,22.0,1e+20,22,0.0261,0.0039,0.0,0.0041,0.0,0.0,,0.0662,0.1003
sokoban-sat11-strips-p19,0,False,109,206,385,754,1010,1039,2373,0,0,,,,0,,,25.0,1e+20,25,0.0081,0.0034,0.0,0.0374,0.0,0.0,,0.0443,0.0932
sokoban-sat11-strips-p20,0,False,476,1352,2848,4701,14826,7341,168814,0,0,,,,0,,,12.0,1e+20,12,0.0209,0.039,0.0,0.0994,0.0,0.0,,1.4423,1.6018
spider-opt18-strips-p01,0,False,171,1050,3075,4397,6226,6160,54447,0,0,,,,0,,,10.0,1e+20,10,0.0297,0.0428,0.0,0.0352,0.0,0.0,,1.1207,1.2286
spider-opt18-strips-p02,0,False,243,1437,3935,5746,9135,8316,94662,0,0,,,,0,,,13.0,1e+20,13,0.0468,0.0784,0.0,0.0563,0.0,0.0,,2.2447,2.4267
spider-opt18-strips-p03,0,False,397,2916,8519,11991,20317,16394,322694,0,0,,,,0,,,14.0,1e+20,14,0.1097,0.2906,0.0,0.1893,0.0,0.0,,13.9839,14.5746
spider-opt18-strips-p04,0,False,485,3543,10037,14258,28044,19839,520498,0,0,,,,0,,,19.0,1e+20,19,0.1491,0.4722,0.0,0.2886,0.0,0.0,,19.8025,20.7142
spider-opt18-strips-p05,0,False,711,5570,15522,22030,53653,31294,1464217,0,0,,,,0,,,21.0,1e+20,21,0.3185,0.86,0.0,0.8402,0.0,0.0,,98.6775,100.7005
spider-opt18-strips-p06,0,False,967,8908,24677,34809,91522,48037,3322147,0,0,,,,64,,,26.0,1e+20,26,0.629,4.9502,0.0,1.9997,0.0,0.0,,465.7034,473.2918
spider-opt18-strips-p07,0,False,189,1058,3213,4550,6379,6666,51535,0,0,,,,4832,,,9.0,1e+20,9,0.034,0.0398,0.0,0.0362,0.0,0.0,,11.2096,11.3198
spider-opt18-strips-p08,0,False,260,1545,4539,6463,10250,9394,104123,0,0,,,,0,,,12.0,1e+20,12,0.0444,0.0823,0.0,0.0612,0.0,0.0,,3.8842,4.0727
spider-opt18-strips-p09,0,False,424,2810,8130,11511,22131,16897,346683,0,0,,,,0,,,16.0,1e+20,16,0.1154,0.2502,0.0,0.2009,0.0,0.0,,12.9611,13.5291
spider-opt18-strips-p10,0,False,508,3771,10468,14921,30587,20803,632517,0,0,,,,0,,,17.0,1e+20,17,0.149,0.4949,0.0,0.3469,0.0,0.0,,28.6259,29.6186
spider-opt18-strips-p11,2,False,727,6088,17367,24383,52672,33229,1297359,0,0,,,,205,,,19.0,1e+20,27,3.1256,1.0433,0.0,0.7652,0.0,0.0,,895.5277,900.4666
spider-opt18-strips-p12,2,False,1005,10481,30761,42477,97721,56200,3820374,0,0,,,,232,,,23.0,1e+20,29,0.6235,2.1043,0.0,2.3284,0.0,0.0,,896.2895,901.3548
spider-opt18-strips-p13,2,False,1129,11191,32256,44832,113849,60754,4666556,0,0,,,,6,,,25.0,1e+20,36,0.7931,3.1306,0.0,2.7963,0.0,0.0,,561.9475,568.6792
spider-opt18-strips-p14,0,False,181,1080,3466,4817,6189,6810,52093,0,0,,,,0,,,6.0,1e+20,6,0.0473,0.0366,0.0,0.0345,0.0,0.0,,1.0103,1.129
spider-opt18-strips-p15,0,False,258,1287,3658,5324,9900,8353,93183,0,0,,,,0,,,13.0,1e+20,13,0.063,0.0737,0.0,0.0548,0.0,0.0,,3.2268,3.4187
spider-opt18-strips-p16,0,False,417,3242,9684,13486,22132,18578,371743,0,0,,,,136,,,11.0,1e+20,11,0.1079,0.2625,0.0,0.2135,0.0,0.0,,72.6295,73.215
spider-opt18-strips-p17,0,False,516,3381,9702,13774,30526,20422,572169,0,0,,,,84,,,19.0,1e+20,19,0.16,0.3694,0.0,0.3202,0.0,0.0,,61.1159,61.9673
spider-opt18-strips-p18,2,False,736,6072,17127,24136,59800,33851,1932946,0,0,,,,256,,,20.0,1e+20,29,0.3173,0.9741,0.0,1.0719,0.0,0.0,,898.158,900.5257
spider-opt18-strips-p19,2,False,1005,10267,30029,41527,95222,55650,3428831,0,0,,,,3,,,20.0,1e+20,26,0.6553,2.2376,0.0,1.945,0.0,0.0,,896.6262,901.4733
spider-opt18-strips-p20,2,False,1138,10503,29734,41634,115027,58493,4637177,0,0,,,,6,,,28.0,1e+20,37,0.7867,2.8016,0.0,2.7054,0.0,0.0,,724.7163,731.0212
spider-sat18-strips-p01,0,False,712,6267,17955,25155,55544,34324,1694113,0,0,,,,0,,,20.0,1e+20,20,0.419,0.9867,0.0,0.9678,0.0,0.0,,150.4434,152.8206
spider-sat18-strips-p02,2,False,960,9531,27519,38267,91910,50923,3398316,0,0,,,,3,,,23.667,1e+20,28,0.6469,2.6569,0.0,2.0448,0.0,0.0,,896.1442,901.5029
spider-sat18-strips-p03,2,False,1099,9314,25643,36348,120342,52170,5299597,0,0,,,,5,,,30.0,1e+20,32,0.7971,2.8077,0.0,3.0573,0.0,0.0,,893.7995,900.4674
spider-sat18-strips-p04,3,False,1412,15628,42473,59831,182392,79719,10773997,0,0,,,,0,,,0.0,1e+20,1e+20,1.4365,6.0231,0.0,6.6458,0.0,0.0,,497.1552,511.2741
spider-sat18-strips-p05,3,False,1777,21977,59754,83856,284468,111348,21243802,0,0,,,,0,,,0.0,1e+20,1e+20,2.5219,10.7242,0.0,12.7194,0.0,0.0,,377.6503,403.6313
spider-sat18-strips-p06,3,False,1942,23021,62847,88196,330083,118159,26525618,0,0,,,,0,,,0.0,1e+20,1e+20,2.9766,12.6718,0.0,15.911,0.0,0.0,,246.704,278.2867
spider-sat18-strips-p07,0,False,507,3608,10669,14958,30633,20916,690546,0,0,,,,432,,,18.0,1e+20,18,0.1805,0.3919,0.0,0.4095,0.0,0.0,,139.8548,140.8385
spider-sat18-strips-p08,2,False,737,6760,18740,26432,54068,35580,1415086,0,0,,,,514,,,19.0,1e+20,19,0.3268,1.0944,0.0,0.8459,0.0,0.0,,898.512,900.7834
spider-sat18-strips-p09,2,False,996,10071,29664,40958,96304,54356,3983334,0,0,,,,185,,,22.0,1e+20,34,0.6375,2.3659,0.0,2.3487,0.0,0.0,,896.2977,901.657
spider-sat18-strips-p10,2,False,1132,12257,34744,48385,130607,64172,5744326,0,0,,,,4,,,22.0,1e+20,31,0.7897,2.9379,0.0,3.3549,0.0,0.0,,793.4097,800.5004
spider-sat18-strips-p11,3,False,1453,15760,45636,63135,200227,84339,12656210,0,0,,,,0,,,0.0,1e+20,1e+20,1.4587,6.7319,0.0,7.7287,0.0,0.0,,618.0459,633.9832
spider-sat18-strips-p12,-2,False,0,0,0,0,0,0,0,0,0,,,,0,,,0.0,1e+20,1e+20,0,0,0,0,0,0,,0,0
spider-sat18-strips-p13,3,False,1984,23506,67341,93168,327136,123917,27168428,0,0,,,,0,,,0.0,1e+20,1e+20,2.9735,13.5661,0.0,16.4138,0.0,0.0,,252.0192,284.9905
spider-sat18-strips-p14,0,False,513,3726,10928,15341,29883,21645,518152,0,0,,,,0,,,18.0,1e+20,18,0.1671,0.4581,0.0,0.3075,0.0,0.0,,27.7029,28.6374
spider-sat18-strips-p15,0,False,735,6317,17913,25165,53203,34418,1432833,0,0,,,,18,,,19.0,1e+20,19,0.3171,1.08,0.0,0.8356,0.0,0.0,,352.7316,354.9685
spider-sat18-strips-p16,2,False,997,9965,29293,40486,94906,54084,3464412,0,0,,,,10,,,22.0,1e+20,36,0.6445,2.3605,0.0,2.1018,0.0,0.0,,896.2065,901.321
spider-sat18-strips-p17,2,False,1135,10942,31190,43527,118943,60328,4691220,0,0,,,,0,,,26.0,1e+20,38,0.8283,2.8408,0.0,2.7948,0.0,0.0,,895.991,902.465
spider-sat18-strips-p18,3,False,1454,16271,45101,63107,337125,83648,17828572,0,0,,,,0,,,0.0,1e+20,1e+20,1.4393,5.6722,0.0,10.556,0.0,0.0,,884.4928,902.171
spider-sat18-strips-p19,3,False,1819,22078,63634,87842,279823,116410,20109233,0,0,,,,0,,,0.0,1e+20,1e+20,2.4956,10.2798,0.0,12.2274,0.0,0.0,,365.5626,390.5794
spider-sat18-strips-p20,-2,False,0,0,0,0,0,0,0,0,0,,,,0,,,0.0,1e+20,1e+20,0,0,0,0,0,0,,0,0
storage-p01,0,True,0,2,7,17,9,23,9,0,0,,,,0,,,3.0,1e+20,3,0.0061,0.0,0.0,0.0031,0.0,0.0,,0.0015,0.0108
storage-p02,0,True,8,12,20,44,28,57,45,0,0,,,,0,,,3.0,1e+20,3,0.0053,0.0001,0.0,0.0021,0.0,0.0,,0.0064,0.0139
storage-p03,0,True,16,27,42,89,60,114,115,0,0,,,,0,,,3.0,1e+20,3,0.0116,0.0002,0.0,0.0062,0.0,0.0,,0.0075,0.0256
storage-p04,0,True,2,9,16,38,15,43,16,0,0,,,,0,,,6.0,1e+20,6,0.0051,0.0001,0.0,0.0015,0.0,0.0,,0.0014,0.0082
storage-p05,0,True,24,68,105,202,133,244,304,0,0,,,,0,,,6.0,1e+20,6,0.0059,0.0003,0.0,0.0017,0.0,0.0,,0.0121,0.02
storage-p06,0,True,31,101,153,290,201,352,511,0,0,,,,0,,,6.0,1e+20,6,0.0253,0.0004,0.0,0.0045,0.0,0.0,,0.0182,0.0484
storage-p07,0,True,4,16,26,60,24,67,31,0,0,,,,0,,,10.0,1e+20,10,0.0063,0.0002,0.0,0.0016,0.0,0.0,,0.0059,0.0141
storage-p08,0,True,44,162,238,451,273,532,701,0,0,,,,0,,,8.0,1e+20,8,0.2075,0.0007,0.0,0.0396,0.0,0.0,,0.0307,0.2786
storage-p09,0,True,53,253,372,685,497,820,1364,0,0,,,,0,,,7.0,1e+20,7,0.0275,0.0011,0.0,0.0048,0.0,0.0,,0.0317,0.0652
storage-p10,0,True,6,24,37,84,32,90,49,0,0,,,,0,,,12.0,1e+20,12,0.0062,0.0004,0.0,0.0022,0.0,0.0,,0.006,0.0149
storage-p11,0,True,69,344,501,923,589,1084,1598,0,0,,,,0,,,9.0,1e+20,9,0.0132,0.0016,0.0,0.0056,0.0,0.0,,0.0476,0.0681
storage-p12,0,True,82,478,699,1268,906,1499,2618,0,0,,,,0,,,9.0,1e+20,9,0.0145,0.0025,0.0,0.006,0.0,0.0,,0.0719,0.095
storage-p13,0,True,8,21,38,88,34,99,43,0,0,,,,0,,,12.0,1e+20,12,0.0308,0.0005,0.0,0.0037,0.0,0.0,,0.0028,0.0379
storage-p14,0,True,102,262,355,731,564,959,1066,0,0,,,,0,,,13.0,1e+20,13,0.0089,0.0024,0.0,0.0025,0.0,0.0,,0.0294,0.0433
storage-p15,0,True,117,383,509,1021,925,1378,1894,0,0,,,,0,,,11.0,1e+20,11,0.0112,0.0039,0.0,0.0068,0.0,0.0,,0.044,0.0659
storage-p16,0,True,158,714,937,1823,1490,2287,3338,0,0,,,,0,,,13.0,1e+20,13,0.0165,0.0085,0.0,0.007,0.0,0.0,,0.0778,0.11
storage-p17,0,True,205,979,1280,2480,2086,3135,4663,0,0,,,,0,,,15.0,1e+20,15,0.0152,0.0132,0.0,0.0066,0.0,0.0,,0.1052,0.1403
storage-p18,0,True,259,1388,1813,3478,2769,4290,6480,0,0,,,,0,,,18.0,1e+20,18,0.0214,0.0209,0.0,0.008,0.0,0.0,,0.1616,0.2122
storage-p19,0,True,317,1385,1742,3465,2849,4447,6586,0,0,,,,0,,,19.0,1e+20,19,0.0279,0.0321,0.0,0.0187,0.0,0.0,,0.1222,0.201
storage-p20,0,True,381,1846,2302,4552,3738,5779,7764,0,0,,,,0,,,22.0,1e+20,22,0.0338,0.0459,0.0,0.0114,0.0,0.0,,0.1477,0.2392
storage-p21,0,True,488,2668,3311,6492,5980,8476,13895,0,0,,,,0,,,24.0,1e+20,24,0.0491,0.0865,0.0,0.0192,0.0,0.0,,0.2829,0.438
storage-p22,0,True,567,3753,4648,8995,7816,11261,18639,0,0,,,,0,,,25.0,1e+20,25,0.085,0.1364,0.0,0.0249,0.0,0.0,,0.3551,0.6018
storage-p23,0,True,654,3741,4550,8975,8038,11686,18089,0,0,,,,0,,,28.0,1e+20,28,0.0985,0.1837,0.0,0.1574,0.0,0.0,,0.3899,0.8305
storage-p24,0,True,745,3764,4551,9092,9127,12237,19966,0,0,,,,0,,,29.0,1e+20,29,0.0889,0.2086,0.0,0.0303,0.0,0.0,,0.3629,0.6918
storage-p25,0,True,844,4785,5762,11425,10378,14962,23459,0,0,,,,0,,,33.0,1e+20,33,0.1143,0.2929,0.0,0.0387,0.0,0.0,,0.8806,1.3276
storage-p26,0,True,995,7701,9166,17898,17021,22654,41219,0,0,,,,0,,,34.0,1e+20,34,0.2068,0.5014,0.0,0.066,0.0,0.0,,0.8288,1.6047
storage-p27,0,True,1110,8072,9632,18853,18367,24403,47479,0,0,,,,0,,,36.0,1e+20,36,0.2206,0.6554,0.0,0.0739,0.0,0.0,,1.0978,2.0497
storage-p28,0,True,1229,8437,10016,19723,18732,25953,43240,0,0,,,,0,,,38.0,1e+20,38,0.2526,0.7601,0.0,0.0779,0.0,0.0,,1.0361,2.1289
storage-p29,0,True,1354,10309,12141,23847,23071,30674,60531,0,0,,,,0,,,40.0,1e+20,40,0.3163,1.0499,0.0,0.1079,0.0,0.0,,1.3825,2.8592
storage-p30,0,True,1484,11401,13360,26290,25087,33677,63018,0,0,,,,0,,,41.0,1e+20,41,0.3979,1.3121,0.0,0.1229,0.0,0.0,,1.2679,3.1039
termes-opt18-strips-p01,0,True,41,107,107,259,265,363,519,0,0,,,,0,,,9.0,1e+20,9,0.0102,0.0008,0.0,0.0025,0.0,0.0,,0.029,0.0427
termes-opt18-strips-p02,0,True,35,106,107,259,265,363,519,0,0,,,,0,,,11.0,1e+20,11,0.0066,0.0008,0.0,0.0025,0.0,0.0,,0.0085,0.0185
termes-opt18-strips-p03,0,True,51,135,135,326,402,480,875,0,0,,,,0,,,10.0,1e+20,10,0.0071,0.0012,0.0,0.002,0.0,0.0,,0.0127,0.0231
termes-opt18-strips-p04,0,True,48,135,135,326,383,480,800,0,0,,,,0,,,16.0,1e+20,16,0.0118,0.0012,0.0,0.003,0.0,0.0,,0.0245,0.0406
termes-opt18-strips-p05,0,True,61,163,163,393,546,597,1294,0,0,,,,0,,,12.0,1e+20,12,0.008,0.0017,0.0,0.0033,0.0,0.0,,0.0161,0.0291
termes-opt18-strips-p06,0,True,56,163,163,393,546,597,1294,0,0,,,,0,,,18.0,1e+20,18,0.0129,0.0016,0.0,0.0045,0.0,0.0,,0.019,0.0381
termes-opt18-strips-p07,0,True,65,190,191,460,720,714,1904,0,0,,,,0,,,14.0,1e+20,14,0.0075,0.002,0.0,0.0029,0.0,0.0,,0.0139,0.0265
termes-opt18-strips-p08,0,True,63,190,191,460,720,714,1904,0,0,,,,0,,,18.0,1e+20,18,0.0069,0.0021,0.0,0.0027,0.0,0.0,,0.014,0.0258
termes-opt18-strips-p09,0,True,81,219,219,527,934,831,2585,0,0,,,,0,,,16.0,1e+20,16,0.0215,0.0025,0.0,0.0073,0.0,0.0,,0.0358,0.0672
termes-opt18-strips-p10,0,True,76,219,219,527,934,831,2585,0,0,,,,0,,,18.0,1e+20,18,0.0267,0.0026,0.0,0.0037,0.0,0.0,,0.0213,0.0544
termes-opt18-strips-p11,0,True,35,107,107,259,264,363,525,0,0,,,,0,,,16.0,1e+20,16,0.0068,0.0009,0.0,0.0018,0.0,0.0,,0.0205,0.03
termes-opt18-strips-p12,0,True,34,107,107,259,264,363,525,0,0,,,,0,,,14.0,1e+20,14,0.0072,0.0008,0.0,0.002,0.0,0.0,,0.0086,0.0187
termes-opt18-strips-p13,0,True,42,135,135,326,402,480,875,0,0,,,,0,,,21.0,1e+20,21,0.0076,0.0012,0.0,0.0027,0.0,0.0,,0.0109,0.0224
termes-opt18-strips-p14,0,True,41,135,135,326,383,480,800,0,0,,,,0,,,18.0,1e+20,18,0.0336,0.0012,0.0,0.0039,0.0,0.0,,0.0101,0.0489
termes-opt18-strips-p15,0,True,53,163,163,393,546,597,1294,0,0,,,,0,,,23.0,1e+20,23,0.0161,0.0016,0.0,0.0039,0.0,0.0,,0.0312,0.0528
termes-opt18-strips-p16,0,True,50,163,163,393,521,597,1193,0,0,,,,0,,,26.0,1e+20,26,0.0079,0.0016,0.0,0.0028,0.0,0.0,,0.016,0.0284
termes-opt18-strips-p17,0,True,29,117,117,279,298,389,620,0,0,,,,0,,,25.0,1e+20,25,0.0065,0.0009,0.0,0.0023,0.0,0.0,,0.0268,0.0366
termes-opt18-strips-p18,0,True,30,107,107,259,265,363,519,0,0,,,,0,,,21.0,1e+20,21,0.0067,0.0009,0.0,0.0019,0.0,0.0,,0.0086,0.0181
termes-opt18-strips-p19,0,True,41,147,147,350,441,512,988,0,0,,,,0,,,19.0,1e+20,19,0.0087,0.0013,0.0,0.0028,0.0,0.0,,0.0312,0.044
termes-opt18-strips-p20,0,True,37,135,135,326,402,480,875,0,0,,,,0,,,24.0,1e+20,24,0.0094,0.0012,0.0,0.0044,0.0,0.0,,0.0106,0.0257
termes-sat18-strips-p01,0,True,69,205,205,486,615,710,1380,0,0,,,,0,,,14.0,1e+20,14,0.0079,0.0022,0.0,0.0026,0.0,0.0,,0.0185,0.0311
termes-sat18-strips-p02,0,True,63,205,205,486,613,710,1350,0,0,,,,0,,,22.0,1e+20,22,0.0242,0.0021,0.0,0.0027,0.0,0.0,,0.0398,0.0689
termes-sat18-strips-p03,0,True,79,247,247,585,873,881,2246,0,0,,,,0,,,19.0,1e+20,19,0.0147,0.0029,0.0,0.0048,0.0,0.0,,0.0208,0.0433
termes-sat18-strips-p04,0,True,63,217,217,510,661,742,1527,0,0,,,,0,,,23.0,1e+20,23,0.0149,0.0022,0.0,0.005,0.0,0.0,,0.0334,0.0556
termes-sat18-strips-p05,0,True,76,247,247,585,873,881,2246,0,0,,,,0,,,24.0,1e+20,24,0.0123,0.0028,0.0,0.0119,0.0,0.0,,0.0405,0.0676
termes-sat18-strips-p06,0,True,94,289,289,684,1183,1052,3295,0,0,,,,0,,,25.0,1e+20,25,0.0118,0.0037,0.0,0.0112,0.0,0.0,,0.0311,0.0579
termes-sat18-strips-p07,0,True,90,289,289,684,1183,1052,3295,0,0,,,,0,,,28.0,1e+20,28,0.0121,0.0038,0.0,0.0041,0.0,0.0,,0.041,0.0612
termes-sat18-strips-p08,0,True,113,331,331,783,1449,1223,4416,0,0,,,,0,,,19.0,1e+20,19,0.0119,0.0046,0.0,0.0058,0.0,0.0,,0.0515,0.0739
termes-sat18-strips-p09,0,True,119,372,373,882,1739,1394,5759,0,0,,,,0,,,18.0,1e+20,18,0.0166,0.0057,0.0,0.009,0.0,0.0,,0.027,0.0584
termes-sat18-strips-p10,0,True,141,415,415,981,2136,1565,7600,0,0,,,,0,,,20.0,1e+20,20,0.0395,0.0072,0.0,0.0115,0.0,0.0,,0.0641,0.1224
termes-sat18-strips-p11,0,True,50,215,215,503,463,642,957,0,0,,,,0,,,34.0,1e+20,34,0.0083,0.002,0.0,0.0023,0.0,0.0,,0.2472,0.2599
termes-sat18-strips-p12,0,True,59,289,289,675,768,936,1638,0,0,,,,0,,,51.0,1e+20,51,0.0107,0.0033,0.0,0.0032,0.0,0.0,,0.1581,0.1753
termes-sat18-strips-p13,0,True,68,363,363,847,1122,1230,2650,0,0,,,,0,,,66.0,1e+20,66,0.0133,0.0049,0.0,0.0038,0.0,0.0,,0.0826,0.1047
termes-sat18-strips-p14,0,True,77,437,437,1019,1685,1524,4924,0,0,,,,255,,,81.0,1e+20,81,0.0152,0.0073,0.0,0.0056,0.0,0.0,,0.1439,0.1721
termes-sat18-strips-p15,0,True,86,511,511,1191,2236,1818,7323,0,0,,,,0,,,96.0,1e+20,96,0.016,0.0091,0.0,0.007,0.0,0.0,,0.1507,0.183
termes-sat18-strips-p16,0,True,40,219,219,515,582,715,1226,0,0,,,,0,,,44.0,1e+20,44,0.0149,0.0022,0.0,0.0048,0.0,0.0,,0.0338,0.0557
termes-sat18-strips-p17,0,True,43,275,275,646,845,940,2010,0,0,,,,0,,,60.0,1e+20,60,0.0092,0.0032,0.0,0.0045,0.0,0.0,,0.0375,0.0545
termes-sat18-strips-p18,0,True,76,437,437,1019,1685,1524,4924,0,0,,,,0,,,76.0,1e+20,76,0.0141,0.0069,0.0,0.0056,0.0,0.0,,0.0916,0.1184
termes-sat18-strips-p19,0,True,84,511,511,1191,2236,1818,7323,0,0,,,,0,,,92.0,1e+20,92,0.0165,0.0095,0.0,0.0065,0.0,0.0,,0.0895,0.1222
termes-sat18-strips-p20,0,True,165,873,873,2019,4704,3114,18219,0,0,,,,0,,,118.0,1e+20,118,0.0416,0.0218,0.0,0.014,0.0,0.0,,0.276,0.3537
tetris-opt14-strips-p01-10,0,False,715,6434,6882,14044,36608,14600,857233,0,0,,,,0,,,16.0,1e+20,16,0.1199,0.1993,0.0,0.4616,0.0,0.0,,13.9433,14.7249
tetris-opt14-strips-p01-6,0,False,401,3372,3570,7356,17599,7756,361611,0,0,,,,0,,,17.0,1e+20,17,0.0469,0.0613,0.0,0.1944,0.0,0.0,,5.2982,5.6013
tetris-opt14-strips-p01-8,0,False,805,8765,9584,19166,51919,19895,1299961,0,0,,,,0,,,17.0,1e+20,17,0.1582,0.2859,0.0,0.736,0.0,0.0,,27.2584,28.4399
tetris-opt14-strips-p02-10,0,False,713,6367,6949,14044,36227,14618,794375,0,0,,,,0,,,19.0,1e+20,19,0.1201,0.1916,0.0,0.4326,0.0,0.0,,17.0372,17.7825
tetris-opt14-strips-p02-4,0,False,200,1753,2086,4045,6553,4273,90547,0,0,,,,0,,,8.0,1e+20,8,0.0286,0.0155,0.0,0.0527,0.0,0.0,,1.2526,1.3496
tetris-opt14-strips-p02-6,0,False,579,6041,6760,13391,30830,14139,636269,0,0,,,,0,,,15.0,1e+20,15,0.1179,0.1453,0.0,0.3575,0.0,0.0,,12.5545,13.1761
tetris-opt14-strips-p02-8,0,False,805,8786,9394,18999,51376,19858,1280727,0,0,,,,0,,,19.0,1e+20,19,0.167,0.2787,0.0,0.734,0.0,0.0,,22.0345,23.2156
tetris-opt14-strips-p03-10,0,False,1936,22500,23999,48455,141803,50847,3785389,0,0,,,,0,,,27.0,1e+20,27,0.7641,1.7747,0.0,2.2966,0.0,0.0,,92.6375,97.4761
tetris-opt14-strips-p03-4,0,False,152,1560,1857,3576,5994,3814,78559,0,0,,,,0,,,7.0,1e+20,7,0.0227,0.0137,0.0,0.0429,0.0,0.0,,1.0592,1.1387
tetris-opt14-strips-p03-6,0,False,327,3112,3507,6956,16105,7308,304552,0,0,,,,0,,,11.0,1e+20,11,0.0438,0.0462,0.0,0.169,0.0,0.0,,4.7278,4.9872
tetris-opt14-strips-p03-8,0,False,1407,16887,18110,36419,106598,38405,2867873,0,0,,,,0,,,20.0,1e+20,20,0.4609,1.007,0.0,1.6712,0.0,0.0,,54.7812,57.9224
tetris-opt14-strips-p04-10,0,False,1880,18314,19473,39688,114713,41819,2893396,0,0,,,,0,,,28.0,1e+20,28,0.5585,1.4079,0.0,1.7734,0.0,0.0,,65.2125,68.9553
tetris-opt14-strips-p04-6,0,False,402,3349,3761,7524,16601,7964,292303,0,0,,,,0,,,14.0,1e+20,14,0.0667,0.0599,0.0,0.1968,0.0,0.0,,4.7106,5.0344
tetris-opt14-strips-p04-8,0,False,1156,12978,13959,28111,78020,29623,1895869,0,0,,,,0,,,25.0,1e+20,25,0.3042,0.7161,0.0,1.129,0.0,0.0,,44.431,46.5823
tetris-opt14-strips-p05-10,0,False,1806,22189,23606,47617,146816,49592,4071491,0,0,,,,0,,,23.0,1e+20,23,0.7454,1.5885,0.0,2.4075,0.0,0.0,,97.918,102.6624
tetris-opt14-strips-p05-6,0,False,326,3165,3568,7068,17280,7359,406416,0,0,,,,0,,,12.0,1e+20,12,0.0405,0.0483,0.0,0.2164,0.0,0.0,,7.7579,8.0634
tetris-opt14-strips-p05-8,0,False,1407,16857,18347,36628,98155,38971,2425011,0,0,,,,0,,,22.0,1e+20,22,0.467,1.0369,0.0,1.4709,0.0,0.0,,50.0351,53.0129
tetris-sat14-strips-p020,0,False,844,6801,7353,15012,37348,15539,828218,0,0,,,,0,,,19.0,1e+20,19,0.1336,0.2246,0.0,0.4656,0.0,0.0,,18.6123,19.4372
tetris-sat14-strips-p021,0,False,2289,22653,23902,48869,142824,51151,3630948,0,0,,,,0,,,35.0,1e+20,35,0.8453,2.2426,0.0,2.2682,0.0,0.0,,94.2582,99.619
tetris-sat14-strips-p022,0,False,1420,14823,15656,31917,90164,33026,2287387,0,0,,,,0,,,24.0,1e+20,24,0.407,0.8257,0.0,1.3285,0.0,0.0,,50.6794,53.2429
tetris-sat14-strips-p023,0,False,1579,15306,16107,33013,97103,34429,2566990,0,0,,,,0,,,28.0,1e+20,28,0.4455,0.9839,0.0,1.4951,0.0,0.0,,52.827,55.7537
tetris-sat14-strips-p024,0,False,1812,21049,22142,45024,157928,46965,5051978,0,0,,,,0,,,28.0,1e+20,28,0.737,1.5428,0.0,2.8672,0.0,0.0,,100.8963,106.0464
tetris-sat14-strips-p025,0,False,1028,8439,8785,18269,51898,18918,1265773,0,0,,,,0,,,22.0,1e+20,22,0.1964,0.3365,0.0,0.7399,0.0,0.0,,20.8627,22.1369
tetris-sat14-strips-p026,3,False,3308,40991,43497,87822,275070,92715,7895041,0,0,,,,0,,,0.0,1e+20,1e+20,2.2737,6.6727,0.0,5.0207,0.0,0.0,,128.2217,142.1947
tetris-sat14-strips-p027,3,False,2917,34796,36717,74455,242568,78591,7208273,0,0,,,,0,,,0.0,1e+20,1e+20,1.7294,4.3447,0.0,4.3051,0.0,0.0,,145.1177,155.501
tetris-sat14-strips-p028,0,False,2524,28402,29967,60917,189009,64015,5274521,0,0,,,,0,,,33.0,1e+20,33,1.2192,3.1716,0.0,3.2273,0.0,0.0,,112.5712,120.1939
tetris-sat14-strips-p029,0,False,1188,8970,9420,19599,52901,20506,1145251,0,0,,,,0,,,25.0,1e+20,25,0.2214,0.4491,0.0,0.6353,0.0,0.0,,17.8325,19.1397
tetris-sat14-strips-p031,3,False,4095,49568,51748,105440,353160,110732,10791115,0,0,,,,0,,,0.0,1e+20,1e+20,3.2464,10.138,0.0,6.7854,0.0,0.0,,424.6098,444.7888
tetris-sat14-strips-p032,0,False,1678,17509,18649,37853,115223,39143,3246632,0,0,,,,0,,,22.0,1e+20,22,0.5632,1.2239,0.0,1.8673,0.0,0.0,,74.0572,77.7143
tetris-sat14-strips-p033,3,False,3819,42667,44871,91385,301069,95996,9056786,0,0,,,,0,,,0.0,1e+20,1e+20,2.5291,8.541,0.0,5.567,0.0,0.0,,172.9832,189.6265
tetris-sat14-strips-p034,3,False,3817,42660,44863,91368,298277,95450,8991706,0,0,,,,0,,,0.0,1e+20,1e+20,2.4551,8.3048,0.0,5.6509,0.0,0.0,,163.9689,180.389
tetris-sat14-strips-p035,3,False,3906,48998,51020,103950,359621,108099,11341836,0,0,,,,0,,,0.0,1e+20,1e+20,3.0551,9.9014,0.0,7.0378,0.0,0.0,,455.3101,475.3126
tetris-sat14-strips-p036,3,False,3256,40807,42419,86503,293675,89442,9163470,0,0,,,,0,,,0.0,1e+20,1e+20,2.17,5.9201,0.0,5.5382,0.0,0.0,,147.648,161.2826
tetris-sat14-strips-p037,0,False,1773,11994,12255,26048,72403,27154,1540239,0,0,,,,0,,,34.0,1e+20,34,0.3562,0.851,0.0,0.9092,0.0,0.0,,24.9907,27.1088
tetris-sat14-strips-p038,3,False,2980,33929,35472,72405,243068,75435,7421052,0,0,,,,0,,,0.0,1e+20,1e+20,1.9426,4.7245,0.0,4.4722,0.0,0.0,,132.7658,143.9106
tetris-sat14-strips-p039,3,False,4095,49442,51588,105154,356191,110435,11029423,0,0,,,,0,,,0.0,1e+20,1e+20,3.2719,10.9062,0.0,6.9783,0.0,0.0,,444.2446,465.4099
tetris-sat14-strips-p040,3,False,3167,34620,36272,74088,247199,77896,7524757,0,0,,,,0,,,0.0,1e+20,1e+20,1.8207,5.1306,0.0,4.6083,0.0,0.0,,136.0052,147.5699
thoughtful-mco14-strips-p11_6_65-typed,2,True,417,6375,27829,34793,26791,45385,373470,0,0,,,,0,,,61.678,1e+20,98,0.08,0.3645,0.0,0.2392,0.0,0.0,,899.4385,900.123
thoughtful-mco14-strips-p11_6_74-typed,2,True,427,6872,30165,37634,28812,48015,403381,0,0,,,,0,,,69.015,1e+20,74,0.0771,0.3555,0.0,0.2593,0.0,0.0,,899.4846,900.1773
thoughtful-mco14-strips-p11_6_75-typed,2,True,422,6567,28309,35470,29457,47101,428721,0,0,,,,0,,,61.8,1e+20,78,0.0854,0.4061,0.0,0.2729,0.0,0.0,,899.3503,900.1155
thoughtful-mco14-strips-p11_6_78-typed,2,True,420,6750,29366,36704,28616,47786,440185,0,0,,,,0,,,61.026,1e+20,70,0.1016,0.4425,0.0,0.277,0.0,0.0,,899.311,900.133
thoughtful-mco14-strips-p11_6_88-typed,2,True,424,6706,29851,37148,30113,47728,441480,0,0,,,,0,,,64.685,1e+20,89,0.0906,0.4271,0.0,0.284,0.0,0.0,,899.34,900.1425
thoughtful-mco14-strips-p11_6_89-typed,2,True,413,6473,27592,34649,27479,45090,366772,0,0,,,,0,,,71.105,1e+20,76,0.0787,0.4461,0.0,0.2358,0.0,0.0,,899.3114,900.0729
thoughtful-mco14-strips-p11_6_98-typed,2,True,411,6196,25687,32468,27362,42369,345426,0,0,,,,0,,,67.0,1e+20,71,0.0802,0.3802,0.0,0.2256,0.0,0.0,,899.4438,900.137
thoughtful-mco14-strips-p11_6_99-typed,2,True,414,6104,25753,32442,25933,42536,335232,0,0,,,,0,,,64.002,1e+20,83,0.0883,0.5817,0.0,0.2217,0.0,0.0,,899.2079,900.1007
thoughtful-mco14-strips-p13_7_55-typed,2,True,462,7193,31453,39314,34278,51254,499412,0,0,,,,0,,,73.5,1e+20,112,0.0896,0.4904,0.0,0.3171,0.0,0.0,,899.2365,900.137
thoughtful-mco14-strips-p13_7_56-typed,2,True,473,7927,35008,43613,34478,56039,536762,0,0,,,,0,,,74.28,1e+20,87,0.0913,0.5092,0.0,0.3592,0.0,0.0,,899.2089,900.1748
thoughtful-mco14-strips-p13_7_58-typed,2,True,465,7278,31874,39822,31976,52129,476268,0,0,,,,0,,,74.4,1e+20,91,0.0843,0.4268,0.0,0.3014,0.0,0.0,,899.3255,900.1388
thoughtful-mco14-strips-p13_7_61-typed,2,True,470,7800,34287,42761,35911,54902,536648,0,0,,,,0,,,77.703,1e+20,96,0.099,0.6339,0.0,0.368,0.0,0.0,,899.0071,900.109
thoughtful-mco14-strips-p13_7_62-typed,2,True,470,7615,33123,41414,32311,53303,458700,0,0,,,,0,,,79.149,1e+20,87,0.0937,0.5415,0.0,0.2977,0.0,0.0,,899.1792,900.113
thoughtful-mco14-strips-p13_7_64-typed,2,True,465,7651,33431,41754,35188,53860,559046,0,0,,,,0,,,78.888,1e+20,92,0.1051,0.6683,0.0,0.379,0.0,0.0,,898.9635,900.1169
thoughtful-mco14-strips-p13_7_68-typed,2,True,459,7288,30916,38870,34897,50920,554794,0,0,,,,0,,,73.726,1e+20,115,0.1029,0.8354,0.0,0.3385,0.0,0.0,,898.8771,900.1551
thoughtful-mco14-strips-p13_7_69-typed,2,True,458,7040,30074,37780,30566,49116,407370,0,0,,,,0,,,80.5,1e+20,95,0.1004,0.7029,0.0,0.2713,0.0,0.0,,899.077,900.1526
thoughtful-mco14-strips-p13_7_72-typed,2,True,464,7299,31347,39316,32206,51459,444077,0,0,,,,0,,,80.007,1e+20,87,0.1005,0.5467,0.0,0.2911,0.0,0.0,,899.1664,900.1057
thoughtful-mco14-strips-p13_7_74-typed,2,True,463,7645,31852,40171,32458,52467,448140,0,0,,,,0,,,78.921,1e+20,87,0.1217,0.5866,0.0,0.2943,0.0,0.0,,899.0964,900.1
thoughtful-mco14-strips-p13_7_79-typed,2,True,462,7587,32954,41207,32820,53367,470299,0,0,,,,0,,,73.05,1e+20,82,0.0982,0.6165,0.0,0.2991,0.0,0.0,,899.1117,900.1264
thoughtful-mco14-strips-p13_7_86-typed,2,True,458,7244,31435,39344,34426,51192,515093,0,0,,,,0,,,74.333,1e+20,82,0.1006,0.6606,0.0,0.3241,0.0,0.0,,899.0276,900.1139
thoughtful-sat14-strips-bootstrap-typed-01,0,True,108,618,2603,3405,3238,4959,20705,0,0,,,,344,,,26.0,1e+20,26,0.0214,0.0106,0.0,0.0163,0.0,0.0,,25.4049,25.4532
thoughtful-sat14-strips-bootstrap-typed-02,0,True,108,624,2624,3433,3385,4979,23192,0,0,,,,0,,,24.0,1e+20,24,0.0399,0.0092,0.0,0.0314,0.0,0.0,,3.4618,3.5423
thoughtful-sat14-strips-bootstrap-typed-03,0,True,109,599,2518,3303,3206,4808,20061,0,0,,,,0,,,25.0,1e+20,25,0.0138,0.0091,0.0,0.0159,0.0,0.0,,1.8096,1.8485
thoughtful-sat14-strips-bootstrap-typed-04,0,True,107,636,2639,3459,3230,4938,22554,0,0,,,,224,,,26.0,1e+20,26,0.0197,0.0101,0.0,0.0164,0.0,0.0,,19.4942,19.5405
thoughtful-sat14-strips-bootstrap-typed-05,0,True,103,543,2309,3031,2968,4466,19285,0,0,,,,6879,,,29.0,1e+20,29,0.0208,0.0089,0.0,0.0156,0.0,0.0,,307.3212,307.3665
thoughtful-sat14-strips-p11_6_53-typed,2,True,418,6486,28334,35406,28151,45824,398013,0,0,,,,0,,,65.901,1e+20,73,0.0825,0.4786,0.0,0.2544,0.0,0.0,,899.2875,900.1039
thoughtful-sat14-strips-p11_6_59-typed,2,True,416,6436,27891,34911,26054,45762,367102,0,0,,,,0,,,61.264,1e+20,71,0.0789,0.4436,0.0,0.2359,0.0,0.0,,899.3313,900.0905
thoughtful-sat14-strips-p11_6_62-typed,2,True,419,6573,28376,35537,27798,46460,395275,0,0,,,,0,,,61.149,1e+20,68,0.0829,0.4321,0.0,0.2509,0.0,0.0,,899.3492,900.116
thoughtful-sat14-strips-p13_7_78-typed,2,True,463,7558,32229,40458,34979,53264,540611,0,0,,,,0,,,76.87,1e+20,94,0.1013,0.835,0.0,0.3626,0.0,0.0,,898.8364,900.1362
thoughtful-sat14-strips-p13_7_79-typed,2,True,462,7587,32954,41207,32820,53367,470299,0,0,,,,0,,,73.05,1e+20,82,0.1008,0.6103,0.0,0.2998,0.0,0.0,,899.1147,900.1265
thoughtful-sat14-strips-p13_7_86-typed,2,True,458,7244,31435,39344,34426,51192,515093,0,0,,,,0,,,74.333,1e+20,82,0.1004,0.66,0.0,0.3323,0.0,0.0,,899.0142,900.1079
thoughtful-sat14-strips-target-typed-20,2,True,461,7259,31237,39165,31769,51476,464117,0,0,,,,0,,,75.819,1e+20,86,0.2309,0.5577,0.0,0.3236,0.0,0.0,,898.9934,900.1066
thoughtful-sat14-strips-target-typed-21,2,True,466,7402,31960,40032,32138,52035,463648,0,0,,,,0,,,80.019,1e+20,96,0.1266,0.6799,0.0,0.3017,0.0,0.0,,899.0174,900.1266
thoughtful-sat14-strips-target-typed-22,2,True,456,7510,31990,40166,35264,51963,557286,0,0,,,,0,,,78.046,1e+20,108,0.1112,0.6548,0.0,0.3744,0.0,0.0,,899.0079,900.1492
thoughtful-sat14-strips-target-typed-23,2,True,461,7321,31750,39740,32609,51300,420617,0,0,,,,0,,,83.0,1e+20,104,0.0954,0.5995,0.0,0.2797,0.0,0.0,,899.125,900.1006
thoughtful-sat14-strips-target-typed-24,2,True,462,7470,33369,41507,31318,52531,427842,0,0,,,,0,,,77.074,1e+20,82,0.0895,0.5491,0.0,0.2871,0.0,0.0,,899.1814,900.1079
thoughtful-sat14-strips-target-typed-25,2,True,461,7053,30207,37929,33120,50169,485962,0,0,,,,0,,,69.698,1e+20,92,0.103,0.5248,0.0,0.3071,0.0,0.0,,899.2039,900.1399
thoughtful-sat14-strips-target-typed-26,2,True,461,7163,31480,39312,32637,51091,488655,0,0,,,,0,,,76.164,1e+20,110,0.0904,0.5656,0.0,0.3115,0.0,0.0,,899.1947,900.1631
thoughtful-sat14-strips-target-typed-27,2,True,464,7539,33080,41288,33612,53792,511955,0,0,,,,0,,,73.576,1e+20,81,0.0912,0.5191,0.0,0.3483,0.0,0.0,,899.1657,900.1251
thoughtful-sat14-strips-target-typed-28,2,True,454,7051,29311,37028,32561,48370,455217,0,0,,,,0,,,76.74,1e+20,84,0.0883,0.4983,0.0,0.2971,0.0,0.0,,899.2814,900.1661
tidybot-opt11-strips-p01,0,True,0,0,4,12,0,8,0,0,0,,,,0,,,4.0,1e+20,4,0.0303,0.0055,0.0,0.0038,0.0,0.0,,0.0012,0.0412
tidybot-opt11-strips-p02,0,True,62,763,1447,2310,2338,3018,18037,0,0,,,,0,,,20.0,1e+20,20,0.0698,0.0242,0.0,0.0118,0.0,0.0,,0.7168,0.823
tidybot-opt11-strips-p03,0,True,68,822,1517,2431,2496,3107,22333,0,0,,,,0,,,13.0,1e+20,13,0.0862,0.0206,0.0,0.0153,0.0,0.0,,0.5137,0.6365
tidybot-opt11-strips-p04,0,True,57,768,1548,2421,2338,3220,17369,0,0,,,,0,,,26.0,1e+20,26,0.0515,0.0242,0.0,0.0124,0.0,0.0,,0.8164,0.9053
tidybot-opt11-strips-p05,2,True,90,2747,5248,8119,5077,8780,86937,0,0,,,,1102,,,19.0,1e+20,32,0.0855,0.057,0.0,0.0468,0.0,0.0,,899.853,900.0433
tidybot-opt11-strips-p06,2,True,89,2810,5376,8313,4975,8929,72451,0,0,,,,1474,,,21.0,1e+20,28,0.0892,0.0662,0.0,0.0437,0.0,0.0,,899.8405,900.0407
tidybot-opt11-strips-p07,0,True,94,2841,5391,8350,5207,8993,82353,0,0,,,,0,,,14.0,1e+20,14,0.0857,0.0528,0.0,0.0439,0.0,0.0,,2.8766,3.0605
tidybot-opt11-strips-p08,0,True,90,2747,5248,8119,5074,8777,86875,0,0,,,,60,,,20.0,1e+20,20,0.0859,0.0569,0.0,0.0473,0.0,0.0,,23.6658,23.8569
tidybot-opt11-strips-p09,0,True,121,6382,12341,18874,9717,18575,256312,0,0,,,,95,,,18.0,1e+20,18,0.1464,0.1276,0.0,0.1413,0.0,0.0,,59.6969,60.1151
tidybot-opt11-strips-p10,2,True,125,6980,13563,20698,9893,20681,254417,0,0,,,,1217,,,16.0,1e+20,33,0.1482,0.1589,0.0,0.1419,0.0,0.0,,899.627,900.0789
tidybot-opt11-strips-p11,2,True,126,6965,13521,20638,9837,20565,255042,0,0,,,,857,,,14.25,1e+20,24,0.1491,0.1737,0.0,0.1428,0.0,0.0,,899.7075,900.176
tidybot-opt11-strips-p12,2,True,125,6979,13565,20699,9910,20685,254948,0,0,,,,1188,,,17.333,1e+20,25,0.1592,0.1508,0.0,0.1437,0.0,0.0,,900.6042,901.0608
tidybot-opt11-strips-p13,2,True,126,6958,13510,20620,9820,20567,254595,0,0,,,,1273,,,15.333,1e+20,21,0.1488,0.1501,0.0,0.1411,0.0,0.0,,899.6273,900.0704
tidybot-opt11-strips-p14,2,True,158,10925,21291,32397,15052,31980,485590,0,0,,,,877,,,15.5,1e+20,20,0.2519,0.2527,0.0,0.2675,0.0,0.0,,899.3516,900.1265
tidybot-opt11-strips-p15,2,True,163,11569,22559,34310,15500,33591,507324,0,0,,,,393,,,13.375,1e+20,22,0.2619,0.2898,0.0,0.2819,0.0,0.0,,899.3533,900.1921
tidybot-opt11-strips-p16,2,True,153,9562,18653,28396,14228,28771,434850,0,0,,,,590,,,18.0,1e+20,28,0.2758,0.2732,0.0,0.2495,0.0,0.0,,899.4521,900.2534
tidybot-opt11-strips-p17,2,True,153,9885,19237,29300,14133,29313,432575,0,0,,,,378,,,16.579,1e+20,27,0.2563,0.2726,0.0,0.2269,0.0,0.0,,899.5164,900.2776
tidybot-opt11-strips-p18,0,True,156,10653,20738,31573,14507,31049,455281,0,0,,,,29,,,20.0,1e+20,20,0.2552,0.2878,0.0,0.258,0.0,0.0,,89.3319,90.1357
tidybot-opt11-strips-p19,2,True,154,10105,19732,30017,14606,30086,460335,0,0,,,,646,,,15.958,1e+20,24,0.2604,0.307,0.0,0.2635,0.0,0.0,,899.3708,900.2069
tidybot-opt11-strips-p20,2,True,145,8620,16771,25573,13541,26029,407297,0,0,,,,577,,,21.0,1e+20,33,0.258,0.2722,0.0,0.2045,0.0,0.0,,899.3781,900.1184
tidybot-opt14-strips-p01,2,True,153,9350,18198,27728,14199,28256,433836,0,0,,,,675,,,18.0,1e+20,35,0.2863,0.248,0.0,0.2249,0.0,0.0,,899.5309,900.293
tidybot-opt14-strips-p02,2,True,151,8792,17074,26043,13722,26777,411644,0,0,,,,971,,,17.231,1e+20,31,0.261,0.2503,0.0,0.2128,0.0,0.0,,899.3923,900.1191
tidybot-opt14-strips-p03,0,True,156,10693,20797,31672,14630,31193,456774,0,0,,,,1684,,,21.0,1e+20,21,0.2535,0.2758,0.0,0.2541,0.0,0.0,,708.4824,709.2687
tidybot-opt14-strips-p04,2,True,160,10875,21217,32269,14968,31782,485840,0,0,,,,636,,,11.0,1e+20,20,0.6503,0.2889,0.0,0.2719,0.0,0.0,,899.0559,900.2698
tidybot-opt14-strips-p05,2,True,156,10901,21316,32400,15116,32038,487613,0,0,,,,645,,,15.034,1e+20,22,0.2519,0.2533,0.0,0.3104,0.0,0.0,,899.35,900.1684
tidybot-opt14-strips-p06,2,True,148,8595,16692,25464,13271,26129,383669,0,0,,,,441,,,19.543,1e+20,28,0.2761,0.2978,0.0,0.2034,0.0,0.0,,899.3421,900.1248
tidybot-opt14-strips-p07,2,True,158,10722,20834,31738,14648,31269,457020,0,0,,,,547,,,18.0,1e+20,26,0.2502,0.293,0.0,0.2373,0.0,0.0,,899.4834,900.2667
tidybot-opt14-strips-p08,0,True,158,10904,21245,32330,15097,31905,486043,0,0,,,,498,,,18.0,1e+20,18,0.2521,0.2536,0.0,0.2694,0.0,0.0,,337.9809,338.7587
tidybot-opt14-strips-p09,2,True,186,14748,28776,43730,20936,43368,796530,0,0,,,,229,,,15.0,1e+20,29,0.4374,0.5136,0.0,0.436,0.0,0.0,,898.8501,900.2419
tidybot-opt14-strips-p10,2,True,182,14395,28129,42733,20127,42396,734706,0,0,,,,249,,,19.0,1e+20,27,0.446,0.5045,0.0,0.4209,0.0,0.0,,898.8695,900.2506
tidybot-opt14-strips-p11,2,True,126,6965,13521,20638,9837,20565,255042,0,0,,,,852,,,14.25,1e+20,24,0.1497,0.1736,0.0,0.1463,0.0,0.0,,899.7016,900.1741
tidybot-opt14-strips-p12,2,True,125,6979,13565,20699,9910,20685,254948,0,0,,,,1188,,,17.333,1e+20,25,0.1493,0.1509,0.0,0.1422,0.0,0.0,,900.3981,900.8434
tidybot-opt14-strips-p13,2,True,126,6958,13510,20620,9820,20567,254595,0,0,,,,1274,,,15.333,1e+20,21,0.1525,0.1497,0.0,0.1465,0.0,0.0,,899.6145,900.0661
tidybot-opt14-strips-p14,2,True,158,10925,21291,32397,15052,31980,485590,0,0,,,,878,,,15.5,1e+20,20,0.2534,0.252,0.0,0.2664,0.0,0.0,,899.3713,900.1458
tidybot-opt14-strips-p15,2,True,163,11569,22559,34310,15500,33591,507324,0,0,,,,393,,,13.375,1e+20,22,0.2593,0.2919,0.0,0.2792,0.0,0.0,,899.3525,900.1881
tidybot-opt14-strips-p16,2,True,153,9562,18653,28396,14228,28771,434850,0,0,,,,588,,,18.0,1e+20,28,0.2616,0.2738,0.0,0.2445,0.0,0.0,,899.4803,900.2653
tidybot-opt14-strips-p17,2,True,153,9885,19237,29300,14133,29313,432575,0,0,,,,378,,,16.579,1e+20,27,0.2689,0.2711,0.0,0.2329,0.0,0.0,,899.4562,900.2345
tidybot-opt14-strips-p18,0,True,156,10653,20738,31573,14507,31049,455281,0,0,,,,29,,,20.0,1e+20,20,0.2671,0.2865,0.0,0.3109,0.0,0.0,,88.9968,89.8639
tidybot-opt14-strips-p19,2,True,154,10105,19732,30017,14606,30086,460335,0,0,,,,644,,,15.958,1e+20,24,0.2573,0.3067,0.0,0.2699,0.0,0.0,,899.3162,900.1555
tidybot-opt14-strips-p20,2,True,145,8620,16771,25573,13541,26029,407297,0,0,,,,577,,,21.0,1e+20,33,0.2647,0.2718,0.0,0.2074,0.0,0.0,,899.3669,900.1163
tidybot-sat11-strips-p01,2,True,153,9350,18198,27728,14199,28256,433836,0,0,,,,672,,,18.0,1e+20,35,0.2568,0.249,0.0,0.2213,0.0,0.0,,899.5231,900.2529
tidybot-sat11-strips-p02,2,True,151,8792,17074,26043,13722,26777,411644,0,0,,,,975,,,17.231,1e+20,31,0.2625,0.2502,0.0,0.2244,0.0,0.0,,899.6163,900.3563
tidybot-sat11-strips-p03,0,True,156,10693,20797,31672,14630,31193,456774,0,0,,,,1684,,,21.0,1e+20,21,0.251,0.2739,0.0,0.2534,0.0,0.0,,710.18,710.9609
tidybot-sat11-strips-p04,2,True,160,10875,21217,32269,14968,31782,485840,0,0,,,,637,,,11.0,1e+20,20,0.5452,0.289,0.0,0.2774,0.0,0.0,,899.1756,900.2899
tidybot-sat11-strips-p05,2,True,156,10901,21316,32400,15116,32038,487613,0,0,,,,645,,,15.034,1e+20,22,0.2508,0.2528,0.0,0.2672,0.0,0.0,,899.3965,900.1701
tidybot-sat11-strips-p06,2,True,148,8595,16692,25464,13271,26129,383669,0,0,,,,441,,,19.543,1e+20,28,0.2601,0.2979,0.0,0.2013,0.0,0.0,,899.3558,900.1207
tidybot-sat11-strips-p07,2,True,158,10722,20834,31738,14648,31269,457020,0,0,,,,547,,,18.0,1e+20,26,0.2535,0.2912,0.0,0.2421,0.0,0.0,,899.4575,900.2472
tidybot-sat11-strips-p08,0,True,158,10904,21245,32330,15097,31905,486043,0,0,,,,498,,,18.0,1e+20,18,0.2566,0.254,0.0,0.269,0.0,0.0,,335.4277,336.2101
tidybot-sat11-strips-p09,2,True,186,14748,28776,43730,20936,43368,796530,0,0,,,,230,,,15.0,1e+20,29,0.4279,0.5141,0.0,0.4392,0.0,0.0,,898.9633,900.3493
tidybot-sat11-strips-p10,2,True,182,14395,28129,42733,20127,42396,734706,0,0,,,,249,,,19.0,1e+20,27,0.4275,0.5053,0.0,0.4156,0.0,0.0,,898.893,900.2509
tidybot-sat11-strips-p11,2,True,195,19284,37817,57320,23441,54226,958405,0,0,,,,128,,,16.0,1e+20,32,0.4004,0.5166,0.0,0.5032,0.0,0.0,,898.8637,900.2884
tidybot-sat11-strips-p12,2,True,200,20468,40175,60865,24735,57451,1044384,0,0,,,,187,,,15.0,1e+20,38,0.3967,0.5215,0.0,0.5361,0.0,0.0,,898.7655,900.225
tidybot-sat11-strips-p13,2,True,187,16709,32782,49708,22572,48594,895477,0,0,,,,199,,,18.0,1e+20,27,0.4077,0.4611,0.0,0.4829,0.0,0.0,,899.2004,900.5567
tidybot-sat11-strips-p14,2,True,182,14312,27958,42482,20719,42034,788437,0,0,,,,117,,,19.622,1e+20,26,0.4402,0.5087,0.0,0.4132,0.0,0.0,,899.0909,900.4577
tidybot-sat11-strips-p15,2,True,185,16605,32472,49294,25462,47174,1246762,0,0,,,,150,,,21.011,1e+20,28,0.4133,0.6373,0.0,0.6261,0.0,0.0,,899.25,900.9312
tidybot-sat11-strips-p16,2,True,193,19653,38612,58488,24158,55547,1002672,0,0,,,,112,,,18.0,1e+20,36,0.6728,0.5452,0.0,0.5277,0.0,0.0,,898.9119,900.6621
tidybot-sat11-strips-p17,2,True,230,25953,50979,77181,32796,73667,1587427,0,0,,,,23,,,16.0,1e+20,27,0.6517,0.9083,0.0,0.8581,0.0,0.0,,898.6816,901.1107
tidybot-sat11-strips-p18,2,True,230,27560,54257,82072,34110,77900,1682336,0,0,,,,0,,,16.0,1e+20,32,0.7157,0.8365,0.0,0.9126,0.0,0.0,,898.6078,901.083
tidybot-sat11-strips-p19,3,True,262,24662,48489,73483,38670,75095,1879780,0,0,,,,0,,,0.0,1e+20,1e+20,1.4448,2.1721,0.0,0.9832,0.0,0.0,,895.7639,900.3856
tidybot-sat11-strips-p20,3,True,268,32324,63714,96353,43453,93776,2334945,0,0,,,,0,,,0.0,1e+20,1e+20,1.1829,1.6795,0.0,1.282,0.0,0.0,,897.1271,901.2902
tpp-p01,0,True,0,2,5,14,5,15,6,0,0,,,,0,,,4.0,1e+20,4,0.0089,0.0,0.0,0.0124,0.0,0.0,,0.0023,0.0237
tpp-p02,0,True,0,3,9,25,10,28,12,0,0,,,,0,,,7.0,1e+20,7,0.0061,0.0,0.0,0.0019,0.0,0.0,,0.0016,0.0096
tpp-p03,0,True,0,4,13,36,15,41,18,0,0,,,,0,,,10.0,1e+20,10,0.0875,0.0,0.0,0.0021,0.0,0.0,,0.0018,0.0914
tpp-p04,0,True,0,5,17,47,20,54,24,0,0,,,,0,,,13.0,1e+20,13,0.0049,0.0,0.0,0.0027,0.0,0.0,,0.0015,0.0092
tpp-p05,0,True,14,34,44,107,55,125,58,0,0,,,,0,,,17.0,1e+20,17,0.0057,0.0001,0.0,0.0013,0.0,0.0,,0.0055,0.0127
tpp-p06,0,True,37,74,84,212,137,272,177,0,0,,,,0,,,21.0,1e+20,21,0.0131,0.0004,0.0,0.0043,0.0,0.0,,0.0089,0.0268
tpp-p07,0,True,42,88,100,252,160,324,203,0,0,,,,0,,,26.0,1e+20,26,0.0094,0.0006,0.0,0.0043,0.0,0.0,,0.0112,0.0256
tpp-p08,0,True,47,100,114,287,184,370,231,0,0,,,,0,,,30.0,1e+20,30,0.0075,0.0007,0.0,0.0044,0.0,0.0,,0.3158,0.3284
tpp-p09,0,True,81,195,213,515,344,650,450,0,0,,,,0,,,35.0,1e+20,35,0.0068,0.0015,0.0,0.0022,0.0,0.0,,0.0235,0.034
tpp-p10,0,True,91,225,243,587,407,740,529,0,0,,,,0,,,39.0,1e+20,39,0.0245,0.0018,0.0,0.0022,0.0,0.0,,0.0257,0.0543
tpp-p11,0,True,93,219,252,587,426,771,675,0,0,,,,0,,,30.0,1e+20,30,0.0086,0.0027,0.0,0.0034,0.0,0.0,,0.0255,0.0402
tpp-p12,0,True,109,255,291,678,494,894,754,0,0,,,,0,,,32.0,1e+20,32,0.0096,0.0035,0.0,0.0023,0.0,0.0,,0.0287,0.0442
tpp-p13,0,True,169,458,486,1128,818,1459,1225,0,0,,,,0,,,31.0,1e+20,31,0.0237,0.007,0.0,0.0081,0.0,0.0,,0.0783,0.1174
tpp-p14,0,True,188,530,562,1301,962,1679,1439,0,0,,,,0,,,39.0,1e+20,39,0.016,0.0088,0.0,0.004,0.0,0.0,,0.1582,0.1872
tpp-p15,0,True,207,594,630,1456,1089,1879,1657,0,0,,,,0,,,45.0,1e+20,45,0.016,0.0108,0.0,0.0038,0.0,0.0,,0.1221,0.153
tpp-p16,0,True,319,997,1057,2401,1861,3164,2998,0,0,,,,0,,,52.0,1e+20,52,0.0318,0.0306,0.0,0.0077,0.0,0.0,,0.7827,0.8531
tpp-p17,0,True,398,1300,1385,3106,2459,4095,4009,0,0,,,,0,,,50.0,1e+20,50,0.0393,0.0512,0.0,0.0073,0.0,0.0,,0.6227,0.7208
tpp-p18,0,True,431,1415,1505,3373,2722,4452,4472,0,0,,,,0,,,51.0,1e+20,51,0.0444,0.059,0.0,0.0084,0.0,0.0,,0.6605,0.7726
tpp-p19,0,True,472,1625,1715,3843,3043,5037,4948,0,0,,,,0,,,62.0,1e+20,62,0.0651,0.0723,0.0,0.0124,0.0,0.0,,1.0743,1.2245
tpp-p20,0,True,505,1770,1865,4176,3306,5466,5395,0,0,,,,0,,,69.0,1e+20,69,0.5019,0.0795,0.0,0.0772,0.0,0.0,,0.951,1.6103
tpp-p21,0,True,551,2155,2263,5005,3964,6522,6598,0,0,,,,35,,,60.0,1e+20,60,0.0999,0.1513,0.0,0.0153,0.0,0.0,,3.5284,3.7963
tpp-p22,0,True,598,2286,2406,5317,4096,6970,7034,0,0,,,,0,,,54.0,1e+20,54,0.1053,0.1629,0.0,0.0135,0.0,0.0,,0.6855,0.9688
tpp-p23,0,True,638,2439,2559,5671,4444,7423,7428,0,0,,,,72,,,63.0,1e+20,63,0.115,0.1932,0.0,0.0195,0.0,0.0,,4.363,4.6924
tpp-p24,0,True,679,2564,2690,5968,4737,7821,7932,0,0,,,,106,,,65.0,1e+20,65,0.1255,0.2132,0.0,0.0163,0.0,0.0,,5.6502,6.0066
tpp-p25,0,True,826,3393,3554,7816,6455,10187,10844,0,0,,,,26,,,74.0,1e+20,74,0.1797,0.3473,0.0,0.0225,0.0,0.0,,6.7712,7.3228
tpp-p26,0,True,1089,4926,5136,11195,9180,14674,16066,0,0,,,,26,,,77.0,1e+20,77,0.3622,0.7436,0.0,0.0396,0.0,0.0,,8.1287,9.2779
tpp-p27,0,True,1144,5123,5340,11655,9897,15278,18001,0,0,,,,343,,,83.0,1e+20,83,0.4094,0.7976,0.0,0.0425,0.0,0.0,,11.5919,12.8454
tpp-p28,0,True,1212,5472,5703,12437,10142,16308,17677,0,0,,,,0,,,87.0,1e+20,87,0.4261,0.9315,0.0,0.047,0.0,0.0,,12.0765,13.4856
tpp-p29,0,True,1429,7072,7352,15914,13087,20714,22963,0,0,,,,4155,,,102.0,1e+20,102,0.6014,1.4132,0.0,0.0689,0.0,0.0,,67.2743,69.3639
tpp-p30,0,True,1508,7528,7816,16910,13871,22024,24515,0,0,,,,5830,,,101.0,1e+20,101,0.6811,1.553,0.0,0.0757,0.0,0.0,,115.4167,117.7331
transport-opt08-strips-p01,0,False,18,32,56,108,59,126,112,0,0,,,,0,,,54.0,1e+20,54,0.0049,0.0002,0.0,0.0043,0.0,0.0,,0.0082,0.0176
transport-opt08-strips-p02,0,False,36,140,251,430,324,548,1077,0,0,,,,0,,,119.0,1e+20,119,0.0115,0.0007,0.0,0.0039,0.0,0.0,,0.1449,0.161
transport-opt08-strips-p03,0,False,60,230,390,684,507,877,1574,0,0,,,,172,,,165.0,1e+20,165,0.0222,0.0018,0.0,0.0057,0.0,0.0,,0.1735,0.2031
transport-opt08-strips-p04,0,False,90,583,1051,1729,1331,2184,6127,0,0,,,,568,,,189.0,1e+20,189,0.0141,0.0039,0.0,0.0084,0.0,0.0,,1.5046,1.5311
transport-opt08-strips-p05,0,False,126,745,1409,2286,1637,2851,7046,0,0,,,,1890,,,227.0,1e+20,227,0.3554,0.0082,0.0,0.0062,0.0,0.0,,3.0319,3.4019
transport-opt08-strips-p06,2,False,196,1986,3430,5619,5029,7177,31582,0,0,,,,51827,,,226.248,1e+20,265,0.0201,0.0228,0.0,0.0205,0.0,0.0,,900.0288,900.0925
transport-opt08-strips-p07,0,False,248,2434,4354,7044,6110,8967,36854,0,0,,,,48498,,,313.0,1e+20,313,0.0315,0.0385,0.0,0.0248,0.0,0.0,,566.6625,566.7576
transport-opt08-strips-p08,2,False,306,3167,5701,9183,7779,11674,48905,0,0,,,,4944,,,206.0,1e+20,256,0.0345,0.0667,0.0,0.0328,0.0,0.0,,899.884,900.0184
transport-opt08-strips-p09,2,False,370,3429,6565,10374,8346,12939,45943,0,0,,,,21046,,,180.927,1e+20,288,0.051,0.0949,0.0,0.0345,0.0,0.0,,899.8874,900.0682
transport-opt08-strips-p10,2,False,440,4810,8632,13893,11681,17641,75810,0,0,,,,1336,,,210.25,1e+20,353,0.0574,0.1211,0.0,0.0517,0.0,0.0,,899.7802,900.0111
transport-opt08-strips-p11,0,False,22,66,126,216,168,270,524,0,0,,,,0,,,245.0,1e+20,245,0.0071,0.0003,0.0,0.0037,0.0,0.0,,0.0343,0.0454
transport-opt08-strips-p12,0,False,46,196,364,609,478,776,1747,0,0,,,,0,,,305.0,1e+20,305,0.0066,0.0011,0.0,0.0027,0.0,0.0,,0.3566,0.3671
transport-opt08-strips-p13,0,False,78,460,833,1375,1055,1751,4563,0,0,,,,3156,,,318.0,1e+20,318,0.0088,0.003,0.0,0.0041,0.0,0.0,,7.1254,7.1414
transport-opt08-strips-p14,0,False,118,692,1257,2072,1616,2661,7139,0,0,,,,7208,,,382.0,1e+20,382,0.0202,0.0064,0.0,0.0102,0.0,0.0,,18.3088,18.3458
transport-opt08-strips-p15,0,False,166,1168,2110,3450,2592,4386,12851,0,0,,,,24099,,,343.0,1e+20,343,0.0152,0.0157,0.0,0.0094,0.0,0.0,,144.7366,144.7771
transport-opt08-strips-p16,2,False,256,2293,4185,6741,5668,8522,31468,0,0,,,,48763,,,182.722,1e+20,482,0.0244,0.0386,0.0,0.023,0.0,0.0,,899.9645,900.0509
transport-opt08-strips-p17,2,False,325,3076,5704,9113,7632,11540,42553,0,0,,,,18414,,,253.1,1e+20,553,0.036,0.0679,0.0,0.0308,0.0,0.0,,899.9265,900.0615
transport-opt08-strips-p18,2,False,402,3796,7216,11423,9246,14280,50725,0,0,,,,23111,,,171.717,1e+20,482,0.0497,0.1198,0.0,0.0371,0.0,0.0,,899.9419,900.149
transport-opt08-strips-p19,2,False,487,5347,9577,15421,12858,19597,82376,0,0,,,,4094,,,172.15,1e+20,538,0.0629,0.1595,0.0,0.0609,0.0,0.0,,899.7394,900.0234
transport-opt08-strips-p20,2,False,580,5577,10824,16992,13653,21281,72368,0,0,,,,10073,,,333.433,1e+20,968,0.0793,0.2385,0.0,0.0655,0.0,0.0,,899.6784,900.0628
transport-opt08-strips-p21,0,False,18,60,108,188,129,230,412,0,0,,,,0,,,320.0,1e+20,320,0.0051,0.0002,0.0,0.0019,0.0,0.0,,0.0224,0.0296
transport-opt08-strips-p22,0,False,36,142,254,435,394,562,1410,0,0,,,,0,,,433.0,1e+20,433,0.0124,0.0007,0.0,0.0052,0.0,0.0,,0.097,0.1154
transport-opt08-strips-p23,0,False,60,278,531,873,665,1102,2405,0,0,,,,0,,,505.0,1e+20,505,0.0078,0.0019,0.0,0.0034,0.0,0.0,,0.2033,0.2164
transport-opt08-strips-p24,0,False,90,472,897,1464,1089,1840,4236,0,0,,,,841,,,428.0,1e+20,428,0.0104,0.004,0.0,0.0096,0.0,0.0,,0.7532,0.7773
transport-opt08-strips-p25,0,False,126,825,1511,2468,1877,3132,8694,0,0,,,,3784,,,549.0,1e+20,549,0.0127,0.0078,0.0,0.0071,0.0,0.0,,3.1056,3.1334
transport-opt08-strips-p26,0,False,196,1615,3041,4859,4072,6086,21100,0,0,,,,107245,,,514.0,1e+20,514,0.023,0.0256,0.0,0.015,0.0,0.0,,465.838,465.9019
transport-opt08-strips-p27,2,False,248,2386,4378,7020,5912,8833,34297,0,0,,,,105687,,,367.0,1e+20,528,0.0247,0.0394,0.0,0.0234,0.0,0.0,,903.1356,903.2235
transport-opt08-strips-p28,2,False,306,2688,5147,8150,6644,10194,36002,0,0,,,,55135,,,339.9,1e+20,641,0.0349,0.0641,0.0,0.0271,0.0,0.0,,900.0531,900.1796
transport-opt08-strips-p29,2,False,370,3613,6692,10685,8742,13435,50905,0,0,,,,24447,,,349.496,1e+20,719,0.0451,0.1011,0.0,0.0348,0.0,0.0,,899.9213,900.1027
transport-opt08-strips-p30,2,False,440,4055,7778,12284,9937,15327,53459,0,0,,,,13668,,,332.954,1e+20,665,0.0575,0.1499,0.0,0.0431,0.0,0.0,,899.763,900.0143
transport-opt11-strips-p01,0,False,60,278,531,873,665,1102,2405,0,0,,,,0,,,505.0,1e+20,505,0.0076,0.0019,0.0,0.0041,0.0,0.0,,0.2033,0.217
transport-opt11-strips-p02,0,False,60,230,390,684,507,877,1574,0,0,,,,172,,,165.0,1e+20,165,0.0071,0.0018,0.0,0.0027,0.0,0.0,,0.1711,0.1828
transport-opt11-strips-p03,0,False,46,196,364,609,478,776,1747,0,0,,,,0,,,305.0,1e+20,305,0.0086,0.0011,0.0,0.0054,0.0,0.0,,0.3597,0.3749
transport-opt11-strips-p04,0,False,78,460,833,1375,1055,1751,4563,0,0,,,,3156,,,318.0,1e+20,318,0.0084,0.003,0.0,0.0041,0.0,0.0,,7.1074,7.1229
transport-opt11-strips-p05,0,False,90,472,897,1464,1089,1840,4236,0,0,,,,841,,,428.0,1e+20,428,0.0227,0.004,0.0,0.0094,0.0,0.0,,0.7529,0.789
transport-opt11-strips-p06,0,False,90,583,1051,1729,1331,2184,6127,0,0,,,,568,,,189.0,1e+20,189,0.0088,0.0039,0.0,0.0056,0.0,0.0,,1.5076,1.526
transport-opt11-strips-p07,0,False,110,578,1100,1794,1341,2249,5306,0,0,,,,0,,,170.0,1e+20,170,0.0268,0.006,0.0,0.0079,0.0,0.0,,0.8353,0.8761
transport-opt11-strips-p08,0,False,132,953,1753,2844,2570,3616,12833,0,0,,,,6418,,,214.0,1e+20,214,0.0223,0.0112,0.0,0.0115,0.0,0.0,,27.4524,27.4976
transport-opt11-strips-p09,0,False,132,743,1419,2301,1647,2866,7014,0,0,,,,156,,,151.0,1e+20,151,0.0157,0.0097,0.0,0.0068,0.0,0.0,,1.7565,1.7888
transport-opt11-strips-p10,0,False,156,1133,2107,3403,2965,4316,14672,0,0,,,,55,,,243.0,1e+20,243,0.0172,0.0146,0.0,0.013,0.0,0.0,,4.195,4.24
transport-opt11-strips-p11,0,False,146,883,1699,2736,1938,3412,8918,0,0,,,,6190,,,404.0,1e+20,404,0.0147,0.0127,0.0,0.0075,0.0,0.0,,24.8699,24.9049
transport-opt11-strips-p12,2,False,171,1330,2554,4063,3388,5078,18209,0,0,,,,167373,,,224.167,1e+20,438,0.0187,0.0213,0.0,0.0127,0.0,0.0,,899.995,900.0479
transport-opt11-strips-p13,0,False,156,1060,1974,3198,2378,4055,11751,0,0,,,,9079,,,224.0,1e+20,224,0.0262,0.012,0.0,0.0125,0.0,0.0,,41.8454,41.8962
transport-opt11-strips-p14,0,False,182,1445,2685,4320,3764,5470,19574,0,0,,,,16464,,,240.0,1e+20,240,0.0379,0.0214,0.0,0.0184,0.0,0.0,,57.3954,57.4733
transport-opt11-strips-p15,0,False,171,1088,2090,3358,2360,4164,10882,0,0,,,,7789,,,589.0,1e+20,589,0.4426,0.0154,0.0,0.0993,0.0,0.0,,14.4365,14.994
transport-opt11-strips-p16,0,False,198,1577,3025,4809,3958,5969,20540,0,0,,,,10489,,,561.0,1e+20,561,0.0495,0.0282,0.0,0.0155,0.0,0.0,,56.8644,56.9577
transport-opt11-strips-p17,0,False,126,745,1409,2286,1637,2851,7046,0,0,,,,1890,,,227.0,1e+20,227,0.0209,0.0082,0.0,0.0078,0.0,0.0,,3.0252,3.0623
transport-opt11-strips-p18,0,False,118,692,1257,2072,1616,2661,7139,0,0,,,,7208,,,382.0,1e+20,382,0.0162,0.0064,0.0,0.0103,0.0,0.0,,18.2937,18.3267
transport-opt11-strips-p19,0,False,126,825,1511,2468,1877,3132,8694,0,0,,,,3784,,,549.0,1e+20,549,0.0129,0.0077,0.0,0.0072,0.0,0.0,,3.1073,3.1353
transport-opt11-strips-p20,2,False,196,1986,3430,5619,5029,7177,31582,0,0,,,,51987,,,226.248,1e+20,265,0.0229,0.0228,0.0,0.0212,0.0,0.0,,900.0718,900.139
transport-opt14-strips-p01,0,False,36,127,237,404,318,494,919,0,0,,,,0,,,90.0,1e+20,90,0.0065,0.0008,0.0,0.0023,0.0,0.0,,0.0452,0.0548
transport-opt14-strips-p02,0,False,66,287,503,860,707,1115,2524,0,0,,,,0,,,127.0,1e+20,127,0.0097,0.0021,0.0,0.0093,0.0,0.0,,0.1413,0.1624
transport-opt14-strips-p03,0,False,90,521,981,1597,1182,2002,5085,0,0,,,,0,,,174.0,1e+20,174,0.0127,0.0041,0.0,0.0124,0.0,0.0,,0.8139,0.8432
transport-opt14-strips-p04,0,False,134,791,1489,2419,2085,3061,8598,0,0,,,,405,,,164.0,1e+20,164,0.0154,0.0103,0.0,0.0079,0.0,0.0,,2.2527,2.2864
transport-opt14-strips-p05,2,False,177,1664,2948,4795,4133,6091,25533,0,0,,,,108330,,,205.375,1e+20,264,0.0178,0.0179,0.0,0.017,0.0,0.0,,904.286,904.339
transport-opt14-strips-p06,0,False,195,1394,2674,4269,3460,5391,16532,0,0,,,,1880,,,260.0,1e+20,260,0.0187,0.0228,0.0,0.0123,0.0,0.0,,10.3215,10.3755
transport-opt14-strips-p07,0,False,66,318,606,994,764,1260,2954,0,0,,,,152,,,360.0,1e+20,360,0.0067,0.0025,0.0,0.0033,0.0,0.0,,1.347,1.3596
transport-opt14-strips-p08,0,False,126,639,1199,1968,1463,2512,5877,0,0,,,,5403,,,370.0,1e+20,370,0.0134,0.0076,0.0,0.0055,0.0,0.0,,11.4095,11.436
transport-opt14-strips-p09,0,False,174,1059,1999,3237,2356,4097,10204,0,0,,,,48963,,,394.0,1e+20,394,0.0151,0.0145,0.0,0.0094,0.0,0.0,,110.4192,110.4583
transport-opt14-strips-p10,2,False,254,2004,3674,5937,4951,7639,26336,0,0,,,,79510,,,215.167,1e+20,517,0.0438,0.0373,0.0,0.0218,0.0,0.0,,900.09,900.1932
transport-opt14-strips-p11,2,False,339,2926,5488,8759,7293,11056,38454,0,0,,,,24969,,,186.333,1e+20,544,0.0371,0.0784,0.0,0.0412,0.0,0.0,,899.937,900.0942
transport-opt14-strips-p12,2,False,375,3159,5777,9317,7782,11944,41243,0,0,,,,20529,,,205.831,1e+20,570,0.0407,0.0811,0.0,0.0299,0.0,0.0,,899.9133,900.0654
transport-opt14-strips-p13,0,False,96,549,997,1646,1268,2121,5438,0,0,,,,271,,,473.0,1e+20,473,0.01,0.0041,0.0,0.0051,0.0,0.0,,1.0198,1.0391
transport-opt14-strips-p14,0,False,186,1019,1790,2999,2399,3914,10098,0,0,,,,2071,,,336.0,1e+20,336,0.0154,0.0138,0.0,0.0086,0.0,0.0,,3.2414,3.2794
transport-opt14-strips-p15,0,False,258,1649,2944,4856,3740,6273,16865,0,0,,,,107493,,,601.0,1e+20,601,0.0215,0.0281,0.0,0.0138,0.0,0.0,,606.7296,606.7932
transport-opt14-strips-p16,2,False,374,2741,4942,8062,7083,10453,34227,0,0,,,,51968,,,289.21,1e+20,584,0.0455,0.0726,0.0,0.0314,0.0,0.0,,899.877,900.0268
transport-opt14-strips-p17,2,False,501,4705,8575,13787,11470,17580,64489,0,0,,,,14059,,,283.387,1e+20,674,0.0774,0.1541,0.0,0.0516,0.0,0.0,,899.7878,900.0716
transport-opt14-strips-p18,2,False,555,5002,9108,14671,12303,18745,67936,0,0,,,,7594,,,288.683,1e+20,658,0.0847,0.1816,0.0,0.0513,0.0,0.0,,899.7216,900.04
transport-opt14-strips-p19,2,False,616,5014,9478,15115,12405,19095,62116,0,0,,,,9753,,,347.053,1e+20,719,0.0803,0.2264,0.0,0.0578,0.0,0.0,,899.6693,900.0351
transport-opt14-strips-p20,2,False,616,5014,9478,15115,12405,19095,62116,0,0,,,,9753,,,347.053,1e+20,719,0.0806,0.2331,0.0,0.0616,0.0,0.0,,899.6555,900.032
transport-sat08-strips-p01,0,False,26,82,142,252,162,309,478,0,0,,,,0,,,54.0,1e+20,54,0.0247,0.0003,0.0,0.002,0.0,0.0,,0.0383,0.0653
transport-sat08-strips-p02,0,False,66,299,531,900,716,1162,2670,0,0,,,,68,,,152.0,1e+20,152,0.0087,0.0021,0.0,0.0039,0.0,0.0,,0.1582,0.1729
transport-sat08-strips-p03,0,False,150,1227,2243,3626,3106,4565,16415,0,0,,,,33344,,,211.0,1e+20,211,0.0159,0.0133,0.0,0.0114,0.0,0.0,,129.6043,129.645
transport-sat08-strips-p04,2,False,237,2179,3882,6306,5525,8051,30716,0,0,,,,62663,,,160.417,1e+20,240,0.0335,0.034,0.0,0.0233,0.0,0.0,,900.047,900.1382
transport-sat08-strips-p05,2,False,344,3003,5765,9122,7390,11399,39465,0,0,,,,18303,,,226.674,1e+20,290,0.0416,0.0793,0.0,0.0285,0.0,0.0,,899.8813,900.0309
transport-sat08-strips-p06,2,False,516,6545,12245,19318,17804,24265,125055,0,0,,,,1217,,,175.006,1e+20,455,1.4541,0.2413,0.0,0.0926,0.0,0.0,,898.2654,900.0543
transport-sat08-strips-p07,2,False,670,9375,16833,26892,25208,34274,191116,0,0,,,,2432,,,277.137,1e+20,446,0.1339,0.4021,0.0,0.1372,0.0,0.0,,899.3906,900.0655
transport-sat08-strips-p08,2,False,844,11825,21783,34468,31592,43587,241833,0,0,,,,1237,,,306.35,1e+20,381,0.2134,0.6494,0.0,0.1968,0.0,0.0,,898.9831,900.045
transport-sat08-strips-p09,2,False,1038,15442,27877,44375,40698,56556,314121,0,0,,,,1219,,,277.479,1e+20,433,0.2789,0.9676,0.0,0.2553,0.0,0.0,,898.5646,900.0692
transport-sat08-strips-p10,2,False,1252,18354,33971,53597,48228,67778,365730,0,0,,,,1242,,,332.535,1e+20,653,0.4033,1.5035,0.0,0.3552,0.0,0.0,,897.8157,900.0813
transport-sat08-strips-p11,0,False,30,103,195,330,247,424,716,0,0,,,,84,,,262.0,1e+20,262,0.007,0.0005,0.0,0.002,0.0,0.0,,0.0823,0.0918
transport-sat08-strips-p12,0,False,78,379,727,1188,899,1515,3508,0,0,,,,3805,,,258.0,1e+20,258,0.014,0.0032,0.0,0.0042,0.0,0.0,,3.0962,3.1177
transport-sat08-strips-p13,2,False,177,1461,2608,4252,3675,5469,21464,0,0,,,,37869,,,173.0,1e+20,370,0.0173,0.0197,0.0,0.0149,0.0,0.0,,899.9648,900.017
transport-sat08-strips-p14,2,False,281,2566,4738,7593,6329,9611,36344,0,0,,,,18721,,,159.268,1e+20,497,0.0312,0.0496,0.0,0.0267,0.0,0.0,,899.9136,900.0215
transport-sat08-strips-p15,2,False,409,3936,7290,11645,9632,14714,56213,0,0,,,,20122,,,172.654,1e+20,525,0.0589,0.1311,0.0,0.0447,0.0,0.0,,899.8888,900.124
transport-sat08-strips-p16,2,False,612,8185,14965,23774,21829,30097,157298,0,0,,,,1500,,,176.926,1e+20,838,0.1141,0.3438,0.0,0.1247,0.0,0.0,,899.4976,900.0817
transport-sat08-strips-p17,2,False,796,9999,18897,29706,26820,37454,181558,0,0,,,,1230,,,268.773,1e+20,1201,0.1765,0.6389,0.0,0.1474,0.0,0.0,,899.1135,900.0787
transport-sat08-strips-p18,2,False,1004,13785,25414,40219,36498,51030,263698,0,0,,,,1279,,,275.156,1e+20,1164,0.2762,0.9781,0.0,0.2317,0.0,0.0,,898.61,900.0986
transport-sat08-strips-p19,2,False,1236,17209,32671,51134,45234,64324,319019,0,0,,,,1190,,,247.444,1e+20,1330,0.3733,1.4835,0.0,0.3128,0.0,0.0,,897.8919,900.0652
transport-sat08-strips-p20,2,False,1492,19973,37819,59304,52041,74609,374843,0,0,,,,1312,,,294.632,1e+20,733,0.5339,2.1243,0.0,0.4061,0.0,0.0,,897.0795,900.1487
transport-sat08-strips-p21,0,False,30,105,183,320,274,416,833,0,0,,,,0,,,386.0,1e+20,386,0.0084,0.0004,0.0,0.0033,0.0,0.0,,0.0392,0.0514
transport-sat08-strips-p22,0,False,78,392,734,1208,932,1535,3727,0,0,,,,13,,,421.0,1e+20,421,0.008,0.0034,0.0,0.0036,0.0,0.0,,0.9295,0.9445
transport-sat08-strips-p23,2,False,177,1440,2616,4239,3714,5373,19018,0,0,,,,262714,,,481.5,1e+20,512,0.0477,0.0187,0.0,0.015,0.0,0.0,,899.9599,900.0415
transport-sat08-strips-p24,0,False,281,2627,4907,7823,6623,9909,36877,0,0,,,,46132,,,638.0,1e+20,638,0.0301,0.0475,0.0,0.0273,0.0,0.0,,430.6216,430.7268
transport-sat08-strips-p25,2,False,409,4300,7738,12457,10502,15862,63447,0,0,,,,5711,,,307.845,1e+20,680,0.0524,0.1109,0.0,0.0438,0.0,0.0,,899.8315,900.039
transport-sat08-strips-p26,2,False,612,7048,13546,21218,18740,26491,118929,0,0,,,,3623,,,328.78,1e+20,638,0.1093,0.3847,0.0,0.0932,0.0,0.0,,899.461,900.0499
transport-sat08-strips-p27,2,False,796,9647,18696,29153,25767,36420,165633,0,0,,,,2355,,,417.835,1e+20,927,0.1697,0.6788,0.0,0.1434,0.0,0.0,,899.0611,900.0555
transport-sat08-strips-p28,2,False,1004,12795,24721,38536,33942,48057,221723,0,0,,,,1216,,,433.137,1e+20,1012,0.2579,1.1046,0.0,0.2052,0.0,0.0,,898.5052,900.0759
transport-sat08-strips-p29,2,False,1236,17323,31879,50456,45500,64013,330330,0,0,,,,1185,,,464.274,1e+20,1074,0.3753,1.3757,0.0,0.3167,0.0,0.0,,897.9855,900.0569
transport-sat08-strips-p30,2,False,1492,20833,39665,62010,54711,78051,381262,0,0,,,,1176,,,551.398,1e+20,1144,0.5331,2.1647,0.0,0.4269,0.0,0.0,,897.016,900.1454
transport-sat11-strips-p01,2,False,844,11825,21783,34468,31592,43587,241833,0,0,,,,1237,,,306.35,1e+20,381,0.2148,0.6551,0.0,0.2031,0.0,0.0,,898.9716,900.047
transport-sat11-strips-p02,2,False,1038,15442,27877,44375,40698,56556,314121,0,0,,,,1219,,,277.479,1e+20,433,0.5249,0.9639,0.0,0.2509,0.0,0.0,,898.328,900.0798
transport-sat11-strips-p03,2,False,1236,17323,31879,50456,45500,64013,330330,0,0,,,,1185,,,464.274,1e+20,1074,0.8503,1.3752,0.0,0.3161,0.0,0.0,,897.5106,900.0559
transport-sat11-strips-p04,2,False,612,8185,14965,23774,21829,30097,157298,0,0,,,,1504,,,176.926,1e+20,838,0.1377,0.3449,0.0,0.1197,0.0,0.0,,899.5363,900.1402
transport-sat11-strips-p05,2,False,796,9999,18897,29706,26820,37454,181558,0,0,,,,1230,,,268.773,1e+20,1201,0.2055,0.6248,0.0,0.1494,0.0,0.0,,899.0947,900.0766
transport-sat11-strips-p06,2,False,1004,13785,25414,40219,36498,51030,263698,0,0,,,,1279,,,274.372,1e+20,1164,0.2566,0.9598,0.0,0.2215,0.0,0.0,,898.6211,900.0618
transport-sat11-strips-p07,2,False,1236,17209,32671,51134,45234,64324,319019,0,0,,,,1190,,,247.444,1e+20,1330,0.3911,1.4832,0.0,0.2929,0.0,0.0,,897.8963,900.0671
transport-sat11-strips-p08,2,False,1252,18354,33971,53597,48228,67778,365730,0,0,,,,1242,,,332.535,1e+20,653,0.4398,1.4673,0.0,0.356,0.0,0.0,,897.8185,900.0852
transport-sat11-strips-p09,2,False,1492,19973,37819,59304,52041,74609,374843,0,0,,,,1312,,,294.632,1e+20,733,0.5341,2.123,0.0,0.4063,0.0,0.0,,897.0797,900.148
transport-sat11-strips-p10,2,False,1492,20833,39665,62010,54711,78051,381262,0,0,,,,1176,,,551.398,1e+20,1144,0.5424,2.1681,0.0,0.4314,0.0,0.0,,896.9962,900.149
transport-sat11-strips-p11,2,False,1356,19470,36127,56975,51025,72203,381376,0,0,,,,1898,,,369.94,1e+20,528,0.4567,1.9466,0.0,0.4042,0.0,0.0,,897.6764,900.4881
transport-sat11-strips-p12,2,False,1324,18122,34440,53906,47615,67759,342943,0,0,,,,1204,,,340.698,1e+20,624,0.4351,1.6665,0.0,0.3643,0.0,0.0,,897.6683,900.1418
transport-sat11-strips-p13,2,False,1434,21066,39090,61612,54728,77933,421543,0,0,,,,1182,,,363.287,1e+20,673,0.5123,1.9882,0.0,0.4367,0.0,0.0,,897.1442,900.0858
transport-sat11-strips-p14,2,False,3176,43243,84751,131192,113221,163978,772105,0,0,,,,0,,,390.055,1e+20,1371,2.1795,12.2922,0.0,2.0308,0.0,0.0,,883.6205,900.1378
transport-sat11-strips-p15,2,False,3028,43871,83471,130390,114825,164248,820576,0,0,,,,0,,,405.495,1e+20,1717,1.9685,8.5652,0.0,1.9354,0.0,0.0,,887.6628,900.1441
transport-sat11-strips-p16,2,False,3280,50809,94391,148502,131220,188237,995781,0,0,,,,0,,,379.988,1e+20,1460,2.3532,11.6794,0.0,2.4089,0.0,0.0,,883.8811,900.3365
transport-sat11-strips-p17,2,False,4736,69511,132381,206650,179321,260295,1309019,0,0,,,,0,,,462.65,1e+20,2248,4.6776,23.6846,0.0,5.0375,0.0,0.0,,866.974,900.3985
transport-sat11-strips-p18,2,False,4588,65607,124649,194864,170938,245922,1219476,0,0,,,,0,,,424.545,1e+20,1907,4.3251,22.2702,0.0,4.4461,0.0,0.0,,869.1512,900.2137
transport-sat11-strips-p19,2,False,4970,69163,135519,209674,180588,262271,1252520,0,0,,,,0,,,413.292,1e+20,2326,5.1418,28.1252,0.0,5.0992,0.0,0.0,,862.0574,900.4471
transport-sat11-strips-p20,2,False,5204,77022,146630,228878,200351,288276,1458316,0,0,,,,0,,,487.402,1e+20,2430,5.608,26.9788,0.0,6.0143,0.0,0.0,,861.6352,900.2596
transport-sat14-strips-p01,2,False,1512,20463,40180,62180,54040,77477,383031,0,0,,,,2360,,,331.856,1e+20,608,0.5714,2.4262,0.0,0.4485,0.0,0.0,,896.6058,900.0575
transport-sat14-strips-p02,2,False,1874,25945,51071,78920,68171,98334,514097,0,0,,,,1190,,,384.198,1e+20,733,0.8548,4.08,0.0,0.6855,0.0,0.0,,894.4722,900.1
transport-sat14-strips-p03,2,False,1599,23988,44566,70178,62562,88745,491494,0,0,,,,19,,,340.954,1e+20,798,0.8775,2.614,0.0,0.5349,0.0,0.0,,896.1639,900.1957
transport-sat14-strips-p04,2,False,4006,59624,113949,177604,154845,223506,1093970,0,0,,,,0,,,456.931,1e+20,1903,3.4577,17.2015,0.0,3.6022,0.0,0.0,,875.9243,900.1958
transport-sat14-strips-p05,3,False,4628,74263,138493,217414,189631,275250,1497371,0,0,,,,0,,,0.0,1e+20,1e+20,4.6941,22.6215,0.0,5.193,0.0,0.0,,867.7189,900.2405
transport-sat14-strips-p06,2,False,4006,59624,113949,177604,154845,223506,1093970,0,0,,,,0,,,456.931,1e+20,1903,3.4971,17.2496,0.0,3.6397,0.0,0.0,,875.7995,900.1967
transport-sat14-strips-p07,3,False,5978,104047,184835,294885,263314,378726,2184175,0,0,,,,0,,,0.0,1e+20,1e+20,7.5154,34.3792,0.0,8.2645,0.0,0.0,,850.1751,900.3489
transport-sat14-strips-p08,3,False,6906,111539,207959,326434,284703,413448,2197158,0,0,,,,0,,,0.0,1e+20,1e+20,10.2196,48.6667,0.0,10.9713,0.0,0.0,,830.4864,900.3605
transport-sat14-strips-p09,3,False,5978,104047,184835,294885,263314,378726,2184175,0,0,,,,0,,,0.0,1e+20,1e+20,7.5343,34.3846,0.0,8.2422,0.0,0.0,,851.2323,901.4078
transport-sat14-strips-p10,2,False,5804,87175,166300,259304,226700,326351,1671504,0,0,,,,0,,,505.039,1e+20,3259,7.0949,32.7734,0.0,7.355,0.0,0.0,,853.0274,900.2646
transport-sat14-strips-p11,2,False,1890,34794,64059,100768,99342,127918,885762,0,0,,,,0,,,373.351,1e+20,791,0.9976,4.4817,0.0,0.9159,0.0,0.0,,893.6792,900.0822
transport-sat14-strips-p12,2,False,2214,36159,65783,104186,92680,132570,781764,0,0,,,,0,,,404.554,1e+20,939,1.1876,4.93,0.0,1.0945,0.0,0.0,,893.0012,900.2212
transport-sat14-strips-p13,2,False,1798,20287,38315,60425,47457,76096,318472,0,0,,,,1245,,,351.667,1e+20,697,0.6291,2.5945,0.0,0.4466,0.0,0.0,,896.3937,900.0691
transport-sat14-strips-p14,2,False,3690,64953,124803,193471,185930,243342,1469942,0,0,,,,0,,,363.102,1e+20,2313,3.5067,17.4844,0.0,3.9585,0.0,0.0,,875.4692,900.4299
transport-sat14-strips-p15,2,False,4288,64912,124260,193490,167041,243317,1258603,0,0,,,,0,,,449.5,1e+20,1804,4.0897,21.7184,0.0,4.2378,0.0,0.0,,870.158,900.2239
transport-sat14-strips-p16,2,False,3506,41608,78733,123872,96630,156021,645806,0,0,,,,0,,,400.832,1e+20,1499,2.128,9.459,0.0,2.0952,0.0,0.0,,886.4328,900.1268
transport-sat14-strips-p17,3,False,5490,101454,190606,297575,287111,376694,2332235,0,0,,,,0,,,0.0,1e+20,1e+20,7.6336,41.3182,0.0,8.0727,0.0,0.0,,843.3346,900.3885
transport-sat14-strips-p18,2,False,6498,99218,189848,295594,255320,371764,1846896,0,0,,,,0,,,513.398,1e+20,13667,9.0909,47.1619,0.0,9.5187,0.0,0.0,,834.5242,900.3116
transport-sat14-strips-p19,2,False,5326,68252,124902,198505,157232,252354,1117526,0,0,,,,0,,,532.989,1e+20,2081,4.8078,22.488,0.0,4.9687,0.0,0.0,,867.9299,900.2155
transport-sat14-strips-p20,2,False,6030,107729,206629,320413,308858,402996,2431058,0,0,,,,0,,,553.583,1e+20,15195,9.1618,44.1633,0.0,9.666,0.0,0.0,,837.6185,900.6416
trucks-p01,-3,False,0,0,0,0,0,0,0,0,0,,,,0,,,0.0,1e+20,1e+20,0,0,0,0,0,0,,0,0
trucks-p02,-3,False,0,0,0,0,0,0,0,0,0,,,,0,,,0.0,1e+20,1e+20,0,0,0,0,0,0,,0,0
trucks-p03,-3,False,0,0,0,0,0,0,0,0,0,,,,0,,,0.0,1e+20,1e+20,0,0,0,0,0,0,,0,0
trucks-p04,-3,False,0,0,0,0,0,0,0,0,0,,,,0,,,0.0,1e+20,1e+20,0,0,0,0,0,0,,0,0
trucks-p05,-3,False,0,0,0,0,0,0,0,0,0,,,,0,,,0.0,1e+20,1e+20,0,0,0,0,0,0,,0,0
trucks-p06,-3,False,0,0,0,0,0,0,0,0,0,,,,0,,,0.0,1e+20,1e+20,0,0,0,0,0,0,,0,0
trucks-p07,-3,False,0,0,0,0,0,0,0,0,0,,,,0,,,0.0,1e+20,1e+20,0,0,0,0,0,0,,0,0
trucks-p08,-3,False,0,0,0,0,0,0,0,0,0,,,,0,,,0.0,1e+20,1e+20,0,0,0,0,0,0,,0,0
trucks-p09,-3,False,0,0,0,0,0,0,0,0,0,,,,0,,,0.0,1e+20,1e+20,0,0,0,0,0,0,,0,0
trucks-p10,-3,False,0,0,0,0,0,0,0,0,0,,,,0,,,0.0,1e+20,1e+20,0,0,0,0,0,0,,0,0
trucks-p11,-3,False,0,0,0,0,0,0,0,0,0,,,,0,,,0.0,1e+20,1e+20,0,0,0,0,0,0,,0,0
trucks-p12,-3,False,0,0,0,0,0,0,0,0,0,,,,0,,,0.0,1e+20,1e+20,0,0,0,0,0,0,,0,0
trucks-p13,-3,False,0,0,0,0,0,0,0,0,0,,,,0,,,0.0,1e+20,1e+20,0,0,0,0,0,0,,0,0
trucks-p14,-3,False,0,0,0,0,0,0,0,0,0,,,,0,,,0.0,1e+20,1e+20,0,0,0,0,0,0,,0,0
trucks-p15,-3,False,0,0,0,0,0,0,0,0,0,,,,0,,,0.0,1e+20,1e+20,0,0,0,0,0,0,,0,0
trucks-p16,-3,False,0,0,0,0,0,0,0,0,0,,,,0,,,0.0,1e+20,1e+20,0,0,0,0,0,0,,0,0
trucks-p17,-3,False,0,0,0,0,0,0,0,0,0,,,,0,,,0.0,1e+20,1e+20,0,0,0,0,0,0,,0,0
trucks-p18,-3,False,0,0,0,0,0,0,0,0,0,,,,0,,,0.0,1e+20,1e+20,0,0,0,0,0,0,,0,0
trucks-p19,-3,False,0,0,0,0,0,0,0,0,0,,,,0,,,0.0,1e+20,1e+20,0,0,0,0,0,0,,0,0
trucks-p20,-3,False,0,0,0,0,0,0,0,0,0,,,,0,,,0.0,1e+20,1e+20,0,0,0,0,0,0,,0,0
trucks-p21,-3,False,0,0,0,0,0,0,0,0,0,,,,0,,,0.0,1e+20,1e+20,0,0,0,0,0,0,,0,0
trucks-p22,-3,False,0,0,0,0,0,0,0,0,0,,,,0,,,0.0,1e+20,1e+20,0,0,0,0,0,0,,0,0
trucks-p23,-3,False,0,0,0,0,0,0,0,0,0,,,,0,,,0.0,1e+20,1e+20,0,0,0,0,0,0,,0,0
trucks-p24,-3,False,0,0,0,0,0,0,0,0,0,,,,0,,,0.0,1e+20,1e+20,0,0,0,0,0,0,,0,0
trucks-p25,-3,False,0,0,0,0,0,0,0,0,0,,,,0,,,0.0,1e+20,1e+20,0,0,0,0,0,0,,0,0
trucks-p26,-3,False,0,0,0,0,0,0,0,0,0,,,,0,,,0.0,1e+20,1e+20,0,0,0,0,0,0,,0,0
trucks-p27,-3,False,0,0,0,0,0,0,0,0,0,,,,0,,,0.0,1e+20,1e+20,0,0,0,0,0,0,,0,0
trucks-p28,-3,False,0,0,0,0,0,0,0,0,0,,,,0,,,0.0,1e+20,1e+20,0,0,0,0,0,0,,0,0
trucks-p29,-3,False,0,0,0,0,0,0,0,0,0,,,,0,,,0.0,1e+20,1e+20,0,0,0,0,0,0,,0,0
trucks-p30,-3,False,0,0,0,0,0,0,0,0,0,,,,0,,,0.0,1e+20,1e+20,0,0,0,0,0,0,,0,0
trucks-strips-p01,0,True,14,33,48,107,52,122,68,0,0,,,,0,,,11.0,1e+20,11,0.0073,0.0003,0.0,0.0025,0.0,0.0,,0.0074,0.0176
trucks-strips-p02,0,True,17,40,55,126,62,143,79,0,0,,,,0,,,14.0,1e+20,14,0.0136,0.0004,0.0,0.0041,0.0,0.0,,0.0092,0.0274
trucks-strips-p03,0,True,23,53,81,175,77,194,105,0,0,,,,0,,,17.0,1e+20,17,0.0078,0.001,0.0,0.0022,0.0,0.0,,0.0095,0.0207
trucks-strips-p04,0,True,26,60,90,197,90,221,124,0,0,,,,0,,,20.0,1e+20,20,0.0268,0.0014,0.0,0.0021,0.0,0.0,,0.0103,0.0406
trucks-strips-p05,0,True,32,73,112,242,103,268,133,0,0,,,,0,,,23.0,1e+20,23,0.0129,0.0028,0.0,0.0022,0.0,0.0,,0.0117,0.0297
trucks-strips-p06,0,True,35,80,121,264,120,295,160,0,0,,,,0,,,26.0,1e+20,26,0.0318,0.0033,0.0,0.0041,0.0,0.0,,0.013,0.0524
trucks-strips-p07,0,True,38,102,132,293,151,327,218,0,0,,,,0,,,20.0,1e+20,20,0.0093,0.0021,0.0,0.0025,0.0,0.0,,0.0093,0.0233
trucks-strips-p08,0,True,46,127,186,386,162,414,254,0,0,,,,0,,,24.0,1e+20,24,0.0304,0.0044,0.0,0.0028,0.0,0.0,,0.0147,0.0524
trucks-strips-p09,0,True,52,140,202,423,173,449,272,0,0,,,,0,,,26.0,1e+20,26,0.0229,0.0052,0.0,0.0309,0.0,0.0,,0.0132,0.0725
trucks-strips-p10,0,True,56,153,217,458,220,504,345,0,0,,,,0,,,30.0,1e+20,30,0.0179,0.007,0.0,0.0043,0.0,0.0,,0.0173,0.0467
trucks-strips-p11,0,True,65,178,257,535,227,571,361,0,0,,,,0,,,33.0,1e+20,33,0.0258,0.013,0.0,0.01,0.0,0.0,,0.0219,0.0711
trucks-strips-p12,0,True,70,191,274,574,256,619,398,0,0,,,,0,,,36.0,1e+20,36,0.0278,0.0138,0.0,0.0029,0.0,0.0,,0.0216,0.0664
trucks-strips-p13,0,True,78,249,348,709,342,770,590,0,0,,,,0,,,30.0,1e+20,30,0.0238,0.0142,0.0,0.0021,0.0,0.0,,0.0164,0.0567
trucks-strips-p14,0,True,84,270,372,763,326,803,535,0,0,,,,0,,,34.0,1e+20,34,0.0393,0.0156,0.0,0.0048,0.0,0.0,,0.0221,0.0821
trucks-strips-p15,0,True,91,291,395,815,391,880,655,0,0,,,,0,,,37.0,1e+20,37,0.0304,0.0193,0.0,0.0033,0.0,0.0,,0.023,0.0763
trucks-strips-p16,0,True,98,312,421,873,396,929,659,0,0,,,,0,,,40.0,1e+20,40,0.0486,0.0242,0.0,0.0079,0.0,0.0,,0.0317,0.1128
trucks-strips-p17,0,True,110,353,487,996,453,1064,780,0,0,,,,0,,,43.0,1e+20,43,0.0548,0.0464,0.0,0.0027,0.0,0.0,,0.0293,0.1342
trucks-strips-p18,0,True,117,374,511,1050,452,1105,767,0,0,,,,0,,,46.0,1e+20,46,0.0616,0.0456,0.0,0.0035,0.0,0.0,,0.0275,0.1393
trucks-strips-p19,0,True,125,462,613,1243,578,1319,1027,0,0,,,,0,,,41.0,1e+20,41,0.0618,0.0425,0.0,0.0064,0.0,0.0,,0.029,0.1406
trucks-strips-p20,0,True,134,493,648,1320,636,1410,1160,0,0,,,,0,,,44.0,1e+20,44,0.0887,0.0532,0.0,0.0049,0.0,0.0,,0.0302,0.178
trucks-strips-p21,0,True,143,524,687,1405,684,1507,1230,0,0,,,,0,,,47.0,1e+20,47,0.133,0.059,0.0,0.0215,0.0,0.0,,0.0322,0.2468
trucks-strips-p22,0,True,152,555,660,1418,735,1535,1227,0,0,,,,0,,,50.0,1e+20,50,0.0946,0.0689,0.0,0.0058,0.0,0.0,,0.03,0.2004
trucks-strips-p23,0,True,167,616,752,1589,816,1719,1424,0,0,,,,0,,,53.0,1e+20,53,0.135,0.1273,0.0,0.0056,0.0,0.0,,0.0374,0.3072
trucks-strips-p24,0,True,176,647,784,1664,815,1781,1351,0,0,,,,0,,,56.0,1e+20,56,0.1642,0.1372,0.0,0.008,0.0,0.0,,0.0377,0.3491
trucks-strips-p25,0,True,186,771,987,1995,899,2078,1594,0,0,,,,0,,,50.0,1e+20,50,0.1254,0.1192,0.0,0.0042,0.0,0.0,,0.2609,0.5118
trucks-strips-p26,0,True,196,814,1036,2101,912,2167,1624,0,0,,,,0,,,54.0,1e+20,54,0.1362,0.1167,0.0,0.0041,0.0,0.0,,0.0411,0.3004
trucks-strips-p27,0,True,207,857,1085,2207,1079,2340,2008,0,0,,,,0,,,57.0,1e+20,57,0.1521,0.1522,0.0,0.0053,0.0,0.0,,0.0433,0.3553
trucks-strips-p28,0,True,218,900,1134,2313,1135,2453,2157,0,0,,,,0,,,60.0,1e+20,60,0.1654,0.1707,0.0,0.0051,0.0,0.0,,0.0459,0.3895
trucks-strips-p29,0,True,236,985,1267,2552,1240,2706,2375,0,0,,,,0,,,63.0,1e+20,63,0.2971,0.3014,0.0,0.0054,0.0,0.0,,0.0532,0.6669
trucks-strips-p30,0,True,247,1028,1316,2658,1297,2819,2482,0,0,,,,0,,,66.0,1e+20,66,0.3288,0.3715,0.0,0.0055,0.0,0.0,,0.0544,0.7655
visitall-opt11-strips-problem02-full,0,True,0,4,8,18,4,18,4,0,0,,,,0,,,3.0,1e+20,3,0.0047,0.0,0.0,0.0025,0.0,0.0,,0.0015,0.0087
visitall-opt11-strips-problem02-half,0,True,2,4,5,13,2,11,2,0,0,,,,0,,,1.0,1e+20,1,0.0057,0.0,0.0,0.0014,0.0,0.0,,0.0015,0.0087
visitall-opt11-strips-problem03-full,0,True,0,12,24,52,16,56,16,0,0,,,,0,,,8.0,1e+20,8,0.0047,0.0001,0.0,0.0013,0.0,0.0,,0.0015,0.0076
visitall-opt11-strips-problem03-half,0,True,4,12,19,43,14,45,14,0,0,,,,0,,,5.0,1e+20,5,0.0106,0.0,0.0,0.002,0.0,0.0,,0.0059,0.0187
visitall-opt11-strips-problem04-full,0,True,0,34,68,132,64,158,90,0,0,,,,0,,,15.0,1e+20,15,0.0231,0.0001,0.0,0.0018,0.0,0.0,,0.0065,0.0316
visitall-opt11-strips-problem04-half,0,True,8,34,49,105,47,115,72,0,0,,,,0,,,10.0,1e+20,10,0.0048,0.0002,0.0,0.0018,0.0,0.0,,0.0085,0.0154
visitall-opt11-strips-problem05-full,0,True,0,64,128,240,146,296,230,0,0,,,,0,,,24.0,1e+20,24,0.005,0.0002,0.0,0.0015,0.0,0.0,,0.0076,0.0144
visitall-opt11-strips-problem05-half,0,True,10,64,98,200,117,227,201,0,0,,,,0,,,15.0,1e+20,15,0.0059,0.0002,0.0,0.0021,0.0,0.0,,0.0177,0.0259
visitall-opt11-strips-problem06-full,0,True,0,104,208,382,276,478,530,0,0,,,,0,,,35.0,1e+20,35,0.0054,0.0004,0.0,0.0021,0.0,0.0,,0.0369,0.0448
visitall-opt11-strips-problem06-half,0,True,20,104,148,302,211,341,437,0,0,,,,0,,,19.0,1e+20,19,0.0069,0.0003,0.0,0.0019,0.0,0.0,,0.0343,0.0434
visitall-opt11-strips-problem07-full,0,True,0,152,304,552,444,696,948,0,0,,,,0,,,48.0,1e+20,48,0.0056,0.0008,0.0,0.0023,0.0,0.0,,0.0386,0.0473
visitall-opt11-strips-problem07-half,0,True,16,152,255,487,397,584,901,0,0,,,,0,,,32.0,1e+20,32,0.0062,0.0006,0.0,0.0023,0.0,0.0,,0.0437,0.0529
visitall-opt11-strips-problem08-full,0,True,0,208,416,750,658,950,1576,0,0,,,,0,,,63.0,1e+20,63,0.0067,0.0012,0.0,0.0031,0.0,0.0,,0.0684,0.0794
visitall-opt11-strips-problem08-half,0,True,31,208,314,617,566,717,1524,0,0,,,,0,,,37.0,1e+20,37,0.0317,0.0009,0.0,0.0065,0.0,0.0,,0.1142,0.1534
visitall-opt11-strips-problem09-full,0,True,0,272,544,976,920,1240,2434,0,0,,,,0,,,80.0,1e+20,80,0.0176,0.0019,0.0,0.0082,0.0,0.0,,0.0968,0.1246
visitall-opt11-strips-problem09-half,0,True,31,272,439,840,848,1000,2502,0,0,,,,0,,,51.0,1e+20,51,0.0068,0.0015,0.0,0.0041,0.0,0.0,,0.0808,0.0932
visitall-opt11-strips-problem10-full,0,True,0,344,688,1230,1252,1566,3682,0,0,,,,0,,,99.0,1e+20,99,0.0072,0.0028,0.0,0.0041,0.0,0.0,,0.1487,0.1628
visitall-opt11-strips-problem10-half,0,True,52,344,505,995,1085,1150,3587,0,0,,,,4114,,,56.0,1e+20,56,0.0125,0.002,0.0,0.0129,0.0,0.0,,1.7589,1.7864
visitall-opt11-strips-problem11-full,0,True,0,424,848,1512,1660,1928,5496,0,0,,,,0,,,120.0,1e+20,120,0.0092,0.0039,0.0,0.0064,0.0,0.0,,0.248,0.2676
visitall-opt11-strips-problem11-half,0,True,63,424,626,1227,1424,1423,5152,0,0,,,,55,,,64.0,1e+20,64,0.0068,0.0028,0.0,0.0051,0.0,0.0,,0.4326,0.4474
visitall-opt14-strips-p-05-10,0,True,54,344,495,983,1098,1127,3752,0,0,,,,6653,,,53.0,1e+20,53,0.4448,0.002,0.0,0.0931,0.0,0.0,,1.7769,2.3168
visitall-opt14-strips-p-05-5,0,True,7,64,110,215,129,254,213,0,0,,,,0,,,18.0,1e+20,18,0.0102,0.0002,0.0,0.0049,0.0,0.0,,0.0119,0.0273
visitall-opt14-strips-p-05-6,0,True,18,104,155,311,223,356,471,0,0,,,,0,,,20.0,1e+20,20,0.0179,0.0003,0.0,0.008,0.0,0.0,,0.0409,0.0672
visitall-opt14-strips-p-05-7,0,True,25,152,224,447,372,513,902,0,0,,,,0,,,28.0,1e+20,28,0.0064,0.0006,0.0,0.0089,0.0,0.0,,0.0948,0.1107
visitall-opt14-strips-p-05-8,0,True,33,208,309,610,573,707,1577,0,0,,,,34422,,,39.0,1e+20,39,0.0064,0.0009,0.0,0.0034,0.0,0.0,,16.1439,16.1547
visitall-opt14-strips-p-05-9,0,True,39,272,411,804,806,938,2398,0,0,,,,514,,,46.0,1e+20,46,0.0076,0.0014,0.0,0.0052,0.0,0.0,,0.2947,0.3089
visitall-opt14-strips-p-1-10,0,True,0,344,688,1230,1252,1566,3682,0,0,,,,0,,,99.0,1e+20,99,0.0071,0.0028,0.0,0.0046,0.0,0.0,,0.1477,0.1623
visitall-opt14-strips-p-1-11,0,True,0,424,848,1512,1660,1928,5496,0,0,,,,0,,,120.0,1e+20,120,0.0075,0.0039,0.0,0.0087,0.0,0.0,,0.2497,0.2699
visitall-opt14-strips-p-1-12,0,True,0,512,1024,1822,2130,2326,7890,0,0,,,,0,,,143.0,1e+20,143,0.0162,0.0055,0.0,0.0101,0.0,0.0,,0.3952,0.427
visitall-opt14-strips-p-1-13,0,True,0,608,1216,2160,2578,2760,9752,0,0,,,,0,,,168.0,1e+20,168,0.0103,0.0073,0.0,0.0087,0.0,0.0,,0.418,0.4444
visitall-opt14-strips-p-1-14,0,True,0,712,1424,2526,3324,3230,14978,0,0,,,,0,,,195.0,1e+20,195,0.0101,0.01,0.0,0.0121,0.0,0.0,,0.6288,0.6611
visitall-opt14-strips-p-1-15,0,True,0,824,1648,2920,3776,3736,16374,0,0,,,,70,,,224.0,1e+20,224,0.0131,0.0131,0.0,0.0181,0.0,0.0,,1.2967,1.3411
visitall-opt14-strips-p-1-16,0,True,0,944,1888,3342,4796,4278,25168,0,0,,,,0,,,255.0,1e+20,255,0.0131,0.0166,0.0,0.0205,0.0,0.0,,1.3895,1.4398
visitall-opt14-strips-p-1-17,0,True,0,1072,2144,3792,5544,4856,29996,0,0,,,,272,,,288.0,1e+20,288,0.0179,0.021,0.0,0.0243,0.0,0.0,,3.4007,3.464
visitall-opt14-strips-p-1-18,0,True,0,1208,2416,4270,6296,5470,34962,0,0,,,,1174,,,323.0,1e+20,323,0.018,0.0266,0.0,0.0262,0.0,0.0,,6.9537,7.0246
visitall-opt14-strips-p-1-5,0,True,0,64,128,240,146,296,230,0,0,,,,0,,,24.0,1e+20,24,0.0099,0.0002,0.0,0.008,0.0,0.0,,0.0081,0.0263
visitall-opt14-strips-p-1-6,0,True,0,104,208,382,276,478,530,0,0,,,,0,,,35.0,1e+20,35,0.0135,0.0004,0.0,0.0052,0.0,0.0,,0.0301,0.0492
visitall-opt14-strips-p-1-7,0,True,0,152,304,552,444,696,948,0,0,,,,0,,,48.0,1e+20,48,0.208,0.0007,0.0,0.01,0.0,0.0,,0.0396,0.2584
visitall-opt14-strips-p-1-8,0,True,0,208,416,750,658,950,1576,0,0,,,,0,,,63.0,1e+20,63,0.0073,0.0012,0.0,0.003,0.0,0.0,,0.0695,0.0811
visitall-opt14-strips-p-1-9,0,True,0,272,544,976,920,1240,2434,0,0,,,,0,,,80.0,1e+20,80,0.0062,0.0019,0.0,0.0035,0.0,0.0,,0.0946,0.1063
visitall-sat11-strips-problem12,0,True,0,512,1024,1822,2130,2326,7890,0,0,,,,0,,,143.0,1e+20,143,0.0096,0.0054,0.0,0.0091,0.0,0.0,,0.3936,0.4178
visitall-sat11-strips-problem14,0,True,0,712,1424,2526,3324,3230,14978,0,0,,,,0,,,195.0,1e+20,195,0.0135,0.01,0.0,0.0149,0.0,0.0,,0.6322,0.6706
visitall-sat11-strips-problem16,0,True,0,944,1888,3342,4796,4278,25168,0,0,,,,0,,,255.0,1e+20,255,0.0136,0.0167,0.0,0.0197,0.0,0.0,,1.3882,1.4382
visitall-sat11-strips-problem18,0,True,0,1208,2416,4270,6296,5470,34962,0,0,,,,1174,,,323.0,1e+20,323,0.4498,0.0273,0.0,0.0343,0.0,0.0,,6.9692,7.4807
visitall-sat11-strips-problem20,0,True,0,1504,3008,5310,8350,6806,51228,0,0,,,,1729,,,399.0,1e+20,399,0.0226,0.0392,0.0,0.0402,0.0,0.0,,26.0457,26.1502
visitall-sat11-strips-problem22,0,True,0,1832,3664,6462,10422,8286,68336,0,0,,,,1218,,,483.0,1e+20,483,0.0331,0.0626,0.0,0.0605,0.0,0.0,,17.2626,17.419
visitall-sat11-strips-problem24,0,True,0,2192,4384,7726,13570,9910,101374,0,0,,,,1234,,,575.0,1e+20,575,0.0361,0.0862,0.0,0.0768,0.0,0.0,,47.994,48.1933
visitall-sat11-strips-problem26,0,True,0,2584,5168,9102,16674,11678,137930,0,0,,,,2205,,,675.0,1e+20,675,0.0468,0.1187,0.0,0.106,0.0,0.0,,98.0058,98.2775
visitall-sat11-strips-problem28,0,True,0,3008,6016,10590,20068,13590,175548,0,0,,,,3282,,,783.0,1e+20,783,0.0677,0.1636,0.0,0.1351,0.0,0.0,,157.8969,158.2636
visitall-sat11-strips-problem30,0,True,0,3464,6928,12190,24578,15646,237210,0,0,,,,2617,,,899.0,1e+20,899,0.0906,0.2159,0.0,0.1965,0.0,0.0,,182.5951,183.0984
visitall-sat11-strips-problem32,0,True,0,3952,7904,13902,28052,17846,280146,0,0,,,,3186,,,1023.0,1e+20,1023,0.0912,0.2729,0.0,0.2319,0.0,0.0,,260.1345,260.7309
visitall-sat11-strips-problem34,0,True,0,4472,8944,15726,32626,20190,342318,0,0,,,,10231,,,1155.0,1e+20,1155,0.1125,0.3536,0.0,0.2801,0.0,0.0,,735.8597,736.6064
visitall-sat11-strips-problem36,0,True,0,5024,10048,17662,37824,22678,418020,0,0,,,,8958,,,1295.0,1e+20,1295,0.1371,0.443,0.0,0.3468,0.0,0.0,,806.8555,807.7828
visitall-sat11-strips-problem38,0,True,0,5608,11216,19710,42116,25310,479570,0,0,,,,4085,,,1443.0,1e+20,1443,0.1719,0.5538,0.0,0.4074,0.0,0.0,,554.4345,555.5679
visitall-sat11-strips-problem40,0,True,0,6224,12448,21870,49108,28086,590870,0,0,,,,3995,,,1599.0,1e+20,1599,0.4477,0.7008,0.0,0.499,0.0,0.0,,723.8656,725.5136
visitall-sat11-strips-problem42,3,True,0,6872,13744,24142,58706,31006,828166,0,0,,,,4200,,,0.0,1e+20,1e+20,0.243,0.8634,0.0,0.642,0.0,0.0,,899.1126,900.8616
visitall-sat11-strips-problem44,2,True,0,7552,15104,26526,64276,34070,938300,0,0,,,,2383,,,1935.0,1e+20,1945,0.2936,1.0306,0.0,0.7421,0.0,0.0,,898.5181,900.5851
visitall-sat11-strips-problem46,3,True,0,8264,16528,29022,71978,37278,1089848,0,0,,,,3061,,,0.0,1e+20,1e+20,0.3457,1.2633,0.0,0.8617,0.0,0.0,,898.6678,901.1393
visitall-sat11-strips-problem48,3,True,0,9008,18016,31630,80922,40630,1329036,0,0,,,,1882,,,0.0,1e+20,1e+20,0.4169,1.4997,0.0,1.1113,0.0,0.0,,897.6748,900.7034
visitall-sat11-strips-problem50,3,True,0,9784,19568,34350,87270,44126,1363618,0,0,,,,2353,,,0.0,1e+20,1e+20,0.4747,1.7978,0.0,1.1975,0.0,0.0,,897.8678,901.3386
visitall-sat14-strips-pfile30,0,True,0,3464,6928,12190,24578,15646,237210,0,0,,,,2617,,,899.0,1e+20,899,0.0789,0.2161,0.0,0.1966,0.0,0.0,,182.8035,183.2954
visitall-sat14-strips-pfile31,0,True,0,3704,7408,13032,26922,16728,283176,0,0,,,,2923,,,960.0,1e+20,960,0.082,0.2476,0.0,0.219,0.0,0.0,,246.4845,247.0334
visitall-sat14-strips-pfile32,0,True,0,3952,7904,13902,28052,17846,280146,0,0,,,,3186,,,1023.0,1e+20,1023,0.0979,0.2724,0.0,0.2345,0.0,0.0,,259.5551,260.1602
visitall-sat14-strips-pfile33,0,True,0,4208,8416,14800,30336,19000,305544,0,0,,,,2667,,,1088.0,1e+20,1088,0.1006,0.3218,0.0,0.253,0.0,0.0,,297.5702,298.2459
visitall-sat14-strips-pfile50,3,True,0,9784,19568,34350,87270,44126,1363618,0,0,,,,2347,,,0.0,1e+20,1e+20,0.478,1.778,0.0,1.1985,0.0,0.0,,897.3857,900.8411
visitall-sat14-strips-pfile51,3,True,0,10184,20368,35752,91562,45928,1469074,0,0,,,,1540,,,0.0,1e+20,1e+20,0.5127,1.9637,0.0,1.289,0.0,0.0,,896.7686,900.5349
visitall-sat14-strips-pfile52,3,True,0,10592,21184,37182,99392,47766,1741628,0,0,,,,1555,,,0.0,1e+20,1e+20,0.558,2.1231,0.0,1.4653,0.0,0.0,,896.5027,900.65
visitall-sat14-strips-pfile53,3,True,0,11008,22016,38640,103072,49640,1852482,0,0,,,,1265,,,0.0,1e+20,1e+20,0.5968,2.2903,0.0,1.5715,0.0,0.0,,897.673,902.1326
visitall-sat14-strips-pfile54,3,True,0,11432,22864,40126,104384,51550,1808042,0,0,,,,1283,,,0.0,1e+20,1e+20,0.6467,2.4603,0.0,1.5877,0.0,0.0,,896.9316,901.6274
visitall-sat14-strips-pfile55,3,True,0,11864,23728,41640,114152,53496,2112898,0,0,,,,602,,,0.0,1e+20,1e+20,0.6901,2.6451,0.0,1.7873,0.0,0.0,,895.945,901.0714
visitall-sat14-strips-pfile56,3,True,0,12304,24608,43182,119118,55478,2319456,0,0,,,,452,,,0.0,1e+20,1e+20,0.7434,2.8492,0.0,2.0994,0.0,0.0,,896.5738,902.3025
visitall-sat14-strips-pfile57,3,True,0,12752,25504,44752,126252,57496,2523668,0,0,,,,475,,,0.0,1e+20,1e+20,0.7966,3.0849,0.0,2.0764,0.0,0.0,,895.7774,901.7369
visitall-sat14-strips-pfile58,3,True,0,13208,26416,46350,133008,59550,2739702,0,0,,,,177,,,0.0,1e+20,1e+20,0.8591,3.253,0.0,2.2292,0.0,0.0,,893.8532,900.1957
visitall-sat14-strips-pfile59,3,True,0,13672,27344,47976,132660,61640,2517342,0,0,,,,0,,,0.0,1e+20,1e+20,0.9163,3.4672,0.0,2.201,0.0,0.0,,894.4386,901.0255
visitall-sat14-strips-pfile60,3,True,0,14144,28288,49630,138812,63766,2779952,0,0,,,,241,,,0.0,1e+20,1e+20,1.0418,3.6988,0.0,2.3703,0.0,0.0,,894.185,901.299
visitall-sat14-strips-pfile61,3,True,0,14624,29248,51312,146850,65928,3003336,0,0,,,,0,,,0.0,1e+20,1e+20,1.0389,3.9416,0.0,2.5458,0.0,0.0,,893.9022,901.4311
visitall-sat14-strips-pfile62,3,True,0,15112,30224,53022,151074,68126,3008156,0,0,,,,0,,,0.0,1e+20,1e+20,1.1004,4.2674,0.0,2.6152,0.0,0.0,,893.0567,901.0409
visitall-sat14-strips-pfile63,3,True,0,15608,31216,54760,156210,70360,3163610,0,0,,,,0,,,0.0,1e+20,1e+20,1.1734,4.4563,0.0,2.7451,0.0,0.0,,892.6393,901.0162
visitall-sat14-strips-pfile64,3,True,0,16112,32224,56526,167186,72630,3528606,0,0,,,,0,,,0.0,1e+20,1e+20,1.2499,4.7282,0.0,3.0051,0.0,0.0,,892.1974,901.1819
visitall-sat14-strips-pfile65,3,True,0,16624,33248,58320,165858,74936,3410772,0,0,,,,0,,,0.0,1e+20,1e+20,1.527,5.0196,0.0,3.0538,0.0,0.0,,893.7367,903.3481
woodworking-opt08-strips-p01,0,False,11,22,57,110,65,147,90,0,0,,,,0,,,170.0,1e+20,170,0.0197,0.0003,0.0,0.0019,0.0,0.0,,0.0059,0.0279
woodworking-opt08-strips-p02,0,False,13,24,54,113,47,134,74,0,0,,,,0,,,185.0,1e+20,185,0.0058,0.0005,0.0,0.0027,0.0,0.0,,0.0066,0.0157
woodworking-opt08-strips-p03,0,False,22,76,299,435,203,559,423,0,0,,,,0,,,275.0,1e+20,275,0.0074,0.0011,0.0,0.0024,0.0,0.0,,0.0131,0.024
woodworking-opt08-strips-p04,0,False,38,103,410,586,268,743,604,0,0,,,,0,,,235.0,1e+20,235,0.0092,0.0019,0.0,0.0026,0.0,0.0,,0.0178,0.0315
woodworking-opt08-strips-p05,0,False,41,160,735,981,411,1228,1011,0,0,,,,0,,,260.0,1e+20,260,0.0121,0.0028,0.0,0.0031,0.0,0.0,,0.028,0.046
woodworking-opt08-strips-p06,0,False,50,195,961,1257,543,1604,1449,0,0,,,,0,,,430.0,1e+20,430,0.0251,0.0027,0.0,0.0092,0.0,0.0,,0.045,0.082
woodworking-opt08-strips-p07,0,False,68,231,962,1316,548,1633,1469,0,0,,,,0,,,390.0,1e+20,390,0.0128,0.0044,0.0,0.0061,0.0,0.0,,0.0498,0.0732
woodworking-opt08-strips-p08,0,False,84,291,1224,1660,676,2037,1865,0,0,,,,0,,,420.0,1e+20,420,0.0145,0.0062,0.0,0.0041,0.0,0.0,,0.065,0.09
woodworking-opt08-strips-p09,0,False,71,123,439,696,316,862,605,0,0,,,,0,,,425.0,1e+20,425,0.0233,0.0045,0.0,0.013,0.0,0.0,,0.0148,0.0558
woodworking-opt08-strips-p10,0,False,109,567,2586,3331,1314,4078,4061,0,0,,,,0,,,485.0,1e+20,485,0.0242,0.011,0.0,0.0062,0.0,0.0,,0.0994,0.141
woodworking-opt08-strips-p11,0,False,10,17,57,105,52,133,65,0,0,,,,0,,,130.0,1e+20,130,0.006,0.0003,0.0,0.0017,0.0,0.0,,0.0048,0.0127
woodworking-opt08-strips-p12,0,False,28,78,302,436,210,567,460,0,0,,,,0,,,225.0,1e+20,225,0.0277,0.001,0.0,0.0074,0.0,0.0,,0.0175,0.0537
woodworking-opt08-strips-p13,0,False,38,106,453,630,314,813,773,0,0,,,,0,,,195.0,1e+20,195,0.0125,0.0015,0.0,0.0033,0.0,0.0,,0.0208,0.0381
woodworking-opt08-strips-p14,0,False,35,133,631,836,364,1066,885,0,0,,,,0,,,195.0,1e+20,195,0.0079,0.0015,0.0,0.0031,0.0,0.0,,0.056,0.0685
woodworking-opt08-strips-p15,0,False,35,151,649,875,353,1070,963,0,0,,,,0,,,270.0,1e+20,270,0.0136,0.0021,0.0,0.0078,0.0,0.0,,0.0306,0.0542
woodworking-opt08-strips-p16,0,False,52,136,514,747,339,932,841,0,0,,,,0,,,275.0,1e+20,275,0.0279,0.0031,0.0,0.0045,0.0,0.0,,0.0301,0.0656
woodworking-opt08-strips-p17,0,False,73,276,1155,1559,681,1936,1827,0,0,,,,0,,,280.0,1e+20,280,0.0149,0.0053,0.0,0.0052,0.0,0.0,,0.0561,0.0815
woodworking-opt08-strips-p18,0,False,67,318,1415,1864,746,2288,2006,0,0,,,,0,,,435.0,1e+20,435,0.0135,0.0057,0.0,0.0043,0.0,0.0,,0.0845,0.1082
woodworking-opt08-strips-p19,0,False,88,386,1694,2230,888,2731,2584,0,0,,,,0,,,395.0,1e+20,395,0.029,0.0079,0.0,0.0105,0.0,0.0,,0.106,0.1535
woodworking-opt08-strips-p20,0,False,102,596,2805,3579,1406,4378,4246,0,0,,,,0,,,435.0,1e+20,435,0.0173,0.0119,0.0,0.0062,0.0,0.0,,0.1076,0.1431
woodworking-opt08-strips-p21,0,False,9,14,39,78,41,101,51,0,0,,,,0,,,95.0,1e+20,95,0.0113,0.0002,0.0,0.0039,0.0,0.0,,0.0056,0.021
woodworking-opt08-strips-p22,0,False,17,30,108,179,100,237,131,0,0,,,,0,,,175.0,1e+20,175,0.0059,0.0005,0.0,0.0017,0.0,0.0,,0.0062,0.0144
woodworking-opt08-strips-p23,0,False,19,47,183,283,146,368,260,0,0,,,,0,,,195.0,1e+20,195,0.0062,0.0007,0.0,0.0018,0.0,0.0,,0.0081,0.0167
woodworking-opt08-strips-p24,0,False,35,75,242,390,178,488,362,0,0,,,,0,,,235.0,1e+20,235,0.0082,0.0015,0.0,0.0017,0.0,0.0,,0.0143,0.0257
woodworking-opt08-strips-p25,0,False,44,185,757,1035,456,1306,1152,0,0,,,,0,,,380.0,1e+20,380,0.0092,0.003,0.0,0.0034,0.0,0.0,,0.0385,0.0541
woodworking-opt08-strips-p26,0,False,58,172,748,1027,472,1308,1149,0,0,,,,0,,,220.0,1e+20,220,0.0296,0.0033,0.0,0.0042,0.0,0.0,,0.0363,0.0734
woodworking-opt08-strips-p27,0,False,52,179,765,1056,466,1318,1073,0,0,,,,0,,,320.0,1e+20,320,0.0123,0.0039,0.0,0.0027,0.0,0.0,,0.0387,0.0577
woodworking-opt08-strips-p28,0,False,47,217,917,1242,510,1520,1170,0,0,,,,0,,,465.0,1e+20,465,0.0145,0.0043,0.0,0.0038,0.0,0.0,,0.0368,0.0595
woodworking-opt08-strips-p29,0,False,75,362,1633,2142,857,2634,2371,0,0,,,,0,,,535.0,1e+20,535,0.0162,0.0085,0.0,0.0038,0.0,0.0,,0.0788,0.1074
woodworking-opt08-strips-p30,0,False,77,308,1266,1731,774,2189,1751,0,0,,,,0,,,650.0,1e+20,650,0.0186,0.0076,0.0,0.0073,0.0,0.0,,0.0517,0.0853
woodworking-opt11-strips-p01,0,False,19,47,183,283,146,368,260,0,0,,,,0,,,195.0,1e+20,195,0.006,0.0007,0.0,0.0027,0.0,0.0,,0.0079,0.0174
woodworking-opt11-strips-p02,0,False,28,78,302,436,210,567,460,0,0,,,,0,,,225.0,1e+20,225,0.0152,0.001,0.0,0.0041,0.0,0.0,,0.0178,0.0381
woodworking-opt11-strips-p03,0,False,38,106,453,630,314,813,773,0,0,,,,0,,,195.0,1e+20,195,0.015,0.0015,0.0,0.0056,0.0,0.0,,0.021,0.0433
woodworking-opt11-strips-p04,0,False,22,76,299,435,203,559,423,0,0,,,,0,,,275.0,1e+20,275,0.0078,0.0011,0.0,0.0031,0.0,0.0,,0.0128,0.0247
woodworking-opt11-strips-p05,0,False,35,75,242,390,178,488,362,0,0,,,,0,,,235.0,1e+20,235,0.011,0.0015,0.0,0.0044,0.0,0.0,,0.0144,0.0313
woodworking-opt11-strips-p06,0,False,38,103,410,586,268,743,604,0,0,,,,0,,,235.0,1e+20,235,0.0353,0.0019,0.0,0.0079,0.0,0.0,,0.0184,0.0636
woodworking-opt11-strips-p07,0,False,35,133,631,836,364,1066,885,0,0,,,,0,,,195.0,1e+20,195,0.0303,0.0015,0.0,0.0078,0.0,0.0,,0.0564,0.0961
woodworking-opt11-strips-p08,0,False,44,185,757,1035,456,1306,1152,0,0,,,,0,,,380.0,1e+20,380,0.0214,0.0032,0.0,0.003,0.0,0.0,,0.0388,0.0666
woodworking-opt11-strips-p09,0,False,41,160,735,981,411,1228,1011,0,0,,,,0,,,260.0,1e+20,260,0.0326,0.0028,0.0,0.0035,0.0,0.0,,0.0282,0.067
woodworking-opt11-strips-p10,0,False,35,151,649,875,353,1070,963,0,0,,,,0,,,270.0,1e+20,270,0.025,0.0021,0.0,0.0033,0.0,0.0,,0.0302,0.0606
woodworking-opt11-strips-p11,0,False,58,172,748,1027,472,1308,1149,0,0,,,,0,,,220.0,1e+20,220,0.0177,0.0032,0.0,0.005,0.0,0.0,,0.0363,0.0623
woodworking-opt11-strips-p12,0,False,52,136,514,747,339,932,841,0,0,,,,0,,,275.0,1e+20,275,0.0148,0.0031,0.0,0.0038,0.0,0.0,,0.0306,0.0523
woodworking-opt11-strips-p13,0,False,50,195,961,1257,543,1604,1449,0,0,,,,0,,,430.0,1e+20,430,0.0191,0.0027,0.0,0.0061,0.0,0.0,,0.0453,0.0732
woodworking-opt11-strips-p14,0,False,52,179,765,1056,466,1318,1073,0,0,,,,0,,,320.0,1e+20,320,0.0134,0.0036,0.0,0.0032,0.0,0.0,,0.039,0.0593
woodworking-opt11-strips-p15,0,False,73,276,1155,1559,681,1936,1827,0,0,,,,0,,,280.0,1e+20,280,0.0146,0.0056,0.0,0.0039,0.0,0.0,,0.0541,0.0784
woodworking-opt11-strips-p16,0,False,68,231,962,1316,548,1633,1469,0,0,,,,0,,,390.0,1e+20,390,0.0131,0.0044,0.0,0.0027,0.0,0.0,,0.0643,0.0847
woodworking-opt11-strips-p17,0,False,47,217,917,1242,510,1520,1170,0,0,,,,0,,,465.0,1e+20,465,0.1502,0.0044,0.0,0.0032,0.0,0.0,,0.0368,0.1947
woodworking-opt11-strips-p18,0,False,67,318,1415,1864,746,2288,2006,0,0,,,,0,,,435.0,1e+20,435,0.028,0.0058,0.0,0.0073,0.0,0.0,,0.0852,0.1264
woodworking-opt11-strips-p19,0,False,84,291,1224,1660,676,2037,1865,0,0,,,,0,,,420.0,1e+20,420,0.0148,0.0065,0.0,0.0041,0.0,0.0,,0.0648,0.0904
woodworking-opt11-strips-p20,0,False,75,362,1633,2142,857,2634,2371,0,0,,,,0,,,535.0,1e+20,535,0.0437,0.0076,0.0,0.018,0.0,0.0,,0.0813,0.1509
woodworking-sat08-strips-p01,0,False,7,12,27,58,26,70,35,0,0,,,,0,,,110.0,1e+20,110,0.0256,0.0002,0.0,0.0017,0.0,0.0,,0.0017,0.0293
woodworking-sat08-strips-p02,0,False,18,29,91,174,65,206,101,0,0,,,,0,,,255.0,1e+20,255,0.0072,0.0009,0.0,0.0025,0.0,0.0,,0.0052,0.0158
woodworking-sat08-strips-p03,0,False,73,331,1545,2003,851,2510,2389,0,0,,,,0,,,425.0,1e+20,425,0.0258,0.0051,0.0,0.0048,0.0,0.0,,0.1044,0.1402
woodworking-sat08-strips-p04,0,False,74,463,2128,2751,1101,3389,3184,0,0,,,,0,,,725.0,1e+20,725,0.0153,0.008,0.0,0.0051,0.0,0.0,,0.0872,0.1158
woodworking-sat08-strips-p05,0,False,111,715,3291,4212,1648,5142,4819,0,0,,,,0,,,515.0,1e+20,515,0.0293,0.0153,0.0,0.0073,0.0,0.0,,0.1168,0.1688
woodworking-sat08-strips-p06,0,False,122,904,4216,5351,2023,6469,5794,0,0,,,,0,,,690.0,1e+20,690,0.0294,0.0245,0.0,0.0102,0.0,0.0,,0.1495,0.2138
woodworking-sat08-strips-p07,0,False,198,1916,8961,11204,4098,13386,13006,0,0,,,,0,,,900.0,1e+20,900,0.0472,0.0604,0.0,0.0198,0.0,0.0,,0.7391,0.8669
woodworking-sat08-strips-p08,0,False,208,2561,12358,15282,5521,18239,18914,0,0,,,,0,,,1080.0,1e+20,1080,0.0648,0.0779,0.0,0.0323,0.0,0.0,,1.0361,1.2116
woodworking-sat08-strips-p09,0,False,270,2864,13437,16734,6014,19882,19917,0,0,,,,0,,,990.0,1e+20,990,0.0754,0.1215,0.0,0.0299,0.0,0.0,,1.3293,1.5567
woodworking-sat08-strips-p10,0,False,266,2888,13410,16745,5988,19842,20295,0,0,,,,0,,,1080.0,1e+20,1080,0.0822,0.1312,0.0,0.0309,0.0,0.0,,0.8947,1.14
woodworking-sat08-strips-p11,0,False,3,7,13,33,5,31,5,0,0,,,,0,,,50.0,1e+20,50,0.1168,0.0002,0.0,0.0111,0.0,0.0,,0.0036,0.1317
woodworking-sat08-strips-p12,0,False,23,59,236,355,145,440,279,0,0,,,,0,,,270.0,1e+20,270,0.0073,0.001,0.0,0.0026,0.0,0.0,,0.0096,0.0206
woodworking-sat08-strips-p13,0,False,68,374,1750,2254,928,2808,2642,0,0,,,,0,,,435.0,1e+20,435,0.0224,0.0059,0.0,0.0068,0.0,0.0,,0.0806,0.1159
woodworking-sat08-strips-p14,0,False,116,520,2290,2997,1207,3684,3374,0,0,,,,0,,,455.0,1e+20,455,0.021,0.0124,0.0,0.0063,0.0,0.0,,0.0874,0.1273
woodworking-sat08-strips-p15,0,False,103,720,3378,4299,1679,5256,5257,0,0,,,,0,,,790.0,1e+20,790,0.0214,0.0136,0.0,0.0096,0.0,0.0,,0.1581,0.2028
woodworking-sat08-strips-p16,0,False,171,829,3656,4753,1827,5751,5286,0,0,,,,0,,,640.0,1e+20,640,0.0282,0.028,0.0,0.0083,0.0,0.0,,0.1331,0.1979
woodworking-sat08-strips-p17,0,False,154,1050,4638,5974,2261,7184,6684,0,0,,,,0,,,905.0,1e+20,905,0.035,0.036,0.0,0.0103,0.0,0.0,,0.2672,0.3488
woodworking-sat08-strips-p18,0,False,215,1405,6474,8246,3136,9975,9361,0,0,,,,0,,,920.0,1e+20,920,0.0667,0.0613,0.0,0.0156,0.0,0.0,,0.3944,0.5387
woodworking-sat08-strips-p19,0,False,226,1505,6777,8672,3231,10392,9839,0,0,,,,0,,,995.0,1e+20,995,0.055,0.0731,0.0,0.0162,0.0,0.0,,0.2664,0.411
woodworking-sat08-strips-p20,0,False,297,2881,13303,16670,6059,19834,20096,0,0,,,,0,,,1155.0,1e+20,1155,0.0843,0.1469,0.0,0.0318,0.0,0.0,,0.5934,0.8574
woodworking-sat08-strips-p21,0,False,14,24,64,122,78,168,101,0,0,,,,0,,,165.0,1e+20,165,0.0119,0.0004,0.0,0.0025,0.0,0.0,,0.0054,0.0202
woodworking-sat08-strips-p22,0,False,27,57,200,319,137,395,245,0,0,,,,0,,,205.0,1e+20,205,0.0107,0.0014,0.0,0.0096,0.0,0.0,,0.01,0.0318
woodworking-sat08-strips-p23,0,False,51,122,420,646,274,797,594,0,0,,,,0,,,385.0,1e+20,385,0.0124,0.0032,0.0,0.0034,0.0,0.0,,0.0218,0.0408
woodworking-sat08-strips-p24,0,False,96,323,1347,1840,748,2237,1903,0,0,,,,0,,,540.0,1e+20,540,0.0158,0.0097,0.0,0.0041,0.0,0.0,,0.0646,0.0943
woodworking-sat08-strips-p25,0,False,116,493,2177,2883,1189,3577,3074,0,0,,,,0,,,520.0,1e+20,520,0.0221,0.0158,0.0,0.0069,0.0,0.0,,0.1342,0.1793
woodworking-sat08-strips-p26,0,False,126,569,2428,3246,1326,4002,3240,0,0,,,,0,,,910.0,1e+20,910,0.0286,0.0204,0.0,0.0102,0.0,0.0,,0.1125,0.172
woodworking-sat08-strips-p27,0,False,141,732,3171,4158,1578,4996,4591,0,0,,,,0,,,695.0,1e+20,695,0.0353,0.0304,0.0,0.0089,0.0,0.0,,0.1413,0.2163
woodworking-sat08-strips-p28,0,False,222,1602,7245,9234,3521,11153,10439,0,0,,,,0,,,1290.0,1e+20,1290,0.0519,0.0711,0.0,0.0156,0.0,0.0,,0.5609,0.6998
woodworking-sat08-strips-p29,0,False,212,1195,5100,6681,2607,8092,6379,0,0,,,,0,,,1090.0,1e+20,1090,0.0545,0.0661,0.0,0.0119,0.0,0.0,,0.1948,0.3277
woodworking-sat08-strips-p30,0,False,272,2097,9365,11919,4499,14258,13572,0,0,,,,0,,,1100.0,1e+20,1100,0.0726,0.1131,0.0,0.0234,0.0,0.0,,0.5747,0.7842
woodworking-sat11-strips-p01,0,False,198,1916,8961,11204,4098,13386,13006,0,0,,,,0,,,900.0,1e+20,900,0.0446,0.0602,0.0,0.0182,0.0,0.0,,0.7405,0.8639
woodworking-sat11-strips-p02,0,False,208,2561,12358,15282,5521,18239,18914,0,0,,,,0,,,1080.0,1e+20,1080,0.054,0.0775,0.0,0.0261,0.0,0.0,,1.0348,1.1929
woodworking-sat11-strips-p03,0,False,226,1505,6777,8672,3231,10392,9839,0,0,,,,0,,,995.0,1e+20,995,0.4889,0.0728,0.0,0.3709,0.0,0.0,,0.3353,1.2683
woodworking-sat11-strips-p04,0,False,270,2864,13437,16734,6014,19882,19917,0,0,,,,0,,,990.0,1e+20,990,0.0948,0.12,0.0,0.0306,0.0,0.0,,1.3261,1.572
woodworking-sat11-strips-p05,0,False,297,2881,13303,16670,6059,19834,20096,0,0,,,,0,,,1155.0,1e+20,1155,0.0827,0.1464,0.0,0.0312,0.0,0.0,,0.5949,0.8561
woodworking-sat11-strips-p06,0,False,266,2888,13410,16745,5988,19842,20295,0,0,,,,0,,,1080.0,1e+20,1080,0.0831,0.1315,0.0,0.0304,0.0,0.0,,0.898,1.144
woodworking-sat11-strips-p07,0,False,222,1602,7245,9234,3521,11153,10439,0,0,,,,0,,,1290.0,1e+20,1290,0.0511,0.0697,0.0,0.0169,0.0,0.0,,0.5622,0.7002
woodworking-sat11-strips-p08,0,False,212,1195,5100,6681,2607,8092,6379,0,0,,,,0,,,1090.0,1e+20,1090,0.0523,0.0619,0.0,0.0141,0.0,0.0,,0.1956,0.3242
woodworking-sat11-strips-p09,0,False,215,1405,6474,8246,3136,9975,9361,0,0,,,,0,,,920.0,1e+20,920,0.05,0.0569,0.0,0.0153,0.0,0.0,,0.3929,0.5159
woodworking-sat11-strips-p10,0,False,3,7,13,33,5,31,5,0,0,,,,0,,,50.0,1e+20,50,0.0062,0.0001,0.0,0.0015,0.0,0.0,,0.0015,0.0094
woodworking-sat11-strips-p11,0,False,296,2368,10695,13560,4948,16140,15693,0,0,,,,0,,,1305.0,1e+20,1305,0.0798,0.1322,0.0,0.0313,0.0,0.0,,0.5174,0.7611
woodworking-sat11-strips-p12,0,False,347,3918,18468,22934,8223,27206,28059,0,0,,,,0,,,1275.0,1e+20,1275,0.1174,0.198,0.0,0.0535,0.0,0.0,,1.9341,2.3042
woodworking-sat11-strips-p13,0,False,278,2938,13939,17380,6252,20693,20015,0,0,,,,0,,,1375.0,1e+20,1375,0.1082,0.1519,0.0,0.0327,0.0,0.0,,1.2235,1.5173
woodworking-sat11-strips-p14,0,False,288,2233,10159,12873,4619,15258,15129,0,0,,,,0,,,1035.0,1e+20,1035,0.083,0.1243,0.0,0.0243,0.0,0.0,,0.7356,0.9679
woodworking-sat11-strips-p15,0,False,367,3976,18844,23418,8463,27903,28215,0,0,,,,0,,,1505.0,1e+20,1505,0.1426,0.2169,0.0,0.0525,0.0,0.0,,1.7768,2.1902
woodworking-sat11-strips-p16,0,False,359,3582,16471,20634,7370,24422,24295,0,0,,,,0,,,1325.0,1e+20,1325,0.1166,0.2102,0.0,0.0423,0.0,0.0,,1.5914,1.9617
woodworking-sat11-strips-p17,0,False,200,2619,12539,15476,4324,17181,20295,0,0,,,,0,,,645.0,1e+20,645,0.1045,0.1363,0.0,0.0307,0.0,0.0,,1.3758,1.6484
woodworking-sat11-strips-p18,0,False,163,1971,9576,11840,3208,13076,16371,0,0,,,,0,,,1085.0,1e+20,1085,0.0904,0.0988,0.0,0.0203,0.0,0.0,,1.289,1.4999
woodworking-sat11-strips-p19,0,False,201,2990,14364,17699,4813,19522,24278,0,0,,,,0,,,895.0,1e+20,895,0.1161,0.1594,0.0,0.0291,0.0,0.0,,2.0825,2.3893
woodworking-sat11-strips-p20,0,False,251,4126,19927,24446,6226,26546,34757,0,0,,,,0,,,950.0,1e+20,950,0.167,0.2493,0.0,0.041,0.0,0.0,,2.4743,2.9345
zenotravel-p01,0,True,6,7,7,21,4,18,4,0,0,,,,0,,,1.0,1e+20,1,0.0251,0.0001,0.0,0.002,0.0,0.0,,0.0021,0.0293
zenotravel-p02,0,True,6,9,14,34,6,30,6,0,0,,,,0,,,4.0,1e+20,4,0.0054,0.0001,0.0,0.0012,0.0,0.0,,0.0038,0.0105
zenotravel-p03,0,True,22,52,80,156,60,157,105,0,0,,,,0,,,5.0,1e+20,5,0.006,0.0004,0.0,0.0016,0.0,0.0,,0.0097,0.0177
zenotravel-p04,0,True,21,47,63,134,55,138,96,0,0,,,,0,,,6.0,1e+20,6,0.008,0.0004,0.0,0.003,0.0,0.0,,0.0102,0.0216
zenotravel-p05,0,True,34,95,125,258,141,280,264,0,0,,,,0,,,11.0,1e+20,11,0.0069,0.0008,0.0,0.0017,0.0,0.0,,0.0205,0.0299
zenotravel-p06,0,True,34,92,128,258,126,274,215,0,0,,,,0,,,11.0,1e+20,11,0.0108,0.0009,0.0,0.0031,0.0,0.0,,0.0151,0.03
zenotravel-p07,0,True,32,69,69,174,108,196,179,0,0,,,,0,,,11.0,1e+20,11,0.0072,0.0007,0.0,0.0015,0.0,0.0,,0.0096,0.019
zenotravel-p08,0,True,47,153,209,413,228,447,466,0,0,,,,0,,,10.0,1e+20,10,0.0187,0.002,0.0,0.006,0.0,0.0,,0.0316,0.0584
zenotravel-p09,0,True,72,234,274,587,481,683,920,0,0,,,,0,,,18.0,1e+20,18,0.0125,0.0027,0.0,0.0038,0.0,0.0,,0.0354,0.0545
zenotravel-p10,0,True,77,259,307,652,526,755,994,0,0,,,,0,,,20.0,1e+20,20,0.0086,0.0032,0.0,0.0023,0.0,0.0,,0.025,0.0391
zenotravel-p11,0,True,60,231,321,617,371,677,756,0,0,,,,0,,,12.0,1e+20,12,0.0264,0.0041,0.0,0.0053,0.0,0.0,,0.0381,0.0741
zenotravel-p12,0,True,82,306,386,781,609,900,1160,0,0,,,,0,,,19.0,1e+20,19,0.0303,0.0047,0.0,0.0032,0.0,0.0,,0.0589,0.0973
zenotravel-p13,0,True,96,412,522,1039,849,1206,1791,0,0,,,,0,,,23.0,1e+20,23,0.0248,0.0057,0.0,0.0029,0.0,0.0,,0.0367,0.0702
zenotravel-p14,0,True,189,1141,1429,2771,3275,3341,7590,0,0,,,,0,,,28.0,1e+20,28,0.0309,0.0441,0.0,0.0072,0.0,0.0,,0.3734,0.4559
zenotravel-p15,0,True,262,1492,1558,3324,5179,4437,12157,0,0,,,,0,,,32.0,1e+20,32,0.049,0.0689,0.0,0.0107,0.0,0.0,,0.423,0.5522
zenotravel-p16,0,True,314,2083,2473,4885,6477,6181,14527,0,0,,,,0,,,38.0,1e+20,38,0.0696,0.1399,0.0,0.0125,0.0,0.0,,1.3056,1.5284
zenotravel-p17,0,True,464,3204,3534,7223,10954,9614,26048,0,0,,,,0,,,52.0,1e+20,52,0.1082,0.2338,0.0,0.0227,0.0,0.0,,0.713,1.0799
zenotravel-p18,0,True,492,3426,3732,7669,11928,10324,28157,0,0,,,,25,,,51.0,1e+20,51,0.1434,0.2835,0.0,0.0243,0.0,0.0,,6.2644,6.7182
zenotravel-p19,0,True,626,4464,4654,9768,16219,13468,39232,0,0,,,,0,,,59.0,1e+20,59,0.2216,0.4669,0.0,0.0383,0.0,0.0,,2.1614,2.8917
zenotravel-p20,0,True,760,5963,6509,13257,21202,17981,54238,0,0,,,,0,,,68.0,1e+20,68,1.2467,0.6762,0.0,0.0524,0.0,0.0,,11.5797,13.5594
