Instance,Status,Unit_Costs,N_Atoms,N_Acts,N_Effects,N_Var_Base,N_Var_Acyc,N_Const_Base,N_Const_Acyc,N_Cuts_LM,N_Cuts_Sec,N_RCB_Calls,N_CCB_Calls,N_CL_It,N_Nodes,Initial_LB,Root_LB,Final_LB,Initial_UB,Final_UB,Parsing_Time,Prep_Time,Heur_Time,Build_Time,RCB_Time,CCB_Time,CL_Time,CPX_Time,Time
agricola-opt18-strips-p01,0,False,60,523,1010,1631,0,1882,78,0,0,0,0,0,0,,0.0,142.0,142,142,0.8022,0.1009,0.0023,0.0543,0.0,0.0,0.0,0.3288,1.2926
agricola-opt18-strips-p02,0,False,63,612,1177,1890,0,2116,58,0,0,0,0,0,0,,0.0,142.0,142,142,0.6451,0.265,0.0029,0.0562,0.0,0.0,0.0,0.0791,1.0538
agricola-opt18-strips-p03,0,False,66,723,1373,2200,0,2434,75,0,131,0,105,0,133,,0.0,204.0,262,204,0.7606,0.3869,0.0034,0.2931,0.0,0.0081,0.0,1.1657,2.618
agricola-opt18-strips-p04,0,False,67,592,1146,1847,0,2096,77,0,0,0,0,0,0,,0.0,146.0,146,146,0.6067,0.1612,0.003,0.1056,0.0,0.0,0.0,0.1025,0.9837
agricola-opt18-strips-p05,0,False,69,728,1401,2241,0,2466,81,0,81,0,53,0,259,,0.0,208.0,266,208,0.7293,0.2683,0.0055,0.0555,0.0,0.0046,0.0,0.78,1.8452
agricola-opt18-strips-p06,0,False,72,796,1523,2434,0,2648,69,0,0,0,0,0,0,,0.0,206.0,206,206,0.841,0.5714,0.0045,0.0546,0.0,0.0,0.0,0.3467,1.8274
agricola-opt18-strips-p07,0,False,74,697,1347,2166,0,2443,98,0,0,0,1,0,0,,0.0,212.0,270,212,0.666,0.2074,0.0042,0.3001,0.0,0.0001,0.0,0.3991,1.5833
agricola-opt18-strips-p08,0,False,78,799,1567,2491,0,2737,94,0,0,0,0,0,0,,0.0,150.0,150,150,0.7611,0.3526,0.0045,0.059,0.0,0.0,0.0,0.0855,1.2705
agricola-opt18-strips-p09,0,False,80,895,1747,2770,0,3009,86,0,0,0,0,0,0,,0.0,150.0,150,150,0.8884,0.6398,0.0054,0.0552,0.0,0.0,0.0,0.3713,1.9716
agricola-opt18-strips-p10,0,False,77,754,1483,2367,0,2652,110,0,0,0,0,0,0,,0.0,154.0,154,154,0.6612,0.2383,0.0068,0.0558,0.0,0.0,0.0,0.0852,1.0534
agricola-opt18-strips-p11,0,False,80,911,1773,2817,0,3047,95,0,95,0,48,0,0,,0.0,216.0,274,216,1.076,0.396,0.0074,0.0546,0.0,0.0052,0.0,0.8951,2.4375
agricola-opt18-strips-p12,0,False,84,1002,1962,3100,0,3339,89,0,0,0,0,0,0,,0.0,214.0,214,214,1.1705,0.8542,0.0084,0.0533,0.0,0.0,0.0,0.0918,2.1899
agricola-opt18-strips-p13,0,False,81,852,1670,2660,0,2959,125,0,689,0,415,0,545,,0.0,220.0,278,220,0.6935,0.2612,0.0075,0.0616,0.0,0.0514,0.0,1.4753,2.5051
agricola-opt18-strips-p14,0,False,84,978,1945,3064,0,3334,123,0,0,0,0,0,0,,0.0,158.0,158,158,1.1084,0.4667,0.0077,0.0531,0.0,0.0,0.0,0.094,1.7391
agricola-opt18-strips-p15,0,False,87,1081,2133,3358,0,3596,103,0,0,0,0,0,0,,0.0,158.0,158,158,1.0242,0.9229,0.0092,0.0552,0.0,0.0,0.0,0.3399,2.3644
agricola-opt18-strips-p16,0,False,83,909,1796,2851,0,3173,128,0,0,0,0,0,0,,0.0,222.0,222,222,0.2904,0.2985,0.008,0.003,0.0,0.0,0.0,0.3966,1.002
agricola-opt18-strips-p17,0,False,86,1065,2118,3332,0,3592,127,0,0,0,0,0,0,,0.0,162.0,162,162,0.6939,0.5103,0.0116,0.0053,0.0,0.0,0.0,0.0517,1.2815
agricola-opt18-strips-p18,0,False,89,1197,2377,3726,0,4001,133,0,0,0,0,0,0,,0.0,222.0,222,222,0.6291,1.0712,0.0099,0.0039,0.0,0.0,0.0,0.6303,2.3567
agricola-opt18-strips-p19,0,False,86,992,1982,3128,0,3489,128,0,0,0,0,0,0,,0.0,226.0,226,226,0.3091,0.3468,0.0118,0.0033,0.0,0.0,0.0,0.0606,0.7372
agricola-opt18-strips-p20,0,False,89,1152,2310,3619,0,3907,128,0,0,0,0,0,0,,0.0,166.0,166,166,0.4873,0.6256,0.0088,0.0039,0.0,0.0,0.0,0.056,1.1909
agricola-sat18-strips-p01,0,False,84,1459,2877,4458,0,4561,73,0,0,0,0,0,0,,0.0,382.0,382,382,1.3601,8.7807,0.0081,0.0043,0.0,0.0,0.0,0.066,10.2441
agricola-sat18-strips-p02,0,False,91,1731,3406,5270,0,5200,70,0,0,0,0,0,0,,0.0,386.0,386,386,1.6638,6.8825,0.0133,0.0057,0.0,0.0,0.0,0.0804,8.6772
agricola-sat18-strips-p03,0,False,98,1852,3672,5670,0,5635,85,0,0,0,0,0,0,,0.0,390.0,390,390,2.2916,13.0444,0.0191,0.0049,0.0,0.0,0.0,0.0862,15.4821
agricola-sat18-strips-p04,0,False,101,2084,4116,6354,0,6251,107,0,50,0,24,0,0,,0.0,576.0,754,576,2.1889,8.9298,0.0212,0.0055,0.0,0.0039,0.0,2.5957,13.7803
agricola-sat18-strips-p05,0,False,104,2292,4556,7010,0,6854,123,0,108,0,57,0,0,,0.0,580.0,758,580,2.4328,14.4397,0.0308,0.0063,0.0,0.0102,0.0,4.1852,21.1374
agricola-sat18-strips-p06,0,False,107,2463,4953,7586,0,7376,129,0,0,0,0,0,0,,0.0,402.0,402,402,2.587,10.1651,0.0279,0.0076,0.0,0.0,0.0,0.115,12.9482
agricola-sat18-strips-p07,0,False,110,2654,5330,8162,0,7899,130,0,0,0,0,0,0,,0.0,586.0,586,586,3.3887,16.6796,0.0402,0.0071,0.0,0.0,0.0,0.2309,20.395
agricola-sat18-strips-p08,0,False,114,2853,5747,8786,0,8482,150,0,0,0,0,0,0,,0.0,590.0,590,590,3.3027,17.5779,0.0388,0.0074,0.0,0.0,0.0,3.2788,24.2574
agricola-sat18-strips-p09,0,False,116,3332,6726,10252,0,9668,159,0,0,0,0,0,0,,0.0,594.0,594,594,3.5433,13.0857,0.0614,0.0107,0.0,0.0,0.0,0.4394,17.1957
agricola-sat18-strips-p10,0,False,120,3271,6635,10108,0,9740,167,0,0,0,0,0,0,,0.0,598.0,598,598,3.4411,14.9363,0.0504,0.0086,0.0,0.0,0.0,0.4893,18.9841
agricola-sat18-strips-p11,0,False,55,636,1222,1963,0,2201,66,0,16546,0,10985,0,48748,,0.0,283.0,503,283,0.1999,0.2186,0.0056,0.0024,0.0,1.2065,0.0,62.483,62.9134
agricola-sat18-strips-p12,2,False,60,725,1402,2243,0,2466,90,0,52591,0,43217,0,222922,,0.0,286.0,507,287,0.2542,0.2645,0.0066,0.0027,0.0,6.3205,0.0,899.5185,900.0776
agricola-sat18-strips-p13,0,False,68,802,1582,2513,0,2758,84,0,64,0,38,0,0,,0.0,276.0,330,276,0.59,0.3316,0.01,0.003,0.0,0.0036,0.0,0.4615,1.4024
agricola-sat18-strips-p14,0,False,73,996,1974,3110,0,3361,97,0,671,0,307,0,182,,0.0,279.0,335,279,0.5161,0.6858,0.0161,0.0032,0.0,0.037,0.0,1.0653,2.2968
agricola-sat18-strips-p15,0,False,75,1090,2167,3405,0,3660,99,0,1051,0,542,0,629,,0.0,288.0,402,288,0.5783,0.8284,0.015,0.0034,0.0,0.0744,0.0,1.6199,3.0562
agricola-sat18-strips-p16,0,False,78,1221,2421,3798,0,4063,135,0,5440,0,3388,0,2501,,0.0,297.0,526,297,0.8996,0.931,0.0211,0.0036,0.0,0.568,0.0,13.1999,15.0679
agricola-sat18-strips-p17,0,False,82,1396,2800,4363,0,4672,125,0,196,0,81,0,12,,0.0,415.0,591,415,0.9406,1.6064,0.0271,0.0046,0.0,0.0127,0.0,0.9552,3.5518
agricola-sat18-strips-p18,0,False,86,1501,3023,4699,0,5025,130,0,880,0,411,0,373,,0.0,420.0,595,420,1.0401,2.0818,0.0351,0.0044,0.0,0.0759,0.0,1.8959,5.0763
agricola-sat18-strips-p19,2,False,88,1604,3226,5013,0,5369,135,0,49922,0,46330,0,30698,,0.0,427.0,689,428,1.1543,2.0885,0.034,0.0058,0.0,14.3298,0.0,896.8039,900.1549
agricola-sat18-strips-p20,0,False,91,1746,3512,5449,0,5819,191,0,4771,0,2511,0,3138,,0.0,433.0,783,433,1.2059,2.3404,0.0407,0.0049,0.0,0.5624,0.0,15.365,18.9786
airport-p01-airport1-p1,0,True,0,3,27,62,0,91,0,0,0,0,1,0,0,,0.0,8.0,8,8,0.0053,0.0001,0.0,0.0022,0.0,0.0,0.0,0.0013,0.0093
airport-p02-airport1-p1,0,True,0,4,31,68,0,101,3,0,0,0,0,0,0,,0.0,9.0,9,9,0.0052,0.0002,0.0,0.0011,0.0,0.0,0.0,0.003,0.01
airport-p03-airport1-p2,0,True,0,7,57,126,0,194,3,0,0,0,0,0,0,,0.0,17.0,17,17,0.0056,0.0003,0.0,0.0013,0.0,0.0,0.0,0.0031,0.0109
airport-p04-airport2-p1,0,True,0,7,65,150,0,226,0,0,0,0,1,0,0,,0.0,20.0,20,20,0.0055,0.0004,0.0,0.0014,0.0,0.0,0.0,0.0014,0.0092
airport-p05-airport2-p1,0,True,1,10,71,160,0,303,3,0,0,0,0,0,0,,0.0,21.0,21,21,0.0061,0.0005,0.0001,0.0015,0.0,0.0,0.0,0.0032,0.0118
airport-p06-airport2-p2,0,True,1,17,136,305,0,527,3,0,0,0,0,0,0,,0.0,41.0,41,41,0.0075,0.0012,0.0002,0.0026,0.0,0.0,0.0,0.0034,0.0155
airport-p07-airport2-p2,0,True,1,17,135,302,0,527,3,0,0,0,0,0,0,,0.0,41.0,41,41,0.0071,0.0012,0.0002,0.0029,0.0,0.0,0.0,0.0034,0.0152
airport-p08-airport2-p3,0,True,2,27,206,444,0,814,6,0,0,0,0,0,0,,0.0,62.0,62,62,0.0105,0.0024,0.0004,0.0021,0.0,0.0,0.0,0.0036,0.02
airport-p09-airport2-p4,0,True,2,33,234,504,0,915,6,0,0,0,0,0,0,,0.0,71.0,71,71,0.0106,0.0032,0.0005,0.0023,0.0,0.0,0.0,0.0037,0.021
airport-p10-airport3-p1,0,True,0,5,59,136,0,208,0,0,0,0,1,0,0,,0.0,18.0,18,18,0.0062,0.0004,0.0,0.0043,0.0,0.0,0.0,0.0014,0.0132
airport-p11-airport3-p1,0,True,1,10,73,164,0,313,3,0,0,0,0,0,0,,0.0,21.0,21,21,0.007,0.0006,0.0001,0.0015,0.0,0.0,0.0,0.0032,0.0128
airport-p12-airport3-p2,0,True,1,15,132,297,0,521,3,0,0,0,0,0,0,,0.0,39.0,39,39,0.0071,0.0013,0.0002,0.002,0.0,0.0,0.0,0.0034,0.0145
airport-p13-airport3-p2,0,True,1,13,123,276,0,481,3,0,0,0,0,0,0,,0.0,37.0,37,37,0.0072,0.0012,0.0002,0.0016,0.0,0.0,0.0,0.0033,0.0139
airport-p14-airport3-p3,0,True,2,25,205,443,0,818,6,0,0,0,0,0,0,,0.0,60.0,60,60,0.0102,0.0026,0.0004,0.0019,0.0,0.0,0.0,0.0036,0.019
airport-p15-airport3-p3,0,True,2,23,197,425,0,783,6,0,0,0,0,0,0,,0.0,58.0,58,58,0.0089,0.0025,0.0004,0.002,0.0,0.0,0.0,0.0037,0.0181
airport-p16-airport3-p4,0,True,3,33,270,571,0,1080,9,0,0,0,0,0,0,,0.0,79.0,79,79,0.0102,0.0042,0.0006,0.0017,0.0,0.0,0.0,0.0041,0.0214
airport-p17-airport3-p5,0,True,5,41,309,648,0,1195,9,0,0,0,0,0,0,,0.0,88.0,88,88,0.0137,0.0054,0.0008,0.0022,0.0,0.0,0.0,0.0044,0.0272
airport-p18-airport3-p6,0,True,6,49,376,780,0,1459,12,0,0,0,0,0,0,,0.0,107.0,107,107,0.0152,0.0083,0.0012,0.0021,0.0,0.0,0.0,0.0047,0.0321
airport-p19-airport3-p6,0,True,4,39,315,669,0,1189,7,0,0,0,0,0,0,,0.0,90.0,90,90,0.0133,0.0056,0.0009,0.002,0.0,0.0,0.0,0.0044,0.0268
airport-p20-airport3-p7,0,True,6,54,400,833,0,1566,12,0,0,0,0,0,0,,0.0,115.0,115,115,0.0166,0.0099,0.0015,0.0023,0.0,0.0,0.0,0.0049,0.0358
airport-p21-airport4halfMUC-p2,0,True,5,49,348,783,0,1391,3,0,0,0,0,0,0,,0.0,101.0,101,101,0.0223,0.0162,0.0015,0.0024,0.0,0.0,0.0,0.0037,0.0467
airport-p22-airport4halfMUC-p3,0,True,5,53,495,1087,0,1900,3,0,0,0,0,0,0,,0.0,148.0,148,148,0.0334,0.03,0.0035,0.0032,0.0,0.0,0.0,0.0036,0.0745
airport-p23-airport4halfMUC-p4,0,True,16,73,597,1284,0,2045,3,0,0,0,0,0,0,,0.0,168.0,168,168,0.0462,0.0483,0.0027,0.0039,0.0,0.0,0.0,0.0046,0.1066
airport-p24-airport4halfMUC-p4,0,True,8,75,556,1202,0,2226,9,0,0,0,0,0,0,,0.0,162.0,162,162,0.288,0.0522,0.0036,0.003,0.0,0.0,0.0,0.0042,0.352
airport-p25-airport4halfMUC-p5,0,True,9,83,716,1525,0,2798,9,0,0,0,0,0,0,,0.0,212.0,212,212,0.0776,0.0692,0.0063,0.0036,0.0,0.0,0.0,0.0045,0.1624
airport-p26-airport4halfMUC-p6,0,True,19,91,771,1631,0,2749,9,0,0,0,0,0,0,,0.0,220.0,220,220,0.0984,0.0962,0.006,0.0043,0.0,0.0,0.0,0.0052,0.2113
airport-p27-airport4halfMUC-p6,0,True,11,125,848,1799,0,3440,15,0,0,0,0,0,0,,0.0,246.0,246,246,0.1197,0.1048,0.0089,0.0054,0.0,0.0,0.0,0.0051,0.2451
airport-p28-airport4halfMUC-p7,0,True,12,131,1003,2111,0,4000,15,0,0,0,0,0,0,,0.0,294.0,294,294,0.1442,0.1351,0.0134,0.0056,0.0,0.0,0.0,0.0056,0.3053
airport-p29-airport4halfMUC-p8,0,True,23,145,1082,2260,0,4044,15,0,0,0,0,0,0,,0.0,308.0,308,308,0.1736,0.1824,0.0149,0.0059,0.0,0.0,0.0,0.0063,0.3847
airport-p30-airport4halfMUC-p8,0,True,14,155,1065,2230,0,4313,21,0,0,0,0,0,0,,0.0,310.0,310,310,0.1996,0.1789,0.0139,0.0062,0.0,0.0,0.0,0.0062,0.4065
airport-p31-airport4halfMUC-p9,0,True,14,161,1215,2537,0,4869,21,0,0,0,0,0,0,,0.0,358.0,358,358,0.2346,0.2227,0.0194,0.0072,0.0,0.0,0.0,0.0068,0.4923
airport-p32-airport4halfMUC-p10,0,True,27,193,1375,2840,0,5253,21,0,0,0,0,0,0,,0.0,390.0,390,390,0.2696,0.3002,0.0271,0.0088,0.0,0.0,0.0,0.0084,0.616
airport-p33-airport4halfMUC-p10,0,True,16,179,1337,2780,0,5366,24,0,0,0,0,0,0,,0.0,393.0,393,393,0.2865,0.3074,0.0258,0.0083,0.0,0.0,0.0,0.0073,0.6372
airport-p34-airport4halfMUC-p11,0,True,28,213,1498,3086,0,5759,24,0,0,0,0,0,0,,0.0,427.0,427,427,0.3256,0.3734,0.0307,0.0093,0.0,0.0,0.0,0.0092,0.7503
airport-p35-airport4halfMUC-p12,0,True,43,258,1589,3248,0,6017,24,0,0,0,0,0,0,,0.0,433.0,433,433,0.374,0.4516,0.0355,0.0101,0.0,0.0,0.0,0.0103,0.8837
airport-p36-airport5MUC-p2,0,True,328,635,967,2243,0,3286,105,0,0,0,0,0,0,,0.0,109.0,109,109,0.0309,0.0555,0.0068,0.0043,0.0,0.0,0.0,0.0262,0.1244
airport-p37-airport5MUC-p3,0,True,566,1030,1400,3294,0,5136,196,0,0,0,0,0,0,,0.0,141.0,141,141,0.0647,0.1368,0.0154,0.0066,0.0,0.0,0.0,0.039,0.2636
airport-p38-airport5MUC-p3,0,True,521,980,1477,3373,0,5165,181,0,0,0,0,0,0,,0.0,154.0,154,154,0.0566,0.1355,0.0191,0.0067,0.0,0.0,0.0,0.0378,0.257
airport-p39-airport5MUC-p4,0,True,746,1362,1878,4391,0,6879,295,0,0,0,0,0,0,,0.0,208.0,208,208,0.1026,0.2629,0.0404,0.0108,0.0,0.0,0.0,0.05,0.468
airport-p40-airport5MUC-p4,0,True,714,1325,1994,4506,0,7035,223,0,0,0,0,0,0,,0.0,190.0,190,190,0.0912,0.2468,0.0365,0.0106,0.0,0.0,0.0,0.0541,0.4405
airport-p41-airport5MUC-p4,0,True,680,1292,1952,4387,0,6588,208,0,0,0,0,0,0,,0.0,178.0,178,178,0.0812,0.2141,0.0289,0.01,0.0,0.0,0.0,0.0516,0.3872
airport-p42-airport5MUC-p5,0,True,894,1657,2512,5643,0,8927,322,0,0,0,0,0,0,,0.0,257.0,257,257,0.1334,0.4125,0.0701,0.0148,0.0,0.0,0.0,0.0741,0.7065
airport-p43-airport5MUC-p5,0,True,873,1639,2480,5528,0,8499,280,0,0,0,0,0,0,,0.0,223.0,223,223,0.1204,0.363,0.0523,0.0139,0.0,0.0,0.0,0.0721,0.6234
airport-p44-airport5MUC-p5,0,True,828,1589,2488,5536,0,8237,208,0,0,0,0,0,0,,0.0,227.0,227,227,0.1087,0.3513,0.042,0.0143,0.0,0.0,0.0,0.0731,0.5908
airport-p45-airport5MUC-p6,0,True,987,1901,2917,6484,0,9515,235,0,0,0,0,0,0,,0.0,249.0,249,249,0.1402,0.466,0.0517,0.0185,0.0,0.0,0.0,0.0878,0.766
airport-p46-airport5MUC-p6,0,True,1053,1971,3012,6679,0,10442,379,0,0,0,0,0,0,,0.0,290.0,290,290,0.1729,0.5696,0.097,0.0187,0.0,0.0,0.0,0.0906,0.9508
airport-p47-airport5MUC-p8,0,True,1360,2580,4001,8800,0,13463,389,0,0,0,0,0,0,,0.0,355.0,355,355,0.2602,1.0106,0.1456,0.0314,0.0,0.0,0.0,0.1124,1.5627
airport-p48-airport5MUC-p9,0,True,1619,2987,4624,10126,0,16279,547,0,0,0,0,0,0,,0.0,423.0,423,423,0.3789,1.4765,0.2648,0.0384,0.0,0.0,0.0,0.1286,2.2902
airport-p49-airport5MUC-p10,0,True,1733,3255,5107,11140,0,17501,507,0,0,0,0,0,0,,0.0,451.0,451,451,0.413,1.7732,0.2947,0.0451,0.0,0.0,0.0,0.1371,2.6666
airport-p50-airport5MUC-p15,0,True,2685,4967,7878,16957,0,27535,857,0,0,0,0,0,0,,0.0,685.0,685,685,0.9734,5.0207,0.8911,0.1004,0.0,0.0,0.0,0.2073,7.2068
assembly-prob01,-3,False,0,0,0,0,0,0,0,0,0,0,0,0,0,,0.0,0.0,1e+20,1e+20,0,0,0,0,0,0,0,0,0
assembly-prob02,-3,False,0,0,0,0,0,0,0,0,0,0,0,0,0,,0.0,0.0,1e+20,1e+20,0,0,0,0,0,0,0,0,0
assembly-prob03,-3,False,0,0,0,0,0,0,0,0,0,0,0,0,0,,0.0,0.0,1e+20,1e+20,0,0,0,0,0,0,0,0,0
assembly-prob04,-3,False,0,0,0,0,0,0,0,0,0,0,0,0,0,,0.0,0.0,1e+20,1e+20,0,0,0,0,0,0,0,0,0
assembly-prob05,-3,False,0,0,0,0,0,0,0,0,0,0,0,0,0,,0.0,0.0,1e+20,1e+20,0,0,0,0,0,0,0,0,0
assembly-prob06,-3,False,0,0,0,0,0,0,0,0,0,0,0,0,0,,0.0,0.0,1e+20,1e+20,0,0,0,0,0,0,0,0,0
assembly-prob07,-3,False,0,0,0,0,0,0,0,0,0,0,0,0,0,,0.0,0.0,1e+20,1e+20,0,0,0,0,0,0,0,0,0
assembly-prob08,-3,False,0,0,0,0,0,0,0,0,0,0,0,0,0,,0.0,0.0,1e+20,1e+20,0,0,0,0,0,0,0,0,0
assembly-prob09,-3,False,0,0,0,0,0,0,0,0,0,0,0,0,0,,0.0,0.0,1e+20,1e+20,0,0,0,0,0,0,0,0,0
assembly-prob10,-3,False,0,0,0,0,0,0,0,0,0,0,0,0,0,,0.0,0.0,1e+20,1e+20,0,0,0,0,0,0,0,0,0
assembly-prob11,-3,False,0,0,0,0,0,0,0,0,0,0,0,0,0,,0.0,0.0,1e+20,1e+20,0,0,0,0,0,0,0,0,0
assembly-prob12,-3,False,0,0,0,0,0,0,0,0,0,0,0,0,0,,0.0,0.0,1e+20,1e+20,0,0,0,0,0,0,0,0,0
assembly-prob13,-3,False,0,0,0,0,0,0,0,0,0,0,0,0,0,,0.0,0.0,1e+20,1e+20,0,0,0,0,0,0,0,0,0
assembly-prob14,-3,False,0,0,0,0,0,0,0,0,0,0,0,0,0,,0.0,0.0,1e+20,1e+20,0,0,0,0,0,0,0,0,0
assembly-prob15,-3,False,0,0,0,0,0,0,0,0,0,0,0,0,0,,0.0,0.0,1e+20,1e+20,0,0,0,0,0,0,0,0,0
assembly-prob16,-3,False,0,0,0,0,0,0,0,0,0,0,0,0,0,,0.0,0.0,1e+20,1e+20,0,0,0,0,0,0,0,0,0
assembly-prob17,-3,False,0,0,0,0,0,0,0,0,0,0,0,0,0,,0.0,0.0,1e+20,1e+20,0,0,0,0,0,0,0,0,0
assembly-prob18,-3,False,0,0,0,0,0,0,0,0,0,0,0,0,0,,0.0,0.0,1e+20,1e+20,0,0,0,0,0,0,0,0,0
assembly-prob19,-3,False,0,0,0,0,0,0,0,0,0,0,0,0,0,,0.0,0.0,1e+20,1e+20,0,0,0,0,0,0,0,0,0
assembly-prob20,-3,False,0,0,0,0,0,0,0,0,0,0,0,0,0,,0.0,0.0,1e+20,1e+20,0,0,0,0,0,0,0,0,0
assembly-prob21,-3,False,0,0,0,0,0,0,0,0,0,0,0,0,0,,0.0,0.0,1e+20,1e+20,0,0,0,0,0,0,0,0,0
assembly-prob22,-3,False,0,0,0,0,0,0,0,0,0,0,0,0,0,,0.0,0.0,1e+20,1e+20,0,0,0,0,0,0,0,0,0
assembly-prob23,-3,False,0,0,0,0,0,0,0,0,0,0,0,0,0,,0.0,0.0,1e+20,1e+20,0,0,0,0,0,0,0,0,0
assembly-prob24,-3,False,0,0,0,0,0,0,0,0,0,0,0,0,0,,0.0,0.0,1e+20,1e+20,0,0,0,0,0,0,0,0,0
assembly-prob25,-3,False,0,0,0,0,0,0,0,0,0,0,0,0,0,,0.0,0.0,1e+20,1e+20,0,0,0,0,0,0,0,0,0
assembly-prob26,-3,False,0,0,0,0,0,0,0,0,0,0,0,0,0,,0.0,0.0,1e+20,1e+20,0,0,0,0,0,0,0,0,0
assembly-prob27,-3,False,0,0,0,0,0,0,0,0,0,0,0,0,0,,0.0,0.0,1e+20,1e+20,0,0,0,0,0,0,0,0,0
assembly-prob28,-3,False,0,0,0,0,0,0,0,0,0,0,0,0,0,,0.0,0.0,1e+20,1e+20,0,0,0,0,0,0,0,0,0
assembly-prob29,-3,False,0,0,0,0,0,0,0,0,0,0,0,0,0,,0.0,0.0,1e+20,1e+20,0,0,0,0,0,0,0,0,0
assembly-prob30,-3,False,0,0,0,0,0,0,0,0,0,0,0,0,0,,0.0,0.0,1e+20,1e+20,0,0,0,0,0,0,0,0,0
barman-mco14-strips-p1-11-5-15,0,True,105,676,2054,2899,0,3952,76,0,0,0,0,0,0,,0.0,36.0,36,36,0.0272,0.0173,0.0023,0.0033,0.0,0.0,0.0,0.0695,0.1206
barman-mco14-strips-p1-11-5-16,0,True,115,726,2210,3118,0,4256,78,0,0,0,0,0,0,,0.0,38.0,38,38,0.0301,0.0197,0.0029,0.004,0.0,0.0,0.0,0.0621,0.1198
barman-mco14-strips-p1-8-4-10,0,True,62,374,1112,1593,0,2207,53,0,0,0,0,0,0,,0.0,26.0,26,26,0.0152,0.0058,0.0008,0.0023,0.0,0.0,0.0,0.0333,0.0581
barman-mco14-strips-p2-10-4-13,0,True,80,486,1456,2078,0,2881,64,0,0,0,0,0,0,,0.0,31.0,31,31,0.0203,0.0098,0.0013,0.0026,0.0,0.0,0.0,0.0413,0.0762
barman-mco14-strips-p2-11-4-15,0,True,92,560,1684,2399,0,3327,69,0,0,0,0,0,0,,0.0,34.0,34,34,0.0239,0.0133,0.002,0.0028,0.0,0.0,0.0,0.0803,0.1232
barman-mco14-strips-p2-11-5-15,0,True,108,682,2072,2926,0,3994,75,0,0,0,0,0,0,,0.0,37.0,37,37,0.0274,0.0169,0.0023,0.0042,0.0,0.0,0.0,0.0592,0.1108
barman-mco14-strips-p2-11-5-16,0,True,114,724,2204,3109,0,4242,77,0,0,0,0,0,0,,0.0,37.0,37,37,0.0295,0.0194,0.0028,0.0042,0.0,0.0,0.0,0.0626,0.1192
barman-mco14-strips-p2-11-5-17,0,True,119,764,2330,3283,0,4476,80,0,0,0,0,0,0,,0.0,38.0,38,38,0.2616,0.0209,0.0028,0.0043,0.0,0.0,0.0,0.0635,0.3541
barman-mco14-strips-p3-10-4-13,0,True,80,486,1456,2078,0,2881,66,0,0,0,0,0,0,,0.0,31.0,31,31,0.0218,0.0107,0.0015,0.0045,0.0,0.0,0.0,0.0412,0.0805
barman-mco14-strips-p3-11-4-15,0,True,92,560,1684,2399,0,3327,71,0,0,0,0,0,0,,0.0,34.0,34,34,0.0248,0.0135,0.002,0.0035,0.0,0.0,0.0,0.0475,0.0922
barman-mco14-strips-p3-11-5-15,0,True,105,676,2054,2899,0,3952,85,0,0,0,0,0,0,,0.0,36.0,36,36,0.0277,0.017,0.0022,0.0038,0.0,0.0,0.0,0.0584,0.11
barman-mco14-strips-p3-11-5-16,0,True,115,726,2210,3118,0,4256,78,0,0,0,0,0,0,,0.0,38.0,38,38,0.029,0.0192,0.0026,0.0038,0.0,0.0,0.0,0.0619,0.1175
barman-mco14-strips-p3-11-5-17,0,True,121,768,2342,3301,0,4504,80,0,0,0,0,0,0,,0.0,38.0,38,38,0.0319,0.0209,0.0029,0.0042,0.0,0.0,0.0,0.065,0.126
barman-mco14-strips-p4-11-4-14,0,True,86,524,1572,2242,0,3109,69,0,0,0,0,0,0,,0.0,33.0,33,33,0.0248,0.0128,0.0016,0.0033,0.0,0.0,0.0,0.0447,0.0879
barman-mco14-strips-p4-11-4-15,0,True,91,558,1678,2390,0,3313,70,0,0,0,0,0,0,,0.0,34.0,34,34,0.025,0.0132,0.0018,0.0033,0.0,0.0,0.0,0.0473,0.0913
barman-mco14-strips-p4-11-5-15,0,True,107,680,2066,2917,0,3980,74,0,0,0,0,0,0,,0.0,36.0,36,36,0.0284,0.0168,0.0023,0.0035,0.0,0.0,0.0,0.0582,0.1101
barman-mco14-strips-p5-10-4-13,0,True,80,486,1456,2078,0,2881,73,0,0,0,0,0,0,,0.0,31.0,31,31,0.0207,0.0106,0.0013,0.0035,0.0,0.0,0.0,0.0417,0.0786
barman-mco14-strips-p5-11-4-15,0,True,91,558,1678,2390,0,3313,73,0,0,0,0,0,0,,0.0,34.0,34,34,0.0251,0.0132,0.0017,0.0037,0.0,0.0,0.0,0.0635,0.1087
barman-mco14-strips-p5-11-5-15,0,True,106,678,2060,2908,0,3966,73,0,0,0,0,0,0,,0.0,36.0,36,36,0.0284,0.0172,0.0025,0.0041,0.0,0.0,0.0,0.0582,0.1113
barman-mco14-strips-p5-11-5-16,0,True,114,724,2204,3109,0,4242,88,0,0,0,0,0,0,,0.0,37.0,37,37,0.0306,0.0192,0.0026,0.0045,0.0,0.0,0.0,0.0618,0.1193
barman-opt11-strips-pfile01-001,0,False,23,118,330,492,0,694,33,0,240,0,187,0,7082,,0.0,41.0,41,41,0.0065,0.0009,0.0002,0.0016,0.0,0.0071,0.0,1.0466,1.0566
barman-opt11-strips-pfile01-002,0,False,23,118,330,492,0,694,31,0,254,0,197,0,20991,,0.0,41.0,41,41,0.0066,0.0009,0.0002,0.0017,0.0,0.0077,0.0,2.2667,2.2767
barman-opt11-strips-pfile01-003,0,False,23,118,330,492,0,694,31,0,210,0,162,0,11450,,0.0,41.0,41,41,0.0064,0.0009,0.0002,0.0014,0.0,0.0061,0.0,1.164,1.1735
barman-opt11-strips-pfile01-004,0,False,23,118,330,492,0,694,31,0,253,0,198,0,14093,,0.0,41.0,41,41,0.0063,0.0009,0.0002,0.0014,0.0,0.008,0.0,1.9517,1.9611
barman-opt11-strips-pfile02-005,0,False,28,148,420,621,0,878,35,0,246,0,192,0,28552,,0.0,43.0,43,43,0.0094,0.0013,0.0002,0.0014,0.0,0.009,0.0,3.3358,3.3487
barman-opt11-strips-pfile02-006,0,False,28,148,420,621,0,878,35,0,238,0,190,0,21175,,0.0,43.0,43,43,0.0074,0.0013,0.0002,0.0014,0.0,0.0088,0.0,2.5414,2.5523
barman-opt11-strips-pfile02-007,0,False,28,148,420,621,0,878,35,0,272,0,212,0,11857,,0.0,43.0,43,43,0.0083,0.0013,0.0002,0.0022,0.0,0.0094,0.0,1.7234,1.7359
barman-opt11-strips-pfile02-008,0,False,28,148,420,621,0,878,35,0,262,0,190,0,25645,,0.0,43.0,43,43,0.0081,0.0013,0.0002,0.0016,0.0,0.0091,0.0,2.8878,2.8998
barman-opt11-strips-pfile03-009,0,False,33,178,510,750,0,1062,39,0,324,0,236,0,126888,,0.0,45.0,45,45,0.0071,0.0018,0.0003,0.0021,0.0,0.0118,0.0,44.5825,44.5947
barman-opt11-strips-pfile03-010,0,False,33,178,510,750,0,1062,39,0,281,0,223,0,141263,,0.0,45.0,45,45,0.0072,0.0018,0.0004,0.0016,0.0,0.011,0.0,24.1221,24.1339
barman-opt11-strips-pfile03-011,0,False,33,178,510,750,0,1062,39,0,283,0,233,0,129445,,0.0,45.0,45,45,0.008,0.0018,0.0003,0.0014,0.0,0.0114,0.0,20.6431,20.6553
barman-opt11-strips-pfile03-012,0,False,33,178,510,750,0,1062,43,0,284,0,220,0,46897,,0.0,45.0,45,45,0.01,0.0018,0.0003,0.0022,0.0,0.0105,0.0,5.8459,5.8608
barman-opt11-strips-pfile04-013,0,False,42,234,680,992,0,1406,51,0,350,0,294,0,981436,,0.0,47.0,47,47,0.0103,0.0031,0.0005,0.0022,0.0,0.0168,0.0,428.3004,428.3175
barman-opt11-strips-pfile04-014,0,False,43,236,686,1001,0,1420,51,0,369,0,288,0,83146,,0.0,48.0,48,48,0.0112,0.0029,0.0005,0.0018,0.0,0.0173,0.0,14.2797,14.2969
barman-opt11-strips-pfile04-015,0,False,42,234,680,992,0,1406,47,0,0,0,0,0,0,,0.0,47.0,47,47,0.0095,0.0029,0.0005,0.0017,0.0,0.0,0.0,0.0232,0.0383
barman-opt11-strips-pfile04-016,0,False,42,234,680,992,0,1406,51,0,125,0,102,0,2866,,0.0,47.0,47,47,0.0122,0.0029,0.0005,0.0024,0.0,0.0056,0.0,0.3756,0.421
barman-opt11-strips-pfile05-017,0,False,48,266,776,1130,0,1604,50,0,616,0,481,0,910937,,0.0,50.0,50,50,0.0123,0.0036,0.0006,0.0024,0.0,0.0335,0.0,462.6289,462.6487
barman-opt11-strips-pfile05-018,0,False,48,266,776,1130,0,1604,50,0,606,0,474,0,321113,,0.0,50.0,50,50,0.013,0.0037,0.0007,0.002,0.0,0.031,0.0,83.639,83.6592
barman-opt11-strips-pfile05-019,0,False,48,266,776,1130,0,1604,50,0,389,0,318,0,177012,,0.0,50.0,50,50,0.0124,0.0037,0.0007,0.0019,0.0,0.0203,0.0,27.3158,27.3352
barman-opt11-strips-pfile05-020,0,False,48,266,776,1130,0,1604,56,0,422,0,335,0,893307,,0.0,50.0,50,50,0.0148,0.0037,0.0006,0.0023,0.0,0.0203,0.0,388.6688,388.691
barman-opt14-strips-p435-1,0,True,28,148,420,621,0,878,34,0,0,0,0,0,0,,0.0,16.0,16,16,0.0071,0.0014,0.0002,0.0019,0.0,0.0,0.0,0.0144,0.0255
barman-opt14-strips-p435-2,0,True,28,148,420,621,0,878,34,0,0,0,0,0,0,,0.0,16.0,16,16,0.0076,0.0014,0.0002,0.0017,0.0,0.0,0.0,0.0145,0.026
barman-opt14-strips-p435-3,0,True,28,148,420,621,0,878,34,0,0,0,0,0,0,,0.0,16.0,16,16,0.0076,0.0013,0.0002,0.0022,0.0,0.0,0.0,0.0145,0.0262
barman-opt14-strips-p536-1,0,True,33,178,510,750,0,1062,38,0,0,0,0,0,0,,0.0,18.0,18,18,0.0084,0.0018,0.0003,0.0018,0.0,0.0,0.0,0.0173,0.0301
barman-opt14-strips-p536-2,0,True,33,178,510,750,0,1062,38,0,0,0,0,0,0,,0.0,18.0,18,18,0.0088,0.0018,0.0003,0.0019,0.0,0.0,0.0,0.017,0.0306
barman-opt14-strips-p536-3,0,True,33,178,510,750,0,1062,38,0,0,0,0,0,0,,0.0,18.0,18,18,0.0089,0.0018,0.0003,0.002,0.0,0.0,0.0,0.0173,0.0307
barman-opt14-strips-p638-1,0,True,42,234,680,992,0,1406,43,0,0,0,0,0,0,,0.0,20.0,20,20,0.011,0.0029,0.0004,0.002,0.0,0.0,0.0,0.0233,0.0402
barman-opt14-strips-p638-2,0,True,43,236,686,1001,0,1420,50,0,0,0,0,0,0,,0.0,21.0,21,21,0.012,0.0029,0.0005,0.0017,0.0,0.0,0.0,0.0229,0.0405
barman-opt14-strips-p638-3,0,True,43,236,686,1001,0,1420,45,0,0,0,0,0,0,,0.0,21.0,21,21,0.0112,0.0029,0.0004,0.0017,0.0,0.0,0.0,0.0232,0.0399
barman-opt14-strips-p739-1,0,True,47,264,770,1121,0,1590,47,0,0,0,0,0,0,,0.0,22.0,22,22,0.0124,0.0038,0.0006,0.002,0.0,0.0,0.0,0.0261,0.0453
barman-opt14-strips-p739-2,0,True,47,264,770,1121,0,1590,47,0,0,0,0,0,0,,0.0,22.0,22,22,0.013,0.0037,0.0005,0.0026,0.0,0.0,0.0,0.0259,0.0462
barman-opt14-strips-p739-3,0,True,47,264,770,1121,0,1590,47,0,0,0,0,0,0,,0.0,22.0,22,22,0.0127,0.0036,0.0005,0.002,0.0,0.0,0.0,0.0262,0.0456
barman-opt14-strips-p839-1,0,True,48,268,780,1137,0,1614,50,0,0,0,0,0,0,,0.0,24.0,24,24,0.0138,0.004,0.0006,0.0021,0.0,0.0,0.0,0.0262,0.0474
barman-opt14-strips-p839-2,0,True,48,268,780,1137,0,1614,50,0,0,0,0,0,0,,0.0,24.0,24,24,0.0129,0.004,0.0006,0.002,0.0,0.0,0.0,0.0261,0.0461
barman-sat11-strips-pfile06-021,0,False,62,374,1112,1593,0,2207,58,0,0,0,0,0,0,,0.0,62.0,62,62,0.0156,0.0058,0.0009,0.0025,0.0,0.0,0.0,0.0336,0.0592
barman-sat11-strips-pfile06-022,0,False,63,376,1118,1602,0,2221,57,0,0,0,0,0,0,,0.0,63.0,63,63,0.0152,0.0062,0.0011,0.0029,0.0,0.0,0.0,0.033,0.0592
barman-sat11-strips-pfile06-023,0,False,63,374,1112,1593,0,2206,54,0,128,0,114,0,447,,0.0,51.0,51,51,0.0144,0.006,0.0009,0.0021,0.0,0.0088,0.0,0.276,0.3001
barman-sat11-strips-pfile06-024,0,False,62,374,1112,1593,0,2207,59,0,0,0,0,0,0,,0.0,62.0,62,62,0.0145,0.0061,0.001,0.002,0.0,0.0,0.0,0.0335,0.0578
barman-sat11-strips-pfile07-025,0,False,69,414,1234,1766,0,2449,69,0,0,0,0,0,0,,0.0,65.0,65,65,0.0168,0.0072,0.0012,0.0039,0.0,0.0,0.0,0.0359,0.0658
barman-sat11-strips-pfile07-026,0,False,68,412,1228,1757,0,2435,63,0,0,0,0,0,0,,0.0,64.0,64,64,0.0167,0.0072,0.0012,0.0023,0.0,0.0,0.0,0.0368,0.0648
barman-sat11-strips-pfile07-027,0,False,68,412,1228,1757,0,2435,63,0,0,0,0,0,0,,0.0,64.0,64,64,0.0159,0.0079,0.0012,0.0023,0.0,0.0,0.0,0.0357,0.0639
barman-sat11-strips-pfile07-028,0,False,69,414,1234,1766,0,2449,61,0,0,0,0,0,0,,0.0,65.0,65,65,0.0167,0.0075,0.0012,0.0026,0.0,0.0,0.0,0.0353,0.064
barman-sat11-strips-pfile08-029,0,False,80,486,1456,2078,0,2881,78,0,0,0,0,0,0,,0.0,67.0,67,67,0.02,0.0111,0.0017,0.0026,0.0,0.0,0.0,0.0415,0.0776
barman-sat11-strips-pfile08-030,0,False,81,488,1462,2087,0,2895,76,0,749,0,641,0,260052,,0.0,68.0,68,68,0.02,0.01,0.0016,0.0027,0.0,0.0612,0.0,112.3104,112.3457
barman-sat11-strips-pfile08-031,0,False,80,486,1456,2078,0,2881,70,0,0,0,0,0,0,,0.0,67.0,67,67,0.0214,0.0098,0.0016,0.0044,0.0,0.0,0.0,0.0419,0.0798
barman-sat11-strips-pfile08-032,0,False,80,486,1456,2078,0,2881,70,0,0,0,0,0,0,,0.0,67.0,67,67,0.02,0.0102,0.0018,0.0044,0.0,0.0,0.0,0.042,0.0797
barman-sat11-strips-pfile09-033,0,False,85,522,1566,2233,0,3095,71,0,0,0,0,0,0,,0.0,69.0,69,69,0.0241,0.0119,0.0021,0.003,0.0,0.0,0.0,0.0446,0.0873
barman-sat11-strips-pfile09-034,0,False,86,524,1572,2242,0,3109,74,0,0,0,0,0,0,,0.0,69.0,69,69,0.0229,0.0119,0.002,0.0047,0.0,0.0,0.0,0.0449,0.0871
barman-sat11-strips-pfile09-035,0,False,85,522,1566,2233,0,3095,76,0,0,0,0,0,0,,0.0,69.0,69,69,0.0222,0.0126,0.0018,0.0028,0.0,0.0,0.0,0.0573,0.0976
barman-sat11-strips-pfile09-036,0,False,85,522,1566,2233,0,3095,70,0,0,0,0,0,0,,0.0,69.0,69,69,0.0225,0.0124,0.0018,0.0056,0.0,0.0,0.0,0.057,0.1001
barman-sat11-strips-pfile10-037,0,False,91,558,1678,2390,0,3313,79,0,0,0,0,0,0,,0.0,70.0,70,70,0.0277,0.0143,0.0022,0.0059,0.0,0.0,0.0,0.0552,0.1066
barman-sat11-strips-pfile10-038,0,False,92,560,1684,2399,0,3327,75,0,0,0,0,0,0,,0.0,70.0,70,70,0.0247,0.0132,0.0021,0.0035,0.0,0.0,0.0,0.0473,0.0916
barman-sat11-strips-pfile10-039,0,False,90,556,1672,2381,0,3299,79,0,0,0,0,0,0,,0.0,70.0,70,70,0.0236,0.0134,0.0021,0.004,0.0,0.0,0.0,0.0548,0.0987
barman-sat11-strips-pfile10-040,0,False,93,562,1690,2408,0,3341,75,0,0,0,0,0,0,,0.0,71.0,71,71,0.0239,0.0135,0.0024,0.0042,0.0,0.0,0.0,0.0473,0.0921
barman-sat14-strips-p1-11-4-15,0,True,91,558,1678,2390,0,3313,83,0,0,0,0,0,0,,0.0,34.0,34,34,0.0244,0.0137,0.002,0.0046,0.0,0.0,0.0,0.0484,0.094
barman-sat14-strips-p1-11-5-15,0,True,105,676,2054,2899,0,3952,76,0,0,0,0,0,0,,0.0,36.0,36,36,0.0274,0.0172,0.0025,0.004,0.0,0.0,0.0,0.069,0.1213
barman-sat14-strips-p1-11-5-16,0,True,115,726,2210,3118,0,4256,78,0,0,0,0,0,0,,0.0,38.0,38,38,0.0292,0.0193,0.0029,0.0057,0.0,0.0,0.0,0.0617,0.1196
barman-sat14-strips-p2-10-4-13,0,True,80,486,1456,2078,0,2881,64,0,0,0,0,0,0,,0.0,31.0,31,31,0.0203,0.0098,0.0013,0.0025,0.0,0.0,0.0,0.0416,0.0762
barman-sat14-strips-p2-11-4-15,0,True,92,560,1684,2399,0,3327,69,0,0,0,0,0,0,,0.0,34.0,34,34,0.0245,0.0139,0.002,0.0031,0.0,0.0,0.0,0.0798,0.1241
barman-sat14-strips-p2-11-5-15,0,True,108,682,2072,2926,0,3994,75,0,0,0,0,0,0,,0.0,37.0,37,37,0.0278,0.0169,0.0024,0.0036,0.0,0.0,0.0,0.0593,0.1107
barman-sat14-strips-p2-11-5-16,0,True,114,724,2204,3109,0,4242,77,0,0,0,0,0,0,,0.0,37.0,37,37,0.0306,0.0195,0.0028,0.0052,0.0,0.0,0.0,0.0628,0.1218
barman-sat14-strips-p2-11-5-17,0,True,119,764,2330,3283,0,4476,80,0,0,0,0,0,0,,0.0,38.0,38,38,0.032,0.0214,0.0031,0.0046,0.0,0.0,0.0,0.0634,0.1254
barman-sat14-strips-p3-10-4-13,0,True,80,486,1456,2078,0,2881,66,0,0,0,0,0,0,,0.0,31.0,31,31,0.0205,0.0097,0.0015,0.003,0.0,0.0,0.0,0.0416,0.077
barman-sat14-strips-p3-11-4-15,0,True,92,560,1684,2399,0,3327,71,0,0,0,0,0,0,,0.0,34.0,34,34,0.0239,0.0144,0.0019,0.0029,0.0,0.0,0.0,0.0479,0.0918
barman-sat14-strips-p3-11-5-15,0,True,105,676,2054,2899,0,3952,85,0,0,0,0,0,0,,0.0,36.0,36,36,0.0293,0.0171,0.0022,0.0038,0.0,0.0,0.0,0.0583,0.1116
barman-sat14-strips-p3-11-5-16,0,True,115,726,2210,3118,0,4256,78,0,0,0,0,0,0,,0.0,38.0,38,38,0.0294,0.0191,0.0026,0.0046,0.0,0.0,0.0,0.0626,0.1196
barman-sat14-strips-p3-11-5-17,0,True,121,768,2342,3301,0,4504,80,0,0,0,0,0,0,,0.0,38.0,38,38,0.031,0.0209,0.0029,0.0039,0.0,0.0,0.0,0.0653,0.125
barman-sat14-strips-p4-11-4-14,0,True,86,524,1572,2242,0,3109,69,0,0,0,0,0,0,,0.0,33.0,33,33,0.0227,0.0121,0.0016,0.003,0.0,0.0,0.0,0.0449,0.0852
barman-sat14-strips-p4-11-4-15,0,True,91,558,1678,2390,0,3313,70,0,0,0,0,0,0,,0.0,34.0,34,34,0.0246,0.0138,0.0017,0.0036,0.0,0.0,0.0,0.0473,0.0919
barman-sat14-strips-p4-11-5-15,0,True,107,680,2066,2917,0,3980,74,0,0,0,0,0,0,,0.0,36.0,36,36,0.0296,0.0171,0.0025,0.0032,0.0,0.0,0.0,0.0585,0.1119
barman-sat14-strips-p5-10-4-13,0,True,80,486,1456,2078,0,2881,73,0,0,0,0,0,0,,0.0,31.0,31,31,0.0206,0.0107,0.0015,0.0031,0.0,0.0,0.0,0.042,0.0786
barman-sat14-strips-p5-11-4-15,0,True,91,558,1678,2390,0,3313,73,0,0,0,0,0,0,,0.0,34.0,34,34,0.0245,0.0141,0.0017,0.0035,0.0,0.0,0.0,0.0624,0.107
barman-sat14-strips-p5-11-5-15,0,True,106,678,2060,2908,0,3966,73,0,0,0,0,0,0,,0.0,36.0,36,36,0.027,0.0172,0.0022,0.004,0.0,0.0,0.0,0.0581,0.1094
barman-sat14-strips-p5-11-5-16,0,True,114,724,2204,3109,0,4242,88,0,0,0,0,0,0,,0.0,37.0,37,37,0.0292,0.0191,0.0028,0.0039,0.0,0.0,0.0,0.0622,0.1182
blocks-probBLOCKS-10-0,0,True,0,9,31,78,0,91,0,0,0,0,0,0,0,,0.0,18.0,18,18,0.0054,0.0005,0.0,0.001,0.0,0.0,0.0,0.0021,0.0094
blocks-probBLOCKS-10-1,0,True,0,10,31,80,0,92,0,0,0,0,0,0,0,,0.0,19.0,19,19,0.0056,0.0005,0.0,0.0012,0.0,0.0,0.0,0.0022,0.0098
blocks-probBLOCKS-10-2,0,True,0,10,32,81,0,94,0,0,0,0,0,0,0,,0.0,19.0,19,19,0.006,0.0005,0.0,0.0015,0.0,0.0,0.0,0.0021,0.0105
blocks-probBLOCKS-11-0,0,True,0,11,36,86,0,96,0,0,0,0,0,0,0,,0.0,19.0,19,19,0.0068,0.0005,0.0,0.0019,0.0,0.0,0.0,0.0021,0.0118
blocks-probBLOCKS-11-1,0,True,0,11,40,94,0,103,0,0,0,0,0,0,0,,0.0,21.0,21,21,0.0059,0.0006,0.0,0.001,0.0,0.0,0.0,0.0022,0.0102
blocks-probBLOCKS-11-2,0,True,0,11,32,82,0,94,0,0,0,0,0,0,0,,0.0,19.0,19,19,0.0058,0.0005,0.0,0.001,0.0,0.0,0.0,0.002,0.0098
blocks-probBLOCKS-12-0,0,True,0,12,39,96,0,109,0,0,0,0,0,0,0,,0.0,22.0,22,22,0.0074,0.0007,0.0,0.0015,0.0,0.0,0.0,0.0023,0.0125
blocks-probBLOCKS-12-1,0,True,0,11,37,94,0,110,0,0,0,0,0,0,0,,0.0,22.0,22,22,0.0059,0.0007,0.0,0.0012,0.0,0.0,0.0,0.0021,0.0103
blocks-probBLOCKS-13-0,0,True,0,12,41,103,0,118,0,0,0,0,0,0,0,,0.0,24.0,24,24,0.0062,0.0008,0.0001,0.0013,0.0,0.0,0.0,0.0023,0.0112
blocks-probBLOCKS-13-1,0,True,0,13,41,105,0,123,0,0,0,0,0,0,0,,0.0,25.0,25,25,0.0073,0.0008,0.0001,0.0014,0.0,0.0,0.0,0.0021,0.0121
blocks-probBLOCKS-14-0,0,True,0,14,44,109,0,125,0,0,0,0,0,0,0,,0.0,25.0,25,25,0.0073,0.001,0.0001,0.0013,0.0,0.0,0.0,0.0021,0.0121
blocks-probBLOCKS-14-1,0,True,0,14,50,119,0,131,0,0,0,0,0,0,0,,0.0,27.0,27,27,0.0081,0.001,0.0001,0.0012,0.0,0.0,0.0,0.0022,0.013
blocks-probBLOCKS-15-0,0,True,0,15,52,124,0,136,0,0,0,0,0,0,0,,0.0,28.0,28,28,0.0072,0.0012,0.0001,0.0012,0.0,0.0,0.0,0.0022,0.0123
blocks-probBLOCKS-15-1,0,True,0,15,46,118,0,139,0,0,0,0,0,0,0,,0.0,28.0,28,28,0.0075,0.0012,0.0001,0.0017,0.0,0.0,0.0,0.0021,0.0131
blocks-probBLOCKS-16-1,0,True,0,16,52,131,0,152,0,0,0,0,0,0,0,,0.0,31.0,31,31,0.0072,0.0014,0.0001,0.0044,0.0,0.0,0.0,0.0023,0.0158
blocks-probBLOCKS-16-2,0,True,0,15,47,120,0,142,0,0,0,0,0,0,0,,0.0,28.0,28,28,0.0078,0.0014,0.0001,0.0033,0.0,0.0,0.0,0.0021,0.0151
blocks-probBLOCKS-17-0,0,True,0,17,59,143,0,162,0,0,0,0,0,0,0,,0.0,33.0,33,33,0.0106,0.0017,0.0001,0.0032,0.0,0.0,0.0,0.0022,0.0182
blocks-probBLOCKS-4-0,0,True,0,3,15,32,0,32,0,0,0,0,0,0,0,,0.0,6.0,6,6,0.005,0.0001,0.0,0.0031,0.0,0.0,0.0,0.0021,0.0108
blocks-probBLOCKS-4-1,0,True,0,4,11,28,0,30,0,0,0,0,1,0,0,,0.0,6.0,6,6,0.0048,0.0001,0.0,0.0013,0.0,0.0,0.0,0.0013,0.0079
blocks-probBLOCKS-4-2,0,True,0,3,12,29,0,29,0,0,0,0,0,0,0,,0.0,6.0,6,6,0.0067,0.0001,0.0,0.0036,0.0,0.0,0.0,0.002,0.0129
blocks-probBLOCKS-5-0,0,True,0,5,17,39,0,42,0,0,0,0,0,0,0,,0.0,8.0,8,8,0.0049,0.0001,0.0,0.0039,0.0,0.0,0.0,0.002,0.0113
blocks-probBLOCKS-5-1,0,True,0,4,16,36,0,38,0,0,0,0,0,0,0,,0.0,7.0,7,7,0.0054,0.0002,0.0,0.0037,0.0,0.0,0.0,0.0021,0.0119
blocks-probBLOCKS-5-2,0,True,0,5,15,39,0,45,0,0,0,0,1,0,0,,0.0,9.0,9,9,0.0046,0.0001,0.0,0.0027,0.0,0.0,0.0,0.0014,0.0092
blocks-probBLOCKS-6-0,0,True,0,6,20,49,0,53,0,0,0,0,0,0,0,,0.0,11.0,11,11,0.0055,0.0002,0.0,0.0014,0.0,0.0,0.0,0.002,0.0095
blocks-probBLOCKS-6-1,0,True,0,5,23,50,0,51,0,0,0,0,0,0,0,,0.0,10.0,10,10,0.0052,0.0002,0.0,0.0013,0.0,0.0,0.0,0.0022,0.0092
blocks-probBLOCKS-6-2,0,True,0,6,18,47,0,54,0,0,0,0,1,0,0,,0.0,11.0,11,11,0.0047,0.0002,0.0,0.0021,0.0,0.0,0.0,0.0013,0.0087
blocks-probBLOCKS-7-0,0,True,0,7,21,55,0,64,0,0,0,0,1,0,0,,0.0,13.0,13,13,0.0054,0.0002,0.0,0.0017,0.0,0.0,0.0,0.0014,0.0091
blocks-probBLOCKS-7-1,0,True,0,7,22,54,0,60,0,0,0,0,0,0,0,,0.0,12.0,12,12,0.0049,0.0002,0.0,0.0032,0.0,0.0,0.0,0.002,0.0108
blocks-probBLOCKS-7-2,0,True,0,7,21,53,0,57,0,0,0,0,0,0,0,,0.0,12.0,12,12,0.0052,0.0002,0.0,0.0013,0.0,0.0,0.0,0.0019,0.0091
blocks-probBLOCKS-8-0,0,True,0,7,26,61,0,66,0,0,0,0,0,0,0,,0.0,13.0,13,13,0.0053,0.0003,0.0,0.0014,0.0,0.0,0.0,0.0022,0.0096
blocks-probBLOCKS-8-1,0,True,0,8,29,64,0,67,0,0,0,0,0,0,0,,0.0,13.0,13,13,0.0048,0.0003,0.0,0.0013,0.0,0.0,0.0,0.0021,0.009
blocks-probBLOCKS-8-2,0,True,0,7,29,66,0,71,0,0,0,0,0,0,0,,0.0,14.0,14,14,0.005,0.0003,0.0,0.0012,0.0,0.0,0.0,0.0022,0.0091
blocks-probBLOCKS-9-0,0,True,0,9,28,70,0,80,0,0,0,0,0,0,0,,0.0,16.0,16,16,0.005,0.0004,0.0,0.001,0.0,0.0,0.0,0.002,0.0088
blocks-probBLOCKS-9-1,0,True,0,9,26,68,0,80,0,0,0,0,1,0,0,,0.0,16.0,16,16,0.0054,0.0004,0.0,0.0012,0.0,0.0,0.0,0.0013,0.0087
blocks-probBLOCKS-9-2,0,True,0,9,28,72,0,83,0,0,0,0,0,0,0,,0.0,17.0,17,17,0.0061,0.0004,0.0,0.0014,0.0,0.0,0.0,0.0021,0.0106
childsnack-opt14-strips-child-snack_pfile01,0,True,38,126,134,304,0,318,29,0,0,0,0,0,0,,0.0,10.0,10,10,0.0079,0.0009,0.0001,0.0013,0.0,0.0,0.0,0.0075,0.018
childsnack-opt14-strips-child-snack_pfile01-2,0,True,38,126,134,304,0,318,32,0,0,0,0,0,0,,0.0,11.0,11,11,0.0074,0.0009,0.0001,0.0017,0.0,0.0,0.0,0.0076,0.0181
childsnack-opt14-strips-child-snack_pfile02,0,True,46,176,186,415,0,433,33,0,0,0,0,0,0,,0.0,11.0,11,11,0.0081,0.0013,0.0001,0.0013,0.0,0.0,0.0,0.0093,0.0206
childsnack-opt14-strips-child-snack_pfile02-2,0,True,46,176,186,415,0,433,36,0,0,0,0,0,0,,0.0,12.0,12,12,0.0075,0.0014,0.0001,0.0016,0.0,0.0,0.0,0.0092,0.0202
childsnack-opt14-strips-child-snack_pfile03,0,True,50,215,226,499,0,531,38,0,0,0,0,0,0,,0.0,13.0,13,13,0.0086,0.0019,0.0001,0.0015,0.0,0.0,0.0,0.0109,0.0236
childsnack-opt14-strips-child-snack_pfile03-2,0,True,50,215,226,499,0,531,38,0,0,0,0,0,0,,0.0,13.0,13,13,0.0091,0.0019,0.0001,0.0015,0.0,0.0,0.0,0.0108,0.024
childsnack-opt14-strips-child-snack_pfile04,0,True,69,381,393,852,0,894,42,0,0,0,0,0,0,,0.0,14.0,14,14,0.0133,0.0033,0.0002,0.0019,0.0,0.0,0.0,0.0167,0.0359
childsnack-opt14-strips-child-snack_pfile04-2,0,True,69,381,393,852,0,894,42,0,0,0,0,0,0,,0.0,14.0,14,14,0.0124,0.0035,0.0002,0.0016,0.0,0.0,0.0,0.0168,0.0351
childsnack-opt14-strips-child-snack_pfile05,0,True,74,451,464,999,0,1059,44,0,0,0,0,0,0,,0.0,15.0,15,15,0.0137,0.0045,0.0002,0.0021,0.0,0.0,0.0,0.0197,0.0408
childsnack-opt14-strips-child-snack_pfile05-2,0,True,74,451,464,999,0,1059,44,0,0,0,0,0,0,,0.0,15.0,15,15,0.0133,0.0044,0.0002,0.0015,0.0,0.0,0.0,0.0203,0.0405
childsnack-opt14-strips-child-snack_pfile06,0,True,84,564,579,1238,0,1307,48,0,0,0,0,0,0,,0.0,16.0,16,16,0.0164,0.0063,0.0003,0.0027,0.0,0.0,0.0,0.0239,0.0504
childsnack-opt14-strips-child-snack_pfile06-2,0,True,84,564,579,1238,0,1307,48,0,0,0,0,0,0,,0.0,16.0,16,16,0.0165,0.0065,0.0003,0.0023,0.0,0.0,0.0,0.0241,0.0505
childsnack-opt14-strips-child-snack_pfile07,0,True,89,649,665,1415,0,1490,50,0,0,0,0,0,0,,0.0,17.0,17,17,0.0199,0.008,0.0004,0.002,0.0,0.0,0.0,0.0268,0.0581
childsnack-opt14-strips-child-snack_pfile07-2,0,True,89,649,665,1415,0,1490,50,0,0,0,0,0,0,,0.0,17.0,17,17,0.0187,0.0079,0.0004,0.0023,0.0,0.0,0.0,0.0278,0.0578
childsnack-opt14-strips-child-snack_pfile08,0,True,94,740,757,1604,0,1702,53,0,0,0,0,0,0,,0.0,18.0,18,18,0.0224,0.0103,0.0005,0.0021,0.0,0.0,0.0,0.0305,0.0667
childsnack-opt14-strips-child-snack_pfile08-2,0,True,94,740,757,1604,0,1702,53,0,0,0,0,0,0,,0.0,18.0,18,18,0.0217,0.0101,0.0004,0.0019,0.0,0.0,0.0,0.0311,0.066
childsnack-opt14-strips-child-snack_pfile09,0,True,104,883,902,1903,0,2012,56,0,0,0,0,0,0,,0.0,19.0,19,19,0.0265,0.0133,0.0006,0.0021,0.0,0.0,0.0,0.0327,0.0761
childsnack-opt14-strips-child-snack_pfile09-2,0,True,104,883,902,1903,0,2012,56,0,0,0,0,0,0,,0.0,19.0,19,19,0.0281,0.0136,0.0006,0.0022,0.0,0.0,0.0,0.033,0.0784
childsnack-opt14-strips-child-snack_pfile10,0,True,109,989,1009,2122,0,2258,59,0,0,0,0,0,0,,0.0,20.0,20,20,0.0309,0.0174,0.0007,0.0057,0.0,0.0,0.0,0.0361,0.0917
childsnack-opt14-strips-child-snack_pfile10-2,0,True,109,989,1009,2122,0,2258,60,0,0,0,0,0,0,,0.0,20.0,20,20,0.0326,0.0173,0.0007,0.0021,0.0,0.0,0.0,0.0347,0.0883
childsnack-sat14-strips-child-snack_pfile05,0,True,74,451,464,999,0,1059,44,0,0,0,0,0,0,,0.0,15.0,15,15,0.0139,0.0045,0.0002,0.0022,0.0,0.0,0.0,0.0197,0.0412
childsnack-sat14-strips-child-snack_pfile05-2,0,True,74,451,464,999,0,1059,44,0,0,0,0,0,0,,0.0,15.0,15,15,0.0139,0.0044,0.0002,0.002,0.0,0.0,0.0,0.0204,0.0417
childsnack-sat14-strips-child-snack_pfile06-2,0,True,84,564,579,1238,0,1307,48,0,0,0,0,0,0,,0.0,16.0,16,16,0.0163,0.0066,0.0003,0.0035,0.0,0.0,0.0,0.0243,0.0518
childsnack-sat14-strips-child-snack_pfile07-2,0,True,89,649,665,1415,0,1490,50,0,0,0,0,0,0,,0.0,17.0,17,17,0.0192,0.008,0.0004,0.0017,0.0,0.0,0.0,0.0274,0.0577
childsnack-sat14-strips-child-snack_pfile08,0,True,94,740,757,1604,0,1702,53,0,0,0,0,0,0,,0.0,18.0,18,18,0.0224,0.0105,0.0004,0.0025,0.0,0.0,0.0,0.0307,0.0674
childsnack-sat14-strips-child-snack_pfile08-2,0,True,94,740,757,1604,0,1702,53,0,0,0,0,0,0,,0.0,18.0,18,18,0.0224,0.0101,0.0004,0.002,0.0,0.0,0.0,0.031,0.0667
childsnack-sat14-strips-child-snack_pfile09,0,True,104,883,902,1903,0,2012,56,0,0,0,0,0,0,,0.0,19.0,19,19,0.0289,0.0136,0.0006,0.0053,0.0,0.0,0.0,0.0326,0.0823
childsnack-sat14-strips-child-snack_pfile09-2,0,True,104,883,902,1903,0,2012,56,0,0,0,0,0,0,,0.0,19.0,19,19,0.028,0.0136,0.0006,0.0037,0.0,0.0,0.0,0.0325,0.0823
childsnack-sat14-strips-child-snack_pfile10,0,True,109,989,1009,2122,0,2258,59,0,0,0,0,0,0,,0.0,20.0,20,20,0.0323,0.0173,0.0007,0.0028,0.0,0.0,0.0,0.0362,0.0902
childsnack-sat14-strips-child-snack_pfile10-2,0,True,109,989,1009,2122,0,2258,60,0,0,0,0,0,0,,0.0,20.0,20,20,0.0328,0.0173,0.0007,0.005,0.0,0.0,0.0,0.0347,0.0913
childsnack-sat14-strips-child-snack_pfile11,0,True,114,1101,1122,2353,0,2497,62,0,0,0,0,0,0,,0.0,21.0,21,21,0.0367,0.0211,0.0008,0.0025,0.0,0.0,0.0,0.0374,0.0993
childsnack-sat14-strips-child-snack_pfile11-2,0,True,114,1101,1122,2353,0,2497,63,0,0,0,0,0,0,,0.0,21.0,21,21,0.0364,0.0212,0.0008,0.0027,0.0,0.0,0.0,0.0377,0.0997
childsnack-sat14-strips-child-snack_pfile12,0,True,150,1691,1714,3572,0,3743,65,0,0,0,0,0,0,,0.0,22.0,22,22,0.0454,0.0329,0.0013,0.003,0.0,0.0,0.0,0.0533,0.1374
childsnack-sat14-strips-child-snack_pfile13,0,True,156,1860,1884,3918,0,4122,68,0,0,0,0,0,0,,0.0,23.0,23,23,0.0555,0.0402,0.0016,0.0031,0.0,0.0,0.0,0.0578,0.1599
childsnack-sat14-strips-child-snack_pfile13-2,0,True,156,1860,1884,3918,0,4122,68,0,0,0,0,0,0,,0.0,23.0,23,23,0.0551,0.0402,0.0016,0.003,0.0,0.0,0.0,0.0571,0.1586
childsnack-sat14-strips-child-snack_pfile14,0,True,162,2037,2062,4280,0,4494,72,0,0,0,0,0,0,,0.0,24.0,24,24,0.0618,0.0466,0.0018,0.0038,0.0,0.0,0.0,0.0632,0.1789
childsnack-sat14-strips-child-snack_pfile15-2,0,True,168,2222,2248,4658,0,4908,74,0,0,0,0,0,0,,0.0,25.0,25,25,0.0731,0.0547,0.0019,0.0041,0.0,0.0,0.0,0.0703,0.206
childsnack-sat14-strips-child-snack_pfile16-2,0,True,180,2504,2532,5237,0,5505,78,0,0,0,0,0,0,,0.0,26.0,26,26,0.0852,0.0673,0.0022,0.005,0.0,0.0,0.0,0.076,0.2378
childsnack-sat14-strips-child-snack_pfile19,0,True,204,3244,3276,6748,0,7088,86,0,0,0,0,0,0,,0.0,29.0,29,29,0.1246,0.1078,0.0032,0.0058,0.0,0.0,0.0,0.0973,0.3415
childsnack-sat14-strips-child-snack_pfile19-2,0,True,204,3244,3276,6748,0,7088,86,0,0,0,0,0,0,,0.0,29.0,29,29,0.1248,0.1081,0.0032,0.0066,0.0,0.0,0.0,0.0965,0.342
data-network-opt18-strips-p01,0,False,55,503,779,1343,0,1500,42,0,2042,0,1274,0,66542,,0.0,105.0,111,105,0.0077,0.003,0.0011,0.0032,0.0,0.0425,0.0,27.7212,27.737
data-network-opt18-strips-p02,0,False,63,697,1117,1880,0,2057,20,0,87,0,25,0,0,,0.0,29.0,29,29,0.0077,0.0035,0.0005,0.0024,0.0,0.0011,0.0,0.1608,0.1756
data-network-opt18-strips-p03,0,False,66,845,1328,2247,0,2426,54,0,746,0,223,0,3929,,0.0,78.0,79,78,0.0111,0.0052,0.0018,0.0037,0.0,0.0136,0.0,2.457,2.4799
data-network-opt18-strips-p04,0,False,70,1143,1861,3085,0,3185,70,0,1690,0,773,0,14301,,0.0,119.0,121,119,0.0125,0.011,0.0023,0.0031,0.0,0.0658,0.0,5.7021,5.7321
data-network-opt18-strips-p05,0,False,74,1025,1624,2733,0,2927,74,0,2159,0,574,0,10882,,0.0,104.0,137,104,0.0124,0.0074,0.0034,0.0033,0.0,0.0503,0.0,11.0136,11.0412
data-network-opt18-strips-p06,0,False,84,1307,2162,3559,0,3626,55,0,524,0,138,0,4356,,0.0,55.0,73,55,0.0124,0.0092,0.0025,0.0035,0.0,0.0088,0.0,2.1755,2.2042
data-network-opt18-strips-p07,0,False,86,1574,2589,4259,0,4261,70,0,154,0,56,0,57,,0.0,87.0,99,87,0.0125,0.0112,0.0036,0.0039,0.0,0.0036,0.0,0.368,0.4003
data-network-opt18-strips-p08,0,False,89,1243,2008,3351,0,3590,88,0,0,0,2,0,0,,0.0,104.0,137,104,0.012,0.0105,0.0047,0.0034,0.0,0.0001,0.0,0.1405,0.172
data-network-opt18-strips-p09,0,False,74,705,1120,1903,0,2198,31,0,0,0,0,0,0,,0.0,27.0,27,27,0.0086,0.0045,0.0006,0.0023,0.0,0.0,0.0,0.0377,0.0544
data-network-opt18-strips-p10,0,False,81,921,1505,2513,0,2739,61,0,0,0,1,0,0,,0.0,85.0,86,85,0.011,0.0067,0.0011,0.0028,0.0,0.0,0.0,0.0435,0.066
data-network-opt18-strips-p11,0,False,91,1111,1829,3034,0,3324,64,0,1053,0,314,0,30708,,0.0,47.0,47,47,0.0137,0.009,0.0011,0.0031,0.0,0.0217,0.0,12.1839,12.212
data-network-opt18-strips-p12,0,False,97,1315,2133,3549,0,3873,43,0,190,0,65,0,2745,,0.0,62.0,63,62,0.0127,0.0091,0.0018,0.0038,0.0,0.0045,0.0,1.3196,1.348
data-network-opt18-strips-p13,0,False,104,1492,2495,4098,0,4389,83,0,4097,0,1791,0,93232,,0.0,100.0,133,100,0.0128,0.0142,0.0056,0.0045,0.0,0.1364,0.0,101.9964,102.0346
data-network-opt18-strips-p14,0,False,105,1749,2923,4795,0,4993,94,0,8994,0,3161,0,130218,,0.0,181.0,216,181,0.0161,0.0193,0.0115,0.0048,0.0,0.3866,0.0,70.9384,70.9918
data-network-opt18-strips-p15,0,False,128,1344,2242,3718,0,4313,64,0,2442,0,547,0,81403,,0.0,50.0,60,50,0.0139,0.014,0.001,0.0067,0.0,0.0554,0.0,74.5277,74.5643
data-network-opt18-strips-p16,0,False,140,1692,2894,4734,0,5188,118,0,0,0,1,0,0,,0.0,117.0,134,117,0.0168,0.0244,0.0026,0.0069,0.0,0.0001,0.0,0.104,0.1557
data-network-opt18-strips-p17,0,False,154,2125,3679,5964,0,6226,91,0,2288,0,512,0,93221,,0.0,93.0,94,93,0.0216,0.0266,0.0028,0.0068,0.0,0.0649,0.0,122.0828,122.1422
data-network-opt18-strips-p18,0,False,165,2485,4253,6914,0,7388,123,0,0,0,0,0,0,,0.0,143.0,143,143,0.0203,0.0342,0.007,0.0066,0.0,0.0,0.0,0.1182,0.1873
data-network-opt18-strips-p19,0,False,180,3159,5431,8781,0,9402,113,0,3814,0,705,0,368292,,0.0,169.0,216,169,0.0225,0.0424,0.0207,0.0075,0.0,0.1111,0.0,721.9403,722.0355
data-network-opt18-strips-p20,0,False,193,3451,6040,9694,0,10015,137,0,8751,0,2805,0,29335,,0.0,193.0,464,193,0.0239,0.0502,0.0221,0.0093,0.0,0.3433,0.0,217.7457,217.8526
data-network-sat18-strips-p01,0,False,177,3450,5775,9429,0,9749,198,0,68,0,25,0,0,,0.0,304.0,366,304,0.026,0.065,0.0661,0.0081,0.0,0.0038,0.0,0.8934,1.061
data-network-sat18-strips-p02,2,False,204,4048,6823,11099,0,11155,144,0,19064,0,4076,0,132536,,0.0,212.6,237,223,0.0291,0.0675,0.056,0.0093,0.0,0.7658,0.0,905.0846,907.79
data-network-sat18-strips-p03,0,False,233,4101,6839,11204,0,11823,212,0,13,0,12,0,0,,0.0,315.0,374,315,0.0304,0.0869,0.0849,0.0103,0.0,0.0023,0.0,0.9238,1.1394
data-network-sat18-strips-p04,0,False,252,4647,7690,12637,0,13294,291,0,47,0,24,0,0,,0.0,459.0,517,459,0.0341,0.1273,0.213,0.0121,0.0,0.0048,0.0,0.9325,1.3211
data-network-sat18-strips-p05,0,False,289,7092,12484,19905,0,19100,310,0,3,0,8,0,0,,0.0,454.0,494,454,0.0516,0.2232,0.229,0.0202,0.0,0.0005,0.0,10.2072,10.7347
data-network-sat18-strips-p06,2,False,317,7692,13513,21570,0,20827,444,0,27204,0,4024,0,29068,,0.0,563.0,671,661,0.0575,0.305,0.4588,0.0227,0.0,2.1996,0.0,908.0421,910.2622
data-network-sat18-strips-p07,2,False,342,7506,12999,20899,0,20660,390,0,11305,0,1207,0,19869,,0.0,506.375,585,518,0.0582,0.299,0.4378,0.0217,0.0,0.5361,0.0,899.1989,900.0223
data-network-sat18-strips-p08,0,False,370,9017,15757,25199,0,24449,371,0,10305,0,3741,0,32737,,0.0,468.0,510,468,0.0854,0.3723,0.5148,0.0287,0.0,1.2938,0.0,142.5386,143.5442
data-network-sat18-strips-p09,0,False,398,7250,12239,19938,0,20787,550,0,0,0,2,0,0,,0.0,721.0,829,721,0.0828,0.3827,0.5333,0.0218,0.0,0.0005,0.0,0.6926,1.7183
data-network-sat18-strips-p10,2,False,427,8998,15693,25178,0,25094,461,0,25571,0,6597,0,16378,,0.0,598.0,688,612,0.1007,0.4765,0.916,0.0333,0.0,3.6211,0.0,898.5028,900.1297
data-network-sat18-strips-p11,0,False,191,2896,5005,8104,0,8536,141,0,2674,0,463,0,45609,,0.0,203.0,362,203,0.024,0.0504,0.0154,0.0079,0.0,0.0798,0.0,186.3676,186.4665
data-network-sat18-strips-p12,2,False,243,4604,8050,12913,0,13175,162,0,11112,0,1132,0,56675,,0.0,240.5,303,296,0.0509,0.0909,0.0357,0.0133,0.0,0.3464,0.0,899.8301,900.136
data-network-sat18-strips-p13,0,False,296,6086,10678,17081,0,17424,241,0,47,0,94,0,0,,0.0,320.0,575,320,0.0631,0.1485,0.1033,0.0166,0.0,0.0029,0.0,5.4883,5.8229
data-network-sat18-strips-p14,0,False,345,7230,12595,20197,0,20693,233,0,6166,0,1471,0,13925,,0.0,345.0,560,345,0.0744,0.2103,0.136,0.0228,0.0,0.3813,0.0,284.3569,284.8023
data-network-sat18-strips-p15,2,False,395,8634,15070,24134,0,24502,332,0,9110,0,1643,0,33840,,0.0,470.969,578,478,0.071,0.3518,0.2093,0.0287,0.0,0.6653,0.0,899.3496,900.0635
data-network-sat18-strips-p16,2,False,450,10722,19087,30298,0,30477,421,0,8422,0,540,0,7053,,0.0,502.729,758,612,0.1088,0.5181,0.4515,0.034,0.0,0.2985,0.0,898.9084,900.061
data-network-sat18-strips-p17,0,False,496,9667,16775,26979,0,28393,435,0,318,0,178,0,913,,0.0,589.0,711,589,0.1103,0.5015,0.3524,0.035,0.0,0.0673,0.0,12.9477,13.9499
data-network-sat18-strips-p18,2,False,556,12448,22110,35147,0,35011,408,0,2930,0,180,0,3081,,0.0,417.543,544,544,0.1267,0.7285,0.3352,0.0554,0.0,0.1094,0.0,898.7763,900.0328
data-network-sat18-strips-p19,2,False,593,11528,20008,32195,0,34126,695,0,5916,0,1317,0,7959,,0.0,1224.0,2280,1251,0.1278,0.9184,1.1387,0.0481,0.0,0.7747,0.0,897.7814,900.0448
data-network-sat18-strips-p20,2,False,659,15418,27200,43325,0,43803,495,0,2595,0,135,0,1901,,0.0,617.282,1125,1105,0.1873,1.1197,1.1652,0.0654,0.0,0.0943,0.0,897.539,900.0917
depot-p01,0,True,10,24,45,99,0,121,19,0,0,0,0,0,0,,0.0,10.0,10,10,0.0063,0.0002,0.0,0.0032,0.0,0.0,0.0,0.0041,0.0143
depot-p02,0,True,22,52,91,189,0,239,28,0,0,0,0,0,0,,0.0,14.0,14,14,0.0057,0.0006,0.0001,0.0025,0.0,0.0,0.0,0.0056,0.0148
depot-p03,0,True,36,82,147,302,0,394,40,0,0,0,1,0,0,,0.0,22.0,24,22,0.0068,0.0013,0.0002,0.0013,0.0,0.0,0.0,0.0073,0.0174
depot-p04,0,True,50,104,184,379,0,495,24,0,0,0,0,0,0,,0.0,17.0,17,17,0.0084,0.0021,0.0002,0.0015,0.0,0.0,0.0,0.0077,0.0204
depot-p05,0,True,58,138,242,492,0,656,62,0,0,0,1,0,0,,0.0,33.0,37,33,0.0089,0.0036,0.0004,0.0013,0.0,0.0,0.0,0.0101,0.0248
depot-p06,0,True,90,208,355,722,0,969,76,0,0,0,1,0,0,,0.0,42.0,44,42,0.0363,0.0096,0.0007,0.0019,0.0,0.0,0.0,0.0149,0.0639
depot-p07,0,True,38,88,164,326,0,405,30,0,0,0,0,0,0,,0.0,18.0,18,18,0.0067,0.0014,0.0001,0.0012,0.0,0.0,0.0,0.0076,0.0177
depot-p08,0,True,53,119,228,459,0,584,40,0,0,0,0,0,0,,0.0,27.0,27,27,0.0275,0.004,0.0003,0.0017,0.0,0.0,0.0,0.0088,0.0428
depot-p09,0,True,88,221,407,795,0,1020,74,0,0,0,0,0,0,,0.0,44.0,44,44,0.0183,0.0106,0.0007,0.0019,0.0,0.0,0.0,0.0139,0.0461
depot-p10,0,True,71,169,269,550,0,728,35,0,0,0,0,0,0,,0.0,22.0,22,22,0.0095,0.0032,0.0003,0.0028,0.0,0.0,0.0,0.0144,0.0308
depot-p11,0,True,122,296,508,991,0,1386,76,0,0,0,0,0,0,,0.0,41.0,41,41,0.017,0.011,0.0011,0.0026,0.0,0.0,0.0,0.0255,0.0579
depot-p12,0,True,180,433,736,1432,0,2010,83,0,1,0,2,0,0,,0.0,45.0,47,45,0.0317,0.0297,0.0019,0.0024,0.0,0.0001,0.0,0.0295,0.0963
depot-p13,0,True,34,99,174,360,0,479,37,0,0,0,0,0,0,,0.0,24.0,24,24,0.0118,0.0029,0.0002,0.0013,0.0,0.0,0.0,0.0073,0.0239
depot-p14,0,True,124,283,436,888,0,1190,45,0,0,0,0,0,0,,0.0,23.0,23,23,0.0189,0.0109,0.0005,0.0021,0.0,0.0,0.0,0.0164,0.0495
depot-p15,0,True,186,461,800,1530,0,2098,75,0,0,0,0,0,0,,0.0,49.0,49,49,0.0361,0.0332,0.002,0.0025,0.0,0.0,0.0,0.0999,0.1747
depot-p16,0,True,160,695,1066,1956,0,2465,53,0,0,0,0,0,0,,0.0,24.0,24,24,0.0129,0.0103,0.0013,0.0026,0.0,0.0,0.0,0.0378,0.0657
depot-p17,0,True,315,1477,2343,4166,0,5354,55,0,0,0,0,0,0,,0.0,22.0,22,22,0.0227,0.0355,0.003,0.0048,0.0,0.0,0.0,0.0696,0.1364
depot-p18,0,True,527,2750,4450,7793,0,10245,112,0,45,0,16,0,46,,0.0,49.0,51,49,0.0475,0.1308,0.0158,0.0112,0.0,0.0023,0.0,0.7313,0.938
depot-p19,0,True,164,591,863,1675,0,2317,63,0,1,0,3,0,0,,0.0,32.0,34,32,0.0203,0.0159,0.0016,0.003,0.0,0.0002,0.0,0.0571,0.0987
depot-p20,0,True,286,1024,1659,3063,0,4420,103,0,0,0,1,0,0,,0.0,57.0,60,57,0.0546,0.0715,0.0058,0.0053,0.0,0.0001,0.0,0.1775,0.3156
depot-p21,0,True,649,3391,5307,9403,0,13362,71,0,20,0,12,0,0,,0.0,32.0,33,32,0.3505,0.1944,0.0128,0.0141,0.0,0.0023,0.0,0.6454,1.219
depot-p22,0,True,1411,9477,16547,27570,0,42261,135,0,30,0,13,0,89,,0.0,77.0,77,77,0.3213,1.2681,0.0934,0.0677,0.0,0.0058,0.0,7.52,9.2805
driverlog-p01,0,True,14,40,42,99,0,107,18,0,0,0,0,0,0,,0.0,6.0,6,6,0.005,0.0002,0.0,0.0013,0.0,0.0,0.0,0.0043,0.0112
driverlog-p02,0,True,23,66,70,168,0,182,34,0,3,0,3,0,0,,0.0,14.0,14,14,0.0052,0.0003,0.0001,0.0026,0.0,0.0001,0.0,0.02,0.0287
driverlog-p03,0,True,26,70,70,170,0,184,31,0,0,0,0,0,0,,0.0,11.0,11,11,0.0051,0.0003,0.0001,0.0013,0.0,0.0,0.0,0.0053,0.0125
driverlog-p04,0,True,28,76,79,190,0,206,35,0,0,0,0,0,0,,0.0,12.0,12,12,0.0054,0.0004,0.0001,0.001,0.0,0.0,0.0,0.0055,0.0129
driverlog-p05,0,True,34,102,108,253,0,277,43,0,0,0,0,0,0,,0.0,15.0,15,15,0.005,0.0005,0.0001,0.0015,0.0,0.0,0.0,0.0062,0.0139
driverlog-p06,0,True,27,84,90,208,0,227,29,0,0,0,0,0,0,,0.0,10.0,10,10,0.0058,0.0005,0.0001,0.0012,0.0,0.0,0.0,0.0058,0.0137
driverlog-p07,0,True,39,114,117,277,0,300,36,0,0,0,0,0,0,,0.0,12.0,12,12,0.0072,0.0007,0.0001,0.0044,0.0,0.0,0.0,0.0067,0.0195
driverlog-p08,0,True,48,150,156,363,0,403,43,0,0,0,0,0,0,,0.0,15.0,15,15,0.0066,0.0009,0.0001,0.005,0.0,0.0,0.0,0.0077,0.0207
driverlog-p09,0,True,52,191,195,447,0,530,50,0,5,0,5,0,0,,0.0,18.0,19,18,0.005,0.0013,0.0002,0.0072,0.0,0.0002,0.0,0.0516,0.0657
driverlog-p10,0,True,83,303,303,695,0,833,47,0,0,0,0,0,0,,0.0,16.0,16,16,0.0081,0.0022,0.0003,0.0055,0.0,0.0,0.0,0.0136,0.0302
driverlog-p11,0,True,88,328,330,753,0,909,47,0,0,0,1,0,0,,0.0,18.0,19,18,0.0063,0.0024,0.0004,0.0017,0.0,0.0,0.0,0.0219,0.0331
driverlog-p12,0,True,138,638,642,1429,0,1732,64,0,27,0,20,0,0,,0.0,24.0,27,24,0.0085,0.0062,0.0011,0.0021,0.0,0.001,0.0,0.1158,0.1343
driverlog-p13,0,True,173,867,871,1921,0,2258,58,0,0,0,2,0,0,,0.0,21.0,23,21,0.0086,0.008,0.0015,0.0032,0.0,0.0001,0.0,0.1142,0.1362
driverlog-p14,0,True,168,841,847,1867,0,2197,69,0,5,0,5,0,0,,0.0,25.0,27,25,0.009,0.0083,0.0016,0.0023,0.0,0.0003,0.0,0.1509,0.1729
driverlog-p15,0,True,302,1737,1741,3791,0,4601,79,0,0,0,0,0,0,,0.0,30.0,30,30,0.0177,0.0301,0.0038,0.0043,0.0,0.0,0.0,0.0533,0.1101
driverlog-p16,0,True,452,3522,3547,7545,0,8756,118,0,628,0,173,0,6163,,0.0,51.0,56,51,0.034,0.0888,0.0174,0.0083,0.0,0.0338,0.0,148.7539,148.9038
driverlog-p17,0,True,588,4718,4743,10076,0,11889,131,0,221,0,49,0,635,,0.0,57.0,61,57,0.0465,0.1462,0.0284,0.012,0.0,0.0116,0.0,15.053,15.2873
driverlog-p18,0,True,765,6628,6648,14068,0,16863,144,0,147,0,42,0,2759,,0.0,62.0,64,62,0.0669,0.281,0.0455,0.0188,0.0,0.0131,0.0,131.8043,132.2187
driverlog-p19,2,True,902,8086,8111,17135,0,20567,190,0,650,0,97,0,16171,,0.0,82.224,87,86,0.0951,0.4099,0.0715,0.0254,0.0,0.0378,0.0,899.4103,900.0403
driverlog-p20,0,True,1171,12136,12152,25491,0,29371,188,0,248,0,72,0,847,,0.0,79.0,83,79,0.1659,0.7334,0.1146,0.0415,0.0,0.0362,0.0,231.1867,232.2453
elevators-opt08-strips-p01,0,False,44,148,221,421,0,552,18,0,12,0,9,0,0,,0.0,32.0,35,32,0.0245,0.0009,0.0004,0.0016,0.0,0.0002,0.0,0.0319,0.0597
elevators-opt08-strips-p02,0,False,56,198,304,564,0,727,13,0,6,0,11,0,0,,0.0,26.0,38,26,0.0241,0.0011,0.0004,0.0014,0.0,0.0001,0.0,0.0572,0.085
elevators-opt08-strips-p03,0,False,52,192,296,551,0,729,18,0,80,0,46,0,0,,0.0,38.0,46,38,0.0057,0.0011,0.0006,0.0027,0.0,0.0012,0.0,0.0658,0.0767
elevators-opt08-strips-p04,0,False,62,249,377,700,0,931,14,0,109,0,308,0,398,,0.0,36.0,49,36,0.0066,0.0016,0.0009,0.0023,0.0,0.0017,0.0,0.1112,0.1231
elevators-opt08-strips-p05,0,False,60,207,314,595,0,788,18,0,52,0,151,0,0,,0.0,38.0,52,38,0.0255,0.0015,0.0009,0.0026,0.0,0.001,0.0,0.0633,0.0946
elevators-opt08-strips-p06,0,False,72,304,478,868,0,1169,15,0,221,0,2643,0,2897,,0.0,38.0,65,38,0.0072,0.0021,0.0017,0.0031,0.0,0.004,0.0,0.6826,0.6974
elevators-opt08-strips-p07,0,False,71,268,414,767,0,1009,17,0,251,0,368,0,1875,,0.0,38.0,52,38,0.0071,0.0019,0.001,0.0017,0.0,0.0037,0.0,0.3314,0.3437
elevators-opt08-strips-p08,0,False,89,372,592,1062,0,1384,14,0,219,0,418,0,466,,0.0,33.0,78,33,0.0095,0.0027,0.0017,0.002,0.0,0.0037,0.0,0.2277,0.2442
elevators-opt08-strips-p09,0,False,80,314,495,905,0,1207,20,0,488,0,25235,0,25988,,0.0,48.0,65,48,0.1616,0.0024,0.0016,0.0016,0.0,0.0085,0.0,4.6385,4.8063
elevators-opt08-strips-p10,0,False,94,421,687,1218,0,1643,17,0,417,0,2099,0,3085,,0.0,48.0,69,48,0.0093,0.0033,0.0023,0.0032,0.0,0.0163,0.0,1.2968,1.3156
elevators-opt08-strips-p11,0,False,57,193,270,531,0,693,28,0,47,0,139,0,0,,0.0,41.0,51,41,0.008,0.0014,0.0005,0.0038,0.0,0.001,0.0,0.0485,0.0628
elevators-opt08-strips-p12,0,False,66,252,366,696,0,916,32,0,37,0,174,0,0,,0.0,38.0,48,38,0.0066,0.0018,0.0009,0.0016,0.0,0.0005,0.0,0.0781,0.0895
elevators-opt08-strips-p13,0,False,71,204,288,575,0,777,28,0,10,0,10,0,0,,0.0,47.0,74,47,0.0065,0.0018,0.0009,0.0017,0.0,0.0003,0.0,0.0374,0.0486
elevators-opt08-strips-p14,0,False,77,305,449,848,0,1132,24,0,3,0,6,0,0,,0.0,41.0,54,41,0.0073,0.0025,0.0018,0.0018,0.0,0.0001,0.0,0.0318,0.0457
elevators-opt08-strips-p15,0,False,82,281,408,787,0,1051,30,0,23,0,13,0,0,,0.0,44.0,50,44,0.007,0.0024,0.0015,0.0019,0.0,0.0005,0.0,0.0534,0.0669
elevators-opt08-strips-p16,0,False,92,377,567,1054,0,1430,27,0,121,0,108,0,196,,0.0,51.0,106,51,0.0073,0.0033,0.0029,0.0019,0.0,0.0016,0.0,0.1305,0.1466
elevators-opt08-strips-p17,0,False,96,313,443,869,0,1163,27,0,187,0,2191,0,2434,,0.0,57.0,91,57,0.0072,0.0029,0.002,0.0019,0.0,0.0048,0.0,0.4705,0.4851
elevators-opt08-strips-p18,0,False,106,409,637,1172,0,1604,24,0,5,0,5,0,0,,0.0,44.0,50,44,0.0085,0.0038,0.0034,0.0023,0.0,0.0001,0.0,0.0396,0.0583
elevators-opt08-strips-p19,0,False,108,380,557,1065,0,1424,27,0,207,0,1882,0,1298,,0.0,57.0,102,57,0.0085,0.0036,0.0034,0.0032,0.0,0.0033,0.0,0.6278,0.6473
elevators-opt08-strips-p20,0,False,122,496,774,1412,0,1885,29,0,49,0,12,0,0,,0.0,51.0,57,51,0.0085,0.0049,0.0045,0.003,0.0,0.0009,0.0,0.0824,0.104
elevators-opt08-strips-p21,0,False,64,210,315,600,0,817,17,0,84,0,359,0,276,,0.0,34.0,44,34,0.006,0.0015,0.0007,0.0021,0.0,0.0014,0.0,0.0826,0.0932
elevators-opt08-strips-p22,0,False,81,311,465,863,0,1143,17,0,399,0,863,0,3841,,0.0,40.0,69,40,0.0096,0.0021,0.0012,0.0036,0.0,0.0076,0.0,1.4238,1.4408
elevators-opt08-strips-p23,0,False,78,277,425,793,0,1073,25,0,135,0,51,0,40,,0.0,46.0,62,46,0.0075,0.0021,0.0011,0.0025,0.0,0.0023,0.0,0.1164,0.13
elevators-opt08-strips-p24,0,False,91,394,604,1102,0,1481,14,0,498,0,2812,0,11310,,0.0,49.0,82,49,0.0078,0.0029,0.0023,0.0028,0.0,0.0116,0.0,4.1853,4.2019
elevators-opt08-strips-p25,0,False,90,339,518,964,0,1291,22,0,37,0,19,0,0,,0.0,45.0,49,45,0.0074,0.0028,0.0018,0.0023,0.0,0.0008,0.0,0.0821,0.0974
elevators-opt08-strips-p26,0,False,104,447,695,1263,0,1708,18,0,7,0,6,0,0,,0.0,39.0,44,39,0.0109,0.0039,0.0028,0.0022,0.0,0.0002,0.0,0.0633,0.0836
elevators-opt08-strips-p27,0,False,104,411,633,1167,0,1573,25,0,30,0,88,0,0,,0.0,56.0,61,56,0.007,0.0036,0.0046,0.0028,0.0,0.0009,0.0,0.0681,0.0868
elevators-opt08-strips-p28,0,False,121,577,917,1632,0,2155,16,0,301,0,173,0,2005,,0.0,51.0,87,51,0.0086,0.005,0.0037,0.0032,0.0,0.0074,0.0,0.6333,0.6544
elevators-opt08-strips-p29,0,False,125,466,713,1318,0,1779,27,0,443,0,765,0,2048,,0.0,57.0,102,57,0.0084,0.0045,0.0035,0.0027,0.0,0.0119,0.0,1.3266,1.3463
elevators-opt08-strips-p30,0,False,136,593,935,1683,0,2278,26,0,39,0,11,0,0,,0.0,57.0,103,57,0.0097,0.0063,0.0056,0.0026,0.0,0.0006,0.0,0.0921,0.117
elevators-opt11-strips-p01,0,False,57,193,270,531,0,693,28,0,47,0,142,0,0,,0.0,41.0,51,41,0.0056,0.0013,0.0006,0.0013,0.0,0.001,0.0,0.0489,0.0582
elevators-opt11-strips-p02,0,False,64,210,315,600,0,817,17,0,84,0,357,0,276,,0.0,34.0,44,34,0.0259,0.0015,0.0006,0.0017,0.0,0.0015,0.0,0.0819,0.112
elevators-opt11-strips-p03,0,False,66,252,366,696,0,916,32,0,37,0,174,0,0,,0.0,38.0,48,38,0.0064,0.0019,0.0011,0.0017,0.0,0.0005,0.0,0.0783,0.09
elevators-opt11-strips-p04,0,False,52,192,296,551,0,729,18,0,80,0,46,0,0,,0.0,38.0,46,38,0.0237,0.0012,0.0005,0.0017,0.0,0.0012,0.0,0.0659,0.0936
elevators-opt11-strips-p05,0,False,71,204,288,575,0,777,28,0,10,0,10,0,0,,0.0,47.0,74,47,0.0062,0.0018,0.0007,0.0018,0.0,0.0003,0.0,0.0375,0.0485
elevators-opt11-strips-p06,0,False,62,249,377,700,0,931,14,0,109,0,309,0,398,,0.0,36.0,49,36,0.0059,0.0017,0.0012,0.0016,0.0,0.0017,0.0,0.1111,0.122
elevators-opt11-strips-p07,0,False,104,447,695,1263,0,1708,18,0,7,0,6,0,0,,0.0,39.0,44,39,0.0081,0.0039,0.0028,0.0022,0.0,0.0002,0.0,0.0635,0.0816
elevators-opt11-strips-p08,0,False,60,207,314,595,0,788,18,0,52,0,151,0,0,,0.0,38.0,52,38,0.0065,0.0015,0.0007,0.0014,0.0,0.001,0.0,0.063,0.0739
elevators-opt11-strips-p09,0,False,81,311,465,863,0,1143,17,0,399,0,863,0,3841,,0.0,40.0,69,40,0.0069,0.0021,0.0014,0.0019,0.0,0.0076,0.0,1.4243,1.4372
elevators-opt11-strips-p10,0,False,77,305,449,848,0,1132,24,0,3,0,6,0,0,,0.0,41.0,54,41,0.0239,0.0025,0.0018,0.0019,0.0,0.0001,0.0,0.0318,0.0624
elevators-opt11-strips-p11,0,False,121,577,917,1632,0,2155,16,0,301,0,173,0,2005,,0.0,51.0,87,51,0.0087,0.0051,0.0045,0.0023,0.0,0.0073,0.0,0.6332,0.6544
elevators-opt11-strips-p12,0,False,72,304,478,868,0,1169,15,0,221,0,2647,0,2897,,0.0,38.0,65,38,0.0068,0.0021,0.0014,0.0017,0.0,0.004,0.0,0.6832,0.6957
elevators-opt11-strips-p13,0,False,71,268,414,767,0,1009,17,0,255,0,369,0,1875,,0.0,38.0,52,38,0.0076,0.0018,0.001,0.0018,0.0,0.0038,0.0,0.3323,0.3451
elevators-opt11-strips-p14,0,False,89,372,592,1062,0,1384,14,0,219,0,420,0,466,,0.0,33.0,78,33,0.0095,0.0027,0.0017,0.0016,0.0,0.0037,0.0,0.2301,0.2463
elevators-opt11-strips-p15,0,False,80,314,495,905,0,1207,20,0,488,0,25231,0,25988,,0.0,48.0,65,48,0.0072,0.0023,0.0012,0.0019,0.0,0.0085,0.0,4.6345,4.648
elevators-opt11-strips-p16,0,False,82,281,408,787,0,1051,30,0,23,0,13,0,0,,0.0,44.0,50,44,0.0078,0.0024,0.0015,0.0015,0.0,0.0005,0.0,0.0541,0.0679
elevators-opt11-strips-p17,0,False,96,313,443,869,0,1163,27,0,187,0,2189,0,2434,,0.0,57.0,91,57,0.0076,0.003,0.0023,0.0017,0.0,0.0047,0.0,0.4735,0.4887
elevators-opt11-strips-p18,0,False,106,409,637,1172,0,1604,24,0,5,0,5,0,0,,0.0,44.0,50,44,0.008,0.0038,0.0028,0.0024,0.0,0.0002,0.0,0.0396,0.0574
elevators-opt11-strips-p19,0,False,78,277,425,793,0,1073,25,0,135,0,51,0,40,,0.0,46.0,62,46,0.0067,0.0021,0.001,0.0017,0.0,0.0023,0.0,0.1167,0.1288
elevators-opt11-strips-p20,0,False,91,394,604,1102,0,1481,14,0,498,0,2812,0,11310,,0.0,49.0,82,49,0.0075,0.0029,0.0029,0.0019,0.0,0.0114,0.0,4.1642,4.18
elevators-sat08-strips-p01,0,False,60,268,424,766,0,1019,20,0,78,0,73,0,49,,0.0,42.0,67,42,0.0232,0.0018,0.0015,0.0018,0.0,0.0016,0.0,0.0617,0.0904
elevators-sat08-strips-p02,0,False,71,326,528,940,0,1246,14,0,29,0,43,0,0,,0.0,37.0,51,37,0.0073,0.0021,0.0014,0.0019,0.0,0.0006,0.0,0.0551,0.0684
elevators-sat08-strips-p03,0,False,86,376,596,1070,0,1389,22,0,84,0,26,0,0,,0.0,43.0,72,43,0.007,0.0027,0.0021,0.0019,0.0,0.0014,0.0,0.0662,0.0806
elevators-sat08-strips-p04,0,False,92,427,685,1222,0,1622,19,0,321,0,554,0,5380,,0.0,48.0,66,48,0.008,0.0033,0.0023,0.0023,0.0,0.0067,0.0,1.2721,1.2889
elevators-sat08-strips-p05,0,False,106,480,788,1390,0,1838,22,0,270,0,286,0,432,,0.0,43.0,75,43,0.0203,0.0041,0.003,0.0022,0.0,0.005,0.0,0.3033,0.3336
elevators-sat08-strips-p06,0,False,110,560,918,1612,0,2136,18,0,473,0,1112,0,1994,,0.0,48.0,76,48,0.0257,0.0049,0.0054,0.0027,0.0,0.0132,0.0,1.3416,1.3809
elevators-sat08-strips-p07,0,False,121,607,999,1752,0,2350,17,0,354,0,282,0,584,,0.0,48.0,75,48,0.01,0.0058,0.0073,0.0029,0.0,0.0088,0.0,0.3355,0.3621
elevators-sat08-strips-p08,0,False,130,641,1059,1858,0,2459,14,0,426,0,4135,0,3985,,0.0,48.0,78,48,0.0108,0.0065,0.0078,0.0023,0.0,0.0106,0.0,2.2436,2.2717
elevators-sat08-strips-p09,0,False,146,709,1173,2052,0,2751,13,0,335,0,939,0,1256,,0.0,48.0,85,48,0.0115,0.0074,0.0122,0.0024,0.0,0.0082,0.0,1.067,1.1013
elevators-sat08-strips-p10,0,False,149,771,1281,2234,0,3022,18,0,153,0,40,0,0,,0.0,43.0,57,43,0.0113,0.0085,0.0108,0.0029,0.0,0.003,0.0,0.1866,0.2209
elevators-sat08-strips-p11,0,False,171,777,1189,2164,0,2843,39,0,2,0,3,0,0,,0.0,64.0,84,64,0.014,0.0112,0.0145,0.0027,0.0,0.0002,0.0,0.0427,0.0858
elevators-sat08-strips-p12,0,False,204,910,1430,2578,0,3413,43,0,56,0,15,0,0,,0.0,81.0,164,81,0.0149,0.0164,0.0247,0.0032,0.0,0.0014,0.0,0.1139,0.1737
elevators-sat08-strips-p13,0,False,244,1092,1714,3084,0,4002,38,0,333,0,228,0,616,,0.0,81.0,130,81,0.0172,0.0216,0.028,0.0038,0.0,0.0113,0.0,0.4439,0.5154
elevators-sat08-strips-p14,0,False,274,1139,1853,3310,0,4423,39,0,319,0,178,0,841,,0.0,85.0,157,85,0.0198,0.0284,0.0317,0.0039,0.0,0.0121,0.0,0.5935,0.6783
elevators-sat08-strips-p15,0,False,313,1334,2174,3866,0,5129,38,0,114,0,29,0,75,,0.0,91.0,154,91,0.0242,0.036,0.0492,0.0046,0.0,0.0047,0.0,0.2241,0.3389
elevators-sat08-strips-p16,0,False,352,1470,2378,4246,0,5634,36,0,273,0,203,0,405,,0.0,81.0,195,81,0.0266,0.0432,0.0617,0.0053,0.0,0.0119,0.0,0.5235,0.6613
elevators-sat08-strips-p17,0,False,384,1595,2611,4644,0,6153,38,0,336,0,1106,0,1254,,0.0,91.0,152,91,0.029,0.0534,0.0627,0.0058,0.0,0.0184,0.0,1.3211,1.4731
elevators-sat08-strips-p18,0,False,416,1850,3018,5346,0,7173,26,0,729,0,20933,0,24161,,0.0,90.0,143,90,0.0389,0.0629,0.0913,0.0084,0.0,0.0442,0.0,19.1727,19.3755
elevators-sat08-strips-p19,0,False,449,2022,3260,5800,0,7633,42,0,1111,0,675,0,2491,,0.0,96.0,169,96,0.0399,0.0753,0.1091,0.0077,0.0,0.0611,0.0,3.7031,3.9364
elevators-sat08-strips-p20,0,False,496,2227,3587,6372,0,8408,38,0,648,0,3121,0,4035,,0.0,96.0,192,96,0.0391,0.0848,0.0985,0.0088,0.0,0.0284,0.0,5.2446,5.4774
elevators-sat08-strips-p21,0,False,363,2190,3550,6148,0,7798,47,0,554,0,458,0,1368,,0.0,102.0,131,102,0.0318,0.0619,0.1275,0.0072,0.0,0.029,0.0,3.1338,3.3634
elevators-sat08-strips-p22,0,False,445,2316,3896,6707,0,8524,61,0,1298,0,2376,0,4989,,0.0,114.0,260,114,0.0428,0.0902,0.1367,0.0084,0.0,0.0939,0.0,8.4271,8.7064
elevators-sat08-strips-p23,0,False,527,3078,5134,8794,0,11078,57,0,965,0,461,0,2115,,0.0,112.0,149,112,0.0541,0.127,0.2863,0.0116,0.0,0.0609,0.0,4.3194,4.7997
elevators-sat08-strips-p24,0,False,605,3333,5693,9695,0,12469,49,0,3178,0,10966,0,20378,,0.0,124.0,246,124,0.0664,0.168,0.219,0.0142,0.0,0.3697,0.0,45.8739,46.3434
elevators-sat08-strips-p25,0,False,679,3842,6510,11108,0,14101,56,0,2035,0,6689,0,11363,,0.0,134.0,233,134,0.0807,0.2114,0.4831,0.0175,0.0,0.1599,0.0,28.8775,29.6721
elevators-sat08-strips-p26,0,False,769,4665,7697,13205,0,16659,49,0,2702,0,2169,0,11077,,0.0,134.0,278,134,0.0977,0.2774,0.5189,0.0217,0.0,0.3123,0.0,35.7114,36.629
elevators-sat08-strips-p27,0,False,844,4864,8272,14066,0,17886,57,0,2871,0,29512,0,35653,,0.0,129.0,288,129,0.1335,0.3278,0.4733,0.0248,0.0,0.3235,0.0,100.8909,101.8526
elevators-sat08-strips-p28,0,False,924,5315,9059,15391,0,19633,56,0,2967,0,5052,0,11554,,0.0,144.0,285,144,0.1339,0.4031,0.9319,0.0286,0.0,0.3219,0.0,43.9539,45.4538
elevators-sat08-strips-p29,0,False,1009,5562,9438,16104,0,20469,57,0,3373,0,13701,0,30702,,0.0,134.0,251,134,0.1575,0.4568,0.7179,0.0315,0.0,0.2855,0.0,109.3555,110.7218
elevators-sat08-strips-p30,0,False,1085,6345,10689,18225,0,23056,56,0,3719,0,10093,0,23674,,0.0,139.0,356,139,0.1787,0.5382,0.9982,0.0383,0.0,0.5069,0.0,93.0265,94.7828
elevators-sat11-strips-p01,0,False,274,1139,1853,3310,0,4423,39,0,319,0,178,0,841,,0.0,85.0,157,85,0.0375,0.0273,0.0318,0.0039,0.0,0.012,0.0,0.5956,0.6971
elevators-sat11-strips-p02,0,False,605,3333,5693,9695,0,12469,49,0,3178,0,10966,0,20378,,0.0,124.0,246,124,0.067,0.1682,0.2244,0.0143,0.0,0.3702,0.0,45.8852,46.3606
elevators-sat11-strips-p03,0,False,769,4665,7697,13205,0,16659,49,0,2702,0,2170,0,11077,,0.0,134.0,278,134,0.0969,0.2763,0.5209,0.0212,0.0,0.3145,0.0,35.7843,36.7017
elevators-sat11-strips-p04,0,False,496,2227,3587,6372,0,8408,38,0,648,0,3122,0,4035,,0.0,96.0,192,96,0.0388,0.0871,0.0988,0.0088,0.0,0.0284,0.0,5.2693,5.504
elevators-sat11-strips-p05,0,False,416,1850,3018,5346,0,7173,26,0,729,0,20933,0,24161,,0.0,90.0,143,90,0.0323,0.0629,0.0918,0.0067,0.0,0.0442,0.0,19.2263,19.4251
elevators-sat11-strips-p06,0,False,844,4864,8272,14066,0,17886,57,0,2871,0,29512,0,35653,,0.0,129.0,288,129,0.3467,0.322,0.4749,0.0242,0.0,0.3251,0.0,100.8575,102.0276
elevators-sat11-strips-p07,0,False,679,3842,6510,11108,0,14101,56,0,2035,0,6689,0,11363,,0.0,134.0,233,134,0.0805,0.2155,0.4821,0.0169,0.0,0.1566,0.0,28.6309,29.428
elevators-sat11-strips-p08,0,False,924,5315,9059,15391,0,19633,56,0,2967,0,5052,0,11554,,0.0,144.0,285,144,0.15,0.4018,0.9146,0.0297,0.0,0.3084,0.0,43.7089,45.2074
elevators-sat11-strips-p09,0,False,1009,5562,9438,16104,0,20469,57,0,3373,0,13701,0,30702,,0.0,134.0,251,134,0.158,0.4581,0.7167,0.0325,0.0,0.2927,0.0,109.9541,111.3266
elevators-sat11-strips-p10,0,False,1085,6345,10689,18225,0,23056,56,0,3719,0,10093,0,23674,,0.0,139.0,356,139,0.1772,0.5396,0.9777,0.0371,0.0,0.5052,0.0,94.1421,95.8765
elevators-sat11-strips-p11,2,False,1270,12564,22532,36472,0,45096,74,0,8960,0,5534,0,91802,,0.0,138.0,373,185,0.341,1.138,2.6327,0.0831,0.0,1.7682,0.0,895.8578,900.1086
elevators-sat11-strips-p12,2,False,1357,13378,23946,38796,0,48290,58,0,11243,0,2101,0,75831,,0.0,127.0,288,176,0.3888,1.3196,3.156,0.0941,0.0,1.6616,0.0,895.0783,900.0922
elevators-sat11-strips-p13,2,False,1451,14533,26053,42154,0,52483,76,0,10428,0,1977,0,76472,,0.0,131.857,307,204,0.4423,1.5258,3.9926,0.1228,0.0,1.4719,0.0,893.9458,900.0923
elevators-sat11-strips-p14,2,False,1537,15673,28145,45482,0,56323,66,0,8604,0,670,0,83068,,0.0,138.0,380,241,0.5057,1.7243,4.5727,0.1234,0.0,1.3213,0.0,893.1185,900.1351
elevators-sat11-strips-p15,2,False,1635,16528,29712,48000,0,59351,56,0,8611,0,1050,0,49734,,0.0,125.358,345,282,0.5458,1.9289,4.5116,0.1372,0.0,1.1117,0.0,892.9051,900.0514
elevators-sat11-strips-p16,2,False,1908,13619,23819,39470,0,49805,100,0,7475,0,2376,0,84289,,0.0,217.159,632,312,0.5664,2.0413,6.1824,0.1253,0.0,1.0502,0.0,891.1027,900.0824
elevators-sat11-strips-p17,2,False,2124,15472,26928,44672,0,56400,105,0,7665,0,3196,0,73226,,0.0,228.429,654,344,0.7019,2.7193,8.73,0.2437,0.0,1.5073,0.0,887.6408,900.1247
elevators-sat11-strips-p18,2,False,2362,17613,30253,50378,0,63393,104,0,9733,0,1796,0,63105,,0.0,208.0,605,369,0.851,3.455,8.8249,0.1888,0.0,1.8603,0.0,886.7062,900.0905
elevators-sat11-strips-p19,2,False,2588,19342,33302,55396,0,69390,121,0,5973,0,211,0,48086,,0.0,229.467,603,603,1.0209,4.1714,11.6017,0.2653,0.0,0.4534,0.0,883.1269,900.1997
elevators-sat11-strips-p20,2,False,2817,20197,35357,58546,0,74249,116,0,6614,0,454,0,56013,,0.0,234.597,694,401,1.2074,6.2126,16.6269,0.2613,0.0,1.0014,0.0,875.7479,900.1289
floortile-opt11-strips-opt-p01-001,0,False,25,78,92,207,0,211,45,0,0,0,0,0,0,,0.0,28.0,28,28,0.0061,0.0005,0.0001,0.0015,0.0,0.0,0.0,0.0059,0.0146
floortile-opt11-strips-opt-p01-002,0,False,24,78,90,205,0,208,41,0,0,0,1,0,0,,0.0,25.0,32,25,0.0059,0.0005,0.0001,0.0014,0.0,0.0,0.0,0.0065,0.0149
floortile-opt11-strips-opt-p02-003,0,False,32,121,146,314,0,341,76,0,1,0,2,0,0,,0.0,42.0,45,42,0.0104,0.0008,0.0001,0.0023,0.0,0.0001,0.0,0.0099,0.0241
floortile-opt11-strips-opt-p02-004,0,False,31,113,127,286,0,295,58,0,0,0,0,0,0,,0.0,34.0,34,34,0.0058,0.0007,0.0001,0.0014,0.0,0.0,0.0,0.0074,0.0158
floortile-opt11-strips-opt-p03-005,0,False,36,148,168,372,0,397,75,0,0,0,1,0,0,,0.0,42.0,44,42,0.0063,0.001,0.0002,0.0018,0.0,0.0,0.0,0.0117,0.0215
floortile-opt11-strips-opt-p03-006,0,False,36,139,162,357,0,377,68,0,0,0,1,0,0,,0.0,43.0,48,43,0.0065,0.0009,0.0002,0.0016,0.0,0.0,0.0,0.0095,0.0192
floortile-opt11-strips-opt-p04-007,0,False,40,156,182,399,0,422,72,0,0,0,0,0,0,,0.0,45.0,45,45,0.0059,0.0011,0.0002,0.0015,0.0,0.0,0.0,0.0093,0.0187
floortile-opt11-strips-opt-p04-008,0,False,41,161,195,418,0,453,84,0,0,0,0,0,0,,0.0,49.0,49,49,0.0058,0.0012,0.0002,0.0016,0.0,0.0,0.0,0.0099,0.0192
floortile-opt11-strips-opt-p05-009,0,False,48,198,216,486,0,505,80,0,0,0,0,0,0,,0.0,56.0,56,56,0.0064,0.0015,0.0003,0.0013,0.0,0.0,0.0,0.0413,0.0512
floortile-opt11-strips-opt-p05-010,0,False,48,203,229,505,0,534,96,0,5,0,8,0,0,,0.0,57.0,61,57,0.0065,0.0016,0.0003,0.0018,0.0,0.0003,0.0,0.0505,0.0613
floortile-opt11-strips-opt-p06-011,0,False,56,242,277,605,0,645,113,0,10,0,7,0,0,,0.0,70.0,78,70,0.0067,0.0022,0.0005,0.0016,0.0,0.0003,0.0,0.1662,0.1778
floortile-opt11-strips-opt-p06-012,0,False,56,249,275,609,0,643,117,0,2,0,5,0,0,,0.0,68.0,74,68,0.0069,0.0021,0.0004,0.0016,0.0,0.0002,0.0,0.0489,0.0605
floortile-opt11-strips-opt-p07-013,0,False,60,266,309,667,0,719,125,0,2,0,4,0,0,,0.0,71.0,75,71,0.0071,0.0025,0.0006,0.003,0.0,0.0002,0.0,0.0595,0.0731
floortile-opt11-strips-opt-p07-014,0,False,61,267,296,654,0,690,122,0,1,0,3,0,0,,0.0,69.0,73,69,0.0064,0.0023,0.0005,0.0017,0.0,0.0001,0.0,0.0377,0.0491
floortile-opt11-strips-opt-p08-015,0,False,105,473,530,1146,0,1227,127,0,1,0,2,0,0,,0.0,84.0,89,84,0.0083,0.0055,0.0011,0.0017,0.0,0.0001,0.0,0.1507,0.1679
floortile-opt11-strips-opt-p08-016,0,False,105,468,533,1144,0,1228,137,0,2,0,3,0,0,,0.0,86.0,92,86,0.0098,0.0055,0.0011,0.0018,0.0,0.0002,0.0,0.1513,0.1702
floortile-opt11-strips-opt-p09-017,0,False,161,738,820,1762,0,1885,150,0,13,0,9,0,0,,0.0,94.0,106,94,0.0148,0.0115,0.0021,0.0028,0.0,0.0006,0.0,0.2448,0.2766
floortile-opt11-strips-opt-p09-018,0,False,160,736,802,1741,0,1845,156,0,16,0,9,0,0,,0.0,95.0,105,95,0.0123,0.0128,0.0027,0.0023,0.0,0.0006,0.0,0.2352,0.2661
floortile-opt11-strips-opt-p10-019,0,False,127,581,658,1410,0,1517,177,0,3,0,3,0,0,,0.0,104.0,115,104,0.012,0.0086,0.0017,0.0025,0.0,0.0002,0.0,0.236,0.2615
floortile-opt11-strips-opt-p10-020,0,False,126,586,664,1421,0,1532,175,0,87,0,82,0,489,,0.0,104.0,116,104,0.0093,0.009,0.002,0.0022,0.0,0.0054,0.0,0.7628,0.7859
floortile-opt14-strips-p01-4-3-2,0,False,31,108,134,289,0,309,55,0,0,0,0,0,0,,0.0,36.0,36,36,0.0056,0.0007,0.0001,0.0017,0.0,0.0,0.0,0.0074,0.0159
floortile-opt14-strips-p01-4-4-2,0,False,40,164,195,421,0,455,85,0,1,0,2,0,0,,0.0,46.0,47,46,0.0056,0.0012,0.0002,0.0015,0.0,0.0001,0.0,0.0132,0.0222
floortile-opt14-strips-p01-5-3-2,0,False,36,141,164,361,0,383,73,0,0,0,0,0,0,,0.0,44.0,44,44,0.0054,0.001,0.0002,0.0021,0.0,0.0,0.0,0.0098,0.0188
floortile-opt14-strips-p01-5-4-2,0,False,49,205,239,518,0,555,95,0,8,0,10,0,0,,0.0,58.0,64,58,0.0059,0.0016,0.0003,0.0015,0.0,0.0003,0.0,0.0446,0.0544
floortile-opt14-strips-p01-5-5-2,0,False,61,268,307,667,0,716,120,0,0,0,0,0,0,,0.0,69.0,69,69,0.0193,0.0025,0.0005,0.0024,0.0,0.0,0.0,0.0128,0.0381
floortile-opt14-strips-p01-6-4-2,0,False,56,249,271,605,0,634,113,0,8,0,8,0,0,,0.0,68.0,74,68,0.0184,0.002,0.0004,0.0016,0.0,0.0003,0.0,0.0804,0.1035
floortile-opt14-strips-p01-6-5-2,0,False,70,319,359,785,0,838,142,0,7,0,7,0,0,,0.0,84.0,90,84,0.0071,0.0031,0.0007,0.0024,0.0,0.0003,0.0,0.1618,0.1758
floortile-opt14-strips-p02-4-4-2,0,False,41,165,199,426,0,462,93,0,1,0,2,0,0,,0.0,49.0,61,49,0.0059,0.0012,0.0002,0.0015,0.0,0.0001,0.0,0.0126,0.0219
floortile-opt14-strips-p02-5-3-2,0,False,36,137,164,357,0,380,74,0,1,0,3,0,0,,0.0,45.0,47,45,0.0068,0.001,0.0002,0.0017,0.0,0.0001,0.0,0.0509,0.061
floortile-opt14-strips-p02-5-4-2,0,False,49,205,239,518,0,557,111,0,0,0,0,0,0,,0.0,62.0,62,62,0.0056,0.0017,0.0003,0.0017,0.0,0.0,0.0,0.011,0.021
floortile-opt14-strips-p02-5-5-2,0,False,60,252,296,640,0,686,109,0,49,0,40,0,0,,0.0,71.0,81,71,0.0072,0.0023,0.0005,0.0028,0.0,0.0017,0.0,0.1438,0.1572
floortile-opt14-strips-p02-6-4-2,0,False,57,254,285,625,0,667,113,0,5,0,5,0,0,,0.0,68.0,73,68,0.0067,0.0021,0.0004,0.0025,0.0,0.0002,0.0,0.0417,0.0541
floortile-opt14-strips-p02-6-5-2,0,False,70,318,362,787,0,844,155,0,4,0,3,0,0,,0.0,92.0,99,92,0.0069,0.0036,0.0009,0.0016,0.0,0.0002,0.0,0.1478,0.1615
floortile-opt14-strips-p03-4-3-2,0,False,30,109,136,292,0,317,65,0,0,0,0,0,0,,0.0,40.0,40,40,0.0053,0.0007,0.0001,0.0027,0.0,0.0,0.0,0.0085,0.0181
floortile-opt14-strips-p03-4-4-2,0,False,40,154,190,406,0,442,86,0,6,0,8,0,0,,0.0,50.0,60,50,0.0057,0.0011,0.0002,0.0013,0.0,0.0003,0.0,0.0309,0.0398
floortile-opt14-strips-p03-5-3-2,0,False,36,137,164,357,0,380,77,0,0,0,1,0,0,,0.0,45.0,47,45,0.0069,0.001,0.0002,0.0032,0.0,0.0,0.0,0.0102,0.022
floortile-opt14-strips-p03-5-4-2,0,False,48,198,233,505,0,540,93,0,9,0,9,0,0,,0.0,58.0,62,58,0.0186,0.0015,0.0003,0.0013,0.0,0.0003,0.0,0.0454,0.0676
floortile-opt14-strips-p03-5-5-2,0,False,60,261,292,644,0,679,119,0,6,0,8,0,0,,0.0,69.0,75,69,0.0066,0.0023,0.0005,0.004,0.0,0.0003,0.0,0.1823,0.197
floortile-opt14-strips-p03-6-4-2,0,False,57,249,284,619,0,662,129,0,7,0,8,0,0,,0.0,74.0,78,74,0.0071,0.0022,0.0004,0.0017,0.0,0.0003,0.0,0.0721,0.0844
floortile-opt14-strips-p03-6-5-2,0,False,70,315,359,781,0,836,146,0,28,0,16,0,0,,0.0,86.0,90,86,0.0073,0.0032,0.0008,0.0019,0.0,0.0008,0.0,0.1672,0.1809
floortile-sat11-strips-seq-p01-001,0,False,30,106,124,276,0,286,55,0,0,0,1,0,0,,0.0,33.0,34,33,0.0066,0.0007,0.0001,0.0013,0.0,0.0,0.0,0.0076,0.017
floortile-sat11-strips-seq-p01-002,0,False,30,112,130,288,0,302,64,0,0,0,0,0,0,,0.0,35.0,35,35,0.0065,0.0007,0.0001,0.0012,0.0,0.0,0.0,0.0077,0.0166
floortile-sat11-strips-seq-p02-003,0,False,36,140,164,360,0,383,72,0,0,0,4,0,0,,0.0,44.0,47,44,0.0056,0.001,0.0002,0.0014,0.0,0.0001,0.0,0.0218,0.0304
floortile-sat11-strips-seq-p02-004,0,False,37,148,174,378,0,405,87,0,1,0,2,0,0,,0.0,50.0,54,50,0.0057,0.001,0.0002,0.0021,0.0,0.0001,0.0,0.0116,0.0211
floortile-sat11-strips-seq-p03-005,0,False,40,155,177,393,0,410,70,0,0,0,0,0,0,,0.0,44.0,44,44,0.0055,0.0011,0.0002,0.0017,0.0,0.0,0.0,0.0124,0.0213
floortile-sat11-strips-seq-p03-006,0,False,40,156,187,405,0,434,71,0,0,0,0,0,0,,0.0,45.0,45,45,0.0063,0.0011,0.0002,0.0015,0.0,0.0,0.0,0.0277,0.0374
floortile-sat11-strips-seq-p04-007,0,False,48,205,231,509,0,539,101,0,0,0,0,0,0,,0.0,56.0,56,56,0.007,0.0016,0.0003,0.0015,0.0,0.0,0.0,0.0109,0.0219
floortile-sat11-strips-seq-p04-008,0,False,48,196,219,488,0,508,92,0,8,0,7,0,0,,0.0,56.0,62,56,0.0061,0.0015,0.0003,0.0015,0.0,0.0002,0.0,0.1493,0.1593
floortile-sat11-strips-seq-p05-009,0,False,56,245,268,598,0,626,116,0,5,0,3,0,0,,0.0,68.0,72,68,0.0068,0.002,0.0004,0.0013,0.0,0.0002,0.0,0.0531,0.0643
floortile-sat11-strips-seq-p05-010,0,False,56,246,272,603,0,635,112,0,11,0,13,0,0,,0.0,68.0,72,68,0.006,0.0022,0.0005,0.0022,0.0,0.0005,0.0,0.1016,0.1131
floortile-sat11-strips-seq-p06-011,0,False,60,263,303,658,0,706,118,0,9,0,8,0,0,,0.0,70.0,73,70,0.0071,0.0023,0.0005,0.0022,0.0,0.0003,0.0,0.0566,0.0691
floortile-sat11-strips-seq-p06-012,0,False,61,263,306,661,0,711,122,0,8,0,9,0,0,,0.0,73.0,79,73,0.0065,0.0026,0.0006,0.0019,0.0,0.0004,0.0,0.0633,0.0755
floortile-sat11-strips-seq-p07-013,0,False,105,458,506,1106,0,1167,134,0,15,0,8,0,0,,0.0,84.0,96,84,0.0075,0.0054,0.0011,0.0044,0.0,0.0005,0.0,0.1314,0.1505
floortile-sat11-strips-seq-p07-014,0,False,106,473,537,1153,0,1238,139,0,21,0,13,0,0,,0.0,87.0,95,87,0.008,0.0058,0.0011,0.0019,0.0,0.0007,0.0,0.1411,0.1585
floortile-sat11-strips-seq-p08-015,0,False,127,591,664,1426,0,1533,160,0,15,0,15,0,0,,0.0,100.0,112,100,0.0111,0.008,0.0017,0.0024,0.0,0.001,0.0,0.2139,0.2378
floortile-sat11-strips-seq-p08-016,0,False,127,579,655,1405,0,1508,163,0,62,0,27,0,0,,0.0,102.0,118,102,0.0093,0.0087,0.0018,0.0033,0.0,0.002,0.0,0.4424,0.4662
floortile-sat11-strips-seq-p09-017,0,False,144,685,759,1639,0,1755,185,0,26,0,13,0,0,,0.0,113.0,126,113,0.0103,0.0123,0.0027,0.0026,0.0,0.0011,0.0,0.3264,0.355
floortile-sat11-strips-seq-p09-018,0,False,144,671,731,1596,0,1687,181,0,19,0,10,0,0,,0.0,114.0,126,114,0.0287,0.0115,0.0025,0.0025,0.0,0.0007,0.0,0.2915,0.3372
floortile-sat11-strips-seq-p10-019,0,False,169,822,910,1959,0,2100,232,0,254,0,214,0,2374,,0.0,137.0,147,137,0.0113,0.0178,0.0041,0.0025,0.0,0.0198,0.0,3.0192,3.0558
floortile-sat11-strips-seq-p10-020,0,False,169,816,887,1929,0,2047,214,0,35,0,20,0,0,,0.0,131.0,154,131,0.0105,0.0173,0.0038,0.0029,0.0,0.0018,0.0,0.4986,0.5339
floortile-sat14-strips-p01-4-3-2,0,False,31,108,134,289,0,309,55,0,0,0,0,0,0,,0.0,36.0,36,36,0.0051,0.0007,0.0001,0.0023,0.0,0.0,0.0,0.0073,0.0159
floortile-sat14-strips-p01-5-4-2,0,False,49,205,239,518,0,555,95,0,8,0,10,0,0,,0.0,58.0,64,58,0.006,0.0016,0.0003,0.0022,0.0,0.0003,0.0,0.0445,0.0552
floortile-sat14-strips-p01-5-5-2,0,False,61,268,307,667,0,716,120,0,0,0,0,0,0,,0.0,69.0,69,69,0.0067,0.0024,0.0005,0.0026,0.0,0.0,0.0,0.0128,0.0254
floortile-sat14-strips-p01-6-4-2,0,False,56,249,271,605,0,634,113,0,8,0,8,0,0,,0.0,68.0,74,68,0.0078,0.002,0.0004,0.0019,0.0,0.0003,0.0,0.0802,0.0929
floortile-sat14-strips-p01-6-5-2,0,False,70,319,359,785,0,838,142,0,7,0,7,0,0,,0.0,84.0,90,84,0.0078,0.0032,0.0007,0.0024,0.0,0.0003,0.0,0.1621,0.1768
floortile-sat14-strips-p01-6-5-3,0,False,105,465,513,1120,0,1184,132,0,14,0,10,0,0,,0.0,84.0,94,84,0.0093,0.0059,0.0013,0.0022,0.0,0.0005,0.0,0.1511,0.1705
floortile-sat14-strips-p02-5-4-2,0,False,49,205,239,518,0,557,111,0,0,0,0,0,0,,0.0,62.0,62,62,0.0063,0.0017,0.0003,0.0012,0.0,0.0,0.0,0.0109,0.021
floortile-sat14-strips-p02-6-4-2,0,False,57,254,285,625,0,667,113,0,5,0,5,0,0,,0.0,68.0,73,68,0.0073,0.0021,0.0005,0.0016,0.0,0.0002,0.0,0.0419,0.054
floortile-sat14-strips-p02-6-5-2,0,False,70,318,362,787,0,844,155,0,4,0,3,0,0,,0.0,92.0,99,92,0.0087,0.0034,0.0007,0.0021,0.0,0.0002,0.0,0.1479,0.1634
floortile-sat14-strips-p02-6-5-3,0,False,105,469,530,1142,0,1222,133,0,8,0,8,0,0,,0.0,84.0,98,84,0.0083,0.0055,0.0011,0.0021,0.0,0.0004,0.0,0.1601,0.1778
floortile-sat14-strips-p03-6-4-2,0,False,57,249,284,619,0,662,129,0,7,0,8,0,0,,0.0,74.0,78,74,0.0062,0.0022,0.0004,0.0016,0.0,0.0003,0.0,0.0718,0.0827
floortile-sat14-strips-p03-6-5-2,0,False,70,315,359,781,0,836,146,0,28,0,16,0,0,,0.0,86.0,90,86,0.0069,0.0035,0.001,0.0019,0.0,0.0008,0.0,0.1666,0.1804
floortile-sat14-strips-p03-6-5-3,0,False,106,471,535,1149,0,1232,140,0,54,0,39,0,0,,0.0,85.0,95,85,0.0085,0.0055,0.0011,0.0019,0.0,0.0024,0.0,0.301,0.3188
floortile-sat14-strips-p04-5-4-2,0,False,49,207,241,522,0,562,110,0,0,0,0,0,0,,0.0,63.0,63,63,0.0065,0.0017,0.0003,0.0016,0.0,0.0,0.0,0.0124,0.023
floortile-sat14-strips-p04-5-5-2,0,False,62,276,317,685,0,739,137,0,4,0,3,0,0,,0.0,79.0,85,79,0.0063,0.0025,0.0005,0.0017,0.0,0.0002,0.0,0.1387,0.1503
floortile-sat14-strips-p04-6-5-2,0,False,71,324,366,797,0,854,155,0,31,0,28,0,0,,0.0,89.0,93,89,0.0216,0.0034,0.0007,0.0016,0.0,0.0014,0.0,0.1086,0.1365
floortile-sat14-strips-p04-6-5-3,0,False,106,471,523,1136,0,1205,125,0,15,0,14,0,0,,0.0,84.0,90,84,0.0078,0.0058,0.0014,0.0024,0.0,0.0007,0.0,0.1438,0.1618
floortile-sat14-strips-p05-4-3-2,0,False,30,112,132,291,0,311,57,0,1,0,2,0,0,,0.0,33.0,36,33,0.0056,0.0007,0.0001,0.0012,0.0,0.0001,0.0,0.008,0.016
floortile-sat14-strips-p05-6-5-2,0,False,70,318,344,768,0,805,136,0,10,0,8,0,0,,0.0,84.0,88,84,0.0076,0.0031,0.0007,0.0017,0.0,0.0004,0.0,0.1535,0.1671
floortile-sat14-strips-p05-6-5-3,0,False,106,485,531,1158,0,1227,149,0,25,0,16,0,7,,0.0,84.0,96,84,0.0086,0.0056,0.001,0.0021,0.0,0.0009,0.0,0.1678,0.1859
freecell-p01,0,True,27,176,558,787,0,972,19,0,0,0,1,0,0,,0.0,8.0,10,8,0.0091,0.0018,0.0004,0.0018,0.0,0.0,0.0,0.0167,0.0304
freecell-p02,0,True,43,367,1094,1541,0,1913,28,0,590,0,432,0,1043,,0.0,14.0,18,14,0.0095,0.0046,0.0012,0.0022,0.0,0.0251,0.0,0.6768,0.695
freecell-p03,0,True,59,522,1473,2103,0,2648,33,0,9,0,7,0,0,,0.0,18.0,21,18,0.013,0.0093,0.0026,0.0032,0.0,0.0005,0.0,0.0829,0.1118
freecell-p04,0,True,72,566,1514,2214,0,2990,45,0,1083,0,547,0,2236,,0.0,26.0,32,26,0.0142,0.0115,0.0038,0.0029,0.0,0.0573,0.0,1.6033,1.6367
freecell-p05,0,True,93,1080,2990,4236,0,5151,58,0,11608,0,5615,0,116631,,0.0,30.0,40,30,0.021,0.0238,0.0151,0.0071,0.0,0.9716,0.0,314.6405,314.7085
freecell-p06,0,True,108,1517,4156,5866,0,7070,60,0,4333,0,1711,0,21711,,0.0,34.0,46,34,0.0275,0.0364,0.0252,0.0057,0.0,0.3255,0.0,32.098,32.1938
freecell-p07,2,True,109,1434,3974,5603,0,6808,68,0,49557,0,13665,0,104187,,0.0,37.0,46,41,0.0288,0.0397,0.0245,0.0057,0.0,3.0554,0.0,899.9209,900.0402
freecell-p08,2,True,127,1961,5410,7596,0,9147,64,0,34299,0,10860,0,68005,,0.0,43.0,57,47,0.0388,0.0565,0.0406,0.0073,0.0,2.8905,0.0,899.8867,900.0593
freecell-p09,2,True,128,1969,5359,7554,0,9100,66,0,31970,0,8796,0,69477,,0.0,38.0,48,42,0.0394,0.0608,0.0369,0.0072,0.0,2.2034,0.0,899.866,900.0183
freecell-p10,2,True,144,2561,6980,9795,0,11717,71,0,24702,0,9433,0,56955,,0.0,46.0,59,48,0.052,0.0879,0.0795,0.0098,0.0,2.8844,0.0,899.7959,900.0591
freecell-p11,2,True,146,2579,6957,9792,0,11759,77,0,25542,0,5208,0,59882,,0.0,45.0,62,49,0.0611,0.0896,0.0744,0.0125,0.0,1.6329,0.0,899.7837,900.0719
freecell-p12,2,True,144,2547,6914,9715,0,11665,65,0,26375,0,6921,0,61950,,0.0,43.333,59,47,0.0703,0.0895,0.0709,0.0104,0.0,2.0369,0.0,899.7859,900.0447
freecell-p13,2,True,162,3607,10043,13933,0,16015,77,0,23170,0,3913,0,22829,,0.0,48.0,65,63,0.0841,0.143,0.1568,0.0136,0.0,1.4625,0.0,899.6196,900.0786
freecell-p14,2,True,162,3620,10066,13969,0,16013,73,0,24335,0,4720,0,23671,,0.0,49.0,66,60,0.0838,0.133,0.1669,0.0139,0.0,1.6876,0.0,899.6207,900.0366
freecell-p15,2,True,179,4016,10768,15097,0,17948,84,0,22299,0,4369,0,24311,,0.0,55.0,78,72,0.1044,0.1783,0.2214,0.0159,0.0,1.7395,0.0,899.532,900.0663
freecell-p16,2,True,178,4434,12304,17049,0,19515,78,0,24931,0,5751,0,25164,,0.0,54.25,71,62,0.104,0.1901,0.2352,0.018,0.0,2.3595,0.0,899.5166,900.076
freecell-p17,2,True,196,5384,14875,20600,0,23515,84,0,16554,0,3751,0,30556,,0.0,59.0,85,61,0.1299,0.3574,0.359,0.0226,0.0,1.6867,0.0,899.1731,900.1488
freecell-p18,2,True,198,4850,12981,18175,0,21581,82,0,28441,0,4409,0,20847,,0.0,65.0,86,82,0.1329,0.2449,0.3012,0.0216,0.0,2.3282,0.0,899.3252,900.1604
freecell-p19,2,True,216,5773,15251,21398,0,25416,104,0,21233,0,3085,0,15750,,0.0,68.0,93,91,0.1631,0.3489,0.3834,0.0244,0.0,1.6028,0.0,899.1076,900.134
freecell-p20,2,True,214,5734,15263,21369,0,25403,93,0,17820,0,2653,0,25537,,0.0,62.5,90,77,0.1621,0.3566,0.4001,0.0244,0.0,1.454,0.0,901.1276,902.6059
freecell-probfreecell-10-1,2,True,168,4367,11843,16500,0,19524,78,0,21143,0,3514,0,17389,,0.0,49.25,69,64,0.1196,0.2009,0.2064,0.0166,0.0,1.3617,0.0,899.5234,900.0802
freecell-probfreecell-10-2,2,True,167,4371,11776,16436,0,19432,67,0,19669,0,4211,0,21856,,0.0,51.0,64,53,0.1202,0.1991,0.183,0.019,0.0,1.6164,0.0,899.4961,900.0245
freecell-probfreecell-10-3,0,True,167,4862,13493,18643,0,21198,76,0,2479,0,625,0,1267,,0.0,49.0,66,49,0.1223,0.2623,0.2528,0.0189,0.0,0.2199,0.0,66.4593,67.1181
freecell-probfreecell-10-4,2,True,168,4882,13430,18601,0,21162,77,0,25486,0,4954,0,27706,,0.0,50.0,66,63,0.1188,0.2056,0.2298,0.0188,0.0,2.6787,0.0,903.998,905.6009
freecell-probfreecell-10-5,2,True,169,4905,13520,18715,0,21282,89,0,18976,0,3330,0,15361,,0.0,49.0,68,66,0.1209,0.2675,0.2459,0.0188,0.0,1.3711,0.0,899.3666,900.0297
freecell-probfreecell-11-1,2,True,184,4844,12967,18129,0,21476,86,0,17761,0,2957,0,14267,,0.0,54.0,76,76,0.1137,0.236,0.2313,0.0192,0.0,1.2502,0.0,899.4169,900.0294
freecell-probfreecell-11-2,2,True,183,4850,12908,18075,0,21398,79,0,14305,0,2633,0,13933,,0.0,55.767,72,62,0.1309,0.2353,0.2219,0.019,0.0,1.0828,0.0,899.4088,900.0238
freecell-probfreecell-11-3,2,True,184,5387,14741,20445,0,23317,87,0,25868,0,4937,0,20130,,0.0,54.083,76,68,0.1296,0.351,0.3076,0.021,0.0,2.5991,0.0,899.219,900.1815
freecell-probfreecell-11-4,2,True,184,5401,14726,20444,0,23297,83,0,20903,0,4049,0,17494,,0.0,58.0,75,74,0.1367,0.2647,0.3188,0.0213,0.0,1.8181,0.0,899.2777,900.03
freecell-probfreecell-11-5,2,True,184,4859,13003,18180,0,21518,90,0,18691,0,3100,0,16797,,0.0,57.0,76,76,0.1326,0.239,0.2556,0.0192,0.0,1.3416,0.0,899.372,900.0279
freecell-probfreecell-12-1,2,True,200,5295,14173,19814,0,23513,91,0,16370,0,2292,0,14590,,0.0,59.0,84,84,0.1484,0.2846,0.3284,0.0218,0.0,1.0492,0.0,899.2326,900.0262
freecell-probfreecell-12-2,2,True,199,5319,14080,19744,0,23401,79,0,19772,0,3265,0,21913,,0.0,59.306,80,68,0.1542,0.2754,0.2685,0.023,0.0,1.5652,0.0,899.3156,900.1172
freecell-probfreecell-12-3,2,True,200,5908,16042,22295,0,25453,100,0,14883,0,2928,0,22245,,0.0,61.0,83,63,0.1423,0.4329,0.3593,0.0238,0.0,1.4733,0.0,899.1009,900.2204
freecell-probfreecell-12-4,2,True,200,5331,14157,19834,0,23516,92,0,19038,0,2999,0,12800,,0.0,61.0,83,83,0.1433,0.3027,0.3055,0.0216,0.0,1.3879,0.0,899.2477,900.0296
freecell-probfreecell-12-5,2,True,200,5319,14140,19805,0,23489,98,0,18299,0,2978,0,16044,,0.0,63.0,85,81,0.146,0.2878,0.3173,0.0215,0.0,1.3888,0.0,899.2583,900.0659
freecell-probfreecell-13-1,2,True,216,5755,15336,21465,0,25507,98,0,18337,0,2581,0,15976,,0.0,64.0,91,89,0.1633,0.3283,0.4131,0.0246,0.0,1.3366,0.0,899.092,900.0872
freecell-probfreecell-13-2,2,True,215,5769,15229,21371,0,25380,90,0,19267,0,3561,0,33937,,0.0,66.0,88,72,0.1632,0.3304,0.32,0.0245,0.0,1.9349,0.0,903.7381,905.9262
freecell-probfreecell-13-3,2,True,215,5767,15265,21405,0,25425,84,0,24042,0,4690,0,22263,,0.0,67.0,89,83,0.1633,0.324,0.3524,0.0259,0.0,2.5483,0.0,899.182,900.162
freecell-probfreecell-13-4,2,True,215,5778,15259,21410,0,25423,92,0,14502,0,2063,0,12932,,0.0,66.0,90,81,0.1639,0.3551,0.3748,0.0243,0.0,1.001,0.0,899.099,900.03
freecell-probfreecell-13-5,2,True,216,5766,15307,21447,0,25480,95,0,24709,0,3599,0,18765,,0.0,68.0,92,91,0.1625,0.3262,0.3766,0.0245,0.0,1.9892,0.0,899.1492,900.1429
freecell-probfreecell-2-1,0,True,44,831,2637,3536,0,3756,22,0,0,0,0,0,0,,0.0,9.0,9,9,0.0364,0.0115,0.0021,0.0034,0.0,0.0,0.0,0.0567,0.1109
freecell-probfreecell-2-2,0,True,43,813,2680,3561,0,3794,19,0,0,0,0,0,0,,0.0,8.0,8,8,0.0183,0.0107,0.0018,0.003,0.0,0.0,0.0,0.0612,0.0958
freecell-probfreecell-2-3,0,True,44,848,2672,3589,0,3817,23,0,0,0,1,0,0,,0.0,8.0,9,8,0.0185,0.0118,0.0017,0.0035,0.0,0.0,0.0,0.0652,0.1017
freecell-probfreecell-2-4,0,True,44,832,2716,3616,0,3848,24,0,0,0,1,0,0,,0.0,8.0,9,8,0.0187,0.0117,0.0023,0.004,0.0,0.0,0.0,0.0636,0.1012
freecell-probfreecell-2-5,0,True,44,831,2659,3558,0,3768,20,0,0,0,0,0,0,,0.0,9.0,9,9,0.0202,0.0113,0.0022,0.0034,0.0,0.0,0.0,0.0576,0.0955
freecell-probfreecell-3-1,0,True,59,1306,4180,5581,0,6088,27,0,30,0,18,0,0,,0.0,14.0,16,14,0.0258,0.0241,0.0097,0.004,0.0,0.0015,0.0,0.4092,0.4739
freecell-probfreecell-3-2,0,True,58,1286,4162,5542,0,6033,28,0,0,0,1,0,0,,0.0,13.0,14,13,0.0249,0.0236,0.0077,0.0045,0.0,0.0001,0.0,0.1063,0.1683
freecell-probfreecell-3-3,0,True,58,1286,4169,5549,0,6031,27,0,0,0,1,0,0,,0.0,12.0,15,12,0.0269,0.0247,0.0079,0.005,0.0,0.0001,0.0,0.1096,0.1754
freecell-probfreecell-3-4,0,True,59,1310,4162,5567,0,6066,28,0,0,0,1,0,0,,0.0,12.0,14,12,0.0274,0.0237,0.0071,0.0051,0.0,0.0001,0.0,0.1064,0.171
freecell-probfreecell-3-5,0,True,58,1286,4192,5572,0,6071,31,0,0,0,2,0,0,,0.0,13.0,15,13,0.0275,0.0225,0.0075,0.0045,0.0,0.0001,0.0,0.145,0.2082
freecell-probfreecell-4-1,0,True,75,1819,5917,7861,0,8686,37,0,5,0,5,0,0,,0.0,19.0,24,19,0.0343,0.0382,0.0203,0.0066,0.0,0.0006,0.0,0.4488,0.5494
freecell-probfreecell-4-2,0,True,74,1798,5522,7442,0,8207,34,0,0,0,1,0,0,,0.0,17.0,19,17,0.0347,0.0377,0.0144,0.0057,0.0,0.0001,0.0,0.1357,0.2298
freecell-probfreecell-4-3,0,True,72,1783,5593,7497,0,8287,36,0,0,0,1,0,0,,0.0,18.0,22,18,0.0536,0.0359,0.0208,0.0095,0.0,0.0001,0.0,0.1575,0.2786
freecell-probfreecell-4-4,0,True,75,1818,5498,7439,0,8196,41,0,0,0,1,0,0,,0.0,18.0,22,18,0.0354,0.0382,0.0179,0.0058,0.0,0.0001,0.0,0.1365,0.235
freecell-probfreecell-4-5,0,True,72,1802,5630,7553,0,8381,34,0,9421,0,5253,0,58121,,0.0,18.0,22,18,0.0365,0.0361,0.0216,0.006,0.0,0.7438,0.0,160.3068,160.4087
freecell-probfreecell-5-1,0,True,89,2336,7291,9778,0,10921,45,0,6615,0,2626,0,42634,,0.0,24.0,31,24,0.0434,0.0548,0.0399,0.0076,0.0,0.4929,0.0,407.6258,407.7736
freecell-probfreecell-5-2,0,True,91,2330,6883,9364,0,10388,46,0,6,0,7,0,0,,0.0,23.0,25,23,0.0587,0.0558,0.0248,0.0074,0.0,0.001,0.0,0.3307,0.4789
freecell-probfreecell-5-3,0,True,88,2305,6838,9292,0,10383,44,0,1,0,2,0,0,,0.0,24.0,30,24,0.0592,0.0547,0.0394,0.0073,0.0,0.0002,0.0,0.2091,0.3712
freecell-probfreecell-5-4,2,True,89,2336,6955,9441,0,10516,48,0,30607,0,21235,0,216243,,0.0,22.0,29,23,0.0629,0.0554,0.0372,0.0079,0.0,3.9947,0.0,899.8407,900.0081
freecell-probfreecell-5-5,2,True,89,2318,6963,9431,0,10540,35,0,25219,0,11944,0,53519,,0.0,22.0,31,25,0.0602,0.0544,0.0417,0.0075,0.0,2.5154,0.0,899.8936,900.0773
freecell-probfreecell-6-1,2,True,105,2821,8316,11315,0,12729,51,0,25848,0,6770,0,40078,,0.0,27.143,38,32,0.0705,0.0763,0.0807,0.0095,0.0,2.3685,0.0,904.7227,905.784
freecell-probfreecell-6-2,0,True,107,2840,8261,11280,0,12578,45,0,5134,0,1790,0,7747,,0.0,28.0,32,28,0.0565,0.0783,0.0559,0.0092,0.0,0.38,0.0,42.6494,42.8511
freecell-probfreecell-6-3,0,True,104,2818,8220,11215,0,12608,47,0,5,0,8,0,0,,0.0,28.0,33,28,0.0553,0.0758,0.0497,0.0095,0.0,0.0012,0.0,0.4159,0.608
freecell-probfreecell-6-4,2,True,104,2834,8357,11368,0,12737,44,0,34559,0,20663,0,197339,,0.0,27.0,37,28,0.0531,0.0755,0.0664,0.0099,0.0,4.8134,0.0,899.8048,900.0157
freecell-probfreecell-6-5,2,True,105,2857,8308,11343,0,12726,51,0,32467,0,8421,0,34059,,0.0,28.0,39,36,0.0704,0.0796,0.0692,0.0097,0.0,2.5681,0.0,899.8245,900.2143
freecell-probfreecell-7-1,2,True,121,3361,9597,13164,0,14841,61,0,26740,0,5781,0,36093,,0.0,32.0,43,37,0.0808,0.1047,0.0975,0.0114,0.0,2.3055,0.0,903.4059,904.3649
freecell-probfreecell-7-2,2,True,121,3349,9515,13070,0,14763,63,0,18427,0,5487,0,29039,,0.0,33.0,39,35,0.0803,0.1076,0.0593,0.0118,0.0,1.7497,0.0,899.8046,900.114
freecell-probfreecell-7-3,0,True,120,3349,9534,13088,0,14762,54,0,3,0,3,0,0,,0.0,32.0,40,32,0.0815,0.101,0.0751,0.0116,0.0,0.0006,0.0,0.3207,0.5919
freecell-probfreecell-7-4,2,True,120,3355,9526,13086,0,14737,57,0,22620,0,7371,0,30738,,0.0,33.0,44,36,0.0702,0.1035,0.0867,0.0114,0.0,2.1503,0.0,899.7486,900.0645
freecell-probfreecell-7-5,2,True,121,3369,9563,13138,0,14805,54,0,27357,0,7955,0,31051,,0.0,36.0,46,41,0.0656,0.1024,0.1017,0.0114,0.0,2.5129,0.0,899.7454,900.0486
freecell-probfreecell-8-1,2,True,137,3864,10914,15012,0,16990,63,0,23960,0,4396,0,25941,,0.0,37.25,53,45,0.0792,0.1309,0.1423,0.0137,0.0,1.6853,0.0,899.6555,900.1527
freecell-probfreecell-8-2,0,True,135,3452,9462,13147,0,15468,63,0,11640,0,2924,0,18686,,0.0,39.0,48,39,0.0899,0.1287,0.089,0.0124,0.0,0.8349,0.0,480.9131,481.2356
freecell-probfreecell-8-3,0,True,136,3852,10895,14980,0,16959,58,0,72,0,38,0,0,,0.0,38.0,49,38,0.0884,0.1376,0.1191,0.0144,0.0,0.009,0.0,1.1475,1.5092
freecell-probfreecell-8-4,2,True,136,3867,10776,14876,0,16832,57,0,19706,0,5404,0,22691,,0.0,38.0,51,44,0.0764,0.1304,0.1237,0.013,0.0,1.6901,0.0,899.7078,900.0693
freecell-probfreecell-8-5,2,True,137,3890,10865,14989,0,16947,63,0,25235,0,6208,0,24972,,0.0,40.0,54,47,0.0888,0.1339,0.1497,0.0145,0.0,1.7881,0.0,899.6326,900.0543
freecell-probfreecell-9-1,2,True,153,4376,12163,16801,0,19085,70,0,22881,0,4025,0,23921,,0.0,42.143,61,58,0.1052,0.169,0.1861,0.016,0.0,1.6188,0.0,899.5617,900.1471
freecell-probfreecell-9-2,0,True,150,3898,10556,14714,0,17360,67,0,24578,0,5476,0,29427,,0.0,44.0,58,44,0.1042,0.1665,0.1249,0.0141,0.0,2.3544,0.0,789.6488,790.0611
freecell-probfreecell-9-3,0,True,152,4373,12196,16830,0,19088,58,0,18452,0,5447,0,30498,,0.0,44.0,56,44,0.0885,0.2126,0.179,0.017,0.0,2.1659,0.0,713.4653,713.9652
freecell-probfreecell-9-4,2,True,152,4370,12085,16716,0,18980,63,0,25727,0,5592,0,23941,,0.0,44.0,58,51,0.101,0.1649,0.1728,0.0182,0.0,2.5719,0.0,899.5625,900.1586
freecell-probfreecell-9-5,2,True,153,4402,12184,16848,0,19108,64,0,25258,0,5183,0,22070,,0.0,45.0,60,58,0.1019,0.1701,0.2016,0.0161,0.0,1.9877,0.0,899.5367,900.0431
ged-opt14-strips-d-1-2,0,False,47,102,225,375,0,548,3,0,0,0,0,0,0,,0.0,1.0,1,1,0.0196,0.0006,0.0001,0.0015,0.0,0.0,0.0,0.0104,0.0328
ged-opt14-strips-d-1-3,0,False,118,456,1044,1626,0,2327,3,0,0,0,0,0,0,,0.0,1.0,1,1,0.0205,0.0043,0.0066,0.0028,0.0,0.0,0.0,0.0347,0.0696
ged-opt14-strips-d-1-4,0,False,47,102,225,375,0,548,3,0,0,0,0,0,0,,0.0,1.0,1,1,0.0061,0.0006,0.0002,0.0016,0.0,0.0,0.0,0.0104,0.0193
ged-opt14-strips-d-1-8,0,False,151,630,1449,2239,0,3196,3,0,0,0,0,0,0,,0.0,1.0,1,1,0.0219,0.0073,0.0155,0.0029,0.0,0.0,0.0,0.0461,0.0944
ged-opt14-strips-d-2-1,0,False,47,102,225,375,0,548,3,0,0,0,0,0,0,,0.0,1.0,1,1,0.0187,0.0006,0.0001,0.0013,0.0,0.0,0.0,0.0103,0.0317
ged-opt14-strips-d-2-3,0,False,89,310,705,1111,0,1596,3,0,0,0,0,0,0,,0.0,1.0,1,1,0.0068,0.0024,0.0022,0.0029,0.0,0.0,0.0,0.0254,0.0403
ged-opt14-strips-d-2-4,0,False,64,192,432,694,0,1003,3,0,0,0,0,0,0,,0.0,1.0,1,1,0.0061,0.0013,0.0005,0.0019,0.0,0.0,0.0,0.0155,0.0259
ged-opt14-strips-d-2-8,0,False,230,1062,2457,3759,0,5348,3,0,0,0,0,0,0,,0.0,1.0,1,1,0.013,0.0174,0.0793,0.0044,0.0,0.0,0.0,0.068,0.1828
ged-opt14-strips-d-3-1,0,False,118,456,1044,1626,0,2327,3,0,0,0,0,0,0,,0.0,1.0,1,1,0.022,0.0044,0.0065,0.0024,0.0,0.0,0.0,0.0358,0.0716
ged-opt14-strips-d-3-2,0,False,89,310,705,1111,0,1596,3,0,0,0,0,0,0,,0.0,1.0,1,1,0.0077,0.0024,0.0022,0.0023,0.0,0.0,0.0,0.0258,0.041
ged-opt14-strips-d-3-4,0,False,150,630,1449,2239,0,3196,3,0,0,0,0,0,0,,0.0,1.0,1,1,0.0086,0.0072,0.0165,0.0028,0.0,0.0,0.0,0.0443,0.0801
ged-opt14-strips-d-4-2,0,False,64,192,432,694,0,1003,3,0,0,0,0,0,0,,0.0,1.0,1,1,0.0059,0.0013,0.0005,0.0019,0.0,0.0,0.0,0.0158,0.0259
ged-opt14-strips-d-4-3,0,False,150,630,1449,2239,0,3196,3,0,0,0,0,0,0,,0.0,1.0,1,1,0.0088,0.0073,0.0203,0.0026,0.0,0.0,0.0,0.0446,0.0841
ged-opt14-strips-d-4-8,0,False,230,1062,2457,3759,0,5348,3,0,0,0,0,0,0,,0.0,1.0,1,1,0.0137,0.0174,0.0815,0.0043,0.0,0.0,0.0,0.068,0.1858
ged-opt14-strips-d-7-5,0,False,151,630,1449,2239,0,3196,3,0,0,0,0,0,0,,0.0,1.0,1,1,0.0091,0.0074,0.0155,0.0026,0.0,0.0,0.0,0.0459,0.0811
ged-opt14-strips-d-7-6,0,False,119,456,1044,1626,0,2327,0,0,0,0,0,0,0,,0.0,0.0,0,0,0.0288,0.0042,0.0002,0.0023,0.0,0.0,0.0,0.0185,0.0545
ged-opt14-strips-d-8-1,0,False,151,630,1449,2239,0,3196,3,0,0,0,0,0,0,,0.0,1.0,1,1,0.0202,0.0072,0.0191,0.0028,0.0,0.0,0.0,0.0461,0.0961
ged-opt14-strips-d-8-2,0,False,230,1062,2457,3759,0,5348,3,0,0,0,0,0,0,,0.0,1.0,1,1,0.0133,0.0173,0.0936,0.0047,0.0,0.0,0.0,0.066,0.1956
ged-opt14-strips-d-8-4,0,False,230,1062,2457,3759,0,5348,3,0,0,0,0,0,0,,0.0,1.0,1,1,0.0132,0.0176,0.078,0.0042,0.0,0.0,0.0,0.0651,0.1789
ged-opt14-strips-d-8-9,0,False,228,1062,2457,3759,0,5348,3,0,0,0,0,0,0,,0.0,1.0,1,1,0.0259,0.0173,0.0799,0.0046,0.0,0.0,0.0,0.064,0.1924
ged-sat14-strips-d-10-1,0,False,695,3910,9129,13759,0,19476,3,0,0,0,0,0,0,,0.0,1.0,1,1,0.0474,0.1925,5.2088,0.0216,0.0,0.0,0.0,0.2765,5.7486
ged-sat14-strips-d-10-2,0,False,694,3910,9129,13759,0,19476,3,0,0,0,0,0,0,,0.0,1.0,1,1,0.0457,0.194,5.3282,0.0231,0.0,0.0,0.0,0.2755,5.8682
ged-sat14-strips-d-10-3,0,False,769,4392,10260,15450,0,21863,3,0,0,0,0,0,0,,0.0,1.0,1,1,0.0535,0.2423,7.729,0.0253,0.0,0.0,0.0,0.3136,8.3657
ged-sat14-strips-d-10-4,0,False,696,3910,9129,13759,0,19476,3,0,0,0,0,0,0,,0.0,1.0,1,1,0.0452,0.1943,5.4342,0.0212,0.0,0.0,0.0,0.2751,5.9717
ged-sat14-strips-d-10-5,0,False,1024,6006,14049,21111,0,29852,3,0,0,0,0,0,0,,0.0,1.0,1,1,0.0849,0.4385,20.6605,0.0423,0.0,0.0,0.0,0.4466,21.6753
ged-sat14-strips-d-10-6,0,False,1023,6006,14049,21111,0,29852,3,0,0,0,0,0,0,,0.0,1.0,1,1,0.0868,0.4341,20.3573,0.0406,0.0,0.0,0.0,0.4529,21.374
ged-sat14-strips-d-11-1,0,False,774,4392,10260,15450,0,21863,3,0,0,0,0,0,0,,0.0,1.0,1,1,0.0554,0.2396,7.9232,0.0253,0.0,0.0,0.0,0.3126,8.558
ged-sat14-strips-d-11-3,0,False,772,4392,10260,15450,0,21863,3,0,0,0,0,0,0,,0.0,1.0,1,1,0.0549,0.2433,7.698,0.025,0.0,0.0,0.0,0.3129,8.336
ged-sat14-strips-d-11-5,0,False,937,5440,12720,19126,0,27051,3,0,0,0,0,0,0,,0.0,1.0,1,1,0.0733,0.363,14.857,0.0362,0.0,0.0,0.0,0.3968,15.728
ged-sat14-strips-d-11-6,0,False,851,4902,11457,17239,0,24388,3,0,0,0,0,0,0,,0.0,1.0,1,1,0.0626,0.2982,10.8192,0.0309,0.0,0.0,0.0,0.3514,11.564
ged-sat14-strips-d-12-11,0,False,854,4902,11457,17239,0,24388,3,0,0,0,0,0,0,,0.0,1.0,1,1,0.062,0.3005,10.6897,0.0307,0.0,0.0,0.0,0.3529,11.4376
ged-sat14-strips-d-12-2,0,False,1217,7222,16905,25375,0,35868,3,0,0,0,0,0,0,,0.0,1.0,1,1,0.1148,0.6168,35.1221,0.0546,0.0,0.0,0.0,0.574,36.4853
ged-sat14-strips-d-12-3,0,False,1316,7872,18432,27654,0,39083,3,0,0,0,0,0,0,,0.0,1.0,1,1,0.1322,0.7307,46.0339,0.063,0.0,0.0,0.0,0.6412,47.6039
ged-sat14-strips-d-12-5,0,False,1420,8550,20025,30031,0,42436,3,0,0,0,0,0,0,,0.0,1.0,1,1,0.1505,0.8529,58.5714,0.0744,0.0,0.0,0.0,0.7217,60.3742
ged-sat14-strips-d-12-6,0,False,1213,7222,16905,25375,0,35868,3,0,0,0,0,0,0,,0.0,1.0,1,1,0.1135,0.6277,34.5136,0.0554,0.0,0.0,0.0,0.5736,35.8871
ged-sat14-strips-d-12-7,0,False,1315,7872,18432,27654,0,39083,3,0,0,0,0,0,0,,0.0,1.0,1,1,0.1332,0.7409,45.6912,0.0636,0.0,0.0,0.0,0.6447,47.2765
ged-sat14-strips-d-12-8,0,False,1530,9256,21684,32506,0,45927,3,0,0,0,0,0,0,,0.0,1.0,1,1,0.1726,0.9976,74.0828,0.0937,0.0,0.0,0.0,0.8056,76.1561
ged-sat14-strips-d-12-9,0,False,1528,9256,21684,32506,0,45927,3,0,0,0,0,0,0,,0.0,1.0,1,1,0.1739,0.9995,75.095,0.0943,0.0,0.0,0.0,0.7994,77.1658
ged-sat14-strips-d-3-6,0,False,775,4392,10260,15450,0,21863,3,0,0,0,0,0,0,,0.0,1.0,1,1,0.0534,0.2428,7.777,0.0258,0.0,0.0,0.0,0.3133,8.4142
ged-sat14-strips-d-9-5,0,False,856,4902,11457,17239,0,24388,3,0,0,0,0,0,0,,0.0,1.0,1,1,0.064,0.2992,10.5193,0.0302,0.0,0.0,0.0,0.348,11.2623
grid-prob01,0,True,42,105,109,265,0,289,12,0,0,0,0,0,0,,0.0,10.0,10,10,0.0168,0.0068,0.0001,0.0013,0.0,0.0,0.0,0.0062,0.0319
grid-prob02,0,True,63,204,212,490,0,506,44,0,27,0,28,0,0,,0.0,20.0,23,20,0.0289,0.0212,0.0003,0.0017,0.0,0.0009,0.0,0.165,0.2179
grid-prob03,0,True,95,240,248,602,0,666,47,0,0,0,0,0,0,,0.0,26.0,26,26,0.0503,0.0522,0.0005,0.0015,0.0,0.0,0.0,0.0095,0.1149
grid-prob04,0,True,105,419,439,977,0,948,43,0,47,0,34,0,0,,0.0,23.0,26,23,0.0944,0.0713,0.0007,0.0018,0.0,0.0014,0.0,0.1425,0.3119
grid-prob05,0,True,158,447,457,1096,0,1220,96,0,45,0,10,0,53,,0.0,50.0,52,50,0.163,0.2053,0.002,0.002,0.0,0.0008,0.0,0.1166,0.4905
gripper-prob01,0,True,8,16,25,59,0,54,24,0,0,0,0,0,0,,0.0,9.0,9,9,0.0047,0.0001,0.0,0.001,0.0,0.0,0.0,0.0034,0.0099
gripper-prob02,0,True,12,24,37,87,0,80,36,0,0,0,0,0,0,,0.0,13.0,13,13,0.0048,0.0002,0.0,0.0012,0.0,0.0,0.0,0.0037,0.0105
gripper-prob03,0,True,16,32,49,115,0,106,48,0,0,0,0,0,0,,0.0,17.0,17,17,0.0046,0.0003,0.0001,0.003,0.0,0.0,0.0,0.004,0.0122
gripper-prob04,0,True,20,40,61,143,0,132,60,0,0,0,0,0,0,,0.0,21.0,21,21,0.0071,0.0003,0.0001,0.0019,0.0,0.0,0.0,0.0042,0.014
gripper-prob05,0,True,24,48,73,171,0,158,72,0,0,0,0,0,0,,0.0,25.0,25,25,0.0132,0.0004,0.0001,0.0016,0.0,0.0,0.0,0.0045,0.0205
gripper-prob06,0,True,28,56,85,199,0,184,84,0,0,0,0,0,0,,0.0,29.0,29,29,0.0051,0.0006,0.0001,0.0013,0.0,0.0,0.0,0.0047,0.0122
gripper-prob07,0,True,32,64,97,227,0,210,96,0,0,0,0,0,0,,0.0,33.0,33,33,0.0054,0.0007,0.0002,0.0014,0.0,0.0,0.0,0.005,0.0131
gripper-prob08,0,True,36,72,109,255,0,236,108,0,0,0,0,0,0,,0.0,37.0,37,37,0.0061,0.0008,0.0002,0.0026,0.0,0.0,0.0,0.0055,0.0156
gripper-prob09,0,True,40,80,121,283,0,262,120,0,0,0,0,0,0,,0.0,41.0,41,41,0.0056,0.001,0.0003,0.0014,0.0,0.0,0.0,0.0056,0.0145
gripper-prob10,0,True,44,88,133,311,0,288,132,0,0,0,0,0,0,,0.0,45.0,45,45,0.0142,0.0012,0.0004,0.0013,0.0,0.0,0.0,0.0058,0.0236
gripper-prob11,0,True,48,96,145,339,0,314,144,0,0,0,0,0,0,,0.0,49.0,49,49,0.0124,0.0014,0.0005,0.0012,0.0,0.0,0.0,0.0061,0.022
gripper-prob12,0,True,52,104,157,367,0,340,156,0,0,0,0,0,0,,0.0,53.0,53,53,0.0048,0.0016,0.0006,0.0014,0.0,0.0,0.0,0.0063,0.0151
gripper-prob13,0,True,56,112,169,395,0,366,168,0,0,0,0,0,0,,0.0,57.0,57,57,0.0066,0.0018,0.0007,0.0014,0.0,0.0,0.0,0.0066,0.0177
gripper-prob14,0,True,60,120,181,423,0,392,180,0,0,0,0,0,0,,0.0,61.0,61,61,0.0061,0.0021,0.0008,0.0024,0.0,0.0,0.0,0.0067,0.0185
gripper-prob15,0,True,64,128,193,451,0,418,192,0,0,0,0,0,0,,0.0,65.0,65,65,0.0057,0.0023,0.0009,0.0012,0.0,0.0,0.0,0.007,0.0176
gripper-prob16,0,True,68,136,205,479,0,444,204,0,0,0,0,0,0,,0.0,69.0,69,69,0.0061,0.0026,0.0012,0.002,0.0,0.0,0.0,0.0073,0.0197
gripper-prob17,0,True,72,144,217,507,0,470,216,0,0,0,0,0,0,,0.0,73.0,73,73,0.0066,0.0029,0.0012,0.0016,0.0,0.0,0.0,0.0075,0.0204
gripper-prob18,0,True,76,152,229,535,0,496,228,0,0,0,0,0,0,,0.0,77.0,77,77,0.0055,0.0032,0.0014,0.0023,0.0,0.0,0.0,0.0076,0.0204
gripper-prob19,0,True,80,160,241,563,0,522,240,0,0,0,0,0,0,,0.0,81.0,81,81,0.0067,0.0036,0.0016,0.002,0.0,0.0,0.0,0.0077,0.022
gripper-prob20,0,True,84,168,253,591,0,548,252,0,0,0,0,0,0,,0.0,85.0,85,85,0.0059,0.0039,0.0018,0.0022,0.0,0.0,0.0,0.0083,0.0226
hiking-agl14-strips-testing-3-4-3,0,True,17,381,1497,1913,0,1671,24,0,0,0,1,0,0,,0.0,9.0,10,9,0.0192,0.0097,0.001,0.0017,0.0,0.0,0.0,0.0513,0.0837
hiking-agl14-strips-testing-3-4-4,0,True,24,570,2244,2865,0,2517,31,0,0,0,3,0,0,,0.0,13.0,15,13,0.0316,0.0306,0.0024,0.0021,0.0,0.0001,0.0,0.1678,0.2356
hiking-agl14-strips-testing-3-4-5,0,True,31,759,2991,3817,0,3363,41,0,0,0,1,0,0,,0.0,17.0,20,17,0.0496,0.0786,0.0049,0.0028,0.0,0.0001,0.0,0.1138,0.2511
hiking-agl14-strips-testing-3-4-6,0,True,38,948,3738,4769,0,4219,49,0,0,0,1,0,0,,0.0,21.0,25,21,0.0757,0.1338,0.0052,0.0035,0.0,0.0001,0.0,0.1655,0.3857
hiking-agl14-strips-testing-3-4-7,0,True,45,1137,4485,5721,0,5055,58,0,0,0,1,0,0,,0.0,25.0,30,25,0.098,0.2873,0.0129,0.0038,0.0,0.0001,0.0,0.1839,0.5886
hiking-agl14-strips-testing-3-4-8,0,True,52,1326,5232,6673,0,5901,68,0,0,0,1,0,0,,0.0,29.0,35,29,0.1379,0.4904,0.0192,0.0049,0.0,0.0001,0.0,0.2079,0.8636
hiking-agl14-strips-testing-3-4-9,0,True,59,1515,5979,7625,0,6763,77,0,0,0,1,0,0,,0.0,33.0,40,33,0.1769,0.669,0.0174,0.0054,0.0,0.0001,0.0,0.2426,1.1155
hiking-agl14-strips-testing-4-5-3,0,True,22,1156,4580,5782,0,4862,29,0,0,0,1,0,0,,0.0,11.0,12,11,0.0405,0.0467,0.0037,0.0036,0.0,0.0001,0.0,0.1612,0.2574
hiking-agl14-strips-testing-4-5-4,0,True,31,1732,6868,8667,0,7301,41,0,0,0,1,0,0,,0.0,16.0,18,16,0.0789,0.186,0.0137,0.0052,0.0,0.0001,0.0,0.234,0.5202
hiking-agl14-strips-testing-4-5-5,0,True,40,2308,9156,11552,0,9744,52,0,0,0,2,0,0,,0.0,21.0,24,21,0.1328,0.4918,0.0276,0.0066,0.0,0.0002,0.0,0.3693,1.0331
hiking-agl14-strips-testing-4-5-6,0,True,49,2884,11444,14437,0,12197,64,0,0,0,1,0,0,,0.0,26.0,30,26,0.1992,0.8693,0.0331,0.0088,0.0,0.0001,0.0,0.3561,1.472
hiking-agl14-strips-testing-4-5-7,0,True,58,3460,13732,17322,0,14642,76,0,0,0,2,0,0,,0.0,31.0,36,31,0.2902,1.6923,0.0516,0.0105,0.0,0.0002,0.0,0.487,2.5394
hiking-agl14-strips-testing-4-5-8,0,True,67,4036,16020,20207,0,17073,88,0,0,0,2,0,0,,0.0,36.0,42,36,0.3932,3.653,0.1259,0.0135,0.0,0.0002,0.0,0.628,4.8239
hiking-agl14-strips-testing-4-5-9,0,True,76,4612,18308,23092,0,19516,101,0,0,0,1,0,0,,0.0,41.0,48,41,0.5163,6.0144,0.184,0.0141,0.0,0.0001,0.0,0.5413,7.2831
hiking-agl14-strips-testing-5-6-3,0,True,27,2755,10955,13767,0,11365,35,0,0,0,1,0,0,,0.0,13.0,14,13,0.0898,0.1875,0.0181,0.0074,0.0,0.0001,0.0,0.3712,0.6768
hiking-agl14-strips-testing-5-6-4,0,True,38,4130,16430,20643,0,17065,49,0,0,0,1,0,0,,0.0,19.0,21,19,0.1821,0.7162,0.0506,0.0119,0.0,0.0001,0.0,0.4788,1.445
hiking-agl14-strips-testing-5-6-5,0,True,49,5505,21905,27519,0,22757,64,0,0,0,3,0,0,,0.0,25.0,28,25,0.3012,2.4255,0.1251,0.0157,0.0,0.0007,0.0,1.3537,4.2301
hiking-agl14-strips-testing-5-6-6,0,True,60,6880,27380,34395,0,28475,79,0,0,0,1,0,0,,0.0,31.0,35,31,0.4664,3.889,0.1213,0.0226,0.0,0.0002,0.0,0.7815,5.2937
hiking-agl14-strips-testing-5-6-7,0,True,71,8255,32855,41271,0,34189,94,0,0,0,1,0,0,,0.0,37.0,42,37,0.6784,8.2293,0.108,0.0285,0.0,0.0002,0.0,0.9701,10.0338
hiking-agl14-strips-testing-5-6-8,0,True,82,9630,38330,48147,0,39851,109,0,0,0,1,0,0,,0.0,43.0,49,43,0.9282,19.1184,0.5053,0.0341,0.0,0.0003,0.0,0.9604,21.5689
hiking-opt14-strips-ptesting-1-2-3,0,True,4,9,35,59,0,73,7,0,0,0,1,0,0,,0.0,5.0,6,5,0.0049,0.0002,0.0,0.0013,0.0,0.0,0.0,0.005,0.0118
hiking-opt14-strips-ptesting-1-2-4,0,True,6,7,34,63,0,89,8,0,0,0,0,0,0,,0.0,7.0,7,7,0.0057,0.0003,0.0,0.0013,0.0,0.0,0.0,0.0034,0.0112
hiking-opt14-strips-ptesting-1-2-5,0,True,8,17,69,115,0,153,13,0,0,0,0,0,0,,0.0,9.0,9,9,0.0057,0.0006,0.0,0.0013,0.0,0.0,0.0,0.0039,0.0119
hiking-opt14-strips-ptesting-1-2-7,0,True,12,13,67,123,0,185,16,0,0,0,0,0,0,,0.0,13.0,13,13,0.0069,0.0015,0.0001,0.0013,0.0,0.0,0.0,0.0037,0.0141
hiking-opt14-strips-ptesting-1-2-8,0,True,14,15,78,143,0,217,18,0,0,0,0,0,0,,0.0,15.0,15,15,0.0082,0.0021,0.0001,0.0013,0.0,0.0,0.0,0.004,0.016
hiking-opt14-strips-ptesting-2-2-3,0,True,10,58,218,298,0,306,20,0,0,0,1,0,0,,0.0,7.0,8,7,0.0063,0.0011,0.0001,0.0013,0.0,0.0,0.0,0.0076,0.0168
hiking-opt14-strips-ptesting-2-2-4,0,True,14,86,326,444,0,466,28,0,0,0,1,0,0,,0.0,10.0,12,10,0.0116,0.0027,0.0002,0.0013,0.0,0.0,0.0,0.0104,0.0266
hiking-opt14-strips-ptesting-2-2-5,0,True,18,114,434,590,0,626,36,0,0,0,1,0,0,,0.0,13.0,16,13,0.0137,0.0059,0.0004,0.0019,0.0,0.0,0.0,0.0123,0.0347
hiking-opt14-strips-ptesting-2-2-6,0,True,22,202,722,976,0,976,48,0,0,0,1,0,0,,0.0,16.0,20,16,0.0175,0.0093,0.0005,0.0773,0.0,0.0,0.0,0.0204,0.1256
hiking-opt14-strips-ptesting-2-2-7,0,True,26,170,650,882,0,946,52,0,0,0,2,0,0,,0.0,19.0,24,19,0.0214,0.0193,0.0009,0.0045,0.0,0.0001,0.0,0.0174,0.0642
hiking-opt14-strips-ptesting-2-2-8,0,True,30,282,1010,1364,0,1372,66,0,0,0,4,0,0,,0.0,22.0,28,22,0.0256,0.0242,0.0011,0.0018,0.0,0.0001,0.0,0.0548,0.1083
hiking-opt14-strips-ptesting-2-3-4,0,True,17,122,470,627,0,619,22,0,0,0,1,0,0,,0.0,10.0,12,10,0.0127,0.004,0.0003,0.0018,0.0,0.0,0.0,0.0157,0.0351
hiking-opt14-strips-ptesting-2-3-5,0,True,22,234,842,1122,0,1054,39,0,0,0,1,0,0,,0.0,13.0,16,13,0.0172,0.0088,0.0005,0.0017,0.0,0.0,0.0,0.0256,0.0545
hiking-opt14-strips-ptesting-2-3-6,0,True,27,202,782,1041,0,1031,40,0,0,0,1,0,0,,0.0,16.0,20,16,0.0222,0.0194,0.0009,0.0018,0.0,0.0,0.0,0.0191,0.0642
hiking-opt14-strips-ptesting-2-3-7,0,True,32,242,938,1248,0,1252,41,0,0,0,1,0,0,,0.0,19.0,24,19,0.0275,0.0262,0.0013,0.0017,0.0,0.0,0.0,0.028,0.0855
hiking-opt14-strips-ptesting-2-4-3,0,True,14,106,410,542,0,502,19,0,0,0,1,0,0,,0.0,7.0,8,7,0.0112,0.0024,0.0002,0.0015,0.0,0.0,0.0,0.0118,0.0275
hiking-opt14-strips-ptesting-2-4-4,0,True,20,158,614,810,0,769,23,0,0,0,2,0,0,,0.0,10.0,12,10,0.0145,0.0057,0.0004,0.0015,0.0,0.0001,0.0,0.0254,0.0484
hiking-opt14-strips-ptesting-2-4-5,0,True,26,210,818,1078,0,1030,29,0,0,0,1,0,0,,0.0,13.0,16,13,0.0208,0.0127,0.0007,0.0019,0.0,0.0,0.0,0.0266,0.0634
hiking-opt14-strips-ptesting-2-4-6,0,True,32,382,1382,1826,0,1666,48,0,0,0,1,0,0,,0.0,16.0,20,16,0.0261,0.0247,0.001,0.0023,0.0,0.0,0.0,0.0383,0.0934
hiking-opt14-strips-ptesting-2-4-7,0,True,38,314,1226,1614,0,1534,47,0,0,0,2,0,0,,0.0,19.0,24,19,0.0353,0.0556,0.0021,0.002,0.0,0.0001,0.0,0.028,0.1241
hiking-sat14-strips-ptesting-1-2-7,0,True,12,13,67,123,0,185,16,0,0,0,0,0,0,,0.0,13.0,13,13,0.0079,0.0015,0.0,0.0014,0.0,0.0,0.0,0.0038,0.0152
hiking-sat14-strips-ptesting-1-2-8,0,True,14,15,78,143,0,217,18,0,0,0,0,0,0,,0.0,15.0,15,15,0.009,0.0022,0.0001,0.0022,0.0,0.0,0.0,0.0039,0.0178
hiking-sat14-strips-ptesting-2-2-6,0,True,22,202,722,976,0,976,48,0,0,0,1,0,0,,0.0,16.0,20,16,0.0166,0.0088,0.0005,0.0016,0.0,0.0,0.0,0.0203,0.0485
hiking-sat14-strips-ptesting-2-2-7,0,True,26,170,650,882,0,946,52,0,0,0,2,0,0,,0.0,19.0,24,19,0.0211,0.0192,0.0009,0.0015,0.0,0.0001,0.0,0.0171,0.0605
hiking-sat14-strips-ptesting-2-2-8,0,True,30,282,1010,1364,0,1372,66,0,0,0,4,0,0,,0.0,22.0,28,22,0.0264,0.024,0.0011,0.0037,0.0,0.0001,0.0,0.0552,0.1113
hiking-sat14-strips-ptesting-2-3-6,0,True,27,202,782,1041,0,1031,40,0,0,0,1,0,0,,0.0,16.0,20,16,0.0225,0.0207,0.0009,0.0046,0.0,0.0,0.0,0.0191,0.0686
hiking-sat14-strips-ptesting-2-3-7,0,True,32,242,938,1248,0,1252,41,0,0,0,1,0,0,,0.0,19.0,24,19,0.0409,0.026,0.0012,0.0016,0.0,0.0,0.0,0.0282,0.0987
hiking-sat14-strips-ptesting-2-3-8,0,True,37,282,1094,1455,0,1463,46,0,0,0,1,0,0,,0.0,22.0,28,22,0.0355,0.0412,0.0018,0.0018,0.0,0.0,0.0,0.0331,0.1145
hiking-sat14-strips-ptesting-2-4-5,0,True,26,210,818,1078,0,1030,29,0,0,0,1,0,0,,0.0,13.0,16,13,0.0211,0.012,0.0007,0.0039,0.0,0.0,0.0,0.0267,0.066
hiking-sat14-strips-ptesting-2-4-6,0,True,32,382,1382,1826,0,1666,48,0,0,0,1,0,0,,0.0,16.0,20,16,0.0311,0.0247,0.001,0.0018,0.0,0.0,0.0,0.0383,0.0977
hiking-sat14-strips-ptesting-2-4-7,0,True,38,314,1226,1614,0,1534,47,0,0,0,2,0,0,,0.0,19.0,24,19,0.0394,0.0576,0.0021,0.0021,0.0,0.0001,0.0,0.0278,0.1301
hiking-sat14-strips-ptesting-2-4-8,0,True,44,366,1430,1882,0,1813,47,0,0,0,1,0,0,,0.0,22.0,28,22,0.0468,0.0649,0.0027,0.0019,0.0,0.0,0.0,0.0445,0.1622
hiking-sat14-strips-ptesting-3-3-5,0,True,27,579,2271,2913,0,2639,40,0,0,0,4,0,0,,0.0,17.0,20,17,0.0379,0.0436,0.0019,0.0025,0.0,0.0001,0.0,0.1874,0.2745
hiking-sat14-strips-ptesting-3-3-6,0,True,33,948,3513,4539,0,3984,63,0,0,0,1,0,0,,0.0,21.0,25,21,0.0543,0.0998,0.0035,0.0032,0.0,0.0001,0.0,0.1149,0.2773
hiking-sat14-strips-ptesting-3-3-7,0,True,39,1137,4215,5445,0,4785,75,0,0,0,1,0,0,,0.0,25.0,30,25,0.0745,0.1823,0.0054,0.0037,0.0,0.0001,0.0,0.171,0.4391
hiking-sat14-strips-ptesting-3-3-8,0,True,45,1011,3972,5091,0,4634,68,0,0,0,1,0,0,,0.0,29.0,35,29,0.1064,0.2531,0.0083,0.0038,0.0,0.0001,0.0,0.1646,0.5388
hiking-sat14-strips-ptesting-3-4-5,0,True,31,759,2991,3817,0,3363,41,0,0,0,1,0,0,,0.0,17.0,20,17,0.0485,0.0739,0.0053,0.0027,0.0,0.0001,0.0,0.1122,0.244
hiking-sat14-strips-ptesting-3-4-6,0,True,38,948,3738,4769,0,4219,50,0,0,0,6,0,0,,0.0,21.0,25,21,0.0721,0.1337,0.0052,0.0037,0.0,0.0003,0.0,0.3541,0.5708
hiking-sat14-strips-ptesting-3-4-7,0,True,45,1137,4485,5721,0,5067,58,0,0,0,2,0,0,,0.0,25.0,30,25,0.1022,0.2465,0.0082,0.004,0.0,0.0001,0.0,0.2329,0.5965
hiking-sat14-strips-ptesting-3-4-8,0,True,52,1326,5232,6673,0,5901,67,0,0,0,2,0,0,,0.0,29.0,35,29,0.142,0.4906,0.019,0.0045,0.0,0.0001,0.0,0.2339,0.8933
logistics00-probLOGISTICS-10-0,0,True,0,33,41,123,0,128,0,0,0,0,1,0,0,,0.0,41.0,41,41,0.0059,0.0007,0.0001,0.0009,0.0,0.0,0.0,0.0013,0.0093
logistics00-probLOGISTICS-10-1,0,True,0,33,39,117,0,122,0,0,0,0,1,0,0,,0.0,39.0,39,39,0.0059,0.0007,0.0001,0.0013,0.0,0.0,0.0,0.0014,0.0097
logistics00-probLOGISTICS-11-0,0,True,0,37,45,135,0,144,0,0,0,0,1,0,0,,0.0,45.0,45,45,0.0055,0.0008,0.0001,0.0012,0.0,0.0,0.0,0.0013,0.0093
logistics00-probLOGISTICS-11-1,0,True,0,46,55,165,0,178,0,0,0,0,1,0,0,,0.0,55.0,55,55,0.0061,0.0009,0.0001,0.0016,0.0,0.0,0.0,0.0013,0.0105
logistics00-probLOGISTICS-12-0,0,True,0,33,39,117,0,121,0,0,0,0,1,0,0,,0.0,39.0,39,39,0.0187,0.0008,0.0001,0.0013,0.0,0.0,0.0,0.0014,0.0226
logistics00-probLOGISTICS-12-1,0,True,0,52,63,189,0,201,0,0,0,0,1,0,0,,0.0,63.0,63,63,0.006,0.0011,0.0002,0.0012,0.0,0.0,0.0,0.0014,0.0103
logistics00-probLOGISTICS-13-0,0,True,63,220,231,577,0,712,85,0,0,0,0,0,0,,0.0,67.0,67,67,0.0076,0.0033,0.0007,0.0015,0.0,0.0,0.0,0.0098,0.0234
logistics00-probLOGISTICS-13-1,0,True,53,183,193,483,0,592,72,0,0,0,0,0,0,,0.0,57.0,57,57,0.0068,0.0027,0.0005,0.0015,0.0,0.0,0.0,0.0086,0.0205
logistics00-probLOGISTICS-14-0,0,True,48,162,171,433,0,524,60,0,0,0,0,0,0,,0.0,55.0,55,55,0.007,0.0026,0.0004,0.0015,0.0,0.0,0.0,0.0076,0.0195
logistics00-probLOGISTICS-14-1,0,True,63,216,227,569,0,701,87,0,0,0,0,0,0,,0.0,67.0,67,67,0.0074,0.0034,0.0007,0.0015,0.0,0.0,0.0,0.0096,0.0231
logistics00-probLOGISTICS-15-0,0,True,68,233,243,609,0,751,89,0,0,0,0,0,0,,0.0,71.0,71,71,0.0072,0.0039,0.0009,0.0016,0.0,0.0,0.0,0.0102,0.0243
logistics00-probLOGISTICS-15-1,0,True,63,219,227,565,0,697,85,0,0,0,0,0,0,,0.0,63.0,63,63,0.007,0.0037,0.0007,0.002,0.0,0.0,0.0,0.0098,0.0237
logistics00-probLOGISTICS-4-0,0,True,0,14,19,57,0,58,0,0,0,0,1,0,0,,0.0,19.0,19,19,0.0048,0.0002,0.0,0.0017,0.0,0.0,0.0,0.0014,0.0085
logistics00-probLOGISTICS-4-1,0,True,0,13,17,51,0,51,0,0,0,0,1,0,0,,0.0,17.0,17,17,0.0061,0.0002,0.0,0.001,0.0,0.0,0.0,0.0013,0.009
logistics00-probLOGISTICS-4-2,0,True,0,9,13,39,0,39,0,0,0,0,1,0,0,,0.0,13.0,13,13,0.0059,0.0001,0.0,0.0012,0.0,0.0,0.0,0.0013,0.0089
logistics00-probLOGISTICS-5-0,0,True,0,20,25,75,0,78,0,0,0,0,1,0,0,,0.0,25.0,25,25,0.0048,0.0002,0.0,0.0011,0.0,0.0,0.0,0.0013,0.0079
logistics00-probLOGISTICS-5-1,0,True,0,11,15,45,0,44,0,0,0,0,1,0,0,,0.0,15.0,15,15,0.006,0.0003,0.0,0.0016,0.0,0.0,0.0,0.0014,0.0097
logistics00-probLOGISTICS-5-2,0,True,0,6,8,24,0,22,0,0,0,0,1,0,0,,0.0,8.0,8,8,0.0043,0.0001,0.0,0.0011,0.0,0.0,0.0,0.0014,0.0074
logistics00-probLOGISTICS-6-0,0,True,0,19,23,69,0,71,0,0,0,0,1,0,0,,0.0,23.0,23,23,0.005,0.0003,0.0,0.0015,0.0,0.0,0.0,0.0013,0.0086
logistics00-probLOGISTICS-6-1,0,True,0,9,13,39,0,38,0,0,0,0,1,0,0,,0.0,13.0,13,13,0.0044,0.0002,0.0,0.0012,0.0,0.0,0.0,0.0014,0.0077
logistics00-probLOGISTICS-6-2,0,True,0,19,23,69,0,71,0,0,0,0,1,0,0,,0.0,23.0,23,23,0.0052,0.0002,0.0,0.0011,0.0,0.0,0.0,0.0013,0.0082
logistics00-probLOGISTICS-6-9,0,True,0,16,21,63,0,65,0,0,0,0,1,0,0,,0.0,21.0,21,21,0.0058,0.0003,0.0,0.0013,0.0,0.0,0.0,0.0014,0.0092
logistics00-probLOGISTICS-7-0,0,True,0,28,33,99,0,103,0,0,0,0,1,0,0,,0.0,33.0,33,33,0.005,0.0004,0.0001,0.001,0.0,0.0,0.0,0.0014,0.0082
logistics00-probLOGISTICS-7-1,0,True,0,33,39,117,0,124,0,0,0,0,1,0,0,,0.0,39.0,39,39,0.0053,0.0005,0.0001,0.0013,0.0,0.0,0.0,0.0014,0.009
logistics00-probLOGISTICS-8-0,0,True,0,24,29,87,0,89,0,0,0,0,1,0,0,,0.0,29.0,29,29,0.0051,0.0004,0.0,0.0013,0.0,0.0,0.0,0.0013,0.0086
logistics00-probLOGISTICS-8-1,0,True,0,34,41,123,0,129,0,0,0,0,1,0,0,,0.0,41.0,41,41,0.0061,0.0005,0.0001,0.0015,0.0,0.0,0.0,0.0014,0.01
logistics00-probLOGISTICS-9-0,0,True,0,27,33,99,0,104,0,0,0,0,1,0,0,,0.0,33.0,33,33,0.005,0.0004,0.0001,0.0012,0.0,0.0,0.0,0.0014,0.0085
logistics00-probLOGISTICS-9-1,0,True,0,24,29,87,0,89,0,0,0,0,1,0,0,,0.0,29.0,29,29,0.005,0.0004,0.0,0.0011,0.0,0.0,0.0,0.0013,0.0083
logistics98-prob01,0,True,40,118,121,298,0,364,43,0,0,0,0,0,0,,0.0,24.0,24,24,0.0064,0.0011,0.0002,0.0014,0.0,0.0,0.0,0.0067,0.0162
logistics98-prob02,0,True,96,395,401,915,0,1178,49,0,0,0,0,0,0,,0.0,28.0,28,28,0.023,0.0041,0.0005,0.0018,0.0,0.0,0.0,0.0175,0.0475
logistics98-prob03,0,True,151,718,721,1630,0,2155,66,0,0,0,0,0,0,,0.0,50.0,50,50,0.0185,0.0147,0.0026,0.0024,0.0,0.0,0.0,0.0273,0.0663
logistics98-prob04,0,True,225,1038,1041,2337,0,3067,99,0,0,0,0,0,0,,0.0,53.0,53,53,0.028,0.0298,0.0049,0.0034,0.0,0.0,0.0,0.0392,0.106
logistics98-prob05,0,True,11,31,32,93,0,86,18,0,0,0,0,0,0,,0.0,22.0,22,22,0.0057,0.0007,0.0001,0.001,0.0,0.0,0.0,0.0034,0.0112
logistics98-prob06,0,True,231,710,712,1689,0,2156,121,0,0,0,0,0,0,,0.0,65.0,65,65,0.0415,0.0342,0.0047,0.0027,0.0,0.0,0.0,0.0289,0.1128
logistics98-prob07,0,True,150,781,788,1744,0,2301,55,0,0,0,0,0,0,,0.0,29.0,29,29,0.0131,0.0103,0.0013,0.0023,0.0,0.0,0.0,0.032,0.0597
logistics98-prob08,0,True,233,1067,1069,2389,0,3189,81,0,0,0,0,0,0,,0.0,37.0,37,37,0.0316,0.0324,0.0034,0.0027,0.0,0.0,0.0,0.0406,0.1121
logistics98-prob09,0,True,372,1372,1375,3155,0,4028,184,0,0,0,0,0,0,,0.0,75.0,75,75,0.0759,0.0793,0.0127,0.0046,0.0,0.0,0.0,0.0558,0.2292
logistics98-prob10,0,True,463,2749,2769,6063,0,8463,118,0,0,0,0,0,0,,0.0,93.0,93,93,0.0815,0.1377,0.0173,0.0073,0.0,0.0,0.0,0.112,0.3569
logistics98-prob11,0,True,133,351,351,845,0,931,75,0,0,0,0,0,0,,0.0,27.0,27,27,0.0136,0.0066,0.0009,0.0017,0.0,0.0,0.0,0.0159,0.0393
logistics98-prob12,0,True,490,2687,2688,5880,0,7846,96,0,0,0,0,0,0,,0.0,37.0,37,37,0.1254,0.1543,0.0135,0.0069,0.0,0.0,0.0,0.0817,0.3832
logistics98-prob13,0,True,551,4372,4377,9351,0,12999,77,0,0,0,1,0,0,,0.0,65.0,66,65,0.1752,0.2552,0.0319,0.0106,0.0,0.0002,0.0,0.1431,0.6179
logistics98-prob14,0,True,441,2778,2780,6035,0,8156,220,0,0,0,0,0,0,,0.0,80.0,80,80,0.1038,0.1434,0.0203,0.0066,0.0,0.0,0.0,0.0872,0.3625
logistics98-prob15,0,True,182,663,667,1571,0,1947,147,0,0,0,0,0,0,,0.0,82.0,82,82,0.0151,0.0171,0.0039,0.0022,0.0,0.0,0.0,0.0301,0.0692
logistics98-prob16,0,True,411,2287,2287,5005,0,6622,144,0,0,0,0,0,0,,0.0,52.0,52,52,0.0546,0.0811,0.0126,0.0055,0.0,0.0,0.0,0.0865,0.2418
logistics98-prob17,0,True,270,792,792,1870,0,2137,115,0,0,0,0,0,0,,0.0,42.0,42,42,0.023,0.0222,0.005,0.003,0.0,0.0,0.0,0.0314,0.0853
logistics98-prob18,0,True,1058,11828,11842,24854,0,35575,149,0,0,0,0,0,0,,0.0,152.0,152,152,0.5567,1.314,0.1951,0.0406,0.0,0.0,0.0,1.2015,3.3114
logistics98-prob19,0,True,869,4452,4452,9821,0,13071,363,0,0,0,0,0,0,,0.0,130.0,130,130,0.2594,0.4477,0.0839,0.0145,0.0,0.0,0.0,0.2424,1.0502
logistics98-prob20,0,True,826,6663,6672,14258,0,19729,199,0,0,0,1,0,0,,0.0,128.0,129,128,0.5668,0.7497,0.1055,0.0209,0.0,0.0004,0.0,0.3375,1.7831
logistics98-prob21,0,True,827,4698,4700,10264,0,13760,241,0,0,0,0,0,0,,0.0,95.0,95,95,0.3271,0.46,0.07,0.0155,0.0,0.0,0.0,0.2259,1.1011
logistics98-prob22,0,True,1762,13325,13331,28539,0,40391,593,0,4,0,4,0,0,,0.0,252.0,255,252,2.1296,3.704,0.5244,0.0668,0.0,0.003,0.0,1.8066,8.2362
logistics98-prob23,0,True,324,1311,1313,2995,0,3888,275,0,0,0,0,0,0,,0.0,99.0,99,99,0.0552,0.0632,0.0135,0.0039,0.0,0.0,0.0,0.0506,0.1873
logistics98-prob24,0,True,665,2170,2170,5017,0,6055,110,0,0,0,0,0,0,,0.0,39.0,39,39,0.1455,0.2002,0.0228,0.0069,0.0,0.0,0.0,0.0666,0.4438
logistics98-prob25,0,True,1301,12993,13008,27450,0,38703,186,0,0,0,0,0,0,,0.0,177.0,177,177,2.178,3.115,0.4339,0.0538,0.0,0.0,0.0,0.6788,6.4643
logistics98-prob26,0,True,1642,5998,6010,13738,0,19193,410,0,0,0,2,0,0,,0.0,175.0,177,175,1.0767,1.5298,0.2895,0.0321,0.0,0.0011,0.0,0.2754,3.2063
logistics98-prob27,0,True,1001,5386,5393,11853,0,16010,295,0,0,0,1,0,0,,0.0,135.0,136,135,0.8408,0.9573,0.1317,0.0188,0.0,0.0004,0.0,0.3439,2.2953
logistics98-prob28,0,True,3078,14227,14228,31620,0,42209,671,0,1,0,4,0,0,,0.0,243.0,245,243,11.1916,13.3068,1.6656,0.1258,0.0,0.0035,0.0,1.0019,27.3022
logistics98-prob29,0,True,1953,23446,23462,49036,0,70663,534,0,1,0,3,0,0,,0.0,274.0,282,274,2.0095,7.2517,0.8597,0.1209,0.0,0.0033,0.0,6.3596,16.6094
logistics98-prob30,0,True,1421,4875,4875,11210,0,14269,339,0,0,0,0,0,0,,0.0,124.0,124,124,1.8263,1.8792,0.2194,0.0244,0.0,0.0,0.0,0.1758,4.129
logistics98-prob31,0,True,13,32,34,90,0,94,16,0,0,0,0,0,0,,0.0,12.0,12,12,0.0049,0.0003,0.0,0.0016,0.0,0.0,0.0,0.0039,0.011
logistics98-prob32,0,True,12,32,32,88,0,90,30,0,0,0,0,0,0,,0.0,18.0,18,18,0.0048,0.0003,0.0,0.0014,0.0,0.0,0.0,0.0038,0.0106
logistics98-prob33,0,True,22,51,51,141,0,138,39,0,0,0,0,0,0,,0.0,25.0,25,25,0.0055,0.0007,0.0001,0.0013,0.0,0.0,0.0,0.0043,0.0124
logistics98-prob34,0,True,99,244,244,602,0,694,121,0,0,0,0,0,0,,0.0,42.0,42,42,0.0082,0.0034,0.0007,0.0016,0.0,0.0,0.0,0.0126,0.027
logistics98-prob35,0,True,19,56,56,156,0,151,18,0,0,0,0,0,0,,0.0,29.0,29,29,0.0065,0.0015,0.0001,0.0016,0.0,0.0,0.0,0.0042,0.0145
miconic-s1-0,0,True,0,2,3,9,0,8,0,0,0,0,1,0,0,,0.0,3.0,3,3,0.0051,0.0,0.0,0.0011,0.0,0.0,0.0,0.0012,0.0079
miconic-s1-1,0,True,0,2,3,9,0,8,0,0,0,0,1,0,0,,0.0,3.0,3,3,0.0044,0.0,0.0,0.0013,0.0,0.0,0.0,0.0012,0.0073
miconic-s1-2,0,True,0,2,3,9,0,8,0,0,0,0,1,0,0,,0.0,3.0,3,3,0.0043,0.0,0.0,0.0013,0.0,0.0,0.0,0.0013,0.0073
miconic-s1-3,0,True,0,2,3,9,0,8,0,0,0,0,1,0,0,,0.0,3.0,3,3,0.0041,0.0,0.0,0.0011,0.0,0.0,0.0,0.0013,0.0069
miconic-s1-4,0,True,0,2,3,9,0,8,0,0,0,0,1,0,0,,0.0,3.0,3,3,0.004,0.0,0.0,0.0016,0.0,0.0,0.0,0.0012,0.0073
miconic-s10-0,0,True,6,39,39,117,0,107,0,0,0,0,0,0,0,,0.0,33.0,33,33,0.0054,0.0008,0.0001,0.0011,0.0,0.0,0.0,0.0022,0.01
miconic-s10-1,0,True,7,39,39,117,0,105,0,0,0,0,0,0,0,,0.0,32.0,32,32,0.0053,0.0008,0.0001,0.0012,0.0,0.0,0.0,0.0022,0.0099
miconic-s10-2,0,True,8,39,39,117,0,106,0,0,0,0,0,0,0,,0.0,31.0,31,31,0.0061,0.0008,0.0001,0.0015,0.0,0.0,0.0,0.0023,0.0112
miconic-s10-3,0,True,5,39,39,117,0,108,0,0,0,0,0,0,0,,0.0,34.0,34,34,0.0187,0.0008,0.0001,0.0011,0.0,0.0,0.0,0.0023,0.0234
miconic-s10-4,0,True,7,39,39,117,0,106,0,0,0,0,0,0,0,,0.0,32.0,32,32,0.0051,0.0008,0.0001,0.0014,0.0,0.0,0.0,0.0022,0.0101
miconic-s11-0,0,True,7,43,43,129,0,117,0,0,0,0,0,0,0,,0.0,36.0,36,36,0.0065,0.001,0.0001,0.0014,0.0,0.0,0.0,0.0023,0.0117
miconic-s11-1,0,True,9,43,43,129,0,118,0,0,0,0,0,0,0,,0.0,34.0,34,34,0.0056,0.001,0.0001,0.002,0.0,0.0,0.0,0.0023,0.0114
miconic-s11-2,0,True,6,43,43,129,0,118,0,0,0,0,0,0,0,,0.0,37.0,37,37,0.0059,0.001,0.0001,0.001,0.0,0.0,0.0,0.0022,0.0108
miconic-s11-3,0,True,6,43,43,129,0,119,0,0,0,0,0,0,0,,0.0,37.0,37,37,0.0059,0.001,0.0001,0.001,0.0,0.0,0.0,0.0023,0.0107
miconic-s11-4,0,True,9,43,43,129,0,118,0,0,0,0,0,0,0,,0.0,34.0,34,34,0.0056,0.001,0.0001,0.0013,0.0,0.0,0.0,0.0022,0.0106
miconic-s12-0,0,True,7,47,47,141,0,130,0,0,0,0,0,0,0,,0.0,40.0,40,40,0.0063,0.0012,0.0001,0.0012,0.0,0.0,0.0,0.0023,0.0116
miconic-s12-1,0,True,7,47,47,141,0,130,0,0,0,0,0,0,0,,0.0,40.0,40,40,0.0057,0.0012,0.0001,0.0017,0.0,0.0,0.0,0.0024,0.0116
miconic-s12-2,0,True,8,47,47,141,0,127,0,0,0,0,0,0,0,,0.0,39.0,39,39,0.006,0.0012,0.0001,0.0013,0.0,0.0,0.0,0.0023,0.0113
miconic-s12-3,0,True,9,47,47,141,0,128,0,0,0,0,0,0,0,,0.0,38.0,38,38,0.0068,0.0012,0.0001,0.0011,0.0,0.0,0.0,0.0023,0.0119
miconic-s12-4,0,True,6,47,47,141,0,130,0,0,0,0,0,0,0,,0.0,41.0,41,41,0.0061,0.0012,0.0001,0.0012,0.0,0.0,0.0,0.0022,0.0113
miconic-s13-0,0,True,8,51,51,153,0,140,0,0,0,0,0,0,0,,0.0,43.0,43,43,0.006,0.0014,0.0002,0.0013,0.0,0.0,0.0,0.0023,0.0116
miconic-s13-1,0,True,10,51,51,153,0,141,0,0,0,0,0,0,0,,0.0,41.0,41,41,0.0062,0.0014,0.0002,0.0012,0.0,0.0,0.0,0.0023,0.0117
miconic-s13-2,0,True,5,51,51,153,0,141,0,0,0,0,0,0,0,,0.0,46.0,46,46,0.0061,0.0014,0.0002,0.0014,0.0,0.0,0.0,0.0023,0.012
miconic-s13-3,0,True,8,51,51,153,0,141,0,0,0,0,0,0,0,,0.0,43.0,43,43,0.0066,0.0014,0.0002,0.0015,0.0,0.0,0.0,0.0023,0.0125
miconic-s13-4,0,True,10,51,51,153,0,140,0,0,0,0,0,0,0,,0.0,41.0,41,41,0.0063,0.0014,0.0002,0.0014,0.0,0.0,0.0,0.0023,0.012
miconic-s14-0,0,True,10,55,55,165,0,151,0,0,0,0,0,0,0,,0.0,45.0,45,45,0.0064,0.0017,0.0002,0.0015,0.0,0.0,0.0,0.0023,0.0125
miconic-s14-1,0,True,8,55,55,165,0,152,0,0,0,0,0,0,0,,0.0,47.0,47,47,0.0065,0.0017,0.0002,0.0014,0.0,0.0,0.0,0.0022,0.0125
miconic-s14-2,0,True,6,55,55,165,0,151,0,0,0,0,0,0,0,,0.0,49.0,49,49,0.0059,0.0017,0.0002,0.0013,0.0,0.0,0.0,0.0022,0.0117
miconic-s14-3,0,True,13,55,55,165,0,151,0,0,0,0,0,0,0,,0.0,42.0,42,42,0.007,0.0017,0.0002,0.0014,0.0,0.0,0.0,0.0024,0.013
miconic-s14-4,0,True,10,55,55,165,0,151,0,0,0,0,0,0,0,,0.0,45.0,45,45,0.0068,0.0017,0.0002,0.0011,0.0,0.0,0.0,0.0023,0.0125
miconic-s15-0,0,True,13,59,59,177,0,162,0,0,0,0,0,0,0,,0.0,46.0,46,46,0.0065,0.002,0.0002,0.0012,0.0,0.0,0.0,0.0024,0.0128
miconic-s15-1,0,True,10,59,59,177,0,160,0,0,0,0,0,0,0,,0.0,49.0,49,49,0.007,0.002,0.0002,0.0012,0.0,0.0,0.0,0.0023,0.0131
miconic-s15-2,0,True,10,59,59,177,0,161,0,0,0,0,0,0,0,,0.0,49.0,49,49,0.0074,0.002,0.0002,0.0014,0.0,0.0,0.0,0.0023,0.0138
miconic-s15-3,0,True,9,59,59,177,0,163,0,0,0,0,0,0,0,,0.0,50.0,50,50,0.0079,0.002,0.0002,0.0016,0.0,0.0,0.0,0.0024,0.0146
miconic-s15-4,0,True,13,59,59,177,0,161,0,0,0,0,0,0,0,,0.0,46.0,46,46,0.0073,0.002,0.0002,0.0017,0.0,0.0,0.0,0.0023,0.0139
miconic-s16-0,0,True,10,63,63,189,0,174,0,0,0,0,0,0,0,,0.0,53.0,53,53,0.0079,0.0024,0.0003,0.0013,0.0,0.0,0.0,0.0023,0.0147
miconic-s16-1,0,True,11,63,63,189,0,173,0,0,0,0,0,0,0,,0.0,52.0,52,52,0.0076,0.0024,0.0003,0.0024,0.0,0.0,0.0,0.0024,0.0155
miconic-s16-2,0,True,9,63,63,189,0,173,0,0,0,0,0,0,0,,0.0,54.0,54,54,0.0072,0.0024,0.0003,0.0015,0.0,0.0,0.0,0.0024,0.0141
miconic-s16-3,0,True,12,63,63,189,0,171,0,0,0,0,0,0,0,,0.0,51.0,51,51,0.0071,0.0024,0.0003,0.0012,0.0,0.0,0.0,0.0024,0.0138
miconic-s16-4,0,True,10,63,63,189,0,173,0,0,0,0,0,0,0,,0.0,53.0,53,53,0.0077,0.0024,0.0003,0.0014,0.0,0.0,0.0,0.0023,0.0147
miconic-s17-0,0,True,12,67,67,201,0,184,0,0,0,0,0,0,0,,0.0,55.0,55,55,0.0084,0.0029,0.0003,0.0012,0.0,0.0,0.0,0.0023,0.0157
miconic-s17-1,0,True,13,67,67,201,0,184,0,0,0,0,0,0,0,,0.0,54.0,54,54,0.0082,0.0029,0.0003,0.0012,0.0,0.0,0.0,0.0024,0.0155
miconic-s17-2,0,True,13,67,67,201,0,184,0,0,0,0,0,0,0,,0.0,54.0,54,54,0.0079,0.0029,0.0003,0.0015,0.0,0.0,0.0,0.0023,0.0153
miconic-s17-3,0,True,8,67,67,201,0,184,0,0,0,0,0,0,0,,0.0,59.0,59,59,0.007,0.0029,0.0003,0.0012,0.0,0.0,0.0,0.0023,0.0141
miconic-s17-4,0,True,13,67,67,201,0,184,0,0,0,0,0,0,0,,0.0,54.0,54,54,0.0076,0.0029,0.0003,0.0011,0.0,0.0,0.0,0.0023,0.0148
miconic-s18-0,0,True,12,71,71,213,0,196,0,0,0,0,0,0,0,,0.0,59.0,59,59,0.008,0.0033,0.0003,0.0012,0.0,0.0,0.0,0.0024,0.0157
miconic-s18-1,0,True,13,71,71,213,0,195,0,0,0,0,0,0,0,,0.0,58.0,58,58,0.0082,0.0033,0.0003,0.0013,0.0,0.0,0.0,0.0023,0.016
miconic-s18-2,0,True,13,71,71,213,0,196,0,0,0,0,0,0,0,,0.0,58.0,58,58,0.0073,0.0034,0.0004,0.0017,0.0,0.0,0.0,0.0024,0.0156
miconic-s18-3,0,True,12,71,71,213,0,195,0,0,0,0,0,0,0,,0.0,59.0,59,59,0.0083,0.0034,0.0004,0.0013,0.0,0.0,0.0,0.0024,0.0162
miconic-s18-4,0,True,15,71,71,213,0,194,0,0,0,0,0,0,0,,0.0,56.0,56,56,0.0081,0.0033,0.0003,0.0013,0.0,0.0,0.0,0.0024,0.0158
miconic-s19-0,0,True,13,75,75,225,0,207,0,0,0,0,0,0,0,,0.0,62.0,62,62,0.0091,0.0038,0.0004,0.0011,0.0,0.0,0.0,0.0024,0.0173
miconic-s19-1,0,True,10,75,75,225,0,207,0,0,0,0,0,0,0,,0.0,65.0,65,65,0.0101,0.0039,0.0004,0.002,0.0,0.0,0.0,0.0023,0.0192
miconic-s19-2,0,True,14,75,75,225,0,206,0,0,0,0,0,0,0,,0.0,61.0,61,61,0.0085,0.0038,0.0004,0.0013,0.0,0.0,0.0,0.0024,0.0169
miconic-s19-3,0,True,12,75,75,225,0,206,0,0,0,0,0,0,0,,0.0,63.0,63,63,0.009,0.004,0.0004,0.001,0.0,0.0,0.0,0.0024,0.0173
miconic-s19-4,0,True,13,75,75,225,0,206,0,0,0,0,0,0,0,,0.0,62.0,62,62,0.0083,0.0038,0.0004,0.0014,0.0,0.0,0.0,0.0025,0.0168
miconic-s2-0,0,True,0,7,7,21,0,20,0,0,0,0,1,0,0,,0.0,7.0,7,7,0.0045,0.0001,0.0,0.001,0.0,0.0,0.0,0.0013,0.0072
miconic-s2-1,0,True,1,7,7,21,0,18,0,0,0,0,0,0,0,,0.0,6.0,6,6,0.0174,0.0001,0.0,0.001,0.0,0.0,0.0,0.0022,0.0211
miconic-s2-2,0,True,1,7,7,21,0,18,0,0,0,0,0,0,0,,0.0,6.0,6,6,0.0042,0.0001,0.0,0.0011,0.0,0.0,0.0,0.0021,0.0078
miconic-s2-3,0,True,0,7,7,21,0,20,0,0,0,0,1,0,0,,0.0,7.0,7,7,0.0044,0.0001,0.0,0.0009,0.0,0.0,0.0,0.0012,0.007
miconic-s2-4,0,True,1,7,7,21,0,19,0,0,0,0,0,0,0,,0.0,6.0,6,6,0.0046,0.0001,0.0,0.001,0.0,0.0,0.0,0.0021,0.0081
miconic-s20-0,0,True,16,79,79,237,0,218,0,0,0,0,0,0,0,,0.0,63.0,63,63,0.0091,0.0045,0.0004,0.0013,0.0,0.0,0.0,0.0024,0.0183
miconic-s20-1,0,True,13,79,79,237,0,217,0,0,0,0,0,0,0,,0.0,66.0,66,66,0.0086,0.0044,0.0004,0.0013,0.0,0.0,0.0,0.0023,0.0176
miconic-s20-2,0,True,17,79,79,237,0,216,0,0,0,0,0,0,0,,0.0,62.0,62,62,0.0082,0.0045,0.0004,0.0015,0.0,0.0,0.0,0.0024,0.0175
miconic-s20-3,0,True,16,79,79,237,0,218,0,0,0,0,0,0,0,,0.0,63.0,63,63,0.0086,0.0044,0.0005,0.0017,0.0,0.0,0.0,0.0023,0.018
miconic-s20-4,0,True,15,79,79,237,0,216,0,0,0,0,0,0,0,,0.0,64.0,64,64,0.0088,0.0044,0.0004,0.0013,0.0,0.0,0.0,0.0024,0.0178
miconic-s21-0,0,True,14,83,83,249,0,228,0,0,0,0,0,0,0,,0.0,69.0,69,69,0.0096,0.005,0.0005,0.0011,0.0,0.0,0.0,0.0024,0.0191
miconic-s21-1,0,True,14,83,83,249,0,228,0,0,0,0,0,0,0,,0.0,69.0,69,69,0.0104,0.005,0.0005,0.0011,0.0,0.0,0.0,0.0025,0.0199
miconic-s21-2,0,True,14,83,83,249,0,228,0,0,0,0,0,0,0,,0.0,69.0,69,69,0.009,0.005,0.0005,0.0013,0.0,0.0,0.0,0.0025,0.0188
miconic-s21-3,0,True,17,83,83,249,0,227,0,0,0,0,0,0,0,,0.0,66.0,66,66,0.0092,0.005,0.0005,0.0012,0.0,0.0,0.0,0.0025,0.0189
miconic-s21-4,0,True,13,83,83,249,0,227,0,0,0,0,0,0,0,,0.0,70.0,70,70,0.0091,0.0051,0.0005,0.0015,0.0,0.0,0.0,0.0024,0.0193
miconic-s22-0,0,True,15,87,87,261,0,239,0,0,0,0,0,0,0,,0.0,72.0,72,72,0.0101,0.0057,0.0005,0.001,0.0,0.0,0.0,0.0025,0.0203
miconic-s22-1,0,True,17,87,87,261,0,239,0,0,0,0,0,0,0,,0.0,70.0,70,70,0.0214,0.0059,0.0005,0.0017,0.0,0.0,0.0,0.0025,0.0326
miconic-s22-2,0,True,16,87,87,261,0,240,0,0,0,0,0,0,0,,0.0,71.0,71,71,0.0115,0.0057,0.0005,0.002,0.0,0.0,0.0,0.0024,0.0227
miconic-s22-3,0,True,12,87,87,261,0,238,0,0,0,0,0,0,0,,0.0,75.0,75,75,0.0108,0.0057,0.0006,0.0013,0.0,0.0,0.0,0.0024,0.0214
miconic-s22-4,0,True,16,87,87,261,0,239,0,0,0,0,0,0,0,,0.0,71.0,71,71,0.0101,0.0059,0.0006,0.0011,0.0,0.0,0.0,0.0025,0.0206
miconic-s23-0,0,True,16,91,91,273,0,250,0,0,0,0,0,0,0,,0.0,75.0,75,75,0.0114,0.0065,0.0006,0.0014,0.0,0.0,0.0,0.0023,0.0227
miconic-s23-1,0,True,17,91,91,273,0,250,0,0,0,0,0,0,0,,0.0,74.0,74,74,0.0101,0.0065,0.0006,0.0013,0.0,0.0,0.0,0.0025,0.0215
miconic-s23-2,0,True,18,91,91,273,0,251,0,0,0,0,0,0,0,,0.0,73.0,73,73,0.0106,0.0066,0.0007,0.0011,0.0,0.0,0.0,0.0025,0.0221
miconic-s23-3,0,True,20,91,91,273,0,251,0,0,0,0,0,0,0,,0.0,71.0,71,71,0.0103,0.0065,0.0006,0.0016,0.0,0.0,0.0,0.0024,0.0219
miconic-s23-4,0,True,17,91,91,273,0,251,0,0,0,0,0,0,0,,0.0,74.0,74,74,0.0125,0.0067,0.0007,0.0014,0.0,0.0,0.0,0.0024,0.0243
miconic-s24-0,0,True,16,95,95,285,0,262,0,0,0,0,0,0,0,,0.0,79.0,79,79,0.0125,0.0073,0.0007,0.0015,0.0,0.0,0.0,0.0025,0.025
miconic-s24-1,0,True,17,95,95,285,0,262,0,0,0,0,0,0,0,,0.0,78.0,78,78,0.0261,0.0075,0.0007,0.0011,0.0,0.0,0.0,0.0025,0.0385
miconic-s24-2,0,True,18,95,95,285,0,260,0,0,0,0,0,0,0,,0.0,77.0,77,77,0.0128,0.0073,0.0007,0.0016,0.0,0.0,0.0,0.0025,0.0254
miconic-s24-3,0,True,16,95,95,285,0,260,0,0,0,0,0,0,0,,0.0,79.0,79,79,0.0125,0.0073,0.0007,0.0011,0.0,0.0,0.0,0.0024,0.0245
miconic-s24-4,0,True,18,95,95,285,0,260,0,0,0,0,0,0,0,,0.0,77.0,77,77,0.0104,0.0073,0.0007,0.001,0.0,0.0,0.0,0.0024,0.0224
miconic-s25-0,0,True,18,99,99,297,0,273,0,0,0,0,0,0,0,,0.0,81.0,81,81,0.0266,0.0082,0.0007,0.0013,0.0,0.0,0.0,0.0025,0.0399
miconic-s25-1,0,True,14,99,99,297,0,273,0,0,0,0,0,0,0,,0.0,85.0,85,85,0.0129,0.0083,0.0007,0.0013,0.0,0.0,0.0,0.0023,0.0261
miconic-s25-2,0,True,21,99,99,297,0,272,0,0,0,0,0,0,0,,0.0,78.0,78,78,0.0134,0.0082,0.0008,0.0014,0.0,0.0,0.0,0.0025,0.0268
miconic-s25-3,0,True,15,99,99,297,0,271,0,0,0,0,0,0,0,,0.0,84.0,84,84,0.0263,0.0084,0.0008,0.0015,0.0,0.0,0.0,0.0025,0.0401
miconic-s25-4,0,True,17,99,99,297,0,271,0,0,0,0,0,0,0,,0.0,82.0,82,82,0.0128,0.0083,0.0007,0.0014,0.0,0.0,0.0,0.0025,0.0263
miconic-s26-0,0,True,20,103,103,309,0,283,0,0,0,0,0,0,0,,0.0,83.0,83,83,0.0132,0.0092,0.0008,0.0016,0.0,0.0,0.0,0.0024,0.0277
miconic-s26-1,0,True,20,103,103,309,0,284,0,0,0,0,0,0,0,,0.0,83.0,83,83,0.0137,0.0093,0.0008,0.0015,0.0,0.0,0.0,0.0024,0.0283
miconic-s26-2,0,True,13,103,103,309,0,284,0,0,0,0,0,0,0,,0.0,90.0,90,90,0.0141,0.0092,0.0008,0.0013,0.0,0.0,0.0,0.0023,0.0283
miconic-s26-3,0,True,15,103,103,309,0,284,0,0,0,0,0,0,0,,0.0,88.0,88,88,0.0138,0.0094,0.0009,0.0013,0.0,0.0,0.0,0.0025,0.0284
miconic-s26-4,0,True,21,103,103,309,0,282,0,0,0,0,0,0,0,,0.0,82.0,82,82,0.0133,0.0094,0.0008,0.0014,0.0,0.0,0.0,0.0025,0.028
miconic-s27-0,0,True,20,107,107,321,0,293,0,0,0,0,0,0,0,,0.0,87.0,87,87,0.0139,0.0104,0.001,0.0014,0.0,0.0,0.0,0.0024,0.0297
miconic-s27-1,0,True,16,107,107,321,0,294,0,0,0,0,0,0,0,,0.0,91.0,91,91,0.0139,0.0105,0.0009,0.0015,0.0,0.0,0.0,0.0025,0.0298
miconic-s27-2,0,True,20,107,107,321,0,294,0,0,0,0,0,0,0,,0.0,87.0,87,87,0.0143,0.0105,0.001,0.0013,0.0,0.0,0.0,0.0025,0.0301
miconic-s27-3,0,True,18,107,107,321,0,295,0,0,0,0,0,0,0,,0.0,89.0,89,89,0.0137,0.0103,0.0009,0.0015,0.0,0.0,0.0,0.0025,0.0294
miconic-s27-4,0,True,19,107,107,321,0,293,0,0,0,0,0,0,0,,0.0,88.0,88,88,0.0146,0.0104,0.0009,0.0013,0.0,0.0,0.0,0.0024,0.0302
miconic-s28-0,0,True,17,111,111,333,0,304,0,0,0,0,0,0,0,,0.0,94.0,94,94,0.0144,0.0114,0.001,0.0012,0.0,0.0,0.0,0.0025,0.031
miconic-s28-1,0,True,19,111,111,333,0,306,0,0,0,0,0,0,0,,0.0,92.0,92,92,0.0146,0.0115,0.0011,0.0013,0.0,0.0,0.0,0.0025,0.0316
miconic-s28-2,0,True,18,111,111,333,0,305,0,0,0,0,0,0,0,,0.0,93.0,93,93,0.0154,0.0114,0.0011,0.0011,0.0,0.0,0.0,0.0024,0.0322
miconic-s28-3,0,True,24,111,111,333,0,305,0,0,0,0,0,0,0,,0.0,87.0,87,87,0.0143,0.0114,0.001,0.0014,0.0,0.0,0.0,0.0025,0.0311
miconic-s28-4,0,True,19,111,111,333,0,306,0,0,0,0,0,0,0,,0.0,92.0,92,92,0.0142,0.0115,0.001,0.0017,0.0,0.0,0.0,0.0025,0.0315
miconic-s29-0,0,True,21,115,115,345,0,315,0,0,0,0,0,0,0,,0.0,94.0,94,94,0.0139,0.0128,0.0011,0.0012,0.0,0.0,0.0,0.0025,0.0321
miconic-s29-1,0,True,24,115,115,345,0,316,0,0,0,0,0,0,0,,0.0,91.0,91,91,0.0154,0.0132,0.0012,0.0016,0.0,0.0,0.0,0.0026,0.0346
miconic-s29-2,0,True,20,115,115,345,0,317,0,0,0,0,0,0,0,,0.0,95.0,95,95,0.0156,0.0129,0.0011,0.0021,0.0,0.0,0.0,0.0025,0.0349
miconic-s29-3,0,True,19,115,115,345,0,316,0,0,0,0,0,0,0,,0.0,96.0,96,96,0.0159,0.0127,0.0011,0.0015,0.0,0.0,0.0,0.0025,0.0343
miconic-s29-4,0,True,16,115,115,345,0,317,0,0,0,0,0,0,0,,0.0,99.0,99,99,0.0272,0.0128,0.001,0.0018,0.0,0.0,0.0,0.0025,0.0459
miconic-s3-0,0,True,1,11,11,33,0,31,0,0,0,0,0,0,0,,0.0,10.0,10,10,0.0045,0.0001,0.0,0.0014,0.0,0.0,0.0,0.0022,0.0086
miconic-s3-1,0,True,1,11,11,33,0,31,0,0,0,0,0,0,0,,0.0,10.0,10,10,0.0052,0.0001,0.0,0.0012,0.0,0.0,0.0,0.0021,0.0091
miconic-s3-2,0,True,2,11,11,33,0,28,0,0,0,0,0,0,0,,0.0,9.0,9,9,0.0047,0.0001,0.0,0.0013,0.0,0.0,0.0,0.0021,0.0086
miconic-s3-3,0,True,2,11,11,33,0,29,0,0,0,0,0,0,0,,0.0,9.0,9,9,0.0046,0.0001,0.0,0.0013,0.0,0.0,0.0,0.0021,0.0088
miconic-s3-4,0,True,2,11,11,33,0,28,0,0,0,0,0,0,0,,0.0,9.0,9,9,0.005,0.0001,0.0,0.0013,0.0,0.0,0.0,0.0021,0.0089
miconic-s30-0,0,True,24,119,119,357,0,327,0,0,0,0,0,0,0,,0.0,95.0,95,95,0.0156,0.014,0.0012,0.0013,0.0,0.0,0.0,0.0025,0.0351
miconic-s30-1,0,True,21,119,119,357,0,327,0,0,0,0,0,0,0,,0.0,98.0,98,98,0.0302,0.014,0.0012,0.0016,0.0,0.0,0.0,0.0025,0.0505
miconic-s30-2,0,True,23,119,119,357,0,326,0,0,0,0,0,0,0,,0.0,96.0,96,96,0.016,0.014,0.0012,0.0023,0.0,0.0,0.0,0.0025,0.0365
miconic-s30-3,0,True,19,119,119,357,0,327,0,0,0,0,0,0,0,,0.0,100.0,100,100,0.0159,0.0143,0.0011,0.0014,0.0,0.0,0.0,0.0025,0.0358
miconic-s30-4,0,True,20,119,119,357,0,326,0,0,0,0,0,0,0,,0.0,99.0,99,99,0.0268,0.014,0.0012,0.0011,0.0,0.0,0.0,0.0025,0.0462
miconic-s4-0,0,True,1,15,15,45,0,42,0,0,0,0,0,0,0,,0.0,14.0,14,14,0.0047,0.0001,0.0,0.0012,0.0,0.0,0.0,0.0021,0.0085
miconic-s4-1,0,True,2,15,15,45,0,40,0,0,0,0,0,0,0,,0.0,13.0,13,13,0.0042,0.0001,0.0,0.001,0.0,0.0,0.0,0.0022,0.008
miconic-s4-2,0,True,1,15,15,45,0,41,0,0,0,0,0,0,0,,0.0,14.0,14,14,0.0049,0.0001,0.0,0.0013,0.0,0.0,0.0,0.0022,0.0089
miconic-s4-3,0,True,1,15,15,45,0,41,0,0,0,0,0,0,0,,0.0,14.0,14,14,0.0047,0.0002,0.0,0.0022,0.0,0.0,0.0,0.0022,0.0097
miconic-s4-4,0,True,0,15,15,45,0,42,0,0,0,0,1,0,0,,0.0,15.0,15,15,0.0045,0.0001,0.0,0.001,0.0,0.0,0.0,0.0014,0.0075
miconic-s5-0,0,True,2,19,19,57,0,53,0,0,0,0,0,0,0,,0.0,17.0,17,17,0.0025,0.0002,0.0,0.001,0.0,0.0,0.0,0.0021,0.0061
miconic-s5-1,0,True,3,19,19,57,0,50,0,0,0,0,0,0,0,,0.0,16.0,16,16,0.0045,0.0002,0.0,0.0011,0.0,0.0,0.0,0.0021,0.0083
miconic-s5-2,0,True,5,19,19,57,0,50,0,0,0,0,0,0,0,,0.0,14.0,14,14,0.0045,0.0002,0.0,0.0011,0.0,0.0,0.0,0.0022,0.0085
miconic-s5-3,0,True,2,19,19,57,0,53,0,0,0,0,0,0,0,,0.0,17.0,17,17,0.0048,0.0002,0.0,0.0014,0.0,0.0,0.0,0.0021,0.0088
miconic-s5-4,0,True,2,19,19,57,0,52,0,0,0,0,0,0,0,,0.0,17.0,17,17,0.0052,0.0002,0.0,0.0011,0.0,0.0,0.0,0.0021,0.009
miconic-s6-0,0,True,5,23,23,69,0,63,0,0,0,0,0,0,0,,0.0,18.0,18,18,0.0052,0.0003,0.0,0.0012,0.0,0.0,0.0,0.0022,0.0094
miconic-s6-1,0,True,4,23,23,69,0,63,0,0,0,0,0,0,0,,0.0,19.0,19,19,0.0047,0.0003,0.0,0.0012,0.0,0.0,0.0,0.0021,0.0087
miconic-s6-2,0,True,4,23,23,69,0,63,0,0,0,0,0,0,0,,0.0,19.0,19,19,0.0054,0.0003,0.0,0.0016,0.0,0.0,0.0,0.0021,0.0099
miconic-s6-3,0,True,5,23,23,69,0,62,0,0,0,0,0,0,0,,0.0,18.0,18,18,0.0047,0.0003,0.0,0.0016,0.0,0.0,0.0,0.0022,0.0092
miconic-s6-4,0,True,3,23,23,69,0,63,0,0,0,0,0,0,0,,0.0,20.0,20,20,0.0046,0.0003,0.0,0.0009,0.0,0.0,0.0,0.0022,0.0084
miconic-s7-0,0,True,4,27,27,81,0,75,0,0,0,0,0,0,0,,0.0,23.0,23,23,0.0048,0.0004,0.0001,0.0015,0.0,0.0,0.0,0.0022,0.0095
miconic-s7-1,0,True,3,27,27,81,0,75,0,0,0,0,0,0,0,,0.0,24.0,24,24,0.0053,0.0004,0.0001,0.0014,0.0,0.0,0.0,0.0021,0.0096
miconic-s7-2,0,True,5,27,27,81,0,74,0,0,0,0,0,0,0,,0.0,22.0,22,22,0.0064,0.0004,0.0001,0.001,0.0,0.0,0.0,0.0022,0.0104
miconic-s7-3,0,True,5,27,27,81,0,73,0,0,0,0,0,0,0,,0.0,22.0,22,22,0.0046,0.0004,0.0001,0.0012,0.0,0.0,0.0,0.0022,0.0088
miconic-s7-4,0,True,2,27,27,81,0,74,0,0,0,0,0,0,0,,0.0,25.0,25,25,0.0049,0.0004,0.0001,0.0014,0.0,0.0,0.0,0.0022,0.0093
miconic-s8-0,0,True,4,31,31,93,0,86,0,0,0,0,0,0,0,,0.0,27.0,27,27,0.0054,0.0005,0.0001,0.0012,0.0,0.0,0.0,0.0022,0.0098
miconic-s8-1,0,True,5,31,31,93,0,85,0,0,0,0,0,0,0,,0.0,26.0,26,26,0.0049,0.0005,0.0001,0.0016,0.0,0.0,0.0,0.0023,0.0097
miconic-s8-2,0,True,6,31,31,93,0,85,0,0,0,0,0,0,0,,0.0,25.0,25,25,0.0055,0.0005,0.0001,0.0011,0.0,0.0,0.0,0.0022,0.0098
miconic-s8-3,0,True,4,31,31,93,0,84,0,0,0,0,0,0,0,,0.0,27.0,27,27,0.0054,0.0005,0.0001,0.0016,0.0,0.0,0.0,0.0021,0.0102
miconic-s8-4,0,True,5,31,31,93,0,85,0,0,0,0,0,0,0,,0.0,26.0,26,26,0.0057,0.0005,0.0001,0.0014,0.0,0.0,0.0,0.0022,0.0102
miconic-s9-0,0,True,5,35,35,105,0,96,0,0,0,0,0,0,0,,0.0,30.0,30,30,0.0052,0.0006,0.0001,0.0013,0.0,0.0,0.0,0.0023,0.0099
miconic-s9-1,0,True,6,35,35,105,0,95,0,0,0,0,0,0,0,,0.0,29.0,29,29,0.0053,0.0006,0.0001,0.0012,0.0,0.0,0.0,0.0022,0.0099
miconic-s9-2,0,True,6,35,35,105,0,95,0,0,0,0,0,0,0,,0.0,29.0,29,29,0.0059,0.0006,0.0001,0.0012,0.0,0.0,0.0,0.0022,0.0104
miconic-s9-3,0,True,4,35,35,105,0,96,0,0,0,0,0,0,0,,0.0,31.0,31,31,0.0049,0.0006,0.0001,0.0013,0.0,0.0,0.0,0.0022,0.0094
miconic-s9-4,0,True,8,35,35,105,0,95,0,0,0,0,0,0,0,,0.0,27.0,27,27,0.005,0.0006,0.0001,0.0013,0.0,0.0,0.0,0.0023,0.0096
movie-prob01,0,True,0,5,7,21,0,14,0,0,0,0,1,0,0,,0.0,7.0,7,7,0.0051,0.0001,0.0,0.0013,0.0,0.0,0.0,0.0013,0.0082
movie-prob02,0,True,0,5,7,21,0,14,0,0,0,0,1,0,0,,0.0,7.0,7,7,0.0046,0.0001,0.0,0.0017,0.0,0.0,0.0,0.0013,0.008
movie-prob03,0,True,0,5,7,21,0,14,0,0,0,0,1,0,0,,0.0,7.0,7,7,0.0024,0.0001,0.0,0.001,0.0,0.0,0.0,0.0013,0.0051
movie-prob04,0,True,0,5,7,21,0,14,0,0,0,0,1,0,0,,0.0,7.0,7,7,0.0063,0.0001,0.0,0.0029,0.0,0.0,0.0,0.0013,0.0109
movie-prob05,0,True,0,5,7,21,0,14,0,0,0,0,1,0,0,,0.0,7.0,7,7,0.0044,0.0001,0.0,0.0011,0.0,0.0,0.0,0.0014,0.0074
movie-prob06,0,True,0,5,7,21,0,14,0,0,0,0,1,0,0,,0.0,7.0,7,7,0.0044,0.0001,0.0,0.0009,0.0,0.0,0.0,0.0013,0.0071
movie-prob07,0,True,0,5,7,21,0,14,0,0,0,0,1,0,0,,0.0,7.0,7,7,0.0043,0.0001,0.0,0.0012,0.0,0.0,0.0,0.0013,0.0074
movie-prob08,0,True,0,5,7,21,0,14,0,0,0,0,1,0,0,,0.0,7.0,7,7,0.0047,0.0001,0.0,0.0013,0.0,0.0,0.0,0.0013,0.0078
movie-prob09,0,True,0,5,7,21,0,14,0,0,0,0,1,0,0,,0.0,7.0,7,7,0.0044,0.0001,0.0,0.0012,0.0,0.0,0.0,0.0013,0.0074
movie-prob10,0,True,0,5,7,21,0,14,0,0,0,0,1,0,0,,0.0,7.0,7,7,0.0042,0.0001,0.0,0.0017,0.0,0.0,0.0,0.0013,0.0078
movie-prob11,0,True,0,5,7,21,0,14,0,0,0,0,1,0,0,,0.0,7.0,7,7,0.0048,0.0001,0.0,0.001,0.0,0.0,0.0,0.0013,0.0076
movie-prob12,0,True,0,5,7,21,0,14,0,0,0,0,1,0,0,,0.0,7.0,7,7,0.0043,0.0001,0.0,0.0012,0.0,0.0,0.0,0.0013,0.0073
movie-prob13,0,True,0,5,7,21,0,14,0,0,0,0,1,0,0,,0.0,7.0,7,7,0.0048,0.0001,0.0,0.0016,0.0,0.0,0.0,0.0013,0.0082
movie-prob14,0,True,0,5,7,21,0,14,0,0,0,0,1,0,0,,0.0,7.0,7,7,0.0046,0.0001,0.0,0.0014,0.0,0.0,0.0,0.0012,0.0079
movie-prob15,0,True,0,5,7,21,0,14,0,0,0,0,1,0,0,,0.0,7.0,7,7,0.0045,0.0001,0.0,0.0013,0.0,0.0,0.0,0.0013,0.0077
movie-prob16,0,True,0,5,7,21,0,14,0,0,0,0,1,0,0,,0.0,7.0,7,7,0.0046,0.0001,0.0,0.0015,0.0,0.0,0.0,0.0013,0.0081
movie-prob17,0,True,0,5,7,21,0,14,0,0,0,0,1,0,0,,0.0,7.0,7,7,0.0051,0.0001,0.0,0.0013,0.0,0.0,0.0,0.0013,0.0082
movie-prob18,0,True,0,5,7,21,0,14,0,0,0,0,1,0,0,,0.0,7.0,7,7,0.0037,0.0001,0.0,0.0012,0.0,0.0,0.0,0.0014,0.0069
movie-prob19,0,True,0,5,7,21,0,14,0,0,0,0,1,0,0,,0.0,7.0,7,7,0.0047,0.0001,0.0,0.002,0.0,0.0,0.0,0.0012,0.0084
movie-prob20,0,True,0,5,7,21,0,14,0,0,0,0,1,0,0,,0.0,7.0,7,7,0.0044,0.0001,0.0,0.0015,0.0,0.0,0.0,0.0012,0.0076
movie-prob21,0,True,0,5,7,21,0,14,0,0,0,0,1,0,0,,0.0,7.0,7,7,0.0054,0.0001,0.0,0.0017,0.0,0.0,0.0,0.0013,0.009
movie-prob22,0,True,0,5,7,21,0,14,0,0,0,0,1,0,0,,0.0,7.0,7,7,0.0046,0.0001,0.0,0.0019,0.0,0.0,0.0,0.0012,0.0084
movie-prob23,0,True,0,5,7,21,0,14,0,0,0,0,1,0,0,,0.0,7.0,7,7,0.0044,0.0001,0.0,0.0015,0.0,0.0,0.0,0.0012,0.0076
movie-prob24,0,True,0,5,7,21,0,14,0,0,0,0,1,0,0,,0.0,7.0,7,7,0.0049,0.0001,0.0,0.001,0.0,0.0,0.0,0.0013,0.0078
movie-prob25,0,True,0,5,7,21,0,14,0,0,0,0,1,0,0,,0.0,7.0,7,7,0.0051,0.0001,0.0,0.0013,0.0,0.0,0.0,0.0013,0.0082
movie-prob26,0,True,0,5,7,21,0,14,0,0,0,0,1,0,0,,0.0,7.0,7,7,0.0049,0.0001,0.0,0.001,0.0,0.0,0.0,0.0012,0.0076
movie-prob27,0,True,0,5,7,21,0,14,0,0,0,0,1,0,0,,0.0,7.0,7,7,0.0045,0.0001,0.0,0.0012,0.0,0.0,0.0,0.0013,0.0075
movie-prob28,0,True,0,5,7,21,0,14,0,0,0,0,1,0,0,,0.0,7.0,7,7,0.0053,0.0001,0.0,0.0011,0.0,0.0,0.0,0.0013,0.0084
movie-prob29,0,True,0,5,7,21,0,14,0,0,0,0,1,0,0,,0.0,7.0,7,7,0.005,0.0001,0.0,0.0014,0.0,0.0,0.0,0.0013,0.0082
movie-prob30,0,True,0,5,7,21,0,14,0,0,0,0,1,0,0,,0.0,7.0,7,7,0.0048,0.0001,0.0,0.0012,0.0,0.0,0.0,0.0014,0.008
mprime-prob01,0,True,58,262,509,833,0,982,12,0,0,0,0,0,0,,0.0,5.0,5,5,0.009,0.0031,0.0002,0.0014,0.0,0.0,0.0,0.0172,0.0314
mprime-prob02,0,True,262,1900,3671,5835,0,7348,17,0,0,0,0,0,0,,0.0,7.0,7,7,0.0252,0.0411,0.002,0.0057,0.0,0.0,0.0,0.1446,0.2196
mprime-prob03,0,True,203,1310,2378,3892,0,5116,12,0,0,0,0,0,0,,0.0,4.0,4,4,0.0183,0.0232,0.0008,0.0041,0.0,0.0,0.0,0.0637,0.1109
mprime-prob04,0,True,45,307,611,971,0,1062,14,0,0,0,1,0,0,,0.0,7.0,8,7,0.0113,0.0035,0.0004,0.0017,0.0,0.0,0.0,0.0195,0.0369
mprime-prob05,0,True,227,1441,2767,4437,0,5687,21,0,2,0,3,0,0,,0.0,8.0,9,8,0.0205,0.0273,0.0016,0.0044,0.0,0.0003,0.0,0.162,0.2168
mprime-prob06,0,True,604,9282,17565,27453,0,35014,24,0,137,0,97,0,1755,,0.0,11.0,11,11,0.1622,0.5063,0.028,0.0341,0.0,0.0309,0.0,164.7611,165.4953
mprime-prob07,0,True,313,993,1537,2844,0,4388,15,0,0,0,0,0,0,,0.0,5.0,5,5,0.0151,0.0187,0.0012,0.0038,0.0,0.0,0.0,0.0521,0.0916
mprime-prob08,0,True,381,3609,6898,10889,0,13989,13,0,0,0,1,0,0,,0.0,5.0,6,5,0.0564,0.1173,0.0055,0.0112,0.0,0.0001,0.0,0.6509,0.8443
mprime-prob09,0,True,192,1199,2297,3690,0,4667,19,0,0,0,0,0,0,,0.0,8.0,8,8,0.0171,0.0216,0.0013,0.0037,0.0,0.0,0.0,0.1023,0.1468
mprime-prob10,0,True,1336,22461,42785,66583,0,86844,20,0,10,0,7,0,0,,0.0,7.0,8,7,0.5632,2.4258,0.042,0.1644,0.0,0.006,0.0,12.773,15.9778
mprime-prob11,0,True,106,366,675,1154,0,1367,14,0,0,0,0,0,0,,0.0,7.0,7,7,0.012,0.007,0.0004,0.0019,0.0,0.0,0.0,0.0217,0.0437
mprime-prob12,0,True,116,682,1336,2135,0,2633,14,0,0,0,0,0,0,,0.0,5.0,5,5,0.0143,0.0112,0.0005,0.0025,0.0,0.0,0.0,0.0412,0.0704
mprime-prob13,0,True,1520,23996,45010,70528,0,93037,29,0,4,0,5,0,0,,0.0,11.0,12,11,0.5965,2.739,0.1664,0.2171,0.0,0.0034,0.0,5.4532,9.1817
mprime-prob14,0,True,1586,30314,57079,88981,0,116508,24,0,0,0,0,0,0,,0.0,9.0,9,9,0.8005,4.2548,0.0868,0.269,0.0,0.0,0.0,2.2781,7.6976
mprime-prob15,0,True,729,14739,28431,43900,0,55606,16,0,0,0,0,0,0,,0.0,6.0,6,6,0.5609,1.3228,0.0224,0.0607,0.0,0.0,0.0,0.7542,2.7265
mprime-prob16,0,True,297,2910,5591,8800,0,11233,15,0,0,0,0,0,0,,0.0,5.0,5,5,0.0382,0.0843,0.0036,0.0093,0.0,0.0,0.0,0.1395,0.276
mprime-prob17,0,True,721,11447,21370,33539,0,43315,12,0,0,0,0,0,0,,0.0,4.0,4,4,0.1847,0.6085,0.0101,0.0491,0.0,0.0,0.0,0.6226,1.4785
mprime-prob18,2,True,573,9429,18224,28227,0,35374,29,0,465,0,236,0,8632,,0.0,11.557,14,14,0.1966,0.648,0.0488,0.0347,0.0,0.077,0.0,899.086,900.0368
mprime-prob19,0,True,518,6506,12364,19389,0,25217,14,0,0,0,0,0,0,,0.0,5.0,5,5,0.1012,0.315,0.0067,0.0223,0.0,0.0,0.0,0.328,0.7757
mprime-prob20,0,True,529,13079,26055,39664,0,48676,16,0,4,0,2,0,29,,0.0,7.0,7,7,0.256,0.8935,0.0373,0.0447,0.0,0.0008,0.0,26.0724,27.3097
mprime-prob21,0,True,685,7643,14484,22813,0,29895,12,0,0,0,0,0,0,,0.0,4.0,4,4,0.1146,0.3613,0.0081,0.033,0.0,0.0,0.0,0.4442,0.9638
mprime-prob22,2,True,1120,22024,42862,66007,0,85330,20,0,95,0,68,0,1537,,0.0,7.0,9,9,0.491,2.1793,0.0507,0.1256,0.0,0.0498,0.0,897.1851,900.0467
mprime-prob23,0,True,641,8651,16978,26271,0,33480,18,0,0,0,0,0,23,,0.0,8.0,8,8,0.1501,0.5193,0.0188,0.0359,0.0,0.0,0.0,3.4933,4.2206
mprime-prob24,0,True,814,8851,17165,26831,0,34065,15,0,0,0,1,0,0,,0.0,6.0,7,6,0.2203,0.769,0.0243,0.0417,0.0,0.0002,0.0,1.9694,3.0284
mprime-prob25,0,True,41,149,292,483,0,574,12,0,0,0,0,0,0,,0.0,4.0,4,4,0.0065,0.0011,0.0001,0.0012,0.0,0.0,0.0,0.0106,0.02
mprime-prob26,0,True,193,1673,3280,5147,0,6325,14,0,0,0,0,0,0,,0.0,6.0,6,6,0.0263,0.0377,0.0018,0.0054,0.0,0.0,0.0,0.2634,0.3359
mprime-prob27,0,True,163,2019,3999,6183,0,7613,15,0,0,0,0,0,0,,0.0,5.0,5,5,0.0302,0.0435,0.0017,0.0051,0.0,0.0,0.0,0.0969,0.1783
mprime-prob28,0,True,68,287,546,909,0,1129,14,0,0,0,1,0,0,,0.0,7.0,8,7,0.01,0.0038,0.0002,0.0018,0.0,0.0,0.0,0.0194,0.0357
mprime-prob29,0,True,182,1503,2850,4536,0,5609,12,0,0,0,0,0,0,,0.0,4.0,4,4,0.0223,0.0308,0.0012,0.0043,0.0,0.0,0.0,0.0741,0.1336
mprime-prob30,0,True,348,7304,14354,22008,0,27235,16,0,5,0,3,0,0,,0.0,8.0,8,8,0.1299,0.3294,0.0173,0.0205,0.0,0.0012,0.0,1.7496,2.2498
mprime-prob31,0,True,305,2896,5522,8724,0,11463,12,0,0,0,0,0,0,,0.0,4.0,4,4,0.0348,0.0684,0.0016,0.0084,0.0,0.0,0.0,0.1403,0.2546
mprime-prob32,0,True,186,858,1592,2637,0,3407,15,0,0,0,0,0,0,,0.0,5.0,5,5,0.0132,0.0121,0.0006,0.003,0.0,0.0,0.0,0.046,0.0756
mprime-prob33,0,True,818,8438,16358,25616,0,33166,20,0,0,0,0,0,0,,0.0,8.0,8,8,0.164,0.5066,0.0124,0.0437,0.0,0.0,0.0,1.0124,1.7424
mprime-prob34,0,True,329,2977,5458,8765,0,11351,12,0,0,0,0,0,0,,0.0,4.0,4,4,0.0336,0.0601,0.0018,0.0087,0.0,0.0,0.0,0.1506,0.2567
mprime-prob35,0,True,79,370,710,1160,0,1431,11,0,0,0,0,0,0,,0.0,4.0,4,4,0.0093,0.0042,0.0002,0.0019,0.0,0.0,0.0,0.0241,0.0402
mystery-prob01,0,True,36,49,81,171,0,225,12,0,0,0,0,0,0,,0.0,5.0,5,5,0.0056,0.0005,0.0001,0.0012,0.0,0.0,0.0,0.0055,0.0134
mystery-prob02,0,True,248,1740,3351,5341,0,6823,19,0,0,0,0,0,0,,0.0,7.0,7,7,0.0249,0.034,0.0016,0.0056,0.0,0.0,0.0,0.0872,0.1542
mystery-prob03,0,True,174,959,1668,2802,0,3952,12,0,0,0,0,0,0,,0.0,4.0,4,4,0.0136,0.0115,0.0004,0.0032,0.0,0.0,0.0,0.0487,0.0782
mystery-prob04,0,True,15,47,91,164,0,184,15,0,0,0,1,0,0,,0.0,7.0,8,7,0.0057,0.0005,0.0001,0.0012,0.0,0.0,0.0,0.0071,0.0151
mystery-prob05,0,True,182,1007,1902,3096,0,4011,23,0,0,0,0,0,0,,0.0,8.0,8,8,0.0173,0.0143,0.0009,0.0033,0.0,0.0,0.0,0.0558,0.0924
mystery-prob06,0,True,463,5568,10140,16173,0,21697,24,0,139,0,100,0,893,,0.0,11.0,11,11,0.0652,0.1767,0.0059,0.0176,0.0,0.0217,0.0,20.121,20.3886
mystery-prob07,1,True,0,0,0,0,0,0,0,0,0,0,0,0,0,,0.0,1e+20,1e+20,1e+20,0.0054,0.0,0.0,0.0,0.0,0.0,0.0,0.0,0.0054
mystery-prob08,0,True,211,1471,2671,4356,0,5939,15,0,0,0,1,0,0,,0.0,5.0,6,5,0.0197,0.0238,0.0008,0.0041,0.0,0.0001,0.0,0.083,0.1324
mystery-prob09,0,True,170,996,1887,3055,0,3918,20,0,0,0,0,0,0,,0.0,8.0,8,8,0.0155,0.0151,0.0008,0.0039,0.0,0.0,0.0,0.0569,0.093
mystery-prob10,0,True,1211,17887,34288,53387,0,70443,20,0,1,0,2,0,0,,0.0,7.0,8,7,0.4124,1.6639,0.0167,0.1182,0.0,0.0014,0.0,3.5202,5.737
mystery-prob11,0,True,78,105,153,344,0,479,13,0,0,0,0,0,0,,0.0,7.0,7,7,0.0061,0.0014,0.0001,0.0015,0.0,0.0,0.0,0.0075,0.0179
mystery-prob12,0,True,67,249,461,778,0,1019,15,0,0,0,0,0,0,,0.0,5.0,5,5,0.0066,0.002,0.0001,0.0022,0.0,0.0,0.0,0.0176,0.0291
mystery-prob13,0,True,1281,9231,16892,27409,0,36421,31,0,0,0,1,0,0,,0.0,11.0,12,11,0.2169,0.7253,0.0265,0.0658,0.0,0.0002,0.0,0.8297,1.8675
mystery-prob14,0,True,1449,25249,46931,73633,0,97783,23,0,0,0,0,0,0,,0.0,9.0,9,9,0.5801,2.8111,0.0472,0.2206,0.0,0.0,0.0,5.3043,8.9722
mystery-prob15,0,True,611,9343,17611,27566,0,36189,15,0,0,0,0,0,0,,0.0,6.0,6,6,0.1157,0.4437,0.0057,0.0354,0.0,0.0,0.0,2.4253,3.0285
mystery-prob16,0,True,190,1012,1892,3102,0,4077,7,0,0,0,0,0,0,,0.0,5.0,5,5,0.0159,0.0174,0.0004,0.0036,0.0,0.0,0.0,0.0522,0.0904
mystery-prob17,0,True,639,8735,16250,25625,0,33839,12,0,0,0,0,0,0,,0.0,4.0,4,4,0.1217,0.3914,0.0043,0.0342,0.0,0.0,0.0,0.4919,1.0465
mystery-prob18,1,True,0,0,0,0,0,0,0,0,0,0,0,0,0,,0.0,1e+20,1e+20,1e+20,0.0049,0.0,0.0,0.0,0.0,0.0,0.0,0.0,0.0049
mystery-prob19,0,True,394,3412,6259,10066,0,13361,13,0,0,0,0,0,0,,0.0,5.0,5,5,0.0422,0.0912,0.002,0.0111,0.0,0.0,0.0,0.1803,0.3279
mystery-prob20,0,True,395,3972,7941,12309,0,15628,16,0,0,0,0,0,0,,0.0,7.0,7,7,0.0428,0.1287,0.0025,0.013,0.0,0.0,0.0,5.8957,6.0844
mystery-prob21,0,True,545,2102,4062,6710,0,8752,12,0,0,0,0,0,0,,0.0,4.0,4,4,0.0439,0.0858,0.0014,0.0092,0.0,0.0,0.0,0.1303,0.2719
mystery-prob22,0,True,828,9300,17986,28117,0,36926,25,0,0,0,0,0,0,,0.0,10.0,10,10,0.1672,0.6098,0.0131,0.0452,0.0,0.0,0.0,1.1104,1.9491
mystery-prob23,0,True,517,3609,7080,11210,0,14699,28,0,0,0,0,0,0,,0.0,11.0,11,11,0.05,0.1431,0.0053,0.0148,0.0,0.0,0.0,0.3554,0.5699
mystery-prob24,0,True,636,777,1220,2649,0,3683,20,0,0,0,1,0,0,,0.0,10.0,11,10,0.0343,0.0674,0.0025,0.0053,0.0,0.0,0.0,0.0384,0.1488
mystery-prob25,0,True,28,80,154,263,0,329,11,0,0,0,0,0,0,,0.0,4.0,4,4,0.005,0.0005,0.0,0.0019,0.0,0.0,0.0,0.0073,0.0151
mystery-prob26,0,True,133,758,1446,2338,0,3028,16,0,0,0,0,0,0,,0.0,6.0,6,6,0.0122,0.0097,0.0004,0.0028,0.0,0.0,0.0,0.0471,0.0728
mystery-prob27,0,True,124,666,1293,2085,0,2584,15,0,0,0,0,0,0,,0.0,5.0,5,5,0.0094,0.0073,0.0003,0.0026,0.0,0.0,0.0,0.0389,0.0591
mystery-prob28,0,True,51,75,122,257,0,344,13,0,1,0,2,0,0,,0.0,7.0,8,7,0.0055,0.0008,0.0001,0.0016,0.0,0.0,0.0,0.0068,0.0153
mystery-prob29,0,True,147,681,1208,2037,0,2653,12,0,0,0,0,0,0,,0.0,4.0,4,4,0.0254,0.0073,0.0004,0.0025,0.0,0.0,0.0,0.0408,0.0772
mystery-prob30,0,True,274,2422,4583,7281,0,9244,16,0,2,0,2,0,0,,0.0,8.0,8,8,0.0356,0.0524,0.002,0.0068,0.0,0.0003,0.0,0.8174,0.9153
nomystery-opt11-strips-p01,0,True,33,170,316,531,0,639,9,0,0,0,0,0,0,,0.0,9.0,9,9,0.0059,0.0011,0.0001,0.0018,0.0,0.0,0.0,0.0115,0.0209
nomystery-opt11-strips-p02,0,True,93,816,1574,2498,0,2767,9,0,0,0,0,0,0,,0.0,11.0,11,11,0.0088,0.0072,0.0011,0.0026,0.0,0.0,0.0,0.0374,0.0579
nomystery-opt11-strips-p03,0,True,55,503,993,1569,0,1811,7,0,0,0,0,0,0,,0.0,13.0,13,13,0.009,0.0039,0.0006,0.0021,0.0,0.0,0.0,0.0296,0.0457
nomystery-opt11-strips-p04,0,True,92,1284,2549,3947,0,4270,10,0,0,0,0,0,0,,0.0,16.0,16,16,0.0122,0.0115,0.0033,0.0032,0.0,0.0,0.0,0.0557,0.0867
nomystery-opt11-strips-p05,0,True,169,2884,5758,8838,0,9396,16,0,0,0,0,0,0,,0.0,20.0,20,20,0.0217,0.0392,0.0165,0.007,0.0,0.0,0.0,0.1205,0.206
nomystery-opt11-strips-p06,0,True,232,4595,9050,13908,0,14883,19,0,0,0,0,0,0,,0.0,23.0,23,23,0.0324,0.0796,0.0269,0.0124,0.0,0.0,0.0,0.1968,0.3496
nomystery-opt11-strips-p07,0,True,195,4204,8225,12661,0,13874,22,0,0,0,0,0,0,,0.0,27.0,27,27,0.0321,0.0685,0.0271,0.0109,0.0,0.0,0.0,0.1799,0.32
nomystery-opt11-strips-p08,0,True,225,5925,11849,18038,0,18379,24,0,0,0,0,0,0,,0.0,29.0,29,29,0.0408,0.1009,0.0551,0.0156,0.0,0.0,0.0,0.245,0.4591
nomystery-opt11-strips-p09,0,True,252,7590,15178,23061,0,23918,23,0,0,0,0,0,0,,0.0,31.0,31,31,0.0506,0.1434,0.0946,0.0223,0.0,0.0,0.0,0.3536,0.6664
nomystery-opt11-strips-p10,0,True,180,5997,11994,18216,0,18574,23,0,0,0,0,0,0,,0.0,33.0,33,33,0.0387,0.0917,0.1288,0.0144,0.0,0.0,0.0,0.246,0.5212
nomystery-opt11-strips-p11,0,True,23,96,175,306,0,376,9,0,0,0,0,0,0,,0.0,9.0,9,9,0.0056,0.0006,0.0001,0.0012,0.0,0.0,0.0,0.0078,0.0157
nomystery-opt11-strips-p12,0,True,65,485,913,1478,0,1686,9,0,0,0,0,0,0,,0.0,11.0,11,11,0.0075,0.0038,0.0006,0.0022,0.0,0.0,0.0,0.0274,0.0422
nomystery-opt11-strips-p13,0,True,39,295,577,929,0,1091,7,0,0,0,0,0,0,,0.0,13.0,13,13,0.0061,0.002,0.0003,0.0017,0.0,0.0,0.0,0.0185,0.0292
nomystery-opt11-strips-p14,0,True,65,825,1631,2543,0,2785,10,0,0,0,0,0,0,,0.0,16.0,16,16,0.0086,0.0064,0.0017,0.0025,0.0,0.0,0.0,0.0393,0.0592
nomystery-opt11-strips-p15,0,True,121,1972,3934,6054,0,6468,16,0,0,0,0,0,0,,0.0,20.0,20,20,0.0163,0.0212,0.0093,0.0048,0.0,0.0,0.0,0.0851,0.1378
nomystery-opt11-strips-p16,0,True,168,3215,6312,9726,0,10439,17,0,0,0,0,0,0,,0.0,23.0,23,23,0.0219,0.0471,0.0156,0.0082,0.0,0.0,0.0,0.133,0.2269
nomystery-opt11-strips-p17,0,True,142,2985,5840,9004,0,9899,22,0,0,0,0,0,0,,0.0,27.0,27,27,0.0226,0.0415,0.0287,0.0077,0.0,0.0,0.0,0.1207,0.2224
nomystery-opt11-strips-p18,0,True,165,4245,8489,12938,0,13219,24,0,0,0,0,0,0,,0.0,29.0,29,29,0.0274,0.0616,0.0423,0.0106,0.0,0.0,0.0,0.1689,0.3121
nomystery-opt11-strips-p19,0,True,184,5414,10826,16465,0,17118,21,0,0,0,0,0,0,,0.0,31.0,31,31,0.0366,0.0849,0.0606,0.0135,0.0,0.0,0.0,0.7854,0.9826
nomystery-opt11-strips-p20,0,True,132,4269,8538,12984,0,13294,23,0,0,0,0,0,0,,0.0,33.0,33,33,0.0271,0.0583,0.0769,0.01,0.0,0.0,0.0,0.1719,0.3455
nomystery-sat11-strips-p01,0,True,78,816,1619,2535,0,2898,10,0,0,0,0,0,0,,0.0,16.0,16,16,0.0099,0.0076,0.0019,0.0025,0.0,0.0,0.0,0.0403,0.0629
nomystery-sat11-strips-p02,0,True,92,1285,2551,3953,0,4277,10,0,0,0,0,0,0,,0.0,18.0,18,18,0.0136,0.0116,0.0038,0.003,0.0,0.0,0.0,0.0572,0.0901
nomystery-sat11-strips-p03,0,True,169,2885,5760,8844,0,9403,16,0,0,0,0,0,0,,0.0,22.0,22,22,0.0282,0.0403,0.0186,0.0074,0.0,0.0,0.0,0.1207,0.2164
nomystery-sat11-strips-p04,0,True,232,4596,9052,13914,0,14890,19,0,0,0,0,0,0,,0.0,25.0,25,25,0.0345,0.0825,0.0293,0.0122,0.0,0.0,0.0,0.1958,0.3559
nomystery-sat11-strips-p05,0,True,221,4803,9397,14461,0,15830,23,0,0,0,0,0,0,,0.0,29.0,29,29,0.0366,0.0879,0.0333,0.0127,0.0,0.0,0.0,0.1988,0.3708
nomystery-sat11-strips-p06,0,True,225,5926,11851,18044,0,18386,24,0,0,0,0,0,0,,0.0,31.0,31,31,0.0417,0.102,0.0601,0.0159,0.0,0.0,0.0,0.2473,0.4687
nomystery-sat11-strips-p07,0,True,251,7591,15180,23067,0,23925,23,0,0,0,0,0,0,,0.0,33.0,33,33,0.0522,0.1507,0.1233,0.0224,0.0,0.0,0.0,0.3403,0.6908
nomystery-sat11-strips-p08,0,True,180,5998,11996,18222,0,18581,23,0,0,0,0,0,0,,0.0,35.0,35,35,0.0402,0.0961,0.1164,0.0146,0.0,0.0,0.0,0.2567,0.5256
nomystery-sat11-strips-p09,0,True,306,10889,21777,33026,0,33729,30,0,8,0,7,0,0,,0.0,40.0,41,40,0.0829,0.258,0.309,0.0358,0.0,0.0027,0.0,3.3689,4.0587
nomystery-sat11-strips-p10,0,True,242,8178,16126,24603,0,26153,20,0,0,0,0,0,0,,0.0,41.0,41,41,0.0685,0.187,0.1239,0.023,0.0,0.0,0.0,1.2004,1.6051
nomystery-sat11-strips-p11,0,True,55,517,1021,1615,0,1863,10,0,0,0,0,0,0,,0.0,16.0,16,16,0.0093,0.0042,0.0007,0.0021,0.0,0.0,0.0,0.0288,0.0457
nomystery-sat11-strips-p12,0,True,65,826,1633,2549,0,2792,10,0,0,0,0,0,0,,0.0,18.0,18,18,0.0092,0.0066,0.0018,0.0027,0.0,0.0,0.0,0.0393,0.0602
nomystery-sat11-strips-p13,0,True,121,1973,3936,6060,0,6475,16,0,0,0,0,0,0,,0.0,22.0,22,22,0.0175,0.0223,0.0099,0.0051,0.0,0.0,0.0,0.0837,0.1395
nomystery-sat11-strips-p14,0,True,168,3216,6314,9732,0,10446,17,0,0,0,0,0,0,,0.0,25.0,25,25,0.0358,0.0492,0.017,0.0079,0.0,0.0,0.0,0.134,0.245
nomystery-sat11-strips-p15,0,True,161,3423,6697,10321,0,11330,23,0,0,0,0,0,0,,0.0,29.0,29,29,0.0253,0.0515,0.0213,0.0089,0.0,0.0,0.0,0.1386,0.2471
nomystery-sat11-strips-p16,0,True,165,4246,8491,12944,0,13226,24,0,0,0,0,0,0,,0.0,31.0,31,31,0.0282,0.0622,0.0451,0.0115,0.0,0.0,0.0,0.1695,0.3178
nomystery-sat11-strips-p17,0,True,183,5415,10828,16471,0,17125,23,0,0,0,0,0,0,,0.0,33.0,33,33,0.038,0.0924,0.0779,0.0135,0.0,0.0,0.0,0.2279,0.4513
nomystery-sat11-strips-p18,0,True,132,4270,8540,12990,0,13301,23,0,0,0,0,0,0,,0.0,35.0,35,35,0.0278,0.0602,0.0776,0.0095,0.0,0.0,0.0,0.1719,0.3481
nomystery-sat11-strips-p19,0,True,224,7855,15709,23842,0,24381,30,0,6,0,5,0,0,,0.0,40.0,41,40,0.0566,0.1633,0.1945,0.0213,0.0,0.0013,0.0,1.8314,2.2695
nomystery-sat11-strips-p20,0,True,178,5874,11582,17691,0,18857,20,0,0,0,0,0,0,,0.0,41.0,41,41,0.0467,0.1141,0.0792,0.0154,0.0,0.0,0.0,0.8286,1.0857
openstacks-opt08-strips-p01,0,False,4,35,55,110,0,163,0,0,0,0,0,0,0,,0.0,1.0,1,1,0.0046,0.0002,0.0,0.001,0.0,0.0,0.0,0.0026,0.0088
openstacks-opt08-strips-p02,0,False,5,48,78,150,0,223,0,0,0,0,0,0,0,,0.0,1.0,1,1,0.0024,0.0002,0.0,0.001,0.0,0.0,0.0,0.0028,0.0069
openstacks-opt08-strips-p03,0,False,6,63,105,196,0,295,0,0,0,0,0,0,0,,0.0,1.0,1,1,0.005,0.0003,0.0,0.0011,0.0,0.0,0.0,0.0032,0.01
openstacks-opt08-strips-p04,0,False,7,80,136,248,0,379,0,0,0,0,0,0,0,,0.0,1.0,1,1,0.005,0.0003,0.0,0.0012,0.0,0.0,0.0,0.0036,0.0105
openstacks-opt08-strips-p05,0,False,8,99,171,306,0,477,0,0,0,0,0,0,0,,0.0,1.0,1,1,0.0054,0.0004,0.0001,0.0014,0.0,0.0,0.0,0.004,0.0118
openstacks-opt08-strips-p06,0,False,9,120,210,370,0,579,0,0,0,0,0,0,0,,0.0,1.0,1,1,0.0051,0.0005,0.0001,0.0013,0.0,0.0,0.0,0.0044,0.0119
openstacks-opt08-strips-p07,0,False,10,143,253,440,0,693,0,0,0,0,0,0,0,,0.0,1.0,1,1,0.005,0.0007,0.0001,0.0014,0.0,0.0,0.0,0.0049,0.0125
openstacks-opt08-strips-p08,0,False,11,168,300,516,0,819,0,0,0,0,0,0,0,,0.0,1.0,1,1,0.0057,0.0008,0.0001,0.0016,0.0,0.0,0.0,0.0056,0.0144
openstacks-opt08-strips-p09,0,False,12,195,351,598,0,949,0,0,0,0,0,0,0,,0.0,1.0,1,1,0.0059,0.001,0.0001,0.0014,0.0,0.0,0.0,0.0061,0.0149
openstacks-opt08-strips-p10,0,False,13,224,406,686,0,1095,0,0,0,0,0,0,0,,0.0,1.0,1,1,0.0063,0.0011,0.0001,0.0016,0.0,0.0,0.0,0.0069,0.0164
openstacks-opt08-strips-p11,0,False,14,255,465,780,0,1247,0,0,0,0,0,0,0,,0.0,1.0,1,1,0.0058,0.0014,0.0001,0.0015,0.0,0.0,0.0,0.0075,0.0167
openstacks-opt08-strips-p12,0,False,15,288,528,880,0,1409,0,0,0,0,0,0,0,,0.0,1.0,1,1,0.0065,0.0016,0.0001,0.0015,0.0,0.0,0.0,0.0083,0.0186
openstacks-opt08-strips-p13,0,False,16,323,595,986,0,1581,0,0,0,0,0,0,0,,0.0,1.0,1,1,0.006,0.0019,0.0001,0.0018,0.0,0.0,0.0,0.0093,0.0197
openstacks-opt08-strips-p14,0,False,17,360,666,1098,0,1769,0,0,0,0,0,0,0,,0.0,1.0,1,1,0.007,0.0021,0.0001,0.0019,0.0,0.0,0.0,0.0103,0.0219
openstacks-opt08-strips-p15,0,False,18,399,741,1216,0,1957,0,0,0,0,0,0,0,,0.0,1.0,1,1,0.0081,0.0024,0.0001,0.0019,0.0,0.0,0.0,0.0114,0.0246
openstacks-opt08-strips-p16,0,False,19,440,820,1340,0,2167,0,0,0,0,0,0,0,,0.0,1.0,1,1,0.0072,0.0028,0.0002,0.0023,0.0,0.0,0.0,0.0126,0.0255
openstacks-opt08-strips-p17,0,False,20,483,903,1470,0,2379,0,0,0,0,0,0,0,,0.0,1.0,1,1,0.0076,0.0031,0.0002,0.002,0.0,0.0,0.0,0.0138,0.0272
openstacks-opt08-strips-p18,0,False,21,528,990,1606,0,2605,0,0,0,0,0,0,0,,0.0,1.0,1,1,0.008,0.0036,0.0002,0.0023,0.0,0.0,0.0,0.0146,0.0292
openstacks-opt08-strips-p19,0,False,22,575,1081,1748,0,2835,0,0,0,0,0,0,0,,0.0,1.0,1,1,0.0103,0.004,0.0002,0.0024,0.0,0.0,0.0,0.0155,0.0329
openstacks-opt08-strips-p20,0,False,23,624,1176,1896,0,3077,0,0,0,0,0,0,0,,0.0,1.0,1,1,0.0096,0.0046,0.0002,0.0024,0.0,0.0,0.0,0.0165,0.0343
openstacks-opt08-strips-p21,0,False,24,675,1275,2050,0,3327,0,0,0,0,0,0,0,,0.0,1.0,1,1,0.0097,0.005,0.0002,0.0026,0.0,0.0,0.0,0.0175,0.0356
openstacks-opt08-strips-p22,0,False,25,728,1378,2210,0,3613,0,0,0,0,0,0,0,,0.0,1.0,1,1,0.0105,0.0056,0.0003,0.0031,0.0,0.0,0.0,0.0183,0.0384
openstacks-opt08-strips-p23,0,False,26,783,1485,2376,0,3873,0,0,0,0,0,0,0,,0.0,1.0,1,1,0.0116,0.0061,0.0003,0.0029,0.0,0.0,0.0,0.0195,0.0411
openstacks-opt08-strips-p24,0,False,27,840,1596,2548,0,4153,0,0,0,0,0,0,0,,0.0,1.0,1,1,0.0122,0.0068,0.0003,0.003,0.0,0.0,0.0,0.0206,0.0435
openstacks-opt08-strips-p25,0,False,28,899,1711,2726,0,4455,0,0,0,0,0,0,0,,0.0,1.0,1,1,0.013,0.0072,0.0003,0.0033,0.0,0.0,0.0,0.0218,0.0463
openstacks-opt08-strips-p26,0,False,29,960,1830,2910,0,4749,0,0,0,0,0,0,0,,0.0,1.0,1,1,0.0133,0.0082,0.0003,0.003,0.0,0.0,0.0,0.0232,0.0487
openstacks-opt08-strips-p27,0,False,30,1023,1953,3100,0,5081,0,0,0,0,0,0,0,,0.0,1.0,1,1,0.0131,0.0087,0.0004,0.003,0.0,0.0,0.0,0.0243,0.0504
openstacks-opt08-strips-p28,0,False,31,1088,2080,3296,0,5389,0,0,0,0,0,0,0,,0.0,1.0,1,1,0.0135,0.0098,0.0004,0.0034,0.0,0.0,0.0,0.0257,0.0536
openstacks-opt08-strips-p29,0,False,32,1155,2211,3498,0,5737,0,0,0,0,0,0,0,,0.0,1.0,1,1,0.0134,0.0108,0.0004,0.0034,0.0,0.0,0.0,0.0274,0.0562
openstacks-opt08-strips-p30,0,False,33,1224,2346,3706,0,6065,0,0,0,0,0,0,0,,0.0,1.0,1,1,0.0145,0.0112,0.0005,0.0036,0.0,0.0,0.0,0.0293,0.0598
openstacks-opt11-strips-p01,0,False,9,120,210,370,0,579,0,0,0,0,0,0,0,,0.0,1.0,1,1,0.0057,0.0005,0.0001,0.0013,0.0,0.0,0.0,0.0044,0.0123
openstacks-opt11-strips-p02,0,False,10,143,253,440,0,693,0,0,0,0,0,0,0,,0.0,1.0,1,1,0.0056,0.0007,0.0001,0.0011,0.0,0.0,0.0,0.0049,0.0128
openstacks-opt11-strips-p03,0,False,11,168,300,516,0,819,0,0,0,0,0,0,0,,0.0,1.0,1,1,0.0057,0.0008,0.0001,0.0015,0.0,0.0,0.0,0.0054,0.014
openstacks-opt11-strips-p04,0,False,12,195,351,598,0,949,0,0,0,0,0,0,0,,0.0,1.0,1,1,0.0062,0.001,0.0001,0.0017,0.0,0.0,0.0,0.006,0.0154
openstacks-opt11-strips-p05,0,False,13,224,406,686,0,1095,0,0,0,0,0,0,0,,0.0,1.0,1,1,0.0058,0.0011,0.0001,0.0017,0.0,0.0,0.0,0.0069,0.0161
openstacks-opt11-strips-p06,0,False,14,255,465,780,0,1247,0,0,0,0,0,0,0,,0.0,1.0,1,1,0.006,0.0014,0.0001,0.0016,0.0,0.0,0.0,0.0075,0.0171
openstacks-opt11-strips-p07,0,False,15,288,528,880,0,1409,0,0,0,0,0,0,0,,0.0,1.0,1,1,0.0062,0.0016,0.0001,0.0019,0.0,0.0,0.0,0.0084,0.0188
openstacks-opt11-strips-p08,0,False,16,323,595,986,0,1581,0,0,0,0,0,0,0,,0.0,1.0,1,1,0.0067,0.0019,0.0001,0.0019,0.0,0.0,0.0,0.0094,0.0206
openstacks-opt11-strips-p09,0,False,17,360,666,1098,0,1769,0,0,0,0,0,0,0,,0.0,1.0,1,1,0.0063,0.0021,0.0001,0.0019,0.0,0.0,0.0,0.0102,0.0212
openstacks-opt11-strips-p10,0,False,25,728,1378,2210,0,3613,0,0,0,0,0,0,0,,0.0,1.0,1,1,0.0114,0.0056,0.0003,0.0026,0.0,0.0,0.0,0.0184,0.0389
openstacks-opt11-strips-p11,0,False,18,399,741,1216,0,1957,0,0,0,0,0,0,0,,0.0,1.0,1,1,0.0078,0.0024,0.0001,0.0023,0.0,0.0,0.0,0.0113,0.0245
openstacks-opt11-strips-p12,0,False,19,440,820,1340,0,2167,0,0,0,0,0,0,0,,0.0,1.0,1,1,0.0076,0.0028,0.0002,0.002,0.0,0.0,0.0,0.0126,0.0257
openstacks-opt11-strips-p13,0,False,20,483,903,1470,0,2379,0,0,0,0,0,0,0,,0.0,1.0,1,1,0.0077,0.0032,0.0002,0.0024,0.0,0.0,0.0,0.014,0.028
openstacks-opt11-strips-p14,0,False,21,528,990,1606,0,2605,0,0,0,0,0,0,0,,0.0,1.0,1,1,0.0089,0.0036,0.0002,0.0021,0.0,0.0,0.0,0.0146,0.03
openstacks-opt11-strips-p15,0,False,22,575,1081,1748,0,2835,0,0,0,0,0,0,0,,0.0,1.0,1,1,0.0199,0.004,0.0002,0.0022,0.0,0.0,0.0,0.0155,0.0425
openstacks-opt11-strips-p16,0,False,24,675,1275,2050,0,3327,0,0,0,0,0,0,0,,0.0,1.0,1,1,0.009,0.0049,0.0002,0.0026,0.0,0.0,0.0,0.0174,0.0347
openstacks-opt11-strips-p17,0,False,23,624,1176,1896,0,3077,0,0,0,0,0,0,0,,0.0,1.0,1,1,0.0091,0.0045,0.0002,0.0026,0.0,0.0,0.0,0.0164,0.0335
openstacks-opt11-strips-p18,0,False,26,783,1485,2376,0,3873,0,0,0,0,0,0,0,,0.0,1.0,1,1,0.0123,0.0062,0.0003,0.0028,0.0,0.0,0.0,0.0193,0.0415
openstacks-opt11-strips-p19,0,False,27,840,1596,2548,0,4153,0,0,0,0,0,0,0,,0.0,1.0,1,1,0.0128,0.0068,0.0003,0.0029,0.0,0.0,0.0,0.0205,0.044
openstacks-opt11-strips-p20,0,False,28,899,1711,2726,0,4455,0,0,0,0,0,0,0,,0.0,1.0,1,1,0.0129,0.0075,0.0003,0.0029,0.0,0.0,0.0,0.0218,0.0462
openstacks-opt14-strips-p20_1,0,False,19,440,820,1340,0,2155,0,0,0,0,0,0,0,,0.0,1.0,1,1,0.0076,0.0028,0.0002,0.0021,0.0,0.0,0.0,0.0124,0.0255
openstacks-opt14-strips-p20_2,0,False,19,440,820,1340,0,2163,0,0,0,0,0,0,0,,0.0,1.0,1,1,0.0072,0.0028,0.0002,0.0021,0.0,0.0,0.0,0.0126,0.0254
openstacks-opt14-strips-p20_3,0,False,19,440,820,1340,0,2209,0,0,0,0,0,0,0,,0.0,1.0,1,1,0.0083,0.0029,0.0002,0.002,0.0,0.0,0.0,0.0127,0.0266
openstacks-opt14-strips-p25_1,0,False,24,675,1275,2050,0,3323,0,0,0,0,0,0,0,,0.0,1.0,1,1,0.0088,0.0051,0.0002,0.0026,0.0,0.0,0.0,0.0173,0.0346
openstacks-opt14-strips-p25_3,0,False,24,675,1275,2050,0,3403,0,0,0,0,0,0,0,,0.0,1.0,1,1,0.0095,0.0053,0.0003,0.0031,0.0,0.0,0.0,0.0178,0.0366
openstacks-opt14-strips-p30_1,0,False,29,960,1830,2910,0,4733,0,0,0,0,0,0,0,,0.0,1.0,1,1,0.0139,0.008,0.0003,0.0031,0.0,0.0,0.0,0.023,0.0491
openstacks-opt14-strips-p30_2,0,False,29,960,1830,2910,0,4743,0,0,0,0,0,0,0,,0.0,1.0,1,1,0.0138,0.0081,0.0003,0.0031,0.0,0.0,0.0,0.0231,0.0491
openstacks-opt14-strips-p30_3,0,False,29,960,1830,2910,0,4865,0,0,0,0,0,0,0,,0.0,1.0,1,1,0.0133,0.0082,0.0005,0.0035,0.0,0.0,0.0,0.024,0.0503
openstacks-opt14-strips-p35_1,0,False,34,1295,2485,3920,0,6407,0,0,0,0,0,0,0,,0.0,1.0,1,1,0.0151,0.0121,0.0005,0.0038,0.0,0.0,0.0,0.0312,0.0634
openstacks-opt14-strips-p35_2,0,False,34,1295,2485,3920,0,6415,0,0,0,0,0,0,0,,0.0,1.0,1,1,0.016,0.0122,0.0005,0.0038,0.0,0.0,0.0,0.0313,0.0645
openstacks-opt14-strips-p35_3,0,False,34,1295,2485,3920,0,6567,0,0,0,0,0,0,0,,0.0,1.0,1,1,0.0158,0.0128,0.0007,0.0041,0.0,0.0,0.0,0.0323,0.0665
openstacks-opt14-strips-p40_1,0,False,39,1680,3240,5080,0,8319,0,0,0,0,0,0,0,,0.0,1.0,1,1,0.019,0.018,0.0006,0.0052,0.0,0.0,0.0,0.04,0.0837
openstacks-opt14-strips-p40_2,0,False,39,1680,3240,5080,0,8327,0,0,0,0,0,0,0,,0.0,1.0,1,1,0.0185,0.0181,0.0006,0.0049,0.0,0.0,0.0,0.0402,0.0831
openstacks-opt14-strips-p40_3,0,False,39,1680,3240,5080,0,8507,0,0,0,0,0,0,0,,0.0,1.0,1,1,0.0191,0.019,0.001,0.0053,0.0,0.0,0.0,0.0423,0.0874
openstacks-opt14-strips-p45_1,0,False,44,2115,4095,6390,0,10481,0,0,0,0,0,0,0,,0.0,1.0,1,1,0.0223,0.0249,0.0008,0.0061,0.0,0.0,0.0,0.0509,0.1059
openstacks-opt14-strips-p45_2,0,False,44,2115,4095,6390,0,10513,0,0,0,0,0,0,0,,0.0,1.0,1,1,0.0238,0.026,0.0008,0.0059,0.0,0.0,0.0,0.051,0.1085
openstacks-opt14-strips-p45_3,0,False,44,2115,4095,6390,0,10749,0,0,0,0,0,0,0,,0.0,1.0,1,1,0.0231,0.0265,0.0013,0.0064,0.0,0.0,0.0,0.054,0.1124
openstacks-opt14-strips-p50_1,0,False,49,2600,5050,7850,0,12901,0,0,0,0,0,0,0,,0.0,1.0,1,1,0.0283,0.0328,0.001,0.0077,0.0,0.0,0.0,0.0608,0.1318
openstacks-opt14-strips-p50_2,0,False,49,2600,5050,7850,0,12929,0,0,0,0,0,0,0,,0.0,1.0,1,1,0.0379,0.0331,0.001,0.0077,0.0,0.0,0.0,0.0616,0.1423
openstacks-opt14-strips-p50_3,0,False,49,2600,5050,7850,0,13191,0,0,0,0,0,0,0,,0.0,1.0,1,1,0.0296,0.0342,0.0018,0.008,0.0,0.0,0.0,0.0649,0.1395
openstacks-p01,-3,False,0,0,0,0,0,0,0,0,0,0,0,0,0,,0.0,0.0,1e+20,1e+20,0,0,0,0,0,0,0,0,0
openstacks-p02,-3,False,0,0,0,0,0,0,0,0,0,0,0,0,0,,0.0,0.0,1e+20,1e+20,0,0,0,0,0,0,0,0,0
openstacks-p03,-3,False,0,0,0,0,0,0,0,0,0,0,0,0,0,,0.0,0.0,1e+20,1e+20,0,0,0,0,0,0,0,0,0
openstacks-p04,-3,False,0,0,0,0,0,0,0,0,0,0,0,0,0,,0.0,0.0,1e+20,1e+20,0,0,0,0,0,0,0,0,0
openstacks-p05,-3,False,0,0,0,0,0,0,0,0,0,0,0,0,0,,0.0,0.0,1e+20,1e+20,0,0,0,0,0,0,0,0,0
openstacks-p06,-3,False,0,0,0,0,0,0,0,0,0,0,0,0,0,,0.0,0.0,1e+20,1e+20,0,0,0,0,0,0,0,0,0
openstacks-p07,-3,False,0,0,0,0,0,0,0,0,0,0,0,0,0,,0.0,0.0,1e+20,1e+20,0,0,0,0,0,0,0,0,0
openstacks-p08,-3,False,0,0,0,0,0,0,0,0,0,0,0,0,0,,0.0,0.0,1e+20,1e+20,0,0,0,0,0,0,0,0,0
openstacks-p09,-3,False,0,0,0,0,0,0,0,0,0,0,0,0,0,,0.0,0.0,1e+20,1e+20,0,0,0,0,0,0,0,0,0
openstacks-p10,-3,False,0,0,0,0,0,0,0,0,0,0,0,0,0,,0.0,0.0,1e+20,1e+20,0,0,0,0,0,0,0,0,0
openstacks-p11,-3,False,0,0,0,0,0,0,0,0,0,0,0,0,0,,0.0,0.0,1e+20,1e+20,0,0,0,0,0,0,0,0,0
openstacks-p12,-3,False,0,0,0,0,0,0,0,0,0,0,0,0,0,,0.0,0.0,1e+20,1e+20,0,0,0,0,0,0,0,0,0
openstacks-p13,-3,False,0,0,0,0,0,0,0,0,0,0,0,0,0,,0.0,0.0,1e+20,1e+20,0,0,0,0,0,0,0,0,0
openstacks-p14,-3,False,0,0,0,0,0,0,0,0,0,0,0,0,0,,0.0,0.0,1e+20,1e+20,0,0,0,0,0,0,0,0,0
openstacks-p15,-3,False,0,0,0,0,0,0,0,0,0,0,0,0,0,,0.0,0.0,1e+20,1e+20,0,0,0,0,0,0,0,0,0
openstacks-p16,-3,False,0,0,0,0,0,0,0,0,0,0,0,0,0,,0.0,0.0,1e+20,1e+20,0,0,0,0,0,0,0,0,0
openstacks-p17,-3,False,0,0,0,0,0,0,0,0,0,0,0,0,0,,0.0,0.0,1e+20,1e+20,0,0,0,0,0,0,0,0,0
openstacks-p18,-3,False,0,0,0,0,0,0,0,0,0,0,0,0,0,,0.0,0.0,1e+20,1e+20,0,0,0,0,0,0,0,0,0
openstacks-p19,-3,False,0,0,0,0,0,0,0,0,0,0,0,0,0,,0.0,0.0,1e+20,1e+20,0,0,0,0,0,0,0,0,0
openstacks-p20,-3,False,0,0,0,0,0,0,0,0,0,0,0,0,0,,0.0,0.0,1e+20,1e+20,0,0,0,0,0,0,0,0,0
openstacks-p21,-3,False,0,0,0,0,0,0,0,0,0,0,0,0,0,,0.0,0.0,1e+20,1e+20,0,0,0,0,0,0,0,0,0
openstacks-p22,-3,False,0,0,0,0,0,0,0,0,0,0,0,0,0,,0.0,0.0,1e+20,1e+20,0,0,0,0,0,0,0,0,0
openstacks-p23,-3,False,0,0,0,0,0,0,0,0,0,0,0,0,0,,0.0,0.0,1e+20,1e+20,0,0,0,0,0,0,0,0,0
openstacks-p24,-3,False,0,0,0,0,0,0,0,0,0,0,0,0,0,,0.0,0.0,1e+20,1e+20,0,0,0,0,0,0,0,0,0
openstacks-p25,-3,False,0,0,0,0,0,0,0,0,0,0,0,0,0,,0.0,0.0,1e+20,1e+20,0,0,0,0,0,0,0,0,0
openstacks-p26,-3,False,0,0,0,0,0,0,0,0,0,0,0,0,0,,0.0,0.0,1e+20,1e+20,0,0,0,0,0,0,0,0,0
openstacks-p27,-3,False,0,0,0,0,0,0,0,0,0,0,0,0,0,,0.0,0.0,1e+20,1e+20,0,0,0,0,0,0,0,0,0
openstacks-p28,-3,False,0,0,0,0,0,0,0,0,0,0,0,0,0,,0.0,0.0,1e+20,1e+20,0,0,0,0,0,0,0,0,0
openstacks-p29,-3,False,0,0,0,0,0,0,0,0,0,0,0,0,0,,0.0,0.0,1e+20,1e+20,0,0,0,0,0,0,0,0,0
openstacks-p30,-3,False,0,0,0,0,0,0,0,0,0,0,0,0,0,,0.0,0.0,1e+20,1e+20,0,0,0,0,0,0,0,0,0
openstacks-sat08-strips-p01,0,False,4,35,55,110,0,163,0,0,0,0,0,0,0,,0.0,1.0,1,1,0.0052,0.0002,0.0,0.0015,0.0,0.0,0.0,0.0027,0.0098
openstacks-sat08-strips-p02,0,False,4,35,55,110,0,163,0,0,0,0,0,0,0,,0.0,1.0,1,1,0.0048,0.0002,0.0,0.0015,0.0,0.0,0.0,0.0027,0.0095
openstacks-sat08-strips-p03,0,False,4,35,55,110,0,161,0,0,0,0,0,0,0,,0.0,1.0,1,1,0.0052,0.0002,0.0,0.0015,0.0,0.0,0.0,0.0027,0.01
openstacks-sat08-strips-p04,0,False,9,120,210,370,0,579,0,0,0,0,0,0,0,,0.0,1.0,1,1,0.0055,0.0005,0.0001,0.0016,0.0,0.0,0.0,0.0044,0.0127
openstacks-sat08-strips-p05,0,False,9,120,210,370,0,577,0,0,0,0,0,0,0,,0.0,1.0,1,1,0.0053,0.0005,0.0001,0.0027,0.0,0.0,0.0,0.0045,0.0135
openstacks-sat08-strips-p06,0,False,9,120,210,370,0,579,0,0,0,0,0,0,0,,0.0,1.0,1,1,0.0058,0.0005,0.0001,0.0015,0.0,0.0,0.0,0.0045,0.0128
openstacks-sat08-strips-p07,0,False,14,255,465,780,0,1247,0,0,0,0,0,0,0,,0.0,1.0,1,1,0.0067,0.0014,0.0001,0.0015,0.0,0.0,0.0,0.0075,0.0176
openstacks-sat08-strips-p08,0,False,14,255,465,780,0,1243,0,0,0,0,0,0,0,,0.0,1.0,1,1,0.0067,0.0013,0.0001,0.0018,0.0,0.0,0.0,0.0075,0.0178
openstacks-sat08-strips-p09,0,False,14,255,465,780,0,1243,0,0,0,0,0,0,0,,0.0,1.0,1,1,0.0065,0.0014,0.0001,0.0017,0.0,0.0,0.0,0.0075,0.0176
openstacks-sat08-strips-p10,0,False,19,440,820,1340,0,2167,0,0,0,0,0,0,0,,0.0,1.0,1,1,0.0074,0.0028,0.0002,0.0022,0.0,0.0,0.0,0.0126,0.0257
openstacks-sat08-strips-p11,0,False,19,440,820,1340,0,2175,0,0,0,0,0,0,0,,0.0,1.0,1,1,0.0073,0.0029,0.0002,0.0024,0.0,0.0,0.0,0.0126,0.0259
openstacks-sat08-strips-p12,0,False,19,440,820,1340,0,2167,0,0,0,0,0,0,0,,0.0,1.0,1,1,0.0079,0.0028,0.0002,0.0022,0.0,0.0,0.0,0.0125,0.026
openstacks-sat08-strips-p13,0,False,29,960,1830,2910,0,4749,0,0,0,0,0,0,0,,0.0,1.0,1,1,0.0135,0.0081,0.0003,0.003,0.0,0.0,0.0,0.0231,0.0487
openstacks-sat08-strips-p14,0,False,29,960,1830,2910,0,4763,0,0,0,0,0,0,0,,0.0,1.0,1,1,0.0131,0.0082,0.0004,0.0032,0.0,0.0,0.0,0.023,0.0487
openstacks-sat08-strips-p15,0,False,29,960,1830,2910,0,4753,0,0,0,0,0,0,0,,0.0,1.0,1,1,0.0123,0.0081,0.0004,0.0034,0.0,0.0,0.0,0.0231,0.048
openstacks-sat08-strips-p16,0,False,39,1680,3240,5080,0,8363,0,0,0,0,0,0,0,,0.0,1.0,1,1,0.0187,0.0184,0.0008,0.0051,0.0,0.0,0.0,0.0408,0.0848
openstacks-sat08-strips-p17,0,False,39,1680,3240,5080,0,8349,0,0,0,0,0,0,0,,0.0,1.0,1,1,0.0184,0.0182,0.0007,0.0053,0.0,0.0,0.0,0.0405,0.0839
openstacks-sat08-strips-p18,0,False,39,1680,3240,5080,0,8343,0,0,0,0,0,0,0,,0.0,1.0,1,1,0.0181,0.0182,0.0007,0.0051,0.0,0.0,0.0,0.0406,0.0835
openstacks-sat08-strips-p19,0,False,49,2600,5050,7850,0,12967,0,0,0,0,0,0,0,,0.0,1.0,1,1,0.0277,0.0326,0.0011,0.0075,0.0,0.0,0.0,0.0619,0.132
openstacks-sat08-strips-p20,0,False,49,2600,5050,7850,0,12991,0,0,0,0,0,0,0,,0.0,1.0,1,1,0.0275,0.0344,0.0013,0.0076,0.0,0.0,0.0,0.0624,0.1342
openstacks-sat08-strips-p21,0,False,49,2600,5050,7850,0,12951,0,0,0,0,0,0,0,,0.0,1.0,1,1,0.0266,0.0332,0.0011,0.0077,0.0,0.0,0.0,0.062,0.1316
openstacks-sat08-strips-p22,0,False,59,3720,7260,11220,0,18605,0,0,0,0,0,0,0,,0.0,1.0,1,1,0.0379,0.0554,0.0017,0.011,0.0,0.0,0.0,0.0909,0.1984
openstacks-sat08-strips-p23,0,False,59,3720,7260,11220,0,18563,0,0,0,0,0,0,0,,0.0,1.0,1,1,0.0388,0.0564,0.0016,0.0107,0.0,0.0,0.0,0.0907,0.1998
openstacks-sat08-strips-p24,0,False,59,3720,7260,11220,0,18559,0,0,0,0,0,0,0,,0.0,1.0,1,1,0.0375,0.0549,0.0016,0.0109,0.0,0.0,0.0,0.09,0.1963
openstacks-sat08-strips-p25,0,False,79,6560,12880,19760,0,32813,0,0,0,0,0,0,0,,0.0,1.0,1,1,0.0707,0.1311,0.0036,0.0202,0.0,0.0,0.0,0.1691,0.3974
openstacks-sat08-strips-p26,0,False,79,6560,12880,19760,0,32775,0,0,0,0,0,0,0,,0.0,1.0,1,1,0.0713,0.1297,0.0034,0.0204,0.0,0.0,0.0,0.1682,0.3957
openstacks-sat08-strips-p27,0,False,79,6560,12880,19760,0,32801,0,0,0,0,0,0,0,,0.0,1.0,1,1,0.0712,0.13,0.0031,0.0202,0.0,0.0,0.0,0.1696,0.3967
openstacks-sat08-strips-p28,0,False,99,10200,20100,30700,0,51073,0,0,0,0,0,0,0,,0.0,1.0,1,1,0.1206,0.2505,0.0055,0.0366,0.0,0.0,0.0,0.2872,0.704
openstacks-sat08-strips-p29,0,False,99,10200,20100,30700,0,51079,0,0,0,0,0,0,0,,0.0,1.0,1,1,0.1213,0.2494,0.0056,0.0361,0.0,0.0,0.0,0.2872,0.7031
openstacks-sat08-strips-p30,0,False,99,10200,20100,30700,0,51087,0,0,0,0,0,0,0,,0.0,1.0,1,1,0.121,0.2509,0.0064,0.0361,0.0,0.0,0.0,0.2876,0.7055
openstacks-sat11-strips-p01,0,False,49,2600,5050,7850,0,12951,0,0,0,0,0,0,0,,0.0,1.0,1,1,0.0274,0.0334,0.0011,0.0078,0.0,0.0,0.0,0.0619,0.1326
openstacks-sat11-strips-p02,0,False,59,3720,7260,11220,0,18605,0,0,0,0,0,0,0,,0.0,1.0,1,1,0.2668,0.0556,0.0017,0.0107,0.0,0.0,0.0,0.0908,0.4271
openstacks-sat11-strips-p03,0,False,59,3720,7260,11220,0,18559,0,0,0,0,0,0,0,,0.0,1.0,1,1,0.2695,0.055,0.0016,0.0108,0.0,0.0,0.0,0.0906,0.4289
openstacks-sat11-strips-p04,0,False,79,6560,12880,19760,0,32813,0,0,0,0,0,0,0,,0.0,1.0,1,1,0.0715,0.131,0.0036,0.0204,0.0,0.0,0.0,0.169,0.3981
openstacks-sat11-strips-p05,0,False,79,6560,12880,19760,0,32775,0,0,0,0,0,0,0,,0.0,1.0,1,1,0.0716,0.1295,0.0034,0.0207,0.0,0.0,0.0,0.1684,0.3963
openstacks-sat11-strips-p06,0,False,79,6560,12880,19760,0,32801,0,0,0,0,0,0,0,,0.0,1.0,1,1,0.0705,0.1304,0.0035,0.0203,0.0,0.0,0.0,0.1682,0.3955
openstacks-sat11-strips-p07,0,False,49,2600,5050,7850,0,12991,0,0,0,0,0,0,0,,0.0,1.0,1,1,0.0275,0.0338,0.0012,0.0078,0.0,0.0,0.0,0.0622,0.1336
openstacks-sat11-strips-p08,0,False,99,10200,20100,30700,0,51073,0,0,0,0,0,0,0,,0.0,1.0,1,1,0.1202,0.2508,0.0055,0.0365,0.0,0.0,0.0,0.2871,0.7035
openstacks-sat11-strips-p09,0,False,99,10200,20100,30700,0,51079,0,0,0,0,0,0,0,,0.0,1.0,1,1,0.1203,0.2496,0.0063,0.0363,0.0,0.0,0.0,0.2881,0.7041
openstacks-sat11-strips-p10,0,False,99,10200,20100,30700,0,51087,0,0,0,0,0,0,0,,0.0,1.0,1,1,0.1204,0.2503,0.0064,0.036,0.0,0.0,0.0,0.2874,0.704
openstacks-sat11-strips-p11,0,False,129,17160,33930,51610,0,85823,0,0,0,0,0,0,0,,0.0,1.0,1,1,0.2381,0.5641,0.0106,0.067,0.0,0.0,0.0,0.673,1.5585
openstacks-sat11-strips-p12,0,False,129,17160,33930,51610,0,87209,0,0,0,0,0,0,0,,0.0,1.0,1,1,0.2589,0.5922,0.0217,0.0742,0.0,0.0,0.0,0.7171,1.6704
openstacks-sat11-strips-p13,0,False,159,25920,51360,77920,0,129655,0,0,0,0,0,0,0,,0.0,1.0,1,1,0.4068,1.0883,0.0209,0.1167,0.0,0.0,0.0,1.1448,2.7855
openstacks-sat11-strips-p14,0,False,159,25920,51360,77920,0,131465,0,0,0,0,0,0,0,,0.0,1.0,1,1,0.4448,1.1851,0.0426,0.1278,0.0,0.0,0.0,1.2181,3.0277
openstacks-sat11-strips-p15,0,False,189,36480,72390,109630,0,182729,0,0,0,0,0,0,0,,0.0,1.0,1,1,0.8851,1.8675,0.0377,0.183,0.0,0.0,0.0,1.8551,4.8391
openstacks-sat11-strips-p16,0,False,189,36480,72390,109630,0,184887,0,0,0,0,0,0,0,,0.0,1.0,1,1,0.6998,2.0679,0.0746,0.1956,0.0,0.0,0.0,1.9542,5.0041
openstacks-sat11-strips-p17,0,False,219,48840,97020,146740,0,244739,0,0,0,0,0,0,0,,0.0,1.0,1,1,0.9715,3.3667,0.0606,0.2705,0.0,0.0,0.0,2.7763,7.4617
openstacks-sat11-strips-p18,0,False,219,48840,97020,146740,0,247575,0,0,0,0,0,0,0,,0.0,1.0,1,1,1.0878,3.5594,0.1265,0.298,0.0,0.0,0.0,2.9357,8.025
openstacks-sat11-strips-p19,0,False,249,63000,125250,189250,0,315821,0,0,0,0,0,0,0,,0.0,1.0,1,1,1.3951,5.2682,0.0921,0.414,0.0,0.0,0.0,4.0609,11.2481
openstacks-sat11-strips-p20,0,False,249,63000,125250,189250,0,319223,0,0,0,0,0,0,0,,0.0,1.0,1,1,1.4926,4.8499,0.2029,0.4502,0.0,0.0,0.0,4.275,11.2907
openstacks-sat14-strips-p170_2,0,False,169,29240,57970,87890,0,146415,0,0,0,0,0,0,0,,0.0,1.0,1,1,0.4844,1.3445,0.0257,0.13,0.0,0.0,0.0,1.36,3.3545
openstacks-sat14-strips-p170_3,0,False,169,29240,57970,87890,0,148211,0,0,0,0,0,0,0,,0.0,1.0,1,1,0.7896,1.4496,0.0503,0.1431,0.0,0.0,0.0,1.4424,3.8871
openstacks-sat14-strips-p190_1,0,False,189,36480,72390,109630,0,182513,0,0,0,0,0,0,0,,0.0,1.0,1,1,0.6411,1.86,0.0347,0.1827,0.0,0.0,0.0,1.8503,4.5793
openstacks-sat14-strips-p190_2,0,False,189,36480,72390,109630,0,182759,0,0,0,0,0,0,0,,0.0,1.0,1,1,0.6516,1.8258,0.0372,0.1817,0.0,0.0,0.0,1.8558,4.5624
openstacks-sat14-strips-p190_3,0,False,189,36480,72390,109630,0,184881,0,0,0,0,0,0,0,,0.0,1.0,1,1,0.7022,2.1104,0.0743,0.1967,0.0,0.0,0.0,1.9608,5.0567
openstacks-sat14-strips-p210_1,0,False,209,44520,88410,133770,0,222733,0,0,0,0,0,0,0,,0.0,1.0,1,1,0.8481,2.7938,0.0478,0.2329,0.0,0.0,0.0,2.4332,6.3688
openstacks-sat14-strips-p210_2,0,False,209,44520,88410,133770,0,222927,0,0,0,0,0,0,0,,0.0,1.0,1,1,0.855,2.783,0.0507,0.2341,0.0,0.0,0.0,2.4442,6.3803
openstacks-sat14-strips-p210_3,0,False,209,44520,88410,133770,0,225659,0,0,0,0,0,0,0,,0.0,1.0,1,1,0.9244,2.9679,0.1099,0.2572,0.0,0.0,0.0,2.588,6.8628
openstacks-sat14-strips-p230_1,0,False,229,53360,106030,160310,0,266897,0,0,0,0,0,0,0,,0.0,1.0,1,1,1.0837,3.9081,0.0594,0.3014,0.0,0.0,0.0,3.1376,8.5104
openstacks-sat14-strips-p230_2,0,False,229,53360,106030,160310,0,267405,0,0,0,0,0,0,0,,0.0,1.0,1,1,1.0969,3.8838,0.0691,0.3057,0.0,0.0,0.0,3.1569,8.5332
openstacks-sat14-strips-p230_3,0,False,229,53360,106030,160310,0,270389,0,0,0,0,0,0,0,,0.0,1.0,1,1,1.179,4.3139,0.1487,0.3337,0.0,0.0,0.0,3.3478,9.3483
openstacks-sat14-strips-p250_1,0,False,249,63000,125250,189250,0,315303,0,0,0,0,0,0,0,,0.0,1.0,1,1,1.3762,5.272,0.0795,0.4075,0.0,0.0,0.0,4.0289,11.1814
openstacks-sat14-strips-p250_2,0,False,249,63000,125250,189250,0,315661,0,0,0,0,0,0,0,,0.0,1.0,1,1,1.3912,5.2106,0.0888,0.4122,0.0,0.0,0.0,4.0558,11.1761
openstacks-sat14-strips-p250_3,0,False,249,63000,125250,189250,0,319247,0,0,0,0,0,0,0,,0.0,1.0,1,1,1.4922,4.865,0.2058,0.448,0.0,0.0,0.0,4.263,11.2935
openstacks-sat14-strips-p270_1,0,False,269,73440,146070,220590,0,367741,0,0,0,0,0,0,0,,0.0,1.0,1,1,1.7158,6.8548,0.1031,0.5054,0.0,0.0,0.0,5.2971,14.499
openstacks-sat14-strips-p270_2,0,False,269,73440,146070,220590,0,368157,0,0,0,0,0,0,0,,0.0,1.0,1,1,1.7498,6.8248,0.116,0.5177,0.0,0.0,0.0,5.3129,14.5445
openstacks-sat14-strips-p270_3,0,False,269,73440,146070,220590,0,371855,0,0,0,0,0,0,0,,0.0,1.0,1,1,1.8501,5.9926,0.2623,0.579,0.0,0.0,0.0,5.6775,14.3877
openstacks-sat14-strips-p290_1,0,False,289,84680,168490,254330,0,423963,0,0,0,0,0,0,0,,0.0,1.0,1,1,2.0849,8.4664,0.1256,0.6347,0.0,0.0,0.0,6.6918,18.0323
openstacks-sat14-strips-p290_2,0,False,289,84680,168490,254330,0,424631,0,0,0,0,0,0,0,,0.0,1.0,1,1,2.1378,8.4515,0.1498,0.6429,0.0,0.0,0.0,6.7867,18.1979
openstacks-sat14-strips-p290_3,0,False,289,84680,168490,254330,0,428657,0,0,0,0,0,0,0,,0.0,1.0,1,1,2.2502,8.1501,0.3417,0.6953,0.0,0.0,0.0,7.0952,18.5661
openstacks-strips-p01,0,True,4,40,65,135,0,209,21,0,0,0,0,0,0,,0.0,21.0,21,21,0.0185,0.0004,0.0001,0.0013,0.0,0.0,0.0,0.0041,0.0247
openstacks-strips-p02,0,True,4,40,65,135,0,209,23,0,0,0,0,0,0,,0.0,21.0,21,21,0.0063,0.0004,0.0001,0.0014,0.0,0.0,0.0,0.004,0.0125
openstacks-strips-p03,0,True,4,40,65,135,0,209,21,0,0,0,0,0,0,,0.0,21.0,21,21,0.0173,0.0004,0.0001,0.0013,0.0,0.0,0.0,0.004,0.0234
openstacks-strips-p04,0,True,4,40,65,135,0,209,21,0,0,0,0,0,0,,0.0,21.0,21,21,0.005,0.0003,0.0001,0.0026,0.0,0.0,0.0,0.004,0.0124
openstacks-strips-p05,0,True,4,40,65,135,0,209,22,0,0,0,0,0,0,,0.0,21.0,21,21,0.0047,0.0004,0.0001,0.0011,0.0,0.0,0.0,0.004,0.0106
openstacks-strips-p06,0,True,9,130,230,420,0,699,41,0,0,0,0,0,0,,0.0,41.0,41,41,0.006,0.0014,0.0005,0.0015,0.0,0.0,0.0,0.0077,0.0175
openstacks-strips-p07,0,True,9,130,230,420,0,699,41,0,0,0,0,0,0,,0.0,41.0,41,41,0.0059,0.0015,0.0005,0.0016,0.0,0.0,0.0,0.0078,0.0178
openstacks-strips-p08,0,True,14,290,551,963,0,1807,62,0,0,0,0,0,0,,0.0,81.0,81,81,0.0131,0.0064,0.0038,0.0021,0.0,0.0,0.0,0.0156,0.0417
openstacks-strips-p09,0,True,14,290,551,963,0,1837,63,0,0,0,0,0,0,,0.0,81.0,81,81,0.0117,0.0066,0.0044,0.0022,0.0,0.0,0.0,0.0156,0.041
openstacks-strips-p10,0,True,19,460,881,1463,0,2422,73,0,0,0,0,0,0,,0.0,81.0,81,81,0.0138,0.0083,0.005,0.0023,0.0,0.0,0.0,0.0244,0.0546
openstacks-strips-p11,0,True,19,460,881,1463,0,2422,74,0,0,0,0,0,0,,0.0,81.0,81,81,0.0136,0.0084,0.005,0.0021,0.0,0.0,0.0,0.0244,0.0542
openstacks-strips-p12,0,True,19,460,881,1463,0,2482,77,0,0,0,0,0,0,,0.0,81.0,81,81,0.0139,0.0088,0.0061,0.0022,0.0,0.0,0.0,0.0245,0.0561
openstacks-strips-p13,0,True,19,460,881,1463,0,2542,77,0,0,0,0,0,0,,0.0,81.0,81,81,0.0136,0.009,0.0074,0.0023,0.0,0.0,0.0,0.025,0.058
openstacks-strips-p14,0,True,19,460,881,1463,0,2542,72,0,0,0,0,0,0,,0.0,81.0,81,81,0.0134,0.0086,0.0074,0.0022,0.0,0.0,0.0,0.025,0.0574
openstacks-strips-p15,0,True,19,460,881,1463,0,2602,75,0,0,0,0,0,0,,0.0,81.0,81,81,0.0146,0.0092,0.0092,0.0023,0.0,0.0,0.0,0.0251,0.061
openstacks-strips-p16,0,True,19,460,881,1463,0,2602,72,0,0,0,0,0,0,,0.0,81.0,81,81,0.0145,0.0092,0.0103,0.0023,0.0,0.0,0.0,0.0253,0.0623
openstacks-strips-p17,0,True,19,480,921,1553,0,2981,83,0,0,0,0,0,0,,0.0,101.0,101,101,0.0171,0.0126,0.0129,0.0028,0.0,0.0,0.0,0.0262,0.0724
openstacks-strips-p18,0,True,24,768,1487,2509,0,5218,105,0,0,0,0,0,0,,0.0,169.0,169,169,0.031,0.035,0.0408,0.0039,0.0,0.0,0.0,0.0383,0.1503
openstacks-strips-p19,0,True,24,700,1351,2203,0,3622,82,0,0,0,0,0,0,,0.0,101.0,101,101,0.0178,0.0171,0.0155,0.0027,0.0,0.0,0.0,0.035,0.0888
openstacks-strips-p20,0,True,29,990,1921,3093,0,5132,105,0,0,0,0,0,0,,0.0,121.0,121,121,0.0237,0.0268,0.0267,0.0036,0.0,0.0,0.0,0.0453,0.1271
openstacks-strips-p21,0,True,29,990,1921,3093,0,5132,105,0,0,0,0,0,0,,0.0,121.0,121,121,0.024,0.0261,0.027,0.0035,0.0,0.0,0.0,0.0456,0.1273
openstacks-strips-p22,0,True,29,990,1921,3093,0,5222,113,0,0,0,0,0,0,,0.0,121.0,121,121,0.0254,0.0268,0.0295,0.0037,0.0,0.0,0.0,0.046,0.1326
openstacks-strips-p23,0,True,29,990,1921,3093,0,5312,108,0,0,0,0,0,0,,0.0,121.0,121,121,0.0243,0.029,0.0364,0.0035,0.0,0.0,0.0,0.0464,0.1407
openstacks-strips-p24,0,True,49,2650,5201,8153,0,17845,179,0,0,0,0,0,0,,0.0,201.0,201,201,0.3705,0.1781,2.9276,0.0166,0.0,0.0,0.0,0.1567,3.6519
openstacks-strips-p25,0,True,49,2650,5201,8153,0,17146,160,0,0,0,0,0,0,,0.0,201.0,201,201,0.093,0.1757,2.0466,0.0153,0.0,0.0,0.0,0.1495,2.4827
openstacks-strips-p26,0,True,49,2650,5201,8153,0,13615,180,0,0,0,0,0,0,,0.0,201.0,201,201,0.0679,0.1284,0.3163,0.0104,0.0,0.0,0.0,0.1181,0.643
openstacks-strips-p27,0,True,74,5850,11551,17853,0,29969,253,0,0,0,0,0,0,,0.0,301.0,301,301,0.1758,0.4446,1.6285,0.0224,0.0,0.0,0.0,0.2763,2.5516
openstacks-strips-p28,0,True,99,10300,20401,31303,0,71503,320,0,0,0,0,0,0,,0.0,401.0,401,401,0.6748,1.9935,171.3178,0.0888,0.0,0.0,0.0,0.9057,175.0042
openstacks-strips-p29,0,True,99,10300,20401,31303,0,67495,311,0,0,0,0,0,0,,0.0,401.0,401,401,0.6092,1.9069,94.5417,0.0901,0.0,0.0,0.0,0.8162,97.9765
openstacks-strips-p30,0,True,99,10300,20401,31303,0,52657,353,0,0,0,0,0,0,,0.0,401.0,401,401,0.3706,1.3118,4.8679,0.0486,0.0,0.0,0.0,0.5284,7.1344
optical-telegraphs-p01-opt2,-3,False,0,0,0,0,0,0,0,0,0,0,0,0,0,,0.0,0.0,1e+20,1e+20,0,0,0,0,0,0,0,0,0
optical-telegraphs-p02-opt3,-3,False,0,0,0,0,0,0,0,0,0,0,0,0,0,,0.0,0.0,1e+20,1e+20,0,0,0,0,0,0,0,0,0
optical-telegraphs-p03-opt4,-3,False,0,0,0,0,0,0,0,0,0,0,0,0,0,,0.0,0.0,1e+20,1e+20,0,0,0,0,0,0,0,0,0
optical-telegraphs-p04-opt5,-3,False,0,0,0,0,0,0,0,0,0,0,0,0,0,,0.0,0.0,1e+20,1e+20,0,0,0,0,0,0,0,0,0
optical-telegraphs-p05-opt6,-3,False,0,0,0,0,0,0,0,0,0,0,0,0,0,,0.0,0.0,1e+20,1e+20,0,0,0,0,0,0,0,0,0
optical-telegraphs-p06-opt7,-3,False,0,0,0,0,0,0,0,0,0,0,0,0,0,,0.0,0.0,1e+20,1e+20,0,0,0,0,0,0,0,0,0
optical-telegraphs-p07-opt8,-3,False,0,0,0,0,0,0,0,0,0,0,0,0,0,,0.0,0.0,1e+20,1e+20,0,0,0,0,0,0,0,0,0
optical-telegraphs-p08-opt9,-3,False,0,0,0,0,0,0,0,0,0,0,0,0,0,,0.0,0.0,1e+20,1e+20,0,0,0,0,0,0,0,0,0
optical-telegraphs-p09-opt10,-3,False,0,0,0,0,0,0,0,0,0,0,0,0,0,,0.0,0.0,1e+20,1e+20,0,0,0,0,0,0,0,0,0
optical-telegraphs-p10-opt11,-3,False,0,0,0,0,0,0,0,0,0,0,0,0,0,,0.0,0.0,1e+20,1e+20,0,0,0,0,0,0,0,0,0
optical-telegraphs-p11-opt12,-3,False,0,0,0,0,0,0,0,0,0,0,0,0,0,,0.0,0.0,1e+20,1e+20,0,0,0,0,0,0,0,0,0
optical-telegraphs-p12-opt13,-3,False,0,0,0,0,0,0,0,0,0,0,0,0,0,,0.0,0.0,1e+20,1e+20,0,0,0,0,0,0,0,0,0
optical-telegraphs-p13-opt14,-3,False,0,0,0,0,0,0,0,0,0,0,0,0,0,,0.0,0.0,1e+20,1e+20,0,0,0,0,0,0,0,0,0
optical-telegraphs-p14-opt15,-3,False,0,0,0,0,0,0,0,0,0,0,0,0,0,,0.0,0.0,1e+20,1e+20,0,0,0,0,0,0,0,0,0
optical-telegraphs-p15-opt16,-3,False,0,0,0,0,0,0,0,0,0,0,0,0,0,,0.0,0.0,1e+20,1e+20,0,0,0,0,0,0,0,0,0
optical-telegraphs-p16-opt17,-3,False,0,0,0,0,0,0,0,0,0,0,0,0,0,,0.0,0.0,1e+20,1e+20,0,0,0,0,0,0,0,0,0
optical-telegraphs-p17-opt18,-3,False,0,0,0,0,0,0,0,0,0,0,0,0,0,,0.0,0.0,1e+20,1e+20,0,0,0,0,0,0,0,0,0
optical-telegraphs-p18-opt19,-3,False,0,0,0,0,0,0,0,0,0,0,0,0,0,,0.0,0.0,1e+20,1e+20,0,0,0,0,0,0,0,0,0
optical-telegraphs-p19-opt20,-3,False,0,0,0,0,0,0,0,0,0,0,0,0,0,,0.0,0.0,1e+20,1e+20,0,0,0,0,0,0,0,0,0
optical-telegraphs-p20-opt21,-3,False,0,0,0,0,0,0,0,0,0,0,0,0,0,,0.0,0.0,1e+20,1e+20,0,0,0,0,0,0,0,0,0
optical-telegraphs-p21-opt22,-3,False,0,0,0,0,0,0,0,0,0,0,0,0,0,,0.0,0.0,1e+20,1e+20,0,0,0,0,0,0,0,0,0
optical-telegraphs-p22-opt23,-3,False,0,0,0,0,0,0,0,0,0,0,0,0,0,,0.0,0.0,1e+20,1e+20,0,0,0,0,0,0,0,0,0
optical-telegraphs-p23-opt24,-3,False,0,0,0,0,0,0,0,0,0,0,0,0,0,,0.0,0.0,1e+20,1e+20,0,0,0,0,0,0,0,0,0
optical-telegraphs-p24-opt25,-3,False,0,0,0,0,0,0,0,0,0,0,0,0,0,,0.0,0.0,1e+20,1e+20,0,0,0,0,0,0,0,0,0
optical-telegraphs-p25-opt26,-3,False,0,0,0,0,0,0,0,0,0,0,0,0,0,,0.0,0.0,1e+20,1e+20,0,0,0,0,0,0,0,0,0
optical-telegraphs-p26-opt27,-3,False,0,0,0,0,0,0,0,0,0,0,0,0,0,,0.0,0.0,1e+20,1e+20,0,0,0,0,0,0,0,0,0
optical-telegraphs-p27-opt28,-3,False,0,0,0,0,0,0,0,0,0,0,0,0,0,,0.0,0.0,1e+20,1e+20,0,0,0,0,0,0,0,0,0
optical-telegraphs-p28-opt29,-3,False,0,0,0,0,0,0,0,0,0,0,0,0,0,,0.0,0.0,1e+20,1e+20,0,0,0,0,0,0,0,0,0
optical-telegraphs-p29-opt30,-3,False,0,0,0,0,0,0,0,0,0,0,0,0,0,,0.0,0.0,1e+20,1e+20,0,0,0,0,0,0,0,0,0
optical-telegraphs-p30-opt31,-3,False,0,0,0,0,0,0,0,0,0,0,0,0,0,,0.0,0.0,1e+20,1e+20,0,0,0,0,0,0,0,0,0
optical-telegraphs-p31-opt32,-3,False,0,0,0,0,0,0,0,0,0,0,0,0,0,,0.0,0.0,1e+20,1e+20,0,0,0,0,0,0,0,0,0
optical-telegraphs-p32-opt33,-3,False,0,0,0,0,0,0,0,0,0,0,0,0,0,,0.0,0.0,1e+20,1e+20,0,0,0,0,0,0,0,0,0
optical-telegraphs-p33-opt34,-3,False,0,0,0,0,0,0,0,0,0,0,0,0,0,,0.0,0.0,1e+20,1e+20,0,0,0,0,0,0,0,0,0
optical-telegraphs-p34-opt35,-3,False,0,0,0,0,0,0,0,0,0,0,0,0,0,,0.0,0.0,1e+20,1e+20,0,0,0,0,0,0,0,0,0
optical-telegraphs-p35-opt36,-3,False,0,0,0,0,0,0,0,0,0,0,0,0,0,,0.0,0.0,1e+20,1e+20,0,0,0,0,0,0,0,0,0
optical-telegraphs-p36-opt37,-3,False,0,0,0,0,0,0,0,0,0,0,0,0,0,,0.0,0.0,1e+20,1e+20,0,0,0,0,0,0,0,0,0
optical-telegraphs-p37-opt38,-3,False,0,0,0,0,0,0,0,0,0,0,0,0,0,,0.0,0.0,1e+20,1e+20,0,0,0,0,0,0,0,0,0
optical-telegraphs-p38-opt39,-3,False,0,0,0,0,0,0,0,0,0,0,0,0,0,,0.0,0.0,1e+20,1e+20,0,0,0,0,0,0,0,0,0
optical-telegraphs-p39-opt40,-3,False,0,0,0,0,0,0,0,0,0,0,0,0,0,,0.0,0.0,1e+20,1e+20,0,0,0,0,0,0,0,0,0
optical-telegraphs-p40-opt41,-3,False,0,0,0,0,0,0,0,0,0,0,0,0,0,,0.0,0.0,1e+20,1e+20,0,0,0,0,0,0,0,0,0
optical-telegraphs-p41-opt42,-3,False,0,0,0,0,0,0,0,0,0,0,0,0,0,,0.0,0.0,1e+20,1e+20,0,0,0,0,0,0,0,0,0
optical-telegraphs-p42-opt43,-3,False,0,0,0,0,0,0,0,0,0,0,0,0,0,,0.0,0.0,1e+20,1e+20,0,0,0,0,0,0,0,0,0
optical-telegraphs-p43-opt44,-3,False,0,0,0,0,0,0,0,0,0,0,0,0,0,,0.0,0.0,1e+20,1e+20,0,0,0,0,0,0,0,0,0
optical-telegraphs-p44-opt45,-3,False,0,0,0,0,0,0,0,0,0,0,0,0,0,,0.0,0.0,1e+20,1e+20,0,0,0,0,0,0,0,0,0
optical-telegraphs-p45-opt46,-3,False,0,0,0,0,0,0,0,0,0,0,0,0,0,,0.0,0.0,1e+20,1e+20,0,0,0,0,0,0,0,0,0
optical-telegraphs-p46-opt47,-3,False,0,0,0,0,0,0,0,0,0,0,0,0,0,,0.0,0.0,1e+20,1e+20,0,0,0,0,0,0,0,0,0
optical-telegraphs-p47-opt48,-3,False,0,0,0,0,0,0,0,0,0,0,0,0,0,,0.0,0.0,1e+20,1e+20,0,0,0,0,0,0,0,0,0
optical-telegraphs-p48-opt49,-3,False,0,0,0,0,0,0,0,0,0,0,0,0,0,,0.0,0.0,1e+20,1e+20,0,0,0,0,0,0,0,0,0
organic-synthesis-opt18-strips-p01,0,True,0,1,9,19,0,18,0,0,0,0,1,0,0,,0.0,1.0,1,1,0.0067,0.0003,0.0,0.0012,0.0,0.0,0.0,0.0013,0.0101
organic-synthesis-opt18-strips-p02,0,True,1,2,17,30,0,28,1,0,0,0,0,0,0,,0.0,1.0,1,1,0.0074,0.0006,0.0,0.0013,0.0,0.0,0.0,0.0022,0.0119
organic-synthesis-opt18-strips-p03,0,True,3,5,22,43,0,62,2,0,0,0,0,0,0,,0.0,2.0,2,2,0.0405,0.0148,0.0,0.0016,0.0,0.0,0.0,0.0014,0.0594
organic-synthesis-opt18-strips-p07,0,True,0,1,12,26,0,24,0,0,0,0,1,0,0,,0.0,2.0,2,2,0.0046,0.0001,0.0,0.0012,0.0,0.0,0.0,0.0013,0.0075
organic-synthesis-opt18-strips-p09,0,True,4,4,18,35,0,41,0,0,0,0,0,0,0,,0.0,2.0,2,2,0.1118,0.0184,0.0,0.0025,0.0,0.0,0.0,0.0015,0.1363
organic-synthesis-opt18-strips-p10,0,True,4,4,18,35,0,41,0,0,0,0,0,0,0,,0.0,2.0,2,2,0.1135,0.0192,0.0,0.0016,0.0,0.0,0.0,0.0015,0.1392
organic-synthesis-opt18-strips-p11,0,True,65,506,2010,2591,0,2355,6,0,0,0,0,0,0,,0.0,2.0,2,2,5.7825,532.419,0.0002,0.0028,0.0,0.0,0.0,0.0376,538.358
organic-synthesis-opt18-strips-p12,0,True,2,6,61,90,0,105,5,0,0,0,0,0,0,,0.0,2.0,2,2,11.443,3.4829,0.0,0.1613,0.0,0.0,0.0,0.003,15.2853
organic-synthesis-opt18-strips-p14,0,True,11,8,73,112,0,104,3,0,0,0,0,0,0,,0.0,2.0,2,2,0.0416,0.0264,0.0,0.0016,0.0,0.0,0.0,0.0018,0.0723
organic-synthesis-sat18-strips-p06,0,True,20,16,80,125,0,187,0,0,0,0,0,0,0,,0.0,2.0,2,2,0.6145,0.2587,0.0,0.0059,0.0,0.0,0.0,0.0024,0.8888
organic-synthesis-sat18-strips-p07,0,True,22,54,763,863,0,809,3,0,0,0,0,0,0,,0.0,2.0,2,2,1.4125,0.4347,0.0001,0.0022,0.0,0.0,0.0,0.0139,1.8936
organic-synthesis-sat18-strips-p16,0,True,354,6564,26484,33408,0,31217,17,0,0,0,0,0,0,,0.0,6.0,6,6,1.2814,9.406,0.0716,0.031,0.0,0.0,0.0,0.4586,11.2717
organic-synthesis-split-opt18-strips-p01,0,False,189,2042,2631,4874,0,4193,91,0,0,0,1,0,0,,0.0,41.0,61,41,0.0188,0.0264,0.0111,0.0047,0.0,0.0001,0.0,0.1174,0.1799
organic-synthesis-split-opt18-strips-p02,0,False,229,3556,4277,8074,0,6223,90,0,0,0,1,0,0,,0.0,41.0,53,41,0.0266,0.0608,0.0202,0.0064,0.0,0.0001,0.0,0.1858,0.3016
organic-synthesis-split-opt18-strips-p03,0,False,526,7634,10890,19103,0,16783,174,0,74,0,75,0,238,,0.0,247.0,289,247,0.2773,0.4261,0.295,0.021,0.0,0.0253,0.0,6.0054,7.0288
organic-synthesis-split-opt18-strips-p04,0,False,718,10435,14470,25646,0,24440,242,0,0,0,1,0,0,,0.0,239.0,248,239,0.1284,0.5975,0.6516,0.0356,0.0,0.0002,0.0,0.8883,2.3061
organic-synthesis-split-opt18-strips-p05,0,False,1269,27395,42855,71522,0,74936,227,0,0,0,1,0,0,,0.0,122.0,176,122,0.5035,2.7499,2.1352,0.1388,0.0,0.0005,0.0,7.5473,13.0857
organic-synthesis-split-opt18-strips-p06,0,False,1124,33531,47412,82096,0,74418,344,0,4,0,3,0,3,,0.0,247.0,400,247,0.5611,3.7354,3.4833,0.1494,0.0,0.003,0.0,239.2337,247.1763
organic-synthesis-split-opt18-strips-p07,0,False,14,28,74,142,0,172,19,0,0,0,0,0,0,,0.0,189.0,189,189,0.0063,0.0005,0.0001,0.0018,0.0,0.0,0.0,0.0047,0.0139
organic-synthesis-split-opt18-strips-p08,2,False,1828,61570,91317,154729,0,152126,447,0,0,0,8,0,0,,0.0,220.447,512,271,1.3403,11.1251,25.6805,0.3993,0.0,0.0299,0.0,861.5343,900.0921
organic-synthesis-split-opt18-strips-p09,0,False,413,5144,6447,12007,0,10287,96,0,13,0,17,0,0,,0.0,47.0,59,47,0.0435,0.1373,0.0421,0.013,0.0,0.0033,0.0,12.0901,12.3274
organic-synthesis-split-opt18-strips-p10,0,False,423,5236,6655,12317,0,10661,97,0,1,0,3,0,0,,0.0,47.0,59,47,0.045,0.1484,0.0514,0.0132,0.0,0.0005,0.0,7.1631,7.4227
organic-synthesis-split-opt18-strips-p11,0,False,1284,19706,32859,53858,0,59069,125,0,3,0,4,0,11,,0.0,73.0,86,73,0.369,1.5043,0.3723,0.1094,0.0,0.0026,0.0,388.9829,391.3448
organic-synthesis-split-opt18-strips-p12,0,False,1502,19368,33734,54609,0,63650,114,0,0,0,3,0,0,,0.0,39.0,56,39,0.4713,1.8496,0.2936,0.1348,0.0,0.0018,0.0,14.3209,17.0794
organic-synthesis-split-opt18-strips-p13,2,False,2865,112997,174331,290200,0,288927,356,0,0,0,0,0,0,,0.0,0.0,308,308,3.5368,37.2695,71.9515,1.3789,0.0,0.0,0.0,786.0522,900.2352
organic-synthesis-split-opt18-strips-p14,0,False,367,9083,10593,20066,0,14439,97,0,2,0,2,0,0,,0.0,55.0,65,55,0.0654,0.375,0.1013,0.0211,0.0,0.0006,0.0,0.9739,1.5409
organic-synthesis-split-opt18-strips-p15,2,False,3264,119376,178985,301646,0,298630,369,0,0,0,0,0,0,,0.0,0.0,527,527,4.38,50.3662,83.128,1.531,0.0,0.0,0.0,761.0044,900.4596
organic-synthesis-split-opt18-strips-p16,0,False,3964,128940,209140,342069,0,361916,248,0,0,0,1,0,0,,0.0,103.0,121,103,9.5568,74.3721,91.565,2.2262,0.0,0.0026,0.0,594.3358,772.1274
organic-synthesis-split-opt18-strips-p17,2,False,4791,179090,281029,464946,0,475039,434,0,0,0,0,0,0,,0.0,0.0,479,479,16.5936,157.7607,441.8645,3.7241,0.0,0.0,0.0,280.7543,900.7492
organic-synthesis-split-opt18-strips-p18,2,False,3927,173070,250963,427989,0,401315,385,0,0,0,0,0,0,,0.0,0.0,637,637,7.8101,114.3191,190.9012,2.7507,0.0,0.0,0.0,584.9737,900.7963
organic-synthesis-split-opt18-strips-p19,2,False,2354,73603,110807,186769,0,186869,282,0,0,0,1,0,0,,0.0,152.5,162,155,2.1321,18.8166,21.6102,0.6809,0.0,0.0015,0.0,856.8127,900.0849
organic-synthesis-split-opt18-strips-p20,2,False,2705,102307,148321,253353,0,242571,443,0,0,0,0,0,0,,0.0,0.0,448,448,2.9263,31.9222,57.3562,1.0477,0.0,0.0,0.0,806.9655,900.28
organic-synthesis-split-sat18-strips-p01,0,False,810,13779,19969,34598,0,33379,295,0,0,0,0,0,0,,0.0,216.0,216,216,0.1763,0.844,1.2988,0.0484,0.0,0.0,0.0,0.5767,2.9488
organic-synthesis-split-sat18-strips-p02,0,False,775,15122,21138,37088,0,31687,184,0,11,0,12,0,75,,0.0,247.0,308,247,0.5745,1.2372,1.4286,0.0525,0.0,0.0056,0.0,13.4033,16.703
organic-synthesis-split-sat18-strips-p03,0,False,1612,55216,81755,138633,0,135387,436,0,0,0,1,0,0,,0.0,246.0,450,246,1.1111,9.6314,13.703,0.3513,0.0,0.0012,0.0,286.2221,311.0326
organic-synthesis-split-sat18-strips-p04,0,False,1278,33396,49369,84054,0,77212,233,0,0,0,1,0,0,,0.0,158.0,162,158,0.6084,4.6907,2.4348,0.1748,0.0,0.0008,0.0,14.856,22.7755
organic-synthesis-split-sat18-strips-p05,2,False,2211,65386,101307,168911,0,166448,316,0,3,0,16,0,61,,0.0,213.417,281,224,1.8965,17.1841,30.638,0.6102,0.0,0.0247,0.0,849.7621,900.1343
organic-synthesis-split-sat18-strips-p06,0,False,525,9107,10940,20575,0,16104,97,0,17,0,16,0,0,,0.0,45.0,59,45,0.0838,0.4097,0.1062,0.0253,0.0,0.0049,0.0,10.8043,11.4326
organic-synthesis-split-sat18-strips-p07,0,False,2024,27766,50419,80220,0,90973,126,0,0,0,1,0,0,,0.0,48.0,49,48,0.9273,4.4167,0.3964,0.2735,0.0,0.0005,0.0,34.3239,40.3499
organic-synthesis-split-sat18-strips-p08,0,False,3180,117010,183793,303988,0,298491,234,0,0,0,1,0,0,,0.0,108.0,112,108,4.4746,60.0493,10.7066,1.7311,0.0,0.0021,0.0,10.8994,87.9009
organic-synthesis-split-sat18-strips-p09,2,False,4640,228474,348502,581623,0,555108,335,0,0,0,0,0,0,,0.0,0.0,238,238,10.8631,191.8989,205.5868,4.6686,0.0,0.0,0.0,487.6755,900.7492
organic-synthesis-split-sat18-strips-p10,2,False,3137,99286,152756,255190,0,251434,364,0,0,0,0,0,0,,0.0,0.0,370,370,3.7733,47.13,93.13,1.362,0.0,0.0,0.0,754.7036,900.1689
organic-synthesis-split-sat18-strips-p11,2,False,4935,240849,350755,596546,0,567371,406,0,0,0,0,0,0,,0.0,0.0,362,362,11.9807,199.5133,447.6404,4.6547,0.0,0.0,0.0,236.8353,900.7001
organic-synthesis-split-sat18-strips-p12,3,False,4886,298526,423584,0,0,0,0,0,0,0,0,0,0,,0.0,0.0,1e+20,1e+20,15.2261,304.7272,580.0199,0.0,0.0,0.0,0.0,0.0,910.8752
organic-synthesis-split-sat18-strips-p13,3,False,8666,646661,934803,0,0,0,0,0,0,0,0,0,0,,0.0,0.0,1e+20,1e+20,56.9539,842.9963,0.0,0.0,0.0,0.0,0.0,0.0,901.4436
organic-synthesis-split-sat18-strips-p14,3,False,6193,369806,523130,0,0,0,0,0,0,0,0,0,0,,0.0,0.0,1e+20,1e+20,22.5428,426.0817,451.3446,0.0,0.0,0.0,0.0,0.0,913.7811
organic-synthesis-split-sat18-strips-p15,0,False,1005,20139,26402,47571,0,41810,366,0,1,0,2,0,0,,0.0,273.0,404,273,0.2949,2.3401,2.8937,0.0839,0.0,0.0015,0.0,18.9407,24.5621
organic-synthesis-split-sat18-strips-p16,0,False,2776,46110,76427,125401,0,127946,267,0,944,0,741,0,763,,0.0,540.0,616,540,1.5745,15.536,44.4275,0.5304,0.0,1.2809,0.0,505.9294,568.0147
organic-synthesis-split-sat18-strips-p17,3,False,5284,292300,421295,0,0,0,0,0,0,0,0,0,0,,0.0,0.0,1e+20,1e+20,24.9652,319.6441,555.354,0.0,0.0,0.0,0.0,0.0,905.0276
organic-synthesis-split-sat18-strips-p18,3,False,5012,237977,341676,0,0,0,0,0,0,0,0,0,0,,0.0,0.0,1e+20,1e+20,12.0077,242.9124,645.0588,0.0,0.0,0.0,0.0,0.0,901.5598
organic-synthesis-split-sat18-strips-p19,-2,False,0,0,0,0,0,0,0,0,0,0,0,0,0,,0.0,0.0,1e+20,1e+20,0,0,0,0,0,0,0,0,0
organic-synthesis-split-sat18-strips-p20,3,False,10608,705330,1000070,0,0,0,0,0,0,0,0,0,0,,0.0,0.0,1e+20,1e+20,67.66,832.2864,0.0,0.0,0.0,0.0,0.0,0.0,903.3238
parcprinter-08-strips-p01,0,False,14,17,42,95,0,125,33,0,0,0,0,0,0,,0.0,169009.0,169009,169009,0.0219,0.0004,0.0,0.0012,0.0,0.0,0.0,0.0042,0.0281
parcprinter-08-strips-p02,0,False,26,33,67,160,0,220,56,0,0,0,1,0,0,,0.0,438047.0,446047,438047,0.0218,0.0004,0.0001,0.0014,0.0,0.0,0.0,0.0067,0.0308
parcprinter-08-strips-p03,0,False,2,2,45,114,0,167,0,0,0,0,0,0,0,,0.0,807114.0,807114,807114,0.0215,0.0003,0.0,0.0022,0.0,0.0,0.0,0.0022,0.0267
parcprinter-08-strips-p04,0,False,53,67,121,294,0,418,112,0,0,0,2,0,0,,0.0,876094.0,1027104,876094,0.0057,0.0012,0.0002,0.0014,0.0,0.0001,0.0,0.0068,0.0158
parcprinter-08-strips-p05,0,False,65,83,146,359,0,513,135,0,0,0,2,0,0,,0.0,1145132.0,1439152,1145132,0.0058,0.0018,0.0004,0.0019,0.0,0.0001,0.0,0.0077,0.018
parcprinter-08-strips-p06,0,False,74,97,167,420,0,600,148,0,0,0,3,0,0,,0.0,1514199.0,2092239,1514199,0.0059,0.0024,0.0006,0.0015,0.0,0.0001,0.0,0.0078,0.0186
parcprinter-08-strips-p07,0,False,98,121,208,501,0,727,211,0,0,0,2,0,0,,0.0,1383121.0,1534131,1383121,0.0086,0.0037,0.0007,0.0016,0.0,0.0001,0.0,0.0097,0.0249
parcprinter-08-strips-p08,0,False,104,133,225,558,0,806,214,0,0,0,1,0,0,,0.0,1852217.0,2565267,1852217,0.007,0.0044,0.0011,0.0018,0.0,0.0,0.0,0.0098,0.0247
parcprinter-08-strips-p09,0,False,116,149,250,623,0,901,237,0,0,0,2,0,0,,0.0,2121255.0,2842305,2121255,0.0077,0.0056,0.0015,0.0015,0.0,0.0001,0.0,0.0106,0.0274
parcprinter-08-strips-p10,0,False,125,163,271,684,0,988,250,0,0,0,1,0,0,,0.0,2490322.0,3629402,2490322,0.0082,0.0067,0.002,0.0018,0.0,0.0001,0.0,0.0107,0.0298
parcprinter-08-strips-p11,0,False,17,22,52,116,0,172,26,0,0,0,0,0,0,,0.0,165989.0,165989,165989,0.0054,0.0003,0.0,0.001,0.0,0.0,0.0,0.0042,0.0114
parcprinter-08-strips-p12,0,False,34,44,85,197,0,304,49,0,0,0,0,0,0,,0.0,425725.0,425725,425725,0.0055,0.0006,0.0001,0.0016,0.0,0.0,0.0,0.0055,0.0137
parcprinter-08-strips-p13,0,False,51,66,122,282,0,448,75,0,0,0,0,0,0,,0.0,591714.0,591714,591714,0.0055,0.0011,0.0001,0.0014,0.0,0.0,0.0,0.0064,0.015
parcprinter-08-strips-p14,0,False,68,88,155,363,0,580,98,0,0,0,1,0,0,,0.0,851450.0,863255,851450,0.0065,0.0018,0.0002,0.0015,0.0,0.0,0.0,0.0078,0.0184
parcprinter-08-strips-p15,0,False,85,112,194,454,0,732,124,0,0,0,1,0,0,,0.0,1323035.0,1334840,1323035,0.0061,0.003,0.0003,0.0015,0.0,0.0,0.0,0.0091,0.0206
parcprinter-08-strips-p16,0,False,102,132,221,525,0,844,144,0,0,0,0,0,0,,0.0,1370922.0,1370922,1370922,0.0068,0.0039,0.0005,0.0017,0.0,0.0,0.0,0.0095,0.023
parcprinter-08-strips-p17,0,False,119,154,262,614,0,1000,173,0,0,0,1,0,0,,0.0,1443164.0,1454969,1443164,0.0079,0.0056,0.0006,0.0016,0.0,0.0,0.0,0.011,0.0272
parcprinter-08-strips-p18,0,False,136,176,287,687,0,1108,190,0,0,0,1,0,0,,0.0,1890394.0,1902199,1890394,0.0079,0.0069,0.0009,0.0018,0.0,0.0001,0.0,0.0117,0.0296
parcprinter-08-strips-p19,0,False,153,204,334,792,0,1284,216,0,0,0,1,0,0,,0.0,2579475.0,2591280,2579475,0.0273,0.0092,0.0014,0.002,0.0,0.0001,0.0,0.0129,0.0534
parcprinter-08-strips-p20,0,False,170,222,375,875,0,1440,251,0,0,0,0,0,0,,0.0,2246727.0,2246727,2246727,0.0126,0.0128,0.0015,0.0018,0.0,0.0,0.0,0.0134,0.0427
parcprinter-08-strips-p21,0,False,8,17,36,79,0,110,23,0,0,0,0,0,0,,0.0,143411.0,143411,143411,0.0059,0.0002,0.0,0.0012,0.0,0.0,0.0,0.0041,0.0118
parcprinter-08-strips-p22,0,False,13,32,61,137,0,198,46,0,0,0,1,0,0,,0.0,375821.0,511110,375821,0.0054,0.0004,0.0001,0.0013,0.0,0.0,0.0,0.0052,0.0127
parcprinter-08-strips-p23,0,False,21,49,89,199,0,294,69,0,0,0,1,0,0,,0.0,519232.0,654521,519232,0.0056,0.0006,0.0001,0.0014,0.0,0.0,0.0,0.0059,0.014
parcprinter-08-strips-p24,0,False,26,64,114,257,0,382,92,0,0,0,2,0,0,,0.0,751642.0,1022220,751642,0.0051,0.001,0.0001,0.0013,0.0,0.0001,0.0,0.0065,0.0144
parcprinter-08-strips-p25,0,False,31,78,141,319,0,480,111,0,2,0,3,0,0,,0.0,1196842.0,1602709,1196842,0.0065,0.0015,0.0002,0.0014,0.0,0.0001,0.0,0.0072,0.0172
parcprinter-08-strips-p26,0,False,36,94,164,373,0,558,138,0,0,0,1,0,0,,0.0,1216462.0,1757618,1216462,0.0063,0.0019,0.0003,0.0015,0.0,0.0,0.0,0.0074,0.018
parcprinter-08-strips-p27,0,False,47,113,195,439,0,662,161,0,1,0,2,0,0,,0.0,1270874.0,1676741,1270874,0.0061,0.0027,0.0003,0.0015,0.0,0.0001,0.0,0.009,0.02
parcprinter-08-strips-p28,0,False,46,124,214,489,0,734,184,0,0,0,1,0,0,,0.0,1681282.0,2493016,1681282,0.0074,0.0034,0.0005,0.0015,0.0,0.0,0.0,0.0085,0.0218
parcprinter-08-strips-p29,0,False,48,136,242,553,0,840,197,0,2,0,2,0,0,,0.0,2343271.0,3425583,2343271,0.0075,0.0044,0.0007,0.0015,0.0,0.0001,0.0,0.0088,0.0234
parcprinter-08-strips-p30,0,False,68,161,278,625,0,952,226,0,0,0,1,0,0,,0.0,2002896.0,2544052,2002896,0.0077,0.0058,0.0007,0.0016,0.0,0.0001,0.0,0.0111,0.0273
parcprinter-opt11-strips-p01,0,False,13,32,61,137,0,198,46,0,0,0,1,0,0,,0.0,375821.0,511110,375821,0.005,0.0003,0.0001,0.0011,0.0,0.0,0.0,0.005,0.0118
parcprinter-opt11-strips-p02,0,False,26,33,67,160,0,220,56,0,0,0,1,0,0,,0.0,438047.0,446047,438047,0.0049,0.0004,0.0001,0.0011,0.0,0.0,0.0,0.0067,0.0135
parcprinter-opt11-strips-p03,0,False,34,44,85,197,0,304,49,0,0,0,0,0,0,,0.0,425725.0,425725,425725,0.0053,0.0006,0.0001,0.0011,0.0,0.0,0.0,0.0055,0.0131
parcprinter-opt11-strips-p04,0,False,53,67,121,294,0,418,112,0,0,0,2,0,0,,0.0,876094.0,1027104,876094,0.0054,0.0012,0.0002,0.0011,0.0,0.0001,0.0,0.0069,0.0152
parcprinter-opt11-strips-p05,0,False,21,49,89,199,0,294,69,0,0,0,1,0,0,,0.0,519232.0,654521,519232,0.0053,0.0006,0.0001,0.0014,0.0,0.0,0.0,0.006,0.0138
parcprinter-opt11-strips-p06,0,False,74,97,167,420,0,600,148,0,0,0,3,0,0,,0.0,1514199.0,2092239,1514199,0.0062,0.0024,0.0006,0.0015,0.0,0.0001,0.0,0.008,0.0192
parcprinter-opt11-strips-p07,0,False,65,83,146,359,0,513,135,0,0,0,2,0,0,,0.0,1145132.0,1439152,1145132,0.0059,0.0018,0.0004,0.0015,0.0,0.0001,0.0,0.0075,0.0174
parcprinter-opt11-strips-p08,0,False,26,64,114,257,0,382,92,0,0,0,2,0,0,,0.0,751642.0,1022220,751642,0.0057,0.001,0.0001,0.0013,0.0,0.0001,0.0,0.0065,0.015
parcprinter-opt11-strips-p09,0,False,51,66,122,282,0,448,75,0,0,0,0,0,0,,0.0,591714.0,591714,591714,0.0057,0.0012,0.0001,0.0014,0.0,0.0,0.0,0.0065,0.0154
parcprinter-opt11-strips-p10,0,False,31,78,141,319,0,480,111,0,2,0,3,0,0,,0.0,1196842.0,1602709,1196842,0.0056,0.0015,0.0002,0.0015,0.0,0.0001,0.0,0.0073,0.0165
parcprinter-opt11-strips-p11,0,False,36,94,164,373,0,558,138,0,0,0,1,0,0,,0.0,1216462.0,1757618,1216462,0.0059,0.0019,0.0003,0.0011,0.0,0.0,0.0,0.0075,0.0171
parcprinter-opt11-strips-p12,0,False,68,88,155,363,0,580,98,0,0,0,1,0,0,,0.0,851450.0,863255,851450,0.0056,0.0019,0.0002,0.0013,0.0,0.0,0.0,0.0079,0.0173
parcprinter-opt11-strips-p13,0,False,98,121,208,501,0,727,211,0,0,0,2,0,0,,0.0,1383121.0,1534131,1383121,0.0067,0.0038,0.0007,0.0015,0.0,0.0001,0.0,0.0097,0.023
parcprinter-opt11-strips-p14,0,False,104,133,225,558,0,806,214,0,0,0,1,0,0,,0.0,1852217.0,2565267,1852217,0.0069,0.0045,0.0011,0.0015,0.0,0.0,0.0,0.0098,0.0243
parcprinter-opt11-strips-p15,0,False,116,149,250,623,0,901,237,0,0,0,2,0,0,,0.0,2121255.0,2842305,2121255,0.0068,0.0056,0.0015,0.0015,0.0,0.0001,0.0,0.0105,0.0264
parcprinter-opt11-strips-p16,0,False,125,163,271,684,0,988,250,0,0,0,1,0,0,,0.0,2490322.0,3629402,2490322,0.0077,0.0067,0.002,0.0015,0.0,0.0001,0.0,0.0108,0.0291
parcprinter-opt11-strips-p17,0,False,85,112,194,454,0,732,124,0,0,0,1,0,0,,0.0,1323035.0,1334840,1323035,0.0064,0.0029,0.0003,0.0016,0.0,0.0,0.0,0.0091,0.0209
parcprinter-opt11-strips-p18,0,False,102,132,221,525,0,844,144,0,0,0,0,0,0,,0.0,1370922.0,1370922,1370922,0.0073,0.0039,0.0005,0.0016,0.0,0.0,0.0,0.0095,0.0233
parcprinter-opt11-strips-p19,0,False,119,154,262,614,0,1000,173,0,0,0,1,0,0,,0.0,1443164.0,1454969,1443164,0.0082,0.0055,0.0007,0.002,0.0,0.0,0.0,0.0109,0.0279
parcprinter-opt11-strips-p20,0,False,47,113,195,439,0,662,161,0,1,0,2,0,0,,0.0,1270874.0,1676741,1270874,0.0068,0.0027,0.0004,0.0016,0.0,0.0001,0.0,0.009,0.0209
parcprinter-sat11-strips-p01,0,False,98,121,208,501,0,727,211,0,0,0,2,0,0,,0.0,1383121.0,1534131,1383121,0.0087,0.0037,0.0007,0.0016,0.0,0.0001,0.0,0.0097,0.025
parcprinter-sat11-strips-p02,0,False,104,133,225,558,0,806,214,0,0,0,1,0,0,,0.0,1852217.0,2565267,1852217,0.0077,0.0044,0.0011,0.0028,0.0,0.0,0.0,0.0098,0.0264
parcprinter-sat11-strips-p03,0,False,125,163,271,684,0,988,250,0,0,0,1,0,0,,0.0,2490322.0,3629402,2490322,0.0069,0.0067,0.002,0.0015,0.0,0.0001,0.0,0.0107,0.0283
parcprinter-sat11-strips-p04,0,False,170,222,375,875,0,1440,251,0,0,0,0,0,0,,0.0,2246727.0,2246727,2246727,0.0117,0.0127,0.0015,0.0019,0.0,0.0,0.0,0.0133,0.0417
parcprinter-sat11-strips-p05,0,False,36,94,164,373,0,558,138,0,0,0,1,0,0,,0.0,1216462.0,1757618,1216462,0.0058,0.0019,0.0003,0.0012,0.0,0.0,0.0,0.0075,0.0172
parcprinter-sat11-strips-p06,0,False,47,113,195,439,0,662,161,0,1,0,2,0,0,,0.0,1270874.0,1676741,1270874,0.0067,0.0027,0.0004,0.0015,0.0,0.0001,0.0,0.009,0.0207
parcprinter-sat11-strips-p07,0,False,116,149,250,623,0,901,237,0,0,0,2,0,0,,0.0,2121255.0,2842305,2121255,0.0081,0.0059,0.0015,0.0022,0.0,0.0001,0.0,0.0105,0.0286
parcprinter-sat11-strips-p08,0,False,46,124,214,489,0,734,184,0,0,0,1,0,0,,0.0,1681282.0,2493016,1681282,0.0069,0.0034,0.0005,0.0015,0.0,0.0,0.0,0.0085,0.0214
parcprinter-sat11-strips-p09,0,False,48,136,242,553,0,840,197,0,2,0,2,0,0,,0.0,2343271.0,3425583,2343271,0.0094,0.0045,0.0007,0.0016,0.0,0.0001,0.0,0.0089,0.0258
parcprinter-sat11-strips-p10,0,False,68,161,278,625,0,952,226,0,0,0,1,0,0,,0.0,2002896.0,2544052,2002896,0.0076,0.0063,0.0007,0.0018,0.0,0.0001,0.0,0.0111,0.0279
parcprinter-sat11-strips-p11,0,False,90,125,218,519,0,763,209,0,0,0,2,0,0,,0.0,1629147.0,1780157,1629147,0.0072,0.0042,0.0007,0.0017,0.0,0.0001,0.0,0.0095,0.0237
parcprinter-sat11-strips-p12,0,False,155,199,329,822,0,1194,316,0,0,0,1,0,0,,0.0,2828340.0,3965420,2828340,0.0288,0.0109,0.0031,0.0022,0.0,0.0001,0.0,0.0128,0.0582
parcprinter-sat11-strips-p13,0,False,200,253,416,1029,0,1503,415,0,0,0,1,0,0,,0.0,3335367.0,4471447,3335367,0.0137,0.0189,0.0054,0.0021,0.0,0.0001,0.0,0.0153,0.0562
parcprinter-sat11-strips-p14,0,False,204,266,449,1045,0,1728,303,0,0,0,0,0,0,,0.0,2578705.0,2578705,2578705,0.0152,0.0193,0.0022,0.0024,0.0,0.0,0.0,0.0152,0.0549
parcprinter-sat11-strips-p15,0,False,170,230,399,911,0,1512,257,0,0,0,0,0,0,,0.0,2494225.0,2494225,2494225,0.0312,0.0145,0.0019,0.0024,0.0,0.0,0.0,0.0145,0.0651
parcprinter-sat11-strips-p16,0,False,204,274,473,1081,0,1800,309,0,0,0,0,0,0,,0.0,2826203.0,2826203,2826203,0.0163,0.0205,0.0024,0.0024,0.0,0.0,0.0,0.0162,0.0584
parcprinter-sat11-strips-p17,0,False,47,113,203,451,0,694,149,0,0,0,1,0,0,,0.0,1526454.0,1932321,1526454,0.0059,0.0029,0.0004,0.0016,0.0,0.0,0.0,0.0089,0.0201
parcprinter-sat11-strips-p18,0,False,46,121,220,501,0,764,172,0,0,0,1,0,0,,0.0,2319652.0,3131386,2319652,0.0094,0.0041,0.0007,0.0015,0.0,0.0,0.0,0.0084,0.0245
parcprinter-sat11-strips-p19,0,False,48,133,248,565,0,870,185,0,3,0,2,0,0,,0.0,2981641.0,4063953,2981641,0.0077,0.0048,0.0007,0.0017,0.0,0.0001,0.0,0.0088,0.0242
parcprinter-sat11-strips-p20,0,False,84,195,334,749,0,1144,272,0,1,0,2,0,0,,0.0,2289718.0,2830874,2289718,0.0091,0.0085,0.0011,0.0018,0.0,0.0001,0.0,0.0131,0.0342
parking-opt11-strips-pfile03-011,0,True,167,176,431,799,0,1074,7,0,3,0,4,0,0,,0.0,10.0,13,10,0.0266,0.0244,0.0006,0.0018,0.0,0.0001,0.0,0.0179,0.0721
parking-opt11-strips-pfile03-012,0,True,195,206,498,931,0,1285,7,0,0,0,1,0,0,,0.0,14.0,15,14,0.0268,0.0311,0.0011,0.0019,0.0,0.0,0.0,0.0114,0.073
parking-opt11-strips-pfile04-013,0,True,267,280,719,1308,0,1792,7,0,25,0,20,0,0,,0.0,17.0,19,17,0.0405,0.0647,0.0023,0.0025,0.0,0.001,0.0,0.0388,0.1497
parking-opt11-strips-pfile04-014,0,True,271,282,685,1274,0,1765,9,0,26,0,20,0,0,,0.0,16.0,17,16,0.0428,0.0654,0.0019,0.0025,0.0,0.001,0.0,0.0702,0.1837
parking-opt11-strips-pfile04-015,0,True,251,267,664,1219,0,1684,7,0,173,0,113,0,0,,0.0,15.0,17,15,0.0415,0.0603,0.0018,0.0027,0.0,0.0054,0.0,0.1042,0.2114
parking-opt11-strips-pfile04-016,0,True,253,265,635,1186,0,1630,11,0,4,0,1,0,0,,0.0,16.0,16,16,0.0415,0.0592,0.0016,0.0022,0.0,0.0001,0.0,0.0152,0.1206
parking-opt11-strips-pfile05-017,0,True,333,355,912,1646,0,2296,14,0,105,0,61,0,0,,0.0,19.0,21,19,0.0662,0.1226,0.0034,0.0029,0.0,0.0035,0.0,0.0715,0.2678
parking-opt11-strips-pfile05-018,0,True,313,336,854,1545,0,2135,9,0,5,0,3,0,0,,0.0,17.0,19,17,0.064,0.1141,0.0028,0.003,0.0,0.0002,0.0,0.0197,0.2048
parking-opt11-strips-pfile05-019,0,True,356,371,919,1690,0,2355,9,0,73,0,46,0,0,,0.0,19.0,20,19,0.0654,0.1289,0.0036,0.0031,0.0,0.0026,0.0,0.0963,0.2985
parking-opt11-strips-pfile05-020,0,True,354,370,946,1717,0,2355,9,0,30,0,27,0,0,,0.0,19.0,21,19,0.0653,0.1318,0.0042,0.0029,0.0,0.0015,0.0,0.0585,0.2639
parking-opt11-strips-pfile06-021,0,True,430,448,1100,2024,0,2758,14,0,6,0,6,0,0,,0.0,21.0,22,21,0.1012,0.2171,0.0047,0.0036,0.0,0.0004,0.0,0.0399,0.3679
parking-opt11-strips-pfile06-022,0,True,454,469,1146,2117,0,2903,14,0,16,0,15,0,0,,0.0,23.0,25,23,0.1183,0.2337,0.0059,0.0039,0.0,0.0009,0.0,0.1069,0.4703
parking-opt11-strips-pfile06-023,0,True,431,447,1097,2020,0,2759,15,0,401,0,239,0,91,,0.0,21.0,24,21,0.0995,0.2165,0.0061,0.0035,0.0,0.0145,0.0,0.2281,0.5552
parking-opt11-strips-pfile06-024,0,True,456,470,1114,2084,0,2843,9,0,10,0,6,0,0,,0.0,21.0,21,21,0.1001,0.2293,0.0067,0.004,0.0,0.0004,0.0,0.0427,0.3843
parking-opt11-strips-pfile07-025,0,True,566,583,1409,2610,0,3641,10,0,0,0,1,0,0,,0.0,23.0,24,23,0.1528,0.395,0.0078,0.0053,0.0,0.0001,0.0,0.0272,0.5899
parking-opt11-strips-pfile07-026,0,True,539,558,1336,2482,0,3445,8,0,11,0,10,0,0,,0.0,21.0,23,21,0.1541,0.3738,0.007,0.0046,0.0,0.0007,0.0,0.0803,0.6216
parking-opt11-strips-pfile07-027,0,True,563,581,1480,2682,0,3712,10,0,73,0,60,0,0,,0.0,23.0,26,23,0.1712,0.4108,0.0097,0.0051,0.0,0.0043,0.0,0.1449,0.7437
parking-opt11-strips-pfile07-028,0,True,563,580,1459,2659,0,3681,14,0,220,0,147,0,46,,0.0,24.0,29,24,0.1691,0.3946,0.0107,0.0055,0.0,0.0113,0.0,0.2066,0.7883
parking-opt11-strips-pfile08-029,0,True,655,687,1792,3199,0,4500,15,0,198,0,114,0,0,,0.0,25.0,28,25,0.2215,0.6769,0.0139,0.0061,0.0,0.0099,0.0,0.2343,1.1549
parking-opt11-strips-pfile08-030,0,True,686,705,1751,3203,0,4436,10,0,6,0,4,0,0,,0.0,25.0,29,25,0.2234,0.6521,0.0143,0.0061,0.0,0.0003,0.0,0.0401,0.9384
parking-opt14-strips-p_12_7-01,0,True,195,206,487,919,0,1266,6,0,2,0,3,0,0,,0.0,13.0,14,13,0.0264,0.0302,0.001,0.0018,0.0,0.0001,0.0,0.0134,0.0734
parking-opt14-strips-p_12_7-02,0,True,180,192,467,869,0,1190,6,0,0,0,1,0,0,,0.0,12.0,14,12,0.0284,0.0273,0.0008,0.0016,0.0,0.0,0.0,0.0112,0.07
parking-opt14-strips-p_12_7-03,0,True,180,193,479,883,0,1211,6,0,4,0,4,0,0,,0.0,13.0,14,13,0.0258,0.0278,0.0008,0.002,0.0,0.0001,0.0,0.0131,0.0701
parking-opt14-strips-p_12_7-04,0,True,180,192,467,869,0,1190,9,0,0,0,0,0,0,,0.0,14.0,14,14,0.0265,0.0277,0.0009,0.0018,0.0,0.0,0.0,0.0112,0.0688
parking-opt14-strips-p_14_8-01,0,True,270,281,669,1255,0,1699,9,0,17,0,10,0,0,,0.0,16.0,17,16,0.0422,0.0642,0.0021,0.0021,0.0,0.0005,0.0,0.0359,0.1474
parking-opt14-strips-p_14_8-02,0,True,268,280,693,1280,0,1745,8,0,30,0,24,0,0,,0.0,16.0,19,16,0.0409,0.0636,0.0023,0.0023,0.0,0.0012,0.0,0.0548,0.1646
parking-opt14-strips-p_14_8-03,0,True,269,281,682,1269,0,1720,10,0,12,0,9,0,0,,0.0,16.0,19,16,0.0405,0.0639,0.0022,0.0023,0.0,0.0004,0.0,0.0296,0.1394
parking-opt14-strips-p_14_8-04,0,True,270,281,669,1255,0,1699,8,0,12,0,12,0,0,,0.0,16.0,17,16,0.0406,0.063,0.0021,0.0025,0.0,0.0006,0.0,0.0281,0.1369
parking-opt14-strips-p_16_9-01,0,True,334,349,855,1579,0,2148,10,0,64,0,48,0,11,,0.0,19.0,20,19,0.0651,0.1173,0.0033,0.0027,0.0,0.0026,0.0,0.0904,0.28
parking-opt14-strips-p_16_9-02,0,True,335,349,856,1580,0,2147,9,0,152,0,133,0,0,,0.0,17.0,21,17,0.0646,0.1199,0.0034,0.0031,0.0,0.0067,0.0,0.1572,0.3495
parking-opt14-strips-p_16_9-03,0,True,336,350,829,1553,0,2140,9,0,107,0,82,0,0,,0.0,17.0,19,17,0.0642,0.1175,0.0026,0.0029,0.0,0.0041,0.0,0.0829,0.2713
parking-opt14-strips-p_16_9-04,0,True,356,369,899,1666,0,2270,9,0,181,0,132,0,66,,0.0,18.0,21,18,0.0656,0.1276,0.0038,0.003,0.0,0.0072,0.0,0.1753,0.3764
parking-opt14-strips-p_18_10-01,0,True,453,468,1178,2150,0,2963,17,0,960,0,648,0,740,,0.0,23.0,25,23,0.1005,0.235,0.0065,0.0036,0.0,0.0445,0.0,0.4472,0.7943
parking-opt14-strips-p_18_10-02,0,True,430,451,1123,2052,0,2856,12,0,32,0,24,0,0,,0.0,20.0,22,20,0.1018,0.2215,0.0048,0.0042,0.0,0.0015,0.0,0.0659,0.3998
parking-opt14-strips-p_18_10-03,0,True,429,452,1142,2073,0,2894,10,0,133,0,94,0,0,,0.0,19.0,22,19,0.1018,0.2247,0.0055,0.0039,0.0,0.006,0.0,0.1421,0.4795
parking-opt14-strips-p_18_10-04,0,True,429,450,1153,2082,0,2850,12,0,18,0,10,0,0,,0.0,21.0,22,21,0.1027,0.2248,0.0051,0.0037,0.0,0.0007,0.0,0.0526,0.3905
parking-opt14-strips-p_20_11-01,0,True,567,583,1409,2610,0,3641,11,0,13,0,8,0,0,,0.0,22.0,24,22,0.153,0.4024,0.0082,0.0049,0.0,0.0006,0.0,0.0692,0.6395
parking-opt14-strips-p_20_11-02,0,True,539,560,1377,2527,0,3520,12,0,3,0,3,0,0,,0.0,21.0,24,21,0.1569,0.3841,0.0079,0.0047,0.0,0.0002,0.0,0.0331,0.5887
parking-opt14-strips-p_20_11-03,0,True,564,585,1470,2676,0,3756,12,0,65,0,52,0,14,,0.0,23.0,26,23,0.1502,0.4037,0.0094,0.005,0.0,0.004,0.0,0.1714,0.7415
parking-opt14-strips-p_20_11-04,0,True,567,583,1409,2610,0,3641,12,0,4,0,4,0,0,,0.0,23.0,25,23,0.1521,0.3994,0.0085,0.0049,0.0,0.0002,0.0,0.0309,0.5976
parking-sat11-strips-pfile08-031,0,True,657,684,1724,3125,0,4372,11,0,40,0,27,0,0,,0.0,24.0,28,24,0.2227,0.6343,0.0141,0.006,0.0,0.0024,0.0,0.1388,1.0183
parking-sat11-strips-pfile08-032,0,True,627,657,1644,2985,0,4157,14,0,4,0,1,0,0,,0.0,25.0,25,25,0.2305,0.6042,0.01,0.0058,0.0,0.0001,0.0,0.0377,0.8905
parking-sat11-strips-pfile09-033,0,True,791,810,1909,3566,0,4887,13,0,10,0,4,0,0,,0.0,27.0,30,27,0.3309,0.9752,0.0185,0.0072,0.0,0.0004,0.0,0.0638,1.3984
parking-sat11-strips-pfile09-034,0,True,824,843,1980,3706,0,5170,9,0,17,0,12,0,0,,0.0,27.0,28,27,0.3328,1.0469,0.0171,0.0077,0.0,0.0012,0.0,0.1026,1.5099
parking-sat11-strips-pfile09-035,0,True,787,814,2120,3790,0,5269,14,0,497,0,342,0,267,,0.0,27.0,32,27,0.3291,0.9963,0.0219,0.0078,0.0,0.0337,0.0,0.5365,1.8944
parking-sat11-strips-pfile09-036,0,True,790,812,2003,3666,0,5055,11,0,145,0,97,0,0,,0.0,26.0,31,26,0.3233,0.9762,0.0208,0.0074,0.0,0.0088,0.0,0.2335,1.5639
parking-sat11-strips-pfile10-037,0,True,933,963,2401,4366,0,6124,16,0,60,0,39,0,0,,0.0,29.0,33,29,0.4692,1.5321,0.0299,0.0099,0.0,0.0041,0.0,0.2921,2.3364
parking-sat11-strips-pfile10-038,0,True,933,962,2374,4337,0,6070,14,0,41,0,28,0,0,,0.0,29.0,33,29,0.4572,1.5204,0.0292,0.0094,0.0,0.0027,0.0,0.167,2.1867
parking-sat11-strips-pfile10-039,0,True,933,960,2322,4281,0,5986,12,0,30,0,18,0,0,,0.0,28.0,31,28,0.4729,1.5523,0.029,0.0097,0.0,0.0019,0.0,0.2332,2.3004
parking-sat11-strips-pfile10-040,0,True,936,959,2295,4252,0,5932,12,0,61,0,47,0,0,,0.0,28.0,29,28,0.4671,1.5114,0.0232,0.0093,0.0,0.0047,0.0,0.2032,2.2176
parking-sat11-strips-pfile11-041,0,True,1126,1148,2829,5179,0,7213,14,0,52,0,28,0,0,,0.0,32.0,36,32,0.6302,2.3085,0.0471,0.0127,0.0,0.004,0.0,0.1559,3.1585
parking-sat11-strips-pfile11-042,0,True,1090,1117,2681,4957,0,6921,12,0,226,0,136,0,0,,0.0,31.0,32,31,0.6297,2.2749,0.0354,0.0119,0.0,0.0145,0.0,0.3706,3.3266
parking-sat11-strips-pfile11-043,0,True,1127,1149,2777,5126,0,7118,15,0,8,0,7,0,0,,0.0,32.0,35,32,0.6296,2.3107,0.0413,0.013,0.0,0.0012,0.0,0.0812,3.0798
parking-sat11-strips-pfile11-044,0,True,1090,1118,2710,4988,0,6979,12,0,25,0,13,0,0,,0.0,29.0,34,29,0.6286,2.2721,0.0413,0.0121,0.0,0.0017,0.0,0.3144,3.2724
parking-sat11-strips-pfile12-045,0,True,1296,1322,3376,6080,0,8494,17,0,1045,0,718,0,681,,0.0,35.0,39,35,0.8507,3.4533,0.0726,0.0168,0.0,0.1112,0.0,1.3633,5.7617
parking-sat11-strips-pfile12-046,0,True,1255,1285,3235,5856,0,8201,15,0,1069,0,643,0,400,,0.0,35.0,39,35,1.089,3.2626,0.0597,0.0153,0.0,0.0952,0.0,0.9237,5.3553
parking-sat11-strips-pfile12-047,0,True,1295,1320,3372,6074,0,8505,17,0,3134,0,1916,0,2297,,0.0,36.0,41,36,0.8584,3.3671,0.076,0.0163,0.0,0.3084,0.0,5.8608,10.1835
parking-sat11-strips-pfile12-048,0,True,1295,1329,3391,6103,0,8637,21,0,441,0,249,0,25,,0.0,37.0,40,37,0.8529,3.4884,0.0746,0.0166,0.0,0.0356,0.0,0.5174,4.9547
parking-sat11-strips-pfile13-049,0,True,1434,1465,3628,6612,0,9211,11,0,1516,0,965,0,1166,,0.0,35.0,40,35,1.1426,4.711,0.0841,0.0202,0.0,0.1633,0.0,1.8805,7.8444
parking-sat11-strips-pfile13-050,0,True,1478,1505,3777,6850,0,9586,14,0,287,0,189,0,0,,0.0,36.0,43,36,1.1361,4.8652,0.0938,0.0206,0.0,0.0285,0.0,0.6619,6.7838
parking-sat14-strips-p_28_2,0,True,1127,1155,2871,5230,0,7371,17,0,159,0,100,0,0,,0.0,32.0,35,32,0.6249,2.3652,0.0484,0.013,0.0,0.0118,0.0,0.3472,3.4026
parking-sat14-strips-p_28_3,0,True,1089,1112,2644,4913,0,6788,10,0,158,0,117,0,0,,0.0,30.0,34,30,0.6316,2.1762,0.0398,0.0119,0.0,0.014,0.0,0.2543,3.1179
parking-sat14-strips-p_30_1,0,True,1293,1320,3430,6134,0,8621,13,0,263,0,161,0,0,,0.0,34.0,41,34,0.8529,3.4079,0.0711,0.0165,0.0,0.0229,0.0,0.3518,4.7051
parking-sat14-strips-p_30_2,0,True,1212,1250,3156,5698,0,7916,15,0,355,0,220,0,130,,0.0,33.0,38,33,0.8651,3.1164,0.0585,0.0169,0.0,0.03,0.0,0.5244,4.5861
parking-sat14-strips-p_30_3,0,True,1298,1326,3240,5944,0,8359,12,0,128,0,53,0,0,,0.0,34.0,37,34,0.8752,3.4559,0.0607,0.0162,0.0,0.008,0.0,0.3681,4.781
parking-sat14-strips-p_32_1,0,True,1392,1427,3424,6320,0,8822,14,0,141,0,89,0,53,,0.0,34.0,38,34,1.1441,4.6048,0.07,0.0182,0.0,0.0129,0.0,0.408,6.2511
parking-sat14-strips-p_32_2,0,True,1479,1506,3810,6885,0,9635,18,0,1786,0,1076,0,1317,,0.0,37.0,42,37,1.1411,4.874,0.0979,0.0205,0.0,0.1888,0.0,3.0555,9.1952
parking-sat14-strips-p_32_3,0,True,1481,1505,3622,6690,0,9304,13,0,166,0,138,0,0,,0.0,36.0,40,36,1.1378,4.9565,0.0755,0.0199,0.0,0.019,0.0,0.3339,6.5297
parking-sat14-strips-p_34_1,0,True,1674,1702,4237,7706,0,10767,16,0,764,0,524,0,589,,0.0,38.0,45,38,1.4939,6.8553,0.1191,0.0245,0.0,0.0939,0.0,1.1695,9.6699
parking-sat14-strips-p_34_2,0,True,1673,1709,4318,7797,0,11027,19,0,48,0,28,0,5,,0.0,38.0,45,38,1.5016,7.1269,0.1291,0.025,0.0,0.0048,0.0,0.4934,9.2835
parking-sat14-strips-p_34_3,0,True,1675,1707,4215,7689,0,10835,16,0,314,0,234,0,106,,0.0,38.0,43,38,1.7719,6.963,0.1167,0.0249,0.0,0.0401,0.0,0.7085,9.5925
parking-sat14-strips-p_36_1,0,True,1831,1871,4600,8396,0,11802,16,0,13,0,9,0,0,,0.0,40.0,43,40,2.1872,9.5951,0.1306,0.0288,0.0,0.0014,0.0,0.1884,12.1391
parking-sat14-strips-p_36_2,0,True,1879,1918,4913,8815,0,12488,20,0,1197,0,845,0,393,,0.0,41.0,48,41,1.9519,9.8678,0.1723,0.0339,0.0,0.172,0.0,1.6667,13.7016
parking-sat14-strips-p_36_3,0,True,1779,1828,4540,8241,0,11577,16,0,707,0,378,0,157,,0.0,39.0,45,39,1.9606,9.3868,0.1357,0.0277,0.0,0.0663,0.0,0.8182,12.3381
parking-sat14-strips-p_38_1,0,True,2101,2130,5157,9486,0,13234,15,0,571,0,374,0,73,,0.0,41.0,46,41,2.4965,13.6679,0.1802,0.0359,0.0,0.0801,0.0,1.049,17.44
parking-sat14-strips-p_38_2,0,True,2102,2134,5092,9424,0,13243,12,0,229,0,179,0,65,,0.0,42.0,45,42,2.5184,13.7358,0.1698,0.0376,0.0,0.0339,0.0,0.71,17.1817
parking-sat14-strips-p_38_3,0,True,2044,2092,5257,9498,0,13414,18,0,59,0,30,0,0,,0.0,41.0,46,41,2.5157,13.4062,0.1835,0.0365,0.0,0.0064,0.0,0.3572,16.5094
parking-sat14-strips-p_40_1,0,True,2272,2322,5833,10537,0,14880,18,0,409,0,215,0,61,,0.0,44.0,51,44,3.1818,17.7938,0.2444,0.0433,0.0,0.049,0.0,0.9938,22.2692
parking-sat14-strips-p_40_2,0,True,2216,2261,5625,10206,0,14258,14,0,739,0,524,0,244,,0.0,42.0,50,42,3.1706,17.0657,0.2243,0.0414,0.0,0.1153,0.0,1.4887,22.0028
parking-sat14-strips-p_40_3,0,True,2331,2360,5802,10599,0,14845,13,0,1413,0,743,0,568,,0.0,45.0,52,45,3.1897,17.7533,0.2599,0.052,0.0,0.1818,0.0,2.0536,23.3205
pathways-p01,0,True,16,24,36,78,0,76,18,0,0,0,0,0,0,,0.0,6.0,6,6,0.0048,0.0002,0.0,0.0011,0.0,0.0,0.0,0.004,0.0106
pathways-p02,0,True,7,17,30,71,0,72,15,0,0,0,0,0,0,,0.0,12.0,12,12,0.0045,0.0002,0.0,0.0013,0.0,0.0,0.0,0.0034,0.0098
pathways-p03,0,True,24,38,55,129,0,133,42,0,0,0,0,0,0,,0.0,16.0,16,16,0.0043,0.0004,0.0001,0.0013,0.0,0.0,0.0,0.0048,0.0112
pathways-p04,0,True,32,57,77,177,0,181,45,0,0,0,0,0,0,,0.0,15.0,15,15,0.0058,0.0005,0.0001,0.001,0.0,0.0,0.0,0.0057,0.014
pathways-p05,0,True,48,122,196,379,0,388,81,0,0,0,0,0,0,,0.0,29.0,29,29,0.0067,0.0012,0.0004,0.0012,0.0,0.0,0.0,0.0093,0.0193
pathways-p06,0,True,58,201,355,649,0,668,106,0,0,0,0,0,0,,0.0,46.0,46,46,0.0066,0.0029,0.0012,0.0013,0.0,0.0,0.0,0.0136,0.0261
pathways-p07,0,True,80,244,400,746,0,771,122,0,0,0,0,0,0,,0.0,46.0,46,46,0.0067,0.0038,0.0016,0.0016,0.0,0.0,0.0,0.0166,0.0307
pathways-p08,0,True,110,479,843,1477,0,1543,148,0,0,0,3,0,0,,0.0,66.0,68,66,0.0094,0.01,0.0068,0.0019,0.0,0.0002,0.0,0.0799,0.1086
pathways-p09,0,True,85,388,672,1187,0,1222,127,0,0,0,1,0,0,,0.0,50.0,51,50,0.0088,0.0066,0.0041,0.0016,0.0,0.0001,0.0,0.0258,0.0476
pathways-p10,0,True,92,457,755,1357,0,1400,128,0,0,0,0,0,0,,0.0,58.0,58,58,0.0078,0.008,0.0049,0.0019,0.0,0.0,0.0,0.0268,0.05
pathways-p11,0,True,96,372,578,1085,0,1120,141,0,0,0,0,0,0,,0.0,54.0,54,54,0.0079,0.006,0.003,0.0014,0.0,0.0,0.0,0.0235,0.0424
pathways-p12,0,True,111,578,1008,1755,0,1826,184,0,6,0,9,0,0,,0.0,80.0,84,80,0.009,0.0117,0.0108,0.0019,0.0,0.0007,0.0,0.1301,0.1641
pathways-p13,0,True,119,660,1177,2009,0,2056,171,0,0,0,4,0,0,,0.0,75.0,79,75,0.0103,0.0145,0.0122,0.0024,0.0,0.0003,0.0,0.0795,0.1198
pathways-p14,0,True,121,630,1098,1895,0,1958,192,0,0,0,2,0,0,,0.0,76.0,77,76,0.0098,0.014,0.0115,0.0024,0.0,0.0001,0.0,0.0787,0.117
pathways-p15,0,True,120,679,1157,2030,0,2095,173,0,0,0,0,0,0,,0.0,78.0,78,78,0.0107,0.0158,0.0119,0.0022,0.0,0.0,0.0,0.04,0.0813
pathways-p16,0,True,150,930,1639,2787,0,2871,206,0,1,0,2,0,0,,0.0,89.0,90,89,0.0161,0.028,0.0271,0.0028,0.0,0.0002,0.0,0.1226,0.1974
pathways-p17,0,True,184,998,1701,2959,0,3082,225,0,0,0,2,0,0,,0.0,97.0,100,97,0.0164,0.0356,0.0365,0.0032,0.0,0.0002,0.0,0.0832,0.1755
pathways-p18,0,True,150,746,1306,2256,0,2341,253,0,0,0,2,0,0,,0.0,98.0,103,98,0.0138,0.0226,0.0202,0.0025,0.0,0.0002,0.0,0.0546,0.1146
pathways-p19,0,True,203,1218,2128,3611,0,3720,266,0,0,0,1,0,0,,0.0,106.0,109,106,0.0169,0.0453,0.0591,0.0036,0.0,0.0001,0.0,0.1365,0.2622
pathways-p20,0,True,167,860,1491,2580,0,2689,266,0,0,0,1,0,0,,0.0,102.0,105,102,0.0146,0.0278,0.0257,0.0031,0.0,0.0001,0.0,0.0442,0.1161
pathways-p21,0,True,186,1102,1899,3275,0,3387,263,0,0,0,0,0,0,,0.0,106.0,106,106,0.0179,0.0406,0.0451,0.0036,0.0,0.0,0.0,0.0514,0.1593
pathways-p22,0,True,196,1066,1814,3133,0,3226,253,0,0,0,1,0,0,,0.0,106.0,108,106,0.0297,0.0383,0.0382,0.0035,0.0,0.0001,0.0,0.0644,0.1747
pathways-p23,0,True,190,1214,2137,3605,0,3696,280,0,0,0,1,0,0,,0.0,112.0,113,112,0.0178,0.0466,0.0592,0.0038,0.0,0.0001,0.0,0.0738,0.2019
pathways-p24,0,True,174,1072,1925,3251,0,3373,289,0,0,0,2,0,0,,0.0,117.0,120,117,0.0177,0.0425,0.0474,0.0033,0.0,0.0002,0.0,0.0744,0.186
pathways-p25,0,True,238,1966,3567,5853,0,5999,300,0,0,0,1,0,0,,0.0,127.0,131,127,0.0248,0.0959,0.1615,0.0057,0.0,0.0002,0.0,0.3706,0.6597
pathways-p26,0,True,235,1673,2954,4957,0,5118,321,0,0,0,2,0,0,,0.0,129.0,130,129,0.0225,0.082,0.1191,0.0048,0.0,0.0003,0.0,0.1936,0.4231
pathways-p27,0,True,244,1639,2874,4846,0,5001,322,0,0,0,2,0,0,,0.0,127.0,131,127,0.025,0.0852,0.1092,0.0049,0.0,0.0003,0.0,0.2942,0.5196
pathways-p28,0,True,250,2044,3659,6040,0,6189,315,0,0,0,2,0,0,,0.0,127.0,129,127,0.0256,0.1036,0.1637,0.0062,0.0,0.0003,0.0,0.2795,0.5798
pathways-p29,0,True,217,1269,2165,3729,0,3872,350,0,0,0,4,0,0,,0.0,141.0,150,141,0.0309,0.0599,0.0705,0.0042,0.0,0.0006,0.0,0.1509,0.3176
pathways-p30,0,True,254,1464,2494,4300,0,4471,327,0,0,0,2,0,0,,0.0,131.0,135,131,0.0219,0.0763,0.0854,0.0045,0.0,0.0003,0.0,0.1659,0.3549
pegsol-08-strips-p01,0,False,11,19,39,82,0,109,3,0,0,0,0,0,0,,0.0,2.0,2,2,0.0055,0.0002,0.0,0.0012,0.0,0.0,0.0,0.0037,0.011
pegsol-08-strips-p02,0,False,59,95,208,367,0,614,3,0,190,0,41,0,225,,0.0,2.0,2,2,0.0178,0.0007,0.0002,0.0013,0.0,0.0015,0.0,0.0626,0.0832
pegsol-08-strips-p03,0,False,60,102,224,392,0,630,3,0,0,0,0,0,0,,0.0,1.0,1,1,0.0183,0.0007,0.0001,0.0014,0.0,0.0,0.0,0.0096,0.0306
pegsol-08-strips-p04,0,False,49,76,170,305,0,545,5,0,0,0,0,0,0,,0.0,3.0,3,3,0.0055,0.0007,0.0002,0.0014,0.0,0.0,0.0,0.0084,0.0165
pegsol-08-strips-p05,0,False,15,33,76,138,0,193,3,0,14,0,5,0,0,,0.0,2.0,2,2,0.0045,0.0002,0.0001,0.0014,0.0,0.0001,0.0,0.009,0.0157
pegsol-08-strips-p06,0,False,47,94,218,371,0,582,4,0,221,0,51,0,1110,,0.0,3.0,3,3,0.0051,0.0007,0.0002,0.0015,0.0,0.0022,0.0,0.118,0.1261
pegsol-08-strips-p07,0,False,41,80,176,314,0,528,7,0,0,0,0,0,0,,0.0,3.0,3,3,0.0048,0.0007,0.0002,0.0012,0.0,0.0,0.0,0.0083,0.0157
pegsol-08-strips-p08,0,False,55,117,282,465,0,666,3,0,373,0,118,0,11860,,0.0,3.0,3,3,0.005,0.0007,0.0005,0.0015,0.0,0.0054,0.0,1.1509,1.1592
pegsol-08-strips-p09,0,False,47,104,248,413,0,610,7,0,0,0,0,0,0,,0.0,3.0,3,3,0.0055,0.0007,0.0003,0.0015,0.0,0.0,0.0,0.0097,0.0182
pegsol-08-strips-p10,0,False,46,101,245,407,0,616,6,0,380,0,301,0,3240,,0.0,3.0,4,3,0.0053,0.0007,0.0003,0.0016,0.0,0.0069,0.0,0.4185,0.4269
pegsol-08-strips-p11,0,False,52,106,248,418,0,638,5,0,243,0,38,0,78,,0.0,3.0,3,3,0.004,0.0007,0.0003,0.0014,0.0,0.0022,0.0,0.076,0.083
pegsol-08-strips-p12,0,False,52,111,264,440,0,679,8,0,0,0,0,0,0,,0.0,3.0,3,3,0.0062,0.0008,0.0003,0.0016,0.0,0.0,0.0,0.0106,0.0199
pegsol-08-strips-p13,0,False,50,110,251,424,0,617,8,0,0,0,0,0,0,,0.0,4.0,4,4,0.0054,0.0008,0.0003,0.0013,0.0,0.0,0.0,0.0104,0.0186
pegsol-08-strips-p14,0,False,51,111,252,428,0,641,7,0,0,0,0,0,0,,0.0,4.0,4,4,0.0056,0.0008,0.0003,0.0012,0.0,0.0,0.0,0.0104,0.0188
pegsol-08-strips-p15,0,False,44,106,249,416,0,614,9,0,248,0,396,0,3041,,0.0,4.0,5,4,0.0062,0.0007,0.0003,0.0015,0.0,0.0035,0.0,0.2912,0.3008
pegsol-08-strips-p16,0,False,43,101,237,398,0,598,14,0,0,0,0,0,0,,0.0,6.0,6,6,0.0053,0.0008,0.0002,0.0015,0.0,0.0,0.0,0.0099,0.0181
pegsol-08-strips-p17,0,False,44,112,276,450,0,650,6,0,356,0,87,0,9924,,0.0,4.0,4,4,0.0051,0.0007,0.0004,0.0016,0.0,0.0057,0.0,1.2567,1.2652
pegsol-08-strips-p18,0,False,40,100,236,394,0,591,14,0,23,0,5,0,0,,0.0,5.0,6,5,0.0052,0.0007,0.0002,0.0015,0.0,0.0002,0.0,0.0318,0.04
pegsol-08-strips-p19,0,False,41,103,251,413,0,601,8,0,316,0,83,0,10191,,0.0,5.0,5,5,0.0056,0.0007,0.0003,0.0023,0.0,0.0041,0.0,0.6512,0.6605
pegsol-08-strips-p20,0,False,50,121,297,484,0,689,4,0,390,0,89,0,2082,,0.0,3.0,3,3,0.0056,0.0007,0.0004,0.002,0.0,0.0049,0.0,0.3195,0.3288
pegsol-08-strips-p21,0,False,48,115,271,450,0,646,5,0,266,0,75,0,4915,,0.0,5.0,5,5,0.0062,0.0007,0.0003,0.0015,0.0,0.0038,0.0,0.3466,0.3559
pegsol-08-strips-p22,0,False,43,107,241,410,0,638,5,0,0,0,0,0,0,,0.0,4.0,4,4,0.0051,0.0007,0.0003,0.0012,0.0,0.0,0.0,0.0099,0.0177
pegsol-08-strips-p23,0,False,48,119,294,478,0,682,3,0,886,0,298,0,56481,,0.0,5.0,5,5,0.0051,0.0008,0.0003,0.0012,0.0,0.0175,0.0,6.3617,6.3696
pegsol-08-strips-p24,0,False,46,112,259,435,0,660,4,0,181,0,63,0,190,,0.0,5.0,5,5,0.0052,0.0008,0.0004,0.0018,0.0,0.0029,0.0,0.0864,0.095
pegsol-08-strips-p25,0,False,48,120,296,482,0,707,4,0,660,0,197,0,5264,,0.0,4.0,4,4,0.0057,0.0008,0.0004,0.0013,0.0,0.0125,0.0,0.8073,0.8162
pegsol-08-strips-p26,2,False,40,124,312,498,0,674,4,0,2452,0,676,0,2390304,,0.0,3.625,5,5,0.0053,0.0007,0.0004,0.0015,0.0,0.0556,0.0,899.9974,900.4395
pegsol-08-strips-p27,0,False,43,124,294,483,0,687,6,0,134,0,42,0,302,,0.0,5.0,6,5,0.0055,0.0008,0.0004,0.0015,0.0,0.0021,0.0,0.079,0.0877
pegsol-08-strips-p28,0,False,42,132,296,494,0,675,15,0,0,0,0,0,0,,0.0,9.0,9,9,0.0051,0.0008,0.0004,0.0019,0.0,0.0,0.0,0.0107,0.0197
pegsol-08-strips-p29,0,False,39,138,332,536,0,734,13,0,1129,0,477,0,55206,,0.0,8.0,8,8,0.0061,0.0009,0.0004,0.0015,0.0,0.029,0.0,8.2995,8.3092
pegsol-08-strips-p30,0,False,28,144,348,554,0,714,30,0,2732,0,1087,0,255388,,0.0,13.0,18,13,0.0054,0.0009,0.0004,0.0014,0.0,0.0799,0.0,64.4151,64.4241
pegsol-opt11-strips-p01,0,False,48,95,213,370,0,614,3,0,186,0,32,0,210,,0.0,2.0,2,2,0.0052,0.0007,0.0001,0.0014,0.0,0.0017,0.0,0.0534,0.0614
pegsol-opt11-strips-p02,0,False,44,112,276,450,0,650,6,0,356,0,87,0,9924,,0.0,4.0,4,4,0.0063,0.0007,0.0004,0.0015,0.0,0.0056,0.0,1.261,1.2706
pegsol-opt11-strips-p03,0,False,40,100,236,394,0,591,14,0,23,0,5,0,0,,0.0,5.0,6,5,0.0058,0.0007,0.0002,0.0015,0.0,0.0002,0.0,0.0317,0.0404
pegsol-opt11-strips-p04,0,False,41,103,251,413,0,601,8,0,316,0,83,0,10191,,0.0,5.0,5,5,0.005,0.0007,0.0003,0.0015,0.0,0.0041,0.0,0.6504,0.6585
pegsol-opt11-strips-p05,0,False,50,123,282,470,0,647,15,0,330,0,112,0,24137,,0.0,7.0,7,7,0.0064,0.0008,0.0004,0.0016,0.0,0.0057,0.0,1.8375,1.8472
pegsol-opt11-strips-p06,0,False,40,100,252,410,0,602,6,0,1952,0,757,0,3518093,,0.0,5.0,5,5,0.0053,0.0007,0.0003,0.0015,0.0,0.0548,0.0,702.2363,702.2448
pegsol-opt11-strips-p07,0,False,50,119,287,471,0,668,9,0,575,0,187,0,3079,,0.0,4.0,5,4,0.0053,0.0008,0.0005,0.0018,0.0,0.0086,0.0,0.5543,0.5632
pegsol-opt11-strips-p08,0,False,50,121,297,484,0,689,4,0,390,0,89,0,2082,,0.0,3.0,3,3,0.0052,0.0007,0.0004,0.0013,0.0,0.005,0.0,0.3195,0.3276
pegsol-opt11-strips-p09,0,False,47,114,266,443,0,639,7,0,273,0,71,0,3296,,0.0,4.0,4,4,0.0058,0.0008,0.0004,0.0013,0.0,0.0038,0.0,0.3341,0.3429
pegsol-opt11-strips-p10,0,False,48,115,271,450,0,646,5,0,266,0,75,0,4915,,0.0,5.0,5,5,0.0054,0.0008,0.0003,0.0015,0.0,0.0038,0.0,0.347,0.3556
pegsol-opt11-strips-p11,0,False,43,107,241,410,0,638,5,0,0,0,0,0,0,,0.0,4.0,4,4,0.0051,0.0008,0.0003,0.0017,0.0,0.0,0.0,0.0098,0.0182
pegsol-opt11-strips-p12,0,False,40,100,228,387,0,579,9,0,230,0,58,0,282,,0.0,6.0,6,6,0.0053,0.0008,0.0002,0.0015,0.0,0.0031,0.0,0.0819,0.0904
pegsol-opt11-strips-p13,0,False,48,119,294,478,0,682,3,0,887,0,299,0,56481,,0.0,5.0,5,5,0.0052,0.0007,0.0003,0.0015,0.0,0.0177,0.0,6.3584,6.3667
pegsol-opt11-strips-p14,0,False,46,112,259,435,0,660,4,0,185,0,65,0,190,,0.0,5.0,5,5,0.0059,0.0008,0.0004,0.0014,0.0,0.003,0.0,0.0867,0.0957
pegsol-opt11-strips-p15,0,False,48,120,296,482,0,707,4,0,660,0,197,0,5264,,0.0,4.0,4,4,0.0064,0.0007,0.0004,0.0015,0.0,0.0124,0.0,0.8072,0.8169
pegsol-opt11-strips-p16,2,False,40,124,312,498,0,674,4,0,2452,0,676,0,2389332,,0.0,3.625,5,5,0.0062,0.0007,0.0004,0.0014,0.0,0.0553,0.0,899.9957,900.4385
pegsol-opt11-strips-p17,0,False,43,124,294,483,0,687,6,0,134,0,42,0,302,,0.0,5.0,6,5,0.0056,0.0008,0.0004,0.0013,0.0,0.0021,0.0,0.0789,0.0876
pegsol-opt11-strips-p18,0,False,42,132,296,494,0,675,15,0,0,0,0,0,0,,0.0,9.0,9,9,0.0052,0.0008,0.0004,0.0018,0.0,0.0,0.0,0.0107,0.0194
pegsol-opt11-strips-p19,0,False,39,138,332,536,0,734,13,0,1129,0,477,0,55206,,0.0,8.0,8,8,0.0057,0.0009,0.0005,0.0014,0.0,0.0293,0.0,8.2918,8.3009
pegsol-opt11-strips-p20,0,False,28,144,348,554,0,714,30,0,2732,0,1087,0,255388,,0.0,13.0,18,13,0.0054,0.0009,0.0004,0.0014,0.0,0.0804,0.0,64.3364,64.3452
pegsol-sat11-strips-p01,0,False,44,112,276,450,0,650,6,0,356,0,87,0,9924,,0.0,4.0,4,4,0.0059,0.0007,0.0004,0.0012,0.0,0.0056,0.0,1.2599,1.2688
pegsol-sat11-strips-p02,0,False,40,100,236,394,0,591,14,0,23,0,5,0,0,,0.0,5.0,6,5,0.0052,0.0007,0.0002,0.0012,0.0,0.0002,0.0,0.0319,0.0399
pegsol-sat11-strips-p03,0,False,41,103,251,413,0,601,8,0,316,0,83,0,10191,,0.0,5.0,5,5,0.0057,0.0007,0.0003,0.0016,0.0,0.0041,0.0,0.6514,0.6603
pegsol-sat11-strips-p04,0,False,50,123,282,470,0,647,15,0,330,0,112,0,24137,,0.0,7.0,7,7,0.0051,0.0008,0.0004,0.0012,0.0,0.0057,0.0,1.8336,1.8418
pegsol-sat11-strips-p05,0,False,40,100,252,410,0,602,6,0,1952,0,757,0,3518093,,0.0,5.0,5,5,0.0057,0.0007,0.0003,0.0014,0.0,0.0543,0.0,701.6822,701.6912
pegsol-sat11-strips-p06,0,False,50,119,287,471,0,668,9,0,575,0,187,0,3079,,0.0,4.0,5,4,0.0036,0.0008,0.0005,0.0013,0.0,0.0085,0.0,0.5551,0.5619
pegsol-sat11-strips-p07,0,False,47,114,266,443,0,639,7,0,273,0,71,0,3296,,0.0,4.0,4,4,0.0184,0.0008,0.0003,0.0015,0.0,0.0038,0.0,0.3333,0.3549
pegsol-sat11-strips-p08,0,False,40,100,228,387,0,579,9,0,230,0,58,0,282,,0.0,6.0,6,6,0.0057,0.0007,0.0002,0.0014,0.0,0.003,0.0,0.0812,0.0898
pegsol-sat11-strips-p09,0,False,46,112,259,435,0,660,4,0,185,0,65,0,190,,0.0,5.0,5,5,0.005,0.0008,0.0004,0.0016,0.0,0.003,0.0,0.0865,0.0948
pegsol-sat11-strips-p10,0,False,50,121,297,484,0,689,4,0,390,0,89,0,2082,,0.0,3.0,3,3,0.005,0.0007,0.0003,0.0013,0.0,0.005,0.0,0.3209,0.3289
pegsol-sat11-strips-p11,0,False,48,115,271,450,0,646,5,0,266,0,75,0,4915,,0.0,5.0,5,5,0.0056,0.0008,0.0003,0.0015,0.0,0.0038,0.0,0.3463,0.355
pegsol-sat11-strips-p12,0,False,48,119,294,478,0,682,3,0,887,0,299,0,56481,,0.0,5.0,5,5,0.0054,0.0007,0.0003,0.0016,0.0,0.0176,0.0,6.351,6.3597
pegsol-sat11-strips-p13,0,False,50,110,251,424,0,617,8,0,0,0,0,0,0,,0.0,4.0,4,4,0.005,0.0008,0.0003,0.0015,0.0,0.0,0.0,0.0102,0.0183
pegsol-sat11-strips-p14,0,False,48,120,296,482,0,707,4,0,660,0,197,0,5264,,0.0,4.0,4,4,0.0067,0.0008,0.0004,0.002,0.0,0.0124,0.0,0.8061,0.8165
pegsol-sat11-strips-p15,0,False,51,111,252,428,0,641,7,0,0,0,0,0,0,,0.0,4.0,4,4,0.0069,0.0008,0.0003,0.0014,0.0,0.0,0.0,0.0105,0.0204
pegsol-sat11-strips-p16,2,False,40,124,312,498,0,674,4,0,2452,0,676,0,2389925,,0.0,3.625,5,5,0.0058,0.0007,0.0004,0.0014,0.0,0.0615,0.0,899.997,900.4345
pegsol-sat11-strips-p17,0,False,43,124,294,483,0,687,6,0,134,0,42,0,302,,0.0,5.0,6,5,0.0065,0.0008,0.0004,0.0013,0.0,0.0021,0.0,0.0791,0.0887
pegsol-sat11-strips-p18,0,False,42,132,296,494,0,675,15,0,0,0,0,0,0,,0.0,9.0,9,9,0.0067,0.0008,0.0004,0.0013,0.0,0.0,0.0,0.0107,0.0205
pegsol-sat11-strips-p19,0,False,39,138,332,536,0,734,13,0,1129,0,477,0,55206,,0.0,8.0,8,8,0.0058,0.0009,0.0005,0.0015,0.0,0.0293,0.0,8.3029,8.3124
pegsol-sat11-strips-p20,0,False,28,144,348,554,0,714,30,0,2732,0,1087,0,255388,,0.0,13.0,18,13,0.0056,0.0009,0.0004,0.0014,0.0,0.0797,0.0,64.2866,64.2956
petri-net-alignment-opt18-strips-p01,0,False,115,440,630,1449,0,1649,21,0,0,0,0,0,0,,0.0,7.0,7,7,0.0089,0.0098,0.0021,0.0023,0.0,0.0,0.0,0.0149,0.0387
petri-net-alignment-opt18-strips-p02,0,False,147,593,850,1919,0,2194,50,0,1038,0,478,0,495,,0.0,18.0,107,18,0.0527,0.0166,0.0123,0.0032,0.0,0.1644,0.0,0.5071,0.5929
petri-net-alignment-opt18-strips-p03,2,False,147,699,1018,2246,0,2581,87,0,35846,0,10799,0,68913,,0.0,33.0,81,81,0.0107,0.0237,0.0168,0.0036,0.0,8.1752,0.0,900.0574,900.1606
petri-net-alignment-opt18-strips-p04,2,False,147,717,1043,2298,0,2643,115,0,41949,0,10010,0,51797,,0.0,44.0,99,99,0.0109,0.0251,0.0225,0.0036,0.0,6.914,0.0,900.0337,900.1201
petri-net-alignment-opt18-strips-p05,0,False,126,559,802,1806,0,2061,117,0,1159,0,329,0,1060,,0.0,42.0,114,42,0.0094,0.0172,0.0134,0.0031,0.0,0.0736,0.0,0.7814,0.8256
petri-net-alignment-opt18-strips-p06,2,False,147,719,1044,2302,0,2643,145,0,30646,0,4699,0,57949,,0.0,54.0,107,107,0.0181,0.0267,0.0225,0.0037,0.0,4.2474,0.0,902.1527,903.3364
petri-net-alignment-opt18-strips-p07,2,False,147,683,989,2193,0,2517,141,0,41939,0,6735,0,83543,,0.0,53.0,122,122,0.0105,0.0244,0.019,0.0037,0.0,4.9602,0.0,899.9741,900.1373
petri-net-alignment-opt18-strips-p08,2,False,147,721,1045,2306,0,2647,148,0,37355,0,4402,0,96497,,0.0,58.1,118,118,0.0117,0.0271,0.0229,0.0036,0.0,3.6313,0.0,901.6737,902.0316
petri-net-alignment-opt18-strips-p09,2,False,147,700,1013,2243,0,2575,145,0,41677,0,5112,0,97247,,0.0,56.0,131,131,0.0104,0.0259,0.0198,0.0037,0.0,4.3374,0.0,902.2234,902.9198
petri-net-alignment-opt18-strips-p10,2,False,147,887,1293,2803,0,3227,178,0,47430,0,4917,0,85556,,0.0,71.0,105,105,0.0155,0.0405,0.0324,0.005,0.0,4.9473,0.0,901.9628,902.3452
petri-net-alignment-opt18-strips-p11,2,False,146,775,1115,2457,0,2817,156,0,39192,0,4471,0,97528,,0.0,61.5,132,132,0.0349,0.0306,0.025,0.0055,0.0,3.4949,0.0,901.1612,901.6645
petri-net-alignment-opt18-strips-p12,2,False,147,1013,1483,3183,0,3672,171,0,34031,0,3311,0,54496,,0.0,67.0,101,101,0.0335,0.0496,0.0442,0.0056,0.0,3.7943,0.0,903.0322,904.727
petri-net-alignment-opt18-strips-p13,2,False,147,884,1288,2794,0,3217,166,0,37121,0,3189,0,93001,,0.0,66.083,120,120,0.0339,0.0391,0.0391,0.005,0.0,3.1112,0.0,902.4199,902.8957
petri-net-alignment-opt18-strips-p14,2,False,115,875,1269,2742,0,3148,154,0,39289,0,3468,0,105466,,0.0,62.625,105,105,0.034,0.0378,0.0328,0.0045,0.0,3.3218,0.0,901.7884,903.3198
petri-net-alignment-opt18-strips-p15,2,False,147,874,1268,2759,0,3173,183,0,41623,0,3303,0,89259,,0.0,71.0,131,131,0.0351,0.0396,0.0287,0.0048,0.0,3.1819,0.0,901.8131,902.0643
petri-net-alignment-opt18-strips-p16,2,False,147,959,1397,3016,0,3472,158,0,22945,0,2009,0,69882,,0.0,61.1,104,104,0.0347,0.0446,0.0484,0.0061,0.0,2.2243,0.0,901.7063,903.4293
petri-net-alignment-opt18-strips-p17,2,False,147,993,1456,3126,0,3608,168,0,26058,0,2142,0,68725,,0.0,66.0,106,106,0.0366,0.048,0.0413,0.0056,0.0,2.3643,0.0,902.4354,904.5969
petri-net-alignment-opt18-strips-p18,2,False,115,936,1367,2931,0,3374,155,0,27008,0,2188,0,39715,,0.0,65.0,105,105,0.0346,0.042,0.0364,0.005,0.0,1.7035,0.0,899.9111,900.0443
petri-net-alignment-opt18-strips-p19,2,False,147,992,1450,3118,0,3593,145,0,29222,0,2403,0,77904,,0.0,55.067,134,134,0.035,0.047,0.0396,0.0067,0.0,2.7911,0.0,902.6992,905.6373
petri-net-alignment-opt18-strips-p20,2,False,147,1017,1490,3196,0,3688,181,0,24404,0,1848,0,70714,,0.0,72.0,145,145,0.0344,0.0509,0.0542,0.0057,0.0,2.0941,0.0,901.5028,903.7316
philosophers-p01-phil2,-3,False,0,0,0,0,0,0,0,0,0,0,0,0,0,,0.0,0.0,1e+20,1e+20,0,0,0,0,0,0,0,0,0
philosophers-p02-phil3,-3,False,0,0,0,0,0,0,0,0,0,0,0,0,0,,0.0,0.0,1e+20,1e+20,0,0,0,0,0,0,0,0,0
philosophers-p03-phil4,-3,False,0,0,0,0,0,0,0,0,0,0,0,0,0,,0.0,0.0,1e+20,1e+20,0,0,0,0,0,0,0,0,0
philosophers-p04-phil5,-3,False,0,0,0,0,0,0,0,0,0,0,0,0,0,,0.0,0.0,1e+20,1e+20,0,0,0,0,0,0,0,0,0
philosophers-p05-phil6,-3,False,0,0,0,0,0,0,0,0,0,0,0,0,0,,0.0,0.0,1e+20,1e+20,0,0,0,0,0,0,0,0,0
philosophers-p06-phil7,-3,False,0,0,0,0,0,0,0,0,0,0,0,0,0,,0.0,0.0,1e+20,1e+20,0,0,0,0,0,0,0,0,0
philosophers-p07-phil8,-3,False,0,0,0,0,0,0,0,0,0,0,0,0,0,,0.0,0.0,1e+20,1e+20,0,0,0,0,0,0,0,0,0
philosophers-p08-phil9,-3,False,0,0,0,0,0,0,0,0,0,0,0,0,0,,0.0,0.0,1e+20,1e+20,0,0,0,0,0,0,0,0,0
philosophers-p09-phil10,-3,False,0,0,0,0,0,0,0,0,0,0,0,0,0,,0.0,0.0,1e+20,1e+20,0,0,0,0,0,0,0,0,0
philosophers-p10-phil11,-3,False,0,0,0,0,0,0,0,0,0,0,0,0,0,,0.0,0.0,1e+20,1e+20,0,0,0,0,0,0,0,0,0
philosophers-p11-phil12,-3,False,0,0,0,0,0,0,0,0,0,0,0,0,0,,0.0,0.0,1e+20,1e+20,0,0,0,0,0,0,0,0,0
philosophers-p12-phil13,-3,False,0,0,0,0,0,0,0,0,0,0,0,0,0,,0.0,0.0,1e+20,1e+20,0,0,0,0,0,0,0,0,0
philosophers-p13-phil14,-3,False,0,0,0,0,0,0,0,0,0,0,0,0,0,,0.0,0.0,1e+20,1e+20,0,0,0,0,0,0,0,0,0
philosophers-p14-phil15,-3,False,0,0,0,0,0,0,0,0,0,0,0,0,0,,0.0,0.0,1e+20,1e+20,0,0,0,0,0,0,0,0,0
philosophers-p15-phil16,-3,False,0,0,0,0,0,0,0,0,0,0,0,0,0,,0.0,0.0,1e+20,1e+20,0,0,0,0,0,0,0,0,0
philosophers-p16-phil17,-3,False,0,0,0,0,0,0,0,0,0,0,0,0,0,,0.0,0.0,1e+20,1e+20,0,0,0,0,0,0,0,0,0
philosophers-p17-phil18,-3,False,0,0,0,0,0,0,0,0,0,0,0,0,0,,0.0,0.0,1e+20,1e+20,0,0,0,0,0,0,0,0,0
philosophers-p18-phil19,-3,False,0,0,0,0,0,0,0,0,0,0,0,0,0,,0.0,0.0,1e+20,1e+20,0,0,0,0,0,0,0,0,0
philosophers-p19-phil20,-3,False,0,0,0,0,0,0,0,0,0,0,0,0,0,,0.0,0.0,1e+20,1e+20,0,0,0,0,0,0,0,0,0
philosophers-p20-phil21,-3,False,0,0,0,0,0,0,0,0,0,0,0,0,0,,0.0,0.0,1e+20,1e+20,0,0,0,0,0,0,0,0,0
philosophers-p21-phil22,-3,False,0,0,0,0,0,0,0,0,0,0,0,0,0,,0.0,0.0,1e+20,1e+20,0,0,0,0,0,0,0,0,0
philosophers-p22-phil23,-3,False,0,0,0,0,0,0,0,0,0,0,0,0,0,,0.0,0.0,1e+20,1e+20,0,0,0,0,0,0,0,0,0
philosophers-p23-phil24,-3,False,0,0,0,0,0,0,0,0,0,0,0,0,0,,0.0,0.0,1e+20,1e+20,0,0,0,0,0,0,0,0,0
philosophers-p24-phil25,-3,False,0,0,0,0,0,0,0,0,0,0,0,0,0,,0.0,0.0,1e+20,1e+20,0,0,0,0,0,0,0,0,0
philosophers-p25-phil26,-3,False,0,0,0,0,0,0,0,0,0,0,0,0,0,,0.0,0.0,1e+20,1e+20,0,0,0,0,0,0,0,0,0
philosophers-p26-phil27,-3,False,0,0,0,0,0,0,0,0,0,0,0,0,0,,0.0,0.0,1e+20,1e+20,0,0,0,0,0,0,0,0,0
philosophers-p27-phil28,-3,False,0,0,0,0,0,0,0,0,0,0,0,0,0,,0.0,0.0,1e+20,1e+20,0,0,0,0,0,0,0,0,0
philosophers-p28-phil29,-3,False,0,0,0,0,0,0,0,0,0,0,0,0,0,,0.0,0.0,1e+20,1e+20,0,0,0,0,0,0,0,0,0
philosophers-p29-phil30,-3,False,0,0,0,0,0,0,0,0,0,0,0,0,0,,0.0,0.0,1e+20,1e+20,0,0,0,0,0,0,0,0,0
philosophers-p30-phil31,-3,False,0,0,0,0,0,0,0,0,0,0,0,0,0,,0.0,0.0,1e+20,1e+20,0,0,0,0,0,0,0,0,0
philosophers-p31-phil32,-3,False,0,0,0,0,0,0,0,0,0,0,0,0,0,,0.0,0.0,1e+20,1e+20,0,0,0,0,0,0,0,0,0
philosophers-p32-phil33,-3,False,0,0,0,0,0,0,0,0,0,0,0,0,0,,0.0,0.0,1e+20,1e+20,0,0,0,0,0,0,0,0,0
philosophers-p33-phil34,-3,False,0,0,0,0,0,0,0,0,0,0,0,0,0,,0.0,0.0,1e+20,1e+20,0,0,0,0,0,0,0,0,0
philosophers-p34-phil35,-3,False,0,0,0,0,0,0,0,0,0,0,0,0,0,,0.0,0.0,1e+20,1e+20,0,0,0,0,0,0,0,0,0
philosophers-p35-phil36,-3,False,0,0,0,0,0,0,0,0,0,0,0,0,0,,0.0,0.0,1e+20,1e+20,0,0,0,0,0,0,0,0,0
philosophers-p36-phil37,-3,False,0,0,0,0,0,0,0,0,0,0,0,0,0,,0.0,0.0,1e+20,1e+20,0,0,0,0,0,0,0,0,0
philosophers-p37-phil38,-3,False,0,0,0,0,0,0,0,0,0,0,0,0,0,,0.0,0.0,1e+20,1e+20,0,0,0,0,0,0,0,0,0
philosophers-p38-phil39,-3,False,0,0,0,0,0,0,0,0,0,0,0,0,0,,0.0,0.0,1e+20,1e+20,0,0,0,0,0,0,0,0,0
philosophers-p39-phil40,-3,False,0,0,0,0,0,0,0,0,0,0,0,0,0,,0.0,0.0,1e+20,1e+20,0,0,0,0,0,0,0,0,0
philosophers-p40-phil41,-3,False,0,0,0,0,0,0,0,0,0,0,0,0,0,,0.0,0.0,1e+20,1e+20,0,0,0,0,0,0,0,0,0
philosophers-p41-phil42,-3,False,0,0,0,0,0,0,0,0,0,0,0,0,0,,0.0,0.0,1e+20,1e+20,0,0,0,0,0,0,0,0,0
philosophers-p42-phil43,-3,False,0,0,0,0,0,0,0,0,0,0,0,0,0,,0.0,0.0,1e+20,1e+20,0,0,0,0,0,0,0,0,0
philosophers-p43-phil44,-3,False,0,0,0,0,0,0,0,0,0,0,0,0,0,,0.0,0.0,1e+20,1e+20,0,0,0,0,0,0,0,0,0
philosophers-p44-phil45,-3,False,0,0,0,0,0,0,0,0,0,0,0,0,0,,0.0,0.0,1e+20,1e+20,0,0,0,0,0,0,0,0,0
philosophers-p45-phil46,-3,False,0,0,0,0,0,0,0,0,0,0,0,0,0,,0.0,0.0,1e+20,1e+20,0,0,0,0,0,0,0,0,0
philosophers-p46-phil47,-3,False,0,0,0,0,0,0,0,0,0,0,0,0,0,,0.0,0.0,1e+20,1e+20,0,0,0,0,0,0,0,0,0
philosophers-p47-phil48,-3,False,0,0,0,0,0,0,0,0,0,0,0,0,0,,0.0,0.0,1e+20,1e+20,0,0,0,0,0,0,0,0,0
philosophers-p48-phil49,-3,False,0,0,0,0,0,0,0,0,0,0,0,0,0,,0.0,0.0,1e+20,1e+20,0,0,0,0,0,0,0,0,0
pipesworld-notankage-p01-net1-b6-g2,0,True,22,38,119,192,0,237,14,0,0,0,0,0,0,,0.0,5.0,5,5,0.0054,0.0004,0.0,0.0012,0.0,0.0,0.0,0.0058,0.0132
pipesworld-notankage-p02-net1-b6-g4,0,True,19,38,130,205,0,258,15,0,0,0,0,0,0,,0.0,7.0,7,7,0.005,0.0004,0.0,0.0012,0.0,0.0,0.0,0.0058,0.0129
pipesworld-notankage-p03-net1-b8-g3,0,True,34,59,202,314,0,410,17,0,0,0,0,0,0,,0.0,7.0,7,7,0.0055,0.0008,0.0001,0.0014,0.0,0.0,0.0,0.0079,0.0162
pipesworld-notankage-p04-net1-b8-g5,0,True,32,59,202,314,0,410,17,0,0,0,1,0,0,,0.0,7.0,8,7,0.0057,0.0008,0.0001,0.0029,0.0,0.0,0.0,0.0081,0.0179
pipesworld-notankage-p05-net1-b10-g4,0,True,45,98,341,504,0,675,18,0,0,0,0,0,0,,0.0,7.0,7,7,0.0087,0.0013,0.0001,0.0013,0.0,0.0,0.0,0.0116,0.0236
pipesworld-notankage-p06-net1-b10-g6,0,True,41,98,343,507,0,679,20,0,0,0,0,0,0,,0.0,9.0,9,9,0.0072,0.0013,0.0001,0.0017,0.0,0.0,0.0,0.0112,0.022
pipesworld-notankage-p07-net1-b12-g5,0,True,54,148,467,693,0,944,24,0,0,0,0,0,0,,0.0,8.0,8,8,0.0071,0.0021,0.0001,0.0021,0.0,0.0,0.0,0.0136,0.0257
pipesworld-notankage-p08-net1-b12-g7,0,True,48,148,480,708,0,971,27,0,0,0,0,0,0,,0.0,10.0,10,10,0.0076,0.0021,0.0002,0.0015,0.0,0.0,0.0,0.0134,0.0254
pipesworld-notankage-p09-net1-b14-g6,0,True,55,198,660,950,0,1314,36,0,2,0,2,0,0,,0.0,13.0,14,13,0.0104,0.0031,0.0003,0.0018,0.0,0.0001,0.0,0.0204,0.0366
pipesworld-notankage-p10-net1-b14-g8,0,True,46,198,681,973,0,1355,43,0,10,0,8,0,0,,0.0,17.0,18,17,0.0083,0.0031,0.0003,0.0017,0.0,0.0003,0.0,0.0489,0.0629
pipesworld-notankage-p11-net2-b10-g2,0,True,156,738,1572,2479,0,3315,23,0,24,0,12,0,0,,0.0,11.0,12,11,0.0099,0.0072,0.0017,0.003,0.0,0.0008,0.0,0.4068,0.4294
pipesworld-notankage-p12-net2-b10-g4,0,True,152,738,1572,2479,0,3315,29,0,321,0,111,0,211,,0.0,13.0,17,13,0.0158,0.0074,0.0018,0.0026,0.0,0.0081,0.0,2.1583,2.1866
pipesworld-notankage-p13-net2-b12-g3,0,True,189,913,1953,3072,0,4117,24,0,107,0,29,0,242,,0.0,12.0,13,12,0.0102,0.0102,0.0022,0.0035,0.0,0.0022,0.0,1.1057,1.1324
pipesworld-notankage-p14-net2-b12-g5,0,True,191,984,2109,3309,0,4427,34,0,1467,0,658,0,11343,,0.0,18.0,21,18,0.0135,0.0115,0.0029,0.0035,0.0,0.0354,0.0,60.0267,60.0591
pipesworld-notankage-p15-net2-b14-g4,0,True,202,940,1936,3097,0,4171,25,0,181,0,50,0,355,,0.0,14.0,15,14,0.013,0.012,0.0021,0.0038,0.0,0.0043,0.0,1.9044,1.9361
pipesworld-notankage-p16-net2-b14-g6,0,True,198,940,1948,3110,0,4196,41,0,127,0,28,0,17,,0.0,19.0,25,19,0.0128,0.0129,0.0034,0.0038,0.0,0.0028,0.0,1.005,1.0386
pipesworld-notankage-p17-net2-b16-g5,0,True,295,1558,3291,5163,0,6862,27,0,4,0,3,0,0,,0.0,12.0,12,12,0.0174,0.0229,0.0046,0.0061,0.0,0.0003,0.0,0.3242,0.3761
pipesworld-notankage-p18-net2-b16-g7,0,True,289,1558,3336,5210,0,6951,34,0,416,0,109,0,1929,,0.0,18.0,20,18,0.0178,0.0239,0.0061,0.0062,0.0,0.0137,0.0,19.8423,19.8974
pipesworld-notankage-p19-net2-b18-g6,2,True,350,1900,4069,6344,0,8499,30,0,3281,0,611,0,77855,,0.0,17.308,23,20,0.0216,0.0339,0.0125,0.007,0.0,0.0901,0.0,899.9324,900.045
pipesworld-notankage-p20-net2-b18-g8,0,True,345,1900,4106,6383,0,8573,37,0,2464,0,508,0,52720,,0.0,23.0,27,23,0.0221,0.0352,0.0178,0.007,0.0,0.0839,0.0,526.5385,526.6218
pipesworld-notankage-p21-net3-b12-g2,0,True,229,1025,2205,3470,0,4704,20,0,66,0,21,0,31,,0.0,9.0,10,9,0.0139,0.0137,0.0022,0.0038,0.0,0.0017,0.0,1.3438,1.378
pipesworld-notankage-p22-net3-b12-g4,0,True,219,1025,2253,3525,0,4802,39,0,263,0,58,0,597,,0.0,19.0,21,19,0.0139,0.0151,0.0039,0.0038,0.0,0.0058,0.0,3.2438,3.2814
pipesworld-notankage-p23-net3-b14-g3,0,True,297,1466,3231,5016,0,6771,28,0,76,0,29,0,45,,0.0,14.0,15,14,0.0192,0.0254,0.0062,0.0056,0.0,0.0031,0.0,4.0712,4.1285
pipesworld-notankage-p24-net3-b14-g5,0,True,293,1466,3278,5065,0,6863,31,0,86,0,22,0,0,,0.0,18.0,22,18,0.0195,0.0263,0.0114,0.0055,0.0,0.0024,0.0,1.0617,1.1255
pipesworld-notankage-p25-net3-b16-g5,0,True,363,1900,4159,6452,0,8683,35,0,619,0,125,0,2008,,0.0,20.0,24,20,0.0244,0.0397,0.0096,0.0073,0.0,0.0188,0.0,20.3517,20.4341
pipesworld-notankage-p26-net3-b16-g7,0,True,355,1900,4187,6482,0,8738,39,0,1257,0,253,0,19046,,0.0,24.0,30,24,0.0253,0.0406,0.0119,0.0076,0.0,0.0405,0.0,172.0976,172.1842
pipesworld-notankage-p27-net3-b18-g6,0,True,429,2280,5085,7824,0,10597,36,0,312,0,60,0,320,,0.0,19.0,25,19,0.03,0.0547,0.0147,0.0098,0.0,0.0099,0.0,8.8354,8.9458
pipesworld-notankage-p28-net3-b18-g7,0,True,424,2280,5099,7839,0,10625,48,0,330,0,57,0,120,,0.0,25.0,31,25,0.0305,0.057,0.0192,0.0095,0.0,0.0101,0.0,9.0767,9.1943
pipesworld-notankage-p29-net3-b20-g6,0,True,522,2910,6425,9888,0,13354,38,0,451,0,96,0,1556,,0.0,21.0,25,21,0.0392,0.0812,0.0151,0.0132,0.0,0.0185,0.0,42.0979,42.248
pipesworld-notankage-p30-net3-b20-g8,0,True,468,2661,5817,8984,0,11991,49,0,1840,0,271,0,31509,,0.0,30.0,37,30,0.0356,0.0694,0.0239,0.0116,0.0,0.055,0.0,498.3771,498.5191
pipesworld-notankage-p31-net4-b14-g3,2,True,325,2131,5171,7639,0,10240,31,0,3319,0,375,0,23611,,0.0,13.371,19,18,0.0239,0.0446,0.0065,0.0085,0.0,0.0605,0.0,899.9308,900.0657
pipesworld-notankage-p32-net4-b14-g5,2,True,320,2131,5193,7663,0,10290,36,0,3142,0,361,0,38870,,0.0,16.923,23,20,0.0243,0.0458,0.0082,0.0086,0.0,0.0661,0.0,899.9194,900.0574
pipesworld-notankage-p33-net4-b16-g5,0,True,359,2256,5479,8112,0,10901,34,0,881,0,93,0,24818,,0.0,18.0,18,18,0.0274,0.0517,0.0059,0.0101,0.0,0.0151,0.0,636.3052,636.4015
pipesworld-notankage-p34-net4-b16-g6,2,True,385,2589,6372,9370,0,12580,36,0,4836,0,471,0,36819,,0.0,18.219,29,26,0.0297,0.066,0.0181,0.0106,0.0,0.1026,0.0,899.8834,900.1342
pipesworld-notankage-p35-net4-b18-g4,2,True,475,3482,8431,12402,0,16442,25,0,3398,0,486,0,8534,,0.0,12.243,19,18,0.0431,0.0972,0.0187,0.0174,0.0,0.0974,0.0,899.833,900.0231
pipesworld-notankage-p36-net4-b18-g6,2,True,470,3482,8499,12473,0,16580,27,0,5780,0,809,0,10254,,0.0,14.785,26,25,0.0599,0.0996,0.0227,0.0176,0.0,0.1779,0.0,899.8161,900.0335
pipesworld-notankage-p37-net4-b20-g5,2,True,546,3944,9730,14236,0,18953,29,0,1061,0,132,0,4276,,0.0,12.346,15,15,0.0678,0.1268,0.021,0.0186,0.0,0.0273,0.0,899.7748,900.0117
pipesworld-notankage-p38-net4-b20-g7,2,True,544,3944,9784,14291,0,19059,33,0,2903,0,331,0,8594,,0.0,14.5,21,21,0.0699,0.1294,0.0293,0.0201,0.0,0.0754,0.0,899.7621,900.0321
pipesworld-notankage-p39-net4-b22-g7,2,True,669,5227,12906,18829,0,25095,27,0,1912,0,270,0,3250,,0.0,17.0,23,21,0.0884,0.2049,0.0377,0.028,0.0,0.0721,0.0,899.6697,900.0335
pipesworld-notankage-p40-net4-b22-g8,2,True,668,5227,12944,18868,0,25170,31,0,2109,0,305,0,3628,,0.0,18.227,27,26,0.0887,0.206,0.044,0.0283,0.0,0.0841,0.0,899.7287,900.1002
pipesworld-notankage-p41-net5-b22-g2,0,True,739,6840,16252,23837,0,31701,18,0,103,0,22,0,59,,0.0,8.0,8,8,0.1103,0.2827,0.016,0.0382,0.0,0.0063,0.0,102.6797,103.1299
pipesworld-notankage-p42-net5-b22-g4,0,True,729,6840,16385,23977,0,31966,27,0,379,0,87,0,760,,0.0,16.0,19,16,0.1136,0.2883,0.0501,0.0381,0.0,0.0269,0.0,47.0465,47.5395
pipesworld-notankage-p43-net5-b24-g3,2,True,838,8293,19762,28913,0,38289,32,0,810,0,85,0,1010,,0.0,14.215,24,24,0.1181,0.3867,0.0892,0.0497,0.0,0.0341,0.0,899.399,900.0516
pipesworld-notankage-p44-net5-b24-g5,2,True,836,8293,19826,28981,0,38439,33,0,1295,0,131,0,1357,,0.0,17.521,28,28,0.1362,0.3922,0.1153,0.0508,0.0,0.0516,0.0,899.3506,900.0501
pipesworld-notankage-p45-net5-b26-g4,2,True,949,9665,23109,33747,0,44701,34,0,869,0,92,0,864,,0.0,17.0,28,28,0.1637,0.4963,0.1135,0.0631,0.0,0.0407,0.0,899.2026,900.0473
pipesworld-notankage-p46-net5-b26-g6,2,True,946,9665,23192,33833,0,44871,43,0,961,0,82,0,605,,0.0,21.033,38,38,0.1472,0.5078,0.1482,0.0662,0.0,0.0387,0.0,899.1553,900.0346
pipesworld-notankage-p47-net5-b28-g5,2,True,1048,10852,25753,37686,0,49847,42,0,588,0,44,0,355,,0.0,20.888,39,39,0.1957,0.6362,0.2035,0.0753,0.0,0.0226,0.0,898.9378,900.0547
pipesworld-notankage-p48-net5-b28-g7,2,True,1043,10852,25859,37795,0,50064,42,0,1275,0,78,0,838,,0.0,26.365,47,47,0.1988,0.6301,0.2739,0.0801,0.0,0.0409,0.0,898.8415,900.0303
pipesworld-notankage-p49-net5-b30-g6,2,True,1172,12349,29452,42997,0,56855,37,0,560,0,42,0,269,,0.0,19.0,30,30,0.2353,0.7756,0.1618,0.0948,0.0,0.0225,0.0,898.7756,900.0503
pipesworld-notankage-p50-net5-b30-g8,2,True,1162,12349,29507,43055,0,56961,41,0,496,0,34,0,383,,0.0,22.0,42,42,0.2359,0.7705,0.2469,0.0978,0.0,0.0192,0.0,898.7279,900.0863
pipesworld-tankage-p01-net1-b6-g2-t50,0,True,28,46,149,235,0,357,15,0,0,0,0,0,0,,0.0,5.0,5,5,0.0255,0.0004,0.0001,0.0014,0.0,0.0,0.0,0.007,0.0349
pipesworld-tankage-p02-net1-b6-g4-t50,0,True,22,46,156,243,0,371,17,0,0,0,1,0,0,,0.0,7.0,8,7,0.0052,0.0005,0.0001,0.0014,0.0,0.0,0.0,0.0068,0.0144
pipesworld-tankage-p03-net1-b8-g3-t80,0,True,42,188,604,848,0,996,19,0,0,0,0,0,0,,0.0,7.0,7,7,0.008,0.0026,0.0002,0.0017,0.0,0.0,0.0,0.0175,0.0305
pipesworld-tankage-p04-net1-b8-g5-t80,0,True,40,199,632,887,0,1041,18,0,0,0,0,0,0,,0.0,7.0,7,7,0.0086,0.0026,0.0002,0.0016,0.0,0.0,0.0,0.0178,0.0314
pipesworld-tankage-p05-net1-b10-g4-t50,0,True,46,155,566,783,0,1004,17,0,0,0,0,0,0,,0.0,7.0,7,7,0.0089,0.003,0.0001,0.002,0.0,0.0,0.0,0.0174,0.0319
pipesworld-tankage-p06-net1-b10-g6-t50,0,True,41,155,568,786,0,1008,19,0,0,0,0,0,0,,0.0,9.0,9,9,0.0088,0.0031,0.0002,0.0016,0.0,0.0,0.0,0.0164,0.0307
pipesworld-tankage-p07-net1-b12-g5-t80,0,True,64,522,1785,2386,0,2548,23,0,0,0,0,0,0,,0.0,8.0,8,8,0.0374,0.015,0.0008,0.0025,0.0,0.0,0.0,0.0413,0.0978
pipesworld-tankage-p08-net1-b12-g7-t80,0,True,60,522,1851,2454,0,2634,28,0,0,0,0,0,0,,0.0,10.0,10,10,0.0196,0.0152,0.0011,0.0024,0.0,0.0,0.0,0.0413,0.0804
pipesworld-tankage-p09-net1-b14-g6-t50,0,True,60,941,3042,4069,0,4028,36,0,10,0,8,0,0,,0.0,13.0,15,13,0.0212,0.0188,0.0045,0.0035,0.0,0.0005,0.0,0.1632,0.2121
pipesworld-tankage-p10-net1-b14-g8-t50,0,True,54,941,3125,4154,0,4153,41,0,309,0,173,0,1016,,0.0,17.0,18,17,0.0211,0.018,0.006,0.0033,0.0,0.0124,0.0,1.4323,1.4817
pipesworld-tankage-p11-net2-b10-g2-t30,0,True,165,994,2905,4075,0,5165,24,0,264,0,55,0,844,,0.0,12.0,13,12,0.0142,0.0189,0.0028,0.0039,0.0,0.0051,0.0,7.3294,7.3703
pipesworld-tankage-p12-net2-b10-g4-t60,0,True,167,1548,4405,6135,0,7119,27,0,263,0,60,0,954,,0.0,13.0,17,13,0.0204,0.0319,0.0059,0.0061,0.0,0.0074,0.0,6.3139,6.3791
pipesworld-tankage-p13-net2-b12-g3-t70,0,True,213,2379,6477,9083,0,10364,23,0,863,0,196,0,4290,,0.0,12.0,13,12,0.0247,0.0533,0.0097,0.0079,0.0,0.0286,0.0,59.0382,59.1354
pipesworld-tankage-p14-net2-b12-g5-t30,2,True,206,1801,4803,6828,0,7964,36,0,6754,0,1257,0,39149,,0.0,15.733,23,20,0.018,0.0354,0.0096,0.0063,0.0,0.1906,0.0,899.9464,900.0312
pipesworld-tankage-p15-net2-b14-g4-t30,0,True,218,1348,3426,5005,0,6237,29,0,625,0,126,0,973,,0.0,14.0,16,14,0.0201,0.0316,0.005,0.0066,0.0,0.0146,0.0,8.7336,8.798
pipesworld-tankage-p16-net2-b14-g6-t80,0,True,234,3342,9187,12780,0,13723,41,0,2306,0,470,0,6735,,0.0,19.0,25,19,0.0362,0.1015,0.0195,0.011,0.0,0.092,0.0,146.6637,146.833
pipesworld-tankage-p17-net2-b16-g5-t20,0,True,300,1959,4843,7121,0,8889,28,0,0,0,0,0,0,,0.0,13.0,13,13,0.0396,0.0508,0.0086,0.0075,0.0,0.0,0.0,0.517,0.6245
pipesworld-tankage-p18-net2-b16-g7-t60,0,True,319,4813,13246,18397,0,19622,31,0,4851,0,1282,0,20332,,0.0,18.0,24,18,0.0424,0.1572,0.0429,0.018,0.0,0.3102,0.0,870.6953,870.9579
pipesworld-tankage-p19-net2-b18-g6-t60,2,True,378,4223,11752,16371,0,18535,31,0,7205,0,969,0,14973,,0.0,15.2,23,21,0.0733,0.1905,0.0344,0.0193,0.0,0.2321,0.0,899.6994,900.0253
pipesworld-tankage-p20-net2-b18-g8-t90,2,True,399,8789,24023,33232,0,34052,36,0,6613,0,904,0,3415,,0.0,18.429,27,27,0.0944,0.4392,0.0953,0.0423,0.0,0.3691,0.0,899.3515,900.0293
pipesworld-tankage-p21-net3-b12-g2-t60,0,True,246,2182,5913,8348,0,9889,21,0,319,0,88,0,592,,0.0,9.0,10,9,0.0439,0.0509,0.0049,0.0097,0.0,0.0111,0.0,10.927,11.0375
pipesworld-tankage-p22-net3-b12-g4-t60,0,True,238,2177,5928,8359,0,9921,37,0,4281,0,658,0,110408,,0.0,19.0,21,19,0.043,0.0548,0.0119,0.0079,0.0,0.107,0.0,708.8797,708.9988
pipesworld-tankage-p23-net3-b14-g3-t60,2,True,316,4452,12686,17472,0,18947,26,0,3259,0,806,0,6374,,0.0,13.435,16,15,0.0683,0.1586,0.0273,0.0171,0.0,0.1729,0.0,899.7517,900.0317
pipesworld-tankage-p24-net3-b14-g5-t60,2,True,312,4375,12527,17236,0,18715,32,0,8395,0,1732,0,11007,,0.0,16.167,22,22,0.0511,0.1579,0.0373,0.0186,0.0,0.3872,0.0,899.7501,900.0229
pipesworld-tankage-p25-net3-b16-g5-t60,2,True,394,6948,19718,27080,0,28458,32,0,8637,0,1549,0,9432,,0.0,18.0,25,20,0.1182,0.367,0.0811,0.0311,0.0,0.5074,0.0,899.4334,900.0368
pipesworld-tankage-p26-net3-b16-g7-t70,2,True,392,7771,22010,30199,0,31274,38,0,6055,0,1018,0,6733,,0.0,20.074,30,24,0.1395,0.4431,0.1076,0.0332,0.0,0.3743,0.0,899.2956,900.026
pipesworld-tankage-p27-net3-b18-g6-t70,2,True,461,8116,22413,31009,0,33119,34,0,4167,0,545,0,3611,,0.0,16.236,24,22,0.1317,0.4621,0.1117,0.039,0.0,0.2009,0.0,899.2713,900.0213
pipesworld-tankage-p28-net3-b18-g7-t70,2,True,454,8116,22413,31009,0,33119,41,0,4050,0,428,0,2452,,0.0,23.0,31,31,0.1342,0.4694,0.1447,0.0396,0.0,0.1739,0.0,899.2477,900.0509
pipesworld-tankage-p29-net3-b20-g6-t70,2,True,561,11951,33019,45551,0,47130,37,0,2423,0,422,0,1266,,0.0,17.0,25,23,0.2119,0.8628,0.1291,0.066,0.0,0.2186,0.0,898.7713,900.0472
pipesworld-tankage-p30-net3-b20-g8-t70,2,True,519,12786,37987,51317,0,50655,46,0,8455,0,824,0,4008,,0.0,25.0,38,38,0.2117,0.93,0.183,0.0706,0.0,0.4634,0.0,898.6358,900.0426
pipesworld-tankage-p31-net4-b14-g3-t20,2,True,245,1509,3916,5680,0,7455,33,0,8174,0,802,0,50743,,0.0,12.572,23,22,0.0357,0.0307,0.0058,0.0075,0.0,0.1438,0.0,899.9264,900.1157
pipesworld-tankage-p32-net4-b14-g5-t30,2,True,329,3425,10311,14081,0,17506,36,0,3051,0,259,0,5616,,0.0,15.0,21,21,0.0584,0.1389,0.015,0.0149,0.0,0.0567,0.0,899.7894,900.0204
pipesworld-tankage-p33-net4-b16-g5-t60,2,True,377,7138,20848,28375,0,30606,34,0,741,0,53,0,1096,,0.0,14.0,19,19,0.084,0.2855,0.0288,0.0311,0.0,0.0183,0.0,899.5902,900.0245
pipesworld-tankage-p34-net4-b16-g6-t60,2,True,413,9488,27637,37550,0,40040,37,0,1344,0,85,0,579,,0.0,14.034,31,31,0.1076,0.4438,0.1153,0.044,0.0,0.0386,0.0,899.3168,900.0339
pipesworld-tankage-p35-net4-b18-g4-t90,2,True,537,21724,62972,85239,0,84073,27,0,262,0,29,0,50,,0.0,11.0,17,17,0.2685,1.7912,0.192,0.1198,0.0,0.0238,0.0,897.7382,900.1191
pipesworld-tankage-p36-net4-b18-g6-t90,2,True,533,21724,63068,85336,0,84212,30,0,585,0,61,0,120,,0.0,13.0,25,25,0.2737,1.8018,0.2974,0.1201,0.0,0.0506,0.0,897.5641,900.0681
pipesworld-tankage-p37-net4-b20-g5-t60,2,True,576,16940,50267,67790,0,69443,28,0,180,0,20,0,66,,0.0,10.376,15,15,0.1972,1.1645,0.1548,0.094,0.0,0.0125,0.0,898.4969,900.1151
pipesworld-tankage-p38-net4-b20-g7-t60,2,True,574,16940,50267,67790,0,69443,33,0,322,0,25,0,99,,0.0,13.0,21,21,0.2107,1.174,0.2238,0.0963,0.0,0.0167,0.0,898.3364,900.0481
pipesworld-tankage-p39-net4-b22-g7-t50,2,True,700,21823,63794,86331,0,89248,29,0,479,0,44,0,114,,0.0,14.0,24,24,0.2932,1.9464,0.4394,0.1541,0.0,0.0382,0.0,897.2205,900.0623
pipesworld-tankage-p40-net4-b22-g8-t50,2,True,699,21823,63794,86331,0,89248,32,0,497,0,42,0,196,,0.0,15.043,28,28,0.2971,1.9431,0.4443,0.1439,0.0,0.0374,0.0,897.2496,900.0867
pipesworld-tankage-p41-net5-b22-g2-t20,0,True,743,12877,36885,50509,0,58735,19,0,89,0,9,0,101,,0.0,8.0,8,8,0.1581,0.7365,0.0649,0.0818,0.0,0.0046,0.0,618.5155,619.561
pipesworld-tankage-p42-net5-b22-g4-t50,2,True,775,34729,101107,136622,0,135692,27,0,182,0,22,0,42,,0.0,10.563,20,20,0.4198,3.279,1.1359,0.2511,0.0,0.0283,0.0,895.0657,900.1673
pipesworld-tankage-p43-net5-b24-g3-t80,2,True,909,61045,179241,241208,0,226140,31,0,11,0,1,0,0,,0.0,11.0,24,24,1.0169,9.7712,1.5712,0.7057,0.0,0.0018,0.0,886.9855,900.0896
pipesworld-tankage-p44-net5-b24-g5-t80,2,True,907,61045,179241,241208,0,226140,32,0,46,0,4,0,4,,0.0,12.713,27,27,1.0256,9.8172,1.839,0.7198,0.0,0.0076,0.0,886.6477,900.0866
pipesworld-tankage-p45-net5-b26-g4-t50,2,True,995,41360,123395,165763,0,164754,36,0,90,0,10,0,16,,0.0,13.812,31,31,0.7178,6.0835,1.2665,0.4442,0.0,0.0147,0.0,891.6275,900.1578
pipesworld-tankage-p46-net5-b26-g6-t50,2,True,992,41339,123502,165850,0,164893,46,0,133,0,11,0,8,,0.0,17.965,41,41,0.7112,6.2908,1.6234,0.5164,0.0,0.0162,0.0,890.9355,900.097
pipesworld-tankage-p47-net5-b28-g5-t50,2,True,1100,50902,148577,200597,0,198232,43,0,76,0,5,0,0,,0.0,19.274,40,40,0.9385,8.5844,2.049,0.6934,0.0,0.0084,0.0,887.8741,900.1577
pipesworld-tankage-p48-net5-b28-g7-t50,2,True,1096,50902,148652,200673,0,198352,43,0,113,0,4,0,24,,0.0,21.365,48,48,0.9466,8.6255,2.6401,0.6341,0.0,0.0086,0.0,887.2332,900.1076
pipesworld-tankage-p49-net5-b30-g6-t50,2,True,1226,62714,184276,248226,0,241856,36,0,89,0,5,0,0,,0.0,13.857,31,31,1.1892,11.0493,3.1511,0.9554,0.0,0.0114,0.0,883.8436,900.2089
pipesworld-tankage-p50-net5-b30-g8-t50,2,True,1218,62714,184305,248256,0,241904,39,0,89,0,5,0,0,,0.0,17.333,42,42,1.4498,11.048,3.3989,0.9604,0.0,0.0104,0.0,883.3235,900.2012
psr-large-p01-s29-n2-l5-f30,-3,False,0,0,0,0,0,0,0,0,0,0,0,0,0,,0.0,0.0,1e+20,1e+20,0,0,0,0,0,0,0,0,0
psr-large-p02-s46-n3-l5-f50,-3,False,0,0,0,0,0,0,0,0,0,0,0,0,0,,0.0,0.0,1e+20,1e+20,0,0,0,0,0,0,0,0,0
psr-large-p03-s53-n4-l3-f30,-3,False,0,0,0,0,0,0,0,0,0,0,0,0,0,,0.0,0.0,1e+20,1e+20,0,0,0,0,0,0,0,0,0
psr-large-p04-s66-n5-l2-f50,-3,False,0,0,0,0,0,0,0,0,0,0,0,0,0,,0.0,0.0,1e+20,1e+20,0,0,0,0,0,0,0,0,0
psr-large-p05-s71-n5-l3-f70,-3,False,0,0,0,0,0,0,0,0,0,0,0,0,0,,0.0,0.0,1e+20,1e+20,0,0,0,0,0,0,0,0,0
psr-large-p06-s74-n5-l4-f50,-3,False,0,0,0,0,0,0,0,0,0,0,0,0,0,,0.0,0.0,1e+20,1e+20,0,0,0,0,0,0,0,0,0
psr-large-p07-s81-n6-l2-f30,-3,False,0,0,0,0,0,0,0,0,0,0,0,0,0,,0.0,0.0,1e+20,1e+20,0,0,0,0,0,0,0,0,0
psr-large-p08-s87-n6-l3-f70,-3,False,0,0,0,0,0,0,0,0,0,0,0,0,0,,0.0,0.0,1e+20,1e+20,0,0,0,0,0,0,0,0,0
psr-large-p09-s90-n6-l4-f50,-3,False,0,0,0,0,0,0,0,0,0,0,0,0,0,,0.0,0.0,1e+20,1e+20,0,0,0,0,0,0,0,0,0
psr-large-p10-s93-n6-l5-f30,-3,False,0,0,0,0,0,0,0,0,0,0,0,0,0,,0.0,0.0,1e+20,1e+20,0,0,0,0,0,0,0,0,0
psr-large-p11-s100-n7-l3-f10,-3,False,0,0,0,0,0,0,0,0,0,0,0,0,0,,0.0,0.0,1e+20,1e+20,0,0,0,0,0,0,0,0,0
psr-large-p12-s103-n7-l3-f70,-3,False,0,0,0,0,0,0,0,0,0,0,0,0,0,,0.0,0.0,1e+20,1e+20,0,0,0,0,0,0,0,0,0
psr-large-p13-s106-n7-l4-f50,-3,False,0,0,0,0,0,0,0,0,0,0,0,0,0,,0.0,0.0,1e+20,1e+20,0,0,0,0,0,0,0,0,0
psr-large-p14-s112-n8-l2-f10,-3,False,0,0,0,0,0,0,0,0,0,0,0,0,0,,0.0,0.0,1e+20,1e+20,0,0,0,0,0,0,0,0,0
psr-large-p15-s114-n8-l2-f50,-3,False,0,0,0,0,0,0,0,0,0,0,0,0,0,,0.0,0.0,1e+20,1e+20,0,0,0,0,0,0,0,0,0
psr-large-p16-s119-n8-l3-f70,-3,False,0,0,0,0,0,0,0,0,0,0,0,0,0,,0.0,0.0,1e+20,1e+20,0,0,0,0,0,0,0,0,0
psr-large-p17-s129-n9-l2-f30,-3,False,0,0,0,0,0,0,0,0,0,0,0,0,0,,0.0,0.0,1e+20,1e+20,0,0,0,0,0,0,0,0,0
psr-large-p18-s133-n9-l3-f30,-3,False,0,0,0,0,0,0,0,0,0,0,0,0,0,,0.0,0.0,1e+20,1e+20,0,0,0,0,0,0,0,0,0
psr-large-p19-s144-n10-l2-f10,-3,False,0,0,0,0,0,0,0,0,0,0,0,0,0,,0.0,0.0,1e+20,1e+20,0,0,0,0,0,0,0,0,0
psr-large-p20-s149-n10-l3-f30,-3,False,0,0,0,0,0,0,0,0,0,0,0,0,0,,0.0,0.0,1e+20,1e+20,0,0,0,0,0,0,0,0,0
psr-large-p21-s160-n12-l2-f10,-3,False,0,0,0,0,0,0,0,0,0,0,0,0,0,,0.0,0.0,1e+20,1e+20,0,0,0,0,0,0,0,0,0
psr-large-p22-s162-n12-l3-f10,-3,False,0,0,0,0,0,0,0,0,0,0,0,0,0,,0.0,0.0,1e+20,1e+20,0,0,0,0,0,0,0,0,0
psr-large-p23-s164-n15-l2-f10,-3,False,0,0,0,0,0,0,0,0,0,0,0,0,0,,0.0,0.0,1e+20,1e+20,0,0,0,0,0,0,0,0,0
psr-large-p24-s166-n15-l3-f10,-3,False,0,0,0,0,0,0,0,0,0,0,0,0,0,,0.0,0.0,1e+20,1e+20,0,0,0,0,0,0,0,0,0
psr-large-p25-s168-n20-l2-f10,-3,False,0,0,0,0,0,0,0,0,0,0,0,0,0,,0.0,0.0,1e+20,1e+20,0,0,0,0,0,0,0,0,0
psr-large-p26-s170-n20-l3-f10,-3,False,0,0,0,0,0,0,0,0,0,0,0,0,0,,0.0,0.0,1e+20,1e+20,0,0,0,0,0,0,0,0,0
psr-large-p27-s172-n25-l2-f10,-3,False,0,0,0,0,0,0,0,0,0,0,0,0,0,,0.0,0.0,1e+20,1e+20,0,0,0,0,0,0,0,0,0
psr-large-p28-s174-n25-l3-f10,-3,False,0,0,0,0,0,0,0,0,0,0,0,0,0,,0.0,0.0,1e+20,1e+20,0,0,0,0,0,0,0,0,0
psr-large-p29-s177-n30-l2-f30,-3,False,0,0,0,0,0,0,0,0,0,0,0,0,0,,0.0,0.0,1e+20,1e+20,0,0,0,0,0,0,0,0,0
psr-large-p30-s179-n30-l3-f30,-3,False,0,0,0,0,0,0,0,0,0,0,0,0,0,,0.0,0.0,1e+20,1e+20,0,0,0,0,0,0,0,0,0
psr-large-p31-s181-n35-l2-f30,-3,False,0,0,0,0,0,0,0,0,0,0,0,0,0,,0.0,0.0,1e+20,1e+20,0,0,0,0,0,0,0,0,0
psr-large-p32-s183-n35-l3-f30,-3,False,0,0,0,0,0,0,0,0,0,0,0,0,0,,0.0,0.0,1e+20,1e+20,0,0,0,0,0,0,0,0,0
psr-large-p33-s185-n40-l2-f30,-3,False,0,0,0,0,0,0,0,0,0,0,0,0,0,,0.0,0.0,1e+20,1e+20,0,0,0,0,0,0,0,0,0
psr-large-p34-s187-n40-l3-f30,-3,False,0,0,0,0,0,0,0,0,0,0,0,0,0,,0.0,0.0,1e+20,1e+20,0,0,0,0,0,0,0,0,0
psr-large-p35-s189-n45-l2-f30,-3,False,0,0,0,0,0,0,0,0,0,0,0,0,0,,0.0,0.0,1e+20,1e+20,0,0,0,0,0,0,0,0,0
psr-large-p36-s191-n45-l3-f30,-3,False,0,0,0,0,0,0,0,0,0,0,0,0,0,,0.0,0.0,1e+20,1e+20,0,0,0,0,0,0,0,0,0
psr-large-p37-s193-n50-l2-f30,-3,False,0,0,0,0,0,0,0,0,0,0,0,0,0,,0.0,0.0,1e+20,1e+20,0,0,0,0,0,0,0,0,0
psr-large-p38-s195-n50-l3-f30,-3,False,0,0,0,0,0,0,0,0,0,0,0,0,0,,0.0,0.0,1e+20,1e+20,0,0,0,0,0,0,0,0,0
psr-large-p39-s197-n55-l2-f30,-3,False,0,0,0,0,0,0,0,0,0,0,0,0,0,,0.0,0.0,1e+20,1e+20,0,0,0,0,0,0,0,0,0
psr-large-p40-s199-n55-l3-f30,-3,False,0,0,0,0,0,0,0,0,0,0,0,0,0,,0.0,0.0,1e+20,1e+20,0,0,0,0,0,0,0,0,0
psr-large-p41-s201-n60-l2-f30,-3,False,0,0,0,0,0,0,0,0,0,0,0,0,0,,0.0,0.0,1e+20,1e+20,0,0,0,0,0,0,0,0,0
psr-large-p42-s203-n60-l3-f30,-3,False,0,0,0,0,0,0,0,0,0,0,0,0,0,,0.0,0.0,1e+20,1e+20,0,0,0,0,0,0,0,0,0
psr-large-p43-s205-n70-l2-f30,-3,False,0,0,0,0,0,0,0,0,0,0,0,0,0,,0.0,0.0,1e+20,1e+20,0,0,0,0,0,0,0,0,0
psr-large-p44-s207-n70-l3-f30,-3,False,0,0,0,0,0,0,0,0,0,0,0,0,0,,0.0,0.0,1e+20,1e+20,0,0,0,0,0,0,0,0,0
psr-large-p45-s209-n80-l2-f30,-3,False,0,0,0,0,0,0,0,0,0,0,0,0,0,,0.0,0.0,1e+20,1e+20,0,0,0,0,0,0,0,0,0
psr-large-p46-s211-n80-l3-f30,-3,False,0,0,0,0,0,0,0,0,0,0,0,0,0,,0.0,0.0,1e+20,1e+20,0,0,0,0,0,0,0,0,0
psr-large-p47-s213-n90-l2-f30,-3,False,0,0,0,0,0,0,0,0,0,0,0,0,0,,0.0,0.0,1e+20,1e+20,0,0,0,0,0,0,0,0,0
psr-large-p48-s215-n90-l3-f30,-3,False,0,0,0,0,0,0,0,0,0,0,0,0,0,,0.0,0.0,1e+20,1e+20,0,0,0,0,0,0,0,0,0
psr-large-p49-s217-n100-l2-f30,-3,False,0,0,0,0,0,0,0,0,0,0,0,0,0,,0.0,0.0,1e+20,1e+20,0,0,0,0,0,0,0,0,0
psr-large-p50-s219-n100-l3-f30,-3,False,0,0,0,0,0,0,0,0,0,0,0,0,0,,0.0,0.0,1e+20,1e+20,0,0,0,0,0,0,0,0,0
psr-middle-p01-s17-n2-l2-f30,-3,False,0,0,0,0,0,0,0,0,0,0,0,0,0,,0.0,0.0,1e+20,1e+20,0,0,0,0,0,0,0,0,0
psr-middle-p02-s23-n2-l3-f70,-3,False,0,0,0,0,0,0,0,0,0,0,0,0,0,,0.0,0.0,1e+20,1e+20,0,0,0,0,0,0,0,0,0
psr-middle-p03-s28-n2-l5-f10,-3,False,0,0,0,0,0,0,0,0,0,0,0,0,0,,0.0,0.0,1e+20,1e+20,0,0,0,0,0,0,0,0,0
psr-middle-p04-s31-n2-l5-f70,-3,False,0,0,0,0,0,0,0,0,0,0,0,0,0,,0.0,0.0,1e+20,1e+20,0,0,0,0,0,0,0,0,0
psr-middle-p05-s34-n3-l2-f50,-3,False,0,0,0,0,0,0,0,0,0,0,0,0,0,,0.0,0.0,1e+20,1e+20,0,0,0,0,0,0,0,0,0
psr-middle-p06-s37-n3-l3-f30,-3,False,0,0,0,0,0,0,0,0,0,0,0,0,0,,0.0,0.0,1e+20,1e+20,0,0,0,0,0,0,0,0,0
psr-middle-p07-s38-n3-l3-f50,-3,False,0,0,0,0,0,0,0,0,0,0,0,0,0,,0.0,0.0,1e+20,1e+20,0,0,0,0,0,0,0,0,0
psr-middle-p08-s40-n3-l4-f10,-3,False,0,0,0,0,0,0,0,0,0,0,0,0,0,,0.0,0.0,1e+20,1e+20,0,0,0,0,0,0,0,0,0
psr-middle-p09-s42-n3-l4-f50,-3,False,0,0,0,0,0,0,0,0,0,0,0,0,0,,0.0,0.0,1e+20,1e+20,0,0,0,0,0,0,0,0,0
psr-middle-p10-s45-n3-l5-f30,-3,False,0,0,0,0,0,0,0,0,0,0,0,0,0,,0.0,0.0,1e+20,1e+20,0,0,0,0,0,0,0,0,0
psr-middle-p11-s46-n3-l5-f50,-3,False,0,0,0,0,0,0,0,0,0,0,0,0,0,,0.0,0.0,1e+20,1e+20,0,0,0,0,0,0,0,0,0
psr-middle-p12-s50-n4-l2-f50,-3,False,0,0,0,0,0,0,0,0,0,0,0,0,0,,0.0,0.0,1e+20,1e+20,0,0,0,0,0,0,0,0,0
psr-middle-p13-s53-n4-l3-f30,-3,False,0,0,0,0,0,0,0,0,0,0,0,0,0,,0.0,0.0,1e+20,1e+20,0,0,0,0,0,0,0,0,0
psr-middle-p14-s55-n4-l3-f70,-3,False,0,0,0,0,0,0,0,0,0,0,0,0,0,,0.0,0.0,1e+20,1e+20,0,0,0,0,0,0,0,0,0
psr-middle-p15-s56-n4-l4-f10,-3,False,0,0,0,0,0,0,0,0,0,0,0,0,0,,0.0,0.0,1e+20,1e+20,0,0,0,0,0,0,0,0,0
psr-middle-p16-s60-n4-l5-f10,-3,False,0,0,0,0,0,0,0,0,0,0,0,0,0,,0.0,0.0,1e+20,1e+20,0,0,0,0,0,0,0,0,0
psr-middle-p17-s61-n4-l5-f30,-3,False,0,0,0,0,0,0,0,0,0,0,0,0,0,,0.0,0.0,1e+20,1e+20,0,0,0,0,0,0,0,0,0
psr-middle-p18-s62-n4-l5-f50,-3,False,0,0,0,0,0,0,0,0,0,0,0,0,0,,0.0,0.0,1e+20,1e+20,0,0,0,0,0,0,0,0,0
psr-middle-p19-s66-n5-l2-f50,-3,False,0,0,0,0,0,0,0,0,0,0,0,0,0,,0.0,0.0,1e+20,1e+20,0,0,0,0,0,0,0,0,0
psr-middle-p20-s69-n5-l3-f30,-3,False,0,0,0,0,0,0,0,0,0,0,0,0,0,,0.0,0.0,1e+20,1e+20,0,0,0,0,0,0,0,0,0
psr-middle-p21-s72-n5-l4-f10,-3,False,0,0,0,0,0,0,0,0,0,0,0,0,0,,0.0,0.0,1e+20,1e+20,0,0,0,0,0,0,0,0,0
psr-middle-p22-s74-n5-l4-f50,-3,False,0,0,0,0,0,0,0,0,0,0,0,0,0,,0.0,0.0,1e+20,1e+20,0,0,0,0,0,0,0,0,0
psr-middle-p23-s76-n5-l5-f10,-3,False,0,0,0,0,0,0,0,0,0,0,0,0,0,,0.0,0.0,1e+20,1e+20,0,0,0,0,0,0,0,0,0
psr-middle-p24-s77-n5-l5-f30,-3,False,0,0,0,0,0,0,0,0,0,0,0,0,0,,0.0,0.0,1e+20,1e+20,0,0,0,0,0,0,0,0,0
psr-middle-p25-s81-n6-l2-f30,-3,False,0,0,0,0,0,0,0,0,0,0,0,0,0,,0.0,0.0,1e+20,1e+20,0,0,0,0,0,0,0,0,0
psr-middle-p26-s85-n6-l3-f30,-3,False,0,0,0,0,0,0,0,0,0,0,0,0,0,,0.0,0.0,1e+20,1e+20,0,0,0,0,0,0,0,0,0
psr-middle-p27-s86-n6-l3-f50,-3,False,0,0,0,0,0,0,0,0,0,0,0,0,0,,0.0,0.0,1e+20,1e+20,0,0,0,0,0,0,0,0,0
psr-middle-p28-s88-n6-l4-f10,-3,False,0,0,0,0,0,0,0,0,0,0,0,0,0,,0.0,0.0,1e+20,1e+20,0,0,0,0,0,0,0,0,0
psr-middle-p29-s89-n6-l4-f30,-3,False,0,0,0,0,0,0,0,0,0,0,0,0,0,,0.0,0.0,1e+20,1e+20,0,0,0,0,0,0,0,0,0
psr-middle-p30-s90-n6-l4-f50,-3,False,0,0,0,0,0,0,0,0,0,0,0,0,0,,0.0,0.0,1e+20,1e+20,0,0,0,0,0,0,0,0,0
psr-middle-p31-s92-n6-l5-f10,-3,False,0,0,0,0,0,0,0,0,0,0,0,0,0,,0.0,0.0,1e+20,1e+20,0,0,0,0,0,0,0,0,0
psr-middle-p32-s93-n6-l5-f30,-3,False,0,0,0,0,0,0,0,0,0,0,0,0,0,,0.0,0.0,1e+20,1e+20,0,0,0,0,0,0,0,0,0
psr-middle-p33-s100-n7-l3-f10,-3,False,0,0,0,0,0,0,0,0,0,0,0,0,0,,0.0,0.0,1e+20,1e+20,0,0,0,0,0,0,0,0,0
psr-middle-p34-s102-n7-l3-f50,-3,False,0,0,0,0,0,0,0,0,0,0,0,0,0,,0.0,0.0,1e+20,1e+20,0,0,0,0,0,0,0,0,0
psr-middle-p35-s103-n7-l3-f70,-3,False,0,0,0,0,0,0,0,0,0,0,0,0,0,,0.0,0.0,1e+20,1e+20,0,0,0,0,0,0,0,0,0
psr-middle-p36-s106-n7-l4-f50,-3,False,0,0,0,0,0,0,0,0,0,0,0,0,0,,0.0,0.0,1e+20,1e+20,0,0,0,0,0,0,0,0,0
psr-middle-p37-s108-n7-l5-f10,-3,False,0,0,0,0,0,0,0,0,0,0,0,0,0,,0.0,0.0,1e+20,1e+20,0,0,0,0,0,0,0,0,0
psr-middle-p38-s109-n7-l5-f30,-3,False,0,0,0,0,0,0,0,0,0,0,0,0,0,,0.0,0.0,1e+20,1e+20,0,0,0,0,0,0,0,0,0
psr-middle-p39-s112-n8-l2-f10,-3,False,0,0,0,0,0,0,0,0,0,0,0,0,0,,0.0,0.0,1e+20,1e+20,0,0,0,0,0,0,0,0,0
psr-middle-p40-s114-n8-l2-f50,-3,False,0,0,0,0,0,0,0,0,0,0,0,0,0,,0.0,0.0,1e+20,1e+20,0,0,0,0,0,0,0,0,0
psr-middle-p41-s116-n8-l3-f10,-3,False,0,0,0,0,0,0,0,0,0,0,0,0,0,,0.0,0.0,1e+20,1e+20,0,0,0,0,0,0,0,0,0
psr-middle-p42-s120-n8-l4-f10,-3,False,0,0,0,0,0,0,0,0,0,0,0,0,0,,0.0,0.0,1e+20,1e+20,0,0,0,0,0,0,0,0,0
psr-middle-p43-s123-n8-l4-f70,-3,False,0,0,0,0,0,0,0,0,0,0,0,0,0,,0.0,0.0,1e+20,1e+20,0,0,0,0,0,0,0,0,0
psr-middle-p44-s131-n9-l2-f70,-3,False,0,0,0,0,0,0,0,0,0,0,0,0,0,,0.0,0.0,1e+20,1e+20,0,0,0,0,0,0,0,0,0
psr-middle-p45-s132-n9-l3-f10,-3,False,0,0,0,0,0,0,0,0,0,0,0,0,0,,0.0,0.0,1e+20,1e+20,0,0,0,0,0,0,0,0,0
psr-middle-p46-s135-n9-l3-f70,-3,False,0,0,0,0,0,0,0,0,0,0,0,0,0,,0.0,0.0,1e+20,1e+20,0,0,0,0,0,0,0,0,0
psr-middle-p47-s139-n9-l4-f70,-3,False,0,0,0,0,0,0,0,0,0,0,0,0,0,,0.0,0.0,1e+20,1e+20,0,0,0,0,0,0,0,0,0
psr-middle-p48-s144-n10-l2-f10,-3,False,0,0,0,0,0,0,0,0,0,0,0,0,0,,0.0,0.0,1e+20,1e+20,0,0,0,0,0,0,0,0,0
psr-middle-p49-s149-n10-l3-f30,-3,False,0,0,0,0,0,0,0,0,0,0,0,0,0,,0.0,0.0,1e+20,1e+20,0,0,0,0,0,0,0,0,0
psr-middle-p50-s153-n10-l4-f30,-3,False,0,0,0,0,0,0,0,0,0,0,0,0,0,,0.0,0.0,1e+20,1e+20,0,0,0,0,0,0,0,0,0
psr-small-p01-s2-n1-l2-f50,0,True,0,0,2,5,0,4,0,0,0,0,1,0,0,,0.0,1.0,1,1,0.0044,0.0,0.0,0.0011,0.0,0.0,0.0,0.0014,0.0074
psr-small-p02-s5-n1-l3-f30,0,True,0,0,2,5,0,4,0,0,0,0,1,0,0,,0.0,1.0,1,1,0.0054,0.0001,0.0,0.0011,0.0,0.0,0.0,0.0013,0.0083
psr-small-p03-s7-n1-l3-f70,0,True,0,0,2,5,0,4,0,0,0,0,1,0,0,,0.0,1.0,1,1,0.0046,0.0,0.0,0.001,0.0,0.0,0.0,0.0013,0.0074
psr-small-p04-s8-n1-l4-f10,0,True,0,0,2,5,0,4,0,0,0,0,1,0,0,,0.0,1.0,1,1,0.0045,0.0001,0.0,0.0014,0.0,0.0,0.0,0.0013,0.0077
psr-small-p05-s9-n1-l4-f30,0,True,0,0,2,5,0,4,0,0,0,0,1,0,0,,0.0,1.0,1,1,0.0052,0.0001,0.0,0.0011,0.0,0.0,0.0,0.0013,0.008
psr-small-p06-s10-n1-l4-f50,0,True,0,0,2,5,0,4,0,0,0,0,1,0,0,,0.0,1.0,1,1,0.006,0.0,0.0,0.0027,0.0,0.0,0.0,0.0013,0.0104
psr-small-p07-s11-n1-l4-f70,0,True,0,0,2,5,0,4,0,0,0,0,1,0,0,,0.0,1.0,1,1,0.0047,0.0001,0.0,0.0012,0.0,0.0,0.0,0.0013,0.0077
psr-small-p08-s12-n1-l5-f10,0,True,0,0,2,5,0,4,0,0,0,0,1,0,0,,0.0,1.0,1,1,0.0045,0.0001,0.0,0.0013,0.0,0.0,0.0,0.0013,0.0076
psr-small-p09-s13-n1-l5-f30,0,True,0,0,2,5,0,4,0,0,0,0,1,0,0,,0.0,1.0,1,1,0.0053,0.0001,0.0,0.0015,0.0,0.0,0.0,0.0012,0.0085
psr-small-p10-s17-n2-l2-f30,0,True,0,0,5,12,0,12,0,0,0,0,1,0,0,,0.0,2.0,2,2,0.0051,0.0001,0.0,0.0011,0.0,0.0,0.0,0.0013,0.008
psr-small-p11-s18-n2-l2-f50,0,True,0,0,4,10,0,8,0,0,0,0,1,0,0,,0.0,2.0,2,2,0.0054,0.0001,0.0,0.0011,0.0,0.0,0.0,0.0012,0.0083
psr-small-p12-s21-n2-l3-f30,0,True,0,0,4,10,0,8,0,0,0,0,1,0,0,,0.0,2.0,2,2,0.0053,0.0001,0.0,0.0012,0.0,0.0,0.0,0.0013,0.0083
psr-small-p13-s22-n2-l3-f50,0,True,0,0,7,17,0,18,0,0,0,0,1,0,0,,0.0,3.0,3,3,0.0049,0.0001,0.0,0.0012,0.0,0.0,0.0,0.0013,0.0079
psr-small-p14-s23-n2-l3-f70,0,True,0,0,5,12,0,10,0,0,0,0,1,0,0,,0.0,2.0,2,2,0.0046,0.0002,0.0,0.0013,0.0,0.0,0.0,0.0013,0.0078
psr-small-p15-s24-n2-l4-f10,0,True,1,2,4,11,0,10,0,0,0,0,0,0,0,,0.0,2.0,2,2,0.0086,0.0006,0.0,0.0012,0.0,0.0,0.0,0.0021,0.0135
psr-small-p16-s29-n2-l5-f30,0,True,1,2,6,16,0,16,0,0,0,0,0,0,0,,0.0,3.0,3,3,0.0053,0.0001,0.0,0.0009,0.0,0.0,0.0,0.002,0.0087
psr-small-p17-s30-n2-l5-f50,0,True,0,0,5,12,0,10,0,0,0,0,1,0,0,,0.0,2.0,2,2,0.0046,0.0001,0.0,0.0012,0.0,0.0,0.0,0.0012,0.0076
psr-small-p18-s31-n2-l5-f70,0,True,0,0,5,12,0,10,0,0,0,0,1,0,0,,0.0,2.0,2,2,0.0082,0.0001,0.0,0.0012,0.0,0.0,0.0,0.0012,0.0112
psr-small-p19-s33-n3-l2-f30,0,True,1,2,11,28,0,36,0,0,0,0,0,0,0,,0.0,5.0,5,5,0.0088,0.0002,0.0,0.0014,0.0,0.0,0.0,0.0021,0.0129
psr-small-p20-s34-n3-l2-f50,0,True,0,0,7,17,0,14,0,0,0,0,1,0,0,,0.0,3.0,3,3,0.0086,0.0001,0.0,0.0012,0.0,0.0,0.0,0.0013,0.0117
psr-small-p21-s35-n3-l2-f70,0,True,0,0,8,19,0,16,0,0,0,0,1,0,0,,0.0,3.0,3,3,0.0092,0.0001,0.0,0.0014,0.0,0.0,0.0,0.0013,0.0125
psr-small-p22-s37-n3-l3-f30,0,True,0,0,8,20,0,22,0,0,0,0,1,0,0,,0.0,4.0,4,4,0.0086,0.0001,0.0,0.0016,0.0,0.0,0.0,0.0013,0.0121
psr-small-p23-s38-n3-l3-f50,0,True,0,0,8,19,0,16,0,0,0,0,1,0,0,,0.0,3.0,3,3,0.0116,0.0001,0.0,0.001,0.0,0.0,0.0,0.0013,0.0145
psr-small-p24-s39-n3-l3-f70,0,True,0,0,8,19,0,16,0,0,0,0,1,0,0,,0.0,3.0,3,3,0.0094,0.0001,0.0,0.0011,0.0,0.0,0.0,0.0012,0.0124
psr-small-p25-s40-n3-l4-f10,0,True,2,3,5,14,0,13,0,0,0,0,0,0,0,,0.0,2.0,2,2,0.0781,0.032,0.0,0.0015,0.0,0.0,0.0,0.0013,0.1143
psr-small-p26-s41-n3-l4-f30,0,True,0,0,7,17,0,14,0,0,0,0,1,0,0,,0.0,3.0,3,3,0.0136,0.0001,0.0,0.0012,0.0,0.0,0.0,0.0013,0.0166
psr-small-p27-s42-n3-l4-f50,0,True,0,0,7,17,0,14,0,0,0,0,1,0,0,,0.0,3.0,3,3,0.0129,0.0002,0.0,0.001,0.0,0.0,0.0,0.0013,0.0158
psr-small-p28-s43-n3-l4-f70,0,True,0,0,8,19,0,16,0,0,0,0,1,0,0,,0.0,3.0,3,3,0.0139,0.0001,0.0,0.0024,0.0,0.0,0.0,0.0012,0.018
psr-small-p29-s45-n3-l5-f30,0,True,0,0,11,27,0,34,0,0,0,0,1,0,0,,0.0,5.0,5,5,0.0096,0.0002,0.0,0.0011,0.0,0.0,0.0,0.0014,0.0127
psr-small-p30-s46-n3-l5-f50,0,True,0,0,7,17,0,14,0,0,0,0,1,0,0,,0.0,3.0,3,3,0.0355,0.0001,0.0,0.0011,0.0,0.0,0.0,0.0013,0.0384
psr-small-p31-s49-n4-l2-f30,0,True,1,2,9,23,0,24,0,0,0,0,0,0,0,,0.0,4.0,4,4,0.0266,0.0006,0.0,0.0009,0.0,0.0,0.0,0.002,0.0306
psr-small-p32-s50-n4-l2-f50,0,True,0,0,10,24,0,20,0,0,0,0,1,0,0,,0.0,4.0,4,4,0.0109,0.0001,0.0,0.0012,0.0,0.0,0.0,0.0013,0.0139
psr-small-p33-s51-n4-l2-f70,0,True,1,2,9,23,0,24,0,0,0,0,0,0,0,,0.0,4.0,4,4,0.0189,0.0001,0.0,0.0014,0.0,0.0,0.0,0.0021,0.0238
psr-small-p34-s55-n4-l3-f70,0,True,0,0,10,24,0,20,0,0,0,0,1,0,0,,0.0,4.0,4,4,0.0125,0.0001,0.0,0.0013,0.0,0.0,0.0,0.0013,0.0156
psr-small-p35-s57-n5-l2-f30,0,True,1,2,9,23,0,24,0,0,0,0,0,0,0,,0.0,4.0,4,4,0.0127,0.0002,0.0,0.0011,0.0,0.0,0.0,0.0021,0.0166
psr-small-p36-s65-n6-l2-f30,0,True,1,2,14,35,0,48,0,0,0,0,0,0,0,,0.0,6.0,6,6,0.0155,0.0004,0.0,0.001,0.0,0.0,0.0,0.0022,0.0195
psr-small-p37-s67-n6-l2-f70,0,True,0,0,15,36,0,40,0,0,0,0,1,0,0,,0.0,6.0,6,6,0.0177,0.0001,0.0,0.0012,0.0,0.0,0.0,0.0013,0.0208
psr-small-p38-s78-n3-l3-f50,0,True,0,0,7,17,0,18,0,0,0,0,1,0,0,,0.0,3.0,3,3,0.0174,0.0001,0.0,0.0015,0.0,0.0,0.0,0.0013,0.0207
psr-small-p39-s79-n3-l3-f70,0,True,0,0,7,17,0,14,0,0,0,0,1,0,0,,0.0,3.0,3,3,0.0153,0.0001,0.0,0.0013,0.0,0.0,0.0,0.0012,0.0183
psr-small-p40-s80-n3-l4-f10,0,True,1,2,6,16,0,16,0,0,0,0,0,0,0,,0.0,3.0,3,3,0.05,0.0007,0.0,0.0011,0.0,0.0,0.0,0.0021,0.0544
psr-small-p41-s81-n3-l4-f30,0,True,0,0,8,19,0,16,0,0,0,0,1,0,0,,0.0,3.0,3,3,0.0121,0.0001,0.0,0.0012,0.0,0.0,0.0,0.0013,0.0151
psr-small-p42-s82-n3-l4-f50,0,True,1,2,9,23,0,24,0,0,0,0,0,0,0,,0.0,4.0,4,4,0.0184,0.0001,0.0,0.0011,0.0,0.0,0.0,0.0022,0.0223
psr-small-p43-s83-n3-l4-f70,0,True,0,0,10,24,0,26,0,0,0,0,1,0,0,,0.0,4.0,4,4,0.021,0.0001,0.0,0.0012,0.0,0.0,0.0,0.0013,0.0241
psr-small-p44-s89-n4-l2-f30,0,True,0,0,12,29,0,36,0,0,0,0,1,0,0,,0.0,5.0,5,5,0.0188,0.0001,0.0,0.0011,0.0,0.0,0.0,0.0013,0.0218
psr-small-p45-s94-n4-l3-f50,0,True,0,0,10,24,0,20,0,0,0,0,1,0,0,,0.0,4.0,4,4,0.0194,0.0001,0.0,0.001,0.0,0.0,0.0,0.0014,0.0223
psr-small-p46-s97-n5-l2-f30,0,True,1,2,10,26,0,28,0,0,0,0,0,0,0,,0.0,5.0,5,5,0.0182,0.0001,0.0,0.0013,0.0,0.0,0.0,0.002,0.0221
psr-small-p47-s98-n5-l2-f50,0,True,0,0,9,22,0,18,0,0,0,0,1,0,0,,0.0,4.0,4,4,0.017,0.0001,0.0,0.0013,0.0,0.0,0.0,0.0014,0.0203
psr-small-p48-s101-n5-l3-f30,0,True,0,0,11,27,0,30,0,0,0,0,1,0,0,,0.0,5.0,5,5,0.0124,0.0002,0.0,0.0016,0.0,0.0,0.0,0.0012,0.0159
psr-small-p49-s105-n6-l2-f30,0,True,0,0,15,37,0,50,0,0,0,0,1,0,0,,0.0,7.0,7,7,0.018,0.0003,0.0,0.0028,0.0,0.0,0.0,0.0013,0.0228
psr-small-p50-s107-n6-l2-f70,0,True,0,0,16,38,0,32,0,0,0,0,1,0,0,,0.0,6.0,6,6,0.015,0.0001,0.0,0.0015,0.0,0.0,0.0,0.0013,0.0182
rovers-p01,0,True,1,7,12,33,0,31,0,0,0,0,0,0,0,,0.0,9.0,9,9,0.0201,0.0001,0.0,0.0015,0.0,0.0,0.0,0.0021,0.0243
rovers-p02,0,True,3,8,12,33,0,27,0,0,0,0,0,0,0,,0.0,7.0,7,7,0.0154,0.0001,0.0,0.0015,0.0,0.0,0.0,0.0022,0.0196
rovers-p03,0,True,5,12,16,44,0,44,8,0,0,0,0,0,0,,0.0,9.0,9,9,0.016,0.0001,0.0,0.0012,0.0,0.0,0.0,0.0031,0.0211
rovers-p04,0,True,5,13,16,43,0,43,11,0,0,0,0,0,0,,0.0,8.0,8,8,0.0156,0.0001,0.0,0.0014,0.0,0.0,0.0,0.0031,0.0209
rovers-p05,0,True,11,24,34,91,0,87,21,0,0,0,0,0,0,,0.0,18.0,18,18,0.0188,0.0003,0.0,0.002,0.0,0.0,0.0,0.0037,0.0254
rovers-p06,0,True,9,28,45,119,0,121,15,0,0,0,0,0,0,,0.0,27.0,27,27,0.0477,0.0004,0.0001,0.0017,0.0,0.0,0.0,0.0036,0.054
rovers-p07,0,True,29,47,47,129,0,124,44,0,0,0,0,0,0,,0.0,15.0,15,15,0.0141,0.0004,0.0001,0.002,0.0,0.0,0.0,0.0047,0.0217
rovers-p08,0,True,46,71,71,196,0,189,63,0,0,0,0,0,0,,0.0,21.0,21,21,0.0416,0.0007,0.0001,0.0029,0.0,0.0,0.0,0.0054,0.0511
rovers-p09,0,True,39,76,85,222,0,223,42,0,0,0,0,0,0,,0.0,24.0,24,24,0.0122,0.0008,0.0001,0.0013,0.0,0.0,0.0,0.0059,0.0208
rovers-p10,0,True,56,91,91,249,0,253,78,0,0,0,0,0,0,,0.0,26.0,26,26,0.0079,0.001,0.0002,0.0011,0.0,0.0,0.0,0.0061,0.0169
rovers-p11,0,True,46,85,98,252,0,253,36,0,0,0,0,0,0,,0.0,24.0,24,24,0.0123,0.0009,0.0002,0.0014,0.0,0.0,0.0,0.0062,0.0215
rovers-p12,0,True,41,87,87,221,0,212,46,0,0,0,0,0,0,,0.0,16.0,16,16,0.011,0.0006,0.0001,0.0015,0.0,0.0,0.0,0.0062,0.0199
rovers-p13,0,True,68,117,117,314,0,319,85,0,0,0,0,0,0,,0.0,32.0,32,32,0.0113,0.0016,0.0002,0.0011,0.0,0.0,0.0,0.0073,0.0219
rovers-p14,0,True,47,92,101,259,0,256,40,0,0,0,0,0,0,,0.0,22.0,22,22,0.0117,0.001,0.0001,0.0012,0.0,0.0,0.0,0.0064,0.0209
rovers-p15,0,True,54,80,88,244,0,222,60,0,0,0,0,0,0,,0.0,29.0,29,29,0.0162,0.0013,0.0002,0.0013,0.0,0.0,0.0,0.0055,0.0251
rovers-p16,0,True,67,129,129,336,0,344,88,0,0,0,0,0,0,,0.0,30.0,30,30,0.0184,0.0015,0.0002,0.0011,0.0,0.0,0.0,0.0081,0.0298
rovers-p17,0,True,106,197,207,538,0,542,67,0,0,0,0,0,0,,0.0,36.0,36,36,0.0163,0.0036,0.0006,0.0014,0.0,0.0,0.0,0.0107,0.0331
rovers-p18,0,True,151,239,239,640,0,632,85,0,0,0,0,0,0,,0.0,31.0,31,31,0.0187,0.0057,0.0006,0.0016,0.0,0.0,0.0,0.012,0.0392
rovers-p19,0,True,186,458,458,1119,0,1127,123,0,0,0,1,0,0,,0.0,45.0,46,45,0.024,0.0113,0.0017,0.0026,0.0,0.0,0.0,0.0272,0.0674
rovers-p20,0,True,258,512,512,1302,0,1302,160,0,0,0,1,0,0,,0.0,58.0,59,58,0.0269,0.0222,0.0025,0.0021,0.0,0.0001,0.0,0.0262,0.0807
rovers-p21,0,True,275,499,499,1287,0,1280,112,0,0,0,1,0,0,,0.0,41.0,42,41,0.0411,0.0266,0.0019,0.0022,0.0,0.0001,0.0,0.0226,0.0953
rovers-p22,0,True,278,595,595,1484,0,1514,125,0,0,0,0,0,0,,0.0,46.0,46,46,0.0685,0.0265,0.0022,0.0023,0.0,0.0,0.0,0.0305,0.1309
rovers-p23,0,True,341,875,875,2110,0,2160,139,0,0,0,2,0,0,,0.0,53.0,54,53,0.0561,0.0431,0.0041,0.0027,0.0,0.0001,0.0,0.0893,0.1962
rovers-p24,0,True,387,777,777,1962,0,1998,175,0,0,0,1,0,0,,0.0,65.0,66,65,0.0689,0.0431,0.0055,0.0027,0.0,0.0001,0.0,0.0425,0.1637
rovers-p25,0,True,302,433,433,1178,0,1138,73,0,0,0,0,0,0,,0.0,25.0,25,25,0.044,0.023,0.0015,0.002,0.0,0.0,0.0,0.016,0.0872
rovers-p26,0,True,349,610,610,1583,0,1584,112,0,0,0,1,0,0,,0.0,40.0,42,40,0.0509,0.0262,0.0028,0.0024,0.0,0.0001,0.0,0.0317,0.1146
rovers-p27,0,True,359,713,713,1805,0,1849,164,0,0,0,0,0,0,,0.0,59.0,59,59,0.0753,0.0381,0.0044,0.0026,0.0,0.0,0.0,0.039,0.1603
rovers-p28,0,True,432,775,775,2001,0,2017,143,0,0,0,1,0,0,,0.0,52.0,53,52,0.1019,0.0689,0.005,0.0032,0.0,0.0001,0.0,0.0332,0.2133
rovers-p29,0,True,489,950,950,2405,0,2378,115,0,0,0,2,0,0,,0.0,43.0,45,43,0.0916,0.0818,0.0046,0.0036,0.0,0.0001,0.0,0.1032,0.2857
rovers-p30,0,True,649,1643,1643,3960,0,3985,179,0,0,0,1,0,0,,0.0,70.0,71,70,0.1035,0.1282,0.0116,0.006,0.0,0.0001,0.0,0.2346,0.4857
rovers-p31,0,True,608,1484,1484,3600,0,3643,194,0,0,0,1,0,0,,0.0,69.0,71,69,0.0932,0.1162,0.0111,0.0053,0.0,0.0001,0.0,0.0685,0.2952
rovers-p32,0,True,824,1948,1948,4755,0,4818,270,0,0,0,1,0,0,,0.0,100.0,102,100,0.187,0.2373,0.0249,0.008,0.0,0.0001,0.0,0.1046,0.5634
rovers-p33,0,True,940,2195,2195,5374,0,5561,348,0,0,0,1,0,0,,0.0,126.0,129,126,0.1867,0.3111,0.0399,0.0097,0.0,0.0002,0.0,0.388,0.9376
rovers-p34,0,True,857,2324,2324,5537,0,5545,238,0,0,0,2,0,0,,0.0,87.0,91,87,0.2083,0.272,0.0227,0.0092,0.0,0.0003,0.0,0.3971,0.911
rovers-p35,0,True,1157,2890,2890,7000,0,7306,491,0,0,0,1,0,0,,0.0,176.0,182,176,0.3002,0.5774,0.0836,0.0141,0.0,0.0003,0.0,0.7449,1.7228
rovers-p36,0,True,1147,3460,3460,8108,0,8296,307,0,0,0,1,0,0,,0.0,115.0,125,115,0.2027,0.4654,0.0462,0.0146,0.0,0.0002,0.0,0.2636,0.9944
rovers-p37,0,True,1584,5082,5082,11806,0,12148,430,0,0,0,1,0,0,,0.0,163.0,172,163,0.4089,1.0552,0.1168,0.0268,0.0,0.0003,0.0,1.4013,3.0132
rovers-p38,0,True,1589,5449,5449,12542,0,12927,403,0,0,0,1,0,0,,0.0,146.0,150,146,0.5794,1.3652,0.1042,0.0278,0.0,0.0003,0.0,1.5116,3.5926
rovers-p39,0,True,1528,5046,5046,11683,0,11663,513,0,0,0,1,0,0,,0.0,190.0,198,190,0.4836,1.2519,0.1473,0.0259,0.0,0.0004,0.0,0.6625,2.5752
rovers-p40,0,True,1873,6139,6139,14220,0,14447,504,0,0,0,3,0,0,,0.0,186.0,193,186,0.6453,1.8385,0.1841,0.0366,0.0,0.0016,0.0,1.2643,3.9726
satellite-p01-pfile1,0,True,3,7,11,33,0,32,0,0,0,0,0,0,0,,0.0,8.0,8,8,0.0291,0.0001,0.0,0.0012,0.0,0.0,0.0,0.0021,0.033
satellite-p02-pfile2,0,True,4,18,20,56,0,62,20,0,0,0,0,0,0,,0.0,12.0,12,12,0.0162,0.0002,0.0,0.0013,0.0,0.0,0.0,0.0032,0.0212
satellite-p03-pfile3,0,True,19,29,29,82,0,83,27,0,0,0,1,0,0,,0.0,10.0,11,10,0.0126,0.0003,0.0,0.0022,0.0,0.0,0.0,0.0045,0.02
satellite-p04-pfile4,0,True,19,40,42,114,0,123,39,0,0,0,0,0,0,,0.0,17.0,17,17,0.0233,0.0004,0.0001,0.001,0.0,0.0,0.0,0.0044,0.0297
satellite-p05-pfile5,0,True,44,87,87,225,0,255,38,0,0,0,0,0,0,,0.0,14.0,14,14,0.0258,0.0008,0.0001,0.0029,0.0,0.0,0.0,0.006,0.0362
satellite-p06-pfile6,0,True,36,54,60,165,0,162,35,0,0,0,0,0,0,,0.0,18.0,18,18,0.0245,0.0008,0.0001,0.0013,0.0,0.0,0.0,0.0051,0.0324
satellite-p07-pfile7,0,True,58,95,95,257,0,270,49,0,0,0,0,0,0,,0.0,20.0,20,20,0.0244,0.0015,0.0002,0.0013,0.0,0.0,0.0,0.0061,0.0341
satellite-p08-pfile8,0,True,76,130,130,346,0,376,64,0,0,0,0,0,0,,0.0,24.0,24,24,0.0266,0.0026,0.0004,0.0014,0.0,0.0,0.0,0.1121,0.1437
satellite-p09-pfile9,0,True,89,144,144,390,0,405,64,0,0,0,1,0,0,,0.0,26.0,28,26,0.032,0.0036,0.0005,0.0012,0.0,0.0,0.0,0.0093,0.0471
satellite-p10-pfile10,0,True,101,154,154,421,0,433,76,0,0,0,0,0,0,,0.0,29.0,29,29,0.0509,0.0046,0.0006,0.0015,0.0,0.0,0.0,0.0096,0.0677
satellite-p11-pfile11,0,True,110,152,152,428,0,400,81,0,0,0,0,0,0,,0.0,31.0,31,31,0.0475,0.0067,0.0009,0.0012,0.0,0.0,0.0,0.0077,0.0646
satellite-p12-pfile12,0,True,133,207,215,588,0,586,88,0,0,0,0,0,0,,0.0,42.0,42,42,0.067,0.0136,0.0017,0.0017,0.0,0.0,0.0,0.0096,0.0942
satellite-p13-pfile13,0,True,160,247,247,681,0,678,147,0,0,0,0,0,0,,0.0,55.0,55,55,0.0742,0.0226,0.0026,0.0014,0.0,0.0,0.0,0.0121,0.1136
satellite-p14-pfile14,0,True,165,256,256,696,0,708,98,0,0,0,0,0,0,,0.0,39.0,39,39,0.0867,0.0174,0.0021,0.0017,0.0,0.0,0.0,0.013,0.1216
satellite-p15-pfile15,0,True,225,332,332,912,0,904,106,0,0,0,0,0,0,,0.0,44.0,44,44,0.0706,0.0325,0.004,0.0021,0.0,0.0,0.0,0.0152,0.1251
satellite-p16-pfile16,0,True,282,467,467,1239,0,1295,115,0,0,0,0,0,0,,0.0,45.0,45,45,0.0749,0.045,0.0064,0.0023,0.0,0.0,0.0,0.0249,0.1543
satellite-p17-pfile17,0,True,333,471,471,1295,0,1246,108,0,0,0,1,0,0,,0.0,41.0,44,41,0.0719,0.063,0.0076,0.0023,0.0,0.0001,0.0,0.0209,0.1666
satellite-p18-pfile18,0,True,144,199,199,555,0,528,88,0,0,0,0,0,0,,0.0,31.0,31,31,0.0362,0.0129,0.0011,0.0013,0.0,0.0,0.0,0.0089,0.0612
satellite-p19-pfile19,0,True,169,333,333,863,0,995,155,0,0,0,2,0,0,,0.0,58.0,60,58,0.0354,0.0176,0.0034,0.0019,0.0,0.0001,0.0,0.087,0.1461
satellite-p20-pfile20,0,True,176,374,374,964,0,1176,202,0,0,0,1,0,0,,0.0,74.0,83,74,0.0225,0.0191,0.0051,0.0035,0.0,0.0001,0.0,0.0262,0.0772
satellite-p21-HC-pfile1,0,True,229,512,512,1290,0,1527,202,0,0,0,1,0,0,,0.0,72.0,73,72,0.0552,0.0699,0.0075,0.0022,0.0,0.0001,0.0,0.0298,0.1659
satellite-p22-HC-pfile2,0,True,278,555,555,1433,0,1621,259,0,0,0,0,0,0,,0.0,89.0,89,89,0.079,0.1404,0.0132,0.0022,0.0,0.0,0.0,0.0267,0.263
satellite-p23-HC-pfile3,0,True,396,920,920,2287,0,2728,281,0,0,0,0,0,0,,0.0,99.0,99,99,0.1404,0.2576,0.0247,0.0037,0.0,0.0,0.0,0.0386,0.4669
satellite-p24-HC-pfile4,0,True,530,1302,1302,3204,0,3924,387,0,0,0,0,0,0,,0.0,137.0,137,137,0.264,0.753,0.0661,0.005,0.0,0.0,0.0,0.0716,1.1628
satellite-p25-HC-pfile5,0,True,606,1470,1470,3610,0,4367,348,0,0,0,1,0,0,,0.0,125.0,126,125,0.3375,0.984,0.0727,0.0055,0.0,0.0002,0.0,0.1046,1.5078
satellite-p26-HC-pfile6,0,True,620,1325,1325,3338,0,3878,377,0,0,0,1,0,0,,0.0,134.0,135,134,0.332,1.0143,0.0801,0.0055,0.0,0.0002,0.0,0.1622,1.5977
satellite-p27-HC-pfile7,0,True,773,1276,1276,3390,0,3515,389,0,0,0,0,0,0,,0.0,134.0,134,134,0.471,1.5874,0.1098,0.0063,0.0,0.0,0.0,0.0447,2.2234
satellite-p28-HC-pfile8,0,True,1087,2219,2219,5619,0,6387,550,0,0,0,0,0,0,,0.0,191.0,191,191,1.1693,5.0231,0.3054,0.0124,0.0,0.0,0.0,0.3206,6.8394
satellite-p29-HC-pfile9,0,True,1610,2485,2485,6673,0,6588,513,0,0,0,0,0,0,,0.0,185.0,185,185,2.2043,11.2699,0.6192,0.0188,0.0,0.0,0.0,0.2188,14.3433
satellite-p30-HC-pfile10,0,True,1916,3126,3126,8282,0,8496,643,0,0,0,1,0,0,,0.0,226.0,228,226,3.5959,22.1894,1.1028,0.0258,0.0,0.0004,0.0,0.1802,27.1114
satellite-p31-HC-pfile11,0,True,2367,4200,4200,10900,0,11685,779,0,0,0,1,0,0,,0.0,267.0,268,267,6.5664,44.8763,1.9517,0.0399,0.0,0.0005,0.0,0.8516,54.312
satellite-p32-HC-pfile12,0,True,3116,5113,5113,13524,0,13938,1066,0,0,0,0,0,0,,0.0,364.0,364,364,15.174,129.4945,4.2642,0.0651,0.0,0.0,0.0,0.3568,149.3995
satellite-p33-HC-pfile13,0,True,3875,6936,6936,17978,0,19212,1343,0,0,0,1,0,0,,0.0,460.0,461,460,28.5752,288.6044,8.3448,0.1038,0.0,0.0012,0.0,0.4842,326.1814
satellite-p34-HC-pfile14,0,True,1033,1470,1470,4114,0,3905,839,0,0,0,1,0,0,,0.0,285.0,286,285,2.1987,15.0094,0.4435,0.0097,0.0,0.0003,0.0,0.15,17.8267
satellite-p35-HC-pfile15,0,True,1661,3056,3056,7960,0,8678,1093,0,0,0,0,0,0,,0.0,374.0,374,374,4.9409,37.2447,1.3593,0.0251,0.0,0.0,0.0,0.1783,43.7727
satellite-p36-HC-pfile16,0,True,2083,3752,3752,9765,0,10456,1038,0,0,0,1,0,0,,0.0,356.0,358,356,7.2591,58.2408,2.0112,0.0338,0.0,0.0006,0.0,0.6835,68.2585
scanalyzer-08-strips-p01,0,False,30,402,987,1425,0,1299,18,0,0,0,0,0,0,,0.0,18.0,18,18,0.0291,0.0018,0.0003,0.0017,0.0,0.0,0.0,0.0263,0.0598
scanalyzer-08-strips-p02,0,False,25,269,596,901,0,864,21,0,393,0,182,0,2095,,0.0,20.0,20,20,0.0179,0.0013,0.0002,0.0015,0.0,0.0048,0.0,0.3764,0.3978
scanalyzer-08-strips-p03,0,False,20,215,450,701,0,704,21,0,903,0,255,0,7632,,0.0,22.0,25,22,0.0117,0.001,0.0002,0.0028,0.0,0.0083,0.0,1.8069,1.8231
scanalyzer-08-strips-p04,0,False,56,1436,3548,5048,0,4352,24,0,0,0,0,0,0,,0.0,24.0,24,24,0.0337,0.0097,0.0016,0.0035,0.0,0.0,0.0,0.0755,0.1249
scanalyzer-08-strips-p05,0,False,49,891,1947,2902,0,2616,27,0,3401,0,859,0,405220,,0.0,27.0,27,27,0.0151,0.0058,0.0009,0.0024,0.0,0.0599,0.0,376.6474,376.6724
scanalyzer-08-strips-p06,0,False,42,738,1518,2320,0,2160,27,0,4595,0,854,0,234351,,0.0,30.0,33,30,0.0125,0.0048,0.0008,0.0024,0.0,0.0614,0.0,170.1355,170.157
scanalyzer-08-strips-p07,0,False,90,3770,9345,13215,0,10995,30,0,0,0,0,0,0,,0.0,30.0,30,30,0.0409,0.0399,0.006,0.0081,0.0,0.0,0.0,0.1663,0.2624
scanalyzer-08-strips-p08,2,False,81,2239,4834,7173,0,6180,33,0,9353,0,1858,0,294500,,0.0,31.0,34,34,0.0208,0.0225,0.0038,0.0045,0.0,0.2314,0.0,899.9591,900.1367
scanalyzer-08-strips-p09,2,False,72,1907,3886,5893,0,5188,33,0,10066,0,1511,0,449577,,0.0,33.0,41,38,0.0269,0.0187,0.0033,0.0038,0.0,0.1899,0.0,901.6037,903.1976
scanalyzer-08-strips-p10,0,False,132,8202,20370,28716,0,23316,36,0,0,0,0,0,0,,0.0,36.0,36,36,0.0427,0.1414,0.0191,0.0188,0.0,0.0,0.0,0.3751,0.5992
scanalyzer-08-strips-p11,2,False,121,4733,10121,14998,0,12492,39,0,13403,0,1906,0,63649,,0.0,37.0,41,41,0.0566,0.0725,0.0115,0.0099,0.0,0.5017,0.0,903.4422,905.2751
scanalyzer-08-strips-p12,2,False,110,4118,8346,12608,0,10652,39,0,10280,0,1221,0,126246,,0.0,37.1,49,46,0.0347,0.0577,0.0102,0.0088,0.0,0.3124,0.0,905.1129,908.2154
scanalyzer-08-strips-p13,0,False,182,15722,39095,55013,0,43883,42,0,0,0,0,0,0,,0.0,42.0,42,42,0.0905,0.4171,0.043,0.0426,0.0,0.0,0.0,0.8219,1.4193
scanalyzer-08-strips-p14,2,False,169,8889,18864,27949,0,22680,45,0,10686,0,1235,0,24903,,0.0,43.0,48,48,0.0644,0.2055,0.0286,0.0192,0.0,0.4459,0.0,903.772,904.5693
scanalyzer-08-strips-p15,2,False,156,7863,15882,23941,0,19608,45,0,6776,0,604,0,37457,,0.0,43.0,57,56,0.0554,0.162,0.0278,0.0184,0.0,0.203,0.0,901.844,902.7434
scanalyzer-08-strips-p16,0,False,240,27512,68472,96240,0,75744,48,0,0,0,0,0,0,,0.0,48.0,48,48,0.1454,1.0979,0.1067,0.0881,0.0,0.0,0.0,1.5705,3.0166
scanalyzer-08-strips-p17,2,False,225,15319,32311,47886,0,38064,51,0,4904,0,438,0,6686,,0.0,49.0,55,55,0.0851,0.5086,0.0651,0.038,0.0,0.2171,0.0,899.3612,900.0956
scanalyzer-08-strips-p18,2,False,210,13730,27670,41656,0,33304,51,0,7327,0,546,0,13275,,0.0,49.0,65,63,0.0838,0.3862,0.0626,0.0327,0.0,0.2705,0.0,899.4552,900.1067
scanalyzer-08-strips-p19,0,False,306,44946,111933,157203,0,122427,54,0,0,0,0,0,0,,0.0,54.0,54,54,0.259,2.7243,0.2557,0.1682,0.0,0.0,0.0,2.8502,6.2708
scanalyzer-08-strips-p20,2,False,289,24731,51902,76957,0,60156,57,0,2622,0,237,0,1420,,0.0,55.0,62,62,0.1681,1.1639,0.1384,0.0748,0.0,0.179,0.0,898.5044,900.0577
scanalyzer-08-strips-p21,2,False,272,22403,45078,67805,0,53180,57,0,1809,0,114,0,1168,,0.0,55.0,73,73,0.2258,0.8719,0.1308,0.0636,0.0,0.0837,0.0,898.7369,900.0433
scanalyzer-08-strips-p22,0,False,3,132,268,416,0,371,12,0,0,0,0,0,0,,0.0,12.0,12,12,0.0304,0.001,0.0001,0.0031,0.0,0.0,0.0,0.0089,0.044
scanalyzer-08-strips-p23,0,False,3,132,268,416,0,371,12,0,0,0,0,0,0,,0.0,12.0,12,12,0.0411,0.001,0.0001,0.0013,0.0,0.0,0.0,0.009,0.053
scanalyzer-08-strips-p24,0,False,3,132,268,416,0,371,12,0,0,0,0,0,0,,0.0,12.0,12,12,0.0099,0.001,0.0001,0.0014,0.0,0.0,0.0,0.0089,0.0217
scanalyzer-08-strips-p25,0,False,48,13758,52156,65978,0,54138,24,0,0,0,0,0,0,,0.0,24.0,24,24,0.1624,0.8348,0.1843,0.0496,0.0,0.0,0.0,1.6721,2.9101
scanalyzer-08-strips-p26,0,False,42,9578,35655,45297,0,37474,30,0,51,0,16,0,0,,0.0,26.0,27,26,0.1718,0.4806,0.1863,0.0304,0.0,0.006,0.0,7.7179,8.5948
scanalyzer-08-strips-p27,2,False,31,7336,27177,34577,0,28907,30,0,12720,0,1471,0,3330,,0.0,26.0,30,30,0.118,0.3514,0.2117,0.0226,0.0,0.5133,0.0,899.3131,900.025
scanalyzer-08-strips-p28,0,False,120,203937,833055,1037136,0,842629,36,0,0,0,0,0,0,,0.0,36.0,36,36,1.9519,102.0544,11.5013,1.2929,0.0,0.0,0.0,82.0212,198.921
scanalyzer-08-strips-p29,2,False,110,126782,497543,624469,0,506355,43,0,118,0,15,0,0,,0.0,39.0,40,40,1.3929,45.4795,7.3732,0.7488,0.0,0.0753,0.0,845.1063,900.1659
scanalyzer-08-strips-p30,2,False,91,99320,383329,482793,0,391720,44,0,274,0,17,0,0,,0.0,39.0,52,52,1.2168,31.2702,11.7911,0.5703,0.0,0.0659,0.0,855.4107,900.3027
scanalyzer-opt11-strips-p01,0,False,3,132,268,416,0,371,12,0,0,0,0,0,0,,0.0,12.0,12,12,0.041,0.001,0.0001,0.0033,0.0,0.0,0.0,0.0089,0.0548
scanalyzer-opt11-strips-p02,0,False,25,269,596,901,0,864,21,0,393,0,182,0,2095,,0.0,20.0,20,20,0.0097,0.0013,0.0002,0.0016,0.0,0.0048,0.0,0.3773,0.3907
scanalyzer-opt11-strips-p03,0,False,20,215,450,701,0,704,21,0,903,0,255,0,7632,,0.0,22.0,25,22,0.0093,0.001,0.0002,0.0028,0.0,0.0083,0.0,1.8014,1.8153
scanalyzer-opt11-strips-p04,0,False,56,1436,3548,5048,0,4352,24,0,0,0,0,0,0,,0.0,24.0,24,24,0.0227,0.0096,0.0015,0.005,0.0,0.0,0.0,0.0742,0.1138
scanalyzer-opt11-strips-p05,0,False,90,3770,9345,13215,0,10995,30,0,0,0,0,0,0,,0.0,30.0,30,30,0.0273,0.0406,0.0064,0.008,0.0,0.0,0.0,0.1661,0.2494
scanalyzer-opt11-strips-p06,0,False,49,891,1947,2902,0,2616,27,0,3401,0,859,0,405220,,0.0,27.0,27,27,0.0096,0.0059,0.001,0.0045,0.0,0.0597,0.0,377.2739,377.2957
scanalyzer-opt11-strips-p07,0,False,306,44946,111933,157203,0,122427,54,0,0,0,0,0,0,,0.0,54.0,54,54,0.2379,2.7486,0.2556,0.1695,0.0,0.0,0.0,2.8415,6.2664
scanalyzer-opt11-strips-p08,0,False,132,8202,20370,28716,0,23316,36,0,0,0,0,0,0,,0.0,36.0,36,36,0.0575,0.1392,0.0183,0.0207,0.0,0.0,0.0,0.3774,0.6154
scanalyzer-opt11-strips-p09,0,False,182,15722,39095,55013,0,43883,42,0,0,0,0,0,0,,0.0,42.0,42,42,0.085,0.4182,0.0457,0.0446,0.0,0.0,0.0,0.8212,1.4187
scanalyzer-opt11-strips-p10,0,False,240,27512,68472,96240,0,75744,48,0,0,0,0,0,0,,0.0,48.0,48,48,0.1518,1.0964,0.1062,0.089,0.0,0.0,0.0,1.5709,3.0219
scanalyzer-opt11-strips-p11,0,False,48,13758,52156,65978,0,54138,24,0,0,0,0,0,0,,0.0,24.0,24,24,0.1649,0.8436,0.1995,0.0498,0.0,0.0,0.0,1.6668,2.9314
scanalyzer-opt11-strips-p12,0,False,42,738,1518,2320,0,2160,27,0,4595,0,854,0,234351,,0.0,30.0,33,30,0.0112,0.0048,0.0008,0.0025,0.0,0.0616,0.0,170.1767,170.1968
scanalyzer-opt11-strips-p13,2,False,31,7336,27177,34577,0,28907,30,0,12342,0,1426,0,3313,,0.0,26.0,30,30,0.1454,0.3516,0.2106,0.0249,0.0,0.4977,0.0,899.2827,900.023
scanalyzer-opt11-strips-p14,0,False,42,9578,35655,45297,0,37474,30,0,51,0,16,0,0,,0.0,26.0,27,26,0.1397,0.4796,0.1866,0.0305,0.0,0.0063,0.0,7.7368,8.5797
scanalyzer-opt11-strips-p15,2,False,81,2239,4834,7173,0,6180,33,0,9369,0,1861,0,294950,,0.0,31.0,34,34,0.0254,0.0219,0.0036,0.0066,0.0,0.233,0.0,899.9493,900.1451
scanalyzer-opt11-strips-p16,2,False,121,4733,10121,14998,0,12492,39,0,13428,0,1912,0,64398,,0.0,37.0,41,41,0.0487,0.0722,0.0115,0.0098,0.0,0.512,0.0,903.4434,905.2563
scanalyzer-opt11-strips-p17,2,False,169,8889,18864,27949,0,22680,45,0,10686,0,1235,0,24845,,0.0,43.0,48,48,0.073,0.207,0.0287,0.0192,0.0,0.4481,0.0,904.8846,905.6916
scanalyzer-opt11-strips-p18,2,False,225,15319,32311,47886,0,38064,51,0,4894,0,437,0,6679,,0.0,49.0,55,55,0.1041,0.5047,0.0632,0.0388,0.0,0.2177,0.0,899.3142,900.0667
scanalyzer-opt11-strips-p19,2,False,289,24731,51902,76957,0,60156,57,0,2636,0,238,0,1421,,0.0,55.0,62,62,0.1621,1.1644,0.1391,0.0732,0.0,0.1812,0.0,898.5199,900.0685
scanalyzer-opt11-strips-p20,0,False,120,203937,833055,1037136,0,842629,36,0,0,0,0,0,0,,0.0,36.0,36,36,1.8764,103.5431,11.6325,1.2887,0.0,0.0,0.0,81.6641,200.1047
scanalyzer-sat11-strips-p01,0,False,48,13758,52156,65978,0,54138,24,0,0,0,0,0,0,,0.0,24.0,24,24,0.185,0.8364,0.1999,0.0496,0.0,0.0,0.0,1.6724,2.9501
scanalyzer-sat11-strips-p02,0,False,132,8202,20370,28716,0,23316,36,0,0,0,0,0,0,,0.0,36.0,36,36,0.0603,0.1411,0.0184,0.0187,0.0,0.0,0.0,0.3797,0.6204
scanalyzer-sat11-strips-p03,0,False,42,738,1518,2320,0,2160,27,0,4595,0,854,0,234351,,0.0,30.0,33,30,0.0304,0.0049,0.0009,0.0038,0.0,0.062,0.0,170.276,170.3168
scanalyzer-sat11-strips-p04,2,False,72,1907,3886,5893,0,5188,33,0,10066,0,1511,0,449128,,0.0,33.0,41,38,0.0153,0.0184,0.0036,0.0041,0.0,0.1919,0.0,903.2437,904.439
scanalyzer-sat11-strips-p05,0,False,182,15722,39095,55013,0,43883,42,0,0,0,0,0,0,,0.0,42.0,42,42,0.0829,0.4167,0.0456,0.0431,0.0,0.0,0.0,0.8222,1.4148
scanalyzer-sat11-strips-p06,0,False,42,9578,35655,45297,0,37474,30,0,51,0,16,0,0,,0.0,26.0,27,26,0.1453,0.4791,0.187,0.0307,0.0,0.0061,0.0,7.7504,8.5995
scanalyzer-sat11-strips-p07,0,False,240,27512,68472,96240,0,75744,48,0,0,0,0,0,0,,0.0,48.0,48,48,0.1475,1.0952,0.106,0.0881,0.0,0.0,0.0,1.573,3.0175
scanalyzer-sat11-strips-p08,2,False,31,7336,27177,34577,0,28907,30,0,12312,0,1423,0,3296,,0.0,26.0,30,30,0.1238,0.3509,0.2111,0.0228,0.0,0.4998,0.0,899.325,900.0412
scanalyzer-sat11-strips-p09,2,False,110,4118,8346,12608,0,10652,39,0,10299,0,1223,0,126044,,0.0,37.1,49,46,0.025,0.0605,0.0109,0.0089,0.0,0.2984,0.0,905.9409,908.7834
scanalyzer-sat11-strips-p10,2,False,169,8889,18864,27949,0,22680,45,0,10686,0,1235,0,24810,,0.0,43.0,48,48,0.0559,0.2039,0.0273,0.0191,0.0,0.4536,0.0,905.0642,905.835
scanalyzer-sat11-strips-p11,2,False,156,7863,15882,23941,0,19608,45,0,6806,0,608,0,38624,,0.0,43.0,57,56,0.067,0.1588,0.0265,0.0183,0.0,0.2005,0.0,901.9163,902.7669
scanalyzer-sat11-strips-p12,2,False,121,4733,10121,14998,0,12492,39,0,13428,0,1912,0,64395,,0.0,37.0,41,41,0.049,0.0718,0.0108,0.0098,0.0,0.5091,0.0,903.4188,904.9702
scanalyzer-sat11-strips-p13,2,False,81,2239,4834,7173,0,6180,33,0,9369,0,1861,0,294910,,0.0,31.0,34,34,0.0168,0.022,0.0036,0.0049,0.0,0.2325,0.0,899.957,900.1246
scanalyzer-sat11-strips-p14,2,False,225,15319,32311,47886,0,38064,51,0,4894,0,437,0,6677,,0.0,49.0,55,55,0.0833,0.5089,0.0653,0.0383,0.0,0.2191,0.0,899.3384,900.0741
scanalyzer-sat11-strips-p15,2,False,210,13730,27670,41656,0,33304,51,0,7327,0,546,0,13275,,0.0,49.0,65,63,0.0956,0.3816,0.0604,0.0334,0.0,0.2782,0.0,899.4472,900.087
scanalyzer-sat11-strips-p16,2,False,289,24731,51902,76957,0,60156,57,0,2636,0,238,0,1421,,0.0,55.0,62,62,0.1577,1.1602,0.1381,0.0749,0.0,0.1809,0.0,898.5289,900.0689
scanalyzer-sat11-strips-p17,2,False,272,22403,45078,67805,0,53180,57,0,1809,0,114,0,1168,,0.0,55.0,73,73,0.1507,0.8698,0.1303,0.0651,0.0,0.085,0.0,898.8131,900.0385
scanalyzer-sat11-strips-p18,0,False,120,203937,833055,1037136,0,842629,36,0,0,0,0,0,0,,0.0,36.0,36,36,1.8771,101.9586,11.5548,1.2932,0.0,0.0,0.0,82.8301,199.6132
scanalyzer-sat11-strips-p19,2,False,110,126782,497543,624469,0,506355,43,0,118,0,15,0,0,,0.0,39.0,40,40,1.2131,45.8242,7.1011,0.7318,0.0,0.0761,0.0,845.2899,900.2315
scanalyzer-sat11-strips-p20,2,False,91,99320,383329,482793,0,391720,44,0,274,0,17,0,0,,0.0,39.0,52,52,0.9916,31.3003,11.9685,0.5562,0.0,0.0653,0.0,855.4427,900.3038
schedule-probschedule-10-0,0,True,0,8,32,61,0,51,0,0,0,0,0,0,0,,0.0,10.0,10,10,0.0264,0.0003,0.0,0.0034,0.0,0.0,0.0,0.0023,0.033
schedule-probschedule-10-1,0,True,4,11,41,74,0,62,2,0,0,0,0,0,0,,0.0,8.0,8,8,0.0062,0.0004,0.0,0.0014,0.0,0.0,0.0,0.0023,0.0106
schedule-probschedule-10-2,0,True,0,7,33,62,0,52,0,0,0,0,0,0,0,,0.0,10.0,10,10,0.007,0.0003,0.0,0.0012,0.0,0.0,0.0,0.0023,0.0113
schedule-probschedule-11-0,0,True,0,6,38,71,0,60,0,0,0,0,0,0,0,,0.0,11.0,11,11,0.0274,0.0004,0.0,0.0013,0.0,0.0,0.0,0.0022,0.0318
schedule-probschedule-11-1,0,True,2,9,43,80,0,67,0,0,0,0,0,0,0,,0.0,11.0,11,11,0.0067,0.0004,0.0,0.0011,0.0,0.0,0.0,0.0023,0.0108
schedule-probschedule-11-2,0,True,0,9,35,69,0,58,0,0,0,0,0,0,0,,0.0,11.0,11,11,0.0071,0.0004,0.0,0.0013,0.0,0.0,0.0,0.0022,0.0114
schedule-probschedule-12-0,0,True,1,10,42,79,0,66,0,0,0,0,0,0,0,,0.0,12.0,12,12,0.0076,0.0004,0.0,0.0013,0.0,0.0,0.0,0.0023,0.0121
schedule-probschedule-12-1,0,True,4,13,51,94,0,78,0,0,0,0,0,0,0,,0.0,12.0,12,12,0.0269,0.0005,0.0,0.0013,0.0,0.0,0.0,0.0024,0.0314
schedule-probschedule-12-2,0,True,3,13,47,89,0,74,0,0,0,0,0,0,0,,0.0,12.0,12,12,0.0073,0.0005,0.0,0.0013,0.0,0.0,0.0,0.0023,0.0118
schedule-probschedule-13-0,0,True,3,13,51,97,0,81,0,0,0,0,0,0,0,,0.0,13.0,13,13,0.0066,0.0005,0.0,0.0012,0.0,0.0,0.0,0.0023,0.0123
schedule-probschedule-13-1,0,True,3,11,53,98,0,82,0,0,0,0,0,0,0,,0.0,13.0,13,13,0.0077,0.0005,0.0,0.0013,0.0,0.0,0.0,0.0023,0.0123
schedule-probschedule-13-2,0,True,3,14,50,95,0,79,0,0,0,0,0,0,0,,0.0,13.0,13,13,0.0079,0.0005,0.0,0.0011,0.0,0.0,0.0,0.0023,0.0123
schedule-probschedule-14-0,0,True,1,14,46,87,0,72,0,0,0,0,0,0,0,,0.0,14.0,14,14,0.0074,0.0005,0.0,0.0013,0.0,0.0,0.0,0.0023,0.0121
schedule-probschedule-14-1,0,True,2,13,51,96,0,80,0,0,0,0,0,0,0,,0.0,14.0,14,14,0.0267,0.0006,0.0,0.0019,0.0,0.0,0.0,0.0024,0.0321
schedule-probschedule-14-2,0,True,1,12,48,92,0,77,0,0,0,0,0,0,0,,0.0,14.0,14,14,0.0293,0.0005,0.0,0.0014,0.0,0.0,0.0,0.0023,0.0342
schedule-probschedule-15-0,0,True,1,12,52,99,0,83,0,0,0,0,0,0,0,,0.0,15.0,15,15,0.008,0.0006,0.0,0.0015,0.0,0.0,0.0,0.0022,0.013
schedule-probschedule-15-1,0,True,2,13,53,99,0,83,2,0,0,0,0,0,0,,0.0,14.0,14,14,0.0084,0.0006,0.0,0.0012,0.0,0.0,0.0,0.0022,0.0129
schedule-probschedule-15-2,0,True,2,12,54,101,0,85,1,0,0,0,0,0,0,,0.0,14.0,14,14,0.0078,0.0006,0.0,0.0014,0.0,0.0,0.0,0.0023,0.0126
schedule-probschedule-16-0,0,True,2,13,59,109,0,91,0,0,0,0,0,0,0,,0.0,16.0,16,16,0.0092,0.0007,0.0,0.0013,0.0,0.0,0.0,0.0023,0.0139
schedule-probschedule-16-1,0,True,2,12,58,107,0,90,2,0,0,0,0,0,0,,0.0,15.0,15,15,0.0117,0.0006,0.0,0.0011,0.0,0.0,0.0,0.0023,0.0162
schedule-probschedule-16-2,0,True,4,16,62,115,0,96,2,0,0,0,0,0,0,,0.0,15.0,15,15,0.0155,0.0007,0.0,0.0009,0.0,0.0,0.0,0.0024,0.0201
schedule-probschedule-17-0,0,True,5,17,67,124,0,104,3,0,0,0,0,0,0,,0.0,15.0,15,15,0.0196,0.0007,0.0,0.0012,0.0,0.0,0.0,0.0024,0.0245
schedule-probschedule-17-1,0,True,2,15,61,116,0,97,0,0,0,0,0,0,0,,0.0,17.0,17,17,0.0106,0.0007,0.0,0.001,0.0,0.0,0.0,0.0023,0.015
schedule-probschedule-17-2,0,True,0,11,57,106,0,89,0,0,0,0,0,0,0,,0.0,17.0,17,17,0.0122,0.0007,0.0,0.0013,0.0,0.0,0.0,0.0022,0.0169
schedule-probschedule-18-0,0,True,3,15,67,124,0,104,1,0,0,0,0,0,0,,0.0,17.0,17,17,0.0082,0.0008,0.0,0.0011,0.0,0.0,0.0,0.0023,0.0129
schedule-probschedule-18-1,0,True,0,13,59,110,0,92,0,0,0,0,0,0,0,,0.0,18.0,18,18,0.011,0.0007,0.0,0.0013,0.0,0.0,0.0,0.0023,0.0158
schedule-probschedule-18-2,0,True,4,16,70,129,0,108,1,0,0,0,0,0,0,,0.0,17.0,17,17,0.008,0.0008,0.0,0.0022,0.0,0.0,0.0,0.0025,0.0139
schedule-probschedule-19-0,0,True,1,16,64,121,0,101,0,0,0,0,0,0,0,,0.0,19.0,19,19,0.0084,0.0008,0.0,0.0013,0.0,0.0,0.0,0.0023,0.0132
schedule-probschedule-19-1,0,True,3,17,69,128,0,107,2,0,0,0,0,0,0,,0.0,18.0,18,18,0.008,0.0008,0.0,0.0012,0.0,0.0,0.0,0.0024,0.013
schedule-probschedule-19-2,0,True,2,15,67,125,0,105,1,0,0,0,0,0,0,,0.0,18.0,18,18,0.0104,0.0008,0.0,0.0017,0.0,0.0,0.0,0.0024,0.0158
schedule-probschedule-2-0,0,True,0,2,6,13,0,11,0,0,0,0,0,0,0,,0.0,2.0,2,2,0.0071,0.0001,0.0,0.0009,0.0,0.0,0.0,0.002,0.0104
schedule-probschedule-2-1,0,True,0,2,6,13,0,11,0,0,0,0,0,0,0,,0.0,2.0,2,2,0.0067,0.0002,0.0,0.0012,0.0,0.0,0.0,0.002,0.0105
schedule-probschedule-2-2,0,True,1,3,9,18,0,15,0,0,0,0,0,0,0,,0.0,2.0,2,2,0.026,0.0001,0.0,0.0014,0.0,0.0,0.0,0.0021,0.03
schedule-probschedule-20-0,0,True,2,19,69,129,0,107,0,0,0,0,0,0,0,,0.0,20.0,20,20,0.026,0.0009,0.0,0.0013,0.0,0.0,0.0,0.0023,0.031
schedule-probschedule-20-1,0,True,0,12,68,125,0,105,0,0,0,0,0,0,0,,0.0,20.0,20,20,0.0101,0.0008,0.0,0.0014,0.0,0.0,0.0,0.0023,0.0152
schedule-probschedule-20-2,0,True,2,16,72,132,0,110,0,0,0,0,0,0,0,,0.0,20.0,20,20,0.0086,0.0009,0.0,0.001,0.0,0.0,0.0,0.0023,0.0134
schedule-probschedule-21-0,0,True,3,20,72,136,0,114,4,0,0,0,0,0,0,,0.0,19.0,19,19,0.0081,0.001,0.0001,0.001,0.0,0.0,0.0,0.0023,0.0129
schedule-probschedule-21-1,0,True,2,14,76,141,0,119,1,0,0,0,0,0,0,,0.0,20.0,20,20,0.0081,0.0009,0.0,0.0014,0.0,0.0,0.0,0.0024,0.0133
schedule-probschedule-21-2,0,True,3,18,76,140,0,117,2,0,0,0,0,0,0,,0.0,20.0,20,20,0.027,0.001,0.0,0.0012,0.0,0.0,0.0,0.0024,0.032
schedule-probschedule-22-0,0,True,3,22,76,142,0,118,1,0,0,0,0,0,0,,0.0,21.0,21,21,0.0106,0.001,0.0001,0.0013,0.0,0.0,0.0,0.0023,0.0158
schedule-probschedule-22-1,0,True,0,17,71,136,0,114,0,0,0,0,0,0,0,,0.0,22.0,22,22,0.0089,0.001,0.0,0.0012,0.0,0.0,0.0,0.0023,0.0138
schedule-probschedule-22-2,0,True,2,15,79,145,0,122,1,0,0,0,0,0,0,,0.0,21.0,21,21,0.0086,0.001,0.0,0.001,0.0,0.0,0.0,0.0024,0.0135
schedule-probschedule-23-0,0,True,2,20,80,151,0,126,0,0,0,0,0,0,0,,0.0,23.0,23,23,0.0087,0.0011,0.0001,0.001,0.0,0.0,0.0,0.0024,0.0137
schedule-probschedule-23-1,0,True,0,15,77,140,0,117,0,0,0,0,0,0,0,,0.0,23.0,23,23,0.009,0.001,0.0,0.001,0.0,0.0,0.0,0.0023,0.0137
schedule-probschedule-23-2,0,True,2,18,82,151,0,126,0,0,0,0,0,0,0,,0.0,23.0,23,23,0.0091,0.0011,0.0001,0.0013,0.0,0.0,0.0,0.0024,0.0143
schedule-probschedule-24-0,0,True,2,21,83,154,0,128,0,0,0,0,0,0,0,,0.0,24.0,24,24,0.0084,0.0012,0.0001,0.0011,0.0,0.0,0.0,0.0023,0.0136
schedule-probschedule-24-1,0,True,2,16,88,160,0,134,0,0,0,0,0,0,0,,0.0,24.0,24,24,0.0271,0.0011,0.0001,0.0012,0.0,0.0,0.0,0.0024,0.0324
schedule-probschedule-24-2,0,True,3,18,88,160,0,134,1,0,0,0,0,0,0,,0.0,23.0,23,23,0.0093,0.0011,0.0001,0.0013,0.0,0.0,0.0,0.0025,0.0146
schedule-probschedule-25-0,0,True,5,23,95,177,0,148,2,0,0,0,0,0,0,,0.0,24.0,24,24,0.0099,0.0013,0.0001,0.0015,0.0,0.0,0.0,0.0024,0.0157
schedule-probschedule-25-1,0,True,2,22,86,161,0,134,0,0,0,0,0,0,0,,0.0,25.0,25,25,0.0094,0.0012,0.0001,0.0022,0.0,0.0,0.0,0.0024,0.0157
schedule-probschedule-25-2,0,True,5,23,93,172,0,144,2,0,0,0,0,0,0,,0.0,23.0,23,23,0.0089,0.0013,0.0001,0.0011,0.0,0.0,0.0,0.0025,0.0144
schedule-probschedule-26-0,0,True,5,25,97,179,0,149,2,0,0,0,0,0,0,,0.0,25.0,25,25,0.009,0.0014,0.0001,0.0013,0.0,0.0,0.0,0.0025,0.0146
schedule-probschedule-26-1,0,True,3,23,93,173,0,144,0,0,0,0,0,0,0,,0.0,26.0,26,26,0.0121,0.0013,0.0001,0.0018,0.0,0.0,0.0,0.0024,0.0181
schedule-probschedule-26-2,0,True,4,24,96,178,0,148,0,0,0,0,0,0,0,,0.0,26.0,26,26,0.009,0.0014,0.0001,0.0027,0.0,0.0,0.0,0.0025,0.0162
schedule-probschedule-27-0,0,True,2,19,97,181,0,152,0,0,0,0,0,0,0,,0.0,27.0,27,27,0.0088,0.0015,0.0001,0.0012,0.0,0.0,0.0,0.0025,0.0144
schedule-probschedule-27-1,0,True,2,21,95,175,0,146,0,0,0,0,0,0,0,,0.0,27.0,27,27,0.0095,0.0014,0.0001,0.0012,0.0,0.0,0.0,0.0024,0.015
schedule-probschedule-27-2,0,True,2,18,96,174,0,146,1,0,0,0,0,0,0,,0.0,26.0,26,26,0.009,0.0014,0.0001,0.0012,0.0,0.0,0.0,0.0024,0.0145
schedule-probschedule-28-0,0,True,3,21,99,183,0,154,4,0,0,0,0,0,0,,0.0,26.0,26,26,0.0096,0.0014,0.0001,0.0011,0.0,0.0,0.0,0.0025,0.0151
schedule-probschedule-28-1,0,True,6,24,110,200,0,167,1,0,0,0,0,0,0,,0.0,27.0,27,27,0.0101,0.0017,0.0001,0.0013,0.0,0.0,0.0,0.0026,0.0162
schedule-probschedule-28-2,0,True,3,26,98,184,0,153,0,0,0,0,0,0,0,,0.0,28.0,28,28,0.0097,0.0015,0.0001,0.0009,0.0,0.0,0.0,0.0024,0.015
schedule-probschedule-29-0,0,True,7,28,114,206,0,171,2,0,0,0,0,0,0,,0.0,28.0,28,28,0.0099,0.0016,0.0001,0.001,0.0,0.0,0.0,0.0025,0.0156
schedule-probschedule-29-1,0,True,2,22,102,186,0,155,0,0,0,0,0,0,0,,0.0,29.0,29,29,0.0122,0.0017,0.0001,0.0012,0.0,0.0,0.0,0.0025,0.0181
schedule-probschedule-29-2,0,True,6,27,109,201,0,168,3,0,0,0,0,0,0,,0.0,27.0,27,27,0.015,0.0016,0.0001,0.0013,0.0,0.0,0.0,0.0025,0.021
schedule-probschedule-3-0,0,True,1,3,13,25,0,21,0,0,0,0,0,0,0,,0.0,3.0,3,3,0.0049,0.0001,0.0,0.0013,0.0,0.0,0.0,0.0021,0.0088
schedule-probschedule-3-1,0,True,1,3,11,21,0,18,1,0,0,0,0,0,0,,0.0,2.0,2,2,0.0062,0.0001,0.0,0.0013,0.0,0.0,0.0,0.0021,0.0102
schedule-probschedule-3-2,0,True,0,2,10,20,0,17,0,0,0,0,0,0,0,,0.0,3.0,3,3,0.0055,0.0001,0.0,0.0009,0.0,0.0,0.0,0.0021,0.009
schedule-probschedule-30-0,0,True,2,21,107,194,0,162,0,0,0,0,0,0,0,,0.0,30.0,30,30,0.0103,0.0017,0.0001,0.0013,0.0,0.0,0.0,0.0024,0.0163
schedule-probschedule-30-1,0,True,3,26,106,195,0,162,0,0,0,0,0,0,0,,0.0,30.0,30,30,0.0106,0.0016,0.0001,0.001,0.0,0.0,0.0,0.0024,0.0162
schedule-probschedule-30-2,0,True,6,28,112,205,0,171,4,0,0,0,0,0,0,,0.0,28.0,28,28,0.0107,0.0017,0.0001,0.002,0.0,0.0,0.0,0.0025,0.0176
schedule-probschedule-31-0,0,True,6,29,117,214,0,178,1,0,0,0,0,0,0,,0.0,30.0,30,30,0.0098,0.0019,0.0001,0.0013,0.0,0.0,0.0,0.0025,0.016
schedule-probschedule-31-1,0,True,3,24,112,204,0,170,0,0,0,0,0,0,0,,0.0,31.0,31,31,0.0118,0.0018,0.0001,0.0014,0.0,0.0,0.0,0.0024,0.0179
schedule-probschedule-31-2,0,True,1,20,108,197,0,165,0,0,0,0,0,0,0,,0.0,31.0,31,31,0.0325,0.0018,0.0001,0.0012,0.0,0.0,0.0,0.0024,0.0384
schedule-probschedule-32-0,0,True,6,29,117,214,0,179,4,0,0,0,0,0,0,,0.0,29.0,29,29,0.0106,0.002,0.0001,0.0013,0.0,0.0,0.0,0.0026,0.0169
schedule-probschedule-32-1,0,True,5,28,118,216,0,180,2,0,0,0,0,0,0,,0.0,31.0,31,31,0.0108,0.0019,0.0001,0.0012,0.0,0.0,0.0,0.0026,0.017
schedule-probschedule-32-2,0,True,5,28,118,218,0,182,1,0,0,0,0,0,0,,0.0,31.0,31,31,0.0116,0.0019,0.0001,0.0015,0.0,0.0,0.0,0.0026,0.0181
schedule-probschedule-33-0,0,True,3,25,115,212,0,178,3,0,0,0,0,0,0,,0.0,31.0,31,31,0.0126,0.0019,0.0001,0.0012,0.0,0.0,0.0,0.0025,0.0187
schedule-probschedule-33-1,0,True,4,29,117,218,0,182,2,0,0,0,0,0,0,,0.0,32.0,32,32,0.0123,0.0019,0.0001,0.0015,0.0,0.0,0.0,0.0026,0.0192
schedule-probschedule-33-2,0,True,3,28,114,212,0,177,2,0,0,0,0,0,0,,0.0,32.0,32,32,0.0132,0.0019,0.0001,0.0016,0.0,0.0,0.0,0.0025,0.0198
schedule-probschedule-34-0,0,True,4,28,120,224,0,188,2,0,0,0,0,0,0,,0.0,32.0,32,32,0.0138,0.002,0.0001,0.0012,0.0,0.0,0.0,0.0026,0.0203
schedule-probschedule-34-1,0,True,3,30,118,218,0,181,0,0,0,0,0,0,0,,0.0,34.0,34,34,0.0124,0.0021,0.0001,0.0011,0.0,0.0,0.0,0.0025,0.0187
schedule-probschedule-34-2,0,True,6,32,126,230,0,191,1,0,0,0,0,0,0,,0.0,33.0,33,33,0.0113,0.0022,0.0001,0.0023,0.0,0.0,0.0,0.0027,0.019
schedule-probschedule-35-0,0,True,3,32,120,224,0,186,0,0,0,0,0,0,0,,0.0,35.0,35,35,0.0157,0.0021,0.0001,0.0013,0.0,0.0,0.0,0.0025,0.0222
schedule-probschedule-35-1,0,True,4,28,126,230,0,192,1,0,0,0,0,0,0,,0.0,34.0,34,34,0.0137,0.0022,0.0001,0.0012,0.0,0.0,0.0,0.0026,0.0202
schedule-probschedule-35-2,0,True,2,24,122,222,0,186,1,0,0,0,0,0,0,,0.0,34.0,34,34,0.0133,0.002,0.0001,0.0014,0.0,0.0,0.0,0.0025,0.0198
schedule-probschedule-36-0,0,True,6,30,134,243,0,203,2,0,0,0,0,0,0,,0.0,34.0,34,34,0.0136,0.0023,0.0001,0.0012,0.0,0.0,0.0,0.0027,0.0205
schedule-probschedule-36-1,0,True,4,29,129,236,0,197,1,0,0,0,0,0,0,,0.0,35.0,35,35,0.0121,0.0023,0.0001,0.0015,0.0,0.0,0.0,0.0025,0.0191
schedule-probschedule-36-2,0,True,7,31,139,252,0,210,1,0,0,0,0,0,0,,0.0,35.0,35,35,0.0155,0.0023,0.0002,0.0015,0.0,0.0,0.0,0.0026,0.0225
schedule-probschedule-37-0,0,True,3,30,130,237,0,197,0,0,0,0,0,0,0,,0.0,37.0,37,37,0.0143,0.0022,0.0001,0.0013,0.0,0.0,0.0,0.0026,0.0209
schedule-probschedule-37-1,0,True,5,33,131,242,0,202,2,0,0,0,0,0,0,,0.0,35.0,35,35,0.0135,0.0025,0.0002,0.0019,0.0,0.0,0.0,0.0026,0.021
schedule-probschedule-37-2,0,True,4,30,132,240,0,200,2,0,0,0,0,0,0,,0.0,36.0,36,36,0.02,0.0023,0.0001,0.0015,0.0,0.0,0.0,0.0026,0.027
schedule-probschedule-38-0,0,True,5,35,137,251,0,208,0,0,0,0,0,0,0,,0.0,38.0,38,38,0.0135,0.0024,0.0002,0.0011,0.0,0.0,0.0,0.0027,0.0203
schedule-probschedule-38-1,0,True,4,29,135,249,0,209,4,0,0,0,0,0,0,,0.0,36.0,36,36,0.0137,0.0024,0.0001,0.0014,0.0,0.0,0.0,0.0026,0.0208
schedule-probschedule-38-2,0,True,7,34,142,255,0,212,3,0,0,0,0,0,0,,0.0,36.0,36,36,0.014,0.0024,0.0002,0.0015,0.0,0.0,0.0,0.0027,0.0213
schedule-probschedule-39-0,0,True,6,38,140,257,0,213,2,0,0,0,0,0,0,,0.0,38.0,38,38,0.0145,0.0025,0.0002,0.0011,0.0,0.0,0.0,0.0026,0.0214
schedule-probschedule-39-1,0,True,3,27,139,250,0,209,1,0,0,0,0,0,0,,0.0,38.0,38,38,0.0151,0.0024,0.0001,0.0018,0.0,0.0,0.0,0.0027,0.0225
schedule-probschedule-39-2,0,True,5,37,133,245,0,204,5,0,0,0,0,0,0,,0.0,36.0,36,36,0.0122,0.0026,0.0002,0.0012,0.0,0.0,0.0,0.0026,0.0192
schedule-probschedule-4-0,0,True,1,5,15,29,0,24,0,0,0,0,0,0,0,,0.0,4.0,4,4,0.0065,0.0002,0.0,0.001,0.0,0.0,0.0,0.0021,0.0101
schedule-probschedule-4-1,0,True,1,4,16,30,0,25,0,0,0,0,0,0,0,,0.0,4.0,4,4,0.0058,0.0001,0.0,0.0011,0.0,0.0,0.0,0.0022,0.0096
schedule-probschedule-4-2,0,True,0,3,13,26,0,22,0,0,0,0,0,0,0,,0.0,4.0,4,4,0.007,0.0001,0.0,0.0015,0.0,0.0,0.0,0.0021,0.0112
schedule-probschedule-40-0,0,True,5,29,149,269,0,225,1,0,0,0,0,0,0,,0.0,39.0,39,39,0.0127,0.0026,0.0001,0.0013,0.0,0.0,0.0,0.0027,0.0199
schedule-probschedule-40-1,0,True,4,30,142,258,0,216,2,0,0,0,0,0,0,,0.0,38.0,38,38,0.0163,0.0027,0.0002,0.0013,0.0,0.0,0.0,0.0026,0.0236
schedule-probschedule-40-2,0,True,2,31,137,252,0,210,0,0,0,0,0,0,0,,0.0,40.0,40,40,0.0154,0.0028,0.0002,0.0013,0.0,0.0,0.0,0.0026,0.0228
schedule-probschedule-41-0,0,True,5,37,145,272,0,227,2,0,0,0,0,0,0,,0.0,40.0,40,40,0.0143,0.003,0.0002,0.0017,0.0,0.0,0.0,0.0026,0.0221
schedule-probschedule-41-1,0,True,3,28,148,266,0,222,0,0,0,0,0,0,0,,0.0,41.0,41,41,0.0158,0.0029,0.0002,0.0014,0.0,0.0,0.0,0.0027,0.0233
schedule-probschedule-41-2,0,True,6,35,153,284,0,237,0,0,0,0,0,0,0,,0.0,41.0,41,41,0.0145,0.003,0.0002,0.0014,0.0,0.0,0.0,0.0026,0.0221
schedule-probschedule-42-0,0,True,5,29,155,282,0,237,4,0,0,0,0,0,0,,0.0,40.0,40,40,0.016,0.003,0.0002,0.002,0.0,0.0,0.0,0.0027,0.0245
schedule-probschedule-42-1,0,True,3,38,142,267,0,222,0,0,0,0,0,0,0,,0.0,42.0,42,42,0.0153,0.0028,0.0002,0.0012,0.0,0.0,0.0,0.0025,0.0225
schedule-probschedule-42-2,0,True,8,38,158,290,0,242,4,0,0,0,0,0,0,,0.0,40.0,40,40,0.0151,0.0031,0.0002,0.0014,0.0,0.0,0.0,0.0027,0.023
schedule-probschedule-43-0,0,True,4,35,151,277,0,231,2,0,0,0,0,0,0,,0.0,42.0,42,42,0.014,0.0032,0.0002,0.0013,0.0,0.0,0.0,0.0026,0.0222
schedule-probschedule-43-1,0,True,6,39,155,284,0,236,2,0,0,0,0,0,0,,0.0,42.0,42,42,0.0148,0.0031,0.0002,0.0016,0.0,0.0,0.0,0.0028,0.0229
schedule-probschedule-43-2,0,True,2,29,149,269,0,225,1,0,0,0,0,0,0,,0.0,42.0,42,42,0.0155,0.003,0.0002,0.0011,0.0,0.0,0.0,0.0026,0.0229
schedule-probschedule-44-0,0,True,5,35,155,284,0,238,5,0,0,0,0,0,0,,0.0,41.0,41,41,0.0148,0.0033,0.0002,0.0014,0.0,0.0,0.0,0.0027,0.023
schedule-probschedule-44-1,0,True,4,38,152,283,0,236,2,0,0,0,0,0,0,,0.0,43.0,43,43,0.0152,0.0033,0.0002,0.0014,0.0,0.0,0.0,0.0027,0.024
schedule-probschedule-44-2,0,True,8,41,161,293,0,244,3,0,0,0,0,0,0,,0.0,41.0,41,41,0.0153,0.0033,0.0002,0.0011,0.0,0.0,0.0,0.0028,0.0231
schedule-probschedule-45-0,0,True,6,38,166,304,0,253,0,0,0,0,0,0,0,,0.0,45.0,45,45,0.0149,0.0034,0.0002,0.0018,0.0,0.0,0.0,0.0027,0.0235
schedule-probschedule-45-1,0,True,6,39,161,295,0,246,3,0,0,0,0,0,0,,0.0,43.0,43,43,0.0175,0.0034,0.0002,0.0012,0.0,0.0,0.0,0.0028,0.0257
schedule-probschedule-45-2,0,True,7,38,164,296,0,247,6,0,0,0,0,0,0,,0.0,42.0,42,42,0.0151,0.0034,0.0002,0.0012,0.0,0.0,0.0,0.0028,0.0232
schedule-probschedule-46-0,0,True,5,39,163,301,0,251,1,0,0,0,0,0,0,,0.0,45.0,45,45,0.0164,0.0035,0.0002,0.0011,0.0,0.0,0.0,0.0026,0.0243
schedule-probschedule-46-1,0,True,6,40,166,302,0,251,2,0,0,0,0,0,0,,0.0,45.0,45,45,0.0186,0.0035,0.0002,0.0013,0.0,0.0,0.0,0.0027,0.0273
schedule-probschedule-46-2,0,True,6,37,165,299,0,250,4,0,0,0,0,0,0,,0.0,43.0,43,43,0.0172,0.0034,0.0002,0.0012,0.0,0.0,0.0,0.0027,0.0252
schedule-probschedule-47-0,0,True,3,35,163,302,0,253,1,0,0,0,0,0,0,,0.0,46.0,46,46,0.0166,0.0036,0.0002,0.0014,0.0,0.0,0.0,0.0027,0.0251
schedule-probschedule-47-1,0,True,5,43,161,301,0,251,3,0,0,0,0,0,0,,0.0,45.0,45,45,0.0173,0.0038,0.0003,0.0016,0.0,0.0,0.0,0.0026,0.0261
schedule-probschedule-47-2,0,True,8,43,171,312,0,260,4,0,0,0,0,0,0,,0.0,44.0,44,44,0.0167,0.0037,0.0003,0.0011,0.0,0.0,0.0,0.0028,0.025
schedule-probschedule-48-0,0,True,5,38,172,314,0,262,2,0,0,0,0,0,0,,0.0,47.0,47,47,0.0173,0.0035,0.0003,0.0012,0.0,0.0,0.0,0.0027,0.0254
schedule-probschedule-48-1,0,True,10,44,178,325,0,272,8,0,0,0,0,0,0,,0.0,43.0,43,43,0.0199,0.004,0.0002,0.0014,0.0,0.0,0.0,0.0029,0.0289
schedule-probschedule-48-2,0,True,7,41,179,325,0,270,0,0,0,0,0,0,0,,0.0,48.0,48,48,0.017,0.0037,0.0003,0.0013,0.0,0.0,0.0,0.0027,0.0255
schedule-probschedule-49-0,0,True,12,48,188,344,0,287,5,0,0,0,0,0,0,,0.0,45.0,45,45,0.0173,0.0043,0.0003,0.0015,0.0,0.0,0.0,0.0029,0.0268
schedule-probschedule-49-1,0,True,6,41,177,324,0,270,2,0,0,0,0,0,0,,0.0,48.0,48,48,0.019,0.0037,0.0003,0.0011,0.0,0.0,0.0,0.0028,0.0273
schedule-probschedule-49-2,0,True,8,40,186,339,0,283,1,0,0,0,0,0,0,,0.0,48.0,48,48,0.0174,0.0039,0.0003,0.0011,0.0,0.0,0.0,0.0028,0.0259
schedule-probschedule-5-0,0,True,1,4,18,34,0,29,2,0,0,0,0,0,0,,0.0,4.0,4,4,0.0053,0.0002,0.0,0.0014,0.0,0.0,0.0,0.0022,0.0095
schedule-probschedule-5-1,0,True,2,7,21,40,0,33,0,0,0,0,0,0,0,,0.0,5.0,5,5,0.0053,0.0002,0.0,0.002,0.0,0.0,0.0,0.0021,0.0102
schedule-probschedule-5-2,0,True,1,5,19,36,0,30,0,0,0,0,0,0,0,,0.0,5.0,5,5,0.0065,0.0002,0.0,0.0018,0.0,0.0,0.0,0.0021,0.0111
schedule-probschedule-50-0,0,True,5,36,178,322,0,270,4,0,0,0,0,0,0,,0.0,47.0,47,47,0.0179,0.004,0.0002,0.0015,0.0,0.0,0.0,0.0028,0.027
schedule-probschedule-50-1,0,True,3,41,167,308,0,257,4,0,0,0,0,0,0,,0.0,48.0,48,48,0.0175,0.004,0.0002,0.0015,0.0,0.0,0.0,0.0027,0.0264
schedule-probschedule-50-2,0,True,6,41,181,330,0,275,1,0,0,0,0,0,0,,0.0,49.0,49,49,0.0208,0.004,0.0002,0.0013,0.0,0.0,0.0,0.0027,0.0297
schedule-probschedule-51-0,0,True,7,43,185,339,0,283,4,0,0,0,0,0,0,,0.0,49.0,49,49,0.0291,0.0042,0.0003,0.0014,0.0,0.0,0.0,0.0028,0.0384
schedule-probschedule-51-1,0,True,13,51,197,359,0,299,6,0,0,0,0,0,0,,0.0,47.0,47,47,0.026,0.0045,0.0003,0.0014,0.0,0.0,0.0,0.0029,0.0356
schedule-probschedule-51-2,0,True,8,46,184,339,0,283,4,0,0,0,0,0,0,,0.0,48.0,48,48,0.0331,0.0043,0.0004,0.0014,0.0,0.0,0.0,0.0028,0.0424
schedule-probschedule-6-0,0,True,1,5,23,43,0,36,0,0,0,0,0,0,0,,0.0,6.0,6,6,0.0066,0.0002,0.0,0.0013,0.0,0.0,0.0,0.0022,0.0108
schedule-probschedule-6-1,0,True,1,6,22,42,0,35,0,0,0,0,0,0,0,,0.0,6.0,6,6,0.019,0.0002,0.0,0.0015,0.0,0.0,0.0,0.0022,0.0233
schedule-probschedule-6-2,0,True,2,6,22,41,0,35,3,0,0,0,0,0,0,,0.0,4.0,4,4,0.0164,0.0002,0.0,0.0017,0.0,0.0,0.0,0.0022,0.0209
schedule-probschedule-7-0,0,True,2,7,27,51,0,43,1,0,0,0,0,0,0,,0.0,6.0,6,6,0.018,0.0002,0.0,0.0012,0.0,0.0,0.0,0.0023,0.0225
schedule-probschedule-7-1,0,True,1,7,25,48,0,40,0,0,0,0,0,0,0,,0.0,7.0,7,7,0.0178,0.0002,0.0,0.0016,0.0,0.0,0.0,0.0022,0.0222
schedule-probschedule-7-2,0,True,0,6,22,43,0,36,0,0,0,0,0,0,0,,0.0,7.0,7,7,0.0061,0.0002,0.0,0.0025,0.0,0.0,0.0,0.0022,0.0114
schedule-probschedule-8-0,0,True,1,7,29,56,0,47,0,0,0,0,0,0,0,,0.0,8.0,8,8,0.0052,0.0003,0.0,0.0011,0.0,0.0,0.0,0.0022,0.0091
schedule-probschedule-8-1,0,True,1,6,30,56,0,47,0,0,0,0,0,0,0,,0.0,8.0,8,8,0.0086,0.0003,0.0,0.0031,0.0,0.0,0.0,0.0022,0.0147
schedule-probschedule-8-2,0,True,0,6,26,50,0,42,0,0,0,0,0,0,0,,0.0,8.0,8,8,0.006,0.0003,0.0,0.0013,0.0,0.0,0.0,0.0021,0.0101
schedule-probschedule-9-0,0,True,0,8,28,55,0,46,0,0,0,0,0,0,0,,0.0,9.0,9,9,0.0065,0.0003,0.0,0.001,0.0,0.0,0.0,0.0022,0.0103
schedule-probschedule-9-1,0,True,1,7,31,59,0,50,1,0,0,0,0,0,0,,0.0,8.0,8,8,0.0083,0.0003,0.0,0.0028,0.0,0.0,0.0,0.0022,0.014
schedule-probschedule-9-2,0,True,0,5,31,59,0,50,0,0,0,0,0,0,0,,0.0,9.0,9,9,0.0064,0.0003,0.0,0.0018,0.0,0.0,0.0,0.0021,0.011
snake-opt18-strips-p01,0,True,139,5912,16828,22900,0,28208,22,0,0,0,1,0,0,,0.0,9.0,10,9,0.0457,0.0736,0.0303,0.0198,0.0,0.0002,0.0,2.5018,2.6752
snake-opt18-strips-p02,2,True,148,6356,18621,25145,0,30919,17,0,461,0,174,0,4757,,0.0,8.0,9,9,0.0476,0.0911,0.0255,0.0202,0.0,0.0455,0.0,899.8339,900.0228
snake-opt18-strips-p03,0,True,152,6340,18601,25116,0,31128,21,0,4,0,4,0,0,,0.0,8.0,9,8,0.0522,0.0826,0.0253,0.0202,0.0,0.0009,0.0,1.535,1.7175
snake-opt18-strips-p04,0,True,126,5891,16277,22314,0,27108,24,0,0,0,0,0,0,,0.0,9.0,9,9,0.0422,0.0672,0.0232,0.0201,0.0,0.0,0.0,2.0512,2.2064
snake-opt18-strips-p05,0,True,130,5756,16010,21919,0,26831,16,0,0,0,0,0,0,,0.0,6.0,6,6,0.0426,0.0652,0.0081,0.0174,0.0,0.0,0.0,0.4499,0.5851
snake-opt18-strips-p06,0,True,176,9446,27281,36923,0,45013,23,0,0,0,0,0,0,,0.0,8.0,8,8,0.0683,0.1364,0.0289,0.0312,0.0,0.0,0.0,0.8627,1.1302
snake-opt18-strips-p07,0,True,184,9703,28598,38505,0,47062,21,0,108,0,62,0,2481,,0.0,9.0,9,9,0.0717,0.1499,0.0364,0.0334,0.0,0.0213,0.0,206.4079,206.7022
snake-opt18-strips-p08,0,True,196,10117,30456,40786,0,50113,20,0,0,0,0,0,0,,0.0,8.0,8,8,0.0768,0.1849,0.0452,0.0382,0.0,0.0,0.0,0.9837,1.3316
snake-opt18-strips-p09,2,True,158,8920,25231,34329,0,41508,28,0,681,0,205,0,2752,,0.0,10.333,12,12,0.0624,0.1203,0.0679,0.0321,0.0,0.0723,0.0,899.7477,900.0352
snake-opt18-strips-p10,0,True,166,9269,26422,35877,0,43424,22,0,0,0,0,0,0,,0.0,9.0,9,9,0.0657,0.1388,0.0397,0.0306,0.0,0.0,0.0,5.8111,6.0896
snake-opt18-strips-p11,2,True,206,14084,40620,54930,0,66182,25,0,559,0,258,0,3856,,0.0,11.0,12,12,0.0974,0.2552,0.0943,0.0487,0.0,0.1215,0.0,899.5204,900.0223
snake-opt18-strips-p12,2,True,218,14218,41632,56088,0,68075,22,0,413,0,164,0,6242,,0.0,9.0,10,10,0.1055,0.2758,0.0715,0.0517,0.0,0.0793,0.0,899.5078,900.0168
snake-opt18-strips-p13,0,True,228,14837,43902,58987,0,71811,24,0,246,0,169,0,4452,,0.0,11.0,11,11,0.1114,0.2637,0.076,0.0563,0.0,0.0815,0.0,53.9169,54.4295
snake-opt18-strips-p14,2,True,238,15069,45462,60792,0,74545,27,0,284,0,56,0,152,,0.0,12.0,19,19,0.122,0.2706,0.2515,0.059,0.0,0.0318,0.0,899.3462,900.0579
snake-opt18-strips-p15,0,True,196,13622,38855,52693,0,63422,15,0,0,0,0,0,0,,0.0,7.0,7,7,0.0948,0.2238,0.0411,0.0515,0.0,0.0,0.0,1.373,1.789
snake-opt18-strips-p16,2,True,246,19471,56383,76123,0,91888,28,0,179,0,55,0,795,,0.0,11.5,13,13,0.1456,0.3744,0.1771,0.0752,0.0,0.0371,0.0,899.2865,900.0675
snake-opt18-strips-p17,2,True,260,20392,60025,80697,0,97542,21,0,116,0,43,0,96,,0.0,11.0,13,13,0.1575,0.3828,0.1843,0.0839,0.0,0.0304,0.0,899.2431,900.06
snake-opt18-strips-p18,2,True,274,21201,63523,85015,0,102924,24,0,47,0,31,0,43,,0.0,8.5,12,12,0.1692,0.508,0.1501,0.0873,0.0,0.0226,0.0,899.1663,900.0896
snake-opt18-strips-p19,0,True,286,21710,65694,87710,0,106981,26,0,0,0,0,0,0,,0.0,10.0,10,10,0.1805,0.4441,0.1113,0.0949,0.0,0.0,0.0,119.1684,120.0085
snake-opt18-strips-p20,0,True,234,19439,55730,75423,0,90467,21,0,186,0,107,0,1287,,0.0,9.0,9,9,0.1364,0.359,0.1024,0.0809,0.0,0.0636,0.0,29.39,30.0763
snake-sat18-strips-p01,2,True,206,13963,40280,54469,0,65674,30,0,99,0,54,0,152,,0.0,12.0,15,15,0.1046,0.221,0.1615,0.0498,0.0,0.0274,0.0,899.5112,900.0554
snake-sat18-strips-p02,2,True,218,14353,42130,56721,0,68791,18,0,236,0,67,0,549,,0.0,7.0,11,11,0.1089,0.2548,0.1002,0.0555,0.0,0.0342,0.0,899.5648,900.0903
snake-sat18-strips-p03,2,True,230,14830,44107,59184,0,72061,21,0,56,0,12,0,67,,0.0,9.0,12,12,0.1137,0.2889,0.1174,0.055,0.0,0.0063,0.0,899.4676,900.049
snake-sat18-strips-p04,2,True,240,15387,46402,62049,0,75905,27,0,166,0,56,0,308,,0.0,10.0,13,13,0.1439,0.2964,0.1339,0.0619,0.0,0.0328,0.0,899.4093,900.0548
snake-sat18-strips-p05,0,True,196,13612,38623,52451,0,63179,28,0,0,0,0,0,0,,0.0,11.0,11,11,0.1138,0.2398,0.0883,0.0478,0.0,0.0,0.0,1.3598,1.8547
snake-sat18-strips-p06,2,True,280,27444,79760,107504,0,128454,30,0,24,0,6,0,4,,0.0,11.0,17,17,0.4419,0.6065,0.466,0.165,0.0,0.0051,0.0,898.3949,900.0907
snake-sat18-strips-p07,2,True,292,27512,79995,107822,0,129691,31,0,45,0,19,0,31,,0.0,11.78,15,15,0.2339,0.66,0.3699,0.1367,0.0,0.0173,0.0,898.6704,900.0796
snake-sat18-strips-p08,2,True,310,28812,85174,114316,0,137738,24,0,47,0,21,0,28,,0.0,9.0,11,11,0.2511,0.7212,0.2486,0.1498,0.0,0.0201,0.0,898.7232,900.1083
snake-sat18-strips-p09,2,True,326,29514,88542,118399,0,143315,21,0,20,0,7,0,18,,0.0,8.0,12,12,0.2778,0.8012,0.3458,0.1923,0.0,0.0064,0.0,898.5197,900.148
snake-sat18-strips-p10,2,True,338,30553,92822,123733,0,150174,25,0,93,0,21,0,24,,0.0,10.0,16,16,0.293,0.8615,0.4961,0.2087,0.0,0.0231,0.0,898.2309,900.1045
snake-sat18-strips-p11,2,True,378,49258,144070,193726,0,230925,26,0,15,0,5,0,12,,0.0,10.0,13,13,0.4406,1.6313,0.7233,0.2951,0.0,0.0073,0.0,897.0478,900.1602
snake-sat18-strips-p12,2,True,398,50658,149469,200545,0,239835,27,0,14,0,6,0,3,,0.0,9.5,13,13,0.4683,1.5948,0.9639,0.3417,0.0,0.0111,0.0,896.6784,900.0741
snake-sat18-strips-p13,2,True,416,51540,154046,206022,0,247098,30,0,2,0,1,0,0,,0.0,11.5,13,13,0.4972,1.9102,0.9503,0.3437,0.0,0.0016,0.0,896.3017,900.0206
snake-sat18-strips-p14,2,True,438,53433,161546,215434,0,259270,27,0,0,0,0,0,0,,0.0,0.0,13,13,0.541,2.1075,0.7951,0.329,0.0,0.0,0.0,896.3022,900.0944
snake-sat18-strips-p15,2,True,456,55455,169866,225797,0,272588,31,0,0,0,0,0,0,,0.0,0.0,16,16,0.5842,2.1046,1.0333,0.3589,0.0,0.0,0.0,895.9978,900.1001
snake-sat18-strips-p16,2,True,490,82180,242056,324746,0,385644,28,0,9,0,1,0,0,,0.0,11.2,16,16,0.8123,3.3903,2.6946,0.8091,0.0,0.0041,0.0,892.4342,900.1691
snake-sat18-strips-p17,2,True,514,83670,248260,332464,0,396476,21,0,9,0,5,0,0,,0.0,10.0,12,12,0.8738,4.6998,1.7201,0.718,0.0,0.0125,0.0,892.1131,900.1604
snake-sat18-strips-p18,2,True,538,85556,256749,342863,0,410444,29,0,0,0,0,0,0,,0.0,0.0,16,16,0.9352,3.7162,2.8697,0.7822,0.0,0.0,0.0,891.8209,900.172
snake-sat18-strips-p19,2,True,562,88245,267614,356441,0,428218,33,0,0,0,0,0,0,,0.0,0.0,19,19,1.0104,3.9725,3.258,0.8256,0.0,0.0,0.0,891.0631,900.1768
snake-sat18-strips-p20,2,True,584,90765,278204,369576,0,445509,34,0,0,0,0,0,0,,0.0,1.0,21,21,1.1009,4.2386,4.9863,0.8934,0.0,0.0,0.0,889.2628,900.5419
sokoban-opt08-strips-p01,0,False,24,69,138,270,0,343,2,0,0,0,0,0,0,,0.0,10.0,10,10,0.0257,0.0006,0.0001,0.0019,0.0,0.0,0.0,0.0036,0.0322
sokoban-opt08-strips-p02,0,False,25,57,103,207,0,271,12,0,0,0,0,0,0,,0.0,9.0,9,9,0.0245,0.0005,0.0001,0.0015,0.0,0.0,0.0,0.0059,0.033
sokoban-opt08-strips-p03,0,False,21,41,73,154,0,195,9,0,0,0,0,0,0,,0.0,3.0,3,3,0.0058,0.0003,0.0,0.001,0.0,0.0,0.0,0.0047,0.0122
sokoban-opt08-strips-p04,0,False,43,118,236,457,0,630,9,0,11,0,2,0,0,,0.0,25.0,25,25,0.0259,0.0016,0.0002,0.0017,0.0,0.0002,0.0,0.0115,0.0414
sokoban-opt08-strips-p05,0,False,283,762,1476,2538,0,3704,24,0,0,0,0,0,0,,0.0,8.0,8,8,0.0128,0.0148,0.0043,0.0036,0.0,0.0,0.0,0.0497,0.0859
sokoban-opt08-strips-p06,0,False,31,60,96,201,0,264,3,0,0,0,0,0,0,,0.0,2.0,2,2,0.0057,0.0005,0.0001,0.0015,0.0,0.0,0.0,0.0057,0.014
sokoban-opt08-strips-p07,0,False,89,167,274,553,0,707,17,0,0,0,0,0,0,,0.0,7.0,7,7,0.0079,0.002,0.0002,0.0032,0.0,0.0,0.0,0.0112,0.025
sokoban-opt08-strips-p08,0,False,59,141,256,485,0,677,21,0,0,0,0,0,0,,0.0,13.0,13,13,0.0069,0.0018,0.0003,0.0022,0.0,0.0,0.0,0.0101,0.0219
sokoban-opt08-strips-p09,0,False,58,95,159,344,0,457,14,0,0,0,0,0,0,,0.0,5.0,5,5,0.0069,0.0015,0.0001,0.0011,0.0,0.0,0.0,0.0076,0.0177
sokoban-opt08-strips-p10,0,False,47,108,195,388,0,534,14,0,0,0,0,0,0,,0.0,10.0,10,10,0.0062,0.0014,0.0002,0.0022,0.0,0.0,0.0,0.008,0.0184
sokoban-opt08-strips-p11,0,False,79,172,300,611,0,794,21,0,0,0,0,0,0,,0.0,16.0,16,16,0.0071,0.0024,0.0003,0.0016,0.0,0.0,0.0,0.0111,0.0231
sokoban-opt08-strips-p12,0,False,88,159,307,586,0,796,8,0,0,0,0,0,0,,0.0,8.0,8,8,0.008,0.0023,0.0003,0.0022,0.0,0.0,0.0,0.0123,0.0257
sokoban-opt08-strips-p13,0,False,80,152,296,553,0,757,0,0,0,0,0,0,0,,0.0,4.0,4,4,0.0067,0.0017,0.0002,0.0016,0.0,0.0,0.0,0.0062,0.0169
sokoban-opt08-strips-p14,0,False,69,143,248,476,0,632,31,0,0,0,0,0,0,,0.0,11.0,11,11,0.0064,0.0015,0.0002,0.0014,0.0,0.0,0.0,0.0106,0.0205
sokoban-opt08-strips-p15,0,False,68,245,537,964,0,1381,19,0,32,0,9,0,0,,0.0,57.0,58,57,0.0084,0.0052,0.0009,0.0017,0.0,0.0011,0.0,0.037,0.0539
sokoban-opt08-strips-p16,0,False,88,151,228,510,0,648,26,0,0,0,0,0,0,,0.0,16.0,16,16,0.007,0.0022,0.0002,0.0016,0.0,0.0,0.0,0.0092,0.0209
sokoban-opt08-strips-p17,0,False,48,76,134,278,0,360,9,0,0,0,0,0,0,,0.0,6.0,6,6,0.0061,0.001,0.0001,0.0011,0.0,0.0,0.0,0.0066,0.0153
sokoban-opt08-strips-p18,0,False,93,182,307,636,0,839,20,0,0,0,0,0,0,,0.0,29.0,29,29,0.0092,0.0034,0.0004,0.0016,0.0,0.0,0.0,0.0108,0.0261
sokoban-opt08-strips-p19,0,False,80,211,410,750,0,1057,30,0,0,0,0,0,0,,0.0,27.0,27,27,0.0067,0.0031,0.0004,0.0018,0.0,0.0,0.0,0.0138,0.0263
sokoban-opt08-strips-p20,0,False,225,440,466,1142,0,1172,0,0,0,0,0,0,0,,0.0,2.0,2,2,0.0089,0.0063,0.0003,0.0021,0.0,0.0,0.0,0.0083,0.0267
sokoban-opt08-strips-p21,0,False,386,1008,1892,3290,0,4922,6,0,0,0,0,0,0,,0.0,2.0,2,2,0.0147,0.0239,0.004,0.0044,0.0,0.0,0.0,0.0588,0.1066
sokoban-opt08-strips-p22,0,False,83,212,386,739,0,1010,3,0,17,0,6,0,0,,0.0,30.0,31,30,0.0072,0.0037,0.0005,0.0019,0.0,0.0005,0.0,0.0295,0.0434
sokoban-opt08-strips-p23,0,False,83,220,485,827,0,1222,18,0,24,0,17,0,0,,0.0,15.0,16,15,0.0065,0.0028,0.0005,0.0019,0.0,0.0009,0.0,0.0402,0.0527
sokoban-opt08-strips-p24,0,False,131,201,362,729,0,1023,19,0,0,0,0,0,0,,0.0,14.0,14,14,0.0074,0.0037,0.0006,0.0017,0.0,0.0,0.0,0.0149,0.0288
sokoban-opt08-strips-p25,0,False,109,206,385,754,0,1039,20,0,22,0,17,0,0,,0.0,25.0,26,25,0.007,0.0041,0.0007,0.0016,0.0,0.0012,0.0,0.0276,0.0416
sokoban-opt08-strips-p26,0,False,121,256,488,901,0,1288,38,0,7,0,4,0,0,,0.0,23.0,24,23,0.0073,0.0045,0.0009,0.0016,0.0,0.0003,0.0,0.0331,0.0481
sokoban-opt08-strips-p27,0,False,203,311,524,1066,0,1551,31,0,0,0,0,0,0,,0.0,11.0,11,11,0.009,0.0067,0.0012,0.002,0.0,0.0,0.0,0.0212,0.0407
sokoban-opt08-strips-p28,0,False,148,234,405,817,0,1131,49,0,0,0,0,0,0,,0.0,18.0,18,18,0.0075,0.0043,0.0006,0.0019,0.0,0.0,0.0,0.0169,0.0318
sokoban-opt08-strips-p29,0,False,455,1078,1901,3459,0,5089,43,0,0,0,0,0,0,,0.0,15.0,15,15,0.0195,0.0378,0.0098,0.0055,0.0,0.0,0.0,0.0577,0.1311
sokoban-opt08-strips-p30,0,False,476,1352,2848,4701,0,7341,30,0,0,0,0,0,0,,0.0,12.0,12,12,0.0203,0.0432,0.0127,0.0072,0.0,0.0,0.0,0.0774,0.1616
sokoban-opt11-strips-p01,0,False,31,60,96,201,0,264,3,0,0,0,0,0,0,,0.0,2.0,2,2,0.0068,0.0005,0.0001,0.0024,0.0,0.0,0.0,0.0058,0.016
sokoban-opt11-strips-p02,0,False,48,76,134,278,0,360,9,0,0,0,0,0,0,,0.0,6.0,6,6,0.006,0.001,0.0001,0.0017,0.0,0.0,0.0,0.0066,0.0159
sokoban-opt11-strips-p03,0,False,69,143,248,476,0,632,31,0,0,0,0,0,0,,0.0,11.0,11,11,0.0067,0.0015,0.0002,0.0051,0.0,0.0,0.0,0.0107,0.0247
sokoban-opt11-strips-p04,0,False,43,118,236,457,0,630,9,0,11,0,2,0,0,,0.0,25.0,25,25,0.0065,0.0016,0.0002,0.0017,0.0,0.0001,0.0,0.0111,0.0216
sokoban-opt11-strips-p05,0,False,88,151,228,510,0,648,26,0,0,0,0,0,0,,0.0,16.0,16,16,0.0065,0.0022,0.0002,0.0015,0.0,0.0,0.0,0.0091,0.0201
sokoban-opt11-strips-p06,0,False,79,172,300,611,0,794,21,0,0,0,0,0,0,,0.0,16.0,16,16,0.0064,0.0024,0.0003,0.0021,0.0,0.0,0.0,0.0111,0.0228
sokoban-opt11-strips-p07,0,False,47,108,195,388,0,534,14,0,0,0,0,0,0,,0.0,10.0,10,10,0.0059,0.0014,0.0002,0.0014,0.0,0.0,0.0,0.0079,0.0172
sokoban-opt11-strips-p08,0,False,58,95,159,344,0,457,14,0,0,0,0,0,0,,0.0,5.0,5,5,0.0065,0.0015,0.0001,0.0017,0.0,0.0,0.0,0.0075,0.018
sokoban-opt11-strips-p09,0,False,89,167,274,553,0,707,17,0,0,0,0,0,0,,0.0,7.0,7,7,0.0065,0.002,0.0002,0.0015,0.0,0.0,0.0,0.0111,0.0218
sokoban-opt11-strips-p10,0,False,283,762,1476,2538,0,3704,24,0,0,0,0,0,0,,0.0,8.0,8,8,0.0131,0.0147,0.0042,0.0037,0.0,0.0,0.0,0.049,0.0853
sokoban-opt11-strips-p11,0,False,80,152,296,553,0,757,0,0,0,0,0,0,0,,0.0,4.0,4,4,0.006,0.0017,0.0002,0.002,0.0,0.0,0.0,0.0062,0.0167
sokoban-opt11-strips-p12,0,False,225,440,466,1142,0,1172,0,0,0,0,0,0,0,,0.0,2.0,2,2,0.0099,0.0065,0.0004,0.0025,0.0,0.0,0.0,0.0082,0.0282
sokoban-opt11-strips-p13,0,False,59,141,256,485,0,677,21,0,0,0,0,0,0,,0.0,13.0,13,13,0.0069,0.0018,0.0003,0.0014,0.0,0.0,0.0,0.0102,0.0211
sokoban-opt11-strips-p14,0,False,88,159,307,586,0,796,8,0,0,0,0,0,0,,0.0,8.0,8,8,0.0068,0.0023,0.0003,0.0015,0.0,0.0,0.0,0.0123,0.0238
sokoban-opt11-strips-p15,0,False,93,182,307,636,0,839,20,0,0,0,0,0,0,,0.0,29.0,29,29,0.007,0.0033,0.0005,0.0024,0.0,0.0,0.0,0.0108,0.0245
sokoban-opt11-strips-p16,0,False,68,245,537,964,0,1381,19,0,32,0,9,0,0,,0.0,57.0,58,57,0.0066,0.0052,0.0009,0.0026,0.0,0.0011,0.0,0.0373,0.0533
sokoban-opt11-strips-p17,0,False,80,211,410,750,0,1057,30,0,0,0,0,0,0,,0.0,27.0,27,27,0.0084,0.0031,0.0005,0.0025,0.0,0.0,0.0,0.0137,0.0286
sokoban-opt11-strips-p18,0,False,386,1008,1892,3290,0,4922,6,0,0,0,0,0,0,,0.0,2.0,2,2,0.0149,0.0239,0.0041,0.0046,0.0,0.0,0.0,0.0585,0.1068
sokoban-opt11-strips-p19,0,False,83,212,386,739,0,1010,3,0,17,0,6,0,0,,0.0,30.0,31,30,0.0077,0.0036,0.0005,0.0021,0.0,0.0005,0.0,0.0292,0.0438
sokoban-opt11-strips-p20,0,False,83,220,485,827,0,1222,18,0,24,0,17,0,0,,0.0,15.0,16,15,0.0088,0.0029,0.0005,0.0017,0.0,0.0009,0.0,0.0399,0.0544
sokoban-sat08-strips-p01,0,False,25,57,103,207,0,271,12,0,0,0,0,0,0,,0.0,9.0,9,9,0.0052,0.0005,0.0001,0.0013,0.0,0.0,0.0,0.0056,0.0132
sokoban-sat08-strips-p02,0,False,43,118,236,457,0,630,9,0,11,0,2,0,0,,0.0,25.0,25,25,0.0056,0.0016,0.0002,0.0013,0.0,0.0002,0.0,0.0113,0.0205
sokoban-sat08-strips-p03,0,False,31,60,96,201,0,264,3,0,0,0,0,0,0,,0.0,2.0,2,2,0.0059,0.0005,0.0001,0.0014,0.0,0.0,0.0,0.0058,0.0141
sokoban-sat08-strips-p04,0,False,59,141,256,485,0,677,21,0,0,0,0,0,0,,0.0,13.0,13,13,0.0064,0.0018,0.0003,0.0013,0.0,0.0,0.0,0.0103,0.0207
sokoban-sat08-strips-p05,0,False,47,108,195,388,0,534,14,0,0,0,0,0,0,,0.0,10.0,10,10,0.0063,0.0013,0.0002,0.0015,0.0,0.0,0.0,0.0081,0.0178
sokoban-sat08-strips-p06,0,False,88,159,307,586,0,796,8,0,0,0,0,0,0,,0.0,8.0,8,8,0.0063,0.0023,0.0003,0.0014,0.0,0.0,0.0,0.0124,0.0233
sokoban-sat08-strips-p07,0,False,69,143,248,476,0,632,31,0,0,0,0,0,0,,0.0,11.0,11,11,0.0067,0.0015,0.0002,0.0016,0.0,0.0,0.0,0.0105,0.021
sokoban-sat08-strips-p08,0,False,88,151,228,510,0,648,26,0,0,0,0,0,0,,0.0,16.0,16,16,0.0064,0.0022,0.0002,0.0022,0.0,0.0,0.0,0.0092,0.0208
sokoban-sat08-strips-p09,0,False,93,182,307,636,0,839,20,0,0,0,0,0,0,,0.0,29.0,29,29,0.0094,0.0034,0.0004,0.0021,0.0,0.0,0.0,0.0109,0.0268
sokoban-sat08-strips-p10,0,False,225,440,466,1142,0,1172,0,0,0,0,0,0,0,,0.0,2.0,2,2,0.0106,0.0064,0.0003,0.0019,0.0,0.0,0.0,0.0082,0.0282
sokoban-sat08-strips-p11,0,False,386,1008,1892,3290,0,4922,6,0,0,0,0,0,0,,0.0,2.0,2,2,0.0154,0.024,0.0041,0.0045,0.0,0.0,0.0,0.0585,0.1075
sokoban-sat08-strips-p12,0,False,83,212,386,739,0,1010,3,0,17,0,6,0,0,,0.0,30.0,31,30,0.0092,0.0036,0.0006,0.0029,0.0,0.0005,0.0,0.0291,0.0458
sokoban-sat08-strips-p13,0,False,83,220,485,827,0,1222,18,0,24,0,17,0,0,,0.0,15.0,16,15,0.0062,0.0029,0.0005,0.0019,0.0,0.0008,0.0,0.0399,0.052
sokoban-sat08-strips-p14,0,False,131,201,362,729,0,1023,19,0,0,0,0,0,0,,0.0,14.0,14,14,0.0069,0.0037,0.0006,0.0015,0.0,0.0,0.0,0.0148,0.0281
sokoban-sat08-strips-p15,0,False,109,206,385,754,0,1039,20,0,22,0,17,0,0,,0.0,25.0,26,25,0.0084,0.0041,0.0007,0.0018,0.0,0.0012,0.0,0.0275,0.0431
sokoban-sat08-strips-p16,0,False,121,256,488,901,0,1288,38,0,7,0,4,0,0,,0.0,23.0,24,23,0.0077,0.0045,0.0009,0.0031,0.0,0.0003,0.0,0.0331,0.0498
sokoban-sat08-strips-p17,0,False,203,311,524,1066,0,1551,31,0,0,0,0,0,0,,0.0,11.0,11,11,0.0094,0.0067,0.0012,0.0021,0.0,0.0,0.0,0.0215,0.0415
sokoban-sat08-strips-p18,0,False,148,234,405,817,0,1131,49,0,0,0,0,0,0,,0.0,18.0,18,18,0.0254,0.0043,0.0006,0.0017,0.0,0.0,0.0,0.0169,0.0493
sokoban-sat08-strips-p19,0,False,455,1078,1901,3459,0,5089,43,0,0,0,0,0,0,,0.0,15.0,15,15,0.0191,0.0376,0.0099,0.0054,0.0,0.0,0.0,0.0576,0.1303
sokoban-sat08-strips-p20,0,False,476,1352,2848,4701,0,7341,30,0,0,0,0,0,0,,0.0,12.0,12,12,0.0395,0.043,0.0126,0.0079,0.0,0.0,0.0,0.0775,0.1812
sokoban-sat08-strips-p21,0,False,135,272,452,897,0,1205,52,0,0,0,0,0,0,,0.0,29.0,29,29,0.0266,0.0049,0.0007,0.0021,0.0,0.0,0.0,0.0171,0.0519
sokoban-sat08-strips-p22,0,False,142,241,445,871,0,1218,46,0,30,0,9,0,0,,0.0,21.0,22,21,0.0082,0.0047,0.001,0.002,0.0,0.0007,0.0,0.0407,0.0572
sokoban-sat08-strips-p23,0,False,128,246,438,862,0,1155,27,0,9,0,6,0,0,,0.0,30.0,32,30,0.0254,0.0045,0.0009,0.0022,0.0,0.0004,0.0,0.0283,0.0619
sokoban-sat08-strips-p24,0,False,124,201,345,723,0,978,12,0,0,0,0,0,0,,0.0,22.0,22,22,0.0257,0.0043,0.0008,0.0019,0.0,0.0,0.0,0.0134,0.0466
sokoban-sat08-strips-p25,0,False,142,220,347,746,0,1041,22,0,0,0,0,0,0,,0.0,15.0,15,15,0.0085,0.0045,0.001,0.0019,0.0,0.0,0.0,0.0145,0.0309
sokoban-sat08-strips-p26,0,False,154,308,584,1109,0,1534,40,0,0,0,0,0,0,,0.0,32.0,32,32,0.0284,0.0071,0.0008,0.0026,0.0,0.0,0.0,0.0207,0.0601
sokoban-sat08-strips-p27,0,False,298,708,1306,2357,0,3407,24,0,0,0,0,0,0,,0.0,8.0,8,8,0.0155,0.0178,0.0017,0.0037,0.0,0.0,0.0,0.0396,0.0788
sokoban-sat08-strips-p28,0,False,137,371,774,1424,0,2000,26,0,0,0,0,0,0,,0.0,76.0,76,76,0.0095,0.0114,0.0039,0.0026,0.0,0.0,0.0,0.0203,0.0483
sokoban-sat08-strips-p29,0,False,123,218,454,853,0,1193,15,0,22,0,10,0,0,,0.0,22.0,24,22,0.0084,0.0045,0.0009,0.0074,0.0,0.0007,0.0,0.041,0.0628
sokoban-sat08-strips-p30,0,False,72,243,495,925,0,1265,16,0,29,0,7,0,0,,0.0,53.0,54,53,0.0082,0.0053,0.001,0.0019,0.0,0.0009,0.0,0.033,0.0498
sokoban-sat11-strips-p01,0,False,142,220,347,746,0,1041,22,0,0,0,0,0,0,,0.0,15.0,15,15,0.0085,0.0045,0.001,0.0018,0.0,0.0,0.0,0.0141,0.0303
sokoban-sat11-strips-p02,0,False,88,151,228,510,0,648,26,0,0,0,0,0,0,,0.0,16.0,16,16,0.0065,0.0022,0.0002,0.0015,0.0,0.0,0.0,0.0091,0.0199
sokoban-sat11-strips-p03,0,False,203,311,524,1066,0,1551,31,0,0,0,0,0,0,,0.0,11.0,11,11,0.0266,0.0068,0.0013,0.0023,0.0,0.0,0.0,0.0214,0.059
sokoban-sat11-strips-p04,0,False,121,256,488,901,0,1288,38,0,7,0,4,0,0,,0.0,23.0,24,23,0.0075,0.0045,0.0009,0.0018,0.0,0.0002,0.0,0.0328,0.048
sokoban-sat11-strips-p05,0,False,131,201,362,729,0,1023,19,0,0,0,0,0,0,,0.0,14.0,14,14,0.0067,0.0037,0.0006,0.0077,0.0,0.0,0.0,0.0147,0.0339
sokoban-sat11-strips-p06,0,False,83,212,386,739,0,1010,3,0,17,0,6,0,0,,0.0,30.0,31,30,0.0255,0.0036,0.0005,0.0023,0.0,0.0005,0.0,0.0294,0.0619
sokoban-sat11-strips-p07,0,False,83,220,485,827,0,1222,18,0,24,0,17,0,0,,0.0,15.0,16,15,0.0066,0.0029,0.0005,0.0017,0.0,0.0009,0.0,0.0402,0.0524
sokoban-sat11-strips-p08,0,False,142,241,445,871,0,1218,46,0,30,0,9,0,0,,0.0,21.0,22,21,0.0076,0.0049,0.001,0.0019,0.0,0.0007,0.0,0.0412,0.0572
sokoban-sat11-strips-p09,0,False,225,440,466,1142,0,1172,0,0,0,0,0,0,0,,0.0,2.0,2,2,0.0104,0.0063,0.0003,0.0018,0.0,0.0,0.0,0.0082,0.0278
sokoban-sat11-strips-p10,0,False,128,246,438,862,0,1155,27,0,9,0,6,0,0,,0.0,30.0,32,30,0.0082,0.0046,0.0012,0.0018,0.0,0.0004,0.0,0.0284,0.0446
sokoban-sat11-strips-p11,0,False,137,371,774,1424,0,2000,26,0,0,0,0,0,0,,0.0,76.0,76,76,0.0091,0.0117,0.0031,0.0025,0.0,0.0,0.0,0.0204,0.0472
sokoban-sat11-strips-p12,0,False,148,234,405,817,0,1131,49,0,0,0,0,0,0,,0.0,18.0,18,18,0.007,0.0043,0.0006,0.0015,0.0,0.0,0.0,0.0169,0.0309
sokoban-sat11-strips-p13,0,False,298,708,1306,2357,0,3407,24,0,0,0,0,0,0,,0.0,8.0,8,8,0.0136,0.0173,0.0017,0.0036,0.0,0.0,0.0,0.0401,0.0769
sokoban-sat11-strips-p14,0,False,124,201,345,723,0,978,12,0,0,0,0,0,0,,0.0,22.0,22,22,0.0076,0.0043,0.0008,0.0015,0.0,0.0,0.0,0.0131,0.0278
sokoban-sat11-strips-p15,0,False,72,243,495,925,0,1265,16,0,29,0,7,0,0,,0.0,53.0,54,53,0.0082,0.0052,0.0008,0.0015,0.0,0.0008,0.0,0.0325,0.049
sokoban-sat11-strips-p16,0,False,455,1078,1901,3459,0,5089,43,0,0,0,0,0,0,,0.0,15.0,15,15,0.0191,0.039,0.0103,0.0053,0.0,0.0,0.0,0.0574,0.1318
sokoban-sat11-strips-p17,0,False,154,308,584,1109,0,1534,40,0,0,0,0,0,0,,0.0,32.0,32,32,0.0087,0.0071,0.0008,0.0018,0.0,0.0,0.0,0.0208,0.0399
sokoban-sat11-strips-p18,0,False,123,218,454,853,0,1193,15,0,22,0,10,0,0,,0.0,22.0,24,22,0.0085,0.0045,0.0009,0.0018,0.0,0.0007,0.0,0.0403,0.0566
sokoban-sat11-strips-p19,0,False,109,206,385,754,0,1039,20,0,22,0,17,0,0,,0.0,25.0,26,25,0.0067,0.0041,0.0007,0.0018,0.0,0.0012,0.0,0.0273,0.0412
sokoban-sat11-strips-p20,0,False,476,1352,2848,4701,0,7341,30,0,0,0,0,0,0,,0.0,12.0,12,12,0.02,0.0433,0.0123,0.0068,0.0,0.0,0.0,0.0772,0.1604
spider-opt18-strips-p01,0,False,171,1050,3075,4397,0,6160,19,0,0,0,0,0,0,,0.0,10.0,10,10,0.0301,0.0446,0.0396,0.005,0.0,0.0,0.0,0.0753,0.1957
spider-opt18-strips-p02,0,False,243,1437,3935,5746,0,8316,22,0,44,0,12,0,0,,0.0,13.0,15,13,0.0417,0.0828,0.0725,0.0073,0.0,0.003,0.0,0.1925,0.3991
spider-opt18-strips-p03,0,False,397,2916,8519,11991,0,16394,22,0,12,0,3,0,0,,0.0,14.0,16,14,0.1089,0.2928,0.4144,0.0181,0.0,0.0008,0.0,0.6737,1.5115
spider-opt18-strips-p04,0,False,485,3543,10037,14258,0,19839,34,0,2388,0,837,0,1721,,0.0,19.0,22,19,0.1449,0.4838,0.578,0.0228,0.0,0.4289,0.0,15.367,16.5993
spider-opt18-strips-p05,0,False,711,5570,15522,22030,0,31294,35,0,38,0,11,0,0,,0.0,21.0,24,21,0.315,0.8918,2.029,0.0427,0.0,0.0142,0.0,1.815,5.0982
spider-opt18-strips-p06,0,False,967,8908,24677,34809,0,48037,42,0,62,0,18,0,0,,0.0,26.0,28,26,0.6214,1.9234,5.5426,0.0812,0.0,0.0175,0.0,5.4011,13.5785
spider-opt18-strips-p07,0,False,189,1058,3213,4550,0,6666,13,0,0,0,0,0,0,,0.0,9.0,9,9,0.0277,0.0413,0.049,0.0065,0.0,0.0,0.0,0.1245,0.25
spider-opt18-strips-p08,0,False,260,1545,4539,6463,0,9394,19,0,25,0,12,0,0,,0.0,12.0,14,12,0.0434,0.0851,0.1064,0.0085,0.0,0.0025,0.0,0.3769,0.6216
spider-opt18-strips-p09,0,False,424,2810,8130,11511,0,16897,18,0,73,0,20,0,0,,0.0,16.0,17,16,0.1032,0.2558,0.5329,0.0169,0.0,0.0084,0.0,1.2126,2.1235
spider-opt18-strips-p10,0,False,508,3771,10468,14921,0,20803,29,0,156,0,63,0,16,,0.0,17.0,19,17,0.146,0.504,0.7227,0.0239,0.0,0.0315,0.0,2.479,3.8791
spider-opt18-strips-p11,0,False,727,6088,17367,24383,0,33229,28,0,152,0,29,0,16,,0.0,19.0,22,19,0.3221,1.0655,2.1843,0.0475,0.0,0.0225,0.0,3.3031,6.9278
spider-opt18-strips-p12,0,False,1005,10481,30761,42477,0,56200,33,0,8486,0,1460,0,4218,,0.0,23.0,30,23,0.6236,2.1321,4.9717,0.1014,0.0,2.8869,0.0,143.8924,151.7286
spider-opt18-strips-p13,2,False,1129,11191,32256,44832,0,60754,29,0,35843,0,5095,0,24571,,0.0,25.0,30,26,0.7852,3.1544,8.2573,0.1155,0.0,9.2536,0.0,887.7077,900.0661
spider-opt18-strips-p14,0,False,181,1080,3466,4817,0,6810,6,0,0,0,0,0,0,,0.0,6.0,6,6,0.0288,0.0378,0.0733,0.0055,0.0,0.0,0.0,0.0771,0.2235
spider-opt18-strips-p15,0,False,258,1287,3658,5324,0,8353,21,0,5068,0,2177,0,5256,,0.0,13.0,14,13,0.0427,0.0764,0.0751,0.0069,0.0,0.7664,0.0,7.9811,8.1834
spider-opt18-strips-p16,0,False,417,3242,9684,13486,0,18578,12,0,10816,0,3232,0,31420,,0.0,11.0,12,11,0.1075,0.2713,0.5098,0.0196,0.0,1.9153,0.0,55.0304,55.9412
spider-opt18-strips-p17,0,False,516,3381,9702,13774,0,20422,21,0,0,0,0,0,0,,0.0,19.0,19,19,0.1429,0.3702,0.6662,0.0222,0.0,0.0,0.0,0.2717,1.4758
spider-opt18-strips-p18,2,False,736,6072,17127,24136,0,33851,24,0,51494,0,7776,0,39042,,0.0,20.0,21,21,0.3123,0.9765,2.5263,0.0468,0.0,12.8842,0.0,896.2034,900.2136
spider-opt18-strips-p19,0,False,1005,10267,30029,41527,0,55650,17,0,108,0,13,0,0,,0.0,20.0,21,20,0.6306,2.2554,5.4363,0.0973,0.0,0.0227,0.0,8.2594,16.6876
spider-opt18-strips-p20,0,False,1138,10503,29734,41634,0,58493,25,0,8991,0,1217,0,2426,,0.0,28.0,29,28,0.7858,2.8915,5.7432,0.1073,0.0,3.4102,0.0,51.3381,60.8759
spider-sat18-strips-p01,0,False,712,6267,17955,25155,0,34324,31,0,68,0,12,0,0,,0.0,20.0,21,20,0.3179,1.0141,2.054,0.0471,0.0,0.0153,0.0,2.5385,5.9782
spider-sat18-strips-p02,2,False,960,9531,27519,38267,0,50923,34,0,26273,0,4584,0,26689,,0.0,23.0,26,25,0.6384,2.6801,5.7961,0.0913,0.0,8.8394,0.0,898.5999,908.5122
spider-sat18-strips-p03,0,False,1099,9314,25643,36348,0,52170,57,0,14,0,4,0,0,,0.0,30.0,36,30,0.7676,2.8896,7.4865,0.0938,0.0,0.0033,0.0,4.3599,15.6068
spider-sat18-strips-p04,0,False,1412,15628,42473,59831,0,79719,52,0,51774,0,9235,0,30249,,0.0,29.0,35,29,1.4448,6.289,14.8964,0.1877,0.0,24.0792,0.0,598.6694,621.5034
spider-sat18-strips-p05,2,False,1777,21977,59754,83856,0,111348,62,0,17849,0,1739,0,6472,,0.0,30.0,41,41,2.4688,11.082,30.8237,0.3064,0.0,6.8815,0.0,855.4319,900.1693
spider-sat18-strips-p06,2,False,1942,23021,62847,88196,0,118159,70,0,13112,0,2292,0,9999,,0.0,37.0,44,39,2.9408,13.0174,38.8582,0.344,0.0,10.6113,0.0,844.8994,900.1141
spider-sat18-strips-p07,2,False,507,3608,10669,14958,0,20916,21,0,29842,0,6576,0,44621,,0.0,16.0,19,19,0.143,0.3921,0.6883,0.0242,0.0,7.6476,0.0,903.9921,907.6877
spider-sat18-strips-p08,0,False,737,6760,18740,26432,0,35580,27,0,71,0,11,0,0,,0.0,19.0,20,19,0.3164,1.1094,2.4873,0.051,0.0,0.008,0.0,4.7098,8.6794
spider-sat18-strips-p09,2,False,996,10071,29664,40958,0,54356,30,0,23402,0,3591,0,20236,,0.0,22.0,26,26,0.6379,2.4315,5.9651,0.0987,0.0,5.9967,0.0,890.9645,900.189
spider-sat18-strips-p10,2,False,1132,12257,34744,48385,0,64172,32,0,18479,0,2854,0,19040,,0.0,22.0,28,28,0.781,2.9886,7.947,0.1304,0.0,5.7399,0.0,888.2229,900.1363
spider-sat18-strips-p11,2,False,1453,15760,45636,63135,0,84339,37,0,13506,0,1890,0,9928,,0.0,30.0,36,36,1.4327,6.7968,14.3777,0.2127,0.0,5.3904,0.0,883.3327,906.5841
spider-sat18-strips-p12,2,False,1818,24712,72329,99170,0,127190,35,0,8670,0,750,0,1239,,0.0,30.0,40,40,2.5007,11.8046,54.1709,0.3919,0.0,4.0243,0.0,831.1698,900.069
spider-sat18-strips-p13,2,False,1984,23506,67341,93168,0,123917,37,0,11590,0,1369,0,5556,,0.0,33.0,38,38,2.9559,13.7999,34.6619,0.3917,0.0,6.1824,0.0,848.327,900.2217
spider-sat18-strips-p14,0,False,513,3726,10928,15341,0,21645,20,0,8238,0,1656,0,6131,,0.0,18.0,20,18,0.1646,0.4677,0.6515,0.0272,0.0,1.0687,0.0,67.1643,68.4779
spider-sat18-strips-p15,0,False,735,6317,17913,25165,0,34418,24,0,0,0,0,0,0,,0.0,19.0,19,19,0.3173,1.0951,1.8485,0.0484,0.0,0.0,0.0,0.4932,3.8074
spider-sat18-strips-p16,0,False,997,9965,29293,40486,0,54084,23,0,0,0,0,0,0,,0.0,22.0,22,22,0.6368,2.3879,5.5004,0.0966,0.0,0.0,0.0,0.877,9.5067
spider-sat18-strips-p17,0,False,1135,10942,31190,43527,0,60328,31,0,130,0,11,0,0,,0.0,26.0,29,26,0.7891,2.9197,6.2999,0.1172,0.0,0.028,0.0,9.4654,19.6008
spider-sat18-strips-p18,2,False,1454,16271,45101,63107,0,83648,25,0,16787,0,2237,0,11793,,0.0,26.0,29,29,1.4349,5.7713,16.7149,0.1875,0.0,6.5857,0.0,880.2649,904.7451
spider-sat18-strips-p19,0,False,1819,22078,63634,87842,0,116410,26,0,0,0,0,0,0,,0.0,28.0,28,28,2.4696,10.4313,34.0785,0.3474,0.0,0.0,0.0,2.685,50.0329
spider-sat18-strips-p20,0,False,1995,24390,69418,96140,0,127819,23,0,4647,0,428,0,1260,,0.0,33.0,34,33,2.9442,13.7178,42.2453,0.4015,0.0,2.7712,0.0,217.8732,277.2052
storage-p01,0,True,0,2,7,17,0,23,0,0,0,0,1,0,0,,0.0,3.0,3,3,0.0051,0.0001,0.0,0.0018,0.0,0.0,0.0,0.0013,0.0088
storage-p02,0,True,8,12,20,44,0,57,6,0,0,0,0,0,0,,0.0,3.0,3,3,0.0049,0.0001,0.0,0.0012,0.0,0.0,0.0,0.0036,0.0102
storage-p03,0,True,16,27,42,89,0,114,6,0,0,0,0,0,0,,0.0,3.0,3,3,0.0051,0.0002,0.0,0.0012,0.0,0.0,0.0,0.0042,0.0111
storage-p04,0,True,2,9,16,38,0,43,0,0,0,0,0,0,0,,0.0,6.0,6,6,0.0048,0.0002,0.0,0.0013,0.0,0.0,0.0,0.0023,0.0089
storage-p05,0,True,24,68,105,202,0,244,18,0,0,0,0,0,0,,0.0,6.0,6,6,0.0057,0.0004,0.0,0.0016,0.0,0.0,0.0,0.0068,0.0152
storage-p06,0,True,31,101,153,290,0,352,18,0,0,0,0,0,0,,0.0,6.0,6,6,0.0056,0.0005,0.0001,0.0016,0.0,0.0,0.0,0.0085,0.0168
storage-p07,0,True,4,16,26,60,0,67,9,0,0,0,0,0,0,,0.0,10.0,10,10,0.005,0.0003,0.0,0.0017,0.0,0.0,0.0,0.0034,0.0107
storage-p08,0,True,44,162,238,451,0,532,24,0,0,0,0,0,0,,0.0,8.0,8,8,0.0059,0.0009,0.0001,0.0022,0.0,0.0,0.0,0.0112,0.0209
storage-p09,0,True,53,253,372,685,0,820,21,0,0,0,0,0,0,,0.0,7.0,7,7,0.0064,0.0014,0.0002,0.0019,0.0,0.0,0.0,0.0158,0.0262
storage-p10,0,True,6,24,37,84,0,90,9,0,0,0,0,0,0,,0.0,12.0,12,12,0.0062,0.0005,0.0,0.0011,0.0,0.0,0.0,0.0036,0.0117
storage-p11,0,True,69,344,501,923,0,1084,27,0,0,0,0,0,0,,0.0,9.0,9,9,0.0098,0.002,0.0002,0.0026,0.0,0.0,0.0,0.0203,0.0354
storage-p12,0,True,82,478,699,1268,0,1499,27,0,0,0,0,0,0,,0.0,9.0,9,9,0.0212,0.003,0.0003,0.0019,0.0,0.0,0.0,0.0275,0.0547
storage-p13,0,True,8,21,38,88,0,99,0,0,0,0,0,0,0,,0.0,12.0,12,12,0.0069,0.0006,0.0,0.0012,0.0,0.0,0.0,0.0024,0.0115
storage-p14,0,True,102,262,355,731,0,959,39,0,0,0,0,0,0,,0.0,13.0,13,13,0.008,0.0029,0.0003,0.0015,0.0,0.0,0.0,0.0168,0.0301
storage-p15,0,True,117,383,509,1021,0,1378,33,0,0,0,0,0,0,,0.0,11.0,11,11,0.0096,0.0044,0.0004,0.0017,0.0,0.0,0.0,0.0231,0.0401
storage-p16,0,True,158,714,937,1823,0,2287,39,0,0,0,0,0,0,,0.0,13.0,13,13,0.0139,0.0096,0.0008,0.0026,0.0,0.0,0.0,0.0386,0.0663
storage-p17,0,True,205,979,1280,2480,0,3135,45,0,0,0,0,0,0,,0.0,15.0,15,15,0.0163,0.0158,0.0013,0.0032,0.0,0.0,0.0,0.051,0.0883
storage-p18,0,True,259,1388,1813,3478,0,4290,54,0,0,0,0,0,0,,0.0,18.0,18,18,0.0209,0.0249,0.0024,0.0035,0.0,0.0,0.0,0.0693,0.1218
storage-p19,0,True,317,1385,1742,3465,0,4447,57,0,0,0,0,0,0,,0.0,19.0,19,19,0.0248,0.0365,0.0022,0.0038,0.0,0.0,0.0,0.0675,0.1358
storage-p20,0,True,381,1846,2302,4552,0,5779,64,0,0,0,0,0,0,,0.0,22.0,22,22,0.031,0.0539,0.0036,0.0053,0.0,0.0,0.0,0.0891,0.1838
storage-p21,0,True,488,2668,3311,6492,0,8476,72,0,0,0,0,0,0,,0.0,24.0,24,24,0.0483,0.1029,0.0071,0.0079,0.0,0.0,0.0,0.1206,0.2879
storage-p22,0,True,567,3753,4648,8995,0,11261,75,0,0,0,0,0,0,,0.0,25.0,25,25,0.0641,0.1577,0.0094,0.0106,0.0,0.0,0.0,0.1624,0.4053
storage-p23,0,True,654,3741,4550,8975,0,11686,84,0,0,0,0,0,0,,0.0,28.0,28,28,0.0951,0.2096,0.0124,0.0129,0.0,0.0,0.0,0.1731,0.5046
storage-p24,0,True,745,3764,4551,9092,0,12237,87,0,0,0,0,0,0,,0.0,29.0,29,29,0.0866,0.2369,0.0142,0.0151,0.0,0.0,0.0,0.1788,0.5329
storage-p25,0,True,844,4785,5762,11425,0,14962,99,0,0,0,0,0,0,,0.0,33.0,33,33,0.1141,0.3491,0.0214,0.0185,0.0,0.0,0.0,0.2207,0.7254
storage-p26,0,True,995,7701,9166,17898,0,22654,100,0,0,0,0,0,0,,0.0,34.0,34,34,0.1877,0.5676,0.0287,0.0291,0.0,0.0,0.0,0.3474,1.1628
storage-p27,0,True,1110,8072,9632,18853,0,24403,108,0,0,0,0,0,0,,0.0,36.0,36,36,0.2211,0.7692,0.0371,0.0328,0.0,0.0,0.0,0.3898,1.4525
storage-p28,0,True,1229,8437,10016,19723,0,25953,114,0,0,0,0,0,0,,0.0,38.0,38,38,0.2507,0.8783,0.0453,0.0361,0.0,0.0,0.0,0.415,1.628
storage-p29,0,True,1354,10309,12141,23847,0,30674,120,0,0,0,0,0,0,,0.0,40.0,40,40,0.3155,1.2134,0.0564,0.0468,0.0,0.0,0.0,0.499,2.1343
storage-p30,0,True,1484,11401,13360,26290,0,33677,123,0,0,0,0,0,0,,0.0,41.0,41,41,0.3857,1.5254,0.0598,0.0529,0.0,0.0,0.0,0.5486,2.5761
termes-opt18-strips-p01,0,True,41,107,107,259,0,363,21,0,0,0,0,0,0,,0.0,9.0,9,9,0.0062,0.001,0.0001,0.0011,0.0,0.0,0.0,0.0105,0.0195
termes-opt18-strips-p02,0,True,35,106,107,259,0,363,22,0,0,0,0,0,0,,0.0,11.0,11,11,0.0068,0.001,0.0001,0.0025,0.0,0.0,0.0,0.0067,0.0176
termes-opt18-strips-p03,0,True,51,135,135,326,0,480,23,0,0,0,0,0,0,,0.0,10.0,10,10,0.0066,0.0014,0.0002,0.0012,0.0,0.0,0.0,0.0097,0.0194
termes-opt18-strips-p04,0,True,48,135,135,326,0,480,39,0,0,0,0,0,0,,0.0,16.0,16,16,0.0091,0.0015,0.0002,0.0015,0.0,0.0,0.0,0.0087,0.0214
termes-opt18-strips-p05,0,True,61,163,163,393,0,597,29,0,0,0,2,0,0,,0.0,12.0,15,12,0.0073,0.0019,0.0003,0.0013,0.0,0.0001,0.0,0.049,0.0603
termes-opt18-strips-p06,0,True,56,163,163,393,0,597,49,0,0,0,1,0,0,,0.0,18.0,20,18,0.0077,0.002,0.0003,0.0013,0.0,0.0,0.0,0.0106,0.0225
termes-opt18-strips-p07,0,True,65,190,191,460,0,714,22,0,0,0,1,0,0,,0.0,14.0,18,14,0.0086,0.0024,0.0004,0.0016,0.0,0.0,0.0,0.0104,0.0239
termes-opt18-strips-p08,0,True,63,190,191,460,0,714,32,0,0,0,1,0,0,,0.0,18.0,20,18,0.0092,0.0025,0.0005,0.0016,0.0,0.0,0.0,0.0112,0.0254
termes-opt18-strips-p09,0,True,81,219,219,527,0,831,42,0,0,0,0,0,0,,0.0,16.0,16,16,0.0085,0.003,0.0005,0.0016,0.0,0.0,0.0,0.0136,0.0277
termes-opt18-strips-p10,0,True,76,219,219,527,0,831,52,0,0,0,1,0,0,,0.0,18.0,24,18,0.0103,0.0032,0.0009,0.0017,0.0,0.0,0.0,0.0128,0.0293
termes-opt18-strips-p11,0,True,35,107,107,259,0,363,36,0,0,0,2,0,0,,0.0,16.0,17,16,0.0065,0.0011,0.0002,0.0014,0.0,0.0001,0.0,0.0204,0.0301
termes-opt18-strips-p12,0,True,34,107,107,259,0,363,30,0,0,0,1,0,0,,0.0,14.0,15,14,0.0062,0.0011,0.0001,0.0012,0.0,0.0,0.0,0.0071,0.0161
termes-opt18-strips-p13,0,True,42,135,135,326,0,480,44,0,0,0,0,0,0,,0.0,21.0,21,21,0.0069,0.0015,0.0002,0.0017,0.0,0.0,0.0,0.0097,0.0206
termes-opt18-strips-p14,0,True,41,135,135,326,0,480,45,0,0,0,1,0,0,,0.0,18.0,24,18,0.0081,0.0015,0.0003,0.0023,0.0,0.0,0.0,0.0088,0.0214
termes-opt18-strips-p15,0,True,53,163,163,393,0,597,53,0,6,0,8,0,0,,0.0,23.0,25,23,0.0078,0.0021,0.0004,0.0016,0.0,0.0003,0.0,0.0244,0.037
termes-opt18-strips-p16,0,True,50,163,163,393,0,597,64,0,0,0,1,0,0,,0.0,26.0,31,26,0.0081,0.0021,0.0004,0.0013,0.0,0.0,0.0,0.0113,0.0237
termes-opt18-strips-p17,0,True,29,117,117,279,0,389,57,0,2,0,4,0,0,,0.0,25.0,26,25,0.0066,0.0012,0.0002,0.0013,0.0,0.0002,0.0,0.0224,0.0322
termes-opt18-strips-p18,0,True,30,107,107,259,0,363,53,0,4,0,6,0,0,,0.0,21.0,22,21,0.0065,0.0011,0.0002,0.0014,0.0,0.0002,0.0,0.0489,0.0586
termes-opt18-strips-p19,0,True,41,147,147,350,0,512,45,0,2,0,3,0,0,,0.0,19.0,22,19,0.0075,0.0016,0.0003,0.0016,0.0,0.0001,0.0,0.0108,0.0223
termes-opt18-strips-p20,0,True,37,135,135,326,0,480,55,0,0,0,1,0,0,,0.0,24.0,26,24,0.0074,0.0016,0.0003,0.0016,0.0,0.0,0.0,0.0092,0.0206
termes-sat18-strips-p01,0,True,69,205,205,486,0,710,36,0,0,0,1,0,0,,0.0,14.0,16,14,0.0092,0.0025,0.0003,0.0016,0.0,0.0,0.0,0.0122,0.0263
termes-sat18-strips-p02,0,True,63,205,205,486,0,710,58,0,1,0,2,0,0,,0.0,22.0,25,22,0.0078,0.0027,0.0004,0.0026,0.0,0.0001,0.0,0.015,0.0291
termes-sat18-strips-p03,0,True,79,247,247,585,0,881,40,0,0,0,1,0,0,,0.0,19.0,20,19,0.0091,0.0034,0.0006,0.0018,0.0,0.0,0.0,0.0142,0.0297
termes-sat18-strips-p04,0,True,63,217,217,510,0,742,56,0,0,0,0,0,0,,0.0,23.0,23,23,0.0089,0.0028,0.0005,0.0017,0.0,0.0,0.0,0.0139,0.0284
termes-sat18-strips-p05,0,True,76,247,247,585,0,881,61,0,0,0,2,0,0,,0.0,24.0,28,24,0.0094,0.0035,0.0006,0.0016,0.0,0.0001,0.0,0.0207,0.0364
termes-sat18-strips-p06,0,True,94,289,289,684,0,1052,60,0,3,0,6,0,0,,0.0,25.0,28,25,0.0096,0.0045,0.0008,0.0015,0.0,0.0003,0.0,0.0719,0.0888
termes-sat18-strips-p07,0,True,90,289,289,684,0,1052,63,0,1,0,3,0,0,,0.0,28.0,31,28,0.0095,0.0045,0.0008,0.0017,0.0,0.0001,0.0,0.0633,0.0803
termes-sat18-strips-p08,0,True,113,331,331,783,0,1223,54,0,0,0,1,0,0,,0.0,19.0,25,19,0.0271,0.0056,0.0014,0.0015,0.0,0.0,0.0,0.0182,0.0544
termes-sat18-strips-p09,0,True,119,372,373,882,0,1394,30,0,0,0,1,0,0,,0.0,18.0,24,18,0.0132,0.0068,0.0011,0.002,0.0,0.0,0.0,0.0183,0.042
termes-sat18-strips-p10,0,True,141,415,415,981,0,1565,49,0,0,0,1,0,0,,0.0,20.0,27,20,0.0138,0.0084,0.0015,0.0022,0.0,0.0,0.0,0.0285,0.0551
termes-sat18-strips-p11,0,True,50,215,215,503,0,642,82,0,25,0,19,0,0,,0.0,34.0,37,34,0.008,0.0026,0.0006,0.0015,0.0,0.0008,0.0,0.0826,0.0958
termes-sat18-strips-p12,0,True,59,289,289,675,0,936,124,0,41,0,30,0,0,,0.0,51.0,54,51,0.0092,0.0048,0.0013,0.0014,0.0,0.0018,0.0,0.1382,0.1554
termes-sat18-strips-p13,0,True,68,363,363,847,0,1230,155,0,72,0,45,0,232,,0.0,66.0,75,66,0.0293,0.0074,0.0022,0.0017,0.0,0.0038,0.0,0.347,0.3883
termes-sat18-strips-p14,0,True,77,437,437,1019,0,1524,194,0,60,0,35,0,0,,0.0,81.0,96,81,0.0139,0.0108,0.0034,0.0019,0.0,0.0037,0.0,0.2507,0.2813
termes-sat18-strips-p15,0,True,86,511,511,1191,0,1818,231,0,73,0,44,0,161,,0.0,96.0,118,96,0.0321,0.0142,0.0048,0.002,0.0,0.0055,0.0,0.278,0.3319
termes-sat18-strips-p16,0,True,40,219,219,515,0,715,113,0,1,0,1,0,0,,0.0,44.0,44,44,0.0085,0.003,0.0006,0.0015,0.0,0.0001,0.0,0.0165,0.0306
termes-sat18-strips-p17,0,True,43,275,275,646,0,940,152,0,1,0,1,0,0,,0.0,60.0,60,60,0.0108,0.0047,0.001,0.0014,0.0,0.0001,0.0,0.0191,0.0376
termes-sat18-strips-p18,0,True,76,437,437,1019,0,1524,185,0,1,0,4,0,0,,0.0,76.0,77,76,0.0314,0.0105,0.0023,0.0018,0.0,0.0002,0.0,0.0612,0.1079
termes-sat18-strips-p19,0,True,84,511,511,1191,0,1818,222,0,5,0,6,0,0,,0.0,92.0,93,92,0.0161,0.0141,0.0028,0.0031,0.0,0.0006,0.0,0.1173,0.1541
termes-sat18-strips-p20,0,True,165,873,873,2019,0,3114,314,0,0,0,1,0,0,,0.0,118.0,120,118,0.0269,0.0364,0.0096,0.003,0.0,0.0001,0.0,0.1488,0.2256
tetris-opt14-strips-p01-10,0,False,715,6434,6882,14044,0,14600,18,0,0,0,0,0,0,,0.0,16.0,16,16,0.1187,0.2138,0.0087,0.0177,0.0,0.0,0.0,0.1776,0.5384
tetris-opt14-strips-p01-6,0,False,401,3372,3570,7356,0,7756,19,0,0,0,0,0,0,,0.0,17.0,17,17,0.0465,0.067,0.0036,0.0075,0.0,0.0,0.0,0.1049,0.2306
tetris-opt14-strips-p01-8,0,False,805,8765,9584,19166,0,19895,17,0,0,0,0,0,0,,0.0,17.0,17,17,0.1735,0.3043,0.0116,0.0266,0.0,0.0,0.0,0.4373,0.9555
tetris-opt14-strips-p02-10,0,False,713,6367,6949,14044,0,14618,18,0,0,0,0,0,0,,0.0,19.0,19,19,0.1173,0.2128,0.0099,0.0188,0.0,0.0,0.0,0.2925,0.6532
tetris-opt14-strips-p02-4,0,False,200,1753,2086,4045,0,4273,9,0,0,0,0,0,0,,0.0,8.0,8,8,0.0209,0.0167,0.001,0.0037,0.0,0.0,0.0,0.0544,0.0974
tetris-opt14-strips-p02-6,0,False,579,6041,6760,13391,0,14139,14,0,0,0,0,0,0,,0.0,15.0,15,15,0.0925,0.1599,0.0076,0.0153,0.0,0.0,0.0,0.1759,0.4529
tetris-opt14-strips-p02-8,0,False,805,8786,9394,18999,0,19858,21,0,0,0,0,0,0,,0.0,19.0,19,19,0.1807,0.3068,0.0127,0.0261,0.0,0.0,0.0,0.2381,0.7666
tetris-opt14-strips-p03-10,0,False,1936,22500,23999,48455,0,50847,24,0,0,0,0,0,0,,0.0,27.0,27,27,0.7591,1.9736,0.0594,0.125,0.0,0.0,0.0,1.0922,4.0145
tetris-opt14-strips-p03-4,0,False,152,1560,1857,3576,0,3814,3,0,0,0,0,0,0,,0.0,7.0,7,7,0.0204,0.0148,0.0011,0.0033,0.0,0.0,0.0,0.0504,0.0908
tetris-opt14-strips-p03-6,0,False,327,3112,3507,6956,0,7308,10,0,0,0,0,0,0,,0.0,11.0,11,11,0.042,0.0502,0.0032,0.0065,0.0,0.0,0.0,0.0874,0.1903
tetris-opt14-strips-p03-8,0,False,1407,16887,18110,36419,0,38405,18,0,0,0,0,0,0,,0.0,20.0,20,20,0.4674,1.0898,0.0315,0.0641,0.0,0.0,0.0,0.5051,2.1621
tetris-opt14-strips-p04-10,0,False,1880,18314,19473,39688,0,41819,37,0,0,0,0,0,0,,0.0,28.0,28,28,0.5539,1.5931,0.0513,0.0991,0.0,0.0,0.0,0.5277,2.8292
tetris-opt14-strips-p04-6,0,False,402,3349,3761,7524,0,7964,17,0,0,0,0,0,0,,0.0,14.0,14,14,0.0463,0.0647,0.004,0.0074,0.0,0.0,0.0,0.0943,0.2178
tetris-opt14-strips-p04-8,0,False,1156,12978,13959,28111,0,29623,30,0,0,0,0,0,0,,0.0,25.0,25,25,0.3227,0.7694,0.0331,0.0489,0.0,0.0,0.0,0.717,1.8944
tetris-opt14-strips-p05-10,0,False,1806,22189,23606,47617,0,49592,17,0,0,0,0,0,0,,0.0,23.0,23,23,0.7145,1.742,0.0538,0.1098,0.0,0.0,0.0,0.7208,3.3456
tetris-opt14-strips-p05-6,0,False,326,3165,3568,7068,0,7359,12,0,0,0,0,0,0,,0.0,12.0,12,12,0.039,0.0509,0.0029,0.0066,0.0,0.0,0.0,0.1607,0.2614
tetris-opt14-strips-p05-8,0,False,1407,16857,18347,36628,0,38971,21,0,0,0,0,0,0,,0.0,22.0,22,22,0.4616,1.1105,0.0487,0.0658,0.0,0.0,0.0,0.8026,2.4935
tetris-sat14-strips-p020,0,False,844,6801,7353,15012,0,15539,21,0,0,0,0,0,0,,0.0,19.0,19,19,0.1161,0.2435,0.0079,0.0217,0.0,0.0,0.0,0.3276,0.7188
tetris-sat14-strips-p021,0,False,2289,22653,23902,48869,0,51151,41,0,0,0,0,0,0,,0.0,35.0,35,35,0.8195,2.5144,0.0842,0.1454,0.0,0.0,0.0,1.2348,4.8036
tetris-sat14-strips-p022,0,False,1420,14823,15656,31917,0,33026,21,0,0,0,0,0,0,,0.0,24.0,24,24,0.4055,0.8988,0.0285,0.0625,0.0,0.0,0.0,0.8615,2.2607
tetris-sat14-strips-p023,0,False,1579,15306,16107,33013,0,34429,28,0,0,0,0,0,0,,0.0,28.0,28,28,0.444,1.0808,0.0349,0.0689,0.0,0.0,0.0,0.8173,2.4499
tetris-sat14-strips-p024,0,False,1812,21049,22142,45024,0,46965,28,0,0,0,0,0,0,,0.0,28.0,28,28,0.7294,1.7353,0.0542,0.1078,0.0,0.0,0.0,1.1586,3.79
tetris-sat14-strips-p025,0,False,1028,8439,8785,18269,0,18918,24,0,0,0,0,0,0,,0.0,22.0,22,22,0.2011,0.3719,0.0165,0.0289,0.0,0.0,0.0,0.224,0.8449
tetris-sat14-strips-p026,0,False,3308,40991,43497,87822,0,92715,34,0,0,0,0,0,0,,0.0,37.0,37,37,2.2494,7.1196,0.2106,0.3019,0.0,0.0,0.0,2.2437,12.1342
tetris-sat14-strips-p027,0,False,2917,34796,36717,74455,0,78591,32,0,0,0,0,0,0,,0.0,33.0,33,33,1.7074,5.0193,0.1604,0.2334,0.0,0.0,0.0,1.7253,8.8567
tetris-sat14-strips-p028,0,False,2524,28402,29967,60917,0,64015,36,0,0,0,0,0,0,,0.0,33.0,33,33,1.2066,3.4975,0.1021,0.1701,0.0,0.0,0.0,0.8186,5.8018
tetris-sat14-strips-p029,0,False,1188,8970,9420,19599,0,20506,27,0,0,0,0,0,0,,0.0,25.0,25,25,0.2211,0.4999,0.0195,0.0348,0.0,0.0,0.0,0.2406,1.0183
tetris-sat14-strips-p031,0,False,4095,49568,51748,105440,0,110732,42,0,0,0,0,0,0,,0.0,41.0,41,41,3.2383,11.3305,0.3446,0.4632,0.0,0.0,0.0,2.2886,17.677
tetris-sat14-strips-p032,0,False,1678,17509,18649,37853,0,39143,22,0,0,0,0,0,0,,0.0,22.0,22,22,0.5616,1.3588,0.0492,0.0799,0.0,0.0,0.0,0.8011,2.8544
tetris-sat14-strips-p033,0,False,3819,42667,44871,91385,0,95996,38,0,0,0,0,0,0,,0.0,38.0,38,38,2.5023,9.1977,0.3452,0.3621,0.0,0.0,0.0,2.2373,14.655
tetris-sat14-strips-p034,0,False,3817,42660,44863,91368,0,95450,32,0,0,0,0,0,0,,0.0,39.0,39,39,2.4374,8.9699,0.2502,0.3577,0.0,0.0,0.0,3.2302,15.2569
tetris-sat14-strips-p035,0,False,3906,48998,51020,103950,0,108099,32,0,0,0,0,0,0,,0.0,38.0,38,38,3.0318,10.3604,0.2197,0.3961,0.0,0.0,0.0,4.1759,18.1976
tetris-sat14-strips-p036,0,False,3256,40807,42419,86503,0,89442,25,0,0,0,0,0,0,,0.0,29.0,29,29,2.3932,6.3176,0.1231,0.2855,0.0,0.0,0.0,1.3823,10.5099
tetris-sat14-strips-p037,0,False,1773,11994,12255,26048,0,27154,47,0,0,0,0,0,0,,0.0,34.0,34,34,0.3541,0.9674,0.0381,0.0566,0.0,0.0,0.0,0.3097,1.7288
tetris-sat14-strips-p038,0,False,2980,33929,35472,72405,0,75435,38,0,0,0,0,0,0,,0.0,33.0,33,33,1.6804,5.2769,0.1489,0.2251,0.0,0.0,0.0,1.5748,8.9131
tetris-sat14-strips-p039,0,False,4095,49442,51588,105154,0,110435,43,0,0,0,0,0,0,,0.0,41.0,41,41,3.2622,11.7975,0.3126,0.4215,0.0,0.0,0.0,2.9496,18.7555
tetris-sat14-strips-p040,0,False,3167,34620,36272,74088,0,77896,42,0,0,0,0,0,0,,0.0,39.0,39,39,1.8162,5.772,0.1818,0.2469,0.0,0.0,0.0,1.7455,9.7718
thoughtful-mco14-strips-p11_6_65-typed,2,True,417,6375,27829,34793,0,45385,116,0,1647,0,179,0,1158,,0.0,60.621,78,78,0.076,0.43,0.2009,0.0523,0.0,0.1021,0.0,899.2646,900.0287
thoughtful-mco14-strips-p11_6_74-typed,2,True,427,6872,30165,37634,0,48015,109,0,563,0,88,0,273,,0.0,67.002,79,79,0.0912,0.4287,0.277,0.0568,0.0,0.0538,0.0,899.1896,900.0501
thoughtful-mco14-strips-p11_6_75-typed,2,True,422,6567,28309,35470,0,47101,113,0,1789,0,234,0,1236,,0.0,61.352,81,81,0.0796,0.4751,0.1914,0.0533,0.0,0.1361,0.0,899.2289,900.0328
thoughtful-mco14-strips-p11_6_78-typed,2,True,420,6750,29366,36704,0,47786,114,0,878,0,115,0,739,,0.0,59.413,79,79,0.0801,0.512,0.2164,0.0546,0.0,0.0673,0.0,899.1861,900.0558
thoughtful-mco14-strips-p11_6_88-typed,2,True,424,6706,29851,37148,0,47728,103,0,832,0,100,0,546,,0.0,61.0,83,83,0.0761,0.4973,0.2568,0.0554,0.0,0.0605,0.0,899.1433,900.0372
thoughtful-mco14-strips-p11_6_89-typed,2,True,413,6473,27592,34649,0,45090,133,0,651,0,92,0,360,,0.0,72.333,86,85,0.0763,0.534,0.2299,0.0514,0.0,0.0553,0.0,899.145,900.0403
thoughtful-mco14-strips-p11_6_98-typed,2,True,411,6196,25687,32468,0,42369,109,0,1439,0,245,0,1293,,0.0,66.0,82,81,0.076,0.4534,0.2131,0.0471,0.0,0.127,0.0,899.2261,900.019
thoughtful-mco14-strips-p11_6_99-typed,2,True,414,6104,25753,32442,0,42536,116,0,643,0,64,0,296,,0.0,62.5,82,82,0.084,0.6423,0.209,0.0481,0.0,0.0326,0.0,899.0393,900.0266
thoughtful-mco14-strips-p13_7_55-typed,2,True,462,7193,31453,39314,0,51254,137,0,93,0,9,0,48,,0.0,71.985,97,97,0.087,0.5914,0.3482,0.0652,0.0,0.0055,0.0,898.9572,900.053
thoughtful-mco14-strips-p13_7_56-typed,2,True,473,7927,35008,43613,0,56039,125,0,388,0,46,0,283,,0.0,72.291,91,91,0.0959,0.6055,0.3616,0.0713,0.0,0.0323,0.0,898.8946,900.0343
thoughtful-mco14-strips-p13_7_58-typed,2,True,465,7278,31874,39822,0,52129,122,0,1763,0,164,0,1223,,0.0,74.432,97,97,0.0823,0.5213,0.3542,0.0646,0.0,0.1045,0.0,898.9971,900.0236
thoughtful-mco14-strips-p13_7_61-typed,2,True,470,7800,34287,42761,0,54902,129,0,258,0,26,0,30,,0.0,75.0,100,100,0.0957,0.765,0.3709,0.0697,0.0,0.016,0.0,898.7497,900.0556
thoughtful-mco14-strips-p13_7_62-typed,2,True,470,7615,33123,41414,0,53303,141,0,608,0,78,0,393,,0.0,74.303,98,98,0.0926,0.6667,0.3726,0.0675,0.0,0.0505,0.0,898.8221,900.0265
thoughtful-mco14-strips-p13_7_64-typed,2,True,465,7651,33431,41754,0,53860,140,0,147,0,16,0,138,,0.0,77.379,102,102,0.0983,0.8014,0.2782,0.0686,0.0,0.0106,0.0,898.7838,900.0358
thoughtful-mco14-strips-p13_7_68-typed,2,True,459,7288,30916,38870,0,50920,134,0,654,0,64,0,371,,0.0,72.587,102,101,0.1199,0.9378,0.3421,0.0652,0.0,0.0422,0.0,898.5817,900.0522
thoughtful-mco14-strips-p13_7_69-typed,2,True,458,7040,30074,37780,0,49116,142,0,918,0,116,0,478,,0.0,77.0,100,100,0.1199,0.825,0.2965,0.0636,0.0,0.0754,0.0,898.7278,900.0379
thoughtful-mco14-strips-p13_7_72-typed,2,True,464,7299,31347,39316,0,51459,126,0,1329,0,183,0,887,,0.0,76.0,98,97,0.1115,0.6471,0.3348,0.0648,0.0,0.1182,0.0,898.8833,900.0463
thoughtful-mco14-strips-p13_7_74-typed,2,True,463,7645,31852,40171,0,52467,117,0,115,0,17,0,23,,0.0,79.0,98,95,0.1092,0.6814,0.3425,0.0655,0.0,0.0112,0.0,898.8466,900.0534
thoughtful-mco14-strips-p13_7_79-typed,2,True,462,7587,32954,41207,0,53367,129,0,589,0,70,0,331,,0.0,71.573,98,98,0.1125,0.7266,0.2849,0.0669,0.0,0.0469,0.0,898.8399,900.0375
thoughtful-mco14-strips-p13_7_86-typed,2,True,458,7244,31435,39344,0,51192,132,0,764,0,79,0,467,,0.0,72.143,103,103,0.1137,0.7538,0.3928,0.0623,0.0,0.0532,0.0,898.6999,900.0278
thoughtful-sat14-strips-bootstrap-typed-01,0,True,108,618,2603,3405,0,4959,45,0,4129,0,1134,0,15145,,0.0,26.0,31,26,0.0276,0.0126,0.0032,0.0052,0.0,0.1767,0.0,63.6966,63.7462
thoughtful-sat14-strips-bootstrap-typed-02,0,True,108,624,2624,3433,0,4979,40,0,246,0,95,0,297,,0.0,24.0,29,24,0.026,0.0112,0.0038,0.0043,0.0,0.0116,0.0,1.4321,1.4783
thoughtful-sat14-strips-bootstrap-typed-03,0,True,109,599,2518,3303,0,4808,44,0,298,0,156,0,546,,0.0,25.0,32,25,0.0273,0.011,0.0032,0.0042,0.0,0.0196,0.0,2.6716,2.718
thoughtful-sat14-strips-bootstrap-typed-04,0,True,107,636,2639,3459,0,4938,46,0,642,0,168,0,719,,0.0,26.0,32,26,0.029,0.012,0.0033,0.0038,0.0,0.0227,0.0,7.149,7.1979
thoughtful-sat14-strips-bootstrap-typed-05,2,True,103,543,2309,3031,0,4466,49,0,22906,0,4774,0,135303,,0.0,25.106,34,30,0.0269,0.011,0.0036,0.0035,0.0,0.9746,0.0,901.9475,902.5217
thoughtful-sat14-strips-p11_6_53-typed,2,True,418,6486,28334,35406,0,45824,111,0,672,0,93,0,469,,0.0,65.125,85,85,0.096,0.5587,0.1899,0.0532,0.0,0.0501,0.0,899.1224,900.025
thoughtful-sat14-strips-p11_6_59-typed,2,True,416,6436,27891,34911,0,45762,108,0,874,0,93,0,558,,0.0,61.607,82,82,0.0918,0.509,0.2456,0.0523,0.0,0.0546,0.0,899.1275,900.0306
thoughtful-sat14-strips-p11_6_62-typed,2,True,419,6573,28376,35537,0,46460,103,0,2213,0,318,0,1221,,0.0,61.0,84,84,0.0993,0.4945,0.2143,0.0534,0.0,0.1779,0.0,899.2038,900.0723
thoughtful-sat14-strips-p13_7_78-typed,2,True,463,7558,32229,40458,0,53264,118,0,1212,0,120,0,881,,0.0,75.018,99,98,0.1141,0.9392,0.2978,0.0662,0.0,0.0824,0.0,898.6242,900.0468
thoughtful-sat14-strips-p13_7_79-typed,2,True,462,7587,32954,41207,0,53367,129,0,589,0,70,0,331,,0.0,71.573,98,98,0.0949,0.7354,0.2968,0.0676,0.0,0.0463,0.0,898.8351,900.0364
thoughtful-sat14-strips-p13_7_86-typed,2,True,458,7244,31435,39344,0,51192,132,0,757,0,78,0,463,,0.0,72.143,103,103,0.0939,0.7578,0.4074,0.0639,0.0,0.0521,0.0,898.7003,900.0283
thoughtful-sat14-strips-target-typed-20,2,True,461,7259,31237,39165,0,51476,112,0,1365,0,179,0,707,,0.0,72.0,97,97,0.0927,0.6266,0.3256,0.0637,0.0,0.1158,0.0,898.9143,900.0372
thoughtful-sat14-strips-target-typed-21,2,True,466,7402,31960,40032,0,52035,160,0,206,0,21,0,139,,0.0,80.087,100,100,0.0987,0.807,0.3427,0.0652,0.0,0.0135,0.0,898.7142,900.0326
thoughtful-sat14-strips-target-typed-22,2,True,456,7510,31990,40166,0,51963,139,0,1297,0,135,0,767,,0.0,75.329,101,101,0.1107,0.7674,0.3636,0.0666,0.0,0.0887,0.0,898.7238,900.0374
thoughtful-sat14-strips-target-typed-23,2,True,461,7321,31750,39740,0,51300,127,0,905,0,139,0,530,,0.0,82.0,100,99,0.1137,0.7087,0.3046,0.0639,0.0,0.0877,0.0,898.8463,900.0447
thoughtful-sat14-strips-target-typed-24,2,True,462,7470,33369,41507,0,52531,138,0,23,0,3,0,24,,0.0,75.0,102,102,0.1046,0.6649,0.2962,0.0681,0.0,0.002,0.0,898.9132,900.0524
thoughtful-sat14-strips-target-typed-25,2,True,461,7053,30207,37929,0,50169,114,0,1535,0,148,0,1277,,0.0,67.519,97,97,0.1185,0.6096,0.2916,0.062,0.0,0.0946,0.0,898.9557,900.0409
thoughtful-sat14-strips-target-typed-26,2,True,461,7163,31480,39312,0,51091,132,0,1071,0,123,0,730,,0.0,73.658,98,98,0.1042,0.6533,0.3045,0.0645,0.0,0.0834,0.0,898.9019,900.0402
thoughtful-sat14-strips-target-typed-27,2,True,464,7539,33080,41288,0,53792,132,0,518,0,76,0,332,,0.0,74.0,94,94,0.1065,0.6208,0.3187,0.0671,0.0,0.0475,0.0,898.9224,900.0429
thoughtful-sat14-strips-target-typed-28,2,True,454,7051,29311,37028,0,48370,135,0,951,0,105,0,499,,0.0,75.0,98,98,0.1048,0.6098,0.3593,0.0605,0.0,0.0697,0.0,898.9571,900.096
tidybot-opt11-strips-p01,0,True,0,0,4,12,0,8,0,0,0,0,1,0,0,,0.0,4.0,4,4,0.0471,0.0056,0.0,0.0012,0.0,0.0,0.0,0.0009,0.0557
tidybot-opt11-strips-p02,0,True,62,763,1447,2310,0,3018,35,0,0,0,0,0,0,,0.0,20.0,20,20,0.0675,0.026,0.0012,0.0024,0.0,0.0,0.0,0.0477,0.1457
tidybot-opt11-strips-p03,0,True,68,822,1517,2431,0,3107,19,0,0,0,0,0,0,,0.0,13.0,13,13,0.0674,0.0219,0.0007,0.0024,0.0,0.0,0.0,0.0961,0.1894
tidybot-opt11-strips-p04,0,True,57,768,1548,2421,0,3220,50,0,0,0,0,0,0,,0.0,26.0,26,26,0.0676,0.0269,0.0014,0.0025,0.0,0.0,0.0,0.3282,0.4275
tidybot-opt11-strips-p05,0,True,90,2747,5248,8119,0,8780,53,0,0,0,1,0,0,,0.0,25.0,26,25,0.1042,0.0652,0.0048,0.0062,0.0,0.0001,0.0,0.6248,0.8073
tidybot-opt11-strips-p06,0,True,89,2810,5376,8313,0,8929,55,0,0,0,0,0,0,,0.0,28.0,28,28,0.1039,0.0757,0.0058,0.0061,0.0,0.0,0.0,0.7945,0.988
tidybot-opt11-strips-p07,0,True,94,2841,5391,8350,0,8993,22,0,0,0,0,0,0,,0.0,14.0,14,14,0.1046,0.0574,0.0024,0.0063,0.0,0.0,0.0,0.3914,0.5643
tidybot-opt11-strips-p08,0,True,90,2747,5248,8119,0,8777,37,0,0,0,0,0,0,,0.0,20.0,20,20,0.0838,0.0626,0.004,0.0061,0.0,0.0,0.0,0.1428,0.3016
tidybot-opt11-strips-p09,0,True,121,6382,12341,18874,0,18575,32,0,0,0,0,0,0,,0.0,18.0,18,18,0.1439,0.1432,0.0086,0.0135,0.0,0.0,0.0,0.344,0.657
tidybot-opt11-strips-p10,0,True,125,6980,13563,20698,0,20681,52,0,505,0,135,0,1720,,0.0,25.0,27,25,0.1449,0.1791,0.0124,0.0149,0.0,0.0364,0.0,170.3217,170.6766
tidybot-opt11-strips-p11,0,True,126,6965,13521,20638,0,20565,30,0,0,0,0,0,0,,0.0,18.0,18,18,0.1442,0.1884,0.008,0.0148,0.0,0.0,0.0,3.3156,3.675
tidybot-opt11-strips-p12,0,True,125,6979,13565,20699,0,20685,52,0,475,0,116,0,1894,,0.0,25.0,27,25,0.1465,0.1716,0.0127,0.0146,0.0,0.0321,0.0,207.5735,207.9228
tidybot-opt11-strips-p13,0,True,126,6958,13510,20620,0,20567,33,0,0,0,0,0,0,,0.0,19.0,19,19,0.1462,0.1657,0.0086,0.0151,0.0,0.0,0.0,5.4444,5.7835
tidybot-opt11-strips-p14,0,True,158,10925,21291,32397,0,31980,42,0,0,0,2,0,0,,0.0,18.0,22,18,0.2468,0.2771,0.0153,0.0252,0.0,0.0008,0.0,7.6789,8.2485
tidybot-opt11-strips-p15,2,True,163,11569,22559,34310,0,33591,44,0,129,0,29,0,10077,,0.0,20.0,21,21,0.2572,0.3259,0.0175,0.0263,0.0,0.0123,0.0,899.3823,900.0152
tidybot-opt11-strips-p16,0,True,153,9562,18653,28396,0,28771,60,0,0,0,1,0,17,,0.0,25.0,26,25,0.2554,0.305,0.0171,0.0217,0.0,0.0005,0.0,53.2277,53.8311
tidybot-opt11-strips-p17,2,True,153,9885,19237,29300,0,29313,51,0,763,0,277,0,2499,,0.0,23.0,27,26,0.253,0.3063,0.0186,0.0215,0.0,0.1022,0.0,899.4334,900.0424
tidybot-opt11-strips-p18,0,True,156,10653,20738,31573,0,31049,49,0,0,0,0,0,0,,0.0,20.0,20,20,0.2481,0.3194,0.0144,0.0245,0.0,0.0,0.0,4.5295,5.1404
tidybot-opt11-strips-p19,2,True,154,10105,19732,30017,0,30086,52,0,39,0,10,0,7354,,0.0,22.0,24,23,0.2519,0.3392,0.0157,0.0228,0.0,0.0037,0.0,899.3889,900.0247
tidybot-opt11-strips-p20,0,True,145,8620,16771,25573,0,26029,64,0,0,0,0,0,0,,0.0,28.0,28,28,0.2781,0.3089,0.0179,0.0189,0.0,0.0,0.0,0.4784,1.1072
tidybot-opt14-strips-p01,0,True,153,9350,18198,27728,0,28256,65,0,0,0,0,0,0,,0.0,26.0,26,26,0.2518,0.2813,0.0167,0.0205,0.0,0.0,0.0,3.8691,4.4443
tidybot-opt14-strips-p02,2,True,151,8792,17074,26043,0,26777,66,0,109,0,28,0,29424,,0.0,26.0,29,27,0.2561,0.2812,0.0173,0.019,0.0,0.0102,0.0,899.4363,900.0341
tidybot-opt14-strips-p03,0,True,156,10693,20797,31672,0,31193,51,0,0,0,0,0,0,,0.0,21.0,21,21,0.2506,0.3038,0.0153,0.0256,0.0,0.0,0.0,3.6591,4.259
tidybot-opt14-strips-p04,2,True,160,10875,21217,32269,0,31782,37,0,1293,0,547,0,3994,,0.0,18.444,21,20,0.2441,0.3136,0.0154,0.0249,0.0,0.2103,0.0,899.4265,900.0316
tidybot-opt14-strips-p05,2,True,156,10901,21316,32400,0,32038,35,0,1764,0,432,0,1743,,0.0,18.438,23,22,0.263,0.2783,0.0168,0.0249,0.0,0.1726,0.0,899.4369,900.0269
tidybot-opt14-strips-p06,2,True,148,8595,16692,25464,0,26129,55,0,187,0,90,0,3786,,0.0,25.25,27,27,0.2587,0.3273,0.0156,0.0189,0.0,0.0297,0.0,899.3949,900.0208
tidybot-opt14-strips-p07,2,True,158,10722,20834,31738,0,31269,54,0,4936,0,1798,0,8525,,0.0,24.0,25,25,0.2477,0.3197,0.0179,0.0249,0.0,0.7142,0.0,899.4092,900.0278
tidybot-opt14-strips-p08,0,True,158,10904,21245,32330,0,31905,36,0,484,0,147,0,990,,0.0,18.0,19,18,0.2509,0.278,0.014,0.0251,0.0,0.0569,0.0,98.2523,98.8245
tidybot-opt14-strips-p09,2,True,186,14748,28776,43730,0,43368,55,0,217,0,58,0,634,,0.0,21.0,25,25,0.4151,0.5592,0.0252,0.035,0.0,0.0313,0.0,899.0018,900.0457
tidybot-opt14-strips-p10,0,True,182,14395,28129,42733,0,42396,60,0,14,0,10,0,242,,0.0,27.0,29,27,0.4429,0.5567,0.0301,0.0356,0.0,0.0051,0.0,311.7529,312.8258
tidybot-opt14-strips-p11,0,True,126,6965,13521,20638,0,20565,30,0,0,0,0,0,0,,0.0,18.0,18,18,0.1663,0.1881,0.008,0.0161,0.0,0.0,0.0,3.3087,3.6913
tidybot-opt14-strips-p12,0,True,125,6979,13565,20699,0,20685,52,0,475,0,116,0,1894,,0.0,25.0,27,25,0.1651,0.1719,0.0126,0.0166,0.0,0.0322,0.0,207.3844,207.7547
tidybot-opt14-strips-p13,0,True,126,6958,13510,20620,0,20567,33,0,0,0,0,0,0,,0.0,19.0,19,19,0.165,0.1657,0.0086,0.0162,0.0,0.0,0.0,5.4591,5.8178
tidybot-opt14-strips-p14,0,True,158,10925,21291,32397,0,31980,42,0,0,0,2,0,0,,0.0,18.0,22,18,0.2611,0.2798,0.0154,0.0265,0.0,0.0012,0.0,7.6599,8.2477
tidybot-opt14-strips-p15,2,True,163,11569,22559,34310,0,33591,44,0,129,0,29,0,10091,,0.0,20.0,21,21,0.2628,0.3249,0.0175,0.0282,0.0,0.0121,0.0,899.4042,900.0436
tidybot-opt14-strips-p16,0,True,153,9562,18653,28396,0,28771,60,0,0,0,1,0,17,,0.0,25.0,26,25,0.2541,0.3046,0.0169,0.0235,0.0,0.0007,0.0,53.074,53.6778
tidybot-opt14-strips-p17,2,True,153,9885,19237,29300,0,29313,51,0,763,0,277,0,2499,,0.0,23.0,27,26,0.2542,0.3063,0.0185,0.023,0.0,0.1004,0.0,899.4269,900.0383
tidybot-opt14-strips-p18,0,True,156,10653,20738,31573,0,31049,49,0,0,0,0,0,0,,0.0,20.0,20,20,0.2486,0.3198,0.0145,0.0246,0.0,0.0,0.0,4.4592,5.0713
tidybot-opt14-strips-p19,2,True,154,10105,19732,30017,0,30086,52,0,39,0,10,0,7372,,0.0,22.0,24,23,0.27,0.3418,0.0159,0.0242,0.0,0.0038,0.0,899.3655,900.0227
tidybot-opt14-strips-p20,0,True,145,8620,16771,25573,0,26029,64,0,0,0,0,0,0,,0.0,28.0,28,28,0.2677,0.3094,0.0178,0.0198,0.0,0.0,0.0,0.4792,1.0989
tidybot-sat11-strips-p01,0,True,153,9350,18198,27728,0,28256,65,0,0,0,0,0,0,,0.0,26.0,26,26,0.2529,0.2804,0.0166,0.0218,0.0,0.0,0.0,3.8891,4.4659
tidybot-sat11-strips-p02,2,True,151,8792,17074,26043,0,26777,66,0,109,0,28,0,29433,,0.0,26.0,29,27,0.255,0.2827,0.0173,0.0212,0.0,0.0098,0.0,899.4353,900.0366
tidybot-sat11-strips-p03,0,True,156,10693,20797,31672,0,31193,51,0,0,0,0,0,0,,0.0,21.0,21,21,0.2664,0.3011,0.0152,0.0256,0.0,0.0,0.0,3.6796,4.2924
tidybot-sat11-strips-p04,2,True,160,10875,21217,32269,0,31782,37,0,1293,0,547,0,4000,,0.0,18.444,21,20,0.247,0.313,0.0154,0.0252,0.0,0.2099,0.0,899.4307,900.0375
tidybot-sat11-strips-p05,2,True,156,10901,21316,32400,0,32038,35,0,1764,0,432,0,1743,,0.0,18.438,23,22,0.2464,0.2789,0.0167,0.0258,0.0,0.1719,0.0,899.45,900.0269
tidybot-sat11-strips-p06,2,True,148,8595,16692,25464,0,26129,55,0,189,0,91,0,3788,,0.0,25.25,27,27,0.2551,0.325,0.0157,0.0195,0.0,0.0301,0.0,899.4055,900.0257
tidybot-sat11-strips-p07,2,True,158,10722,20834,31738,0,31269,54,0,4928,0,1796,0,8512,,0.0,24.0,25,25,0.2707,0.3191,0.0181,0.0247,0.0,0.7132,0.0,899.3851,900.0289
tidybot-sat11-strips-p08,0,True,158,10904,21245,32330,0,31905,36,0,484,0,147,0,990,,0.0,18.0,19,18,0.2663,0.2771,0.0139,0.026,0.0,0.0578,0.0,98.6383,99.2259
tidybot-sat11-strips-p09,2,True,186,14748,28776,43730,0,43368,55,0,217,0,58,0,636,,0.0,21.0,25,25,0.4364,0.5567,0.0254,0.0345,0.0,0.0311,0.0,898.9816,900.0434
tidybot-sat11-strips-p10,0,True,182,14395,28129,42733,0,42396,60,0,14,0,10,0,242,,0.0,27.0,29,27,0.4512,0.5587,0.0302,0.0335,0.0,0.0053,0.0,311.9328,313.0144
tidybot-sat11-strips-p11,2,True,195,19284,37817,57320,0,54226,57,0,317,0,90,0,1303,,0.0,24.5,28,28,0.4118,0.593,0.042,0.0469,0.0,0.0574,0.0,898.9561,900.0578
tidybot-sat11-strips-p12,2,True,200,20468,40175,60865,0,57451,43,0,90,0,22,0,224,,0.0,18.421,23,22,0.3876,0.5786,0.0358,0.0513,0.0,0.0157,0.0,899.0102,900.0733
tidybot-sat11-strips-p13,2,True,187,16709,32782,49708,0,48594,52,0,166,0,35,0,807,,0.0,21.8,27,26,0.4048,0.5148,0.0322,0.0419,0.0,0.021,0.0,899.0542,900.0567
tidybot-sat11-strips-p14,0,True,182,14312,27958,42482,0,42034,59,0,0,0,1,0,0,,0.0,26.0,27,26,0.4112,0.5724,0.0296,0.0337,0.0,0.0005,0.0,16.8918,17.9466
tidybot-sat11-strips-p15,0,True,185,16605,32472,49294,0,47174,66,0,1,0,2,0,0,,0.0,28.0,29,28,0.3999,0.6974,0.0376,0.0416,0.0,0.0011,0.0,11.752,12.938
tidybot-sat11-strips-p16,2,True,193,19653,38612,58488,0,55547,56,0,354,0,59,0,1260,,0.0,23.0,28,28,0.3898,0.6243,0.0422,0.048,0.0,0.0436,0.0,898.9348,900.0496
tidybot-sat11-strips-p17,2,True,230,25953,50979,77181,0,73667,59,0,118,0,38,0,304,,0.0,23.0,34,29,0.6595,1.0405,0.0854,0.068,0.0,0.0315,0.0,898.2116,900.0793
tidybot-sat11-strips-p18,2,True,230,27560,54257,82072,0,77900,49,0,219,0,46,0,437,,0.0,21.041,26,26,0.6362,0.9719,0.0807,0.0756,0.0,0.043,0.0,898.3198,900.0974
tidybot-sat11-strips-p19,2,True,262,24662,48489,73483,0,75095,112,0,89,0,17,0,15,,0.0,49.667,59,59,1.4427,2.4819,0.13,0.0739,0.0,0.0146,0.0,895.9133,900.0663
tidybot-sat11-strips-p20,2,True,268,32324,63714,96353,0,93776,99,0,10,0,1,0,2,,0.0,40.065,46,46,1.5834,2.0912,0.1762,0.0948,0.0,0.0011,0.0,896.0944,900.0628
tpp-p01,0,True,0,2,5,14,0,15,0,0,0,0,1,0,0,,0.0,4.0,4,4,0.0252,0.0,0.0,0.0028,0.0,0.0,0.0,0.0013,0.0297
tpp-p02,0,True,0,3,9,25,0,28,0,0,0,0,1,0,0,,0.0,7.0,7,7,0.0259,0.0001,0.0,0.0016,0.0,0.0,0.0,0.0013,0.0292
tpp-p03,0,True,0,4,13,36,0,41,0,0,0,0,1,0,0,,0.0,10.0,10,10,0.0084,0.0001,0.0,0.0024,0.0,0.0,0.0,0.0013,0.0125
tpp-p04,0,True,0,5,17,47,0,54,0,0,0,0,1,0,0,,0.0,13.0,13,13,0.0217,0.0001,0.0,0.0013,0.0,0.0,0.0,0.0014,0.0249
tpp-p05,0,True,14,34,44,107,0,125,51,0,0,0,0,0,0,,0.0,17.0,17,17,0.0259,0.0002,0.0,0.0014,0.0,0.0,0.0,0.0044,0.0323
tpp-p06,0,True,37,74,84,212,0,272,63,0,0,0,0,0,0,,0.0,21.0,21,21,0.023,0.0007,0.0001,0.0014,0.0,0.0,0.0,0.0062,0.0319
tpp-p07,0,True,42,88,100,252,0,324,78,0,0,0,0,0,0,,0.0,26.0,26,26,0.0058,0.0008,0.0002,0.0011,0.0,0.0,0.0,0.0067,0.0152
tpp-p08,0,True,47,100,114,287,0,370,90,0,0,0,0,0,0,,0.0,30.0,30,30,0.0059,0.001,0.0002,0.0013,0.0,0.0,0.0,0.0073,0.0163
tpp-p09,0,True,81,195,213,515,0,650,105,0,0,0,0,0,0,,0.0,35.0,35,35,0.0065,0.0022,0.0004,0.0015,0.0,0.0,0.0,0.0103,0.0214
tpp-p10,0,True,91,225,243,587,0,740,117,0,0,0,0,0,0,,0.0,39.0,39,39,0.0073,0.0027,0.0005,0.0014,0.0,0.0,0.0,0.0115,0.0237
tpp-p11,0,True,93,219,252,587,0,771,90,0,0,0,0,0,0,,0.0,30.0,30,30,0.0085,0.0034,0.0004,0.0014,0.0,0.0,0.0,0.012,0.0261
tpp-p12,0,True,109,255,291,678,0,894,96,0,0,0,0,0,0,,0.0,32.0,32,32,0.0093,0.0045,0.0005,0.0014,0.0,0.0,0.0,0.014,0.0303
tpp-p13,0,True,169,458,486,1128,0,1459,93,0,0,0,0,0,0,,0.0,31.0,31,31,0.0145,0.0088,0.0009,0.0019,0.0,0.0,0.0,0.0232,0.0499
tpp-p14,0,True,188,530,562,1301,0,1679,117,0,0,0,0,0,0,,0.0,39.0,39,39,0.014,0.0119,0.0012,0.002,0.0,0.0,0.0,0.0266,0.0564
tpp-p15,0,True,207,594,630,1456,0,1879,134,0,0,0,0,0,0,,0.0,45.0,45,45,0.0144,0.0144,0.0016,0.002,0.0,0.0,0.0,0.0296,0.0628
tpp-p16,0,True,319,997,1057,2401,0,3164,156,0,0,0,0,0,0,,0.0,52.0,52,52,0.029,0.0426,0.0038,0.0031,0.0,0.0,0.0,0.0545,0.1338
tpp-p17,0,True,398,1300,1385,3106,0,4095,150,0,0,0,0,0,0,,0.0,50.0,50,50,0.04,0.0651,0.0044,0.004,0.0,0.0,0.0,0.063,0.1775
tpp-p18,0,True,431,1415,1505,3373,0,4452,153,0,0,0,0,0,0,,0.0,51.0,51,51,0.0433,0.0745,0.005,0.0043,0.0,0.0,0.0,0.0671,0.195
tpp-p19,0,True,472,1625,1715,3843,0,5037,186,0,0,0,0,0,0,,0.0,62.0,62,62,0.0502,0.0956,0.007,0.005,0.0,0.0,0.0,0.0746,0.2334
tpp-p20,0,True,505,1770,1865,4176,0,5466,207,0,0,0,0,0,0,,0.0,69.0,69,69,0.0557,0.1135,0.0098,0.0054,0.0,0.0,0.0,0.0792,0.2647
tpp-p21,0,True,551,2155,2263,5005,0,6522,178,0,0,0,0,0,0,,0.0,60.0,60,60,0.1071,0.1835,0.0105,0.0068,0.0,0.0,0.0,0.0913,0.4007
tpp-p22,0,True,598,2286,2406,5317,0,6970,162,0,0,0,0,0,0,,0.0,54.0,54,54,0.1023,0.1959,0.0101,0.0071,0.0,0.0,0.0,0.095,0.4118
tpp-p23,0,True,638,2439,2559,5671,0,7423,188,0,0,0,0,0,0,,0.0,63.0,63,63,0.1139,0.2364,0.0117,0.0078,0.0,0.0,0.0,0.103,0.4744
tpp-p24,0,True,679,2564,2690,5968,0,7821,195,0,0,0,0,0,0,,0.0,65.0,65,65,0.1245,0.2608,0.0159,0.0087,0.0,0.0,0.0,0.109,0.5207
tpp-p25,0,True,826,3393,3554,7816,0,10187,221,0,0,0,0,0,0,,0.0,74.0,74,74,0.1809,0.4326,0.0281,0.0116,0.0,0.0,0.0,0.1412,0.7967
tpp-p26,0,True,1089,4926,5136,11195,0,14674,228,0,0,0,0,0,0,,0.0,77.0,77,77,0.3555,0.8798,0.041,0.0195,0.0,0.0,0.0,0.2028,1.5017
tpp-p27,0,True,1144,5123,5340,11655,0,15278,247,0,0,0,0,0,0,,0.0,83.0,83,83,0.3863,0.9711,0.0549,0.0213,0.0,0.0,0.0,0.2128,1.6494
tpp-p28,0,True,1212,5472,5703,12437,0,16308,257,0,0,0,0,0,0,,0.0,87.0,87,87,0.4334,1.109,0.0626,0.0233,0.0,0.0,0.0,0.2273,1.8589
tpp-p29,0,True,1429,7072,7352,15914,0,20714,297,0,0,0,0,0,0,,0.0,102.0,102,102,0.6002,1.6234,0.0761,0.0325,0.0,0.0,0.0,0.9253,3.262
tpp-p30,0,True,1508,7528,7816,16910,0,22024,297,0,0,0,0,0,0,,0.0,101.0,101,101,0.6643,1.897,0.064,0.0364,0.0,0.0,0.0,0.8368,3.5033
transport-opt08-strips-p01,0,False,18,32,56,108,0,126,13,0,0,0,0,0,0,,0.0,54.0,54,54,0.0054,0.0002,0.0,0.0012,0.0,0.0,0.0,0.0049,0.0122
transport-opt08-strips-p02,0,False,36,140,251,430,0,548,41,0,0,0,0,0,0,,0.0,119.0,119,119,0.0062,0.001,0.0001,0.0012,0.0,0.0,0.0,0.0141,0.0231
transport-opt08-strips-p03,0,False,60,230,390,684,0,877,79,0,2,0,4,0,0,,0.0,165.0,175,165,0.0077,0.0025,0.0003,0.0014,0.0,0.0001,0.0,0.0328,0.0452
transport-opt08-strips-p04,0,False,90,583,1051,1729,0,2184,96,0,119,0,121,0,3773,,0.0,189.0,205,189,0.0083,0.0059,0.0013,0.0023,0.0,0.0053,0.0,1.3243,1.343
transport-opt08-strips-p05,0,False,126,745,1409,2286,0,2851,137,0,1109,0,483,0,80336,,0.0,227.0,280,227,0.0128,0.0128,0.0026,0.0027,0.0,0.0389,0.0,40.9959,41.0275
transport-opt08-strips-p06,2,False,196,1986,3430,5619,0,7177,178,0,3581,0,795,0,211677,,0.0,221.333,287,265,0.0218,0.039,0.0095,0.0056,0.0,0.1221,0.0,902.6425,904.7638
transport-opt08-strips-p07,2,False,248,2434,4354,7044,0,8967,216,0,2696,0,788,0,165217,,0.0,293.694,342,324,0.0263,0.0669,0.0145,0.0067,0.0,0.123,0.0,901.8393,902.5132
transport-opt08-strips-p08,2,False,306,3167,5701,9183,0,11674,228,0,2595,0,399,0,147855,,0.0,223.0,260,256,0.0328,0.1024,0.0186,0.0091,0.0,0.079,0.0,899.8544,900.1189
transport-opt08-strips-p09,2,False,370,3429,6565,10374,0,12939,229,0,3895,0,572,0,110983,,0.0,197.5,337,294,0.0428,0.1419,0.0235,0.0111,0.0,0.1295,0.0,904.3526,906.9525
transport-opt08-strips-p10,2,False,440,4810,8632,13893,0,17641,300,0,3637,0,404,0,54599,,0.0,252.25,427,362,0.0552,0.2118,0.0484,0.016,0.0,0.117,0.0,908.6846,910.186
transport-opt08-strips-p11,0,False,22,66,126,216,0,270,21,0,0,0,0,0,0,,0.0,245.0,245,245,0.0226,0.0004,0.0001,0.0015,0.0,0.0,0.0,0.0069,0.0318
transport-opt08-strips-p12,0,False,46,196,364,609,0,776,44,0,0,0,0,0,0,,0.0,305.0,305,305,0.0062,0.0015,0.0003,0.0015,0.0,0.0,0.0,0.014,0.024
transport-opt08-strips-p13,0,False,78,460,833,1375,0,1751,91,0,96,0,54,0,0,,0.0,318.0,338,318,0.0096,0.0045,0.001,0.002,0.0,0.0022,0.0,0.2209,0.2386
transport-opt08-strips-p14,0,False,118,692,1257,2072,0,2661,106,0,634,0,267,0,31051,,0.0,382.0,382,382,0.0133,0.0096,0.0016,0.0026,0.0,0.0178,0.0,10.725,10.7531
transport-opt08-strips-p15,0,False,166,1168,2110,3450,0,4386,149,0,140,0,114,0,69,,0.0,343.0,450,343,0.0157,0.0233,0.0039,0.0034,0.0,0.0087,0.0,0.7922,0.8394
transport-opt08-strips-p16,2,False,256,2293,4185,6741,0,8522,237,0,3143,0,544,0,161040,,0.0,446.642,578,482,0.0257,0.0687,0.0114,0.0064,0.0,0.0934,0.0,899.899,900.1425
transport-opt08-strips-p17,2,False,325,3076,5704,9113,0,11540,277,0,3967,0,625,0,135423,,0.0,482.4,658,553,0.0354,0.1184,0.0176,0.0099,0.0,0.1286,0.0,903.8837,904.952
transport-opt08-strips-p18,2,False,402,3796,7216,11423,0,14280,275,0,2366,0,325,0,119817,,0.0,430.75,564,498,0.069,0.1859,0.0268,0.0126,0.0,0.0771,0.0,899.7235,900.0679
transport-opt08-strips-p19,2,False,487,5347,9577,15421,0,19597,276,0,2758,0,365,0,34477,,0.0,425.868,551,532,0.0835,0.2539,0.0462,0.0198,0.0,0.1087,0.0,907.5821,908.3883
transport-opt08-strips-p20,2,False,580,5577,10824,16992,0,21281,359,0,4213,0,398,0,49382,,0.0,556.5,748,726,0.1018,0.3789,0.055,0.0268,0.0,0.1305,0.0,899.4533,900.1268
transport-opt08-strips-p21,0,False,18,60,108,188,0,230,17,0,0,0,0,0,0,,0.0,320.0,320,320,0.0243,0.0003,0.0001,0.0025,0.0,0.0,0.0,0.0068,0.0343
transport-opt08-strips-p22,0,False,36,142,254,435,0,562,54,0,117,0,89,0,692,,0.0,433.0,434,433,0.0246,0.001,0.0001,0.0015,0.0,0.0022,0.0,0.1325,0.1604
transport-opt08-strips-p23,0,False,60,278,531,873,0,1102,80,0,490,0,265,0,30423,,0.0,505.0,555,505,0.0076,0.0026,0.0003,0.0016,0.0,0.0099,0.0,5.7251,5.7381
transport-opt08-strips-p24,0,False,90,472,897,1464,0,1840,118,0,61,0,53,0,57,,0.0,428.0,678,428,0.0102,0.0059,0.0009,0.002,0.0,0.0021,0.0,0.1521,0.1719
transport-opt08-strips-p25,0,False,126,825,1511,2468,0,3132,139,0,413,0,300,0,9187,,0.0,549.0,574,549,0.0127,0.0119,0.002,0.0029,0.0,0.019,0.0,8.3796,8.4099
transport-opt08-strips-p26,2,False,196,1615,3041,4859,0,6086,172,0,2683,0,832,0,271028,,0.0,469.0,607,514,0.0214,0.0373,0.0057,0.0044,0.0,0.1078,0.0,899.94,900.1641
transport-opt08-strips-p27,2,False,248,2386,4378,7020,0,8833,205,0,3244,0,817,0,162983,,0.0,433.375,589,532,0.0269,0.0636,0.0094,0.0065,0.0,0.1324,0.0,903.199,904.8204
transport-opt08-strips-p28,2,False,306,2688,5147,8150,0,10194,227,0,3980,0,526,0,131668,,0.0,468.0,697,641,0.0545,0.0982,0.0198,0.0083,0.0,0.1042,0.0,903.1811,903.8818
transport-opt08-strips-p29,2,False,370,3613,6692,10685,0,13435,266,0,5840,0,735,0,113234,,0.0,521.0,873,832,0.0632,0.1524,0.0284,0.0126,0.0,0.1696,0.0,899.759,900.0231
transport-opt08-strips-p30,2,False,440,4055,7778,12284,0,15327,290,0,4234,0,481,0,76721,,0.0,531.25,795,709,0.0748,0.2168,0.0304,0.0146,0.0,0.1301,0.0,899.6892,900.1705
transport-opt11-strips-p01,0,False,60,278,531,873,0,1102,80,0,490,0,265,0,30423,,0.0,505.0,555,505,0.0247,0.0026,0.0003,0.0021,0.0,0.01,0.0,5.713,5.7435
transport-opt11-strips-p02,0,False,60,230,390,684,0,877,79,0,2,0,4,0,0,,0.0,165.0,175,165,0.0238,0.0024,0.0003,0.002,0.0,0.0001,0.0,0.0329,0.0619
transport-opt11-strips-p03,0,False,46,196,364,609,0,776,44,0,0,0,0,0,0,,0.0,305.0,305,305,0.0267,0.0015,0.0002,0.0015,0.0,0.0,0.0,0.0142,0.0447
transport-opt11-strips-p04,0,False,78,460,833,1375,0,1751,91,0,96,0,54,0,0,,0.0,318.0,338,318,0.008,0.0045,0.001,0.0021,0.0,0.0021,0.0,0.2221,0.2383
transport-opt11-strips-p05,0,False,90,472,897,1464,0,1840,118,0,61,0,53,0,57,,0.0,428.0,678,428,0.0298,0.0059,0.001,0.0021,0.0,0.0022,0.0,0.1526,0.192
transport-opt11-strips-p06,0,False,90,583,1051,1729,0,2184,96,0,119,0,121,0,3773,,0.0,189.0,205,189,0.0259,0.0059,0.0011,0.0024,0.0,0.0055,0.0,1.3224,1.3584
transport-opt11-strips-p07,0,False,110,578,1100,1794,0,2249,101,0,63,0,43,0,0,,0.0,170.0,198,170,0.0124,0.0085,0.0012,0.0023,0.0,0.0021,0.0,0.2909,0.3162
transport-opt11-strips-p08,0,False,132,953,1753,2844,0,3616,146,0,1364,0,515,0,112212,,0.0,214.0,263,214,0.0136,0.0173,0.0026,0.0036,0.0,0.043,0.0,144.4796,144.5176
transport-opt11-strips-p09,0,False,132,743,1419,2301,0,2866,113,0,672,0,246,0,14721,,0.0,151.0,169,151,0.0136,0.0132,0.002,0.0026,0.0,0.0177,0.0,7.722,7.7545
transport-opt11-strips-p10,0,False,156,1133,2107,3403,0,4316,151,0,490,0,122,0,29092,,0.0,243.0,243,243,0.0164,0.0223,0.0037,0.0034,0.0,0.0119,0.0,40.2336,40.2804
transport-opt11-strips-p11,2,False,146,883,1699,2736,0,3412,131,0,2500,0,538,0,1329871,,0.0,401.714,430,404,0.0332,0.0179,0.0032,0.003,0.0,0.0588,0.0,899.9482,900.086
transport-opt11-strips-p12,2,False,171,1330,2554,4063,0,5078,149,0,2752,0,598,0,489536,,0.0,393.5,454,438,0.0179,0.031,0.0045,0.0043,0.0,0.074,0.0,899.952,900.1391
transport-opt11-strips-p13,0,False,156,1060,1974,3198,0,4055,103,0,0,0,1,0,0,,0.0,224.0,229,224,0.0332,0.0162,0.0039,0.0032,0.0,0.0001,0.0,0.0855,0.1429
transport-opt11-strips-p14,0,False,182,1445,2685,4320,0,5470,137,0,2086,0,750,0,365683,,0.0,240.0,257,240,0.0189,0.0304,0.0051,0.0039,0.0,0.0952,0.0,558.0347,558.094
transport-opt11-strips-p15,0,False,171,1088,2090,3358,0,4164,190,0,391,0,250,0,68810,,0.0,589.0,720,589,0.017,0.0252,0.0043,0.0036,0.0,0.0213,0.0,54.8775,54.9286
transport-opt11-strips-p16,2,False,198,1577,3025,4809,0,5969,182,0,3072,0,1041,0,497282,,0.0,534.25,854,561,0.0214,0.0398,0.0071,0.0046,0.0,0.1355,0.0,899.9324,900.1648
transport-opt11-strips-p17,0,False,126,745,1409,2286,0,2851,137,0,1109,0,483,0,80336,,0.0,227.0,280,227,0.0126,0.0127,0.0024,0.0026,0.0,0.0392,0.0,41.1248,41.1557
transport-opt11-strips-p18,0,False,118,692,1257,2072,0,2661,106,0,630,0,266,0,31051,,0.0,382.0,382,382,0.0285,0.0096,0.0016,0.0026,0.0,0.0174,0.0,10.7142,10.7573
transport-opt11-strips-p19,0,False,126,825,1511,2468,0,3132,139,0,413,0,300,0,9187,,0.0,549.0,574,549,0.0125,0.0126,0.0022,0.003,0.0,0.0194,0.0,8.351,8.3821
transport-opt11-strips-p20,2,False,196,1986,3430,5619,0,7177,178,0,3594,0,798,0,210850,,0.0,221.273,287,265,0.038,0.0375,0.0087,0.0059,0.0,0.1221,0.0,902.9253,904.977
transport-opt14-strips-p01,0,False,36,127,237,404,0,494,53,0,21,0,7,0,0,,0.0,90.0,90,90,0.0251,0.0011,0.0001,0.0015,0.0,0.0002,0.0,0.0284,0.0568
transport-opt14-strips-p02,0,False,66,287,503,860,0,1115,60,0,219,0,148,0,428,,0.0,127.0,145,127,0.0077,0.0028,0.0005,0.0017,0.0,0.0047,0.0,0.2493,0.2627
transport-opt14-strips-p03,0,False,90,521,981,1597,0,2002,87,0,97,0,64,0,319,,0.0,174.0,190,174,0.0086,0.0058,0.0011,0.002,0.0,0.0029,0.0,0.478,0.4963
transport-opt14-strips-p04,0,False,134,791,1489,2419,0,3061,112,0,413,0,275,0,6945,,0.0,164.0,164,164,0.0136,0.0141,0.0017,0.0027,0.0,0.0162,0.0,7.5179,7.5511
transport-opt14-strips-p05,2,False,177,1664,2948,4795,0,6091,162,0,2448,0,1135,0,226708,,0.0,250.0,334,263,0.0179,0.0322,0.0083,0.0044,0.0,0.1327,0.0,899.9457,900.0481
transport-opt14-strips-p06,0,False,195,1394,2674,4269,0,5391,160,0,641,0,353,0,57138,,0.0,260.0,272,260,0.0183,0.0339,0.0041,0.0042,0.0,0.0341,0.0,99.1255,99.187
transport-opt14-strips-p07,0,False,66,318,606,994,0,1260,60,0,0,0,1,0,0,,0.0,360.0,375,360,0.0082,0.0031,0.0004,0.0017,0.0,0.0,0.0,0.025,0.0391
transport-opt14-strips-p08,0,False,126,639,1199,1968,0,2512,136,0,8,0,3,0,0,,0.0,370.0,383,370,0.0116,0.0115,0.0014,0.0024,0.0,0.0002,0.0,0.1275,0.1552
transport-opt14-strips-p09,2,False,174,1059,1999,3237,0,4097,154,0,2559,0,663,0,501198,,0.0,366.25,450,394,0.0155,0.0224,0.0035,0.0033,0.0,0.0735,0.0,903.0262,905.3684
transport-opt14-strips-p10,2,False,254,2004,3674,5937,0,7639,245,0,4230,0,855,0,170455,,0.0,413.333,520,517,0.0256,0.0619,0.0072,0.006,0.0,0.1434,0.0,899.9056,900.1275
transport-opt14-strips-p11,2,False,339,2926,5488,8759,0,11056,249,0,3908,0,714,0,105683,,0.0,454.608,590,552,0.0359,0.1193,0.0145,0.0091,0.0,0.1382,0.0,903.4557,903.9844
transport-opt14-strips-p12,2,False,375,3159,5777,9317,0,11944,335,0,3015,0,442,0,128234,,0.0,479.0,611,570,0.0596,0.1441,0.0187,0.0104,0.0,0.0917,0.0,902.3213,903.6055
transport-opt14-strips-p13,0,False,96,549,997,1646,0,2121,112,0,2191,0,691,0,189729,,0.0,473.0,500,473,0.0335,0.0067,0.001,0.0039,0.0,0.0545,0.0,93.1278,93.1737
transport-opt14-strips-p14,0,False,186,1019,1790,2999,0,3914,104,0,0,0,1,0,0,,0.0,336.0,339,336,0.4323,0.0192,0.0022,0.0564,0.0,0.0001,0.0,0.1051,0.6191
transport-opt14-strips-p15,2,False,258,1649,2944,4856,0,6273,205,0,5175,0,1604,0,325351,,0.0,403.0,601,601,0.4929,0.0489,0.0059,0.1085,0.0,0.2281,0.0,899.3587,900.109
transport-opt14-strips-p16,2,False,374,2741,4942,8062,0,10453,229,0,4193,0,897,0,132655,,0.0,369.5,593,586,0.4767,0.1079,0.012,0.0636,0.0,0.1704,0.0,899.3572,900.062
transport-opt14-strips-p17,2,False,501,4705,8575,13787,0,17580,325,0,2900,0,411,0,34529,,0.0,432.0,683,674,0.5162,0.2464,0.0258,0.0765,0.0,0.1014,0.0,899.1499,900.0446
transport-opt14-strips-p18,2,False,555,5002,9108,14671,0,18745,335,0,3537,0,1034,0,52592,,0.0,449.0,673,668,0.066,0.2846,0.0301,0.0192,0.0,0.2651,0.0,899.6178,900.1008
transport-opt14-strips-p19,2,False,616,5014,9478,15115,0,19095,338,0,3055,0,813,0,49668,,0.0,532.0,923,779,0.0792,0.3455,0.0277,0.0235,0.0,0.1997,0.0,899.5445,900.0308
transport-opt14-strips-p20,2,False,616,5014,9478,15115,0,19095,338,0,3055,0,813,0,49685,,0.0,532.0,923,779,0.0981,0.3461,0.0279,0.0239,0.0,0.1967,0.0,899.5106,900.0134
transport-sat08-strips-p01,0,False,26,82,142,252,0,309,22,0,0,0,0,0,0,,0.0,54.0,54,54,0.0227,0.0005,0.0001,0.0015,0.0,0.0,0.0,0.0083,0.0335
transport-sat08-strips-p02,0,False,66,299,531,900,0,1162,57,0,0,0,1,0,0,,0.0,152.0,155,152,0.4304,0.0025,0.0003,0.0639,0.0,0.0,0.0,0.0723,0.5714
transport-sat08-strips-p03,0,False,150,1227,2243,3626,0,4565,137,0,2269,0,760,0,232089,,0.0,211.0,238,211,0.0171,0.0211,0.0045,0.0038,0.0,0.085,0.0,353.2152,353.2629
transport-sat08-strips-p04,2,False,237,2179,3882,6306,0,8051,169,0,3961,0,764,0,217091,,0.0,198.333,247,243,0.0443,0.0512,0.0062,0.0059,0.0,0.1254,0.0,899.9079,900.1259
transport-sat08-strips-p05,2,False,344,3003,5765,9122,0,11399,227,0,3824,0,613,0,130759,,0.0,246.0,363,297,0.0474,0.1202,0.0131,0.0096,0.0,0.1196,0.0,903.3424,904.0342
transport-sat08-strips-p06,2,False,516,6545,12245,19318,0,24265,273,0,2168,0,192,0,4654,,0.0,211.557,430,430,0.1028,0.3611,0.0622,0.0239,0.0,0.0638,0.0,899.465,900.0219
transport-sat08-strips-p07,2,False,670,9375,16833,26892,0,34274,383,0,988,0,89,0,1790,,0.0,312.161,462,462,0.1491,0.6844,0.1073,0.0395,0.0,0.0359,0.0,899.0569,900.0422
transport-sat08-strips-p08,2,False,844,11825,21783,34468,0,43587,343,0,457,0,30,0,1257,,0.0,294.071,360,360,0.2174,0.9893,0.1468,0.0592,0.0,0.0149,0.0,898.6091,900.0275
transport-sat08-strips-p09,2,False,1038,15442,27877,44375,0,56556,370,0,949,0,63,0,1198,,0.0,279.329,432,432,0.2976,1.5381,0.2233,0.097,0.0,0.0372,0.0,897.8686,900.0301
transport-sat08-strips-p10,2,False,1252,18354,33971,53597,0,67778,383,0,1085,0,55,0,1048,,0.0,322.06,544,544,0.4148,2.3569,0.3536,0.1404,0.0,0.0413,0.0,896.7638,900.0382
transport-sat08-strips-p11,0,False,30,103,195,330,0,424,24,0,0,0,0,0,0,,0.0,262.0,262,262,0.0076,0.0006,0.0001,0.0032,0.0,0.0,0.0,0.0094,0.0214
transport-sat08-strips-p12,0,False,78,379,727,1188,0,1515,72,0,109,0,46,0,372,,0.0,258.0,293,258,0.0089,0.0044,0.0005,0.0021,0.0,0.0018,0.0,0.2016,0.2182
transport-sat08-strips-p13,2,False,177,1461,2608,4252,0,5469,168,0,4216,0,1008,0,271548,,0.0,319.476,390,370,0.0186,0.0316,0.0041,0.0045,0.0,0.1427,0.0,903.2232,904.5483
transport-sat08-strips-p14,2,False,281,2566,4738,7593,0,9611,240,0,6048,0,873,0,173027,,0.0,367.0,542,499,0.0502,0.0795,0.0156,0.0086,0.0,0.1806,0.0,902.1296,903.397
transport-sat08-strips-p15,2,False,409,3936,7290,11645,0,14714,254,0,3209,0,346,0,63702,,0.0,453.518,555,526,0.0682,0.1929,0.0311,0.013,0.0,0.0873,0.0,899.7109,900.1505
transport-sat08-strips-p16,2,False,612,8185,14965,23774,0,30097,368,0,2363,0,182,0,5143,,0.0,413.652,667,667,0.1239,0.5571,0.104,0.0366,0.0,0.0725,0.0,899.2218,900.0502
transport-sat08-strips-p17,2,False,796,9999,18897,29706,0,37454,405,0,1434,0,90,0,2475,,0.0,512.132,737,737,0.1884,0.9539,0.1846,0.05,0.0,0.0414,0.0,898.6792,900.0799
transport-sat08-strips-p18,2,False,1004,13785,25414,40219,0,51030,468,0,1049,0,63,0,1031,,0.0,514.48,721,721,0.275,1.5449,0.2806,0.0837,0.0,0.037,0.0,897.843,900.0407
transport-sat08-strips-p19,2,False,1236,17209,32671,51134,0,64324,565,0,661,0,32,0,390,,0.0,500.734,863,863,0.398,2.5603,0.4071,0.1202,0.0,0.0237,0.0,896.5539,900.0501
transport-sat08-strips-p20,2,False,1492,19973,37819,59304,0,74609,560,0,857,0,38,0,477,,0.0,511.22,854,854,0.5582,3.7219,0.6762,0.1797,0.0,0.032,0.0,894.9403,900.0848
transport-sat08-strips-p21,0,False,30,105,183,320,0,416,40,0,24,0,10,0,0,,0.0,386.0,386,386,0.0239,0.0007,0.0001,0.0013,0.0,0.0003,0.0,0.0368,0.0632
transport-sat08-strips-p22,0,False,78,392,734,1208,0,1535,93,0,32,0,10,0,0,,0.0,421.0,421,421,0.0099,0.0047,0.0004,0.002,0.0,0.0004,0.0,0.1318,0.1494
transport-sat08-strips-p23,2,False,177,1440,2616,4239,0,5373,182,0,3409,0,1467,0,320861,,0.0,401.875,563,512,0.018,0.031,0.0052,0.0039,0.0,0.1881,0.0,903.5776,906.6764
transport-sat08-strips-p24,2,False,281,2627,4907,7823,0,9909,220,0,2614,0,812,0,311508,,0.0,604.25,653,641,0.0512,0.0791,0.0126,0.0086,0.0,0.1376,0.0,899.8555,900.0744
transport-sat08-strips-p25,2,False,409,4300,7738,12457,0,15862,316,0,3982,0,605,0,70534,,0.0,563.208,732,700,0.0699,0.1848,0.0388,0.0137,0.0,0.1596,0.0,899.7138,900.1668
transport-sat08-strips-p26,2,False,612,7048,13546,21218,0,26491,319,0,2658,0,271,0,7793,,0.0,486.848,685,661,0.128,0.5333,0.0647,0.0346,0.0,0.093,0.0,899.254,900.0212
transport-sat08-strips-p27,2,False,796,9647,18696,29153,0,36420,401,0,1147,0,76,0,1813,,0.0,596.927,931,931,0.191,0.959,0.1291,0.0525,0.0,0.0338,0.0,898.6936,900.031
transport-sat08-strips-p28,2,False,1004,12795,24721,38536,0,48057,509,0,715,0,54,0,740,,0.0,621.759,995,995,0.2834,1.711,0.2038,0.0807,0.0,0.0322,0.0,897.748,900.034
transport-sat08-strips-p29,2,False,1236,17323,31879,50456,0,64013,530,0,651,0,35,0,500,,0.0,682.391,1042,1042,0.4009,2.3963,0.2894,0.1271,0.0,0.0251,0.0,896.8588,900.0812
transport-sat08-strips-p30,2,False,1492,20833,39665,62010,0,78051,645,0,1315,0,65,0,937,,0.0,670.874,1479,1479,0.5621,4.1156,0.4267,0.1968,0.0,0.0564,0.0,894.8004,900.1117
transport-sat11-strips-p01,2,False,844,11825,21783,34468,0,43587,343,0,457,0,30,0,1254,,0.0,294.071,360,360,0.2164,0.9944,0.1542,0.0677,0.0,0.015,0.0,898.5903,900.0293
transport-sat11-strips-p02,2,False,1038,15442,27877,44375,0,56556,370,0,949,0,63,0,1198,,0.0,279.329,432,432,0.2972,1.5102,0.2188,0.0946,0.0,0.0376,0.0,897.9018,900.0283
transport-sat11-strips-p03,2,False,1236,17323,31879,50456,0,64013,530,0,651,0,35,0,500,,0.0,682.391,1042,1042,0.3969,2.377,0.2735,0.1208,0.0,0.0248,0.0,896.9142,900.0915
transport-sat11-strips-p04,2,False,612,8185,14965,23774,0,30097,368,0,2363,0,182,0,5143,,0.0,413.652,667,667,0.1244,0.5547,0.1006,0.0377,0.0,0.0734,0.0,899.2255,900.0494
transport-sat11-strips-p05,2,False,796,9999,18897,29706,0,37454,405,0,1434,0,90,0,2476,,0.0,512.132,737,737,0.1871,0.9516,0.1826,0.0498,0.0,0.0414,0.0,898.6864,900.0751
transport-sat11-strips-p06,2,False,1004,13785,25414,40219,0,51030,468,0,1049,0,63,0,1033,,0.0,514.48,721,721,0.278,1.5501,0.2797,0.0845,0.0,0.0381,0.0,897.8384,900.044
transport-sat11-strips-p07,2,False,1236,17209,32671,51134,0,64324,565,0,661,0,32,0,389,,0.0,500.734,863,863,0.3941,2.569,0.4093,0.121,0.0,0.0243,0.0,896.5475,900.0509
transport-sat11-strips-p08,2,False,1252,18354,33971,53597,0,67778,383,0,1085,0,55,0,1053,,0.0,322.06,544,544,0.414,2.3527,0.3479,0.1404,0.0,0.041,0.0,896.7717,900.036
transport-sat11-strips-p09,2,False,1492,19973,37819,59304,0,74609,560,0,857,0,38,0,477,,0.0,511.22,854,854,0.5561,3.6972,0.6787,0.1799,0.0,0.0315,0.0,894.9665,900.0893
transport-sat11-strips-p10,2,False,1492,20833,39665,62010,0,78051,645,0,1315,0,65,0,932,,0.0,670.874,1479,1479,0.5527,4.1121,0.4268,0.196,0.0,0.0561,0.0,894.8203,900.1179
transport-sat11-strips-p11,2,False,1356,19470,36127,56975,0,72203,463,0,111,0,7,0,32,,0.0,375.236,496,496,0.481,3.2105,0.319,0.1671,0.0,0.0052,0.0,895.8631,900.0495
transport-sat11-strips-p12,2,False,1324,18122,34440,53906,0,67759,477,0,338,0,15,0,328,,0.0,335.845,538,538,0.458,2.9423,0.3615,0.1587,0.0,0.0112,0.0,896.1422,900.0712
transport-sat11-strips-p13,2,False,1434,21066,39090,61612,0,77933,495,0,282,0,14,0,230,,0.0,368.707,574,574,0.5278,3.5928,0.5447,0.1745,0.0,0.012,0.0,895.2019,900.0523
transport-sat11-strips-p14,2,False,3176,43243,84751,131192,0,163978,748,0,87,0,3,0,0,,0.0,576.352,991,991,2.2215,20.6175,1.9769,1.4452,0.0,0.0046,0.0,873.8591,900.1362
transport-sat11-strips-p15,2,False,3028,43871,83471,130390,0,164248,895,0,14,0,1,0,0,,0.0,765.061,1007,1007,1.9968,19.7449,1.7794,1.2482,0.0,0.0015,0.0,875.2803,900.064
transport-sat11-strips-p16,2,False,3280,50809,94391,148502,0,188237,856,0,28,0,1,0,0,,0.0,569.835,977,977,2.3673,22.6562,3.3517,1.534,0.0,0.0016,0.0,870.2268,900.1536
transport-sat11-strips-p17,2,False,4736,69511,132381,206650,0,260295,980,0,26,0,1,0,0,,0.0,681.389,1335,1335,4.7999,47.857,5.1117,3.8511,0.0,0.0025,0.0,838.479,900.1249
transport-sat11-strips-p18,2,False,4588,65607,124649,194864,0,245922,818,0,48,0,2,0,0,,0.0,613.781,1225,1225,4.4141,39.2596,2.2765,3.4473,0.0,0.0052,0.0,850.6979,900.1191
transport-sat11-strips-p19,2,False,4970,69163,135519,209674,0,262271,769,0,71,0,2,0,0,,0.0,615.22,1335,1335,5.2569,44.5954,5.3523,3.4653,0.0,0.0052,0.0,841.4186,900.1139
transport-sat11-strips-p20,2,False,5204,77022,146630,228878,0,288276,1003,0,64,0,2,0,0,,0.0,672.974,1335,1335,5.7318,55.3425,5.8394,4.3524,0.0,0.0054,0.0,828.8299,900.1251
transport-sat14-strips-p01,2,False,1512,20463,40180,62180,0,77477,455,0,519,0,23,0,344,,0.0,338.788,571,571,0.611,3.8616,0.3829,0.1969,0.0,0.0194,0.0,895.0576,900.1212
transport-sat14-strips-p02,2,False,1874,25945,51071,78920,0,98334,510,0,227,0,7,0,203,,0.0,371.919,661,661,0.8947,6.8379,1.3156,0.3391,0.0,0.0075,0.0,890.7303,900.132
transport-sat14-strips-p03,2,False,1599,23988,44566,70178,0,88745,492,0,380,0,19,0,24,,0.0,332.096,610,610,0.6614,4.5788,0.4882,0.233,0.0,0.0166,0.0,894.114,900.0875
transport-sat14-strips-p04,2,False,4006,59624,113949,177604,0,223506,829,0,0,0,0,0,0,,0.0,0.0,1147,1147,3.5361,31.0826,3.7684,2.5604,0.0,0.0,0.0,859.1407,900.1305
transport-sat14-strips-p05,2,False,4628,74263,138493,217414,0,275250,871,0,0,0,0,0,0,,0.0,0.0,1035,1035,4.7905,45.4179,7.0992,3.7144,0.0,0.0,0.0,839.0892,900.1589
transport-sat14-strips-p06,2,False,4006,59624,113949,177604,0,223506,829,0,0,0,0,0,0,,0.0,0.0,1147,1147,3.5474,31.3415,3.8439,2.6982,0.0,0.0,0.0,858.6587,900.1324
transport-sat14-strips-p07,2,False,5978,104047,184835,294885,0,378726,873,0,27,0,1,0,0,,0.0,788.195,1444,1444,7.6409,68.2068,8.0404,6.5427,0.0,0.0036,0.0,809.7122,900.1807
transport-sat14-strips-p08,2,False,6906,111539,207959,326434,0,413448,892,0,45,0,1,0,0,,0.0,722.373,1530,1530,10.3222,92.871,12.0708,8.4851,0.0,0.0038,0.0,776.4166,900.2084
transport-sat14-strips-p09,2,False,5978,104047,184835,294885,0,378726,873,0,27,0,1,0,0,,0.0,788.195,1444,1444,7.6556,68.0336,7.9809,6.536,0.0,0.0035,0.0,809.9373,900.1805
transport-sat14-strips-p10,2,False,5804,87175,166300,259304,0,326351,1059,0,79,0,2,0,0,,0.0,732.659,1471,1471,7.1818,70.8786,6.1964,5.6982,0.0,0.0064,0.0,810.3014,900.2917
transport-sat14-strips-p11,2,False,1890,34794,64059,100768,0,127918,478,0,103,0,3,0,0,,0.0,358.027,644,644,1.0277,7.9906,0.8952,0.3992,0.0,0.0039,0.0,889.7817,900.1085
transport-sat14-strips-p12,2,False,2214,36159,65783,104186,0,132570,509,0,70,0,2,0,0,,0.0,398.184,699,699,1.2314,9.0282,1.6189,0.634,0.0,0.0027,0.0,887.592,900.1151
transport-sat14-strips-p13,2,False,1798,20287,38315,60425,0,76096,465,0,1061,0,52,0,1224,,0.0,368.814,605,605,0.6455,4.3776,0.5068,0.2344,0.0,0.0462,0.0,894.2796,900.0537
transport-sat14-strips-p14,2,False,3690,64953,124803,193471,0,243342,891,0,0,0,0,0,0,,0.0,0.0,1000,1000,3.6062,33.7771,4.2111,2.8867,0.0,0.0,0.0,855.617,900.142
transport-sat14-strips-p15,2,False,4288,64912,124260,193490,0,243317,805,0,0,0,0,0,0,,0.0,0.0,1118,1118,4.1169,37.7311,5.7435,3.0338,0.0,0.0,0.0,849.4741,900.144
transport-sat14-strips-p16,2,False,3506,41608,78733,123872,0,156021,739,0,94,0,3,0,0,,0.0,593.413,1041,1041,2.1662,17.8399,2.1525,1.5771,0.0,0.0045,0.0,876.3103,900.0614
transport-sat14-strips-p17,2,False,5490,101454,190606,297575,0,376694,1021,0,0,0,0,0,0,,0.0,0.0,1375,1375,7.6695,80.8715,7.3002,6.2682,0.0,0.0,0.0,798.278,900.4455
transport-sat14-strips-p18,2,False,6498,99218,189848,295594,0,371764,884,0,34,0,1,0,0,,0.0,661.583,1496,1496,9.1462,82.9567,8.7748,7.2389,0.0,0.0036,0.0,792.0204,900.1754
transport-sat14-strips-p19,2,False,5326,68252,124902,198505,0,252354,852,0,75,0,3,0,0,,0.0,693.339,1262,1250,4.8054,43.2257,4.2648,3.96,0.0,0.0072,0.0,843.9123,900.1932
transport-sat14-strips-p20,2,False,6030,107729,206629,320413,0,402996,1079,0,34,0,1,0,0,,0.0,752.373,1472,1472,9.2076,92.1348,9.1066,7.4046,0.0,0.0037,0.0,782.4355,900.3308
trucks-p01,-3,False,0,0,0,0,0,0,0,0,0,0,0,0,0,,0.0,0.0,1e+20,1e+20,0,0,0,0,0,0,0,0,0
trucks-p02,-3,False,0,0,0,0,0,0,0,0,0,0,0,0,0,,0.0,0.0,1e+20,1e+20,0,0,0,0,0,0,0,0,0
trucks-p03,-3,False,0,0,0,0,0,0,0,0,0,0,0,0,0,,0.0,0.0,1e+20,1e+20,0,0,0,0,0,0,0,0,0
trucks-p04,-3,False,0,0,0,0,0,0,0,0,0,0,0,0,0,,0.0,0.0,1e+20,1e+20,0,0,0,0,0,0,0,0,0
trucks-p05,-3,False,0,0,0,0,0,0,0,0,0,0,0,0,0,,0.0,0.0,1e+20,1e+20,0,0,0,0,0,0,0,0,0
trucks-p06,-3,False,0,0,0,0,0,0,0,0,0,0,0,0,0,,0.0,0.0,1e+20,1e+20,0,0,0,0,0,0,0,0,0
trucks-p07,-3,False,0,0,0,0,0,0,0,0,0,0,0,0,0,,0.0,0.0,1e+20,1e+20,0,0,0,0,0,0,0,0,0
trucks-p08,-3,False,0,0,0,0,0,0,0,0,0,0,0,0,0,,0.0,0.0,1e+20,1e+20,0,0,0,0,0,0,0,0,0
trucks-p09,-3,False,0,0,0,0,0,0,0,0,0,0,0,0,0,,0.0,0.0,1e+20,1e+20,0,0,0,0,0,0,0,0,0
trucks-p10,-3,False,0,0,0,0,0,0,0,0,0,0,0,0,0,,0.0,0.0,1e+20,1e+20,0,0,0,0,0,0,0,0,0
trucks-p11,-3,False,0,0,0,0,0,0,0,0,0,0,0,0,0,,0.0,0.0,1e+20,1e+20,0,0,0,0,0,0,0,0,0
trucks-p12,-3,False,0,0,0,0,0,0,0,0,0,0,0,0,0,,0.0,0.0,1e+20,1e+20,0,0,0,0,0,0,0,0,0
trucks-p13,-3,False,0,0,0,0,0,0,0,0,0,0,0,0,0,,0.0,0.0,1e+20,1e+20,0,0,0,0,0,0,0,0,0
trucks-p14,-3,False,0,0,0,0,0,0,0,0,0,0,0,0,0,,0.0,0.0,1e+20,1e+20,0,0,0,0,0,0,0,0,0
trucks-p15,-3,False,0,0,0,0,0,0,0,0,0,0,0,0,0,,0.0,0.0,1e+20,1e+20,0,0,0,0,0,0,0,0,0
trucks-p16,-3,False,0,0,0,0,0,0,0,0,0,0,0,0,0,,0.0,0.0,1e+20,1e+20,0,0,0,0,0,0,0,0,0
trucks-p17,-3,False,0,0,0,0,0,0,0,0,0,0,0,0,0,,0.0,0.0,1e+20,1e+20,0,0,0,0,0,0,0,0,0
trucks-p18,-3,False,0,0,0,0,0,0,0,0,0,0,0,0,0,,0.0,0.0,1e+20,1e+20,0,0,0,0,0,0,0,0,0
trucks-p19,-3,False,0,0,0,0,0,0,0,0,0,0,0,0,0,,0.0,0.0,1e+20,1e+20,0,0,0,0,0,0,0,0,0
trucks-p20,-3,False,0,0,0,0,0,0,0,0,0,0,0,0,0,,0.0,0.0,1e+20,1e+20,0,0,0,0,0,0,0,0,0
trucks-p21,-3,False,0,0,0,0,0,0,0,0,0,0,0,0,0,,0.0,0.0,1e+20,1e+20,0,0,0,0,0,0,0,0,0
trucks-p22,-3,False,0,0,0,0,0,0,0,0,0,0,0,0,0,,0.0,0.0,1e+20,1e+20,0,0,0,0,0,0,0,0,0
trucks-p23,-3,False,0,0,0,0,0,0,0,0,0,0,0,0,0,,0.0,0.0,1e+20,1e+20,0,0,0,0,0,0,0,0,0
trucks-p24,-3,False,0,0,0,0,0,0,0,0,0,0,0,0,0,,0.0,0.0,1e+20,1e+20,0,0,0,0,0,0,0,0,0
trucks-p25,-3,False,0,0,0,0,0,0,0,0,0,0,0,0,0,,0.0,0.0,1e+20,1e+20,0,0,0,0,0,0,0,0,0
trucks-p26,-3,False,0,0,0,0,0,0,0,0,0,0,0,0,0,,0.0,0.0,1e+20,1e+20,0,0,0,0,0,0,0,0,0
trucks-p27,-3,False,0,0,0,0,0,0,0,0,0,0,0,0,0,,0.0,0.0,1e+20,1e+20,0,0,0,0,0,0,0,0,0
trucks-p28,-3,False,0,0,0,0,0,0,0,0,0,0,0,0,0,,0.0,0.0,1e+20,1e+20,0,0,0,0,0,0,0,0,0
trucks-p29,-3,False,0,0,0,0,0,0,0,0,0,0,0,0,0,,0.0,0.0,1e+20,1e+20,0,0,0,0,0,0,0,0,0
trucks-p30,-3,False,0,0,0,0,0,0,0,0,0,0,0,0,0,,0.0,0.0,1e+20,1e+20,0,0,0,0,0,0,0,0,0
trucks-strips-p01,0,True,14,33,48,107,0,122,22,0,0,0,0,0,0,,0.0,11.0,11,11,0.0063,0.0004,0.0,0.0015,0.0,0.0,0.0,0.0042,0.0129
trucks-strips-p02,0,True,17,40,55,126,0,143,28,0,0,0,0,0,0,,0.0,14.0,14,14,0.0059,0.0006,0.0001,0.0011,0.0,0.0,0.0,0.0045,0.0125
trucks-strips-p03,0,True,23,53,81,175,0,194,34,0,0,0,0,0,0,,0.0,17.0,17,17,0.0075,0.0012,0.0001,0.0016,0.0,0.0,0.0,0.0051,0.016
trucks-strips-p04,0,True,26,60,90,197,0,221,40,0,0,0,0,0,0,,0.0,20.0,20,20,0.0076,0.0015,0.0001,0.0012,0.0,0.0,0.0,0.0053,0.0161
trucks-strips-p05,0,True,32,73,112,242,0,268,46,0,0,0,0,0,0,,0.0,23.0,23,23,0.0127,0.0028,0.0001,0.0013,0.0,0.0,0.0,0.006,0.0234
trucks-strips-p06,0,True,35,80,121,264,0,295,52,0,0,0,0,0,0,,0.0,26.0,26,26,0.0119,0.0034,0.0002,0.0011,0.0,0.0,0.0,0.0061,0.0231
trucks-strips-p07,0,True,38,102,132,293,0,327,40,0,0,0,0,0,0,,0.0,20.0,20,20,0.0084,0.0021,0.0002,0.0014,0.0,0.0,0.0,0.0063,0.0188
trucks-strips-p08,0,True,46,127,186,386,0,414,47,0,0,0,0,0,0,,0.0,24.0,24,24,0.0144,0.0043,0.0002,0.0016,0.0,0.0,0.0,0.0078,0.029
trucks-strips-p09,0,True,52,140,202,423,0,449,52,0,0,0,0,0,0,,0.0,26.0,26,26,0.0145,0.0054,0.0003,0.0019,0.0,0.0,0.0,0.0083,0.031
trucks-strips-p10,0,True,56,153,217,458,0,504,59,0,0,0,0,0,0,,0.0,30.0,30,30,0.0169,0.0072,0.0004,0.0014,0.0,0.0,0.0,0.0084,0.0364
trucks-strips-p11,0,True,65,178,257,535,0,571,65,0,0,0,0,0,0,,0.0,33.0,33,33,0.0248,0.0129,0.0005,0.0021,0.0,0.0,0.0,0.0095,0.0516
trucks-strips-p12,0,True,70,191,274,574,0,619,71,0,0,0,0,0,0,,0.0,36.0,36,36,0.0267,0.0139,0.0006,0.0013,0.0,0.0,0.0,0.0098,0.053
trucks-strips-p13,0,True,78,249,348,709,0,770,59,0,0,0,0,0,0,,0.0,30.0,30,30,0.0243,0.0146,0.0006,0.0017,0.0,0.0,0.0,0.0118,0.0538
trucks-strips-p14,0,True,84,270,372,763,0,803,66,0,0,0,0,0,0,,0.0,34.0,34,34,0.0274,0.016,0.0007,0.0014,0.0,0.0,0.0,0.0124,0.0586
trucks-strips-p15,0,True,91,291,395,815,0,880,72,0,0,0,0,0,0,,0.0,37.0,37,37,0.0306,0.0197,0.0009,0.0015,0.0,0.0,0.0,0.0128,0.0663
trucks-strips-p16,0,True,98,312,421,873,0,929,78,0,0,0,0,0,0,,0.0,40.0,40,40,0.0358,0.0239,0.0011,0.0015,0.0,0.0,0.0,0.0135,0.0766
trucks-strips-p17,0,True,110,353,487,996,0,1064,84,0,0,0,0,0,0,,0.0,43.0,43,43,0.0557,0.0455,0.0013,0.0016,0.0,0.0,0.0,0.0145,0.12
trucks-strips-p18,0,True,117,374,511,1050,0,1105,90,0,0,0,0,0,0,,0.0,46.0,46,46,0.0613,0.0479,0.0016,0.0019,0.0,0.0,0.0,0.0152,0.1293
trucks-strips-p19,0,True,125,462,613,1243,0,1319,79,0,0,0,0,0,0,,0.0,41.0,41,41,0.0519,0.0432,0.0016,0.0018,0.0,0.0,0.0,0.0189,0.1188
trucks-strips-p20,0,True,134,493,648,1320,0,1410,85,0,0,0,0,0,0,,0.0,44.0,44,44,0.0575,0.054,0.0019,0.0019,0.0,0.0,0.0,0.02,0.1367
trucks-strips-p21,0,True,143,524,687,1405,0,1507,91,0,0,0,0,0,0,,0.0,47.0,47,47,0.0647,0.0592,0.0023,0.0021,0.0,0.0,0.0,0.0196,0.1493
trucks-strips-p22,0,True,152,555,660,1418,0,1535,97,0,0,0,0,0,0,,0.0,50.0,50,50,0.0709,0.0732,0.0026,0.002,0.0,0.0,0.0,0.0198,0.1701
trucks-strips-p23,0,True,167,616,752,1589,0,1719,103,0,0,0,0,0,0,,0.0,53.0,53,53,0.1274,0.1275,0.0035,0.0021,0.0,0.0,0.0,0.0221,0.285
trucks-strips-p24,0,True,176,647,784,1664,0,1781,109,0,0,0,0,0,0,,0.0,56.0,56,56,0.1352,0.1375,0.004,0.0022,0.0,0.0,0.0,0.023,0.3043
trucks-strips-p25,0,True,186,771,987,1995,0,2078,97,0,0,0,0,0,0,,0.0,50.0,50,50,0.128,0.1218,0.0037,0.0026,0.0,0.0,0.0,0.0295,0.2883
trucks-strips-p26,0,True,196,814,1036,2101,0,2167,104,0,0,0,0,0,0,,0.0,54.0,54,54,0.1393,0.1193,0.0045,0.0027,0.0,0.0,0.0,0.0298,0.2983
trucks-strips-p27,0,True,207,857,1085,2207,0,2340,110,0,0,0,0,0,0,,0.0,57.0,57,57,0.1516,0.1555,0.0051,0.0026,0.0,0.0,0.0,0.0314,0.3491
trucks-strips-p28,0,True,218,900,1134,2313,0,2453,116,0,0,0,0,0,0,,0.0,60.0,60,60,0.1627,0.1746,0.0059,0.0031,0.0,0.0,0.0,0.0329,0.3824
trucks-strips-p29,0,True,236,985,1267,2552,0,2706,122,0,0,0,0,0,0,,0.0,63.0,63,63,0.3199,0.3087,0.0077,0.0031,0.0,0.0,0.0,0.0374,0.6822
trucks-strips-p30,0,True,247,1028,1316,2658,0,2819,128,0,0,0,0,0,0,,0.0,66.0,66,66,0.3244,0.3788,0.008,0.0034,0.0,0.0,0.0,0.0386,0.7589
visitall-opt11-strips-problem02-full,0,True,0,4,8,18,0,18,4,0,0,0,0,0,0,,0.0,3.0,3,3,0.0056,0.0001,0.0,0.0009,0.0,0.0,0.0,0.003,0.0101
visitall-opt11-strips-problem02-half,0,True,2,4,5,13,0,11,0,0,0,0,0,0,0,,0.0,1.0,1,1,0.0045,0.0,0.0,0.0011,0.0,0.0,0.0,0.0022,0.0083
visitall-opt11-strips-problem03-full,0,True,0,12,24,52,0,56,14,0,0,0,0,0,0,,0.0,8.0,8,8,0.0052,0.0001,0.0,0.0018,0.0,0.0,0.0,0.0032,0.0106
visitall-opt11-strips-problem03-half,0,True,4,12,19,43,0,45,12,0,0,0,0,0,0,,0.0,5.0,5,5,0.0053,0.0001,0.0,0.0016,0.0,0.0,0.0,0.0033,0.0108
visitall-opt11-strips-problem04-full,0,True,0,34,68,132,0,158,32,0,0,0,0,0,0,,0.0,15.0,15,15,0.0052,0.0002,0.0,0.0013,0.0,0.0,0.0,0.0041,0.0114
visitall-opt11-strips-problem04-half,0,True,8,34,49,105,0,115,26,0,0,0,0,0,0,,0.0,10.0,10,10,0.0054,0.0002,0.0,0.0013,0.0,0.0,0.0,0.0043,0.0116
visitall-opt11-strips-problem05-full,0,True,0,64,128,240,0,296,56,0,0,0,0,0,0,,0.0,24.0,24,24,0.0054,0.0004,0.0001,0.0014,0.0,0.0,0.0,0.0052,0.0129
visitall-opt11-strips-problem05-half,0,True,10,64,98,200,0,227,34,0,0,0,0,0,0,,0.0,15.0,15,15,0.0055,0.0003,0.0001,0.0013,0.0,0.0,0.0,0.0052,0.0128
visitall-opt11-strips-problem06-full,0,True,0,104,208,382,0,478,80,0,0,0,0,0,0,,0.0,35.0,35,35,0.0056,0.0007,0.0002,0.0013,0.0,0.0,0.0,0.0067,0.015
visitall-opt11-strips-problem06-half,0,True,20,104,148,302,0,341,52,0,23,0,13,0,0,,0.0,19.0,20,19,0.0055,0.0005,0.0001,0.0012,0.0,0.0005,0.0,0.0206,0.0285
visitall-opt11-strips-problem07-full,0,True,0,152,304,552,0,696,108,0,0,0,0,0,0,,0.0,48.0,48,48,0.006,0.0013,0.0004,0.0015,0.0,0.0,0.0,0.0085,0.0181
visitall-opt11-strips-problem07-half,0,True,16,152,255,487,0,584,79,0,22,0,17,0,0,,0.0,32.0,33,32,0.0057,0.001,0.0003,0.0014,0.0,0.0006,0.0,0.0235,0.0325
visitall-opt11-strips-problem08-full,0,True,0,208,416,750,0,950,140,0,0,0,0,0,0,,0.0,63.0,63,63,0.0065,0.0022,0.0007,0.0019,0.0,0.0,0.0,0.0107,0.0224
visitall-opt11-strips-problem08-half,0,True,31,208,314,617,0,717,92,0,53,0,17,0,0,,0.0,37.0,38,37,0.0052,0.0015,0.0005,0.0015,0.0,0.0008,0.0,0.0363,0.0455
visitall-opt11-strips-problem09-full,0,True,0,272,544,976,0,1240,174,0,0,0,0,0,0,,0.0,80.0,80,80,0.0067,0.0035,0.0012,0.0016,0.0,0.0,0.0,0.0129,0.0265
visitall-opt11-strips-problem09-half,0,True,31,272,439,840,0,1000,121,0,77,0,37,0,0,,0.0,51.0,54,51,0.0068,0.0026,0.0009,0.0018,0.0,0.0022,0.0,0.067,0.0797
visitall-opt11-strips-problem10-full,0,True,0,344,688,1230,0,1566,214,0,0,0,0,0,0,,0.0,99.0,99,99,0.0069,0.0054,0.0019,0.0023,0.0,0.0,0.0,0.0158,0.0328
visitall-opt11-strips-problem10-half,0,True,52,344,505,995,0,1150,135,0,74,0,20,0,0,,0.0,56.0,58,56,0.0065,0.0036,0.0011,0.0022,0.0,0.0014,0.0,0.2322,0.2463
visitall-opt11-strips-problem11-full,0,True,0,424,848,1512,0,1928,226,0,0,0,0,0,0,,0.0,120.0,120,120,0.0078,0.0078,0.0031,0.0028,0.0,0.0,0.0,0.019,0.0411
visitall-opt11-strips-problem11-half,0,True,63,424,626,1227,0,1423,152,0,174,0,51,0,59,,0.0,64.0,68,64,0.0068,0.0051,0.0019,0.0018,0.0,0.0042,0.0,0.1343,0.1505
visitall-opt14-strips-p-05-10,0,True,54,344,495,983,0,1127,128,0,192,0,91,0,451,,0.0,53.0,54,53,0.0071,0.0034,0.0011,0.0019,0.0,0.0054,0.0,0.1865,0.2007
visitall-opt14-strips-p-05-5,0,True,7,64,110,215,0,254,46,0,0,0,0,0,0,,0.0,18.0,18,18,0.0055,0.0004,0.0001,0.0015,0.0,0.0,0.0,0.0053,0.0132
visitall-opt14-strips-p-05-6,0,True,18,104,155,311,0,356,51,0,13,0,8,0,0,,0.0,20.0,22,20,0.0054,0.0006,0.0001,0.0014,0.0,0.0003,0.0,0.0504,0.0583
visitall-opt14-strips-p-05-7,0,True,25,152,224,447,0,513,71,0,57,0,34,0,0,,0.0,28.0,30,28,0.0055,0.0009,0.0003,0.0016,0.0,0.0013,0.0,0.0805,0.0893
visitall-opt14-strips-p-05-8,0,True,33,208,309,610,0,707,98,0,137,0,53,0,1457,,0.0,39.0,39,39,0.0068,0.0015,0.0005,0.0016,0.0,0.0028,0.0,0.2656,0.2765
visitall-opt14-strips-p-05-9,0,True,39,272,411,804,0,938,114,0,184,0,94,0,1854,,0.0,46.0,48,46,0.0073,0.0023,0.0007,0.0019,0.0,0.0051,0.0,0.252,0.2648
visitall-opt14-strips-p-1-10,0,True,0,344,688,1230,0,1566,214,0,0,0,0,0,0,,0.0,99.0,99,99,0.0064,0.0054,0.0019,0.0022,0.0,0.0,0.0,0.0159,0.0325
visitall-opt14-strips-p-1-11,0,True,0,424,848,1512,0,1928,226,0,0,0,0,0,0,,0.0,120.0,120,120,0.0092,0.0076,0.0031,0.0027,0.0,0.0,0.0,0.019,0.0423
visitall-opt14-strips-p-1-12,0,True,0,512,1024,1822,0,2326,281,0,0,0,0,0,0,,0.0,143.0,143,143,0.0082,0.0116,0.0047,0.0028,0.0,0.0,0.0,0.0222,0.0501
visitall-opt14-strips-p-1-13,0,True,0,608,1216,2160,0,2760,335,0,0,0,0,0,0,,0.0,168.0,168,168,0.0083,0.018,0.0078,0.0032,0.0,0.0,0.0,0.0258,0.0639
visitall-opt14-strips-p-1-14,0,True,0,712,1424,2526,0,3230,415,0,0,0,0,0,0,,0.0,195.0,195,195,0.0095,0.0272,0.0109,0.0037,0.0,0.0,0.0,0.0295,0.0816
visitall-opt14-strips-p-1-15,0,True,0,824,1648,2920,0,3736,504,0,0,0,0,0,0,,0.0,224.0,224,224,0.0102,0.0405,0.0167,0.0043,0.0,0.0,0.0,0.0334,0.1058
visitall-opt14-strips-p-1-16,0,True,0,944,1888,3342,0,4278,583,0,0,0,0,0,0,,0.0,255.0,255,255,0.0143,0.0569,0.0223,0.0057,0.0,0.0,0.0,0.0387,0.1387
visitall-opt14-strips-p-1-17,0,True,0,1072,2144,3792,0,4856,665,0,0,0,0,0,0,,0.0,288.0,288,288,0.0139,0.0769,0.033,0.0062,0.0,0.0,0.0,0.0432,0.1742
visitall-opt14-strips-p-1-18,0,True,0,1208,2416,4270,0,5470,738,0,0,0,0,0,0,,0.0,323.0,323,323,0.0177,0.102,0.045,0.0078,0.0,0.0,0.0,0.0496,0.2232
visitall-opt14-strips-p-1-5,0,True,0,64,128,240,0,296,56,0,0,0,0,0,0,,0.0,24.0,24,24,0.0057,0.0004,0.0001,0.0019,0.0,0.0,0.0,0.0052,0.0137
visitall-opt14-strips-p-1-6,0,True,0,104,208,382,0,478,80,0,0,0,0,0,0,,0.0,35.0,35,35,0.0055,0.0007,0.0002,0.0015,0.0,0.0,0.0,0.0067,0.0152
visitall-opt14-strips-p-1-7,0,True,0,152,304,552,0,696,108,0,0,0,0,0,0,,0.0,48.0,48,48,0.0046,0.0013,0.0004,0.0016,0.0,0.0,0.0,0.0085,0.017
visitall-opt14-strips-p-1-8,0,True,0,208,416,750,0,950,140,0,0,0,0,0,0,,0.0,63.0,63,63,0.0058,0.0022,0.0007,0.003,0.0,0.0,0.0,0.0106,0.0227
visitall-opt14-strips-p-1-9,0,True,0,272,544,976,0,1240,174,0,0,0,0,0,0,,0.0,80.0,80,80,0.0076,0.0035,0.0012,0.0018,0.0,0.0,0.0,0.013,0.0277
visitall-sat11-strips-problem12,0,True,0,512,1024,1822,0,2326,281,0,0,0,0,0,0,,0.0,143.0,143,143,0.0077,0.0117,0.0047,0.0029,0.0,0.0,0.0,0.0222,0.0499
visitall-sat11-strips-problem14,0,True,0,712,1424,2526,0,3230,415,0,0,0,0,0,0,,0.0,195.0,195,195,0.01,0.0281,0.0118,0.004,0.0,0.0,0.0,0.0299,0.0844
visitall-sat11-strips-problem16,0,True,0,944,1888,3342,0,4278,583,0,0,0,0,0,0,,0.0,255.0,255,255,0.0121,0.0566,0.022,0.0056,0.0,0.0,0.0,0.0392,0.1364
visitall-sat11-strips-problem18,0,True,0,1208,2416,4270,0,5470,738,0,0,0,0,0,0,,0.0,323.0,323,323,0.0176,0.1021,0.0479,0.0077,0.0,0.0,0.0,0.0491,0.2256
visitall-sat11-strips-problem20,0,True,0,1504,3008,5310,0,6806,892,0,0,0,0,0,0,,0.0,399.0,399,399,0.0234,0.1664,0.0841,0.0102,0.0,0.0,0.0,0.0534,0.3392
visitall-sat11-strips-problem22,0,True,0,1832,3664,6462,0,8286,1042,0,0,0,0,0,0,,0.0,483.0,483,483,0.0279,0.258,0.1334,0.0133,0.0,0.0,0.0,0.0644,0.4986
visitall-sat11-strips-problem24,0,True,0,2192,4384,7726,0,9910,1193,0,0,0,0,0,0,,0.0,575.0,575,575,0.0365,0.3989,0.2234,0.0177,0.0,0.0,0.0,0.0746,0.753
visitall-sat11-strips-problem26,0,True,0,2584,5168,9102,0,11678,1348,0,0,0,0,0,0,,0.0,675.0,675,675,0.0459,0.5609,0.3301,0.0233,0.0,0.0,0.0,0.0858,1.048
visitall-sat11-strips-problem28,0,True,0,3008,6016,10590,0,13590,1507,0,0,0,0,0,0,,0.0,783.0,783,783,0.0572,0.7961,0.5483,0.0303,0.0,0.0,0.0,0.1101,1.5442
visitall-sat11-strips-problem30,0,True,0,3464,6928,12190,0,15646,1669,0,0,0,0,0,0,,0.0,899.0,899,899,0.0715,1.1108,0.7858,0.0392,0.0,0.0,0.0,0.1257,2.1359
visitall-sat11-strips-problem32,0,True,0,3952,7904,13902,0,17846,1833,0,0,0,0,0,0,,0.0,1023.0,1023,1023,0.0913,1.5225,1.1321,0.0488,0.0,0.0,0.0,0.1413,2.9396
visitall-sat11-strips-problem34,0,True,0,4472,8944,15726,0,20190,2014,0,0,0,0,0,0,,0.0,1155.0,1155,1155,0.1122,2.1364,1.6899,0.0611,0.0,0.0,0.0,0.1599,4.1638
visitall-sat11-strips-problem36,0,True,0,5024,10048,17662,0,22678,2219,0,0,0,0,0,0,,0.0,1295.0,1295,1295,0.1382,2.7324,2.4388,0.0756,0.0,0.0,0.0,0.1801,5.5701
visitall-sat11-strips-problem38,0,True,0,5608,11216,19710,0,25310,2439,0,0,0,0,0,0,,0.0,1443.0,1443,1443,0.1667,3.6331,3.1029,0.0944,0.0,0.0,0.0,0.1985,7.2013
visitall-sat11-strips-problem40,0,True,0,6224,12448,21870,0,28086,2664,0,0,0,0,0,0,,0.0,1599.0,1599,1599,0.2017,4.7644,4.2115,0.1143,0.0,0.0,0.0,0.2202,9.5193
visitall-sat11-strips-problem42,0,True,0,6872,13744,24142,0,31006,2900,0,0,0,0,0,0,,0.0,1763.0,1763,1763,0.2422,6.1469,5.5497,0.1372,0.0,0.0,0.0,0.2416,12.3276
visitall-sat11-strips-problem44,0,True,0,7552,15104,26526,0,34070,3148,0,0,0,0,0,0,,0.0,1935.0,1935,1935,0.304,8.1875,7.0699,0.1644,0.0,0.0,0.0,0.2702,16.0079
visitall-sat11-strips-problem46,0,True,0,8264,16528,29022,0,37278,3406,0,0,0,0,0,0,,0.0,2115.0,2115,2115,0.3444,10.316,9.4832,0.1946,0.0,0.0,0.0,0.3083,20.658
visitall-sat11-strips-problem48,0,True,0,9008,18016,31630,0,40630,3675,0,0,0,0,0,0,,0.0,2303.0,2303,2303,0.4075,13.4684,11.8172,0.2301,0.0,0.0,0.0,0.3225,26.2632
visitall-sat11-strips-problem50,0,True,0,9784,19568,34350,0,44126,3956,0,0,0,0,0,0,,0.0,2499.0,2499,2499,0.4732,17.2115,15.1751,0.269,0.0,0.0,0.0,0.3573,33.5063
visitall-sat14-strips-pfile30,0,True,0,3464,6928,12190,0,15646,1669,0,0,0,0,0,0,,0.0,899.0,899,899,0.0729,1.135,0.8641,0.0387,0.0,0.0,0.0,0.1252,2.2388
visitall-sat14-strips-pfile31,0,True,0,3704,7408,13032,0,16728,1784,0,0,0,0,0,0,,0.0,960.0,960,960,0.082,1.3108,0.9568,0.0438,0.0,0.0,0.0,0.1233,2.5197
visitall-sat14-strips-pfile32,0,True,0,3952,7904,13902,0,17846,1833,0,0,0,0,0,0,,0.0,1023.0,1023,1023,0.1043,1.5869,1.1808,0.0491,0.0,0.0,0.0,0.142,3.0667
visitall-sat14-strips-pfile33,0,True,0,4208,8416,14800,0,19000,1955,0,0,0,0,0,0,,0.0,1088.0,1088,1088,0.1003,1.7812,1.3427,0.055,0.0,0.0,0.0,0.1524,3.4354
visitall-sat14-strips-pfile50,0,True,0,9784,19568,34350,0,44126,3956,0,0,0,0,0,0,,0.0,2499.0,2499,2499,0.5179,16.7183,15.2397,0.2686,0.0,0.0,0.0,0.3585,33.1236
visitall-sat14-strips-pfile51,0,True,0,10184,20368,35752,0,45928,4135,0,0,0,0,0,0,,0.0,2600.0,2600,2600,0.5148,20.7015,18.0587,0.29,0.0,0.0,0.0,0.3815,39.9628
visitall-sat14-strips-pfile52,0,True,0,10592,21184,37182,0,47766,4247,0,0,0,0,0,0,,0.0,2703.0,2703,2703,0.5511,22.6485,19.5309,0.3129,0.0,0.0,0.0,0.3841,43.4453
visitall-sat14-strips-pfile53,0,True,0,11008,22016,38640,0,49640,4433,0,0,0,0,0,0,,0.0,2808.0,2808,2808,0.6116,25.1381,22.5502,0.3406,0.0,0.0,0.0,0.4002,49.0577
visitall-sat14-strips-pfile54,0,True,0,11432,22864,40126,0,51550,4549,0,0,0,0,0,0,,0.0,2915.0,2915,2915,0.6606,28.2193,24.9507,0.3656,0.0,0.0,0.0,0.4287,54.6517
visitall-sat14-strips-pfile55,0,True,0,11864,23728,41640,0,53496,4742,0,0,0,0,0,0,,0.0,3024.0,3024,3024,0.7092,31.62,27.5314,0.3905,0.0,0.0,0.0,0.4439,60.7146
visitall-sat14-strips-pfile56,0,True,0,12304,24608,43182,0,55478,4863,0,0,0,0,0,0,,0.0,3135.0,3135,3135,0.7378,34.3805,31.5842,0.4191,0.0,0.0,0.0,0.4816,67.6343
visitall-sat14-strips-pfile57,0,True,0,12752,25504,44752,0,57496,5063,0,0,0,0,0,0,,0.0,3248.0,3248,3248,0.7992,38.021,33.2724,0.4512,0.0,0.0,0.0,0.4986,73.0651
visitall-sat14-strips-pfile58,0,True,0,13208,26416,46350,0,59550,5187,0,0,0,0,0,0,,0.0,3363.0,3363,3363,0.8549,41.8602,39.0668,0.4798,0.0,0.0,0.0,0.5004,82.7892
visitall-sat14-strips-pfile59,0,True,0,13672,27344,47976,0,61640,5394,0,0,0,0,0,0,,0.0,3480.0,3480,3480,0.912,46.7947,40.7829,0.5155,0.0,0.0,0.0,0.5388,89.5696
visitall-sat14-strips-pfile60,0,True,0,14144,28288,49630,0,63766,5522,0,0,0,0,0,0,,0.0,3599.0,3599,3599,0.966,50.9724,47.884,0.55,0.0,0.0,0.0,0.5371,100.9522
visitall-sat14-strips-pfile61,0,True,0,14624,29248,51312,0,65928,5736,0,0,0,0,0,0,,0.0,3720.0,3720,3720,1.0477,55.7279,49.3178,0.5836,0.0,0.0,0.0,0.5594,107.2663
visitall-sat14-strips-pfile62,0,True,0,15112,30224,53022,0,68126,5869,0,0,0,0,0,0,,0.0,3843.0,3843,3843,1.1159,59.8112,57.5025,0.6262,0.0,0.0,0.0,0.5852,119.6894
visitall-sat14-strips-pfile63,0,True,0,15608,31216,54760,0,70360,6090,0,0,0,0,0,0,,0.0,3968.0,3968,3968,1.1856,66.6295,59.9331,0.6628,0.0,0.0,0.0,0.6063,129.051
visitall-sat14-strips-pfile64,0,True,0,16112,32224,56526,0,72630,6226,0,0,0,0,0,0,,0.0,4095.0,4095,4095,1.2614,71.0331,67.9207,0.7072,0.0,0.0,0.0,0.6408,141.6032
visitall-sat14-strips-pfile65,0,True,0,16624,33248,58320,0,74936,6454,0,0,0,0,0,0,,0.0,4224.0,4224,4224,1.3432,78.5878,71.8985,0.7497,0.0,0.0,0.0,0.6773,153.2949
woodworking-opt08-strips-p01,0,False,11,22,57,110,0,147,18,0,0,0,3,0,0,,0.0,170.0,205,170,0.0233,0.0004,0.0,0.0018,0.0,0.0001,0.0,0.0041,0.03
woodworking-opt08-strips-p02,0,False,13,24,54,113,0,134,19,0,0,0,0,0,0,,0.0,185.0,185,185,0.0066,0.0006,0.0,0.0012,0.0,0.0,0.0,0.0038,0.0127
woodworking-opt08-strips-p03,0,False,22,76,299,435,0,559,22,0,0,0,2,0,0,,0.0,275.0,360,275,0.0069,0.0013,0.0002,0.0016,0.0,0.0001,0.0,0.0107,0.0211
woodworking-opt08-strips-p04,0,False,38,103,410,586,0,743,38,0,0,0,2,0,0,,0.0,235.0,340,235,0.0095,0.0021,0.0003,0.0015,0.0,0.0001,0.0,0.0139,0.0279
woodworking-opt08-strips-p05,0,False,41,160,735,981,0,1228,43,0,0,0,2,0,0,,0.0,260.0,370,260,0.0118,0.0031,0.0004,0.0018,0.0,0.0001,0.0,0.0246,0.0423
woodworking-opt08-strips-p06,0,False,50,195,961,1257,0,1604,35,0,0,0,2,0,0,,0.0,430.0,550,430,0.0099,0.0032,0.0006,0.0021,0.0,0.0001,0.0,0.0439,0.0603
woodworking-opt08-strips-p07,0,False,68,231,962,1316,0,1633,55,0,0,0,3,0,0,,0.0,390.0,515,390,0.0127,0.0052,0.0009,0.0019,0.0,0.0001,0.0,0.0484,0.0697
woodworking-opt08-strips-p08,0,False,84,291,1224,1660,0,2037,51,0,0,0,2,0,0,,0.0,420.0,545,420,0.0146,0.007,0.0012,0.0021,0.0,0.0001,0.0,0.0524,0.078
woodworking-opt08-strips-p09,0,False,71,123,439,696,0,862,44,0,0,0,2,0,0,,0.0,425.0,505,425,0.013,0.005,0.0006,0.0016,0.0,0.0001,0.0,0.013,0.0336
woodworking-opt08-strips-p10,0,False,109,567,2586,3331,0,4078,78,0,0,0,2,0,0,,0.0,485.0,665,485,0.0177,0.014,0.0032,0.0032,0.0,0.0002,0.0,0.0908,0.1299
woodworking-opt08-strips-p11,0,False,10,17,57,105,0,133,13,0,0,0,1,0,0,,0.0,130.0,160,130,0.0056,0.0003,0.0,0.0013,0.0,0.0,0.0,0.0056,0.0133
woodworking-opt08-strips-p12,0,False,28,78,302,436,0,567,32,0,0,0,2,0,0,,0.0,225.0,300,225,0.0089,0.0012,0.0002,0.0014,0.0,0.0001,0.0,0.0114,0.0239
woodworking-opt08-strips-p13,0,False,38,106,453,630,0,813,38,0,0,0,2,0,0,,0.0,195.0,300,195,0.0077,0.0017,0.0002,0.0016,0.0,0.0001,0.0,0.0169,0.0286
woodworking-opt08-strips-p14,0,False,35,133,631,836,0,1066,36,0,0,0,2,0,0,,0.0,195.0,325,195,0.0077,0.0018,0.0003,0.0017,0.0,0.0001,0.0,0.0216,0.0336
woodworking-opt08-strips-p15,0,False,35,151,649,875,0,1070,36,0,0,0,3,0,0,,0.0,270.0,395,270,0.0086,0.0024,0.0004,0.0015,0.0,0.0001,0.0,0.0198,0.0333
woodworking-opt08-strips-p16,0,False,52,136,514,747,0,932,54,0,0,0,2,0,0,,0.0,275.0,380,275,0.0268,0.0035,0.0004,0.0018,0.0,0.0001,0.0,0.0172,0.0502
woodworking-opt08-strips-p17,0,False,73,276,1155,1559,0,1936,64,0,0,0,2,0,0,,0.0,280.0,415,280,0.0133,0.0061,0.0011,0.0023,0.0,0.0001,0.0,0.0442,0.0676
woodworking-opt08-strips-p18,0,False,67,318,1415,1864,0,2288,55,0,0,0,2,0,0,,0.0,435.0,620,435,0.0137,0.0066,0.0013,0.0025,0.0,0.0001,0.0,0.0492,0.0741
woodworking-opt08-strips-p19,0,False,88,386,1694,2230,0,2731,67,0,0,0,2,0,0,,0.0,395.0,600,395,0.0148,0.0084,0.0018,0.0025,0.0,0.0001,0.0,0.0716,0.0999
woodworking-opt08-strips-p20,0,False,102,596,2805,3579,0,4378,75,0,0,0,2,0,0,,0.0,435.0,635,435,0.0172,0.0139,0.0035,0.0038,0.0,0.0001,0.0,0.085,0.1241
woodworking-opt08-strips-p21,0,False,9,14,39,78,0,101,13,0,0,0,2,0,0,,0.0,95.0,135,95,0.0231,0.0003,0.0,0.0012,0.0,0.0,0.0,0.0038,0.0289
woodworking-opt08-strips-p22,0,False,17,30,108,179,0,237,28,0,0,0,2,0,0,,0.0,175.0,225,175,0.0054,0.0006,0.0001,0.0009,0.0,0.0,0.0,0.0053,0.0128
woodworking-opt08-strips-p23,0,False,19,47,183,283,0,368,23,0,0,0,3,0,0,,0.0,195.0,260,195,0.0064,0.0008,0.0001,0.0011,0.0,0.0001,0.0,0.0068,0.0157
woodworking-opt08-strips-p24,0,False,35,75,242,390,0,488,40,0,0,0,3,0,0,,0.0,235.0,325,235,0.0075,0.0017,0.0002,0.0014,0.0,0.0001,0.0,0.0124,0.0237
woodworking-opt08-strips-p25,0,False,44,185,757,1035,0,1306,49,0,0,0,2,0,0,,0.0,380.0,535,380,0.0089,0.0035,0.0007,0.0018,0.0,0.0001,0.0,0.0233,0.0388
woodworking-opt08-strips-p26,0,False,58,172,748,1027,0,1308,48,0,0,0,2,0,0,,0.0,220.0,365,220,0.029,0.0037,0.0006,0.0018,0.0,0.0001,0.0,0.0248,0.0605
woodworking-opt08-strips-p27,0,False,52,179,765,1056,0,1318,66,0,0,0,2,0,0,,0.0,320.0,590,320,0.0114,0.0042,0.0008,0.0018,0.0,0.0001,0.0,0.0245,0.0432
woodworking-opt08-strips-p28,0,False,47,217,917,1242,0,1520,54,0,0,0,2,0,0,,0.0,465.0,685,465,0.0128,0.0049,0.0008,0.0019,0.0,0.0001,0.0,0.0322,0.0532
woodworking-opt08-strips-p29,0,False,75,362,1633,2142,0,2634,54,0,0,0,5,0,0,,0.0,535.0,715,535,0.0159,0.0088,0.0018,0.0023,0.0,0.0003,0.0,0.0984,0.128
woodworking-opt08-strips-p30,0,False,77,308,1266,1731,0,2189,67,0,0,0,2,0,0,,0.0,650.0,820,650,0.015,0.0089,0.0019,0.0022,0.0,0.0001,0.0,0.0457,0.0745
woodworking-opt11-strips-p01,0,False,19,47,183,283,0,368,23,0,0,0,3,0,0,,0.0,195.0,260,195,0.0068,0.0008,0.0001,0.0012,0.0,0.0001,0.0,0.0068,0.0162
woodworking-opt11-strips-p02,0,False,28,78,302,436,0,567,32,0,0,0,2,0,0,,0.0,225.0,300,225,0.0087,0.0012,0.0002,0.0012,0.0,0.0001,0.0,0.0115,0.0232
woodworking-opt11-strips-p03,0,False,38,106,453,630,0,813,38,0,0,0,2,0,0,,0.0,195.0,300,195,0.0076,0.0018,0.0002,0.0014,0.0,0.0001,0.0,0.0169,0.0283
woodworking-opt11-strips-p04,0,False,22,76,299,435,0,559,22,0,0,0,2,0,0,,0.0,275.0,360,275,0.0072,0.0013,0.0002,0.0014,0.0,0.0001,0.0,0.0107,0.0212
woodworking-opt11-strips-p05,0,False,35,75,242,390,0,488,40,0,0,0,3,0,0,,0.0,235.0,325,235,0.0076,0.0017,0.0002,0.0011,0.0,0.0001,0.0,0.0123,0.0235
woodworking-opt11-strips-p06,0,False,38,103,410,586,0,743,38,0,0,0,2,0,0,,0.0,235.0,340,235,0.0083,0.0021,0.0003,0.0012,0.0,0.0001,0.0,0.0137,0.0262
woodworking-opt11-strips-p07,0,False,35,133,631,836,0,1066,36,0,0,0,2,0,0,,0.0,195.0,325,195,0.0091,0.0018,0.0003,0.0018,0.0,0.0001,0.0,0.0218,0.0352
woodworking-opt11-strips-p08,0,False,44,185,757,1035,0,1306,49,0,0,0,2,0,0,,0.0,380.0,535,380,0.009,0.0035,0.0007,0.0015,0.0,0.0001,0.0,0.0232,0.0385
woodworking-opt11-strips-p09,0,False,41,160,735,981,0,1228,43,0,0,0,2,0,0,,0.0,260.0,370,260,0.0094,0.0031,0.0004,0.0017,0.0,0.0001,0.0,0.0245,0.0396
woodworking-opt11-strips-p10,0,False,35,151,649,875,0,1070,36,0,0,0,3,0,0,,0.0,270.0,395,270,0.0082,0.0024,0.0005,0.0017,0.0,0.0001,0.0,0.0197,0.0331
woodworking-opt11-strips-p11,0,False,58,172,748,1027,0,1308,48,0,0,0,2,0,0,,0.0,220.0,365,220,0.0099,0.0037,0.0006,0.0019,0.0,0.0001,0.0,0.0248,0.0416
woodworking-opt11-strips-p12,0,False,52,136,514,747,0,932,54,0,0,0,2,0,0,,0.0,275.0,380,275,0.0254,0.0035,0.0004,0.0017,0.0,0.0001,0.0,0.0173,0.0488
woodworking-opt11-strips-p13,0,False,50,195,961,1257,0,1604,35,0,0,0,2,0,0,,0.0,430.0,550,430,0.0085,0.0032,0.0006,0.002,0.0,0.0001,0.0,0.0442,0.0591
woodworking-opt11-strips-p14,0,False,52,179,765,1056,0,1318,66,0,0,0,2,0,0,,0.0,320.0,590,320,0.0112,0.0042,0.0008,0.0016,0.0,0.0001,0.0,0.0243,0.0426
woodworking-opt11-strips-p15,0,False,73,276,1155,1559,0,1936,64,0,0,0,2,0,0,,0.0,280.0,415,280,0.0126,0.0061,0.0011,0.0022,0.0,0.0001,0.0,0.0445,0.0671
woodworking-opt11-strips-p16,0,False,68,231,962,1316,0,1633,55,0,0,0,3,0,0,,0.0,390.0,515,390,0.0127,0.0052,0.0009,0.0021,0.0,0.0001,0.0,0.0486,0.07
woodworking-opt11-strips-p17,0,False,47,217,917,1242,0,1520,54,0,0,0,2,0,0,,0.0,465.0,685,465,0.0128,0.0049,0.0008,0.0021,0.0,0.0001,0.0,0.0324,0.0536
woodworking-opt11-strips-p18,0,False,67,318,1415,1864,0,2288,55,0,0,0,2,0,0,,0.0,435.0,620,435,0.0136,0.0066,0.0013,0.0022,0.0,0.0001,0.0,0.0491,0.0735
woodworking-opt11-strips-p19,0,False,84,291,1224,1660,0,2037,51,0,0,0,2,0,0,,0.0,420.0,545,420,0.0147,0.0071,0.0012,0.0021,0.0,0.0001,0.0,0.0521,0.0779
woodworking-opt11-strips-p20,0,False,75,362,1633,2142,0,2634,54,0,0,0,5,0,0,,0.0,535.0,715,535,0.0164,0.0088,0.0018,0.0024,0.0,0.0003,0.0,0.0983,0.1286
woodworking-sat08-strips-p01,0,False,7,12,27,58,0,70,9,0,0,0,1,0,0,,0.0,110.0,120,110,0.0051,0.0002,0.0,0.0012,0.0,0.0,0.0,0.005,0.012
woodworking-sat08-strips-p02,0,False,18,29,91,174,0,206,17,0,0,0,2,0,0,,0.0,255.0,295,255,0.0065,0.001,0.0001,0.0011,0.0,0.0,0.0,0.0045,0.0136
woodworking-sat08-strips-p03,0,False,73,331,1545,2003,0,2510,53,0,0,0,2,0,0,,0.0,425.0,565,425,0.0124,0.006,0.0013,0.0025,0.0,0.0001,0.0,0.054,0.0769
woodworking-sat08-strips-p04,0,False,74,463,2128,2751,0,3389,67,0,0,0,2,0,0,,0.0,725.0,875,725,0.0144,0.01,0.0028,0.0029,0.0,0.0002,0.0,0.0714,0.1022
woodworking-sat08-strips-p05,0,False,111,715,3291,4212,0,5142,90,0,0,0,2,0,0,,0.0,515.0,770,515,0.0202,0.0191,0.006,0.0042,0.0,0.0002,0.0,0.103,0.1532
woodworking-sat08-strips-p06,0,False,122,904,4216,5351,0,6469,114,0,0,0,2,0,0,,0.0,690.0,1000,690,0.0261,0.0287,0.0097,0.0053,0.0,0.0002,0.0,0.1378,0.2084
woodworking-sat08-strips-p07,0,False,198,1916,8961,11204,0,13386,140,0,0,0,5,0,0,,0.0,900.0,1305,900,0.0436,0.0774,0.0341,0.0114,0.0,0.0007,0.0,0.6535,0.8215
woodworking-sat08-strips-p08,0,False,208,2561,12358,15282,0,18239,151,0,0,0,5,0,0,,0.0,1080.0,1515,1080,0.0519,0.1065,0.0478,0.0157,0.0,0.0009,0.0,0.6754,0.8987
woodworking-sat08-strips-p09,0,False,270,2864,13437,16734,0,19882,166,0,0,0,7,0,0,,0.0,990.0,1520,990,0.0735,0.1574,0.0765,0.0186,0.0,0.0012,0.0,0.9313,1.2609
woodworking-sat08-strips-p10,0,False,266,2888,13410,16745,0,19842,183,0,0,0,4,0,0,,0.0,1080.0,1615,1080,0.0821,0.1733,0.0845,0.0186,0.0,0.0008,0.0,0.9223,1.2845
woodworking-sat08-strips-p11,0,False,3,7,13,33,0,31,0,0,0,0,0,0,0,,0.0,50.0,50,50,0.0058,0.0002,0.0,0.0012,0.0,0.0,0.0,0.0022,0.0098
woodworking-sat08-strips-p12,0,False,23,59,236,355,0,440,26,0,0,0,2,0,0,,0.0,270.0,360,270,0.0079,0.0012,0.0001,0.0011,0.0,0.0001,0.0,0.0093,0.0201
woodworking-sat08-strips-p13,0,False,68,374,1750,2254,0,2808,59,0,0,0,2,0,0,,0.0,435.0,590,435,0.0134,0.0071,0.0016,0.0026,0.0,0.0001,0.0,0.0624,0.0879
woodworking-sat08-strips-p14,0,False,116,520,2290,2997,0,3684,75,0,0,0,7,0,0,,0.0,455.0,660,455,0.019,0.0147,0.0035,0.003,0.0,0.0004,0.0,0.1171,0.1582
woodworking-sat08-strips-p15,0,False,103,720,3378,4299,0,5256,75,0,0,0,3,0,0,,0.0,790.0,980,790,0.0185,0.0173,0.0056,0.0043,0.0,0.0002,0.0,0.1603,0.2067
woodworking-sat08-strips-p16,0,False,171,829,3656,4753,0,5751,104,0,0,0,7,0,0,,0.0,640.0,940,640,0.0282,0.0343,0.0097,0.005,0.0,0.0006,0.0,0.1989,0.2771
woodworking-sat08-strips-p17,0,False,154,1050,4638,5974,0,7184,122,0,0,0,5,0,0,,0.0,905.0,1150,905,0.0348,0.0461,0.0135,0.0061,0.0,0.0005,0.0,0.3496,0.4513
woodworking-sat08-strips-p18,0,False,215,1405,6474,8246,0,9975,133,0,0,0,2,0,0,,0.0,920.0,1375,920,0.0491,0.0761,0.0305,0.009,0.0,0.0003,0.0,0.2443,0.4103
woodworking-sat08-strips-p19,0,False,226,1505,6777,8672,0,10392,166,0,0,0,2,0,0,,0.0,995.0,1425,995,0.0543,0.0921,0.027,0.0098,0.0,0.0003,0.0,0.223,0.4075
woodworking-sat08-strips-p20,0,False,297,2881,13303,16670,0,19834,212,0,0,0,3,0,0,,0.0,1155.0,1780,1155,0.0823,0.1883,0.082,0.0199,0.0,0.0006,0.0,0.5476,0.9221
woodworking-sat08-strips-p21,0,False,14,24,64,122,0,168,18,0,0,0,2,0,0,,0.0,165.0,205,165,0.0062,0.0005,0.0,0.0012,0.0,0.0,0.0,0.0043,0.0127
woodworking-sat08-strips-p22,0,False,27,57,200,319,0,395,33,0,0,0,2,0,0,,0.0,205.0,295,205,0.008,0.0016,0.0001,0.0018,0.0,0.0001,0.0,0.0079,0.0199
woodworking-sat08-strips-p23,0,False,51,122,420,646,0,797,46,0,0,0,2,0,0,,0.0,385.0,475,385,0.0118,0.0036,0.0004,0.0018,0.0,0.0001,0.0,0.0143,0.0324
woodworking-sat08-strips-p24,0,False,96,323,1347,1840,0,2237,70,0,0,0,2,0,0,,0.0,540.0,755,540,0.017,0.0101,0.0018,0.0026,0.0,0.0001,0.0,0.0403,0.0726
woodworking-sat08-strips-p25,0,False,116,493,2177,2883,0,3577,96,0,0,0,2,0,0,,0.0,520.0,815,520,0.0226,0.0171,0.0048,0.0032,0.0,0.0002,0.0,0.0733,0.1219
woodworking-sat08-strips-p26,0,False,126,569,2428,3246,0,4002,95,0,0,0,5,0,0,,0.0,910.0,1125,910,0.0237,0.0243,0.0054,0.0039,0.0,0.0004,0.0,0.1355,0.1937
woodworking-sat08-strips-p27,0,False,141,732,3171,4158,0,4996,100,0,0,0,2,0,0,,0.0,695.0,930,695,0.0325,0.0353,0.0077,0.0045,0.0,0.0002,0.0,0.0928,0.1737
woodworking-sat08-strips-p28,0,False,222,1602,7245,9234,0,11153,152,0,0,0,7,0,0,,0.0,1290.0,1670,1290,0.0509,0.0923,0.0334,0.0102,0.0,0.001,0.0,0.4363,0.6244
woodworking-sat08-strips-p29,0,False,212,1195,5100,6681,0,8092,182,0,0,0,7,0,0,,0.0,1090.0,1665,1090,0.0513,0.0778,0.0313,0.0077,0.0,0.0009,0.0,0.2298,0.399
woodworking-sat08-strips-p30,0,False,272,2097,9365,11919,0,14258,189,0,0,0,6,0,0,,0.0,1100.0,1645,1100,0.0722,0.1425,0.0611,0.0137,0.0,0.001,0.0,0.6813,0.9723
woodworking-sat11-strips-p01,0,False,198,1916,8961,11204,0,13386,140,0,0,0,5,0,0,,0.0,900.0,1305,900,0.0453,0.0782,0.031,0.0112,0.0,0.0007,0.0,0.6558,0.823
woodworking-sat11-strips-p02,0,False,208,2561,12358,15282,0,18239,151,0,0,0,5,0,0,,0.0,1080.0,1515,1080,0.0518,0.1067,0.0478,0.0158,0.0,0.0009,0.0,0.6782,0.9019
woodworking-sat11-strips-p03,0,False,226,1505,6777,8672,0,10392,166,0,0,0,2,0,0,,0.0,995.0,1425,995,0.0544,0.0923,0.0296,0.0097,0.0,0.0003,0.0,0.2225,0.4096
woodworking-sat11-strips-p04,0,False,270,2864,13437,16734,0,19882,166,0,0,0,7,0,0,,0.0,990.0,1520,990,0.0744,0.1561,0.07,0.0187,0.0,0.0012,0.0,0.9279,1.2508
woodworking-sat11-strips-p05,0,False,297,2881,13303,16670,0,19834,212,0,0,0,3,0,0,,0.0,1155.0,1780,1155,0.0834,0.1936,0.0876,0.0198,0.0,0.0006,0.0,0.5503,0.9367
woodworking-sat11-strips-p06,0,False,266,2888,13410,16745,0,19842,183,0,0,0,4,0,0,,0.0,1080.0,1615,1080,0.0802,0.1739,0.0812,0.0189,0.0,0.0008,0.0,0.9205,1.2783
woodworking-sat11-strips-p07,0,False,222,1602,7245,9234,0,11153,152,0,0,0,7,0,0,,0.0,1290.0,1670,1290,0.0507,0.0925,0.0336,0.0098,0.0,0.001,0.0,0.4355,0.6234
woodworking-sat11-strips-p08,0,False,212,1195,5100,6681,0,8092,182,0,0,0,7,0,0,,0.0,1090.0,1665,1090,0.0513,0.0813,0.0286,0.0078,0.0,0.0009,0.0,0.2291,0.3993
woodworking-sat11-strips-p09,0,False,215,1405,6474,8246,0,9975,133,0,0,0,2,0,0,,0.0,920.0,1375,920,0.0476,0.0762,0.0306,0.009,0.0,0.0003,0.0,0.2449,0.4096
woodworking-sat11-strips-p10,0,False,3,7,13,33,0,31,0,0,0,0,0,0,0,,0.0,50.0,50,50,0.005,0.0002,0.0,0.0012,0.0,0.0,0.0,0.0021,0.0089
woodworking-sat11-strips-p11,0,False,296,2368,10695,13560,0,16140,191,0,0,0,5,0,0,,0.0,1305.0,1890,1305,0.0816,0.1693,0.0835,0.0162,0.0,0.0009,0.0,0.6359,0.9885
woodworking-sat11-strips-p12,0,False,347,3918,18468,22934,0,27206,210,0,0,0,5,0,0,,0.0,1275.0,1850,1275,0.1057,0.2612,0.133,0.0296,0.0,0.0011,0.0,1.5687,2.1007
woodworking-sat11-strips-p13,0,False,278,2938,13939,17380,0,20693,223,0,0,0,5,0,0,,0.0,1375.0,2130,1375,0.0881,0.2061,0.1162,0.021,0.0,0.0011,0.0,0.859,1.2925
woodworking-sat11-strips-p14,0,False,288,2233,10159,12873,0,15258,167,0,0,0,5,0,0,,0.0,1035.0,1460,1035,0.0824,0.1571,0.0629,0.0157,0.0,0.0008,0.0,0.6748,0.9947
woodworking-sat11-strips-p15,0,False,367,3976,18844,23418,0,27903,231,0,0,0,5,0,0,,0.0,1505.0,2155,1505,0.1258,0.3158,0.1662,0.0314,0.0,0.0012,0.0,1.2316,1.8755
woodworking-sat11-strips-p16,0,False,359,3582,16471,20634,0,24422,216,0,0,0,5,0,0,,0.0,1325.0,1895,1325,0.1155,0.281,0.1437,0.027,0.0,0.0012,0.0,1.2915,1.8613
woodworking-sat11-strips-p17,0,False,200,2619,12539,15476,0,17181,127,0,0,0,5,0,0,,0.0,645.0,1040,645,0.0922,0.1546,0.0312,0.0157,0.0,0.0007,0.0,1.1081,1.4039
woodworking-sat11-strips-p18,0,False,163,1971,9576,11840,0,13076,106,0,0,0,8,0,0,,0.0,1085.0,1345,1085,0.0781,0.1159,0.0261,0.0117,0.0,0.001,0.0,0.7583,0.9921
woodworking-sat11-strips-p19,0,False,201,2990,14364,17699,0,19522,130,0,0,0,6,0,0,,0.0,895.0,1305,895,0.1146,0.1966,0.0413,0.0177,0.0,0.001,0.0,1.2211,1.5937
woodworking-sat11-strips-p20,0,False,251,4126,19927,24446,0,26546,151,0,0,0,5,0,0,,0.0,950.0,1435,950,0.1485,0.2963,0.0778,0.0261,0.0,0.001,0.0,1.5789,2.1342
zenotravel-p01,0,True,6,7,7,21,0,18,0,0,0,0,0,0,0,,0.0,1.0,1,1,0.0054,0.0001,0.0,0.0009,0.0,0.0,0.0,0.0022,0.0091
zenotravel-p02,0,True,6,9,14,34,0,30,6,0,0,0,0,0,0,,0.0,4.0,4,4,0.0056,0.0002,0.0,0.0011,0.0,0.0,0.0,0.0032,0.0104
zenotravel-p03,0,True,22,52,80,156,0,157,15,0,0,0,0,0,0,,0.0,5.0,5,5,0.0057,0.0005,0.0,0.0013,0.0,0.0,0.0,0.0054,0.0136
zenotravel-p04,0,True,21,47,63,134,0,138,18,0,0,0,0,0,0,,0.0,6.0,6,6,0.0056,0.0004,0.0,0.0016,0.0,0.0,0.0,0.005,0.013
zenotravel-p05,0,True,34,95,125,258,0,280,31,0,0,0,0,0,0,,0.0,11.0,11,11,0.0064,0.0009,0.0001,0.0014,0.0,0.0,0.0,0.0073,0.0165
zenotravel-p06,0,True,34,92,128,258,0,274,33,0,0,0,0,0,0,,0.0,11.0,11,11,0.0062,0.001,0.0001,0.0013,0.0,0.0,0.0,0.0071,0.0161
zenotravel-p07,0,True,32,69,69,174,0,196,30,0,0,0,0,0,0,,0.0,11.0,11,11,0.0062,0.0008,0.0001,0.001,0.0,0.0,0.0,0.0056,0.0141
zenotravel-p08,0,True,47,153,209,413,0,447,30,0,0,0,0,0,0,,0.0,10.0,10,10,0.0085,0.0022,0.0001,0.0012,0.0,0.0,0.0,0.0089,0.0214
zenotravel-p09,0,True,72,234,274,587,0,683,53,0,0,0,0,0,0,,0.0,18.0,18,18,0.0087,0.0031,0.0003,0.0016,0.0,0.0,0.0,0.0118,0.0261
zenotravel-p10,0,True,77,259,307,652,0,755,59,0,0,0,0,0,0,,0.0,20.0,20,20,0.0092,0.0037,0.0004,0.0015,0.0,0.0,0.0,0.0122,0.0274
zenotravel-p11,0,True,60,231,321,617,0,677,36,0,0,0,0,0,0,,0.0,12.0,12,12,0.0111,0.0043,0.0003,0.0013,0.0,0.0,0.0,0.0115,0.029
zenotravel-p12,0,True,82,306,386,781,0,900,54,0,0,0,0,0,0,,0.0,19.0,19,19,0.0098,0.0053,0.0006,0.0016,0.0,0.0,0.0,0.0185,0.0363
zenotravel-p13,0,True,96,412,522,1039,0,1206,68,0,0,0,0,0,0,,0.0,23.0,23,23,0.0113,0.0064,0.0007,0.0018,0.0,0.0,0.0,0.0186,0.0394
zenotravel-p14,0,True,189,1141,1429,2771,0,3341,79,0,1,0,3,0,0,,0.0,28.0,29,28,0.0296,0.0476,0.0042,0.0031,0.0,0.0002,0.0,0.113,0.1982
zenotravel-p15,0,True,262,1492,1558,3324,0,4437,91,0,0,0,1,0,0,,0.0,32.0,34,32,0.0497,0.073,0.0044,0.0033,0.0,0.0001,0.0,0.0766,0.2084
zenotravel-p16,0,True,314,2083,2473,4885,0,6181,108,0,3,0,6,0,0,,0.0,38.0,40,38,0.0686,0.15,0.0123,0.0049,0.0,0.0006,0.0,0.2702,0.5079
zenotravel-p17,0,True,464,3204,3534,7223,0,9614,153,0,0,0,1,0,0,,0.0,52.0,53,52,0.1119,0.2659,0.022,0.0078,0.0,0.0001,0.0,0.1808,0.5905
zenotravel-p18,0,True,492,3426,3732,7669,0,10324,150,0,0,0,1,0,0,,0.0,51.0,52,51,0.1429,0.3218,0.024,0.0085,0.0,0.0001,0.0,0.1681,0.6675
zenotravel-p19,0,True,626,4464,4654,9768,0,13468,168,0,0,0,1,0,0,,0.0,59.0,60,59,0.2099,0.5201,0.0326,0.0124,0.0,0.0002,0.0,0.2815,1.059
zenotravel-p20,0,True,760,5963,6509,13257,0,17981,199,0,1,0,2,0,0,,0.0,68.0,69,68,0.2627,0.7779,0.0632,0.0179,0.0,0.0005,0.0,0.6377,1.7626
