Instance,Status,Unit_Costs,N_Atoms,N_Acts,N_Effects,N_Var_Base,N_Var_Acyc,N_Const_Base,N_Const_Acyc,N_Cuts_LM,N_Cuts_Sec,N_RCB_Calls,N_CCB_Calls,N_CL_It,N_Nodes,Initial_LB,Root_LB,Final_LB,Initial_UB,Final_UB,Parsing_Time,Prep_Time,Heur_Time,Build_Time,RCB_Time,CCB_Time,CL_Time,CPX_Time,Time
agricola-opt18-strips-p01,0,False,60,523,1010,1631,0,1882,0,0,0,0,0,0,0,,0.0,142.0,142,142,0.1426,0.1019,0.0023,0.0023,0.0,0.0,0.0,0.0359,0.2877
agricola-opt18-strips-p02,0,False,63,612,1177,1890,0,2116,0,0,0,0,0,0,0,,0.0,142.0,142,142,0.2204,0.2643,0.0029,0.0025,0.0,0.0,0.0,0.0384,0.5326
agricola-opt18-strips-p03,0,False,66,723,1373,2200,0,2434,0,8,0,0,11,0,1004,,0.0,204.0,262,204,0.3342,0.3825,0.0034,0.0028,0.0,0.0043,0.0,1.4543,2.1836
agricola-opt18-strips-p04,0,False,67,592,1146,1847,0,2096,0,0,0,0,0,0,0,,0.0,146.0,146,146,0.1515,0.1626,0.003,0.0022,0.0,0.0,0.0,0.036,0.3583
agricola-opt18-strips-p05,0,False,69,728,1401,2241,0,2466,0,23,0,0,28,0,1189,,0.0,208.0,266,208,0.2671,0.2743,0.0048,0.0034,0.0,0.0164,0.0,1.5594,2.1141
agricola-opt18-strips-p06,0,False,72,796,1523,2434,0,2648,0,0,0,0,0,0,31,,0.0,206.0,206,206,0.3955,0.5766,0.0045,0.0026,0.0,0.0,0.0,0.6175,1.6048
agricola-opt18-strips-p07,0,False,74,697,1347,2166,0,2443,0,32,0,0,35,0,746,,0.0,212.0,270,212,0.2124,0.2054,0.0043,0.0028,0.0,0.0255,0.0,1.1848,1.6135
agricola-opt18-strips-p08,0,False,78,799,1567,2491,0,2737,0,0,0,0,0,0,0,,0.0,150.0,150,150,0.3233,0.3565,0.0045,0.0027,0.0,0.0,0.0,0.05,0.7434
agricola-opt18-strips-p09,0,False,80,895,1747,2770,0,3009,0,0,0,0,0,0,0,,0.0,150.0,150,150,0.4832,0.6508,0.0062,0.0031,0.0,0.0,0.0,0.0611,1.2142
agricola-opt18-strips-p10,0,False,77,754,1483,2367,0,2652,0,0,0,0,0,0,0,,0.0,154.0,154,154,0.2347,0.2393,0.0069,0.0026,0.0,0.0,0.0,0.0423,0.53
agricola-opt18-strips-p11,0,False,80,911,1773,2817,0,3047,0,45,0,0,49,0,1151,,0.0,216.0,274,216,0.7328,0.3998,0.0076,0.0578,0.0,0.0606,0.0,1.3129,2.519
agricola-opt18-strips-p12,0,False,84,1002,1962,3100,0,3339,0,0,0,0,0,0,33,,0.0,214.0,214,214,0.9328,0.8574,0.0094,0.0574,0.0,0.0,0.0,0.8497,2.7188
agricola-opt18-strips-p13,0,False,81,852,1670,2660,0,2959,0,36,0,0,38,0,217,,0.0,220.0,278,220,0.6666,0.262,0.0074,0.0947,0.0,0.0443,0.0,0.7509,1.7899
agricola-opt18-strips-p14,0,False,84,978,1945,3064,0,3334,0,0,0,0,0,0,0,,0.0,158.0,158,158,0.8145,0.4706,0.0078,0.0612,0.0,0.0,0.0,0.1259,1.4898
agricola-opt18-strips-p15,0,False,87,1081,2133,3358,0,3596,0,0,0,0,0,0,0,,0.0,158.0,158,158,0.9993,0.9321,0.0082,0.0543,0.0,0.0,0.0,0.1216,2.1282
agricola-opt18-strips-p16,0,False,83,909,1796,2851,0,3173,0,0,0,0,0,0,33,,0.0,222.0,222,222,0.7098,0.2959,0.008,0.0777,0.0,0.0,0.0,0.4227,1.5217
agricola-opt18-strips-p17,0,False,86,1065,2118,3332,0,3592,0,0,0,0,0,0,0,,0.0,162.0,162,162,0.4402,0.5178,0.0105,0.0034,0.0,0.0,0.0,0.0725,1.0533
agricola-opt18-strips-p18,0,False,89,1197,2377,3726,0,4001,0,0,0,0,0,0,73,,0.0,222.0,222,222,0.6293,1.0802,0.0101,0.0034,0.0,0.0,0.0,0.9953,2.7309
agricola-opt18-strips-p19,0,False,86,992,1982,3128,0,3489,0,0,0,0,0,0,19,,0.0,226.0,226,226,0.305,0.3477,0.0105,0.003,0.0,0.0,0.0,0.4948,1.1669
agricola-opt18-strips-p20,0,False,89,1152,2310,3619,0,3907,0,0,0,0,0,0,0,,0.0,166.0,166,166,0.4647,0.6293,0.008,0.0033,0.0,0.0,0.0,0.0745,1.1893
agricola-sat18-strips-p01,0,False,84,1459,2877,4458,0,4561,0,0,0,0,0,0,0,,0.0,382.0,382,382,1.3324,8.8838,0.0082,0.004,0.0,0.0,0.0,0.1592,10.4141
agricola-sat18-strips-p02,0,False,91,1731,3406,5270,0,5200,0,0,0,0,0,0,0,,0.0,386.0,386,386,1.6491,6.939,0.0126,0.0043,0.0,0.0,0.0,0.168,8.8057
agricola-sat18-strips-p03,0,False,98,1852,3672,5670,0,5635,0,0,0,0,0,0,0,,0.0,390.0,390,390,2.0019,12.8479,0.0193,0.005,0.0,0.0,0.0,0.1667,15.077
agricola-sat18-strips-p04,0,False,101,2084,4116,6354,0,6251,0,78,0,0,83,0,2653,,0.0,576.0,754,576,2.1953,8.8875,0.0204,0.005,0.0,0.3396,0.0,38.0161,49.1629
agricola-sat18-strips-p05,0,False,104,2292,4556,7010,0,6854,0,125,0,0,129,0,2291,,0.0,580.0,758,580,2.3965,14.4602,0.03,0.0056,0.0,0.6687,0.0,7.7032,24.6386
agricola-sat18-strips-p06,0,False,107,2463,4953,7586,0,7376,0,0,0,0,0,0,0,,0.0,402.0,402,402,2.6016,10.1151,0.0271,0.0062,0.0,0.0,0.0,0.233,13.0292
agricola-sat18-strips-p07,0,False,110,2654,5330,8162,0,7899,0,0,0,0,0,0,31,,0.0,586.0,586,586,3.1087,16.4904,0.0419,0.0067,0.0,0.0,0.0,3.0488,22.7455
agricola-sat18-strips-p08,0,False,114,2853,5747,8786,0,8482,0,0,0,0,0,0,65,,0.0,590.0,590,590,3.0291,17.8228,0.0386,0.0072,0.0,0.0,0.0,4.2879,25.2368
agricola-sat18-strips-p09,0,False,116,3332,6726,10252,0,9668,0,0,0,0,0,0,25,,0.0,594.0,594,594,3.201,13.1385,0.0611,0.0081,0.0,0.0,0.0,4.1367,20.6013
agricola-sat18-strips-p10,0,False,120,3271,6635,10108,0,9740,0,0,0,0,0,0,19,,0.0,598.0,598,598,3.395,15.0443,0.0485,0.0083,0.0,0.0,0.0,4.654,23.2097
agricola-sat18-strips-p11,0,False,55,636,1222,1963,0,2201,0,18,0,0,20,0,2442,,0.0,283.0,503,283,0.1955,0.2188,0.005,0.0025,0.0,0.0111,0.0,2.337,2.7629
agricola-sat18-strips-p12,0,False,60,725,1402,2243,0,2466,0,6,0,0,7,0,1002,,0.0,287.0,507,287,0.246,0.265,0.0067,0.0022,0.0,0.0074,0.0,0.8475,1.3725
agricola-sat18-strips-p13,0,False,68,802,1582,2513,0,2758,0,4,0,0,5,0,0,,0.0,276.0,330,276,0.3163,0.3287,0.009,0.0026,0.0,0.0054,0.0,0.189,0.8517
agricola-sat18-strips-p14,0,False,73,996,1974,3110,0,3361,0,4,0,0,5,0,0,,0.0,279.0,335,279,0.5065,0.6869,0.0154,0.0032,0.0,0.0083,0.0,0.2339,1.4565
agricola-sat18-strips-p15,0,False,75,1090,2167,3405,0,3660,0,18,0,0,22,0,0,,0.0,288.0,402,288,0.5653,0.8285,0.0172,0.0034,0.0,0.0629,0.0,0.4476,1.8734
agricola-sat18-strips-p16,0,False,78,1221,2421,3798,0,4063,0,91,0,0,96,0,0,,0.0,297.0,526,297,0.6065,0.9246,0.0198,0.0034,0.0,0.342,0.0,0.7826,2.3494
agricola-sat18-strips-p17,0,False,82,1396,2800,4363,0,4672,0,103,0,0,106,0,35,,0.0,415.0,591,415,0.8329,1.6155,0.0271,0.0052,0.0,0.6906,0.0,1.1048,3.6039
agricola-sat18-strips-p18,0,False,86,1501,3023,4699,0,5025,0,108,0,0,113,0,13,,0.0,420.0,595,420,1.0314,2.0909,0.0327,0.0041,0.0,0.9408,0.0,1.6598,4.8383
agricola-sat18-strips-p19,0,False,88,1604,3226,5013,0,5369,0,86,0,0,91,0,95,,0.0,428.0,689,428,1.1133,2.0731,0.0317,0.0046,0.0,0.7882,0.0,1.368,4.6107
agricola-sat18-strips-p20,0,False,91,1746,3512,5449,0,5819,0,147,0,0,152,0,132,,0.0,433.0,783,433,1.1912,2.3358,0.0391,0.0048,0.0,2.0177,0.0,2.5643,6.1571
airport-p01-airport1-p1,0,True,0,3,27,62,0,91,0,0,0,0,1,0,0,,0.0,8.0,8,8,0.0047,0.0001,0.0,0.001,0.0,0.0,0.0,0.0013,0.0075
airport-p02-airport1-p1,0,True,0,4,31,68,0,101,0,0,0,0,0,0,0,,0.0,9.0,9,9,0.0058,0.0001,0.0,0.0012,0.0,0.0,0.0,0.003,0.0105
airport-p03-airport1-p2,0,True,0,7,57,126,0,194,0,0,0,0,0,0,0,,0.0,17.0,17,17,0.0054,0.0002,0.0001,0.001,0.0,0.0,0.0,0.0031,0.0101
airport-p04-airport2-p1,0,True,0,7,65,150,0,226,0,0,0,0,1,0,0,,0.0,20.0,20,20,0.005,0.0003,0.0,0.0013,0.0,0.0,0.0,0.0015,0.0085
airport-p05-airport2-p1,0,True,1,10,71,160,0,303,0,0,0,0,0,0,0,,0.0,21.0,21,21,0.0056,0.0004,0.0001,0.0013,0.0,0.0,0.0,0.0032,0.0109
airport-p06-airport2-p2,0,True,1,17,136,305,0,527,0,0,0,0,0,0,0,,0.0,41.0,41,41,0.0058,0.0008,0.0002,0.0012,0.0,0.0,0.0,0.0033,0.0117
airport-p07-airport2-p2,0,True,1,17,135,302,0,527,0,0,0,0,0,0,0,,0.0,41.0,41,41,0.0059,0.0008,0.0002,0.0016,0.0,0.0,0.0,0.0033,0.0122
airport-p08-airport2-p3,0,True,2,27,206,444,0,814,0,0,0,0,0,0,0,,0.0,62.0,62,62,0.0093,0.0016,0.0004,0.0012,0.0,0.0,0.0,0.0037,0.0167
airport-p09-airport2-p4,0,True,2,33,234,504,0,915,0,0,0,0,0,0,0,,0.0,71.0,71,71,0.0104,0.0021,0.0005,0.0014,0.0,0.0,0.0,0.0037,0.0186
airport-p10-airport3-p1,0,True,0,5,59,136,0,208,0,0,0,0,1,0,0,,0.0,18.0,18,18,0.0051,0.0003,0.0,0.0013,0.0,0.0,0.0,0.0013,0.0084
airport-p11-airport3-p1,0,True,1,10,73,164,0,313,0,0,0,0,0,0,0,,0.0,21.0,21,21,0.0061,0.0004,0.0001,0.0011,0.0,0.0,0.0,0.0031,0.0112
airport-p12-airport3-p2,0,True,1,15,132,297,0,521,0,0,0,0,0,0,0,,0.0,39.0,39,39,0.0064,0.0009,0.0002,0.0012,0.0,0.0,0.0,0.0033,0.0124
airport-p13-airport3-p2,0,True,1,13,123,276,0,481,0,0,0,0,0,0,0,,0.0,37.0,37,37,0.0069,0.0008,0.0002,0.0014,0.0,0.0,0.0,0.0034,0.0133
airport-p14-airport3-p3,0,True,2,25,205,443,0,818,0,0,0,0,0,0,0,,0.0,60.0,60,60,0.0098,0.0019,0.0004,0.0018,0.0,0.0,0.0,0.0036,0.0179
airport-p15-airport3-p3,0,True,2,23,197,425,0,783,0,0,0,0,0,0,0,,0.0,58.0,58,58,0.0094,0.0017,0.0004,0.0016,0.0,0.0,0.0,0.0036,0.0171
airport-p16-airport3-p4,0,True,3,33,270,571,0,1080,0,0,0,0,0,0,0,,0.0,79.0,79,79,0.0096,0.0028,0.0007,0.0014,0.0,0.0,0.0,0.004,0.0189
airport-p17-airport3-p5,0,True,5,41,309,648,0,1195,0,0,0,0,0,0,0,,0.0,88.0,88,88,0.0128,0.0037,0.0009,0.0017,0.0,0.0,0.0,0.0043,0.0238
airport-p18-airport3-p6,0,True,6,49,376,780,0,1459,0,0,0,0,0,0,0,,0.0,107.0,107,107,0.0149,0.0057,0.0012,0.0025,0.0,0.0,0.0,0.0047,0.0296
airport-p19-airport3-p6,0,True,4,39,315,669,0,1189,0,0,0,0,0,0,0,,0.0,90.0,90,90,0.0122,0.0036,0.0009,0.0018,0.0,0.0,0.0,0.0043,0.0234
airport-p20-airport3-p7,0,True,6,54,400,833,0,1566,0,0,0,0,0,0,0,,0.0,115.0,115,115,0.0156,0.0069,0.0015,0.0021,0.0,0.0,0.0,0.0047,0.0314
airport-p21-airport4halfMUC-p2,0,True,5,49,348,783,0,1391,0,0,0,0,0,0,0,,0.0,101.0,101,101,0.0213,0.0125,0.0015,0.0019,0.0,0.0,0.0,0.0038,0.0415
airport-p22-airport4halfMUC-p3,0,True,5,53,495,1087,0,1900,0,0,0,0,0,0,0,,0.0,148.0,148,148,0.0343,0.0235,0.0035,0.0027,0.0,0.0,0.0,0.0036,0.0684
airport-p23-airport4halfMUC-p4,0,True,16,73,597,1284,0,2045,0,0,0,0,0,0,0,,0.0,168.0,168,168,0.0453,0.0409,0.0036,0.0028,0.0,0.0,0.0,0.0046,0.0981
airport-p24-airport4halfMUC-p4,0,True,8,75,556,1202,0,2226,0,0,0,0,0,0,0,,0.0,162.0,162,162,0.0602,0.0453,0.0042,0.0029,0.0,0.0,0.0,0.0041,0.1176
airport-p25-airport4halfMUC-p5,0,True,9,83,716,1525,0,2798,0,0,0,0,0,0,0,,0.0,212.0,212,212,0.0762,0.0631,0.0062,0.0036,0.0,0.0,0.0,0.0044,0.1546
airport-p26-airport4halfMUC-p6,0,True,19,91,771,1631,0,2749,0,0,0,0,0,0,0,,0.0,220.0,220,220,0.0982,0.0829,0.0073,0.0037,0.0,0.0,0.0,0.0051,0.1983
airport-p27-airport4halfMUC-p6,0,True,11,125,848,1799,0,3440,0,0,0,0,0,0,0,,0.0,246.0,246,246,0.1201,0.0874,0.0091,0.0043,0.0,0.0,0.0,0.005,0.2271
airport-p28-airport4halfMUC-p7,0,True,12,131,1003,2111,0,4000,0,0,0,0,0,0,0,,0.0,294.0,294,294,0.1437,0.1098,0.0132,0.0055,0.0,0.0,0.0,0.0055,0.2791
airport-p29-airport4halfMUC-p8,0,True,23,145,1082,2260,0,4044,0,0,0,0,0,0,0,,0.0,308.0,308,308,0.173,0.1651,0.0149,0.0058,0.0,0.0,0.0,0.0063,0.3666
airport-p30-airport4halfMUC-p8,0,True,14,155,1065,2230,0,4313,0,0,0,0,0,0,0,,0.0,310.0,310,310,0.203,0.1499,0.0134,0.0058,0.0,0.0,0.0,0.0062,0.3798
airport-p31-airport4halfMUC-p9,0,True,14,161,1215,2537,0,4869,0,0,0,0,0,0,0,,0.0,358.0,358,358,0.237,0.1996,0.0194,0.0072,0.0,0.0,0.0,0.0066,0.4715
airport-p32-airport4halfMUC-p10,0,True,27,193,1375,2840,0,5253,0,0,0,0,0,0,0,,0.0,390.0,390,390,0.2708,0.2559,0.0252,0.008,0.0,0.0,0.0,0.0083,0.5702
airport-p33-airport4halfMUC-p10,0,True,16,179,1337,2780,0,5366,0,0,0,0,0,0,0,,0.0,393.0,393,393,0.2863,0.2253,0.0237,0.0077,0.0,0.0,0.0,0.0071,0.552
airport-p34-airport4halfMUC-p11,0,True,28,213,1498,3086,0,5759,0,0,0,0,0,0,0,,0.0,427.0,427,427,0.3268,0.3362,0.0307,0.0092,0.0,0.0,0.0,0.0092,0.7143
airport-p35-airport4halfMUC-p12,0,True,43,258,1589,3248,0,6017,0,0,0,0,0,0,0,,0.0,433.0,433,433,0.3746,0.3745,0.0366,0.0099,0.0,0.0,0.0,0.0104,0.8082
airport-p36-airport5MUC-p2,0,True,328,635,967,2243,0,3286,0,546,0,0,546,0,25,,0.0,109.0,109,109,0.0312,0.0369,0.0068,0.0039,0.0,1.3775,0.0,0.6719,0.7516
airport-p37-airport5MUC-p3,0,True,566,1030,1400,3294,0,5136,0,994,0,0,994,0,61,,0.0,141.0,141,141,0.0645,0.0939,0.017,0.0066,0.0,7.53,0.0,3.3329,3.5158
airport-p38-airport5MUC-p3,0,True,521,980,1477,3373,0,5165,0,596,0,0,596,0,0,,0.0,154.0,154,154,0.0581,0.084,0.0185,0.0069,0.0,4.0354,0.0,4.5611,4.73
airport-p39-airport5MUC-p4,0,True,746,1362,1878,4391,0,6879,0,1961,0,0,1961,0,23,,0.0,208.0,208,208,0.1006,0.1555,0.0373,0.011,0.0,30.3318,0.0,17.0476,17.3535
airport-p40-airport5MUC-p4,0,True,714,1325,1994,4506,0,7035,0,1147,0,0,1147,0,37,,0.0,190.0,190,190,0.0906,0.1409,0.0367,0.0104,0.0,15.7949,0.0,6.7069,6.9872
airport-p41-airport5MUC-p4,0,True,680,1292,1952,4387,0,6588,0,820,0,0,820,0,31,,0.0,178.0,178,178,0.0795,0.1328,0.0284,0.0096,0.0,9.9923,0.0,8.1733,8.4251
airport-p42-airport5MUC-p5,0,True,894,1657,2512,5643,0,8927,0,2118,0,0,2118,0,62,,0.0,257.0,257,257,0.1341,0.2291,0.0687,0.0181,0.0,53.4923,0.0,27.9164,28.3689
airport-p43-airport5MUC-p5,0,True,873,1639,2480,5528,0,8499,0,1222,0,0,1222,0,43,,0.0,223.0,223,223,0.1207,0.2078,0.0528,0.014,0.0,25.6898,0.0,17.4151,17.8124
airport-p44-airport5MUC-p5,0,True,828,1589,2488,5536,0,8237,0,1008,0,0,1008,0,30,,0.0,227.0,227,227,0.1115,0.1937,0.0419,0.0147,0.0,22.209,0.0,9.3501,9.7135
airport-p45-airport5MUC-p6,0,True,987,1901,2917,6484,0,9515,0,703,0,0,703,0,0,,0.0,249.0,249,249,0.1417,0.2451,0.0545,0.0182,0.0,24.3612,0.0,25.5058,25.9672
airport-p46-airport5MUC-p6,0,True,1053,1971,3012,6679,0,10442,0,2055,0,0,2055,0,82,,0.0,290.0,290,290,0.1723,0.2945,0.0973,0.0188,0.0,71.7623,0.0,37.2729,37.8582
airport-p47-airport5MUC-p8,0,True,1360,2580,4001,8800,0,13463,0,1719,0,0,1719,0,66,,0.0,355.0,355,355,0.4864,0.4708,0.1457,0.0297,0.0,123.9039,0.0,71.7723,72.9075
airport-p48-airport5MUC-p9,0,True,1619,2987,4624,10126,0,16279,0,2862,0,0,2862,0,87,,0.0,423.0,423,423,0.3776,0.6709,0.2651,0.038,0.0,315.8658,0.0,148.695,150.0499
airport-p49-airport5MUC-p10,0,True,1733,3255,5107,11140,0,17501,0,2588,0,0,2588,0,119,,0.0,451.0,451,451,0.418,0.7647,0.2899,0.0447,0.0,374.6289,0.0,156.6413,158.1625
airport-p50-airport5MUC-p15,0,True,2685,4967,7878,16957,0,27535,0,4235,0,0,4235,0,169,,0.0,685.0,685,685,0.9722,1.8545,0.8915,0.0968,0.0,1652.2899,0.0,803.7969,807.6255
assembly-prob01,-3,False,0,0,0,0,0,0,0,0,0,0,0,0,0,,0.0,0.0,1e+20,1e+20,0,0,0,0,0,0,0,0,0
assembly-prob02,-3,False,0,0,0,0,0,0,0,0,0,0,0,0,0,,0.0,0.0,1e+20,1e+20,0,0,0,0,0,0,0,0,0
assembly-prob03,-3,False,0,0,0,0,0,0,0,0,0,0,0,0,0,,0.0,0.0,1e+20,1e+20,0,0,0,0,0,0,0,0,0
assembly-prob04,-3,False,0,0,0,0,0,0,0,0,0,0,0,0,0,,0.0,0.0,1e+20,1e+20,0,0,0,0,0,0,0,0,0
assembly-prob05,-3,False,0,0,0,0,0,0,0,0,0,0,0,0,0,,0.0,0.0,1e+20,1e+20,0,0,0,0,0,0,0,0,0
assembly-prob06,-3,False,0,0,0,0,0,0,0,0,0,0,0,0,0,,0.0,0.0,1e+20,1e+20,0,0,0,0,0,0,0,0,0
assembly-prob07,-3,False,0,0,0,0,0,0,0,0,0,0,0,0,0,,0.0,0.0,1e+20,1e+20,0,0,0,0,0,0,0,0,0
assembly-prob08,-3,False,0,0,0,0,0,0,0,0,0,0,0,0,0,,0.0,0.0,1e+20,1e+20,0,0,0,0,0,0,0,0,0
assembly-prob09,-3,False,0,0,0,0,0,0,0,0,0,0,0,0,0,,0.0,0.0,1e+20,1e+20,0,0,0,0,0,0,0,0,0
assembly-prob10,-3,False,0,0,0,0,0,0,0,0,0,0,0,0,0,,0.0,0.0,1e+20,1e+20,0,0,0,0,0,0,0,0,0
assembly-prob11,-3,False,0,0,0,0,0,0,0,0,0,0,0,0,0,,0.0,0.0,1e+20,1e+20,0,0,0,0,0,0,0,0,0
assembly-prob12,-3,False,0,0,0,0,0,0,0,0,0,0,0,0,0,,0.0,0.0,1e+20,1e+20,0,0,0,0,0,0,0,0,0
assembly-prob13,-3,False,0,0,0,0,0,0,0,0,0,0,0,0,0,,0.0,0.0,1e+20,1e+20,0,0,0,0,0,0,0,0,0
assembly-prob14,-3,False,0,0,0,0,0,0,0,0,0,0,0,0,0,,0.0,0.0,1e+20,1e+20,0,0,0,0,0,0,0,0,0
assembly-prob15,-3,False,0,0,0,0,0,0,0,0,0,0,0,0,0,,0.0,0.0,1e+20,1e+20,0,0,0,0,0,0,0,0,0
assembly-prob16,-3,False,0,0,0,0,0,0,0,0,0,0,0,0,0,,0.0,0.0,1e+20,1e+20,0,0,0,0,0,0,0,0,0
assembly-prob17,-3,False,0,0,0,0,0,0,0,0,0,0,0,0,0,,0.0,0.0,1e+20,1e+20,0,0,0,0,0,0,0,0,0
assembly-prob18,-3,False,0,0,0,0,0,0,0,0,0,0,0,0,0,,0.0,0.0,1e+20,1e+20,0,0,0,0,0,0,0,0,0
assembly-prob19,-3,False,0,0,0,0,0,0,0,0,0,0,0,0,0,,0.0,0.0,1e+20,1e+20,0,0,0,0,0,0,0,0,0
assembly-prob20,-3,False,0,0,0,0,0,0,0,0,0,0,0,0,0,,0.0,0.0,1e+20,1e+20,0,0,0,0,0,0,0,0,0
assembly-prob21,-3,False,0,0,0,0,0,0,0,0,0,0,0,0,0,,0.0,0.0,1e+20,1e+20,0,0,0,0,0,0,0,0,0
assembly-prob22,-3,False,0,0,0,0,0,0,0,0,0,0,0,0,0,,0.0,0.0,1e+20,1e+20,0,0,0,0,0,0,0,0,0
assembly-prob23,-3,False,0,0,0,0,0,0,0,0,0,0,0,0,0,,0.0,0.0,1e+20,1e+20,0,0,0,0,0,0,0,0,0
assembly-prob24,-3,False,0,0,0,0,0,0,0,0,0,0,0,0,0,,0.0,0.0,1e+20,1e+20,0,0,0,0,0,0,0,0,0
assembly-prob25,-3,False,0,0,0,0,0,0,0,0,0,0,0,0,0,,0.0,0.0,1e+20,1e+20,0,0,0,0,0,0,0,0,0
assembly-prob26,-3,False,0,0,0,0,0,0,0,0,0,0,0,0,0,,0.0,0.0,1e+20,1e+20,0,0,0,0,0,0,0,0,0
assembly-prob27,-3,False,0,0,0,0,0,0,0,0,0,0,0,0,0,,0.0,0.0,1e+20,1e+20,0,0,0,0,0,0,0,0,0
assembly-prob28,-3,False,0,0,0,0,0,0,0,0,0,0,0,0,0,,0.0,0.0,1e+20,1e+20,0,0,0,0,0,0,0,0,0
assembly-prob29,-3,False,0,0,0,0,0,0,0,0,0,0,0,0,0,,0.0,0.0,1e+20,1e+20,0,0,0,0,0,0,0,0,0
assembly-prob30,-3,False,0,0,0,0,0,0,0,0,0,0,0,0,0,,0.0,0.0,1e+20,1e+20,0,0,0,0,0,0,0,0,0
barman-mco14-strips-p1-11-5-15,0,True,105,676,2054,2899,0,3952,0,0,0,0,0,0,0,,0.0,36.0,36,36,0.0267,0.0156,0.0025,0.0029,0.0,0.0,0.0,0.0872,0.1359
barman-mco14-strips-p1-11-5-16,0,True,115,726,2210,3118,0,4256,0,0,0,0,0,0,0,,0.0,38.0,38,38,0.0304,0.0168,0.003,0.0034,0.0,0.0,0.0,0.1102,0.1646
barman-mco14-strips-p1-8-4-10,0,True,62,374,1112,1593,0,2207,0,0,0,0,0,0,0,,0.0,26.0,26,26,0.0153,0.0051,0.0009,0.002,0.0,0.0,0.0,0.0478,0.0719
barman-mco14-strips-p2-10-4-13,0,True,80,486,1456,2078,0,2881,0,0,0,0,0,0,0,,0.0,31.0,31,31,0.0198,0.0089,0.0013,0.0023,0.0,0.0,0.0,0.0655,0.0988
barman-mco14-strips-p2-11-4-15,0,True,92,560,1684,2399,0,3327,0,0,0,0,0,0,0,,0.0,34.0,34,34,0.0238,0.0127,0.002,0.0028,0.0,0.0,0.0,0.08,0.1222
barman-mco14-strips-p2-11-5-15,0,True,108,682,2072,2926,0,3994,0,0,0,0,0,0,0,,0.0,37.0,37,37,0.0273,0.015,0.0024,0.0032,0.0,0.0,0.0,0.1139,0.1628
barman-mco14-strips-p2-11-5-16,0,True,114,724,2204,3109,0,4242,0,0,0,0,0,0,0,,0.0,37.0,37,37,0.0292,0.0169,0.0027,0.0033,0.0,0.0,0.0,0.1093,0.1622
barman-mco14-strips-p2-11-5-17,0,True,119,764,2330,3283,0,4476,0,0,0,0,0,0,0,,0.0,38.0,38,38,0.0313,0.0187,0.0029,0.0036,0.0,0.0,0.0,0.1064,0.1637
barman-mco14-strips-p3-10-4-13,0,True,80,486,1456,2078,0,2881,0,0,0,0,0,0,0,,0.0,31.0,31,31,0.0199,0.0094,0.0013,0.0026,0.0,0.0,0.0,0.0652,0.0993
barman-mco14-strips-p3-11-4-15,0,True,92,560,1684,2399,0,3327,0,0,0,0,0,0,0,,0.0,34.0,34,34,0.0241,0.0127,0.002,0.0037,0.0,0.0,0.0,0.0802,0.1235
barman-mco14-strips-p3-11-5-15,0,True,105,676,2054,2899,0,3952,0,0,0,0,0,0,0,,0.0,36.0,36,36,0.0272,0.0149,0.0023,0.0032,0.0,0.0,0.0,0.0974,0.1459
barman-mco14-strips-p3-11-5-16,0,True,115,726,2210,3118,0,4256,0,0,0,0,0,0,0,,0.0,38.0,38,38,0.0303,0.0169,0.003,0.0035,0.0,0.0,0.0,0.1227,0.1772
barman-mco14-strips-p3-11-5-17,0,True,121,768,2342,3301,0,4504,0,0,0,0,0,0,0,,0.0,38.0,38,38,0.0315,0.0186,0.003,0.0037,0.0,0.0,0.0,0.1036,0.1614
barman-mco14-strips-p4-11-4-14,0,True,86,524,1572,2242,0,3109,0,0,0,0,0,0,0,,0.0,33.0,33,33,0.0235,0.0108,0.0018,0.0027,0.0,0.0,0.0,0.0664,0.1059
barman-mco14-strips-p4-11-4-15,0,True,91,558,1678,2390,0,3313,0,0,0,0,0,0,0,,0.0,34.0,34,34,0.0248,0.0127,0.0018,0.0028,0.0,0.0,0.0,0.0718,0.1146
barman-mco14-strips-p4-11-5-15,0,True,107,680,2066,2917,0,3980,0,0,0,0,0,0,0,,0.0,36.0,36,36,0.0267,0.0149,0.0024,0.0029,0.0,0.0,0.0,0.1,0.1478
barman-mco14-strips-p5-10-4-13,0,True,80,486,1456,2078,0,2881,0,0,0,0,0,0,0,,0.0,31.0,31,31,0.0206,0.0088,0.0013,0.0026,0.0,0.0,0.0,0.0657,0.0998
barman-mco14-strips-p5-11-4-15,0,True,91,558,1678,2390,0,3313,0,0,0,0,0,0,0,,0.0,34.0,34,34,0.0236,0.0126,0.002,0.0028,0.0,0.0,0.0,0.0803,0.1222
barman-mco14-strips-p5-11-5-15,0,True,106,678,2060,2908,0,3966,0,0,0,0,0,0,0,,0.0,36.0,36,36,0.0275,0.0154,0.0023,0.003,0.0,0.0,0.0,0.0982,0.1472
barman-mco14-strips-p5-11-5-16,0,True,114,724,2204,3109,0,4242,0,0,0,0,0,0,0,,0.0,37.0,37,37,0.0292,0.0166,0.0027,0.0034,0.0,0.0,0.0,0.1095,0.1622
barman-opt11-strips-pfile01-001,0,False,23,118,330,492,0,694,0,1087,0,0,1087,0,1759,,0.0,41.0,41,41,0.0063,0.0008,0.0002,0.0014,0.0,0.0315,0.0,0.5462,0.5553
barman-opt11-strips-pfile01-002,0,False,23,118,330,492,0,694,0,725,0,0,725,0,1720,,0.0,41.0,41,41,0.0061,0.0008,0.0002,0.0011,0.0,0.0206,0.0,0.3913,0.3999
barman-opt11-strips-pfile01-003,0,False,23,118,330,492,0,694,0,729,0,0,729,0,1460,,0.0,41.0,41,41,0.0067,0.0008,0.0002,0.0013,0.0,0.0203,0.0,0.3664,0.376
barman-opt11-strips-pfile01-004,0,False,23,118,330,492,0,694,0,707,0,0,707,0,1485,,0.0,41.0,41,41,0.0064,0.0008,0.0002,0.0012,0.0,0.0196,0.0,0.3389,0.3481
barman-opt11-strips-pfile02-005,0,False,28,148,420,621,0,878,0,4424,0,0,4424,0,8082,,0.0,43.0,43,43,0.0072,0.0011,0.0003,0.0016,0.0,0.1645,0.0,4.3756,4.3864
barman-opt11-strips-pfile02-006,0,False,28,148,420,621,0,878,0,4680,0,0,4680,0,10000,,0.0,43.0,43,43,0.0072,0.0011,0.0002,0.0014,0.0,0.1748,0.0,5.3248,5.3354
barman-opt11-strips-pfile02-007,0,False,28,148,420,621,0,878,0,5061,0,0,5061,0,14862,,0.0,43.0,43,43,0.0075,0.0011,0.0002,0.0016,0.0,0.2077,0.0,7.9475,7.9586
barman-opt11-strips-pfile02-008,0,False,28,148,420,621,0,878,0,4314,0,0,4314,0,11386,,0.0,43.0,43,43,0.0081,0.0011,0.0003,0.0017,0.0,0.165,0.0,5.0432,5.055
barman-opt11-strips-pfile03-009,2,False,33,178,510,750,0,1062,0,45234,0,0,45234,0,332065,,0.0,44.0,45,45,0.0078,0.0015,0.0003,0.0016,0.0,2.9569,0.0,900.0015,900.0319
barman-opt11-strips-pfile03-010,0,False,33,178,510,750,0,1062,0,40741,0,0,40741,0,388743,,0.0,45.0,45,45,0.0073,0.0015,0.0003,0.0014,0.0,2.6779,0.0,706.8418,706.8532
barman-opt11-strips-pfile03-011,0,False,33,178,510,750,0,1062,0,37029,0,0,37029,0,278288,,0.0,45.0,45,45,0.0072,0.0015,0.0003,0.0017,0.0,2.3945,0.0,593.8248,593.8363
barman-opt11-strips-pfile03-012,0,False,33,178,510,750,0,1062,0,40237,0,0,40237,0,362067,,0.0,45.0,45,45,0.0105,0.0016,0.0004,0.0016,0.0,2.772,0.0,826.1253,826.1402
barman-opt11-strips-pfile04-013,2,False,42,234,680,992,0,1406,0,52857,0,0,52857,0,135857,,0.0,25.811,47,47,0.0101,0.0025,0.0005,0.0016,0.0,5.1502,0.0,900.0241,900.0674
barman-opt11-strips-pfile04-014,2,False,43,236,686,1001,0,1420,0,52563,0,0,52563,0,136238,,0.0,25.879,48,48,0.0065,0.0026,0.0006,0.0017,0.0,5.1641,0.0,900.0413,900.091
barman-opt11-strips-pfile04-015,2,False,42,234,680,992,0,1406,0,53480,0,0,53480,0,134302,,0.0,26.314,47,47,0.0089,0.0025,0.0006,0.0019,0.0,5.149,0.0,900.009,900.0563
barman-opt11-strips-pfile04-016,2,False,42,234,680,992,0,1406,0,46654,0,0,46654,0,130149,,0.0,25.699,47,47,0.0111,0.0025,0.0005,0.0018,0.0,4.717,0.0,900.7602,902.9031
barman-opt11-strips-pfile05-017,2,False,48,266,776,1130,0,1604,0,48898,0,0,48898,0,117834,,0.0,26.985,50,50,0.0118,0.0032,0.0006,0.0019,0.0,5.7493,0.0,900.0066,900.0445
barman-opt11-strips-pfile05-018,2,False,48,266,776,1130,0,1604,0,47308,0,0,47308,0,116593,,0.0,26.865,50,50,0.0119,0.0032,0.0006,0.002,0.0,5.5261,0.0,900.0049,900.0495
barman-opt11-strips-pfile05-019,2,False,48,266,776,1130,0,1604,0,48008,0,0,48008,0,104826,,0.0,26.649,50,50,0.0131,0.0032,0.0007,0.002,0.0,5.7508,0.0,901.4258,902.2073
barman-opt11-strips-pfile05-020,2,False,48,266,776,1130,0,1604,0,47459,0,0,47459,0,108608,,0.0,26.628,50,50,0.015,0.0032,0.0006,0.0019,0.0,5.8103,0.0,901.1771,902.0312
barman-opt14-strips-p435-1,0,True,28,148,420,621,0,878,0,0,0,0,0,0,0,,0.0,16.0,16,16,0.0078,0.0011,0.0002,0.0017,0.0,0.0,0.0,0.0171,0.0285
barman-opt14-strips-p435-2,0,True,28,148,420,621,0,878,0,0,0,0,0,0,0,,0.0,16.0,16,16,0.0068,0.0011,0.0002,0.0017,0.0,0.0,0.0,0.0164,0.0266
barman-opt14-strips-p435-3,0,True,28,148,420,621,0,878,0,0,0,0,0,0,0,,0.0,16.0,16,16,0.0071,0.0011,0.0002,0.0016,0.0,0.0,0.0,0.0179,0.0284
barman-opt14-strips-p536-1,0,True,33,178,510,750,0,1062,0,0,0,0,0,0,0,,0.0,18.0,18,18,0.0079,0.0015,0.0003,0.0017,0.0,0.0,0.0,0.0209,0.0328
barman-opt14-strips-p536-2,0,True,33,178,510,750,0,1062,0,0,0,0,0,0,0,,0.0,18.0,18,18,0.0103,0.0016,0.0003,0.0018,0.0,0.0,0.0,0.0214,0.036
barman-opt14-strips-p536-3,0,True,33,178,510,750,0,1062,0,0,0,0,0,0,0,,0.0,18.0,18,18,0.0078,0.0015,0.0003,0.0014,0.0,0.0,0.0,0.0211,0.0325
barman-opt14-strips-p638-1,0,True,42,234,680,992,0,1406,0,0,0,0,0,0,0,,0.0,20.0,20,20,0.0099,0.0027,0.0005,0.0018,0.0,0.0,0.0,0.0269,0.0422
barman-opt14-strips-p638-2,0,True,43,236,686,1001,0,1420,0,0,0,0,0,0,0,,0.0,21.0,21,21,0.0113,0.0025,0.0005,0.0019,0.0,0.0,0.0,0.0299,0.0466
barman-opt14-strips-p638-3,0,True,43,236,686,1001,0,1420,0,0,0,0,0,0,0,,0.0,21.0,21,21,0.0101,0.0025,0.0005,0.0019,0.0,0.0,0.0,0.0283,0.0438
barman-opt14-strips-p739-1,0,True,47,264,770,1121,0,1590,0,0,0,0,0,0,0,,0.0,22.0,22,22,0.0122,0.0032,0.0005,0.002,0.0,0.0,0.0,0.0294,0.0478
barman-opt14-strips-p739-2,0,True,47,264,770,1121,0,1590,0,0,0,0,0,0,0,,0.0,22.0,22,22,0.0124,0.0031,0.0005,0.0021,0.0,0.0,0.0,0.0307,0.0494
barman-opt14-strips-p739-3,0,True,47,264,770,1121,0,1590,0,0,0,0,0,0,0,,0.0,22.0,22,22,0.0122,0.0032,0.0005,0.002,0.0,0.0,0.0,0.0327,0.0511
barman-opt14-strips-p839-1,0,True,48,268,780,1137,0,1614,0,0,0,0,0,0,0,,0.0,24.0,24,24,0.0132,0.0034,0.0005,0.0019,0.0,0.0,0.0,0.034,0.0536
barman-opt14-strips-p839-2,0,True,48,268,780,1137,0,1614,0,0,0,0,0,0,0,,0.0,24.0,24,24,0.0121,0.0034,0.0006,0.0019,0.0,0.0,0.0,0.0344,0.053
barman-sat11-strips-pfile06-021,2,False,62,374,1112,1593,0,2207,0,44528,0,0,44528,0,99486,,0.0,30.292,62,62,0.0145,0.0051,0.001,0.002,0.0,7.0251,0.0,899.9995,900.0525
barman-sat11-strips-pfile06-022,2,False,63,376,1118,1602,0,2221,0,41529,0,0,41529,0,91263,,0.0,29.898,63,63,0.015,0.0051,0.001,0.002,0.0,6.9139,0.0,899.9963,900.1354
barman-sat11-strips-pfile06-023,2,False,63,374,1112,1593,0,2206,0,45767,0,0,45767,0,99117,,0.0,27.922,51,51,0.0355,0.0051,0.0009,0.0033,0.0,7.8805,0.0,901.9416,902.6979
barman-sat11-strips-pfile06-024,2,False,62,374,1112,1593,0,2207,0,44662,0,0,44662,0,94413,,0.0,29.876,62,62,0.0349,0.0055,0.001,0.0024,0.0,7.4239,0.0,899.9872,900.1442
barman-sat11-strips-pfile07-025,2,False,69,414,1234,1766,0,2449,0,40730,0,0,40730,0,78122,,0.0,31.909,65,65,0.0349,0.0063,0.0012,0.0025,0.0,7.8062,0.0,899.9733,900.1077
barman-sat11-strips-pfile07-026,2,False,68,412,1228,1757,0,2435,0,41426,0,0,41426,0,79676,,0.0,31.47,64,64,0.0364,0.0068,0.0013,0.003,0.0,7.6313,0.0,899.9645,900.0836
barman-sat11-strips-pfile07-027,2,False,68,412,1228,1757,0,2435,0,44481,0,0,44481,0,85501,,0.0,31.766,64,64,0.0336,0.0064,0.0013,0.0026,0.0,8.3077,0.0,900.0108,900.144
barman-sat11-strips-pfile07-028,2,False,69,414,1234,1766,0,2449,0,42138,0,0,42138,0,77349,,0.0,31.748,65,65,0.0336,0.0063,0.0012,0.0025,0.0,8.1125,0.0,899.9915,900.112
barman-sat11-strips-pfile08-029,2,False,80,486,1456,2078,0,2881,0,26964,0,0,26964,0,43803,,0.0,33.648,67,67,0.0368,0.0095,0.0016,0.0032,0.0,6.5013,0.0,899.9982,900.0913
barman-sat11-strips-pfile08-030,2,False,81,488,1462,2087,0,2895,0,34098,0,0,34098,0,47564,,0.0,33.716,68,68,0.0362,0.0088,0.0017,0.0025,0.0,8.7529,0.0,899.9608,900.1012
barman-sat11-strips-pfile08-031,2,False,80,486,1456,2078,0,2881,0,30521,0,0,30521,0,48308,,0.0,33.718,67,67,0.0383,0.0087,0.0016,0.0025,0.0,7.7087,0.0,901.8946,902.497
barman-sat11-strips-pfile08-032,2,False,80,486,1456,2078,0,2881,0,28963,0,0,28963,0,44920,,0.0,33.771,67,67,0.0419,0.0088,0.0018,0.0028,0.0,6.913,0.0,900.0087,900.0805
barman-sat11-strips-pfile09-033,2,False,85,522,1566,2233,0,3095,0,28502,0,0,28502,0,47431,,0.0,35.61,69,69,0.0408,0.0104,0.0021,0.0032,0.0,7.9325,0.0,900.0023,900.1235
barman-sat11-strips-pfile09-034,2,False,86,524,1572,2242,0,3109,0,33292,0,0,33292,0,58547,,0.0,35.607,69,69,0.0407,0.011,0.0021,0.0031,0.0,9.1467,0.0,899.9608,900.0512
barman-sat11-strips-pfile09-035,2,False,85,522,1566,2233,0,3095,0,31425,0,0,31425,0,70920,,0.0,35.748,69,69,0.039,0.0111,0.0019,0.0027,0.0,8.4283,0.0,899.9668,900.03
barman-sat11-strips-pfile09-036,2,False,85,522,1566,2233,0,3095,0,34792,0,0,34792,0,51652,,0.0,35.535,69,69,0.0435,0.0108,0.0018,0.0028,0.0,9.6871,0.0,899.9593,900.1043
barman-sat11-strips-pfile10-037,2,False,91,558,1678,2390,0,3313,0,26879,0,0,26879,0,46811,,0.0,36.65,70,70,0.0435,0.0124,0.0023,0.0031,0.0,8.209,0.0,899.9758,900.0696
barman-sat11-strips-pfile10-038,2,False,92,560,1684,2399,0,3327,0,22507,0,0,22507,0,44719,,0.0,36.544,70,70,0.0452,0.0117,0.0024,0.0041,0.0,7.2649,0.0,900.0119,900.1468
barman-sat11-strips-pfile10-039,2,False,90,556,1672,2381,0,3299,0,31151,0,0,31151,0,65215,,0.0,36.475,70,70,0.044,0.0118,0.0022,0.0029,0.0,9.416,0.0,899.9607,900.0587
barman-sat11-strips-pfile10-040,2,False,93,562,1690,2408,0,3341,0,29784,0,0,29784,0,63582,,0.0,36.694,71,71,0.0456,0.0126,0.0022,0.0031,0.0,9.6202,0.0,899.967,900.1132
barman-sat14-strips-p1-11-4-15,0,True,91,558,1678,2390,0,3313,0,0,0,0,0,0,0,,0.0,34.0,34,34,0.0433,0.0118,0.002,0.0029,0.0,0.0,0.0,0.0796,0.1404
barman-sat14-strips-p1-11-5-15,0,True,105,676,2054,2899,0,3952,0,0,0,0,0,0,0,,0.0,36.0,36,36,0.0282,0.015,0.0023,0.003,0.0,0.0,0.0,0.0874,0.1368
barman-sat14-strips-p1-11-5-16,0,True,115,726,2210,3118,0,4256,0,0,0,0,0,0,0,,0.0,38.0,38,38,0.0311,0.0172,0.0027,0.0036,0.0,0.0,0.0,0.1099,0.1653
barman-sat14-strips-p2-10-4-13,0,True,80,486,1456,2078,0,2881,0,0,0,0,0,0,0,,0.0,31.0,31,31,0.0207,0.0088,0.0014,0.0025,0.0,0.0,0.0,0.0652,0.0994
barman-sat14-strips-p2-11-4-15,0,True,92,560,1684,2399,0,3327,0,0,0,0,0,0,0,,0.0,34.0,34,34,0.0245,0.0127,0.0018,0.0026,0.0,0.0,0.0,0.0801,0.1224
barman-sat14-strips-p2-11-5-15,0,True,108,682,2072,2926,0,3994,0,0,0,0,0,0,0,,0.0,37.0,37,37,0.0438,0.015,0.0024,0.0033,0.0,0.0,0.0,0.1128,0.1782
barman-sat14-strips-p2-11-5-16,0,True,114,724,2204,3109,0,4242,0,0,0,0,0,0,0,,0.0,37.0,37,37,0.0482,0.0173,0.0026,0.0033,0.0,0.0,0.0,0.1094,0.1816
barman-sat14-strips-p2-11-5-17,0,True,119,764,2330,3283,0,4476,0,0,0,0,0,0,0,,0.0,38.0,38,38,0.2766,0.0186,0.0029,0.0035,0.0,0.0,0.0,0.1042,0.4067
barman-sat14-strips-p3-10-4-13,0,True,80,486,1456,2078,0,2881,0,0,0,0,0,0,0,,0.0,31.0,31,31,0.037,0.0087,0.0014,0.0026,0.0,0.0,0.0,0.0654,0.1159
barman-sat14-strips-p3-11-4-15,0,True,92,560,1684,2399,0,3327,0,0,0,0,0,0,0,,0.0,34.0,34,34,0.0418,0.0128,0.0018,0.0028,0.0,0.0,0.0,0.0806,0.1406
barman-sat14-strips-p3-11-5-15,0,True,105,676,2054,2899,0,3952,0,0,0,0,0,0,0,,0.0,36.0,36,36,0.0442,0.0152,0.0024,0.0034,0.0,0.0,0.0,0.0975,0.1636
barman-sat14-strips-p3-11-5-16,0,True,115,726,2210,3118,0,4256,0,0,0,0,0,0,0,,0.0,38.0,38,38,0.03,0.0169,0.0027,0.0033,0.0,0.0,0.0,0.1226,0.1764
barman-sat14-strips-p3-11-5-17,0,True,121,768,2342,3301,0,4504,0,0,0,0,0,0,0,,0.0,38.0,38,38,0.0495,0.0187,0.0032,0.0034,0.0,0.0,0.0,0.1038,0.1795
barman-sat14-strips-p4-11-4-14,0,True,86,524,1572,2242,0,3109,0,0,0,0,0,0,0,,0.0,33.0,33,33,0.0406,0.011,0.0017,0.0027,0.0,0.0,0.0,0.0666,0.1234
barman-sat14-strips-p4-11-4-15,0,True,91,558,1678,2390,0,3313,0,0,0,0,0,0,0,,0.0,34.0,34,34,0.0413,0.0123,0.0018,0.0031,0.0,0.0,0.0,0.0719,0.1312
barman-sat14-strips-p4-11-5-15,0,True,107,680,2066,2917,0,3980,0,0,0,0,0,0,0,,0.0,36.0,36,36,0.0283,0.0154,0.0026,0.0033,0.0,0.0,0.0,0.0997,0.1503
barman-sat14-strips-p5-10-4-13,0,True,80,486,1456,2078,0,2881,0,0,0,0,0,0,0,,0.0,31.0,31,31,0.0197,0.0095,0.0014,0.0025,0.0,0.0,0.0,0.0654,0.0992
barman-sat14-strips-p5-11-4-15,0,True,91,558,1678,2390,0,3313,0,0,0,0,0,0,0,,0.0,34.0,34,34,0.0291,0.0123,0.0018,0.0027,0.0,0.0,0.0,0.0798,0.1265
barman-sat14-strips-p5-11-5-15,0,True,106,678,2060,2908,0,3966,0,0,0,0,0,0,0,,0.0,36.0,36,36,0.0287,0.015,0.0023,0.003,0.0,0.0,0.0,0.098,0.148
barman-sat14-strips-p5-11-5-16,0,True,114,724,2204,3109,0,4242,0,0,0,0,0,0,0,,0.0,37.0,37,37,0.0289,0.0166,0.0027,0.0034,0.0,0.0,0.0,0.1107,0.163
blocks-probBLOCKS-10-0,0,True,0,9,31,78,0,91,0,0,0,0,0,0,0,,0.0,18.0,18,18,0.0057,0.0004,0.0,0.001,0.0,0.0,0.0,0.002,0.0096
blocks-probBLOCKS-10-1,0,True,0,10,31,80,0,92,0,0,0,0,0,0,0,,0.0,19.0,19,19,0.0055,0.0004,0.0,0.001,0.0,0.0,0.0,0.0022,0.0095
blocks-probBLOCKS-10-2,0,True,0,10,32,81,0,94,0,0,0,0,0,0,0,,0.0,19.0,19,19,0.0057,0.0004,0.0,0.0009,0.0,0.0,0.0,0.0021,0.0095
blocks-probBLOCKS-11-0,0,True,0,11,36,86,0,96,0,0,0,0,0,0,0,,0.0,19.0,19,19,0.0057,0.0004,0.0,0.0009,0.0,0.0,0.0,0.0021,0.0096
blocks-probBLOCKS-11-1,0,True,0,11,40,94,0,103,0,0,0,0,0,0,0,,0.0,21.0,21,21,0.0058,0.0004,0.0,0.0012,0.0,0.0,0.0,0.0021,0.0101
blocks-probBLOCKS-11-2,0,True,0,11,32,82,0,94,0,0,0,0,0,0,0,,0.0,19.0,19,19,0.0054,0.0004,0.0,0.0011,0.0,0.0,0.0,0.002,0.0094
blocks-probBLOCKS-12-0,0,True,0,12,39,96,0,109,0,0,0,0,0,0,0,,0.0,22.0,22,22,0.0061,0.0006,0.0,0.0011,0.0,0.0,0.0,0.0021,0.0103
blocks-probBLOCKS-12-1,0,True,0,11,37,94,0,110,0,0,0,0,0,0,0,,0.0,22.0,22,22,0.0063,0.0006,0.0,0.001,0.0,0.0,0.0,0.0021,0.0104
blocks-probBLOCKS-13-0,0,True,0,12,41,103,0,118,0,0,0,0,0,0,0,,0.0,24.0,24,24,0.0065,0.0007,0.0001,0.0011,0.0,0.0,0.0,0.0022,0.011
blocks-probBLOCKS-13-1,0,True,0,13,41,105,0,123,0,0,0,0,0,0,0,,0.0,25.0,25,25,0.0062,0.0007,0.0001,0.001,0.0,0.0,0.0,0.0022,0.0105
blocks-probBLOCKS-14-0,0,True,0,14,44,109,0,125,0,0,0,0,0,0,0,,0.0,25.0,25,25,0.006,0.0008,0.0001,0.0013,0.0,0.0,0.0,0.0022,0.0108
blocks-probBLOCKS-14-1,0,True,0,14,50,119,0,131,0,0,0,0,0,0,0,,0.0,27.0,27,27,0.0069,0.0008,0.0001,0.001,0.0,0.0,0.0,0.0022,0.0114
blocks-probBLOCKS-15-0,0,True,0,15,52,124,0,136,0,0,0,0,0,0,0,,0.0,28.0,28,28,0.0072,0.001,0.0001,0.0013,0.0,0.0,0.0,0.0023,0.0122
blocks-probBLOCKS-15-1,0,True,0,15,46,118,0,139,0,0,0,0,0,0,0,,0.0,28.0,28,28,0.0065,0.0011,0.0001,0.0012,0.0,0.0,0.0,0.0021,0.0113
blocks-probBLOCKS-16-1,0,True,0,16,52,131,0,152,0,0,0,0,0,0,0,,0.0,31.0,31,31,0.0079,0.0013,0.0001,0.0011,0.0,0.0,0.0,0.0023,0.013
blocks-probBLOCKS-16-2,0,True,0,15,47,120,0,142,0,0,0,0,0,0,0,,0.0,28.0,28,28,0.0074,0.0014,0.0001,0.0009,0.0,0.0,0.0,0.0021,0.0122
blocks-probBLOCKS-17-0,0,True,0,17,59,143,0,162,0,0,0,0,0,0,0,,0.0,33.0,33,33,0.01,0.0015,0.0001,0.001,0.0,0.0,0.0,0.0022,0.0152
blocks-probBLOCKS-4-0,0,True,0,3,15,32,0,32,0,0,0,0,0,0,0,,0.0,6.0,6,6,0.0046,0.0001,0.0,0.0012,0.0,0.0,0.0,0.0021,0.0082
blocks-probBLOCKS-4-1,0,True,0,4,11,28,0,30,0,0,0,0,1,0,0,,0.0,6.0,6,6,0.0048,0.0001,0.0,0.0011,0.0,0.0,0.0,0.0014,0.0078
blocks-probBLOCKS-4-2,0,True,0,3,12,29,0,29,0,0,0,0,0,0,0,,0.0,6.0,6,6,0.005,0.0001,0.0,0.0009,0.0,0.0,0.0,0.0021,0.0084
blocks-probBLOCKS-5-0,0,True,0,5,17,39,0,42,0,0,0,0,0,0,0,,0.0,8.0,8,8,0.0045,0.0001,0.0,0.001,0.0,0.0,0.0,0.002,0.008
blocks-probBLOCKS-5-1,0,True,0,4,16,36,0,38,0,0,0,0,0,0,0,,0.0,7.0,7,7,0.0044,0.0001,0.0,0.0011,0.0,0.0,0.0,0.0021,0.0082
blocks-probBLOCKS-5-2,0,True,0,5,15,39,0,45,0,0,0,0,1,0,0,,0.0,9.0,9,9,0.0047,0.0001,0.0,0.0012,0.0,0.0,0.0,0.0013,0.0077
blocks-probBLOCKS-6-0,0,True,0,6,20,49,0,53,0,0,0,0,0,0,0,,0.0,11.0,11,11,0.005,0.0001,0.0,0.0009,0.0,0.0,0.0,0.002,0.0084
blocks-probBLOCKS-6-1,0,True,0,5,23,50,0,51,0,0,0,0,0,0,0,,0.0,10.0,10,10,0.005,0.0001,0.0,0.0012,0.0,0.0,0.0,0.0021,0.0088
blocks-probBLOCKS-6-2,0,True,0,6,18,47,0,54,0,0,0,0,1,0,0,,0.0,11.0,11,11,0.0044,0.0001,0.0,0.0012,0.0,0.0,0.0,0.0013,0.0073
blocks-probBLOCKS-7-0,0,True,0,7,21,55,0,64,0,0,0,0,1,0,0,,0.0,13.0,13,13,0.0051,0.0002,0.0,0.002,0.0,0.0,0.0,0.0013,0.0089
blocks-probBLOCKS-7-1,0,True,0,7,22,54,0,60,0,0,0,0,0,0,0,,0.0,12.0,12,12,0.0042,0.0002,0.0,0.0012,0.0,0.0,0.0,0.0021,0.008
blocks-probBLOCKS-7-2,0,True,0,7,21,53,0,57,0,0,0,0,0,0,0,,0.0,12.0,12,12,0.0044,0.0002,0.0,0.0009,0.0,0.0,0.0,0.002,0.0079
blocks-probBLOCKS-8-0,0,True,0,7,26,61,0,66,0,0,0,0,0,0,0,,0.0,13.0,13,13,0.0051,0.0002,0.0,0.0011,0.0,0.0,0.0,0.0021,0.0089
blocks-probBLOCKS-8-1,0,True,0,8,29,64,0,67,0,0,0,0,0,0,0,,0.0,13.0,13,13,0.0047,0.0002,0.0,0.001,0.0,0.0,0.0,0.0021,0.0085
blocks-probBLOCKS-8-2,0,True,0,7,29,66,0,71,0,0,0,0,0,0,0,,0.0,14.0,14,14,0.0054,0.0002,0.0,0.001,0.0,0.0,0.0,0.0022,0.0092
blocks-probBLOCKS-9-0,0,True,0,9,28,70,0,80,0,0,0,0,0,0,0,,0.0,16.0,16,16,0.0053,0.0003,0.0,0.001,0.0,0.0,0.0,0.0021,0.009
blocks-probBLOCKS-9-1,0,True,0,9,26,68,0,80,0,0,0,0,1,0,0,,0.0,16.0,16,16,0.0056,0.0003,0.0,0.0009,0.0,0.0,0.0,0.0013,0.0085
blocks-probBLOCKS-9-2,0,True,0,9,28,72,0,83,0,0,0,0,0,0,0,,0.0,17.0,17,17,0.0052,0.0003,0.0,0.0009,0.0,0.0,0.0,0.0021,0.0089
childsnack-opt14-strips-child-snack_pfile01,0,True,38,126,134,304,0,318,0,0,0,0,0,0,0,,0.0,10.0,10,10,0.0065,0.0007,0.0001,0.0012,0.0,0.0,0.0,0.0091,0.0181
childsnack-opt14-strips-child-snack_pfile01-2,0,True,38,126,134,304,0,318,0,0,0,0,0,0,0,,0.0,11.0,11,11,0.0065,0.0007,0.0001,0.0012,0.0,0.0,0.0,0.0089,0.0177
childsnack-opt14-strips-child-snack_pfile02,0,True,46,176,186,415,0,433,0,0,0,0,0,0,0,,0.0,11.0,11,11,0.0079,0.0012,0.0001,0.0015,0.0,0.0,0.0,0.0116,0.0227
childsnack-opt14-strips-child-snack_pfile02-2,0,True,46,176,186,415,0,433,0,0,0,0,0,0,0,,0.0,12.0,12,12,0.0095,0.0012,0.0001,0.0013,0.0,0.0,0.0,0.0118,0.0244
childsnack-opt14-strips-child-snack_pfile03,0,True,50,215,226,499,0,531,0,0,0,0,0,0,0,,0.0,13.0,13,13,0.0083,0.0017,0.0001,0.0011,0.0,0.0,0.0,0.0143,0.026
childsnack-opt14-strips-child-snack_pfile03-2,0,True,50,215,226,499,0,531,0,0,0,0,0,0,0,,0.0,13.0,13,13,0.0087,0.0017,0.0001,0.0013,0.0,0.0,0.0,0.0141,0.0263
childsnack-opt14-strips-child-snack_pfile04,0,True,69,381,393,852,0,894,0,0,0,0,0,0,0,,0.0,14.0,14,14,0.0131,0.0029,0.0002,0.0014,0.0,0.0,0.0,0.0246,0.0428
childsnack-opt14-strips-child-snack_pfile04-2,0,True,69,381,393,852,0,894,0,0,0,0,0,0,0,,0.0,14.0,14,14,0.0114,0.0029,0.0002,0.0015,0.0,0.0,0.0,0.024,0.0406
childsnack-opt14-strips-child-snack_pfile05,0,True,74,451,464,999,0,1059,0,0,0,0,0,0,0,,0.0,15.0,15,15,0.0136,0.0041,0.0002,0.0014,0.0,0.0,0.0,0.03,0.0499
childsnack-opt14-strips-child-snack_pfile05-2,0,True,74,451,464,999,0,1059,0,0,0,0,0,0,0,,0.0,15.0,15,15,0.0154,0.0041,0.0002,0.0015,0.0,0.0,0.0,0.0305,0.0524
childsnack-opt14-strips-child-snack_pfile06,0,True,84,564,579,1238,0,1307,0,0,0,0,0,0,0,,0.0,16.0,16,16,0.018,0.0059,0.0003,0.0015,0.0,0.0,0.0,0.0444,0.0708
childsnack-opt14-strips-child-snack_pfile06-2,0,True,84,564,579,1238,0,1307,0,0,0,0,0,0,0,,0.0,16.0,16,16,0.0192,0.0057,0.0003,0.0016,0.0,0.0,0.0,0.0423,0.0698
childsnack-opt14-strips-child-snack_pfile07,0,True,89,649,665,1415,0,1490,0,0,0,0,0,0,0,,0.0,17.0,17,17,0.0194,0.0074,0.0004,0.0016,0.0,0.0,0.0,0.0525,0.082
childsnack-opt14-strips-child-snack_pfile07-2,0,True,89,649,665,1415,0,1490,0,0,0,0,0,0,0,,0.0,17.0,17,17,0.0182,0.0071,0.0004,0.0015,0.0,0.0,0.0,0.0474,0.0754
childsnack-opt14-strips-child-snack_pfile08,0,True,94,740,757,1604,0,1702,0,0,0,0,0,0,0,,0.0,18.0,18,18,0.0226,0.0095,0.0005,0.0017,0.0,0.0,0.0,0.0637,0.0988
childsnack-opt14-strips-child-snack_pfile08-2,0,True,94,740,757,1604,0,1702,0,0,0,0,0,0,0,,0.0,18.0,18,18,0.0216,0.0095,0.0004,0.0021,0.0,0.0,0.0,0.0646,0.099
childsnack-opt14-strips-child-snack_pfile09,0,True,104,883,902,1903,0,2012,0,0,0,0,0,0,0,,0.0,19.0,19,19,0.0279,0.0126,0.0006,0.002,0.0,0.0,0.0,0.0765,0.1205
childsnack-opt14-strips-child-snack_pfile09-2,0,True,104,883,902,1903,0,2012,0,0,0,0,0,0,0,,0.0,19.0,19,19,0.0281,0.0121,0.0006,0.0019,0.0,0.0,0.0,0.0781,0.1218
childsnack-opt14-strips-child-snack_pfile10,0,True,109,989,1009,2122,0,2258,0,0,0,0,0,0,0,,0.0,20.0,20,20,0.0318,0.0155,0.0007,0.0021,0.0,0.0,0.0,0.0855,0.1364
childsnack-opt14-strips-child-snack_pfile10-2,0,True,109,989,1009,2122,0,2258,0,0,0,0,0,0,0,,0.0,20.0,20,20,0.0321,0.0155,0.0007,0.002,0.0,0.0,0.0,0.0766,0.1277
childsnack-sat14-strips-child-snack_pfile05,0,True,74,451,464,999,0,1059,0,0,0,0,0,0,0,,0.0,15.0,15,15,0.0138,0.004,0.0003,0.0014,0.0,0.0,0.0,0.03,0.05
childsnack-sat14-strips-child-snack_pfile05-2,0,True,74,451,464,999,0,1059,0,0,0,0,0,0,0,,0.0,15.0,15,15,0.0129,0.004,0.0002,0.0015,0.0,0.0,0.0,0.0305,0.0497
childsnack-sat14-strips-child-snack_pfile06-2,0,True,84,564,579,1238,0,1307,0,0,0,0,0,0,0,,0.0,16.0,16,16,0.0163,0.0057,0.0003,0.0018,0.0,0.0,0.0,0.0425,0.0673
childsnack-sat14-strips-child-snack_pfile07-2,0,True,89,649,665,1415,0,1490,0,0,0,0,0,0,0,,0.0,17.0,17,17,0.0196,0.0074,0.0004,0.0017,0.0,0.0,0.0,0.0473,0.0772
childsnack-sat14-strips-child-snack_pfile08,0,True,94,740,757,1604,0,1702,0,0,0,0,0,0,0,,0.0,18.0,18,18,0.023,0.0091,0.0004,0.0017,0.0,0.0,0.0,0.0637,0.0991
childsnack-sat14-strips-child-snack_pfile08-2,0,True,94,740,757,1604,0,1702,0,0,0,0,0,0,0,,0.0,18.0,18,18,0.0225,0.0095,0.0004,0.0019,0.0,0.0,0.0,0.0652,0.1003
childsnack-sat14-strips-child-snack_pfile09,0,True,104,883,902,1903,0,2012,0,0,0,0,0,0,0,,0.0,19.0,19,19,0.0273,0.0126,0.0006,0.0022,0.0,0.0,0.0,0.0766,0.1202
childsnack-sat14-strips-child-snack_pfile09-2,0,True,104,883,902,1903,0,2012,0,0,0,0,0,0,0,,0.0,19.0,19,19,0.0263,0.0121,0.0006,0.0021,0.0,0.0,0.0,0.0779,0.1199
childsnack-sat14-strips-child-snack_pfile10,0,True,109,989,1009,2122,0,2258,0,0,0,0,0,0,0,,0.0,20.0,20,20,0.0519,0.0155,0.0007,0.0023,0.0,0.0,0.0,0.0859,0.157
childsnack-sat14-strips-child-snack_pfile10-2,0,True,109,989,1009,2122,0,2258,0,0,0,0,0,0,0,,0.0,20.0,20,20,0.0519,0.0155,0.0007,0.0023,0.0,0.0,0.0,0.0774,0.1485
childsnack-sat14-strips-child-snack_pfile11,0,True,114,1101,1122,2353,0,2497,0,0,0,0,0,0,0,,0.0,21.0,21,21,0.0371,0.019,0.0008,0.002,0.0,0.0,0.0,0.0977,0.1575
childsnack-sat14-strips-child-snack_pfile11-2,0,True,114,1101,1122,2353,0,2497,0,0,0,0,0,0,0,,0.0,21.0,21,21,0.0374,0.0192,0.0008,0.0023,0.0,0.0,0.0,0.0871,0.1476
childsnack-sat14-strips-child-snack_pfile12,0,True,150,1691,1714,3572,0,3743,0,0,0,0,0,0,0,,0.0,22.0,22,22,0.0486,0.0293,0.0014,0.0031,0.0,0.0,0.0,0.1536,0.2374
childsnack-sat14-strips-child-snack_pfile13,0,True,156,1860,1884,3918,0,4122,0,0,0,0,0,0,0,,0.0,23.0,23,23,0.0558,0.0359,0.0016,0.003,0.0,0.0,0.0,0.1791,0.2768
childsnack-sat14-strips-child-snack_pfile13-2,0,True,156,1860,1884,3918,0,4122,0,0,0,0,0,0,0,,0.0,23.0,23,23,0.0553,0.0359,0.0016,0.0032,0.0,0.0,0.0,0.1757,0.2731
childsnack-sat14-strips-child-snack_pfile14,0,True,162,2037,2062,4280,0,4494,0,0,0,0,0,0,0,,0.0,24.0,24,24,0.0616,0.0416,0.0017,0.0037,0.0,0.0,0.0,0.1841,0.2942
childsnack-sat14-strips-child-snack_pfile15-2,0,True,168,2222,2248,4658,0,4908,0,0,0,0,0,0,0,,0.0,25.0,25,25,0.0706,0.0499,0.002,0.0037,0.0,0.0,0.0,0.1887,0.3167
childsnack-sat14-strips-child-snack_pfile16-2,0,True,180,2504,2532,5237,0,5505,0,0,0,0,0,0,0,,0.0,26.0,26,26,0.0841,0.0613,0.0023,0.004,0.0,0.0,0.0,0.1923,0.346
childsnack-sat14-strips-child-snack_pfile19,0,True,204,3244,3276,6748,0,7088,0,0,0,0,0,0,0,,0.0,29.0,29,29,0.127,0.0993,0.0032,0.0052,0.0,0.0,0.0,0.2334,0.4708
childsnack-sat14-strips-child-snack_pfile19-2,0,True,204,3244,3276,6748,0,7088,0,0,0,0,0,0,0,,0.0,29.0,29,29,0.1262,0.0991,0.0032,0.0054,0.0,0.0,0.0,0.2254,0.4621
data-network-opt18-strips-p01,0,False,55,503,779,1343,0,1500,0,299,0,0,524,0,437,,0.0,105.0,111,105,0.0079,0.0021,0.0011,0.0016,0.0,0.0785,0.0,0.2348,0.248
data-network-opt18-strips-p02,0,False,63,697,1117,1880,0,2057,0,10,0,0,10,0,0,,0.0,29.0,29,29,0.0077,0.0028,0.0005,0.002,0.0,0.0025,0.0,0.0557,0.0692
data-network-opt18-strips-p03,0,False,66,845,1328,2247,0,2426,0,159,0,0,1405,0,1224,,0.0,78.0,79,78,0.0107,0.0034,0.0016,0.0021,0.0,0.0889,0.0,0.6107,0.6292
data-network-opt18-strips-p04,0,False,70,1143,1861,3085,0,3185,0,207,0,0,209,0,1886,,0.0,119.0,121,119,0.0122,0.0076,0.0023,0.0029,0.0,0.202,0.0,1.069,1.0948
data-network-opt18-strips-p05,0,False,74,1025,1624,2733,0,2927,0,94,0,0,2310,0,3140,,0.0,104.0,137,104,0.012,0.0043,0.0034,0.0024,0.0,0.0579,0.0,1.5932,1.6163
data-network-opt18-strips-p06,0,False,84,1307,2162,3559,0,3626,0,74,0,0,95,0,256,,0.0,55.0,73,55,0.0122,0.0061,0.0025,0.003,0.0,0.0745,0.0,0.4424,0.4669
data-network-opt18-strips-p07,0,False,86,1574,2589,4259,0,4261,0,20,0,0,21,0,0,,0.0,87.0,99,87,0.0132,0.0066,0.0036,0.0036,0.0,0.0335,0.0,0.1674,0.1952
data-network-opt18-strips-p08,0,False,89,1243,2008,3351,0,3590,0,171,0,0,274,0,0,,0.0,104.0,137,104,0.0124,0.0059,0.0047,0.0029,0.0,0.3113,0.0,0.5645,0.5912
data-network-opt18-strips-p09,0,False,74,705,1120,1903,0,2198,0,35,0,0,35,0,0,,0.0,27.0,27,27,0.0096,0.0034,0.0005,0.0022,0.0,0.0086,0.0,0.082,0.0983
data-network-opt18-strips-p10,0,False,81,921,1505,2513,0,2739,0,83,0,0,94,0,32,,0.0,85.0,86,85,0.0108,0.0044,0.0012,0.0024,0.0,0.0527,0.0,0.2672,0.2866
data-network-opt18-strips-p11,0,False,91,1111,1829,3034,0,3324,0,441,0,0,441,0,3595,,0.0,47.0,47,47,0.0127,0.0062,0.0012,0.0028,0.0,0.4172,0.0,1.704,1.7278
data-network-opt18-strips-p12,0,False,97,1315,2133,3549,0,3873,0,135,0,0,189,0,882,,0.0,62.0,63,62,0.0126,0.0065,0.0017,0.003,0.0,0.2028,0.0,1.1602,1.1849
data-network-opt18-strips-p13,0,False,104,1492,2495,4098,0,4389,0,745,0,0,950,0,991,,0.0,100.0,133,100,0.013,0.009,0.0056,0.0035,0.0,1.3672,0.0,3.5748,3.6068
data-network-opt18-strips-p14,0,False,105,1749,2923,4795,0,4993,0,164,0,0,166,0,81,,0.0,181.0,216,181,0.0151,0.0115,0.0117,0.0039,0.0,0.4683,0.0,0.8954,0.9384
data-network-opt18-strips-p15,0,False,128,1344,2242,3718,0,4313,0,463,0,0,641,0,544,,0.0,50.0,60,50,0.0141,0.0103,0.001,0.0032,0.0,0.7775,0.0,1.2072,1.2366
data-network-opt18-strips-p16,0,False,140,1692,2894,4734,0,5188,0,3651,0,0,4189,0,88011,,0.0,117.0,134,117,0.0172,0.0166,0.0026,0.0041,0.0,12.0552,0.0,134.958,134.9996
data-network-opt18-strips-p17,2,False,154,2125,3679,5964,0,6226,0,12626,0,0,12627,0,122633,,0.0,81.0,94,93,0.0215,0.0177,0.0028,0.0047,0.0,75.2286,0.0,901.3215,901.6813
data-network-opt18-strips-p18,2,False,165,2485,4253,6914,0,7388,0,5524,0,0,5524,0,121875,,0.0,131.0,143,143,0.0194,0.0213,0.0069,0.0054,0.0,51.4604,0.0,901.9264,902.9195
data-network-opt18-strips-p19,2,False,180,3159,5431,8781,0,9402,0,4884,0,0,7045,0,19320,,0.0,149.946,216,181,0.2524,0.0283,0.0206,0.0071,0.0,69.5559,0.0,899.7225,900.0391
data-network-opt18-strips-p20,0,False,193,3451,6040,9694,0,10015,0,3486,0,0,4856,0,2720,,0.0,193.0,464,193,0.026,0.0312,0.0211,0.0075,0.0,61.9328,0.0,129.3098,129.3971
data-network-sat18-strips-p01,0,False,177,3450,5775,9429,0,9749,0,730,0,0,821,0,415,,0.0,304.0,366,304,0.0244,0.0291,0.0663,0.0074,0.0,10.1823,0.0,11.3197,11.4485
data-network-sat18-strips-p02,0,False,204,4048,6823,11099,0,11155,0,1001,0,0,1007,0,2633,,0.0,218.0,237,218,0.0287,0.0361,0.0562,0.0089,0.0,22.0993,0.0,34.8738,35.0053
data-network-sat18-strips-p03,0,False,233,4101,6839,11204,0,11823,0,596,0,0,1051,0,3080,,0.0,315.0,374,315,0.0295,0.0405,0.085,0.0094,0.0,13.8082,0.0,17.9026,18.0684
data-network-sat18-strips-p04,0,False,252,4647,7690,12637,0,13294,0,512,0,0,717,0,626,,0.0,459.0,517,459,0.0364,0.0462,0.2124,0.0108,0.0,21.5511,0.0,19.9033,20.2107
data-network-sat18-strips-p05,0,False,289,7092,12484,19905,0,19100,0,651,0,0,654,0,1841,,0.0,454.0,494,454,0.0519,0.0932,0.2248,0.0181,0.0,23.7705,0.0,69.486,69.8763
data-network-sat18-strips-p06,2,False,317,7692,13513,21570,0,20827,0,2583,0,0,3116,0,52153,,0.0,558.75,671,582,0.057,0.1038,0.4548,0.0203,0.0,133.672,0.0,899.3858,900.1092
data-network-sat18-strips-p07,0,False,342,7506,12999,20899,0,20660,0,1338,0,0,1375,0,29138,,0.0,518.0,585,518,0.0586,0.1128,0.4387,0.0208,0.0,32.0308,0.0,248.7166,249.3499
data-network-sat18-strips-p08,0,False,370,9017,15757,25199,0,24449,0,1592,0,0,1617,0,9114,,0.0,468.0,510,468,0.0735,0.1493,0.5069,0.0269,0.0,149.327,0.0,214.2282,214.9868
data-network-sat18-strips-p09,0,False,398,7250,12239,19938,0,20787,0,1491,0,0,1966,0,4244,,0.0,721.0,829,721,0.0655,0.1229,0.5218,0.0211,0.0,143.5338,0.0,412.4046,413.1377
data-network-sat18-strips-p10,0,False,427,8998,15693,25178,0,25094,0,2543,0,0,2552,0,36417,,0.0,601.0,688,601,0.0833,0.1738,0.9068,0.0278,0.0,170.2485,0.0,523.7397,524.9345
data-network-sat18-strips-p11,2,False,191,2896,5005,8104,0,8536,0,5284,0,0,6561,0,26143,,0.0,191.21,362,205,0.0238,0.03,0.015,0.0066,0.0,54.8545,0.0,899.9494,900.0261
data-network-sat18-strips-p12,2,False,243,4604,8050,12913,0,13175,0,7100,0,0,7100,0,12940,,0.0,200.75,303,303,0.036,0.0476,0.0349,0.0114,0.0,327.3862,0.0,899.9329,900.0995
data-network-sat18-strips-p13,2,False,296,6086,10678,17081,0,17424,0,5614,0,0,8824,0,11939,,0.0,299.318,575,373,0.0441,0.0716,0.1011,0.0151,0.0,254.1217,0.0,899.8125,900.0518
data-network-sat18-strips-p14,2,False,345,7230,12595,20197,0,20693,0,4137,0,0,4138,0,3679,,0.0,309.45,560,382,0.0581,0.1134,0.1323,0.0194,0.0,452.0152,0.0,899.7457,900.0771
data-network-sat18-strips-p15,2,False,395,8634,15070,24134,0,24502,0,5490,0,0,5490,0,10077,,0.0,400.967,578,578,0.0705,0.157,0.2049,0.0243,0.0,533.1202,0.0,899.7835,900.2478
data-network-sat18-strips-p16,2,False,450,10722,19087,30298,0,30477,0,4998,0,0,4998,0,5766,,0.0,427.556,758,758,0.0906,0.2089,0.4426,0.0335,0.0,530.3252,0.0,899.9612,900.7425
data-network-sat18-strips-p17,2,False,496,9667,16775,26979,0,28393,0,4607,0,0,4607,0,5330,,0.0,426.0,711,711,0.1158,0.1986,0.3528,0.0311,0.0,532.657,0.0,899.3592,900.0625
data-network-sat18-strips-p18,2,False,556,12448,22110,35147,0,35011,0,5115,0,0,5115,0,6891,,0.0,256.0,544,544,0.1461,0.3174,0.3307,0.0454,0.0,1354.5703,0.0,899.3835,900.2292
data-network-sat18-strips-p19,2,False,593,11528,20008,32195,0,34126,0,7396,0,0,7398,0,13028,,0.0,918.0,2280,1645,0.1396,0.2804,1.1471,0.0431,0.0,553.5915,0.0,898.7545,900.4219
data-network-sat18-strips-p20,2,False,659,15418,27200,43325,0,43803,0,7238,0,0,7238,0,9957,,0.0,335.949,1125,1125,0.1872,0.4468,1.1677,0.0636,0.0,1036.9639,0.0,898.5035,900.3871
depot-p01,0,True,10,24,45,99,0,121,0,2,0,0,2,0,0,,0.0,10.0,10,10,0.025,0.0002,0.0,0.0014,0.0,0.0,0.0,0.0043,0.0313
depot-p02,0,True,22,52,91,189,0,239,0,0,0,0,0,0,0,,0.0,14.0,14,14,0.0053,0.0004,0.0001,0.0013,0.0,0.0,0.0,0.0054,0.0129
depot-p03,0,True,36,82,147,302,0,394,0,12,0,0,14,0,0,,0.0,22.0,24,22,0.0065,0.001,0.0002,0.0012,0.0,0.0005,0.0,0.0515,0.061
depot-p04,0,True,50,104,184,379,0,495,0,0,0,0,0,0,0,,0.0,17.0,17,17,0.009,0.0019,0.0002,0.0013,0.0,0.0,0.0,0.0072,0.0202
depot-p05,0,True,58,138,242,492,0,656,0,13,0,0,14,0,0,,0.0,33.0,37,33,0.0089,0.0031,0.0004,0.0014,0.0,0.0009,0.0,0.1072,0.1217
depot-p06,0,True,90,208,355,722,0,969,0,15,0,0,17,0,0,,0.0,42.0,44,42,0.0169,0.0079,0.0007,0.0022,0.0,0.0019,0.0,0.1292,0.1575
depot-p07,0,True,38,88,164,326,0,405,0,3,0,0,3,0,0,,0.0,18.0,18,18,0.0068,0.0012,0.0001,0.0011,0.0,0.0001,0.0,0.0101,0.0199
depot-p08,0,True,53,119,228,459,0,584,0,0,0,0,0,0,0,,0.0,27.0,27,27,0.0093,0.0033,0.0003,0.0014,0.0,0.0,0.0,0.0082,0.023
depot-p09,0,True,88,221,407,795,0,1020,0,0,0,0,0,0,0,,0.0,44.0,44,44,0.0184,0.01,0.0008,0.0026,0.0,0.0,0.0,0.0179,0.0503
depot-p10,0,True,71,169,269,550,0,728,0,13,0,0,13,0,0,,0.0,22.0,22,22,0.0087,0.0028,0.0003,0.0015,0.0,0.001,0.0,0.0392,0.0529
depot-p11,0,True,122,296,508,991,0,1386,0,16,0,0,16,0,0,,0.0,41.0,41,41,0.0172,0.0099,0.0011,0.0016,0.0,0.0037,0.0,0.0637,0.0942
depot-p12,0,True,180,433,736,1432,0,2010,0,20,0,0,22,0,0,,0.0,45.0,47,45,0.0312,0.0245,0.002,0.0022,0.0,0.0123,0.0,0.0832,0.1439
depot-p13,0,True,34,99,174,360,0,479,0,6,0,0,6,0,0,,0.0,24.0,24,24,0.0115,0.0028,0.0002,0.0013,0.0,0.0002,0.0,0.0083,0.0246
depot-p14,0,True,124,283,436,888,0,1190,0,4,0,0,4,0,0,,0.0,23.0,23,23,0.0191,0.0103,0.0006,0.0016,0.0,0.0007,0.0,0.0188,0.0509
depot-p15,0,True,186,461,800,1530,0,2098,0,13,0,0,13,0,0,,0.0,49.0,49,49,0.0363,0.0323,0.002,0.0024,0.0,0.0095,0.0,0.1468,0.2206
depot-p16,0,True,160,695,1066,1956,0,2465,0,44,0,0,44,0,0,,0.0,24.0,24,24,0.0131,0.0086,0.0015,0.0025,0.0,0.02,0.0,0.408,0.4344
depot-p17,0,True,315,1477,2343,4166,0,5354,0,27,0,0,27,0,115,,0.0,22.0,22,22,0.0244,0.0303,0.0034,0.005,0.0,0.0755,0.0,0.4583,0.5222
depot-p18,0,True,527,2750,4450,7793,0,10245,0,115,0,0,118,0,380,,0.0,49.0,51,49,0.0475,0.1009,0.0159,0.0105,0.0,1.2997,0.0,1.8094,1.9854
depot-p19,0,True,164,591,863,1675,0,2317,0,32,0,0,34,0,0,,0.0,32.0,34,32,0.0374,0.0143,0.0016,0.0023,0.0,0.0187,0.0,0.1176,0.174
depot-p20,0,True,286,1024,1659,3063,0,4420,0,106,0,0,108,0,89,,0.0,57.0,60,57,0.0751,0.0598,0.0058,0.004,0.0,0.1957,0.0,0.7701,0.9158
depot-p21,0,True,649,3391,5307,9403,0,13362,0,139,0,0,141,0,260,,0.0,32.0,33,32,0.0764,0.1654,0.0127,0.0137,0.0,2.8494,0.0,2.6537,2.9233
depot-p22,0,True,1411,9477,16547,27570,0,42261,0,219,0,0,219,0,4542,,0.0,77.0,77,77,0.336,0.9911,0.0934,0.0676,0.0,43.2411,0.0,208.0902,209.5885
driverlog-p01,0,True,14,40,42,99,0,107,0,3,0,0,3,0,0,,0.0,6.0,6,6,0.005,0.0001,0.0,0.001,0.0,0.0,0.0,0.0045,0.011
driverlog-p02,0,True,23,66,70,168,0,182,0,13,0,0,13,0,0,,0.0,14.0,14,14,0.0047,0.0002,0.0001,0.0013,0.0,0.0003,0.0,0.0323,0.0389
driverlog-p03,0,True,26,70,70,170,0,184,0,6,0,0,6,0,0,,0.0,11.0,11,11,0.0045,0.0002,0.0001,0.0011,0.0,0.0001,0.0,0.0078,0.0142
driverlog-p04,0,True,28,76,79,190,0,206,0,1,0,0,1,0,0,,0.0,12.0,12,12,0.0244,0.0003,0.0001,0.0012,0.0,0.0,0.0,0.0056,0.0319
driverlog-p05,0,True,34,102,108,253,0,277,0,0,0,0,0,0,0,,0.0,15.0,15,15,0.0053,0.0004,0.0001,0.0015,0.0,0.0,0.0,0.0079,0.0157
driverlog-p06,0,True,27,84,90,208,0,227,0,9,0,0,9,0,0,,0.0,10.0,10,10,0.0054,0.0004,0.0001,0.001,0.0,0.0003,0.0,0.0116,0.0191
driverlog-p07,0,True,39,114,117,277,0,300,0,0,0,0,0,0,0,,0.0,12.0,12,12,0.0056,0.0005,0.0001,0.001,0.0,0.0,0.0,0.0062,0.0144
driverlog-p08,0,True,48,150,156,363,0,403,0,1,0,0,1,0,0,,0.0,15.0,15,15,0.0058,0.0007,0.0002,0.0013,0.0,0.0,0.0,0.0075,0.0158
driverlog-p09,0,True,52,191,195,447,0,530,0,21,0,0,22,0,0,,0.0,18.0,19,18,0.0061,0.0009,0.0002,0.0011,0.0,0.0012,0.0,0.0312,0.0399
driverlog-p10,0,True,83,303,303,695,0,833,0,8,0,0,8,0,0,,0.0,16.0,16,16,0.0074,0.0016,0.0003,0.0014,0.0,0.0008,0.0,0.0194,0.0306
driverlog-p11,0,True,88,328,330,753,0,909,0,22,0,0,23,0,0,,0.0,18.0,19,18,0.0062,0.0018,0.0004,0.0013,0.0,0.0025,0.0,0.0478,0.0581
driverlog-p12,0,True,138,638,642,1429,0,1732,0,85,0,0,88,0,0,,0.0,24.0,27,24,0.0083,0.0044,0.0011,0.0021,0.0,0.0264,0.0,0.1295,0.1459
driverlog-p13,0,True,173,867,871,1921,0,2258,0,45,0,0,49,0,11,,0.0,21.0,23,21,0.008,0.0058,0.0016,0.0022,0.0,0.0366,0.0,0.1329,0.151
driverlog-p14,0,True,168,841,847,1867,0,2197,0,45,0,0,46,0,0,,0.0,25.0,27,25,0.0087,0.0057,0.0016,0.0024,0.0,0.0202,0.0,0.1253,0.1443
driverlog-p15,0,True,302,1737,1741,3791,0,4601,0,68,0,0,68,0,0,,0.0,30.0,30,30,0.0173,0.0213,0.0038,0.0037,0.0,0.2412,0.0,0.4821,0.529
driverlog-p16,0,True,452,3522,3547,7545,0,8756,0,5482,0,0,5485,0,19306,,0.0,51.0,56,51,0.0354,0.0595,0.0174,0.0074,0.0,108.9256,0.0,741.132,741.2528
driverlog-p17,0,True,588,4718,4743,10076,0,11889,0,1080,0,0,1083,0,1518,,0.0,57.0,61,57,0.0403,0.0922,0.0286,0.0117,0.0,22.4758,0.0,41.7458,41.92
driverlog-p18,0,True,765,6628,6648,14068,0,16863,0,391,0,0,392,0,1360,,0.0,62.0,64,62,0.0859,0.1884,0.0431,0.0183,0.0,20.1018,0.0,36.47,36.8074
driverlog-p19,2,True,902,8086,8111,17135,0,20567,0,2696,0,0,2696,0,6700,,0.0,81.778,87,87,0.0948,0.2436,0.0699,0.0232,0.0,217.2718,0.0,899.5844,900.0327
driverlog-p20,2,True,1171,12136,12152,25491,0,29371,0,1209,0,0,1209,0,1639,,0.0,76.2,83,83,0.164,0.4538,0.113,0.0386,0.0,237.2134,0.0,899.2483,900.0233
elevators-opt08-strips-p01,0,False,44,148,221,421,0,552,0,7,0,0,8,0,0,,0.0,32.0,35,32,0.0249,0.0007,0.0003,0.0013,0.0,0.0003,0.0,0.0109,0.0387
elevators-opt08-strips-p02,0,False,56,198,304,564,0,727,0,65,0,0,725,0,687,,0.0,26.0,38,26,0.0061,0.0009,0.0004,0.0012,0.0,0.0043,0.0,0.0973,0.1065
elevators-opt08-strips-p03,0,False,52,192,296,551,0,729,0,41,0,0,454,0,0,,0.0,38.0,46,38,0.0062,0.0009,0.0005,0.0013,0.0,0.0026,0.0,0.085,0.0946
elevators-opt08-strips-p04,0,False,62,249,377,700,0,931,0,60,0,0,1372,0,1193,,0.0,36.0,49,36,0.0064,0.0014,0.0009,0.0022,0.0,0.0053,0.0,0.2172,0.2287
elevators-opt08-strips-p05,0,False,60,207,314,595,0,788,0,41,0,0,1186,0,972,,0.0,38.0,52,38,0.0073,0.0012,0.0009,0.0014,0.0,0.0033,0.0,0.1565,0.1678
elevators-opt08-strips-p06,0,False,72,304,478,868,0,1169,0,81,0,0,1294,0,1128,,0.0,38.0,65,38,0.0071,0.0018,0.0014,0.002,0.0,0.0096,0.0,0.2191,0.2319
elevators-opt08-strips-p07,0,False,71,268,414,767,0,1009,0,67,0,0,2373,0,2410,,0.0,38.0,52,38,0.0251,0.0015,0.001,0.0016,0.0,0.0063,0.0,0.3357,0.3656
elevators-opt08-strips-p08,0,False,89,372,592,1062,0,1384,0,107,0,0,5386,0,5239,,0.0,33.0,78,33,0.0277,0.0023,0.0017,0.0019,0.0,0.0155,0.0,0.8954,0.9296
elevators-opt08-strips-p09,0,False,80,314,495,905,0,1207,0,58,0,0,1415,0,1304,,0.0,48.0,65,48,0.0066,0.0019,0.0013,0.0016,0.0,0.0062,0.0,0.2486,0.2607
elevators-opt08-strips-p10,0,False,94,421,687,1218,0,1643,0,63,0,0,1352,0,1217,,0.0,48.0,69,48,0.0081,0.0028,0.0023,0.0017,0.0,0.011,0.0,0.3456,0.3611
elevators-opt08-strips-p11,0,False,57,193,270,531,0,693,0,40,0,0,1154,0,1121,,0.0,41.0,51,41,0.006,0.001,0.0005,0.0014,0.0,0.0032,0.0,0.1624,0.1719
elevators-opt08-strips-p12,0,False,66,252,366,696,0,916,0,29,0,0,80,0,2,,0.0,38.0,48,38,0.0062,0.0014,0.0011,0.0017,0.0,0.0031,0.0,0.0423,0.0531
elevators-opt08-strips-p13,0,False,71,204,288,575,0,777,0,21,0,0,856,0,772,,0.0,47.0,74,47,0.006,0.0014,0.0007,0.0014,0.0,0.0016,0.0,0.1163,0.1263
elevators-opt08-strips-p14,0,False,77,305,449,848,0,1132,0,74,0,0,3790,0,3504,,0.0,41.0,54,41,0.0071,0.0019,0.0018,0.0014,0.0,0.0151,0.0,0.5107,0.5235
elevators-opt08-strips-p15,0,False,82,281,408,787,0,1051,0,50,0,0,3750,0,3397,,0.0,44.0,50,44,0.0065,0.0018,0.0016,0.0017,0.0,0.0064,0.0,0.5602,0.5726
elevators-opt08-strips-p16,0,False,92,377,567,1054,0,1430,0,118,0,0,20102,0,26066,,0.0,51.0,106,51,0.007,0.0026,0.0029,0.0016,0.0,0.0254,0.0,3.0033,3.0183
elevators-opt08-strips-p17,0,False,96,313,443,869,0,1163,0,41,0,0,2528,0,2458,,0.0,57.0,91,57,0.0068,0.0023,0.002,0.0017,0.0,0.005,0.0,0.3553,0.3687
elevators-opt08-strips-p18,0,False,106,409,637,1172,0,1604,0,28,0,0,32,0,0,,0.0,44.0,50,44,0.0077,0.0032,0.0034,0.0019,0.0,0.0062,0.0,0.0557,0.0726
elevators-opt08-strips-p19,0,False,108,380,557,1065,0,1424,0,103,0,0,2806,0,2605,,0.0,57.0,102,57,0.0075,0.0029,0.0028,0.0017,0.0,0.0208,0.0,0.4901,0.5058
elevators-opt08-strips-p20,0,False,122,496,774,1412,0,1885,0,50,0,0,113,0,11,,0.0,51.0,57,51,0.0052,0.0041,0.0057,0.0022,0.0,0.0169,0.0,0.1011,0.119
elevators-opt08-strips-p21,0,False,64,210,315,600,0,817,0,47,0,0,1221,0,1092,,0.0,34.0,44,34,0.0065,0.0012,0.0007,0.0015,0.0,0.0033,0.0,0.1657,0.176
elevators-opt08-strips-p22,0,False,81,311,465,863,0,1143,0,25,0,0,28,0,0,,0.0,40.0,69,40,0.0066,0.0017,0.0014,0.0015,0.0,0.0039,0.0,0.0578,0.0695
elevators-opt08-strips-p23,0,False,78,277,425,793,0,1073,0,46,0,0,239,0,1,,0.0,46.0,62,46,0.0064,0.0017,0.0011,0.0014,0.0,0.005,0.0,0.0806,0.0919
elevators-opt08-strips-p24,0,False,91,394,604,1102,0,1481,0,76,0,0,80,0,0,,0.0,49.0,82,49,0.007,0.0024,0.0023,0.0017,0.0,0.0183,0.0,0.1012,0.1153
elevators-opt08-strips-p25,0,False,90,339,518,964,0,1291,0,13,0,0,1286,0,1241,,0.0,45.0,49,45,0.0073,0.0022,0.0018,0.0017,0.0,0.0021,0.0,0.28,0.2935
elevators-opt08-strips-p26,0,False,104,447,695,1263,0,1708,0,10,0,0,11,0,0,,0.0,39.0,44,39,0.0073,0.0033,0.0033,0.0021,0.0,0.0023,0.0,0.0279,0.0445
elevators-opt08-strips-p27,0,False,104,411,633,1167,0,1573,0,49,0,0,1289,0,1268,,0.0,56.0,61,56,0.0066,0.003,0.0047,0.0017,0.0,0.0111,0.0,0.3536,0.3702
elevators-opt08-strips-p28,0,False,121,577,917,1632,0,2155,0,61,0,0,63,0,0,,0.0,51.0,87,51,0.0078,0.0044,0.0038,0.0023,0.0,0.0233,0.0,0.1248,0.1437
elevators-opt08-strips-p29,0,False,125,466,713,1318,0,1779,0,91,0,0,3178,0,2930,,0.0,57.0,102,57,0.0079,0.0039,0.0036,0.0022,0.0,0.0245,0.0,0.7081,0.7262
elevators-opt08-strips-p30,0,False,136,593,935,1683,0,2278,0,74,0,0,77,0,5,,0.0,57.0,103,57,0.0093,0.0054,0.0056,0.0022,0.0,0.0326,0.0,0.0875,0.1106
elevators-opt11-strips-p01,0,False,57,193,270,531,0,693,0,40,0,0,1155,0,1121,,0.0,41.0,51,41,0.0064,0.001,0.0005,0.0014,0.0,0.003,0.0,0.1655,0.1754
elevators-opt11-strips-p02,0,False,64,210,315,600,0,817,0,47,0,0,1221,0,1092,,0.0,34.0,44,34,0.0059,0.0012,0.0007,0.0015,0.0,0.0034,0.0,0.1638,0.1736
elevators-opt11-strips-p03,0,False,66,252,366,696,0,916,0,29,0,0,80,0,2,,0.0,38.0,48,38,0.0062,0.0014,0.0011,0.0013,0.0,0.0032,0.0,0.0426,0.0531
elevators-opt11-strips-p04,0,False,52,192,296,551,0,729,0,41,0,0,452,0,0,,0.0,38.0,46,38,0.0062,0.0009,0.0005,0.0015,0.0,0.0026,0.0,0.0848,0.0947
elevators-opt11-strips-p05,0,False,71,204,288,575,0,777,0,21,0,0,857,0,772,,0.0,47.0,74,47,0.0066,0.0014,0.0007,0.0013,0.0,0.0016,0.0,0.1172,0.1277
elevators-opt11-strips-p06,0,False,62,249,377,700,0,931,0,60,0,0,1371,0,1193,,0.0,36.0,49,36,0.0065,0.0014,0.0009,0.0016,0.0,0.0053,0.0,0.2147,0.2255
elevators-opt11-strips-p07,0,False,104,447,695,1263,0,1708,0,10,0,0,11,0,0,,0.0,39.0,44,39,0.0076,0.0033,0.0028,0.0021,0.0,0.0023,0.0,0.0284,0.0447
elevators-opt11-strips-p08,0,False,60,207,314,595,0,788,0,41,0,0,1195,0,972,,0.0,38.0,52,38,0.0066,0.0012,0.0009,0.0013,0.0,0.0033,0.0,0.157,0.1676
elevators-opt11-strips-p09,0,False,81,311,465,863,0,1143,0,25,0,0,28,0,0,,0.0,40.0,69,40,0.0068,0.0017,0.0012,0.0015,0.0,0.004,0.0,0.0576,0.0695
elevators-opt11-strips-p10,0,False,77,305,449,848,0,1132,0,74,0,0,3789,0,3504,,0.0,41.0,54,41,0.0254,0.0019,0.0018,0.0016,0.0,0.0152,0.0,0.5078,0.539
elevators-opt11-strips-p11,0,False,121,577,917,1632,0,2155,0,61,0,0,63,0,0,,0.0,51.0,87,51,0.0082,0.0044,0.0044,0.0023,0.0,0.0232,0.0,0.1243,0.1442
elevators-opt11-strips-p12,0,False,72,304,478,868,0,1169,0,81,0,0,1294,0,1128,,0.0,38.0,65,38,0.0077,0.0018,0.0015,0.0015,0.0,0.0096,0.0,0.2199,0.233
elevators-opt11-strips-p13,0,False,71,268,414,767,0,1009,0,67,0,0,2373,0,2410,,0.0,38.0,52,38,0.0057,0.0015,0.001,0.0018,0.0,0.0061,0.0,0.3334,0.344
elevators-opt11-strips-p14,0,False,89,372,592,1062,0,1384,0,107,0,0,5386,0,5239,,0.0,33.0,78,33,0.0063,0.0023,0.0017,0.0016,0.0,0.0158,0.0,0.8914,0.9039
elevators-opt11-strips-p15,0,False,80,314,495,905,0,1207,0,58,0,0,1415,0,1304,,0.0,48.0,65,48,0.0241,0.0019,0.0016,0.0019,0.0,0.0063,0.0,0.2501,0.2802
elevators-opt11-strips-p16,0,False,82,281,408,787,0,1051,0,50,0,0,3755,0,3397,,0.0,44.0,50,44,0.0062,0.0019,0.002,0.0018,0.0,0.0065,0.0,0.5596,0.5721
elevators-opt11-strips-p17,0,False,96,313,443,869,0,1163,0,41,0,0,2528,0,2458,,0.0,57.0,91,57,0.0066,0.0024,0.0024,0.0016,0.0,0.005,0.0,0.3559,0.3693
elevators-opt11-strips-p18,0,False,106,409,637,1172,0,1604,0,28,0,0,32,0,0,,0.0,44.0,50,44,0.0075,0.0033,0.0028,0.0017,0.0,0.0065,0.0,0.056,0.0718
elevators-opt11-strips-p19,0,False,78,277,425,793,0,1073,0,46,0,0,241,0,1,,0.0,46.0,62,46,0.0062,0.0017,0.0011,0.0014,0.0,0.0049,0.0,0.0805,0.0915
elevators-opt11-strips-p20,0,False,91,394,604,1102,0,1481,0,76,0,0,80,0,0,,0.0,49.0,82,49,0.0073,0.0025,0.0029,0.0016,0.0,0.018,0.0,0.1014,0.1162
elevators-sat08-strips-p01,0,False,60,268,424,766,0,1019,0,46,0,0,1055,0,887,,0.0,42.0,67,42,0.0066,0.0014,0.0012,0.0014,0.0,0.0043,0.0,0.1734,0.1845
elevators-sat08-strips-p02,0,False,71,326,528,940,0,1246,0,56,0,0,3103,0,2983,,0.0,37.0,51,37,0.0068,0.0018,0.0014,0.0018,0.0,0.0079,0.0,0.5532,0.5655
elevators-sat08-strips-p03,0,False,86,376,596,1070,0,1389,0,63,0,0,3308,0,3189,,0.0,43.0,72,43,0.0077,0.0023,0.0021,0.0016,0.0,0.0102,0.0,0.6901,0.7043
elevators-sat08-strips-p04,0,False,92,427,685,1222,0,1622,0,71,0,0,24222,0,24668,,0.0,48.0,66,48,0.0072,0.0028,0.0023,0.002,0.0,0.0138,0.0,4.3185,4.3336
elevators-sat08-strips-p05,0,False,106,480,788,1390,0,1838,0,210,0,0,20730,0,25045,,0.0,43.0,75,43,0.0081,0.0035,0.0031,0.0018,0.0,0.0493,0.0,4.1891,4.2065
elevators-sat08-strips-p06,0,False,110,560,918,1612,0,2136,0,133,0,0,20192,0,25316,,0.0,48.0,76,48,0.0083,0.0042,0.0069,0.002,0.0,0.0453,0.0,4.4668,4.4892
elevators-sat08-strips-p07,0,False,121,607,999,1752,0,2350,0,96,0,0,1534,0,1233,,0.0,48.0,75,48,0.0098,0.0051,0.0073,0.0025,0.0,0.0356,0.0,0.499,0.5243
elevators-sat08-strips-p08,0,False,130,641,1059,1858,0,2459,0,116,0,0,1517,0,1220,,0.0,48.0,78,48,0.0108,0.0056,0.0077,0.0024,0.0,0.0542,0.0,0.4187,0.446
elevators-sat08-strips-p09,0,False,146,709,1173,2052,0,2751,0,172,0,0,1477,0,1248,,0.0,48.0,85,48,0.0102,0.0066,0.0123,0.0023,0.0,0.0954,0.0,0.5618,0.5941
elevators-sat08-strips-p10,0,False,149,771,1281,2234,0,3022,0,142,0,0,5764,0,5573,,0.0,43.0,57,43,0.011,0.0075,0.0107,0.0027,0.0,0.0678,0.0,2.1758,2.2086
elevators-sat08-strips-p11,0,False,171,777,1189,2164,0,2843,0,75,0,0,1279,0,1233,,0.0,64.0,84,64,0.0137,0.0094,0.015,0.0026,0.0,0.0499,0.0,0.4478,0.4891
elevators-sat08-strips-p12,0,False,204,910,1430,2578,0,3413,0,50,0,0,6250,0,6153,,0.0,81.0,164,81,0.0153,0.0137,0.0248,0.0031,0.0,0.0456,0.0,2.3893,2.447
elevators-sat08-strips-p13,0,False,244,1092,1714,3084,0,4002,0,65,0,0,69,0,0,,0.0,81.0,130,81,0.0174,0.0184,0.0279,0.004,0.0,0.0899,0.0,0.1818,0.2506
elevators-sat08-strips-p14,0,False,274,1139,1853,3310,0,4423,0,207,0,0,9893,0,9661,,0.0,85.0,157,85,0.0192,0.024,0.0322,0.0039,0.0,0.2764,0.0,4.883,4.9634
elevators-sat08-strips-p15,0,False,313,1334,2174,3866,0,5129,0,49,0,0,8174,0,8076,,0.0,91.0,154,91,0.0241,0.0305,0.0489,0.0046,0.0,0.1235,0.0,4.9646,5.0736
elevators-sat08-strips-p16,0,False,352,1470,2378,4246,0,5634,0,115,0,0,1589,0,1198,,0.0,81.0,195,81,0.0255,0.0385,0.0617,0.0049,0.0,0.3434,0.0,1.268,1.3996
elevators-sat08-strips-p17,0,False,384,1595,2611,4644,0,6153,0,120,0,0,12677,0,12510,,0.0,91.0,152,91,0.0295,0.047,0.0642,0.0055,0.0,0.4,0.0,9.6029,9.7505
elevators-sat08-strips-p18,0,False,416,1850,3018,5346,0,7173,0,32,0,0,33,0,0,,0.0,90.0,143,90,0.0326,0.0568,0.092,0.0067,0.0,0.1365,0.0,0.2637,0.4532
elevators-sat08-strips-p19,0,False,449,2022,3260,5800,0,7633,0,91,0,0,1392,0,1226,,0.0,96.0,169,96,0.0358,0.0664,0.1087,0.0073,0.0,0.4645,0.0,1.4731,1.6925
elevators-sat08-strips-p20,0,False,496,2227,3587,6372,0,8408,0,141,0,0,1622,0,1264,,0.0,96.0,192,96,0.0385,0.0797,0.0992,0.0084,0.0,1.0793,0.0,2.0557,2.2832
elevators-sat08-strips-p21,0,False,363,2190,3550,6148,0,7798,0,126,0,0,133,0,31,,0.0,102.0,131,102,0.0318,0.0521,0.1277,0.007,0.0,0.474,0.0,0.6957,0.9155
elevators-sat08-strips-p22,0,False,445,2316,3896,6707,0,8524,0,187,0,0,1630,0,1219,,0.0,114.0,260,114,0.0423,0.0793,0.1309,0.0082,0.0,1.1842,0.0,2.3345,2.5965
elevators-sat08-strips-p23,0,False,527,3078,5134,8794,0,11078,0,93,0,0,95,0,0,,0.0,112.0,149,112,0.0539,0.1142,0.2866,0.0114,0.0,0.8587,0.0,0.8877,1.3552
elevators-sat08-strips-p24,0,False,605,3333,5693,9695,0,12469,0,292,0,0,21354,0,20897,,0.0,124.0,246,124,0.0664,0.153,0.2242,0.0137,0.0,4.1752,0.0,38.71,39.1689
elevators-sat08-strips-p25,0,False,679,3842,6510,11108,0,14101,0,375,0,0,1684,0,1194,,0.0,134.0,233,134,0.0807,0.1948,0.4641,0.0164,0.0,7.4917,0.0,6.3012,7.0593
elevators-sat08-strips-p26,0,False,769,4665,7697,13205,0,16659,0,243,0,0,1446,0,1215,,0.0,134.0,278,134,0.0978,0.2531,0.5258,0.0219,0.0,7.4523,0.0,6.1793,7.08
elevators-sat08-strips-p27,-2,False,0,0,0,0,0,0,0,0,0,0,0,0,0,,0.0,0.0,1e+20,1e+20,0,0,0,0,0,0,0,0,0
elevators-sat08-strips-p28,0,False,924,5315,9059,15391,0,19633,0,731,0,0,22574,0,21863,,0.0,144.0,285,144,0.1358,0.3553,0.9334,0.0285,0.0,32.1672,0.0,73.5334,74.9888
elevators-sat08-strips-p29,0,False,1009,5562,9438,16104,0,20469,0,449,0,0,2021,0,1201,,0.0,134.0,251,134,0.157,0.4174,0.7207,0.0322,0.0,24.4545,0.0,14.7466,16.0764
elevators-sat08-strips-p30,0,False,1085,6345,10689,18225,0,23056,0,335,0,0,39895,0,39337,,0.0,139.0,356,139,0.178,0.5061,0.9878,0.0378,0.0,22.69,0.0,152.2311,153.9438
elevators-sat11-strips-p01,0,False,274,1139,1853,3310,0,4423,0,207,0,0,9893,0,9661,,0.0,85.0,157,85,0.0192,0.0239,0.0317,0.0044,0.0,0.2671,0.0,4.8953,4.9756
elevators-sat11-strips-p02,0,False,605,3333,5693,9695,0,12469,0,292,0,0,21354,0,20897,,0.0,124.0,246,124,0.0677,0.1534,0.2249,0.014,0.0,4.1815,0.0,38.7543,39.2162
elevators-sat11-strips-p03,0,False,769,4665,7697,13205,0,16659,0,243,0,0,1446,0,1215,,0.0,134.0,278,134,0.0985,0.2525,0.5246,0.0213,0.0,7.3784,0.0,6.169,7.0676
elevators-sat11-strips-p04,0,False,496,2227,3587,6372,0,8408,0,141,0,0,1623,0,1264,,0.0,96.0,192,96,0.039,0.0789,0.0987,0.0087,0.0,1.0805,0.0,2.0563,2.2832
elevators-sat11-strips-p05,0,False,416,1850,3018,5346,0,7173,0,32,0,0,33,0,0,,0.0,90.0,143,90,0.032,0.057,0.0914,0.0068,0.0,0.1368,0.0,0.2644,0.4531
elevators-sat11-strips-p06,-2,False,0,0,0,0,0,0,0,0,0,0,0,0,0,,0.0,0.0,1e+20,1e+20,0,0,0,0,0,0,0,0,0
elevators-sat11-strips-p07,0,False,679,3842,6510,11108,0,14101,0,376,0,0,1686,0,1194,,0.0,134.0,233,134,0.0808,0.1944,0.486,0.0167,0.0,7.5122,0.0,6.3126,7.0926
elevators-sat11-strips-p08,0,False,924,5315,9059,15391,0,19633,0,731,0,0,22574,0,21863,,0.0,144.0,285,144,0.133,0.3655,0.9383,0.0283,0.0,31.9652,0.0,74.1149,75.5824
elevators-sat11-strips-p09,0,False,1009,5562,9438,16104,0,20469,0,449,0,0,2024,0,1201,,0.0,134.0,251,134,0.1556,0.4181,0.7213,0.032,0.0,24.413,0.0,14.6872,16.017
elevators-sat11-strips-p10,0,False,1085,6345,10689,18225,0,23056,0,335,0,0,39887,0,39337,,0.0,139.0,356,139,0.1776,0.4989,1.0041,0.0372,0.0,22.4974,0.0,155.4065,157.1272
elevators-sat11-strips-p11,0,False,1270,12564,22532,36472,0,45096,0,691,0,0,1857,0,1283,,0.0,144.0,373,144,0.3621,1.0344,2.8397,0.0836,0.0,124.0696,0.0,76.8544,81.178
elevators-sat11-strips-p12,0,False,1357,13378,23946,38796,0,48290,0,550,0,0,679,0,448,,0.0,133.0,288,133,0.3973,1.1641,3.1674,0.0952,0.0,93.9824,0.0,45.0273,49.856
elevators-sat11-strips-p13,0,False,1451,14533,26053,42154,0,52483,0,857,0,0,19883,0,19045,,0.0,139.0,307,139,0.4604,1.3599,3.9741,0.1238,0.0,193.2187,0.0,274.902,280.8287
elevators-sat11-strips-p14,0,False,1537,15673,28145,45482,0,56323,0,1665,0,0,26369,0,24921,,0.0,144.0,380,144,0.4903,1.5514,4.6071,0.1238,0.0,467.9507,0.0,498.6023,505.3805
elevators-sat11-strips-p15,0,False,1635,16528,29712,48000,0,59351,0,1513,0,0,10314,0,8956,,0.0,139.0,345,139,0.5459,1.7636,4.5268,0.1366,0.0,432.4215,0.0,351.9067,358.8854
elevators-sat11-strips-p16,0,False,1908,13619,23819,39470,0,49805,0,573,0,0,1749,0,1195,,0.0,220.0,632,220,0.5642,1.7917,5.7823,0.1219,0.0,150.1375,0.0,83.1388,91.4041
elevators-sat11-strips-p17,2,False,2124,15472,26928,44672,0,56400,0,2407,0,0,3538,0,1179,,0.0,213.0,654,235,0.71,2.3999,8.7495,0.241,0.0,970.4805,0.0,888.3393,900.4683
elevators-sat11-strips-p18,0,False,2362,17613,30253,50378,0,63393,0,1107,0,0,4713,0,3663,,0.0,220.0,605,220,0.8739,3.0292,8.7862,0.1887,0.0,577.948,0.0,294.1641,307.0485
elevators-sat11-strips-p19,-2,False,0,0,0,0,0,0,0,0,0,0,0,0,0,,0.0,0.0,1e+20,1e+20,0,0,0,0,0,0,0,0,0
elevators-sat11-strips-p20,2,False,2817,20197,35357,58546,0,74249,0,1076,0,0,2188,0,1189,,0.0,209.5,694,241,1.1893,4.4465,15.5175,0.2559,0.0,1183.9937,0.0,879.1168,900.5485
floortile-opt11-strips-opt-p01-001,0,False,25,78,92,207,0,211,0,4,0,0,4,0,0,,0.0,28.0,28,28,0.0252,0.0003,0.0001,0.0026,0.0,0.0001,0.0,0.0433,0.0721
floortile-opt11-strips-opt-p01-002,0,False,24,78,90,205,0,208,0,1,0,0,2,0,0,,0.0,25.0,32,25,0.0051,0.0003,0.0001,0.0013,0.0,0.0,0.0,0.0058,0.0129
floortile-opt11-strips-opt-p02-003,0,False,32,121,146,314,0,341,0,41,0,0,43,0,0,,0.0,42.0,45,42,0.0058,0.0005,0.0001,0.0014,0.0,0.0016,0.0,0.1067,0.1149
floortile-opt11-strips-opt-p02-004,0,False,31,113,127,286,0,295,0,4,0,0,4,0,0,,0.0,34.0,34,34,0.0064,0.0004,0.0001,0.0013,0.0,0.0001,0.0,0.0233,0.0321
floortile-opt11-strips-opt-p03-005,0,False,36,148,168,372,0,397,0,5,0,0,6,0,0,,0.0,42.0,44,42,0.0061,0.0006,0.0002,0.0015,0.0,0.0002,0.0,0.0098,0.0186
floortile-opt11-strips-opt-p03-006,0,False,36,139,162,357,0,377,0,7,0,0,9,0,0,,0.0,43.0,48,43,0.0081,0.0006,0.0002,0.0014,0.0,0.0003,0.0,0.0983,0.1091
floortile-opt11-strips-opt-p04-007,0,False,40,156,182,399,0,422,0,4,0,0,4,0,0,,0.0,45.0,45,45,0.0054,0.0007,0.0002,0.0012,0.0,0.0002,0.0,0.0779,0.086
floortile-opt11-strips-opt-p04-008,0,False,41,161,195,418,0,453,0,10,0,0,10,0,0,,0.0,49.0,49,49,0.0056,0.0007,0.0002,0.0013,0.0,0.0006,0.0,0.0336,0.042
floortile-opt11-strips-opt-p05-009,0,False,48,198,216,486,0,505,0,0,0,0,0,0,0,,0.0,56.0,56,56,0.0057,0.001,0.0003,0.0011,0.0,0.0,0.0,0.1285,0.137
floortile-opt11-strips-opt-p05-010,0,False,48,203,229,505,0,534,0,4,0,0,6,0,0,,0.0,57.0,61,57,0.0244,0.0009,0.0003,0.0016,0.0,0.0003,0.0,0.0559,0.0838
floortile-opt11-strips-opt-p06-011,0,False,56,242,277,605,0,645,0,44,0,0,48,0,0,,0.0,70.0,78,70,0.0075,0.0012,0.0004,0.0015,0.0,0.0034,0.0,0.1106,0.1217
floortile-opt11-strips-opt-p06-012,0,False,56,249,275,609,0,643,0,26,0,0,27,0,0,,0.0,68.0,74,68,0.0059,0.0012,0.0005,0.0017,0.0,0.0022,0.0,0.0872,0.097
floortile-opt11-strips-opt-p07-013,0,False,60,266,309,667,0,719,0,22,0,0,23,0,0,,0.0,71.0,75,71,0.0062,0.0014,0.0005,0.0016,0.0,0.0023,0.0,0.0987,0.1089
floortile-opt11-strips-opt-p07-014,0,False,61,267,296,654,0,690,0,9,0,0,11,0,0,,0.0,69.0,73,69,0.0067,0.0014,0.0005,0.0015,0.0,0.0008,0.0,0.057,0.0675
floortile-opt11-strips-opt-p08-015,0,False,105,473,530,1146,0,1227,0,17,0,0,18,0,0,,0.0,84.0,89,84,0.0083,0.0033,0.0013,0.0016,0.0,0.0046,0.0,0.1314,0.1465
floortile-opt11-strips-opt-p08-016,0,False,105,468,533,1144,0,1228,0,14,0,0,16,0,0,,0.0,86.0,92,86,0.0094,0.0032,0.0014,0.0022,0.0,0.0045,0.0,0.1304,0.1473
floortile-opt11-strips-opt-p09-017,0,False,161,738,820,1762,0,1885,0,78,0,0,83,0,0,,0.0,94.0,106,94,0.0115,0.0066,0.0026,0.0023,0.0,0.0367,0.0,0.3344,0.358
floortile-opt11-strips-opt-p09-018,0,False,160,736,802,1741,0,1845,0,56,0,0,57,0,0,,0.0,95.0,105,95,0.0121,0.0064,0.0027,0.0023,0.0,0.0326,0.0,0.2869,0.311
floortile-opt11-strips-opt-p10-019,0,False,127,581,658,1410,0,1517,0,8,0,0,9,0,0,,0.0,104.0,115,104,0.009,0.0045,0.0017,0.0022,0.0,0.0039,0.0,0.1494,0.1674
floortile-opt11-strips-opt-p10-020,0,False,126,586,664,1421,0,1532,0,18,0,0,20,0,0,,0.0,104.0,116,104,0.0085,0.0046,0.0017,0.0018,0.0,0.0088,0.0,0.1363,0.1534
floortile-opt14-strips-p01-4-3-2,0,False,31,108,134,289,0,309,0,11,0,0,11,0,0,,0.0,36.0,36,36,0.0058,0.0004,0.0001,0.0013,0.0,0.0004,0.0,0.0318,0.04
floortile-opt14-strips-p01-4-4-2,0,False,40,164,195,421,0,455,0,8,0,0,9,0,0,,0.0,46.0,47,46,0.0061,0.0007,0.0002,0.0016,0.0,0.0004,0.0,0.0912,0.1003
floortile-opt14-strips-p01-5-3-2,0,False,36,141,164,361,0,383,0,4,0,0,4,0,0,,0.0,44.0,44,44,0.0073,0.0006,0.0002,0.002,0.0,0.0001,0.0,0.0695,0.081
floortile-opt14-strips-p01-5-4-2,0,False,49,205,239,518,0,555,0,19,0,0,21,0,0,,0.0,58.0,64,58,0.0087,0.001,0.0003,0.0016,0.0,0.0013,0.0,0.08,0.0927
floortile-opt14-strips-p01-5-5-2,0,False,61,268,307,667,0,716,0,0,0,0,0,0,0,,0.0,69.0,69,69,0.0078,0.0014,0.0005,0.003,0.0,0.0,0.0,0.0174,0.0311
floortile-opt14-strips-p01-6-4-2,0,False,56,249,271,605,0,634,0,17,0,0,20,0,0,,0.0,68.0,74,68,0.0085,0.0012,0.0005,0.0016,0.0,0.0014,0.0,0.0985,0.1109
floortile-opt14-strips-p01-6-5-2,0,False,70,319,359,785,0,838,0,22,0,0,24,0,0,,0.0,84.0,90,84,0.0123,0.0018,0.0008,0.0031,0.0,0.0022,0.0,0.097,0.1156
floortile-opt14-strips-p02-4-4-2,0,False,41,165,199,426,0,462,0,43,0,0,44,0,0,,0.0,49.0,61,49,0.0069,0.0007,0.0002,0.0045,0.0,0.0026,0.0,0.0356,0.0489
floortile-opt14-strips-p02-5-3-2,0,False,36,137,164,357,0,380,0,12,0,0,14,0,0,,0.0,45.0,47,45,0.0058,0.0006,0.0002,0.0019,0.0,0.0005,0.0,0.018,0.0271
floortile-opt14-strips-p02-5-4-2,0,False,49,205,239,518,0,557,0,7,0,0,7,0,0,,0.0,62.0,62,62,0.0066,0.0009,0.0003,0.0026,0.0,0.0005,0.0,0.1555,0.1668
floortile-opt14-strips-p02-5-5-2,0,False,60,252,296,640,0,686,0,30,0,0,34,0,0,,0.0,71.0,81,71,0.0067,0.0014,0.0005,0.002,0.0,0.0028,0.0,0.1123,0.1234
floortile-opt14-strips-p02-6-4-2,0,False,57,254,285,625,0,667,0,29,0,0,33,0,0,,0.0,68.0,73,68,0.0068,0.0012,0.0005,0.0023,0.0,0.0023,0.0,0.0632,0.0745
floortile-opt14-strips-p02-6-5-2,0,False,70,318,362,787,0,844,0,64,0,0,67,0,0,,0.0,92.0,99,92,0.0091,0.0018,0.0008,0.0026,0.0,0.0102,0.0,0.1308,0.1471
floortile-opt14-strips-p03-4-3-2,0,False,30,109,136,292,0,317,0,21,0,0,21,0,0,,0.0,40.0,40,40,0.0056,0.0004,0.0001,0.0021,0.0,0.0007,0.0,0.0676,0.0765
floortile-opt14-strips-p03-4-4-2,0,False,40,154,190,406,0,442,0,16,0,0,17,0,0,,0.0,50.0,60,50,0.0069,0.0007,0.0002,0.0089,0.0,0.0009,0.0,0.0709,0.0882
floortile-opt14-strips-p03-5-3-2,0,False,36,137,164,357,0,380,0,12,0,0,13,0,0,,0.0,45.0,47,45,0.0069,0.0006,0.0002,0.0016,0.0,0.0006,0.0,0.169,0.1788
floortile-opt14-strips-p03-5-4-2,0,False,48,198,233,505,0,540,0,9,0,0,10,0,0,,0.0,58.0,62,58,0.0069,0.0009,0.0003,0.0061,0.0,0.0006,0.0,0.1115,0.1264
floortile-opt14-strips-p03-5-5-2,0,False,60,261,292,644,0,679,0,15,0,0,19,0,0,,0.0,69.0,75,69,0.0082,0.0013,0.0006,0.0017,0.0,0.0013,0.0,0.0472,0.06
floortile-opt14-strips-p03-6-4-2,0,False,57,249,284,619,0,662,0,10,0,0,11,0,0,,0.0,74.0,78,74,0.0081,0.0012,0.0004,0.0019,0.0,0.0011,0.0,0.1645,0.1768
floortile-opt14-strips-p03-6-5-2,0,False,70,315,359,781,0,836,0,21,0,0,24,0,0,,0.0,86.0,90,86,0.0088,0.0018,0.0008,0.0022,0.0,0.0028,0.0,0.092,0.1065
floortile-sat11-strips-seq-p01-001,0,False,30,106,124,276,0,286,0,2,0,0,3,0,0,,0.0,33.0,34,33,0.007,0.0004,0.0001,0.0021,0.0,0.0001,0.0,0.0071,0.0176
floortile-sat11-strips-seq-p01-002,0,False,30,112,130,288,0,302,0,2,0,0,2,0,0,,0.0,35.0,35,35,0.0061,0.0005,0.0001,0.0016,0.0,0.0001,0.0,0.0098,0.0186
floortile-sat11-strips-seq-p02-003,0,False,36,140,164,360,0,383,0,11,0,0,14,0,0,,0.0,44.0,47,44,0.0059,0.0006,0.0002,0.0054,0.0,0.0005,0.0,0.1451,0.1588
floortile-sat11-strips-seq-p02-004,0,False,37,148,174,378,0,405,0,34,0,0,35,0,0,,0.0,50.0,54,50,0.0075,0.0006,0.0002,0.0017,0.0,0.0017,0.0,0.0446,0.0558
floortile-sat11-strips-seq-p03-005,0,False,40,155,177,393,0,410,0,1,0,0,1,0,0,,0.0,44.0,44,44,0.0083,0.0007,0.0002,0.0031,0.0,0.0,0.0,0.011,0.0266
floortile-sat11-strips-seq-p03-006,0,False,40,156,187,405,0,434,0,2,0,0,2,0,0,,0.0,45.0,45,45,0.0057,0.0007,0.0002,0.0022,0.0,0.0001,0.0,0.0118,0.0217
floortile-sat11-strips-seq-p04-007,0,False,48,205,231,509,0,539,0,0,0,0,0,0,0,,0.0,56.0,56,56,0.0207,0.0009,0.0003,0.004,0.0,0.0,0.0,0.0113,0.0378
floortile-sat11-strips-seq-p04-008,0,False,48,196,219,488,0,508,0,5,0,0,6,0,0,,0.0,56.0,62,56,0.0077,0.0009,0.0003,0.0018,0.0,0.0003,0.0,0.1245,0.1358
floortile-sat11-strips-seq-p05-009,0,False,56,245,268,598,0,626,0,8,0,0,10,0,0,,0.0,68.0,72,68,0.0076,0.0012,0.0005,0.004,0.0,0.0007,0.0,0.0688,0.0829
floortile-sat11-strips-seq-p05-010,0,False,56,246,272,603,0,635,0,8,0,0,10,0,0,,0.0,68.0,72,68,0.0084,0.0013,0.0005,0.0021,0.0,0.0007,0.0,0.0467,0.0595
floortile-sat11-strips-seq-p06-011,0,False,60,263,303,658,0,706,0,23,0,0,26,0,0,,0.0,70.0,73,70,0.0076,0.0014,0.0005,0.004,0.0,0.0018,0.0,0.0624,0.0779
floortile-sat11-strips-seq-p06-012,0,False,61,263,306,661,0,711,0,18,0,0,19,0,0,,0.0,73.0,79,73,0.008,0.0014,0.0006,0.0034,0.0,0.0023,0.0,0.1007,0.1148
floortile-sat11-strips-seq-p07-013,0,False,105,458,506,1106,0,1167,0,44,0,0,49,0,0,,0.0,84.0,96,84,0.0097,0.0033,0.0012,0.0036,0.0,0.0098,0.0,0.1162,0.1349
floortile-sat11-strips-seq-p07-014,0,False,106,473,537,1153,0,1238,0,23,0,0,25,0,0,,0.0,87.0,95,87,0.0096,0.0032,0.0014,0.0061,0.0,0.0071,0.0,0.1526,0.1735
floortile-sat11-strips-seq-p08-015,0,False,127,591,664,1426,0,1533,0,18,0,0,21,0,0,,0.0,100.0,112,100,0.0126,0.0045,0.0018,0.0035,0.0,0.0069,0.0,0.1268,0.1507
floortile-sat11-strips-seq-p08-016,0,False,127,579,655,1405,0,1508,0,13,0,0,14,0,0,,0.0,102.0,118,102,0.013,0.0047,0.0019,0.0035,0.0,0.0053,0.0,0.1591,0.1829
floortile-sat11-strips-seq-p09-017,0,False,144,685,759,1639,0,1755,0,93,0,0,95,0,0,,0.0,113.0,126,113,0.0117,0.0061,0.0027,0.0064,0.0,0.0405,0.0,0.354,0.3827
floortile-sat11-strips-seq-p09-018,0,False,144,671,731,1596,0,1687,0,74,0,0,79,0,0,,0.0,114.0,126,114,0.012,0.0058,0.003,0.0043,0.0,0.0325,0.0,0.2809,0.3103
floortile-sat11-strips-seq-p10-019,0,False,169,822,910,1959,0,2100,0,64,0,0,66,0,0,,0.0,137.0,147,137,0.0117,0.0078,0.0042,0.0034,0.0,0.0679,0.0,0.6145,0.6423
floortile-sat11-strips-seq-p10-020,0,False,169,816,887,1929,0,2047,0,28,0,0,29,0,0,,0.0,131.0,154,131,0.0105,0.0077,0.0045,0.0034,0.0,0.0172,0.0,0.1911,0.2184
floortile-sat14-strips-p01-4-3-2,0,False,31,108,134,289,0,309,0,11,0,0,11,0,0,,0.0,36.0,36,36,0.0054,0.0005,0.0001,0.0011,0.0,0.0004,0.0,0.0317,0.0393
floortile-sat14-strips-p01-5-4-2,0,False,49,205,239,518,0,555,0,19,0,0,21,0,0,,0.0,58.0,64,58,0.006,0.001,0.0003,0.0012,0.0,0.0013,0.0,0.0801,0.0891
floortile-sat14-strips-p01-5-5-2,0,False,61,268,307,667,0,716,0,0,0,0,0,0,0,,0.0,69.0,69,69,0.0075,0.0014,0.0005,0.0015,0.0,0.0,0.0,0.0175,0.0289
floortile-sat14-strips-p01-6-4-2,0,False,56,249,271,605,0,634,0,17,0,0,20,0,0,,0.0,68.0,74,68,0.0062,0.0012,0.0005,0.0016,0.0,0.0014,0.0,0.0992,0.1093
floortile-sat14-strips-p01-6-5-2,0,False,70,319,359,785,0,838,0,22,0,0,24,0,0,,0.0,84.0,90,84,0.0257,0.0018,0.0007,0.0018,0.0,0.0022,0.0,0.0974,0.1279
floortile-sat14-strips-p01-6-5-3,0,False,105,465,513,1120,0,1184,0,94,0,0,99,0,0,,0.0,84.0,94,84,0.009,0.0032,0.0011,0.0016,0.0,0.022,0.0,0.1943,0.2099
floortile-sat14-strips-p02-5-4-2,0,False,49,205,239,518,0,557,0,7,0,0,7,0,0,,0.0,62.0,62,62,0.0064,0.0009,0.0003,0.0015,0.0,0.0006,0.0,0.1555,0.1651
floortile-sat14-strips-p02-6-4-2,0,False,57,254,285,625,0,667,0,29,0,0,33,0,0,,0.0,68.0,73,68,0.0267,0.0012,0.0005,0.0027,0.0,0.0023,0.0,0.0629,0.0947
floortile-sat14-strips-p02-6-5-2,0,False,70,318,362,787,0,844,0,64,0,0,67,0,0,,0.0,92.0,99,92,0.0081,0.0018,0.0009,0.0016,0.0,0.0108,0.0,0.1305,0.1435
floortile-sat14-strips-p02-6-5-3,0,False,105,469,530,1142,0,1222,0,8,0,0,10,0,0,,0.0,84.0,98,84,0.0083,0.0033,0.0014,0.0019,0.0,0.0021,0.0,0.1603,0.1757
floortile-sat14-strips-p03-6-4-2,0,False,57,249,284,619,0,662,0,10,0,0,11,0,0,,0.0,74.0,78,74,0.0066,0.0013,0.0004,0.0016,0.0,0.0011,0.0,0.1652,0.1757
floortile-sat14-strips-p03-6-5-2,0,False,70,315,359,781,0,836,0,21,0,0,24,0,0,,0.0,86.0,90,86,0.0067,0.0018,0.0008,0.0016,0.0,0.0027,0.0,0.0921,0.1036
floortile-sat14-strips-p03-6-5-3,0,False,106,471,535,1149,0,1232,0,44,0,0,45,0,0,,0.0,85.0,95,85,0.0088,0.0033,0.0014,0.0016,0.0,0.0134,0.0,0.1495,0.1651
floortile-sat14-strips-p04-5-4-2,0,False,49,207,241,522,0,562,0,12,0,0,12,0,0,,0.0,63.0,63,63,0.0068,0.0009,0.0003,0.0012,0.0,0.001,0.0,0.0965,0.1062
floortile-sat14-strips-p04-5-5-2,0,False,62,276,317,685,0,739,0,55,0,0,56,0,0,,0.0,79.0,85,79,0.0066,0.0014,0.0006,0.0016,0.0,0.0071,0.0,0.1486,0.1595
floortile-sat14-strips-p04-6-5-2,0,False,71,324,366,797,0,854,0,34,0,0,36,0,0,,0.0,89.0,93,89,0.0088,0.0018,0.0008,0.002,0.0,0.006,0.0,0.1646,0.1784
floortile-sat14-strips-p04-6-5-3,0,False,106,471,523,1136,0,1205,0,18,0,0,19,0,0,,0.0,84.0,90,84,0.0073,0.0032,0.0011,0.0017,0.0,0.0042,0.0,0.1672,0.1811
floortile-sat14-strips-p05-4-3-2,0,False,30,112,132,291,0,311,0,1,0,0,2,0,0,,0.0,33.0,36,33,0.0063,0.0005,0.0001,0.0013,0.0,0.0001,0.0,0.0072,0.0158
floortile-sat14-strips-p05-6-5-2,0,False,70,318,344,768,0,805,0,24,0,0,27,0,0,,0.0,84.0,88,84,0.0068,0.0018,0.0007,0.0015,0.0,0.0024,0.0,0.0688,0.0802
floortile-sat14-strips-p05-6-5-3,0,False,106,485,531,1158,0,1227,0,10,0,0,13,0,0,,0.0,84.0,96,84,0.008,0.0032,0.0011,0.0018,0.0,0.0023,0.0,0.1216,0.1363
freecell-p01,0,True,27,176,558,787,0,972,0,1,0,0,2,0,0,,0.0,8.0,10,8,0.0084,0.0016,0.0003,0.0017,0.0,0.0001,0.0,0.0161,0.0292
freecell-p02,0,True,43,367,1094,1541,0,1913,0,17,0,0,18,0,0,,0.0,14.0,18,14,0.0098,0.0041,0.0016,0.0022,0.0,0.0046,0.0,0.0711,0.0895
freecell-p03,0,True,59,522,1473,2103,0,2648,0,4,0,0,6,0,0,,0.0,18.0,21,18,0.0128,0.0085,0.0027,0.0025,0.0,0.0019,0.0,0.0763,0.1035
freecell-p04,0,True,72,566,1514,2214,0,2990,0,44,0,0,46,0,0,,0.0,26.0,32,26,0.0145,0.0104,0.0039,0.0025,0.0,0.0283,0.0,0.1118,0.1437
freecell-p05,0,True,93,1080,2990,4236,0,5151,0,17,0,0,19,0,0,,0.0,30.0,40,30,0.0207,0.0207,0.015,0.004,0.0,0.0175,0.0,0.1787,0.2398
freecell-p06,0,True,108,1517,4156,5866,0,7070,0,11,0,0,12,0,0,,0.0,34.0,46,34,0.0385,0.0317,0.0254,0.0053,0.0,0.0196,0.0,0.2381,0.3401
freecell-p07,0,True,109,1434,3974,5603,0,6808,0,204,0,0,207,0,99,,0.0,39.0,46,39,0.0277,0.0365,0.0242,0.0059,0.0,0.934,0.0,0.9724,1.0685
freecell-p08,0,True,127,1961,5410,7596,0,9147,0,49,0,0,51,0,9,,0.0,45.0,57,45,0.0387,0.0512,0.0472,0.0083,0.0,0.2518,0.0,0.5484,0.695
freecell-p09,0,True,128,1969,5359,7554,0,9100,0,52,0,0,53,0,21,,0.0,41.0,48,41,0.0391,0.0549,0.0369,0.0073,0.0,0.1943,0.0,0.5037,0.6434
freecell-p10,0,True,144,2561,6980,9795,0,11717,0,5,0,0,6,0,0,,0.0,48.0,59,48,0.0514,0.0763,0.0801,0.0094,0.0,0.016,0.0,0.2182,0.4369
freecell-p11,0,True,146,2579,6957,9792,0,11759,0,127,0,0,131,0,155,,0.0,49.0,62,49,0.0525,0.0786,0.074,0.0096,0.0,1.0251,0.0,1.3321,1.5485
freecell-p12,0,True,144,2547,6914,9715,0,11665,0,23,0,0,25,0,0,,0.0,46.0,59,46,0.0515,0.0799,0.0718,0.0094,0.0,0.0786,0.0,0.4531,0.6672
freecell-p13,0,True,162,3607,10043,13933,0,16015,0,146,0,0,147,0,104,,0.0,55.0,65,55,0.0793,0.1276,0.1563,0.0135,0.0,3.681,0.0,3.2806,3.6594
freecell-p14,0,True,162,3620,10066,13969,0,16013,0,85,0,0,86,0,38,,0.0,54.0,66,54,0.0676,0.1182,0.1663,0.0148,0.0,2.1663,0.0,2.294,2.6633
freecell-p15,0,True,179,4016,10768,15097,0,17948,0,549,0,0,557,0,239,,0.0,61.0,78,61,0.0908,0.1608,0.2153,0.0151,0.0,23.367,0.0,13.4434,13.9279
freecell-p16,0,True,178,4434,12304,17049,0,19515,0,43,0,0,45,0,0,,0.0,59.0,71,59,0.0903,0.1679,0.235,0.0177,0.0,0.7602,0.0,1.5914,2.1051
freecell-p17,0,True,196,5384,14875,20600,0,23515,0,58,0,0,59,0,5,,0.0,60.0,85,60,0.1136,0.3323,0.3589,0.0231,0.0,1.6552,0.0,2.262,3.0927
freecell-p18,0,True,198,4850,12981,18175,0,21581,0,722,0,0,725,0,241,,0.0,70.0,86,70,0.1162,0.2226,0.3021,0.0208,0.0,53.9492,0.0,29.4282,30.093
freecell-p19,0,True,216,5773,15251,21398,0,25416,0,198,0,0,201,0,50,,0.0,73.0,93,73,0.1483,0.3073,0.3786,0.025,0.0,6.9703,0.0,6.1715,7.0336
freecell-p20,0,True,214,5734,15263,21369,0,25403,0,207,0,0,213,0,188,,0.0,69.0,90,69,0.1477,0.3225,0.4003,0.0244,0.0,6.7124,0.0,7.4595,8.3574
freecell-probfreecell-10-1,0,True,168,4367,11843,16500,0,19524,0,167,0,0,171,0,106,,0.0,55.0,69,55,0.1067,0.1774,0.1887,0.017,0.0,4.3297,0.0,4.498,4.9901
freecell-probfreecell-10-2,0,True,167,4371,11776,16436,0,19432,0,429,0,0,432,0,265,,0.0,52.0,64,52,0.0931,0.1821,0.1687,0.0169,0.0,13.9199,0.0,10.6319,11.0959
freecell-probfreecell-10-3,0,True,167,4862,13493,18643,0,21198,0,6,0,0,7,0,0,,0.0,49.0,66,49,0.1016,0.2418,0.2522,0.0197,0.0,0.1277,0.0,0.5754,1.1933
freecell-probfreecell-10-4,0,True,168,4882,13430,18601,0,21162,0,96,0,0,97,0,45,,0.0,55.0,66,55,0.1002,0.1841,0.2359,0.0185,0.0,2.9123,0.0,3.0483,3.5895
freecell-probfreecell-10-5,0,True,169,4905,13520,18715,0,21282,0,102,0,0,106,0,41,,0.0,57.0,68,57,0.1013,0.2417,0.266,0.0184,0.0,3.2994,0.0,3.9411,4.5715
freecell-probfreecell-11-1,0,True,184,4844,12967,18129,0,21476,0,1174,0,0,1177,0,740,,0.0,61.0,76,61,0.115,0.215,0.2312,0.0188,0.0,55.7958,0.0,31.6852,32.268
freecell-probfreecell-11-2,0,True,183,4850,12908,18075,0,21398,0,44,0,0,45,0,0,,0.0,57.0,72,57,0.1126,0.2106,0.208,0.0187,0.0,0.633,0.0,1.4923,2.0448
freecell-probfreecell-11-3,0,True,184,5387,14741,20445,0,23317,0,22,0,0,23,0,0,,0.0,56.0,76,56,0.1134,0.3238,0.3114,0.0215,0.0,0.4081,0.0,1.2201,1.9929
freecell-probfreecell-11-4,0,True,184,5401,14726,20444,0,23297,0,40,0,0,41,0,0,,0.0,62.0,75,62,0.1159,0.2355,0.2837,0.021,0.0,0.6777,0.0,1.7692,2.4279
freecell-probfreecell-11-5,0,True,184,4859,13003,18180,0,21518,0,5449,0,0,5459,0,2949,,0.0,65.0,76,65,0.1156,0.2157,0.2395,0.019,0.0,363.8192,0.0,242.3812,242.9734
freecell-probfreecell-12-1,0,True,200,5295,14173,19814,0,23513,0,121,0,0,124,0,93,,0.0,67.0,84,67,0.1305,0.2518,0.3074,0.0216,0.0,2.3127,0.0,3.9968,4.7109
freecell-probfreecell-12-2,0,True,199,5319,14080,19744,0,23401,0,109,0,0,110,0,0,,0.0,62.0,80,62,0.1302,0.2494,0.2638,0.0212,0.0,4.087,0.0,3.4078,4.0779
freecell-probfreecell-12-3,0,True,200,5908,16042,22295,0,25453,0,15,0,0,16,0,0,,0.0,63.0,83,63,0.1285,0.3987,0.3458,0.0237,0.0,0.4169,0.0,1.068,1.9677
freecell-probfreecell-12-4,0,True,200,5331,14157,19834,0,23516,0,93,0,0,94,0,0,,0.0,67.0,83,67,0.129,0.2731,0.3076,0.0225,0.0,2.5795,0.0,3.5332,4.2684
freecell-probfreecell-12-5,0,True,200,5319,14140,19805,0,23489,0,4221,0,0,4224,0,2367,,0.0,71.0,85,71,0.1324,0.2599,0.3025,0.0212,0.0,355.4294,0.0,204.8075,205.5263
freecell-probfreecell-13-1,0,True,216,5755,15336,21465,0,25507,0,536,0,0,542,0,354,,0.0,74.0,91,74,0.1483,0.2946,0.4137,0.0239,0.0,51.9138,0.0,44.0005,44.884
freecell-probfreecell-13-2,0,True,215,5769,15229,21371,0,25380,0,40,0,0,42,0,0,,0.0,68.0,88,68,0.418,0.2936,0.3047,0.0241,0.0,0.7066,0.0,1.7665,2.8101
freecell-probfreecell-13-3,0,True,215,5767,15265,21405,0,25425,0,32,0,0,33,0,0,,0.0,70.0,89,70,0.1437,0.2953,0.3538,0.0242,0.0,0.7722,0.0,1.5548,2.3748
freecell-probfreecell-13-4,0,True,215,5778,15259,21410,0,25423,0,761,0,0,762,0,286,,0.0,73.0,90,73,0.3796,0.3211,0.373,0.0242,0.0,102.7341,0.0,55.319,56.4198
freecell-probfreecell-13-5,0,True,216,5766,15307,21447,0,25480,0,740,0,0,742,0,222,,0.0,78.0,92,78,0.1436,0.2952,0.3784,0.0242,0.0,90.5642,0.0,47.5172,48.3616
freecell-probfreecell-2-1,0,True,44,831,2637,3536,0,3756,0,0,0,0,0,0,0,,0.0,9.0,9,9,0.0182,0.0109,0.0022,0.0031,0.0,0.0,0.0,0.0652,0.1004
freecell-probfreecell-2-2,0,True,43,813,2680,3561,0,3794,0,0,0,0,0,0,0,,0.0,8.0,8,8,0.0354,0.0101,0.0019,0.0032,0.0,0.0,0.0,0.0645,0.1159
freecell-probfreecell-2-3,0,True,44,848,2672,3589,0,3817,0,0,0,0,1,0,0,,0.0,8.0,9,8,0.0179,0.0111,0.0017,0.0031,0.0,0.0,0.0,0.0682,0.1029
freecell-probfreecell-2-4,0,True,44,832,2716,3616,0,3848,0,0,0,0,1,0,0,,0.0,8.0,9,8,0.0192,0.011,0.0023,0.0032,0.0,0.0,0.0,0.0662,0.1025
freecell-probfreecell-2-5,0,True,44,831,2659,3558,0,3768,0,0,0,0,0,0,0,,0.0,9.0,9,9,0.0181,0.0108,0.0022,0.003,0.0,0.0,0.0,0.0669,0.1018
freecell-probfreecell-3-1,0,True,59,1306,4180,5581,0,6088,0,0,0,0,1,0,0,,0.0,14.0,16,14,0.0422,0.0232,0.0098,0.0043,0.0,0.0001,0.0,0.0953,0.1759
freecell-probfreecell-3-2,0,True,58,1286,4162,5542,0,6033,0,0,0,0,1,0,0,,0.0,13.0,14,13,0.0261,0.0212,0.0075,0.0043,0.0,0.0001,0.0,0.0927,0.153
freecell-probfreecell-3-3,0,True,58,1286,4169,5549,0,6031,0,0,0,0,1,0,0,,0.0,12.0,15,12,0.0256,0.0223,0.0079,0.0043,0.0,0.0001,0.0,0.0948,0.1559
freecell-probfreecell-3-4,0,True,59,1310,4162,5567,0,6066,0,0,0,0,1,0,0,,0.0,12.0,14,12,0.026,0.0222,0.0073,0.004,0.0,0.0001,0.0,0.0946,0.1552
freecell-probfreecell-3-5,0,True,58,1286,4192,5572,0,6071,0,0,0,0,1,0,0,,0.0,13.0,15,13,0.0251,0.0217,0.0075,0.0043,0.0,0.0001,0.0,0.0936,0.1532
freecell-probfreecell-4-1,0,True,75,1819,5917,7861,0,8686,0,5,0,0,6,0,0,,0.0,19.0,24,19,0.0346,0.0349,0.0204,0.0061,0.0,0.0168,0.0,0.1802,0.2773
freecell-probfreecell-4-2,0,True,74,1798,5522,7442,0,8207,0,0,0,0,1,0,0,,0.0,17.0,19,17,0.0337,0.036,0.0144,0.0058,0.0,0.0001,0.0,0.1232,0.2141
freecell-probfreecell-4-3,0,True,72,1783,5593,7497,0,8287,0,0,0,0,1,0,0,,0.0,18.0,22,18,0.0376,0.0328,0.0208,0.0057,0.0,0.0001,0.0,0.1322,0.2301
freecell-probfreecell-4-4,0,True,75,1818,5498,7439,0,8196,0,0,0,0,1,0,0,,0.0,18.0,22,18,0.0333,0.0347,0.0179,0.0056,0.0,0.0001,0.0,0.1317,0.2242
freecell-probfreecell-4-5,0,True,72,1802,5630,7553,0,8381,0,1,0,0,2,0,0,,0.0,18.0,22,18,0.0537,0.0344,0.0217,0.0062,0.0,0.0008,0.0,0.1366,0.2536
freecell-probfreecell-5-1,0,True,89,2336,7291,9778,0,10921,0,6,0,0,7,0,0,,0.0,24.0,31,24,0.0442,0.0513,0.0404,0.0073,0.0,0.0222,0.0,0.4284,0.5733
freecell-probfreecell-5-2,0,True,91,2330,6883,9364,0,10388,0,6,0,0,7,0,0,,0.0,23.0,25,23,0.0434,0.0529,0.0291,0.0072,0.0,0.0187,0.0,0.2134,0.3476
freecell-probfreecell-5-3,0,True,88,2305,6838,9292,0,10383,0,0,0,0,1,0,0,,0.0,24.0,30,24,0.0427,0.0492,0.0397,0.0076,0.0,0.0001,0.0,0.17,0.3107
freecell-probfreecell-5-4,0,True,89,2336,6955,9441,0,10516,0,1,0,0,2,0,0,,0.0,23.0,29,23,0.0435,0.0513,0.0373,0.0072,0.0,0.0009,0.0,0.1812,0.3221
freecell-probfreecell-5-5,0,True,89,2318,6963,9431,0,10540,0,7,0,0,8,0,0,,0.0,25.0,31,25,0.0445,0.0526,0.0503,0.0073,0.0,0.0196,0.0,0.3851,0.5413
freecell-probfreecell-6-1,0,True,105,2821,8316,11315,0,12729,0,22,0,0,23,0,0,,0.0,30.0,38,30,0.0534,0.0686,0.0694,0.0095,0.0,0.1438,0.0,0.5739,0.7764
freecell-probfreecell-6-2,0,True,107,2840,8261,11280,0,12578,0,2,0,0,3,0,0,,0.0,28.0,32,28,0.0538,0.0737,0.0482,0.0092,0.0,0.0061,0.0,0.2203,0.4068
freecell-probfreecell-6-3,0,True,104,2818,8220,11215,0,12608,0,0,0,0,1,0,0,,0.0,28.0,33,28,0.0526,0.069,0.0496,0.0097,0.0,0.0001,0.0,0.204,0.3866
freecell-probfreecell-6-4,0,True,104,2834,8357,11368,0,12737,0,2,0,0,3,0,0,,0.0,28.0,37,28,0.054,0.0697,0.0581,0.0093,0.0,0.0031,0.0,0.2184,0.411
freecell-probfreecell-6-5,0,True,105,2857,8308,11343,0,12726,0,126,0,0,127,0,74,,0.0,32.0,39,32,0.0552,0.0721,0.0594,0.0096,0.0,1.4693,0.0,1.6721,1.8701
freecell-probfreecell-7-1,0,True,121,3361,9597,13164,0,14841,0,69,0,0,71,0,59,,0.0,35.0,43,35,0.0657,0.0932,0.0979,0.0115,0.0,0.6128,0.0,1.2976,1.5677
freecell-probfreecell-7-2,0,True,121,3349,9515,13070,0,14763,0,11,0,0,12,0,0,,0.0,34.0,39,34,0.0625,0.097,0.0598,0.0114,0.0,0.0522,0.0,0.4899,0.7225
freecell-probfreecell-7-3,0,True,120,3349,9534,13088,0,14762,0,1,0,0,2,0,0,,0.0,32.0,40,32,0.065,0.0925,0.0756,0.0112,0.0,0.0069,0.0,0.2652,0.5114
freecell-probfreecell-7-4,0,True,120,3355,9526,13086,0,14737,0,12,0,0,13,0,0,,0.0,35.0,44,35,0.0651,0.0951,0.0874,0.0109,0.0,0.0734,0.0,0.6034,0.8638
freecell-probfreecell-7-5,0,True,121,3369,9563,13138,0,14805,0,442,0,0,444,0,410,,0.0,40.0,46,40,0.0633,0.0921,0.1015,0.0114,0.0,8.4291,0.0,6.5221,6.7923
freecell-probfreecell-8-1,0,True,137,3864,10914,15012,0,16990,0,84,0,0,88,0,102,,0.0,42.0,53,42,0.0762,0.1171,0.1286,0.0134,0.0,0.9512,0.0,1.751,2.0883
freecell-probfreecell-8-2,0,True,135,3452,9462,13147,0,15468,0,6,0,0,7,0,0,,0.0,39.0,48,39,0.068,0.1179,0.0893,0.0122,0.0,0.027,0.0,0.6184,0.9077
freecell-probfreecell-8-3,0,True,136,3852,10895,14980,0,16959,0,2,0,0,3,0,0,,0.0,38.0,49,38,0.0751,0.128,0.1357,0.0136,0.0,0.0148,0.0,0.3282,0.6827
freecell-probfreecell-8-4,0,True,136,3867,10776,14876,0,16832,0,65,0,0,67,0,5,,0.0,41.0,51,41,0.0749,0.1194,0.1179,0.013,0.0,1.4207,0.0,2.0469,2.3742
freecell-probfreecell-8-5,0,True,137,3890,10865,14989,0,16947,0,114,0,0,115,0,48,,0.0,45.0,54,45,0.076,0.1213,0.1499,0.013,0.0,2.3604,0.0,2.1817,2.5441
freecell-probfreecell-9-1,0,True,153,4376,12163,16801,0,19085,0,123,0,0,125,0,99,,0.0,47.0,61,47,0.0889,0.1461,0.1861,0.0159,0.0,1.9765,0.0,2.6749,3.1145
freecell-probfreecell-9-2,0,True,150,3898,10556,14714,0,17360,0,12,0,0,13,0,0,,0.0,44.0,58,44,0.0872,0.1499,0.1249,0.0139,0.0,0.1987,0.0,0.8135,1.1916
freecell-probfreecell-9-3,0,True,152,4373,12196,16830,0,19088,0,9,0,0,10,0,0,,0.0,44.0,56,44,0.0886,0.2013,0.1791,0.0153,0.0,0.1086,0.0,0.5109,0.9976
freecell-probfreecell-9-4,0,True,152,4370,12085,16716,0,18980,0,33,0,0,34,0,0,,0.0,48.0,58,48,0.0859,0.1503,0.1723,0.0153,0.0,0.6303,0.0,1.2906,1.717
freecell-probfreecell-9-5,0,True,153,4402,12184,16848,0,19108,0,132,0,0,133,0,21,,0.0,51.0,60,51,0.0893,0.1555,0.2007,0.0157,0.0,3.7567,0.0,4.6827,5.1464
ged-opt14-strips-d-1-2,0,False,47,102,225,375,0,548,0,0,0,0,0,0,0,,0.0,1.0,1,1,0.0052,0.0005,0.0001,0.0014,0.0,0.0,0.0,0.0102,0.0179
ged-opt14-strips-d-1-3,0,False,118,456,1044,1626,0,2327,0,0,0,0,0,0,0,,0.0,1.0,1,1,0.0069,0.0041,0.0066,0.002,0.0,0.0,0.0,0.0341,0.0543
ged-opt14-strips-d-1-4,0,False,47,102,225,375,0,548,0,0,0,0,0,0,0,,0.0,1.0,1,1,0.0053,0.0005,0.0001,0.0013,0.0,0.0,0.0,0.0103,0.0179
ged-opt14-strips-d-1-8,0,False,151,630,1449,2239,0,3196,0,0,0,0,0,0,0,,0.0,1.0,1,1,0.0079,0.0072,0.0188,0.0026,0.0,0.0,0.0,0.0532,0.0903
ged-opt14-strips-d-2-1,0,False,47,102,225,375,0,548,0,0,0,0,0,0,0,,0.0,1.0,1,1,0.006,0.0005,0.0001,0.0011,0.0,0.0,0.0,0.0104,0.0186
ged-opt14-strips-d-2-3,0,False,89,310,705,1111,0,1596,0,0,0,0,0,0,0,,0.0,1.0,1,1,0.0065,0.0023,0.0023,0.0017,0.0,0.0,0.0,0.023,0.0364
ged-opt14-strips-d-2-4,0,False,64,192,432,694,0,1003,0,0,0,0,0,0,0,,0.0,1.0,1,1,0.0052,0.0012,0.0005,0.0014,0.0,0.0,0.0,0.0154,0.0241
ged-opt14-strips-d-2-8,0,False,230,1062,2457,3759,0,5348,0,0,0,0,0,0,0,,0.0,1.0,1,1,0.0123,0.0174,0.092,0.0039,0.0,0.0,0.0,0.0866,0.2129
ged-opt14-strips-d-3-1,0,False,118,456,1044,1626,0,2327,0,0,0,0,0,0,0,,0.0,1.0,1,1,0.0093,0.0042,0.0066,0.0022,0.0,0.0,0.0,0.0364,0.0593
ged-opt14-strips-d-3-2,0,False,89,310,705,1111,0,1596,0,0,0,0,0,0,0,,0.0,1.0,1,1,0.0059,0.0024,0.0023,0.002,0.0,0.0,0.0,0.0231,0.0363
ged-opt14-strips-d-3-4,0,False,150,630,1449,2239,0,3196,0,0,0,0,0,0,0,,0.0,1.0,1,1,0.0078,0.007,0.017,0.0027,0.0,0.0,0.0,0.0465,0.0817
ged-opt14-strips-d-4-2,0,False,64,192,432,694,0,1003,0,0,0,0,0,0,0,,0.0,1.0,1,1,0.0054,0.0012,0.0007,0.0017,0.0,0.0,0.0,0.0154,0.0249
ged-opt14-strips-d-4-3,0,False,150,630,1449,2239,0,3196,0,0,0,0,0,0,0,,0.0,1.0,1,1,0.0077,0.0071,0.0171,0.003,0.0,0.0,0.0,0.0486,0.0841
ged-opt14-strips-d-4-8,0,False,230,1062,2457,3759,0,5348,0,0,0,0,0,0,0,,0.0,1.0,1,1,0.013,0.0173,0.0911,0.0042,0.0,0.0,0.0,0.079,0.2052
ged-opt14-strips-d-7-5,0,False,151,630,1449,2239,0,3196,0,0,0,0,0,0,0,,0.0,1.0,1,1,0.0079,0.007,0.0158,0.0024,0.0,0.0,0.0,0.0525,0.0862
ged-opt14-strips-d-7-6,0,False,119,456,1044,1626,0,2327,0,0,0,0,0,0,0,,0.0,0.0,0,0,0.0065,0.0042,0.0002,0.0023,0.0,0.0,0.0,0.0186,0.0322
ged-opt14-strips-d-8-1,0,False,151,630,1449,2239,0,3196,0,0,0,0,0,0,0,,0.0,1.0,1,1,0.0084,0.007,0.0159,0.0025,0.0,0.0,0.0,0.0517,0.0862
ged-opt14-strips-d-8-2,0,False,230,1062,2457,3759,0,5348,0,0,0,0,0,0,0,,0.0,1.0,1,1,0.0127,0.0171,0.0899,0.0042,0.0,0.0,0.0,0.0769,0.2013
ged-opt14-strips-d-8-4,0,False,230,1062,2457,3759,0,5348,0,0,0,0,0,0,0,,0.0,1.0,1,1,0.0131,0.0174,0.0908,0.0039,0.0,0.0,0.0,0.0793,0.2053
ged-opt14-strips-d-8-9,0,False,228,1062,2457,3759,0,5348,0,0,0,0,0,0,0,,0.0,1.0,1,1,0.0127,0.0177,0.0789,0.0042,0.0,0.0,0.0,0.0786,0.1928
ged-sat14-strips-d-10-1,0,False,695,3910,9129,13759,0,19476,0,0,0,0,0,0,0,,0.0,1.0,1,1,0.0468,0.1928,5.4046,0.021,0.0,0.0,0.0,0.742,6.409
ged-sat14-strips-d-10-2,0,False,694,3910,9129,13759,0,19476,0,0,0,0,0,0,0,,0.0,1.0,1,1,0.0466,0.1908,5.4117,0.0212,0.0,0.0,0.0,0.7592,6.4312
ged-sat14-strips-d-10-3,0,False,769,4392,10260,15450,0,21863,0,0,0,0,0,0,0,,0.0,1.0,1,1,0.0529,0.2404,7.7365,0.0248,0.0,0.0,0.0,0.8066,8.8634
ged-sat14-strips-d-10-4,0,False,696,3910,9129,13759,0,19476,0,0,0,0,0,0,0,,0.0,1.0,1,1,0.045,0.1912,5.4038,0.0211,0.0,0.0,0.0,0.8019,6.4648
ged-sat14-strips-d-10-5,0,False,1024,6006,14049,21111,0,29852,0,0,0,0,0,0,0,,0.0,1.0,1,1,0.085,0.4377,20.2485,0.0418,0.0,0.0,0.0,1.3353,22.1505
ged-sat14-strips-d-10-6,0,False,1023,6006,14049,21111,0,29852,0,0,0,0,0,0,0,,0.0,1.0,1,1,0.0854,0.4332,20.2811,0.0418,0.0,0.0,0.0,1.202,22.0457
ged-sat14-strips-d-11-1,0,False,774,4392,10260,15450,0,21863,0,0,0,0,0,0,0,,0.0,1.0,1,1,0.0563,0.2406,7.7155,0.0253,0.0,0.0,0.0,0.9663,9.0059
ged-sat14-strips-d-11-3,0,False,772,4392,10260,15450,0,21863,0,0,0,0,0,0,0,,0.0,1.0,1,1,0.0542,0.2404,7.649,0.0254,0.0,0.0,0.0,0.8988,8.8698
ged-sat14-strips-d-11-5,0,False,937,5440,12720,19126,0,27051,0,0,0,0,0,0,0,,0.0,1.0,1,1,0.0731,0.3585,14.8972,0.0354,0.0,0.0,0.0,1.6127,16.9788
ged-sat14-strips-d-11-6,0,False,851,4902,11457,17239,0,24388,0,0,0,0,0,0,0,,0.0,1.0,1,1,0.0638,0.2968,10.3396,0.0295,0.0,0.0,0.0,1.1243,11.8556
ged-sat14-strips-d-12-11,0,False,854,4902,11457,17239,0,24388,0,0,0,0,0,0,0,,0.0,1.0,1,1,0.0622,0.2979,10.8356,0.0306,0.0,0.0,0.0,1.1131,12.3411
ged-sat14-strips-d-12-2,0,False,1217,7222,16905,25375,0,35868,0,0,0,0,0,0,0,,0.0,1.0,1,1,0.114,0.6136,36.0209,0.0551,0.0,0.0,0.0,2.3185,39.1251
ged-sat14-strips-d-12-3,0,False,1316,7872,18432,27654,0,39083,0,0,0,0,0,0,0,,0.0,1.0,1,1,0.1312,0.7265,45.6275,0.0645,0.0,0.0,0.0,3.1771,49.7298
ged-sat14-strips-d-12-5,0,False,1420,8550,20025,30031,0,42436,0,0,0,0,0,0,0,,0.0,1.0,1,1,0.1501,0.8608,58.8532,0.0737,0.0,0.0,0.0,3.8025,63.7438
ged-sat14-strips-d-12-6,0,False,1213,7222,16905,25375,0,35868,0,0,0,0,0,0,0,,0.0,1.0,1,1,0.1278,0.6219,34.5734,0.0558,0.0,0.0,0.0,2.1135,37.4957
ged-sat14-strips-d-12-7,0,False,1315,7872,18432,27654,0,39083,0,0,0,0,0,0,0,,0.0,1.0,1,1,0.1341,0.7371,46.2732,0.0634,0.0,0.0,0.0,3.1075,50.3183
ged-sat14-strips-d-12-8,0,False,1530,9256,21684,32506,0,45927,0,0,0,0,0,0,0,,0.0,1.0,1,1,0.1729,0.9923,75.1005,0.0935,0.0,0.0,0.0,4.2962,80.6591
ged-sat14-strips-d-12-9,0,False,1528,9256,21684,32506,0,45927,0,0,0,0,0,0,0,,0.0,1.0,1,1,0.1719,0.9959,74.2274,0.0935,0.0,0.0,0.0,3.9563,79.4487
ged-sat14-strips-d-3-6,0,False,775,4392,10260,15450,0,21863,0,0,0,0,0,0,0,,0.0,1.0,1,1,0.0537,0.2426,7.8028,0.0257,0.0,0.0,0.0,0.8305,8.9573
ged-sat14-strips-d-9-5,0,False,856,4902,11457,17239,0,24388,0,0,0,0,0,0,0,,0.0,1.0,1,1,0.0626,0.2979,10.6517,0.03,0.0,0.0,0.0,1.3226,12.3664
grid-prob01,0,True,42,105,109,265,0,289,0,2,0,0,2,0,0,,0.0,10.0,10,10,0.017,0.007,0.0001,0.001,0.0,0.0,0.0,0.006,0.0318
grid-prob02,0,True,63,204,212,490,0,506,0,78,0,0,79,0,0,,0.0,20.0,23,20,0.0291,0.0211,0.0003,0.0012,0.0,0.006,0.0,0.0474,0.0998
grid-prob03,0,True,95,240,248,602,0,666,0,69,0,0,69,0,0,,0.0,26.0,26,26,0.0677,0.0515,0.0006,0.0015,0.0,0.007,0.0,0.0417,0.1636
grid-prob04,0,True,105,419,439,977,0,948,0,207,0,0,208,0,126,,0.0,23.0,26,23,0.0917,0.0692,0.0008,0.002,0.0,0.0334,0.0,0.1174,0.2823
grid-prob05,0,True,158,447,457,1096,0,1220,0,534,0,0,632,0,1050,,0.0,50.0,52,50,0.1635,0.2091,0.0021,0.002,0.0,0.1477,0.0,0.6293,1.0075
gripper-prob01,0,True,8,16,25,59,0,54,0,0,0,0,0,0,0,,0.0,9.0,9,9,0.0044,0.0001,0.0,0.0014,0.0,0.0,0.0,0.0033,0.0097
gripper-prob02,0,True,12,24,37,87,0,80,0,0,0,0,0,0,0,,0.0,13.0,13,13,0.0044,0.0001,0.0,0.0013,0.0,0.0,0.0,0.0036,0.0099
gripper-prob03,0,True,16,32,49,115,0,106,0,0,0,0,0,0,0,,0.0,17.0,17,17,0.0047,0.0002,0.0001,0.0009,0.0,0.0,0.0,0.0037,0.01
gripper-prob04,0,True,20,40,61,143,0,132,0,0,0,0,0,0,0,,0.0,21.0,21,21,0.0047,0.0002,0.0001,0.0011,0.0,0.0,0.0,0.004,0.0106
gripper-prob05,0,True,24,48,73,171,0,158,0,0,0,0,0,0,0,,0.0,25.0,25,25,0.0121,0.0003,0.0001,0.001,0.0,0.0,0.0,0.0043,0.0182
gripper-prob06,0,True,28,56,85,199,0,184,0,0,0,0,0,0,0,,0.0,29.0,29,29,0.0056,0.0004,0.0002,0.0014,0.0,0.0,0.0,0.0045,0.0124
gripper-prob07,0,True,32,64,97,227,0,210,0,0,0,0,0,0,0,,0.0,33.0,33,33,0.0049,0.0005,0.0002,0.0013,0.0,0.0,0.0,0.0046,0.0118
gripper-prob08,0,True,36,72,109,255,0,236,0,0,0,0,0,0,0,,0.0,37.0,37,37,0.0048,0.0006,0.0003,0.001,0.0,0.0,0.0,0.005,0.0121
gripper-prob09,0,True,40,80,121,283,0,262,0,0,0,0,0,0,0,,0.0,41.0,41,41,0.0055,0.0007,0.0003,0.0012,0.0,0.0,0.0,0.0052,0.0133
gripper-prob10,0,True,44,88,133,311,0,288,0,0,0,0,0,0,0,,0.0,45.0,45,45,0.012,0.0008,0.0004,0.0013,0.0,0.0,0.0,0.0053,0.0207
gripper-prob11,0,True,48,96,145,339,0,314,0,0,0,0,0,0,0,,0.0,49.0,49,49,0.0056,0.0009,0.0005,0.0014,0.0,0.0,0.0,0.0056,0.0153
gripper-prob12,0,True,52,104,157,367,0,340,0,0,0,0,0,0,0,,0.0,53.0,53,53,0.0059,0.001,0.0007,0.0014,0.0,0.0,0.0,0.0057,0.0151
gripper-prob13,0,True,56,112,169,395,0,366,0,0,0,0,0,0,0,,0.0,57.0,57,57,0.0059,0.0012,0.0007,0.0015,0.0,0.0,0.0,0.0059,0.0157
gripper-prob14,0,True,60,120,181,423,0,392,0,0,0,0,0,0,0,,0.0,61.0,61,61,0.0072,0.0013,0.0009,0.0014,0.0,0.0,0.0,0.0061,0.0174
gripper-prob15,0,True,64,128,193,451,0,418,0,0,0,0,0,0,0,,0.0,65.0,65,65,0.0063,0.0015,0.001,0.0013,0.0,0.0,0.0,0.0064,0.017
gripper-prob16,0,True,68,136,205,479,0,444,0,0,0,0,0,0,0,,0.0,69.0,69,69,0.0072,0.0017,0.0012,0.0012,0.0,0.0,0.0,0.0065,0.0182
gripper-prob17,0,True,72,144,217,507,0,470,0,0,0,0,0,0,0,,0.0,73.0,73,73,0.0083,0.0018,0.0013,0.0013,0.0,0.0,0.0,0.0068,0.02
gripper-prob18,0,True,76,152,229,535,0,496,0,0,0,0,0,0,0,,0.0,77.0,77,77,0.0085,0.002,0.0015,0.0016,0.0,0.0,0.0,0.007,0.0211
gripper-prob19,0,True,80,160,241,563,0,522,0,0,0,0,0,0,0,,0.0,81.0,81,81,0.0089,0.0022,0.0017,0.0014,0.0,0.0,0.0,0.0073,0.0219
gripper-prob20,0,True,84,168,253,591,0,548,0,0,0,0,0,0,0,,0.0,85.0,85,85,0.0104,0.0024,0.002,0.0015,0.0,0.0,0.0,0.0074,0.0242
hiking-agl14-strips-testing-3-4-3,0,True,17,381,1497,1913,0,1671,0,0,0,0,1,0,0,,0.0,9.0,10,9,0.0238,0.0094,0.0009,0.002,0.0,0.0,0.0,0.0447,0.0817
hiking-agl14-strips-testing-3-4-4,0,True,24,570,2244,2865,0,2517,0,0,0,0,5,0,0,,0.0,13.0,15,13,0.0375,0.0303,0.0024,0.0021,0.0,0.0002,0.0,0.1347,0.2079
hiking-agl14-strips-testing-3-4-5,0,True,31,759,2991,3817,0,3363,0,0,0,0,6,0,0,,0.0,17.0,20,17,0.0605,0.0732,0.005,0.0241,0.0,0.0003,0.0,0.2157,0.3801
hiking-agl14-strips-testing-3-4-6,0,True,38,948,3738,4769,0,4219,0,0,0,0,5,0,0,,0.0,21.0,25,21,0.3642,0.1325,0.0053,0.0038,0.0,0.0003,0.0,0.3641,0.8719
hiking-agl14-strips-testing-3-4-7,0,True,45,1137,4485,5721,0,5055,0,0,0,0,2,0,0,,0.0,25.0,30,25,0.1294,0.2862,0.0138,0.004,0.0,0.0001,0.0,0.1983,0.6343
hiking-agl14-strips-testing-3-4-8,0,True,52,1326,5232,6673,0,5901,0,0,0,0,1,0,0,,0.0,29.0,35,29,0.1439,0.4886,0.0205,0.0046,0.0,0.0001,0.0,0.1978,0.8585
hiking-agl14-strips-testing-3-4-9,0,True,59,1515,5979,7625,0,6763,0,0,0,0,1,0,0,,0.0,33.0,40,33,0.1914,0.6663,0.0182,0.0054,0.0,0.0001,0.0,0.2115,1.0971
hiking-agl14-strips-testing-4-5-3,0,True,22,1156,4580,5782,0,4862,0,0,0,0,1,0,0,,0.0,11.0,12,11,0.047,0.0451,0.0037,0.0033,0.0,0.0001,0.0,0.1537,0.2543
hiking-agl14-strips-testing-4-5-4,0,True,31,1732,6868,8667,0,7301,0,0,0,0,1,0,0,,0.0,16.0,18,16,0.0874,0.1839,0.0157,0.0052,0.0,0.0001,0.0,0.2382,0.5328
hiking-agl14-strips-testing-4-5-5,0,True,40,2308,9156,11552,0,9744,0,0,0,0,1,0,0,,0.0,21.0,24,21,0.1653,0.4908,0.0299,0.0065,0.0,0.0001,0.0,0.2784,0.9746
hiking-agl14-strips-testing-4-5-6,0,True,49,2884,11444,14437,0,12197,0,0,0,0,2,0,0,,0.0,26.0,30,26,0.2037,0.867,0.0353,0.0097,0.0,0.0002,0.0,0.4019,1.5243
hiking-agl14-strips-testing-4-5-7,0,True,58,3460,13732,17322,0,14642,0,0,0,0,1,0,0,,0.0,31.0,36,31,0.304,1.6513,0.055,0.011,0.0,0.0001,0.0,0.4373,2.4665
hiking-agl14-strips-testing-4-5-8,0,True,67,4036,16020,20207,0,17073,0,0,0,0,1,0,0,,0.0,36.0,42,36,0.4125,3.6478,0.1246,0.0128,0.0,0.0001,0.0,0.5025,4.711
hiking-agl14-strips-testing-4-5-9,0,True,76,4612,18308,23092,0,19516,0,0,0,0,2,0,0,,0.0,41.0,48,41,0.5256,6.1026,0.1966,0.0142,0.0,0.0003,0.0,0.6518,7.5036
hiking-agl14-strips-testing-5-6-3,0,True,27,2755,10955,13767,0,11365,0,0,0,0,1,0,0,,0.0,13.0,14,13,0.1011,0.1861,0.0179,0.0075,0.0,0.0001,0.0,0.3435,0.6589
hiking-agl14-strips-testing-5-6-4,0,True,38,4130,16430,20643,0,17065,0,0,0,0,1,0,0,,0.0,19.0,21,19,0.1858,0.7137,0.0524,0.0117,0.0,0.0001,0.0,0.4664,1.435
hiking-agl14-strips-testing-5-6-5,0,True,49,5505,21905,27519,0,22757,0,0,0,0,1,0,0,,0.0,25.0,28,25,0.3493,2.4161,0.1366,0.0158,0.0,0.0002,0.0,0.4887,3.4154
hiking-agl14-strips-testing-5-6-6,0,True,60,6880,27380,34395,0,28475,0,0,0,0,1,0,0,,0.0,31.0,35,31,0.518,3.8882,0.1243,0.0225,0.0,0.0002,0.0,0.8278,5.3934
hiking-agl14-strips-testing-5-6-7,0,True,71,8255,32855,41271,0,34189,0,0,0,0,1,0,0,,0.0,37.0,42,37,0.7356,8.5663,0.1083,0.0286,0.0,0.0002,0.0,0.8895,10.3456
hiking-agl14-strips-testing-5-6-8,0,True,82,9630,38330,48147,0,39851,0,0,0,0,1,0,0,,0.0,43.0,49,43,0.9991,18.8525,0.5185,0.034,0.0,0.0003,0.0,0.7796,21.2083
hiking-opt14-strips-ptesting-1-2-3,0,True,4,9,35,59,0,73,0,0,0,0,1,0,0,,0.0,5.0,6,5,0.0069,0.0002,0.0,0.0014,0.0,0.0,0.0,0.005,0.0139
hiking-opt14-strips-ptesting-1-2-4,0,True,6,7,34,63,0,89,0,0,0,0,0,0,0,,0.0,7.0,7,7,0.0085,0.0003,0.0,0.0013,0.0,0.0,0.0,0.0034,0.014
hiking-opt14-strips-ptesting-1-2-5,0,True,8,17,69,115,0,153,0,0,0,0,0,0,0,,0.0,9.0,9,9,0.0087,0.0005,0.0,0.0013,0.0,0.0,0.0,0.0038,0.0151
hiking-opt14-strips-ptesting-1-2-7,0,True,12,13,67,123,0,185,0,0,0,0,0,0,0,,0.0,13.0,13,13,0.0109,0.0014,0.0001,0.0013,0.0,0.0,0.0,0.0037,0.0177
hiking-opt14-strips-ptesting-1-2-8,0,True,14,15,78,143,0,217,0,0,0,0,0,0,0,,0.0,15.0,15,15,0.0111,0.002,0.0001,0.0011,0.0,0.0,0.0,0.0038,0.0185
hiking-opt14-strips-ptesting-2-2-3,0,True,10,58,218,298,0,306,0,0,0,0,1,0,0,,0.0,7.0,8,7,0.0088,0.001,0.0001,0.0013,0.0,0.0,0.0,0.0098,0.0215
hiking-opt14-strips-ptesting-2-2-4,0,True,14,86,326,444,0,466,0,0,0,0,3,0,0,,0.0,10.0,12,10,0.0117,0.0027,0.0002,0.0024,0.0,0.0001,0.0,0.0147,0.0322
hiking-opt14-strips-ptesting-2-2-5,0,True,18,114,434,590,0,626,0,0,0,0,1,0,0,,0.0,13.0,16,13,0.0162,0.0057,0.0004,0.0015,0.0,0.0,0.0,0.0118,0.0361
hiking-opt14-strips-ptesting-2-2-6,0,True,22,202,722,976,0,976,0,0,0,0,2,0,0,,0.0,16.0,20,16,0.0368,0.0085,0.0005,0.0016,0.0,0.0001,0.0,0.0194,0.0676
hiking-opt14-strips-ptesting-2-2-7,0,True,26,170,650,882,0,946,0,0,0,0,6,0,0,,0.0,19.0,24,19,0.0251,0.019,0.0009,0.0014,0.0,0.0002,0.0,0.0369,0.0841
hiking-opt14-strips-ptesting-2-2-8,0,True,30,282,1010,1364,0,1372,0,0,0,0,2,0,0,,0.0,22.0,28,22,0.0447,0.0236,0.0012,0.0016,0.0,0.0001,0.0,0.0325,0.1045
hiking-opt14-strips-ptesting-2-3-4,0,True,17,122,470,627,0,619,0,0,0,0,1,0,0,,0.0,10.0,12,10,0.0194,0.0039,0.0003,0.0016,0.0,0.0,0.0,0.013,0.0387
hiking-opt14-strips-ptesting-2-3-5,0,True,22,234,842,1122,0,1054,0,0,0,0,2,0,0,,0.0,13.0,16,13,0.0187,0.0086,0.0005,0.0014,0.0,0.0001,0.0,0.028,0.0579
hiking-opt14-strips-ptesting-2-3-6,0,True,27,202,782,1041,0,1031,0,0,0,0,3,0,0,,0.0,16.0,20,16,0.0239,0.0204,0.001,0.0017,0.0,0.0001,0.0,0.0394,0.0872
hiking-opt14-strips-ptesting-2-3-7,0,True,32,242,938,1248,0,1252,0,0,0,0,2,0,0,,0.0,19.0,24,19,0.0281,0.0259,0.0013,0.002,0.0,0.0001,0.0,0.025,0.0831
hiking-opt14-strips-ptesting-2-4-3,0,True,14,106,410,542,0,502,0,0,0,0,1,0,0,,0.0,7.0,8,7,0.0124,0.0023,0.0002,0.0014,0.0,0.0,0.0,0.0138,0.0307
hiking-opt14-strips-ptesting-2-4-4,0,True,20,158,614,810,0,769,0,0,0,0,1,0,0,,0.0,10.0,12,10,0.0147,0.0056,0.0004,0.0017,0.0,0.0,0.0,0.017,0.0399
hiking-opt14-strips-ptesting-2-4-5,0,True,26,210,818,1078,0,1030,0,0,0,0,5,0,0,,0.0,13.0,16,13,0.0291,0.0126,0.0007,0.0014,0.0,0.0001,0.0,0.0441,0.0887
hiking-opt14-strips-ptesting-2-4-6,0,True,32,382,1382,1826,0,1666,0,0,0,0,4,0,0,,0.0,16.0,20,16,0.0264,0.0244,0.0011,0.0018,0.0,0.0001,0.0,0.0741,0.1286
hiking-opt14-strips-ptesting-2-4-7,0,True,38,314,1226,1614,0,1534,0,0,0,0,6,0,0,,0.0,19.0,24,19,0.0372,0.0564,0.002,0.0019,0.0,0.0002,0.0,0.0657,0.1644
hiking-sat14-strips-ptesting-1-2-7,0,True,12,13,67,123,0,185,0,0,0,0,0,0,0,,0.0,13.0,13,13,0.0073,0.0013,0.0001,0.0013,0.0,0.0,0.0,0.0037,0.0141
hiking-sat14-strips-ptesting-1-2-8,0,True,14,15,78,143,0,217,0,0,0,0,0,0,0,,0.0,15.0,15,15,0.0078,0.002,0.0001,0.0012,0.0,0.0,0.0,0.0037,0.0152
hiking-sat14-strips-ptesting-2-2-6,0,True,22,202,722,976,0,976,0,0,0,0,2,0,0,,0.0,16.0,20,16,0.0166,0.0085,0.0005,0.0013,0.0,0.0001,0.0,0.0191,0.0468
hiking-sat14-strips-ptesting-2-2-7,0,True,26,170,650,882,0,946,0,0,0,0,6,0,0,,0.0,19.0,24,19,0.2506,0.019,0.001,0.0017,0.0,0.0002,0.0,0.0367,0.3097
hiking-sat14-strips-ptesting-2-2-8,0,True,30,282,1010,1364,0,1372,0,0,0,0,2,0,0,,0.0,22.0,28,22,0.0247,0.0237,0.0012,0.002,0.0,0.0001,0.0,0.0326,0.085
hiking-sat14-strips-ptesting-2-3-6,0,True,27,202,782,1041,0,1031,0,0,0,0,3,0,0,,0.0,16.0,20,16,0.0242,0.0204,0.001,0.0016,0.0,0.0001,0.0,0.0395,0.0875
hiking-sat14-strips-ptesting-2-3-7,0,True,32,242,938,1248,0,1252,0,0,0,0,2,0,0,,0.0,19.0,24,19,0.0285,0.0258,0.0013,0.0017,0.0,0.0001,0.0,0.0249,0.083
hiking-sat14-strips-ptesting-2-3-8,0,True,37,282,1094,1455,0,1463,0,0,0,0,1,0,0,,0.0,22.0,28,22,0.0365,0.0408,0.0018,0.0015,0.0,0.0001,0.0,0.0274,0.1092
hiking-sat14-strips-ptesting-2-4-5,0,True,26,210,818,1078,0,1030,0,0,0,0,5,0,0,,0.0,13.0,16,13,0.2892,0.012,0.0007,0.0016,0.0,0.0001,0.0,0.0444,0.3485
hiking-sat14-strips-ptesting-2-4-6,0,True,32,382,1382,1826,0,1666,0,0,0,0,4,0,0,,0.0,16.0,20,16,0.0257,0.0246,0.0011,0.0019,0.0,0.0001,0.0,0.0741,0.1282
hiking-sat14-strips-ptesting-2-4-7,0,True,38,314,1226,1614,0,1534,0,0,0,0,6,0,0,,0.0,19.0,24,19,0.0367,0.0555,0.002,0.0016,0.0,0.0002,0.0,0.0665,0.1635
hiking-sat14-strips-ptesting-2-4-8,0,True,44,366,1430,1882,0,1813,0,0,0,0,7,0,0,,0.0,22.0,28,22,0.0469,0.0646,0.0026,0.0021,0.0,0.0003,0.0,0.0987,0.2162
hiking-sat14-strips-ptesting-3-3-5,0,True,27,579,2271,2913,0,2639,0,0,0,0,6,0,0,,0.0,17.0,20,17,0.0374,0.0431,0.0021,0.0024,0.0,0.0003,0.0,0.1719,0.2582
hiking-sat14-strips-ptesting-3-3-6,0,True,33,948,3513,4539,0,3984,0,0,0,0,7,0,0,,0.0,21.0,25,21,0.0585,0.0979,0.0038,0.0033,0.0,0.0004,0.0,0.2816,0.4466
hiking-sat14-strips-ptesting-3-3-7,0,True,39,1137,4215,5445,0,4785,0,0,0,0,1,0,0,,0.0,25.0,30,25,0.0753,0.1814,0.0061,0.0038,0.0,0.0001,0.0,0.1781,0.4469
hiking-sat14-strips-ptesting-3-3-8,0,True,45,1011,3972,5091,0,4634,0,0,0,0,2,0,0,,0.0,29.0,35,29,0.1003,0.2568,0.0086,0.0036,0.0,0.0001,0.0,0.198,0.57
hiking-sat14-strips-ptesting-3-4-5,0,True,31,759,2991,3817,0,3363,0,0,0,0,4,0,0,,0.0,17.0,20,17,0.051,0.0732,0.005,0.0029,0.0,0.0002,0.0,0.2035,0.3371
hiking-sat14-strips-ptesting-3-4-6,0,True,38,948,3738,4769,0,4219,0,0,0,0,1,0,0,,0.0,21.0,25,21,0.0725,0.1328,0.0054,0.0036,0.0,0.0001,0.0,0.1567,0.3731
hiking-sat14-strips-ptesting-3-4-7,0,True,45,1137,4485,5721,0,5067,0,0,0,0,2,0,0,,0.0,25.0,30,25,0.1037,0.2453,0.0086,0.0039,0.0,0.0001,0.0,0.2141,0.5782
hiking-sat14-strips-ptesting-3-4-8,0,True,52,1326,5232,6673,0,5901,0,0,0,0,1,0,0,,0.0,29.0,35,29,0.1381,0.4883,0.0198,0.0047,0.0,0.0001,0.0,0.2023,0.8565
logistics00-probLOGISTICS-10-0,0,True,0,33,41,123,0,128,0,0,0,0,1,0,0,,0.0,41.0,41,41,0.0025,0.0005,0.0001,0.0024,0.0,0.0,0.0,0.0014,0.0072
logistics00-probLOGISTICS-10-1,0,True,0,33,39,117,0,122,0,0,0,0,1,0,0,,0.0,39.0,39,39,0.0063,0.0004,0.0001,0.0013,0.0,0.0,0.0,0.0014,0.0099
logistics00-probLOGISTICS-11-0,0,True,0,37,45,135,0,144,0,0,0,0,1,0,0,,0.0,45.0,45,45,0.0052,0.0006,0.0001,0.0013,0.0,0.0,0.0,0.0014,0.009
logistics00-probLOGISTICS-11-1,0,True,0,46,55,165,0,178,0,0,0,0,1,0,0,,0.0,55.0,55,55,0.006,0.0006,0.0001,0.001,0.0,0.0,0.0,0.0014,0.0095
logistics00-probLOGISTICS-12-0,0,True,0,33,39,117,0,121,0,0,0,0,1,0,0,,0.0,39.0,39,39,0.0062,0.0005,0.0001,0.001,0.0,0.0,0.0,0.0013,0.0095
logistics00-probLOGISTICS-12-1,0,True,0,52,63,189,0,201,0,0,0,0,1,0,0,,0.0,63.0,63,63,0.0056,0.0007,0.0002,0.0009,0.0,0.0,0.0,0.0014,0.0092
logistics00-probLOGISTICS-13-0,0,True,63,220,231,577,0,712,0,3,0,0,3,0,0,,0.0,67.0,67,67,0.0068,0.0021,0.0008,0.0011,0.0,0.0002,0.0,0.0106,0.0218
logistics00-probLOGISTICS-13-1,0,True,53,183,193,483,0,592,0,3,0,0,3,0,0,,0.0,57.0,57,57,0.0064,0.0018,0.0005,0.0013,0.0,0.0002,0.0,0.0092,0.0196
logistics00-probLOGISTICS-14-0,0,True,48,162,171,433,0,524,0,7,0,0,7,0,0,,0.0,55.0,55,55,0.0069,0.0019,0.0005,0.0015,0.0,0.0003,0.0,0.0092,0.0205
logistics00-probLOGISTICS-14-1,0,True,63,216,227,569,0,701,0,1,0,0,1,0,0,,0.0,67.0,67,67,0.0078,0.0022,0.0008,0.0014,0.0,0.0001,0.0,0.01,0.0226
logistics00-probLOGISTICS-15-0,0,True,68,233,243,609,0,751,0,1,0,0,1,0,0,,0.0,71.0,71,71,0.0076,0.0026,0.0009,0.0014,0.0,0.0001,0.0,0.0107,0.0237
logistics00-probLOGISTICS-15-1,0,True,63,219,227,565,0,697,0,10,0,0,10,0,0,,0.0,63.0,63,63,0.0073,0.0023,0.0007,0.0013,0.0,0.0007,0.0,0.0124,0.0245
logistics00-probLOGISTICS-4-0,0,True,0,14,19,57,0,58,0,0,0,0,1,0,0,,0.0,19.0,19,19,0.0037,0.0001,0.0,0.0009,0.0,0.0,0.0,0.0013,0.0064
logistics00-probLOGISTICS-4-1,0,True,0,13,17,51,0,51,0,0,0,0,1,0,0,,0.0,17.0,17,17,0.0046,0.0001,0.0,0.0011,0.0,0.0,0.0,0.0013,0.0076
logistics00-probLOGISTICS-4-2,0,True,0,9,13,39,0,39,0,0,0,0,1,0,0,,0.0,13.0,13,13,0.0048,0.0001,0.0,0.0012,0.0,0.0,0.0,0.0013,0.0078
logistics00-probLOGISTICS-5-0,0,True,0,20,25,75,0,78,0,0,0,0,1,0,0,,0.0,25.0,25,25,0.0053,0.0003,0.0,0.0012,0.0,0.0,0.0,0.0014,0.0086
logistics00-probLOGISTICS-5-1,0,True,0,11,15,45,0,44,0,0,0,0,1,0,0,,0.0,15.0,15,15,0.0049,0.0001,0.0,0.001,0.0,0.0,0.0,0.0013,0.0077
logistics00-probLOGISTICS-5-2,0,True,0,6,8,24,0,22,0,0,0,0,1,0,0,,0.0,8.0,8,8,0.0044,0.0001,0.0,0.0009,0.0,0.0,0.0,0.0014,0.0072
logistics00-probLOGISTICS-6-0,0,True,0,19,23,69,0,71,0,0,0,0,1,0,0,,0.0,23.0,23,23,0.0047,0.0001,0.0,0.001,0.0,0.0,0.0,0.0013,0.0076
logistics00-probLOGISTICS-6-1,0,True,0,9,13,39,0,38,0,0,0,0,1,0,0,,0.0,13.0,13,13,0.0054,0.0001,0.0,0.0025,0.0,0.0,0.0,0.0014,0.0099
logistics00-probLOGISTICS-6-2,0,True,0,19,23,69,0,71,0,0,0,0,1,0,0,,0.0,23.0,23,23,0.0043,0.0001,0.0,0.0011,0.0,0.0,0.0,0.0014,0.0074
logistics00-probLOGISTICS-6-9,0,True,0,16,21,63,0,65,0,0,0,0,1,0,0,,0.0,21.0,21,21,0.0045,0.0001,0.0,0.001,0.0,0.0,0.0,0.0013,0.0074
logistics00-probLOGISTICS-7-0,0,True,0,28,33,99,0,103,0,0,0,0,1,0,0,,0.0,33.0,33,33,0.0055,0.0002,0.0001,0.0012,0.0,0.0,0.0,0.0013,0.0088
logistics00-probLOGISTICS-7-1,0,True,0,33,39,117,0,124,0,0,0,0,1,0,0,,0.0,39.0,39,39,0.0048,0.0003,0.0001,0.0012,0.0,0.0,0.0,0.0014,0.0081
logistics00-probLOGISTICS-8-0,0,True,0,24,29,87,0,89,0,0,0,0,1,0,0,,0.0,29.0,29,29,0.0048,0.0002,0.0,0.0011,0.0,0.0,0.0,0.0013,0.0079
logistics00-probLOGISTICS-8-1,0,True,0,34,41,123,0,129,0,0,0,0,1,0,0,,0.0,41.0,41,41,0.0052,0.0003,0.0001,0.0009,0.0,0.0,0.0,0.0014,0.0083
logistics00-probLOGISTICS-9-0,0,True,0,27,33,99,0,104,0,0,0,0,1,0,0,,0.0,33.0,33,33,0.0049,0.0003,0.0001,0.0012,0.0,0.0,0.0,0.0013,0.0081
logistics00-probLOGISTICS-9-1,0,True,0,24,29,87,0,89,0,0,0,0,1,0,0,,0.0,29.0,29,29,0.0052,0.0003,0.0,0.001,0.0,0.0,0.0,0.0014,0.0082
logistics98-prob01,0,True,40,118,121,298,0,364,0,0,0,0,0,0,0,,0.0,24.0,24,24,0.0067,0.0008,0.0002,0.0014,0.0,0.0,0.0,0.0068,0.0163
logistics98-prob02,0,True,96,395,401,915,0,1178,0,10,0,0,10,0,0,,0.0,28.0,28,28,0.0101,0.0033,0.0006,0.0017,0.0,0.0014,0.0,0.0493,0.0655
logistics98-prob03,0,True,151,718,721,1630,0,2155,0,57,0,0,57,0,0,,0.0,50.0,50,50,0.019,0.011,0.003,0.0019,0.0,0.0281,0.0,0.1168,0.1524
logistics98-prob04,0,True,225,1038,1041,2337,0,3067,0,73,0,0,73,0,23,,0.0,53.0,53,53,0.0275,0.0225,0.0044,0.0033,0.0,0.0611,0.0,0.1993,0.2578
logistics98-prob05,0,True,11,31,32,93,0,86,0,1,0,0,1,0,0,,0.0,22.0,22,22,0.0054,0.0006,0.0001,0.0011,0.0,0.0,0.0,0.0036,0.0113
logistics98-prob06,0,True,231,710,712,1689,0,2156,0,80,0,0,80,0,0,,0.0,65.0,65,65,0.0415,0.0306,0.0047,0.0024,0.0,0.0649,0.0,0.1124,0.1925
logistics98-prob07,0,True,150,781,788,1744,0,2301,0,20,0,0,20,0,0,,0.0,29.0,29,29,0.0134,0.0079,0.0013,0.002,0.0,0.0109,0.0,0.1037,0.129
logistics98-prob08,0,True,233,1067,1069,2389,0,3189,0,62,0,0,62,0,60,,0.0,37.0,37,37,0.0316,0.0274,0.0034,0.0027,0.0,0.0679,0.0,0.2199,0.2857
logistics98-prob09,0,True,372,1372,1375,3155,0,4028,0,101,0,0,101,0,0,,0.0,75.0,75,75,0.0776,0.0662,0.0135,0.0038,0.0,0.2439,0.0,0.2885,0.4506
logistics98-prob10,0,True,463,2749,2769,6063,0,8463,0,168,0,0,168,0,74,,0.0,93.0,93,93,0.0816,0.0912,0.0185,0.0073,0.0,1.3591,0.0,1.6403,1.84
logistics98-prob11,0,True,133,351,351,845,0,931,0,82,0,0,82,0,0,,0.0,27.0,27,27,0.026,0.0056,0.001,0.0017,0.0,0.0152,0.0,0.1447,0.1796
logistics98-prob12,0,True,490,2687,2688,5880,0,7846,0,77,0,0,77,0,0,,0.0,37.0,37,37,0.1276,0.1395,0.0124,0.0069,0.0,0.4513,0.0,0.5191,0.8071
logistics98-prob13,0,True,551,4372,4377,9351,0,12999,0,231,0,0,234,0,28,,0.0,65.0,66,65,0.1764,0.2036,0.0322,0.0104,0.0,4.0116,0.0,2.5951,3.02
logistics98-prob14,0,True,441,2778,2780,6035,0,8156,0,266,0,0,266,0,87,,0.0,80.0,80,80,0.1062,0.101,0.0203,0.0066,0.0,2.0271,0.0,1.8434,2.0786
logistics98-prob15,0,True,182,663,667,1571,0,1947,0,90,0,0,90,0,21,,0.0,82.0,82,82,0.0146,0.0102,0.0045,0.0023,0.0,0.0413,0.0,0.1153,0.1476
logistics98-prob16,0,True,411,2287,2287,5005,0,6622,0,298,0,0,298,0,47,,0.0,52.0,52,52,0.0545,0.0622,0.0126,0.0055,0.0,1.7252,0.0,1.4323,1.5681
logistics98-prob17,0,True,270,792,792,1870,0,2137,0,237,0,0,237,0,2441,,0.0,42.0,42,42,0.0235,0.0185,0.0049,0.0027,0.0,0.199,0.0,1.2956,1.3462
logistics98-prob18,0,True,1058,11828,11842,24854,0,35575,0,554,0,0,554,0,3067,,0.0,152.0,152,152,0.5443,0.7057,0.1963,0.0403,0.0,68.0551,0.0,304.0225,305.5131
logistics98-prob19,0,True,869,4452,4452,9821,0,13071,0,364,0,0,364,0,3763,,0.0,130.0,130,130,0.2612,0.2929,0.0848,0.0143,0.0,11.0622,0.0,9.999,10.6549
logistics98-prob20,0,True,826,6663,6672,14258,0,19729,0,244,0,0,245,0,3405,,0.0,128.0,129,128,0.5663,0.5125,0.106,0.0193,0.0,9.9429,0.0,48.2094,49.4164
logistics98-prob21,0,True,827,4698,4700,10264,0,13760,0,334,0,0,334,0,62,,0.0,95.0,95,95,0.3227,0.3557,0.0682,0.014,0.0,8.8763,0.0,5.2316,5.9947
logistics98-prob22,0,True,1762,13325,13331,28539,0,40391,0,765,0,0,770,0,1305,,0.0,252.0,255,252,2.1292,2.0655,0.5395,0.0671,0.0,220.9293,0.0,307.4765,312.2826
logistics98-prob23,0,True,324,1311,1313,2995,0,3888,0,85,0,0,85,0,0,,0.0,99.0,99,99,0.0427,0.0398,0.0128,0.004,0.0,0.1163,0.0,0.2419,0.3421
logistics98-prob24,0,True,665,2170,2170,5017,0,6055,0,153,0,0,153,0,667,,0.0,39.0,39,39,0.1472,0.1895,0.0209,0.0071,0.0,1.0906,0.0,1.339,1.7054
logistics98-prob25,0,True,1301,12993,13008,27450,0,38703,0,315,0,0,315,0,2548,,0.0,177.0,177,177,2.1706,1.8653,0.4373,0.0517,0.0,66.1272,0.0,152.5271,157.057
logistics98-prob26,0,True,1642,5998,6010,13738,0,19193,0,306,0,0,311,0,0,,0.0,175.0,177,175,1.0762,1.077,0.2897,0.0317,0.0,31.5693,0.0,12.9644,15.4422
logistics98-prob27,0,True,1001,5386,5393,11853,0,16010,0,330,0,0,331,0,3544,,0.0,135.0,136,135,0.8581,0.7295,0.1346,0.0188,0.0,12.5948,0.0,15.3475,17.0914
logistics98-prob28,0,True,3078,14227,14228,31620,0,42209,0,1021,0,0,1024,0,2479,,0.0,243.0,245,243,11.1476,10.6972,1.6613,0.1248,0.0,793.1731,0.0,372.8857,396.5267
logistics98-prob29,2,True,1953,23446,23462,49036,0,70663,0,480,0,0,481,0,569,,0.0,265.25,282,281,2.012,2.4004,0.8465,0.12,0.0,314.374,0.0,894.6468,900.0348
logistics98-prob30,0,True,1421,4875,4875,11210,0,14269,0,439,0,0,439,0,331,,0.0,124.0,124,124,1.83,1.7023,0.2113,0.0236,0.0,26.5576,0.0,11.7437,15.515
logistics98-prob31,0,True,13,32,34,90,0,94,0,3,0,0,3,0,0,,0.0,12.0,12,12,0.0054,0.0002,0.0,0.0011,0.0,0.0,0.0,0.004,0.0113
logistics98-prob32,0,True,12,32,32,88,0,90,0,4,0,0,4,0,0,,0.0,18.0,18,18,0.0051,0.0002,0.0,0.0012,0.0,0.0,0.0,0.0039,0.0108
logistics98-prob33,0,True,22,51,51,141,0,138,0,2,0,0,2,0,0,,0.0,25.0,25,25,0.0052,0.0005,0.0001,0.001,0.0,0.0,0.0,0.0043,0.0115
logistics98-prob34,0,True,99,244,244,602,0,694,0,25,0,0,25,0,0,,0.0,42.0,42,42,0.0077,0.0026,0.0008,0.0014,0.0,0.0026,0.0,0.0305,0.0434
logistics98-prob35,0,True,19,56,56,156,0,151,0,3,0,0,3,0,0,,0.0,29.0,29,29,0.0262,0.0014,0.0001,0.0014,0.0,0.0001,0.0,0.006,0.0357
miconic-s1-0,0,True,0,2,3,9,0,8,0,0,0,0,1,0,0,,0.0,3.0,3,3,0.0049,0.0,0.0,0.0009,0.0,0.0,0.0,0.0012,0.0074
miconic-s1-1,0,True,0,2,3,9,0,8,0,0,0,0,1,0,0,,0.0,3.0,3,3,0.0042,0.0,0.0,0.0017,0.0,0.0,0.0,0.0013,0.0075
miconic-s1-2,0,True,0,2,3,9,0,8,0,0,0,0,1,0,0,,0.0,3.0,3,3,0.0162,0.0,0.0,0.0009,0.0,0.0,0.0,0.0013,0.0188
miconic-s1-3,0,True,0,2,3,9,0,8,0,0,0,0,1,0,0,,0.0,3.0,3,3,0.0044,0.0,0.0,0.001,0.0,0.0,0.0,0.0013,0.0071
miconic-s1-4,0,True,0,2,3,9,0,8,0,0,0,0,1,0,0,,0.0,3.0,3,3,0.0055,0.0,0.0,0.0013,0.0,0.0,0.0,0.0012,0.0086
miconic-s10-0,0,True,6,39,39,117,0,107,0,0,0,0,0,0,0,,0.0,33.0,33,33,0.02,0.0006,0.0001,0.001,0.0,0.0,0.0,0.0023,0.0245
miconic-s10-1,0,True,7,39,39,117,0,105,0,0,0,0,0,0,0,,0.0,32.0,32,32,0.0051,0.0006,0.0001,0.0013,0.0,0.0,0.0,0.0022,0.0097
miconic-s10-2,0,True,8,39,39,117,0,106,0,0,0,0,0,0,0,,0.0,31.0,31,31,0.0053,0.0006,0.0001,0.0012,0.0,0.0,0.0,0.0023,0.0099
miconic-s10-3,0,True,5,39,39,117,0,108,0,0,0,0,0,0,0,,0.0,34.0,34,34,0.0059,0.0006,0.0001,0.0011,0.0,0.0,0.0,0.0022,0.0105
miconic-s10-4,0,True,7,39,39,117,0,106,0,0,0,0,0,0,0,,0.0,32.0,32,32,0.0054,0.0006,0.0001,0.0013,0.0,0.0,0.0,0.0023,0.0101
miconic-s11-0,0,True,7,43,43,129,0,117,0,0,0,0,0,0,0,,0.0,36.0,36,36,0.0056,0.0008,0.0001,0.0013,0.0,0.0,0.0,0.0023,0.0104
miconic-s11-1,0,True,9,43,43,129,0,118,0,0,0,0,0,0,0,,0.0,34.0,34,34,0.0058,0.0008,0.0002,0.0012,0.0,0.0,0.0,0.0023,0.0106
miconic-s11-2,0,True,6,43,43,129,0,118,0,0,0,0,0,0,0,,0.0,37.0,37,37,0.0056,0.0008,0.0001,0.001,0.0,0.0,0.0,0.0023,0.0102
miconic-s11-3,0,True,6,43,43,129,0,119,0,0,0,0,0,0,0,,0.0,37.0,37,37,0.0055,0.0008,0.0001,0.001,0.0,0.0,0.0,0.0022,0.0101
miconic-s11-4,0,True,9,43,43,129,0,118,0,0,0,0,0,0,0,,0.0,34.0,34,34,0.006,0.0008,0.0001,0.0014,0.0,0.0,0.0,0.0022,0.0109
miconic-s12-0,0,True,7,47,47,141,0,130,0,0,0,0,0,0,0,,0.0,40.0,40,40,0.006,0.001,0.0001,0.0011,0.0,0.0,0.0,0.0022,0.0108
miconic-s12-1,0,True,7,47,47,141,0,130,0,0,0,0,0,0,0,,0.0,40.0,40,40,0.0056,0.001,0.0001,0.001,0.0,0.0,0.0,0.0022,0.0102
miconic-s12-2,0,True,8,47,47,141,0,127,0,0,0,0,0,0,0,,0.0,39.0,39,39,0.0055,0.001,0.0001,0.0011,0.0,0.0,0.0,0.0022,0.0105
miconic-s12-3,0,True,9,47,47,141,0,128,0,0,0,0,0,0,0,,0.0,38.0,38,38,0.0058,0.001,0.0001,0.0011,0.0,0.0,0.0,0.0022,0.0106
miconic-s12-4,0,True,6,47,47,141,0,130,0,0,0,0,0,0,0,,0.0,41.0,41,41,0.0238,0.001,0.0001,0.0013,0.0,0.0,0.0,0.0023,0.0289
miconic-s13-0,0,True,8,51,51,153,0,140,0,0,0,0,0,0,0,,0.0,43.0,43,43,0.006,0.0012,0.0002,0.001,0.0,0.0,0.0,0.0023,0.0111
miconic-s13-1,0,True,10,51,51,153,0,141,0,0,0,0,0,0,0,,0.0,41.0,41,41,0.0064,0.0012,0.0002,0.0014,0.0,0.0,0.0,0.0023,0.0119
miconic-s13-2,0,True,5,51,51,153,0,141,0,0,0,0,0,0,0,,0.0,46.0,46,46,0.0064,0.0012,0.0002,0.0012,0.0,0.0,0.0,0.0023,0.0117
miconic-s13-3,0,True,8,51,51,153,0,141,0,0,0,0,0,0,0,,0.0,43.0,43,43,0.0034,0.0012,0.0002,0.0012,0.0,0.0,0.0,0.0024,0.0087
miconic-s13-4,0,True,10,51,51,153,0,140,0,0,0,0,0,0,0,,0.0,41.0,41,41,0.0061,0.0012,0.0002,0.001,0.0,0.0,0.0,0.0023,0.0113
miconic-s14-0,0,True,10,55,55,165,0,151,0,0,0,0,0,0,0,,0.0,45.0,45,45,0.0066,0.0015,0.0002,0.0012,0.0,0.0,0.0,0.0023,0.0122
miconic-s14-1,0,True,8,55,55,165,0,152,0,0,0,0,0,0,0,,0.0,47.0,47,47,0.0067,0.0015,0.0002,0.001,0.0,0.0,0.0,0.0023,0.0121
miconic-s14-2,0,True,6,55,55,165,0,151,0,0,0,0,0,0,0,,0.0,49.0,49,49,0.0062,0.0014,0.0002,0.001,0.0,0.0,0.0,0.0024,0.0117
miconic-s14-3,0,True,13,55,55,165,0,151,0,0,0,0,0,0,0,,0.0,42.0,42,42,0.0065,0.0015,0.0002,0.0016,0.0,0.0,0.0,0.0023,0.0125
miconic-s14-4,0,True,10,55,55,165,0,151,0,0,0,0,0,0,0,,0.0,45.0,45,45,0.0061,0.0015,0.0002,0.0014,0.0,0.0,0.0,0.0023,0.0118
miconic-s15-0,0,True,13,59,59,177,0,162,0,0,0,0,0,0,0,,0.0,46.0,46,46,0.0069,0.0017,0.0002,0.0013,0.0,0.0,0.0,0.0023,0.0129
miconic-s15-1,0,True,10,59,59,177,0,160,0,0,0,0,0,0,0,,0.0,49.0,49,49,0.008,0.0017,0.0002,0.0013,0.0,0.0,0.0,0.0023,0.0141
miconic-s15-2,0,True,10,59,59,177,0,161,0,0,0,0,0,0,0,,0.0,49.0,49,49,0.0069,0.0018,0.0002,0.001,0.0,0.0,0.0,0.0023,0.0128
miconic-s15-3,0,True,9,59,59,177,0,163,0,0,0,0,0,0,0,,0.0,50.0,50,50,0.0199,0.0018,0.0002,0.0011,0.0,0.0,0.0,0.0023,0.0258
miconic-s15-4,0,True,13,59,59,177,0,161,0,0,0,0,0,0,0,,0.0,46.0,46,46,0.0074,0.0018,0.0002,0.0009,0.0,0.0,0.0,0.0023,0.013
miconic-s16-0,0,True,10,63,63,189,0,174,0,0,0,0,0,0,0,,0.0,53.0,53,53,0.0079,0.0021,0.0003,0.0012,0.0,0.0,0.0,0.0023,0.0143
miconic-s16-1,0,True,11,63,63,189,0,173,0,0,0,0,0,0,0,,0.0,52.0,52,52,0.0072,0.0021,0.0003,0.0012,0.0,0.0,0.0,0.0023,0.0135
miconic-s16-2,0,True,9,63,63,189,0,173,0,0,0,0,0,0,0,,0.0,54.0,54,54,0.0072,0.0021,0.0003,0.001,0.0,0.0,0.0,0.0023,0.0133
miconic-s16-3,0,True,12,63,63,189,0,171,0,0,0,0,0,0,0,,0.0,51.0,51,51,0.0073,0.0021,0.0003,0.0015,0.0,0.0,0.0,0.0024,0.014
miconic-s16-4,0,True,10,63,63,189,0,173,0,0,0,0,0,0,0,,0.0,53.0,53,53,0.007,0.0021,0.0003,0.001,0.0,0.0,0.0,0.0022,0.0132
miconic-s17-0,0,True,12,67,67,201,0,184,0,0,0,0,0,0,0,,0.0,55.0,55,55,0.0078,0.0025,0.0003,0.001,0.0,0.0,0.0,0.0023,0.0144
miconic-s17-1,0,True,13,67,67,201,0,184,0,0,0,0,0,0,0,,0.0,54.0,54,54,0.0079,0.0025,0.0003,0.0009,0.0,0.0,0.0,0.0024,0.0145
miconic-s17-2,0,True,13,67,67,201,0,184,0,0,0,0,0,0,0,,0.0,54.0,54,54,0.0072,0.0025,0.0003,0.001,0.0,0.0,0.0,0.0024,0.0138
miconic-s17-3,0,True,8,67,67,201,0,184,0,0,0,0,0,0,0,,0.0,59.0,59,59,0.0075,0.0025,0.0003,0.0012,0.0,0.0,0.0,0.0023,0.0142
miconic-s17-4,0,True,13,67,67,201,0,184,0,0,0,0,0,0,0,,0.0,54.0,54,54,0.0075,0.0025,0.0003,0.0012,0.0,0.0,0.0,0.0023,0.0143
miconic-s18-0,0,True,12,71,71,213,0,196,0,0,0,0,0,0,0,,0.0,59.0,59,59,0.0081,0.0029,0.0004,0.0012,0.0,0.0,0.0,0.0023,0.0153
miconic-s18-1,0,True,13,71,71,213,0,195,0,0,0,0,0,0,0,,0.0,58.0,58,58,0.0073,0.003,0.0004,0.0014,0.0,0.0,0.0,0.0024,0.0149
miconic-s18-2,0,True,13,71,71,213,0,196,0,0,0,0,0,0,0,,0.0,58.0,58,58,0.0074,0.003,0.0004,0.0016,0.0,0.0,0.0,0.0024,0.0152
miconic-s18-3,0,True,12,71,71,213,0,195,0,0,0,0,0,0,0,,0.0,59.0,59,59,0.0082,0.0029,0.0004,0.0012,0.0,0.0,0.0,0.0023,0.0155
miconic-s18-4,0,True,15,71,71,213,0,194,0,0,0,0,0,0,0,,0.0,56.0,56,56,0.0084,0.0029,0.0004,0.0009,0.0,0.0,0.0,0.0023,0.0154
miconic-s19-0,0,True,13,75,75,225,0,207,0,0,0,0,0,0,0,,0.0,62.0,62,62,0.0086,0.0034,0.0004,0.001,0.0,0.0,0.0,0.0024,0.0162
miconic-s19-1,0,True,10,75,75,225,0,207,0,0,0,0,0,0,0,,0.0,65.0,65,65,0.0098,0.0034,0.0004,0.001,0.0,0.0,0.0,0.0024,0.0174
miconic-s19-2,0,True,14,75,75,225,0,206,0,0,0,0,0,0,0,,0.0,61.0,61,61,0.0085,0.0034,0.0004,0.0012,0.0,0.0,0.0,0.0024,0.0164
miconic-s19-3,0,True,12,75,75,225,0,206,0,0,0,0,0,0,0,,0.0,63.0,63,63,0.0096,0.0034,0.0004,0.0012,0.0,0.0,0.0,0.0024,0.0175
miconic-s19-4,0,True,13,75,75,225,0,206,0,0,0,0,0,0,0,,0.0,62.0,62,62,0.0089,0.0035,0.0004,0.0012,0.0,0.0,0.0,0.0024,0.0168
miconic-s2-0,0,True,0,7,7,21,0,20,0,0,0,0,1,0,0,,0.0,7.0,7,7,0.0045,0.0,0.0,0.0013,0.0,0.0,0.0,0.0013,0.0076
miconic-s2-1,0,True,1,7,7,21,0,18,0,0,0,0,0,0,0,,0.0,6.0,6,6,0.0092,0.0,0.0,0.0011,0.0,0.0,0.0,0.0022,0.013
miconic-s2-2,0,True,1,7,7,21,0,18,0,0,0,0,0,0,0,,0.0,6.0,6,6,0.0042,0.0,0.0,0.0011,0.0,0.0,0.0,0.0021,0.0079
miconic-s2-3,0,True,0,7,7,21,0,20,0,0,0,0,1,0,0,,0.0,7.0,7,7,0.0045,0.0,0.0,0.0014,0.0,0.0,0.0,0.0013,0.0077
miconic-s2-4,0,True,1,7,7,21,0,19,0,0,0,0,0,0,0,,0.0,6.0,6,6,0.0195,0.0,0.0,0.0011,0.0,0.0,0.0,0.0021,0.0233
miconic-s20-0,0,True,16,79,79,237,0,218,0,0,0,0,0,0,0,,0.0,63.0,63,63,0.0078,0.004,0.0005,0.001,0.0,0.0,0.0,0.0024,0.0161
miconic-s20-1,0,True,13,79,79,237,0,217,0,0,0,0,0,0,0,,0.0,66.0,66,66,0.0089,0.004,0.0005,0.0012,0.0,0.0,0.0,0.0024,0.0174
miconic-s20-2,0,True,17,79,79,237,0,216,0,0,0,0,0,0,0,,0.0,62.0,62,62,0.0087,0.0039,0.0005,0.0012,0.0,0.0,0.0,0.0025,0.0172
miconic-s20-3,0,True,16,79,79,237,0,218,0,0,0,0,0,0,0,,0.0,63.0,63,63,0.0084,0.004,0.0005,0.0012,0.0,0.0,0.0,0.0025,0.017
miconic-s20-4,0,True,15,79,79,237,0,216,0,0,0,0,0,0,0,,0.0,64.0,64,64,0.0084,0.0039,0.0005,0.001,0.0,0.0,0.0,0.0024,0.0166
miconic-s21-0,0,True,14,83,83,249,0,228,0,0,0,0,0,0,0,,0.0,69.0,69,69,0.0095,0.0045,0.0006,0.0012,0.0,0.0,0.0,0.0024,0.0188
miconic-s21-1,0,True,14,83,83,249,0,228,0,0,0,0,0,0,0,,0.0,69.0,69,69,0.0096,0.0045,0.0005,0.001,0.0,0.0,0.0,0.0024,0.0185
miconic-s21-2,0,True,14,83,83,249,0,228,0,0,0,0,0,0,0,,0.0,69.0,69,69,0.0092,0.0045,0.0005,0.0012,0.0,0.0,0.0,0.0024,0.0182
miconic-s21-3,0,True,17,83,83,249,0,227,0,0,0,0,0,0,0,,0.0,66.0,66,66,0.0096,0.0045,0.0006,0.0013,0.0,0.0,0.0,0.0025,0.019
miconic-s21-4,0,True,13,83,83,249,0,227,0,0,0,0,0,0,0,,0.0,70.0,70,70,0.0093,0.0045,0.0005,0.0013,0.0,0.0,0.0,0.0024,0.0187
miconic-s22-0,0,True,15,87,87,261,0,239,0,0,0,0,0,0,0,,0.0,72.0,72,72,0.0107,0.0051,0.0006,0.001,0.0,0.0,0.0,0.0023,0.0203
miconic-s22-1,0,True,17,87,87,261,0,239,0,0,0,0,0,0,0,,0.0,70.0,70,70,0.0099,0.0052,0.0006,0.0012,0.0,0.0,0.0,0.0024,0.0198
miconic-s22-2,0,True,16,87,87,261,0,240,0,0,0,0,0,0,0,,0.0,71.0,71,71,0.0112,0.0054,0.0006,0.0012,0.0,0.0,0.0,0.0024,0.0214
miconic-s22-3,0,True,12,87,87,261,0,238,0,0,0,0,0,0,0,,0.0,75.0,75,75,0.0098,0.0052,0.0006,0.0011,0.0,0.0,0.0,0.0024,0.0196
miconic-s22-4,0,True,16,87,87,261,0,239,0,0,0,0,0,0,0,,0.0,71.0,71,71,0.0094,0.0051,0.0006,0.0012,0.0,0.0,0.0,0.0025,0.0196
miconic-s23-0,0,True,16,91,91,273,0,250,0,0,0,0,0,0,0,,0.0,75.0,75,75,0.0119,0.0059,0.0007,0.0012,0.0,0.0,0.0,0.0024,0.0225
miconic-s23-1,0,True,17,91,91,273,0,250,0,0,0,0,0,0,0,,0.0,74.0,74,74,0.0099,0.0059,0.0007,0.001,0.0,0.0,0.0,0.0024,0.0205
miconic-s23-2,0,True,18,91,91,273,0,251,0,0,0,0,0,0,0,,0.0,73.0,73,73,0.0106,0.0059,0.0008,0.0013,0.0,0.0,0.0,0.0024,0.0216
miconic-s23-3,0,True,20,91,91,273,0,251,0,0,0,0,0,0,0,,0.0,71.0,71,71,0.0108,0.0059,0.0007,0.0011,0.0,0.0,0.0,0.0025,0.0215
miconic-s23-4,0,True,17,91,91,273,0,251,0,0,0,0,0,0,0,,0.0,74.0,74,74,0.0073,0.0061,0.0007,0.0014,0.0,0.0,0.0,0.0024,0.0184
miconic-s24-0,0,True,16,95,95,285,0,262,0,0,0,0,0,0,0,,0.0,79.0,79,79,0.0126,0.0067,0.0007,0.0015,0.0,0.0,0.0,0.0024,0.0244
miconic-s24-1,0,True,17,95,95,285,0,262,0,0,0,0,0,0,0,,0.0,78.0,78,78,0.0249,0.0068,0.0007,0.001,0.0,0.0,0.0,0.0024,0.0363
miconic-s24-2,0,True,18,95,95,285,0,260,0,0,0,0,0,0,0,,0.0,77.0,77,77,0.0075,0.0067,0.0007,0.0011,0.0,0.0,0.0,0.0025,0.0189
miconic-s24-3,0,True,16,95,95,285,0,260,0,0,0,0,0,0,0,,0.0,79.0,79,79,0.0128,0.0067,0.0007,0.0012,0.0,0.0,0.0,0.0025,0.0245
miconic-s24-4,0,True,18,95,95,285,0,260,0,0,0,0,0,0,0,,0.0,77.0,77,77,0.0107,0.0069,0.0007,0.0013,0.0,0.0,0.0,0.0024,0.0225
miconic-s25-0,0,True,18,99,99,297,0,273,0,0,0,0,0,0,0,,0.0,81.0,81,81,0.0126,0.0079,0.0008,0.0012,0.0,0.0,0.0,0.0025,0.0255
miconic-s25-1,0,True,14,99,99,297,0,273,0,0,0,0,0,0,0,,0.0,85.0,85,85,0.0124,0.0075,0.0008,0.001,0.0,0.0,0.0,0.0024,0.0246
miconic-s25-2,0,True,21,99,99,297,0,272,0,0,0,0,0,0,0,,0.0,78.0,78,78,0.0126,0.0075,0.0008,0.0011,0.0,0.0,0.0,0.0024,0.0251
miconic-s25-3,0,True,15,99,99,297,0,271,0,0,0,0,0,0,0,,0.0,84.0,84,84,0.012,0.0075,0.0008,0.001,0.0,0.0,0.0,0.0024,0.0243
miconic-s25-4,0,True,17,99,99,297,0,271,0,0,0,0,0,0,0,,0.0,82.0,82,82,0.0124,0.0075,0.0009,0.0011,0.0,0.0,0.0,0.0024,0.0249
miconic-s26-0,0,True,20,103,103,309,0,283,0,0,0,0,0,0,0,,0.0,83.0,83,83,0.0135,0.0086,0.0009,0.0013,0.0,0.0,0.0,0.0025,0.0273
miconic-s26-1,0,True,20,103,103,309,0,284,0,0,0,0,0,0,0,,0.0,83.0,83,83,0.0137,0.0084,0.0009,0.0012,0.0,0.0,0.0,0.0024,0.0272
miconic-s26-2,0,True,13,103,103,309,0,284,0,0,0,0,0,0,0,,0.0,90.0,90,90,0.0128,0.0084,0.0009,0.0009,0.0,0.0,0.0,0.0024,0.0262
miconic-s26-3,0,True,15,103,103,309,0,284,0,0,0,0,0,0,0,,0.0,88.0,88,88,0.0133,0.0084,0.0009,0.0011,0.0,0.0,0.0,0.0025,0.0266
miconic-s26-4,0,True,21,103,103,309,0,282,0,0,0,0,0,0,0,,0.0,82.0,82,82,0.015,0.0084,0.0009,0.001,0.0,0.0,0.0,0.0026,0.0284
miconic-s27-0,0,True,20,107,107,321,0,293,0,0,0,0,0,0,0,,0.0,87.0,87,87,0.0145,0.0096,0.001,0.0016,0.0,0.0,0.0,0.0025,0.0298
miconic-s27-1,0,True,16,107,107,321,0,294,0,0,0,0,0,0,0,,0.0,91.0,91,91,0.0159,0.0096,0.001,0.0012,0.0,0.0,0.0,0.0025,0.0307
miconic-s27-2,0,True,20,107,107,321,0,294,0,0,0,0,0,0,0,,0.0,87.0,87,87,0.014,0.0094,0.001,0.0013,0.0,0.0,0.0,0.0025,0.0287
miconic-s27-3,0,True,18,107,107,321,0,295,0,0,0,0,0,0,0,,0.0,89.0,89,89,0.0155,0.0096,0.001,0.0012,0.0,0.0,0.0,0.0024,0.0303
miconic-s27-4,0,True,19,107,107,321,0,293,0,0,0,0,0,0,0,,0.0,88.0,88,88,0.016,0.0095,0.001,0.0014,0.0,0.0,0.0,0.0026,0.031
miconic-s28-0,0,True,17,111,111,333,0,304,0,0,0,0,0,0,0,,0.0,94.0,94,94,0.0155,0.0105,0.0011,0.0013,0.0,0.0,0.0,0.0025,0.0314
miconic-s28-1,0,True,19,111,111,333,0,306,0,0,0,0,0,0,0,,0.0,92.0,92,92,0.0144,0.0105,0.0011,0.0011,0.0,0.0,0.0,0.0025,0.0302
miconic-s28-2,0,True,18,111,111,333,0,305,0,0,0,0,0,0,0,,0.0,93.0,93,93,0.0156,0.0105,0.0011,0.0016,0.0,0.0,0.0,0.0024,0.0318
miconic-s28-3,0,True,24,111,111,333,0,305,0,0,0,0,0,0,0,,0.0,87.0,87,87,0.0145,0.0105,0.0011,0.0013,0.0,0.0,0.0,0.0026,0.0306
miconic-s28-4,0,True,19,111,111,333,0,306,0,0,0,0,0,0,0,,0.0,92.0,92,92,0.015,0.0105,0.0011,0.0013,0.0,0.0,0.0,0.0025,0.0309
miconic-s29-0,0,True,21,115,115,345,0,315,0,0,0,0,0,0,0,,0.0,94.0,94,94,0.0168,0.012,0.0013,0.0013,0.0,0.0,0.0,0.0025,0.0343
miconic-s29-1,0,True,24,115,115,345,0,316,0,0,0,0,0,0,0,,0.0,91.0,91,91,0.0306,0.0117,0.0013,0.0016,0.0,0.0,0.0,0.0025,0.0483
miconic-s29-2,0,True,20,115,115,345,0,317,0,0,0,0,0,0,0,,0.0,95.0,95,95,0.0152,0.0117,0.0011,0.001,0.0,0.0,0.0,0.0025,0.0322
miconic-s29-3,0,True,19,115,115,345,0,316,0,0,0,0,0,0,0,,0.0,96.0,96,96,0.0152,0.0117,0.0011,0.0011,0.0,0.0,0.0,0.0024,0.0321
miconic-s29-4,0,True,16,115,115,345,0,317,0,0,0,0,0,0,0,,0.0,99.0,99,99,0.0154,0.0117,0.0011,0.001,0.0,0.0,0.0,0.0024,0.0323
miconic-s3-0,0,True,1,11,11,33,0,31,0,0,0,0,0,0,0,,0.0,10.0,10,10,0.0051,0.0001,0.0,0.0009,0.0,0.0,0.0,0.0021,0.0085
miconic-s3-1,0,True,1,11,11,33,0,31,0,0,0,0,0,0,0,,0.0,10.0,10,10,0.0045,0.0001,0.0,0.0012,0.0,0.0,0.0,0.0021,0.0083
miconic-s3-2,0,True,2,11,11,33,0,28,0,0,0,0,0,0,0,,0.0,9.0,9,9,0.0049,0.0001,0.0,0.0009,0.0,0.0,0.0,0.0022,0.0084
miconic-s3-3,0,True,2,11,11,33,0,29,0,0,0,0,0,0,0,,0.0,9.0,9,9,0.0042,0.0001,0.0,0.0011,0.0,0.0,0.0,0.0022,0.0079
miconic-s3-4,0,True,2,11,11,33,0,28,0,0,0,0,0,0,0,,0.0,9.0,9,9,0.0043,0.0001,0.0,0.0014,0.0,0.0,0.0,0.0021,0.0083
miconic-s30-0,0,True,24,119,119,357,0,327,0,0,0,0,0,0,0,,0.0,95.0,95,95,0.0168,0.013,0.0014,0.0014,0.0,0.0,0.0,0.0025,0.0358
miconic-s30-1,0,True,21,119,119,357,0,327,0,0,0,0,0,0,0,,0.0,98.0,98,98,0.015,0.013,0.0012,0.001,0.0,0.0,0.0,0.0024,0.0333
miconic-s30-2,0,True,23,119,119,357,0,326,0,0,0,0,0,0,0,,0.0,96.0,96,96,0.0157,0.013,0.0013,0.0013,0.0,0.0,0.0,0.0025,0.0344
miconic-s30-3,0,True,19,119,119,357,0,327,0,0,0,0,0,0,0,,0.0,100.0,100,100,0.0159,0.013,0.0012,0.0012,0.0,0.0,0.0,0.0024,0.0343
miconic-s30-4,0,True,20,119,119,357,0,326,0,0,0,0,0,0,0,,0.0,99.0,99,99,0.0165,0.013,0.0013,0.0012,0.0,0.0,0.0,0.0025,0.0352
miconic-s4-0,0,True,1,15,15,45,0,42,0,0,0,0,0,0,0,,0.0,14.0,14,14,0.0043,0.0001,0.0,0.001,0.0,0.0,0.0,0.0021,0.0079
miconic-s4-1,0,True,2,15,15,45,0,40,0,0,0,0,0,0,0,,0.0,13.0,13,13,0.0049,0.0001,0.0,0.001,0.0,0.0,0.0,0.0021,0.0085
miconic-s4-2,0,True,1,15,15,45,0,41,0,0,0,0,0,0,0,,0.0,14.0,14,14,0.0043,0.0001,0.0,0.0011,0.0,0.0,0.0,0.0021,0.008
miconic-s4-3,0,True,1,15,15,45,0,41,0,0,0,0,0,0,0,,0.0,14.0,14,14,0.0045,0.0001,0.0,0.001,0.0,0.0,0.0,0.0021,0.0082
miconic-s4-4,0,True,0,15,15,45,0,42,0,0,0,0,1,0,0,,0.0,15.0,15,15,0.0044,0.0001,0.0,0.0011,0.0,0.0,0.0,0.0013,0.0074
miconic-s5-0,0,True,2,19,19,57,0,53,0,0,0,0,0,0,0,,0.0,17.0,17,17,0.0026,0.0001,0.0,0.0012,0.0,0.0,0.0,0.0022,0.0065
miconic-s5-1,0,True,3,19,19,57,0,50,0,0,0,0,0,0,0,,0.0,16.0,16,16,0.0053,0.0001,0.0,0.0012,0.0,0.0,0.0,0.0022,0.0092
miconic-s5-2,0,True,5,19,19,57,0,50,0,0,0,0,0,0,0,,0.0,14.0,14,14,0.0045,0.0001,0.0,0.0013,0.0,0.0,0.0,0.0021,0.0085
miconic-s5-3,0,True,2,19,19,57,0,53,0,0,0,0,0,0,0,,0.0,17.0,17,17,0.0065,0.0001,0.0,0.001,0.0,0.0,0.0,0.0021,0.0102
miconic-s5-4,0,True,2,19,19,57,0,52,0,0,0,0,0,0,0,,0.0,17.0,17,17,0.0055,0.0001,0.0,0.0011,0.0,0.0,0.0,0.0021,0.0093
miconic-s6-0,0,True,5,23,23,69,0,63,0,0,0,0,0,0,0,,0.0,18.0,18,18,0.0049,0.0002,0.0,0.0022,0.0,0.0,0.0,0.0021,0.0098
miconic-s6-1,0,True,4,23,23,69,0,63,0,0,0,0,0,0,0,,0.0,19.0,19,19,0.006,0.0002,0.0,0.0009,0.0,0.0,0.0,0.0022,0.0097
miconic-s6-2,0,True,4,23,23,69,0,63,0,0,0,0,0,0,0,,0.0,19.0,19,19,0.0065,0.0002,0.0,0.0012,0.0,0.0,0.0,0.0021,0.0104
miconic-s6-3,0,True,5,23,23,69,0,62,0,0,0,0,0,0,0,,0.0,18.0,18,18,0.0732,0.0002,0.0,0.0015,0.0,0.0,0.0,0.0021,0.0776
miconic-s6-4,0,True,3,23,23,69,0,63,0,0,0,0,0,0,0,,0.0,20.0,20,20,2.8728,0.0002,0.0,0.0012,0.0,0.0,0.0,0.0022,2.8769
miconic-s7-0,0,True,4,27,27,81,0,75,0,0,0,0,0,0,0,,0.0,23.0,23,23,0.0053,0.0003,0.0001,0.0012,0.0,0.0,0.0,0.0022,0.0094
miconic-s7-1,0,True,3,27,27,81,0,75,0,0,0,0,0,0,0,,0.0,24.0,24,24,0.005,0.0003,0.0001,0.001,0.0,0.0,0.0,0.0021,0.0088
miconic-s7-2,0,True,5,27,27,81,0,74,0,0,0,0,0,0,0,,0.0,22.0,22,22,0.005,0.0003,0.0001,0.0014,0.0,0.0,0.0,0.0022,0.0093
miconic-s7-3,0,True,5,27,27,81,0,73,0,0,0,0,0,0,0,,0.0,22.0,22,22,2.7835,0.0003,0.0001,0.0011,0.0,0.0,0.0,0.0022,2.7876
miconic-s7-4,0,True,2,27,27,81,0,74,0,0,0,0,0,0,0,,0.0,25.0,25,25,2.9068,0.0003,0.0001,0.0013,0.0,0.0,0.0,0.0022,2.9111
miconic-s8-0,0,True,4,31,31,93,0,86,0,0,0,0,0,0,0,,0.0,27.0,27,27,0.0052,0.0003,0.0001,0.0012,0.0,0.0,0.0,0.0022,0.0094
miconic-s8-1,0,True,5,31,31,93,0,85,0,0,0,0,0,0,0,,0.0,26.0,26,26,0.0047,0.0003,0.0001,0.001,0.0,0.0,0.0,0.0022,0.0087
miconic-s8-2,0,True,6,31,31,93,0,85,0,0,0,0,0,0,0,,0.0,25.0,25,25,0.005,0.0004,0.0001,0.001,0.0,0.0,0.0,0.0022,0.009
miconic-s8-3,0,True,4,31,31,93,0,84,0,0,0,0,0,0,0,,0.0,27.0,27,27,0.0052,0.0003,0.0001,0.0014,0.0,0.0,0.0,0.0022,0.0096
miconic-s8-4,0,True,5,31,31,93,0,85,0,0,0,0,0,0,0,,0.0,26.0,26,26,0.0047,0.0003,0.0001,0.0012,0.0,0.0,0.0,0.0022,0.0089
miconic-s9-0,0,True,5,35,35,105,0,96,0,0,0,0,0,0,0,,0.0,30.0,30,30,0.0188,0.0005,0.0001,0.0011,0.0,0.0,0.0,0.0022,0.0231
miconic-s9-1,0,True,6,35,35,105,0,95,0,0,0,0,0,0,0,,0.0,29.0,29,29,0.0056,0.0005,0.0001,0.0011,0.0,0.0,0.0,0.0023,0.0099
miconic-s9-2,0,True,6,35,35,105,0,95,0,0,0,0,0,0,0,,0.0,29.0,29,29,0.0052,0.0005,0.0001,0.0012,0.0,0.0,0.0,0.0022,0.0096
miconic-s9-3,0,True,4,35,35,105,0,96,0,0,0,0,0,0,0,,0.0,31.0,31,31,0.0051,0.0005,0.0001,0.0011,0.0,0.0,0.0,0.0021,0.0093
miconic-s9-4,0,True,8,35,35,105,0,95,0,0,0,0,0,0,0,,0.0,27.0,27,27,0.0053,0.0005,0.0001,0.001,0.0,0.0,0.0,0.0022,0.0097
movie-prob01,0,True,0,5,7,21,0,14,0,0,0,0,1,0,0,,0.0,7.0,7,7,0.0045,0.0,0.0,0.0011,0.0,0.0,0.0,0.0012,0.0072
movie-prob02,0,True,0,5,7,21,0,14,0,0,0,0,1,0,0,,0.0,7.0,7,7,0.0045,0.0,0.0,0.001,0.0,0.0,0.0,0.0013,0.0072
movie-prob03,0,True,0,5,7,21,0,14,0,0,0,0,1,0,0,,0.0,7.0,7,7,0.0028,0.0001,0.0,0.0013,0.0,0.0,0.0,0.0013,0.0061
movie-prob04,0,True,0,5,7,21,0,14,0,0,0,0,1,0,0,,0.0,7.0,7,7,0.0052,0.0,0.0,0.0013,0.0,0.0,0.0,0.0013,0.0082
movie-prob05,0,True,0,5,7,21,0,14,0,0,0,0,1,0,0,,0.0,7.0,7,7,0.0175,0.0,0.0,0.0016,0.0,0.0,0.0,0.0013,0.0208
movie-prob06,0,True,0,5,7,21,0,14,0,0,0,0,1,0,0,,0.0,7.0,7,7,0.006,0.0,0.0,0.0021,0.0,0.0,0.0,0.0013,0.0098
movie-prob07,0,True,0,5,7,21,0,14,0,0,0,0,1,0,0,,0.0,7.0,7,7,0.0047,0.0,0.0,0.001,0.0,0.0,0.0,0.0013,0.0075
movie-prob08,0,True,0,5,7,21,0,14,0,0,0,0,1,0,0,,0.0,7.0,7,7,0.0041,0.0001,0.0,0.0009,0.0,0.0,0.0,0.0013,0.0067
movie-prob09,0,True,0,5,7,21,0,14,0,0,0,0,1,0,0,,0.0,7.0,7,7,0.0035,0.0001,0.0,0.001,0.0,0.0,0.0,0.0013,0.0062
movie-prob10,0,True,0,5,7,21,0,14,0,0,0,0,1,0,0,,0.0,7.0,7,7,0.0048,0.0001,0.0,0.0012,0.0,0.0,0.0,0.0014,0.0079
movie-prob11,0,True,0,5,7,21,0,14,0,0,0,0,1,0,0,,0.0,7.0,7,7,0.0049,0.0001,0.0,0.0013,0.0,0.0,0.0,0.0014,0.008
movie-prob12,0,True,0,5,7,21,0,14,0,0,0,0,1,0,0,,0.0,7.0,7,7,0.0043,0.0001,0.0,0.0011,0.0,0.0,0.0,0.0015,0.0073
movie-prob13,0,True,0,5,7,21,0,14,0,0,0,0,1,0,0,,0.0,7.0,7,7,0.0047,0.0001,0.0,0.0014,0.0,0.0,0.0,0.0013,0.0079
movie-prob14,0,True,0,5,7,21,0,14,0,0,0,0,1,0,0,,0.0,7.0,7,7,0.0041,0.0001,0.0,0.001,0.0,0.0,0.0,0.0013,0.0068
movie-prob15,0,True,0,5,7,21,0,14,0,0,0,0,1,0,0,,0.0,7.0,7,7,0.0047,0.0001,0.0,0.0013,0.0,0.0,0.0,0.0013,0.0077
movie-prob16,0,True,0,5,7,21,0,14,0,0,0,0,1,0,0,,0.0,7.0,7,7,0.0045,0.0001,0.0,0.0015,0.0,0.0,0.0,0.0013,0.0078
movie-prob17,0,True,0,5,7,21,0,14,0,0,0,0,1,0,0,,0.0,7.0,7,7,0.0042,0.0001,0.0,0.001,0.0,0.0,0.0,0.0013,0.0069
movie-prob18,0,True,0,5,7,21,0,14,0,0,0,0,1,0,0,,0.0,7.0,7,7,0.0245,0.0001,0.0,0.001,0.0,0.0,0.0,0.0013,0.0273
movie-prob19,0,True,0,5,7,21,0,14,0,0,0,0,1,0,0,,0.0,7.0,7,7,0.0043,0.0001,0.0,0.0011,0.0,0.0,0.0,0.0014,0.0072
movie-prob20,0,True,0,5,7,21,0,14,0,0,0,0,1,0,0,,0.0,7.0,7,7,0.0043,0.0001,0.0,0.0009,0.0,0.0,0.0,0.0013,0.0069
movie-prob21,0,True,0,5,7,21,0,14,0,0,0,0,1,0,0,,0.0,7.0,7,7,0.0043,0.0001,0.0,0.0011,0.0,0.0,0.0,0.0013,0.0071
movie-prob22,0,True,0,5,7,21,0,14,0,0,0,0,1,0,0,,0.0,7.0,7,7,0.0047,0.0001,0.0,0.0011,0.0,0.0,0.0,0.0013,0.0076
movie-prob23,0,True,0,5,7,21,0,14,0,0,0,0,1,0,0,,0.0,7.0,7,7,0.0045,0.0001,0.0,0.0009,0.0,0.0,0.0,0.0013,0.0072
movie-prob24,0,True,0,5,7,21,0,14,0,0,0,0,1,0,0,,0.0,7.0,7,7,0.0044,0.0001,0.0,0.0011,0.0,0.0,0.0,0.0013,0.0072
movie-prob25,0,True,0,5,7,21,0,14,0,0,0,0,1,0,0,,0.0,7.0,7,7,0.0044,0.0001,0.0,0.0009,0.0,0.0,0.0,0.0013,0.007
movie-prob26,0,True,0,5,7,21,0,14,0,0,0,0,1,0,0,,0.0,7.0,7,7,0.0055,0.0001,0.0,0.0009,0.0,0.0,0.0,0.0013,0.0081
movie-prob27,0,True,0,5,7,21,0,14,0,0,0,0,1,0,0,,0.0,7.0,7,7,0.0047,0.0001,0.0,0.0009,0.0,0.0,0.0,0.0013,0.0073
movie-prob28,0,True,0,5,7,21,0,14,0,0,0,0,1,0,0,,0.0,7.0,7,7,0.0045,0.0001,0.0,0.0009,0.0,0.0,0.0,0.0013,0.0073
movie-prob29,0,True,0,5,7,21,0,14,0,0,0,0,1,0,0,,0.0,7.0,7,7,0.0044,0.0001,0.0,0.0013,0.0,0.0,0.0,0.0013,0.0074
movie-prob30,0,True,0,5,7,21,0,14,0,0,0,0,1,0,0,,0.0,7.0,7,7,0.0047,0.0001,0.0,0.0009,0.0,0.0,0.0,0.0013,0.0073
mprime-prob01,0,True,58,262,509,833,0,982,0,4,0,0,4,0,0,,0.0,5.0,5,5,0.0091,0.0028,0.0002,0.0017,0.0,0.0002,0.0,0.023,0.0373
mprime-prob02,0,True,262,1900,3671,5835,0,7348,0,19,0,0,19,0,0,,0.0,7.0,7,7,0.0242,0.0384,0.002,0.0056,0.0,0.0425,0.0,0.2725,0.3437
mprime-prob03,0,True,203,1310,2378,3892,0,5116,0,0,0,0,0,0,0,,0.0,4.0,4,4,0.0182,0.022,0.0007,0.0038,0.0,0.0,0.0,0.0718,0.1172
mprime-prob04,0,True,45,307,611,971,0,1062,0,0,0,0,1,0,0,,0.0,7.0,8,7,0.01,0.0033,0.0003,0.0014,0.0,0.0,0.0,0.0233,0.0389
mprime-prob05,0,True,227,1441,2767,4437,0,5687,0,59,0,0,61,0,0,,0.0,8.0,9,8,0.0212,0.0252,0.0016,0.0042,0.0,0.0801,0.0,0.2679,0.3211
mprime-prob06,2,True,604,9282,17565,27453,0,35014,0,7112,0,0,7112,0,4230,,0.0,7.0,11,11,0.1656,0.482,0.0278,0.0341,0.0,1182.707,0.0,899.6681,900.3826
mprime-prob07,0,True,313,993,1537,2844,0,4388,0,0,0,0,0,0,0,,0.0,5.0,5,5,0.0145,0.017,0.0012,0.0037,0.0,0.0,0.0,0.0864,0.1235
mprime-prob08,0,True,381,3609,6898,10889,0,13989,0,691,0,0,692,0,1165,,0.0,5.0,6,5,0.0567,0.1113,0.0055,0.0117,0.0,5.2,0.0,6.1171,6.3039
mprime-prob09,0,True,192,1199,2297,3690,0,4667,0,21,0,0,21,0,0,,0.0,8.0,8,8,0.0176,0.0199,0.0013,0.0036,0.0,0.0241,0.0,0.1449,0.1881
mprime-prob10,2,True,1336,22461,42785,66583,0,86844,0,554,0,0,554,0,645,,0.0,4.0,8,8,0.5689,2.3469,0.0419,0.1545,0.0,1552.9711,0.0,899.1911,902.3173
mprime-prob11,0,True,106,366,675,1154,0,1367,0,0,0,0,0,0,0,,0.0,7.0,7,7,0.0108,0.0064,0.0004,0.0018,0.0,0.0,0.0,0.02,0.04
mprime-prob12,0,True,116,682,1336,2135,0,2633,0,13,0,0,13,0,0,,0.0,5.0,5,5,0.0143,0.0107,0.0005,0.0024,0.0,0.002,0.0,0.0795,0.1081
mprime-prob13,2,True,1520,23996,45010,70528,0,93037,0,726,0,0,726,0,909,,0.0,8.0,12,12,0.5976,2.5697,0.1717,0.2138,0.0,1177.479,0.0,902.7183,906.2837
mprime-prob14,0,True,1586,30314,57079,88981,0,116508,0,459,0,0,459,0,5852,,0.0,9.0,9,9,0.8098,4.0672,0.0871,0.27,0.0,635.7163,0.0,621.0559,626.2981
mprime-prob15,0,True,729,14739,28431,43900,0,55606,0,317,0,0,317,0,472,,0.0,6.0,6,6,0.3257,1.3095,0.0211,0.0594,0.0,32.1381,0.0,31.5331,33.2539
mprime-prob16,0,True,297,2910,5591,8800,0,11233,0,2,0,0,2,0,0,,0.0,5.0,5,5,0.0402,0.0806,0.0035,0.0082,0.0,0.0058,0.0,0.1723,0.3059
mprime-prob17,0,True,721,11447,21370,33539,0,43315,0,2,0,0,2,0,0,,0.0,4.0,4,4,0.2027,0.5926,0.0096,0.0486,0.0,0.8522,0.0,1.9857,2.8453
mprime-prob18,2,True,573,9429,18224,28227,0,35374,0,7465,0,0,7465,0,2303,,0.0,4.0,14,14,0.2228,0.6291,0.0475,0.0343,0.0,1375.2018,0.0,899.1716,900.1104
mprime-prob19,0,True,518,6506,12364,19389,0,25217,0,510,0,0,510,0,41,,0.0,5.0,5,5,0.1038,0.3113,0.0067,0.0219,0.0,125.4243,0.0,108.7219,109.1684
mprime-prob20,2,True,529,13079,26055,39664,0,48676,0,11498,0,0,11498,0,16796,,0.0,5.0,7,7,28.7354,0.873,0.0372,0.045,0.0,845.6886,0.0,870.5032,900.2321
mprime-prob21,0,True,685,7643,14484,22813,0,29895,0,11,0,0,11,0,0,,0.0,4.0,4,4,0.1172,0.3545,0.0079,0.0337,0.0,0.6081,0.0,1.2504,1.7663
mprime-prob22,2,True,1120,22024,42862,66007,0,85330,0,2878,0,0,2878,0,1307,,0.0,3.898,9,9,0.498,2.091,0.051,0.1262,0.0,1399.6924,0.0,898.8186,901.6023
mprime-prob23,0,True,641,8651,16978,26271,0,33480,0,2708,0,0,2708,0,26031,,0.0,8.0,8,8,0.1534,0.4969,0.0188,0.0354,0.0,218.7398,0.0,278.9511,279.6584
mprime-prob24,0,True,814,8851,17165,26831,0,34065,0,104,0,0,105,0,47,,0.0,6.0,7,6,0.2067,0.7539,0.0244,0.0415,0.0,8.5708,0.0,6.6421,7.6722
mprime-prob25,0,True,41,149,292,483,0,574,0,1,0,0,1,0,0,,0.0,4.0,4,4,0.0062,0.001,0.0001,0.0012,0.0,0.0,0.0,0.0112,0.0202
mprime-prob26,0,True,193,1673,3280,5147,0,6325,0,295,0,0,295,0,399,,0.0,6.0,6,6,0.0254,0.0356,0.0018,0.0045,0.0,0.5123,0.0,0.9433,1.0116
mprime-prob27,0,True,163,2019,3999,6183,0,7613,0,0,0,0,0,0,0,,0.0,5.0,5,5,0.0308,0.0429,0.0017,0.0055,0.0,0.0,0.0,0.1012,0.183
mprime-prob28,0,True,68,287,546,909,0,1129,0,3,0,0,5,0,0,,0.0,7.0,8,7,0.0098,0.0035,0.0002,0.0014,0.0,0.0002,0.0,0.0312,0.0469
mprime-prob29,0,True,182,1503,2850,4536,0,5609,0,0,0,0,0,0,0,,0.0,4.0,4,4,0.024,0.0294,0.0011,0.0049,0.0,0.0,0.0,0.0749,0.1352
mprime-prob30,0,True,348,7304,14354,22008,0,27235,0,23,0,0,23,0,0,,0.0,8.0,8,8,0.131,0.3186,0.0161,0.0204,0.0,0.123,0.0,1.5593,2.0485
mprime-prob31,0,True,305,2896,5522,8724,0,11463,0,1,0,0,1,0,0,,0.0,4.0,4,4,0.0523,0.0651,0.0016,0.0086,0.0,0.0038,0.0,0.1948,0.3236
mprime-prob32,0,True,186,858,1592,2637,0,3407,0,12,0,0,12,0,0,,0.0,5.0,5,5,0.0139,0.0116,0.0006,0.003,0.0,0.0096,0.0,0.0776,0.1076
mprime-prob33,0,True,818,8438,16358,25616,0,33166,0,724,0,0,724,0,1913,,0.0,8.0,8,8,0.1636,0.4888,0.0121,0.0435,0.0,82.2141,0.0,62.5305,63.2417
mprime-prob34,0,True,329,2977,5458,8765,0,11351,0,3,0,0,3,0,0,,0.0,4.0,4,4,0.0344,0.0571,0.0017,0.0086,0.0,0.0192,0.0,0.2197,0.3236
mprime-prob35,0,True,79,370,710,1160,0,1431,0,2,0,0,2,0,0,,0.0,4.0,4,4,0.0088,0.0039,0.0002,0.0016,0.0,0.0001,0.0,0.0259,0.0411
mystery-prob01,0,True,36,49,81,171,0,225,0,0,0,0,0,0,0,,0.0,5.0,5,5,0.0051,0.0004,0.0001,0.001,0.0,0.0,0.0,0.0051,0.012
mystery-prob02,0,True,248,1740,3351,5341,0,6823,0,24,0,0,24,0,0,,0.0,7.0,7,7,0.0214,0.0317,0.0017,0.0049,0.0,0.0491,0.0,0.2139,0.2744
mystery-prob03,0,True,174,959,1668,2802,0,3952,0,0,0,0,0,0,0,,0.0,4.0,4,4,0.0122,0.0106,0.0004,0.0028,0.0,0.0,0.0,0.0526,0.0794
mystery-prob04,0,True,15,47,91,164,0,184,0,0,0,0,1,0,0,,0.0,7.0,8,7,0.0058,0.0004,0.0001,0.0013,0.0,0.0,0.0,0.0068,0.0148
mystery-prob05,0,True,182,1007,1902,3096,0,4011,0,0,0,0,0,0,0,,0.0,8.0,8,8,0.0154,0.0128,0.0009,0.0035,0.0,0.0,0.0,0.0573,0.0907
mystery-prob06,2,True,463,5568,10140,16173,0,21697,0,9973,0,0,9973,0,5371,,0.0,7.0,11,11,0.0667,0.1652,0.0056,0.0176,0.0,1144.8634,0.0,900.2548,900.5202
mystery-prob07,1,True,0,0,0,0,0,0,0,0,0,0,0,0,0,,0.0,1e+20,1e+20,1e+20,0.0019,0.0,0.0,0.0,0.0,0.0,0.0,0.0,0.0019
mystery-prob08,0,True,211,1471,2671,4356,0,5939,0,7,0,0,8,0,0,,0.0,5.0,6,5,0.0185,0.0231,0.0008,0.0046,0.0,0.0087,0.0,0.104,0.1518
mystery-prob09,0,True,170,996,1887,3055,0,3918,0,26,0,0,26,0,0,,0.0,8.0,8,8,0.0151,0.0136,0.0007,0.0033,0.0,0.0232,0.0,0.1073,0.1409
mystery-prob10,0,True,1211,17887,34288,53387,0,70443,0,221,0,0,222,0,254,,0.0,7.0,8,7,0.3909,1.6112,0.0169,0.1166,0.0,176.3971,0.0,146.5946,148.7346
mystery-prob11,0,True,78,105,153,344,0,479,0,0,0,0,0,0,0,,0.0,7.0,7,7,0.0063,0.0013,0.0001,0.0013,0.0,0.0,0.0,0.007,0.0165
mystery-prob12,0,True,67,249,461,778,0,1019,0,7,0,0,7,0,0,,0.0,5.0,5,5,0.0128,0.0017,0.0001,0.0018,0.0,0.0004,0.0,0.0393,0.0562
mystery-prob13,0,True,1281,9231,16892,27409,0,36421,0,14,0,0,15,0,0,,0.0,11.0,12,11,0.2201,0.685,0.0267,0.0652,0.0,5.0512,0.0,6.1057,7.1086
mystery-prob14,0,True,1449,25249,46931,73633,0,97783,0,38,0,0,38,0,13,,0.0,9.0,9,9,0.5841,2.68,0.0471,0.2151,0.0,33.7378,0.0,36.9472,40.4808
mystery-prob15,0,True,611,9343,17611,27566,0,36189,0,317,0,0,317,0,468,,0.0,6.0,6,6,0.1172,0.4292,0.0055,0.0356,0.0,22.456,0.0,21.8009,22.3911
mystery-prob16,0,True,190,1012,1892,3102,0,4077,0,0,0,0,0,0,0,,0.0,5.0,5,5,0.0161,0.0164,0.0004,0.0031,0.0,0.0,0.0,0.0518,0.0887
mystery-prob17,0,True,639,8735,16250,25625,0,33839,0,2,0,0,2,0,0,,0.0,4.0,4,4,0.1224,0.3842,0.0041,0.0332,0.0,0.5882,0.0,1.401,1.9478
mystery-prob18,1,True,0,0,0,0,0,0,0,0,0,0,0,0,0,,0.0,1e+20,1e+20,1e+20,0.0041,0.0,0.0,0.0,0.0,0.0,0.0,0.0,0.0041
mystery-prob19,0,True,394,3412,6259,10066,0,13361,0,308,0,0,308,0,31,,0.0,5.0,5,5,0.0422,0.0871,0.002,0.0107,0.0,19.7874,0.0,11.7705,11.9139
mystery-prob20,2,True,395,3972,7941,12309,0,15628,0,11135,0,0,11135,0,59878,,0.0,6.0,7,7,0.0429,0.1238,0.0025,0.0128,0.0,393.6174,0.0,899.868,900.0705
mystery-prob21,0,True,545,2102,4062,6710,0,8752,0,2,0,0,2,0,0,,0.0,4.0,4,4,0.0522,0.0846,0.0014,0.009,0.0,0.017,0.0,0.1662,0.3145
mystery-prob22,0,True,828,9300,17986,28117,0,36926,0,198,0,0,198,0,747,,0.0,10.0,10,10,0.1663,0.586,0.0135,0.0447,0.0,19.2323,0.0,16.0955,16.9093
mystery-prob23,0,True,517,3609,7080,11210,0,14699,0,111,0,0,111,0,25,,0.0,11.0,11,11,0.0504,0.1338,0.0054,0.0143,0.0,2.9268,0.0,2.3599,2.565
mystery-prob24,0,True,636,777,1220,2649,0,3683,0,0,0,0,1,0,0,,0.0,10.0,11,10,0.0357,0.0654,0.0026,0.0051,0.0,0.0,0.0,0.0373,0.1468
mystery-prob25,0,True,28,80,154,263,0,329,0,2,0,0,2,0,0,,0.0,4.0,4,4,0.0051,0.0004,0.0001,0.002,0.0,0.0,0.0,0.0137,0.0217
mystery-prob26,0,True,133,758,1446,2338,0,3028,0,149,0,0,149,0,138,,0.0,6.0,6,6,0.0134,0.0091,0.0004,0.0024,0.0,0.1018,0.0,0.2329,0.259
mystery-prob27,0,True,124,666,1293,2085,0,2584,0,0,0,0,0,0,0,,0.0,5.0,5,5,0.0102,0.0068,0.0003,0.0021,0.0,0.0,0.0,0.0417,0.0618
mystery-prob28,0,True,51,75,122,257,0,344,0,0,0,0,2,0,0,,0.0,7.0,8,7,0.0235,0.0006,0.0001,0.0014,0.0,0.0,0.0,0.0091,0.0352
mystery-prob29,0,True,147,681,1208,2037,0,2653,0,0,0,0,0,0,0,,0.0,4.0,4,4,0.0112,0.0067,0.0004,0.0022,0.0,0.0,0.0,0.0394,0.0606
mystery-prob30,0,True,274,2422,4583,7281,0,9244,0,19,0,0,19,0,0,,0.0,8.0,8,8,0.0234,0.0481,0.002,0.0068,0.0,0.0342,0.0,0.4449,0.5262
nomystery-opt11-strips-p01,0,True,33,170,316,531,0,639,0,0,0,0,0,0,0,,0.0,9.0,9,9,0.0058,0.0009,0.0001,0.0018,0.0,0.0,0.0,0.0118,0.0208
nomystery-opt11-strips-p02,0,True,93,816,1574,2498,0,2767,0,0,0,0,0,0,0,,0.0,11.0,11,11,0.0087,0.0061,0.0012,0.0027,0.0,0.0,0.0,0.0551,0.0746
nomystery-opt11-strips-p03,0,True,55,503,993,1569,0,1811,0,0,0,0,0,0,0,,0.0,13.0,13,13,0.0084,0.0033,0.0006,0.002,0.0,0.0,0.0,0.0335,0.0484
nomystery-opt11-strips-p04,0,True,92,1284,2549,3947,0,4270,0,0,0,0,0,0,0,,0.0,16.0,16,16,0.0124,0.0091,0.0033,0.0033,0.0,0.0,0.0,0.102,0.131
nomystery-opt11-strips-p05,0,True,169,2884,5758,8838,0,9396,0,0,0,0,0,0,0,,0.0,20.0,20,20,0.0219,0.0302,0.0165,0.0073,0.0,0.0,0.0,0.2794,0.3563
nomystery-opt11-strips-p06,0,True,232,4595,9050,13908,0,14883,0,0,0,0,0,0,0,,0.0,23.0,23,23,0.0327,0.0626,0.0264,0.012,0.0,0.0,0.0,0.4501,0.5851
nomystery-opt11-strips-p07,0,True,195,4204,8225,12661,0,13874,0,0,0,0,0,0,0,,0.0,27.0,27,27,0.033,0.0526,0.0265,0.0109,0.0,0.0,0.0,0.3786,0.5028
nomystery-opt11-strips-p08,0,True,225,5925,11849,18038,0,18379,0,0,0,0,0,0,0,,0.0,29.0,29,29,0.0401,0.076,0.0553,0.0158,0.0,0.0,0.0,0.6307,0.8194
nomystery-opt11-strips-p09,0,True,252,7590,15178,23061,0,23918,0,0,0,0,0,0,0,,0.0,31.0,31,31,0.0511,0.1109,0.0929,0.022,0.0,0.0,0.0,1.0741,1.3526
nomystery-opt11-strips-p10,0,True,180,5997,11994,18216,0,18574,0,0,0,0,0,0,0,,0.0,33.0,33,33,0.2672,0.0688,0.1281,0.0148,0.0,0.0,0.0,0.8052,1.2856
nomystery-opt11-strips-p11,0,True,23,96,175,306,0,376,0,0,0,0,0,0,0,,0.0,9.0,9,9,0.0055,0.0005,0.0001,0.0011,0.0,0.0,0.0,0.0077,0.0153
nomystery-opt11-strips-p12,0,True,65,485,913,1478,0,1686,0,0,0,0,0,0,0,,0.0,11.0,11,11,0.0076,0.0033,0.0007,0.0018,0.0,0.0,0.0,0.0329,0.0468
nomystery-opt11-strips-p13,0,True,39,295,577,929,0,1091,0,0,0,0,0,0,0,,0.0,13.0,13,13,0.0062,0.0017,0.0003,0.0017,0.0,0.0,0.0,0.0198,0.0302
nomystery-opt11-strips-p14,0,True,65,825,1631,2543,0,2785,0,0,0,0,0,0,0,,0.0,16.0,16,16,0.008,0.0053,0.0016,0.0028,0.0,0.0,0.0,0.0596,0.0778
nomystery-opt11-strips-p15,0,True,121,1972,3934,6054,0,6468,0,0,0,0,0,0,0,,0.0,20.0,20,20,0.0163,0.017,0.0093,0.0048,0.0,0.0,0.0,0.197,0.2455
nomystery-opt11-strips-p16,0,True,168,3215,6312,9726,0,10439,0,0,0,0,0,0,0,,0.0,23.0,23,23,0.0229,0.0367,0.0156,0.008,0.0,0.0,0.0,0.3056,0.3898
nomystery-opt11-strips-p17,0,True,142,2985,5840,9004,0,9899,0,0,0,0,0,0,0,,0.0,27.0,27,27,0.0223,0.0303,0.0288,0.0076,0.0,0.0,0.0,0.2747,0.3649
nomystery-opt11-strips-p18,0,True,165,4245,8489,12938,0,13219,0,0,0,0,0,0,0,,0.0,29.0,29,29,0.0275,0.0453,0.041,0.0102,0.0,0.0,0.0,0.4236,0.5488
nomystery-opt11-strips-p19,0,True,184,5414,10826,16465,0,17118,0,0,0,0,0,0,0,,0.0,31.0,31,31,0.0379,0.0641,0.061,0.0136,0.0,0.0,0.0,0.8335,1.0114
nomystery-opt11-strips-p20,0,True,132,4269,8538,12984,0,13294,0,0,0,0,0,0,0,,0.0,33.0,33,33,0.0272,0.0428,0.0769,0.0102,0.0,0.0,0.0,0.552,0.7105
nomystery-sat11-strips-p01,0,True,78,816,1619,2535,0,2898,0,0,0,0,0,0,0,,0.0,16.0,16,16,0.0102,0.0064,0.0016,0.0025,0.0,0.0,0.0,0.0544,0.0757
nomystery-sat11-strips-p02,0,True,92,1285,2551,3953,0,4277,0,0,0,0,0,0,0,,0.0,18.0,18,18,0.0121,0.0093,0.0035,0.0034,0.0,0.0,0.0,0.1003,0.1293
nomystery-sat11-strips-p03,0,True,169,2885,5760,8844,0,9403,0,0,0,0,0,0,0,,0.0,22.0,22,22,0.0202,0.0307,0.0188,0.0072,0.0,0.0,0.0,0.2794,0.3575
nomystery-sat11-strips-p04,0,True,232,4596,9052,13914,0,14890,0,0,0,0,0,0,0,,0.0,25.0,25,25,0.0345,0.0635,0.0293,0.0121,0.0,0.0,0.0,0.4501,0.5909
nomystery-sat11-strips-p05,0,True,221,4803,9397,14461,0,15830,0,0,0,0,0,0,0,,0.0,29.0,29,29,0.0382,0.0669,0.0334,0.0123,0.0,0.0,0.0,0.4532,0.6054
nomystery-sat11-strips-p06,0,True,225,5926,11851,18044,0,18386,0,0,0,0,0,0,0,,0.0,31.0,31,31,0.0585,0.0774,0.0605,0.016,0.0,0.0,0.0,0.6305,0.8444
nomystery-sat11-strips-p07,0,True,251,7591,15180,23067,0,23925,0,0,0,0,0,0,0,,0.0,33.0,33,33,0.0543,0.1108,0.1198,0.0221,0.0,0.0,0.0,1.0369,1.3457
nomystery-sat11-strips-p08,0,True,180,5998,11996,18222,0,18581,0,0,0,0,0,0,0,,0.0,35.0,35,35,0.04,0.0678,0.1166,0.0148,0.0,0.0,0.0,0.8165,1.0573
nomystery-sat11-strips-p09,0,True,306,10889,21777,33026,0,33729,0,28,0,0,30,0,0,,0.0,40.0,41,40,0.0819,0.1853,0.3101,0.036,0.0,9.4136,0.0,9.0817,9.6974
nomystery-sat11-strips-p10,0,True,242,8178,16126,24603,0,26153,0,0,0,0,0,0,0,,0.0,41.0,41,41,0.0675,0.1358,0.1247,0.0228,0.0,0.0,0.0,1.2714,1.6245
nomystery-sat11-strips-p11,0,True,55,517,1021,1615,0,1863,0,0,0,0,0,0,0,,0.0,16.0,16,16,0.0081,0.0035,0.0009,0.002,0.0,0.0,0.0,0.0374,0.0524
nomystery-sat11-strips-p12,0,True,65,826,1633,2549,0,2792,0,0,0,0,0,0,0,,0.0,18.0,18,18,0.0102,0.0055,0.0019,0.0035,0.0,0.0,0.0,0.0589,0.0806
nomystery-sat11-strips-p13,0,True,121,1973,3936,6060,0,6475,0,0,0,0,0,0,0,,0.0,22.0,22,22,0.0314,0.017,0.0104,0.0049,0.0,0.0,0.0,0.1975,0.2621
nomystery-sat11-strips-p14,0,True,168,3216,6314,9732,0,10446,0,0,0,0,0,0,0,,0.0,25.0,25,25,0.024,0.0367,0.0165,0.008,0.0,0.0,0.0,0.3026,0.3889
nomystery-sat11-strips-p15,0,True,161,3423,6697,10321,0,11330,0,0,0,0,0,0,0,,0.0,29.0,29,29,0.0273,0.0384,0.0214,0.0085,0.0,0.0,0.0,0.3129,0.4096
nomystery-sat11-strips-p16,0,True,165,4246,8491,12944,0,13226,0,0,0,0,0,0,0,,0.0,31.0,31,31,0.0296,0.0441,0.0454,0.0105,0.0,0.0,0.0,0.4245,0.5554
nomystery-sat11-strips-p17,0,True,183,5415,10828,16471,0,17125,0,0,0,0,0,0,0,,0.0,33.0,33,33,0.0379,0.0635,0.0764,0.014,0.0,0.0,0.0,0.6513,0.8444
nomystery-sat11-strips-p18,0,True,132,4270,8540,12990,0,13301,0,0,0,0,0,0,0,,0.0,35.0,35,35,0.031,0.0438,0.0803,0.0097,0.0,0.0,0.0,0.5536,0.7197
nomystery-sat11-strips-p19,0,True,224,7855,15709,23842,0,24381,0,2,0,0,5,0,0,,0.0,40.0,41,40,0.0561,0.1104,0.2001,0.0216,0.0,0.6501,0.0,1.384,1.7741
nomystery-sat11-strips-p20,0,True,178,5874,11582,17691,0,18857,0,0,0,0,0,0,0,,0.0,41.0,41,41,0.0481,0.082,0.0791,0.0144,0.0,0.0,0.0,0.8117,1.0366
openstacks-opt08-strips-p01,0,False,4,35,55,110,0,163,0,0,0,0,0,0,0,,0.0,1.0,1,1,0.0049,0.0001,0.0,0.0015,0.0,0.0,0.0,0.0026,0.0096
openstacks-opt08-strips-p02,0,False,5,48,78,150,0,223,0,0,0,0,0,0,0,,0.0,1.0,1,1,0.0185,0.0002,0.0,0.0013,0.0,0.0,0.0,0.0029,0.0232
openstacks-opt08-strips-p03,0,False,6,63,105,196,0,295,0,0,0,0,0,0,0,,0.0,1.0,1,1,0.0051,0.0002,0.0,0.001,0.0,0.0,0.0,0.0032,0.0099
openstacks-opt08-strips-p04,0,False,7,80,136,248,0,379,0,0,0,0,0,0,0,,0.0,1.0,1,1,0.0053,0.0003,0.0,0.001,0.0,0.0,0.0,0.0036,0.0107
openstacks-opt08-strips-p05,0,False,8,99,171,306,0,477,0,0,0,0,0,0,0,,0.0,1.0,1,1,0.0056,0.0004,0.0001,0.0014,0.0,0.0,0.0,0.0039,0.0118
openstacks-opt08-strips-p06,0,False,9,120,210,370,0,579,0,0,0,0,0,0,0,,0.0,1.0,1,1,0.0056,0.0005,0.0001,0.0014,0.0,0.0,0.0,0.0045,0.0124
openstacks-opt08-strips-p07,0,False,10,143,253,440,0,693,0,0,0,0,0,0,0,,0.0,1.0,1,1,0.0062,0.0006,0.0001,0.0013,0.0,0.0,0.0,0.0049,0.0135
openstacks-opt08-strips-p08,0,False,11,168,300,516,0,819,0,0,0,0,0,0,0,,0.0,1.0,1,1,0.0108,0.0007,0.0001,0.0022,0.0,0.0,0.0,0.0055,0.0197
openstacks-opt08-strips-p09,0,False,12,195,351,598,0,949,0,0,0,0,0,0,0,,0.0,1.0,1,1,0.0056,0.0009,0.0001,0.0015,0.0,0.0,0.0,0.0061,0.0146
openstacks-opt08-strips-p10,0,False,13,224,406,686,0,1095,0,0,0,0,0,0,0,,0.0,1.0,1,1,0.0063,0.0011,0.0001,0.0017,0.0,0.0,0.0,0.0069,0.0166
openstacks-opt08-strips-p11,0,False,14,255,465,780,0,1247,0,0,0,0,0,0,0,,0.0,1.0,1,1,0.0059,0.0013,0.0001,0.0019,0.0,0.0,0.0,0.0075,0.0171
openstacks-opt08-strips-p12,0,False,15,288,528,880,0,1409,0,0,0,0,0,0,0,,0.0,1.0,1,1,0.0066,0.0015,0.0001,0.0018,0.0,0.0,0.0,0.0083,0.0187
openstacks-opt08-strips-p13,0,False,16,323,595,986,0,1581,0,0,0,0,0,0,0,,0.0,1.0,1,1,0.0074,0.0017,0.0001,0.0018,0.0,0.0,0.0,0.0094,0.021
openstacks-opt08-strips-p14,0,False,17,360,666,1098,0,1769,0,0,0,0,0,0,0,,0.0,1.0,1,1,0.0079,0.002,0.0001,0.002,0.0,0.0,0.0,0.0101,0.0226
openstacks-opt08-strips-p15,0,False,18,399,741,1216,0,1957,0,0,0,0,0,0,0,,0.0,1.0,1,1,0.0211,0.0023,0.0001,0.0019,0.0,0.0,0.0,0.0113,0.0372
openstacks-opt08-strips-p16,0,False,19,440,820,1340,0,2167,0,0,0,0,0,0,0,,0.0,1.0,1,1,0.007,0.0026,0.0002,0.0022,0.0,0.0,0.0,0.0125,0.0249
openstacks-opt08-strips-p17,0,False,20,483,903,1470,0,2379,0,0,0,0,0,0,0,,0.0,1.0,1,1,0.0083,0.0029,0.0002,0.0022,0.0,0.0,0.0,0.0137,0.0279
openstacks-opt08-strips-p18,0,False,21,528,990,1606,0,2605,0,0,0,0,0,0,0,,0.0,1.0,1,1,0.0078,0.0033,0.0002,0.0023,0.0,0.0,0.0,0.0146,0.0287
openstacks-opt08-strips-p19,0,False,22,575,1081,1748,0,2835,0,0,0,0,0,0,0,,0.0,1.0,1,1,0.0103,0.0039,0.0002,0.0021,0.0,0.0,0.0,0.0156,0.0328
openstacks-opt08-strips-p20,0,False,23,624,1176,1896,0,3077,0,0,0,0,0,0,0,,0.0,1.0,1,1,0.0086,0.0044,0.0002,0.0026,0.0,0.0,0.0,0.0164,0.0328
openstacks-opt08-strips-p21,0,False,24,675,1275,2050,0,3327,0,0,0,0,0,0,0,,0.0,1.0,1,1,0.0272,0.0048,0.0002,0.0027,0.0,0.0,0.0,0.0171,0.0528
openstacks-opt08-strips-p22,0,False,25,728,1378,2210,0,3613,0,0,0,0,0,0,0,,0.0,1.0,1,1,0.0097,0.0053,0.0003,0.0026,0.0,0.0,0.0,0.0184,0.037
openstacks-opt08-strips-p23,0,False,26,783,1485,2376,0,3873,0,0,0,0,0,0,0,,0.0,1.0,1,1,0.0112,0.0059,0.0003,0.0026,0.0,0.0,0.0,0.0195,0.0401
openstacks-opt08-strips-p24,0,False,27,840,1596,2548,0,4153,0,0,0,0,0,0,0,,0.0,1.0,1,1,0.0117,0.0065,0.0003,0.0032,0.0,0.0,0.0,0.0204,0.043
openstacks-opt08-strips-p25,0,False,28,899,1711,2726,0,4455,0,0,0,0,0,0,0,,0.0,1.0,1,1,0.0125,0.0071,0.0003,0.003,0.0,0.0,0.0,0.0218,0.0456
openstacks-opt08-strips-p26,0,False,29,960,1830,2910,0,4749,0,0,0,0,0,0,0,,0.0,1.0,1,1,0.0127,0.0078,0.0004,0.0029,0.0,0.0,0.0,0.0231,0.0475
openstacks-opt08-strips-p27,0,False,30,1023,1953,3100,0,5081,0,0,0,0,0,0,0,,0.0,1.0,1,1,0.0135,0.0086,0.0004,0.0031,0.0,0.0,0.0,0.0244,0.0508
openstacks-opt08-strips-p28,0,False,31,1088,2080,3296,0,5389,0,0,0,0,0,0,0,,0.0,1.0,1,1,0.0135,0.0093,0.0004,0.0036,0.0,0.0,0.0,0.0258,0.0534
openstacks-opt08-strips-p29,0,False,32,1155,2211,3498,0,5737,0,0,0,0,0,0,0,,0.0,1.0,1,1,0.0148,0.0101,0.0005,0.0036,0.0,0.0,0.0,0.0273,0.057
openstacks-opt08-strips-p30,0,False,33,1224,2346,3706,0,6065,0,0,0,0,0,0,0,,0.0,1.0,1,1,0.0151,0.0112,0.0005,0.0049,0.0,0.0,0.0,0.0294,0.062
openstacks-opt11-strips-p01,0,False,9,120,210,370,0,579,0,0,0,0,0,0,0,,0.0,1.0,1,1,0.0049,0.0005,0.0001,0.0012,0.0,0.0,0.0,0.0044,0.0115
openstacks-opt11-strips-p02,0,False,10,143,253,440,0,693,0,0,0,0,0,0,0,,0.0,1.0,1,1,0.0054,0.0006,0.0001,0.0021,0.0,0.0,0.0,0.0049,0.0137
openstacks-opt11-strips-p03,0,False,11,168,300,516,0,819,0,0,0,0,0,0,0,,0.0,1.0,1,1,0.006,0.0007,0.0001,0.0024,0.0,0.0,0.0,0.0055,0.0153
openstacks-opt11-strips-p04,0,False,12,195,351,598,0,949,0,0,0,0,0,0,0,,0.0,1.0,1,1,0.0059,0.0009,0.0001,0.0014,0.0,0.0,0.0,0.0061,0.0216
openstacks-opt11-strips-p05,0,False,13,224,406,686,0,1095,0,0,0,0,0,0,0,,0.0,1.0,1,1,0.0059,0.0011,0.0001,0.0016,0.0,0.0,0.0,0.0068,0.0168
openstacks-opt11-strips-p06,0,False,14,255,465,780,0,1247,0,0,0,0,0,0,0,,0.0,1.0,1,1,0.0168,0.0012,0.0001,0.002,0.0,0.0,0.0,0.0076,0.0282
openstacks-opt11-strips-p07,0,False,15,288,528,880,0,1409,0,0,0,0,0,0,0,,0.0,1.0,1,1,0.0067,0.0015,0.0001,0.0026,0.0,0.0,0.0,0.0084,0.02
openstacks-opt11-strips-p08,0,False,16,323,595,986,0,1581,0,0,0,0,0,0,0,,0.0,1.0,1,1,0.007,0.0017,0.0001,0.0019,0.0,0.0,0.0,0.0092,0.0205
openstacks-opt11-strips-p09,0,False,17,360,666,1098,0,1769,0,0,0,0,0,0,0,,0.0,1.0,1,1,0.0072,0.002,0.0001,0.0018,0.0,0.0,0.0,0.0103,0.022
openstacks-opt11-strips-p10,0,False,25,728,1378,2210,0,3613,0,0,0,0,0,0,0,,0.0,1.0,1,1,0.0123,0.0053,0.0003,0.0025,0.0,0.0,0.0,0.0183,0.0394
openstacks-opt11-strips-p11,0,False,18,399,741,1216,0,1957,0,0,0,0,0,0,0,,0.0,1.0,1,1,0.0069,0.0023,0.0002,0.0021,0.0,0.0,0.0,0.0112,0.0231
openstacks-opt11-strips-p12,0,False,19,440,820,1340,0,2167,0,0,0,0,0,0,0,,0.0,1.0,1,1,0.0086,0.0027,0.0002,0.0021,0.0,0.0,0.0,0.0125,0.0265
openstacks-opt11-strips-p13,0,False,20,483,903,1470,0,2379,0,0,0,0,0,0,0,,0.0,1.0,1,1,0.0107,0.003,0.0002,0.002,0.0,0.0,0.0,0.0137,0.0302
openstacks-opt11-strips-p14,0,False,21,528,990,1606,0,2605,0,0,0,0,0,0,0,,0.0,1.0,1,1,0.0099,0.0033,0.0002,0.0026,0.0,0.0,0.0,0.0145,0.0312
openstacks-opt11-strips-p15,0,False,22,575,1081,1748,0,2835,0,0,0,0,0,0,0,,0.0,1.0,1,1,0.0102,0.0039,0.0002,0.0025,0.0,0.0,0.0,0.0156,0.0329
openstacks-opt11-strips-p16,0,False,24,675,1275,2050,0,3327,0,0,0,0,0,0,0,,0.0,1.0,1,1,0.0114,0.0049,0.0002,0.0025,0.0,0.0,0.0,0.0174,0.037
openstacks-opt11-strips-p17,0,False,23,624,1176,1896,0,3077,0,0,0,0,0,0,0,,0.0,1.0,1,1,0.0101,0.0043,0.0002,0.0027,0.0,0.0,0.0,0.0163,0.0341
openstacks-opt11-strips-p18,0,False,26,783,1485,2376,0,3873,0,0,0,0,0,0,0,,0.0,1.0,1,1,0.013,0.0059,0.0003,0.0029,0.0,0.0,0.0,0.0194,0.0421
openstacks-opt11-strips-p19,0,False,27,840,1596,2548,0,4153,0,0,0,0,0,0,0,,0.0,1.0,1,1,0.0126,0.0065,0.0003,0.0027,0.0,0.0,0.0,0.0204,0.0433
openstacks-opt11-strips-p20,0,False,28,899,1711,2726,0,4455,0,0,0,0,0,0,0,,0.0,1.0,1,1,0.0128,0.0071,0.0003,0.003,0.0,0.0,0.0,0.0219,0.0458
openstacks-opt14-strips-p20_1,0,False,19,440,820,1340,0,2155,0,0,0,0,0,0,0,,0.0,1.0,1,1,0.0069,0.0026,0.0002,0.0022,0.0,0.0,0.0,0.0124,0.0248
openstacks-opt14-strips-p20_2,0,False,19,440,820,1340,0,2163,0,0,0,0,0,0,0,,0.0,1.0,1,1,0.0073,0.0026,0.0002,0.0022,0.0,0.0,0.0,0.0125,0.0252
openstacks-opt14-strips-p20_3,0,False,19,440,820,1340,0,2209,0,0,0,0,0,0,0,,0.0,1.0,1,1,0.0076,0.0027,0.0002,0.0022,0.0,0.0,0.0,0.0128,0.026
openstacks-opt14-strips-p25_1,0,False,24,675,1275,2050,0,3323,0,0,0,0,0,0,0,,0.0,1.0,1,1,0.0091,0.0048,0.0002,0.0029,0.0,0.0,0.0,0.0172,0.0348
openstacks-opt14-strips-p25_3,0,False,24,675,1275,2050,0,3403,0,0,0,0,0,0,0,,0.0,1.0,1,1,0.0094,0.0049,0.0003,0.0028,0.0,0.0,0.0,0.0178,0.0358
openstacks-opt14-strips-p30_1,0,False,29,960,1830,2910,0,4733,0,0,0,0,0,0,0,,0.0,1.0,1,1,0.0131,0.0078,0.0003,0.0031,0.0,0.0,0.0,0.0228,0.0478
openstacks-opt14-strips-p30_2,0,False,29,960,1830,2910,0,4743,0,0,0,0,0,0,0,,0.0,1.0,1,1,0.0126,0.0078,0.0004,0.0029,0.0,0.0,0.0,0.0231,0.0474
openstacks-opt14-strips-p30_3,0,False,29,960,1830,2910,0,4865,0,0,0,0,0,0,0,,0.0,1.0,1,1,0.0133,0.008,0.0005,0.003,0.0,0.0,0.0,0.024,0.0496
openstacks-opt14-strips-p35_1,0,False,34,1295,2485,3920,0,6407,0,0,0,0,0,0,0,,0.0,1.0,1,1,0.0152,0.0119,0.0005,0.0038,0.0,0.0,0.0,0.0313,0.0634
openstacks-opt14-strips-p35_2,0,False,34,1295,2485,3920,0,6415,0,0,0,0,0,0,0,,0.0,1.0,1,1,0.0154,0.0118,0.0005,0.0039,0.0,0.0,0.0,0.0313,0.0637
openstacks-opt14-strips-p35_3,0,False,34,1295,2485,3920,0,6567,0,0,0,0,0,0,0,,0.0,1.0,1,1,0.0159,0.0121,0.0007,0.0041,0.0,0.0,0.0,0.0325,0.0661
openstacks-opt14-strips-p40_1,0,False,39,1680,3240,5080,0,8319,0,0,0,0,0,0,0,,0.0,1.0,1,1,0.0191,0.0175,0.0007,0.0048,0.0,0.0,0.0,0.0402,0.0832
openstacks-opt14-strips-p40_2,0,False,39,1680,3240,5080,0,8327,0,0,0,0,0,0,0,,0.0,1.0,1,1,0.0182,0.0176,0.0006,0.0049,0.0,0.0,0.0,0.0402,0.0822
openstacks-opt14-strips-p40_3,0,False,39,1680,3240,5080,0,8507,0,0,0,0,0,0,0,,0.0,1.0,1,1,0.0194,0.0181,0.0011,0.0053,0.0,0.0,0.0,0.0423,0.0869
openstacks-opt14-strips-p45_1,0,False,44,2115,4095,6390,0,10481,0,0,0,0,0,0,0,,0.0,1.0,1,1,0.0231,0.0244,0.0008,0.0059,0.0,0.0,0.0,0.0507,0.1059
openstacks-opt14-strips-p45_2,0,False,44,2115,4095,6390,0,10513,0,0,0,0,0,0,0,,0.0,1.0,1,1,0.0229,0.0244,0.0008,0.0059,0.0,0.0,0.0,0.0516,0.1067
openstacks-opt14-strips-p45_3,0,False,44,2115,4095,6390,0,10749,0,0,0,0,0,0,0,,0.0,1.0,1,1,0.0233,0.0253,0.0013,0.0063,0.0,0.0,0.0,0.0537,0.111
openstacks-opt14-strips-p50_1,0,False,49,2600,5050,7850,0,12901,0,0,0,0,0,0,0,,0.0,1.0,1,1,0.0272,0.0322,0.0009,0.0074,0.0,0.0,0.0,0.0609,0.1298
openstacks-opt14-strips-p50_2,0,False,49,2600,5050,7850,0,12929,0,0,0,0,0,0,0,,0.0,1.0,1,1,0.0275,0.0322,0.001,0.0079,0.0,0.0,0.0,0.0614,0.131
openstacks-opt14-strips-p50_3,0,False,49,2600,5050,7850,0,13191,0,0,0,0,0,0,0,,0.0,1.0,1,1,0.0285,0.0335,0.0016,0.0079,0.0,0.0,0.0,0.0649,0.1374
openstacks-p01,-3,False,0,0,0,0,0,0,0,0,0,0,0,0,0,,0.0,0.0,1e+20,1e+20,0,0,0,0,0,0,0,0,0
openstacks-p02,-3,False,0,0,0,0,0,0,0,0,0,0,0,0,0,,0.0,0.0,1e+20,1e+20,0,0,0,0,0,0,0,0,0
openstacks-p03,-3,False,0,0,0,0,0,0,0,0,0,0,0,0,0,,0.0,0.0,1e+20,1e+20,0,0,0,0,0,0,0,0,0
openstacks-p04,-3,False,0,0,0,0,0,0,0,0,0,0,0,0,0,,0.0,0.0,1e+20,1e+20,0,0,0,0,0,0,0,0,0
openstacks-p05,-3,False,0,0,0,0,0,0,0,0,0,0,0,0,0,,0.0,0.0,1e+20,1e+20,0,0,0,0,0,0,0,0,0
openstacks-p06,-3,False,0,0,0,0,0,0,0,0,0,0,0,0,0,,0.0,0.0,1e+20,1e+20,0,0,0,0,0,0,0,0,0
openstacks-p07,-3,False,0,0,0,0,0,0,0,0,0,0,0,0,0,,0.0,0.0,1e+20,1e+20,0,0,0,0,0,0,0,0,0
openstacks-p08,-3,False,0,0,0,0,0,0,0,0,0,0,0,0,0,,0.0,0.0,1e+20,1e+20,0,0,0,0,0,0,0,0,0
openstacks-p09,-3,False,0,0,0,0,0,0,0,0,0,0,0,0,0,,0.0,0.0,1e+20,1e+20,0,0,0,0,0,0,0,0,0
openstacks-p10,-3,False,0,0,0,0,0,0,0,0,0,0,0,0,0,,0.0,0.0,1e+20,1e+20,0,0,0,0,0,0,0,0,0
openstacks-p11,-3,False,0,0,0,0,0,0,0,0,0,0,0,0,0,,0.0,0.0,1e+20,1e+20,0,0,0,0,0,0,0,0,0
openstacks-p12,-3,False,0,0,0,0,0,0,0,0,0,0,0,0,0,,0.0,0.0,1e+20,1e+20,0,0,0,0,0,0,0,0,0
openstacks-p13,-3,False,0,0,0,0,0,0,0,0,0,0,0,0,0,,0.0,0.0,1e+20,1e+20,0,0,0,0,0,0,0,0,0
openstacks-p14,-3,False,0,0,0,0,0,0,0,0,0,0,0,0,0,,0.0,0.0,1e+20,1e+20,0,0,0,0,0,0,0,0,0
openstacks-p15,-3,False,0,0,0,0,0,0,0,0,0,0,0,0,0,,0.0,0.0,1e+20,1e+20,0,0,0,0,0,0,0,0,0
openstacks-p16,-3,False,0,0,0,0,0,0,0,0,0,0,0,0,0,,0.0,0.0,1e+20,1e+20,0,0,0,0,0,0,0,0,0
openstacks-p17,-3,False,0,0,0,0,0,0,0,0,0,0,0,0,0,,0.0,0.0,1e+20,1e+20,0,0,0,0,0,0,0,0,0
openstacks-p18,-3,False,0,0,0,0,0,0,0,0,0,0,0,0,0,,0.0,0.0,1e+20,1e+20,0,0,0,0,0,0,0,0,0
openstacks-p19,-3,False,0,0,0,0,0,0,0,0,0,0,0,0,0,,0.0,0.0,1e+20,1e+20,0,0,0,0,0,0,0,0,0
openstacks-p20,-3,False,0,0,0,0,0,0,0,0,0,0,0,0,0,,0.0,0.0,1e+20,1e+20,0,0,0,0,0,0,0,0,0
openstacks-p21,-3,False,0,0,0,0,0,0,0,0,0,0,0,0,0,,0.0,0.0,1e+20,1e+20,0,0,0,0,0,0,0,0,0
openstacks-p22,-3,False,0,0,0,0,0,0,0,0,0,0,0,0,0,,0.0,0.0,1e+20,1e+20,0,0,0,0,0,0,0,0,0
openstacks-p23,-3,False,0,0,0,0,0,0,0,0,0,0,0,0,0,,0.0,0.0,1e+20,1e+20,0,0,0,0,0,0,0,0,0
openstacks-p24,-3,False,0,0,0,0,0,0,0,0,0,0,0,0,0,,0.0,0.0,1e+20,1e+20,0,0,0,0,0,0,0,0,0
openstacks-p25,-3,False,0,0,0,0,0,0,0,0,0,0,0,0,0,,0.0,0.0,1e+20,1e+20,0,0,0,0,0,0,0,0,0
openstacks-p26,-3,False,0,0,0,0,0,0,0,0,0,0,0,0,0,,0.0,0.0,1e+20,1e+20,0,0,0,0,0,0,0,0,0
openstacks-p27,-3,False,0,0,0,0,0,0,0,0,0,0,0,0,0,,0.0,0.0,1e+20,1e+20,0,0,0,0,0,0,0,0,0
openstacks-p28,-3,False,0,0,0,0,0,0,0,0,0,0,0,0,0,,0.0,0.0,1e+20,1e+20,0,0,0,0,0,0,0,0,0
openstacks-p29,-3,False,0,0,0,0,0,0,0,0,0,0,0,0,0,,0.0,0.0,1e+20,1e+20,0,0,0,0,0,0,0,0,0
openstacks-p30,-3,False,0,0,0,0,0,0,0,0,0,0,0,0,0,,0.0,0.0,1e+20,1e+20,0,0,0,0,0,0,0,0,0
openstacks-sat08-strips-p01,0,False,4,35,55,110,0,163,0,0,0,0,0,0,0,,0.0,1.0,1,1,0.0046,0.0001,0.0,0.0012,0.0,0.0,0.0,0.0026,0.009
openstacks-sat08-strips-p02,0,False,4,35,55,110,0,163,0,0,0,0,0,0,0,,0.0,1.0,1,1,0.0048,0.0001,0.0,0.0013,0.0,0.0,0.0,0.0026,0.0092
openstacks-sat08-strips-p03,0,False,4,35,55,110,0,161,0,0,0,0,0,0,0,,0.0,1.0,1,1,0.022,0.0001,0.0,0.0013,0.0,0.0,0.0,0.0026,0.0266
openstacks-sat08-strips-p04,0,False,9,120,210,370,0,579,0,0,0,0,0,0,0,,0.0,1.0,1,1,0.0052,0.0005,0.0001,0.0023,0.0,0.0,0.0,0.0045,0.013
openstacks-sat08-strips-p05,0,False,9,120,210,370,0,577,0,0,0,0,0,0,0,,0.0,1.0,1,1,0.0047,0.0005,0.0001,0.0015,0.0,0.0,0.0,0.0044,0.0116
openstacks-sat08-strips-p06,0,False,9,120,210,370,0,579,0,0,0,0,0,0,0,,0.0,1.0,1,1,0.0051,0.0005,0.0001,0.0015,0.0,0.0,0.0,0.0045,0.0121
openstacks-sat08-strips-p07,0,False,14,255,465,780,0,1247,0,0,0,0,0,0,0,,0.0,1.0,1,1,0.0035,0.0013,0.0001,0.002,0.0,0.0,0.0,0.0076,0.0148
openstacks-sat08-strips-p08,0,False,14,255,465,780,0,1243,0,0,0,0,0,0,0,,0.0,1.0,1,1,0.0079,0.0012,0.0001,0.0026,0.0,0.0,0.0,0.0075,0.0199
openstacks-sat08-strips-p09,0,False,14,255,465,780,0,1243,0,0,0,0,0,0,0,,0.0,1.0,1,1,0.0068,0.0012,0.0001,0.0015,0.0,0.0,0.0,0.0076,0.0177
openstacks-sat08-strips-p10,0,False,19,440,820,1340,0,2167,0,0,0,0,0,0,0,,0.0,1.0,1,1,0.0075,0.0026,0.0002,0.0021,0.0,0.0,0.0,0.0125,0.0254
openstacks-sat08-strips-p11,0,False,19,440,820,1340,0,2175,0,0,0,0,0,0,0,,0.0,1.0,1,1,0.0071,0.0026,0.0002,0.0025,0.0,0.0,0.0,0.0127,0.0255
openstacks-sat08-strips-p12,0,False,19,440,820,1340,0,2167,0,0,0,0,0,0,0,,0.0,1.0,1,1,0.0085,0.0026,0.0002,0.0021,0.0,0.0,0.0,0.0126,0.0265
openstacks-sat08-strips-p13,0,False,29,960,1830,2910,0,4749,0,0,0,0,0,0,0,,0.0,1.0,1,1,0.0134,0.0078,0.0004,0.0032,0.0,0.0,0.0,0.0231,0.0485
openstacks-sat08-strips-p14,0,False,29,960,1830,2910,0,4763,0,0,0,0,0,0,0,,0.0,1.0,1,1,0.0123,0.0077,0.0004,0.0031,0.0,0.0,0.0,0.0233,0.0475
openstacks-sat08-strips-p15,0,False,29,960,1830,2910,0,4753,0,0,0,0,0,0,0,,0.0,1.0,1,1,0.0313,0.0079,0.0004,0.0034,0.0,0.0,0.0,0.0232,0.067
openstacks-sat08-strips-p16,0,False,39,1680,3240,5080,0,8363,0,0,0,0,0,0,0,,0.0,1.0,1,1,0.018,0.0178,0.0008,0.0054,0.0,0.0,0.0,0.0406,0.0834
openstacks-sat08-strips-p17,0,False,39,1680,3240,5080,0,8349,0,0,0,0,0,0,0,,0.0,1.0,1,1,0.0192,0.0179,0.0008,0.0053,0.0,0.0,0.0,0.0405,0.0845
openstacks-sat08-strips-p18,0,False,39,1680,3240,5080,0,8343,0,0,0,0,0,0,0,,0.0,1.0,1,1,0.019,0.017,0.0007,0.0051,0.0,0.0,0.0,0.0409,0.0835
openstacks-sat08-strips-p19,0,False,49,2600,5050,7850,0,12967,0,0,0,0,0,0,0,,0.0,1.0,1,1,0.0285,0.0326,0.0011,0.0075,0.0,0.0,0.0,0.0624,0.1332
openstacks-sat08-strips-p20,0,False,49,2600,5050,7850,0,12991,0,0,0,0,0,0,0,,0.0,1.0,1,1,0.026,0.0328,0.0012,0.0076,0.0,0.0,0.0,0.0626,0.1311
openstacks-sat08-strips-p21,0,False,49,2600,5050,7850,0,12951,0,0,0,0,0,0,0,,0.0,1.0,1,1,0.0274,0.0323,0.0011,0.0078,0.0,0.0,0.0,0.0618,0.1317
openstacks-sat08-strips-p22,0,False,59,3720,7260,11220,0,18605,0,0,0,0,0,0,0,,0.0,1.0,1,1,0.0388,0.054,0.0017,0.0108,0.0,0.0,0.0,0.0912,0.1981
openstacks-sat08-strips-p23,0,False,59,3720,7260,11220,0,18563,0,0,0,0,0,0,0,,0.0,1.0,1,1,0.0374,0.054,0.0016,0.011,0.0,0.0,0.0,0.0902,0.1957
openstacks-sat08-strips-p24,0,False,59,3720,7260,11220,0,18559,0,0,0,0,0,0,0,,0.0,1.0,1,1,0.0384,0.0553,0.0016,0.0112,0.0,0.0,0.0,0.0897,0.1978
openstacks-sat08-strips-p25,0,False,79,6560,12880,19760,0,32813,0,0,0,0,0,0,0,,0.0,1.0,1,1,0.0732,0.1276,0.0032,0.0206,0.0,0.0,0.0,0.1708,0.398
openstacks-sat08-strips-p26,0,False,79,6560,12880,19760,0,32775,0,0,0,0,0,0,0,,0.0,1.0,1,1,0.072,0.1273,0.0031,0.0206,0.0,0.0,0.0,0.1688,0.3943
openstacks-sat08-strips-p27,0,False,79,6560,12880,19760,0,32801,0,0,0,0,0,0,0,,0.0,1.0,1,1,0.0719,0.1239,0.0031,0.0207,0.0,0.0,0.0,0.1704,0.3926
openstacks-sat08-strips-p28,0,False,99,10200,20100,30700,0,51073,0,0,0,0,0,0,0,,0.0,1.0,1,1,0.1207,0.2446,0.0056,0.0359,0.0,0.0,0.0,0.2864,0.6966
openstacks-sat08-strips-p29,0,False,99,10200,20100,30700,0,51079,0,0,0,0,0,0,0,,0.0,1.0,1,1,0.1235,0.2446,0.0056,0.0362,0.0,0.0,0.0,0.2879,0.7013
openstacks-sat08-strips-p30,0,False,99,10200,20100,30700,0,51087,0,0,0,0,0,0,0,,0.0,1.0,1,1,0.127,0.2459,0.0057,0.0358,0.0,0.0,0.0,0.2887,0.7064
openstacks-sat11-strips-p01,0,False,49,2600,5050,7850,0,12951,0,0,0,0,0,0,0,,0.0,1.0,1,1,0.0283,0.0324,0.0011,0.0075,0.0,0.0,0.0,0.0617,0.1322
openstacks-sat11-strips-p02,0,False,59,3720,7260,11220,0,18605,0,0,0,0,0,0,0,,0.0,1.0,1,1,0.0397,0.0542,0.0017,0.0108,0.0,0.0,0.0,0.0917,0.1997
openstacks-sat11-strips-p03,0,False,59,3720,7260,11220,0,18559,0,0,0,0,0,0,0,,0.0,1.0,1,1,0.0399,0.0537,0.0016,0.0109,0.0,0.0,0.0,0.0903,0.1982
openstacks-sat11-strips-p04,0,False,79,6560,12880,19760,0,32813,0,0,0,0,0,0,0,,0.0,1.0,1,1,0.0763,0.1273,0.0032,0.0205,0.0,0.0,0.0,0.1697,0.3996
openstacks-sat11-strips-p05,0,False,79,6560,12880,19760,0,32775,0,0,0,0,0,0,0,,0.0,1.0,1,1,3.1449,0.1261,0.0031,0.0205,0.0,0.0,0.0,0.1697,3.467
openstacks-sat11-strips-p06,0,False,79,6560,12880,19760,0,32801,0,0,0,0,0,0,0,,0.0,1.0,1,1,3.1658,0.124,0.0031,0.0207,0.0,0.0,0.0,0.1709,3.4872
openstacks-sat11-strips-p07,0,False,49,2600,5050,7850,0,12991,0,0,0,0,0,0,0,,0.0,1.0,1,1,0.0275,0.0329,0.0012,0.0077,0.0,0.0,0.0,0.0626,0.1328
openstacks-sat11-strips-p08,0,False,99,10200,20100,30700,0,51073,0,0,0,0,0,0,0,,0.0,1.0,1,1,0.1256,0.2489,0.0055,0.0363,0.0,0.0,0.0,0.2872,0.707
openstacks-sat11-strips-p09,0,False,99,10200,20100,30700,0,51079,0,0,0,0,0,0,0,,0.0,1.0,1,1,0.1266,0.2438,0.0056,0.0363,0.0,0.0,0.0,0.2873,0.703
openstacks-sat11-strips-p10,0,False,99,10200,20100,30700,0,51087,0,0,0,0,0,0,0,,0.0,1.0,1,1,0.7366,0.2452,0.0057,0.0358,0.0,0.0,0.0,0.2888,1.3181
openstacks-sat11-strips-p11,0,False,129,17160,33930,51610,0,85823,0,0,0,0,0,0,0,,0.0,1.0,1,1,3.3273,0.5608,0.0101,0.0666,0.0,0.0,0.0,0.6713,4.6424
openstacks-sat11-strips-p12,0,False,129,17160,33930,51610,0,87209,0,0,0,0,0,0,0,,0.0,1.0,1,1,0.2626,0.5779,0.0219,0.0733,0.0,0.0,0.0,0.7154,1.6573
openstacks-sat11-strips-p13,0,False,159,25920,51360,77920,0,129655,0,0,0,0,0,0,0,,0.0,1.0,1,1,0.4124,1.0656,0.0208,0.117,0.0,0.0,0.0,1.1461,2.7701
openstacks-sat11-strips-p14,0,False,159,25920,51360,77920,0,131465,0,0,0,0,0,0,0,,0.0,1.0,1,1,0.447,1.1386,0.0423,0.1273,0.0,0.0,0.0,1.2157,2.9801
openstacks-sat11-strips-p15,0,False,189,36480,72390,109630,0,182729,0,0,0,0,0,0,0,,0.0,1.0,1,1,0.6524,1.8447,0.0376,0.1831,0.0,0.0,0.0,1.8628,4.5913
openstacks-sat11-strips-p16,0,False,189,36480,72390,109630,0,184887,0,0,0,0,0,0,0,,0.0,1.0,1,1,0.7082,2.0474,0.0757,0.1964,0.0,0.0,0.0,1.9671,5.0069
openstacks-sat11-strips-p17,0,False,219,48840,97020,146740,0,244739,0,0,0,0,0,0,0,,0.0,1.0,1,1,1.2584,3.321,0.0611,0.272,0.0,0.0,0.0,2.779,7.7077
openstacks-sat11-strips-p18,0,False,219,48840,97020,146740,0,247575,0,0,0,0,0,0,0,,0.0,1.0,1,1,1.051,3.4339,0.128,0.298,0.0,0.0,0.0,2.9435,7.8727
openstacks-sat11-strips-p19,0,False,249,63000,125250,189250,0,315821,0,0,0,0,0,0,0,,0.0,1.0,1,1,1.3922,5.2101,0.0924,0.4129,0.0,0.0,0.0,4.0694,11.1948
openstacks-sat11-strips-p20,0,False,249,63000,125250,189250,0,319223,0,0,0,0,0,0,0,,0.0,1.0,1,1,1.5038,4.539,0.2078,0.4512,0.0,0.0,0.0,4.2755,10.9976
openstacks-sat14-strips-p170_2,0,False,169,29240,57970,87890,0,146415,0,0,0,0,0,0,0,,0.0,1.0,1,1,0.4976,1.3261,0.0257,0.1304,0.0,0.0,0.0,1.3691,3.359
openstacks-sat14-strips-p170_3,0,False,169,29240,57970,87890,0,148211,0,0,0,0,0,0,0,,0.0,1.0,1,1,0.5273,1.4093,0.0503,0.1423,0.0,0.0,0.0,1.4402,3.5816
openstacks-sat14-strips-p190_1,0,False,189,36480,72390,109630,0,182513,0,0,0,0,0,0,0,,0.0,1.0,1,1,0.6463,1.8578,0.035,0.1822,0.0,0.0,0.0,1.8459,4.5775
openstacks-sat14-strips-p190_2,0,False,189,36480,72390,109630,0,182759,0,0,0,0,0,0,0,,0.0,1.0,1,1,0.6572,1.8661,0.0381,0.1839,0.0,0.0,0.0,1.8637,4.6194
openstacks-sat14-strips-p190_3,0,False,189,36480,72390,109630,0,184881,0,0,0,0,0,0,0,,0.0,1.0,1,1,0.9374,2.0468,0.0754,0.1954,0.0,0.0,0.0,1.9613,5.2281
openstacks-sat14-strips-p210_1,0,False,209,44520,88410,133770,0,222733,0,0,0,0,0,0,0,,0.0,1.0,1,1,0.8529,2.6949,0.0474,0.2324,0.0,0.0,0.0,2.4433,6.2838
openstacks-sat14-strips-p210_2,0,False,209,44520,88410,133770,0,222927,0,0,0,0,0,0,0,,0.0,1.0,1,1,0.8656,2.7889,0.0506,0.2368,0.0,0.0,0.0,2.4684,6.4237
openstacks-sat14-strips-p210_3,0,False,209,44520,88410,133770,0,225659,0,0,0,0,0,0,0,,0.0,1.0,1,1,0.9395,2.9813,0.1109,0.2579,0.0,0.0,0.0,2.5947,6.8995
openstacks-sat14-strips-p230_1,0,False,229,53360,106030,160310,0,266897,0,0,0,0,0,0,0,,0.0,1.0,1,1,1.0908,3.8199,0.0602,0.3009,0.0,0.0,0.0,3.1409,8.4352
openstacks-sat14-strips-p230_2,0,False,229,53360,106030,160310,0,267405,0,0,0,0,0,0,0,,0.0,1.0,1,1,1.108,3.9545,0.0707,0.3058,0.0,0.0,0.0,3.1779,8.6383
openstacks-sat14-strips-p230_3,0,False,229,53360,106030,160310,0,270389,0,0,0,0,0,0,0,,0.0,1.0,1,1,1.1878,4.1836,0.1491,0.3319,0.0,0.0,0.0,3.3422,9.2197
openstacks-sat14-strips-p250_1,0,False,249,63000,125250,189250,0,315303,0,0,0,0,0,0,0,,0.0,1.0,1,1,1.381,5.2939,0.0797,0.4095,0.0,0.0,0.0,4.0383,11.2196
openstacks-sat14-strips-p250_2,0,False,249,63000,125250,189250,0,315661,0,0,0,0,0,0,0,,0.0,1.0,1,1,1.4064,5.1776,0.0888,0.4129,0.0,0.0,0.0,4.0643,11.1675
openstacks-sat14-strips-p250_3,0,False,249,63000,125250,189250,0,319247,0,0,0,0,0,0,0,,0.0,1.0,1,1,1.5076,4.5632,0.209,0.4468,0.0,0.0,0.0,4.273,11.0197
openstacks-sat14-strips-p270_1,0,False,269,73440,146070,220590,0,367741,0,0,0,0,0,0,0,,0.0,1.0,1,1,1.7385,6.8117,0.1015,0.5105,0.0,0.0,0.0,5.3136,14.499
openstacks-sat14-strips-p270_2,0,False,269,73440,146070,220590,0,368157,0,0,0,0,0,0,0,,0.0,1.0,1,1,1.7412,6.5995,0.1157,0.5195,0.0,0.0,0.0,5.3239,14.3236
openstacks-sat14-strips-p270_3,0,False,269,73440,146070,220590,0,371855,0,0,0,0,0,0,0,,0.0,1.0,1,1,1.8608,5.8501,0.2638,0.5789,0.0,0.0,0.0,5.5324,14.1124
openstacks-sat14-strips-p290_1,0,False,289,84680,168490,254330,0,423963,0,0,0,0,0,0,0,,0.0,1.0,1,1,2.0949,8.5125,0.1253,0.6355,0.0,0.0,0.0,6.7199,18.1173
openstacks-sat14-strips-p290_2,0,False,289,84680,168490,254330,0,424631,0,0,0,0,0,0,0,,0.0,1.0,1,1,2.1262,8.4639,0.1485,0.6437,0.0,0.0,0.0,6.819,18.2314
openstacks-sat14-strips-p290_3,0,False,289,84680,168490,254330,0,428657,0,0,0,0,0,0,0,,0.0,1.0,1,1,2.2826,7.6665,0.3377,0.6978,0.0,0.0,0.0,7.0611,18.0799
openstacks-strips-p01,0,True,4,40,65,135,0,209,0,0,0,0,0,0,0,,0.0,21.0,21,21,0.0086,0.0002,0.0001,0.0013,0.0,0.0,0.0,0.004,0.0146
openstacks-strips-p02,0,True,4,40,65,135,0,209,0,0,0,0,0,0,0,,0.0,21.0,21,21,0.0056,0.0002,0.0001,0.0011,0.0,0.0,0.0,0.004,0.0114
openstacks-strips-p03,0,True,4,40,65,135,0,209,0,0,0,0,0,0,0,,0.0,21.0,21,21,0.0053,0.0002,0.0001,0.0013,0.0,0.0,0.0,0.004,0.0113
openstacks-strips-p04,0,True,4,40,65,135,0,209,0,0,0,0,0,0,0,,0.0,21.0,21,21,0.0055,0.0002,0.0001,0.001,0.0,0.0,0.0,0.004,0.0114
openstacks-strips-p05,0,True,4,40,65,135,0,209,0,0,0,0,0,0,0,,0.0,21.0,21,21,0.0072,0.0002,0.0001,0.0014,0.0,0.0,0.0,0.0039,0.0133
openstacks-strips-p06,0,True,9,130,230,420,0,699,0,0,0,0,0,0,0,,0.0,41.0,41,41,0.0706,0.001,0.0006,0.0014,0.0,0.0,0.0,0.008,0.082
openstacks-strips-p07,0,True,9,130,230,420,0,699,0,0,0,0,0,0,0,,0.0,41.0,41,41,0.0493,0.001,0.0005,0.0014,0.0,0.0,0.0,0.0079,0.0605
openstacks-strips-p08,0,True,14,290,551,963,0,1807,0,0,0,0,0,0,0,,0.0,81.0,81,81,0.0126,0.0042,0.0038,0.0019,0.0,0.0,0.0,0.0156,0.0386
openstacks-strips-p09,0,True,14,290,551,963,0,1837,0,0,0,0,0,0,0,,0.0,81.0,81,81,0.0113,0.0043,0.0045,0.0061,0.0,0.0,0.0,0.0157,0.0424
openstacks-strips-p10,0,True,19,460,881,1463,0,2422,0,0,0,0,0,0,0,,0.0,81.0,81,81,0.0141,0.0056,0.005,0.0082,0.0,0.0,0.0,0.0275,0.063
openstacks-strips-p11,0,True,19,460,881,1463,0,2422,0,0,0,0,0,0,0,,0.0,81.0,81,81,0.0308,0.0056,0.005,0.0022,0.0,0.0,0.0,0.0275,0.0717
openstacks-strips-p12,0,True,19,460,881,1463,0,2482,0,0,0,0,0,0,0,,0.0,81.0,81,81,0.0937,0.0059,0.0059,0.0025,0.0,0.0,0.0,0.0274,0.136
openstacks-strips-p13,0,True,19,460,881,1463,0,2542,0,0,0,0,0,0,0,,0.0,81.0,81,81,0.0134,0.0059,0.0074,0.0022,0.0,0.0,0.0,0.0276,0.0573
openstacks-strips-p14,0,True,19,460,881,1463,0,2542,0,0,0,0,0,0,0,,0.0,81.0,81,81,0.0142,0.006,0.0075,0.0024,0.0,0.0,0.0,0.0279,0.0588
openstacks-strips-p15,0,True,19,460,881,1463,0,2602,0,0,0,0,0,0,0,,0.0,81.0,81,81,0.0145,0.0059,0.01,0.0021,0.0,0.0,0.0,0.0283,0.0615
openstacks-strips-p16,0,True,19,460,881,1463,0,2602,0,0,0,0,0,0,0,,0.0,81.0,81,81,0.0139,0.0059,0.0104,0.0027,0.0,0.0,0.0,0.0284,0.062
openstacks-strips-p17,0,True,19,480,921,1553,0,2981,0,0,0,0,0,0,0,,0.0,101.0,101,101,0.0199,0.0087,0.0129,0.0025,0.0,0.0,0.0,0.0284,0.0731
openstacks-strips-p18,0,True,24,768,1487,2509,0,5218,0,0,0,0,0,0,0,,0.0,169.0,169,169,0.0318,0.0241,0.041,0.0037,0.0,0.0,0.0,0.0451,0.1469
openstacks-strips-p19,0,True,24,700,1351,2203,0,3622,0,0,0,0,0,0,0,,0.0,101.0,101,101,0.0364,0.0104,0.0156,0.0027,0.0,0.0,0.0,0.0392,0.105
openstacks-strips-p20,0,True,29,990,1921,3093,0,5132,0,0,0,0,0,0,0,,0.0,121.0,121,121,0.0985,0.017,0.0257,0.0033,0.0,0.0,0.0,0.0543,0.1998
openstacks-strips-p21,0,True,29,990,1921,3093,0,5132,0,0,0,0,0,0,0,,0.0,121.0,121,121,0.0236,0.0171,0.0269,0.0034,0.0,0.0,0.0,0.0539,0.1259
openstacks-strips-p22,0,True,29,990,1921,3093,0,5222,0,0,0,0,0,0,0,,0.0,121.0,121,121,0.0252,0.0177,0.0311,0.0036,0.0,0.0,0.0,0.0545,0.1329
openstacks-strips-p23,0,True,29,990,1921,3093,0,5312,0,0,0,0,0,0,0,,0.0,121.0,121,121,0.025,0.0178,0.0366,0.0036,0.0,0.0,0.0,0.0562,0.1402
openstacks-strips-p24,0,True,49,2650,5201,8153,0,17845,0,0,0,0,0,0,0,,0.0,201.0,201,201,0.3026,0.0979,2.7715,0.0167,0.0,0.0,0.0,0.2038,3.3949
openstacks-strips-p25,0,True,49,2650,5201,8153,0,17146,0,0,0,0,0,0,0,,0.0,201.0,201,201,0.3582,0.0925,1.9095,0.0147,0.0,0.0,0.0,0.1939,2.5714
openstacks-strips-p26,0,True,49,2650,5201,8153,0,13615,0,0,0,0,0,0,0,,0.0,201.0,201,201,0.0658,0.0694,0.3152,0.0103,0.0,0.0,0.0,0.1613,0.6238
openstacks-strips-p27,0,True,74,5850,11551,17853,0,29969,0,0,0,0,0,0,0,,0.0,301.0,301,301,0.1766,0.2263,1.4404,0.0236,0.0,0.0,0.0,0.4252,2.2969
openstacks-strips-p28,0,True,99,10300,20401,31303,0,71503,0,0,0,0,0,0,0,,0.0,401.0,401,401,0.6691,0.9616,171.9845,0.086,0.0,0.0,0.0,1.2636,174.9888
openstacks-strips-p29,0,True,99,10300,20401,31303,0,67495,0,0,0,0,0,0,0,,0.0,401.0,401,401,0.6056,0.8471,94.576,0.0888,0.0,0.0,0.0,1.1951,97.3259
openstacks-strips-p30,0,True,99,10300,20401,31303,0,52657,0,0,0,0,0,0,0,,0.0,401.0,401,401,0.3875,0.577,4.9571,0.0483,0.0,0.0,0.0,0.9204,6.8956
optical-telegraphs-p01-opt2,-3,False,0,0,0,0,0,0,0,0,0,0,0,0,0,,0.0,0.0,1e+20,1e+20,0,0,0,0,0,0,0,0,0
optical-telegraphs-p02-opt3,-3,False,0,0,0,0,0,0,0,0,0,0,0,0,0,,0.0,0.0,1e+20,1e+20,0,0,0,0,0,0,0,0,0
optical-telegraphs-p03-opt4,-3,False,0,0,0,0,0,0,0,0,0,0,0,0,0,,0.0,0.0,1e+20,1e+20,0,0,0,0,0,0,0,0,0
optical-telegraphs-p04-opt5,-3,False,0,0,0,0,0,0,0,0,0,0,0,0,0,,0.0,0.0,1e+20,1e+20,0,0,0,0,0,0,0,0,0
optical-telegraphs-p05-opt6,-3,False,0,0,0,0,0,0,0,0,0,0,0,0,0,,0.0,0.0,1e+20,1e+20,0,0,0,0,0,0,0,0,0
optical-telegraphs-p06-opt7,-3,False,0,0,0,0,0,0,0,0,0,0,0,0,0,,0.0,0.0,1e+20,1e+20,0,0,0,0,0,0,0,0,0
optical-telegraphs-p07-opt8,-3,False,0,0,0,0,0,0,0,0,0,0,0,0,0,,0.0,0.0,1e+20,1e+20,0,0,0,0,0,0,0,0,0
optical-telegraphs-p08-opt9,-3,False,0,0,0,0,0,0,0,0,0,0,0,0,0,,0.0,0.0,1e+20,1e+20,0,0,0,0,0,0,0,0,0
optical-telegraphs-p09-opt10,-3,False,0,0,0,0,0,0,0,0,0,0,0,0,0,,0.0,0.0,1e+20,1e+20,0,0,0,0,0,0,0,0,0
optical-telegraphs-p10-opt11,-3,False,0,0,0,0,0,0,0,0,0,0,0,0,0,,0.0,0.0,1e+20,1e+20,0,0,0,0,0,0,0,0,0
optical-telegraphs-p11-opt12,-3,False,0,0,0,0,0,0,0,0,0,0,0,0,0,,0.0,0.0,1e+20,1e+20,0,0,0,0,0,0,0,0,0
optical-telegraphs-p12-opt13,-3,False,0,0,0,0,0,0,0,0,0,0,0,0,0,,0.0,0.0,1e+20,1e+20,0,0,0,0,0,0,0,0,0
optical-telegraphs-p13-opt14,-3,False,0,0,0,0,0,0,0,0,0,0,0,0,0,,0.0,0.0,1e+20,1e+20,0,0,0,0,0,0,0,0,0
optical-telegraphs-p14-opt15,-3,False,0,0,0,0,0,0,0,0,0,0,0,0,0,,0.0,0.0,1e+20,1e+20,0,0,0,0,0,0,0,0,0
optical-telegraphs-p15-opt16,-3,False,0,0,0,0,0,0,0,0,0,0,0,0,0,,0.0,0.0,1e+20,1e+20,0,0,0,0,0,0,0,0,0
optical-telegraphs-p16-opt17,-3,False,0,0,0,0,0,0,0,0,0,0,0,0,0,,0.0,0.0,1e+20,1e+20,0,0,0,0,0,0,0,0,0
optical-telegraphs-p17-opt18,-3,False,0,0,0,0,0,0,0,0,0,0,0,0,0,,0.0,0.0,1e+20,1e+20,0,0,0,0,0,0,0,0,0
optical-telegraphs-p18-opt19,-3,False,0,0,0,0,0,0,0,0,0,0,0,0,0,,0.0,0.0,1e+20,1e+20,0,0,0,0,0,0,0,0,0
optical-telegraphs-p19-opt20,-3,False,0,0,0,0,0,0,0,0,0,0,0,0,0,,0.0,0.0,1e+20,1e+20,0,0,0,0,0,0,0,0,0
optical-telegraphs-p20-opt21,-3,False,0,0,0,0,0,0,0,0,0,0,0,0,0,,0.0,0.0,1e+20,1e+20,0,0,0,0,0,0,0,0,0
optical-telegraphs-p21-opt22,-3,False,0,0,0,0,0,0,0,0,0,0,0,0,0,,0.0,0.0,1e+20,1e+20,0,0,0,0,0,0,0,0,0
optical-telegraphs-p22-opt23,-3,False,0,0,0,0,0,0,0,0,0,0,0,0,0,,0.0,0.0,1e+20,1e+20,0,0,0,0,0,0,0,0,0
optical-telegraphs-p23-opt24,-3,False,0,0,0,0,0,0,0,0,0,0,0,0,0,,0.0,0.0,1e+20,1e+20,0,0,0,0,0,0,0,0,0
optical-telegraphs-p24-opt25,-3,False,0,0,0,0,0,0,0,0,0,0,0,0,0,,0.0,0.0,1e+20,1e+20,0,0,0,0,0,0,0,0,0
optical-telegraphs-p25-opt26,-3,False,0,0,0,0,0,0,0,0,0,0,0,0,0,,0.0,0.0,1e+20,1e+20,0,0,0,0,0,0,0,0,0
optical-telegraphs-p26-opt27,-3,False,0,0,0,0,0,0,0,0,0,0,0,0,0,,0.0,0.0,1e+20,1e+20,0,0,0,0,0,0,0,0,0
optical-telegraphs-p27-opt28,-3,False,0,0,0,0,0,0,0,0,0,0,0,0,0,,0.0,0.0,1e+20,1e+20,0,0,0,0,0,0,0,0,0
optical-telegraphs-p28-opt29,-3,False,0,0,0,0,0,0,0,0,0,0,0,0,0,,0.0,0.0,1e+20,1e+20,0,0,0,0,0,0,0,0,0
optical-telegraphs-p29-opt30,-3,False,0,0,0,0,0,0,0,0,0,0,0,0,0,,0.0,0.0,1e+20,1e+20,0,0,0,0,0,0,0,0,0
optical-telegraphs-p30-opt31,-3,False,0,0,0,0,0,0,0,0,0,0,0,0,0,,0.0,0.0,1e+20,1e+20,0,0,0,0,0,0,0,0,0
optical-telegraphs-p31-opt32,-3,False,0,0,0,0,0,0,0,0,0,0,0,0,0,,0.0,0.0,1e+20,1e+20,0,0,0,0,0,0,0,0,0
optical-telegraphs-p32-opt33,-3,False,0,0,0,0,0,0,0,0,0,0,0,0,0,,0.0,0.0,1e+20,1e+20,0,0,0,0,0,0,0,0,0
optical-telegraphs-p33-opt34,-3,False,0,0,0,0,0,0,0,0,0,0,0,0,0,,0.0,0.0,1e+20,1e+20,0,0,0,0,0,0,0,0,0
optical-telegraphs-p34-opt35,-3,False,0,0,0,0,0,0,0,0,0,0,0,0,0,,0.0,0.0,1e+20,1e+20,0,0,0,0,0,0,0,0,0
optical-telegraphs-p35-opt36,-3,False,0,0,0,0,0,0,0,0,0,0,0,0,0,,0.0,0.0,1e+20,1e+20,0,0,0,0,0,0,0,0,0
optical-telegraphs-p36-opt37,-3,False,0,0,0,0,0,0,0,0,0,0,0,0,0,,0.0,0.0,1e+20,1e+20,0,0,0,0,0,0,0,0,0
optical-telegraphs-p37-opt38,-3,False,0,0,0,0,0,0,0,0,0,0,0,0,0,,0.0,0.0,1e+20,1e+20,0,0,0,0,0,0,0,0,0
optical-telegraphs-p38-opt39,-3,False,0,0,0,0,0,0,0,0,0,0,0,0,0,,0.0,0.0,1e+20,1e+20,0,0,0,0,0,0,0,0,0
optical-telegraphs-p39-opt40,-3,False,0,0,0,0,0,0,0,0,0,0,0,0,0,,0.0,0.0,1e+20,1e+20,0,0,0,0,0,0,0,0,0
optical-telegraphs-p40-opt41,-3,False,0,0,0,0,0,0,0,0,0,0,0,0,0,,0.0,0.0,1e+20,1e+20,0,0,0,0,0,0,0,0,0
optical-telegraphs-p41-opt42,-3,False,0,0,0,0,0,0,0,0,0,0,0,0,0,,0.0,0.0,1e+20,1e+20,0,0,0,0,0,0,0,0,0
optical-telegraphs-p42-opt43,-3,False,0,0,0,0,0,0,0,0,0,0,0,0,0,,0.0,0.0,1e+20,1e+20,0,0,0,0,0,0,0,0,0
optical-telegraphs-p43-opt44,-3,False,0,0,0,0,0,0,0,0,0,0,0,0,0,,0.0,0.0,1e+20,1e+20,0,0,0,0,0,0,0,0,0
optical-telegraphs-p44-opt45,-3,False,0,0,0,0,0,0,0,0,0,0,0,0,0,,0.0,0.0,1e+20,1e+20,0,0,0,0,0,0,0,0,0
optical-telegraphs-p45-opt46,-3,False,0,0,0,0,0,0,0,0,0,0,0,0,0,,0.0,0.0,1e+20,1e+20,0,0,0,0,0,0,0,0,0
optical-telegraphs-p46-opt47,-3,False,0,0,0,0,0,0,0,0,0,0,0,0,0,,0.0,0.0,1e+20,1e+20,0,0,0,0,0,0,0,0,0
optical-telegraphs-p47-opt48,-3,False,0,0,0,0,0,0,0,0,0,0,0,0,0,,0.0,0.0,1e+20,1e+20,0,0,0,0,0,0,0,0,0
optical-telegraphs-p48-opt49,-3,False,0,0,0,0,0,0,0,0,0,0,0,0,0,,0.0,0.0,1e+20,1e+20,0,0,0,0,0,0,0,0,0
organic-synthesis-opt18-strips-p01,0,True,0,1,9,19,0,18,0,0,0,0,1,0,0,,0.0,1.0,1,1,0.0075,0.0003,0.0,0.0073,0.0,0.0,0.0,0.0013,0.0176
organic-synthesis-opt18-strips-p02,0,True,1,2,17,30,0,28,0,0,0,0,0,0,0,,0.0,1.0,1,1,0.0088,0.0006,0.0,0.001,0.0,0.0,0.0,0.0022,0.013
organic-synthesis-opt18-strips-p03,0,True,3,5,22,43,0,62,0,0,0,0,0,0,0,,0.0,2.0,2,2,0.0433,0.0156,0.0,0.0015,0.0,0.0,0.0,0.0015,0.0629
organic-synthesis-opt18-strips-p07,0,True,0,1,12,26,0,24,0,0,0,0,1,0,0,,0.0,2.0,2,2,0.0064,0.0001,0.0,0.0012,0.0,0.0,0.0,0.0013,0.0094
organic-synthesis-opt18-strips-p09,0,True,4,4,18,35,0,41,0,0,0,0,0,0,0,,0.0,2.0,2,2,0.1107,0.0186,0.0,0.0027,0.0,0.0,0.0,0.0015,0.1358
organic-synthesis-opt18-strips-p10,0,True,4,4,18,35,0,41,0,0,0,0,0,0,0,,0.0,2.0,2,2,0.1166,0.0192,0.0,0.0014,0.0,0.0,0.0,0.0015,0.1422
organic-synthesis-opt18-strips-p11,0,True,65,506,2010,2591,0,2355,0,0,0,0,0,0,0,,0.0,2.0,2,2,5.8268,532.8005,0.0002,0.0049,0.0,0.0,0.0,0.0369,538.7886
organic-synthesis-opt18-strips-p12,0,True,2,6,61,90,0,105,0,0,0,0,0,0,0,,0.0,2.0,2,2,11.7959,3.4906,0.0,0.1644,0.0,0.0,0.0,0.0029,15.6512
organic-synthesis-opt18-strips-p14,0,True,11,8,73,112,0,104,0,0,0,0,0,0,0,,0.0,2.0,2,2,0.0418,0.0264,0.0,0.0019,0.0,0.0,0.0,0.0018,0.0727
organic-synthesis-sat18-strips-p06,0,True,20,16,80,125,0,187,0,0,0,0,0,0,0,,0.0,2.0,2,2,0.3287,0.2603,0.0,0.0061,0.0,0.0,0.0,0.0023,0.6049
organic-synthesis-sat18-strips-p07,0,True,22,54,763,863,0,809,0,0,0,0,0,0,0,,0.0,2.0,2,2,1.4071,0.4394,0.0001,0.0016,0.0,0.0,0.0,0.0135,1.891
organic-synthesis-sat18-strips-p16,0,True,354,6564,26484,33408,0,31217,0,0,0,0,0,0,0,,0.0,6.0,6,6,1.286,9.3756,0.0714,0.0318,0.0,0.0,0.0,0.928,11.7162
organic-synthesis-split-opt18-strips-p01,0,False,189,2042,2631,4874,0,4193,0,2,0,0,3,0,0,,0.0,41.0,61,41,0.0164,0.0172,0.0112,0.004,0.0,0.0035,0.0,0.2045,0.2541
organic-synthesis-split-opt18-strips-p02,0,False,229,3556,4277,8074,0,6223,0,2,0,0,3,0,0,,0.0,41.0,53,41,0.0301,0.0452,0.0201,0.0063,0.0,0.0064,0.0,0.5692,0.672
organic-synthesis-split-opt18-strips-p03,0,False,526,7634,10890,19103,0,16783,0,11,0,0,13,0,99,,0.0,247.0,289,247,0.5085,0.3347,0.2866,0.0204,0.0,0.434,0.0,2.9196,4.0731
organic-synthesis-split-opt18-strips-p04,0,False,718,10435,14470,25646,0,24440,0,0,0,0,1,0,0,,0.0,239.0,248,239,0.1289,0.4022,0.6519,0.034,0.0,0.0005,0.0,11.3098,12.5291
organic-synthesis-split-opt18-strips-p05,0,False,1269,27395,42855,71522,0,74936,0,2,0,0,4,0,0,,0.0,122.0,176,122,0.5206,1.9098,2.1868,0.137,0.0,2.1173,0.0,168.4769,173.2358
organic-synthesis-split-opt18-strips-p06,0,False,1124,33531,47412,82096,0,74418,0,2,0,0,3,0,3602,,0.0,247.0,400,247,0.5445,2.1625,3.5144,0.1471,0.0,5.4095,0.0,592.7162,599.0902
organic-synthesis-split-opt18-strips-p07,0,False,14,28,74,142,0,172,0,0,0,0,0,0,0,,0.0,189.0,189,189,0.0055,0.0004,0.0001,0.0011,0.0,0.0,0.0,0.0045,0.012
organic-synthesis-split-opt18-strips-p08,0,False,1828,61570,91317,154729,0,152126,0,7,0,0,8,0,0,,0.0,234.0,512,234,1.3433,6.2799,26.4962,0.3851,0.0,48.3023,0.0,202.371,236.8939
organic-synthesis-split-opt18-strips-p09,0,False,413,5144,6447,12007,0,10287,0,47,0,0,49,0,106,,0.0,47.0,59,47,0.0434,0.1169,0.0404,0.011,0.0,1.2291,0.0,7.8058,8.0189
organic-synthesis-split-opt18-strips-p10,0,False,423,5236,6655,12317,0,10661,0,37,0,0,38,0,101,,0.0,47.0,59,47,0.0479,0.1203,0.0504,0.0115,0.0,0.6813,0.0,3.9917,4.2232
organic-synthesis-split-opt18-strips-p11,0,False,1284,19706,32859,53858,0,59069,0,29,0,0,32,0,0,,0.0,73.0,86,73,0.3669,1.2174,0.3806,0.1093,0.0,41.3358,0.0,96.1889,98.2673
organic-synthesis-split-opt18-strips-p12,0,False,1502,19368,33734,54609,0,63650,0,0,0,0,3,0,0,,0.0,39.0,56,39,0.473,1.5222,0.2955,0.1338,0.0,0.0017,0.0,11.0563,13.4878
organic-synthesis-split-opt18-strips-p13,2,False,2865,112997,174331,290200,0,288927,0,0,0,0,2,0,0,,0.0,139.856,308,274,3.5318,28.7713,72.5453,1.332,0.0,0.0052,0.0,793.9163,900.1282
organic-synthesis-split-opt18-strips-p14,0,False,367,9083,10593,20066,0,14439,0,34,0,0,38,0,0,,0.0,55.0,65,55,0.0648,0.3327,0.101,0.0192,0.0,0.8724,0.0,1.7759,2.2954
organic-synthesis-split-opt18-strips-p15,2,False,3264,119376,178985,301646,0,298630,0,6,0,0,12,0,0,,0.0,202.0,527,256,4.3953,39.8038,83.8156,1.4896,0.0,139.1163,0.0,779.1321,908.6693
organic-synthesis-split-opt18-strips-p16,0,False,3964,128940,209140,342069,0,361916,0,0,0,0,2,0,0,,0.0,103.0,121,103,9.5563,67.1388,92.2896,2.2534,0.0,0.007,0.0,255.1088,426.3938
organic-synthesis-split-opt18-strips-p17,2,False,4791,179090,281029,464946,0,475039,0,0,0,0,0,0,0,,0.0,0.0,479,479,16.6404,139.817,446.4103,3.6539,0.0,0.0,0.0,293.7804,900.3502
organic-synthesis-split-opt18-strips-p18,2,False,3927,173070,250963,427989,0,401315,0,0,0,0,0,0,0,,0.0,0.0,637,637,7.8099,95.0324,190.0202,2.6748,0.0,0.0,0.0,604.599,900.1765
organic-synthesis-split-opt18-strips-p19,2,False,2354,73603,110807,186769,0,186869,0,3,0,0,3,0,0,,0.0,139.537,162,162,2.1319,15.0767,21.8636,0.6774,0.0,26.376,0.0,862.1192,901.8831
organic-synthesis-split-opt18-strips-p20,2,False,2705,102307,148321,253353,0,242571,0,2,0,0,2,0,0,,0.0,157.429,448,448,2.94,23.2487,57.584,1.055,0.0,59.8489,0.0,815.2619,900.1098
organic-synthesis-split-sat18-strips-p01,0,False,810,13779,19969,34598,0,33379,0,0,0,0,0,0,0,,0.0,216.0,216,216,0.1867,0.493,1.2885,0.0484,0.0,0.0,0.0,0.6471,2.6662
organic-synthesis-split-sat18-strips-p02,0,False,775,15122,21138,37088,0,31687,0,4,0,0,8,0,70,,0.0,247.0,308,247,0.5774,0.9756,1.4295,0.0518,0.0,0.5327,0.0,7.1175,10.1597
organic-synthesis-split-sat18-strips-p03,0,False,1612,55216,81755,138633,0,135387,0,6,0,0,7,0,0,,0.0,246.0,450,246,1.1101,5.2046,13.4729,0.3203,0.0,58.4651,0.0,201.8473,221.9708
organic-synthesis-split-sat18-strips-p04,0,False,1278,33396,49369,84054,0,77212,0,1,0,0,2,0,0,,0.0,158.0,162,158,0.6315,3.5224,2.4153,0.1745,0.0,0.7422,0.0,14.2265,20.9769
organic-synthesis-split-sat18-strips-p05,2,False,2211,65386,101307,168911,0,166448,0,5,0,0,8,0,0,,0.0,146.196,281,232,1.9075,13.1603,31.4421,0.6103,0.0,44.6552,0.0,852.9406,900.073
organic-synthesis-split-sat18-strips-p06,0,False,525,9107,10940,20575,0,16104,0,45,0,0,48,0,51,,0.0,45.0,59,45,0.0836,0.3618,0.1072,0.0236,0.0,3.5455,0.0,8.7057,9.2836
organic-synthesis-split-sat18-strips-p07,0,False,2024,27766,50419,80220,0,90973,0,5,0,0,6,0,0,,0.0,48.0,49,48,0.9328,3.8213,0.4009,0.2738,0.0,3.474,0.0,22.2743,27.71
organic-synthesis-split-sat18-strips-p08,0,False,3180,117010,183793,303988,0,298491,0,5,0,0,6,0,0,,0.0,108.0,112,108,4.4416,53.9064,10.8864,1.761,0.0,62.4136,0.0,502.7283,573.7502
organic-synthesis-split-sat18-strips-p09,2,False,4640,228474,348502,581623,0,555108,0,0,0,0,0,0,0,,0.0,0.0,238,238,10.8773,172.5891,204.0653,4.588,0.0,0.0,0.0,508.0526,900.2242
organic-synthesis-split-sat18-strips-p10,2,False,3137,99286,152756,255190,0,251434,0,0,0,0,0,0,0,,0.0,0.0,370,370,3.7841,39.2551,93.2746,1.3633,0.0,0.0,0.0,762.4201,900.1173
organic-synthesis-split-sat18-strips-p11,2,False,4935,240849,350755,596546,0,567371,0,0,0,0,0,0,0,,0.0,0.0,362,362,11.9489,171.701,446.4903,4.585,0.0,0.0,0.0,265.4382,900.2118
organic-synthesis-split-sat18-strips-p12,3,False,4886,298526,423584,0,0,0,0,0,0,0,0,0,0,,0.0,0.0,1e+20,1e+20,14.9983,269.3853,615.5895,0.0,0.0,0.0,0.0,0.0,901.7752
organic-synthesis-split-sat18-strips-p13,3,False,8666,646661,934803,0,0,0,0,0,0,0,0,0,0,,0.0,0.0,1e+20,1e+20,57.6594,842.2913,0.0,0.0,0.0,0.0,0.0,0.0,901.4491
organic-synthesis-split-sat18-strips-p14,3,False,6193,369806,523130,0,0,0,0,0,0,0,0,0,0,,0.0,0.0,1e+20,1e+20,22.3126,350.3797,527.276,0.0,0.0,0.0,0.0,0.0,948.033
organic-synthesis-split-sat18-strips-p15,0,False,1005,20139,26402,47571,0,41810,0,10,0,0,11,0,0,,0.0,273.0,404,273,0.296,1.5817,2.9305,0.0822,0.0,4.5387,0.0,46.9315,51.8257
organic-synthesis-split-sat18-strips-p16,0,False,2776,46110,76427,125401,0,127946,0,9,0,0,11,0,0,,0.0,540.0,616,540,1.5693,12.5309,46.0024,0.5379,0.0,117.4366,0.0,202.4462,263.0963
organic-synthesis-split-sat18-strips-p17,3,False,5284,292300,421295,0,0,0,0,0,0,0,0,0,0,,0.0,0.0,1e+20,1e+20,25.294,264.4061,610.263,0.0,0.0,0.0,0.0,0.0,902.2589
organic-synthesis-split-sat18-strips-p18,2,False,5012,237977,341676,584731,0,542683,0,0,0,0,0,0,0,,0.0,15.0,803,803,11.7829,188.026,663.1509,4.6194,0.0,0.0,0.0,32.5806,900.2061
organic-synthesis-split-sat18-strips-p19,-2,False,0,0,0,0,0,0,0,0,0,0,0,0,0,,0.0,0.0,1e+20,1e+20,0,0,0,0,0,0,0,0,0
organic-synthesis-split-sat18-strips-p20,3,False,10608,705330,1000070,0,0,0,0,0,0,0,0,0,0,,0.0,0.0,1e+20,1e+20,67.7035,832.2431,0.0,0.0,0.0,0.0,0.0,0.0,903.3293
parcprinter-08-strips-p01,0,False,14,17,42,95,0,125,0,0,0,0,0,0,0,,0.0,169009.0,169009,169009,0.0227,0.0001,0.0,0.0032,0.0,0.0,0.0,0.004,0.0305
parcprinter-08-strips-p02,0,False,26,33,67,160,0,220,0,0,0,0,1,0,0,,0.0,438047.0,446047,438047,0.0231,0.0002,0.0001,0.0012,0.0,0.0,0.0,0.0063,0.0314
parcprinter-08-strips-p03,0,False,2,2,45,114,0,167,0,0,0,0,0,0,0,,0.0,807114.0,807114,807114,0.0224,0.0002,0.0,0.0015,0.0,0.0,0.0,0.0022,0.0267
parcprinter-08-strips-p04,0,False,53,67,121,294,0,418,0,0,0,0,2,0,0,,0.0,876094.0,1027104,876094,0.0236,0.0007,0.0002,0.0016,0.0,0.0001,0.0,0.0059,0.0325
parcprinter-08-strips-p05,0,False,65,83,146,359,0,513,0,0,0,0,2,0,0,,0.0,1145132.0,1439152,1145132,0.0066,0.0011,0.0004,0.0012,0.0,0.0001,0.0,0.0065,0.0163
parcprinter-08-strips-p06,0,False,74,97,167,420,0,600,0,0,0,0,3,0,0,,0.0,1514199.0,2092239,1514199,0.0058,0.0014,0.0006,0.0013,0.0,0.0001,0.0,0.0068,0.0164
parcprinter-08-strips-p07,0,False,98,121,208,501,0,727,0,0,0,0,2,0,0,,0.0,1383121.0,1534131,1383121,0.0082,0.0023,0.0008,0.0013,0.0,0.0001,0.0,0.0088,0.0218
parcprinter-08-strips-p08,0,False,104,133,225,558,0,806,0,0,0,0,1,0,0,,0.0,1852217.0,2565267,1852217,0.0064,0.0027,0.0012,0.0016,0.0,0.0,0.0,0.0083,0.0208
parcprinter-08-strips-p09,0,False,116,149,250,623,0,901,0,0,0,0,2,0,0,,0.0,2121255.0,2842305,2121255,0.0069,0.0034,0.0015,0.0016,0.0,0.0001,0.0,0.0089,0.0227
parcprinter-08-strips-p10,0,False,125,163,271,684,0,988,0,0,0,0,2,0,0,,0.0,2490322.0,3629402,2490322,0.0072,0.0039,0.0021,0.0016,0.0,0.0001,0.0,0.0092,0.0246
parcprinter-08-strips-p11,0,False,17,22,52,116,0,172,0,0,0,0,0,0,0,,0.0,165989.0,165989,165989,0.0047,0.0002,0.0,0.0012,0.0,0.0,0.0,0.0041,0.0107
parcprinter-08-strips-p12,0,False,34,44,85,197,0,304,0,0,0,0,0,0,0,,0.0,425725.0,425725,425725,0.0051,0.0004,0.0001,0.0014,0.0,0.0,0.0,0.005,0.0124
parcprinter-08-strips-p13,0,False,51,66,122,282,0,448,0,0,0,0,0,0,0,,0.0,591714.0,591714,591714,0.0251,0.0008,0.0001,0.0012,0.0,0.0,0.0,0.0059,0.0336
parcprinter-08-strips-p14,0,False,68,88,155,363,0,580,0,0,0,0,1,0,0,,0.0,851450.0,863255,851450,0.0056,0.0013,0.0002,0.0015,0.0,0.0,0.0,0.007,0.016
parcprinter-08-strips-p15,0,False,85,112,194,454,0,732,0,0,0,0,1,0,0,,0.0,1323035.0,1334840,1323035,0.0063,0.0021,0.0004,0.0015,0.0,0.0,0.0,0.0081,0.0188
parcprinter-08-strips-p16,0,False,102,132,221,525,0,844,0,0,0,0,0,0,0,,0.0,1370922.0,1370922,1370922,0.0065,0.0028,0.0005,0.0017,0.0,0.0,0.0,0.0085,0.0204
parcprinter-08-strips-p17,0,False,119,154,262,614,0,1000,0,0,0,0,1,0,0,,0.0,1443164.0,1454969,1443164,0.0069,0.0039,0.0007,0.0023,0.0,0.0001,0.0,0.0099,0.0242
parcprinter-08-strips-p18,0,False,136,176,287,687,0,1108,0,0,0,0,1,0,0,,0.0,1890394.0,1902199,1890394,0.0072,0.0048,0.0009,0.0017,0.0,0.0,0.0,0.0105,0.0256
parcprinter-08-strips-p19,0,False,153,204,334,792,0,1284,0,0,0,0,1,0,0,,0.0,2579475.0,2591280,2579475,0.009,0.0065,0.0012,0.0019,0.0,0.0001,0.0,0.0115,0.0306
parcprinter-08-strips-p20,0,False,170,222,375,875,0,1440,0,0,0,0,0,0,0,,0.0,2246727.0,2246727,2246727,0.0134,0.0089,0.0015,0.002,0.0,0.0,0.0,0.0124,0.0389
parcprinter-08-strips-p21,0,False,8,17,36,79,0,110,0,0,0,0,0,0,0,,0.0,143411.0,143411,143411,0.0046,0.0001,0.0,0.0012,0.0,0.0,0.0,0.0038,0.0102
parcprinter-08-strips-p22,0,False,13,32,61,137,0,198,0,1,0,0,2,0,0,,0.0,375821.0,511110,375821,0.0052,0.0002,0.0001,0.0013,0.0,0.0,0.0,0.0043,0.0115
parcprinter-08-strips-p23,0,False,21,49,89,199,0,294,0,0,0,0,1,0,0,,0.0,519232.0,654521,519232,0.0052,0.0004,0.0001,0.0013,0.0,0.0,0.0,0.0051,0.0124
parcprinter-08-strips-p24,0,False,26,64,114,257,0,382,0,0,0,0,2,0,0,,0.0,751642.0,1022220,751642,0.0057,0.0006,0.0001,0.0015,0.0,0.0001,0.0,0.0056,0.0139
parcprinter-08-strips-p25,0,False,31,78,141,319,0,480,0,1,0,0,2,0,0,,0.0,1196842.0,1602709,1196842,0.0055,0.0009,0.0002,0.0013,0.0,0.0001,0.0,0.0061,0.0145
parcprinter-08-strips-p26,0,False,36,94,164,373,0,558,0,1,0,0,2,0,0,,0.0,1216462.0,1757618,1216462,0.0052,0.0012,0.0003,0.0013,0.0,0.0001,0.0,0.0065,0.0149
parcprinter-08-strips-p27,0,False,47,113,195,439,0,662,0,1,0,0,2,0,0,,0.0,1270874.0,1676741,1270874,0.0062,0.0016,0.0004,0.0012,0.0,0.0001,0.0,0.0075,0.0174
parcprinter-08-strips-p28,0,False,46,124,214,489,0,734,0,1,0,0,2,0,0,,0.0,1681282.0,2493016,1681282,0.006,0.0019,0.0006,0.0012,0.0,0.0001,0.0,0.0077,0.0179
parcprinter-08-strips-p29,0,False,48,136,242,553,0,840,0,1,0,0,2,0,0,,0.0,2343271.0,3425583,2343271,0.0064,0.0027,0.0007,0.0013,0.0,0.0001,0.0,0.0077,0.0194
parcprinter-08-strips-p30,0,False,68,161,278,625,0,952,0,3,0,0,4,0,0,,0.0,2002896.0,2544052,2002896,0.0247,0.0034,0.0008,0.0015,0.0,0.0003,0.0,0.0103,0.0412
parcprinter-opt11-strips-p01,0,False,13,32,61,137,0,198,0,1,0,0,2,0,0,,0.0,375821.0,511110,375821,0.0046,0.0002,0.0001,0.0012,0.0,0.0,0.0,0.0043,0.0107
parcprinter-opt11-strips-p02,0,False,26,33,67,160,0,220,0,0,0,0,1,0,0,,0.0,438047.0,446047,438047,0.0045,0.0002,0.0001,0.0011,0.0,0.0,0.0,0.0063,0.0126
parcprinter-opt11-strips-p03,0,False,34,44,85,197,0,304,0,0,0,0,0,0,0,,0.0,425725.0,425725,425725,0.0216,0.0004,0.0001,0.0015,0.0,0.0,0.0,0.0051,0.0291
parcprinter-opt11-strips-p04,0,False,53,67,121,294,0,418,0,0,0,0,2,0,0,,0.0,876094.0,1027104,876094,0.0048,0.0008,0.0002,0.0013,0.0,0.0001,0.0,0.006,0.0135
parcprinter-opt11-strips-p05,0,False,21,49,89,199,0,294,0,0,0,0,1,0,0,,0.0,519232.0,654521,519232,0.005,0.0004,0.0001,0.001,0.0,0.0,0.0,0.0051,0.0121
parcprinter-opt11-strips-p06,0,False,74,97,167,420,0,600,0,0,0,0,3,0,0,,0.0,1514199.0,2092239,1514199,0.0059,0.0014,0.0006,0.0012,0.0,0.0001,0.0,0.0069,0.0165
parcprinter-opt11-strips-p07,0,False,65,83,146,359,0,513,0,0,0,0,2,0,0,,0.0,1145132.0,1439152,1145132,0.0057,0.0011,0.0004,0.0014,0.0,0.0001,0.0,0.0065,0.0155
parcprinter-opt11-strips-p08,0,False,26,64,114,257,0,382,0,0,0,0,2,0,0,,0.0,751642.0,1022220,751642,0.0071,0.0006,0.0001,0.0013,0.0,0.0001,0.0,0.0057,0.0152
parcprinter-opt11-strips-p09,0,False,51,66,122,282,0,448,0,0,0,0,0,0,0,,0.0,591714.0,591714,591714,0.0168,0.0008,0.0001,0.0013,0.0,0.0,0.0,0.006,0.0256
parcprinter-opt11-strips-p10,0,False,31,78,141,319,0,480,0,1,0,0,2,0,0,,0.0,1196842.0,1602709,1196842,0.0054,0.0009,0.0002,0.0015,0.0,0.0001,0.0,0.006,0.0145
parcprinter-opt11-strips-p11,0,False,36,94,164,373,0,558,0,1,0,0,2,0,0,,0.0,1216462.0,1757618,1216462,0.0063,0.0011,0.0003,0.0015,0.0,0.0001,0.0,0.0066,0.0163
parcprinter-opt11-strips-p12,0,False,68,88,155,363,0,580,0,0,0,0,1,0,0,,0.0,851450.0,863255,851450,0.0058,0.0013,0.0002,0.0014,0.0,0.0,0.0,0.0069,0.0161
parcprinter-opt11-strips-p13,0,False,98,121,208,501,0,727,0,0,0,0,2,0,0,,0.0,1383121.0,1534131,1383121,0.0072,0.0023,0.0008,0.0016,0.0,0.0001,0.0,0.0087,0.0211
parcprinter-opt11-strips-p14,0,False,104,133,225,558,0,806,0,0,0,0,1,0,0,,0.0,1852217.0,2565267,1852217,0.0069,0.0027,0.0012,0.0014,0.0,0.0,0.0,0.0083,0.0209
parcprinter-opt11-strips-p15,0,False,116,149,250,623,0,901,0,0,0,0,2,0,0,,0.0,2121255.0,2842305,2121255,0.0124,0.0034,0.0015,0.0018,0.0,0.0001,0.0,0.0088,0.0284
parcprinter-opt11-strips-p16,0,False,125,163,271,684,0,988,0,0,0,0,2,0,0,,0.0,2490322.0,3629402,2490322,0.0148,0.004,0.0021,0.0018,0.0,0.0001,0.0,0.0091,0.0323
parcprinter-opt11-strips-p17,0,False,85,112,194,454,0,732,0,0,0,0,1,0,0,,0.0,1323035.0,1334840,1323035,0.0066,0.0021,0.0004,0.0012,0.0,0.0,0.0,0.0081,0.019
parcprinter-opt11-strips-p18,0,False,102,132,221,525,0,844,0,0,0,0,0,0,0,,0.0,1370922.0,1370922,1370922,0.0067,0.0028,0.0005,0.0016,0.0,0.0,0.0,0.0086,0.0205
parcprinter-opt11-strips-p19,0,False,119,154,262,614,0,1000,0,0,0,0,1,0,0,,0.0,1443164.0,1454969,1443164,0.0078,0.0039,0.0007,0.0016,0.0,0.0,0.0,0.0099,0.0244
parcprinter-opt11-strips-p20,0,False,47,113,195,439,0,662,0,1,0,0,2,0,0,,0.0,1270874.0,1676741,1270874,0.0057,0.0016,0.0004,0.0012,0.0,0.0001,0.0,0.0076,0.0169
parcprinter-sat11-strips-p01,0,False,98,121,208,501,0,727,0,0,0,0,2,0,0,,0.0,1383121.0,1534131,1383121,0.0081,0.0023,0.0008,0.0013,0.0,0.0001,0.0,0.0086,0.0216
parcprinter-sat11-strips-p02,0,False,104,133,225,558,0,806,0,0,0,0,1,0,0,,0.0,1852217.0,2565267,1852217,0.0065,0.0027,0.0012,0.0019,0.0,0.0,0.0,0.0084,0.0212
parcprinter-sat11-strips-p03,0,False,125,163,271,684,0,988,0,0,0,0,2,0,0,,0.0,2490322.0,3629402,2490322,0.0071,0.004,0.0021,0.0015,0.0,0.0001,0.0,0.0091,0.0242
parcprinter-sat11-strips-p04,0,False,170,222,375,875,0,1440,0,0,0,0,0,0,0,,0.0,2246727.0,2246727,2246727,0.0106,0.0087,0.0015,0.0019,0.0,0.0,0.0,0.0127,0.036
parcprinter-sat11-strips-p05,0,False,36,94,164,373,0,558,0,1,0,0,2,0,0,,0.0,1216462.0,1757618,1216462,0.0051,0.0011,0.0003,0.0012,0.0,0.0001,0.0,0.0066,0.0148
parcprinter-sat11-strips-p06,0,False,47,113,195,439,0,662,0,1,0,0,2,0,0,,0.0,1270874.0,1676741,1270874,0.0058,0.0016,0.0004,0.0015,0.0,0.0001,0.0,0.0077,0.0174
parcprinter-sat11-strips-p07,0,False,116,149,250,623,0,901,0,0,0,0,2,0,0,,0.0,2121255.0,2842305,2121255,0.0075,0.0034,0.0015,0.0014,0.0,0.0001,0.0,0.009,0.0232
parcprinter-sat11-strips-p08,0,False,46,124,214,489,0,734,0,1,0,0,2,0,0,,0.0,1681282.0,2493016,1681282,0.0062,0.0019,0.0005,0.0013,0.0,0.0001,0.0,0.0077,0.0181
parcprinter-sat11-strips-p09,0,False,48,136,242,553,0,840,0,1,0,0,2,0,0,,0.0,2343271.0,3425583,2343271,0.0085,0.0027,0.0007,0.0013,0.0,0.0001,0.0,0.0076,0.0213
parcprinter-sat11-strips-p10,0,False,68,161,278,625,0,952,0,3,0,0,4,0,0,,0.0,2002896.0,2544052,2002896,0.0072,0.0034,0.0008,0.0014,0.0,0.0003,0.0,0.0102,0.0234
parcprinter-sat11-strips-p11,0,False,90,125,218,519,0,763,0,0,0,0,2,0,0,,0.0,1629147.0,1780157,1629147,0.0244,0.0026,0.0008,0.0016,0.0,0.0001,0.0,0.0082,0.0382
parcprinter-sat11-strips-p12,0,False,155,199,329,822,0,1194,0,0,0,0,2,0,0,,0.0,2828340.0,3965420,2828340,0.0094,0.0062,0.0031,0.0017,0.0,0.0001,0.0,0.0107,0.0317
parcprinter-sat11-strips-p13,0,False,200,253,416,1029,0,1503,0,0,0,0,1,0,0,,0.0,3335367.0,4471447,3335367,0.0141,0.0109,0.0054,0.0019,0.0,0.0001,0.0,0.0128,0.0458
parcprinter-sat11-strips-p14,0,False,204,266,449,1045,0,1728,0,0,0,0,0,0,0,,0.0,2578705.0,2578705,2578705,0.0153,0.0132,0.0027,0.002,0.0,0.0,0.0,0.0136,0.0474
parcprinter-sat11-strips-p15,0,False,170,230,399,911,0,1512,0,0,0,0,0,0,0,,0.0,2494225.0,2494225,2494225,0.0131,0.0097,0.0016,0.002,0.0,0.0,0.0,0.0129,0.0397
parcprinter-sat11-strips-p16,0,False,204,274,473,1081,0,1800,0,0,0,0,0,0,0,,0.0,2826203.0,2826203,2826203,0.0161,0.0147,0.0029,0.0021,0.0,0.0,0.0,0.0142,0.0506
parcprinter-sat11-strips-p17,0,False,47,113,203,451,0,694,0,0,0,0,1,0,0,,0.0,1526454.0,1932321,1526454,0.0065,0.0019,0.0004,0.0016,0.0,0.0,0.0,0.0077,0.0185
parcprinter-sat11-strips-p18,0,False,46,121,220,501,0,764,0,1,0,0,2,0,0,,0.0,2319652.0,3131386,2319652,0.0084,0.0022,0.0006,0.0015,0.0,0.0001,0.0,0.0078,0.021
parcprinter-sat11-strips-p19,0,False,48,133,248,565,0,870,0,1,0,0,2,0,0,,0.0,2981641.0,4063953,2981641,0.0078,0.003,0.0008,0.0013,0.0,0.0001,0.0,0.0078,0.0211
parcprinter-sat11-strips-p20,0,False,84,195,334,749,0,1144,0,3,0,0,4,0,0,,0.0,2289718.0,2830874,2289718,0.0091,0.0052,0.0011,0.0019,0.0,0.0003,0.0,0.0118,0.0296
parking-opt11-strips-pfile03-011,0,True,167,176,431,799,0,1074,0,6,0,0,7,0,0,,0.0,10.0,13,10,0.0274,0.0247,0.0008,0.0015,0.0,0.0009,0.0,0.0114,0.0665
parking-opt11-strips-pfile03-012,0,True,195,206,498,931,0,1285,0,12,0,0,14,0,0,,0.0,14.0,15,14,0.0277,0.0308,0.0011,0.0018,0.0,0.0022,0.0,0.0269,0.089
parking-opt11-strips-pfile04-013,0,True,267,280,719,1308,0,1792,0,19,0,0,21,0,0,,0.0,17.0,19,17,0.0408,0.0649,0.0025,0.0023,0.0,0.007,0.0,0.0458,0.157
parking-opt11-strips-pfile04-014,0,True,271,282,685,1274,0,1765,0,4,0,0,5,0,0,,0.0,16.0,17,16,0.0409,0.065,0.002,0.0022,0.0,0.0015,0.0,0.016,0.1269
parking-opt11-strips-pfile04-015,0,True,251,267,664,1219,0,1684,0,24,0,0,25,0,0,,0.0,15.0,17,15,0.0418,0.0596,0.0018,0.002,0.0,0.0085,0.0,0.0389,0.145
parking-opt11-strips-pfile04-016,0,True,253,265,635,1186,0,1630,0,6,0,0,6,0,0,,0.0,16.0,16,16,0.0411,0.059,0.0014,0.0023,0.0,0.0011,0.0,0.0141,0.1186
parking-opt11-strips-pfile05-017,0,True,333,355,912,1646,0,2296,0,66,0,0,67,0,0,,0.0,19.0,21,19,0.0661,0.1206,0.0034,0.0028,0.0,0.0585,0.0,0.0869,0.281
parking-opt11-strips-pfile05-018,0,True,313,336,854,1545,0,2135,0,60,0,0,62,0,0,,0.0,17.0,19,17,0.0641,0.1125,0.0028,0.0036,0.0,0.0358,0.0,0.0601,0.2444
parking-opt11-strips-pfile05-019,0,True,356,371,919,1690,0,2355,0,3,0,0,4,0,0,,0.0,19.0,20,19,0.0658,0.1262,0.0036,0.0038,0.0,0.0015,0.0,0.0182,0.2189
parking-opt11-strips-pfile05-020,0,True,354,370,946,1717,0,2355,0,33,0,0,34,0,0,,0.0,19.0,21,19,0.0657,0.1298,0.0039,0.0031,0.0,0.0249,0.0,0.0669,0.2705
parking-opt11-strips-pfile06-021,0,True,430,448,1100,2024,0,2758,0,56,0,0,58,0,0,,0.0,21.0,22,21,0.0996,0.2209,0.0047,0.0035,0.0,0.05,0.0,0.0813,0.4115
parking-opt11-strips-pfile06-022,0,True,454,469,1146,2117,0,2903,0,34,0,0,37,0,0,,0.0,23.0,25,23,0.1026,0.2303,0.0067,0.0038,0.0,0.0323,0.0,0.0803,0.4253
parking-opt11-strips-pfile06-023,0,True,431,447,1097,2020,0,2759,0,69,0,0,71,0,10,,0.0,21.0,24,21,0.1212,0.2145,0.0053,0.0036,0.0,0.073,0.0,0.1203,0.4664
parking-opt11-strips-pfile06-024,0,True,456,470,1114,2084,0,2843,0,15,0,0,15,0,0,,0.0,21.0,21,21,0.1019,0.2299,0.0065,0.0035,0.0,0.0237,0.0,0.0503,0.3936
parking-opt11-strips-pfile07-025,0,True,566,583,1409,2610,0,3641,0,161,0,0,162,0,63,,0.0,23.0,24,23,0.1568,0.3981,0.0078,0.005,0.0,0.4388,0.0,0.3809,0.9506
parking-opt11-strips-pfile07-026,0,True,539,558,1336,2482,0,3445,0,31,0,0,32,0,0,,0.0,21.0,23,21,0.1534,0.3755,0.007,0.0045,0.0,0.0639,0.0,0.0977,0.6399
parking-opt11-strips-pfile07-027,0,True,563,581,1480,2682,0,3712,0,153,0,0,155,0,64,,0.0,23.0,26,23,0.1536,0.4068,0.0097,0.005,0.0,0.3894,0.0,0.2789,0.8558
parking-opt11-strips-pfile07-028,0,True,563,580,1459,2659,0,3681,0,56,0,0,59,0,0,,0.0,24.0,29,24,0.1538,0.3952,0.0107,0.0048,0.0,0.1118,0.0,0.1447,0.7111
parking-opt11-strips-pfile08-029,0,True,655,687,1792,3199,0,4500,0,18,0,0,19,0,0,,0.0,25.0,28,25,0.2247,0.6876,0.0139,0.0063,0.0,0.0655,0.0,0.1249,1.0598
parking-opt11-strips-pfile08-030,0,True,686,705,1751,3203,0,4436,0,95,0,0,97,0,52,,0.0,25.0,29,25,0.2254,0.6505,0.0144,0.0062,0.0,0.3616,0.0,0.307,1.2057
parking-opt14-strips-p_12_7-01,0,True,195,206,487,919,0,1266,0,4,0,0,5,0,0,,0.0,13.0,14,13,0.0266,0.0299,0.001,0.0016,0.0,0.0007,0.0,0.0108,0.0705
parking-opt14-strips-p_12_7-02,0,True,180,192,467,869,0,1190,0,0,0,0,2,0,0,,0.0,12.0,14,12,0.0255,0.0276,0.0009,0.0019,0.0,0.0001,0.0,0.0098,0.0663
parking-opt14-strips-p_12_7-03,0,True,180,193,479,883,0,1211,0,8,0,0,10,0,0,,0.0,13.0,14,13,0.0259,0.0278,0.0009,0.0017,0.0,0.0015,0.0,0.0262,0.0832
parking-opt14-strips-p_12_7-04,0,True,180,192,467,869,0,1190,0,22,0,0,22,0,0,,0.0,14.0,14,14,0.0257,0.0277,0.0009,0.0017,0.0,0.0031,0.0,0.0226,0.0794
parking-opt14-strips-p_14_8-01,0,True,270,281,669,1255,0,1699,0,32,0,0,33,0,0,,0.0,16.0,17,16,0.0407,0.0638,0.0018,0.0024,0.0,0.0138,0.0,0.0414,0.151
parking-opt14-strips-p_14_8-02,0,True,268,280,693,1280,0,1745,0,30,0,0,32,0,0,,0.0,16.0,19,16,0.0402,0.0633,0.0023,0.0023,0.0,0.0114,0.0,0.0444,0.1533
parking-opt14-strips-p_14_8-03,0,True,269,281,682,1269,0,1720,0,23,0,0,24,0,0,,0.0,16.0,19,16,0.0401,0.0638,0.0021,0.0026,0.0,0.0085,0.0,0.0426,0.152
parking-opt14-strips-p_14_8-04,0,True,270,281,669,1255,0,1699,0,4,0,0,5,0,0,,0.0,16.0,17,16,0.0408,0.0626,0.0021,0.0023,0.0,0.0007,0.0,0.0133,0.1219
parking-opt14-strips-p_16_9-01,0,True,334,349,855,1579,0,2148,0,48,0,0,50,0,15,,0.0,19.0,20,19,0.066,0.1145,0.0033,0.0027,0.0,0.0326,0.0,0.076,0.2637
parking-opt14-strips-p_16_9-02,0,True,335,349,856,1580,0,2147,0,18,0,0,20,0,0,,0.0,17.0,21,17,0.0653,0.118,0.0029,0.0028,0.0,0.0099,0.0,0.0387,0.229
parking-opt14-strips-p_16_9-03,0,True,336,350,829,1553,0,2140,0,5,0,0,6,0,0,,0.0,17.0,19,17,0.0657,0.1158,0.0026,0.0028,0.0,0.0025,0.0,0.0188,0.207
parking-opt14-strips-p_16_9-04,0,True,356,369,899,1666,0,2270,0,35,0,0,40,0,0,,0.0,18.0,21,18,0.0648,0.1251,0.0034,0.0028,0.0,0.0287,0.0,0.0515,0.2489
parking-opt14-strips-p_18_10-01,0,True,453,468,1178,2150,0,2963,0,100,0,0,105,0,5,,0.0,23.0,25,23,0.1035,0.233,0.0065,0.0038,0.0,0.1268,0.0,0.1933,0.5417
parking-opt14-strips-p_18_10-02,0,True,430,451,1123,2052,0,2856,0,67,0,0,70,0,0,,0.0,20.0,22,20,0.1034,0.2188,0.0054,0.0038,0.0,0.0775,0.0,0.1228,0.4558
parking-opt14-strips-p_18_10-03,0,True,429,452,1142,2073,0,2894,0,10,0,0,11,0,0,,0.0,19.0,22,19,0.1004,0.2221,0.0055,0.0039,0.0,0.0121,0.0,0.0356,0.369
parking-opt14-strips-p_18_10-04,0,True,429,450,1153,2082,0,2850,0,8,0,0,9,0,0,,0.0,21.0,22,21,0.1022,0.2228,0.0051,0.0035,0.0,0.0082,0.0,0.0312,0.3663
parking-opt14-strips-p_20_11-01,0,True,567,583,1409,2610,0,3641,0,17,0,0,18,0,0,,0.0,22.0,24,22,0.1554,0.3963,0.0082,0.0048,0.0,0.0519,0.0,0.1125,0.6791
parking-opt14-strips-p_20_11-02,0,True,539,560,1377,2527,0,3520,0,28,0,0,29,0,0,,0.0,21.0,24,21,0.1542,0.3808,0.0079,0.0047,0.0,0.0659,0.0,0.1089,0.6584
parking-opt14-strips-p_20_11-03,0,True,564,585,1470,2676,0,3756,0,31,0,0,32,0,0,,0.0,23.0,26,23,0.1525,0.4016,0.0093,0.0048,0.0,0.0932,0.0,0.1325,0.7026
parking-opt14-strips-p_20_11-04,0,True,567,583,1409,2610,0,3641,0,21,0,0,23,0,0,,0.0,23.0,25,23,0.1541,0.4029,0.0086,0.0051,0.0,0.0419,0.0,0.091,0.6635
parking-sat11-strips-pfile08-031,0,True,657,684,1724,3125,0,4372,0,91,0,0,95,0,11,,0.0,24.0,28,24,0.2256,0.6337,0.0147,0.006,0.0,0.3289,0.0,0.2744,1.1566
parking-sat11-strips-pfile08-032,0,True,627,657,1644,2985,0,4157,0,215,0,0,215,0,1642,,0.0,25.0,25,25,0.2269,0.6029,0.0102,0.0058,0.0,0.5367,0.0,0.726,1.5741
parking-sat11-strips-pfile09-033,0,True,791,810,1909,3566,0,4887,0,210,0,0,212,0,99,,0.0,27.0,30,27,0.3219,0.9667,0.0188,0.0077,0.0,0.9873,0.0,0.6908,2.0087
parking-sat11-strips-pfile09-034,0,True,824,843,1980,3706,0,5170,0,68,0,0,69,0,41,,0.0,27.0,28,27,0.3269,1.0511,0.0173,0.008,0.0,0.2993,0.0,0.2881,1.6943
parking-sat11-strips-pfile09-035,0,True,787,814,2120,3790,0,5269,0,259,0,0,263,0,269,,0.0,27.0,32,27,0.3259,0.9985,0.0242,0.0079,0.0,1.4425,0.0,0.9844,2.3436
parking-sat11-strips-pfile09-036,0,True,790,812,2003,3666,0,5055,0,153,0,0,155,0,55,,0.0,26.0,31,26,0.3272,0.9752,0.0194,0.0077,0.0,0.838,0.0,0.5601,1.8925
parking-sat11-strips-pfile10-037,0,True,933,963,2401,4366,0,6124,0,53,0,0,54,0,0,,0.0,29.0,33,29,0.4664,1.5251,0.0346,0.0095,0.0,0.3775,0.0,0.3214,2.3604
parking-sat11-strips-pfile10-038,0,True,933,962,2374,4337,0,6070,0,185,0,0,186,0,41,,0.0,29.0,33,29,0.4566,1.5296,0.0326,0.0097,0.0,1.4236,0.0,1.0847,3.1168
parking-sat11-strips-pfile10-039,0,True,933,960,2322,4281,0,5986,0,254,0,0,255,0,127,,0.0,28.0,31,28,0.4609,1.536,0.0282,0.0097,0.0,2.2337,0.0,1.3064,3.3446
parking-sat11-strips-pfile10-040,0,True,936,959,2295,4252,0,5932,0,17,0,0,18,0,0,,0.0,28.0,29,28,0.4678,1.5103,0.0239,0.0094,0.0,0.1541,0.0,0.2244,2.2393
parking-sat11-strips-pfile11-041,0,True,1126,1148,2829,5179,0,7213,0,53,0,0,54,0,0,,0.0,32.0,36,32,0.6295,2.3052,0.0465,0.0127,0.0,0.5757,0.0,0.5086,3.5065
parking-sat11-strips-pfile11-042,0,True,1090,1117,2681,4957,0,6921,0,635,0,0,636,0,2441,,0.0,31.0,32,31,0.6352,2.2726,0.0332,0.012,0.0,8.3316,0.0,6.0365,8.9939
parking-sat11-strips-pfile11-043,0,True,1127,1149,2777,5126,0,7118,0,64,0,0,66,0,0,,0.0,32.0,35,32,0.6319,2.3155,0.0416,0.013,0.0,0.7129,0.0,0.6117,3.618
parking-sat11-strips-pfile11-044,0,True,1090,1118,2710,4988,0,6979,0,43,0,0,44,0,0,,0.0,29.0,34,29,0.6344,2.293,0.0407,0.0123,0.0,0.5921,0.0,0.5387,3.5231
parking-sat11-strips-pfile12-045,0,True,1296,1322,3376,6080,0,8494,0,439,0,0,574,0,975,,0.0,35.0,39,35,0.8602,3.4459,0.0703,0.0165,0.0,8.5818,0.0,5.8092,10.2074
parking-sat11-strips-pfile12-046,0,True,1255,1285,3235,5856,0,8201,0,360,0,0,487,0,505,,0.0,35.0,39,35,0.8634,3.2439,0.0655,0.0157,0.0,6.3798,0.0,4.5421,8.7358
parking-sat11-strips-pfile12-047,0,True,1295,1320,3372,6074,0,8505,0,309,0,0,314,0,264,,0.0,36.0,41,36,0.8551,3.3845,0.0696,0.0163,0.0,5.0563,0.0,3.1325,7.4631
parking-sat11-strips-pfile12-048,0,True,1295,1329,3391,6103,0,8637,0,488,0,0,491,0,1447,,0.0,37.0,40,37,0.866,3.4957,0.0742,0.0167,0.0,11.2744,0.0,6.9594,11.4174
parking-sat11-strips-pfile13-049,0,True,1434,1465,3628,6612,0,9211,0,305,0,0,307,0,569,,0.0,35.0,40,35,1.1545,4.6991,0.0824,0.0192,0.0,7.3791,0.0,4.6562,10.6177
parking-sat11-strips-pfile13-050,0,True,1478,1505,3777,6850,0,9586,0,81,0,0,83,0,0,,0.0,36.0,43,36,1.1404,4.836,0.0928,0.0207,0.0,2.3196,0.0,1.8388,7.9352
parking-sat14-strips-p_28_2,0,True,1127,1155,2871,5230,0,7371,0,69,0,0,70,0,0,,0.0,32.0,35,32,0.632,2.3604,0.0481,0.0128,0.0,0.9425,0.0,0.5264,3.5836
parking-sat14-strips-p_28_3,0,True,1089,1112,2644,4913,0,6788,0,93,0,0,94,0,0,,0.0,30.0,34,30,0.6551,2.2028,0.0396,0.013,0.0,1.122,0.0,0.9874,3.9019
parking-sat14-strips-p_30_1,0,True,1293,1320,3430,6134,0,8621,0,157,0,0,159,0,120,,0.0,34.0,41,34,0.8695,3.3891,0.078,0.0165,0.0,2.446,0.0,1.7297,6.0882
parking-sat14-strips-p_30_2,0,True,1212,1250,3156,5698,0,7916,0,482,0,0,488,0,617,,0.0,33.0,38,33,0.8568,3.1365,0.0595,0.0147,0.0,7.9595,0.0,4.963,9.0356
parking-sat14-strips-p_30_3,0,True,1298,1326,3240,5944,0,8359,0,569,0,0,571,0,745,,0.0,34.0,37,34,0.8573,3.4636,0.059,0.0162,0.0,12.1983,0.0,7.3278,11.7298
parking-sat14-strips-p_32_1,0,True,1392,1427,3424,6320,0,8822,0,256,0,0,257,0,171,,0.0,34.0,38,34,1.1904,4.6024,0.0707,0.0181,0.0,5.9088,0.0,3.0348,8.9226
parking-sat14-strips-p_32_2,0,True,1479,1506,3810,6885,0,9635,0,307,0,0,312,0,380,,0.0,37.0,42,37,1.1424,4.8553,0.0957,0.0203,0.0,7.0265,0.0,4.3734,10.4934
parking-sat14-strips-p_32_3,0,True,1481,1505,3622,6690,0,9304,0,23,0,0,25,0,0,,0.0,36.0,40,36,1.1427,4.894,0.0812,0.0199,0.0,0.472,0.0,0.438,6.582
parking-sat14-strips-p_34_1,0,True,1674,1702,4237,7706,0,10767,0,331,0,0,334,0,374,,0.0,38.0,45,38,1.5139,6.8473,0.1235,0.0248,0.0,9.4337,0.0,5.888,14.4052
parking-sat14-strips-p_34_2,0,True,1673,1709,4318,7797,0,11027,0,341,0,0,342,0,154,,0.0,38.0,45,38,1.5044,7.034,0.1242,0.0251,0.0,14.0028,0.0,7.9183,16.6134
parking-sat14-strips-p_34_3,0,True,1675,1707,4215,7689,0,10835,0,312,0,0,313,0,206,,0.0,38.0,43,38,1.5567,7.0566,0.1146,0.0247,0.0,12.0146,0.0,6.9185,15.6786
parking-sat14-strips-p_36_1,0,True,1831,1871,4600,8396,0,11802,0,794,0,0,797,0,2368,,0.0,40.0,43,40,1.9818,9.5798,0.1319,0.028,0.0,42.5019,0.0,27.289,39.0198
parking-sat14-strips-p_36_2,0,True,1879,1918,4913,8815,0,12488,0,107,0,0,108,0,117,,0.0,41.0,48,41,1.9683,9.8096,0.1741,0.0304,0.0,2.7556,0.0,2.225,14.2165
parking-sat14-strips-p_36_3,0,True,1779,1828,4540,8241,0,11577,0,1048,0,0,1052,0,3196,,0.0,39.0,45,39,1.9835,9.3948,0.1382,0.0274,0.0,28.582,0.0,21.6571,33.2101
parking-sat14-strips-p_38_1,0,True,2101,2130,5157,9486,0,13234,0,235,0,0,239,0,118,,0.0,41.0,46,41,2.511,13.5961,0.1824,0.0358,0.0,16.9521,0.0,8.6707,25.0066
parking-sat14-strips-p_38_2,0,True,2102,2134,5092,9424,0,13243,0,154,0,0,155,0,175,,0.0,42.0,45,42,2.5301,13.4806,0.1703,0.0358,0.0,11.5473,0.0,7.3916,23.6191
parking-sat14-strips-p_38_3,0,True,2044,2092,5257,9498,0,13414,0,1008,0,0,1012,0,1657,,0.0,41.0,46,41,2.5343,13.2822,0.1844,0.0355,0.0,72.8674,0.0,41.9081,57.955
parking-sat14-strips-p_40_1,0,True,2272,2322,5833,10537,0,14880,0,1229,0,0,1234,0,3151,,0.0,44.0,51,44,3.1761,17.7109,0.2425,0.0431,0.0,76.7236,0.0,51.292,72.4769
parking-sat14-strips-p_40_2,0,True,2216,2261,5625,10206,0,14258,0,439,0,0,442,0,1210,,0.0,42.0,50,42,3.2019,17.1332,0.2247,0.0408,0.0,37.0906,0.0,22.2509,42.8641
parking-sat14-strips-p_40_3,0,True,2331,2360,5802,10599,0,14845,0,1743,0,0,1749,0,18017,,0.0,45.0,52,45,3.1834,17.8912,0.2634,0.0443,0.0,170.3826,0.0,144.2472,165.6423
pathways-p01,0,True,16,24,36,78,0,76,0,0,0,0,0,0,0,,0.0,6.0,6,6,0.0047,0.0001,0.0,0.0012,0.0,0.0,0.0,0.0039,0.0104
pathways-p02,0,True,7,17,30,71,0,72,0,0,0,0,0,0,0,,0.0,12.0,12,12,0.0046,0.0001,0.0,0.0011,0.0,0.0,0.0,0.0033,0.0096
pathways-p03,0,True,24,38,55,129,0,133,0,0,0,0,0,0,0,,0.0,16.0,16,16,0.0046,0.0002,0.0001,0.0012,0.0,0.0,0.0,0.0044,0.011
pathways-p04,0,True,32,57,77,177,0,181,0,0,0,0,0,0,0,,0.0,15.0,15,15,0.0049,0.0004,0.0001,0.0012,0.0,0.0,0.0,0.0052,0.0122
pathways-p05,0,True,48,122,196,379,0,388,0,0,0,0,0,0,0,,0.0,29.0,29,29,0.0235,0.0009,0.0004,0.0013,0.0,0.0,0.0,0.0088,0.0353
pathways-p06,0,True,58,201,355,649,0,668,0,0,0,0,0,0,0,,0.0,46.0,46,46,0.0064,0.0021,0.0012,0.0012,0.0,0.0,0.0,0.0129,0.0244
pathways-p07,0,True,80,244,400,746,0,771,0,0,0,0,0,0,0,,0.0,46.0,46,46,0.0073,0.0028,0.0016,0.0017,0.0,0.0,0.0,0.0143,0.0282
pathways-p08,0,True,110,479,843,1477,0,1543,0,0,0,0,2,0,0,,0.0,66.0,68,66,0.0092,0.0074,0.0063,0.0017,0.0,0.0002,0.0,0.1275,0.1528
pathways-p09,0,True,85,388,672,1187,0,1222,0,0,0,0,2,0,0,,0.0,50.0,51,50,0.0274,0.0049,0.0039,0.0016,0.0,0.0001,0.0,0.0277,0.066
pathways-p10,0,True,92,457,755,1357,0,1400,0,0,0,0,0,0,0,,0.0,58.0,58,58,0.0078,0.0058,0.0049,0.0017,0.0,0.0,0.0,0.0253,0.046
pathways-p11,0,True,96,372,578,1085,0,1120,0,0,0,0,0,0,0,,0.0,54.0,54,54,0.0076,0.0044,0.0031,0.0016,0.0,0.0,0.0,0.02,0.0371
pathways-p12,0,True,111,578,1008,1755,0,1826,0,46,0,0,53,0,0,,0.0,80.0,84,80,0.009,0.0083,0.0109,0.0021,0.0,0.0076,0.0,0.1139,0.1448
pathways-p13,0,True,119,660,1177,2009,0,2056,0,0,0,0,2,0,0,,0.0,75.0,79,75,0.0093,0.0105,0.013,0.0022,0.0,0.0001,0.0,0.1033,0.139
pathways-p14,0,True,121,630,1098,1895,0,1958,0,0,0,0,2,0,0,,0.0,76.0,77,76,0.0101,0.0095,0.0118,0.0021,0.0,0.0001,0.0,0.081,0.1152
pathways-p15,0,True,120,679,1157,2030,0,2095,0,0,0,0,0,0,0,,0.0,78.0,78,78,0.0096,0.0107,0.0129,0.0024,0.0,0.0,0.0,0.0526,0.0888
pathways-p16,0,True,150,930,1639,2787,0,2871,0,0,0,0,1,0,0,,0.0,89.0,90,89,0.0154,0.0177,0.0277,0.0027,0.0,0.0001,0.0,0.1166,0.181
pathways-p17,0,True,184,998,1701,2959,0,3082,0,0,0,0,5,0,0,,0.0,97.0,100,97,0.0169,0.0216,0.0357,0.003,0.0,0.0005,0.0,0.1047,0.1826
pathways-p18,0,True,150,746,1306,2256,0,2341,0,0,0,0,2,0,0,,0.0,98.0,103,98,0.0132,0.0138,0.0213,0.0025,0.0,0.0002,0.0,0.0969,0.1483
pathways-p19,0,True,203,1218,2128,3611,0,3720,0,0,0,0,3,0,0,,0.0,106.0,109,106,0.0174,0.028,0.0582,0.0038,0.0,0.0003,0.0,0.0999,0.2083
pathways-p20,0,True,167,860,1491,2580,0,2689,0,0,0,0,4,0,0,,0.0,102.0,105,102,0.015,0.018,0.0271,0.0028,0.0,0.0004,0.0,0.0826,0.1461
pathways-p21,0,True,186,1102,1899,3275,0,3387,0,0,0,0,0,0,0,,0.0,106.0,106,106,0.0169,0.0253,0.0471,0.0032,0.0,0.0,0.0,0.0541,0.1473
pathways-p22,0,True,196,1066,1814,3133,0,3226,0,0,0,0,1,0,0,,0.0,106.0,108,106,0.0158,0.0235,0.0409,0.0035,0.0,0.0001,0.0,0.066,0.1506
pathways-p23,0,True,190,1214,2137,3605,0,3696,0,0,0,0,2,0,0,,0.0,112.0,113,112,0.0175,0.0278,0.0586,0.0034,0.0,0.0002,0.0,0.0877,0.1958
pathways-p24,0,True,174,1072,1925,3251,0,3373,0,0,0,0,3,0,0,,0.0,117.0,120,117,0.0183,0.0257,0.0497,0.0034,0.0,0.0003,0.0,0.1729,0.2707
pathways-p25,0,True,238,1966,3567,5853,0,5999,0,3,0,0,4,0,0,,0.0,127.0,131,127,0.0251,0.056,0.1621,0.0056,0.0,0.0023,0.0,0.4371,0.687
pathways-p26,0,True,235,1673,2954,4957,0,5118,0,4,0,0,5,0,0,,0.0,129.0,130,129,0.0228,0.0477,0.1173,0.0049,0.0,0.005,0.0,0.2727,0.4663
pathways-p27,0,True,244,1639,2874,4846,0,5001,0,0,0,0,1,0,0,,0.0,127.0,131,127,0.0242,0.0501,0.113,0.005,0.0,0.0002,0.0,0.2567,0.4499
pathways-p28,0,True,250,2044,3659,6040,0,6189,0,0,0,0,2,0,0,,0.0,127.0,129,127,0.0262,0.059,0.1688,0.0057,0.0,0.0003,0.0,0.3283,0.5892
pathways-p29,0,True,217,1269,2165,3729,0,3872,0,0,0,0,3,0,0,,0.0,141.0,150,141,0.0195,0.0322,0.0707,0.0038,0.0,0.0004,0.0,0.1753,0.3022
pathways-p30,0,True,254,1464,2494,4300,0,4471,0,0,0,0,2,0,0,,0.0,131.0,135,131,0.0209,0.0432,0.0878,0.0045,0.0,0.0002,0.0,0.2124,0.3696
pegsol-08-strips-p01,0,False,11,19,39,82,0,109,0,0,0,0,0,0,0,,0.0,2.0,2,2,0.0047,0.0002,0.0,0.0013,0.0,0.0,0.0,0.0037,0.0102
pegsol-08-strips-p02,0,False,59,95,208,367,0,614,0,13,0,0,13,0,0,,0.0,2.0,2,2,0.0058,0.0006,0.0002,0.0012,0.0,0.0003,0.0,0.0261,0.0344
pegsol-08-strips-p03,0,False,60,102,224,392,0,630,0,2,0,0,2,0,0,,0.0,1.0,1,1,0.0051,0.0006,0.0001,0.0014,0.0,0.0001,0.0,0.0161,0.0239
pegsol-08-strips-p04,0,False,49,76,170,305,0,545,0,2,0,0,2,0,0,,0.0,3.0,3,3,0.0049,0.0006,0.0002,0.0011,0.0,0.0001,0.0,0.0201,0.0274
pegsol-08-strips-p05,0,False,15,33,76,138,0,193,0,1,0,0,1,0,0,,0.0,2.0,2,2,0.0049,0.0002,0.0,0.001,0.0,0.0,0.0,0.0047,0.0113
pegsol-08-strips-p06,0,False,47,94,218,371,0,582,0,7,0,0,7,0,0,,0.0,3.0,3,3,0.0054,0.0006,0.0002,0.0013,0.0,0.0002,0.0,0.0227,0.0306
pegsol-08-strips-p07,0,False,41,80,176,314,0,528,0,4,0,0,4,0,0,,0.0,3.0,3,3,0.0046,0.0006,0.0002,0.0014,0.0,0.0001,0.0,0.015,0.0222
pegsol-08-strips-p08,0,False,55,117,282,465,0,666,0,16,0,0,16,0,0,,0.0,3.0,3,3,0.0049,0.0006,0.0005,0.0015,0.0,0.0007,0.0,0.0365,0.0445
pegsol-08-strips-p09,0,False,47,104,248,413,0,610,0,4,0,0,4,0,0,,0.0,3.0,3,3,0.0049,0.0006,0.0003,0.0013,0.0,0.0002,0.0,0.0183,0.0259
pegsol-08-strips-p10,0,False,46,101,245,407,0,616,0,29,0,0,39,0,1,,0.0,3.0,4,3,0.0224,0.0006,0.0003,0.0017,0.0,0.0011,0.0,0.0349,0.0605
pegsol-08-strips-p11,0,False,52,106,248,418,0,638,0,2,0,0,2,0,0,,0.0,3.0,3,3,0.0059,0.0006,0.0003,0.0016,0.0,0.0001,0.0,0.0216,0.0305
pegsol-08-strips-p12,0,False,52,111,264,440,0,679,0,5,0,0,5,0,0,,0.0,3.0,3,3,0.005,0.0007,0.0003,0.0013,0.0,0.0002,0.0,0.0346,0.0424
pegsol-08-strips-p13,0,False,50,110,251,424,0,617,0,6,0,0,6,0,0,,0.0,4.0,4,4,0.005,0.0006,0.0003,0.0014,0.0,0.0002,0.0,0.0229,0.0309
pegsol-08-strips-p14,0,False,51,111,252,428,0,641,0,2,0,0,2,0,0,,0.0,4.0,4,4,0.0052,0.0006,0.0003,0.0015,0.0,0.0001,0.0,0.017,0.0251
pegsol-08-strips-p15,0,False,44,106,249,416,0,614,0,38,0,0,109,0,20,,0.0,4.0,5,4,0.0056,0.0006,0.0003,0.0012,0.0,0.0013,0.0,0.0385,0.0467
pegsol-08-strips-p16,0,False,43,101,237,398,0,598,0,5,0,0,5,0,0,,0.0,6.0,6,6,0.0057,0.0006,0.0002,0.0012,0.0,0.0002,0.0,0.0261,0.0344
pegsol-08-strips-p17,0,False,44,112,276,450,0,650,0,24,0,0,24,0,5,,0.0,4.0,4,4,0.0054,0.0006,0.0005,0.0014,0.0,0.0011,0.0,0.0389,0.0472
pegsol-08-strips-p18,0,False,40,100,236,394,0,591,0,12,0,0,14,0,0,,0.0,5.0,6,5,0.0053,0.0006,0.0002,0.0014,0.0,0.0004,0.0,0.024,0.032
pegsol-08-strips-p19,0,False,41,103,251,413,0,601,0,6,0,0,6,0,0,,0.0,5.0,5,5,0.0056,0.0006,0.0003,0.0013,0.0,0.0002,0.0,0.0324,0.0406
pegsol-08-strips-p20,0,False,50,121,297,484,0,689,0,7,0,0,7,0,0,,0.0,3.0,3,3,0.0051,0.0006,0.0004,0.0014,0.0,0.0003,0.0,0.0277,0.0357
pegsol-08-strips-p21,0,False,48,115,271,450,0,646,0,7,0,0,7,0,0,,0.0,5.0,5,5,0.0052,0.0006,0.0003,0.0015,0.0,0.0003,0.0,0.0235,0.0316
pegsol-08-strips-p22,0,False,43,107,241,410,0,638,0,2,0,0,2,0,0,,0.0,4.0,4,4,0.0053,0.0007,0.0003,0.0012,0.0,0.0001,0.0,0.0159,0.0239
pegsol-08-strips-p23,0,False,48,119,294,478,0,682,0,13,0,0,13,0,0,,0.0,5.0,5,5,0.0053,0.0007,0.0003,0.0012,0.0,0.0006,0.0,0.0419,0.0499
pegsol-08-strips-p24,0,False,46,112,259,435,0,660,0,2,0,0,2,0,0,,0.0,5.0,5,5,0.0054,0.0007,0.0004,0.0014,0.0,0.0001,0.0,0.0221,0.0305
pegsol-08-strips-p25,0,False,48,120,296,482,0,707,0,12,0,0,12,0,0,,0.0,4.0,4,4,0.0057,0.0007,0.0004,0.0013,0.0,0.0006,0.0,0.0286,0.0372
pegsol-08-strips-p26,0,False,40,124,312,498,0,674,0,14,0,0,14,0,0,,0.0,5.0,5,5,0.0075,0.0006,0.0004,0.0022,0.0,0.0006,0.0,0.0309,0.0421
pegsol-08-strips-p27,0,False,43,124,294,483,0,687,0,20,0,0,52,0,19,,0.0,5.0,6,5,0.0055,0.0007,0.0004,0.0016,0.0,0.0009,0.0,0.039,0.0477
pegsol-08-strips-p28,0,False,42,132,296,494,0,675,0,2,0,0,2,0,0,,0.0,9.0,9,9,0.0052,0.0007,0.0004,0.0012,0.0,0.0001,0.0,0.017,0.0251
pegsol-08-strips-p29,0,False,39,138,332,536,0,734,0,42,0,0,42,0,1,,0.0,8.0,8,8,0.0062,0.0007,0.0006,0.0012,0.0,0.0021,0.0,0.0432,0.0524
pegsol-08-strips-p30,0,False,28,144,348,554,0,714,0,63,0,0,67,0,23,,0.0,13.0,18,13,0.0062,0.0007,0.0004,0.0016,0.0,0.0032,0.0,0.039,0.0483
pegsol-opt11-strips-p01,0,False,48,95,213,370,0,614,0,2,0,0,2,0,0,,0.0,2.0,2,2,0.0054,0.0007,0.0002,0.0011,0.0,0.0001,0.0,0.0145,0.0223
pegsol-opt11-strips-p02,0,False,44,112,276,450,0,650,0,23,0,0,23,0,5,,0.0,4.0,4,4,0.0055,0.0006,0.0005,0.0013,0.0,0.0011,0.0,0.0389,0.0473
pegsol-opt11-strips-p03,0,False,40,100,236,394,0,591,0,12,0,0,14,0,0,,0.0,5.0,6,5,0.0056,0.0006,0.0002,0.0012,0.0,0.0004,0.0,0.0238,0.032
pegsol-opt11-strips-p04,0,False,41,103,251,413,0,601,0,6,0,0,6,0,0,,0.0,5.0,5,5,0.0058,0.0006,0.0003,0.0014,0.0,0.0002,0.0,0.0323,0.0409
pegsol-opt11-strips-p05,0,False,50,123,282,470,0,647,0,29,0,0,29,0,7,,0.0,7.0,7,7,0.0056,0.0007,0.0004,0.0012,0.0,0.0013,0.0,0.0342,0.0424
pegsol-opt11-strips-p06,0,False,40,100,252,410,0,602,0,30,0,0,30,0,3,,0.0,5.0,5,5,0.0052,0.0006,0.0003,0.0014,0.0,0.0012,0.0,0.038,0.046
pegsol-opt11-strips-p07,0,False,50,119,287,471,0,668,0,13,0,0,15,0,0,,0.0,4.0,5,4,0.0055,0.0006,0.0005,0.0014,0.0,0.0006,0.0,0.0299,0.0387
pegsol-opt11-strips-p08,0,False,50,121,297,484,0,689,0,7,0,0,7,0,0,,0.0,3.0,3,3,0.0054,0.0007,0.0004,0.0013,0.0,0.0003,0.0,0.0275,0.0371
pegsol-opt11-strips-p09,0,False,47,114,266,443,0,639,0,10,0,0,10,0,0,,0.0,4.0,4,4,0.0042,0.0006,0.0004,0.0012,0.0,0.0004,0.0,0.0294,0.0364
pegsol-opt11-strips-p10,0,False,48,115,271,450,0,646,0,7,0,0,7,0,0,,0.0,5.0,5,5,0.0053,0.0006,0.0003,0.0012,0.0,0.0003,0.0,0.0238,0.0317
pegsol-opt11-strips-p11,0,False,43,107,241,410,0,638,0,2,0,0,2,0,0,,0.0,4.0,4,4,0.006,0.0006,0.0003,0.0013,0.0,0.0001,0.0,0.0159,0.0246
pegsol-opt11-strips-p12,0,False,40,100,228,387,0,579,0,2,0,0,2,0,0,,0.0,6.0,6,6,0.0053,0.0007,0.0002,0.0012,0.0,0.0001,0.0,0.0198,0.0276
pegsol-opt11-strips-p13,0,False,48,119,294,478,0,682,0,13,0,0,13,0,0,,0.0,5.0,5,5,0.0052,0.0006,0.0003,0.0015,0.0,0.0006,0.0,0.042,0.0502
pegsol-opt11-strips-p14,0,False,46,112,259,435,0,660,0,2,0,0,2,0,0,,0.0,5.0,5,5,0.0029,0.0007,0.0004,0.0013,0.0,0.0001,0.0,0.0221,0.0278
pegsol-opt11-strips-p15,0,False,48,120,296,482,0,707,0,12,0,0,12,0,0,,0.0,4.0,4,4,0.0047,0.0007,0.0004,0.0012,0.0,0.0006,0.0,0.0288,0.0363
pegsol-opt11-strips-p16,0,False,40,124,312,498,0,674,0,14,0,0,14,0,0,,0.0,5.0,5,5,0.0031,0.0006,0.0004,0.0014,0.0,0.0006,0.0,0.0311,0.0385
pegsol-opt11-strips-p17,0,False,43,124,294,483,0,687,0,20,0,0,52,0,19,,0.0,5.0,6,5,0.0049,0.0007,0.0004,0.0016,0.0,0.0009,0.0,0.039,0.0471
pegsol-opt11-strips-p18,0,False,42,132,296,494,0,675,0,2,0,0,2,0,0,,0.0,9.0,9,9,0.0054,0.0007,0.0004,0.0016,0.0,0.0001,0.0,0.0169,0.0255
pegsol-opt11-strips-p19,0,False,39,138,332,536,0,734,0,42,0,0,42,0,1,,0.0,8.0,8,8,0.0058,0.0007,0.0005,0.0031,0.0,0.0021,0.0,0.0434,0.0539
pegsol-opt11-strips-p20,0,False,28,144,348,554,0,714,0,63,0,0,67,0,23,,0.0,13.0,18,13,0.0053,0.0007,0.0004,0.0013,0.0,0.0033,0.0,0.0386,0.0467
pegsol-sat11-strips-p01,0,False,44,112,276,450,0,650,0,23,0,0,23,0,5,,0.0,4.0,4,4,0.0184,0.0006,0.0004,0.0015,0.0,0.0011,0.0,0.0392,0.0606
pegsol-sat11-strips-p02,0,False,40,100,236,394,0,591,0,12,0,0,14,0,0,,0.0,5.0,6,5,0.0056,0.0006,0.0002,0.0015,0.0,0.0004,0.0,0.0242,0.0326
pegsol-sat11-strips-p03,0,False,41,103,251,413,0,601,0,6,0,0,6,0,0,,0.0,5.0,5,5,0.0054,0.0006,0.0003,0.0016,0.0,0.0002,0.0,0.0322,0.0408
pegsol-sat11-strips-p04,0,False,50,123,282,470,0,647,0,29,0,0,29,0,7,,0.0,7.0,7,7,0.0057,0.0007,0.0004,0.0018,0.0,0.0014,0.0,0.0345,0.0435
pegsol-sat11-strips-p05,0,False,40,100,252,410,0,602,0,30,0,0,30,0,3,,0.0,5.0,5,5,0.0179,0.0006,0.0003,0.0014,0.0,0.0012,0.0,0.038,0.0589
pegsol-sat11-strips-p06,0,False,50,119,287,471,0,668,0,13,0,0,15,0,0,,0.0,4.0,5,4,0.0171,0.0006,0.0005,0.0014,0.0,0.0006,0.0,0.03,0.0502
pegsol-sat11-strips-p07,0,False,47,114,266,443,0,639,0,10,0,0,10,0,0,,0.0,4.0,4,4,0.0049,0.0007,0.0004,0.0013,0.0,0.0005,0.0,0.0295,0.0372
pegsol-sat11-strips-p08,0,False,40,100,228,387,0,579,0,2,0,0,2,0,0,,0.0,6.0,6,6,0.0052,0.0006,0.0002,0.0019,0.0,0.0001,0.0,0.0196,0.028
pegsol-sat11-strips-p09,0,False,46,112,259,435,0,660,0,2,0,0,2,0,0,,0.0,5.0,5,5,0.0053,0.0007,0.0004,0.0012,0.0,0.0001,0.0,0.022,0.0301
pegsol-sat11-strips-p10,0,False,50,121,297,484,0,689,0,7,0,0,7,0,0,,0.0,3.0,3,3,0.0059,0.0007,0.0004,0.0013,0.0,0.0003,0.0,0.0273,0.036
pegsol-sat11-strips-p11,0,False,48,115,271,450,0,646,0,7,0,0,7,0,0,,0.0,5.0,5,5,0.0053,0.0006,0.0003,0.0015,0.0,0.0003,0.0,0.0239,0.0323
pegsol-sat11-strips-p12,0,False,48,119,294,478,0,682,0,13,0,0,13,0,0,,0.0,5.0,5,5,0.0054,0.0007,0.0003,0.0014,0.0,0.0006,0.0,0.042,0.0504
pegsol-sat11-strips-p13,0,False,50,110,251,424,0,617,0,6,0,0,6,0,0,,0.0,4.0,4,4,0.0054,0.0006,0.0004,0.0014,0.0,0.0002,0.0,0.0231,0.0315
pegsol-sat11-strips-p14,0,False,48,120,296,482,0,707,0,12,0,0,12,0,0,,0.0,4.0,4,4,0.0056,0.0007,0.0004,0.0013,0.0,0.0006,0.0,0.0287,0.0371
pegsol-sat11-strips-p15,0,False,51,111,252,428,0,641,0,2,0,0,2,0,0,,0.0,4.0,4,4,0.0062,0.0007,0.0003,0.0014,0.0,0.0001,0.0,0.0171,0.0261
pegsol-sat11-strips-p16,0,False,40,124,312,498,0,674,0,14,0,0,14,0,0,,0.0,5.0,5,5,0.0057,0.0006,0.0004,0.0013,0.0,0.0006,0.0,0.0313,0.0398
pegsol-sat11-strips-p17,0,False,43,124,294,483,0,687,0,20,0,0,52,0,19,,0.0,5.0,6,5,0.018,0.0007,0.0004,0.0013,0.0,0.0009,0.0,0.0392,0.0601
pegsol-sat11-strips-p18,0,False,42,132,296,494,0,675,0,2,0,0,2,0,0,,0.0,9.0,9,9,0.0046,0.0007,0.0004,0.0012,0.0,0.0001,0.0,0.017,0.0244
pegsol-sat11-strips-p19,0,False,39,138,332,536,0,734,0,42,0,0,42,0,1,,0.0,8.0,8,8,0.0058,0.0007,0.0005,0.0023,0.0,0.0021,0.0,0.0437,0.0535
pegsol-sat11-strips-p20,0,False,28,144,348,554,0,714,0,63,0,0,67,0,23,,0.0,13.0,18,13,0.0056,0.0007,0.0004,0.0015,0.0,0.0032,0.0,0.0397,0.0485
petri-net-alignment-opt18-strips-p01,0,False,115,440,630,1449,0,1649,0,8,0,0,8,0,0,,0.0,7.0,7,7,0.0084,0.0091,0.0021,0.0024,0.0,0.0044,0.0,0.0206,0.0432
petri-net-alignment-opt18-strips-p02,0,False,147,593,850,1919,0,2194,0,29,0,0,30,0,0,,0.0,18.0,107,18,0.0097,0.0146,0.0121,0.0031,0.0,0.0757,0.0,0.1031,0.1435
petri-net-alignment-opt18-strips-p03,0,False,147,699,1018,2246,0,2581,0,332,0,0,885,0,536,,0.0,33.0,81,33,0.0104,0.02,0.0168,0.0034,0.0,1.4721,0.0,0.8774,0.9293
petri-net-alignment-opt18-strips-p04,0,False,147,717,1043,2298,0,2643,0,551,0,0,11600,0,11949,,0.0,47.0,99,47,0.0106,0.0208,0.0229,0.0038,0.0,2.0845,0.0,4.1719,4.2316
petri-net-alignment-opt18-strips-p05,0,False,126,559,802,1806,0,2061,0,230,0,0,503,0,218,,0.0,42.0,114,42,0.0093,0.0133,0.0139,0.0028,0.0,0.4522,0.0,0.3581,0.3984
petri-net-alignment-opt18-strips-p06,0,False,147,719,1044,2302,0,2643,0,1081,0,0,3983,0,4034,,0.0,63.0,107,63,0.0108,0.0206,0.0226,0.0035,0.0,3.1014,0.0,2.6837,2.7427
petri-net-alignment-opt18-strips-p07,0,False,147,683,989,2193,0,2517,0,741,0,0,2728,0,2483,,0.0,57.0,122,57,0.0099,0.019,0.0192,0.0035,0.0,2.1453,0.0,1.8969,1.9499
petri-net-alignment-opt18-strips-p08,0,False,147,721,1045,2306,0,2647,0,1289,0,0,6774,0,5567,,0.0,71.0,118,71,0.0115,0.0206,0.0229,0.0036,0.0,4.4807,0.0,3.7155,3.7759
petri-net-alignment-opt18-strips-p09,0,False,147,700,1013,2243,0,2575,0,530,0,0,724,0,160,,0.0,59.0,131,59,0.0105,0.0198,0.0203,0.0034,0.0,1.7327,0.0,0.8821,0.9377
petri-net-alignment-opt18-strips-p10,0,False,147,887,1293,2803,0,3227,0,1097,0,0,2860,0,1947,,0.0,89.0,105,89,0.0094,0.0302,0.0319,0.0046,0.0,5.2275,0.0,3.0282,3.1067
petri-net-alignment-opt18-strips-p11,0,False,146,775,1115,2457,0,2817,0,694,0,0,756,0,104,,0.0,65.0,132,65,0.0134,0.0238,0.0252,0.004,0.0,4.0829,0.0,2.3673,2.4353
petri-net-alignment-opt18-strips-p12,0,False,147,1013,1483,3183,0,3672,0,1816,0,0,4928,0,4897,,0.0,86.0,101,86,0.0154,0.0394,0.0434,0.0052,0.0,19.2853,0.0,10.6108,10.7173
petri-net-alignment-opt18-strips-p13,0,False,147,884,1288,2794,0,3217,0,1214,0,0,3649,0,3722,,0.0,84.0,120,84,0.0146,0.0302,0.0383,0.0048,0.0,8.3448,0.0,5.0593,5.1498
petri-net-alignment-opt18-strips-p14,0,False,115,875,1269,2742,0,3148,0,973,0,0,3954,0,3027,,0.0,75.0,105,75,0.0146,0.0295,0.0331,0.0045,0.0,6.2834,0.0,3.4446,3.5287
petri-net-alignment-opt18-strips-p15,0,False,147,874,1268,2759,0,3173,0,1138,0,0,13850,0,13625,,0.0,83.0,131,83,0.014,0.0292,0.0308,0.0045,0.0,7.5731,0.0,7.8182,7.8989
petri-net-alignment-opt18-strips-p16,0,False,147,959,1397,3016,0,3472,0,1188,0,0,2382,0,1269,,0.0,74.0,104,74,0.0136,0.0346,0.0446,0.0049,0.0,10.0113,0.0,5.9194,6.0198
petri-net-alignment-opt18-strips-p17,0,False,147,993,1456,3126,0,3608,0,1028,0,0,1051,0,93,,0.0,86.0,106,86,0.0111,0.0381,0.0393,0.0052,0.0,8.2638,0.0,3.3615,3.4581
petri-net-alignment-opt18-strips-p18,0,False,115,936,1367,2931,0,3374,0,1451,0,0,14479,0,14224,,0.0,77.0,105,77,0.0152,0.0332,0.0375,0.0046,0.0,11.1543,0.0,8.924,9.017
petri-net-alignment-opt18-strips-p19,0,False,147,992,1450,3118,0,3593,0,675,0,0,1619,0,916,,0.0,63.0,134,63,0.015,0.0374,0.0383,0.0053,0.0,5.5463,0.0,2.2337,2.3324
petri-net-alignment-opt18-strips-p20,0,False,147,1017,1490,3196,0,3688,0,951,0,0,955,0,36,,0.0,84.0,145,84,0.0292,0.0393,0.0527,0.0062,0.0,9.8506,0.0,3.9303,4.0607
philosophers-p01-phil2,-3,False,0,0,0,0,0,0,0,0,0,0,0,0,0,,0.0,0.0,1e+20,1e+20,0,0,0,0,0,0,0,0,0
philosophers-p02-phil3,-3,False,0,0,0,0,0,0,0,0,0,0,0,0,0,,0.0,0.0,1e+20,1e+20,0,0,0,0,0,0,0,0,0
philosophers-p03-phil4,-3,False,0,0,0,0,0,0,0,0,0,0,0,0,0,,0.0,0.0,1e+20,1e+20,0,0,0,0,0,0,0,0,0
philosophers-p04-phil5,-3,False,0,0,0,0,0,0,0,0,0,0,0,0,0,,0.0,0.0,1e+20,1e+20,0,0,0,0,0,0,0,0,0
philosophers-p05-phil6,-3,False,0,0,0,0,0,0,0,0,0,0,0,0,0,,0.0,0.0,1e+20,1e+20,0,0,0,0,0,0,0,0,0
philosophers-p06-phil7,-3,False,0,0,0,0,0,0,0,0,0,0,0,0,0,,0.0,0.0,1e+20,1e+20,0,0,0,0,0,0,0,0,0
philosophers-p07-phil8,-3,False,0,0,0,0,0,0,0,0,0,0,0,0,0,,0.0,0.0,1e+20,1e+20,0,0,0,0,0,0,0,0,0
philosophers-p08-phil9,-3,False,0,0,0,0,0,0,0,0,0,0,0,0,0,,0.0,0.0,1e+20,1e+20,0,0,0,0,0,0,0,0,0
philosophers-p09-phil10,-3,False,0,0,0,0,0,0,0,0,0,0,0,0,0,,0.0,0.0,1e+20,1e+20,0,0,0,0,0,0,0,0,0
philosophers-p10-phil11,-3,False,0,0,0,0,0,0,0,0,0,0,0,0,0,,0.0,0.0,1e+20,1e+20,0,0,0,0,0,0,0,0,0
philosophers-p11-phil12,-3,False,0,0,0,0,0,0,0,0,0,0,0,0,0,,0.0,0.0,1e+20,1e+20,0,0,0,0,0,0,0,0,0
philosophers-p12-phil13,-3,False,0,0,0,0,0,0,0,0,0,0,0,0,0,,0.0,0.0,1e+20,1e+20,0,0,0,0,0,0,0,0,0
philosophers-p13-phil14,-3,False,0,0,0,0,0,0,0,0,0,0,0,0,0,,0.0,0.0,1e+20,1e+20,0,0,0,0,0,0,0,0,0
philosophers-p14-phil15,-3,False,0,0,0,0,0,0,0,0,0,0,0,0,0,,0.0,0.0,1e+20,1e+20,0,0,0,0,0,0,0,0,0
philosophers-p15-phil16,-3,False,0,0,0,0,0,0,0,0,0,0,0,0,0,,0.0,0.0,1e+20,1e+20,0,0,0,0,0,0,0,0,0
philosophers-p16-phil17,-3,False,0,0,0,0,0,0,0,0,0,0,0,0,0,,0.0,0.0,1e+20,1e+20,0,0,0,0,0,0,0,0,0
philosophers-p17-phil18,-3,False,0,0,0,0,0,0,0,0,0,0,0,0,0,,0.0,0.0,1e+20,1e+20,0,0,0,0,0,0,0,0,0
philosophers-p18-phil19,-3,False,0,0,0,0,0,0,0,0,0,0,0,0,0,,0.0,0.0,1e+20,1e+20,0,0,0,0,0,0,0,0,0
philosophers-p19-phil20,-3,False,0,0,0,0,0,0,0,0,0,0,0,0,0,,0.0,0.0,1e+20,1e+20,0,0,0,0,0,0,0,0,0
philosophers-p20-phil21,-3,False,0,0,0,0,0,0,0,0,0,0,0,0,0,,0.0,0.0,1e+20,1e+20,0,0,0,0,0,0,0,0,0
philosophers-p21-phil22,-3,False,0,0,0,0,0,0,0,0,0,0,0,0,0,,0.0,0.0,1e+20,1e+20,0,0,0,0,0,0,0,0,0
philosophers-p22-phil23,-3,False,0,0,0,0,0,0,0,0,0,0,0,0,0,,0.0,0.0,1e+20,1e+20,0,0,0,0,0,0,0,0,0
philosophers-p23-phil24,-3,False,0,0,0,0,0,0,0,0,0,0,0,0,0,,0.0,0.0,1e+20,1e+20,0,0,0,0,0,0,0,0,0
philosophers-p24-phil25,-3,False,0,0,0,0,0,0,0,0,0,0,0,0,0,,0.0,0.0,1e+20,1e+20,0,0,0,0,0,0,0,0,0
philosophers-p25-phil26,-3,False,0,0,0,0,0,0,0,0,0,0,0,0,0,,0.0,0.0,1e+20,1e+20,0,0,0,0,0,0,0,0,0
philosophers-p26-phil27,-3,False,0,0,0,0,0,0,0,0,0,0,0,0,0,,0.0,0.0,1e+20,1e+20,0,0,0,0,0,0,0,0,0
philosophers-p27-phil28,-3,False,0,0,0,0,0,0,0,0,0,0,0,0,0,,0.0,0.0,1e+20,1e+20,0,0,0,0,0,0,0,0,0
philosophers-p28-phil29,-3,False,0,0,0,0,0,0,0,0,0,0,0,0,0,,0.0,0.0,1e+20,1e+20,0,0,0,0,0,0,0,0,0
philosophers-p29-phil30,-3,False,0,0,0,0,0,0,0,0,0,0,0,0,0,,0.0,0.0,1e+20,1e+20,0,0,0,0,0,0,0,0,0
philosophers-p30-phil31,-3,False,0,0,0,0,0,0,0,0,0,0,0,0,0,,0.0,0.0,1e+20,1e+20,0,0,0,0,0,0,0,0,0
philosophers-p31-phil32,-3,False,0,0,0,0,0,0,0,0,0,0,0,0,0,,0.0,0.0,1e+20,1e+20,0,0,0,0,0,0,0,0,0
philosophers-p32-phil33,-3,False,0,0,0,0,0,0,0,0,0,0,0,0,0,,0.0,0.0,1e+20,1e+20,0,0,0,0,0,0,0,0,0
philosophers-p33-phil34,-3,False,0,0,0,0,0,0,0,0,0,0,0,0,0,,0.0,0.0,1e+20,1e+20,0,0,0,0,0,0,0,0,0
philosophers-p34-phil35,-3,False,0,0,0,0,0,0,0,0,0,0,0,0,0,,0.0,0.0,1e+20,1e+20,0,0,0,0,0,0,0,0,0
philosophers-p35-phil36,-3,False,0,0,0,0,0,0,0,0,0,0,0,0,0,,0.0,0.0,1e+20,1e+20,0,0,0,0,0,0,0,0,0
philosophers-p36-phil37,-3,False,0,0,0,0,0,0,0,0,0,0,0,0,0,,0.0,0.0,1e+20,1e+20,0,0,0,0,0,0,0,0,0
philosophers-p37-phil38,-3,False,0,0,0,0,0,0,0,0,0,0,0,0,0,,0.0,0.0,1e+20,1e+20,0,0,0,0,0,0,0,0,0
philosophers-p38-phil39,-3,False,0,0,0,0,0,0,0,0,0,0,0,0,0,,0.0,0.0,1e+20,1e+20,0,0,0,0,0,0,0,0,0
philosophers-p39-phil40,-3,False,0,0,0,0,0,0,0,0,0,0,0,0,0,,0.0,0.0,1e+20,1e+20,0,0,0,0,0,0,0,0,0
philosophers-p40-phil41,-3,False,0,0,0,0,0,0,0,0,0,0,0,0,0,,0.0,0.0,1e+20,1e+20,0,0,0,0,0,0,0,0,0
philosophers-p41-phil42,-3,False,0,0,0,0,0,0,0,0,0,0,0,0,0,,0.0,0.0,1e+20,1e+20,0,0,0,0,0,0,0,0,0
philosophers-p42-phil43,-3,False,0,0,0,0,0,0,0,0,0,0,0,0,0,,0.0,0.0,1e+20,1e+20,0,0,0,0,0,0,0,0,0
philosophers-p43-phil44,-3,False,0,0,0,0,0,0,0,0,0,0,0,0,0,,0.0,0.0,1e+20,1e+20,0,0,0,0,0,0,0,0,0
philosophers-p44-phil45,-3,False,0,0,0,0,0,0,0,0,0,0,0,0,0,,0.0,0.0,1e+20,1e+20,0,0,0,0,0,0,0,0,0
philosophers-p45-phil46,-3,False,0,0,0,0,0,0,0,0,0,0,0,0,0,,0.0,0.0,1e+20,1e+20,0,0,0,0,0,0,0,0,0
philosophers-p46-phil47,-3,False,0,0,0,0,0,0,0,0,0,0,0,0,0,,0.0,0.0,1e+20,1e+20,0,0,0,0,0,0,0,0,0
philosophers-p47-phil48,-3,False,0,0,0,0,0,0,0,0,0,0,0,0,0,,0.0,0.0,1e+20,1e+20,0,0,0,0,0,0,0,0,0
philosophers-p48-phil49,-3,False,0,0,0,0,0,0,0,0,0,0,0,0,0,,0.0,0.0,1e+20,1e+20,0,0,0,0,0,0,0,0,0
pipesworld-notankage-p01-net1-b6-g2,0,True,22,38,119,192,0,237,0,0,0,0,0,0,0,,0.0,5.0,5,5,0.0049,0.0003,0.0,0.0011,0.0,0.0,0.0,0.0054,0.0122
pipesworld-notankage-p02-net1-b6-g4,0,True,19,38,130,205,0,258,0,0,0,0,0,0,0,,0.0,7.0,7,7,0.0053,0.0003,0.0,0.0013,0.0,0.0,0.0,0.0055,0.0129
pipesworld-notankage-p03-net1-b8-g3,0,True,34,59,202,314,0,410,0,1,0,0,1,0,0,,0.0,7.0,7,7,0.0057,0.0007,0.0001,0.0011,0.0,0.0,0.0,0.0076,0.0155
pipesworld-notankage-p04-net1-b8-g5,0,True,32,59,202,314,0,410,0,1,0,0,2,0,0,,0.0,7.0,8,7,0.0056,0.0007,0.0001,0.0012,0.0,0.0,0.0,0.0074,0.0153
pipesworld-notankage-p05-net1-b10-g4,0,True,45,98,341,504,0,675,0,0,0,0,0,0,0,,0.0,7.0,7,7,0.0081,0.0012,0.0001,0.0015,0.0,0.0,0.0,0.0107,0.0221
pipesworld-notankage-p06-net1-b10-g6,0,True,41,98,343,507,0,679,0,0,0,0,0,0,0,,0.0,9.0,9,9,0.0064,0.0012,0.0001,0.0017,0.0,0.0,0.0,0.0104,0.0202
pipesworld-notankage-p07-net1-b12-g5,0,True,54,148,467,693,0,944,0,5,0,0,5,0,0,,0.0,8.0,8,8,0.0084,0.0019,0.0001,0.0019,0.0,0.0002,0.0,0.0183,0.0311
pipesworld-notankage-p08-net1-b12-g7,0,True,48,148,480,708,0,971,0,4,0,0,4,0,0,,0.0,10.0,10,10,0.0068,0.0019,0.0002,0.0017,0.0,0.0002,0.0,0.0177,0.0289
pipesworld-notankage-p09-net1-b14-g6,0,True,55,198,660,950,0,1314,0,30,0,0,32,0,0,,0.0,13.0,14,13,0.0085,0.0027,0.0003,0.0016,0.0,0.0034,0.0,0.0511,0.0648
pipesworld-notankage-p10-net1-b14-g8,0,True,46,198,681,973,0,1355,0,35,0,0,37,0,0,,0.0,17.0,18,17,0.0083,0.0028,0.0004,0.002,0.0,0.0041,0.0,0.0842,0.0982
pipesworld-notankage-p11-net2-b10-g2,0,True,156,738,1572,2479,0,3315,0,32,0,0,33,0,53,,0.0,11.0,12,11,0.0095,0.0059,0.0016,0.0027,0.0,0.0509,0.0,0.6451,0.6655
pipesworld-notankage-p12-net2-b10-g4,0,True,152,738,1572,2479,0,3315,0,404,0,0,405,0,378,,0.0,13.0,17,13,0.0089,0.0062,0.002,0.003,0.0,0.6907,0.0,1.9137,1.9344
pipesworld-notankage-p13-net2-b12-g3,0,True,189,913,1953,3072,0,4117,0,412,0,0,413,0,322,,0.0,12.0,13,12,0.0099,0.0088,0.0022,0.0038,0.0,1.9965,0.0,2.5185,2.5439
pipesworld-notankage-p14-net2-b12-g5,0,True,191,984,2109,3309,0,4427,0,3126,0,0,3128,0,12948,,0.0,18.0,21,18,0.0124,0.0094,0.0032,0.0034,0.0,14.1411,0.0,140.976,141.0052
pipesworld-notankage-p15-net2-b14-g4,0,True,202,940,1936,3097,0,4171,0,215,0,0,216,0,311,,0.0,14.0,15,14,0.0123,0.0097,0.0022,0.0035,0.0,0.7668,0.0,1.8955,1.924
pipesworld-notankage-p16-net2-b14-g6,0,True,198,940,1948,3110,0,4196,0,189,0,0,191,0,103,,0.0,19.0,25,19,0.0129,0.0099,0.0034,0.0035,0.0,0.3662,0.0,1.315,1.3455
pipesworld-notankage-p17-net2-b16-g5,0,True,295,1558,3291,5163,0,6862,0,19,0,0,19,0,0,,0.0,12.0,12,12,0.0297,0.0194,0.0048,0.0057,0.0,0.3923,0.0,0.5537,0.6143
pipesworld-notankage-p18-net2-b16-g7,0,True,289,1558,3336,5210,0,6951,0,3671,0,0,3673,0,38490,,0.0,18.0,20,18,0.017,0.0198,0.0061,0.0061,0.0,54.4182,0.0,656.4674,656.5175
pipesworld-notankage-p19-net2-b18-g6,2,True,350,1900,4069,6344,0,8499,0,7862,0,0,7864,0,26914,,0.0,17.013,23,20,0.0219,0.0284,0.012,0.007,0.0,191.0283,0.0,899.9668,900.0842
pipesworld-notankage-p20-net2-b18-g8,2,True,345,1900,4106,6383,0,8573,0,5180,0,0,5183,0,44100,,0.0,20.913,27,23,0.0223,0.0287,0.0167,0.0083,0.0,125.2659,0.0,899.957,900.0807
pipesworld-notankage-p21-net3-b12-g2,0,True,229,1025,2205,3470,0,4704,0,98,0,0,99,0,7,,0.0,9.0,10,9,0.0147,0.012,0.0022,0.0039,0.0,0.575,0.0,1.0863,1.1198
pipesworld-notankage-p22-net3-b12-g4,0,True,219,1025,2253,3525,0,4802,0,666,0,0,668,0,1653,,0.0,19.0,21,19,0.014,0.0121,0.0038,0.0036,0.0,3.1581,0.0,9.0939,9.1282
pipesworld-notankage-p23-net3-b14-g3,0,True,297,1466,3231,5016,0,6771,0,720,0,0,721,0,1219,,0.0,14.0,15,14,0.0194,0.021,0.0062,0.0054,0.0,8.9664,0.0,8.4728,8.5258
pipesworld-notankage-p24-net3-b14-g5,0,True,293,1466,3278,5065,0,6863,0,772,0,0,773,0,451,,0.0,18.0,22,18,0.0192,0.0216,0.0114,0.0056,0.0,7.7193,0.0,9.2573,9.3161
pipesworld-notankage-p25-net3-b16-g5,2,True,363,1900,4159,6452,0,8683,0,6581,0,0,6582,0,18992,,0.0,18.148,24,23,0.0247,0.0338,0.0096,0.0074,0.0,142.1382,0.0,899.9781,900.0912
pipesworld-notankage-p26-net3-b16-g7,2,True,355,1900,4187,6482,0,8738,0,4892,0,0,4894,0,46944,,0.0,22.761,30,24,0.0247,0.0344,0.0112,0.0074,0.0,88.7315,0.0,899.9337,900.0406
pipesworld-notankage-p27-net3-b18-g6,0,True,429,2280,5085,7824,0,10597,0,5709,0,0,5714,0,7736,,0.0,19.0,25,19,0.0293,0.0475,0.0153,0.0098,0.0,188.2767,0.0,470.4008,470.5039
pipesworld-notankage-p28-net3-b18-g7,0,True,424,2280,5099,7839,0,10625,0,6239,0,0,6386,0,26008,,0.0,25.0,31,25,0.0314,0.0476,0.0193,0.0097,0.0,180.152,0.0,854.6072,854.7163
pipesworld-notankage-p29-net3-b20-g6,0,True,522,2910,6425,9888,0,13354,0,3403,0,0,3404,0,6529,,0.0,21.0,25,21,0.0392,0.0705,0.0145,0.0132,0.0,226.1109,0.0,484.6911,484.8299
pipesworld-notankage-p30-net3-b20-g8,2,True,468,2661,5817,8984,0,11991,0,5082,0,0,5082,0,11391,,0.0,27.341,37,37,0.0336,0.0581,0.024,0.0117,0.0,170.7048,0.0,899.9115,900.0436
pipesworld-notankage-p31-net4-b14-g3,2,True,325,2131,5171,7639,0,10240,0,6181,0,0,6181,0,24704,,0.0,14.416,19,19,0.0251,0.0398,0.0063,0.0092,0.0,113.536,0.0,899.9308,900.0572
pipesworld-notankage-p32-net4-b14-g5,2,True,320,2131,5193,7663,0,10290,0,5796,0,0,5797,0,25250,,0.0,16.692,23,21,0.0245,0.0394,0.0082,0.0083,0.0,110.7891,0.0,899.9475,900.0602
pipesworld-notankage-p33-net4-b16-g5,0,True,359,2256,5479,8112,0,10901,0,717,0,0,717,0,13754,,0.0,18.0,18,18,0.0257,0.0461,0.0059,0.0103,0.0,7.19,0.0,423.8341,423.9232
pipesworld-notankage-p34-net4-b16-g6,2,True,385,2589,6372,9370,0,12580,0,5564,0,0,5564,0,18164,,0.0,18.458,29,29,0.0476,0.0587,0.0176,0.0108,0.0,128.7087,0.0,899.8773,900.0581
pipesworld-notankage-p35-net4-b18-g4,2,True,475,3482,8431,12402,0,16442,0,1210,0,0,1211,0,5829,,0.0,12.267,19,18,0.049,0.0903,0.0188,0.0153,0.0,62.6157,0.0,899.8628,900.0395
pipesworld-notankage-p36-net4-b18-g6,2,True,470,3482,8499,12473,0,16580,0,2416,0,0,2417,0,4860,,0.0,16.029,26,25,0.0599,0.0891,0.0233,0.0155,0.0,150.603,0.0,899.8214,900.0139
pipesworld-notankage-p37-net4-b20-g5,0,True,546,3944,9730,14236,0,18953,0,2931,0,0,2932,0,5920,,0.0,14.0,15,14,0.0591,0.1161,0.021,0.0217,0.0,262.5531,0.0,868.9419,869.1615
pipesworld-notankage-p38-net4-b20-g7,2,True,544,3944,9784,14291,0,19059,0,4260,0,0,4260,0,7490,,0.0,14.381,21,21,0.05,0.1168,0.0284,0.0218,0.0,334.5782,0.0,899.9647,900.1948
pipesworld-notankage-p39-net4-b22-g7,2,True,669,5227,12906,18829,0,25095,0,1743,0,0,1743,0,2500,,0.0,17.1,23,23,0.0892,0.1908,0.0376,0.0281,0.0,325.1368,0.0,899.6915,900.0398
pipesworld-notankage-p40-net4-b22-g8,2,True,668,5227,12944,18868,0,25170,0,1863,0,0,1863,0,2702,,0.0,19.0,27,27,0.089,0.1921,0.0439,0.0273,0.0,229.3044,0.0,899.7107,900.0661
pipesworld-notankage-p41-net5-b22-g2,0,True,739,6840,16252,23837,0,31701,0,45,0,0,45,0,0,,0.0,8.0,8,8,0.1151,0.2695,0.0158,0.0401,0.0,13.7479,0.0,14.8222,15.2655
pipesworld-notankage-p42-net5-b22-g4,2,True,729,6840,16385,23977,0,31966,0,1883,0,0,1883,0,2819,,0.0,16.0,19,19,0.0945,0.2721,0.0496,0.0391,0.0,626.4886,0.0,899.5629,900.0213
pipesworld-notankage-p43-net5-b24-g3,2,True,838,8293,19762,28913,0,38289,0,1330,0,0,1330,0,1351,,0.0,14.0,24,24,0.1305,0.3599,0.0905,0.0515,0.0,655.8947,0.0,899.4015,900.0385
pipesworld-notankage-p44-net5-b24-g5,2,True,836,8293,19826,28981,0,38439,0,735,0,0,736,0,1443,,0.0,18.984,28,27,0.1308,0.3607,0.1155,0.0517,0.0,327.9921,0.0,899.376,900.0394
pipesworld-notankage-p45-net5-b26-g4,2,True,949,9665,23109,33747,0,44701,0,718,0,0,718,0,1195,,0.0,17.378,28,28,0.1661,0.4389,0.1058,0.0621,0.0,527.2356,0.0,900.8589,901.637
pipesworld-notankage-p46-net5-b26-g6,2,True,946,9665,23192,33833,0,44871,0,971,0,0,971,0,580,,0.0,20.444,38,38,0.1663,0.4662,0.1496,0.0657,0.0,831.0272,0.0,899.8591,900.712
pipesworld-notankage-p47-net5-b28-g5,2,True,1048,10852,25753,37686,0,49847,0,834,0,0,834,0,325,,0.0,20.167,39,39,0.1971,0.5728,0.2049,0.0776,0.0,792.0015,0.0,898.9782,900.0352
pipesworld-notankage-p48-net5-b28-g7,2,True,1043,10852,25859,37795,0,50064,0,887,0,0,887,0,485,,0.0,25.0,47,47,0.1953,0.5793,0.2771,0.0773,0.0,877.7153,0.0,898.9441,900.0803
pipesworld-notankage-p49-net5-b30-g6,2,True,1172,12349,29452,42997,0,56855,0,955,0,0,955,0,480,,0.0,18.333,30,30,0.2335,0.7084,0.1629,0.0927,0.0,698.0514,0.0,900.2898,901.4978
pipesworld-notankage-p50-net5-b30-g8,2,True,1162,12349,29507,43055,0,56961,0,641,0,0,641,0,1268,,0.0,22.875,42,42,0.2312,0.7008,0.2482,0.093,0.0,751.9005,0.0,898.7457,900.0278
pipesworld-tankage-p01-net1-b6-g2-t50,0,True,28,46,149,235,0,357,0,0,0,0,0,0,0,,0.0,5.0,5,5,0.0254,0.0003,0.0,0.0015,0.0,0.0,0.0,0.0065,0.0342
pipesworld-tankage-p02-net1-b6-g4-t50,0,True,22,46,156,243,0,371,0,1,0,0,2,0,0,,0.0,7.0,8,7,0.005,0.0003,0.0001,0.0011,0.0,0.0,0.0,0.0067,0.0136
pipesworld-tankage-p03-net1-b8-g3-t80,0,True,42,188,604,848,0,996,0,1,0,0,1,0,0,,0.0,7.0,7,7,0.0198,0.0024,0.0002,0.0017,0.0,0.0001,0.0,0.0179,0.0425
pipesworld-tankage-p04-net1-b8-g5-t80,0,True,40,199,632,887,0,1041,0,1,0,0,1,0,0,,0.0,7.0,7,7,0.0088,0.0024,0.0002,0.0017,0.0,0.0001,0.0,0.02,0.0335
pipesworld-tankage-p05-net1-b10-g4-t50,0,True,46,155,566,783,0,1004,0,0,0,0,0,0,0,,0.0,7.0,7,7,0.0095,0.0029,0.0001,0.0018,0.0,0.0,0.0,0.0155,0.0303
pipesworld-tankage-p06-net1-b10-g6-t50,0,True,41,155,568,786,0,1008,0,0,0,0,0,0,0,,0.0,9.0,9,9,0.0086,0.0028,0.0002,0.0019,0.0,0.0,0.0,0.0149,0.029
pipesworld-tankage-p07-net1-b12-g5-t80,0,True,64,522,1785,2386,0,2548,0,4,0,0,4,0,0,,0.0,8.0,8,8,0.018,0.0152,0.001,0.0025,0.0,0.0007,0.0,0.0521,0.0895
pipesworld-tankage-p08-net1-b12-g7-t80,0,True,60,522,1851,2454,0,2634,0,5,0,0,5,0,0,,0.0,10.0,10,10,0.019,0.0147,0.001,0.0029,0.0,0.0009,0.0,0.0533,0.0917
pipesworld-tankage-p09-net1-b14-g6-t50,0,True,60,941,3042,4069,0,4028,0,17,0,0,18,0,0,,0.0,13.0,15,13,0.0206,0.0174,0.0037,0.0038,0.0,0.0135,0.0,0.166,0.2124
pipesworld-tankage-p10-net1-b14-g8-t50,0,True,54,941,3125,4154,0,4153,0,54,0,0,55,0,0,,0.0,17.0,18,17,0.0211,0.0176,0.0059,0.0033,0.0,0.0431,0.0,0.3238,0.3726
pipesworld-tankage-p11-net2-b10-g2-t30,0,True,165,994,2905,4075,0,5165,0,130,0,0,131,0,362,,0.0,12.0,13,12,0.0141,0.0171,0.0028,0.0038,0.0,0.3446,0.0,3.455,3.4941
pipesworld-tankage-p12-net2-b10-g4-t60,0,True,167,1548,4405,6135,0,7119,0,370,0,0,371,0,266,,0.0,13.0,17,13,0.019,0.0294,0.0059,0.006,0.0,2.5882,0.0,4.7895,4.8508
pipesworld-tankage-p13-net2-b12-g3-t70,0,True,213,2379,6477,9083,0,10364,0,2506,0,0,2507,0,7891,,0.0,12.0,13,12,0.0251,0.0503,0.0098,0.008,0.0,81.3123,0.0,232.9063,233.0007
pipesworld-tankage-p14-net2-b12-g5-t30,0,True,206,1801,4803,6828,0,7964,0,2989,0,0,2992,0,18041,,0.0,19.0,23,19,0.0266,0.0314,0.0091,0.0061,0.0,25.6158,0.0,411.547,411.6215
pipesworld-tankage-p15-net2-b14-g4-t30,0,True,218,1348,3426,5005,0,6237,0,134,0,0,135,0,269,,0.0,14.0,16,14,0.0339,0.0293,0.005,0.006,0.0,0.6622,0.0,2.8625,2.9379
pipesworld-tankage-p16-net2-b14-g6-t80,0,True,234,3342,9187,12780,0,13723,0,430,0,0,441,0,585,,0.0,19.0,25,19,0.0367,0.0933,0.0186,0.011,0.0,5.9631,0.0,12.8621,13.023
pipesworld-tankage-p17-net2-b16-g5-t20,0,True,300,1959,4843,7121,0,8889,0,1,0,0,1,0,0,,0.0,13.0,13,13,0.0247,0.0467,0.0086,0.008,0.0,0.0152,0.0,0.3481,0.4371
pipesworld-tankage-p18-net2-b16-g7-t60,2,True,319,4813,13246,18397,0,19622,0,2491,0,0,2496,0,3617,,0.0,17.0,24,20,0.0597,0.147,0.0429,0.0183,0.0,121.9563,0.0,899.7495,900.0205
pipesworld-tankage-p19-net2-b18-g6-t60,2,True,378,4223,11752,16371,0,18535,0,4756,0,0,4756,0,3820,,0.0,16.0,23,23,0.0705,0.1795,0.0345,0.02,0.0,333.9281,0.0,899.7348,900.0441
pipesworld-tankage-p20-net2-b18-g8-t90,2,True,399,8789,24023,33232,0,34052,0,2819,0,0,2819,0,2432,,0.0,19.118,27,27,0.0945,0.4224,0.0952,0.0397,0.0,545.1171,0.0,899.3667,900.0227
pipesworld-tankage-p21-net3-b12-g2-t60,0,True,246,2182,5913,8348,0,9889,0,72,0,0,73,0,101,,0.0,9.0,10,9,0.0331,0.0491,0.0051,0.0088,0.0,0.697,0.0,1.8855,1.9827
pipesworld-tankage-p22-net3-b12-g4-t60,0,True,238,2177,5928,8359,0,9921,0,2242,0,0,2243,0,10428,,0.0,19.0,21,19,0.0242,0.0494,0.0114,0.0079,0.0,22.3544,0.0,547.2707,547.365
pipesworld-tankage-p23-net3-b14-g3-t60,2,True,316,4452,12686,17472,0,18947,0,2753,0,0,2753,0,10709,,0.0,14.0,16,16,0.0706,0.1485,0.0274,0.0183,0.0,181.0825,0.0,899.7579,900.0366
pipesworld-tankage-p24-net3-b14-g5-t60,2,True,312,4375,12527,17236,0,18715,0,3552,0,0,3554,0,20860,,0.0,17.73,22,20,0.0522,0.1476,0.0368,0.017,0.0,183.4062,0.0,899.7951,900.0575
pipesworld-tankage-p25-net3-b16-g5-t60,2,True,394,6948,19718,27080,0,28458,0,2171,0,0,2171,0,6583,,0.0,17.08,25,25,0.1216,0.3514,0.0777,0.0299,0.0,232.4825,0.0,899.4372,900.0244
pipesworld-tankage-p26-net3-b16-g7-t70,2,True,392,7771,22010,30199,0,31274,0,1675,0,0,1675,0,3866,,0.0,20.5,30,30,0.138,0.4229,0.1045,0.0333,0.0,167.229,0.0,899.3165,900.0203
pipesworld-tankage-p27-net3-b18-g6-t70,2,True,461,8116,22413,31009,0,33119,0,2606,0,0,2606,0,2827,,0.0,17.0,24,24,0.1346,0.445,0.111,0.039,0.0,576.9043,0.0,899.3088,900.0471
pipesworld-tankage-p28-net3-b18-g7-t70,2,True,454,8116,22413,31009,0,33119,0,1230,0,0,1230,0,2246,,0.0,24.0,31,31,0.1366,0.4448,0.1448,0.0386,0.0,216.7732,0.0,899.4139,900.1895
pipesworld-tankage-p29-net3-b20-g6-t70,2,True,561,11951,33019,45551,0,47130,0,2190,0,0,2190,0,2976,,0.0,17.394,25,25,0.2091,0.8215,0.1299,0.066,0.0,803.1591,0.0,898.9724,900.2054
pipesworld-tankage-p30-net3-b20-g8-t70,2,True,519,12786,37987,51317,0,50655,0,1046,0,0,1046,0,1322,,0.0,24.44,38,38,0.2119,0.8825,0.1834,0.0701,0.0,536.8258,0.0,898.8646,900.2179
pipesworld-tankage-p31-net4-b14-g3-t20,2,True,245,1509,3916,5680,0,7455,0,6897,0,0,7483,0,40811,,0.0,14.633,23,19,0.0359,0.0263,0.0054,0.0061,0.0,42.3422,0.0,899.9349,900.0852
pipesworld-tankage-p32-net4-b14-g5-t30,2,True,329,3425,10311,14081,0,17506,0,2505,0,0,2505,0,9772,,0.0,16.04,21,21,0.0583,0.129,0.015,0.0144,0.0,66.5253,0.0,899.8038,900.0491
pipesworld-tankage-p33-net4-b16-g5-t60,2,True,377,7138,20848,28375,0,30606,0,918,0,0,918,0,2325,,0.0,13.603,19,19,0.0798,0.2678,0.0288,0.0299,0.0,69.1875,0.0,899.6139,900.0316
pipesworld-tankage-p34-net4-b16-g6-t60,2,True,413,9488,27637,37550,0,40040,0,1255,0,0,1255,0,1396,,0.0,17.0,31,31,0.0998,0.4226,0.1141,0.0419,0.0,207.7557,0.0,899.365,900.0486
pipesworld-tankage-p35-net4-b18-g4-t90,2,True,537,21724,62972,85239,0,84073,0,409,0,0,409,0,786,,0.0,9.5,17,17,0.2668,1.7434,0.1918,0.1209,0.0,318.2644,0.0,897.7388,900.0748
pipesworld-tankage-p36-net4-b18-g6-t90,2,True,533,21724,63068,85336,0,84212,0,476,0,0,476,0,560,,0.0,13.0,25,25,0.2787,1.7363,0.285,0.118,0.0,316.8815,0.0,898.439,900.8672
pipesworld-tankage-p37-net4-b20-g5-t60,2,True,576,16940,50267,67790,0,69443,0,327,0,0,327,0,392,,0.0,9.0,15,15,0.2029,1.1298,0.1635,0.0954,0.0,213.4649,0.0,898.5038,900.102
pipesworld-tankage-p38-net4-b20-g7-t60,2,True,574,16940,50267,67790,0,69443,0,502,0,0,502,0,402,,0.0,11.361,21,21,0.2006,1.128,0.2247,0.0963,0.0,368.0576,0.0,898.5341,900.1906
pipesworld-tankage-p39-net4-b22-g7-t50,2,True,700,21823,63794,86331,0,89248,0,415,0,0,415,0,337,,0.0,15.0,24,24,0.2955,1.8828,0.442,0.1508,0.0,484.7366,0.0,897.9988,900.777
pipesworld-tankage-p40-net4-b22-g8-t50,2,True,699,21823,63794,86331,0,89248,0,210,0,0,210,0,408,,0.0,16.333,28,28,0.2952,1.8936,0.4616,0.1439,0.0,101.6469,0.0,897.2519,900.055
pipesworld-tankage-p41-net5-b22-g2-t20,0,True,743,12877,36885,50509,0,58735,0,164,0,0,164,0,556,,0.0,8.0,8,8,0.1551,0.7047,0.065,0.0852,0.0,97.4197,0.0,171.4907,172.5042
pipesworld-tankage-p42-net5-b22-g4-t50,2,True,775,34729,101107,136622,0,135692,0,71,0,0,71,0,67,,0.0,11.5,20,20,0.4218,3.1746,1.143,0.2504,0.0,216.6212,0.0,895.0854,900.0914
pipesworld-tankage-p43-net5-b24-g3-t80,2,True,909,61045,179241,241208,0,226140,0,115,0,0,115,0,21,,0.0,10.5,24,24,1.034,9.5146,1.5733,0.7256,0.0,1001.4873,0.0,947.643,960.5139
pipesworld-tankage-p44-net5-b24-g5-t80,2,True,907,61045,179241,241208,0,226140,0,2,0,0,2,0,4,,0.0,12.0,27,27,0.9772,9.6062,1.826,0.7262,0.0,0.9941,0.0,886.9898,900.1725
pipesworld-tankage-p45-net5-b26-g4-t50,2,True,995,41360,123395,165763,0,164754,0,27,0,0,27,0,52,,0.0,12.944,31,31,0.6904,5.9715,1.2672,0.5159,0.0,180.9842,0.0,891.7315,900.1958
pipesworld-tankage-p46-net5-b26-g6-t50,2,True,992,41339,123502,165850,0,164893,0,19,0,0,19,0,20,,0.0,17.116,41,41,0.7114,5.913,1.6303,0.4353,0.0,101.4609,0.0,891.4911,900.2063
pipesworld-tankage-p47-net5-b28-g5-t50,2,True,1100,50902,148577,200597,0,198232,0,10,0,0,10,0,0,,0.0,16.9,40,40,0.9379,8.2923,2.045,0.6946,0.0,96.9473,0.0,888.1301,900.1158
pipesworld-tankage-p48-net5-b28-g7-t50,2,True,1096,50902,148652,200673,0,198352,0,37,0,0,37,0,25,,0.0,21.5,48,48,0.9379,8.2302,2.6565,0.66,0.0,121.2084,0.0,895.7358,908.2455
pipesworld-tankage-p49-net5-b30-g6-t50,2,True,1226,62714,184276,248226,0,241856,0,25,0,0,25,0,3,,0.0,14.0,31,31,1.1676,10.4489,3.1315,0.737,0.0,450.4862,0.0,895.6475,911.1536
pipesworld-tankage-p50-net5-b30-g8-t50,2,True,1218,62714,184305,248256,0,241904,0,28,0,0,28,0,0,,0.0,18.0,42,42,1.1856,10.5733,3.3863,0.9558,0.0,618.3758,0.0,930.358,946.4771
psr-large-p01-s29-n2-l5-f30,-3,False,0,0,0,0,0,0,0,0,0,0,0,0,0,,0.0,0.0,1e+20,1e+20,0,0,0,0,0,0,0,0,0
psr-large-p02-s46-n3-l5-f50,-3,False,0,0,0,0,0,0,0,0,0,0,0,0,0,,0.0,0.0,1e+20,1e+20,0,0,0,0,0,0,0,0,0
psr-large-p03-s53-n4-l3-f30,-3,False,0,0,0,0,0,0,0,0,0,0,0,0,0,,0.0,0.0,1e+20,1e+20,0,0,0,0,0,0,0,0,0
psr-large-p04-s66-n5-l2-f50,-3,False,0,0,0,0,0,0,0,0,0,0,0,0,0,,0.0,0.0,1e+20,1e+20,0,0,0,0,0,0,0,0,0
psr-large-p05-s71-n5-l3-f70,-3,False,0,0,0,0,0,0,0,0,0,0,0,0,0,,0.0,0.0,1e+20,1e+20,0,0,0,0,0,0,0,0,0
psr-large-p06-s74-n5-l4-f50,-3,False,0,0,0,0,0,0,0,0,0,0,0,0,0,,0.0,0.0,1e+20,1e+20,0,0,0,0,0,0,0,0,0
psr-large-p07-s81-n6-l2-f30,-3,False,0,0,0,0,0,0,0,0,0,0,0,0,0,,0.0,0.0,1e+20,1e+20,0,0,0,0,0,0,0,0,0
psr-large-p08-s87-n6-l3-f70,-3,False,0,0,0,0,0,0,0,0,0,0,0,0,0,,0.0,0.0,1e+20,1e+20,0,0,0,0,0,0,0,0,0
psr-large-p09-s90-n6-l4-f50,-3,False,0,0,0,0,0,0,0,0,0,0,0,0,0,,0.0,0.0,1e+20,1e+20,0,0,0,0,0,0,0,0,0
psr-large-p10-s93-n6-l5-f30,-3,False,0,0,0,0,0,0,0,0,0,0,0,0,0,,0.0,0.0,1e+20,1e+20,0,0,0,0,0,0,0,0,0
psr-large-p11-s100-n7-l3-f10,-3,False,0,0,0,0,0,0,0,0,0,0,0,0,0,,0.0,0.0,1e+20,1e+20,0,0,0,0,0,0,0,0,0
psr-large-p12-s103-n7-l3-f70,-3,False,0,0,0,0,0,0,0,0,0,0,0,0,0,,0.0,0.0,1e+20,1e+20,0,0,0,0,0,0,0,0,0
psr-large-p13-s106-n7-l4-f50,-3,False,0,0,0,0,0,0,0,0,0,0,0,0,0,,0.0,0.0,1e+20,1e+20,0,0,0,0,0,0,0,0,0
psr-large-p14-s112-n8-l2-f10,-3,False,0,0,0,0,0,0,0,0,0,0,0,0,0,,0.0,0.0,1e+20,1e+20,0,0,0,0,0,0,0,0,0
psr-large-p15-s114-n8-l2-f50,-3,False,0,0,0,0,0,0,0,0,0,0,0,0,0,,0.0,0.0,1e+20,1e+20,0,0,0,0,0,0,0,0,0
psr-large-p16-s119-n8-l3-f70,-3,False,0,0,0,0,0,0,0,0,0,0,0,0,0,,0.0,0.0,1e+20,1e+20,0,0,0,0,0,0,0,0,0
psr-large-p17-s129-n9-l2-f30,-3,False,0,0,0,0,0,0,0,0,0,0,0,0,0,,0.0,0.0,1e+20,1e+20,0,0,0,0,0,0,0,0,0
psr-large-p18-s133-n9-l3-f30,-3,False,0,0,0,0,0,0,0,0,0,0,0,0,0,,0.0,0.0,1e+20,1e+20,0,0,0,0,0,0,0,0,0
psr-large-p19-s144-n10-l2-f10,-3,False,0,0,0,0,0,0,0,0,0,0,0,0,0,,0.0,0.0,1e+20,1e+20,0,0,0,0,0,0,0,0,0
psr-large-p20-s149-n10-l3-f30,-3,False,0,0,0,0,0,0,0,0,0,0,0,0,0,,0.0,0.0,1e+20,1e+20,0,0,0,0,0,0,0,0,0
psr-large-p21-s160-n12-l2-f10,-3,False,0,0,0,0,0,0,0,0,0,0,0,0,0,,0.0,0.0,1e+20,1e+20,0,0,0,0,0,0,0,0,0
psr-large-p22-s162-n12-l3-f10,-3,False,0,0,0,0,0,0,0,0,0,0,0,0,0,,0.0,0.0,1e+20,1e+20,0,0,0,0,0,0,0,0,0
psr-large-p23-s164-n15-l2-f10,-3,False,0,0,0,0,0,0,0,0,0,0,0,0,0,,0.0,0.0,1e+20,1e+20,0,0,0,0,0,0,0,0,0
psr-large-p24-s166-n15-l3-f10,-3,False,0,0,0,0,0,0,0,0,0,0,0,0,0,,0.0,0.0,1e+20,1e+20,0,0,0,0,0,0,0,0,0
psr-large-p25-s168-n20-l2-f10,-3,False,0,0,0,0,0,0,0,0,0,0,0,0,0,,0.0,0.0,1e+20,1e+20,0,0,0,0,0,0,0,0,0
psr-large-p26-s170-n20-l3-f10,-3,False,0,0,0,0,0,0,0,0,0,0,0,0,0,,0.0,0.0,1e+20,1e+20,0,0,0,0,0,0,0,0,0
psr-large-p27-s172-n25-l2-f10,-3,False,0,0,0,0,0,0,0,0,0,0,0,0,0,,0.0,0.0,1e+20,1e+20,0,0,0,0,0,0,0,0,0
psr-large-p28-s174-n25-l3-f10,-3,False,0,0,0,0,0,0,0,0,0,0,0,0,0,,0.0,0.0,1e+20,1e+20,0,0,0,0,0,0,0,0,0
psr-large-p29-s177-n30-l2-f30,-3,False,0,0,0,0,0,0,0,0,0,0,0,0,0,,0.0,0.0,1e+20,1e+20,0,0,0,0,0,0,0,0,0
psr-large-p30-s179-n30-l3-f30,-3,False,0,0,0,0,0,0,0,0,0,0,0,0,0,,0.0,0.0,1e+20,1e+20,0,0,0,0,0,0,0,0,0
psr-large-p31-s181-n35-l2-f30,-3,False,0,0,0,0,0,0,0,0,0,0,0,0,0,,0.0,0.0,1e+20,1e+20,0,0,0,0,0,0,0,0,0
psr-large-p32-s183-n35-l3-f30,-3,False,0,0,0,0,0,0,0,0,0,0,0,0,0,,0.0,0.0,1e+20,1e+20,0,0,0,0,0,0,0,0,0
psr-large-p33-s185-n40-l2-f30,-3,False,0,0,0,0,0,0,0,0,0,0,0,0,0,,0.0,0.0,1e+20,1e+20,0,0,0,0,0,0,0,0,0
psr-large-p34-s187-n40-l3-f30,-3,False,0,0,0,0,0,0,0,0,0,0,0,0,0,,0.0,0.0,1e+20,1e+20,0,0,0,0,0,0,0,0,0
psr-large-p35-s189-n45-l2-f30,-3,False,0,0,0,0,0,0,0,0,0,0,0,0,0,,0.0,0.0,1e+20,1e+20,0,0,0,0,0,0,0,0,0
psr-large-p36-s191-n45-l3-f30,-3,False,0,0,0,0,0,0,0,0,0,0,0,0,0,,0.0,0.0,1e+20,1e+20,0,0,0,0,0,0,0,0,0
psr-large-p37-s193-n50-l2-f30,-3,False,0,0,0,0,0,0,0,0,0,0,0,0,0,,0.0,0.0,1e+20,1e+20,0,0,0,0,0,0,0,0,0
psr-large-p38-s195-n50-l3-f30,-3,False,0,0,0,0,0,0,0,0,0,0,0,0,0,,0.0,0.0,1e+20,1e+20,0,0,0,0,0,0,0,0,0
psr-large-p39-s197-n55-l2-f30,-3,False,0,0,0,0,0,0,0,0,0,0,0,0,0,,0.0,0.0,1e+20,1e+20,0,0,0,0,0,0,0,0,0
psr-large-p40-s199-n55-l3-f30,-3,False,0,0,0,0,0,0,0,0,0,0,0,0,0,,0.0,0.0,1e+20,1e+20,0,0,0,0,0,0,0,0,0
psr-large-p41-s201-n60-l2-f30,-3,False,0,0,0,0,0,0,0,0,0,0,0,0,0,,0.0,0.0,1e+20,1e+20,0,0,0,0,0,0,0,0,0
psr-large-p42-s203-n60-l3-f30,-3,False,0,0,0,0,0,0,0,0,0,0,0,0,0,,0.0,0.0,1e+20,1e+20,0,0,0,0,0,0,0,0,0
psr-large-p43-s205-n70-l2-f30,-3,False,0,0,0,0,0,0,0,0,0,0,0,0,0,,0.0,0.0,1e+20,1e+20,0,0,0,0,0,0,0,0,0
psr-large-p44-s207-n70-l3-f30,-3,False,0,0,0,0,0,0,0,0,0,0,0,0,0,,0.0,0.0,1e+20,1e+20,0,0,0,0,0,0,0,0,0
psr-large-p45-s209-n80-l2-f30,-3,False,0,0,0,0,0,0,0,0,0,0,0,0,0,,0.0,0.0,1e+20,1e+20,0,0,0,0,0,0,0,0,0
psr-large-p46-s211-n80-l3-f30,-3,False,0,0,0,0,0,0,0,0,0,0,0,0,0,,0.0,0.0,1e+20,1e+20,0,0,0,0,0,0,0,0,0
psr-large-p47-s213-n90-l2-f30,-3,False,0,0,0,0,0,0,0,0,0,0,0,0,0,,0.0,0.0,1e+20,1e+20,0,0,0,0,0,0,0,0,0
psr-large-p48-s215-n90-l3-f30,-3,False,0,0,0,0,0,0,0,0,0,0,0,0,0,,0.0,0.0,1e+20,1e+20,0,0,0,0,0,0,0,0,0
psr-large-p49-s217-n100-l2-f30,-3,False,0,0,0,0,0,0,0,0,0,0,0,0,0,,0.0,0.0,1e+20,1e+20,0,0,0,0,0,0,0,0,0
psr-large-p50-s219-n100-l3-f30,-3,False,0,0,0,0,0,0,0,0,0,0,0,0,0,,0.0,0.0,1e+20,1e+20,0,0,0,0,0,0,0,0,0
psr-middle-p01-s17-n2-l2-f30,-3,False,0,0,0,0,0,0,0,0,0,0,0,0,0,,0.0,0.0,1e+20,1e+20,0,0,0,0,0,0,0,0,0
psr-middle-p02-s23-n2-l3-f70,-3,False,0,0,0,0,0,0,0,0,0,0,0,0,0,,0.0,0.0,1e+20,1e+20,0,0,0,0,0,0,0,0,0
psr-middle-p03-s28-n2-l5-f10,-3,False,0,0,0,0,0,0,0,0,0,0,0,0,0,,0.0,0.0,1e+20,1e+20,0,0,0,0,0,0,0,0,0
psr-middle-p04-s31-n2-l5-f70,-3,False,0,0,0,0,0,0,0,0,0,0,0,0,0,,0.0,0.0,1e+20,1e+20,0,0,0,0,0,0,0,0,0
psr-middle-p05-s34-n3-l2-f50,-3,False,0,0,0,0,0,0,0,0,0,0,0,0,0,,0.0,0.0,1e+20,1e+20,0,0,0,0,0,0,0,0,0
psr-middle-p06-s37-n3-l3-f30,-3,False,0,0,0,0,0,0,0,0,0,0,0,0,0,,0.0,0.0,1e+20,1e+20,0,0,0,0,0,0,0,0,0
psr-middle-p07-s38-n3-l3-f50,-3,False,0,0,0,0,0,0,0,0,0,0,0,0,0,,0.0,0.0,1e+20,1e+20,0,0,0,0,0,0,0,0,0
psr-middle-p08-s40-n3-l4-f10,-3,False,0,0,0,0,0,0,0,0,0,0,0,0,0,,0.0,0.0,1e+20,1e+20,0,0,0,0,0,0,0,0,0
psr-middle-p09-s42-n3-l4-f50,-3,False,0,0,0,0,0,0,0,0,0,0,0,0,0,,0.0,0.0,1e+20,1e+20,0,0,0,0,0,0,0,0,0
psr-middle-p10-s45-n3-l5-f30,-3,False,0,0,0,0,0,0,0,0,0,0,0,0,0,,0.0,0.0,1e+20,1e+20,0,0,0,0,0,0,0,0,0
psr-middle-p11-s46-n3-l5-f50,-3,False,0,0,0,0,0,0,0,0,0,0,0,0,0,,0.0,0.0,1e+20,1e+20,0,0,0,0,0,0,0,0,0
psr-middle-p12-s50-n4-l2-f50,-3,False,0,0,0,0,0,0,0,0,0,0,0,0,0,,0.0,0.0,1e+20,1e+20,0,0,0,0,0,0,0,0,0
psr-middle-p13-s53-n4-l3-f30,-3,False,0,0,0,0,0,0,0,0,0,0,0,0,0,,0.0,0.0,1e+20,1e+20,0,0,0,0,0,0,0,0,0
psr-middle-p14-s55-n4-l3-f70,-3,False,0,0,0,0,0,0,0,0,0,0,0,0,0,,0.0,0.0,1e+20,1e+20,0,0,0,0,0,0,0,0,0
psr-middle-p15-s56-n4-l4-f10,-3,False,0,0,0,0,0,0,0,0,0,0,0,0,0,,0.0,0.0,1e+20,1e+20,0,0,0,0,0,0,0,0,0
psr-middle-p16-s60-n4-l5-f10,-3,False,0,0,0,0,0,0,0,0,0,0,0,0,0,,0.0,0.0,1e+20,1e+20,0,0,0,0,0,0,0,0,0
psr-middle-p17-s61-n4-l5-f30,-3,False,0,0,0,0,0,0,0,0,0,0,0,0,0,,0.0,0.0,1e+20,1e+20,0,0,0,0,0,0,0,0,0
psr-middle-p18-s62-n4-l5-f50,-3,False,0,0,0,0,0,0,0,0,0,0,0,0,0,,0.0,0.0,1e+20,1e+20,0,0,0,0,0,0,0,0,0
psr-middle-p19-s66-n5-l2-f50,-3,False,0,0,0,0,0,0,0,0,0,0,0,0,0,,0.0,0.0,1e+20,1e+20,0,0,0,0,0,0,0,0,0
psr-middle-p20-s69-n5-l3-f30,-3,False,0,0,0,0,0,0,0,0,0,0,0,0,0,,0.0,0.0,1e+20,1e+20,0,0,0,0,0,0,0,0,0
psr-middle-p21-s72-n5-l4-f10,-3,False,0,0,0,0,0,0,0,0,0,0,0,0,0,,0.0,0.0,1e+20,1e+20,0,0,0,0,0,0,0,0,0
psr-middle-p22-s74-n5-l4-f50,-3,False,0,0,0,0,0,0,0,0,0,0,0,0,0,,0.0,0.0,1e+20,1e+20,0,0,0,0,0,0,0,0,0
psr-middle-p23-s76-n5-l5-f10,-3,False,0,0,0,0,0,0,0,0,0,0,0,0,0,,0.0,0.0,1e+20,1e+20,0,0,0,0,0,0,0,0,0
psr-middle-p24-s77-n5-l5-f30,-3,False,0,0,0,0,0,0,0,0,0,0,0,0,0,,0.0,0.0,1e+20,1e+20,0,0,0,0,0,0,0,0,0
psr-middle-p25-s81-n6-l2-f30,-3,False,0,0,0,0,0,0,0,0,0,0,0,0,0,,0.0,0.0,1e+20,1e+20,0,0,0,0,0,0,0,0,0
psr-middle-p26-s85-n6-l3-f30,-3,False,0,0,0,0,0,0,0,0,0,0,0,0,0,,0.0,0.0,1e+20,1e+20,0,0,0,0,0,0,0,0,0
psr-middle-p27-s86-n6-l3-f50,-3,False,0,0,0,0,0,0,0,0,0,0,0,0,0,,0.0,0.0,1e+20,1e+20,0,0,0,0,0,0,0,0,0
psr-middle-p28-s88-n6-l4-f10,-3,False,0,0,0,0,0,0,0,0,0,0,0,0,0,,0.0,0.0,1e+20,1e+20,0,0,0,0,0,0,0,0,0
psr-middle-p29-s89-n6-l4-f30,-3,False,0,0,0,0,0,0,0,0,0,0,0,0,0,,0.0,0.0,1e+20,1e+20,0,0,0,0,0,0,0,0,0
psr-middle-p30-s90-n6-l4-f50,-3,False,0,0,0,0,0,0,0,0,0,0,0,0,0,,0.0,0.0,1e+20,1e+20,0,0,0,0,0,0,0,0,0
psr-middle-p31-s92-n6-l5-f10,-3,False,0,0,0,0,0,0,0,0,0,0,0,0,0,,0.0,0.0,1e+20,1e+20,0,0,0,0,0,0,0,0,0
psr-middle-p32-s93-n6-l5-f30,-3,False,0,0,0,0,0,0,0,0,0,0,0,0,0,,0.0,0.0,1e+20,1e+20,0,0,0,0,0,0,0,0,0
psr-middle-p33-s100-n7-l3-f10,-3,False,0,0,0,0,0,0,0,0,0,0,0,0,0,,0.0,0.0,1e+20,1e+20,0,0,0,0,0,0,0,0,0
psr-middle-p34-s102-n7-l3-f50,-3,False,0,0,0,0,0,0,0,0,0,0,0,0,0,,0.0,0.0,1e+20,1e+20,0,0,0,0,0,0,0,0,0
psr-middle-p35-s103-n7-l3-f70,-3,False,0,0,0,0,0,0,0,0,0,0,0,0,0,,0.0,0.0,1e+20,1e+20,0,0,0,0,0,0,0,0,0
psr-middle-p36-s106-n7-l4-f50,-3,False,0,0,0,0,0,0,0,0,0,0,0,0,0,,0.0,0.0,1e+20,1e+20,0,0,0,0,0,0,0,0,0
psr-middle-p37-s108-n7-l5-f10,-3,False,0,0,0,0,0,0,0,0,0,0,0,0,0,,0.0,0.0,1e+20,1e+20,0,0,0,0,0,0,0,0,0
psr-middle-p38-s109-n7-l5-f30,-3,False,0,0,0,0,0,0,0,0,0,0,0,0,0,,0.0,0.0,1e+20,1e+20,0,0,0,0,0,0,0,0,0
psr-middle-p39-s112-n8-l2-f10,-3,False,0,0,0,0,0,0,0,0,0,0,0,0,0,,0.0,0.0,1e+20,1e+20,0,0,0,0,0,0,0,0,0
psr-middle-p40-s114-n8-l2-f50,-3,False,0,0,0,0,0,0,0,0,0,0,0,0,0,,0.0,0.0,1e+20,1e+20,0,0,0,0,0,0,0,0,0
psr-middle-p41-s116-n8-l3-f10,-3,False,0,0,0,0,0,0,0,0,0,0,0,0,0,,0.0,0.0,1e+20,1e+20,0,0,0,0,0,0,0,0,0
psr-middle-p42-s120-n8-l4-f10,-3,False,0,0,0,0,0,0,0,0,0,0,0,0,0,,0.0,0.0,1e+20,1e+20,0,0,0,0,0,0,0,0,0
psr-middle-p43-s123-n8-l4-f70,-3,False,0,0,0,0,0,0,0,0,0,0,0,0,0,,0.0,0.0,1e+20,1e+20,0,0,0,0,0,0,0,0,0
psr-middle-p44-s131-n9-l2-f70,-3,False,0,0,0,0,0,0,0,0,0,0,0,0,0,,0.0,0.0,1e+20,1e+20,0,0,0,0,0,0,0,0,0
psr-middle-p45-s132-n9-l3-f10,-3,False,0,0,0,0,0,0,0,0,0,0,0,0,0,,0.0,0.0,1e+20,1e+20,0,0,0,0,0,0,0,0,0
psr-middle-p46-s135-n9-l3-f70,-3,False,0,0,0,0,0,0,0,0,0,0,0,0,0,,0.0,0.0,1e+20,1e+20,0,0,0,0,0,0,0,0,0
psr-middle-p47-s139-n9-l4-f70,-3,False,0,0,0,0,0,0,0,0,0,0,0,0,0,,0.0,0.0,1e+20,1e+20,0,0,0,0,0,0,0,0,0
psr-middle-p48-s144-n10-l2-f10,-3,False,0,0,0,0,0,0,0,0,0,0,0,0,0,,0.0,0.0,1e+20,1e+20,0,0,0,0,0,0,0,0,0
psr-middle-p49-s149-n10-l3-f30,-3,False,0,0,0,0,0,0,0,0,0,0,0,0,0,,0.0,0.0,1e+20,1e+20,0,0,0,0,0,0,0,0,0
psr-middle-p50-s153-n10-l4-f30,-3,False,0,0,0,0,0,0,0,0,0,0,0,0,0,,0.0,0.0,1e+20,1e+20,0,0,0,0,0,0,0,0,0
psr-small-p01-s2-n1-l2-f50,0,True,0,0,2,5,0,4,0,0,0,0,1,0,0,,0.0,1.0,1,1,0.0048,0.0001,0.0,0.0013,0.0,0.0,0.0,0.0012,0.0079
psr-small-p02-s5-n1-l3-f30,0,True,0,0,2,5,0,4,0,0,0,0,1,0,0,,0.0,1.0,1,1,0.0049,0.0,0.0,0.0012,0.0,0.0,0.0,0.0013,0.0079
psr-small-p03-s7-n1-l3-f70,0,True,0,0,2,5,0,4,0,0,0,0,1,0,0,,0.0,1.0,1,1,0.0045,0.0001,0.0,0.0013,0.0,0.0,0.0,0.0013,0.0076
psr-small-p04-s8-n1-l4-f10,0,True,0,0,2,5,0,4,0,0,0,0,1,0,0,,0.0,1.0,1,1,0.0048,0.0001,0.0,0.0011,0.0,0.0,0.0,0.0013,0.0076
psr-small-p05-s9-n1-l4-f30,0,True,0,0,2,5,0,4,0,0,0,0,1,0,0,,0.0,1.0,1,1,0.005,0.0,0.0,0.0012,0.0,0.0,0.0,0.0014,0.008
psr-small-p06-s10-n1-l4-f50,0,True,0,0,2,5,0,4,0,0,0,0,1,0,0,,0.0,1.0,1,1,0.0052,0.0,0.0,0.0011,0.0,0.0,0.0,0.0013,0.0081
psr-small-p07-s11-n1-l4-f70,0,True,0,0,2,5,0,4,0,0,0,0,1,0,0,,0.0,1.0,1,1,0.0046,0.0,0.0,0.0009,0.0,0.0,0.0,0.0013,0.0073
psr-small-p08-s12-n1-l5-f10,0,True,0,0,2,5,0,4,0,0,0,0,1,0,0,,0.0,1.0,1,1,0.0046,0.0,0.0,0.0013,0.0,0.0,0.0,0.0013,0.0077
psr-small-p09-s13-n1-l5-f30,0,True,0,0,2,5,0,4,0,0,0,0,1,0,0,,0.0,1.0,1,1,0.0044,0.0001,0.0,0.0013,0.0,0.0,0.0,0.0014,0.0076
psr-small-p10-s17-n2-l2-f30,0,True,0,0,5,12,0,12,0,0,0,0,1,0,0,,0.0,2.0,2,2,0.0047,0.0001,0.0,0.001,0.0,0.0,0.0,0.0012,0.0074
psr-small-p11-s18-n2-l2-f50,0,True,0,0,4,10,0,8,0,0,0,0,1,0,0,,0.0,2.0,2,2,0.0051,0.0,0.0,0.0022,0.0,0.0,0.0,0.0013,0.009
psr-small-p12-s21-n2-l3-f30,0,True,0,0,4,10,0,8,0,0,0,0,1,0,0,,0.0,2.0,2,2,0.0049,0.0,0.0,0.0016,0.0,0.0,0.0,0.0013,0.0082
psr-small-p13-s22-n2-l3-f50,0,True,0,0,7,17,0,18,0,0,0,0,1,0,0,,0.0,3.0,3,3,0.0046,0.0,0.0,0.0012,0.0,0.0,0.0,0.0013,0.0075
psr-small-p14-s23-n2-l3-f70,0,True,0,0,5,12,0,10,0,0,0,0,1,0,0,,0.0,2.0,2,2,0.0044,0.0,0.0,0.0012,0.0,0.0,0.0,0.0013,0.0073
psr-small-p15-s24-n2-l4-f10,0,True,1,2,4,11,0,10,0,0,0,0,0,0,0,,0.0,2.0,2,2,0.0086,0.0006,0.0,0.0013,0.0,0.0,0.0,0.0021,0.0134
psr-small-p16-s29-n2-l5-f30,0,True,1,2,6,16,0,16,0,0,0,0,0,0,0,,0.0,3.0,3,3,0.0052,0.0001,0.0,0.0012,0.0,0.0,0.0,0.002,0.0089
psr-small-p17-s30-n2-l5-f50,0,True,0,0,5,12,0,10,0,0,0,0,1,0,0,,0.0,2.0,2,2,0.0048,0.0,0.0,0.0009,0.0,0.0,0.0,0.0013,0.0074
psr-small-p18-s31-n2-l5-f70,0,True,0,0,5,12,0,10,0,0,0,0,1,0,0,,0.0,2.0,2,2,0.005,0.0,0.0,0.0013,0.0,0.0,0.0,0.0013,0.0081
psr-small-p19-s33-n3-l2-f30,0,True,1,2,11,28,0,36,0,0,0,0,0,0,0,,0.0,5.0,5,5,0.0264,0.0002,0.0,0.0011,0.0,0.0,0.0,0.0021,0.0302
psr-small-p20-s34-n3-l2-f50,0,True,0,0,7,17,0,14,0,0,0,0,1,0,0,,0.0,3.0,3,3,0.0047,0.0,0.0,0.0014,0.0,0.0,0.0,0.0012,0.0078
psr-small-p21-s35-n3-l2-f70,0,True,0,0,8,19,0,16,0,0,0,0,1,0,0,,0.0,3.0,3,3,0.0051,0.0,0.0,0.0015,0.0,0.0,0.0,0.0012,0.0083
psr-small-p22-s37-n3-l3-f30,0,True,0,0,8,20,0,22,0,0,0,0,1,0,0,,0.0,4.0,4,4,0.0058,0.0001,0.0,0.0013,0.0,0.0,0.0,0.0014,0.0092
psr-small-p23-s38-n3-l3-f50,0,True,0,0,8,19,0,16,0,0,0,0,1,0,0,,0.0,3.0,3,3,0.005,0.0001,0.0,0.001,0.0,0.0,0.0,0.0014,0.0078
psr-small-p24-s39-n3-l3-f70,0,True,0,0,8,19,0,16,0,0,0,0,1,0,0,,0.0,3.0,3,3,0.0048,0.0,0.0,0.0011,0.0,0.0,0.0,0.0013,0.0076
psr-small-p25-s40-n3-l4-f10,0,True,2,3,5,14,0,13,0,0,0,0,0,0,0,,0.0,2.0,2,2,0.0597,0.0318,0.0,0.0015,0.0,0.0,0.0,0.0014,0.0957
psr-small-p26-s41-n3-l4-f30,0,True,0,0,7,17,0,14,0,0,0,0,1,0,0,,0.0,3.0,3,3,0.0045,0.0,0.0,0.0014,0.0,0.0,0.0,0.0012,0.0076
psr-small-p27-s42-n3-l4-f50,0,True,0,0,7,17,0,14,0,0,0,0,1,0,0,,0.0,3.0,3,3,0.0047,0.0001,0.0,0.0018,0.0,0.0,0.0,0.0012,0.0081
psr-small-p28-s43-n3-l4-f70,0,True,0,0,8,19,0,16,0,0,0,0,1,0,0,,0.0,3.0,3,3,0.0044,0.0,0.0,0.0012,0.0,0.0,0.0,0.0012,0.0073
psr-small-p29-s45-n3-l5-f30,0,True,0,0,11,27,0,34,0,0,0,0,1,0,0,,0.0,5.0,5,5,0.005,0.0002,0.0,0.0011,0.0,0.0,0.0,0.0014,0.008
psr-small-p30-s46-n3-l5-f50,0,True,0,0,7,17,0,14,0,0,0,0,1,0,0,,0.0,3.0,3,3,0.0053,0.0001,0.0,0.0012,0.0,0.0,0.0,0.0014,0.0083
psr-small-p31-s49-n4-l2-f30,0,True,1,2,9,23,0,24,0,0,0,0,0,0,0,,0.0,4.0,4,4,0.008,0.0006,0.0,0.0013,0.0,0.0,0.0,0.0021,0.0125
psr-small-p32-s50-n4-l2-f50,0,True,0,0,10,24,0,20,0,0,0,0,1,0,0,,0.0,4.0,4,4,0.0052,0.0001,0.0,0.0011,0.0,0.0,0.0,0.0013,0.0081
psr-small-p33-s51-n4-l2-f70,0,True,1,2,9,23,0,24,0,0,0,0,0,0,0,,0.0,4.0,4,4,0.0055,0.0001,0.0,0.0012,0.0,0.0,0.0,0.0021,0.0093
psr-small-p34-s55-n4-l3-f70,0,True,0,0,10,24,0,20,0,0,0,0,1,0,0,,0.0,4.0,4,4,0.0044,0.0001,0.0,0.0014,0.0,0.0,0.0,0.0013,0.0075
psr-small-p35-s57-n5-l2-f30,0,True,1,2,9,23,0,24,0,0,0,0,0,0,0,,0.0,4.0,4,4,0.0048,0.0001,0.0,0.0009,0.0,0.0,0.0,0.0021,0.0083
psr-small-p36-s65-n6-l2-f30,0,True,1,2,14,35,0,48,0,0,0,0,0,0,0,,0.0,6.0,6,6,0.0065,0.0003,0.0,0.001,0.0,0.0,0.0,0.0022,0.0104
psr-small-p37-s67-n6-l2-f70,0,True,0,0,15,36,0,40,0,0,0,0,1,0,0,,0.0,6.0,6,6,0.0029,0.0001,0.0,0.0015,0.0,0.0,0.0,0.0013,0.0061
psr-small-p38-s78-n3-l3-f50,0,True,0,0,7,17,0,18,0,0,0,0,1,0,0,,0.0,3.0,3,3,0.0052,0.0001,0.0,0.0015,0.0,0.0,0.0,0.0013,0.0084
psr-small-p39-s79-n3-l3-f70,0,True,0,0,7,17,0,14,0,0,0,0,1,0,0,,0.0,3.0,3,3,0.0168,0.0001,0.0,0.0012,0.0,0.0,0.0,0.0012,0.0198
psr-small-p40-s80-n3-l4-f10,0,True,1,2,6,16,0,16,0,0,0,0,0,0,0,,0.0,3.0,3,3,0.0083,0.0007,0.0,0.0009,0.0,0.0,0.0,0.0021,0.0124
psr-small-p41-s81-n3-l4-f30,0,True,0,0,8,19,0,16,0,0,0,0,1,0,0,,0.0,3.0,3,3,0.0043,0.0,0.0,0.0009,0.0,0.0,0.0,0.0013,0.007
psr-small-p42-s82-n3-l4-f50,0,True,1,2,9,23,0,24,0,0,0,0,0,0,0,,0.0,4.0,4,4,0.0048,0.0001,0.0,0.001,0.0,0.0,0.0,0.0022,0.0085
psr-small-p43-s83-n3-l4-f70,0,True,0,0,10,24,0,26,0,0,0,0,1,0,0,,0.0,4.0,4,4,0.0048,0.0001,0.0,0.001,0.0,0.0,0.0,0.0013,0.0076
psr-small-p44-s89-n4-l2-f30,0,True,0,0,12,29,0,36,0,0,0,0,1,0,0,,0.0,5.0,5,5,0.005,0.0001,0.0,0.0013,0.0,0.0,0.0,0.0013,0.0081
psr-small-p45-s94-n4-l3-f50,0,True,0,0,10,24,0,20,0,0,0,0,1,0,0,,0.0,4.0,4,4,0.0051,0.0001,0.0,0.0009,0.0,0.0,0.0,0.0013,0.0079
psr-small-p46-s97-n5-l2-f30,0,True,1,2,10,26,0,28,0,0,0,0,0,0,0,,0.0,5.0,5,5,0.0045,0.0001,0.0,0.0009,0.0,0.0,0.0,0.0021,0.008
psr-small-p47-s98-n5-l2-f50,0,True,0,0,9,22,0,18,0,0,0,0,1,0,0,,0.0,4.0,4,4,0.0051,0.0001,0.0,0.0011,0.0,0.0,0.0,0.0013,0.008
psr-small-p48-s101-n5-l3-f30,0,True,0,0,11,27,0,30,0,0,0,0,1,0,0,,0.0,5.0,5,5,0.0054,0.0002,0.0,0.0013,0.0,0.0,0.0,0.0014,0.0087
psr-small-p49-s105-n6-l2-f30,0,True,0,0,15,37,0,50,0,0,0,0,1,0,0,,0.0,7.0,7,7,0.0187,0.0002,0.0,0.0014,0.0,0.0,0.0,0.0013,0.022
psr-small-p50-s107-n6-l2-f70,0,True,0,0,16,38,0,32,0,0,0,0,1,0,0,,0.0,6.0,6,6,0.0045,0.0001,0.0,0.0012,0.0,0.0,0.0,0.0013,0.0076
rovers-p01,0,True,1,7,12,33,0,31,0,0,0,0,0,0,0,,0.0,9.0,9,9,0.0043,0.0001,0.0,0.0013,0.0,0.0,0.0,0.0022,0.0082
rovers-p02,0,True,3,8,12,33,0,27,0,0,0,0,0,0,0,,0.0,7.0,7,7,0.0051,0.0,0.0,0.0011,0.0,0.0,0.0,0.0022,0.0088
rovers-p03,0,True,5,12,16,44,0,44,0,0,0,0,0,0,0,,0.0,9.0,9,9,0.0192,0.0001,0.0,0.0016,0.0,0.0,0.0,0.0031,0.0244
rovers-p04,0,True,5,13,16,43,0,43,0,0,0,0,0,0,0,,0.0,8.0,8,8,0.0234,0.0001,0.0,0.0011,0.0,0.0,0.0,0.0031,0.028
rovers-p05,0,True,11,24,34,91,0,87,0,0,0,0,0,0,0,,0.0,18.0,18,18,0.0046,0.0002,0.0,0.0011,0.0,0.0,0.0,0.0034,0.0098
rovers-p06,0,True,9,28,45,119,0,121,0,0,0,0,0,0,0,,0.0,27.0,27,27,0.0063,0.0003,0.0001,0.0011,0.0,0.0,0.0,0.0035,0.0117
rovers-p07,0,True,29,47,47,129,0,124,0,0,0,0,0,0,0,,0.0,15.0,15,15,0.0051,0.0002,0.0001,0.0009,0.0,0.0,0.0,0.0051,0.0118
rovers-p08,0,True,46,71,71,196,0,189,0,0,0,0,0,0,0,,0.0,21.0,21,21,0.0052,0.0005,0.0001,0.0011,0.0,0.0,0.0,0.0052,0.0124
rovers-p09,0,True,39,76,85,222,0,223,0,0,0,0,0,0,0,,0.0,24.0,24,24,0.0063,0.0006,0.0001,0.0012,0.0,0.0,0.0,0.0056,0.0141
rovers-p10,0,True,56,91,91,249,0,253,0,0,0,0,0,0,0,,0.0,26.0,26,26,0.0058,0.0007,0.0002,0.0019,0.0,0.0,0.0,0.0058,0.0148
rovers-p11,0,True,46,85,98,252,0,253,0,0,0,0,0,0,0,,0.0,24.0,24,24,0.0054,0.0007,0.0002,0.0014,0.0,0.0,0.0,0.0054,0.0136
rovers-p12,0,True,41,87,87,221,0,212,0,0,0,0,0,0,0,,0.0,16.0,16,16,0.0054,0.0005,0.0001,0.001,0.0,0.0,0.0,0.0058,0.0132
rovers-p13,0,True,68,117,117,314,0,319,0,0,0,0,0,0,0,,0.0,32.0,32,32,0.0079,0.0012,0.0002,0.0019,0.0,0.0,0.0,0.0067,0.0184
rovers-p14,0,True,47,92,101,259,0,256,0,0,0,0,0,0,0,,0.0,22.0,22,22,0.0056,0.0009,0.0001,0.0011,0.0,0.0,0.0,0.006,0.014
rovers-p15,0,True,54,80,88,244,0,222,0,0,0,0,0,0,0,,0.0,29.0,29,29,0.0066,0.0011,0.0002,0.0011,0.0,0.0,0.0,0.0051,0.0145
rovers-p16,0,True,67,129,129,336,0,344,0,0,0,0,0,0,0,,0.0,30.0,30,30,0.0079,0.0012,0.0003,0.0017,0.0,0.0,0.0,0.0076,0.0191
rovers-p17,0,True,106,197,207,538,0,542,0,0,0,0,0,0,0,,0.0,36.0,36,36,0.0083,0.003,0.0007,0.0016,0.0,0.0,0.0,0.0094,0.0234
rovers-p18,0,True,151,239,239,640,0,632,0,0,0,0,0,0,0,,0.0,31.0,31,31,0.0144,0.0051,0.0007,0.0015,0.0,0.0,0.0,0.0109,0.0332
rovers-p19,0,True,186,458,458,1119,0,1127,0,0,0,0,2,0,0,,0.0,45.0,46,45,0.0172,0.0093,0.0018,0.0018,0.0,0.0001,0.0,0.0431,0.0738
rovers-p20,0,True,258,512,512,1302,0,1302,0,0,0,0,2,0,0,,0.0,58.0,59,58,0.0409,0.0172,0.0025,0.0021,0.0,0.0001,0.0,0.038,0.1015
rovers-p21,0,True,275,499,499,1287,0,1280,0,0,0,0,1,0,0,,0.0,41.0,42,41,0.0282,0.0236,0.002,0.0021,0.0,0.0001,0.0,0.0214,0.078
rovers-p22,0,True,278,595,595,1484,0,1514,0,0,0,0,0,0,0,,0.0,46.0,46,46,0.0277,0.0222,0.0023,0.0022,0.0,0.0,0.0,0.0269,0.0821
rovers-p23,0,True,341,875,875,2110,0,2160,0,0,0,0,2,0,0,,0.0,53.0,54,53,0.037,0.0365,0.0042,0.0031,0.0,0.0001,0.0,0.1136,0.1955
rovers-p24,0,True,387,777,777,1962,0,1998,0,0,0,0,2,0,0,,0.0,65.0,66,65,0.0349,0.0346,0.0061,0.003,0.0,0.0002,0.0,0.0802,0.1598
rovers-p25,0,True,302,433,433,1178,0,1138,0,0,0,0,0,0,0,,0.0,25.0,25,25,0.0277,0.0213,0.0015,0.0019,0.0,0.0,0.0,0.0157,0.0687
rovers-p26,0,True,349,610,610,1583,0,1584,0,0,0,0,1,0,0,,0.0,40.0,42,40,0.022,0.0217,0.0028,0.0025,0.0,0.0001,0.0,0.0276,0.0772
rovers-p27,0,True,359,713,713,1805,0,1849,0,0,0,0,0,0,0,,0.0,59.0,59,59,0.0302,0.0301,0.0041,0.0029,0.0,0.0,0.0,0.0324,0.1006
rovers-p28,0,True,432,775,775,2001,0,2017,0,0,0,0,1,0,0,,0.0,52.0,53,52,0.053,0.0609,0.0044,0.0032,0.0,0.0001,0.0,0.0333,0.1555
rovers-p29,0,True,489,950,950,2405,0,2378,0,0,0,0,1,0,0,,0.0,43.0,45,43,0.0536,0.0733,0.0046,0.0039,0.0,0.0001,0.0,0.1441,0.2805
rovers-p30,0,True,649,1643,1643,3960,0,3985,0,0,0,0,1,0,0,,0.0,70.0,71,70,0.07,0.108,0.0124,0.0062,0.0,0.0001,0.0,0.2308,0.4288
rovers-p31,0,True,608,1484,1484,3600,0,3643,0,0,0,0,1,0,0,,0.0,69.0,71,69,0.0717,0.0923,0.0103,0.0052,0.0,0.0001,0.0,0.2476,0.428
rovers-p32,0,True,824,1948,1948,4755,0,4818,0,0,0,0,1,0,0,,0.0,100.0,102,100,0.1243,0.1848,0.0257,0.0079,0.0,0.0002,0.0,0.1038,0.4483
rovers-p33,0,True,940,2195,2195,5374,0,5561,0,0,0,0,1,0,0,,0.0,126.0,129,126,0.1414,0.2453,0.0404,0.0092,0.0,0.0002,0.0,0.3423,0.7804
rovers-p34,0,True,857,2324,2324,5537,0,5545,0,0,0,0,1,0,0,,0.0,87.0,91,87,0.1556,0.2361,0.0228,0.0089,0.0,0.0002,0.0,0.1655,0.5907
rovers-p35,0,True,1157,2890,2890,7000,0,7306,0,0,0,0,1,0,0,,0.0,176.0,182,176,0.2201,0.4113,0.0824,0.0139,0.0,0.0003,0.0,0.4004,1.1305
rovers-p36,0,True,1147,3460,3460,8108,0,8296,0,0,0,0,1,0,0,,0.0,115.0,125,115,0.177,0.3395,0.0475,0.0145,0.0,0.0002,0.0,0.2092,0.7897
rovers-p37,0,True,1584,5082,5082,11806,0,12148,0,0,0,0,1,0,0,,0.0,163.0,172,163,0.3542,0.7483,0.1082,0.0263,0.0,0.0003,0.0,0.5351,1.7757
rovers-p38,0,True,1589,5449,5449,12542,0,12927,0,0,0,0,1,0,0,,0.0,146.0,150,146,0.4776,0.9988,0.1015,0.0277,0.0,0.0003,0.0,0.9894,2.5991
rovers-p39,0,True,1528,5046,5046,11683,0,11663,0,0,0,0,1,0,0,,0.0,190.0,198,190,0.396,0.817,0.1431,0.025,0.0,0.0004,0.0,0.5204,1.9057
rovers-p40,0,True,1873,6139,6139,14220,0,14447,0,0,0,0,2,0,0,,0.0,186.0,193,186,0.5684,1.2729,0.1845,0.0375,0.0,0.0008,0.0,0.6827,2.7497
satellite-p01-pfile1,0,True,3,7,11,33,0,32,0,0,0,0,0,0,0,,0.0,8.0,8,8,0.0056,0.0001,0.0,0.0013,0.0,0.0,0.0,0.0022,0.0096
satellite-p02-pfile2,0,True,4,18,20,56,0,62,0,0,0,0,0,0,0,,0.0,12.0,12,12,0.005,0.0001,0.0,0.0013,0.0,0.0,0.0,0.0032,0.01
satellite-p03-pfile3,0,True,19,29,29,82,0,83,0,0,0,0,1,0,0,,0.0,10.0,11,10,0.0048,0.0002,0.0,0.0015,0.0,0.0,0.0,0.0055,0.0124
satellite-p04-pfile4,0,True,19,40,42,114,0,123,0,0,0,0,0,0,0,,0.0,17.0,17,17,0.0051,0.0003,0.0001,0.001,0.0,0.0,0.0,0.0042,0.011
satellite-p05-pfile5,0,True,44,87,87,225,0,255,0,0,0,0,0,0,0,,0.0,14.0,14,14,0.0065,0.0007,0.0001,0.0013,0.0,0.0,0.0,0.006,0.0149
satellite-p06-pfile6,0,True,36,54,60,165,0,162,0,0,0,0,0,0,0,,0.0,18.0,18,18,0.0054,0.0007,0.0001,0.001,0.0,0.0,0.0,0.0045,0.0121
satellite-p07-pfile7,0,True,58,95,95,257,0,270,0,0,0,0,0,0,0,,0.0,20.0,20,20,0.0068,0.0013,0.0002,0.0024,0.0,0.0,0.0,0.0059,0.0171
satellite-p08-pfile8,0,True,76,130,130,346,0,376,0,0,0,0,0,0,0,,0.0,24.0,24,24,0.0086,0.0023,0.0004,0.0014,0.0,0.0,0.0,0.0972,0.1104
satellite-p09-pfile9,0,True,89,144,144,390,0,405,0,0,0,0,1,0,0,,0.0,26.0,28,26,0.0082,0.0033,0.0006,0.002,0.0,0.0,0.0,0.0079,0.0224
satellite-p10-pfile10,0,True,101,154,154,421,0,433,0,0,0,0,0,0,0,,0.0,29.0,29,29,0.0093,0.0044,0.0007,0.0015,0.0,0.0,0.0,0.0081,0.0246
satellite-p11-pfile11,0,True,110,152,152,428,0,400,0,0,0,0,0,0,0,,0.0,31.0,31,31,0.0124,0.0063,0.0008,0.0016,0.0,0.0,0.0,0.0071,0.0287
satellite-p12-pfile12,0,True,133,207,215,588,0,586,0,0,0,0,0,0,0,,0.0,42.0,42,42,0.0163,0.0129,0.0017,0.0018,0.0,0.0,0.0,0.0086,0.0419
satellite-p13-pfile13,0,True,160,247,247,681,0,678,0,0,0,0,0,0,0,,0.0,55.0,55,55,0.0223,0.0217,0.003,0.0021,0.0,0.0,0.0,0.0099,0.0597
satellite-p14-pfile14,0,True,165,256,256,696,0,708,0,0,0,0,0,0,0,,0.0,39.0,39,39,0.0187,0.0165,0.0022,0.0019,0.0,0.0,0.0,0.0112,0.0512
satellite-p15-pfile15,0,True,225,332,332,912,0,904,0,0,0,0,0,0,0,,0.0,44.0,44,44,0.0238,0.0317,0.0041,0.002,0.0,0.0,0.0,0.0132,0.0756
satellite-p16-pfile16,0,True,282,467,467,1239,0,1295,0,0,0,0,0,0,0,,0.0,45.0,45,45,0.0325,0.043,0.006,0.0022,0.0,0.0,0.0,0.0183,0.1028
satellite-p17-pfile17,0,True,333,471,471,1295,0,1246,0,0,0,0,1,0,0,,0.0,41.0,44,41,0.0385,0.0635,0.0076,0.0022,0.0,0.0001,0.0,0.017,0.1297
satellite-p18-pfile18,0,True,144,199,199,555,0,528,0,0,0,0,0,0,0,,0.0,31.0,31,31,0.0157,0.013,0.0013,0.0013,0.0,0.0,0.0,0.0086,0.0405
satellite-p19-pfile19,0,True,169,333,333,863,0,995,0,0,0,0,4,0,0,,0.0,58.0,60,58,0.0133,0.0158,0.0035,0.0019,0.0,0.0002,0.0,0.0516,0.0869
satellite-p20-pfile20,0,True,176,374,374,964,0,1176,0,0,0,0,1,0,0,,0.0,74.0,83,74,0.0179,0.0169,0.0053,0.0018,0.0,0.0001,0.0,0.0205,0.0632
satellite-p21-HC-pfile1,0,True,229,512,512,1290,0,1527,0,0,0,0,1,0,0,,0.0,72.0,73,72,0.0431,0.0669,0.0075,0.0023,0.0,0.0001,0.0,0.0246,0.1455
satellite-p22-HC-pfile2,0,True,278,555,555,1433,0,1621,0,0,0,0,0,0,0,,0.0,89.0,89,89,0.0641,0.1353,0.0118,0.0024,0.0,0.0,0.0,0.0216,0.2367
satellite-p23-HC-pfile3,0,True,396,920,920,2287,0,2728,0,0,0,0,0,0,0,,0.0,99.0,99,99,0.1076,0.2466,0.0247,0.0032,0.0,0.0,0.0,0.043,0.4271
satellite-p24-HC-pfile4,0,True,530,1302,1302,3204,0,3924,0,0,0,0,0,0,0,,0.0,137.0,137,137,0.2341,0.7234,0.0602,0.005,0.0,0.0,0.0,0.0771,1.1029
satellite-p25-HC-pfile5,0,True,606,1470,1470,3610,0,4367,0,0,0,0,1,0,0,,0.0,125.0,126,125,0.286,0.9514,0.0697,0.0055,0.0,0.0001,0.0,0.0882,1.4042
satellite-p26-HC-pfile6,0,True,620,1325,1325,3338,0,3878,0,0,0,0,1,0,0,,0.0,134.0,135,134,0.3032,0.9801,0.0767,0.0057,0.0,0.0002,0.0,0.0711,1.4403
satellite-p27-HC-pfile7,0,True,773,1276,1276,3390,0,3515,0,0,0,0,0,0,0,,0.0,134.0,134,134,0.4305,1.601,0.1099,0.0073,0.0,0.0,0.0,0.0503,2.2034
satellite-p28-HC-pfile8,0,True,1087,2219,2219,5619,0,6387,0,0,0,0,0,0,0,,0.0,191.0,191,191,1.0872,4.9486,0.3066,0.0115,0.0,0.0,0.0,0.2002,6.5628
satellite-p29-HC-pfile9,0,True,1610,2485,2485,6673,0,6588,0,0,0,0,0,0,0,,0.0,185.0,185,185,2.1052,11.1299,0.642,0.0182,0.0,0.0,0.0,0.1637,14.0716
satellite-p30-HC-pfile10,0,True,1916,3126,3126,8282,0,8496,0,0,0,0,1,0,0,,0.0,226.0,228,226,3.4706,22.0009,1.0496,0.0271,0.0,0.0004,0.0,0.18,26.746
satellite-p31-HC-pfile11,0,True,2367,4200,4200,10900,0,11685,0,0,0,0,1,0,0,,0.0,267.0,268,267,6.3432,44.7314,1.9459,0.04,0.0,0.0005,0.0,0.4617,53.5487
satellite-p32-HC-pfile12,0,True,3116,5113,5113,13524,0,13938,0,0,0,0,0,0,0,,0.0,364.0,364,364,14.1946,128.8075,4.2683,0.0641,0.0,0.0,0.0,0.2147,147.5945
satellite-p33-HC-pfile13,0,True,3875,6936,6936,17978,0,19212,0,0,0,0,1,0,0,,0.0,460.0,461,460,27.1952,286.5794,8.5491,0.1026,0.0,0.0012,0.0,0.2758,322.7709
satellite-p34-HC-pfile14,0,True,1033,1470,1470,4114,0,3905,0,0,0,0,1,0,0,,0.0,285.0,286,285,1.9358,14.8931,0.442,0.0095,0.0,0.0003,0.0,0.1156,17.4116
satellite-p35-HC-pfile15,0,True,1661,3056,3056,7960,0,8678,0,0,0,0,0,0,0,,0.0,374.0,374,374,4.5648,36.9482,1.3636,0.024,0.0,0.0,0.0,0.1322,43.0573
satellite-p36-HC-pfile16,0,True,2083,3752,3752,9765,0,10456,0,0,0,0,1,0,0,,0.0,356.0,358,356,6.9251,57.8401,1.9797,0.0332,0.0,0.0006,0.0,0.2783,67.0868
scanalyzer-08-strips-p01,0,False,30,402,987,1425,0,1299,0,0,0,0,0,0,0,,0.0,18.0,18,18,0.0062,0.0016,0.0003,0.002,0.0,0.0,0.0,0.0329,0.0434
scanalyzer-08-strips-p02,0,False,25,269,596,901,0,864,0,2,0,0,2,0,0,,0.0,20.0,20,20,0.0059,0.001,0.0002,0.0016,0.0,0.0001,0.0,0.0161,0.0254
scanalyzer-08-strips-p03,0,False,20,215,450,701,0,704,0,22,0,0,24,0,0,,0.0,22.0,25,22,0.0054,0.0008,0.0002,0.0016,0.0,0.001,0.0,0.0416,0.05
scanalyzer-08-strips-p04,0,False,56,1436,3548,5048,0,4352,0,0,0,0,0,0,0,,0.0,24.0,24,24,0.0129,0.0084,0.0016,0.004,0.0,0.0,0.0,0.1456,0.1732
scanalyzer-08-strips-p05,0,False,49,891,1947,2902,0,2616,0,3,0,0,3,0,0,,0.0,27.0,27,27,0.0103,0.0051,0.0009,0.0026,0.0,0.0003,0.0,0.0521,0.0716
scanalyzer-08-strips-p06,0,False,42,738,1518,2320,0,2160,0,117,0,0,119,0,0,,0.0,30.0,33,30,0.0082,0.0042,0.0008,0.0023,0.0,0.0225,0.0,0.1416,0.1578
scanalyzer-08-strips-p07,0,False,90,3770,9345,13215,0,10995,0,0,0,0,0,0,0,,0.0,30.0,30,30,0.0209,0.0354,0.0065,0.0081,0.0,0.0,0.0,0.508,0.5802
scanalyzer-08-strips-p08,0,False,81,2239,4834,7173,0,6180,0,4,0,0,4,0,0,,0.0,34.0,34,34,0.016,0.0203,0.0035,0.0047,0.0,0.0015,0.0,0.1156,0.161
scanalyzer-08-strips-p09,0,False,72,1907,3886,5893,0,5188,0,293,0,0,294,0,94,,0.0,38.0,41,38,0.014,0.0159,0.0034,0.0039,0.0,0.3227,0.0,0.6085,0.6465
scanalyzer-08-strips-p10,0,False,132,8202,20370,28716,0,23316,0,0,0,0,0,0,0,,0.0,36.0,36,36,0.0399,0.1272,0.0182,0.0183,0.0,0.0,0.0,1.0693,1.2748
scanalyzer-08-strips-p11,0,False,121,4733,10121,14998,0,12492,0,5,0,0,5,0,0,,0.0,41.0,41,41,0.0255,0.064,0.0107,0.0096,0.0,0.0056,0.0,0.344,0.455
scanalyzer-08-strips-p12,0,False,110,4118,8346,12608,0,10652,0,815,0,0,816,0,384,,0.0,46.0,49,46,0.0229,0.0532,0.011,0.0092,0.0,4.7562,0.0,5.4781,5.5758
scanalyzer-08-strips-p13,0,False,182,15722,39095,55013,0,43883,0,0,0,0,0,0,0,,0.0,42.0,42,42,0.0787,0.3858,0.0461,0.0429,0.0,0.0,0.0,2.0642,2.6211
scanalyzer-08-strips-p14,0,False,169,8889,18864,27949,0,22680,0,7,0,0,7,0,0,,0.0,48.0,48,48,0.0467,0.1832,0.0274,0.019,0.0,0.0209,0.0,1.0817,1.3599
scanalyzer-08-strips-p15,0,False,156,7863,15882,23941,0,19608,0,2070,0,0,2073,0,10784,,0.0,54.0,57,54,0.0416,0.1423,0.0278,0.017,0.0,45.5004,0.0,148.742,148.9733
scanalyzer-08-strips-p16,0,False,240,27512,68472,96240,0,75744,0,0,0,0,0,0,0,,0.0,48.0,48,48,0.1388,1.0192,0.1077,0.0878,0.0,0.0,0.0,3.4749,4.835
scanalyzer-08-strips-p17,0,False,225,15319,32311,47886,0,38064,0,7,0,0,7,0,0,,0.0,55.0,55,55,0.0847,0.4618,0.0649,0.0395,0.0,0.0468,0.0,1.9378,2.5932
scanalyzer-08-strips-p18,0,False,210,13730,27670,41656,0,33304,0,943,0,0,944,0,0,,0.0,62.0,65,62,0.0739,0.3496,0.061,0.0311,0.0,18.7972,0.0,30.4849,31.0036
scanalyzer-08-strips-p19,0,False,306,44946,111933,157203,0,122427,0,0,0,0,0,0,0,,0.0,54.0,54,54,0.2475,2.4582,0.2576,0.1697,0.0,0.0,0.0,7.8176,10.9602
scanalyzer-08-strips-p20,0,False,289,24731,51902,76957,0,60156,0,8,0,0,8,0,0,,0.0,62.0,62,62,0.1421,1.0675,0.1395,0.0732,0.0,0.1108,0.0,2.8087,4.2369
scanalyzer-08-strips-p21,0,False,272,22403,45078,67805,0,53180,0,2248,0,0,2249,0,0,,0.0,70.0,73,70,0.1266,0.7878,0.1311,0.0635,0.0,105.8935,0.0,159.2548,160.3685
scanalyzer-08-strips-p22,0,False,3,132,268,416,0,371,0,0,0,0,0,0,0,,0.0,12.0,12,12,0.0208,0.0008,0.0001,0.0012,0.0,0.0,0.0,0.0081,0.0316
scanalyzer-08-strips-p23,0,False,3,132,268,416,0,371,0,0,0,0,0,0,0,,0.0,12.0,12,12,0.0072,0.0008,0.0001,0.0015,0.0,0.0,0.0,0.0081,0.0182
scanalyzer-08-strips-p24,0,False,3,132,268,416,0,371,0,0,0,0,0,0,0,,0.0,12.0,12,12,0.0068,0.0008,0.0001,0.0014,0.0,0.0,0.0,0.0082,0.0178
scanalyzer-08-strips-p25,0,False,48,13758,52156,65978,0,54138,0,0,0,0,0,0,0,,0.0,24.0,24,24,0.1485,0.8188,0.1856,0.0504,0.0,0.0,0.0,6.3867,7.5978
scanalyzer-08-strips-p26,0,False,42,9578,35655,45297,0,37474,0,157,0,0,158,0,2420,,0.0,26.0,27,26,0.1121,0.4718,0.1671,0.03,0.0,5.1166,0.0,237.0465,237.832
scanalyzer-08-strips-p27,0,False,31,7336,27177,34577,0,28907,0,706,0,0,708,0,12930,,0.0,28.0,30,28,0.0946,0.3405,0.1925,0.0225,0.0,20.8748,0.0,528.7997,529.4538
scanalyzer-08-strips-p28,0,False,120,203937,833055,1037136,0,842629,0,0,0,0,0,0,0,,0.0,36.0,36,36,1.8876,101.9267,11.5941,1.2788,0.0,0.0,0.0,553.2531,670.0285
scanalyzer-08-strips-p29,2,False,110,126782,497543,624469,0,506355,0,4,0,0,4,0,0,,0.0,38.0,40,40,1.1849,45.2395,7.1846,0.7287,0.0,9.4285,0.0,845.8129,900.2366
scanalyzer-08-strips-p30,2,False,91,99320,383329,482793,0,391720,0,23,0,0,23,0,7,,0.0,40.0,52,52,0.9782,31.9656,11.9586,0.555,0.0,316.319,0.0,859.941,905.4497
scanalyzer-opt11-strips-p01,0,False,3,132,268,416,0,371,0,0,0,0,0,0,0,,0.0,12.0,12,12,0.0064,0.0008,0.0001,0.0013,0.0,0.0,0.0,0.0081,0.0173
scanalyzer-opt11-strips-p02,0,False,25,269,596,901,0,864,0,2,0,0,2,0,0,,0.0,20.0,20,20,0.0064,0.001,0.0002,0.0017,0.0,0.0001,0.0,0.0162,0.0259
scanalyzer-opt11-strips-p03,0,False,20,215,450,701,0,704,0,22,0,0,24,0,0,,0.0,22.0,25,22,0.0053,0.0009,0.0002,0.0015,0.0,0.001,0.0,0.0418,0.0502
scanalyzer-opt11-strips-p04,0,False,56,1436,3548,5048,0,4352,0,0,0,0,0,0,0,,0.0,24.0,24,24,0.0119,0.0084,0.0015,0.0035,0.0,0.0,0.0,0.1467,0.1728
scanalyzer-opt11-strips-p05,0,False,90,3770,9345,13215,0,10995,0,0,0,0,0,0,0,,0.0,30.0,30,30,0.0197,0.0355,0.0065,0.0083,0.0,0.0,0.0,0.508,0.5791
scanalyzer-opt11-strips-p06,0,False,49,891,1947,2902,0,2616,0,3,0,0,3,0,0,,0.0,27.0,27,27,0.0101,0.005,0.0009,0.0024,0.0,0.0003,0.0,0.0516,0.0707
scanalyzer-opt11-strips-p07,0,False,306,44946,111933,157203,0,122427,0,0,0,0,0,0,0,,0.0,54.0,54,54,0.2345,2.4501,0.2559,0.1694,0.0,0.0,0.0,7.7508,10.8704
scanalyzer-opt11-strips-p08,0,False,132,8202,20370,28716,0,23316,0,0,0,0,0,0,0,,0.0,36.0,36,36,0.0412,0.1274,0.0182,0.0186,0.0,0.0,0.0,1.0731,1.2806
scanalyzer-opt11-strips-p09,0,False,182,15722,39095,55013,0,43883,0,0,0,0,0,0,0,,0.0,42.0,42,42,0.0639,0.3857,0.0475,0.0432,0.0,0.0,0.0,2.0668,2.6106
scanalyzer-opt11-strips-p10,0,False,240,27512,68472,96240,0,75744,0,0,0,0,0,0,0,,0.0,48.0,48,48,0.1478,1.0161,0.1085,0.0878,0.0,0.0,0.0,3.514,4.88
scanalyzer-opt11-strips-p11,0,False,48,13758,52156,65978,0,54138,0,0,0,0,0,0,0,,0.0,24.0,24,24,0.148,0.8183,0.1977,0.049,0.0,0.0,0.0,6.3814,7.6025
scanalyzer-opt11-strips-p12,0,False,42,738,1518,2320,0,2160,0,117,0,0,119,0,0,,0.0,30.0,33,30,0.0083,0.0042,0.0008,0.0023,0.0,0.022,0.0,0.1422,0.1585
scanalyzer-opt11-strips-p13,0,False,31,7336,27177,34577,0,28907,0,706,0,0,708,0,12930,,0.0,28.0,30,28,0.092,0.3408,0.1925,0.0224,0.0,20.8648,0.0,525.4992,526.151
scanalyzer-opt11-strips-p14,0,False,42,9578,35655,45297,0,37474,0,157,0,0,158,0,2420,,0.0,26.0,27,26,0.1103,0.4664,0.1674,0.0299,0.0,5.1288,0.0,237.0946,237.873
scanalyzer-opt11-strips-p15,0,False,81,2239,4834,7173,0,6180,0,4,0,0,4,0,0,,0.0,34.0,34,34,0.0143,0.0193,0.0038,0.005,0.0,0.0015,0.0,0.1177,0.1611
scanalyzer-opt11-strips-p16,0,False,121,4733,10121,14998,0,12492,0,5,0,0,5,0,0,,0.0,41.0,41,41,0.0261,0.0644,0.0114,0.0095,0.0,0.0056,0.0,0.3456,0.458
scanalyzer-opt11-strips-p17,0,False,169,8889,18864,27949,0,22680,0,7,0,0,7,0,0,,0.0,48.0,48,48,0.0461,0.1843,0.0286,0.0189,0.0,0.0217,0.0,1.0827,1.3626
scanalyzer-opt11-strips-p18,0,False,225,15319,32311,47886,0,38064,0,7,0,0,7,0,0,,0.0,55.0,55,55,0.0825,0.4622,0.063,0.0396,0.0,0.0453,0.0,1.9306,2.5822
scanalyzer-opt11-strips-p19,0,False,289,24731,51902,76957,0,60156,0,8,0,0,8,0,0,,0.0,62.0,62,62,0.1394,1.0621,0.1391,0.0728,0.0,0.1107,0.0,2.8084,4.2276
scanalyzer-opt11-strips-p20,0,False,120,203937,833055,1037136,0,842629,0,0,0,0,0,0,0,,0.0,36.0,36,36,1.8127,102.2232,11.5903,1.2849,0.0,0.0,0.0,554.093,671.0929
scanalyzer-sat11-strips-p01,0,False,48,13758,52156,65978,0,54138,0,0,0,0,0,0,0,,0.0,24.0,24,24,0.1442,0.8187,0.1962,0.0491,0.0,0.0,0.0,6.3701,7.586
scanalyzer-sat11-strips-p02,0,False,132,8202,20370,28716,0,23316,0,0,0,0,0,0,0,,0.0,36.0,36,36,0.0417,0.1282,0.0182,0.0188,0.0,0.0,0.0,1.0788,1.2879
scanalyzer-sat11-strips-p03,0,False,42,738,1518,2320,0,2160,0,117,0,0,119,0,0,,0.0,30.0,33,30,0.0085,0.0043,0.0008,0.0024,0.0,0.0218,0.0,0.1433,0.1599
scanalyzer-sat11-strips-p04,0,False,72,1907,3886,5893,0,5188,0,293,0,0,294,0,94,,0.0,38.0,41,38,0.0138,0.0159,0.0034,0.004,0.0,0.3229,0.0,0.6113,0.6492
scanalyzer-sat11-strips-p05,0,False,182,15722,39095,55013,0,43883,0,0,0,0,0,0,0,,0.0,42.0,42,42,0.085,0.3855,0.0461,0.0431,0.0,0.0,0.0,2.0844,2.6475
scanalyzer-sat11-strips-p06,0,False,42,9578,35655,45297,0,37474,0,157,0,0,158,0,2420,,0.0,26.0,27,26,0.1124,0.4722,0.1678,0.0299,0.0,5.1168,0.0,237.0275,237.8141
scanalyzer-sat11-strips-p07,0,False,240,27512,68472,96240,0,75744,0,0,0,0,0,0,0,,0.0,48.0,48,48,0.1449,1.0158,0.1087,0.0879,0.0,0.0,0.0,3.4749,4.8382
scanalyzer-sat11-strips-p08,0,False,31,7336,27177,34577,0,28907,0,706,0,0,708,0,12930,,0.0,28.0,30,28,0.0923,0.3409,0.2096,0.0225,0.0,20.7776,0.0,529.3463,530.0166
scanalyzer-sat11-strips-p09,0,False,110,4118,8346,12608,0,10652,0,815,0,0,816,0,384,,0.0,46.0,49,46,0.0231,0.0534,0.011,0.0091,0.0,4.7344,0.0,5.4759,5.574
scanalyzer-sat11-strips-p10,0,False,169,8889,18864,27949,0,22680,0,7,0,0,7,0,0,,0.0,48.0,48,48,0.0471,0.1845,0.0288,0.019,0.0,0.0209,0.0,1.0863,1.3676
scanalyzer-sat11-strips-p11,0,False,156,7863,15882,23941,0,19608,0,2070,0,0,2073,0,10784,,0.0,54.0,57,54,0.0417,0.1425,0.0291,0.0174,0.0,45.5119,0.0,149.6915,149.9248
scanalyzer-sat11-strips-p12,0,False,121,4733,10121,14998,0,12492,0,5,0,0,5,0,0,,0.0,41.0,41,41,0.0259,0.0646,0.0107,0.0097,0.0,0.0057,0.0,0.346,0.4583
scanalyzer-sat11-strips-p13,0,False,81,2239,4834,7173,0,6180,0,4,0,0,4,0,0,,0.0,34.0,34,34,0.0161,0.0202,0.0036,0.0046,0.0,0.0017,0.0,0.1177,0.1632
scanalyzer-sat11-strips-p14,0,False,225,15319,32311,47886,0,38064,0,7,0,0,7,0,0,,0.0,55.0,55,55,0.0673,0.4598,0.063,0.0396,0.0,0.0453,0.0,1.9383,2.5723
scanalyzer-sat11-strips-p15,0,False,210,13730,27670,41656,0,33304,0,943,0,0,944,0,0,,0.0,62.0,65,62,0.0738,0.349,0.0609,0.031,0.0,19.2344,0.0,30.8177,31.3355
scanalyzer-sat11-strips-p16,0,False,289,24731,51902,76957,0,60156,0,8,0,0,8,0,0,,0.0,62.0,62,62,0.1386,1.0684,0.1384,0.0732,0.0,0.1106,0.0,2.8099,4.2342
scanalyzer-sat11-strips-p17,0,False,272,22403,45078,67805,0,53180,0,2248,0,0,2249,0,0,,0.0,70.0,73,70,0.127,0.7888,0.131,0.0639,0.0,105.1822,0.0,158.2292,159.3445
scanalyzer-sat11-strips-p18,0,False,120,203937,833055,1037136,0,842629,0,0,0,0,0,0,0,,0.0,36.0,36,36,1.8366,102.4425,11.8232,1.2851,0.0,0.0,0.0,552.7049,670.1817
scanalyzer-sat11-strips-p19,2,False,110,126782,497543,624469,0,506355,0,4,0,0,4,0,0,,0.0,38.0,40,40,1.1857,45.6061,7.2746,0.7293,0.0,9.4983,0.0,845.3443,900.2076
scanalyzer-sat11-strips-p20,2,False,91,99320,383329,482793,0,391720,0,23,0,0,23,0,7,,0.0,40.0,52,52,1.0023,31.292,11.9261,0.5604,0.0,317.4985,0.0,860.5702,905.4061
schedule-probschedule-10-0,0,True,0,8,32,61,0,51,0,0,0,0,0,0,0,,0.0,10.0,10,10,0.0153,0.0003,0.0,0.0012,0.0,0.0,0.0,0.0022,0.0195
schedule-probschedule-10-1,0,True,4,11,41,74,0,62,0,0,0,0,0,0,0,,0.0,8.0,8,8,0.0067,0.0003,0.0,0.0012,0.0,0.0,0.0,0.0023,0.011
schedule-probschedule-10-2,0,True,0,7,33,62,0,52,0,0,0,0,0,0,0,,0.0,10.0,10,10,0.0062,0.0003,0.0,0.0012,0.0,0.0,0.0,0.0021,0.0102
schedule-probschedule-11-0,0,True,0,6,38,71,0,60,0,0,0,0,0,0,0,,0.0,11.0,11,11,0.0068,0.0003,0.0,0.0013,0.0,0.0,0.0,0.0022,0.011
schedule-probschedule-11-1,0,True,2,9,43,80,0,67,0,0,0,0,0,0,0,,0.0,11.0,11,11,0.0062,0.0003,0.0,0.0011,0.0,0.0,0.0,0.0024,0.0105
schedule-probschedule-11-2,0,True,0,9,35,69,0,58,0,0,0,0,0,0,0,,0.0,11.0,11,11,0.0061,0.0003,0.0,0.0012,0.0,0.0,0.0,0.0022,0.0104
schedule-probschedule-12-0,0,True,1,10,42,79,0,66,0,0,0,0,0,0,0,,0.0,12.0,12,12,0.0254,0.0004,0.0,0.0012,0.0,0.0,0.0,0.0022,0.0296
schedule-probschedule-12-1,0,True,4,13,51,94,0,78,0,0,0,0,0,0,0,,0.0,12.0,12,12,0.0038,0.0004,0.0,0.0015,0.0,0.0,0.0,0.0024,0.0086
schedule-probschedule-12-2,0,True,3,13,47,89,0,74,0,0,0,0,0,0,0,,0.0,12.0,12,12,0.0057,0.0004,0.0,0.001,0.0,0.0,0.0,0.0023,0.0098
schedule-probschedule-13-0,0,True,3,13,51,97,0,81,0,0,0,0,0,0,0,,0.0,13.0,13,13,0.006,0.0004,0.0,0.0012,0.0,0.0,0.0,0.0024,0.0105
schedule-probschedule-13-1,0,True,3,11,53,98,0,82,0,0,0,0,0,0,0,,0.0,13.0,13,13,0.0063,0.0004,0.0,0.0011,0.0,0.0,0.0,0.0023,0.0107
schedule-probschedule-13-2,0,True,3,14,50,95,0,79,0,0,0,0,0,0,0,,0.0,13.0,13,13,0.006,0.0005,0.0,0.0013,0.0,0.0,0.0,0.0024,0.0105
schedule-probschedule-14-0,0,True,1,14,46,87,0,72,0,0,0,0,0,0,0,,0.0,14.0,14,14,0.0257,0.0005,0.0,0.0012,0.0,0.0,0.0,0.0023,0.0301
schedule-probschedule-14-1,0,True,2,13,51,96,0,80,0,0,0,0,0,0,0,,0.0,14.0,14,14,0.0066,0.0005,0.0,0.001,0.0,0.0,0.0,0.0023,0.0108
schedule-probschedule-14-2,0,True,1,12,48,92,0,77,0,0,0,0,0,0,0,,0.0,14.0,14,14,0.0191,0.0005,0.0,0.0013,0.0,0.0,0.0,0.0023,0.0237
schedule-probschedule-15-0,0,True,1,12,52,99,0,83,0,0,0,0,0,0,0,,0.0,15.0,15,15,0.0119,0.0005,0.0,0.001,0.0,0.0,0.0,0.0022,0.0161
schedule-probschedule-15-1,0,True,2,13,53,99,0,83,0,0,0,0,0,0,0,,0.0,14.0,14,14,0.0076,0.0005,0.0,0.0012,0.0,0.0,0.0,0.0024,0.0121
schedule-probschedule-15-2,0,True,2,12,54,101,0,85,0,0,0,0,0,0,0,,0.0,14.0,14,14,0.0075,0.0005,0.0,0.001,0.0,0.0,0.0,0.0022,0.0117
schedule-probschedule-16-0,0,True,2,13,59,109,0,91,0,0,0,0,0,0,0,,0.0,16.0,16,16,0.0069,0.0006,0.0,0.0013,0.0,0.0,0.0,0.0023,0.0116
schedule-probschedule-16-1,0,True,2,12,58,107,0,90,0,0,0,0,0,0,0,,0.0,15.0,15,15,0.0203,0.0005,0.0,0.0015,0.0,0.0,0.0,0.0023,0.0251
schedule-probschedule-16-2,0,True,4,16,62,115,0,96,0,0,0,0,0,0,0,,0.0,15.0,15,15,0.007,0.0006,0.0,0.0015,0.0,0.0,0.0,0.0024,0.0119
schedule-probschedule-17-0,0,True,5,17,67,124,0,104,0,0,0,0,0,0,0,,0.0,15.0,15,15,0.0083,0.0006,0.0001,0.001,0.0,0.0,0.0,0.0024,0.0129
schedule-probschedule-17-1,0,True,2,15,61,116,0,97,0,0,0,0,0,0,0,,0.0,17.0,17,17,0.0072,0.0006,0.0,0.0013,0.0,0.0,0.0,0.0023,0.0118
schedule-probschedule-17-2,0,True,0,11,57,106,0,89,0,0,0,0,0,0,0,,0.0,17.0,17,17,0.0207,0.0006,0.0,0.0012,0.0,0.0,0.0,0.0022,0.0252
schedule-probschedule-18-0,0,True,3,15,67,124,0,104,0,0,0,0,0,0,0,,0.0,17.0,17,17,0.007,0.0007,0.0,0.001,0.0,0.0,0.0,0.0024,0.0115
schedule-probschedule-18-1,0,True,0,13,59,110,0,92,0,0,0,0,0,0,0,,0.0,18.0,18,18,0.007,0.0007,0.0,0.0014,0.0,0.0,0.0,0.0022,0.0117
schedule-probschedule-18-2,0,True,4,16,70,129,0,108,0,0,0,0,0,0,0,,0.0,17.0,17,17,0.0074,0.0007,0.0,0.0014,0.0,0.0,0.0,0.0023,0.0123
schedule-probschedule-19-0,0,True,1,16,64,121,0,101,0,0,0,0,0,0,0,,0.0,19.0,19,19,0.0078,0.0007,0.0,0.001,0.0,0.0,0.0,0.0023,0.0123
schedule-probschedule-19-1,0,True,3,17,69,128,0,107,0,0,0,0,0,0,0,,0.0,18.0,18,18,0.0076,0.0007,0.0,0.0011,0.0,0.0,0.0,0.0024,0.0124
schedule-probschedule-19-2,0,True,2,15,67,125,0,105,0,0,0,0,0,0,0,,0.0,18.0,18,18,0.0068,0.0007,0.0,0.001,0.0,0.0,0.0,0.0024,0.0114
schedule-probschedule-2-0,0,True,0,2,6,13,0,11,0,0,0,0,0,0,0,,0.0,2.0,2,2,0.0045,0.0001,0.0,0.0011,0.0,0.0,0.0,0.0019,0.0079
schedule-probschedule-2-1,0,True,0,2,6,13,0,11,0,0,0,0,0,0,0,,0.0,2.0,2,2,0.0052,0.0001,0.0,0.0011,0.0,0.0,0.0,0.002,0.0089
schedule-probschedule-2-2,0,True,1,3,9,18,0,15,0,0,0,0,0,0,0,,0.0,2.0,2,2,0.0049,0.0001,0.0,0.0009,0.0,0.0,0.0,0.0021,0.0084
schedule-probschedule-20-0,0,True,2,19,69,129,0,107,0,0,0,0,0,0,0,,0.0,20.0,20,20,0.0081,0.0008,0.0001,0.0012,0.0,0.0,0.0,0.0023,0.013
schedule-probschedule-20-1,0,True,0,12,68,125,0,105,0,0,0,0,0,0,0,,0.0,20.0,20,20,0.008,0.0008,0.0,0.0011,0.0,0.0,0.0,0.0023,0.0126
schedule-probschedule-20-2,0,True,2,16,72,132,0,110,0,0,0,0,0,0,0,,0.0,20.0,20,20,0.0079,0.0008,0.0,0.0013,0.0,0.0,0.0,0.0024,0.0128
schedule-probschedule-21-0,0,True,3,20,72,136,0,114,0,0,0,0,0,0,0,,0.0,19.0,19,19,0.0081,0.0009,0.0001,0.0013,0.0,0.0,0.0,0.0023,0.0131
schedule-probschedule-21-1,0,True,2,14,76,141,0,119,0,0,0,0,0,0,0,,0.0,20.0,20,20,0.0075,0.0008,0.0,0.0015,0.0,0.0,0.0,0.0023,0.0126
schedule-probschedule-21-2,0,True,3,18,76,140,0,117,0,0,0,0,0,0,0,,0.0,20.0,20,20,0.0058,0.0009,0.0001,0.0013,0.0,0.0,0.0,0.0024,0.0109
schedule-probschedule-22-0,0,True,3,22,76,142,0,118,0,0,0,0,0,0,0,,0.0,21.0,21,21,0.0095,0.0009,0.0001,0.0012,0.0,0.0,0.0,0.0024,0.0145
schedule-probschedule-22-1,0,True,0,17,71,136,0,114,0,0,0,0,0,0,0,,0.0,22.0,22,22,0.0084,0.0008,0.0,0.0013,0.0,0.0,0.0,0.0022,0.0133
schedule-probschedule-22-2,0,True,2,15,79,145,0,122,0,0,0,0,0,0,0,,0.0,21.0,21,21,0.0076,0.0009,0.0,0.0014,0.0,0.0,0.0,0.0023,0.0127
schedule-probschedule-23-0,0,True,2,20,80,151,0,126,0,0,0,0,0,0,0,,0.0,23.0,23,23,0.005,0.001,0.0001,0.0012,0.0,0.0,0.0,0.0023,0.0099
schedule-probschedule-23-1,0,True,0,15,77,140,0,117,0,0,0,0,0,0,0,,0.0,23.0,23,23,0.0075,0.001,0.0,0.0013,0.0,0.0,0.0,0.0024,0.0126
schedule-probschedule-23-2,0,True,2,18,82,151,0,126,0,0,0,0,0,0,0,,0.0,23.0,23,23,0.0083,0.001,0.0001,0.001,0.0,0.0,0.0,0.0024,0.0131
schedule-probschedule-24-0,0,True,2,21,83,154,0,128,0,0,0,0,0,0,0,,0.0,24.0,24,24,0.0085,0.001,0.0001,0.0012,0.0,0.0,0.0,0.0024,0.0137
schedule-probschedule-24-1,0,True,2,16,88,160,0,134,0,0,0,0,0,0,0,,0.0,24.0,24,24,0.0081,0.001,0.0001,0.0012,0.0,0.0,0.0,0.0024,0.0132
schedule-probschedule-24-2,0,True,3,18,88,160,0,134,0,0,0,0,0,0,0,,0.0,23.0,23,23,0.0082,0.0011,0.0001,0.001,0.0,0.0,0.0,0.0025,0.0132
schedule-probschedule-25-0,0,True,5,23,95,177,0,148,0,0,0,0,0,0,0,,0.0,24.0,24,24,0.0083,0.0012,0.0001,0.0012,0.0,0.0,0.0,0.0025,0.0137
schedule-probschedule-25-1,0,True,2,22,86,161,0,134,0,0,0,0,0,0,0,,0.0,25.0,25,25,0.0088,0.0012,0.0001,0.001,0.0,0.0,0.0,0.0023,0.0138
schedule-probschedule-25-2,0,True,5,23,93,172,0,144,0,0,0,0,0,0,0,,0.0,23.0,23,23,0.0088,0.0011,0.0001,0.0012,0.0,0.0,0.0,0.0025,0.014
schedule-probschedule-26-0,0,True,5,25,97,179,0,149,0,0,0,0,0,0,0,,0.0,25.0,25,25,0.0104,0.0013,0.0001,0.0009,0.0,0.0,0.0,0.0024,0.0156
schedule-probschedule-26-1,0,True,3,23,93,173,0,144,0,0,0,0,0,0,0,,0.0,26.0,26,26,0.0085,0.0012,0.0001,0.0012,0.0,0.0,0.0,0.0024,0.014
schedule-probschedule-26-2,0,True,4,24,96,178,0,148,0,0,0,0,0,0,0,,0.0,26.0,26,26,0.0081,0.0013,0.0001,0.0011,0.0,0.0,0.0,0.0025,0.0136
schedule-probschedule-27-0,0,True,2,19,97,181,0,152,0,0,0,0,0,0,0,,0.0,27.0,27,27,0.0087,0.0012,0.0001,0.0012,0.0,0.0,0.0,0.0024,0.0141
schedule-probschedule-27-1,0,True,2,21,95,175,0,146,0,0,0,0,0,0,0,,0.0,27.0,27,27,0.0112,0.0013,0.0001,0.0009,0.0,0.0,0.0,0.0024,0.0164
schedule-probschedule-27-2,0,True,2,18,96,174,0,146,0,0,0,0,0,0,0,,0.0,26.0,26,26,0.0092,0.0012,0.0001,0.0012,0.0,0.0,0.0,0.0024,0.0145
schedule-probschedule-28-0,0,True,3,21,99,183,0,154,0,0,0,0,0,0,0,,0.0,26.0,26,26,0.0099,0.0013,0.0001,0.0019,0.0,0.0,0.0,0.0025,0.0162
schedule-probschedule-28-1,0,True,6,24,110,200,0,167,0,0,0,0,0,0,0,,0.0,27.0,27,27,0.0093,0.0014,0.0001,0.0013,0.0,0.0,0.0,0.0026,0.0151
schedule-probschedule-28-2,0,True,3,26,98,184,0,153,0,0,0,0,0,0,0,,0.0,28.0,28,28,0.0279,0.0013,0.0001,0.0017,0.0,0.0,0.0,0.0024,0.0339
schedule-probschedule-29-0,0,True,7,28,114,206,0,171,0,0,0,0,0,0,0,,0.0,28.0,28,28,0.0095,0.0016,0.0001,0.0015,0.0,0.0,0.0,0.0026,0.0157
schedule-probschedule-29-1,0,True,2,22,102,186,0,155,0,0,0,0,0,0,0,,0.0,29.0,29,29,0.0093,0.0014,0.0001,0.0011,0.0,0.0,0.0,0.0025,0.0148
schedule-probschedule-29-2,0,True,6,27,109,201,0,168,0,0,0,0,0,0,0,,0.0,27.0,27,27,0.0102,0.0015,0.0001,0.0011,0.0,0.0,0.0,0.0025,0.0159
schedule-probschedule-3-0,0,True,1,3,13,25,0,21,0,0,0,0,0,0,0,,0.0,3.0,3,3,0.0052,0.0001,0.0,0.001,0.0,0.0,0.0,0.0021,0.0087
schedule-probschedule-3-1,0,True,1,3,11,21,0,18,0,0,0,0,0,0,0,,0.0,2.0,2,2,0.0044,0.0001,0.0,0.0016,0.0,0.0,0.0,0.0021,0.0086
schedule-probschedule-3-2,0,True,0,2,10,20,0,17,0,0,0,0,0,0,0,,0.0,3.0,3,3,0.0047,0.0001,0.0,0.0009,0.0,0.0,0.0,0.0021,0.0081
schedule-probschedule-30-0,0,True,2,21,107,194,0,162,0,0,0,0,0,0,0,,0.0,30.0,30,30,0.0095,0.0016,0.0001,0.0013,0.0,0.0,0.0,0.0024,0.0154
schedule-probschedule-30-1,0,True,3,26,106,195,0,162,0,0,0,0,0,0,0,,0.0,30.0,30,30,0.0099,0.0015,0.0001,0.0011,0.0,0.0,0.0,0.0025,0.0155
schedule-probschedule-30-2,0,True,6,28,112,205,0,171,0,0,0,0,0,0,0,,0.0,28.0,28,28,0.0093,0.0015,0.0001,0.001,0.0,0.0,0.0,0.0025,0.0148
schedule-probschedule-31-0,0,True,6,29,117,214,0,178,0,0,0,0,0,0,0,,0.0,30.0,30,30,0.0102,0.0017,0.0001,0.001,0.0,0.0,0.0,0.0026,0.016
schedule-probschedule-31-1,0,True,3,24,112,204,0,170,0,0,0,0,0,0,0,,0.0,31.0,31,31,0.0094,0.0017,0.0001,0.0012,0.0,0.0,0.0,0.0025,0.0153
schedule-probschedule-31-2,0,True,1,20,108,197,0,165,0,0,0,0,0,0,0,,0.0,31.0,31,31,0.0107,0.0016,0.0001,0.0014,0.0,0.0,0.0,0.0024,0.0166
schedule-probschedule-32-0,0,True,6,29,117,214,0,179,0,0,0,0,0,0,0,,0.0,29.0,29,29,0.0096,0.0018,0.0001,0.0011,0.0,0.0,0.0,0.0026,0.0156
schedule-probschedule-32-1,0,True,5,28,118,216,0,180,0,0,0,0,0,0,0,,0.0,31.0,31,31,0.0102,0.0018,0.0001,0.0013,0.0,0.0,0.0,0.0026,0.0164
schedule-probschedule-32-2,0,True,5,28,118,218,0,182,0,0,0,0,0,0,0,,0.0,31.0,31,31,0.0121,0.0018,0.0001,0.001,0.0,0.0,0.0,0.0025,0.018
schedule-probschedule-33-0,0,True,3,25,115,212,0,178,0,0,0,0,0,0,0,,0.0,31.0,31,31,0.012,0.0018,0.0001,0.001,0.0,0.0,0.0,0.0025,0.018
schedule-probschedule-33-1,0,True,4,29,117,218,0,182,0,0,0,0,0,0,0,,0.0,32.0,32,32,0.0151,0.0019,0.0001,0.001,0.0,0.0,0.0,0.0026,0.0211
schedule-probschedule-33-2,0,True,3,28,114,212,0,177,0,0,0,0,0,0,0,,0.0,32.0,32,32,0.0327,0.0017,0.0001,0.0011,0.0,0.0,0.0,0.0025,0.0387
schedule-probschedule-34-0,0,True,4,28,120,224,0,188,0,0,0,0,0,0,0,,0.0,32.0,32,32,0.0124,0.002,0.0001,0.0013,0.0,0.0,0.0,0.0025,0.0189
schedule-probschedule-34-1,0,True,3,30,118,218,0,181,0,0,0,0,0,0,0,,0.0,34.0,34,34,0.011,0.0019,0.0001,0.0009,0.0,0.0,0.0,0.0025,0.0168
schedule-probschedule-34-2,0,True,6,32,126,230,0,191,0,0,0,0,0,0,0,,0.0,33.0,33,33,0.0103,0.0019,0.0001,0.001,0.0,0.0,0.0,0.0026,0.0163
schedule-probschedule-35-0,0,True,3,32,120,224,0,186,0,0,0,0,0,0,0,,0.0,35.0,35,35,0.0129,0.0019,0.0001,0.0013,0.0,0.0,0.0,0.0026,0.0193
schedule-probschedule-35-1,0,True,4,28,126,230,0,192,0,0,0,0,0,0,0,,0.0,34.0,34,34,0.0143,0.0021,0.0001,0.0009,0.0,0.0,0.0,0.0026,0.0205
schedule-probschedule-35-2,0,True,2,24,122,222,0,186,0,0,0,0,0,0,0,,0.0,34.0,34,34,0.0109,0.002,0.0001,0.0013,0.0,0.0,0.0,0.0026,0.0174
schedule-probschedule-36-0,0,True,6,30,134,243,0,203,0,0,0,0,0,0,0,,0.0,34.0,34,34,0.013,0.0021,0.0001,0.0016,0.0,0.0,0.0,0.0026,0.0199
schedule-probschedule-36-1,0,True,4,29,129,236,0,197,0,0,0,0,0,0,0,,0.0,35.0,35,35,0.0106,0.002,0.0001,0.001,0.0,0.0,0.0,0.0026,0.0168
schedule-probschedule-36-2,0,True,7,31,139,252,0,210,0,0,0,0,0,0,0,,0.0,35.0,35,35,0.0133,0.002,0.0002,0.0015,0.0,0.0,0.0,0.0027,0.0201
schedule-probschedule-37-0,0,True,3,30,130,237,0,197,0,0,0,0,0,0,0,,0.0,37.0,37,37,0.0127,0.002,0.0001,0.001,0.0,0.0,0.0,0.0026,0.0188
schedule-probschedule-37-1,0,True,5,33,131,242,0,202,0,0,0,0,0,0,0,,0.0,35.0,35,35,0.0125,0.0021,0.0002,0.001,0.0,0.0,0.0,0.0026,0.0188
schedule-probschedule-37-2,0,True,4,30,132,240,0,200,0,0,0,0,0,0,0,,0.0,36.0,36,36,0.0147,0.0021,0.0001,0.0013,0.0,0.0,0.0,0.0027,0.0214
schedule-probschedule-38-0,0,True,5,35,137,251,0,208,0,0,0,0,0,0,0,,0.0,38.0,38,38,0.0131,0.0022,0.0002,0.0013,0.0,0.0,0.0,0.0027,0.0198
schedule-probschedule-38-1,0,True,4,29,135,249,0,209,0,0,0,0,0,0,0,,0.0,36.0,36,36,0.0135,0.0022,0.0001,0.0011,0.0,0.0,0.0,0.0027,0.0201
schedule-probschedule-38-2,0,True,7,34,142,255,0,212,0,0,0,0,0,0,0,,0.0,36.0,36,36,0.0139,0.0022,0.0002,0.0012,0.0,0.0,0.0,0.0027,0.0206
schedule-probschedule-39-0,0,True,6,38,140,257,0,213,0,0,0,0,0,0,0,,0.0,38.0,38,38,0.0144,0.0023,0.0002,0.0011,0.0,0.0,0.0,0.0026,0.0211
schedule-probschedule-39-1,0,True,3,27,139,250,0,209,0,0,0,0,0,0,0,,0.0,38.0,38,38,0.0139,0.0024,0.0001,0.001,0.0,0.0,0.0,0.0026,0.0204
schedule-probschedule-39-2,0,True,5,37,133,245,0,204,0,0,0,0,0,0,0,,0.0,36.0,36,36,0.0085,0.0023,0.0002,0.0014,0.0,0.0,0.0,0.0026,0.0153
schedule-probschedule-4-0,0,True,1,5,15,29,0,24,0,0,0,0,0,0,0,,0.0,4.0,4,4,0.0055,0.0001,0.0,0.0011,0.0,0.0,0.0,0.0021,0.0092
schedule-probschedule-4-1,0,True,1,4,16,30,0,25,0,0,0,0,0,0,0,,0.0,4.0,4,4,0.0054,0.0001,0.0,0.0011,0.0,0.0,0.0,0.0022,0.0093
schedule-probschedule-4-2,0,True,0,3,13,26,0,22,0,0,0,0,0,0,0,,0.0,4.0,4,4,0.0248,0.0001,0.0,0.0013,0.0,0.0,0.0,0.0021,0.0287
schedule-probschedule-40-0,0,True,5,29,149,269,0,225,0,0,0,0,0,0,0,,0.0,39.0,39,39,0.0137,0.0024,0.0001,0.0009,0.0,0.0,0.0,0.0027,0.0203
schedule-probschedule-40-1,0,True,4,30,142,258,0,216,0,0,0,0,0,0,0,,0.0,38.0,38,38,0.0139,0.0023,0.0001,0.0014,0.0,0.0,0.0,0.0027,0.0209
schedule-probschedule-40-2,0,True,2,31,137,252,0,210,0,0,0,0,0,0,0,,0.0,40.0,40,40,0.0142,0.0025,0.0002,0.0011,0.0,0.0,0.0,0.0026,0.021
schedule-probschedule-41-0,0,True,5,37,145,272,0,227,0,0,0,0,0,0,0,,0.0,40.0,40,40,0.0146,0.0027,0.0002,0.0012,0.0,0.0,0.0,0.0027,0.0218
schedule-probschedule-41-1,0,True,3,28,148,266,0,222,0,0,0,0,0,0,0,,0.0,41.0,41,41,0.0142,0.0024,0.0002,0.0013,0.0,0.0,0.0,0.0027,0.0212
schedule-probschedule-41-2,0,True,6,35,153,284,0,237,0,0,0,0,0,0,0,,0.0,41.0,41,41,0.014,0.0027,0.0002,0.001,0.0,0.0,0.0,0.0027,0.021
schedule-probschedule-42-0,0,True,5,29,155,282,0,237,0,0,0,0,0,0,0,,0.0,40.0,40,40,0.0144,0.0026,0.0002,0.0011,0.0,0.0,0.0,0.0027,0.0215
schedule-probschedule-42-1,0,True,3,38,142,267,0,222,0,0,0,0,0,0,0,,0.0,42.0,42,42,0.0145,0.0026,0.0002,0.0014,0.0,0.0,0.0,0.0026,0.0217
schedule-probschedule-42-2,0,True,8,38,158,290,0,242,0,0,0,0,0,0,0,,0.0,40.0,40,40,0.0178,0.0027,0.0002,0.0013,0.0,0.0,0.0,0.0027,0.0251
schedule-probschedule-43-0,0,True,4,35,151,277,0,231,0,0,0,0,0,0,0,,0.0,42.0,42,42,0.0132,0.0029,0.0002,0.0013,0.0,0.0,0.0,0.0028,0.0208
schedule-probschedule-43-1,0,True,6,39,155,284,0,236,0,0,0,0,0,0,0,,0.0,42.0,42,42,0.0141,0.0027,0.0002,0.0013,0.0,0.0,0.0,0.0027,0.0215
schedule-probschedule-43-2,0,True,2,29,149,269,0,225,0,0,0,0,0,0,0,,0.0,42.0,42,42,0.0317,0.0026,0.0002,0.0013,0.0,0.0,0.0,0.0027,0.0388
schedule-probschedule-44-0,0,True,5,35,155,284,0,238,0,0,0,0,0,0,0,,0.0,41.0,41,41,0.0146,0.0031,0.0002,0.0011,0.0,0.0,0.0,0.0027,0.022
schedule-probschedule-44-1,0,True,4,38,152,283,0,236,0,0,0,0,0,0,0,,0.0,43.0,43,43,0.014,0.003,0.0002,0.0011,0.0,0.0,0.0,0.0026,0.0215
schedule-probschedule-44-2,0,True,8,41,161,293,0,244,0,0,0,0,0,0,0,,0.0,41.0,41,41,0.0147,0.003,0.0002,0.0011,0.0,0.0,0.0,0.0028,0.0222
schedule-probschedule-45-0,0,True,6,38,166,304,0,253,0,0,0,0,0,0,0,,0.0,45.0,45,45,0.0145,0.0032,0.0002,0.0011,0.0,0.0,0.0,0.0027,0.0221
schedule-probschedule-45-1,0,True,6,39,161,295,0,246,0,0,0,0,0,0,0,,0.0,43.0,43,43,0.0152,0.0032,0.0002,0.0013,0.0,0.0,0.0,0.0028,0.0231
schedule-probschedule-45-2,0,True,7,38,164,296,0,247,0,0,0,0,0,0,0,,0.0,42.0,42,42,0.0154,0.0031,0.0002,0.0011,0.0,0.0,0.0,0.0028,0.0232
schedule-probschedule-46-0,0,True,5,39,163,301,0,251,0,0,0,0,0,0,0,,0.0,45.0,45,45,0.0157,0.0033,0.0002,0.001,0.0,0.0,0.0,0.0027,0.0233
schedule-probschedule-46-1,0,True,6,40,166,302,0,251,0,0,0,0,0,0,0,,0.0,45.0,45,45,0.015,0.0032,0.0002,0.0011,0.0,0.0,0.0,0.0027,0.0227
schedule-probschedule-46-2,0,True,6,37,165,299,0,250,0,0,0,0,0,0,0,,0.0,43.0,43,43,0.0152,0.0032,0.0002,0.0011,0.0,0.0,0.0,0.0027,0.0229
schedule-probschedule-47-0,0,True,3,35,163,302,0,253,0,0,0,0,0,0,0,,0.0,46.0,46,46,0.0172,0.0033,0.0002,0.0019,0.0,0.0,0.0,0.0027,0.0258
schedule-probschedule-47-1,0,True,5,43,161,301,0,251,0,0,0,0,0,0,0,,0.0,45.0,45,45,0.0165,0.0034,0.0003,0.0016,0.0,0.0,0.0,0.0027,0.0249
schedule-probschedule-47-2,0,True,8,43,171,312,0,260,0,0,0,0,0,0,0,,0.0,44.0,44,44,0.0156,0.0034,0.0003,0.0015,0.0,0.0,0.0,0.0028,0.024
schedule-probschedule-48-0,0,True,5,38,172,314,0,262,0,0,0,0,0,0,0,,0.0,47.0,47,47,0.0172,0.0032,0.0003,0.0018,0.0,0.0,0.0,0.0028,0.0257
schedule-probschedule-48-1,0,True,10,44,178,325,0,272,0,0,0,0,0,0,0,,0.0,43.0,43,43,0.0168,0.0034,0.0003,0.002,0.0,0.0,0.0,0.0028,0.0256
schedule-probschedule-48-2,0,True,7,41,179,325,0,270,0,0,0,0,0,0,0,,0.0,48.0,48,48,0.0161,0.0033,0.0003,0.0023,0.0,0.0,0.0,0.0027,0.0251
schedule-probschedule-49-0,0,True,12,48,188,344,0,287,0,0,0,0,0,0,0,,0.0,45.0,45,45,0.0168,0.0036,0.0003,0.0014,0.0,0.0,0.0,0.0029,0.0254
schedule-probschedule-49-1,0,True,6,41,177,324,0,270,0,0,0,0,0,0,0,,0.0,48.0,48,48,0.0175,0.0034,0.0003,0.002,0.0,0.0,0.0,0.0027,0.0264
schedule-probschedule-49-2,0,True,8,40,186,339,0,283,0,0,0,0,0,0,0,,0.0,48.0,48,48,0.0166,0.0035,0.0003,0.0015,0.0,0.0,0.0,0.0027,0.0251
schedule-probschedule-5-0,0,True,1,4,18,34,0,29,0,0,0,0,0,0,0,,0.0,4.0,4,4,0.0047,0.0001,0.0,0.001,0.0,0.0,0.0,0.0022,0.0085
schedule-probschedule-5-1,0,True,2,7,21,40,0,33,0,0,0,0,0,0,0,,0.0,5.0,5,5,0.0053,0.0001,0.0,0.0012,0.0,0.0,0.0,0.0023,0.0093
schedule-probschedule-5-2,0,True,1,5,19,36,0,30,0,0,0,0,0,0,0,,0.0,5.0,5,5,0.0052,0.0001,0.0,0.0011,0.0,0.0,0.0,0.0022,0.009
schedule-probschedule-50-0,0,True,5,36,178,322,0,270,0,0,0,0,0,0,0,,0.0,47.0,47,47,0.0172,0.0037,0.0002,0.0013,0.0,0.0,0.0,0.0027,0.0256
schedule-probschedule-50-1,0,True,3,41,167,308,0,257,0,0,0,0,0,0,0,,0.0,48.0,48,48,0.0176,0.0036,0.0003,0.0015,0.0,0.0,0.0,0.0027,0.0262
schedule-probschedule-50-2,0,True,6,41,181,330,0,275,0,0,0,0,0,0,0,,0.0,49.0,49,49,0.0174,0.0037,0.0002,0.0011,0.0,0.0,0.0,0.0027,0.0255
schedule-probschedule-51-0,0,True,7,43,185,339,0,283,0,0,0,0,0,0,0,,0.0,49.0,49,49,0.018,0.0039,0.0003,0.0014,0.0,0.0,0.0,0.0028,0.0268
schedule-probschedule-51-1,0,True,13,51,197,359,0,299,0,0,0,0,0,0,0,,0.0,47.0,47,47,0.0178,0.0041,0.0003,0.0011,0.0,0.0,0.0,0.003,0.0268
schedule-probschedule-51-2,0,True,8,46,184,339,0,283,0,0,0,0,0,0,0,,0.0,48.0,48,48,0.0172,0.004,0.0004,0.0011,0.0,0.0,0.0,0.0028,0.0259
schedule-probschedule-6-0,0,True,1,5,23,43,0,36,0,0,0,0,0,0,0,,0.0,6.0,6,6,0.0052,0.0002,0.0,0.0009,0.0,0.0,0.0,0.0022,0.0088
schedule-probschedule-6-1,0,True,1,6,22,42,0,35,0,0,0,0,0,0,0,,0.0,6.0,6,6,0.0051,0.0002,0.0,0.0012,0.0,0.0,0.0,0.0022,0.009
schedule-probschedule-6-2,0,True,2,6,22,41,0,35,0,0,0,0,0,0,0,,0.0,4.0,4,4,0.0053,0.0002,0.0,0.0009,0.0,0.0,0.0,0.0021,0.009
schedule-probschedule-7-0,0,True,2,7,27,51,0,43,0,0,0,0,0,0,0,,0.0,6.0,6,6,0.0057,0.0002,0.0,0.0013,0.0,0.0,0.0,0.0022,0.0097
schedule-probschedule-7-1,0,True,1,7,25,48,0,40,0,0,0,0,0,0,0,,0.0,7.0,7,7,0.0052,0.0002,0.0,0.0013,0.0,0.0,0.0,0.0022,0.0096
schedule-probschedule-7-2,0,True,0,6,22,43,0,36,0,0,0,0,0,0,0,,0.0,7.0,7,7,0.0058,0.0002,0.0,0.0009,0.0,0.0,0.0,0.0021,0.0095
schedule-probschedule-8-0,0,True,1,7,29,56,0,47,0,0,0,0,0,0,0,,0.0,8.0,8,8,0.0051,0.0003,0.0,0.0009,0.0,0.0,0.0,0.0022,0.0089
schedule-probschedule-8-1,0,True,1,6,30,56,0,47,0,0,0,0,0,0,0,,0.0,8.0,8,8,0.0058,0.0002,0.0,0.0014,0.0,0.0,0.0,0.0022,0.0101
schedule-probschedule-8-2,0,True,0,6,26,50,0,42,0,0,0,0,0,0,0,,0.0,8.0,8,8,0.0054,0.0002,0.0,0.0011,0.0,0.0,0.0,0.0021,0.0093
schedule-probschedule-9-0,0,True,0,8,28,55,0,46,0,0,0,0,0,0,0,,0.0,9.0,9,9,0.0063,0.0003,0.0,0.0012,0.0,0.0,0.0,0.0022,0.0103
schedule-probschedule-9-1,0,True,1,7,31,59,0,50,0,0,0,0,0,0,0,,0.0,8.0,8,8,0.0242,0.0003,0.0,0.0014,0.0,0.0,0.0,0.0022,0.0285
schedule-probschedule-9-2,0,True,0,5,31,59,0,50,0,0,0,0,0,0,0,,0.0,9.0,9,9,0.0057,0.0003,0.0,0.0011,0.0,0.0,0.0,0.0022,0.0097
snake-opt18-strips-p01,0,True,139,5912,16828,22900,0,28208,0,16,0,0,17,0,0,,0.0,9.0,10,9,0.0439,0.0636,0.0305,0.0201,0.0,0.1464,0.0,3.8888,4.0499
snake-opt18-strips-p02,0,True,148,6356,18621,25145,0,30919,0,146,0,0,146,0,331,,0.0,9.0,9,9,0.0466,0.0843,0.0243,0.02,0.0,3.0278,0.0,26.4745,26.652
snake-opt18-strips-p03,0,True,152,6340,18601,25116,0,31128,0,10,0,0,11,0,0,,0.0,8.0,9,8,0.0503,0.0733,0.0243,0.0203,0.0,0.0798,0.0,5.0074,5.1776
snake-opt18-strips-p04,0,True,126,5891,16277,22314,0,27108,0,47,0,0,47,0,0,,0.0,9.0,9,9,0.0406,0.0576,0.0223,0.0189,0.0,0.4784,0.0,4.9916,5.1334
snake-opt18-strips-p05,0,True,130,5756,16010,21919,0,26831,0,0,0,0,0,0,0,,0.0,6.0,6,6,0.0419,0.0588,0.008,0.0172,0.0,0.0,0.0,0.4731,0.6009
snake-opt18-strips-p06,0,True,176,9446,27281,36923,0,45013,0,6,0,0,6,0,0,,0.0,8.0,8,8,0.0677,0.1221,0.0278,0.031,0.0,0.048,0.0,9.3889,9.6418
snake-opt18-strips-p07,0,True,184,9703,28598,38505,0,47062,0,15,0,0,15,0,0,,0.0,9.0,9,9,0.0711,0.1354,0.0361,0.033,0.0,0.5243,0.0,6.8266,7.105
snake-opt18-strips-p08,0,True,196,10117,30456,40786,0,50113,0,6,0,0,6,0,0,,0.0,8.0,8,8,0.0719,0.17,0.0453,0.0358,0.0,0.279,0.0,18.0808,18.4068
snake-opt18-strips-p09,0,True,158,8920,25231,34329,0,41508,0,108,0,0,108,0,437,,0.0,12.0,12,12,0.063,0.1062,0.0683,0.0322,0.0,5.8883,0.0,121.8515,122.1245
snake-opt18-strips-p10,0,True,166,9269,26422,35877,0,43424,0,15,0,0,15,0,0,,0.0,9.0,9,9,0.063,0.126,0.0392,0.0335,0.0,0.618,0.0,11.32,11.5845
snake-opt18-strips-p11,0,True,206,14084,40620,54930,0,66182,0,62,0,0,62,0,1569,,0.0,12.0,12,12,0.0933,0.234,0.0942,0.0504,0.0,3.045,0.0,121.8251,122.3013
snake-opt18-strips-p12,0,True,218,14218,41632,56088,0,68075,0,93,0,0,93,0,375,,0.0,10.0,10,10,0.1049,0.2546,0.0734,0.052,0.0,7.7302,0.0,271.0991,271.5878
snake-opt18-strips-p13,0,True,228,14837,43902,58987,0,71811,0,200,0,0,200,0,1332,,0.0,11.0,11,11,0.1111,0.2356,0.0759,0.0559,0.0,45.118,0.0,436.1734,436.6558
snake-opt18-strips-p14,2,True,238,15069,45462,60792,0,74545,0,266,0,0,266,0,1562,,0.0,11.0,19,19,0.1236,0.2403,0.2449,0.0593,0.0,44.3164,0.0,899.3976,900.0729
snake-opt18-strips-p15,0,True,196,13622,38855,52693,0,63422,0,0,0,0,0,0,0,,0.0,7.0,7,7,0.0964,0.2093,0.0418,0.0518,0.0,0.0,0.0,6.5462,6.9521
snake-opt18-strips-p16,2,True,246,19471,56383,76123,0,91888,0,64,0,0,64,0,128,,0.0,10.056,13,13,0.1501,0.3344,0.1771,0.0753,0.0,25.0723,0.0,899.3348,900.0806
snake-opt18-strips-p17,2,True,260,20392,60025,80697,0,97542,0,302,0,0,302,0,229,,0.0,11.0,13,13,0.1543,0.3523,0.1841,0.0832,0.0,85.2381,0.0,899.3011,900.0827
snake-opt18-strips-p18,2,True,274,21201,63523,85015,0,102924,0,68,0,0,68,0,103,,0.0,8.0,12,12,0.1654,0.4712,0.1504,0.0872,0.0,22.25,0.0,899.1985,900.0823
snake-opt18-strips-p19,0,True,286,21710,65694,87710,0,106981,0,103,0,0,103,0,385,,0.0,10.0,10,10,0.1806,0.3943,0.1104,0.0918,0.0,30.125,0.0,147.6809,148.4649
snake-opt18-strips-p20,0,True,234,19439,55730,75423,0,90467,0,12,0,0,12,0,0,,0.0,9.0,9,9,0.1388,0.3274,0.1022,0.0806,0.0,2.479,0.0,19.3587,20.0176
snake-sat18-strips-p01,2,True,206,13963,40280,54469,0,65674,0,361,0,0,361,0,1225,,0.0,9.3,15,15,0.0987,0.1942,0.1566,0.0484,0.0,120.1382,0.0,899.5629,900.0668
snake-sat18-strips-p02,0,True,218,14353,42130,56721,0,68791,0,138,0,0,139,0,1417,,0.0,10.0,11,10,0.1244,0.2368,0.1026,0.0525,0.0,14.6386,0.0,746.6878,747.2079
snake-sat18-strips-p03,2,True,230,14830,44107,59184,0,72061,0,112,0,0,112,0,148,,0.0,9.0,12,12,0.1306,0.2678,0.121,0.0555,0.0,17.6099,0.0,899.5012,900.0821
snake-sat18-strips-p04,2,True,240,15387,46402,62049,0,75905,0,287,0,0,287,0,1008,,0.0,9.5,13,13,0.1386,0.2631,0.1335,0.0603,0.0,46.9386,0.0,899.4879,900.0908
snake-sat18-strips-p05,2,True,196,13612,38623,52451,0,63179,0,211,0,0,211,0,3547,,0.0,11.0,11,11,0.1008,0.2142,0.0883,0.0454,0.0,18.3069,0.0,899.5807,900.0365
snake-sat18-strips-p06,2,True,280,27444,79760,107504,0,128454,0,1108,0,0,1108,0,1295,,0.0,10.429,17,17,0.2063,0.5319,0.4549,0.1623,0.0,479.7452,0.0,898.7189,900.0896
snake-sat18-strips-p07,2,True,292,27512,79995,107822,0,129691,0,719,0,0,719,0,1298,,0.0,10.667,15,15,0.2365,0.5723,0.3702,0.1377,0.0,264.137,0.0,899.042,900.369
snake-sat18-strips-p08,2,True,310,28812,85174,114316,0,137738,0,321,0,0,321,0,416,,0.0,8.0,11,11,0.253,0.6447,0.2439,0.1496,0.0,129.6518,0.0,898.8133,900.1167
snake-sat18-strips-p09,2,True,326,29514,88542,118399,0,143315,0,110,0,0,110,0,90,,0.0,9.0,12,12,0.2736,0.7302,0.3381,0.188,0.0,88.1799,0.0,899.0162,900.5567
snake-sat18-strips-p10,2,True,338,30553,92822,123733,0,150174,0,132,0,0,132,0,115,,0.0,11.0,16,16,0.295,0.778,0.504,0.2066,0.0,58.4308,0.0,898.2967,900.094
snake-sat18-strips-p11,2,True,378,49258,144070,193726,0,230925,0,219,0,0,219,0,143,,0.0,8.333,13,13,0.4443,1.475,0.7274,0.3527,0.0,197.2958,0.0,897.0861,900.1185
snake-sat18-strips-p12,2,True,398,50658,149469,200545,0,239835,0,25,0,0,25,0,38,,0.0,9.167,13,13,0.4786,1.4032,0.9526,0.3282,0.0,68.6205,0.0,897.9081,901.0912
snake-sat18-strips-p13,2,True,416,51540,154046,206022,0,247098,0,90,0,0,90,0,103,,0.0,10.0,13,13,0.5,1.6865,0.9762,0.2962,0.0,102.0713,0.0,896.6767,900.1639
snake-sat18-strips-p14,2,True,438,53433,161546,215434,0,259270,0,9,0,0,9,0,0,,0.0,9.0,13,13,0.5874,1.9035,0.779,0.3282,0.0,22.7255,0.0,896.5686,900.1832
snake-sat18-strips-p15,2,True,456,55455,169866,225797,0,272588,0,14,0,0,14,0,0,,0.0,9.0,16,16,0.5924,1.8105,1.0287,0.3573,0.0,66.8508,0.0,896.2844,900.0909
snake-sat18-strips-p16,2,True,490,82180,242056,324746,0,385644,0,12,0,0,12,0,12,,0.0,11.4,16,16,0.8227,3.054,2.6993,0.808,0.0,105.0242,0.0,892.9802,900.4048
snake-sat18-strips-p17,2,True,514,83670,248260,332464,0,396476,0,10,0,0,10,0,0,,0.0,10.0,12,12,0.87,4.395,1.707,0.717,0.0,85.2071,0.0,908.5927,916.3094
snake-sat18-strips-p18,2,True,538,85556,256749,342863,0,410444,0,12,0,0,12,0,8,,0.0,10.0,16,16,0.9324,3.3422,2.889,0.7767,0.0,50.8079,0.0,896.2271,904.2043
snake-sat18-strips-p19,2,True,562,88245,267614,356441,0,428218,0,5,0,0,5,0,0,,0.0,10.0,19,19,1.0117,3.5092,3.2259,0.815,0.0,34.6054,0.0,891.5223,900.1097
snake-sat18-strips-p20,2,True,584,90765,278204,369576,0,445509,0,6,0,0,6,0,0,,0.0,10.0,21,21,1.104,3.7542,4.9627,0.9071,0.0,55.0189,0.0,889.5557,900.3167
sokoban-opt08-strips-p01,0,False,24,69,138,270,0,343,0,0,0,0,0,0,0,,0.0,10.0,10,10,0.0288,0.0005,0.0001,0.0026,0.0,0.0,0.0,0.0036,0.036
sokoban-opt08-strips-p02,0,False,25,57,103,207,0,271,0,0,0,0,0,0,0,,0.0,9.0,9,9,0.0051,0.0004,0.0001,0.0013,0.0,0.0,0.0,0.0055,0.0127
sokoban-opt08-strips-p03,0,False,21,41,73,154,0,195,0,0,0,0,0,0,0,,0.0,3.0,3,3,0.0217,0.0003,0.0,0.0017,0.0,0.0,0.0,0.0046,0.0288
sokoban-opt08-strips-p04,0,False,43,118,236,457,0,630,0,2,0,0,2,0,0,,0.0,25.0,25,25,0.0057,0.0012,0.0002,0.0017,0.0,0.0001,0.0,0.0078,0.0171
sokoban-opt08-strips-p05,0,False,283,762,1476,2538,0,3704,0,0,0,0,0,0,0,,0.0,8.0,8,8,0.0127,0.013,0.0042,0.0036,0.0,0.0,0.0,0.0446,0.0787
sokoban-opt08-strips-p06,0,False,31,60,96,201,0,264,0,0,0,0,0,0,0,,0.0,2.0,2,2,0.0063,0.0005,0.0001,0.0013,0.0,0.0,0.0,0.0053,0.0139
sokoban-opt08-strips-p07,0,False,89,167,274,553,0,707,0,0,0,0,0,0,0,,0.0,7.0,7,7,0.0078,0.0018,0.0002,0.0016,0.0,0.0,0.0,0.0104,0.0222
sokoban-opt08-strips-p08,0,False,59,141,256,485,0,677,0,3,0,0,3,0,0,,0.0,13.0,13,13,0.0071,0.0015,0.0003,0.0015,0.0,0.0001,0.0,0.0101,0.021
sokoban-opt08-strips-p09,0,False,58,95,159,344,0,457,0,0,0,0,0,0,0,,0.0,5.0,5,5,0.0069,0.0014,0.0001,0.0017,0.0,0.0,0.0,0.0068,0.0173
sokoban-opt08-strips-p10,0,False,47,108,195,388,0,534,0,1,0,0,1,0,0,,0.0,10.0,10,10,0.0063,0.0011,0.0002,0.0014,0.0,0.0,0.0,0.0077,0.0172
sokoban-opt08-strips-p11,0,False,79,172,300,611,0,794,0,0,0,0,0,0,0,,0.0,16.0,16,16,0.0072,0.002,0.0003,0.0018,0.0,0.0,0.0,0.0098,0.0216
sokoban-opt08-strips-p12,0,False,88,159,307,586,0,796,0,0,0,0,0,0,0,,0.0,8.0,8,8,0.0073,0.0021,0.0003,0.0017,0.0,0.0,0.0,0.0111,0.023
sokoban-opt08-strips-p13,0,False,80,152,296,553,0,757,0,0,0,0,0,0,0,,0.0,4.0,4,4,0.0063,0.0016,0.0002,0.0014,0.0,0.0,0.0,0.0061,0.016
sokoban-opt08-strips-p14,0,False,69,143,248,476,0,632,0,10,0,0,10,0,0,,0.0,11.0,11,11,0.006,0.0012,0.0002,0.0013,0.0,0.0004,0.0,0.0121,0.0213
sokoban-opt08-strips-p15,0,False,68,245,537,964,0,1381,0,14,0,0,15,0,0,,0.0,57.0,58,57,0.0252,0.0035,0.0009,0.0018,0.0,0.0025,0.0,0.0193,0.0515
sokoban-opt08-strips-p16,0,False,88,151,228,510,0,648,0,1,0,0,1,0,0,,0.0,16.0,16,16,0.0075,0.0019,0.0002,0.0016,0.0,0.0001,0.0,0.0093,0.0209
sokoban-opt08-strips-p17,0,False,48,76,134,278,0,360,0,0,0,0,0,0,0,,0.0,6.0,6,6,0.0057,0.0009,0.0001,0.0014,0.0,0.0,0.0,0.0066,0.0153
sokoban-opt08-strips-p18,0,False,93,182,307,636,0,839,0,0,0,0,0,0,0,,0.0,29.0,29,29,0.009,0.0027,0.0005,0.0021,0.0,0.0,0.0,0.0099,0.0246
sokoban-opt08-strips-p19,0,False,80,211,410,750,0,1057,0,0,0,0,0,0,0,,0.0,27.0,27,27,0.0069,0.0024,0.0005,0.0017,0.0,0.0,0.0,0.0124,0.0244
sokoban-opt08-strips-p20,0,False,225,440,466,1142,0,1172,0,0,0,0,0,0,0,,0.0,2.0,2,2,0.0088,0.0063,0.0003,0.0017,0.0,0.0,0.0,0.0082,0.0261
sokoban-opt08-strips-p21,0,False,386,1008,1892,3290,0,4922,0,0,0,0,0,0,0,,0.0,2.0,2,2,0.015,0.0231,0.0042,0.0043,0.0,0.0,0.0,0.0531,0.1004
sokoban-opt08-strips-p22,0,False,83,212,386,739,0,1010,0,15,0,0,16,0,0,,0.0,30.0,31,30,0.0252,0.003,0.0006,0.002,0.0,0.0013,0.0,0.0158,0.047
sokoban-opt08-strips-p23,0,False,83,220,485,827,0,1222,0,12,0,0,13,0,0,,0.0,15.0,16,15,0.0064,0.0024,0.0005,0.0018,0.0,0.0008,0.0,0.019,0.0307
sokoban-opt08-strips-p24,0,False,131,201,362,729,0,1023,0,0,0,0,0,0,0,,0.0,14.0,14,14,0.0108,0.0032,0.0006,0.0017,0.0,0.0,0.0,0.0132,0.03
sokoban-opt08-strips-p25,0,False,109,206,385,754,0,1039,0,13,0,0,14,0,0,,0.0,25.0,26,25,0.025,0.0034,0.0007,0.002,0.0,0.0013,0.0,0.0163,0.0477
sokoban-opt08-strips-p26,0,False,121,256,488,901,0,1288,0,31,0,0,33,0,0,,0.0,23.0,24,23,0.0076,0.0037,0.0009,0.0022,0.0,0.0028,0.0,0.0391,0.054
sokoban-opt08-strips-p27,0,False,203,311,524,1066,0,1551,0,1,0,0,1,0,0,,0.0,11.0,11,11,0.0296,0.0061,0.0012,0.0029,0.0,0.0002,0.0,0.0203,0.0607
sokoban-opt08-strips-p28,0,False,148,234,405,817,0,1131,0,63,0,0,63,0,1,,0.0,18.0,18,18,0.0265,0.0036,0.0006,0.0025,0.0,0.0075,0.0,0.0537,0.0875
sokoban-opt08-strips-p29,0,False,455,1078,1901,3459,0,5089,0,3,0,0,3,0,0,,0.0,15.0,15,15,0.0366,0.0342,0.0098,0.0054,0.0,0.0066,0.0,0.064,0.1507
sokoban-opt08-strips-p30,0,False,476,1352,2848,4701,0,7341,0,0,0,0,0,0,0,,0.0,12.0,12,12,0.0384,0.039,0.0124,0.0072,0.0,0.0,0.0,0.0722,0.17
sokoban-opt11-strips-p01,0,False,31,60,96,201,0,264,0,0,0,0,0,0,0,,0.0,2.0,2,2,0.0231,0.0005,0.0001,0.0012,0.0,0.0,0.0,0.0053,0.0306
sokoban-opt11-strips-p02,0,False,48,76,134,278,0,360,0,0,0,0,0,0,0,,0.0,6.0,6,6,0.0246,0.0009,0.0001,0.0026,0.0,0.0,0.0,0.0065,0.0353
sokoban-opt11-strips-p03,0,False,69,143,248,476,0,632,0,10,0,0,10,0,0,,0.0,11.0,11,11,0.4393,0.0022,0.0002,0.0818,0.0,0.0004,0.0,0.0658,0.5917
sokoban-opt11-strips-p04,0,False,43,118,236,457,0,630,0,2,0,0,2,0,0,,0.0,25.0,25,25,0.4417,0.002,0.0002,0.0518,0.0,0.0001,0.0,0.052,0.55
sokoban-opt11-strips-p05,0,False,88,151,228,510,0,648,0,1,0,0,1,0,0,,0.0,16.0,16,16,0.3931,0.0029,0.0002,0.0547,0.0,0.0001,0.0,0.2973,0.7529
sokoban-opt11-strips-p06,0,False,79,172,300,611,0,794,0,0,0,0,0,0,0,,0.0,16.0,16,16,0.3877,0.0028,0.0003,0.0622,0.0,0.0,0.0,0.0629,0.5187
sokoban-opt11-strips-p07,0,False,47,108,195,388,0,534,0,1,0,0,1,0,0,,0.0,10.0,10,10,0.4396,0.0021,0.0002,0.0806,0.0,0.0,0.0,0.0606,0.5875
sokoban-opt11-strips-p08,0,False,58,95,159,344,0,457,0,0,0,0,0,0,0,,0.0,5.0,5,5,0.434,0.0023,0.0001,0.057,0.0,0.0,0.0,0.0475,0.5435
sokoban-opt11-strips-p09,0,False,89,167,274,553,0,707,0,0,0,0,0,0,0,,0.0,7.0,7,7,0.0077,0.0018,0.0002,0.0013,0.0,0.0,0.0,0.0105,0.0219
sokoban-opt11-strips-p10,0,False,283,762,1476,2538,0,3704,0,0,0,0,0,0,0,,0.0,8.0,8,8,0.013,0.013,0.0042,0.0036,0.0,0.0,0.0,0.0451,0.0796
sokoban-opt11-strips-p11,0,False,80,152,296,553,0,757,0,0,0,0,0,0,0,,0.0,4.0,4,4,0.0066,0.0016,0.0002,0.0015,0.0,0.0,0.0,0.0062,0.0165
sokoban-opt11-strips-p12,0,False,225,440,466,1142,0,1172,0,0,0,0,0,0,0,,0.0,2.0,2,2,0.0095,0.0063,0.0004,0.0018,0.0,0.0,0.0,0.008,0.0267
sokoban-opt11-strips-p13,0,False,59,141,256,485,0,677,0,3,0,0,3,0,0,,0.0,13.0,13,13,0.0074,0.0016,0.0003,0.0016,0.0,0.0001,0.0,0.0101,0.0214
sokoban-opt11-strips-p14,0,False,88,159,307,586,0,796,0,0,0,0,0,0,0,,0.0,8.0,8,8,0.0074,0.0021,0.0003,0.0017,0.0,0.0,0.0,0.0112,0.0232
sokoban-opt11-strips-p15,0,False,93,182,307,636,0,839,0,0,0,0,0,0,0,,0.0,29.0,29,29,0.0077,0.0026,0.0005,0.0014,0.0,0.0,0.0,0.01,0.0228
sokoban-opt11-strips-p16,0,False,68,245,537,964,0,1381,0,14,0,0,15,0,0,,0.0,57.0,58,57,0.0064,0.0036,0.0009,0.0019,0.0,0.0025,0.0,0.0194,0.0327
sokoban-opt11-strips-p17,0,False,80,211,410,750,0,1057,0,0,0,0,0,0,0,,0.0,27.0,27,27,0.0069,0.0024,0.0005,0.0018,0.0,0.0,0.0,0.0123,0.0244
sokoban-opt11-strips-p18,0,False,386,1008,1892,3290,0,4922,0,0,0,0,0,0,0,,0.0,2.0,2,2,0.0321,0.023,0.0042,0.0045,0.0,0.0,0.0,0.0563,0.1208
sokoban-opt11-strips-p19,0,False,83,212,386,739,0,1010,0,15,0,0,16,0,0,,0.0,30.0,31,30,0.0074,0.0029,0.0006,0.0021,0.0,0.0013,0.0,0.0157,0.0292
sokoban-opt11-strips-p20,0,False,83,220,485,827,0,1222,0,12,0,0,13,0,0,,0.0,15.0,16,15,0.0088,0.0024,0.0005,0.0016,0.0,0.0008,0.0,0.0189,0.0329
sokoban-sat08-strips-p01,0,False,25,57,103,207,0,271,0,0,0,0,0,0,0,,0.0,9.0,9,9,0.0053,0.0004,0.0001,0.0014,0.0,0.0,0.0,0.0055,0.013
sokoban-sat08-strips-p02,0,False,43,118,236,457,0,630,0,2,0,0,2,0,0,,0.0,25.0,25,25,0.0033,0.0012,0.0002,0.0013,0.0,0.0001,0.0,0.0078,0.0144
sokoban-sat08-strips-p03,0,False,31,60,96,201,0,264,0,0,0,0,0,0,0,,0.0,2.0,2,2,0.006,0.0005,0.0001,0.001,0.0,0.0,0.0,0.0053,0.0133
sokoban-sat08-strips-p04,0,False,59,141,256,485,0,677,0,3,0,0,3,0,0,,0.0,13.0,13,13,0.0061,0.0015,0.0003,0.0014,0.0,0.0001,0.0,0.01,0.0199
sokoban-sat08-strips-p05,0,False,47,108,195,388,0,534,0,1,0,0,1,0,0,,0.0,10.0,10,10,0.0073,0.0011,0.0002,0.0015,0.0,0.0,0.0,0.0077,0.0182
sokoban-sat08-strips-p06,0,False,88,159,307,586,0,796,0,0,0,0,0,0,0,,0.0,8.0,8,8,0.0061,0.0021,0.0003,0.0015,0.0,0.0,0.0,0.0112,0.0217
sokoban-sat08-strips-p07,0,False,69,143,248,476,0,632,0,10,0,0,10,0,0,,0.0,11.0,11,11,0.0059,0.0012,0.0002,0.0012,0.0,0.0004,0.0,0.012,0.0211
sokoban-sat08-strips-p08,0,False,88,151,228,510,0,648,0,1,0,0,1,0,0,,0.0,16.0,16,16,0.0247,0.0019,0.0002,0.0016,0.0,0.0001,0.0,0.0093,0.0382
sokoban-sat08-strips-p09,0,False,93,182,307,636,0,839,0,0,0,0,0,0,0,,0.0,29.0,29,29,0.0088,0.0027,0.0005,0.0019,0.0,0.0,0.0,0.0101,0.0244
sokoban-sat08-strips-p10,0,False,225,440,466,1142,0,1172,0,0,0,0,0,0,0,,0.0,2.0,2,2,0.0103,0.0061,0.0003,0.0019,0.0,0.0,0.0,0.0081,0.0276
sokoban-sat08-strips-p11,0,False,386,1008,1892,3290,0,4922,0,0,0,0,0,0,0,,0.0,2.0,2,2,0.015,0.023,0.0042,0.0046,0.0,0.0,0.0,0.0535,0.1011
sokoban-sat08-strips-p12,0,False,83,212,386,739,0,1010,0,15,0,0,16,0,0,,0.0,30.0,31,30,0.0075,0.0029,0.0006,0.0017,0.0,0.0012,0.0,0.0157,0.0289
sokoban-sat08-strips-p13,0,False,83,220,485,827,0,1222,0,12,0,0,13,0,0,,0.0,15.0,16,15,0.0071,0.0024,0.0005,0.0017,0.0,0.0008,0.0,0.019,0.0313
sokoban-sat08-strips-p14,0,False,131,201,362,729,0,1023,0,0,0,0,0,0,0,,0.0,14.0,14,14,0.0067,0.0032,0.0006,0.0016,0.0,0.0,0.0,0.0135,0.0261
sokoban-sat08-strips-p15,0,False,109,206,385,754,0,1039,0,13,0,0,14,0,0,,0.0,25.0,26,25,0.0079,0.0033,0.0007,0.0017,0.0,0.0012,0.0,0.0161,0.0302
sokoban-sat08-strips-p16,0,False,121,256,488,901,0,1288,0,31,0,0,33,0,0,,0.0,23.0,24,23,0.0078,0.0037,0.0009,0.0019,0.0,0.0029,0.0,0.0394,0.0542
sokoban-sat08-strips-p17,0,False,203,311,524,1066,0,1551,0,1,0,0,1,0,0,,0.0,11.0,11,11,0.009,0.006,0.0012,0.0019,0.0,0.0002,0.0,0.0203,0.0389
sokoban-sat08-strips-p18,0,False,148,234,405,817,0,1131,0,63,0,0,63,0,1,,0.0,18.0,18,18,0.0075,0.0036,0.0006,0.0018,0.0,0.0069,0.0,0.0532,0.0674
sokoban-sat08-strips-p19,0,False,455,1078,1901,3459,0,5089,0,3,0,0,3,0,0,,0.0,15.0,15,15,0.0189,0.0332,0.0098,0.0052,0.0,0.0066,0.0,0.064,0.1319
sokoban-sat08-strips-p20,0,False,476,1352,2848,4701,0,7341,0,0,0,0,0,0,0,,0.0,12.0,12,12,0.0198,0.0391,0.0128,0.0068,0.0,0.0,0.0,0.0719,0.1512
sokoban-sat08-strips-p21,0,False,135,272,452,897,0,1205,0,15,0,0,15,0,0,,0.0,29.0,29,29,0.0094,0.0039,0.0007,0.0019,0.0,0.002,0.0,0.0393,0.0557
sokoban-sat08-strips-p22,0,False,142,241,445,871,0,1218,0,21,0,0,22,0,0,,0.0,21.0,22,21,0.0085,0.004,0.0013,0.0018,0.0,0.0025,0.0,0.0247,0.0408
sokoban-sat08-strips-p23,0,False,128,246,438,862,0,1155,0,7,0,0,8,0,0,,0.0,30.0,32,30,0.0071,0.0036,0.001,0.0018,0.0,0.0008,0.0,0.0171,0.0311
sokoban-sat08-strips-p24,0,False,124,201,345,723,0,978,0,1,0,0,1,0,0,,0.0,22.0,22,22,0.0077,0.0036,0.0008,0.0018,0.0,0.0001,0.0,0.0127,0.0271
sokoban-sat08-strips-p25,0,False,142,220,347,746,0,1041,0,1,0,0,1,0,0,,0.0,15.0,15,15,0.0082,0.004,0.001,0.0017,0.0,0.0001,0.0,0.0135,0.0289
sokoban-sat08-strips-p26,0,False,154,308,584,1109,0,1534,0,0,0,0,0,0,0,,0.0,32.0,32,32,0.0271,0.0057,0.0008,0.0023,0.0,0.0,0.0,0.0191,0.0556
sokoban-sat08-strips-p27,0,False,298,708,1306,2357,0,3407,0,0,0,0,0,0,0,,0.0,8.0,8,8,0.0141,0.0159,0.0017,0.0035,0.0,0.0,0.0,0.0353,0.0711
sokoban-sat08-strips-p28,0,False,137,371,774,1424,0,2000,0,0,0,0,0,0,0,,0.0,76.0,76,76,0.0089,0.0073,0.0031,0.0021,0.0,0.0,0.0,0.0188,0.0408
sokoban-sat08-strips-p29,0,False,123,218,454,853,0,1193,0,17,0,0,27,0,0,,0.0,22.0,24,22,0.0046,0.0038,0.001,0.0016,0.0,0.0018,0.0,0.0284,0.0399
sokoban-sat08-strips-p30,0,False,72,243,495,925,0,1265,0,11,0,0,12,0,0,,0.0,53.0,54,53,0.0061,0.0037,0.0008,0.0017,0.0,0.0019,0.0,0.0166,0.0294
sokoban-sat11-strips-p01,0,False,142,220,347,746,0,1041,0,1,0,0,1,0,0,,0.0,15.0,15,15,0.0092,0.0039,0.001,0.002,0.0,0.0001,0.0,0.0136,0.0303
sokoban-sat11-strips-p02,0,False,88,151,228,510,0,648,0,1,0,0,1,0,0,,0.0,16.0,16,16,0.004,0.0019,0.0002,0.0014,0.0,0.0001,0.0,0.0094,0.0174
sokoban-sat11-strips-p03,0,False,203,311,524,1066,0,1551,0,1,0,0,1,0,0,,0.0,11.0,11,11,0.0088,0.006,0.0012,0.0022,0.0,0.0002,0.0,0.0211,0.0399
sokoban-sat11-strips-p04,0,False,121,256,488,901,0,1288,0,31,0,0,33,0,0,,0.0,23.0,24,23,0.0074,0.0037,0.0009,0.0019,0.0,0.0028,0.0,0.0397,0.0541
sokoban-sat11-strips-p05,0,False,131,201,362,729,0,1023,0,0,0,0,0,0,0,,0.0,14.0,14,14,0.0079,0.0032,0.0006,0.0016,0.0,0.0,0.0,0.0133,0.0271
sokoban-sat11-strips-p06,0,False,83,212,386,739,0,1010,0,15,0,0,16,0,0,,0.0,30.0,31,30,0.0075,0.0029,0.0006,0.0016,0.0,0.0014,0.0,0.0161,0.0292
sokoban-sat11-strips-p07,0,False,83,220,485,827,0,1222,0,12,0,0,13,0,0,,0.0,15.0,16,15,0.0075,0.0024,0.0005,0.002,0.0,0.0008,0.0,0.0224,0.0354
sokoban-sat11-strips-p08,0,False,142,241,445,871,0,1218,0,21,0,0,22,0,0,,0.0,21.0,22,21,0.0095,0.004,0.0013,0.0026,0.0,0.0021,0.0,0.0243,0.0422
sokoban-sat11-strips-p09,0,False,225,440,466,1142,0,1172,0,0,0,0,0,0,0,,0.0,2.0,2,2,0.0114,0.0061,0.0003,0.0021,0.0,0.0,0.0,0.0082,0.0288
sokoban-sat11-strips-p10,0,False,128,246,438,862,0,1155,0,7,0,0,8,0,0,,0.0,30.0,32,30,0.0089,0.0036,0.0009,0.0019,0.0,0.0008,0.0,0.0171,0.033
sokoban-sat11-strips-p11,0,False,137,371,774,1424,0,2000,0,0,0,0,0,0,0,,0.0,76.0,76,76,0.0102,0.0076,0.0041,0.0025,0.0,0.0,0.0,0.0187,0.0437
sokoban-sat11-strips-p12,0,False,148,234,405,817,0,1131,0,63,0,0,63,0,1,,0.0,18.0,18,18,0.0089,0.0037,0.0006,0.0026,0.0,0.007,0.0,0.0534,0.0698
sokoban-sat11-strips-p13,0,False,298,708,1306,2357,0,3407,0,0,0,0,0,0,0,,0.0,8.0,8,8,0.0135,0.0159,0.0018,0.0034,0.0,0.0,0.0,0.036,0.0714
sokoban-sat11-strips-p14,0,False,124,201,345,723,0,978,0,1,0,0,1,0,0,,0.0,22.0,22,22,0.0082,0.0036,0.0008,0.0017,0.0,0.0001,0.0,0.0126,0.0274
sokoban-sat11-strips-p15,0,False,72,243,495,925,0,1265,0,11,0,0,12,0,0,,0.0,53.0,54,53,0.0081,0.0037,0.0008,0.0016,0.0,0.0019,0.0,0.0166,0.0388
sokoban-sat11-strips-p16,0,False,455,1078,1901,3459,0,5089,0,3,0,0,3,0,0,,0.0,15.0,15,15,0.0193,0.033,0.0098,0.005,0.0,0.0068,0.0,0.0641,0.1321
sokoban-sat11-strips-p17,0,False,154,308,584,1109,0,1534,0,0,0,0,0,0,0,,0.0,32.0,32,32,0.009,0.0057,0.001,0.0021,0.0,0.0,0.0,0.0188,0.0493
sokoban-sat11-strips-p18,0,False,123,218,454,853,0,1193,0,17,0,0,27,0,0,,0.0,22.0,24,22,0.0078,0.0038,0.0009,0.0016,0.0,0.0018,0.0,0.0338,0.0486
sokoban-sat11-strips-p19,0,False,109,206,385,754,0,1039,0,13,0,0,14,0,0,,0.0,25.0,26,25,0.0086,0.0033,0.0007,0.0017,0.0,0.0013,0.0,0.0161,0.045
sokoban-sat11-strips-p20,0,False,476,1352,2848,4701,0,7341,0,0,0,0,0,0,0,,0.0,12.0,12,12,0.0196,0.0399,0.0129,0.0073,0.0,0.0,0.0,0.072,0.1525
spider-opt18-strips-p01,0,False,171,1050,3075,4397,0,6160,0,0,0,0,0,0,0,,0.0,10.0,10,10,0.0286,0.042,0.0397,0.0051,0.0,0.0,0.0,0.0754,0.1918
spider-opt18-strips-p02,0,False,243,1437,3935,5746,0,8316,0,2,0,0,3,0,0,,0.0,13.0,15,13,0.0438,0.0783,0.0722,0.0074,0.0,0.0025,0.0,0.1159,0.3189
spider-opt18-strips-p03,0,False,397,2916,8519,11991,0,16394,0,0,0,0,1,0,0,,0.0,14.0,16,14,0.1097,0.2883,0.4107,0.0168,0.0,0.0,0.0,0.3361,1.1653
spider-opt18-strips-p04,0,False,485,3543,10037,14258,0,19839,0,70,0,0,790,0,720,,0.0,19.0,22,19,0.1497,0.4753,0.5984,0.0225,0.0,3.2808,0.0,4.3035,5.5518
spider-opt18-strips-p05,0,False,711,5570,15522,22030,0,31294,0,5,0,0,7,0,0,,0.0,21.0,24,21,0.3182,0.8592,2.0199,0.0421,0.0,0.2346,0.0,1.4378,4.6834
spider-opt18-strips-p06,0,False,967,8908,24677,34809,0,48037,0,220,0,0,221,0,1,,0.0,26.0,28,26,0.6347,1.8641,5.5285,0.0802,0.0,107.1299,0.0,111.5857,119.7014
spider-opt18-strips-p07,0,False,189,1058,3213,4550,0,6666,0,0,0,0,0,0,0,,0.0,9.0,9,9,0.03,0.0394,0.0499,0.0055,0.0,0.0,0.0,0.1158,0.2416
spider-opt18-strips-p08,0,False,260,1545,4539,6463,0,9394,0,16,0,0,20,0,0,,0.0,12.0,14,12,0.0438,0.082,0.107,0.0081,0.0,0.0958,0.0,0.3929,0.6352
spider-opt18-strips-p09,0,False,424,2810,8130,11511,0,16897,0,187,0,0,196,0,0,,0.0,16.0,17,16,0.1051,0.2472,0.5353,0.0168,0.0,5.6902,0.0,3.8421,4.7486
spider-opt18-strips-p10,0,False,508,3771,10468,14921,0,20803,0,11,0,0,15,0,0,,0.0,17.0,19,17,0.1478,0.4994,0.7225,0.0235,0.0,0.2149,0.0,1.2313,2.6272
spider-opt18-strips-p11,0,False,727,6088,17367,24383,0,33229,0,394,0,0,556,0,158,,0.0,19.0,22,19,0.3251,1.0492,2.1591,0.0469,0.0,104.1628,0.0,58.4454,62.0313
spider-opt18-strips-p12,0,False,1005,10481,30761,42477,0,56200,0,50,0,0,105,0,0,,0.0,23.0,30,23,0.6279,2.1277,4.9589,0.1003,0.0,12.5617,0.0,13.3023,21.126
spider-opt18-strips-p13,0,False,1129,11191,32256,44832,0,60754,0,581,0,0,584,0,25,,0.0,26.0,30,26,0.79,3.1211,8.3554,0.116,0.0,495.2937,0.0,232.7504,245.1432
spider-opt18-strips-p14,0,False,181,1080,3466,4817,0,6810,0,0,0,0,0,0,0,,0.0,6.0,6,6,0.0297,0.0367,0.0708,0.0058,0.0,0.0,0.0,0.0775,0.2215
spider-opt18-strips-p15,0,False,258,1287,3658,5324,0,8353,0,31,0,0,67,0,0,,0.0,13.0,14,13,0.0761,0.0732,0.0761,0.0075,0.0,0.0718,0.0,0.4843,0.7184
spider-opt18-strips-p16,0,False,417,3242,9684,13486,0,18578,0,4,0,0,6,0,0,,0.0,11.0,12,11,0.1299,0.2647,0.5091,0.0193,0.0,0.0421,0.0,1.3555,2.2806
spider-opt18-strips-p17,0,False,516,3381,9702,13774,0,20422,0,0,0,0,0,0,0,,0.0,19.0,19,19,0.145,0.3654,0.6718,0.0216,0.0,0.0,0.0,0.2334,1.4397
spider-opt18-strips-p18,0,False,736,6072,17127,24136,0,33851,0,7,0,0,7,0,0,,0.0,21.0,21,21,0.3241,0.9424,2.5077,0.0464,0.0,0.5216,0.0,2.4129,6.2391
spider-opt18-strips-p19,0,False,1005,10267,30029,41527,0,55650,0,17,0,0,22,0,0,,0.0,20.0,21,20,0.6303,2.2591,5.4122,0.097,0.0,4.9585,0.0,10.192,18.5993
spider-opt18-strips-p20,0,False,1138,10503,29734,41634,0,58493,0,23,0,0,24,0,0,,0.0,28.0,29,28,0.7918,2.8255,5.7694,0.1075,0.0,8.3881,0.0,14.6425,24.1469
spider-sat18-strips-p01,0,False,712,6267,17955,25155,0,34324,0,52,0,0,55,0,0,,0.0,20.0,21,20,0.3184,0.9931,2.0904,0.0484,0.0,5.4645,0.0,4.1473,7.6019
spider-sat18-strips-p02,0,False,960,9531,27519,38267,0,50923,0,778,0,0,9147,0,8367,,0.0,24.0,26,24,0.6417,2.6426,5.7542,0.0902,0.0,403.2542,0.0,242.185,251.323
spider-sat18-strips-p03,0,False,1099,9314,25643,36348,0,52170,0,371,0,0,1579,0,1203,,0.0,30.0,36,30,0.7767,2.7617,7.4894,0.0938,0.0,175.9511,0.0,131.5577,142.6883
spider-sat18-strips-p04,2,False,1412,15628,42473,59831,0,79719,0,651,0,0,652,0,0,,0.0,29.0,35,31,1.4443,6.033,14.6261,0.1857,0.0,901.7011,0.0,878.3341,900.6585
spider-sat18-strips-p05,0,False,1777,21977,59754,83856,0,111348,0,77,0,0,3083,0,3006,,0.0,31.0,41,31,2.4845,10.8529,30.657,0.3083,0.0,375.4004,0.0,554.6326,598.9565
spider-sat18-strips-p06,0,False,1942,23021,62847,88196,0,118159,0,18,0,0,1288,0,1235,,0.0,37.0,44,37,2.9634,12.0869,38.8166,0.342,0.0,27.5049,0.0,105.8606,160.0922
spider-sat18-strips-p07,0,False,507,3608,10669,14958,0,20916,0,72,0,0,620,0,548,,0.0,18.0,19,18,0.1447,0.3826,0.7005,0.0235,0.0,2.9366,0.0,5.2706,6.5266
spider-sat18-strips-p08,0,False,737,6760,18740,26432,0,35580,0,351,0,0,1411,0,1062,,0.0,19.0,20,19,0.319,1.0911,2.4707,0.05,0.0,68.9113,0.0,44.8551,48.7908
spider-sat18-strips-p09,0,False,996,10071,29664,40958,0,54356,0,977,0,0,1363,0,387,,0.0,22.0,26,22,0.6407,2.3896,5.9415,0.0979,0.0,1251.1252,0.0,888.7804,897.859
spider-sat18-strips-p10,0,False,1132,12257,34744,48385,0,64172,0,49,0,0,77,0,37,,0.0,23.0,28,23,1.0669,2.9186,7.9651,0.1238,0.0,21.4757,0.0,28.1757,40.2603
spider-sat18-strips-p11,0,False,1453,15760,45636,63135,0,84339,0,35,0,0,36,0,0,,0.0,31.0,36,31,1.4341,6.8364,14.4777,0.2076,0.0,8.5525,0.0,26.6303,49.6037
spider-sat18-strips-p12,0,False,1818,24712,72329,99170,0,127190,0,73,0,0,75,0,37,,0.0,31.0,40,31,2.5216,11.5951,52.6367,0.3727,0.0,111.6783,0.0,115.6159,182.7682
spider-sat18-strips-p13,2,False,1984,23506,67341,93168,0,123917,0,136,0,0,1414,0,1210,,0.0,33.0,38,33,2.9774,13.607,34.8279,0.3929,0.0,400.4259,0.0,848.5501,900.3923
spider-sat18-strips-p14,0,False,513,3726,10928,15341,0,21645,0,76,0,0,97,0,12,,0.0,18.0,20,18,0.1464,0.4606,0.6729,0.0244,0.0,2.8645,0.0,3.4626,4.7697
spider-sat18-strips-p15,0,False,735,6317,17913,25165,0,34418,0,0,0,0,0,0,0,,0.0,19.0,19,19,0.3179,1.0796,1.8503,0.0478,0.0,0.0,0.0,0.4212,3.7215
spider-sat18-strips-p16,0,False,997,9965,29293,40486,0,54084,0,0,0,0,0,0,0,,0.0,22.0,22,22,0.6412,2.3406,5.5154,0.0965,0.0,0.0,0.0,0.7531,9.3548
spider-sat18-strips-p17,0,False,1135,10942,31190,43527,0,60328,0,21,0,0,40,0,0,,0.0,26.0,29,26,0.7943,2.8341,6.2894,0.1152,0.0,10.7913,0.0,14.6242,24.667
spider-sat18-strips-p18,0,False,1454,16271,45101,63107,0,83648,0,49,0,0,53,0,0,,0.0,26.0,29,26,1.4417,5.6383,16.6176,0.1901,0.0,47.5538,0.0,53.0904,76.9952
spider-sat18-strips-p19,0,False,1819,22078,63634,87842,0,116410,0,0,0,0,0,0,0,,0.0,28.0,28,28,2.4713,10.2389,36.1401,0.3512,0.0,0.0,0.0,1.9042,51.1263
spider-sat18-strips-p20,0,False,1995,24390,69418,96140,0,127819,0,28,0,0,30,0,0,,0.0,33.0,34,33,2.9581,13.6957,43.0472,0.4014,0.0,70.4345,0.0,141.4351,201.5628
storage-p01,0,True,0,2,7,17,0,23,0,0,0,0,1,0,0,,0.0,3.0,3,3,0.0052,0.0,0.0,0.0013,0.0,0.0,0.0,0.0013,0.0081
storage-p02,0,True,8,12,20,44,0,57,0,0,0,0,0,0,0,,0.0,3.0,3,3,0.0047,0.0001,0.0,0.0012,0.0,0.0,0.0,0.0035,0.0098
storage-p03,0,True,16,27,42,89,0,114,0,0,0,0,0,0,0,,0.0,3.0,3,3,0.0045,0.0001,0.0,0.0012,0.0,0.0,0.0,0.0041,0.0104
storage-p04,0,True,2,9,16,38,0,43,0,0,0,0,0,0,0,,0.0,6.0,6,6,0.0056,0.0001,0.0,0.0011,0.0,0.0,0.0,0.0022,0.0093
storage-p05,0,True,24,68,105,202,0,244,0,0,0,0,0,0,0,,0.0,6.0,6,6,0.0056,0.0003,0.0,0.0009,0.0,0.0,0.0,0.0062,0.0135
storage-p06,0,True,31,101,153,290,0,352,0,0,0,0,0,0,0,,0.0,6.0,6,6,0.0054,0.0004,0.0001,0.0013,0.0,0.0,0.0,0.0078,0.0154
storage-p07,0,True,4,16,26,60,0,67,0,0,0,0,0,0,0,,0.0,10.0,10,10,0.0052,0.0002,0.0,0.0011,0.0,0.0,0.0,0.0034,0.0103
storage-p08,0,True,44,162,238,451,0,532,0,0,0,0,0,0,0,,0.0,8.0,8,8,0.006,0.0007,0.0001,0.0015,0.0,0.0,0.0,0.0105,0.0193
storage-p09,0,True,53,253,372,685,0,820,0,0,0,0,0,0,0,,0.0,7.0,7,7,0.0069,0.0011,0.0001,0.0017,0.0,0.0,0.0,0.0161,0.0265
storage-p10,0,True,6,24,37,84,0,90,0,0,0,0,0,0,0,,0.0,12.0,12,12,0.0061,0.0004,0.0,0.001,0.0,0.0,0.0,0.0035,0.0115
storage-p11,0,True,69,344,501,923,0,1084,0,0,0,0,0,0,0,,0.0,9.0,9,9,0.0105,0.0016,0.0002,0.003,0.0,0.0,0.0,0.0206,0.0364
storage-p12,0,True,82,478,699,1268,0,1499,0,0,0,0,0,0,0,,0.0,9.0,9,9,0.0093,0.0025,0.0003,0.0021,0.0,0.0,0.0,0.0303,0.0451
storage-p13,0,True,8,21,38,88,0,99,0,0,0,0,0,0,0,,0.0,12.0,12,12,0.0073,0.0005,0.0,0.0016,0.0,0.0,0.0,0.0025,0.0123
storage-p14,0,True,102,262,355,731,0,959,0,0,0,0,0,0,0,,0.0,13.0,13,13,0.0075,0.0023,0.0003,0.0019,0.0,0.0,0.0,0.0169,0.0294
storage-p15,0,True,117,383,509,1021,0,1378,0,0,0,0,0,0,0,,0.0,11.0,11,11,0.0094,0.0038,0.0004,0.0018,0.0,0.0,0.0,0.0235,0.0394
storage-p16,0,True,158,714,937,1823,0,2287,0,0,0,0,0,0,0,,0.0,13.0,13,13,0.0135,0.008,0.0007,0.0025,0.0,0.0,0.0,0.0419,0.0673
storage-p17,0,True,205,979,1280,2480,0,3135,0,0,0,0,0,0,0,,0.0,15.0,15,15,0.0168,0.0134,0.0013,0.0027,0.0,0.0,0.0,0.0628,0.0976
storage-p18,0,True,259,1388,1813,3478,0,4290,0,0,0,0,0,0,0,,0.0,18.0,18,18,0.0221,0.0213,0.0022,0.0045,0.0,0.0,0.0,0.0773,0.1281
storage-p19,0,True,317,1385,1742,3465,0,4447,0,0,0,0,0,0,0,,0.0,19.0,19,19,0.025,0.0318,0.0023,0.0044,0.0,0.0,0.0,0.0752,0.1395
storage-p20,0,True,381,1846,2302,4552,0,5779,0,0,0,0,0,0,0,,0.0,22.0,22,22,0.0315,0.0456,0.0036,0.0056,0.0,0.0,0.0,0.1017,0.1888
storage-p21,0,True,488,2668,3311,6492,0,8476,0,0,0,0,0,0,0,,0.0,24.0,24,24,0.0486,0.0863,0.0071,0.0083,0.0,0.0,0.0,0.1742,0.3255
storage-p22,0,True,567,3753,4648,8995,0,11261,0,0,0,0,0,0,0,,0.0,25.0,25,25,0.0636,0.1352,0.009,0.0112,0.0,0.0,0.0,0.2211,0.4414
storage-p23,0,True,654,3741,4550,8975,0,11686,0,0,0,0,0,0,0,,0.0,28.0,28,28,0.0781,0.1815,0.0122,0.012,0.0,0.0,0.0,0.2283,0.5134
storage-p24,0,True,745,3764,4551,9092,0,12237,0,0,0,0,0,0,0,,0.0,29.0,29,29,0.0875,0.2092,0.0138,0.0142,0.0,0.0,0.0,0.2569,0.5831
storage-p25,0,True,844,4785,5762,11425,0,14962,0,0,0,0,0,0,0,,0.0,33.0,33,33,0.1128,0.3035,0.0226,0.0172,0.0,0.0,0.0,0.2809,0.7387
storage-p26,0,True,995,7701,9166,17898,0,22654,0,0,0,0,0,0,0,,0.0,34.0,34,34,0.1879,0.4959,0.0283,0.0286,0.0,0.0,0.0,0.4973,1.2403
storage-p27,0,True,1110,8072,9632,18853,0,24403,0,0,0,0,0,0,0,,0.0,36.0,36,36,0.2213,0.6515,0.0392,0.0334,0.0,0.0,0.0,0.5332,1.4808
storage-p28,0,True,1229,8437,10016,19723,0,25953,0,0,0,0,0,0,0,,0.0,38.0,38,38,0.2509,0.7634,0.047,0.0365,0.0,0.0,0.0,0.6003,1.7007
storage-p29,0,True,1354,10309,12141,23847,0,30674,0,0,0,0,0,0,0,,0.0,40.0,40,40,0.316,1.0495,0.0564,0.0487,0.0,0.0,0.0,0.7695,2.2436
storage-p30,0,True,1484,11401,13360,26290,0,33677,0,0,0,0,0,0,0,,0.0,41.0,41,41,0.385,1.3259,0.0599,0.0545,0.0,0.0,0.0,0.8199,2.649
termes-opt18-strips-p01,0,True,41,107,107,259,0,363,0,3,0,0,3,0,0,,0.0,9.0,9,9,0.0063,0.0009,0.0001,0.001,0.0,0.0001,0.0,0.0292,0.038
termes-opt18-strips-p02,0,True,35,106,107,259,0,363,0,0,0,0,0,0,0,,0.0,11.0,11,11,0.0063,0.0008,0.0001,0.001,0.0,0.0,0.0,0.0063,0.015
termes-opt18-strips-p03,0,True,51,135,135,326,0,480,0,0,0,0,0,0,0,,0.0,10.0,10,10,0.0068,0.0012,0.0002,0.0018,0.0,0.0,0.0,0.0106,0.0211
termes-opt18-strips-p04,0,True,48,135,135,326,0,480,0,5,0,0,5,0,0,,0.0,16.0,16,16,0.0092,0.0012,0.0003,0.0015,0.0,0.0002,0.0,0.0235,0.0361
termes-opt18-strips-p05,0,True,61,163,163,393,0,597,0,0,0,0,3,0,0,,0.0,12.0,15,12,0.0075,0.0016,0.0003,0.0016,0.0,0.0001,0.0,0.0476,0.0591
termes-opt18-strips-p06,0,True,56,163,163,393,0,597,0,6,0,0,8,0,0,,0.0,18.0,20,18,0.0071,0.0016,0.0003,0.0016,0.0,0.0003,0.0,0.0246,0.0358
termes-opt18-strips-p07,0,True,65,190,191,460,0,714,0,0,0,0,1,0,0,,0.0,14.0,18,14,0.009,0.002,0.0004,0.0018,0.0,0.0,0.0,0.0126,0.0264
termes-opt18-strips-p08,0,True,63,190,191,460,0,714,0,0,0,0,2,0,0,,0.0,18.0,20,18,0.0098,0.0021,0.0004,0.0017,0.0,0.0001,0.0,0.0101,0.0246
termes-opt18-strips-p09,0,True,81,219,219,527,0,831,0,0,0,0,0,0,0,,0.0,16.0,16,16,0.0081,0.0027,0.0005,0.0015,0.0,0.0,0.0,0.0151,0.0285
termes-opt18-strips-p10,0,True,76,219,219,527,0,831,0,7,0,0,8,0,0,,0.0,18.0,24,18,0.0107,0.0027,0.0008,0.0014,0.0,0.0005,0.0,0.0139,0.0299
termes-opt18-strips-p11,0,True,35,107,107,259,0,363,0,0,0,0,1,0,0,,0.0,16.0,17,16,0.0069,0.0009,0.0001,0.0013,0.0,0.0,0.0,0.0093,0.019
termes-opt18-strips-p12,0,True,34,107,107,259,0,363,0,0,0,0,1,0,0,,0.0,14.0,15,14,0.0064,0.0009,0.0001,0.0013,0.0,0.0,0.0,0.0068,0.016
termes-opt18-strips-p13,0,True,42,135,135,326,0,480,0,0,0,0,0,0,0,,0.0,21.0,21,21,0.0063,0.0012,0.0002,0.0014,0.0,0.0,0.0,0.0078,0.0174
termes-opt18-strips-p14,0,True,41,135,135,326,0,480,0,4,0,0,5,0,0,,0.0,18.0,24,18,0.0082,0.0012,0.0003,0.0015,0.0,0.0002,0.0,0.0086,0.0202
termes-opt18-strips-p15,0,True,53,163,163,393,0,597,0,17,0,0,20,0,0,,0.0,23.0,25,23,0.0067,0.0016,0.0004,0.0012,0.0,0.0008,0.0,0.0556,0.066
termes-opt18-strips-p16,0,True,50,163,163,393,0,597,0,12,0,0,15,0,0,,0.0,26.0,31,26,0.0076,0.0016,0.0004,0.0012,0.0,0.0007,0.0,0.0399,0.0513
termes-opt18-strips-p17,0,True,29,117,117,279,0,389,0,9,0,0,11,0,0,,0.0,25.0,26,25,0.0074,0.0009,0.0002,0.0017,0.0,0.0003,0.0,0.0573,0.0681
termes-opt18-strips-p18,0,True,30,107,107,259,0,363,0,6,0,0,8,0,0,,0.0,21.0,22,21,0.0057,0.0008,0.0002,0.0011,0.0,0.0002,0.0,0.0396,0.048
termes-opt18-strips-p19,0,True,41,147,147,350,0,512,0,4,0,0,5,0,0,,0.0,19.0,22,19,0.0064,0.0013,0.0003,0.0015,0.0,0.0001,0.0,0.0089,0.0189
termes-opt18-strips-p20,0,True,37,135,135,326,0,480,0,1,0,0,2,0,0,,0.0,24.0,26,24,0.0067,0.0012,0.0003,0.0011,0.0,0.0001,0.0,0.008,0.0177
termes-sat18-strips-p01,0,True,69,205,205,486,0,710,0,0,0,0,2,0,0,,0.0,14.0,16,14,0.0082,0.0021,0.0004,0.0025,0.0,0.0001,0.0,0.0473,0.0611
termes-sat18-strips-p02,0,True,63,205,205,486,0,710,0,18,0,0,20,0,0,,0.0,22.0,25,22,0.008,0.0021,0.0004,0.0013,0.0,0.001,0.0,0.1169,0.1293
termes-sat18-strips-p03,0,True,79,247,247,585,0,881,0,0,0,0,2,0,0,,0.0,19.0,20,19,0.0089,0.0029,0.0006,0.0019,0.0,0.0001,0.0,0.0324,0.0472
termes-sat18-strips-p04,0,True,63,217,217,510,0,742,0,1,0,0,1,0,0,,0.0,23.0,23,23,0.0094,0.0022,0.0004,0.0011,0.0,0.0001,0.0,0.0121,0.0257
termes-sat18-strips-p05,0,True,76,247,247,585,0,881,0,29,0,0,31,0,0,,0.0,24.0,28,24,0.0093,0.0028,0.0006,0.0019,0.0,0.0019,0.0,0.0778,0.093
termes-sat18-strips-p06,0,True,94,289,289,684,0,1052,0,0,0,0,2,0,0,,0.0,25.0,28,25,0.0101,0.0039,0.0009,0.0019,0.0,0.0001,0.0,0.05,0.0673
termes-sat18-strips-p07,0,True,90,289,289,684,0,1052,0,12,0,0,16,0,0,,0.0,28.0,31,28,0.0095,0.0038,0.0008,0.0015,0.0,0.0011,0.0,0.0795,0.0957
termes-sat18-strips-p08,0,True,113,331,331,783,0,1223,0,21,0,0,22,0,0,,0.0,19.0,25,19,0.0122,0.0049,0.0014,0.0015,0.0,0.0024,0.0,0.119,0.1396
termes-sat18-strips-p09,0,True,119,372,373,882,0,1394,0,0,0,0,2,0,0,,0.0,18.0,24,18,0.0125,0.0056,0.0011,0.0021,0.0,0.0001,0.0,0.0169,0.0389
termes-sat18-strips-p10,0,True,141,415,415,981,0,1565,0,0,0,0,1,0,0,,0.0,20.0,27,20,0.0142,0.0069,0.0015,0.002,0.0,0.0,0.0,0.0252,0.0504
termes-sat18-strips-p11,0,True,50,215,215,503,0,642,0,187,0,0,190,0,296,,0.0,34.0,37,34,0.0091,0.0019,0.0007,0.0027,0.0,0.0097,0.0,0.1207,0.1357
termes-sat18-strips-p12,0,True,59,289,289,675,0,936,0,278,0,0,280,0,664,,0.0,51.0,54,51,0.0069,0.0032,0.0011,0.0015,0.0,0.0211,0.0,0.2679,0.2813
termes-sat18-strips-p13,0,True,68,363,363,847,0,1230,0,207,0,0,213,0,0,,0.0,66.0,75,66,0.0119,0.0049,0.0022,0.0014,0.0,0.0221,0.0,0.2982,0.3192
termes-sat18-strips-p14,0,True,77,437,437,1019,0,1524,0,341,0,0,343,0,1094,,0.0,81.0,96,81,0.0141,0.0071,0.0035,0.0017,0.0,0.0468,0.0,0.4105,0.4377
termes-sat18-strips-p15,0,True,86,511,511,1191,0,1818,0,369,0,0,371,0,933,,0.0,96.0,118,96,0.0152,0.0089,0.0049,0.0023,0.0,0.0637,0.0,0.5279,0.56
termes-sat18-strips-p16,0,True,40,219,219,515,0,715,0,10,0,0,10,0,0,,0.0,44.0,44,44,0.0085,0.0022,0.0006,0.0012,0.0,0.0006,0.0,0.0256,0.0388
termes-sat18-strips-p17,0,True,43,275,275,646,0,940,0,11,0,0,11,0,0,,0.0,60.0,60,60,0.0112,0.0032,0.0012,0.0018,0.0,0.0009,0.0,0.0328,0.0508
termes-sat18-strips-p18,0,True,76,437,437,1019,0,1524,0,18,0,0,19,0,0,,0.0,76.0,77,76,0.0146,0.0072,0.002,0.0018,0.0,0.003,0.0,0.0535,0.0798
termes-sat18-strips-p19,0,True,84,511,511,1191,0,1818,0,37,0,0,38,0,0,,0.0,92.0,93,92,0.0161,0.009,0.0034,0.0021,0.0,0.0082,0.0,0.1203,0.1516
termes-sat18-strips-p20,0,True,165,873,873,2019,0,3114,0,137,0,0,138,0,107,,0.0,118.0,120,118,0.0239,0.0229,0.0097,0.0027,0.0,0.0736,0.0,0.2781,0.3381
tetris-opt14-strips-p01-10,0,False,715,6434,6882,14044,0,14600,0,0,0,0,0,0,0,,0.0,16.0,16,16,0.1196,0.1913,0.0087,0.0168,0.0,0.0,0.0,0.1586,0.4969
tetris-opt14-strips-p01-6,0,False,401,3372,3570,7356,0,7756,0,0,0,0,0,0,0,,0.0,17.0,17,17,0.0473,0.0608,0.0036,0.0076,0.0,0.0,0.0,0.0868,0.2071
tetris-opt14-strips-p01-8,0,False,805,8765,9584,19166,0,19895,0,0,0,0,0,0,0,,0.0,17.0,17,17,0.157,0.2874,0.0117,0.0267,0.0,0.0,0.0,0.5533,1.0383
tetris-opt14-strips-p02-10,0,False,713,6367,6949,14044,0,14618,0,0,0,0,0,0,0,,0.0,19.0,19,19,0.1191,0.1951,0.01,0.018,0.0,0.0,0.0,0.3365,0.6805
tetris-opt14-strips-p02-4,0,False,200,1753,2086,4045,0,4273,0,0,0,0,0,0,0,,0.0,8.0,8,8,0.0228,0.0153,0.0009,0.0043,0.0,0.0,0.0,0.048,0.0937
tetris-opt14-strips-p02-6,0,False,579,6041,6760,13391,0,14139,0,0,0,0,0,0,0,,0.0,15.0,15,15,0.0923,0.1481,0.0077,0.0151,0.0,0.0,0.0,0.2018,0.4667
tetris-opt14-strips-p02-8,0,False,805,8786,9394,18999,0,19858,0,0,0,0,0,0,0,,0.0,19.0,19,19,0.1617,0.2812,0.0128,0.0261,0.0,0.0,0.0,0.2841,0.7683
tetris-opt14-strips-p03-10,0,False,1936,22500,23999,48455,0,50847,0,0,0,0,0,0,0,,0.0,27.0,27,27,0.7623,1.7704,0.0591,0.1233,0.0,0.0,0.0,1.2489,3.9689
tetris-opt14-strips-p03-4,0,False,152,1560,1857,3576,0,3814,0,0,0,0,0,0,0,,0.0,7.0,7,7,0.0201,0.0137,0.0011,0.0035,0.0,0.0,0.0,0.0458,0.085
tetris-opt14-strips-p03-6,0,False,327,3112,3507,6956,0,7308,0,0,0,0,0,0,0,,0.0,11.0,11,11,0.0439,0.0449,0.0032,0.0066,0.0,0.0,0.0,0.0781,0.1778
tetris-opt14-strips-p03-8,0,False,1407,16887,18110,36419,0,38405,0,0,0,0,0,0,0,,0.0,20.0,20,20,0.4505,1.0142,0.0316,0.0693,0.0,0.0,0.0,0.4916,2.0614
tetris-opt14-strips-p04-10,0,False,1880,18314,19473,39688,0,41819,0,0,0,0,0,0,0,,0.0,28.0,28,28,0.5544,1.3912,0.051,0.0979,0.0,0.0,0.0,0.5446,2.6434
tetris-opt14-strips-p04-6,0,False,402,3349,3761,7524,0,7964,0,0,0,0,0,0,0,,0.0,14.0,14,14,0.0463,0.0595,0.004,0.0076,0.0,0.0,0.0,0.0863,0.2051
tetris-opt14-strips-p04-8,0,False,1156,12978,13959,28111,0,29623,0,0,0,0,0,0,0,,0.0,25.0,25,25,0.3037,0.7109,0.0332,0.0455,0.0,0.0,0.0,0.7278,1.8245
tetris-opt14-strips-p05-10,0,False,1806,22189,23606,47617,0,49592,0,0,0,0,0,0,0,,0.0,23.0,23,23,0.7149,1.5748,0.0532,0.1111,0.0,0.0,0.0,0.764,3.2237
tetris-opt14-strips-p05-6,0,False,326,3165,3568,7068,0,7359,0,0,0,0,0,0,0,,0.0,12.0,12,12,0.0395,0.0473,0.0029,0.0064,0.0,0.0,0.0,0.153,0.2502
tetris-opt14-strips-p05-8,0,False,1407,16857,18347,36628,0,38971,0,0,0,0,0,0,0,,0.0,22.0,22,22,0.4624,1.0218,0.048,0.0665,0.0,0.0,0.0,0.8496,2.4539
tetris-sat14-strips-p020,0,False,844,6801,7353,15012,0,15539,0,0,0,0,0,0,0,,0.0,19.0,19,19,0.1187,0.2239,0.0079,0.021,0.0,0.0,0.0,0.3284,0.7018
tetris-sat14-strips-p021,0,False,2289,22653,23902,48869,0,51151,0,0,0,0,0,0,0,,0.0,35.0,35,35,0.8173,2.1053,0.0824,0.1391,0.0,0.0,0.0,1.2327,4.3819
tetris-sat14-strips-p022,0,False,1420,14823,15656,31917,0,33026,0,0,0,0,0,0,0,,0.0,24.0,24,24,0.4042,0.8351,0.0283,0.0615,0.0,0.0,0.0,0.8547,2.1876
tetris-sat14-strips-p023,0,False,1579,15306,16107,33013,0,34429,0,0,0,0,0,0,0,,0.0,28.0,28,28,0.4432,0.9894,0.0345,0.0706,0.0,0.0,0.0,0.7742,2.3158
tetris-sat14-strips-p024,0,False,1812,21049,22142,45024,0,46965,0,0,0,0,0,0,0,,0.0,28.0,28,28,0.731,1.5512,0.0536,0.1063,0.0,0.0,0.0,1.2059,3.6537
tetris-sat14-strips-p025,0,False,1028,8439,8785,18269,0,18918,0,0,0,0,0,0,0,,0.0,22.0,22,22,0.1826,0.3343,0.0164,0.0282,0.0,0.0,0.0,0.2367,0.8008
tetris-sat14-strips-p026,0,False,3308,40991,43497,87822,0,92715,0,0,0,0,0,0,0,,0.0,37.0,37,37,2.2437,6.5965,0.2109,0.2959,0.0,0.0,0.0,2.7533,12.1091
tetris-sat14-strips-p027,0,False,2917,34796,36717,74455,0,78591,0,0,0,0,0,0,0,,0.0,33.0,33,33,1.7086,4.5217,0.1612,0.2577,0.0,0.0,0.0,1.7996,8.4592
tetris-sat14-strips-p028,0,False,2524,28402,29967,60917,0,64015,0,0,0,0,0,0,0,,0.0,33.0,33,33,1.2134,2.8684,0.1003,0.1863,0.0,0.0,0.0,0.9185,5.2933
tetris-sat14-strips-p029,0,False,1188,8970,9420,19599,0,20506,0,0,0,0,0,0,0,,0.0,25.0,25,25,0.2207,0.452,0.0196,0.0346,0.0,0.0,0.0,0.2137,0.9428
tetris-sat14-strips-p031,0,False,4095,49568,51748,105440,0,110732,0,0,0,0,0,0,0,,0.0,41.0,41,41,3.2389,10.1939,0.3424,0.422,0.0,0.0,0.0,3.2533,17.4623
tetris-sat14-strips-p032,0,False,1678,17509,18649,37853,0,39143,0,0,0,0,0,0,0,,0.0,22.0,22,22,0.5599,1.149,0.047,0.0786,0.0,0.0,0.0,0.8016,2.6399
tetris-sat14-strips-p033,0,False,3819,42667,44871,91385,0,95996,0,0,0,0,0,0,0,,0.0,38.0,38,38,2.5006,8.3921,0.3456,0.3842,0.0,0.0,0.0,2.224,13.8566
tetris-sat14-strips-p034,0,False,3817,42660,44863,91368,0,95450,0,0,0,0,0,0,0,,0.0,39.0,39,39,2.4336,8.375,0.2492,0.3634,0.0,0.0,0.0,3.6174,15.0505
tetris-sat14-strips-p035,0,False,3906,48998,51020,103950,0,108099,0,0,0,0,0,0,0,,0.0,38.0,38,38,3.024,9.6857,0.2195,0.3941,0.0,0.0,0.0,3.8733,17.2079
tetris-sat14-strips-p036,0,False,3256,40807,42419,86503,0,89442,0,0,0,0,0,0,0,,0.0,29.0,29,29,2.1532,5.7644,0.1223,0.3038,0.0,0.0,0.0,1.4102,9.7623
tetris-sat14-strips-p037,0,False,1773,11994,12255,26048,0,27154,0,0,0,0,0,0,0,,0.0,34.0,34,34,0.3536,0.8667,0.038,0.0612,0.0,0.0,0.0,0.2878,1.61
tetris-sat14-strips-p038,0,False,2980,33929,35472,72405,0,75435,0,0,0,0,0,0,0,,0.0,33.0,33,33,1.6654,4.6627,0.1484,0.2443,0.0,0.0,0.0,1.9501,8.6777
tetris-sat14-strips-p039,0,False,4095,49442,51588,105154,0,110435,0,0,0,0,0,0,0,,0.0,41.0,41,41,3.2591,10.7504,0.3117,0.4213,0.0,0.0,0.0,2.8599,17.615
tetris-sat14-strips-p040,0,False,3167,34620,36272,74088,0,77896,0,0,0,0,0,0,0,,0.0,39.0,39,39,1.8082,5.1735,0.1794,0.3037,0.0,0.0,0.0,2.3017,9.7759
thoughtful-mco14-strips-p11_6_65-typed,2,True,417,6375,27829,34793,0,45385,0,1137,0,0,1137,0,1279,,0.0,63.469,78,78,0.0759,0.3605,0.2011,0.0517,0.0,63.0542,0.0,899.34,900.0317
thoughtful-mco14-strips-p11_6_74-typed,2,True,427,6872,30165,37634,0,48015,0,467,0,0,467,0,504,,0.0,67.0,79,79,0.0745,0.3521,0.2755,0.0568,0.0,35.6682,0.0,899.2654,900.0285
thoughtful-mco14-strips-p11_6_75-typed,2,True,422,6567,28309,35470,0,47101,0,790,0,0,790,0,1358,,0.0,64.389,81,81,0.0753,0.4026,0.1903,0.0531,0.0,46.03,0.0,899.3066,900.0318
thoughtful-mco14-strips-p11_6_78-typed,2,True,420,6750,29366,36704,0,47786,0,1563,0,0,1563,0,1446,,0.0,62.0,79,79,0.0765,0.4385,0.2144,0.0554,0.0,89.5756,0.0,899.2794,900.0677
thoughtful-mco14-strips-p11_6_88-typed,2,True,424,6706,29851,37148,0,47728,0,1928,0,0,1928,0,1221,,0.0,64.0,83,83,0.0763,0.4217,0.2523,0.0556,0.0,141.653,0.0,899.2218,900.0306
thoughtful-mco14-strips-p11_6_89-typed,2,True,413,6473,27592,34649,0,45090,0,758,0,0,759,0,1259,,0.0,73.0,86,85,0.0726,0.4404,0.2281,0.0514,0.0,72.4286,0.0,899.2476,900.0429
thoughtful-mco14-strips-p11_6_98-typed,2,True,411,6196,25687,32468,0,42369,0,1112,0,0,1113,0,1190,,0.0,67.0,82,81,0.077,0.376,0.2247,0.0472,0.0,133.0723,0.0,899.3111,900.0394
thoughtful-mco14-strips-p11_6_99-typed,2,True,414,6104,25753,32442,0,42536,0,1000,0,0,1000,0,1138,,0.0,62.5,82,82,0.0855,0.5749,0.1945,0.0486,0.0,31.1447,0.0,899.176,900.0873
thoughtful-mco14-strips-p13_7_55-typed,2,True,462,7193,31453,39314,0,51254,0,1098,0,0,1098,0,801,,0.0,71.128,97,97,0.0889,0.4842,0.3323,0.0638,0.0,141.5981,0.0,899.054,900.0297
thoughtful-mco14-strips-p13_7_56-typed,2,True,473,7927,35008,43613,0,56039,0,512,0,0,512,0,622,,0.0,72.735,91,91,0.0913,0.5044,0.3412,0.0724,0.0,54.664,0.0,899.0474,900.0679
thoughtful-mco14-strips-p13_7_58-typed,2,True,465,7278,31874,39822,0,52129,0,735,0,0,735,0,1237,,0.0,75.099,97,97,0.0835,0.427,0.3533,0.0648,0.0,69.8372,0.0,899.0958,900.0284
thoughtful-mco14-strips-p13_7_61-typed,2,True,470,7800,34287,42761,0,54902,0,1311,0,0,1311,0,1281,,0.0,74.0,100,100,0.1163,0.6269,0.348,0.0707,0.0,243.4162,0.0,898.8745,900.0403
thoughtful-mco14-strips-p13_7_62-typed,2,True,470,7615,33123,41414,0,53303,0,2576,0,0,2576,0,2173,,0.0,74.5,98,98,0.1126,0.54,0.3727,0.0688,0.0,422.8933,0.0,898.9615,900.0652
thoughtful-mco14-strips-p13_7_64-typed,2,True,465,7651,33431,41754,0,53860,0,714,0,0,714,0,427,,0.0,77.0,102,102,0.1185,0.6696,0.2756,0.0683,0.0,137.1208,0.0,898.8987,900.0361
thoughtful-mco14-strips-p13_7_68-typed,2,True,459,7288,30916,38870,0,50920,0,1057,0,0,1058,0,1546,,0.0,74.296,102,101,0.1214,0.8259,0.3411,0.0635,0.0,108.4991,0.0,898.6775,900.0327
thoughtful-mco14-strips-p13_7_69-typed,2,True,458,7040,30074,37780,0,49116,0,849,0,0,850,0,1308,,0.0,78.0,100,97,0.1207,0.6924,0.2949,0.0628,0.0,108.537,0.0,898.8584,900.0321
thoughtful-mco14-strips-p13_7_72-typed,2,True,464,7299,31347,39316,0,51459,0,974,0,0,975,0,1269,,0.0,77.809,98,97,0.5224,0.5455,0.3342,0.1169,0.0,122.7596,0.0,898.5763,900.1023
thoughtful-mco14-strips-p13_7_74-typed,2,True,463,7645,31852,40171,0,52467,0,467,0,0,467,0,0,,0.0,79.0,98,98,0.5217,0.5851,0.3351,0.1171,0.0,72.9898,0.0,898.4809,900.0508
thoughtful-mco14-strips-p13_7_79-typed,2,True,462,7587,32954,41207,0,53367,0,893,0,0,893,0,534,,0.0,71.4,98,98,1.5475,0.6095,0.2998,0.1238,0.0,102.0116,0.0,897.2687,900.0873
thoughtful-mco14-strips-p13_7_86-typed,2,True,458,7244,31435,39344,0,51192,0,1494,0,0,1494,0,1164,,0.0,73.0,103,103,0.5236,0.6523,0.3837,0.1224,0.0,186.5544,0.0,898.3607,900.0474
thoughtful-sat14-strips-bootstrap-typed-01,0,True,108,618,2603,3405,0,4959,0,77,0,0,78,0,97,,0.0,26.0,31,26,0.3829,0.0116,0.0032,0.0888,0.0,0.0214,0.0,0.8031,1.2917
thoughtful-sat14-strips-bootstrap-typed-02,0,True,108,624,2624,3433,0,4979,0,10,0,0,13,0,0,,0.0,24.0,29,24,0.3845,0.0108,0.0038,0.0747,0.0,0.0033,0.0,0.2152,0.6915
thoughtful-sat14-strips-bootstrap-typed-03,0,True,109,599,2518,3303,0,4808,0,19,0,0,21,0,0,,0.0,25.0,32,25,0.4415,0.0099,0.0032,0.0692,0.0,0.0052,0.0,0.227,0.7532
thoughtful-sat14-strips-bootstrap-typed-04,0,True,107,636,2639,3459,0,4938,0,60,0,0,65,0,11,,0.0,26.0,32,26,0.4405,0.011,0.0033,0.0561,0.0,0.018,0.0,0.4787,0.9917
thoughtful-sat14-strips-bootstrap-typed-05,0,True,103,543,2309,3031,0,4466,0,289,0,0,305,0,2690,,0.0,29.0,34,29,0.4467,0.01,0.003,0.0578,0.0,0.1006,0.0,11.7778,12.2975
thoughtful-sat14-strips-p11_6_53-typed,2,True,418,6486,28334,35406,0,45824,0,1196,0,0,1196,0,711,,0.0,63.616,85,85,0.5052,0.4732,0.1774,0.1058,0.0,92.5985,0.0,898.776,900.0447
thoughtful-sat14-strips-p11_6_59-typed,2,True,416,6436,27891,34911,0,45762,0,910,0,0,913,0,1289,,0.0,61.499,82,80,0.522,0.4364,0.2285,0.1039,0.0,48.5903,0.0,898.7359,900.0323
thoughtful-sat14-strips-p11_6_62-typed,2,True,419,6573,28376,35537,0,46460,0,589,0,0,593,0,1210,,0.0,63.276,84,71,0.081,0.427,0.2148,0.0535,0.0,28.3712,0.0,899.2441,900.0246
thoughtful-sat14-strips-p13_7_78-typed,2,True,463,7558,32229,40458,0,53264,0,790,0,0,791,0,271,,0.0,74.0,99,98,0.0984,0.8228,0.2974,0.0662,0.0,96.9684,0.0,898.7451,900.0368
thoughtful-sat14-strips-p13_7_79-typed,2,True,462,7587,32954,41207,0,53367,0,893,0,0,893,0,535,,0.0,71.4,98,98,0.0934,0.6088,0.2987,0.0665,0.0,102.3106,0.0,898.9646,900.0384
thoughtful-sat14-strips-p13_7_86-typed,2,True,458,7244,31435,39344,0,51192,0,1494,0,0,1494,0,1164,,0.0,73.0,103,103,0.0951,0.6528,0.3832,0.0634,0.0,186.9698,0.0,898.8417,900.0408
thoughtful-sat14-strips-target-typed-20,2,True,461,7259,31237,39165,0,51476,0,1780,0,0,1780,0,946,,0.0,72.284,97,97,0.0942,0.544,0.3062,0.0632,0.0,172.6559,0.0,899.0395,900.056
thoughtful-sat14-strips-target-typed-21,2,True,466,7402,31960,40032,0,52035,0,896,0,0,896,0,1331,,0.0,77.002,100,100,0.12,0.671,0.3403,0.0656,0.0,121.7672,0.0,898.8277,900.0278
thoughtful-sat14-strips-target-typed-22,2,True,456,7510,31990,40166,0,51963,0,1482,0,0,1482,0,1224,,0.0,78.0,101,101,0.1096,0.6543,0.362,0.0648,0.0,141.4375,0.0,898.8357,900.033
thoughtful-sat14-strips-target-typed-23,2,True,461,7321,31750,39740,0,51300,0,1598,0,0,1599,0,1402,,0.0,83.0,100,99,0.1114,0.5914,0.2958,0.0646,0.0,235.7397,0.0,898.9659,900.036
thoughtful-sat14-strips-target-typed-24,2,True,462,7470,33369,41507,0,52531,0,801,0,0,801,0,596,,0.0,74.807,102,102,0.1108,0.5433,0.3043,0.0685,0.0,148.5361,0.0,899.0056,900.0375
thoughtful-sat14-strips-target-typed-25,2,True,461,7053,30207,37929,0,50169,0,912,0,0,912,0,1280,,0.0,70.468,97,97,0.122,0.5244,0.2873,0.0618,0.0,86.0257,0.0,899.0292,900.0291
thoughtful-sat14-strips-target-typed-26,2,True,461,7163,31480,39312,0,51091,0,1186,0,0,1186,0,1146,,0.0,72.597,98,98,0.1063,0.5569,0.3026,0.0641,0.0,131.0877,0.0,899.014,900.048
thoughtful-sat14-strips-target-typed-27,2,True,464,7539,33080,41288,0,53792,0,407,0,0,407,0,4,,0.0,73.059,94,94,0.1075,0.5121,0.3169,0.068,0.0,64.9735,0.0,899.0691,900.0769
thoughtful-sat14-strips-target-typed-28,2,True,454,7051,29311,37028,0,48370,0,1215,0,0,1215,0,1276,,0.0,76.0,98,98,0.1064,0.4905,0.3559,0.0599,0.0,137.0673,0.0,899.0182,900.0416
tidybot-opt11-strips-p01,0,True,0,0,4,12,0,8,0,0,0,0,1,0,0,,0.0,4.0,4,4,0.0471,0.0055,0.0,0.0016,0.0,0.0,0.0,0.0011,0.0562
tidybot-opt11-strips-p02,0,True,62,763,1447,2310,0,3018,0,0,0,0,0,0,0,,0.0,20.0,20,20,0.0683,0.0238,0.0011,0.0029,0.0,0.0,0.0,0.0758,0.1728
tidybot-opt11-strips-p03,0,True,68,822,1517,2431,0,3107,0,0,0,0,0,0,0,,0.0,13.0,13,13,0.0501,0.0207,0.0007,0.0028,0.0,0.0,0.0,0.0786,0.1538
tidybot-opt11-strips-p04,0,True,57,768,1548,2421,0,3220,0,1,0,0,1,0,0,,0.0,26.0,26,26,0.0495,0.0243,0.0015,0.0026,0.0,0.0003,0.0,0.1361,0.215
tidybot-opt11-strips-p05,0,True,90,2747,5248,8119,0,8780,0,282,0,0,283,0,1579,,0.0,25.0,26,25,0.1011,0.0599,0.0049,0.0063,0.0,1.7002,0.0,30.023,30.1975
tidybot-opt11-strips-p06,0,True,89,2810,5376,8313,0,8929,0,296,0,0,296,0,9534,,0.0,28.0,28,28,0.1006,0.0652,0.0056,0.0065,0.0,2.2076,0.0,161.906,162.0861
tidybot-opt11-strips-p07,0,True,94,2841,5391,8350,0,8993,0,4,0,0,4,0,0,,0.0,14.0,14,14,0.1019,0.0528,0.0025,0.0075,0.0,0.0044,0.0,0.5376,0.7042
tidybot-opt11-strips-p08,0,True,90,2747,5248,8119,0,8777,0,5,0,0,5,0,0,,0.0,20.0,20,20,0.1013,0.0562,0.0039,0.0064,0.0,0.0122,0.0,0.8571,1.0269
tidybot-opt11-strips-p09,0,True,121,6382,12341,18874,0,18575,0,8,0,0,8,0,0,,0.0,18.0,18,18,0.1675,0.1373,0.0086,0.0138,0.0,0.0372,0.0,3.4006,3.732
tidybot-opt11-strips-p10,2,True,125,6980,13563,20698,0,20681,0,939,0,0,939,0,7150,,0.0,20.645,27,27,0.1484,0.1577,0.0123,0.0151,0.0,56.4949,0.0,899.6827,900.0359
tidybot-opt11-strips-p11,0,True,126,6965,13521,20638,0,20565,0,51,0,0,51,0,0,,0.0,18.0,18,18,0.1477,0.1727,0.0079,0.0144,0.0,1.0582,0.0,7.4865,7.8325
tidybot-opt11-strips-p12,2,True,125,6979,13565,20699,0,20685,0,966,0,0,966,0,4007,,0.0,21.998,27,27,0.1473,0.15,0.0124,0.015,0.0,49.6064,0.0,899.6885,900.0175
tidybot-opt11-strips-p13,0,True,126,6958,13510,20620,0,20567,0,187,0,0,187,0,542,,0.0,19.0,19,19,0.1471,0.1497,0.0085,0.0148,0.0,6.2259,0.0,16.2308,16.5545
tidybot-opt11-strips-p14,0,True,158,10925,21291,32397,0,31980,0,77,0,0,80,0,45,,0.0,18.0,22,18,0.2508,0.2485,0.0155,0.025,0.0,4.8404,0.0,24.5084,25.0524
tidybot-opt11-strips-p15,2,True,163,11569,22559,34310,0,33591,0,333,0,0,333,0,1090,,0.0,18.17,21,21,0.2463,0.2942,0.0176,0.0269,0.0,66.5158,0.0,899.4384,900.0296
tidybot-opt11-strips-p16,2,True,153,9562,18653,28396,0,28771,0,265,0,0,265,0,1972,,0.0,20.04,26,26,0.2537,0.2714,0.0169,0.0219,0.0,29.5751,0.0,899.4669,900.0413
tidybot-opt11-strips-p17,2,True,153,9885,19237,29300,0,29313,0,518,0,0,518,0,1354,,0.0,19.983,27,27,0.4851,0.2752,0.0187,0.0214,0.0,57.1248,0.0,899.2341,900.0443
tidybot-opt11-strips-p18,0,True,156,10653,20738,31573,0,31049,0,10,0,0,10,0,0,,0.0,20.0,20,20,0.2531,0.2944,0.0145,0.0245,0.0,0.0938,0.0,8.9624,9.5552
tidybot-opt11-strips-p19,2,True,154,10105,19732,30017,0,30086,0,466,0,0,466,0,1966,,0.0,17.75,24,24,0.255,0.3061,0.0158,0.0232,0.0,33.382,0.0,899.4178,900.0234
tidybot-opt11-strips-p20,2,True,145,8620,16771,25573,0,26029,0,386,0,0,386,0,2814,,0.0,25.111,28,28,0.2755,0.2739,0.0177,0.0194,0.0,28.3234,0.0,899.4408,900.0337
tidybot-opt14-strips-p01,2,True,153,9350,18198,27728,0,28256,0,241,0,0,241,0,2557,,0.0,20.984,26,26,0.2759,0.2489,0.0167,0.0206,0.0,19.4443,0.0,899.4573,900.0246
tidybot-opt14-strips-p02,2,True,151,8792,17074,26043,0,26777,0,682,0,0,682,0,2838,,0.0,22.726,29,29,0.2749,0.2501,0.017,0.0192,0.0,49.3504,0.0,899.4662,900.0352
tidybot-opt14-strips-p03,0,True,156,10693,20797,31672,0,31193,0,45,0,0,45,0,507,,0.0,21.0,21,21,0.2505,0.2781,0.0153,0.0256,0.0,5.4995,0.0,34.0712,34.6459
tidybot-opt14-strips-p04,2,True,160,10875,21217,32269,0,31782,0,702,0,0,702,0,2316,,0.0,14.983,21,21,0.2455,0.2901,0.0154,0.0248,0.0,88.8985,0.0,899.4517,900.0317
tidybot-opt14-strips-p05,2,True,156,10901,21316,32400,0,32038,0,306,0,0,306,0,1878,,0.0,19.13,23,23,0.2732,0.2521,0.0168,0.0262,0.0,41.1391,0.0,899.7044,900.2787
tidybot-opt14-strips-p06,2,True,148,8595,16692,25464,0,26129,0,265,0,0,265,0,1567,,0.0,22.938,27,27,0.2756,0.3011,0.0157,0.019,0.0,17.5867,0.0,899.4011,900.0195
tidybot-opt14-strips-p07,2,True,158,10722,20834,31738,0,31269,0,536,0,0,536,0,1587,,0.0,20.207,25,25,0.2664,0.2893,0.018,0.0238,0.0,77.4298,0.0,899.4204,900.0237
tidybot-opt14-strips-p08,0,True,158,10904,21245,32330,0,31905,0,57,0,0,58,0,240,,0.0,18.0,19,18,0.2639,0.2525,0.014,0.025,0.0,2.8031,0.0,40.1861,40.7467
tidybot-opt14-strips-p09,2,True,186,14748,28776,43730,0,43368,0,471,0,0,471,0,1183,,0.0,17.5,25,25,0.4355,0.521,0.0253,0.0337,0.0,105.5551,0.0,899.0051,900.0296
tidybot-opt14-strips-p10,2,True,182,14395,28129,42733,0,42396,0,378,0,0,379,0,954,,0.0,19.625,29,28,0.4346,0.5054,0.0301,0.033,0.0,76.1122,0.0,899.0405,900.0519
tidybot-opt14-strips-p11,0,True,126,6965,13521,20638,0,20565,0,51,0,0,51,0,0,,0.0,18.0,18,18,0.1481,0.1786,0.0079,0.0149,0.0,1.0542,0.0,7.4717,7.8242
tidybot-opt14-strips-p12,2,True,125,6979,13565,20699,0,20685,0,966,0,0,966,0,4007,,0.0,21.998,27,27,0.1668,0.1506,0.0124,0.015,0.0,49.7735,0.0,899.6693,900.0185
tidybot-opt14-strips-p13,0,True,126,6958,13510,20620,0,20567,0,187,0,0,187,0,542,,0.0,19.0,19,19,0.1485,0.1496,0.0086,0.0147,0.0,6.3024,0.0,16.2831,16.608
tidybot-opt14-strips-p14,0,True,158,10925,21291,32397,0,31980,0,77,0,0,80,0,45,,0.0,18.0,22,18,0.2659,0.2485,0.0155,0.0256,0.0,4.6682,0.0,24.3528,24.9124
tidybot-opt14-strips-p15,2,True,163,11569,22559,34310,0,33591,0,333,0,0,333,0,1085,,0.0,18.17,21,21,0.2645,0.2887,0.0176,0.0264,0.0,65.7853,0.0,899.4258,900.0291
tidybot-opt14-strips-p16,2,True,153,9562,18653,28396,0,28771,0,265,0,0,265,0,1972,,0.0,20.04,26,26,0.2749,0.2704,0.0168,0.0219,0.0,29.3361,0.0,899.4436,900.034
tidybot-opt14-strips-p17,2,True,153,9885,19237,29300,0,29313,0,518,0,0,518,0,1354,,0.0,19.983,27,27,0.253,0.2768,0.0185,0.0215,0.0,57.0824,0.0,899.465,900.041
tidybot-opt14-strips-p18,0,True,156,10653,20738,31573,0,31049,0,10,0,0,10,0,0,,0.0,20.0,20,20,0.2643,0.2887,0.0145,0.0245,0.0,0.0934,0.0,8.9112,9.51
tidybot-opt14-strips-p19,2,True,154,10105,19732,30017,0,30086,0,466,0,0,466,0,1966,,0.0,17.75,24,24,0.2735,0.3059,0.0159,0.0229,0.0,32.9957,0.0,899.3988,900.0229
tidybot-opt14-strips-p20,2,True,145,8620,16771,25573,0,26029,0,386,0,0,386,0,2822,,0.0,25.111,28,28,0.2528,0.2733,0.018,0.019,0.0,28.37,0.0,899.4658,900.0351
tidybot-sat11-strips-p01,2,True,153,9350,18198,27728,0,28256,0,241,0,0,241,0,2558,,0.0,20.984,26,26,0.2705,0.2595,0.0169,0.0211,0.0,19.4954,0.0,899.4555,900.0288
tidybot-sat11-strips-p02,2,True,151,8792,17074,26043,0,26777,0,682,0,0,682,0,2839,,0.0,22.726,29,29,0.2761,0.2471,0.0175,0.0192,0.0,49.271,0.0,899.4666,900.0334
tidybot-sat11-strips-p03,0,True,156,10693,20797,31672,0,31193,0,45,0,0,45,0,507,,0.0,21.0,21,21,0.2686,0.2745,0.0154,0.0247,0.0,5.3876,0.0,33.9249,34.5123
tidybot-sat11-strips-p04,2,True,160,10875,21217,32269,0,31782,0,702,0,0,702,0,2316,,0.0,14.983,21,21,0.2483,0.2875,0.0155,0.0248,0.0,88.4103,0.0,899.4537,900.034
tidybot-sat11-strips-p05,2,True,156,10901,21316,32400,0,32038,0,305,0,0,305,0,1871,,0.0,19.13,23,23,0.2655,0.2574,0.0168,0.0252,0.0,40.8425,0.0,899.4496,900.0262
tidybot-sat11-strips-p06,2,True,148,8595,16692,25464,0,26129,0,263,0,0,263,0,1563,,0.0,22.938,27,27,0.2778,0.2972,0.0157,0.0201,0.0,16.6026,0.0,899.4114,900.029
tidybot-sat11-strips-p07,2,True,158,10722,20834,31738,0,31269,0,536,0,0,536,0,1587,,0.0,20.207,25,25,0.2623,0.2926,0.0181,0.0238,0.0,78.5914,0.0,899.4224,900.0253
tidybot-sat11-strips-p08,0,True,158,10904,21245,32330,0,31905,0,57,0,0,58,0,240,,0.0,18.0,19,18,0.2632,0.252,0.0141,0.0247,0.0,2.8142,0.0,40.0949,40.653
tidybot-sat11-strips-p09,2,True,186,14748,28776,43730,0,43368,0,471,0,0,471,0,1184,,0.0,17.5,25,25,0.4297,0.5093,0.0251,0.0334,0.0,105.8413,0.0,899.0231,900.0297
tidybot-sat11-strips-p10,2,True,182,14395,28129,42733,0,42396,0,378,0,0,379,0,954,,0.0,19.625,29,28,0.4303,0.5105,0.0302,0.0328,0.0,77.2957,0.0,899.0424,900.0546
tidybot-sat11-strips-p11,2,True,195,19284,37817,57320,0,54226,0,361,0,0,361,0,1240,,0.0,20.0,28,28,0.392,0.5165,0.0419,0.0464,0.0,167.2599,0.0,899.1066,900.111
tidybot-sat11-strips-p12,2,True,200,20468,40175,60865,0,57451,0,243,0,0,243,0,1112,,0.0,15.36,23,23,0.4027,0.5175,0.0369,0.0497,0.0,123.3455,0.0,899.0247,900.0405
tidybot-sat11-strips-p13,2,True,187,16709,32782,49708,0,48594,0,377,0,0,377,0,1412,,0.0,20.7,27,27,0.4153,0.455,0.0323,0.0405,0.0,163.603,0.0,899.0862,900.0374
tidybot-sat11-strips-p14,2,True,182,14312,27958,42482,0,42034,0,260,0,0,260,0,1431,,0.0,22.0,27,27,0.4278,0.5159,0.0296,0.0328,0.0,60.6729,0.0,899.0107,900.0258
tidybot-sat11-strips-p15,2,True,185,16605,32472,49294,0,47174,0,231,0,0,232,0,2750,,0.0,25.022,29,28,0.4199,0.6275,0.0375,0.04,0.0,57.261,0.0,898.8972,900.0293
tidybot-sat11-strips-p16,2,True,193,19653,38612,58488,0,55547,0,426,0,0,426,0,1436,,0.0,21.0,28,28,0.408,0.5459,0.042,0.0477,0.0,250.2737,0.0,899.4273,900.48
tidybot-sat11-strips-p17,2,True,230,25953,50979,77181,0,73667,0,399,0,0,399,0,1378,,0.0,19.448,34,34,0.6481,0.9169,0.086,0.0676,0.0,267.9618,0.0,898.3398,900.0697
tidybot-sat11-strips-p18,2,True,230,27560,54257,82072,0,77900,0,307,0,0,307,0,2437,,0.0,18.774,26,26,0.6475,0.8465,0.0826,0.074,0.0,220.2931,0.0,898.3731,900.0382
tidybot-sat11-strips-p19,2,True,262,24662,48489,73483,0,75095,0,376,0,0,376,0,361,,0.0,41.385,59,59,1.4509,2.1775,0.1294,0.0724,0.0,406.1443,0.0,896.2046,900.0538
tidybot-sat11-strips-p20,2,True,268,32324,63714,96353,0,93776,0,273,0,0,273,0,1193,,0.0,31.107,46,46,1.1736,1.6753,0.1775,0.0942,0.0,137.6756,0.0,896.8962,900.0343
tpp-p01,0,True,0,2,5,14,0,15,0,0,0,0,1,0,0,,0.0,4.0,4,4,0.0191,0.0,0.0,0.001,0.0,0.0,0.0,0.0013,0.0218
tpp-p02,0,True,0,3,9,25,0,28,0,0,0,0,1,0,0,,0.0,7.0,7,7,0.0051,0.0,0.0,0.0012,0.0,0.0,0.0,0.0013,0.0082
tpp-p03,0,True,0,4,13,36,0,41,0,0,0,0,1,0,0,,0.0,10.0,10,10,0.0044,0.0,0.0,0.0009,0.0,0.0,0.0,0.0013,0.0075
tpp-p04,0,True,0,5,17,47,0,54,0,0,0,0,1,0,0,,0.0,13.0,13,13,0.0056,0.0,0.0,0.001,0.0,0.0,0.0,0.0014,0.0085
tpp-p05,0,True,14,34,44,107,0,125,0,0,0,0,0,0,0,,0.0,17.0,17,17,0.0056,0.0001,0.0,0.0013,0.0,0.0,0.0,0.0043,0.0117
tpp-p06,0,True,37,74,84,212,0,272,0,0,0,0,0,0,0,,0.0,21.0,21,21,0.0078,0.0004,0.0001,0.0024,0.0,0.0,0.0,0.008,0.0192
tpp-p07,0,True,42,88,100,252,0,324,0,0,0,0,0,0,0,,0.0,26.0,26,26,0.006,0.0006,0.0002,0.0012,0.0,0.0,0.0,0.0088,0.0173
tpp-p08,0,True,47,100,114,287,0,370,0,0,0,0,0,0,0,,0.0,30.0,30,30,0.0059,0.0007,0.0002,0.0013,0.0,0.0,0.0,0.0093,0.0179
tpp-p09,0,True,81,195,213,515,0,650,0,0,0,0,0,0,0,,0.0,35.0,35,35,0.0064,0.0015,0.0004,0.0013,0.0,0.0,0.0,0.0285,0.0387
tpp-p10,0,True,91,225,243,587,0,740,0,0,0,0,0,0,0,,0.0,39.0,39,39,0.0067,0.0018,0.0005,0.0013,0.0,0.0,0.0,0.0307,0.0416
tpp-p11,0,True,93,219,252,587,0,771,0,0,0,0,0,0,0,,0.0,30.0,30,30,0.0082,0.0027,0.0004,0.0015,0.0,0.0,0.0,0.0257,0.0391
tpp-p12,0,True,109,255,291,678,0,894,0,0,0,0,0,0,0,,0.0,32.0,32,32,0.0097,0.0035,0.0005,0.0015,0.0,0.0,0.0,0.0321,0.0479
tpp-p13,0,True,169,458,486,1128,0,1459,0,0,0,0,0,0,0,,0.0,31.0,31,31,0.0135,0.007,0.0011,0.002,0.0,0.0,0.0,0.0791,0.1035
tpp-p14,0,True,188,530,562,1301,0,1679,0,0,0,0,0,0,0,,0.0,39.0,39,39,0.0145,0.0088,0.0015,0.0018,0.0,0.0,0.0,0.083,0.1101
tpp-p15,0,True,207,594,630,1456,0,1879,0,0,0,0,0,0,0,,0.0,45.0,45,45,0.015,0.0108,0.0019,0.002,0.0,0.0,0.0,0.141,0.1713
tpp-p16,0,True,319,997,1057,2401,0,3164,0,0,0,0,0,0,0,,0.0,52.0,52,52,0.0308,0.0314,0.0038,0.003,0.0,0.0,0.0,0.5264,0.5963
tpp-p17,0,True,398,1300,1385,3106,0,4095,0,0,0,0,0,0,0,,0.0,50.0,50,50,0.0406,0.0505,0.0045,0.0044,0.0,0.0,0.0,0.7051,0.8061
tpp-p18,0,True,431,1415,1505,3373,0,4452,0,0,0,0,0,0,0,,0.0,51.0,51,51,0.0441,0.0579,0.005,0.0044,0.0,0.0,0.0,0.7461,0.8585
tpp-p19,0,True,472,1625,1715,3843,0,5037,0,0,0,0,0,0,0,,0.0,62.0,62,62,0.0513,0.071,0.007,0.005,0.0,0.0,0.0,1.4332,1.5686
tpp-p20,0,True,505,1770,1865,4176,0,5466,0,0,0,0,0,0,0,,0.0,69.0,69,69,0.0628,0.0822,0.0088,0.0057,0.0,0.0,0.0,0.7903,0.9508
tpp-p21,0,True,551,2155,2263,5005,0,6522,0,0,0,0,0,0,15,,0.0,60.0,60,60,0.0894,0.1493,0.0105,0.0067,0.0,0.0,0.0,2.6001,2.8575
tpp-p22,0,True,598,2286,2406,5317,0,6970,0,8,0,0,8,0,0,,0.0,54.0,54,54,0.1031,0.1687,0.0101,0.007,0.0,0.0203,0.0,0.7999,1.0904
tpp-p23,0,True,638,2439,2559,5671,0,7423,0,0,0,0,0,0,0,,0.0,63.0,63,63,0.1125,0.1954,0.0118,0.0078,0.0,0.0,0.0,1.6159,1.945
tpp-p24,0,True,679,2564,2690,5968,0,7821,0,0,0,0,0,0,464,,0.0,65.0,65,65,0.1258,0.2114,0.0142,0.0086,0.0,0.0,0.0,6.9493,7.3111
tpp-p25,0,True,826,3393,3554,7816,0,10187,0,0,0,0,0,0,1496,,0.0,74.0,74,74,0.183,0.3447,0.0261,0.0116,0.0,0.0,0.0,15.3514,15.9191
tpp-p26,0,True,1089,4926,5136,11195,0,14674,0,0,0,0,0,0,174,,0.0,77.0,77,77,0.3556,0.7305,0.0392,0.0197,0.0,0.0,0.0,6.8293,7.9773
tpp-p27,0,True,1144,5123,5340,11655,0,15278,0,0,0,0,0,0,22,,0.0,83.0,83,83,0.3861,0.8084,0.055,0.021,0.0,0.0,0.0,9.4769,10.7507
tpp-p28,0,True,1212,5472,5703,12437,0,16308,0,0,0,0,0,0,4456,,0.0,87.0,87,87,0.4492,0.9189,0.0628,0.0238,0.0,0.0,0.0,85.634,87.0922
tpp-p29,0,True,1429,7072,7352,15914,0,20714,0,0,0,0,0,0,1621,,0.0,102.0,102,102,0.6022,1.3671,0.078,0.0331,0.0,0.0,0.0,36.7365,38.8212
tpp-p30,0,True,1508,7528,7816,16910,0,22024,0,0,0,0,0,0,7719,,0.0,101.0,101,101,0.6863,1.5508,0.0639,0.0364,0.0,0.0,0.0,190.4024,192.7443
transport-opt08-strips-p01,0,False,18,32,56,108,0,126,0,0,0,0,0,0,0,,0.0,54.0,54,54,0.0241,0.0002,0.0,0.0014,0.0,0.0,0.0,0.0046,0.0308
transport-opt08-strips-p02,0,False,36,140,251,430,0,548,0,282,0,0,282,0,263,,0.0,119.0,119,119,0.0068,0.0007,0.0001,0.0015,0.0,0.0079,0.0,0.0925,0.1022
transport-opt08-strips-p03,0,False,60,230,390,684,0,877,0,94,0,0,95,0,0,,0.0,165.0,175,165,0.0257,0.0017,0.0003,0.0017,0.0,0.0043,0.0,0.0829,0.1129
transport-opt08-strips-p04,0,False,90,583,1051,1729,0,2184,0,346,0,0,388,0,264,,0.0,189.0,205,189,0.0093,0.0038,0.0013,0.0023,0.0,0.0547,0.0,0.3446,0.3621
transport-opt08-strips-p05,0,False,126,745,1409,2286,0,2851,0,1861,0,0,1896,0,1179,,0.0,227.0,280,227,0.0129,0.0082,0.0026,0.0024,0.0,0.4756,0.0,5.0061,5.033
transport-opt08-strips-p06,2,False,196,1986,3430,5619,0,7177,0,11735,0,0,11736,0,7378,,0.0,156.0,287,282,0.0203,0.0225,0.0095,0.0052,0.0,18.6174,0.0,899.9863,900.0565
transport-opt08-strips-p07,2,False,248,2434,4354,7044,0,8967,0,14180,0,0,14180,0,11264,,0.0,259.5,342,342,0.0262,0.0382,0.0145,0.0069,0.0,39.1066,0.0,900.0083,900.1168
transport-opt08-strips-p08,2,False,306,3167,5701,9183,0,11674,0,10517,0,0,10517,0,7731,,0.0,200.0,260,260,0.0339,0.0622,0.0187,0.009,0.0,50.8432,0.0,899.9214,900.0623
transport-opt08-strips-p09,2,False,370,3429,6565,10374,0,12939,0,8340,0,0,8340,0,5089,,0.0,153.0,337,337,0.0627,0.0961,0.0234,0.011,0.0,37.6063,0.0,899.8492,900.0469
transport-opt08-strips-p10,2,False,440,4810,8632,13893,0,17641,0,8462,0,0,8463,0,3891,,0.0,206.5,427,424,0.0724,0.1221,0.0485,0.0157,0.0,85.8908,0.0,899.7966,900.0641
transport-opt08-strips-p11,0,False,22,66,126,216,0,270,0,128,0,0,128,0,41,,0.0,245.0,245,245,0.0212,0.0003,0.0001,0.0018,0.0,0.0018,0.0,0.0305,0.0544
transport-opt08-strips-p12,0,False,46,196,364,609,0,776,0,223,0,0,223,0,59,,0.0,305.0,305,305,0.0071,0.0011,0.0003,0.0014,0.0,0.008,0.0,0.0811,0.0915
transport-opt08-strips-p13,0,False,78,460,833,1375,0,1751,0,658,0,0,663,0,355,,0.0,318.0,338,318,0.0289,0.0029,0.001,0.0021,0.0,0.0795,0.0,0.4869,0.5225
transport-opt08-strips-p14,0,False,118,692,1257,2072,0,2661,0,1017,0,0,1017,0,640,,0.0,382.0,382,382,0.0131,0.0064,0.0016,0.0029,0.0,0.2238,0.0,1.3791,1.4038
transport-opt08-strips-p15,0,False,166,1168,2110,3450,0,4386,0,760,0,0,848,0,260,,0.0,343.0,450,343,0.038,0.0149,0.0039,0.0034,0.0,0.4803,0.0,1.512,1.573
transport-opt08-strips-p16,2,False,256,2293,4185,6741,0,8522,0,14746,0,0,14746,0,9497,,0.0,260.877,578,578,0.0452,0.0382,0.0114,0.0062,0.0,31.1155,0.0,900.0103,900.1483
transport-opt08-strips-p17,2,False,325,3076,5704,9113,0,11540,0,14837,0,0,14837,0,9216,,0.0,230.25,658,658,0.0361,0.0677,0.0177,0.0092,0.0,62.4961,0.0,899.9319,900.0949
transport-opt08-strips-p18,2,False,402,3796,7216,11423,0,14280,0,16095,0,0,16095,0,8389,,0.0,273.2,564,564,0.0492,0.1185,0.0283,0.0136,0.0,82.0336,0.0,899.857,900.0731
transport-opt08-strips-p19,2,False,487,5347,9577,15421,0,19597,0,14184,0,0,14184,0,8835,,0.0,174.012,551,551,0.0641,0.1594,0.0461,0.0192,0.0,115.1454,0.0,899.8509,900.1862
transport-opt08-strips-p20,2,False,580,5577,10824,16992,0,21281,0,11328,0,0,11328,0,4761,,0.0,310.0,748,748,0.098,0.2351,0.0554,0.0268,0.0,123.9844,0.0,899.6591,900.0784
transport-opt08-strips-p21,0,False,18,60,108,188,0,230,0,26,0,0,26,0,0,,0.0,320.0,320,320,0.0258,0.0002,0.0001,0.0015,0.0,0.0003,0.0,0.0237,0.0518
transport-opt08-strips-p22,0,False,36,142,254,435,0,562,0,210,0,0,211,0,186,,0.0,433.0,434,433,0.006,0.0007,0.0001,0.0014,0.0,0.0056,0.0,0.0639,0.0727
transport-opt08-strips-p23,0,False,60,278,531,873,0,1102,0,715,0,0,717,0,1325,,0.0,505.0,555,505,0.0265,0.0018,0.0003,0.0018,0.0,0.0388,0.0,0.4192,0.4503
transport-opt08-strips-p24,0,False,90,472,897,1464,0,1840,0,1159,0,0,1177,0,2858,,0.0,428.0,678,428,0.0096,0.004,0.0011,0.0023,0.0,0.1543,0.0,1.8838,1.9016
transport-opt08-strips-p25,0,False,126,825,1511,2468,0,3132,0,1534,0,0,1545,0,977,,0.0,549.0,574,549,0.0325,0.0078,0.0023,0.0028,0.0,0.3946,0.0,1.7836,1.8297
transport-opt08-strips-p26,2,False,196,1615,3041,4859,0,6086,0,20319,0,0,20319,0,14085,,0.0,281.832,607,607,0.0202,0.0257,0.0057,0.0048,0.0,22.5805,0.0,900.0249,900.1332
transport-opt08-strips-p27,2,False,248,2386,4378,7020,0,8833,0,17305,0,0,17305,0,9129,,0.0,192.083,589,589,0.0279,0.0393,0.0087,0.0066,0.0,43.206,0.0,900.0061,900.1192
transport-opt08-strips-p28,2,False,306,2688,5147,8150,0,10194,0,16591,0,0,16592,0,7879,,0.0,303.833,697,675,0.0348,0.0632,0.02,0.0083,0.0,47.8894,0.0,899.9731,900.1174
transport-opt08-strips-p29,2,False,370,3613,6692,10685,0,13435,0,12753,0,0,12754,0,5662,,0.0,321.833,873,864,0.0466,0.0999,0.0284,0.012,0.0,53.2587,0.0,899.8581,900.049
transport-opt08-strips-p30,2,False,440,4055,7778,12284,0,15327,0,18174,0,0,18175,0,13335,,0.0,352.861,795,780,0.0761,0.148,0.0327,0.0143,0.0,121.2157,0.0,899.8805,900.208
transport-opt11-strips-p01,0,False,60,278,531,873,0,1102,0,715,0,0,717,0,1325,,0.0,505.0,555,505,0.0275,0.0018,0.0004,0.0027,0.0,0.0388,0.0,0.4208,0.4538
transport-opt11-strips-p02,0,False,60,230,390,684,0,877,0,94,0,0,95,0,0,,0.0,165.0,175,165,0.027,0.0018,0.0003,0.0017,0.0,0.0044,0.0,0.0829,0.1144
transport-opt11-strips-p03,0,False,46,196,364,609,0,776,0,223,0,0,223,0,59,,0.0,305.0,305,305,0.0254,0.0011,0.0002,0.0014,0.0,0.0082,0.0,0.081,0.1098
transport-opt11-strips-p04,0,False,78,460,833,1375,0,1751,0,658,0,0,663,0,355,,0.0,318.0,338,318,0.008,0.0029,0.001,0.0021,0.0,0.0783,0.0,0.4859,0.5004
transport-opt11-strips-p05,0,False,90,472,897,1464,0,1840,0,1159,0,0,1177,0,2858,,0.0,428.0,678,428,0.0309,0.004,0.001,0.0022,0.0,0.1543,0.0,1.8854,1.9241
transport-opt11-strips-p06,0,False,90,583,1051,1729,0,2184,0,346,0,0,388,0,264,,0.0,189.0,205,189,0.009,0.0038,0.0011,0.0023,0.0,0.0545,0.0,0.3448,0.3618
transport-opt11-strips-p07,0,False,110,578,1100,1794,0,2249,0,570,0,0,702,0,375,,0.0,170.0,198,170,0.0128,0.006,0.0013,0.0028,0.0,0.0935,0.0,0.5142,0.5378
transport-opt11-strips-p08,2,False,132,953,1753,2844,0,3616,0,11436,0,0,11444,0,24433,,0.0,189.783,263,214,0.0136,0.0112,0.0024,0.0029,0.0,5.597,0.0,899.9994,900.0379
transport-opt11-strips-p09,0,False,132,743,1419,2301,0,2866,0,979,0,0,1103,0,5756,,0.0,151.0,169,151,0.032,0.0096,0.002,0.0024,0.0,0.2522,0.0,4.8251,4.8719
transport-opt11-strips-p10,2,False,156,1133,2107,3403,0,4316,0,10336,0,0,10336,0,19009,,0.0,201.0,243,243,0.0165,0.0145,0.0035,0.0034,0.0,7.3115,0.0,899.9808,900.0395
transport-opt11-strips-p11,0,False,146,883,1699,2736,0,3412,0,2782,0,0,2791,0,6915,,0.0,404.0,430,404,0.0137,0.0124,0.0032,0.0027,0.0,1.3455,0.0,12.6768,12.7095
transport-opt11-strips-p12,2,False,171,1330,2554,4063,0,5078,0,18908,0,0,18916,0,24044,,0.0,323.833,454,438,0.0174,0.0215,0.0046,0.0037,0.0,25.7415,0.0,900.0074,900.1249
transport-opt11-strips-p13,0,False,156,1060,1974,3198,0,4055,0,834,0,0,842,0,434,,0.0,224.0,229,224,0.0141,0.0119,0.0043,0.003,0.0,0.3798,0.0,1.5378,1.5719
transport-opt11-strips-p14,2,False,182,1445,2685,4320,0,5470,0,11441,0,0,12894,0,53532,,0.0,231.18,257,240,0.0192,0.0213,0.0051,0.0038,0.0,12.4517,0.0,899.968,900.0273
transport-opt11-strips-p15,0,False,171,1088,2090,3358,0,4164,0,12125,0,0,14333,0,78648,,0.0,589.0,720,589,0.0168,0.0154,0.0043,0.0034,0.0,7.5277,0.0,487.8377,487.8786
transport-opt11-strips-p16,2,False,198,1577,3025,4809,0,5969,0,16788,0,0,16797,0,14375,,0.0,270.5,854,636,0.0415,0.0268,0.0071,0.0045,0.0,21.826,0.0,899.9718,900.084
transport-opt11-strips-p17,0,False,126,745,1409,2286,0,2851,0,1861,0,0,1896,0,1179,,0.0,227.0,280,227,0.0311,0.0082,0.0026,0.0026,0.0,0.4762,0.0,4.9815,5.0267
transport-opt11-strips-p18,0,False,118,692,1257,2072,0,2661,0,1016,0,0,1016,0,640,,0.0,382.0,382,382,0.0295,0.0063,0.0014,0.0028,0.0,0.2217,0.0,1.3874,1.428
transport-opt11-strips-p19,0,False,126,825,1511,2468,0,3132,0,1533,0,0,1544,0,977,,0.0,549.0,574,549,0.0291,0.0077,0.0023,0.0027,0.0,0.3923,0.0,1.7798,1.8223
transport-opt11-strips-p20,2,False,196,1986,3430,5619,0,7177,0,11738,0,0,11739,0,7391,,0.0,156.0,287,282,0.0387,0.0224,0.0095,0.0051,0.0,18.6231,0.0,899.9698,900.0611
transport-opt14-strips-p01,0,False,36,127,237,404,0,494,0,388,0,0,388,0,444,,0.0,90.0,90,90,0.0061,0.0008,0.0001,0.0012,0.0,0.0109,0.0,0.1142,0.1229
transport-opt14-strips-p02,0,False,66,287,503,860,0,1115,0,1899,0,0,1915,0,7651,,0.0,127.0,145,127,0.008,0.0021,0.0005,0.0018,0.0,0.1232,0.0,2.9181,2.9311
transport-opt14-strips-p03,0,False,90,521,981,1597,0,2002,0,654,0,0,655,0,356,,0.0,174.0,190,174,0.0097,0.0041,0.0013,0.002,0.0,0.089,0.0,0.5569,0.5746
transport-opt14-strips-p04,0,False,134,791,1489,2419,0,3061,0,6865,0,0,6865,0,39474,,0.0,164.0,164,164,0.0133,0.0102,0.0018,0.0023,0.0,2.7633,0.0,372.9351,372.9637
transport-opt14-strips-p05,2,False,177,1664,2948,4795,0,6091,0,13059,0,0,13059,0,6617,,0.0,132.333,334,334,0.0354,0.0178,0.0081,0.0046,0.0,13.9258,0.0,899.9834,900.0561
transport-opt14-strips-p06,2,False,195,1394,2674,4269,0,5391,0,13696,0,0,13697,0,37040,,0.0,246.2,272,260,0.0353,0.0228,0.0042,0.0041,0.0,11.5183,0.0,899.9537,900.0685
transport-opt14-strips-p07,0,False,66,318,606,994,0,1260,0,472,0,0,506,0,269,,0.0,360.0,375,360,0.0243,0.0025,0.0004,0.0019,0.0,0.0306,0.0,0.2561,0.2859
transport-opt14-strips-p08,0,False,126,639,1199,1968,0,2512,0,996,0,0,997,0,959,,0.0,370.0,383,370,0.0118,0.0076,0.0014,0.0024,0.0,0.2175,0.0,1.216,1.24
transport-opt14-strips-p09,0,False,174,1059,1999,3237,0,4097,0,2972,0,0,3285,0,9560,,0.0,394.0,450,394,0.0152,0.0146,0.0036,0.0034,0.0,1.758,0.0,21.5619,21.5996
transport-opt14-strips-p10,2,False,254,2004,3674,5937,0,7639,0,17305,0,0,17305,0,11900,,0.0,156.333,520,520,0.0434,0.0355,0.0072,0.016,0.0,36.2423,0.0,899.9691,900.1025
transport-opt14-strips-p11,2,False,339,2926,5488,8759,0,11056,0,17636,0,0,17637,0,6358,,0.0,174.0,590,571,0.0546,0.0772,0.0146,0.0088,0.0,61.6,0.0,899.9001,900.0615
transport-opt14-strips-p12,2,False,375,3159,5777,9317,0,11944,0,14646,0,0,14646,0,6512,,0.0,178.0,611,611,0.0406,0.0781,0.0173,0.0099,0.0,75.0281,0.0,899.9764,900.1401
transport-opt14-strips-p13,0,False,96,549,997,1646,0,2121,0,1536,0,0,1541,0,1225,,0.0,473.0,500,473,0.0108,0.0043,0.001,0.0022,0.0,0.2715,0.0,2.0256,2.0445
transport-opt14-strips-p14,0,False,186,1019,1790,2999,0,3914,0,1014,0,0,1029,0,749,,0.0,336.0,339,336,0.0149,0.0138,0.0021,0.0031,0.0,0.7708,0.0,2.3876,2.4224
transport-opt14-strips-p15,2,False,258,1649,2944,4856,0,6273,0,30552,0,0,30552,0,47799,,0.0,579.071,601,601,0.0212,0.0276,0.0055,0.0047,0.0,34.3543,0.0,900.0019,900.0731
transport-opt14-strips-p16,2,False,374,2741,4942,8062,0,10453,0,15080,0,0,15080,0,4841,,0.0,223.0,593,593,0.0369,0.0716,0.0111,0.0088,0.0,81.3607,0.0,899.9418,900.0753
transport-opt14-strips-p17,2,False,501,4705,8575,13787,0,17580,0,19062,0,0,19062,0,6096,,0.0,250.2,683,683,0.0591,0.1536,0.0252,0.018,0.0,370.5528,0.0,899.8968,900.176
transport-opt14-strips-p18,2,False,555,5002,9108,14671,0,18745,0,18024,0,0,18024,0,7636,,0.0,354.0,673,673,0.0682,0.1792,0.0305,0.0192,0.0,255.2024,0.0,899.8696,900.1998
transport-opt14-strips-p19,2,False,616,5014,9478,15115,0,19095,0,12640,0,0,12641,0,3969,,0.0,253.0,923,893,0.5178,0.2311,0.0263,0.0768,0.0,172.6272,0.0,899.2356,900.0987
transport-opt14-strips-p20,2,False,616,5014,9478,15115,0,19095,0,12640,0,0,12641,0,3969,,0.0,253.0,923,893,0.5248,0.231,0.0278,0.0827,0.0,172.4805,0.0,899.2213,900.1035
transport-sat08-strips-p01,0,False,26,82,142,252,0,309,0,108,0,0,108,0,0,,0.0,54.0,54,54,0.456,0.0013,0.0001,0.1024,0.0,0.002,0.0,0.3787,0.9423
transport-sat08-strips-p02,0,False,66,299,531,900,0,1162,0,42,0,0,45,0,0,,0.0,152.0,155,152,0.4468,0.0028,0.0004,0.054,0.0,0.0031,0.0,0.1232,0.6292
transport-sat08-strips-p03,2,False,150,1227,2243,3626,0,4565,0,9484,0,0,9492,0,18151,,0.0,184.0,238,217,0.4514,0.0141,0.0046,0.0575,0.0,6.3661,0.0,899.557,900.0952
transport-sat08-strips-p04,2,False,237,2179,3882,6306,0,8051,0,12276,0,0,12276,0,10921,,0.0,144.0,247,247,0.4646,0.0343,0.0067,0.0605,0.0,24.2054,0.0,899.5083,900.0985
transport-sat08-strips-p05,2,False,344,3003,5765,9122,0,11399,0,14699,0,0,14700,0,12270,,0.0,213.104,363,360,0.4636,0.0799,0.0132,0.0602,0.0,56.0805,0.0,899.4433,900.0931
transport-sat08-strips-p06,2,False,516,6545,12245,19318,0,24265,0,7368,0,0,7369,0,5076,,0.0,157.167,430,424,0.5145,0.2404,0.0594,0.0746,0.0,96.1044,0.0,899.1664,900.0629
transport-sat08-strips-p07,2,False,670,9375,16833,26892,0,34274,0,9250,0,0,9250,0,4112,,0.0,236.333,462,462,0.8021,0.3971,0.1066,0.0959,0.0,245.2479,0.0,898.6974,900.1165
transport-sat08-strips-p08,2,False,844,11825,21783,34468,0,43587,0,4218,0,0,4218,0,1456,,0.0,278.0,360,360,0.5892,0.6561,0.1541,0.1132,0.0,300.8375,0.0,898.5583,900.0786
transport-sat08-strips-p09,2,False,1038,15442,27877,44375,0,56556,0,6181,0,0,6181,0,3559,,0.0,263.0,432,432,0.7127,0.9749,0.2181,0.1489,0.0,619.2456,0.0,897.7916,900.148
transport-sat08-strips-p10,2,False,1252,18354,33971,53597,0,67778,0,3543,0,0,3543,0,1212,,0.0,294.0,544,544,0.3954,1.462,0.3443,0.1358,0.0,545.4963,0.0,897.9367,900.2856
transport-sat08-strips-p11,0,False,30,103,195,330,0,424,0,172,0,0,172,0,0,,0.0,262.0,262,262,0.4457,0.0012,0.0001,0.0575,0.0,0.0034,0.0,0.111,0.6175
transport-sat08-strips-p12,0,False,78,379,727,1188,0,1515,0,1463,0,0,1490,0,12371,,0.0,258.0,293,258,0.4487,0.0043,0.0006,0.0546,0.0,0.1365,0.0,3.8491,4.3597
transport-sat08-strips-p13,2,False,177,1461,2608,4252,0,5469,0,11399,0,0,11399,0,7499,,0.0,247.0,390,390,0.0352,0.0186,0.0041,0.0043,0.0,12.1813,0.0,900.0285,900.0948
transport-sat08-strips-p14,2,False,281,2566,4738,7593,0,9611,0,15361,0,0,15363,0,10224,,0.0,262.0,542,537,0.0304,0.0485,0.0158,0.0074,0.0,40.0548,0.0,899.9842,900.1187
transport-sat08-strips-p15,2,False,409,3936,7290,11645,0,14714,0,11852,0,0,11852,0,6016,,0.0,170.086,555,555,0.0681,0.1292,0.0313,0.0131,0.0,66.1175,0.0,899.8763,900.1298
transport-sat08-strips-p16,2,False,612,8185,14965,23774,0,30097,0,11978,0,0,11978,0,6052,,0.0,172.0,667,667,0.1107,0.3471,0.1002,0.0363,0.0,222.5933,0.0,899.4955,900.1078
transport-sat08-strips-p17,2,False,796,9999,18897,29706,0,37454,0,10790,0,0,10790,0,5580,,0.0,279.707,737,737,0.1703,0.6193,0.1867,0.0488,0.0,312.6492,0.0,899.0526,900.0917
transport-sat08-strips-p18,2,False,1004,13785,25414,40219,0,51030,0,9406,0,0,9406,0,4812,,0.0,266.0,721,721,0.2792,0.9583,0.2842,0.0825,0.0,481.724,0.0,898.6238,900.2462
transport-sat08-strips-p19,2,False,1236,17209,32671,51134,0,64324,0,4834,0,0,4834,0,1484,,0.0,250.0,863,863,0.3989,1.4811,0.4262,0.1281,0.0,543.2329,0.0,897.6601,900.1038
transport-sat08-strips-p20,2,False,1492,19973,37819,59304,0,74609,0,4452,0,0,4452,0,2143,,0.0,281.0,854,854,0.5604,2.1221,0.6782,0.1753,0.0,758.7756,0.0,896.5407,900.088
transport-sat08-strips-p21,0,False,30,105,183,320,0,416,0,237,0,0,237,0,89,,0.0,386.0,386,386,0.0234,0.0004,0.0001,0.0018,0.0,0.005,0.0,0.0594,0.0856
transport-sat08-strips-p22,0,False,78,392,734,1208,0,1535,0,528,0,0,528,0,461,,0.0,421.0,421,421,0.0297,0.0033,0.0005,0.0023,0.0,0.0493,0.0,0.3564,0.3929
transport-sat08-strips-p23,2,False,177,1440,2616,4239,0,5373,0,13889,0,0,13890,0,14025,,0.0,158.667,563,551,0.0337,0.0186,0.0053,0.004,0.0,12.3171,0.0,899.9863,900.0543
transport-sat08-strips-p24,2,False,281,2627,4907,7823,0,9909,0,24699,0,0,24699,0,13026,,0.0,257.0,653,653,0.048,0.0472,0.012,0.0079,0.0,58.1975,0.0,900.0183,900.2028
transport-sat08-strips-p25,2,False,409,4300,7738,12457,0,15862,0,13501,0,0,13502,0,10049,,0.0,280.714,732,731,0.0715,0.1097,0.0387,0.0137,0.0,74.7824,0.0,899.8434,900.1121
transport-sat08-strips-p26,2,False,612,7048,13546,21218,0,26491,0,8992,0,0,8992,0,3659,,0.0,301.0,685,685,0.1271,0.3803,0.065,0.034,0.0,228.9524,0.0,899.5277,900.1456
transport-sat08-strips-p27,2,False,796,9647,18696,29153,0,36420,0,6796,0,0,6796,0,2694,,0.0,341.0,931,931,0.1694,0.6763,0.1287,0.0516,0.0,271.6776,0.0,899.033,900.0644
transport-sat08-strips-p28,2,False,1004,12795,24721,38536,0,48057,0,12980,0,0,12980,0,4357,,0.0,409.381,995,995,0.2637,1.0968,0.1989,0.0786,0.0,517.7261,0.0,898.9026,900.5548
transport-sat08-strips-p29,2,False,1236,17323,31879,50456,0,64013,0,7756,0,0,7756,0,2728,,0.0,391.0,1042,1042,0.4136,1.3766,0.2869,0.1229,0.0,640.0547,0.0,898.0221,900.2322
transport-sat08-strips-p30,2,False,1492,20833,39665,62010,0,78051,0,4661,0,0,4661,0,1258,,0.0,488.167,1479,1479,0.5577,2.1558,0.4251,0.1943,0.0,911.0179,0.0,896.7634,900.1044
transport-sat11-strips-p01,2,False,844,11825,21783,34468,0,43587,0,4218,0,0,4218,0,1452,,0.0,278.0,360,360,0.2122,0.6547,0.1541,0.0663,0.0,300.7009,0.0,898.9836,900.0773
transport-sat11-strips-p02,2,False,1038,15442,27877,44375,0,56556,0,6182,0,0,6182,0,3579,,0.0,263.0,432,432,0.2969,0.9545,0.2196,0.0944,0.0,619.2895,0.0,898.491,900.0766
transport-sat11-strips-p03,2,False,1236,17323,31879,50456,0,64013,0,7766,0,0,7766,0,2730,,0.0,391.0,1042,1042,0.4046,1.3721,0.2905,0.1275,0.0,640.3123,0.0,897.9338,900.1389
transport-sat11-strips-p04,2,False,612,8185,14965,23774,0,30097,0,11978,0,0,11978,0,6076,,0.0,172.0,667,667,0.1261,0.3488,0.1043,0.0368,0.0,222.2195,0.0,899.4797,900.1085
transport-sat11-strips-p05,2,False,796,9999,18897,29706,0,37454,0,10790,0,0,10790,0,5577,,0.0,279.707,737,737,0.1858,0.6199,0.1854,0.0497,0.0,312.901,0.0,899.0313,900.0784
transport-sat11-strips-p06,2,False,1004,13785,25414,40219,0,51030,0,9438,0,0,9438,0,4846,,0.0,266.0,721,721,0.2737,0.951,0.2838,0.0817,0.0,482.274,0.0,898.5263,900.1243
transport-sat11-strips-p07,2,False,1236,17209,32671,51134,0,64324,0,4824,0,0,4824,0,1479,,0.0,250.0,863,863,0.3958,1.4737,0.4214,0.1277,0.0,541.7899,0.0,897.6783,900.111
transport-sat11-strips-p08,2,False,1252,18354,33971,53597,0,67778,0,3543,0,0,3543,0,1212,,0.0,294.0,544,544,0.4089,1.4673,0.3478,0.1389,0.0,545.69,0.0,898.0646,900.4399
transport-sat11-strips-p09,2,False,1492,19973,37819,59304,0,74609,0,4456,0,0,4456,0,2143,,0.0,281.0,854,854,0.5557,2.1162,0.6771,0.1803,0.0,758.6514,0.0,896.6521,900.1939
transport-sat11-strips-p10,2,False,1492,20833,39665,62010,0,78051,0,4661,0,0,4661,0,1258,,0.0,488.167,1479,1479,0.5513,2.158,0.4287,0.1948,0.0,910.6392,0.0,896.7221,900.0606
transport-sat11-strips-p11,2,False,1356,19470,36127,56975,0,72203,0,3758,0,0,3758,0,1245,,0.0,332.0,496,496,0.4726,1.9601,0.3347,0.1658,0.0,571.0502,0.0,897.1113,900.0556
transport-sat11-strips-p12,2,False,1324,18122,34440,53906,0,67759,0,5730,0,0,5730,0,1585,,0.0,281.0,538,538,0.4544,1.656,0.3582,0.1589,0.0,778.08,0.0,897.5025,900.142
transport-sat11-strips-p13,2,False,1434,21066,39090,61612,0,77933,0,6053,0,0,6053,0,1493,,0.0,322.0,574,574,0.5243,1.9727,0.5493,0.1749,0.0,661.3018,0.0,897.4309,900.6676
transport-sat11-strips-p14,2,False,3176,43243,84751,131192,0,163978,0,278,0,0,278,0,50,,0.0,360.0,991,991,2.2153,12.2936,1.9707,1.4357,0.0,701.4327,0.0,891.8766,909.822
transport-sat11-strips-p15,2,False,3028,43871,83471,130390,0,164248,0,153,0,0,153,0,30,,0.0,376.0,1007,1007,2.0011,8.6277,1.8109,1.2514,0.0,1237.2575,0.0,886.5212,900.2278
transport-sat11-strips-p16,2,False,3280,50809,94391,148502,0,188237,0,201,0,0,201,0,12,,0.0,358.0,977,977,2.3643,11.5314,3.4959,1.6024,0.0,892.9655,0.0,885.1407,904.1514
transport-sat11-strips-p17,2,False,4736,69511,132381,206650,0,260295,0,141,0,0,141,0,7,,0.0,447.0,1335,1335,4.7458,23.5736,5.1685,3.9239,0.0,1045.127,0.0,862.7534,900.2067
transport-sat11-strips-p18,2,False,4588,65607,124649,194864,0,245922,0,152,0,0,152,0,25,,0.0,388.833,1225,1225,4.3854,22.2462,2.3059,3.4588,0.0,1224.3061,0.0,871.1883,903.6168
transport-sat11-strips-p19,2,False,4970,69163,135519,209674,0,262271,0,87,0,0,87,0,13,,0.0,395.0,1335,1335,5.1967,27.9846,5.521,3.8705,0.0,899.6316,0.0,867.6739,910.2693
transport-sat11-strips-p20,2,False,5204,77022,146630,228878,0,288276,0,31,0,0,31,0,0,,0.0,453.0,1335,1335,5.691,26.9857,6.0287,4.6072,0.0,806.1966,0.0,875.0958,918.4318
transport-sat14-strips-p01,2,False,1512,20463,40180,62180,0,77477,0,4417,0,0,4417,0,1405,,0.0,302.807,571,571,0.588,2.4274,0.393,0.2005,0.0,640.6449,0.0,896.4409,900.0614
transport-sat14-strips-p02,2,False,1874,25945,51071,78920,0,98334,0,1401,0,0,1401,0,417,,0.0,368.0,661,661,0.8805,4.0807,1.3176,0.3378,0.0,867.6087,0.0,894.0777,900.7051
transport-sat14-strips-p03,2,False,1599,23988,44566,70178,0,88745,0,3260,0,0,3260,0,1262,,0.0,319.914,610,610,0.6525,2.6206,0.4955,0.2355,0.0,624.6278,0.0,896.0882,900.099
transport-sat14-strips-p04,2,False,4006,59624,113949,177604,0,223506,0,64,0,0,64,0,0,,0.0,420.0,1147,1147,3.5215,17.2258,3.8097,2.6928,0.0,830.3614,0.0,890.4079,917.6761
transport-sat14-strips-p05,2,False,4628,74263,138493,217414,0,275250,0,77,0,0,77,0,0,,0.0,401.0,1035,1035,4.7596,22.4222,7.2185,3.8601,0.0,701.948,0.0,882.588,920.8717
transport-sat14-strips-p06,2,False,4006,59624,113949,177604,0,223506,0,64,0,0,64,0,0,,0.0,420.0,1147,1147,3.5209,17.0851,3.9265,2.6984,0.0,831.2025,0.0,891.3164,918.5654
transport-sat14-strips-p07,2,False,5978,104047,184835,294885,0,378726,0,52,0,0,52,0,17,,0.0,532.5,1444,1444,7.6325,34.3102,8.209,6.5463,0.0,877.8668,0.0,854.081,910.8329
transport-sat14-strips-p08,2,False,6906,111539,207959,326434,0,413448,0,71,0,0,71,0,5,,0.0,537.0,1530,1530,10.3249,48.1329,12.5424,8.9919,0.0,1255.5028,0.0,1091.8995,1171.9367
transport-sat14-strips-p09,2,False,5978,104047,184835,294885,0,378726,0,52,0,0,52,0,17,,0.0,532.5,1444,1444,7.6331,34.1644,8.1211,6.5403,0.0,877.2141,0.0,850.926,907.43
transport-sat14-strips-p10,2,False,5804,87175,166300,259304,0,326351,0,102,0,0,102,0,0,,0.0,430.0,1471,1471,7.196,32.6756,6.2418,5.8713,0.0,1559.9627,0.0,923.7889,975.8007
transport-sat14-strips-p11,2,False,1890,34794,64059,100768,0,127918,0,708,0,0,708,0,221,,0.0,327.0,644,644,1.0295,4.4299,0.8953,0.3985,0.0,611.0816,0.0,894.0154,900.783
transport-sat14-strips-p12,2,False,2214,36159,65783,104186,0,132570,0,266,0,0,266,0,19,,0.0,398.0,699,699,1.2013,4.8794,1.6305,0.6299,0.0,980.832,0.0,894.528,902.8824
transport-sat14-strips-p13,2,False,1798,20287,38315,60425,0,76096,0,3834,0,0,3834,0,772,,0.0,337.0,605,605,0.6427,2.5784,0.4947,0.2323,0.0,951.3512,0.0,897.4375,901.3965
transport-sat14-strips-p14,2,False,3690,64953,124803,193471,0,243342,0,208,0,0,208,0,0,,0.0,365.0,1000,1000,3.5845,17.3897,4.165,2.878,0.0,1141.3505,0.0,877.7493,905.7866
transport-sat14-strips-p15,2,False,4288,64912,124260,193490,0,243317,0,137,0,0,137,0,6,,0.0,413.0,1118,1118,4.1095,21.5593,5.7414,3.1601,0.0,860.5959,0.0,869.9846,904.5775
transport-sat14-strips-p16,2,False,3506,41608,78733,123872,0,156021,0,425,0,0,425,0,54,,0.0,363.0,1041,1041,2.1833,9.4589,2.1777,1.5725,0.0,929.066,0.0,885.5485,900.9624
transport-sat14-strips-p17,2,False,5490,101454,190606,297575,0,376694,0,104,0,0,104,0,7,,0.0,553.0,1375,1375,7.6665,41.2035,7.3669,5.999,0.0,1284.5238,0.0,856.0919,918.3604
transport-sat14-strips-p18,2,False,6498,99218,189848,295594,0,371764,0,67,0,0,67,0,17,,0.0,478.5,1496,1496,9.1505,47.0328,9.0349,7.5661,0.0,939.4804,0.0,838.9532,911.7735
transport-sat14-strips-p19,2,False,5326,68252,124902,198505,0,252354,0,48,0,0,49,0,0,,0.0,486.0,1262,1250,4.8225,22.5402,4.3071,3.9556,0.0,819.7654,0.0,867.4191,903.0855
transport-sat14-strips-p20,2,False,6030,107729,206629,320413,0,402996,0,62,0,0,62,0,2,,0.0,494.5,1472,1472,9.2042,44.0412,9.2555,7.5818,0.0,915.5639,0.0,866.5538,936.6693
trucks-p01,-3,False,0,0,0,0,0,0,0,0,0,0,0,0,0,,0.0,0.0,1e+20,1e+20,0,0,0,0,0,0,0,0,0
trucks-p02,-3,False,0,0,0,0,0,0,0,0,0,0,0,0,0,,0.0,0.0,1e+20,1e+20,0,0,0,0,0,0,0,0,0
trucks-p03,-3,False,0,0,0,0,0,0,0,0,0,0,0,0,0,,0.0,0.0,1e+20,1e+20,0,0,0,0,0,0,0,0,0
trucks-p04,-3,False,0,0,0,0,0,0,0,0,0,0,0,0,0,,0.0,0.0,1e+20,1e+20,0,0,0,0,0,0,0,0,0
trucks-p05,-3,False,0,0,0,0,0,0,0,0,0,0,0,0,0,,0.0,0.0,1e+20,1e+20,0,0,0,0,0,0,0,0,0
trucks-p06,-3,False,0,0,0,0,0,0,0,0,0,0,0,0,0,,0.0,0.0,1e+20,1e+20,0,0,0,0,0,0,0,0,0
trucks-p07,-3,False,0,0,0,0,0,0,0,0,0,0,0,0,0,,0.0,0.0,1e+20,1e+20,0,0,0,0,0,0,0,0,0
trucks-p08,-3,False,0,0,0,0,0,0,0,0,0,0,0,0,0,,0.0,0.0,1e+20,1e+20,0,0,0,0,0,0,0,0,0
trucks-p09,-3,False,0,0,0,0,0,0,0,0,0,0,0,0,0,,0.0,0.0,1e+20,1e+20,0,0,0,0,0,0,0,0,0
trucks-p10,-3,False,0,0,0,0,0,0,0,0,0,0,0,0,0,,0.0,0.0,1e+20,1e+20,0,0,0,0,0,0,0,0,0
trucks-p11,-3,False,0,0,0,0,0,0,0,0,0,0,0,0,0,,0.0,0.0,1e+20,1e+20,0,0,0,0,0,0,0,0,0
trucks-p12,-3,False,0,0,0,0,0,0,0,0,0,0,0,0,0,,0.0,0.0,1e+20,1e+20,0,0,0,0,0,0,0,0,0
trucks-p13,-3,False,0,0,0,0,0,0,0,0,0,0,0,0,0,,0.0,0.0,1e+20,1e+20,0,0,0,0,0,0,0,0,0
trucks-p14,-3,False,0,0,0,0,0,0,0,0,0,0,0,0,0,,0.0,0.0,1e+20,1e+20,0,0,0,0,0,0,0,0,0
trucks-p15,-3,False,0,0,0,0,0,0,0,0,0,0,0,0,0,,0.0,0.0,1e+20,1e+20,0,0,0,0,0,0,0,0,0
trucks-p16,-3,False,0,0,0,0,0,0,0,0,0,0,0,0,0,,0.0,0.0,1e+20,1e+20,0,0,0,0,0,0,0,0,0
trucks-p17,-3,False,0,0,0,0,0,0,0,0,0,0,0,0,0,,0.0,0.0,1e+20,1e+20,0,0,0,0,0,0,0,0,0
trucks-p18,-3,False,0,0,0,0,0,0,0,0,0,0,0,0,0,,0.0,0.0,1e+20,1e+20,0,0,0,0,0,0,0,0,0
trucks-p19,-3,False,0,0,0,0,0,0,0,0,0,0,0,0,0,,0.0,0.0,1e+20,1e+20,0,0,0,0,0,0,0,0,0
trucks-p20,-3,False,0,0,0,0,0,0,0,0,0,0,0,0,0,,0.0,0.0,1e+20,1e+20,0,0,0,0,0,0,0,0,0
trucks-p21,-3,False,0,0,0,0,0,0,0,0,0,0,0,0,0,,0.0,0.0,1e+20,1e+20,0,0,0,0,0,0,0,0,0
trucks-p22,-3,False,0,0,0,0,0,0,0,0,0,0,0,0,0,,0.0,0.0,1e+20,1e+20,0,0,0,0,0,0,0,0,0
trucks-p23,-3,False,0,0,0,0,0,0,0,0,0,0,0,0,0,,0.0,0.0,1e+20,1e+20,0,0,0,0,0,0,0,0,0
trucks-p24,-3,False,0,0,0,0,0,0,0,0,0,0,0,0,0,,0.0,0.0,1e+20,1e+20,0,0,0,0,0,0,0,0,0
trucks-p25,-3,False,0,0,0,0,0,0,0,0,0,0,0,0,0,,0.0,0.0,1e+20,1e+20,0,0,0,0,0,0,0,0,0
trucks-p26,-3,False,0,0,0,0,0,0,0,0,0,0,0,0,0,,0.0,0.0,1e+20,1e+20,0,0,0,0,0,0,0,0,0
trucks-p27,-3,False,0,0,0,0,0,0,0,0,0,0,0,0,0,,0.0,0.0,1e+20,1e+20,0,0,0,0,0,0,0,0,0
trucks-p28,-3,False,0,0,0,0,0,0,0,0,0,0,0,0,0,,0.0,0.0,1e+20,1e+20,0,0,0,0,0,0,0,0,0
trucks-p29,-3,False,0,0,0,0,0,0,0,0,0,0,0,0,0,,0.0,0.0,1e+20,1e+20,0,0,0,0,0,0,0,0,0
trucks-p30,-3,False,0,0,0,0,0,0,0,0,0,0,0,0,0,,0.0,0.0,1e+20,1e+20,0,0,0,0,0,0,0,0,0
trucks-strips-p01,0,True,14,33,48,107,0,122,0,0,0,0,0,0,0,,0.0,11.0,11,11,0.0055,0.0004,0.0,0.001,0.0,0.0,0.0,0.004,0.0113
trucks-strips-p02,0,True,17,40,55,126,0,143,0,0,0,0,0,0,0,,0.0,14.0,14,14,0.006,0.0004,0.0001,0.0015,0.0,0.0,0.0,0.0044,0.0127
trucks-strips-p03,0,True,23,53,81,175,0,194,0,0,0,0,0,0,0,,0.0,17.0,17,17,0.0078,0.0011,0.0001,0.0022,0.0,0.0,0.0,0.0049,0.0166
trucks-strips-p04,0,True,26,60,90,197,0,221,0,0,0,0,0,0,0,,0.0,20.0,20,20,0.0073,0.0014,0.0001,0.001,0.0,0.0,0.0,0.0051,0.0153
trucks-strips-p05,0,True,32,73,112,242,0,268,0,0,0,0,0,0,0,,0.0,23.0,23,23,0.0113,0.0027,0.0001,0.0011,0.0,0.0,0.0,0.0057,0.0214
trucks-strips-p06,0,True,35,80,121,264,0,295,0,0,0,0,0,0,0,,0.0,26.0,26,26,0.0121,0.0033,0.0002,0.0013,0.0,0.0,0.0,0.0059,0.0233
trucks-strips-p07,0,True,38,102,132,293,0,327,0,0,0,0,0,0,0,,0.0,20.0,20,20,0.0081,0.0019,0.0002,0.0012,0.0,0.0,0.0,0.006,0.0179
trucks-strips-p08,0,True,46,127,186,386,0,414,0,0,0,0,0,0,0,,0.0,24.0,24,24,0.0133,0.0041,0.0003,0.0012,0.0,0.0,0.0,0.0075,0.027
trucks-strips-p09,0,True,52,140,202,423,0,449,0,0,0,0,0,0,0,,0.0,26.0,26,26,0.0142,0.0054,0.0003,0.0013,0.0,0.0,0.0,0.008,0.0298
trucks-strips-p10,0,True,56,153,217,458,0,504,0,0,0,0,0,0,0,,0.0,30.0,30,30,0.0163,0.0068,0.0004,0.0013,0.0,0.0,0.0,0.0082,0.0336
trucks-strips-p11,0,True,65,178,257,535,0,571,0,0,0,0,0,0,0,,0.0,33.0,33,33,0.0244,0.0133,0.0005,0.0013,0.0,0.0,0.0,0.0092,0.0494
trucks-strips-p12,0,True,70,191,274,574,0,619,0,0,0,0,0,0,0,,0.0,36.0,36,36,0.0279,0.0139,0.0006,0.0014,0.0,0.0,0.0,0.0093,0.0538
trucks-strips-p13,0,True,78,249,348,709,0,770,0,0,0,0,0,0,0,,0.0,30.0,30,30,0.0256,0.0139,0.0007,0.0014,0.0,0.0,0.0,0.0121,0.0543
trucks-strips-p14,0,True,84,270,372,763,0,803,0,0,0,0,0,0,0,,0.0,34.0,34,34,0.028,0.0159,0.0008,0.0014,0.0,0.0,0.0,0.0122,0.0591
trucks-strips-p15,0,True,91,291,395,815,0,880,0,0,0,0,0,0,0,,0.0,37.0,37,37,0.0328,0.0195,0.001,0.0016,0.0,0.0,0.0,0.013,0.0687
trucks-strips-p16,0,True,98,312,421,873,0,929,0,0,0,0,0,0,0,,0.0,40.0,40,40,0.0338,0.0228,0.0012,0.0014,0.0,0.0,0.0,0.0137,0.0736
trucks-strips-p17,0,True,110,353,487,996,0,1064,0,0,0,0,0,0,0,,0.0,43.0,43,43,0.0586,0.0457,0.0015,0.0017,0.0,0.0,0.0,0.0148,0.1236
trucks-strips-p18,0,True,117,374,511,1050,0,1105,0,0,0,0,0,0,0,,0.0,46.0,46,46,0.0621,0.046,0.0017,0.0017,0.0,0.0,0.0,0.0155,0.1289
trucks-strips-p19,0,True,125,462,613,1243,0,1319,0,0,0,0,0,0,0,,0.0,41.0,41,41,0.0543,0.0417,0.0019,0.0019,0.0,0.0,0.0,0.0197,0.1209
trucks-strips-p20,0,True,134,493,648,1320,0,1410,0,0,0,0,0,0,0,,0.0,44.0,44,44,0.0568,0.0544,0.002,0.0017,0.0,0.0,0.0,0.0203,0.1366
trucks-strips-p21,0,True,143,524,687,1405,0,1507,0,0,0,0,0,0,0,,0.0,47.0,47,47,0.064,0.0571,0.0024,0.002,0.0,0.0,0.0,0.021,0.148
trucks-strips-p22,0,True,152,555,660,1418,0,1535,0,0,0,0,0,0,0,,0.0,50.0,50,50,0.0691,0.0671,0.0027,0.002,0.0,0.0,0.0,0.0213,0.164
trucks-strips-p23,0,True,167,616,752,1589,0,1719,0,0,0,0,0,0,0,,0.0,53.0,53,53,0.1249,0.1248,0.0033,0.0023,0.0,0.0,0.0,0.0248,0.2824
trucks-strips-p24,0,True,176,647,784,1664,0,1781,0,0,0,0,0,0,0,,0.0,56.0,56,56,0.1386,0.1339,0.0038,0.0026,0.0,0.0,0.0,0.0264,0.3079
trucks-strips-p25,0,True,186,771,987,1995,0,2078,0,0,0,0,0,0,0,,0.0,50.0,50,50,0.1275,0.1183,0.0038,0.0024,0.0,0.0,0.0,0.0289,0.2835
trucks-strips-p26,0,True,196,814,1036,2101,0,2167,0,0,0,0,0,0,0,,0.0,54.0,54,54,0.1397,0.1155,0.0046,0.0026,0.0,0.0,0.0,0.0323,0.2973
trucks-strips-p27,0,True,207,857,1085,2207,0,2340,0,0,0,0,0,0,0,,0.0,57.0,57,57,0.1521,0.151,0.0052,0.0027,0.0,0.0,0.0,0.0339,0.3478
trucks-strips-p28,0,True,218,900,1134,2313,0,2453,0,0,0,0,0,0,0,,0.0,60.0,60,60,0.1654,0.1707,0.006,0.0027,0.0,0.0,0.0,0.0333,0.3812
trucks-strips-p29,0,True,236,985,1267,2552,0,2706,0,0,0,0,0,0,0,,0.0,63.0,63,63,0.3057,0.3001,0.0072,0.0033,0.0,0.0,0.0,0.0414,0.6633
trucks-strips-p30,0,True,247,1028,1316,2658,0,2819,0,0,0,0,0,0,0,,0.0,66.0,66,66,0.3285,0.375,0.0087,0.003,0.0,0.0,0.0,0.0387,0.7596
visitall-opt11-strips-problem02-full,0,True,0,4,8,18,0,18,0,0,0,0,0,0,0,,0.0,3.0,3,3,0.005,0.0,0.0,0.001,0.0,0.0,0.0,0.0029,0.0093
visitall-opt11-strips-problem02-half,0,True,2,4,5,13,0,11,0,0,0,0,0,0,0,,0.0,1.0,1,1,0.0043,0.0,0.0,0.0011,0.0,0.0,0.0,0.0021,0.008
visitall-opt11-strips-problem03-full,0,True,0,12,24,52,0,56,0,0,0,0,0,0,0,,0.0,8.0,8,8,0.0032,0.0001,0.0,0.0012,0.0,0.0,0.0,0.0031,0.008
visitall-opt11-strips-problem03-half,0,True,4,12,19,43,0,45,0,0,0,0,0,0,0,,0.0,5.0,5,5,0.0049,0.0,0.0,0.0009,0.0,0.0,0.0,0.0033,0.0095
visitall-opt11-strips-problem04-full,0,True,0,34,68,132,0,158,0,0,0,0,0,0,0,,0.0,15.0,15,15,0.0049,0.0001,0.0,0.0012,0.0,0.0,0.0,0.0038,0.0104
visitall-opt11-strips-problem04-half,0,True,8,34,49,105,0,115,0,3,0,0,3,0,0,,0.0,10.0,10,10,0.0046,0.0001,0.0,0.0008,0.0,0.0,0.0,0.0061,0.0122
visitall-opt11-strips-problem05-full,0,True,0,64,128,240,0,296,0,0,0,0,0,0,0,,0.0,24.0,24,24,0.0054,0.0002,0.0001,0.001,0.0,0.0,0.0,0.0048,0.0119
visitall-opt11-strips-problem05-half,0,True,10,64,98,200,0,227,0,3,0,0,3,0,0,,0.0,15.0,15,15,0.0054,0.0002,0.0001,0.0011,0.0,0.0001,0.0,0.0071,0.0143
visitall-opt11-strips-problem06-full,0,True,0,104,208,382,0,478,0,0,0,0,0,0,0,,0.0,35.0,35,35,0.0049,0.0005,0.0002,0.0011,0.0,0.0,0.0,0.006,0.013
visitall-opt11-strips-problem06-half,0,True,20,104,148,302,0,341,0,21,0,0,22,0,0,,0.0,19.0,20,19,0.0048,0.0003,0.0001,0.0013,0.0,0.0006,0.0,0.0525,0.0596
visitall-opt11-strips-problem07-full,0,True,0,152,304,552,0,696,0,0,0,0,0,0,0,,0.0,48.0,48,48,0.0051,0.0008,0.0004,0.0012,0.0,0.0,0.0,0.0074,0.0153
visitall-opt11-strips-problem07-half,0,True,16,152,255,487,0,584,0,14,0,0,15,0,0,,0.0,32.0,33,32,0.0141,0.0006,0.0003,0.0014,0.0,0.0005,0.0,0.0109,0.0277
visitall-opt11-strips-problem08-full,0,True,0,208,416,750,0,950,0,0,0,0,0,0,0,,0.0,63.0,63,63,0.006,0.0012,0.0007,0.0014,0.0,0.0,0.0,0.009,0.0188
visitall-opt11-strips-problem08-half,0,True,31,208,314,617,0,717,0,174,0,0,177,0,37,,0.0,37.0,38,37,0.0049,0.0009,0.0005,0.0014,0.0,0.0124,0.0,0.062,0.0702
visitall-opt11-strips-problem09-full,0,True,0,272,544,976,0,1240,0,0,0,0,0,0,0,,0.0,80.0,80,80,0.0062,0.0019,0.0013,0.0016,0.0,0.0,0.0,0.011,0.0224
visitall-opt11-strips-problem09-half,0,True,31,272,439,840,0,1000,0,61,0,0,63,0,0,,0.0,51.0,54,51,0.0058,0.0015,0.0009,0.0014,0.0,0.0058,0.0,0.0481,0.0583
visitall-opt11-strips-problem10-full,0,True,0,344,688,1230,0,1566,0,0,0,0,0,0,0,,0.0,99.0,99,99,0.0062,0.0028,0.002,0.002,0.0,0.0,0.0,0.0136,0.0272
visitall-opt11-strips-problem10-half,0,True,52,344,505,995,0,1150,0,290,0,0,292,0,1228,,0.0,56.0,58,56,0.0062,0.002,0.0012,0.0016,0.0,0.0434,0.0,0.3599,0.3716
visitall-opt11-strips-problem11-full,0,True,0,424,848,1512,0,1928,0,0,0,0,0,0,0,,0.0,120.0,120,120,0.0068,0.0039,0.0036,0.002,0.0,0.0,0.0,0.0178,0.0346
visitall-opt11-strips-problem11-half,0,True,63,424,626,1227,0,1423,0,321,0,0,325,0,233,,0.0,64.0,68,64,0.0057,0.0028,0.002,0.0016,0.0,0.0795,0.0,0.2256,0.2382
visitall-opt14-strips-p-05-10,0,True,54,344,495,983,0,1127,0,186,0,0,187,0,80,,0.0,53.0,54,53,0.0054,0.002,0.0011,0.0018,0.0,0.0278,0.0,0.1394,0.1503
visitall-opt14-strips-p-05-5,0,True,7,64,110,215,0,254,0,0,0,0,0,0,0,,0.0,18.0,18,18,0.0056,0.0002,0.0001,0.0013,0.0,0.0,0.0,0.0049,0.0124
visitall-opt14-strips-p-05-6,0,True,18,104,155,311,0,356,0,17,0,0,22,0,0,,0.0,20.0,22,20,0.0048,0.0003,0.0001,0.001,0.0,0.0005,0.0,0.0157,0.0225
visitall-opt14-strips-p-05-7,0,True,25,152,224,447,0,513,0,93,0,0,95,0,0,,0.0,28.0,30,28,0.0048,0.0006,0.0003,0.0014,0.0,0.0035,0.0,0.1048,0.1124
visitall-opt14-strips-p-05-8,0,True,33,208,309,610,0,707,0,334,0,0,334,0,5156,,0.0,39.0,39,39,0.0053,0.0009,0.0005,0.0014,0.0,0.0271,0.0,1.7874,1.7961
visitall-opt14-strips-p-05-9,0,True,39,272,411,804,0,938,0,220,0,0,221,0,96,,0.0,46.0,48,46,0.006,0.0014,0.0008,0.0017,0.0,0.0282,0.0,0.1065,0.1169
visitall-opt14-strips-p-1-10,0,True,0,344,688,1230,0,1566,0,0,0,0,0,0,0,,0.0,99.0,99,99,0.0062,0.0028,0.002,0.0018,0.0,0.0,0.0,0.0138,0.0272
visitall-opt14-strips-p-1-11,0,True,0,424,848,1512,0,1928,0,0,0,0,0,0,0,,0.0,120.0,120,120,0.0092,0.0039,0.0032,0.002,0.0,0.0,0.0,0.0164,0.0353
visitall-opt14-strips-p-1-12,0,True,0,512,1024,1822,0,2326,0,0,0,0,0,0,0,,0.0,143.0,143,143,0.0076,0.0054,0.0048,0.0027,0.0,0.0,0.0,0.019,0.0401
visitall-opt14-strips-p-1-13,0,True,0,608,1216,2160,0,2760,0,0,0,0,0,0,0,,0.0,168.0,168,168,0.0082,0.0073,0.0078,0.0031,0.0,0.0,0.0,0.0223,0.0493
visitall-opt14-strips-p-1-14,0,True,0,712,1424,2526,0,3230,0,0,0,0,0,0,0,,0.0,195.0,195,195,0.0095,0.0097,0.0111,0.0035,0.0,0.0,0.0,0.0252,0.0597
visitall-opt14-strips-p-1-15,0,True,0,824,1648,2920,0,3736,0,0,0,0,0,0,0,,0.0,224.0,224,224,0.0119,0.0131,0.0169,0.0044,0.0,0.0,0.0,0.0284,0.0755
visitall-opt14-strips-p-1-16,0,True,0,944,1888,3342,0,4278,0,0,0,0,0,0,0,,0.0,255.0,255,255,0.0138,0.017,0.0222,0.0053,0.0,0.0,0.0,0.033,0.0921
visitall-opt14-strips-p-1-17,0,True,0,1072,2144,3792,0,4856,0,0,0,0,0,0,0,,0.0,288.0,288,288,0.0137,0.0215,0.0334,0.0057,0.0,0.0,0.0,0.0363,0.1114
visitall-opt14-strips-p-1-18,0,True,0,1208,2416,4270,0,5470,0,0,0,0,0,0,0,,0.0,323.0,323,323,0.0175,0.0271,0.0456,0.0072,0.0,0.0,0.0,0.0413,0.1397
visitall-opt14-strips-p-1-5,0,True,0,64,128,240,0,296,0,0,0,0,0,0,0,,0.0,24.0,24,24,0.0045,0.0002,0.0001,0.001,0.0,0.0,0.0,0.0049,0.0113
visitall-opt14-strips-p-1-6,0,True,0,104,208,382,0,478,0,0,0,0,0,0,0,,0.0,35.0,35,35,0.0048,0.0004,0.0002,0.0014,0.0,0.0,0.0,0.006,0.0132
visitall-opt14-strips-p-1-7,0,True,0,152,304,552,0,696,0,0,0,0,0,0,0,,0.0,48.0,48,48,0.0249,0.0008,0.0004,0.0014,0.0,0.0,0.0,0.0073,0.0353
visitall-opt14-strips-p-1-8,0,True,0,208,416,750,0,950,0,0,0,0,0,0,0,,0.0,63.0,63,63,0.0052,0.0012,0.0007,0.0016,0.0,0.0,0.0,0.009,0.0182
visitall-opt14-strips-p-1-9,0,True,0,272,544,976,0,1240,0,0,0,0,0,0,0,,0.0,80.0,80,80,0.006,0.0019,0.0013,0.0017,0.0,0.0,0.0,0.0109,0.0222
visitall-sat11-strips-problem12,0,True,0,512,1024,1822,0,2326,0,0,0,0,0,0,0,,0.0,143.0,143,143,0.007,0.0054,0.0048,0.0029,0.0,0.0,0.0,0.0186,0.0393
visitall-sat11-strips-problem14,0,True,0,712,1424,2526,0,3230,0,0,0,0,0,0,0,,0.0,195.0,195,195,0.0095,0.01,0.011,0.0034,0.0,0.0,0.0,0.0252,0.0598
visitall-sat11-strips-problem16,0,True,0,944,1888,3342,0,4278,0,0,0,0,0,0,0,,0.0,255.0,255,255,0.0117,0.0164,0.0222,0.0053,0.0,0.0,0.0,0.0331,0.0895
visitall-sat11-strips-problem18,0,True,0,1208,2416,4270,0,5470,0,0,0,0,0,0,0,,0.0,323.0,323,323,0.0166,0.0272,0.0454,0.007,0.0,0.0,0.0,0.0412,0.1385
visitall-sat11-strips-problem20,0,True,0,1504,3008,5310,0,6806,0,0,0,0,0,0,0,,0.0,399.0,399,399,0.0234,0.041,0.084,0.0095,0.0,0.0,0.0,0.0512,0.2106
visitall-sat11-strips-problem22,0,True,0,1832,3664,6462,0,8286,0,0,0,0,0,0,0,,0.0,483.0,483,483,0.0281,0.061,0.1374,0.0136,0.0,0.0,0.0,0.0572,0.2986
visitall-sat11-strips-problem24,0,True,0,2192,4384,7726,0,9910,0,0,0,0,0,0,0,,0.0,575.0,575,575,0.0358,0.0862,0.2237,0.0172,0.0,0.0,0.0,0.0703,0.4348
visitall-sat11-strips-problem26,0,True,0,2584,5168,9102,0,11678,0,0,0,0,0,0,0,,0.0,675.0,675,675,0.0449,0.1217,0.3308,0.0226,0.0,0.0,0.0,0.0805,0.6024
visitall-sat11-strips-problem28,0,True,0,3008,6016,10590,0,13590,0,0,0,0,0,0,0,,0.0,783.0,783,783,0.058,0.1592,0.5495,0.0299,0.0,0.0,0.0,0.0957,0.8945
visitall-sat11-strips-problem30,0,True,0,3464,6928,12190,0,15646,0,0,0,0,0,0,0,,0.0,899.0,899,899,0.0719,0.2154,0.7867,0.0386,0.0,0.0,0.0,0.1122,1.2275
visitall-sat11-strips-problem32,0,True,0,3952,7904,13902,0,17846,0,0,0,0,0,0,0,,0.0,1023.0,1023,1023,0.091,0.2719,1.179,0.0487,0.0,0.0,0.0,0.1312,1.7252
visitall-sat11-strips-problem34,0,True,0,4472,8944,15726,0,20190,0,0,0,0,0,0,0,,0.0,1155.0,1155,1155,0.1127,0.3564,1.6677,0.0609,0.0,0.0,0.0,0.1478,2.3495
visitall-sat11-strips-problem36,0,True,0,5024,10048,17662,0,22678,0,0,0,0,0,0,0,,0.0,1295.0,1295,1295,0.1372,0.444,2.3258,0.0754,0.0,0.0,0.0,0.1672,3.1545
visitall-sat11-strips-problem38,0,True,0,5608,11216,19710,0,25310,0,0,0,0,0,0,0,,0.0,1443.0,1443,1443,0.1682,0.5575,3.2582,0.0926,0.0,0.0,0.0,0.1891,4.2714
visitall-sat11-strips-problem40,0,True,0,6224,12448,21870,0,28086,0,0,0,0,0,0,0,,0.0,1599.0,1599,1599,0.2026,0.6948,4.149,0.1137,0.0,0.0,0.0,0.2048,5.3714
visitall-sat11-strips-problem42,0,True,0,6872,13744,24142,0,31006,0,0,0,0,0,0,0,,0.0,1763.0,1763,1763,0.2439,0.8555,5.3891,0.1362,0.0,0.0,0.0,0.2255,6.8594
visitall-sat11-strips-problem44,0,True,0,7552,15104,26526,0,34070,0,0,0,0,0,0,0,,0.0,1935.0,1935,1935,0.2908,1.0338,7.0325,0.1645,0.0,0.0,0.0,0.2462,8.779
visitall-sat11-strips-problem46,0,True,0,8264,16528,29022,0,37278,0,0,0,0,0,0,0,,0.0,2115.0,2115,2115,0.5699,1.2681,9.4543,0.1948,0.0,0.0,0.0,0.2642,11.7623
visitall-sat11-strips-problem48,0,True,0,9008,18016,31630,0,40630,0,0,0,0,0,0,0,,0.0,2303.0,2303,2303,0.4043,1.518,12.0598,0.2288,0.0,0.0,0.0,0.2853,14.5124
visitall-sat11-strips-problem50,0,True,0,9784,19568,34350,0,44126,0,0,0,0,0,0,0,,0.0,2499.0,2499,2499,0.4746,1.8068,15.1428,0.2676,0.0,0.0,0.0,0.3105,18.0212
visitall-sat14-strips-pfile30,0,True,0,3464,6928,12190,0,15646,0,0,0,0,0,0,0,,0.0,899.0,899,899,0.0708,0.2146,0.7871,0.0384,0.0,0.0,0.0,0.1131,1.2266
visitall-sat14-strips-pfile31,0,True,0,3704,7408,13032,0,16728,0,0,0,0,0,0,0,,0.0,960.0,960,960,0.0803,0.239,0.9573,0.0432,0.0,0.0,0.0,0.1215,1.4443
visitall-sat14-strips-pfile32,0,True,0,3952,7904,13902,0,17846,0,0,0,0,0,0,0,,0.0,1023.0,1023,1023,0.0901,0.2731,1.1243,0.0486,0.0,0.0,0.0,0.1304,1.6698
visitall-sat14-strips-pfile33,0,True,0,4208,8416,14800,0,19000,0,0,0,0,0,0,0,,0.0,1088.0,1088,1088,0.1002,0.3112,1.3532,0.0543,0.0,0.0,0.0,0.1385,1.9611
visitall-sat14-strips-pfile50,0,True,0,9784,19568,34350,0,44126,0,0,0,0,0,0,0,,0.0,2499.0,2499,2499,0.4714,1.7772,15.0401,0.2671,0.0,0.0,0.0,0.3129,17.887
visitall-sat14-strips-pfile51,0,True,0,10184,20368,35752,0,45928,0,0,0,0,0,0,0,,0.0,2600.0,2600,2600,0.5102,1.9612,18.1419,0.289,0.0,0.0,0.0,0.3254,21.2428
visitall-sat14-strips-pfile52,0,True,0,10592,21184,37182,0,47766,0,0,0,0,0,0,0,,0.0,2703.0,2703,2703,0.5494,2.1205,19.8174,0.3135,0.0,0.0,0.0,0.335,23.1529
visitall-sat14-strips-pfile53,0,True,0,11008,22016,38640,0,49640,0,0,0,0,0,0,0,,0.0,2808.0,2808,2808,0.5944,2.3318,22.4669,0.3372,0.0,0.0,0.0,0.3482,26.0957
visitall-sat14-strips-pfile54,0,True,0,11432,22864,40126,0,51550,0,0,0,0,0,0,0,,0.0,2915.0,2915,2915,0.6404,2.4663,25.1693,0.3632,0.0,0.0,0.0,0.3633,29.0301
visitall-sat14-strips-pfile55,0,True,0,11864,23728,41640,0,53496,0,0,0,0,0,0,0,,0.0,3024.0,3024,3024,0.6894,2.6517,27.6786,0.3895,0.0,0.0,0.0,0.3795,31.8082
visitall-sat14-strips-pfile56,0,True,0,12304,24608,43182,0,55478,0,0,0,0,0,0,0,,0.0,3135.0,3135,3135,0.7379,2.8391,31.827,0.4179,0.0,0.0,0.0,0.4015,36.254
visitall-sat14-strips-pfile57,0,True,0,12752,25504,44752,0,57496,0,0,0,0,0,0,0,,0.0,3248.0,3248,3248,0.7962,3.0448,33.5343,0.4502,0.0,0.0,0.0,0.4132,38.261
visitall-sat14-strips-pfile58,0,True,0,13208,26416,46350,0,59550,0,0,0,0,0,0,0,,0.0,3363.0,3363,3363,0.8458,3.2494,39.5035,0.524,0.0,0.0,0.0,0.4282,44.577
visitall-sat14-strips-pfile59,0,True,0,13672,27344,47976,0,61640,0,0,0,0,0,0,0,,0.0,3480.0,3480,3480,0.9055,3.4766,41.1344,0.5139,0.0,0.0,0.0,0.4496,46.505
visitall-sat14-strips-pfile60,0,True,0,14144,28288,49630,0,63766,0,0,0,0,0,0,0,,0.0,3599.0,3599,3599,0.9646,3.7029,48.0204,0.5491,0.0,0.0,0.0,0.458,53.7357
visitall-sat14-strips-pfile61,0,True,0,14624,29248,51312,0,65928,0,0,0,0,0,0,0,,0.0,3720.0,3720,3720,1.0304,3.9524,49.5817,0.5817,0.0,0.0,0.0,0.4728,55.6481
visitall-sat14-strips-pfile62,0,True,0,15112,30224,53022,0,68126,0,0,0,0,0,0,0,,0.0,3843.0,3843,3843,1.0966,4.2016,57.7959,0.6243,0.0,0.0,0.0,0.4935,64.2586
visitall-sat14-strips-pfile63,0,True,0,15608,31216,54760,0,70360,0,0,0,0,0,0,0,,0.0,3968.0,3968,3968,1.1704,4.4685,60.1979,0.6612,0.0,0.0,0.0,0.515,67.045
visitall-sat14-strips-pfile64,0,True,0,16112,32224,56526,0,72630,0,0,0,0,0,0,0,,0.0,4095.0,4095,4095,1.2488,4.7409,68.1293,0.7053,0.0,0.0,0.0,0.5165,75.3789
visitall-sat14-strips-pfile65,0,True,0,16624,33248,58320,0,74936,0,0,0,0,0,0,0,,0.0,4224.0,4224,4224,1.3265,5.0309,72.5318,0.7488,0.0,0.0,0.0,0.5414,80.2162
woodworking-opt08-strips-p01,0,False,11,22,57,110,0,147,0,0,0,0,2,0,0,,0.0,170.0,205,170,0.0061,0.0003,0.0,0.001,0.0,0.0,0.0,0.004,0.0118
woodworking-opt08-strips-p02,0,False,13,24,54,113,0,134,0,0,0,0,0,0,0,,0.0,185.0,185,185,0.0067,0.0005,0.0,0.0012,0.0,0.0,0.0,0.0037,0.0125
woodworking-opt08-strips-p03,0,False,22,76,299,435,0,559,0,0,0,0,2,0,0,,0.0,275.0,360,275,0.0079,0.0011,0.0002,0.0014,0.0,0.0001,0.0,0.01,0.021
woodworking-opt08-strips-p04,0,False,38,103,410,586,0,743,0,0,0,0,2,0,0,,0.0,235.0,340,235,0.008,0.0019,0.0003,0.0015,0.0,0.0001,0.0,0.014,0.0262
woodworking-opt08-strips-p05,0,False,41,160,735,981,0,1228,0,0,0,0,2,0,0,,0.0,260.0,370,260,0.0116,0.0027,0.0004,0.0015,0.0,0.0001,0.0,0.0235,0.0403
woodworking-opt08-strips-p06,0,False,50,195,961,1257,0,1604,0,0,0,0,5,0,0,,0.0,430.0,550,430,0.0086,0.0026,0.0006,0.0018,0.0,0.0002,0.0,0.0839,0.0982
woodworking-opt08-strips-p07,0,False,68,231,962,1316,0,1633,0,0,0,0,2,0,0,,0.0,390.0,515,390,0.012,0.0044,0.0009,0.0022,0.0,0.0001,0.0,0.0324,0.0524
woodworking-opt08-strips-p08,0,False,84,291,1224,1660,0,2037,0,0,0,0,2,0,0,,0.0,420.0,545,420,0.0137,0.0062,0.0015,0.0022,0.0,0.0001,0.0,0.0431,0.0673
woodworking-opt08-strips-p09,0,False,71,123,439,696,0,862,0,0,0,0,2,0,0,,0.0,425.0,505,425,0.0129,0.0046,0.0006,0.0013,0.0,0.0001,0.0,0.0113,0.0312
woodworking-opt08-strips-p10,0,False,109,567,2586,3331,0,4078,0,0,0,0,2,0,0,,0.0,485.0,665,485,0.0172,0.0115,0.0028,0.0034,0.0,0.0001,0.0,0.0836,0.1193
woodworking-opt08-strips-p11,0,False,10,17,57,105,0,133,0,0,0,0,1,0,0,,0.0,130.0,160,130,0.0055,0.0003,0.0,0.0012,0.0,0.0,0.0,0.0055,0.013
woodworking-opt08-strips-p12,0,False,28,78,302,436,0,567,0,0,0,0,4,0,0,,0.0,225.0,300,225,0.0078,0.001,0.0002,0.0014,0.0,0.0001,0.0,0.0152,0.026
woodworking-opt08-strips-p13,0,False,38,106,453,630,0,813,0,0,0,0,3,0,0,,0.0,195.0,300,195,0.0072,0.0015,0.0002,0.0012,0.0,0.0001,0.0,0.02,0.0306
woodworking-opt08-strips-p14,0,False,35,133,631,836,0,1066,0,0,0,0,3,0,0,,0.0,195.0,325,195,0.0061,0.0014,0.0003,0.0016,0.0,0.0001,0.0,0.0252,0.0352
woodworking-opt08-strips-p15,0,False,35,151,649,875,0,1070,0,0,0,0,3,0,0,,0.0,270.0,395,270,0.0091,0.002,0.0004,0.0014,0.0,0.0001,0.0,0.0211,0.0345
woodworking-opt08-strips-p16,0,False,52,136,514,747,0,932,0,0,0,0,2,0,0,,0.0,275.0,380,275,0.0093,0.003,0.0004,0.0015,0.0,0.0001,0.0,0.0143,0.029
woodworking-opt08-strips-p17,0,False,73,276,1155,1559,0,1936,0,0,0,0,2,0,0,,0.0,280.0,415,280,0.0126,0.0053,0.0011,0.0023,0.0,0.0001,0.0,0.0394,0.0612
woodworking-opt08-strips-p18,0,False,67,318,1415,1864,0,2288,0,0,0,0,5,0,0,,0.0,435.0,620,435,0.0128,0.0057,0.0014,0.0021,0.0,0.0003,0.0,0.0678,0.0905
woodworking-opt08-strips-p19,0,False,88,386,1694,2230,0,2731,0,0,0,0,7,0,0,,0.0,395.0,600,395,0.0145,0.0073,0.0019,0.0026,0.0,0.0003,0.0,0.0912,0.1182
woodworking-opt08-strips-p20,0,False,102,596,2805,3579,0,4378,0,0,0,0,2,0,0,,0.0,435.0,635,435,0.0167,0.0108,0.003,0.0036,0.0,0.0001,0.0,0.0909,0.1257
woodworking-opt08-strips-p21,0,False,9,14,39,78,0,101,0,0,0,0,2,0,0,,0.0,95.0,135,95,0.0056,0.0002,0.0,0.001,0.0,0.0,0.0,0.0037,0.011
woodworking-opt08-strips-p22,0,False,17,30,108,179,0,237,0,0,0,0,2,0,0,,0.0,175.0,225,175,0.0055,0.0005,0.0001,0.0013,0.0,0.0,0.0,0.0052,0.013
woodworking-opt08-strips-p23,0,False,19,47,183,283,0,368,0,0,0,0,3,0,0,,0.0,195.0,260,195,0.0058,0.0006,0.0001,0.0014,0.0,0.0001,0.0,0.0065,0.0148
woodworking-opt08-strips-p24,0,False,35,75,242,390,0,488,0,0,0,0,2,0,0,,0.0,235.0,325,235,0.0072,0.0015,0.0002,0.0012,0.0,0.0001,0.0,0.0081,0.0187
woodworking-opt08-strips-p25,0,False,44,185,757,1035,0,1306,0,0,0,0,2,0,0,,0.0,380.0,535,380,0.0093,0.003,0.0008,0.0019,0.0,0.0001,0.0,0.0246,0.04
woodworking-opt08-strips-p26,0,False,58,172,748,1027,0,1308,0,0,0,0,2,0,0,,0.0,220.0,365,220,0.0101,0.0032,0.0006,0.0015,0.0,0.0001,0.0,0.0254,0.0414
woodworking-opt08-strips-p27,0,False,52,179,765,1056,0,1318,0,0,0,0,2,0,0,,0.0,320.0,590,320,0.0115,0.0036,0.0008,0.0018,0.0,0.0001,0.0,0.0219,0.0401
woodworking-opt08-strips-p28,0,False,47,217,917,1242,0,1520,0,0,0,0,3,0,0,,0.0,465.0,685,465,0.0123,0.0043,0.0008,0.0016,0.0,0.0001,0.0,0.0356,0.0552
woodworking-opt08-strips-p29,0,False,75,362,1633,2142,0,2634,0,0,0,0,2,0,0,,0.0,535.0,715,535,0.0157,0.0076,0.0019,0.0024,0.0,0.0001,0.0,0.0599,0.0882
woodworking-opt08-strips-p30,0,False,77,308,1266,1731,0,2189,0,0,0,0,7,0,0,,0.0,650.0,820,650,0.015,0.0075,0.002,0.0024,0.0,0.0004,0.0,0.0858,0.1133
woodworking-opt11-strips-p01,0,False,19,47,183,283,0,368,0,0,0,0,3,0,0,,0.0,195.0,260,195,0.0064,0.0006,0.0001,0.0016,0.0,0.0001,0.0,0.0065,0.0156
woodworking-opt11-strips-p02,0,False,28,78,302,436,0,567,0,0,0,0,4,0,0,,0.0,225.0,300,225,0.0094,0.001,0.0002,0.0014,0.0,0.0001,0.0,0.0151,0.0278
woodworking-opt11-strips-p03,0,False,38,106,453,630,0,813,0,0,0,0,3,0,0,,0.0,195.0,300,195,0.0074,0.0015,0.0002,0.0014,0.0,0.0001,0.0,0.0198,0.0308
woodworking-opt11-strips-p04,0,False,22,76,299,435,0,559,0,0,0,0,2,0,0,,0.0,275.0,360,275,0.0083,0.001,0.0002,0.0015,0.0,0.0001,0.0,0.01,0.0216
woodworking-opt11-strips-p05,0,False,35,75,242,390,0,488,0,0,0,0,2,0,0,,0.0,235.0,325,235,0.0079,0.0015,0.0002,0.0012,0.0,0.0001,0.0,0.008,0.0193
woodworking-opt11-strips-p06,0,False,38,103,410,586,0,743,0,0,0,0,2,0,0,,0.0,235.0,340,235,0.0118,0.0018,0.0003,0.0016,0.0,0.0001,0.0,0.014,0.0299
woodworking-opt11-strips-p07,0,False,35,133,631,836,0,1066,0,0,0,0,3,0,0,,0.0,195.0,325,195,0.0107,0.0014,0.0003,0.0016,0.0,0.0001,0.0,0.0253,0.0399
woodworking-opt11-strips-p08,0,False,44,185,757,1035,0,1306,0,0,0,0,2,0,0,,0.0,380.0,535,380,0.0108,0.003,0.0008,0.0018,0.0,0.0001,0.0,0.0249,0.0418
woodworking-opt11-strips-p09,0,False,41,160,735,981,0,1228,0,0,0,0,2,0,0,,0.0,260.0,370,260,0.0111,0.0027,0.0004,0.0018,0.0,0.0001,0.0,0.0232,0.0397
woodworking-opt11-strips-p10,0,False,35,151,649,875,0,1070,0,0,0,0,3,0,0,,0.0,270.0,395,270,0.0089,0.002,0.0004,0.002,0.0,0.0001,0.0,0.021,0.0349
woodworking-opt11-strips-p11,0,False,58,172,748,1027,0,1308,0,0,0,0,2,0,0,,0.0,220.0,365,220,0.0089,0.0032,0.0006,0.0016,0.0,0.0001,0.0,0.0251,0.0399
woodworking-opt11-strips-p12,0,False,52,136,514,747,0,932,0,0,0,0,2,0,0,,0.0,275.0,380,275,0.0113,0.003,0.0004,0.0014,0.0,0.0001,0.0,0.0145,0.0311
woodworking-opt11-strips-p13,0,False,50,195,961,1257,0,1604,0,0,0,0,5,0,0,,0.0,430.0,550,430,0.0096,0.0027,0.0006,0.002,0.0,0.0002,0.0,0.0843,0.0997
woodworking-opt11-strips-p14,0,False,52,179,765,1056,0,1318,0,0,0,0,2,0,0,,0.0,320.0,590,320,0.0119,0.0036,0.0008,0.0018,0.0,0.0001,0.0,0.0216,0.0404
woodworking-opt11-strips-p15,0,False,73,276,1155,1559,0,1936,0,0,0,0,2,0,0,,0.0,280.0,415,280,0.0131,0.0052,0.0011,0.0019,0.0,0.0001,0.0,0.0396,0.0615
woodworking-opt11-strips-p16,0,False,68,231,962,1316,0,1633,0,0,0,0,2,0,0,,0.0,390.0,515,390,0.0123,0.0044,0.0009,0.0024,0.0,0.0001,0.0,0.032,0.0525
woodworking-opt11-strips-p17,0,False,47,217,917,1242,0,1520,0,0,0,0,3,0,0,,0.0,465.0,685,465,0.0125,0.0043,0.0008,0.0016,0.0,0.0001,0.0,0.0353,0.0551
woodworking-opt11-strips-p18,0,False,67,318,1415,1864,0,2288,0,0,0,0,5,0,0,,0.0,435.0,620,435,0.0136,0.0057,0.0014,0.0021,0.0,0.0003,0.0,0.0673,0.0908
woodworking-opt11-strips-p19,0,False,84,291,1224,1660,0,2037,0,0,0,0,2,0,0,,0.0,420.0,545,420,0.0144,0.0061,0.0013,0.002,0.0,0.0001,0.0,0.043,0.0674
woodworking-opt11-strips-p20,0,False,75,362,1633,2142,0,2634,0,0,0,0,2,0,0,,0.0,535.0,715,535,0.0185,0.0076,0.0019,0.0022,0.0,0.0001,0.0,0.0597,0.0906
woodworking-sat08-strips-p01,0,False,7,12,27,58,0,70,0,0,0,0,1,0,0,,0.0,110.0,120,110,0.0068,0.0002,0.0,0.0012,0.0,0.0,0.0,0.0049,0.0134
woodworking-sat08-strips-p02,0,False,18,29,91,174,0,206,0,0,0,0,2,0,0,,0.0,255.0,295,255,0.008,0.0008,0.0001,0.0012,0.0,0.0001,0.0,0.0043,0.0149
woodworking-sat08-strips-p03,0,False,73,331,1545,2003,0,2510,0,0,0,0,2,0,0,,0.0,425.0,565,425,0.0118,0.0051,0.0011,0.0023,0.0,0.0001,0.0,0.05,0.0709
woodworking-sat08-strips-p04,0,False,74,463,2128,2751,0,3389,0,0,0,0,2,0,0,,0.0,725.0,875,725,0.0145,0.0079,0.0029,0.003,0.0,0.0002,0.0,0.0689,0.0979
woodworking-sat08-strips-p05,0,False,111,715,3291,4212,0,5142,0,0,0,0,3,0,0,,0.0,515.0,770,515,0.0207,0.0152,0.006,0.0041,0.0,0.0003,0.0,0.126,0.1729
woodworking-sat08-strips-p06,0,False,122,904,4216,5351,0,6469,0,0,0,0,3,0,0,,0.0,690.0,1000,690,0.0267,0.0241,0.01,0.0051,0.0,0.0003,0.0,0.152,0.219
woodworking-sat08-strips-p07,0,False,198,1916,8961,11204,0,13386,0,0,0,0,6,0,0,,0.0,900.0,1305,900,0.0437,0.0591,0.0306,0.0109,0.0,0.0008,0.0,0.6571,0.8027
woodworking-sat08-strips-p08,0,False,208,2561,12358,15282,0,18239,0,0,0,0,2,0,0,,0.0,1080.0,1515,1080,0.0515,0.0774,0.0479,0.0154,0.0,0.0003,0.0,0.5668,0.7603
woodworking-sat08-strips-p09,0,False,270,2864,13437,16734,0,19882,0,0,0,0,4,0,0,,0.0,990.0,1520,990,0.0732,0.1195,0.0704,0.0185,0.0,0.0007,0.0,0.9626,1.2475
woodworking-sat08-strips-p10,0,False,266,2888,13410,16745,0,19842,0,0,0,0,2,0,0,,0.0,1080.0,1615,1080,0.0809,0.1293,0.0775,0.0186,0.0,0.0004,0.0,0.5934,0.9018
woodworking-sat08-strips-p11,0,False,3,7,13,33,0,31,0,0,0,0,0,0,0,,0.0,50.0,50,50,0.0046,0.0002,0.0,0.0009,0.0,0.0,0.0,0.0021,0.0082
woodworking-sat08-strips-p12,0,False,23,59,236,355,0,440,0,0,0,0,2,0,0,,0.0,270.0,360,270,0.0069,0.001,0.0001,0.0011,0.0,0.0001,0.0,0.0085,0.018
woodworking-sat08-strips-p13,0,False,68,374,1750,2254,0,2808,0,0,0,0,3,0,0,,0.0,435.0,590,435,0.0135,0.0059,0.0016,0.0028,0.0,0.0002,0.0,0.0771,0.1014
woodworking-sat08-strips-p14,0,False,116,520,2290,2997,0,3684,0,0,0,0,5,0,0,,0.0,455.0,660,455,0.0184,0.0131,0.003,0.0033,0.0,0.0003,0.0,0.1257,0.1643
woodworking-sat08-strips-p15,0,False,103,720,3378,4299,0,5256,0,0,0,0,2,0,0,,0.0,790.0,980,790,0.0181,0.0137,0.006,0.0042,0.0,0.0002,0.0,0.1457,0.1884
woodworking-sat08-strips-p16,0,False,171,829,3656,4753,0,5751,0,0,0,0,2,0,0,,0.0,640.0,940,640,0.0276,0.0285,0.0099,0.0049,0.0,0.0002,0.0,0.1052,0.1769
woodworking-sat08-strips-p17,0,False,154,1050,4638,5974,0,7184,0,0,0,0,6,0,0,,0.0,905.0,1150,905,0.0342,0.0355,0.0137,0.0062,0.0,0.0006,0.0,0.2979,0.3886
woodworking-sat08-strips-p18,0,False,215,1405,6474,8246,0,9975,0,0,0,0,2,0,0,,0.0,920.0,1375,920,0.0482,0.0601,0.0278,0.0088,0.0,0.0003,0.0,0.2063,0.3523
woodworking-sat08-strips-p19,0,False,226,1505,6777,8672,0,10392,0,0,0,0,2,0,0,,0.0,995.0,1425,995,0.0537,0.0717,0.0272,0.0091,0.0,0.0003,0.0,0.1871,0.3501
woodworking-sat08-strips-p20,0,False,297,2881,13303,16670,0,19834,0,0,0,0,6,0,0,,0.0,1155.0,1780,1155,0.0826,0.1444,0.0826,0.0197,0.0,0.0012,0.0,0.6849,1.0177
woodworking-sat08-strips-p21,0,False,14,24,64,122,0,168,0,0,0,0,2,0,0,,0.0,165.0,205,165,0.0052,0.0004,0.0,0.0009,0.0,0.0,0.0,0.0043,0.0112
woodworking-sat08-strips-p22,0,False,27,57,200,319,0,395,0,0,0,0,2,0,0,,0.0,205.0,295,205,0.0076,0.0014,0.0001,0.0013,0.0,0.0001,0.0,0.0075,0.0184
woodworking-sat08-strips-p23,0,False,51,122,420,646,0,797,0,0,0,0,2,0,0,,0.0,385.0,475,385,0.0232,0.0032,0.0004,0.0015,0.0,0.0001,0.0,0.0123,0.0411
woodworking-sat08-strips-p24,0,False,96,323,1347,1840,0,2237,0,0,0,0,5,0,0,,0.0,540.0,755,540,0.0302,0.0096,0.0019,0.0024,0.0,0.0002,0.0,0.0534,0.0981
woodworking-sat08-strips-p25,0,False,116,493,2177,2883,0,3577,0,0,0,0,7,0,0,,0.0,520.0,815,520,0.0205,0.0145,0.0046,0.0031,0.0,0.0005,0.0,0.1189,0.1623
woodworking-sat08-strips-p26,0,False,126,569,2428,3246,0,4002,0,0,0,0,2,0,0,,0.0,910.0,1125,910,0.0244,0.0188,0.0063,0.0035,0.0,0.0002,0.0,0.0729,0.1266
woodworking-sat08-strips-p27,0,False,141,732,3171,4158,0,4996,0,0,0,0,2,0,0,,0.0,695.0,930,695,0.0457,0.0299,0.008,0.0043,0.0,0.0002,0.0,0.0904,0.1792
woodworking-sat08-strips-p28,0,False,222,1602,7245,9234,0,11153,0,0,0,0,6,0,0,,0.0,1290.0,1670,1290,0.0505,0.0683,0.0333,0.0097,0.0,0.0009,0.0,0.4859,0.6491
woodworking-sat08-strips-p29,0,False,212,1195,5100,6681,0,8092,0,0,0,0,2,0,0,,0.0,1090.0,1665,1090,0.0642,0.0651,0.0287,0.0074,0.0,0.0003,0.0,0.1563,0.3228
woodworking-sat08-strips-p30,0,False,272,2097,9365,11919,0,14258,0,0,0,0,4,0,0,,0.0,1100.0,1645,1100,0.0711,0.1078,0.0616,0.0135,0.0,0.0007,0.0,0.7651,1.0206
woodworking-sat11-strips-p01,0,False,198,1916,8961,11204,0,13386,0,0,0,0,6,0,0,,0.0,900.0,1305,900,0.0446,0.0578,0.0335,0.0109,0.0,0.0008,0.0,0.6568,0.8049
woodworking-sat11-strips-p02,0,False,208,2561,12358,15282,0,18239,0,0,0,0,2,0,0,,0.0,1080.0,1515,1080,0.0518,0.0772,0.0478,0.0154,0.0,0.0003,0.0,0.5641,0.7577
woodworking-sat11-strips-p03,0,False,226,1505,6777,8672,0,10392,0,0,0,0,2,0,0,,0.0,995.0,1425,995,0.0539,0.0716,0.0272,0.0094,0.0,0.0003,0.0,0.1877,0.351
woodworking-sat11-strips-p04,0,False,270,2864,13437,16734,0,19882,0,0,0,0,4,0,0,,0.0,990.0,1520,990,0.0743,0.1196,0.0703,0.0181,0.0,0.0007,0.0,0.9614,1.2471
woodworking-sat11-strips-p05,0,False,297,2881,13303,16670,0,19834,0,0,0,0,6,0,0,,0.0,1155.0,1780,1155,0.0829,0.1445,0.0825,0.0197,0.0,0.0012,0.0,0.6751,1.0074
woodworking-sat11-strips-p06,0,False,266,2888,13410,16745,0,19842,0,0,0,0,2,0,0,,0.0,1080.0,1615,1080,0.08,0.1297,0.0774,0.0187,0.0,0.0004,0.0,0.6018,0.9095
woodworking-sat11-strips-p07,0,False,222,1602,7245,9234,0,11153,0,0,0,0,6,0,0,,0.0,1290.0,1670,1290,0.0516,0.0682,0.0333,0.0096,0.0,0.0009,0.0,0.4892,0.6534
woodworking-sat11-strips-p08,0,False,212,1195,5100,6681,0,8092,0,0,0,0,2,0,0,,0.0,1090.0,1665,1090,0.0533,0.0652,0.0287,0.0074,0.0,0.0003,0.0,0.1556,0.3112
woodworking-sat11-strips-p09,0,False,215,1405,6474,8246,0,9975,0,0,0,0,2,0,0,,0.0,920.0,1375,920,0.0485,0.0601,0.0278,0.0088,0.0,0.0003,0.0,0.2074,0.3539
woodworking-sat11-strips-p10,0,False,3,7,13,33,0,31,0,0,0,0,0,0,0,,0.0,50.0,50,50,0.0046,0.0002,0.0,0.0011,0.0,0.0,0.0,0.0021,0.0083
woodworking-sat11-strips-p11,0,False,296,2368,10695,13560,0,16140,0,0,0,0,6,0,0,,0.0,1305.0,1890,1305,0.0805,0.1301,0.0841,0.0163,0.0,0.0011,0.0,0.6673,0.9799
woodworking-sat11-strips-p12,0,False,347,3918,18468,22934,0,27206,0,0,0,0,4,0,0,,0.0,1275.0,1850,1275,0.1041,0.1952,0.1305,0.0294,0.0,0.0009,0.0,1.7232,2.1847
woodworking-sat11-strips-p13,0,False,278,2938,13939,17380,0,20693,0,0,0,0,4,0,0,,0.0,1375.0,2130,1375,0.1027,0.148,0.1237,0.0209,0.0,0.0008,0.0,0.9958,1.3953
woodworking-sat11-strips-p14,0,False,288,2233,10159,12873,0,15258,0,0,0,0,4,0,0,,0.0,1035.0,1460,1035,0.083,0.1221,0.059,0.0155,0.0,0.0007,0.0,0.5795,0.8608
woodworking-sat11-strips-p15,0,False,367,3976,18844,23418,0,27903,0,0,0,0,3,0,0,,0.0,1505.0,2155,1505,0.1223,0.2181,0.1531,0.031,0.0,0.0007,0.0,0.9297,1.4568
woodworking-sat11-strips-p16,0,False,359,3582,16471,20634,0,24422,0,0,0,0,4,0,0,,0.0,1325.0,1895,1325,0.1168,0.2084,0.135,0.0272,0.0,0.001,0.0,1.1362,1.628
woodworking-sat11-strips-p17,0,False,200,2619,12539,15476,0,17181,0,0,0,0,4,0,0,,0.0,645.0,1040,645,0.0947,0.1339,0.0281,0.0154,0.0,0.0006,0.0,1.0344,1.3085
woodworking-sat11-strips-p18,0,False,163,1971,9576,11840,0,13076,0,0,0,0,5,0,0,,0.0,1085.0,1345,1085,0.091,0.0969,0.0263,0.0113,0.0,0.0007,0.0,0.9211,1.15
woodworking-sat11-strips-p19,0,False,201,2990,14364,17699,0,19522,0,0,0,0,4,0,0,,0.0,895.0,1305,895,0.116,0.1659,0.0384,0.0176,0.0,0.0007,0.0,1.6351,1.9755
woodworking-sat11-strips-p20,0,False,251,4126,19927,24446,0,26546,0,0,0,0,4,0,0,,0.0,950.0,1435,950,0.1483,0.2533,0.0727,0.0254,0.0,0.0008,0.0,2.8703,3.3757
zenotravel-p01,0,True,6,7,7,21,0,18,0,0,0,0,0,0,0,,0.0,1.0,1,1,0.0044,0.0001,0.0,0.0011,0.0,0.0,0.0,0.0021,0.0082
zenotravel-p02,0,True,6,9,14,34,0,30,0,0,0,0,0,0,0,,0.0,4.0,4,4,0.0054,0.0001,0.0,0.0011,0.0,0.0,0.0,0.0032,0.0102
zenotravel-p03,0,True,22,52,80,156,0,157,0,0,0,0,0,0,0,,0.0,5.0,5,5,0.0052,0.0004,0.0,0.001,0.0,0.0,0.0,0.0049,0.0119
zenotravel-p04,0,True,21,47,63,134,0,138,0,0,0,0,0,0,0,,0.0,6.0,6,6,0.0055,0.0004,0.0,0.0012,0.0,0.0,0.0,0.0046,0.0121
zenotravel-p05,0,True,34,95,125,258,0,280,0,18,0,0,18,0,0,,0.0,11.0,11,11,0.0175,0.0008,0.0001,0.0012,0.0,0.0005,0.0,0.0322,0.0523
zenotravel-p06,0,True,34,92,128,258,0,274,0,30,0,0,30,0,0,,0.0,11.0,11,11,0.0058,0.0009,0.0001,0.0009,0.0,0.0009,0.0,0.019,0.0272
zenotravel-p07,0,True,32,69,69,174,0,196,0,9,0,0,9,0,0,,0.0,11.0,11,11,0.0059,0.0007,0.0001,0.0012,0.0,0.0002,0.0,0.0135,0.0218
zenotravel-p08,0,True,47,153,209,413,0,447,0,1,0,0,1,0,0,,0.0,10.0,10,10,0.0211,0.0021,0.0001,0.0011,0.0,0.0,0.0,0.0091,0.034
zenotravel-p09,0,True,72,234,274,587,0,683,0,1,0,0,1,0,0,,0.0,18.0,18,18,0.0087,0.0028,0.0003,0.0012,0.0,0.0001,0.0,0.0124,0.0258
zenotravel-p10,0,True,77,259,307,652,0,755,0,15,0,0,15,0,0,,0.0,20.0,20,20,0.0085,0.0032,0.0004,0.0011,0.0,0.0026,0.0,0.0381,0.0518
zenotravel-p11,0,True,60,231,321,617,0,677,0,9,0,0,9,0,0,,0.0,12.0,12,12,0.0156,0.0041,0.0003,0.0014,0.0,0.0008,0.0,0.0407,0.0626
zenotravel-p12,0,True,82,306,386,781,0,900,0,162,0,0,162,0,650,,0.0,19.0,19,19,0.0091,0.0048,0.0006,0.0015,0.0,0.0401,0.0,0.3046,0.3228
zenotravel-p13,0,True,96,412,522,1039,0,1206,0,165,0,0,165,0,190,,0.0,23.0,23,23,0.0124,0.0059,0.0009,0.0014,0.0,0.0689,0.0,0.169,0.1902
zenotravel-p14,2,True,189,1141,1429,2771,0,3341,0,10173,0,0,10174,0,159885,,0.0,26.833,29,28,0.0293,0.0436,0.0043,0.0058,0.0,21.0001,0.0,899.9335,900.0853
zenotravel-p15,0,True,262,1492,1558,3324,0,4437,0,6827,0,0,6829,0,35614,,0.0,32.0,34,32,0.054,0.0665,0.0044,0.0032,0.0,21.9259,0.0,166.8963,167.0259
zenotravel-p16,2,True,314,2083,2473,4885,0,6181,0,13206,0,0,13206,0,72286,,0.0,34.118,40,40,0.0708,0.1373,0.0123,0.0047,0.0,113.1984,0.0,901.2805,902.1093
zenotravel-p17,2,True,464,3204,3534,7223,0,9614,0,9363,0,0,9363,0,51088,,0.0,49.0,53,53,0.3802,0.2328,0.023,0.0079,0.0,203.487,0.0,899.419,900.1144
zenotravel-p18,2,True,492,3426,3732,7669,0,10324,0,13404,0,0,13404,0,55573,,0.0,49.0,52,52,0.1442,0.2815,0.0254,0.0084,0.0,286.0891,0.0,899.7063,900.1882
zenotravel-p19,2,True,626,4464,4654,9768,0,13468,0,8597,0,0,8597,0,67300,,0.0,57.0,60,60,0.2158,0.457,0.0326,0.0119,0.0,365.7321,0.0,901.6651,902.8041
zenotravel-p20,2,True,760,5963,6509,13257,0,17981,0,7711,0,0,7711,0,28709,,0.0,67.0,69,69,0.2671,0.6746,0.0604,0.0174,0.0,681.8172,0.0,899.1754,900.2285
