Instance,Status,Unit_Costs,N_Atoms,N_Acts,N_Effects,N_Var_Base,N_Var_Acyc,N_Const_Base,N_Const_Acyc,N_Cuts_LM,N_Cuts_Sec,N_RCB_Calls,N_CCB_Calls,N_CL_It,N_Nodes,Initial_LB,Root_LB,Final_LB,Initial_UB,Final_UB,Parsing_Time,Prep_Time,Heur_Time,Build_Time,RCB_Time,CCB_Time,CL_Time,CPX_Time,Time
agricola-opt18-strips-p01,0,False,60,523,1010,1631,98,1882,3467,0,0,,,,0,,,142.0,142,142,0.1211,0.0988,0.0023,0.0038,0.0,0.0,,0.1106,0.3402
agricola-opt18-strips-p02,0,False,63,612,1177,1890,101,2116,4128,0,0,,,,0,,,142.0,142,142,0.1875,0.2589,0.003,0.0044,0.0,0.0,,0.1303,0.5906
agricola-opt18-strips-p03,0,False,66,723,1373,2200,104,2434,4886,0,0,,,,3119,,,204.0,262,204,0.3658,0.3846,0.0035,0.009,0.0,0.0,,4.4026,5.1766
agricola-opt18-strips-p04,0,False,67,592,1146,1847,109,2096,3933,0,0,,,,0,,,146.0,146,146,0.1681,0.1583,0.003,0.0066,0.0,0.0,,0.1212,0.4618
agricola-opt18-strips-p05,0,False,69,728,1401,2241,112,2466,4894,0,0,,,,3970,,,208.0,266,208,0.2467,0.2698,0.0048,0.0044,0.0,0.0,,14.3422,14.8725
agricola-opt18-strips-p06,0,False,72,796,1523,2434,115,2648,5412,0,0,,,,15,,,206.0,206,206,0.3571,0.5708,0.0045,0.0043,0.0,0.0,,1.1619,2.1121
agricola-opt18-strips-p07,0,False,74,697,1347,2166,122,2443,4624,0,0,,,,1814,,,212.0,270,212,0.1834,0.2043,0.0043,0.0068,0.0,0.0,,3.4728,3.8772
agricola-opt18-strips-p08,0,False,78,799,1567,2491,125,2737,5493,0,0,,,,0,,,150.0,150,150,0.3549,0.3478,0.0046,0.0062,0.0,0.0,,0.1637,0.8883
agricola-opt18-strips-p09,0,False,80,895,1747,2770,128,3009,6201,0,0,,,,0,,,150.0,150,150,0.4653,0.6372,0.0056,0.0066,0.0,0.0,,0.1728,1.3049
agricola-opt18-strips-p10,0,False,77,754,1483,2367,130,2652,5053,0,0,,,,0,,,154.0,154,154,3.7866,0.2344,0.0058,0.0047,0.0,0.0,,0.1433,4.1817
agricola-opt18-strips-p11,0,False,80,911,1773,2817,133,3047,6193,0,0,,,,4538,,,216.0,274,216,0.3226,0.3915,0.0082,0.005,0.0,0.0,,22.3213,23.0608
agricola-opt18-strips-p12,0,False,84,1002,1962,3100,136,3339,6938,0,0,,,,23,,,214.0,214,214,0.5631,0.8522,0.0084,0.0068,0.0,0.0,,1.645,3.0943
agricola-opt18-strips-p13,0,False,81,852,1670,2660,138,2959,5695,0,0,,,,7018,,,220.0,278,220,0.2351,0.2569,0.0075,0.0107,0.0,0.0,,21.7301,22.248
agricola-opt18-strips-p14,0,False,84,978,1945,3064,141,3334,6810,0,0,,,,0,,,158.0,158,158,0.3612,0.4714,0.0072,0.0128,0.0,0.0,,0.2206,1.0871
agricola-opt18-strips-p15,0,False,87,1081,2133,3358,144,3596,7563,0,0,,,,0,,,158.0,158,158,0.5565,0.9202,0.009,0.0069,0.0,0.0,,0.218,1.7312
agricola-opt18-strips-p16,0,False,83,909,1796,2851,146,3173,6155,0,0,,,,15,,,222.0,222,222,0.2633,0.2944,0.0072,0.0087,0.0,0.0,,1.0289,1.6111
agricola-opt18-strips-p17,0,False,86,1065,2118,3332,149,3592,7387,0,0,,,,0,,,162.0,162,162,0.4041,0.505,0.0116,0.0085,0.0,0.0,,0.1887,1.1328
agricola-opt18-strips-p18,0,False,89,1197,2377,3726,152,4001,8436,0,0,,,,23,,,222.0,222,222,0.5934,1.0568,0.0111,0.0067,0.0,0.0,,2.2921,3.9824
agricola-opt18-strips-p19,0,False,86,992,1982,3128,154,3489,6752,0,0,,,,0,,,226.0,226,226,0.3287,0.3405,0.0106,0.0081,0.0,0.0,,0.981,1.6786
agricola-opt18-strips-p20,0,False,89,1152,2310,3619,157,3907,8047,0,0,,,,0,,,166.0,166,166,0.4919,0.6239,0.0088,0.0079,0.0,0.0,,0.2197,1.3697
agricola-sat18-strips-p01,0,False,84,1459,2877,4458,122,4561,10685,0,0,,,,0,,,382.0,382,382,2.2911,8.782,0.0087,0.0134,0.0,0.0,,0.2529,11.3974
agricola-sat18-strips-p02,0,False,91,1731,3406,5270,133,5200,12710,0,0,,,,0,,,386.0,386,386,1.566,6.8811,0.0126,0.0125,0.0,0.0,,0.3295,8.8624
agricola-sat18-strips-p03,0,False,98,1852,3672,5670,146,5635,13616,0,0,,,,0,,,390.0,390,390,1.9601,12.8824,0.0192,0.0112,0.0,0.0,,0.3588,15.302
agricola-sat18-strips-p04,0,False,101,2084,4116,6354,154,6251,15306,0,0,,,,2725,,,576.0,754,576,1.9812,8.8618,0.0204,0.0113,0.0,0.0,,127.1034,138.0527
agricola-sat18-strips-p05,0,False,104,2292,4556,7010,162,6854,16910,0,0,,,,7024,,,580.0,758,580,2.2205,14.7075,0.0298,0.0132,0.0,0.0,,226.9532,244.0071
agricola-sat18-strips-p06,0,False,107,2463,4953,7586,170,7376,18412,0,0,,,,0,,,402.0,402,402,2.604,10.0492,0.0268,0.0655,0.0,0.0,,0.4886,13.3445
agricola-sat18-strips-p07,0,False,110,2654,5330,8162,178,7899,19766,0,0,,,,73,,,586.0,586,586,2.6919,16.4781,0.0404,0.013,0.0,0.0,,21.1218,40.438
agricola-sat18-strips-p08,0,False,114,2853,5747,8786,186,8482,21336,0,0,,,,35,,,590.0,590,590,3.4792,17.5311,0.0372,0.0163,0.0,0.0,,13.9603,35.1262
agricola-sat18-strips-p09,0,False,116,3332,6726,10252,194,9668,25076,0,0,,,,23,,,594.0,594,594,3.0684,13.14,0.061,0.0158,0.0,0.0,,13.3076,29.7082
agricola-sat18-strips-p10,0,False,120,3271,6635,10108,202,9740,24586,0,0,,,,15,,,598.0,598,598,3.261,15.0133,0.0508,0.0185,0.0,0.0,,11.5717,30.0353
agricola-sat18-strips-p11,0,False,55,636,1222,1963,105,2201,4279,0,0,,,,171239,,,283.0,503,283,0.2212,0.2177,0.005,0.0072,0.0,0.0,,209.2389,209.6934
agricola-sat18-strips-p12,0,False,60,725,1402,2243,116,2466,4851,0,0,,,,162816,,,287.0,507,287,0.2562,0.2622,0.0066,0.0146,0.0,0.0,,279.4474,279.9954
agricola-sat18-strips-p13,0,False,68,802,1582,2513,129,2758,5504,0,0,,,,0,,,276.0,330,276,0.298,0.3268,0.0088,0.0048,0.0,0.0,,0.87,1.519
agricola-sat18-strips-p14,0,False,73,996,1974,3110,140,3361,6958,0,0,,,,0,,,279.0,335,279,1.1385,0.679,0.0152,0.0081,0.0,0.0,,0.8076,2.6674
agricola-sat18-strips-p15,0,False,75,1090,2167,3405,148,3660,7637,0,0,,,,379,,,288.0,402,288,0.5539,0.821,0.0155,0.0206,0.0,0.0,,3.2438,4.6751
agricola-sat18-strips-p16,2,False,78,1221,2421,3798,156,4063,8540,0,0,,,,154615,,,294.0,526,297,0.6096,0.9209,0.0202,0.0076,0.0,0.0,,898.4616,900.042
agricola-sat18-strips-p17,0,False,82,1396,2800,4363,167,4672,9952,0,0,,,,73,,,415.0,591,415,0.864,1.6094,0.0247,0.015,0.0,0.0,,2.394,4.9411
agricola-sat18-strips-p18,0,False,86,1501,3023,4699,175,5025,10715,0,0,,,,992,,,420.0,595,420,0.9847,2.0897,0.0331,0.0094,0.0,0.0,,8.8081,11.9619
agricola-sat18-strips-p19,2,False,88,1604,3226,5013,183,5369,11461,0,0,,,,117446,,,426.0,689,428,1.0254,2.0904,0.0314,0.012,0.0,0.0,,896.829,900.0275
agricola-sat18-strips-p20,2,False,91,1746,3512,5449,191,5819,12441,0,0,,,,109323,,,429.0,783,433,1.1113,2.3534,0.0388,0.0089,0.0,0.0,,896.6407,900.1946
airport-p01-airport1-p1,0,True,0,3,27,62,27,91,37,0,0,,,,0,,,8.0,8,8,0.008,0.0001,0.0,0.0032,0.0,0.0,,0.0027,0.0141
airport-p02-airport1-p1,0,True,0,4,31,68,27,101,44,0,0,,,,0,,,9.0,9,9,0.0266,0.0001,0.0,0.0016,0.0,0.0,,0.002,0.0304
airport-p03-airport1-p2,0,True,0,7,57,126,51,194,87,0,0,,,,0,,,17.0,17,17,0.0076,0.0002,0.0,0.0112,0.0,0.0,,0.0027,0.0218
airport-p04-airport2-p1,0,True,0,7,65,150,65,226,96,0,0,,,,0,,,20.0,20,20,0.0101,0.0003,0.0,0.0049,0.0,0.0,,0.0029,0.0182
airport-p05-airport2-p1,0,True,1,10,71,160,66,303,167,0,0,,,,0,,,21.0,21,21,0.026,0.0004,0.0001,0.002,0.0,0.0,,0.0023,0.0308
airport-p06-airport2-p2,0,True,1,17,136,305,126,527,266,0,0,,,,0,,,41.0,41,41,0.0075,0.0008,0.0002,0.002,0.0,0.0,,0.0026,0.0132
airport-p07-airport2-p2,0,True,1,17,135,302,124,527,269,0,0,,,,0,,,41.0,41,41,0.0069,0.0008,0.0002,0.002,0.0,0.0,,0.0026,0.0126
airport-p08-airport2-p3,0,True,2,27,206,444,172,814,439,0,0,,,,0,,,62.0,62,62,0.0158,0.0015,0.0004,0.0047,0.0,0.0,,0.0035,0.026
airport-p09-airport2-p4,0,True,2,33,234,504,195,915,489,0,0,,,,0,,,71.0,71,71,0.0106,0.0021,0.0005,0.0062,0.0,0.0,,0.0037,0.0232
airport-p10-airport3-p1,0,True,0,5,59,136,59,208,90,0,0,,,,0,,,18.0,18,18,0.0054,0.0003,0.0,0.0014,0.0,0.0,,0.0021,0.0093
airport-p11-airport3-p1,0,True,1,10,73,164,68,313,173,0,0,,,,0,,,21.0,21,21,0.0614,0.0004,0.0001,0.0147,0.0,0.0,,0.0173,0.094
airport-p12-airport3-p2,0,True,1,15,132,297,124,521,266,0,0,,,,0,,,39.0,39,39,0.0087,0.0009,0.0002,0.0059,0.0,0.0,,0.0026,0.0183
airport-p13-airport3-p2,0,True,1,13,123,276,114,481,245,0,0,,,,0,,,37.0,37,37,0.0291,0.0008,0.0002,0.0021,0.0,0.0,,0.0025,0.0348
airport-p14-airport3-p3,0,True,2,25,205,443,174,818,442,0,0,,,,0,,,60.0,60,60,0.0107,0.0017,0.0004,0.0092,0.0,0.0,,0.0051,0.0272
airport-p15-airport3-p3,0,True,2,23,197,425,166,783,423,0,0,,,,0,,,58.0,58,58,0.0562,0.0017,0.0004,0.0029,0.0,0.0,,0.0034,0.0646
airport-p16-airport3-p4,0,True,3,33,270,571,216,1080,599,0,0,,,,0,,,79.0,79,79,0.0113,0.0028,0.0007,0.0044,0.0,0.0,,0.0039,0.0231
airport-p17-airport3-p5,0,True,5,41,309,648,243,1195,654,0,0,,,,0,,,88.0,88,88,0.0125,0.0037,0.0008,0.0026,0.0,0.0,,0.0035,0.0232
airport-p18-airport3-p6,0,True,6,49,376,780,287,1459,809,0,0,,,,0,,,107.0,107,107,0.0922,0.0052,0.0012,0.003,0.0,0.0,,0.004,0.1057
airport-p19-airport3-p6,0,True,4,39,315,669,256,1189,651,0,0,,,,0,,,90.0,90,90,0.0223,0.0036,0.001,0.0045,0.0,0.0,,0.0048,0.0363
airport-p20-airport3-p7,0,True,6,54,400,833,308,1566,877,0,0,,,,0,,,115.0,115,115,0.0202,0.0061,0.0014,0.0048,0.0,0.0,,0.0053,0.038
airport-p21-airport4halfMUC-p2,0,True,5,49,348,783,328,1391,734,0,0,,,,0,,,101.0,101,101,0.0247,0.0124,0.0015,0.0032,0.0,0.0,,0.0053,0.0472
airport-p22-airport4halfMUC-p3,0,True,5,53,495,1087,438,1900,986,0,0,,,,0,,,148.0,148,148,0.0333,0.0218,0.0035,0.0031,0.0,0.0,,0.0046,0.0665
airport-p23-airport4halfMUC-p4,0,True,16,73,597,1284,502,2045,1018,0,0,,,,0,,,168.0,168,168,0.0494,0.0372,0.0027,0.0037,0.0,0.0,,0.0056,0.099
airport-p24-airport4halfMUC-p4,0,True,8,75,556,1202,473,2226,1224,0,0,,,,0,,,162.0,162,162,0.2889,0.0407,0.0036,0.0036,0.0,0.0,,0.0053,0.3425
airport-p25-airport4halfMUC-p5,0,True,9,83,716,1525,585,2798,1534,0,0,,,,0,,,212.0,212,212,0.0861,0.0569,0.0062,0.0074,0.0,0.0,,0.0061,0.1631
airport-p26-airport4halfMUC-p6,0,True,19,91,771,1631,618,2749,1444,0,0,,,,0,,,220.0,220,220,0.1,0.083,0.006,0.0058,0.0,0.0,,0.0066,0.2019
airport-p27-airport4halfMUC-p6,0,True,11,125,848,1799,689,3440,1938,0,0,,,,0,,,246.0,246,246,0.1351,0.0877,0.008,0.0085,0.0,0.0,,0.0076,0.2473
airport-p28-airport4halfMUC-p7,0,True,12,131,1003,2111,797,4000,2249,0,0,,,,0,,,294.0,294,294,0.3725,0.1104,0.0129,0.0079,0.0,0.0,,0.0079,0.5123
airport-p29-airport4halfMUC-p8,0,True,23,145,1082,2260,842,4044,2222,0,0,,,,0,,,308.0,308,308,0.1783,0.1519,0.015,0.0067,0.0,0.0,,0.008,0.3605
airport-p30-airport4halfMUC-p8,0,True,14,155,1065,2230,834,4313,2457,0,0,,,,0,,,310.0,310,310,0.2003,0.1591,0.013,0.0073,0.0,0.0,,0.0081,0.3885
airport-p31-airport4halfMUC-p9,0,True,14,161,1215,2537,943,4869,2766,0,0,,,,0,,,358.0,358,358,0.2346,0.1836,0.0196,0.0107,0.0,0.0,,0.0097,0.4587
airport-p32-airport4halfMUC-p10,0,True,27,193,1375,2840,1041,5253,2957,0,0,,,,0,,,390.0,390,390,0.2716,0.2457,0.0253,0.0106,0.0,0.0,,0.011,0.5649
airport-p33-airport4halfMUC-p10,0,True,16,179,1337,2780,1026,5366,3067,0,0,,,,0,,,393.0,393,393,0.3063,0.2267,0.0236,0.0132,0.0,0.0,,0.0111,0.5817
airport-p34-airport4halfMUC-p11,0,True,28,213,1498,3086,1125,5759,3259,0,0,,,,0,,,427.0,427,427,0.3574,0.3051,0.0336,0.0159,0.0,0.0,,0.0113,0.7241
airport-p35-airport4halfMUC-p12,0,True,43,258,1589,3248,1175,6017,3420,0,0,,,,0,,,433.0,433,433,0.3752,0.3801,0.0358,0.0137,0.0,0.0,,0.013,0.8186
airport-p36-airport5MUC-p2,0,True,328,635,967,2243,570,3286,2118,0,0,,,,74986,,,109.0,109,109,0.0352,0.0355,0.0069,0.0063,0.0,0.0,,14.5298,14.614
airport-p37-airport5MUC-p3,0,True,566,1030,1400,3294,800,5136,3721,0,0,,,,1493683,,,141.0,141,141,0.0695,0.089,0.0168,0.0165,0.0,0.0,,442.6232,442.8153
airport-p38-airport5MUC-p3,0,True,521,980,1477,3373,827,5165,3494,0,0,,,,194137,,,154.0,154,154,0.0585,0.0807,0.0186,0.0105,0.0,0.0,,73.4783,73.647
airport-p39-airport5MUC-p4,2,True,746,1362,1878,4391,1055,6879,4998,0,0,,,,1576830,,,191.001,208,208,0.1123,0.1546,0.0406,0.0153,0.0,0.0,,900.0119,900.3352
airport-p40-airport5MUC-p4,0,True,714,1325,1994,4506,1078,7035,4864,0,0,,,,88498,,,190.0,190,190,0.0965,0.1483,0.0369,0.0121,0.0,0.0,,51.0283,51.3225
airport-p41-airport5MUC-p4,0,True,680,1292,1952,4387,1040,6588,4344,0,0,,,,359451,,,178.0,178,178,0.0857,0.127,0.0285,0.0172,0.0,0.0,,168.4547,168.7135
airport-p42-airport5MUC-p5,2,True,894,1657,2512,5643,1333,8927,6253,0,0,,,,1276250,,,250.5,257,257,0.1884,0.2194,0.07,0.0249,0.0,0.0,,899.6379,900.1413
airport-p43-airport5MUC-p5,2,True,873,1639,2480,5528,1287,8499,5755,0,0,,,,1484651,,,217.002,223,223,0.1319,0.201,0.0537,0.0208,0.0,0.0,,899.7342,900.1421
airport-p44-airport5MUC-p5,0,True,828,1589,2488,5536,1308,8237,5305,0,0,,,,40839,,,227.0,227,227,0.1291,0.186,0.042,0.0192,0.0,0.0,,25.4531,25.8298
airport-p45-airport5MUC-p6,0,True,987,1901,2917,6484,1503,9515,6085,0,0,,,,230410,,,249.0,249,249,0.1473,0.2439,0.0545,0.0202,0.0,0.0,,168.8488,169.3153
airport-p46-airport5MUC-p6,2,True,1053,1971,3012,6679,1542,10442,7184,0,0,,,,992306,,,256.669,290,290,0.176,0.2966,0.0969,0.0225,0.0,0.0,,899.6515,900.2443
airport-p47-airport5MUC-p8,2,True,1360,2580,4001,8800,2005,13463,9017,0,0,,,,765233,,,353.0,355,355,0.2687,0.4636,0.144,0.0346,0.0,0.0,,899.103,900.0147
airport-p48-airport5MUC-p9,2,True,1619,2987,4624,10126,2289,16279,11493,0,0,,,,667180,,,384.0,423,423,0.3813,0.6702,0.2549,0.0527,0.0,0.0,,898.7621,900.1221
airport-p49-airport5MUC-p10,2,True,1733,3255,5107,11140,2511,17501,12021,0,0,,,,633279,,,418.5,451,451,0.4211,0.7661,0.2882,0.0516,0.0,0.0,,898.6345,900.1627
airport-p50-airport5MUC-p15,2,True,2685,4967,7878,16957,3736,27535,19579,0,0,,,,460118,,,585.501,685,685,0.9939,1.8706,0.8954,0.1062,0.0,0.0,,896.2656,900.1334
assembly-prob01,-3,False,0,0,0,0,0,0,0,0,0,,,,0,,,0.0,1e+20,1e+20,0,0,0,0,0,0,,0,0
assembly-prob02,-3,False,0,0,0,0,0,0,0,0,0,,,,0,,,0.0,1e+20,1e+20,0,0,0,0,0,0,,0,0
assembly-prob03,-3,False,0,0,0,0,0,0,0,0,0,,,,0,,,0.0,1e+20,1e+20,0,0,0,0,0,0,,0,0
assembly-prob04,-3,False,0,0,0,0,0,0,0,0,0,,,,0,,,0.0,1e+20,1e+20,0,0,0,0,0,0,,0,0
assembly-prob05,-3,False,0,0,0,0,0,0,0,0,0,,,,0,,,0.0,1e+20,1e+20,0,0,0,0,0,0,,0,0
assembly-prob06,-3,False,0,0,0,0,0,0,0,0,0,,,,0,,,0.0,1e+20,1e+20,0,0,0,0,0,0,,0,0
assembly-prob07,-3,False,0,0,0,0,0,0,0,0,0,,,,0,,,0.0,1e+20,1e+20,0,0,0,0,0,0,,0,0
assembly-prob08,-3,False,0,0,0,0,0,0,0,0,0,,,,0,,,0.0,1e+20,1e+20,0,0,0,0,0,0,,0,0
assembly-prob09,-3,False,0,0,0,0,0,0,0,0,0,,,,0,,,0.0,1e+20,1e+20,0,0,0,0,0,0,,0,0
assembly-prob10,-3,False,0,0,0,0,0,0,0,0,0,,,,0,,,0.0,1e+20,1e+20,0,0,0,0,0,0,,0,0
assembly-prob11,-3,False,0,0,0,0,0,0,0,0,0,,,,0,,,0.0,1e+20,1e+20,0,0,0,0,0,0,,0,0
assembly-prob12,-3,False,0,0,0,0,0,0,0,0,0,,,,0,,,0.0,1e+20,1e+20,0,0,0,0,0,0,,0,0
assembly-prob13,-3,False,0,0,0,0,0,0,0,0,0,,,,0,,,0.0,1e+20,1e+20,0,0,0,0,0,0,,0,0
assembly-prob14,-3,False,0,0,0,0,0,0,0,0,0,,,,0,,,0.0,1e+20,1e+20,0,0,0,0,0,0,,0,0
assembly-prob15,-3,False,0,0,0,0,0,0,0,0,0,,,,0,,,0.0,1e+20,1e+20,0,0,0,0,0,0,,0,0
assembly-prob16,-3,False,0,0,0,0,0,0,0,0,0,,,,0,,,0.0,1e+20,1e+20,0,0,0,0,0,0,,0,0
assembly-prob17,-3,False,0,0,0,0,0,0,0,0,0,,,,0,,,0.0,1e+20,1e+20,0,0,0,0,0,0,,0,0
assembly-prob18,-3,False,0,0,0,0,0,0,0,0,0,,,,0,,,0.0,1e+20,1e+20,0,0,0,0,0,0,,0,0
assembly-prob19,-3,False,0,0,0,0,0,0,0,0,0,,,,0,,,0.0,1e+20,1e+20,0,0,0,0,0,0,,0,0
assembly-prob20,-3,False,0,0,0,0,0,0,0,0,0,,,,0,,,0.0,1e+20,1e+20,0,0,0,0,0,0,,0,0
assembly-prob21,-3,False,0,0,0,0,0,0,0,0,0,,,,0,,,0.0,1e+20,1e+20,0,0,0,0,0,0,,0,0
assembly-prob22,-3,False,0,0,0,0,0,0,0,0,0,,,,0,,,0.0,1e+20,1e+20,0,0,0,0,0,0,,0,0
assembly-prob23,-3,False,0,0,0,0,0,0,0,0,0,,,,0,,,0.0,1e+20,1e+20,0,0,0,0,0,0,,0,0
assembly-prob24,-3,False,0,0,0,0,0,0,0,0,0,,,,0,,,0.0,1e+20,1e+20,0,0,0,0,0,0,,0,0
assembly-prob25,-3,False,0,0,0,0,0,0,0,0,0,,,,0,,,0.0,1e+20,1e+20,0,0,0,0,0,0,,0,0
assembly-prob26,-3,False,0,0,0,0,0,0,0,0,0,,,,0,,,0.0,1e+20,1e+20,0,0,0,0,0,0,,0,0
assembly-prob27,-3,False,0,0,0,0,0,0,0,0,0,,,,0,,,0.0,1e+20,1e+20,0,0,0,0,0,0,,0,0
assembly-prob28,-3,False,0,0,0,0,0,0,0,0,0,,,,0,,,0.0,1e+20,1e+20,0,0,0,0,0,0,,0,0
assembly-prob29,-3,False,0,0,0,0,0,0,0,0,0,,,,0,,,0.0,1e+20,1e+20,0,0,0,0,0,0,,0,0
assembly-prob30,-3,False,0,0,0,0,0,0,0,0,0,,,,0,,,0.0,1e+20,1e+20,0,0,0,0,0,0,,0,0
barman-mco14-strips-p1-11-5-15,0,True,105,676,2054,2899,169,3952,4990,0,0,,,,0,,,36.0,36,36,0.0298,0.0145,0.0023,0.0068,0.0,0.0,,0.2313,0.2847
barman-mco14-strips-p1-11-5-16,0,True,115,726,2210,3118,182,4256,5396,0,0,,,,0,,,38.0,38,38,0.0399,0.0162,0.0029,0.0102,0.0,0.0,,0.2601,0.3295
barman-mco14-strips-p1-8-4-10,0,True,62,374,1112,1593,107,2207,2720,0,0,,,,0,,,26.0,26,26,0.0383,0.0051,0.0008,0.0067,0.0,0.0,,0.0922,0.1432
barman-mco14-strips-p2-10-4-13,0,True,80,486,1456,2078,136,2881,3568,0,0,,,,0,,,31.0,31,31,0.0275,0.0092,0.0013,0.0068,0.0,0.0,,0.1307,0.1756
barman-mco14-strips-p2-11-4-15,0,True,92,560,1684,2399,155,3327,4128,0,0,,,,0,,,34.0,34,34,0.0508,0.0122,0.0018,0.0306,0.0,0.0,,0.4509,0.5465
barman-mco14-strips-p2-11-5-15,0,True,108,682,2072,2926,172,3994,5062,0,0,,,,0,,,37.0,37,37,0.0531,0.0144,0.0024,0.0091,0.0,0.0,,0.2485,0.3277
barman-mco14-strips-p2-11-5-16,0,True,114,724,2204,3109,181,4242,5372,0,0,,,,0,,,37.0,37,37,0.1006,0.0163,0.0028,0.006,0.0,0.0,,0.2062,0.3322
barman-mco14-strips-p2-11-5-17,0,True,119,764,2330,3283,189,4476,5658,0,0,,,,0,,,38.0,38,38,0.0336,0.018,0.0029,0.007,0.0,0.0,,0.2182,0.2799
barman-mco14-strips-p3-10-4-13,0,True,80,486,1456,2078,136,2881,3568,0,0,,,,0,,,31.0,31,31,0.0218,0.0087,0.0015,0.0055,0.0,0.0,,0.13,0.1677
barman-mco14-strips-p3-11-4-15,0,True,92,560,1684,2399,155,3327,4128,0,0,,,,0,,,34.0,34,34,0.0255,0.0123,0.0019,0.0048,0.0,0.0,,0.159,0.2037
barman-mco14-strips-p3-11-5-15,0,True,105,676,2054,2899,169,3952,4990,0,0,,,,0,,,36.0,36,36,0.032,0.0144,0.0025,0.0093,0.0,0.0,,0.192,0.2502
barman-mco14-strips-p3-11-5-16,0,True,115,726,2210,3118,182,4256,5396,0,0,,,,0,,,38.0,38,38,0.0318,0.0163,0.0029,0.0084,0.0,0.0,,0.2555,0.3151
barman-mco14-strips-p3-11-5-17,0,True,121,768,2342,3301,191,4504,5706,0,0,,,,0,,,38.0,38,38,0.0645,0.0179,0.0029,0.0082,0.0,0.0,,0.2198,0.3136
barman-mco14-strips-p4-11-4-14,0,True,86,524,1572,2242,146,3109,3856,0,0,,,,0,,,33.0,33,33,0.0254,0.0106,0.0018,0.0074,0.0,0.0,,0.1423,0.1876
barman-mco14-strips-p4-11-4-15,0,True,91,558,1678,2390,154,3313,4104,0,0,,,,0,,,34.0,34,34,0.026,0.0123,0.0018,0.0046,0.0,0.0,,0.154,0.1988
barman-mco14-strips-p4-11-5-15,0,True,107,680,2066,2917,171,3980,5038,0,0,,,,0,,,36.0,36,36,0.0362,0.0144,0.0026,0.0091,0.0,0.0,,0.2098,0.2723
barman-mco14-strips-p5-10-4-13,0,True,80,486,1456,2078,136,2881,3568,0,0,,,,0,,,31.0,31,31,0.0206,0.0089,0.0015,0.0044,0.0,0.0,,0.1255,0.1611
barman-mco14-strips-p5-11-4-15,0,True,91,558,1678,2390,154,3313,4104,0,0,,,,0,,,34.0,34,34,0.0295,0.0122,0.002,0.0067,0.0,0.0,,0.1536,0.2042
barman-mco14-strips-p5-11-5-15,0,True,106,678,2060,2908,170,3966,5014,0,0,,,,0,,,36.0,36,36,0.0291,0.0145,0.0023,0.0097,0.0,0.0,,0.2166,0.2723
barman-mco14-strips-p5-11-5-16,0,True,114,724,2204,3109,181,4242,5372,0,0,,,,0,,,37.0,37,37,0.0485,0.016,0.0026,0.009,0.0,0.0,,0.2186,0.2949
barman-opt11-strips-pfile01-001,0,False,23,118,330,492,44,694,804,0,0,,,,1228,,,41.0,41,41,0.0102,0.0008,0.0002,0.0029,0.0,0.0,,0.2393,0.2534
barman-opt11-strips-pfile01-002,0,False,23,118,330,492,44,694,804,0,0,,,,0,,,41.0,41,41,0.0103,0.0008,0.0002,0.0046,0.0,0.0,,0.0712,0.0872
barman-opt11-strips-pfile01-003,0,False,23,118,330,492,44,694,804,0,0,,,,6972,,,41.0,41,41,0.0437,0.0008,0.0002,0.0085,0.0,0.0,,0.7789,0.8321
barman-opt11-strips-pfile01-004,0,False,23,118,330,492,44,694,804,0,0,,,,0,,,41.0,41,41,0.0135,0.0008,0.0002,0.005,0.0,0.0,,0.0767,0.0962
barman-opt11-strips-pfile02-005,0,False,28,148,420,621,53,878,1030,0,0,,,,0,,,43.0,43,43,0.0129,0.0012,0.0002,0.0047,0.0,0.0,,0.0994,0.1185
barman-opt11-strips-pfile02-006,0,False,28,148,420,621,53,878,1030,0,0,,,,0,,,43.0,43,43,0.009,0.0011,0.0003,0.0021,0.0,0.0,,0.0885,0.101
barman-opt11-strips-pfile02-007,0,False,28,148,420,621,53,878,1030,0,0,,,,1712,,,43.0,43,43,0.0289,0.0011,0.0002,0.0046,0.0,0.0,,0.3664,0.4014
barman-opt11-strips-pfile02-008,0,False,28,148,420,621,53,878,1030,0,0,,,,0,,,43.0,43,43,0.0092,0.0011,0.0002,0.0025,0.0,0.0,,0.1098,0.1229
barman-opt11-strips-pfile03-009,0,False,33,178,510,750,62,1062,1256,0,0,,,,0,,,45.0,45,45,0.0109,0.0016,0.0004,0.0035,0.0,0.0,,0.152,0.1685
barman-opt11-strips-pfile03-010,0,False,33,178,510,750,62,1062,1256,0,0,,,,4938,,,45.0,45,45,0.0455,0.0016,0.0004,0.0025,0.0,0.0,,0.9242,0.9742
barman-opt11-strips-pfile03-011,0,False,33,178,510,750,62,1062,1256,0,0,,,,3839,,,45.0,45,45,0.0088,0.0016,0.0004,0.0036,0.0,0.0,,0.8298,0.8442
barman-opt11-strips-pfile03-012,0,False,33,178,510,750,62,1062,1256,0,0,,,,0,,,45.0,45,45,0.0354,0.0016,0.0003,0.0041,0.0,0.0,,0.1314,0.1729
barman-opt11-strips-pfile04-013,0,False,42,234,680,992,78,1406,1668,0,0,,,,0,,,47.0,47,47,0.0155,0.0025,0.0006,0.0034,0.0,0.0,,0.2018,0.2237
barman-opt11-strips-pfile04-014,0,False,43,236,686,1001,79,1420,1692,0,0,,,,4961,,,48.0,48,48,0.031,0.0025,0.0006,0.1987,0.0,0.0,,1.7107,1.9436
barman-opt11-strips-pfile04-015,0,False,42,234,680,992,78,1406,1668,0,0,,,,4915,,,47.0,47,47,0.0175,0.0025,0.0005,0.0045,0.0,0.0,,1.5569,1.582
barman-opt11-strips-pfile04-016,0,False,42,234,680,992,78,1406,1668,0,0,,,,0,,,47.0,47,47,0.0179,0.0025,0.0005,0.0036,0.0,0.0,,0.1878,0.2123
barman-opt11-strips-pfile05-017,0,False,48,266,776,1130,88,1604,1918,0,0,,,,3696,,,50.0,50,50,0.0371,0.0032,0.0006,0.0052,0.0,0.0,,1.3608,1.407
barman-opt11-strips-pfile05-018,0,False,48,266,776,1130,88,1604,1918,0,0,,,,4727,,,50.0,50,50,0.0141,0.0032,0.0007,0.003,0.0,0.0,,1.5788,1.5998
barman-opt11-strips-pfile05-019,0,False,48,266,776,1130,88,1604,1918,0,0,,,,4199,,,50.0,50,50,0.0341,0.0032,0.0006,0.0043,0.0,0.0,,1.7497,1.7919
barman-opt11-strips-pfile05-020,0,False,48,266,776,1130,88,1604,1918,0,0,,,,6171,,,50.0,50,50,0.04,0.0032,0.0007,0.0049,0.0,0.0,,1.5658,1.6147
barman-opt14-strips-p435-1,0,True,28,148,420,621,53,878,1030,0,0,,,,0,,,16.0,16,16,0.0089,0.0011,0.0002,0.0038,0.0,0.0,,0.0353,0.0494
barman-opt14-strips-p435-2,0,True,28,148,420,621,53,878,1030,0,0,,,,0,,,16.0,16,16,0.0125,0.0011,0.0002,0.0042,0.0,0.0,,0.0366,0.0547
barman-opt14-strips-p435-3,0,True,28,148,420,621,53,878,1030,0,0,,,,0,,,16.0,16,16,0.0081,0.0011,0.0002,0.0021,0.0,0.0,,0.0341,0.0457
barman-opt14-strips-p536-1,0,True,33,178,510,750,62,1062,1256,0,0,,,,0,,,18.0,18,18,0.0174,0.0016,0.0003,0.0078,0.0,0.0,,0.0446,0.0717
barman-opt14-strips-p536-2,0,True,33,178,510,750,62,1062,1256,0,0,,,,0,,,18.0,18,18,0.0137,0.0016,0.0003,0.0045,0.0,0.0,,0.0413,0.0615
barman-opt14-strips-p536-3,0,True,33,178,510,750,62,1062,1256,0,0,,,,0,,,18.0,18,18,0.009,0.0016,0.0003,0.0064,0.0,0.0,,0.0423,0.0596
barman-opt14-strips-p638-1,0,True,42,234,680,992,78,1406,1668,0,0,,,,0,,,20.0,20,20,0.0135,0.0025,0.0004,0.0045,0.0,0.0,,0.0557,0.0767
barman-opt14-strips-p638-2,0,True,43,236,686,1001,79,1420,1692,0,0,,,,0,,,21.0,21,21,0.0121,0.0025,0.0004,0.0046,0.0,0.0,,0.0615,0.0812
barman-opt14-strips-p638-3,0,True,43,236,686,1001,79,1420,1692,0,0,,,,0,,,21.0,21,21,0.2352,0.0025,0.0004,0.0398,0.0,0.0,,0.0598,0.3378
barman-opt14-strips-p739-1,0,True,47,264,770,1121,87,1590,1894,0,0,,,,0,,,22.0,22,22,0.0139,0.0032,0.0005,0.0037,0.0,0.0,,0.0628,0.0842
barman-opt14-strips-p739-2,0,True,47,264,770,1121,87,1590,1894,0,0,,,,0,,,22.0,22,22,0.0328,0.0032,0.0005,0.0039,0.0,0.0,,0.063,0.1034
barman-opt14-strips-p739-3,0,True,47,264,770,1121,87,1590,1894,0,0,,,,0,,,22.0,22,22,0.044,0.0032,0.0005,0.0129,0.0,0.0,,0.0663,0.1269
barman-opt14-strips-p839-1,0,True,48,268,780,1137,89,1614,1934,0,0,,,,0,,,24.0,24,24,0.017,0.0035,0.0005,0.0054,0.0,0.0,,0.0744,0.1009
barman-opt14-strips-p839-2,0,True,48,268,780,1137,89,1614,1934,0,0,,,,0,,,24.0,24,24,0.0169,0.0035,0.0005,0.0048,0.0,0.0,,0.0699,0.0957
barman-sat11-strips-pfile06-021,0,False,62,374,1112,1593,107,2207,2720,0,0,,,,2486,,,62.0,62,62,0.0194,0.0051,0.0011,0.0039,0.0,0.0,,1.3846,1.4142
barman-sat11-strips-pfile06-022,0,False,63,376,1118,1602,108,2221,2744,0,0,,,,277137,,,63.0,63,63,0.0229,0.0051,0.0011,0.0059,0.0,0.0,,107.6746,107.7099
barman-sat11-strips-pfile06-023,0,False,63,374,1112,1593,107,2206,2720,0,0,,,,0,,,51.0,51,51,0.0158,0.0051,0.001,0.0044,0.0,0.0,,0.2274,0.2538
barman-sat11-strips-pfile06-024,0,False,62,374,1112,1593,107,2207,2720,0,0,,,,0,,,62.0,62,62,0.023,0.0053,0.001,0.0129,0.0,0.0,,0.2554,0.2977
barman-sat11-strips-pfile07-025,0,False,69,414,1234,1766,118,2449,3032,0,0,,,,2478,,,65.0,65,65,0.0195,0.0063,0.0012,0.0057,0.0,0.0,,2.1543,2.1872
barman-sat11-strips-pfile07-026,0,False,68,412,1228,1757,117,2435,3008,0,0,,,,0,,,64.0,64,64,0.0184,0.0063,0.0012,0.008,0.0,0.0,,0.3389,0.3729
barman-sat11-strips-pfile07-027,0,False,68,412,1228,1757,117,2435,3008,0,0,,,,0,,,64.0,64,64,0.0214,0.0064,0.0011,0.0043,0.0,0.0,,0.3508,0.3842
barman-sat11-strips-pfile07-028,0,False,69,414,1234,1766,118,2449,3032,0,0,,,,2492,,,65.0,65,65,0.0271,0.0063,0.0013,0.0105,0.0,0.0,,1.8317,1.877
barman-sat11-strips-pfile08-029,0,False,80,486,1456,2078,136,2881,3568,0,0,,,,0,,,67.0,67,67,0.0212,0.0089,0.0017,0.0048,0.0,0.0,,0.5371,0.574
barman-sat11-strips-pfile08-030,0,False,81,488,1462,2087,137,2895,3592,0,0,,,,2430,,,68.0,68,68,0.0291,0.0089,0.0019,0.0092,0.0,0.0,,2.8741,2.9234
barman-sat11-strips-pfile08-031,0,False,80,486,1456,2078,136,2881,3568,0,0,,,,115814,,,67.0,67,67,0.0237,0.0087,0.0016,0.0046,0.0,0.0,,62.7836,62.8225
barman-sat11-strips-pfile08-032,0,False,80,486,1456,2078,136,2881,3568,0,0,,,,2414,,,67.0,67,67,0.0405,0.0089,0.0019,0.0044,0.0,0.0,,2.0354,2.0912
barman-sat11-strips-pfile09-033,0,False,85,522,1566,2233,145,3095,3832,0,0,,,,3739,,,69.0,69,69,0.025,0.0109,0.0021,0.0065,0.0,0.0,,3.76,3.8047
barman-sat11-strips-pfile09-034,0,False,86,524,1572,2242,146,3109,3856,0,0,,,,2549,,,69.0,69,69,0.0495,0.0106,0.0018,0.0062,0.0,0.0,,3.0629,3.1312
barman-sat11-strips-pfile09-035,0,False,85,522,1566,2233,145,3095,3832,0,0,,,,0,,,69.0,69,69,0.0232,0.0105,0.002,0.0073,0.0,0.0,,0.7568,0.8
barman-sat11-strips-pfile09-036,0,False,85,522,1566,2233,145,3095,3832,0,0,,,,2495,,,69.0,69,69,0.0257,0.0104,0.002,0.0085,0.0,0.0,,2.6349,2.6818
barman-sat11-strips-pfile10-037,0,False,91,558,1678,2390,154,3313,4104,0,0,,,,0,,,70.0,70,70,0.0257,0.0119,0.0021,0.0053,0.0,0.0,,0.8732,0.9184
barman-sat11-strips-pfile10-038,0,False,92,560,1684,2399,155,3327,4128,0,0,,,,0,,,70.0,70,70,0.029,0.0117,0.0021,0.005,0.0,0.0,,0.6396,0.6877
barman-sat11-strips-pfile10-039,0,False,90,556,1672,2381,153,3299,4080,0,0,,,,0,,,70.0,70,70,0.0298,0.0118,0.0021,0.0059,0.0,0.0,,0.6134,0.6632
barman-sat11-strips-pfile10-040,0,False,93,562,1690,2408,156,3341,4152,0,0,,,,2571,,,71.0,71,71,0.0293,0.0121,0.0024,0.0058,0.0,0.0,,3.1811,3.231
barman-sat14-strips-p1-11-4-15,0,True,91,558,1678,2390,154,3313,4104,0,0,,,,0,,,34.0,34,34,0.0514,0.0119,0.0017,0.0115,0.0,0.0,,0.1602,0.2369
barman-sat14-strips-p1-11-5-15,0,True,105,676,2054,2899,169,3952,4990,0,0,,,,0,,,36.0,36,36,0.0475,0.0149,0.0023,0.008,0.0,0.0,,0.2282,0.3011
barman-sat14-strips-p1-11-5-16,0,True,115,726,2210,3118,182,4256,5396,0,0,,,,0,,,38.0,38,38,0.0321,0.0162,0.0029,0.0057,0.0,0.0,,0.2599,0.3171
barman-sat14-strips-p2-10-4-13,0,True,80,486,1456,2078,136,2881,3568,0,0,,,,0,,,31.0,31,31,0.0226,0.0089,0.0015,0.0053,0.0,0.0,,0.1308,0.1692
barman-sat14-strips-p2-11-4-15,0,True,92,560,1684,2399,155,3327,4128,0,0,,,,0,,,34.0,34,34,0.0276,0.0122,0.0018,0.0091,0.0,0.0,,0.1529,0.2038
barman-sat14-strips-p2-11-5-15,0,True,108,682,2072,2926,172,3994,5062,0,0,,,,0,,,37.0,37,37,0.0287,0.0144,0.0024,0.0052,0.0,0.0,,0.2479,0.2989
barman-sat14-strips-p2-11-5-16,0,True,114,724,2204,3109,181,4242,5372,0,0,,,,0,,,37.0,37,37,0.0508,0.0163,0.0026,0.0105,0.0,0.0,,0.207,0.2875
barman-sat14-strips-p2-11-5-17,0,True,119,764,2330,3283,189,4476,5658,0,0,,,,0,,,38.0,38,38,0.0545,0.0188,0.0031,0.0174,0.0,0.0,,0.2244,0.3186
barman-sat14-strips-p3-10-4-13,0,True,80,486,1456,2078,136,2881,3568,0,0,,,,0,,,31.0,31,31,0.0434,0.0088,0.0015,0.0062,0.0,0.0,,0.1293,0.1893
barman-sat14-strips-p3-11-4-15,0,True,92,560,1684,2399,155,3327,4128,0,0,,,,0,,,34.0,34,34,0.0254,0.012,0.0017,0.0064,0.0,0.0,,0.1604,0.2061
barman-sat14-strips-p3-11-5-15,0,True,105,676,2054,2899,169,3952,4990,0,0,,,,0,,,36.0,36,36,0.0318,0.0144,0.0022,0.008,0.0,0.0,,0.1914,0.248
barman-sat14-strips-p3-11-5-16,0,True,115,726,2210,3118,182,4256,5396,0,0,,,,0,,,38.0,38,38,0.036,0.0167,0.0027,0.0072,0.0,0.0,,0.256,0.3188
barman-sat14-strips-p3-11-5-17,0,True,121,768,2342,3301,191,4504,5706,0,0,,,,0,,,38.0,38,38,0.0523,0.0179,0.0029,0.006,0.0,0.0,,0.2202,0.2997
barman-sat14-strips-p4-11-4-14,0,True,86,524,1572,2242,146,3109,3856,0,0,,,,0,,,33.0,33,33,0.0292,0.0105,0.0016,0.0067,0.0,0.0,,0.141,0.1892
barman-sat14-strips-p4-11-4-15,0,True,91,558,1678,2390,154,3313,4104,0,0,,,,0,,,34.0,34,34,0.0251,0.0119,0.002,0.0064,0.0,0.0,,0.1546,0.2002
barman-sat14-strips-p4-11-5-15,0,True,107,680,2066,2917,171,3980,5038,0,0,,,,0,,,36.0,36,36,0.0304,0.0144,0.0025,0.0067,0.0,0.0,,0.21,0.2642
barman-sat14-strips-p5-10-4-13,0,True,80,486,1456,2078,136,2881,3568,0,0,,,,0,,,31.0,31,31,0.0219,0.0089,0.0013,0.0072,0.0,0.0,,0.1273,0.1668
barman-sat14-strips-p5-11-4-15,0,True,91,558,1678,2390,154,3313,4104,0,0,,,,0,,,34.0,34,34,0.0508,0.0122,0.002,0.0059,0.0,0.0,,0.1546,0.2257
barman-sat14-strips-p5-11-5-15,0,True,106,678,2060,2908,170,3966,5014,0,0,,,,0,,,36.0,36,36,0.0373,0.0145,0.0023,0.0078,0.0,0.0,,0.217,0.2791
barman-sat14-strips-p5-11-5-16,0,True,114,724,2204,3109,181,4242,5372,0,0,,,,0,,,37.0,37,37,0.0312,0.0161,0.0026,0.0086,0.0,0.0,,0.2181,0.2769
blocks-probBLOCKS-10-0,0,True,0,9,31,78,29,91,31,0,0,,,,0,,,18.0,18,18,0.0064,0.0004,0.0,0.0017,0.0,0.0,,0.002,0.0105
blocks-probBLOCKS-10-1,0,True,0,10,31,80,30,92,31,0,0,,,,0,,,19.0,19,19,0.0073,0.0004,0.0,0.002,0.0,0.0,,0.0023,0.0121
blocks-probBLOCKS-10-2,0,True,0,10,32,81,30,94,32,0,0,,,,0,,,19.0,19,19,0.0106,0.0004,0.0,0.0046,0.0,0.0,,0.0023,0.018
blocks-probBLOCKS-11-0,0,True,0,11,36,86,31,96,29,0,0,,,,0,,,19.0,19,19,0.0108,0.0004,0.0,0.0031,0.0,0.0,,0.0039,0.0183
blocks-probBLOCKS-11-1,0,True,0,11,40,94,33,103,30,0,0,,,,0,,,21.0,21,21,0.0082,0.0004,0.0,0.003,0.0,0.0,,0.002,0.0138
blocks-probBLOCKS-11-2,0,True,0,11,32,82,31,94,31,0,0,,,,0,,,19.0,19,19,0.0148,0.0005,0.0,0.0021,0.0,0.0,,0.0024,0.0199
blocks-probBLOCKS-12-0,0,True,0,12,39,96,35,109,35,0,0,,,,0,,,22.0,22,22,0.0156,0.0006,0.0,0.0234,0.0,0.0,,0.0066,0.0463
blocks-probBLOCKS-12-1,0,True,0,11,37,94,35,110,38,0,0,,,,0,,,22.0,22,22,0.021,0.0006,0.0,0.0022,0.0,0.0,,0.0025,0.0264
blocks-probBLOCKS-13-0,0,True,0,12,41,103,38,118,39,0,0,,,,0,,,24.0,24,24,0.0334,0.0007,0.0,0.0052,0.0,0.0,,0.0035,0.043
blocks-probBLOCKS-13-1,0,True,0,13,41,105,39,123,43,0,0,,,,0,,,25.0,25,25,0.0074,0.0007,0.0001,0.0014,0.0,0.0,,0.002,0.0117
blocks-probBLOCKS-14-0,0,True,0,14,44,109,40,125,41,0,0,,,,0,,,25.0,25,25,0.0119,0.0008,0.0001,0.0044,0.0,0.0,,0.0035,0.0208
blocks-probBLOCKS-14-1,0,True,0,14,50,119,42,131,39,0,0,,,,0,,,27.0,27,27,0.01,0.0009,0.0001,0.0043,0.0,0.0,,0.0028,0.018
blocks-probBLOCKS-15-0,0,True,0,15,52,124,44,136,40,0,0,,,,0,,,28.0,28,28,0.0091,0.001,0.0001,0.0016,0.0,0.0,,0.0021,0.014
blocks-probBLOCKS-15-1,0,True,0,15,46,118,44,139,49,0,0,,,,0,,,28.0,28,28,0.0076,0.0011,0.0001,0.0013,0.0,0.0,,0.0022,0.0123
blocks-probBLOCKS-16-1,0,True,0,16,52,131,48,152,52,0,0,,,,0,,,31.0,31,31,0.0102,0.0013,0.0001,0.0056,0.0,0.0,,0.0029,0.0201
blocks-probBLOCKS-16-2,0,True,0,15,47,120,45,142,50,0,0,,,,0,,,28.0,28,28,0.0124,0.0013,0.0001,0.0021,0.0,0.0,,0.0021,0.0181
blocks-probBLOCKS-17-0,0,True,0,17,59,143,51,162,52,0,0,,,,0,,,33.0,33,33,0.01,0.0015,0.0001,0.0015,0.0,0.0,,0.0021,0.0152
blocks-probBLOCKS-4-0,0,True,0,3,15,32,11,32,6,0,0,,,,0,,,6.0,6,6,0.0065,0.0001,0.0,0.003,0.0,0.0,,0.0018,0.0114
blocks-probBLOCKS-4-1,0,True,0,4,11,28,11,30,8,0,0,,,,0,,,6.0,6,6,0.0102,0.0001,0.0,0.0042,0.0,0.0,,0.0026,0.0171
blocks-probBLOCKS-4-2,0,True,0,3,12,29,11,29,6,0,0,,,,0,,,6.0,6,6,0.0284,0.0001,0.0,0.0055,0.0,0.0,,0.0037,0.0377
blocks-probBLOCKS-5-0,0,True,0,5,17,39,14,42,11,0,0,,,,0,,,8.0,8,8,0.008,0.0001,0.0,0.005,0.0,0.0,,0.0023,0.0154
blocks-probBLOCKS-5-1,0,True,0,4,16,36,13,38,9,0,0,,,,0,,,7.0,7,7,0.027,0.0001,0.0,0.0021,0.0,0.0,,0.002,0.0312
blocks-probBLOCKS-5-2,0,True,0,5,15,39,15,45,15,0,0,,,,0,,,9.0,9,9,0.0168,0.0001,0.0,0.0095,0.0,0.0,,0.0036,0.03
blocks-probBLOCKS-6-0,0,True,0,6,20,49,18,53,15,0,0,,,,0,,,11.0,11,11,0.0257,0.0001,0.0,0.0092,0.0,0.0,,0.0036,0.0387
blocks-probBLOCKS-6-1,0,True,0,5,23,50,17,51,11,0,0,,,,0,,,10.0,10,10,0.01,0.0001,0.0,0.0023,0.0,0.0,,0.0018,0.0143
blocks-probBLOCKS-6-2,0,True,0,6,18,47,18,54,18,0,0,,,,0,,,11.0,11,11,0.0048,0.0001,0.0,0.0014,0.0,0.0,,0.0018,0.0083
blocks-probBLOCKS-7-0,0,True,0,7,21,55,21,64,22,0,0,,,,0,,,13.0,13,13,0.0089,0.0002,0.0,0.0027,0.0,0.0,,0.0026,0.0145
blocks-probBLOCKS-7-1,0,True,0,7,22,54,20,60,18,0,0,,,,0,,,12.0,12,12,0.0072,0.0002,0.0,0.002,0.0,0.0,,0.0019,0.0114
blocks-probBLOCKS-7-2,0,True,0,7,21,53,20,57,16,0,0,,,,0,,,12.0,12,12,0.0061,0.0002,0.0,0.0051,0.0,0.0,,0.0021,0.0135
blocks-probBLOCKS-8-0,0,True,0,7,26,61,22,66,18,0,0,,,,0,,,13.0,13,13,0.1001,0.0002,0.0,0.0095,0.0,0.0,,0.0062,0.116
blocks-probBLOCKS-8-1,0,True,0,8,29,64,22,67,16,0,0,,,,0,,,13.0,13,13,0.0253,0.0002,0.0,0.0019,0.0,0.0,,0.0019,0.0294
blocks-probBLOCKS-8-2,0,True,0,7,29,66,23,71,19,0,0,,,,0,,,14.0,14,14,0.0183,0.0002,0.0,0.0037,0.0,0.0,,0.0023,0.0246
blocks-probBLOCKS-9-0,0,True,0,9,28,70,26,80,26,0,0,,,,0,,,16.0,16,16,0.012,0.0003,0.0,0.0065,0.0,0.0,,0.0032,0.022
blocks-probBLOCKS-9-1,0,True,0,9,26,68,26,80,28,0,0,,,,0,,,16.0,16,16,0.0065,0.0003,0.0,0.0051,0.0,0.0,,0.0022,0.0143
blocks-probBLOCKS-9-2,0,True,0,9,28,72,27,83,28,0,0,,,,0,,,17.0,17,17,0.0125,0.0003,0.0,0.0083,0.0,0.0,,0.0029,0.024
childsnack-opt14-strips-child-snack_pfile01,0,True,38,126,134,304,44,318,240,0,0,,,,0,,,10.0,10,10,0.0087,0.0007,0.0001,0.0167,0.0,0.0,,0.0086,0.0349
childsnack-opt14-strips-child-snack_pfile01-2,0,True,38,126,134,304,44,318,240,0,0,,,,0,,,11.0,11,11,0.0343,0.0007,0.0001,0.006,0.0,0.0,,0.0074,0.0485
childsnack-opt14-strips-child-snack_pfile02,0,True,46,176,186,415,53,433,340,0,0,,,,0,,,11.0,11,11,0.011,0.0012,0.0001,0.0036,0.0,0.0,,0.0084,0.0244
childsnack-opt14-strips-child-snack_pfile02-2,0,True,46,176,186,415,53,433,340,0,0,,,,0,,,12.0,12,12,5.9341,0.0012,0.0001,0.0145,0.0,0.0,,0.0085,5.9584
childsnack-opt14-strips-child-snack_pfile03,0,True,50,215,226,499,58,531,440,0,0,,,,0,,,13.0,13,13,0.0113,0.0017,0.0001,0.0045,0.0,0.0,,0.0272,0.0449
childsnack-opt14-strips-child-snack_pfile03-2,0,True,50,215,226,499,58,531,440,0,0,,,,0,,,13.0,13,13,0.0237,0.0017,0.0001,0.0068,0.0,0.0,,0.0444,0.0768
childsnack-opt14-strips-child-snack_pfile04,0,True,69,381,393,852,78,894,792,0,0,,,,0,,,14.0,14,14,0.0453,0.003,0.0002,0.0077,0.0,0.0,,0.0157,0.0721
childsnack-opt14-strips-child-snack_pfile04-2,0,True,69,381,393,852,78,894,792,0,0,,,,0,,,14.0,14,14,0.0242,0.003,0.0002,0.0036,0.0,0.0,,0.0166,0.0477
childsnack-opt14-strips-child-snack_pfile05,0,True,74,451,464,999,84,1059,975,0,0,,,,0,,,15.0,15,15,0.0158,0.0041,0.0002,0.004,0.0,0.0,,0.019,0.0433
childsnack-opt14-strips-child-snack_pfile05-2,0,True,74,451,464,999,84,1059,975,0,0,,,,0,,,15.0,15,15,0.0183,0.0041,0.0002,0.0023,0.0,0.0,,0.0178,0.0429
childsnack-opt14-strips-child-snack_pfile06,0,True,84,564,579,1238,95,1307,1215,0,0,,,,0,,,16.0,16,16,0.0179,0.0058,0.0003,0.0046,0.0,0.0,,0.0251,0.0539
childsnack-opt14-strips-child-snack_pfile06-2,0,True,84,564,579,1238,95,1307,1215,0,0,,,,0,,,16.0,16,16,0.0276,0.0059,0.0003,0.004,0.0,0.0,,0.0275,0.0654
childsnack-opt14-strips-child-snack_pfile07,0,True,89,649,665,1415,101,1490,1392,0,0,,,,0,,,17.0,17,17,0.0364,0.0074,0.0004,0.0044,0.0,0.0,,0.0271,0.0759
childsnack-opt14-strips-child-snack_pfile07-2,0,True,89,649,665,1415,101,1490,1392,0,0,,,,0,,,17.0,17,17,0.0223,0.0073,0.0004,0.0032,0.0,0.0,,0.027,0.0604
childsnack-opt14-strips-child-snack_pfile08,0,True,94,740,757,1604,107,1702,1632,0,0,,,,0,,,18.0,18,18,0.022,0.0095,0.0004,0.003,0.0,0.0,,0.0322,0.0674
childsnack-opt14-strips-child-snack_pfile08-2,0,True,94,740,757,1604,107,1702,1632,0,0,,,,0,,,18.0,18,18,0.0335,0.0094,0.0005,0.0037,0.0,0.0,,0.0329,0.0803
childsnack-opt14-strips-child-snack_pfile09,0,True,104,883,902,1903,118,2012,1938,0,0,,,,0,,,19.0,19,19,0.0299,0.0125,0.0006,0.0046,0.0,0.0,,0.0429,0.0909
childsnack-opt14-strips-child-snack_pfile09-2,0,True,104,883,902,1903,118,2012,1938,0,0,,,,0,,,19.0,19,19,0.0334,0.0123,0.0005,0.0032,0.0,0.0,,0.0391,0.0889
childsnack-opt14-strips-child-snack_pfile10,0,True,109,989,1009,2122,124,2258,2220,0,0,,,,0,,,20.0,20,20,0.0344,0.0158,0.0006,0.0051,0.0,0.0,,0.0444,0.1005
childsnack-opt14-strips-child-snack_pfile10-2,0,True,109,989,1009,2122,124,2258,2220,0,0,,,,0,,,20.0,20,20,0.0395,0.0157,0.0006,0.0091,0.0,0.0,,0.0511,0.1164
childsnack-sat14-strips-child-snack_pfile05,0,True,74,451,464,999,84,1059,975,0,0,,,,0,,,15.0,15,15,0.0643,0.0041,0.0002,0.0421,0.0,0.0,,0.0567,0.1676
childsnack-sat14-strips-child-snack_pfile05-2,0,True,74,451,464,999,84,1059,975,0,0,,,,0,,,15.0,15,15,0.0218,0.0041,0.0002,0.0035,0.0,0.0,,0.0173,0.047
childsnack-sat14-strips-child-snack_pfile06-2,0,True,84,564,579,1238,95,1307,1215,0,0,,,,0,,,16.0,16,16,0.0211,0.0058,0.0003,0.0035,0.0,0.0,,0.0269,0.0578
childsnack-sat14-strips-child-snack_pfile07-2,0,True,89,649,665,1415,101,1490,1392,0,0,,,,0,,,17.0,17,17,0.0234,0.0072,0.0004,0.0044,0.0,0.0,,0.0274,0.0632
childsnack-sat14-strips-child-snack_pfile08,0,True,94,740,757,1604,107,1702,1632,0,0,,,,0,,,18.0,18,18,0.0247,0.0095,0.0004,0.0053,0.0,0.0,,0.0328,0.073
childsnack-sat14-strips-child-snack_pfile08-2,0,True,94,740,757,1604,107,1702,1632,0,0,,,,0,,,18.0,18,18,0.042,0.0093,0.0004,0.0057,0.0,0.0,,0.0333,0.091
childsnack-sat14-strips-child-snack_pfile09,0,True,104,883,902,1903,118,2012,1938,0,0,,,,0,,,19.0,19,19,0.0313,0.0125,0.0006,0.0059,0.0,0.0,,0.0443,0.095
childsnack-sat14-strips-child-snack_pfile09-2,0,True,104,883,902,1903,118,2012,1938,0,0,,,,0,,,19.0,19,19,0.0338,0.0124,0.0005,0.0048,0.0,0.0,,0.0389,0.0909
childsnack-sat14-strips-child-snack_pfile10,0,True,109,989,1009,2122,124,2258,2220,0,0,,,,0,,,20.0,20,20,0.0398,0.0158,0.0007,0.0038,0.0,0.0,,0.043,0.1034
childsnack-sat14-strips-child-snack_pfile10-2,0,True,109,989,1009,2122,124,2258,2220,0,0,,,,0,,,20.0,20,20,0.0563,0.0157,0.0007,0.0074,0.0,0.0,,0.0542,0.1345
childsnack-sat14-strips-child-snack_pfile11,0,True,114,1101,1122,2353,130,2497,2457,0,0,,,,0,,,21.0,21,21,0.0607,0.0194,0.0008,0.0055,0.0,0.0,,0.0475,0.1342
childsnack-sat14-strips-child-snack_pfile11-2,0,True,114,1101,1122,2353,130,2497,2457,0,0,,,,0,,,21.0,21,21,0.0561,0.0194,0.0008,0.0097,0.0,0.0,,0.0488,0.1351
childsnack-sat14-strips-child-snack_pfile12,0,True,150,1691,1714,3572,167,3743,3772,0,0,,,,0,,,22.0,22,22,0.0593,0.0303,0.0014,0.0047,0.0,0.0,,0.0933,0.1896
childsnack-sat14-strips-child-snack_pfile13,0,True,156,1860,1884,3918,174,4122,4224,0,0,,,,0,,,23.0,23,23,0.0742,0.0364,0.0016,0.005,0.0,0.0,,0.1025,0.2207
childsnack-sat14-strips-child-snack_pfile13-2,0,True,156,1860,1884,3918,174,4122,4224,0,0,,,,0,,,23.0,23,23,0.0562,0.0365,0.0016,0.0046,0.0,0.0,,0.1158,0.2156
childsnack-sat14-strips-child-snack_pfile14,0,True,162,2037,2062,4280,181,4494,4600,0,0,,,,0,,,24.0,24,24,0.1765,0.0426,0.0017,0.0056,0.0,0.0,,0.113,0.3405
childsnack-sat14-strips-child-snack_pfile15-2,0,True,168,2222,2248,4658,188,4908,5096,0,0,,,,0,,,25.0,25,25,0.0736,0.0502,0.002,0.0074,0.0,0.0,,0.1329,0.2672
childsnack-sat14-strips-child-snack_pfile16-2,0,True,180,2504,2532,5237,201,5505,5712,0,0,,,,0,,,26.0,26,26,0.087,0.0616,0.0023,0.0065,0.0,0.0,,0.1596,0.3183
childsnack-sat14-strips-child-snack_pfile19,0,True,204,3244,3276,6748,228,7088,7424,0,0,,,,0,,,29.0,29,29,0.1313,0.0995,0.0032,0.0121,0.0,0.0,,0.2318,0.4801
childsnack-sat14-strips-child-snack_pfile19-2,0,True,204,3244,3276,6748,228,7088,7424,0,0,,,,0,,,29.0,29,29,0.1348,0.1001,0.0032,0.0087,0.0,0.0,,0.2148,0.4637
data-network-opt18-strips-p01,0,False,55,503,779,1343,60,1500,1711,0,0,,,,1156689,,,105.0,111,105,0.015,0.0021,0.0011,0.0042,0.0,0.0,,608.774,608.7964
data-network-opt18-strips-p02,0,False,63,697,1117,1880,65,2057,2501,0,0,,,,0,,,29.0,29,29,0.0122,0.0027,0.0005,0.0071,0.0,0.0,,0.2455,0.268
data-network-opt18-strips-p03,0,False,66,845,1328,2247,72,2426,2946,0,0,,,,52999,,,78.0,79,78,0.0136,0.0033,0.0018,0.0064,0.0,0.0,,52.2632,52.2884
data-network-opt18-strips-p04,2,False,70,1143,1861,3085,78,3185,4329,0,0,,,,415955,,,96.0,121,119,0.0164,0.0077,0.0023,0.0048,0.0,0.0,,899.9922,900.0235
data-network-opt18-strips-p05,0,False,74,1025,1624,2733,81,2927,3564,0,0,,,,466701,,,104.0,137,104,0.0135,0.0042,0.0034,0.0055,0.0,0.0,,645.6301,645.6568
data-network-opt18-strips-p06,0,False,84,1307,2162,3559,88,3626,5020,0,0,,,,251418,,,55.0,73,55,0.0142,0.0062,0.0026,0.006,0.0,0.0,,183.0926,183.1218
data-network-opt18-strips-p07,0,False,86,1574,2589,4259,93,4261,6109,0,0,,,,2871,,,87.0,99,87,0.1574,0.0064,0.0035,0.1871,0.0,0.0,,3.0102,3.3647
data-network-opt18-strips-p08,0,False,89,1243,2008,3351,97,3590,4450,0,0,,,,27295,,,104.0,137,104,0.0156,0.0057,0.0046,0.0075,0.0,0.0,,26.3535,26.387
data-network-opt18-strips-p09,0,False,74,705,1120,1903,77,2198,2354,0,0,,,,0,,,27.0,27,27,0.0109,0.0034,0.0006,0.0033,0.0,0.0,,0.2812,0.2996
data-network-opt18-strips-p10,0,False,81,921,1505,2513,85,2739,3299,0,0,,,,67606,,,85.0,86,85,0.0135,0.0043,0.0011,0.0044,0.0,0.0,,64.0888,64.1122
data-network-opt18-strips-p11,2,False,91,1111,1829,3034,93,3324,3983,0,0,,,,643391,,,16.398,47,47,0.0151,0.006,0.0012,0.0069,0.0,0.0,,900.1091,900.1386
data-network-opt18-strips-p12,0,False,97,1315,2133,3549,100,3873,4639,0,0,,,,84322,,,62.0,63,62,0.0127,0.0063,0.0018,0.005,0.0,0.0,,120.5498,120.5758
data-network-opt18-strips-p13,2,False,104,1492,2495,4098,109,4389,5584,0,0,,,,298139,,,51.106,133,100,0.0331,0.0089,0.0056,0.0111,0.0,0.0,,900.0163,900.0753
data-network-opt18-strips-p14,2,False,105,1749,2923,4795,117,4993,6551,0,0,,,,208114,,,176.0,216,181,0.0248,0.011,0.0117,0.0075,0.0,0.0,,899.9939,900.0491
data-network-opt18-strips-p15,0,False,128,1344,2242,3718,131,4313,4579,0,0,,,,70503,,,50.0,60,50,0.0411,0.0097,0.001,0.0093,0.0,0.0,,38.074,38.1352
data-network-opt18-strips-p16,2,False,140,1692,2894,4734,146,5188,6000,0,0,,,,454248,,,60.8,134,117,0.0183,0.0175,0.0026,0.0078,0.0,0.0,,900.079,900.1255
data-network-opt18-strips-p17,2,False,154,2125,3679,5964,158,6226,7963,0,0,,,,297419,,,32.108,94,93,0.0196,0.0171,0.0028,0.0087,0.0,0.0,,900.0464,900.0949
data-network-opt18-strips-p18,2,False,165,2485,4253,6914,173,7388,8951,0,0,,,,187292,,,73.0,143,143,0.0298,0.0203,0.0069,0.013,0.0,0.0,,900.0007,900.071
data-network-opt18-strips-p19,2,False,180,3159,5431,8781,188,9402,11352,0,0,,,,92346,,,60.0,216,169,0.0431,0.027,0.0208,0.0133,0.0,0.0,,900.0376,900.1421
data-network-opt18-strips-p20,2,False,193,3451,6040,9694,200,10015,13241,0,0,,,,57277,,,117.0,464,194,0.0255,0.0299,0.0222,0.0145,0.0,0.0,,899.9318,900.0242
data-network-sat18-strips-p01,2,False,177,3450,5775,9429,196,9749,12782,0,0,,,,118078,,,225.0,366,321,0.0244,0.0287,0.066,0.0139,0.0,0.0,,905.3504,905.4838
data-network-sat18-strips-p02,2,False,204,4048,6823,11099,220,11155,15530,0,0,,,,80336,,,182.0,237,218,0.0326,0.0357,0.0565,0.0192,0.0,0.0,,899.9033,900.0476
data-network-sat18-strips-p03,2,False,233,4101,6839,11204,255,11823,14862,0,0,,,,60998,,,235.029,374,315,0.0348,0.0397,0.0844,0.0156,0.0,0.0,,899.8612,900.0361
data-network-sat18-strips-p04,2,False,252,4647,7690,12637,285,13294,16482,0,0,,,,120223,,,367.014,517,469,0.0378,0.0463,0.2142,0.0164,0.0,0.0,,899.7658,900.0809
data-network-sat18-strips-p05,2,False,289,7092,12484,19905,316,19100,29599,0,0,,,,28900,,,418.0,494,454,0.0532,0.0924,0.2248,0.0282,0.0,0.0,,913.9163,914.3157
data-network-sat18-strips-p06,2,False,317,7692,13513,21570,349,20827,31812,0,0,,,,17460,,,418.0,671,586,0.466,0.1056,0.4529,0.1352,0.0,0.0,,898.9383,900.104
data-network-sat18-strips-p07,2,False,342,7506,12999,20899,377,20660,29784,0,0,,,,31332,,,412.0,585,518,0.3659,0.1105,0.4331,0.0391,0.0,0.0,,908.2149,909.1643
data-network-sat18-strips-p08,2,False,370,9017,15757,25199,408,24449,36896,0,0,,,,18274,,,373.083,510,471,0.0937,0.1468,0.5071,0.044,0.0,0.0,,910.1212,910.9139
data-network-sat18-strips-p09,2,False,398,7250,12239,19938,434,20787,26467,0,0,,,,50984,,,421.025,829,744,0.0655,0.1214,0.5335,0.0303,0.0,0.0,,899.3333,900.0849
data-network-sat18-strips-p10,2,False,427,8998,15693,25178,468,25094,35855,0,0,,,,9554,,,446.0,688,623,0.0837,0.1769,0.9273,0.0398,0.0,0.0,,898.808,900.0367
data-network-sat18-strips-p11,2,False,191,2896,5005,8104,199,8536,10665,0,0,,,,144724,,,104.04,362,203,0.0259,0.0289,0.0153,0.0132,0.0,0.0,,899.9861,900.0696
data-network-sat18-strips-p12,2,False,243,4604,8050,12913,254,13175,17800,0,0,,,,49811,,,144.0,303,257,0.0527,0.048,0.0357,0.0191,0.0,0.0,,899.8976,900.0535
data-network-sat18-strips-p13,2,False,296,6086,10678,17081,310,17424,23431,0,0,,,,48091,,,196.271,575,335,0.0526,0.0728,0.1031,0.0253,0.0,0.0,,899.8687,900.1229
data-network-sat18-strips-p14,2,False,345,7230,12595,20197,364,20693,27290,0,0,,,,40655,,,213.088,560,345,0.0827,0.1114,0.1326,0.0321,0.0,0.0,,934.85,935.2095
data-network-sat18-strips-p15,2,False,395,8634,15070,24134,419,24502,32866,0,0,,,,50766,,,234.197,578,491,0.0787,0.1549,0.2036,0.0374,0.0,0.0,,899.5773,900.0528
data-network-sat18-strips-p16,2,False,450,10722,19087,30298,476,30477,41957,0,0,,,,14965,,,244.0,758,525,0.0986,0.2091,0.4418,0.0536,0.0,0.0,,917.8806,918.6849
data-network-sat18-strips-p17,2,False,496,9667,16775,26979,526,28393,34811,0,0,,,,23495,,,283.243,711,599,0.097,0.1977,0.3433,0.0435,0.0,0.0,,899.3967,900.0793
data-network-sat18-strips-p18,2,False,556,12448,22110,35147,578,35011,49795,0,0,,,,14257,,,192.0,544,472,0.1268,0.3176,0.3303,0.0612,0.0,0.0,,899.2405,900.0778
data-network-sat18-strips-p19,2,False,593,11528,20008,32195,640,34126,41181,0,0,,,,14702,,,750.0,2280,1260,0.133,0.2828,1.1551,0.0613,0.0,0.0,,905.0126,906.646
data-network-sat18-strips-p20,2,False,659,15418,27200,43325,691,43803,59652,0,0,,,,4376,,,316.0,1125,972,0.2096,0.4498,1.1636,0.0813,0.0,0.0,,898.2824,900.1885
depot-p01,0,True,10,24,45,99,28,121,49,0,0,,,,0,,,10.0,10,10,0.0299,0.0002,0.0,0.0083,0.0,0.0,,0.0082,0.0466
depot-p02,0,True,22,52,91,189,44,239,113,0,0,,,,0,,,14.0,14,14,0.0116,0.0004,0.0001,0.0039,0.0,0.0,,0.0099,0.0259
depot-p03,0,True,36,82,147,302,70,394,200,0,0,,,,0,,,22.0,24,22,0.0085,0.001,0.0002,0.0021,0.0,0.0,,0.0192,0.0309
depot-p04,0,True,50,104,184,379,88,495,249,0,0,,,,0,,,17.0,17,17,0.012,0.0018,0.0002,0.0028,0.0,0.0,,0.0114,0.0283
depot-p05,0,True,58,138,242,492,109,656,348,0,0,,,,0,,,33.0,37,33,0.0152,0.003,0.0004,0.0029,0.0,0.0,,0.0309,0.0525
depot-p06,0,True,90,208,355,722,156,969,522,0,0,,,,0,,,42.0,44,42,0.018,0.0079,0.0007,0.0035,0.0,0.0,,0.0623,0.0925
depot-p07,0,True,38,88,164,326,71,405,196,0,0,,,,0,,,18.0,18,18,0.009,0.0012,0.0001,0.002,0.0,0.0,,0.0126,0.025
depot-p08,0,True,53,119,228,459,107,584,291,0,0,,,,0,,,27.0,27,27,0.0113,0.0033,0.0003,0.0019,0.0,0.0,,0.0123,0.0292
depot-p09,0,True,88,221,407,795,161,1020,546,0,0,,,,0,,,44.0,44,44,0.0424,0.0093,0.0008,0.0039,0.0,0.0,,0.025,0.0817
depot-p10,0,True,71,169,269,550,109,728,387,0,0,,,,0,,,22.0,22,22,0.0158,0.0029,0.0003,0.003,0.0,0.0,,0.0244,0.0465
depot-p11,0,True,122,296,508,991,182,1386,810,0,0,,,,0,,,41.0,41,41,0.029,0.0094,0.0011,0.0137,0.0,0.0,,0.0857,0.1389
depot-p12,0,True,180,433,736,1432,258,2010,1184,0,0,,,,0,,,45.0,47,45,0.0335,0.0245,0.0019,0.0039,0.0,0.0,,0.0864,0.1507
depot-p13,0,True,34,99,174,360,81,479,247,0,0,,,,0,,,24.0,24,24,0.0181,0.0026,0.0002,0.0032,0.0,0.0,,0.0193,0.0434
depot-p14,0,True,124,283,436,888,166,1190,655,0,0,,,,0,,,23.0,23,23,0.0213,0.0103,0.0005,0.0027,0.0,0.0,,0.0383,0.0733
depot-p15,0,True,186,461,800,1530,262,2098,1219,0,0,,,,0,,,49.0,49,49,0.0635,0.0304,0.002,0.0066,0.0,0.0,,0.1431,0.2459
depot-p16,0,True,160,695,1066,1956,193,2465,1758,0,0,,,,0,,,24.0,24,24,0.0385,0.0083,0.0015,0.0062,0.0,0.0,,0.1823,0.237
depot-p17,0,True,315,1477,2343,4166,345,5354,4214,0,0,,,,0,,,22.0,22,22,0.0316,0.0299,0.0034,0.0081,0.0,0.0,,0.3713,0.4445
depot-p18,0,True,527,2750,4450,7793,591,10245,8872,0,0,,,,0,,,49.0,51,49,0.0511,0.1034,0.0158,0.0157,0.0,0.0,,1.034,1.2205
depot-p19,0,True,164,591,863,1675,217,2317,1395,0,0,,,,0,,,32.0,34,32,0.021,0.0133,0.0016,0.0035,0.0,0.0,,0.2051,0.2446
depot-p20,0,True,286,1024,1659,3063,373,4420,2798,0,0,,,,240,,,57.0,60,57,0.0753,0.0569,0.0059,0.0053,0.0,0.0,,1.4236,1.5675
depot-p21,0,True,649,3391,5307,9403,700,13362,9533,0,0,,,,0,,,32.0,33,32,0.0996,0.1599,0.0127,0.0269,0.0,0.0,,1.3641,1.6642
depot-p22,0,True,1411,9477,16547,27570,1533,42261,35323,0,0,,,,16500,,,77.0,77,77,0.329,0.9968,0.0958,0.0874,0.0,0.0,,302.6414,304.1528
driverlog-p01,0,True,14,40,42,99,17,107,48,0,0,,,,0,,,6.0,6,6,0.0062,0.0001,0.0,0.0019,0.0,0.0,,0.0092,0.0175
driverlog-p02,0,True,23,66,70,168,32,182,80,0,0,,,,0,,,14.0,14,14,0.0119,0.0002,0.0001,0.0044,0.0,0.0,,0.0122,0.0288
driverlog-p03,0,True,26,70,70,170,30,184,84,0,0,,,,0,,,11.0,11,11,0.0075,0.0002,0.0001,0.0116,0.0,0.0,,0.0127,0.0321
driverlog-p04,0,True,28,76,79,190,35,206,92,0,0,,,,0,,,12.0,12,12,0.0061,0.0003,0.0001,0.0022,0.0,0.0,,0.0086,0.0173
driverlog-p05,0,True,34,102,108,253,43,277,126,0,0,,,,0,,,15.0,15,15,0.0102,0.0004,0.0001,0.0057,0.0,0.0,,0.0106,0.027
driverlog-p06,0,True,27,84,90,208,34,227,103,0,0,,,,0,,,10.0,10,10,0.0124,0.0004,0.0001,0.0035,0.0,0.0,,0.0097,0.0261
driverlog-p07,0,True,39,114,117,277,46,300,137,0,0,,,,0,,,12.0,12,12,0.0227,0.0005,0.0001,0.0062,0.0,0.0,,0.0094,0.0389
driverlog-p08,0,True,48,150,156,363,57,403,190,0,0,,,,0,,,15.0,15,15,0.0061,0.0007,0.0001,0.0015,0.0,0.0,,0.0121,0.0206
driverlog-p09,0,True,52,191,195,447,61,530,278,0,0,,,,0,,,18.0,19,18,0.009,0.0009,0.0002,0.0039,0.0,0.0,,0.0292,0.0433
driverlog-p10,0,True,83,303,303,695,89,833,455,0,0,,,,0,,,16.0,16,16,0.0087,0.0016,0.0003,0.0023,0.0,0.0,,0.0333,0.0461
driverlog-p11,0,True,88,328,330,753,95,909,496,0,0,,,,0,,,18.0,19,18,0.0069,0.0018,0.0004,0.0022,0.0,0.0,,0.1323,0.1437
driverlog-p12,0,True,138,638,642,1429,149,1732,1042,0,0,,,,41,,,24.0,27,24,0.0117,0.0044,0.0012,0.0056,0.0,0.0,,0.3088,0.3317
driverlog-p13,0,True,173,867,871,1921,183,2258,1458,0,0,,,,0,,,21.0,23,21,0.017,0.0059,0.0017,0.0054,0.0,0.0,,0.1379,0.168
driverlog-p14,0,True,168,841,847,1867,179,2197,1405,0,0,,,,5,,,25.0,27,25,0.0109,0.0057,0.0016,0.0052,0.0,0.0,,0.2828,0.3063
driverlog-p15,0,True,302,1737,1741,3791,313,4601,2870,0,0,,,,0,,,30.0,30,30,0.0271,0.0212,0.0038,0.0127,0.0,0.0,,0.7781,0.8431
driverlog-p16,0,True,452,3522,3547,7545,476,8756,6173,0,0,,,,22153,,,51.0,56,51,0.0331,0.0569,0.0174,0.0105,0.0,0.0,,195.7799,195.8981
driverlog-p17,0,True,588,4718,4743,10076,615,11889,8418,0,0,,,,5451,,,57.0,61,57,0.047,0.0907,0.0287,0.0174,0.0,0.0,,109.5283,109.7124
driverlog-p18,0,True,765,6628,6648,14068,792,16863,12109,0,0,,,,13571,,,62.0,64,62,0.067,0.1836,0.0428,0.0225,0.0,0.0,,618.7917,619.1086
driverlog-p19,2,True,902,8086,8111,17135,938,20567,14922,0,0,,,,11899,,,78.436,87,87,0.1124,0.2379,0.0721,0.0301,0.0,0.0,,899.5661,900.0195
driverlog-p20,2,True,1171,12136,12152,25491,1203,29371,22162,0,0,,,,5088,,,76.781,83,81,0.172,0.4518,0.1123,0.0495,0.0,0.0,,899.2839,900.0708
elevators-opt08-strips-p01,0,False,44,148,221,421,52,552,463,0,0,,,,0,,,32.0,35,32,0.0187,0.0007,0.0003,0.0051,0.0,0.0,,0.0713,0.0962
elevators-opt08-strips-p02,0,False,56,198,304,564,62,727,611,0,0,,,,0,,,26.0,38,26,0.1793,0.001,0.0004,0.154,0.0,0.0,,0.1943,0.529
elevators-opt08-strips-p03,0,False,52,192,296,551,63,729,655,0,0,,,,779,,,38.0,46,38,0.0095,0.0009,0.0006,0.0028,0.0,0.0,,0.1976,0.2115
elevators-opt08-strips-p04,0,False,62,249,377,700,74,931,803,0,0,,,,0,,,36.0,49,36,0.0088,0.0014,0.0009,0.002,0.0,0.0,,0.2401,0.2532
elevators-opt08-strips-p05,0,False,60,207,314,595,74,788,656,0,0,,,,8,,,38.0,52,38,0.0072,0.0012,0.0007,0.0033,0.0,0.0,,0.0836,0.0961
elevators-opt08-strips-p06,0,False,72,304,478,868,86,1169,1074,0,0,,,,101,,,38.0,65,38,0.0104,0.0018,0.0014,0.0071,0.0,0.0,,0.3135,0.3343
elevators-opt08-strips-p07,0,False,71,268,414,767,85,1009,901,0,0,,,,672,,,38.0,52,38,0.0096,0.0015,0.001,0.0046,0.0,0.0,,0.2804,0.2972
elevators-opt08-strips-p08,0,False,89,372,592,1062,98,1384,1280,0,0,,,,2523,,,33.0,78,33,0.0168,0.0023,0.0021,0.0053,0.0,0.0,,0.5826,0.6092
elevators-opt08-strips-p09,0,False,80,314,495,905,96,1207,1123,0,0,,,,3583,,,48.0,65,48,0.0098,0.002,0.0013,0.0037,0.0,0.0,,1.6618,1.6785
elevators-opt08-strips-p10,0,False,94,421,687,1218,110,1643,1581,0,0,,,,17185,,,48.0,69,48,0.0119,0.0028,0.0023,0.0047,0.0,0.0,,5.9453,5.9672
elevators-opt08-strips-p11,0,False,57,193,270,531,68,693,575,0,0,,,,0,,,41.0,51,41,0.0319,0.001,0.0007,0.0061,0.0,0.0,,0.073,0.1128
elevators-opt08-strips-p12,0,False,66,252,366,696,78,916,799,0,0,,,,0,,,38.0,48,38,0.0308,0.0014,0.0009,0.0109,0.0,0.0,,0.0642,0.1082
elevators-opt08-strips-p13,0,False,71,204,288,575,83,777,620,0,0,,,,0,,,47.0,74,47,0.0094,0.0014,0.0007,0.0037,0.0,0.0,,0.0506,0.0659
elevators-opt08-strips-p14,0,False,77,305,449,848,94,1132,993,0,0,,,,0,,,41.0,54,41,0.0115,0.0019,0.0018,0.0025,0.0,0.0,,0.0738,0.0915
elevators-opt08-strips-p15,0,False,82,281,408,787,98,1051,927,0,0,,,,0,,,44.0,50,44,0.0198,0.0019,0.0016,0.0054,0.0,0.0,,0.0963,0.125
elevators-opt08-strips-p16,0,False,92,377,567,1054,110,1430,1298,0,0,,,,0,,,51.0,106,51,0.0107,0.0026,0.0029,0.0031,0.0,0.0,,0.1656,0.185
elevators-opt08-strips-p17,0,False,96,313,443,869,113,1163,968,0,0,,,,500,,,57.0,91,57,0.0385,0.0024,0.0019,0.0062,0.0,0.0,,0.2368,0.286
elevators-opt08-strips-p18,0,False,106,409,637,1172,126,1604,1475,0,0,,,,0,,,44.0,50,44,0.0091,0.0033,0.0034,0.0042,0.0,0.0,,0.1064,0.1264
elevators-opt08-strips-p19,0,False,108,380,557,1065,128,1424,1285,0,0,,,,1420,,,57.0,102,57,0.0357,0.003,0.0034,0.0067,0.0,0.0,,0.46,0.5088
elevators-opt08-strips-p20,0,False,122,496,774,1412,142,1885,1768,0,0,,,,0,,,51.0,57,51,0.0113,0.0042,0.0056,0.0093,0.0,0.0,,0.1684,0.1988
elevators-opt08-strips-p21,0,False,64,210,315,600,75,817,701,0,0,,,,0,,,34.0,44,34,0.0116,0.0012,0.0008,0.0041,0.0,0.0,,0.0555,0.0732
elevators-opt08-strips-p22,0,False,81,311,465,863,87,1143,1006,0,0,,,,334,,,40.0,69,40,0.0105,0.0017,0.0012,0.0044,0.0,0.0,,0.4115,0.4293
elevators-opt08-strips-p23,0,False,78,277,425,793,91,1073,975,0,0,,,,0,,,46.0,62,46,0.0212,0.0017,0.0013,0.0142,0.0,0.0,,0.1726,0.2111
elevators-opt08-strips-p24,0,False,91,394,604,1102,104,1481,1356,0,0,,,,4197,,,49.0,82,49,0.0084,0.0024,0.0029,0.0027,0.0,0.0,,1.4581,1.4746
elevators-opt08-strips-p25,0,False,90,339,518,964,107,1291,1161,0,0,,,,0,,,45.0,49,45,0.0142,0.0023,0.0022,0.0045,0.0,0.0,,0.0894,0.1126
elevators-opt08-strips-p26,0,False,104,447,695,1263,121,1708,1572,0,0,,,,3190,,,39.0,44,39,0.012,0.0033,0.0033,0.0031,0.0,0.0,,0.8453,0.8671
elevators-opt08-strips-p27,0,False,104,411,633,1167,123,1573,1451,0,0,,,,1127,,,56.0,61,56,0.011,0.0029,0.0046,0.0032,0.0,0.0,,0.3526,0.3744
elevators-opt08-strips-p28,0,False,121,577,917,1632,138,2155,2082,0,0,,,,8333,,,51.0,87,51,0.0114,0.0043,0.0045,0.0046,0.0,0.0,,4.6299,4.6549
elevators-opt08-strips-p29,0,False,125,466,713,1318,139,1779,1660,0,0,,,,2906,,,57.0,102,57,0.0109,0.0037,0.0035,0.0046,0.0,0.0,,1.1289,1.1518
elevators-opt08-strips-p30,0,False,136,593,935,1683,155,2278,2138,0,0,,,,839,,,57.0,103,57,0.0134,0.0053,0.0056,0.0054,0.0,0.0,,0.5999,0.6297
elevators-opt11-strips-p01,0,False,57,193,270,531,68,693,575,0,0,,,,0,,,41.0,51,41,0.014,0.001,0.0005,0.0097,0.0,0.0,,0.0744,0.0997
elevators-opt11-strips-p02,0,False,64,210,315,600,75,817,701,0,0,,,,0,,,34.0,44,34,0.0071,0.0012,0.0007,0.0025,0.0,0.0,,0.0548,0.0663
elevators-opt11-strips-p03,0,False,66,252,366,696,78,916,799,0,0,,,,0,,,38.0,48,38,0.0087,0.0014,0.0009,0.0038,0.0,0.0,,0.1619,0.1768
elevators-opt11-strips-p04,0,False,52,192,296,551,63,729,655,0,0,,,,779,,,38.0,46,38,0.5713,0.0009,0.0006,0.2526,0.0,0.0,,1.2831,2.1086
elevators-opt11-strips-p05,0,False,71,204,288,575,83,777,620,0,0,,,,0,,,47.0,74,47,0.0077,0.0014,0.0007,0.0045,0.0,0.0,,0.0493,0.0636
elevators-opt11-strips-p06,0,False,62,249,377,700,74,931,803,0,0,,,,0,,,36.0,49,36,0.0134,0.0014,0.0009,0.0032,0.0,0.0,,0.243,0.2619
elevators-opt11-strips-p07,0,False,104,447,695,1263,121,1708,1572,0,0,,,,3190,,,39.0,44,39,0.0121,0.0033,0.0028,0.0056,0.0,0.0,,0.8464,0.8702
elevators-opt11-strips-p08,0,False,60,207,314,595,74,788,656,0,0,,,,8,,,38.0,52,38,0.0189,0.0012,0.0007,0.0052,0.0,0.0,,0.0837,0.1098
elevators-opt11-strips-p09,0,False,81,311,465,863,87,1143,1006,0,0,,,,334,,,40.0,69,40,0.0284,0.0017,0.0012,0.0057,0.0,0.0,,0.4096,0.4467
elevators-opt11-strips-p10,0,False,77,305,449,848,94,1132,993,0,0,,,,0,,,41.0,54,41,0.0362,0.0019,0.0018,0.0028,0.0,0.0,,0.0764,0.1191
elevators-opt11-strips-p11,0,False,121,577,917,1632,138,2155,2082,0,0,,,,8333,,,51.0,87,51,0.0122,0.0043,0.0045,0.0054,0.0,0.0,,4.6318,4.6583
elevators-opt11-strips-p12,0,False,72,304,478,868,86,1169,1074,0,0,,,,101,,,38.0,65,38,0.1305,0.0018,0.0017,0.0651,0.0,0.0,,0.3148,0.5139
elevators-opt11-strips-p13,0,False,71,268,414,767,85,1009,901,0,0,,,,672,,,38.0,52,38,0.0315,0.0015,0.001,0.0129,0.0,0.0,,0.281,0.3279
elevators-opt11-strips-p14,0,False,89,372,592,1062,98,1384,1280,0,0,,,,2523,,,33.0,78,33,0.0116,0.0023,0.0017,0.0034,0.0,0.0,,0.5822,0.6012
elevators-opt11-strips-p15,0,False,80,314,495,905,96,1207,1123,0,0,,,,3583,,,48.0,65,48,0.0188,0.0019,0.0012,0.0094,0.0,0.0,,1.6681,1.6996
elevators-opt11-strips-p16,0,False,82,281,408,787,98,1051,927,0,0,,,,0,,,44.0,50,44,0.0125,0.0019,0.002,0.0041,0.0,0.0,,0.0957,0.1162
elevators-opt11-strips-p17,0,False,96,313,443,869,113,1163,968,0,0,,,,500,,,57.0,91,57,0.0082,0.0024,0.0019,0.0033,0.0,0.0,,0.2345,0.2503
elevators-opt11-strips-p18,0,False,106,409,637,1172,126,1604,1475,0,0,,,,0,,,44.0,50,44,0.0087,0.0033,0.0027,0.0027,0.0,0.0,,0.1056,0.1231
elevators-opt11-strips-p19,0,False,78,277,425,793,91,1073,975,0,0,,,,0,,,46.0,62,46,0.008,0.0017,0.001,0.0036,0.0,0.0,,0.172,0.1865
elevators-opt11-strips-p20,0,False,91,394,604,1102,104,1481,1356,0,0,,,,4197,,,49.0,82,49,0.0088,0.0025,0.0029,0.003,0.0,0.0,,1.4539,1.471
elevators-sat08-strips-p01,0,False,60,268,424,766,74,1019,943,0,0,,,,214,,,42.0,67,42,0.0091,0.0014,0.0011,0.0038,0.0,0.0,,0.1608,0.1764
elevators-sat08-strips-p02,0,False,71,326,528,940,86,1246,1190,0,0,,,,0,,,37.0,51,37,0.0097,0.0018,0.0014,0.0043,0.0,0.0,,0.1216,0.1388
elevators-sat08-strips-p03,0,False,86,376,596,1070,98,1389,1290,0,0,,,,575,,,43.0,72,43,0.0157,0.0023,0.002,0.007,0.0,0.0,,0.2435,0.2706
elevators-sat08-strips-p04,0,False,92,427,685,1222,110,1622,1547,0,0,,,,616,,,48.0,66,48,0.0081,0.0028,0.0029,0.0033,0.0,0.0,,0.5077,0.5249
elevators-sat08-strips-p05,0,False,106,480,788,1390,122,1838,1776,0,0,,,,594,,,43.0,75,43,0.008,0.0035,0.0031,0.0032,0.0,0.0,,0.4984,0.5162
elevators-sat08-strips-p06,0,False,110,560,918,1612,134,2136,2097,0,0,,,,4088,,,48.0,76,48,0.0084,0.0043,0.0068,0.0033,0.0,0.0,,1.36,1.3828
elevators-sat08-strips-p07,0,False,121,607,999,1752,146,2350,2317,0,0,,,,225,,,48.0,75,48,0.0095,0.005,0.0058,0.0037,0.0,0.0,,0.5864,0.6106
elevators-sat08-strips-p08,0,False,130,641,1059,1858,158,2459,2394,0,0,,,,1479,,,48.0,78,48,0.0097,0.0057,0.0077,0.0034,0.0,0.0,,0.7296,0.7563
elevators-sat08-strips-p09,0,False,146,709,1173,2052,170,2751,2730,0,0,,,,160,,,48.0,85,48,0.0125,0.0066,0.0121,0.0104,0.0,0.0,,0.6801,0.7218
elevators-sat08-strips-p10,0,False,149,771,1281,2234,182,3022,3033,0,0,,,,0,,,43.0,57,43,0.0216,0.0076,0.0105,0.0093,0.0,0.0,,0.3062,0.3552
elevators-sat08-strips-p11,0,False,171,777,1189,2164,198,2843,2882,0,0,,,,0,,,64.0,84,64,0.0149,0.0094,0.0144,0.0044,0.0,0.0,,0.1794,0.2227
elevators-sat08-strips-p12,0,False,204,910,1430,2578,238,3413,3486,0,0,,,,996,,,81.0,164,81,0.0177,0.0136,0.0247,0.0059,0.0,0.0,,0.6057,0.6678
elevators-sat08-strips-p13,0,False,244,1092,1714,3084,278,4002,4085,0,0,,,,6464,,,81.0,130,81,0.0176,0.0184,0.0278,0.005,0.0,0.0,,5.823,5.8921
elevators-sat08-strips-p14,0,False,274,1139,1853,3310,318,4423,4533,0,0,,,,4354,,,85.0,157,85,0.0265,0.024,0.0321,0.0069,0.0,0.0,,3.7362,3.8258
elevators-sat08-strips-p15,0,False,313,1334,2174,3866,358,5129,5332,0,0,,,,5763,,,91.0,154,91,0.0254,0.0305,0.0489,0.0082,0.0,0.0,,6.5357,6.649
elevators-sat08-strips-p16,0,False,352,1470,2378,4246,398,5634,5742,0,0,,,,2805,,,81.0,195,81,0.0273,0.0374,0.0624,0.007,0.0,0.0,,5.7775,5.912
elevators-sat08-strips-p17,0,False,384,1595,2611,4644,438,6153,6298,0,0,,,,14,,,91.0,152,91,0.0321,0.0455,0.064,0.0079,0.0,0.0,,0.551,0.7009
elevators-sat08-strips-p18,0,False,416,1850,3018,5346,478,7173,7584,0,0,,,,0,,,90.0,143,90,0.0346,0.0553,0.0892,0.0114,0.0,0.0,,1.4652,1.656
elevators-sat08-strips-p19,0,False,449,2022,3260,5800,518,7633,7961,0,0,,,,16859,,,96.0,169,96,0.0426,0.0653,0.1092,0.0144,0.0,0.0,,22.0769,22.3088
elevators-sat08-strips-p20,0,False,496,2227,3587,6372,558,8408,8938,0,0,,,,3270,,,96.0,192,96,0.0436,0.0769,0.0935,0.0138,0.0,0.0,,9.523,9.7511
elevators-sat08-strips-p21,0,False,363,2190,3550,6148,408,7798,9263,0,0,,,,25861,,,102.0,131,102,0.0466,0.0518,0.1256,0.0117,0.0,0.0,,24.0262,24.2622
elevators-sat08-strips-p22,-2,False,0,0,0,0,0,0,0,0,0,,,,0,,,0.0,1e+20,1e+20,0,0,0,0,0,0,,0,0
elevators-sat08-strips-p23,0,False,527,3078,5134,8794,582,11078,13279,0,0,,,,82184,,,112.0,149,112,0.0578,0.1124,0.2819,0.0172,0.0,0.0,,48.4821,48.9519
elevators-sat08-strips-p24,2,False,605,3333,5693,9695,669,12469,14996,0,0,,,,176138,,,123.178,246,177,0.0775,0.1489,0.2182,0.0196,0.0,0.0,,899.6004,900.0656
elevators-sat08-strips-p25,0,False,679,3842,6510,11108,756,14101,16713,0,0,,,,26272,,,134.0,233,134,0.0829,0.1963,0.4837,0.0252,0.0,0.0,,80.3844,81.1736
elevators-sat08-strips-p26,2,False,769,4665,7697,13205,843,16659,20199,0,0,,,,114139,,,128.0,278,179,0.0983,0.2453,0.5209,0.0298,0.0,0.0,,899.1517,900.0471
elevators-sat08-strips-p27,2,False,844,4864,8272,14066,930,17886,21632,0,0,,,,205492,,,127.513,288,184,0.118,0.2919,0.476,0.0324,0.0,0.0,,899.1872,900.1067
elevators-sat08-strips-p28,2,False,924,5315,9059,15391,1017,19633,23805,0,0,,,,127843,,,144.0,285,172,0.1546,0.3658,0.933,0.0365,0.0,0.0,,898.5789,900.0701
elevators-sat08-strips-p29,2,False,1009,5562,9438,16104,1104,20469,24296,0,0,,,,186411,,,134.0,251,184,0.1601,0.4169,0.7161,0.0512,0.0,0.0,,898.7175,900.0632
elevators-sat08-strips-p30,2,False,1085,6345,10689,18225,1191,23056,27871,0,0,,,,115262,,,129.012,356,161,0.3108,0.4952,0.9431,0.0675,0.0,0.0,,898.2191,900.0372
elevators-sat11-strips-p01,0,False,274,1139,1853,3310,318,4423,4533,0,0,,,,4354,,,85.0,157,85,0.0225,0.0242,0.0319,0.0082,0.0,0.0,,3.735,3.8219
elevators-sat11-strips-p02,2,False,605,3333,5693,9695,669,12469,14996,0,0,,,,176128,,,123.178,246,177,0.0689,0.1491,0.224,0.0204,0.0,0.0,,899.6019,900.0652
elevators-sat11-strips-p03,2,False,769,4665,7697,13205,843,16659,20199,0,0,,,,111446,,,128.008,278,134,0.1087,0.2459,0.5201,0.0328,0.0,0.0,,899.1158,900.0245
elevators-sat11-strips-p04,0,False,496,2227,3587,6372,558,8408,8938,0,0,,,,3270,,,96.0,192,96,0.0402,0.077,0.0986,0.0134,0.0,0.0,,9.5178,9.7474
elevators-sat11-strips-p05,0,False,416,1850,3018,5346,478,7173,7584,0,0,,,,0,,,90.0,143,90,0.0407,0.056,0.0911,0.0091,0.0,0.0,,1.4587,1.6559
elevators-sat11-strips-p06,2,False,844,4864,8272,14066,930,17886,21632,0,0,,,,205974,,,128.0,288,164,0.1222,0.2914,0.4669,0.0321,0.0,0.0,,899.1559,900.0697
elevators-sat11-strips-p07,0,False,679,3842,6510,11108,756,14101,16713,0,0,,,,26272,,,134.0,233,134,0.1004,0.197,0.4856,0.022,0.0,0.0,,80.3896,81.1955
elevators-sat11-strips-p08,2,False,924,5315,9059,15391,1017,19633,23805,0,0,,,,127795,,,144.0,285,172,0.154,0.3538,0.9341,0.0366,0.0,0.0,,898.5926,900.0724
elevators-sat11-strips-p09,2,False,1009,5562,9438,16104,1104,20469,24296,0,0,,,,185323,,,134.0,251,173,0.182,0.4292,0.7129,0.0395,0.0,0.0,,898.677,900.0421
elevators-sat11-strips-p10,2,False,1085,6345,10689,18225,1191,23056,27871,0,0,,,,115313,,,129.011,356,161,0.1834,0.4918,0.9917,0.0468,0.0,0.0,,898.3325,900.0476
elevators-sat11-strips-p11,2,False,1270,12564,22532,36472,1376,45096,59229,0,0,,,,32177,,,128.125,373,190,0.3465,1.0174,2.8775,0.1181,0.0,0.0,,909.6823,914.0446
elevators-sat11-strips-p12,2,False,1357,13378,23946,38796,1472,48290,63716,0,0,,,,49622,,,121.0,288,174,0.3973,1.1699,3.1543,0.1159,0.0,0.0,,895.2614,900.1018
elevators-sat11-strips-p13,2,False,1451,14533,26053,42154,1568,52483,69640,0,0,,,,4776,,,124.0,307,236,0.447,1.4089,3.9978,0.1468,0.0,0.0,,894.0946,900.0986
elevators-sat11-strips-p14,2,False,1537,15673,28145,45482,1664,56323,74722,0,0,,,,5930,,,133.0,380,199,0.4921,1.5547,4.6381,0.1511,0.0,0.0,,893.2278,900.0675
elevators-sat11-strips-p15,2,False,1635,16528,29712,48000,1760,59351,79201,0,0,,,,10117,,,123.216,345,235,0.5515,1.7773,4.5243,0.1627,0.0,0.0,,893.08,900.0999
elevators-sat11-strips-p16,2,False,1908,13619,23819,39470,2032,49805,63457,0,0,,,,52289,,,207.0,632,274,0.6096,1.8238,6.2534,0.1502,0.0,0.0,,891.2063,900.0471
elevators-sat11-strips-p17,2,False,2124,15472,26928,44672,2272,56400,72036,0,0,,,,41110,,,217.0,654,351,0.8018,2.3999,8.7182,0.2749,0.0,0.0,,887.9095,900.1087
elevators-sat11-strips-p18,2,False,2362,17613,30253,50378,2512,63393,81039,0,0,,,,5005,,,206.667,605,350,0.8623,3.0113,8.7749,0.2156,0.0,0.0,,887.1954,900.0655
elevators-sat11-strips-p19,2,False,2588,19342,33302,55396,2752,69390,88818,0,0,,,,5462,,,224.0,603,285,1.0129,3.5979,11.6498,0.2659,0.0,0.0,,883.5668,900.1015
elevators-sat11-strips-p20,2,False,2817,20197,35357,58546,2992,74249,95374,0,0,,,,12984,,,226.286,694,381,1.1977,4.3559,16.3749,0.2943,0.0,0.0,,881.557,905.1059
floortile-opt11-strips-opt-p01-001,0,False,25,78,92,207,37,211,93,0,0,,,,0,,,28.0,28,28,0.0066,0.0003,0.0001,0.0024,0.0,0.0,,0.0167,0.0261
floortile-opt11-strips-opt-p01-002,0,False,24,78,90,205,37,208,93,0,0,,,,0,,,25.0,32,25,0.0279,0.0003,0.0001,0.0079,0.0,0.0,,0.011,0.0471
floortile-opt11-strips-opt-p02-003,0,False,32,121,146,314,47,341,155,0,0,,,,1014,,,42.0,45,42,0.0194,0.0005,0.0001,0.0033,0.0,0.0,,0.1695,0.1928
floortile-opt11-strips-opt-p02-004,0,False,31,113,127,286,46,295,136,0,0,,,,0,,,34.0,34,34,0.0073,0.0004,0.0001,0.0036,0.0,0.0,,0.019,0.0306
floortile-opt11-strips-opt-p03-005,0,False,36,148,168,372,56,397,185,0,0,,,,0,,,42.0,44,42,0.0106,0.0006,0.0002,0.0038,0.0,0.0,,0.018,0.0332
floortile-opt11-strips-opt-p03-006,0,False,36,139,162,357,56,377,176,0,0,,,,0,,,43.0,48,43,0.0064,0.0006,0.0002,0.0029,0.0,0.0,,0.0265,0.0366
floortile-opt11-strips-opt-p04-007,0,False,40,156,182,399,61,422,200,0,0,,,,0,,,45.0,45,45,0.0073,0.0007,0.0002,0.0027,0.0,0.0,,0.0205,0.0314
floortile-opt11-strips-opt-p04-008,0,False,41,161,195,418,62,453,213,0,0,,,,0,,,49.0,49,49,0.0068,0.0007,0.0002,0.0041,0.0,0.0,,0.18,0.1919
floortile-opt11-strips-opt-p05-009,0,False,48,198,216,486,72,505,237,0,0,,,,0,,,56.0,56,56,0.0117,0.0009,0.0003,0.0038,0.0,0.0,,0.0256,0.0424
floortile-opt11-strips-opt-p05-010,0,False,48,203,229,505,73,534,257,0,0,,,,0,,,57.0,61,57,0.0072,0.0009,0.0004,0.0024,0.0,0.0,,0.0674,0.0783
floortile-opt11-strips-opt-p06-011,0,False,56,242,277,605,86,645,309,0,0,,,,0,,,70.0,78,70,0.0102,0.0013,0.0005,0.0045,0.0,0.0,,0.1186,0.1351
floortile-opt11-strips-opt-p06-012,0,False,56,249,275,609,85,643,312,0,0,,,,0,,,68.0,74,68,0.0089,0.0012,0.0004,0.0038,0.0,0.0,,0.0707,0.0851
floortile-opt11-strips-opt-p07-013,0,False,60,266,309,667,92,719,346,0,0,,,,0,,,71.0,75,71,0.0112,0.0014,0.0005,0.0054,0.0,0.0,,0.116,0.1344
floortile-opt11-strips-opt-p07-014,0,False,61,267,296,654,91,690,329,0,0,,,,0,,,69.0,73,69,0.0107,0.0014,0.0005,0.0045,0.0,0.0,,0.0581,0.0752
floortile-opt11-strips-opt-p08-015,0,False,105,473,530,1146,143,1227,602,0,0,,,,0,,,84.0,89,84,0.0217,0.0033,0.0013,0.0036,0.0,0.0,,0.1528,0.1827
floortile-opt11-strips-opt-p08-016,0,False,105,468,533,1144,143,1228,614,0,0,,,,230,,,86.0,92,86,0.0135,0.0032,0.0011,0.0035,0.0,0.0,,0.3996,0.421
floortile-opt11-strips-opt-p09-017,0,False,161,738,820,1762,204,1885,956,0,0,,,,0,,,94.0,106,94,0.0133,0.0064,0.002,0.0037,0.0,0.0,,0.2627,0.2883
floortile-opt11-strips-opt-p09-018,0,False,160,736,802,1741,203,1845,952,0,0,,,,1076,,,95.0,105,95,0.0109,0.0064,0.0027,0.003,0.0,0.0,,0.8588,0.8818
floortile-opt11-strips-opt-p10-019,0,False,127,581,658,1410,171,1517,755,0,0,,,,23263,,,104.0,115,104,0.0127,0.0045,0.0017,0.0062,0.0,0.0,,14.5122,14.5374
floortile-opt11-strips-opt-p10-020,0,False,126,586,664,1421,171,1532,764,0,0,,,,20297,,,104.0,116,104,0.1028,0.0045,0.002,0.0575,0.0,0.0,,13.4871,13.654
floortile-opt14-strips-p01-4-3-2,0,False,31,108,134,289,47,309,141,0,0,,,,0,,,36.0,36,36,0.008,0.0005,0.0001,0.002,0.0,0.0,,0.0193,0.0299
floortile-opt14-strips-p01-4-4-2,0,False,40,164,195,421,62,455,216,0,0,,,,0,,,46.0,47,46,0.0073,0.0007,0.0002,0.0021,0.0,0.0,,0.0341,0.0444
floortile-opt14-strips-p01-5-3-2,0,False,36,141,164,361,56,383,180,0,0,,,,0,,,44.0,44,44,0.0158,0.0006,0.0002,0.0045,0.0,0.0,,0.024,0.0451
floortile-opt14-strips-p01-5-4-2,0,False,49,205,239,518,74,555,262,0,0,,,,0,,,58.0,64,58,0.0096,0.001,0.0003,0.0044,0.0,0.0,,0.1027,0.118
floortile-opt14-strips-p01-5-5-2,0,False,61,268,307,667,92,716,340,0,0,,,,0,,,69.0,69,69,0.0205,0.0014,0.0005,0.0146,0.0,0.0,,0.0201,0.0572
floortile-opt14-strips-p01-6-4-2,0,False,56,249,271,605,85,634,307,0,0,,,,0,,,68.0,74,68,0.0073,0.0012,0.0004,0.0021,0.0,0.0,,0.0686,0.0797
floortile-opt14-strips-p01-6-5-2,0,False,70,319,359,785,107,838,403,0,0,,,,0,,,84.0,90,84,0.0332,0.0018,0.0008,0.0061,0.0,0.0,,0.1433,0.1853
floortile-opt14-strips-p02-4-4-2,0,False,41,165,199,426,62,462,218,0,0,,,,530,,,49.0,61,49,0.0075,0.0007,0.0002,0.003,0.0,0.0,,0.0832,0.0947
floortile-opt14-strips-p02-5-3-2,0,False,36,137,164,357,56,380,179,0,0,,,,0,,,45.0,47,45,0.008,0.0006,0.0002,0.0021,0.0,0.0,,0.033,0.0439
floortile-opt14-strips-p02-5-4-2,0,False,49,205,239,518,74,557,265,0,0,,,,4454,,,62.0,62,62,0.0258,0.0009,0.0003,0.0034,0.0,0.0,,0.5394,0.5699
floortile-opt14-strips-p02-5-5-2,0,False,60,252,296,640,92,686,326,0,0,,,,0,,,71.0,81,71,0.0093,0.0014,0.0005,0.0035,0.0,0.0,,0.1367,0.1515
floortile-opt14-strips-p02-6-4-2,0,False,57,254,285,625,86,667,318,0,0,,,,0,,,68.0,73,68,0.0094,0.0012,0.0005,0.0055,0.0,0.0,,0.1151,0.1318
floortile-opt14-strips-p02-6-5-2,0,False,70,318,362,787,107,844,410,0,0,,,,200393,,,92.0,99,92,0.0288,0.0018,0.0009,0.0104,0.0,0.0,,49.7387,49.7807
floortile-opt14-strips-p03-4-3-2,0,False,30,109,136,292,47,317,147,0,0,,,,50,,,40.0,40,40,0.0073,0.0005,0.0001,0.0026,0.0,0.0,,0.0677,0.0782
floortile-opt14-strips-p03-4-4-2,0,False,40,154,190,406,62,442,206,0,0,,,,105,,,50.0,60,50,0.0071,0.0007,0.0002,0.0021,0.0,0.0,,0.1388,0.1489
floortile-opt14-strips-p03-5-3-2,0,False,36,137,164,357,56,380,179,0,0,,,,0,,,45.0,47,45,0.0296,0.0006,0.0002,0.0035,0.0,0.0,,0.0426,0.0766
floortile-opt14-strips-p03-5-4-2,0,False,48,198,233,505,74,540,256,0,0,,,,0,,,58.0,62,58,2.3394,0.0009,0.0003,0.0037,0.0,0.0,,0.0601,2.4045
floortile-opt14-strips-p03-5-5-2,0,False,60,261,292,644,91,679,325,0,0,,,,0,,,69.0,75,69,0.008,0.0014,0.0006,0.0046,0.0,0.0,,0.059,0.0737
floortile-opt14-strips-p03-6-4-2,0,False,57,249,284,619,86,662,317,0,0,,,,11026,,,74.0,78,74,0.0079,0.0013,0.0004,0.0034,0.0,0.0,,2.6367,2.6498
floortile-opt14-strips-p03-6-5-2,0,False,70,315,359,781,107,836,403,0,0,,,,39,,,86.0,90,86,0.0081,0.0018,0.0008,0.0024,0.0,0.0,,0.128,0.1412
floortile-sat11-strips-seq-p01-001,0,False,30,106,124,276,46,286,133,0,0,,,,0,,,33.0,34,33,0.0393,0.0004,0.0001,0.0069,0.0,0.0,,0.0156,0.0623
floortile-sat11-strips-seq-p01-002,0,False,30,112,130,288,46,302,144,0,0,,,,0,,,35.0,35,35,0.0093,0.0004,0.0001,0.0048,0.0,0.0,,0.0133,0.028
floortile-sat11-strips-seq-p02-003,0,False,36,140,164,360,56,383,180,0,0,,,,0,,,44.0,47,44,0.027,0.0006,0.0002,0.0054,0.0,0.0,,0.0528,0.086
floortile-sat11-strips-seq-p02-004,0,False,37,148,174,378,56,405,192,0,0,,,,1136,,,50.0,54,50,0.0072,0.0006,0.0002,0.0019,0.0,0.0,,0.139,0.1489
floortile-sat11-strips-seq-p03-005,0,False,40,155,177,393,61,410,192,0,0,,,,0,,,44.0,44,44,0.0114,0.0007,0.0002,0.0107,0.0,0.0,,0.0188,0.0418
floortile-sat11-strips-seq-p03-006,0,False,40,156,187,405,62,434,202,0,0,,,,0,,,45.0,45,45,0.0122,0.0007,0.0002,0.0021,0.0,0.0,,0.0223,0.0376
floortile-sat11-strips-seq-p04-007,0,False,48,205,231,509,73,539,260,0,0,,,,0,,,56.0,56,56,0.0069,0.0009,0.0003,0.002,0.0,0.0,,0.0126,0.0229
floortile-sat11-strips-seq-p04-008,0,False,48,196,219,488,73,508,241,0,0,,,,0,,,56.0,62,56,0.0845,0.0009,0.0003,0.0029,0.0,0.0,,0.0483,0.137
floortile-sat11-strips-seq-p05-009,0,False,56,245,268,598,85,626,303,0,0,,,,0,,,68.0,72,68,0.0076,0.0012,0.0004,0.0023,0.0,0.0,,0.0737,0.0853
floortile-sat11-strips-seq-p05-010,0,False,56,246,272,603,85,635,307,0,0,,,,0,,,68.0,72,68,0.0089,0.0012,0.0004,0.002,0.0,0.0,,0.0836,0.0961
floortile-sat11-strips-seq-p06-011,0,False,60,263,303,658,92,706,337,0,0,,,,0,,,70.0,73,70,0.0079,0.0014,0.0005,0.0026,0.0,0.0,,0.0685,0.081
floortile-sat11-strips-seq-p06-012,0,False,61,263,306,661,92,711,338,0,0,,,,926,,,73.0,79,73,0.0284,0.0014,0.0005,0.004,0.0,0.0,,0.2329,0.2673
floortile-sat11-strips-seq-p07-013,0,False,105,458,506,1106,142,1167,582,0,0,,,,0,,,84.0,96,84,0.2546,0.0032,0.0014,0.0035,0.0,0.0,,0.1297,0.3924
floortile-sat11-strips-seq-p07-014,0,False,106,473,537,1153,143,1238,613,0,0,,,,8185,,,87.0,95,87,0.0311,0.0033,0.0011,0.0077,0.0,0.0,,4.1855,4.2287
floortile-sat11-strips-seq-p08-015,0,False,127,591,664,1426,171,1533,758,0,0,,,,0,,,100.0,112,100,0.013,0.0045,0.0022,0.0029,0.0,0.0,,0.1245,0.1472
floortile-sat11-strips-seq-p08-016,0,False,127,579,655,1405,171,1508,744,0,0,,,,560,,,102.0,118,102,0.03,0.0046,0.0015,0.003,0.0,0.0,,0.6376,0.6768
floortile-sat11-strips-seq-p09-017,0,False,144,685,759,1639,195,1755,872,0,0,,,,21,,,113.0,126,113,0.0126,0.0058,0.0022,0.0053,0.0,0.0,,0.5021,0.5281
floortile-sat11-strips-seq-p09-018,0,False,144,671,731,1596,194,1687,842,0,0,,,,379,,,114.0,126,114,0.0107,0.0058,0.0029,0.0042,0.0,0.0,,0.569,0.5927
floortile-sat11-strips-seq-p10-019,0,False,169,822,910,1959,227,2100,1046,0,0,,,,315259,,,137.0,147,137,0.0142,0.0077,0.0042,0.0051,0.0,0.0,,353.105,353.1362
floortile-sat11-strips-seq-p10-020,0,False,169,816,887,1929,226,2047,1019,0,0,,,,12,,,131.0,154,131,0.0172,0.0077,0.0044,0.0055,0.0,0.0,,0.6559,0.691
floortile-sat14-strips-p01-4-3-2,0,False,31,108,134,289,47,309,141,0,0,,,,0,,,36.0,36,36,0.0066,0.0005,0.0001,0.0018,0.0,0.0,,0.0194,0.0284
floortile-sat14-strips-p01-5-4-2,0,False,49,205,239,518,74,555,262,0,0,,,,0,,,58.0,64,58,0.0089,0.001,0.0003,0.0039,0.0,0.0,,0.1024,0.1165
floortile-sat14-strips-p01-5-5-2,0,False,61,268,307,667,92,716,340,0,0,,,,0,,,69.0,69,69,0.0152,0.0014,0.0005,0.0041,0.0,0.0,,0.0202,0.0415
floortile-sat14-strips-p01-6-4-2,0,False,56,249,271,605,85,634,307,0,0,,,,0,,,68.0,74,68,0.0088,0.0012,0.0004,0.0019,0.0,0.0,,0.0685,0.0809
floortile-sat14-strips-p01-6-5-2,0,False,70,319,359,785,107,838,403,0,0,,,,0,,,84.0,90,84,0.0083,0.0018,0.0007,0.0056,0.0,0.0,,0.1424,0.1589
floortile-sat14-strips-p01-6-5-3,0,False,105,465,513,1120,142,1184,592,0,0,,,,0,,,84.0,94,84,0.0109,0.0032,0.0013,0.0037,0.0,0.0,,0.1227,0.1419
floortile-sat14-strips-p02-5-4-2,0,False,49,205,239,518,74,557,265,0,0,,,,4454,,,62.0,62,62,0.0089,0.001,0.0003,0.0026,0.0,0.0,,0.5382,0.551
floortile-sat14-strips-p02-6-4-2,0,False,57,254,285,625,86,667,318,0,0,,,,0,,,68.0,73,68,0.0153,0.0012,0.0004,0.0041,0.0,0.0,,0.1147,0.1359
floortile-sat14-strips-p02-6-5-2,0,False,70,318,362,787,107,844,410,0,0,,,,200393,,,92.0,99,92,0.0071,0.0018,0.0009,0.0021,0.0,0.0,,50.1306,50.1425
floortile-sat14-strips-p02-6-5-3,0,False,105,469,530,1142,143,1222,605,0,0,,,,0,,,84.0,98,84,0.0092,0.0032,0.0011,0.0026,0.0,0.0,,0.1369,0.1531
floortile-sat14-strips-p03-6-4-2,0,False,57,249,284,619,86,662,317,0,0,,,,11026,,,74.0,78,74,0.0076,0.0013,0.0004,0.0022,0.0,0.0,,2.6374,2.649
floortile-sat14-strips-p03-6-5-2,0,False,70,315,359,781,107,836,403,0,0,,,,39,,,86.0,90,86,0.0079,0.0018,0.0008,0.0041,0.0,0.0,,0.1285,0.1432
floortile-sat14-strips-p03-6-5-3,0,False,106,471,535,1149,143,1232,608,0,0,,,,96,,,85.0,95,85,0.011,0.0033,0.0014,0.009,0.0,0.0,,0.3273,0.352
floortile-sat14-strips-p04-5-4-2,0,False,49,207,241,522,74,562,268,0,0,,,,8667,,,63.0,63,63,0.0092,0.001,0.0003,0.0043,0.0,0.0,,1.9649,1.9797
floortile-sat14-strips-p04-5-5-2,0,False,62,276,317,685,92,739,351,0,0,,,,379708,,,79.0,85,79,0.0096,0.0014,0.0005,0.0041,0.0,0.0,,106.2483,106.264
floortile-sat14-strips-p04-6-5-2,0,False,71,324,366,797,107,854,410,0,0,,,,26218,,,89.0,93,89,0.0098,0.0019,0.0007,0.0021,0.0,0.0,,7.5255,7.5401
floortile-sat14-strips-p04-6-5-3,0,False,106,471,523,1136,142,1205,596,0,0,,,,0,,,84.0,90,84,0.0081,0.0032,0.0011,0.0023,0.0,0.0,,0.1413,0.1561
floortile-sat14-strips-p05-4-3-2,0,False,30,112,132,291,47,311,141,0,0,,,,0,,,33.0,36,33,0.0089,0.0005,0.0001,0.0057,0.0,0.0,,0.0144,0.0296
floortile-sat14-strips-p05-6-5-2,0,False,70,318,344,768,106,805,387,0,0,,,,0,,,84.0,88,84,0.0096,0.0018,0.0007,0.004,0.0,0.0,,0.1182,0.1343
floortile-sat14-strips-p05-6-5-3,0,False,106,485,531,1158,142,1227,611,0,0,,,,0,,,84.0,96,84,0.0084,0.0032,0.001,0.0031,0.0,0.0,,0.1325,0.1483
freecell-p01,0,True,27,176,558,787,53,972,1171,0,0,,,,0,,,8.0,10,8,0.0312,0.0016,0.0004,0.0135,0.0,0.0,,0.0518,0.0986
freecell-p02,0,True,43,367,1094,1541,80,1913,2554,0,0,,,,863,,,14.0,18,14,0.0127,0.0041,0.0012,0.0038,0.0,0.0,,0.5324,0.5543
freecell-p03,0,True,59,522,1473,2103,108,2648,3780,0,0,,,,0,,,18.0,21,18,0.015,0.0085,0.0029,0.0059,0.0,0.0,,0.1968,0.2293
freecell-p04,0,True,72,566,1514,2214,134,2990,4142,0,0,,,,2533,,,26.0,32,26,0.0465,0.0104,0.0039,0.0097,0.0,0.0,,4.2874,4.3581
freecell-p05,0,True,93,1080,2990,4236,166,5151,8564,0,0,,,,164392,,,30.0,40,30,0.0225,0.0204,0.0155,0.0096,0.0,0.0,,519.3855,519.4537
freecell-p06,0,True,108,1517,4156,5866,193,7070,12112,0,0,,,,19113,,,34.0,46,34,0.0306,0.0314,0.027,0.0205,0.0,0.0,,12.1397,12.2495
freecell-p07,2,True,109,1434,3974,5603,195,6808,12438,0,0,,,,118640,,,36.0,46,39,0.0302,0.0359,0.0255,0.0098,0.0,0.0,,904.0398,904.1415
freecell-p08,2,True,127,1961,5410,7596,225,9147,16916,0,0,,,,96748,,,43.0,57,45,0.0416,0.0506,0.0488,0.0151,0.0,0.0,,899.8957,900.0526
freecell-p09,2,True,128,1969,5359,7554,226,9100,16824,0,0,,,,48752,,,37.062,48,41,0.0403,0.0544,0.0422,0.0129,0.0,0.0,,899.8624,900.0126
freecell-p10,2,True,144,2561,6980,9795,254,11717,21984,0,0,,,,81240,,,46.0,59,48,0.1654,0.0765,0.0833,0.0164,0.0,0.0,,902.3583,902.7011
freecell-p11,2,True,146,2579,6957,9792,256,11759,22254,0,0,,,,50502,,,45.0,62,49,0.0538,0.0784,0.0778,0.0203,0.0,0.0,,899.8373,900.0684
freecell-p12,2,True,144,2547,6914,9715,254,11665,22046,0,0,,,,38428,,,43.0,59,46,0.0655,0.0806,0.0667,0.0188,0.0,0.0,,904.6313,904.864
freecell-p13,2,True,162,3607,10043,13933,283,16015,31157,0,0,,,,19993,,,48.0,65,55,0.0919,0.1259,0.1423,0.0234,0.0,0.0,,905.6282,906.0126
freecell-p14,2,True,162,3620,10066,13969,283,16013,30907,0,0,,,,20721,,,48.0,66,54,0.0714,0.117,0.1746,0.0433,0.0,0.0,,906.8261,907.2334
freecell-p15,2,True,179,4016,10768,15097,313,17948,34419,0,0,,,,20591,,,55.0,78,61,0.092,0.1575,0.2306,0.0272,0.0,0.0,,908.0706,908.58
freecell-p16,2,True,178,4434,12304,17049,311,19515,38314,0,0,,,,6314,,,54.0,71,59,0.0981,0.1648,0.2142,0.0308,0.0,0.0,,899.5195,900.0293
freecell-p17,2,True,196,5384,14875,20600,341,23515,46787,0,0,,,,400465,,,59.0,85,60,0.1164,0.3276,0.3917,0.0373,0.0,0.0,,899.1409,900.0164
freecell-p18,2,True,198,4850,12981,18175,344,21581,41927,0,0,,,,5857,,,65.0,86,71,0.1149,0.2223,0.3142,0.0321,0.0,0.0,,899.379,900.064
freecell-p19,2,True,216,5773,15251,21398,374,25416,49974,0,0,,,,2863,,,67.0,93,93,0.1549,0.3053,0.3849,0.039,0.0,0.0,,899.1632,900.0506
freecell-p20,2,True,214,5734,15263,21369,372,25403,49921,0,0,,,,3789,,,62.0,90,77,0.2092,0.3218,0.4155,0.0412,0.0,0.0,,899.0911,900.0819
freecell-probfreecell-10-1,2,True,168,4367,11843,16500,290,19524,37708,0,0,,,,4262,,,49.0,69,55,0.1119,0.1805,0.1913,0.0306,0.0,0.0,,899.511,900.0277
freecell-probfreecell-10-2,2,True,167,4371,11776,16436,289,19432,37561,0,0,,,,4074,,,50.0,64,52,0.1062,0.181,0.1911,0.0274,0.0,0.0,,899.5424,900.0504
freecell-probfreecell-10-3,0,True,167,4862,13493,18643,288,21198,41839,0,0,,,,0,,,49.0,66,49,0.1046,0.2387,0.2236,0.0345,0.0,0.0,,5.0036,5.6062
freecell-probfreecell-10-4,2,True,168,4882,13430,18601,289,21162,41629,0,0,,,,13298,,,49.0,66,56,0.1063,0.1839,0.251,0.033,0.0,0.0,,904.1761,904.7518
freecell-probfreecell-10-5,2,True,169,4905,13520,18715,290,21282,41995,0,0,,,,7001,,,49.0,68,60,0.1053,0.2424,0.2826,0.0348,0.0,0.0,,899.424,900.0959
freecell-probfreecell-11-1,2,True,184,4844,12967,18129,318,21476,41806,0,0,,,,5874,,,54.0,76,76,0.1196,0.213,0.2343,0.0316,0.0,0.0,,899.4561,900.056
freecell-probfreecell-11-2,2,True,183,4850,12908,18075,317,21398,41741,0,0,,,,5988,,,55.0,72,57,0.1189,0.2117,0.209,0.0309,0.0,0.0,,899.7689,900.3408
freecell-probfreecell-11-3,2,True,184,5387,14741,20445,317,23317,46206,0,0,,,,3838,,,54.0,76,56,0.1391,0.3242,0.3348,0.0375,0.0,0.0,,899.2214,900.0596
freecell-probfreecell-11-4,2,True,184,5401,14726,20444,317,23297,46225,0,0,,,,6793,,,56.0,75,62,0.1403,0.2357,0.2919,0.0355,0.0,0.0,,899.3608,900.0668
freecell-probfreecell-11-5,2,True,184,4859,13003,18180,318,21518,41923,0,0,,,,6462,,,57.0,76,66,0.1164,0.214,0.2401,0.0318,0.0,0.0,,899.4679,900.0717
freecell-probfreecell-12-1,2,True,200,5295,14173,19814,346,23513,45986,0,0,,,,1863,,,59.0,84,84,0.1599,0.2501,0.3096,0.0361,0.0,0.0,,899.3002,900.0589
freecell-probfreecell-12-2,2,True,199,5319,14080,19744,345,23401,45878,0,0,,,,3488,,,59.0,80,62,0.1307,0.2479,0.2518,0.037,0.0,0.0,,899.4303,900.1006
freecell-probfreecell-12-3,2,True,200,5908,16042,22295,345,25453,50744,0,0,,,,7393,,,61.0,83,63,0.1517,0.3955,0.3464,0.0421,0.0,0.0,,899.1347,900.0732
freecell-probfreecell-12-4,2,True,200,5331,14157,19834,346,23516,46024,0,0,,,,4493,,,60.0,83,78,0.1368,0.2702,0.2896,0.0376,0.0,0.0,,899.3005,900.0376
freecell-probfreecell-12-5,2,True,200,5319,14140,19805,346,23489,46046,0,0,,,,5146,,,62.0,85,73,0.1384,0.2551,0.329,0.035,0.0,0.0,,899.3091,900.0694
freecell-probfreecell-13-1,2,True,216,5755,15336,21465,374,25507,50136,0,0,,,,1359,,,64.0,91,91,0.1553,0.2922,0.4236,0.04,0.0,0.0,,899.1045,900.0189
freecell-probfreecell-13-2,2,True,215,5769,15229,21371,373,25380,50032,0,0,,,,4846,,,66.0,88,68,0.1668,0.2919,0.3242,0.0561,0.0,0.0,,899.1856,900.0278
freecell-probfreecell-13-3,2,True,215,5767,15265,21405,373,25425,50003,0,0,,,,4113,,,67.0,89,70,0.235,0.2918,0.3542,0.057,0.0,0.0,,899.1153,900.0564
freecell-probfreecell-13-4,2,True,215,5778,15259,21410,373,25423,50020,0,0,,,,3678,,,66.0,90,76,0.1471,0.322,0.3843,0.0418,0.0,0.0,,899.1701,900.0685
freecell-probfreecell-13-5,2,True,216,5766,15307,21447,374,25480,50132,0,0,,,,3134,,,68.0,92,92,0.1506,0.2897,0.3917,0.0392,0.0,0.0,,899.1959,900.0703
freecell-probfreecell-2-1,0,True,44,831,2637,3536,68,3756,5395,0,0,,,,0,,,9.0,9,9,0.0206,0.0107,0.0022,0.007,0.0,0.0,,0.1397,0.1804
freecell-probfreecell-2-2,0,True,43,813,2680,3561,68,3794,5611,0,0,,,,0,,,8.0,8,8,0.0211,0.0103,0.0019,0.0075,0.0,0.0,,0.1465,0.1876
freecell-probfreecell-2-3,0,True,44,848,2672,3589,69,3817,6069,0,0,,,,0,,,8.0,9,8,0.0214,0.0114,0.0018,0.0056,0.0,0.0,,0.2036,0.244
freecell-probfreecell-2-4,0,True,44,832,2716,3616,68,3848,5685,0,0,,,,0,,,8.0,9,8,0.0205,0.0111,0.0024,0.0053,0.0,0.0,,0.1418,0.1814
freecell-probfreecell-2-5,0,True,44,831,2659,3558,68,3768,5507,0,0,,,,0,,,9.0,9,9,0.023,0.0109,0.0021,0.0072,0.0,0.0,,0.1461,0.1895
freecell-probfreecell-3-1,0,True,59,1306,4180,5581,95,6088,9644,0,0,,,,0,,,14.0,16,14,0.0273,0.0223,0.0101,0.0076,0.0,0.0,,0.4204,0.4881
freecell-probfreecell-3-2,0,True,58,1286,4162,5542,94,6033,9568,0,0,,,,0,,,13.0,14,13,0.0287,0.0218,0.0081,0.0078,0.0,0.0,,0.3389,0.4057
freecell-probfreecell-3-3,0,True,58,1286,4169,5549,94,6031,9589,0,0,,,,0,,,12.0,15,12,0.0294,0.0231,0.0084,0.0093,0.0,0.0,,0.384,0.4546
freecell-probfreecell-3-4,0,True,59,1310,4162,5567,95,6066,9752,0,0,,,,0,,,12.0,14,12,0.0396,0.0221,0.0059,0.009,0.0,0.0,,0.2175,0.2943
freecell-probfreecell-3-5,0,True,58,1286,4192,5572,94,6071,9687,0,0,,,,0,,,13.0,15,13,0.0275,0.0209,0.0078,0.0079,0.0,0.0,,0.5271,0.5915
freecell-probfreecell-4-1,0,True,75,1819,5917,7861,125,8686,14944,0,0,,,,117790,,,19.0,24,19,0.0395,0.0352,0.0214,0.0155,0.0,0.0,,90.7022,90.8141
freecell-probfreecell-4-2,0,True,74,1798,5522,7442,122,8207,14160,0,0,,,,0,,,17.0,19,17,0.0355,0.0349,0.0153,0.0103,0.0,0.0,,0.7418,0.8381
freecell-probfreecell-4-3,0,True,72,1783,5593,7497,121,8287,14163,0,0,,,,0,,,18.0,22,18,0.037,0.0332,0.0223,0.0118,0.0,0.0,,0.6552,0.7598
freecell-probfreecell-4-4,0,True,75,1818,5498,7439,123,8196,14072,0,0,,,,0,,,18.0,22,18,0.0618,0.0349,0.0194,0.0392,0.0,0.0,,0.6458,0.8014
freecell-probfreecell-4-5,0,True,72,1802,5630,7553,121,8381,14241,0,0,,,,33951,,,18.0,22,18,0.2738,0.0334,0.0228,0.0128,0.0,0.0,,12.6128,12.956
freecell-probfreecell-5-1,2,True,89,2336,7291,9778,151,10921,19794,0,0,,,,33303,,,23.0,31,24,0.0471,0.0497,0.0426,0.0151,0.0,0.0,,899.8722,900.0278
freecell-probfreecell-5-2,0,True,91,2330,6883,9364,151,10388,18764,0,0,,,,12910,,,23.0,25,23,0.0502,0.0533,0.0315,0.0159,0.0,0.0,,5.6597,5.8112
freecell-probfreecell-5-3,0,True,88,2305,6838,9292,149,10383,18509,0,0,,,,0,,,24.0,30,24,0.0446,0.0499,0.0422,0.0162,0.0,0.0,,1.0606,1.2141
freecell-probfreecell-5-4,0,True,89,2336,6955,9441,150,10516,18975,0,0,,,,35468,,,23.0,29,23,0.0481,0.0504,0.032,0.0152,0.0,0.0,,18.6784,18.8246
freecell-probfreecell-5-5,2,True,89,2318,6963,9431,150,10540,18927,0,0,,,,63382,,,22.0,31,25,0.0581,0.0506,0.0539,0.0163,0.0,0.0,,908.3485,908.5281
freecell-probfreecell-6-1,2,True,105,2821,8316,11315,178,12729,23709,0,0,,,,25412,,,27.0,38,30,0.0839,0.0692,0.0692,0.0173,0.0,0.0,,899.9157,900.1562
freecell-probfreecell-6-2,0,True,107,2840,8261,11280,179,12578,23183,0,0,,,,109211,,,28.0,32,28,0.074,0.0709,0.0603,0.0175,0.0,0.0,,58.6229,58.8463
freecell-probfreecell-6-3,0,True,104,2818,8220,11215,177,12608,23442,0,0,,,,0,,,28.0,33,28,0.0546,0.0697,0.054,0.0187,0.0,0.0,,3.8931,4.0909
freecell-probfreecell-6-4,0,True,104,2834,8357,11368,177,12737,23846,0,0,,,,29528,,,28.0,37,28,0.0563,0.0693,0.0725,0.0171,0.0,0.0,,22.5805,22.7965
freecell-probfreecell-6-5,2,True,105,2857,8308,11343,178,12726,23753,0,0,,,,41634,,,28.0,39,32,0.0582,0.0737,0.0601,0.0167,0.0,0.0,,906.0291,906.2386
freecell-probfreecell-7-1,2,True,121,3361,9597,13164,206,14841,28244,0,0,,,,20724,,,31.049,43,36,0.0677,0.0937,0.0853,0.0219,0.0,0.0,,902.662,902.9316
freecell-probfreecell-7-2,2,True,121,3349,9515,13070,206,14763,28074,0,0,,,,8828,,,32.0,39,34,0.0654,0.0972,0.0596,0.0196,0.0,0.0,,899.7942,900.0369
freecell-probfreecell-7-3,0,True,120,3349,9534,13088,205,14762,28180,0,0,,,,0,,,32.0,40,32,0.0872,0.0928,0.0712,0.0203,0.0,0.0,,1.366,1.639
freecell-probfreecell-7-4,2,True,120,3355,9526,13086,205,14737,28114,0,0,,,,43258,,,33.0,44,35,0.0891,0.0937,0.0882,0.0199,0.0,0.0,,905.1,905.3919
freecell-probfreecell-7-5,2,True,121,3369,9563,13138,206,14805,28212,0,0,,,,30596,,,35.0,46,40,0.0747,0.0933,0.1105,0.0216,0.0,0.0,,899.8161,900.1172
freecell-probfreecell-8-1,2,True,137,3864,10914,15012,234,16990,32776,0,0,,,,22048,,,37.0,53,44,0.0772,0.1181,0.1261,0.0234,0.0,0.0,,904.6689,905.0149
freecell-probfreecell-8-2,2,True,135,3452,9462,13147,233,15468,29429,0,0,,,,18291,,,38.0,48,39,0.0809,0.1191,0.0952,0.0251,0.0,0.0,,899.7318,900.0531
freecell-probfreecell-8-3,0,True,136,3852,10895,14980,233,16959,32789,0,0,,,,0,,,38.0,49,38,0.1745,0.1268,0.1193,0.0239,0.0,0.0,,1.5134,1.959
freecell-probfreecell-8-4,2,True,136,3867,10776,14876,233,16832,32479,0,0,,,,21540,,,38.0,51,41,0.0778,0.1182,0.1289,0.0256,0.0,0.0,,905.9083,906.2605
freecell-probfreecell-8-5,2,True,137,3890,10865,14989,234,16947,32778,0,0,,,,18955,,,40.0,54,46,0.0786,0.1199,0.1609,0.0265,0.0,0.0,,902.2724,902.6593
freecell-probfreecell-9-1,2,True,153,4376,12163,16801,262,19085,37206,0,0,,,,11693,,,42.0,61,48,0.1137,0.1465,0.1682,0.0362,0.0,0.0,,899.6293,900.096
freecell-probfreecell-9-2,2,True,150,3898,10556,14714,260,17360,33290,0,0,,,,10737,,,42.027,58,44,0.0915,0.1489,0.1174,0.0242,0.0,0.0,,899.6761,900.0602
freecell-probfreecell-9-3,0,True,152,4373,12196,16830,261,19088,37377,0,0,,,,0,,,44.0,56,44,0.091,0.1974,0.1932,0.0285,0.0,0.0,,3.4908,4.0029
freecell-probfreecell-9-4,2,True,152,4370,12085,16716,261,18980,37059,0,0,,,,16395,,,44.0,58,48,0.0979,0.1524,0.1556,0.0294,0.0,0.0,,906.7535,907.1954
freecell-probfreecell-9-5,2,True,153,4402,12184,16848,262,19108,37411,0,0,,,,11900,,,45.0,60,51,0.0905,0.1535,0.2092,0.0271,0.0,0.0,,899.5988,900.0812
ged-opt14-strips-d-1-2,0,False,47,102,225,375,48,548,564,0,0,,,,0,,,1.0,1,1,0.0121,0.0005,0.0001,0.0029,0.0,0.0,,0.0184,0.0341
ged-opt14-strips-d-1-3,0,False,118,456,1044,1626,126,2327,2748,0,0,,,,0,,,1.0,1,1,0.025,0.0041,0.0066,0.0043,0.0,0.0,,0.0671,0.1073
ged-opt14-strips-d-1-4,0,False,47,102,225,375,48,548,564,0,0,,,,0,,,1.0,1,1,0.0098,0.0005,0.0001,0.0037,0.0,0.0,,0.0182,0.0324
ged-opt14-strips-d-1-8,0,False,151,630,1449,2239,160,3196,3836,0,0,,,,0,,,1.0,1,1,0.0105,0.0071,0.0159,0.0081,0.0,0.0,,0.0898,0.1316
ged-opt14-strips-d-2-1,0,False,47,102,225,375,48,548,564,0,0,,,,0,,,1.0,1,1,0.0065,0.0005,0.0001,0.0641,0.0,0.0,,0.0553,0.1266
ged-opt14-strips-d-2-3,0,False,89,310,705,1111,96,1596,1840,0,0,,,,0,,,1.0,1,1,0.0542,0.0023,0.0022,0.0139,0.0,0.0,,0.0512,0.1239
ged-opt14-strips-d-2-4,0,False,64,192,432,694,70,1003,1112,0,0,,,,0,,,1.0,1,1,0.0079,0.0012,0.0005,0.0033,0.0,0.0,,0.0304,0.0434
ged-opt14-strips-d-2-8,0,False,230,1062,2457,3759,240,5348,6552,0,0,,,,0,,,1.0,1,1,0.0216,0.0171,0.0792,0.0075,0.0,0.0,,0.1642,0.2897
ged-opt14-strips-d-3-1,0,False,118,456,1044,1626,126,2327,2748,0,0,,,,0,,,1.0,1,1,0.0138,0.0042,0.0066,0.0052,0.0,0.0,,0.0676,0.0974
ged-opt14-strips-d-3-2,0,False,89,310,705,1111,96,1596,1840,0,0,,,,0,,,1.0,1,1,0.0223,0.0023,0.0022,0.0043,0.0,0.0,,0.0512,0.0824
ged-opt14-strips-d-3-4,0,False,150,630,1449,2239,160,3196,3836,0,0,,,,0,,,1.0,1,1,0.0328,0.007,0.017,0.0155,0.0,0.0,,0.0903,0.1628
ged-opt14-strips-d-4-2,0,False,64,192,432,694,70,1003,1112,0,0,,,,0,,,1.0,1,1,0.0763,0.0012,0.0005,0.0078,0.0,0.0,,0.0314,0.1173
ged-opt14-strips-d-4-3,0,False,150,630,1449,2239,160,3196,3836,0,0,,,,0,,,1.0,1,1,0.0097,0.0071,0.017,0.0046,0.0,0.0,,0.0899,0.1283
ged-opt14-strips-d-4-8,0,False,230,1062,2457,3759,240,5348,6552,0,0,,,,0,,,1.0,1,1,0.0365,0.0173,0.0846,0.0079,0.0,0.0,,0.1656,0.312
ged-opt14-strips-d-7-5,0,False,151,630,1449,2239,160,3196,3836,0,0,,,,0,,,1.0,1,1,0.0166,0.0071,0.0159,0.006,0.0,0.0,,0.0909,0.1365
ged-opt14-strips-d-7-6,0,False,119,456,1044,1626,126,2327,2748,0,0,,,,0,,,0.0,0,0,0.0122,0.0043,0.0002,0.006,0.0,0.0,,0.039,0.0618
ged-opt14-strips-d-8-1,0,False,151,630,1449,2239,160,3196,3836,0,0,,,,0,,,1.0,1,1,0.0124,0.007,0.0158,0.005,0.0,0.0,,0.0901,0.1304
ged-opt14-strips-d-8-2,0,False,230,1062,2457,3759,240,5348,6552,0,0,,,,0,,,1.0,1,1,0.0192,0.0169,0.0894,0.009,0.0,0.0,,0.1633,0.298
ged-opt14-strips-d-8-4,0,False,230,1062,2457,3759,240,5348,6552,0,0,,,,0,,,1.0,1,1,0.0276,0.0171,0.0927,0.0098,0.0,0.0,,0.1644,0.3116
ged-opt14-strips-d-8-9,0,False,228,1062,2457,3759,240,5348,6552,0,0,,,,0,,,1.0,1,1,0.0168,0.0171,0.0961,0.0104,0.0,0.0,,0.1635,0.3041
ged-sat14-strips-d-10-1,0,False,695,3910,9129,13759,720,19476,24616,0,0,,,,0,,,1.0,1,1,0.0549,0.1889,5.2947,0.0286,0.0,0.0,,0.7593,6.3268
ged-sat14-strips-d-10-2,0,False,694,3910,9129,13759,720,19476,24616,0,0,,,,0,,,1.0,1,1,0.2748,0.1899,5.3634,0.028,0.0,0.0,,0.7277,6.5842
ged-sat14-strips-d-10-3,0,False,769,4392,10260,15450,798,21863,27684,0,0,,,,0,,,1.0,1,1,0.0563,0.2373,7.7962,0.0345,0.0,0.0,,0.8274,8.9521
ged-sat14-strips-d-10-4,0,False,696,3910,9129,13759,720,19476,24616,0,0,,,,0,,,1.0,1,1,0.0506,0.1886,5.2525,0.0303,0.0,0.0,,0.7389,6.2613
ged-sat14-strips-d-10-5,0,False,1024,6006,14049,21111,1056,29852,37968,0,0,,,,0,,,1.0,1,1,0.0886,0.4317,20.3953,0.0555,0.0,0.0,,1.2659,22.2374
ged-sat14-strips-d-10-6,0,False,1023,6006,14049,21111,1056,29852,37968,0,0,,,,0,,,1.0,1,1,0.0907,0.4314,20.5547,0.0563,0.0,0.0,,1.3132,22.4469
ged-sat14-strips-d-11-1,0,False,774,4392,10260,15450,798,21863,27684,0,0,,,,0,,,1.0,1,1,0.0838,0.2379,7.7047,0.0362,0.0,0.0,,0.7536,8.8167
ged-sat14-strips-d-11-3,0,False,772,4392,10260,15450,798,21863,27684,0,0,,,,0,,,1.0,1,1,0.0549,0.2382,7.7038,0.0342,0.0,0.0,,0.8241,8.8556
ged-sat14-strips-d-11-5,0,False,937,5440,12720,19126,966,27051,34360,0,0,,,,0,,,1.0,1,1,0.0763,0.3573,14.9963,0.0461,0.0,0.0,,1.1981,16.6745
ged-sat14-strips-d-11-6,0,False,851,4902,11457,17239,880,24388,30932,0,0,,,,0,,,1.0,1,1,0.0832,0.2918,10.4842,0.0397,0.0,0.0,,0.9206,11.8199
ged-sat14-strips-d-12-11,0,False,854,4902,11457,17239,880,24388,30932,0,0,,,,0,,,1.0,1,1,0.0664,0.293,10.6969,0.0423,0.0,0.0,,0.9205,12.0194
ged-sat14-strips-d-12-2,0,False,1217,7222,16905,25375,1248,35868,45724,0,0,,,,0,,,1.0,1,1,0.1239,0.6153,34.9675,0.2343,0.0,0.0,,1.7767,37.7184
ged-sat14-strips-d-12-3,0,False,1316,7872,18432,27654,1350,39083,49872,0,0,,,,0,,,1.0,1,1,0.2448,0.7255,46.0474,0.083,0.0,0.0,,1.8578,48.9594
ged-sat14-strips-d-12-5,0,False,1420,8550,20025,30031,1456,42436,54200,0,0,,,,0,,,1.0,1,1,0.2283,0.8504,59.5783,0.0978,0.0,0.0,,2.098,62.8538
ged-sat14-strips-d-12-6,0,False,1213,7222,16905,25375,1248,35868,45724,0,0,,,,0,,,1.0,1,1,0.1149,0.6137,34.9054,0.071,0.0,0.0,,1.7201,37.4259
ged-sat14-strips-d-12-7,0,False,1315,7872,18432,27654,1350,39083,49872,0,0,,,,0,,,1.0,1,1,0.1344,0.7283,45.7823,0.0835,0.0,0.0,,1.8412,48.5705
ged-sat14-strips-d-12-8,0,False,1530,9256,21684,32506,1566,45927,58708,0,0,,,,0,,,1.0,1,1,0.1966,0.9964,75.3945,0.1139,0.0,0.0,,2.2507,78.9531
ged-sat14-strips-d-12-9,0,False,1528,9256,21684,32506,1566,45927,58708,0,0,,,,0,,,1.0,1,1,0.1817,0.9973,75.0588,0.2073,0.0,0.0,,2.2723,78.7184
ged-sat14-strips-d-3-6,0,False,775,4392,10260,15450,798,21863,27684,0,0,,,,0,,,1.0,1,1,0.0546,0.2373,7.8708,0.0378,0.0,0.0,,0.8738,9.0746
ged-sat14-strips-d-9-5,0,False,856,4902,11457,17239,880,24388,30932,0,0,,,,0,,,1.0,1,1,0.0701,0.2946,10.6773,0.0429,0.0,0.0,,0.9214,12.0068
grid-prob01,0,True,42,105,109,265,51,289,157,0,0,,,,0,,,10.0,10,10,0.0232,0.0068,0.0001,0.003,0.0,0.0,,0.0139,0.0472
grid-prob02,0,True,63,204,212,490,74,506,316,0,0,,,,5540,,,20.0,23,20,0.0314,0.0219,0.0003,0.0036,0.0,0.0,,0.4462,0.5037
grid-prob03,0,True,95,240,248,602,114,666,354,0,0,,,,191,,,26.0,26,26,0.0569,0.0502,0.0005,0.0038,0.0,0.0,,0.0467,0.1588
grid-prob04,0,True,105,419,439,977,119,948,674,0,0,,,,5214,,,23.0,26,23,0.0932,0.0675,0.0008,0.009,0.0,0.0,,0.5429,0.7146
grid-prob05,0,True,158,447,457,1096,192,1220,688,0,0,,,,12432,,,50.0,52,50,0.1746,0.204,0.002,0.0125,0.0,0.0,,4.8539,5.2487
gripper-prob01,0,True,8,16,25,59,17,54,16,0,0,,,,0,,,9.0,9,9,0.0252,0.0001,0.0,0.0035,0.0,0.0,,0.0033,0.0321
gripper-prob02,0,True,12,24,37,87,25,80,24,0,0,,,,0,,,13.0,13,13,0.0208,0.0001,0.0,0.0061,0.0,0.0,,0.0031,0.0301
gripper-prob03,0,True,16,32,49,115,33,106,32,0,0,,,,0,,,17.0,17,17,0.0246,0.0002,0.0001,0.0021,0.0,0.0,,0.0023,0.0293
gripper-prob04,0,True,20,40,61,143,41,132,40,0,0,,,,0,,,21.0,21,21,0.0224,0.0002,0.0001,0.003,0.0,0.0,,0.0023,0.0281
gripper-prob05,0,True,24,48,73,171,49,158,48,0,0,,,,0,,,25.0,25,25,0.0253,0.0003,0.0001,0.0017,0.0,0.0,,0.0024,0.0299
gripper-prob06,0,True,28,56,85,199,57,184,56,0,0,,,,0,,,29.0,29,29,0.0167,0.0004,0.0001,0.0116,0.0,0.0,,0.0057,0.0346
gripper-prob07,0,True,32,64,97,227,65,210,64,0,0,,,,0,,,33.0,33,33,0.0059,0.0005,0.0002,0.0024,0.0,0.0,,0.0036,0.0125
gripper-prob08,0,True,36,72,109,255,73,236,72,0,0,,,,0,,,37.0,37,37,0.029,0.0005,0.0002,0.003,0.0,0.0,,0.0032,0.036
gripper-prob09,0,True,40,80,121,283,81,262,80,0,0,,,,0,,,41.0,41,41,0.0105,0.0007,0.0003,0.0087,0.0,0.0,,0.008,0.0282
gripper-prob10,0,True,44,88,133,311,89,288,88,0,0,,,,0,,,45.0,45,45,0.0078,0.0008,0.0004,0.0029,0.0,0.0,,0.0038,0.0157
gripper-prob11,0,True,48,96,145,339,97,314,96,0,0,,,,0,,,49.0,49,49,0.0069,0.0009,0.0005,0.002,0.0,0.0,,0.0034,0.0137
gripper-prob12,0,True,52,104,157,367,105,340,104,0,0,,,,0,,,53.0,53,53,0.0087,0.001,0.0006,0.0026,0.0,0.0,,0.0037,0.0167
gripper-prob13,0,True,56,112,169,395,113,366,112,0,0,,,,0,,,57.0,57,57,0.0341,0.0012,0.0007,0.0304,0.0,0.0,,0.0128,0.0792
gripper-prob14,0,True,60,120,181,423,121,392,120,0,0,,,,0,,,61.0,61,61,0.0074,0.0013,0.0008,0.0031,0.0,0.0,,0.0038,0.0164
gripper-prob15,0,True,64,128,193,451,129,418,128,0,0,,,,0,,,65.0,65,65,0.0079,0.0015,0.0011,0.0039,0.0,0.0,,0.004,0.0184
gripper-prob16,0,True,68,136,205,479,137,444,136,0,0,,,,0,,,69.0,69,69,0.0162,0.0017,0.0012,0.0154,0.0,0.0,,0.0043,0.0388
gripper-prob17,0,True,72,144,217,507,145,470,144,0,0,,,,0,,,73.0,73,73,0.0083,0.0018,0.0013,0.0024,0.0,0.0,,0.0035,0.0174
gripper-prob18,0,True,76,152,229,535,153,496,152,0,0,,,,0,,,77.0,77,77,0.0065,0.0021,0.0014,0.0023,0.0,0.0,,0.0035,0.0159
gripper-prob19,0,True,80,160,241,563,161,522,160,0,0,,,,0,,,81.0,81,81,0.0117,0.0022,0.0016,0.0036,0.0,0.0,,0.0045,0.0237
gripper-prob20,0,True,84,168,253,591,169,548,168,0,0,,,,0,,,85.0,85,85,0.0325,0.0024,0.0019,0.0033,0.0,0.0,,0.0042,0.0444
hiking-agl14-strips-testing-3-4-3,0,True,17,381,1497,1913,35,1671,651,0,0,,,,0,,,9.0,10,9,0.0239,0.0096,0.0009,0.0074,0.0,0.0,,0.1905,0.2326
hiking-agl14-strips-testing-3-4-4,0,True,24,570,2244,2865,51,2517,1017,0,0,,,,0,,,13.0,15,13,0.0497,0.0309,0.0024,0.0037,0.0,0.0,,0.0997,0.1868
hiking-agl14-strips-testing-3-4-5,0,True,31,759,2991,3817,67,3363,1383,0,0,,,,0,,,17.0,20,17,0.052,0.0783,0.005,0.0049,0.0,0.0,,0.1435,0.2846
hiking-agl14-strips-testing-3-4-6,0,True,38,948,3738,4769,83,4219,2904,0,0,,,,0,,,21.0,25,21,0.08,0.1343,0.0052,0.005,0.0,0.0,,0.2399,0.4658
hiking-agl14-strips-testing-3-4-7,0,True,45,1137,4485,5721,99,5055,2115,0,0,,,,0,,,25.0,30,25,0.0998,0.2887,0.0131,0.0049,0.0,0.0,,0.5963,1.0047
hiking-agl14-strips-testing-3-4-8,0,True,52,1326,5232,6673,115,5901,2481,0,0,,,,0,,,29.0,35,29,0.1564,0.4916,0.0202,0.0069,0.0,0.0,,0.7552,1.433
hiking-agl14-strips-testing-3-4-9,0,True,59,1515,5979,7625,131,6763,4695,0,0,,,,0,,,33.0,40,33,0.1763,0.6797,0.0176,0.0069,0.0,0.0,,0.8488,1.7328
hiking-agl14-strips-testing-4-5-3,0,True,22,1156,4580,5782,46,4862,2528,0,0,,,,0,,,11.0,12,11,0.0414,0.0465,0.0039,0.0072,0.0,0.0,,0.2403,0.3402
hiking-agl14-strips-testing-4-5-4,0,True,31,1732,6868,8667,67,7301,2220,0,0,,,,0,,,16.0,18,16,0.1727,0.1943,0.0142,0.006,0.0,0.0,,0.371,0.7597
hiking-agl14-strips-testing-4-5-5,0,True,40,2308,9156,11552,88,9744,3008,0,0,,,,0,,,21.0,24,21,0.1546,0.4961,0.0306,0.0122,0.0,0.0,,0.4818,1.1781
hiking-agl14-strips-testing-4-5-6,0,True,49,2884,11444,14437,109,12197,6536,0,0,,,,0,,,26.0,30,26,0.1926,0.8718,0.0368,0.0144,0.0,0.0,,1.1772,2.2971
hiking-agl14-strips-testing-4-5-7,0,True,58,3460,13732,17322,130,14642,7872,0,0,,,,0,,,31.0,36,31,0.2767,1.6676,0.0541,0.0157,0.0,0.0,,1.9411,3.9621
hiking-agl14-strips-testing-4-5-8,0,True,67,4036,16020,20207,151,17073,5372,0,0,,,,0,,,36.0,42,36,0.3716,3.6791,0.1213,0.0153,0.0,0.0,,2.1132,6.3154
hiking-agl14-strips-testing-4-5-9,0,True,76,4612,18308,23092,172,19516,6160,0,0,,,,0,,,41.0,48,41,0.4962,6.0536,0.1795,0.0195,0.0,0.0,,3.4155,10.1872
hiking-agl14-strips-testing-5-6-3,0,True,27,2755,10955,13767,57,11365,4785,0,0,,,,0,,,13.0,14,13,0.3133,0.1994,0.0193,0.0138,0.0,0.0,,0.5686,1.1162
hiking-agl14-strips-testing-5-6-4,0,True,38,4130,16430,20643,83,17065,7290,0,0,,,,0,,,19.0,21,19,0.5207,0.7203,0.0532,0.0145,0.0,0.0,,0.984,2.297
hiking-agl14-strips-testing-5-6-5,0,True,49,5505,21905,27519,109,22757,5535,0,0,,,,0,,,25.0,28,25,0.2884,2.4384,0.1186,0.0184,0.0,0.0,,1.0853,3.9565
hiking-agl14-strips-testing-5-6-6,0,True,60,6880,27380,34395,135,28475,17625,0,0,,,,0,,,31.0,35,31,0.4547,3.9191,0.1296,0.0286,0.0,0.0,,4.5983,9.1421
hiking-agl14-strips-testing-5-6-7,0,True,71,8255,32855,41271,161,34189,27585,0,0,,,,0,,,37.0,42,37,0.6499,8.4698,0.1244,0.0379,0.0,0.0,,15.9753,25.2728
hiking-agl14-strips-testing-5-6-8,0,True,82,9630,38330,48147,187,39851,9855,0,0,,,,0,,,43.0,49,43,0.8745,19.0289,0.4847,0.0378,0.0,0.0,,12.5493,32.9955
hiking-opt14-strips-ptesting-1-2-3,0,True,4,9,35,59,13,73,31,0,0,,,,0,,,5.0,6,5,0.0056,0.0001,0.0,0.0018,0.0,0.0,,0.0048,0.0124
hiking-opt14-strips-ptesting-1-2-4,0,True,6,7,34,63,19,89,36,0,0,,,,0,,,7.0,7,7,0.0271,0.0003,0.0,0.0023,0.0,0.0,,0.0052,0.0349
hiking-opt14-strips-ptesting-1-2-5,0,True,8,17,69,115,25,153,71,0,0,,,,0,,,9.0,9,9,0.0071,0.0005,0.0,0.0024,0.0,0.0,,0.0062,0.0163
hiking-opt14-strips-ptesting-1-2-7,0,True,12,13,67,123,37,185,81,0,0,,,,0,,,13.0,13,13,0.0088,0.0014,0.0001,0.0017,0.0,0.0,,0.0068,0.0188
hiking-opt14-strips-ptesting-1-2-8,0,True,14,15,78,143,43,217,96,0,0,,,,0,,,15.0,15,15,0.0095,0.002,0.0001,0.002,0.0,0.0,,0.0076,0.0212
hiking-opt14-strips-ptesting-2-2-3,0,True,10,58,218,298,22,306,84,0,0,,,,0,,,7.0,8,7,0.0634,0.001,0.0001,0.0252,0.0,0.0,,0.022,0.1117
hiking-opt14-strips-ptesting-2-2-4,0,True,14,86,326,444,32,466,144,0,0,,,,0,,,10.0,12,10,0.018,0.0026,0.0002,0.0039,0.0,0.0,,0.043,0.0678
hiking-opt14-strips-ptesting-2-2-5,0,True,18,114,434,590,42,626,204,0,0,,,,0,,,13.0,16,13,0.0384,0.0056,0.0004,0.021,0.0,0.0,,0.0333,0.099
hiking-opt14-strips-ptesting-2-2-6,0,True,22,202,722,976,52,976,684,0,0,,,,0,,,16.0,20,16,0.0195,0.0086,0.0005,0.0037,0.0,0.0,,0.0322,0.0647
hiking-opt14-strips-ptesting-2-2-7,0,True,26,170,650,882,62,946,324,0,0,,,,0,,,19.0,24,19,1.4649,0.0189,0.0009,0.6592,0.0,0.0,,0.0577,2.202
hiking-opt14-strips-ptesting-2-2-8,0,True,30,282,1010,1364,72,1372,972,0,0,,,,0,,,22.0,28,22,0.1216,0.0236,0.0011,0.0157,0.0,0.0,,0.0524,0.2146
hiking-opt14-strips-ptesting-2-3-4,0,True,17,122,470,627,35,619,342,0,0,,,,0,,,10.0,12,10,0.0345,0.0039,0.0003,0.0031,0.0,0.0,,0.0569,0.0987
hiking-opt14-strips-ptesting-2-3-5,0,True,22,234,842,1122,46,1054,732,0,0,,,,0,,,13.0,16,13,0.0374,0.0086,0.0005,0.0022,0.0,0.0,,0.0363,0.0853
hiking-opt14-strips-ptesting-2-3-6,0,True,27,202,782,1041,57,1031,264,0,0,,,,0,,,16.0,20,16,0.0406,0.0203,0.0009,0.0037,0.0,0.0,,0.0305,0.0963
hiking-opt14-strips-ptesting-2-3-7,0,True,32,242,938,1248,68,1252,720,0,0,,,,0,,,19.0,24,19,0.0346,0.0263,0.0014,0.0037,0.0,0.0,,0.0444,0.1107
hiking-opt14-strips-ptesting-2-4-3,0,True,14,106,410,542,26,502,84,0,0,,,,0,,,7.0,8,7,0.0208,0.0023,0.0002,0.0031,0.0,0.0,,0.0152,0.0416
hiking-opt14-strips-ptesting-2-4-4,0,True,20,158,614,810,38,769,414,0,0,,,,0,,,10.0,12,10,0.016,0.0056,0.0004,0.0039,0.0,0.0,,0.0247,0.0507
hiking-opt14-strips-ptesting-2-4-5,0,True,26,210,818,1078,50,1030,564,0,0,,,,0,,,13.0,16,13,0.0206,0.0125,0.0007,0.0027,0.0,0.0,,0.0591,0.0958
hiking-opt14-strips-ptesting-2-4-6,0,True,32,382,1382,1826,62,1666,1164,0,0,,,,0,,,16.0,20,16,0.0337,0.0245,0.001,0.004,0.0,0.0,,0.063,0.1265
hiking-opt14-strips-ptesting-2-4-7,0,True,38,314,1226,1614,74,1534,324,0,0,,,,0,,,19.0,24,19,0.0458,0.0557,0.0019,0.0043,0.0,0.0,,0.0497,0.158
hiking-sat14-strips-ptesting-1-2-7,0,True,12,13,67,123,37,185,81,0,0,,,,0,,,13.0,13,13,0.0289,0.0013,0.0001,0.0055,0.0,0.0,,0.0074,0.0432
hiking-sat14-strips-ptesting-1-2-8,0,True,14,15,78,143,43,217,96,0,0,,,,0,,,15.0,15,15,0.0765,0.002,0.0001,0.0018,0.0,0.0,,0.0075,0.0879
hiking-sat14-strips-ptesting-2-2-6,0,True,22,202,722,976,52,976,684,0,0,,,,0,,,16.0,20,16,0.0195,0.0087,0.0005,0.0046,0.0,0.0,,0.0325,0.066
hiking-sat14-strips-ptesting-2-2-7,0,True,26,170,650,882,62,946,324,0,0,,,,0,,,19.0,24,19,0.0222,0.0188,0.001,0.0036,0.0,0.0,,0.0365,0.0825
hiking-sat14-strips-ptesting-2-2-8,0,True,30,282,1010,1364,72,1372,972,0,0,,,,0,,,22.0,28,22,0.0473,0.0237,0.001,0.0033,0.0,0.0,,0.0497,0.1253
hiking-sat14-strips-ptesting-2-3-6,0,True,27,202,782,1041,57,1031,264,0,0,,,,0,,,16.0,20,16,0.0233,0.0194,0.0009,0.002,0.0,0.0,,0.0306,0.0765
hiking-sat14-strips-ptesting-2-3-7,0,True,32,242,938,1248,68,1252,720,0,0,,,,0,,,19.0,24,19,0.0508,0.0262,0.0014,0.0048,0.0,0.0,,0.0436,0.127
hiking-sat14-strips-ptesting-2-3-8,0,True,37,282,1094,1455,79,1463,846,0,0,,,,0,,,22.0,28,22,0.0413,0.0416,0.0018,0.0048,0.0,0.0,,0.0854,0.1755
hiking-sat14-strips-ptesting-2-4-5,0,True,26,210,818,1078,50,1030,564,0,0,,,,0,,,13.0,16,13,0.0219,0.0121,0.0007,0.0026,0.0,0.0,,0.0585,0.0961
hiking-sat14-strips-ptesting-2-4-6,0,True,32,382,1382,1826,62,1666,1164,0,0,,,,0,,,16.0,20,16,0.0347,0.0245,0.001,0.0036,0.0,0.0,,0.0638,0.1279
hiking-sat14-strips-ptesting-2-4-7,0,True,38,314,1226,1614,74,1534,324,0,0,,,,0,,,19.0,24,19,0.0505,0.0559,0.0019,0.0058,0.0,0.0,,0.0494,0.1642
hiking-sat14-strips-ptesting-2-4-8,0,True,44,366,1430,1882,86,1813,1014,0,0,,,,0,,,22.0,28,22,0.0479,0.0655,0.0025,0.0039,0.0,0.0,,0.068,0.1886
hiking-sat14-strips-ptesting-3-3-5,0,True,27,579,2271,2913,63,2639,1827,0,0,,,,0,,,17.0,20,17,0.102,0.0437,0.0022,0.0059,0.0,0.0,,0.1902,0.3446
hiking-sat14-strips-ptesting-3-3-6,0,True,33,948,3513,4539,78,3984,3159,0,0,,,,0,,,21.0,25,21,0.0561,0.096,0.0033,0.0057,0.0,0.0,,0.4114,0.5734
hiking-sat14-strips-ptesting-3-3-7,0,True,39,1137,4215,5445,93,4785,3807,0,0,,,,0,,,25.0,30,25,0.0933,0.1834,0.0055,0.0076,0.0,0.0,,0.5167,0.8078
hiking-sat14-strips-ptesting-3-3-8,0,True,45,1011,3972,5091,108,4634,3258,0,0,,,,0,,,29.0,35,29,0.1016,0.2542,0.0084,0.0053,0.0,0.0,,0.4895,0.8609
hiking-sat14-strips-ptesting-3-4-5,0,True,31,759,2991,3817,67,3363,1383,0,0,,,,0,,,17.0,20,17,0.068,0.0746,0.0048,0.0078,0.0,0.0,,0.3129,0.469
hiking-sat14-strips-ptesting-3-4-6,0,True,38,948,3738,4769,83,4219,2904,0,0,,,,0,,,21.0,25,21,0.0784,0.1356,0.0053,0.0075,0.0,0.0,,0.2416,0.4698
hiking-sat14-strips-ptesting-3-4-7,0,True,45,1137,4485,5721,99,5067,3501,0,0,,,,0,,,25.0,30,25,0.1019,0.2522,0.0082,0.0063,0.0,0.0,,0.4969,0.8675
hiking-sat14-strips-ptesting-3-4-8,0,True,52,1326,5232,6673,115,5901,2481,0,0,,,,0,,,29.0,35,29,0.1366,0.493,0.0195,0.0074,0.0,0.0,,0.783,1.442
logistics00-probLOGISTICS-10-0,0,True,0,33,41,123,41,128,46,0,0,,,,0,,,41.0,41,41,0.0077,0.0005,0.0001,0.0021,0.0,0.0,,0.0023,0.0127
logistics00-probLOGISTICS-10-1,0,True,0,33,39,117,39,122,44,0,0,,,,0,,,39.0,39,39,0.0076,0.0005,0.0001,0.0029,0.0,0.0,,0.0021,0.0132
logistics00-probLOGISTICS-11-0,0,True,0,37,45,135,45,144,54,0,0,,,,0,,,45.0,45,45,0.0066,0.0005,0.0001,0.0021,0.0,0.0,,0.002,0.0113
logistics00-probLOGISTICS-11-1,0,True,0,46,55,165,55,178,68,0,0,,,,0,,,55.0,55,55,0.0084,0.0006,0.0001,0.0035,0.0,0.0,,0.0023,0.015
logistics00-probLOGISTICS-12-0,0,True,0,33,39,117,39,121,43,0,0,,,,0,,,39.0,39,39,0.0075,0.0006,0.0001,0.0064,0.0,0.0,,0.0027,0.0172
logistics00-probLOGISTICS-12-1,0,True,0,52,63,189,63,201,75,0,0,,,,0,,,63.0,63,63,0.0064,0.0007,0.0002,0.0017,0.0,0.0,,0.0021,0.0111
logistics00-probLOGISTICS-13-0,0,True,63,220,231,577,115,712,366,0,0,,,,0,,,67.0,67,67,0.011,0.002,0.0007,0.0028,0.0,0.0,,0.0173,0.0339
logistics00-probLOGISTICS-13-1,0,True,53,183,193,483,97,592,302,0,0,,,,0,,,57.0,57,57,0.0327,0.0018,0.0005,0.0097,0.0,0.0,,0.0186,0.0635
logistics00-probLOGISTICS-14-0,0,True,48,162,171,433,91,524,262,0,0,,,,0,,,55.0,55,55,0.031,0.0018,0.0004,0.0092,0.0,0.0,,0.0146,0.0571
logistics00-probLOGISTICS-14-1,0,True,63,216,227,569,115,701,359,0,0,,,,0,,,67.0,67,67,0.0084,0.0021,0.0007,0.0017,0.0,0.0,,0.0163,0.0294
logistics00-probLOGISTICS-15-0,0,True,68,233,243,609,123,751,385,0,0,,,,0,,,71.0,71,71,0.0073,0.0024,0.0008,0.0019,0.0,0.0,,0.0168,0.0294
logistics00-probLOGISTICS-15-1,0,True,63,219,227,565,111,697,359,0,0,,,,0,,,63.0,63,63,0.0273,0.0022,0.0006,0.0025,0.0,0.0,,0.0229,0.0556
logistics00-probLOGISTICS-4-0,0,True,0,14,19,57,19,58,20,0,0,,,,0,,,19.0,19,19,0.0064,0.0001,0.0,0.0019,0.0,0.0,,0.002,0.0105
logistics00-probLOGISTICS-4-1,0,True,0,13,17,51,17,51,17,0,0,,,,0,,,17.0,17,17,0.0107,0.0001,0.0,0.0028,0.0,0.0,,0.002,0.0157
logistics00-probLOGISTICS-4-2,0,True,0,9,13,39,13,39,13,0,0,,,,0,,,13.0,13,13,0.0067,0.0001,0.0,0.0017,0.0,0.0,,0.0019,0.0105
logistics00-probLOGISTICS-5-0,0,True,0,20,25,75,25,78,28,0,0,,,,0,,,25.0,25,25,0.095,0.0001,0.0,0.0078,0.0,0.0,,0.0024,0.1054
logistics00-probLOGISTICS-5-1,0,True,0,11,15,45,15,44,14,0,0,,,,0,,,15.0,15,15,0.007,0.0001,0.0,0.0031,0.0,0.0,,0.0025,0.0128
logistics00-probLOGISTICS-5-2,0,True,0,6,8,24,8,22,6,0,0,,,,0,,,8.0,8,8,0.0055,0.0001,0.0,0.0017,0.0,0.0,,0.0021,0.0094
logistics00-probLOGISTICS-6-0,0,True,0,19,23,69,23,71,25,0,0,,,,0,,,23.0,23,23,0.0121,0.0001,0.0,0.0058,0.0,0.0,,0.0037,0.0218
logistics00-probLOGISTICS-6-1,0,True,0,9,13,39,13,38,12,0,0,,,,0,,,13.0,13,13,0.0073,0.0001,0.0,0.0033,0.0,0.0,,0.0025,0.0132
logistics00-probLOGISTICS-6-2,0,True,0,19,23,69,23,71,25,0,0,,,,0,,,23.0,23,23,0.0273,0.0002,0.0,0.0048,0.0,0.0,,0.0032,0.0356
logistics00-probLOGISTICS-6-9,0,True,0,16,21,63,21,65,23,0,0,,,,0,,,21.0,21,21,0.0098,0.0001,0.0,0.0033,0.0,0.0,,0.0023,0.0155
logistics00-probLOGISTICS-7-0,0,True,0,28,33,99,33,103,37,0,0,,,,0,,,33.0,33,33,0.0293,0.0002,0.0001,0.0068,0.0,0.0,,0.0032,0.0396
logistics00-probLOGISTICS-7-1,0,True,0,33,39,117,39,124,46,0,0,,,,0,,,39.0,39,39,0.0134,0.0003,0.0001,0.0039,0.0,0.0,,0.0031,0.0207
logistics00-probLOGISTICS-8-0,0,True,0,24,29,87,29,89,31,0,0,,,,0,,,29.0,29,29,0.0063,0.0002,0.0,0.0027,0.0,0.0,,0.0019,0.0112
logistics00-probLOGISTICS-8-1,0,True,0,34,41,123,41,129,47,0,0,,,,0,,,41.0,41,41,0.0239,0.0003,0.0001,0.0017,0.0,0.0,,0.0023,0.0284
logistics00-probLOGISTICS-9-0,0,True,0,27,33,99,33,104,38,0,0,,,,0,,,33.0,33,33,0.0074,0.0003,0.0001,0.003,0.0,0.0,,0.0025,0.0133
logistics00-probLOGISTICS-9-1,0,True,0,24,29,87,29,89,31,0,0,,,,0,,,29.0,29,29,0.0324,0.0003,0.0,0.003,0.0,0.0,,0.0024,0.0381
logistics98-prob01,0,True,40,118,121,298,56,364,187,0,0,,,,0,,,24.0,24,24,0.0073,0.0008,0.0002,0.0029,0.0,0.0,,0.0105,0.0217
logistics98-prob02,0,True,96,395,401,915,113,1178,664,0,0,,,,0,,,28.0,28,28,0.0098,0.0033,0.0006,0.0042,0.0,0.0,,0.0645,0.0825
logistics98-prob03,0,True,151,718,721,1630,188,2155,1246,0,0,,,,0,,,50.0,50,50,0.0363,0.0107,0.003,0.0034,0.0,0.0,,0.3052,0.3587
logistics98-prob04,0,True,225,1038,1041,2337,255,3067,1771,0,0,,,,0,,,53.0,53,53,0.047,0.0205,0.005,0.0217,0.0,0.0,,0.2638,0.3583
logistics98-prob05,0,True,11,31,32,93,29,86,25,0,0,,,,0,,,22.0,22,22,0.0108,0.0005,0.0001,0.0047,0.0,0.0,,0.0062,0.0224
logistics98-prob06,0,True,231,710,712,1689,265,2156,1179,0,0,,,,0,,,65.0,65,65,0.0683,0.0277,0.0047,0.0067,0.0,0.0,,0.0892,0.197
logistics98-prob07,0,True,150,781,788,1744,168,2301,1345,0,0,,,,0,,,29.0,29,29,0.0329,0.0079,0.0013,0.0037,0.0,0.0,,0.1261,0.1721
logistics98-prob08,0,True,233,1067,1069,2389,251,3189,1869,0,0,,,,0,,,37.0,37,37,0.0387,0.0253,0.0033,0.0051,0.0,0.0,,0.6096,0.6823
logistics98-prob09,0,True,372,1372,1375,3155,405,4028,2248,0,0,,,,0,,,75.0,75,75,0.0977,0.0615,0.0128,0.0062,0.0,0.0,,0.4343,0.6129
logistics98-prob10,0,True,463,2749,2769,6063,525,8463,5169,0,0,,,,489,,,93.0,93,93,0.0839,0.0848,0.0186,0.0118,0.0,0.0,,14.5951,14.7947
logistics98-prob11,0,True,133,351,351,845,143,931,437,0,0,,,,0,,,27.0,27,27,0.0367,0.0053,0.0009,0.0046,0.0,0.0,,0.0489,0.0965
logistics98-prob12,0,True,490,2687,2688,5880,504,7846,4654,0,0,,,,0,,,37.0,37,37,0.1458,0.1386,0.013,0.0096,0.0,0.0,,0.4258,0.7339
logistics98-prob13,0,True,551,4372,4377,9351,597,12999,8025,0,0,,,,97,,,65.0,66,65,0.2012,0.2024,0.0322,0.0153,0.0,0.0,,14.4365,14.889
logistics98-prob14,0,True,441,2778,2780,6035,475,8156,4901,0,0,,,,0,,,80.0,80,80,0.133,0.0912,0.0205,0.0099,0.0,0.0,,0.7303,0.9854
logistics98-prob15,0,True,182,663,667,1571,237,1947,1043,0,0,,,,0,,,82.0,82,82,0.0389,0.0096,0.004,0.005,0.0,0.0,,0.1567,0.2143
logistics98-prob16,0,True,411,2287,2287,5005,431,6622,3904,0,0,,,,0,,,52.0,52,52,0.0562,0.0555,0.0126,0.0074,0.0,0.0,,0.4755,0.6076
logistics98-prob17,0,True,270,792,792,1870,286,2137,1059,0,0,,,,131,,,42.0,42,42,0.0452,0.0172,0.005,0.0034,0.0,0.0,,0.2462,0.3172
logistics98-prob18,2,True,1058,11828,11842,24854,1170,35575,22563,0,0,,,,2356,,,147.385,152,152,0.5654,0.7033,0.196,0.0586,0.0,0.0,,898.5007,900.0265
logistics98-prob19,0,True,869,4452,4452,9821,917,13071,7702,0,0,,,,0,,,130.0,130,130,0.2605,0.2915,0.0847,0.0184,0.0,0.0,,5.8947,6.5514
logistics98-prob20,0,True,826,6663,6672,14258,914,19729,12143,0,0,,,,4632,,,128.0,129,128,0.5709,0.5143,0.1058,0.0356,0.0,0.0,,269.8041,271.0328
logistics98-prob21,0,True,827,4698,4700,10264,864,13760,8196,0,0,,,,100,,,95.0,95,95,0.32,0.3462,0.07,0.0185,0.0,0.0,,12.7198,13.4762
logistics98-prob22,2,True,1762,13325,13331,28539,1877,40391,25183,0,0,,,,1669,,,247.933,255,253,2.1501,2.0779,0.536,0.0803,0.0,0.0,,895.1883,900.0371
logistics98-prob23,0,True,324,1311,1313,2995,369,3888,2206,0,0,,,,0,,,99.0,99,99,0.0436,0.0346,0.0127,0.0123,0.0,0.0,,0.1834,0.2869
logistics98-prob24,0,True,665,2170,2170,5017,677,6055,3208,0,0,,,,9,,,39.0,39,39,0.1544,0.1839,0.0219,0.0101,0.0,0.0,,0.7625,1.1343
logistics98-prob25,2,True,1301,12993,13008,27450,1434,38703,24261,0,0,,,,2534,,,173.415,177,177,2.2102,1.8495,0.4392,0.2727,0.0,0.0,,895.2576,900.0387
logistics98-prob26,0,True,1642,5998,6010,13738,1718,19193,11465,0,0,,,,10,,,175.0,177,175,1.0791,1.037,0.2742,0.0378,0.0,0.0,,14.0209,16.4514
logistics98-prob27,0,True,1001,5386,5393,11853,1067,16010,9550,0,0,,,,5463,,,135.0,136,135,0.8411,0.7305,0.1261,0.0234,0.0,0.0,,504.6232,506.3469
logistics98-prob28,0,True,3078,14227,14228,31620,3164,42209,24817,0,0,,,,2389,,,243.0,245,243,11.1463,10.7832,1.6792,0.1397,0.0,0.0,,359.0441,382.8023
logistics98-prob29,2,True,1953,23446,23462,49036,2112,70663,45089,0,0,,,,101,,,268.814,282,280,2.0081,2.3933,0.8449,0.1493,0.0,0.0,,894.6385,900.039
logistics98-prob30,0,True,1421,4875,4875,11210,1460,14269,7934,0,0,,,,952,,,124.0,124,124,1.8391,1.6705,0.2129,0.0296,0.0,0.0,,9.2841,13.0407
logistics98-prob31,0,True,13,32,34,90,22,94,38,0,0,,,,0,,,12.0,12,12,0.0083,0.0002,0.0,0.0062,0.0,0.0,,0.0074,0.0222
logistics98-prob32,0,True,12,32,32,88,24,90,34,0,0,,,,0,,,18.0,18,18,0.0162,0.0002,0.0,0.0095,0.0,0.0,,0.0092,0.0351
logistics98-prob33,0,True,22,51,51,141,39,138,48,0,0,,,,0,,,25.0,25,25,0.0069,0.0005,0.0001,0.0014,0.0,0.0,,0.0073,0.0163
logistics98-prob34,0,True,99,244,244,602,114,694,336,0,0,,,,0,,,42.0,42,42,0.0103,0.0025,0.0007,0.0033,0.0,0.0,,0.035,0.0519
logistics98-prob35,0,True,19,56,56,156,44,151,51,0,0,,,,0,,,29.0,29,29,0.0091,0.0014,0.0001,0.0051,0.0,0.0,,0.0086,0.0244
miconic-s1-0,0,True,0,2,3,9,3,8,2,0,0,,,,0,,,3.0,3,3,0.0269,0.0,0.0,0.0051,0.0,0.0,,0.002,0.0341
miconic-s1-1,0,True,0,2,3,9,3,8,2,0,0,,,,0,,,3.0,3,3,0.0077,0.0,0.0,0.0018,0.0,0.0,,0.0023,0.0119
miconic-s1-2,0,True,0,2,3,9,3,8,2,0,0,,,,0,,,3.0,3,3,0.0098,0.0,0.0,0.0038,0.0,0.0,,0.002,0.0156
miconic-s1-3,0,True,0,2,3,9,3,8,2,0,0,,,,0,,,3.0,3,3,0.0052,0.0,0.0,0.0012,0.0,0.0,,0.0018,0.0083
miconic-s1-4,0,True,0,2,3,9,3,8,2,0,0,,,,0,,,3.0,3,3,0.0188,0.0,0.0,0.0046,0.0,0.0,,0.0025,0.0259
miconic-s10-0,0,True,6,39,39,117,39,107,29,0,0,,,,0,,,33.0,33,33,0.0077,0.0006,0.0001,0.0043,0.0,0.0,,0.0026,0.0154
miconic-s10-1,0,True,7,39,39,117,39,105,27,0,0,,,,0,,,32.0,32,32,0.0189,0.0006,0.0001,0.0033,0.0,0.0,,0.0027,0.0257
miconic-s10-2,0,True,8,39,39,117,39,106,28,0,0,,,,0,,,31.0,31,31,0.0075,0.0006,0.0001,0.0032,0.0,0.0,,0.0027,0.0142
miconic-s10-3,0,True,5,39,39,117,39,108,30,0,0,,,,0,,,34.0,34,34,0.012,0.0006,0.0001,0.004,0.0,0.0,,0.0027,0.0195
miconic-s10-4,0,True,7,39,39,117,39,106,28,0,0,,,,0,,,32.0,32,32,0.0107,0.0006,0.0001,0.0041,0.0,0.0,,0.0027,0.0182
miconic-s11-0,0,True,7,43,43,129,43,117,31,0,0,,,,0,,,36.0,36,36,0.0073,0.0008,0.0002,0.0023,0.0,0.0,,0.0024,0.013
miconic-s11-1,0,True,9,43,43,129,43,118,32,0,0,,,,0,,,34.0,34,34,0.0291,0.0008,0.0001,0.0167,0.0,0.0,,0.0033,0.0501
miconic-s11-2,0,True,6,43,43,129,43,118,32,0,0,,,,0,,,37.0,37,37,0.0124,0.0008,0.0001,0.0061,0.0,0.0,,0.0028,0.0222
miconic-s11-3,0,True,6,43,43,129,43,119,33,0,0,,,,0,,,37.0,37,37,0.008,0.0008,0.0001,0.0038,0.0,0.0,,0.0033,0.0161
miconic-s11-4,0,True,9,43,43,129,43,118,32,0,0,,,,0,,,34.0,34,34,0.0085,0.0008,0.0001,0.0029,0.0,0.0,,0.0028,0.0151
miconic-s12-0,0,True,7,47,47,141,47,130,36,0,0,,,,0,,,40.0,40,40,0.2553,0.001,0.0001,0.0026,0.0,0.0,,0.003,0.262
miconic-s12-1,0,True,7,47,47,141,47,130,36,0,0,,,,0,,,40.0,40,40,0.0156,0.001,0.0001,0.0507,0.0,0.0,,0.0041,0.0716
miconic-s12-2,0,True,8,47,47,141,47,127,33,0,0,,,,0,,,39.0,39,39,0.0087,0.001,0.0001,0.0056,0.0,0.0,,0.0036,0.0191
miconic-s12-3,0,True,9,47,47,141,47,128,34,0,0,,,,0,,,38.0,38,38,0.0085,0.001,0.0001,0.003,0.0,0.0,,0.002,0.0147
miconic-s12-4,0,True,6,47,47,141,47,130,36,0,0,,,,0,,,41.0,41,41,0.0066,0.001,0.0001,0.0015,0.0,0.0,,0.002,0.0113
miconic-s13-0,0,True,8,51,51,153,51,140,38,0,0,,,,0,,,43.0,43,43,0.0085,0.0012,0.0002,0.0038,0.0,0.0,,0.0023,0.0161
miconic-s13-1,0,True,10,51,51,153,51,141,39,0,0,,,,0,,,41.0,41,41,0.0318,0.0012,0.0002,0.0054,0.0,0.0,,0.0043,0.0429
miconic-s13-2,0,True,5,51,51,153,51,141,39,0,0,,,,0,,,46.0,46,46,0.0081,0.0012,0.0002,0.003,0.0,0.0,,0.0026,0.0152
miconic-s13-3,0,True,8,51,51,153,51,141,39,0,0,,,,0,,,43.0,43,43,0.0096,0.0012,0.0002,0.0032,0.0,0.0,,0.003,0.0173
miconic-s13-4,0,True,10,51,51,153,51,140,38,0,0,,,,0,,,41.0,41,41,0.0087,0.0012,0.0002,0.0048,0.0,0.0,,0.0026,0.0175
miconic-s14-0,0,True,10,55,55,165,55,151,41,0,0,,,,0,,,45.0,45,45,0.0111,0.0015,0.0002,0.0029,0.0,0.0,,0.0029,0.0185
miconic-s14-1,0,True,8,55,55,165,55,152,42,0,0,,,,0,,,47.0,47,47,0.0274,0.0015,0.0002,0.008,0.0,0.0,,0.0034,0.0405
miconic-s14-2,0,True,6,55,55,165,55,151,41,0,0,,,,0,,,49.0,49,49,0.0089,0.0015,0.0002,0.0037,0.0,0.0,,0.0022,0.0165
miconic-s14-3,0,True,13,55,55,165,55,151,41,0,0,,,,0,,,42.0,42,42,0.009,0.0015,0.0002,0.0024,0.0,0.0,,0.0024,0.0155
miconic-s14-4,0,True,10,55,55,165,55,151,41,0,0,,,,0,,,45.0,45,45,0.0277,0.0015,0.0002,0.002,0.0,0.0,,0.0021,0.0335
miconic-s15-0,0,True,13,59,59,177,59,162,44,0,0,,,,0,,,46.0,46,46,0.0089,0.0018,0.0002,0.002,0.0,0.0,,0.0023,0.0152
miconic-s15-1,0,True,10,59,59,177,59,160,42,0,0,,,,0,,,49.0,49,49,0.0093,0.0018,0.0002,0.0032,0.0,0.0,,0.0028,0.0174
miconic-s15-2,0,True,10,59,59,177,59,161,43,0,0,,,,0,,,49.0,49,49,0.0315,0.0018,0.0002,0.0045,0.0,0.0,,0.0025,0.0406
miconic-s15-3,0,True,9,59,59,177,59,163,45,0,0,,,,0,,,50.0,50,50,0.0322,0.0018,0.0002,0.0146,0.0,0.0,,0.0138,0.0626
miconic-s15-4,0,True,13,59,59,177,59,161,43,0,0,,,,0,,,46.0,46,46,0.0085,0.0018,0.0002,0.002,0.0,0.0,,0.0022,0.0148
miconic-s16-0,0,True,10,63,63,189,63,174,48,0,0,,,,0,,,53.0,53,53,0.0209,0.0021,0.0003,0.0095,0.0,0.0,,0.0038,0.0366
miconic-s16-1,0,True,11,63,63,189,63,173,47,0,0,,,,0,,,52.0,52,52,0.0142,0.0021,0.0003,0.0064,0.0,0.0,,0.0034,0.0265
miconic-s16-2,0,True,9,63,63,189,63,173,47,0,0,,,,0,,,54.0,54,54,0.0115,0.0021,0.0003,0.0032,0.0,0.0,,0.0027,0.0198
miconic-s16-3,0,True,12,63,63,189,63,171,45,0,0,,,,0,,,51.0,51,51,0.011,0.0021,0.0003,0.0033,0.0,0.0,,0.0021,0.0188
miconic-s16-4,0,True,10,63,63,189,63,173,47,0,0,,,,0,,,53.0,53,53,0.01,0.0021,0.0003,0.0033,0.0,0.0,,0.0025,0.0182
miconic-s17-0,0,True,12,67,67,201,67,184,50,0,0,,,,0,,,55.0,55,55,0.0308,0.0025,0.0003,0.0024,0.0,0.0,,0.0022,0.0384
miconic-s17-1,0,True,13,67,67,201,67,184,50,0,0,,,,0,,,54.0,54,54,0.014,0.0025,0.0003,0.0027,0.0,0.0,,0.0022,0.0218
miconic-s17-2,0,True,13,67,67,201,67,184,50,0,0,,,,0,,,54.0,54,54,0.0102,0.0025,0.0003,0.0031,0.0,0.0,,0.0029,0.0191
miconic-s17-3,0,True,8,67,67,201,67,184,50,0,0,,,,0,,,59.0,59,59,0.0326,0.0025,0.0003,0.0025,0.0,0.0,,0.0028,0.0407
miconic-s17-4,0,True,13,67,67,201,67,184,50,0,0,,,,0,,,54.0,54,54,0.0108,0.0025,0.0003,0.0027,0.0,0.0,,0.0028,0.0191
miconic-s18-0,0,True,12,71,71,213,71,196,54,0,0,,,,0,,,59.0,59,59,0.012,0.003,0.0003,0.0062,0.0,0.0,,0.0029,0.0245
miconic-s18-1,0,True,13,71,71,213,71,195,53,0,0,,,,0,,,58.0,58,58,0.0085,0.003,0.0003,0.0017,0.0,0.0,,0.0021,0.0157
miconic-s18-2,0,True,13,71,71,213,71,196,54,0,0,,,,0,,,58.0,58,58,0.0104,0.003,0.0003,0.0058,0.0,0.0,,0.0029,0.0225
miconic-s18-3,0,True,12,71,71,213,71,195,53,0,0,,,,0,,,59.0,59,59,0.0099,0.003,0.0003,0.0016,0.0,0.0,,0.0025,0.0174
miconic-s18-4,0,True,15,71,71,213,71,194,52,0,0,,,,0,,,56.0,56,56,0.0093,0.003,0.0004,0.0027,0.0,0.0,,0.0025,0.0179
miconic-s19-0,0,True,13,75,75,225,75,207,57,0,0,,,,0,,,62.0,62,62,0.011,0.0034,0.0004,0.0062,0.0,0.0,,0.0035,0.0246
miconic-s19-1,0,True,10,75,75,225,75,207,57,0,0,,,,0,,,65.0,65,65,0.0138,0.0034,0.0004,0.0108,0.0,0.0,,0.0028,0.0314
miconic-s19-2,0,True,14,75,75,225,75,206,56,0,0,,,,0,,,61.0,61,61,0.0323,0.0034,0.0004,0.0034,0.0,0.0,,0.0025,0.0422
miconic-s19-3,0,True,12,75,75,225,75,206,56,0,0,,,,0,,,63.0,63,63,0.0095,0.0034,0.0004,0.002,0.0,0.0,,0.0021,0.0176
miconic-s19-4,0,True,13,75,75,225,75,206,56,0,0,,,,0,,,62.0,62,62,0.0105,0.0034,0.0004,0.0027,0.0,0.0,,0.0024,0.0194
miconic-s2-0,0,True,0,7,7,21,7,20,6,0,0,,,,0,,,7.0,7,7,0.0068,0.0,0.0,0.0026,0.0,0.0,,0.002,0.0114
miconic-s2-1,0,True,1,7,7,21,7,18,4,0,0,,,,0,,,6.0,6,6,2.0979,0.0001,0.0,0.0021,0.0,0.0,,0.0022,2.1024
miconic-s2-2,0,True,1,7,7,21,7,18,4,0,0,,,,0,,,6.0,6,6,0.0076,0.0,0.0,0.0026,0.0,0.0,,0.0031,0.0134
miconic-s2-3,0,True,0,7,7,21,7,20,6,0,0,,,,0,,,7.0,7,7,0.0066,0.0,0.0,0.0066,0.0,0.0,,0.0043,0.0175
miconic-s2-4,0,True,1,7,7,21,7,19,5,0,0,,,,0,,,6.0,6,6,0.0071,0.0,0.0,0.0036,0.0,0.0,,0.0029,0.0137
miconic-s20-0,0,True,16,79,79,237,79,218,60,0,0,,,,0,,,63.0,63,63,0.013,0.004,0.0005,0.0021,0.0,0.0,,0.0027,0.0224
miconic-s20-1,0,True,13,79,79,237,79,217,59,0,0,,,,0,,,66.0,66,66,0.0098,0.004,0.0005,0.0015,0.0,0.0,,0.0022,0.0182
miconic-s20-2,0,True,17,79,79,237,79,216,58,0,0,,,,0,,,62.0,62,62,0.0132,0.004,0.0004,0.003,0.0,0.0,,0.0024,0.0231
miconic-s20-3,0,True,16,79,79,237,79,218,60,0,0,,,,0,,,63.0,63,63,0.0175,0.004,0.0004,0.0023,0.0,0.0,,0.0028,0.0272
miconic-s20-4,0,True,15,79,79,237,79,216,58,0,0,,,,0,,,64.0,64,64,0.0327,0.004,0.0004,0.0039,0.0,0.0,,0.0042,0.0453
miconic-s21-0,0,True,14,83,83,249,83,228,62,0,0,,,,0,,,69.0,69,69,0.012,0.0046,0.0005,0.0028,0.0,0.0,,0.0026,0.0226
miconic-s21-1,0,True,14,83,83,249,83,228,62,0,0,,,,0,,,69.0,69,69,0.0125,0.0046,0.0005,0.0074,0.0,0.0,,0.0035,0.0286
miconic-s21-2,0,True,14,83,83,249,83,228,62,0,0,,,,0,,,69.0,69,69,0.0114,0.0045,0.0005,0.0049,0.0,0.0,,0.0026,0.0241
miconic-s21-3,0,True,17,83,83,249,83,227,61,0,0,,,,0,,,66.0,66,66,0.0115,0.0045,0.0005,0.0016,0.0,0.0,,0.0022,0.0206
miconic-s21-4,0,True,13,83,83,249,83,227,61,0,0,,,,0,,,70.0,70,70,0.029,0.0046,0.0005,0.002,0.0,0.0,,0.0023,0.0386
miconic-s22-0,0,True,15,87,87,261,87,239,65,0,0,,,,0,,,72.0,72,72,0.0209,0.0052,0.0006,0.0035,0.0,0.0,,0.0031,0.0334
miconic-s22-1,0,True,17,87,87,261,87,239,65,0,0,,,,0,,,70.0,70,70,0.0122,0.0053,0.0005,0.0018,0.0,0.0,,0.0025,0.0224
miconic-s22-2,0,True,16,87,87,261,87,240,66,0,0,,,,0,,,71.0,71,71,0.0107,0.0053,0.0005,0.0073,0.0,0.0,,0.0053,0.0293
miconic-s22-3,0,True,12,87,87,261,87,238,64,0,0,,,,0,,,75.0,75,75,0.0136,0.0054,0.0005,0.0027,0.0,0.0,,0.0022,0.0246
miconic-s22-4,0,True,16,87,87,261,87,239,65,0,0,,,,0,,,71.0,71,71,0.0171,0.0052,0.0005,0.0086,0.0,0.0,,0.0032,0.0348
miconic-s23-0,0,True,16,91,91,273,91,250,68,0,0,,,,0,,,75.0,75,75,0.0616,0.0059,0.0006,0.009,0.0,0.0,,0.0169,0.0942
miconic-s23-1,0,True,17,91,91,273,91,250,68,0,0,,,,0,,,74.0,74,74,0.0126,0.006,0.0006,0.0028,0.0,0.0,,0.0023,0.0244
miconic-s23-2,0,True,18,91,91,273,91,251,69,0,0,,,,0,,,73.0,73,73,0.0136,0.0059,0.0006,0.0054,0.0,0.0,,0.0023,0.028
miconic-s23-3,0,True,20,91,91,273,91,251,69,0,0,,,,0,,,71.0,71,71,0.072,0.0059,0.0006,0.0042,0.0,0.0,,0.0023,0.0853
miconic-s23-4,0,True,17,91,91,273,91,251,69,0,0,,,,0,,,74.0,74,74,0.0156,0.006,0.0006,0.0021,0.0,0.0,,0.0023,0.0267
miconic-s24-0,0,True,16,95,95,285,95,262,72,0,0,,,,0,,,79.0,79,79,0.0164,0.0067,0.0007,0.0025,0.0,0.0,,0.0023,0.0288
miconic-s24-1,0,True,17,95,95,285,95,262,72,0,0,,,,0,,,78.0,78,78,0.0148,0.0069,0.0007,0.0034,0.0,0.0,,0.0031,0.029
miconic-s24-2,0,True,18,95,95,285,95,260,70,0,0,,,,0,,,77.0,77,77,0.0218,0.0067,0.0007,0.0046,0.0,0.0,,0.0028,0.0369
miconic-s24-3,0,True,16,95,95,285,95,260,70,0,0,,,,0,,,79.0,79,79,0.0144,0.0067,0.0007,0.0032,0.0,0.0,,0.0027,0.0279
miconic-s24-4,0,True,18,95,95,285,95,260,70,0,0,,,,0,,,77.0,77,77,0.014,0.0068,0.0007,0.0016,0.0,0.0,,0.0023,0.0256
miconic-s25-0,0,True,18,99,99,297,99,273,75,0,0,,,,0,,,81.0,81,81,0.0379,0.0076,0.0008,0.0065,0.0,0.0,,0.0028,0.0558
miconic-s25-1,0,True,14,99,99,297,99,273,75,0,0,,,,0,,,85.0,85,85,0.0186,0.0077,0.0007,0.0037,0.0,0.0,,0.0028,0.0337
miconic-s25-2,0,True,21,99,99,297,99,272,74,0,0,,,,0,,,78.0,78,78,0.0221,0.0076,0.0008,0.0061,0.0,0.0,,0.0023,0.039
miconic-s25-3,0,True,15,99,99,297,99,271,73,0,0,,,,0,,,84.0,84,84,0.0206,0.0076,0.0007,0.0057,0.0,0.0,,0.0024,0.0372
miconic-s25-4,0,True,17,99,99,297,99,271,73,0,0,,,,0,,,82.0,82,82,0.0184,0.0077,0.0008,0.0027,0.0,0.0,,0.0026,0.0323
miconic-s26-0,0,True,20,103,103,309,103,283,77,0,0,,,,0,,,83.0,83,83,0.0167,0.0088,0.0009,0.0034,0.0,0.0,,0.0032,0.0332
miconic-s26-1,0,True,20,103,103,309,103,284,78,0,0,,,,0,,,83.0,83,83,0.0185,0.0085,0.0008,0.0022,0.0,0.0,,0.0028,0.033
miconic-s26-2,0,True,13,103,103,309,103,284,78,0,0,,,,0,,,90.0,90,90,0.0159,0.0085,0.0008,0.0015,0.0,0.0,,0.0022,0.0291
miconic-s26-3,0,True,15,103,103,309,103,284,78,0,0,,,,0,,,88.0,88,88,0.016,0.0085,0.0008,0.0021,0.0,0.0,,0.0024,0.0301
miconic-s26-4,0,True,21,103,103,309,103,282,76,0,0,,,,0,,,82.0,82,82,0.0161,0.0088,0.0008,0.0031,0.0,0.0,,0.0029,0.0319
miconic-s27-0,0,True,20,107,107,321,107,293,79,0,0,,,,0,,,87.0,87,87,0.0418,0.0098,0.001,0.0036,0.0,0.0,,0.0039,0.0602
miconic-s27-1,0,True,16,107,107,321,107,294,80,0,0,,,,0,,,91.0,91,91,0.0216,0.0096,0.0009,0.0038,0.0,0.0,,0.0025,0.0386
miconic-s27-2,0,True,20,107,107,321,107,294,80,0,0,,,,0,,,87.0,87,87,0.0148,0.0096,0.001,0.0019,0.0,0.0,,0.0024,0.0298
miconic-s27-3,0,True,18,107,107,321,107,295,81,0,0,,,,0,,,89.0,89,89,0.1414,0.0095,0.0009,0.004,0.0,0.0,,0.0026,0.1587
miconic-s27-4,0,True,19,107,107,321,107,293,79,0,0,,,,0,,,88.0,88,88,0.1338,0.0095,0.0009,0.0038,0.0,0.0,,0.0027,0.1509
miconic-s28-0,0,True,17,111,111,333,111,304,82,0,0,,,,0,,,94.0,94,94,0.0191,0.0106,0.001,0.0046,0.0,0.0,,0.003,0.0385
miconic-s28-1,0,True,19,111,111,333,111,306,84,0,0,,,,0,,,92.0,92,92,0.0224,0.0107,0.0011,0.0038,0.0,0.0,,0.0027,0.0409
miconic-s28-2,0,True,18,111,111,333,111,305,83,0,0,,,,0,,,93.0,93,93,0.023,0.0106,0.001,0.0038,0.0,0.0,,0.0032,0.0418
miconic-s28-3,0,True,24,111,111,333,111,305,83,0,0,,,,0,,,87.0,87,87,0.0182,0.0107,0.001,0.0034,0.0,0.0,,0.0026,0.0362
miconic-s28-4,0,True,19,111,111,333,111,306,84,0,0,,,,0,,,92.0,92,92,0.0196,0.0106,0.0011,0.0025,0.0,0.0,,0.0025,0.0366
miconic-s29-0,0,True,21,115,115,345,115,315,85,0,0,,,,0,,,94.0,94,94,0.0176,0.0118,0.0011,0.0027,0.0,0.0,,0.0029,0.0363
miconic-s29-1,0,True,24,115,115,345,115,316,86,0,0,,,,0,,,91.0,91,91,0.0175,0.0119,0.0012,0.003,0.0,0.0,,0.0028,0.0367
miconic-s29-2,0,True,20,115,115,345,115,317,87,0,0,,,,0,,,95.0,95,95,0.0165,0.0118,0.0011,0.0033,0.0,0.0,,0.0024,0.0353
miconic-s29-3,0,True,19,115,115,345,115,316,86,0,0,,,,0,,,96.0,96,96,0.042,0.0123,0.0012,0.002,0.0,0.0,,0.0027,0.0603
miconic-s29-4,0,True,16,115,115,345,115,317,87,0,0,,,,0,,,99.0,99,99,0.0179,0.0118,0.0011,0.0067,0.0,0.0,,0.0028,0.0406
miconic-s3-0,0,True,1,11,11,33,11,31,9,0,0,,,,0,,,10.0,10,10,0.0105,0.0001,0.0,0.0025,0.0,0.0,,0.0044,0.0175
miconic-s3-1,0,True,1,11,11,33,11,31,9,0,0,,,,0,,,10.0,10,10,0.0378,0.0001,0.0,0.0297,0.0,0.0,,0.0116,0.0792
miconic-s3-2,0,True,2,11,11,33,11,28,6,0,0,,,,0,,,9.0,9,9,0.0228,0.0001,0.0,0.0018,0.0,0.0,,0.0018,0.0265
miconic-s3-3,0,True,2,11,11,33,11,29,7,0,0,,,,0,,,9.0,9,9,0.0108,0.0001,0.0,0.0093,0.0,0.0,,0.0031,0.0234
miconic-s3-4,0,True,2,11,11,33,11,28,6,0,0,,,,0,,,9.0,9,9,0.0057,0.0001,0.0,0.0019,0.0,0.0,,0.0021,0.0098
miconic-s30-0,0,True,24,119,119,357,119,327,89,0,0,,,,0,,,95.0,95,95,0.0208,0.0131,0.0012,0.0032,0.0,0.0,,0.0031,0.0416
miconic-s30-1,0,True,21,119,119,357,119,327,89,0,0,,,,0,,,98.0,98,98,0.0201,0.0131,0.0012,0.0062,0.0,0.0,,0.0048,0.0456
miconic-s30-2,0,True,23,119,119,357,119,326,88,0,0,,,,0,,,96.0,96,96,0.0195,0.0132,0.0013,0.0053,0.0,0.0,,0.0035,0.0431
miconic-s30-3,0,True,19,119,119,357,119,327,89,0,0,,,,0,,,100.0,100,100,0.0182,0.0131,0.0012,0.0046,0.0,0.0,,0.0028,0.04
miconic-s30-4,0,True,20,119,119,357,119,326,88,0,0,,,,0,,,99.0,99,99,0.028,0.0131,0.0013,0.0048,0.0,0.0,,0.004,0.0514
miconic-s4-0,0,True,1,15,15,45,15,42,12,0,0,,,,0,,,14.0,14,14,0.0082,0.0001,0.0,0.003,0.0,0.0,,0.0026,0.014
miconic-s4-1,0,True,2,15,15,45,15,40,10,0,0,,,,0,,,13.0,13,13,0.0131,0.0002,0.0,0.0042,0.0,0.0,,0.0025,0.0201
miconic-s4-2,0,True,1,15,15,45,15,41,11,0,0,,,,0,,,14.0,14,14,0.007,0.0001,0.0,0.0016,0.0,0.0,,0.0021,0.0108
miconic-s4-3,0,True,1,15,15,45,15,41,11,0,0,,,,0,,,14.0,14,14,0.2311,0.0001,0.0,0.6382,0.0,0.0,,0.0023,0.8719
miconic-s4-4,0,True,0,15,15,45,15,42,12,0,0,,,,0,,,15.0,15,15,0.0048,0.0001,0.0,0.0014,0.0,0.0,,0.0018,0.0082
miconic-s5-0,0,True,2,19,19,57,19,53,15,0,0,,,,0,,,17.0,17,17,0.0094,0.0001,0.0,0.0122,0.0,0.0,,0.0039,0.0256
miconic-s5-1,0,True,3,19,19,57,19,50,12,0,0,,,,0,,,16.0,16,16,0.01,0.0001,0.0,0.0034,0.0,0.0,,0.0024,0.016
miconic-s5-2,0,True,5,19,19,57,19,50,12,0,0,,,,0,,,14.0,14,14,0.0094,0.0002,0.0,0.003,0.0,0.0,,0.0023,0.015
miconic-s5-3,0,True,2,19,19,57,19,53,15,0,0,,,,0,,,17.0,17,17,0.006,0.0001,0.0,0.0019,0.0,0.0,,0.0019,0.0099
miconic-s5-4,0,True,2,19,19,57,19,52,14,0,0,,,,0,,,17.0,17,17,0.0262,0.0001,0.0,0.0027,0.0,0.0,,0.0024,0.0314
miconic-s6-0,0,True,5,23,23,69,23,63,17,0,0,,,,0,,,18.0,18,18,0.0072,0.0002,0.0,0.0023,0.0,0.0,,0.0023,0.0121
miconic-s6-1,0,True,4,23,23,69,23,63,17,0,0,,,,0,,,19.0,19,19,0.0068,0.0002,0.0,0.0028,0.0,0.0,,0.0025,0.0123
miconic-s6-2,0,True,4,23,23,69,23,63,17,0,0,,,,0,,,19.0,19,19,0.008,0.0002,0.0,0.0093,0.0,0.0,,0.0021,0.0197
miconic-s6-3,0,True,5,23,23,69,23,62,16,0,0,,,,0,,,18.0,18,18,0.4515,0.0002,0.0,0.1282,0.0,0.0,,0.0933,0.6733
miconic-s6-4,0,True,3,23,23,69,23,63,17,0,0,,,,0,,,20.0,20,20,0.0094,0.0002,0.0,0.0039,0.0,0.0,,0.0022,0.0159
miconic-s7-0,0,True,4,27,27,81,27,75,21,0,0,,,,0,,,23.0,23,23,0.0057,0.0003,0.0001,0.0015,0.0,0.0,,0.002,0.0095
miconic-s7-1,0,True,3,27,27,81,27,75,21,0,0,,,,0,,,24.0,24,24,0.0062,0.0003,0.0001,0.0015,0.0,0.0,,0.0021,0.0102
miconic-s7-2,0,True,5,27,27,81,27,74,20,0,0,,,,0,,,22.0,22,22,0.0058,0.0003,0.0001,0.0017,0.0,0.0,,0.002,0.0098
miconic-s7-3,0,True,5,27,27,81,27,73,19,0,0,,,,0,,,22.0,22,22,0.0071,0.0003,0.0001,0.0025,0.0,0.0,,0.0022,0.0122
miconic-s7-4,0,True,2,27,27,81,27,74,20,0,0,,,,0,,,25.0,25,25,0.006,0.0003,0.0001,0.005,0.0,0.0,,0.0023,0.0137
miconic-s8-0,0,True,4,31,31,93,31,86,24,0,0,,,,0,,,27.0,27,27,0.0064,0.0004,0.0001,0.0019,0.0,0.0,,0.0019,0.0107
miconic-s8-1,0,True,5,31,31,93,31,85,23,0,0,,,,0,,,26.0,26,26,0.0073,0.0003,0.0001,0.0021,0.0,0.0,,0.0029,0.0127
miconic-s8-2,0,True,6,31,31,93,31,85,23,0,0,,,,0,,,25.0,25,25,0.0074,0.0003,0.0001,0.0033,0.0,0.0,,0.0023,0.0135
miconic-s8-3,0,True,4,31,31,93,31,84,22,0,0,,,,0,,,27.0,27,27,0.0077,0.0003,0.0001,0.0065,0.0,0.0,,0.0024,0.0169
miconic-s8-4,0,True,5,31,31,93,31,85,23,0,0,,,,0,,,26.0,26,26,0.0066,0.0003,0.0001,0.0015,0.0,0.0,,0.0024,0.011
miconic-s9-0,0,True,5,35,35,105,35,96,26,0,0,,,,0,,,30.0,30,30,0.0132,0.0005,0.0001,0.0054,0.0,0.0,,0.0026,0.0218
miconic-s9-1,0,True,6,35,35,105,35,95,25,0,0,,,,0,,,29.0,29,29,0.0066,0.0005,0.0001,0.0021,0.0,0.0,,0.0023,0.0116
miconic-s9-2,0,True,6,35,35,105,35,95,25,0,0,,,,0,,,29.0,29,29,0.0057,0.0005,0.0001,0.0014,0.0,0.0,,0.0019,0.0097
miconic-s9-3,0,True,4,35,35,105,35,96,26,0,0,,,,0,,,31.0,31,31,0.012,0.0005,0.0001,0.0029,0.0,0.0,,0.003,0.0186
miconic-s9-4,0,True,8,35,35,105,35,95,25,0,0,,,,0,,,27.0,27,27,0.0173,0.0005,0.0001,0.0044,0.0,0.0,,0.0029,0.0253
movie-prob01,0,True,0,5,7,21,7,14,0,0,0,,,,0,,,7.0,7,7,0.0361,0.0,0.0,0.0252,0.0,0.0,,0.0028,0.0642
movie-prob02,0,True,0,5,7,21,7,14,0,0,0,,,,0,,,7.0,7,7,0.0077,0.0,0.0,0.0028,0.0,0.0,,0.0025,0.0131
movie-prob03,0,True,0,5,7,21,7,14,0,0,0,,,,0,,,7.0,7,7,0.0053,0.0,0.0,0.0013,0.0,0.0,,0.0017,0.0084
movie-prob04,0,True,0,5,7,21,7,14,0,0,0,,,,0,,,7.0,7,7,0.0059,0.0,0.0,0.0017,0.0,0.0,,0.0019,0.0096
movie-prob05,0,True,0,5,7,21,7,14,0,0,0,,,,0,,,7.0,7,7,0.009,0.0001,0.0,0.0036,0.0,0.0,,0.0027,0.0155
movie-prob06,0,True,0,5,7,21,7,14,0,0,0,,,,0,,,7.0,7,7,0.0065,0.0,0.0,0.0025,0.0,0.0,,0.0025,0.0115
movie-prob07,0,True,0,5,7,21,7,14,0,0,0,,,,0,,,7.0,7,7,0.0057,0.0,0.0,0.0029,0.0,0.0,,0.0018,0.0106
movie-prob08,0,True,0,5,7,21,7,14,0,0,0,,,,0,,,7.0,7,7,0.0253,0.0001,0.0,0.0022,0.0,0.0,,0.0019,0.0295
movie-prob09,0,True,0,5,7,21,7,14,0,0,0,,,,0,,,7.0,7,7,0.0066,0.0001,0.0,0.0023,0.0,0.0,,0.0025,0.0115
movie-prob10,0,True,0,5,7,21,7,14,0,0,0,,,,0,,,7.0,7,7,0.0776,0.0001,0.0,0.0705,0.0,0.0,,0.0115,0.1598
movie-prob11,0,True,0,5,7,21,7,14,0,0,0,,,,0,,,7.0,7,7,0.0102,0.0001,0.0,0.0049,0.0,0.0,,0.0023,0.0175
movie-prob12,0,True,0,5,7,21,7,14,0,0,0,,,,0,,,7.0,7,7,0.0059,0.0001,0.0,0.0016,0.0,0.0,,0.0018,0.0094
movie-prob13,0,True,0,5,7,21,7,14,0,0,0,,,,0,,,7.0,7,7,0.0061,0.0001,0.0,0.0034,0.0,0.0,,0.0017,0.0114
movie-prob14,0,True,0,5,7,21,7,14,0,0,0,,,,0,,,7.0,7,7,0.0093,0.0001,0.0,0.0022,0.0,0.0,,0.002,0.0135
movie-prob15,0,True,0,5,7,21,7,14,0,0,0,,,,0,,,7.0,7,7,0.0154,0.0001,0.0,0.0067,0.0,0.0,,0.0027,0.0249
movie-prob16,0,True,0,5,7,21,7,14,0,0,0,,,,0,,,7.0,7,7,0.012,0.0001,0.0,0.0044,0.0,0.0,,0.0026,0.0192
movie-prob17,0,True,0,5,7,21,7,14,0,0,0,,,,0,,,7.0,7,7,0.0969,0.0001,0.0,0.0066,0.0,0.0,,0.0027,0.1063
movie-prob18,0,True,0,5,7,21,7,14,0,0,0,,,,0,,,7.0,7,7,0.0109,0.0001,0.0,0.003,0.0,0.0,,0.0018,0.0159
movie-prob19,0,True,0,5,7,21,7,14,0,0,0,,,,0,,,7.0,7,7,0.0287,0.0001,0.0,0.0039,0.0,0.0,,0.0024,0.0351
movie-prob20,0,True,0,5,7,21,7,14,0,0,0,,,,0,,,7.0,7,7,0.0066,0.0001,0.0,0.0019,0.0,0.0,,0.0018,0.0104
movie-prob21,0,True,0,5,7,21,7,14,0,0,0,,,,0,,,7.0,7,7,0.0068,0.0001,0.0,0.0027,0.0,0.0,,0.0022,0.012
movie-prob22,0,True,0,5,7,21,7,14,0,0,0,,,,0,,,7.0,7,7,0.006,0.0001,0.0,0.0013,0.0,0.0,,0.0018,0.0091
movie-prob23,0,True,0,5,7,21,7,14,0,0,0,,,,0,,,7.0,7,7,0.0065,0.0001,0.0,0.0055,0.0,0.0,,0.0019,0.0141
movie-prob24,0,True,0,5,7,21,7,14,0,0,0,,,,0,,,7.0,7,7,0.0069,0.0001,0.0,0.0021,0.0,0.0,,0.0021,0.0111
movie-prob25,0,True,0,5,7,21,7,14,0,0,0,,,,0,,,7.0,7,7,0.0123,0.0001,0.0,0.0026,0.0,0.0,,0.0025,0.0175
movie-prob26,0,True,0,5,7,21,7,14,0,0,0,,,,0,,,7.0,7,7,0.0059,0.0001,0.0,0.0013,0.0,0.0,,0.0017,0.009
movie-prob27,0,True,0,5,7,21,7,14,0,0,0,,,,0,,,7.0,7,7,0.006,0.0001,0.0,0.0029,0.0,0.0,,0.0024,0.0114
movie-prob28,0,True,0,5,7,21,7,14,0,0,0,,,,0,,,7.0,7,7,0.0268,0.0001,0.0,0.002,0.0,0.0,,0.0018,0.0308
movie-prob29,0,True,0,5,7,21,7,14,0,0,0,,,,0,,,7.0,7,7,1.125,0.0001,0.0,0.0185,0.0,0.0,,0.0035,1.1473
movie-prob30,0,True,0,5,7,21,7,14,0,0,0,,,,0,,,7.0,7,7,0.0056,0.0001,0.0,0.0013,0.0,0.0,,0.0018,0.0089
mprime-prob01,0,True,58,262,509,833,62,982,719,0,0,,,,0,,,5.0,5,5,0.0107,0.0029,0.0002,0.0032,0.0,0.0,,0.0419,0.059
mprime-prob02,0,True,262,1900,3671,5835,264,7348,7494,0,0,,,,0,,,7.0,7,7,0.0279,0.0384,0.002,0.0103,0.0,0.0,,0.5623,0.6412
mprime-prob03,0,True,203,1310,2378,3892,204,5116,4425,0,0,,,,0,,,4.0,4,4,0.0201,0.0221,0.0008,0.0059,0.0,0.0,,0.1464,0.1955
mprime-prob04,0,True,45,307,611,971,52,1062,780,0,0,,,,0,,,7.0,8,7,0.0156,0.0033,0.0003,0.0053,0.0,0.0,,0.054,0.0786
mprime-prob05,0,True,227,1441,2767,4437,229,5687,5721,0,0,,,,170,,,8.0,9,8,0.026,0.0251,0.0016,0.0064,0.0,0.0,,0.7216,0.7809
mprime-prob06,2,True,604,9282,17565,27453,606,35014,36385,0,0,,,,50058,,,8.003,11,11,0.1727,0.4839,0.0279,0.047,0.0,0.0,,899.3588,900.0935
mprime-prob07,0,True,313,993,1537,2844,314,4388,3013,0,0,,,,0,,,5.0,5,5,0.0422,0.017,0.0012,0.0083,0.0,0.0,,0.1554,0.2243
mprime-prob08,0,True,381,3609,6898,10889,382,13989,13847,0,0,,,,25,,,5.0,6,5,0.0623,0.1137,0.0052,0.0178,0.0,0.0,,1.9027,2.1023
mprime-prob09,0,True,192,1199,2297,3690,194,4667,4702,0,0,,,,0,,,8.0,8,8,0.0201,0.02,0.0013,0.0079,0.0,0.0,,0.3113,0.3608
mprime-prob10,0,True,1336,22461,42785,66583,1337,86844,97040,0,0,,,,9800,,,7.0,8,7,0.5863,2.3475,0.0419,0.1877,0.0,0.0,,380.9086,384.0785
mprime-prob11,0,True,106,366,675,1154,113,1367,953,0,0,,,,0,,,7.0,7,7,0.0148,0.0064,0.0005,0.0037,0.0,0.0,,0.0386,0.0641
mprime-prob12,0,True,116,682,1336,2135,117,2633,2133,0,0,,,,0,,,5.0,5,5,0.0303,0.0109,0.0005,0.0048,0.0,0.0,,0.1338,0.1805
mprime-prob13,0,True,1520,23996,45010,70528,1522,93037,106760,0,0,,,,3595,,,11.0,12,11,0.6023,2.6076,0.1682,0.2512,0.0,0.0,,107.1838,110.8168
mprime-prob14,0,True,1586,30314,57079,88981,1588,116508,132401,0,0,,,,4736,,,9.0,9,9,0.8069,4.1031,0.087,0.3171,0.0,0.0,,185.1039,190.4232
mprime-prob15,0,True,729,14739,28431,43900,730,55606,57688,0,0,,,,401,,,6.0,6,6,0.3264,1.2991,0.021,0.0798,0.0,0.0,,16.9668,18.6962
mprime-prob16,0,True,297,2910,5591,8800,299,11233,11444,0,0,,,,0,,,5.0,5,5,0.042,0.0827,0.0036,0.0133,0.0,0.0,,0.4418,0.5838
mprime-prob17,0,True,721,11447,21370,33539,722,43315,47828,0,0,,,,0,,,4.0,4,4,0.6336,0.5932,0.0095,0.4488,0.0,0.0,,2.1762,3.864
mprime-prob18,2,True,573,9429,18224,28227,574,35374,34982,0,0,,,,48153,,,6.0,14,14,0.205,0.6341,0.0489,0.0461,0.0,0.0,,899.1459,900.0822
mprime-prob19,0,True,518,6506,12364,19389,519,25217,27118,0,0,,,,33,,,5.0,5,5,0.1089,0.3081,0.0067,0.0322,0.0,0.0,,1.6425,2.0995
mprime-prob20,0,True,529,13079,26055,39664,530,48676,46298,0,0,,,,4251,,,7.0,7,7,0.2602,0.8809,0.0374,0.0602,0.0,0.0,,54.3264,55.5681
mprime-prob21,0,True,685,7643,14484,22813,686,29895,33072,0,0,,,,0,,,4.0,4,4,0.1287,0.3531,0.0078,0.0441,0.0,0.0,,1.436,1.9715
mprime-prob22,2,True,1120,22024,42862,66007,1121,85330,93093,0,0,,,,11288,,,4.006,9,9,0.5184,2.0969,0.0509,0.1594,0.0,0.0,,897.2492,900.0812
mprime-prob23,0,True,641,8651,16978,26271,642,33480,35027,0,0,,,,5320,,,8.0,8,8,0.1592,0.5067,0.0176,0.0498,0.0,0.0,,39.0376,39.7735
mprime-prob24,0,True,814,8851,17165,26831,815,34065,35138,0,0,,,,238,,,6.0,7,6,0.4609,0.7527,0.0233,0.054,0.0,0.0,,8.8801,10.1747
mprime-prob25,0,True,41,149,292,483,42,574,434,0,0,,,,0,,,4.0,4,4,0.0081,0.001,0.0001,0.0025,0.0,0.0,,0.0239,0.0356
mprime-prob26,0,True,193,1673,3280,5147,194,6325,5884,0,0,,,,224,,,6.0,6,6,0.0318,0.036,0.0018,0.014,0.0,0.0,,1.5106,1.5945
mprime-prob27,0,True,163,2019,3999,6183,165,7613,7031,0,0,,,,0,,,5.0,5,5,0.0362,0.042,0.0017,0.009,0.0,0.0,,0.2081,0.2972
mprime-prob28,0,True,68,287,546,909,76,1129,892,0,0,,,,0,,,7.0,8,7,0.0125,0.0035,0.0002,0.0044,0.0,0.0,,0.0494,0.0702
mprime-prob29,0,True,182,1503,2850,4536,183,5609,5340,0,0,,,,0,,,4.0,4,4,0.026,0.0294,0.0012,0.0107,0.0,0.0,,0.1701,0.2376
mprime-prob30,0,True,348,7304,14354,22008,350,27235,26164,0,0,,,,171,,,8.0,8,8,0.2177,0.3229,0.0161,0.0366,0.0,0.0,,5.2882,5.8834
mprime-prob31,0,True,305,2896,5522,8724,306,11463,12166,0,0,,,,0,,,4.0,4,4,0.0558,0.0658,0.0016,0.0136,0.0,0.0,,0.444,0.5809
mprime-prob32,0,True,186,858,1592,2637,187,3407,3497,0,0,,,,0,,,5.0,5,5,0.0174,0.0114,0.0006,0.0048,0.0,0.0,,0.1748,0.2092
mprime-prob33,0,True,818,8438,16358,25616,820,33166,35945,0,0,,,,2742,,,8.0,8,8,0.167,0.4891,0.0122,0.0548,0.0,0.0,,30.6875,31.4132
mprime-prob34,0,True,329,2977,5458,8765,330,11351,12453,0,0,,,,0,,,4.0,4,4,0.0374,0.0579,0.0017,0.0152,0.0,0.0,,0.3813,0.4938
mprime-prob35,0,True,79,370,710,1160,80,1431,1172,0,0,,,,0,,,4.0,4,4,0.0098,0.0039,0.0002,0.0049,0.0,0.0,,0.062,0.081
mystery-prob01,0,True,36,49,81,171,41,225,129,0,0,,,,0,,,5.0,5,5,0.0069,0.0004,0.0001,0.0027,0.0,0.0,,0.008,0.0181
mystery-prob02,0,True,248,1740,3351,5341,250,6823,7060,0,0,,,,0,,,7.0,7,7,0.0865,0.0317,0.0017,0.0158,0.0,0.0,,0.4993,0.6351
mystery-prob03,0,True,174,959,1668,2802,175,3952,3552,0,0,,,,0,,,4.0,4,4,0.0197,0.0106,0.0004,0.0081,0.0,0.0,,0.1141,0.153
mystery-prob04,0,True,15,47,91,164,25,184,139,0,0,,,,0,,,7.0,8,7,0.0124,0.0004,0.0001,0.0077,0.0,0.0,,0.012,0.0326
mystery-prob05,0,True,182,1007,1902,3096,187,4011,4090,0,0,,,,0,,,8.0,8,8,0.0328,0.0127,0.0008,0.0071,0.0,0.0,,0.1243,0.1779
mystery-prob06,0,True,463,5568,10140,16173,465,21697,24045,0,0,,,,28912,,,11.0,11,11,0.0684,0.1624,0.0059,0.0276,0.0,0.0,,162.2172,162.4822
mystery-prob07,1,True,0,0,0,0,0,0,0,0,0,,,,0,,,1e+20,1e+20,1e+20,0.0146,0.0,0.0,0.0,0.0,0.0,,0.0,0.0146
mystery-prob08,0,True,211,1471,2671,4356,214,5939,6270,0,0,,,,0,,,5.0,6,5,0.0273,0.0223,0.0008,0.0073,0.0,0.0,,0.2924,0.3504
mystery-prob09,0,True,170,996,1887,3055,172,3918,4067,0,0,,,,0,,,8.0,8,8,0.0172,0.0138,0.0008,0.0054,0.0,0.0,,0.2367,0.2741
mystery-prob10,0,True,1211,17887,34288,53387,1212,70443,79580,0,0,,,,193,,,7.0,8,7,0.4467,1.6222,0.0168,0.1458,0.0,0.0,,14.4042,16.6402
mystery-prob11,0,True,78,105,153,344,86,479,300,0,0,,,,0,,,7.0,7,7,0.0107,0.0013,0.0001,0.0033,0.0,0.0,,0.0107,0.0261
mystery-prob12,0,True,67,249,461,778,68,1019,835,0,0,,,,0,,,5.0,5,5,0.0078,0.0018,0.0001,0.0035,0.0,0.0,,0.0548,0.068
mystery-prob13,0,True,1281,9231,16892,27409,1286,36421,40825,0,0,,,,38,,,11.0,12,11,0.2284,0.6864,0.0261,0.0808,0.0,0.0,,4.3309,5.3547
mystery-prob14,0,True,1449,25249,46931,73633,1453,97783,113537,0,0,,,,155,,,9.0,9,9,0.5932,2.7013,0.0464,0.2549,0.0,0.0,,14.5102,18.1098
mystery-prob15,0,True,611,9343,17611,27566,612,36189,40596,0,0,,,,626,,,6.0,6,6,0.1198,0.4312,0.0055,0.0482,0.0,0.0,,11.1234,11.7298
mystery-prob16,0,True,190,1012,1892,3102,197,4077,4197,0,0,,,,0,,,5.0,5,5,0.021,0.0158,0.0004,0.0089,0.0,0.0,,0.1705,0.2169
mystery-prob17,0,True,639,8735,16250,25625,640,33839,38193,0,0,,,,0,,,4.0,4,4,0.1636,0.3812,0.0043,0.0467,0.0,0.0,,1.5207,2.1182
mystery-prob18,1,True,0,0,0,0,0,0,0,0,0,,,,0,,,1e+20,1e+20,1e+20,0.0059,0.0,0.0,0.0,0.0,0.0,,0.0,0.0059
mystery-prob19,0,True,394,3412,6259,10066,395,13361,14689,0,0,,,,0,,,5.0,5,5,0.0446,0.0859,0.0021,0.0173,0.0,0.0,,0.8581,1.0082
mystery-prob20,0,True,395,3972,7941,12309,396,15628,15817,0,0,,,,2389,,,7.0,7,7,0.048,0.1259,0.0025,0.0174,0.0,0.0,,10.5306,10.7248
mystery-prob21,0,True,545,2102,4062,6710,546,8752,8798,0,0,,,,0,,,4.0,4,4,0.054,0.0829,0.0014,0.021,0.0,0.0,,0.2915,0.4513
mystery-prob22,0,True,828,9300,17986,28117,831,36926,40141,0,0,,,,718,,,10.0,10,10,0.1683,0.5787,0.013,0.0594,0.0,0.0,,12.2403,13.0619
mystery-prob23,0,True,517,3609,7080,11210,521,14699,15516,0,0,,,,161,,,11.0,11,11,0.0637,0.1347,0.0053,0.0204,0.0,0.0,,1.9672,2.1918
mystery-prob24,0,True,636,777,1220,2649,652,3683,2608,0,0,,,,0,,,10.0,11,10,0.0557,0.0633,0.0025,0.0319,0.0,0.0,,0.0545,0.2085
mystery-prob25,0,True,28,80,154,263,29,329,258,0,0,,,,0,,,4.0,4,4,0.0063,0.0004,0.0,0.0022,0.0,0.0,,0.015,0.0239
mystery-prob26,0,True,133,758,1446,2338,134,3028,2994,0,0,,,,92,,,6.0,6,6,0.0397,0.0092,0.0005,0.0068,0.0,0.0,,0.4199,0.4762
mystery-prob27,0,True,124,666,1293,2085,126,2584,2493,0,0,,,,0,,,5.0,5,5,0.0272,0.0068,0.0003,0.0052,0.0,0.0,,0.0886,0.1283
mystery-prob28,0,True,51,75,122,257,60,344,224,0,0,,,,0,,,7.0,8,7,0.0061,0.0007,0.0001,0.0018,0.0,0.0,,0.0094,0.0181
mystery-prob29,0,True,147,681,1208,2037,148,2653,2756,0,0,,,,0,,,4.0,4,4,0.1091,0.0067,0.0003,0.0992,0.0,0.0,,0.1121,0.3275
mystery-prob30,0,True,274,2422,4583,7281,276,9244,9849,0,0,,,,87,,,8.0,8,8,0.0268,0.0482,0.002,0.0154,0.0,0.0,,1.4438,1.5365
nomystery-opt11-strips-p01,0,True,33,170,316,531,42,639,483,0,0,,,,0,,,9.0,9,9,0.0349,0.0009,0.0001,0.0475,0.0,0.0,,0.0353,0.1188
nomystery-opt11-strips-p02,0,True,93,816,1574,2498,104,2767,2866,0,0,,,,0,,,11.0,11,11,0.0104,0.006,0.0012,0.004,0.0,0.0,,0.1384,0.16
nomystery-opt11-strips-p03,0,True,55,503,993,1569,68,1811,1650,0,0,,,,0,,,13.0,13,13,0.0091,0.0032,0.0007,0.0048,0.0,0.0,,0.0752,0.0931
nomystery-opt11-strips-p04,0,True,92,1284,2549,3947,108,4270,4597,0,0,,,,0,,,16.0,16,16,0.0263,0.0091,0.0034,0.0117,0.0,0.0,,0.2242,0.2749
nomystery-opt11-strips-p05,0,True,169,2884,5758,8838,189,9396,10268,0,0,,,,0,,,20.0,20,20,0.0261,0.0295,0.016,0.0161,0.0,0.0,,0.4722,0.5601
nomystery-opt11-strips-p06,0,True,232,4595,9050,13908,255,14883,17447,0,0,,,,0,,,23.0,23,23,0.0566,0.0628,0.0262,0.0186,0.0,0.0,,0.9629,1.1273
nomystery-opt11-strips-p07,0,True,195,4204,8225,12661,223,13874,16395,0,0,,,,0,,,27.0,27,27,0.2712,0.0513,0.0272,0.0179,0.0,0.0,,0.8142,1.1821
nomystery-opt11-strips-p08,0,True,225,5925,11849,18038,254,18379,22782,0,0,,,,0,,,29.0,29,29,0.0446,0.0741,0.0552,0.0244,0.0,0.0,,1.2647,1.4634
nomystery-opt11-strips-p09,0,True,252,7590,15178,23061,282,23918,29316,0,0,,,,0,,,31.0,31,31,0.0538,0.1067,0.0944,0.0307,0.0,0.0,,1.7724,2.0586
nomystery-opt11-strips-p10,0,True,180,5997,11994,18216,213,18574,23232,0,0,,,,0,,,33.0,33,33,0.0632,0.0671,0.1274,0.0221,0.0,0.0,,1.0565,1.3366
nomystery-opt11-strips-p11,0,True,23,96,175,306,32,376,251,0,0,,,,0,,,9.0,9,9,0.0197,0.0005,0.0001,0.0048,0.0,0.0,,0.0142,0.0393
nomystery-opt11-strips-p12,0,True,65,485,913,1478,76,1686,1654,0,0,,,,0,,,11.0,11,11,0.0083,0.0033,0.0006,0.0036,0.0,0.0,,0.0714,0.0873
nomystery-opt11-strips-p13,0,True,39,295,577,929,52,1091,946,0,0,,,,0,,,13.0,13,13,0.0107,0.0017,0.0003,0.0052,0.0,0.0,,0.0477,0.0656
nomystery-opt11-strips-p14,0,True,65,825,1631,2543,81,2785,2923,0,0,,,,0,,,16.0,16,16,0.0109,0.0052,0.0017,0.0041,0.0,0.0,,0.1811,0.2031
nomystery-opt11-strips-p15,0,True,121,1972,3934,6054,141,6468,7004,0,0,,,,0,,,20.0,20,20,0.0185,0.0168,0.009,0.0103,0.0,0.0,,0.3104,0.3652
nomystery-opt11-strips-p16,0,True,168,3215,6312,9726,191,10439,12183,0,0,,,,0,,,23.0,23,23,0.0254,0.0356,0.0156,0.0131,0.0,0.0,,0.5366,0.6265
nomystery-opt11-strips-p17,0,True,142,2985,5840,9004,170,9899,11625,0,0,,,,0,,,27.0,27,27,0.0313,0.0297,0.0285,0.012,0.0,0.0,,0.5868,0.6885
nomystery-opt11-strips-p18,0,True,165,4245,8489,12938,194,13219,16302,0,0,,,,0,,,29.0,29,29,0.0292,0.044,0.0411,0.017,0.0,0.0,,0.7369,0.8686
nomystery-opt11-strips-p19,0,True,184,5414,10826,16465,214,17118,20884,0,0,,,,0,,,31.0,31,31,0.0411,0.0627,0.0609,0.0203,0.0,0.0,,1.1046,1.2899
nomystery-opt11-strips-p20,0,True,132,4269,8538,12984,165,13294,16512,0,0,,,,0,,,33.0,33,33,0.4729,0.0406,0.0767,0.4265,0.0,0.0,,0.7814,1.7984
nomystery-sat11-strips-p01,0,True,78,816,1619,2535,94,2898,2709,0,0,,,,0,,,16.0,16,16,0.0291,0.0063,0.0019,0.0048,0.0,0.0,,0.1421,0.1844
nomystery-sat11-strips-p02,0,True,92,1285,2551,3953,110,4277,4600,0,0,,,,0,,,18.0,18,18,0.036,0.0091,0.0035,0.0108,0.0,0.0,,0.2228,0.2824
nomystery-sat11-strips-p03,0,True,169,2885,5760,8844,191,9403,10271,0,0,,,,0,,,22.0,22,22,0.0248,0.0303,0.0179,0.0107,0.0,0.0,,0.4691,0.5531
nomystery-sat11-strips-p04,0,True,232,4596,9052,13914,257,14890,17450,0,0,,,,0,,,25.0,25,25,0.0463,0.0637,0.0286,0.0186,0.0,0.0,,0.9594,1.1169
nomystery-sat11-strips-p05,0,True,221,4803,9397,14461,251,15830,18737,0,0,,,,0,,,29.0,29,29,0.0423,0.0656,0.0344,0.0317,0.0,0.0,,0.9211,1.0954
nomystery-sat11-strips-p06,0,True,225,5926,11851,18044,256,18386,22785,0,0,,,,0,,,31.0,31,31,0.0474,0.0752,0.0603,0.0239,0.0,0.0,,1.26,1.4672
nomystery-sat11-strips-p07,0,True,251,7591,15180,23067,284,23925,29319,0,0,,,,0,,,33.0,33,33,0.0578,0.108,0.1218,0.0314,0.0,0.0,,1.6851,2.0048
nomystery-sat11-strips-p08,0,True,180,5998,11996,18222,215,18581,23235,0,0,,,,0,,,35.0,35,35,0.061,0.0687,0.1167,0.023,0.0,0.0,,1.0678,1.3376
nomystery-sat11-strips-p09,0,True,306,10889,21777,33026,346,33729,41669,0,0,,,,0,,,40.0,41,40,0.0859,0.1799,0.3071,0.0473,0.0,0.0,,32.1087,32.7298
nomystery-sat11-strips-p10,0,True,242,8178,16126,24603,284,26153,31939,0,0,,,,0,,,41.0,41,41,0.0934,0.1321,0.1241,0.0344,0.0,0.0,,1.8639,2.2486
nomystery-sat11-strips-p11,0,True,55,517,1021,1615,71,1863,1697,0,0,,,,0,,,16.0,16,16,0.0089,0.0035,0.0007,0.0043,0.0,0.0,,0.0792,0.0966
nomystery-sat11-strips-p12,0,True,65,826,1633,2549,83,2792,2926,0,0,,,,0,,,18.0,18,18,0.0095,0.0053,0.0018,0.0037,0.0,0.0,,0.1795,0.1999
nomystery-sat11-strips-p13,0,True,121,1973,3936,6060,143,6475,7007,0,0,,,,0,,,22.0,22,22,0.0344,0.0171,0.0104,0.0081,0.0,0.0,,0.314,0.3843
nomystery-sat11-strips-p14,0,True,168,3216,6314,9732,193,10446,12186,0,0,,,,0,,,25.0,25,25,0.026,0.036,0.0171,0.034,0.0,0.0,,0.5358,0.6493
nomystery-sat11-strips-p15,0,True,161,3423,6697,10321,191,11330,13337,0,0,,,,0,,,29.0,29,29,0.031,0.0375,0.0207,0.0131,0.0,0.0,,0.702,0.8047
nomystery-sat11-strips-p16,0,True,165,4246,8491,12944,196,13226,16305,0,0,,,,0,,,31.0,31,31,0.0309,0.0441,0.045,0.0167,0.0,0.0,,0.7418,0.8788
nomystery-sat11-strips-p17,0,True,183,5415,10828,16471,216,17125,20887,0,0,,,,0,,,33.0,33,33,0.0647,0.0636,0.0785,0.0262,0.0,0.0,,0.9989,1.2323
nomystery-sat11-strips-p18,0,True,132,4270,8540,12990,167,13301,16515,0,0,,,,0,,,35.0,35,35,0.0475,0.0435,0.0798,0.015,0.0,0.0,,0.6941,0.8803
nomystery-sat11-strips-p19,0,True,224,7855,15709,23842,264,24381,30025,0,0,,,,0,,,40.0,41,40,0.0628,0.1072,0.1997,0.0326,0.0,0.0,,8.5338,8.9368
nomystery-sat11-strips-p20,0,True,178,5874,11582,17691,220,18857,22915,0,0,,,,0,,,41.0,41,41,0.0483,0.0803,0.0783,0.0214,0.0,0.0,,1.101,1.3297
openstacks-opt08-strips-p01,0,False,4,35,55,110,20,163,152,0,0,,,,0,,,1.0,1,1,0.0097,0.0001,0.0,0.0026,0.0,0.0,,0.0055,0.018
openstacks-opt08-strips-p02,0,False,5,48,78,150,24,223,208,0,0,,,,0,,,1.0,1,1,0.0342,0.0002,0.0,0.0048,0.0,0.0,,0.0048,0.0441
openstacks-opt08-strips-p03,0,False,6,63,105,196,28,295,285,0,0,,,,0,,,1.0,1,1,0.0067,0.0002,0.0,0.0029,0.0,0.0,,0.0047,0.0145
openstacks-opt08-strips-p04,0,False,7,80,136,248,32,379,389,0,0,,,,0,,,1.0,1,1,0.0059,0.0003,0.0,0.0017,0.0,0.0,,0.0051,0.0131
openstacks-opt08-strips-p05,0,False,8,99,171,306,36,477,543,0,0,,,,0,,,1.0,1,1,0.0121,0.0004,0.0001,0.1054,0.0,0.0,,0.0833,0.2013
openstacks-opt08-strips-p06,0,False,9,120,210,370,40,579,664,0,0,,,,0,,,1.0,1,1,0.0102,0.0005,0.0001,0.0025,0.0,0.0,,0.0079,0.0211
openstacks-opt08-strips-p07,0,False,10,143,253,440,44,693,818,0,0,,,,0,,,1.0,1,1,0.0161,0.0006,0.0001,0.0061,0.0,0.0,,0.0087,0.0316
openstacks-opt08-strips-p08,0,False,11,168,300,516,48,819,1011,0,0,,,,0,,,1.0,1,1,0.0255,0.0007,0.0001,0.0026,0.0,0.0,,0.0097,0.0387
openstacks-opt08-strips-p09,0,False,12,195,351,598,52,949,1149,0,0,,,,0,,,1.0,1,1,0.0069,0.0009,0.0001,0.0033,0.0,0.0,,0.0116,0.0229
openstacks-opt08-strips-p10,0,False,13,224,406,686,56,1095,1376,0,0,,,,0,,,1.0,1,1,0.0937,0.0011,0.0001,0.0054,0.0,0.0,,0.0128,0.1132
openstacks-opt08-strips-p11,0,False,14,255,465,780,60,1247,1565,0,0,,,,0,,,1.0,1,1,0.0265,0.0013,0.0001,0.0032,0.0,0.0,,0.0141,0.0452
openstacks-opt08-strips-p12,0,False,15,288,528,880,64,1409,1766,0,0,,,,0,,,1.0,1,1,0.008,0.0015,0.0001,0.0034,0.0,0.0,,0.0158,0.0289
openstacks-opt08-strips-p13,0,False,16,323,595,986,68,1581,1979,0,0,,,,0,,,1.0,1,1,0.0301,0.0018,0.0001,0.0065,0.0,0.0,,0.017,0.0556
openstacks-opt08-strips-p14,0,False,17,360,666,1098,72,1769,2309,0,0,,,,0,,,1.0,1,1,0.0115,0.002,0.0001,0.0034,0.0,0.0,,0.0194,0.0366
openstacks-opt08-strips-p15,0,False,18,399,741,1216,76,1957,2478,0,0,,,,0,,,1.0,1,1,0.0117,0.0023,0.0001,0.004,0.0,0.0,,0.0212,0.0395
openstacks-opt08-strips-p16,0,False,19,440,820,1340,80,2167,2885,0,0,,,,0,,,1.0,1,1,0.0085,0.0027,0.0002,0.0037,0.0,0.0,,0.0233,0.0385
openstacks-opt08-strips-p17,0,False,20,483,903,1470,84,2379,3156,0,0,,,,0,,,1.0,1,1,0.0122,0.003,0.0002,0.0053,0.0,0.0,,0.0262,0.0469
openstacks-opt08-strips-p18,0,False,21,528,990,1606,88,2605,3525,0,0,,,,0,,,1.0,1,1,0.0504,0.0034,0.0002,0.0241,0.0,0.0,,0.028,0.1061
openstacks-opt08-strips-p19,0,False,22,575,1081,1748,92,2835,3779,0,0,,,,0,,,1.0,1,1,0.0361,0.004,0.0002,0.0039,0.0,0.0,,0.0297,0.074
openstacks-opt08-strips-p20,0,False,23,624,1176,1896,96,3077,4088,0,0,,,,0,,,1.0,1,1,0.0098,0.0044,0.0002,0.004,0.0,0.0,,0.0302,0.0487
openstacks-opt08-strips-p21,0,False,24,675,1275,2050,100,3327,4360,0,0,,,,0,,,1.0,1,1,0.0135,0.0048,0.0002,0.0059,0.0,0.0,,0.0328,0.0574
openstacks-opt08-strips-p22,0,False,25,728,1378,2210,104,3613,5303,0,0,,,,0,,,1.0,1,1,0.0268,0.0053,0.0003,0.0066,0.0,0.0,,0.037,0.0761
openstacks-opt08-strips-p23,0,False,26,783,1485,2376,108,3873,5352,0,0,,,,0,,,1.0,1,1,0.0195,0.0059,0.0003,0.0071,0.0,0.0,,0.039,0.0719
openstacks-opt08-strips-p24,0,False,27,840,1596,2548,112,4153,5664,0,0,,,,0,,,1.0,1,1,0.0155,0.0065,0.0003,0.0063,0.0,0.0,,0.0399,0.0687
openstacks-opt08-strips-p25,0,False,28,899,1711,2726,116,4455,6326,0,0,,,,0,,,1.0,1,1,0.0183,0.0072,0.0003,0.0113,0.0,0.0,,0.0452,0.0824
openstacks-opt08-strips-p26,0,False,29,960,1830,2910,120,4749,6489,0,0,,,,0,,,1.0,1,1,0.0136,0.0078,0.0003,0.0053,0.0,0.0,,0.0463,0.0734
openstacks-opt08-strips-p27,0,False,30,1023,1953,3100,124,5081,7502,0,0,,,,0,,,1.0,1,1,0.0154,0.0084,0.0004,0.0089,0.0,0.0,,0.0546,0.0878
openstacks-opt08-strips-p28,0,False,31,1088,2080,3296,128,5389,7496,0,0,,,,0,,,1.0,1,1,0.0211,0.0092,0.0004,0.0126,0.0,0.0,,0.0537,0.0971
openstacks-opt08-strips-p29,0,False,32,1155,2211,3498,132,5737,8449,0,0,,,,0,,,1.0,1,1,0.4689,0.0101,0.0005,0.1182,0.0,0.0,,0.1244,0.7222
openstacks-opt08-strips-p30,0,False,33,1224,2346,3706,136,6065,8441,0,0,,,,0,,,1.0,1,1,0.016,0.0109,0.0005,0.0108,0.0,0.0,,0.0593,0.0976
openstacks-opt11-strips-p01,0,False,9,120,210,370,40,579,664,0,0,,,,0,,,1.0,1,1,0.0306,0.0005,0.0001,0.0043,0.0,0.0,,0.0072,0.0426
openstacks-opt11-strips-p02,0,False,10,143,253,440,44,693,818,0,0,,,,0,,,1.0,1,1,0.0329,0.0006,0.0001,0.0033,0.0,0.0,,0.0083,0.0453
openstacks-opt11-strips-p03,0,False,11,168,300,516,48,819,1011,0,0,,,,0,,,1.0,1,1,0.0082,0.0008,0.0001,0.0065,0.0,0.0,,0.0112,0.0268
openstacks-opt11-strips-p04,0,False,12,195,351,598,52,949,1149,0,0,,,,0,,,1.0,1,1,0.0259,0.0009,0.0001,0.0161,0.0,0.0,,0.0139,0.057
openstacks-opt11-strips-p05,0,False,13,224,406,686,56,1095,1376,0,0,,,,0,,,1.0,1,1,0.0072,0.0011,0.0001,0.0052,0.0,0.0,,0.0128,0.0265
openstacks-opt11-strips-p06,0,False,14,255,465,780,60,1247,1565,0,0,,,,0,,,1.0,1,1,0.01,0.0013,0.0001,0.0025,0.0,0.0,,0.0138,0.0278
openstacks-opt11-strips-p07,0,False,15,288,528,880,64,1409,1766,0,0,,,,0,,,1.0,1,1,0.0113,0.0015,0.0001,0.003,0.0,0.0,,0.0165,0.0324
openstacks-opt11-strips-p08,0,False,16,323,595,986,68,1581,1979,0,0,,,,0,,,1.0,1,1,0.0096,0.0017,0.0001,0.0065,0.0,0.0,,0.0175,0.0356
openstacks-opt11-strips-p09,0,False,17,360,666,1098,72,1769,2309,0,0,,,,0,,,1.0,1,1,0.0293,0.002,0.0001,0.0058,0.0,0.0,,0.0206,0.058
openstacks-opt11-strips-p10,0,False,25,728,1378,2210,104,3613,5303,0,0,,,,0,,,1.0,1,1,0.0105,0.0054,0.0003,0.0048,0.0,0.0,,0.0365,0.0575
openstacks-opt11-strips-p11,0,False,18,399,741,1216,76,1957,2478,0,0,,,,0,,,1.0,1,1,0.0312,0.0023,0.0001,0.0038,0.0,0.0,,0.0211,0.0586
openstacks-opt11-strips-p12,0,False,19,440,820,1340,80,2167,2885,0,0,,,,0,,,1.0,1,1,0.0123,0.0026,0.0002,0.0041,0.0,0.0,,0.0238,0.0431
openstacks-opt11-strips-p13,0,False,20,483,903,1470,84,2379,3156,0,0,,,,0,,,1.0,1,1,0.0126,0.003,0.0002,0.0053,0.0,0.0,,0.0259,0.0469
openstacks-opt11-strips-p14,0,False,21,528,990,1606,88,2605,3525,0,0,,,,0,,,1.0,1,1,0.0134,0.0034,0.0002,0.0084,0.0,0.0,,0.0285,0.054
openstacks-opt11-strips-p15,0,False,22,575,1081,1748,92,2835,3779,0,0,,,,0,,,1.0,1,1,0.022,0.0039,0.0002,0.005,0.0,0.0,,0.0296,0.0608
openstacks-opt11-strips-p16,0,False,24,675,1275,2050,100,3327,4360,0,0,,,,0,,,1.0,1,1,0.0713,0.0048,0.0002,0.1189,0.0,0.0,,0.061,0.2563
openstacks-opt11-strips-p17,0,False,23,624,1176,1896,96,3077,4088,0,0,,,,0,,,1.0,1,1,0.0407,0.0043,0.0002,0.0057,0.0,0.0,,0.0305,0.0815
openstacks-opt11-strips-p18,0,False,26,783,1485,2376,108,3873,5352,0,0,,,,0,,,1.0,1,1,0.0187,0.0059,0.0003,0.0065,0.0,0.0,,0.0387,0.0702
openstacks-opt11-strips-p19,0,False,27,840,1596,2548,112,4153,5664,0,0,,,,0,,,1.0,1,1,0.0136,0.0064,0.0003,0.0052,0.0,0.0,,0.04,0.0657
openstacks-opt11-strips-p20,0,False,28,899,1711,2726,116,4455,6326,0,0,,,,0,,,1.0,1,1,0.0194,0.0071,0.0003,0.007,0.0,0.0,,0.0445,0.0784
openstacks-opt14-strips-p20_1,0,False,19,440,820,1340,80,2155,2651,0,0,,,,0,,,1.0,1,1,0.011,0.0026,0.0002,0.0072,0.0,0.0,,0.0227,0.0438
openstacks-opt14-strips-p20_2,0,False,19,440,820,1340,80,2163,2807,0,0,,,,0,,,1.0,1,1,0.0723,0.0027,0.0002,0.0098,0.0,0.0,,0.0248,0.1098
openstacks-opt14-strips-p20_3,0,False,19,440,820,1340,80,2209,3704,0,0,,,,0,,,1.0,1,1,0.0215,0.0027,0.0002,0.0104,0.0,0.0,,0.0267,0.0615
openstacks-opt14-strips-p25_1,0,False,24,675,1275,2050,100,3323,4262,0,0,,,,0,,,1.0,1,1,0.0105,0.0048,0.0002,0.0045,0.0,0.0,,0.0325,0.0526
openstacks-opt14-strips-p25_3,0,False,24,675,1275,2050,100,3403,6222,0,0,,,,0,,,1.0,1,1,0.0125,0.0049,0.0003,0.0051,0.0,0.0,,0.0368,0.0597
openstacks-opt14-strips-p30_1,0,False,29,960,1830,2910,120,4733,6017,0,0,,,,0,,,1.0,1,1,0.0171,0.0077,0.0003,0.0065,0.0,0.0,,0.0451,0.0768
openstacks-opt14-strips-p30_2,0,False,29,960,1830,2910,120,4743,6312,0,0,,,,0,,,1.0,1,1,0.0172,0.0078,0.0003,0.0065,0.0,0.0,,0.0463,0.0783
openstacks-opt14-strips-p30_3,0,False,29,960,1830,2910,120,4865,9911,0,0,,,,0,,,1.0,1,1,0.0181,0.008,0.0005,0.0074,0.0,0.0,,0.0548,0.089
openstacks-opt14-strips-p35_1,0,False,34,1295,2485,3920,140,6407,8555,0,0,,,,0,,,1.0,1,1,0.1133,0.0117,0.0005,0.0084,0.0,0.0,,0.0606,0.1947
openstacks-opt14-strips-p35_2,0,False,34,1295,2485,3920,140,6415,8831,0,0,,,,0,,,1.0,1,1,0.018,0.0118,0.0005,0.0083,0.0,0.0,,0.0598,0.0986
openstacks-opt14-strips-p35_3,0,False,34,1295,2485,3920,140,6567,14075,0,0,,,,0,,,1.0,1,1,0.0175,0.0121,0.0007,0.0086,0.0,0.0,,0.0689,0.1081
openstacks-opt14-strips-p40_1,0,False,39,1680,3240,5080,160,8319,11059,0,0,,,,0,,,1.0,1,1,0.0199,0.0173,0.0006,0.0091,0.0,0.0,,0.0868,0.134
openstacks-opt14-strips-p40_2,0,False,39,1680,3240,5080,160,8327,11375,0,0,,,,0,,,1.0,1,1,0.0205,0.0173,0.0006,0.0095,0.0,0.0,,0.0905,0.1387
openstacks-opt14-strips-p40_3,0,False,39,1680,3240,5080,160,8507,18485,0,0,,,,0,,,1.0,1,1,0.0229,0.0179,0.001,0.0129,0.0,0.0,,0.1036,0.1584
openstacks-opt14-strips-p45_1,0,False,44,2115,4095,6390,180,10481,13883,0,0,,,,0,,,1.0,1,1,1.1181,0.0238,0.0008,0.0305,0.0,0.0,,0.1114,1.2849
openstacks-opt14-strips-p45_2,0,False,44,2115,4095,6390,180,10513,15307,0,0,,,,0,,,1.0,1,1,0.027,0.0242,0.0008,0.0123,0.0,0.0,,0.1189,0.1835
openstacks-opt14-strips-p45_3,0,False,44,2115,4095,6390,180,10749,25809,0,0,,,,0,,,1.0,1,1,0.024,0.0246,0.0014,0.0136,0.0,0.0,,0.1393,0.2032
openstacks-opt14-strips-p50_1,0,False,49,2600,5050,7850,200,12901,17423,0,0,,,,0,,,1.0,1,1,0.0286,0.0317,0.001,0.013,0.0,0.0,,0.1332,0.2079
openstacks-opt14-strips-p50_2,0,False,49,2600,5050,7850,200,12929,18809,0,0,,,,0,,,1.0,1,1,0.0287,0.0318,0.001,0.0142,0.0,0.0,,0.144,0.2201
openstacks-opt14-strips-p50_3,0,False,49,2600,5050,7850,200,13191,31778,0,0,,,,0,,,1.0,1,1,0.0336,0.0324,0.0016,0.0173,0.0,0.0,,0.1587,0.244
openstacks-p01,-3,False,0,0,0,0,0,0,0,0,0,,,,0,,,0.0,1e+20,1e+20,0,0,0,0,0,0,,0,0
openstacks-p02,-3,False,0,0,0,0,0,0,0,0,0,,,,0,,,0.0,1e+20,1e+20,0,0,0,0,0,0,,0,0
openstacks-p03,-3,False,0,0,0,0,0,0,0,0,0,,,,0,,,0.0,1e+20,1e+20,0,0,0,0,0,0,,0,0
openstacks-p04,-3,False,0,0,0,0,0,0,0,0,0,,,,0,,,0.0,1e+20,1e+20,0,0,0,0,0,0,,0,0
openstacks-p05,-3,False,0,0,0,0,0,0,0,0,0,,,,0,,,0.0,1e+20,1e+20,0,0,0,0,0,0,,0,0
openstacks-p06,-3,False,0,0,0,0,0,0,0,0,0,,,,0,,,0.0,1e+20,1e+20,0,0,0,0,0,0,,0,0
openstacks-p07,-3,False,0,0,0,0,0,0,0,0,0,,,,0,,,0.0,1e+20,1e+20,0,0,0,0,0,0,,0,0
openstacks-p08,-3,False,0,0,0,0,0,0,0,0,0,,,,0,,,0.0,1e+20,1e+20,0,0,0,0,0,0,,0,0
openstacks-p09,-3,False,0,0,0,0,0,0,0,0,0,,,,0,,,0.0,1e+20,1e+20,0,0,0,0,0,0,,0,0
openstacks-p10,-3,False,0,0,0,0,0,0,0,0,0,,,,0,,,0.0,1e+20,1e+20,0,0,0,0,0,0,,0,0
openstacks-p11,-3,False,0,0,0,0,0,0,0,0,0,,,,0,,,0.0,1e+20,1e+20,0,0,0,0,0,0,,0,0
openstacks-p12,-3,False,0,0,0,0,0,0,0,0,0,,,,0,,,0.0,1e+20,1e+20,0,0,0,0,0,0,,0,0
openstacks-p13,-3,False,0,0,0,0,0,0,0,0,0,,,,0,,,0.0,1e+20,1e+20,0,0,0,0,0,0,,0,0
openstacks-p14,-3,False,0,0,0,0,0,0,0,0,0,,,,0,,,0.0,1e+20,1e+20,0,0,0,0,0,0,,0,0
openstacks-p15,-3,False,0,0,0,0,0,0,0,0,0,,,,0,,,0.0,1e+20,1e+20,0,0,0,0,0,0,,0,0
openstacks-p16,-3,False,0,0,0,0,0,0,0,0,0,,,,0,,,0.0,1e+20,1e+20,0,0,0,0,0,0,,0,0
openstacks-p17,-3,False,0,0,0,0,0,0,0,0,0,,,,0,,,0.0,1e+20,1e+20,0,0,0,0,0,0,,0,0
openstacks-p18,-3,False,0,0,0,0,0,0,0,0,0,,,,0,,,0.0,1e+20,1e+20,0,0,0,0,0,0,,0,0
openstacks-p19,-3,False,0,0,0,0,0,0,0,0,0,,,,0,,,0.0,1e+20,1e+20,0,0,0,0,0,0,,0,0
openstacks-p20,-3,False,0,0,0,0,0,0,0,0,0,,,,0,,,0.0,1e+20,1e+20,0,0,0,0,0,0,,0,0
openstacks-p21,-3,False,0,0,0,0,0,0,0,0,0,,,,0,,,0.0,1e+20,1e+20,0,0,0,0,0,0,,0,0
openstacks-p22,-3,False,0,0,0,0,0,0,0,0,0,,,,0,,,0.0,1e+20,1e+20,0,0,0,0,0,0,,0,0
openstacks-p23,-3,False,0,0,0,0,0,0,0,0,0,,,,0,,,0.0,1e+20,1e+20,0,0,0,0,0,0,,0,0
openstacks-p24,-3,False,0,0,0,0,0,0,0,0,0,,,,0,,,0.0,1e+20,1e+20,0,0,0,0,0,0,,0,0
openstacks-p25,-3,False,0,0,0,0,0,0,0,0,0,,,,0,,,0.0,1e+20,1e+20,0,0,0,0,0,0,,0,0
openstacks-p26,-3,False,0,0,0,0,0,0,0,0,0,,,,0,,,0.0,1e+20,1e+20,0,0,0,0,0,0,,0,0
openstacks-p27,-3,False,0,0,0,0,0,0,0,0,0,,,,0,,,0.0,1e+20,1e+20,0,0,0,0,0,0,,0,0
openstacks-p28,-3,False,0,0,0,0,0,0,0,0,0,,,,0,,,0.0,1e+20,1e+20,0,0,0,0,0,0,,0,0
openstacks-p29,-3,False,0,0,0,0,0,0,0,0,0,,,,0,,,0.0,1e+20,1e+20,0,0,0,0,0,0,,0,0
openstacks-p30,-3,False,0,0,0,0,0,0,0,0,0,,,,0,,,0.0,1e+20,1e+20,0,0,0,0,0,0,,0,0
openstacks-sat08-strips-p01,0,False,4,35,55,110,20,163,152,0,0,,,,0,,,1.0,1,1,0.007,0.0001,0.0,0.0029,0.0,0.0,,0.0039,0.014
openstacks-sat08-strips-p02,0,False,4,35,55,110,20,163,152,0,0,,,,0,,,1.0,1,1,0.0068,0.0001,0.0,0.0026,0.0,0.0,,0.0038,0.0134
openstacks-sat08-strips-p03,0,False,4,35,55,110,20,161,143,0,0,,,,0,,,1.0,1,1,0.0068,0.0001,0.0,0.0027,0.0,0.0,,0.005,0.0147
openstacks-sat08-strips-p04,0,False,9,120,210,370,40,579,664,0,0,,,,0,,,1.0,1,1,0.0067,0.0005,0.0001,0.002,0.0,0.0,,0.0067,0.0159
openstacks-sat08-strips-p05,0,False,9,120,210,370,40,577,645,0,0,,,,0,,,1.0,1,1,0.0102,0.0005,0.0001,0.0027,0.0,0.0,,0.0068,0.0202
openstacks-sat08-strips-p06,0,False,9,120,210,370,40,579,664,0,0,,,,0,,,1.0,1,1,0.0093,0.0005,0.0001,0.0056,0.0,0.0,,0.0068,0.0223
openstacks-sat08-strips-p07,0,False,14,255,465,780,60,1247,1565,0,0,,,,0,,,1.0,1,1,0.0278,0.0013,0.0001,0.0064,0.0,0.0,,0.0148,0.0504
openstacks-sat08-strips-p08,0,False,14,255,465,780,60,1243,1507,0,0,,,,0,,,1.0,1,1,0.0305,0.0013,0.0001,0.0072,0.0,0.0,,0.0144,0.0536
openstacks-sat08-strips-p09,0,False,14,255,465,780,60,1243,1507,0,0,,,,0,,,1.0,1,1,0.0163,0.0013,0.0001,0.0046,0.0,0.0,,0.0146,0.037
openstacks-sat08-strips-p10,0,False,19,440,820,1340,80,2167,2885,0,0,,,,0,,,1.0,1,1,0.0144,0.0026,0.0002,0.0044,0.0,0.0,,0.0241,0.0458
openstacks-sat08-strips-p11,0,False,19,440,820,1340,80,2175,3041,0,0,,,,0,,,1.0,1,1,0.01,0.0027,0.0002,0.0058,0.0,0.0,,0.0237,0.0425
openstacks-sat08-strips-p12,0,False,19,440,820,1340,80,2167,2885,0,0,,,,0,,,1.0,1,1,0.0167,0.0026,0.0002,0.006,0.0,0.0,,0.0232,0.0487
openstacks-sat08-strips-p13,0,False,29,960,1830,2910,120,4749,6489,0,0,,,,0,,,1.0,1,1,0.0228,0.0077,0.0003,0.0093,0.0,0.0,,0.0479,0.0882
openstacks-sat08-strips-p14,0,False,29,960,1830,2910,120,4763,6902,0,0,,,,0,,,1.0,1,1,0.0176,0.0078,0.0004,0.0078,0.0,0.0,,0.049,0.0827
openstacks-sat08-strips-p15,0,False,29,960,1830,2910,120,4753,6607,0,0,,,,0,,,1.0,1,1,0.0244,0.0077,0.0003,0.0078,0.0,0.0,,0.0454,0.0858
openstacks-sat08-strips-p16,0,False,39,1680,3240,5080,160,8363,12797,0,0,,,,0,,,1.0,1,1,0.0403,0.0175,0.0007,0.0136,0.0,0.0,,0.094,0.1663
openstacks-sat08-strips-p17,0,False,39,1680,3240,5080,160,8349,12244,0,0,,,,0,,,1.0,1,1,0.0195,0.0174,0.0007,0.0093,0.0,0.0,,0.0956,0.1427
openstacks-sat08-strips-p18,0,False,39,1680,3240,5080,160,8343,12007,0,0,,,,0,,,1.0,1,1,0.0284,0.0174,0.0007,0.0112,0.0,0.0,,0.0929,0.1508
openstacks-sat08-strips-p19,0,False,49,2600,5050,7850,200,12967,20690,0,0,,,,0,,,1.0,1,1,0.0308,0.0318,0.0011,0.0193,0.0,0.0,,0.1496,0.233
openstacks-sat08-strips-p20,0,False,49,2600,5050,7850,200,12991,21878,0,0,,,,0,,,1.0,1,1,0.0291,0.0322,0.0013,0.0152,0.0,0.0,,0.1491,0.2273
openstacks-sat08-strips-p21,0,False,49,2600,5050,7850,200,12951,19898,0,0,,,,0,,,1.0,1,1,0.0758,0.0319,0.0011,0.0319,0.0,0.0,,0.1554,0.2964
openstacks-sat08-strips-p22,0,False,59,3720,7260,11220,240,18605,32486,0,0,,,,0,,,1.0,1,1,0.054,0.0542,0.0017,0.0365,0.0,0.0,,0.2251,0.3719
openstacks-sat08-strips-p23,0,False,59,3720,7260,11220,240,18563,29987,0,0,,,,0,,,1.0,1,1,0.048,0.0538,0.0016,0.0195,0.0,0.0,,0.2188,0.342
openstacks-sat08-strips-p24,0,False,59,3720,7260,11220,240,18559,29749,0,0,,,,0,,,1.0,1,1,0.0401,0.054,0.0016,0.0203,0.0,0.0,,0.2192,0.3357
openstacks-sat08-strips-p25,0,False,79,6560,12880,19760,320,32813,58352,0,0,,,,0,,,1.0,1,1,0.1,0.1266,0.0032,0.0403,0.0,0.0,,0.4692,0.7405
openstacks-sat08-strips-p26,0,False,79,6560,12880,19760,320,32775,55331,0,0,,,,0,,,1.0,1,1,0.0754,0.1236,0.0031,0.0421,0.0,0.0,,0.4757,0.7211
openstacks-sat08-strips-p27,0,False,79,6560,12880,19760,320,32801,57398,0,0,,,,0,,,1.0,1,1,0.084,0.1246,0.0032,0.0375,0.0,0.0,,0.45,0.7006
openstacks-sat08-strips-p28,0,False,99,10200,20100,30700,400,51073,96912,0,0,,,,0,,,1.0,1,1,0.1277,0.2457,0.0056,0.0637,0.0,0.0,,0.8846,1.3294
openstacks-sat08-strips-p29,0,False,99,10200,20100,30700,400,51079,97509,0,0,,,,0,,,1.0,1,1,0.1262,0.2443,0.0056,0.0627,0.0,0.0,,0.8563,1.2971
openstacks-sat08-strips-p30,0,False,99,10200,20100,30700,400,51087,98305,0,0,,,,0,,,1.0,1,1,0.1426,0.2448,0.0057,0.0706,0.0,0.0,,0.8851,1.3508
openstacks-sat11-strips-p01,0,False,49,2600,5050,7850,200,12951,19898,0,0,,,,0,,,1.0,1,1,0.0319,0.0316,0.0011,0.0147,0.0,0.0,,0.146,0.2256
openstacks-sat11-strips-p02,0,False,59,3720,7260,11220,240,18605,32486,0,0,,,,0,,,1.0,1,1,0.0453,0.054,0.0017,0.021,0.0,0.0,,0.2253,0.3477
openstacks-sat11-strips-p03,0,False,59,3720,7260,11220,240,18559,29749,0,0,,,,0,,,1.0,1,1,0.0451,0.054,0.0016,0.0191,0.0,0.0,,0.2203,0.3405
openstacks-sat11-strips-p04,0,False,79,6560,12880,19760,320,32813,58352,0,0,,,,0,,,1.0,1,1,0.0742,0.1243,0.0033,0.0383,0.0,0.0,,0.4685,0.7099
openstacks-sat11-strips-p05,0,False,79,6560,12880,19760,320,32775,55331,0,0,,,,0,,,1.0,1,1,0.0949,0.1235,0.0031,0.0403,0.0,0.0,,0.4592,0.7221
openstacks-sat11-strips-p06,0,False,79,6560,12880,19760,320,32801,57398,0,0,,,,0,,,1.0,1,1,0.074,0.1267,0.0032,0.0372,0.0,0.0,,0.4524,0.6947
openstacks-sat11-strips-p07,0,False,49,2600,5050,7850,200,12991,21878,0,0,,,,0,,,1.0,1,1,0.0412,0.0319,0.0012,0.0155,0.0,0.0,,0.1509,0.241
openstacks-sat11-strips-p08,0,False,99,10200,20100,30700,400,51073,96912,0,0,,,,0,,,1.0,1,1,0.135,0.2472,0.0056,0.071,0.0,0.0,,0.8829,1.3437
openstacks-sat11-strips-p09,0,False,99,10200,20100,30700,400,51079,97509,0,0,,,,0,,,1.0,1,1,0.1266,0.2443,0.0056,0.0652,0.0,0.0,,0.8565,1.3003
openstacks-sat11-strips-p10,0,False,99,10200,20100,30700,400,51087,98305,0,0,,,,0,,,1.0,1,1,0.1241,0.2451,0.0057,0.0629,0.0,0.0,,0.8795,1.3193
openstacks-sat11-strips-p11,0,False,129,17160,33930,51610,520,85823,154622,0,0,,,,0,,,1.0,1,1,0.242,0.5527,0.0105,0.1111,0.0,0.0,,1.7719,2.6919
openstacks-sat11-strips-p12,0,False,129,17160,33930,51610,520,87209,334109,0,0,,,,0,,,1.0,1,1,0.2677,0.5691,0.0219,0.1597,0.0,0.0,,2.237,3.2595
openstacks-sat11-strips-p13,0,False,159,25920,51360,77920,640,129655,238611,0,0,,,,0,,,1.0,1,1,0.4141,1.0552,0.0211,0.1807,0.0,0.0,,3.2831,4.9598
openstacks-sat11-strips-p14,0,False,159,25920,51360,77920,640,131465,527306,0,0,,,,0,,,1.0,1,1,0.4574,1.1427,0.0424,0.2653,0.0,0.0,,3.842,5.7555
openstacks-sat11-strips-p15,0,False,189,36480,72390,109630,760,182729,386579,0,0,,,,0,,,1.0,1,1,0.6885,1.841,0.0379,0.2851,0.0,0.0,,5.1612,8.0224
openstacks-sat11-strips-p16,0,False,189,36480,72390,109630,760,184887,795520,0,0,,,,0,,,1.0,1,1,1.029,1.909,0.0757,0.4289,0.0,0.0,,6.7493,10.2008
openstacks-sat11-strips-p17,0,False,219,48840,97020,146740,880,244739,553139,0,0,,,,0,,,1.0,1,1,1.0109,3.3299,0.0613,0.4203,0.0,0.0,,8.4475,13.2784
openstacks-sat11-strips-p18,0,False,219,48840,97020,146740,880,247575,1175641,0,0,,,,0,,,1.0,1,1,1.0877,3.4823,0.1269,0.5986,0.0,0.0,,9.3032,14.6114
openstacks-sat11-strips-p19,0,False,249,63000,125250,189250,1000,315821,766463,0,0,,,,0,,,1.0,1,1,1.4047,5.1204,0.0927,0.6032,0.0,0.0,,13.7839,21.0156
openstacks-sat11-strips-p20,0,False,249,63000,125250,189250,1000,319223,1615262,0,0,,,,0,,,1.0,1,1,1.5104,4.6051,0.208,0.8549,0.0,0.0,,14.2366,21.427
openstacks-sat14-strips-p170_2,0,False,169,29240,57970,87890,680,146415,295946,0,0,,,,0,,,1.0,1,1,0.4899,1.3084,0.0257,0.2145,0.0,0.0,,3.641,5.6858
openstacks-sat14-strips-p170_3,0,False,169,29240,57970,87890,680,148211,600368,0,0,,,,0,,,1.0,1,1,0.5301,1.4021,0.0504,0.3047,0.0,0.0,,4.6555,6.9476
openstacks-sat14-strips-p190_1,0,False,189,36480,72390,109630,760,182513,345647,0,0,,,,0,,,1.0,1,1,0.6572,1.8475,0.0347,0.275,0.0,0.0,,5.3014,8.1241
openstacks-sat14-strips-p190_2,0,False,189,36480,72390,109630,760,182759,392264,0,0,,,,0,,,1.0,1,1,0.6671,1.8478,0.0381,0.2869,0.0,0.0,,5.2726,8.1209
openstacks-sat14-strips-p190_3,0,False,189,36480,72390,109630,760,184881,794383,0,0,,,,0,,,1.0,1,1,0.7118,1.9902,0.0746,0.4045,0.0,0.0,,6.7562,9.9435
openstacks-sat14-strips-p210_1,0,False,209,44520,88410,133770,840,222733,424027,0,0,,,,0,,,1.0,1,1,0.8666,2.7154,0.0474,0.3487,0.0,0.0,,7.1229,11.1122
openstacks-sat14-strips-p210_2,0,False,209,44520,88410,133770,840,222927,464670,0,0,,,,0,,,1.0,1,1,0.8741,2.8165,0.0506,0.361,0.0,0.0,,7.2766,11.3907
openstacks-sat14-strips-p210_3,0,False,209,44520,88410,133770,840,225659,1037024,0,0,,,,0,,,1.0,1,1,0.9551,2.8498,0.1091,0.5299,0.0,0.0,,7.9304,12.3864
openstacks-sat14-strips-p230_1,0,False,229,53360,106030,160310,920,266897,497555,0,0,,,,0,,,1.0,1,1,1.0979,3.7828,0.0589,0.4397,0.0,0.0,,9.8265,15.2199
openstacks-sat14-strips-p230_2,0,False,229,53360,106030,160310,920,267405,614141,0,0,,,,0,,,1.0,1,1,1.1334,3.8711,0.0703,0.4737,0.0,0.0,,10.0002,15.5626
openstacks-sat14-strips-p230_3,0,False,229,53360,106030,160310,920,270389,1298969,0,0,,,,0,,,1.0,1,1,1.2138,4.2136,0.1514,0.6757,0.0,0.0,,10.8593,17.1239
openstacks-sat14-strips-p250_1,0,False,249,63000,125250,189250,1000,315303,637222,0,0,,,,0,,,1.0,1,1,1.407,5.1992,0.0795,0.5637,0.0,0.0,,13.1463,20.4069
openstacks-sat14-strips-p250_2,0,False,249,63000,125250,189250,1000,315661,726543,0,0,,,,0,,,1.0,1,1,1.4904,5.1706,0.0887,0.5896,0.0,0.0,,13.5578,20.9147
openstacks-sat14-strips-p250_3,0,False,249,63000,125250,189250,1000,319247,1621250,0,0,,,,0,,,1.0,1,1,1.9742,4.4675,0.2094,0.9768,0.0,0.0,,14.3558,21.9949
openstacks-sat14-strips-p270_1,0,False,269,73440,146070,220590,1080,367741,800953,0,0,,,,0,,,1.0,1,1,1.7275,6.7621,0.1026,0.7007,0.0,0.0,,17.8838,27.1899
openstacks-sat14-strips-p270_2,0,False,269,73440,146070,220590,1080,368157,913065,0,0,,,,0,,,1.0,1,1,1.7702,6.588,0.115,0.7447,0.0,0.0,,18.2315,27.4623
openstacks-sat14-strips-p270_3,0,False,269,73440,146070,220590,1080,371855,1909676,0,0,,,,0,,,1.0,1,1,1.8947,5.7283,0.2598,1.0537,0.0,0.0,,18.7791,27.7286
openstacks-sat14-strips-p290_1,0,False,289,84680,168490,254330,1160,423963,918872,0,0,,,,0,,,1.0,1,1,2.137,8.3879,0.1253,0.8606,0.0,0.0,,22.619,34.1455
openstacks-sat14-strips-p290_2,0,False,289,84680,168490,254330,1160,424631,1112258,0,0,,,,0,,,1.0,1,1,2.1465,8.4428,0.1502,0.9187,0.0,0.0,,23.9904,35.6641
openstacks-sat14-strips-p290_3,0,False,289,84680,168490,254330,1160,428657,2277785,0,0,,,,0,,,1.0,1,1,2.5768,7.7595,0.3351,1.2695,0.0,0.0,,24.3882,36.3448
openstacks-strips-p01,0,True,4,40,65,135,30,209,199,0,0,,,,0,,,21.0,21,21,0.0058,0.0002,0.0001,0.0016,0.0,0.0,,0.0055,0.0132
openstacks-strips-p02,0,True,4,40,65,135,30,209,199,0,0,,,,0,,,21.0,21,21,0.0114,0.0002,0.0001,0.0051,0.0,0.0,,0.0061,0.023
openstacks-strips-p03,0,True,4,40,65,135,30,209,199,0,0,,,,0,,,21.0,21,21,0.0081,0.0002,0.0001,0.0062,0.0,0.0,,0.0063,0.021
openstacks-strips-p04,0,True,4,40,65,135,30,209,199,0,0,,,,0,,,21.0,21,21,0.0066,0.0002,0.0001,0.0032,0.0,0.0,,0.0065,0.0167
openstacks-strips-p05,0,True,4,40,65,135,30,209,199,0,0,,,,0,,,21.0,21,21,0.0066,0.0002,0.0001,0.0023,0.0,0.0,,0.0055,0.0148
openstacks-strips-p06,0,True,9,130,230,420,60,699,999,0,0,,,,0,,,41.0,41,41,0.0101,0.001,0.0005,0.0024,0.0,0.0,,0.0131,0.0272
openstacks-strips-p07,0,True,9,130,230,420,60,699,999,0,0,,,,0,,,41.0,41,41,0.0087,0.001,0.0005,0.0046,0.0,0.0,,0.013,0.0279
openstacks-strips-p08,0,True,14,290,551,963,122,1807,3619,0,0,,,,0,,,81.0,81,81,0.0317,0.0043,0.0039,0.0051,0.0,0.0,,0.0276,0.0727
openstacks-strips-p09,0,True,14,290,551,963,122,1837,3919,0,0,,,,0,,,81.0,81,81,0.0219,0.0043,0.004,0.0169,0.0,0.0,,0.0296,0.0768
openstacks-strips-p10,0,True,19,460,881,1463,122,2422,3999,0,0,,,,0,,,81.0,81,81,0.0189,0.0058,0.0049,0.005,0.0,0.0,,0.043,0.0778
openstacks-strips-p11,0,True,19,460,881,1463,122,2422,3999,0,0,,,,0,,,81.0,81,81,0.0167,0.0058,0.0049,0.0048,0.0,0.0,,0.0426,0.075
openstacks-strips-p12,0,True,19,460,881,1463,122,2482,4799,0,0,,,,0,,,81.0,81,81,0.0162,0.006,0.0058,0.0047,0.0,0.0,,0.0432,0.0762
openstacks-strips-p13,0,True,19,460,881,1463,122,2542,5599,0,0,,,,0,,,81.0,81,81,0.0158,0.0061,0.0072,0.0057,0.0,0.0,,0.045,0.08
openstacks-strips-p14,0,True,19,460,881,1463,122,2542,5599,0,0,,,,0,,,81.0,81,81,0.024,0.0061,0.0075,0.0064,0.0,0.0,,0.0452,0.0893
openstacks-strips-p15,0,True,19,460,881,1463,122,2602,6399,0,0,,,,0,,,81.0,81,81,0.0157,0.0061,0.01,0.0048,0.0,0.0,,0.0498,0.0865
openstacks-strips-p16,0,True,19,460,881,1463,122,2602,6399,0,0,,,,0,,,81.0,81,81,0.0182,0.006,0.0102,0.0069,0.0,0.0,,0.0472,0.0886
openstacks-strips-p17,0,True,19,480,921,1553,152,2981,7739,0,0,,,,0,,,101.0,101,101,0.0177,0.0082,0.0127,0.0059,0.0,0.0,,0.0498,0.0945
openstacks-strips-p18,0,True,24,768,1487,2509,254,5218,13717,0,0,,,,0,,,169.0,169,169,0.0542,0.0229,0.0405,0.026,0.0,0.0,,0.0757,0.2199
openstacks-strips-p19,0,True,24,700,1351,2203,152,3622,5749,0,0,,,,0,,,101.0,101,101,0.0421,0.0106,0.0157,0.0065,0.0,0.0,,0.0611,0.1362
openstacks-strips-p20,0,True,29,990,1921,3093,182,5132,8999,0,0,,,,0,,,121.0,121,121,0.0253,0.0165,0.0274,0.0084,0.0,0.0,,0.0939,0.1719
openstacks-strips-p21,0,True,29,990,1921,3093,182,5132,8999,0,0,,,,0,,,121.0,121,121,0.0258,0.0166,0.0256,0.0084,0.0,0.0,,0.0943,0.1709
openstacks-strips-p22,0,True,29,990,1921,3093,182,5222,10799,0,0,,,,0,,,121.0,121,121,0.0272,0.0171,0.0327,0.0092,0.0,0.0,,0.099,0.1855
openstacks-strips-p23,0,True,29,990,1921,3093,182,5312,12599,0,0,,,,0,,,121.0,121,121,0.03,0.0174,0.0366,0.0098,0.0,0.0,,0.1009,0.1949
openstacks-strips-p24,0,True,49,2650,5201,8153,302,17845,168099,0,0,,,,0,,,201.0,201,201,0.1023,0.0978,2.9532,0.0678,0.0,0.0,,0.5607,3.7832
openstacks-strips-p25,0,True,49,2650,5201,8153,302,17146,144799,0,0,,,,0,,,201.0,201,201,0.0984,0.0912,1.9816,0.0546,0.0,0.0,,0.5175,2.7447
openstacks-strips-p26,0,True,49,2650,5201,8153,302,13615,27099,0,0,,,,0,,,201.0,201,201,0.1703,0.0675,0.3175,0.0299,0.0,0.0,,0.3092,0.895
openstacks-strips-p27,0,True,74,5850,11551,17853,452,29969,69599,0,0,,,,0,,,301.0,301,301,0.1803,0.2268,1.4426,0.0431,0.0,0.0,,0.7856,2.6816
openstacks-strips-p28,0,True,99,10300,20401,31303,602,71503,1393399,0,0,,,,0,,,401.0,401,401,1.6561,0.944,171.6071,0.4876,0.0,0.0,,4.702,179.404
openstacks-strips-p29,0,True,99,10300,20401,31303,602,67495,1126199,0,0,,,,0,,,401.0,401,401,0.6155,0.8453,94.6651,0.4067,0.0,0.0,,4.0442,100.5836
openstacks-strips-p30,0,True,99,10300,20401,31303,602,52657,136999,0,0,,,,0,,,401.0,401,401,0.4031,0.572,4.9088,0.096,0.0,0.0,,2.1758,8.1611
optical-telegraphs-p01-opt2,-3,False,0,0,0,0,0,0,0,0,0,,,,0,,,0.0,1e+20,1e+20,0,0,0,0,0,0,,0,0
optical-telegraphs-p02-opt3,-3,False,0,0,0,0,0,0,0,0,0,,,,0,,,0.0,1e+20,1e+20,0,0,0,0,0,0,,0,0
optical-telegraphs-p03-opt4,-3,False,0,0,0,0,0,0,0,0,0,,,,0,,,0.0,1e+20,1e+20,0,0,0,0,0,0,,0,0
optical-telegraphs-p04-opt5,-3,False,0,0,0,0,0,0,0,0,0,,,,0,,,0.0,1e+20,1e+20,0,0,0,0,0,0,,0,0
optical-telegraphs-p05-opt6,-3,False,0,0,0,0,0,0,0,0,0,,,,0,,,0.0,1e+20,1e+20,0,0,0,0,0,0,,0,0
optical-telegraphs-p06-opt7,-3,False,0,0,0,0,0,0,0,0,0,,,,0,,,0.0,1e+20,1e+20,0,0,0,0,0,0,,0,0
optical-telegraphs-p07-opt8,-3,False,0,0,0,0,0,0,0,0,0,,,,0,,,0.0,1e+20,1e+20,0,0,0,0,0,0,,0,0
optical-telegraphs-p08-opt9,-3,False,0,0,0,0,0,0,0,0,0,,,,0,,,0.0,1e+20,1e+20,0,0,0,0,0,0,,0,0
optical-telegraphs-p09-opt10,-3,False,0,0,0,0,0,0,0,0,0,,,,0,,,0.0,1e+20,1e+20,0,0,0,0,0,0,,0,0
optical-telegraphs-p10-opt11,-3,False,0,0,0,0,0,0,0,0,0,,,,0,,,0.0,1e+20,1e+20,0,0,0,0,0,0,,0,0
optical-telegraphs-p11-opt12,-3,False,0,0,0,0,0,0,0,0,0,,,,0,,,0.0,1e+20,1e+20,0,0,0,0,0,0,,0,0
optical-telegraphs-p12-opt13,-3,False,0,0,0,0,0,0,0,0,0,,,,0,,,0.0,1e+20,1e+20,0,0,0,0,0,0,,0,0
optical-telegraphs-p13-opt14,-3,False,0,0,0,0,0,0,0,0,0,,,,0,,,0.0,1e+20,1e+20,0,0,0,0,0,0,,0,0
optical-telegraphs-p14-opt15,-3,False,0,0,0,0,0,0,0,0,0,,,,0,,,0.0,1e+20,1e+20,0,0,0,0,0,0,,0,0
optical-telegraphs-p15-opt16,-3,False,0,0,0,0,0,0,0,0,0,,,,0,,,0.0,1e+20,1e+20,0,0,0,0,0,0,,0,0
optical-telegraphs-p16-opt17,-3,False,0,0,0,0,0,0,0,0,0,,,,0,,,0.0,1e+20,1e+20,0,0,0,0,0,0,,0,0
optical-telegraphs-p17-opt18,-3,False,0,0,0,0,0,0,0,0,0,,,,0,,,0.0,1e+20,1e+20,0,0,0,0,0,0,,0,0
optical-telegraphs-p18-opt19,-3,False,0,0,0,0,0,0,0,0,0,,,,0,,,0.0,1e+20,1e+20,0,0,0,0,0,0,,0,0
optical-telegraphs-p19-opt20,-3,False,0,0,0,0,0,0,0,0,0,,,,0,,,0.0,1e+20,1e+20,0,0,0,0,0,0,,0,0
optical-telegraphs-p20-opt21,-3,False,0,0,0,0,0,0,0,0,0,,,,0,,,0.0,1e+20,1e+20,0,0,0,0,0,0,,0,0
optical-telegraphs-p21-opt22,-3,False,0,0,0,0,0,0,0,0,0,,,,0,,,0.0,1e+20,1e+20,0,0,0,0,0,0,,0,0
optical-telegraphs-p22-opt23,-3,False,0,0,0,0,0,0,0,0,0,,,,0,,,0.0,1e+20,1e+20,0,0,0,0,0,0,,0,0
optical-telegraphs-p23-opt24,-3,False,0,0,0,0,0,0,0,0,0,,,,0,,,0.0,1e+20,1e+20,0,0,0,0,0,0,,0,0
optical-telegraphs-p24-opt25,-3,False,0,0,0,0,0,0,0,0,0,,,,0,,,0.0,1e+20,1e+20,0,0,0,0,0,0,,0,0
optical-telegraphs-p25-opt26,-3,False,0,0,0,0,0,0,0,0,0,,,,0,,,0.0,1e+20,1e+20,0,0,0,0,0,0,,0,0
optical-telegraphs-p26-opt27,-3,False,0,0,0,0,0,0,0,0,0,,,,0,,,0.0,1e+20,1e+20,0,0,0,0,0,0,,0,0
optical-telegraphs-p27-opt28,-3,False,0,0,0,0,0,0,0,0,0,,,,0,,,0.0,1e+20,1e+20,0,0,0,0,0,0,,0,0
optical-telegraphs-p28-opt29,-3,False,0,0,0,0,0,0,0,0,0,,,,0,,,0.0,1e+20,1e+20,0,0,0,0,0,0,,0,0
optical-telegraphs-p29-opt30,-3,False,0,0,0,0,0,0,0,0,0,,,,0,,,0.0,1e+20,1e+20,0,0,0,0,0,0,,0,0
optical-telegraphs-p30-opt31,-3,False,0,0,0,0,0,0,0,0,0,,,,0,,,0.0,1e+20,1e+20,0,0,0,0,0,0,,0,0
optical-telegraphs-p31-opt32,-3,False,0,0,0,0,0,0,0,0,0,,,,0,,,0.0,1e+20,1e+20,0,0,0,0,0,0,,0,0
optical-telegraphs-p32-opt33,-3,False,0,0,0,0,0,0,0,0,0,,,,0,,,0.0,1e+20,1e+20,0,0,0,0,0,0,,0,0
optical-telegraphs-p33-opt34,-3,False,0,0,0,0,0,0,0,0,0,,,,0,,,0.0,1e+20,1e+20,0,0,0,0,0,0,,0,0
optical-telegraphs-p34-opt35,-3,False,0,0,0,0,0,0,0,0,0,,,,0,,,0.0,1e+20,1e+20,0,0,0,0,0,0,,0,0
optical-telegraphs-p35-opt36,-3,False,0,0,0,0,0,0,0,0,0,,,,0,,,0.0,1e+20,1e+20,0,0,0,0,0,0,,0,0
optical-telegraphs-p36-opt37,-3,False,0,0,0,0,0,0,0,0,0,,,,0,,,0.0,1e+20,1e+20,0,0,0,0,0,0,,0,0
optical-telegraphs-p37-opt38,-3,False,0,0,0,0,0,0,0,0,0,,,,0,,,0.0,1e+20,1e+20,0,0,0,0,0,0,,0,0
optical-telegraphs-p38-opt39,-3,False,0,0,0,0,0,0,0,0,0,,,,0,,,0.0,1e+20,1e+20,0,0,0,0,0,0,,0,0
optical-telegraphs-p39-opt40,-3,False,0,0,0,0,0,0,0,0,0,,,,0,,,0.0,1e+20,1e+20,0,0,0,0,0,0,,0,0
optical-telegraphs-p40-opt41,-3,False,0,0,0,0,0,0,0,0,0,,,,0,,,0.0,1e+20,1e+20,0,0,0,0,0,0,,0,0
optical-telegraphs-p41-opt42,-3,False,0,0,0,0,0,0,0,0,0,,,,0,,,0.0,1e+20,1e+20,0,0,0,0,0,0,,0,0
optical-telegraphs-p42-opt43,-3,False,0,0,0,0,0,0,0,0,0,,,,0,,,0.0,1e+20,1e+20,0,0,0,0,0,0,,0,0
optical-telegraphs-p43-opt44,-3,False,0,0,0,0,0,0,0,0,0,,,,0,,,0.0,1e+20,1e+20,0,0,0,0,0,0,,0,0
optical-telegraphs-p44-opt45,-3,False,0,0,0,0,0,0,0,0,0,,,,0,,,0.0,1e+20,1e+20,0,0,0,0,0,0,,0,0
optical-telegraphs-p45-opt46,-3,False,0,0,0,0,0,0,0,0,0,,,,0,,,0.0,1e+20,1e+20,0,0,0,0,0,0,,0,0
optical-telegraphs-p46-opt47,-3,False,0,0,0,0,0,0,0,0,0,,,,0,,,0.0,1e+20,1e+20,0,0,0,0,0,0,,0,0
optical-telegraphs-p47-opt48,-3,False,0,0,0,0,0,0,0,0,0,,,,0,,,0.0,1e+20,1e+20,0,0,0,0,0,0,,0,0
optical-telegraphs-p48-opt49,-3,False,0,0,0,0,0,0,0,0,0,,,,0,,,0.0,1e+20,1e+20,0,0,0,0,0,0,,0,0
organic-synthesis-opt18-strips-p01,0,True,0,1,9,19,9,18,0,0,0,,,,0,,,1.0,1,1,0.0437,0.0003,0.0,0.0286,0.0,0.0,,0.0118,0.0845
organic-synthesis-opt18-strips-p02,0,True,1,2,17,30,11,28,0,0,0,,,,0,,,1.0,1,1,0.0276,0.0006,0.0,0.0023,0.0,0.0,,0.0019,0.0324
organic-synthesis-opt18-strips-p03,0,True,3,5,22,43,16,62,42,0,0,,,,0,,,2.0,2,2,0.0488,0.0148,0.0,0.0025,0.0,0.0,,0.002,0.0687
organic-synthesis-opt18-strips-p07,0,True,0,1,12,26,12,24,0,0,0,,,,0,,,2.0,2,2,0.0067,0.0,0.0,0.004,0.0,0.0,,0.0019,0.0127
organic-synthesis-opt18-strips-p09,0,True,4,4,18,35,13,41,10,0,0,,,,0,,,2.0,2,2,0.1166,0.0187,0.0,0.0037,0.0,0.0,,0.002,0.144
organic-synthesis-opt18-strips-p10,0,True,4,4,18,35,13,41,10,0,0,,,,0,,,2.0,2,2,0.1136,0.0195,0.0,0.0017,0.0,0.0,,0.0016,0.1394
organic-synthesis-opt18-strips-p11,0,True,65,506,2010,2591,75,2355,2277,0,0,,,,0,,,2.0,2,2,6.4952,540.4311,0.0002,0.0052,0.0,0.0,,0.0742,547.1254
organic-synthesis-opt18-strips-p12,0,True,2,6,61,90,23,105,21,0,0,,,,0,,,2.0,2,2,14.0507,3.5622,0.0012,0.1646,0.0,0.0,,0.005,17.9802
organic-synthesis-opt18-strips-p14,0,True,11,8,73,112,31,104,0,0,0,,,,0,,,2.0,2,2,0.0457,0.0262,0.0,0.0048,0.0,0.0,,0.0028,0.08
organic-synthesis-sat18-strips-p06,0,True,20,16,80,125,29,187,104,0,0,,,,0,,,2.0,2,2,0.2983,0.2644,0.0,0.0064,0.0,0.0,,0.0041,0.5799
organic-synthesis-sat18-strips-p07,0,True,22,54,763,863,46,809,0,0,0,,,,0,,,2.0,2,2,1.2893,0.4231,0.0001,0.0043,0.0,0.0,,0.0184,1.7845
organic-synthesis-sat18-strips-p16,0,True,354,6564,26484,33408,360,31217,42612,0,0,,,,0,,,6.0,6,6,1.2517,9.4604,0.0718,0.0457,0.0,0.0,,2.4426,13.3178
organic-synthesis-split-opt18-strips-p01,0,False,189,2042,2631,4874,201,4193,6806,0,0,,,,0,,,41.0,61,41,0.048,0.0174,0.0111,0.0084,0.0,0.0,,0.6121,0.6971
organic-synthesis-split-opt18-strips-p02,0,False,229,3556,4277,8074,241,6223,11492,0,0,,,,0,,,41.0,53,41,0.0551,0.0456,0.02,0.014,0.0,0.0,,1.0427,1.1778
organic-synthesis-split-opt18-strips-p03,0,False,526,7634,10890,19103,577,16783,23087,0,0,,,,0,,,247.0,289,247,0.2992,0.3331,0.2944,0.03,0.0,0.0,,8.842,9.8009
organic-synthesis-split-opt18-strips-p04,0,False,718,10435,14470,25646,740,24440,36249,0,0,,,,0,,,239.0,248,239,0.131,0.4084,0.6535,0.0458,0.0,0.0,,12.5847,13.8245
organic-synthesis-split-opt18-strips-p05,0,False,1269,27395,42855,71522,1272,74936,107557,0,0,,,,0,,,122.0,176,122,0.7503,1.8705,2.1432,0.1784,0.0,0.0,,146.9678,151.9127
organic-synthesis-split-opt18-strips-p06,2,False,1124,33531,47412,82096,1150,74418,118592,0,0,,,,2567,,,245.656,400,247,0.5526,2.1361,3.4824,0.186,0.0,0.0,,893.7593,900.1196
organic-synthesis-split-opt18-strips-p07,0,False,14,28,74,142,36,172,74,0,0,,,,0,,,189.0,189,189,0.0193,0.0004,0.0001,0.0117,0.0,0.0,,0.0088,0.0403
organic-synthesis-split-opt18-strips-p08,0,False,1828,61570,91317,154729,1842,152126,239014,0,0,,,,0,,,234.0,512,234,1.3631,6.2219,26.4702,0.4811,0.0,0.0,,439.5151,474.0576
organic-synthesis-split-opt18-strips-p09,0,False,413,5144,6447,12007,416,10287,17536,0,0,,,,140,,,47.0,59,47,0.0471,0.1136,0.0408,0.018,0.0,0.0,,22.9175,23.1373
organic-synthesis-split-opt18-strips-p10,0,False,423,5236,6655,12317,426,10661,17948,0,0,,,,389,,,47.0,59,47,0.0551,0.1145,0.0514,0.0193,0.0,0.0,,33.1022,33.3429
organic-synthesis-split-opt18-strips-p11,2,False,1284,19706,32859,53858,1293,59069,83898,0,0,,,,16,,,54.667,86,82,0.7688,1.209,0.3801,0.1386,0.0,0.0,,897.6379,900.1365
organic-synthesis-split-opt18-strips-p12,0,False,1502,19368,33734,54609,1507,63650,83532,0,0,,,,0,,,39.0,56,39,0.4946,1.5639,0.2935,0.1595,0.0,0.0,,44.126,46.64
organic-synthesis-split-opt18-strips-p13,2,False,2865,112997,174331,290200,2872,288927,450042,0,0,,,,0,,,138.236,308,308,3.5465,28.7197,72.2597,1.48,0.0,0.0,,794.1997,900.2163
organic-synthesis-split-opt18-strips-p14,0,False,367,9083,10593,20066,390,14439,29464,0,0,,,,0,,,55.0,65,55,0.0672,0.3274,0.099,0.0301,0.0,0.0,,1.8753,2.3998
organic-synthesis-split-opt18-strips-p15,2,False,3264,119376,178985,301646,3285,298630,458873,0,0,,,,0,,,202.0,527,527,4.4041,40.3385,84.5094,1.6695,0.0,0.0,,769.3075,900.2434
organic-synthesis-split-opt18-strips-p16,0,False,3964,128940,209140,342069,3989,361916,525438,0,0,,,,0,,,103.0,121,103,9.5878,67.1574,91.497,2.3802,0.0,0.0,,139.3175,310.1642
organic-synthesis-split-opt18-strips-p17,2,False,4791,179090,281029,464946,4827,475039,716446,0,0,,,,0,,,180.636,479,479,16.7196,138.3521,447.0979,3.8839,0.0,0.0,,294.269,900.3509
organic-synthesis-split-opt18-strips-p18,2,False,3927,173070,250963,427989,3956,401315,643501,0,0,,,,0,,,0.0,637,637,7.885,96.7932,193.971,2.8637,0.0,0.0,,611.4282,912.9589
organic-synthesis-split-opt18-strips-p19,2,False,2354,73603,110807,186769,2359,186869,284411,0,0,,,,0,,,136.399,162,161,2.155,15.0125,21.8289,0.7786,0.0,0.0,,860.2855,900.0688
organic-synthesis-split-opt18-strips-p20,2,False,2705,102307,148321,253353,2725,242571,392029,0,0,,,,0,,,157.349,448,448,2.9471,23.1763,57.568,1.1927,0.0,0.0,,815.2901,900.1844
organic-synthesis-split-sat18-strips-p01,0,False,810,13779,19969,34598,847,33379,48951,0,0,,,,0,,,216.0,216,216,0.173,0.485,1.2864,0.0649,0.0,0.0,,1.1252,3.1358
organic-synthesis-split-sat18-strips-p02,0,False,775,15122,21138,37088,826,31687,46468,0,0,,,,148,,,247.0,308,247,0.5843,0.938,1.4225,0.0685,0.0,0.0,,26.8935,29.9105
organic-synthesis-split-sat18-strips-p03,0,False,1612,55216,81755,138633,1661,135387,210603,0,0,,,,0,,,246.0,450,246,1.1322,5.0601,13.4482,0.3971,0.0,0.0,,166.0352,186.0774
organic-synthesis-split-sat18-strips-p04,0,False,1278,33396,49369,84054,1289,77212,116594,0,0,,,,0,,,158.0,162,158,0.6185,3.4735,2.3992,0.212,0.0,0.0,,7.7792,14.4863
organic-synthesis-split-sat18-strips-p05,2,False,2211,65386,101307,168911,2218,166448,248269,0,0,,,,80,,,147.281,281,238,1.9558,13.2633,30.8273,0.6984,0.0,0.0,,853.4265,900.1785
organic-synthesis-split-sat18-strips-p06,0,False,525,9107,10940,20575,528,16104,30219,0,0,,,,171,,,45.0,59,45,0.09,0.3607,0.1059,0.0369,0.0,0.0,,52.6716,53.266
organic-synthesis-split-sat18-strips-p07,0,False,2024,27766,50419,80220,2035,90973,123099,0,0,,,,0,,,48.0,49,48,1.1416,3.8175,0.3966,0.3132,0.0,0.0,,54.5658,60.2401
organic-synthesis-split-sat18-strips-p08,0,False,3180,117010,183793,303988,3185,298491,436276,0,0,,,,0,,,108.0,112,108,4.4408,53.8276,10.8986,1.8917,0.0,0.0,,207.0303,278.1046
organic-synthesis-split-sat18-strips-p09,2,False,4640,228474,348502,581623,4647,555108,882048,0,0,,,,0,,,55.625,238,238,11.3512,174.466,205.4653,5.1773,0.0,0.0,,503.9259,900.4106
organic-synthesis-split-sat18-strips-p10,2,False,3137,99286,152756,255190,3148,251434,378918,0,0,,,,0,,,173.855,370,318,3.7888,39.0545,92.3224,1.4798,0.0,0.0,,763.5192,900.1769
organic-synthesis-split-sat18-strips-p11,2,False,4935,240849,350755,596546,4942,567371,928505,0,0,,,,0,,,0.0,362,362,12.0031,168.7513,447.2352,4.79,0.0,0.0,,273.0594,905.8635
organic-synthesis-split-sat18-strips-p12,3,False,4886,298526,423584,0,0,0,0,0,0,,,,0,,,0.0,1e+20,1e+20,15.042,269.7118,615.2194,0.0,0.0,0.0,,0.0,901.3055
organic-synthesis-split-sat18-strips-p13,3,False,8666,646661,934803,0,0,0,0,0,0,,,,0,,,0.0,1e+20,1e+20,58.4312,841.5197,0.0,0.0,0.0,0.0,,0.0,901.447
organic-synthesis-split-sat18-strips-p14,3,False,6193,369806,523130,0,0,0,0,0,0,,,,0,,,0.0,1e+20,1e+20,22.3137,345.7722,531.8803,0.0,0.0,0.0,,0.0,944.7971
organic-synthesis-split-sat18-strips-p15,2,False,1005,20139,26402,47571,1029,41810,68762,0,0,,,,467,,,259.375,404,273,0.282,1.5859,2.8696,0.1079,0.0,0.0,,895.1757,900.0228
organic-synthesis-split-sat18-strips-p16,2,False,2776,46110,76427,125401,2862,127946,170176,0,0,,,,1,,,540.0,616,616,1.5905,12.5732,45.4521,0.5929,0.0,0.0,,839.89,900.1048
organic-synthesis-split-sat18-strips-p17,3,False,5284,292300,421295,0,0,0,0,0,0,,,,0,,,0.0,1e+20,1e+20,25.3534,264.484,610.1218,0.0,0.0,0.0,,0.0,904.0922
organic-synthesis-split-sat18-strips-p18,2,False,5012,237977,341676,584731,5078,542683,905854,0,0,,,,0,,,15.0,803,803,11.7359,188.4234,668.7081,4.8009,0.0,0.0,,27.5333,901.2261
organic-synthesis-split-sat18-strips-p19,-2,False,0,0,0,0,0,0,0,0,0,,,,0,,,0.0,1e+20,1e+20,0,0,0,0,0,0,,0,0
organic-synthesis-split-sat18-strips-p20,3,False,10608,705330,1000070,0,0,0,0,0,0,,,,0,,,0.0,1e+20,1e+20,69.3768,830.5692,0.0,0.0,0.0,0.0,,0.0,903.3303
parcprinter-08-strips-p01,0,False,14,17,42,95,34,125,62,0,0,,,,0,,,169009.0,169009,169009,0.0087,0.0001,0.0,0.0019,0.0,0.0,,0.0061,0.0169
parcprinter-08-strips-p02,0,False,26,33,67,160,55,220,116,0,0,,,,0,,,438047.0,446047,438047,0.0387,0.0003,0.0001,0.0138,0.0,0.0,,0.0092,0.0621
parcprinter-08-strips-p03,0,False,2,2,45,114,45,167,77,0,0,,,,0,,,807114.0,807114,807114,0.0074,0.0002,0.0,0.0031,0.0,0.0,,0.0022,0.0128
parcprinter-08-strips-p04,0,False,53,67,121,294,97,418,236,0,0,,,,0,,,876094.0,1027104,876094,0.0148,0.0008,0.0002,0.0055,0.0,0.0,,0.0119,0.0333
parcprinter-08-strips-p05,0,False,65,83,146,359,118,513,290,0,0,,,,0,,,1145132.0,1439152,1145132,0.0096,0.0011,0.0004,0.0051,0.0,0.0,,0.0134,0.0297
parcprinter-08-strips-p06,0,False,74,97,167,420,139,600,332,0,0,,,,0,,,1514199.0,2092239,1514199,0.0318,0.0014,0.0006,0.0128,0.0,0.0,,0.0141,0.0608
parcprinter-08-strips-p07,0,False,98,121,208,501,160,727,434,0,0,,,,0,,,1383121.0,1534131,1383121,0.0114,0.0023,0.0008,0.0053,0.0,0.0,,0.0164,0.0362
parcprinter-08-strips-p08,0,False,104,133,225,558,181,806,464,0,0,,,,0,,,1852217.0,2565267,1852217,0.0105,0.0027,0.0011,0.0029,0.0,0.0,,0.0164,0.0336
parcprinter-08-strips-p09,0,False,116,149,250,623,202,901,518,0,0,,,,0,,,2121255.0,2842305,2121255,0.2283,0.0034,0.0015,0.0041,0.0,0.0,,0.0209,0.2582
parcprinter-08-strips-p10,0,False,125,163,271,684,223,988,560,0,0,,,,0,,,2490322.0,3629402,2490322,0.0096,0.004,0.002,0.0024,0.0,0.0,,0.0182,0.0362
parcprinter-08-strips-p11,0,False,17,22,52,116,40,172,92,0,0,,,,0,,,165989.0,165989,165989,0.0062,0.0002,0.0,0.0022,0.0,0.0,,0.0061,0.0148
parcprinter-08-strips-p12,0,False,34,44,85,197,65,304,174,0,0,,,,0,,,425725.0,425725,425725,0.0274,0.0004,0.0001,0.0021,0.0,0.0,,0.0084,0.0385
parcprinter-08-strips-p13,0,False,51,66,122,282,90,448,268,0,0,,,,0,,,591714.0,591714,591714,0.0078,0.0008,0.0001,0.0027,0.0,0.0,,0.0104,0.0218
parcprinter-08-strips-p14,0,False,68,88,155,363,115,580,350,0,0,,,,0,,,851450.0,863255,851450,0.0069,0.0013,0.0002,0.0022,0.0,0.0,,0.0122,0.0229
parcprinter-08-strips-p15,0,False,85,112,194,454,142,732,450,0,0,,,,0,,,1323035.0,1334840,1323035,0.0135,0.0021,0.0003,0.0059,0.0,0.0,,0.0146,0.0366
parcprinter-08-strips-p16,0,False,102,132,221,525,165,844,514,0,0,,,,0,,,1370922.0,1370922,1370922,0.0096,0.0028,0.0005,0.0038,0.0,0.0,,0.0172,0.0339
parcprinter-08-strips-p17,0,False,119,154,262,614,190,1000,620,0,0,,,,0,,,1443164.0,1454969,1443164,0.009,0.0039,0.0007,0.0028,0.0,0.0,,0.0176,0.034
parcprinter-08-strips-p18,0,False,136,176,287,687,215,1108,678,0,0,,,,0,,,1890394.0,1902199,1890394,0.0132,0.0048,0.0009,0.0034,0.0,0.0,,0.0185,0.0408
parcprinter-08-strips-p19,0,False,153,204,334,792,244,1284,802,0,0,,,,0,,,2579475.0,2591280,2579475,0.0332,0.0065,0.0012,0.0086,0.0,0.0,,0.0238,0.0734
parcprinter-08-strips-p20,0,False,170,222,375,875,267,1440,908,0,0,,,,0,,,2246727.0,2246727,2246727,0.0126,0.0088,0.0019,0.0044,0.0,0.0,,0.0238,0.0516
parcprinter-08-strips-p21,0,False,8,17,36,79,24,110,70,0,0,,,,0,,,143411.0,143411,143411,0.011,0.0001,0.0,0.0038,0.0,0.0,,0.0059,0.0207
parcprinter-08-strips-p22,0,False,13,32,61,137,40,198,133,0,0,,,,0,,,375821.0,511110,375821,0.0172,0.0002,0.0001,0.0057,0.0,0.0,,0.0102,0.0334
parcprinter-08-strips-p23,0,False,21,49,89,199,56,294,205,0,0,,,,0,,,519232.0,654521,519232,0.0066,0.0004,0.0001,0.0028,0.0,0.0,,0.0131,0.023
parcprinter-08-strips-p24,0,False,26,64,114,257,72,382,268,0,0,,,,0,,,751642.0,1022220,751642,0.0079,0.0006,0.0001,0.0047,0.0,0.0,,0.0149,0.0283
parcprinter-08-strips-p25,0,False,31,78,141,319,90,480,337,0,0,,,,0,,,1196842.0,1602709,1196842,0.0055,0.0009,0.0002,0.0022,0.0,0.0,,0.0159,0.0247
parcprinter-08-strips-p26,0,False,36,94,164,373,104,558,394,0,0,,,,0,,,1216462.0,1757618,1216462,0.0066,0.0012,0.0003,0.0018,0.0,0.0,,0.0168,0.0267
parcprinter-08-strips-p27,0,False,47,113,195,439,120,662,475,0,0,,,,0,,,1270874.0,1676741,1270874,0.0071,0.0016,0.0004,0.0021,0.0,0.0,,0.0224,0.0337
parcprinter-08-strips-p28,0,False,46,124,214,489,136,734,520,0,0,,,,0,,,1681282.0,2493016,1681282,0.0077,0.002,0.0005,0.0048,0.0,0.0,,0.0211,0.0361
parcprinter-08-strips-p29,0,False,48,136,242,553,156,840,592,0,0,,,,0,,,2343271.0,3425583,2343271,0.0077,0.0027,0.0007,0.0053,0.0,0.0,,0.0199,0.0363
parcprinter-08-strips-p30,0,False,68,161,278,625,170,952,688,0,0,,,,0,,,2002896.0,2544052,2002896,0.0288,0.0035,0.0008,0.0029,0.0,0.0,,0.0297,0.0657
parcprinter-opt11-strips-p01,0,False,13,32,61,137,40,198,133,0,0,,,,0,,,375821.0,511110,375821,0.0078,0.0002,0.0001,0.0034,0.0,0.0,,0.0102,0.0217
parcprinter-opt11-strips-p02,0,False,26,33,67,160,55,220,116,0,0,,,,0,,,438047.0,446047,438047,0.4609,0.0002,0.0001,0.1122,0.0,0.0,,0.1283,0.7017
parcprinter-opt11-strips-p03,0,False,34,44,85,197,65,304,174,0,0,,,,0,,,425725.0,425725,425725,0.0068,0.0004,0.0001,0.0019,0.0,0.0,,0.0085,0.0178
parcprinter-opt11-strips-p04,0,False,53,67,121,294,97,418,236,0,0,,,,0,,,876094.0,1027104,876094,0.0101,0.0008,0.0002,0.0082,0.0,0.0,,0.013,0.0323
parcprinter-opt11-strips-p05,0,False,21,49,89,199,56,294,205,0,0,,,,0,,,519232.0,654521,519232,0.0058,0.0004,0.0001,0.0021,0.0,0.0,,0.0129,0.0213
parcprinter-opt11-strips-p06,0,False,74,97,167,420,139,600,332,0,0,,,,0,,,1514199.0,2092239,1514199,0.01,0.0015,0.0006,0.007,0.0,0.0,,0.0129,0.032
parcprinter-opt11-strips-p07,0,False,65,83,146,359,118,513,290,0,0,,,,0,,,1145132.0,1439152,1145132,0.0099,0.0011,0.0004,0.0023,0.0,0.0,,0.0123,0.026
parcprinter-opt11-strips-p08,0,False,26,64,114,257,72,382,268,0,0,,,,0,,,751642.0,1022220,751642,0.0279,0.0006,0.0001,0.0111,0.0,0.0,,0.0155,0.0553
parcprinter-opt11-strips-p09,0,False,51,66,122,282,90,448,268,0,0,,,,0,,,591714.0,591714,591714,0.0071,0.0008,0.0001,0.0029,0.0,0.0,,0.0113,0.0222
parcprinter-opt11-strips-p10,0,False,31,78,141,319,90,480,337,0,0,,,,0,,,1196842.0,1602709,1196842,0.0145,0.0009,0.0002,0.0051,0.0,0.0,,0.0177,0.0383
parcprinter-opt11-strips-p11,0,False,36,94,164,373,104,558,394,0,0,,,,0,,,1216462.0,1757618,1216462,0.0084,0.0011,0.0003,0.0039,0.0,0.0,,0.0175,0.0313
parcprinter-opt11-strips-p12,0,False,68,88,155,363,115,580,350,0,0,,,,0,,,851450.0,863255,851450,0.0112,0.0013,0.0002,0.0037,0.0,0.0,,0.0124,0.0288
parcprinter-opt11-strips-p13,0,False,98,121,208,501,160,727,434,0,0,,,,0,,,1383121.0,1534131,1383121,0.0082,0.0023,0.0007,0.002,0.0,0.0,,0.0163,0.0295
parcprinter-opt11-strips-p14,0,False,104,133,225,558,181,806,464,0,0,,,,0,,,1852217.0,2565267,1852217,0.0103,0.0027,0.0011,0.0041,0.0,0.0,,0.0166,0.0349
parcprinter-opt11-strips-p15,0,False,116,149,250,623,202,901,518,0,0,,,,0,,,2121255.0,2842305,2121255,0.0155,0.0034,0.0015,0.0039,0.0,0.0,,0.0181,0.0424
parcprinter-opt11-strips-p16,0,False,125,163,271,684,223,988,560,0,0,,,,0,,,2490322.0,3629402,2490322,0.0146,0.004,0.002,0.0038,0.0,0.0,,0.0179,0.0424
parcprinter-opt11-strips-p17,0,False,85,112,194,454,142,732,450,0,0,,,,0,,,1323035.0,1334840,1323035,0.0102,0.0021,0.0004,0.0064,0.0,0.0,,0.0153,0.0345
parcprinter-opt11-strips-p18,0,False,102,132,221,525,165,844,514,0,0,,,,0,,,1370922.0,1370922,1370922,0.009,0.0028,0.0005,0.0033,0.0,0.0,,0.0158,0.0315
parcprinter-opt11-strips-p19,0,False,119,154,262,614,190,1000,620,0,0,,,,0,,,1443164.0,1454969,1443164,0.0104,0.0039,0.0007,0.0031,0.0,0.0,,0.0181,0.0363
parcprinter-opt11-strips-p20,0,False,47,113,195,439,120,662,475,0,0,,,,0,,,1270874.0,1676741,1270874,0.0097,0.0016,0.0004,0.0061,0.0,0.0,,0.0225,0.0403
parcprinter-sat11-strips-p01,0,False,98,121,208,501,160,727,434,0,0,,,,0,,,1383121.0,1534131,1383121,0.0089,0.0023,0.0007,0.0035,0.0,0.0,,0.0165,0.032
parcprinter-sat11-strips-p02,0,False,104,133,225,558,181,806,464,0,0,,,,0,,,1852217.0,2565267,1852217,0.0112,0.0027,0.0011,0.0062,0.0,0.0,,0.0163,0.0376
parcprinter-sat11-strips-p03,0,False,125,163,271,684,223,988,560,0,0,,,,0,,,2490322.0,3629402,2490322,0.0106,0.004,0.002,0.0027,0.0,0.0,,0.0183,0.0377
parcprinter-sat11-strips-p04,0,False,170,222,375,875,267,1440,908,0,0,,,,0,,,2246727.0,2246727,2246727,0.012,0.0087,0.0015,0.0027,0.0,0.0,,0.0232,0.0481
parcprinter-sat11-strips-p05,0,False,36,94,164,373,104,558,394,0,0,,,,0,,,1216462.0,1757618,1216462,0.0105,0.0011,0.0003,0.0035,0.0,0.0,,0.0172,0.0327
parcprinter-sat11-strips-p06,0,False,47,113,195,439,120,662,475,0,0,,,,0,,,1270874.0,1676741,1270874,0.0082,0.0016,0.0004,0.0025,0.0,0.0,,0.0231,0.0358
parcprinter-sat11-strips-p07,0,False,116,149,250,623,202,901,518,0,0,,,,0,,,2121255.0,2842305,2121255,0.0094,0.0034,0.0017,0.0029,0.0,0.0,,0.0175,0.0348
parcprinter-sat11-strips-p08,0,False,46,124,214,489,136,734,520,0,0,,,,0,,,1681282.0,2493016,1681282,0.0128,0.0019,0.0005,0.0147,0.0,0.0,,0.0199,0.0499
parcprinter-sat11-strips-p09,0,False,48,136,242,553,156,840,592,0,0,,,,0,,,2343271.0,3425583,2343271,0.0106,0.0026,0.0007,0.0104,0.0,0.0,,0.0208,0.0452
parcprinter-sat11-strips-p10,0,False,68,161,278,625,170,952,688,0,0,,,,0,,,2002896.0,2544052,2002896,0.0077,0.0035,0.0008,0.002,0.0,0.0,,0.0314,0.0454
parcprinter-sat11-strips-p11,0,False,90,125,218,519,164,763,464,0,0,,,,0,,,1629147.0,1780157,1629147,0.0118,0.0026,0.0008,0.009,0.0,0.0,,0.0167,0.0409
parcprinter-sat11-strips-p12,0,False,155,199,329,822,265,1194,692,0,0,,,,0,,,2828340.0,3965420,2828340,0.0113,0.0062,0.0034,0.0054,0.0,0.0,,0.0221,0.0486
parcprinter-sat11-strips-p13,0,False,200,253,416,1029,328,1503,890,0,0,,,,0,,,3335367.0,4471447,3335367,0.0382,0.0108,0.0054,0.0047,0.0,0.0,,0.0275,0.0868
parcprinter-sat11-strips-p14,0,False,204,266,449,1045,317,1728,1096,0,0,,,,0,,,2578705.0,2578705,2578705,0.019,0.0133,0.0027,0.0063,0.0,0.0,,0.0281,0.0696
parcprinter-sat11-strips-p15,0,False,170,230,399,911,271,1512,980,0,0,,,,0,,,2494225.0,2494225,2494225,0.0159,0.0097,0.0015,0.0041,0.0,0.0,,0.0257,0.0571
parcprinter-sat11-strips-p16,0,False,204,274,473,1081,321,1800,1168,0,0,,,,0,,,2826203.0,2826203,2826203,0.082,0.0147,0.0024,0.0375,0.0,0.0,,0.0397,0.1764
parcprinter-sat11-strips-p17,0,False,47,113,203,451,124,694,499,0,0,,,,0,,,1526454.0,1932321,1526454,0.0109,0.0019,0.0004,0.0029,0.0,0.0,,0.0231,0.0392
parcprinter-sat11-strips-p18,0,False,46,121,220,501,142,764,538,0,0,,,,0,,,2319652.0,3131386,2319652,0.0076,0.0022,0.0005,0.0021,0.0,0.0,,0.0195,0.032
parcprinter-sat11-strips-p19,0,False,48,133,248,565,162,870,610,0,0,,,,0,,,2981641.0,4063953,2981641,0.0152,0.0029,0.0007,0.0038,0.0,0.0,,0.0193,0.0421
parcprinter-sat11-strips-p20,0,False,84,195,334,749,202,1144,832,0,0,,,,0,,,2289718.0,2830874,2289718,0.0384,0.0052,0.0011,0.0045,0.0,0.0,,0.0368,0.086
parking-opt11-strips-pfile03-011,0,True,167,176,431,799,192,1074,557,0,0,,,,0,,,10.0,13,10,0.0295,0.0244,0.0006,0.0315,0.0,0.0,,0.0338,0.12
parking-opt11-strips-pfile03-012,0,True,195,206,498,931,227,1285,700,0,0,,,,0,,,14.0,15,14,0.0316,0.0307,0.0011,0.0041,0.0,0.0,,0.0581,0.1258
parking-opt11-strips-pfile04-013,0,True,267,280,719,1308,309,1792,962,0,0,,,,0,,,17.0,19,17,0.0505,0.0652,0.0021,0.0051,0.0,0.0,,0.0407,0.164
parking-opt11-strips-pfile04-014,0,True,271,282,685,1274,307,1765,970,0,0,,,,0,,,16.0,17,16,0.0481,0.064,0.0019,0.0087,0.0,0.0,,0.0346,0.1577
parking-opt11-strips-pfile04-015,0,True,251,267,664,1219,288,1684,927,0,0,,,,0,,,15.0,17,15,0.0639,0.0608,0.0016,0.0037,0.0,0.0,,0.0515,0.1817
parking-opt11-strips-pfile04-016,0,True,253,265,635,1186,286,1630,877,0,0,,,,0,,,16.0,16,16,0.0615,0.0588,0.0016,0.0052,0.0,0.0,,0.0307,0.158
parking-opt11-strips-pfile05-017,0,True,333,355,912,1646,379,2296,1299,0,0,,,,0,,,19.0,21,19,0.069,0.1202,0.0034,0.0041,0.0,0.0,,0.0454,0.2428
parking-opt11-strips-pfile05-018,0,True,313,336,854,1545,355,2135,1186,0,0,,,,0,,,17.0,19,17,0.0653,0.1114,0.003,0.0033,0.0,0.0,,0.0411,0.2248
parking-opt11-strips-pfile05-019,0,True,356,371,919,1690,400,2355,1316,0,0,,,,0,,,19.0,20,19,0.0653,0.1259,0.0032,0.004,0.0,0.0,,0.0496,0.2487
parking-opt11-strips-pfile05-020,0,True,354,370,946,1717,401,2355,1274,0,0,,,,0,,,19.0,21,19,0.0956,0.1286,0.0035,0.0113,0.0,0.0,,0.0463,0.2861
parking-opt11-strips-pfile06-021,0,True,430,448,1100,2024,476,2758,1456,0,0,,,,0,,,21.0,22,21,0.1145,0.2164,0.0054,0.0073,0.0,0.0,,0.0533,0.3978
parking-opt11-strips-pfile06-022,0,True,454,469,1146,2117,502,2903,1551,0,0,,,,0,,,23.0,25,23,0.1016,0.2304,0.0059,0.0107,0.0,0.0,,0.0776,0.4272
parking-opt11-strips-pfile06-023,0,True,431,447,1097,2020,476,2759,1477,0,0,,,,0,,,21.0,24,21,0.1178,0.2167,0.0059,0.0116,0.0,0.0,,0.0574,0.4103
parking-opt11-strips-pfile06-024,0,True,456,470,1114,2084,500,2843,1493,0,0,,,,0,,,21.0,21,21,0.1023,0.2276,0.0064,0.0064,0.0,0.0,,0.0569,0.4006
parking-opt11-strips-pfile07-025,0,True,566,583,1409,2610,618,3641,2026,0,0,,,,0,,,23.0,24,23,0.1575,0.3957,0.0078,0.007,0.0,0.0,,0.0801,0.6495
parking-opt11-strips-pfile07-026,0,True,539,558,1336,2482,588,3445,1890,0,0,,,,0,,,21.0,23,21,0.1614,0.375,0.007,0.008,0.0,0.0,,0.0955,0.6481
parking-opt11-strips-pfile07-027,0,True,563,581,1480,2682,621,3712,2043,0,0,,,,0,,,23.0,26,23,0.1633,0.4041,0.0097,0.0088,0.0,0.0,,0.0774,0.6645
parking-opt11-strips-pfile07-028,0,True,563,580,1459,2659,620,3681,2016,0,0,,,,2612,,,24.0,29,24,0.1556,0.396,0.0107,0.0062,0.0,0.0,,0.3879,0.9578
parking-opt11-strips-pfile08-029,0,True,655,687,1792,3199,720,4500,2599,0,0,,,,0,,,25.0,28,25,0.2464,0.6763,0.0139,0.0109,0.0,0.0,,0.098,1.0493
parking-opt11-strips-pfile08-030,0,True,686,705,1751,3203,747,4436,2428,0,0,,,,598,,,25.0,29,25,0.228,0.6513,0.0143,0.01,0.0,0.0,,0.2343,1.1419
parking-opt14-strips-p_12_7-01,0,True,195,206,487,919,226,1266,683,0,0,,,,0,,,13.0,14,13,0.0347,0.03,0.0009,0.0041,0.0,0.0,,0.02,0.0901
parking-opt14-strips-p_12_7-02,0,True,180,192,467,869,210,1190,639,0,0,,,,0,,,12.0,14,12,0.0316,0.0272,0.0009,0.0044,0.0,0.0,,0.0209,0.0853
parking-opt14-strips-p_12_7-03,0,True,180,193,479,883,211,1211,658,0,0,,,,0,,,13.0,14,13,0.0277,0.0277,0.0008,0.0024,0.0,0.0,,0.032,0.0909
parking-opt14-strips-p_12_7-04,0,True,180,192,467,869,210,1190,639,0,0,,,,0,,,14.0,14,14,0.0304,0.0275,0.0008,0.0066,0.0,0.0,,0.0407,0.1064
parking-opt14-strips-p_14_8-01,0,True,270,281,669,1255,305,1699,875,0,0,,,,0,,,16.0,17,16,0.0458,0.0637,0.0021,0.0063,0.0,0.0,,0.0247,0.1428
parking-opt14-strips-p_14_8-02,0,True,268,280,693,1280,307,1745,919,0,0,,,,490,,,16.0,19,16,0.0427,0.0631,0.0023,0.0043,0.0,0.0,,0.1111,0.224
parking-opt14-strips-p_14_8-03,0,True,269,281,682,1269,306,1720,894,0,0,,,,0,,,16.0,19,16,0.0426,0.0635,0.0021,0.0033,0.0,0.0,,0.0342,0.146
parking-opt14-strips-p_14_8-04,0,True,270,281,669,1255,305,1699,875,0,0,,,,0,,,16.0,17,16,0.0537,0.0637,0.0017,0.004,0.0,0.0,,0.0345,0.1579
parking-opt14-strips-p_16_9-01,0,True,334,349,855,1579,375,2148,1123,0,0,,,,143,,,19.0,20,19,0.065,0.1141,0.0033,0.0036,0.0,0.0,,0.0832,0.2699
parking-opt14-strips-p_16_9-02,0,True,335,349,856,1580,375,2147,1120,0,0,,,,0,,,17.0,21,17,0.0813,0.1177,0.0033,0.0107,0.0,0.0,,0.0622,0.2759
parking-opt14-strips-p_16_9-03,0,True,336,350,829,1553,374,2140,1153,0,0,,,,0,,,17.0,19,17,0.072,0.1139,0.0029,0.0067,0.0,0.0,,0.0376,0.2337
parking-opt14-strips-p_16_9-04,0,True,356,369,899,1666,398,2270,1197,0,0,,,,0,,,18.0,21,18,0.0825,0.1262,0.0038,0.0041,0.0,0.0,,0.0334,0.2507
parking-opt14-strips-p_18_10-01,0,True,453,468,1178,2150,504,2963,1625,0,0,,,,229,,,23.0,25,23,0.1017,0.2303,0.0073,0.0063,0.0,0.0,,0.1048,0.4513
parking-opt14-strips-p_18_10-02,0,True,430,451,1123,2052,478,2856,1595,0,0,,,,0,,,20.0,22,20,0.1004,0.2166,0.0048,0.0046,0.0,0.0,,0.0964,0.4238
parking-opt14-strips-p_18_10-03,0,True,429,452,1142,2073,479,2894,1631,0,0,,,,0,,,19.0,22,19,0.1052,0.2202,0.0055,0.0064,0.0,0.0,,0.104,0.4422
parking-opt14-strips-p_18_10-04,0,True,429,450,1153,2082,479,2850,1542,0,0,,,,0,,,21.0,22,21,0.1051,0.22,0.0057,0.0084,0.0,0.0,,0.0463,0.3865
parking-opt14-strips-p_20_11-01,0,True,567,583,1409,2610,618,3641,2026,0,0,,,,0,,,22.0,24,22,0.1633,0.395,0.0082,0.0085,0.0,0.0,,0.1212,0.6974
parking-opt14-strips-p_20_11-02,0,True,539,560,1377,2527,590,3520,1961,0,0,,,,7,,,21.0,24,21,0.1761,0.3801,0.0079,0.0067,0.0,0.0,,0.1266,0.6987
parking-opt14-strips-p_20_11-03,0,True,564,585,1470,2676,621,3756,2135,0,0,,,,0,,,23.0,26,23,0.162,0.401,0.0093,0.009,0.0,0.0,,0.1128,0.6954
parking-opt14-strips-p_20_11-04,0,True,567,583,1409,2610,618,3641,2026,0,0,,,,0,,,23.0,25,23,0.1536,0.3978,0.0086,0.007,0.0,0.0,,0.1209,0.6893
parking-sat11-strips-pfile08-031,0,True,657,684,1724,3125,717,4372,2477,0,0,,,,0,,,24.0,28,24,0.2261,0.6331,0.0133,0.0084,0.0,0.0,,0.1084,0.9931
parking-sat11-strips-pfile08-032,0,True,627,657,1644,2985,684,4157,2328,0,0,,,,0,,,25.0,25,25,0.2338,0.6017,0.0105,0.0169,0.0,0.0,,0.1258,0.9926
parking-sat11-strips-pfile09-033,0,True,791,810,1909,3566,847,4887,2584,0,0,,,,1010,,,27.0,30,27,0.3273,0.9628,0.0187,0.0107,0.0,0.0,,0.2296,1.553
parking-sat11-strips-pfile09-034,0,True,824,843,1980,3706,883,5170,2853,0,0,,,,0,,,27.0,28,27,0.324,1.0445,0.0187,0.0107,0.0,0.0,,0.0952,1.497
parking-sat11-strips-pfile09-035,0,True,787,814,2120,3790,856,5269,2948,0,0,,,,548,,,27.0,32,27,0.3466,0.9957,0.0219,0.0116,0.0,0.0,,0.2523,1.632
parking-sat11-strips-pfile09-036,0,True,790,812,2003,3666,851,5055,2744,0,0,,,,0,,,26.0,31,26,0.3283,0.9716,0.021,0.0107,0.0,0.0,,0.1507,1.4862
parking-sat11-strips-pfile10-037,0,True,933,963,2401,4366,1002,6124,3471,0,0,,,,646,,,29.0,33,29,0.5116,1.5387,0.0342,0.02,0.0,0.0,,0.2785,2.3882
parking-sat11-strips-pfile10-038,0,True,933,962,2374,4337,1001,6070,3419,0,0,,,,248,,,29.0,33,29,0.4563,1.5241,0.03,0.0116,0.0,0.0,,0.2384,2.2655
parking-sat11-strips-pfile10-039,0,True,933,960,2322,4281,999,5986,3339,0,0,,,,0,,,28.0,31,28,0.4764,1.5633,0.0272,0.0139,0.0,0.0,,0.1575,2.2435
parking-sat11-strips-pfile10-040,0,True,936,959,2295,4252,998,5932,3287,0,0,,,,0,,,28.0,29,28,0.467,1.5124,0.0243,0.014,0.0,0.0,,0.1214,2.1442
parking-sat11-strips-pfile11-041,0,True,1126,1148,2829,5179,1202,7213,3988,0,0,,,,8837,,,32.0,36,32,0.6285,2.3007,0.0463,0.0166,0.0,0.0,,1.0858,4.085
parking-sat11-strips-pfile11-042,0,True,1090,1117,2681,4957,1159,6921,3848,0,0,,,,0,,,31.0,32,31,0.8103,2.2719,0.0334,0.0173,0.0,0.0,,0.1196,3.2593
parking-sat11-strips-pfile11-043,0,True,1127,1149,2777,5126,1200,7118,3895,0,0,,,,0,,,32.0,35,32,0.6483,2.3051,0.0447,0.0149,0.0,0.0,,0.1279,3.1479
parking-sat11-strips-pfile11-044,0,True,1090,1118,2710,4988,1160,6979,3904,0,0,,,,0,,,29.0,34,29,0.6294,2.2588,0.0377,0.0152,0.0,0.0,,0.1702,3.1186
parking-sat11-strips-pfile12-045,0,True,1296,1322,3376,6080,1382,8494,4786,0,0,,,,0,,,35.0,39,35,0.8802,3.4362,0.0699,0.0222,0.0,0.0,,0.2183,4.6359
parking-sat11-strips-pfile12-046,0,True,1255,1285,3235,5856,1336,8201,4652,0,0,,,,0,,,35.0,39,35,0.8558,3.257,0.0597,0.0199,0.0,0.0,,0.174,4.3755
parking-sat11-strips-pfile12-047,0,True,1295,1320,3372,6074,1382,8505,4801,0,0,,,,105593,,,36.0,41,36,0.8604,3.4045,0.069,0.0236,0.0,0.0,,35.3507,39.7172
parking-sat11-strips-pfile12-048,0,True,1295,1329,3391,6103,1383,8637,5002,0,0,,,,111,,,37.0,40,37,0.8524,3.5015,0.0732,0.0204,0.0,0.0,,0.4084,4.8649
parking-sat11-strips-pfile13-049,0,True,1434,1465,3628,6612,1519,9211,5104,0,0,,,,27,,,35.0,40,35,1.1443,4.69,0.08,0.0231,0.0,0.0,,0.2277,6.1775
parking-sat11-strips-pfile13-050,0,True,1478,1505,3777,6850,1568,9586,5381,0,0,,,,6878,,,36.0,43,36,1.1331,4.9154,0.0932,0.0232,0.0,0.0,,2.9784,9.1558
parking-sat14-strips-p_28_2,0,True,1127,1155,2871,5230,1204,7371,4208,0,0,,,,0,,,32.0,35,32,0.6299,2.37,0.0439,0.0168,0.0,0.0,,0.1286,3.1968
parking-sat14-strips-p_28_3,0,True,1089,1112,2644,4913,1157,6788,3653,0,0,,,,2419,,,30.0,34,30,0.629,2.1937,0.0396,0.014,0.0,0.0,,1.0151,3.8983
parking-sat14-strips-p_30_1,0,True,1293,1320,3430,6134,1384,8621,4913,0,0,,,,162682,,,34.0,41,34,0.8568,3.4008,0.0772,0.0196,0.0,0.0,,43.0176,47.3819
parking-sat14-strips-p_30_2,0,True,1212,1250,3156,5698,1292,7916,4420,0,0,,,,1834,,,33.0,38,33,1.0992,3.1095,0.0586,0.0207,0.0,0.0,,0.5168,4.8141
parking-sat14-strips-p_30_3,0,True,1298,1326,3240,5944,1378,8359,4734,0,0,,,,1094,,,34.0,37,34,0.8616,3.4434,0.0587,0.0194,0.0,0.0,,0.5446,4.9369
parking-sat14-strips-p_32_1,0,True,1392,1427,3424,6320,1469,8822,4893,0,0,,,,0,,,34.0,38,34,1.1523,4.6309,0.0652,0.0275,0.0,0.0,,0.2017,6.0908
parking-sat14-strips-p_32_2,0,True,1479,1506,3810,6885,1569,9635,5426,0,0,,,,0,,,37.0,42,37,1.1469,4.8918,0.0894,0.0234,0.0,0.0,,0.1457,6.3088
parking-sat14-strips-p_32_3,0,True,1481,1505,3622,6690,1563,9304,5109,0,0,,,,41,,,36.0,40,36,1.3851,4.8744,0.0811,0.0267,0.0,0.0,,0.2852,6.6701
parking-sat14-strips-p_34_1,0,True,1674,1702,4237,7706,1767,10767,6027,0,0,,,,6770,,,38.0,45,38,1.4945,6.8675,0.1202,0.0295,0.0,0.0,,1.2969,9.824
parking-sat14-strips-p_34_2,0,True,1673,1709,4318,7797,1770,11027,6366,0,0,,,,125,,,38.0,45,38,1.5268,7.0494,0.1286,0.0332,0.0,0.0,,0.5903,9.3465
parking-sat14-strips-p_34_3,0,True,1675,1707,4215,7689,1767,10835,6180,0,0,,,,579,,,38.0,43,38,1.504,6.9713,0.1135,0.0293,0.0,0.0,,0.5472,9.1796
parking-sat14-strips-p_36_1,0,True,1831,1871,4600,8396,1925,11802,6693,0,0,,,,1565,,,40.0,43,40,1.9505,9.569,0.1294,0.0344,0.0,0.0,,0.8228,12.527
parking-sat14-strips-p_36_2,0,True,1879,1918,4913,8815,1984,12488,7261,0,0,,,,1640,,,41.0,48,41,1.9462,9.9635,0.1707,0.0355,0.0,0.0,,0.7767,12.9126
parking-sat14-strips-p_36_3,0,True,1779,1828,4540,8241,1873,11577,6572,0,0,,,,1246,,,39.0,45,39,1.9788,9.5346,0.1359,0.033,0.0,0.0,,0.8623,12.5642
parking-sat14-strips-p_38_1,0,True,2101,2130,5157,9486,2199,13234,7336,0,0,,,,387,,,41.0,46,41,2.5205,13.6234,0.1808,0.0411,0.0,0.0,,0.4878,16.8761
parking-sat14-strips-p_38_2,0,True,2102,2134,5092,9424,2198,13243,7442,0,0,,,,41,,,42.0,45,42,2.4968,13.8304,0.1696,0.0403,0.0,0.0,,0.574,17.1337
parking-sat14-strips-p_38_3,0,True,2044,2092,5257,9498,2149,13414,7711,0,0,,,,0,,,41.0,46,41,2.5582,13.2712,0.1786,0.0412,0.0,0.0,,0.3571,16.4295
parking-sat14-strips-p_40_1,0,True,2272,2322,5833,10537,2382,14880,8557,0,0,,,,2413,,,44.0,51,44,3.2706,17.7924,0.2516,0.0588,0.0,0.0,,2.3228,23.7315
parking-sat14-strips-p_40_2,0,True,2216,2261,5625,10206,2320,14258,7961,0,0,,,,2482,,,42.0,50,42,3.1795,16.7161,0.2219,0.0466,0.0,0.0,,2.5773,22.7689
parking-sat14-strips-p_40_3,0,True,2331,2360,5802,10599,2437,14845,8316,0,0,,,,23048,,,45.0,52,45,3.1822,18.1111,0.2605,0.0508,0.0,0.0,,15.4742,37.1058
pathways-p01,0,True,16,24,36,78,18,76,28,0,0,,,,0,,,6.0,6,6,0.0105,0.0001,0.0,0.0046,0.0,0.0,,0.0056,0.0209
pathways-p02,0,True,7,17,30,71,19,72,26,0,0,,,,0,,,12.0,12,12,0.0093,0.0001,0.0,0.0076,0.0,0.0,,0.0041,0.0212
pathways-p03,0,True,24,38,55,129,33,133,51,0,0,,,,0,,,16.0,16,16,0.0129,0.0002,0.0001,0.0045,0.0,0.0,,0.0064,0.0242
pathways-p04,0,True,32,57,77,177,41,181,71,0,0,,,,0,,,15.0,15,15,0.0088,0.0004,0.0001,0.0029,0.0,0.0,,0.0071,0.0192
pathways-p05,0,True,48,122,196,379,59,388,188,0,0,,,,0,,,29.0,29,29,0.0083,0.0009,0.0004,0.0029,0.0,0.0,,0.0141,0.0267
pathways-p06,0,True,58,201,355,649,83,668,351,0,0,,,,0,,,46.0,46,46,0.025,0.0022,0.0014,0.0045,0.0,0.0,,0.0244,0.0575
pathways-p07,0,True,80,244,400,746,99,771,400,0,0,,,,0,,,46.0,46,46,0.0082,0.0029,0.0018,0.0031,0.0,0.0,,0.0267,0.0427
pathways-p08,0,True,110,479,843,1477,143,1543,877,0,0,,,,0,,,66.0,68,66,0.0322,0.0071,0.0069,0.0053,0.0,0.0,,0.1237,0.1752
pathways-p09,0,True,85,388,672,1187,118,1222,692,0,0,,,,0,,,50.0,51,50,0.0089,0.0049,0.0038,0.0031,0.0,0.0,,0.0834,0.1042
pathways-p10,0,True,92,457,755,1357,133,1400,764,0,0,,,,0,,,58.0,58,58,0.0115,0.0056,0.0044,0.0031,0.0,0.0,,0.0502,0.075
pathways-p11,0,True,96,372,578,1085,127,1120,583,0,0,,,,0,,,54.0,54,54,0.0112,0.0044,0.0031,0.0036,0.0,0.0,,0.039,0.0612
pathways-p12,0,True,111,578,1008,1755,155,1826,1066,0,0,,,,0,,,80.0,84,80,0.0105,0.0083,0.0108,0.0048,0.0,0.0,,0.2656,0.3001
pathways-p13,0,True,119,660,1177,2009,159,2056,1179,0,0,,,,0,,,75.0,79,75,0.0189,0.0101,0.0128,0.0042,0.0,0.0,,0.1705,0.2166
pathways-p14,0,True,121,630,1098,1895,158,1958,1145,0,0,,,,0,,,76.0,77,76,0.0125,0.0094,0.0115,0.0044,0.0,0.0,,0.1725,0.2103
pathways-p15,0,True,120,679,1157,2030,175,2095,1179,0,0,,,,0,,,78.0,78,78,0.0199,0.0106,0.0124,0.0049,0.0,0.0,,0.0844,0.1323
pathways-p16,0,True,150,930,1639,2787,202,2871,1674,0,0,,,,0,,,89.0,90,89,0.0354,0.0175,0.0269,0.0095,0.0,0.0,,0.2365,0.326
pathways-p17,0,True,184,998,1701,2959,241,3082,1793,0,0,,,,0,,,97.0,100,97,0.0181,0.0215,0.0362,0.0045,0.0,0.0,,0.172,0.2525
pathways-p18,0,True,150,746,1306,2256,195,2341,1347,0,0,,,,0,,,98.0,103,98,0.4682,0.0138,0.0208,0.1363,0.0,0.0,,0.3322,0.9715
pathways-p19,0,True,203,1218,2128,3611,252,3720,2179,0,0,,,,0,,,106.0,109,106,0.0487,0.0277,0.0588,0.0086,0.0,0.0,,0.3827,0.5266
pathways-p20,0,True,167,860,1491,2580,218,2689,1578,0,0,,,,0,,,102.0,105,102,0.0196,0.0179,0.0274,0.0162,0.0,0.0,,0.2009,0.2822
pathways-p21,0,True,186,1102,1899,3275,254,3387,1956,0,0,,,,0,,,106.0,106,106,0.0216,0.0253,0.0471,0.0066,0.0,0.0,,0.1285,0.2293
pathways-p22,0,True,196,1066,1814,3133,245,3226,1861,0,0,,,,0,,,106.0,108,106,0.02,0.0229,0.0381,0.006,0.0,0.0,,0.2929,0.38
pathways-p23,0,True,190,1214,2137,3605,243,3696,2176,0,0,,,,0,,,112.0,113,112,0.0305,0.0276,0.0584,0.0073,0.0,0.0,,0.2102,0.3343
pathways-p24,0,True,174,1072,1925,3251,238,3373,1992,0,0,,,,0,,,117.0,120,117,0.0191,0.0256,0.0476,0.0047,0.0,0.0,,0.2825,0.3797
pathways-p25,0,True,238,1966,3567,5853,303,5999,3664,0,0,,,,0,,,127.0,131,127,0.0548,0.0548,0.1654,0.0117,0.0,0.0,,0.7715,1.0585
pathways-p26,0,True,235,1673,2954,4957,309,5118,3074,0,0,,,,0,,,129.0,130,129,0.0274,0.047,0.12,0.0066,0.0,0.0,,0.5416,0.7428
pathways-p27,0,True,244,1639,2874,4846,316,5001,2963,0,0,,,,0,,,127.0,131,127,0.0286,0.049,0.1114,0.0155,0.0,0.0,,0.4256,0.6304
pathways-p28,0,True,250,2044,3659,6040,320,6189,3734,0,0,,,,0,,,127.0,129,127,0.0274,0.0589,0.1687,0.0089,0.0,0.0,,0.5344,0.7987
pathways-p29,0,True,217,1269,2165,3729,283,3872,2254,0,0,,,,0,,,141.0,150,141,0.0228,0.0322,0.0701,0.0109,0.0,0.0,,0.294,0.4301
pathways-p30,0,True,254,1464,2494,4300,326,4471,2603,0,0,,,,0,,,131.0,135,131,0.0302,0.0422,0.0867,0.0087,0.0,0.0,,0.3722,0.5403
pegsol-08-strips-p01,0,False,11,19,39,82,24,109,55,0,0,,,,0,,,2.0,2,2,0.0095,0.0002,0.0,0.0034,0.0,0.0,,0.0058,0.0188
pegsol-08-strips-p02,0,False,59,95,208,367,64,614,396,0,0,,,,2596,,,2.0,2,2,0.008,0.0006,0.0002,0.0031,0.0,0.0,,0.5002,0.5121
pegsol-08-strips-p03,0,False,60,102,224,392,66,630,402,0,0,,,,0,,,1.0,1,1,0.007,0.0006,0.0001,0.0046,0.0,0.0,,0.0332,0.0456
pegsol-08-strips-p04,0,False,49,76,170,305,59,545,337,0,0,,,,0,,,3.0,3,3,0.0074,0.0006,0.0002,0.0035,0.0,0.0,,0.0743,0.0859
pegsol-08-strips-p05,0,False,15,33,76,138,29,193,109,0,0,,,,0,,,2.0,2,2,0.0067,0.0002,0.0,0.0018,0.0,0.0,,0.0091,0.018
pegsol-08-strips-p06,0,False,47,94,218,371,59,582,371,0,0,,,,4637,,,3.0,3,3,0.031,0.0006,0.0002,0.0043,0.0,0.0,,1.3709,1.4071
pegsol-08-strips-p07,0,False,41,80,176,314,58,528,343,0,0,,,,1562,,,3.0,3,3,0.0082,0.0006,0.0002,0.0038,0.0,0.0,,0.1931,0.206
pegsol-08-strips-p08,0,False,55,117,282,465,66,666,410,0,0,,,,41602,,,3.0,3,3,0.0111,0.0006,0.0004,0.0031,0.0,0.0,,14.7881,14.8034
pegsol-08-strips-p09,0,False,47,104,248,413,61,610,379,0,0,,,,1623,,,3.0,3,3,0.006,0.0006,0.0003,0.0023,0.0,0.0,,0.1924,0.2017
pegsol-08-strips-p10,0,False,46,101,245,407,61,616,369,0,0,,,,3687,,,3.0,4,3,0.0109,0.0006,0.0003,0.0049,0.0,0.0,,0.6323,0.649
pegsol-08-strips-p11,0,False,52,106,248,418,64,638,396,0,0,,,,0,,,3.0,3,3,0.011,0.0006,0.0003,0.0052,0.0,0.0,,0.0596,0.0768
pegsol-08-strips-p12,0,False,52,111,264,440,65,679,431,0,0,,,,382,,,3.0,3,3,0.0073,0.0007,0.0003,0.0028,0.0,0.0,,0.1273,0.1384
pegsol-08-strips-p13,0,False,50,110,251,424,63,617,391,0,0,,,,0,,,4.0,4,4,0.0073,0.0006,0.0003,0.0026,0.0,0.0,,0.0505,0.0614
pegsol-08-strips-p14,0,False,51,111,252,428,65,641,404,0,0,,,,0,,,4.0,4,4,0.009,0.0007,0.0003,0.0043,0.0,0.0,,0.087,0.1013
pegsol-08-strips-p15,0,False,44,106,249,416,61,614,380,0,0,,,,4005,,,4.0,5,4,0.0083,0.0006,0.0003,0.0033,0.0,0.0,,0.7933,0.8058
pegsol-08-strips-p16,0,False,43,101,237,398,60,598,380,0,0,,,,1635,,,6.0,6,6,0.0327,0.0006,0.0002,0.0081,0.0,0.0,,0.2539,0.2956
pegsol-08-strips-p17,0,False,44,112,276,450,62,650,400,0,0,,,,154980,,,4.0,4,4,0.0269,0.0006,0.0004,0.0022,0.0,0.0,,26.9408,26.971
pegsol-08-strips-p18,0,False,40,100,236,394,58,591,377,0,0,,,,1302,,,5.0,6,5,0.0106,0.0006,0.0002,0.0036,0.0,0.0,,0.2969,0.312
pegsol-08-strips-p19,0,False,41,103,251,413,59,601,368,0,0,,,,16574,,,5.0,5,5,0.0261,0.0006,0.0003,0.0063,0.0,0.0,,3.6156,3.649
pegsol-08-strips-p20,0,False,50,121,297,484,66,689,424,0,0,,,,3483,,,3.0,3,3,0.0128,0.0007,0.0003,0.0028,0.0,0.0,,1.4344,1.451
pegsol-08-strips-p21,0,False,48,115,271,450,64,646,399,0,0,,,,6557,,,5.0,5,5,0.0115,0.0006,0.0003,0.0076,0.0,0.0,,0.9064,0.9266
pegsol-08-strips-p22,0,False,43,107,241,410,62,638,422,0,0,,,,1595,,,4.0,4,4,0.0066,0.0006,0.0004,0.0026,0.0,0.0,,0.2282,0.2385
pegsol-08-strips-p23,0,False,48,119,294,478,65,682,413,0,0,,,,866134,,,5.0,5,5,0.0128,0.0007,0.0003,0.0046,0.0,0.0,,166.8796,166.898
pegsol-08-strips-p24,0,False,46,112,259,435,64,660,422,0,0,,,,604,,,5.0,5,5,0.0101,0.0007,0.0004,0.0034,0.0,0.0,,0.137,0.1516
pegsol-08-strips-p25,0,False,48,120,296,482,66,707,440,0,0,,,,8637,,,4.0,4,4,0.0259,0.0007,0.0004,0.0025,0.0,0.0,,2.7077,2.7373
pegsol-08-strips-p26,2,False,40,124,312,498,62,674,408,0,0,,,,2900224,,,4.0,5,5,0.0092,0.0006,0.0004,0.0035,0.0,0.0,,900.2291,900.2429
pegsol-08-strips-p27,0,False,43,124,294,483,65,687,440,0,0,,,,2796,,,5.0,6,5,0.0064,0.0007,0.0004,0.0031,0.0,0.0,,0.3642,0.3748
pegsol-08-strips-p28,0,False,42,132,296,494,66,675,444,0,0,,,,1188,,,9.0,9,9,0.0119,0.0007,0.0004,0.0034,0.0,0.0,,0.1385,0.155
pegsol-08-strips-p29,0,False,39,138,332,536,66,734,486,0,0,,,,1075957,,,8.0,8,8,0.0278,0.0007,0.0005,0.0039,0.0,0.0,,244.0236,244.0565
pegsol-08-strips-p30,2,False,28,144,348,554,62,714,480,0,0,,,,2857280,,,10.847,18,13,0.0077,0.0007,0.0004,0.0036,0.0,0.0,,900.5293,900.5418
pegsol-opt11-strips-p01,0,False,48,95,213,370,62,614,406,0,0,,,,0,,,2.0,2,2,0.0071,0.0007,0.0001,0.0022,0.0,0.0,,0.0789,0.0891
pegsol-opt11-strips-p02,0,False,44,112,276,450,62,650,400,0,0,,,,154980,,,4.0,4,4,0.0067,0.0006,0.0005,0.0022,0.0,0.0,,26.9344,26.9444
pegsol-opt11-strips-p03,0,False,40,100,236,394,58,591,377,0,0,,,,1302,,,5.0,6,5,0.0108,0.0006,0.0002,0.0032,0.0,0.0,,0.297,0.3118
pegsol-opt11-strips-p04,0,False,41,103,251,413,59,601,368,0,0,,,,16574,,,5.0,5,5,0.0068,0.0006,0.0003,0.0046,0.0,0.0,,3.6293,3.6415
pegsol-opt11-strips-p05,0,False,50,123,282,470,65,647,413,0,0,,,,21859,,,7.0,7,7,0.0128,0.0007,0.0003,0.0055,0.0,0.0,,5.2933,5.3127
pegsol-opt11-strips-p06,2,False,40,100,252,410,58,602,356,0,0,,,,3844721,,,4.0,5,5,0.0112,0.0006,0.0003,0.0032,0.0,0.0,,900.0644,900.0798
pegsol-opt11-strips-p07,0,False,50,119,287,471,65,668,414,0,0,,,,6922,,,4.0,5,4,0.0062,0.0006,0.0005,0.0022,0.0,0.0,,2.6989,2.7084
pegsol-opt11-strips-p08,0,False,50,121,297,484,66,689,424,0,0,,,,3483,,,3.0,3,3,0.0075,0.0007,0.0004,0.0035,0.0,0.0,,1.439,1.451
pegsol-opt11-strips-p09,0,False,47,114,266,443,63,639,407,0,0,,,,5924,,,4.0,4,4,0.0068,0.0007,0.0003,0.0051,0.0,0.0,,1.8001,1.8131
pegsol-opt11-strips-p10,0,False,48,115,271,450,64,646,399,0,0,,,,6557,,,5.0,5,5,0.0079,0.0007,0.0003,0.004,0.0,0.0,,0.9033,0.9162
pegsol-opt11-strips-p11,0,False,43,107,241,410,62,638,422,0,0,,,,1595,,,4.0,4,4,0.0083,0.0007,0.0003,0.0031,0.0,0.0,,0.2284,0.2409
pegsol-opt11-strips-p12,0,False,40,100,228,387,59,579,372,0,0,,,,297,,,6.0,6,6,0.0077,0.0006,0.0002,0.0032,0.0,0.0,,0.1209,0.1326
pegsol-opt11-strips-p13,0,False,48,119,294,478,65,682,413,0,0,,,,866134,,,5.0,5,5,0.0073,0.0007,0.0003,0.0034,0.0,0.0,,166.4154,166.4271
pegsol-opt11-strips-p14,0,False,46,112,259,435,64,660,422,0,0,,,,604,,,5.0,5,5,0.0106,0.0007,0.0004,0.0044,0.0,0.0,,0.1369,0.153
pegsol-opt11-strips-p15,0,False,48,120,296,482,66,707,440,0,0,,,,8637,,,4.0,4,4,0.014,0.0007,0.0004,0.0039,0.0,0.0,,2.7047,2.7237
pegsol-opt11-strips-p16,2,False,40,124,312,498,62,674,408,0,0,,,,2908537,,,4.0,5,5,0.0243,0.0006,0.0004,0.0021,0.0,0.0,,900.2118,900.2392
pegsol-opt11-strips-p17,0,False,43,124,294,483,65,687,440,0,0,,,,2796,,,5.0,6,5,0.0249,0.0007,0.0004,0.0019,0.0,0.0,,0.363,0.3909
pegsol-opt11-strips-p18,0,False,42,132,296,494,66,675,444,0,0,,,,1188,,,9.0,9,9,0.0317,0.0007,0.0004,0.0048,0.0,0.0,,0.1393,0.1771
pegsol-opt11-strips-p19,0,False,39,138,332,536,66,734,486,0,0,,,,1075957,,,8.0,8,8,0.0071,0.0007,0.0005,0.0031,0.0,0.0,,243.569,243.5804
pegsol-opt11-strips-p20,2,False,28,144,348,554,62,714,480,0,0,,,,2856164,,,10.847,18,13,0.0275,0.0007,0.0004,0.0108,0.0,0.0,,900.5023,900.5417
pegsol-sat11-strips-p01,0,False,44,112,276,450,62,650,400,0,0,,,,154980,,,4.0,4,4,0.0327,0.0006,0.0004,0.0058,0.0,0.0,,27.1505,27.19
pegsol-sat11-strips-p02,0,False,40,100,236,394,58,591,377,0,0,,,,1302,,,5.0,6,5,0.0075,0.0006,0.0002,0.0027,0.0,0.0,,0.2972,0.3083
pegsol-sat11-strips-p03,0,False,41,103,251,413,59,601,368,0,0,,,,16574,,,5.0,5,5,0.0089,0.0006,0.0003,0.0045,0.0,0.0,,3.6295,3.6438
pegsol-sat11-strips-p04,0,False,50,123,282,470,65,647,413,0,0,,,,21859,,,7.0,7,7,0.0077,0.0006,0.0004,0.0053,0.0,0.0,,5.3055,5.3194
pegsol-sat11-strips-p05,2,False,40,100,252,410,58,602,356,0,0,,,,3807926,,,4.0,5,5,0.0442,0.0006,0.0003,0.008,0.0,0.0,,900.0722,900.1254
pegsol-sat11-strips-p06,0,False,50,119,287,471,65,668,414,0,0,,,,6922,,,4.0,5,4,0.0063,0.0006,0.0005,0.002,0.0,0.0,,2.6918,2.7012
pegsol-sat11-strips-p07,0,False,47,114,266,443,63,639,407,0,0,,,,5924,,,4.0,4,4,0.0067,0.0007,0.0004,0.0022,0.0,0.0,,1.7931,1.8031
pegsol-sat11-strips-p08,0,False,40,100,228,387,59,579,372,0,0,,,,297,,,6.0,6,6,0.0306,0.0006,0.0002,0.0052,0.0,0.0,,0.1206,0.1572
pegsol-sat11-strips-p09,0,False,46,112,259,435,64,660,422,0,0,,,,604,,,5.0,5,5,0.0102,0.0007,0.0004,0.0022,0.0,0.0,,0.1376,0.1511
pegsol-sat11-strips-p10,0,False,50,121,297,484,66,689,424,0,0,,,,3483,,,3.0,3,3,0.0066,0.0006,0.0003,0.0018,0.0,0.0,,1.438,1.4475
pegsol-sat11-strips-p11,0,False,48,115,271,450,64,646,399,0,0,,,,6557,,,5.0,5,5,0.0244,0.0006,0.0003,0.0038,0.0,0.0,,0.903,0.9322
pegsol-sat11-strips-p12,0,False,48,119,294,478,65,682,413,0,0,,,,866134,,,5.0,5,5,0.0064,0.0007,0.0003,0.002,0.0,0.0,,166.6962,166.7057
pegsol-sat11-strips-p13,0,False,50,110,251,424,63,617,391,0,0,,,,0,,,4.0,4,4,0.013,0.0006,0.0003,0.0045,0.0,0.0,,0.0509,0.0694
pegsol-sat11-strips-p14,0,False,48,120,296,482,66,707,440,0,0,,,,8637,,,4.0,4,4,0.0719,0.0007,0.0004,0.0048,0.0,0.0,,2.7143,2.7921
pegsol-sat11-strips-p15,0,False,51,111,252,428,65,641,404,0,0,,,,0,,,4.0,4,4,0.0081,0.0007,0.0003,0.0028,0.0,0.0,,0.0865,0.0984
pegsol-sat11-strips-p16,2,False,40,124,312,498,62,674,408,0,0,,,,2913184,,,4.0,5,5,0.0068,0.0006,0.0004,0.0024,0.0,0.0,,900.2266,900.2369
pegsol-sat11-strips-p17,0,False,43,124,294,483,65,687,440,0,0,,,,2796,,,5.0,6,5,0.0063,0.0007,0.0004,0.004,0.0,0.0,,0.3632,0.3746
pegsol-sat11-strips-p18,0,False,42,132,296,494,66,675,444,0,0,,,,1188,,,9.0,9,9,0.0084,0.0007,0.0004,0.0055,0.0,0.0,,0.1404,0.1555
pegsol-sat11-strips-p19,0,False,39,138,332,536,66,734,486,0,0,,,,1075957,,,8.0,8,8,0.0076,0.0007,0.0005,0.0033,0.0,0.0,,244.1737,244.1858
pegsol-sat11-strips-p20,2,False,28,144,348,554,62,714,480,0,0,,,,2854025,,,10.844,18,13,0.0085,0.0007,0.0004,0.0041,0.0,0.0,,900.536,900.5498
petri-net-alignment-opt18-strips-p01,0,False,115,440,630,1449,361,1649,907,0,0,,,,0,,,7.0,7,7,0.0413,0.009,0.0019,0.0067,0.0,0.0,,0.051,0.11
petri-net-alignment-opt18-strips-p02,0,False,147,593,850,1919,458,2194,1254,0,0,,,,11482,,,18.0,107,18,0.0165,0.0146,0.0106,0.0057,0.0,0.0,,8.5201,8.5675
petri-net-alignment-opt18-strips-p03,2,False,147,699,1018,2246,511,2581,1529,0,0,,,,1394224,,,24.321,81,34,0.0164,0.0185,0.017,0.0065,0.0,0.0,,900.2582,900.3179
petri-net-alignment-opt18-strips-p04,2,False,147,717,1043,2298,520,2643,1577,0,0,,,,1033600,,,25.45,99,48,0.0276,0.0194,0.0226,0.0086,0.0,0.0,,900.1555,900.235
petri-net-alignment-opt18-strips-p05,-2,False,0,0,0,0,0,0,0,0,0,,,,0,,,0.0,1e+20,1e+20,0,0,0,0,0,0,,0,0
petri-net-alignment-opt18-strips-p06,2,False,147,719,1044,2302,521,2643,1575,0,0,,,,1405468,,,32.554,107,65,0.0134,0.0192,0.0214,0.0068,0.0,0.0,,900.3267,900.3888
petri-net-alignment-opt18-strips-p07,2,False,147,683,989,2193,503,2517,1488,0,0,,,,1496425,,,39.03,122,57,0.0122,0.0176,0.0191,0.0068,0.0,0.0,,900.284,900.341
petri-net-alignment-opt18-strips-p08,2,False,147,721,1045,2306,522,2647,1581,0,0,,,,920846,,,31.69,118,71,0.0153,0.0194,0.0216,0.0054,0.0,0.0,,900.1638,900.2268
petri-net-alignment-opt18-strips-p09,2,False,147,700,1013,2243,512,2575,1528,0,0,,,,1342362,,,39.539,131,59,0.0202,0.0185,0.0202,0.0061,0.0,0.0,,900.2447,900.3109
petri-net-alignment-opt18-strips-p10,2,False,147,887,1293,2803,605,3227,1994,0,0,,,,838619,,,33.785,105,89,0.0159,0.0282,0.0329,0.0146,0.0,0.0,,900.1386,900.2321
petri-net-alignment-opt18-strips-p11,2,False,146,775,1115,2457,549,2817,1698,0,0,,,,1255926,,,43.116,132,65,0.014,0.0232,0.0267,0.0054,0.0,0.0,,900.1487,900.2182
petri-net-alignment-opt18-strips-p12,2,False,147,1013,1483,3183,669,3672,2303,0,0,,,,719488,,,17.535,101,88,0.0226,0.0365,0.043,0.0073,0.0,0.0,,900.107,900.2188
petri-net-alignment-opt18-strips-p13,2,False,147,884,1288,2794,604,3217,1980,0,0,,,,1005118,,,33.047,120,89,0.0169,0.0281,0.0374,0.0073,0.0,0.0,,900.2096,900.3012
petri-net-alignment-opt18-strips-p14,2,False,115,875,1269,2742,580,3148,1961,0,0,,,,806921,,,27.21,105,90,0.0168,0.029,0.0344,0.0111,0.0,0.0,,900.158,900.2495
petri-net-alignment-opt18-strips-p15,2,False,147,874,1268,2759,599,3173,1951,0,0,,,,1027333,,,32.191,131,112,0.0171,0.0275,0.0297,0.0078,0.0,0.0,,900.2642,900.3482
petri-net-alignment-opt18-strips-p16,2,False,147,959,1397,3016,642,3472,2158,0,0,,,,970370,,,20.396,104,92,0.0157,0.0328,0.0458,0.0063,0.0,0.0,,900.1814,900.2842
petri-net-alignment-opt18-strips-p17,2,False,147,993,1456,3126,659,3608,2256,0,0,,,,340134,,,11.794,106,94,0.22,0.0355,0.0413,0.0615,0.0,0.0,,899.8728,900.2335
petri-net-alignment-opt18-strips-p18,2,False,115,936,1367,2931,610,3374,2124,0,0,,,,848062,,,20.708,105,90,0.0188,0.0314,0.0357,0.0057,0.0,0.0,,900.1485,900.2423
petri-net-alignment-opt18-strips-p19,2,False,147,992,1450,3118,658,3593,2247,0,0,,,,818652,,,19.111,134,63,0.0208,0.0347,0.0379,0.0075,0.0,0.0,,900.1292,900.2324
petri-net-alignment-opt18-strips-p20,2,False,147,1017,1490,3196,671,3688,2313,0,0,,,,821547,,,27.167,145,87,0.0171,0.0369,0.0515,0.0066,0.0,0.0,,900.0506,900.1652
philosophers-p01-phil2,-3,False,0,0,0,0,0,0,0,0,0,,,,0,,,0.0,1e+20,1e+20,0,0,0,0,0,0,,0,0
philosophers-p02-phil3,-3,False,0,0,0,0,0,0,0,0,0,,,,0,,,0.0,1e+20,1e+20,0,0,0,0,0,0,,0,0
philosophers-p03-phil4,-3,False,0,0,0,0,0,0,0,0,0,,,,0,,,0.0,1e+20,1e+20,0,0,0,0,0,0,,0,0
philosophers-p04-phil5,-3,False,0,0,0,0,0,0,0,0,0,,,,0,,,0.0,1e+20,1e+20,0,0,0,0,0,0,,0,0
philosophers-p05-phil6,-3,False,0,0,0,0,0,0,0,0,0,,,,0,,,0.0,1e+20,1e+20,0,0,0,0,0,0,,0,0
philosophers-p06-phil7,-3,False,0,0,0,0,0,0,0,0,0,,,,0,,,0.0,1e+20,1e+20,0,0,0,0,0,0,,0,0
philosophers-p07-phil8,-3,False,0,0,0,0,0,0,0,0,0,,,,0,,,0.0,1e+20,1e+20,0,0,0,0,0,0,,0,0
philosophers-p08-phil9,-3,False,0,0,0,0,0,0,0,0,0,,,,0,,,0.0,1e+20,1e+20,0,0,0,0,0,0,,0,0
philosophers-p09-phil10,-3,False,0,0,0,0,0,0,0,0,0,,,,0,,,0.0,1e+20,1e+20,0,0,0,0,0,0,,0,0
philosophers-p10-phil11,-3,False,0,0,0,0,0,0,0,0,0,,,,0,,,0.0,1e+20,1e+20,0,0,0,0,0,0,,0,0
philosophers-p11-phil12,-3,False,0,0,0,0,0,0,0,0,0,,,,0,,,0.0,1e+20,1e+20,0,0,0,0,0,0,,0,0
philosophers-p12-phil13,-3,False,0,0,0,0,0,0,0,0,0,,,,0,,,0.0,1e+20,1e+20,0,0,0,0,0,0,,0,0
philosophers-p13-phil14,-3,False,0,0,0,0,0,0,0,0,0,,,,0,,,0.0,1e+20,1e+20,0,0,0,0,0,0,,0,0
philosophers-p14-phil15,-3,False,0,0,0,0,0,0,0,0,0,,,,0,,,0.0,1e+20,1e+20,0,0,0,0,0,0,,0,0
philosophers-p15-phil16,-3,False,0,0,0,0,0,0,0,0,0,,,,0,,,0.0,1e+20,1e+20,0,0,0,0,0,0,,0,0
philosophers-p16-phil17,-3,False,0,0,0,0,0,0,0,0,0,,,,0,,,0.0,1e+20,1e+20,0,0,0,0,0,0,,0,0
philosophers-p17-phil18,-3,False,0,0,0,0,0,0,0,0,0,,,,0,,,0.0,1e+20,1e+20,0,0,0,0,0,0,,0,0
philosophers-p18-phil19,-3,False,0,0,0,0,0,0,0,0,0,,,,0,,,0.0,1e+20,1e+20,0,0,0,0,0,0,,0,0
philosophers-p19-phil20,-3,False,0,0,0,0,0,0,0,0,0,,,,0,,,0.0,1e+20,1e+20,0,0,0,0,0,0,,0,0
philosophers-p20-phil21,-3,False,0,0,0,0,0,0,0,0,0,,,,0,,,0.0,1e+20,1e+20,0,0,0,0,0,0,,0,0
philosophers-p21-phil22,-3,False,0,0,0,0,0,0,0,0,0,,,,0,,,0.0,1e+20,1e+20,0,0,0,0,0,0,,0,0
philosophers-p22-phil23,-3,False,0,0,0,0,0,0,0,0,0,,,,0,,,0.0,1e+20,1e+20,0,0,0,0,0,0,,0,0
philosophers-p23-phil24,-3,False,0,0,0,0,0,0,0,0,0,,,,0,,,0.0,1e+20,1e+20,0,0,0,0,0,0,,0,0
philosophers-p24-phil25,-3,False,0,0,0,0,0,0,0,0,0,,,,0,,,0.0,1e+20,1e+20,0,0,0,0,0,0,,0,0
philosophers-p25-phil26,-3,False,0,0,0,0,0,0,0,0,0,,,,0,,,0.0,1e+20,1e+20,0,0,0,0,0,0,,0,0
philosophers-p26-phil27,-3,False,0,0,0,0,0,0,0,0,0,,,,0,,,0.0,1e+20,1e+20,0,0,0,0,0,0,,0,0
philosophers-p27-phil28,-3,False,0,0,0,0,0,0,0,0,0,,,,0,,,0.0,1e+20,1e+20,0,0,0,0,0,0,,0,0
philosophers-p28-phil29,-3,False,0,0,0,0,0,0,0,0,0,,,,0,,,0.0,1e+20,1e+20,0,0,0,0,0,0,,0,0
philosophers-p29-phil30,-3,False,0,0,0,0,0,0,0,0,0,,,,0,,,0.0,1e+20,1e+20,0,0,0,0,0,0,,0,0
philosophers-p30-phil31,-3,False,0,0,0,0,0,0,0,0,0,,,,0,,,0.0,1e+20,1e+20,0,0,0,0,0,0,,0,0
philosophers-p31-phil32,-3,False,0,0,0,0,0,0,0,0,0,,,,0,,,0.0,1e+20,1e+20,0,0,0,0,0,0,,0,0
philosophers-p32-phil33,-3,False,0,0,0,0,0,0,0,0,0,,,,0,,,0.0,1e+20,1e+20,0,0,0,0,0,0,,0,0
philosophers-p33-phil34,-3,False,0,0,0,0,0,0,0,0,0,,,,0,,,0.0,1e+20,1e+20,0,0,0,0,0,0,,0,0
philosophers-p34-phil35,-3,False,0,0,0,0,0,0,0,0,0,,,,0,,,0.0,1e+20,1e+20,0,0,0,0,0,0,,0,0
philosophers-p35-phil36,-3,False,0,0,0,0,0,0,0,0,0,,,,0,,,0.0,1e+20,1e+20,0,0,0,0,0,0,,0,0
philosophers-p36-phil37,-3,False,0,0,0,0,0,0,0,0,0,,,,0,,,0.0,1e+20,1e+20,0,0,0,0,0,0,,0,0
philosophers-p37-phil38,-3,False,0,0,0,0,0,0,0,0,0,,,,0,,,0.0,1e+20,1e+20,0,0,0,0,0,0,,0,0
philosophers-p38-phil39,-3,False,0,0,0,0,0,0,0,0,0,,,,0,,,0.0,1e+20,1e+20,0,0,0,0,0,0,,0,0
philosophers-p39-phil40,-3,False,0,0,0,0,0,0,0,0,0,,,,0,,,0.0,1e+20,1e+20,0,0,0,0,0,0,,0,0
philosophers-p40-phil41,-3,False,0,0,0,0,0,0,0,0,0,,,,0,,,0.0,1e+20,1e+20,0,0,0,0,0,0,,0,0
philosophers-p41-phil42,-3,False,0,0,0,0,0,0,0,0,0,,,,0,,,0.0,1e+20,1e+20,0,0,0,0,0,0,,0,0
philosophers-p42-phil43,-3,False,0,0,0,0,0,0,0,0,0,,,,0,,,0.0,1e+20,1e+20,0,0,0,0,0,0,,0,0
philosophers-p43-phil44,-3,False,0,0,0,0,0,0,0,0,0,,,,0,,,0.0,1e+20,1e+20,0,0,0,0,0,0,,0,0
philosophers-p44-phil45,-3,False,0,0,0,0,0,0,0,0,0,,,,0,,,0.0,1e+20,1e+20,0,0,0,0,0,0,,0,0
philosophers-p45-phil46,-3,False,0,0,0,0,0,0,0,0,0,,,,0,,,0.0,1e+20,1e+20,0,0,0,0,0,0,,0,0
philosophers-p46-phil47,-3,False,0,0,0,0,0,0,0,0,0,,,,0,,,0.0,1e+20,1e+20,0,0,0,0,0,0,,0,0
philosophers-p47-phil48,-3,False,0,0,0,0,0,0,0,0,0,,,,0,,,0.0,1e+20,1e+20,0,0,0,0,0,0,,0,0
philosophers-p48-phil49,-3,False,0,0,0,0,0,0,0,0,0,,,,0,,,0.0,1e+20,1e+20,0,0,0,0,0,0,,0,0
pipesworld-notankage-p01-net1-b6-g2,0,True,22,38,119,192,35,237,116,0,0,,,,0,,,5.0,5,5,0.0073,0.0003,0.0,0.0019,0.0,0.0,,0.0079,0.0175
pipesworld-notankage-p02-net1-b6-g4,0,True,19,38,130,205,37,258,124,0,0,,,,0,,,7.0,7,7,0.0082,0.0003,0.0,0.0022,0.0,0.0,,0.0079,0.0187
pipesworld-notankage-p03-net1-b8-g3,0,True,34,59,202,314,53,410,226,0,0,,,,0,,,7.0,7,7,0.0087,0.0007,0.0001,0.0016,0.0,0.0,,0.0136,0.0247
pipesworld-notankage-p04-net1-b8-g5,0,True,32,59,202,314,53,410,226,0,0,,,,0,,,7.0,8,7,0.0071,0.0007,0.0001,0.0023,0.0,0.0,,0.0163,0.0264
pipesworld-notankage-p05-net1-b10-g4,0,True,45,98,341,504,65,675,397,0,0,,,,0,,,7.0,7,7,0.0103,0.0012,0.0001,0.002,0.0,0.0,,0.0196,0.0332
pipesworld-notankage-p06-net1-b10-g6,0,True,41,98,343,507,66,679,398,0,0,,,,0,,,9.0,9,9,0.0127,0.0012,0.0001,0.0051,0.0,0.0,,0.0204,0.0395
pipesworld-notankage-p07-net1-b12-g5,0,True,54,148,467,693,78,944,605,0,0,,,,0,,,8.0,8,8,0.0093,0.0019,0.0001,0.0031,0.0,0.0,,0.0288,0.0432
pipesworld-notankage-p08-net1-b12-g7,0,True,48,148,480,708,80,971,617,0,0,,,,0,,,10.0,10,10,0.0091,0.0019,0.0001,0.0046,0.0,0.0,,0.0305,0.0463
pipesworld-notankage-p09-net1-b14-g6,0,True,55,198,660,950,92,1314,868,0,0,,,,0,,,13.0,14,13,0.011,0.0027,0.0003,0.0056,0.0,0.0,,0.1029,0.1226
pipesworld-notankage-p10-net1-b14-g8,0,True,46,198,681,973,94,1355,886,0,0,,,,378,,,17.0,18,17,0.0294,0.0027,0.0004,0.0045,0.0,0.0,,0.2195,0.2565
pipesworld-notankage-p11-net2-b10-g2,0,True,156,738,1572,2479,169,3315,3264,0,0,,,,0,,,11.0,12,11,0.0174,0.0061,0.0017,0.0063,0.0,0.0,,0.6318,0.6634
pipesworld-notankage-p12-net2-b10-g4,0,True,152,738,1572,2479,169,3315,3264,0,0,,,,1005,,,13.0,17,13,0.0096,0.0061,0.002,0.0044,0.0,0.0,,2.7491,2.7713
pipesworld-notankage-p13-net2-b12-g3,0,True,189,913,1953,3072,206,4117,4010,0,0,,,,0,,,12.0,13,12,0.0367,0.0085,0.0022,0.0127,0.0,0.0,,0.4125,0.4728
pipesworld-notankage-p14-net2-b12-g5,0,True,191,984,2109,3309,216,4427,4436,0,0,,,,8538,,,18.0,21,18,0.0251,0.0093,0.003,0.0142,0.0,0.0,,100.0816,100.1332
pipesworld-notankage-p15-net2-b14-g4,0,True,202,940,1936,3097,221,4171,4066,0,0,,,,372,,,14.0,15,14,0.0171,0.0099,0.0021,0.009,0.0,0.0,,2.2544,2.2926
pipesworld-notankage-p16-net2-b14-g6,0,True,198,940,1948,3110,222,4196,4078,0,0,,,,130,,,19.0,25,19,0.0132,0.0098,0.0032,0.0053,0.0,0.0,,1.8043,1.8358
pipesworld-notankage-p17-net2-b16-g5,0,True,295,1558,3291,5163,314,6862,6984,0,0,,,,0,,,12.0,12,12,0.0415,0.0193,0.0049,0.0101,0.0,0.0,,0.5313,0.6072
pipesworld-notankage-p18-net2-b16-g7,0,True,289,1558,3336,5210,316,6951,7026,0,0,,,,6123,,,18.0,20,18,0.0191,0.0194,0.0062,0.0093,0.0,0.0,,146.4641,146.5183
pipesworld-notankage-p19-net2-b18-g6,2,True,350,1900,4069,6344,375,8499,8417,0,0,,,,59346,,,18.259,23,20,0.0248,0.0285,0.0121,0.0159,0.0,0.0,,899.9642,900.0457
pipesworld-notankage-p20-net2-b18-g8,2,True,345,1900,4106,6383,377,8573,8452,0,0,,,,48274,,,21.009,27,23,0.0299,0.0287,0.0178,0.0121,0.0,0.0,,899.9757,900.0644
pipesworld-notankage-p21-net3-b12-g2,0,True,229,1025,2205,3470,240,4704,4641,0,0,,,,0,,,9.0,10,9,0.0384,0.0117,0.0022,0.0176,0.0,0.0,,0.4333,0.5034
pipesworld-notankage-p22-net3-b12-g4,0,True,219,1025,2253,3525,247,4802,4690,0,0,,,,508,,,19.0,21,19,0.0357,0.012,0.0038,0.0071,0.0,0.0,,5.785,5.8438
pipesworld-notankage-p23-net3-b14-g3,0,True,297,1466,3231,5016,319,6771,6756,0,0,,,,122,,,14.0,15,14,0.0225,0.0207,0.0062,0.01,0.0,0.0,,1.5022,1.5619
pipesworld-notankage-p24-net3-b14-g5,0,True,293,1466,3278,5065,321,6863,6799,0,0,,,,308,,,18.0,22,18,0.0223,0.0213,0.0114,0.0168,0.0,0.0,,4.1124,4.1844
pipesworld-notankage-p25-net3-b16-g5,0,True,363,1900,4159,6452,393,8683,8810,0,0,,,,11355,,,20.0,24,20,0.0251,0.0339,0.0096,0.0105,0.0,0.0,,232.6956,232.775
pipesworld-notankage-p26-net3-b16-g7,0,True,355,1900,4187,6482,395,8738,8835,0,0,,,,19328,,,24.0,30,24,0.0441,0.0333,0.0113,0.0145,0.0,0.0,,353.6894,353.7928
pipesworld-notankage-p27-net3-b18-g6,0,True,429,2280,5085,7824,459,10597,10449,0,0,,,,5340,,,19.0,25,19,0.0441,0.0479,0.0145,0.0156,0.0,0.0,,119.655,119.7773
pipesworld-notankage-p28-net3-b18-g7,0,True,424,2280,5099,7839,460,10625,10462,0,0,,,,2841,,,25.0,31,25,0.0315,0.0469,0.0194,0.0129,0.0,0.0,,100.0679,100.1789
pipesworld-notankage-p29-net3-b20-g6,0,True,522,2910,6425,9888,553,13354,13436,0,0,,,,7794,,,21.0,25,21,0.0762,0.0703,0.0152,0.0188,0.0,0.0,,371.0376,371.2185
pipesworld-notankage-p30-net3-b20-g8,2,True,468,2661,5817,8984,506,11991,11948,0,0,,,,32246,,,28.0,37,31,0.0444,0.056,0.024,0.0171,0.0,0.0,,899.9787,900.1207
pipesworld-notankage-p31-net4-b14-g3,2,True,325,2131,5171,7639,337,10240,11109,0,0,,,,46574,,,12.444,19,18,0.0247,0.0385,0.0065,0.0121,0.0,0.0,,905.3705,905.4526
pipesworld-notankage-p32-net4-b14-g5,2,True,320,2131,5193,7663,339,10290,11142,0,0,,,,33953,,,16.0,23,20,0.026,0.0396,0.0083,0.0137,0.0,0.0,,900.0657,900.1536
pipesworld-notankage-p33-net4-b16-g5,2,True,359,2256,5479,8112,377,10901,11799,0,0,,,,18789,,,15.0,18,18,0.0368,0.0448,0.0059,0.0188,0.0,0.0,,899.9556,900.0623
pipesworld-notankage-p34-net4-b16-g6,2,True,385,2589,6372,9370,409,12580,13744,0,0,,,,17946,,,17.0,29,25,0.0325,0.0574,0.0178,0.0184,0.0,0.0,,899.9618,900.0883
pipesworld-notankage-p35-net4-b18-g4,2,True,475,3482,8431,12402,489,16442,17982,0,0,,,,7116,,,11.0,19,17,0.0461,0.0876,0.0189,0.0231,0.0,0.0,,899.8669,900.043
pipesworld-notankage-p36-net4-b18-g6,2,True,470,3482,8499,12473,492,16580,18078,0,0,,,,7362,,,14.286,26,18,0.0449,0.0898,0.0237,0.022,0.0,0.0,,899.8637,900.0445
pipesworld-notankage-p37-net4-b20-g5,2,True,546,3944,9730,14236,562,18953,20708,0,0,,,,6264,,,13.0,15,14,0.0537,0.1155,0.0209,0.0284,0.0,0.0,,899.8059,900.0249
pipesworld-notankage-p38-net4-b20-g7,2,True,544,3944,9784,14291,563,19059,20759,0,0,,,,2565,,,15.0,21,20,0.2969,0.114,0.0292,0.0317,0.0,0.0,,899.5541,900.0263
pipesworld-notankage-p39-net4-b22-g7,2,True,669,5227,12906,18829,696,25095,27813,0,0,,,,1451,,,16.0,23,20,0.0748,0.1909,0.0378,0.0375,0.0,0.0,,899.7465,900.0881
pipesworld-notankage-p40-net4-b22-g8,2,True,668,5227,12944,18868,697,25170,27849,0,0,,,,2592,,,18.0,27,22,0.0716,0.1916,0.0446,0.0383,0.0,0.0,,899.6906,900.0372
pipesworld-notankage-p41-net5-b22-g2,0,True,739,6840,16252,23837,745,31701,36582,0,0,,,,167,,,8.0,8,8,0.325,0.2663,0.016,0.0488,0.0,0.0,,36.3448,37.0013
pipesworld-notankage-p42-net5-b22-g4,2,True,729,6840,16385,23977,752,31966,36742,0,0,,,,3463,,,14.0,19,16,0.0972,0.2685,0.0504,0.0506,0.0,0.0,,899.5725,900.0397
pipesworld-notankage-p43-net5-b24-g3,2,True,838,8293,19762,28913,858,38289,43802,0,0,,,,1673,,,13.0,24,20,0.1203,0.3579,0.0902,0.0652,0.0,0.0,,899.4204,900.055
pipesworld-notankage-p44-net5-b24-g5,2,True,836,8293,19826,28981,862,38439,43903,0,0,,,,2547,,,17.0,28,23,0.1254,0.3588,0.1154,0.0702,0.0,0.0,,899.3947,900.0655
pipesworld-notankage-p45-net5-b26-g4,2,True,949,9665,23109,33747,973,44701,51147,0,0,,,,1245,,,16.5,28,26,0.6761,0.4571,0.1156,0.0844,0.0,0.0,,898.8036,900.138
pipesworld-notankage-p46-net5-b26-g6,2,True,946,9665,23192,33833,976,44871,51255,0,0,,,,1006,,,20.478,38,31,0.158,0.4567,0.1519,0.0815,0.0,0.0,,899.1899,900.039
pipesworld-notankage-p47-net5-b28-g5,2,True,1048,10852,25753,37686,1081,49847,57772,0,0,,,,1991,,,19.004,39,35,0.1805,0.576,0.2069,0.0976,0.0,0.0,,899.01,900.0722
pipesworld-notankage-p48-net5-b28-g7,2,True,1043,10852,25859,37795,1084,50064,57898,0,0,,,,1668,,,24.793,47,42,0.1813,0.5766,0.2774,0.0966,0.0,0.0,,898.91,900.0432
pipesworld-notankage-p49-net5-b30-g6,2,True,1172,12349,29452,42997,1196,56855,65620,0,0,,,,528,,,18.0,30,28,0.2285,0.718,0.1622,0.13,0.0,0.0,,898.8106,900.0508
pipesworld-notankage-p50-net5-b30-g8,2,True,1162,12349,29507,43055,1199,56961,65685,0,0,,,,566,,,22.0,42,38,0.2402,0.7143,0.2473,0.1232,0.0,0.0,,898.7288,900.0553
pipesworld-tankage-p01-net1-b6-g2-t50,0,True,28,46,149,235,40,357,228,0,0,,,,0,,,5.0,5,5,0.0105,0.0003,0.0,0.0122,0.0,0.0,,0.0131,0.0362
pipesworld-tankage-p02-net1-b6-g4-t50,0,True,22,46,156,243,41,371,234,0,0,,,,0,,,7.0,8,7,0.0061,0.0003,0.0001,0.0025,0.0,0.0,,0.0175,0.0266
pipesworld-tankage-p03-net1-b8-g3-t80,0,True,42,188,604,848,56,996,1116,0,0,,,,0,,,7.0,7,7,0.0165,0.0024,0.0002,0.0035,0.0,0.0,,0.055,0.0777
pipesworld-tankage-p04-net1-b8-g5-t80,0,True,40,199,632,887,56,1041,1193,0,0,,,,0,,,7.0,7,7,0.0158,0.0024,0.0002,0.0043,0.0,0.0,,0.0467,0.0695
pipesworld-tankage-p05-net1-b10-g4-t50,0,True,46,155,566,783,62,1004,792,0,0,,,,0,,,7.0,7,7,0.0113,0.0029,0.0001,0.0036,0.0,0.0,,0.0364,0.0544
pipesworld-tankage-p06-net1-b10-g6-t50,0,True,41,155,568,786,63,1008,793,0,0,,,,0,,,9.0,9,9,0.0116,0.0029,0.0002,0.0038,0.0,0.0,,0.0354,0.0539
pipesworld-tankage-p07-net1-b12-g5-t80,0,True,64,522,1785,2386,79,2548,2701,0,0,,,,0,,,8.0,8,8,0.0188,0.0151,0.001,0.004,0.0,0.0,,0.1121,0.1511
pipesworld-tankage-p08-net1-b12-g7-t80,0,True,60,522,1851,2454,81,2634,2763,0,0,,,,0,,,10.0,10,10,0.021,0.0147,0.0012,0.0058,0.0,0.0,,0.2777,0.3206
pipesworld-tankage-p09-net1-b14-g6-t50,0,True,60,941,3042,4069,86,4028,4965,0,0,,,,1177,,,13.0,15,13,0.0242,0.0173,0.0046,0.0081,0.0,0.0,,2.3704,2.4248
pipesworld-tankage-p10-net1-b14-g8-t50,0,True,54,941,3125,4154,88,4153,5074,0,0,,,,4758,,,17.0,18,17,0.0218,0.0169,0.005,0.0069,0.0,0.0,,2.9769,3.0278
pipesworld-tankage-p11-net2-b10-g2-t30,0,True,165,994,2905,4075,176,5165,6700,0,0,,,,4587,,,12.0,13,12,0.0172,0.017,0.0029,0.007,0.0,0.0,,56.7541,56.7983
pipesworld-tankage-p12-net2-b10-g4-t60,0,True,167,1548,4405,6135,182,7119,11004,0,0,,,,3531,,,13.0,17,13,0.0647,0.0296,0.0058,0.0123,0.0,0.0,,36.2387,36.3512
pipesworld-tankage-p13-net2-b12-g3-t70,0,True,213,2379,6477,9083,227,10364,17035,0,0,,,,12774,,,12.0,13,12,0.0449,0.0476,0.0096,0.0134,0.0,0.0,,728.9542,729.07
pipesworld-tankage-p14-net2-b12-g5-t30,2,True,206,1801,4803,6828,224,7964,12541,0,0,,,,34128,,,15.0,23,19,0.0194,0.0318,0.0099,0.0126,0.0,0.0,,900.0457,900.1197
pipesworld-tankage-p15-net2-b14-g4-t30,0,True,218,1348,3426,5005,231,6237,8330,0,0,,,,4780,,,14.0,16,14,0.0203,0.0282,0.0051,0.0094,0.0,0.0,,82.9284,82.9917
pipesworld-tankage-p16-net2-b14-g6-t80,0,True,234,3342,9187,12780,251,13723,24568,0,0,,,,9342,,,19.0,25,19,0.0566,0.0942,0.019,0.0192,0.0,0.0,,410.3,410.4893
pipesworld-tankage-p17-net2-b16-g5-t20,0,True,300,1959,4843,7121,319,8889,12224,0,0,,,,0,,,13.0,13,13,0.026,0.0456,0.0087,0.0113,0.0,0.0,,1.4003,1.4921
pipesworld-tankage-p18-net2-b16-g7-t60,2,True,319,4813,13246,18397,338,19622,36261,0,0,,,,3372,,,15.0,24,18,0.0495,0.1453,0.0444,0.0286,0.0,0.0,,899.7666,900.0347
pipesworld-tankage-p19-net2-b18-g6-t60,2,True,378,4223,11752,16371,396,18535,30045,0,0,,,,10767,,,14.5,23,20,0.0596,0.1789,0.0353,0.029,0.0,0.0,,900.1702,900.4734
pipesworld-tankage-p20-net2-b18-g8-t90,2,True,399,8789,24023,33232,420,34052,65827,0,0,,,,3961,,,18.0,27,23,0.1031,0.4184,0.0972,0.0577,0.0,0.0,,899.4125,900.09
pipesworld-tankage-p21-net3-b12-g2-t60,0,True,246,2182,5913,8348,253,9889,15875,0,0,,,,3071,,,9.0,10,9,0.0257,0.0487,0.0051,0.0153,0.0,0.0,,19.6598,19.7549
pipesworld-tankage-p22-net3-b12-g4-t60,2,True,238,2177,5928,8359,254,9921,15873,0,0,,,,18795,,,16.0,21,19,0.0246,0.0479,0.0124,0.0125,0.0,0.0,,899.9247,900.0222
pipesworld-tankage-p23-net3-b14-g3-t60,2,True,316,4452,12686,17472,334,18947,33417,0,0,,,,8162,,,13.0,16,15,0.0865,0.1472,0.0282,0.0302,0.0,0.0,,901.2716,901.5642
pipesworld-tankage-p24-net3-b14-g5-t60,2,True,312,4375,12527,17236,334,18715,32933,0,0,,,,3099,,,15.005,22,19,0.0508,0.148,0.0381,0.0271,0.0,0.0,,899.7707,900.0351
pipesworld-tankage-p25-net3-b16-g5-t60,2,True,394,6948,19718,27080,414,28458,51414,0,0,,,,3305,,,17.0,25,20,0.1119,0.3476,0.0787,0.0458,0.0,0.0,,899.4722,900.0579
pipesworld-tankage-p26-net3-b16-g7-t70,2,True,392,7771,22010,30199,418,31274,57482,0,0,,,,2602,,,19.0,30,24,0.1203,0.4201,0.1119,0.0514,0.0,0.0,,899.3669,900.0726
pipesworld-tankage-p27-net3-b18-g6-t70,2,True,461,8116,22413,31009,480,33119,58097,0,0,,,,2370,,,15.004,24,20,0.1213,0.4415,0.1157,0.0606,0.0,0.0,,900.4511,901.1915
pipesworld-tankage-p28-net3-b18-g7-t70,2,True,454,8116,22413,31009,480,33119,58097,0,0,,,,1195,,,22.0,31,27,0.1194,0.448,0.1478,0.0574,0.0,0.0,,899.2762,900.0502
pipesworld-tankage-p29-net3-b20-g6-t70,2,True,561,11951,33019,45551,581,47130,86762,0,0,,,,1314,,,16.0,25,22,0.2073,0.8249,0.1274,0.0919,0.0,0.0,,898.8101,900.0647
pipesworld-tankage-p30-net3-b20-g8-t70,2,True,519,12786,37987,51317,544,50655,93399,0,0,,,,2560,,,23.0,38,32,0.1911,0.8845,0.1843,0.1087,0.0,0.0,,898.7067,900.0772
pipesworld-tankage-p31-net4-b14-g3-t20,2,True,245,1509,3916,5680,255,7455,10181,0,0,,,,49298,,,11.106,23,19,0.1143,0.026,0.0056,0.0142,0.0,0.0,,899.9338,900.094
pipesworld-tankage-p32-net4-b14-g5-t30,2,True,329,3425,10311,14081,345,17506,27152,0,0,,,,4691,,,13.002,21,21,0.0622,0.1275,0.0154,0.0269,0.0,0.0,,899.8215,900.0539
pipesworld-tankage-p33-net4-b16-g5-t60,2,True,377,7138,20848,28375,389,30606,57620,0,0,,,,353,,,12.485,19,19,0.0673,0.2662,0.0296,0.0477,0.0,0.0,,899.6606,900.0723
pipesworld-tankage-p34-net4-b16-g6-t60,2,True,413,9488,27637,37550,425,40040,77058,0,0,,,,490,,,13.333,31,28,0.0863,0.4192,0.118,0.0635,0.0,0.0,,899.3744,900.0627
pipesworld-tankage-p35-net4-b18-g4-t90,2,True,537,21724,62972,85239,543,84073,174240,0,0,,,,650,,,9.0,17,17,0.2565,1.7505,0.1936,0.169,0.0,0.0,,897.8341,900.2077
pipesworld-tankage-p36-net4-b18-g6-t90,2,True,533,21724,63068,85336,544,84212,174420,0,0,,,,0,,,12.0,25,24,0.2584,1.7647,0.2999,0.1713,0.0,0.0,,897.5697,900.0664
pipesworld-tankage-p37-net4-b20-g5-t60,2,True,576,16940,50267,67790,583,69443,137709,0,0,,,,124,,,8.0,15,14,0.1835,1.1399,0.1641,0.1337,0.0,0.0,,898.4183,900.0415
pipesworld-tankage-p38-net4-b20-g7-t60,2,True,574,16940,50267,67790,583,69443,137709,0,0,,,,108,,,11.0,21,20,0.1879,1.1375,0.2266,0.1331,0.0,0.0,,898.412,900.0994
pipesworld-tankage-p39-net4-b22-g7-t50,2,True,700,21823,63794,86331,714,89248,175678,0,0,,,,80,,,14.0,24,21,0.4654,1.8966,0.4444,0.1992,0.0,0.0,,897.1074,900.1154
pipesworld-tankage-p40-net4-b22-g8-t50,2,True,699,21823,63794,86331,714,89248,175678,0,0,,,,0,,,15.0,28,25,0.2827,1.9047,0.4777,0.21,0.0,0.0,,897.2716,900.1492
pipesworld-tankage-p41-net5-b22-g2-t20,2,True,743,12877,36885,50509,747,58735,102648,0,0,,,,1411,,,5.625,8,8,0.1796,0.7067,0.0661,0.1693,0.0,0.0,,898.9433,900.0662
pipesworld-tankage-p42-net5-b22-g4-t50,2,True,775,34729,101107,136622,786,135692,287246,0,0,,,,29,,,10.0,20,18,0.6227,4.3521,1.1986,0.4197,0.0,0.0,,893.6229,900.2202
pipesworld-tankage-p43-net5-b24-g3-t80,2,True,909,61045,179241,241208,922,226140,504047,0,0,,,,32,,,9.0,24,21,1.1482,9.7174,1.5784,0.8712,0.0,0.0,,887.2403,900.57
pipesworld-tankage-p44-net5-b24-g5-t80,2,True,907,61045,179241,241208,922,226140,504047,0,0,,,,74,,,11.0,27,24,1.0026,9.697,1.8349,0.8828,0.0,0.0,,886.9067,900.338
pipesworld-tankage-p45-net5-b26-g4-t50,2,True,995,41360,123395,165763,1008,164754,338641,0,0,,,,7,,,12.667,31,23,0.7139,5.9992,1.2626,0.6202,0.0,0.0,,891.6601,900.2653
pipesworld-tankage-p46-net5-b26-g6-t50,2,True,992,41339,123502,165850,1009,164893,338772,0,0,,,,49,,,16.778,41,32,0.6915,6.0138,1.6341,0.6179,0.0,0.0,,891.2606,900.2268
pipesworld-tankage-p47-net5-b28-g5-t50,2,True,1100,50902,148577,200597,1118,198232,417744,0,0,,,,7,,,16.0,40,35,0.9397,8.2873,2.0333,0.8253,0.0,0.0,,888.484,900.5886
pipesworld-tankage-p48-net5-b28-g7-t50,2,True,1096,50902,148652,200673,1119,198352,417884,0,0,,,,20,,,19.667,48,39,0.9151,8.3618,2.674,0.8201,0.0,0.0,,887.4939,900.2769
pipesworld-tankage-p49-net5-b30-g6-t50,2,True,1226,62714,184276,248226,1236,241856,518666,0,0,,,,3,,,12.0,31,28,1.1756,10.6861,3.1967,1.1013,0.0,0.0,,884.2918,900.4651
pipesworld-tankage-p50-net5-b30-g8-t50,2,True,1218,62714,184305,248256,1237,241904,518701,0,0,,,,0,,,16.0,42,39,1.1681,10.76,3.375,1.1001,0.0,0.0,,883.8018,900.2186
psr-large-p01-s29-n2-l5-f30,-3,False,0,0,0,0,0,0,0,0,0,,,,0,,,0.0,1e+20,1e+20,0,0,0,0,0,0,,0,0
psr-large-p02-s46-n3-l5-f50,-3,False,0,0,0,0,0,0,0,0,0,,,,0,,,0.0,1e+20,1e+20,0,0,0,0,0,0,,0,0
psr-large-p03-s53-n4-l3-f30,-3,False,0,0,0,0,0,0,0,0,0,,,,0,,,0.0,1e+20,1e+20,0,0,0,0,0,0,,0,0
psr-large-p04-s66-n5-l2-f50,-3,False,0,0,0,0,0,0,0,0,0,,,,0,,,0.0,1e+20,1e+20,0,0,0,0,0,0,,0,0
psr-large-p05-s71-n5-l3-f70,-3,False,0,0,0,0,0,0,0,0,0,,,,0,,,0.0,1e+20,1e+20,0,0,0,0,0,0,,0,0
psr-large-p06-s74-n5-l4-f50,-3,False,0,0,0,0,0,0,0,0,0,,,,0,,,0.0,1e+20,1e+20,0,0,0,0,0,0,,0,0
psr-large-p07-s81-n6-l2-f30,-3,False,0,0,0,0,0,0,0,0,0,,,,0,,,0.0,1e+20,1e+20,0,0,0,0,0,0,,0,0
psr-large-p08-s87-n6-l3-f70,-3,False,0,0,0,0,0,0,0,0,0,,,,0,,,0.0,1e+20,1e+20,0,0,0,0,0,0,,0,0
psr-large-p09-s90-n6-l4-f50,-3,False,0,0,0,0,0,0,0,0,0,,,,0,,,0.0,1e+20,1e+20,0,0,0,0,0,0,,0,0
psr-large-p10-s93-n6-l5-f30,-3,False,0,0,0,0,0,0,0,0,0,,,,0,,,0.0,1e+20,1e+20,0,0,0,0,0,0,,0,0
psr-large-p11-s100-n7-l3-f10,-3,False,0,0,0,0,0,0,0,0,0,,,,0,,,0.0,1e+20,1e+20,0,0,0,0,0,0,,0,0
psr-large-p12-s103-n7-l3-f70,-3,False,0,0,0,0,0,0,0,0,0,,,,0,,,0.0,1e+20,1e+20,0,0,0,0,0,0,,0,0
psr-large-p13-s106-n7-l4-f50,-3,False,0,0,0,0,0,0,0,0,0,,,,0,,,0.0,1e+20,1e+20,0,0,0,0,0,0,,0,0
psr-large-p14-s112-n8-l2-f10,-3,False,0,0,0,0,0,0,0,0,0,,,,0,,,0.0,1e+20,1e+20,0,0,0,0,0,0,,0,0
psr-large-p15-s114-n8-l2-f50,-3,False,0,0,0,0,0,0,0,0,0,,,,0,,,0.0,1e+20,1e+20,0,0,0,0,0,0,,0,0
psr-large-p16-s119-n8-l3-f70,-3,False,0,0,0,0,0,0,0,0,0,,,,0,,,0.0,1e+20,1e+20,0,0,0,0,0,0,,0,0
psr-large-p17-s129-n9-l2-f30,-3,False,0,0,0,0,0,0,0,0,0,,,,0,,,0.0,1e+20,1e+20,0,0,0,0,0,0,,0,0
psr-large-p18-s133-n9-l3-f30,-3,False,0,0,0,0,0,0,0,0,0,,,,0,,,0.0,1e+20,1e+20,0,0,0,0,0,0,,0,0
psr-large-p19-s144-n10-l2-f10,-3,False,0,0,0,0,0,0,0,0,0,,,,0,,,0.0,1e+20,1e+20,0,0,0,0,0,0,,0,0
psr-large-p20-s149-n10-l3-f30,-3,False,0,0,0,0,0,0,0,0,0,,,,0,,,0.0,1e+20,1e+20,0,0,0,0,0,0,,0,0
psr-large-p21-s160-n12-l2-f10,-3,False,0,0,0,0,0,0,0,0,0,,,,0,,,0.0,1e+20,1e+20,0,0,0,0,0,0,,0,0
psr-large-p22-s162-n12-l3-f10,-3,False,0,0,0,0,0,0,0,0,0,,,,0,,,0.0,1e+20,1e+20,0,0,0,0,0,0,,0,0
psr-large-p23-s164-n15-l2-f10,-3,False,0,0,0,0,0,0,0,0,0,,,,0,,,0.0,1e+20,1e+20,0,0,0,0,0,0,,0,0
psr-large-p24-s166-n15-l3-f10,-3,False,0,0,0,0,0,0,0,0,0,,,,0,,,0.0,1e+20,1e+20,0,0,0,0,0,0,,0,0
psr-large-p25-s168-n20-l2-f10,-3,False,0,0,0,0,0,0,0,0,0,,,,0,,,0.0,1e+20,1e+20,0,0,0,0,0,0,,0,0
psr-large-p26-s170-n20-l3-f10,-3,False,0,0,0,0,0,0,0,0,0,,,,0,,,0.0,1e+20,1e+20,0,0,0,0,0,0,,0,0
psr-large-p27-s172-n25-l2-f10,-3,False,0,0,0,0,0,0,0,0,0,,,,0,,,0.0,1e+20,1e+20,0,0,0,0,0,0,,0,0
psr-large-p28-s174-n25-l3-f10,-3,False,0,0,0,0,0,0,0,0,0,,,,0,,,0.0,1e+20,1e+20,0,0,0,0,0,0,,0,0
psr-large-p29-s177-n30-l2-f30,-3,False,0,0,0,0,0,0,0,0,0,,,,0,,,0.0,1e+20,1e+20,0,0,0,0,0,0,,0,0
psr-large-p30-s179-n30-l3-f30,-3,False,0,0,0,0,0,0,0,0,0,,,,0,,,0.0,1e+20,1e+20,0,0,0,0,0,0,,0,0
psr-large-p31-s181-n35-l2-f30,-3,False,0,0,0,0,0,0,0,0,0,,,,0,,,0.0,1e+20,1e+20,0,0,0,0,0,0,,0,0
psr-large-p32-s183-n35-l3-f30,-3,False,0,0,0,0,0,0,0,0,0,,,,0,,,0.0,1e+20,1e+20,0,0,0,0,0,0,,0,0
psr-large-p33-s185-n40-l2-f30,-3,False,0,0,0,0,0,0,0,0,0,,,,0,,,0.0,1e+20,1e+20,0,0,0,0,0,0,,0,0
psr-large-p34-s187-n40-l3-f30,-3,False,0,0,0,0,0,0,0,0,0,,,,0,,,0.0,1e+20,1e+20,0,0,0,0,0,0,,0,0
psr-large-p35-s189-n45-l2-f30,-3,False,0,0,0,0,0,0,0,0,0,,,,0,,,0.0,1e+20,1e+20,0,0,0,0,0,0,,0,0
psr-large-p36-s191-n45-l3-f30,-3,False,0,0,0,0,0,0,0,0,0,,,,0,,,0.0,1e+20,1e+20,0,0,0,0,0,0,,0,0
psr-large-p37-s193-n50-l2-f30,-3,False,0,0,0,0,0,0,0,0,0,,,,0,,,0.0,1e+20,1e+20,0,0,0,0,0,0,,0,0
psr-large-p38-s195-n50-l3-f30,-3,False,0,0,0,0,0,0,0,0,0,,,,0,,,0.0,1e+20,1e+20,0,0,0,0,0,0,,0,0
psr-large-p39-s197-n55-l2-f30,-3,False,0,0,0,0,0,0,0,0,0,,,,0,,,0.0,1e+20,1e+20,0,0,0,0,0,0,,0,0
psr-large-p40-s199-n55-l3-f30,-3,False,0,0,0,0,0,0,0,0,0,,,,0,,,0.0,1e+20,1e+20,0,0,0,0,0,0,,0,0
psr-large-p41-s201-n60-l2-f30,-3,False,0,0,0,0,0,0,0,0,0,,,,0,,,0.0,1e+20,1e+20,0,0,0,0,0,0,,0,0
psr-large-p42-s203-n60-l3-f30,-3,False,0,0,0,0,0,0,0,0,0,,,,0,,,0.0,1e+20,1e+20,0,0,0,0,0,0,,0,0
psr-large-p43-s205-n70-l2-f30,-3,False,0,0,0,0,0,0,0,0,0,,,,0,,,0.0,1e+20,1e+20,0,0,0,0,0,0,,0,0
psr-large-p44-s207-n70-l3-f30,-3,False,0,0,0,0,0,0,0,0,0,,,,0,,,0.0,1e+20,1e+20,0,0,0,0,0,0,,0,0
psr-large-p45-s209-n80-l2-f30,-3,False,0,0,0,0,0,0,0,0,0,,,,0,,,0.0,1e+20,1e+20,0,0,0,0,0,0,,0,0
psr-large-p46-s211-n80-l3-f30,-3,False,0,0,0,0,0,0,0,0,0,,,,0,,,0.0,1e+20,1e+20,0,0,0,0,0,0,,0,0
psr-large-p47-s213-n90-l2-f30,-3,False,0,0,0,0,0,0,0,0,0,,,,0,,,0.0,1e+20,1e+20,0,0,0,0,0,0,,0,0
psr-large-p48-s215-n90-l3-f30,-3,False,0,0,0,0,0,0,0,0,0,,,,0,,,0.0,1e+20,1e+20,0,0,0,0,0,0,,0,0
psr-large-p49-s217-n100-l2-f30,-3,False,0,0,0,0,0,0,0,0,0,,,,0,,,0.0,1e+20,1e+20,0,0,0,0,0,0,,0,0
psr-large-p50-s219-n100-l3-f30,-3,False,0,0,0,0,0,0,0,0,0,,,,0,,,0.0,1e+20,1e+20,0,0,0,0,0,0,,0,0
psr-middle-p01-s17-n2-l2-f30,-3,False,0,0,0,0,0,0,0,0,0,,,,0,,,0.0,1e+20,1e+20,0,0,0,0,0,0,,0,0
psr-middle-p02-s23-n2-l3-f70,-3,False,0,0,0,0,0,0,0,0,0,,,,0,,,0.0,1e+20,1e+20,0,0,0,0,0,0,,0,0
psr-middle-p03-s28-n2-l5-f10,-3,False,0,0,0,0,0,0,0,0,0,,,,0,,,0.0,1e+20,1e+20,0,0,0,0,0,0,,0,0
psr-middle-p04-s31-n2-l5-f70,-3,False,0,0,0,0,0,0,0,0,0,,,,0,,,0.0,1e+20,1e+20,0,0,0,0,0,0,,0,0
psr-middle-p05-s34-n3-l2-f50,-3,False,0,0,0,0,0,0,0,0,0,,,,0,,,0.0,1e+20,1e+20,0,0,0,0,0,0,,0,0
psr-middle-p06-s37-n3-l3-f30,-3,False,0,0,0,0,0,0,0,0,0,,,,0,,,0.0,1e+20,1e+20,0,0,0,0,0,0,,0,0
psr-middle-p07-s38-n3-l3-f50,-3,False,0,0,0,0,0,0,0,0,0,,,,0,,,0.0,1e+20,1e+20,0,0,0,0,0,0,,0,0
psr-middle-p08-s40-n3-l4-f10,-3,False,0,0,0,0,0,0,0,0,0,,,,0,,,0.0,1e+20,1e+20,0,0,0,0,0,0,,0,0
psr-middle-p09-s42-n3-l4-f50,-3,False,0,0,0,0,0,0,0,0,0,,,,0,,,0.0,1e+20,1e+20,0,0,0,0,0,0,,0,0
psr-middle-p10-s45-n3-l5-f30,-3,False,0,0,0,0,0,0,0,0,0,,,,0,,,0.0,1e+20,1e+20,0,0,0,0,0,0,,0,0
psr-middle-p11-s46-n3-l5-f50,-3,False,0,0,0,0,0,0,0,0,0,,,,0,,,0.0,1e+20,1e+20,0,0,0,0,0,0,,0,0
psr-middle-p12-s50-n4-l2-f50,-3,False,0,0,0,0,0,0,0,0,0,,,,0,,,0.0,1e+20,1e+20,0,0,0,0,0,0,,0,0
psr-middle-p13-s53-n4-l3-f30,-3,False,0,0,0,0,0,0,0,0,0,,,,0,,,0.0,1e+20,1e+20,0,0,0,0,0,0,,0,0
psr-middle-p14-s55-n4-l3-f70,-3,False,0,0,0,0,0,0,0,0,0,,,,0,,,0.0,1e+20,1e+20,0,0,0,0,0,0,,0,0
psr-middle-p15-s56-n4-l4-f10,-3,False,0,0,0,0,0,0,0,0,0,,,,0,,,0.0,1e+20,1e+20,0,0,0,0,0,0,,0,0
psr-middle-p16-s60-n4-l5-f10,-3,False,0,0,0,0,0,0,0,0,0,,,,0,,,0.0,1e+20,1e+20,0,0,0,0,0,0,,0,0
psr-middle-p17-s61-n4-l5-f30,-3,False,0,0,0,0,0,0,0,0,0,,,,0,,,0.0,1e+20,1e+20,0,0,0,0,0,0,,0,0
psr-middle-p18-s62-n4-l5-f50,-3,False,0,0,0,0,0,0,0,0,0,,,,0,,,0.0,1e+20,1e+20,0,0,0,0,0,0,,0,0
psr-middle-p19-s66-n5-l2-f50,-3,False,0,0,0,0,0,0,0,0,0,,,,0,,,0.0,1e+20,1e+20,0,0,0,0,0,0,,0,0
psr-middle-p20-s69-n5-l3-f30,-3,False,0,0,0,0,0,0,0,0,0,,,,0,,,0.0,1e+20,1e+20,0,0,0,0,0,0,,0,0
psr-middle-p21-s72-n5-l4-f10,-3,False,0,0,0,0,0,0,0,0,0,,,,0,,,0.0,1e+20,1e+20,0,0,0,0,0,0,,0,0
psr-middle-p22-s74-n5-l4-f50,-3,False,0,0,0,0,0,0,0,0,0,,,,0,,,0.0,1e+20,1e+20,0,0,0,0,0,0,,0,0
psr-middle-p23-s76-n5-l5-f10,-3,False,0,0,0,0,0,0,0,0,0,,,,0,,,0.0,1e+20,1e+20,0,0,0,0,0,0,,0,0
psr-middle-p24-s77-n5-l5-f30,-3,False,0,0,0,0,0,0,0,0,0,,,,0,,,0.0,1e+20,1e+20,0,0,0,0,0,0,,0,0
psr-middle-p25-s81-n6-l2-f30,-3,False,0,0,0,0,0,0,0,0,0,,,,0,,,0.0,1e+20,1e+20,0,0,0,0,0,0,,0,0
psr-middle-p26-s85-n6-l3-f30,-3,False,0,0,0,0,0,0,0,0,0,,,,0,,,0.0,1e+20,1e+20,0,0,0,0,0,0,,0,0
psr-middle-p27-s86-n6-l3-f50,-3,False,0,0,0,0,0,0,0,0,0,,,,0,,,0.0,1e+20,1e+20,0,0,0,0,0,0,,0,0
psr-middle-p28-s88-n6-l4-f10,-3,False,0,0,0,0,0,0,0,0,0,,,,0,,,0.0,1e+20,1e+20,0,0,0,0,0,0,,0,0
psr-middle-p29-s89-n6-l4-f30,-3,False,0,0,0,0,0,0,0,0,0,,,,0,,,0.0,1e+20,1e+20,0,0,0,0,0,0,,0,0
psr-middle-p30-s90-n6-l4-f50,-3,False,0,0,0,0,0,0,0,0,0,,,,0,,,0.0,1e+20,1e+20,0,0,0,0,0,0,,0,0
psr-middle-p31-s92-n6-l5-f10,-3,False,0,0,0,0,0,0,0,0,0,,,,0,,,0.0,1e+20,1e+20,0,0,0,0,0,0,,0,0
psr-middle-p32-s93-n6-l5-f30,-3,False,0,0,0,0,0,0,0,0,0,,,,0,,,0.0,1e+20,1e+20,0,0,0,0,0,0,,0,0
psr-middle-p33-s100-n7-l3-f10,-3,False,0,0,0,0,0,0,0,0,0,,,,0,,,0.0,1e+20,1e+20,0,0,0,0,0,0,,0,0
psr-middle-p34-s102-n7-l3-f50,-3,False,0,0,0,0,0,0,0,0,0,,,,0,,,0.0,1e+20,1e+20,0,0,0,0,0,0,,0,0
psr-middle-p35-s103-n7-l3-f70,-3,False,0,0,0,0,0,0,0,0,0,,,,0,,,0.0,1e+20,1e+20,0,0,0,0,0,0,,0,0
psr-middle-p36-s106-n7-l4-f50,-3,False,0,0,0,0,0,0,0,0,0,,,,0,,,0.0,1e+20,1e+20,0,0,0,0,0,0,,0,0
psr-middle-p37-s108-n7-l5-f10,-3,False,0,0,0,0,0,0,0,0,0,,,,0,,,0.0,1e+20,1e+20,0,0,0,0,0,0,,0,0
psr-middle-p38-s109-n7-l5-f30,-3,False,0,0,0,0,0,0,0,0,0,,,,0,,,0.0,1e+20,1e+20,0,0,0,0,0,0,,0,0
psr-middle-p39-s112-n8-l2-f10,-3,False,0,0,0,0,0,0,0,0,0,,,,0,,,0.0,1e+20,1e+20,0,0,0,0,0,0,,0,0
psr-middle-p40-s114-n8-l2-f50,-3,False,0,0,0,0,0,0,0,0,0,,,,0,,,0.0,1e+20,1e+20,0,0,0,0,0,0,,0,0
psr-middle-p41-s116-n8-l3-f10,-3,False,0,0,0,0,0,0,0,0,0,,,,0,,,0.0,1e+20,1e+20,0,0,0,0,0,0,,0,0
psr-middle-p42-s120-n8-l4-f10,-3,False,0,0,0,0,0,0,0,0,0,,,,0,,,0.0,1e+20,1e+20,0,0,0,0,0,0,,0,0
psr-middle-p43-s123-n8-l4-f70,-3,False,0,0,0,0,0,0,0,0,0,,,,0,,,0.0,1e+20,1e+20,0,0,0,0,0,0,,0,0
psr-middle-p44-s131-n9-l2-f70,-3,False,0,0,0,0,0,0,0,0,0,,,,0,,,0.0,1e+20,1e+20,0,0,0,0,0,0,,0,0
psr-middle-p45-s132-n9-l3-f10,-3,False,0,0,0,0,0,0,0,0,0,,,,0,,,0.0,1e+20,1e+20,0,0,0,0,0,0,,0,0
psr-middle-p46-s135-n9-l3-f70,-3,False,0,0,0,0,0,0,0,0,0,,,,0,,,0.0,1e+20,1e+20,0,0,0,0,0,0,,0,0
psr-middle-p47-s139-n9-l4-f70,-3,False,0,0,0,0,0,0,0,0,0,,,,0,,,0.0,1e+20,1e+20,0,0,0,0,0,0,,0,0
psr-middle-p48-s144-n10-l2-f10,-3,False,0,0,0,0,0,0,0,0,0,,,,0,,,0.0,1e+20,1e+20,0,0,0,0,0,0,,0,0
psr-middle-p49-s149-n10-l3-f30,-3,False,0,0,0,0,0,0,0,0,0,,,,0,,,0.0,1e+20,1e+20,0,0,0,0,0,0,,0,0
psr-middle-p50-s153-n10-l4-f30,-3,False,0,0,0,0,0,0,0,0,0,,,,0,,,0.0,1e+20,1e+20,0,0,0,0,0,0,,0,0
psr-small-p01-s2-n1-l2-f50,0,True,0,0,2,5,2,4,0,0,0,,,,0,,,1.0,1,1,0.0255,0.0,0.0,0.0023,0.0,0.0,,0.0024,0.0302
psr-small-p02-s5-n1-l3-f30,0,True,0,0,2,5,2,4,0,0,0,,,,0,,,1.0,1,1,0.0067,0.0,0.0,0.0014,0.0,0.0,,0.0019,0.01
psr-small-p03-s7-n1-l3-f70,0,True,0,0,2,5,2,4,0,0,0,,,,0,,,1.0,1,1,0.0068,0.0,0.0,0.0043,0.0,0.0,,0.0036,0.0147
psr-small-p04-s8-n1-l4-f10,0,True,0,0,2,5,2,4,0,0,0,,,,0,,,1.0,1,1,0.0247,0.0001,0.0,0.0017,0.0,0.0,,0.0018,0.0282
psr-small-p05-s9-n1-l4-f30,0,True,0,0,2,5,2,4,0,0,0,,,,0,,,1.0,1,1,0.0082,0.0,0.0,0.0042,0.0,0.0,,0.0032,0.0157
psr-small-p06-s10-n1-l4-f50,0,True,0,0,2,5,2,4,0,0,0,,,,0,,,1.0,1,1,0.0098,0.0,0.0,0.0021,0.0,0.0,,0.0017,0.0137
psr-small-p07-s11-n1-l4-f70,0,True,0,0,2,5,2,4,0,0,0,,,,0,,,1.0,1,1,0.0053,0.0,0.0,0.0021,0.0,0.0,,0.0019,0.0093
psr-small-p08-s12-n1-l5-f10,0,True,0,0,2,5,2,4,0,0,0,,,,0,,,1.0,1,1,0.0068,0.0,0.0,0.0036,0.0,0.0,,0.0045,0.015
psr-small-p09-s13-n1-l5-f30,0,True,0,0,2,5,2,4,0,0,0,,,,0,,,1.0,1,1,0.0069,0.0,0.0,0.0041,0.0,0.0,,0.0029,0.014
psr-small-p10-s17-n2-l2-f30,0,True,0,0,5,12,5,12,2,0,0,,,,0,,,2.0,2,2,0.0083,0.0001,0.0,0.0037,0.0,0.0,,0.0034,0.0155
psr-small-p11-s18-n2-l2-f50,0,True,0,0,4,10,4,8,0,0,0,,,,0,,,2.0,2,2,0.0107,0.0,0.0,0.0031,0.0,0.0,,0.0022,0.0161
psr-small-p12-s21-n2-l3-f30,0,True,0,0,4,10,4,8,0,0,0,,,,0,,,2.0,2,2,0.0066,0.0,0.0,0.0045,0.0,0.0,,0.0024,0.0136
psr-small-p13-s22-n2-l3-f50,0,True,0,0,7,17,7,18,4,0,0,,,,0,,,3.0,3,3,0.0077,0.0,0.0,0.0048,0.0,0.0,,0.0023,0.0149
psr-small-p14-s23-n2-l3-f70,0,True,0,0,5,12,5,10,0,0,0,,,,0,,,2.0,2,2,0.009,0.0,0.0,0.0065,0.0,0.0,,0.0028,0.0184
psr-small-p15-s24-n2-l4-f10,0,True,1,2,4,11,4,10,2,0,0,,,,0,,,2.0,2,2,0.0115,0.0006,0.0,0.0023,0.0,0.0,,0.0023,0.0168
psr-small-p16-s29-n2-l5-f30,0,True,1,2,6,16,6,16,4,0,0,,,,0,,,3.0,3,3,0.0068,0.0001,0.0,0.0043,0.0,0.0,,0.0028,0.0141
psr-small-p17-s30-n2-l5-f50,0,True,0,0,5,12,5,10,0,0,0,,,,0,,,2.0,2,2,0.0056,0.0001,0.0,0.0024,0.0,0.0,,0.0022,0.0103
psr-small-p18-s31-n2-l5-f70,0,True,0,0,5,12,5,10,0,0,0,,,,0,,,2.0,2,2,0.0101,0.0,0.0,0.0071,0.0,0.0,,0.0022,0.0195
psr-small-p19-s33-n3-l2-f30,0,True,1,2,11,28,11,36,14,0,0,,,,0,,,5.0,5,5,0.0067,0.0002,0.0,0.0013,0.0,0.0,,0.0019,0.0101
psr-small-p20-s34-n3-l2-f50,0,True,0,0,7,17,7,14,0,0,0,,,,0,,,3.0,3,3,0.0095,0.0001,0.0,0.0062,0.0,0.0,,0.0025,0.0184
psr-small-p21-s35-n3-l2-f70,0,True,0,0,8,19,8,16,0,0,0,,,,0,,,3.0,3,3,0.0278,0.0001,0.0,0.0029,0.0,0.0,,0.0022,0.033
psr-small-p22-s37-n3-l3-f30,0,True,0,0,8,20,8,22,6,0,0,,,,0,,,4.0,4,4,0.0054,0.0001,0.0,0.0015,0.0,0.0,,0.0017,0.0087
psr-small-p23-s38-n3-l3-f50,0,True,0,0,8,19,8,16,0,0,0,,,,0,,,3.0,3,3,0.0129,0.0001,0.0,0.0031,0.0,0.0,,0.0025,0.0186
psr-small-p24-s39-n3-l3-f70,0,True,0,0,8,19,8,16,0,0,0,,,,0,,,3.0,3,3,0.0061,0.0,0.0,0.0032,0.0,0.0,,0.0018,0.0112
psr-small-p25-s40-n3-l4-f10,0,True,2,3,5,14,5,13,3,0,0,,,,0,,,2.0,2,2,0.0604,0.032,0.0,0.0029,0.0,0.0,,0.0016,0.0978
psr-small-p26-s41-n3-l4-f30,0,True,0,0,7,17,7,14,0,0,0,,,,0,,,3.0,3,3,0.0054,0.0,0.0,0.0019,0.0,0.0,,0.0018,0.0092
psr-small-p27-s42-n3-l4-f50,0,True,0,0,7,17,7,14,0,0,0,,,,0,,,3.0,3,3,0.0301,0.0001,0.0,0.0037,0.0,0.0,,0.0032,0.0371
psr-small-p28-s43-n3-l4-f70,0,True,0,0,8,19,8,16,0,0,0,,,,0,,,3.0,3,3,0.0102,0.0001,0.0,0.0022,0.0,0.0,,0.0022,0.0148
psr-small-p29-s45-n3-l5-f30,0,True,0,0,11,27,11,34,12,0,0,,,,0,,,5.0,5,5,0.0103,0.0002,0.0,0.0036,0.0,0.0,,0.0032,0.0172
psr-small-p30-s46-n3-l5-f50,0,True,0,0,7,17,7,14,0,0,0,,,,0,,,3.0,3,3,0.01,0.0001,0.0,0.0086,0.0,0.0,,0.0024,0.0211
psr-small-p31-s49-n4-l2-f30,0,True,1,2,9,23,9,24,6,0,0,,,,0,,,4.0,4,4,0.0099,0.0006,0.0,0.0015,0.0,0.0,,0.0022,0.0144
psr-small-p32-s50-n4-l2-f50,0,True,0,0,10,24,10,20,0,0,0,,,,0,,,4.0,4,4,0.0637,0.0001,0.0,0.0707,0.0,0.0,,0.0036,0.1382
psr-small-p33-s51-n4-l2-f70,0,True,1,2,9,23,9,24,6,0,0,,,,0,,,4.0,4,4,0.0648,0.0001,0.0,0.0024,0.0,0.0,,0.002,0.0693
psr-small-p34-s55-n4-l3-f70,0,True,0,0,10,24,10,20,0,0,0,,,,0,,,4.0,4,4,0.0258,0.0001,0.0,0.0026,0.0,0.0,,0.0021,0.0305
psr-small-p35-s57-n5-l2-f30,0,True,1,2,9,23,9,24,6,0,0,,,,0,,,4.0,4,4,0.0114,0.0001,0.0,0.0039,0.0,0.0,,0.0025,0.0179
psr-small-p36-s65-n6-l2-f30,0,True,1,2,14,35,14,48,20,0,0,,,,0,,,6.0,6,6,0.0072,0.0003,0.0,0.0013,0.0,0.0,,0.0024,0.0113
psr-small-p37-s67-n6-l2-f70,0,True,0,0,15,36,15,40,10,0,0,,,,0,,,6.0,6,6,0.0273,0.0001,0.0,0.0032,0.0,0.0,,0.0033,0.0339
psr-small-p38-s78-n3-l3-f50,0,True,0,0,7,17,7,18,4,0,0,,,,0,,,3.0,3,3,0.007,0.0001,0.0,0.0013,0.0,0.0,,0.0018,0.0103
psr-small-p39-s79-n3-l3-f70,0,True,0,0,7,17,7,14,0,0,0,,,,0,,,3.0,3,3,0.0061,0.0001,0.0,0.0018,0.0,0.0,,0.0019,0.0099
psr-small-p40-s80-n3-l4-f10,0,True,1,2,6,16,6,16,4,0,0,,,,0,,,3.0,3,3,0.042,0.0007,0.0,0.0052,0.0,0.0,,0.0023,0.0503
psr-small-p41-s81-n3-l4-f30,0,True,0,0,8,19,8,16,0,0,0,,,,0,,,3.0,3,3,0.0239,0.0001,0.0,0.002,0.0,0.0,,0.0019,0.0281
psr-small-p42-s82-n3-l4-f50,0,True,1,2,9,23,9,24,6,0,0,,,,0,,,4.0,4,4,0.0145,0.0001,0.0,0.0037,0.0,0.0,,0.0023,0.0207
psr-small-p43-s83-n3-l4-f70,0,True,0,0,10,24,10,26,6,0,0,,,,0,,,4.0,4,4,0.0067,0.0001,0.0,0.0018,0.0,0.0,,0.0029,0.0114
psr-small-p44-s89-n4-l2-f30,0,True,0,0,12,29,12,36,12,0,0,,,,0,,,5.0,5,5,0.0058,0.0001,0.0,0.0019,0.0,0.0,,0.0019,0.0097
psr-small-p45-s94-n4-l3-f50,0,True,0,0,10,24,10,20,0,0,0,,,,0,,,4.0,4,4,0.0053,0.0001,0.0,0.0014,0.0,0.0,,0.0018,0.0087
psr-small-p46-s97-n5-l2-f30,0,True,1,2,10,26,10,28,8,0,0,,,,0,,,5.0,5,5,0.0304,0.0001,0.0,0.004,0.0,0.0,,0.0037,0.0383
psr-small-p47-s98-n5-l2-f50,0,True,0,0,9,22,9,18,0,0,0,,,,0,,,4.0,4,4,0.0062,0.0001,0.0,0.002,0.0,0.0,,0.0017,0.01
psr-small-p48-s101-n5-l3-f30,0,True,0,0,11,27,11,30,8,0,0,,,,0,,,5.0,5,5,0.0079,0.0002,0.0,0.0025,0.0,0.0,,0.0026,0.0133
psr-small-p49-s105-n6-l2-f30,0,True,0,0,15,37,15,50,20,0,0,,,,0,,,7.0,7,7,0.027,0.0002,0.0,0.007,0.0,0.0,,0.0026,0.0369
psr-small-p50-s107-n6-l2-f70,0,True,0,0,16,38,16,32,0,0,0,,,,0,,,6.0,6,6,0.0162,0.0001,0.0,0.0057,0.0,0.0,,0.0034,0.0254
rovers-p01,0,True,1,7,12,33,11,31,8,0,0,,,,0,,,9.0,9,9,0.0071,0.0002,0.0,0.0021,0.0,0.0,,0.002,0.0115
rovers-p02,0,True,3,8,12,33,11,27,4,0,0,,,,0,,,7.0,7,7,0.0573,0.0,0.0,0.0505,0.0,0.0,,0.0182,0.1262
rovers-p03,0,True,5,12,16,44,14,44,14,0,0,,,,0,,,9.0,9,9,0.0081,0.0001,0.0,0.2327,0.0,0.0,,0.0038,0.2447
rovers-p04,0,True,5,13,16,43,13,43,15,0,0,,,,0,,,8.0,8,8,0.0309,0.0001,0.0,0.0107,0.0,0.0,,0.0029,0.0446
rovers-p05,0,True,11,24,34,91,27,87,26,0,0,,,,0,,,18.0,18,18,0.0072,0.0002,0.0,0.0015,0.0,0.0,,0.0038,0.0127
rovers-p06,0,True,9,28,45,119,36,121,40,0,0,,,,0,,,27.0,27,27,0.006,0.0003,0.0001,0.002,0.0,0.0,,0.0039,0.0123
rovers-p07,0,True,29,47,47,129,35,124,44,0,0,,,,0,,,15.0,15,15,0.0069,0.0002,0.0001,0.0031,0.0,0.0,,0.0056,0.016
rovers-p08,0,True,46,71,71,196,54,189,66,0,0,,,,0,,,21.0,21,21,0.0069,0.0005,0.0001,0.0045,0.0,0.0,,0.0068,0.0188
rovers-p09,0,True,39,76,85,222,55,223,100,0,0,,,,0,,,24.0,24,24,0.0084,0.0006,0.0001,0.0034,0.0,0.0,,0.0061,0.0187
rovers-p10,0,True,56,91,91,249,67,253,96,0,0,,,,0,,,26.0,26,26,0.0148,0.0008,0.0002,0.0137,0.0,0.0,,0.0066,0.0361
rovers-p11,0,True,46,85,98,252,64,253,101,0,0,,,,0,,,24.0,24,24,0.0101,0.0007,0.0002,0.0028,0.0,0.0,,0.0088,0.0226
rovers-p12,0,True,41,87,87,221,47,212,100,0,0,,,,0,,,16.0,16,16,0.4569,0.0005,0.0001,0.1042,0.0,0.0,,0.0962,0.6579
rovers-p13,0,True,68,117,117,314,80,319,137,0,0,,,,0,,,32.0,32,32,0.0134,0.0012,0.0002,0.0026,0.0,0.0,,0.0077,0.0253
rovers-p14,0,True,47,92,101,259,62,256,117,0,0,,,,0,,,22.0,22,22,0.0118,0.0008,0.0001,0.0033,0.0,0.0,,0.0078,0.024
rovers-p15,0,True,54,80,88,244,71,222,63,0,0,,,,0,,,29.0,29,29,0.0084,0.0011,0.0002,0.0057,0.0,0.0,,0.0055,0.0209
rovers-p16,0,True,67,129,129,336,78,344,168,0,0,,,,0,,,30.0,30,30,0.0354,0.0011,0.0002,0.0059,0.0,0.0,,0.008,0.0507
rovers-p17,0,True,106,197,207,538,128,542,260,0,0,,,,0,,,36.0,36,36,0.0108,0.0029,0.0007,0.0033,0.0,0.0,,0.0104,0.0281
rovers-p18,0,True,151,239,239,640,162,632,275,0,0,,,,0,,,31.0,31,31,0.0133,0.0051,0.0007,0.0023,0.0,0.0,,0.0096,0.0312
rovers-p19,0,True,186,458,458,1119,203,1127,667,0,0,,,,0,,,45.0,46,45,0.036,0.009,0.0017,0.0033,0.0,0.0,,0.0181,0.0684
rovers-p20,0,True,258,512,512,1302,278,1302,673,0,0,,,,0,,,58.0,59,58,0.0223,0.0171,0.0029,0.0044,0.0,0.0,,0.018,0.0649
rovers-p21,0,True,275,499,499,1287,289,1280,638,0,0,,,,0,,,41.0,42,41,0.029,0.0222,0.0017,0.0052,0.0,0.0,,0.015,0.0734
rovers-p22,0,True,278,595,595,1484,294,1514,872,0,0,,,,0,,,46.0,46,46,0.0345,0.0211,0.0023,0.0048,0.0,0.0,,0.0195,0.0826
rovers-p23,0,True,341,875,875,2110,360,2160,1349,0,0,,,,0,,,53.0,54,53,0.0412,0.035,0.0041,0.0043,0.0,0.0,,0.0554,0.1404
rovers-p24,0,True,387,777,777,1962,408,1998,1105,0,0,,,,0,,,65.0,66,65,0.0418,0.0322,0.006,0.0073,0.0,0.0,,0.025,0.1127
rovers-p25,0,True,302,433,433,1178,312,1138,451,0,0,,,,0,,,25.0,25,25,0.0285,0.0213,0.0013,0.0026,0.0,0.0,,0.0114,0.0654
rovers-p26,0,True,349,610,610,1583,363,1584,769,0,0,,,,0,,,40.0,42,40,0.043,0.0207,0.0028,0.0045,0.0,0.0,,0.0197,0.0908
rovers-p27,0,True,359,713,713,1805,379,1849,997,0,0,,,,0,,,59.0,59,59,0.0326,0.028,0.0045,0.0068,0.0,0.0,,0.0257,0.0979
rovers-p28,0,True,432,775,775,2001,451,2017,999,0,0,,,,0,,,52.0,53,52,0.0528,0.0575,0.0043,0.0043,0.0,0.0,,0.0234,0.1427
rovers-p29,0,True,489,950,950,2405,505,2378,1277,0,0,,,,0,,,43.0,45,43,0.0621,0.0749,0.005,0.009,0.0,0.0,,0.0797,0.2314
rovers-p30,0,True,649,1643,1643,3960,674,3985,2510,0,0,,,,0,,,70.0,71,70,0.0774,0.1097,0.0124,0.0103,0.0,0.0,,0.0839,0.2944
rovers-p31,0,True,608,1484,1484,3600,632,3643,2241,0,0,,,,0,,,69.0,71,69,0.0701,0.0847,0.0103,0.0089,0.0,0.0,,0.0517,0.2262
rovers-p32,0,True,824,1948,1948,4755,859,4818,2856,0,0,,,,0,,,100.0,102,100,0.1255,0.185,0.0255,0.0108,0.0,0.0,,0.0701,0.4183
rovers-p33,0,True,940,2195,2195,5374,984,5561,3309,0,0,,,,0,,,126.0,129,126,0.1353,0.2315,0.0378,0.0113,0.0,0.0,,0.1238,0.5411
rovers-p34,0,True,857,2324,2324,5537,889,5545,3598,0,0,,,,0,,,87.0,91,87,0.1751,0.2173,0.0228,0.0124,0.0,0.0,,0.0934,0.5224
rovers-p35,0,True,1157,2890,2890,7000,1220,7306,4508,0,0,,,,0,,,176.0,182,176,0.3265,0.3947,0.0792,0.0344,0.0,0.0,,0.1055,0.9426
rovers-p36,0,True,1147,3460,3460,8108,1188,8296,5650,0,0,,,,0,,,115.0,125,115,0.1949,0.3373,0.0462,0.0204,0.0,0.0,,0.1258,0.7261
rovers-p37,0,True,1584,5082,5082,11806,1642,12148,8383,0,0,,,,0,,,163.0,172,163,0.3512,0.7359,0.1128,0.0309,0.0,0.0,,0.3454,1.5801
rovers-p38,0,True,1589,5449,5449,12542,1644,12927,9161,0,0,,,,0,,,146.0,150,146,0.4988,0.9788,0.1004,0.0348,0.0,0.0,,0.2956,1.9127
rovers-p39,0,True,1528,5046,5046,11683,1591,11663,8297,0,0,,,,0,,,190.0,198,190,0.4005,0.8531,0.1418,0.0321,0.0,0.0,,0.3021,1.7343
rovers-p40,0,True,1873,6139,6139,14220,1942,14447,10182,0,0,,,,0,,,186.0,193,186,0.5694,1.2451,0.1782,0.043,0.0,0.0,,0.5015,2.5418
satellite-p01-pfile1,0,True,3,7,11,33,11,32,10,0,0,,,,0,,,8.0,8,8,0.0069,0.0001,0.0,0.0024,0.0,0.0,,0.0021,0.0115
satellite-p02-pfile2,0,True,4,18,20,56,16,62,29,0,0,,,,0,,,12.0,12,12,0.0064,0.0001,0.0,0.0015,0.0,0.0,,0.003,0.0111
satellite-p03-pfile3,0,True,19,29,29,82,24,83,31,0,0,,,,0,,,10.0,11,10,0.0063,0.0002,0.0,0.0014,0.0,0.0,,0.0052,0.0132
satellite-p04-pfile4,0,True,19,40,42,114,32,123,54,0,0,,,,0,,,17.0,17,17,0.0073,0.0003,0.0001,0.003,0.0,0.0,,0.0059,0.0167
satellite-p05-pfile5,0,True,44,87,87,225,51,255,137,0,0,,,,0,,,14.0,14,14,0.018,0.0007,0.0001,0.003,0.0,0.0,,0.0069,0.0287
satellite-p06-pfile6,0,True,36,54,60,165,48,162,59,0,0,,,,0,,,18.0,18,18,0.0134,0.0007,0.0001,0.004,0.0,0.0,,0.007,0.0252
satellite-p07-pfile7,0,True,58,95,95,257,67,270,118,0,0,,,,0,,,20.0,20,20,0.0193,0.0013,0.0002,0.0035,0.0,0.0,,0.0075,0.0319
satellite-p08-pfile8,0,True,76,130,130,346,86,376,177,0,0,,,,0,,,24.0,24,24,0.1403,0.0024,0.0004,0.0039,0.0,0.0,,0.0108,0.1579
satellite-p09-pfile9,0,True,89,144,144,390,102,405,175,0,0,,,,0,,,26.0,28,26,0.0135,0.0034,0.0006,0.0019,0.0,0.0,,0.0072,0.0267
satellite-p10-pfile10,0,True,101,154,154,421,113,433,175,0,0,,,,0,,,29.0,29,29,0.0155,0.0043,0.0006,0.006,0.0,0.0,,0.0076,0.034
satellite-p11-pfile11,0,True,110,152,152,428,124,400,134,0,0,,,,0,,,31.0,31,31,0.0315,0.0064,0.0009,0.0023,0.0,0.0,,0.0065,0.0478
satellite-p12-pfile12,0,True,133,207,215,588,160,586,234,0,0,,,,0,,,42.0,42,42,0.0176,0.013,0.0017,0.0022,0.0,0.0,,0.0077,0.0424
satellite-p13-pfile13,0,True,160,247,247,681,187,678,266,0,0,,,,0,,,55.0,55,55,0.0425,0.022,0.0029,0.004,0.0,0.0,,0.0088,0.0805
satellite-p14-pfile14,0,True,165,256,256,696,184,708,285,0,0,,,,0,,,39.0,39,39,0.0191,0.0162,0.0019,0.0021,0.0,0.0,,0.008,0.0476
satellite-p15-pfile15,0,True,225,332,332,912,248,904,340,0,0,,,,0,,,44.0,44,44,0.0263,0.0309,0.0039,0.0034,0.0,0.0,,0.0093,0.0742
satellite-p16-pfile16,0,True,282,467,467,1239,305,1295,583,0,0,,,,0,,,45.0,45,45,0.0421,0.0437,0.0059,0.0048,0.0,0.0,,0.0128,0.1095
satellite-p17-pfile17,0,True,333,471,471,1295,353,1246,446,0,0,,,,0,,,41.0,44,41,0.0694,0.0611,0.0075,0.0047,0.0,0.0,,0.0118,0.1553
satellite-p18-pfile18,0,True,144,199,199,555,157,528,186,0,0,,,,0,,,31.0,31,31,0.0239,0.013,0.0013,0.0033,0.0,0.0,,0.0077,0.0494
satellite-p19-pfile19,0,True,169,333,333,863,197,995,533,0,0,,,,0,,,58.0,60,58,0.0216,0.0153,0.003,0.003,0.0,0.0,,0.0305,0.0737
satellite-p20-pfile20,0,True,176,374,374,964,216,1176,644,0,0,,,,0,,,74.0,83,74,0.0208,0.0163,0.0051,0.0045,0.0,0.0,,0.0139,0.0608
satellite-p21-HC-pfile1,0,True,229,512,512,1290,266,1527,858,0,0,,,,0,,,72.0,73,72,0.0615,0.0664,0.0074,0.003,0.0,0.0,,0.0173,0.1563
satellite-p22-HC-pfile2,0,True,278,555,555,1433,323,1621,843,0,0,,,,0,,,89.0,89,89,0.0918,0.1337,0.0118,0.0045,0.0,0.0,,0.0154,0.2582
satellite-p23-HC-pfile3,0,True,396,920,920,2287,447,2728,1587,0,0,,,,0,,,99.0,99,99,0.1207,0.247,0.0248,0.0063,0.0,0.0,,0.0285,0.4287
satellite-p24-HC-pfile4,0,True,530,1302,1302,3204,600,3924,2325,0,0,,,,0,,,137.0,137,137,0.2376,0.7256,0.0629,0.0082,0.0,0.0,,0.0473,1.0877
satellite-p25-HC-pfile5,0,True,606,1470,1470,3610,670,4367,2602,0,0,,,,0,,,125.0,126,125,0.4076,0.9616,0.0689,0.0632,0.0,0.0,,0.0636,1.5722
satellite-p26-HC-pfile6,0,True,620,1325,1325,3338,688,3878,2133,0,0,,,,0,,,134.0,135,134,0.2951,0.9909,0.0761,0.0095,0.0,0.0,,0.0425,1.4215
satellite-p27-HC-pfile7,0,True,773,1276,1276,3390,838,3515,1534,0,0,,,,0,,,134.0,134,134,0.421,1.5768,0.1091,0.0073,0.0,0.0,,0.0269,2.1447
satellite-p28-HC-pfile8,0,True,1087,2219,2219,5619,1181,6387,3429,0,0,,,,0,,,191.0,191,191,1.0788,4.95,0.3044,0.0188,0.0,0.0,,0.1112,6.4806
satellite-p29-HC-pfile9,0,True,1610,2485,2485,6673,1703,6588,2652,0,0,,,,0,,,185.0,185,185,2.0876,11.2304,0.6002,0.0214,0.0,0.0,,0.0643,14.0325
satellite-p30-HC-pfile10,0,True,1916,3126,3126,8282,2030,8496,3667,0,0,,,,0,,,226.0,228,226,3.4016,22.1732,1.0623,0.0277,0.0,0.0,,0.0878,26.7948
satellite-p31-HC-pfile11,0,True,2367,4200,4200,10900,2500,11685,5539,0,0,,,,0,,,267.0,268,267,6.7271,45.1493,1.9301,0.3816,0.0,0.0,,0.5209,54.7799
satellite-p32-HC-pfile12,0,True,3116,5113,5113,13524,3298,13938,6032,0,0,,,,0,,,364.0,364,364,14.084,130.0579,4.4231,0.0687,0.0,0.0,,0.1553,148.9103
satellite-p33-HC-pfile13,0,True,3875,6936,6936,17978,4106,19212,9226,0,0,,,,0,,,460.0,461,460,26.7577,289.1477,8.5063,0.1084,0.0,0.0,,0.2034,324.9233
satellite-p34-HC-pfile14,0,True,1033,1470,1470,4114,1174,3905,1317,0,0,,,,0,,,285.0,286,285,2.0472,15.1312,0.4388,0.0135,0.0,0.0,,0.0388,17.7006
satellite-p35-HC-pfile15,0,True,1661,3056,3056,7960,1848,8678,4198,0,0,,,,0,,,374.0,374,374,4.6609,37.2539,1.3936,0.0308,0.0,0.0,,0.0841,43.4822
satellite-p36-HC-pfile16,0,True,2083,3752,3752,9765,2261,10456,5033,0,0,,,,0,,,356.0,358,356,6.8024,58.1543,2.0785,0.0422,0.0,0.0,,0.1243,67.2765
scanalyzer-08-strips-p01,0,False,30,402,987,1425,36,1299,1524,0,0,,,,0,,,18.0,18,18,0.0291,0.0016,0.0003,0.0091,0.0,0.0,,0.0731,0.1132
scanalyzer-08-strips-p02,0,False,25,269,596,901,36,864,922,0,0,,,,0,,,20.0,20,20,0.0136,0.001,0.0002,0.0106,0.0,0.0,,0.0961,0.1216
scanalyzer-08-strips-p03,0,False,20,215,450,701,36,704,690,0,0,,,,0,,,22.0,25,22,0.0107,0.0008,0.0002,0.0043,0.0,0.0,,0.0784,0.0944
scanalyzer-08-strips-p04,0,False,56,1436,3548,5048,64,4352,5976,0,0,,,,0,,,24.0,24,24,0.0137,0.0084,0.0015,0.007,0.0,0.0,,0.2698,0.3006
scanalyzer-08-strips-p05,0,False,49,891,1947,2902,64,2616,3278,0,0,,,,3640,,,27.0,27,27,0.0164,0.0051,0.0009,0.0051,0.0,0.0,,8.1377,8.1653
scanalyzer-08-strips-p06,0,False,42,738,1518,2320,64,2160,2546,0,0,,,,0,,,30.0,33,30,0.0212,0.0043,0.0009,0.0043,0.0,0.0,,0.1867,0.2174
scanalyzer-08-strips-p07,0,False,90,3770,9345,13215,100,10995,16440,0,0,,,,0,,,30.0,30,30,0.252,0.0359,0.006,0.014,0.0,0.0,,1.1204,1.4287
scanalyzer-08-strips-p08,0,False,81,2239,4834,7173,100,6180,8498,0,0,,,,50140,,,34.0,34,34,0.0166,0.0195,0.0036,0.0113,0.0,0.0,,318.9107,318.9618
scanalyzer-08-strips-p09,0,False,72,1907,3886,5893,100,5188,6818,0,0,,,,0,,,38.0,41,38,0.0447,0.0159,0.0033,0.0085,0.0,0.0,,0.4089,0.4815
scanalyzer-08-strips-p10,0,False,132,8202,20370,28716,144,23316,36780,0,0,,,,0,,,36.0,36,36,0.0438,0.1291,0.019,0.0314,0.0,0.0,,2.2683,2.4923
scanalyzer-08-strips-p11,2,False,121,4733,10121,14998,144,12492,18262,0,0,,,,29280,,,36.0,41,41,0.0338,0.0655,0.0115,0.0219,0.0,0.0,,899.9268,900.0598
scanalyzer-08-strips-p12,0,False,110,4118,8346,12608,144,10652,15042,0,0,,,,0,,,46.0,49,46,0.0354,0.0521,0.011,0.0153,0.0,0.0,,0.8261,0.9401
scanalyzer-08-strips-p13,0,False,182,15722,39095,55013,196,43883,71820,0,0,,,,0,,,42.0,42,42,0.0807,0.3932,0.0474,0.0684,0.0,0.0,,4.9255,5.5164
scanalyzer-08-strips-p14,2,False,169,8889,18864,27949,196,22680,34634,0,0,,,,3608,,,42.0,48,48,0.0474,0.187,0.0288,0.0307,0.0,0.0,,899.7606,900.0553
scanalyzer-08-strips-p15,0,False,156,7863,15882,23941,196,19608,29138,0,0,,,,0,,,54.0,57,54,0.0538,0.1448,0.028,0.0302,0.0,0.0,,2.1491,2.4065
scanalyzer-08-strips-p16,0,False,240,27512,68472,96240,256,75744,127344,0,0,,,,0,,,48.0,48,48,0.1392,1.0251,0.1069,0.1306,0.0,0.0,,10.6797,12.0836
scanalyzer-08-strips-p17,2,False,225,15319,32311,47886,256,38064,60062,0,0,,,,402,,,48.0,55,55,0.0858,0.4696,0.0645,0.0611,0.0,0.0,,899.3973,900.0797
scanalyzer-08-strips-p18,0,False,210,13730,27670,41656,256,33304,51410,0,0,,,,0,,,62.0,65,62,0.0736,0.354,0.06,0.048,0.0,0.0,,4.1525,4.6892
scanalyzer-08-strips-p19,0,False,306,44946,111933,157203,324,122427,210096,0,0,,,,0,,,54.0,54,54,0.2439,5.1223,0.2543,0.2362,0.0,0.0,,21.5781,27.4388
scanalyzer-08-strips-p20,2,False,289,24731,51902,76957,324,60156,97378,0,0,,,,1010,,,54.0,62,62,0.1414,1.0689,0.1385,0.1078,0.0,0.0,,898.7156,900.1742
scanalyzer-08-strips-p21,0,False,272,22403,45078,67805,324,53180,84546,0,0,,,,0,,,70.0,73,70,0.1297,0.7926,0.1299,0.0926,0.0,0.0,,11.2675,12.4139
scanalyzer-08-strips-p22,0,False,3,132,268,416,16,371,818,0,0,,,,0,,,12.0,12,12,0.0103,0.0008,0.0001,0.0029,0.0,0.0,,0.027,0.0413
scanalyzer-08-strips-p23,0,False,3,132,268,416,16,371,818,0,0,,,,0,,,12.0,12,12,0.0088,0.0008,0.0001,0.002,0.0,0.0,,0.0264,0.0382
scanalyzer-08-strips-p24,0,False,3,132,268,416,16,371,818,0,0,,,,0,,,12.0,12,12,0.0092,0.0008,0.0001,0.005,0.0,0.0,,0.0287,0.0439
scanalyzer-08-strips-p25,0,False,48,13758,52156,65978,64,54138,181974,0,0,,,,0,,,24.0,24,24,0.1951,0.8569,0.1976,0.1153,0.0,0.0,,16.8455,18.2134
scanalyzer-08-strips-p26,2,False,42,9578,35655,45297,64,37474,124099,0,0,,,,1002,,,25.0,27,26,0.1063,0.4755,0.1796,0.0702,0.0,0.0,,899.2092,900.043
scanalyzer-08-strips-p27,2,False,31,7336,27177,34577,64,28907,94265,0,0,,,,125,,,25.0,30,30,0.0969,0.3444,0.2021,0.0552,0.0,0.0,,899.373,900.0735
scanalyzer-08-strips-p28,2,False,120,203937,833055,1037136,144,842629,3082179,0,0,,,,0,,,0.0,36,36,1.746,103.864,11.7745,2.1458,0.0,0.0,,787.3777,906.9534
scanalyzer-08-strips-p29,2,False,110,126782,497543,624469,144,506355,1838257,0,0,,,,0,,,38.0,40,40,1.0455,45.0657,7.3857,1.2479,0.0,0.0,,845.454,900.228
scanalyzer-08-strips-p30,2,False,91,99320,383329,482793,144,391720,1415559,0,0,,,,0,,,38.0,52,52,0.8179,31.3468,12.1171,0.9408,0.0,0.0,,854.8998,900.1462
scanalyzer-opt11-strips-p01,0,False,3,132,268,416,16,371,818,0,0,,,,0,,,12.0,12,12,0.0085,0.0008,0.0001,0.0046,0.0,0.0,,0.0276,0.0417
scanalyzer-opt11-strips-p02,0,False,25,269,596,901,36,864,922,0,0,,,,0,,,20.0,20,20,0.0081,0.0011,0.0002,0.0035,0.0,0.0,,0.0949,0.1078
scanalyzer-opt11-strips-p03,0,False,20,215,450,701,36,704,690,0,0,,,,0,,,22.0,25,22,0.0175,0.0009,0.0002,0.0046,0.0,0.0,,0.079,0.1021
scanalyzer-opt11-strips-p04,0,False,56,1436,3548,5048,64,4352,5976,0,0,,,,0,,,24.0,24,24,0.0151,0.0084,0.0015,0.0085,0.0,0.0,,0.2666,0.3002
scanalyzer-opt11-strips-p05,0,False,90,3770,9345,13215,100,10995,16440,0,0,,,,0,,,30.0,30,30,0.0237,0.0372,0.006,0.0135,0.0,0.0,,1.1161,1.1968
scanalyzer-opt11-strips-p06,0,False,49,891,1947,2902,64,2616,3278,0,0,,,,3640,,,27.0,27,27,0.029,0.0051,0.0008,0.0058,0.0,0.0,,8.1503,8.1911
scanalyzer-opt11-strips-p07,0,False,306,44946,111933,157203,324,122427,210096,0,0,,,,0,,,54.0,54,54,0.2448,2.4793,0.258,0.2357,0.0,0.0,,21.477,24.6981
scanalyzer-opt11-strips-p08,0,False,132,8202,20370,28716,144,23316,36780,0,0,,,,0,,,36.0,36,36,0.284,0.1302,0.019,0.0335,0.0,0.0,,2.2548,2.7222
scanalyzer-opt11-strips-p09,0,False,182,15722,39095,55013,196,43883,71820,0,0,,,,0,,,42.0,42,42,0.0784,0.3903,0.0444,0.0668,0.0,0.0,,4.9411,5.5221
scanalyzer-opt11-strips-p10,0,False,240,27512,68472,96240,256,75744,127344,0,0,,,,0,,,48.0,48,48,0.1607,1.0303,0.1074,0.1315,0.0,0.0,,10.6572,12.0892
scanalyzer-opt11-strips-p11,0,False,48,13758,52156,65978,64,54138,181974,0,0,,,,0,,,24.0,24,24,0.1422,0.8275,0.1974,0.1065,0.0,0.0,,16.858,18.1346
scanalyzer-opt11-strips-p12,0,False,42,738,1518,2320,64,2160,2546,0,0,,,,0,,,30.0,33,30,0.0178,0.0043,0.0009,0.0168,0.0,0.0,,0.1862,0.226
scanalyzer-opt11-strips-p13,2,False,31,7336,27177,34577,64,28907,94265,0,0,,,,125,,,25.0,30,30,0.0869,0.3575,0.2237,0.057,0.0,0.0,,899.3672,900.0941
scanalyzer-opt11-strips-p14,2,False,42,9578,35655,45297,64,37474,124099,0,0,,,,1002,,,25.0,27,26,0.1339,0.476,0.1974,0.0724,0.0,0.0,,899.1541,900.0361
scanalyzer-opt11-strips-p15,0,False,81,2239,4834,7173,100,6180,8498,0,0,,,,50140,,,34.0,34,34,0.4729,0.0195,0.0035,0.1484,0.0,0.0,,318.6454,319.2899
scanalyzer-opt11-strips-p16,2,False,121,4733,10121,14998,144,12492,18262,0,0,,,,29497,,,36.0,41,41,0.027,0.0655,0.0109,0.0155,0.0,0.0,,899.9291,900.0484
scanalyzer-opt11-strips-p17,2,False,169,8889,18864,27949,196,22680,34634,0,0,,,,3609,,,42.0,48,48,0.0687,0.1869,0.0289,0.0379,0.0,0.0,,899.734,900.0572
scanalyzer-opt11-strips-p18,2,False,225,15319,32311,47886,256,38064,60062,0,0,,,,398,,,48.0,55,55,0.1045,0.4693,0.0629,0.0614,0.0,0.0,,899.3958,900.0952
scanalyzer-opt11-strips-p19,2,False,289,24731,51902,76957,324,60156,97378,0,0,,,,1005,,,54.0,62,62,6.5003,1.0711,0.1397,0.1126,0.0,0.0,,892.3163,900.1418
scanalyzer-opt11-strips-p20,2,False,120,203937,833055,1037136,144,842629,3082179,0,0,,,,0,,,0.0,36,36,1.506,102.4457,11.8949,2.1315,0.0,0.0,,788.6122,906.6355
scanalyzer-sat11-strips-p01,0,False,48,13758,52156,65978,64,54138,181974,0,0,,,,0,,,24.0,24,24,0.1619,0.8319,0.1976,0.109,0.0,0.0,,16.8055,18.1089
scanalyzer-sat11-strips-p02,0,False,132,8202,20370,28716,144,23316,36780,0,0,,,,0,,,36.0,36,36,0.0461,0.13,0.019,0.0321,0.0,0.0,,2.2601,2.4879
scanalyzer-sat11-strips-p03,0,False,42,738,1518,2320,64,2160,2546,0,0,,,,0,,,30.0,33,30,0.0092,0.0042,0.0008,0.0033,0.0,0.0,,0.1871,0.2046
scanalyzer-sat11-strips-p04,0,False,72,1907,3886,5893,100,5188,6818,0,0,,,,0,,,38.0,41,38,0.0144,0.016,0.0033,0.0063,0.0,0.0,,0.4028,0.4429
scanalyzer-sat11-strips-p05,0,False,182,15722,39095,55013,196,43883,71820,0,0,,,,0,,,42.0,42,42,0.097,0.391,0.0473,0.0683,0.0,0.0,,4.9492,5.5539
scanalyzer-sat11-strips-p06,2,False,42,9578,35655,45297,64,37474,124099,0,0,,,,1002,,,25.0,27,26,0.1083,0.4761,0.1994,0.0724,0.0,0.0,,899.1799,900.0383
scanalyzer-sat11-strips-p07,0,False,240,27512,68472,96240,256,75744,127344,0,0,,,,0,,,48.0,48,48,0.1385,1.0253,0.1075,0.1303,0.0,0.0,,10.6753,12.0791
scanalyzer-sat11-strips-p08,2,False,31,7336,27177,34577,64,28907,94265,0,0,,,,125,,,25.0,30,30,0.0927,0.3466,0.2267,0.0546,0.0,0.0,,899.3723,900.0947
scanalyzer-sat11-strips-p09,0,False,110,4118,8346,12608,144,10652,15042,0,0,,,,0,,,46.0,49,46,0.026,0.053,0.0103,0.0152,0.0,0.0,,0.8304,0.9352
scanalyzer-sat11-strips-p10,2,False,169,8889,18864,27949,196,22680,34634,0,0,,,,3615,,,42.0,48,48,0.0512,0.1868,0.0289,0.0319,0.0,0.0,,899.7535,900.0531
scanalyzer-sat11-strips-p11,0,False,156,7863,15882,23941,196,19608,29138,0,0,,,,0,,,54.0,57,54,0.0458,0.1431,0.0291,0.0284,0.0,0.0,,2.1531,2.4001
scanalyzer-sat11-strips-p12,2,False,121,4733,10121,14998,144,12492,18262,0,0,,,,29479,,,36.0,41,41,0.0275,0.0654,0.0115,0.0174,0.0,0.0,,899.9205,900.0427
scanalyzer-sat11-strips-p13,0,False,81,2239,4834,7173,100,6180,8498,0,0,,,,50140,,,34.0,34,34,0.0224,0.0195,0.0036,0.0106,0.0,0.0,,319.2042,319.2603
scanalyzer-sat11-strips-p14,2,False,225,15319,32311,47886,256,38064,60062,0,0,,,,404,,,48.0,55,55,0.1009,0.4691,0.0647,0.0609,0.0,0.0,,899.3828,900.0796
scanalyzer-sat11-strips-p15,0,False,210,13730,27670,41656,256,33304,51410,0,0,,,,0,,,62.0,65,62,0.0806,0.3496,0.0622,0.0496,0.0,0.0,,4.1502,4.6933
scanalyzer-sat11-strips-p16,2,False,289,24731,51902,76957,324,60156,97378,0,0,,,,1009,,,54.0,62,62,0.1389,1.0701,0.1375,0.1088,0.0,0.0,,898.7216,900.1787
scanalyzer-sat11-strips-p17,0,False,272,22403,45078,67805,324,53180,84546,0,0,,,,0,,,70.0,73,70,0.1263,0.792,0.1313,0.0931,0.0,0.0,,11.3489,12.4934
scanalyzer-sat11-strips-p18,2,False,120,203937,833055,1037136,144,842629,3082179,0,0,,,,0,,,0.0,36,36,1.6756,103.2042,11.8621,2.1279,0.0,0.0,,787.6183,906.5334
scanalyzer-sat11-strips-p19,2,False,110,126782,497543,624469,144,506355,1838257,0,0,,,,0,,,38.0,40,40,0.9913,45.7058,7.4575,1.2482,0.0,0.0,,845.1889,900.6204
scanalyzer-sat11-strips-p20,2,False,91,99320,383329,482793,144,391720,1415559,0,0,,,,0,,,38.0,52,52,0.8451,31.9587,12.0323,0.931,0.0,0.0,,854.3725,900.1625
schedule-probschedule-10-0,0,True,0,8,32,61,19,51,0,0,0,,,,0,,,10.0,10,10,0.0089,0.0003,0.0,0.0017,0.0,0.0,,0.002,0.013
schedule-probschedule-10-1,0,True,4,11,41,74,21,62,0,0,0,,,,0,,,8.0,8,8,0.0104,0.0003,0.0,0.0016,0.0,0.0,,0.0022,0.0146
schedule-probschedule-10-2,0,True,0,7,33,62,19,52,0,0,0,,,,0,,,10.0,10,10,0.0162,0.0003,0.0,0.0102,0.0,0.0,,0.0028,0.0295
schedule-probschedule-11-0,0,True,0,6,38,71,22,60,0,0,0,,,,0,,,11.0,11,11,0.0089,0.0003,0.0,0.004,0.0,0.0,,0.0022,0.0155
schedule-probschedule-11-1,0,True,2,9,43,80,24,67,0,0,0,,,,0,,,11.0,11,11,0.0071,0.0003,0.0,0.0016,0.0,0.0,,0.0021,0.0113
schedule-probschedule-11-2,0,True,0,9,35,69,23,58,0,0,0,,,,0,,,11.0,11,11,0.0077,0.0003,0.0,0.0013,0.0,0.0,,0.0019,0.0113
schedule-probschedule-12-0,0,True,1,10,42,79,24,66,0,0,0,,,,0,,,12.0,12,12,0.0275,0.0004,0.0,0.0039,0.0,0.0,,0.0025,0.0344
schedule-probschedule-12-1,0,True,4,13,51,94,27,78,0,0,0,,,,0,,,12.0,12,12,0.0161,0.0004,0.0,0.0097,0.0,0.0,,0.0042,0.0304
schedule-probschedule-12-2,0,True,3,13,47,89,27,74,0,0,0,,,,0,,,12.0,12,12,0.0076,0.0004,0.0,0.0016,0.0,0.0,,0.002,0.0116
schedule-probschedule-13-0,0,True,3,13,51,97,30,81,0,0,0,,,,0,,,13.0,13,13,0.0145,0.0005,0.0,0.0033,0.0,0.0,,0.0027,0.021
schedule-probschedule-13-1,0,True,3,11,53,98,29,82,0,0,0,,,,0,,,13.0,13,13,0.0074,0.0004,0.0,0.0021,0.0,0.0,,0.0027,0.0127
schedule-probschedule-13-2,0,True,3,14,50,95,29,79,0,0,0,,,,0,,,13.0,13,13,0.0297,0.0004,0.0,0.0025,0.0,0.0,,0.0021,0.0349
schedule-probschedule-14-0,0,True,1,14,46,87,26,72,0,0,0,,,,0,,,14.0,14,14,0.01,0.0005,0.0,0.0042,0.0,0.0,,0.002,0.0167
schedule-probschedule-14-1,0,True,2,13,51,96,29,80,0,0,0,,,,0,,,14.0,14,14,0.0457,0.0005,0.0,0.0017,0.0,0.0,,0.0019,0.0499
schedule-probschedule-14-2,0,True,1,12,48,92,29,77,0,0,0,,,,0,,,14.0,14,14,0.0073,0.0005,0.0,0.0018,0.0,0.0,,0.0019,0.0115
schedule-probschedule-15-0,0,True,1,12,52,99,31,83,0,0,0,,,,0,,,15.0,15,15,0.0145,0.0005,0.0,0.0031,0.0,0.0,,0.0024,0.0206
schedule-probschedule-15-1,0,True,2,13,53,99,30,83,0,0,0,,,,0,,,14.0,14,14,0.0075,0.0005,0.0,0.0019,0.0,0.0,,0.0022,0.0122
schedule-probschedule-15-2,0,True,2,12,54,101,31,85,0,0,0,,,,0,,,14.0,14,14,0.0108,0.0005,0.0,0.0041,0.0,0.0,,0.0032,0.0187
schedule-probschedule-16-0,0,True,2,13,59,109,32,91,0,0,0,,,,0,,,16.0,16,16,0.0203,0.0006,0.0,0.0063,0.0,0.0,,0.0028,0.03
schedule-probschedule-16-1,0,True,2,12,58,107,32,90,0,0,0,,,,0,,,15.0,15,15,0.0321,0.0006,0.0,0.0035,0.0,0.0,,0.0026,0.0389
schedule-probschedule-16-2,0,True,4,16,62,115,34,96,0,0,0,,,,0,,,15.0,15,15,0.0102,0.0006,0.0,0.0066,0.0,0.0,,0.003,0.0206
schedule-probschedule-17-0,0,True,5,17,67,124,37,104,0,0,0,,,,0,,,15.0,15,15,0.0314,0.0006,0.0,0.0041,0.0,0.0,,0.0022,0.0384
schedule-probschedule-17-1,0,True,2,15,61,116,36,97,0,0,0,,,,0,,,17.0,17,17,0.0103,0.0007,0.0,0.0025,0.0,0.0,,0.0027,0.0163
schedule-probschedule-17-2,0,True,0,11,57,106,32,89,0,0,0,,,,0,,,17.0,17,17,0.3286,0.0006,0.0,0.3904,0.0,0.0,,0.0591,0.7787
schedule-probschedule-18-0,0,True,3,15,67,124,37,104,0,0,0,,,,0,,,17.0,17,17,0.0142,0.0007,0.0,0.0036,0.0,0.0,,0.0025,0.0212
schedule-probschedule-18-1,0,True,0,13,59,110,33,92,0,0,0,,,,0,,,18.0,18,18,0.0109,0.0007,0.0,0.0062,0.0,0.0,,0.0028,0.0206
schedule-probschedule-18-2,0,True,4,16,70,129,38,108,0,0,0,,,,0,,,17.0,17,17,0.017,0.0007,0.0,0.0023,0.0,0.0,,0.0024,0.0225
schedule-probschedule-19-0,0,True,1,16,64,121,37,101,0,0,0,,,,0,,,19.0,19,19,0.5465,0.0007,0.0,0.0034,0.0,0.0,,0.0023,0.553
schedule-probschedule-19-1,0,True,3,17,69,128,38,107,0,0,0,,,,0,,,18.0,18,18,0.0092,0.0007,0.0,0.0015,0.0,0.0,,0.0021,0.0136
schedule-probschedule-19-2,0,True,2,15,67,125,38,105,0,0,0,,,,0,,,18.0,18,18,0.0099,0.0007,0.0,0.0014,0.0,0.0,,0.0024,0.0145
schedule-probschedule-2-0,0,True,0,2,6,13,5,11,0,0,0,,,,0,,,2.0,2,2,0.0127,0.0001,0.0,0.0034,0.0,0.0,,0.0027,0.019
schedule-probschedule-2-1,0,True,0,2,6,13,5,11,0,0,0,,,,0,,,2.0,2,2,0.0334,0.0001,0.0,0.0102,0.0,0.0,,0.0022,0.046
schedule-probschedule-2-2,0,True,1,3,9,18,6,15,0,0,0,,,,0,,,2.0,2,2,0.0079,0.0001,0.0,0.0019,0.0,0.0,,0.002,0.0119
schedule-probschedule-20-0,0,True,2,19,69,129,38,107,0,0,0,,,,0,,,20.0,20,20,0.0771,0.0008,0.0,0.0103,0.0,0.0,,0.0041,0.0925
schedule-probschedule-20-1,0,True,0,12,68,125,37,105,0,0,0,,,,0,,,20.0,20,20,0.0308,0.0007,0.0,0.0024,0.0,0.0,,0.0022,0.0362
schedule-probschedule-20-2,0,True,2,16,72,132,38,110,0,0,0,,,,0,,,20.0,20,20,0.0638,0.0008,0.0,0.0092,0.0,0.0,,0.0035,0.0774
schedule-probschedule-21-0,0,True,3,20,72,136,42,114,0,0,0,,,,0,,,19.0,19,19,0.0376,0.0009,0.0001,0.0036,0.0,0.0,,0.0022,0.0443
schedule-probschedule-21-1,0,True,2,14,76,141,43,119,0,0,0,,,,0,,,20.0,20,20,0.0092,0.0009,0.0,0.0022,0.0,0.0,,0.0031,0.0155
schedule-probschedule-21-2,0,True,3,18,76,140,41,117,0,0,0,,,,0,,,20.0,20,20,0.0275,0.0009,0.0,0.004,0.0,0.0,,0.0026,0.0351
schedule-probschedule-22-0,0,True,3,22,76,142,42,118,0,0,0,,,,0,,,21.0,21,21,0.0116,0.0009,0.0001,0.0038,0.0,0.0,,0.0027,0.0192
schedule-probschedule-22-1,0,True,0,17,71,136,43,114,0,0,0,,,,0,,,22.0,22,22,0.0125,0.0009,0.0,0.0031,0.0,0.0,,0.0028,0.0193
schedule-probschedule-22-2,0,True,2,15,79,145,43,122,0,0,0,,,,0,,,21.0,21,21,0.0288,0.0009,0.0,0.0041,0.0,0.0,,0.0024,0.0364
schedule-probschedule-23-0,0,True,2,20,80,151,46,126,0,0,0,,,,0,,,23.0,23,23,0.0085,0.001,0.0001,0.0016,0.0,0.0,,0.0021,0.0133
schedule-probschedule-23-1,0,True,0,15,77,140,40,117,0,0,0,,,,0,,,23.0,23,23,0.0574,0.0009,0.0,0.0036,0.0,0.0,,0.0082,0.0702
schedule-probschedule-23-2,0,True,2,18,82,151,44,126,0,0,0,,,,0,,,23.0,23,23,0.0281,0.001,0.0001,0.0032,0.0,0.0,,0.002,0.0343
schedule-probschedule-24-0,0,True,2,21,83,154,45,128,0,0,0,,,,0,,,24.0,24,24,0.1194,0.001,0.0001,0.0749,0.0,0.0,,0.0651,0.2605
schedule-probschedule-24-1,0,True,2,16,88,160,46,134,0,0,0,,,,0,,,24.0,24,24,0.0155,0.001,0.0001,0.0027,0.0,0.0,,0.0024,0.0219
schedule-probschedule-24-2,0,True,3,18,88,160,46,134,0,0,0,,,,0,,,23.0,23,23,0.0319,0.0011,0.0001,0.0034,0.0,0.0,,0.0029,0.0393
schedule-probschedule-25-0,0,True,5,23,95,177,53,148,0,0,0,,,,0,,,24.0,24,24,0.0273,0.0012,0.0001,0.0024,0.0,0.0,,0.0022,0.0332
schedule-probschedule-25-1,0,True,2,22,86,161,48,134,0,0,0,,,,0,,,25.0,25,25,0.0179,0.0011,0.0001,0.0086,0.0,0.0,,0.004,0.0318
schedule-probschedule-25-2,0,True,5,23,93,172,51,144,0,0,0,,,,0,,,23.0,23,23,0.0137,0.0012,0.0001,0.0027,0.0,0.0,,0.0026,0.0203
schedule-probschedule-26-0,0,True,5,25,97,179,52,149,0,0,0,,,,0,,,25.0,25,25,0.0184,0.0013,0.0001,0.004,0.0,0.0,,0.0032,0.027
schedule-probschedule-26-1,0,True,3,23,93,173,51,144,0,0,0,,,,0,,,26.0,26,26,0.012,0.0012,0.0001,0.005,0.0,0.0,,0.0055,0.0238
schedule-probschedule-26-2,0,True,4,24,96,178,52,148,0,0,0,,,,0,,,26.0,26,26,0.0683,0.0013,0.0001,0.005,0.0,0.0,,0.0027,0.0774
schedule-probschedule-27-0,0,True,2,19,97,181,55,152,0,0,0,,,,0,,,27.0,27,27,0.0103,0.0013,0.0001,0.0018,0.0,0.0,,0.0031,0.0167
schedule-probschedule-27-1,0,True,2,21,95,175,51,146,0,0,0,,,,0,,,27.0,27,27,0.0311,0.0013,0.0001,0.0036,0.0,0.0,,0.0023,0.0385
schedule-probschedule-27-2,0,True,2,18,96,174,50,146,0,0,0,,,,0,,,26.0,26,26,0.0165,0.0012,0.0001,0.0035,0.0,0.0,,0.0026,0.0239
schedule-probschedule-28-0,0,True,3,21,99,183,55,154,0,0,0,,,,0,,,26.0,26,26,0.0117,0.0013,0.0001,0.0076,0.0,0.0,,0.0029,0.0237
schedule-probschedule-28-1,0,True,6,24,110,200,57,167,0,0,0,,,,0,,,27.0,27,27,0.0288,0.0014,0.0001,0.006,0.0,0.0,,0.003,0.0393
schedule-probschedule-28-2,0,True,3,26,98,184,55,153,0,0,0,,,,0,,,28.0,28,28,0.0114,0.0014,0.0001,0.0032,0.0,0.0,,0.0024,0.0185
schedule-probschedule-29-0,0,True,7,28,114,206,57,171,0,0,0,,,,0,,,28.0,28,28,0.0143,0.0015,0.0001,0.0035,0.0,0.0,,0.0029,0.0224
schedule-probschedule-29-1,0,True,2,22,102,186,53,155,0,0,0,,,,0,,,29.0,29,29,0.0322,0.0014,0.0001,0.0025,0.0,0.0,,0.0024,0.0386
schedule-probschedule-29-2,0,True,6,27,109,201,59,168,0,0,0,,,,0,,,27.0,27,27,0.0125,0.0015,0.0001,0.0047,0.0,0.0,,0.0037,0.0226
schedule-probschedule-3-0,0,True,1,3,13,25,8,21,0,0,0,,,,0,,,3.0,3,3,0.0117,0.0001,0.0,0.0029,0.0,0.0,,0.0026,0.0174
schedule-probschedule-3-1,0,True,1,3,11,21,7,18,0,0,0,,,,0,,,2.0,2,2,0.0068,0.0001,0.0,0.0029,0.0,0.0,,0.0026,0.0125
schedule-probschedule-3-2,0,True,0,2,10,20,7,17,0,0,0,,,,0,,,3.0,3,3,0.0172,0.0001,0.0,0.0155,0.0,0.0,,0.0022,0.0351
schedule-probschedule-30-0,0,True,2,21,107,194,55,162,0,0,0,,,,0,,,30.0,30,30,0.0103,0.0015,0.0001,0.0014,0.0,0.0,,0.0022,0.0156
schedule-probschedule-30-1,0,True,3,26,106,195,56,162,0,0,0,,,,0,,,30.0,30,30,0.0388,0.0015,0.0001,0.005,0.0,0.0,,0.0031,0.0485
schedule-probschedule-30-2,0,True,6,28,112,205,59,171,0,0,0,,,,0,,,28.0,28,28,0.0118,0.0015,0.0001,0.0032,0.0,0.0,,0.0021,0.0189
schedule-probschedule-31-0,0,True,6,29,117,214,61,178,0,0,0,,,,0,,,30.0,30,30,0.0105,0.0017,0.0001,0.0012,0.0,0.0,,0.0021,0.0157
schedule-probschedule-31-1,0,True,3,24,112,204,58,170,0,0,0,,,,0,,,31.0,31,31,0.012,0.0016,0.0001,0.0029,0.0,0.0,,0.0029,0.0194
schedule-probschedule-31-2,0,True,1,20,108,197,57,165,0,0,0,,,,0,,,31.0,31,31,0.0105,0.0016,0.0001,0.0015,0.0,0.0,,0.002,0.0157
schedule-probschedule-32-0,0,True,6,29,117,214,62,179,0,0,0,,,,0,,,29.0,29,29,0.0322,0.0017,0.0001,0.0044,0.0,0.0,,0.0032,0.0416
schedule-probschedule-32-1,0,True,5,28,118,216,62,180,0,0,0,,,,0,,,31.0,31,31,0.2734,0.0017,0.0001,0.0033,0.0,0.0,,0.0031,0.2817
schedule-probschedule-32-2,0,True,5,28,118,218,64,182,0,0,0,,,,0,,,31.0,31,31,0.0372,0.0017,0.0001,0.0032,0.0,0.0,,0.0026,0.0449
schedule-probschedule-33-0,0,True,3,25,115,212,63,178,0,0,0,,,,0,,,31.0,31,31,0.0139,0.0017,0.0001,0.0014,0.0,0.0,,0.0022,0.0194
schedule-probschedule-33-1,0,True,4,29,117,218,65,182,0,0,0,,,,0,,,32.0,32,32,0.0236,0.0018,0.0001,0.0185,0.0,0.0,,0.0033,0.0474
schedule-probschedule-33-2,0,True,3,28,114,212,63,177,0,0,0,,,,0,,,32.0,32,32,0.0155,0.0018,0.0001,0.0084,0.0,0.0,,0.0031,0.0289
schedule-probschedule-34-0,0,True,4,28,120,224,68,188,0,0,0,,,,0,,,32.0,32,32,0.0303,0.0019,0.0001,0.0043,0.0,0.0,,0.0028,0.0395
schedule-probschedule-34-1,0,True,3,30,118,218,63,181,0,0,0,,,,0,,,34.0,34,34,0.0191,0.0018,0.0001,0.0038,0.0,0.0,,0.0029,0.0279
schedule-probschedule-34-2,0,True,6,32,126,230,65,191,0,0,0,,,,0,,,33.0,33,33,0.0128,0.002,0.0001,0.0021,0.0,0.0,,0.0023,0.0193
schedule-probschedule-35-0,0,True,3,32,120,224,66,186,0,0,0,,,,0,,,35.0,35,35,0.0261,0.002,0.0001,0.0191,0.0,0.0,,0.0036,0.0509
schedule-probschedule-35-1,0,True,4,28,126,230,66,192,0,0,0,,,,0,,,34.0,34,34,0.0243,0.0019,0.0001,0.005,0.0,0.0,,0.0037,0.0352
schedule-probschedule-35-2,0,True,2,24,122,222,64,186,0,0,0,,,,0,,,34.0,34,34,0.0159,0.0019,0.0001,0.003,0.0,0.0,,0.0032,0.0241
schedule-probschedule-36-0,0,True,6,30,134,243,69,203,0,0,0,,,,0,,,34.0,34,34,0.0138,0.002,0.0001,0.0018,0.0,0.0,,0.003,0.0209
schedule-probschedule-36-1,0,True,4,29,129,236,68,197,0,0,0,,,,0,,,35.0,35,35,0.0131,0.002,0.0001,0.0023,0.0,0.0,,0.0026,0.0203
schedule-probschedule-36-2,0,True,7,31,139,252,71,210,0,0,0,,,,0,,,35.0,35,35,0.0129,0.0022,0.0002,0.0022,0.0,0.0,,0.0023,0.0197
schedule-probschedule-37-0,0,True,3,30,130,237,67,197,0,0,0,,,,0,,,37.0,37,37,0.0141,0.002,0.0001,0.0038,0.0,0.0,,0.0029,0.023
schedule-probschedule-37-1,0,True,5,33,131,242,71,202,0,0,0,,,,0,,,35.0,35,35,0.0181,0.0021,0.0002,0.0255,0.0,0.0,,0.0031,0.0491
schedule-probschedule-37-2,0,True,4,30,132,240,68,200,0,0,0,,,,0,,,36.0,36,36,0.0346,0.0021,0.0001,0.0057,0.0,0.0,,0.0033,0.0459
schedule-probschedule-38-0,0,True,5,35,137,251,71,208,0,0,0,,,,0,,,38.0,38,38,0.0193,0.0022,0.0002,0.0075,0.0,0.0,,0.0033,0.0326
schedule-probschedule-38-1,0,True,4,29,135,249,74,209,0,0,0,,,,0,,,36.0,36,36,0.0147,0.0022,0.0001,0.002,0.0,0.0,,0.0026,0.0218
schedule-probschedule-38-2,0,True,7,34,142,255,70,212,0,0,0,,,,0,,,36.0,36,36,0.0181,0.0022,0.0002,0.0031,0.0,0.0,,0.003,0.0267
schedule-probschedule-39-0,0,True,6,38,140,257,73,213,0,0,0,,,,0,,,38.0,38,38,0.0169,0.0023,0.0002,0.0044,0.0,0.0,,0.0024,0.0264
schedule-probschedule-39-1,0,True,3,27,139,250,70,209,0,0,0,,,,0,,,38.0,38,38,0.0198,0.0022,0.0001,0.0075,0.0,0.0,,0.0034,0.0332
schedule-probschedule-39-2,0,True,5,37,133,245,71,204,0,0,0,,,,0,,,36.0,36,36,0.0204,0.0023,0.0002,0.006,0.0,0.0,,0.0044,0.0333
schedule-probschedule-4-0,0,True,1,5,15,29,9,24,0,0,0,,,,0,,,4.0,4,4,0.0259,0.0001,0.0,0.002,0.0,0.0,,0.0019,0.03
schedule-probschedule-4-1,0,True,1,4,16,30,9,25,0,0,0,,,,0,,,4.0,4,4,0.0298,0.0001,0.0,0.003,0.0,0.0,,0.0018,0.0348
schedule-probschedule-4-2,0,True,0,3,13,26,9,22,0,0,0,,,,0,,,4.0,4,4,0.0061,0.0001,0.0,0.004,0.0,0.0,,0.002,0.0122
schedule-probschedule-40-0,0,True,5,29,149,269,76,225,0,0,0,,,,0,,,39.0,39,39,0.0242,0.0024,0.0001,0.003,0.0,0.0,,0.0029,0.0328
schedule-probschedule-40-1,0,True,4,30,142,258,74,216,0,0,0,,,,0,,,38.0,38,38,0.0193,0.0024,0.0001,0.0035,0.0,0.0,,0.0024,0.0278
schedule-probschedule-40-2,0,True,2,31,137,252,73,210,0,0,0,,,,0,,,40.0,40,40,0.017,0.0023,0.0002,0.0028,0.0,0.0,,0.0031,0.0255
schedule-probschedule-41-0,0,True,5,37,145,272,82,227,0,0,0,,,,0,,,40.0,40,40,0.0152,0.0026,0.0002,0.0018,0.0,0.0,,0.0025,0.0223
schedule-probschedule-41-1,0,True,3,28,148,266,74,222,0,0,0,,,,0,,,41.0,41,41,0.0151,0.0024,0.0002,0.0023,0.0,0.0,,0.0022,0.0224
schedule-probschedule-41-2,0,True,6,35,153,284,84,237,0,0,0,,,,0,,,41.0,41,41,0.0706,0.0026,0.0002,0.0436,0.0,0.0,,0.0077,0.1248
schedule-probschedule-42-0,0,True,5,29,155,282,82,237,0,0,0,,,,0,,,40.0,40,40,0.0168,0.0026,0.0002,0.0048,0.0,0.0,,0.0025,0.027
schedule-probschedule-42-1,0,True,3,38,142,267,80,222,0,0,0,,,,0,,,42.0,42,42,0.017,0.0026,0.0002,0.0027,0.0,0.0,,0.0027,0.0252
schedule-probschedule-42-2,0,True,8,38,158,290,84,242,0,0,0,,,,0,,,40.0,40,40,0.0358,0.0028,0.0002,0.0065,0.0,0.0,,0.0037,0.0491
schedule-probschedule-43-0,0,True,4,35,151,277,80,231,0,0,0,,,,0,,,42.0,42,42,0.0181,0.0027,0.0002,0.0028,0.0,0.0,,0.003,0.0268
schedule-probschedule-43-1,0,True,6,39,155,284,81,236,0,0,0,,,,0,,,42.0,42,42,0.0164,0.0027,0.0002,0.0019,0.0,0.0,,0.0029,0.0242
schedule-probschedule-43-2,0,True,2,29,149,269,76,225,0,0,0,,,,0,,,42.0,42,42,0.0175,0.0026,0.0002,0.0038,0.0,0.0,,0.0026,0.0267
schedule-probschedule-44-0,0,True,5,35,155,284,83,238,0,0,0,,,,0,,,41.0,41,41,0.0173,0.0028,0.0002,0.0018,0.0,0.0,,0.0023,0.0245
schedule-probschedule-44-1,0,True,4,38,152,283,84,236,0,0,0,,,,0,,,43.0,43,43,0.0155,0.0029,0.0002,0.0032,0.0,0.0,,0.0026,0.0245
schedule-probschedule-44-2,0,True,8,41,161,293,83,244,0,0,0,,,,0,,,41.0,41,41,0.0167,0.003,0.0002,0.003,0.0,0.0,,0.0027,0.0257
schedule-probschedule-45-0,0,True,6,38,166,304,87,253,0,0,0,,,,0,,,45.0,45,45,0.021,0.003,0.0002,0.0029,0.0,0.0,,0.0023,0.0295
schedule-probschedule-45-1,0,True,6,39,161,295,85,246,0,0,0,,,,0,,,43.0,43,43,0.0207,0.003,0.0002,0.0047,0.0,0.0,,0.0032,0.0319
schedule-probschedule-45-2,0,True,7,38,164,296,83,247,0,0,0,,,,0,,,42.0,42,42,0.0336,0.003,0.0002,0.002,0.0,0.0,,0.0024,0.0414
schedule-probschedule-46-0,0,True,5,39,163,301,88,251,0,0,0,,,,0,,,45.0,45,45,0.0194,0.0031,0.0002,0.0021,0.0,0.0,,0.0025,0.0274
schedule-probschedule-46-1,0,True,6,40,166,302,85,251,0,0,0,,,,0,,,45.0,45,45,0.0208,0.0031,0.0002,0.0077,0.0,0.0,,0.0032,0.035
schedule-probschedule-46-2,0,True,6,37,165,299,85,250,0,0,0,,,,0,,,43.0,43,43,0.0174,0.003,0.0002,0.003,0.0,0.0,,0.0023,0.026
schedule-probschedule-47-0,0,True,3,35,163,302,90,253,0,0,0,,,,0,,,46.0,46,46,0.0402,0.0031,0.0002,0.0027,0.0,0.0,,0.003,0.0493
schedule-probschedule-47-1,0,True,5,43,161,301,90,251,0,0,0,,,,0,,,45.0,45,45,0.0183,0.0032,0.0003,0.0058,0.0,0.0,,0.0032,0.0308
schedule-probschedule-47-2,0,True,8,43,171,312,89,260,0,0,0,,,,0,,,44.0,44,44,0.0169,0.0032,0.0002,0.0026,0.0,0.0,,0.003,0.026
schedule-probschedule-48-0,0,True,5,38,172,314,90,262,0,0,0,,,,0,,,47.0,47,47,0.0359,0.0032,0.0002,0.004,0.0,0.0,,0.0023,0.0457
schedule-probschedule-48-1,0,True,10,44,178,325,94,272,0,0,0,,,,0,,,43.0,43,43,0.0167,0.0035,0.0002,0.0018,0.0,0.0,,0.0023,0.0246
schedule-probschedule-48-2,0,True,7,41,179,325,91,270,0,0,0,,,,0,,,48.0,48,48,0.0167,0.0033,0.0002,0.0014,0.0,0.0,,0.0023,0.0241
schedule-probschedule-49-0,0,True,12,48,188,344,99,287,0,0,0,,,,0,,,45.0,45,45,0.018,0.0036,0.0003,0.0021,0.0,0.0,,0.0024,0.0264
schedule-probschedule-49-1,0,True,6,41,177,324,93,270,0,0,0,,,,0,,,48.0,48,48,0.0178,0.0034,0.0003,0.0018,0.0,0.0,,0.0023,0.0257
schedule-probschedule-49-2,0,True,8,40,186,339,97,283,0,0,0,,,,0,,,48.0,48,48,0.0189,0.0036,0.0003,0.0025,0.0,0.0,,0.0024,0.0276
schedule-probschedule-5-0,0,True,1,4,18,34,11,29,0,0,0,,,,0,,,4.0,4,4,0.0102,0.0001,0.0,0.0035,0.0,0.0,,0.0026,0.0165
schedule-probschedule-5-1,0,True,2,7,21,40,12,33,0,0,0,,,,0,,,5.0,5,5,0.0064,0.0001,0.0,0.0016,0.0,0.0,,0.0021,0.0103
schedule-probschedule-5-2,0,True,1,5,19,36,11,30,0,0,0,,,,0,,,5.0,5,5,0.0103,0.0001,0.0,0.0023,0.0,0.0,,0.0022,0.015
schedule-probschedule-50-0,0,True,5,36,178,322,92,270,0,0,0,,,,0,,,47.0,47,47,0.0251,0.0034,0.0002,0.0035,0.0,0.0,,0.0031,0.0354
schedule-probschedule-50-1,0,True,3,41,167,308,90,257,0,0,0,,,,0,,,48.0,48,48,0.0363,0.0034,0.0002,0.0016,0.0,0.0,,0.0023,0.0439
schedule-probschedule-50-2,0,True,6,41,181,330,94,275,0,0,0,,,,0,,,49.0,49,49,0.0308,0.0034,0.0002,0.0074,0.0,0.0,,0.0024,0.0444
schedule-probschedule-51-0,0,True,7,43,185,339,98,283,0,0,0,,,,0,,,49.0,49,49,0.0222,0.0038,0.0003,0.0041,0.0,0.0,,0.0039,0.0344
schedule-probschedule-51-1,0,True,13,51,197,359,102,299,0,0,0,,,,0,,,47.0,47,47,0.0203,0.0039,0.0004,0.0081,0.0,0.0,,0.0033,0.036
schedule-probschedule-51-2,0,True,8,46,184,339,99,283,0,0,0,,,,0,,,48.0,48,48,0.0264,0.0037,0.0003,0.0027,0.0,0.0,,0.0028,0.0361
schedule-probschedule-6-0,0,True,1,5,23,43,13,36,0,0,0,,,,0,,,6.0,6,6,0.0114,0.0002,0.0,0.005,0.0,0.0,,0.0029,0.0194
schedule-probschedule-6-1,0,True,1,6,22,42,13,35,0,0,0,,,,0,,,6.0,6,6,0.0083,0.0002,0.0,0.0062,0.0,0.0,,0.0044,0.0191
schedule-probschedule-6-2,0,True,2,6,22,41,13,35,0,0,0,,,,0,,,4.0,4,4,0.0077,0.0002,0.0,0.0029,0.0,0.0,,0.0019,0.0127
schedule-probschedule-7-0,0,True,2,7,27,51,16,43,0,0,0,,,,0,,,6.0,6,6,0.0277,0.0002,0.0,0.0034,0.0,0.0,,0.0026,0.034
schedule-probschedule-7-1,0,True,1,7,25,48,15,40,0,0,0,,,,0,,,7.0,7,7,0.2345,0.0002,0.0,0.0021,0.0,0.0,,0.002,0.2388
schedule-probschedule-7-2,0,True,0,6,22,43,14,36,0,0,0,,,,0,,,7.0,7,7,0.0079,0.0002,0.0,0.003,0.0,0.0,,0.0018,0.013
schedule-probschedule-8-0,0,True,1,7,29,56,18,47,0,0,0,,,,0,,,8.0,8,8,0.0091,0.0002,0.0,0.0035,0.0,0.0,,0.0028,0.0157
schedule-probschedule-8-1,0,True,1,6,30,56,17,47,0,0,0,,,,0,,,8.0,8,8,0.0153,0.0002,0.0,0.002,0.0,0.0,,0.0024,0.0199
schedule-probschedule-8-2,0,True,0,6,26,50,16,42,0,0,0,,,,0,,,8.0,8,8,0.0112,0.0002,0.0,0.0018,0.0,0.0,,0.0019,0.0152
schedule-probschedule-9-0,0,True,0,8,28,55,18,46,0,0,0,,,,0,,,9.0,9,9,0.0102,0.0003,0.0,0.0038,0.0,0.0,,0.0023,0.0166
schedule-probschedule-9-1,0,True,1,7,31,59,19,50,0,0,0,,,,0,,,8.0,8,8,0.0288,0.0003,0.0,0.0069,0.0,0.0,,0.0025,0.0386
schedule-probschedule-9-2,0,True,0,5,31,59,19,50,0,0,0,,,,0,,,9.0,9,9,0.0086,0.0002,0.0,0.0035,0.0,0.0,,0.0018,0.0141
snake-opt18-strips-p01,2,True,139,5912,16828,22900,160,28208,51986,0,0,,,,2432,,,7.0,10,10,0.0532,0.0645,0.0312,0.0382,0.0,0.0,,899.896,900.0835
snake-opt18-strips-p02,2,True,148,6356,18621,25145,168,30919,56123,0,0,,,,1181,,,7.0,9,9,0.0522,0.0858,0.0262,0.0393,0.0,0.0,,899.8558,900.0596
snake-opt18-strips-p03,2,True,152,6340,18601,25116,175,31128,56672,0,0,,,,1430,,,7.0,9,9,0.0526,0.0736,0.026,0.0403,0.0,0.0,,899.8485,900.0414
snake-opt18-strips-p04,0,True,126,5891,16277,22314,146,27108,50514,0,0,,,,206,,,9.0,9,9,0.0457,0.0584,0.0238,0.0386,0.0,0.0,,25.7072,25.8741
snake-opt18-strips-p05,0,True,130,5756,16010,21919,153,26831,49820,0,0,,,,0,,,6.0,6,6,0.0437,0.0594,0.0085,0.0355,0.0,0.0,,1.0025,1.15
snake-opt18-strips-p06,0,True,176,9446,27281,36923,196,45013,83023,0,0,,,,1269,,,8.0,8,8,0.0695,0.1233,0.0295,0.0588,0.0,0.0,,19.4583,19.7402
snake-opt18-strips-p07,2,True,184,9703,28598,38505,204,47062,86231,0,0,,,,726,,,7.0,9,9,0.0813,0.137,0.0379,0.0609,0.0,0.0,,899.7368,900.0548
snake-opt18-strips-p08,2,True,196,10117,30456,40786,213,50113,91018,0,0,,,,2811,,,6.009,8,8,0.0796,0.1721,0.0465,0.0627,0.0,0.0,,899.6956,900.0575
snake-opt18-strips-p09,2,True,158,8920,25231,34329,178,41508,77172,0,0,,,,417,,,9.0,12,12,0.0669,0.1058,0.0669,0.0545,0.0,0.0,,899.7639,900.0589
snake-opt18-strips-p10,2,True,166,9269,26422,35877,186,43424,80683,0,0,,,,1164,,,7.0,9,9,0.4509,0.1272,0.0406,0.0623,0.0,0.0,,899.3752,900.0571
snake-opt18-strips-p11,2,True,206,14084,40620,54930,226,66182,123546,0,0,,,,121,,,9.0,12,12,0.359,0.2346,0.0961,0.0992,0.0,0.0,,899.3315,900.1214
snake-opt18-strips-p12,2,True,218,14218,41632,56088,238,68075,125900,0,0,,,,235,,,7.0,10,10,0.1456,0.2572,0.0755,0.0896,0.0,0.0,,899.5478,900.117
snake-opt18-strips-p13,2,True,228,14837,43902,58987,248,71811,132397,0,0,,,,356,,,7.0,11,11,0.1142,0.2379,0.0774,0.0957,0.0,0.0,,899.6328,900.1594
snake-opt18-strips-p14,2,True,238,15069,45462,60792,261,74545,137243,0,0,,,,1,,,11.0,19,17,0.1247,0.2457,0.2501,0.1001,0.0,0.0,,899.3574,900.0797
snake-opt18-strips-p15,0,True,196,13622,38855,52693,216,63422,118681,0,0,,,,0,,,7.0,7,7,0.1051,0.2091,0.0419,0.1062,0.0,0.0,,12.667,13.1304
snake-opt18-strips-p16,2,True,246,19471,56383,76123,269,91888,172251,0,0,,,,4,,,10.0,13,13,0.1756,0.3406,0.179,0.1293,0.0,0.0,,899.3719,900.1982
snake-opt18-strips-p17,2,True,260,20392,60025,80697,280,97542,181376,0,0,,,,40,,,9.0,13,13,0.1656,0.3554,0.1863,0.1383,0.0,0.0,,899.3413,900.1887
snake-opt18-strips-p18,2,True,274,21201,63523,85015,291,102924,190726,0,0,,,,20,,,7.0,12,12,0.219,0.475,0.1526,0.1434,0.0,0.0,,899.1392,900.1312
snake-opt18-strips-p19,2,True,286,21710,65694,87710,306,106981,197203,0,0,,,,22,,,8.0,10,10,0.1964,0.3952,0.1111,0.1501,0.0,0.0,,899.2946,900.1498
snake-opt18-strips-p20,0,True,234,19439,55730,75423,254,90467,170114,0,0,,,,10753,,,9.0,9,9,0.1454,0.3299,0.1047,0.1389,0.0,0.0,,104.0383,104.7587
snake-sat18-strips-p01,2,True,206,13963,40280,54469,226,65674,122439,0,0,,,,75,,,9.0,15,15,0.105,0.1959,0.1589,0.0877,0.0,0.0,,899.551,900.0996
snake-sat18-strips-p02,2,True,218,14353,42130,56721,238,68791,127046,0,0,,,,537,,,7.0,11,10,0.1095,0.2386,0.1019,0.0915,0.0,0.0,,899.5553,900.0983
snake-sat18-strips-p03,2,True,230,14830,44107,59184,247,72061,132566,0,0,,,,101,,,8.0,12,12,0.116,0.2668,0.1259,0.0977,0.0,0.0,,899.5465,900.1543
snake-sat18-strips-p04,2,True,240,15387,46402,62049,260,75905,139417,0,0,,,,194,,,8.0,13,13,0.1776,0.2652,0.1363,0.1407,0.0,0.0,,899.3855,900.1116
snake-sat18-strips-p05,2,True,196,13612,38623,52451,216,63179,118398,0,0,,,,112,,,9.0,11,11,0.1041,0.217,0.0883,0.0881,0.0,0.0,,899.592,900.0906
snake-sat18-strips-p06,2,True,280,27444,79760,107504,300,128454,241741,0,0,,,,0,,,10.0,17,17,0.2086,0.5355,0.4788,0.2335,0.0,0.0,,898.659,900.1175
snake-sat18-strips-p07,2,True,292,27512,79995,107822,315,129691,244137,0,0,,,,3,,,10.0,15,15,0.2357,0.5762,0.3795,0.2063,0.0,0.0,,898.9663,900.3728
snake-sat18-strips-p08,2,True,310,28812,85174,114316,330,137738,257322,0,0,,,,45,,,7.0,11,11,0.2523,0.6565,0.2523,0.2208,0.0,0.0,,898.7502,900.1379
snake-sat18-strips-p09,2,True,326,29514,88542,118399,343,143315,266133,0,0,,,,0,,,8.0,12,12,0.2846,0.7362,0.3585,0.2622,0.0,0.0,,898.5774,900.2223
snake-sat18-strips-p10,2,True,338,30553,92822,123733,358,150174,278411,0,0,,,,3,,,10.0,16,16,0.3027,0.7819,0.5012,0.2936,0.0,0.0,,898.4501,900.3334
snake-sat18-strips-p11,2,True,378,49258,144070,193726,398,230925,436474,0,0,,,,54,,,8.0,13,13,0.4452,2.2728,0.738,0.7718,0.0,0.0,,896.2058,900.4427
snake-sat18-strips-p12,2,True,398,50658,149469,200545,418,239835,451840,0,0,,,,0,,,9.0,13,13,0.4917,1.4207,0.9686,0.4623,0.0,0.0,,896.838,900.1871
snake-sat18-strips-p13,2,True,416,51540,154046,206022,436,247098,463562,0,0,,,,0,,,9.0,13,13,0.4953,1.7009,0.9287,0.4824,0.0,0.0,,896.5848,900.1987
snake-sat18-strips-p14,2,True,438,53433,161546,215434,455,259270,485226,0,0,,,,0,,,8.0,13,13,0.54,1.9111,0.7945,0.4626,0.0,0.0,,896.4994,900.2151
snake-sat18-strips-p15,2,True,456,55455,169866,225797,476,272588,509397,0,0,,,,0,,,9.0,16,16,0.7898,1.8295,1.079,0.5954,0.0,0.0,,896.1737,900.4762
snake-sat18-strips-p16,2,True,490,82180,242056,324746,510,385644,731583,0,0,,,,0,,,11.0,16,16,1.4753,3.0715,2.7162,1.015,0.0,0.0,,892.063,900.3499
snake-sat18-strips-p17,2,True,514,83670,248260,332464,534,396476,749270,0,0,,,,0,,,10.0,12,12,0.8708,4.4223,1.733,0.9212,0.0,0.0,,892.7128,900.6727
snake-sat18-strips-p18,2,True,538,85556,256749,342863,558,410444,772572,0,0,,,,0,,,0.0,16,16,0.947,3.3584,2.8706,1.0009,0.0,0.0,,976.1171,984.3061
snake-sat18-strips-p19,2,True,562,88245,267614,356441,582,428218,804236,0,0,,,,0,,,0.0,19,19,1.008,3.5631,3.246,1.0273,0.0,0.0,,951.0428,959.9016
snake-sat18-strips-p20,2,True,584,90765,278204,369576,607,445509,837277,0,0,,,,0,,,1.0,21,21,1.3463,3.7662,4.9717,1.1408,0.0,0.0,,970.5616,981.8014
sokoban-opt08-strips-p01,0,False,24,69,138,270,57,343,183,0,0,,,,0,,,10.0,10,10,0.0084,0.0005,0.0001,0.0036,0.0,0.0,,0.0097,0.0223
sokoban-opt08-strips-p02,0,False,25,57,103,207,47,271,156,0,0,,,,0,,,9.0,9,9,0.0068,0.0004,0.0001,0.0031,0.0,0.0,,0.0097,0.0201
sokoban-opt08-strips-p03,0,False,21,41,73,154,40,195,95,0,0,,,,0,,,3.0,3,3,0.0109,0.0003,0.0,0.0036,0.0,0.0,,0.0082,0.0231
sokoban-opt08-strips-p04,0,False,43,118,236,457,97,630,367,0,0,,,,0,,,25.0,25,25,0.012,0.0012,0.0002,0.0047,0.0,0.0,,0.0175,0.0358
sokoban-opt08-strips-p05,0,False,283,762,1476,2538,300,3704,3008,0,0,,,,0,,,8.0,8,8,0.0146,0.0132,0.0042,0.0091,0.0,0.0,,0.1182,0.1594
sokoban-opt08-strips-p06,0,False,31,60,96,201,45,264,145,0,0,,,,0,,,2.0,2,2,0.0078,0.0005,0.0001,0.0027,0.0,0.0,,0.0093,0.0203
sokoban-opt08-strips-p07,0,False,89,167,274,553,112,707,413,0,0,,,,0,,,7.0,7,7,0.0108,0.0018,0.0002,0.0036,0.0,0.0,,0.0207,0.0372
sokoban-opt08-strips-p08,0,False,59,141,256,485,88,677,469,0,0,,,,3843,,,13.0,13,13,0.009,0.0015,0.0003,0.0041,0.0,0.0,,0.1579,0.1729
sokoban-opt08-strips-p09,0,False,58,95,159,344,90,457,257,0,0,,,,0,,,5.0,5,5,0.0265,0.0014,0.0001,0.0046,0.0,0.0,,0.012,0.0446
sokoban-opt08-strips-p10,0,False,47,108,195,388,84,534,331,0,0,,,,0,,,10.0,10,10,0.0084,0.0011,0.0002,0.0031,0.0,0.0,,0.017,0.0298
sokoban-opt08-strips-p11,0,False,79,172,300,611,135,794,410,0,0,,,,0,,,16.0,16,16,0.0251,0.002,0.0003,0.0024,0.0,0.0,,0.0186,0.0484
sokoban-opt08-strips-p12,0,False,88,159,307,586,120,796,484,0,0,,,,0,,,8.0,8,8,0.0076,0.0021,0.0003,0.0021,0.0,0.0,,0.0272,0.0394
sokoban-opt08-strips-p13,0,False,80,152,296,553,105,757,540,0,0,,,,0,,,4.0,4,4,0.0068,0.0016,0.0002,0.0023,0.0,0.0,,0.0162,0.0271
sokoban-opt08-strips-p14,0,False,69,143,248,476,85,632,418,0,0,,,,0,,,11.0,11,11,0.0283,0.0012,0.0002,0.0051,0.0,0.0,,0.0259,0.0609
sokoban-opt08-strips-p15,0,False,68,245,537,964,177,1381,912,0,0,,,,0,,,57.0,58,57,0.0086,0.0036,0.0009,0.0046,0.0,0.0,,0.1321,0.1499
sokoban-opt08-strips-p16,0,False,88,151,228,510,128,648,335,0,0,,,,168,,,16.0,16,16,0.0109,0.0019,0.0002,0.0031,0.0,0.0,,0.0781,0.0943
sokoban-opt08-strips-p17,0,False,48,76,134,278,68,360,187,0,0,,,,0,,,6.0,6,6,0.0096,0.0009,0.0001,0.0042,0.0,0.0,,0.012,0.0269
sokoban-opt08-strips-p18,0,False,93,182,307,636,147,839,481,0,0,,,,0,,,29.0,29,29,0.0188,0.0027,0.0004,0.0065,0.0,0.0,,0.0219,0.0503
sokoban-opt08-strips-p19,0,False,80,211,410,750,129,1057,728,0,0,,,,0,,,27.0,27,27,0.013,0.0024,0.0005,0.005,0.0,0.0,,0.0318,0.0528
sokoban-opt08-strips-p20,0,False,225,440,466,1142,235,1172,484,0,0,,,,0,,,2.0,2,2,0.0168,0.0061,0.0004,0.0056,0.0,0.0,,0.0442,0.0732
sokoban-opt08-strips-p21,0,False,386,1008,1892,3290,390,4922,4068,0,0,,,,0,,,2.0,2,2,0.0376,0.0227,0.0041,0.0069,0.0,0.0,,0.1505,0.222
sokoban-opt08-strips-p22,0,False,83,212,386,739,141,1010,660,0,0,,,,0,,,30.0,31,30,0.0106,0.003,0.0005,0.0027,0.0,0.0,,0.0596,0.0765
sokoban-opt08-strips-p23,0,False,83,220,485,827,122,1222,883,0,0,,,,0,,,15.0,16,15,0.0294,0.0024,0.0005,0.0047,0.0,0.0,,0.0494,0.0865
sokoban-opt08-strips-p24,0,False,131,201,362,729,166,1023,657,0,0,,,,0,,,14.0,14,14,0.0094,0.0032,0.0006,0.0033,0.0,0.0,,0.0342,0.0508
sokoban-opt08-strips-p25,0,False,109,206,385,754,163,1039,649,0,0,,,,198,,,25.0,26,25,1.5031,0.0034,0.0007,0.0056,0.0,0.0,,0.0889,1.6017
sokoban-opt08-strips-p26,0,False,121,256,488,901,157,1288,937,0,0,,,,1066,,,23.0,24,23,0.0097,0.0037,0.0009,0.0034,0.0,0.0,,0.2238,0.2415
sokoban-opt08-strips-p27,0,False,203,311,524,1066,231,1551,980,0,0,,,,97,,,11.0,11,11,0.0108,0.0061,0.0012,0.0038,0.0,0.0,,0.1094,0.1314
sokoban-opt08-strips-p28,0,False,148,234,405,817,178,1131,703,0,0,,,,15,,,18.0,18,18,0.0253,0.0037,0.0006,0.0032,0.0,0.0,,0.1204,0.1532
sokoban-opt08-strips-p29,0,False,455,1078,1901,3459,480,5089,4172,0,0,,,,78028,,,15.0,15,15,0.0242,0.0331,0.0098,0.0171,0.0,0.0,,71.1804,71.2647
sokoban-opt08-strips-p30,0,False,476,1352,2848,4701,501,7341,6204,0,0,,,,0,,,12.0,12,12,0.0287,0.0394,0.0126,0.0101,0.0,0.0,,0.2132,0.3042
sokoban-opt11-strips-p01,0,False,31,60,96,201,45,264,145,0,0,,,,0,,,2.0,2,2,0.0073,0.0005,0.0001,0.0037,0.0,0.0,,0.0086,0.0202
sokoban-opt11-strips-p02,0,False,48,76,134,278,68,360,187,0,0,,,,0,,,6.0,6,6,0.0071,0.0009,0.0001,0.0017,0.0,0.0,,0.0109,0.0208
sokoban-opt11-strips-p03,0,False,69,143,248,476,85,632,418,0,0,,,,0,,,11.0,11,11,0.0074,0.0012,0.0002,0.0039,0.0,0.0,,0.025,0.0378
sokoban-opt11-strips-p04,0,False,43,118,236,457,97,630,367,0,0,,,,0,,,25.0,25,25,0.0194,0.0012,0.0002,0.0149,0.0,0.0,,0.0212,0.0569
sokoban-opt11-strips-p05,0,False,88,151,228,510,128,648,335,0,0,,,,168,,,16.0,16,16,0.0075,0.0019,0.0002,0.0023,0.0,0.0,,0.0797,0.0917
sokoban-opt11-strips-p06,0,False,79,172,300,611,135,794,410,0,0,,,,0,,,16.0,16,16,0.02,0.002,0.0003,0.0029,0.0,0.0,,0.0191,0.0443
sokoban-opt11-strips-p07,0,False,47,108,195,388,84,534,331,0,0,,,,0,,,10.0,10,10,0.0101,0.0012,0.0002,0.004,0.0,0.0,,0.017,0.0324
sokoban-opt11-strips-p08,0,False,58,95,159,344,90,457,257,0,0,,,,0,,,5.0,5,5,0.0152,0.0014,0.0001,0.0018,0.0,0.0,,0.0114,0.0299
sokoban-opt11-strips-p09,0,False,89,167,274,553,112,707,413,0,0,,,,0,,,7.0,7,7,0.0103,0.0018,0.0002,0.0042,0.0,0.0,,0.0214,0.0379
sokoban-opt11-strips-p10,0,False,283,762,1476,2538,300,3704,3008,0,0,,,,0,,,8.0,8,8,0.0186,0.013,0.0042,0.0058,0.0,0.0,,0.1177,0.1594
sokoban-opt11-strips-p11,0,False,80,152,296,553,105,757,540,0,0,,,,0,,,4.0,4,4,0.0086,0.0016,0.0002,0.0028,0.0,0.0,,0.0162,0.0294
sokoban-opt11-strips-p12,0,False,225,440,466,1142,235,1172,484,0,0,,,,0,,,2.0,2,2,0.0109,0.0062,0.0003,0.0037,0.0,0.0,,0.044,0.0652
sokoban-opt11-strips-p13,0,False,59,141,256,485,88,677,469,0,0,,,,3843,,,13.0,13,13,0.0083,0.0015,0.0003,0.0019,0.0,0.0,,0.1604,0.1724
sokoban-opt11-strips-p14,0,False,88,159,307,586,120,796,484,0,0,,,,0,,,8.0,8,8,0.0081,0.0021,0.0003,0.0029,0.0,0.0,,0.0277,0.0411
sokoban-opt11-strips-p15,0,False,93,182,307,636,147,839,481,0,0,,,,0,,,29.0,29,29,0.0303,0.0027,0.0005,0.0032,0.0,0.0,,0.0194,0.056
sokoban-opt11-strips-p16,0,False,68,245,537,964,177,1381,912,0,0,,,,0,,,57.0,58,57,0.0395,0.0036,0.0009,0.0087,0.0,0.0,,0.1307,0.1835
sokoban-opt11-strips-p17,0,False,80,211,410,750,129,1057,728,0,0,,,,0,,,27.0,27,27,0.0106,0.0024,0.0005,0.007,0.0,0.0,,0.032,0.0525
sokoban-opt11-strips-p18,0,False,386,1008,1892,3290,390,4922,4068,0,0,,,,0,,,2.0,2,2,0.0363,0.0225,0.0041,0.0068,0.0,0.0,,0.1503,0.2201
sokoban-opt11-strips-p19,0,False,83,212,386,739,141,1010,660,0,0,,,,0,,,30.0,31,30,0.0106,0.0029,0.0005,0.004,0.0,0.0,,0.0588,0.077
sokoban-opt11-strips-p20,0,False,83,220,485,827,122,1222,883,0,0,,,,0,,,15.0,16,15,0.0089,0.0024,0.0005,0.0029,0.0,0.0,,0.0491,0.0639
sokoban-sat08-strips-p01,0,False,25,57,103,207,47,271,156,0,0,,,,0,,,9.0,9,9,0.0096,0.0004,0.0001,0.0017,0.0,0.0,,0.0089,0.0207
sokoban-sat08-strips-p02,0,False,43,118,236,457,97,630,367,0,0,,,,0,,,25.0,25,25,0.012,0.0012,0.0002,0.0066,0.0,0.0,,0.0176,0.0376
sokoban-sat08-strips-p03,0,False,31,60,96,201,45,264,145,0,0,,,,0,,,2.0,2,2,0.0089,0.0005,0.0001,0.0028,0.0,0.0,,0.0094,0.0217
sokoban-sat08-strips-p04,0,False,59,141,256,485,88,677,469,0,0,,,,3843,,,13.0,13,13,0.0307,0.0016,0.0003,0.0042,0.0,0.0,,0.1589,0.1957
sokoban-sat08-strips-p05,0,False,47,108,195,388,84,534,331,0,0,,,,0,,,10.0,10,10,0.0134,0.0011,0.0002,0.0037,0.0,0.0,,0.0171,0.0355
sokoban-sat08-strips-p06,0,False,88,159,307,586,120,796,484,0,0,,,,0,,,8.0,8,8,0.9241,0.0021,0.0003,0.0085,0.0,0.0,,0.0273,0.9623
sokoban-sat08-strips-p07,0,False,69,143,248,476,85,632,418,0,0,,,,0,,,11.0,11,11,0.0154,0.0012,0.0002,0.0047,0.0,0.0,,0.0253,0.047
sokoban-sat08-strips-p08,0,False,88,151,228,510,128,648,335,0,0,,,,168,,,16.0,16,16,0.027,0.0019,0.0002,0.0028,0.0,0.0,,0.0773,0.1093
sokoban-sat08-strips-p09,0,False,93,182,307,636,147,839,481,0,0,,,,0,,,29.0,29,29,0.0102,0.0027,0.0004,0.0035,0.0,0.0,,0.0194,0.0361
sokoban-sat08-strips-p10,0,False,225,440,466,1142,235,1172,484,0,0,,,,0,,,2.0,2,2,0.0107,0.0061,0.0003,0.004,0.0,0.0,,0.0434,0.0647
sokoban-sat08-strips-p11,0,False,386,1008,1892,3290,390,4922,4068,0,0,,,,0,,,2.0,2,2,0.0356,0.0228,0.0041,0.011,0.0,0.0,,0.1517,0.2253
sokoban-sat08-strips-p12,0,False,83,212,386,739,141,1010,660,0,0,,,,0,,,30.0,31,30,0.008,0.0029,0.0005,0.0057,0.0,0.0,,0.0592,0.0764
sokoban-sat08-strips-p13,0,False,83,220,485,827,122,1222,883,0,0,,,,0,,,15.0,16,15,0.013,0.0024,0.0005,0.0031,0.0,0.0,,0.0506,0.0697
sokoban-sat08-strips-p14,0,False,131,201,362,729,166,1023,657,0,0,,,,0,,,14.0,14,14,0.0201,0.0032,0.0006,0.0075,0.0,0.0,,0.0352,0.0667
sokoban-sat08-strips-p15,0,False,109,206,385,754,163,1039,649,0,0,,,,198,,,25.0,26,25,0.0096,0.0034,0.0007,0.0032,0.0,0.0,,0.0879,0.1047
sokoban-sat08-strips-p16,0,False,121,256,488,901,157,1288,937,0,0,,,,1066,,,23.0,24,23,0.0147,0.0037,0.0009,0.0057,0.0,0.0,,0.2229,0.2479
sokoban-sat08-strips-p17,0,False,203,311,524,1066,231,1551,980,0,0,,,,97,,,11.0,11,11,0.0359,0.0061,0.0012,0.008,0.0,0.0,,0.1103,0.1615
sokoban-sat08-strips-p18,0,False,148,234,405,817,178,1131,703,0,0,,,,15,,,18.0,18,18,0.01,0.0037,0.0007,0.0043,0.0,0.0,,0.1207,0.1395
sokoban-sat08-strips-p19,0,False,455,1078,1901,3459,480,5089,4172,0,0,,,,78028,,,15.0,15,15,0.024,0.0331,0.0102,0.009,0.0,0.0,,65.9399,66.0164
sokoban-sat08-strips-p20,0,False,476,1352,2848,4701,501,7341,6204,0,0,,,,0,,,12.0,12,12,0.2601,0.0392,0.0121,2.4356,0.0,0.0,,0.6786,3.4259
sokoban-sat08-strips-p21,0,False,135,272,452,897,173,1205,773,0,0,,,,8,,,29.0,29,29,0.0098,0.0039,0.0007,0.0093,0.0,0.0,,0.2019,0.2257
sokoban-sat08-strips-p22,0,False,142,241,445,871,184,1218,805,0,0,,,,0,,,21.0,22,21,0.01,0.004,0.0013,0.004,0.0,0.0,,0.0766,0.0958
sokoban-sat08-strips-p23,0,False,128,246,438,862,178,1155,739,0,0,,,,0,,,30.0,32,30,0.0083,0.0037,0.0009,0.0023,0.0,0.0,,0.0543,0.0696
sokoban-sat08-strips-p24,0,False,124,201,345,723,177,978,587,0,0,,,,0,,,22.0,22,22,0.0327,0.0036,0.0008,0.0037,0.0,0.0,,0.0346,0.0755
sokoban-sat08-strips-p25,0,False,142,220,347,746,179,1041,608,0,0,,,,0,,,15.0,15,15,0.0094,0.004,0.001,0.0029,0.0,0.0,,0.0295,0.0468
sokoban-sat08-strips-p26,0,False,154,308,584,1109,217,1534,1025,0,0,,,,0,,,32.0,32,32,0.013,0.0057,0.0009,0.0058,0.0,0.0,,0.0517,0.0772
sokoban-sat08-strips-p27,0,False,298,708,1306,2357,339,3407,2642,0,0,,,,0,,,8.0,8,8,0.0171,0.0161,0.0017,0.0103,0.0,0.0,,0.1023,0.1476
sokoban-sat08-strips-p28,0,False,137,371,774,1424,264,2000,1384,0,0,,,,0,,,76.0,76,76,0.0138,0.0073,0.0031,0.0056,0.0,0.0,,0.0541,0.084
sokoban-sat08-strips-p29,0,False,123,218,454,853,177,1193,769,0,0,,,,0,,,22.0,24,22,0.0103,0.0038,0.0009,0.0029,0.0,0.0,,0.0555,0.0735
sokoban-sat08-strips-p30,0,False,72,243,495,925,180,1265,799,0,0,,,,0,,,53.0,54,53,0.012,0.0037,0.0008,0.0041,0.0,0.0,,0.1015,0.1222
sokoban-sat11-strips-p01,0,False,142,220,347,746,179,1041,608,0,0,,,,0,,,15.0,15,15,0.0216,0.0039,0.001,0.0037,0.0,0.0,,0.0313,0.0616
sokoban-sat11-strips-p02,0,False,88,151,228,510,128,648,335,0,0,,,,168,,,16.0,16,16,0.0281,0.0019,0.0002,0.0042,0.0,0.0,,0.0778,0.1123
sokoban-sat11-strips-p03,0,False,203,311,524,1066,231,1551,980,0,0,,,,97,,,11.0,11,11,0.0109,0.0061,0.0012,0.007,0.0,0.0,,0.1109,0.1362
sokoban-sat11-strips-p04,0,False,121,256,488,901,157,1288,937,0,0,,,,1066,,,23.0,24,23,0.0089,0.0037,0.0009,0.0038,0.0,0.0,,0.2224,0.2397
sokoban-sat11-strips-p05,0,False,131,201,362,729,166,1023,657,0,0,,,,0,,,14.0,14,14,0.0152,0.0032,0.0006,0.0148,0.0,0.0,,0.0353,0.0691
sokoban-sat11-strips-p06,0,False,83,212,386,739,141,1010,660,0,0,,,,0,,,30.0,31,30,0.0087,0.0029,0.0005,0.0032,0.0,0.0,,0.059,0.0745
sokoban-sat11-strips-p07,0,False,83,220,485,827,122,1222,883,0,0,,,,0,,,15.0,16,15,0.0085,0.0024,0.0005,0.0037,0.0,0.0,,0.0493,0.0645
sokoban-sat11-strips-p08,0,False,142,241,445,871,184,1218,805,0,0,,,,0,,,21.0,22,21,0.0114,0.004,0.001,0.0091,0.0,0.0,,0.0771,0.1026
sokoban-sat11-strips-p09,0,False,225,440,466,1142,235,1172,484,0,0,,,,0,,,2.0,2,2,0.0086,0.0062,0.0004,0.0023,0.0,0.0,,0.043,0.0606
sokoban-sat11-strips-p10,0,False,128,246,438,862,178,1155,739,0,0,,,,0,,,30.0,32,30,0.0093,0.0037,0.0012,0.0076,0.0,0.0,,0.0547,0.0765
sokoban-sat11-strips-p11,0,False,137,371,774,1424,264,2000,1384,0,0,,,,0,,,76.0,76,76,0.0164,0.0073,0.0031,0.0138,0.0,0.0,,0.0541,0.0948
sokoban-sat11-strips-p12,0,False,148,234,405,817,178,1131,703,0,0,,,,15,,,18.0,18,18,0.0309,0.0036,0.0006,0.0034,0.0,0.0,,0.1199,0.1586
sokoban-sat11-strips-p13,0,False,298,708,1306,2357,339,3407,2642,0,0,,,,0,,,8.0,8,8,0.0304,0.0159,0.0017,0.0148,0.0,0.0,,0.1045,0.1673
sokoban-sat11-strips-p14,0,False,124,201,345,723,177,978,587,0,0,,,,0,,,22.0,22,22,0.0087,0.0036,0.0008,0.0023,0.0,0.0,,0.0339,0.0493
sokoban-sat11-strips-p15,0,False,72,243,495,925,180,1265,799,0,0,,,,0,,,53.0,54,53,0.0112,0.0037,0.0008,0.0029,0.0,0.0,,0.101,0.1196
sokoban-sat11-strips-p16,0,False,455,1078,1901,3459,480,5089,4172,0,0,,,,78028,,,15.0,15,15,0.0212,0.0332,0.0098,0.0079,0.0,0.0,,65.7347,65.8069
sokoban-sat11-strips-p17,0,False,154,308,584,1109,217,1534,1025,0,0,,,,0,,,32.0,32,32,0.0106,0.0057,0.0008,0.0032,0.0,0.0,,0.0516,0.072
sokoban-sat11-strips-p18,0,False,123,218,454,853,177,1193,769,0,0,,,,0,,,22.0,24,22,0.0308,0.0038,0.0009,0.0039,0.0,0.0,,0.0542,0.0937
sokoban-sat11-strips-p19,0,False,109,206,385,754,163,1039,649,0,0,,,,198,,,25.0,26,25,0.0115,0.0034,0.0007,0.0047,0.0,0.0,,0.0883,0.1086
sokoban-sat11-strips-p20,0,False,476,1352,2848,4701,501,7341,6204,0,0,,,,0,,,12.0,12,12,0.0275,0.0393,0.0126,0.0112,0.0,0.0,,0.2129,0.3037
spider-opt18-strips-p01,0,False,171,1050,3075,4397,266,6160,11905,0,0,,,,0,,,10.0,10,10,0.0321,0.0434,0.0415,0.0115,0.0,0.0,,0.2455,0.3743
spider-opt18-strips-p02,0,False,243,1437,3935,5746,368,8316,14637,0,0,,,,0,,,13.0,15,13,1.1786,0.0768,0.0739,0.0124,0.0,0.0,,0.5117,1.8541
spider-opt18-strips-p03,0,False,397,2916,8519,11991,550,16394,34043,0,0,,,,0,,,14.0,16,14,0.1336,0.2891,0.4194,0.0271,0.0,0.0,,12.9194,13.7896
spider-opt18-strips-p04,0,False,485,3543,10037,14258,672,19839,39915,0,0,,,,9262,,,19.0,22,19,0.147,0.4663,0.62,0.0379,0.0,0.0,,281.6729,282.9458
spider-opt18-strips-p05,0,False,711,5570,15522,22030,932,31294,61139,0,0,,,,6414,,,21.0,24,21,0.387,0.8603,2.0372,0.0778,0.0,0.0,,275.3724,278.739
spider-opt18-strips-p06,2,False,967,8908,24677,34809,1218,48037,101076,0,0,,,,1825,,,25.0,28,28,0.6448,1.8899,5.5902,0.1122,0.0,0.0,,891.8752,900.1214
spider-opt18-strips-p07,0,False,189,1058,3213,4550,273,6666,11520,0,0,,,,0,,,9.0,9,9,0.0346,0.0389,0.0525,0.012,0.0,0.0,,0.3115,0.4498
spider-opt18-strips-p08,0,False,260,1545,4539,6463,373,9394,16873,0,0,,,,0,,,12.0,14,12,0.047,0.0808,0.1086,0.0158,0.0,0.0,,0.7198,0.9725
spider-opt18-strips-p09,0,False,424,2810,8130,11511,565,16897,31674,0,0,,,,42178,,,16.0,17,16,0.1224,0.2412,0.5579,0.0262,0.0,0.0,,79.478,80.4273
spider-opt18-strips-p10,0,False,508,3771,10468,14921,676,20803,42301,0,0,,,,0,,,17.0,19,17,0.1532,0.4978,0.7459,0.0365,0.0,0.0,,14.3365,15.7718
spider-opt18-strips-p11,2,False,727,6088,17367,24383,922,33229,73480,0,0,,,,9360,,,19.0,22,22,0.3417,1.0408,2.2243,0.0702,0.0,0.0,,896.3933,900.075
spider-opt18-strips-p12,2,False,1005,10481,30761,42477,1229,56200,126556,0,0,,,,1342,,,23.0,30,30,0.6233,2.1165,5.0249,0.1445,0.0,0.0,,892.139,900.0572
spider-opt18-strips-p13,2,False,1129,11191,32256,44832,1379,60754,132608,0,0,,,,2574,,,25.0,30,30,0.812,3.1272,8.6224,0.1566,0.0,0.0,,887.446,900.1765
spider-opt18-strips-p14,0,False,181,1080,3466,4817,265,6810,13772,0,0,,,,0,,,6.0,6,6,0.0376,0.0364,0.0763,0.0099,0.0,0.0,,0.2581,0.4185
spider-opt18-strips-p15,0,False,258,1287,3658,5324,373,8353,13964,0,0,,,,0,,,13.0,14,13,0.0652,0.072,0.0784,0.013,0.0,0.0,,0.9441,1.1731
spider-opt18-strips-p16,0,False,417,3242,9684,13486,554,18578,40829,0,0,,,,82558,,,11.0,12,11,0.1264,0.2602,0.5292,0.0326,0.0,0.0,,136.9865,137.9364
spider-opt18-strips-p17,0,False,516,3381,9702,13774,685,20422,37512,0,0,,,,0,,,19.0,19,19,0.1526,0.364,0.6533,0.0335,0.0,0.0,,0.6917,1.8968
spider-opt18-strips-p18,2,False,736,6072,17127,24136,931,33851,70552,0,0,,,,120349,,,20.0,21,21,0.319,0.9466,2.6551,0.0671,0.0,0.0,,896.0628,900.0546
spider-opt18-strips-p19,0,False,1005,10267,30029,41527,1225,55650,128306,0,0,,,,0,,,20.0,21,20,0.6287,2.229,5.6251,0.1348,0.0,0.0,,45.9831,54.6098
spider-opt18-strips-p20,0,False,1138,10503,29734,41634,1391,58493,122067,0,0,,,,5340,,,28.0,29,28,0.8786,2.8423,5.9,0.1479,0.0,0.0,,333.9465,343.7269
spider-sat18-strips-p01,0,False,712,6267,17955,25155,927,34324,72528,0,0,,,,3698,,,20.0,21,20,0.3436,0.9851,2.0965,0.0706,0.0,0.0,,35.9274,39.4267
spider-sat18-strips-p02,2,False,960,9531,27519,38267,1211,50923,114537,0,0,,,,2875,,,22.0,26,26,0.6506,2.6355,5.7503,0.1248,0.0,0.0,,890.9467,900.1199
spider-sat18-strips-p03,2,False,1099,9314,25643,36348,1385,52170,100524,0,0,,,,3511,,,29.0,36,36,0.7947,2.7882,7.6798,0.1271,0.0,0.0,,888.7291,900.1251
spider-sat18-strips-p04,2,False,1412,15628,42473,59831,1724,79719,174437,0,0,,,,453,,,29.0,35,35,1.4382,6.0815,14.9991,0.2402,0.0,0.0,,877.3725,900.1464
spider-sat18-strips-p05,2,False,1777,21977,59754,83856,2119,111348,253635,0,0,,,,0,,,30.0,41,41,2.4996,10.8429,32.146,0.3809,0.0,0.0,,854.2903,900.1757
spider-sat18-strips-p06,2,False,1942,23021,62847,88196,2322,118159,260934,0,0,,,,0,,,37.0,44,44,2.9865,12.5427,39.9866,0.424,0.0,0.0,,844.1319,900.0953
spider-sat18-strips-p07,2,False,507,3608,10669,14958,675,20916,41976,0,0,,,,31000,,,16.0,19,19,0.1476,0.3823,0.7152,0.0372,0.0,0.0,,912.7268,914.0111
spider-sat18-strips-p08,0,False,737,6760,18740,26432,926,35580,78832,0,0,,,,23004,,,19.0,20,19,0.3291,1.0811,2.5639,0.0819,0.0,0.0,,246.1671,250.2274
spider-sat18-strips-p09,2,False,996,10071,29664,40958,1217,54356,123915,0,0,,,,2513,,,22.0,26,26,0.6324,2.3876,6.1485,0.1374,0.0,0.0,,890.8714,900.1876
spider-sat18-strips-p10,2,False,1132,12257,34744,48385,1378,64172,145015,0,0,,,,1366,,,22.0,28,28,0.8033,2.986,8.1479,0.1672,0.0,0.0,,887.9034,900.0191
spider-sat18-strips-p11,2,False,1453,15760,45636,63135,1733,84339,189118,0,0,,,,3,,,29.0,36,36,1.4426,6.7056,14.6986,0.269,0.0,0.0,,877.0625,900.1966
spider-sat18-strips-p12,2,False,1818,24712,72329,99170,2123,127190,309412,0,0,,,,0,,,29.0,40,40,2.5131,11.584,54.9277,0.4776,0.0,0.0,,830.7226,900.2459
spider-sat18-strips-p13,2,False,1984,23506,67341,93168,2315,123917,288271,0,0,,,,0,,,32.0,38,38,2.9553,13.642,35.9908,0.4765,0.0,0.0,,847.0407,900.1243
spider-sat18-strips-p14,0,False,513,3726,10928,15341,681,21645,42879,0,0,,,,4764,,,18.0,20,18,0.1502,0.4599,0.6944,0.0376,0.0,0.0,,54.1526,55.4965
spider-sat18-strips-p15,0,False,735,6317,17913,25165,929,34418,71427,0,0,,,,0,,,19.0,19,19,0.3422,1.0798,1.9039,0.0694,0.0,0.0,,1.429,4.8276
spider-sat18-strips-p16,0,False,997,9965,29293,40486,1222,54084,125566,0,0,,,,0,,,22.0,22,22,0.6634,2.3409,5.5975,0.1365,0.0,0.0,,2.6478,11.3951
spider-sat18-strips-p17,2,False,1135,10942,31190,43527,1388,60328,130424,0,0,,,,49,,,26.0,29,29,0.7947,2.8589,6.445,0.1531,0.0,0.0,,889.8862,900.1477
spider-sat18-strips-p18,2,False,1454,16271,45101,63107,1729,83648,190429,0,0,,,,0,,,26.0,29,29,2.7402,5.6879,16.4045,0.2499,0.0,0.0,,875.0003,900.0978
spider-sat18-strips-p19,0,False,1819,22078,63634,87842,2124,116410,273258,0,0,,,,0,,,28.0,28,28,2.5031,10.2419,35.3895,0.418,0.0,0.0,,6.4083,54.9752
spider-sat18-strips-p20,2,False,1995,24390,69418,96140,2326,127819,295238,0,0,,,,0,,,33.0,34,34,2.9536,13.4207,43.7456,0.4844,0.0,0.0,,839.498,900.1188
storage-p01,0,True,0,2,7,17,7,23,9,0,0,,,,0,,,3.0,3,3,0.006,0.0,0.0,0.0021,0.0,0.0,,0.0022,0.0103
storage-p02,0,True,8,12,20,44,12,57,31,0,0,,,,0,,,3.0,3,3,0.0071,0.0001,0.0,0.0036,0.0,0.0,,0.005,0.0158
storage-p03,0,True,16,27,42,89,20,114,74,0,0,,,,0,,,3.0,3,3,0.0229,0.0001,0.0,0.0031,0.0,0.0,,0.0068,0.033
storage-p04,0,True,2,9,16,38,13,43,15,0,0,,,,0,,,6.0,6,6,0.0091,0.0001,0.0,0.0034,0.0,0.0,,0.0027,0.0154
storage-p05,0,True,24,68,105,202,29,244,184,0,0,,,,0,,,6.0,6,6,0.0077,0.0003,0.0001,0.0043,0.0,0.0,,0.0114,0.0237
storage-p06,0,True,31,101,153,290,36,352,295,0,0,,,,0,,,6.0,6,6,0.0072,0.0004,0.0001,0.0026,0.0,0.0,,0.0147,0.025
storage-p07,0,True,4,16,26,60,18,67,25,0,0,,,,0,,,10.0,10,10,0.0062,0.0002,0.0,0.0021,0.0,0.0,,0.0048,0.0134
storage-p08,0,True,44,162,238,451,51,532,459,0,0,,,,0,,,8.0,8,8,0.0229,0.0007,0.0001,0.0072,0.0,0.0,,0.0202,0.0513
storage-p09,0,True,53,253,372,685,60,820,762,0,0,,,,0,,,7.0,7,7,0.0103,0.0011,0.0001,0.0044,0.0,0.0,,0.0322,0.0482
storage-p10,0,True,6,24,37,84,23,90,33,0,0,,,,0,,,12.0,12,12,0.013,0.0004,0.0,0.0038,0.0,0.0,,0.0049,0.0222
storage-p11,0,True,69,344,501,923,78,1084,999,0,0,,,,0,,,9.0,9,9,0.0067,0.0016,0.0003,0.0026,0.0,0.0,,0.0395,0.0507
storage-p12,0,True,82,478,699,1268,91,1499,1443,0,0,,,,0,,,9.0,9,9,0.0092,0.0025,0.0003,0.0031,0.0,0.0,,0.0557,0.0708
storage-p13,0,True,8,21,38,88,29,99,39,0,0,,,,0,,,12.0,12,12,0.0131,0.0005,0.0,0.0021,0.0,0.0,,0.0034,0.0192
storage-p14,0,True,102,262,355,731,114,959,697,0,0,,,,0,,,13.0,13,13,0.0116,0.0024,0.0003,0.003,0.0,0.0,,0.0309,0.0483
storage-p15,0,True,117,383,509,1021,129,1378,1046,0,0,,,,0,,,11.0,11,11,0.0112,0.0038,0.0004,0.0044,0.0,0.0,,0.0431,0.063
storage-p16,0,True,158,714,937,1823,172,2287,1894,0,0,,,,0,,,13.0,13,13,0.0163,0.0081,0.0009,0.0056,0.0,0.0,,0.069,0.1
storage-p17,0,True,205,979,1280,2480,221,3135,2664,0,0,,,,0,,,15.0,15,15,0.0212,0.0128,0.0012,0.007,0.0,0.0,,0.1197,0.1621
storage-p18,0,True,259,1388,1813,3478,277,4290,3730,0,0,,,,0,,,18.0,18,18,0.0606,0.0211,0.0022,0.062,0.0,0.0,,0.1656,0.3116
storage-p19,0,True,317,1385,1742,3465,338,4447,3606,0,0,,,,0,,,19.0,19,19,0.0409,0.0306,0.0021,0.0111,0.0,0.0,,0.1272,0.212
storage-p20,0,True,381,1846,2302,4552,404,5779,4720,0,0,,,,0,,,22.0,22,22,0.0337,0.0446,0.0039,0.0074,0.0,0.0,,0.1517,0.2414
storage-p21,0,True,488,2668,3311,6492,513,8476,7016,0,0,,,,0,,,24.0,24,24,0.0546,0.0868,0.0068,0.0129,0.0,0.0,,0.2805,0.442
storage-p22,0,True,567,3753,4648,8995,594,11261,9813,0,0,,,,0,,,25.0,25,25,0.071,0.132,0.0095,0.0164,0.0,0.0,,0.3474,0.5767
storage-p23,0,True,654,3741,4550,8975,684,11686,9650,0,0,,,,0,,,28.0,28,28,0.0767,0.1776,0.0123,0.0153,0.0,0.0,,0.3504,0.6333
storage-p24,0,True,745,3764,4551,9092,777,12237,9748,0,0,,,,0,,,29.0,29,29,0.5267,0.2002,0.0138,0.0223,0.0,0.0,,0.3667,1.1308
storage-p25,0,True,844,4785,5762,11425,878,14962,12312,0,0,,,,0,,,33.0,33,33,0.1134,0.2973,0.0227,0.0239,0.0,0.0,,0.4984,0.9567
storage-p26,0,True,995,7701,9166,17898,1031,22654,19423,0,0,,,,0,,,34.0,34,34,0.1899,0.5019,0.0297,0.0451,0.0,0.0,,0.6589,1.427
storage-p27,0,True,1110,8072,9632,18853,1149,24403,20731,0,0,,,,0,,,36.0,36,36,0.2248,0.648,0.0372,0.0424,0.0,0.0,,0.7832,1.7376
storage-p28,0,True,1229,8437,10016,19723,1270,25953,21662,0,0,,,,0,,,38.0,38,38,0.2563,0.753,0.0454,0.0489,0.0,0.0,,0.8698,1.9755
storage-p29,0,True,1354,10309,12141,23847,1397,30674,26065,0,0,,,,0,,,40.0,40,40,0.3204,1.0684,0.0571,0.0616,0.0,0.0,,1.0043,2.5143
storage-p30,0,True,1484,11401,13360,26290,1529,33677,28604,0,0,,,,0,,,41.0,41,41,0.3867,1.3047,0.0605,0.0689,0.0,0.0,,1.0481,2.8719
termes-opt18-strips-p01,0,True,41,107,107,259,45,363,293,0,0,,,,0,,,9.0,9,9,0.0096,0.0008,0.0001,0.0031,0.0,0.0,,0.0184,0.0322
termes-opt18-strips-p02,0,True,35,106,107,259,45,363,293,0,0,,,,0,,,11.0,11,11,0.0078,0.0009,0.0001,0.0018,0.0,0.0,,0.0089,0.0195
termes-opt18-strips-p03,0,True,51,135,135,326,56,480,405,0,0,,,,0,,,10.0,10,10,0.0073,0.0012,0.0002,0.0018,0.0,0.0,,0.014,0.0246
termes-opt18-strips-p04,0,True,48,135,135,326,56,480,405,0,0,,,,0,,,16.0,16,16,0.0354,0.0012,0.0002,0.0049,0.0,0.0,,0.0161,0.0579
termes-opt18-strips-p05,0,True,61,163,163,393,67,597,517,0,0,,,,0,,,12.0,15,12,0.011,0.0016,0.0003,0.0096,0.0,0.0,,0.0271,0.0496
termes-opt18-strips-p06,0,True,56,163,163,393,67,597,517,0,0,,,,0,,,18.0,20,18,0.0164,0.0016,0.0003,0.0031,0.0,0.0,,0.0297,0.0511
termes-opt18-strips-p07,0,True,65,190,191,460,78,714,629,0,0,,,,0,,,14.0,18,14,0.0173,0.0021,0.0004,0.0034,0.0,0.0,,0.0178,0.0411
termes-opt18-strips-p08,0,True,63,190,191,460,78,714,629,0,0,,,,0,,,18.0,20,18,0.0278,0.0021,0.0004,0.0058,0.0,0.0,,0.0161,0.0523
termes-opt18-strips-p09,0,True,81,219,219,527,89,831,741,0,0,,,,0,,,16.0,16,16,0.0329,0.0026,0.0005,0.0047,0.0,0.0,,0.027,0.0679
termes-opt18-strips-p10,0,True,76,219,219,527,89,831,741,0,0,,,,0,,,18.0,24,18,0.0115,0.0026,0.0007,0.0045,0.0,0.0,,0.0449,0.0643
termes-opt18-strips-p11,0,True,35,107,107,259,45,363,293,0,0,,,,0,,,16.0,17,16,0.0083,0.0009,0.0001,0.0018,0.0,0.0,,0.0175,0.0287
termes-opt18-strips-p12,0,True,34,107,107,259,45,363,293,0,0,,,,0,,,14.0,15,14,0.0075,0.0009,0.0001,0.0028,0.0,0.0,,0.0102,0.0215
termes-opt18-strips-p13,0,True,42,135,135,326,56,480,405,0,0,,,,0,,,21.0,21,21,0.0263,0.0013,0.0002,0.0084,0.0,0.0,,0.015,0.0513
termes-opt18-strips-p14,0,True,41,135,135,326,56,480,405,0,0,,,,0,,,18.0,24,18,0.0202,0.0012,0.0003,0.0375,0.0,0.0,,0.0613,0.1205
termes-opt18-strips-p15,0,True,53,163,163,393,67,597,517,0,0,,,,0,,,23.0,25,23,0.0131,0.0016,0.0004,0.0034,0.0,0.0,,0.0421,0.0606
termes-opt18-strips-p16,0,True,50,163,163,393,67,597,517,0,0,,,,0,,,26.0,31,26,0.0103,0.0016,0.0005,0.0096,0.0,0.0,,0.0536,0.0757
termes-opt18-strips-p17,0,True,29,117,117,279,45,389,320,0,0,,,,0,,,25.0,26,25,0.0237,0.0009,0.0002,0.0022,0.0,0.0,,0.0222,0.0493
termes-opt18-strips-p18,0,True,30,107,107,259,45,363,293,0,0,,,,0,,,21.0,22,21,0.0094,0.0009,0.0002,0.0023,0.0,0.0,,0.0172,0.03
termes-opt18-strips-p19,0,True,41,147,147,350,56,512,440,0,0,,,,0,,,19.0,22,19,0.0115,0.0013,0.0003,0.0027,0.0,0.0,,0.0288,0.0446
termes-opt18-strips-p20,0,True,37,135,135,326,56,480,405,0,0,,,,0,,,24.0,26,24,0.2762,0.0012,0.0003,0.0091,0.0,0.0,,0.0166,0.3034
termes-sat18-strips-p01,0,True,69,205,205,486,76,710,615,0,0,,,,0,,,14.0,16,14,0.0099,0.0021,0.0003,0.0028,0.0,0.0,,0.0285,0.0437
termes-sat18-strips-p02,0,True,63,205,205,486,76,710,615,0,0,,,,0,,,22.0,25,22,0.0093,0.0021,0.0004,0.005,0.0,0.0,,0.0404,0.0574
termes-sat18-strips-p03,0,True,79,247,247,585,91,881,783,0,0,,,,0,,,19.0,20,19,0.0114,0.0029,0.0006,0.0051,0.0,0.0,,0.0275,0.0475
termes-sat18-strips-p04,0,True,63,217,217,510,76,742,650,0,0,,,,0,,,23.0,23,23,0.0269,0.0022,0.0004,0.0117,0.0,0.0,,0.024,0.0653
termes-sat18-strips-p05,0,True,76,247,247,585,91,881,783,0,0,,,,0,,,24.0,28,24,0.0122,0.0029,0.0006,0.0039,0.0,0.0,,0.0456,0.0652
termes-sat18-strips-p06,0,True,94,289,289,684,106,1052,951,0,0,,,,0,,,25.0,28,25,0.0121,0.0037,0.0008,0.0063,0.0,0.0,,0.0616,0.0846
termes-sat18-strips-p07,0,True,90,289,289,684,106,1052,951,0,0,,,,0,,,28.0,31,28,0.0165,0.0037,0.0008,0.008,0.0,0.0,,0.0912,0.1203
termes-sat18-strips-p08,0,True,113,331,331,783,121,1223,1119,0,0,,,,0,,,19.0,25,19,0.0988,0.0047,0.0012,0.0036,0.0,0.0,,0.0767,0.1851
termes-sat18-strips-p09,0,True,119,372,373,882,136,1394,1287,0,0,,,,0,,,18.0,24,18,0.0623,0.0056,0.0011,0.0045,0.0,0.0,,0.0325,0.1062
termes-sat18-strips-p10,0,True,141,415,415,981,151,1565,1455,0,0,,,,0,,,20.0,27,20,0.0172,0.0068,0.0013,0.0042,0.0,0.0,,0.0479,0.0776
termes-sat18-strips-p11,0,True,50,215,215,503,73,642,500,0,0,,,,2271,,,34.0,37,34,0.01,0.0019,0.0006,0.0031,0.0,0.0,,0.2252,0.2409
termes-sat18-strips-p12,0,True,59,289,289,675,97,936,796,0,0,,,,235,,,51.0,54,51,0.0102,0.0033,0.0013,0.002,0.0,0.0,,0.159,0.1759
termes-sat18-strips-p13,0,True,68,363,363,847,121,1230,1092,0,0,,,,285,,,66.0,75,66,0.0181,0.0048,0.0022,0.003,0.0,0.0,,0.1909,0.2192
termes-sat18-strips-p14,0,True,77,437,437,1019,145,1524,1388,0,0,,,,230,,,81.0,96,81,0.0162,0.0068,0.0034,0.003,0.0,0.0,,0.3245,0.3542
termes-sat18-strips-p15,0,True,86,511,511,1191,169,1818,1684,0,0,,,,286,,,96.0,118,96,0.02,0.0091,0.0048,0.0031,0.0,0.0,,0.3489,0.386
termes-sat18-strips-p16,0,True,40,219,219,515,77,715,601,0,0,,,,0,,,44.0,44,44,0.0155,0.0022,0.0006,0.004,0.0,0.0,,0.0328,0.0551
termes-sat18-strips-p17,0,True,43,275,275,646,96,940,825,0,0,,,,0,,,60.0,60,60,0.0116,0.0032,0.001,0.0033,0.0,0.0,,0.045,0.0642
termes-sat18-strips-p18,0,True,76,437,437,1019,145,1524,1388,0,0,,,,132,,,76.0,77,76,0.0212,0.0069,0.002,0.0043,0.0,0.0,,0.1416,0.1762
termes-sat18-strips-p19,0,True,84,511,511,1191,169,1818,1684,0,0,,,,0,,,92.0,93,92,0.0181,0.009,0.0028,0.0036,0.0,0.0,,0.1317,0.1654
termes-sat18-strips-p20,0,True,165,873,873,2019,273,3114,2952,0,0,,,,1282,,,118.0,120,118,0.0305,0.0222,0.0096,0.009,0.0,0.0,,0.7389,0.8104
tetris-opt14-strips-p01-10,0,False,715,6434,6882,14044,728,14600,11143,0,0,,,,0,,,16.0,16,16,0.1246,0.1904,0.0087,0.025,0.0,0.0,,0.3168,0.6665
tetris-opt14-strips-p01-6,0,False,401,3372,3570,7356,414,7756,6432,0,0,,,,0,,,17.0,17,17,0.0609,0.061,0.0035,0.0128,0.0,0.0,,0.1829,0.3215
tetris-opt14-strips-p01-8,0,False,805,8765,9584,19166,817,19895,15260,0,0,,,,0,,,17.0,17,17,0.1769,0.287,0.0115,0.0339,0.0,0.0,,0.6017,1.1124
tetris-opt14-strips-p02-10,0,False,713,6367,6949,14044,728,14618,11229,0,0,,,,0,,,19.0,19,19,0.1216,0.1907,0.01,0.0223,0.0,0.0,,0.5225,0.8679
tetris-opt14-strips-p02-4,0,False,200,1753,2086,4045,206,4273,3554,0,0,,,,0,,,8.0,8,8,0.0639,0.0154,0.001,0.0182,0.0,0.0,,0.1218,0.2205
tetris-opt14-strips-p02-6,0,False,579,6041,6760,13391,590,14139,12429,0,0,,,,0,,,15.0,15,15,0.0933,0.1452,0.0077,0.0194,0.0,0.0,,0.4027,0.6693
tetris-opt14-strips-p02-8,0,False,805,8786,9394,18999,819,19858,16628,0,0,,,,0,,,19.0,19,19,0.1698,0.2788,0.013,0.0345,0.0,0.0,,0.4755,0.973
tetris-opt14-strips-p03-10,0,False,1936,22500,23999,48455,1956,50847,44627,0,0,,,,0,,,27.0,27,27,0.8266,1.8055,0.0593,0.131,0.0,0.0,,1.6667,4.4923
tetris-opt14-strips-p03-4,0,False,152,1560,1857,3576,159,3814,3608,0,0,,,,0,,,7.0,7,7,0.0225,0.0136,0.0011,0.0053,0.0,0.0,,0.1096,0.1523
tetris-opt14-strips-p03-6,0,False,327,3112,3507,6956,337,7308,6086,0,0,,,,0,,,11.0,11,11,0.045,0.0444,0.0032,0.0093,0.0,0.0,,0.2099,0.3122
tetris-opt14-strips-p03-8,0,False,1407,16887,18110,36419,1422,38405,35446,0,0,,,,0,,,20.0,20,20,0.4511,1.0263,0.0313,0.0839,0.0,0.0,,0.9665,2.5614
tetris-opt14-strips-p04-10,0,False,1880,18314,19473,39688,1901,41819,36720,0,0,,,,0,,,28.0,28,28,0.5677,1.3914,0.0512,0.1229,0.0,0.0,,0.9612,3.0976
tetris-opt14-strips-p04-6,0,False,402,3349,3761,7524,414,7964,6928,0,0,,,,0,,,14.0,14,14,0.0528,0.0573,0.0039,0.0138,0.0,0.0,,0.195,0.3233
tetris-opt14-strips-p04-8,0,False,1156,12978,13959,28111,1174,29623,26620,0,0,,,,0,,,25.0,25,25,0.3061,0.712,0.0331,0.06,0.0,0.0,,0.8944,2.0078
tetris-opt14-strips-p05-10,0,False,1806,22189,23606,47617,1822,49592,40401,0,0,,,,0,,,23.0,23,23,0.721,1.5933,0.0541,0.1258,0.0,0.0,,1.2177,3.7149
tetris-opt14-strips-p05-6,0,False,326,3165,3568,7068,335,7359,5645,0,0,,,,0,,,12.0,12,12,0.0458,0.0462,0.0028,0.0158,0.0,0.0,,0.2754,0.3864
tetris-opt14-strips-p05-8,0,False,1407,16857,18347,36628,1424,38971,38952,0,0,,,,0,,,22.0,22,22,0.4704,1.0182,0.0484,0.0923,0.0,0.0,,1.4071,3.0393
tetris-sat14-strips-p020,0,False,844,6801,7353,15012,858,15539,11050,0,0,,,,0,,,19.0,19,19,0.1247,0.2259,0.0079,0.0268,0.0,0.0,,0.4601,0.8465
tetris-sat14-strips-p021,0,False,2289,22653,23902,48869,2314,51151,42699,0,0,,,,0,,,35.0,35,35,0.8231,2.2555,0.0835,0.1538,0.0,0.0,,1.4732,4.7936
tetris-sat14-strips-p022,0,False,1420,14823,15656,31917,1438,33026,24527,0,0,,,,0,,,24.0,24,24,0.4428,0.8283,0.0283,0.1495,0.0,0.0,,1.2993,2.7505
tetris-sat14-strips-p023,0,False,1579,15306,16107,33013,1600,34429,27646,0,0,,,,0,,,28.0,28,28,0.4438,0.9755,0.0346,0.0767,0.0,0.0,,1.045,2.5779
tetris-sat14-strips-p024,0,False,1812,21049,22142,45024,1833,46965,39065,0,0,,,,0,,,28.0,28,28,0.7349,1.5476,0.0536,0.1249,0.0,0.0,,1.6966,4.1608
tetris-sat14-strips-p025,0,False,1028,8439,8785,18269,1045,18918,13520,0,0,,,,0,,,22.0,22,22,0.1988,0.3349,0.0165,0.0357,0.0,0.0,,0.4326,1.0197
tetris-sat14-strips-p026,0,False,3308,40991,43497,87822,3334,92715,88002,0,0,,,,0,,,37.0,37,37,2.2514,6.6211,0.2073,0.3881,0.0,0.0,,4.3599,13.8334
tetris-sat14-strips-p027,0,False,2917,34796,36717,74455,2942,78591,73904,0,0,,,,0,,,33.0,33,33,1.7245,4.5756,0.1595,0.2735,0.0,0.0,,3.335,10.0725
tetris-sat14-strips-p028,0,False,2524,28402,29967,60917,2548,64015,57008,0,0,,,,0,,,33.0,33,33,1.2136,3.1307,0.1026,0.2299,0.0,0.0,,1.6712,6.3527
tetris-sat14-strips-p029,0,False,1188,8970,9420,19599,1209,20506,15894,0,0,,,,0,,,25.0,25,25,0.2216,0.4469,0.0197,0.0411,0.0,0.0,,0.4252,1.1559
tetris-sat14-strips-p031,0,False,4095,49568,51748,105440,4124,110732,99637,0,0,,,,0,,,41.0,41,41,3.2669,10.1904,0.3456,0.5014,0.0,0.0,,4.433,18.7467
tetris-sat14-strips-p032,0,False,1678,17509,18649,37853,1695,39143,29058,0,0,,,,0,,,22.0,22,22,0.5637,1.262,0.0488,0.0944,0.0,0.0,,1.1083,3.0797
tetris-sat14-strips-p033,0,False,3819,42667,44871,91385,3847,95996,85533,0,0,,,,0,,,38.0,38,38,2.5177,7.5789,0.3356,0.4182,0.0,0.0,,3.2194,14.0772
tetris-sat14-strips-p034,0,False,3817,42660,44863,91368,3845,95450,80146,0,0,,,,0,,,39.0,39,39,3.0476,7.2436,0.2478,0.4168,0.0,0.0,,3.3678,14.3319
tetris-sat14-strips-p035,0,False,3906,48998,51020,103950,3932,108099,87754,0,0,,,,0,,,38.0,38,38,3.0618,9.9304,0.2184,0.4685,0.0,0.0,,4.2294,17.919
tetris-sat14-strips-p036,0,False,3256,40807,42419,86503,3277,89442,68167,0,0,,,,0,,,29.0,29,29,2.1878,5.8869,0.1213,0.3352,0.0,0.0,,2.2595,10.7978
tetris-sat14-strips-p037,0,False,1773,11994,12255,26048,1799,27154,19782,0,0,,,,0,,,34.0,34,34,0.3638,0.8463,0.0379,0.0713,0.0,0.0,,0.5315,1.8526
tetris-sat14-strips-p038,0,False,2980,33929,35472,72405,3004,75435,61567,0,0,,,,0,,,33.0,33,33,1.6864,4.7064,0.1471,0.2653,0.0,0.0,,2.516,9.3259
tetris-sat14-strips-p039,0,False,4095,49442,51588,105154,4124,110435,99335,0,0,,,,0,,,41.0,41,41,3.2477,10.8104,0.3129,0.4983,0.0,0.0,,4.0627,18.941
tetris-sat14-strips-p040,0,False,3167,34620,36272,74088,3196,77896,69528,0,0,,,,0,,,39.0,39,39,1.8138,5.1795,0.1816,0.2922,0.0,0.0,,2.7042,10.1769
thoughtful-mco14-strips-p11_6_65-typed,2,True,417,6375,27829,34793,587,45385,98915,0,0,,,,18,,,60.769,78,78,0.0776,0.3585,0.1913,0.0831,0.0,0.0,,899.4202,900.1316
thoughtful-mco14-strips-p11_6_74-typed,2,True,427,6872,30165,37634,594,48015,107473,0,0,,,,0,,,67.0,79,79,0.0759,0.3483,0.2929,0.0864,0.0,0.0,,899.2497,900.054
thoughtful-mco14-strips-p11_6_75-typed,2,True,422,6567,28309,35470,591,47101,102522,0,0,,,,127,,,61.546,81,81,0.1015,0.4011,0.2026,0.0822,0.0,0.0,,899.2709,900.0593
thoughtful-mco14-strips-p11_6_78-typed,2,True,420,6750,29366,36704,586,47786,105697,0,0,,,,0,,,59.0,79,79,0.0876,0.4364,0.2225,0.0875,0.0,0.0,,899.2512,900.0862
thoughtful-mco14-strips-p11_6_88-typed,2,True,424,6706,29851,37148,590,47728,103913,0,0,,,,0,,,61.0,83,83,0.0801,0.4213,0.2653,0.0875,0.0,0.0,,899.1924,900.0475
thoughtful-mco14-strips-p11_6_89-typed,2,True,413,6473,27592,34649,583,45090,98094,0,0,,,,0,,,71.0,86,86,0.1125,0.4401,0.2383,0.0808,0.0,0.0,,899.1786,900.0512
thoughtful-mco14-strips-p11_6_98-typed,2,True,411,6196,25687,32468,584,42369,89818,0,0,,,,1,,,66.0,82,82,0.0811,0.3753,0.2168,0.0725,0.0,0.0,,899.3325,900.079
thoughtful-mco14-strips-p11_6_99-typed,2,True,414,6104,25753,32442,584,42536,91466,0,0,,,,0,,,62.5,82,82,0.11,0.576,0.1937,0.0725,0.0,0.0,,899.1308,900.084
thoughtful-mco14-strips-p13_7_55-typed,2,True,462,7193,31453,39314,667,51254,110764,0,0,,,,0,,,71.0,97,97,0.0897,0.4826,0.3651,0.095,0.0,0.0,,899.0482,900.0815
thoughtful-mco14-strips-p13_7_56-typed,2,True,473,7927,35008,43613,675,56039,125973,0,0,,,,30,,,71.972,91,91,0.0936,0.503,0.3798,0.1091,0.0,0.0,,898.9783,900.0648
thoughtful-mco14-strips-p13_7_58-typed,2,True,465,7278,31874,39822,669,52129,113619,0,0,,,,68,,,72.136,97,97,0.0871,0.4259,0.339,0.0988,0.0,0.0,,899.163,900.1145
thoughtful-mco14-strips-p13_7_61-typed,2,True,470,7800,34287,42761,672,54902,122026,0,0,,,,0,,,72.0,100,100,0.1151,0.636,0.3555,0.105,0.0,0.0,,898.848,900.0605
thoughtful-mco14-strips-p13_7_62-typed,2,True,470,7615,33123,41414,673,53303,118449,0,0,,,,0,,,74.002,98,98,0.0983,0.5407,0.3615,0.103,0.0,0.0,,898.9865,900.091
thoughtful-mco14-strips-p13_7_64-typed,2,True,465,7651,33431,41754,670,53860,119179,0,0,,,,2,,,74.527,102,102,0.7813,0.6667,0.2877,0.1051,0.0,0.0,,898.2451,900.087
thoughtful-mco14-strips-p13_7_68-typed,2,True,459,7288,30916,38870,665,50920,113294,0,0,,,,24,,,72.081,102,102,0.1335,0.8262,0.3272,0.1088,0.0,0.0,,899.4568,900.8537
thoughtful-mco14-strips-p13_7_69-typed,2,True,458,7040,30074,37780,665,49116,106337,0,0,,,,0,,,77.0,100,100,0.1,0.6996,0.2875,0.0917,0.0,0.0,,898.8815,900.0613
thoughtful-mco14-strips-p13_7_72-typed,2,True,464,7299,31347,39316,669,51459,113131,0,0,,,,3,,,76.0,98,98,0.1106,0.5428,0.3565,0.1092,0.0,0.0,,898.9963,900.1164
thoughtful-mco14-strips-p13_7_74-typed,2,True,463,7645,31852,40171,671,52467,114625,0,0,,,,0,,,78.723,98,98,0.1152,0.5886,0.3523,0.0988,0.0,0.0,,898.8994,900.0554
thoughtful-mco14-strips-p13_7_79-typed,2,True,462,7587,32954,41207,664,53367,119134,0,0,,,,6,,,70.22,98,98,0.0971,0.6073,0.2877,0.1018,0.0,0.0,,899.0451,900.14
thoughtful-mco14-strips-p13_7_86-typed,2,True,458,7244,31435,39344,664,51192,111752,0,0,,,,0,,,71.02,103,103,0.0991,0.6518,0.4293,0.0957,0.0,0.0,,898.7725,900.0492
thoughtful-sat14-strips-bootstrap-typed-01,2,True,108,618,2603,3405,182,4959,8132,0,0,,,,79143,,,24.046,31,26,0.015,0.0106,0.0033,0.008,0.0,0.0,,900.0577,900.0948
thoughtful-sat14-strips-bootstrap-typed-02,0,True,108,624,2624,3433,183,4979,8250,0,0,,,,0,,,24.0,29,24,0.0141,0.0092,0.004,0.0079,0.0,0.0,,0.8944,0.9298
thoughtful-sat14-strips-bootstrap-typed-03,0,True,109,599,2518,3303,184,4808,7845,0,0,,,,298,,,25.0,32,25,0.0333,0.009,0.0033,0.007,0.0,0.0,,1.0285,1.0812
thoughtful-sat14-strips-bootstrap-typed-04,0,True,107,636,2639,3459,181,4938,8555,0,0,,,,34357,,,26.0,32,26,0.0212,0.01,0.0035,0.0126,0.0,0.0,,238.6557,238.7031
thoughtful-sat14-strips-bootstrap-typed-05,2,True,103,543,2309,3031,179,4466,6748,0,0,,,,105504,,,24.028,34,29,0.0197,0.0088,0.0033,0.0104,0.0,0.0,,900.0458,900.0882
thoughtful-sat14-strips-p11_6_53-typed,2,True,418,6486,28334,35406,585,45824,99764,0,0,,,,1,,,63.002,85,85,0.0848,0.4736,0.1932,0.0801,0.0,0.0,,899.2165,900.049
thoughtful-sat14-strips-p11_6_59-typed,2,True,416,6436,27891,34911,583,45762,100667,0,0,,,,2,,,60.001,82,82,0.0847,0.4381,0.257,0.0804,0.0,0.0,,899.2548,900.1159
thoughtful-sat14-strips-p11_6_62-typed,2,True,419,6573,28376,35537,586,46460,102279,0,0,,,,0,,,61.0,84,84,0.0916,0.426,0.204,0.0851,0.0,0.0,,899.275,900.087
thoughtful-sat14-strips-p13_7_78-typed,2,True,463,7558,32229,40458,669,53264,117982,0,0,,,,0,,,74.0,99,99,0.1091,0.8228,0.2974,0.1,0.0,0.0,,905.7946,907.125
thoughtful-sat14-strips-p13_7_79-typed,2,True,462,7587,32954,41207,664,53367,119134,0,0,,,,6,,,70.22,98,98,0.0962,0.6077,0.3174,0.1042,0.0,0.0,,899.0191,900.1456
thoughtful-sat14-strips-p13_7_86-typed,2,True,458,7244,31435,39344,664,51192,111752,0,0,,,,0,,,71.02,103,103,0.0971,0.6511,0.3872,0.0953,0.0,0.0,,898.8554,900.0871
thoughtful-sat14-strips-target-typed-20,2,True,461,7259,31237,39165,667,51476,112438,0,0,,,,0,,,72.0,97,97,0.1026,0.5426,0.3398,0.1017,0.0,0.0,,898.9535,900.041
thoughtful-sat14-strips-target-typed-21,2,True,466,7402,31960,40032,669,52035,113107,0,0,,,,0,,,76.76,100,100,0.1186,0.6698,0.3618,0.0972,0.0,0.0,,898.8501,900.0984
thoughtful-sat14-strips-target-typed-22,2,True,456,7510,31990,40166,665,51963,114661,0,0,,,,1,,,75.029,101,101,0.0945,0.6508,0.3634,0.1002,0.0,0.0,,898.8934,900.1032
thoughtful-sat14-strips-target-typed-23,2,True,461,7321,31750,39740,668,51300,112223,0,0,,,,0,,,82.0,100,100,0.0995,0.5902,0.3009,0.1002,0.0,0.0,,898.9636,900.0554
thoughtful-sat14-strips-target-typed-24,2,True,462,7470,33369,41507,667,52531,115359,0,0,,,,0,,,74.697,102,102,0.1245,0.5419,0.3201,0.1004,0.0,0.0,,898.9674,900.0551
thoughtful-sat14-strips-target-typed-25,2,True,461,7053,30207,37929,667,50169,108041,0,0,,,,58,,,65.058,97,97,0.1117,0.5151,0.3028,0.0947,0.0,0.0,,899.0337,900.0591
thoughtful-sat14-strips-target-typed-26,2,True,461,7163,31480,39312,668,51091,109886,0,0,,,,46,,,72.498,98,98,0.1498,0.5595,0.3209,0.1106,0.0,0.0,,898.976,900.1176
thoughtful-sat14-strips-target-typed-27,2,True,464,7539,33080,41288,668,53792,118306,0,0,,,,1,,,73.0,94,94,0.0904,0.5095,0.3354,0.1006,0.0,0.0,,899.0214,900.0582
thoughtful-sat14-strips-target-typed-28,2,True,454,7051,29311,37028,666,48370,103850,0,0,,,,14,,,72.236,98,98,0.0923,0.4893,0.3644,0.089,0.0,0.0,,899.0793,900.1152
tidybot-opt11-strips-p01,0,True,0,0,4,12,4,8,0,0,0,,,,0,,,4.0,4,4,0.032,0.0055,0.0,0.0042,0.0,0.0,,0.002,0.0443
tidybot-opt11-strips-p02,0,True,62,763,1447,2310,95,3018,3998,0,0,,,,0,,,20.0,20,20,0.0532,0.0242,0.0011,0.0078,0.0,0.0,,0.2129,0.2995
tidybot-opt11-strips-p03,0,True,68,822,1517,2431,87,3107,4221,0,0,,,,0,,,13.0,13,13,0.0643,0.0205,0.0007,0.0073,0.0,0.0,,0.2088,0.3023
tidybot-opt11-strips-p04,0,True,57,768,1548,2421,100,3220,4289,0,0,,,,0,,,26.0,26,26,0.081,0.0246,0.0015,0.0056,0.0,0.0,,0.5602,0.6733
tidybot-opt11-strips-p05,2,True,90,2747,5248,8119,119,8780,15286,0,0,,,,51352,,,19.009,26,25,0.0862,0.0567,0.005,0.0134,0.0,0.0,,899.9314,900.0985
tidybot-opt11-strips-p06,2,True,89,2810,5376,8313,122,8929,15621,0,0,,,,30206,,,21.008,28,28,0.1117,0.0653,0.0056,0.0166,0.0,0.0,,899.9253,900.1261
tidybot-opt11-strips-p07,0,True,94,2841,5391,8350,113,8993,15726,0,0,,,,0,,,14.0,14,14,0.0881,0.0528,0.0024,0.0144,0.0,0.0,,1.3889,1.5483
tidybot-opt11-strips-p08,0,True,90,2747,5248,8119,119,8777,15286,0,0,,,,280,,,20.0,20,20,0.2232,0.0568,0.004,0.2054,0.0,0.0,,23.6544,24.1447
tidybot-opt11-strips-p09,0,True,121,6382,12341,18874,146,18575,36457,0,0,,,,558,,,18.0,18,18,0.1474,0.1265,0.0087,0.0257,0.0,0.0,,111.2205,111.5319
tidybot-opt11-strips-p10,2,True,125,6980,13563,20698,150,20681,40098,0,0,,,,2750,,,16.013,27,25,0.1529,0.1574,0.0123,0.0333,0.0,0.0,,899.682,900.0409
tidybot-opt11-strips-p11,2,True,126,6965,13521,20638,147,20565,40005,0,0,,,,2501,,,14.007,18,18,0.1645,0.1729,0.008,0.0278,0.0,0.0,,899.6658,900.0417
tidybot-opt11-strips-p12,2,True,125,6979,13565,20699,150,20685,40107,0,0,,,,1714,,,16.007,27,26,0.1518,0.1502,0.0124,0.0282,0.0,0.0,,899.7312,900.0769
tidybot-opt11-strips-p13,2,True,126,6958,13510,20620,147,20567,39971,0,0,,,,2581,,,14.007,19,19,0.158,0.1494,0.0085,0.0318,0.0,0.0,,899.6903,900.0408
tidybot-opt11-strips-p14,2,True,158,10925,21291,32397,178,31980,63145,0,0,,,,1467,,,16.0,22,18,0.2531,0.2519,0.0154,0.0448,0.0,0.0,,899.4938,900.0617
tidybot-opt11-strips-p15,2,True,163,11569,22559,34310,180,33591,66908,0,0,,,,656,,,13.5,21,21,0.2575,0.2887,0.0176,0.0484,0.0,0.0,,899.4479,900.0654
tidybot-opt11-strips-p16,2,True,153,9562,18653,28396,178,28771,55107,0,0,,,,692,,,18.02,26,25,0.2761,0.2736,0.0153,0.038,0.0,0.0,,899.4482,900.054
tidybot-opt11-strips-p17,2,True,153,9885,19237,29300,175,29313,56851,0,0,,,,593,,,16.375,27,27,0.2836,0.2724,0.0185,0.042,0.0,0.0,,899.4776,900.0996
tidybot-opt11-strips-p18,0,True,156,10653,20738,31573,180,31049,61403,0,0,,,,185,,,20.0,20,20,0.2859,0.2848,0.0145,0.0443,0.0,0.0,,527.5796,528.2117
tidybot-opt11-strips-p19,2,True,154,10105,19732,30017,176,30086,58405,0,0,,,,560,,,15.149,24,23,0.2537,0.3054,0.0159,0.0409,0.0,0.0,,899.4314,900.0527
tidybot-opt11-strips-p20,2,True,145,8620,16771,25573,178,26029,49541,0,0,,,,1287,,,21.004,28,28,0.2583,0.271,0.0178,0.0352,0.0,0.0,,899.4554,900.0431
tidybot-opt14-strips-p01,2,True,153,9350,18198,27728,177,28256,53779,0,0,,,,1201,,,18.0,26,26,0.9528,0.2469,0.0167,0.0407,0.0,0.0,,898.8013,900.0613
tidybot-opt14-strips-p02,2,True,151,8792,17074,26043,174,26777,50517,0,0,,,,2283,,,17.5,29,29,0.2607,0.249,0.017,0.0379,0.0,0.0,,899.4776,900.045
tidybot-opt14-strips-p03,2,True,156,10693,20797,31672,180,31193,61604,0,0,,,,1955,,,18.004,21,21,0.2688,0.273,0.0153,0.043,0.0,0.0,,899.467,900.0699
tidybot-opt14-strips-p04,2,True,160,10875,21217,32269,174,31782,62915,0,0,,,,703,,,11.0,21,20,0.2542,0.2867,0.0141,0.0429,0.0,0.0,,899.4489,900.0495
tidybot-opt14-strips-p05,2,True,156,10901,21316,32400,179,32038,63146,0,0,,,,688,,,15.5,23,22,0.2498,0.2522,0.0168,0.0455,0.0,0.0,,899.5163,900.0835
tidybot-opt14-strips-p06,2,True,148,8595,16692,25464,174,26129,49177,0,0,,,,808,,,19.038,27,27,1.1603,0.2961,0.0157,0.0423,0.0,0.0,,898.5031,900.023
tidybot-opt14-strips-p07,2,True,158,10722,20834,31738,181,31269,61673,0,0,,,,872,,,18.45,25,25,0.268,0.2894,0.018,0.0474,0.0,0.0,,899.4596,900.0852
tidybot-opt14-strips-p08,2,True,158,10904,21245,32330,178,31905,62991,0,0,,,,1925,,,16.006,19,18,0.2652,0.2527,0.0139,0.0469,0.0,0.0,,899.5082,900.0897
tidybot-opt14-strips-p09,2,True,186,14748,28776,43730,204,43368,85540,0,0,,,,454,,,15.0,25,25,0.4349,0.5089,0.0251,0.0599,0.0,0.0,,899.0329,900.0664
tidybot-opt14-strips-p10,2,True,182,14395,28129,42733,207,42396,83420,0,0,,,,238,,,19.0,29,29,0.451,0.5188,0.0298,0.0615,0.0,0.0,,898.9812,900.0519
tidybot-opt14-strips-p11,2,True,126,6965,13521,20638,147,20565,40005,0,0,,,,2501,,,14.007,18,18,0.1475,0.1719,0.008,0.0304,0.0,0.0,,899.6798,900.0406
tidybot-opt14-strips-p12,2,True,125,6979,13565,20699,150,20685,40107,0,0,,,,1714,,,16.007,27,26,0.3304,0.1502,0.0125,0.2256,0.0,0.0,,899.3486,900.0702
tidybot-opt14-strips-p13,2,True,126,6958,13510,20620,147,20567,39971,0,0,,,,2581,,,14.007,19,19,0.1707,0.1494,0.0085,0.0291,0.0,0.0,,899.6827,900.0434
tidybot-opt14-strips-p14,2,True,158,10925,21291,32397,178,31980,63145,0,0,,,,1470,,,16.0,22,18,0.2618,0.2545,0.0154,0.0456,0.0,0.0,,899.485,900.0651
tidybot-opt14-strips-p15,2,True,163,11569,22559,34310,180,33591,66908,0,0,,,,654,,,13.5,21,21,0.2482,0.2888,0.0177,0.0484,0.0,0.0,,899.4484,900.0567
tidybot-opt14-strips-p16,2,True,153,9562,18653,28396,178,28771,55107,0,0,,,,690,,,18.02,26,25,0.2574,0.2721,0.0171,0.0396,0.0,0.0,,899.4643,900.0532
tidybot-opt14-strips-p17,2,True,153,9885,19237,29300,175,29313,56851,0,0,,,,594,,,16.375,27,27,0.2569,0.2721,0.0185,0.0425,0.0,0.0,,899.4396,900.035
tidybot-opt14-strips-p18,0,True,156,10653,20738,31573,180,31049,61403,0,0,,,,185,,,20.0,20,20,0.4358,0.288,0.0145,0.0459,0.0,0.0,,529.8527,530.6396
tidybot-opt14-strips-p19,2,True,154,10105,19732,30017,176,30086,58405,0,0,,,,561,,,15.149,24,23,0.2601,0.3059,0.0158,0.0444,0.0,0.0,,899.4283,900.0639
tidybot-opt14-strips-p20,2,True,145,8620,16771,25573,178,26029,49541,0,0,,,,1287,,,21.004,28,28,0.3022,0.2708,0.0177,0.0359,0.0,0.0,,899.4101,900.0421
tidybot-sat11-strips-p01,2,True,153,9350,18198,27728,177,28256,53779,0,0,,,,1204,,,18.0,26,26,0.2849,0.2475,0.0167,0.0413,0.0,0.0,,899.4596,900.0527
tidybot-sat11-strips-p02,2,True,151,8792,17074,26043,174,26777,50517,0,0,,,,2282,,,17.5,29,29,0.2652,0.2498,0.0173,0.0373,0.0,0.0,,899.4763,900.0486
tidybot-sat11-strips-p03,2,True,156,10693,20797,31672,180,31193,61604,0,0,,,,1992,,,18.004,21,21,0.2524,0.2727,0.0153,0.0434,0.0,0.0,,899.4726,900.0592
tidybot-sat11-strips-p04,2,True,160,10875,21217,32269,174,31782,62915,0,0,,,,703,,,11.0,21,20,0.253,0.2878,0.0154,0.044,0.0,0.0,,899.4483,900.0513
tidybot-sat11-strips-p05,2,True,156,10901,21316,32400,179,32038,63146,0,0,,,,686,,,15.5,23,22,0.252,0.2521,0.0169,0.0439,0.0,0.0,,899.5127,900.0803
tidybot-sat11-strips-p06,2,True,148,8595,16692,25464,174,26129,49177,0,0,,,,810,,,19.038,27,27,0.2619,0.2963,0.0156,0.0411,0.0,0.0,,899.4006,900.021
tidybot-sat11-strips-p07,2,True,158,10722,20834,31738,181,31269,61673,0,0,,,,872,,,18.45,25,25,0.3058,0.2895,0.0181,0.0451,0.0,0.0,,899.4263,900.0875
tidybot-sat11-strips-p08,2,True,158,10904,21245,32330,178,31905,62991,0,0,,,,1925,,,16.006,19,18,0.2523,0.2528,0.014,0.0511,0.0,0.0,,899.5235,900.0964
tidybot-sat11-strips-p09,2,True,186,14748,28776,43730,204,43368,85540,0,0,,,,454,,,15.0,25,25,0.4238,0.5088,0.0253,0.061,0.0,0.0,,899.0415,900.0653
tidybot-sat11-strips-p10,2,True,182,14395,28129,42733,207,42396,83420,0,0,,,,238,,,19.0,29,29,0.4275,0.5016,0.0299,0.0594,0.0,0.0,,899.0244,900.0523
tidybot-sat11-strips-p11,2,True,195,19284,37817,57320,217,54226,112468,0,0,,,,208,,,15.667,28,28,0.4116,0.5161,0.0421,0.083,0.0,0.0,,899.0348,900.0921
tidybot-sat11-strips-p12,2,True,200,20468,40175,60865,220,57451,119647,0,0,,,,138,,,15.0,23,22,0.3983,0.5219,0.0372,0.0879,0.0,0.0,,899.0366,900.0863
tidybot-sat11-strips-p13,2,True,187,16709,32782,49708,213,48594,97370,0,0,,,,67,,,18.0,27,27,0.4102,0.4586,0.032,0.0825,0.0,0.0,,899.1023,900.0903
tidybot-sat11-strips-p14,2,True,182,14312,27958,42482,210,42034,82925,0,0,,,,259,,,19.0,27,26,0.4221,0.5085,0.0299,0.0593,0.0,0.0,,899.0622,900.0868
tidybot-sat11-strips-p15,2,True,185,16605,32472,49294,215,47174,96457,0,0,,,,123,,,21.091,29,28,0.4128,0.6316,0.0379,0.0702,0.0,0.0,,898.9205,900.0774
tidybot-sat11-strips-p16,2,True,193,19653,38612,58488,219,55547,114874,0,0,,,,98,,,17.864,28,28,0.4068,0.5429,0.0429,0.0839,0.0,0.0,,899.0064,900.0874
tidybot-sat11-strips-p17,2,True,230,25953,50979,77181,248,73667,151953,0,0,,,,95,,,16.0,34,27,0.6591,0.9065,0.085,0.1157,0.0,0.0,,898.4083,900.1859
tidybot-sat11-strips-p18,2,True,230,27560,54257,82072,252,77900,161708,0,0,,,,56,,,15.888,26,25,0.6517,0.8322,0.0803,0.1213,0.0,0.0,,898.4499,900.146
tidybot-sat11-strips-p19,2,True,262,24662,48489,73483,322,75095,143905,0,0,,,,75,,,41.0,59,58,1.4405,2.1644,0.1275,0.1153,0.0,0.0,,896.2285,900.098
tidybot-sat11-strips-p20,2,True,268,32324,63714,96353,309,93776,189700,0,0,,,,28,,,29.613,46,46,1.1975,1.6637,0.1773,0.1514,0.0,0.0,,896.9574,900.1661
tpp-p01,0,True,0,2,5,14,5,15,5,0,0,,,,0,,,4.0,4,4,0.0068,0.0,0.0,0.002,0.0,0.0,,0.0019,0.0109
tpp-p02,0,True,0,3,9,25,9,28,10,0,0,,,,0,,,7.0,7,7,0.0272,0.0,0.0,0.0034,0.0,0.0,,0.0023,0.0329
tpp-p03,0,True,0,4,13,36,13,41,15,0,0,,,,0,,,10.0,10,10,0.4678,0.0,0.0,0.1441,0.0,0.0,,0.0783,0.6902
tpp-p04,0,True,0,5,17,47,17,54,20,0,0,,,,0,,,13.0,13,13,0.0088,0.0,0.0,0.0043,0.0,0.0,,0.0031,0.0163
tpp-p05,0,True,14,34,44,107,29,125,52,0,0,,,,0,,,17.0,17,17,0.0247,0.0001,0.0,0.0018,0.0,0.0,,0.0049,0.0316
tpp-p06,0,True,37,74,84,212,54,272,148,0,0,,,,0,,,21.0,21,21,0.0261,0.0004,0.0001,0.0039,0.0,0.0,,0.0085,0.0392
tpp-p07,0,True,42,88,100,252,64,324,178,0,0,,,,0,,,26.0,26,26,0.03,0.0006,0.0002,0.0078,0.0,0.0,,0.01,0.0486
tpp-p08,0,True,47,100,114,287,73,370,204,0,0,,,,0,,,30.0,30,30,0.0281,0.0007,0.0002,0.0026,0.0,0.0,,0.0104,0.0421
tpp-p09,0,True,81,195,213,515,107,650,381,0,0,,,,0,,,35.0,35,35,0.0091,0.0015,0.0004,0.0029,0.0,0.0,,0.0269,0.0408
tpp-p10,0,True,91,225,243,587,119,740,438,0,0,,,,0,,,39.0,39,39,0.0068,0.0018,0.0005,0.002,0.0,0.0,,0.0295,0.0406
tpp-p11,0,True,93,219,252,587,116,771,531,0,0,,,,0,,,30.0,30,30,0.0353,0.0027,0.0004,0.0036,0.0,0.0,,0.0284,0.0704
tpp-p12,0,True,109,255,291,678,132,894,615,0,0,,,,0,,,32.0,32,32,0.0108,0.0035,0.0005,0.0037,0.0,0.0,,0.034,0.0526
tpp-p13,0,True,169,458,486,1128,184,1459,1006,0,0,,,,0,,,31.0,31,31,0.0216,0.0071,0.001,0.0064,0.0,0.0,,0.1143,0.1506
tpp-p14,0,True,188,530,562,1301,209,1679,1166,0,0,,,,0,,,39.0,39,39,0.0172,0.0088,0.0012,0.0031,0.0,0.0,,0.0715,0.1019
tpp-p15,0,True,207,594,630,1456,232,1879,1310,0,0,,,,0,,,45.0,45,45,0.0399,0.0108,0.0019,0.0037,0.0,0.0,,0.1991,0.2556
tpp-p16,0,True,319,997,1057,2401,347,3164,2381,0,0,,,,0,,,52.0,52,52,0.0295,0.0306,0.0038,0.0057,0.0,0.0,,0.759,0.8288
tpp-p17,0,True,398,1300,1385,3106,421,4095,3140,0,0,,,,0,,,50.0,50,50,0.052,0.0488,0.0051,0.0059,0.0,0.0,,1.0323,1.1444
tpp-p18,0,True,431,1415,1505,3373,453,4452,3415,0,0,,,,5,,,51.0,51,51,0.0473,0.0561,0.005,0.0067,0.0,0.0,,0.9666,1.0821
tpp-p19,0,True,472,1625,1715,3843,503,5037,3865,0,0,,,,0,,,62.0,62,62,0.0726,0.0722,0.007,0.0076,0.0,0.0,,0.8038,0.9635
tpp-p20,0,True,505,1770,1865,4176,541,5466,4200,0,0,,,,0,,,69.0,69,69,0.0566,0.0792,0.0088,0.0102,0.0,0.0,,0.83,0.9855
tpp-p21,0,True,551,2155,2263,5005,587,6522,5257,0,0,,,,0,,,60.0,60,60,0.0896,0.1461,0.0106,0.0092,0.0,0.0,,1.4581,1.715
tpp-p22,0,True,598,2286,2406,5317,625,6970,5622,0,0,,,,0,,,54.0,54,54,0.1523,0.1643,0.009,0.0419,0.0,0.0,,0.8924,1.2615
tpp-p23,0,True,638,2439,2559,5671,673,7423,5973,0,0,,,,0,,,63.0,63,63,0.1217,0.1926,0.0117,0.0134,0.0,0.0,,1.7115,2.0525
tpp-p24,0,True,679,2564,2690,5968,714,7821,6278,0,0,,,,0,,,65.0,65,65,0.1243,0.2173,0.0142,0.011,0.0,0.0,,1.2886,1.6569
tpp-p25,0,True,826,3393,3554,7816,869,10187,8300,0,0,,,,500,,,74.0,74,74,0.1965,0.3469,0.025,0.0157,0.0,0.0,,14.115,14.7011
tpp-p26,0,True,1089,4926,5136,11195,1133,14674,12423,0,0,,,,282,,,77.0,77,77,0.3716,0.7343,0.0395,0.0266,0.0,0.0,,11.4034,12.5792
tpp-p27,0,True,1144,5123,5340,11655,1192,15278,12907,0,0,,,,236,,,83.0,83,83,0.3886,0.7981,0.0529,0.027,0.0,0.0,,19.9478,21.2184
tpp-p28,0,True,1212,5472,5703,12437,1262,16308,13795,0,0,,,,2247,,,87.0,87,87,0.4316,0.9339,0.0597,0.028,0.0,0.0,,59.522,60.9799
tpp-p29,0,True,1429,7072,7352,15914,1490,20714,17656,0,0,,,,1396,,,102.0,102,102,0.6267,1.3245,0.0777,0.0408,0.0,0.0,,50.1844,52.2601
tpp-p30,0,True,1508,7528,7816,16910,1566,22024,18768,0,0,,,,5447,,,101.0,101,101,0.7126,1.5763,0.064,0.0441,0.0,0.0,,181.2218,183.6254
transport-opt08-strips-p01,0,False,18,32,56,108,20,126,77,0,0,,,,0,,,54.0,54,54,0.0131,0.0002,0.0,0.0048,0.0,0.0,,0.0332,0.0513
transport-opt08-strips-p02,0,False,36,140,251,430,39,548,551,0,0,,,,0,,,119.0,119,119,0.007,0.0007,0.0001,0.0025,0.0,0.0,,0.1226,0.133
transport-opt08-strips-p03,0,False,60,230,390,684,64,877,864,0,0,,,,313,,,165.0,175,165,0.0116,0.0018,0.0003,0.0032,0.0,0.0,,0.4206,0.4375
transport-opt08-strips-p04,0,False,90,583,1051,1729,95,2184,2528,0,0,,,,1348,,,189.0,205,189,0.0358,0.0039,0.0013,0.0078,0.0,0.0,,2.8012,2.85
transport-opt08-strips-p05,0,False,126,745,1409,2286,132,2851,3242,0,0,,,,320975,,,227.0,280,227,0.0144,0.0082,0.0025,0.0043,0.0,0.0,,305.9428,305.9724
transport-opt08-strips-p06,2,False,196,1986,3430,5619,203,7177,8834,0,0,,,,93876,,,190.0,287,265,0.0301,0.0226,0.0086,0.0165,0.0,0.0,,903.7328,903.811
transport-opt08-strips-p07,2,False,248,2434,4354,7044,256,8967,11005,0,0,,,,83911,,,274.172,342,313,0.0522,0.0382,0.0145,0.0119,0.0,0.0,,899.9894,900.1067
transport-opt08-strips-p08,2,False,306,3167,5701,9183,315,11674,14555,0,0,,,,61271,,,195.75,260,256,0.0398,0.0657,0.0185,0.0142,0.0,0.0,,899.933,900.0716
transport-opt08-strips-p09,2,False,370,3429,6565,10374,380,12939,15582,0,0,,,,80650,,,157.819,337,288,0.0465,0.0943,0.0225,0.0216,0.0,0.0,,905.0286,905.218
transport-opt08-strips-p10,2,False,440,4810,8632,13893,451,17641,22115,0,0,,,,31979,,,208.0,427,349,0.0839,0.1216,0.0479,0.0235,0.0,0.0,,899.7586,900.0361
transport-opt08-strips-p11,0,False,22,66,126,216,24,270,250,0,0,,,,378,,,245.0,245,245,0.0093,0.0003,0.0001,0.0029,0.0,0.0,,0.0922,0.1048
transport-opt08-strips-p12,0,False,46,196,364,609,49,776,786,0,0,,,,11888,,,305.0,305,305,0.01,0.0011,0.0002,0.0055,0.0,0.0,,4.542,4.5589
transport-opt08-strips-p13,0,False,78,460,833,1375,82,1751,2004,0,0,,,,25414,,,318.0,338,318,0.0143,0.0029,0.001,0.0041,0.0,0.0,,33.3812,33.4036
transport-opt08-strips-p14,0,False,118,692,1257,2072,123,2661,3076,0,0,,,,89978,,,382.0,382,382,0.0156,0.0064,0.0016,0.0146,0.0,0.0,,154.9367,154.975
transport-opt08-strips-p15,2,False,166,1168,2110,3450,172,4386,5225,0,0,,,,224282,,,172.047,450,368,0.0341,0.0147,0.0039,0.0059,0.0,0.0,,903.3427,903.4016
transport-opt08-strips-p16,2,False,256,2293,4185,6741,263,8522,10156,0,0,,,,201724,,,162.0,578,486,0.0604,0.0383,0.0113,0.0131,0.0,0.0,,899.988,900.1116
transport-opt08-strips-p17,2,False,325,3076,5704,9113,333,11540,14104,0,0,,,,78807,,,239.5,658,553,0.0443,0.0697,0.0176,0.0228,0.0,0.0,,899.9783,900.133
transport-opt08-strips-p18,2,False,402,3796,7216,11423,411,14280,17120,0,0,,,,69460,,,154.749,564,482,0.0469,0.1171,0.028,0.0173,0.0,0.0,,899.9559,900.1657
transport-opt08-strips-p19,2,False,487,5347,9577,15421,497,19597,24599,0,0,,,,35514,,,168.151,551,532,0.0671,0.1598,0.0467,0.027,0.0,0.0,,899.7366,900.038
transport-opt08-strips-p20,2,False,580,5577,10824,16992,591,21281,26123,0,0,,,,47733,,,328.684,748,721,0.0978,0.2325,0.0524,0.0373,0.0,0.0,,907.8858,908.3071
transport-opt08-strips-p21,0,False,18,60,108,188,20,230,220,0,0,,,,0,,,320.0,320,320,0.0068,0.0002,0.0001,0.0026,0.0,0.0,,0.0227,0.0324
transport-opt08-strips-p22,0,False,36,142,254,435,39,562,554,0,0,,,,21,,,433.0,434,433,0.0234,0.0007,0.0001,0.0024,0.0,0.0,,0.1465,0.1732
transport-opt08-strips-p23,0,False,60,278,531,873,64,1102,1174,0,0,,,,2621,,,505.0,555,505,0.008,0.0018,0.0003,0.0025,0.0,0.0,,1.6305,1.6432
transport-opt08-strips-p24,0,False,90,472,897,1464,95,1840,2023,0,0,,,,11363,,,428.0,678,428,0.014,0.004,0.0009,0.0164,0.0,0.0,,9.3213,9.3567
transport-opt08-strips-p25,0,False,126,825,1511,2468,132,3132,3718,0,0,,,,10076,,,549.0,574,549,0.0161,0.008,0.0022,0.0059,0.0,0.0,,16.0157,16.0481
transport-opt08-strips-p26,2,False,196,1615,3041,4859,203,6086,7032,0,0,,,,194816,,,388.193,607,514,0.0258,0.0254,0.0056,0.0077,0.0,0.0,,900.0131,900.0779
transport-opt08-strips-p27,2,False,248,2386,4378,7020,256,8833,10664,0,0,,,,101880,,,258.422,589,528,0.2657,0.0394,0.0095,0.0126,0.0,0.0,,899.8009,900.1284
transport-opt08-strips-p28,2,False,306,2688,5147,8150,315,10194,12167,0,0,,,,107421,,,321.506,697,641,0.0349,0.0645,0.02,0.0119,0.0,0.0,,901.5159,901.6475
transport-opt08-strips-p29,2,False,370,3613,6692,10685,380,13435,16555,0,0,,,,100027,,,312.035,873,719,0.0428,0.0978,0.0286,0.0159,0.0,0.0,,899.8709,900.0564
transport-opt08-strips-p30,2,False,440,4055,7778,12284,451,15327,18437,0,0,,,,38023,,,317.488,795,691,0.0585,0.1501,0.0306,0.0237,0.0,0.0,,904.7958,905.0594
transport-opt11-strips-p01,0,False,60,278,531,873,64,1102,1174,0,0,,,,2621,,,505.0,555,505,0.0163,0.0018,0.0003,0.0048,0.0,0.0,,1.6334,1.6567
transport-opt11-strips-p02,0,False,60,230,390,684,64,877,864,0,0,,,,313,,,165.0,175,165,0.0192,0.0018,0.0003,0.0041,0.0,0.0,,0.4224,0.4478
transport-opt11-strips-p03,0,False,46,196,364,609,49,776,786,0,0,,,,11888,,,305.0,305,305,0.0149,0.0011,0.0002,0.0032,0.0,0.0,,4.5316,4.5511
transport-opt11-strips-p04,0,False,78,460,833,1375,82,1751,2004,0,0,,,,25414,,,318.0,338,318,0.0093,0.0029,0.0012,0.0044,0.0,0.0,,33.3659,33.3839
transport-opt11-strips-p05,0,False,90,472,897,1464,95,1840,2023,0,0,,,,11363,,,428.0,678,428,0.0137,0.004,0.001,0.005,0.0,0.0,,9.3,9.3237
transport-opt11-strips-p06,0,False,90,583,1051,1729,95,2184,2528,0,0,,,,1348,,,189.0,205,189,0.0093,0.0039,0.0011,0.0044,0.0,0.0,,2.7878,2.8067
transport-opt11-strips-p07,0,False,110,578,1100,1794,116,2249,2477,0,0,,,,3191,,,170.0,198,170,0.0141,0.006,0.0013,0.006,0.0,0.0,,3.7666,3.794
transport-opt11-strips-p08,0,False,132,953,1753,2844,138,3616,4168,0,0,,,,72662,,,214.0,263,214,0.0257,0.0113,0.0026,0.01,0.0,0.0,,141.6776,141.7274
transport-opt11-strips-p09,0,False,132,743,1419,2301,139,2866,3282,0,0,,,,3912,,,151.0,169,151,0.0141,0.0097,0.002,0.0045,0.0,0.0,,7.7487,7.7791
transport-opt11-strips-p10,0,False,156,1133,2107,3403,163,4316,5080,0,0,,,,327,,,243.0,243,243,0.0192,0.0147,0.0038,0.0069,0.0,0.0,,4.1543,4.199
transport-opt11-strips-p11,2,False,146,883,1699,2736,154,3412,3947,0,0,,,,314033,,,190.071,430,404,0.024,0.0126,0.0031,0.0092,0.0,0.0,,900.0153,900.0643
transport-opt11-strips-p12,2,False,171,1330,2554,4063,179,5078,5927,0,0,,,,406869,,,184.5,454,438,0.7898,0.0213,0.0045,0.0076,0.0,0.0,,899.2979,900.1213
transport-opt11-strips-p13,2,False,156,1060,1974,3198,164,4055,4930,0,0,,,,287703,,,177.463,229,224,0.0176,0.012,0.0042,0.01,0.0,0.0,,900.086,900.1301
transport-opt11-strips-p14,0,False,182,1445,2685,4320,190,5470,6482,0,0,,,,209623,,,240.0,257,240,0.0389,0.0211,0.005,0.0103,0.0,0.0,,797.1024,797.1779
transport-opt11-strips-p15,0,False,171,1088,2090,3358,180,4164,4834,0,0,,,,61934,,,589.0,720,589,0.0183,0.0153,0.0042,0.0085,0.0,0.0,,112.4406,112.4872
transport-opt11-strips-p16,2,False,198,1577,3025,4809,207,5969,7005,0,0,,,,190841,,,535.063,854,566,0.0287,0.0268,0.007,0.0208,0.0,0.0,,900.0635,900.154
transport-opt11-strips-p17,0,False,126,745,1409,2286,132,2851,3242,0,0,,,,320975,,,227.0,280,227,0.0448,0.0082,0.0025,0.0066,0.0,0.0,,307.5049,307.5672
transport-opt11-strips-p18,0,False,118,692,1257,2072,123,2661,3076,0,0,,,,89978,,,382.0,382,382,0.0366,0.0064,0.0016,0.0075,0.0,0.0,,154.8309,154.8831
transport-opt11-strips-p19,0,False,126,825,1511,2468,132,3132,3718,0,0,,,,10076,,,549.0,574,549,0.0124,0.008,0.0022,0.0051,0.0,0.0,,16.0195,16.0474
transport-opt11-strips-p20,2,False,196,1986,3430,5619,203,7177,8834,0,0,,,,93734,,,190.03,287,265,0.0221,0.0227,0.0093,0.0124,0.0,0.0,,903.7771,903.8438
transport-opt14-strips-p01,0,False,36,127,237,404,40,494,469,0,0,,,,0,,,90.0,90,90,0.0101,0.0008,0.0001,0.0124,0.0,0.0,,0.0579,0.0814
transport-opt14-strips-p02,0,False,66,287,503,860,70,1115,1147,0,0,,,,3584,,,127.0,145,127,0.0091,0.0021,0.0005,0.0028,0.0,0.0,,0.7855,0.8
transport-opt14-strips-p03,0,False,90,521,981,1597,95,2002,2227,0,0,,,,7,,,174.0,190,174,0.0106,0.0042,0.0013,0.0059,0.0,0.0,,0.9958,1.0177
transport-opt14-strips-p04,0,False,134,791,1489,2419,139,3061,3353,0,0,,,,9970,,,164.0,164,164,0.0169,0.0103,0.0017,0.0054,0.0,0.0,,13.3068,13.3413
transport-opt14-strips-p05,2,False,177,1664,2948,4795,183,6091,7350,0,0,,,,149341,,,186.163,334,264,0.0501,0.0179,0.0081,0.0141,0.0,0.0,,905.6083,905.6988
transport-opt14-strips-p06,0,False,195,1394,2674,4269,201,5391,6296,0,0,,,,169035,,,260.0,272,260,0.0344,0.0227,0.0041,0.009,0.0,0.0,,354.9269,354.9974
transport-opt14-strips-p07,0,False,66,318,606,994,70,1260,1360,0,0,,,,21140,,,360.0,375,360,0.0151,0.0025,0.0004,0.0034,0.0,0.0,,15.3954,15.4169
transport-opt14-strips-p08,2,False,126,639,1199,1968,130,2512,2779,0,0,,,,569867,,,176.5,383,370,0.0167,0.0076,0.0014,0.0076,0.0,0.0,,900.0403,900.0736
transport-opt14-strips-p09,2,False,174,1059,1999,3237,179,4097,4684,0,0,,,,250044,,,172.0,450,394,0.0262,0.0144,0.0035,0.0157,0.0,0.0,,905.6885,905.7486
transport-opt14-strips-p10,2,False,254,2004,3674,5937,259,7639,9000,0,0,,,,232814,,,161.828,520,517,0.0361,0.0353,0.0072,0.0119,0.0,0.0,,900.0028,900.0937
transport-opt14-strips-p11,2,False,339,2926,5488,8759,345,11056,12939,0,0,,,,147666,,,174.778,590,542,0.0385,0.076,0.0145,0.0146,0.0,0.0,,903.7464,903.8904
transport-opt14-strips-p12,2,False,375,3159,5777,9317,381,11944,14207,0,0,,,,87944,,,200.169,611,570,0.0407,0.0786,0.0173,0.0218,0.0,0.0,,908.9785,909.1373
transport-opt14-strips-p13,0,False,96,549,997,1646,100,2121,2435,0,0,,,,5209,,,473.0,500,473,0.0231,0.0041,0.001,0.0061,0.0,0.0,,4.6874,4.7217
transport-opt14-strips-p14,0,False,186,1019,1790,2999,190,3914,4380,0,0,,,,9616,,,336.0,339,336,0.0172,0.0141,0.0022,0.0054,0.0,0.0,,23.896,23.9352
transport-opt14-strips-p15,2,False,258,1649,2944,4856,263,6273,7311,0,0,,,,170245,,,299.114,601,601,0.0444,0.0278,0.0054,0.0128,0.0,0.0,,899.9623,900.0529
transport-opt14-strips-p16,2,False,374,2741,4942,8062,379,10453,12033,0,0,,,,96090,,,258.318,593,584,0.0406,0.0715,0.012,0.0123,0.0,0.0,,900.01,900.1469
transport-opt14-strips-p17,2,False,501,4705,8575,13787,507,17580,21205,0,0,,,,43817,,,276.929,683,625,0.0621,0.1528,0.0249,0.0248,0.0,0.0,,906.7472,907.0126
transport-opt14-strips-p18,2,False,555,5002,9108,14671,561,18745,22565,0,0,,,,53066,,,270.025,673,645,0.0688,0.1756,0.0302,0.0275,0.0,0.0,,899.768,900.0708
transport-opt14-strips-p19,2,False,616,5014,9478,15115,623,19095,22471,0,0,,,,61837,,,322.594,923,748,0.0888,0.2259,0.027,0.0309,0.0,0.0,,899.6808,900.0547
transport-opt14-strips-p20,2,False,616,5014,9478,15115,623,19095,22471,0,0,,,,61537,,,322.57,923,748,0.1022,0.2264,0.0277,0.031,0.0,0.0,,899.6656,900.054
transport-sat08-strips-p01,0,False,26,82,142,252,28,309,304,0,0,,,,0,,,54.0,54,54,0.0056,0.0003,0.0001,0.0024,0.0,0.0,,0.0445,0.053
transport-sat08-strips-p02,0,False,66,299,531,900,70,1162,1218,0,0,,,,3470,,,152.0,155,152,0.009,0.0021,0.0004,0.0024,0.0,0.0,,1.0937,1.1076
transport-sat08-strips-p03,2,False,150,1227,2243,3626,156,4565,5369,0,0,,,,202088,,,197.0,238,211,0.0167,0.0136,0.0045,0.0081,0.0,0.0,,901.9435,901.9867
transport-sat08-strips-p04,2,False,237,2179,3882,6306,245,8051,9761,0,0,,,,132977,,,143.53,247,240,0.0511,0.0338,0.0067,0.0105,0.0,0.0,,806.867,806.9693
transport-sat08-strips-p05,2,False,344,3003,5765,9122,354,11399,13622,0,0,,,,70295,,,209.735,363,297,0.0519,0.0796,0.0142,0.0263,0.0,0.0,,900.0163,900.1886
transport-sat08-strips-p06,2,False,516,6545,12245,19318,528,24265,30099,0,0,,,,9722,,,172.625,430,369,0.1101,0.2378,0.061,0.0412,0.0,0.0,,899.5832,900.0342
transport-sat08-strips-p07,2,False,670,9375,16833,26892,684,34274,43968,0,0,,,,2189,,,265.0,462,427,0.1402,0.4005,0.1067,0.0542,0.0,0.0,,899.3375,900.0409
transport-sat08-strips-p08,2,False,844,11825,21783,34468,860,43587,55682,0,0,,,,700,,,299.5,360,340,0.2231,0.6483,0.1536,0.0845,0.0,0.0,,898.9371,900.049
transport-sat08-strips-p09,2,False,1038,15442,27877,44375,1056,56556,73401,0,0,,,,586,,,269.596,432,406,0.2835,0.9591,0.2201,0.1143,0.0,0.0,,898.478,900.0578
transport-sat08-strips-p10,2,False,1252,18354,33971,53597,1272,67778,87380,0,0,,,,55,,,324.0,544,495,0.4072,1.4626,0.349,0.3129,0.0,0.0,,897.5989,900.1342
transport-sat08-strips-p11,0,False,30,103,195,330,32,424,415,0,0,,,,837,,,262.0,262,262,0.007,0.0005,0.0001,0.0017,0.0,0.0,,0.1906,0.1999
transport-sat08-strips-p12,0,False,78,379,727,1188,82,1515,1666,0,0,,,,65756,,,258.0,293,258,0.0079,0.0033,0.0006,0.0026,0.0,0.0,,38.296,38.3105
transport-sat08-strips-p13,2,False,177,1461,2608,4252,183,5469,6533,0,0,,,,245779,,,153.652,390,370,0.0182,0.0193,0.0041,0.0069,0.0,0.0,,900.0932,900.142
transport-sat08-strips-p14,2,False,281,2566,4738,7593,289,9611,11625,0,0,,,,164264,,,146.0,542,493,0.0318,0.0479,0.0155,0.0137,0.0,0.0,,900.0719,900.1813
transport-sat08-strips-p15,2,False,409,3936,7290,11645,419,14714,18028,0,0,,,,59107,,,161.014,555,517,0.0682,0.1301,0.0329,0.019,0.0,0.0,,899.8844,900.1349
transport-sat08-strips-p16,2,False,612,8185,14965,23774,624,30097,37966,0,0,,,,9368,,,177.288,667,585,0.1134,0.3412,0.1032,0.05,0.0,0.0,,899.4476,900.0635
transport-sat08-strips-p17,2,False,796,9999,18897,29706,810,37454,47022,0,0,,,,2933,,,268.45,737,684,0.1719,0.624,0.1828,0.0624,0.0,0.0,,899.0345,900.0779
transport-sat08-strips-p18,2,False,1004,13785,25414,40219,1020,51030,65179,0,0,,,,2437,,,268.463,721,661,0.2601,0.961,0.2841,0.101,0.0,0.0,,898.434,900.0429
transport-sat08-strips-p19,2,False,1236,17209,32671,51134,1254,64324,81922,0,0,,,,2726,,,242.0,863,757,0.3838,1.4779,0.4284,0.1647,0.0,0.0,,897.6683,900.1268
transport-sat08-strips-p20,2,False,1492,19973,37819,59304,1512,74609,94679,0,0,,,,1300,,,282.0,854,745,0.5374,2.1207,0.6767,0.2086,0.0,0.0,,896.5421,900.0905
transport-sat08-strips-p21,0,False,30,105,183,320,32,416,392,0,0,,,,0,,,386.0,386,386,0.0081,0.0004,0.0001,0.0025,0.0,0.0,,0.0226,0.0337
transport-sat08-strips-p22,0,False,78,392,734,1208,82,1535,1661,0,0,,,,1463,,,421.0,421,421,0.0348,0.0033,0.0004,0.0098,0.0,0.0,,1.2867,1.3352
transport-sat08-strips-p23,2,False,177,1440,2616,4239,183,5373,6273,0,0,,,,214379,,,325.153,563,512,0.0216,0.0186,0.005,0.0071,0.0,0.0,,900.1606,900.2131
transport-sat08-strips-p24,2,False,281,2627,4907,7823,289,9909,12150,0,0,,,,153360,,,576.024,653,638,0.0326,0.0476,0.0119,0.0132,0.0,0.0,,899.9294,900.0351
transport-sat08-strips-p25,2,False,409,4300,7738,12457,419,15862,19855,0,0,,,,46255,,,320.792,732,697,0.0694,0.1083,0.0388,0.0206,0.0,0.0,,909.6214,909.8591
transport-sat08-strips-p26,2,False,612,7048,13546,21218,624,26491,32419,0,0,,,,29840,,,333.841,685,631,0.1109,0.3752,0.0646,0.0454,0.0,0.0,,899.4567,900.0546
transport-sat08-strips-p27,2,False,796,9647,18696,29153,810,36420,45147,0,0,,,,1469,,,415.23,931,832,0.1948,0.6776,0.1304,0.0641,0.0,0.0,,898.9661,900.0355
transport-sat08-strips-p28,2,False,1004,12795,24721,38536,1020,48057,59566,0,0,,,,2527,,,432.652,995,846,0.3137,1.1035,0.2089,0.1006,0.0,0.0,,898.3232,900.0528
transport-sat08-strips-p29,2,False,1236,17323,31879,50456,1254,64013,81794,0,0,,,,292,,,441.504,1042,958,0.3772,1.3715,0.2897,0.1473,0.0,0.0,,897.8954,900.0846
transport-sat08-strips-p30,2,False,1492,20833,39665,62010,1512,78051,99673,0,0,,,,391,,,532.167,1479,1293,0.8818,2.1541,0.4244,0.2225,0.0,0.0,,896.3942,900.0822
transport-sat11-strips-p01,2,False,844,11825,21783,34468,860,43587,55682,0,0,,,,701,,,299.5,360,340,0.2134,0.6485,0.1543,0.089,0.0,0.0,,898.9402,900.0478
transport-sat11-strips-p02,2,False,1038,15442,27877,44375,1056,56556,73401,0,0,,,,586,,,269.596,432,406,0.5271,0.9634,0.2196,0.1177,0.0,0.0,,898.2271,900.0577
transport-sat11-strips-p03,2,False,1236,17323,31879,50456,1254,64013,81794,0,0,,,,290,,,441.504,1042,958,0.4179,1.3777,0.2885,0.1487,0.0,0.0,,897.8552,900.0917
transport-sat11-strips-p04,2,False,612,8185,14965,23774,624,30097,37966,0,0,,,,9352,,,177.288,667,585,0.1123,0.3425,0.103,0.0478,0.0,0.0,,899.438,900.0451
transport-sat11-strips-p05,2,False,796,9999,18897,29706,810,37454,47022,0,0,,,,2934,,,268.45,737,684,0.1691,0.6255,0.1826,0.0623,0.0,0.0,,899.0274,900.0692
transport-sat11-strips-p06,2,False,1004,13785,25414,40219,1020,51030,65179,0,0,,,,2437,,,268.463,721,661,0.2627,0.9557,0.2837,0.1004,0.0,0.0,,898.4455,900.0506
transport-sat11-strips-p07,2,False,1236,17209,32671,51134,1254,64324,81922,0,0,,,,2726,,,242.0,863,757,0.4249,1.4838,0.4268,0.151,0.0,0.0,,897.6373,900.1276
transport-sat11-strips-p08,2,False,1252,18354,33971,53597,1272,67778,87380,0,0,,,,55,,,324.0,544,495,0.3915,1.4648,0.3492,0.1638,0.0,0.0,,897.7641,900.137
transport-sat11-strips-p09,2,False,1492,19973,37819,59304,1512,74609,94679,0,0,,,,1301,,,282.0,854,745,0.5391,2.1322,0.676,0.2079,0.0,0.0,,896.5292,900.0893
transport-sat11-strips-p10,2,False,1492,20833,39665,62010,1512,78051,99673,0,0,,,,391,,,532.167,1479,1293,0.5344,2.1602,0.4263,0.2204,0.0,0.0,,896.7405,900.0868
transport-sat11-strips-p11,2,False,1356,19470,36127,56975,1378,72203,93167,0,0,,,,1162,,,353.5,496,462,0.461,1.9463,0.3305,0.1927,0.0,0.0,,897.2001,900.1348
transport-sat11-strips-p12,2,False,1324,18122,34440,53906,1344,67759,86406,0,0,,,,79,,,320.341,538,507,0.4324,1.6624,0.3585,0.1806,0.0,0.0,,897.4536,900.0919
transport-sat11-strips-p13,2,False,1434,21066,39090,61612,1456,77933,101015,0,0,,,,21,,,343.667,574,529,3.0921,1.982,0.5541,0.2041,0.0,0.0,,894.2465,900.0845
transport-sat11-strips-p14,2,False,3176,43243,84751,131192,3198,163978,208037,0,0,,,,2442,,,338.005,991,955,2.1809,12.2862,1.9785,1.522,0.0,0.0,,882.2208,900.2039
transport-sat11-strips-p15,2,False,3028,43871,83471,130390,3048,164248,211032,0,0,,,,0,,,398.834,1007,978,1.9662,8.5623,1.7963,1.3785,0.0,0.0,,886.3759,900.092
transport-sat11-strips-p16,2,False,3280,50809,94391,148502,3302,188237,245558,0,0,,,,0,,,364.0,977,953,2.338,11.6068,3.5146,1.7245,0.0,0.0,,880.9313,900.1285
transport-sat11-strips-p17,2,False,4736,69511,132381,206650,4758,260295,335607,0,0,,,,0,,,466.5,1335,1294,4.6896,23.6506,5.1449,4.1362,0.0,0.0,,862.4992,900.1431
transport-sat11-strips-p18,2,False,4588,65607,124649,194864,4608,245922,315196,0,0,,,,0,,,418.5,1225,1175,4.332,22.2598,2.3022,3.604,0.0,0.0,,867.6587,900.1777
transport-sat11-strips-p19,2,False,4970,69163,135519,209674,4992,262271,333494,0,0,,,,0,,,434.917,1335,1300,5.1272,28.1862,5.4954,4.0547,0.0,0.0,,857.2785,900.1657
transport-sat11-strips-p20,2,False,5204,77022,146630,228878,5226,288276,371607,0,0,,,,0,,,469.168,1335,1320,5.6208,26.9277,6.0464,4.7408,0.0,0.0,,856.8508,900.2099
transport-sat14-strips-p01,2,False,1512,20463,40180,62180,1537,77477,97992,0,0,,,,820,,,312.511,571,523,0.5991,2.4723,0.3894,0.2378,0.0,0.0,,896.4022,900.106
transport-sat14-strips-p02,2,False,1874,25945,51071,78920,1904,98334,124973,0,0,,,,2491,,,379.854,661,573,0.8593,4.0685,1.3125,0.3765,0.0,0.0,,893.4482,900.0731
transport-sat14-strips-p03,2,False,1599,23988,44566,70178,1624,88745,115029,0,0,,,,3,,,332.159,610,547,0.6245,2.5917,0.4904,0.2593,0.0,0.0,,896.1361,900.1077
transport-sat14-strips-p04,2,False,4006,59624,113949,177604,4031,223506,289057,0,0,,,,0,,,445.0,1147,1122,3.4772,17.2059,3.8828,2.8091,0.0,0.0,,872.9375,900.3233
transport-sat14-strips-p05,2,False,4628,74263,138493,217414,4658,275250,361441,0,0,,,,0,,,388.5,1035,1008,4.7164,22.5604,7.2778,4.1857,0.0,0.0,,861.421,900.1824
transport-sat14-strips-p06,2,False,4006,59624,113949,177604,4031,223506,289057,0,0,,,,0,,,445.0,1147,1122,3.4747,17.0307,3.8372,2.8086,0.0,0.0,,872.9772,900.1393
transport-sat14-strips-p07,2,False,5978,104047,184835,294885,6003,378726,506480,0,0,,,,4,,,522.004,1444,1380,7.5427,34.2917,8.1977,6.7271,0.0,0.0,,844.1632,900.9364
transport-sat14-strips-p08,2,False,6906,111539,207959,326434,6936,413448,543523,0,0,,,,30,,,534.502,1530,1468,10.2655,48.0849,12.4762,9.0912,0.0,0.0,,820.6207,900.555
transport-sat14-strips-p09,2,False,5978,104047,184835,294885,6003,378726,506480,0,0,,,,4,,,522.004,1444,1380,8.1091,34.1991,8.2151,6.7332,0.0,0.0,,843.3988,900.6695
transport-sat14-strips-p10,2,False,5804,87175,166300,259304,5829,326351,422011,0,0,,,,0,,,451.5,1471,1429,7.0949,32.8956,6.19,6.0512,0.0,0.0,,847.9741,900.2195
transport-sat14-strips-p11,2,False,1890,34794,64059,100768,1915,127918,167451,0,0,,,,0,,,363.897,644,575,1.0345,4.4457,0.8987,0.4468,0.0,0.0,,893.2388,900.0758
transport-sat14-strips-p12,2,False,2214,36159,65783,104186,2244,132570,174932,0,0,,,,2398,,,385.004,699,618,1.1621,4.9343,1.6123,0.6905,0.0,0.0,,891.7378,900.1453
transport-sat14-strips-p13,2,False,1798,20287,38315,60425,1823,76096,97366,0,0,,,,2518,,,335.0,605,561,0.6196,2.5896,0.5091,0.2623,0.0,0.0,,896.1212,900.1067
transport-sat14-strips-p14,2,False,3690,64953,124803,193471,3715,243342,314608,0,0,,,,1247,,,340.0,1000,964,3.5499,17.5918,4.1644,3.0137,0.0,0.0,,871.9484,900.29
transport-sat14-strips-p15,2,False,4288,64912,124260,193490,4318,243317,315484,0,0,,,,258,,,433.0,1118,1035,4.0388,21.5909,5.7279,3.3099,0.0,0.0,,865.5099,900.1982
transport-sat14-strips-p16,2,False,3506,41608,78733,123872,3531,156021,201399,0,0,,,,16,,,386.0,1041,968,2.1607,9.3795,2.114,1.6536,0.0,0.0,,885.0364,900.356
transport-sat14-strips-p17,2,False,5490,101454,190606,297575,5515,376694,491772,0,0,,,,0,,,578.501,1375,1356,7.56,41.2781,7.2367,6.4814,0.0,0.0,,837.932,900.5172
transport-sat14-strips-p18,2,False,6498,99218,189848,295594,6528,371764,482661,0,0,,,,0,,,485.67,1496,1356,9.0789,46.9418,8.9046,7.5387,0.0,0.0,,827.832,900.3117
transport-sat14-strips-p19,2,False,5326,68252,124902,198505,5351,252354,331387,0,0,,,,425,,,482.004,1262,1179,4.7728,22.4997,4.2623,4.0884,0.0,0.0,,864.8253,900.4664
transport-sat14-strips-p20,2,False,6030,107729,206629,320413,6055,402996,521336,0,0,,,,0,,,531.5,1472,1425,9.1306,44.2477,9.2668,7.8226,0.0,0.0,,829.8231,900.3245
trucks-p01,-3,False,0,0,0,0,0,0,0,0,0,,,,0,,,0.0,1e+20,1e+20,0,0,0,0,0,0,,0,0
trucks-p02,-3,False,0,0,0,0,0,0,0,0,0,,,,0,,,0.0,1e+20,1e+20,0,0,0,0,0,0,,0,0
trucks-p03,-3,False,0,0,0,0,0,0,0,0,0,,,,0,,,0.0,1e+20,1e+20,0,0,0,0,0,0,,0,0
trucks-p04,-3,False,0,0,0,0,0,0,0,0,0,,,,0,,,0.0,1e+20,1e+20,0,0,0,0,0,0,,0,0
trucks-p05,-3,False,0,0,0,0,0,0,0,0,0,,,,0,,,0.0,1e+20,1e+20,0,0,0,0,0,0,,0,0
trucks-p06,-3,False,0,0,0,0,0,0,0,0,0,,,,0,,,0.0,1e+20,1e+20,0,0,0,0,0,0,,0,0
trucks-p07,-3,False,0,0,0,0,0,0,0,0,0,,,,0,,,0.0,1e+20,1e+20,0,0,0,0,0,0,,0,0
trucks-p08,-3,False,0,0,0,0,0,0,0,0,0,,,,0,,,0.0,1e+20,1e+20,0,0,0,0,0,0,,0,0
trucks-p09,-3,False,0,0,0,0,0,0,0,0,0,,,,0,,,0.0,1e+20,1e+20,0,0,0,0,0,0,,0,0
trucks-p10,-3,False,0,0,0,0,0,0,0,0,0,,,,0,,,0.0,1e+20,1e+20,0,0,0,0,0,0,,0,0
trucks-p11,-3,False,0,0,0,0,0,0,0,0,0,,,,0,,,0.0,1e+20,1e+20,0,0,0,0,0,0,,0,0
trucks-p12,-3,False,0,0,0,0,0,0,0,0,0,,,,0,,,0.0,1e+20,1e+20,0,0,0,0,0,0,,0,0
trucks-p13,-3,False,0,0,0,0,0,0,0,0,0,,,,0,,,0.0,1e+20,1e+20,0,0,0,0,0,0,,0,0
trucks-p14,-3,False,0,0,0,0,0,0,0,0,0,,,,0,,,0.0,1e+20,1e+20,0,0,0,0,0,0,,0,0
trucks-p15,-3,False,0,0,0,0,0,0,0,0,0,,,,0,,,0.0,1e+20,1e+20,0,0,0,0,0,0,,0,0
trucks-p16,-3,False,0,0,0,0,0,0,0,0,0,,,,0,,,0.0,1e+20,1e+20,0,0,0,0,0,0,,0,0
trucks-p17,-3,False,0,0,0,0,0,0,0,0,0,,,,0,,,0.0,1e+20,1e+20,0,0,0,0,0,0,,0,0
trucks-p18,-3,False,0,0,0,0,0,0,0,0,0,,,,0,,,0.0,1e+20,1e+20,0,0,0,0,0,0,,0,0
trucks-p19,-3,False,0,0,0,0,0,0,0,0,0,,,,0,,,0.0,1e+20,1e+20,0,0,0,0,0,0,,0,0
trucks-p20,-3,False,0,0,0,0,0,0,0,0,0,,,,0,,,0.0,1e+20,1e+20,0,0,0,0,0,0,,0,0
trucks-p21,-3,False,0,0,0,0,0,0,0,0,0,,,,0,,,0.0,1e+20,1e+20,0,0,0,0,0,0,,0,0
trucks-p22,-3,False,0,0,0,0,0,0,0,0,0,,,,0,,,0.0,1e+20,1e+20,0,0,0,0,0,0,,0,0
trucks-p23,-3,False,0,0,0,0,0,0,0,0,0,,,,0,,,0.0,1e+20,1e+20,0,0,0,0,0,0,,0,0
trucks-p24,-3,False,0,0,0,0,0,0,0,0,0,,,,0,,,0.0,1e+20,1e+20,0,0,0,0,0,0,,0,0
trucks-p25,-3,False,0,0,0,0,0,0,0,0,0,,,,0,,,0.0,1e+20,1e+20,0,0,0,0,0,0,,0,0
trucks-p26,-3,False,0,0,0,0,0,0,0,0,0,,,,0,,,0.0,1e+20,1e+20,0,0,0,0,0,0,,0,0
trucks-p27,-3,False,0,0,0,0,0,0,0,0,0,,,,0,,,0.0,1e+20,1e+20,0,0,0,0,0,0,,0,0
trucks-p28,-3,False,0,0,0,0,0,0,0,0,0,,,,0,,,0.0,1e+20,1e+20,0,0,0,0,0,0,,0,0
trucks-p29,-3,False,0,0,0,0,0,0,0,0,0,,,,0,,,0.0,1e+20,1e+20,0,0,0,0,0,0,,0,0
trucks-p30,-3,False,0,0,0,0,0,0,0,0,0,,,,0,,,0.0,1e+20,1e+20,0,0,0,0,0,0,,0,0
trucks-strips-p01,0,True,14,33,48,107,26,122,56,0,0,,,,0,,,11.0,11,11,0.0062,0.0003,0.0,0.0013,0.0,0.0,,0.0083,0.0163
trucks-strips-p02,0,True,17,40,55,126,31,143,66,0,0,,,,0,,,14.0,14,14,0.0085,0.0004,0.0001,0.0044,0.0,0.0,,0.0096,0.0231
trucks-strips-p03,0,True,23,53,81,175,41,194,90,0,0,,,,0,,,17.0,17,17,0.0108,0.0011,0.0001,0.0026,0.0,0.0,,0.0116,0.0262
trucks-strips-p04,0,True,26,60,90,197,47,221,104,0,0,,,,0,,,20.0,20,20,0.0095,0.0014,0.0001,0.0037,0.0,0.0,,0.0123,0.027
trucks-strips-p05,0,True,32,73,112,242,57,268,124,0,0,,,,0,,,23.0,23,23,0.0307,0.0027,0.0001,0.0052,0.0,0.0,,0.0143,0.0532
trucks-strips-p06,0,True,35,80,121,264,63,295,138,0,0,,,,0,,,26.0,26,26,0.035,0.0032,0.0002,0.003,0.0,0.0,,0.0152,0.0567
trucks-strips-p07,0,True,38,102,132,293,59,327,174,0,0,,,,0,,,20.0,20,20,0.0098,0.0019,0.0002,0.0042,0.0,0.0,,0.0093,0.0254
trucks-strips-p08,0,True,46,127,186,386,73,414,219,0,0,,,,0,,,24.0,24,24,0.0159,0.0041,0.0002,0.0024,0.0,0.0,,0.0107,0.0336
trucks-strips-p09,0,True,52,140,202,423,81,449,236,0,0,,,,0,,,26.0,26,26,0.0167,0.0053,0.0003,0.011,0.0,0.0,,0.0112,0.0447
trucks-strips-p10,0,True,56,153,217,458,88,504,275,0,0,,,,0,,,30.0,30,30,0.0185,0.0067,0.0004,0.0037,0.0,0.0,,0.0205,0.05
trucks-strips-p11,0,True,65,178,257,535,100,571,304,0,0,,,,0,,,33.0,33,33,0.0538,0.0129,0.0005,0.0043,0.0,0.0,,0.0143,0.086
trucks-strips-p12,0,True,70,191,274,574,109,619,332,0,0,,,,0,,,36.0,36,36,0.0506,0.0138,0.0006,0.0022,0.0,0.0,,0.0237,0.0912
trucks-strips-p13,0,True,78,249,348,709,112,770,460,0,0,,,,0,,,30.0,30,30,0.0241,0.0141,0.0006,0.0054,0.0,0.0,,0.02,0.0644
trucks-strips-p14,0,True,84,270,372,763,121,803,472,0,0,,,,0,,,34.0,34,34,0.0391,0.0161,0.0008,0.0069,0.0,0.0,,0.0188,0.082
trucks-strips-p15,0,True,91,291,395,815,129,880,530,0,0,,,,0,,,37.0,37,37,0.0361,0.0191,0.001,0.0028,0.0,0.0,,0.0293,0.0886
trucks-strips-p16,0,True,98,312,421,873,140,929,554,0,0,,,,0,,,40.0,40,40,0.0347,0.023,0.0011,0.0027,0.0,0.0,,0.0304,0.0923
trucks-strips-p17,0,True,110,353,487,996,156,1064,634,0,0,,,,0,,,43.0,43,43,0.0589,0.0447,0.0014,0.0043,0.0,0.0,,0.0352,0.1455
trucks-strips-p18,0,True,117,374,511,1050,165,1105,654,0,0,,,,0,,,46.0,46,46,0.0618,0.045,0.0017,0.0092,0.0,0.0,,0.0264,0.1452
trucks-strips-p19,0,True,125,462,613,1243,168,1319,846,0,0,,,,0,,,41.0,41,41,0.0538,0.0422,0.0016,0.0039,0.0,0.0,,0.0398,0.1423
trucks-strips-p20,0,True,134,493,648,1320,179,1410,911,0,0,,,,0,,,44.0,44,44,0.0668,0.0529,0.0019,0.007,0.0,0.0,,0.0401,0.1698
trucks-strips-p21,0,True,143,524,687,1405,194,1507,974,0,0,,,,0,,,47.0,47,47,0.0736,0.0563,0.0023,0.0044,0.0,0.0,,0.0411,0.1788
trucks-strips-p22,0,True,152,555,660,1418,203,1535,980,0,0,,,,0,,,50.0,50,50,6.901,0.0678,0.0027,0.0044,0.0,0.0,,0.0311,7.0081
trucks-strips-p23,0,True,167,616,752,1589,221,1719,1094,0,0,,,,0,,,53.0,53,53,0.1266,0.1254,0.0032,0.0044,0.0,0.0,,0.036,0.2975
trucks-strips-p24,0,True,176,647,784,1664,233,1781,1148,0,0,,,,0,,,56.0,56,56,0.1359,0.1352,0.0037,0.0064,0.0,0.0,,0.0364,0.3196
trucks-strips-p25,0,True,186,771,987,1995,237,2078,1404,0,0,,,,0,,,50.0,50,50,0.1251,0.1184,0.0038,0.0035,0.0,0.0,,0.0502,0.3031
trucks-strips-p26,0,True,196,814,1036,2101,251,2167,1460,0,0,,,,0,,,54.0,54,54,0.1422,0.1168,0.0046,0.0039,0.0,0.0,,0.0586,0.3284
trucks-strips-p27,0,True,207,857,1085,2207,265,2340,1600,0,0,,,,0,,,57.0,57,57,0.1711,0.1526,0.0052,0.0143,0.0,0.0,,0.0587,0.4044
trucks-strips-p28,0,True,218,900,1134,2313,279,2453,1680,0,0,,,,0,,,60.0,60,60,0.168,0.1705,0.006,0.0135,0.0,0.0,,0.0611,0.4218
trucks-strips-p29,0,True,236,985,1267,2552,300,2706,1844,0,0,,,,0,,,63.0,63,63,0.3172,0.3058,0.0072,0.0129,0.0,0.0,,0.088,0.7359
trucks-strips-p30,0,True,247,1028,1316,2658,314,2819,1924,0,0,,,,0,,,66.0,66,66,0.3252,0.3718,0.0081,0.0044,0.0,0.0,,0.0694,0.7841
visitall-opt11-strips-problem02-full,0,True,0,4,8,18,6,18,4,0,0,,,,0,,,3.0,3,3,0.0075,0.0,0.0,0.0088,0.0,0.0,,0.0034,0.0198
visitall-opt11-strips-problem02-half,0,True,2,4,5,13,4,11,2,0,0,,,,0,,,1.0,1,1,0.0114,0.0,0.0,0.0045,0.0,0.0,,0.0025,0.0184
visitall-opt11-strips-problem03-full,0,True,0,12,24,52,16,56,16,0,0,,,,0,,,8.0,8,8,0.0107,0.0001,0.0,0.0098,0.0,0.0,,0.0025,0.0231
visitall-opt11-strips-problem03-half,0,True,4,12,19,43,12,45,14,0,0,,,,0,,,5.0,5,5,0.0086,0.0001,0.0,0.0028,0.0,0.0,,0.005,0.0164
visitall-opt11-strips-problem04-full,0,True,0,34,68,132,30,158,60,0,0,,,,0,,,15.0,15,15,0.0071,0.0002,0.0,0.0039,0.0,0.0,,0.0055,0.0168
visitall-opt11-strips-problem04-half,0,True,8,34,49,105,22,115,44,0,0,,,,0,,,10.0,10,10,0.0071,0.0001,0.0,0.003,0.0,0.0,,0.0288,0.039
visitall-opt11-strips-problem05-full,0,True,0,64,128,240,48,296,120,0,0,,,,0,,,24.0,24,24,0.0064,0.0003,0.0001,0.0019,0.0,0.0,,0.0075,0.0162
visitall-opt11-strips-problem05-half,0,True,10,64,98,200,38,227,91,0,0,,,,0,,,15.0,15,15,0.0071,0.0002,0.0001,0.0029,0.0,0.0,,0.0113,0.0217
visitall-opt11-strips-problem06-full,0,True,0,104,208,382,70,478,200,0,0,,,,0,,,35.0,35,35,0.0258,0.0004,0.0002,0.0047,0.0,0.0,,0.0106,0.0418
visitall-opt11-strips-problem06-half,0,True,20,104,148,302,50,341,143,0,0,,,,912,,,19.0,20,19,0.0087,0.0003,0.0001,0.0064,0.0,0.0,,0.0812,0.0968
visitall-opt11-strips-problem07-full,0,True,0,152,304,552,96,696,296,0,0,,,,0,,,48.0,48,48,0.0068,0.0008,0.0004,0.0039,0.0,0.0,,0.0125,0.0245
visitall-opt11-strips-problem07-half,0,True,16,152,255,487,80,584,249,0,0,,,,0,,,32.0,33,32,0.028,0.0006,0.0003,0.0138,0.0,0.0,,0.0334,0.0763
visitall-opt11-strips-problem08-full,0,True,0,208,416,750,126,950,408,0,0,,,,0,,,63.0,63,63,0.0078,0.0012,0.0007,0.0043,0.0,0.0,,0.0169,0.031
visitall-opt11-strips-problem08-half,0,True,31,208,314,617,95,717,308,0,0,,,,131,,,37.0,38,37,0.0101,0.0009,0.0005,0.0021,0.0,0.0,,0.079,0.0926
visitall-opt11-strips-problem09-full,0,True,0,272,544,976,160,1240,536,0,0,,,,0,,,80.0,80,80,0.0143,0.0019,0.0012,0.0061,0.0,0.0,,0.0209,0.0444
visitall-opt11-strips-problem09-half,0,True,31,272,439,840,129,1000,432,0,0,,,,723,,,51.0,54,51,0.0087,0.0015,0.0009,0.0029,0.0,0.0,,0.1941,0.2082
visitall-opt11-strips-problem10-full,0,True,0,344,688,1230,198,1566,680,0,0,,,,0,,,99.0,99,99,0.0103,0.0028,0.002,0.004,0.0,0.0,,0.0245,0.0437
visitall-opt11-strips-problem10-half,0,True,52,344,505,995,146,1150,499,0,0,,,,13114,,,56.0,58,56,0.008,0.0021,0.0012,0.0044,0.0,0.0,,4.1313,4.147
visitall-opt11-strips-problem11-full,0,True,0,424,848,1512,240,1928,840,0,0,,,,0,,,120.0,120,120,0.0356,0.0039,0.0031,0.0058,0.0,0.0,,0.0313,0.0798
visitall-opt11-strips-problem11-half,0,True,63,424,626,1227,177,1423,620,0,0,,,,4099,,,64.0,68,64,0.0107,0.0028,0.0019,0.0039,0.0,0.0,,1.4841,1.5035
visitall-opt14-strips-p-05-10,0,True,54,344,495,983,144,1127,488,0,0,,,,40392,,,53.0,54,53,0.0059,0.002,0.0011,0.0025,0.0,0.0,,6.1269,6.1384
visitall-opt14-strips-p-05-5,0,True,7,64,110,215,41,254,103,0,0,,,,0,,,18.0,18,18,0.006,0.0002,0.0001,0.0063,0.0,0.0,,0.0075,0.0202
visitall-opt14-strips-p-05-6,0,True,18,104,155,311,52,356,149,0,0,,,,0,,,20.0,22,20,0.009,0.0003,0.0001,0.0072,0.0,0.0,,0.0316,0.0484
visitall-opt14-strips-p-05-7,0,True,25,152,224,447,71,513,218,0,0,,,,409,,,28.0,30,28,0.0069,0.0006,0.0003,0.003,0.0,0.0,,0.0804,0.0912
visitall-opt14-strips-p-05-8,0,True,33,208,309,610,93,707,305,0,0,,,,269622,,,39.0,39,39,0.0061,0.0009,0.0005,0.0019,0.0,0.0,,40.3866,40.396
visitall-opt14-strips-p-05-9,0,True,39,272,411,804,121,938,406,0,0,,,,7948,,,46.0,48,46,0.0102,0.0014,0.0007,0.0025,0.0,0.0,,1.5984,1.6134
visitall-opt14-strips-p-1-10,0,True,0,344,688,1230,198,1566,680,0,0,,,,0,,,99.0,99,99,0.0112,0.0028,0.002,0.0076,0.0,0.0,,0.0243,0.0479
visitall-opt14-strips-p-1-11,0,True,0,424,848,1512,240,1928,840,0,0,,,,0,,,120.0,120,120,0.0113,0.0039,0.0032,0.0042,0.0,0.0,,0.0305,0.0532
visitall-opt14-strips-p-1-12,0,True,0,512,1024,1822,286,2326,1016,0,0,,,,0,,,143.0,143,143,0.0074,0.0054,0.0048,0.0032,0.0,0.0,,0.0358,0.0566
visitall-opt14-strips-p-1-13,0,True,0,608,1216,2160,336,2760,1208,0,0,,,,0,,,168.0,168,168,0.0134,0.0073,0.0077,0.0048,0.0,0.0,,0.0427,0.0759
visitall-opt14-strips-p-1-14,0,True,0,712,1424,2526,390,3230,1416,0,0,,,,0,,,195.0,195,195,0.0131,0.0098,0.0111,0.0103,0.0,0.0,,0.0495,0.0939
visitall-opt14-strips-p-1-15,0,True,0,824,1648,2920,448,3736,1640,0,0,,,,0,,,224.0,224,224,0.0137,0.0128,0.017,0.0053,0.0,0.0,,0.0579,0.1069
visitall-opt14-strips-p-1-16,0,True,0,944,1888,3342,510,4278,1880,0,0,,,,0,,,255.0,255,255,0.0131,0.0165,0.0223,0.0063,0.0,0.0,,0.0629,0.1213
visitall-opt14-strips-p-1-17,0,True,0,1072,2144,3792,576,4856,2136,0,0,,,,0,,,288.0,288,288,0.017,0.0211,0.034,0.0108,0.0,0.0,,0.0725,0.1555
visitall-opt14-strips-p-1-18,0,True,0,1208,2416,4270,646,5470,2408,0,0,,,,0,,,323.0,323,323,0.0388,0.0265,0.0463,0.0102,0.0,0.0,,0.081,0.2029
visitall-opt14-strips-p-1-5,0,True,0,64,128,240,48,296,120,0,0,,,,0,,,24.0,24,24,0.0062,0.0002,0.0001,0.0023,0.0,0.0,,0.0082,0.0171
visitall-opt14-strips-p-1-6,0,True,0,104,208,382,70,478,200,0,0,,,,0,,,35.0,35,35,0.0096,0.0004,0.0002,0.0046,0.0,0.0,,0.0106,0.0254
visitall-opt14-strips-p-1-7,0,True,0,152,304,552,96,696,296,0,0,,,,0,,,48.0,48,48,0.0099,0.0007,0.0004,0.003,0.0,0.0,,0.0123,0.0264
visitall-opt14-strips-p-1-8,0,True,0,208,416,750,126,950,408,0,0,,,,0,,,63.0,63,63,0.1385,0.0012,0.0007,0.0025,0.0,0.0,,0.0156,0.1586
visitall-opt14-strips-p-1-9,0,True,0,272,544,976,160,1240,536,0,0,,,,0,,,80.0,80,80,0.0166,0.0019,0.0012,0.0094,0.0,0.0,,0.0216,0.0507
visitall-sat11-strips-problem12,0,True,0,512,1024,1822,286,2326,1016,0,0,,,,0,,,143.0,143,143,0.0314,0.0054,0.0048,0.0045,0.0,0.0,,0.0359,0.0821
visitall-sat11-strips-problem14,0,True,0,712,1424,2526,390,3230,1416,0,0,,,,0,,,195.0,195,195,0.018,0.0098,0.0111,0.0123,0.0,0.0,,0.0512,0.1024
visitall-sat11-strips-problem16,0,True,0,944,1888,3342,510,4278,1880,0,0,,,,0,,,255.0,255,255,0.0137,0.0165,0.0238,0.0069,0.0,0.0,,0.0629,0.1239
visitall-sat11-strips-problem18,0,True,0,1208,2416,4270,646,5470,2408,0,0,,,,0,,,323.0,323,323,0.0192,0.0272,0.0457,0.0111,0.0,0.0,,0.081,0.1842
visitall-sat11-strips-problem20,0,True,0,1504,3008,5310,798,6806,3000,0,0,,,,0,,,399.0,399,399,0.025,0.0393,0.0847,0.0123,0.0,0.0,,0.0998,0.2636
visitall-sat11-strips-problem22,0,True,0,1832,3664,6462,966,8286,3656,0,0,,,,0,,,483.0,483,483,0.0349,0.0611,0.134,0.0178,0.0,0.0,,0.1198,0.3678
visitall-sat11-strips-problem24,0,True,0,2192,4384,7726,1150,9910,4376,0,0,,,,0,,,575.0,575,575,0.0458,0.0862,0.2172,0.0204,0.0,0.0,,0.1428,0.5126
visitall-sat11-strips-problem26,0,True,0,2584,5168,9102,1350,11678,5160,0,0,,,,0,,,675.0,675,675,0.0479,0.1187,0.3314,0.0249,0.0,0.0,,0.1705,0.6936
visitall-sat11-strips-problem28,0,True,0,3008,6016,10590,1566,13590,6008,0,0,,,,0,,,783.0,783,783,0.0575,0.1589,0.5229,0.0312,0.0,0.0,,0.2001,0.971
visitall-sat11-strips-problem30,0,True,0,3464,6928,12190,1798,15646,6920,0,0,,,,0,,,899.0,899,899,0.0769,0.209,0.7891,0.0475,0.0,0.0,,0.2341,1.3568
visitall-sat11-strips-problem32,0,True,0,3952,7904,13902,2046,17846,7896,0,0,,,,0,,,1023.0,1023,1023,0.3204,0.2716,1.1273,0.0509,0.0,0.0,,0.2691,2.0395
visitall-sat11-strips-problem34,0,True,0,4472,8944,15726,2310,20190,8936,0,0,,,,0,,,1155.0,1155,1155,0.1277,0.3488,1.6684,0.0644,0.0,0.0,,0.3117,2.5215
visitall-sat11-strips-problem36,0,True,0,5024,10048,17662,2590,22678,10040,0,0,,,,0,,,1295.0,1295,1295,0.1489,0.4419,2.3666,0.0986,0.0,0.0,,0.3558,3.4123
visitall-sat11-strips-problem38,0,True,0,5608,11216,19710,2886,25310,11208,0,0,,,,0,,,1443.0,1443,1443,0.1853,0.57,3.237,0.0955,0.0,0.0,,0.3955,4.4837
visitall-sat11-strips-problem40,0,True,0,6224,12448,21870,3198,28086,12440,0,0,,,,0,,,1599.0,1599,1599,0.5199,0.7003,4.9471,0.116,0.0,0.0,,0.5599,6.8435
visitall-sat11-strips-problem42,0,True,0,6872,13744,24142,3526,31006,13736,0,0,,,,0,,,1763.0,1763,1763,0.2529,0.8771,5.3842,0.1352,0.0,0.0,,0.5431,7.1931
visitall-sat11-strips-problem44,0,True,0,7552,15104,26526,3870,34070,15096,0,0,,,,0,,,1935.0,1935,1935,0.2923,1.0401,7.2343,0.1632,0.0,0.0,,0.6079,9.3383
visitall-sat11-strips-problem46,0,True,0,8264,16528,29022,4230,37278,16520,0,0,,,,0,,,2115.0,2115,2115,0.348,1.2612,9.5075,0.1939,0.0,0.0,,0.6701,11.9814
visitall-sat11-strips-problem48,0,True,0,9008,18016,31630,4606,40630,18008,0,0,,,,0,,,2303.0,2303,2303,0.4085,1.5033,11.8506,0.232,0.0,0.0,,0.7609,14.7562
visitall-sat11-strips-problem50,0,True,0,9784,19568,34350,4998,44126,19560,0,0,,,,0,,,2499.0,2499,2499,0.4811,1.8317,15.1671,0.2656,0.0,0.0,,0.8369,18.5832
visitall-sat14-strips-pfile30,0,True,0,3464,6928,12190,1798,15646,6920,0,0,,,,0,,,899.0,899,899,0.0855,0.2114,0.8265,0.0419,0.0,0.0,,0.2342,1.3998
visitall-sat14-strips-pfile31,0,True,0,3704,7408,13032,1920,16728,7400,0,0,,,,0,,,960.0,960,960,0.1012,0.2416,0.9703,0.044,0.0,0.0,,0.2548,1.6123
visitall-sat14-strips-pfile32,0,True,0,3952,7904,13902,2046,17846,7896,0,0,,,,0,,,1023.0,1023,1023,0.0952,0.2733,1.1798,0.0661,0.0,0.0,,0.2675,1.8821
visitall-sat14-strips-pfile33,0,True,0,4208,8416,14800,2176,19000,8408,0,0,,,,0,,,1088.0,1088,1088,0.1048,0.3113,1.3546,0.058,0.0,0.0,,0.3008,2.1299
visitall-sat14-strips-pfile50,0,True,0,9784,19568,34350,4998,44126,19560,0,0,,,,0,,,2499.0,2499,2499,0.4796,1.8038,15.2337,0.2651,0.0,0.0,,0.8358,18.6187
visitall-sat14-strips-pfile51,0,True,0,10184,20368,35752,5200,45928,20360,0,0,,,,0,,,2600.0,2600,2600,0.5154,1.9534,18.1765,0.2869,0.0,0.0,,0.8722,21.8054
visitall-sat14-strips-pfile52,0,True,0,10592,21184,37182,5406,47766,21176,0,0,,,,0,,,2703.0,2703,2703,0.5739,2.1235,19.8026,0.3085,0.0,0.0,,0.9204,23.73
visitall-sat14-strips-pfile53,0,True,0,11008,22016,38640,5616,49640,22008,0,0,,,,0,,,2808.0,2808,2808,0.6162,3.5319,22.54,0.3317,0.0,0.0,,0.9096,27.9303
visitall-sat14-strips-pfile54,0,True,0,11432,22864,40126,5830,51550,22856,0,0,,,,0,,,2915.0,2915,2915,0.67,2.4667,25.2864,0.3563,0.0,0.0,,0.9981,29.7794
visitall-sat14-strips-pfile55,0,True,0,11864,23728,41640,6048,53496,23720,0,0,,,,0,,,3024.0,3024,3024,0.9106,2.6506,27.7749,0.3824,0.0,0.0,,1.0157,32.7358
visitall-sat14-strips-pfile56,0,True,0,12304,24608,43182,6270,55478,24600,0,0,,,,0,,,3135.0,3135,3135,0.7562,2.8411,31.8269,0.4072,0.0,0.0,,1.1109,36.9443
visitall-sat14-strips-pfile57,0,True,0,12752,25504,44752,6496,57496,25496,0,0,,,,0,,,3248.0,3248,3248,0.8138,3.0452,33.7776,0.4393,0.0,0.0,,1.1122,39.1895
visitall-sat14-strips-pfile58,0,True,0,13208,26416,46350,6726,59550,26408,0,0,,,,0,,,3363.0,3363,3363,0.8694,3.2483,39.6124,0.4664,0.0,0.0,,1.221,45.4189
visitall-sat14-strips-pfile59,0,True,0,13672,27344,47976,6960,61640,27336,0,0,,,,0,,,3480.0,3480,3480,0.9112,3.4774,41.3367,0.5046,0.0,0.0,,1.2211,47.4526
visitall-sat14-strips-pfile60,0,True,0,14144,28288,49630,7198,63766,28280,0,0,,,,0,,,3599.0,3599,3599,0.9753,3.7081,48.1834,0.5357,0.0,0.0,,1.3696,54.7738
visitall-sat14-strips-pfile61,0,True,0,14624,29248,51312,7440,65928,29240,0,0,,,,0,,,3720.0,3720,3720,1.0358,3.9481,49.5488,0.5691,0.0,0.0,,1.333,56.4363
visitall-sat14-strips-pfile62,0,True,0,15112,30224,53022,7686,68126,30216,0,0,,,,0,,,3843.0,3843,3843,1.2844,4.1895,58.013,0.6092,0.0,0.0,,1.4929,65.5916
visitall-sat14-strips-pfile63,0,True,0,15608,31216,54760,7936,70360,31208,0,0,,,,0,,,3968.0,3968,3968,1.1844,4.4576,60.438,0.6445,0.0,0.0,,1.4238,68.1507
visitall-sat14-strips-pfile64,0,True,0,16112,32224,56526,8190,72630,32216,0,0,,,,0,,,4095.0,4095,4095,1.2688,4.7309,68.3576,0.687,0.0,0.0,,1.5808,76.6264
visitall-sat14-strips-pfile65,0,True,0,16624,33248,58320,8448,74936,33240,0,0,,,,0,,,4224.0,4224,4224,1.3508,5.0194,72.386,0.7275,0.0,0.0,,1.5581,81.0442
woodworking-opt08-strips-p01,0,False,11,22,57,110,31,147,71,0,0,,,,0,,,170.0,205,170,0.0062,0.0003,0.0,0.0014,0.0,0.0,,0.0074,0.0154
woodworking-opt08-strips-p02,0,False,13,24,54,113,35,134,66,0,0,,,,0,,,185.0,185,185,0.0131,0.0005,0.0,0.0021,0.0,0.0,,0.0069,0.0226
woodworking-opt08-strips-p03,0,False,22,76,299,435,58,559,408,0,0,,,,0,,,275.0,360,275,0.0088,0.0011,0.0002,0.0028,0.0,0.0,,0.0147,0.0276
woodworking-opt08-strips-p04,0,False,38,103,410,586,73,743,531,0,0,,,,0,,,235.0,340,235,0.0337,0.0019,0.0003,0.0065,0.0,0.0,,0.0262,0.0687
woodworking-opt08-strips-p05,0,False,41,160,735,981,84,1228,973,0,0,,,,0,,,260.0,370,260,0.0143,0.0028,0.0004,0.0029,0.0,0.0,,0.0331,0.0535
woodworking-opt08-strips-p06,0,False,50,195,961,1257,100,1604,1295,0,0,,,,0,,,430.0,550,430,0.0096,0.0027,0.0006,0.0028,0.0,0.0,,0.0549,0.0706
woodworking-opt08-strips-p07,0,False,68,231,962,1316,123,1633,1336,0,0,,,,0,,,390.0,515,390,0.0367,0.0044,0.0009,0.0063,0.0,0.0,,0.0551,0.1035
woodworking-opt08-strips-p08,0,False,84,291,1224,1660,143,2037,1662,0,0,,,,0,,,420.0,545,420,0.0193,0.0062,0.0012,0.0059,0.0,0.0,,0.0901,0.1228
woodworking-opt08-strips-p09,0,False,71,123,439,696,133,862,514,0,0,,,,0,,,425.0,505,425,0.0164,0.0045,0.0006,0.0028,0.0,0.0,,0.0173,0.0417
woodworking-opt08-strips-p10,0,False,109,567,2586,3331,178,4078,3573,0,0,,,,0,,,485.0,665,485,0.0263,0.0112,0.0032,0.0122,0.0,0.0,,0.1205,0.1735
woodworking-opt08-strips-p11,0,False,10,17,57,105,30,133,46,0,0,,,,0,,,130.0,160,130,0.006,0.0003,0.0,0.0019,0.0,0.0,,0.0061,0.0144
woodworking-opt08-strips-p12,0,False,28,78,302,436,55,567,448,0,0,,,,0,,,225.0,300,225,0.0084,0.001,0.0002,0.0025,0.0,0.0,,0.0205,0.0327
woodworking-opt08-strips-p13,0,False,38,106,453,630,70,813,633,0,0,,,,0,,,195.0,300,195,0.0111,0.0015,0.0002,0.0025,0.0,0.0,,0.0244,0.0398
woodworking-opt08-strips-p14,0,False,35,133,631,836,72,1066,863,0,0,,,,0,,,195.0,325,195,0.0076,0.0015,0.0003,0.0038,0.0,0.0,,0.0325,0.0457
woodworking-opt08-strips-p15,0,False,35,151,649,875,73,1070,852,0,0,,,,0,,,270.0,395,270,0.0136,0.0021,0.0005,0.0043,0.0,0.0,,0.0331,0.0536
woodworking-opt08-strips-p16,0,False,52,136,514,747,97,932,729,0,0,,,,0,,,275.0,380,275,0.018,0.0031,0.0004,0.0045,0.0,0.0,,0.0292,0.0553
woodworking-opt08-strips-p17,0,False,73,276,1155,1559,128,1936,1617,0,0,,,,0,,,280.0,415,280,0.014,0.0053,0.0011,0.0034,0.0,0.0,,0.068,0.0918
woodworking-opt08-strips-p18,0,False,67,318,1415,1864,129,2288,1937,0,0,,,,0,,,435.0,620,435,0.019,0.0057,0.0014,0.0043,0.0,0.0,,0.0981,0.1286
woodworking-opt08-strips-p19,0,False,88,386,1694,2230,149,2731,2391,0,0,,,,0,,,395.0,600,395,0.0413,0.0074,0.0019,0.0157,0.0,0.0,,0.1089,0.1754
woodworking-opt08-strips-p20,0,False,102,596,2805,3579,176,4378,3886,0,0,,,,0,,,435.0,635,435,0.0474,0.0113,0.0029,0.0592,0.0,0.0,,0.1207,0.2417
woodworking-opt08-strips-p21,0,False,9,14,39,78,25,101,42,0,0,,,,0,,,95.0,135,95,0.0067,0.0002,0.0,0.0018,0.0,0.0,,0.0041,0.0129
woodworking-opt08-strips-p22,0,False,17,30,108,179,41,237,98,0,0,,,,0,,,175.0,225,175,0.024,0.0005,0.0001,0.0031,0.0,0.0,,0.0064,0.034
woodworking-opt08-strips-p23,0,False,19,47,183,283,52,368,215,0,0,,,,0,,,195.0,260,195,0.0087,0.0006,0.0001,0.0022,0.0,0.0,,0.0084,0.0202
woodworking-opt08-strips-p24,0,False,35,75,242,390,72,488,313,0,0,,,,0,,,235.0,325,235,0.0362,0.0015,0.0002,0.0038,0.0,0.0,,0.0159,0.0577
woodworking-opt08-strips-p25,0,False,44,185,757,1035,93,1306,1112,0,0,,,,0,,,380.0,535,380,0.0379,0.003,0.0007,0.0057,0.0,0.0,,0.0449,0.0922
woodworking-opt08-strips-p26,0,False,58,172,748,1027,107,1308,997,0,0,,,,0,,,220.0,365,220,0.0107,0.0033,0.0006,0.0676,0.0,0.0,,0.0451,0.1272
woodworking-opt08-strips-p27,0,False,52,179,765,1056,111,1318,962,0,0,,,,0,,,320.0,590,320,0.0468,0.0036,0.0008,0.0112,0.0,0.0,,0.0425,0.105
woodworking-opt08-strips-p28,0,False,47,217,917,1242,106,1520,1118,0,0,,,,0,,,465.0,685,465,0.0158,0.0043,0.0008,0.0058,0.0,0.0,,0.0417,0.0686
woodworking-opt08-strips-p29,0,False,75,362,1633,2142,144,2634,2230,0,0,,,,0,,,535.0,715,535,0.0451,0.0076,0.0019,0.0214,0.0,0.0,,0.1014,0.1776
woodworking-opt08-strips-p30,0,False,77,308,1266,1731,157,2189,1667,0,0,,,,0,,,650.0,820,650,0.018,0.0075,0.0019,0.0036,0.0,0.0,,0.0661,0.0973
woodworking-opt11-strips-p01,0,False,19,47,183,283,52,368,215,0,0,,,,0,,,195.0,260,195,0.0131,0.0007,0.0001,0.0036,0.0,0.0,,0.009,0.0266
woodworking-opt11-strips-p02,0,False,28,78,302,436,55,567,448,0,0,,,,0,,,225.0,300,225,0.0143,0.001,0.0002,0.0064,0.0,0.0,,0.0207,0.0426
woodworking-opt11-strips-p03,0,False,38,106,453,630,70,813,633,0,0,,,,0,,,195.0,300,195,0.0128,0.0015,0.0002,0.004,0.0,0.0,,0.0251,0.0437
woodworking-opt11-strips-p04,0,False,22,76,299,435,58,559,408,0,0,,,,0,,,275.0,360,275,0.0123,0.0011,0.0002,0.0065,0.0,0.0,,0.0149,0.035
woodworking-opt11-strips-p05,0,False,35,75,242,390,72,488,313,0,0,,,,0,,,235.0,325,235,0.0446,0.0015,0.0002,0.0064,0.0,0.0,,0.0161,0.0689
woodworking-opt11-strips-p06,0,False,38,103,410,586,73,743,531,0,0,,,,0,,,235.0,340,235,0.0093,0.0019,0.0003,0.0034,0.0,0.0,,0.0236,0.0384
woodworking-opt11-strips-p07,0,False,35,133,631,836,72,1066,863,0,0,,,,0,,,195.0,325,195,0.008,0.0014,0.0003,0.0021,0.0,0.0,,0.0316,0.0435
woodworking-opt11-strips-p08,0,False,44,185,757,1035,93,1306,1112,0,0,,,,0,,,380.0,535,380,0.0401,0.003,0.0007,0.0056,0.0,0.0,,0.0462,0.0957
woodworking-opt11-strips-p09,0,False,41,160,735,981,84,1228,973,0,0,,,,0,,,260.0,370,260,0.0178,0.0028,0.0005,0.0126,0.0,0.0,,0.0392,0.0729
woodworking-opt11-strips-p10,0,False,35,151,649,875,73,1070,852,0,0,,,,0,,,270.0,395,270,0.0162,0.002,0.0004,0.0041,0.0,0.0,,0.0324,0.0552
woodworking-opt11-strips-p11,0,False,58,172,748,1027,107,1308,997,0,0,,,,0,,,220.0,365,220,0.0189,0.0033,0.0006,0.0056,0.0,0.0,,0.0397,0.0682
woodworking-opt11-strips-p12,0,False,52,136,514,747,97,932,729,0,0,,,,0,,,275.0,380,275,0.0357,0.0031,0.0004,0.0054,0.0,0.0,,0.0287,0.0734
woodworking-opt11-strips-p13,0,False,50,195,961,1257,100,1604,1295,0,0,,,,0,,,430.0,550,430,0.03,0.0027,0.0006,0.0047,0.0,0.0,,0.0547,0.0927
woodworking-opt11-strips-p14,0,False,52,179,765,1056,111,1318,962,0,0,,,,0,,,320.0,590,320,0.0387,0.0036,0.0008,0.0029,0.0,0.0,,0.043,0.0892
woodworking-opt11-strips-p15,0,False,73,276,1155,1559,128,1936,1617,0,0,,,,0,,,280.0,415,280,0.0329,0.0053,0.0011,0.0037,0.0,0.0,,0.0677,0.1107
woodworking-opt11-strips-p16,0,False,68,231,962,1316,123,1633,1336,0,0,,,,0,,,390.0,515,390,0.0188,0.0045,0.0009,0.0067,0.0,0.0,,0.0546,0.0856
woodworking-opt11-strips-p17,0,False,47,217,917,1242,106,1520,1118,0,0,,,,0,,,465.0,685,465,0.0208,0.0044,0.0008,0.0058,0.0,0.0,,0.0454,0.0773
woodworking-opt11-strips-p18,0,False,67,318,1415,1864,129,2288,1937,0,0,,,,0,,,435.0,620,435,0.0163,0.0057,0.0014,0.0046,0.0,0.0,,0.0993,0.1274
woodworking-opt11-strips-p19,0,False,84,291,1224,1660,143,2037,1662,0,0,,,,0,,,420.0,545,420,0.0172,0.0062,0.0012,0.0036,0.0,0.0,,0.0611,0.0895
woodworking-opt11-strips-p20,0,False,75,362,1633,2142,144,2634,2230,0,0,,,,0,,,535.0,715,535,0.0182,0.0076,0.0019,0.0098,0.0,0.0,,0.0881,0.1258
woodworking-sat08-strips-p01,0,False,7,12,27,58,19,70,28,0,0,,,,0,,,110.0,120,110,0.0078,0.0002,0.0,0.004,0.0,0.0,,0.0029,0.0149
woodworking-sat08-strips-p02,0,False,18,29,91,174,52,206,92,0,0,,,,0,,,255.0,295,255,0.6745,0.0009,0.0001,0.0022,0.0,0.0,,0.0053,0.6829
woodworking-sat08-strips-p03,0,False,73,331,1545,2003,127,2510,2109,0,0,,,,0,,,425.0,565,425,0.0161,0.0051,0.0012,0.0036,0.0,0.0,,0.1292,0.1554
woodworking-sat08-strips-p04,0,False,74,463,2128,2751,160,3389,2904,0,0,,,,0,,,725.0,875,725,0.0265,0.008,0.0033,0.0153,0.0,0.0,,0.0981,0.1515
woodworking-sat08-strips-p05,0,False,111,715,3291,4212,206,5142,4491,0,0,,,,0,,,515.0,770,515,0.0241,0.0152,0.0052,0.0068,0.0,0.0,,0.1398,0.1914
woodworking-sat08-strips-p06,0,False,122,904,4216,5351,230,6469,5525,0,0,,,,0,,,690.0,1000,690,0.0299,0.0226,0.0086,0.0081,0.0,0.0,,0.1858,0.2553
woodworking-sat08-strips-p07,0,False,198,1916,8961,11204,327,13386,12165,0,0,,,,0,,,900.0,1305,900,0.0467,0.0585,0.0311,0.0153,0.0,0.0,,0.5939,0.7461
woodworking-sat08-strips-p08,0,False,208,2561,12358,15282,362,18239,16712,0,0,,,,0,,,1080.0,1515,1080,0.054,0.074,0.0437,0.0229,0.0,0.0,,1.2796,1.4747
woodworking-sat08-strips-p09,0,False,270,2864,13437,16734,432,19882,18050,0,0,,,,0,,,990.0,1520,990,0.0778,0.1151,0.0705,0.0286,0.0,0.0,,0.9459,1.2384
woodworking-sat08-strips-p10,0,False,266,2888,13410,16745,444,19842,18114,0,0,,,,0,,,1080.0,1615,1080,0.0836,0.1246,0.0834,0.031,0.0,0.0,,1.4642,1.7877
woodworking-sat08-strips-p11,0,False,3,7,13,33,13,31,5,0,0,,,,0,,,50.0,50,50,0.0098,0.0002,0.0,0.0051,0.0,0.0,,0.0034,0.0185
woodworking-sat08-strips-p12,0,False,23,59,236,355,60,440,269,0,0,,,,0,,,270.0,360,270,0.0104,0.001,0.0001,0.003,0.0,0.0,,0.0103,0.0249
woodworking-sat08-strips-p13,0,False,68,374,1750,2254,130,2808,2485,0,0,,,,0,,,435.0,590,435,0.0298,0.0059,0.0019,0.006,0.0,0.0,,0.0895,0.1333
woodworking-sat08-strips-p14,0,False,116,520,2290,2997,187,3684,3118,0,0,,,,0,,,455.0,660,455,0.0249,0.0124,0.003,0.0072,0.0,0.0,,0.1289,0.1767
woodworking-sat08-strips-p15,0,False,103,720,3378,4299,199,5256,4650,0,0,,,,0,,,790.0,980,790,0.0223,0.013,0.0057,0.0071,0.0,0.0,,0.173,0.2212
woodworking-sat08-strips-p16,0,False,171,829,3656,4753,268,5751,4867,0,0,,,,0,,,640.0,940,640,0.0546,0.0278,0.0098,0.0091,0.0,0.0,,0.1648,0.2664
woodworking-sat08-strips-p17,0,False,154,1050,4638,5974,286,7184,6176,0,0,,,,0,,,905.0,1150,905,0.0379,0.036,0.0138,0.0095,0.0,0.0,,0.4869,0.5844
woodworking-sat08-strips-p18,0,False,215,1405,6474,8246,365,9975,8662,0,0,,,,0,,,920.0,1375,920,0.0553,0.0571,0.0306,0.0371,0.0,0.0,,0.3983,0.5792
woodworking-sat08-strips-p19,0,False,226,1505,6777,8672,390,10392,8971,0,0,,,,0,,,995.0,1425,995,0.0567,0.0691,0.0273,0.0155,0.0,0.0,,0.4377,0.6067
woodworking-sat08-strips-p20,0,False,297,2881,13303,16670,486,19834,18023,0,0,,,,0,,,1155.0,1780,1155,0.0831,0.1397,0.0883,0.0267,0.0,0.0,,1.0766,1.4154
woodworking-sat08-strips-p21,0,False,14,24,64,122,34,168,78,0,0,,,,0,,,165.0,205,165,0.0099,0.0004,0.0,0.0022,0.0,0.0,,0.005,0.0175
woodworking-sat08-strips-p22,0,False,27,57,200,319,61,395,233,0,0,,,,0,,,205.0,295,205,0.0207,0.0014,0.0001,0.0098,0.0,0.0,,0.0146,0.0467
woodworking-sat08-strips-p23,0,False,51,122,420,646,103,797,587,0,0,,,,0,,,385.0,475,385,0.0138,0.0033,0.0004,0.002,0.0,0.0,,0.0225,0.0421
woodworking-sat08-strips-p24,0,False,96,323,1347,1840,168,2237,1740,0,0,,,,0,,,540.0,755,540,0.0183,0.009,0.0018,0.0035,0.0,0.0,,0.0697,0.1025
woodworking-sat08-strips-p25,0,False,116,493,2177,2883,211,3577,2913,0,0,,,,0,,,520.0,815,520,0.025,0.0145,0.0045,0.0065,0.0,0.0,,0.1535,0.2043
woodworking-sat08-strips-p26,0,False,126,569,2428,3246,248,4002,3152,0,0,,,,0,,,910.0,1125,910,0.0276,0.019,0.0062,0.0083,0.0,0.0,,0.1253,0.1867
woodworking-sat08-strips-p27,0,False,141,732,3171,4158,254,4996,4299,0,0,,,,0,,,695.0,930,695,0.0807,0.0282,0.0078,0.0096,0.0,0.0,,0.1294,0.256
woodworking-sat08-strips-p28,0,False,222,1602,7245,9234,387,11153,9833,0,0,,,,0,,,1290.0,1670,1290,0.0605,0.0659,0.0334,0.0139,0.0,0.0,,0.5823,0.7562
woodworking-sat08-strips-p29,0,False,212,1195,5100,6681,385,8092,6317,0,0,,,,0,,,1090.0,1665,1090,0.0528,0.062,0.0286,0.0099,0.0,0.0,,0.256,0.4096
woodworking-sat08-strips-p30,0,False,272,2097,9365,11919,457,14258,12517,0,0,,,,0,,,1100.0,1645,1100,0.0756,0.1074,0.0578,0.0232,0.0,0.0,,0.7216,0.9859
woodworking-sat11-strips-p01,0,False,198,1916,8961,11204,327,13386,12165,0,0,,,,0,,,900.0,1305,900,0.0573,0.0573,0.0309,0.0238,0.0,0.0,,0.606,0.7757
woodworking-sat11-strips-p02,0,False,208,2561,12358,15282,362,18239,16712,0,0,,,,0,,,1080.0,1515,1080,0.0603,0.0741,0.0441,0.0237,0.0,0.0,,1.2773,1.48
woodworking-sat11-strips-p03,0,False,226,1505,6777,8672,390,10392,8971,0,0,,,,0,,,995.0,1425,995,0.3318,0.069,0.0274,0.0124,0.0,0.0,,0.4365,0.8774
woodworking-sat11-strips-p04,0,False,270,2864,13437,16734,432,19882,18050,0,0,,,,0,,,990.0,1520,990,0.0924,0.115,0.0704,0.025,0.0,0.0,,0.9427,1.2461
woodworking-sat11-strips-p05,0,False,297,2881,13303,16670,486,19834,18023,0,0,,,,0,,,1155.0,1780,1155,0.1613,0.1401,0.0883,0.029,0.0,0.0,,1.076,1.4956
woodworking-sat11-strips-p06,0,False,266,2888,13410,16745,444,19842,18114,0,0,,,,0,,,1080.0,1615,1080,0.3125,0.1299,0.0772,0.0266,0.0,0.0,,1.4668,2.0141
woodworking-sat11-strips-p07,0,False,222,1602,7245,9234,387,11153,9833,0,0,,,,0,,,1290.0,1670,1290,0.054,0.0661,0.0333,0.0144,0.0,0.0,,0.5736,0.7419
woodworking-sat11-strips-p08,0,False,212,1195,5100,6681,385,8092,6317,0,0,,,,0,,,1090.0,1665,1090,0.063,0.062,0.0285,0.01,0.0,0.0,,0.255,0.4187
woodworking-sat11-strips-p09,0,False,215,1405,6474,8246,365,9975,8662,0,0,,,,0,,,920.0,1375,920,0.0518,0.057,0.0277,0.0131,0.0,0.0,,0.3999,0.5503
woodworking-sat11-strips-p10,0,False,3,7,13,33,13,31,5,0,0,,,,0,,,50.0,50,50,0.0068,0.0002,0.0,0.0018,0.0,0.0,,0.0021,0.0109
woodworking-sat11-strips-p11,0,False,296,2368,10695,13560,497,16140,14485,0,0,,,,0,,,1305.0,1890,1305,0.0872,0.1261,0.0842,0.0227,0.0,0.0,,0.8954,1.2161
woodworking-sat11-strips-p12,0,False,347,3918,18468,22934,548,27206,25199,0,0,,,,0,,,1275.0,1850,1275,0.1079,0.1897,0.1255,0.0408,0.0,0.0,,1.1366,1.6017
woodworking-sat11-strips-p13,0,False,278,2938,13939,17380,503,20693,18589,0,0,,,,0,,,1375.0,2130,1375,0.1101,0.1427,0.1169,0.0322,0.0,0.0,,1.1409,1.5438
woodworking-sat11-strips-p14,0,False,288,2233,10159,12873,481,15258,13627,0,0,,,,0,,,1035.0,1460,1035,0.1127,0.1174,0.0589,0.0247,0.0,0.0,,0.658,0.9724
woodworking-sat11-strips-p15,0,False,367,3976,18844,23418,598,27903,25459,0,0,,,,0,,,1505.0,2155,1505,0.1471,0.2167,0.1634,0.042,0.0,0.0,,2.0262,2.5967
woodworking-sat11-strips-p16,0,False,359,3582,16471,20634,581,24422,22030,0,0,,,,0,,,1325.0,1895,1325,0.1948,0.1999,0.1348,0.1453,0.0,0.0,,1.6561,2.3322
woodworking-sat11-strips-p17,0,False,200,2619,12539,15476,318,17181,19379,0,0,,,,0,,,645.0,1040,645,0.0943,0.1279,0.0295,0.0215,0.0,0.0,,1.5952,1.8695
woodworking-sat11-strips-p18,0,False,163,1971,9576,11840,293,13076,15068,0,0,,,,0,,,1085.0,1345,1085,0.08,0.0924,0.0265,0.0186,0.0,0.0,,1.5065,1.7254
woodworking-sat11-strips-p19,0,False,201,2990,14364,17699,345,19522,22147,0,0,,,,0,,,895.0,1305,895,0.1864,0.1577,0.0404,0.0273,0.0,0.0,,2.2798,2.6937
woodworking-sat11-strips-p20,0,False,251,4126,19927,24446,393,26546,31575,0,0,,,,0,,,950.0,1435,950,0.1679,0.2485,0.0723,0.0366,0.0,0.0,,2.5583,3.0864
zenotravel-p01,0,True,6,7,7,21,7,18,4,0,0,,,,0,,,1.0,1,1,0.0057,0.0001,0.0,0.0024,0.0,0.0,,0.0022,0.0105
zenotravel-p02,0,True,6,9,14,34,10,30,6,0,0,,,,0,,,4.0,4,4,0.0108,0.0001,0.0,0.0019,0.0,0.0,,0.0043,0.0172
zenotravel-p03,0,True,22,52,80,156,24,157,69,0,0,,,,0,,,5.0,5,5,0.0085,0.0004,0.0,0.0043,0.0,0.0,,0.007,0.0203
zenotravel-p04,0,True,21,47,63,134,24,138,61,0,0,,,,0,,,6.0,6,6,0.0086,0.0004,0.0,0.0042,0.0,0.0,,0.007,0.0203
zenotravel-p05,0,True,34,95,125,258,38,280,142,0,0,,,,0,,,11.0,11,11,0.0116,0.0007,0.0001,0.0024,0.0,0.0,,0.0172,0.032
zenotravel-p06,0,True,34,92,128,258,38,274,130,0,0,,,,0,,,11.0,11,11,0.0384,0.0009,0.0001,0.003,0.0,0.0,,0.0158,0.0583
zenotravel-p07,0,True,32,69,69,174,36,196,91,0,0,,,,0,,,11.0,11,11,0.0074,0.0007,0.0001,0.0027,0.0,0.0,,0.0116,0.0225
zenotravel-p08,0,True,47,153,209,413,51,447,229,0,0,,,,0,,,10.0,10,10,0.0522,0.0021,0.0001,0.0017,0.0,0.0,,0.0261,0.0823
zenotravel-p09,0,True,72,234,274,587,79,683,356,0,0,,,,0,,,18.0,18,18,0.021,0.0028,0.0003,0.0055,0.0,0.0,,0.02,0.0496
zenotravel-p10,0,True,77,259,307,652,86,755,388,0,0,,,,0,,,20.0,20,20,0.0135,0.0032,0.0004,0.0032,0.0,0.0,,0.0237,0.0441
zenotravel-p11,0,True,60,231,321,617,65,677,354,0,0,,,,0,,,12.0,12,12,0.0297,0.0041,0.0003,0.0024,0.0,0.0,,0.0331,0.0698
zenotravel-p12,0,True,82,306,386,781,89,900,480,0,0,,,,0,,,19.0,19,19,0.0223,0.0048,0.0006,0.0054,0.0,0.0,,0.0422,0.0754
zenotravel-p13,0,True,96,412,522,1039,105,1206,673,0,0,,,,0,,,23.0,23,23,0.0156,0.0057,0.0008,0.0042,0.0,0.0,,0.054,0.0804
zenotravel-p14,0,True,189,1141,1429,2771,201,3341,1950,0,0,,,,0,,,28.0,29,28,0.1856,0.0453,0.0042,0.0068,0.0,0.0,,0.5958,0.8381
zenotravel-p15,0,True,262,1492,1558,3324,274,4437,2656,0,0,,,,0,,,32.0,34,32,0.0514,0.0662,0.0041,0.0054,0.0,0.0,,0.3179,0.4457
zenotravel-p16,0,True,314,2083,2473,4885,329,6181,3697,0,0,,,,27,,,38.0,40,38,0.078,0.1343,0.0129,0.0092,0.0,0.0,,2.6189,2.8543
zenotravel-p17,0,True,464,3204,3534,7223,485,9614,5851,0,0,,,,0,,,52.0,53,52,0.1104,0.2332,0.0221,0.0119,0.0,0.0,,1.4777,1.8574
zenotravel-p18,0,True,492,3426,3732,7669,511,10324,6324,0,0,,,,244,,,51.0,52,51,0.1469,0.281,0.0244,0.0134,0.0,0.0,,6.5374,7.0058
zenotravel-p19,0,True,626,4464,4654,9768,650,13468,8310,0,0,,,,0,,,59.0,60,59,0.2112,0.4577,0.0329,0.016,0.0,0.0,,3.3015,4.0228
zenotravel-p20,0,True,760,5963,6509,13257,785,17981,11234,0,0,,,,50,,,68.0,69,68,0.2792,0.6725,0.0603,0.0225,0.0,0.0,,12.7026,13.7415
