Instance,Status,Unit_Costs,N_Atoms,N_Acts,N_Effects,N_Var_Base,N_Var_Acyc,N_Const_Base,N_Const_Acyc,N_Cuts_LM,N_Cuts_Sec,N_RCB_Calls,N_CCB_Calls,N_CL_It,N_Nodes,Initial_LB,Root_LB,Final_LB,Initial_UB,Final_UB,Parsing_Time,Prep_Time,Heur_Time,Build_Time,RCB_Time,CCB_Time,CL_Time,CPX_Time,Time
agricola-opt18-strips-p01,0,False,60,523,1010,1631,1057,1882,6829,0,0,,,,0,,,142.0,142,142,0.1309,0.0986,0.0023,0.0059,0.0,0.0,,0.1255,0.3669
agricola-opt18-strips-p02,0,False,63,612,1177,1890,1144,2116,8095,0,0,,,,0,,,142.0,142,142,0.1903,0.2585,0.003,0.0064,0.0,0.0,,0.1367,0.6013
agricola-opt18-strips-p03,0,False,66,723,1373,2200,1260,2434,9320,0,0,,,,717,,,204.0,262,204,0.2886,0.3833,0.0035,0.0078,0.0,0.0,,2.3485,3.0427
agricola-opt18-strips-p04,0,False,67,592,1146,1847,1246,2096,8349,0,0,,,,0,,,146.0,146,146,0.1673,0.1613,0.003,0.0074,0.0,0.0,,0.1506,0.4942
agricola-opt18-strips-p05,0,False,69,728,1401,2241,1338,2466,9687,0,0,,,,3778,,,208.0,266,208,0.2568,0.2705,0.0049,0.0089,0.0,0.0,,23.1903,23.7359
agricola-opt18-strips-p06,0,False,72,796,1523,2434,1413,2648,10650,0,0,,,,19,,,206.0,206,206,0.3492,0.567,0.0045,0.0079,0.0,0.0,,1.3006,2.2426
agricola-opt18-strips-p07,0,False,74,697,1347,2166,1483,2443,10277,0,0,,,,811,,,212.0,270,212,0.255,0.2045,0.0043,0.0114,0.0,0.0,,3.6471,4.1279
agricola-opt18-strips-p08,0,False,78,799,1567,2491,1568,2737,11493,0,0,,,,0,,,150.0,150,150,0.2957,0.3514,0.0046,0.0104,0.0,0.0,,0.2572,0.9305
agricola-opt18-strips-p09,0,False,80,895,1747,2770,1708,3009,12989,0,0,,,,0,,,150.0,150,150,0.4543,0.6381,0.0055,0.0098,0.0,0.0,,0.2163,1.3413
agricola-opt18-strips-p10,0,False,77,754,1483,2367,1739,2652,12781,0,0,,,,0,,,154.0,154,154,0.4282,0.235,0.0065,0.0136,0.0,0.0,,0.3174,1.0076
agricola-opt18-strips-p11,0,False,80,911,1773,2817,1872,3047,15188,0,0,,,,1507,,,216.0,274,216,0.3395,0.3925,0.0086,0.0109,0.0,0.0,,11.2046,11.9684
agricola-opt18-strips-p12,0,False,84,1002,1962,3100,2066,3339,17100,0,0,,,,23,,,214.0,214,214,0.4794,0.8465,0.0086,0.0146,0.0,0.0,,3.0199,4.3879
agricola-opt18-strips-p13,0,False,81,852,1670,2660,2018,2959,15628,0,0,,,,1066,,,220.0,278,220,0.2531,0.2557,0.0076,0.0121,0.0,0.0,,9.9037,10.4399
agricola-opt18-strips-p14,0,False,84,978,1945,3064,2087,3334,16322,0,0,,,,0,,,158.0,158,158,0.3683,0.4693,0.0072,0.0114,0.0,0.0,,0.2605,1.1305
agricola-opt18-strips-p15,0,False,87,1081,2133,3358,2218,3596,18190,0,0,,,,0,,,158.0,158,158,0.5364,0.9223,0.0092,0.0118,0.0,0.0,,0.3156,1.8157
agricola-opt18-strips-p16,0,False,83,909,1796,2851,2218,3173,17767,0,0,,,,21,,,222.0,222,222,0.2667,0.2933,0.0073,0.0112,0.0,0.0,,3.3136,3.9006
agricola-opt18-strips-p17,0,False,86,1065,2118,3332,2241,3592,18305,0,0,,,,0,,,162.0,162,162,0.3989,0.5064,0.0123,0.012,0.0,0.0,,0.2858,1.2304
agricola-opt18-strips-p18,0,False,89,1197,2377,3726,2542,4001,21583,0,0,,,,25,,,222.0,222,222,0.6925,1.0623,0.0101,0.0176,0.0,0.0,,3.0983,4.9032
agricola-opt18-strips-p19,0,False,86,992,1982,3128,2509,3489,20314,0,0,,,,29,,,226.0,226,226,0.3725,0.3425,0.0105,0.016,0.0,0.0,,3.5419,4.2933
agricola-opt18-strips-p20,0,False,89,1152,2310,3619,2617,3907,22089,0,0,,,,0,,,166.0,166,166,0.4747,0.6192,0.008,0.0161,0.0,0.0,,0.4616,1.5971
agricola-sat18-strips-p01,0,False,84,1459,2877,4458,2000,4561,19878,0,0,,,,0,,,382.0,382,382,1.7401,8.7644,0.0082,0.0131,0.0,0.0,,0.3329,10.9089
agricola-sat18-strips-p02,0,False,91,1731,3406,5270,2265,5200,24229,0,0,,,,0,,,386.0,386,386,1.5191,6.8878,0.0127,0.0188,0.0,0.0,,0.3999,8.8979
agricola-sat18-strips-p03,0,False,98,1852,3672,5670,2704,5635,29602,0,0,,,,0,,,390.0,390,390,1.9138,12.8652,0.0191,0.0221,0.0,0.0,,0.7476,15.6385
agricola-sat18-strips-p04,0,False,101,2084,4116,6354,2848,6251,31056,0,0,,,,6548,,,576.0,754,576,1.9848,8.8313,0.0212,0.0188,0.0,0.0,,440.9378,451.868
agricola-sat18-strips-p05,0,False,104,2292,4556,7010,3356,6854,38870,0,0,,,,2650,,,580.0,758,580,2.2495,14.5689,0.0312,0.0256,0.0,0.0,,420.9206,437.8792
agricola-sat18-strips-p06,0,False,107,2463,4953,7586,3586,7376,41793,0,0,,,,0,,,402.0,402,402,6.6361,10.0654,0.027,0.025,0.0,0.0,,0.7572,17.6011
agricola-sat18-strips-p07,0,False,110,2654,5330,8162,3995,7899,48565,0,0,,,,31,,,586.0,586,586,2.5844,16.4484,0.0406,0.0296,0.0,0.0,,84.4814,103.6764
agricola-sat18-strips-p08,0,False,114,2853,5747,8786,4410,8482,55137,0,0,,,,41,,,590.0,590,590,2.8209,17.5258,0.0389,0.0323,0.0,0.0,,44.4313,64.9499
agricola-sat18-strips-p09,0,False,116,3332,6726,10252,4759,9668,62367,0,0,,,,31,,,594.0,594,594,2.9928,13.1645,0.0618,0.0353,0.0,0.0,,106.42,122.79
agricola-sat18-strips-p10,2,False,120,3271,6635,10108,5381,9740,73640,0,0,,,,31,,,418.0,598,598,3.2304,15.0001,0.049,0.0416,0.0,0.0,,881.5847,900.0246
agricola-sat18-strips-p11,0,False,55,636,1222,1963,1166,2201,8240,0,0,,,,3417,,,283.0,503,283,0.7799,0.2175,0.005,0.0091,0.0,0.0,,6.6578,7.6728
agricola-sat18-strips-p12,0,False,60,725,1402,2243,1346,2466,9648,0,0,,,,3220,,,287.0,507,287,0.2461,0.2615,0.0066,0.0073,0.0,0.0,,18.6182,19.148
agricola-sat18-strips-p13,0,False,68,802,1582,2513,1525,2758,11161,0,0,,,,0,,,276.0,330,276,0.2932,0.3243,0.0087,0.0083,0.0,0.0,,1.2458,1.8912
agricola-sat18-strips-p14,0,False,73,996,1974,3110,1968,3361,15358,0,0,,,,0,,,279.0,335,279,0.472,0.6789,0.015,0.0131,0.0,0.0,,1.7751,2.9731
agricola-sat18-strips-p15,0,False,75,1090,2167,3405,2248,3660,18652,0,0,,,,726,,,288.0,402,288,0.6797,0.8172,0.0154,0.0141,0.0,0.0,,9.8314,11.3783
agricola-sat18-strips-p16,0,False,78,1221,2421,3798,2508,4063,21362,0,0,,,,2877,,,297.0,526,297,0.5855,0.9235,0.0195,0.0146,0.0,0.0,,59.342,60.9071
agricola-sat18-strips-p17,0,False,82,1396,2800,4363,2921,4672,25579,0,0,,,,2380,,,415.0,591,415,0.8648,1.626,0.025,0.0162,0.0,0.0,,22.1592,24.7246
agricola-sat18-strips-p18,0,False,86,1501,3023,4699,3503,5025,35653,0,0,,,,1539,,,420.0,595,420,1.5207,2.0896,0.0332,0.0226,0.0,0.0,,42.859,46.5622
agricola-sat18-strips-p19,0,False,88,1604,3226,5013,3631,5369,34934,0,0,,,,1965,,,428.0,689,428,1.0319,2.0862,0.0311,0.0221,0.0,0.0,,26.5853,29.7952
agricola-sat18-strips-p20,0,False,91,1746,3512,5449,4033,5819,40302,0,0,,,,5445,,,433.0,783,433,1.1411,2.3272,0.0385,0.0229,0.0,0.0,,134.6492,138.2201
airport-p01-airport1-p1,0,True,0,3,27,62,38,91,40,0,0,,,,0,,,8.0,8,8,0.007,0.0001,0.0,0.0024,0.0,0.0,,0.0018,0.0113
airport-p02-airport1-p1,0,True,0,4,31,68,46,101,50,0,0,,,,0,,,9.0,9,9,0.0345,0.0001,0.0,0.0174,0.0,0.0,,0.0063,0.0583
airport-p03-airport1-p2,0,True,0,7,57,126,91,194,98,0,0,,,,0,,,17.0,17,17,0.009,0.0002,0.0,0.0047,0.0,0.0,,0.0023,0.0163
airport-p04-airport2-p1,0,True,0,7,65,150,101,226,108,0,0,,,,0,,,20.0,20,20,0.0079,0.0003,0.0,0.0024,0.0,0.0,,0.0021,0.0127
airport-p05-airport2-p1,0,True,1,10,71,160,179,303,206,0,0,,,,0,,,21.0,21,21,0.0087,0.0004,0.0001,0.002,0.0,0.0,,0.0024,0.0136
airport-p06-airport2-p2,0,True,1,17,136,305,281,527,313,0,0,,,,0,,,41.0,41,41,0.0069,0.0008,0.0002,0.0019,0.0,0.0,,0.0025,0.0124
airport-p07-airport2-p2,0,True,1,17,135,302,300,527,336,0,0,,,,0,,,41.0,41,41,0.0101,0.0008,0.0002,0.0033,0.0,0.0,,0.0031,0.0175
airport-p08-airport2-p3,0,True,2,27,206,444,494,814,613,0,0,,,,0,,,62.0,62,62,0.0214,0.0015,0.0004,0.0042,0.0,0.0,,0.0081,0.0356
airport-p09-airport2-p4,0,True,2,33,234,504,557,915,685,0,0,,,,0,,,71.0,71,71,0.0533,0.0021,0.0005,0.0102,0.0,0.0,,0.008,0.0742
airport-p10-airport3-p1,0,True,0,5,59,136,94,208,100,0,0,,,,0,,,18.0,18,18,0.0324,0.0003,0.0,0.0024,0.0,0.0,,0.0021,0.0373
airport-p11-airport3-p1,0,True,1,10,73,164,183,313,209,0,0,,,,0,,,21.0,21,21,0.4454,0.0004,0.0001,0.0579,0.0,0.0,,0.0398,0.5437
airport-p12-airport3-p2,0,True,1,15,132,297,292,521,329,0,0,,,,0,,,39.0,39,39,0.564,0.0009,0.0002,0.0069,0.0,0.0,,0.0031,0.5751
airport-p13-airport3-p2,0,True,1,13,123,276,264,481,292,0,0,,,,0,,,37.0,37,37,0.028,0.0008,0.0002,0.0023,0.0,0.0,,0.0025,0.0339
airport-p14-airport3-p3,0,True,2,25,205,443,489,818,608,0,0,,,,0,,,60.0,60,60,0.0076,0.0018,0.0004,0.0029,0.0,0.0,,0.0031,0.0158
airport-p15-airport3-p3,0,True,2,23,197,425,475,783,589,0,0,,,,0,,,58.0,58,58,0.0123,0.0017,0.0004,0.0064,0.0,0.0,,0.031,0.0519
airport-p16-airport3-p4,0,True,3,33,270,571,686,1080,882,0,0,,,,0,,,79.0,79,79,0.0211,0.0028,0.0008,0.0044,0.0,0.0,,0.0037,0.0328
airport-p17-airport3-p5,0,True,5,41,309,648,735,1195,962,0,0,,,,0,,,88.0,88,88,0.017,0.0037,0.0008,0.0036,0.0,0.0,,0.0037,0.0289
airport-p18-airport3-p6,0,True,6,49,376,780,926,1459,1238,0,0,,,,0,,,107.0,107,107,0.1572,0.0051,0.0012,0.0039,0.0,0.0,,0.0045,0.1721
airport-p19-airport3-p6,0,True,4,39,315,669,722,1189,907,0,0,,,,0,,,90.0,90,90,0.0126,0.0036,0.0009,0.0037,0.0,0.0,,0.0038,0.0247
airport-p20-airport3-p7,0,True,6,54,400,833,1006,1566,1347,0,0,,,,0,,,115.0,115,115,0.0293,0.0061,0.0014,0.0047,0.0,0.0,,0.0054,0.047
airport-p21-airport4halfMUC-p2,0,True,5,49,348,783,798,1391,919,0,0,,,,0,,,101.0,101,101,0.0228,0.0124,0.0015,0.0042,0.0,0.0,,0.0037,0.0448
airport-p22-airport4halfMUC-p3,0,True,5,53,495,1087,1118,1900,1278,0,0,,,,0,,,148.0,148,148,0.0342,0.0218,0.0026,0.0054,0.0,0.0,,0.0044,0.0687
airport-p23-airport4halfMUC-p4,0,True,16,73,597,1284,1161,2045,1352,0,0,,,,0,,,168.0,168,168,0.1376,0.0372,0.0026,0.0233,0.0,0.0,,0.007,0.208
airport-p24-airport4halfMUC-p4,0,True,8,75,556,1202,1404,2226,1804,0,0,,,,0,,,162.0,162,162,0.0608,0.0407,0.0036,0.0066,0.0,0.0,,0.0049,0.117
airport-p25-airport4halfMUC-p5,0,True,9,83,716,1525,1822,2798,2346,0,0,,,,0,,,212.0,212,212,0.0792,0.0572,0.0062,0.0089,0.0,0.0,,0.006,0.1578
airport-p26-airport4halfMUC-p6,0,True,19,91,771,1631,1668,2749,2081,0,0,,,,0,,,220.0,220,220,0.0988,0.0831,0.006,0.0076,0.0,0.0,,0.0054,0.2013
airport-p27-airport4halfMUC-p6,0,True,11,125,848,1799,2327,3440,3086,0,0,,,,0,,,246.0,246,246,0.1197,0.0877,0.0081,0.021,0.0,0.0,,0.0101,0.247
airport-p28-airport4halfMUC-p7,0,True,12,131,1003,2111,2683,4000,3551,0,0,,,,0,,,294.0,294,294,0.1526,0.1102,0.0129,0.0126,0.0,0.0,,0.0075,0.2964
airport-p29-airport4halfMUC-p8,0,True,23,145,1082,2260,2610,4044,3416,0,0,,,,0,,,308.0,308,308,0.4488,0.152,0.0158,0.0133,0.0,0.0,,0.0076,0.6381
airport-p30-airport4halfMUC-p8,0,True,14,155,1065,2230,2952,4313,4049,0,0,,,,0,,,310.0,310,310,0.4313,0.1495,0.0137,0.0129,0.0,0.0,,0.009,0.6171
airport-p31-airport4halfMUC-p9,0,True,14,161,1215,2537,3320,4869,4463,0,0,,,,0,,,358.0,358,358,0.2851,0.1812,0.0195,0.0175,0.0,0.0,,0.0098,0.5138
airport-p32-airport4halfMUC-p10,0,True,27,193,1375,2840,3571,5253,4843,0,0,,,,0,,,390.0,390,390,0.2722,0.2474,0.0253,0.021,0.0,0.0,,0.0104,0.5771
airport-p33-airport4halfMUC-p10,0,True,16,179,1337,2780,3760,5366,5142,0,0,,,,0,,,393.0,393,393,0.289,0.227,0.0237,0.0208,0.0,0.0,,0.0112,0.5724
airport-p34-airport4halfMUC-p11,0,True,28,213,1498,3086,3935,5759,5363,0,0,,,,0,,,427.0,427,427,0.3279,0.307,0.0308,0.0248,0.0,0.0,,0.0111,0.7024
airport-p35-airport4halfMUC-p12,0,True,43,258,1589,3248,4133,6017,5624,0,0,,,,0,,,433.0,433,433,0.3786,0.3845,0.036,0.0232,0.0,0.0,,0.0118,0.8351
airport-p36-airport5MUC-p2,0,True,328,635,967,2243,2273,3286,4309,0,0,,,,74,,,109.0,109,109,0.3279,0.0356,0.0068,0.0232,0.0,0.0,,0.1624,0.5562
airport-p37-airport5MUC-p3,0,True,566,1030,1400,3294,3895,5136,7926,0,0,,,,308,,,141.0,141,141,0.0915,0.0895,0.0156,0.0238,0.0,0.0,,0.3928,0.6135
airport-p38-airport5MUC-p3,0,True,521,980,1477,3373,3923,5165,7611,0,0,,,,637,,,154.0,154,154,0.0695,0.0805,0.0192,0.0172,0.0,0.0,,0.5366,0.7234
airport-p39-airport5MUC-p4,0,True,746,1362,1878,4391,5428,6879,11111,0,0,,,,771,,,208.0,208,208,0.1036,0.1551,0.0399,0.0238,0.0,0.0,,0.9349,1.2578
airport-p40-airport5MUC-p4,0,True,714,1325,1994,4506,5611,7035,11076,0,0,,,,0,,,190.0,190,190,0.0942,0.1412,0.0368,0.0271,0.0,0.0,,0.5104,0.8102
airport-p41-airport5MUC-p4,0,True,680,1292,1952,4387,5093,6588,9762,0,0,,,,0,,,178.0,178,178,0.0941,0.1263,0.0281,0.034,0.0,0.0,,0.5732,0.8562
airport-p42-airport5MUC-p5,0,True,894,1657,2512,5643,7333,8927,14675,0,0,,,,3651,,,257.0,257,257,0.1398,0.2184,0.0702,0.0408,0.0,0.0,,3.3362,3.806
airport-p43-airport5MUC-p5,0,True,873,1639,2480,5528,6924,8499,13561,0,0,,,,118,,,223.0,223,223,0.1854,0.2011,0.0536,0.0373,0.0,0.0,,0.9109,1.3889
airport-p44-airport5MUC-p5,0,True,828,1589,2488,5536,6614,8237,12460,0,0,,,,305,,,227.0,227,227,0.1142,0.1848,0.0418,0.0382,0.0,0.0,,0.5433,0.9227
airport-p45-airport5MUC-p6,0,True,987,1901,2917,6484,7676,9515,14723,0,0,,,,0,,,249.0,249,249,0.1674,0.2458,0.051,0.0555,0.0,0.0,,0.4769,0.9973
airport-p46-airport5MUC-p6,0,True,1053,1971,3012,6679,8721,10442,17121,0,0,,,,54,,,290.0,290,290,0.1828,0.2948,0.0971,0.0527,0.0,0.0,,1.0039,1.6319
airport-p47-airport5MUC-p8,0,True,1360,2580,4001,8800,11729,13463,23003,0,0,,,,0,,,355.0,355,355,0.5689,0.4689,0.1375,0.0803,0.0,0.0,,1.1697,2.426
airport-p48-airport5MUC-p9,0,True,1619,2987,4624,10126,14600,16279,29148,0,0,,,,23,,,423.0,423,423,0.4876,0.6729,0.2644,0.1049,0.0,0.0,,1.4081,2.9389
airport-p49-airport5MUC-p10,0,True,1733,3255,5107,11140,15929,17501,32313,0,0,,,,60,,,451.0,451,451,0.4149,0.7636,0.2885,0.1258,0.0,0.0,,1.5822,3.1762
airport-p50-airport5MUC-p15,0,True,2685,4967,7878,16957,26794,27535,58638,0,0,,,,23,,,685.0,685,685,0.9897,1.8587,0.866,0.2868,0.0,0.0,,2.7796,6.7823
assembly-prob01,-3,False,0,0,0,0,0,0,0,0,0,,,,0,,,0.0,1e+20,1e+20,0,0,0,0,0,0,,0,0
assembly-prob02,-3,False,0,0,0,0,0,0,0,0,0,,,,0,,,0.0,1e+20,1e+20,0,0,0,0,0,0,,0,0
assembly-prob03,-3,False,0,0,0,0,0,0,0,0,0,,,,0,,,0.0,1e+20,1e+20,0,0,0,0,0,0,,0,0
assembly-prob04,-3,False,0,0,0,0,0,0,0,0,0,,,,0,,,0.0,1e+20,1e+20,0,0,0,0,0,0,,0,0
assembly-prob05,-3,False,0,0,0,0,0,0,0,0,0,,,,0,,,0.0,1e+20,1e+20,0,0,0,0,0,0,,0,0
assembly-prob06,-3,False,0,0,0,0,0,0,0,0,0,,,,0,,,0.0,1e+20,1e+20,0,0,0,0,0,0,,0,0
assembly-prob07,-3,False,0,0,0,0,0,0,0,0,0,,,,0,,,0.0,1e+20,1e+20,0,0,0,0,0,0,,0,0
assembly-prob08,-3,False,0,0,0,0,0,0,0,0,0,,,,0,,,0.0,1e+20,1e+20,0,0,0,0,0,0,,0,0
assembly-prob09,-3,False,0,0,0,0,0,0,0,0,0,,,,0,,,0.0,1e+20,1e+20,0,0,0,0,0,0,,0,0
assembly-prob10,-3,False,0,0,0,0,0,0,0,0,0,,,,0,,,0.0,1e+20,1e+20,0,0,0,0,0,0,,0,0
assembly-prob11,-3,False,0,0,0,0,0,0,0,0,0,,,,0,,,0.0,1e+20,1e+20,0,0,0,0,0,0,,0,0
assembly-prob12,-3,False,0,0,0,0,0,0,0,0,0,,,,0,,,0.0,1e+20,1e+20,0,0,0,0,0,0,,0,0
assembly-prob13,-3,False,0,0,0,0,0,0,0,0,0,,,,0,,,0.0,1e+20,1e+20,0,0,0,0,0,0,,0,0
assembly-prob14,-3,False,0,0,0,0,0,0,0,0,0,,,,0,,,0.0,1e+20,1e+20,0,0,0,0,0,0,,0,0
assembly-prob15,-3,False,0,0,0,0,0,0,0,0,0,,,,0,,,0.0,1e+20,1e+20,0,0,0,0,0,0,,0,0
assembly-prob16,-3,False,0,0,0,0,0,0,0,0,0,,,,0,,,0.0,1e+20,1e+20,0,0,0,0,0,0,,0,0
assembly-prob17,-3,False,0,0,0,0,0,0,0,0,0,,,,0,,,0.0,1e+20,1e+20,0,0,0,0,0,0,,0,0
assembly-prob18,-3,False,0,0,0,0,0,0,0,0,0,,,,0,,,0.0,1e+20,1e+20,0,0,0,0,0,0,,0,0
assembly-prob19,-3,False,0,0,0,0,0,0,0,0,0,,,,0,,,0.0,1e+20,1e+20,0,0,0,0,0,0,,0,0
assembly-prob20,-3,False,0,0,0,0,0,0,0,0,0,,,,0,,,0.0,1e+20,1e+20,0,0,0,0,0,0,,0,0
assembly-prob21,-3,False,0,0,0,0,0,0,0,0,0,,,,0,,,0.0,1e+20,1e+20,0,0,0,0,0,0,,0,0
assembly-prob22,-3,False,0,0,0,0,0,0,0,0,0,,,,0,,,0.0,1e+20,1e+20,0,0,0,0,0,0,,0,0
assembly-prob23,-3,False,0,0,0,0,0,0,0,0,0,,,,0,,,0.0,1e+20,1e+20,0,0,0,0,0,0,,0,0
assembly-prob24,-3,False,0,0,0,0,0,0,0,0,0,,,,0,,,0.0,1e+20,1e+20,0,0,0,0,0,0,,0,0
assembly-prob25,-3,False,0,0,0,0,0,0,0,0,0,,,,0,,,0.0,1e+20,1e+20,0,0,0,0,0,0,,0,0
assembly-prob26,-3,False,0,0,0,0,0,0,0,0,0,,,,0,,,0.0,1e+20,1e+20,0,0,0,0,0,0,,0,0
assembly-prob27,-3,False,0,0,0,0,0,0,0,0,0,,,,0,,,0.0,1e+20,1e+20,0,0,0,0,0,0,,0,0
assembly-prob28,-3,False,0,0,0,0,0,0,0,0,0,,,,0,,,0.0,1e+20,1e+20,0,0,0,0,0,0,,0,0
assembly-prob29,-3,False,0,0,0,0,0,0,0,0,0,,,,0,,,0.0,1e+20,1e+20,0,0,0,0,0,0,,0,0
assembly-prob30,-3,False,0,0,0,0,0,0,0,0,0,,,,0,,,0.0,1e+20,1e+20,0,0,0,0,0,0,,0,0
barman-mco14-strips-p1-11-5-15,0,True,105,676,2054,2899,1813,3952,8116,0,0,,,,0,,,36.0,36,36,0.0329,0.0144,0.0023,0.0092,0.0,0.0,,0.1541,0.2131
barman-mco14-strips-p1-11-5-16,0,True,115,726,2210,3118,1956,4256,8781,0,0,,,,0,,,38.0,38,38,0.0425,0.0166,0.0026,0.0128,0.0,0.0,,0.1979,0.2726
barman-mco14-strips-p1-8-4-10,0,True,62,374,1112,1593,1057,2207,4286,0,0,,,,0,,,26.0,26,26,1.8742,0.0053,0.0009,0.0084,0.0,0.0,,0.0832,1.9721
barman-mco14-strips-p2-10-4-13,0,True,80,486,1456,2078,1365,2881,5581,0,0,,,,0,,,31.0,31,31,0.0405,0.0089,0.0013,0.0118,0.0,0.0,,0.0984,0.1611
barman-mco14-strips-p2-11-4-15,0,True,92,560,1684,2399,1567,3327,6459,0,0,,,,0,,,34.0,34,34,0.0283,0.0119,0.002,0.007,0.0,0.0,,0.1166,0.166
barman-mco14-strips-p2-11-5-15,0,True,108,682,2072,2926,1839,3994,8266,0,0,,,,0,,,37.0,37,37,0.0384,0.0144,0.0024,0.0083,0.0,0.0,,0.1616,0.2253
barman-mco14-strips-p2-11-5-16,0,True,114,724,2204,3109,1947,4242,8754,0,0,,,,0,,,37.0,37,37,0.0306,0.0166,0.0026,0.0084,0.0,0.0,,0.1651,0.2235
barman-mco14-strips-p2-11-5-17,0,True,119,764,2330,3283,2044,4476,9212,0,0,,,,0,,,38.0,38,38,0.0341,0.018,0.0028,0.0105,0.0,0.0,,0.2609,0.3266
barman-mco14-strips-p3-10-4-13,0,True,80,486,1456,2078,1363,2881,5582,0,0,,,,0,,,31.0,31,31,0.0452,0.0091,0.0015,0.0067,0.0,0.0,,0.0983,0.161
barman-mco14-strips-p3-11-4-15,0,True,92,560,1684,2399,1566,3327,6472,0,0,,,,0,,,34.0,34,34,0.0243,0.0119,0.002,0.0064,0.0,0.0,,0.1186,0.1635
barman-mco14-strips-p3-11-5-15,0,True,105,676,2054,2899,1813,3952,8156,0,0,,,,0,,,36.0,36,36,0.0344,0.0144,0.0022,0.0147,0.0,0.0,,0.1562,0.2221
barman-mco14-strips-p3-11-5-16,0,True,115,726,2210,3118,1955,4256,8776,0,0,,,,0,,,38.0,38,38,0.0337,0.0162,0.0029,0.0091,0.0,0.0,,0.1674,0.2297
barman-mco14-strips-p3-11-5-17,0,True,121,768,2342,3301,2063,4504,9346,0,0,,,,0,,,38.0,38,38,0.0338,0.0179,0.0029,0.009,0.0,0.0,,0.1821,0.246
barman-mco14-strips-p4-11-4-14,0,True,86,524,1572,2242,1467,3109,6034,0,0,,,,0,,,33.0,33,33,0.0326,0.0108,0.0016,0.01,0.0,0.0,,0.1119,0.1671
barman-mco14-strips-p4-11-4-15,0,True,91,558,1678,2390,1558,3313,6440,0,0,,,,0,,,34.0,34,34,0.0477,0.0119,0.0018,0.0092,0.0,0.0,,0.1194,0.1903
barman-mco14-strips-p4-11-5-15,0,True,107,680,2066,2917,1831,3980,8190,0,0,,,,0,,,36.0,36,36,0.0294,0.0144,0.0023,0.0118,0.0,0.0,,0.1502,0.2084
barman-mco14-strips-p5-10-4-13,0,True,80,486,1456,2078,1363,2881,5558,0,0,,,,0,,,31.0,31,31,0.0316,0.0092,0.0013,0.0089,0.0,0.0,,0.0994,0.1506
barman-mco14-strips-p5-11-4-15,0,True,91,558,1678,2390,1557,3313,6404,0,0,,,,0,,,34.0,34,34,0.0546,0.0119,0.0017,0.0102,0.0,0.0,,0.1186,0.1973
barman-mco14-strips-p5-11-5-15,0,True,106,678,2060,2908,1822,3966,8150,0,0,,,,0,,,36.0,36,36,0.0285,0.0145,0.0023,0.0076,0.0,0.0,,0.1554,0.2085
barman-mco14-strips-p5-11-5-16,0,True,114,724,2204,3109,1947,4242,8739,0,0,,,,0,,,37.0,37,37,0.031,0.016,0.0026,0.0079,0.0,0.0,,0.1752,0.2329
barman-opt11-strips-pfile01-001,0,False,23,118,330,492,381,694,1262,0,0,,,,0,,,41.0,41,41,0.0075,0.0008,0.0002,0.0028,0.0,0.0,,0.0602,0.0715
barman-opt11-strips-pfile01-002,0,False,23,118,330,492,370,694,1216,0,0,,,,0,,,41.0,41,41,0.0082,0.0008,0.0002,0.0034,0.0,0.0,,0.0598,0.0724
barman-opt11-strips-pfile01-003,0,False,23,118,330,492,370,694,1222,0,0,,,,0,,,41.0,41,41,0.007,0.0008,0.0002,0.0042,0.0,0.0,,0.0602,0.0725
barman-opt11-strips-pfile01-004,0,False,23,118,330,492,370,694,1222,0,0,,,,0,,,41.0,41,41,0.0085,0.0008,0.0002,0.0058,0.0,0.0,,0.0618,0.0772
barman-opt11-strips-pfile02-005,0,False,28,148,420,621,457,878,1544,0,0,,,,0,,,43.0,43,43,0.0216,0.0011,0.0003,0.005,0.0,0.0,,0.1001,0.1281
barman-opt11-strips-pfile02-006,0,False,28,148,420,621,457,878,1557,0,0,,,,0,,,43.0,43,43,0.0071,0.0011,0.0003,0.0027,0.0,0.0,,0.078,0.0892
barman-opt11-strips-pfile02-007,0,False,28,148,420,621,457,878,1550,0,0,,,,274,,,43.0,43,43,1.4161,0.0011,0.0002,0.0044,0.0,0.0,,0.1183,1.5402
barman-opt11-strips-pfile02-008,0,False,28,148,420,621,457,878,1550,0,0,,,,0,,,43.0,43,43,0.0083,0.0012,0.0003,0.0028,0.0,0.0,,0.0766,0.0892
barman-opt11-strips-pfile03-009,0,False,33,178,510,750,544,1062,1879,0,0,,,,0,,,45.0,45,45,0.0099,0.0016,0.0003,0.003,0.0,0.0,,0.1318,0.1466
barman-opt11-strips-pfile03-010,0,False,33,178,510,750,544,1062,1882,0,0,,,,0,,,45.0,45,45,0.0192,0.0016,0.0003,0.0054,0.0,0.0,,0.1112,0.1378
barman-opt11-strips-pfile03-011,0,False,33,178,510,750,544,1062,1882,0,0,,,,0,,,45.0,45,45,0.0301,0.0016,0.0003,0.0051,0.0,0.0,,0.1183,0.1555
barman-opt11-strips-pfile03-012,0,False,33,178,510,750,544,1062,1882,0,0,,,,0,,,45.0,45,45,0.01,0.0016,0.0004,0.0039,0.0,0.0,,0.1008,0.1167
barman-opt11-strips-pfile04-013,0,False,42,234,680,992,704,1406,2495,0,0,,,,0,,,47.0,47,47,0.0123,0.0025,0.0005,0.0033,0.0,0.0,,0.1668,0.1855
barman-opt11-strips-pfile04-014,0,False,43,236,686,1001,713,1420,2542,0,0,,,,155,,,48.0,48,48,0.0126,0.0025,0.0006,0.0037,0.0,0.0,,0.2545,0.274
barman-opt11-strips-pfile04-015,0,False,42,234,680,992,704,1406,2509,0,0,,,,764,,,47.0,47,47,0.0122,0.0025,0.0005,0.0035,0.0,0.0,,0.3066,0.3253
barman-opt11-strips-pfile04-016,0,False,42,234,680,992,704,1406,2495,0,0,,,,0,,,47.0,47,47,0.0221,0.0025,0.0005,0.0065,0.0,0.0,,0.1764,0.2081
barman-opt11-strips-pfile05-017,0,False,48,266,776,1130,801,1604,2884,0,0,,,,426,,,50.0,50,50,0.0181,0.0032,0.0006,0.0075,0.0,0.0,,0.3861,0.4157
barman-opt11-strips-pfile05-018,0,False,48,266,776,1130,799,1604,2879,0,0,,,,81,,,50.0,50,50,0.014,0.0032,0.0006,0.004,0.0,0.0,,0.2425,0.2644
barman-opt11-strips-pfile05-019,0,False,48,266,776,1130,801,1604,2889,0,0,,,,231,,,50.0,50,50,0.0127,0.0032,0.0007,0.0035,0.0,0.0,,0.3827,0.4029
barman-opt11-strips-pfile05-020,0,False,48,266,776,1130,800,1604,2891,0,0,,,,101,,,50.0,50,50,0.0188,0.0032,0.0006,0.0038,0.0,0.0,,0.2668,0.2932
barman-opt14-strips-p435-1,0,True,28,148,420,621,457,878,1550,0,0,,,,0,,,16.0,16,16,0.0814,0.0011,0.0002,0.0062,0.0,0.0,,0.0362,0.1252
barman-opt14-strips-p435-2,0,True,28,148,420,621,457,878,1550,0,0,,,,0,,,16.0,16,16,0.0134,0.0011,0.0002,0.0043,0.0,0.0,,0.0315,0.0507
barman-opt14-strips-p435-3,0,True,28,148,420,621,457,878,1557,0,0,,,,0,,,16.0,16,16,0.0103,0.0011,0.0002,0.0037,0.0,0.0,,0.0309,0.0463
barman-opt14-strips-p536-1,0,True,33,178,510,750,544,1062,1879,0,0,,,,0,,,18.0,18,18,0.0091,0.0016,0.0003,0.0028,0.0,0.0,,0.0387,0.0525
barman-opt14-strips-p536-2,0,True,33,178,510,750,545,1062,1897,0,0,,,,0,,,18.0,18,18,0.0116,0.0016,0.0003,0.0036,0.0,0.0,,0.0388,0.0559
barman-opt14-strips-p536-3,0,True,33,178,510,750,544,1062,1879,0,0,,,,0,,,18.0,18,18,0.015,0.0016,0.0003,0.0038,0.0,0.0,,0.0395,0.0602
barman-opt14-strips-p638-1,0,True,42,234,680,992,704,1406,2509,0,0,,,,0,,,20.0,20,20,0.0225,0.0025,0.0004,0.0074,0.0,0.0,,0.0486,0.0815
barman-opt14-strips-p638-2,0,True,43,236,686,1001,713,1420,2518,0,0,,,,0,,,21.0,21,21,0.0134,0.0025,0.0005,0.0048,0.0,0.0,,0.0512,0.0724
barman-opt14-strips-p638-3,0,True,43,236,686,1001,713,1420,2542,0,0,,,,0,,,21.0,21,21,0.0138,0.0025,0.0004,0.0061,0.0,0.0,,0.0501,0.073
barman-opt14-strips-p739-1,0,True,47,264,770,1121,791,1590,2833,0,0,,,,0,,,22.0,22,22,0.0316,0.0032,0.0005,0.0041,0.0,0.0,,0.0557,0.0952
barman-opt14-strips-p739-2,0,True,47,264,770,1121,791,1590,2833,0,0,,,,0,,,22.0,22,22,0.0139,0.0032,0.0005,0.0039,0.0,0.0,,0.0555,0.0771
barman-opt14-strips-p739-3,0,True,47,264,770,1121,791,1590,2833,0,0,,,,0,,,22.0,22,22,0.018,0.0034,0.0005,0.0043,0.0,0.0,,0.0554,0.0816
barman-opt14-strips-p839-1,0,True,48,268,780,1137,805,1614,2893,0,0,,,,0,,,24.0,24,24,0.0143,0.0035,0.0005,0.0044,0.0,0.0,,0.057,0.0798
barman-opt14-strips-p839-2,0,True,48,268,780,1137,805,1614,2893,0,0,,,,0,,,24.0,24,24,0.0245,0.0035,0.0005,0.0526,0.0,0.0,,0.1173,0.1984
barman-sat11-strips-pfile06-021,0,False,62,374,1112,1593,1057,2207,4271,0,0,,,,3641,,,62.0,62,62,0.015,0.0051,0.0009,0.0045,0.0,0.0,,1.6775,1.7032
barman-sat11-strips-pfile06-022,0,False,63,376,1118,1602,1065,2221,4296,0,0,,,,1451,,,63.0,63,63,0.0173,0.0051,0.001,0.0066,0.0,0.0,,1.0203,1.0504
barman-sat11-strips-pfile06-023,0,False,63,374,1112,1593,1057,2206,4268,0,0,,,,474,,,51.0,51,51,0.0167,0.0051,0.001,0.0047,0.0,0.0,,0.6117,0.6394
barman-sat11-strips-pfile06-024,0,False,62,374,1112,1593,1057,2207,4268,0,0,,,,3202,,,62.0,62,62,0.0148,0.0054,0.0011,0.0047,0.0,0.0,,1.1687,1.1948
barman-sat11-strips-pfile07-025,0,False,69,414,1234,1766,1169,2449,4738,0,0,,,,1002,,,65.0,65,65,0.0232,0.0063,0.0013,0.0056,0.0,0.0,,0.8248,0.8614
barman-sat11-strips-pfile07-026,0,False,68,412,1228,1757,1160,2435,4753,0,0,,,,3458,,,64.0,64,64,0.0169,0.0063,0.0012,0.0053,0.0,0.0,,1.4423,1.4721
barman-sat11-strips-pfile07-027,0,False,68,412,1228,1757,1161,2435,4679,0,0,,,,720,,,64.0,64,64,0.0217,0.0064,0.0011,0.0055,0.0,0.0,,0.7115,0.7464
barman-sat11-strips-pfile07-028,0,False,69,414,1234,1766,1169,2449,4744,0,0,,,,2374,,,65.0,65,65,0.0196,0.0063,0.0012,0.0056,0.0,0.0,,1.2781,1.3109
barman-sat11-strips-pfile08-029,0,False,80,486,1456,2078,1363,2881,5552,0,0,,,,3688,,,67.0,67,67,0.0208,0.0092,0.0016,0.0057,0.0,0.0,,2.173,2.2103
barman-sat11-strips-pfile08-030,0,False,81,488,1462,2087,1373,2895,5682,0,0,,,,2557,,,68.0,68,68,0.0286,0.0092,0.0016,0.0088,0.0,0.0,,1.4585,1.507
barman-sat11-strips-pfile08-031,0,False,80,486,1456,2078,1363,2881,5566,0,0,,,,3208,,,67.0,67,67,0.0217,0.0091,0.0017,0.0061,0.0,0.0,,1.8119,1.8508
barman-sat11-strips-pfile08-032,0,False,80,486,1456,2078,1364,2881,5558,0,0,,,,4215,,,67.0,67,67,0.0275,0.0089,0.0018,0.0198,0.0,0.0,,1.8345,1.8927
barman-sat11-strips-pfile09-033,0,False,85,522,1566,2233,1458,3095,5973,0,0,,,,4762,,,69.0,69,69,0.0226,0.0105,0.0019,0.006,0.0,0.0,,3.6584,3.6997
barman-sat11-strips-pfile09-034,0,False,86,524,1572,2242,1467,3109,6026,0,0,,,,6325,,,69.0,69,69,0.0681,0.0107,0.002,0.0089,0.0,0.0,,2.77,2.8599
barman-sat11-strips-pfile09-035,0,False,85,522,1566,2233,1458,3095,6010,0,0,,,,5933,,,69.0,69,69,0.0464,0.0105,0.002,0.0126,0.0,0.0,,2.5968,2.6686
barman-sat11-strips-pfile09-036,0,False,85,522,1566,2233,1459,3095,5973,0,0,,,,3612,,,69.0,69,69,0.048,0.0104,0.002,0.0087,0.0,0.0,,2.6564,2.7258
barman-sat11-strips-pfile10-037,0,False,91,558,1678,2390,1557,3313,6438,0,0,,,,5603,,,70.0,70,70,0.0288,0.0119,0.0021,0.0077,0.0,0.0,,4.6399,4.6906
barman-sat11-strips-pfile10-038,0,False,92,560,1684,2399,1566,3327,6454,0,0,,,,4392,,,70.0,70,70,0.0273,0.0121,0.0023,0.0081,0.0,0.0,,2.3776,2.4275
barman-sat11-strips-pfile10-039,0,False,90,556,1672,2381,1549,3299,6356,0,0,,,,3635,,,70.0,70,70,0.0317,0.0119,0.0023,0.0085,0.0,0.0,,2.8532,2.9078
barman-sat11-strips-pfile10-040,0,False,93,562,1690,2408,1575,3341,6500,0,0,,,,2202,,,71.0,71,71,0.0297,0.0118,0.0022,0.0086,0.0,0.0,,1.6687,1.7212
barman-sat14-strips-p1-11-4-15,0,True,91,558,1678,2390,1558,3313,6451,0,0,,,,0,,,34.0,34,34,0.0289,0.0122,0.0018,0.0084,0.0,0.0,,0.1178,0.1692
barman-sat14-strips-p1-11-5-15,0,True,105,676,2054,2899,1813,3952,8116,0,0,,,,0,,,36.0,36,36,0.032,0.0145,0.0025,0.0096,0.0,0.0,,0.153,0.2117
barman-sat14-strips-p1-11-5-16,0,True,115,726,2210,3118,1956,4256,8781,0,0,,,,0,,,38.0,38,38,3.4687,0.0162,0.0029,0.0564,0.0,0.0,,0.2015,3.7459
barman-sat14-strips-p2-10-4-13,0,True,80,486,1456,2078,1365,2881,5581,0,0,,,,0,,,31.0,31,31,0.0214,0.0089,0.0015,0.0063,0.0,0.0,,0.098,0.1363
barman-sat14-strips-p2-11-4-15,0,True,92,560,1684,2399,1567,3327,6459,0,0,,,,0,,,34.0,34,34,0.0255,0.0122,0.002,0.0102,0.0,0.0,,0.1174,0.1675
barman-sat14-strips-p2-11-5-15,0,True,108,682,2072,2926,1839,3994,8266,0,0,,,,0,,,37.0,37,37,0.0482,0.0144,0.0024,0.0078,0.0,0.0,,0.1626,0.2357
barman-sat14-strips-p2-11-5-16,0,True,114,724,2204,3109,1947,4242,8754,0,0,,,,0,,,37.0,37,37,0.0305,0.0164,0.0028,0.0084,0.0,0.0,,0.1655,0.2237
barman-sat14-strips-p2-11-5-17,0,True,119,764,2330,3283,2044,4476,9212,0,0,,,,0,,,38.0,38,38,0.0525,0.018,0.0028,0.0088,0.0,0.0,,0.1855,0.2679
barman-sat14-strips-p3-10-4-13,0,True,80,486,1456,2078,1363,2881,5582,0,0,,,,0,,,31.0,31,31,0.0216,0.0088,0.0013,0.0071,0.0,0.0,,0.0981,0.137
barman-sat14-strips-p3-11-4-15,0,True,92,560,1684,2399,1566,3327,6472,0,0,,,,0,,,34.0,34,34,0.0427,0.012,0.002,0.0082,0.0,0.0,,0.1185,0.1835
barman-sat14-strips-p3-11-5-15,0,True,105,676,2054,2899,1813,3952,8156,0,0,,,,0,,,36.0,36,36,0.0485,0.0144,0.0025,0.0088,0.0,0.0,,0.1576,0.232
barman-sat14-strips-p3-11-5-16,0,True,115,726,2210,3118,1955,4256,8776,0,0,,,,0,,,38.0,38,38,0.0501,0.0167,0.0026,0.0101,0.0,0.0,,0.1668,0.2466
barman-sat14-strips-p3-11-5-17,0,True,121,768,2342,3301,2063,4504,9346,0,0,,,,0,,,38.0,38,38,0.0347,0.018,0.0032,0.0096,0.0,0.0,,0.182,0.2477
barman-sat14-strips-p4-11-4-14,0,True,86,524,1572,2242,1467,3109,6034,0,0,,,,0,,,33.0,33,33,0.0312,0.0106,0.0016,0.007,0.0,0.0,,0.11,0.1605
barman-sat14-strips-p4-11-4-15,0,True,91,558,1678,2390,1558,3313,6440,0,0,,,,0,,,34.0,34,34,0.0259,0.0119,0.0019,0.0072,0.0,0.0,,0.1188,0.1659
barman-sat14-strips-p4-11-5-15,0,True,107,680,2066,2917,1831,3980,8190,0,0,,,,0,,,36.0,36,36,0.0448,0.0144,0.0025,0.0094,0.0,0.0,,0.1492,0.2204
barman-sat14-strips-p5-10-4-13,0,True,80,486,1456,2078,1363,2881,5558,0,0,,,,0,,,31.0,31,31,0.0265,0.0093,0.0015,0.0066,0.0,0.0,,0.0982,0.1423
barman-sat14-strips-p5-11-4-15,0,True,91,558,1678,2390,1557,3313,6404,0,0,,,,0,,,34.0,34,34,0.0272,0.0118,0.0019,0.0076,0.0,0.0,,0.1202,0.1689
barman-sat14-strips-p5-11-5-15,0,True,106,678,2060,2908,1822,3966,8150,0,0,,,,0,,,36.0,36,36,0.0556,0.0145,0.0025,0.0133,0.0,0.0,,0.157,0.2431
barman-sat14-strips-p5-11-5-16,0,True,114,724,2204,3109,1947,4242,8739,0,0,,,,0,,,37.0,37,37,0.0534,0.016,0.0028,0.009,0.0,0.0,,0.1759,0.2573
blocks-probBLOCKS-10-0,0,True,0,9,31,78,34,91,34,0,0,,,,0,,,18.0,18,18,0.0076,0.0003,0.0,0.003,0.0,0.0,,0.0019,0.013
blocks-probBLOCKS-10-1,0,True,0,10,31,80,35,92,35,0,0,,,,0,,,19.0,19,19,0.0094,0.0004,0.0,0.0015,0.0,0.0,,0.0019,0.0132
blocks-probBLOCKS-10-2,0,True,0,10,32,81,37,94,37,0,0,,,,0,,,19.0,19,19,0.0059,0.0004,0.0,0.0033,0.0,0.0,,0.0027,0.0123
blocks-probBLOCKS-11-0,0,True,0,11,36,86,31,96,31,0,0,,,,0,,,19.0,19,19,0.0067,0.0004,0.0,0.0035,0.0,0.0,,0.0029,0.0137
blocks-probBLOCKS-11-1,0,True,0,11,40,94,34,103,34,0,0,,,,0,,,21.0,21,21,0.0054,0.0004,0.0,0.0014,0.0,0.0,,0.0019,0.0093
blocks-probBLOCKS-11-2,0,True,0,11,32,82,33,94,33,0,0,,,,0,,,19.0,19,19,0.0127,0.0005,0.0,0.0102,0.0,0.0,,0.004,0.0274
blocks-probBLOCKS-12-0,0,True,0,12,39,96,38,109,38,0,0,,,,0,,,22.0,22,22,0.0323,0.0006,0.0,0.0032,0.0,0.0,,0.0025,0.0387
blocks-probBLOCKS-12-1,0,True,0,11,37,94,44,110,44,0,0,,,,0,,,22.0,22,22,0.0065,0.0006,0.0,0.0015,0.0,0.0,,0.0019,0.0106
blocks-probBLOCKS-13-0,0,True,0,12,41,103,42,118,43,0,0,,,,0,,,24.0,24,24,0.009,0.0007,0.0,0.0028,0.0,0.0,,0.0019,0.0145
blocks-probBLOCKS-13-1,0,True,0,13,41,105,51,123,51,0,0,,,,0,,,25.0,25,25,0.0101,0.0007,0.0001,0.0029,0.0,0.0,,0.0032,0.017
blocks-probBLOCKS-14-0,0,True,0,14,44,109,48,125,48,0,0,,,,0,,,25.0,25,25,0.0292,0.0008,0.0001,0.0103,0.0,0.0,,0.0041,0.0445
blocks-probBLOCKS-14-1,0,True,0,14,50,119,40,131,40,0,0,,,,0,,,27.0,27,27,0.0309,0.0009,0.0001,0.0022,0.0,0.0,,0.0024,0.0365
blocks-probBLOCKS-15-0,0,True,0,15,52,124,41,136,41,0,0,,,,0,,,28.0,28,28,0.0105,0.001,0.0001,0.0026,0.0,0.0,,0.0019,0.0161
blocks-probBLOCKS-15-1,0,True,0,15,46,118,56,139,56,0,0,,,,0,,,28.0,28,28,0.0083,0.0011,0.0001,0.0026,0.0,0.0,,0.0019,0.014
blocks-probBLOCKS-16-1,0,True,0,16,52,131,58,152,58,0,0,,,,0,,,31.0,31,31,0.009,0.0012,0.0001,0.0017,0.0,0.0,,0.002,0.0142
blocks-probBLOCKS-16-2,0,True,0,15,47,120,52,142,52,0,0,,,,0,,,28.0,28,28,0.0091,0.0013,0.0001,0.003,0.0,0.0,,0.0025,0.016
blocks-probBLOCKS-17-0,0,True,0,17,59,143,54,162,54,0,0,,,,0,,,33.0,33,33,0.0096,0.0015,0.0001,0.0019,0.0,0.0,,0.002,0.0151
blocks-probBLOCKS-4-0,0,True,0,3,15,32,6,32,6,0,0,,,,0,,,6.0,6,6,0.0053,0.0001,0.0,0.0021,0.0,0.0,,0.0018,0.0093
blocks-probBLOCKS-4-1,0,True,0,4,11,28,10,30,10,0,0,,,,0,,,6.0,6,6,0.0063,0.0001,0.0,0.0063,0.0,0.0,,0.0035,0.0162
blocks-probBLOCKS-4-2,0,True,0,3,12,29,6,29,6,0,0,,,,0,,,6.0,6,6,0.0086,0.0001,0.0,0.0025,0.0,0.0,,0.0019,0.013
blocks-probBLOCKS-5-0,0,True,0,5,17,39,11,42,11,0,0,,,,0,,,8.0,8,8,0.0058,0.0001,0.0,0.0016,0.0,0.0,,0.0017,0.0092
blocks-probBLOCKS-5-1,0,True,0,4,16,36,9,38,9,0,0,,,,0,,,7.0,7,7,0.0059,0.0001,0.0,0.0017,0.0,0.0,,0.0018,0.0095
blocks-probBLOCKS-5-2,0,True,0,5,15,39,19,45,19,0,0,,,,0,,,9.0,9,9,0.0079,0.0001,0.0,0.0023,0.0,0.0,,0.0023,0.0127
blocks-probBLOCKS-6-0,0,True,0,6,20,49,15,53,15,0,0,,,,0,,,11.0,11,11,0.0158,0.0001,0.0,0.0151,0.0,0.0,,0.0031,0.0342
blocks-probBLOCKS-6-1,0,True,0,5,23,50,11,51,11,0,0,,,,0,,,10.0,10,10,0.0056,0.0001,0.0,0.0019,0.0,0.0,,0.0018,0.0095
blocks-probBLOCKS-6-2,0,True,0,6,18,47,20,54,20,0,0,,,,0,,,11.0,11,11,0.0261,0.0001,0.0,0.0041,0.0,0.0,,0.0022,0.0326
blocks-probBLOCKS-7-0,0,True,0,7,21,55,26,64,26,0,0,,,,0,,,13.0,13,13,0.0107,0.0002,0.0,0.0023,0.0,0.0,,0.0031,0.0164
blocks-probBLOCKS-7-1,0,True,0,7,22,54,19,60,19,0,0,,,,0,,,12.0,12,12,0.0261,0.0002,0.0,0.002,0.0,0.0,,0.0019,0.0302
blocks-probBLOCKS-7-2,0,True,0,7,21,53,16,57,16,0,0,,,,0,,,12.0,12,12,0.0062,0.0002,0.0,0.0023,0.0,0.0,,0.0027,0.0113
blocks-probBLOCKS-8-0,0,True,0,7,26,61,19,66,19,0,0,,,,0,,,13.0,13,13,0.0059,0.0002,0.0,0.0021,0.0,0.0,,0.0018,0.01
blocks-probBLOCKS-8-1,0,True,0,8,29,64,17,67,17,0,0,,,,0,,,13.0,13,13,0.0113,0.0002,0.0,0.0028,0.0,0.0,,0.0024,0.0168
blocks-probBLOCKS-8-2,0,True,0,7,29,66,19,71,19,0,0,,,,0,,,14.0,14,14,0.028,0.0002,0.0,0.002,0.0,0.0,,0.0019,0.0321
blocks-probBLOCKS-9-0,0,True,0,9,28,70,31,80,31,0,0,,,,0,,,16.0,16,16,0.0211,0.0003,0.0,0.0046,0.0,0.0,,0.0023,0.0284
blocks-probBLOCKS-9-1,0,True,0,9,26,68,34,80,34,0,0,,,,0,,,16.0,16,16,0.0074,0.0003,0.0,0.0022,0.0,0.0,,0.0021,0.012
blocks-probBLOCKS-9-2,0,True,0,9,28,72,29,83,29,0,0,,,,0,,,17.0,17,17,0.0098,0.0003,0.0,0.0031,0.0,0.0,,0.0022,0.0156
childsnack-opt14-strips-child-snack_pfile01,0,True,38,126,134,304,140,318,240,0,0,,,,0,,,10.0,10,10,0.0104,0.0007,0.0001,0.002,0.0,0.0,,0.0072,0.0205
childsnack-opt14-strips-child-snack_pfile01-2,0,True,38,126,134,304,140,318,240,0,0,,,,0,,,11.0,11,11,0.0065,0.0007,0.0001,0.0016,0.0,0.0,,0.0068,0.0158
childsnack-opt14-strips-child-snack_pfile02,0,True,46,176,186,415,194,433,340,0,0,,,,0,,,11.0,11,11,0.0169,0.0012,0.0001,0.0025,0.0,0.0,,0.0085,0.0293
childsnack-opt14-strips-child-snack_pfile02-2,0,True,46,176,186,415,194,433,340,0,0,,,,0,,,12.0,12,12,0.0268,0.0012,0.0001,0.0039,0.0,0.0,,0.0095,0.0416
childsnack-opt14-strips-child-snack_pfile03,0,True,50,215,226,499,247,531,440,0,0,,,,0,,,13.0,13,13,0.0209,0.0017,0.0001,0.0034,0.0,0.0,,0.0127,0.039
childsnack-opt14-strips-child-snack_pfile03-2,0,True,50,215,226,499,247,531,440,0,0,,,,0,,,13.0,13,13,0.012,0.0017,0.0001,0.0041,0.0,0.0,,0.0106,0.0286
childsnack-opt14-strips-child-snack_pfile04,0,True,69,381,393,852,423,894,792,0,0,,,,0,,,14.0,14,14,0.0138,0.0029,0.0002,0.0027,0.0,0.0,,0.0161,0.0358
childsnack-opt14-strips-child-snack_pfile04-2,0,True,69,381,393,852,423,894,792,0,0,,,,0,,,14.0,14,14,0.0343,0.003,0.0002,0.0026,0.0,0.0,,0.0171,0.0574
childsnack-opt14-strips-child-snack_pfile05,0,True,74,451,464,999,511,1059,975,0,0,,,,0,,,15.0,15,15,0.0353,0.0041,0.0002,0.0028,0.0,0.0,,0.0191,0.0617
childsnack-opt14-strips-child-snack_pfile05-2,0,True,74,451,464,999,511,1059,975,0,0,,,,0,,,15.0,15,15,0.0148,0.0041,0.0002,0.003,0.0,0.0,,0.0172,0.0395
childsnack-opt14-strips-child-snack_pfile06,0,True,84,564,579,1238,633,1307,1215,0,0,,,,0,,,16.0,16,16,0.0178,0.0058,0.0003,0.0045,0.0,0.0,,0.0237,0.0524
childsnack-opt14-strips-child-snack_pfile06-2,0,True,84,564,579,1238,633,1307,1215,0,0,,,,0,,,16.0,16,16,0.0197,0.0058,0.0003,0.0044,0.0,0.0,,0.0266,0.057
childsnack-opt14-strips-child-snack_pfile07,0,True,89,649,665,1415,724,1490,1392,0,0,,,,0,,,17.0,17,17,0.0266,0.0072,0.0004,0.0044,0.0,0.0,,0.0273,0.0662
childsnack-opt14-strips-child-snack_pfile07-2,0,True,89,649,665,1415,724,1490,1392,0,0,,,,0,,,17.0,17,17,0.0217,0.0073,0.0004,0.0041,0.0,0.0,,0.0269,0.0607
childsnack-opt14-strips-child-snack_pfile08,0,True,94,740,757,1604,838,1702,1632,0,0,,,,0,,,18.0,18,18,0.0243,0.0094,0.0004,0.0039,0.0,0.0,,0.0324,0.0708
childsnack-opt14-strips-child-snack_pfile08-2,0,True,94,740,757,1604,838,1702,1632,0,0,,,,0,,,18.0,18,18,0.0223,0.0094,0.0004,0.0032,0.0,0.0,,0.0325,0.0682
childsnack-opt14-strips-child-snack_pfile09,0,True,104,883,902,1903,992,2012,1938,0,0,,,,0,,,19.0,19,19,0.0318,0.0127,0.0005,0.0045,0.0,0.0,,0.0429,0.0928
childsnack-opt14-strips-child-snack_pfile09-2,0,True,104,883,902,1903,992,2012,1938,0,0,,,,0,,,19.0,19,19,0.0439,0.0123,0.0006,0.0053,0.0,0.0,,0.0407,0.1032
childsnack-opt14-strips-child-snack_pfile10,0,True,109,989,1009,2122,1125,2258,2220,0,0,,,,0,,,20.0,20,20,0.0316,0.0157,0.0007,0.0041,0.0,0.0,,0.0433,0.0956
childsnack-opt14-strips-child-snack_pfile10-2,0,True,109,989,1009,2122,1125,2258,2220,0,0,,,,0,,,20.0,20,20,0.0413,0.0157,0.0007,0.006,0.0,0.0,,0.0519,0.1159
childsnack-sat14-strips-child-snack_pfile05,0,True,74,451,464,999,511,1059,975,0,0,,,,0,,,15.0,15,15,0.0217,0.0041,0.0002,0.0059,0.0,0.0,,0.0197,0.0518
childsnack-sat14-strips-child-snack_pfile05-2,0,True,74,451,464,999,511,1059,975,0,0,,,,0,,,15.0,15,15,0.0147,0.0041,0.0002,0.0024,0.0,0.0,,0.0172,0.0387
childsnack-sat14-strips-child-snack_pfile06-2,0,True,84,564,579,1238,633,1307,1215,0,0,,,,0,,,16.0,16,16,0.0178,0.0058,0.0003,0.0028,0.0,0.0,,0.0264,0.0533
childsnack-sat14-strips-child-snack_pfile07-2,0,True,89,649,665,1415,724,1490,1392,0,0,,,,0,,,17.0,17,17,0.0236,0.0072,0.0004,0.005,0.0,0.0,,0.0271,0.0636
childsnack-sat14-strips-child-snack_pfile08,0,True,94,740,757,1604,838,1702,1632,0,0,,,,0,,,18.0,18,18,0.1154,0.0095,0.0004,0.0054,0.0,0.0,,0.0324,0.1635
childsnack-sat14-strips-child-snack_pfile08-2,0,True,94,740,757,1604,838,1702,1632,0,0,,,,0,,,18.0,18,18,0.0236,0.0094,0.0005,0.0053,0.0,0.0,,0.0338,0.0728
childsnack-sat14-strips-child-snack_pfile09,0,True,104,883,902,1903,992,2012,1938,0,0,,,,0,,,19.0,19,19,0.2596,0.0125,0.0006,0.0044,0.0,0.0,,0.0434,0.321
childsnack-sat14-strips-child-snack_pfile09-2,0,True,104,883,902,1903,992,2012,1938,0,0,,,,0,,,19.0,19,19,0.0331,0.0123,0.0005,0.0047,0.0,0.0,,0.0395,0.0906
childsnack-sat14-strips-child-snack_pfile10,0,True,109,989,1009,2122,1125,2258,2220,0,0,,,,0,,,20.0,20,20,0.0798,0.0158,0.0006,0.0061,0.0,0.0,,0.045,0.1476
childsnack-sat14-strips-child-snack_pfile10-2,0,True,109,989,1009,2122,1125,2258,2220,0,0,,,,0,,,20.0,20,20,0.0314,0.0158,0.0007,0.0037,0.0,0.0,,0.0509,0.1027
childsnack-sat14-strips-child-snack_pfile11,0,True,114,1101,1122,2353,1245,2497,2457,0,0,,,,0,,,21.0,21,21,0.0563,0.0195,0.0008,0.0062,0.0,0.0,,0.047,0.1301
childsnack-sat14-strips-child-snack_pfile11-2,0,True,114,1101,1122,2353,1245,2497,2457,0,0,,,,0,,,21.0,21,21,0.0361,0.0195,0.0008,0.0042,0.0,0.0,,0.0474,0.1082
childsnack-sat14-strips-child-snack_pfile12,0,True,150,1691,1714,3572,1862,3743,3772,0,0,,,,0,,,22.0,22,22,0.0512,0.0303,0.0014,0.0064,0.0,0.0,,0.0935,0.1836
childsnack-sat14-strips-child-snack_pfile13,0,True,156,1860,1884,3918,2064,4122,4224,0,0,,,,0,,,23.0,23,23,0.0569,0.0363,0.0015,0.0056,0.0,0.0,,0.1024,0.2036
childsnack-sat14-strips-child-snack_pfile13-2,0,True,156,1860,1884,3918,2064,4122,4224,0,0,,,,0,,,23.0,23,23,0.0732,0.0365,0.0015,0.0062,0.0,0.0,,0.1173,0.2356
childsnack-sat14-strips-child-snack_pfile14,0,True,162,2037,2062,4280,2251,4494,4600,0,0,,,,0,,,24.0,24,24,0.0827,0.0426,0.0017,0.0069,0.0,0.0,,0.1129,0.2478
childsnack-sat14-strips-child-snack_pfile15-2,0,True,168,2222,2248,4658,2472,4908,5096,0,0,,,,0,,,25.0,25,25,0.0748,0.0502,0.002,0.008,0.0,0.0,,0.1326,0.2688
childsnack-sat14-strips-child-snack_pfile16-2,0,True,180,2504,2532,5237,2772,5505,5712,0,0,,,,0,,,26.0,26,26,0.0838,0.0612,0.0023,0.0076,0.0,0.0,,0.1592,0.3154
childsnack-sat14-strips-child-snack_pfile19,0,True,204,3244,3276,6748,3584,7088,7424,0,0,,,,0,,,29.0,29,29,0.1292,0.0997,0.0032,0.0104,0.0,0.0,,0.2276,0.4722
childsnack-sat14-strips-child-snack_pfile19-2,0,True,204,3244,3276,6748,3584,7088,7424,0,0,,,,0,,,29.0,29,29,0.1274,0.0998,0.0032,0.0099,0.0,0.0,,0.2148,0.4572
data-network-opt18-strips-p01,0,False,55,503,779,1343,872,1500,5061,0,0,,,,100,,,105.0,111,105,0.0199,0.0021,0.001,0.0101,0.0,0.0,,0.7484,0.7816
data-network-opt18-strips-p02,0,False,63,697,1117,1880,1059,2057,7256,0,0,,,,0,,,29.0,29,29,0.0085,0.0027,0.0005,0.0063,0.0,0.0,,0.199,0.217
data-network-opt18-strips-p03,0,False,66,845,1328,2247,1312,2426,9424,0,0,,,,0,,,78.0,79,78,0.0194,0.0033,0.0018,0.0106,0.0,0.0,,0.5062,0.5414
data-network-opt18-strips-p04,0,False,70,1143,1861,3085,1608,3185,13361,0,0,,,,41,,,119.0,121,119,0.0127,0.0076,0.0023,0.0097,0.0,0.0,,1.4432,1.4757
data-network-opt18-strips-p05,0,False,74,1025,1624,2733,1716,2927,14338,0,0,,,,0,,,104.0,137,104,0.0113,0.0043,0.0034,0.0101,0.0,0.0,,0.5923,0.6214
data-network-opt18-strips-p06,0,False,84,1307,2162,3559,1958,3626,18203,0,0,,,,0,,,55.0,73,55,0.0217,0.0062,0.0026,0.0179,0.0,0.0,,0.8924,0.9409
data-network-opt18-strips-p07,0,False,86,1574,2589,4259,2180,4261,20850,0,0,,,,0,,,87.0,99,87,0.0135,0.0066,0.0036,0.0148,0.0,0.0,,0.5395,0.5781
data-network-opt18-strips-p08,0,False,89,1243,2008,3351,2034,3590,17992,0,0,,,,0,,,104.0,137,104,0.0176,0.0057,0.0048,0.0145,0.0,0.0,,0.6732,0.7159
data-network-opt18-strips-p09,0,False,74,705,1120,1903,1246,2198,7640,0,0,,,,0,,,27.0,27,27,0.0158,0.0035,0.0006,0.0093,0.0,0.0,,0.2417,0.2709
data-network-opt18-strips-p10,0,False,81,921,1505,2513,1578,2739,11496,0,0,,,,0,,,85.0,86,85,0.0243,0.0043,0.0011,0.0113,0.0,0.0,,1.6539,1.695
data-network-opt18-strips-p11,0,False,91,1111,1829,3034,1893,3324,14968,0,0,,,,2485,,,47.0,47,47,0.0119,0.0063,0.0012,0.0108,0.0,0.0,,7.7494,7.7797
data-network-opt18-strips-p12,0,False,97,1315,2133,3549,2104,3873,17068,0,0,,,,49,,,62.0,63,62,0.0144,0.0063,0.0017,0.0122,0.0,0.0,,2.8817,2.9164
data-network-opt18-strips-p13,0,False,104,1492,2495,4098,2523,4389,23041,0,0,,,,1227,,,100.0,133,100,0.0147,0.009,0.0055,0.016,0.0,0.0,,11.1782,11.2236
data-network-opt18-strips-p14,0,False,105,1749,2923,4795,2946,4993,28329,0,0,,,,0,,,181.0,216,181,0.0204,0.0114,0.0117,0.0193,0.0,0.0,,1.5337,1.5967
data-network-opt18-strips-p15,0,False,128,1344,2242,3718,2824,4313,21161,0,0,,,,0,,,50.0,60,50,0.0157,0.0097,0.001,0.0158,0.0,0.0,,1.2441,1.2863
data-network-opt18-strips-p16,0,False,140,1692,2894,4734,3769,5188,34522,0,0,,,,3069,,,117.0,134,117,0.0193,0.0166,0.0026,0.0241,0.0,0.0,,28.6131,28.6759
data-network-opt18-strips-p17,0,False,154,2125,3679,5964,4162,6226,40482,0,0,,,,2444,,,93.0,94,93,0.0496,0.0171,0.0028,0.0303,0.0,0.0,,33.6348,33.7349
data-network-opt18-strips-p18,0,False,165,2485,4253,6914,6124,7388,75717,0,0,,,,2486,,,143.0,143,143,0.0233,0.0203,0.007,0.0467,0.0,0.0,,110.8185,110.916
data-network-opt18-strips-p19,0,False,180,3159,5431,8781,7274,9402,98378,0,0,,,,6010,,,169.0,216,169,0.0278,0.0271,0.0207,0.0629,0.0,0.0,,251.4517,251.5905
data-network-opt18-strips-p20,0,False,193,3451,6040,9694,8565,10015,139547,0,0,,,,3310,,,193.0,464,193,0.0255,0.03,0.0222,0.0829,0.0,0.0,,187.4199,187.5808
data-network-sat18-strips-p01,0,False,177,3450,5775,9429,5764,9749,70660,0,0,,,,0,,,304.0,366,304,0.0266,0.0287,0.0646,0.045,0.0,0.0,,7.5589,7.7239
data-network-sat18-strips-p02,0,False,204,4048,6823,11099,6208,11155,79350,0,0,,,,169,,,218.0,237,218,0.0325,0.0345,0.0565,0.0522,0.0,0.0,,18.7138,18.8899
data-network-sat18-strips-p03,0,False,233,4101,6839,11204,7180,11823,88891,0,0,,,,200,,,315.0,374,315,0.0415,0.0397,0.085,0.0555,0.0,0.0,,15.4904,15.7125
data-network-sat18-strips-p04,0,False,252,4647,7690,12637,8071,13294,103475,0,0,,,,287,,,459.0,517,459,0.0356,0.0464,0.2142,0.0654,0.0,0.0,,24.1079,24.4698
data-network-sat18-strips-p05,2,False,289,7092,12484,19905,9584,19100,138343,0,0,,,,500,,,448.696,494,455,0.0532,0.0923,0.2252,0.0912,0.0,0.0,,899.6223,900.0848
data-network-sat18-strips-p06,2,False,317,7692,13513,21570,10586,20827,152653,0,0,,,,1191,,,524.243,671,589,0.1081,0.1033,0.4583,0.1055,0.0,0.0,,899.3386,900.1146
data-network-sat18-strips-p07,2,False,342,7506,12999,20899,11003,20660,154631,0,0,,,,2849,,,494.156,585,518,0.0662,0.111,0.4334,0.1041,0.0,0.0,,899.3805,900.0959
data-network-sat18-strips-p08,0,False,370,9017,15757,25199,12539,24449,183768,0,0,,,,0,,,468.0,510,468,0.0744,0.1469,0.5078,0.1236,0.0,0.0,,73.369,74.2226
data-network-sat18-strips-p09,2,False,398,7250,12239,19938,11605,20787,150510,0,0,,,,3079,,,626.298,829,730,0.0649,0.1211,0.5339,0.1024,0.0,0.0,,899.2567,900.0799
data-network-sat18-strips-p10,2,False,427,8998,15693,25178,13928,25094,201897,0,0,,,,2280,,,567.6,688,606,0.083,0.1771,0.9094,0.1353,0.0,0.0,,898.8094,900.1212
data-network-sat18-strips-p11,0,False,191,2896,5005,8104,7618,8536,103286,0,0,,,,2516,,,203.0,362,203,0.0256,0.0287,0.0154,0.0647,0.0,0.0,,160.8891,161.0238
data-network-sat18-strips-p12,0,False,243,4604,8050,12913,10851,13175,174100,0,0,,,,4215,,,257.0,303,257,0.0354,0.0482,0.0352,0.1058,0.0,0.0,,340.6421,340.8669
data-network-sat18-strips-p13,0,False,296,6086,10678,17081,15028,17424,290016,0,0,,,,2493,,,320.0,575,320,0.0481,0.0726,0.1012,0.1744,0.0,0.0,,504.7348,505.1314
data-network-sat18-strips-p14,2,False,345,7230,12595,20197,17425,20693,366836,0,0,,,,1747,,,317.708,560,356,0.0764,0.1115,0.1327,0.2191,0.0,0.0,,899.5223,900.0626
data-network-sat18-strips-p15,2,False,395,8634,15070,24134,19978,24502,428072,0,0,,,,3719,,,443.174,578,478,0.0728,0.1549,0.2042,0.261,0.0,0.0,,899.7973,900.4911
data-network-sat18-strips-p16,2,False,450,10722,19087,30298,24578,30477,578405,0,0,,,,1305,,,413.944,758,758,0.112,0.2083,0.4409,0.336,0.0,0.0,,899.3578,900.4562
data-network-sat18-strips-p17,2,False,496,9667,16775,26979,23764,28393,497671,0,0,,,,2742,,,491.655,711,644,0.0964,0.1979,0.3451,0.3005,0.0,0.0,,899.4203,900.3612
data-network-sat18-strips-p18,2,False,556,12448,22110,35147,27342,35011,597105,0,0,,,,1384,,,374.729,544,511,0.1677,0.3174,0.329,0.3682,0.0,0.0,,899.1215,900.3053
data-network-sat18-strips-p19,2,False,593,11528,20008,32195,28372,34126,587883,0,0,,,,1262,,,1070.828,2280,1348,0.119,0.2829,1.1457,0.3602,0.0,0.0,,898.3812,900.2931
data-network-sat18-strips-p20,2,False,659,15418,27200,43325,34541,43803,807944,0,0,,,,365,,,491.875,1125,1125,0.1753,0.4476,1.1618,0.4961,0.0,0.0,,898.3186,900.6012
depot-p01,0,True,10,24,45,99,51,121,70,0,0,,,,0,,,10.0,10,10,0.0328,0.0002,0.0,0.0105,0.0,0.0,,0.0067,0.0503
depot-p02,0,True,22,52,91,189,115,239,166,0,0,,,,0,,,14.0,14,14,0.0281,0.0004,0.0001,0.0067,0.0,0.0,,0.0141,0.0494
depot-p03,0,True,36,82,147,302,222,394,316,0,0,,,,0,,,22.0,24,22,0.0259,0.001,0.0002,0.0031,0.0,0.0,,0.0162,0.0465
depot-p04,0,True,50,104,184,379,289,495,456,0,0,,,,0,,,17.0,17,17,0.0103,0.0018,0.0002,0.0031,0.0,0.0,,0.0107,0.0261
depot-p05,0,True,58,138,242,492,443,656,718,0,0,,,,0,,,33.0,37,33,0.0197,0.003,0.0004,0.003,0.0,0.0,,0.0183,0.0445
depot-p06,0,True,90,208,355,722,706,969,1299,0,0,,,,0,,,42.0,44,42,0.02,0.0079,0.0008,0.0046,0.0,0.0,,0.0325,0.0659
depot-p07,0,True,38,88,164,326,212,405,323,0,0,,,,0,,,18.0,18,18,0.008,0.0012,0.0001,0.0036,0.0,0.0,,0.0116,0.0246
depot-p08,0,True,53,119,228,459,291,584,453,0,0,,,,0,,,27.0,27,27,0.0138,0.0033,0.0003,0.0033,0.0,0.0,,0.0117,0.0324
depot-p09,0,True,88,221,407,795,617,1020,1164,0,0,,,,0,,,44.0,44,44,0.0256,0.0093,0.0007,0.0057,0.0,0.0,,0.0207,0.0623
depot-p10,0,True,71,169,269,550,427,728,710,0,0,,,,0,,,22.0,22,22,0.0342,0.0028,0.0003,0.0037,0.0,0.0,,0.0218,0.0629
depot-p11,0,True,122,296,508,991,1048,1386,2100,0,0,,,,0,,,41.0,41,41,0.0178,0.0093,0.0011,0.0039,0.0,0.0,,0.048,0.0803
depot-p12,0,True,180,433,736,1432,1543,2010,3628,0,0,,,,0,,,45.0,47,45,0.0327,0.0249,0.0019,0.0055,0.0,0.0,,0.0492,0.1147
depot-p13,0,True,34,99,174,360,269,479,463,0,0,,,,0,,,24.0,24,24,0.0415,0.0026,0.0002,0.0095,0.0,0.0,,0.0109,0.0648
depot-p14,0,True,124,283,436,888,829,1190,1893,0,0,,,,0,,,23.0,23,23,0.0384,0.0103,0.0005,0.0133,0.0,0.0,,0.0304,0.0931
depot-p15,0,True,186,461,800,1530,1707,2098,4202,0,0,,,,0,,,49.0,49,49,0.04,0.0303,0.002,0.0072,0.0,0.0,,0.0979,0.1777
depot-p16,0,True,160,695,1066,1956,2116,2465,6854,0,0,,,,0,,,24.0,24,24,0.0139,0.0082,0.0013,0.0076,0.0,0.0,,0.167,0.1981
depot-p17,0,True,315,1477,2343,4166,4047,5354,14701,0,0,,,,0,,,22.0,22,22,0.0241,0.0295,0.003,0.0152,0.0,0.0,,0.448,0.5201
depot-p18,0,True,527,2750,4450,7793,7859,10245,30508,0,0,,,,0,,,49.0,51,49,0.0502,0.1011,0.0158,0.0307,0.0,0.0,,1.0341,1.2324
depot-p19,0,True,164,591,863,1675,2098,2317,5306,0,0,,,,0,,,32.0,34,32,0.0205,0.0132,0.0014,0.0059,0.0,0.0,,0.1314,0.1727
depot-p20,0,True,286,1024,1659,3063,4529,4420,19363,0,0,,,,0,,,57.0,60,57,0.0559,0.0565,0.0059,0.016,0.0,0.0,,1.0902,1.2251
depot-p21,0,True,649,3391,5307,9403,21479,13362,165110,0,0,,,,0,,,32.0,33,32,0.0776,0.1608,0.012,0.1069,0.0,0.0,,1.4618,1.8201
depot-p22,0,True,1411,9477,16547,27570,95568,42261,1427374,0,0,,,,5773,,,77.0,77,77,0.5793,1.0073,0.0945,0.9,0.0,0.0,,839.6504,842.2341
driverlog-p01,0,True,14,40,42,99,67,107,153,0,0,,,,0,,,6.0,6,6,0.0049,0.0001,0.0,0.0015,0.0,0.0,,0.0075,0.0141
driverlog-p02,0,True,23,66,70,168,97,182,162,0,0,,,,0,,,14.0,14,14,0.0084,0.0002,0.0001,0.0023,0.0,0.0,,0.0083,0.0193
driverlog-p03,0,True,26,70,70,170,112,184,208,0,0,,,,0,,,11.0,11,11,0.0088,0.0002,0.0001,0.002,0.0,0.0,,0.0087,0.0198
driverlog-p04,0,True,28,76,79,190,117,206,193,0,0,,,,0,,,12.0,12,12,0.0131,0.0003,0.0001,0.0039,0.0,0.0,,0.008,0.0253
driverlog-p05,0,True,34,102,108,253,178,277,344,0,0,,,,0,,,15.0,15,15,0.006,0.0004,0.0001,0.0022,0.0,0.0,,0.01,0.0187
driverlog-p06,0,True,27,84,90,208,176,227,408,0,0,,,,0,,,10.0,10,10,0.0047,0.0004,0.0001,0.0016,0.0,0.0,,0.009,0.0158
driverlog-p07,0,True,39,114,117,277,202,300,410,0,0,,,,0,,,12.0,12,12,0.0064,0.0005,0.0001,0.0026,0.0,0.0,,0.0092,0.0188
driverlog-p08,0,True,48,150,156,363,291,403,605,0,0,,,,0,,,15.0,15,15,0.0136,0.0007,0.0001,0.0031,0.0,0.0,,0.0135,0.031
driverlog-p09,0,True,52,191,195,447,460,530,1127,0,0,,,,0,,,18.0,19,18,0.0124,0.0009,0.0002,0.0034,0.0,0.0,,0.0303,0.0472
driverlog-p10,0,True,83,303,303,695,698,833,1487,0,0,,,,0,,,16.0,16,16,0.0074,0.0016,0.0003,0.0033,0.0,0.0,,0.0217,0.0343
driverlog-p11,0,True,88,328,330,753,785,909,1855,0,0,,,,0,,,18.0,19,18,0.0086,0.0019,0.0003,0.0034,0.0,0.0,,0.0764,0.0906
driverlog-p12,0,True,138,638,642,1429,1575,1732,4501,0,0,,,,0,,,24.0,27,24,0.0105,0.0043,0.0011,0.0053,0.0,0.0,,0.1557,0.1769
driverlog-p13,0,True,173,867,871,1921,2015,2258,6350,0,0,,,,0,,,21.0,23,21,0.0319,0.0057,0.0017,0.0084,0.0,0.0,,0.1161,0.164
driverlog-p14,0,True,168,841,847,1867,1992,2197,6000,0,0,,,,0,,,25.0,27,25,0.0124,0.0057,0.0018,0.0074,0.0,0.0,,0.2082,0.2356
driverlog-p15,0,True,302,1737,1741,3791,5364,4601,20820,0,0,,,,0,,,30.0,30,30,0.0318,0.0213,0.0038,0.0167,0.0,0.0,,0.8164,0.8902
driverlog-p16,2,True,452,3522,3547,7545,11402,8756,55405,0,0,,,,4643,,,49.528,56,53,0.0426,0.0578,0.0174,0.0429,0.0,0.0,,899.8605,900.0216
driverlog-p17,0,True,588,4718,4743,10076,15161,11889,68365,0,0,,,,195,,,57.0,61,57,0.0665,0.0904,0.0285,0.0557,0.0,0.0,,17.3075,17.549
driverlog-p18,0,True,765,6628,6648,14068,21979,16863,106130,0,0,,,,1170,,,62.0,64,62,0.0679,0.1837,0.0455,0.0847,0.0,0.0,,68.9295,69.3122
driverlog-p19,2,True,902,8086,8111,17135,26789,20567,130035,0,0,,,,3376,,,79.933,87,87,0.1165,0.2373,0.0721,0.1085,0.0,0.0,,899.5098,900.0453
driverlog-p20,0,True,1171,12136,12152,25491,42673,29371,254518,0,0,,,,620,,,79.0,83,79,0.1664,0.4609,0.1129,0.1996,0.0,0.0,,192.653,193.5941
elevators-opt08-strips-p01,0,False,44,148,221,421,360,552,1067,0,0,,,,0,,,32.0,35,32,0.007,0.0007,0.0003,0.0027,0.0,0.0,,0.0407,0.0514
elevators-opt08-strips-p02,0,False,56,198,304,564,532,727,1916,0,0,,,,0,,,26.0,38,26,0.0091,0.001,0.0004,0.0041,0.0,0.0,,0.0333,0.0479
elevators-opt08-strips-p03,0,False,52,192,296,551,490,729,1575,0,0,,,,0,,,38.0,46,38,0.0137,0.0009,0.0005,0.0059,0.0,0.0,,0.1611,0.1822
elevators-opt08-strips-p04,0,False,62,249,377,700,680,931,2298,0,0,,,,0,,,36.0,49,36,0.015,0.0014,0.0009,0.0092,0.0,0.0,,0.1205,0.147
elevators-opt08-strips-p05,0,False,60,207,314,595,560,788,1722,0,0,,,,0,,,38.0,52,38,0.0065,0.0012,0.0009,0.0037,0.0,0.0,,0.0294,0.0418
elevators-opt08-strips-p06,0,False,72,304,478,868,910,1169,3276,0,0,,,,0,,,38.0,65,38,0.01,0.0018,0.0017,0.0044,0.0,0.0,,0.0958,0.1138
elevators-opt08-strips-p07,0,False,71,268,414,767,744,1009,2714,0,0,,,,0,,,38.0,52,38,0.0285,0.0015,0.001,0.0041,0.0,0.0,,0.1575,0.1926
elevators-opt08-strips-p08,0,False,89,372,592,1062,1070,1384,3917,0,0,,,,0,,,33.0,78,33,0.0101,0.0023,0.0017,0.0045,0.0,0.0,,0.144,0.1627
elevators-opt08-strips-p09,0,False,80,314,495,905,898,1207,3377,0,0,,,,0,,,48.0,65,48,0.03,0.002,0.0013,0.0056,0.0,0.0,,0.1094,0.1483
elevators-opt08-strips-p10,0,False,94,421,687,1218,1412,1643,5994,0,0,,,,0,,,48.0,69,48,0.0211,0.0029,0.0023,0.0082,0.0,0.0,,0.1415,0.176
elevators-opt08-strips-p11,0,False,57,193,270,531,464,693,1354,0,0,,,,0,,,41.0,51,41,1.0831,0.001,0.0005,0.0057,0.0,0.0,,0.0292,1.1196
elevators-opt08-strips-p12,0,False,66,252,366,696,613,916,1868,0,0,,,,0,,,38.0,48,38,0.0074,0.0014,0.0009,0.0033,0.0,0.0,,0.0368,0.0499
elevators-opt08-strips-p13,0,False,71,204,288,575,529,777,1419,0,0,,,,0,,,47.0,74,47,0.0087,0.0014,0.0007,0.0026,0.0,0.0,,0.0259,0.0394
elevators-opt08-strips-p14,0,False,77,305,449,848,841,1132,2853,0,0,,,,0,,,41.0,54,41,0.0071,0.0019,0.0018,0.0037,0.0,0.0,,0.0341,0.0487
elevators-opt08-strips-p15,0,False,82,281,408,787,768,1051,2514,0,0,,,,0,,,44.0,50,44,0.0438,0.0019,0.002,0.0089,0.0,0.0,,0.0491,0.1058
elevators-opt08-strips-p16,0,False,92,377,567,1054,1115,1430,4425,0,0,,,,0,,,51.0,106,51,0.0083,0.0026,0.0029,0.0052,0.0,0.0,,0.1051,0.1241
elevators-opt08-strips-p17,0,False,96,313,443,869,822,1163,2495,0,0,,,,0,,,57.0,91,57,0.0072,0.0024,0.0019,0.0038,0.0,0.0,,0.073,0.0884
elevators-opt08-strips-p18,0,False,106,409,637,1172,1207,1604,4777,0,0,,,,0,,,44.0,50,44,0.4214,0.0033,0.0033,0.3094,0.0,0.0,,0.1325,0.87
elevators-opt08-strips-p19,0,False,108,380,557,1065,1025,1424,3631,0,0,,,,0,,,57.0,102,57,0.0107,0.003,0.0034,0.0056,0.0,0.0,,0.1117,0.1344
elevators-opt08-strips-p20,0,False,122,496,774,1412,1485,1885,6323,0,0,,,,0,,,51.0,57,51,0.0172,0.0041,0.0057,0.0077,0.0,0.0,,0.0984,0.1333
elevators-opt08-strips-p21,0,False,64,210,315,600,547,817,1639,0,0,,,,0,,,34.0,44,34,0.0194,0.0012,0.0006,0.0046,0.0,0.0,,0.0357,0.0616
elevators-opt08-strips-p22,0,False,81,311,465,863,962,1143,4079,0,0,,,,0,,,40.0,69,40,0.0198,0.0017,0.0012,0.0051,0.0,0.0,,0.1466,0.1744
elevators-opt08-strips-p23,0,False,78,277,425,793,758,1073,2425,0,0,,,,0,,,46.0,62,46,0.007,0.0017,0.0013,0.0037,0.0,0.0,,0.0613,0.0751
elevators-opt08-strips-p24,0,False,91,394,604,1102,1140,1481,4590,0,0,,,,0,,,49.0,82,49,0.0101,0.0024,0.0023,0.0067,0.0,0.0,,0.2197,0.2413
elevators-opt08-strips-p25,0,False,90,339,518,964,937,1291,3233,0,0,,,,0,,,45.0,49,45,0.0114,0.0023,0.0022,0.0053,0.0,0.0,,0.0416,0.0628
elevators-opt08-strips-p26,0,False,104,447,695,1263,1353,1708,5229,0,0,,,,0,,,39.0,44,39,0.0083,0.0033,0.0028,0.0052,0.0,0.0,,0.0917,0.1114
elevators-opt08-strips-p27,0,False,104,411,633,1167,1201,1573,4580,0,0,,,,0,,,56.0,61,56,0.0164,0.0029,0.0046,0.0078,0.0,0.0,,0.1239,0.1557
elevators-opt08-strips-p28,0,False,121,577,917,1632,1810,2155,8278,0,0,,,,0,,,51.0,87,51,0.0208,0.0044,0.0044,0.0138,0.0,0.0,,0.4956,0.539
elevators-opt08-strips-p29,0,False,125,466,713,1318,1442,1779,5423,0,0,,,,0,,,57.0,102,57,0.0079,0.0038,0.0035,0.0058,0.0,0.0,,0.208,0.2291
elevators-opt08-strips-p30,0,False,136,593,935,1683,1904,2278,8080,0,0,,,,0,,,57.0,103,57,0.0097,0.0054,0.0055,0.0073,0.0,0.0,,0.133,0.161
elevators-opt11-strips-p01,0,False,57,193,270,531,464,693,1354,0,0,,,,0,,,41.0,51,41,0.0193,0.001,0.0005,0.0057,0.0,0.0,,0.0294,0.0559
elevators-opt11-strips-p02,0,False,64,210,315,600,547,817,1639,0,0,,,,0,,,34.0,44,34,0.0202,0.0012,0.0008,0.0028,0.0,0.0,,0.0356,0.0607
elevators-opt11-strips-p03,0,False,66,252,366,696,613,916,1868,0,0,,,,0,,,38.0,48,38,0.0063,0.0014,0.0009,0.0031,0.0,0.0,,0.0367,0.0484
elevators-opt11-strips-p04,0,False,52,192,296,551,490,729,1575,0,0,,,,0,,,38.0,46,38,0.0076,0.0009,0.0006,0.0031,0.0,0.0,,0.1619,0.1742
elevators-opt11-strips-p05,0,False,71,204,288,575,529,777,1419,0,0,,,,0,,,47.0,74,47,0.0088,0.0014,0.0007,0.0028,0.0,0.0,,0.0269,0.0406
elevators-opt11-strips-p06,0,False,62,249,377,700,680,931,2298,0,0,,,,0,,,36.0,49,36,0.0093,0.0014,0.0009,0.004,0.0,0.0,,0.1194,0.135
elevators-opt11-strips-p07,0,False,104,447,695,1263,1353,1708,5229,0,0,,,,0,,,39.0,44,39,0.028,0.0033,0.0033,0.0109,0.0,0.0,,0.0918,0.1373
elevators-opt11-strips-p08,0,False,60,207,314,595,560,788,1722,0,0,,,,0,,,38.0,52,38,0.0129,0.0012,0.0007,0.0043,0.0,0.0,,0.0293,0.0485
elevators-opt11-strips-p09,0,False,81,311,465,863,962,1143,4079,0,0,,,,0,,,40.0,69,40,0.0067,0.0017,0.0014,0.0042,0.0,0.0,,0.1472,0.1612
elevators-opt11-strips-p10,0,False,77,305,449,848,841,1132,2853,0,0,,,,0,,,41.0,54,41,0.4552,0.0019,0.0018,0.0606,0.0,0.0,,0.0918,0.6114
elevators-opt11-strips-p11,0,False,121,577,917,1632,1810,2155,8278,0,0,,,,0,,,51.0,87,51,0.0105,0.0043,0.0037,0.0075,0.0,0.0,,0.4946,0.5206
elevators-opt11-strips-p12,0,False,72,304,478,868,910,1169,3276,0,0,,,,0,,,38.0,65,38,0.013,0.0018,0.0017,0.0091,0.0,0.0,,0.0961,0.1218
elevators-opt11-strips-p13,0,False,71,268,414,767,744,1009,2714,0,0,,,,0,,,38.0,52,38,0.0159,0.0015,0.001,0.0115,0.0,0.0,,0.1495,0.1794
elevators-opt11-strips-p14,0,False,89,372,592,1062,1070,1384,3917,0,0,,,,0,,,33.0,78,33,0.0446,0.0023,0.0017,0.0063,0.0,0.0,,0.145,0.1999
elevators-opt11-strips-p15,0,False,80,314,495,905,898,1207,3377,0,0,,,,0,,,48.0,65,48,0.0094,0.0019,0.0013,0.0044,0.0,0.0,,0.1099,0.1269
elevators-opt11-strips-p16,0,False,82,281,408,787,768,1051,2514,0,0,,,,0,,,44.0,50,44,0.0341,0.0019,0.0019,0.009,0.0,0.0,,0.048,0.0949
elevators-opt11-strips-p17,0,False,96,313,443,869,822,1163,2495,0,0,,,,0,,,57.0,91,57,0.0142,0.0024,0.0019,0.006,0.0,0.0,,0.073,0.0976
elevators-opt11-strips-p18,0,False,106,409,637,1172,1207,1604,4777,0,0,,,,0,,,44.0,50,44,0.0168,0.0033,0.0028,0.0111,0.0,0.0,,0.0681,0.1021
elevators-opt11-strips-p19,0,False,78,277,425,793,758,1073,2425,0,0,,,,0,,,46.0,62,46,0.008,0.0017,0.001,0.0032,0.0,0.0,,0.0613,0.0753
elevators-opt11-strips-p20,0,False,91,394,604,1102,1140,1481,4590,0,0,,,,0,,,49.0,82,49,0.0135,0.0025,0.0024,0.0116,0.0,0.0,,0.2215,0.2515
elevators-sat08-strips-p01,0,False,60,268,424,766,756,1019,2693,0,0,,,,0,,,42.0,67,42,0.0509,0.0014,0.0012,0.0036,0.0,0.0,,0.0447,0.1018
elevators-sat08-strips-p02,0,False,71,326,528,940,968,1246,3818,0,0,,,,0,,,37.0,51,37,0.2578,0.0018,0.0014,0.0072,0.0,0.0,,0.0549,0.3231
elevators-sat08-strips-p03,0,False,86,376,596,1070,1103,1389,4234,0,0,,,,0,,,43.0,72,43,0.0142,0.0023,0.0021,0.0055,0.0,0.0,,0.0493,0.0734
elevators-sat08-strips-p04,0,False,92,427,685,1222,1311,1622,5149,0,0,,,,0,,,48.0,66,48,0.0132,0.0029,0.0029,0.008,0.0,0.0,,0.1541,0.181
elevators-sat08-strips-p05,0,False,106,480,788,1390,1508,1838,6591,0,0,,,,0,,,43.0,75,43,0.0323,0.0035,0.003,0.0142,0.0,0.0,,0.1413,0.1944
elevators-sat08-strips-p06,0,False,110,560,918,1612,1738,2136,7894,0,0,,,,0,,,48.0,76,48,0.0097,0.0043,0.0068,0.0068,0.0,0.0,,0.146,0.1737
elevators-sat08-strips-p07,0,False,121,607,999,1752,1988,2350,9736,0,0,,,,0,,,48.0,75,48,0.0376,0.0051,0.0059,0.015,0.0,0.0,,0.1351,0.1987
elevators-sat08-strips-p08,0,False,130,641,1059,1858,1972,2459,8987,0,0,,,,0,,,48.0,78,48,0.0112,0.0056,0.0078,0.0075,0.0,0.0,,0.1317,0.1638
elevators-sat08-strips-p09,0,False,146,709,1173,2052,2380,2751,12311,0,0,,,,0,,,48.0,85,48,0.0709,0.0066,0.0122,0.0136,0.0,0.0,,0.1404,0.2438
elevators-sat08-strips-p10,0,False,149,771,1281,2234,2689,3022,14470,0,0,,,,0,,,43.0,57,43,0.0118,0.0076,0.0106,0.0106,0.0,0.0,,0.1373,0.178
elevators-sat08-strips-p11,0,False,171,777,1189,2164,2352,2843,12019,0,0,,,,0,,,64.0,84,64,0.0147,0.0094,0.0146,0.0093,0.0,0.0,,0.1025,0.1506
elevators-sat08-strips-p12,0,False,204,910,1430,2578,2838,3413,14340,0,0,,,,0,,,81.0,164,81,0.036,0.0137,0.0211,0.0232,0.0,0.0,,0.1112,0.2054
elevators-sat08-strips-p13,0,False,244,1092,1714,3084,3151,4002,16545,0,0,,,,0,,,81.0,130,81,0.0253,0.0184,0.0279,0.0126,0.0,0.0,,0.153,0.2373
elevators-sat08-strips-p14,0,False,274,1139,1853,3310,3705,4423,20369,0,0,,,,0,,,85.0,157,85,0.0205,0.024,0.0319,0.0145,0.0,0.0,,0.1528,0.2439
elevators-sat08-strips-p15,0,False,313,1334,2174,3866,4228,5129,23638,0,0,,,,0,,,91.0,154,91,0.0242,0.0308,0.0485,0.0173,0.0,0.0,,0.1739,0.2949
elevators-sat08-strips-p16,0,False,352,1470,2378,4246,4656,5634,26953,0,0,,,,0,,,81.0,195,81,0.0298,0.0374,0.0625,0.0202,0.0,0.0,,0.199,0.3491
elevators-sat08-strips-p17,0,False,384,1595,2611,4644,4957,6153,27481,0,0,,,,0,,,91.0,152,91,0.0544,0.0455,0.0636,0.0224,0.0,0.0,,0.1599,0.346
elevators-sat08-strips-p18,0,False,416,1850,3018,5346,6067,7173,39205,0,0,,,,0,,,90.0,143,90,0.0467,0.0554,0.0905,0.0293,0.0,0.0,,0.3102,0.5324
elevators-sat08-strips-p19,0,False,449,2022,3260,5800,6235,7633,38334,0,0,,,,0,,,96.0,169,96,0.0382,0.0645,0.1087,0.0282,0.0,0.0,,0.2922,0.5322
elevators-sat08-strips-p20,0,False,496,2227,3587,6372,6882,8408,44708,0,0,,,,0,,,96.0,192,96,0.0387,0.077,0.0991,0.0318,0.0,0.0,,0.2875,0.5346
elevators-sat08-strips-p21,0,False,363,2190,3550,6148,6509,7798,48669,0,0,,,,0,,,102.0,131,102,0.093,0.0517,0.1274,0.0342,0.0,0.0,,0.5159,0.8226
elevators-sat08-strips-p22,0,False,445,2316,3896,6707,7366,8524,56463,0,0,,,,0,,,114.0,260,114,0.0458,0.0782,0.1366,0.0396,0.0,0.0,,0.6738,0.9742
elevators-sat08-strips-p23,0,False,527,3078,5134,8794,9759,11078,87105,0,0,,,,0,,,112.0,149,112,0.0629,0.1118,0.2883,0.0595,0.0,0.0,,1.0211,1.5441
elevators-sat08-strips-p24,0,False,605,3333,5693,9695,10977,12469,99395,0,0,,,,0,,,124.0,246,124,0.0779,0.1509,0.2242,0.0708,0.0,0.0,,1.7886,2.3133
elevators-sat08-strips-p25,0,False,679,3842,6510,11108,12875,14101,123721,0,0,,,,0,,,134.0,233,134,0.0831,0.1957,0.484,0.0832,0.0,0.0,,0.9397,1.7866
elevators-sat08-strips-p26,0,False,769,4665,7697,13205,15236,16659,154844,0,0,,,,0,,,134.0,278,134,0.1021,0.2461,0.5207,0.104,0.0,0.0,,1.5491,2.523
elevators-sat08-strips-p27,0,False,844,4864,8272,14066,15886,17886,158548,0,0,,,,0,,,129.0,288,129,0.1361,0.2913,0.4723,0.1181,0.0,0.0,,1.3182,2.3372
elevators-sat08-strips-p28,0,False,924,5315,9059,15391,17392,19633,175864,0,0,,,,0,,,144.0,285,144,0.1398,0.3567,0.9365,0.1294,0.0,0.0,,1.9344,3.4981
elevators-sat08-strips-p29,0,False,1009,5562,9438,16104,18298,20469,182232,0,0,,,,0,,,134.0,251,134,0.1566,0.4157,0.7192,0.1335,0.0,0.0,,1.2183,2.6447
elevators-sat08-strips-p30,0,False,1085,6345,10689,18225,20595,23056,205989,0,0,,,,0,,,139.0,356,139,0.1968,0.4912,1.0036,0.1548,0.0,0.0,,1.9439,3.7918
elevators-sat11-strips-p01,0,False,274,1139,1853,3310,3705,4423,20369,0,0,,,,0,,,85.0,157,85,0.0238,0.024,0.032,0.0304,0.0,0.0,,0.1515,0.2619
elevators-sat11-strips-p02,0,False,605,3333,5693,9695,10977,12469,99395,0,0,,,,0,,,124.0,246,124,1.0275,0.1485,0.2246,0.2711,0.0,0.0,,2.1549,3.8275
elevators-sat11-strips-p03,0,False,769,4665,7697,13205,15236,16659,154844,0,0,,,,0,,,134.0,278,134,0.1026,0.2466,0.5221,0.1069,0.0,0.0,,1.5483,2.5276
elevators-sat11-strips-p04,0,False,496,2227,3587,6372,6882,8408,44708,0,0,,,,0,,,96.0,192,96,0.0395,0.0771,0.0994,0.032,0.0,0.0,,0.2872,0.5355
elevators-sat11-strips-p05,0,False,416,1850,3018,5346,6067,7173,39205,0,0,,,,0,,,90.0,143,90,0.0351,0.0556,0.0909,0.0269,0.0,0.0,,0.3107,0.5195
elevators-sat11-strips-p06,0,False,844,4864,8272,14066,15886,17886,158548,0,0,,,,0,,,129.0,288,129,0.4237,0.2904,0.4764,0.1162,0.0,0.0,,1.3212,2.6291
elevators-sat11-strips-p07,0,False,679,3842,6510,11108,12875,14101,123721,0,0,,,,0,,,134.0,233,134,0.0861,0.1964,0.4867,0.0852,0.0,0.0,,0.9385,1.794
elevators-sat11-strips-p08,0,False,924,5315,9059,15391,17392,19633,175864,0,0,,,,0,,,144.0,285,144,0.1453,0.3537,0.9148,0.1244,0.0,0.0,,1.9381,3.4775
elevators-sat11-strips-p09,0,False,1009,5562,9438,16104,18298,20469,182232,0,0,,,,0,,,134.0,251,134,0.1576,0.4169,0.7211,0.1387,0.0,0.0,,1.218,2.6536
elevators-sat11-strips-p10,0,False,1085,6345,10689,18225,20595,23056,205989,0,0,,,,0,,,139.0,356,139,0.5557,0.49,0.9852,0.165,0.0,0.0,,1.9382,4.1356
elevators-sat11-strips-p11,0,False,1270,12564,22532,36472,46071,45096,833913,0,0,,,,595,,,144.0,373,144,0.4247,1.0192,2.8554,0.541,0.0,0.0,,30.7249,35.5679
elevators-sat11-strips-p12,0,False,1357,13378,23946,38796,51092,48290,946695,0,0,,,,96,,,133.0,288,133,0.396,1.1653,3.184,0.6191,0.0,0.0,,20.8055,26.1729
elevators-sat11-strips-p13,0,False,1451,14533,26053,42154,54894,52483,1039642,0,0,,,,311,,,139.0,307,139,0.4359,1.389,3.9123,0.676,0.0,0.0,,36.2557,42.6723
elevators-sat11-strips-p14,0,False,1537,15673,28145,45482,57530,56323,1099155,0,0,,,,373,,,144.0,380,144,0.4884,1.5672,4.5743,0.7221,0.0,0.0,,36.5129,43.8686
elevators-sat11-strips-p15,0,False,1635,16528,29712,48000,61872,59351,1216310,0,0,,,,276,,,139.0,345,139,0.5468,1.7665,4.5025,0.7976,0.0,0.0,,38.9,46.5172
elevators-sat11-strips-p16,0,False,1908,13619,23819,39470,49633,49805,870168,0,0,,,,0,,,220.0,632,220,0.5751,1.812,6.3073,0.6148,0.0,0.0,,10.0194,19.3324
elevators-sat11-strips-p17,0,False,2124,15472,26928,44672,56175,56400,990178,0,0,,,,25,,,235.0,654,235,0.6982,2.395,8.4615,0.723,0.0,0.0,,29.8766,42.1586
elevators-sat11-strips-p18,0,False,2362,17613,30253,50378,64177,63393,1189105,0,0,,,,835,,,220.0,605,220,0.8485,3.0001,8.8209,0.8896,0.0,0.0,,47.7955,61.3597
elevators-sat11-strips-p19,0,False,2588,19342,33302,55396,67752,69390,1219715,0,0,,,,0,,,230.0,603,230,1.067,3.5907,11.6151,1.0169,0.0,0.0,,18.3562,35.6565
elevators-sat11-strips-p20,0,False,2817,20197,35357,58546,75800,74249,1451932,0,0,,,,6,,,240.0,694,240,1.1848,4.2794,15.4716,1.1236,0.0,0.0,,27.4303,49.496
floortile-opt11-strips-opt-p01-001,0,False,25,78,92,207,97,211,169,0,0,,,,0,,,28.0,28,28,0.0077,0.0003,0.0001,0.0023,0.0,0.0,,0.0128,0.0233
floortile-opt11-strips-opt-p01-002,0,False,24,78,90,205,90,208,148,0,0,,,,0,,,25.0,32,25,0.4308,0.0003,0.0001,0.0056,0.0,0.0,,0.0073,0.4441
floortile-opt11-strips-opt-p02-003,0,False,32,121,146,314,206,341,396,0,0,,,,0,,,42.0,45,42,0.0259,0.0005,0.0001,0.0029,0.0,0.0,,0.0837,0.1132
floortile-opt11-strips-opt-p02-004,0,False,31,113,127,286,152,295,273,0,0,,,,0,,,34.0,34,34,0.0064,0.0004,0.0001,0.0021,0.0,0.0,,0.0122,0.0213
floortile-opt11-strips-opt-p03-005,0,False,36,148,168,372,222,397,406,0,0,,,,0,,,42.0,44,42,0.0106,0.0006,0.0002,0.0054,0.0,0.0,,0.0115,0.0283
floortile-opt11-strips-opt-p03-006,0,False,36,139,162,357,203,377,365,0,0,,,,0,,,43.0,48,43,0.006,0.0006,0.0002,0.0019,0.0,0.0,,0.0136,0.0224
floortile-opt11-strips-opt-p04-007,0,False,40,156,182,399,233,422,429,0,0,,,,0,,,45.0,45,45,0.0082,0.0007,0.0002,0.0025,0.0,0.0,,0.0138,0.0255
floortile-opt11-strips-opt-p04-008,0,False,41,161,195,418,280,453,554,0,0,,,,0,,,49.0,49,49,0.0163,0.0007,0.0002,0.0051,0.0,0.0,,0.1199,0.1423
floortile-opt11-strips-opt-p05-009,0,False,48,198,216,486,279,505,522,0,0,,,,0,,,56.0,56,56,0.0101,0.001,0.0003,0.0026,0.0,0.0,,0.0261,0.04
floortile-opt11-strips-opt-p05-010,0,False,48,203,229,505,315,534,616,0,0,,,,0,,,57.0,61,57,0.0081,0.0009,0.0003,0.0025,0.0,0.0,,0.0237,0.0357
floortile-opt11-strips-opt-p06-011,0,False,56,242,277,605,372,645,703,0,0,,,,0,,,70.0,78,70,0.0068,0.0012,0.0004,0.0026,0.0,0.0,,0.171,0.1821
floortile-opt11-strips-opt-p06-012,0,False,56,249,275,609,395,643,813,0,0,,,,0,,,68.0,74,68,0.0184,0.0012,0.0004,0.0023,0.0,0.0,,0.048,0.0704
floortile-opt11-strips-opt-p07-013,0,False,60,266,309,667,448,719,874,0,0,,,,0,,,71.0,75,71,0.0093,0.0014,0.0005,0.0031,0.0,0.0,,0.0625,0.0768
floortile-opt11-strips-opt-p07-014,0,False,61,267,296,654,483,690,1045,0,0,,,,0,,,69.0,73,69,0.0116,0.0014,0.0005,0.0029,0.0,0.0,,0.0222,0.0386
floortile-opt11-strips-opt-p08-015,0,False,105,473,530,1146,941,1227,2074,0,0,,,,0,,,84.0,89,84,0.0117,0.0033,0.0011,0.0044,0.0,0.0,,0.1394,0.16
floortile-opt11-strips-opt-p08-016,0,False,105,468,533,1144,913,1228,1913,0,0,,,,0,,,86.0,92,86,0.0088,0.0032,0.0011,0.0067,0.0,0.0,,0.1713,0.1912
floortile-opt11-strips-opt-p09-017,0,False,161,738,820,1762,1912,1885,4683,0,0,,,,0,,,94.0,106,94,0.0181,0.0065,0.0025,0.0075,0.0,0.0,,0.2989,0.3337
floortile-opt11-strips-opt-p09-018,0,False,160,736,802,1741,1746,1845,4057,0,0,,,,0,,,95.0,105,95,0.0169,0.0064,0.0027,0.0092,0.0,0.0,,0.2934,0.3287
floortile-opt11-strips-opt-p10-019,0,False,127,581,658,1410,1355,1517,3248,0,0,,,,1487,,,104.0,115,104,0.0101,0.0046,0.0021,0.0074,0.0,0.0,,1.3302,1.3544
floortile-opt11-strips-opt-p10-020,0,False,126,586,664,1421,1321,1532,3032,0,0,,,,2498,,,104.0,116,104,0.0095,0.0045,0.0017,0.0049,0.0,0.0,,1.64,1.6606
floortile-opt14-strips-p01-4-3-2,0,False,31,108,134,289,163,309,292,0,0,,,,0,,,36.0,36,36,0.0057,0.0004,0.0001,0.002,0.0,0.0,,0.0205,0.0288
floortile-opt14-strips-p01-4-4-2,0,False,40,164,195,421,252,455,463,0,0,,,,0,,,46.0,47,46,0.1256,0.0007,0.0002,0.0062,0.0,0.0,,0.024,0.1568
floortile-opt14-strips-p01-5-3-2,0,False,36,141,164,361,206,383,375,0,0,,,,0,,,44.0,44,44,0.0061,0.0006,0.0002,0.0019,0.0,0.0,,0.018,0.0268
floortile-opt14-strips-p01-5-4-2,0,False,49,205,239,518,330,555,667,0,0,,,,0,,,58.0,64,58,0.0082,0.001,0.0003,0.0023,0.0,0.0,,0.0276,0.0395
floortile-opt14-strips-p01-5-5-2,0,False,61,268,307,667,486,716,1076,0,0,,,,0,,,69.0,69,69,0.0141,0.0014,0.0005,0.0045,0.0,0.0,,0.0272,0.0477
floortile-opt14-strips-p01-6-4-2,0,False,56,249,271,605,400,634,802,0,0,,,,0,,,68.0,74,68,0.0093,0.0012,0.0005,0.0035,0.0,0.0,,0.0449,0.0594
floortile-opt14-strips-p01-6-5-2,0,False,70,319,359,785,567,838,1234,0,0,,,,0,,,84.0,90,84,0.0094,0.0018,0.0007,0.0055,0.0,0.0,,0.0709,0.0883
floortile-opt14-strips-p02-4-4-2,0,False,41,165,199,426,285,462,568,0,0,,,,0,,,49.0,61,49,0.0082,0.0007,0.0002,0.0028,0.0,0.0,,0.1009,0.1129
floortile-opt14-strips-p02-5-3-2,0,False,36,137,164,357,199,380,347,0,0,,,,0,,,45.0,47,45,0.0061,0.0006,0.0002,0.0018,0.0,0.0,,0.0249,0.0337
floortile-opt14-strips-p02-5-4-2,0,False,49,205,239,518,365,557,768,0,0,,,,489,,,62.0,62,62,0.0092,0.001,0.0003,0.003,0.0,0.0,,0.209,0.2225
floortile-opt14-strips-p02-5-5-2,0,False,60,252,296,640,392,686,738,0,0,,,,0,,,71.0,81,71,0.0069,0.0014,0.0005,0.0023,0.0,0.0,,0.0383,0.0495
floortile-opt14-strips-p02-6-4-2,0,False,57,254,285,625,446,667,985,0,0,,,,0,,,68.0,73,68,0.0226,0.0012,0.0005,0.006,0.0,0.0,,0.0678,0.0981
floortile-opt14-strips-p02-6-5-2,0,False,70,318,362,787,599,844,1351,0,0,,,,44753,,,92.0,99,92,0.0071,0.0018,0.0008,0.0029,0.0,0.0,,11.3423,11.355
floortile-opt14-strips-p03-4-3-2,0,False,30,109,136,292,175,317,309,0,0,,,,0,,,40.0,40,40,0.0055,0.0004,0.0001,0.0019,0.0,0.0,,0.0562,0.0643
floortile-opt14-strips-p03-4-4-2,0,False,40,154,190,406,263,442,475,0,0,,,,0,,,50.0,60,50,0.0115,0.0007,0.0002,0.0037,0.0,0.0,,0.0915,0.1076
floortile-opt14-strips-p03-5-3-2,0,False,36,137,164,357,197,380,341,0,0,,,,0,,,45.0,47,45,0.0227,0.0006,0.0002,0.0058,0.0,0.0,,0.0258,0.0551
floortile-opt14-strips-p03-5-4-2,0,False,48,198,233,505,287,540,514,0,0,,,,0,,,58.0,62,58,0.0083,0.001,0.0003,0.003,0.0,0.0,,0.0343,0.0469
floortile-opt14-strips-p03-5-5-2,0,False,60,261,292,644,391,679,742,0,0,,,,0,,,69.0,75,69,0.0072,0.0014,0.0005,0.0026,0.0,0.0,,0.035,0.0468
floortile-opt14-strips-p03-6-4-2,0,False,57,249,284,619,438,662,934,0,0,,,,1608,,,74.0,78,74,0.0092,0.0012,0.0004,0.0056,0.0,0.0,,0.4366,0.4531
floortile-opt14-strips-p03-6-5-2,0,False,70,315,359,781,547,836,1111,0,0,,,,0,,,86.0,90,86,0.0312,0.0018,0.001,0.0061,0.0,0.0,,0.1514,0.1916
floortile-sat11-strips-seq-p01-001,0,False,30,106,124,276,135,286,224,0,0,,,,0,,,33.0,34,33,0.0071,0.0004,0.0001,0.0021,0.0,0.0,,0.0168,0.0267
floortile-sat11-strips-seq-p01-002,0,False,30,112,130,288,156,302,269,0,0,,,,0,,,35.0,35,35,0.0066,0.0004,0.0001,0.0023,0.0,0.0,,0.0106,0.0201
floortile-sat11-strips-seq-p02-003,0,False,36,140,164,360,205,383,367,0,0,,,,0,,,44.0,47,44,0.0125,0.0006,0.0002,0.003,0.0,0.0,,0.036,0.0523
floortile-sat11-strips-seq-p02-004,0,False,37,148,174,378,241,405,469,0,0,,,,277,,,50.0,54,50,0.0086,0.0006,0.0002,0.0033,0.0,0.0,,0.1018,0.1146
floortile-sat11-strips-seq-p03-005,0,False,40,155,177,393,203,410,356,0,0,,,,0,,,44.0,44,44,0.007,0.0007,0.0002,0.0019,0.0,0.0,,0.0229,0.0327
floortile-sat11-strips-seq-p03-006,0,False,40,156,187,405,231,434,429,0,0,,,,0,,,45.0,45,45,0.0113,0.0007,0.0002,0.0039,0.0,0.0,,0.0263,0.0425
floortile-sat11-strips-seq-p04-007,0,False,48,205,231,509,322,539,626,0,0,,,,0,,,56.0,56,56,0.0064,0.001,0.0003,0.0027,0.0,0.0,,0.0152,0.0257
floortile-sat11-strips-seq-p04-008,0,False,48,196,219,488,263,508,472,0,0,,,,0,,,56.0,62,56,0.0072,0.0009,0.0003,0.002,0.0,0.0,,0.0239,0.0344
floortile-sat11-strips-seq-p05-009,0,False,56,245,268,598,392,626,785,0,0,,,,0,,,68.0,72,68,0.008,0.0012,0.0004,0.0039,0.0,0.0,,0.0667,0.0804
floortile-sat11-strips-seq-p05-010,0,False,56,246,272,603,407,635,859,0,0,,,,0,,,68.0,72,68,0.0073,0.0012,0.0004,0.0023,0.0,0.0,,0.0524,0.0636
floortile-sat11-strips-seq-p06-011,0,False,60,263,303,658,413,706,806,0,0,,,,0,,,70.0,73,70,0.0076,0.0014,0.0005,0.0026,0.0,0.0,,0.0432,0.0553
floortile-sat11-strips-seq-p06-012,0,False,61,263,306,661,458,711,976,0,0,,,,0,,,73.0,79,73,0.0379,0.0014,0.0005,0.0056,0.0,0.0,,0.1323,0.1777
floortile-sat11-strips-seq-p07-013,0,False,105,458,506,1106,873,1167,1855,0,0,,,,0,,,84.0,96,84,0.0139,0.0032,0.0014,0.0045,0.0,0.0,,0.1272,0.1503
floortile-sat11-strips-seq-p07-014,0,False,106,473,537,1153,915,1238,2043,0,0,,,,275,,,87.0,95,87,0.06,0.0033,0.0013,0.0036,0.0,0.0,,0.5468,0.6152
floortile-sat11-strips-seq-p08-015,0,False,127,591,664,1426,1315,1533,3302,0,0,,,,0,,,100.0,112,100,0.0137,0.0045,0.0017,0.0062,0.0,0.0,,0.1899,0.2161
floortile-sat11-strips-seq-p08-016,0,False,127,579,655,1405,1257,1508,3100,0,0,,,,0,,,102.0,118,102,0.0267,0.0045,0.0015,0.0069,0.0,0.0,,0.5324,0.5721
floortile-sat11-strips-seq-p09-017,0,False,144,685,759,1639,1594,1755,3837,0,0,,,,0,,,113.0,126,113,0.0101,0.0058,0.0027,0.0054,0.0,0.0,,0.1873,0.2115
floortile-sat11-strips-seq-p09-018,0,False,144,671,731,1596,1421,1687,3355,0,0,,,,0,,,114.0,126,114,0.0466,0.0058,0.003,0.0058,0.0,0.0,,0.3931,0.4543
floortile-sat11-strips-seq-p10-019,0,False,169,822,910,1959,1915,2100,5147,0,0,,,,25662,,,137.0,147,137,0.0156,0.0077,0.0042,0.0078,0.0,0.0,,34.6376,34.673
floortile-sat11-strips-seq-p10-020,0,False,169,816,887,1929,1835,2047,4768,0,0,,,,0,,,131.0,154,131,0.028,0.0077,0.0044,0.0073,0.0,0.0,,0.2454,0.2929
floortile-sat14-strips-p01-4-3-2,0,False,31,108,134,289,163,309,292,0,0,,,,0,,,36.0,36,36,0.0061,0.0004,0.0001,0.0018,0.0,0.0,,0.0207,0.0292
floortile-sat14-strips-p01-5-4-2,0,False,49,205,239,518,330,555,667,0,0,,,,0,,,58.0,64,58,0.0077,0.001,0.0003,0.0036,0.0,0.0,,0.0285,0.0412
floortile-sat14-strips-p01-5-5-2,0,False,61,268,307,667,486,716,1076,0,0,,,,0,,,69.0,69,69,0.007,0.0014,0.0005,0.0044,0.0,0.0,,0.0258,0.0393
floortile-sat14-strips-p01-6-4-2,0,False,56,249,271,605,400,634,802,0,0,,,,0,,,68.0,74,68,0.009,0.0012,0.0005,0.003,0.0,0.0,,0.0445,0.0583
floortile-sat14-strips-p01-6-5-2,0,False,70,319,359,785,567,838,1234,0,0,,,,0,,,84.0,90,84,0.0093,0.0018,0.0008,0.0042,0.0,0.0,,0.0719,0.0881
floortile-sat14-strips-p01-6-5-3,0,False,105,465,513,1120,857,1184,1812,0,0,,,,0,,,84.0,94,84,0.0118,0.0032,0.0011,0.0052,0.0,0.0,,0.1108,0.1321
floortile-sat14-strips-p02-5-4-2,0,False,49,205,239,518,365,557,768,0,0,,,,489,,,62.0,62,62,0.0084,0.001,0.0003,0.0023,0.0,0.0,,0.2123,0.2243
floortile-sat14-strips-p02-6-4-2,0,False,57,254,285,625,446,667,985,0,0,,,,0,,,68.0,73,68,0.0076,0.0012,0.0005,0.0038,0.0,0.0,,0.0678,0.081
floortile-sat14-strips-p02-6-5-2,0,False,70,318,362,787,599,844,1351,0,0,,,,44753,,,92.0,99,92,0.0097,0.0018,0.0009,0.0055,0.0,0.0,,11.2927,11.3107
floortile-sat14-strips-p02-6-5-3,0,False,105,469,530,1142,914,1222,1946,0,0,,,,0,,,84.0,98,84,0.013,0.0033,0.0011,0.0042,0.0,0.0,,0.1287,0.1503
floortile-sat14-strips-p03-6-4-2,0,False,57,249,284,619,438,662,934,0,0,,,,1608,,,74.0,78,74,0.0073,0.0013,0.0004,0.005,0.0,0.0,,0.4334,0.4474
floortile-sat14-strips-p03-6-5-2,0,False,70,315,359,781,547,836,1111,0,0,,,,0,,,86.0,90,86,0.0163,0.0018,0.001,0.0048,0.0,0.0,,0.1506,0.1745
floortile-sat14-strips-p03-6-5-3,0,False,106,471,535,1149,922,1232,2035,0,0,,,,0,,,85.0,95,85,0.0426,0.0032,0.0011,0.0068,0.0,0.0,,0.2004,0.2542
floortile-sat14-strips-p04-5-4-2,0,False,49,207,241,522,368,562,778,0,0,,,,512,,,63.0,63,63,0.0218,0.0009,0.0003,0.0048,0.0,0.0,,0.2985,0.3265
floortile-sat14-strips-p04-5-5-2,0,False,62,276,317,685,537,739,1246,0,0,,,,45825,,,79.0,85,79,0.0112,0.0014,0.0005,0.0053,0.0,0.0,,9.9665,9.985
floortile-sat14-strips-p04-6-5-2,0,False,71,324,366,797,608,854,1377,0,0,,,,4582,,,89.0,93,89,0.0073,0.0018,0.0007,0.0026,0.0,0.0,,1.0973,1.1098
floortile-sat14-strips-p04-6-5-3,0,False,106,471,523,1136,951,1205,2190,0,0,,,,0,,,84.0,90,84,0.009,0.0032,0.0014,0.0036,0.0,0.0,,0.1387,0.1559
floortile-sat14-strips-p05-4-3-2,0,False,30,112,132,291,168,311,288,0,0,,,,0,,,33.0,36,33,0.0774,0.0005,0.0001,0.0173,0.0,0.0,,0.0352,0.1305
floortile-sat14-strips-p05-6-5-2,0,False,70,318,344,768,541,805,1190,0,0,,,,0,,,84.0,88,84,0.0138,0.0018,0.0007,0.0043,0.0,0.0,,0.0957,0.1163
floortile-sat14-strips-p05-6-5-3,0,False,106,485,531,1158,1023,1227,2369,0,0,,,,0,,,84.0,96,84,0.0085,0.0032,0.0013,0.004,0.0,0.0,,0.1317,0.1487
freecell-p01,0,True,27,176,558,787,417,972,1725,0,0,,,,0,,,8.0,10,8,0.0191,0.0016,0.0003,0.0042,0.0,0.0,,0.0355,0.0607
freecell-p02,0,True,43,367,1094,1541,885,1913,4392,0,0,,,,0,,,14.0,18,14,0.0125,0.0041,0.0016,0.0048,0.0,0.0,,0.122,0.1452
freecell-p03,0,True,59,522,1473,2103,1270,2648,6813,0,0,,,,0,,,18.0,21,18,0.013,0.0084,0.0021,0.0065,0.0,0.0,,0.1048,0.135
freecell-p04,0,True,72,566,1514,2214,1621,2990,8015,0,0,,,,0,,,26.0,32,26,0.0163,0.0102,0.004,0.0121,0.0,0.0,,0.1567,0.1995
freecell-p05,0,True,93,1080,2990,4236,2486,5151,17104,0,0,,,,0,,,30.0,40,30,0.0204,0.0201,0.0158,0.0131,0.0,0.0,,0.4527,0.5223
freecell-p06,0,True,108,1517,4156,5866,3390,7070,25500,0,0,,,,0,,,34.0,46,34,0.032,0.0313,0.0266,0.019,0.0,0.0,,0.3756,0.4848
freecell-p07,0,True,109,1434,3974,5603,3287,6808,25078,0,0,,,,0,,,39.0,46,39,0.0526,0.0346,0.0254,0.0201,0.0,0.0,,0.9912,1.1242
freecell-p08,0,True,127,1961,5410,7596,4389,9147,36135,0,0,,,,0,,,45.0,57,45,0.0424,0.0504,0.0487,0.0262,0.0,0.0,,1.8283,1.9967
freecell-p09,0,True,128,1969,5359,7554,4442,9100,36685,0,0,,,,0,,,41.0,48,41,0.0427,0.0544,0.0411,0.0266,0.0,0.0,,1.264,1.4291
freecell-p10,0,True,144,2561,6980,9795,5626,11717,50075,0,0,,,,0,,,48.0,59,48,0.0885,0.076,0.0835,0.0408,0.0,0.0,,1.1509,1.441
freecell-p11,0,True,146,2579,6957,9792,5842,11759,53926,0,0,,,,27,,,49.0,62,49,0.0833,0.0787,0.0771,0.038,0.0,0.0,,59.2497,59.5275
freecell-p12,0,True,144,2547,6914,9715,5714,11665,51090,0,0,,,,0,,,46.0,59,46,0.0523,0.0801,0.0663,0.0351,0.0,0.0,,1.1004,1.3354
freecell-p13,0,True,162,3607,10043,13933,7265,16015,74962,0,0,,,,0,,,55.0,65,55,0.0682,0.1265,0.1642,0.0513,0.0,0.0,,2.1225,2.5335
freecell-p14,0,True,162,3620,10066,13969,7195,16013,73846,0,0,,,,0,,,54.0,66,54,0.0749,0.1187,0.1756,0.0512,0.0,0.0,,2.8761,3.2974
freecell-p15,0,True,179,4016,10768,15097,8724,17948,89898,0,0,,,,0,,,61.0,78,61,0.0939,0.1575,0.2298,0.06,0.0,0.0,,6.0226,6.5656
freecell-p16,0,True,178,4434,12304,17049,8819,19515,96382,0,0,,,,0,,,59.0,71,59,0.1068,0.1648,0.2384,0.0649,0.0,0.0,,5.5442,6.1211
freecell-p17,0,True,196,5384,14875,20600,10745,23515,126918,0,0,,,,0,,,60.0,85,60,0.1159,0.3298,0.3404,0.081,0.0,0.0,,3.4915,4.3611
freecell-p18,0,True,198,4850,12981,18175,10468,21581,113897,0,0,,,,0,,,70.0,86,70,0.1186,0.2213,0.3132,0.0762,0.0,0.0,,4.9642,5.6949
freecell-p19,0,True,216,5773,15251,21398,12532,25416,145774,0,0,,,,0,,,73.0,93,73,0.1497,0.306,0.3937,0.0953,0.0,0.0,,15.0713,16.0192
freecell-p20,0,True,214,5734,15263,21369,12566,25403,147312,0,0,,,,0,,,69.0,90,69,0.5228,0.3287,0.384,0.0965,0.0,0.0,,11.481,12.8161
freecell-probfreecell-10-1,0,True,168,4367,11843,16500,9427,19524,105119,0,0,,,,0,,,55.0,69,55,0.1106,0.1761,0.1915,0.0696,0.0,0.0,,5.2148,5.765
freecell-probfreecell-10-2,0,True,167,4371,11776,16436,9380,19432,104685,0,0,,,,0,,,52.0,64,52,0.1046,0.1823,0.1912,0.0686,0.0,0.0,,3.0713,3.6204
freecell-probfreecell-10-3,0,True,167,4862,13493,18643,9403,21198,111088,0,0,,,,0,,,49.0,66,49,0.1066,0.2394,0.2237,0.0701,0.0,0.0,,3.9385,4.5797
freecell-probfreecell-10-4,0,True,168,4882,13430,18601,9490,21162,112626,0,0,,,,0,,,55.0,66,55,0.1494,0.185,0.2507,0.0768,0.0,0.0,,6.4536,7.1169
freecell-probfreecell-10-5,0,True,169,4905,13520,18715,9532,21282,112756,0,0,,,,0,,,57.0,68,57,0.1087,0.2442,0.2451,0.0713,0.0,0.0,,19.3951,20.0657
freecell-probfreecell-11-1,0,True,184,4844,12967,18129,10481,21476,120010,0,0,,,,0,,,61.0,76,61,0.1158,0.211,0.2348,0.0753,0.0,0.0,,5.4649,6.1033
freecell-probfreecell-11-2,0,True,183,4850,12908,18075,10437,21398,120049,0,0,,,,0,,,57.0,72,57,0.1153,0.2122,0.2185,0.0784,0.0,0.0,,8.0928,8.7187
freecell-probfreecell-11-3,0,True,184,5387,14741,20445,10503,23317,124808,0,0,,,,0,,,56.0,76,56,0.1257,0.3212,0.3344,0.0812,0.0,0.0,,2.8139,3.6789
freecell-probfreecell-11-4,0,True,184,5401,14726,20444,10484,23297,124878,0,0,,,,0,,,62.0,75,62,0.1146,0.2359,0.3314,0.0814,0.0,0.0,,8.5882,9.3539
freecell-probfreecell-11-5,0,True,184,4859,13003,18180,10382,21518,117755,0,0,,,,0,,,65.0,76,65,1.3079,0.2131,0.2407,0.0777,0.0,0.0,,27.7838,29.6248
freecell-probfreecell-12-1,0,True,200,5295,14173,19814,11585,23513,134233,0,0,,,,0,,,67.0,84,67,0.1338,0.2503,0.3099,0.0876,0.0,0.0,,15.0852,15.8697
freecell-probfreecell-12-2,0,True,199,5319,14080,19744,11507,23401,133817,0,0,,,,0,,,62.0,80,62,0.1375,0.2536,0.2546,0.0889,0.0,0.0,,3.5219,4.2592
freecell-probfreecell-12-3,0,True,200,5908,16042,22295,11556,25453,139145,0,0,,,,0,,,63.0,83,63,0.1409,0.3948,0.3929,0.0911,0.0,0.0,,2.9114,3.934
freecell-probfreecell-12-4,0,True,200,5331,14157,19834,11639,23516,136620,0,0,,,,0,,,67.0,83,67,0.1337,0.2706,0.2899,0.0866,0.0,0.0,,11.9138,12.6974
freecell-probfreecell-12-5,0,True,200,5319,14140,19805,11491,23489,133698,0,0,,,,0,,,71.0,85,71,0.183,0.2553,0.2994,0.0892,0.0,0.0,,166.8238,167.6534
freecell-probfreecell-13-1,0,True,216,5755,15336,21465,12692,25507,149622,0,0,,,,0,,,74.0,91,74,0.1576,0.2906,0.4245,0.0971,0.0,0.0,,45.4318,46.4048
freecell-probfreecell-13-2,0,True,215,5769,15229,21371,12542,25380,146634,0,0,,,,0,,,68.0,88,68,0.1704,0.2973,0.3294,0.0927,0.0,0.0,,17.3895,18.2825
freecell-probfreecell-13-3,0,True,215,5767,15265,21405,12545,25425,146321,0,0,,,,0,,,70.0,89,70,0.1477,0.2924,0.3541,0.0928,0.0,0.0,,9.4808,10.371
freecell-probfreecell-13-4,0,True,215,5778,15259,21410,12565,25423,147174,0,0,,,,0,,,73.0,90,73,0.1654,0.3152,0.3609,0.0974,0.0,0.0,,31.5538,32.4959
freecell-probfreecell-13-5,0,True,216,5766,15307,21447,12608,25480,148941,0,0,,,,0,,,78.0,92,78,0.1853,0.2922,0.392,0.0961,0.0,0.0,,66.8619,67.8308
freecell-probfreecell-2-1,0,True,44,831,2637,3536,1449,3756,12171,0,0,,,,0,,,9.0,9,9,0.0313,0.0108,0.0023,0.0121,0.0,0.0,,0.1725,0.2293
freecell-probfreecell-2-2,0,True,43,813,2680,3561,1291,3794,9745,0,0,,,,0,,,8.0,8,8,0.0197,0.0101,0.002,0.0102,0.0,0.0,,0.1527,0.1949
freecell-probfreecell-2-3,0,True,44,848,2672,3589,1535,3817,14288,0,0,,,,0,,,8.0,9,8,0.0203,0.0111,0.0018,0.0106,0.0,0.0,,0.1898,0.2338
freecell-probfreecell-2-4,0,True,44,832,2716,3616,1306,3848,9847,0,0,,,,0,,,8.0,9,8,0.0213,0.011,0.0024,0.0092,0.0,0.0,,0.1456,0.1897
freecell-probfreecell-2-5,0,True,44,831,2659,3558,1438,3768,12265,0,0,,,,0,,,9.0,9,9,0.024,0.0109,0.0021,0.0124,0.0,0.0,,0.197,0.2467
freecell-probfreecell-3-1,0,True,59,1306,4180,5581,2365,6088,21957,0,0,,,,0,,,14.0,16,14,0.0278,0.0231,0.0101,0.015,0.0,0.0,,0.312,0.3884
freecell-probfreecell-3-2,0,True,58,1286,4162,5542,2308,6033,21589,0,0,,,,0,,,13.0,14,13,0.0314,0.0213,0.0079,0.0153,0.0,0.0,,0.296,0.3722
freecell-probfreecell-3-3,0,True,58,1286,4169,5549,2309,6031,21751,0,0,,,,0,,,12.0,15,12,0.0269,0.023,0.0085,0.0144,0.0,0.0,,0.3024,0.3756
freecell-probfreecell-3-4,0,True,59,1310,4162,5567,2345,6066,21938,0,0,,,,0,,,12.0,14,12,0.0457,0.0221,0.0077,0.0153,0.0,0.0,,0.2917,0.3829
freecell-probfreecell-3-5,0,True,58,1286,4192,5572,2323,6071,21760,0,0,,,,0,,,13.0,15,13,0.0352,0.0209,0.0079,0.0172,0.0,0.0,,0.3499,0.4313
freecell-probfreecell-4-1,0,True,75,1819,5917,7861,3395,8686,33280,0,0,,,,0,,,19.0,24,19,0.0576,0.0352,0.0209,0.0236,0.0,0.0,,0.4635,0.6012
freecell-probfreecell-4-2,0,True,74,1798,5522,7442,3323,8207,32905,0,0,,,,0,,,17.0,19,17,0.0492,0.0349,0.0153,0.0227,0.0,0.0,,0.4454,0.5678
freecell-probfreecell-4-3,0,True,72,1783,5593,7497,3260,8287,32560,0,0,,,,0,,,18.0,22,18,0.0486,0.0331,0.0224,0.0225,0.0,0.0,,0.443,0.5699
freecell-probfreecell-4-4,0,True,75,1818,5498,7439,3344,8196,32892,0,0,,,,0,,,18.0,22,18,0.0398,0.035,0.019,0.0224,0.0,0.0,,0.4281,0.5447
freecell-probfreecell-4-5,0,True,72,1802,5630,7553,3328,8381,32970,0,0,,,,0,,,18.0,22,18,0.0367,0.0334,0.0231,0.0231,0.0,0.0,,0.5585,0.6752
freecell-probfreecell-5-1,0,True,89,2336,7291,9778,4345,10921,45302,0,0,,,,0,,,24.0,31,24,0.2059,0.0497,0.0428,0.0305,0.0,0.0,,0.7393,1.0693
freecell-probfreecell-5-2,0,True,91,2330,6883,9364,4306,10388,44325,0,0,,,,0,,,23.0,25,23,0.0527,0.0533,0.0312,0.0299,0.0,0.0,,0.5838,0.7515
freecell-probfreecell-5-3,0,True,88,2305,6838,9292,4291,10383,44158,0,0,,,,0,,,24.0,30,24,0.0624,0.0499,0.0417,0.0392,0.0,0.0,,0.5869,0.7807
freecell-probfreecell-5-4,0,True,89,2336,6955,9441,4314,10516,45379,0,0,,,,0,,,23.0,29,23,0.0459,0.0504,0.0403,0.0295,0.0,0.0,,0.8742,1.041
freecell-probfreecell-5-5,0,True,89,2318,6963,9431,4325,10540,44889,0,0,,,,0,,,25.0,31,25,0.0444,0.0506,0.0538,0.0308,0.0,0.0,,1.2699,1.4502
freecell-probfreecell-6-1,0,True,105,2821,8316,11315,5334,12729,57277,0,0,,,,0,,,30.0,38,30,0.0677,0.0689,0.0869,0.0372,0.0,0.0,,0.9582,1.2197
freecell-probfreecell-6-2,0,True,107,2840,8261,11280,5327,12578,57155,0,0,,,,0,,,28.0,32,28,0.0583,0.0716,0.0602,0.0375,0.0,0.0,,0.7614,0.9898
freecell-probfreecell-6-3,0,True,104,2818,8220,11215,5389,12608,59023,0,0,,,,0,,,28.0,33,28,0.0545,0.0693,0.0425,0.0375,0.0,0.0,,0.786,0.9905
freecell-probfreecell-6-4,0,True,104,2834,8357,11368,5260,12737,57251,0,0,,,,0,,,28.0,37,28,0.073,0.0695,0.0726,0.039,0.0,0.0,,0.9627,1.2176
freecell-probfreecell-6-5,0,True,105,2857,8308,11343,5316,12726,56680,0,0,,,,0,,,32.0,39,32,0.0651,0.0715,0.0747,0.0425,0.0,0.0,,1.3715,1.6261
freecell-probfreecell-7-1,0,True,121,3361,9597,13164,6419,14841,72531,0,0,,,,0,,,35.0,43,35,0.0747,0.0938,0.1056,0.0451,0.0,0.0,,1.5006,1.8207
freecell-probfreecell-7-2,0,True,121,3349,9515,13070,6366,14763,71322,0,0,,,,0,,,34.0,39,34,0.068,0.0976,0.072,0.0473,0.0,0.0,,1.4758,1.7616
freecell-probfreecell-7-3,0,True,120,3349,9534,13088,6372,14762,71508,0,0,,,,0,,,32.0,40,32,0.0712,0.0914,0.0816,0.0465,0.0,0.0,,0.9931,1.2852
freecell-probfreecell-7-4,0,True,120,3355,9526,13086,6298,14737,69580,0,0,,,,0,,,35.0,44,35,0.0669,0.0945,0.0879,0.0453,0.0,0.0,,2.7785,3.074
freecell-probfreecell-7-5,0,True,121,3369,9563,13138,6300,14805,69190,0,0,,,,0,,,40.0,46,40,0.2921,0.0924,0.1099,0.0454,0.0,0.0,,1.8298,2.3705
freecell-probfreecell-8-1,0,True,137,3864,10914,15012,7475,16990,85563,0,0,,,,0,,,42.0,53,42,0.0979,0.1182,0.1534,0.0569,0.0,0.0,,3.4673,3.8948
freecell-probfreecell-8-2,0,True,135,3452,9462,13147,7337,15468,80466,0,0,,,,0,,,39.0,48,39,0.0793,0.1174,0.0948,0.0521,0.0,0.0,,1.8544,2.1991
freecell-probfreecell-8-3,0,True,136,3852,10895,14980,7415,16959,84759,0,0,,,,0,,,38.0,49,38,0.082,0.1266,0.119,0.0526,0.0,0.0,,1.2148,1.596
freecell-probfreecell-8-4,0,True,136,3867,10776,14876,7408,16832,83983,0,0,,,,0,,,41.0,51,41,0.0775,0.117,0.1294,0.0538,0.0,0.0,,2.1538,2.5333
freecell-probfreecell-8-5,0,True,137,3890,10865,14989,7359,16947,83162,0,0,,,,0,,,45.0,54,45,0.0767,0.1194,0.1607,0.051,0.0,0.0,,2.7315,3.1405
freecell-probfreecell-9-1,0,True,153,4376,12163,16801,8552,19085,100188,0,0,,,,0,,,47.0,61,47,0.0915,0.1467,0.1687,0.0652,0.0,0.0,,2.781,3.2551
freecell-probfreecell-9-2,0,True,150,3898,10556,14714,8412,17360,94914,0,0,,,,0,,,44.0,58,44,0.0891,0.1497,0.117,0.0627,0.0,0.0,,3.5853,4.0058
freecell-probfreecell-9-3,0,True,152,4373,12196,16830,8449,19088,98307,0,0,,,,0,,,44.0,56,44,0.0972,0.1978,0.1598,0.0629,0.0,0.0,,3.666,4.1857
freecell-probfreecell-9-4,0,True,152,4370,12085,16716,8399,18980,96733,0,0,,,,0,,,48.0,58,48,0.0919,0.1476,0.1815,0.0623,0.0,0.0,,9.6348,10.1193
freecell-probfreecell-9-5,0,True,153,4402,12184,16848,8450,19108,97617,0,0,,,,0,,,51.0,60,51,0.0968,0.1536,0.183,0.0645,0.0,0.0,,11.8734,12.3734
ged-opt14-strips-d-1-2,0,False,47,102,225,375,423,548,1467,0,0,,,,0,,,1.0,1,1,0.0388,0.0005,0.0001,0.0078,0.0,0.0,,0.0399,0.0872
ged-opt14-strips-d-1-3,0,False,118,456,1044,1626,2918,2327,27748,0,0,,,,0,,,1.0,1,1,0.0171,0.0042,0.0066,0.0195,0.0,0.0,,0.3575,0.405
ged-opt14-strips-d-1-4,0,False,47,102,225,375,423,548,1467,0,0,,,,0,,,1.0,1,1,0.0191,0.0005,0.0001,0.0046,0.0,0.0,,0.0363,0.0607
ged-opt14-strips-d-1-8,0,False,151,630,1449,2239,4560,3196,57320,0,0,,,,0,,,1.0,1,1,0.0242,0.0071,0.0161,0.0361,0.0,0.0,,0.6504,0.734
ged-opt14-strips-d-2-1,0,False,47,102,225,375,423,548,1467,0,0,,,,0,,,1.0,1,1,0.0062,0.0005,0.0001,0.0029,0.0,0.0,,0.0351,0.0449
ged-opt14-strips-d-2-3,0,False,89,310,705,1111,1700,1596,11274,0,0,,,,0,,,1.0,1,1,0.0173,0.0023,0.0027,0.0092,0.0,0.0,,0.1504,0.182
ged-opt14-strips-d-2-4,0,False,64,192,432,694,900,1003,4368,0,0,,,,0,,,1.0,1,1,0.0102,0.0012,0.0005,0.0055,0.0,0.0,,0.0765,0.094
ged-opt14-strips-d-2-8,0,False,230,1062,2457,3759,9855,5348,199549,0,0,,,,0,,,1.0,1,1,0.0219,0.0172,0.0931,0.1109,0.0,0.0,,2.4024,2.6456
ged-opt14-strips-d-3-1,0,False,118,456,1044,1626,2950,2327,28864,0,0,,,,0,,,1.0,1,1,0.0121,0.0042,0.0083,0.0177,0.0,0.0,,0.3384,0.3808
ged-opt14-strips-d-3-2,0,False,89,310,705,1111,1701,1596,11282,0,0,,,,0,,,1.0,1,1,0.0088,0.0024,0.0022,0.0097,0.0,0.0,,0.1542,0.1773
ged-opt14-strips-d-3-4,0,False,150,630,1449,2239,4593,3196,59544,0,0,,,,0,,,1.0,1,1,0.0274,0.007,0.017,0.0362,0.0,0.0,,0.6553,0.743
ged-opt14-strips-d-4-2,0,False,64,192,432,694,900,1003,4364,0,0,,,,0,,,1.0,1,1,0.0078,0.0012,0.0005,0.0046,0.0,0.0,,0.0728,0.087
ged-opt14-strips-d-4-3,0,False,150,630,1449,2239,4615,3196,59686,0,0,,,,0,,,1.0,1,1,0.0181,0.0071,0.0169,0.0352,0.0,0.0,,0.7133,0.7907
ged-opt14-strips-d-4-8,0,False,230,1062,2457,3759,9552,5348,185747,0,0,,,,0,,,1.0,1,1,0.0123,0.0172,0.0818,0.1032,0.0,0.0,,2.0017,2.2162
ged-opt14-strips-d-7-5,0,False,151,630,1449,2239,4553,3196,57855,0,0,,,,0,,,1.0,1,1,0.0085,0.007,0.016,0.0327,0.0,0.0,,0.7186,0.783
ged-opt14-strips-d-7-6,0,False,119,456,1044,1626,2932,2327,28387,0,0,,,,0,,,0.0,0,0,0.0137,0.0042,0.0002,0.0181,0.0,0.0,,0.3016,0.3378
ged-opt14-strips-d-8-1,0,False,151,630,1449,2239,4579,3196,58557,0,0,,,,0,,,1.0,1,1,0.01,0.007,0.0158,0.0348,0.0,0.0,,0.7257,0.7935
ged-opt14-strips-d-8-2,0,False,230,1062,2457,3759,9880,5348,202641,0,0,,,,0,,,1.0,1,1,0.0129,0.017,0.0784,0.1109,0.0,0.0,,2.2301,2.4495
ged-opt14-strips-d-8-4,0,False,230,1062,2457,3759,9995,5348,207538,0,0,,,,0,,,1.0,1,1,0.0141,0.0171,0.091,0.1137,0.0,0.0,,2.273,2.509
ged-opt14-strips-d-8-9,0,False,228,1062,2457,3759,9410,5348,181576,0,0,,,,0,,,1.0,1,1,0.0161,0.0171,0.0796,0.1033,0.0,0.0,,1.9006,2.1168
ged-sat14-strips-d-10-1,0,False,695,3910,9129,13759,22328,19476,395996,0,0,,,,0,,,1.0,1,1,0.0466,0.1932,5.2415,0.2241,0.0,0.0,,3.6344,9.3402
ged-sat14-strips-d-10-2,0,False,694,3910,9129,13759,22328,19476,395996,0,0,,,,0,,,1.0,1,1,0.0502,0.1902,5.2955,0.2266,0.0,0.0,,3.6372,9.3999
ged-sat14-strips-d-10-3,0,False,769,4392,10260,15450,25043,21863,465830,0,0,,,,0,,,1.0,1,1,0.0562,0.2381,7.7665,0.267,0.0,0.0,,4.3471,12.6754
ged-sat14-strips-d-10-4,0,False,696,3910,9129,13759,22328,19476,395996,0,0,,,,0,,,1.0,1,1,0.1106,0.1903,5.2359,0.2266,0.0,0.0,,3.6494,9.4131
ged-sat14-strips-d-10-5,0,False,1024,6006,14049,21111,35944,29852,715058,0,0,,,,0,,,1.0,1,1,0.0908,0.4312,20.3372,0.4165,0.0,0.0,,7.2267,28.5029
ged-sat14-strips-d-10-6,0,False,1023,6006,14049,21111,35784,29852,716600,0,0,,,,0,,,1.0,1,1,0.0874,0.4336,19.972,0.4195,0.0,0.0,,7.2997,28.2127
ged-sat14-strips-d-11-1,0,False,774,4392,10260,15450,24970,21863,461664,0,0,,,,0,,,1.0,1,1,0.0589,0.2352,7.6871,0.2581,0.0,0.0,,4.4408,12.6806
ged-sat14-strips-d-11-3,0,False,772,4392,10260,15450,25008,21863,463828,0,0,,,,0,,,1.0,1,1,0.0549,0.2358,7.7133,0.2665,0.0,0.0,,4.4386,12.7096
ged-sat14-strips-d-11-5,0,False,937,5440,12720,19126,31366,27051,621607,0,0,,,,0,,,1.0,1,1,0.0762,0.3566,14.8413,0.362,0.0,0.0,,6.2736,21.9102
ged-sat14-strips-d-11-6,0,False,851,4902,11457,17239,27833,24388,538114,0,0,,,,0,,,1.0,1,1,0.1595,0.2929,10.5278,0.3072,0.0,0.0,,5.3059,16.5937
ged-sat14-strips-d-12-11,0,False,854,4902,11457,17239,27834,24388,538175,0,0,,,,0,,,1.0,1,1,0.0663,0.2926,10.8216,0.3076,0.0,0.0,,5.4679,16.9564
ged-sat14-strips-d-12-2,0,False,1217,7222,16905,25375,43145,35868,917768,0,0,,,,0,,,1.0,1,1,0.1337,0.6157,35.5773,0.5418,0.0,0.0,,9.735,46.6042
ged-sat14-strips-d-12-3,0,False,1316,7872,18432,27654,46959,39083,1033317,0,0,,,,0,,,1.0,1,1,0.1334,0.7255,45.2888,0.6084,0.0,0.0,,11.1492,57.9061
ged-sat14-strips-d-12-5,0,False,1420,8550,20025,30031,50984,42436,1161834,0,0,,,,0,,,1.0,1,1,0.1518,0.8505,58.6773,0.6884,0.0,0.0,,12.7186,73.0876
ged-sat14-strips-d-12-6,0,False,1213,7222,16905,25375,43145,35868,917626,0,0,,,,0,,,1.0,1,1,0.1162,0.6151,34.7201,0.5349,0.0,0.0,,9.5965,45.5835
ged-sat14-strips-d-12-7,0,False,1315,7872,18432,27654,46961,39083,1033334,0,0,,,,0,,,1.0,1,1,0.1328,0.7252,46.1009,0.6093,0.0,0.0,,11.1866,58.7558
ged-sat14-strips-d-12-8,0,False,1530,9256,21684,32506,55071,45927,1293425,0,0,,,,0,,,1.0,1,1,0.1791,0.9952,74.8878,0.784,0.0,0.0,,14.3368,91.184
ged-sat14-strips-d-12-9,0,False,1528,9256,21684,32506,55071,45927,1293425,0,0,,,,0,,,1.0,1,1,0.1728,0.9953,74.0489,0.7787,0.0,0.0,,14.5787,90.5754
ged-sat14-strips-d-3-6,0,False,775,4392,10260,15450,25005,21863,463509,0,0,,,,0,,,1.0,1,1,0.0681,0.2364,7.6879,0.2677,0.0,0.0,,4.3417,12.6021
ged-sat14-strips-d-9-5,0,False,856,4902,11457,17239,27872,24388,540202,0,0,,,,0,,,1.0,1,1,0.0643,0.2979,10.643,0.3249,0.0,0.0,,5.5595,16.8898
grid-prob01,0,True,42,105,109,265,178,289,358,0,0,,,,0,,,10.0,10,10,0.0179,0.0068,0.0001,0.0032,0.0,0.0,,0.0124,0.0406
grid-prob02,0,True,63,204,212,490,376,506,1021,0,0,,,,522,,,20.0,23,20,0.0634,0.0211,0.0003,0.0024,0.0,0.0,,0.1392,0.2266
grid-prob03,0,True,95,240,248,602,473,666,1089,0,0,,,,0,,,26.0,26,26,0.0532,0.0502,0.0005,0.0039,0.0,0.0,,0.0479,0.1564
grid-prob04,0,True,105,419,439,977,777,948,2475,0,0,,,,242,,,23.0,26,23,0.105,0.0677,0.0008,0.0045,0.0,0.0,,0.348,0.5273
grid-prob05,0,True,158,447,457,1096,1045,1220,3216,0,0,,,,4117,,,50.0,52,50,0.17,0.2039,0.0021,0.0051,0.0,0.0,,4.5042,4.887
gripper-prob01,0,True,8,16,25,59,12,54,16,0,0,,,,0,,,9.0,9,9,0.0226,0.0001,0.0,0.0029,0.0,0.0,,0.0021,0.0278
gripper-prob02,0,True,12,24,37,87,18,80,24,0,0,,,,0,,,13.0,13,13,0.0049,0.0001,0.0,0.0023,0.0,0.0,,0.0021,0.0095
gripper-prob03,0,True,16,32,49,115,24,106,32,0,0,,,,0,,,17.0,17,17,0.02,0.0002,0.0001,0.0019,0.0,0.0,,0.0026,0.0248
gripper-prob04,0,True,20,40,61,143,30,132,40,0,0,,,,0,,,21.0,21,21,0.0097,0.0002,0.0001,0.0032,0.0,0.0,,0.0025,0.0158
gripper-prob05,0,True,24,48,73,171,36,158,48,0,0,,,,0,,,25.0,25,25,0.0055,0.0003,0.0001,0.0017,0.0,0.0,,0.0024,0.0101
gripper-prob06,0,True,28,56,85,199,42,184,56,0,0,,,,0,,,29.0,29,29,0.0065,0.0004,0.0001,0.004,0.0,0.0,,0.0034,0.0145
gripper-prob07,0,True,32,64,97,227,48,210,64,0,0,,,,0,,,33.0,33,33,0.0111,0.0005,0.0002,0.0032,0.0,0.0,,0.0035,0.0185
gripper-prob08,0,True,36,72,109,255,54,236,72,0,0,,,,0,,,37.0,37,37,0.012,0.0006,0.0002,0.0034,0.0,0.0,,0.003,0.0192
gripper-prob09,0,True,40,80,121,283,60,262,80,0,0,,,,0,,,41.0,41,41,0.0129,0.0007,0.0003,0.0035,0.0,0.0,,0.0033,0.0207
gripper-prob10,0,True,44,88,133,311,66,288,88,0,0,,,,0,,,45.0,45,45,0.0133,0.0008,0.0004,0.0043,0.0,0.0,,0.0083,0.0272
gripper-prob11,0,True,48,96,145,339,72,314,96,0,0,,,,0,,,49.0,49,49,0.0067,0.0009,0.0005,0.002,0.0,0.0,,0.003,0.0131
gripper-prob12,0,True,52,104,157,367,78,340,104,0,0,,,,0,,,53.0,53,53,0.0266,0.001,0.0006,0.0222,0.0,0.0,,0.0031,0.0535
gripper-prob13,0,True,56,112,169,395,84,366,112,0,0,,,,0,,,57.0,57,57,0.0257,0.0012,0.0007,0.005,0.0,0.0,,0.0052,0.0378
gripper-prob14,0,True,60,120,181,423,90,392,120,0,0,,,,0,,,61.0,61,61,0.0086,0.0013,0.0008,0.0029,0.0,0.0,,0.0033,0.017
gripper-prob15,0,True,64,128,193,451,96,418,128,0,0,,,,0,,,65.0,65,65,0.0083,0.0015,0.0009,0.0031,0.0,0.0,,0.0042,0.018
gripper-prob16,0,True,68,136,205,479,102,444,136,0,0,,,,0,,,69.0,69,69,0.009,0.0017,0.0012,0.0044,0.0,0.0,,0.004,0.0203
gripper-prob17,0,True,72,144,217,507,108,470,144,0,0,,,,0,,,73.0,73,73,0.0063,0.0018,0.0013,0.0022,0.0,0.0,,0.0035,0.0151
gripper-prob18,0,True,76,152,229,535,114,496,152,0,0,,,,0,,,77.0,77,77,0.0279,0.002,0.0014,0.0025,0.0,0.0,,0.0042,0.0382
gripper-prob19,0,True,80,160,241,563,120,522,160,0,0,,,,0,,,81.0,81,81,0.0257,0.0022,0.0016,0.0556,0.0,0.0,,0.0042,0.0894
gripper-prob20,0,True,84,168,253,591,126,548,168,0,0,,,,0,,,85.0,85,85,0.0077,0.0024,0.0019,0.0024,0.0,0.0,,0.004,0.0185
hiking-agl14-strips-testing-3-4-3,0,True,17,381,1497,1913,151,1671,704,0,0,,,,0,,,9.0,10,9,0.0197,0.0096,0.0009,0.0032,0.0,0.0,,0.1864,0.2201
hiking-agl14-strips-testing-3-4-4,0,True,24,570,2244,2865,256,2517,1147,0,0,,,,0,,,13.0,15,13,0.4701,0.031,0.0026,0.3694,0.0,0.0,,0.4363,1.3097
hiking-agl14-strips-testing-3-4-5,0,True,31,759,2991,3817,333,3363,1480,0,0,,,,0,,,17.0,20,17,0.048,0.0782,0.0049,0.004,0.0,0.0,,0.1372,0.2732
hiking-agl14-strips-testing-3-4-6,0,True,38,948,3738,4769,452,4219,3148,0,0,,,,0,,,21.0,25,21,0.0726,0.1359,0.0052,0.0054,0.0,0.0,,0.225,0.4455
hiking-agl14-strips-testing-3-4-7,0,True,45,1137,4485,5721,509,5055,2294,0,0,,,,0,,,25.0,30,25,0.1006,0.2892,0.0131,0.0059,0.0,0.0,,0.269,0.6798
hiking-agl14-strips-testing-3-4-8,0,True,52,1326,5232,6673,617,5901,2731,0,0,,,,0,,,29.0,35,29,0.1739,0.494,0.0192,0.0078,0.0,0.0,,0.3223,1.0198
hiking-agl14-strips-testing-3-4-9,0,True,59,1515,5979,7625,920,6763,5832,0,0,,,,0,,,33.0,40,33,0.2527,0.6785,0.0178,0.0357,0.0,0.0,,0.381,1.3691
hiking-agl14-strips-testing-4-5-3,0,True,22,1156,4580,5782,272,4862,2676,0,0,,,,0,,,11.0,12,11,0.0409,0.0463,0.0039,0.007,0.0,0.0,,0.2277,0.3266
hiking-agl14-strips-testing-4-5-4,0,True,31,1732,6868,8667,413,7301,2407,0,0,,,,0,,,16.0,18,16,0.0761,0.1866,0.0138,0.0066,0.0,0.0,,0.353,0.6377
hiking-agl14-strips-testing-4-5-5,0,True,40,2308,9156,11552,553,9744,3235,0,0,,,,0,,,21.0,24,21,0.1275,0.4951,0.0294,0.0101,0.0,0.0,,0.493,1.1578
hiking-agl14-strips-testing-4-5-6,0,True,49,2884,11444,14437,719,12197,6921,0,0,,,,0,,,26.0,30,26,0.2324,0.8739,0.0333,0.0129,0.0,0.0,,0.7707,1.9276
hiking-agl14-strips-testing-4-5-7,0,True,58,3460,13732,17322,886,14642,8363,0,0,,,,0,,,31.0,36,31,0.305,1.6744,0.0537,0.0159,0.0,0.0,,1.008,3.0638
hiking-agl14-strips-testing-4-5-8,0,True,67,4036,16020,20207,1045,17073,6018,0,0,,,,0,,,36.0,42,36,0.397,3.6918,0.1234,0.0242,0.0,0.0,,1.1066,5.358
hiking-agl14-strips-testing-4-5-9,0,True,76,4612,18308,23092,1286,19516,7267,0,0,,,,0,,,41.0,48,41,0.495,6.076,0.1854,0.0192,0.0,0.0,,1.3849,8.1826
hiking-agl14-strips-testing-5-6-3,0,True,27,2755,10955,13767,422,11365,5048,0,0,,,,0,,,13.0,14,13,0.0919,0.199,0.0191,0.0123,0.0,0.0,,0.5314,0.8554
hiking-agl14-strips-testing-5-6-4,0,True,38,4130,16430,20643,637,17065,7734,0,0,,,,0,,,19.0,21,19,0.2933,0.7205,0.053,0.0323,0.0,0.0,,0.9102,2.0134
hiking-agl14-strips-testing-5-6-5,0,True,49,5505,21905,27519,828,22757,6011,0,0,,,,0,,,25.0,28,25,0.3073,2.4375,0.1228,0.0235,0.0,0.0,,1.2633,4.1618
hiking-agl14-strips-testing-5-6-6,0,True,60,6880,27380,34395,1146,28475,18386,0,0,,,,0,,,31.0,35,31,0.4387,3.9356,0.1307,0.0294,0.0,0.0,,1.9715,6.5173
hiking-agl14-strips-testing-5-6-7,0,True,71,8255,32855,41271,1660,34189,29648,0,0,,,,0,,,37.0,42,37,0.6732,8.3113,0.1296,0.0429,0.0,0.0,,2.5678,11.7407
hiking-agl14-strips-testing-5-6-8,0,True,82,9630,38330,48147,1481,39851,10587,0,0,,,,0,,,43.0,49,43,1.0077,18.9515,0.4974,0.0449,0.0,0.0,,2.7695,23.2915
hiking-opt14-strips-ptesting-1-2-3,0,True,4,9,35,59,27,73,41,0,0,,,,0,,,5.0,6,5,0.1595,0.0001,0.0,0.0025,0.0,0.0,,0.0045,0.1667
hiking-opt14-strips-ptesting-1-2-4,0,True,6,7,34,63,36,89,39,0,0,,,,0,,,7.0,7,7,0.2027,0.0003,0.0,0.003,0.0,0.0,,0.0051,0.2113
hiking-opt14-strips-ptesting-1-2-5,0,True,8,17,69,115,64,153,96,0,0,,,,0,,,9.0,9,9,0.0073,0.0005,0.0,0.0024,0.0,0.0,,0.006,0.0163
hiking-opt14-strips-ptesting-1-2-7,0,True,12,13,67,123,81,185,102,0,0,,,,0,,,13.0,13,13,0.0071,0.0014,0.0001,0.0017,0.0,0.0,,0.0067,0.017
hiking-opt14-strips-ptesting-1-2-8,0,True,14,15,78,143,97,217,126,0,0,,,,0,,,15.0,15,15,0.0206,0.002,0.0001,0.0015,0.0,0.0,,0.0074,0.0316
hiking-opt14-strips-ptesting-2-2-3,0,True,10,58,218,298,72,306,110,0,0,,,,0,,,7.0,8,7,0.0609,0.001,0.0001,0.0165,0.0,0.0,,0.0453,0.1239
hiking-opt14-strips-ptesting-2-2-4,0,True,14,86,326,444,109,466,194,0,0,,,,0,,,10.0,12,10,0.0154,0.0026,0.0002,0.0022,0.0,0.0,,0.0432,0.0638
hiking-opt14-strips-ptesting-2-2-5,0,True,18,114,434,590,155,626,273,0,0,,,,0,,,13.0,16,13,3.8635,0.0056,0.0004,0.0028,0.0,0.0,,0.0149,3.8874
hiking-opt14-strips-ptesting-2-2-6,0,True,22,202,722,976,229,976,794,0,0,,,,0,,,16.0,20,16,0.0265,0.0089,0.0005,0.0047,0.0,0.0,,0.0279,0.0688
hiking-opt14-strips-ptesting-2-2-7,0,True,26,170,650,882,241,946,357,0,0,,,,0,,,19.0,24,19,0.6952,0.0185,0.0009,0.0575,0.0,0.0,,0.1004,0.8729
hiking-opt14-strips-ptesting-2-2-8,0,True,30,282,1010,1364,334,1372,1152,0,0,,,,0,,,22.0,28,22,0.6154,0.0237,0.001,0.1554,0.0,0.0,,0.1429,0.9386
hiking-opt14-strips-ptesting-2-3-4,0,True,17,122,470,627,125,619,380,0,0,,,,0,,,10.0,12,10,0.0282,0.0039,0.0003,0.0024,0.0,0.0,,0.0562,0.0911
hiking-opt14-strips-ptesting-2-3-5,0,True,22,234,842,1122,183,1054,826,0,0,,,,0,,,13.0,16,13,0.0166,0.0086,0.0005,0.0022,0.0,0.0,,0.0319,0.0601
hiking-opt14-strips-ptesting-2-3-6,0,True,27,202,782,1041,222,1031,424,0,0,,,,0,,,16.0,20,16,0.032,0.0203,0.0009,0.0039,0.0,0.0,,0.027,0.0845
hiking-opt14-strips-ptesting-2-3-7,0,True,32,242,938,1248,291,1252,913,0,0,,,,0,,,19.0,24,19,0.0281,0.0266,0.0014,0.0035,0.0,0.0,,0.0383,0.0983
hiking-opt14-strips-ptesting-2-4-3,0,True,14,106,410,542,71,502,115,0,0,,,,0,,,7.0,8,7,0.0193,0.0023,0.0002,0.0029,0.0,0.0,,0.0153,0.04
hiking-opt14-strips-ptesting-2-4-4,0,True,20,158,614,810,129,769,484,0,0,,,,0,,,10.0,12,10,0.016,0.0056,0.0004,0.0037,0.0,0.0,,0.024,0.0498
hiking-opt14-strips-ptesting-2-4-5,0,True,26,210,818,1078,190,1030,695,0,0,,,,0,,,13.0,16,13,0.0204,0.0121,0.0007,0.0023,0.0,0.0,,0.0338,0.0696
hiking-opt14-strips-ptesting-2-4-6,0,True,32,382,1382,1826,304,1666,1476,0,0,,,,0,,,16.0,20,16,0.0298,0.0245,0.001,0.0034,0.0,0.0,,0.056,0.115
hiking-opt14-strips-ptesting-2-4-7,0,True,38,314,1226,1614,238,1534,437,0,0,,,,0,,,19.0,24,19,0.0371,0.0568,0.0019,0.0028,0.0,0.0,,0.0445,0.1437
hiking-sat14-strips-ptesting-1-2-7,0,True,12,13,67,123,81,185,102,0,0,,,,0,,,13.0,13,13,0.0066,0.0014,0.0001,0.0015,0.0,0.0,,0.0067,0.0163
hiking-sat14-strips-ptesting-1-2-8,0,True,14,15,78,143,97,217,126,0,0,,,,0,,,15.0,15,15,0.0186,0.002,0.0001,0.0026,0.0,0.0,,0.0079,0.0312
hiking-sat14-strips-ptesting-2-2-6,0,True,22,202,722,976,229,976,794,0,0,,,,0,,,16.0,20,16,0.0237,0.0087,0.0005,0.0053,0.0,0.0,,0.0278,0.0664
hiking-sat14-strips-ptesting-2-2-7,0,True,26,170,650,882,241,946,357,0,0,,,,0,,,19.0,24,19,0.0205,0.0196,0.0009,0.0051,0.0,0.0,,0.0436,0.09
hiking-sat14-strips-ptesting-2-2-8,0,True,30,282,1010,1364,334,1372,1152,0,0,,,,0,,,22.0,28,22,0.0273,0.0237,0.001,0.0027,0.0,0.0,,0.0384,0.0934
hiking-sat14-strips-ptesting-2-3-6,0,True,27,202,782,1041,222,1031,424,0,0,,,,0,,,16.0,20,16,0.0257,0.0194,0.0009,0.0027,0.0,0.0,,0.0267,0.0758
hiking-sat14-strips-ptesting-2-3-7,0,True,32,242,938,1248,291,1252,913,0,0,,,,0,,,19.0,24,19,0.0672,0.0261,0.0012,0.0049,0.0,0.0,,0.0382,0.1379
hiking-sat14-strips-ptesting-2-3-8,0,True,37,282,1094,1455,335,1463,1046,0,0,,,,0,,,22.0,28,22,0.0457,0.0434,0.0018,0.0038,0.0,0.0,,0.0792,0.1746
hiking-sat14-strips-ptesting-2-4-5,0,True,26,210,818,1078,190,1030,695,0,0,,,,0,,,13.0,16,13,0.0242,0.0125,0.0007,0.0037,0.0,0.0,,0.0327,0.0741
hiking-sat14-strips-ptesting-2-4-6,0,True,32,382,1382,1826,304,1666,1476,0,0,,,,0,,,16.0,20,16,0.0305,0.0245,0.0011,0.003,0.0,0.0,,0.0551,0.1145
hiking-sat14-strips-ptesting-2-4-7,0,True,38,314,1226,1614,238,1534,437,0,0,,,,0,,,19.0,24,19,0.037,0.057,0.0019,0.0044,0.0,0.0,,0.0452,0.1462
hiking-sat14-strips-ptesting-2-4-8,0,True,44,366,1430,1882,340,1813,1197,0,0,,,,0,,,22.0,28,22,0.4764,0.0655,0.0025,0.1036,0.0,0.0,,0.3835,1.0322
hiking-sat14-strips-ptesting-3-3-5,0,True,27,579,2271,2913,343,2639,1995,0,0,,,,0,,,17.0,20,17,0.0447,0.0436,0.0022,0.0052,0.0,0.0,,0.1763,0.2727
hiking-sat14-strips-ptesting-3-3-6,0,True,33,948,3513,4539,430,3984,3314,0,0,,,,0,,,21.0,25,21,0.0552,0.0986,0.0033,0.0158,0.0,0.0,,0.2241,0.398
hiking-sat14-strips-ptesting-3-3-7,0,True,39,1137,4215,5445,560,4785,4237,0,0,,,,0,,,25.0,30,25,0.074,0.1831,0.0054,0.0063,0.0,0.0,,0.3214,0.5916
hiking-sat14-strips-ptesting-3-3-8,0,True,45,1011,3972,5091,606,4634,3461,0,0,,,,0,,,29.0,35,29,0.1207,0.2538,0.0084,0.0068,0.0,0.0,,0.2647,0.6564
hiking-sat14-strips-ptesting-3-4-5,0,True,31,759,2991,3817,336,3363,1536,0,0,,,,0,,,17.0,20,17,0.2783,0.0751,0.0048,0.0047,0.0,0.0,,0.2992,0.6631
hiking-sat14-strips-ptesting-3-4-6,0,True,38,948,3738,4769,478,4219,3235,0,0,,,,0,,,21.0,25,21,0.0764,0.1357,0.0052,0.0063,0.0,0.0,,0.3733,0.5982
hiking-sat14-strips-ptesting-3-4-7,0,True,45,1137,4485,5721,568,5067,3838,0,0,,,,0,,,25.0,30,25,0.1025,0.2525,0.0083,0.0066,0.0,0.0,,0.2751,0.6469
hiking-sat14-strips-ptesting-3-4-8,0,True,52,1326,5232,6673,638,5901,2803,0,0,,,,0,,,29.0,35,29,0.1313,0.4929,0.0191,0.0064,0.0,0.0,,0.3252,0.9775
logistics00-probLOGISTICS-10-0,0,True,0,33,41,123,53,128,53,0,0,,,,0,,,41.0,41,41,0.016,0.0005,0.0001,0.0019,0.0,0.0,,0.0019,0.0204
logistics00-probLOGISTICS-10-1,0,True,0,33,39,117,48,122,48,0,0,,,,0,,,39.0,39,39,0.0098,0.0005,0.0001,0.0016,0.0,0.0,,0.0021,0.014
logistics00-probLOGISTICS-11-0,0,True,0,37,45,135,56,144,56,0,0,,,,0,,,45.0,45,45,0.344,0.0006,0.0001,0.0019,0.0,0.0,,0.002,0.3486
logistics00-probLOGISTICS-11-1,0,True,0,46,55,165,74,178,74,0,0,,,,0,,,55.0,55,55,0.0483,0.0006,0.0001,0.0174,0.0,0.0,,0.0054,0.0719
logistics00-probLOGISTICS-12-0,0,True,0,33,39,117,51,121,51,0,0,,,,0,,,39.0,39,39,0.0236,0.0005,0.0001,0.0059,0.0,0.0,,0.0056,0.0358
logistics00-probLOGISTICS-12-1,0,True,0,52,63,189,84,201,84,0,0,,,,0,,,63.0,63,63,0.0069,0.0007,0.0002,0.0016,0.0,0.0,,0.0019,0.0114
logistics00-probLOGISTICS-13-0,0,True,63,220,231,577,466,712,757,0,0,,,,0,,,67.0,67,67,0.0113,0.002,0.0007,0.0031,0.0,0.0,,0.0122,0.0295
logistics00-probLOGISTICS-13-1,0,True,53,183,193,483,365,592,603,0,0,,,,0,,,57.0,57,57,0.0073,0.0018,0.0005,0.0021,0.0,0.0,,0.0103,0.022
logistics00-probLOGISTICS-14-0,0,True,48,162,171,433,313,524,514,0,0,,,,0,,,55.0,55,55,0.0139,0.0018,0.0004,0.0028,0.0,0.0,,0.0099,0.0288
logistics00-probLOGISTICS-14-1,0,True,63,216,227,569,452,701,724,0,0,,,,0,,,67.0,67,67,0.0082,0.0021,0.0007,0.0032,0.0,0.0,,0.0123,0.0266
logistics00-probLOGISTICS-15-0,0,True,68,233,243,609,483,751,767,0,0,,,,0,,,71.0,71,71,0.029,0.0024,0.0008,0.0047,0.0,0.0,,0.0128,0.0498
logistics00-probLOGISTICS-15-1,0,True,63,219,227,565,443,697,725,0,0,,,,0,,,63.0,63,63,0.893,0.0022,0.0006,0.011,0.0,0.0,,0.0197,0.9266
logistics00-probLOGISTICS-4-0,0,True,0,14,19,57,22,58,22,0,0,,,,0,,,19.0,19,19,0.0066,0.0001,0.0,0.003,0.0,0.0,,0.0019,0.0116
logistics00-probLOGISTICS-4-1,0,True,0,13,17,51,21,51,21,0,0,,,,0,,,17.0,17,17,0.0364,0.0002,0.0,0.0337,0.0,0.0,,0.0099,0.0802
logistics00-probLOGISTICS-4-2,0,True,0,9,13,39,13,39,13,0,0,,,,0,,,13.0,13,13,0.0098,0.0001,0.0,0.0035,0.0,0.0,,0.0021,0.0155
logistics00-probLOGISTICS-5-0,0,True,0,20,25,75,34,78,34,0,0,,,,0,,,25.0,25,25,0.0136,0.0001,0.0,0.0035,0.0,0.0,,0.0029,0.0202
logistics00-probLOGISTICS-5-1,0,True,0,11,15,45,14,44,14,0,0,,,,0,,,15.0,15,15,0.0053,0.0001,0.0,0.0017,0.0,0.0,,0.0019,0.009
logistics00-probLOGISTICS-5-2,0,True,0,6,8,24,6,22,6,0,0,,,,0,,,8.0,8,8,0.0078,0.0001,0.0,0.0047,0.0,0.0,,0.0019,0.0145
logistics00-probLOGISTICS-6-0,0,True,0,19,23,69,29,71,29,0,0,,,,0,,,23.0,23,23,0.0058,0.0001,0.0,0.0034,0.0,0.0,,0.0019,0.0112
logistics00-probLOGISTICS-6-1,0,True,0,9,13,39,13,38,13,0,0,,,,0,,,13.0,13,13,0.0143,0.0001,0.0,0.0066,0.0,0.0,,0.003,0.0241
logistics00-probLOGISTICS-6-2,0,True,0,19,23,69,28,71,28,0,0,,,,0,,,23.0,23,23,0.006,0.0001,0.0,0.0017,0.0,0.0,,0.0019,0.0098
logistics00-probLOGISTICS-6-9,0,True,0,16,21,63,27,65,27,0,0,,,,0,,,21.0,21,21,0.039,0.0001,0.0,0.0033,0.0,0.0,,0.0021,0.0446
logistics00-probLOGISTICS-7-0,0,True,0,28,33,99,39,103,39,0,0,,,,0,,,33.0,33,33,0.0102,0.0002,0.0001,0.0057,0.0,0.0,,0.002,0.0182
logistics00-probLOGISTICS-7-1,0,True,0,33,39,117,53,124,53,0,0,,,,0,,,39.0,39,39,0.0064,0.0003,0.0001,0.0016,0.0,0.0,,0.0019,0.0103
logistics00-probLOGISTICS-8-0,0,True,0,24,29,87,35,89,35,0,0,,,,0,,,29.0,29,29,0.0057,0.0002,0.0,0.0018,0.0,0.0,,0.0021,0.0099
logistics00-probLOGISTICS-8-1,0,True,0,34,41,123,53,129,53,0,0,,,,0,,,41.0,41,41,0.0119,0.0003,0.0001,0.0033,0.0,0.0,,0.0027,0.0183
logistics00-probLOGISTICS-9-0,0,True,0,27,33,99,42,104,42,0,0,,,,0,,,33.0,33,33,0.0182,0.0003,0.0001,0.0042,0.0,0.0,,0.0033,0.0262
logistics00-probLOGISTICS-9-1,0,True,0,24,29,87,33,89,33,0,0,,,,0,,,29.0,29,29,0.2198,0.0003,0.0,0.0048,0.0,0.0,,0.0023,0.2273
logistics98-prob01,0,True,40,118,121,298,225,364,387,0,0,,,,0,,,24.0,24,24,0.0086,0.0008,0.0002,0.0028,0.0,0.0,,0.0086,0.0209
logistics98-prob02,0,True,96,395,401,915,901,1178,1799,0,0,,,,0,,,28.0,28,28,0.0118,0.0034,0.0006,0.0077,0.0,0.0,,0.0513,0.075
logistics98-prob03,0,True,151,718,721,1630,2068,2155,4086,0,0,,,,0,,,50.0,50,50,0.0321,0.0107,0.0029,0.0059,0.0,0.0,,0.1252,0.177
logistics98-prob04,0,True,225,1038,1041,2337,3136,3067,6827,0,0,,,,0,,,53.0,53,53,0.1166,0.0204,0.005,0.0206,0.0,0.0,,0.1367,0.2997
logistics98-prob05,0,True,11,31,32,93,26,86,28,0,0,,,,0,,,22.0,22,22,0.3855,0.0005,0.0001,0.0056,0.0,0.0,,0.0036,0.3954
logistics98-prob06,0,True,231,710,712,1689,1449,2156,2629,0,0,,,,0,,,65.0,65,65,0.0469,0.0277,0.0047,0.0051,0.0,0.0,,0.0513,0.136
logistics98-prob07,0,True,150,781,788,1744,1736,2301,4393,0,0,,,,0,,,29.0,29,29,0.017,0.0078,0.0012,0.0056,0.0,0.0,,0.0628,0.0945
logistics98-prob08,0,True,233,1067,1069,2389,3109,3189,6176,0,0,,,,0,,,37.0,37,37,0.0334,0.0254,0.0033,0.007,0.0,0.0,,0.243,0.3125
logistics98-prob09,0,True,372,1372,1375,3155,3544,4028,7484,0,0,,,,0,,,75.0,75,75,0.0772,0.0615,0.0131,0.0102,0.0,0.0,,0.2312,0.3936
logistics98-prob10,0,True,463,2749,2769,6063,8949,8463,18350,0,0,,,,132,,,93.0,93,93,0.0847,0.0846,0.0174,0.0201,0.0,0.0,,5.7248,5.9322
logistics98-prob11,0,True,133,351,351,845,481,931,799,0,0,,,,0,,,27.0,27,27,0.0162,0.0053,0.0009,0.0041,0.0,0.0,,0.0233,0.05
logistics98-prob12,0,True,490,2687,2688,5880,5009,7846,16369,0,0,,,,0,,,37.0,37,37,0.1258,0.1383,0.0124,0.0162,0.0,0.0,,0.3417,0.6355
logistics98-prob13,0,True,551,4372,4377,9351,8593,12999,29681,0,0,,,,447,,,65.0,66,65,0.1784,0.2022,0.0322,0.0278,0.0,0.0,,35.7522,36.1941
logistics98-prob14,0,True,441,2778,2780,6035,12793,8156,37076,0,0,,,,0,,,80.0,80,80,0.1094,0.0912,0.0205,0.0298,0.0,0.0,,0.6445,0.8959
logistics98-prob15,0,True,182,663,667,1571,1562,1947,2642,0,0,,,,0,,,82.0,82,82,0.0182,0.0096,0.0045,0.0956,0.0,0.0,,0.1222,0.2502
logistics98-prob16,0,True,411,2287,2287,5005,4637,6622,15954,0,0,,,,0,,,52.0,52,52,0.0551,0.0554,0.0133,0.0155,0.0,0.0,,0.3802,0.52
logistics98-prob17,0,True,270,792,792,1870,1288,2137,2298,0,0,,,,0,,,42.0,42,42,0.0471,0.0172,0.0049,0.0052,0.0,0.0,,0.0394,0.1142
logistics98-prob18,2,True,1058,11828,11842,24854,71782,35575,202178,0,0,,,,1233,,,147.874,152,152,0.5976,0.7034,0.2011,0.1761,0.0,0.0,,898.3472,900.0279
logistics98-prob19,0,True,869,4452,4452,9821,16476,13071,45573,0,0,,,,0,,,130.0,130,130,0.266,0.293,0.0847,0.0511,0.0,0.0,,2.2005,2.8969
logistics98-prob20,0,True,826,6663,6672,14258,15724,19729,72530,0,0,,,,1220,,,128.0,129,128,0.5921,0.5154,0.106,0.0637,0.0,0.0,,174.1132,175.3925
logistics98-prob21,0,True,827,4698,4700,10264,9812,13760,38652,0,0,,,,181,,,95.0,95,95,0.3206,0.3459,0.07,0.0401,0.0,0.0,,27.054,27.8325
logistics98-prob22,2,True,1762,13325,13331,28539,54683,40391,145661,0,0,,,,1746,,,249.523,255,252,2.1237,2.0726,0.5365,0.2018,0.0,0.0,,895.0846,900.0237
logistics98-prob23,0,True,324,1311,1313,2995,3606,3888,7297,0,0,,,,0,,,99.0,99,99,0.0439,0.0345,0.0135,0.0092,0.0,0.0,,0.0846,0.186
logistics98-prob24,0,True,665,2170,2170,5017,3719,6055,11204,0,0,,,,0,,,39.0,39,39,0.1479,0.1841,0.022,0.0156,0.0,0.0,,0.5346,0.9055
logistics98-prob25,2,True,1301,12993,13008,27450,79659,38703,292144,0,0,,,,971,,,173.579,177,177,2.2058,1.8453,0.4392,0.2386,0.0,0.0,,895.2989,900.0338
logistics98-prob26,0,True,1642,5998,6010,13738,14282,19193,26417,0,0,,,,0,,,175.0,177,175,1.1191,1.0377,0.2742,0.0723,0.0,0.0,,0.994,3.4999
logistics98-prob27,0,True,1001,5386,5393,11853,23928,16010,67856,0,0,,,,2667,,,135.0,136,135,0.8416,0.7283,0.126,0.0672,0.0,0.0,,164.8868,166.6525
logistics98-prob28,0,True,3078,14227,14228,31620,38583,42209,97626,0,0,,,,243,,,243.0,245,243,11.1896,10.7845,1.6657,0.2957,0.0,0.0,,41.0666,65.0126
logistics98-prob29,2,True,1953,23446,23462,49036,144211,70663,573895,0,0,,,,114,,,269.581,282,275,2.0265,2.3855,0.8439,0.5291,0.0,0.0,,894.2589,900.0499
logistics98-prob30,0,True,1421,4875,4875,11210,10132,14269,21610,0,0,,,,0,,,124.0,124,124,1.83,1.6718,0.2125,0.0554,0.0,0.0,,1.6544,5.4294
logistics98-prob31,0,True,13,32,34,90,40,94,64,0,0,,,,0,,,12.0,12,12,0.0054,0.0002,0.0,0.0017,0.0,0.0,,0.0048,0.0122
logistics98-prob32,0,True,12,32,32,88,38,90,47,0,0,,,,0,,,18.0,18,18,0.0119,0.0002,0.0,0.004,0.0,0.0,,0.006,0.0222
logistics98-prob33,0,True,22,51,51,141,52,138,60,0,0,,,,0,,,25.0,25,25,0.0334,0.0005,0.0001,0.0043,0.0,0.0,,0.0062,0.0445
logistics98-prob34,0,True,99,244,244,602,406,694,678,0,0,,,,0,,,42.0,42,42,0.0168,0.0025,0.0007,0.0046,0.0,0.0,,0.0221,0.0467
logistics98-prob35,0,True,19,56,56,156,55,151,73,0,0,,,,0,,,29.0,29,29,0.0081,0.0014,0.0001,0.0029,0.0,0.0,,0.0063,0.0188
miconic-s1-0,0,True,0,2,3,9,2,8,2,0,0,,,,0,,,3.0,3,3,0.0051,0.0,0.0,0.0014,0.0,0.0,,0.0017,0.0082
miconic-s1-1,0,True,0,2,3,9,2,8,2,0,0,,,,0,,,3.0,3,3,0.0075,0.0,0.0,0.0019,0.0,0.0,,0.0018,0.0112
miconic-s1-2,0,True,0,2,3,9,2,8,2,0,0,,,,0,,,3.0,3,3,0.0051,0.0,0.0,0.0013,0.0,0.0,,0.0017,0.0082
miconic-s1-3,0,True,0,2,3,9,2,8,2,0,0,,,,0,,,3.0,3,3,0.276,0.0,0.0,0.0031,0.0,0.0,,0.0024,0.2815
miconic-s1-4,0,True,0,2,3,9,2,8,2,0,0,,,,0,,,3.0,3,3,0.0055,0.0,0.0,0.0017,0.0,0.0,,0.0017,0.009
miconic-s10-0,0,True,6,39,39,117,31,107,31,0,0,,,,0,,,33.0,33,33,0.0099,0.0006,0.0001,0.0021,0.0,0.0,,0.0022,0.015
miconic-s10-1,0,True,7,39,39,117,27,105,27,0,0,,,,0,,,32.0,32,32,0.018,0.0006,0.0001,0.0047,0.0,0.0,,0.0036,0.0271
miconic-s10-2,0,True,8,39,39,117,29,106,29,0,0,,,,0,,,31.0,31,31,0.0148,0.0006,0.0001,0.0018,0.0,0.0,,0.0021,0.0194
miconic-s10-3,0,True,5,39,39,117,31,108,31,0,0,,,,0,,,34.0,34,34,0.0063,0.0006,0.0001,0.0014,0.0,0.0,,0.0019,0.0104
miconic-s10-4,0,True,7,39,39,117,28,106,28,0,0,,,,0,,,32.0,32,32,0.0063,0.0006,0.0001,0.0014,0.0,0.0,,0.002,0.0105
miconic-s11-0,0,True,7,43,43,129,33,117,33,0,0,,,,0,,,36.0,36,36,0.0088,0.0008,0.0001,0.0029,0.0,0.0,,0.0024,0.0151
miconic-s11-1,0,True,9,43,43,129,34,118,34,0,0,,,,0,,,34.0,34,34,0.0319,0.0008,0.0001,0.0041,0.0,0.0,,0.0034,0.0403
miconic-s11-2,0,True,6,43,43,129,33,118,33,0,0,,,,0,,,37.0,37,37,0.0098,0.0008,0.0001,0.0027,0.0,0.0,,0.0021,0.0155
miconic-s11-3,0,True,6,43,43,129,34,119,34,0,0,,,,0,,,37.0,37,37,0.0087,0.0008,0.0001,0.0025,0.0,0.0,,0.0029,0.015
miconic-s11-4,0,True,9,43,43,129,33,118,33,0,0,,,,0,,,34.0,34,34,0.0071,0.0008,0.0001,0.0027,0.0,0.0,,0.0027,0.0134
miconic-s12-0,0,True,7,47,47,141,39,130,39,0,0,,,,0,,,40.0,40,40,0.0064,0.001,0.0001,0.0015,0.0,0.0,,0.0021,0.0112
miconic-s12-1,0,True,7,47,47,141,37,130,37,0,0,,,,0,,,40.0,40,40,0.0066,0.001,0.0001,0.0015,0.0,0.0,,0.002,0.0113
miconic-s12-2,0,True,8,47,47,141,34,127,34,0,0,,,,0,,,39.0,39,39,0.0078,0.001,0.0001,0.0017,0.0,0.0,,0.0021,0.0127
miconic-s12-3,0,True,9,47,47,141,36,128,36,0,0,,,,0,,,38.0,38,38,0.0455,0.001,0.0001,0.0086,0.0,0.0,,0.0035,0.0588
miconic-s12-4,0,True,6,47,47,141,36,130,36,0,0,,,,0,,,41.0,41,41,0.0076,0.001,0.0001,0.0024,0.0,0.0,,0.0024,0.0136
miconic-s13-0,0,True,8,51,51,153,40,140,40,0,0,,,,0,,,43.0,43,43,0.0259,0.0012,0.0002,0.0029,0.0,0.0,,0.0036,0.0338
miconic-s13-1,0,True,10,51,51,153,40,141,40,0,0,,,,0,,,41.0,41,41,0.027,0.0012,0.0002,0.0019,0.0,0.0,,0.0021,0.0324
miconic-s13-2,0,True,5,51,51,153,43,141,43,0,0,,,,0,,,46.0,46,46,0.0286,0.0012,0.0002,0.0022,0.0,0.0,,0.0022,0.0344
miconic-s13-3,0,True,8,51,51,153,43,141,43,0,0,,,,0,,,43.0,43,43,0.2641,0.0012,0.0002,0.0393,0.0,0.0,,0.0027,0.3075
miconic-s13-4,0,True,10,51,51,153,41,140,41,0,0,,,,0,,,41.0,41,41,0.0132,0.0012,0.0002,0.0036,0.0,0.0,,0.0024,0.0206
miconic-s14-0,0,True,10,55,55,165,43,151,43,0,0,,,,0,,,45.0,45,45,0.0084,0.0015,0.0002,0.0029,0.0,0.0,,0.002,0.015
miconic-s14-1,0,True,8,55,55,165,43,152,43,0,0,,,,0,,,47.0,47,47,0.0264,0.0015,0.0002,0.0046,0.0,0.0,,0.0021,0.0349
miconic-s14-2,0,True,6,55,55,165,42,151,42,0,0,,,,0,,,49.0,49,49,0.0259,0.0015,0.0002,0.0018,0.0,0.0,,0.0021,0.0315
miconic-s14-3,0,True,13,55,55,165,47,151,47,0,0,,,,0,,,42.0,42,42,0.5456,0.0015,0.0002,0.0065,0.0,0.0,,0.0053,0.5591
miconic-s14-4,0,True,10,55,55,165,44,151,44,0,0,,,,0,,,45.0,45,45,0.0117,0.0015,0.0002,0.0021,0.0,0.0,,0.0022,0.0178
miconic-s15-0,0,True,13,59,59,177,47,162,47,0,0,,,,0,,,46.0,46,46,0.0639,0.0018,0.0002,0.0053,0.0,0.0,,0.0022,0.0735
miconic-s15-1,0,True,10,59,59,177,43,160,43,0,0,,,,0,,,49.0,49,49,0.0091,0.0018,0.0002,0.0019,0.0,0.0,,0.0022,0.0152
miconic-s15-2,0,True,10,59,59,177,43,161,43,0,0,,,,0,,,49.0,49,49,0.0082,0.0018,0.0002,0.0014,0.0,0.0,,0.0023,0.014
miconic-s15-3,0,True,9,59,59,177,47,163,47,0,0,,,,0,,,50.0,50,50,0.0167,0.0018,0.0002,0.0036,0.0,0.0,,0.0033,0.0256
miconic-s15-4,0,True,13,59,59,177,45,161,45,0,0,,,,0,,,46.0,46,46,0.009,0.0018,0.0002,0.0016,0.0,0.0,,0.0021,0.0149
miconic-s16-0,0,True,10,63,63,189,50,174,50,0,0,,,,0,,,53.0,53,53,0.0127,0.0021,0.0003,0.0022,0.0,0.0,,0.0024,0.0198
miconic-s16-1,0,True,11,63,63,189,49,173,49,0,0,,,,0,,,52.0,52,52,0.0086,0.0022,0.0003,0.0018,0.0,0.0,,0.0022,0.0151
miconic-s16-2,0,True,9,63,63,189,49,173,49,0,0,,,,0,,,54.0,54,54,0.0096,0.0021,0.0003,0.0019,0.0,0.0,,0.002,0.0159
miconic-s16-3,0,True,12,63,63,189,47,171,47,0,0,,,,0,,,51.0,51,51,0.0086,0.0021,0.0003,0.0014,0.0,0.0,,0.002,0.0145
miconic-s16-4,0,True,10,63,63,189,49,173,49,0,0,,,,0,,,53.0,53,53,0.0077,0.0021,0.0003,0.0017,0.0,0.0,,0.0021,0.014
miconic-s17-0,0,True,12,67,67,201,52,184,52,0,0,,,,0,,,55.0,55,55,0.008,0.0025,0.0003,0.0017,0.0,0.0,,0.0021,0.0147
miconic-s17-1,0,True,13,67,67,201,52,184,52,0,0,,,,0,,,54.0,54,54,0.0277,0.0026,0.0003,0.0021,0.0,0.0,,0.0022,0.0349
miconic-s17-2,0,True,13,67,67,201,51,184,51,0,0,,,,0,,,54.0,54,54,0.0147,0.0025,0.0003,0.0028,0.0,0.0,,0.002,0.0225
miconic-s17-3,0,True,8,67,67,201,54,184,54,0,0,,,,0,,,59.0,59,59,0.0074,0.0025,0.0003,0.0017,0.0,0.0,,0.0021,0.0141
miconic-s17-4,0,True,13,67,67,201,54,184,54,0,0,,,,0,,,54.0,54,54,0.0125,0.0026,0.0003,0.0023,0.0,0.0,,0.0026,0.0203
miconic-s18-0,0,True,12,71,71,213,57,196,57,0,0,,,,0,,,59.0,59,59,0.0129,0.003,0.0003,0.0045,0.0,0.0,,0.0029,0.0237
miconic-s18-1,0,True,13,71,71,213,54,195,54,0,0,,,,0,,,58.0,58,58,0.012,0.003,0.0003,0.0022,0.0,0.0,,0.0022,0.0198
miconic-s18-2,0,True,13,71,71,213,58,196,58,0,0,,,,0,,,58.0,58,58,0.0082,0.0029,0.0003,0.0053,0.0,0.0,,0.0042,0.021
miconic-s18-3,0,True,12,71,71,213,54,195,54,0,0,,,,0,,,59.0,59,59,0.0314,0.003,0.0003,0.0243,0.0,0.0,,0.0054,0.0645
miconic-s18-4,0,True,15,71,71,213,54,194,54,0,0,,,,0,,,56.0,56,56,0.0116,0.003,0.0003,0.0027,0.0,0.0,,0.0021,0.0199
miconic-s19-0,0,True,13,75,75,225,59,207,59,0,0,,,,0,,,62.0,62,62,0.009,0.0034,0.0004,0.0017,0.0,0.0,,0.0021,0.0167
miconic-s19-1,0,True,10,75,75,225,60,207,60,0,0,,,,0,,,65.0,65,65,0.0092,0.0035,0.0004,0.002,0.0,0.0,,0.0025,0.0177
miconic-s19-2,0,True,14,75,75,225,58,206,58,0,0,,,,0,,,61.0,61,61,0.0092,0.0034,0.0004,0.0024,0.0,0.0,,0.0025,0.0181
miconic-s19-3,0,True,12,75,75,225,57,206,57,0,0,,,,0,,,63.0,63,63,0.0567,0.0034,0.0004,0.0108,0.0,0.0,,0.0068,0.0783
miconic-s19-4,0,True,13,75,75,225,58,206,58,0,0,,,,0,,,62.0,62,62,0.0128,0.0034,0.0004,0.0015,0.0,0.0,,0.0021,0.0204
miconic-s2-0,0,True,0,7,7,21,6,20,6,0,0,,,,0,,,7.0,7,7,0.0114,0.0001,0.0,0.0035,0.0,0.0,,0.0022,0.0173
miconic-s2-1,0,True,1,7,7,21,4,18,4,0,0,,,,0,,,6.0,6,6,0.0045,0.0,0.0,0.0013,0.0,0.0,,0.0017,0.0077
miconic-s2-2,0,True,1,7,7,21,4,18,4,0,0,,,,0,,,6.0,6,6,0.0164,0.0,0.0,0.0041,0.0,0.0,,0.0021,0.0227
miconic-s2-3,0,True,0,7,7,21,6,20,6,0,0,,,,0,,,7.0,7,7,0.0244,0.0,0.0,0.0018,0.0,0.0,,0.0018,0.028
miconic-s2-4,0,True,1,7,7,21,5,19,5,0,0,,,,0,,,6.0,6,6,1.0206,0.0001,0.0,0.0275,0.0,0.0,,0.0083,1.0565
miconic-s20-0,0,True,16,79,79,237,63,218,63,0,0,,,,0,,,63.0,63,63,0.0123,0.004,0.0004,0.003,0.0,0.0,,0.0022,0.022
miconic-s20-1,0,True,13,79,79,237,59,217,59,0,0,,,,0,,,66.0,66,66,0.0242,0.004,0.0004,0.0028,0.0,0.0,,0.0024,0.034
miconic-s20-2,0,True,17,79,79,237,60,216,60,0,0,,,,0,,,62.0,62,62,0.0097,0.004,0.0004,0.0023,0.0,0.0,,0.0022,0.0189
miconic-s20-3,0,True,16,79,79,237,61,218,61,0,0,,,,0,,,63.0,63,63,0.0099,0.0041,0.0004,0.002,0.0,0.0,,0.0022,0.0188
miconic-s20-4,0,True,15,79,79,237,58,216,58,0,0,,,,0,,,64.0,64,64,0.0176,0.004,0.0004,0.0076,0.0,0.0,,0.0049,0.0346
miconic-s21-0,0,True,14,83,83,249,65,228,65,0,0,,,,0,,,69.0,69,69,0.0142,0.0046,0.0005,0.0024,0.0,0.0,,0.0026,0.0246
miconic-s21-1,0,True,14,83,83,249,67,228,67,0,0,,,,0,,,69.0,69,69,0.0181,0.0046,0.0005,0.0036,0.0,0.0,,0.0026,0.0296
miconic-s21-2,0,True,14,83,83,249,66,228,66,0,0,,,,0,,,69.0,69,69,0.0117,0.0045,0.0005,0.0042,0.0,0.0,,0.0029,0.0239
miconic-s21-3,0,True,17,83,83,249,65,227,65,0,0,,,,0,,,66.0,66,66,0.0119,0.0046,0.0005,0.0042,0.0,0.0,,0.0024,0.0236
miconic-s21-4,0,True,13,83,83,249,61,227,61,0,0,,,,0,,,70.0,70,70,0.0114,0.0046,0.0005,0.0019,0.0,0.0,,0.0026,0.0211
miconic-s22-0,0,True,15,87,87,261,70,239,70,0,0,,,,0,,,72.0,72,72,0.0475,0.0052,0.0006,0.002,0.0,0.0,,0.0027,0.0582
miconic-s22-1,0,True,17,87,87,261,66,239,66,0,0,,,,0,,,70.0,70,70,0.0107,0.0052,0.0006,0.0018,0.0,0.0,,0.0023,0.0209
miconic-s22-2,0,True,16,87,87,261,67,240,67,0,0,,,,0,,,71.0,71,71,0.0173,0.0053,0.0006,0.005,0.0,0.0,,0.0032,0.0314
miconic-s22-3,0,True,12,87,87,261,69,238,69,0,0,,,,0,,,75.0,75,75,0.0165,0.0052,0.0006,0.0041,0.0,0.0,,0.0025,0.029
miconic-s22-4,0,True,16,87,87,261,73,239,73,0,0,,,,0,,,71.0,71,71,0.0306,0.0052,0.0005,0.0021,0.0,0.0,,0.0022,0.0408
miconic-s23-0,0,True,16,91,91,273,69,250,69,0,0,,,,0,,,75.0,75,75,0.0207,0.0059,0.0006,0.0058,0.0,0.0,,0.0027,0.0358
miconic-s23-1,0,True,17,91,91,273,72,250,72,0,0,,,,0,,,74.0,74,74,0.013,0.0062,0.0006,0.0015,0.0,0.0,,0.0022,0.0237
miconic-s23-2,0,True,18,91,91,273,71,251,71,0,0,,,,0,,,73.0,73,73,0.0135,0.006,0.0006,0.0041,0.0,0.0,,0.0031,0.0275
miconic-s23-3,0,True,20,91,91,273,71,251,71,0,0,,,,0,,,71.0,71,71,0.0121,0.0059,0.0006,0.0021,0.0,0.0,,0.003,0.024
miconic-s23-4,0,True,17,91,91,273,70,251,70,0,0,,,,0,,,74.0,74,74,0.0171,0.006,0.0006,0.0052,0.0,0.0,,0.0026,0.0316
miconic-s24-0,0,True,16,95,95,285,76,262,76,0,0,,,,0,,,79.0,79,79,0.0712,0.0067,0.0007,0.0056,0.0,0.0,,0.0033,0.0876
miconic-s24-1,0,True,17,95,95,285,74,262,74,0,0,,,,0,,,78.0,78,78,0.0161,0.0068,0.0007,0.0027,0.0,0.0,,0.0024,0.029
miconic-s24-2,0,True,18,95,95,285,74,260,74,0,0,,,,0,,,77.0,77,77,0.0641,0.0067,0.0007,0.009,0.0,0.0,,0.0058,0.0865
miconic-s24-3,0,True,16,95,95,285,74,260,74,0,0,,,,0,,,79.0,79,79,0.0165,0.0067,0.0007,0.0024,0.0,0.0,,0.0029,0.0293
miconic-s24-4,0,True,18,95,95,285,74,260,74,0,0,,,,0,,,77.0,77,77,0.02,0.0067,0.0007,0.004,0.0,0.0,,0.0028,0.0343
miconic-s25-0,0,True,18,99,99,297,79,273,79,0,0,,,,0,,,81.0,81,81,0.0142,0.0076,0.0008,0.0019,0.0,0.0,,0.0036,0.0283
miconic-s25-1,0,True,14,99,99,297,76,273,76,0,0,,,,0,,,85.0,85,85,0.0456,0.0076,0.0007,0.0054,0.0,0.0,,0.0029,0.0624
miconic-s25-2,0,True,21,99,99,297,80,272,80,0,0,,,,0,,,78.0,78,78,0.0368,0.0079,0.0008,0.0337,0.0,0.0,,0.0196,0.0989
miconic-s25-3,0,True,15,99,99,297,74,271,74,0,0,,,,0,,,84.0,84,84,0.0278,0.0078,0.0008,0.002,0.0,0.0,,0.0022,0.0408
miconic-s25-4,0,True,17,99,99,297,74,271,74,0,0,,,,0,,,82.0,82,82,0.0143,0.0078,0.0008,0.0025,0.0,0.0,,0.0024,0.028
miconic-s26-0,0,True,20,103,103,309,84,283,84,0,0,,,,0,,,83.0,83,83,0.0244,0.0085,0.0008,0.0116,0.0,0.0,,0.0033,0.0489
miconic-s26-1,0,True,20,103,103,309,83,284,83,0,0,,,,0,,,83.0,83,83,0.0151,0.0086,0.0009,0.0025,0.0,0.0,,0.0026,0.0299
miconic-s26-2,0,True,13,103,103,309,82,284,82,0,0,,,,0,,,90.0,90,90,0.0253,0.0086,0.0009,0.0033,0.0,0.0,,0.003,0.0413
miconic-s26-3,0,True,15,103,103,309,80,284,80,0,0,,,,0,,,88.0,88,88,0.0145,0.0085,0.0009,0.0017,0.0,0.0,,0.0022,0.028
miconic-s26-4,0,True,21,103,103,309,81,282,81,0,0,,,,0,,,82.0,82,82,0.0198,0.0085,0.0008,0.0025,0.0,0.0,,0.003,0.0348
miconic-s27-0,0,True,20,107,107,321,83,293,83,0,0,,,,0,,,87.0,87,87,0.0173,0.0098,0.0009,0.002,0.0,0.0,,0.0024,0.0326
miconic-s27-1,0,True,16,107,107,321,83,294,83,0,0,,,,0,,,91.0,91,91,0.0155,0.0095,0.0009,0.0017,0.0,0.0,,0.0023,0.0301
miconic-s27-2,0,True,20,107,107,321,85,294,85,0,0,,,,0,,,87.0,87,87,0.0163,0.0096,0.0009,0.0018,0.0,0.0,,0.0023,0.0311
miconic-s27-3,0,True,18,107,107,321,87,295,87,0,0,,,,0,,,89.0,89,89,0.0228,0.0095,0.0009,0.0043,0.0,0.0,,0.0035,0.0412
miconic-s27-4,0,True,19,107,107,321,82,293,82,0,0,,,,0,,,88.0,88,88,0.0183,0.0096,0.0009,0.0025,0.0,0.0,,0.0025,0.034
miconic-s28-0,0,True,17,111,111,333,82,304,82,0,0,,,,0,,,94.0,94,94,0.0184,0.0106,0.0011,0.0017,0.0,0.0,,0.0023,0.0343
miconic-s28-1,0,True,19,111,111,333,87,306,87,0,0,,,,0,,,92.0,92,92,0.0156,0.0106,0.001,0.0017,0.0,0.0,,0.0023,0.0314
miconic-s28-2,0,True,18,111,111,333,84,305,84,0,0,,,,0,,,93.0,93,93,0.0392,0.0106,0.001,0.0637,0.0,0.0,,0.0035,0.1182
miconic-s28-3,0,True,24,111,111,333,87,305,87,0,0,,,,0,,,87.0,87,87,0.3982,0.0107,0.0013,0.0037,0.0,0.0,,0.0027,0.4168
miconic-s28-4,0,True,19,111,111,333,85,306,85,0,0,,,,0,,,92.0,92,92,0.0153,0.0109,0.001,0.0016,0.0,0.0,,0.0023,0.0313
miconic-s29-0,0,True,21,115,115,345,86,315,86,0,0,,,,0,,,94.0,94,94,0.0164,0.0118,0.0011,0.0021,0.0,0.0,,0.0024,0.034
miconic-s29-1,0,True,24,115,115,345,89,316,89,0,0,,,,0,,,91.0,91,91,0.6614,0.0121,0.0011,0.0018,0.0,0.0,,0.0024,0.6789
miconic-s29-2,0,True,20,115,115,345,93,317,93,0,0,,,,0,,,95.0,95,95,0.0262,0.0118,0.0011,0.0048,0.0,0.0,,0.0029,0.0471
miconic-s29-3,0,True,19,115,115,345,86,316,86,0,0,,,,0,,,96.0,96,96,0.0161,0.0119,0.0011,0.0019,0.0,0.0,,0.0024,0.0335
miconic-s29-4,0,True,16,115,115,345,91,317,91,0,0,,,,0,,,99.0,99,99,0.022,0.0121,0.0011,0.0032,0.0,0.0,,0.003,0.0416
miconic-s3-0,0,True,1,11,11,33,9,31,9,0,0,,,,0,,,10.0,10,10,0.0053,0.0001,0.0,0.0021,0.0,0.0,,0.0019,0.0094
miconic-s3-1,0,True,1,11,11,33,10,31,10,0,0,,,,0,,,10.0,10,10,0.0057,0.0001,0.0,0.0016,0.0,0.0,,0.0018,0.0092
miconic-s3-2,0,True,2,11,11,33,6,28,6,0,0,,,,0,,,9.0,9,9,0.0612,0.0001,0.0,0.0189,0.0,0.0,,0.0091,0.0894
miconic-s3-3,0,True,2,11,11,33,7,29,7,0,0,,,,0,,,9.0,9,9,0.1534,0.0001,0.0,0.0122,0.0,0.0,,0.0038,0.1695
miconic-s3-4,0,True,2,11,11,33,6,28,6,0,0,,,,0,,,9.0,9,9,0.0972,0.0001,0.0,0.0037,0.0,0.0,,0.0028,0.1038
miconic-s30-0,0,True,24,119,119,357,97,327,97,0,0,,,,0,,,95.0,95,95,0.017,0.0131,0.0012,0.0018,0.0,0.0,,0.0024,0.0357
miconic-s30-1,0,True,21,119,119,357,97,327,97,0,0,,,,0,,,98.0,98,98,0.0334,0.0131,0.0012,0.0073,0.0,0.0,,0.0031,0.0583
miconic-s30-2,0,True,23,119,119,357,92,326,92,0,0,,,,0,,,96.0,96,96,0.038,0.0131,0.0013,0.0023,0.0,0.0,,0.0024,0.0574
miconic-s30-3,0,True,19,119,119,357,92,327,92,0,0,,,,0,,,100.0,100,100,0.0188,0.0131,0.0013,0.0019,0.0,0.0,,0.0024,0.0377
miconic-s30-4,0,True,20,119,119,357,92,326,92,0,0,,,,0,,,99.0,99,99,0.0166,0.0132,0.0012,0.0016,0.0,0.0,,0.0022,0.035
miconic-s4-0,0,True,1,15,15,45,12,42,12,0,0,,,,0,,,14.0,14,14,0.005,0.0001,0.0,0.0027,0.0,0.0,,0.0018,0.0097
miconic-s4-1,0,True,2,15,15,45,10,40,10,0,0,,,,0,,,13.0,13,13,0.0064,0.0001,0.0,0.0021,0.0,0.0,,0.002,0.0107
miconic-s4-2,0,True,1,15,15,45,11,41,11,0,0,,,,0,,,14.0,14,14,0.0263,0.0001,0.0,0.0036,0.0,0.0,,0.0023,0.0323
miconic-s4-3,0,True,1,15,15,45,11,41,11,0,0,,,,0,,,14.0,14,14,0.007,0.0002,0.0001,0.0028,0.0,0.0,,0.002,0.0121
miconic-s4-4,0,True,0,15,15,45,12,42,12,0,0,,,,0,,,15.0,15,15,0.0051,0.0001,0.0,0.0014,0.0,0.0,,0.0018,0.0085
miconic-s5-0,0,True,2,19,19,57,15,53,15,0,0,,,,0,,,17.0,17,17,0.0059,0.0001,0.0,0.0019,0.0,0.0,,0.0023,0.0103
miconic-s5-1,0,True,3,19,19,57,12,50,12,0,0,,,,0,,,16.0,16,16,0.278,0.0002,0.0,0.0195,0.0,0.0,,0.0027,0.3005
miconic-s5-2,0,True,5,19,19,57,12,50,12,0,0,,,,0,,,14.0,14,14,0.0055,0.0001,0.0,0.0026,0.0,0.0,,0.0025,0.0108
miconic-s5-3,0,True,2,19,19,57,15,53,15,0,0,,,,0,,,17.0,17,17,0.017,0.0001,0.0,0.0048,0.0,0.0,,0.0026,0.0246
miconic-s5-4,0,True,2,19,19,57,14,52,14,0,0,,,,0,,,17.0,17,17,0.0048,0.0001,0.0,0.0013,0.0,0.0,,0.0019,0.0083
miconic-s6-0,0,True,5,23,23,69,19,63,19,0,0,,,,0,,,18.0,18,18,0.0202,0.0002,0.0,0.0021,0.0,0.0,,0.0021,0.0247
miconic-s6-1,0,True,4,23,23,69,17,63,17,0,0,,,,0,,,19.0,19,19,0.0053,0.0002,0.0,0.0017,0.0,0.0,,0.0019,0.0091
miconic-s6-2,0,True,4,23,23,69,17,63,17,0,0,,,,0,,,19.0,19,19,0.0073,0.0002,0.0,0.0017,0.0,0.0,,0.0021,0.0113
miconic-s6-3,0,True,5,23,23,69,18,62,18,0,0,,,,0,,,18.0,18,18,0.0057,0.0002,0.0,0.0039,0.0,0.0,,0.002,0.0118
miconic-s6-4,0,True,3,23,23,69,17,63,17,0,0,,,,0,,,20.0,20,20,0.0055,0.0002,0.0,0.0015,0.0,0.0,,0.0019,0.0092
miconic-s7-0,0,True,4,27,27,81,23,75,23,0,0,,,,0,,,23.0,23,23,0.01,0.0003,0.0001,0.0026,0.0,0.0,,0.0025,0.0154
miconic-s7-1,0,True,3,27,27,81,21,75,21,0,0,,,,0,,,24.0,24,24,0.0098,0.0003,0.0001,0.0034,0.0,0.0,,0.002,0.0155
miconic-s7-2,0,True,5,27,27,81,21,74,21,0,0,,,,0,,,22.0,22,22,0.0086,0.0003,0.0001,0.0021,0.0,0.0,,0.0022,0.0132
miconic-s7-3,0,True,5,27,27,81,19,73,19,0,0,,,,0,,,22.0,22,22,0.0363,0.0003,0.0001,0.0036,0.0,0.0,,0.0023,0.0425
miconic-s7-4,0,True,2,27,27,81,21,74,21,0,0,,,,0,,,25.0,25,25,0.0134,0.0003,0.0001,0.0025,0.0,0.0,,0.0034,0.0196
miconic-s8-0,0,True,4,31,31,93,25,86,25,0,0,,,,0,,,27.0,27,27,0.0894,0.0003,0.0001,0.0029,0.0,0.0,,0.0021,0.0949
miconic-s8-1,0,True,5,31,31,93,23,85,23,0,0,,,,0,,,26.0,26,26,0.008,0.0003,0.0001,0.0014,0.0,0.0,,0.002,0.0119
miconic-s8-2,0,True,6,31,31,93,23,85,23,0,0,,,,0,,,25.0,25,25,0.0077,0.0003,0.0001,0.0016,0.0,0.0,,0.0019,0.0117
miconic-s8-3,0,True,4,31,31,93,22,84,22,0,0,,,,0,,,27.0,27,27,0.0176,0.0003,0.0001,0.004,0.0,0.0,,0.0031,0.0251
miconic-s8-4,0,True,5,31,31,93,23,85,23,0,0,,,,0,,,26.0,26,26,0.0061,0.0003,0.0001,0.0022,0.0,0.0,,0.002,0.0108
miconic-s9-0,0,True,5,35,35,105,27,96,27,0,0,,,,0,,,30.0,30,30,0.0425,0.0005,0.0001,0.0013,0.0,0.0,,0.0022,0.0466
miconic-s9-1,0,True,6,35,35,105,25,95,25,0,0,,,,0,,,29.0,29,29,0.0058,0.0005,0.0001,0.0017,0.0,0.0,,0.0019,0.01
miconic-s9-2,0,True,6,35,35,105,25,95,25,0,0,,,,0,,,29.0,29,29,0.0064,0.0005,0.0001,0.0018,0.0,0.0,,0.002,0.0107
miconic-s9-3,0,True,4,35,35,105,26,96,26,0,0,,,,0,,,31.0,31,31,0.0228,0.0005,0.0001,0.0114,0.0,0.0,,0.0024,0.0371
miconic-s9-4,0,True,8,35,35,105,26,95,26,0,0,,,,0,,,27.0,27,27,0.01,0.0005,0.0001,0.0028,0.0,0.0,,0.0024,0.0157
movie-prob01,0,True,0,5,7,21,0,14,0,0,0,,,,0,,,7.0,7,7,0.0079,0.0,0.0,0.0021,0.0,0.0,,0.0017,0.0118
movie-prob02,0,True,0,5,7,21,0,14,0,0,0,,,,0,,,7.0,7,7,0.0057,0.0001,0.0,0.0032,0.0,0.0,,0.0022,0.0112
movie-prob03,0,True,0,5,7,21,0,14,0,0,0,,,,0,,,7.0,7,7,0.0933,0.0001,0.0,0.0059,0.0,0.0,,0.0022,0.1016
movie-prob04,0,True,0,5,7,21,0,14,0,0,0,,,,0,,,7.0,7,7,0.0409,0.0,0.0,0.0039,0.0,0.0,,0.0027,0.0475
movie-prob05,0,True,0,5,7,21,0,14,0,0,0,,,,0,,,7.0,7,7,0.0253,0.0,0.0,0.0017,0.0,0.0,,0.002,0.0291
movie-prob06,0,True,0,5,7,21,0,14,0,0,0,,,,0,,,7.0,7,7,0.0073,0.0,0.0,0.003,0.0,0.0,,0.0017,0.0121
movie-prob07,0,True,0,5,7,21,0,14,0,0,0,,,,0,,,7.0,7,7,0.0066,0.0001,0.0,0.0013,0.0,0.0,,0.0019,0.0101
movie-prob08,0,True,0,5,7,21,0,14,0,0,0,,,,0,,,7.0,7,7,0.0056,0.0,0.0,0.0013,0.0,0.0,,0.0017,0.0088
movie-prob09,0,True,0,5,7,21,0,14,0,0,0,,,,0,,,7.0,7,7,0.0065,0.0001,0.0,0.0017,0.0,0.0,,0.0018,0.0101
movie-prob10,0,True,0,5,7,21,0,14,0,0,0,,,,0,,,7.0,7,7,0.005,0.0001,0.0,0.0014,0.0,0.0,,0.0017,0.0083
movie-prob11,0,True,0,5,7,21,0,14,0,0,0,,,,0,,,7.0,7,7,0.0054,0.0001,0.0,0.0015,0.0,0.0,,0.0019,0.0089
movie-prob12,0,True,0,5,7,21,0,14,0,0,0,,,,0,,,7.0,7,7,0.0048,0.0001,0.0,0.0018,0.0,0.0,,0.0017,0.0084
movie-prob13,0,True,0,5,7,21,0,14,0,0,0,,,,0,,,7.0,7,7,0.0057,0.0001,0.0,0.0032,0.0,0.0,,0.002,0.0111
movie-prob14,0,True,0,5,7,21,0,14,0,0,0,,,,0,,,7.0,7,7,0.007,0.0002,0.0,0.0021,0.0,0.0,,0.002,0.0114
movie-prob15,0,True,0,5,7,21,0,14,0,0,0,,,,0,,,7.0,7,7,0.022,0.0001,0.0,0.0071,0.0,0.0,,0.0055,0.0348
movie-prob16,0,True,0,5,7,21,0,14,0,0,0,,,,0,,,7.0,7,7,0.0166,0.0001,0.0,0.0026,0.0,0.0,,0.0031,0.0224
movie-prob17,0,True,0,5,7,21,0,14,0,0,0,,,,0,,,7.0,7,7,0.0081,0.0001,0.0,0.0016,0.0,0.0,,0.0018,0.0116
movie-prob18,0,True,0,5,7,21,0,14,0,0,0,,,,0,,,7.0,7,7,0.0256,0.0001,0.0,0.0026,0.0,0.0,,0.0026,0.0309
movie-prob19,0,True,0,5,7,21,0,14,0,0,0,,,,0,,,7.0,7,7,0.0054,0.0002,0.0,0.0029,0.0,0.0,,0.002,0.0106
movie-prob20,0,True,0,5,7,21,0,14,0,0,0,,,,0,,,7.0,7,7,0.0223,0.0001,0.0,0.0015,0.0,0.0,,0.0017,0.0256
movie-prob21,0,True,0,5,7,21,0,14,0,0,0,,,,0,,,7.0,7,7,0.0056,0.0001,0.0,0.0013,0.0,0.0,,0.0017,0.0087
movie-prob22,0,True,0,5,7,21,0,14,0,0,0,,,,0,,,7.0,7,7,0.0073,0.0001,0.0,0.0027,0.0,0.0,,0.0021,0.0122
movie-prob23,0,True,0,5,7,21,0,14,0,0,0,,,,0,,,7.0,7,7,0.0427,0.0001,0.0,0.0058,0.0,0.0,,0.0035,0.052
movie-prob24,0,True,0,5,7,21,0,14,0,0,0,,,,0,,,7.0,7,7,0.0066,0.0001,0.0,0.0035,0.0,0.0,,0.0018,0.0119
movie-prob25,0,True,0,5,7,21,0,14,0,0,0,,,,0,,,7.0,7,7,0.0056,0.0001,0.0,0.0014,0.0,0.0,,0.0018,0.0089
movie-prob26,0,True,0,5,7,21,0,14,0,0,0,,,,0,,,7.0,7,7,0.0149,0.0001,0.0,0.0035,0.0,0.0,,0.0022,0.0208
movie-prob27,0,True,0,5,7,21,0,14,0,0,0,,,,0,,,7.0,7,7,0.0056,0.0001,0.0,0.0013,0.0,0.0,,0.0017,0.0087
movie-prob28,0,True,0,5,7,21,0,14,0,0,0,,,,0,,,7.0,7,7,0.0243,0.0001,0.0,0.002,0.0,0.0,,0.0018,0.0282
movie-prob29,0,True,0,5,7,21,0,14,0,0,0,,,,0,,,7.0,7,7,0.0072,0.0001,0.0,0.0025,0.0,0.0,,0.0024,0.0123
movie-prob30,0,True,0,5,7,21,0,14,0,0,0,,,,0,,,7.0,7,7,0.0129,0.0001,0.0,0.004,0.0,0.0,,0.0021,0.0193
mprime-prob01,0,True,58,262,509,833,611,982,3280,0,0,,,,0,,,5.0,5,5,0.0097,0.0029,0.0002,0.0035,0.0,0.0,,0.0581,0.0744
mprime-prob02,0,True,262,1900,3671,5835,7086,7348,55059,0,0,,,,0,,,7.0,7,7,0.0345,0.0384,0.0019,0.0382,0.0,0.0,,0.5236,0.6368
mprime-prob03,0,True,203,1310,2378,3892,5287,5116,39041,0,0,,,,0,,,4.0,4,4,0.0289,0.0221,0.0008,0.0267,0.0,0.0,,0.284,0.3628
mprime-prob04,0,True,45,307,611,971,531,1062,2457,0,0,,,,0,,,7.0,8,7,0.0152,0.0033,0.0004,0.0042,0.0,0.0,,0.0569,0.0801
mprime-prob05,0,True,227,1441,2767,4437,5415,5687,35267,0,0,,,,0,,,8.0,9,8,0.0219,0.0251,0.0016,0.0243,0.0,0.0,,0.5029,0.5761
mprime-prob06,0,True,604,9282,17565,27453,39833,35014,638159,0,0,,,,2814,,,11.0,11,11,0.3284,0.4839,0.0279,0.3855,0.0,0.0,,128.1939,129.4228
mprime-prob07,0,True,313,993,1537,2844,3180,4388,10281,0,0,,,,0,,,5.0,5,5,0.0159,0.017,0.0013,0.0112,0.0,0.0,,0.1683,0.2137
mprime-prob08,0,True,381,3609,6898,10889,13868,13989,144327,0,0,,,,0,,,5.0,6,5,0.5147,0.1111,0.0052,0.4338,0.0,0.0,,3.1648,4.2304
mprime-prob09,0,True,192,1199,2297,3690,3940,4667,22842,0,0,,,,0,,,8.0,8,8,0.049,0.02,0.0012,0.0186,0.0,0.0,,0.2929,0.382
mprime-prob10,0,True,1336,22461,42785,66583,141691,86844,2935796,0,0,,,,158,,,7.0,8,7,0.6114,2.3563,0.0421,1.9013,0.0,0.0,,101.492,106.4096
mprime-prob11,0,True,106,366,675,1154,717,1367,2697,0,0,,,,0,,,7.0,7,7,0.0122,0.0064,0.0004,0.0037,0.0,0.0,,0.0588,0.0816
mprime-prob12,0,True,116,682,1336,2135,1883,2633,9353,0,0,,,,0,,,5.0,5,5,0.0162,0.0108,0.0005,0.0092,0.0,0.0,,0.1429,0.1798
mprime-prob13,0,True,1520,23996,45010,70528,102062,93037,1471382,0,0,,,,148,,,11.0,12,11,0.6031,2.5752,0.1677,1.0825,0.0,0.0,,84.0781,88.5103
mprime-prob14,0,True,1586,30314,57079,88981,152363,116508,3188593,0,0,,,,203,,,9.0,9,9,0.8411,4.1219,0.0874,2.0793,0.0,0.0,,90.0721,97.2069
mprime-prob15,0,True,729,14739,28431,43900,61070,55606,1188570,0,0,,,,150,,,6.0,6,6,0.3775,1.3008,0.021,0.7083,0.0,0.0,,51.5669,53.9775
mprime-prob16,0,True,297,2910,5591,8800,13029,11233,136240,0,0,,,,0,,,5.0,5,5,0.0809,0.081,0.0037,0.0865,0.0,0.0,,0.861,1.1134
mprime-prob17,0,True,721,11447,21370,33539,77350,43315,1653846,0,0,,,,0,,,4.0,4,4,0.2042,0.5955,0.0102,0.9608,0.0,0.0,,9.3767,11.1503
mprime-prob18,2,True,573,9429,18224,28227,33079,35374,446340,0,0,,,,4511,,,6.0,14,14,0.2089,0.6328,0.049,0.2719,0.0,0.0,,898.9906,900.1554
mprime-prob19,0,True,518,6506,12364,19389,35371,25217,547925,0,0,,,,0,,,5.0,5,5,0.1566,0.3076,0.0067,0.3258,0.0,0.0,,5.2602,6.0581
mprime-prob20,0,True,529,13079,26055,39664,53313,48676,1409866,0,0,,,,494,,,7.0,7,7,0.2636,0.8974,0.0373,0.7623,0.0,0.0,,147.7076,149.6711
mprime-prob21,0,True,685,7643,14484,22813,31815,29895,348786,0,0,,,,0,,,4.0,4,4,0.3788,0.3539,0.008,0.2385,0.0,0.0,,2.1141,3.0949
mprime-prob22,2,True,1120,22024,42862,66007,164869,85330,3782421,0,0,,,,3678,,,5.5,9,9,0.4951,2.1,0.0506,2.2841,0.0,0.0,,895.2754,900.2116
mprime-prob23,0,True,641,8651,16978,26271,42219,33480,606450,0,0,,,,279,,,8.0,8,8,0.1569,0.4992,0.0176,0.355,0.0,0.0,,22.3111,23.3424
mprime-prob24,0,True,814,8851,17165,26831,23823,34065,239878,0,0,,,,37,,,6.0,7,6,0.2439,0.7525,0.0232,0.1691,0.0,0.0,,12.2214,13.4139
mprime-prob25,0,True,41,149,292,483,370,574,1239,0,0,,,,0,,,4.0,4,4,0.0086,0.001,0.0001,0.0024,0.0,0.0,,0.0284,0.0405
mprime-prob26,0,True,193,1673,3280,5147,5687,6325,45712,0,0,,,,68,,,6.0,6,6,0.0264,0.0358,0.0017,0.0306,0.0,0.0,,1.5297,1.6246
mprime-prob27,0,True,163,2019,3999,6183,5581,7613,69160,0,0,,,,0,,,5.0,5,5,0.0315,0.0419,0.0017,0.0379,0.0,0.0,,0.7864,0.8998
mprime-prob28,0,True,68,287,546,909,650,1129,3449,0,0,,,,0,,,7.0,8,7,0.0133,0.0035,0.0002,0.0042,0.0,0.0,,0.1153,0.1366
mprime-prob29,0,True,182,1503,2850,4536,4466,5609,42204,0,0,,,,0,,,4.0,4,4,0.046,0.0296,0.0011,0.026,0.0,0.0,,0.4722,0.5753
mprime-prob30,0,True,348,7304,14354,22008,24425,27235,509430,0,0,,,,0,,,8.0,8,8,0.1372,0.3211,0.0161,0.2648,0.0,0.0,,13.5543,14.2953
mprime-prob31,0,True,305,2896,5522,8724,12154,11463,116118,0,0,,,,0,,,4.0,4,4,0.0448,0.0658,0.0016,0.0708,0.0,0.0,,0.7268,0.9102
mprime-prob32,0,True,186,858,1592,2637,2067,3407,9173,0,0,,,,0,,,5.0,5,5,0.0148,0.0113,0.0007,0.0087,0.0,0.0,,0.1449,0.1805
mprime-prob33,0,True,818,8438,16358,25616,31533,33166,311987,0,0,,,,179,,,8.0,8,8,0.1708,0.4894,0.0121,0.2208,0.0,0.0,,8.7904,9.6858
mprime-prob34,0,True,329,2977,5458,8765,12665,11351,127235,0,0,,,,0,,,4.0,4,4,0.0381,0.058,0.0017,0.0779,0.0,0.0,,0.7186,0.8946
mprime-prob35,0,True,79,370,710,1160,1083,1431,4761,0,0,,,,0,,,4.0,4,4,0.0169,0.0039,0.0002,0.0061,0.0,0.0,,0.0733,0.1006
mystery-prob01,0,True,36,49,81,171,104,225,155,0,0,,,,0,,,5.0,5,5,0.0258,0.0004,0.0001,0.0021,0.0,0.0,,0.0072,0.0355
mystery-prob02,0,True,248,1740,3351,5341,6577,6823,49611,0,0,,,,0,,,7.0,7,7,0.0428,0.0317,0.0016,0.0362,0.0,0.0,,0.4897,0.6023
mystery-prob03,0,True,174,959,1668,2802,3606,3952,18959,0,0,,,,0,,,4.0,4,4,0.0138,0.0106,0.0004,0.014,0.0,0.0,,0.1425,0.1815
mystery-prob04,0,True,15,47,91,164,74,184,195,0,0,,,,0,,,7.0,8,7,0.0327,0.0004,0.0001,0.0033,0.0,0.0,,0.009,0.0456
mystery-prob05,0,True,182,1007,1902,3096,2991,4011,14516,0,0,,,,0,,,8.0,8,8,0.0172,0.0128,0.0009,0.0122,0.0,0.0,,0.1412,0.1845
mystery-prob06,0,True,463,5568,10140,16173,26225,21697,340774,0,0,,,,1961,,,11.0,11,11,0.0669,0.1622,0.0059,0.2074,0.0,0.0,,33.8086,34.2519
mystery-prob07,1,True,0,0,0,0,0,0,0,0,0,,,,0,,,1e+20,1e+20,1e+20,0.0261,0.0,0.0,0.0,0.0,0.0,,0.0,0.0262
mystery-prob08,0,True,211,1471,2671,4356,4429,5939,26625,0,0,,,,0,,,5.0,6,5,0.019,0.0223,0.0008,0.0217,0.0,0.0,,0.336,0.4001
mystery-prob09,0,True,170,996,1887,3055,3479,3918,17495,0,0,,,,0,,,8.0,8,8,0.0175,0.0138,0.0008,0.0137,0.0,0.0,,0.2195,0.2655
mystery-prob10,0,True,1211,17887,34288,53387,86621,70443,1204806,0,0,,,,47,,,7.0,8,7,0.4456,1.6155,0.0169,0.8243,0.0,0.0,,32.8969,35.8037
mystery-prob11,0,True,78,105,153,344,241,479,347,0,0,,,,0,,,7.0,7,7,0.0175,0.0013,0.0001,0.0044,0.0,0.0,,0.0108,0.0342
mystery-prob12,0,True,67,249,461,778,768,1019,2745,0,0,,,,0,,,5.0,5,5,0.0078,0.0017,0.0001,0.0047,0.0,0.0,,0.0423,0.0567
mystery-prob13,0,True,1281,9231,16892,27409,29722,36421,242697,0,0,,,,0,,,11.0,12,11,0.2226,0.6867,0.0268,0.2174,0.0,0.0,,2.8707,4.0261
mystery-prob14,0,True,1449,25249,46931,73633,112005,97783,1718100,0,0,,,,0,,,9.0,9,9,2.0068,2.7071,0.0463,1.2147,0.0,0.0,,20.732,26.7105
mystery-prob15,0,True,611,9343,17611,27566,55287,36189,1071464,0,0,,,,126,,,6.0,6,6,0.118,0.4313,0.0055,0.624,0.0,0.0,,22.0108,23.1914
mystery-prob16,0,True,190,1012,1892,3102,3650,4077,21516,0,0,,,,0,,,5.0,5,5,0.0166,0.0162,0.0005,0.0153,0.0,0.0,,0.1971,0.2459
mystery-prob17,0,True,639,8735,16250,25625,50695,33839,781642,0,0,,,,0,,,4.0,4,4,0.1325,0.382,0.0041,0.4699,0.0,0.0,,4.1817,5.1721
mystery-prob18,1,True,0,0,0,0,0,0,0,0,0,,,,0,,,1e+20,1e+20,1e+20,0.0058,0.0,0.0,0.0,0.0,0.0,,0.0,0.0058
mystery-prob19,0,True,394,3412,6259,10066,13445,13361,113317,0,0,,,,0,,,5.0,5,5,0.0482,0.086,0.002,0.0761,0.0,0.0,,1.3593,1.572
mystery-prob20,0,True,395,3972,7941,12309,23201,15628,315772,0,0,,,,433,,,7.0,7,7,0.05,0.1259,0.0025,0.2063,0.0,0.0,,15.3809,15.7661
mystery-prob21,0,True,545,2102,4062,6710,6465,8752,35022,0,0,,,,0,,,4.0,4,4,0.0438,0.0828,0.0014,0.031,0.0,0.0,,0.274,0.4336
mystery-prob22,0,True,828,9300,17986,28117,49186,36926,648562,0,0,,,,95,,,10.0,10,10,0.1675,0.5868,0.0134,0.4103,0.0,0.0,,12.2482,13.4285
mystery-prob23,0,True,517,3609,7080,11210,13187,14699,87323,0,0,,,,0,,,11.0,11,11,0.0546,0.1343,0.0052,0.0655,0.0,0.0,,1.4061,1.6659
mystery-prob24,0,True,636,777,1220,2649,1955,3683,3316,0,0,,,,0,,,10.0,11,10,0.0348,0.0632,0.0025,0.0104,0.0,0.0,,0.0415,0.1531
mystery-prob25,0,True,28,80,154,263,191,329,550,0,0,,,,0,,,4.0,4,4,0.0167,0.0004,0.0,0.0046,0.0,0.0,,0.0173,0.0391
mystery-prob26,0,True,133,758,1446,2338,2564,3028,13655,0,0,,,,0,,,6.0,6,6,0.0204,0.009,0.0004,0.0125,0.0,0.0,,0.2598,0.3023
mystery-prob27,0,True,124,666,1293,2085,1696,2584,7929,0,0,,,,0,,,5.0,5,5,0.01,0.0068,0.0003,0.007,0.0,0.0,,0.0976,0.1219
mystery-prob28,0,True,51,75,122,257,163,344,272,0,0,,,,0,,,7.0,8,7,0.0137,0.0007,0.0001,0.0045,0.0,0.0,,0.0118,0.0308
mystery-prob29,0,True,147,681,1208,2037,1658,2653,7548,0,0,,,,0,,,4.0,4,4,0.0227,0.0069,0.0004,0.01,0.0,0.0,,0.0927,0.1327
mystery-prob30,0,True,274,2422,4583,7281,7975,9244,61878,0,0,,,,0,,,8.0,8,8,0.0246,0.0481,0.002,0.0386,0.0,0.0,,1.1369,1.2505
nomystery-opt11-strips-p01,0,True,33,170,316,531,325,639,1041,0,0,,,,0,,,9.0,9,9,0.0142,0.0009,0.0001,0.0053,0.0,0.0,,0.0332,0.0538
nomystery-opt11-strips-p02,0,True,93,816,1574,2498,1498,2767,8799,0,0,,,,0,,,11.0,11,11,0.019,0.0061,0.0012,0.0169,0.0,0.0,,0.183,0.2263
nomystery-opt11-strips-p03,0,True,55,503,993,1569,876,1811,4277,0,0,,,,0,,,13.0,13,13,0.0122,0.0032,0.0006,0.007,0.0,0.0,,0.1137,0.1367
nomystery-opt11-strips-p04,0,True,92,1284,2549,3947,1743,4270,11714,0,0,,,,0,,,16.0,16,16,0.2904,0.0089,0.0033,0.018,0.0,0.0,,0.3417,0.6625
nomystery-opt11-strips-p05,0,True,169,2884,5758,8838,5676,9396,55422,0,0,,,,0,,,20.0,20,20,0.0479,0.0294,0.016,0.041,0.0,0.0,,1.7766,1.9112
nomystery-opt11-strips-p06,0,True,232,4595,9050,13908,10642,14883,132410,0,0,,,,0,,,23.0,23,23,0.0556,0.0633,0.0266,0.081,0.0,0.0,,2.9316,3.1584
nomystery-opt11-strips-p07,0,True,195,4204,8225,12661,5712,13874,50886,0,0,,,,0,,,27.0,27,27,0.0338,0.0513,0.0272,0.0358,0.0,0.0,,1.3261,1.4745
nomystery-opt11-strips-p08,0,True,225,5925,11849,18038,9335,18379,110311,0,0,,,,0,,,29.0,29,29,0.0509,0.0741,0.0563,0.0684,0.0,0.0,,2.7766,3.0266
nomystery-opt11-strips-p09,0,True,252,7590,15178,23061,9285,23918,104210,0,0,,,,0,,,31.0,31,31,0.0535,0.1069,0.0936,0.0682,0.0,0.0,,3.6664,3.9892
nomystery-opt11-strips-p10,0,True,180,5997,11994,18216,7046,18574,87556,0,0,,,,0,,,33.0,33,33,0.0385,0.067,0.1273,0.0546,0.0,0.0,,2.2948,2.5826
nomystery-opt11-strips-p11,0,True,23,96,175,306,205,376,520,0,0,,,,0,,,9.0,9,9,0.0068,0.0005,0.0001,0.0021,0.0,0.0,,0.0162,0.0256
nomystery-opt11-strips-p12,0,True,65,485,913,1478,960,1686,4761,0,0,,,,0,,,11.0,11,11,0.0191,0.0033,0.0006,0.0065,0.0,0.0,,0.1029,0.1326
nomystery-opt11-strips-p13,0,True,39,295,577,929,621,1091,2644,0,0,,,,0,,,13.0,13,13,0.0123,0.0017,0.0004,0.0058,0.0,0.0,,0.0705,0.0906
nomystery-opt11-strips-p14,0,True,65,825,1631,2543,1229,2785,7932,0,0,,,,0,,,16.0,16,16,0.0252,0.0052,0.0017,0.0084,0.0,0.0,,0.2371,0.2777
nomystery-opt11-strips-p15,0,True,121,1972,3934,6054,3272,6468,28387,0,0,,,,0,,,20.0,20,20,0.017,0.0165,0.0093,0.0197,0.0,0.0,,0.7087,0.7713
nomystery-opt11-strips-p16,0,True,168,3215,6312,9726,5084,10439,48546,0,0,,,,0,,,23.0,23,23,0.0432,0.0358,0.0156,0.0324,0.0,0.0,,1.6172,1.7446
nomystery-opt11-strips-p17,0,True,142,2985,5840,9004,4695,9899,44850,0,0,,,,0,,,27.0,27,27,0.0255,0.03,0.0293,0.0298,0.0,0.0,,1.2633,1.3781
nomystery-opt11-strips-p18,0,True,165,4245,8489,12938,6142,13219,67015,0,0,,,,0,,,29.0,29,29,0.0291,0.0444,0.0421,0.0441,0.0,0.0,,1.7957,1.9557
nomystery-opt11-strips-p19,0,True,184,5414,10826,16465,6524,17118,70565,0,0,,,,0,,,31.0,31,31,0.0394,0.0628,0.0609,0.05,0.0,0.0,,2.3069,2.5204
nomystery-opt11-strips-p20,0,True,132,4269,8538,12984,5244,13294,64711,0,0,,,,0,,,33.0,33,33,0.0328,0.0407,0.0769,0.0412,0.0,0.0,,2.1223,2.3141
nomystery-sat11-strips-p01,0,True,78,816,1619,2535,1405,2898,7828,0,0,,,,0,,,16.0,16,16,0.018,0.0063,0.0019,0.0107,0.0,0.0,,0.1781,0.2152
nomystery-sat11-strips-p02,0,True,92,1285,2551,3953,1746,4277,11717,0,0,,,,0,,,18.0,18,18,0.0151,0.0092,0.0035,0.0103,0.0,0.0,,0.3333,0.3714
nomystery-sat11-strips-p03,0,True,169,2885,5760,8844,5679,9403,55425,0,0,,,,0,,,22.0,22,22,0.0493,0.0301,0.018,0.0381,0.0,0.0,,1.7844,1.9202
nomystery-sat11-strips-p04,0,True,232,4596,9052,13914,10553,14890,124485,0,0,,,,0,,,25.0,25,25,0.0443,0.0636,0.0288,0.0775,0.0,0.0,,3.0027,3.2171
nomystery-sat11-strips-p05,0,True,221,4803,9397,14461,6812,15830,63884,0,0,,,,0,,,29.0,29,29,0.0468,0.0659,0.0342,0.0453,0.0,0.0,,1.345,1.5376
nomystery-sat11-strips-p06,0,True,225,5926,11851,18044,9021,18386,100922,0,0,,,,0,,,31.0,31,31,0.0595,0.0752,0.0604,0.0684,0.0,0.0,,2.899,3.1628
nomystery-sat11-strips-p07,0,True,251,7591,15180,23067,9289,23925,104214,0,0,,,,0,,,33.0,33,33,0.0641,0.1079,0.1223,0.0694,0.0,0.0,,2.7614,3.1257
nomystery-sat11-strips-p08,0,True,180,5998,11996,18222,7049,18581,87559,0,0,,,,0,,,35.0,35,35,0.0824,0.0681,0.1156,0.0568,0.0,0.0,,2.3049,2.628
nomystery-sat11-strips-p09,0,True,306,10889,21777,33026,12396,33729,150798,0,0,,,,0,,,40.0,41,40,0.0839,0.1794,0.308,0.101,0.0,0.0,,57.5496,58.2228
nomystery-sat11-strips-p10,0,True,242,8178,16126,24603,10706,26153,136910,0,0,,,,0,,,41.0,41,41,0.0685,0.1323,0.1252,0.087,0.0,0.0,,3.1003,3.5139
nomystery-sat11-strips-p11,0,True,55,517,1021,1615,880,1863,4211,0,0,,,,0,,,16.0,16,16,0.0083,0.0035,0.0008,0.0052,0.0,0.0,,0.1099,0.1279
nomystery-sat11-strips-p12,0,True,65,826,1633,2549,1234,2792,7937,0,0,,,,0,,,18.0,18,18,0.0107,0.0054,0.0018,0.0079,0.0,0.0,,0.2359,0.2616
nomystery-sat11-strips-p13,0,True,121,1973,3936,6060,3275,6475,28390,0,0,,,,0,,,22.0,22,22,0.0204,0.0167,0.0099,0.0204,0.0,0.0,,0.7038,0.7714
nomystery-sat11-strips-p14,0,True,168,3216,6314,9732,4681,10446,42538,0,0,,,,0,,,25.0,25,25,0.0311,0.0368,0.0164,0.0349,0.0,0.0,,1.2101,1.3296
nomystery-sat11-strips-p15,0,True,161,3423,6697,10321,4782,11330,43004,0,0,,,,0,,,29.0,29,29,0.0273,0.0376,0.0207,0.0293,0.0,0.0,,1.1768,1.2919
nomystery-sat11-strips-p16,0,True,165,4246,8491,12944,6145,13226,67018,0,0,,,,0,,,31.0,31,31,0.0417,0.045,0.0461,0.0452,0.0,0.0,,1.79,1.9683
nomystery-sat11-strips-p17,0,True,183,5415,10828,16471,6525,17125,70566,0,0,,,,0,,,33.0,33,33,0.2676,0.0647,0.0766,0.0478,0.0,0.0,,2.2628,2.7198
nomystery-sat11-strips-p18,0,True,132,4270,8540,12990,5247,13301,64714,0,0,,,,0,,,35.0,35,35,0.028,0.0424,0.0792,0.0411,0.0,0.0,,2.1142,2.3052
nomystery-sat11-strips-p19,0,True,224,7855,15709,23842,9389,24381,118760,0,0,,,,0,,,40.0,41,40,0.0598,0.1075,0.2003,0.0829,0.0,0.0,,10.371,10.8221
nomystery-sat11-strips-p20,0,True,178,5874,11582,17691,7568,18857,90093,0,0,,,,0,,,41.0,41,41,0.0482,0.0792,0.079,0.0561,0.0,0.0,,2.8997,3.1626
openstacks-opt08-strips-p01,0,False,4,35,55,110,92,163,198,0,0,,,,0,,,1.0,1,1,0.0055,0.0001,0.0,0.0017,0.0,0.0,,0.0026,0.01
openstacks-opt08-strips-p02,0,False,5,48,78,150,126,223,282,0,0,,,,0,,,1.0,1,1,0.0066,0.0002,0.0,0.002,0.0,0.0,,0.0038,0.0127
openstacks-opt08-strips-p03,0,False,6,63,105,196,169,295,388,0,0,,,,0,,,1.0,1,1,0.0053,0.0002,0.0,0.0018,0.0,0.0,,0.0033,0.0107
openstacks-opt08-strips-p04,0,False,7,80,136,248,222,379,540,0,0,,,,0,,,1.0,1,1,0.0158,0.0003,0.0,0.0068,0.0,0.0,,0.0047,0.0277
openstacks-opt08-strips-p05,0,False,8,99,171,306,282,477,725,0,0,,,,0,,,1.0,1,1,0.011,0.0004,0.0001,0.0031,0.0,0.0,,0.005,0.0196
openstacks-opt08-strips-p06,0,False,9,120,210,370,343,579,911,0,0,,,,0,,,1.0,1,1,0.008,0.0005,0.0001,0.0024,0.0,0.0,,0.0054,0.0163
openstacks-opt08-strips-p07,0,False,10,143,253,440,415,693,1173,0,0,,,,0,,,1.0,1,1,0.0082,0.0006,0.0001,0.0061,0.0,0.0,,0.0064,0.0215
openstacks-opt08-strips-p08,0,False,11,168,300,516,495,819,1442,0,0,,,,0,,,1.0,1,1,0.0065,0.0008,0.0001,0.0026,0.0,0.0,,0.0067,0.0168
openstacks-opt08-strips-p09,0,False,12,195,351,598,573,949,1609,0,0,,,,0,,,1.0,1,1,0.0104,0.0009,0.0001,0.004,0.0,0.0,,0.0083,0.0236
openstacks-opt08-strips-p10,0,False,13,224,406,686,668,1095,2004,0,0,,,,0,,,1.0,1,1,0.0064,0.0011,0.0001,0.0029,0.0,0.0,,0.008,0.0185
openstacks-opt08-strips-p11,0,False,14,255,465,780,753,1247,2207,0,0,,,,0,,,1.0,1,1,0.0083,0.0013,0.0001,0.005,0.0,0.0,,0.0094,0.0241
openstacks-opt08-strips-p12,0,False,15,288,528,880,865,1409,2686,0,0,,,,0,,,1.0,1,1,0.0088,0.0015,0.0001,0.0056,0.0,0.0,,0.0106,0.0266
openstacks-opt08-strips-p13,0,False,16,323,595,986,976,1581,3100,0,0,,,,0,,,1.0,1,1,0.0084,0.0017,0.0001,0.0039,0.0,0.0,,0.011,0.0252
openstacks-opt08-strips-p14,0,False,17,360,666,1098,1091,1769,3610,0,0,,,,0,,,1.0,1,1,0.0119,0.002,0.0001,0.005,0.0,0.0,,0.0149,0.0341
openstacks-opt08-strips-p15,0,False,18,399,741,1216,1207,1957,3908,0,0,,,,0,,,1.0,1,1,0.0168,0.0023,0.0002,0.0051,0.0,0.0,,0.0137,0.0381
openstacks-opt08-strips-p16,0,False,19,440,820,1340,1341,2167,4573,0,0,,,,0,,,1.0,1,1,0.0089,0.0026,0.0002,0.005,0.0,0.0,,0.0151,0.0319
openstacks-opt08-strips-p17,0,False,20,483,903,1470,1473,2379,5082,0,0,,,,0,,,1.0,1,1,0.0078,0.003,0.0002,0.0049,0.0,0.0,,0.0158,0.0317
openstacks-opt08-strips-p18,0,False,21,528,990,1606,1601,2605,5389,0,0,,,,0,,,1.0,1,1,0.0098,0.0034,0.0002,0.0056,0.0,0.0,,0.0185,0.0376
openstacks-opt08-strips-p19,0,False,22,575,1081,1748,1770,2835,6348,0,0,,,,0,,,1.0,1,1,0.01,0.0038,0.0002,0.0078,0.0,0.0,,0.0187,0.0405
openstacks-opt08-strips-p20,0,False,23,624,1176,1896,1912,3077,6867,0,0,,,,0,,,1.0,1,1,0.0122,0.0043,0.0002,0.0068,0.0,0.0,,0.0226,0.0462
openstacks-opt08-strips-p21,0,False,24,675,1275,2050,2080,3327,7500,0,0,,,,0,,,1.0,1,1,0.0153,0.0048,0.0002,0.0074,0.0,0.0,,0.0242,0.0519
openstacks-opt08-strips-p22,0,False,25,728,1378,2210,2258,3613,8745,0,0,,,,0,,,1.0,1,1,0.0157,0.0052,0.0003,0.009,0.0,0.0,,0.0271,0.0574
openstacks-opt08-strips-p23,0,False,26,783,1485,2376,2423,3873,9287,0,0,,,,0,,,1.0,1,1,0.012,0.0059,0.0003,0.0078,0.0,0.0,,0.0303,0.0564
openstacks-opt08-strips-p24,0,False,27,840,1596,2548,2600,4153,9910,0,0,,,,0,,,1.0,1,1,0.0238,0.0064,0.0003,0.0095,0.0,0.0,,0.0318,0.072
openstacks-opt08-strips-p25,0,False,28,899,1711,2726,2815,4455,11382,0,0,,,,0,,,1.0,1,1,0.0302,0.0071,0.0004,0.0139,0.0,0.0,,0.0356,0.0873
openstacks-opt08-strips-p26,0,False,29,960,1830,2910,2959,4749,11110,0,0,,,,0,,,1.0,1,1,0.0145,0.0077,0.0003,0.0094,0.0,0.0,,0.0346,0.0667
openstacks-opt08-strips-p27,0,False,30,1023,1953,3100,3197,5081,13210,0,0,,,,0,,,1.0,1,1,0.0143,0.0086,0.0004,0.0102,0.0,0.0,,0.0366,0.0702
openstacks-opt08-strips-p28,0,False,31,1088,2080,3296,3390,5389,13632,0,0,,,,0,,,1.0,1,1,0.0159,0.0091,0.0004,0.0105,0.0,0.0,,0.0388,0.0748
openstacks-opt08-strips-p29,0,False,32,1155,2211,3498,3585,5737,14398,0,0,,,,0,,,1.0,1,1,0.0169,0.0101,0.0005,0.0112,0.0,0.0,,0.0413,0.0802
openstacks-opt08-strips-p30,0,False,33,1224,2346,3706,3801,6065,15328,0,0,,,,0,,,1.0,1,1,0.0167,0.0109,0.0005,0.0137,0.0,0.0,,0.0454,0.0872
openstacks-opt11-strips-p01,0,False,9,120,210,370,343,579,911,0,0,,,,0,,,1.0,1,1,0.0066,0.0005,0.0001,0.003,0.0,0.0,,0.0054,0.0156
openstacks-opt11-strips-p02,0,False,10,143,253,440,415,693,1173,0,0,,,,0,,,1.0,1,1,0.0106,0.0006,0.0001,0.0033,0.0,0.0,,0.0062,0.0209
openstacks-opt11-strips-p03,0,False,11,168,300,516,495,819,1442,0,0,,,,0,,,1.0,1,1,0.0077,0.0008,0.0001,0.0023,0.0,0.0,,0.0069,0.0178
openstacks-opt11-strips-p04,0,False,12,195,351,598,573,949,1609,0,0,,,,0,,,1.0,1,1,0.0079,0.0009,0.0001,0.0029,0.0,0.0,,0.0072,0.0191
openstacks-opt11-strips-p05,0,False,13,224,406,686,668,1095,2004,0,0,,,,0,,,1.0,1,1,0.0113,0.0011,0.0001,0.0035,0.0,0.0,,0.0078,0.0238
openstacks-opt11-strips-p06,0,False,14,255,465,780,753,1247,2207,0,0,,,,0,,,1.0,1,1,0.0094,0.0013,0.0001,0.0039,0.0,0.0,,0.0088,0.0234
openstacks-opt11-strips-p07,0,False,15,288,528,880,865,1409,2686,0,0,,,,0,,,1.0,1,1,0.0438,0.0015,0.0001,0.0038,0.0,0.0,,0.0102,0.0595
openstacks-opt11-strips-p08,0,False,16,323,595,986,976,1581,3100,0,0,,,,0,,,1.0,1,1,0.0169,0.0018,0.0001,0.0056,0.0,0.0,,0.0114,0.0358
openstacks-opt11-strips-p09,0,False,17,360,666,1098,1091,1769,3610,0,0,,,,0,,,1.0,1,1,0.0074,0.0021,0.0002,0.0044,0.0,0.0,,0.0122,0.0263
openstacks-opt11-strips-p10,0,False,25,728,1378,2210,2258,3613,8745,0,0,,,,0,,,1.0,1,1,0.0121,0.0053,0.0003,0.008,0.0,0.0,,0.0269,0.0527
openstacks-opt11-strips-p11,0,False,18,399,741,1216,1207,1957,3908,0,0,,,,0,,,1.0,1,1,0.0262,0.0024,0.0001,0.0078,0.0,0.0,,0.0139,0.0506
openstacks-opt11-strips-p12,0,False,19,440,820,1340,1341,2167,4573,0,0,,,,0,,,1.0,1,1,0.0802,0.0026,0.0002,0.0067,0.0,0.0,,0.0154,0.1052
openstacks-opt11-strips-p13,0,False,20,483,903,1470,1473,2379,5082,0,0,,,,0,,,1.0,1,1,0.0456,0.003,0.0002,0.0092,0.0,0.0,,0.0165,0.0746
openstacks-opt11-strips-p14,0,False,21,528,990,1606,1601,2605,5389,0,0,,,,0,,,1.0,1,1,0.0113,0.0034,0.0002,0.0052,0.0,0.0,,0.0189,0.0391
openstacks-opt11-strips-p15,0,False,22,575,1081,1748,1770,2835,6348,0,0,,,,0,,,1.0,1,1,0.0102,0.0039,0.0002,0.0076,0.0,0.0,,0.0192,0.0412
openstacks-opt11-strips-p16,0,False,24,675,1275,2050,2080,3327,7500,0,0,,,,0,,,1.0,1,1,0.0095,0.0048,0.0002,0.0068,0.0,0.0,,0.0241,0.0456
openstacks-opt11-strips-p17,0,False,23,624,1176,1896,1912,3077,6867,0,0,,,,0,,,1.0,1,1,0.0087,0.0043,0.0002,0.0062,0.0,0.0,,0.0228,0.0424
openstacks-opt11-strips-p18,0,False,26,783,1485,2376,2423,3873,9287,0,0,,,,0,,,1.0,1,1,0.0424,0.0057,0.0003,0.0101,0.0,0.0,,0.0301,0.0888
openstacks-opt11-strips-p19,0,False,27,840,1596,2548,2600,4153,9910,0,0,,,,0,,,1.0,1,1,0.0234,0.0063,0.0003,0.0097,0.0,0.0,,0.0319,0.0717
openstacks-opt11-strips-p20,0,False,28,899,1711,2726,2815,4455,11382,0,0,,,,0,,,1.0,1,1,0.0207,0.0071,0.0003,0.0099,0.0,0.0,,0.0343,0.0724
openstacks-opt14-strips-p20_1,0,False,19,440,820,1340,1338,2155,4398,0,0,,,,0,,,1.0,1,1,0.0299,0.0026,0.0002,0.0236,0.0,0.0,,0.0207,0.0771
openstacks-opt14-strips-p20_2,0,False,19,440,820,1340,1351,2163,4644,0,0,,,,0,,,1.0,1,1,0.0134,0.0027,0.0002,0.0067,0.0,0.0,,0.0158,0.0388
openstacks-opt14-strips-p20_3,0,False,19,440,820,1340,1408,2209,5898,0,0,,,,0,,,1.0,1,1,0.0097,0.0027,0.0002,0.0067,0.0,0.0,,0.016,0.0354
openstacks-opt14-strips-p25_1,0,False,24,675,1275,2050,2052,3323,7018,0,0,,,,0,,,1.0,1,1,0.0112,0.0048,0.0002,0.0081,0.0,0.0,,0.0243,0.0486
openstacks-opt14-strips-p25_3,0,False,24,675,1275,2050,2173,3403,10142,0,0,,,,0,,,1.0,1,1,0.0113,0.0049,0.0003,0.0084,0.0,0.0,,0.024,0.049
openstacks-opt14-strips-p30_1,0,False,29,960,1830,2910,2959,4733,11007,0,0,,,,0,,,1.0,1,1,0.0162,0.0077,0.0003,0.0096,0.0,0.0,,0.0346,0.0685
openstacks-opt14-strips-p30_2,0,False,29,960,1830,2910,2987,4743,11738,0,0,,,,0,,,1.0,1,1,0.0134,0.0079,0.0004,0.0094,0.0,0.0,,0.0356,0.0667
openstacks-opt14-strips-p30_3,0,False,29,960,1830,2910,3092,4865,15636,0,0,,,,0,,,1.0,1,1,0.0171,0.0078,0.0005,0.0123,0.0,0.0,,0.0412,0.0791
openstacks-opt14-strips-p35_1,0,False,34,1295,2485,3920,4048,6407,16932,0,0,,,,0,,,1.0,1,1,0.0336,0.0119,0.0005,0.0185,0.0,0.0,,0.0487,0.1134
openstacks-opt14-strips-p35_2,0,False,34,1295,2485,3920,4020,6415,16149,0,0,,,,0,,,1.0,1,1,0.0197,0.0119,0.0005,0.0134,0.0,0.0,,0.0468,0.0924
openstacks-opt14-strips-p35_3,0,False,34,1295,2485,3920,4210,6567,23483,0,0,,,,0,,,1.0,1,1,0.0433,0.0123,0.0007,0.0196,0.0,0.0,,0.0652,0.1414
openstacks-opt14-strips-p40_1,0,False,39,1680,3240,5080,5265,8319,22839,0,0,,,,0,,,1.0,1,1,0.0188,0.0172,0.0006,0.0173,0.0,0.0,,0.0616,0.1157
openstacks-opt14-strips-p40_2,0,False,39,1680,3240,5080,5257,8327,22751,0,0,,,,0,,,1.0,1,1,0.0197,0.0175,0.0006,0.0165,0.0,0.0,,0.0635,0.118
openstacks-opt14-strips-p40_3,0,False,39,1680,3240,5080,5490,8507,33089,0,0,,,,0,,,1.0,1,1,0.0205,0.0178,0.001,0.0215,0.0,0.0,,0.0796,0.1406
openstacks-opt14-strips-p45_1,0,False,44,2115,4095,6390,6632,10481,30004,0,0,,,,0,,,1.0,1,1,0.0436,0.0239,0.0008,0.0216,0.0,0.0,,0.078,0.1683
openstacks-opt14-strips-p45_2,0,False,44,2115,4095,6390,6605,10513,29522,0,0,,,,0,,,1.0,1,1,0.0544,0.0242,0.0008,0.0208,0.0,0.0,,0.0806,0.1811
openstacks-opt14-strips-p45_3,0,False,44,2115,4095,6390,6987,10749,47041,0,0,,,,0,,,1.0,1,1,0.0256,0.0245,0.0013,0.0291,0.0,0.0,,0.107,0.1879
openstacks-opt14-strips-p50_1,0,False,49,2600,5050,7850,8196,12901,39738,0,0,,,,0,,,1.0,1,1,0.0562,0.0316,0.001,0.033,0.0,0.0,,0.1005,0.2227
openstacks-opt14-strips-p50_2,0,False,49,2600,5050,7850,8197,12929,40263,0,0,,,,0,,,1.0,1,1,0.0304,0.0318,0.001,0.0277,0.0,0.0,,0.1035,0.1948
openstacks-opt14-strips-p50_3,0,False,49,2600,5050,7850,8503,13191,57262,0,0,,,,0,,,1.0,1,1,0.0316,0.0326,0.0016,0.0354,0.0,0.0,,0.1284,0.23
openstacks-p01,-3,False,0,0,0,0,0,0,0,0,0,,,,0,,,0.0,1e+20,1e+20,0,0,0,0,0,0,,0,0
openstacks-p02,-3,False,0,0,0,0,0,0,0,0,0,,,,0,,,0.0,1e+20,1e+20,0,0,0,0,0,0,,0,0
openstacks-p03,-3,False,0,0,0,0,0,0,0,0,0,,,,0,,,0.0,1e+20,1e+20,0,0,0,0,0,0,,0,0
openstacks-p04,-3,False,0,0,0,0,0,0,0,0,0,,,,0,,,0.0,1e+20,1e+20,0,0,0,0,0,0,,0,0
openstacks-p05,-3,False,0,0,0,0,0,0,0,0,0,,,,0,,,0.0,1e+20,1e+20,0,0,0,0,0,0,,0,0
openstacks-p06,-3,False,0,0,0,0,0,0,0,0,0,,,,0,,,0.0,1e+20,1e+20,0,0,0,0,0,0,,0,0
openstacks-p07,-3,False,0,0,0,0,0,0,0,0,0,,,,0,,,0.0,1e+20,1e+20,0,0,0,0,0,0,,0,0
openstacks-p08,-3,False,0,0,0,0,0,0,0,0,0,,,,0,,,0.0,1e+20,1e+20,0,0,0,0,0,0,,0,0
openstacks-p09,-3,False,0,0,0,0,0,0,0,0,0,,,,0,,,0.0,1e+20,1e+20,0,0,0,0,0,0,,0,0
openstacks-p10,-3,False,0,0,0,0,0,0,0,0,0,,,,0,,,0.0,1e+20,1e+20,0,0,0,0,0,0,,0,0
openstacks-p11,-3,False,0,0,0,0,0,0,0,0,0,,,,0,,,0.0,1e+20,1e+20,0,0,0,0,0,0,,0,0
openstacks-p12,-3,False,0,0,0,0,0,0,0,0,0,,,,0,,,0.0,1e+20,1e+20,0,0,0,0,0,0,,0,0
openstacks-p13,-3,False,0,0,0,0,0,0,0,0,0,,,,0,,,0.0,1e+20,1e+20,0,0,0,0,0,0,,0,0
openstacks-p14,-3,False,0,0,0,0,0,0,0,0,0,,,,0,,,0.0,1e+20,1e+20,0,0,0,0,0,0,,0,0
openstacks-p15,-3,False,0,0,0,0,0,0,0,0,0,,,,0,,,0.0,1e+20,1e+20,0,0,0,0,0,0,,0,0
openstacks-p16,-3,False,0,0,0,0,0,0,0,0,0,,,,0,,,0.0,1e+20,1e+20,0,0,0,0,0,0,,0,0
openstacks-p17,-3,False,0,0,0,0,0,0,0,0,0,,,,0,,,0.0,1e+20,1e+20,0,0,0,0,0,0,,0,0
openstacks-p18,-3,False,0,0,0,0,0,0,0,0,0,,,,0,,,0.0,1e+20,1e+20,0,0,0,0,0,0,,0,0
openstacks-p19,-3,False,0,0,0,0,0,0,0,0,0,,,,0,,,0.0,1e+20,1e+20,0,0,0,0,0,0,,0,0
openstacks-p20,-3,False,0,0,0,0,0,0,0,0,0,,,,0,,,0.0,1e+20,1e+20,0,0,0,0,0,0,,0,0
openstacks-p21,-3,False,0,0,0,0,0,0,0,0,0,,,,0,,,0.0,1e+20,1e+20,0,0,0,0,0,0,,0,0
openstacks-p22,-3,False,0,0,0,0,0,0,0,0,0,,,,0,,,0.0,1e+20,1e+20,0,0,0,0,0,0,,0,0
openstacks-p23,-3,False,0,0,0,0,0,0,0,0,0,,,,0,,,0.0,1e+20,1e+20,0,0,0,0,0,0,,0,0
openstacks-p24,-3,False,0,0,0,0,0,0,0,0,0,,,,0,,,0.0,1e+20,1e+20,0,0,0,0,0,0,,0,0
openstacks-p25,-3,False,0,0,0,0,0,0,0,0,0,,,,0,,,0.0,1e+20,1e+20,0,0,0,0,0,0,,0,0
openstacks-p26,-3,False,0,0,0,0,0,0,0,0,0,,,,0,,,0.0,1e+20,1e+20,0,0,0,0,0,0,,0,0
openstacks-p27,-3,False,0,0,0,0,0,0,0,0,0,,,,0,,,0.0,1e+20,1e+20,0,0,0,0,0,0,,0,0
openstacks-p28,-3,False,0,0,0,0,0,0,0,0,0,,,,0,,,0.0,1e+20,1e+20,0,0,0,0,0,0,,0,0
openstacks-p29,-3,False,0,0,0,0,0,0,0,0,0,,,,0,,,0.0,1e+20,1e+20,0,0,0,0,0,0,,0,0
openstacks-p30,-3,False,0,0,0,0,0,0,0,0,0,,,,0,,,0.0,1e+20,1e+20,0,0,0,0,0,0,,0,0
openstacks-sat08-strips-p01,0,False,4,35,55,110,92,163,198,0,0,,,,0,,,1.0,1,1,0.01,0.0001,0.0,0.0033,0.0,0.0,,0.0031,0.0166
openstacks-sat08-strips-p02,0,False,4,35,55,110,92,163,200,0,0,,,,0,,,1.0,1,1,0.005,0.0001,0.0,0.0022,0.0,0.0,,0.0026,0.01
openstacks-sat08-strips-p03,0,False,4,35,55,110,90,161,182,0,0,,,,0,,,1.0,1,1,0.034,0.0001,0.0,0.0033,0.0,0.0,,0.0038,0.0413
openstacks-sat08-strips-p04,0,False,9,120,210,370,343,579,911,0,0,,,,0,,,1.0,1,1,0.0072,0.0005,0.0001,0.0029,0.0,0.0,,0.0056,0.0162
openstacks-sat08-strips-p05,0,False,9,120,210,370,345,577,916,0,0,,,,0,,,1.0,1,1,0.0053,0.0005,0.0001,0.0024,0.0,0.0,,0.0049,0.0132
openstacks-sat08-strips-p06,0,False,9,120,210,370,342,579,900,0,0,,,,0,,,1.0,1,1,0.0362,0.0005,0.0001,0.003,0.0,0.0,,0.0061,0.0459
openstacks-sat08-strips-p07,0,False,14,255,465,780,753,1247,2207,0,0,,,,0,,,1.0,1,1,0.0066,0.0013,0.0001,0.0033,0.0,0.0,,0.0088,0.0201
openstacks-sat08-strips-p08,0,False,14,255,465,780,763,1243,2363,0,0,,,,0,,,1.0,1,1,0.007,0.0013,0.0001,0.0037,0.0,0.0,,0.0089,0.021
openstacks-sat08-strips-p09,0,False,14,255,465,780,748,1243,2130,0,0,,,,0,,,1.0,1,1,0.0071,0.0013,0.0001,0.0041,0.0,0.0,,0.009,0.0216
openstacks-sat08-strips-p10,0,False,19,440,820,1340,1341,2167,4573,0,0,,,,0,,,1.0,1,1,0.0103,0.0027,0.0002,0.0067,0.0,0.0,,0.0154,0.0353
openstacks-sat08-strips-p11,0,False,19,440,820,1340,1349,2175,4728,0,0,,,,0,,,1.0,1,1,0.0811,0.0026,0.0002,0.007,0.0,0.0,,0.0153,0.1063
openstacks-sat08-strips-p12,0,False,19,440,820,1340,1348,2167,4698,0,0,,,,0,,,1.0,1,1,0.012,0.0026,0.0002,0.0067,0.0,0.0,,0.0154,0.037
openstacks-sat08-strips-p13,0,False,29,960,1830,2910,2959,4749,11110,0,0,,,,0,,,1.0,1,1,0.0207,0.0077,0.0003,0.0117,0.0,0.0,,0.0356,0.0762
openstacks-sat08-strips-p14,0,False,29,960,1830,2910,3008,4763,12325,0,0,,,,0,,,1.0,1,1,0.0158,0.0078,0.0004,0.0099,0.0,0.0,,0.0353,0.0693
openstacks-sat08-strips-p15,0,False,29,960,1830,2910,2957,4753,11281,0,0,,,,0,,,1.0,1,1,0.0161,0.0077,0.0004,0.0095,0.0,0.0,,0.0324,0.0663
openstacks-sat08-strips-p16,0,False,39,1680,3240,5080,5307,8363,24872,0,0,,,,0,,,1.0,1,1,0.0425,0.0171,0.0007,0.019,0.0,0.0,,0.0645,0.144
openstacks-sat08-strips-p17,0,False,39,1680,3240,5080,5261,8349,23291,0,0,,,,0,,,1.0,1,1,0.1476,0.0174,0.0007,0.0611,0.0,0.0,,0.0815,0.3085
openstacks-sat08-strips-p18,0,False,39,1680,3240,5080,5271,8343,23598,0,0,,,,0,,,1.0,1,1,0.0274,0.0174,0.0007,0.0179,0.0,0.0,,0.0628,0.1264
openstacks-sat08-strips-p19,0,False,49,2600,5050,7850,8290,12967,44468,0,0,,,,0,,,1.0,1,1,0.0548,0.0318,0.0011,0.0303,0.0,0.0,,0.1124,0.2306
openstacks-sat08-strips-p20,0,False,49,2600,5050,7850,8295,12991,45133,0,0,,,,0,,,1.0,1,1,0.0488,0.0317,0.0012,0.0325,0.0,0.0,,0.1105,0.2251
openstacks-sat08-strips-p21,0,False,49,2600,5050,7850,8236,12951,41881,0,0,,,,0,,,1.0,1,1,0.0411,0.0317,0.0011,0.0309,0.0,0.0,,0.1036,0.2086
openstacks-sat08-strips-p22,0,False,59,3720,7260,11220,11854,18605,69745,0,0,,,,0,,,1.0,1,1,0.0399,0.054,0.0017,0.0447,0.0,0.0,,0.1696,0.3102
openstacks-sat08-strips-p23,0,False,59,3720,7260,11220,11841,18563,66952,0,0,,,,0,,,1.0,1,1,0.0689,0.054,0.0016,0.0478,0.0,0.0,,0.2847,0.4574
openstacks-sat08-strips-p24,0,False,59,3720,7260,11220,11829,18559,67144,0,0,,,,0,,,1.0,1,1,0.0497,0.0538,0.0016,0.0438,0.0,0.0,,0.1633,0.3126
openstacks-sat08-strips-p25,0,False,79,6560,12880,19760,20962,32813,143039,0,0,,,,0,,,1.0,1,1,0.074,0.1242,0.0033,0.0911,0.0,0.0,,0.3395,0.6333
openstacks-sat08-strips-p26,0,False,79,6560,12880,19760,20962,32775,140353,0,0,,,,0,,,1.0,1,1,0.072,0.1235,0.0031,0.0883,0.0,0.0,,0.3403,0.6285
openstacks-sat08-strips-p27,0,False,79,6560,12880,19760,21042,32801,145806,0,0,,,,0,,,1.0,1,1,0.0733,0.1248,0.0032,0.0886,0.0,0.0,,0.3507,0.6418
openstacks-sat08-strips-p28,0,False,99,10200,20100,30700,32733,51073,259158,0,0,,,,0,,,1.0,1,1,0.1295,0.2456,0.0059,0.1607,0.0,0.0,,0.6066,1.1505
openstacks-sat08-strips-p29,0,False,99,10200,20100,30700,32806,51079,266605,0,0,,,,0,,,1.0,1,1,0.1248,0.2442,0.0056,0.1627,0.0,0.0,,0.6065,1.1458
openstacks-sat08-strips-p30,0,False,99,10200,20100,30700,32726,51087,259345,0,0,,,,0,,,1.0,1,1,0.1256,0.2452,0.0057,0.1662,0.0,0.0,,0.6164,1.1611
openstacks-sat11-strips-p01,0,False,49,2600,5050,7850,8236,12951,41881,0,0,,,,0,,,1.0,1,1,0.0304,0.0323,0.0011,0.0283,0.0,0.0,,0.1032,0.1955
openstacks-sat11-strips-p02,0,False,59,3720,7260,11220,11854,18605,69745,0,0,,,,0,,,1.0,1,1,0.0796,0.0539,0.0018,0.0533,0.0,0.0,,0.1685,0.3574
openstacks-sat11-strips-p03,0,False,59,3720,7260,11220,11829,18559,67144,0,0,,,,0,,,1.0,1,1,0.0563,0.0542,0.0016,0.0435,0.0,0.0,,0.1629,0.3189
openstacks-sat11-strips-p04,0,False,79,6560,12880,19760,20962,32813,143039,0,0,,,,0,,,1.0,1,1,0.1791,0.1239,0.0032,0.0876,0.0,0.0,,0.3374,0.7324
openstacks-sat11-strips-p05,0,False,79,6560,12880,19760,20962,32775,140353,0,0,,,,0,,,1.0,1,1,0.5,0.1231,0.0031,0.423,0.0,0.0,,0.6591,1.7097
openstacks-sat11-strips-p06,0,False,79,6560,12880,19760,21042,32801,145806,0,0,,,,0,,,1.0,1,1,0.0722,0.1247,0.0032,0.0905,0.0,0.0,,0.3481,0.6398
openstacks-sat11-strips-p07,0,False,49,2600,5050,7850,8295,12991,45133,0,0,,,,0,,,1.0,1,1,0.0296,0.0321,0.0012,0.0307,0.0,0.0,,0.1085,0.2024
openstacks-sat11-strips-p08,0,False,99,10200,20100,30700,32733,51073,259158,0,0,,,,0,,,1.0,1,1,0.132,0.245,0.0056,0.161,0.0,0.0,,0.6065,1.1522
openstacks-sat11-strips-p09,0,False,99,10200,20100,30700,32806,51079,266605,0,0,,,,0,,,1.0,1,1,0.1343,0.2439,0.0062,0.1618,0.0,0.0,,0.6027,1.151
openstacks-sat11-strips-p10,0,False,99,10200,20100,30700,32726,51087,259345,0,0,,,,0,,,1.0,1,1,0.1426,0.2449,0.0057,0.1607,0.0,0.0,,0.618,1.1741
openstacks-sat11-strips-p11,0,False,129,17160,33930,51610,55067,85823,498839,0,0,,,,0,,,1.0,1,1,0.5861,0.5535,0.0102,0.3068,0.0,0.0,,1.1502,2.6107
openstacks-sat11-strips-p12,0,False,129,17160,33930,51610,57644,87209,829085,0,0,,,,0,,,1.0,1,1,0.5187,0.5704,0.0221,0.4707,0.0,0.0,,1.5009,3.0868
openstacks-sat11-strips-p13,0,False,159,25920,51360,77920,83136,129655,854511,0,0,,,,0,,,1.0,1,1,0.4251,1.0662,0.0213,0.5124,0.0,0.0,,1.884,3.9147
openstacks-sat11-strips-p14,0,False,159,25920,51360,77920,86916,131465,1439718,0,0,,,,0,,,1.0,1,1,0.4619,1.1521,0.0427,0.841,0.0,0.0,,2.6935,5.1971
openstacks-sat11-strips-p15,0,False,189,36480,72390,109630,117584,182729,1453322,0,0,,,,0,,,1.0,1,1,0.6657,1.8538,0.0378,0.8888,0.0,0.0,,3.1828,6.6377
openstacks-sat11-strips-p16,0,False,189,36480,72390,109630,122023,184887,2277792,0,0,,,,0,,,1.0,1,1,0.7196,2.0252,0.0752,1.3215,0.0,0.0,,4.0257,8.1762
openstacks-sat11-strips-p17,0,False,219,48840,97020,146740,157100,244739,2108042,0,0,,,,0,,,1.0,1,1,0.9916,3.3075,0.0614,1.3067,0.0,0.0,,4.7105,10.3866
openstacks-sat11-strips-p18,0,False,219,48840,97020,146740,164608,247575,3628969,0,0,,,,0,,,1.0,1,1,1.0761,3.4241,0.1267,2.1107,0.0,0.0,,6.4178,13.1683
openstacks-sat11-strips-p19,0,False,249,63000,125250,189250,203785,315821,3235137,0,0,,,,0,,,1.0,1,1,1.4062,5.1578,0.092,1.9758,0.0,0.0,,6.8926,15.5354
openstacks-sat11-strips-p20,0,False,249,63000,125250,189250,212457,319223,5205490,0,0,,,,0,,,1.0,1,1,1.5557,4.5494,0.206,3.0574,0.0,0.0,,9.6254,19.0067
openstacks-sat14-strips-p170_2,0,False,169,29240,57970,87890,94268,146415,1077949,0,0,,,,0,,,1.0,1,1,0.4927,1.3229,0.0257,0.649,0.0,0.0,,2.388,4.8847
openstacks-sat14-strips-p170_3,0,False,169,29240,57970,87890,98194,148211,1719076,0,0,,,,0,,,1.0,1,1,0.5414,1.4138,0.0501,0.9835,0.0,0.0,,3.0014,5.995
openstacks-sat14-strips-p190_1,0,False,189,36480,72390,109630,117662,182513,1449587,0,0,,,,0,,,1.0,1,1,0.6523,1.8218,0.0347,0.8706,0.0,0.0,,3.1453,6.533
openstacks-sat14-strips-p190_2,0,False,189,36480,72390,109630,117594,182759,1469881,0,0,,,,0,,,1.0,1,1,0.7305,1.8737,0.0381,0.9002,0.0,0.0,,3.1573,6.7085
openstacks-sat14-strips-p190_3,0,False,189,36480,72390,109630,122446,184881,2332226,0,0,,,,0,,,1.0,1,1,0.7121,2.0324,0.0745,1.349,0.0,0.0,,4.1044,8.2786
openstacks-sat14-strips-p210_1,0,False,209,44520,88410,133770,143363,222733,1861052,0,0,,,,0,,,1.0,1,1,0.8595,2.7997,0.0475,1.1439,0.0,0.0,,3.9984,8.8603
openstacks-sat14-strips-p210_2,0,False,209,44520,88410,133770,142845,222927,1789610,0,0,,,,0,,,1.0,1,1,0.8667,2.7939,0.0506,1.0943,0.0,0.0,,3.9776,8.7945
openstacks-sat14-strips-p210_3,0,False,209,44520,88410,133770,149611,225659,3124415,0,0,,,,0,,,1.0,1,1,0.9445,2.9991,0.1108,1.8202,0.0,0.0,,5.4888,11.3756
openstacks-sat14-strips-p230_1,0,False,229,53360,106030,160310,171233,266897,2266172,0,0,,,,0,,,1.0,1,1,1.0958,3.8686,0.06,1.4037,0.0,0.0,,5.043,11.4843
openstacks-sat14-strips-p230_2,0,False,229,53360,106030,160310,171751,267405,2400768,0,0,,,,0,,,1.0,1,1,1.1166,3.8203,0.0709,1.4949,0.0,0.0,,5.2596,11.7761
openstacks-sat14-strips-p230_3,0,False,229,53360,106030,160310,179766,270389,4082411,0,0,,,,0,,,1.0,1,1,1.4952,4.211,0.1513,2.411,0.0,0.0,,7.3418,15.6196
openstacks-sat14-strips-p250_1,0,False,249,63000,125250,189250,202177,315303,2862114,0,0,,,,0,,,1.0,1,1,1.3878,5.3585,0.08,1.8087,0.0,0.0,,6.2324,14.8785
openstacks-sat14-strips-p250_2,0,False,249,63000,125250,189250,202942,315661,3050107,0,0,,,,0,,,1.0,1,1,1.4261,5.17,0.0889,1.9722,0.0,0.0,,6.7713,15.446
openstacks-sat14-strips-p250_3,0,False,249,63000,125250,189250,213666,319247,5341671,0,0,,,,0,,,1.0,1,1,3.9134,4.5907,0.2075,3.1679,0.0,0.0,,9.8117,21.7024
openstacks-sat14-strips-p270_1,0,False,269,73440,146070,220590,236005,367741,3631585,0,0,,,,0,,,1.0,1,1,1.8413,6.7144,0.1042,2.2864,0.0,0.0,,8.2261,19.1852
openstacks-sat14-strips-p270_2,0,False,269,73440,146070,220590,236816,368157,3836015,0,0,,,,0,,,1.0,1,1,1.7597,6.6601,0.1153,2.3853,0.0,0.0,,8.6585,19.5923
openstacks-sat14-strips-p270_3,0,False,269,73440,146070,220590,248605,371855,6530896,0,0,,,,0,,,1.0,1,1,1.8747,5.772,0.2587,3.9158,0.0,0.0,,11.6093,23.4444
openstacks-sat14-strips-p290_1,0,False,289,84680,168490,254330,272569,423963,4513351,0,0,,,,0,,,1.0,1,1,2.2304,8.2929,0.1249,2.9135,0.0,0.0,,9.917,23.4936
openstacks-sat14-strips-p290_2,0,False,289,84680,168490,254330,273741,424631,4837929,0,0,,,,0,,,1.0,1,1,2.1376,8.4275,0.1483,3.0485,0.0,0.0,,10.7967,24.5737
openstacks-sat14-strips-p290_3,0,False,289,84680,168490,254330,285253,428657,7813011,0,0,,,,0,,,1.0,1,1,2.2945,7.7165,0.3323,4.7262,0.0,0.0,,14.3813,29.4662
openstacks-strips-p01,0,True,4,40,65,135,122,209,253,0,0,,,,0,,,21.0,21,21,0.0254,0.0002,0.0001,0.002,0.0,0.0,,0.0051,0.0327
openstacks-strips-p02,0,True,4,40,65,135,121,209,259,0,0,,,,0,,,21.0,21,21,0.0057,0.0002,0.0001,0.0019,0.0,0.0,,0.0052,0.0132
openstacks-strips-p03,0,True,4,40,65,135,121,209,263,0,0,,,,0,,,21.0,21,21,0.0085,0.0002,0.0001,0.0058,0.0,0.0,,0.0059,0.0206
openstacks-strips-p04,0,True,4,40,65,135,122,209,266,0,0,,,,0,,,21.0,21,21,0.0884,0.0002,0.0001,0.0788,0.0,0.0,,0.0282,0.1957
openstacks-strips-p05,0,True,4,40,65,135,120,209,258,0,0,,,,0,,,21.0,21,21,0.0127,0.0002,0.0001,0.0131,0.0,0.0,,0.0092,0.0353
openstacks-strips-p06,0,True,9,130,230,420,427,699,1352,0,0,,,,0,,,41.0,41,41,0.0067,0.001,0.0005,0.0025,0.0,0.0,,0.0116,0.0224
openstacks-strips-p07,0,True,9,130,230,420,434,699,1385,0,0,,,,0,,,41.0,41,41,0.0098,0.001,0.0005,0.003,0.0,0.0,,0.0117,0.0261
openstacks-strips-p08,0,True,14,290,551,963,1224,1807,5532,0,0,,,,0,,,81.0,81,81,0.0234,0.0043,0.0039,0.0075,0.0,0.0,,0.0303,0.0695
openstacks-strips-p09,0,True,14,290,551,963,1295,1837,6104,0,0,,,,0,,,81.0,81,81,0.0144,0.0043,0.004,0.0053,0.0,0.0,,0.0257,0.0538
openstacks-strips-p10,0,True,19,460,881,1463,1513,2422,6068,0,0,,,,0,,,81.0,81,81,0.0208,0.0056,0.005,0.0078,0.0,0.0,,0.0448,0.0842
openstacks-strips-p11,0,True,19,460,881,1463,1501,2422,5906,0,0,,,,0,,,81.0,81,81,0.0174,0.0056,0.0049,0.0069,0.0,0.0,,0.0398,0.0748
openstacks-strips-p12,0,True,19,460,881,1463,1585,2482,7156,0,0,,,,0,,,81.0,81,81,0.0253,0.0061,0.0058,0.0072,0.0,0.0,,0.0409,0.0854
openstacks-strips-p13,0,True,19,460,881,1463,1655,2542,8351,0,0,,,,0,,,81.0,81,81,0.0222,0.0061,0.0075,0.0074,0.0,0.0,,0.0428,0.0861
openstacks-strips-p14,0,True,19,460,881,1463,1645,2542,8257,0,0,,,,0,,,81.0,81,81,0.023,0.0061,0.0075,0.0095,0.0,0.0,,0.0424,0.0887
openstacks-strips-p15,0,True,19,460,881,1463,1708,2602,9458,0,0,,,,0,,,81.0,81,81,0.0207,0.0059,0.01,0.0083,0.0,0.0,,0.0443,0.0893
openstacks-strips-p16,0,True,19,460,881,1463,1702,2602,9194,0,0,,,,0,,,81.0,81,81,0.0332,0.0059,0.0102,0.0094,0.0,0.0,,0.0438,0.1027
openstacks-strips-p17,0,True,19,480,921,1553,2074,2981,11765,0,0,,,,0,,,101.0,101,101,0.0228,0.0082,0.0128,0.012,0.0,0.0,,0.0524,0.1083
openstacks-strips-p18,0,True,24,768,1487,2509,3751,5218,21678,0,0,,,,0,,,169.0,169,169,0.0341,0.0229,0.0408,0.0151,0.0,0.0,,0.092,0.2054
openstacks-strips-p19,0,True,24,700,1351,2203,2245,3622,8988,0,0,,,,0,,,101.0,101,101,0.0217,0.0102,0.0158,0.0177,0.0,0.0,,0.0651,0.1308
openstacks-strips-p20,0,True,29,990,1921,3093,3217,5132,14485,0,0,,,,0,,,121.0,121,121,0.0252,0.0168,0.026,0.0113,0.0,0.0,,0.0835,0.1631
openstacks-strips-p21,0,True,29,990,1921,3093,3207,5132,14202,0,0,,,,0,,,121.0,121,121,0.0272,0.0165,0.0259,0.0146,0.0,0.0,,0.0836,0.1681
openstacks-strips-p22,0,True,29,990,1921,3093,3354,5222,17514,0,0,,,,0,,,121.0,121,121,0.0262,0.0171,0.0302,0.0123,0.0,0.0,,0.0868,0.1728
openstacks-strips-p23,0,True,29,990,1921,3093,3476,5312,20303,0,0,,,,0,,,121.0,121,121,0.0267,0.0174,0.0364,0.0136,0.0,0.0,,0.0894,0.1839
openstacks-strips-p24,0,True,49,2650,5201,8153,13213,17845,256668,0,0,,,,0,,,201.0,201,201,0.1063,0.0985,2.7649,0.1328,0.0,0.0,,0.5843,3.688
openstacks-strips-p25,0,True,49,2650,5201,8153,12367,17146,225765,0,0,,,,0,,,201.0,201,201,0.0964,0.0913,1.942,0.1148,0.0,0.0,,0.5268,2.7726
openstacks-strips-p26,0,True,49,2650,5201,8153,8673,13615,51225,0,0,,,,0,,,201.0,201,201,0.7809,0.0674,0.314,0.0393,0.0,0.0,,0.2878,1.4901
openstacks-strips-p27,0,True,74,5850,11551,17853,19115,29969,137259,0,0,,,,0,,,301.0,301,301,0.1799,0.226,1.4379,0.0886,0.0,0.0,,0.7573,2.6927
openstacks-strips-p28,0,True,99,10300,20401,31303,53584,71503,2136509,0,0,,,,0,,,401.0,401,401,0.675,0.9363,171.8768,1.0257,0.0,0.0,,4.9255,179.4463
openstacks-strips-p29,0,True,99,10300,20401,31303,48911,67495,1732807,0,0,,,,0,,,401.0,401,401,0.6051,0.8546,94.4688,0.8329,0.0,0.0,,4.1215,100.8897
openstacks-strips-p30,0,True,99,10300,20401,31303,34140,52657,326820,0,0,,,,0,,,401.0,401,401,0.3741,0.5726,4.9028,0.2149,0.0,0.0,,1.9545,8.0241
optical-telegraphs-p01-opt2,-3,False,0,0,0,0,0,0,0,0,0,,,,0,,,0.0,1e+20,1e+20,0,0,0,0,0,0,,0,0
optical-telegraphs-p02-opt3,-3,False,0,0,0,0,0,0,0,0,0,,,,0,,,0.0,1e+20,1e+20,0,0,0,0,0,0,,0,0
optical-telegraphs-p03-opt4,-3,False,0,0,0,0,0,0,0,0,0,,,,0,,,0.0,1e+20,1e+20,0,0,0,0,0,0,,0,0
optical-telegraphs-p04-opt5,-3,False,0,0,0,0,0,0,0,0,0,,,,0,,,0.0,1e+20,1e+20,0,0,0,0,0,0,,0,0
optical-telegraphs-p05-opt6,-3,False,0,0,0,0,0,0,0,0,0,,,,0,,,0.0,1e+20,1e+20,0,0,0,0,0,0,,0,0
optical-telegraphs-p06-opt7,-3,False,0,0,0,0,0,0,0,0,0,,,,0,,,0.0,1e+20,1e+20,0,0,0,0,0,0,,0,0
optical-telegraphs-p07-opt8,-3,False,0,0,0,0,0,0,0,0,0,,,,0,,,0.0,1e+20,1e+20,0,0,0,0,0,0,,0,0
optical-telegraphs-p08-opt9,-3,False,0,0,0,0,0,0,0,0,0,,,,0,,,0.0,1e+20,1e+20,0,0,0,0,0,0,,0,0
optical-telegraphs-p09-opt10,-3,False,0,0,0,0,0,0,0,0,0,,,,0,,,0.0,1e+20,1e+20,0,0,0,0,0,0,,0,0
optical-telegraphs-p10-opt11,-3,False,0,0,0,0,0,0,0,0,0,,,,0,,,0.0,1e+20,1e+20,0,0,0,0,0,0,,0,0
optical-telegraphs-p11-opt12,-3,False,0,0,0,0,0,0,0,0,0,,,,0,,,0.0,1e+20,1e+20,0,0,0,0,0,0,,0,0
optical-telegraphs-p12-opt13,-3,False,0,0,0,0,0,0,0,0,0,,,,0,,,0.0,1e+20,1e+20,0,0,0,0,0,0,,0,0
optical-telegraphs-p13-opt14,-3,False,0,0,0,0,0,0,0,0,0,,,,0,,,0.0,1e+20,1e+20,0,0,0,0,0,0,,0,0
optical-telegraphs-p14-opt15,-3,False,0,0,0,0,0,0,0,0,0,,,,0,,,0.0,1e+20,1e+20,0,0,0,0,0,0,,0,0
optical-telegraphs-p15-opt16,-3,False,0,0,0,0,0,0,0,0,0,,,,0,,,0.0,1e+20,1e+20,0,0,0,0,0,0,,0,0
optical-telegraphs-p16-opt17,-3,False,0,0,0,0,0,0,0,0,0,,,,0,,,0.0,1e+20,1e+20,0,0,0,0,0,0,,0,0
optical-telegraphs-p17-opt18,-3,False,0,0,0,0,0,0,0,0,0,,,,0,,,0.0,1e+20,1e+20,0,0,0,0,0,0,,0,0
optical-telegraphs-p18-opt19,-3,False,0,0,0,0,0,0,0,0,0,,,,0,,,0.0,1e+20,1e+20,0,0,0,0,0,0,,0,0
optical-telegraphs-p19-opt20,-3,False,0,0,0,0,0,0,0,0,0,,,,0,,,0.0,1e+20,1e+20,0,0,0,0,0,0,,0,0
optical-telegraphs-p20-opt21,-3,False,0,0,0,0,0,0,0,0,0,,,,0,,,0.0,1e+20,1e+20,0,0,0,0,0,0,,0,0
optical-telegraphs-p21-opt22,-3,False,0,0,0,0,0,0,0,0,0,,,,0,,,0.0,1e+20,1e+20,0,0,0,0,0,0,,0,0
optical-telegraphs-p22-opt23,-3,False,0,0,0,0,0,0,0,0,0,,,,0,,,0.0,1e+20,1e+20,0,0,0,0,0,0,,0,0
optical-telegraphs-p23-opt24,-3,False,0,0,0,0,0,0,0,0,0,,,,0,,,0.0,1e+20,1e+20,0,0,0,0,0,0,,0,0
optical-telegraphs-p24-opt25,-3,False,0,0,0,0,0,0,0,0,0,,,,0,,,0.0,1e+20,1e+20,0,0,0,0,0,0,,0,0
optical-telegraphs-p25-opt26,-3,False,0,0,0,0,0,0,0,0,0,,,,0,,,0.0,1e+20,1e+20,0,0,0,0,0,0,,0,0
optical-telegraphs-p26-opt27,-3,False,0,0,0,0,0,0,0,0,0,,,,0,,,0.0,1e+20,1e+20,0,0,0,0,0,0,,0,0
optical-telegraphs-p27-opt28,-3,False,0,0,0,0,0,0,0,0,0,,,,0,,,0.0,1e+20,1e+20,0,0,0,0,0,0,,0,0
optical-telegraphs-p28-opt29,-3,False,0,0,0,0,0,0,0,0,0,,,,0,,,0.0,1e+20,1e+20,0,0,0,0,0,0,,0,0
optical-telegraphs-p29-opt30,-3,False,0,0,0,0,0,0,0,0,0,,,,0,,,0.0,1e+20,1e+20,0,0,0,0,0,0,,0,0
optical-telegraphs-p30-opt31,-3,False,0,0,0,0,0,0,0,0,0,,,,0,,,0.0,1e+20,1e+20,0,0,0,0,0,0,,0,0
optical-telegraphs-p31-opt32,-3,False,0,0,0,0,0,0,0,0,0,,,,0,,,0.0,1e+20,1e+20,0,0,0,0,0,0,,0,0
optical-telegraphs-p32-opt33,-3,False,0,0,0,0,0,0,0,0,0,,,,0,,,0.0,1e+20,1e+20,0,0,0,0,0,0,,0,0
optical-telegraphs-p33-opt34,-3,False,0,0,0,0,0,0,0,0,0,,,,0,,,0.0,1e+20,1e+20,0,0,0,0,0,0,,0,0
optical-telegraphs-p34-opt35,-3,False,0,0,0,0,0,0,0,0,0,,,,0,,,0.0,1e+20,1e+20,0,0,0,0,0,0,,0,0
optical-telegraphs-p35-opt36,-3,False,0,0,0,0,0,0,0,0,0,,,,0,,,0.0,1e+20,1e+20,0,0,0,0,0,0,,0,0
optical-telegraphs-p36-opt37,-3,False,0,0,0,0,0,0,0,0,0,,,,0,,,0.0,1e+20,1e+20,0,0,0,0,0,0,,0,0
optical-telegraphs-p37-opt38,-3,False,0,0,0,0,0,0,0,0,0,,,,0,,,0.0,1e+20,1e+20,0,0,0,0,0,0,,0,0
optical-telegraphs-p38-opt39,-3,False,0,0,0,0,0,0,0,0,0,,,,0,,,0.0,1e+20,1e+20,0,0,0,0,0,0,,0,0
optical-telegraphs-p39-opt40,-3,False,0,0,0,0,0,0,0,0,0,,,,0,,,0.0,1e+20,1e+20,0,0,0,0,0,0,,0,0
optical-telegraphs-p40-opt41,-3,False,0,0,0,0,0,0,0,0,0,,,,0,,,0.0,1e+20,1e+20,0,0,0,0,0,0,,0,0
optical-telegraphs-p41-opt42,-3,False,0,0,0,0,0,0,0,0,0,,,,0,,,0.0,1e+20,1e+20,0,0,0,0,0,0,,0,0
optical-telegraphs-p42-opt43,-3,False,0,0,0,0,0,0,0,0,0,,,,0,,,0.0,1e+20,1e+20,0,0,0,0,0,0,,0,0
optical-telegraphs-p43-opt44,-3,False,0,0,0,0,0,0,0,0,0,,,,0,,,0.0,1e+20,1e+20,0,0,0,0,0,0,,0,0
optical-telegraphs-p44-opt45,-3,False,0,0,0,0,0,0,0,0,0,,,,0,,,0.0,1e+20,1e+20,0,0,0,0,0,0,,0,0
optical-telegraphs-p45-opt46,-3,False,0,0,0,0,0,0,0,0,0,,,,0,,,0.0,1e+20,1e+20,0,0,0,0,0,0,,0,0
optical-telegraphs-p46-opt47,-3,False,0,0,0,0,0,0,0,0,0,,,,0,,,0.0,1e+20,1e+20,0,0,0,0,0,0,,0,0
optical-telegraphs-p47-opt48,-3,False,0,0,0,0,0,0,0,0,0,,,,0,,,0.0,1e+20,1e+20,0,0,0,0,0,0,,0,0
optical-telegraphs-p48-opt49,-3,False,0,0,0,0,0,0,0,0,0,,,,0,,,0.0,1e+20,1e+20,0,0,0,0,0,0,,0,0
organic-synthesis-opt18-strips-p01,0,True,0,1,9,19,0,18,0,0,0,,,,0,,,1.0,1,1,0.0127,0.0003,0.0,0.0065,0.0,0.0,,0.0034,0.023
organic-synthesis-opt18-strips-p02,0,True,1,2,17,30,0,28,0,0,0,,,,0,,,1.0,1,1,0.0231,0.0006,0.0,0.0044,0.0,0.0,,0.0031,0.0313
organic-synthesis-opt18-strips-p03,0,True,3,5,22,43,24,62,42,0,0,,,,0,,,2.0,2,2,0.0415,0.0147,0.0,0.0017,0.0,0.0,,0.0015,0.0601
organic-synthesis-opt18-strips-p07,0,True,0,1,12,26,0,24,0,0,0,,,,0,,,2.0,2,2,0.0075,0.0001,0.0,0.0016,0.0,0.0,,0.0019,0.0112
organic-synthesis-opt18-strips-p09,0,True,4,4,18,35,10,41,10,0,0,,,,0,,,2.0,2,2,0.111,0.0187,0.0,0.0019,0.0,0.0,,0.0016,0.1363
organic-synthesis-opt18-strips-p10,0,True,4,4,18,35,10,41,10,0,0,,,,0,,,2.0,2,2,0.1839,0.0195,0.0,0.0036,0.0,0.0,,0.0027,0.2128
organic-synthesis-opt18-strips-p11,0,True,65,506,2010,2591,298,2355,2437,0,0,,,,0,,,2.0,2,2,10.5927,537.5222,0.0002,0.0073,0.0,0.0,,0.0575,548.2987
organic-synthesis-opt18-strips-p12,0,True,2,6,61,90,21,105,21,0,0,,,,0,,,2.0,2,2,11.7669,3.5655,0.0012,0.1637,0.0,0.0,,0.0046,15.6987
organic-synthesis-opt18-strips-p14,0,True,11,8,73,112,0,104,0,0,0,,,,0,,,2.0,2,2,0.493,0.0262,0.0,0.083,0.0,0.0,,0.3163,0.9188
organic-synthesis-sat18-strips-p06,0,True,20,16,80,125,84,187,154,0,0,,,,0,,,2.0,2,2,0.3108,0.2612,0.0,0.0064,0.0,0.0,,0.0056,0.5908
organic-synthesis-sat18-strips-p07,0,True,22,54,763,863,0,809,0,0,0,,,,0,,,2.0,2,2,1.4594,0.4225,0.0001,0.0124,0.0,0.0,,0.0178,1.9609
organic-synthesis-sat18-strips-p16,0,True,354,6564,26484,33408,6747,31217,63631,0,0,,,,0,,,6.0,6,6,1.2551,9.4067,0.0717,0.0613,0.0,0.0,,1.4591,12.2984
organic-synthesis-split-opt18-strips-p01,0,False,189,2042,2631,4874,2537,4193,13083,0,0,,,,0,,,41.0,61,41,0.02,0.0176,0.0111,0.0153,0.0,0.0,,0.3442,0.4082
organic-synthesis-split-opt18-strips-p02,0,False,229,3556,4277,8074,3019,6223,19221,0,0,,,,0,,,41.0,53,41,0.0375,0.0462,0.0198,0.0321,0.0,0.0,,0.9025,1.0384
organic-synthesis-split-opt18-strips-p03,0,False,526,7634,10890,19103,13458,16783,120102,0,0,,,,0,,,247.0,289,247,0.2805,0.3328,0.2941,0.0887,0.0,0.0,,9.5281,10.5263
organic-synthesis-split-opt18-strips-p04,0,False,718,10435,14470,25646,28781,24440,409367,0,0,,,,0,,,239.0,248,239,0.13,0.3988,0.6513,0.271,0.0,0.0,,45.7559,47.208
organic-synthesis-split-opt18-strips-p05,2,False,1269,27395,42855,71522,119759,74936,5700023,0,0,,,,0,,,0.0,176,176,0.5115,1.8548,2.1555,3.3534,0.0,0.0,,640.2965,648.1742
organic-synthesis-split-opt18-strips-p06,2,False,1124,33531,47412,82096,170235,74418,11714773,0,0,,,,0,,,51.0,400,400,0.5481,2.1511,3.5136,6.7534,0.0,0.0,,887.4872,900.4566
organic-synthesis-split-opt18-strips-p07,0,False,14,28,74,142,73,172,93,0,0,,,,0,,,189.0,189,189,0.0372,0.0004,0.0001,0.0024,0.0,0.0,,0.0054,0.0455
organic-synthesis-split-opt18-strips-p08,2,False,1828,61570,91317,154729,313996,152126,29476536,0,0,,,,0,,,0.0,512,512,1.3544,6.2312,26.4664,17.8529,0.0,0.0,,169.8724,221.7831
organic-synthesis-split-opt18-strips-p09,0,False,413,5144,6447,12007,6464,10287,44553,0,0,,,,179,,,47.0,59,47,0.0455,0.1153,0.0414,0.0362,0.0,0.0,,28.6577,28.8964
organic-synthesis-split-opt18-strips-p10,0,False,423,5236,6655,12317,6993,10661,50254,0,0,,,,87,,,47.0,59,47,0.4733,0.1138,0.051,0.6226,0.0,0.0,,26.4375,27.6985
organic-synthesis-split-opt18-strips-p11,2,False,1284,19706,32859,53858,64876,59069,1475225,0,0,,,,0,,,51.75,86,76,0.74,1.2311,0.3789,0.9416,0.0,0.0,,897.4208,900.7144
organic-synthesis-split-opt18-strips-p12,0,False,1502,19368,33734,54609,78494,63650,2273189,0,0,,,,0,,,39.0,56,39,0.4774,1.5285,0.295,1.3777,0.0,0.0,,134.6059,138.2871
organic-synthesis-split-opt18-strips-p13,2,False,2865,112997,174331,290200,500597,288927,59961717,0,0,,,,0,,,0.0,308,308,3.5734,28.6318,72.0268,36.9603,0.0,0.0,,6.6979,147.9006
organic-synthesis-split-opt18-strips-p14,0,False,367,9083,10593,20066,6342,14439,54519,0,0,,,,0,,,55.0,65,55,0.0686,0.3295,0.1014,0.045,0.0,0.0,,1.7892,2.3344
organic-synthesis-split-opt18-strips-p15,2,False,3264,119376,178985,301646,562004,298630,70173628,0,0,,,,0,,,0.0,527,527,4.3943,39.8075,84.6909,43.9453,0.0,0.0,,7.7351,180.5872
organic-synthesis-split-opt18-strips-p16,2,False,3964,128940,209140,342069,755575,361916,99389682,0,0,,,,0,,,0.0,121,121,9.5736,66.4488,92.6179,64.2863,0.0,0.0,,2.0573,235.0049
organic-synthesis-split-opt18-strips-p17,2,False,4791,179090,281029,464946,1039243,475039,119927007,0,0,,,,0,,,0.0,479,479,16.7898,137.997,440.6185,304.5682,0.0,0.0,,0.0,683.0637
organic-synthesis-split-opt18-strips-p18,2,False,3927,173070,250963,427989,790197,401315,101675323,0,0,,,,0,,,0.0,637,637,7.8687,96.5311,192.5526,603.0298,0.0,0.0,,0.0,365.0864
organic-synthesis-split-opt18-strips-p19,2,False,2354,73603,110807,186769,334394,186869,27741355,0,0,,,,0,,,0.0,162,162,2.1629,15.0778,21.7205,17.2272,0.0,0.0,,155.226,211.4219
organic-synthesis-split-opt18-strips-p20,2,False,2705,102307,148321,253353,497487,242571,64233726,0,0,,,,0,,,0.0,448,448,2.9491,23.2951,58.0858,40.2983,0.0,0.0,,7.2145,131.8523
organic-synthesis-split-sat18-strips-p01,0,False,810,13779,19969,34598,57214,33379,2167229,0,0,,,,0,,,216.0,216,216,0.2191,0.4911,1.2824,1.2551,0.0,0.0,,29.5241,32.7732
organic-synthesis-split-sat18-strips-p02,0,False,775,15122,21138,37088,25260,31687,281787,0,0,,,,135,,,247.0,308,247,0.5796,0.9402,1.4197,0.2052,0.0,0.0,,33.6685,36.8168
organic-synthesis-split-sat18-strips-p03,2,False,1612,55216,81755,138633,254747,135387,19625219,0,0,,,,0,,,0.0,450,450,1.1421,5.121,13.7153,12.0573,0.0,0.0,,111.7462,143.787
organic-synthesis-split-sat18-strips-p04,0,False,1278,33396,49369,84054,100129,77212,4774537,0,0,,,,0,,,158.0,162,158,0.6561,3.4675,2.4312,2.7616,0.0,0.0,,119.6243,128.9449
organic-synthesis-split-sat18-strips-p05,2,False,2211,65386,101307,168911,229994,166448,14974019,0,0,,,,0,,,0.0,281,281,1.9119,13.1511,30.513,9.0395,0.0,0.0,,146.2461,200.8686
organic-synthesis-split-sat18-strips-p06,0,False,525,9107,10940,20575,8877,16104,72877,0,0,,,,57,,,45.0,59,45,0.0888,0.3594,0.1044,0.0614,0.0,0.0,,71.277,71.8919
organic-synthesis-split-sat18-strips-p07,0,False,2024,27766,50419,80220,88679,90973,2351167,0,0,,,,0,,,48.0,49,48,0.9414,3.8852,0.3948,1.588,0.0,0.0,,139.8348,146.6487
organic-synthesis-split-sat18-strips-p08,2,False,3180,117010,183793,303988,431571,298491,22660552,0,0,,,,0,,,0.0,112,112,4.9109,53.8415,10.9454,14.7709,0.0,0.0,,130.1952,214.6795
organic-synthesis-split-sat18-strips-p09,2,False,4640,228474,348502,581623,1040533,555108,140796378,0,0,,,,0,,,0.0,238,238,11.1296,172.6409,206.5385,509.6572,0.0,0.0,,0.0,486.0211
organic-synthesis-split-sat18-strips-p10,2,False,3137,99286,152756,255190,356382,251434,31981646,0,0,,,,0,,,0.0,370,370,3.7935,39.4169,94.0527,20.3394,0.0,0.0,,185.7608,343.3751
organic-synthesis-split-sat18-strips-p11,2,False,4935,240849,350755,596546,1151304,567371,144269139,0,0,,,,0,,,0.0,362,362,12.0022,169.6873,444.5708,273.7147,0.0,0.0,,0.0,729.0694
organic-synthesis-split-sat18-strips-p12,3,False,4886,298526,423584,0,0,0,0,0,0,,,,0,,,0.0,1e+20,1e+20,14.9687,267.1221,617.882,0.0,0.0,0.0,,0.0,909.5036
organic-synthesis-split-sat18-strips-p13,3,False,8666,646661,934803,0,0,0,0,0,0,,,,0,,,0.0,1e+20,1e+20,57.3026,842.648,0.0,0.0,0.0,0.0,,0.0,901.4567
organic-synthesis-split-sat18-strips-p14,3,False,6193,369806,523130,0,0,0,0,0,0,,,,0,,,0.0,1e+20,1e+20,22.3997,346.3072,531.2596,0.0,0.0,0.0,,0.0,941.8909
organic-synthesis-split-sat18-strips-p15,2,False,1005,20139,26402,47571,55513,41810,1492471,0,0,,,,0,,,261.511,404,404,0.2811,1.5813,2.8955,0.9127,0.0,0.0,,895.0893,900.7616
organic-synthesis-split-sat18-strips-p16,0,False,2776,46110,76427,125401,114545,127946,3141571,0,0,,,,0,,,540.0,616,540,1.5907,12.5623,44.6267,2.2583,0.0,0.0,,222.4288,283.4726
organic-synthesis-split-sat18-strips-p17,3,False,5284,292300,421295,0,0,0,0,0,0,,,,0,,,0.0,1e+20,1e+20,24.9969,270.2739,604.6888,0.0,0.0,0.0,,0.0,905.531
organic-synthesis-split-sat18-strips-p18,2,False,5012,237977,341676,584731,0,542683,0,0,0,,,,0,,,0.0,803,803,12.2403,191.4921,672.3964,23.8491,0.0,0.0,,0.0,900.0944
organic-synthesis-split-sat18-strips-p19,-2,False,0,0,0,0,0,0,0,0,0,,,,0,,,0.0,1e+20,1e+20,0,0,0,0,0,0,,0,0
organic-synthesis-split-sat18-strips-p20,3,False,10608,705330,1000070,0,0,0,0,0,0,,,,0,,,0.0,1e+20,1e+20,67.187,832.7595,0.0,0.0,0.0,0.0,,0.0,903.3236
parcprinter-08-strips-p01,0,False,14,17,42,95,59,125,72,0,0,,,,0,,,169009.0,169009,169009,0.0054,0.0001,0.0,0.0016,0.0,0.0,,0.0043,0.0115
parcprinter-08-strips-p02,0,False,26,33,67,160,122,220,143,0,0,,,,0,,,438047.0,446047,438047,0.0077,0.0002,0.0001,0.0019,0.0,0.0,,0.0051,0.0151
parcprinter-08-strips-p03,0,False,2,2,45,114,101,167,107,0,0,,,,0,,,807114.0,807114,807114,0.0254,0.0002,0.0,0.0017,0.0,0.0,,0.0021,0.0293
parcprinter-08-strips-p04,0,False,53,67,121,294,319,418,395,0,0,,,,0,,,876094.0,1027104,876094,0.0148,0.0007,0.0002,0.0046,0.0,0.0,,0.0076,0.0279
parcprinter-08-strips-p05,0,False,65,83,146,359,393,513,460,0,0,,,,0,,,1145132.0,1439152,1145132,0.0061,0.0011,0.0004,0.0023,0.0,0.0,,0.008,0.0179
parcprinter-08-strips-p06,0,False,74,97,167,420,462,600,540,0,0,,,,0,,,1514199.0,2092239,1514199,0.0084,0.0014,0.0006,0.0055,0.0,0.0,,0.0066,0.0225
parcprinter-08-strips-p07,0,False,98,121,208,501,596,727,739,0,0,,,,0,,,1383121.0,1534131,1383121,0.0172,0.0023,0.0009,0.0048,0.0,0.0,,0.0121,0.0373
parcprinter-08-strips-p08,0,False,104,133,225,558,644,806,806,0,0,,,,0,,,1852217.0,2565267,1852217,0.0165,0.0027,0.0011,0.0082,0.0,0.0,,0.0123,0.041
parcprinter-08-strips-p09,0,False,116,149,250,623,750,901,925,0,0,,,,0,,,2121255.0,2842305,2121255,0.0124,0.0034,0.0015,0.0044,0.0,0.0,,0.011,0.0327
parcprinter-08-strips-p10,0,False,125,163,271,684,817,988,975,0,0,,,,0,,,2490322.0,3629402,2490322,0.0091,0.0039,0.002,0.0035,0.0,0.0,,0.0098,0.0284
parcprinter-08-strips-p11,0,False,17,22,52,116,90,172,111,0,0,,,,0,,,165989.0,165989,165989,0.0407,0.0002,0.0,0.0111,0.0,0.0,,0.0066,0.0586
parcprinter-08-strips-p12,0,False,34,44,85,197,204,304,254,0,0,,,,0,,,425725.0,425725,425725,0.0076,0.0004,0.0001,0.0021,0.0,0.0,,0.0078,0.018
parcprinter-08-strips-p13,0,False,51,66,122,282,350,448,456,0,0,,,,0,,,591714.0,591714,591714,0.2456,0.0008,0.0001,0.0168,0.0,0.0,,0.0137,0.2771
parcprinter-08-strips-p14,0,False,68,88,155,363,489,580,683,0,0,,,,0,,,851450.0,863255,851450,0.0121,0.0013,0.0002,0.0029,0.0,0.0,,0.0119,0.0285
parcprinter-08-strips-p15,0,False,85,112,194,454,654,732,859,0,0,,,,0,,,1323035.0,1334840,1323035,0.1488,0.0021,0.0003,0.0088,0.0,0.0,,0.0136,0.1736
parcprinter-08-strips-p16,0,False,102,132,221,525,689,844,874,0,0,,,,0,,,1370922.0,1370922,1370922,0.0086,0.0028,0.0005,0.0031,0.0,0.0,,0.0137,0.0287
parcprinter-08-strips-p17,0,False,119,154,262,614,899,1000,1258,0,0,,,,0,,,1443164.0,1454969,1443164,0.0108,0.0039,0.0007,0.0045,0.0,0.0,,0.0163,0.0362
parcprinter-08-strips-p18,0,False,136,176,287,687,979,1108,1356,0,0,,,,0,,,1890394.0,1902199,1890394,0.0114,0.0048,0.0009,0.0047,0.0,0.0,,0.0172,0.039
parcprinter-08-strips-p19,0,False,153,204,334,792,1122,1284,1469,0,0,,,,0,,,2579475.0,2591280,2579475,0.01,0.0066,0.0012,0.0037,0.0,0.0,,0.0191,0.0407
parcprinter-08-strips-p20,0,False,170,222,375,875,1290,1440,1867,0,0,,,,0,,,2246727.0,2246727,2246727,0.0556,0.0088,0.0018,0.0079,0.0,0.0,,0.0217,0.096
parcprinter-08-strips-p21,0,False,8,17,36,79,50,110,76,0,0,,,,0,,,143411.0,143411,143411,0.0112,0.0001,0.0,0.0022,0.0,0.0,,0.0048,0.0183
parcprinter-08-strips-p22,0,False,13,32,61,137,137,198,214,0,0,,,,0,,,375821.0,511110,375821,0.0062,0.0002,0.0001,0.0019,0.0,0.0,,0.0069,0.0153
parcprinter-08-strips-p23,0,False,21,49,89,199,186,294,286,0,0,,,,0,,,519232.0,654521,519232,0.0058,0.0004,0.0001,0.0026,0.0,0.0,,0.0091,0.018
parcprinter-08-strips-p24,0,False,26,64,114,257,248,382,379,0,0,,,,0,,,751642.0,1022220,751642,0.0056,0.0006,0.0001,0.0018,0.0,0.0,,0.0103,0.0185
parcprinter-08-strips-p25,0,False,31,78,141,319,319,480,483,0,0,,,,0,,,1196842.0,1602709,1196842,0.006,0.0009,0.0002,0.0035,0.0,0.0,,0.0123,0.023
parcprinter-08-strips-p26,0,False,36,94,164,373,423,558,644,0,0,,,,0,,,1216462.0,1757618,1216462,0.0094,0.0012,0.0003,0.0057,0.0,0.0,,0.0127,0.0294
parcprinter-08-strips-p27,0,False,47,113,195,439,481,662,735,0,0,,,,0,,,1270874.0,1676741,1270874,0.1648,0.0016,0.0004,0.0029,0.0,0.0,,0.018,0.1877
parcprinter-08-strips-p28,0,False,46,124,214,489,512,734,775,0,0,,,,0,,,1681282.0,2493016,1681282,0.0068,0.002,0.0005,0.0033,0.0,0.0,,0.0151,0.0277
parcprinter-08-strips-p29,0,False,48,136,242,553,574,840,861,0,0,,,,0,,,2343271.0,3425583,2343271,0.0107,0.0026,0.0007,0.0031,0.0,0.0,,0.015,0.0322
parcprinter-08-strips-p30,0,False,68,161,278,625,715,952,1111,0,0,,,,0,,,2002896.0,2544052,2002896,0.015,0.0034,0.0008,0.0061,0.0,0.0,,0.021,0.0463
parcprinter-opt11-strips-p01,0,False,13,32,61,137,137,198,214,0,0,,,,0,,,375821.0,511110,375821,0.008,0.0002,0.0001,0.0029,0.0,0.0,,0.0074,0.0186
parcprinter-opt11-strips-p02,0,False,26,33,67,160,122,220,143,0,0,,,,0,,,438047.0,446047,438047,0.0057,0.0002,0.0001,0.0032,0.0,0.0,,0.0047,0.0139
parcprinter-opt11-strips-p03,0,False,34,44,85,197,204,304,254,0,0,,,,0,,,425725.0,425725,425725,0.0133,0.0004,0.0001,0.0019,0.0,0.0,,0.0076,0.0233
parcprinter-opt11-strips-p04,0,False,53,67,121,294,319,418,395,0,0,,,,0,,,876094.0,1027104,876094,0.0073,0.0008,0.0002,0.0032,0.0,0.0,,0.0083,0.0198
parcprinter-opt11-strips-p05,0,False,21,49,89,199,186,294,286,0,0,,,,0,,,519232.0,654521,519232,0.027,0.0004,0.0001,0.0029,0.0,0.0,,0.0099,0.0402
parcprinter-opt11-strips-p06,0,False,74,97,167,420,462,600,540,0,0,,,,0,,,1514199.0,2092239,1514199,0.008,0.0014,0.0006,0.0023,0.0,0.0,,0.0066,0.0189
parcprinter-opt11-strips-p07,0,False,65,83,146,359,393,513,460,0,0,,,,0,,,1145132.0,1439152,1145132,0.0089,0.0011,0.0004,0.0025,0.0,0.0,,0.008,0.021
parcprinter-opt11-strips-p08,0,False,26,64,114,257,248,382,379,0,0,,,,0,,,751642.0,1022220,751642,0.0186,0.0006,0.0001,0.0032,0.0,0.0,,0.0109,0.0334
parcprinter-opt11-strips-p09,0,False,51,66,122,282,350,448,456,0,0,,,,0,,,591714.0,591714,591714,0.2055,0.0008,0.0001,0.0034,0.0,0.0,,0.0101,0.2199
parcprinter-opt11-strips-p10,0,False,31,78,141,319,319,480,483,0,0,,,,0,,,1196842.0,1602709,1196842,0.0376,0.0009,0.0002,0.0049,0.0,0.0,,0.0133,0.057
parcprinter-opt11-strips-p11,0,False,36,94,164,373,423,558,644,0,0,,,,0,,,1216462.0,1757618,1216462,0.0438,0.0011,0.0003,0.0068,0.0,0.0,,0.0134,0.0655
parcprinter-opt11-strips-p12,0,False,68,88,155,363,489,580,683,0,0,,,,0,,,851450.0,863255,851450,0.0077,0.0013,0.0002,0.0023,0.0,0.0,,0.0111,0.0227
parcprinter-opt11-strips-p13,0,False,98,121,208,501,596,727,739,0,0,,,,0,,,1383121.0,1534131,1383121,0.0289,0.0023,0.0007,0.0037,0.0,0.0,,0.0118,0.0475
parcprinter-opt11-strips-p14,0,False,104,133,225,558,644,806,806,0,0,,,,0,,,1852217.0,2565267,1852217,0.0078,0.0027,0.0011,0.0026,0.0,0.0,,0.0102,0.0244
parcprinter-opt11-strips-p15,0,False,116,149,250,623,750,901,925,0,0,,,,0,,,2121255.0,2842305,2121255,0.0125,0.0034,0.0015,0.0045,0.0,0.0,,0.0105,0.0325
parcprinter-opt11-strips-p16,0,False,125,163,271,684,817,988,975,0,0,,,,0,,,2490322.0,3629402,2490322,0.0219,0.0039,0.002,0.0033,0.0,0.0,,0.0106,0.0418
parcprinter-opt11-strips-p17,0,False,85,112,194,454,654,732,859,0,0,,,,0,,,1323035.0,1334840,1323035,0.0167,0.0021,0.0004,0.0139,0.0,0.0,,0.0214,0.0547
parcprinter-opt11-strips-p18,0,False,102,132,221,525,689,844,874,0,0,,,,0,,,1370922.0,1370922,1370922,0.0111,0.0028,0.0005,0.0059,0.0,0.0,,0.0146,0.0349
parcprinter-opt11-strips-p19,0,False,119,154,262,614,899,1000,1258,0,0,,,,0,,,1443164.0,1454969,1443164,0.0083,0.004,0.0007,0.0031,0.0,0.0,,0.0162,0.0323
parcprinter-opt11-strips-p20,0,False,47,113,195,439,481,662,735,0,0,,,,0,,,1270874.0,1676741,1270874,0.0122,0.0016,0.0004,0.0038,0.0,0.0,,0.0163,0.0344
parcprinter-sat11-strips-p01,0,False,98,121,208,501,596,727,739,0,0,,,,0,,,1383121.0,1534131,1383121,0.4088,0.0023,0.0007,0.4034,0.0,0.0,,0.0972,0.9125
parcprinter-sat11-strips-p02,0,False,104,133,225,558,644,806,806,0,0,,,,0,,,1852217.0,2565267,1852217,0.0076,0.0027,0.0011,0.0028,0.0,0.0,,0.01,0.0242
parcprinter-sat11-strips-p03,0,False,125,163,271,684,817,988,975,0,0,,,,0,,,2490322.0,3629402,2490322,0.016,0.004,0.002,0.0044,0.0,0.0,,0.0101,0.0365
parcprinter-sat11-strips-p04,0,False,170,222,375,875,1290,1440,1867,0,0,,,,0,,,2246727.0,2246727,2246727,0.0115,0.0088,0.0015,0.004,0.0,0.0,,0.0205,0.0463
parcprinter-sat11-strips-p05,0,False,36,94,164,373,423,558,644,0,0,,,,0,,,1216462.0,1757618,1216462,0.0078,0.0011,0.0003,0.0061,0.0,0.0,,0.0127,0.028
parcprinter-sat11-strips-p06,0,False,47,113,195,439,481,662,735,0,0,,,,0,,,1270874.0,1676741,1270874,0.0216,0.0016,0.0004,0.0063,0.0,0.0,,0.0174,0.0473
parcprinter-sat11-strips-p07,0,False,116,149,250,623,750,901,925,0,0,,,,0,,,2121255.0,2842305,2121255,0.009,0.0034,0.0015,0.0032,0.0,0.0,,0.0105,0.0276
parcprinter-sat11-strips-p08,0,False,46,124,214,489,512,734,775,0,0,,,,0,,,1681282.0,2493016,1681282,0.012,0.0019,0.0005,0.0042,0.0,0.0,,0.0151,0.0338
parcprinter-sat11-strips-p09,0,False,48,136,242,553,574,840,861,0,0,,,,0,,,2343271.0,3425583,2343271,0.0099,0.0026,0.0007,0.0044,0.0,0.0,,0.0151,0.0328
parcprinter-sat11-strips-p10,0,False,68,161,278,625,715,952,1111,0,0,,,,0,,,2002896.0,2544052,2002896,0.0098,0.0034,0.0008,0.0041,0.0,0.0,,0.0203,0.0385
parcprinter-sat11-strips-p11,0,False,90,125,218,519,594,763,730,0,0,,,,0,,,1629147.0,1780157,1629147,0.0299,0.0026,0.0008,0.005,0.0,0.0,,0.0124,0.0507
parcprinter-sat11-strips-p12,0,False,155,199,329,822,1022,1194,1302,0,0,,,,0,,,2828340.0,3965420,2828340,0.0343,0.0062,0.0033,0.005,0.0,0.0,,0.0131,0.0621
parcprinter-sat11-strips-p13,0,False,200,253,416,1029,1225,1503,1477,0,0,,,,0,,,3335367.0,4471447,3335367,0.0146,0.0109,0.0054,0.0041,0.0,0.0,,0.016,0.0511
parcprinter-sat11-strips-p14,0,False,204,266,449,1045,1598,1728,2267,0,0,,,,0,,,2578705.0,2578705,2578705,0.0154,0.0132,0.0027,0.0046,0.0,0.0,,0.0235,0.0595
parcprinter-sat11-strips-p15,0,False,170,230,399,911,1302,1512,1881,0,0,,,,0,,,2494225.0,2494225,2494225,0.016,0.0098,0.0015,0.0045,0.0,0.0,,0.0224,0.0544
parcprinter-sat11-strips-p16,0,False,204,274,473,1081,1628,1800,2366,0,0,,,,0,,,2826203.0,2826203,2826203,0.0163,0.0146,0.0024,0.0047,0.0,0.0,,0.0256,0.0639
parcprinter-sat11-strips-p17,0,False,47,113,203,451,498,694,764,0,0,,,,0,,,1526454.0,1932321,1526454,0.0072,0.0019,0.0004,0.0027,0.0,0.0,,0.0157,0.0279
parcprinter-sat11-strips-p18,0,False,46,121,220,501,556,764,836,0,0,,,,0,,,2319652.0,3131386,2319652,0.0073,0.0022,0.0005,0.0034,0.0,0.0,,0.0182,0.0318
parcprinter-sat11-strips-p19,0,False,48,133,248,565,589,870,878,0,0,,,,0,,,2981641.0,4063953,2981641,0.0174,0.0029,0.0008,0.0045,0.0,0.0,,0.0155,0.0412
parcprinter-sat11-strips-p20,0,False,84,195,334,749,831,1144,1282,0,0,,,,0,,,2289718.0,2830874,2289718,0.0097,0.0052,0.0011,0.0035,0.0,0.0,,0.0232,0.0427
parking-opt11-strips-pfile03-011,0,True,167,176,431,799,469,1074,1343,0,0,,,,0,,,10.0,13,10,0.0263,0.0245,0.0007,0.0039,0.0,0.0,,0.0212,0.0769
parking-opt11-strips-pfile03-012,0,True,195,206,498,931,566,1285,1704,0,0,,,,0,,,14.0,15,14,0.0576,0.0307,0.0011,0.0106,0.0,0.0,,0.0294,0.1295
parking-opt11-strips-pfile04-013,0,True,267,280,719,1308,770,1792,2544,0,0,,,,0,,,17.0,19,17,0.0961,0.0642,0.0024,0.0052,0.0,0.0,,0.0432,0.2114
parking-opt11-strips-pfile04-014,0,True,271,282,685,1274,780,1765,2566,0,0,,,,0,,,16.0,17,16,0.0691,0.0648,0.0019,0.0132,0.0,0.0,,0.0414,0.1906
parking-opt11-strips-pfile04-015,0,True,251,267,664,1219,746,1684,2415,0,0,,,,0,,,15.0,17,15,0.0436,0.0595,0.0016,0.0045,0.0,0.0,,0.0351,0.1446
parking-opt11-strips-pfile04-016,0,True,253,265,635,1186,722,1630,2349,0,0,,,,0,,,16.0,16,16,0.073,0.059,0.0016,0.0076,0.0,0.0,,0.0336,0.1752
parking-opt11-strips-pfile05-017,0,True,333,355,912,1646,1020,2296,3535,0,0,,,,0,,,19.0,21,19,0.0649,0.1202,0.0034,0.0053,0.0,0.0,,0.0458,0.2402
parking-opt11-strips-pfile05-018,0,True,313,336,854,1545,949,2135,3296,0,0,,,,0,,,17.0,19,17,0.066,0.1113,0.003,0.0051,0.0,0.0,,0.046,0.2322
parking-opt11-strips-pfile05-019,0,True,356,371,919,1690,1044,2355,3700,0,0,,,,0,,,19.0,20,19,0.0674,0.1263,0.0035,0.0138,0.0,0.0,,0.1838,0.3955
parking-opt11-strips-pfile05-020,0,True,354,370,946,1717,1015,2355,3642,0,0,,,,0,,,19.0,21,19,0.0906,0.1282,0.0038,0.0095,0.0,0.0,,0.0475,0.2802
parking-opt11-strips-pfile06-021,0,True,430,448,1100,2024,1210,2758,4722,0,0,,,,0,,,21.0,22,21,0.0993,0.2169,0.0054,0.0079,0.0,0.0,,0.0577,0.3882
parking-opt11-strips-pfile06-022,0,True,454,469,1146,2117,1263,2903,4929,0,0,,,,0,,,23.0,25,23,0.1045,0.2306,0.0059,0.0086,0.0,0.0,,0.0532,0.4037
parking-opt11-strips-pfile06-023,0,True,431,447,1097,2020,1203,2759,4685,0,0,,,,0,,,21.0,24,21,0.1003,0.2127,0.0052,0.0078,0.0,0.0,,0.0647,0.3917
parking-opt11-strips-pfile06-024,0,True,456,470,1114,2084,1237,2843,4871,0,0,,,,0,,,21.0,21,21,0.1054,0.2309,0.0066,0.0111,0.0,0.0,,0.0604,0.4154
parking-opt11-strips-pfile07-025,0,True,566,583,1409,2610,1624,3641,6686,0,0,,,,0,,,23.0,24,23,0.1615,0.3979,0.0078,0.0106,0.0,0.0,,0.1003,0.6794
parking-opt11-strips-pfile07-026,0,True,539,558,1336,2482,1547,3445,6333,0,0,,,,0,,,21.0,23,21,0.1559,0.3733,0.007,0.0089,0.0,0.0,,0.0764,0.6227
parking-opt11-strips-pfile07-027,0,True,563,581,1480,2682,1620,3712,6683,0,0,,,,0,,,23.0,26,23,0.2839,0.4029,0.0097,0.0102,0.0,0.0,,0.0832,0.7912
parking-opt11-strips-pfile07-028,0,True,563,580,1459,2659,1611,3681,6656,0,0,,,,0,,,24.0,29,24,0.1602,0.395,0.0107,0.0116,0.0,0.0,,0.1174,0.6961
parking-opt11-strips-pfile08-029,0,True,655,687,1792,3199,2009,4500,8535,0,0,,,,0,,,25.0,28,25,0.2244,0.6762,0.0139,0.0221,0.0,0.0,,0.0999,1.0404
parking-opt11-strips-pfile08-030,0,True,686,705,1751,3203,1948,4436,8610,0,0,,,,0,,,25.0,29,25,0.2743,0.65,0.0144,0.0146,0.0,0.0,,0.1004,1.0575
parking-opt14-strips-p_12_7-01,0,True,195,206,487,919,559,1266,1687,0,0,,,,0,,,13.0,14,13,0.0281,0.0297,0.001,0.0032,0.0,0.0,,0.0236,0.0858
parking-opt14-strips-p_12_7-02,0,True,180,192,467,869,524,1190,1555,0,0,,,,0,,,12.0,14,12,0.03,0.0272,0.0007,0.0036,0.0,0.0,,0.029,0.0908
parking-opt14-strips-p_12_7-03,0,True,180,193,479,883,532,1211,1581,0,0,,,,0,,,13.0,14,13,0.0275,0.0279,0.0008,0.0031,0.0,0.0,,0.0293,0.0889
parking-opt14-strips-p_12_7-04,0,True,180,192,467,869,524,1190,1555,0,0,,,,0,,,14.0,14,14,0.0284,0.0274,0.0008,0.0031,0.0,0.0,,0.0287,0.0887
parking-opt14-strips-p_14_8-01,0,True,270,281,669,1255,731,1699,2457,0,0,,,,0,,,16.0,17,16,0.042,0.0638,0.0021,0.0052,0.0,0.0,,0.0275,0.1409
parking-opt14-strips-p_14_8-02,0,True,268,280,693,1280,751,1745,2501,0,0,,,,0,,,16.0,19,16,0.0544,0.063,0.002,0.0103,0.0,0.0,,0.0432,0.1732
parking-opt14-strips-p_14_8-03,0,True,269,281,682,1269,738,1720,2476,0,0,,,,0,,,16.0,19,16,2.0798,0.0636,0.0021,0.0076,0.0,0.0,,0.0311,2.1846
parking-opt14-strips-p_14_8-04,0,True,270,281,669,1255,731,1699,2457,0,0,,,,0,,,16.0,17,16,0.0661,0.0623,0.002,0.0048,0.0,0.0,,0.0305,0.1661
parking-opt14-strips-p_16_9-01,0,True,334,349,855,1579,937,2148,3367,0,0,,,,0,,,19.0,20,19,0.0736,0.1144,0.0029,0.0063,0.0,0.0,,0.0589,0.2568
parking-opt14-strips-p_16_9-02,0,True,335,349,856,1580,935,2147,3342,0,0,,,,0,,,17.0,21,17,0.0721,0.1176,0.0029,0.0124,0.0,0.0,,0.0422,0.2479
parking-opt14-strips-p_16_9-03,0,True,336,350,829,1553,954,2140,3349,0,0,,,,0,,,17.0,19,17,0.0675,0.1148,0.0026,0.0056,0.0,0.0,,0.046,0.2372
parking-opt14-strips-p_16_9-04,0,True,356,369,899,1666,980,2270,3565,0,0,,,,0,,,18.0,21,18,0.0661,0.125,0.0034,0.0058,0.0,0.0,,0.0471,0.2482
parking-opt14-strips-p_18_10-01,0,True,453,468,1178,2150,1289,2963,5003,0,0,,,,0,,,23.0,25,23,0.1035,0.2306,0.0065,0.0089,0.0,0.0,,0.0671,0.4176
parking-opt14-strips-p_18_10-02,0,True,430,451,1123,2052,1272,2856,4797,0,0,,,,0,,,20.0,22,20,0.1578,0.2174,0.0048,0.0118,0.0,0.0,,0.0639,0.4567
parking-opt14-strips-p_18_10-03,0,True,429,452,1142,2073,1290,2894,4833,0,0,,,,0,,,19.0,22,19,0.1056,0.2202,0.0055,0.0079,0.0,0.0,,0.0573,0.3975
parking-opt14-strips-p_18_10-04,0,True,429,450,1153,2082,1246,2850,4862,0,0,,,,0,,,21.0,22,21,0.2384,0.2205,0.0051,0.0109,0.0,0.0,,0.0801,0.5558
parking-opt14-strips-p_20_11-01,0,True,567,583,1409,2610,1624,3641,6686,0,0,,,,0,,,22.0,24,22,0.1539,0.3986,0.0082,0.0101,0.0,0.0,,0.0986,0.6707
parking-opt14-strips-p_20_11-02,0,True,539,560,1377,2527,1572,3520,6375,0,0,,,,0,,,21.0,24,21,0.175,0.3797,0.0079,0.0092,0.0,0.0,,0.1053,0.6785
parking-opt14-strips-p_20_11-03,0,True,564,585,1470,2676,1675,3756,6795,0,0,,,,0,,,23.0,26,23,0.153,0.4007,0.0094,0.0118,0.0,0.0,,0.1025,0.6786
parking-opt14-strips-p_20_11-04,0,True,567,583,1409,2610,1624,3641,6686,0,0,,,,0,,,23.0,25,23,0.1699,0.3974,0.0086,0.0104,0.0,0.0,,0.1018,0.6894
parking-sat11-strips-pfile08-031,0,True,657,684,1724,3125,1954,4372,8425,0,0,,,,0,,,24.0,28,24,0.2736,0.6306,0.0132,0.013,0.0,0.0,,0.1381,1.0725
parking-sat11-strips-pfile08-032,0,True,627,657,1644,2985,1861,4157,7979,0,0,,,,0,,,25.0,25,25,0.2348,0.6017,0.0101,0.0135,0.0,0.0,,0.0953,0.9593
parking-sat11-strips-pfile09-033,0,True,791,810,1909,3566,2170,4887,10459,0,0,,,,0,,,27.0,30,27,0.5532,0.9676,0.0188,0.0169,0.0,0.0,,0.1105,1.6708
parking-sat11-strips-pfile09-034,0,True,824,843,1980,3706,2319,5170,10909,0,0,,,,0,,,27.0,28,27,0.326,1.0433,0.0185,0.0176,0.0,0.0,,0.1569,1.5662
parking-sat11-strips-pfile09-035,0,True,787,814,2120,3790,2322,5269,10800,0,0,,,,0,,,27.0,32,27,0.3218,0.9938,0.0219,0.0164,0.0,0.0,,0.1418,1.4995
parking-sat11-strips-pfile09-036,0,True,790,812,2003,3666,2224,5055,10452,0,0,,,,0,,,26.0,31,26,0.33,0.9694,0.0212,0.015,0.0,0.0,,0.1368,1.4763
parking-sat11-strips-pfile10-037,0,True,933,963,2401,4366,2746,6124,13305,0,0,,,,0,,,29.0,33,29,0.453,1.5285,0.0341,0.0204,0.0,0.0,,0.2715,2.3125
parking-sat11-strips-pfile10-038,0,True,933,962,2374,4337,2722,6070,13293,0,0,,,,0,,,29.0,33,29,0.457,1.5198,0.03,0.0204,0.0,0.0,,0.2199,2.2522
parking-sat11-strips-pfile10-039,0,True,933,960,2322,4281,2708,5986,13401,0,0,,,,0,,,28.0,31,28,0.9959,1.5474,0.0289,0.0199,0.0,0.0,,0.1637,2.761
parking-sat11-strips-pfile10-040,0,True,936,959,2295,4252,2682,5932,13349,0,0,,,,0,,,28.0,29,28,0.4812,1.5034,0.0245,0.0232,0.0,0.0,,0.2236,2.2611
parking-sat11-strips-pfile11-041,0,True,1126,1148,2829,5179,3195,7213,16756,0,0,,,,0,,,32.0,36,32,0.6312,2.3278,0.0431,0.0265,0.0,0.0,,0.1973,3.233
parking-sat11-strips-pfile11-042,0,True,1090,1117,2681,4957,3110,6921,16188,0,0,,,,0,,,31.0,32,31,0.78,2.2821,0.0336,0.0337,0.0,0.0,,0.2621,3.3984
parking-sat11-strips-pfile11-043,0,True,1127,1149,2777,5126,3154,7118,16663,0,0,,,,0,,,32.0,35,32,0.6336,2.3079,0.044,0.0263,0.0,0.0,,0.1542,3.1728
parking-sat11-strips-pfile11-044,0,True,1090,1118,2710,4988,3138,6979,16244,0,0,,,,0,,,29.0,34,29,0.629,4.9201,0.0377,0.0248,0.0,0.0,,0.2622,5.8821
parking-sat11-strips-pfile12-045,0,True,1296,1322,3376,6080,3750,8494,20496,0,0,,,,0,,,35.0,39,35,0.8759,3.4841,0.0674,0.0357,0.0,0.0,,0.2685,4.7426
parking-sat11-strips-pfile12-046,0,True,1255,1285,3235,5856,3660,8201,19856,0,0,,,,0,,,35.0,39,35,1.0751,3.2581,0.0652,0.0336,0.0,0.0,,0.2664,4.7101
parking-sat11-strips-pfile12-047,0,True,1295,1320,3372,6074,3765,8505,20511,0,0,,,,141,,,36.0,41,36,0.855,3.4114,0.069,0.0354,0.0,0.0,,0.6786,5.0588
parking-sat11-strips-pfile12-048,0,True,1295,1329,3391,6103,3878,8637,20742,0,0,,,,0,,,37.0,40,37,0.8515,3.4809,0.0728,0.0341,0.0,0.0,,0.2387,4.6869
parking-sat11-strips-pfile13-049,0,True,1434,1465,3628,6612,4142,9211,24591,0,0,,,,0,,,35.0,40,35,1.2518,4.6266,0.0813,0.1552,0.0,0.0,,0.3267,6.4548
parking-sat11-strips-pfile13-050,0,True,1478,1505,3777,6850,4256,9586,24453,0,0,,,,0,,,36.0,43,36,1.1566,4.9102,0.0965,0.0436,0.0,0.0,,0.4112,6.63
parking-sat14-strips-p_28_2,0,True,1127,1155,2871,5230,3310,7371,17004,0,0,,,,0,,,32.0,35,32,0.6284,2.3602,0.0477,0.0271,0.0,0.0,,0.1866,3.2569
parking-sat14-strips-p_28_3,0,True,1089,1112,2644,4913,3040,6788,16369,0,0,,,,0,,,30.0,34,30,0.6319,2.1882,0.0362,0.0264,0.0,0.0,,0.1848,3.0746
parking-sat14-strips-p_30_1,0,True,1293,1320,3430,6134,3821,8621,20623,0,0,,,,0,,,34.0,41,34,0.8517,3.4035,0.0773,0.0356,0.0,0.0,,0.3609,4.739
parking-sat14-strips-p_30_2,0,True,1212,1250,3156,5698,3513,7916,19188,0,0,,,,0,,,33.0,38,33,0.8524,3.1314,0.0546,0.0329,0.0,0.0,,0.2503,4.3309
parking-sat14-strips-p_30_3,0,True,1298,1326,3240,5944,3756,8359,20474,0,0,,,,0,,,34.0,37,34,0.8478,3.4518,0.0636,0.0327,0.0,0.0,,0.2402,4.6451
parking-sat14-strips-p_32_1,0,True,1392,1427,3424,6320,3976,8822,22709,0,0,,,,0,,,34.0,38,34,1.1493,4.6062,0.0705,0.0375,0.0,0.0,,0.3676,6.2426
parking-sat14-strips-p_32_2,0,True,1479,1506,3810,6885,4271,9635,24498,0,0,,,,0,,,37.0,42,37,1.1435,4.8985,0.0954,0.0415,0.0,0.0,,0.3186,6.5097
parking-sat14-strips-p_32_3,0,True,1481,1505,3622,6690,4134,9304,24181,0,0,,,,0,,,36.0,40,36,1.1854,4.9172,0.081,0.0422,0.0,0.0,,0.2708,6.5093
parking-sat14-strips-p_34_1,0,True,1674,1702,4237,7706,4779,10767,28909,0,0,,,,0,,,38.0,45,38,1.5241,6.8986,0.1188,0.0515,0.0,0.0,,0.3792,8.9908
parking-sat14-strips-p_34_2,0,True,1673,1709,4318,7797,4956,11027,29282,0,0,,,,0,,,38.0,45,38,1.4904,7.0847,0.1286,0.0512,0.0,0.0,,0.5441,9.3134
parking-sat14-strips-p_34_3,0,True,1675,1707,4215,7689,4870,10835,29096,0,0,,,,0,,,38.0,43,38,1.4961,7.0161,0.1047,0.0501,0.0,0.0,,0.4223,9.1041
parking-sat14-strips-p_36_1,0,True,1831,1871,4600,8396,5314,11802,33150,0,0,,,,0,,,40.0,43,40,3.0386,9.5602,0.1302,0.0603,0.0,0.0,,0.5216,13.3302
parking-sat14-strips-p_36_2,0,True,1879,1918,4913,8815,5609,12488,34465,0,0,,,,0,,,41.0,48,41,1.9484,9.8043,0.1724,1.3354,0.0,0.0,,0.5692,13.8489
parking-sat14-strips-p_36_3,0,True,1779,1828,4540,8241,5271,11577,33615,0,0,,,,0,,,39.0,45,39,6.4591,9.4842,0.2244,0.0689,0.0,0.0,,0.4031,16.659
parking-sat14-strips-p_38_1,0,True,2101,2130,5157,9486,5896,13234,39294,0,0,,,,0,,,41.0,46,41,2.5543,13.5363,0.1809,0.1926,0.0,0.0,,0.4858,16.9986
parking-sat14-strips-p_38_2,0,True,2102,2134,5092,9424,5972,13243,39438,0,0,,,,0,,,42.0,45,42,2.4928,13.7953,0.1669,0.0749,0.0,0.0,,0.7036,17.2562
parking-sat14-strips-p_38_3,0,True,2044,2092,5257,9498,6051,13414,38999,0,0,,,,0,,,41.0,46,41,2.4908,13.0443,0.1807,0.0724,0.0,0.0,,0.4258,16.2364
parking-sat14-strips-p_40_1,0,True,2272,2322,5833,10537,6706,14880,44968,0,0,,,,0,,,44.0,51,44,3.1667,17.7696,0.2521,0.0816,0.0,0.0,,0.9082,22.2056
parking-sat14-strips-p_40_2,0,True,2216,2261,5625,10206,6451,14258,45633,0,0,,,,0,,,42.0,50,42,3.2087,17.0932,0.2146,0.0823,0.0,0.0,,0.5103,21.1372
parking-sat14-strips-p_40_3,0,True,2331,2360,5802,10599,6625,14845,45596,0,0,,,,0,,,45.0,52,45,3.6121,18.1845,0.2599,0.0895,0.0,0.0,,0.6556,22.8285
pathways-p01,0,True,16,24,36,78,27,76,35,0,0,,,,0,,,6.0,6,6,0.0059,0.0001,0.0,0.0022,0.0,0.0,,0.0044,0.0127
pathways-p02,0,True,7,17,30,71,32,72,36,0,0,,,,0,,,12.0,12,12,0.0474,0.0001,0.0,0.0047,0.0,0.0,,0.0052,0.0576
pathways-p03,0,True,24,38,55,129,65,133,75,0,0,,,,0,,,16.0,16,16,0.0061,0.0002,0.0001,0.0023,0.0,0.0,,0.0048,0.0136
pathways-p04,0,True,32,57,77,177,81,181,94,0,0,,,,0,,,15.0,15,15,0.008,0.0004,0.0001,0.0045,0.0,0.0,,0.0059,0.0188
pathways-p05,0,True,48,122,196,379,153,388,213,0,0,,,,0,,,29.0,29,29,0.0349,0.0009,0.0004,0.004,0.0,0.0,,0.0097,0.0499
pathways-p06,0,True,58,201,355,649,256,668,389,0,0,,,,0,,,46.0,46,46,0.0185,0.0021,0.0012,0.0044,0.0,0.0,,0.0155,0.0417
pathways-p07,0,True,80,244,400,746,306,771,447,0,0,,,,0,,,46.0,46,46,0.0073,0.0029,0.0016,0.0019,0.0,0.0,,0.0161,0.0297
pathways-p08,0,True,110,479,843,1477,651,1543,1067,0,0,,,,0,,,66.0,68,66,0.0096,0.0072,0.0068,0.0033,0.0,0.0,,0.0701,0.0971
pathways-p09,0,True,85,388,672,1187,500,1222,865,0,0,,,,0,,,50.0,51,50,0.014,0.0049,0.0041,0.0031,0.0,0.0,,0.0288,0.0551
pathways-p10,0,True,92,457,755,1357,676,1400,1178,0,0,,,,0,,,58.0,58,58,0.0296,0.0056,0.0048,0.0165,0.0,0.0,,0.0315,0.0882
pathways-p11,0,True,96,372,578,1085,601,1120,1173,0,0,,,,0,,,54.0,54,54,0.0146,0.0044,0.0034,0.0031,0.0,0.0,,0.0226,0.0481
pathways-p12,0,True,111,578,1008,1755,782,1826,1370,0,0,,,,0,,,80.0,84,80,0.0286,0.0084,0.0108,0.0102,0.0,0.0,,0.0999,0.1579
pathways-p13,0,True,119,660,1177,2009,820,2056,1408,0,0,,,,0,,,75.0,79,75,0.0165,0.0102,0.0131,0.008,0.0,0.0,,0.0707,0.1186
pathways-p14,0,True,121,630,1098,1895,810,1958,1419,0,0,,,,0,,,76.0,77,76,0.01,0.0092,0.0122,0.0061,0.0,0.0,,0.0599,0.0975
pathways-p15,0,True,120,679,1157,2030,970,2095,1743,0,0,,,,0,,,78.0,78,78,0.0137,0.0107,0.0127,0.0051,0.0,0.0,,0.0505,0.0929
pathways-p16,0,True,150,930,1639,2787,1258,2871,2258,0,0,,,,0,,,89.0,90,89,0.0227,0.0176,0.0276,0.0077,0.0,0.0,,0.1513,0.2272
pathways-p17,0,True,184,998,1701,2959,1429,3082,2551,0,0,,,,0,,,97.0,100,97,0.0189,0.0218,0.0363,0.0071,0.0,0.0,,0.1222,0.2064
pathways-p18,0,True,150,746,1306,2256,911,2341,1523,0,0,,,,0,,,98.0,103,98,0.0164,0.0138,0.0217,0.0046,0.0,0.0,,0.0669,0.1235
pathways-p19,0,True,203,1218,2128,3611,1666,3720,3154,0,0,,,,0,,,106.0,109,106,0.0176,0.0276,0.0587,0.0061,0.0,0.0,,0.217,0.3271
pathways-p20,0,True,167,860,1491,2580,1108,2689,1897,0,0,,,,0,,,102.0,105,102,0.0167,0.0176,0.0275,0.0045,0.0,0.0,,0.0646,0.1311
pathways-p21,0,True,186,1102,1899,3275,1533,3387,2732,0,0,,,,0,,,106.0,106,106,0.0353,0.0253,0.0457,0.0056,0.0,0.0,,0.0738,0.1859
pathways-p22,0,True,196,1066,1814,3133,1443,3226,2588,0,0,,,,0,,,106.0,108,106,0.0182,0.0229,0.0377,0.0063,0.0,0.0,,0.077,0.1622
pathways-p23,0,True,190,1214,2137,3605,1545,3696,2818,0,0,,,,0,,,112.0,113,112,0.0247,0.027,0.0582,0.0101,0.0,0.0,,0.1038,0.2239
pathways-p24,0,True,174,1072,1925,3251,1405,3373,2471,0,0,,,,0,,,117.0,120,117,0.0188,0.0259,0.0459,0.0077,0.0,0.0,,0.1699,0.2684
pathways-p25,0,True,238,1966,3567,5853,2477,5999,4637,0,0,,,,0,,,127.0,131,127,0.0302,0.0549,0.1631,0.0109,0.0,0.0,,0.34,0.5994
pathways-p26,0,True,235,1673,2954,4957,2254,5118,4223,0,0,,,,0,,,129.0,130,129,0.03,0.0469,0.1206,0.0102,0.0,0.0,,0.3204,0.5282
pathways-p27,0,True,244,1639,2874,4846,2234,5001,4234,0,0,,,,0,,,127.0,131,127,0.037,0.0489,0.1122,0.011,0.0,0.0,,0.1846,0.394
pathways-p28,0,True,250,2044,3659,6040,2636,6189,4996,0,0,,,,0,,,127.0,129,127,0.0265,0.0587,0.1657,0.0115,0.0,0.0,,0.2626,0.5253
pathways-p29,0,True,217,1269,2165,3729,1695,3872,3128,0,0,,,,0,,,141.0,150,141,0.0254,0.0323,0.0707,0.0092,0.0,0.0,,0.1639,0.3016
pathways-p30,0,True,254,1464,2494,4300,2076,4471,3864,0,0,,,,0,,,131.0,135,131,0.0314,0.0424,0.0842,0.008,0.0,0.0,,0.1604,0.3266
pegsol-08-strips-p01,0,False,11,19,39,82,51,109,82,0,0,,,,0,,,2.0,2,2,0.0054,0.0002,0.0,0.0015,0.0,0.0,,0.005,0.0121
pegsol-08-strips-p02,0,False,59,95,208,367,626,614,2138,0,0,,,,0,,,2.0,2,2,0.0062,0.0006,0.0002,0.0036,0.0,0.0,,0.2948,0.3055
pegsol-08-strips-p03,0,False,60,102,224,392,628,630,2240,0,0,,,,0,,,1.0,1,1,0.0263,0.0006,0.0001,0.0088,0.0,0.0,,0.0742,0.1101
pegsol-08-strips-p04,0,False,49,76,170,305,562,545,1991,0,0,,,,0,,,3.0,3,3,0.0121,0.0006,0.0002,0.0054,0.0,0.0,,0.0436,0.0619
pegsol-08-strips-p05,0,False,15,33,76,138,101,193,221,0,0,,,,0,,,2.0,2,2,0.0332,0.0002,0.0,0.0126,0.0,0.0,,0.0143,0.0604
pegsol-08-strips-p06,0,False,47,94,218,371,536,582,1691,0,0,,,,196,,,3.0,3,3,0.0176,0.0006,0.0002,0.0057,0.0,0.0,,0.343,0.3673
pegsol-08-strips-p07,0,False,41,80,176,314,549,528,1769,0,0,,,,0,,,3.0,3,3,0.0065,0.0006,0.0002,0.0027,0.0,0.0,,0.0432,0.0533
pegsol-08-strips-p08,0,False,55,117,282,465,619,666,2174,0,0,,,,2193,,,3.0,3,3,0.0123,0.0006,0.0005,0.0047,0.0,0.0,,2.5333,2.5513
pegsol-08-strips-p09,0,False,47,104,248,413,501,610,1483,0,0,,,,0,,,3.0,3,3,0.0065,0.0006,0.0003,0.0026,0.0,0.0,,0.0489,0.0589
pegsol-08-strips-p10,0,False,46,101,245,407,568,616,1891,0,0,,,,280,,,3.0,4,3,0.0063,0.0006,0.0003,0.0038,0.0,0.0,,0.3963,0.4073
pegsol-08-strips-p11,0,False,52,106,248,418,622,638,2295,0,0,,,,0,,,3.0,3,3,0.0068,0.0006,0.0003,0.0033,0.0,0.0,,0.0665,0.0776
pegsol-08-strips-p12,0,False,52,111,264,440,664,679,2430,0,0,,,,0,,,3.0,3,3,0.0084,0.0007,0.0003,0.0041,0.0,0.0,,0.0783,0.0917
pegsol-08-strips-p13,0,False,50,110,251,424,591,617,2121,0,0,,,,0,,,4.0,4,4,0.0075,0.0006,0.0003,0.0028,0.0,0.0,,0.0538,0.0651
pegsol-08-strips-p14,0,False,51,111,252,428,583,641,2043,0,0,,,,0,,,4.0,4,4,0.0094,0.0007,0.0003,0.0034,0.0,0.0,,0.054,0.0678
pegsol-08-strips-p15,0,False,44,106,249,416,602,614,2189,0,0,,,,0,,,4.0,5,4,0.0069,0.0006,0.0003,0.0034,0.0,0.0,,0.1567,0.1679
pegsol-08-strips-p16,0,False,43,101,237,398,509,598,1610,0,0,,,,0,,,6.0,6,6,0.0063,0.0006,0.0002,0.0031,0.0,0.0,,0.0494,0.0597
pegsol-08-strips-p17,0,False,44,112,276,450,571,650,1890,0,0,,,,7604,,,4.0,4,4,0.0196,0.0006,0.0004,0.006,0.0,0.0,,4.3393,4.3661
pegsol-08-strips-p18,0,False,40,100,236,394,566,591,1950,0,0,,,,13,,,5.0,6,5,0.0129,0.0006,0.0002,0.0036,0.0,0.0,,0.2585,0.2759
pegsol-08-strips-p19,0,False,41,103,251,413,553,601,1950,0,0,,,,543,,,5.0,5,5,0.0101,0.0006,0.0003,0.0049,0.0,0.0,,0.4743,0.4902
pegsol-08-strips-p20,0,False,50,121,297,484,632,689,2342,0,0,,,,231,,,3.0,3,3,0.0072,0.0007,0.0003,0.0042,0.0,0.0,,0.4889,0.5013
pegsol-08-strips-p21,0,False,48,115,271,450,652,646,2558,0,0,,,,0,,,5.0,5,5,0.0075,0.0007,0.0003,0.005,0.0,0.0,,0.0958,0.1093
pegsol-08-strips-p22,0,False,43,107,241,410,619,638,2100,0,0,,,,0,,,4.0,4,4,0.0081,0.0007,0.0003,0.0035,0.0,0.0,,0.0524,0.065
pegsol-08-strips-p23,0,False,48,119,294,478,643,682,2410,0,0,,,,6199,,,5.0,5,5,0.0065,0.0007,0.0004,0.004,0.0,0.0,,3.7136,3.7253
pegsol-08-strips-p24,0,False,46,112,259,435,637,660,2444,0,0,,,,0,,,5.0,5,5,0.0053,0.0007,0.0004,0.0032,0.0,0.0,,0.0848,0.0944
pegsol-08-strips-p25,0,False,48,120,296,482,708,707,2794,0,0,,,,112,,,4.0,4,4,0.0316,0.0007,0.0004,0.0064,0.0,0.0,,0.656,0.6951
pegsol-08-strips-p26,0,False,40,124,312,498,577,674,2218,0,0,,,,0,,,5.0,5,5,0.0064,0.0006,0.0004,0.004,0.0,0.0,,0.2102,0.2218
pegsol-08-strips-p27,0,False,43,124,294,483,623,687,2170,0,0,,,,0,,,5.0,6,5,0.4313,0.0007,0.0004,0.3385,0.0,0.0,,0.1876,0.9585
pegsol-08-strips-p28,0,False,42,132,296,494,605,675,2215,0,0,,,,0,,,9.0,9,9,0.007,0.0007,0.0004,0.0043,0.0,0.0,,0.11,0.1225
pegsol-08-strips-p29,0,False,39,138,332,536,646,734,2384,0,0,,,,568,,,8.0,8,8,0.0058,0.0007,0.0005,0.0058,0.0,0.0,,0.6112,0.624
pegsol-08-strips-p30,0,False,28,144,348,554,582,714,2080,0,0,,,,35,,,13.0,18,13,0.0147,0.0007,0.0004,0.0064,0.0,0.0,,0.3814,0.4037
pegsol-opt11-strips-p01,0,False,48,95,213,370,607,614,2059,0,0,,,,0,,,2.0,2,2,0.0058,0.0007,0.0001,0.0032,0.0,0.0,,0.0809,0.0907
pegsol-opt11-strips-p02,0,False,44,112,276,450,571,650,1890,0,0,,,,7604,,,4.0,4,4,0.0104,0.0006,0.0004,0.0038,0.0,0.0,,4.3535,4.3688
pegsol-opt11-strips-p03,0,False,40,100,236,394,566,591,1950,0,0,,,,13,,,5.0,6,5,0.0125,0.0006,0.0002,0.0053,0.0,0.0,,0.2611,0.2798
pegsol-opt11-strips-p04,0,False,41,103,251,413,553,601,1950,0,0,,,,543,,,5.0,5,5,0.0094,0.0006,0.0003,0.0043,0.0,0.0,,0.4771,0.4917
pegsol-opt11-strips-p05,0,False,50,123,282,470,591,647,2256,0,0,,,,3246,,,7.0,7,7,0.0058,0.0007,0.0003,0.0031,0.0,0.0,,1.9778,1.9877
pegsol-opt11-strips-p06,0,False,40,100,252,410,625,602,2511,0,0,,,,1001,,,5.0,5,5,0.0063,0.0006,0.0003,0.0033,0.0,0.0,,0.9335,0.944
pegsol-opt11-strips-p07,0,False,50,119,287,471,607,668,2049,0,0,,,,92,,,4.0,5,4,0.0271,0.0006,0.0005,0.0039,0.0,0.0,,0.3526,0.3847
pegsol-opt11-strips-p08,0,False,50,121,297,484,632,689,2342,0,0,,,,231,,,3.0,3,3,0.0079,0.0006,0.0003,0.0035,0.0,0.0,,0.4976,0.51
pegsol-opt11-strips-p09,0,False,47,114,266,443,665,639,2668,0,0,,,,0,,,4.0,4,4,0.0487,0.0006,0.0004,0.0051,0.0,0.0,,0.2218,0.2766
pegsol-opt11-strips-p10,0,False,48,115,271,450,652,646,2558,0,0,,,,0,,,5.0,5,5,0.0076,0.0007,0.0003,0.0062,0.0,0.0,,0.097,0.1118
pegsol-opt11-strips-p11,0,False,43,107,241,410,619,638,2100,0,0,,,,0,,,4.0,4,4,0.0074,0.0006,0.0003,0.0033,0.0,0.0,,0.0525,0.0641
pegsol-opt11-strips-p12,0,False,40,100,228,387,582,579,2080,0,0,,,,0,,,6.0,6,6,0.0078,0.0006,0.0002,0.0045,0.0,0.0,,0.0529,0.0661
pegsol-opt11-strips-p13,0,False,48,119,294,478,643,682,2410,0,0,,,,6199,,,5.0,5,5,0.0078,0.0007,0.0003,0.0034,0.0,0.0,,3.7141,3.7264
pegsol-opt11-strips-p14,0,False,46,112,259,435,637,660,2444,0,0,,,,0,,,5.0,5,5,0.0099,0.0007,0.0004,0.0042,0.0,0.0,,0.0866,0.1018
pegsol-opt11-strips-p15,0,False,48,120,296,482,708,707,2794,0,0,,,,112,,,4.0,4,4,0.0098,0.0007,0.0004,0.005,0.0,0.0,,0.6545,0.6704
pegsol-opt11-strips-p16,0,False,40,124,312,498,577,674,2218,0,0,,,,0,,,5.0,5,5,0.0141,0.0006,0.0004,0.0076,0.0,0.0,,0.212,0.2348
pegsol-opt11-strips-p17,0,False,43,124,294,483,623,687,2170,0,0,,,,0,,,5.0,6,5,0.0108,0.0007,0.0004,0.0038,0.0,0.0,,0.1357,0.1514
pegsol-opt11-strips-p18,0,False,42,132,296,494,605,675,2215,0,0,,,,0,,,9.0,9,9,0.0258,0.0007,0.0004,0.0032,0.0,0.0,,0.1096,0.1398
pegsol-opt11-strips-p19,0,False,39,138,332,536,646,734,2384,0,0,,,,568,,,8.0,8,8,0.0175,0.0007,0.0005,0.0062,0.0,0.0,,0.6141,0.6391
pegsol-opt11-strips-p20,0,False,28,144,348,554,582,714,2080,0,0,,,,35,,,13.0,18,13,0.007,0.0007,0.0004,0.0053,0.0,0.0,,0.3778,0.3912
pegsol-sat11-strips-p01,0,False,44,112,276,450,571,650,1890,0,0,,,,7604,,,4.0,4,4,0.0098,0.0006,0.0005,0.004,0.0,0.0,,4.3382,4.3531
pegsol-sat11-strips-p02,0,False,40,100,236,394,566,591,1950,0,0,,,,13,,,5.0,6,5,0.01,0.0006,0.0002,0.0054,0.0,0.0,,0.2584,0.2747
pegsol-sat11-strips-p03,0,False,41,103,251,413,553,601,1950,0,0,,,,543,,,5.0,5,5,0.0062,0.0006,0.0003,0.0045,0.0,0.0,,0.4749,0.4865
pegsol-sat11-strips-p04,0,False,50,123,282,470,591,647,2256,0,0,,,,3246,,,7.0,7,7,0.0063,0.0007,0.0003,0.0033,0.0,0.0,,1.9689,1.9796
pegsol-sat11-strips-p05,0,False,40,100,252,410,625,602,2511,0,0,,,,1001,,,5.0,5,5,0.0115,0.0006,0.0003,0.0049,0.0,0.0,,0.9363,0.9536
pegsol-sat11-strips-p06,0,False,50,119,287,471,607,668,2049,0,0,,,,92,,,4.0,5,4,0.0085,0.0006,0.0005,0.0043,0.0,0.0,,0.3521,0.3661
pegsol-sat11-strips-p07,0,False,47,114,266,443,665,639,2668,0,0,,,,0,,,4.0,4,4,0.006,0.0006,0.0004,0.0034,0.0,0.0,,0.2216,0.2321
pegsol-sat11-strips-p08,0,False,40,100,228,387,582,579,2080,0,0,,,,0,,,6.0,6,6,0.0449,0.0006,0.0002,0.005,0.0,0.0,,0.0538,0.1045
pegsol-sat11-strips-p09,0,False,46,112,259,435,637,660,2444,0,0,,,,0,,,5.0,5,5,0.0122,0.0007,0.0004,0.0073,0.0,0.0,,0.0857,0.1063
pegsol-sat11-strips-p10,0,False,50,121,297,484,632,689,2342,0,0,,,,231,,,3.0,3,3,0.0241,0.0006,0.0003,0.0034,0.0,0.0,,0.4878,0.5164
pegsol-sat11-strips-p11,0,False,48,115,271,450,652,646,2558,0,0,,,,0,,,5.0,5,5,0.016,0.0006,0.0003,0.0059,0.0,0.0,,0.0998,0.1227
pegsol-sat11-strips-p12,0,False,48,119,294,478,643,682,2410,0,0,,,,6199,,,5.0,5,5,0.0172,0.0007,0.0003,0.0068,0.0,0.0,,3.7193,3.7443
pegsol-sat11-strips-p13,0,False,50,110,251,424,591,617,2121,0,0,,,,0,,,4.0,4,4,0.0069,0.0006,0.0003,0.0047,0.0,0.0,,0.0561,0.0687
pegsol-sat11-strips-p14,0,False,48,120,296,482,708,707,2794,0,0,,,,112,,,4.0,4,4,0.0062,0.0007,0.0004,0.0033,0.0,0.0,,0.6571,0.6677
pegsol-sat11-strips-p15,0,False,51,111,252,428,583,641,2043,0,0,,,,0,,,4.0,4,4,0.0069,0.0006,0.0003,0.0028,0.0,0.0,,0.0536,0.0644
pegsol-sat11-strips-p16,0,False,40,124,312,498,577,674,2218,0,0,,,,0,,,5.0,5,5,0.0251,0.0006,0.0004,0.0031,0.0,0.0,,0.2068,0.2362
pegsol-sat11-strips-p17,0,False,43,124,294,483,623,687,2170,0,0,,,,0,,,5.0,6,5,0.0147,0.0007,0.0004,0.0064,0.0,0.0,,0.1373,0.1594
pegsol-sat11-strips-p18,0,False,42,132,296,494,605,675,2215,0,0,,,,0,,,9.0,9,9,0.007,0.0007,0.0004,0.0033,0.0,0.0,,0.1101,0.1217
pegsol-sat11-strips-p19,0,False,39,138,332,536,646,734,2384,0,0,,,,568,,,8.0,8,8,0.0061,0.0007,0.0006,0.0031,0.0,0.0,,0.6098,0.6203
pegsol-sat11-strips-p20,0,False,28,144,348,554,582,714,2080,0,0,,,,35,,,13.0,18,13,0.0124,0.0007,0.0004,0.0029,0.0,0.0,,0.3779,0.3943
petri-net-alignment-opt18-strips-p01,0,False,115,440,630,1449,1590,1649,2890,0,0,,,,0,,,7.0,7,7,0.0151,0.0091,0.0019,0.0077,0.0,0.0,,0.0179,0.0518
petri-net-alignment-opt18-strips-p02,0,False,147,593,850,1919,2475,2194,5819,0,0,,,,0,,,18.0,107,18,0.0541,0.0146,0.0123,0.0104,0.0,0.0,,0.1309,0.2223
petri-net-alignment-opt18-strips-p03,0,False,147,699,1018,2246,3798,2581,15194,0,0,,,,0,,,33.0,81,33,0.0112,0.0186,0.0172,0.014,0.0,0.0,,0.3128,0.3751
petri-net-alignment-opt18-strips-p04,0,False,147,717,1043,2298,4787,2643,24162,0,0,,,,0,,,47.0,99,47,0.0127,0.0193,0.0212,0.0188,0.0,0.0,,0.6029,0.6761
petri-net-alignment-opt18-strips-p05,0,False,126,559,802,1806,3691,2061,18136,0,0,,,,0,,,42.0,114,42,0.026,0.0131,0.0131,0.0194,0.0,0.0,,0.4725,0.5441
petri-net-alignment-opt18-strips-p06,0,False,147,719,1044,2302,5578,2643,37399,0,0,,,,0,,,63.0,107,63,0.0228,0.0192,0.0241,0.0268,0.0,0.0,,2.1309,2.225
petri-net-alignment-opt18-strips-p07,0,False,147,683,989,2193,5350,2517,38498,0,0,,,,0,,,57.0,122,57,0.013,0.0176,0.0195,0.0261,0.0,0.0,,1.4383,1.5157
petri-net-alignment-opt18-strips-p08,0,False,147,721,1045,2306,5941,2647,49406,0,0,,,,0,,,71.0,118,71,0.0825,0.0193,0.0229,0.0606,0.0,0.0,,4.7919,4.9785
petri-net-alignment-opt18-strips-p09,0,False,147,700,1013,2243,6005,2575,50330,0,0,,,,0,,,59.0,131,59,0.0126,0.0183,0.0195,0.0329,0.0,0.0,,2.466,2.5505
petri-net-alignment-opt18-strips-p10,0,False,147,887,1293,2803,8213,3227,85329,0,0,,,,0,,,89.0,105,89,0.017,0.0282,0.0332,0.0539,0.0,0.0,,14.2876,14.4217
petri-net-alignment-opt18-strips-p11,0,False,146,775,1115,2457,7240,2817,67894,0,0,,,,0,,,65.0,132,65,0.0167,0.0231,0.0269,0.042,0.0,0.0,,4.9095,5.0183
petri-net-alignment-opt18-strips-p12,0,False,147,1013,1483,3183,11251,3672,167824,0,0,,,,0,,,86.0,101,86,0.0189,0.0366,0.0427,0.098,0.0,0.0,,113.2183,113.4169
petri-net-alignment-opt18-strips-p13,0,False,147,884,1288,2794,9777,3217,126720,0,0,,,,9,,,84.0,120,84,0.0347,0.0282,0.0393,0.0797,0.0,0.0,,849.3938,849.5776
petri-net-alignment-opt18-strips-p14,0,False,115,875,1269,2742,9118,3148,124087,0,0,,,,0,,,75.0,105,75,0.0309,0.0291,0.033,0.0736,0.0,0.0,,25.1773,25.344
petri-net-alignment-opt18-strips-p15,0,False,147,874,1268,2759,10053,3173,146607,0,0,,,,0,,,83.0,131,83,0.0265,0.0275,0.029,0.0863,0.0,0.0,,74.988,75.159
petri-net-alignment-opt18-strips-p16,0,False,147,959,1397,3016,10108,3472,125701,0,0,,,,0,,,74.0,104,74,0.0379,0.0326,0.0474,0.1087,0.0,0.0,,10.5082,10.737
petri-net-alignment-opt18-strips-p17,0,False,147,993,1456,3126,11966,3608,190827,0,0,,,,0,,,86.0,106,86,0.0355,0.0352,0.0414,0.1103,0.0,0.0,,187.3351,187.5599
petri-net-alignment-opt18-strips-p18,0,False,115,936,1367,2931,11069,3374,167245,0,0,,,,0,,,77.0,105,77,0.0155,0.0313,0.0355,0.0978,0.0,0.0,,24.3903,24.5724
petri-net-alignment-opt18-strips-p19,0,False,147,992,1450,3118,12191,3593,187331,0,0,,,,0,,,63.0,134,63,0.0256,0.0347,0.0398,0.1173,0.0,0.0,,28.8543,29.0739
petri-net-alignment-opt18-strips-p20,0,False,147,1017,1490,3196,12440,3688,173635,0,0,,,,0,,,84.0,145,84,0.0169,0.0368,0.0546,0.1026,0.0,0.0,,112.3501,112.5635
philosophers-p01-phil2,-3,False,0,0,0,0,0,0,0,0,0,,,,0,,,0.0,1e+20,1e+20,0,0,0,0,0,0,,0,0
philosophers-p02-phil3,-3,False,0,0,0,0,0,0,0,0,0,,,,0,,,0.0,1e+20,1e+20,0,0,0,0,0,0,,0,0
philosophers-p03-phil4,-3,False,0,0,0,0,0,0,0,0,0,,,,0,,,0.0,1e+20,1e+20,0,0,0,0,0,0,,0,0
philosophers-p04-phil5,-3,False,0,0,0,0,0,0,0,0,0,,,,0,,,0.0,1e+20,1e+20,0,0,0,0,0,0,,0,0
philosophers-p05-phil6,-3,False,0,0,0,0,0,0,0,0,0,,,,0,,,0.0,1e+20,1e+20,0,0,0,0,0,0,,0,0
philosophers-p06-phil7,-3,False,0,0,0,0,0,0,0,0,0,,,,0,,,0.0,1e+20,1e+20,0,0,0,0,0,0,,0,0
philosophers-p07-phil8,-3,False,0,0,0,0,0,0,0,0,0,,,,0,,,0.0,1e+20,1e+20,0,0,0,0,0,0,,0,0
philosophers-p08-phil9,-3,False,0,0,0,0,0,0,0,0,0,,,,0,,,0.0,1e+20,1e+20,0,0,0,0,0,0,,0,0
philosophers-p09-phil10,-3,False,0,0,0,0,0,0,0,0,0,,,,0,,,0.0,1e+20,1e+20,0,0,0,0,0,0,,0,0
philosophers-p10-phil11,-3,False,0,0,0,0,0,0,0,0,0,,,,0,,,0.0,1e+20,1e+20,0,0,0,0,0,0,,0,0
philosophers-p11-phil12,-3,False,0,0,0,0,0,0,0,0,0,,,,0,,,0.0,1e+20,1e+20,0,0,0,0,0,0,,0,0
philosophers-p12-phil13,-3,False,0,0,0,0,0,0,0,0,0,,,,0,,,0.0,1e+20,1e+20,0,0,0,0,0,0,,0,0
philosophers-p13-phil14,-3,False,0,0,0,0,0,0,0,0,0,,,,0,,,0.0,1e+20,1e+20,0,0,0,0,0,0,,0,0
philosophers-p14-phil15,-3,False,0,0,0,0,0,0,0,0,0,,,,0,,,0.0,1e+20,1e+20,0,0,0,0,0,0,,0,0
philosophers-p15-phil16,-3,False,0,0,0,0,0,0,0,0,0,,,,0,,,0.0,1e+20,1e+20,0,0,0,0,0,0,,0,0
philosophers-p16-phil17,-3,False,0,0,0,0,0,0,0,0,0,,,,0,,,0.0,1e+20,1e+20,0,0,0,0,0,0,,0,0
philosophers-p17-phil18,-3,False,0,0,0,0,0,0,0,0,0,,,,0,,,0.0,1e+20,1e+20,0,0,0,0,0,0,,0,0
philosophers-p18-phil19,-3,False,0,0,0,0,0,0,0,0,0,,,,0,,,0.0,1e+20,1e+20,0,0,0,0,0,0,,0,0
philosophers-p19-phil20,-3,False,0,0,0,0,0,0,0,0,0,,,,0,,,0.0,1e+20,1e+20,0,0,0,0,0,0,,0,0
philosophers-p20-phil21,-3,False,0,0,0,0,0,0,0,0,0,,,,0,,,0.0,1e+20,1e+20,0,0,0,0,0,0,,0,0
philosophers-p21-phil22,-3,False,0,0,0,0,0,0,0,0,0,,,,0,,,0.0,1e+20,1e+20,0,0,0,0,0,0,,0,0
philosophers-p22-phil23,-3,False,0,0,0,0,0,0,0,0,0,,,,0,,,0.0,1e+20,1e+20,0,0,0,0,0,0,,0,0
philosophers-p23-phil24,-3,False,0,0,0,0,0,0,0,0,0,,,,0,,,0.0,1e+20,1e+20,0,0,0,0,0,0,,0,0
philosophers-p24-phil25,-3,False,0,0,0,0,0,0,0,0,0,,,,0,,,0.0,1e+20,1e+20,0,0,0,0,0,0,,0,0
philosophers-p25-phil26,-3,False,0,0,0,0,0,0,0,0,0,,,,0,,,0.0,1e+20,1e+20,0,0,0,0,0,0,,0,0
philosophers-p26-phil27,-3,False,0,0,0,0,0,0,0,0,0,,,,0,,,0.0,1e+20,1e+20,0,0,0,0,0,0,,0,0
philosophers-p27-phil28,-3,False,0,0,0,0,0,0,0,0,0,,,,0,,,0.0,1e+20,1e+20,0,0,0,0,0,0,,0,0
philosophers-p28-phil29,-3,False,0,0,0,0,0,0,0,0,0,,,,0,,,0.0,1e+20,1e+20,0,0,0,0,0,0,,0,0
philosophers-p29-phil30,-3,False,0,0,0,0,0,0,0,0,0,,,,0,,,0.0,1e+20,1e+20,0,0,0,0,0,0,,0,0
philosophers-p30-phil31,-3,False,0,0,0,0,0,0,0,0,0,,,,0,,,0.0,1e+20,1e+20,0,0,0,0,0,0,,0,0
philosophers-p31-phil32,-3,False,0,0,0,0,0,0,0,0,0,,,,0,,,0.0,1e+20,1e+20,0,0,0,0,0,0,,0,0
philosophers-p32-phil33,-3,False,0,0,0,0,0,0,0,0,0,,,,0,,,0.0,1e+20,1e+20,0,0,0,0,0,0,,0,0
philosophers-p33-phil34,-3,False,0,0,0,0,0,0,0,0,0,,,,0,,,0.0,1e+20,1e+20,0,0,0,0,0,0,,0,0
philosophers-p34-phil35,-3,False,0,0,0,0,0,0,0,0,0,,,,0,,,0.0,1e+20,1e+20,0,0,0,0,0,0,,0,0
philosophers-p35-phil36,-3,False,0,0,0,0,0,0,0,0,0,,,,0,,,0.0,1e+20,1e+20,0,0,0,0,0,0,,0,0
philosophers-p36-phil37,-3,False,0,0,0,0,0,0,0,0,0,,,,0,,,0.0,1e+20,1e+20,0,0,0,0,0,0,,0,0
philosophers-p37-phil38,-3,False,0,0,0,0,0,0,0,0,0,,,,0,,,0.0,1e+20,1e+20,0,0,0,0,0,0,,0,0
philosophers-p38-phil39,-3,False,0,0,0,0,0,0,0,0,0,,,,0,,,0.0,1e+20,1e+20,0,0,0,0,0,0,,0,0
philosophers-p39-phil40,-3,False,0,0,0,0,0,0,0,0,0,,,,0,,,0.0,1e+20,1e+20,0,0,0,0,0,0,,0,0
philosophers-p40-phil41,-3,False,0,0,0,0,0,0,0,0,0,,,,0,,,0.0,1e+20,1e+20,0,0,0,0,0,0,,0,0
philosophers-p41-phil42,-3,False,0,0,0,0,0,0,0,0,0,,,,0,,,0.0,1e+20,1e+20,0,0,0,0,0,0,,0,0
philosophers-p42-phil43,-3,False,0,0,0,0,0,0,0,0,0,,,,0,,,0.0,1e+20,1e+20,0,0,0,0,0,0,,0,0
philosophers-p43-phil44,-3,False,0,0,0,0,0,0,0,0,0,,,,0,,,0.0,1e+20,1e+20,0,0,0,0,0,0,,0,0
philosophers-p44-phil45,-3,False,0,0,0,0,0,0,0,0,0,,,,0,,,0.0,1e+20,1e+20,0,0,0,0,0,0,,0,0
philosophers-p45-phil46,-3,False,0,0,0,0,0,0,0,0,0,,,,0,,,0.0,1e+20,1e+20,0,0,0,0,0,0,,0,0
philosophers-p46-phil47,-3,False,0,0,0,0,0,0,0,0,0,,,,0,,,0.0,1e+20,1e+20,0,0,0,0,0,0,,0,0
philosophers-p47-phil48,-3,False,0,0,0,0,0,0,0,0,0,,,,0,,,0.0,1e+20,1e+20,0,0,0,0,0,0,,0,0
philosophers-p48-phil49,-3,False,0,0,0,0,0,0,0,0,0,,,,0,,,0.0,1e+20,1e+20,0,0,0,0,0,0,,0,0
pipesworld-notankage-p01-net1-b6-g2,0,True,22,38,119,192,87,237,165,0,0,,,,0,,,5.0,5,5,0.0063,0.0003,0.0,0.0018,0.0,0.0,,0.0075,0.016
pipesworld-notankage-p02-net1-b6-g4,0,True,19,38,130,205,95,258,173,0,0,,,,0,,,7.0,7,7,0.0053,0.0003,0.0,0.0019,0.0,0.0,,0.0078,0.0155
pipesworld-notankage-p03-net1-b8-g3,0,True,34,59,202,314,157,410,294,0,0,,,,0,,,7.0,7,7,0.0266,0.0007,0.0001,0.0022,0.0,0.0,,0.0104,0.04
pipesworld-notankage-p04-net1-b8-g5,0,True,32,59,202,314,165,410,305,0,0,,,,0,,,7.0,8,7,0.0076,0.0007,0.0001,0.002,0.0,0.0,,0.0104,0.0208
pipesworld-notankage-p05-net1-b10-g4,0,True,45,98,341,504,304,675,714,0,0,,,,0,,,7.0,7,7,0.0091,0.0012,0.0001,0.0028,0.0,0.0,,0.018,0.0312
pipesworld-notankage-p06-net1-b10-g6,0,True,41,98,343,507,307,679,714,0,0,,,,0,,,9.0,9,9,0.0085,0.0012,0.0001,0.0028,0.0,0.0,,0.0183,0.0309
pipesworld-notankage-p07-net1-b12-g5,0,True,54,148,467,693,551,944,1559,0,0,,,,0,,,8.0,8,8,0.0145,0.0019,0.0001,0.006,0.0,0.0,,0.0362,0.0586
pipesworld-notankage-p08-net1-b12-g7,0,True,48,148,480,708,573,971,1603,0,0,,,,0,,,10.0,10,10,0.0514,0.0019,0.0002,0.0118,0.0,0.0,,0.0489,0.1142
pipesworld-notankage-p09-net1-b14-g6,0,True,55,198,660,950,713,1314,1945,0,0,,,,0,,,13.0,14,13,0.0081,0.0027,0.0003,0.0033,0.0,0.0,,0.0848,0.0993
pipesworld-notankage-p10-net1-b14-g8,0,True,46,198,681,973,757,1355,2047,0,0,,,,0,,,17.0,18,17,0.0099,0.0027,0.0003,0.0035,0.0,0.0,,0.175,0.1915
pipesworld-notankage-p11-net2-b10-g2,0,True,156,738,1572,2479,4090,3315,49511,0,0,,,,0,,,11.0,12,11,0.5034,0.006,0.0016,0.0865,0.0,0.0,,2.6313,3.2288
pipesworld-notankage-p12-net2-b10-g4,0,True,152,738,1572,2479,4090,3315,49511,0,0,,,,7,,,13.0,17,13,0.0098,0.0061,0.002,0.0281,0.0,0.0,,6.278,6.3241
pipesworld-notankage-p13-net2-b12-g3,0,True,189,913,1953,3072,5215,4117,66814,0,0,,,,0,,,12.0,13,12,0.0125,0.0086,0.0023,0.0403,0.0,0.0,,3.1768,3.2406
pipesworld-notankage-p14-net2-b12-g5,2,True,191,984,2109,3309,5371,4427,67011,0,0,,,,256,,,16.5,21,18,0.0169,0.0094,0.0032,0.0397,0.0,0.0,,899.9585,900.0277
pipesworld-notankage-p15-net2-b14-g4,0,True,202,940,1936,3097,5017,4171,50645,0,0,,,,0,,,14.0,15,14,0.0133,0.0098,0.0023,0.0307,0.0,0.0,,6.5934,6.6495
pipesworld-notankage-p16-net2-b14-g6,0,True,198,940,1948,3110,5021,4196,50544,0,0,,,,0,,,19.0,25,19,0.0323,0.0099,0.0032,0.031,0.0,0.0,,6.4967,6.5731
pipesworld-notankage-p17-net2-b16-g5,0,True,295,1558,3291,5163,8293,6862,118047,0,0,,,,0,,,12.0,12,12,0.0267,0.0195,0.0046,0.0721,0.0,0.0,,2.3012,2.4243
pipesworld-notankage-p18-net2-b16-g7,0,True,289,1558,3336,5210,8341,6951,118241,0,0,,,,723,,,18.0,20,18,0.1872,0.0196,0.0062,0.0722,0.0,0.0,,61.4292,61.7144
pipesworld-notankage-p19-net2-b18-g6,2,True,350,1900,4069,6344,10211,8499,152182,0,0,,,,6076,,,19.0,23,20,0.0237,0.0284,0.0127,0.0903,0.0,0.0,,899.8956,900.0509
pipesworld-notankage-p20-net2-b18-g8,2,True,345,1900,4106,6383,10253,8573,152635,0,0,,,,4569,,,22.0,27,23,0.0245,0.0287,0.0178,0.0905,0.0,0.0,,899.9006,900.0623
pipesworld-notankage-p21-net3-b12-g2,0,True,229,1025,2205,3470,6155,4704,85418,0,0,,,,0,,,9.0,10,9,0.0155,0.0117,0.0022,0.048,0.0,0.0,,2.042,2.1195
pipesworld-notankage-p22-net3-b12-g4,0,True,219,1025,2253,3525,6198,4802,85467,0,0,,,,0,,,19.0,21,19,0.032,0.0122,0.004,0.0486,0.0,0.0,,14.4228,14.5196
pipesworld-notankage-p23-net3-b14-g3,0,True,297,1466,3231,5016,8019,6771,113482,0,0,,,,0,,,14.0,15,14,0.0442,0.0209,0.0063,0.0708,0.0,0.0,,20.3534,20.4958
pipesworld-notankage-p24-net3-b14-g5,0,True,293,1466,3278,5065,8064,6863,113559,0,0,,,,0,,,18.0,22,18,0.0232,0.0212,0.0113,0.0672,0.0,0.0,,7.7531,7.8762
pipesworld-notankage-p25-net3-b16-g5,0,True,363,1900,4159,6452,10150,8683,150336,0,0,,,,222,,,20.0,24,20,0.025,0.0334,0.0096,0.0875,0.0,0.0,,82.6643,82.82
pipesworld-notankage-p26-net3-b16-g7,0,True,355,1900,4187,6482,10182,8738,150285,0,0,,,,560,,,24.0,30,24,0.0247,0.0335,0.0119,0.0875,0.0,0.0,,155.488,155.6458
pipesworld-notankage-p27-net3-b18-g6,0,True,429,2280,5085,7824,11907,10597,178948,0,0,,,,0,,,19.0,25,19,0.0346,0.0462,0.0145,0.1079,0.0,0.0,,26.1977,26.4012
pipesworld-notankage-p28-net3-b18-g7,0,True,424,2280,5099,7839,11932,10625,179073,0,0,,,,0,,,25.0,31,25,0.0322,0.0468,0.0181,0.1076,0.0,0.0,,21.2604,21.4655
pipesworld-notankage-p29-net3-b20-g6,0,True,522,2910,6425,9888,16502,13354,336746,0,0,,,,410,,,21.0,25,21,0.0402,0.0699,0.0145,0.1954,0.0,0.0,,126.4277,126.748
pipesworld-notankage-p30-net3-b20-g8,0,True,468,2661,5817,8984,13508,11991,209424,0,0,,,,613,,,30.0,37,30,0.0363,0.0567,0.024,0.1261,0.0,0.0,,320.8126,321.056
pipesworld-notankage-p31-net4-b14-g3,2,True,325,2131,5171,7639,16025,10240,450821,0,0,,,,40,,,13.0,19,19,0.0323,0.0387,0.0066,0.2441,0.0,0.0,,899.8879,900.21
pipesworld-notankage-p32-net4-b14-g5,2,True,320,2131,5193,7663,16051,10290,450854,0,0,,,,93,,,16.0,23,23,0.0257,0.039,0.0083,0.2439,0.0,0.0,,899.8821,900.1993
pipesworld-notankage-p33-net4-b16-g5,2,True,359,2256,5479,8112,19287,10901,588621,0,0,,,,487,,,16.036,18,18,0.0291,0.0448,0.0059,0.3165,0.0,0.0,,899.7494,900.1461
pipesworld-notankage-p34-net4-b16-g6,2,True,385,2589,6372,9370,20302,12580,626314,0,0,,,,257,,,18.0,29,29,0.0344,0.0574,0.0177,0.3423,0.0,0.0,,899.7525,900.2048
pipesworld-notankage-p35-net4-b18-g4,2,True,475,3482,8431,12402,25735,16442,899242,0,0,,,,149,,,11.6,19,17,0.0426,0.0899,0.0189,0.4934,0.0,0.0,,899.5937,900.2411
pipesworld-notankage-p36-net4-b18-g6,2,True,470,3482,8499,12473,25967,16580,899678,0,0,,,,79,,,14.806,26,26,0.0568,0.0897,0.0235,0.4985,0.0,0.0,,899.8266,900.4955
pipesworld-notankage-p37-net4-b20-g5,0,True,546,3944,9730,14236,31297,18953,1201983,0,0,,,,83,,,14.0,15,14,0.053,0.1133,0.021,0.6612,0.0,0.0,,714.0463,714.8952
pipesworld-notankage-p38-net4-b20-g7,2,True,544,3944,9784,14291,31360,19059,1201967,0,0,,,,85,,,14.759,21,20,0.0838,0.1162,0.0293,0.6661,0.0,0.0,,899.3818,900.2777
pipesworld-notankage-p39-net4-b22-g7,2,True,669,5227,12906,18829,39261,25095,1621081,0,0,,,,21,,,17.264,23,20,0.0764,0.1881,0.038,0.9141,0.0,0.0,,899.8334,901.0505
pipesworld-notankage-p40-net4-b22-g8,2,True,668,5227,12944,18868,39297,25170,1621117,0,0,,,,0,,,18.439,27,27,0.0952,0.1895,0.0447,0.9185,0.0,0.0,,899.6976,900.9461
pipesworld-notankage-p41-net5-b22-g2,0,True,739,6840,16252,23837,64985,31701,3753209,0,0,,,,0,,,8.0,8,8,0.0966,0.2658,0.0161,2.1045,0.0,0.0,,682.7991,685.2826
pipesworld-notankage-p42-net5-b22-g4,2,True,729,6840,16385,23977,65269,31966,3753605,0,0,,,,0,,,14.389,19,19,0.0969,0.2702,0.0502,2.1059,0.0,0.0,,898.1157,900.6394
pipesworld-notankage-p43-net5-b24-g3,2,True,838,8293,19762,28913,77796,38289,4971399,0,0,,,,0,,,13.696,24,24,0.1202,0.3588,0.0906,2.8164,0.0,0.0,,899.1194,902.5063
pipesworld-notankage-p44-net5-b24-g5,2,True,836,8293,19826,28981,78034,38439,4971996,0,0,,,,0,,,18.411,28,28,0.1193,0.3562,0.1153,2.8153,0.0,0.0,,897.5128,900.9198
pipesworld-notankage-p45-net5-b26-g4,2,True,949,9665,23109,33747,90371,44701,6105456,0,0,,,,0,,,16.199,28,28,0.2018,0.4583,0.115,3.5003,0.0,0.0,,207.4013,211.6778
pipesworld-notankage-p46-net5-b26-g6,2,True,946,9665,23192,33833,90604,44871,6105932,0,0,,,,0,,,19.989,38,38,0.1479,0.4564,0.1508,3.481,0.0,0.0,,216.9208,221.1578
pipesworld-notankage-p47-net5-b28-g5,2,True,1048,10852,25753,37686,104028,49847,7587675,0,0,,,,0,,,0.0,39,39,0.1807,0.5741,0.21,4.4491,0.0,0.0,,894.9262,900.3414
pipesworld-notankage-p48-net5-b28-g7,2,True,1043,10852,25859,37795,104273,50064,7590809,0,0,,,,0,,,0.0,47,47,0.2039,0.5755,0.2791,4.3825,0.0,0.0,,148.4612,153.9034
pipesworld-notankage-p49-net5-b30-g6,2,True,1172,12349,29452,42997,118227,56855,9176476,0,0,,,,0,,,0.0,30,30,0.218,0.7145,0.1635,5.3264,0.0,0.0,,120.385,126.8088
pipesworld-notankage-p50-net5-b30-g8,2,True,1162,12349,29507,43055,118216,56961,9162594,0,0,,,,0,,,0.0,42,42,1.7286,0.7043,0.248,5.3784,0.0,0.0,,429.7911,437.8518
pipesworld-tankage-p01-net1-b6-g2-t50,0,True,28,46,149,235,197,357,436,0,0,,,,0,,,5.0,5,5,0.006,0.0004,0.0,0.0022,0.0,0.0,,0.0125,0.0212
pipesworld-tankage-p02-net1-b6-g4-t50,0,True,22,46,156,243,203,371,444,0,0,,,,0,,,7.0,8,7,0.0236,0.0004,0.0001,0.002,0.0,0.0,,0.0122,0.0382
pipesworld-tankage-p03-net1-b8-g3-t80,0,True,42,188,604,848,418,996,1733,0,0,,,,0,,,7.0,7,7,0.0191,0.0024,0.0002,0.0048,0.0,0.0,,0.043,0.0695
pipesworld-tankage-p04-net1-b8-g5-t80,0,True,40,199,632,887,444,1041,1896,0,0,,,,0,,,7.0,7,7,0.025,0.0024,0.0002,0.0041,0.0,0.0,,0.0442,0.0758
pipesworld-tankage-p05-net1-b10-g4-t50,0,True,46,155,566,783,438,1004,1453,0,0,,,,0,,,7.0,7,7,0.0301,0.0029,0.0001,0.0045,0.0,0.0,,0.0373,0.075
pipesworld-tankage-p06-net1-b10-g6-t50,0,True,41,155,568,786,436,1008,1448,0,0,,,,0,,,9.0,9,9,0.0099,0.0029,0.0002,0.0031,0.0,0.0,,0.0368,0.0529
pipesworld-tankage-p07-net1-b12-g5-t80,0,True,64,522,1785,2386,852,2548,4331,0,0,,,,0,,,8.0,8,8,0.0177,0.015,0.001,0.0048,0.0,0.0,,0.085,0.1238
pipesworld-tankage-p08-net1-b12-g7-t80,0,True,60,522,1851,2454,869,2634,4393,0,0,,,,0,,,10.0,10,10,0.0196,0.0147,0.0012,0.0055,0.0,0.0,,0.142,0.1832
pipesworld-tankage-p09-net1-b14-g6-t50,0,True,60,941,3042,4069,1168,4028,7971,0,0,,,,0,,,13.0,15,13,0.0226,0.0174,0.0046,0.0087,0.0,0.0,,0.2776,0.3312
pipesworld-tankage-p10-net1-b14-g8-t50,0,True,54,941,3125,4154,1193,4153,8115,0,0,,,,0,,,17.0,18,17,0.0381,0.0176,0.006,0.0098,0.0,0.0,,0.3488,0.4206
pipesworld-tankage-p11-net2-b10-g2-t30,0,True,165,994,2905,4075,5077,5165,64203,0,0,,,,47,,,12.0,13,12,0.02,0.0174,0.0029,0.0388,0.0,0.0,,20.2741,20.3533
pipesworld-tankage-p12-net2-b10-g4-t60,0,True,167,1548,4405,6135,6008,7119,74477,0,0,,,,43,,,13.0,17,13,0.0197,0.0292,0.0057,0.0445,0.0,0.0,,17.4593,17.5586
pipesworld-tankage-p13-net2-b12-g3-t70,0,True,213,2379,6477,9083,9841,10364,168946,0,0,,,,257,,,12.0,13,12,0.0278,0.049,0.0096,0.0987,0.0,0.0,,77.8384,78.0237
pipesworld-tankage-p14-net2-b12-g5-t30,2,True,206,1801,4803,6828,6786,7964,89932,0,0,,,,180,,,14.625,23,19,0.0532,0.0312,0.0099,0.0558,0.0,0.0,,899.9047,900.055
pipesworld-tankage-p15-net2-b14-g4-t30,0,True,218,1348,3426,5005,6127,6237,66324,0,0,,,,7,,,14.0,16,14,0.0386,0.0288,0.0051,0.0403,0.0,0.0,,15.9601,16.073
pipesworld-tankage-p16-net2-b14-g6-t80,0,True,234,3342,9187,12780,12105,13723,193862,0,0,,,,460,,,19.0,25,19,0.0445,0.0942,0.0205,0.118,0.0,0.0,,283.6751,283.9527
pipesworld-tankage-p17-net2-b16-g5-t20,0,True,300,1959,4843,7121,8880,8889,128748,0,0,,,,0,,,13.0,13,13,0.0247,0.0453,0.0087,0.0803,0.0,0.0,,2.2388,2.398
pipesworld-tankage-p18-net2-b16-g7-t60,2,True,319,4813,13246,18397,14399,19622,256187,0,0,,,,1349,,,15.667,24,18,0.0477,0.1458,0.0443,0.151,0.0,0.0,,899.6886,900.0778
pipesworld-tankage-p19-net2-b18-g6-t60,2,True,378,4223,11752,16371,13939,18535,213846,0,0,,,,2041,,,16.0,23,20,0.0584,0.1775,0.0353,0.1314,0.0,0.0,,899.695,900.0982
pipesworld-tankage-p20-net2-b18-g8-t90,2,True,399,8789,24023,33232,21497,34052,373876,0,0,,,,698,,,18.667,27,27,0.0977,0.419,0.0966,0.2447,0.0,0.0,,899.3205,900.1796
pipesworld-tankage-p21-net3-b12-g2-t60,0,True,246,2182,5913,8348,9896,9889,155490,0,0,,,,0,,,9.0,10,9,0.0563,0.0485,0.005,0.093,0.0,0.0,,8.6886,8.8917
pipesworld-tankage-p22-net3-b12-g4-t60,2,True,238,2177,5928,8359,9290,9921,143783,0,0,,,,2319,,,16.639,21,19,0.0254,0.0487,0.0116,0.0828,0.0,0.0,,899.8907,900.0596
pipesworld-tankage-p23-net3-b14-g3-t60,0,True,316,4452,12686,17472,14203,18947,273327,0,0,,,,621,,,15.0,16,15,0.0838,0.1466,0.027,0.1591,0.0,0.0,,410.8049,411.2217
pipesworld-tankage-p24-net3-b14-g5-t60,2,True,312,4375,12527,17236,13714,18715,244924,0,0,,,,1671,,,16.111,22,19,0.0757,0.1498,0.0379,0.1457,0.0,0.0,,899.6935,900.1032
pipesworld-tankage-p25-net3-b16-g5-t60,2,True,394,6948,19718,27080,18486,28458,350598,0,0,,,,1210,,,17.4,25,20,0.1018,0.3484,0.0814,0.2092,0.0,0.0,,899.3465,900.0892
pipesworld-tankage-p26-net3-b16-g7-t70,2,True,392,7771,22010,30199,19609,31274,372771,0,0,,,,1269,,,21.5,30,24,0.1882,0.4227,0.111,0.2289,0.0,0.0,,899.137,900.0899
pipesworld-tankage-p27-net3-b18-g6-t70,2,True,461,8116,22413,31009,22681,33119,503715,0,0,,,,518,,,17.0,24,20,0.1238,0.441,0.1156,0.3023,0.0,0.0,,899.326,900.3099
pipesworld-tankage-p28-net3-b18-g7-t70,2,True,454,8116,22413,31009,22600,33119,492039,0,0,,,,25,,,24.0,31,27,0.1221,0.4402,0.1495,0.2966,0.0,0.0,,899.2595,900.2725
pipesworld-tankage-p29-net3-b20-g6-t70,2,True,561,11951,33019,45551,29025,47130,669905,0,0,,,,209,,,17.8,25,21,0.241,0.8246,0.1272,0.4228,0.0,0.0,,898.7346,900.3534
pipesworld-tankage-p30-net3-b20-g8-t70,2,True,519,12786,37987,51317,24650,50655,462394,0,0,,,,63,,,27.077,38,31,0.2304,0.8872,0.1867,0.3097,0.0,0.0,,898.5061,900.1221
pipesworld-tankage-p31-net4-b14-g3-t20,2,True,245,1509,3916,5680,10184,7455,225596,0,0,,,,735,,,12.0,23,21,0.0203,0.0268,0.0059,0.1304,0.0,0.0,,900.1827,900.3663
pipesworld-tankage-p32-net4-b14-g5-t30,2,True,329,3425,10311,14081,22167,17506,672395,0,0,,,,51,,,15.295,21,21,0.0397,0.1288,0.0156,0.3831,0.0,0.0,,899.622,900.1932
pipesworld-tankage-p33-net4-b16-g5-t60,2,True,377,7138,20848,28375,35512,30606,1231790,0,0,,,,0,,,14.143,19,19,0.0707,0.2661,0.0295,0.7027,0.0,0.0,,900.0169,901.0869
pipesworld-tankage-p34-net4-b16-g6-t60,2,True,413,9488,27637,37550,47874,40040,2027416,0,0,,,,0,,,16.571,31,31,0.0879,0.4231,0.1147,1.1643,0.0,0.0,,898.6077,900.3989
pipesworld-tankage-p35-net4-b18-g4-t90,2,True,537,21724,62972,85239,71756,84073,3392159,0,0,,,,0,,,9.077,17,17,0.2535,1.7554,0.194,2.0001,0.0,0.0,,896.4541,900.6611
pipesworld-tankage-p36-net4-b18-g6-t90,2,True,533,21724,63068,85336,72831,84212,3464446,0,0,,,,0,,,13.0,25,25,0.2765,1.7718,0.3006,2.0411,0.0,0.0,,896.2523,900.6448
pipesworld-tankage-p37-net4-b20-g5-t60,2,True,576,16940,50267,67790,67481,69443,2999337,0,0,,,,0,,,9.786,15,15,0.4161,1.1411,0.1652,1.7666,0.0,0.0,,897.077,900.5679
pipesworld-tankage-p38-net4-b20-g7-t60,2,True,574,16940,50267,67790,65481,69443,2885025,0,0,,,,0,,,12.082,21,21,0.1835,1.1253,0.2193,1.675,0.0,0.0,,897.399,900.6048
pipesworld-tankage-p39-net4-b22-g7-t50,2,True,700,21823,63794,86331,63086,89248,2611531,0,0,,,,0,,,14.5,24,24,0.2853,1.8947,0.4459,1.5743,0.0,0.0,,896.2819,900.4846
pipesworld-tankage-p40-net4-b22-g8-t50,2,True,699,21823,63794,86331,66682,89248,3081309,0,0,,,,0,,,16.2,28,28,0.2892,1.9044,0.4786,1.8559,0.0,0.0,,895.9674,900.4981
pipesworld-tankage-p41-net5-b22-g2-t20,2,True,743,12877,36885,50509,88442,58735,5025150,0,0,,,,0,,,5.5,8,8,0.1555,0.7026,0.0638,2.914,0.0,0.0,,897.1638,901.001
pipesworld-tankage-p42-net5-b22-g4-t50,2,True,775,34729,101107,136622,158180,135692,12396297,0,0,,,,0,,,0.0,20,20,0.4323,3.2157,1.2006,7.5203,0.0,0.0,,888.0326,900.4062
pipesworld-tankage-p43-net5-b24-g3-t80,2,True,909,61045,179241,241208,255426,226140,26183509,0,0,,,,0,,,0.0,24,24,1.0081,9.7153,1.5785,16.7028,0.0,0.0,,176.9052,205.9246
pipesworld-tankage-p44-net5-b24-g5-t80,2,True,907,61045,179241,241208,267021,226140,27894837,0,0,,,,0,,,0.0,27,27,1.3344,9.583,1.845,17.5477,0.0,0.0,,183.7771,214.1017
pipesworld-tankage-p45-net5-b26-g4-t50,2,True,995,41360,123395,165763,192410,164754,16584018,0,0,,,,0,,,0.0,31,31,0.6938,5.9727,1.273,10.236,0.0,0.0,,187.1601,205.3443
pipesworld-tankage-p46-net5-b26-g6-t50,2,True,992,41339,123502,165850,180831,164893,14000824,0,0,,,,0,,,0.0,41,41,0.7125,5.9983,1.6586,8.8324,0.0,0.0,,155.7065,172.9171
pipesworld-tankage-p47-net5-b28-g5-t50,2,True,1100,50902,148577,200597,207159,198232,17043578,0,0,,,,0,,,0.0,40,40,0.9159,8.3213,2.0557,10.9184,0.0,0.0,,194.4631,216.6859
pipesworld-tankage-p48-net5-b28-g7-t50,2,True,1096,50902,148652,200673,189697,198352,14808050,0,0,,,,0,,,0.0,48,48,0.9197,8.3365,2.6846,9.3561,0.0,0.0,,168.6282,189.9363
pipesworld-tankage-p49-net5-b30-g6-t50,2,True,1226,62714,184276,248226,216652,241856,16662706,0,0,,,,0,,,0.0,31,31,1.1617,10.7115,3.2739,11.1588,0.0,0.0,,193.1264,219.4453
pipesworld-tankage-p50-net5-b30-g8-t50,2,True,1218,62714,184305,248256,211414,241904,16206622,0,0,,,,0,,,0.0,42,42,1.1609,10.7434,3.3793,10.437,0.0,0.0,,207.7569,233.4904
psr-large-p01-s29-n2-l5-f30,-3,False,0,0,0,0,0,0,0,0,0,,,,0,,,0.0,1e+20,1e+20,0,0,0,0,0,0,,0,0
psr-large-p02-s46-n3-l5-f50,-3,False,0,0,0,0,0,0,0,0,0,,,,0,,,0.0,1e+20,1e+20,0,0,0,0,0,0,,0,0
psr-large-p03-s53-n4-l3-f30,-3,False,0,0,0,0,0,0,0,0,0,,,,0,,,0.0,1e+20,1e+20,0,0,0,0,0,0,,0,0
psr-large-p04-s66-n5-l2-f50,-3,False,0,0,0,0,0,0,0,0,0,,,,0,,,0.0,1e+20,1e+20,0,0,0,0,0,0,,0,0
psr-large-p05-s71-n5-l3-f70,-3,False,0,0,0,0,0,0,0,0,0,,,,0,,,0.0,1e+20,1e+20,0,0,0,0,0,0,,0,0
psr-large-p06-s74-n5-l4-f50,-3,False,0,0,0,0,0,0,0,0,0,,,,0,,,0.0,1e+20,1e+20,0,0,0,0,0,0,,0,0
psr-large-p07-s81-n6-l2-f30,-3,False,0,0,0,0,0,0,0,0,0,,,,0,,,0.0,1e+20,1e+20,0,0,0,0,0,0,,0,0
psr-large-p08-s87-n6-l3-f70,-3,False,0,0,0,0,0,0,0,0,0,,,,0,,,0.0,1e+20,1e+20,0,0,0,0,0,0,,0,0
psr-large-p09-s90-n6-l4-f50,-3,False,0,0,0,0,0,0,0,0,0,,,,0,,,0.0,1e+20,1e+20,0,0,0,0,0,0,,0,0
psr-large-p10-s93-n6-l5-f30,-3,False,0,0,0,0,0,0,0,0,0,,,,0,,,0.0,1e+20,1e+20,0,0,0,0,0,0,,0,0
psr-large-p11-s100-n7-l3-f10,-3,False,0,0,0,0,0,0,0,0,0,,,,0,,,0.0,1e+20,1e+20,0,0,0,0,0,0,,0,0
psr-large-p12-s103-n7-l3-f70,-3,False,0,0,0,0,0,0,0,0,0,,,,0,,,0.0,1e+20,1e+20,0,0,0,0,0,0,,0,0
psr-large-p13-s106-n7-l4-f50,-3,False,0,0,0,0,0,0,0,0,0,,,,0,,,0.0,1e+20,1e+20,0,0,0,0,0,0,,0,0
psr-large-p14-s112-n8-l2-f10,-3,False,0,0,0,0,0,0,0,0,0,,,,0,,,0.0,1e+20,1e+20,0,0,0,0,0,0,,0,0
psr-large-p15-s114-n8-l2-f50,-3,False,0,0,0,0,0,0,0,0,0,,,,0,,,0.0,1e+20,1e+20,0,0,0,0,0,0,,0,0
psr-large-p16-s119-n8-l3-f70,-3,False,0,0,0,0,0,0,0,0,0,,,,0,,,0.0,1e+20,1e+20,0,0,0,0,0,0,,0,0
psr-large-p17-s129-n9-l2-f30,-3,False,0,0,0,0,0,0,0,0,0,,,,0,,,0.0,1e+20,1e+20,0,0,0,0,0,0,,0,0
psr-large-p18-s133-n9-l3-f30,-3,False,0,0,0,0,0,0,0,0,0,,,,0,,,0.0,1e+20,1e+20,0,0,0,0,0,0,,0,0
psr-large-p19-s144-n10-l2-f10,-3,False,0,0,0,0,0,0,0,0,0,,,,0,,,0.0,1e+20,1e+20,0,0,0,0,0,0,,0,0
psr-large-p20-s149-n10-l3-f30,-3,False,0,0,0,0,0,0,0,0,0,,,,0,,,0.0,1e+20,1e+20,0,0,0,0,0,0,,0,0
psr-large-p21-s160-n12-l2-f10,-3,False,0,0,0,0,0,0,0,0,0,,,,0,,,0.0,1e+20,1e+20,0,0,0,0,0,0,,0,0
psr-large-p22-s162-n12-l3-f10,-3,False,0,0,0,0,0,0,0,0,0,,,,0,,,0.0,1e+20,1e+20,0,0,0,0,0,0,,0,0
psr-large-p23-s164-n15-l2-f10,-3,False,0,0,0,0,0,0,0,0,0,,,,0,,,0.0,1e+20,1e+20,0,0,0,0,0,0,,0,0
psr-large-p24-s166-n15-l3-f10,-3,False,0,0,0,0,0,0,0,0,0,,,,0,,,0.0,1e+20,1e+20,0,0,0,0,0,0,,0,0
psr-large-p25-s168-n20-l2-f10,-3,False,0,0,0,0,0,0,0,0,0,,,,0,,,0.0,1e+20,1e+20,0,0,0,0,0,0,,0,0
psr-large-p26-s170-n20-l3-f10,-3,False,0,0,0,0,0,0,0,0,0,,,,0,,,0.0,1e+20,1e+20,0,0,0,0,0,0,,0,0
psr-large-p27-s172-n25-l2-f10,-3,False,0,0,0,0,0,0,0,0,0,,,,0,,,0.0,1e+20,1e+20,0,0,0,0,0,0,,0,0
psr-large-p28-s174-n25-l3-f10,-3,False,0,0,0,0,0,0,0,0,0,,,,0,,,0.0,1e+20,1e+20,0,0,0,0,0,0,,0,0
psr-large-p29-s177-n30-l2-f30,-3,False,0,0,0,0,0,0,0,0,0,,,,0,,,0.0,1e+20,1e+20,0,0,0,0,0,0,,0,0
psr-large-p30-s179-n30-l3-f30,-3,False,0,0,0,0,0,0,0,0,0,,,,0,,,0.0,1e+20,1e+20,0,0,0,0,0,0,,0,0
psr-large-p31-s181-n35-l2-f30,-3,False,0,0,0,0,0,0,0,0,0,,,,0,,,0.0,1e+20,1e+20,0,0,0,0,0,0,,0,0
psr-large-p32-s183-n35-l3-f30,-3,False,0,0,0,0,0,0,0,0,0,,,,0,,,0.0,1e+20,1e+20,0,0,0,0,0,0,,0,0
psr-large-p33-s185-n40-l2-f30,-3,False,0,0,0,0,0,0,0,0,0,,,,0,,,0.0,1e+20,1e+20,0,0,0,0,0,0,,0,0
psr-large-p34-s187-n40-l3-f30,-3,False,0,0,0,0,0,0,0,0,0,,,,0,,,0.0,1e+20,1e+20,0,0,0,0,0,0,,0,0
psr-large-p35-s189-n45-l2-f30,-3,False,0,0,0,0,0,0,0,0,0,,,,0,,,0.0,1e+20,1e+20,0,0,0,0,0,0,,0,0
psr-large-p36-s191-n45-l3-f30,-3,False,0,0,0,0,0,0,0,0,0,,,,0,,,0.0,1e+20,1e+20,0,0,0,0,0,0,,0,0
psr-large-p37-s193-n50-l2-f30,-3,False,0,0,0,0,0,0,0,0,0,,,,0,,,0.0,1e+20,1e+20,0,0,0,0,0,0,,0,0
psr-large-p38-s195-n50-l3-f30,-3,False,0,0,0,0,0,0,0,0,0,,,,0,,,0.0,1e+20,1e+20,0,0,0,0,0,0,,0,0
psr-large-p39-s197-n55-l2-f30,-3,False,0,0,0,0,0,0,0,0,0,,,,0,,,0.0,1e+20,1e+20,0,0,0,0,0,0,,0,0
psr-large-p40-s199-n55-l3-f30,-3,False,0,0,0,0,0,0,0,0,0,,,,0,,,0.0,1e+20,1e+20,0,0,0,0,0,0,,0,0
psr-large-p41-s201-n60-l2-f30,-3,False,0,0,0,0,0,0,0,0,0,,,,0,,,0.0,1e+20,1e+20,0,0,0,0,0,0,,0,0
psr-large-p42-s203-n60-l3-f30,-3,False,0,0,0,0,0,0,0,0,0,,,,0,,,0.0,1e+20,1e+20,0,0,0,0,0,0,,0,0
psr-large-p43-s205-n70-l2-f30,-3,False,0,0,0,0,0,0,0,0,0,,,,0,,,0.0,1e+20,1e+20,0,0,0,0,0,0,,0,0
psr-large-p44-s207-n70-l3-f30,-3,False,0,0,0,0,0,0,0,0,0,,,,0,,,0.0,1e+20,1e+20,0,0,0,0,0,0,,0,0
psr-large-p45-s209-n80-l2-f30,-3,False,0,0,0,0,0,0,0,0,0,,,,0,,,0.0,1e+20,1e+20,0,0,0,0,0,0,,0,0
psr-large-p46-s211-n80-l3-f30,-3,False,0,0,0,0,0,0,0,0,0,,,,0,,,0.0,1e+20,1e+20,0,0,0,0,0,0,,0,0
psr-large-p47-s213-n90-l2-f30,-3,False,0,0,0,0,0,0,0,0,0,,,,0,,,0.0,1e+20,1e+20,0,0,0,0,0,0,,0,0
psr-large-p48-s215-n90-l3-f30,-3,False,0,0,0,0,0,0,0,0,0,,,,0,,,0.0,1e+20,1e+20,0,0,0,0,0,0,,0,0
psr-large-p49-s217-n100-l2-f30,-3,False,0,0,0,0,0,0,0,0,0,,,,0,,,0.0,1e+20,1e+20,0,0,0,0,0,0,,0,0
psr-large-p50-s219-n100-l3-f30,-3,False,0,0,0,0,0,0,0,0,0,,,,0,,,0.0,1e+20,1e+20,0,0,0,0,0,0,,0,0
psr-middle-p01-s17-n2-l2-f30,-3,False,0,0,0,0,0,0,0,0,0,,,,0,,,0.0,1e+20,1e+20,0,0,0,0,0,0,,0,0
psr-middle-p02-s23-n2-l3-f70,-3,False,0,0,0,0,0,0,0,0,0,,,,0,,,0.0,1e+20,1e+20,0,0,0,0,0,0,,0,0
psr-middle-p03-s28-n2-l5-f10,-3,False,0,0,0,0,0,0,0,0,0,,,,0,,,0.0,1e+20,1e+20,0,0,0,0,0,0,,0,0
psr-middle-p04-s31-n2-l5-f70,-3,False,0,0,0,0,0,0,0,0,0,,,,0,,,0.0,1e+20,1e+20,0,0,0,0,0,0,,0,0
psr-middle-p05-s34-n3-l2-f50,-3,False,0,0,0,0,0,0,0,0,0,,,,0,,,0.0,1e+20,1e+20,0,0,0,0,0,0,,0,0
psr-middle-p06-s37-n3-l3-f30,-3,False,0,0,0,0,0,0,0,0,0,,,,0,,,0.0,1e+20,1e+20,0,0,0,0,0,0,,0,0
psr-middle-p07-s38-n3-l3-f50,-3,False,0,0,0,0,0,0,0,0,0,,,,0,,,0.0,1e+20,1e+20,0,0,0,0,0,0,,0,0
psr-middle-p08-s40-n3-l4-f10,-3,False,0,0,0,0,0,0,0,0,0,,,,0,,,0.0,1e+20,1e+20,0,0,0,0,0,0,,0,0
psr-middle-p09-s42-n3-l4-f50,-3,False,0,0,0,0,0,0,0,0,0,,,,0,,,0.0,1e+20,1e+20,0,0,0,0,0,0,,0,0
psr-middle-p10-s45-n3-l5-f30,-3,False,0,0,0,0,0,0,0,0,0,,,,0,,,0.0,1e+20,1e+20,0,0,0,0,0,0,,0,0
psr-middle-p11-s46-n3-l5-f50,-3,False,0,0,0,0,0,0,0,0,0,,,,0,,,0.0,1e+20,1e+20,0,0,0,0,0,0,,0,0
psr-middle-p12-s50-n4-l2-f50,-3,False,0,0,0,0,0,0,0,0,0,,,,0,,,0.0,1e+20,1e+20,0,0,0,0,0,0,,0,0
psr-middle-p13-s53-n4-l3-f30,-3,False,0,0,0,0,0,0,0,0,0,,,,0,,,0.0,1e+20,1e+20,0,0,0,0,0,0,,0,0
psr-middle-p14-s55-n4-l3-f70,-3,False,0,0,0,0,0,0,0,0,0,,,,0,,,0.0,1e+20,1e+20,0,0,0,0,0,0,,0,0
psr-middle-p15-s56-n4-l4-f10,-3,False,0,0,0,0,0,0,0,0,0,,,,0,,,0.0,1e+20,1e+20,0,0,0,0,0,0,,0,0
psr-middle-p16-s60-n4-l5-f10,-3,False,0,0,0,0,0,0,0,0,0,,,,0,,,0.0,1e+20,1e+20,0,0,0,0,0,0,,0,0
psr-middle-p17-s61-n4-l5-f30,-3,False,0,0,0,0,0,0,0,0,0,,,,0,,,0.0,1e+20,1e+20,0,0,0,0,0,0,,0,0
psr-middle-p18-s62-n4-l5-f50,-3,False,0,0,0,0,0,0,0,0,0,,,,0,,,0.0,1e+20,1e+20,0,0,0,0,0,0,,0,0
psr-middle-p19-s66-n5-l2-f50,-3,False,0,0,0,0,0,0,0,0,0,,,,0,,,0.0,1e+20,1e+20,0,0,0,0,0,0,,0,0
psr-middle-p20-s69-n5-l3-f30,-3,False,0,0,0,0,0,0,0,0,0,,,,0,,,0.0,1e+20,1e+20,0,0,0,0,0,0,,0,0
psr-middle-p21-s72-n5-l4-f10,-3,False,0,0,0,0,0,0,0,0,0,,,,0,,,0.0,1e+20,1e+20,0,0,0,0,0,0,,0,0
psr-middle-p22-s74-n5-l4-f50,-3,False,0,0,0,0,0,0,0,0,0,,,,0,,,0.0,1e+20,1e+20,0,0,0,0,0,0,,0,0
psr-middle-p23-s76-n5-l5-f10,-3,False,0,0,0,0,0,0,0,0,0,,,,0,,,0.0,1e+20,1e+20,0,0,0,0,0,0,,0,0
psr-middle-p24-s77-n5-l5-f30,-3,False,0,0,0,0,0,0,0,0,0,,,,0,,,0.0,1e+20,1e+20,0,0,0,0,0,0,,0,0
psr-middle-p25-s81-n6-l2-f30,-3,False,0,0,0,0,0,0,0,0,0,,,,0,,,0.0,1e+20,1e+20,0,0,0,0,0,0,,0,0
psr-middle-p26-s85-n6-l3-f30,-3,False,0,0,0,0,0,0,0,0,0,,,,0,,,0.0,1e+20,1e+20,0,0,0,0,0,0,,0,0
psr-middle-p27-s86-n6-l3-f50,-3,False,0,0,0,0,0,0,0,0,0,,,,0,,,0.0,1e+20,1e+20,0,0,0,0,0,0,,0,0
psr-middle-p28-s88-n6-l4-f10,-3,False,0,0,0,0,0,0,0,0,0,,,,0,,,0.0,1e+20,1e+20,0,0,0,0,0,0,,0,0
psr-middle-p29-s89-n6-l4-f30,-3,False,0,0,0,0,0,0,0,0,0,,,,0,,,0.0,1e+20,1e+20,0,0,0,0,0,0,,0,0
psr-middle-p30-s90-n6-l4-f50,-3,False,0,0,0,0,0,0,0,0,0,,,,0,,,0.0,1e+20,1e+20,0,0,0,0,0,0,,0,0
psr-middle-p31-s92-n6-l5-f10,-3,False,0,0,0,0,0,0,0,0,0,,,,0,,,0.0,1e+20,1e+20,0,0,0,0,0,0,,0,0
psr-middle-p32-s93-n6-l5-f30,-3,False,0,0,0,0,0,0,0,0,0,,,,0,,,0.0,1e+20,1e+20,0,0,0,0,0,0,,0,0
psr-middle-p33-s100-n7-l3-f10,-3,False,0,0,0,0,0,0,0,0,0,,,,0,,,0.0,1e+20,1e+20,0,0,0,0,0,0,,0,0
psr-middle-p34-s102-n7-l3-f50,-3,False,0,0,0,0,0,0,0,0,0,,,,0,,,0.0,1e+20,1e+20,0,0,0,0,0,0,,0,0
psr-middle-p35-s103-n7-l3-f70,-3,False,0,0,0,0,0,0,0,0,0,,,,0,,,0.0,1e+20,1e+20,0,0,0,0,0,0,,0,0
psr-middle-p36-s106-n7-l4-f50,-3,False,0,0,0,0,0,0,0,0,0,,,,0,,,0.0,1e+20,1e+20,0,0,0,0,0,0,,0,0
psr-middle-p37-s108-n7-l5-f10,-3,False,0,0,0,0,0,0,0,0,0,,,,0,,,0.0,1e+20,1e+20,0,0,0,0,0,0,,0,0
psr-middle-p38-s109-n7-l5-f30,-3,False,0,0,0,0,0,0,0,0,0,,,,0,,,0.0,1e+20,1e+20,0,0,0,0,0,0,,0,0
psr-middle-p39-s112-n8-l2-f10,-3,False,0,0,0,0,0,0,0,0,0,,,,0,,,0.0,1e+20,1e+20,0,0,0,0,0,0,,0,0
psr-middle-p40-s114-n8-l2-f50,-3,False,0,0,0,0,0,0,0,0,0,,,,0,,,0.0,1e+20,1e+20,0,0,0,0,0,0,,0,0
psr-middle-p41-s116-n8-l3-f10,-3,False,0,0,0,0,0,0,0,0,0,,,,0,,,0.0,1e+20,1e+20,0,0,0,0,0,0,,0,0
psr-middle-p42-s120-n8-l4-f10,-3,False,0,0,0,0,0,0,0,0,0,,,,0,,,0.0,1e+20,1e+20,0,0,0,0,0,0,,0,0
psr-middle-p43-s123-n8-l4-f70,-3,False,0,0,0,0,0,0,0,0,0,,,,0,,,0.0,1e+20,1e+20,0,0,0,0,0,0,,0,0
psr-middle-p44-s131-n9-l2-f70,-3,False,0,0,0,0,0,0,0,0,0,,,,0,,,0.0,1e+20,1e+20,0,0,0,0,0,0,,0,0
psr-middle-p45-s132-n9-l3-f10,-3,False,0,0,0,0,0,0,0,0,0,,,,0,,,0.0,1e+20,1e+20,0,0,0,0,0,0,,0,0
psr-middle-p46-s135-n9-l3-f70,-3,False,0,0,0,0,0,0,0,0,0,,,,0,,,0.0,1e+20,1e+20,0,0,0,0,0,0,,0,0
psr-middle-p47-s139-n9-l4-f70,-3,False,0,0,0,0,0,0,0,0,0,,,,0,,,0.0,1e+20,1e+20,0,0,0,0,0,0,,0,0
psr-middle-p48-s144-n10-l2-f10,-3,False,0,0,0,0,0,0,0,0,0,,,,0,,,0.0,1e+20,1e+20,0,0,0,0,0,0,,0,0
psr-middle-p49-s149-n10-l3-f30,-3,False,0,0,0,0,0,0,0,0,0,,,,0,,,0.0,1e+20,1e+20,0,0,0,0,0,0,,0,0
psr-middle-p50-s153-n10-l4-f30,-3,False,0,0,0,0,0,0,0,0,0,,,,0,,,0.0,1e+20,1e+20,0,0,0,0,0,0,,0,0
psr-small-p01-s2-n1-l2-f50,0,True,0,0,2,5,0,4,0,0,0,,,,0,,,1.0,1,1,0.0048,0.0,0.0,0.0013,0.0,0.0,,0.0017,0.0078
psr-small-p02-s5-n1-l3-f30,0,True,0,0,2,5,0,4,0,0,0,,,,0,,,1.0,1,1,0.0063,0.0,0.0,0.002,0.0,0.0,,0.0025,0.0109
psr-small-p03-s7-n1-l3-f70,0,True,0,0,2,5,0,4,0,0,0,,,,0,,,1.0,1,1,0.0087,0.0,0.0,0.002,0.0,0.0,,0.0019,0.0127
psr-small-p04-s8-n1-l4-f10,0,True,0,0,2,5,0,4,0,0,0,,,,0,,,1.0,1,1,0.0051,0.0001,0.0,0.0016,0.0,0.0,,0.0018,0.0086
psr-small-p05-s9-n1-l4-f30,0,True,0,0,2,5,0,4,0,0,0,,,,0,,,1.0,1,1,0.0071,0.0,0.0,0.002,0.0,0.0,,0.0018,0.0111
psr-small-p06-s10-n1-l4-f50,0,True,0,0,2,5,0,4,0,0,0,,,,0,,,1.0,1,1,0.0323,0.0,0.0,0.0093,0.0,0.0,,0.0027,0.0444
psr-small-p07-s11-n1-l4-f70,0,True,0,0,2,5,0,4,0,0,0,,,,0,,,1.0,1,1,0.0256,0.0,0.0,0.002,0.0,0.0,,0.0018,0.0294
psr-small-p08-s12-n1-l5-f10,0,True,0,0,2,5,0,4,0,0,0,,,,0,,,1.0,1,1,0.0069,0.0,0.0,0.0018,0.0,0.0,,0.0022,0.011
psr-small-p09-s13-n1-l5-f30,0,True,0,0,2,5,0,4,0,0,0,,,,0,,,1.0,1,1,0.1757,0.0001,0.0,0.1655,0.0,0.0,,0.0346,0.3759
psr-small-p10-s17-n2-l2-f30,0,True,0,0,5,12,2,12,2,0,0,,,,0,,,2.0,2,2,0.0085,0.0001,0.0,0.0037,0.0,0.0,,0.0031,0.0154
psr-small-p11-s18-n2-l2-f50,0,True,0,0,4,10,0,8,0,0,0,,,,0,,,2.0,2,2,0.0666,0.0001,0.0,0.0187,0.0,0.0,,0.0046,0.0901
psr-small-p12-s21-n2-l3-f30,0,True,0,0,4,10,0,8,0,0,0,,,,0,,,2.0,2,2,0.0056,0.0,0.0,0.0013,0.0,0.0,,0.0018,0.0087
psr-small-p13-s22-n2-l3-f50,0,True,0,0,7,17,4,18,4,0,0,,,,0,,,3.0,3,3,0.0074,0.0001,0.0,0.0027,0.0,0.0,,0.0019,0.0122
psr-small-p14-s23-n2-l3-f70,0,True,0,0,5,12,0,10,0,0,0,,,,0,,,2.0,2,2,0.0083,0.0,0.0,0.003,0.0,0.0,,0.0019,0.0133
psr-small-p15-s24-n2-l4-f10,0,True,1,2,4,11,2,10,2,0,0,,,,0,,,2.0,2,2,0.0182,0.0006,0.0,0.0095,0.0,0.0,,0.003,0.0314
psr-small-p16-s29-n2-l5-f30,0,True,1,2,6,16,4,16,4,0,0,,,,0,,,3.0,3,3,0.0178,0.0001,0.0,0.2195,0.0,0.0,,0.0039,0.2414
psr-small-p17-s30-n2-l5-f50,0,True,0,0,5,12,0,10,0,0,0,,,,0,,,2.0,2,2,0.0134,0.0,0.0,0.0048,0.0,0.0,,0.003,0.0214
psr-small-p18-s31-n2-l5-f70,0,True,0,0,5,12,0,10,0,0,0,,,,0,,,2.0,2,2,0.0075,0.0,0.0,0.0015,0.0,0.0,,0.0022,0.0113
psr-small-p19-s33-n3-l2-f30,0,True,1,2,11,28,14,36,16,0,0,,,,0,,,5.0,5,5,0.006,0.0002,0.0,0.0017,0.0,0.0,,0.0018,0.0096
psr-small-p20-s34-n3-l2-f50,0,True,0,0,7,17,0,14,0,0,0,,,,0,,,3.0,3,3,0.0048,0.0,0.0,0.0016,0.0,0.0,,0.0017,0.0082
psr-small-p21-s35-n3-l2-f70,0,True,0,0,8,19,0,16,0,0,0,,,,0,,,3.0,3,3,0.0251,0.0001,0.0,0.0037,0.0,0.0,,0.0019,0.0308
psr-small-p22-s37-n3-l3-f30,0,True,0,0,8,20,6,22,6,0,0,,,,0,,,4.0,4,4,0.0056,0.0001,0.0,0.0016,0.0,0.0,,0.0018,0.0092
psr-small-p23-s38-n3-l3-f50,0,True,0,0,8,19,0,16,0,0,0,,,,0,,,3.0,3,3,0.0047,0.0001,0.0,0.0018,0.0,0.0,,0.0018,0.0084
psr-small-p24-s39-n3-l3-f70,0,True,0,0,8,19,0,16,0,0,0,,,,0,,,3.0,3,3,0.0053,0.0,0.0,0.0016,0.0,0.0,,0.0018,0.0087
psr-small-p25-s40-n3-l4-f10,0,True,2,3,5,14,3,13,3,0,0,,,,0,,,2.0,2,2,0.0728,0.032,0.0,0.0036,0.0,0.0,,0.0042,0.1135
psr-small-p26-s41-n3-l4-f30,0,True,0,0,7,17,0,14,0,0,0,,,,0,,,3.0,3,3,0.0077,0.0,0.0,0.0015,0.0,0.0,,0.0017,0.0111
psr-small-p27-s42-n3-l4-f50,0,True,0,0,7,17,0,14,0,0,0,,,,0,,,3.0,3,3,0.0194,0.0001,0.0,0.004,0.0,0.0,,0.0022,0.0257
psr-small-p28-s43-n3-l4-f70,0,True,0,0,8,19,0,16,0,0,0,,,,0,,,3.0,3,3,0.0076,0.0001,0.0,0.0021,0.0,0.0,,0.0018,0.0117
psr-small-p29-s45-n3-l5-f30,0,True,0,0,11,27,12,34,12,0,0,,,,0,,,5.0,5,5,0.0073,0.0002,0.0,0.0014,0.0,0.0,,0.0023,0.0112
psr-small-p30-s46-n3-l5-f50,0,True,0,0,7,17,0,14,0,0,0,,,,0,,,3.0,3,3,0.0055,0.0001,0.0,0.0017,0.0,0.0,,0.0017,0.0091
psr-small-p31-s49-n4-l2-f30,0,True,1,2,9,23,6,24,6,0,0,,,,0,,,4.0,4,4,0.0107,0.0006,0.0,0.003,0.0,0.0,,0.002,0.0164
psr-small-p32-s50-n4-l2-f50,0,True,0,0,10,24,0,20,0,0,0,,,,0,,,4.0,4,4,0.0217,0.0001,0.0,0.0034,0.0,0.0,,0.0021,0.0272
psr-small-p33-s51-n4-l2-f70,0,True,1,2,9,23,6,24,6,0,0,,,,0,,,4.0,4,4,0.0231,0.0001,0.0,0.01,0.0,0.0,,0.0046,0.0378
psr-small-p34-s55-n4-l3-f70,0,True,0,0,10,24,0,20,0,0,0,,,,0,,,4.0,4,4,0.0088,0.0001,0.0,0.0078,0.0,0.0,,0.0019,0.0187
psr-small-p35-s57-n5-l2-f30,0,True,1,2,9,23,6,24,6,0,0,,,,0,,,4.0,4,4,0.028,0.0001,0.0,0.0033,0.0,0.0,,0.002,0.0334
psr-small-p36-s65-n6-l2-f30,0,True,1,2,14,35,20,48,22,0,0,,,,0,,,6.0,6,6,0.0159,0.0003,0.0,0.0029,0.0,0.0,,0.0023,0.0215
psr-small-p37-s67-n6-l2-f70,0,True,0,0,15,36,10,40,10,0,0,,,,0,,,6.0,6,6,0.0061,0.0001,0.0,0.0015,0.0,0.0,,0.0018,0.0095
psr-small-p38-s78-n3-l3-f50,0,True,0,0,7,17,4,18,4,0,0,,,,0,,,3.0,3,3,0.0106,0.0001,0.0,0.0017,0.0,0.0,,0.0018,0.0142
psr-small-p39-s79-n3-l3-f70,0,True,0,0,7,17,0,14,0,0,0,,,,0,,,3.0,3,3,0.016,0.0001,0.0,0.0032,0.0,0.0,,0.0034,0.0227
psr-small-p40-s80-n3-l4-f10,0,True,1,2,6,16,4,16,4,0,0,,,,0,,,3.0,3,3,0.0321,0.0007,0.0,0.0028,0.0,0.0,,0.0025,0.0381
psr-small-p41-s81-n3-l4-f30,0,True,0,0,8,19,0,16,0,0,0,,,,0,,,3.0,3,3,0.0054,0.0,0.0,0.0014,0.0,0.0,,0.0017,0.0086
psr-small-p42-s82-n3-l4-f50,0,True,1,2,9,23,6,24,6,0,0,,,,0,,,4.0,4,4,0.016,0.0001,0.0,0.0066,0.0,0.0,,0.0021,0.0249
psr-small-p43-s83-n3-l4-f70,0,True,0,0,10,24,6,26,6,0,0,,,,0,,,4.0,4,4,0.4354,0.0001,0.0,0.0064,0.0,0.0,,0.0025,0.4444
psr-small-p44-s89-n4-l2-f30,0,True,0,0,12,29,12,36,12,0,0,,,,0,,,5.0,5,5,0.0573,0.0001,0.0,0.0041,0.0,0.0,,0.0392,0.1007
psr-small-p45-s94-n4-l3-f50,0,True,0,0,10,24,0,20,0,0,0,,,,0,,,4.0,4,4,0.0048,0.0001,0.0,0.0012,0.0,0.0,,0.0017,0.0078
psr-small-p46-s97-n5-l2-f30,0,True,1,2,10,26,8,28,8,0,0,,,,0,,,5.0,5,5,0.0068,0.0001,0.0,0.002,0.0,0.0,,0.0019,0.0109
psr-small-p47-s98-n5-l2-f50,0,True,0,0,9,22,0,18,0,0,0,,,,0,,,4.0,4,4,0.0104,0.0001,0.0,0.0024,0.0,0.0,,0.0025,0.0154
psr-small-p48-s101-n5-l3-f30,0,True,0,0,11,27,8,30,8,0,0,,,,0,,,5.0,5,5,0.0061,0.0002,0.0,0.0016,0.0,0.0,,0.0018,0.0098
psr-small-p49-s105-n6-l2-f30,0,True,0,0,15,37,20,50,20,0,0,,,,0,,,7.0,7,7,0.0063,0.0002,0.0,0.0023,0.0,0.0,,0.0019,0.0107
psr-small-p50-s107-n6-l2-f70,0,True,0,0,16,38,0,32,0,0,0,,,,0,,,6.0,6,6,0.0069,0.0001,0.0,0.0016,0.0,0.0,,0.0018,0.0104
rovers-p01,0,True,1,7,12,33,9,31,9,0,0,,,,0,,,9.0,9,9,0.005,0.0001,0.0,0.0013,0.0,0.0,,0.0018,0.0081
rovers-p02,0,True,3,8,12,33,4,27,4,0,0,,,,0,,,7.0,7,7,0.4869,0.0,0.0,0.0027,0.0,0.0,,0.002,0.4917
rovers-p03,0,True,5,12,16,44,14,44,15,0,0,,,,0,,,9.0,9,9,0.0832,0.0001,0.0,0.0037,0.0,0.0,,0.0027,0.0897
rovers-p04,0,True,5,13,16,43,14,43,16,0,0,,,,0,,,8.0,8,8,0.0051,0.0001,0.0,0.0014,0.0,0.0,,0.0019,0.0085
rovers-p05,0,True,11,24,34,91,27,87,27,0,0,,,,0,,,18.0,18,18,0.0057,0.0002,0.0,0.0016,0.0,0.0,,0.0039,0.0113
rovers-p06,0,True,9,28,45,119,41,121,44,0,0,,,,0,,,27.0,27,27,0.0277,0.0003,0.0001,0.0039,0.0,0.0,,0.004,0.036
rovers-p07,0,True,29,47,47,129,47,124,54,0,0,,,,0,,,15.0,15,15,0.0062,0.0002,0.0001,0.0017,0.0,0.0,,0.005,0.0132
rovers-p08,0,True,46,71,71,196,68,189,75,0,0,,,,0,,,21.0,21,21,0.0069,0.0005,0.0001,0.0017,0.0,0.0,,0.0067,0.016
rovers-p09,0,True,39,76,85,222,90,223,112,0,0,,,,0,,,24.0,24,24,0.0071,0.0006,0.0001,0.002,0.0,0.0,,0.005,0.0149
rovers-p10,0,True,56,91,91,249,110,253,129,0,0,,,,0,,,26.0,26,26,0.0222,0.0008,0.0002,0.0036,0.0,0.0,,0.0059,0.0326
rovers-p11,0,True,46,85,98,252,97,253,118,0,0,,,,0,,,24.0,24,24,0.0068,0.0007,0.0002,0.0019,0.0,0.0,,0.0077,0.0174
rovers-p12,0,True,41,87,87,221,79,212,111,0,0,,,,0,,,16.0,16,16,0.0099,0.0005,0.0001,0.0021,0.0,0.0,,0.0042,0.0169
rovers-p13,0,True,68,117,117,314,150,319,182,0,0,,,,0,,,32.0,32,32,0.0099,0.0012,0.0002,0.0028,0.0,0.0,,0.0073,0.0215
rovers-p14,0,True,47,92,101,259,104,256,131,0,0,,,,0,,,22.0,22,22,0.0334,0.0008,0.0001,0.0115,0.0,0.0,,0.3366,0.3826
rovers-p15,0,True,54,80,88,244,66,222,66,0,0,,,,0,,,29.0,29,29,0.0074,0.0011,0.0002,0.0016,0.0,0.0,,0.0044,0.0148
rovers-p16,0,True,67,129,129,336,157,344,211,0,0,,,,0,,,30.0,30,30,0.0159,0.0011,0.0003,0.0062,0.0,0.0,,0.007,0.0305
rovers-p17,0,True,106,197,207,538,236,542,315,0,0,,,,0,,,36.0,36,36,0.0194,0.0029,0.0006,0.0045,0.0,0.0,,0.0081,0.0356
rovers-p18,0,True,151,239,239,640,270,632,333,0,0,,,,0,,,31.0,31,31,0.0131,0.0051,0.0007,0.0023,0.0,0.0,,0.0077,0.029
rovers-p19,0,True,186,458,458,1119,544,1127,774,0,0,,,,0,,,45.0,46,45,0.0179,0.009,0.0017,0.0041,0.0,0.0,,0.0148,0.0477
rovers-p20,0,True,258,512,512,1302,617,1302,842,0,0,,,,0,,,58.0,59,58,0.0383,0.0173,0.0029,0.0109,0.0,0.0,,0.0166,0.0862
rovers-p21,0,True,275,499,499,1287,565,1280,760,0,0,,,,0,,,41.0,42,41,0.0546,0.0221,0.0017,0.0046,0.0,0.0,,0.0136,0.0969
rovers-p22,0,True,278,595,595,1484,701,1514,976,0,0,,,,0,,,46.0,46,46,0.0273,0.021,0.002,0.0045,0.0,0.0,,0.0154,0.0706
rovers-p23,0,True,341,875,875,2110,1113,2160,1698,0,0,,,,0,,,53.0,54,53,0.0366,0.0339,0.0038,0.0058,0.0,0.0,,0.0482,0.1287
rovers-p24,0,True,387,777,777,1962,957,1998,1269,0,0,,,,0,,,65.0,66,65,0.0418,0.0326,0.006,0.0072,0.0,0.0,,0.0193,0.1074
rovers-p25,0,True,302,433,433,1178,447,1138,526,0,0,,,,0,,,25.0,25,25,0.0303,0.021,0.0013,0.0066,0.0,0.0,,0.0094,0.0689
rovers-p26,0,True,349,610,610,1583,757,1584,973,0,0,,,,0,,,40.0,42,40,0.0213,0.0209,0.0027,0.0043,0.0,0.0,,0.0156,0.065
rovers-p27,0,True,359,713,713,1805,903,1849,1251,0,0,,,,0,,,59.0,59,59,0.0425,0.0277,0.0045,0.0047,0.0,0.0,,0.019,0.0987
rovers-p28,0,True,432,775,775,2001,956,2017,1280,0,0,,,,0,,,52.0,53,52,0.0538,0.0573,0.0044,0.007,0.0,0.0,,0.0199,0.1429
rovers-p29,0,True,489,950,950,2405,1063,2378,1449,0,0,,,,0,,,43.0,45,43,0.0618,0.0749,0.0046,0.0089,0.0,0.0,,0.0458,0.1968
rovers-p30,0,True,649,1643,1643,3960,1973,3985,2974,0,0,,,,0,,,70.0,71,70,0.074,0.103,0.0116,0.0115,0.0,0.0,,0.0613,0.2621
rovers-p31,0,True,608,1484,1484,3600,1846,3643,2761,0,0,,,,0,,,69.0,71,69,0.0699,0.0848,0.011,0.0099,0.0,0.0,,0.0594,0.2355
rovers-p32,0,True,824,1948,1948,4755,2440,4818,3560,0,0,,,,0,,,100.0,102,100,0.1205,0.1912,0.0255,0.0189,0.0,0.0,,0.0565,0.4141
rovers-p33,0,True,940,2195,2195,5374,2964,5561,4126,0,0,,,,0,,,126.0,129,126,0.1592,0.2316,0.0379,0.0271,0.0,0.0,,0.1366,0.5938
rovers-p34,0,True,857,2324,2324,5537,2906,5545,4467,0,0,,,,0,,,87.0,91,87,0.1547,0.2186,0.024,0.0187,0.0,0.0,,0.0658,0.4832
rovers-p35,0,True,1157,2890,2890,7000,3996,7306,5610,0,0,,,,0,,,176.0,182,176,0.2587,0.4017,0.0837,0.0426,0.0,0.0,,0.0838,0.873
rovers-p36,0,True,1147,3460,3460,8108,4323,8296,6546,0,0,,,,0,,,115.0,125,115,0.2052,0.3313,0.0482,0.0363,0.0,0.0,,0.0958,0.7183
rovers-p37,0,True,1584,5082,5082,11806,6679,12148,10132,0,0,,,,0,,,163.0,172,163,0.53,0.7348,0.1127,0.0679,0.0,0.0,,0.3017,1.7511
rovers-p38,0,True,1589,5449,5449,12542,7092,12927,10922,0,0,,,,0,,,146.0,150,146,0.5174,0.955,0.0972,0.0728,0.0,0.0,,0.347,1.9937
rovers-p39,0,True,1528,5046,5046,11683,5996,11663,9933,0,0,,,,0,,,190.0,198,190,0.3935,0.8194,0.1416,0.0637,0.0,0.0,,0.2853,1.7082
rovers-p40,0,True,1873,6139,6139,14220,8092,14447,12532,0,0,,,,0,,,186.0,193,186,0.5789,1.3056,0.1839,0.0932,0.0,0.0,,0.3677,2.5338
satellite-p01-pfile1,0,True,3,7,11,33,10,32,10,0,0,,,,0,,,8.0,8,8,0.0059,0.0001,0.0,0.004,0.0,0.0,,0.0018,0.0118
satellite-p02-pfile2,0,True,4,18,20,56,26,62,29,0,0,,,,0,,,12.0,12,12,0.0056,0.0001,0.0,0.0016,0.0,0.0,,0.002,0.0094
satellite-p03-pfile3,0,True,19,29,29,82,30,83,33,0,0,,,,0,,,10.0,11,10,0.0066,0.0002,0.0,0.0023,0.0,0.0,,0.005,0.0142
satellite-p04-pfile4,0,True,19,40,42,114,49,123,57,0,0,,,,0,,,17.0,17,17,0.0169,0.0003,0.0001,0.0054,0.0,0.0,,0.0058,0.0285
satellite-p05-pfile5,0,True,44,87,87,225,117,255,143,0,0,,,,0,,,14.0,14,14,0.0114,0.0007,0.0001,0.0033,0.0,0.0,,0.007,0.0226
satellite-p06-pfile6,0,True,36,54,60,165,54,162,61,0,0,,,,0,,,18.0,18,18,0.0057,0.0007,0.0001,0.0015,0.0,0.0,,0.0059,0.0139
satellite-p07-pfile7,0,True,58,95,95,257,108,270,135,0,0,,,,0,,,20.0,20,20,0.014,0.0013,0.0002,0.0021,0.0,0.0,,0.0061,0.0237
satellite-p08-pfile8,0,True,76,130,130,346,160,376,193,0,0,,,,0,,,24.0,24,24,0.0186,0.0024,0.0004,0.0032,0.0,0.0,,0.0098,0.0345
satellite-p09-pfile9,0,True,89,144,144,390,159,405,187,0,0,,,,0,,,26.0,28,26,0.0176,0.0033,0.0005,0.0037,0.0,0.0,,0.0084,0.0336
satellite-p10-pfile10,0,True,101,154,154,421,166,433,191,0,0,,,,0,,,29.0,29,29,0.0116,0.0043,0.0007,0.003,0.0,0.0,,0.0066,0.0264
satellite-p11-pfile11,0,True,110,152,152,428,124,400,150,0,0,,,,0,,,31.0,31,31,0.0296,0.0063,0.0009,0.003,0.0,0.0,,0.0065,0.0464
satellite-p12-pfile12,0,True,133,207,215,588,211,586,258,0,0,,,,0,,,42.0,42,42,0.0239,0.0127,0.0017,0.0031,0.0,0.0,,0.0088,0.0504
satellite-p13-pfile13,0,True,160,247,247,681,244,678,278,0,0,,,,0,,,55.0,55,55,0.0205,0.0223,0.0029,0.0022,0.0,0.0,,0.0085,0.0569
satellite-p14-pfile14,0,True,165,256,256,696,268,708,317,0,0,,,,0,,,39.0,39,39,0.0206,0.0162,0.0021,0.0031,0.0,0.0,,0.0079,0.0502
satellite-p15-pfile15,0,True,225,332,332,912,324,904,386,0,0,,,,0,,,44.0,44,44,0.0252,0.0304,0.004,0.0028,0.0,0.0,,0.0092,0.072
satellite-p16-pfile16,0,True,282,467,467,1239,523,1295,653,0,0,,,,0,,,45.0,45,45,0.471,0.0438,0.006,0.1068,0.0,0.0,,0.1458,0.7737
satellite-p17-pfile17,0,True,333,471,471,1295,422,1246,495,0,0,,,,0,,,41.0,44,41,0.0496,0.0611,0.0075,0.0067,0.0,0.0,,0.0141,0.1398
satellite-p18-pfile18,0,True,144,199,199,555,172,528,198,0,0,,,,0,,,31.0,31,31,0.5642,0.0125,0.0013,0.0036,0.0,0.0,,0.0077,0.5895
satellite-p19-pfile19,0,True,169,333,333,863,465,995,599,0,0,,,,0,,,58.0,60,58,0.0196,0.0153,0.003,0.0032,0.0,0.0,,0.0291,0.0704
satellite-p20-pfile20,0,True,176,374,374,964,587,1176,693,0,0,,,,0,,,74.0,83,74,0.0187,0.0162,0.0051,0.003,0.0,0.0,,0.0132,0.0564
satellite-p21-HC-pfile1,0,True,229,512,512,1290,749,1527,899,0,0,,,,0,,,72.0,73,72,0.0428,0.0658,0.0074,0.0048,0.0,0.0,,0.0177,0.1392
satellite-p22-HC-pfile2,0,True,278,555,555,1433,743,1621,868,0,0,,,,0,,,89.0,89,89,0.0665,0.1339,0.0117,0.0072,0.0,0.0,,0.0145,0.2347
satellite-p23-HC-pfile3,0,True,396,920,920,2287,1361,2728,1636,0,0,,,,0,,,99.0,99,99,0.1113,0.2473,0.0248,0.0056,0.0,0.0,,0.0273,0.4177
satellite-p24-HC-pfile4,0,True,530,1302,1302,3204,2022,3924,2395,0,0,,,,0,,,137.0,137,137,0.2724,0.7267,0.0598,0.0101,0.0,0.0,,0.0453,1.1203
satellite-p25-HC-pfile5,0,True,606,1470,1470,3610,2227,4367,2667,0,0,,,,0,,,125.0,126,125,0.2792,0.9579,0.069,0.0094,0.0,0.0,,0.0546,1.3774
satellite-p26-HC-pfile6,0,True,620,1325,1325,3338,1865,3878,2212,0,0,,,,0,,,134.0,135,134,0.531,0.9851,0.0801,0.0127,0.0,0.0,,0.0404,1.6567
satellite-p27-HC-pfile7,0,True,773,1276,1276,3390,1401,3515,1556,0,0,,,,0,,,134.0,134,134,0.4241,1.5776,0.1089,0.0092,0.0,0.0,,0.0265,2.1498
satellite-p28-HC-pfile8,0,True,1087,2219,2219,5619,2987,6387,3575,0,0,,,,0,,,191.0,191,191,1.065,4.9775,0.3043,0.0196,0.0,0.0,,0.1015,6.485
satellite-p29-HC-pfile9,0,True,1610,2485,2485,6673,2400,6588,2710,0,0,,,,0,,,185.0,185,185,2.0751,11.2166,0.6091,0.0276,0.0,0.0,,0.0635,14.0196
satellite-p30-HC-pfile10,0,True,1916,3126,3126,8282,3340,8496,3805,0,0,,,,0,,,226.0,228,226,3.4034,22.0839,1.0974,0.0387,0.0,0.0,,0.084,26.7495
satellite-p31-HC-pfile11,0,True,2367,4200,4200,10900,4985,11685,5719,0,0,,,,0,,,267.0,268,267,6.2674,44.9856,1.8727,0.0677,0.0,0.0,,0.1966,53.4614
satellite-p32-HC-pfile12,0,True,3116,5113,5113,13524,5527,13938,6179,0,0,,,,0,,,364.0,364,364,14.9132,130.0034,4.2493,0.1169,0.0,0.0,,0.1534,149.5599
satellite-p33-HC-pfile13,0,True,3875,6936,6936,17978,8170,19212,9393,0,0,,,,0,,,460.0,461,460,26.7009,288.6842,8.3841,0.1716,0.0,0.0,,0.1978,324.3398
satellite-p34-HC-pfile14,0,True,1033,1470,1470,4114,1261,3905,1324,0,0,,,,0,,,285.0,286,285,2.2293,15.0535,0.416,0.0254,0.0,0.0,,0.0377,17.7925
satellite-p35-HC-pfile15,0,True,1661,3056,3056,7960,3774,8678,4286,0,0,,,,0,,,374.0,374,374,4.8361,37.1607,1.3574,0.0426,0.0,0.0,,0.0814,43.534
satellite-p36-HC-pfile16,0,True,2083,3752,3752,9765,4443,10456,5119,0,0,,,,0,,,356.0,358,356,6.8012,58.2052,2.074,0.7328,0.0,0.0,,0.1173,68.6796
scanalyzer-08-strips-p01,0,False,30,402,987,1425,530,1299,3522,0,0,,,,0,,,18.0,18,18,0.0079,0.0016,0.0003,0.0047,0.0,0.0,,0.0686,0.0831
scanalyzer-08-strips-p02,0,False,25,269,596,901,466,864,2942,0,0,,,,0,,,20.0,20,20,0.0097,0.0011,0.0002,0.0049,0.0,0.0,,0.1232,0.1391
scanalyzer-08-strips-p03,0,False,20,215,450,701,410,704,2282,0,0,,,,0,,,22.0,25,22,0.0073,0.0008,0.0002,0.0048,0.0,0.0,,0.0452,0.0583
scanalyzer-08-strips-p04,0,False,56,1436,3548,5048,1687,4352,17589,0,0,,,,0,,,24.0,24,24,0.0149,0.0084,0.0016,0.0169,0.0,0.0,,0.2388,0.2809
scanalyzer-08-strips-p05,0,False,49,891,1947,2902,1397,2616,13030,0,0,,,,0,,,27.0,27,27,0.0093,0.0051,0.0009,0.01,0.0,0.0,,0.517,0.5423
scanalyzer-08-strips-p06,0,False,42,738,1518,2320,1370,2160,12298,0,0,,,,0,,,30.0,33,30,0.0105,0.0042,0.0008,0.0092,0.0,0.0,,0.212,0.2367
scanalyzer-08-strips-p07,0,False,90,3770,9345,13215,4140,10995,61420,0,0,,,,0,,,30.0,30,30,0.0221,0.0358,0.006,0.0397,0.0,0.0,,2.5004,2.6044
scanalyzer-08-strips-p08,0,False,81,2239,4834,7173,3630,6180,52370,0,0,,,,0,,,34.0,34,34,0.0156,0.0197,0.0038,0.0311,0.0,0.0,,3.0145,3.0849
scanalyzer-08-strips-p09,0,False,72,1907,3886,5893,3762,5188,55242,0,0,,,,0,,,38.0,41,38,0.0141,0.016,0.0033,0.032,0.0,0.0,,0.7211,0.7867
scanalyzer-08-strips-p10,0,False,132,8202,20370,28716,8653,23316,179336,0,0,,,,0,,,36.0,36,36,0.0424,0.1299,0.019,0.1073,0.0,0.0,,5.001,5.3003
scanalyzer-08-strips-p11,0,False,121,4733,10121,14998,8061,12492,174734,0,0,,,,0,,,41.0,41,41,0.0281,0.0662,0.0114,0.0997,0.0,0.0,,16.6663,16.8721
scanalyzer-08-strips-p12,0,False,110,4118,8346,12608,7388,10652,142274,0,0,,,,0,,,46.0,49,46,0.0266,0.0536,0.0109,0.0803,0.0,0.0,,3.965,4.1367
scanalyzer-08-strips-p13,0,False,182,15722,39095,55013,15623,43883,421085,0,0,,,,0,,,42.0,42,42,0.0987,0.3908,0.0474,0.2578,0.0,0.0,,17.3485,18.1444
scanalyzer-08-strips-p14,0,False,169,8889,18864,27949,14098,22680,374578,0,0,,,,0,,,48.0,48,48,0.0688,0.187,0.0289,0.2147,0.0,0.0,,84.1567,84.6568
scanalyzer-08-strips-p15,0,False,156,7863,15882,23941,14454,19608,397742,0,0,,,,0,,,54.0,57,54,0.0415,0.1449,0.0281,0.2281,0.0,0.0,,8.1188,8.5621
scanalyzer-08-strips-p16,0,False,240,27512,68472,96240,26586,75744,916297,0,0,,,,0,,,48.0,48,48,0.467,1.025,0.1076,0.6208,0.0,0.0,,31.3514,33.5739
scanalyzer-08-strips-p17,2,False,225,15319,32311,47886,27679,38064,1129150,0,0,,,,270,,,48.0,55,55,0.0816,0.4698,0.0628,0.6383,0.0,0.0,,900.3239,901.5777
scanalyzer-08-strips-p18,0,False,210,13730,27670,41656,23702,33304,797282,0,0,,,,0,,,62.0,65,62,0.1518,0.3507,0.0621,0.4481,0.0,0.0,,25.032,26.0459
scanalyzer-08-strips-p19,0,False,306,44946,111933,157203,45465,122427,2127932,0,0,,,,0,,,54.0,54,54,0.5146,2.4708,0.265,1.3312,0.0,0.0,,157.8104,162.3953
scanalyzer-08-strips-p20,2,False,289,24731,51902,76957,46468,60156,2544684,0,0,,,,0,,,54.0,62,62,0.1599,1.0726,0.1382,1.4809,0.0,0.0,,898.2083,901.0618
scanalyzer-08-strips-p21,0,False,272,22403,45078,67805,44640,53180,2271556,0,0,,,,0,,,70.0,73,70,0.1421,0.7936,0.1306,1.3055,0.0,0.0,,43.9387,46.3121
scanalyzer-08-strips-p22,0,False,3,132,268,416,90,371,886,0,0,,,,0,,,12.0,12,12,0.0085,0.0008,0.0001,0.0025,0.0,0.0,,0.0161,0.0282
scanalyzer-08-strips-p23,0,False,3,132,268,416,90,371,886,0,0,,,,0,,,12.0,12,12,0.0105,0.0008,0.0001,0.0039,0.0,0.0,,0.019,0.0345
scanalyzer-08-strips-p24,0,False,3,132,268,416,90,371,886,0,0,,,,0,,,12.0,12,12,0.0075,0.0008,0.0001,0.0037,0.0,0.0,,0.0165,0.0287
scanalyzer-08-strips-p25,0,False,48,13758,52156,65978,2834,54138,218209,0,0,,,,0,,,24.0,24,24,0.1394,0.8466,0.1972,0.1358,0.0,0.0,,28.7588,30.0807
scanalyzer-08-strips-p26,2,False,42,9578,35655,45297,2562,37474,155187,0,0,,,,4,,,25.0,27,26,0.1314,0.4766,0.1784,0.0953,0.0,0.0,,899.1498,900.0337
scanalyzer-08-strips-p27,2,False,31,7336,27177,34577,2485,28907,124867,0,0,,,,1,,,28.0,30,30,0.0873,0.3429,0.22,0.0739,0.0,0.0,,899.3093,900.0352
scanalyzer-08-strips-p28,2,False,120,203937,833055,1037136,15294,842629,3547486,0,0,,,,0,,,0.0,36,36,1.527,103.6412,11.7346,2.5966,0.0,0.0,,805.9755,925.5202
scanalyzer-08-strips-p29,2,False,110,126782,497543,624469,15898,506355,2411556,0,0,,,,0,,,0.0,40,40,1.0208,45.3781,7.5546,1.6851,0.0,0.0,,851.0476,906.7152
scanalyzer-08-strips-p30,2,False,91,99320,383329,482793,13271,391720,1800739,0,0,,,,0,,,0.0,52,52,0.9352,31.3495,11.7295,1.2334,0.0,0.0,,859.3704,904.6407
scanalyzer-opt11-strips-p01,0,False,3,132,268,416,90,371,886,0,0,,,,0,,,12.0,12,12,0.0088,0.0008,0.0001,0.004,0.0,0.0,,0.0167,0.0305
scanalyzer-opt11-strips-p02,0,False,25,269,596,901,466,864,2942,0,0,,,,0,,,20.0,20,20,0.0197,0.0011,0.0002,0.0045,0.0,0.0,,0.1235,0.149
scanalyzer-opt11-strips-p03,0,False,20,215,450,701,410,704,2282,0,0,,,,0,,,22.0,25,22,0.0261,0.0008,0.0002,0.0033,0.0,0.0,,0.0449,0.0754
scanalyzer-opt11-strips-p04,0,False,56,1436,3548,5048,1687,4352,17589,0,0,,,,0,,,24.0,24,24,0.0128,0.0084,0.0015,0.0127,0.0,0.0,,0.237,0.2725
scanalyzer-opt11-strips-p05,0,False,90,3770,9345,13215,4140,10995,61420,0,0,,,,0,,,30.0,30,30,0.0233,0.0358,0.0064,0.039,0.0,0.0,,2.4924,2.5973
scanalyzer-opt11-strips-p06,0,False,49,891,1947,2902,1397,2616,13030,0,0,,,,0,,,27.0,27,27,0.038,0.0051,0.0009,0.0097,0.0,0.0,,0.517,0.5707
scanalyzer-opt11-strips-p07,0,False,306,44946,111933,157203,45465,122427,2127932,0,0,,,,0,,,54.0,54,54,0.2942,2.4644,0.2562,1.3047,0.0,0.0,,157.798,162.1208
scanalyzer-opt11-strips-p08,0,False,132,8202,20370,28716,8653,23316,179336,0,0,,,,0,,,36.0,36,36,0.0429,0.131,0.019,0.1093,0.0,0.0,,5.0249,5.3278
scanalyzer-opt11-strips-p09,0,False,182,15722,39095,55013,15623,43883,421085,0,0,,,,0,,,42.0,42,42,0.0821,0.3914,0.0474,0.2591,0.0,0.0,,17.345,18.1263
scanalyzer-opt11-strips-p10,0,False,240,27512,68472,96240,26586,75744,916297,0,0,,,,0,,,48.0,48,48,0.1667,1.0331,0.1075,0.5675,0.0,0.0,,31.3625,33.2394
scanalyzer-opt11-strips-p11,0,False,48,13758,52156,65978,2834,54138,218209,0,0,,,,0,,,24.0,24,24,0.1386,0.8323,0.2146,0.137,0.0,0.0,,28.8933,30.2188
scanalyzer-opt11-strips-p12,0,False,42,738,1518,2320,1370,2160,12298,0,0,,,,0,,,30.0,33,30,0.0093,0.0042,0.0008,0.0086,0.0,0.0,,0.211,0.2339
scanalyzer-opt11-strips-p13,2,False,31,7336,27177,34577,2485,28907,124867,0,0,,,,1,,,28.0,30,30,0.1423,0.3455,0.2226,0.0789,0.0,0.0,,899.2657,900.0634
scanalyzer-opt11-strips-p14,2,False,42,9578,35655,45297,2562,37474,155187,0,0,,,,4,,,25.0,27,26,0.1141,0.4745,0.19,0.0957,0.0,0.0,,899.1551,900.0316
scanalyzer-opt11-strips-p15,0,False,81,2239,4834,7173,3630,6180,52370,0,0,,,,0,,,34.0,34,34,0.0157,0.0195,0.0038,0.0324,0.0,0.0,,3.0169,3.0885
scanalyzer-opt11-strips-p16,0,False,121,4733,10121,14998,8061,12492,174734,0,0,,,,0,,,41.0,41,41,0.0578,0.0647,0.0108,0.1031,0.0,0.0,,16.3618,16.5986
scanalyzer-opt11-strips-p17,0,False,169,8889,18864,27949,14098,22680,374578,0,0,,,,0,,,48.0,48,48,0.0507,0.1868,0.0275,0.2127,0.0,0.0,,84.7295,85.208
scanalyzer-opt11-strips-p18,2,False,225,15319,32311,47886,27679,38064,1129150,0,0,,,,265,,,48.0,55,55,0.0808,0.4694,0.0646,0.6397,0.0,0.0,,898.9712,900.227
scanalyzer-opt11-strips-p19,2,False,289,24731,51902,76957,46468,60156,2544684,0,0,,,,0,,,54.0,62,62,0.1516,1.0795,0.1381,1.4793,0.0,0.0,,898.1923,901.0427
scanalyzer-opt11-strips-p20,2,False,120,203937,833055,1037136,15294,842629,3547486,0,0,,,,0,,,0.0,36,36,1.88,103.4267,12.1133,2.6418,0.0,0.0,,803.3689,923.4759
scanalyzer-sat11-strips-p01,0,False,48,13758,52156,65978,2834,54138,218209,0,0,,,,0,,,24.0,24,24,0.1494,0.8361,0.1974,0.1365,0.0,0.0,,28.7658,30.0882
scanalyzer-sat11-strips-p02,0,False,132,8202,20370,28716,8653,23316,179336,0,0,,,,0,,,36.0,36,36,0.0404,0.1291,0.019,0.1085,0.0,0.0,,4.9971,5.2949
scanalyzer-sat11-strips-p03,0,False,42,738,1518,2320,1370,2160,12298,0,0,,,,0,,,30.0,33,30,0.0266,0.0042,0.0008,0.0098,0.0,0.0,,0.2131,0.2547
scanalyzer-sat11-strips-p04,0,False,72,1907,3886,5893,3762,5188,55242,0,0,,,,0,,,38.0,41,38,0.0358,0.0161,0.0034,0.0328,0.0,0.0,,0.722,0.8102
scanalyzer-sat11-strips-p05,0,False,182,15722,39095,55013,15623,43883,421085,0,0,,,,0,,,42.0,42,42,0.0954,0.3905,0.0458,0.2581,0.0,0.0,,17.4118,18.2029
scanalyzer-sat11-strips-p06,2,False,42,9578,35655,45297,2562,37474,155187,0,0,,,,4,,,25.0,27,26,0.1211,0.4745,0.2006,0.095,0.0,0.0,,899.1372,900.0306
scanalyzer-sat11-strips-p07,0,False,240,27512,68472,96240,26586,75744,916297,0,0,,,,0,,,48.0,48,48,0.1388,1.0249,0.1069,0.5667,0.0,0.0,,31.3226,33.162
scanalyzer-sat11-strips-p08,2,False,31,7336,27177,34577,2485,28907,124867,0,0,,,,1,,,28.0,30,30,0.0902,0.343,0.2019,0.0726,0.0,0.0,,899.3243,900.0336
scanalyzer-sat11-strips-p09,0,False,110,4118,8346,12608,7388,10652,142274,0,0,,,,0,,,46.0,49,46,0.0233,0.0529,0.0109,0.0804,0.0,0.0,,2.0159,2.1837
scanalyzer-sat11-strips-p10,0,False,169,8889,18864,27949,14098,22680,374578,0,0,,,,0,,,48.0,48,48,0.0473,0.1864,0.0275,0.2129,0.0,0.0,,84.3394,84.8142
scanalyzer-sat11-strips-p11,0,False,156,7863,15882,23941,14454,19608,397742,0,0,,,,0,,,54.0,57,54,0.0431,0.1448,0.0292,0.2289,0.0,0.0,,8.166,8.6126
scanalyzer-sat11-strips-p12,0,False,121,4733,10121,14998,8061,12492,174734,0,0,,,,0,,,41.0,41,41,0.0293,0.0649,0.0109,0.1,0.0,0.0,,16.4896,16.6949
scanalyzer-sat11-strips-p13,0,False,81,2239,4834,7173,3630,6180,52370,0,0,,,,0,,,34.0,34,34,0.0153,0.0195,0.0035,0.0314,0.0,0.0,,3.0096,3.0796
scanalyzer-sat11-strips-p14,2,False,225,15319,32311,47886,27679,38064,1129150,0,0,,,,272,,,48.0,55,55,0.0826,0.4703,0.0638,0.6437,0.0,0.0,,899.7826,901.0442
scanalyzer-sat11-strips-p15,0,False,210,13730,27670,41656,23702,33304,797282,0,0,,,,0,,,62.0,65,62,0.0751,0.3536,0.0599,0.448,0.0,0.0,,24.9591,25.8966
scanalyzer-sat11-strips-p16,2,False,289,24731,51902,76957,46468,60156,2544684,0,0,,,,0,,,54.0,62,62,0.2184,1.0696,0.1196,1.463,0.0,0.0,,898.3065,901.1789
scanalyzer-sat11-strips-p17,0,False,272,22403,45078,67805,44640,53180,2271556,0,0,,,,0,,,70.0,73,70,0.1254,0.7946,0.1198,1.2896,0.0,0.0,,43.8908,46.2218
scanalyzer-sat11-strips-p18,2,False,120,203937,833055,1037136,15294,842629,3547486,0,0,,,,0,,,0.0,36,36,1.8428,102.7178,11.8769,2.5816,0.0,0.0,,207.7591,326.8242
scanalyzer-sat11-strips-p19,2,False,110,126782,497543,624469,15898,506355,2411556,0,0,,,,0,,,0.0,40,40,2.3233,45.9148,7.5766,1.6771,0.0,0.0,,850.0372,907.5581
scanalyzer-sat11-strips-p20,2,False,91,99320,383329,482793,13271,391720,1800739,0,0,,,,0,,,0.0,52,52,0.8208,32.371,11.9065,1.2452,0.0,0.0,,857.8685,904.235
schedule-probschedule-10-0,0,True,0,8,32,61,0,51,0,0,0,,,,0,,,10.0,10,10,0.3446,0.0003,0.0,0.0079,0.0,0.0,,0.0048,0.3577
schedule-probschedule-10-1,0,True,4,11,41,74,0,62,0,0,0,,,,0,,,8.0,8,8,0.0131,0.0003,0.0,0.0035,0.0,0.0,,0.0029,0.0198
schedule-probschedule-10-2,0,True,0,7,33,62,0,52,0,0,0,,,,0,,,10.0,10,10,0.0066,0.0003,0.0,0.0021,0.0,0.0,,0.0018,0.0109
schedule-probschedule-11-0,0,True,0,6,38,71,0,60,0,0,0,,,,0,,,11.0,11,11,0.021,0.0003,0.0,0.0031,0.0,0.0,,0.002,0.0265
schedule-probschedule-11-1,0,True,2,9,43,80,0,67,0,0,0,,,,0,,,11.0,11,11,0.0089,0.0004,0.0,0.0026,0.0,0.0,,0.0024,0.0143
schedule-probschedule-11-2,0,True,0,9,35,69,0,58,0,0,0,,,,0,,,11.0,11,11,0.0155,0.0003,0.0,0.0026,0.0,0.0,,0.0026,0.0211
schedule-probschedule-12-0,0,True,1,10,42,79,0,66,0,0,0,,,,0,,,12.0,12,12,0.0099,0.0004,0.0,0.0026,0.0,0.0,,0.0037,0.0167
schedule-probschedule-12-1,0,True,4,13,51,94,0,78,0,0,0,,,,0,,,12.0,12,12,0.0063,0.0004,0.0,0.0013,0.0,0.0,,0.0019,0.01
schedule-probschedule-12-2,0,True,3,13,47,89,0,74,0,0,0,,,,0,,,12.0,12,12,0.0086,0.0004,0.0,0.0036,0.0,0.0,,0.0026,0.0153
schedule-probschedule-13-0,0,True,3,13,51,97,0,81,0,0,0,,,,0,,,13.0,13,13,0.0079,0.0005,0.0,0.0027,0.0,0.0,,0.0025,0.0136
schedule-probschedule-13-1,0,True,3,11,53,98,0,82,0,0,0,,,,0,,,13.0,13,13,0.0065,0.0004,0.0,0.0014,0.0,0.0,,0.0019,0.0103
schedule-probschedule-13-2,0,True,3,14,50,95,0,79,0,0,0,,,,0,,,13.0,13,13,0.0352,0.0005,0.0,0.0089,0.0,0.0,,0.0031,0.0478
schedule-probschedule-14-0,0,True,1,14,46,87,0,72,0,0,0,,,,0,,,14.0,14,14,0.0165,0.0005,0.0,0.0026,0.0,0.0,,0.003,0.0227
schedule-probschedule-14-1,0,True,2,13,51,96,0,80,0,0,0,,,,0,,,14.0,14,14,0.0099,0.0005,0.0,0.0018,0.0,0.0,,0.002,0.0142
schedule-probschedule-14-2,0,True,1,12,48,92,0,77,0,0,0,,,,0,,,14.0,14,14,0.0077,0.0005,0.0,0.0014,0.0,0.0,,0.0019,0.0115
schedule-probschedule-15-0,0,True,1,12,52,99,0,83,0,0,0,,,,0,,,15.0,15,15,0.0267,0.0005,0.0,0.0037,0.0,0.0,,0.0022,0.0333
schedule-probschedule-15-1,0,True,2,13,53,99,0,83,0,0,0,,,,0,,,14.0,14,14,0.0137,0.0005,0.0,0.0029,0.0,0.0,,0.0029,0.0201
schedule-probschedule-15-2,0,True,2,12,54,101,0,85,0,0,0,,,,0,,,14.0,14,14,0.008,0.0005,0.0,0.0014,0.0,0.0,,0.002,0.012
schedule-probschedule-16-0,0,True,2,13,59,109,0,91,0,0,0,,,,0,,,16.0,16,16,0.009,0.0006,0.0,0.0038,0.0,0.0,,0.0021,0.0155
schedule-probschedule-16-1,0,True,2,12,58,107,0,90,0,0,0,,,,0,,,15.0,15,15,0.0079,0.0006,0.0,0.0017,0.0,0.0,,0.0021,0.0124
schedule-probschedule-16-2,0,True,4,16,62,115,0,96,0,0,0,,,,0,,,15.0,15,15,0.5089,0.0006,0.0,0.521,0.0,0.0,,0.4037,1.4343
schedule-probschedule-17-0,0,True,5,17,67,124,0,104,0,0,0,,,,0,,,15.0,15,15,0.0102,0.0007,0.0,0.0026,0.0,0.0,,0.0027,0.0163
schedule-probschedule-17-1,0,True,2,15,61,116,0,97,0,0,0,,,,0,,,17.0,17,17,0.0101,0.0006,0.0,0.002,0.0,0.0,,0.0021,0.0148
schedule-probschedule-17-2,0,True,0,11,57,106,0,89,0,0,0,,,,0,,,17.0,17,17,0.0157,0.0006,0.0,0.0026,0.0,0.0,,0.0019,0.0208
schedule-probschedule-18-0,0,True,3,15,67,124,0,104,0,0,0,,,,0,,,17.0,17,17,0.0088,0.0007,0.0,0.003,0.0,0.0,,0.002,0.0146
schedule-probschedule-18-1,0,True,0,13,59,110,0,92,0,0,0,,,,0,,,18.0,18,18,0.0086,0.0007,0.0,0.0041,0.0,0.0,,0.0021,0.0156
schedule-probschedule-18-2,0,True,4,16,70,129,0,108,0,0,0,,,,0,,,17.0,17,17,0.0099,0.0007,0.0,0.0038,0.0,0.0,,0.0025,0.0169
schedule-probschedule-19-0,0,True,1,16,64,121,0,101,0,0,0,,,,0,,,19.0,19,19,0.0094,0.0007,0.0,0.0028,0.0,0.0,,0.0027,0.0158
schedule-probschedule-19-1,0,True,3,17,69,128,0,107,0,0,0,,,,0,,,18.0,18,18,0.0082,0.0008,0.0,0.0015,0.0,0.0,,0.002,0.0126
schedule-probschedule-19-2,0,True,2,15,67,125,0,105,0,0,0,,,,0,,,18.0,18,18,0.0362,0.0007,0.0,0.0329,0.0,0.0,,0.0168,0.0867
schedule-probschedule-2-0,0,True,0,2,6,13,0,11,0,0,0,,,,0,,,2.0,2,2,0.0055,0.0001,0.0,0.0012,0.0,0.0,,0.0018,0.0086
schedule-probschedule-2-1,0,True,0,2,6,13,0,11,0,0,0,,,,0,,,2.0,2,2,0.0059,0.0001,0.0,0.0024,0.0,0.0,,0.0019,0.0103
schedule-probschedule-2-2,0,True,1,3,9,18,0,15,0,0,0,,,,0,,,2.0,2,2,0.0085,0.0001,0.0,0.005,0.0,0.0,,0.0019,0.0156
schedule-probschedule-20-0,0,True,2,19,69,129,0,107,0,0,0,,,,0,,,20.0,20,20,0.0107,0.0008,0.0,0.0021,0.0,0.0,,0.0019,0.0156
schedule-probschedule-20-1,0,True,0,12,68,125,0,105,0,0,0,,,,0,,,20.0,20,20,0.0132,0.0007,0.0,0.0028,0.0,0.0,,0.0027,0.0195
schedule-probschedule-20-2,0,True,2,16,72,132,0,110,0,0,0,,,,0,,,20.0,20,20,0.0086,0.0008,0.0,0.0032,0.0,0.0,,0.0024,0.0151
schedule-probschedule-21-0,0,True,3,20,72,136,0,114,0,0,0,,,,0,,,19.0,19,19,0.0309,0.0009,0.0001,0.003,0.0,0.0,,0.002,0.0368
schedule-probschedule-21-1,0,True,2,14,76,141,0,119,0,0,0,,,,0,,,20.0,20,20,0.0083,0.0009,0.0,0.0013,0.0,0.0,,0.0023,0.0128
schedule-probschedule-21-2,0,True,3,18,76,140,0,117,0,0,0,,,,0,,,20.0,20,20,0.0147,0.0008,0.0001,0.0028,0.0,0.0,,0.0023,0.0207
schedule-probschedule-22-0,0,True,3,22,76,142,0,118,0,0,0,,,,0,,,21.0,21,21,0.0088,0.0009,0.0001,0.002,0.0,0.0,,0.0022,0.0141
schedule-probschedule-22-1,0,True,0,17,71,136,0,114,0,0,0,,,,0,,,22.0,22,22,0.0168,0.0009,0.0,0.0027,0.0,0.0,,0.0029,0.0234
schedule-probschedule-22-2,0,True,2,15,79,145,0,122,0,0,0,,,,0,,,21.0,21,21,0.0147,0.0009,0.0,0.0038,0.0,0.0,,0.0024,0.0219
schedule-probschedule-23-0,0,True,2,20,80,151,0,126,0,0,0,,,,0,,,23.0,23,23,0.009,0.001,0.0001,0.0016,0.0,0.0,,0.0021,0.0139
schedule-probschedule-23-1,0,True,0,15,77,140,0,117,0,0,0,,,,0,,,23.0,23,23,0.0339,0.0009,0.0,0.0039,0.0,0.0,,0.0044,0.0432
schedule-probschedule-23-2,0,True,2,18,82,151,0,126,0,0,0,,,,0,,,23.0,23,23,0.0118,0.001,0.0001,0.0027,0.0,0.0,,0.0023,0.018
schedule-probschedule-24-0,0,True,2,21,83,154,0,128,0,0,0,,,,0,,,24.0,24,24,0.0167,0.0011,0.0001,0.0031,0.0,0.0,,0.0021,0.023
schedule-probschedule-24-1,0,True,2,16,88,160,0,134,0,0,0,,,,0,,,24.0,24,24,0.015,0.0011,0.0001,0.0027,0.0,0.0,,0.0024,0.0213
schedule-probschedule-24-2,0,True,3,18,88,160,0,134,0,0,0,,,,0,,,23.0,23,23,0.0114,0.001,0.0001,0.0022,0.0,0.0,,0.0025,0.0172
schedule-probschedule-25-0,0,True,5,23,95,177,0,148,0,0,0,,,,0,,,24.0,24,24,0.0105,0.0012,0.0001,0.0025,0.0,0.0,,0.0026,0.0169
schedule-probschedule-25-1,0,True,2,22,86,161,0,134,0,0,0,,,,0,,,25.0,25,25,0.0096,0.0012,0.0001,0.0021,0.0,0.0,,0.002,0.0151
schedule-probschedule-25-2,0,True,5,23,93,172,0,144,0,0,0,,,,0,,,23.0,23,23,0.0088,0.0012,0.0001,0.0013,0.0,0.0,,0.002,0.0135
schedule-probschedule-26-0,0,True,5,25,97,179,0,149,0,0,0,,,,0,,,25.0,25,25,0.0088,0.0012,0.0001,0.0014,0.0,0.0,,0.002,0.0136
schedule-probschedule-26-1,0,True,3,23,93,173,0,144,0,0,0,,,,0,,,26.0,26,26,0.0092,0.0012,0.0001,0.002,0.0,0.0,,0.002,0.0146
schedule-probschedule-26-2,0,True,4,24,96,178,0,148,0,0,0,,,,0,,,26.0,26,26,0.0096,0.0012,0.0001,0.0018,0.0,0.0,,0.002,0.0147
schedule-probschedule-27-0,0,True,2,19,97,181,0,152,0,0,0,,,,0,,,27.0,27,27,0.0118,0.0012,0.0001,0.0028,0.0,0.0,,0.0023,0.0183
schedule-probschedule-27-1,0,True,2,21,95,175,0,146,0,0,0,,,,0,,,27.0,27,27,0.542,0.0013,0.0001,0.0058,0.0,0.0,,0.0025,0.5517
schedule-probschedule-27-2,0,True,2,18,96,174,0,146,0,0,0,,,,0,,,26.0,26,26,0.0104,0.0012,0.0001,0.0038,0.0,0.0,,0.0026,0.0182
schedule-probschedule-28-0,0,True,3,21,99,183,0,154,0,0,0,,,,0,,,26.0,26,26,0.0186,0.0013,0.0001,0.0043,0.0,0.0,,0.0026,0.027
schedule-probschedule-28-1,0,True,6,24,110,200,0,167,0,0,0,,,,0,,,27.0,27,27,0.0111,0.0014,0.0001,0.0016,0.0,0.0,,0.0021,0.0165
schedule-probschedule-28-2,0,True,3,26,98,184,0,153,0,0,0,,,,0,,,28.0,28,28,0.6523,0.0014,0.0001,0.0015,0.0,0.0,,0.0021,0.6576
schedule-probschedule-29-0,0,True,7,28,114,206,0,171,0,0,0,,,,0,,,28.0,28,28,0.0246,0.0015,0.0001,0.0096,0.0,0.0,,0.0035,0.0392
schedule-probschedule-29-1,0,True,2,22,102,186,0,155,0,0,0,,,,0,,,29.0,29,29,0.0099,0.0014,0.0001,0.0017,0.0,0.0,,0.002,0.0152
schedule-probschedule-29-2,0,True,6,27,109,201,0,168,0,0,0,,,,0,,,27.0,27,27,0.0099,0.0015,0.0001,0.0015,0.0,0.0,,0.0021,0.0152
schedule-probschedule-3-0,0,True,1,3,13,25,0,21,0,0,0,,,,0,,,3.0,3,3,0.008,0.0001,0.0,0.0072,0.0,0.0,,0.0028,0.0182
schedule-probschedule-3-1,0,True,1,3,11,21,0,18,0,0,0,,,,0,,,2.0,2,2,0.0064,0.0001,0.0,0.003,0.0,0.0,,0.0023,0.0118
schedule-probschedule-3-2,0,True,0,2,10,20,0,17,0,0,0,,,,0,,,3.0,3,3,0.0074,0.0001,0.0,0.0018,0.0,0.0,,0.0019,0.0112
schedule-probschedule-30-0,0,True,2,21,107,194,0,162,0,0,0,,,,0,,,30.0,30,30,0.0095,0.0015,0.0001,0.0014,0.0,0.0,,0.002,0.0146
schedule-probschedule-30-1,0,True,3,26,106,195,0,162,0,0,0,,,,0,,,30.0,30,30,0.0113,0.0015,0.0001,0.0022,0.0,0.0,,0.0023,0.0174
schedule-probschedule-30-2,0,True,6,28,112,205,0,171,0,0,0,,,,0,,,28.0,28,28,0.0127,0.0016,0.0001,0.0024,0.0,0.0,,0.0023,0.0191
schedule-probschedule-31-0,0,True,6,29,117,214,0,178,0,0,0,,,,0,,,30.0,30,30,0.0233,0.0017,0.0001,0.0016,0.0,0.0,,0.0022,0.029
schedule-probschedule-31-1,0,True,3,24,112,204,0,170,0,0,0,,,,0,,,31.0,31,31,0.0165,0.0016,0.0001,0.0032,0.0,0.0,,0.0028,0.0242
schedule-probschedule-31-2,0,True,1,20,108,197,0,165,0,0,0,,,,0,,,31.0,31,31,0.0182,0.0015,0.0001,0.0022,0.0,0.0,,0.002,0.024
schedule-probschedule-32-0,0,True,6,29,117,214,0,179,0,0,0,,,,0,,,29.0,29,29,0.013,0.0017,0.0001,0.0042,0.0,0.0,,0.0026,0.0217
schedule-probschedule-32-1,0,True,5,28,118,216,0,180,0,0,0,,,,0,,,31.0,31,31,0.0122,0.0017,0.0001,0.0029,0.0,0.0,,0.0024,0.0194
schedule-probschedule-32-2,0,True,5,28,118,218,0,182,0,0,0,,,,0,,,31.0,31,31,0.013,0.0017,0.0001,0.0018,0.0,0.0,,0.0025,0.0192
schedule-probschedule-33-0,0,True,3,25,115,212,0,178,0,0,0,,,,0,,,31.0,31,31,0.0324,0.0018,0.0001,0.0036,0.0,0.0,,0.0028,0.0408
schedule-probschedule-33-1,0,True,4,29,117,218,0,182,0,0,0,,,,0,,,32.0,32,32,0.1013,0.0018,0.0001,0.0037,0.0,0.0,,0.0022,0.1092
schedule-probschedule-33-2,0,True,3,28,114,212,0,177,0,0,0,,,,0,,,32.0,32,32,0.0342,0.0017,0.0001,0.0047,0.0,0.0,,0.0031,0.0439
schedule-probschedule-34-0,0,True,4,28,120,224,0,188,0,0,0,,,,0,,,32.0,32,32,0.0152,0.0019,0.0001,0.0017,0.0,0.0,,0.0023,0.0213
schedule-probschedule-34-1,0,True,3,30,118,218,0,181,0,0,0,,,,0,,,34.0,34,34,0.0139,0.0018,0.0001,0.0043,0.0,0.0,,0.002,0.0222
schedule-probschedule-34-2,0,True,6,32,126,230,0,191,0,0,0,,,,0,,,33.0,33,33,0.0115,0.0019,0.0001,0.0022,0.0,0.0,,0.0026,0.0184
schedule-probschedule-35-0,0,True,3,32,120,224,0,186,0,0,0,,,,0,,,35.0,35,35,0.0118,0.0019,0.0001,0.0033,0.0,0.0,,0.0022,0.0194
schedule-probschedule-35-1,0,True,4,28,126,230,0,192,0,0,0,,,,0,,,34.0,34,34,0.0419,0.0019,0.0001,0.0037,0.0,0.0,,0.003,0.0507
schedule-probschedule-35-2,0,True,2,24,122,222,0,186,0,0,0,,,,0,,,34.0,34,34,0.0139,0.0018,0.0001,0.0023,0.0,0.0,,0.0021,0.0203
schedule-probschedule-36-0,0,True,6,30,134,243,0,203,0,0,0,,,,0,,,34.0,34,34,0.0237,0.002,0.0002,0.0016,0.0,0.0,,0.0022,0.0298
schedule-probschedule-36-1,0,True,4,29,129,236,0,197,0,0,0,,,,0,,,35.0,35,35,0.0174,0.002,0.0001,0.0044,0.0,0.0,,0.0027,0.0268
schedule-probschedule-36-2,0,True,7,31,139,252,0,210,0,0,0,,,,0,,,35.0,35,35,0.0118,0.0022,0.0002,0.0025,0.0,0.0,,0.0025,0.0193
schedule-probschedule-37-0,0,True,3,30,130,237,0,197,0,0,0,,,,0,,,37.0,37,37,0.014,0.0021,0.0001,0.0048,0.0,0.0,,0.0023,0.0235
schedule-probschedule-37-1,0,True,5,33,131,242,0,202,0,0,0,,,,0,,,35.0,35,35,0.0162,0.0021,0.0002,0.0031,0.0,0.0,,0.0021,0.0238
schedule-probschedule-37-2,0,True,4,30,132,240,0,200,0,0,0,,,,0,,,36.0,36,36,0.0183,0.0021,0.0001,0.005,0.0,0.0,,0.0022,0.0279
schedule-probschedule-38-0,0,True,5,35,137,251,0,208,0,0,0,,,,0,,,38.0,38,38,0.0143,0.0022,0.0002,0.0016,0.0,0.0,,0.0021,0.0205
schedule-probschedule-38-1,0,True,4,29,135,249,0,209,0,0,0,,,,0,,,36.0,36,36,0.0192,0.0022,0.0001,0.003,0.0,0.0,,0.0024,0.0271
schedule-probschedule-38-2,0,True,7,34,142,255,0,212,0,0,0,,,,0,,,36.0,36,36,0.015,0.0022,0.0002,0.0024,0.0,0.0,,0.0022,0.0221
schedule-probschedule-39-0,0,True,6,38,140,257,0,213,0,0,0,,,,0,,,38.0,38,38,0.0146,0.0024,0.0002,0.0014,0.0,0.0,,0.0022,0.0208
schedule-probschedule-39-1,0,True,3,27,139,250,0,209,0,0,0,,,,0,,,38.0,38,38,0.0142,0.0022,0.0001,0.0015,0.0,0.0,,0.0021,0.0202
schedule-probschedule-39-2,0,True,5,37,133,245,0,204,0,0,0,,,,0,,,36.0,36,36,0.0163,0.0024,0.0002,0.0021,0.0,0.0,,0.0024,0.0234
schedule-probschedule-4-0,0,True,1,5,15,29,0,24,0,0,0,,,,0,,,4.0,4,4,0.0068,0.0001,0.0,0.0027,0.0,0.0,,0.0026,0.0122
schedule-probschedule-4-1,0,True,1,4,16,30,0,25,0,0,0,,,,0,,,4.0,4,4,0.009,0.0001,0.0,0.0018,0.0,0.0,,0.0023,0.0133
schedule-probschedule-4-2,0,True,0,3,13,26,0,22,0,0,0,,,,0,,,4.0,4,4,0.032,0.0001,0.0,0.0061,0.0,0.0,,0.0048,0.0431
schedule-probschedule-40-0,0,True,5,29,149,269,0,225,0,0,0,,,,0,,,39.0,39,39,0.0147,0.0024,0.0001,0.0013,0.0,0.0,,0.0021,0.0206
schedule-probschedule-40-1,0,True,4,30,142,258,0,216,0,0,0,,,,0,,,38.0,38,38,0.0268,0.0024,0.0001,0.0059,0.0,0.0,,0.0061,0.0414
schedule-probschedule-40-2,0,True,2,31,137,252,0,210,0,0,0,,,,0,,,40.0,40,40,0.0149,0.0024,0.0002,0.0014,0.0,0.0,,0.0022,0.0211
schedule-probschedule-41-0,0,True,5,37,145,272,0,227,0,0,0,,,,0,,,40.0,40,40,0.0179,0.0026,0.0002,0.0019,0.0,0.0,,0.0026,0.0253
schedule-probschedule-41-1,0,True,3,28,148,266,0,222,0,0,0,,,,0,,,41.0,41,41,0.0187,0.0024,0.0002,0.0042,0.0,0.0,,0.0027,0.0281
schedule-probschedule-41-2,0,True,6,35,153,284,0,237,0,0,0,,,,0,,,41.0,41,41,0.0578,0.0027,0.0002,0.0078,0.0,0.0,,0.006,0.0745
schedule-probschedule-42-0,0,True,5,29,155,282,0,237,0,0,0,,,,0,,,40.0,40,40,0.0148,0.0026,0.0002,0.0021,0.0,0.0,,0.0023,0.0221
schedule-probschedule-42-1,0,True,3,38,142,267,0,222,0,0,0,,,,0,,,42.0,42,42,0.0633,0.0026,0.0002,0.0164,0.0,0.0,,0.005,0.0876
schedule-probschedule-42-2,0,True,8,38,158,290,0,242,0,0,0,,,,0,,,40.0,40,40,0.0224,0.0027,0.0002,0.0048,0.0,0.0,,0.0029,0.0331
schedule-probschedule-43-0,0,True,4,35,151,277,0,231,0,0,0,,,,0,,,42.0,42,42,0.077,0.0027,0.0002,0.0022,0.0,0.0,,0.0023,0.0845
schedule-probschedule-43-1,0,True,6,39,155,284,0,236,0,0,0,,,,0,,,42.0,42,42,0.0156,0.0027,0.0002,0.0024,0.0,0.0,,0.0022,0.0232
schedule-probschedule-43-2,0,True,2,29,149,269,0,225,0,0,0,,,,0,,,42.0,42,42,0.0216,0.0026,0.0002,0.0036,0.0,0.0,,0.0027,0.0307
schedule-probschedule-44-0,0,True,5,35,155,284,0,238,0,0,0,,,,0,,,41.0,41,41,0.0177,0.0029,0.0002,0.0022,0.0,0.0,,0.0027,0.0257
schedule-probschedule-44-1,0,True,4,38,152,283,0,236,0,0,0,,,,0,,,43.0,43,43,0.015,0.0029,0.0002,0.0015,0.0,0.0,,0.0022,0.0218
schedule-probschedule-44-2,0,True,8,41,161,293,0,244,0,0,0,,,,0,,,41.0,41,41,0.0174,0.0029,0.0003,0.0034,0.0,0.0,,0.0023,0.0263
schedule-probschedule-45-0,0,True,6,38,166,304,0,253,0,0,0,,,,0,,,45.0,45,45,0.0444,0.003,0.0002,0.0127,0.0,0.0,,0.0027,0.0631
schedule-probschedule-45-1,0,True,6,39,161,295,0,246,0,0,0,,,,0,,,43.0,43,43,0.0158,0.003,0.0002,0.002,0.0,0.0,,0.0022,0.0232
schedule-probschedule-45-2,0,True,7,38,164,296,0,247,0,0,0,,,,0,,,42.0,42,42,0.0173,0.0029,0.0002,0.0021,0.0,0.0,,0.0025,0.0252
schedule-probschedule-46-0,0,True,5,39,163,301,0,251,0,0,0,,,,0,,,45.0,45,45,0.0165,0.0031,0.0002,0.0014,0.0,0.0,,0.0022,0.0235
schedule-probschedule-46-1,0,True,6,40,166,302,0,251,0,0,0,,,,0,,,45.0,45,45,0.0193,0.0031,0.0002,0.004,0.0,0.0,,0.0025,0.0292
schedule-probschedule-46-2,0,True,6,37,165,299,0,250,0,0,0,,,,0,,,43.0,43,43,0.0166,0.0031,0.0002,0.0019,0.0,0.0,,0.0021,0.024
schedule-probschedule-47-0,0,True,3,35,163,302,0,253,0,0,0,,,,0,,,46.0,46,46,0.063,0.0031,0.0002,0.0022,0.0,0.0,,0.0022,0.0707
schedule-probschedule-47-1,0,True,5,43,161,301,0,251,0,0,0,,,,0,,,45.0,45,45,0.0246,0.0032,0.0003,0.0027,0.0,0.0,,0.0028,0.0336
schedule-probschedule-47-2,0,True,8,43,171,312,0,260,0,0,0,,,,0,,,44.0,44,44,0.0197,0.0033,0.0002,0.0029,0.0,0.0,,0.0027,0.0289
schedule-probschedule-48-0,0,True,5,38,172,314,0,262,0,0,0,,,,0,,,47.0,47,47,0.0212,0.0032,0.0003,0.0034,0.0,0.0,,0.0026,0.0307
schedule-probschedule-48-1,0,True,10,44,178,325,0,272,0,0,0,,,,0,,,43.0,43,43,0.0367,0.0035,0.0002,0.0036,0.0,0.0,,0.0024,0.0465
schedule-probschedule-48-2,0,True,7,41,179,325,0,270,0,0,0,,,,0,,,48.0,48,48,0.0177,0.0033,0.0002,0.0026,0.0,0.0,,0.0026,0.0266
schedule-probschedule-49-0,0,True,12,48,188,344,0,287,0,0,0,,,,0,,,45.0,45,45,0.017,0.0036,0.0003,0.0018,0.0,0.0,,0.0024,0.0251
schedule-probschedule-49-1,0,True,6,41,177,324,0,270,0,0,0,,,,0,,,48.0,48,48,0.0207,0.0035,0.0003,0.0029,0.0,0.0,,0.0026,0.03
schedule-probschedule-49-2,0,True,8,40,186,339,0,283,0,0,0,,,,0,,,48.0,48,48,0.023,0.0036,0.0003,0.0034,0.0,0.0,,0.0029,0.0333
schedule-probschedule-5-0,0,True,1,4,18,34,0,29,0,0,0,,,,0,,,4.0,4,4,0.0135,0.0001,0.0,0.0048,0.0,0.0,,0.0026,0.0211
schedule-probschedule-5-1,0,True,2,7,21,40,0,33,0,0,0,,,,0,,,5.0,5,5,0.7372,0.0001,0.0,0.3841,0.0,0.0,,0.1454,1.2668
schedule-probschedule-5-2,0,True,1,5,19,36,0,30,0,0,0,,,,0,,,5.0,5,5,0.0445,0.0001,0.0,0.0211,0.0,0.0,,0.0053,0.0711
schedule-probschedule-50-0,0,True,5,36,178,322,0,270,0,0,0,,,,0,,,47.0,47,47,0.0334,0.0034,0.0002,0.007,0.0,0.0,,0.0029,0.047
schedule-probschedule-50-1,0,True,3,41,167,308,0,257,0,0,0,,,,0,,,48.0,48,48,0.0193,0.0034,0.0002,0.0026,0.0,0.0,,0.0025,0.0281
schedule-probschedule-50-2,0,True,6,41,181,330,0,275,0,0,0,,,,0,,,49.0,49,49,0.0182,0.0035,0.0002,0.0016,0.0,0.0,,0.0023,0.0259
schedule-probschedule-51-0,0,True,7,43,185,339,0,283,0,0,0,,,,0,,,49.0,49,49,0.1582,0.0037,0.0003,0.0146,0.0,0.0,,0.0088,0.1857
schedule-probschedule-51-1,0,True,13,51,197,359,0,299,0,0,0,,,,0,,,47.0,47,47,0.0181,0.0039,0.0003,0.0014,0.0,0.0,,0.0023,0.0261
schedule-probschedule-51-2,0,True,8,46,184,339,0,283,0,0,0,,,,0,,,48.0,48,48,0.0233,0.0037,0.0003,0.0029,0.0,0.0,,0.0028,0.0332
schedule-probschedule-6-0,0,True,1,5,23,43,0,36,0,0,0,,,,0,,,6.0,6,6,0.0062,0.0002,0.0,0.0017,0.0,0.0,,0.002,0.01
schedule-probschedule-6-1,0,True,1,6,22,42,0,35,0,0,0,,,,0,,,6.0,6,6,0.031,0.0002,0.0,0.0032,0.0,0.0,,0.0025,0.0369
schedule-probschedule-6-2,0,True,2,6,22,41,0,35,0,0,0,,,,0,,,4.0,4,4,0.0104,0.0002,0.0,0.0027,0.0,0.0,,0.0021,0.0155
schedule-probschedule-7-0,0,True,2,7,27,51,0,43,0,0,0,,,,0,,,6.0,6,6,0.0109,0.0002,0.0,0.0039,0.0,0.0,,0.0028,0.0179
schedule-probschedule-7-1,0,True,1,7,25,48,0,40,0,0,0,,,,0,,,7.0,7,7,0.0064,0.0002,0.0,0.0013,0.0,0.0,,0.0019,0.0099
schedule-probschedule-7-2,0,True,0,6,22,43,0,36,0,0,0,,,,0,,,7.0,7,7,0.007,0.0002,0.0,0.0019,0.0,0.0,,0.0019,0.011
schedule-probschedule-8-0,0,True,1,7,29,56,0,47,0,0,0,,,,0,,,8.0,8,8,0.0095,0.0002,0.0,0.0019,0.0,0.0,,0.0019,0.0136
schedule-probschedule-8-1,0,True,1,6,30,56,0,47,0,0,0,,,,0,,,8.0,8,8,0.0116,0.0002,0.0,0.0031,0.0,0.0,,0.0022,0.0172
schedule-probschedule-8-2,0,True,0,6,26,50,0,42,0,0,0,,,,0,,,8.0,8,8,0.0061,0.0002,0.0,0.0013,0.0,0.0,,0.0017,0.0094
schedule-probschedule-9-0,0,True,0,8,28,55,0,46,0,0,0,,,,0,,,9.0,9,9,0.0138,0.0003,0.0,0.0032,0.0,0.0,,0.0023,0.0197
schedule-probschedule-9-1,0,True,1,7,31,59,0,50,0,0,0,,,,0,,,8.0,8,8,0.0078,0.0003,0.0,0.0014,0.0,0.0,,0.0019,0.0114
schedule-probschedule-9-2,0,True,0,5,31,59,0,50,0,0,0,,,,0,,,9.0,9,9,0.0442,0.0002,0.0,0.0025,0.0,0.0,,0.0025,0.0496
snake-opt18-strips-p01,0,True,139,5912,16828,22900,14318,28208,421532,0,0,,,,172,,,9.0,10,9,0.0723,0.0642,0.0304,0.2467,0.0,0.0,,245.7358,246.1497
snake-opt18-strips-p02,2,True,148,6356,18621,25145,15980,30919,484794,0,0,,,,417,,,7.5,9,9,0.0756,0.0848,0.0249,0.2636,0.0,0.0,,899.7112,900.1605
snake-opt18-strips-p03,0,True,152,6340,18601,25116,16294,31128,461401,0,0,,,,412,,,8.0,9,8,0.078,0.0738,0.0259,0.2676,0.0,0.0,,844.0453,844.4909
snake-opt18-strips-p04,0,True,126,5891,16277,22314,13204,27108,420080,0,0,,,,0,,,9.0,9,9,0.0464,0.0586,0.0238,0.2282,0.0,0.0,,14.9781,15.3354
snake-opt18-strips-p05,0,True,130,5756,16010,21919,13222,26831,389738,0,0,,,,0,,,6.0,6,6,0.0447,0.0594,0.0082,0.2191,0.0,0.0,,4.9354,5.2671
snake-opt18-strips-p06,0,True,176,9446,27281,36923,23103,45013,864165,0,0,,,,0,,,8.0,8,8,0.072,0.1232,0.0284,0.4749,0.0,0.0,,31.0882,31.7876
snake-opt18-strips-p07,0,True,184,9703,28598,38505,23622,47062,866394,0,0,,,,0,,,9.0,9,9,0.0783,0.1371,0.0375,0.4749,0.0,0.0,,50.5313,51.26
snake-opt18-strips-p08,0,True,196,10117,30456,40786,26527,50113,974887,0,0,,,,0,,,8.0,8,8,0.0805,0.1728,0.0448,0.5349,0.0,0.0,,34.2264,35.0603
snake-opt18-strips-p09,2,True,158,8920,25231,34329,20911,41508,878021,0,0,,,,58,,,11.0,12,12,0.0723,0.1068,0.0695,0.4345,0.0,0.0,,899.571,900.2549
snake-opt18-strips-p10,0,True,166,9269,26422,35877,21202,43424,826230,0,0,,,,0,,,9.0,9,9,0.0734,0.1276,0.0396,0.445,0.0,0.0,,28.7651,29.4515
snake-opt18-strips-p11,2,True,206,14084,40620,54930,32169,66182,1530476,0,0,,,,0,,,10.25,12,12,0.1059,0.2342,0.094,0.8394,0.0,0.0,,899.3582,900.633
snake-opt18-strips-p12,2,True,218,14218,41632,56088,33724,68075,1525510,0,0,,,,398,,,9.0,10,10,0.2209,0.2569,0.0753,0.8291,0.0,0.0,,898.9917,900.3751
snake-opt18-strips-p13,2,True,228,14837,43902,58987,36203,71811,1641975,0,0,,,,12,,,8.0,11,11,0.1332,0.238,0.0778,0.9109,0.0,0.0,,899.5772,900.9384
snake-opt18-strips-p14,2,True,238,15069,45462,60792,38932,74545,1707023,0,0,,,,5,,,11.0,19,19,0.1263,0.2421,0.2554,0.9413,0.0,0.0,,899.2145,900.7837
snake-opt18-strips-p15,0,True,196,13622,38855,52693,30385,63422,1424857,0,0,,,,0,,,7.0,7,7,0.0968,0.2094,0.0418,0.7636,0.0,0.0,,50.5333,51.646
snake-opt18-strips-p16,2,True,246,19471,56383,76123,44512,91888,2371457,0,0,,,,0,,,11.0,13,13,0.1507,0.3394,0.1801,1.3182,0.0,0.0,,899.3077,901.2979
snake-opt18-strips-p17,2,True,260,20392,60025,80697,47851,97542,2586667,0,0,,,,0,,,10.0,13,13,0.1926,0.3603,0.1871,1.44,0.0,0.0,,899.4091,901.5909
snake-opt18-strips-p18,2,True,274,21201,63523,85015,52320,102924,2901136,0,0,,,,0,,,8.0,12,12,0.1971,0.4744,0.1519,1.6107,0.0,0.0,,899.1825,901.6184
snake-opt18-strips-p19,2,True,286,21710,65694,87710,55449,106981,2944985,0,0,,,,0,,,9.0,10,10,0.1869,0.3976,0.1137,1.6375,0.0,0.0,,898.305,900.643
snake-opt18-strips-p20,0,True,234,19439,55730,75423,43342,90467,2456208,0,0,,,,9,,,9.0,9,9,0.1507,0.3304,0.1053,1.3762,0.0,0.0,,697.7503,699.7144
snake-sat18-strips-p01,2,True,206,13963,40280,54469,31831,65674,1493420,0,0,,,,0,,,10.25,15,15,0.1005,0.1979,0.1588,0.8131,0.0,0.0,,899.5363,900.81
snake-sat18-strips-p02,2,True,218,14353,42130,56721,34172,68791,1553698,0,0,,,,9,,,8.0,11,10,0.1564,0.2384,0.1052,0.8533,0.0,0.0,,899.1054,900.4602
snake-sat18-strips-p03,2,True,230,14830,44107,59184,36956,72061,1699687,0,0,,,,0,,,8.5,12,12,0.1244,0.2663,0.122,0.9352,0.0,0.0,,899.534,900.9834
snake-sat18-strips-p04,2,True,240,15387,46402,62049,39582,75905,1775946,0,0,,,,4,,,9.0,13,13,0.1392,0.2652,0.1356,0.985,0.0,0.0,,899.5122,901.0387
snake-sat18-strips-p05,0,True,196,13612,38623,52451,31739,63179,1626799,0,0,,,,0,,,11.0,11,11,4.9671,0.2157,0.0884,0.8256,0.0,0.0,,264.8095,270.9074
snake-sat18-strips-p06,2,True,280,27444,79760,107504,60940,128454,4104303,0,0,,,,0,,,10.0,17,17,0.2083,0.5352,0.4709,2.3516,0.0,0.0,,897.255,900.8233
snake-sat18-strips-p07,2,True,292,27512,79995,107822,63115,129691,4076774,0,0,,,,0,,,10.0,15,15,0.2246,0.5772,0.372,2.3082,0.0,0.0,,537.8429,541.3271
snake-sat18-strips-p08,2,True,310,28812,85174,114316,67837,137738,4356599,0,0,,,,0,,,8.0,11,11,0.2364,0.654,0.2477,2.4937,0.0,0.0,,897.3537,900.988
snake-sat18-strips-p09,2,True,326,29514,88542,118399,79419,143315,5930848,0,0,,,,0,,,8.0,12,12,0.2645,0.7356,0.3499,3.3104,0.0,0.0,,248.1303,252.7939
snake-sat18-strips-p10,2,True,338,30553,92822,123733,77625,150174,4945132,0,0,,,,0,,,10.333,16,16,0.2815,0.7806,0.504,2.888,0.0,0.0,,285.9236,290.3817
snake-sat18-strips-p11,2,True,378,49258,144070,193726,108733,230925,9531462,0,0,,,,0,,,0.0,13,13,0.4386,1.4899,0.7523,5.7014,0.0,0.0,,824.7297,833.117
snake-sat18-strips-p12,2,True,398,50658,149469,200545,116055,239835,10188548,0,0,,,,0,,,0.0,13,13,0.4795,1.4246,0.9716,5.8195,0.0,0.0,,909.1496,917.8506
snake-sat18-strips-p13,2,True,416,51540,154046,206022,121430,247098,10380111,0,0,,,,0,,,0.0,13,13,0.4953,1.6954,0.9379,6.1555,0.0,0.0,,892.8408,902.1316
snake-sat18-strips-p14,2,True,438,53433,161546,215434,131118,259270,11063514,0,0,,,,0,,,0.0,13,13,0.5331,1.9137,0.7949,6.455,0.0,0.0,,890.7361,900.4403
snake-sat18-strips-p15,2,True,456,55455,169866,225797,138861,272588,11496920,0,0,,,,0,,,0.0,16,16,0.5942,1.8113,1.0365,6.7086,0.0,0.0,,139.5421,149.7012
snake-sat18-strips-p16,2,True,490,82180,242056,324746,181160,385644,20666331,0,0,,,,0,,,0.0,16,16,0.8656,3.0818,2.7323,12.5258,0.0,0.0,,116.7515,135.9803
snake-sat18-strips-p17,2,True,514,83670,248260,332464,188278,396476,20722778,0,0,,,,0,,,0.0,12,12,1.0603,4.4305,1.7279,12.7264,0.0,0.0,,121.1797,141.1356
snake-sat18-strips-p18,2,True,538,85556,256749,342863,200894,410444,21931987,0,0,,,,0,,,0.0,16,16,0.9317,3.3618,2.9057,13.5054,0.0,0.0,,115.6763,136.3925
snake-sat18-strips-p19,2,True,562,88245,267614,356441,214493,428218,22776171,0,0,,,,0,,,0.0,19,19,1.0547,3.5483,3.2487,13.9969,0.0,0.0,,129.1469,151.0094
snake-sat18-strips-p20,2,True,584,90765,278204,369576,225560,445509,23487934,0,0,,,,0,,,0.0,21,21,1.1822,3.763,5.0126,14.613,0.0,0.0,,137.4766,162.0646
sokoban-opt08-strips-p01,0,False,24,69,138,270,221,343,386,0,0,,,,0,,,10.0,10,10,0.0058,0.0005,0.0001,0.0023,0.0,0.0,,0.0107,0.0194
sokoban-opt08-strips-p02,0,False,25,57,103,207,163,271,295,0,0,,,,0,,,9.0,9,9,0.0098,0.0004,0.0001,0.0024,0.0,0.0,,0.0088,0.0214
sokoban-opt08-strips-p03,0,False,21,41,73,154,103,195,163,0,0,,,,0,,,3.0,3,3,0.0059,0.0003,0.0,0.0018,0.0,0.0,,0.0081,0.0161
sokoban-opt08-strips-p04,0,False,43,118,236,457,539,630,1216,0,0,,,,0,,,25.0,25,25,0.0339,0.0012,0.0002,0.005,0.0,0.0,,0.0231,0.0635
sokoban-opt08-strips-p05,0,False,283,762,1476,2538,6774,3704,63103,0,0,,,,0,,,8.0,8,8,0.014,0.0131,0.0041,0.0394,0.0,0.0,,0.444,0.5146
sokoban-opt08-strips-p06,0,False,31,60,96,201,183,264,358,0,0,,,,0,,,2.0,2,2,0.0067,0.0005,0.0001,0.0031,0.0,0.0,,0.0113,0.0216
sokoban-opt08-strips-p07,0,False,89,167,274,553,598,707,1273,0,0,,,,0,,,7.0,7,7,0.0067,0.0018,0.0002,0.0026,0.0,0.0,,0.0265,0.0378
sokoban-opt08-strips-p08,0,False,59,141,256,485,698,677,2421,0,0,,,,0,,,13.0,13,13,0.0078,0.0016,0.0003,0.003,0.0,0.0,,0.035,0.0477
sokoban-opt08-strips-p09,0,False,58,95,159,344,302,457,558,0,0,,,,0,,,5.0,5,5,0.0111,0.0014,0.0001,0.0043,0.0,0.0,,0.0136,0.0305
sokoban-opt08-strips-p10,0,False,47,108,195,388,428,534,1024,0,0,,,,0,,,10.0,10,10,0.0073,0.0011,0.0002,0.0025,0.0,0.0,,0.0192,0.0304
sokoban-opt08-strips-p11,0,False,79,172,300,611,610,794,1214,0,0,,,,0,,,16.0,16,16,0.0069,0.002,0.0003,0.004,0.0,0.0,,0.029,0.0421
sokoban-opt08-strips-p12,0,False,88,159,307,586,749,796,1759,0,0,,,,0,,,8.0,8,8,0.0096,0.0021,0.0003,0.003,0.0,0.0,,0.0312,0.0462
sokoban-opt08-strips-p13,0,False,80,152,296,553,633,757,1829,0,0,,,,0,,,4.0,4,4,0.0205,0.0016,0.0002,0.0029,0.0,0.0,,0.0239,0.0491
sokoban-opt08-strips-p14,0,False,69,143,248,476,639,632,2169,0,0,,,,0,,,11.0,11,11,0.0069,0.0012,0.0002,0.0029,0.0,0.0,,0.0343,0.0456
sokoban-opt08-strips-p15,0,False,68,245,537,964,1477,1381,4082,0,0,,,,0,,,57.0,58,57,0.0094,0.0036,0.0009,0.0051,0.0,0.0,,0.0519,0.0709
sokoban-opt08-strips-p16,0,False,88,151,228,510,513,648,932,0,0,,,,0,,,16.0,16,16,0.0082,0.0019,0.0002,0.0026,0.0,0.0,,0.0309,0.0438
sokoban-opt08-strips-p17,0,False,48,76,134,278,228,360,376,0,0,,,,0,,,6.0,6,6,0.0123,0.0009,0.0001,0.0043,0.0,0.0,,0.0107,0.0284
sokoban-opt08-strips-p18,0,False,93,182,307,636,697,839,1408,0,0,,,,0,,,29.0,29,29,0.016,0.0027,0.0005,0.0074,0.0,0.0,,0.0233,0.0499
sokoban-opt08-strips-p19,0,False,80,211,410,750,1252,1057,4415,0,0,,,,0,,,27.0,27,27,0.0068,0.0024,0.0005,0.0047,0.0,0.0,,0.0518,0.0662
sokoban-opt08-strips-p20,0,False,225,440,466,1142,863,1172,1692,0,0,,,,0,,,2.0,2,2,0.0089,0.0061,0.0004,0.0032,0.0,0.0,,0.0573,0.076
sokoban-opt08-strips-p21,0,False,386,1008,1892,3290,10014,4922,103648,0,0,,,,0,,,2.0,2,2,0.0193,0.0225,0.0041,0.0628,0.0,0.0,,0.8174,0.9262
sokoban-opt08-strips-p22,0,False,83,212,386,739,1116,1010,3362,0,0,,,,0,,,30.0,31,30,0.0095,0.0029,0.0005,0.0063,0.0,0.0,,0.055,0.0744
sokoban-opt08-strips-p23,0,False,83,220,485,827,1526,1222,6115,0,0,,,,0,,,15.0,16,15,0.0103,0.0024,0.0005,0.007,0.0,0.0,,0.0633,0.0836
sokoban-opt08-strips-p24,0,False,131,201,362,729,1055,1023,2874,0,0,,,,0,,,14.0,14,14,0.0091,0.0032,0.0006,0.005,0.0,0.0,,0.0441,0.0621
sokoban-opt08-strips-p25,0,False,109,206,385,754,1010,1039,2373,0,0,,,,0,,,25.0,26,25,0.0122,0.0034,0.0007,0.0052,0.0,0.0,,0.0396,0.0611
sokoban-opt08-strips-p26,0,False,121,256,488,901,1466,1288,5471,0,0,,,,0,,,23.0,24,23,0.0083,0.0037,0.0008,0.0061,0.0,0.0,,0.099,0.118
sokoban-opt08-strips-p27,0,False,203,311,524,1066,1738,1551,4545,0,0,,,,0,,,11.0,11,11,0.0086,0.0061,0.0012,0.0056,0.0,0.0,,0.0935,0.115
sokoban-opt08-strips-p28,0,False,148,234,405,817,1273,1131,3251,0,0,,,,0,,,18.0,18,18,0.0227,0.0037,0.0007,0.005,0.0,0.0,,0.058,0.0902
sokoban-opt08-strips-p29,0,False,455,1078,1901,3459,8190,5089,68561,0,0,,,,16093,,,15.0,15,15,0.026,0.0331,0.0098,0.0464,0.0,0.0,,11.73,11.8456
sokoban-opt08-strips-p30,0,False,476,1352,2848,4701,14826,7341,168814,0,0,,,,0,,,12.0,12,12,0.0281,0.0391,0.0121,0.106,0.0,0.0,,1.1861,1.3716
sokoban-opt11-strips-p01,0,False,31,60,96,201,183,264,358,0,0,,,,0,,,2.0,2,2,0.0077,0.0005,0.0001,0.0026,0.0,0.0,,0.0114,0.0223
sokoban-opt11-strips-p02,0,False,48,76,134,278,228,360,376,0,0,,,,0,,,6.0,6,6,0.0055,0.0009,0.0001,0.002,0.0,0.0,,0.0104,0.019
sokoban-opt11-strips-p03,0,False,69,143,248,476,639,632,2169,0,0,,,,0,,,11.0,11,11,0.0586,0.0012,0.0002,0.012,0.0,0.0,,0.0399,0.1121
sokoban-opt11-strips-p04,0,False,43,118,236,457,539,630,1216,0,0,,,,0,,,25.0,25,25,0.0069,0.0012,0.0002,0.0025,0.0,0.0,,0.0223,0.0332
sokoban-opt11-strips-p05,0,False,88,151,228,510,513,648,932,0,0,,,,0,,,16.0,16,16,0.028,0.0019,0.0002,0.0031,0.0,0.0,,0.0309,0.0641
sokoban-opt11-strips-p06,0,False,79,172,300,611,610,794,1214,0,0,,,,0,,,16.0,16,16,0.0092,0.002,0.0003,0.0033,0.0,0.0,,0.0289,0.0438
sokoban-opt11-strips-p07,0,False,47,108,195,388,428,534,1024,0,0,,,,0,,,10.0,10,10,0.0106,0.0011,0.0002,0.0041,0.0,0.0,,0.0197,0.0357
sokoban-opt11-strips-p08,0,False,58,95,159,344,302,457,558,0,0,,,,0,,,5.0,5,5,0.0088,0.0014,0.0001,0.0041,0.0,0.0,,0.013,0.0275
sokoban-opt11-strips-p09,0,False,89,167,274,553,598,707,1273,0,0,,,,0,,,7.0,7,7,0.0082,0.0018,0.0002,0.0033,0.0,0.0,,0.0269,0.0404
sokoban-opt11-strips-p10,0,False,283,762,1476,2538,6774,3704,63103,0,0,,,,0,,,8.0,8,8,0.0131,0.0132,0.0041,0.0392,0.0,0.0,,0.447,0.5167
sokoban-opt11-strips-p11,0,False,80,152,296,553,633,757,1829,0,0,,,,0,,,4.0,4,4,0.0255,0.0016,0.0002,0.0037,0.0,0.0,,0.0248,0.0558
sokoban-opt11-strips-p12,0,False,225,440,466,1142,863,1172,1692,0,0,,,,0,,,2.0,2,2,0.0096,0.0062,0.0003,0.0033,0.0,0.0,,0.0578,0.0773
sokoban-opt11-strips-p13,0,False,59,141,256,485,698,677,2421,0,0,,,,0,,,13.0,13,13,0.216,0.0016,0.0003,0.1315,0.0,0.0,,0.0623,0.4117
sokoban-opt11-strips-p14,0,False,88,159,307,586,749,796,1759,0,0,,,,0,,,8.0,8,8,0.0138,0.0021,0.0003,0.005,0.0,0.0,,0.0317,0.0529
sokoban-opt11-strips-p15,0,False,93,182,307,636,697,839,1408,0,0,,,,0,,,29.0,29,29,0.0069,0.0026,0.0004,0.0028,0.0,0.0,,0.0215,0.0343
sokoban-opt11-strips-p16,0,False,68,245,537,964,1477,1381,4082,0,0,,,,0,,,57.0,58,57,0.2661,0.0036,0.0009,0.0062,0.0,0.0,,0.0529,0.3297
sokoban-opt11-strips-p17,0,False,80,211,410,750,1252,1057,4415,0,0,,,,0,,,27.0,27,27,0.0304,0.0024,0.0005,0.0108,0.0,0.0,,0.0535,0.0977
sokoban-opt11-strips-p18,0,False,386,1008,1892,3290,10014,4922,103648,0,0,,,,0,,,2.0,2,2,0.0344,0.0226,0.0042,0.0665,0.0,0.0,,0.8161,0.944
sokoban-opt11-strips-p19,0,False,83,212,386,739,1116,1010,3362,0,0,,,,0,,,30.0,31,30,0.0317,0.0029,0.0005,0.0046,0.0,0.0,,0.0549,0.0947
sokoban-opt11-strips-p20,0,False,83,220,485,827,1526,1222,6115,0,0,,,,0,,,15.0,16,15,0.0064,0.0024,0.0005,0.0059,0.0,0.0,,0.0624,0.0777
sokoban-sat08-strips-p01,0,False,25,57,103,207,163,271,295,0,0,,,,0,,,9.0,9,9,0.0294,0.0004,0.0001,0.0032,0.0,0.0,,0.0087,0.0418
sokoban-sat08-strips-p02,0,False,43,118,236,457,539,630,1216,0,0,,,,0,,,25.0,25,25,0.0268,0.0012,0.0002,0.0029,0.0,0.0,,0.0221,0.0533
sokoban-sat08-strips-p03,0,False,31,60,96,201,183,264,358,0,0,,,,0,,,2.0,2,2,0.0219,0.0005,0.0001,0.0038,0.0,0.0,,0.0112,0.0374
sokoban-sat08-strips-p04,0,False,59,141,256,485,698,677,2421,0,0,,,,0,,,13.0,13,13,0.0096,0.0015,0.0003,0.0047,0.0,0.0,,0.035,0.0511
sokoban-sat08-strips-p05,0,False,47,108,195,388,428,534,1024,0,0,,,,0,,,10.0,10,10,0.0075,0.0012,0.0002,0.0033,0.0,0.0,,0.0191,0.0313
sokoban-sat08-strips-p06,0,False,88,159,307,586,749,796,1759,0,0,,,,0,,,8.0,8,8,0.0103,0.0021,0.0003,0.0034,0.0,0.0,,0.0326,0.0488
sokoban-sat08-strips-p07,0,False,69,143,248,476,639,632,2169,0,0,,,,0,,,11.0,11,11,0.0075,0.0012,0.0002,0.0032,0.0,0.0,,0.035,0.0472
sokoban-sat08-strips-p08,0,False,88,151,228,510,513,648,932,0,0,,,,0,,,16.0,16,16,0.0274,0.0019,0.0002,0.0027,0.0,0.0,,0.0307,0.063
sokoban-sat08-strips-p09,0,False,93,182,307,636,697,839,1408,0,0,,,,0,,,29.0,29,29,0.0253,0.0026,0.0004,0.006,0.0,0.0,,0.0226,0.057
sokoban-sat08-strips-p10,0,False,225,440,466,1142,863,1172,1692,0,0,,,,0,,,2.0,2,2,0.0102,0.0062,0.0003,0.0035,0.0,0.0,,0.0574,0.0777
sokoban-sat08-strips-p11,0,False,386,1008,1892,3290,10014,4922,103648,0,0,,,,0,,,2.0,2,2,0.0175,0.0227,0.0041,0.0636,0.0,0.0,,0.8167,0.9247
sokoban-sat08-strips-p12,0,False,83,212,386,739,1116,1010,3362,0,0,,,,0,,,30.0,31,30,0.007,0.0029,0.0005,0.0043,0.0,0.0,,0.0546,0.0695
sokoban-sat08-strips-p13,0,False,83,220,485,827,1526,1222,6115,0,0,,,,0,,,15.0,16,15,0.0099,0.0024,0.0005,0.0062,0.0,0.0,,0.0621,0.0812
sokoban-sat08-strips-p14,0,False,131,201,362,729,1055,1023,2874,0,0,,,,0,,,14.0,14,14,0.0078,0.0032,0.0006,0.0042,0.0,0.0,,0.044,0.0599
sokoban-sat08-strips-p15,0,False,109,206,385,754,1010,1039,2373,0,0,,,,0,,,25.0,26,25,0.0113,0.0034,0.0007,0.0057,0.0,0.0,,0.0392,0.0602
sokoban-sat08-strips-p16,0,False,121,256,488,901,1466,1288,5471,0,0,,,,0,,,23.0,24,23,0.0082,0.0037,0.0009,0.0057,0.0,0.0,,0.0997,0.1181
sokoban-sat08-strips-p17,0,False,203,311,524,1066,1738,1551,4545,0,0,,,,0,,,11.0,11,11,0.0262,0.0061,0.0014,0.0058,0.0,0.0,,0.0932,0.1328
sokoban-sat08-strips-p18,0,False,148,234,405,817,1273,1131,3251,0,0,,,,0,,,18.0,18,18,0.0149,0.0036,0.0006,0.0077,0.0,0.0,,0.058,0.0849
sokoban-sat08-strips-p19,0,False,455,1078,1901,3459,8190,5089,68561,0,0,,,,16093,,,15.0,15,15,0.021,0.0331,0.0098,0.0443,0.0,0.0,,11.7714,11.8798
sokoban-sat08-strips-p20,0,False,476,1352,2848,4701,14826,7341,168814,0,0,,,,0,,,12.0,12,12,0.0427,0.0389,0.0127,0.1064,0.0,0.0,,1.1858,1.3867
sokoban-sat08-strips-p21,0,False,135,272,452,897,1298,1205,3730,0,0,,,,0,,,29.0,29,29,0.0281,0.0039,0.001,0.0071,0.0,0.0,,0.0546,0.0948
sokoban-sat08-strips-p22,0,False,142,241,445,871,1505,1218,5341,0,0,,,,0,,,21.0,22,21,0.0159,0.004,0.001,0.0079,0.0,0.0,,0.0669,0.0958
sokoban-sat08-strips-p23,0,False,128,246,438,862,1084,1155,2533,0,0,,,,0,,,30.0,32,30,0.0155,0.0037,0.0009,0.0066,0.0,0.0,,0.0354,0.0622
sokoban-sat08-strips-p24,0,False,124,201,345,723,832,978,1627,0,0,,,,0,,,22.0,22,22,0.0119,0.0036,0.0008,0.0034,0.0,0.0,,0.0391,0.059
sokoban-sat08-strips-p25,0,False,142,220,347,746,1030,1041,2432,0,0,,,,0,,,15.0,15,15,0.0097,0.0039,0.001,0.0055,0.0,0.0,,0.0425,0.0628
sokoban-sat08-strips-p26,0,False,154,308,584,1109,1564,1534,4074,0,0,,,,0,,,32.0,32,32,0.0126,0.0058,0.0008,0.0065,0.0,0.0,,0.0597,0.0854
sokoban-sat08-strips-p27,0,False,298,708,1306,2357,5568,3407,35626,0,0,,,,0,,,8.0,8,8,0.0272,0.0159,0.0017,0.0243,0.0,0.0,,0.2801,0.3493
sokoban-sat08-strips-p28,0,False,137,371,774,1424,2277,2000,7287,0,0,,,,0,,,76.0,76,76,0.2035,0.0074,0.0031,0.008,0.0,0.0,,0.0673,0.2894
sokoban-sat08-strips-p29,0,False,123,218,454,853,1243,1193,3402,0,0,,,,0,,,22.0,24,22,0.0073,0.0038,0.0009,0.0045,0.0,0.0,,0.0515,0.0682
sokoban-sat08-strips-p30,0,False,72,243,495,925,1329,1265,3091,0,0,,,,0,,,53.0,54,53,0.0196,0.0037,0.0008,0.0067,0.0,0.0,,0.0428,0.0737
sokoban-sat11-strips-p01,0,False,142,220,347,746,1030,1041,2432,0,0,,,,0,,,15.0,15,15,0.0097,0.004,0.001,0.0042,0.0,0.0,,0.0418,0.0607
sokoban-sat11-strips-p02,0,False,88,151,228,510,513,648,932,0,0,,,,0,,,16.0,16,16,0.0106,0.0019,0.0002,0.0032,0.0,0.0,,0.0308,0.0467
sokoban-sat11-strips-p03,0,False,203,311,524,1066,1738,1551,4545,0,0,,,,0,,,11.0,11,11,0.098,0.0061,0.0012,0.0067,0.0,0.0,,0.0938,0.2058
sokoban-sat11-strips-p04,0,False,121,256,488,901,1466,1288,5471,0,0,,,,0,,,23.0,24,23,0.0133,0.0037,0.0009,0.0073,0.0,0.0,,0.0996,0.1248
sokoban-sat11-strips-p05,0,False,131,201,362,729,1055,1023,2874,0,0,,,,0,,,14.0,14,14,0.0102,0.0032,0.0006,0.0041,0.0,0.0,,0.0439,0.0621
sokoban-sat11-strips-p06,0,False,83,212,386,739,1116,1010,3362,0,0,,,,0,,,30.0,31,30,0.0075,0.0029,0.0005,0.0041,0.0,0.0,,0.0685,0.0836
sokoban-sat11-strips-p07,0,False,83,220,485,827,1526,1222,6115,0,0,,,,0,,,15.0,16,15,0.0255,0.0024,0.0005,0.0131,0.0,0.0,,0.0646,0.1063
sokoban-sat11-strips-p08,0,False,142,241,445,871,1505,1218,5341,0,0,,,,0,,,21.0,22,21,0.0112,0.004,0.0013,0.0084,0.0,0.0,,0.0673,0.0921
sokoban-sat11-strips-p09,0,False,225,440,466,1142,863,1172,1692,0,0,,,,0,,,2.0,2,2,0.0108,0.0062,0.0004,0.0088,0.0,0.0,,0.0572,0.0833
sokoban-sat11-strips-p10,0,False,128,246,438,862,1084,1155,2533,0,0,,,,0,,,30.0,32,30,0.0343,0.0036,0.0009,0.0079,0.0,0.0,,0.0348,0.0817
sokoban-sat11-strips-p11,0,False,137,371,774,1424,2277,2000,7287,0,0,,,,0,,,76.0,76,76,0.0799,0.0074,0.0037,0.0104,0.0,0.0,,0.0678,0.1693
sokoban-sat11-strips-p12,0,False,148,234,405,817,1273,1131,3251,0,0,,,,0,,,18.0,18,18,0.0106,0.0036,0.0006,0.0048,0.0,0.0,,0.0573,0.077
sokoban-sat11-strips-p13,0,False,298,708,1306,2357,5568,3407,35626,0,0,,,,0,,,8.0,8,8,0.0165,0.016,0.0014,0.0263,0.0,0.0,,0.2802,0.3404
sokoban-sat11-strips-p14,0,False,124,201,345,723,832,978,1627,0,0,,,,0,,,22.0,22,22,0.0101,0.0036,0.0008,0.0053,0.0,0.0,,0.0398,0.0596
sokoban-sat11-strips-p15,0,False,72,243,495,925,1329,1265,3091,0,0,,,,0,,,53.0,54,53,0.0125,0.0037,0.0008,0.0061,0.0,0.0,,0.044,0.0671
sokoban-sat11-strips-p16,0,False,455,1078,1901,3459,8190,5089,68561,0,0,,,,16093,,,15.0,15,15,0.0201,0.0332,0.0098,0.0446,0.0,0.0,,11.6999,11.8077
sokoban-sat11-strips-p17,0,False,154,308,584,1109,1564,1534,4074,0,0,,,,0,,,32.0,32,32,0.0099,0.0057,0.0008,0.0062,0.0,0.0,,0.0593,0.0821
sokoban-sat11-strips-p18,0,False,123,218,454,853,1243,1193,3402,0,0,,,,0,,,22.0,24,22,0.009,0.0038,0.0009,0.0047,0.0,0.0,,0.0515,0.07
sokoban-sat11-strips-p19,0,False,109,206,385,754,1010,1039,2373,0,0,,,,0,,,25.0,26,25,0.0127,0.0033,0.0007,0.006,0.0,0.0,,0.0385,0.0612
sokoban-sat11-strips-p20,0,False,476,1352,2848,4701,14826,7341,168814,0,0,,,,0,,,12.0,12,12,0.0283,0.0391,0.0126,0.1094,0.0,0.0,,1.1854,1.3749
spider-opt18-strips-p01,0,False,171,1050,3075,4397,6226,6160,54447,0,0,,,,0,,,10.0,10,10,0.032,0.0419,0.0424,0.0382,0.0,0.0,,0.956,1.1108
spider-opt18-strips-p02,0,False,243,1437,3935,5746,9135,8316,94662,0,0,,,,0,,,13.0,15,13,0.3412,0.0767,0.0736,0.0604,0.0,0.0,,1.8734,2.4259
spider-opt18-strips-p03,0,False,397,2916,8519,11991,20317,16394,322694,0,0,,,,0,,,14.0,16,14,0.1104,0.2848,0.413,0.1951,0.0,0.0,,11.0663,12.0707
spider-opt18-strips-p04,0,False,485,3543,10037,14258,28044,19839,520498,0,0,,,,0,,,19.0,22,19,0.15,0.468,0.6217,0.3153,0.0,0.0,,16.2584,17.8151
spider-opt18-strips-p05,0,False,711,5570,15522,22030,53653,31294,1464217,0,0,,,,0,,,21.0,24,21,0.3449,0.8586,2.0264,0.865,0.0,0.0,,91.92,96.0192
spider-opt18-strips-p06,0,False,967,8908,24677,34809,91522,48037,3322147,0,0,,,,0,,,26.0,28,26,0.6253,1.8503,5.5743,2.0465,0.0,0.0,,268.6274,278.7328
spider-opt18-strips-p07,0,False,189,1058,3213,4550,6379,6666,51535,0,0,,,,0,,,9.0,9,9,0.0441,0.0394,0.0594,0.0364,0.0,0.0,,1.0182,1.1977
spider-opt18-strips-p08,0,False,260,1545,4539,6463,10250,9394,104123,0,0,,,,0,,,12.0,14,12,0.0754,0.0795,0.1098,0.0709,0.0,0.0,,7.1128,7.4489
spider-opt18-strips-p09,0,False,424,2810,8130,11511,22131,16897,346683,0,0,,,,0,,,16.0,17,16,0.1087,0.2435,0.5575,0.21,0.0,0.0,,18.6528,19.7739
spider-opt18-strips-p10,0,False,508,3771,10468,14921,30587,20803,632517,0,0,,,,0,,,17.0,19,17,0.1704,0.4948,0.7338,0.3693,0.0,0.0,,23.8705,25.6407
spider-opt18-strips-p11,2,False,727,6088,17367,24383,52672,33229,1297359,0,0,,,,171,,,19.0,22,22,0.3673,1.042,2.249,0.7924,0.0,0.0,,895.9526,900.4105
spider-opt18-strips-p12,2,False,1005,10481,30761,42477,97721,56200,3820374,0,0,,,,214,,,23.0,30,29,0.6197,2.097,4.9643,2.3767,0.0,0.0,,892.3049,902.3717
spider-opt18-strips-p13,2,False,1129,11191,32256,44832,113849,60754,4666556,0,0,,,,6,,,25.0,30,30,0.8037,3.1458,8.5524,2.889,0.0,0.0,,506.3141,521.7171
spider-opt18-strips-p14,0,False,181,1080,3466,4817,6189,6810,52093,0,0,,,,0,,,6.0,6,6,0.0356,0.036,0.0763,0.0361,0.0,0.0,,0.8167,1.001
spider-opt18-strips-p15,0,False,258,1287,3658,5324,9900,8353,93183,0,0,,,,0,,,13.0,14,13,0.0481,0.0719,0.078,0.0602,0.0,0.0,,5.2625,5.5211
spider-opt18-strips-p16,0,False,417,3242,9684,13486,22132,18578,371743,0,0,,,,1677,,,11.0,12,11,0.1097,0.26,0.5295,0.2237,0.0,0.0,,376.7597,377.8841
spider-opt18-strips-p17,0,False,516,3381,9702,13774,30526,20422,572169,0,0,,,,0,,,19.0,19,19,0.2371,0.3606,0.6672,0.3436,0.0,0.0,,11.737,13.3473
spider-opt18-strips-p18,0,False,736,6072,17127,24136,59800,33851,1932946,0,0,,,,0,,,21.0,21,21,0.7562,0.9424,2.6105,1.2216,0.0,0.0,,134.1666,139.7013
spider-opt18-strips-p19,2,False,1005,10267,30029,41527,95222,55650,3428831,0,0,,,,338,,,20.0,21,21,0.6333,2.239,5.3926,2.0737,0.0,0.0,,890.7077,901.0554
spider-opt18-strips-p20,2,False,1138,10503,29734,41634,115027,58493,4637177,0,0,,,,10,,,28.0,29,29,0.7998,2.8438,5.8687,2.8504,0.0,0.0,,756.2532,768.6263
spider-sat18-strips-p01,0,False,712,6267,17955,25155,55544,34324,1694113,0,0,,,,0,,,20.0,21,20,0.6769,0.987,2.1367,1.0224,0.0,0.0,,68.303,73.1296
spider-sat18-strips-p02,2,False,960,9531,27519,38267,91910,50923,3398316,0,0,,,,0,,,23.704,26,26,2.0632,2.6486,5.9514,2.0897,0.0,0.0,,888.3736,901.1368
spider-sat18-strips-p03,2,False,1099,9314,25643,36348,120342,52170,5299597,0,0,,,,3,,,30.0,36,34,0.7941,2.7825,7.634,3.2545,0.0,0.0,,887.3784,901.8493
spider-sat18-strips-p04,2,False,1412,15628,42473,59831,182392,79719,10773997,0,0,,,,0,,,5.0,35,35,1.4344,6.0721,14.8315,6.6626,0.0,0.0,,396.737,425.7518
spider-sat18-strips-p05,2,False,1777,21977,59754,83856,284468,111348,21243802,0,0,,,,0,,,0.0,41,41,2.4999,10.8273,32.0909,13.5909,0.0,0.0,,155.5672,214.5922
spider-sat18-strips-p06,2,False,1942,23021,62847,88196,330083,118159,26525618,0,0,,,,0,,,0.0,44,44,2.9528,12.4592,39.6479,16.7556,0.0,0.0,,186.4872,258.3264
spider-sat18-strips-p07,0,False,507,3608,10669,14958,30633,20916,690546,0,0,,,,86,,,18.0,19,18,0.1522,0.3828,0.7172,0.4115,0.0,0.0,,66.655,68.3207
spider-sat18-strips-p08,0,False,737,6760,18740,26432,54068,35580,1415086,0,0,,,,220,,,19.0,20,19,0.3282,1.0812,2.5372,0.8662,0.0,0.0,,207.7688,212.5859
spider-sat18-strips-p09,2,False,996,10071,29664,40958,96304,54356,3983334,0,0,,,,249,,,22.0,26,26,0.6346,2.3844,6.1058,2.4442,0.0,0.0,,888.9323,900.5106
spider-sat18-strips-p10,2,False,1132,12257,34744,48385,130607,64172,5744326,0,0,,,,4,,,22.0,28,28,0.7937,2.9749,7.9427,3.5129,0.0,0.0,,773.6364,788.872
spider-sat18-strips-p11,2,False,1453,15760,45636,63135,200227,84339,12656210,0,0,,,,0,,,5.0,36,36,1.4761,6.7793,14.7473,7.9284,0.0,0.0,,457.5995,488.5482
spider-sat18-strips-p12,2,False,1818,24712,72329,99170,294324,127190,23334306,0,0,,,,0,,,0.0,40,40,2.5131,11.4727,53.9846,14.878,0.0,0.0,,177.5643,260.4332
spider-sat18-strips-p13,2,False,1984,23506,67341,93168,327136,123917,27168428,0,0,,,,0,,,0.0,38,38,2.9755,13.7135,35.5923,17.1923,0.0,0.0,,197.1809,266.673
spider-sat18-strips-p14,0,False,513,3726,10928,15341,29883,21645,518152,0,0,,,,0,,,18.0,20,18,0.1491,0.4585,0.6914,0.3132,0.0,0.0,,30.3488,31.9628
spider-sat18-strips-p15,0,False,735,6317,17913,25165,53203,34418,1432833,0,0,,,,0,,,19.0,19,19,0.3332,1.0783,1.9076,0.869,0.0,0.0,,35.2485,39.4399
spider-sat18-strips-p16,0,False,997,9965,29293,40486,94906,54084,3464412,0,0,,,,0,,,22.0,22,22,0.6426,2.3429,5.5918,2.1108,0.0,0.0,,74.0956,84.7926
spider-sat18-strips-p17,2,False,1135,10942,31190,43527,118943,60328,4691220,0,0,,,,0,,,26.0,29,29,0.9914,2.822,6.4614,2.8985,0.0,0.0,,888.4476,901.6315
spider-sat18-strips-p18,2,False,1454,16271,45101,63107,337125,83648,17828572,0,0,,,,0,,,5.0,29,29,1.436,5.656,16.3677,11.1367,0.0,0.0,,529.3368,563.9475
spider-sat18-strips-p19,2,False,1819,22078,63634,87842,279823,116410,20109233,0,0,,,,0,,,0.0,28,28,2.5235,10.2806,36.4913,12.5992,0.0,0.0,,143.1835,205.0934
spider-sat18-strips-p20,2,False,1995,24390,69418,96140,320722,127819,25421874,0,0,,,,0,,,0.0,34,34,2.9456,13.4106,43.234,16.0501,0.0,0.0,,189.1692,264.8255
storage-p01,0,True,0,2,7,17,9,23,9,0,0,,,,0,,,3.0,3,3,0.0056,0.0001,0.0,0.0015,0.0,0.0,,0.0017,0.0089
storage-p02,0,True,8,12,20,44,28,57,45,0,0,,,,0,,,3.0,3,3,0.0065,0.0001,0.0,0.0013,0.0,0.0,,0.0042,0.0122
storage-p03,0,True,16,27,42,89,60,114,115,0,0,,,,0,,,3.0,3,3,0.0095,0.0001,0.0,0.0024,0.0,0.0,,0.0056,0.0177
storage-p04,0,True,2,9,16,38,15,43,16,0,0,,,,0,,,6.0,6,6,0.0076,0.0001,0.0,0.0025,0.0,0.0,,0.0024,0.0126
storage-p05,0,True,24,68,105,202,133,244,304,0,0,,,,0,,,6.0,6,6,0.0056,0.0003,0.0,0.0016,0.0,0.0,,0.0095,0.017
storage-p06,0,True,31,101,153,290,201,352,511,0,0,,,,0,,,6.0,6,6,0.0067,0.0004,0.0001,0.0027,0.0,0.0,,0.0124,0.0223
storage-p07,0,True,4,16,26,60,24,67,31,0,0,,,,0,,,10.0,10,10,0.0101,0.0002,0.0,0.0021,0.0,0.0,,0.0045,0.017
storage-p08,0,True,44,162,238,451,273,532,701,0,0,,,,0,,,8.0,8,8,0.0066,0.0007,0.0001,0.0036,0.0,0.0,,0.0219,0.0329
storage-p09,0,True,53,253,372,685,497,820,1364,0,0,,,,0,,,7.0,7,7,0.0165,0.0011,0.0002,0.0033,0.0,0.0,,0.0274,0.0485
storage-p10,0,True,6,24,37,84,32,90,49,0,0,,,,0,,,12.0,12,12,0.0073,0.0004,0.0,0.0016,0.0,0.0,,0.0045,0.0139
storage-p11,0,True,69,344,501,923,589,1084,1598,0,0,,,,0,,,9.0,9,9,0.0071,0.0016,0.0002,0.0029,0.0,0.0,,0.0379,0.0499
storage-p12,0,True,82,478,699,1268,906,1499,2618,0,0,,,,0,,,9.0,9,9,0.0296,0.0025,0.0003,0.0042,0.0,0.0,,0.0447,0.0813
storage-p13,0,True,8,21,38,88,34,99,43,0,0,,,,0,,,12.0,12,12,0.0237,0.0005,0.0,0.0018,0.0,0.0,,0.0028,0.0289
storage-p14,0,True,102,262,355,731,564,959,1066,0,0,,,,0,,,13.0,13,13,0.0092,0.0024,0.0004,0.0033,0.0,0.0,,0.0236,0.0389
storage-p15,0,True,117,383,509,1021,925,1378,1894,0,0,,,,0,,,11.0,11,11,1.3566,0.0038,0.0004,0.0041,0.0,0.0,,0.0329,1.3979
storage-p16,0,True,158,714,937,1823,1490,2287,3338,0,0,,,,0,,,13.0,13,13,0.0152,0.0081,0.0008,0.0055,0.0,0.0,,0.0576,0.0872
storage-p17,0,True,205,979,1280,2480,2086,3135,4663,0,0,,,,0,,,15.0,15,15,0.0213,0.0129,0.0013,0.0084,0.0,0.0,,0.0837,0.1277
storage-p18,0,True,259,1388,1813,3478,2769,4290,6480,0,0,,,,0,,,18.0,18,18,0.0222,0.021,0.0022,0.0086,0.0,0.0,,0.1072,0.1614
storage-p19,0,True,317,1385,1742,3465,2849,4447,6586,0,0,,,,0,,,19.0,19,19,0.0324,0.031,0.0022,0.0098,0.0,0.0,,0.0976,0.1733
storage-p20,0,True,381,1846,2302,4552,3738,5779,7764,0,0,,,,0,,,22.0,22,22,0.0329,0.0445,0.0038,0.0128,0.0,0.0,,0.118,0.2124
storage-p21,0,True,488,2668,3311,6492,5980,8476,13895,0,0,,,,0,,,24.0,24,24,0.0627,0.0867,0.0072,0.0203,0.0,0.0,,0.2099,0.3871
storage-p22,0,True,567,3753,4648,8995,7816,11261,18639,0,0,,,,0,,,25.0,25,25,0.0655,0.1358,0.0089,0.0252,0.0,0.0,,0.2344,0.4702
storage-p23,0,True,654,3741,4550,8975,8038,11686,18089,0,0,,,,0,,,28.0,28,28,0.1003,0.1778,0.0122,0.0316,0.0,0.0,,0.271,0.5939
storage-p24,0,True,745,3764,4551,9092,9127,12237,19966,0,0,,,,0,,,29.0,29,29,0.1773,0.203,0.0139,0.0444,0.0,0.0,,0.2731,0.7129
storage-p25,0,True,844,4785,5762,11425,10378,14962,23459,0,0,,,,0,,,33.0,33,33,0.1324,0.2953,0.0227,0.0395,0.0,0.0,,0.3841,0.8751
storage-p26,0,True,995,7701,9166,17898,17021,22654,41219,0,0,,,,0,,,34.0,34,34,0.1884,0.5024,0.0297,0.0661,0.0,0.0,,0.5887,1.377
storage-p27,0,True,1110,8072,9632,18853,18367,24403,47479,0,0,,,,0,,,36.0,36,36,0.2276,0.6549,0.0392,0.0775,0.0,0.0,,0.6591,1.6603
storage-p28,0,True,1229,8437,10016,19723,18732,25953,43240,0,0,,,,0,,,38.0,38,38,0.2618,0.7611,0.0472,0.083,0.0,0.0,,0.6473,1.8027
storage-p29,0,True,1354,10309,12141,23847,23071,30674,60531,0,0,,,,0,,,40.0,40,40,0.3162,1.0549,0.0562,0.11,0.0,0.0,,0.7802,2.3201
storage-p30,0,True,1484,11401,13360,26290,25087,33677,63018,0,0,,,,0,,,41.0,41,41,0.4044,1.3252,0.0606,0.123,0.0,0.0,,0.8477,2.7639
termes-opt18-strips-p01,0,True,41,107,107,259,265,363,519,0,0,,,,0,,,9.0,9,9,0.0089,0.0008,0.0001,0.0076,0.0,0.0,,0.0256,0.043
termes-opt18-strips-p02,0,True,35,106,107,259,265,363,519,0,0,,,,0,,,11.0,11,11,0.0085,0.0009,0.0001,0.0023,0.0,0.0,,0.0079,0.0197
termes-opt18-strips-p03,0,True,51,135,135,326,402,480,875,0,0,,,,0,,,10.0,10,10,0.0147,0.0012,0.0002,0.0033,0.0,0.0,,0.0116,0.031
termes-opt18-strips-p04,0,True,48,135,135,326,383,480,800,0,0,,,,0,,,16.0,16,16,0.0075,0.0012,0.0003,0.0021,0.0,0.0,,0.0112,0.0223
termes-opt18-strips-p05,0,True,61,163,163,393,546,597,1294,0,0,,,,0,,,12.0,15,12,0.0271,0.0016,0.0003,0.0036,0.0,0.0,,0.0172,0.05
termes-opt18-strips-p06,0,True,56,163,163,393,546,597,1294,0,0,,,,0,,,18.0,20,18,0.0119,0.0016,0.0003,0.003,0.0,0.0,,0.0159,0.0329
termes-opt18-strips-p07,0,True,65,190,191,460,720,714,1904,0,0,,,,0,,,14.0,18,14,0.0085,0.0021,0.0004,0.0034,0.0,0.0,,0.0137,0.0281
termes-opt18-strips-p08,0,True,63,190,191,460,720,714,1904,0,0,,,,0,,,18.0,20,18,0.0455,0.002,0.0004,0.0105,0.0,0.0,,0.0183,0.0769
termes-opt18-strips-p09,0,True,81,219,219,527,934,831,2585,0,0,,,,0,,,16.0,16,16,0.009,0.0026,0.0006,0.0043,0.0,0.0,,0.0177,0.0341
termes-opt18-strips-p10,0,True,76,219,219,527,934,831,2585,0,0,,,,0,,,18.0,24,18,0.0139,0.0026,0.0009,0.0068,0.0,0.0,,0.0204,0.0446
termes-opt18-strips-p11,0,True,35,107,107,259,264,363,525,0,0,,,,0,,,16.0,17,16,0.0069,0.0009,0.0002,0.0023,0.0,0.0,,0.0196,0.0298
termes-opt18-strips-p12,0,True,34,107,107,259,264,363,525,0,0,,,,0,,,14.0,15,14,0.0067,0.0008,0.0001,0.0018,0.0,0.0,,0.0076,0.0172
termes-opt18-strips-p13,0,True,42,135,135,326,402,480,875,0,0,,,,0,,,21.0,21,21,0.0102,0.0012,0.0002,0.0028,0.0,0.0,,0.0093,0.0239
termes-opt18-strips-p14,0,True,41,135,135,326,383,480,800,0,0,,,,0,,,18.0,24,18,0.011,0.0012,0.0003,0.0028,0.0,0.0,,0.009,0.0243
termes-opt18-strips-p15,0,True,53,163,163,393,546,597,1294,0,0,,,,0,,,23.0,25,23,0.0102,0.0016,0.0004,0.0034,0.0,0.0,,0.0286,0.0444
termes-opt18-strips-p16,0,True,50,163,163,393,521,597,1193,0,0,,,,0,,,26.0,31,26,0.0078,0.0016,0.0005,0.0038,0.0,0.0,,0.0148,0.0286
termes-opt18-strips-p17,0,True,29,117,117,279,298,389,620,0,0,,,,0,,,25.0,26,25,0.0069,0.0009,0.0002,0.0021,0.0,0.0,,0.0532,0.0634
termes-opt18-strips-p18,0,True,30,107,107,259,265,363,519,0,0,,,,0,,,21.0,22,21,0.0069,0.0009,0.0002,0.0022,0.0,0.0,,0.0076,0.0177
termes-opt18-strips-p19,0,True,41,147,147,350,441,512,988,0,0,,,,0,,,19.0,22,19,0.0151,0.0013,0.0003,0.003,0.0,0.0,,0.0316,0.0513
termes-opt18-strips-p20,0,True,37,135,135,326,402,480,875,0,0,,,,0,,,24.0,26,24,0.0435,0.0012,0.0003,0.0071,0.0,0.0,,0.0099,0.0621
termes-sat18-strips-p01,0,True,69,205,205,486,615,710,1380,0,0,,,,0,,,14.0,16,14,0.011,0.0021,0.0003,0.0035,0.0,0.0,,0.0167,0.0337
termes-sat18-strips-p02,0,True,63,205,205,486,613,710,1350,0,0,,,,0,,,22.0,25,22,0.0086,0.0021,0.0004,0.0038,0.0,0.0,,0.0383,0.0533
termes-sat18-strips-p03,0,True,79,247,247,585,873,881,2246,0,0,,,,0,,,19.0,20,19,0.0098,0.0029,0.0006,0.0032,0.0,0.0,,0.0173,0.0339
termes-sat18-strips-p04,0,True,63,217,217,510,661,742,1527,0,0,,,,0,,,23.0,23,23,0.0571,0.0022,0.0005,0.0038,0.0,0.0,,0.0176,0.0813
termes-sat18-strips-p05,0,True,76,247,247,585,873,881,2246,0,0,,,,0,,,24.0,28,24,0.0131,0.0028,0.0006,0.0075,0.0,0.0,,0.038,0.0622
termes-sat18-strips-p06,0,True,94,289,289,684,1183,1052,3295,0,0,,,,0,,,25.0,28,25,0.0131,0.0037,0.0008,0.006,0.0,0.0,,0.0284,0.052
termes-sat18-strips-p07,0,True,90,289,289,684,1183,1052,3295,0,0,,,,0,,,28.0,31,28,0.0131,0.0037,0.0009,0.0056,0.0,0.0,,0.0388,0.0623
termes-sat18-strips-p08,0,True,113,331,331,783,1449,1223,4416,0,0,,,,0,,,19.0,25,19,0.0391,0.0047,0.0014,0.0115,0.0,0.0,,0.0567,0.1135
termes-sat18-strips-p09,0,True,119,372,373,882,1739,1394,5759,0,0,,,,0,,,18.0,24,18,0.0351,0.0058,0.0011,0.0096,0.0,0.0,,0.0252,0.0769
termes-sat18-strips-p10,0,True,141,415,415,981,2136,1565,7600,0,0,,,,0,,,20.0,27,20,0.0189,0.0068,0.0015,0.0077,0.0,0.0,,0.0388,0.0738
termes-sat18-strips-p11,0,True,50,215,215,503,463,642,957,0,0,,,,0,,,34.0,37,34,0.0294,0.002,0.0006,0.0052,0.0,0.0,,0.2446,0.2818
termes-sat18-strips-p12,0,True,59,289,289,675,768,936,1638,0,0,,,,0,,,51.0,54,51,0.0179,0.0034,0.0011,0.0073,0.0,0.0,,0.1534,0.1831
termes-sat18-strips-p13,0,True,68,363,363,847,1122,1230,2650,0,0,,,,0,,,66.0,75,66,0.0192,0.0049,0.0022,0.005,0.0,0.0,,0.0807,0.1122
termes-sat18-strips-p14,0,True,77,437,437,1019,1685,1524,4924,0,0,,,,255,,,81.0,96,81,0.0155,0.0069,0.0034,0.007,0.0,0.0,,0.1413,0.1742
termes-sat18-strips-p15,0,True,86,511,511,1191,2236,1818,7323,0,0,,,,0,,,96.0,118,96,0.023,0.009,0.0042,0.0082,0.0,0.0,,0.1479,0.1924
termes-sat18-strips-p16,0,True,40,219,219,515,582,715,1226,0,0,,,,0,,,44.0,44,44,1.1099,0.0022,0.0006,0.0033,0.0,0.0,,0.0268,1.1429
termes-sat18-strips-p17,0,True,43,275,275,646,845,940,2010,0,0,,,,0,,,60.0,60,60,0.0234,0.0032,0.001,0.0042,0.0,0.0,,0.0347,0.0666
termes-sat18-strips-p18,0,True,76,437,437,1019,1685,1524,4924,0,0,,,,0,,,76.0,77,76,0.018,0.0068,0.0024,0.006,0.0,0.0,,0.062,0.0954
termes-sat18-strips-p19,0,True,84,511,511,1191,2236,1818,7323,0,0,,,,0,,,92.0,93,92,0.0158,0.009,0.0034,0.0075,0.0,0.0,,0.0843,0.1201
termes-sat18-strips-p20,0,True,165,873,873,2019,4704,3114,18219,0,0,,,,0,,,118.0,120,118,0.0256,0.0221,0.0097,0.0193,0.0,0.0,,0.2623,0.3392
tetris-opt14-strips-p01-10,0,False,715,6434,6882,14044,36608,14600,857233,0,0,,,,0,,,16.0,16,16,0.1197,0.1909,0.0087,0.5019,0.0,0.0,,10.449,11.2712
tetris-opt14-strips-p01-6,0,False,401,3372,3570,7356,17599,7756,361611,0,0,,,,0,,,17.0,17,17,0.0471,0.061,0.0035,0.21,0.0,0.0,,3.768,4.0901
tetris-opt14-strips-p01-8,0,False,805,8765,9584,19166,51919,19895,1299961,0,0,,,,0,,,17.0,17,17,0.1876,0.2865,0.0116,0.7575,0.0,0.0,,19.6993,20.944
tetris-opt14-strips-p02-10,0,False,713,6367,6949,14044,36227,14618,794375,0,0,,,,0,,,19.0,19,19,0.1196,0.1908,0.0099,0.4707,0.0,0.0,,11.6174,12.4095
tetris-opt14-strips-p02-4,0,False,200,1753,2086,4045,6553,4273,90547,0,0,,,,0,,,8.0,8,8,0.0288,0.0154,0.001,0.054,0.0,0.0,,0.9551,1.0545
tetris-opt14-strips-p02-6,0,False,579,6041,6760,13391,30830,14139,636269,0,0,,,,0,,,15.0,15,15,0.1269,0.145,0.0077,0.38,0.0,0.0,,7.737,8.3977
tetris-opt14-strips-p02-8,0,False,805,8786,9394,18999,51376,19858,1280727,0,0,,,,0,,,19.0,19,19,0.1641,0.279,0.013,0.7461,0.0,0.0,,16.7549,17.9584
tetris-opt14-strips-p03-10,0,False,1936,22500,23999,48455,141803,50847,3785389,0,0,,,,0,,,27.0,27,27,0.7645,1.8331,0.0593,2.399,0.0,0.0,,70.9033,75.9624
tetris-opt14-strips-p03-4,0,False,152,1560,1857,3576,5994,3814,78559,0,0,,,,0,,,7.0,7,7,0.0218,0.0135,0.0011,0.0458,0.0,0.0,,0.7527,0.8351
tetris-opt14-strips-p03-6,0,False,327,3112,3507,6956,16105,7308,304552,0,0,,,,0,,,11.0,11,11,0.0447,0.0446,0.0031,0.1783,0.0,0.0,,3.4766,3.7477
tetris-opt14-strips-p03-8,0,False,1407,16887,18110,36419,106598,38405,2867873,0,0,,,,0,,,20.0,20,20,0.4717,1.007,0.0315,1.7392,0.0,0.0,,36.1818,39.4335
tetris-opt14-strips-p04-10,0,False,1880,18314,19473,39688,114713,41819,2893396,0,0,,,,0,,,28.0,28,28,0.5604,1.4034,0.0519,1.8003,0.0,0.0,,38.0147,41.8338
tetris-opt14-strips-p04-6,0,False,402,3349,3761,7524,16601,7964,292303,0,0,,,,0,,,14.0,14,14,0.0554,0.0573,0.0039,0.176,0.0,0.0,,3.2808,3.5739
tetris-opt14-strips-p04-8,0,False,1156,12978,13959,28111,78020,29623,1895869,0,0,,,,0,,,25.0,25,25,0.3118,0.7121,0.033,1.1476,0.0,0.0,,35.3238,37.5302
tetris-opt14-strips-p05-10,0,False,1806,22189,23606,47617,146816,49592,4071491,0,0,,,,0,,,23.0,23,23,0.7211,1.5957,0.0538,2.5269,0.0,0.0,,52.3132,57.2138
tetris-opt14-strips-p05-6,0,False,326,3165,3568,7068,17280,7359,406416,0,0,,,,0,,,12.0,12,12,0.0654,0.0462,0.0029,0.2323,0.0,0.0,,5.9812,6.3283
tetris-opt14-strips-p05-8,0,False,1407,16857,18347,36628,98155,38971,2425011,0,0,,,,0,,,22.0,22,22,0.4873,1.0359,0.0486,1.4987,0.0,0.0,,35.8236,38.8972
tetris-sat14-strips-p020,0,False,844,6801,7353,15012,37348,15539,828218,0,0,,,,0,,,19.0,19,19,0.1181,0.2252,0.0079,0.504,0.0,0.0,,12.8357,13.6919
tetris-sat14-strips-p021,0,False,2289,22653,23902,48869,142824,51151,3630948,0,0,,,,0,,,35.0,35,35,0.8352,2.2861,0.0845,2.3281,0.0,0.0,,55.6885,61.2268
tetris-sat14-strips-p022,0,False,1420,14823,15656,31917,90164,33026,2287387,0,0,,,,0,,,24.0,24,24,0.4151,0.8251,0.0282,1.3775,0.0,0.0,,36.94,39.5882
tetris-sat14-strips-p023,0,False,1579,15306,16107,33013,97103,34429,2566990,0,0,,,,0,,,28.0,28,28,0.4683,0.9839,0.0347,1.5727,0.0,0.0,,38.2914,41.3534
tetris-sat14-strips-p024,0,False,1812,21049,22142,45024,157928,46965,5051978,0,0,,,,0,,,28.0,28,28,4.619,1.546,0.0535,3.1538,0.0,0.0,,72.774,82.1493
tetris-sat14-strips-p025,0,False,1028,8439,8785,18269,51898,18918,1265773,0,0,,,,0,,,22.0,22,22,0.2235,0.3355,0.0165,0.7571,0.0,0.0,,15.2558,16.5896
tetris-sat14-strips-p026,2,False,3308,40991,43497,87822,275070,92715,7895041,0,0,,,,0,,,3.0,37,37,2.2698,6.6125,0.2106,5.2675,0.0,0.0,,89.797,104.1636
tetris-sat14-strips-p027,2,False,2917,34796,36717,74455,242568,78591,7208273,0,0,,,,0,,,3.0,33,33,1.7274,4.5986,0.16,4.6495,0.0,0.0,,91.9529,103.0943
tetris-sat14-strips-p028,2,False,2524,28402,29967,60917,189009,64015,5274521,0,0,,,,0,,,4.0,33,33,1.2107,3.0879,0.1026,3.3945,0.0,0.0,,196.9118,204.712
tetris-sat14-strips-p029,0,False,1188,8970,9420,19599,52901,20506,1145251,0,0,,,,0,,,25.0,25,25,0.2268,0.449,0.0196,0.6878,0.0,0.0,,12.8403,14.225
tetris-sat14-strips-p031,2,False,4095,49568,51748,105440,353160,110732,10791115,0,0,,,,0,,,3.0,41,41,3.5473,10.1929,0.3444,7.3438,0.0,0.0,,370.5877,392.0332
tetris-sat14-strips-p032,0,False,1678,17509,18649,37853,115223,39143,3246632,0,0,,,,0,,,22.0,22,22,0.5628,1.2144,0.0492,1.965,0.0,0.0,,49.0104,52.8044
tetris-sat14-strips-p033,2,False,3819,42667,44871,91385,301069,95996,9056786,0,0,,,,0,,,0.0,38,38,2.5132,8.4692,0.3429,6.0262,0.0,0.0,,106.8334,124.1908
tetris-sat14-strips-p034,2,False,3817,42660,44863,91368,298277,95450,8991706,0,0,,,,0,,,0.0,39,39,2.4442,8.2663,0.25,5.9851,0.0,0.0,,110.2192,127.1746
tetris-sat14-strips-p035,2,False,3906,48998,51020,103950,359621,108099,11341836,0,0,,,,0,,,1.0,38,38,3.3188,9.7961,0.2177,7.5166,0.0,0.0,,399.4115,420.2691
tetris-sat14-strips-p036,2,False,3256,40807,42419,86503,293675,89442,9163470,0,0,,,,0,,,2.0,29,29,2.1928,5.4562,0.1199,5.7384,0.0,0.0,,107.2353,120.7491
tetris-sat14-strips-p037,0,False,1773,11994,12255,26048,72403,27154,1540239,0,0,,,,0,,,34.0,34,34,0.3547,0.852,0.038,0.9751,0.0,0.0,,18.1227,20.3442
tetris-sat14-strips-p038,2,False,2980,33929,35472,72405,243068,75435,7421052,0,0,,,,0,,,1.0,33,33,1.7267,4.7132,0.1484,4.7463,0.0,0.0,,93.2801,104.62
tetris-sat14-strips-p039,2,False,4095,49442,51588,105154,356191,110435,11029423,0,0,,,,0,,,3.0,41,41,3.2512,10.4959,0.3105,7.2423,0.0,0.0,,395.8001,417.1088
tetris-sat14-strips-p040,2,False,3167,34620,36272,74088,247199,77896,7524757,0,0,,,,0,,,3.0,39,39,1.8199,5.1938,0.18,4.7757,0.0,0.0,,290.0018,301.9762
thoughtful-mco14-strips-p11_6_65-typed,2,True,417,6375,27829,34793,26791,45385,373470,0,0,,,,0,,,61.678,78,78,0.1038,0.3589,0.211,0.256,0.0,0.0,,899.1896,900.1201
thoughtful-mco14-strips-p11_6_74-typed,2,True,427,6872,30165,37634,28812,48015,403381,0,0,,,,0,,,69.015,79,74,0.1421,0.3505,0.2918,0.2809,0.0,0.0,,899.1002,900.1665
thoughtful-mco14-strips-p11_6_75-typed,2,True,422,6567,28309,35470,29457,47101,428721,0,0,,,,0,,,61.8,81,81,0.1038,0.401,0.1984,0.2909,0.0,0.0,,899.1157,900.1108
thoughtful-mco14-strips-p11_6_78-typed,2,True,420,6750,29366,36704,28616,47786,440185,0,0,,,,0,,,61.026,79,69,0.0841,0.4367,0.2259,0.2953,0.0,0.0,,899.0664,900.1094
thoughtful-mco14-strips-p11_6_88-typed,2,True,424,6706,29851,37148,30113,47728,441480,0,0,,,,0,,,64.685,83,83,0.0787,0.4213,0.2419,0.2992,0.0,0.0,,899.0568,900.0988
thoughtful-mco14-strips-p11_6_89-typed,2,True,413,6473,27592,34649,27479,45090,366772,0,0,,,,0,,,71.105,86,86,0.121,0.4401,0.2377,0.2552,0.0,0.0,,899.1322,900.1872
thoughtful-mco14-strips-p11_6_98-typed,2,True,411,6196,25687,32468,27362,42369,345426,0,0,,,,0,,,67.0,82,72,0.0802,0.3757,0.218,0.5274,0.0,0.0,,898.9464,900.1522
thoughtful-mco14-strips-p11_6_99-typed,2,True,414,6104,25753,32442,25933,42536,335232,0,0,,,,0,,,64.004,82,82,0.0954,0.5749,0.2002,0.2372,0.0,0.0,,898.9922,900.101
thoughtful-mco14-strips-p13_7_55-typed,2,True,462,7193,31453,39314,34278,51254,499412,0,0,,,,0,,,73.5,97,97,0.0901,0.4833,0.3635,0.3459,0.0,0.0,,898.8278,900.1115
thoughtful-mco14-strips-p13_7_56-typed,2,True,473,7927,35008,43613,34478,56039,536762,0,0,,,,0,,,74.285,91,91,0.0927,0.5027,0.3448,0.3707,0.0,0.0,,898.8481,900.1599
thoughtful-mco14-strips-p13_7_58-typed,2,True,465,7278,31874,39822,31976,52129,476268,0,0,,,,0,,,74.4,97,97,0.0953,0.4286,0.3721,0.3299,0.0,0.0,,898.8966,900.1233
thoughtful-mco14-strips-p13_7_61-typed,2,True,470,7800,34287,42761,35911,54902,536648,0,0,,,,0,,,77.703,100,100,0.0986,0.6306,0.3546,0.3704,0.0,0.0,,898.6618,900.1169
thoughtful-mco14-strips-p13_7_62-typed,2,True,470,7615,33123,41414,32311,53303,458700,0,0,,,,0,,,79.149,98,98,0.0949,0.5404,0.3892,0.3193,0.0,0.0,,898.7617,900.1065
thoughtful-mco14-strips-p13_7_64-typed,2,True,465,7651,33431,41754,35188,53860,559046,0,0,,,,0,,,78.888,102,102,0.1184,0.6667,0.2632,0.3788,0.0,0.0,,898.6975,900.1256
thoughtful-mco14-strips-p13_7_68-typed,2,True,459,7288,30916,38870,34897,50920,554794,0,0,,,,0,,,73.726,102,102,0.1248,0.8252,0.3528,0.3678,0.0,0.0,,898.4903,900.1621
thoughtful-mco14-strips-p13_7_69-typed,2,True,458,7040,30074,37780,30566,49116,407370,0,0,,,,0,,,80.5,100,100,0.0999,0.6917,0.3087,0.2866,0.0,0.0,,898.7069,900.0948
thoughtful-mco14-strips-p13_7_72-typed,2,True,464,7299,31347,39316,32206,51459,444077,0,0,,,,0,,,80.007,98,89,0.0971,0.5448,0.3553,0.3092,0.0,0.0,,898.8113,900.1187
thoughtful-mco14-strips-p13_7_74-typed,2,True,463,7645,31852,40171,32458,52467,448140,0,0,,,,0,,,78.921,98,88,0.3295,0.5847,0.3548,0.3151,0.0,0.0,,898.5175,900.1026
thoughtful-mco14-strips-p13_7_79-typed,2,True,462,7587,32954,41207,32820,53367,470299,0,0,,,,0,,,73.05,98,98,0.1115,0.6086,0.3091,0.3259,0.0,0.0,,898.8916,900.2476
thoughtful-mco14-strips-p13_7_86-typed,2,True,458,7244,31435,39344,34426,51192,515093,0,0,,,,0,,,74.333,103,103,0.117,0.6508,0.3862,0.3517,0.0,0.0,,898.6026,900.1094
thoughtful-sat14-strips-bootstrap-typed-01,0,True,108,618,2603,3405,3238,4959,20705,0,0,,,,216,,,26.0,31,26,0.0294,0.0106,0.0033,0.016,0.0,0.0,,21.7874,21.8468
thoughtful-sat14-strips-bootstrap-typed-02,0,True,108,624,2624,3433,3385,4979,23192,0,0,,,,0,,,24.0,29,24,0.0143,0.0091,0.0034,0.0176,0.0,0.0,,3.2825,3.327
thoughtful-sat14-strips-bootstrap-typed-03,0,True,109,599,2518,3303,3206,4808,20061,0,0,,,,0,,,25.0,32,25,0.0129,0.009,0.0033,0.015,0.0,0.0,,1.8283,1.8685
thoughtful-sat14-strips-bootstrap-typed-04,0,True,107,636,2639,3459,3230,4938,22554,0,0,,,,892,,,26.0,32,26,0.0199,0.0099,0.0035,0.0215,0.0,0.0,,42.133,42.188
thoughtful-sat14-strips-bootstrap-typed-05,0,True,103,543,2309,3031,2968,4466,19285,0,0,,,,8593,,,29.0,34,29,0.0402,0.0089,0.0037,0.0368,0.0,0.0,,326.2733,326.3631
thoughtful-sat14-strips-p11_6_53-typed,2,True,418,6486,28334,35406,28151,45824,398013,0,0,,,,0,,,65.901,85,85,0.0829,0.4722,0.181,0.2697,0.0,0.0,,899.1001,900.1067
thoughtful-sat14-strips-p11_6_59-typed,2,True,416,6436,27891,34911,26054,45762,367102,0,0,,,,0,,,61.264,82,82,0.0974,0.4406,0.2336,0.2574,0.0,0.0,,899.1128,900.1428
thoughtful-sat14-strips-p11_6_62-typed,2,True,419,6573,28376,35537,27798,46460,395275,0,0,,,,0,,,61.149,84,68,0.0851,0.4267,0.2071,0.2957,0.0,0.0,,899.1093,900.125
thoughtful-sat14-strips-p13_7_78-typed,2,True,463,7558,32229,40458,34979,53264,540611,0,0,,,,0,,,76.87,99,99,0.1016,0.8237,0.3081,0.3666,0.0,0.0,,898.5203,900.1212
thoughtful-sat14-strips-p13_7_79-typed,2,True,462,7587,32954,41207,32820,53367,470299,0,0,,,,0,,,73.05,98,98,0.0962,0.6078,0.3149,0.3286,0.0,0.0,,898.904,900.2525
thoughtful-sat14-strips-p13_7_86-typed,2,True,458,7244,31435,39344,34426,51192,515093,0,0,,,,0,,,74.333,103,103,0.1043,0.652,0.3887,0.3514,0.0,0.0,,898.6226,900.12
thoughtful-sat14-strips-target-typed-20,2,True,461,7259,31237,39165,31769,51476,464117,0,0,,,,0,,,75.819,97,97,0.118,0.5427,0.3406,0.3227,0.0,0.0,,898.7667,900.0917
thoughtful-sat14-strips-target-typed-21,2,True,466,7402,31960,40032,32138,52035,463648,0,0,,,,0,,,80.019,100,100,0.0997,0.6702,0.3602,0.3214,0.0,0.0,,898.6731,900.1256
thoughtful-sat14-strips-target-typed-22,2,True,456,7510,31990,40166,35264,51963,557286,0,0,,,,0,,,78.046,101,101,0.0975,0.6498,0.3797,0.3862,0.0,0.0,,898.6385,900.1565
thoughtful-sat14-strips-target-typed-23,2,True,461,7321,31750,39740,32609,51300,420617,0,0,,,,0,,,83.0,100,100,0.1032,0.5918,0.3319,0.2978,0.0,0.0,,898.7712,900.0969
thoughtful-sat14-strips-target-typed-24,2,True,462,7470,33369,41507,31318,52531,427842,0,0,,,,0,,,77.074,102,102,0.0911,0.542,0.3229,0.3085,0.0,0.0,,898.833,900.0984
thoughtful-sat14-strips-target-typed-25,2,True,461,7053,30207,37929,33120,50169,485962,0,0,,,,0,,,69.698,97,97,0.1051,0.5185,0.3028,0.3329,0.0,0.0,,898.8861,900.1464
thoughtful-sat14-strips-target-typed-26,2,True,461,7163,31480,39312,32637,51091,488655,0,0,,,,0,,,76.164,98,98,0.0887,0.5602,0.3261,0.3362,0.0,0.0,,898.8362,900.1482
thoughtful-sat14-strips-target-typed-27,2,True,464,7539,33080,41288,33612,53792,511955,0,0,,,,0,,,73.576,94,94,0.0992,0.5089,0.3102,0.3584,0.0,0.0,,898.8417,900.1194
thoughtful-sat14-strips-target-typed-28,2,True,454,7051,29311,37028,32561,48370,455217,0,0,,,,0,,,76.773,98,84,1.0684,0.4882,0.3689,0.4159,0.0,0.0,,897.8029,900.151
tidybot-opt11-strips-p01,0,True,0,0,4,12,0,8,0,0,0,,,,0,,,4.0,4,4,0.0336,0.0055,0.0,0.0028,0.0,0.0,,0.0018,0.0443
tidybot-opt11-strips-p02,0,True,62,763,1447,2310,2338,3018,18037,0,0,,,,0,,,20.0,20,20,0.0537,0.0245,0.0012,0.0123,0.0,0.0,,0.4354,0.5274
tidybot-opt11-strips-p03,0,True,68,822,1517,2431,2496,3107,22333,0,0,,,,0,,,13.0,13,13,0.0538,0.0205,0.0007,0.0143,0.0,0.0,,0.4354,0.5254
tidybot-opt11-strips-p04,0,True,57,768,1548,2421,2338,3220,17369,0,0,,,,0,,,26.0,26,26,0.0505,0.0246,0.0015,0.0122,0.0,0.0,,0.6852,0.7744
tidybot-opt11-strips-p05,2,True,90,2747,5248,8119,5077,8780,86937,0,0,,,,2479,,,20.056,26,26,0.3064,0.0569,0.0049,0.0739,0.0,0.0,,899.6025,900.0456
tidybot-opt11-strips-p06,2,True,89,2810,5376,8313,4975,8929,72451,0,0,,,,1530,,,21.0,28,28,0.0919,0.0653,0.0056,0.0462,0.0,0.0,,899.8209,900.0315
tidybot-opt11-strips-p07,0,True,94,2841,5391,8350,5207,8993,82353,0,0,,,,0,,,14.0,14,14,0.0905,0.0527,0.0025,0.0502,0.0,0.0,,2.5648,2.7622
tidybot-opt11-strips-p08,0,True,90,2747,5248,8119,5074,8777,86875,0,0,,,,31,,,20.0,20,20,0.0915,0.0569,0.004,0.0504,0.0,0.0,,8.4877,8.6915
tidybot-opt11-strips-p09,0,True,121,6382,12341,18874,9717,18575,256312,0,0,,,,82,,,18.0,18,18,0.1858,0.1268,0.0086,0.1456,0.0,0.0,,79.3807,79.8505
tidybot-opt11-strips-p10,2,True,125,6980,13563,20698,9893,20681,254417,0,0,,,,1275,,,16.5,27,26,0.1518,0.1574,0.0123,0.147,0.0,0.0,,899.603,900.0745
tidybot-opt11-strips-p11,2,True,126,6965,13521,20638,9837,20565,255042,0,0,,,,3516,,,17.0,18,18,0.1701,0.1762,0.008,0.145,0.0,0.0,,899.5861,900.0883
tidybot-opt11-strips-p12,2,True,125,6979,13565,20699,9910,20685,254948,0,0,,,,1785,,,17.5,27,27,0.1491,0.1499,0.0125,0.1465,0.0,0.0,,899.6273,900.0903
tidybot-opt11-strips-p13,2,True,126,6958,13510,20620,9820,20567,254595,0,0,,,,2555,,,16.111,19,19,0.2105,0.1493,0.0085,0.1471,0.0,0.0,,899.5133,900.0315
tidybot-opt11-strips-p14,0,True,158,10925,21291,32397,15052,31980,485590,0,0,,,,1268,,,18.0,22,18,0.3541,0.251,0.0155,0.2766,0.0,0.0,,491.157,492.0569
tidybot-opt11-strips-p15,2,True,163,11569,22559,34310,15500,33591,507324,0,0,,,,333,,,13.296,21,21,0.275,0.2906,0.0176,0.2926,0.0,0.0,,899.4179,900.299
tidybot-opt11-strips-p16,2,True,153,9562,18653,28396,14228,28771,434850,0,0,,,,714,,,18.1,26,26,0.2584,0.2719,0.017,0.2496,0.0,0.0,,899.3507,900.1505
tidybot-opt11-strips-p17,2,True,153,9885,19237,29300,14133,29313,432575,0,0,,,,375,,,16.579,27,27,0.282,0.2719,0.0185,0.2513,0.0,0.0,,899.302,900.1311
tidybot-opt11-strips-p18,0,True,156,10653,20738,31573,14507,31049,455281,0,0,,,,29,,,20.0,20,20,0.2478,0.2864,0.0145,0.2601,0.0,0.0,,80.264,81.0755
tidybot-opt11-strips-p19,2,True,154,10105,19732,30017,14606,30086,460335,0,0,,,,804,,,15.25,24,23,0.2679,0.3073,0.0158,0.2719,0.0,0.0,,899.4237,900.2919
tidybot-opt11-strips-p20,2,True,145,8620,16771,25573,13541,26029,407297,0,0,,,,658,,,22.0,28,28,0.2614,0.2712,0.0178,0.225,0.0,0.0,,899.3573,900.1381
tidybot-opt14-strips-p01,2,True,153,9350,18198,27728,14199,28256,433836,0,0,,,,596,,,18.0,26,26,0.2764,0.2467,0.0168,0.2483,0.0,0.0,,899.3955,900.1892
tidybot-opt14-strips-p02,2,True,151,8792,17074,26043,13722,26777,411644,0,0,,,,929,,,17.0,29,29,0.2749,0.2504,0.0157,0.231,0.0,0.0,,899.4931,900.2713
tidybot-opt14-strips-p03,2,True,156,10693,20797,31672,14630,31193,456774,0,0,,,,906,,,19.0,21,21,0.7181,0.2734,0.0153,0.2598,0.0,0.0,,899.0152,900.2847
tidybot-opt14-strips-p04,2,True,160,10875,21217,32269,14968,31782,485840,0,0,,,,831,,,11.0,21,21,0.2722,0.2879,0.0155,0.2803,0.0,0.0,,899.4428,900.3015
tidybot-opt14-strips-p05,2,True,156,10901,21316,32400,15116,32038,487613,0,0,,,,345,,,15.0,23,22,0.2535,0.2524,0.0169,0.2752,0.0,0.0,,899.3632,900.1639
tidybot-opt14-strips-p06,2,True,148,8595,16692,25464,13271,26129,383669,0,0,,,,569,,,19.8,27,27,0.26,0.2966,0.0157,0.2194,0.0,0.0,,899.3404,900.1375
tidybot-opt14-strips-p07,2,True,158,10722,20834,31738,14648,31269,457020,0,0,,,,571,,,18.0,25,25,0.2494,0.2912,0.0181,0.2644,0.0,0.0,,899.3087,900.1346
tidybot-opt14-strips-p08,2,True,158,10904,21245,32330,15097,31905,486043,0,0,,,,1567,,,16.482,19,18,0.2483,0.2549,0.014,0.2748,0.0,0.0,,899.4161,900.2109
tidybot-opt14-strips-p09,2,True,186,14748,28776,43730,20936,43368,796530,0,0,,,,241,,,15.0,25,25,0.4244,0.5103,0.0248,0.456,0.0,0.0,,899.0601,900.4864
tidybot-opt14-strips-p10,2,True,182,14395,28129,42733,20127,42396,734706,0,0,,,,266,,,19.0,29,29,0.4475,0.5024,0.0302,0.4285,0.0,0.0,,899.1161,900.5343
tidybot-opt14-strips-p11,2,True,126,6965,13521,20638,9837,20565,255042,0,0,,,,3516,,,17.0,18,18,0.2012,0.1726,0.008,0.1556,0.0,0.0,,899.5402,900.0806
tidybot-opt14-strips-p12,2,True,125,6979,13565,20699,9910,20685,254948,0,0,,,,1789,,,17.5,27,27,0.4667,0.1509,0.0125,0.1473,0.0,0.0,,899.3029,900.0832
tidybot-opt14-strips-p13,2,True,126,6958,13510,20620,9820,20567,254595,0,0,,,,2578,,,16.111,19,19,0.1651,0.1495,0.0086,0.1476,0.0,0.0,,899.5978,900.0715
tidybot-opt14-strips-p14,0,True,158,10925,21291,32397,15052,31980,485590,0,0,,,,1268,,,18.0,22,18,0.2501,0.2519,0.0155,0.2748,0.0,0.0,,489.2155,490.0104
tidybot-opt14-strips-p15,2,True,163,11569,22559,34310,15500,33591,507324,0,0,,,,335,,,13.296,21,21,0.2474,0.2886,0.0177,0.2911,0.0,0.0,,899.4695,900.3195
tidybot-opt14-strips-p16,2,True,153,9562,18653,28396,14228,28771,434850,0,0,,,,714,,,18.1,26,26,0.2852,0.272,0.017,0.2518,0.0,0.0,,899.3338,900.1627
tidybot-opt14-strips-p17,2,True,153,9885,19237,29300,14133,29313,432575,0,0,,,,373,,,16.579,27,27,0.2623,0.2717,0.0185,0.25,0.0,0.0,,899.36,900.1678
tidybot-opt14-strips-p18,0,True,156,10653,20738,31573,14507,31049,455281,0,0,,,,29,,,20.0,20,20,0.2542,0.2882,0.0144,0.2618,0.0,0.0,,80.2513,81.0726
tidybot-opt14-strips-p19,2,True,154,10105,19732,30017,14606,30086,460335,0,0,,,,811,,,15.25,24,23,0.2659,0.306,0.0159,0.2678,0.0,0.0,,899.4259,900.2868
tidybot-opt14-strips-p20,2,True,145,8620,16771,25573,13541,26029,407297,0,0,,,,658,,,22.0,28,28,0.262,0.2699,0.0177,0.2236,0.0,0.0,,899.3874,900.1662
tidybot-sat11-strips-p01,2,True,153,9350,18198,27728,14199,28256,433836,0,0,,,,596,,,18.0,26,26,0.2972,0.2468,0.0168,0.2489,0.0,0.0,,899.3746,900.1872
tidybot-sat11-strips-p02,2,True,151,8792,17074,26043,13722,26777,411644,0,0,,,,921,,,17.0,29,29,0.2868,0.2487,0.0171,0.235,0.0,0.0,,899.4381,900.2285
tidybot-sat11-strips-p03,2,True,156,10693,20797,31672,14630,31193,456774,0,0,,,,908,,,19.0,21,21,0.2657,0.2735,0.0154,0.2596,0.0,0.0,,899.6598,900.4769
tidybot-sat11-strips-p04,2,True,160,10875,21217,32269,14968,31782,485840,0,0,,,,831,,,11.0,21,21,0.2673,0.2882,0.0154,0.2798,0.0,0.0,,899.448,900.3016
tidybot-sat11-strips-p05,2,True,156,10901,21316,32400,15116,32038,487613,0,0,,,,344,,,15.0,23,22,0.2734,0.2524,0.0168,0.275,0.0,0.0,,899.3376,900.158
tidybot-sat11-strips-p06,2,True,148,8595,16692,25464,13271,26129,383669,0,0,,,,569,,,19.8,27,27,0.2675,0.2967,0.0157,0.2213,0.0,0.0,,899.3276,900.1345
tidybot-sat11-strips-p07,2,True,158,10722,20834,31738,14648,31269,457020,0,0,,,,571,,,18.0,25,25,0.2721,0.2901,0.018,0.262,0.0,0.0,,899.265,900.1101
tidybot-sat11-strips-p08,2,True,158,10904,21245,32330,15097,31905,486043,0,0,,,,1567,,,16.482,19,18,0.3542,0.2527,0.014,0.2765,0.0,0.0,,899.2354,900.1355
tidybot-sat11-strips-p09,2,True,186,14748,28776,43730,20936,43368,796530,0,0,,,,241,,,15.0,25,25,0.4666,0.5097,0.0252,0.4561,0.0,0.0,,899.0083,900.4706
tidybot-sat11-strips-p10,2,True,182,14395,28129,42733,20127,42396,734706,0,0,,,,267,,,19.0,29,29,0.4354,0.5017,0.03,0.419,0.0,0.0,,899.0621,900.4579
tidybot-sat11-strips-p11,2,True,195,19284,37817,57320,23441,54226,958405,0,0,,,,168,,,16.0,28,28,0.5171,0.519,0.0419,0.5383,0.0,0.0,,898.6091,900.2298
tidybot-sat11-strips-p12,2,True,200,20468,40175,60865,24735,57451,1044384,0,0,,,,213,,,15.0,23,22,0.403,0.5219,0.0362,0.5826,0.0,0.0,,899.0977,900.6459
tidybot-sat11-strips-p13,2,True,187,16709,32782,49708,22572,48594,895477,0,0,,,,231,,,18.286,27,27,0.6489,0.4595,0.0319,0.5118,0.0,0.0,,898.8241,900.4808
tidybot-sat11-strips-p14,2,True,182,14312,27958,42482,20719,42034,788437,0,0,,,,107,,,19.615,27,26,0.418,0.5182,0.03,0.4288,0.0,0.0,,898.8674,900.2672
tidybot-sat11-strips-p15,2,True,185,16605,32472,49294,25462,47174,1246762,0,0,,,,162,,,21.125,29,29,0.4207,0.6394,0.038,0.6765,0.0,0.0,,898.6523,900.4313
tidybot-sat11-strips-p16,2,True,193,19653,38612,58488,24158,55547,1002672,0,0,,,,159,,,18.0,28,28,0.4041,0.547,0.0425,0.5769,0.0,0.0,,899.0533,900.6283
tidybot-sat11-strips-p17,2,True,230,25953,50979,77181,32796,73667,1587427,0,0,,,,24,,,16.0,34,34,0.987,0.9053,0.0862,0.9067,0.0,0.0,,898.1128,901.0091
tidybot-sat11-strips-p18,2,True,230,27560,54257,82072,34110,77900,1682336,0,0,,,,0,,,16.0,26,26,0.6622,0.8349,0.0813,0.9969,0.0,0.0,,898.2489,900.8347
tidybot-sat11-strips-p19,2,True,262,24662,48489,73483,38670,75095,1879780,0,0,,,,8,,,41.159,59,59,1.8744,2.1689,0.126,1.0622,0.0,0.0,,895.4236,900.6786
tidybot-sat11-strips-p20,2,True,268,32324,63714,96353,43453,93776,2334945,0,0,,,,0,,,30.0,46,46,1.2009,1.6647,0.1757,1.3817,0.0,0.0,,896.4145,900.8563
tpp-p01,0,True,0,2,5,14,5,15,6,0,0,,,,0,,,4.0,4,4,0.0048,0.0,0.0,0.0021,0.0,0.0,,0.0018,0.0088
tpp-p02,0,True,0,3,9,25,10,28,12,0,0,,,,0,,,7.0,7,7,0.0152,0.0,0.0,0.0033,0.0,0.0,,0.0027,0.0214
tpp-p03,0,True,0,4,13,36,15,41,18,0,0,,,,0,,,10.0,10,10,0.0059,0.0,0.0,0.0022,0.0,0.0,,0.0019,0.0101
tpp-p04,0,True,0,5,17,47,20,54,24,0,0,,,,0,,,13.0,13,13,0.0228,0.0,0.0,0.0039,0.0,0.0,,0.0029,0.0297
tpp-p05,0,True,14,34,44,107,55,125,58,0,0,,,,0,,,17.0,17,17,0.0072,0.0001,0.0,0.0026,0.0,0.0,,0.0049,0.0148
tpp-p06,0,True,37,74,84,212,137,272,177,0,0,,,,0,,,21.0,21,21,0.0152,0.0004,0.0001,0.0035,0.0,0.0,,0.0092,0.0285
tpp-p07,0,True,42,88,100,252,160,324,203,0,0,,,,0,,,26.0,26,26,0.007,0.0006,0.0002,0.0037,0.0,0.0,,0.009,0.0205
tpp-p08,0,True,47,100,114,287,184,370,231,0,0,,,,0,,,30.0,30,30,0.0058,0.0007,0.0002,0.002,0.0,0.0,,0.0081,0.017
tpp-p09,0,True,81,195,213,515,344,650,450,0,0,,,,0,,,35.0,35,35,0.0107,0.0015,0.0004,0.0024,0.0,0.0,,0.0225,0.0375
tpp-p10,0,True,91,225,243,587,407,740,529,0,0,,,,0,,,39.0,39,39,0.0289,0.0018,0.0005,0.0078,0.0,0.0,,0.0245,0.0635
tpp-p11,0,True,93,219,252,587,426,771,675,0,0,,,,0,,,30.0,30,30,0.0104,0.0027,0.0004,0.0034,0.0,0.0,,0.0219,0.0389
tpp-p12,0,True,109,255,291,678,494,894,754,0,0,,,,0,,,32.0,32,32,0.013,0.0035,0.0005,0.0028,0.0,0.0,,0.0263,0.0461
tpp-p13,0,True,169,458,486,1128,818,1459,1225,0,0,,,,0,,,31.0,31,31,0.0138,0.007,0.0009,0.0034,0.0,0.0,,0.0825,0.1077
tpp-p14,0,True,188,530,562,1301,962,1679,1439,0,0,,,,0,,,39.0,39,39,0.038,0.0088,0.0015,0.0053,0.0,0.0,,0.0696,0.1233
tpp-p15,0,True,207,594,630,1456,1089,1879,1657,0,0,,,,0,,,45.0,45,45,0.0162,0.0109,0.0019,0.0039,0.0,0.0,,0.1751,0.2082
tpp-p16,0,True,319,997,1057,2401,1861,3164,2998,0,0,,,,0,,,52.0,52,52,0.0291,0.0306,0.0038,0.0063,0.0,0.0,,0.7911,0.8612
tpp-p17,0,True,398,1300,1385,3106,2459,4095,4009,0,0,,,,0,,,50.0,50,50,0.0402,0.0478,0.0051,0.0078,0.0,0.0,,0.4663,0.5676
tpp-p18,0,True,431,1415,1505,3373,2722,4452,4472,0,0,,,,0,,,51.0,51,51,0.0476,0.0559,0.0051,0.0097,0.0,0.0,,0.5492,0.6679
tpp-p19,0,True,472,1625,1715,3843,3043,5037,4948,0,0,,,,0,,,62.0,62,62,0.071,0.0721,0.007,0.0105,0.0,0.0,,0.9179,1.0788
tpp-p20,0,True,505,1770,1865,4176,3306,5466,5395,0,0,,,,0,,,69.0,69,69,0.0564,0.0792,0.0099,0.011,0.0,0.0,,0.8535,1.0106
tpp-p21,0,True,551,2155,2263,5005,3964,6522,6598,0,0,,,,21,,,60.0,60,60,0.1024,0.1446,0.0106,0.0146,0.0,0.0,,2.7633,3.0368
tpp-p22,0,True,598,2286,2406,5317,4096,6970,7034,0,0,,,,0,,,54.0,54,54,0.1075,0.163,0.009,0.0145,0.0,0.0,,0.5075,0.8031
tpp-p23,0,True,638,2439,2559,5671,4444,7423,7428,0,0,,,,61,,,63.0,63,63,0.1124,0.193,0.0118,0.0151,0.0,0.0,,2.8718,3.2056
tpp-p24,0,True,679,2564,2690,5968,4737,7821,7932,0,0,,,,10,,,65.0,65,65,0.1248,0.2104,0.0142,0.0163,0.0,0.0,,3.3348,3.7019
tpp-p25,0,True,826,3393,3554,7816,6455,10187,10844,0,0,,,,0,,,74.0,74,74,0.1841,0.3507,0.0261,0.024,0.0,0.0,,3.1088,3.6957
tpp-p26,0,True,1089,4926,5136,11195,9180,14674,16066,0,0,,,,0,,,77.0,77,77,0.4513,0.7444,0.0395,0.0472,0.0,0.0,,2.4109,3.6971
tpp-p27,0,True,1144,5123,5340,11655,9897,15278,18001,0,0,,,,25,,,83.0,83,83,0.4002,0.8003,0.0552,0.0434,0.0,0.0,,11.6323,12.9355
tpp-p28,0,True,1212,5472,5703,12437,10142,16308,17677,0,0,,,,0,,,87.0,87,87,0.4416,0.9239,0.062,0.0504,0.0,0.0,,7.4596,8.9421
tpp-p29,0,True,1429,7072,7352,15914,13087,20714,22963,0,0,,,,5485,,,102.0,102,102,0.6099,1.3656,0.0777,0.0686,0.0,0.0,,108.0715,110.1993
tpp-p30,0,True,1508,7528,7816,16910,13871,22024,24515,0,0,,,,6245,,,101.0,101,101,0.6719,1.54,0.064,0.0756,0.0,0.0,,152.8387,155.1967
transport-opt08-strips-p01,0,False,18,32,56,108,59,126,112,0,0,,,,0,,,54.0,54,54,0.0092,0.0002,0.0,0.0019,0.0,0.0,,0.0074,0.0189
transport-opt08-strips-p02,0,False,36,140,251,430,324,548,1077,0,0,,,,0,,,119.0,119,119,0.0231,0.0007,0.0001,0.0023,0.0,0.0,,0.1423,0.1685
transport-opt08-strips-p03,0,False,60,230,390,684,507,877,1574,0,0,,,,172,,,165.0,175,165,0.0093,0.0018,0.0003,0.0047,0.0,0.0,,0.1627,0.1789
transport-opt08-strips-p04,0,False,90,583,1051,1729,1331,2184,6127,0,0,,,,549,,,189.0,205,189,0.0275,0.0039,0.0012,0.0066,0.0,0.0,,1.3389,1.3781
transport-opt08-strips-p05,0,False,126,745,1409,2286,1637,2851,7046,0,0,,,,1417,,,227.0,280,227,0.0134,0.0082,0.0025,0.0081,0.0,0.0,,2.6904,2.7227
transport-opt08-strips-p06,2,False,196,1986,3430,5619,5029,7177,31582,0,0,,,,46859,,,227.944,287,265,0.0297,0.0225,0.0087,0.0235,0.0,0.0,,900.014,900.0987
transport-opt08-strips-p07,0,False,248,2434,4354,7044,6110,8967,36854,0,0,,,,57473,,,313.0,342,313,0.2594,0.038,0.0136,0.0267,0.0,0.0,,679.0998,679.4378
transport-opt08-strips-p08,2,False,306,3167,5701,9183,7779,11674,48905,0,0,,,,35611,,,231.0,260,256,0.0389,0.0659,0.0185,0.0362,0.0,0.0,,899.9411,900.1011
transport-opt08-strips-p09,2,False,370,3429,6565,10374,8346,12939,45943,0,0,,,,27001,,,183.292,337,288,0.0432,0.0942,0.0233,0.0369,0.0,0.0,,899.9151,900.113
transport-opt08-strips-p10,2,False,440,4810,8632,13893,11681,17641,75810,0,0,,,,2826,,,209.846,427,349,0.0657,0.1212,0.0485,0.0571,0.0,0.0,,899.7358,900.029
transport-opt08-strips-p11,0,False,22,66,126,216,168,270,524,0,0,,,,0,,,245.0,245,245,0.0317,0.0003,0.0001,0.0034,0.0,0.0,,0.0317,0.0671
transport-opt08-strips-p12,0,False,46,196,364,609,478,776,1747,0,0,,,,0,,,305.0,305,305,0.0116,0.0011,0.0002,0.005,0.0,0.0,,0.5032,0.5213
transport-opt08-strips-p13,0,False,78,460,833,1375,1055,1751,4563,0,0,,,,3370,,,318.0,338,318,0.0096,0.003,0.0012,0.0051,0.0,0.0,,7.3693,7.3882
transport-opt08-strips-p14,0,False,118,692,1257,2072,1616,2661,7139,0,0,,,,4644,,,382.0,382,382,0.0121,0.0064,0.0016,0.0068,0.0,0.0,,13.6306,13.6576
transport-opt08-strips-p15,0,False,166,1168,2110,3450,2592,4386,12851,0,0,,,,26839,,,343.0,450,343,0.0176,0.0148,0.0039,0.0105,0.0,0.0,,122.6679,122.715
transport-opt08-strips-p16,2,False,256,2293,4185,6741,5668,8522,31468,0,0,,,,53255,,,178.743,578,486,0.034,0.0385,0.0113,0.0241,0.0,0.0,,899.961,900.0693
transport-opt08-strips-p17,2,False,325,3076,5704,9113,7632,11540,42553,0,0,,,,16799,,,257.41,658,558,0.0627,0.0688,0.0176,0.0376,0.0,0.0,,899.8785,900.0656
transport-opt08-strips-p18,2,False,402,3796,7216,11423,9246,14280,50725,0,0,,,,21842,,,171.5,564,482,0.0477,0.1172,0.0283,0.0414,0.0,0.0,,899.8793,900.1143
transport-opt08-strips-p19,2,False,487,5347,9577,15421,12858,19597,82376,0,0,,,,2856,,,170.423,551,532,0.0644,0.16,0.0439,0.0601,0.0,0.0,,899.7066,900.0357
transport-opt08-strips-p20,2,False,580,5577,10824,16992,13653,21281,72368,0,0,,,,10215,,,330.652,748,721,0.0824,0.2322,0.0521,0.0633,0.0,0.0,,899.6271,900.0583
transport-opt08-strips-p21,0,False,18,60,108,188,129,230,412,0,0,,,,0,,,320.0,320,320,0.0079,0.0002,0.0,0.0037,0.0,0.0,,0.0233,0.0351
transport-opt08-strips-p22,0,False,36,142,254,435,394,562,1410,0,0,,,,0,,,433.0,434,433,0.0067,0.0007,0.0001,0.0025,0.0,0.0,,0.0935,0.1036
transport-opt08-strips-p23,0,False,60,278,531,873,665,1102,2405,0,0,,,,247,,,505.0,555,505,0.0113,0.0018,0.0003,0.006,0.0,0.0,,0.3003,0.3198
transport-opt08-strips-p24,0,False,90,472,897,1464,1089,1840,4236,0,0,,,,389,,,428.0,678,428,0.0367,0.0041,0.0011,0.012,0.0,0.0,,0.7911,0.8451
transport-opt08-strips-p25,0,False,126,825,1511,2468,1877,3132,8694,0,0,,,,1753,,,549.0,574,549,0.0144,0.008,0.0022,0.0084,0.0,0.0,,1.2027,1.2359
transport-opt08-strips-p26,0,False,196,1615,3041,4859,4072,6086,21100,0,0,,,,85099,,,514.0,607,514,0.0446,0.0255,0.0056,0.0165,0.0,0.0,,376.6536,376.7462
transport-opt08-strips-p27,2,False,248,2386,4378,7020,5912,8833,34297,0,0,,,,105263,,,362.538,589,528,0.0273,0.0393,0.0087,0.0256,0.0,0.0,,903.2798,903.3811
transport-opt08-strips-p28,2,False,306,2688,5147,8150,6644,10194,36002,0,0,,,,68900,,,350.154,697,641,0.0397,0.0643,0.0199,0.0279,0.0,0.0,,903.3312,903.4835
transport-opt08-strips-p29,2,False,370,3613,6692,10685,8742,13435,50905,0,0,,,,30100,,,367.51,873,719,0.042,0.0979,0.0287,0.0389,0.0,0.0,,899.9416,900.1495
transport-opt08-strips-p30,2,False,440,4055,7778,12284,9937,15327,53459,0,0,,,,14699,,,341.935,795,691,0.0561,0.1498,0.0307,0.0417,0.0,0.0,,899.7867,900.0657
transport-opt11-strips-p01,0,False,60,278,531,873,665,1102,2405,0,0,,,,247,,,505.0,555,505,0.0085,0.0019,0.0003,0.0035,0.0,0.0,,0.3003,0.3146
transport-opt11-strips-p02,0,False,60,230,390,684,507,877,1574,0,0,,,,172,,,165.0,175,165,0.0135,0.0018,0.0003,0.0075,0.0,0.0,,0.1633,0.1864
transport-opt11-strips-p03,0,False,46,196,364,609,478,776,1747,0,0,,,,0,,,305.0,305,305,0.0181,0.0011,0.0003,0.0085,0.0,0.0,,0.4996,0.5275
transport-opt11-strips-p04,0,False,78,460,833,1375,1055,1751,4563,0,0,,,,3370,,,318.0,338,318,0.0214,0.0029,0.0012,0.0079,0.0,0.0,,7.3659,7.3995
transport-opt11-strips-p05,0,False,90,472,897,1464,1089,1840,4236,0,0,,,,389,,,428.0,678,428,0.0289,0.004,0.0009,0.0097,0.0,0.0,,0.7883,0.8319
transport-opt11-strips-p06,0,False,90,583,1051,1729,1331,2184,6127,0,0,,,,549,,,189.0,205,189,0.0114,0.0039,0.0011,0.006,0.0,0.0,,1.338,1.3605
transport-opt11-strips-p07,0,False,110,578,1100,1794,1341,2249,5306,0,0,,,,0,,,170.0,198,170,0.0137,0.0059,0.0012,0.0069,0.0,0.0,,0.6323,0.6602
transport-opt11-strips-p08,0,False,132,953,1753,2844,2570,3616,12833,0,0,,,,5511,,,214.0,263,214,0.0198,0.0117,0.0026,0.0125,0.0,0.0,,29.418,29.4647
transport-opt11-strips-p09,0,False,132,743,1419,2301,1647,2866,7014,0,0,,,,164,,,151.0,169,151,0.042,0.0097,0.002,0.0077,0.0,0.0,,1.4948,1.5563
transport-opt11-strips-p10,0,False,156,1133,2107,3403,2965,4316,14672,0,0,,,,116,,,243.0,243,243,0.017,0.0146,0.0037,0.0116,0.0,0.0,,3.5323,3.5794
transport-opt11-strips-p11,0,False,146,883,1699,2736,1938,3412,8918,0,0,,,,4959,,,404.0,430,404,0.0871,0.0125,0.0031,0.0131,0.0,0.0,,22.0463,22.1623
transport-opt11-strips-p12,2,False,171,1330,2554,4063,3388,5078,18209,0,0,,,,270264,,,253.375,454,438,0.0222,0.0211,0.0045,0.0147,0.0,0.0,,900.0108,900.0736
transport-opt11-strips-p13,0,False,156,1060,1974,3198,2378,4055,11751,0,0,,,,22589,,,224.0,229,224,0.016,0.0119,0.0043,0.0114,0.0,0.0,,60.7784,60.8221
transport-opt11-strips-p14,0,False,182,1445,2685,4320,3764,5470,19574,0,0,,,,15366,,,240.0,257,240,0.0302,0.0212,0.005,0.0168,0.0,0.0,,61.4807,61.5541
transport-opt11-strips-p15,0,False,171,1088,2090,3358,2360,4164,10882,0,0,,,,7599,,,589.0,720,589,0.0186,0.0153,0.0042,0.0093,0.0,0.0,,11.2638,11.3113
transport-opt11-strips-p16,0,False,198,1577,3025,4809,3958,5969,20540,0,0,,,,7929,,,561.0,854,561,0.084,0.0268,0.0064,0.0155,0.0,0.0,,46.1856,46.3185
transport-opt11-strips-p17,0,False,126,745,1409,2286,1637,2851,7046,0,0,,,,1417,,,227.0,280,227,0.0134,0.0082,0.0025,0.0068,0.0,0.0,,2.6903,2.7215
transport-opt11-strips-p18,0,False,118,692,1257,2072,1616,2661,7139,0,0,,,,4644,,,382.0,382,382,0.0149,0.0064,0.0016,0.0071,0.0,0.0,,13.613,13.6431
transport-opt11-strips-p19,0,False,126,825,1511,2468,1877,3132,8694,0,0,,,,1753,,,549.0,574,549,0.0125,0.008,0.0022,0.0075,0.0,0.0,,1.204,1.2344
transport-opt11-strips-p20,2,False,196,1986,3430,5619,5029,7177,31582,0,0,,,,47085,,,227.876,287,265,0.0219,0.0226,0.0087,0.0349,0.0,0.0,,900.018,900.1064
transport-opt14-strips-p01,0,False,36,127,237,404,318,494,919,0,0,,,,0,,,90.0,90,90,0.0062,0.0008,0.0001,0.0024,0.0,0.0,,0.0356,0.0452
transport-opt14-strips-p02,0,False,66,287,503,860,707,1115,2524,0,0,,,,0,,,127.0,145,127,0.0244,0.0021,0.0005,0.0036,0.0,0.0,,0.106,0.1367
transport-opt14-strips-p03,0,False,90,521,981,1597,1182,2002,5085,0,0,,,,0,,,174.0,190,174,0.0098,0.0042,0.0013,0.0051,0.0,0.0,,0.4216,0.442
transport-opt14-strips-p04,0,False,134,791,1489,2419,2085,3061,8598,0,0,,,,818,,,164.0,164,164,0.0141,0.0102,0.0017,0.0074,0.0,0.0,,2.6651,2.6987
transport-opt14-strips-p05,2,False,177,1664,2948,4795,4133,6091,25533,0,0,,,,100802,,,204.321,334,263,0.0204,0.0178,0.0082,0.0191,0.0,0.0,,900.0677,900.1335
transport-opt14-strips-p06,0,False,195,1394,2674,4269,3460,5391,16532,0,0,,,,3052,,,260.0,272,260,0.0239,0.0228,0.0042,0.0139,0.0,0.0,,10.3232,10.3882
transport-opt14-strips-p07,0,False,66,318,606,994,764,1260,2954,0,0,,,,100,,,360.0,375,360,0.0083,0.0025,0.0004,0.0035,0.0,0.0,,1.4318,1.4466
transport-opt14-strips-p08,0,False,126,639,1199,1968,1463,2512,5877,0,0,,,,3379,,,370.0,383,370,0.0122,0.0076,0.0014,0.0061,0.0,0.0,,8.8931,8.9205
transport-opt14-strips-p09,0,False,174,1059,1999,3237,2356,4097,10204,0,0,,,,20835,,,394.0,450,394,0.0148,0.0145,0.0035,0.0093,0.0,0.0,,66.0317,66.074
transport-opt14-strips-p10,2,False,254,2004,3674,5937,4951,7639,26336,0,0,,,,63313,,,197.868,520,517,0.023,0.0353,0.0072,0.0197,0.0,0.0,,899.9602,900.0456
transport-opt14-strips-p11,2,False,339,2926,5488,8759,7293,11056,38454,0,0,,,,15160,,,177.0,590,542,0.0369,0.0766,0.0145,0.0529,0.0,0.0,,899.8368,900.018
transport-opt14-strips-p12,2,False,375,3159,5777,9317,7782,11944,41243,0,0,,,,13620,,,212.901,611,570,0.0451,0.0805,0.0173,0.0336,0.0,0.0,,899.8343,900.0111
transport-opt14-strips-p13,0,False,96,549,997,1646,1268,2121,5438,0,0,,,,275,,,473.0,500,473,0.0099,0.0041,0.0009,0.0088,0.0,0.0,,1.0209,1.0447
transport-opt14-strips-p14,0,False,186,1019,1790,2999,2399,3914,10098,0,0,,,,2257,,,336.0,339,336,0.0151,0.0141,0.0022,0.0088,0.0,0.0,,2.9216,2.962
transport-opt14-strips-p15,0,False,258,1649,2944,4856,3740,6273,16865,0,0,,,,85348,,,601.0,601,601,0.0204,0.0277,0.0054,0.014,0.0,0.0,,579.0186,579.0863
transport-opt14-strips-p16,2,False,374,2741,4942,8062,7083,10453,34227,0,0,,,,35008,,,271.271,593,584,0.0388,0.0717,0.0121,0.0283,0.0,0.0,,899.867,900.0182
transport-opt14-strips-p17,2,False,501,4705,8575,13787,11470,17580,64489,0,0,,,,19868,,,293.628,683,625,0.0635,0.1513,0.0237,0.052,0.0,0.0,,899.8554,900.1466
transport-opt14-strips-p18,2,False,555,5002,9108,14671,12303,18745,67936,0,0,,,,12294,,,295.5,673,645,0.0743,0.1761,0.0302,0.0555,0.0,0.0,,899.6891,900.0261
transport-opt14-strips-p19,2,False,616,5014,9478,15115,12405,19095,62116,0,0,,,,9523,,,338.506,923,773,0.0801,0.2262,0.0275,0.0586,0.0,0.0,,899.6285,900.022
transport-opt14-strips-p20,2,False,616,5014,9478,15115,12405,19095,62116,0,0,,,,9521,,,338.506,923,773,0.0823,0.2265,0.0273,0.0582,0.0,0.0,,899.6269,900.0223
transport-sat08-strips-p01,0,False,26,82,142,252,162,309,478,0,0,,,,0,,,54.0,54,54,0.0151,0.0003,0.0001,0.003,0.0,0.0,,0.035,0.0536
transport-sat08-strips-p02,0,False,66,299,531,900,716,1162,2670,0,0,,,,65,,,152.0,155,152,0.0086,0.0021,0.0004,0.0035,0.0,0.0,,0.1477,0.1623
transport-sat08-strips-p03,0,False,150,1227,2243,3626,3106,4565,16415,0,0,,,,31880,,,211.0,238,211,0.0182,0.0136,0.0045,0.0136,0.0,0.0,,136.8188,136.8689
transport-sat08-strips-p04,2,False,237,2179,3882,6306,5525,8051,30716,0,0,,,,69234,,,168.527,247,240,0.0279,0.0338,0.0067,0.0243,0.0,0.0,,902.4563,902.5493
transport-sat08-strips-p05,2,False,344,3003,5765,9122,7390,11399,39465,0,0,,,,38509,,,234.0,363,291,0.0578,0.0793,0.0132,0.0336,0.0,0.0,,899.9602,900.1445
transport-sat08-strips-p06,2,False,516,6545,12245,19318,17804,24265,125055,0,0,,,,1289,,,175.849,430,363,0.0955,0.2375,0.0586,0.0925,0.0,0.0,,899.596,900.0811
transport-sat08-strips-p07,2,False,670,9375,16833,26892,25208,34274,191116,0,0,,,,1233,,,272.313,462,430,0.1284,0.4014,0.1025,0.1414,0.0,0.0,,899.266,900.0414
transport-sat08-strips-p08,2,False,844,11825,21783,34468,31592,43587,241833,0,0,,,,2384,,,308.637,360,340,0.2346,0.6492,0.1528,0.2029,0.0,0.0,,898.8031,900.0449
transport-sat08-strips-p09,2,False,1038,15442,27877,44375,40698,56556,314121,0,0,,,,1286,,,278.546,432,406,0.2794,0.9585,0.2183,0.2664,0.0,0.0,,898.3346,900.0599
transport-sat08-strips-p10,2,False,1252,18354,33971,53597,48228,67778,365730,0,0,,,,1214,,,332.971,544,544,0.4334,1.4634,0.3492,0.3717,0.0,0.0,,897.4523,900.0737
transport-sat08-strips-p11,0,False,30,103,195,330,247,424,716,0,0,,,,71,,,262.0,262,262,0.0254,0.0005,0.0001,0.0178,0.0,0.0,,0.0735,0.1172
transport-sat08-strips-p12,0,False,78,379,727,1188,899,1515,3508,0,0,,,,3875,,,258.0,293,258,0.0095,0.0033,0.0006,0.0054,0.0,0.0,,4.6728,4.6917
transport-sat08-strips-p13,2,False,177,1461,2608,4252,3675,5469,21464,0,0,,,,92691,,,189.167,390,370,0.0568,0.0193,0.0041,0.0166,0.0,0.0,,899.9179,900.0149
transport-sat08-strips-p14,2,False,281,2566,4738,7593,6329,9611,36344,0,0,,,,24881,,,160.08,542,493,0.0344,0.0488,0.0155,0.0272,0.0,0.0,,899.9666,900.0929
transport-sat08-strips-p15,2,False,409,3936,7290,11645,9632,14714,56213,0,0,,,,12797,,,168.561,555,517,0.0723,0.1272,0.0313,0.0445,0.0,0.0,,899.7931,900.0723
transport-sat08-strips-p16,2,False,612,8185,14965,23774,21829,30097,157298,0,0,,,,1221,,,176.873,667,585,0.1121,0.342,0.1037,0.1187,0.0,0.0,,899.3788,900.0568
transport-sat08-strips-p17,2,False,796,9999,18897,29706,26820,37454,181558,0,0,,,,1213,,,269.298,737,685,0.2291,0.6224,0.1836,0.1594,0.0,0.0,,898.8702,900.0669
transport-sat08-strips-p18,2,False,1004,13785,25414,40219,36498,51030,263698,0,0,,,,1276,,,275.309,721,661,0.3706,0.9579,0.2827,0.2342,0.0,0.0,,898.2017,900.0499
transport-sat08-strips-p19,2,False,1236,17209,32671,51134,45234,64324,319019,0,0,,,,1206,,,246.348,863,762,0.7601,1.4741,0.4261,0.3241,0.0,0.0,,897.0941,900.0823
transport-sat08-strips-p20,2,False,1492,19973,37819,59304,52041,74609,374843,0,0,,,,1249,,,295.21,854,739,0.5404,2.1149,0.6741,0.4247,0.0,0.0,,896.2604,900.0193
transport-sat08-strips-p21,0,False,30,105,183,320,274,416,833,0,0,,,,0,,,386.0,386,386,0.0285,0.0004,0.0001,0.0256,0.0,0.0,,0.0292,0.0839
transport-sat08-strips-p22,0,False,78,392,734,1208,932,1535,3727,0,0,,,,0,,,421.0,421,421,0.0089,0.0033,0.0004,0.0046,0.0,0.0,,0.7044,0.7217
transport-sat08-strips-p23,2,False,177,1440,2616,4239,3714,5373,19018,0,0,,,,226099,,,470.0,563,512,0.0439,0.0187,0.0051,0.0176,0.0,0.0,,900.0867,900.1723
transport-sat08-strips-p24,2,False,281,2627,4907,7823,6623,9909,36877,0,0,,,,90422,,,623.5,653,638,0.0295,0.0472,0.0127,0.0266,0.0,0.0,,899.9805,900.0969
transport-sat08-strips-p25,2,False,409,4300,7738,12457,10502,15862,63447,0,0,,,,7845,,,329.588,732,680,0.0729,0.1078,0.0384,0.0479,0.0,0.0,,899.7786,900.0461
transport-sat08-strips-p26,2,False,612,7048,13546,21218,18740,26491,118929,0,0,,,,3602,,,333.88,685,631,0.2435,0.3747,0.0644,0.1013,0.0,0.0,,899.2706,900.0561
transport-sat08-strips-p27,2,False,796,9647,18696,29153,25767,36420,165633,0,0,,,,1162,,,417.043,931,825,0.1698,0.6811,0.1294,0.1435,0.0,0.0,,899.014,900.1404
transport-sat08-strips-p28,2,False,1004,12795,24721,38536,33942,48057,221723,0,0,,,,1244,,,433.2,995,995,0.3535,1.1024,0.2033,0.2144,0.0,0.0,,898.1863,900.0626
transport-sat08-strips-p29,2,False,1236,17323,31879,50456,45500,64013,330330,0,0,,,,1192,,,463.337,1042,1042,0.3776,1.3757,0.2932,0.3282,0.0,0.0,,900.3538,902.732
transport-sat08-strips-p30,2,False,1492,20833,39665,62010,54711,78051,381262,0,0,,,,1192,,,551.398,1479,1479,0.5344,2.163,0.4239,0.4445,0.0,0.0,,896.4961,900.0667
transport-sat11-strips-p01,2,False,844,11825,21783,34468,31592,43587,241833,0,0,,,,2384,,,308.637,360,340,0.2073,0.6497,0.1529,0.2016,0.0,0.0,,898.835,900.049
transport-sat11-strips-p02,2,False,1038,15442,27877,44375,40698,56556,314121,0,0,,,,1286,,,278.546,432,406,0.2861,0.9575,0.2217,0.4119,0.0,0.0,,898.1905,900.0703
transport-sat11-strips-p03,2,False,1236,17323,31879,50456,45500,64013,330330,0,0,,,,1192,,,463.337,1042,1042,0.7561,1.3838,0.2912,0.3343,0.0,0.0,,899.8175,902.5865
transport-sat11-strips-p04,2,False,612,8185,14965,23774,21829,30097,157298,0,0,,,,1221,,,176.873,667,585,0.1162,0.341,0.1039,0.1223,0.0,0.0,,899.3764,900.0613
transport-sat11-strips-p05,2,False,796,9999,18897,29706,26820,37454,181558,0,0,,,,1213,,,269.298,737,685,0.1708,0.6237,0.1878,0.1493,0.0,0.0,,898.9295,900.0634
transport-sat11-strips-p06,2,False,1004,13785,25414,40219,36498,51030,263698,0,0,,,,1276,,,275.309,721,661,0.2915,0.9665,0.2839,0.2339,0.0,0.0,,898.2747,900.0531
transport-sat11-strips-p07,2,False,1236,17209,32671,51134,45234,64324,319019,0,0,,,,1206,,,246.348,863,762,0.3977,1.4742,0.4233,0.3262,0.0,0.0,,897.4399,900.065
transport-sat11-strips-p08,2,False,1252,18354,33971,53597,48228,67778,365730,0,0,,,,1214,,,332.971,544,544,0.3974,1.4668,0.35,0.359,0.0,0.0,,897.501,900.0778
transport-sat11-strips-p09,2,False,1492,19973,37819,59304,52041,74609,374843,0,0,,,,1249,,,295.21,854,739,0.5485,2.1428,0.6785,0.426,0.0,0.0,,896.2487,900.0493
transport-sat11-strips-p10,2,False,1492,20833,39665,62010,54711,78051,381262,0,0,,,,1192,,,551.398,1479,1479,1.1071,2.1588,0.4264,0.4441,0.0,0.0,,895.9237,900.0655
transport-sat11-strips-p11,2,False,1356,19470,36127,56975,51025,72203,381376,0,0,,,,822,,,370.392,496,462,0.4606,1.9487,0.3311,0.4053,0.0,0.0,,896.9648,900.1146
transport-sat11-strips-p12,2,False,1324,18122,34440,53906,47615,67759,342943,0,0,,,,1177,,,343.802,538,538,0.4383,1.6657,0.3582,0.371,0.0,0.0,,897.2308,900.0683
transport-sat11-strips-p13,2,False,1434,21066,39090,61612,54728,77933,421543,0,0,,,,1200,,,363.287,574,574,0.6157,1.9766,0.5555,0.4384,0.0,0.0,,896.4885,900.0792
transport-sat11-strips-p14,2,False,3176,43243,84751,131192,113221,163978,772105,0,0,,,,0,,,391.756,991,991,2.4617,12.3102,1.9738,2.0578,0.0,0.0,,881.5322,900.3502
transport-sat11-strips-p15,2,False,3028,43871,83471,130390,114825,164248,820576,0,0,,,,0,,,405.496,1007,1007,1.9652,8.6484,1.799,1.934,0.0,0.0,,885.7987,900.1583
transport-sat11-strips-p16,2,False,3280,50809,94391,148502,131220,188237,995781,0,0,,,,0,,,378.429,977,977,4.0767,11.5309,3.5,2.4259,0.0,0.0,,878.7684,900.317
transport-sat11-strips-p17,2,False,4736,69511,132381,206650,179321,260295,1309019,0,0,,,,0,,,462.65,1335,1335,4.7593,23.6861,5.2045,5.1088,0.0,0.0,,861.5937,900.3806
transport-sat11-strips-p18,2,False,4588,65607,124649,194864,170938,245922,1219476,0,0,,,,0,,,424.545,1225,1225,4.4299,22.1448,2.2584,4.4076,0.0,0.0,,866.9477,900.2095
transport-sat11-strips-p19,2,False,4970,69163,135519,209674,180588,262271,1252520,0,0,,,,0,,,413.292,1335,1335,5.1977,28.3084,6.7792,8.568,0.0,0.0,,851.3684,900.2533
transport-sat11-strips-p20,2,False,5204,77022,146630,228878,200351,288276,1458316,0,0,,,,0,,,487.402,1335,1335,6.1654,26.8819,6.0516,5.8818,0.0,0.0,,855.4888,900.4924
transport-sat14-strips-p01,2,False,1512,20463,40180,62180,54040,77477,383031,0,0,,,,1245,,,331.782,571,523,0.5695,2.4261,0.393,0.4615,0.0,0.0,,896.1609,900.0161
transport-sat14-strips-p02,2,False,1874,25945,51071,78920,68171,98334,514097,0,0,,,,2348,,,388.986,661,595,0.855,4.0551,1.3183,0.6907,0.0,0.0,,896.9076,903.8344
transport-sat14-strips-p03,2,False,1599,23988,44566,70178,62562,88745,491494,0,0,,,,22,,,340.954,610,610,0.6237,2.594,0.4928,0.5444,0.0,0.0,,895.9078,900.1685
transport-sat14-strips-p04,2,False,4006,59624,113949,177604,154845,223506,1093970,0,0,,,,0,,,456.931,1147,1147,3.4625,17.0874,3.903,3.6013,0.0,0.0,,872.1001,900.1646
transport-sat14-strips-p05,2,False,4628,74263,138493,217414,189631,275250,1497371,0,0,,,,0,,,388.218,1035,1035,4.716,22.6198,7.3106,5.3489,0.0,0.0,,860.2265,900.242
transport-sat14-strips-p06,2,False,4006,59624,113949,177604,154845,223506,1093970,0,0,,,,0,,,456.931,1147,1147,4.0282,17.1149,3.8277,3.5159,0.0,0.0,,871.6554,900.1542
transport-sat14-strips-p07,2,False,5978,104047,184835,294885,263314,378726,2184175,0,0,,,,0,,,567.195,1444,1444,7.6483,34.2676,8.2034,8.3365,0.0,0.0,,841.7825,900.2525
transport-sat14-strips-p08,2,False,6906,111539,207959,326434,284703,413448,2197158,0,0,,,,0,,,572.25,1530,1530,10.4376,48.09,12.4213,11.036,0.0,0.0,,818.2976,900.3863
transport-sat14-strips-p09,2,False,5978,104047,184835,294885,263314,378726,2184175,0,0,,,,0,,,567.195,1444,1444,7.5212,34.1277,8.1626,8.3194,0.0,0.0,,842.3932,900.5387
transport-sat14-strips-p10,2,False,5804,87175,166300,259304,226700,326351,1671504,0,0,,,,0,,,505.039,1471,1471,7.0774,32.8677,6.3022,7.3983,0.0,0.0,,846.8359,900.4953
transport-sat14-strips-p11,2,False,1890,34794,64059,100768,99342,127918,885762,0,0,,,,0,,,373.351,644,644,1.2263,4.4511,0.8975,0.9743,0.0,0.0,,892.5358,900.0927
transport-sat14-strips-p12,2,False,2214,36159,65783,104186,92680,132570,781764,0,0,,,,0,,,404.554,699,631,1.203,4.9299,1.6249,1.1346,0.0,0.0,,891.3433,900.244
transport-sat14-strips-p13,2,False,1798,20287,38315,60425,47457,76096,318472,0,0,,,,1200,,,352.112,605,569,0.6188,2.5862,0.5057,0.4666,0.0,0.0,,895.8911,900.0743
transport-sat14-strips-p14,2,False,3690,64953,124803,193471,185930,243342,1469942,0,0,,,,0,,,363.102,1000,1000,3.5363,17.3863,4.2375,3.9254,0.0,0.0,,871.0742,900.1802
transport-sat14-strips-p15,2,False,4288,64912,124260,193490,167041,243317,1258603,0,0,,,,0,,,449.5,1118,1118,4.3104,21.6484,5.6997,4.2012,0.0,0.0,,864.3269,900.2062
transport-sat14-strips-p16,2,False,3506,41608,78733,123872,96630,156021,645806,0,0,,,,0,,,401.074,1041,1041,2.1546,9.4797,2.1116,2.027,0.0,0.0,,884.3072,900.092
transport-sat14-strips-p17,2,False,5490,101454,190606,297575,287111,376694,2332235,0,0,,,,0,,,585.75,1375,1375,7.8396,41.3528,7.253,8.0616,0.0,0.0,,835.8265,900.3636
transport-sat14-strips-p18,2,False,6498,99218,189848,295594,255320,371764,1846896,0,0,,,,0,,,513.398,1496,1496,9.1614,47.2575,8.9552,9.0704,0.0,0.0,,825.8033,900.2633
transport-sat14-strips-p19,2,False,5326,68252,124902,198505,157232,252354,1117526,0,0,,,,0,,,532.989,1262,1262,4.7499,22.6226,4.324,5.0232,0.0,0.0,,863.4605,900.1979
transport-sat14-strips-p20,2,False,6030,107729,206629,320413,308858,402996,2431058,0,0,,,,0,,,553.583,1472,1472,9.1367,44.2658,9.3405,10.1802,0.0,0.0,,827.407,900.3645
trucks-p01,-3,False,0,0,0,0,0,0,0,0,0,,,,0,,,0.0,1e+20,1e+20,0,0,0,0,0,0,,0,0
trucks-p02,-3,False,0,0,0,0,0,0,0,0,0,,,,0,,,0.0,1e+20,1e+20,0,0,0,0,0,0,,0,0
trucks-p03,-3,False,0,0,0,0,0,0,0,0,0,,,,0,,,0.0,1e+20,1e+20,0,0,0,0,0,0,,0,0
trucks-p04,-3,False,0,0,0,0,0,0,0,0,0,,,,0,,,0.0,1e+20,1e+20,0,0,0,0,0,0,,0,0
trucks-p05,-3,False,0,0,0,0,0,0,0,0,0,,,,0,,,0.0,1e+20,1e+20,0,0,0,0,0,0,,0,0
trucks-p06,-3,False,0,0,0,0,0,0,0,0,0,,,,0,,,0.0,1e+20,1e+20,0,0,0,0,0,0,,0,0
trucks-p07,-3,False,0,0,0,0,0,0,0,0,0,,,,0,,,0.0,1e+20,1e+20,0,0,0,0,0,0,,0,0
trucks-p08,-3,False,0,0,0,0,0,0,0,0,0,,,,0,,,0.0,1e+20,1e+20,0,0,0,0,0,0,,0,0
trucks-p09,-3,False,0,0,0,0,0,0,0,0,0,,,,0,,,0.0,1e+20,1e+20,0,0,0,0,0,0,,0,0
trucks-p10,-3,False,0,0,0,0,0,0,0,0,0,,,,0,,,0.0,1e+20,1e+20,0,0,0,0,0,0,,0,0
trucks-p11,-3,False,0,0,0,0,0,0,0,0,0,,,,0,,,0.0,1e+20,1e+20,0,0,0,0,0,0,,0,0
trucks-p12,-3,False,0,0,0,0,0,0,0,0,0,,,,0,,,0.0,1e+20,1e+20,0,0,0,0,0,0,,0,0
trucks-p13,-3,False,0,0,0,0,0,0,0,0,0,,,,0,,,0.0,1e+20,1e+20,0,0,0,0,0,0,,0,0
trucks-p14,-3,False,0,0,0,0,0,0,0,0,0,,,,0,,,0.0,1e+20,1e+20,0,0,0,0,0,0,,0,0
trucks-p15,-3,False,0,0,0,0,0,0,0,0,0,,,,0,,,0.0,1e+20,1e+20,0,0,0,0,0,0,,0,0
trucks-p16,-3,False,0,0,0,0,0,0,0,0,0,,,,0,,,0.0,1e+20,1e+20,0,0,0,0,0,0,,0,0
trucks-p17,-3,False,0,0,0,0,0,0,0,0,0,,,,0,,,0.0,1e+20,1e+20,0,0,0,0,0,0,,0,0
trucks-p18,-3,False,0,0,0,0,0,0,0,0,0,,,,0,,,0.0,1e+20,1e+20,0,0,0,0,0,0,,0,0
trucks-p19,-3,False,0,0,0,0,0,0,0,0,0,,,,0,,,0.0,1e+20,1e+20,0,0,0,0,0,0,,0,0
trucks-p20,-3,False,0,0,0,0,0,0,0,0,0,,,,0,,,0.0,1e+20,1e+20,0,0,0,0,0,0,,0,0
trucks-p21,-3,False,0,0,0,0,0,0,0,0,0,,,,0,,,0.0,1e+20,1e+20,0,0,0,0,0,0,,0,0
trucks-p22,-3,False,0,0,0,0,0,0,0,0,0,,,,0,,,0.0,1e+20,1e+20,0,0,0,0,0,0,,0,0
trucks-p23,-3,False,0,0,0,0,0,0,0,0,0,,,,0,,,0.0,1e+20,1e+20,0,0,0,0,0,0,,0,0
trucks-p24,-3,False,0,0,0,0,0,0,0,0,0,,,,0,,,0.0,1e+20,1e+20,0,0,0,0,0,0,,0,0
trucks-p25,-3,False,0,0,0,0,0,0,0,0,0,,,,0,,,0.0,1e+20,1e+20,0,0,0,0,0,0,,0,0
trucks-p26,-3,False,0,0,0,0,0,0,0,0,0,,,,0,,,0.0,1e+20,1e+20,0,0,0,0,0,0,,0,0
trucks-p27,-3,False,0,0,0,0,0,0,0,0,0,,,,0,,,0.0,1e+20,1e+20,0,0,0,0,0,0,,0,0
trucks-p28,-3,False,0,0,0,0,0,0,0,0,0,,,,0,,,0.0,1e+20,1e+20,0,0,0,0,0,0,,0,0
trucks-p29,-3,False,0,0,0,0,0,0,0,0,0,,,,0,,,0.0,1e+20,1e+20,0,0,0,0,0,0,,0,0
trucks-p30,-3,False,0,0,0,0,0,0,0,0,0,,,,0,,,0.0,1e+20,1e+20,0,0,0,0,0,0,,0,0
trucks-strips-p01,0,True,14,33,48,107,52,122,68,0,0,,,,0,,,11.0,11,11,0.0123,0.0004,0.0,0.0046,0.0,0.0,,0.0098,0.0271
trucks-strips-p02,0,True,17,40,55,126,62,143,79,0,0,,,,0,,,14.0,14,14,0.0081,0.0004,0.0001,0.0022,0.0,0.0,,0.0081,0.0189
trucks-strips-p03,0,True,23,53,81,175,77,194,105,0,0,,,,0,,,17.0,17,17,0.0085,0.001,0.0001,0.0024,0.0,0.0,,0.0094,0.0214
trucks-strips-p04,0,True,26,60,90,197,90,221,124,0,0,,,,0,,,20.0,20,20,0.0078,0.0014,0.0001,0.0019,0.0,0.0,,0.0098,0.021
trucks-strips-p05,0,True,32,73,112,242,103,268,133,0,0,,,,0,,,23.0,23,23,0.0273,0.0027,0.0001,0.005,0.0,0.0,,0.0155,0.0508
trucks-strips-p06,0,True,35,80,121,264,120,295,160,0,0,,,,0,,,26.0,26,26,0.0212,0.0032,0.0002,0.0145,0.0,0.0,,0.0131,0.0524
trucks-strips-p07,0,True,38,102,132,293,151,327,218,0,0,,,,0,,,20.0,20,20,0.014,0.0019,0.0002,0.002,0.0,0.0,,0.0066,0.0247
trucks-strips-p08,0,True,46,127,186,386,162,414,254,0,0,,,,0,,,24.0,24,24,0.0139,0.0041,0.0002,0.0017,0.0,0.0,,0.014,0.0341
trucks-strips-p09,0,True,52,140,202,423,173,449,272,0,0,,,,0,,,26.0,26,26,0.0165,0.0053,0.0003,0.0019,0.0,0.0,,0.0095,0.0337
trucks-strips-p10,0,True,56,153,217,458,220,504,345,0,0,,,,0,,,30.0,30,30,0.0193,0.0065,0.0004,0.0022,0.0,0.0,,0.0159,0.0445
trucks-strips-p11,0,True,65,178,257,535,227,571,361,0,0,,,,0,,,33.0,33,33,0.0307,0.0126,0.0005,0.002,0.0,0.0,,0.0173,0.0634
trucks-strips-p12,0,True,70,191,274,574,256,619,398,0,0,,,,0,,,36.0,36,36,0.0268,0.0134,0.0006,0.0031,0.0,0.0,,0.0184,0.0626
trucks-strips-p13,0,True,78,249,348,709,342,770,590,0,0,,,,0,,,30.0,30,30,0.0524,0.0142,0.0006,0.0152,0.0,0.0,,0.0138,0.0964
trucks-strips-p14,0,True,84,270,372,763,326,803,535,0,0,,,,0,,,34.0,34,34,0.0483,0.0157,0.0008,0.0034,0.0,0.0,,0.0205,0.0889
trucks-strips-p15,0,True,91,291,395,815,391,880,655,0,0,,,,0,,,37.0,37,37,0.0307,0.0192,0.001,0.0028,0.0,0.0,,0.0207,0.0747
trucks-strips-p16,0,True,98,312,421,873,396,929,659,0,0,,,,0,,,40.0,40,40,0.033,0.0229,0.0011,0.0027,0.0,0.0,,0.0218,0.082
trucks-strips-p17,0,True,110,353,487,996,453,1064,780,0,0,,,,0,,,43.0,43,43,0.0558,0.0447,0.0014,0.0027,0.0,0.0,,0.0239,0.1294
trucks-strips-p18,0,True,117,374,511,1050,452,1105,767,0,0,,,,0,,,46.0,46,46,0.0726,0.0453,0.0016,0.0041,0.0,0.0,,0.0257,0.1503
trucks-strips-p19,0,True,125,462,613,1243,578,1319,1027,0,0,,,,0,,,41.0,41,41,0.0634,0.0423,0.0016,0.0049,0.0,0.0,,0.0269,0.14
trucks-strips-p20,0,True,134,493,648,1320,636,1410,1160,0,0,,,,0,,,44.0,44,44,0.0597,0.053,0.0019,0.0031,0.0,0.0,,0.0273,0.146
trucks-strips-p21,0,True,143,524,687,1405,684,1507,1230,0,0,,,,0,,,47.0,47,47,0.0646,0.0561,0.0022,0.0034,0.0,0.0,,0.0279,0.1554
trucks-strips-p22,0,True,152,555,660,1418,735,1535,1227,0,0,,,,0,,,50.0,50,50,0.1116,0.0676,0.0026,0.0077,0.0,0.0,,0.027,0.2177
trucks-strips-p23,0,True,167,616,752,1589,816,1719,1424,0,0,,,,0,,,53.0,53,53,1.2273,0.1252,0.0032,0.0047,0.0,0.0,,0.0309,1.3932
trucks-strips-p24,0,True,176,647,784,1664,815,1781,1351,0,0,,,,0,,,56.0,56,56,0.1412,0.1393,0.0037,0.0063,0.0,0.0,,0.0319,0.3244
trucks-strips-p25,0,True,186,771,987,1995,899,2078,1594,0,0,,,,0,,,50.0,50,50,0.1277,0.1191,0.0038,0.0051,0.0,0.0,,0.043,0.3009
trucks-strips-p26,0,True,196,814,1036,2101,912,2167,1624,0,0,,,,0,,,54.0,54,54,0.1639,0.1158,0.0046,0.0062,0.0,0.0,,0.037,0.3297
trucks-strips-p27,0,True,207,857,1085,2207,1079,2340,2008,0,0,,,,0,,,57.0,57,57,0.1496,0.1519,0.0052,0.005,0.0,0.0,,0.0387,0.3528
trucks-strips-p28,0,True,218,900,1134,2313,1135,2453,2157,0,0,,,,0,,,60.0,60,60,0.1953,0.1702,0.006,0.0072,0.0,0.0,,0.0424,0.4236
trucks-strips-p29,0,True,236,985,1267,2552,1240,2706,2375,0,0,,,,0,,,63.0,63,63,1.2394,0.2997,0.0072,0.0085,0.0,0.0,,0.0472,1.6068
trucks-strips-p30,0,True,247,1028,1316,2658,1297,2819,2482,0,0,,,,0,,,66.0,66,66,0.3586,0.3706,0.0081,0.0094,0.0,0.0,,0.0488,0.8007
visitall-opt11-strips-problem02-full,0,True,0,4,8,18,4,18,4,0,0,,,,0,,,3.0,3,3,0.0109,0.0,0.0,0.0027,0.0,0.0,,0.0025,0.0161
visitall-opt11-strips-problem02-half,0,True,2,4,5,13,2,11,2,0,0,,,,0,,,1.0,1,1,0.1277,0.0,0.0,0.0112,0.0,0.0,,0.002,0.1409
visitall-opt11-strips-problem03-full,0,True,0,12,24,52,16,56,16,0,0,,,,0,,,8.0,8,8,0.008,0.0001,0.0,0.0018,0.0,0.0,,0.0022,0.0121
visitall-opt11-strips-problem03-half,0,True,4,12,19,43,14,45,14,0,0,,,,0,,,5.0,5,5,0.0092,0.0001,0.0,0.0028,0.0,0.0,,0.005,0.0172
visitall-opt11-strips-problem04-full,0,True,0,34,68,132,64,158,90,0,0,,,,0,,,15.0,15,15,0.0247,0.0001,0.0,0.0031,0.0,0.0,,0.0053,0.0333
visitall-opt11-strips-problem04-half,0,True,8,34,49,105,47,115,72,0,0,,,,0,,,10.0,10,10,0.0073,0.0001,0.0,0.0022,0.0,0.0,,0.0069,0.0165
visitall-opt11-strips-problem05-full,0,True,0,64,128,240,146,296,230,0,0,,,,0,,,24.0,24,24,0.0073,0.0003,0.0001,0.0022,0.0,0.0,,0.0075,0.0174
visitall-opt11-strips-problem05-half,0,True,10,64,98,200,117,227,201,0,0,,,,0,,,15.0,15,15,0.0049,0.0002,0.0001,0.0019,0.0,0.0,,0.0098,0.0169
visitall-opt11-strips-problem06-full,0,True,0,104,208,382,276,478,530,0,0,,,,0,,,35.0,35,35,0.0123,0.0004,0.0002,0.0058,0.0,0.0,,0.0127,0.0314
visitall-opt11-strips-problem06-half,0,True,20,104,148,302,211,341,437,0,0,,,,0,,,19.0,20,19,0.0104,0.0003,0.0001,0.0034,0.0,0.0,,0.0344,0.0486
visitall-opt11-strips-problem07-full,0,True,0,152,304,552,444,696,948,0,0,,,,0,,,48.0,48,48,0.0122,0.0008,0.0004,0.0062,0.0,0.0,,0.017,0.0367
visitall-opt11-strips-problem07-half,0,True,16,152,255,487,397,584,901,0,0,,,,0,,,32.0,33,32,0.0061,0.0006,0.0003,0.0028,0.0,0.0,,0.0321,0.0419
visitall-opt11-strips-problem08-full,0,True,0,208,416,750,658,950,1576,0,0,,,,0,,,63.0,63,63,0.0069,0.0012,0.0007,0.0039,0.0,0.0,,0.026,0.0388
visitall-opt11-strips-problem08-half,0,True,31,208,314,617,566,717,1524,0,0,,,,0,,,37.0,38,37,0.0101,0.0009,0.0005,0.0039,0.0,0.0,,0.0723,0.0877
visitall-opt11-strips-problem09-full,0,True,0,272,544,976,920,1240,2434,0,0,,,,0,,,80.0,80,80,0.0111,0.0019,0.0012,0.004,0.0,0.0,,0.0369,0.0551
visitall-opt11-strips-problem09-half,0,True,31,272,439,840,848,1000,2502,0,0,,,,0,,,51.0,54,51,0.1188,0.0015,0.0009,0.005,0.0,0.0,,0.071,0.1973
visitall-opt11-strips-problem10-full,0,True,0,344,688,1230,1252,1566,3682,0,0,,,,0,,,99.0,99,99,0.0876,0.0028,0.002,0.0306,0.0,0.0,,0.0614,0.1844
visitall-opt11-strips-problem10-half,0,True,52,344,505,995,1085,1150,3587,0,0,,,,5226,,,56.0,58,56,0.0179,0.0021,0.0012,0.0087,0.0,0.0,,1.9239,1.9538
visitall-opt11-strips-problem11-full,0,True,0,424,848,1512,1660,1928,5496,0,0,,,,0,,,120.0,120,120,0.0128,0.0039,0.0032,0.008,0.0,0.0,,0.0772,0.1053
visitall-opt11-strips-problem11-half,0,True,63,424,626,1227,1424,1423,5152,0,0,,,,10,,,64.0,68,64,0.0077,0.0028,0.0022,0.0062,0.0,0.0,,0.3796,0.3986
visitall-opt14-strips-p-05-10,0,True,54,344,495,983,1098,1127,3752,0,0,,,,5775,,,53.0,54,53,0.0081,0.002,0.0011,0.0092,0.0,0.0,,1.4255,1.4459
visitall-opt14-strips-p-05-5,0,True,7,64,110,215,129,254,213,0,0,,,,0,,,18.0,18,18,0.0401,0.0002,0.0001,0.1611,0.0,0.0,,0.1915,0.393
visitall-opt14-strips-p-05-6,0,True,18,104,155,311,223,356,471,0,0,,,,0,,,20.0,22,20,0.0051,0.0003,0.0001,0.0019,0.0,0.0,,0.0355,0.0431
visitall-opt14-strips-p-05-7,0,True,25,152,224,447,372,513,902,0,0,,,,0,,,28.0,30,28,0.0091,0.0006,0.0003,0.0049,0.0,0.0,,0.0917,0.1066
visitall-opt14-strips-p-05-8,0,True,33,208,309,610,573,707,1577,0,0,,,,33753,,,39.0,39,39,0.0161,0.0009,0.0005,0.0048,0.0,0.0,,12.4728,12.4951
visitall-opt14-strips-p-05-9,0,True,39,272,411,804,806,938,2398,0,0,,,,835,,,46.0,48,46,0.013,0.0014,0.0008,0.0067,0.0,0.0,,0.3795,0.4014
visitall-opt14-strips-p-1-10,0,True,0,344,688,1230,1252,1566,3682,0,0,,,,0,,,99.0,99,99,0.0261,0.0028,0.002,0.0062,0.0,0.0,,0.0546,0.0917
visitall-opt14-strips-p-1-11,0,True,0,424,848,1512,1660,1928,5496,0,0,,,,0,,,120.0,120,120,0.0284,0.0039,0.0032,0.0073,0.0,0.0,,0.0769,0.1198
visitall-opt14-strips-p-1-12,0,True,0,512,1024,1822,2130,2326,7890,0,0,,,,0,,,143.0,143,143,0.0151,0.0054,0.0049,0.0119,0.0,0.0,,0.0947,0.1321
visitall-opt14-strips-p-1-13,0,True,0,608,1216,2160,2578,2760,9752,0,0,,,,0,,,168.0,168,168,0.017,0.0074,0.0079,0.0108,0.0,0.0,,0.1358,0.1789
visitall-opt14-strips-p-1-14,0,True,0,712,1424,2526,3324,3230,14978,0,0,,,,0,,,195.0,195,195,0.249,0.0098,0.011,0.0136,0.0,0.0,,0.1689,0.4524
visitall-opt14-strips-p-1-15,0,True,0,824,1648,2920,3776,3736,16374,0,0,,,,0,,,224.0,224,224,0.0215,0.0128,0.0169,0.0168,0.0,0.0,,0.1943,0.2624
visitall-opt14-strips-p-1-16,0,True,0,944,1888,3342,4796,4278,25168,0,0,,,,0,,,255.0,255,255,0.0332,0.0165,0.0236,0.0239,0.0,0.0,,0.2802,0.3776
visitall-opt14-strips-p-1-17,0,True,0,1072,2144,3792,5544,4856,29996,0,0,,,,0,,,288.0,288,288,0.4146,0.021,0.0339,0.0238,0.0,0.0,,0.3328,0.8262
visitall-opt14-strips-p-1-18,0,True,0,1208,2416,4270,6296,5470,34962,0,0,,,,0,,,323.0,323,323,0.0229,0.0267,0.0459,0.0293,0.0,0.0,,0.3817,0.5065
visitall-opt14-strips-p-1-5,0,True,0,64,128,240,146,296,230,0,0,,,,0,,,24.0,24,24,0.0206,0.0002,0.0001,0.0046,0.0,0.0,,0.008,0.0335
visitall-opt14-strips-p-1-6,0,True,0,104,208,382,276,478,530,0,0,,,,0,,,35.0,35,35,0.0186,0.0004,0.0002,0.0023,0.0,0.0,,0.0119,0.0334
visitall-opt14-strips-p-1-7,0,True,0,152,304,552,444,696,948,0,0,,,,0,,,48.0,48,48,0.0196,0.0008,0.0004,0.0082,0.0,0.0,,0.0178,0.0468
visitall-opt14-strips-p-1-8,0,True,0,208,416,750,658,950,1576,0,0,,,,0,,,63.0,63,63,0.0298,0.0012,0.0007,0.0056,0.0,0.0,,0.0261,0.0633
visitall-opt14-strips-p-1-9,0,True,0,272,544,976,920,1240,2434,0,0,,,,0,,,80.0,80,80,0.0077,0.0019,0.0012,0.0049,0.0,0.0,,0.0368,0.0526
visitall-sat11-strips-problem12,0,True,0,512,1024,1822,2130,2326,7890,0,0,,,,0,,,143.0,143,143,0.0652,0.0054,0.0048,0.0316,0.0,0.0,,0.1051,0.2123
visitall-sat11-strips-problem14,0,True,0,712,1424,2526,3324,3230,14978,0,0,,,,0,,,195.0,195,195,0.0303,0.0098,0.0111,0.0131,0.0,0.0,,0.1686,0.233
visitall-sat11-strips-problem16,0,True,0,944,1888,3342,4796,4278,25168,0,0,,,,0,,,255.0,255,255,0.4502,0.0165,0.0224,0.077,0.0,0.0,,0.3172,0.8834
visitall-sat11-strips-problem18,0,True,0,1208,2416,4270,6296,5470,34962,0,0,,,,0,,,323.0,323,323,0.0382,0.0265,0.0457,0.0305,0.0,0.0,,0.3826,0.5236
visitall-sat11-strips-problem20,0,True,0,1504,3008,5310,8350,6806,51228,0,0,,,,0,,,399.0,399,399,0.0349,0.0388,0.0844,0.0424,0.0,0.0,,0.5809,0.7839
visitall-sat11-strips-problem22,0,True,0,1832,3664,6462,10422,8286,68336,0,0,,,,0,,,483.0,483,483,0.5971,0.0607,0.134,0.1624,0.0,0.0,,0.8016,1.7561
visitall-sat11-strips-problem24,0,True,0,2192,4384,7726,13570,9910,101374,0,0,,,,0,,,575.0,575,575,0.0389,0.0863,0.2125,0.0822,0.0,0.0,,1.1204,1.5405
visitall-sat11-strips-problem26,0,True,0,2584,5168,9102,16674,11678,137930,0,0,,,,0,,,675.0,675,675,0.0455,0.1186,0.3473,0.1174,0.0,0.0,,1.5365,2.1656
visitall-sat11-strips-problem28,0,True,0,3008,6016,10590,20068,13590,175548,0,0,,,,0,,,783.0,783,783,0.0669,0.159,0.5226,0.1453,0.0,0.0,,1.9881,2.8822
visitall-sat11-strips-problem30,0,True,0,3464,6928,12190,24578,15646,237210,0,0,,,,0,,,899.0,899,899,0.108,0.2103,0.8253,0.1951,0.0,0.0,,2.7875,4.1265
visitall-sat11-strips-problem32,0,True,0,3952,7904,13902,28052,17846,280146,0,0,,,,0,,,1023.0,1023,1023,0.0917,0.2727,1.1482,0.2346,0.0,0.0,,3.2869,5.0345
visitall-sat11-strips-problem34,0,True,0,4472,8944,15726,32626,20190,342318,0,0,,,,0,,,1155.0,1155,1155,0.1125,0.3492,1.6449,0.29,0.0,0.0,,4.1092,6.5061
visitall-sat11-strips-problem36,0,True,0,5024,10048,17662,37824,22678,418020,0,0,,,,0,,,1295.0,1295,1295,0.1483,0.4438,2.3358,0.3587,0.0,0.0,,4.9303,8.2173
visitall-sat11-strips-problem38,0,True,0,5608,11216,19710,42116,25310,479570,0,0,,,,0,,,1443.0,1443,1443,0.1674,0.5621,3.2211,0.4247,0.0,0.0,,5.6486,10.0243
visitall-sat11-strips-problem40,0,True,0,6224,12448,21870,49108,28086,590870,0,0,,,,0,,,1599.0,1599,1599,0.4297,0.699,4.1748,0.5127,0.0,0.0,,6.9922,12.8088
visitall-sat11-strips-problem42,0,True,0,6872,13744,24142,58706,31006,828166,0,0,,,,0,,,1763.0,1763,1763,0.2479,0.8611,5.5196,0.679,0.0,0.0,,9.6261,16.9341
visitall-sat11-strips-problem44,0,True,0,7552,15104,26526,64276,34070,938300,0,0,,,,0,,,1935.0,1935,1935,0.2948,1.0364,7.0509,0.8146,0.0,0.0,,11.2963,20.4935
visitall-sat11-strips-problem46,0,True,0,8264,16528,29022,71978,37278,1089848,0,0,,,,0,,,2115.0,2115,2115,0.3484,1.2604,9.4011,0.9185,0.0,0.0,,12.9151,24.8441
visitall-sat11-strips-problem48,0,True,0,9008,18016,31630,80922,40630,1329036,0,0,,,,0,,,2303.0,2303,2303,0.4102,1.4927,11.8148,1.1155,0.0,0.0,,15.6786,30.5125
visitall-sat11-strips-problem50,0,True,0,9784,19568,34350,87270,44126,1363618,0,0,,,,0,,,2499.0,2499,2499,0.4817,1.8038,15.3488,1.2102,0.0,0.0,,16.2921,35.1375
visitall-sat14-strips-pfile30,0,True,0,3464,6928,12190,24578,15646,237210,0,0,,,,0,,,899.0,899,899,0.0999,0.2136,0.7884,0.1955,0.0,0.0,,2.8109,4.1086
visitall-sat14-strips-pfile31,0,True,0,3704,7408,13032,26922,16728,283176,0,0,,,,0,,,960.0,960,960,0.0813,0.2452,0.9588,0.2275,0.0,0.0,,3.2686,4.7817
visitall-sat14-strips-pfile32,0,True,0,3952,7904,13902,28052,17846,280146,0,0,,,,0,,,1023.0,1023,1023,0.1002,0.2723,1.1266,0.2349,0.0,0.0,,3.3015,5.0359
visitall-sat14-strips-pfile33,0,True,0,4208,8416,14800,30336,19000,305544,0,0,,,,0,,,1088.0,1088,1088,0.1147,0.3102,1.3557,0.2583,0.0,0.0,,3.4553,5.4946
visitall-sat14-strips-pfile50,0,True,0,9784,19568,34350,87270,44126,1363618,0,0,,,,0,,,2499.0,2499,2499,0.4762,1.8075,15.1822,1.2137,0.0,0.0,,16.3084,34.9888
visitall-sat14-strips-pfile51,0,True,0,10184,20368,35752,91562,45928,1469074,0,0,,,,0,,,2600.0,2600,2600,0.5175,1.9632,18.0367,1.3094,0.0,0.0,,17.6061,39.4339
visitall-sat14-strips-pfile52,0,True,0,10592,21184,37182,99392,47766,1741628,0,0,,,,0,,,2703.0,2703,2703,0.5588,2.1252,19.8745,1.5039,0.0,0.0,,20.8707,44.934
visitall-sat14-strips-pfile53,0,True,0,11008,22016,38640,103072,49640,1852482,0,0,,,,0,,,2808.0,2808,2808,0.5965,2.3033,23.0179,1.6203,0.0,0.0,,22.1695,49.7085
visitall-sat14-strips-pfile54,0,True,0,11432,22864,40126,104384,51550,1808042,0,0,,,,0,,,2915.0,2915,2915,0.674,2.4676,25.231,1.6183,0.0,0.0,,21.7953,51.7892
visitall-sat14-strips-pfile55,0,True,0,11864,23728,41640,114152,53496,2112898,0,0,,,,0,,,3024.0,3024,3024,0.6985,2.6444,28.0197,1.8461,0.0,0.0,,25.3807,58.5909
visitall-sat14-strips-pfile56,0,True,0,12304,24608,43182,119118,55478,2319456,0,0,,,,0,,,3135.0,3135,3135,0.7705,2.8401,31.9722,2.0935,0.0,0.0,,27.7676,65.4634
visitall-sat14-strips-pfile57,0,True,0,12752,25504,44752,126252,57496,2523668,0,0,,,,0,,,3248.0,3248,3248,0.8178,3.0373,33.9473,2.1675,0.0,0.0,,30.2849,70.2563
visitall-sat14-strips-pfile58,0,True,0,13208,26416,46350,133008,59550,2739702,0,0,,,,0,,,3363.0,3363,3363,0.8574,3.2499,39.2645,2.3093,0.0,0.0,,33.0849,78.7675
visitall-sat14-strips-pfile59,0,True,0,13672,27344,47976,132660,61640,2517342,0,0,,,,0,,,3480.0,3480,3480,0.9293,3.4817,41.1821,2.2461,0.0,0.0,,30.4376,78.2785
visitall-sat14-strips-pfile60,0,True,0,14144,28288,49630,138812,63766,2779952,0,0,,,,0,,,3599.0,3599,3599,0.9726,3.7018,48.1752,2.4626,0.0,0.0,,33.7155,89.0292
visitall-sat14-strips-pfile61,0,True,0,14624,29248,51312,146850,65928,3003336,0,0,,,,0,,,3720.0,3720,3720,1.0615,3.9467,49.7458,2.6536,0.0,0.0,,36.381,93.7902
visitall-sat14-strips-pfile62,0,True,0,15112,30224,53022,151074,68126,3008156,0,0,,,,0,,,3843.0,3843,3843,1.139,4.2012,57.7698,2.6913,0.0,0.0,,36.5326,102.335
visitall-sat14-strips-pfile63,0,True,0,15608,31216,54760,156210,70360,3163610,0,0,,,,0,,,3968.0,3968,3968,1.1715,4.4564,60.3438,2.8322,0.0,0.0,,38.5588,107.3641
visitall-sat14-strips-pfile64,0,True,0,16112,32224,56526,167186,72630,3528606,0,0,,,,0,,,4095.0,4095,4095,1.2458,4.7298,68.4545,3.111,0.0,0.0,,43.0654,120.6934
visitall-sat14-strips-pfile65,0,True,0,16624,33248,58320,165858,74936,3410772,0,0,,,,0,,,4224.0,4224,4224,1.3293,5.0284,72.4638,3.1047,0.0,0.0,,41.6108,123.5385
woodworking-opt08-strips-p01,0,False,11,22,57,110,65,147,90,0,0,,,,0,,,170.0,205,170,0.0389,0.0003,0.0001,0.004,0.0,0.0,,0.0076,0.0509
woodworking-opt08-strips-p02,0,False,13,24,54,113,47,134,74,0,0,,,,0,,,185.0,185,185,0.026,0.0005,0.0,0.0018,0.0,0.0,,0.0064,0.0349
woodworking-opt08-strips-p03,0,False,22,76,299,435,203,559,423,0,0,,,,0,,,275.0,360,275,0.0094,0.0011,0.0002,0.0031,0.0,0.0,,0.0125,0.0263
woodworking-opt08-strips-p04,0,False,38,103,410,586,268,743,604,0,0,,,,0,,,235.0,340,235,0.0089,0.0019,0.0003,0.0034,0.0,0.0,,0.019,0.0335
woodworking-opt08-strips-p05,0,False,41,160,735,981,411,1228,1011,0,0,,,,0,,,260.0,370,260,0.0182,0.0027,0.0004,0.0038,0.0,0.0,,0.0288,0.054
woodworking-opt08-strips-p06,0,False,50,195,961,1257,543,1604,1449,0,0,,,,0,,,430.0,550,430,0.0089,0.0027,0.0006,0.003,0.0,0.0,,0.0446,0.0599
woodworking-opt08-strips-p07,0,False,68,231,962,1316,548,1633,1469,0,0,,,,0,,,390.0,515,390,0.0135,0.0044,0.0009,0.0046,0.0,0.0,,0.0486,0.0721
woodworking-opt08-strips-p08,0,False,84,291,1224,1660,676,2037,1865,0,0,,,,0,,,420.0,545,420,0.0161,0.0062,0.0012,0.0045,0.0,0.0,,0.0649,0.093
woodworking-opt08-strips-p09,0,False,71,123,439,696,316,862,605,0,0,,,,0,,,425.0,505,425,0.0153,0.0045,0.0006,0.0037,0.0,0.0,,0.013,0.0371
woodworking-opt08-strips-p10,0,False,109,567,2586,3331,1314,4078,4061,0,0,,,,0,,,485.0,665,485,0.0289,0.0112,0.0028,0.0078,0.0,0.0,,0.0922,0.1431
woodworking-opt08-strips-p11,0,False,10,17,57,105,52,133,65,0,0,,,,0,,,130.0,160,130,0.0128,0.0003,0.0,0.0027,0.0,0.0,,0.0068,0.0226
woodworking-opt08-strips-p12,0,False,28,78,302,436,210,567,460,0,0,,,,0,,,225.0,300,225,0.0178,0.001,0.0002,0.0036,0.0,0.0,,0.0178,0.0405
woodworking-opt08-strips-p13,0,False,38,106,453,630,314,813,773,0,0,,,,0,,,195.0,300,195,0.0169,0.0015,0.0002,0.0062,0.0,0.0,,0.0238,0.0487
woodworking-opt08-strips-p14,0,False,35,133,631,836,364,1066,885,0,0,,,,0,,,195.0,325,195,0.028,0.0015,0.0003,0.0028,0.0,0.0,,0.0556,0.0882
woodworking-opt08-strips-p15,0,False,35,151,649,875,353,1070,963,0,0,,,,0,,,270.0,395,270,0.0097,0.0021,0.0004,0.0054,0.0,0.0,,0.0298,0.0474
woodworking-opt08-strips-p16,0,False,52,136,514,747,339,932,841,0,0,,,,0,,,275.0,380,275,0.0173,0.0031,0.0004,0.0037,0.0,0.0,,0.0306,0.0551
woodworking-opt08-strips-p17,0,False,73,276,1155,1559,681,1936,1827,0,0,,,,0,,,280.0,415,280,0.0134,0.0053,0.001,0.0038,0.0,0.0,,0.0529,0.0765
woodworking-opt08-strips-p18,0,False,67,318,1415,1864,746,2288,2006,0,0,,,,0,,,435.0,620,435,0.0155,0.0057,0.0014,0.0047,0.0,0.0,,0.0838,0.1113
woodworking-opt08-strips-p19,0,False,88,386,1694,2230,888,2731,2584,0,0,,,,0,,,395.0,600,395,0.0164,0.0076,0.0018,0.0049,0.0,0.0,,0.0976,0.1284
woodworking-opt08-strips-p20,0,False,102,596,2805,3579,1406,4378,4246,0,0,,,,0,,,435.0,635,435,0.0173,0.011,0.0034,0.0067,0.0,0.0,,0.0966,0.1352
woodworking-opt08-strips-p21,0,False,9,14,39,78,41,101,51,0,0,,,,0,,,95.0,135,95,0.0071,0.0002,0.0,0.002,0.0,0.0,,0.0045,0.0139
woodworking-opt08-strips-p22,0,False,17,30,108,179,100,237,131,0,0,,,,0,,,175.0,225,175,0.01,0.0005,0.0001,0.0023,0.0,0.0,,0.0066,0.0196
woodworking-opt08-strips-p23,0,False,19,47,183,283,146,368,260,0,0,,,,0,,,195.0,260,195,0.0322,0.0007,0.0001,0.0071,0.0,0.0,,0.0097,0.0498
woodworking-opt08-strips-p24,0,False,35,75,242,390,178,488,362,0,0,,,,0,,,235.0,325,235,0.0087,0.0015,0.0002,0.0022,0.0,0.0,,0.0149,0.0275
woodworking-opt08-strips-p25,0,False,44,185,757,1035,456,1306,1152,0,0,,,,0,,,380.0,535,380,0.0115,0.003,0.0007,0.0172,0.0,0.0,,0.0421,0.0745
woodworking-opt08-strips-p26,0,False,58,172,748,1027,472,1308,1149,0,0,,,,0,,,220.0,365,220,0.011,0.0032,0.0006,0.006,0.0,0.0,,0.0363,0.0572
woodworking-opt08-strips-p27,0,False,52,179,765,1056,466,1318,1073,0,0,,,,0,,,320.0,590,320,0.0122,0.0037,0.0008,0.0058,0.0,0.0,,0.0383,0.0608
woodworking-opt08-strips-p28,0,False,47,217,917,1242,510,1520,1170,0,0,,,,0,,,465.0,685,465,0.0146,0.0044,0.0008,0.0042,0.0,0.0,,0.0373,0.0614
woodworking-opt08-strips-p29,0,False,75,362,1633,2142,857,2634,2371,0,0,,,,0,,,535.0,715,535,0.0178,0.0077,0.0022,0.0054,0.0,0.0,,0.0802,0.1134
woodworking-opt08-strips-p30,0,False,77,308,1266,1731,774,2189,1751,0,0,,,,0,,,650.0,820,650,0.0216,0.0075,0.0019,0.0052,0.0,0.0,,0.0534,0.0899
woodworking-opt11-strips-p01,0,False,19,47,183,283,146,368,260,0,0,,,,0,,,195.0,260,195,0.0067,0.0007,0.0001,0.0016,0.0,0.0,,0.0078,0.0169
woodworking-opt11-strips-p02,0,False,28,78,302,436,210,567,460,0,0,,,,0,,,225.0,300,225,0.0109,0.001,0.0002,0.0037,0.0,0.0,,0.0175,0.0333
woodworking-opt11-strips-p03,0,False,38,106,453,630,314,813,773,0,0,,,,0,,,195.0,300,195,0.0086,0.0015,0.0002,0.0025,0.0,0.0,,0.0203,0.0332
woodworking-opt11-strips-p04,0,False,22,76,299,435,203,559,423,0,0,,,,0,,,275.0,360,275,0.0095,0.0011,0.0002,0.0028,0.0,0.0,,0.0126,0.0262
woodworking-opt11-strips-p05,0,False,35,75,242,390,178,488,362,0,0,,,,0,,,235.0,325,235,0.0439,0.0015,0.0002,0.0063,0.0,0.0,,0.0143,0.0662
woodworking-opt11-strips-p06,0,False,38,103,410,586,268,743,604,0,0,,,,0,,,235.0,340,235,0.0087,0.0019,0.0003,0.0026,0.0,0.0,,0.0183,0.0318
woodworking-opt11-strips-p07,0,False,35,133,631,836,364,1066,885,0,0,,,,0,,,195.0,325,195,0.0091,0.0014,0.0003,0.004,0.0,0.0,,0.056,0.071
woodworking-opt11-strips-p08,0,False,44,185,757,1035,456,1306,1152,0,0,,,,0,,,380.0,535,380,0.012,0.003,0.0007,0.0029,0.0,0.0,,0.0409,0.0596
woodworking-opt11-strips-p09,0,False,41,160,735,981,411,1228,1011,0,0,,,,0,,,260.0,370,260,0.0398,0.0028,0.0004,0.0047,0.0,0.0,,0.0283,0.0761
woodworking-opt11-strips-p10,0,False,35,151,649,875,353,1070,963,0,0,,,,0,,,270.0,395,270,0.009,0.0021,0.0004,0.0023,0.0,0.0,,0.0296,0.0435
woodworking-opt11-strips-p11,0,False,58,172,748,1027,472,1308,1149,0,0,,,,0,,,220.0,365,220,0.0133,0.0033,0.0006,0.0097,0.0,0.0,,0.0365,0.0635
woodworking-opt11-strips-p12,0,False,52,136,514,747,339,932,841,0,0,,,,0,,,275.0,380,275,0.0189,0.0031,0.0004,0.0042,0.0,0.0,,0.031,0.0577
woodworking-opt11-strips-p13,0,False,50,195,961,1257,543,1604,1449,0,0,,,,0,,,430.0,550,430,0.0123,0.0027,0.0006,0.0036,0.0,0.0,,0.0447,0.064
woodworking-opt11-strips-p14,0,False,52,179,765,1056,466,1318,1073,0,0,,,,0,,,320.0,590,320,0.08,0.0036,0.0008,0.0036,0.0,0.0,,0.0381,0.1263
woodworking-opt11-strips-p15,0,False,73,276,1155,1559,681,1936,1827,0,0,,,,0,,,280.0,415,280,0.0175,0.0053,0.0011,0.0038,0.0,0.0,,0.0532,0.081
woodworking-opt11-strips-p16,0,False,68,231,962,1316,548,1633,1469,0,0,,,,0,,,390.0,515,390,0.0166,0.0044,0.0009,0.0062,0.0,0.0,,0.0492,0.0774
woodworking-opt11-strips-p17,0,False,47,217,917,1242,510,1520,1170,0,0,,,,0,,,465.0,685,465,0.3324,0.0043,0.0008,0.0114,0.0,0.0,,0.0408,0.39
woodworking-opt11-strips-p18,0,False,67,318,1415,1864,746,2288,2006,0,0,,,,0,,,435.0,620,435,0.0407,0.0057,0.0014,0.0065,0.0,0.0,,0.0864,0.1409
woodworking-opt11-strips-p19,0,False,84,291,1224,1660,676,2037,1865,0,0,,,,0,,,420.0,545,420,0.0148,0.0062,0.0012,0.004,0.0,0.0,,0.065,0.0913
woodworking-opt11-strips-p20,0,False,75,362,1633,2142,857,2634,2371,0,0,,,,0,,,535.0,715,535,0.0371,0.0076,0.0019,0.0046,0.0,0.0,,0.0799,0.1313
woodworking-sat08-strips-p01,0,False,7,12,27,58,26,70,35,0,0,,,,0,,,110.0,120,110,0.0081,0.0002,0.0,0.0028,0.0,0.0,,0.0029,0.0141
woodworking-sat08-strips-p02,0,False,18,29,91,174,65,206,101,0,0,,,,0,,,255.0,295,255,0.0283,0.0009,0.0001,0.0054,0.0,0.0,,0.0056,0.0403
woodworking-sat08-strips-p03,0,False,73,331,1545,2003,851,2510,2389,0,0,,,,0,,,425.0,565,425,0.0182,0.0051,0.001,0.0069,0.0,0.0,,0.1089,0.1402
woodworking-sat08-strips-p04,0,False,74,463,2128,2751,1101,3389,3184,0,0,,,,0,,,725.0,875,725,0.0527,0.008,0.0033,0.0331,0.0,0.0,,0.0971,0.1944
woodworking-sat08-strips-p05,0,False,111,715,3291,4212,1648,5142,4819,0,0,,,,0,,,515.0,770,515,0.024,0.0154,0.0052,0.0077,0.0,0.0,,0.1096,0.1621
woodworking-sat08-strips-p06,0,False,122,904,4216,5351,2023,6469,5794,0,0,,,,0,,,690.0,1000,690,0.0349,0.0226,0.0097,0.0114,0.0,0.0,,0.1435,0.2224
woodworking-sat08-strips-p07,0,False,198,1916,8961,11204,4098,13386,13006,0,0,,,,0,,,900.0,1305,900,0.0747,0.0578,0.0318,0.0207,0.0,0.0,,0.698,0.8834
woodworking-sat08-strips-p08,0,False,208,2561,12358,15282,5521,18239,18914,0,0,,,,0,,,1080.0,1515,1080,0.0561,0.0746,0.0437,0.0302,0.0,0.0,,0.9713,1.1764
woodworking-sat08-strips-p09,0,False,270,2864,13437,16734,6014,19882,19917,0,0,,,,0,,,990.0,1520,990,0.0749,0.1151,0.0706,0.0313,0.0,0.0,,1.2556,1.5481
woodworking-sat08-strips-p10,0,False,266,2888,13410,16745,5988,19842,20295,0,0,,,,0,,,1080.0,1615,1080,0.0803,0.1245,0.0835,0.0297,0.0,0.0,,0.8297,1.1485
woodworking-sat08-strips-p11,0,False,3,7,13,33,5,31,5,0,0,,,,0,,,50.0,50,50,0.0724,0.0002,0.0,0.0381,0.0,0.0,,0.0207,0.1313
woodworking-sat08-strips-p12,0,False,23,59,236,355,145,440,279,0,0,,,,0,,,270.0,360,270,0.009,0.001,0.0001,0.0018,0.0,0.0,,0.0093,0.0214
woodworking-sat08-strips-p13,0,False,68,374,1750,2254,928,2808,2642,0,0,,,,0,,,435.0,590,435,0.0168,0.0059,0.0016,0.0077,0.0,0.0,,0.0774,0.1095
woodworking-sat08-strips-p14,0,False,116,520,2290,2997,1207,3684,3374,0,0,,,,0,,,455.0,660,455,0.0188,0.0127,0.003,0.006,0.0,0.0,,0.0811,0.1218
woodworking-sat08-strips-p15,0,False,103,720,3378,4299,1679,5256,5257,0,0,,,,0,,,790.0,980,790,0.0191,0.0129,0.0058,0.0074,0.0,0.0,,0.1466,0.192
woodworking-sat08-strips-p16,0,False,171,829,3656,4753,1827,5751,5286,0,0,,,,0,,,640.0,940,640,0.0309,0.0284,0.0098,0.0093,0.0,0.0,,0.131,0.2097
woodworking-sat08-strips-p17,0,False,154,1050,4638,5974,2261,7184,6684,0,0,,,,0,,,905.0,1150,905,0.0421,0.0334,0.0137,0.012,0.0,0.0,,0.2523,0.3538
woodworking-sat08-strips-p18,0,False,215,1405,6474,8246,3136,9975,9361,0,0,,,,0,,,920.0,1375,920,0.0751,0.058,0.0277,0.0167,0.0,0.0,,0.3711,0.5494
woodworking-sat08-strips-p19,0,False,226,1505,6777,8672,3231,10392,9839,0,0,,,,0,,,995.0,1425,995,0.0767,0.0687,0.0275,0.0188,0.0,0.0,,0.2341,0.4262
woodworking-sat08-strips-p20,0,False,297,2881,13303,16670,6059,19834,20096,0,0,,,,0,,,1155.0,1780,1155,0.0838,0.1398,0.0881,0.0339,0.0,0.0,,0.5374,0.884
woodworking-sat08-strips-p21,0,False,14,24,64,122,78,168,101,0,0,,,,0,,,165.0,205,165,0.0061,0.0004,0.0001,0.0019,0.0,0.0,,0.0048,0.0133
woodworking-sat08-strips-p22,0,False,27,57,200,319,137,395,245,0,0,,,,0,,,205.0,295,205,0.0334,0.0014,0.0001,0.0031,0.0,0.0,,0.0117,0.0498
woodworking-sat08-strips-p23,0,False,51,122,420,646,274,797,594,0,0,,,,0,,,385.0,475,385,0.0258,0.0032,0.0004,0.0025,0.0,0.0,,0.0209,0.0529
woodworking-sat08-strips-p24,0,False,96,323,1347,1840,748,2237,1903,0,0,,,,0,,,540.0,755,540,0.2403,0.0093,0.0018,0.0065,0.0,0.0,,0.0658,0.3239
woodworking-sat08-strips-p25,0,False,116,493,2177,2883,1189,3577,3074,0,0,,,,0,,,520.0,815,520,0.0212,0.0145,0.0045,0.0053,0.0,0.0,,0.1308,0.1765
woodworking-sat08-strips-p26,0,False,126,569,2428,3246,1326,4002,3240,0,0,,,,0,,,910.0,1125,910,0.028,0.019,0.0062,0.0064,0.0,0.0,,0.1153,0.1752
woodworking-sat08-strips-p27,0,False,141,732,3171,4158,1578,4996,4591,0,0,,,,0,,,695.0,930,695,0.0457,0.0282,0.0078,0.0092,0.0,0.0,,0.1375,0.2287
woodworking-sat08-strips-p28,0,False,222,1602,7245,9234,3521,11153,10439,0,0,,,,0,,,1290.0,1670,1290,0.0525,0.0661,0.0333,0.0178,0.0,0.0,,0.5249,0.6949
woodworking-sat08-strips-p29,0,False,212,1195,5100,6681,2607,8092,6379,0,0,,,,0,,,1090.0,1665,1090,0.0772,0.0618,0.0284,0.0137,0.0,0.0,,0.1889,0.3703
woodworking-sat08-strips-p30,0,False,272,2097,9365,11919,4499,14258,13572,0,0,,,,0,,,1100.0,1645,1100,0.0717,0.1073,0.0576,0.0237,0.0,0.0,,0.5252,0.7859
woodworking-sat11-strips-p01,0,False,198,1916,8961,11204,4098,13386,13006,0,0,,,,0,,,900.0,1305,900,0.2953,0.0571,0.0309,0.0195,0.0,0.0,,0.6979,1.1011
woodworking-sat11-strips-p02,0,False,208,2561,12358,15282,5521,18239,18914,0,0,,,,0,,,1080.0,1515,1080,0.1007,0.074,0.0437,0.0548,0.0,0.0,,1.0072,1.2809
woodworking-sat11-strips-p03,0,False,226,1505,6777,8672,3231,10392,9839,0,0,,,,0,,,995.0,1425,995,0.0567,0.0687,0.0274,0.019,0.0,0.0,,0.234,0.4062
woodworking-sat11-strips-p04,0,False,270,2864,13437,16734,6014,19882,19917,0,0,,,,0,,,990.0,1520,990,0.082,0.1149,0.0706,0.0316,0.0,0.0,,1.2606,1.5601
woodworking-sat11-strips-p05,0,False,297,2881,13303,16670,6059,19834,20096,0,0,,,,0,,,1155.0,1780,1155,0.0922,0.1399,0.088,0.0358,0.0,0.0,,0.5342,0.8911
woodworking-sat11-strips-p06,0,False,266,2888,13410,16745,5988,19842,20295,0,0,,,,0,,,1080.0,1615,1080,0.1017,0.1245,0.0773,0.036,0.0,0.0,,0.8342,1.1747
woodworking-sat11-strips-p07,0,False,222,1602,7245,9234,3521,11153,10439,0,0,,,,0,,,1290.0,1670,1290,0.0574,0.0665,0.0367,0.0162,0.0,0.0,,0.5296,0.7068
woodworking-sat11-strips-p08,0,False,212,1195,5100,6681,2607,8092,6379,0,0,,,,0,,,1090.0,1665,1090,0.071,0.062,0.0284,0.0141,0.0,0.0,,0.1902,0.366
woodworking-sat11-strips-p09,0,False,215,1405,6474,8246,3136,9975,9361,0,0,,,,0,,,920.0,1375,920,0.0617,0.0569,0.0288,0.0177,0.0,0.0,,0.3706,0.5365
woodworking-sat11-strips-p10,0,False,3,7,13,33,5,31,5,0,0,,,,0,,,50.0,50,50,0.0062,0.0002,0.0,0.0029,0.0,0.0,,0.0019,0.0112
woodworking-sat11-strips-p11,0,False,296,2368,10695,13560,4948,16140,15693,0,0,,,,0,,,1305.0,1890,1305,0.0876,0.1259,0.0819,0.0333,0.0,0.0,,0.7773,1.1064
woodworking-sat11-strips-p12,0,False,347,3918,18468,22934,8223,27206,28059,0,0,,,,0,,,1275.0,1850,1275,0.1067,0.1895,0.1257,0.0466,0.0,0.0,,2.0824,2.5521
woodworking-sat11-strips-p13,0,False,278,2938,13939,17380,6252,20693,20015,0,0,,,,0,,,1375.0,2130,1375,0.089,0.1428,0.1175,0.0348,0.0,0.0,,1.1961,1.5813
woodworking-sat11-strips-p14,0,False,288,2233,10159,12873,4619,15258,15129,0,0,,,,0,,,1035.0,1460,1035,0.0854,0.1172,0.0638,0.0278,0.0,0.0,,0.6931,0.988
woodworking-sat11-strips-p15,0,False,367,3976,18844,23418,8463,27903,28215,0,0,,,,0,,,1505.0,2155,1505,0.4301,0.2168,0.1539,0.0546,0.0,0.0,,4.1217,4.9785
woodworking-sat11-strips-p16,0,False,359,3582,16471,20634,7370,24422,24295,0,0,,,,0,,,1325.0,1895,1325,0.1227,0.2004,0.1353,0.0449,0.0,0.0,,0.8644,1.369
woodworking-sat11-strips-p17,0,False,200,2619,12539,15476,4324,17181,20295,0,0,,,,0,,,645.0,1040,645,0.0983,0.1287,0.0294,0.0263,0.0,0.0,,1.3123,1.596
woodworking-sat11-strips-p18,0,False,163,1971,9576,11840,3208,13076,16371,0,0,,,,0,,,1085.0,1345,1085,0.2062,0.0924,0.0265,0.026,0.0,0.0,,1.4184,1.771
woodworking-sat11-strips-p19,0,False,201,2990,14364,17699,4813,19522,24278,0,0,,,,0,,,895.0,1305,895,0.1165,0.1578,0.0407,0.03,0.0,0.0,,1.9153,2.2624
woodworking-sat11-strips-p20,0,False,251,4126,19927,24446,6226,26546,34757,0,0,,,,0,,,950.0,1435,950,0.2055,0.2491,0.0721,0.0535,0.0,0.0,,2.5144,3.0975
zenotravel-p01,0,True,6,7,7,21,4,18,4,0,0,,,,0,,,1.0,1,1,0.01,0.0001,0.0,0.002,0.0,0.0,,0.0022,0.0143
zenotravel-p02,0,True,6,9,14,34,6,30,6,0,0,,,,0,,,4.0,4,4,0.007,0.0001,0.0,0.0022,0.0,0.0,,0.0039,0.0133
zenotravel-p03,0,True,22,52,80,156,60,157,105,0,0,,,,0,,,5.0,5,5,0.006,0.0004,0.0,0.0046,0.0,0.0,,0.0065,0.0176
zenotravel-p04,0,True,21,47,63,134,55,138,96,0,0,,,,0,,,6.0,6,6,0.0062,0.0004,0.0,0.0025,0.0,0.0,,0.0062,0.0153
zenotravel-p05,0,True,34,95,125,258,141,280,264,0,0,,,,0,,,11.0,11,11,0.0062,0.0008,0.0001,0.0018,0.0,0.0,,0.009,0.0179
zenotravel-p06,0,True,34,92,128,258,126,274,215,0,0,,,,0,,,11.0,11,11,0.0069,0.0009,0.0001,0.0015,0.0,0.0,,0.0091,0.0186
zenotravel-p07,0,True,32,69,69,174,108,196,179,0,0,,,,0,,,11.0,11,11,0.009,0.0007,0.0001,0.0094,0.0,0.0,,0.0065,0.0257
zenotravel-p08,0,True,47,153,209,413,228,447,466,0,0,,,,0,,,10.0,10,10,0.4492,0.0021,0.0002,0.0592,0.0,0.0,,0.0696,0.5803
zenotravel-p09,0,True,72,234,274,587,481,683,920,0,0,,,,0,,,18.0,18,18,0.0084,0.0028,0.0003,0.0024,0.0,0.0,,0.015,0.029
zenotravel-p10,0,True,77,259,307,652,526,755,994,0,0,,,,0,,,20.0,20,20,0.009,0.0032,0.0004,0.0026,0.0,0.0,,0.0163,0.0316
zenotravel-p11,0,True,60,231,321,617,371,677,756,0,0,,,,0,,,12.0,12,12,0.0102,0.0041,0.0003,0.0022,0.0,0.0,,0.0205,0.0374
zenotravel-p12,0,True,82,306,386,781,609,900,1160,0,0,,,,0,,,19.0,19,19,0.1924,0.0048,0.0006,0.0559,0.0,0.0,,0.0313,0.285
zenotravel-p13,0,True,96,412,522,1039,849,1206,1791,0,0,,,,0,,,23.0,23,23,0.0384,0.0057,0.0008,0.0043,0.0,0.0,,0.029,0.0784
zenotravel-p14,0,True,189,1141,1429,2771,3275,3341,7590,0,0,,,,0,,,28.0,29,28,0.0331,0.0441,0.0042,0.0084,0.0,0.0,,0.3569,0.447
zenotravel-p15,0,True,262,1492,1558,3324,5179,4437,12157,0,0,,,,0,,,32.0,34,32,0.4964,0.0662,0.0041,0.0693,0.0,0.0,,0.4508,1.0875
zenotravel-p16,0,True,314,2083,2473,4885,6477,6181,14527,0,0,,,,0,,,38.0,40,38,0.0862,0.1388,0.0122,0.014,0.0,0.0,,1.34,1.5922
zenotravel-p17,0,True,464,3204,3534,7223,10954,9614,26048,0,0,,,,0,,,52.0,53,52,0.122,0.233,0.0229,0.024,0.0,0.0,,0.74,1.144
zenotravel-p18,0,True,492,3426,3732,7669,11928,10324,28157,0,0,,,,21,,,51.0,52,51,0.1428,0.2809,0.0243,0.0261,0.0,0.0,,5.4773,5.9542
zenotravel-p19,0,True,626,4464,4654,9768,16219,13468,39232,0,0,,,,0,,,59.0,60,59,0.2283,0.4615,0.0331,0.0377,0.0,0.0,,2.2575,3.0216
zenotravel-p20,0,True,760,5963,6509,13257,21202,17981,54238,0,0,,,,0,,,68.0,69,68,0.2846,0.6901,0.0604,0.0584,0.0,0.0,,4.9762,6.0741
