Instance,Status,Unit_Costs,N_Atoms,N_Acts,N_Effects,N_Var_Base,N_Var_Acyc,N_Const_Base,N_Const_Acyc,N_Cuts_LM,N_Cuts_Sec,N_RCB_Calls,N_CCB_Calls,N_CL_It,N_Nodes,Initial_LB,Root_LB,Final_LB,Initial_UB,Final_UB,Parsing_Time,Prep_Time,Heur_Time,Build_Time,RCB_Time,CCB_Time,CL_Time,CPX_Time,Time
agricola-opt18-strips-p14,0,False,84,978,1945,3064,0,3334,123,0,0,0,0,0,0,0,0,158,158,158,0.8751,0.532,0.0072,0.0557,0.0,0.0,0.0,0.3682,1.8486
agricola-opt18-strips-p13,0,False,81,852,1670,2660,0,2959,125,78,0,0,41,0,87,0,0,220,278,220,0.7066,0.2965,0.0078,0.0971,0.0,0.0336,0.0,1.0911,2.2066
agricola-opt18-strips-p15,0,False,87,1081,2133,3358,0,3596,103,0,0,0,0,0,0,0,0,158,158,158,1.0085,1.0537,0.0093,0.0536,0.0,0.0,0.0,0.0948,2.2345
agricola-opt18-strips-p05,0,False,69,728,1401,2241,0,2466,81,17,0,0,6,0,16,0,0,208,266,208,0.6974,0.3063,0.0057,0.0567,0.0,0.0036,0.0,0.5175,1.5916
agricola-opt18-strips-p11,0,False,80,911,1773,2817,0,3047,95,50,0,0,15,0,27,0,0,216,274,216,0.8118,0.4518,0.0087,0.0552,0.0,0.0162,0.0,0.8418,2.1796
agricola-opt18-strips-p07,0,False,74,697,1347,2166,0,2443,98,0,0,0,1,0,0,0,0,212,270,212,0.9088,0.2324,0.0043,0.0528,0.0,0.0001,0.0,0.6693,1.8744
agricola-opt18-strips-p06,0,False,72,796,1523,2434,0,2648,69,0,0,0,0,0,0,0,0,206,206,206,0.8138,0.6326,0.0051,0.0538,0.0,0.0,0.0,0.0943,1.6106
agricola-opt18-strips-p01,0,False,60,523,1010,1631,0,1882,78,0,0,0,0,0,0,0,0,142,142,142,0.5697,0.1182,0.0023,0.3474,0.0,0.0,0.0,0.0764,1.1214
agricola-opt18-strips-p09,0,False,80,895,1747,2770,0,3009,86,0,0,0,0,0,0,0,0,150,150,150,1.1778,0.717,0.0055,0.0551,0.0,0.0,0.0,0.09,2.0583
agricola-opt18-strips-p03,0,False,66,723,1373,2200,0,2434,75,7,0,0,3,0,0,0,0,204,262,204,0.7454,0.4244,0.004,0.0541,0.0,0.0013,0.0,0.793,2.0305
agricola-opt18-strips-p10,0,False,77,754,1483,2367,0,2652,110,0,0,0,0,0,0,0,0,154,154,154,0.6584,0.2769,0.006,0.0546,0.0,0.0,0.0,0.083,1.0858
agricola-opt18-strips-p08,0,False,78,799,1567,2491,0,2737,94,0,0,0,0,0,0,0,0,150,150,150,0.7424,0.4041,0.0046,0.0543,0.0,0.0,0.0,0.0852,1.3001
agricola-opt18-strips-p02,0,False,63,612,1177,1890,0,2116,58,0,0,0,0,0,0,0,0,142,142,142,0.6324,0.2916,0.0029,0.0534,0.0,0.0,0.0,0.0805,1.0676
agricola-opt18-strips-p04,0,False,67,592,1146,1847,0,2096,77,0,0,0,0,0,0,0,0,146,146,146,0.604,0.1848,0.0032,0.2951,0.0,0.0,0.0,0.0799,1.173
agricola-opt18-strips-p12,0,False,84,1002,1962,3100,0,3339,89,0,0,0,0,0,0,0,0,214,214,214,0.9632,0.9495,0.0096,0.0582,0.0,0.0,0.0,0.0907,2.0848
agricola-sat18-strips-p02,0,False,91,1635,3214,4982,0,4993,70,0,0,0,0,0,0,0,0,386,386,386,1.7135,7.2108,0.0126,0.0045,0.0,0.0,0.0,0.076,9.0485
agricola-sat18-strips-p01,0,False,84,1459,2877,4458,0,4561,73,0,0,0,0,0,0,0,0,382,382,382,1.3511,8.9241,0.0083,0.0041,0.0,0.0,0.0,0.0656,10.3781
agricola-opt18-strips-p16,0,False,83,909,1796,2851,0,3173,128,0,0,0,0,0,0,0,0,222,222,222,0.2883,0.3454,0.0074,0.0031,0.0,0.0,0.0,0.3927,1.0421
agricola-sat18-strips-p06,0,False,107,2463,4953,7586,0,7376,129,0,0,0,0,0,0,0,0,402,402,402,2.8749,10.5733,0.0282,0.0067,0.0,0.0,0.0,0.1159,13.6447
agricola-opt18-strips-p17,0,False,86,1065,2118,3332,0,3592,127,0,0,0,0,0,0,0,0,162,162,162,0.4302,0.5898,0.0118,0.0034,0.0,0.0,0.0,0.0508,1.095
agricola-sat18-strips-p09,0,False,116,3068,6198,9460,0,9104,159,0,0,0,0,0,0,0,0,594,594,594,3.831,13.6278,0.0577,0.0086,0.0,0.0,0.0,0.2586,17.8377
agricola-opt18-strips-p20,0,False,89,1152,2310,3619,0,3907,128,0,0,0,0,0,0,0,0,166,166,166,0.4836,0.7142,0.0083,0.0037,0.0,0.0,0.0,0.0557,1.2747
agricola-sat18-strips-p08,0,False,114,2853,5747,8786,0,8482,150,0,0,0,0,0,0,0,0,590,590,590,3.0779,18.0208,0.0403,0.0078,0.0,0.0,0.0,3.2694,24.4671
agricola-sat18-strips-p07,0,False,110,2654,5330,8162,0,7899,130,0,0,0,0,0,0,0,0,586,586,586,2.875,16.8709,0.0422,0.0071,0.0,0.0,0.0,0.2302,20.074
agricola-sat18-strips-p03,0,False,98,1852,3672,5670,0,5635,85,0,0,0,0,0,0,0,0,390,390,390,2.3144,13.1093,0.021,0.0048,0.0,0.0,0.0,0.087,15.572
agricola-sat18-strips-p04,0,False,101,2084,4116,6354,0,6251,107,31,0,0,9,0,0,0,0,576,754,576,2.2093,9.1638,0.022,0.0055,0.0,0.0292,0.0,2.6423,14.0824
agricola-opt18-strips-p19,0,False,86,992,1982,3128,0,3489,128,0,0,0,0,0,0,0,0,226,226,226,0.3197,0.4008,0.0108,0.0033,0.0,0.0,0.0,0.0661,0.8067
agricola-opt18-strips-p18,0,False,89,1197,2377,3726,0,4001,133,0,0,0,0,0,0,0,0,222,222,222,0.6272,1.1847,0.0115,0.0037,0.0,0.0,0.0,0.6283,2.4679
agricola-sat18-strips-p10,0,False,120,3271,6635,10108,0,9740,167,0,0,0,0,0,0,0,0,598,598,598,4.0189,15.6126,0.051,0.0087,0.0,0.0,0.0,0.4858,20.2341
agricola-sat18-strips-p05,0,False,104,2292,4556,7010,0,6854,123,40,0,0,11,0,0,0,0,580,758,580,2.4687,14.9121,0.0322,0.0059,0.0,0.0465,0.0,4.0385,21.5004
airport-p03-airport1-p2,0,True,0,7,57,126,0,194,3,0,0,0,0,0,0,0,0,17,17,17,0.0055,0.0003,0.0,0.001,0.0,0.0,0.0,0.0031,0.0105
airport-p02-airport1-p1,0,True,0,4,31,68,0,101,3,0,0,0,0,0,0,0,0,9,9,9,0.0052,0.0002,0.0,0.0022,0.0,0.0,0.0,0.003,0.011
airport-p05-airport2-p1,0,True,1,10,71,160,0,303,3,0,0,0,0,0,0,0,0,21,21,21,0.006,0.0006,0.0001,0.0011,0.0,0.0,0.0,0.0031,0.0112
agricola-sat18-strips-p20,0,False,91,1746,3512,5449,0,5819,191,45,0,0,7,0,0,0,0,433,783,433,1.2131,2.5348,0.0427,0.0052,0.0,0.0762,0.0,0.8556,4.6728
agricola-sat18-strips-p19,0,False,88,1604,3226,5013,0,5369,135,22,0,0,8,0,0,0,0,428,689,428,1.3881,2.2443,0.0336,0.0047,0.0,0.0207,0.0,0.3876,4.0784
agricola-sat18-strips-p14,0,False,73,996,1974,3110,0,3361,97,7,0,0,4,0,0,0,0,279,335,279,0.5235,0.7552,0.0176,0.0054,0.0,0.0037,0.0,0.2593,1.5714
agricola-sat18-strips-p15,0,False,75,1090,2167,3405,0,3660,99,21,0,0,6,0,0,0,0,288,402,288,0.6084,0.905,0.0158,0.0032,0.0,0.0184,0.0,0.3492,1.8929
agricola-sat18-strips-p16,0,False,78,1221,2421,3798,0,4063,135,41,0,0,8,0,0,0,0,297,526,297,0.6327,1.0295,0.021,0.0039,0.0,0.0311,0.0,0.4177,2.1178
airport-p04-airport2-p1,0,True,0,7,65,150,0,226,0,0,0,0,1,0,0,0,0,20,20,20,0.0064,0.0004,0.0,0.0013,0.0,0.0,0.0,0.0014,0.0101
agricola-sat18-strips-p12,0,False,60,725,1402,2243,0,2466,90,52,0,0,9,0,0,0,0,287,507,287,0.2544,0.2965,0.0068,0.0025,0.0,0.011,0.0,0.6483,1.2135
agricola-sat18-strips-p18,0,False,86,1501,3023,4699,0,5025,130,22,0,0,5,0,0,0,0,420,595,420,1.0356,2.2439,0.0375,0.0116,0.0,0.0193,0.0,0.1914,3.5391
agricola-sat18-strips-p17,0,False,82,1396,2800,4363,0,4672,125,38,0,0,11,0,0,0,0,415,591,415,0.9452,1.7244,0.0263,0.0087,0.0,0.0439,0.0,0.6465,3.3703
agricola-sat18-strips-p11,0,False,55,636,1222,1963,0,2201,66,35,0,0,5,0,0,0,0,283,503,283,0.2106,0.2411,0.0051,0.0027,0.0,0.0041,0.0,0.1783,0.6418
airport-p01-airport1-p1,0,True,0,3,27,62,0,91,0,0,0,0,1,0,0,0,0,8,8,8,0.0048,0.0001,0.0,0.0018,0.0,0.0,0.0,0.0013,0.0085
agricola-sat18-strips-p13,0,False,68,802,1582,2513,0,2758,84,19,0,0,5,0,0,0,0,276,330,276,0.3256,0.3721,0.009,0.003,0.0,0.0065,0.0,0.2675,0.9836
airport-p19-airport3-p6,0,True,4,39,315,669,0,1189,7,0,0,0,0,0,0,0,0,90,90,90,0.0137,0.006,0.0009,0.0018,0.0,0.0,0.0,0.0044,0.0274
airport-p09-airport2-p4,0,True,2,33,234,504,0,915,6,0,0,0,0,0,0,0,0,71,71,71,0.0086,0.0035,0.0005,0.0015,0.0,0.0,0.0,0.0038,0.0183
airport-p10-airport3-p1,0,True,0,5,59,136,0,208,0,0,0,0,1,0,0,0,0,18,18,18,0.006,0.0004,0.0,0.0013,0.0,0.0,0.0,0.0014,0.0097
airport-p06-airport2-p2,0,True,1,17,136,305,0,527,3,0,0,0,0,0,0,0,0,41,41,41,0.0067,0.0013,0.0002,0.0015,0.0,0.0,0.0,0.0033,0.0135
airport-p18-airport3-p6,0,True,6,49,376,780,0,1459,12,0,0,0,0,0,0,0,0,107,107,107,0.0149,0.0084,0.0013,0.0025,0.0,0.0,0.0,0.0047,0.0326
airport-p14-airport3-p3,0,True,2,25,205,443,0,818,6,0,0,0,0,0,0,0,0,60,60,60,0.0088,0.0028,0.0004,0.0017,0.0,0.0,0.0,0.0036,0.0178
airport-p17-airport3-p5,0,True,5,41,309,648,0,1195,9,0,0,0,0,0,0,0,0,88,88,88,0.0151,0.0059,0.0009,0.0032,0.0,0.0,0.0,0.0044,0.0301
airport-p07-airport2-p2,0,True,1,17,135,302,0,527,3,0,0,0,0,0,0,0,0,41,41,41,0.0069,0.0013,0.0002,0.0013,0.0,0.0,0.0,0.0033,0.0134
airport-p11-airport3-p1,0,True,1,10,73,164,0,313,3,0,0,0,0,0,0,0,0,21,21,21,0.0069,0.0007,0.0001,0.0011,0.0,0.0,0.0,0.0031,0.0123
airport-p13-airport3-p2,0,True,1,13,123,276,0,481,3,0,0,0,0,0,0,0,0,37,37,37,0.0073,0.0013,0.0002,0.0016,0.0,0.0,0.0,0.0033,0.0141
airport-p08-airport2-p3,0,True,2,27,206,444,0,814,6,0,0,0,0,0,0,0,0,62,62,62,0.0085,0.0026,0.0004,0.0019,0.0,0.0,0.0,0.0037,0.0177
airport-p16-airport3-p4,0,True,3,33,270,571,0,1080,9,0,0,0,0,0,0,0,0,79,79,79,0.01,0.0046,0.0007,0.0024,0.0,0.0,0.0,0.004,0.0221
airport-p12-airport3-p2,0,True,1,15,132,297,0,521,3,0,0,0,0,0,0,0,0,39,39,39,0.0077,0.0014,0.0002,0.0013,0.0,0.0,0.0,0.0033,0.0143
airport-p20-airport3-p7,0,True,6,54,400,833,0,1566,12,0,0,0,0,0,0,0,0,115,115,115,0.2929,0.0099,0.0016,0.0075,0.0,0.0,0.0,0.0049,0.3173
airport-p15-airport3-p3,0,True,2,23,197,425,0,783,6,0,0,0,0,0,0,0,0,58,58,58,0.0115,0.0027,0.0004,0.0027,0.0,0.0,0.0,0.0036,0.0215
airport-p24-airport4halfMUC-p4,0,True,8,75,556,1202,0,2226,9,0,0,0,0,0,0,0,0,162,162,162,0.0598,0.0508,0.0044,0.0032,0.0,0.0,0.0,0.0042,0.1233
airport-p22-airport4halfMUC-p3,0,True,5,53,495,1087,0,1900,3,0,0,0,0,0,0,0,0,148,148,148,0.0334,0.0309,0.0027,0.0028,0.0,0.0,0.0,0.0036,0.0742
airport-p23-airport4halfMUC-p4,0,True,16,73,597,1284,0,2045,3,0,0,0,0,0,0,0,0,168,168,168,0.0483,0.0473,0.0028,0.0033,0.0,0.0,0.0,0.0047,0.1074
airport-p32-airport4halfMUC-p10,0,True,27,193,1375,2840,0,5253,21,0,0,0,0,0,0,0,0,390,390,390,0.2712,0.3386,0.029,0.009,0.0,0.0,0.0,0.0085,0.6581
airport-p30-airport4halfMUC-p8,0,True,14,155,1065,2230,0,4313,21,0,0,0,0,0,0,0,0,310,310,310,0.475,0.191,0.0147,0.007,0.0,0.0,0.0,0.0062,0.6957
airport-p29-airport4halfMUC-p8,0,True,23,145,1082,2260,0,4044,15,0,0,0,0,0,0,0,0,308,308,308,0.1764,0.2046,0.0174,0.0073,0.0,0.0,0.0,0.0064,0.4136
airport-p35-airport4halfMUC-p12,0,True,43,258,1589,3248,0,6017,24,0,0,0,0,0,0,0,0,433,433,433,0.371,0.4746,0.0377,0.0111,0.0,0.0,0.0,0.0104,0.907
airport-p27-airport4halfMUC-p6,0,True,11,125,848,1799,0,3440,15,0,0,0,0,0,0,0,0,246,246,246,0.3514,0.1257,0.0094,0.0052,0.0,0.0,0.0,0.0051,0.4981
airport-p28-airport4halfMUC-p7,0,True,12,131,1003,2111,0,4000,15,0,0,0,0,0,0,0,0,294,294,294,0.1433,0.1423,0.0134,0.0063,0.0,0.0,0.0,0.0056,0.3125
airport-p33-airport4halfMUC-p10,0,True,16,179,1337,2780,0,5366,24,0,0,0,0,0,0,0,0,393,393,393,0.2867,0.3121,0.0247,0.0087,0.0,0.0,0.0,0.0073,0.6415
airport-p26-airport4halfMUC-p6,0,True,19,91,771,1631,0,2749,9,0,0,0,0,0,0,0,0,220,220,220,0.098,0.106,0.0063,0.0044,0.0,0.0,0.0,0.0051,0.2211
airport-p34-airport4halfMUC-p11,0,True,28,213,1498,3086,0,5759,24,0,0,0,0,0,0,0,0,427,427,427,0.3263,0.3844,0.0321,0.0104,0.0,0.0,0.0,0.0091,0.7644
airport-p25-airport4halfMUC-p5,0,True,9,83,716,1525,0,2798,9,0,0,0,0,0,0,0,0,212,212,212,0.0769,0.0778,0.0065,0.0039,0.0,0.0,0.0,0.0045,0.1708
airport-p31-airport4halfMUC-p9,0,True,14,161,1215,2537,0,4869,21,0,0,0,0,0,0,0,0,358,358,358,0.2337,0.2338,0.0203,0.0084,0.0,0.0,0.0,0.0068,0.5048
airport-p21-airport4halfMUC-p2,0,True,5,49,348,783,0,1391,3,0,0,0,0,0,0,0,0,101,101,101,0.0221,0.0162,0.002,0.002,0.0,0.0,0.0,0.0038,0.0467
airport-p40-airport5MUC-p4,0,True,714,1325,1994,4506,0,7035,223,0,0,0,0,0,0,0,0,190,190,190,0.0915,0.2454,0.0383,0.0119,0.0,0.0,0.0,0.0544,0.4429
airport-p37-airport5MUC-p3,0,True,566,1030,1400,3294,0,5136,196,0,0,0,0,0,0,0,0,141,141,141,0.0648,0.1417,0.0161,0.0069,0.0,0.0,0.0,0.039,0.2697
airport-p39-airport5MUC-p4,0,True,746,1362,1878,4391,0,6879,295,0,0,0,0,0,0,0,0,208,208,208,0.1018,0.273,0.0423,0.011,0.0,0.0,0.0,0.0504,0.4799
airport-p50-airport5MUC-p15,0,True,2685,4967,7878,16957,0,27535,857,0,0,0,0,0,0,0,0,685,685,685,0.9739,4.754,0.9013,0.1128,0.0,0.0,0.0,0.2083,6.9638
airport-p38-airport5MUC-p3,0,True,521,980,1477,3373,0,5165,181,0,0,0,0,0,0,0,0,154,154,154,0.0575,0.1375,0.02,0.0076,0.0,0.0,0.0,0.0379,0.2618
airport-p46-airport5MUC-p6,0,True,1053,1971,3012,6679,0,10442,379,0,0,0,0,0,0,0,0,290,290,290,0.1718,0.5723,0.1016,0.0216,0.0,0.0,0.0,0.0921,0.9614
airport-p42-airport5MUC-p5,0,True,894,1657,2512,5643,0,8927,322,0,0,0,0,0,0,0,0,257,257,257,0.1348,0.4112,0.0683,0.0176,0.0,0.0,0.0,0.0747,0.7082
airport-p36-airport5MUC-p2,0,True,328,635,967,2243,0,3286,105,0,0,0,0,0,0,0,0,109,109,109,0.033,0.0588,0.0072,0.0045,0.0,0.0,0.0,0.0262,0.1307
airport-p49-airport5MUC-p10,0,True,1733,3255,5107,11140,0,17501,507,0,0,0,0,0,0,0,0,451,451,451,0.4173,1.725,0.2865,0.0544,0.0,0.0,0.0,0.1374,2.624
airport-p44-airport5MUC-p5,0,True,828,1589,2488,5536,0,8237,208,0,0,0,0,0,0,0,0,227,227,227,0.11,0.3536,0.0428,0.016,0.0,0.0,0.0,0.073,0.5969
airport-p48-airport5MUC-p9,0,True,1619,2987,4624,10126,0,16279,547,0,0,0,0,0,0,0,0,423,423,423,0.3784,1.4467,0.2785,0.045,0.0,0.0,0.0,0.1285,2.2803
airport-p47-airport5MUC-p8,0,True,1360,2580,4001,8800,0,13463,389,0,0,0,0,0,0,0,0,355,355,355,0.2607,0.9942,0.1502,0.0341,0.0,0.0,0.0,0.1122,1.5538
airport-p45-airport5MUC-p6,0,True,987,1901,2917,6484,0,9515,235,0,0,0,0,0,0,0,0,249,249,249,0.1398,0.4653,0.0564,0.0205,0.0,0.0,0.0,0.0869,0.7706
airport-p43-airport5MUC-p5,0,True,873,1639,2480,5528,0,8499,280,0,0,0,0,0,0,0,0,223,223,223,0.1204,0.3755,0.0538,0.0164,0.0,0.0,0.0,0.0727,0.6405
airport-p41-airport5MUC-p4,0,True,680,1292,1952,4387,0,6588,208,0,0,0,0,0,0,0,0,178,178,178,0.0803,0.2179,0.0299,0.0112,0.0,0.0,0.0,0.0523,0.3928
barman-mco14-strips-p2-11-4-15,0,True,92,560,1684,2399,0,3327,69,0,0,0,0,0,0,0,0,34,34,34,0.0244,0.014,0.0021,0.003,0.0,0.0,0.0,0.0794,0.1239
barman-mco14-strips-p1-11-5-16,0,True,115,726,2210,3118,0,4256,78,0,0,0,0,0,0,0,0,38,38,38,0.0304,0.0208,0.0028,0.0036,0.0,0.0,0.0,0.0628,0.1213
barman-mco14-strips-p3-11-5-17,0,True,121,768,2342,3301,0,4504,80,0,0,0,0,0,0,0,0,38,38,38,0.0323,0.0224,0.0034,0.0037,0.0,0.0,0.0,0.0656,0.1285
barman-mco14-strips-p3-11-5-16,0,True,115,726,2210,3118,0,4256,78,0,0,0,0,0,0,0,0,38,38,38,0.0303,0.021,0.0028,0.0036,0.0,0.0,0.0,0.0626,0.1212
barman-mco14-strips-p3-11-4-15,0,True,92,560,1684,2399,0,3327,71,0,0,0,0,0,0,0,0,34,34,34,0.0242,0.0149,0.0021,0.0039,0.0,0.0,0.0,0.0478,0.0937
barman-mco14-strips-p3-10-4-13,0,True,80,486,1456,2078,0,2881,66,0,0,0,0,0,0,0,0,31,31,31,0.0199,0.0105,0.0014,0.0029,0.0,0.0,0.0,0.0422,0.0777
barman-mco14-strips-p2-11-5-16,0,True,114,724,2204,3109,0,4242,77,0,0,0,0,0,0,0,0,37,37,37,0.0291,0.0205,0.003,0.0036,0.0,0.0,0.0,0.0629,0.12
barman-opt14-strips-p536-2,0,True,33,178,510,750,0,1062,38,0,0,0,0,0,0,0,0,18,18,18,0.0076,0.002,0.0003,0.0014,0.0,0.0,0.0,0.0172,0.029
barman-mco14-strips-p2-10-4-13,0,True,80,486,1456,2078,0,2881,64,0,0,0,0,0,0,0,0,31,31,31,0.0206,0.0108,0.0015,0.0029,0.0,0.0,0.0,0.0415,0.0781
barman-mco14-strips-p4-11-4-14,0,True,86,524,1572,2242,0,3109,69,0,0,0,0,0,0,0,0,33,33,33,0.0236,0.0124,0.0017,0.0025,0.0,0.0,0.0,0.0453,0.0862
barman-mco14-strips-p3-11-5-15,0,True,105,676,2054,2899,0,3952,85,0,0,0,0,0,0,0,0,36,36,36,0.0279,0.0183,0.0026,0.0033,0.0,0.0,0.0,0.0583,0.1114
barman-mco14-strips-p1-11-5-15,0,True,105,676,2054,2899,0,3952,76,0,0,0,0,0,0,0,0,36,36,36,0.0273,0.0179,0.0024,0.0035,0.0,0.0,0.0,0.0691,0.1211
barman-mco14-strips-p4-11-4-15,0,True,91,558,1678,2390,0,3313,70,0,0,0,0,0,0,0,0,34,34,34,0.0265,0.0143,0.0021,0.003,0.0,0.0,0.0,0.0481,0.0948
barman-mco14-strips-p2-11-5-17,0,True,119,764,2330,3283,0,4476,80,0,0,0,0,0,0,0,0,38,38,38,0.0322,0.0226,0.0033,0.0038,0.0,0.0,0.0,0.0645,0.1274
barman-mco14-strips-p1-8-4-10,0,True,62,374,1112,1593,0,2207,53,0,0,0,0,0,0,0,0,26,26,26,0.0159,0.0063,0.0009,0.0023,0.0,0.0,0.0,0.0329,0.0591
barman-mco14-strips-p2-11-5-15,0,True,108,682,2072,2926,0,3994,75,0,0,0,0,0,0,0,0,37,37,37,0.0277,0.0174,0.0028,0.0035,0.0,0.0,0.0,0.0595,0.1119
barman-opt11-strips-pfile01-003,0,False,23,118,330,492,0,694,31,9,0,0,3,0,0,0,0,41,41,41,0.0063,0.001,0.0002,0.0013,0.0,0.0002,0.0,0.044,0.0533
barman-mco14-strips-p5-11-5-15,0,True,106,678,2060,2908,0,3966,73,0,0,0,0,0,0,0,0,36,36,36,0.0277,0.0181,0.0027,0.0037,0.0,0.0,0.0,0.0575,0.1108
barman-opt11-strips-pfile01-004,0,False,23,118,330,492,0,694,31,22,0,0,7,0,0,0,0,41,41,41,0.0069,0.001,0.0002,0.0014,0.0,0.0005,0.0,0.0832,0.0933
barman-mco14-strips-p5-11-4-15,0,True,91,558,1678,2390,0,3313,73,0,0,0,0,0,0,0,0,34,34,34,0.0231,0.0142,0.0021,0.0033,0.0,0.0,0.0,0.0625,0.1061
barman-opt11-strips-pfile01-002,0,False,23,118,330,492,0,694,31,17,0,0,5,0,0,0,0,41,41,41,0.0062,0.0011,0.0002,0.002,0.0,0.0003,0.0,0.0772,0.0872
barman-opt11-strips-pfile03-009,0,False,33,178,510,750,0,1062,39,6,0,0,2,0,0,0,0,45,45,45,0.0077,0.002,0.0003,0.0023,0.0,0.0002,0.0,0.0265,0.0393
barman-mco14-strips-p4-11-5-15,0,True,107,680,2066,2917,0,3980,74,0,0,0,0,0,0,0,0,36,36,36,0.0274,0.0182,0.0025,0.0031,0.0,0.0,0.0,0.0592,0.1114
barman-opt11-strips-pfile03-010,0,False,33,178,510,750,0,1062,39,24,0,0,8,0,0,0,0,45,45,45,0.0073,0.002,0.0003,0.0014,0.0,0.0007,0.0,0.0808,0.0925
barman-opt11-strips-pfile02-005,0,False,28,148,420,621,0,878,35,16,0,0,5,0,0,0,0,43,43,43,0.0153,0.0015,0.0002,0.0015,0.0,0.0004,0.0,0.0284,0.0474
barman-mco14-strips-p5-11-5-16,0,True,114,724,2204,3109,0,4242,88,0,0,0,0,0,0,0,0,37,37,37,0.0304,0.0208,0.003,0.0037,0.0,0.0,0.0,0.0624,0.1211
barman-opt11-strips-pfile02-006,0,False,28,148,420,621,0,878,35,12,0,0,4,0,0,0,0,43,43,43,0.007,0.0015,0.0002,0.0017,0.0,0.0003,0.0,0.0351,0.0459
barman-opt11-strips-pfile02-008,0,False,28,148,420,621,0,878,35,12,0,0,4,0,0,0,0,43,43,43,0.0075,0.0015,0.0002,0.0016,0.0,0.0003,0.0,0.0549,0.0663
barman-opt11-strips-pfile02-007,0,False,28,148,420,621,0,878,35,19,0,0,5,0,0,0,0,43,43,43,0.0072,0.0015,0.0003,0.0017,0.0,0.0004,0.0,0.0287,0.04
barman-mco14-strips-p5-10-4-13,0,True,80,486,1456,2078,0,2881,73,0,0,0,0,0,0,0,0,31,31,31,0.0208,0.0107,0.0014,0.0027,0.0,0.0,0.0,0.0419,0.0783
barman-opt11-strips-pfile01-001,0,False,23,118,330,492,0,694,33,9,0,0,3,0,0,0,0,41,41,41,0.0061,0.0011,0.0002,0.0012,0.0,0.0002,0.0,0.0176,0.0267
barman-opt11-strips-pfile03-011,0,False,33,178,510,750,0,1062,39,21,0,0,7,0,0,0,0,45,45,45,0.0078,0.002,0.0004,0.0018,0.0,0.0006,0.0,0.0767,0.0892
barman-opt11-strips-pfile04-016,0,False,42,234,680,992,0,1406,51,3,0,0,1,0,0,0,0,47,47,47,0.0101,0.0033,0.0006,0.0019,0.0,0.0001,0.0,0.0341,0.0506
barman-opt11-strips-pfile04-013,0,False,42,234,680,992,0,1406,51,10,0,0,3,0,0,0,0,47,47,47,0.01,0.0033,0.0006,0.0018,0.0,0.0004,0.0,0.0291,0.0454
barman-opt11-strips-pfile05-020,0,False,48,266,776,1130,0,1604,56,6,0,0,2,0,0,0,0,50,50,50,0.0121,0.004,0.0006,0.0019,0.0,0.0003,0.0,0.039,0.0584
barman-opt11-strips-pfile04-014,0,False,43,236,686,1001,0,1420,51,18,0,0,6,0,0,0,0,48,48,48,0.0116,0.0034,0.0006,0.0021,0.0,0.0008,0.0,0.0909,0.1092
barman-opt11-strips-pfile05-018,0,False,48,266,776,1130,0,1604,50,12,0,0,4,0,0,0,0,50,50,50,0.0132,0.0041,0.0007,0.0019,0.0,0.0006,0.0,0.0528,0.0734
barman-opt11-strips-pfile04-015,0,False,42,234,680,992,0,1406,47,0,0,0,0,0,0,0,0,47,47,47,0.009,0.0032,0.0006,0.0027,0.0,0.0,0.0,0.023,0.0391
barman-opt11-strips-pfile03-012,0,False,33,178,510,750,0,1062,43,21,0,0,7,0,0,0,0,45,45,45,0.0087,0.002,0.0003,0.0017,0.0,0.0006,0.0,0.0799,0.0933
barman-opt14-strips-p435-1,0,True,28,148,420,621,0,878,34,0,0,0,0,0,0,0,0,16,16,16,0.0066,0.0015,0.0002,0.0019,0.0,0.0,0.0,0.0142,0.0249
barman-opt14-strips-p435-3,0,True,28,148,420,621,0,878,34,0,0,0,0,0,0,0,0,16,16,16,0.0068,0.0015,0.0002,0.0017,0.0,0.0,0.0,0.0144,0.0251
barman-opt11-strips-pfile05-017,0,False,48,266,776,1130,0,1604,50,15,0,0,5,0,0,0,0,50,50,50,0.0118,0.004,0.0007,0.0019,0.0,0.0008,0.0,0.0564,0.0753
barman-opt14-strips-p435-2,0,True,28,148,420,621,0,878,34,0,0,0,0,0,0,0,0,16,16,16,0.0073,0.0015,0.0002,0.0016,0.0,0.0,0.0,0.0145,0.0257
barman-opt14-strips-p536-1,0,True,33,178,510,750,0,1062,38,0,0,0,0,0,0,0,0,18,18,18,0.0089,0.002,0.0003,0.002,0.0,0.0,0.0,0.0172,0.0309
barman-opt11-strips-pfile05-019,0,False,48,266,776,1130,0,1604,50,17,0,0,5,0,0,0,0,50,50,50,0.0123,0.0041,0.0007,0.0024,0.0,0.0008,0.0,0.0457,0.0658
barman-sat11-strips-pfile07-026,0,False,68,412,1228,1757,0,2435,63,0,0,0,0,0,0,0,0,64,64,64,0.0182,0.0077,0.0014,0.0026,0.0,0.0,0.0,0.0368,0.0674
barman-opt14-strips-p638-3,0,True,43,236,686,1001,0,1420,45,0,0,0,0,0,0,0,0,21,21,21,0.0099,0.0034,0.0005,0.0016,0.0,0.0,0.0,0.0233,0.0394
barman-opt14-strips-p739-3,0,True,47,264,770,1121,0,1590,47,0,0,0,0,0,0,0,0,22,22,22,0.0119,0.0039,0.0005,0.0019,0.0,0.0,0.0,0.0257,0.0445
barman-sat11-strips-pfile06-022,0,False,63,376,1118,1602,0,2221,57,0,0,0,0,0,0,0,0,63,63,63,0.0144,0.0062,0.001,0.0021,0.0,0.0,0.0,0.0335,0.058
barman-opt14-strips-p839-1,0,True,48,268,780,1137,0,1614,50,0,0,0,0,0,0,0,0,24,24,24,0.013,0.0042,0.0006,0.002,0.0,0.0,0.0,0.0265,0.047
barman-opt14-strips-p739-1,0,True,47,264,770,1121,0,1590,47,0,0,0,0,0,0,0,0,22,22,22,0.0122,0.004,0.0006,0.0023,0.0,0.0,0.0,0.026,0.0457
barman-opt14-strips-p739-2,0,True,47,264,770,1121,0,1590,47,0,0,0,0,0,0,0,0,22,22,22,0.0113,0.0041,0.0006,0.0021,0.0,0.0,0.0,0.026,0.0446
barman-sat11-strips-pfile06-024,0,False,62,374,1112,1593,0,2207,59,0,0,0,0,0,0,0,0,62,62,62,0.0163,0.0063,0.001,0.002,0.0,0.0,0.0,0.033,0.0592
barman-opt14-strips-p839-2,0,True,48,268,780,1137,0,1614,50,0,0,0,0,0,0,0,0,24,24,24,0.0135,0.0043,0.0006,0.0019,0.0,0.0,0.0,0.0266,0.0475
barman-opt14-strips-p638-1,0,True,42,234,680,992,0,1406,43,0,0,0,0,0,0,0,0,20,20,20,0.0104,0.0032,0.0005,0.0019,0.0,0.0,0.0,0.0231,0.0396
barman-sat11-strips-pfile06-021,0,False,62,374,1112,1593,0,2207,58,0,0,0,0,0,0,0,0,62,62,62,0.0147,0.0064,0.0011,0.0024,0.0,0.0,0.0,0.033,0.0583
barman-sat11-strips-pfile07-025,0,False,69,414,1234,1766,0,2449,69,0,0,0,0,0,0,0,0,65,65,65,0.0163,0.0079,0.0014,0.0025,0.0,0.0,0.0,0.0359,0.0647
barman-opt14-strips-p536-3,0,True,33,178,510,750,0,1062,38,0,0,0,0,0,0,0,0,18,18,18,0.0082,0.002,0.0003,0.0016,0.0,0.0,0.0,0.0173,0.0299
barman-sat11-strips-pfile06-023,0,False,63,374,1112,1593,0,2206,54,3,0,0,1,0,0,0,0,51,51,51,0.0144,0.0064,0.001,0.0021,0.0,0.0002,0.0,0.0439,0.0687
barman-opt14-strips-p638-2,0,True,43,236,686,1001,0,1420,50,0,0,0,0,0,0,0,0,21,21,21,0.0121,0.0034,0.0005,0.0017,0.0,0.0,0.0,0.0231,0.0412
barman-sat11-strips-pfile07-027,0,False,68,412,1228,1757,0,2435,63,0,0,0,0,0,0,0,0,64,64,64,0.0191,0.0079,0.0013,0.0026,0.0,0.0,0.0,0.0365,0.0683
barman-sat11-strips-pfile07-028,0,False,69,414,1234,1766,0,2449,61,0,0,0,0,0,0,0,0,65,65,65,2.1345,0.0078,0.0012,0.0025,0.0,0.0,0.0,0.0353,2.1821
barman-sat11-strips-pfile08-030,0,False,81,488,1462,2087,0,2895,76,14,0,0,4,0,0,0,0,68,68,68,0.0223,0.0112,0.0019,0.0031,0.0,0.0012,0.0,0.0882,0.1275
barman-sat11-strips-pfile09-033,0,False,85,522,1566,2233,0,3095,71,0,0,0,0,0,0,0,0,69,69,69,0.0266,0.0127,0.0022,0.0033,0.0,0.0,0.0,0.0448,0.0905
barman-sat11-strips-pfile09-035,0,False,85,522,1566,2233,0,3095,76,0,0,0,0,0,0,0,0,69,69,69,0.0272,0.0133,0.0022,0.0037,0.0,0.0,0.0,0.0576,0.105
barman-sat11-strips-pfile10-037,0,False,91,558,1678,2390,0,3313,79,0,0,0,0,0,0,0,0,70,70,70,0.0318,0.0158,0.0024,0.0031,0.0,0.0,0.0,0.0548,0.1089
barman-sat11-strips-pfile08-031,0,False,80,486,1456,2078,0,2881,70,0,0,0,0,0,0,0,0,67,67,67,0.0272,0.0111,0.0017,0.0028,0.0,0.0,0.0,0.0419,0.0854
barman-sat11-strips-pfile09-034,0,False,86,524,1572,2242,0,3109,74,0,0,0,0,0,0,0,0,69,69,69,0.028,0.0126,0.0019,0.0031,0.0,0.0,0.0,0.0445,0.0911
barman-sat11-strips-pfile08-029,0,False,80,486,1456,2078,0,2881,78,0,0,0,0,0,0,0,0,67,67,67,0.0319,0.0111,0.0018,0.0026,0.0,0.0,0.0,0.0417,0.09
barman-sat14-strips-p1-11-4-15,0,True,91,558,1678,2390,0,3313,83,0,0,0,0,0,0,0,0,34,34,34,2.1262,0.014,0.0018,0.0027,0.0,0.0,0.0,0.0483,2.194
barman-sat11-strips-pfile10-038,0,False,92,560,1684,2399,0,3327,75,0,0,0,0,0,0,0,0,70,70,70,2.1242,0.0147,0.0025,0.003,0.0,0.0,0.0,0.0483,2.1936
barman-sat11-strips-pfile10-039,0,False,90,556,1672,2381,0,3299,79,0,0,0,0,0,0,0,0,70,70,70,2.1227,0.0144,0.0022,0.0028,0.0,0.0,0.0,0.0552,2.1982
barman-sat11-strips-pfile08-032,0,False,80,486,1456,2078,0,2881,70,0,0,0,0,0,0,0,0,67,67,67,0.0291,0.0109,0.0019,0.0029,0.0,0.0,0.0,0.0418,0.0874
barman-sat11-strips-pfile09-036,0,False,85,522,1566,2233,0,3095,70,0,0,0,0,0,0,0,0,69,69,69,0.0346,0.0133,0.0021,0.003,0.0,0.0,0.0,0.058,0.1119
barman-sat11-strips-pfile10-040,0,False,93,562,1690,2408,0,3341,75,0,0,0,0,0,0,0,0,71,71,71,0.0254,0.0142,0.0025,0.0033,0.0,0.0,0.0,0.0482,0.0945
barman-sat14-strips-p2-10-4-13,0,True,80,486,1456,2078,0,2881,64,0,0,0,0,0,0,0,0,31,31,31,0.0231,0.0106,0.0014,0.0024,0.0,0.0,0.0,0.0418,0.0801
barman-sat14-strips-p3-10-4-13,0,True,80,486,1456,2078,0,2881,66,0,0,0,0,0,0,0,0,31,31,31,0.023,0.0105,0.0014,0.0028,0.0,0.0,0.0,0.0418,0.0804
barman-sat14-strips-p1-11-5-16,0,True,115,726,2210,3118,0,4256,78,0,0,0,0,0,0,0,0,38,38,38,0.0327,0.0201,0.0031,0.0036,0.0,0.0,0.0,0.0621,0.1225
barman-sat14-strips-p1-11-5-15,0,True,105,676,2054,2899,0,3952,76,0,0,0,0,0,0,0,0,36,36,36,0.0298,0.0179,0.0024,0.0034,0.0,0.0,0.0,0.0694,0.1239
barman-sat14-strips-p3-11-5-16,0,True,115,726,2210,3118,0,4256,78,0,0,0,0,0,0,0,0,38,38,38,0.0309,0.02,0.0028,0.0037,0.0,0.0,0.0,0.0626,0.1208
barman-sat14-strips-p2-11-5-15,0,True,108,682,2072,2926,0,3994,75,0,0,0,0,0,0,0,0,37,37,37,0.0321,0.017,0.0028,0.0035,0.0,0.0,0.0,0.0596,0.116
barman-sat14-strips-p2-11-5-17,0,True,119,764,2330,3283,0,4476,80,0,0,0,0,0,0,0,0,38,38,38,0.0341,0.0221,0.0033,0.0039,0.0,0.0,0.0,0.0648,0.1292
barman-sat14-strips-p3-11-4-15,0,True,92,560,1684,2399,0,3327,71,0,0,0,0,0,0,0,0,34,34,34,0.0278,0.0156,0.0021,0.0028,0.0,0.0,0.0,0.0475,0.0966
barman-sat14-strips-p2-11-5-16,0,True,114,724,2204,3109,0,4242,77,0,0,0,0,0,0,0,0,37,37,37,0.0326,0.0203,0.0027,0.004,0.0,0.0,0.0,0.0631,0.1236
barman-sat14-strips-p2-11-4-15,0,True,92,560,1684,2399,0,3327,69,0,0,0,0,0,0,0,0,34,34,34,0.0271,0.0144,0.0021,0.003,0.0,0.0,0.0,0.0798,0.1273
barman-sat14-strips-p3-11-5-15,0,True,105,676,2054,2899,0,3952,85,0,0,0,0,0,0,0,0,36,36,36,0.0284,0.0183,0.0026,0.0032,0.0,0.0,0.0,0.059,0.1126
blocks-probBLOCKS-10-0,0,True,0,9,31,78,0,91,0,0,0,0,0,0,0,0,0,18,18,18,0.0054,0.0005,0.0,0.001,0.0,0.0,0.0,0.002,0.0094
barman-sat14-strips-p5-11-5-16,0,True,114,724,2204,3109,0,4242,88,0,0,0,0,0,0,0,0,37,37,37,0.0291,0.0204,0.003,0.0036,0.0,0.0,0.0,0.0621,0.1191
barman-sat14-strips-p3-11-5-17,0,True,121,768,2342,3301,0,4504,80,0,0,0,0,0,0,0,0,38,38,38,0.0309,0.0236,0.0034,0.0036,0.0,0.0,0.0,0.0658,0.1284
barman-sat14-strips-p5-11-4-15,0,True,91,558,1678,2390,0,3313,73,0,0,0,0,0,0,0,0,34,34,34,0.0242,0.0145,0.0018,0.0029,0.0,0.0,0.0,0.0627,0.107
barman-sat14-strips-p4-11-4-14,0,True,86,524,1572,2242,0,3109,69,0,0,0,0,0,0,0,0,33,33,33,0.0227,0.0124,0.0017,0.0026,0.0,0.0,0.0,0.0446,0.0848
barman-sat14-strips-p4-11-4-15,0,True,91,558,1678,2390,0,3313,70,0,0,0,0,0,0,0,0,34,34,34,0.0237,0.0143,0.0021,0.003,0.0,0.0,0.0,0.0482,0.0921
barman-sat14-strips-p4-11-5-15,0,True,107,680,2066,2917,0,3980,74,0,0,0,0,0,0,0,0,36,36,36,0.0281,0.0182,0.0024,0.0035,0.0,0.0,0.0,0.0591,0.1123
blocks-probBLOCKS-10-1,0,True,0,10,31,80,0,92,0,0,0,0,0,0,0,0,0,19,19,19,0.0057,0.0005,0.0,0.0009,0.0,0.0,0.0,0.002,0.0097
barman-sat14-strips-p5-10-4-13,0,True,80,486,1456,2078,0,2881,73,0,0,0,0,0,0,0,0,31,31,31,0.0206,0.0115,0.0016,0.0028,0.0,0.0,0.0,0.0419,0.0792
blocks-probBLOCKS-12-0,0,True,0,12,39,96,0,109,0,0,0,0,0,0,0,0,0,22,22,22,0.006,0.0008,0.0,0.0013,0.0,0.0,0.0,0.0022,0.0112
blocks-probBLOCKS-11-0,0,True,0,11,36,86,0,96,0,0,0,0,0,0,0,0,0,19,19,19,0.0056,0.0006,0.0,0.0009,0.0,0.0,0.0,0.0021,0.0098
blocks-probBLOCKS-10-2,0,True,0,10,32,81,0,94,0,0,0,0,0,0,0,0,0,19,19,19,0.0061,0.0005,0.0,0.0011,0.0,0.0,0.0,0.002,0.0103
blocks-probBLOCKS-11-2,0,True,0,11,32,82,0,94,0,0,0,0,0,0,0,0,0,19,19,19,0.006,0.0006,0.0,0.0022,0.0,0.0,0.0,0.002,0.0113
barman-sat14-strips-p5-11-5-15,0,True,106,678,2060,2908,0,3966,73,0,0,0,0,0,0,0,0,36,36,36,0.028,0.0178,0.0024,0.0034,0.0,0.0,0.0,0.0586,0.1113
blocks-probBLOCKS-11-1,0,True,0,11,40,94,0,103,0,0,0,0,0,0,0,0,0,21,21,21,0.0069,0.0007,0.0,0.0015,0.0,0.0,0.0,0.0021,0.0117
blocks-probBLOCKS-13-0,0,True,0,12,41,103,0,118,0,0,0,0,0,0,0,0,0,24,24,24,0.0068,0.0009,0.0001,0.0019,0.0,0.0,0.0,0.0022,0.0124
blocks-probBLOCKS-4-1,0,True,0,4,11,28,0,30,0,0,0,0,1,0,0,0,0,6,6,6,0.0052,0.0001,0.0,0.0013,0.0,0.0,0.0,0.0012,0.0082
blocks-probBLOCKS-14-0,0,True,0,14,44,109,0,125,0,0,0,0,0,0,0,0,0,25,25,25,0.0064,0.0011,0.0001,0.001,0.0,0.0,0.0,0.0022,0.0111
blocks-probBLOCKS-4-2,0,True,0,3,12,29,0,29,0,0,0,0,0,0,0,0,0,6,6,6,0.0045,0.0001,0.0,0.001,0.0,0.0,0.0,0.002,0.008
blocks-probBLOCKS-14-1,0,True,0,14,50,119,0,131,0,0,0,0,0,0,0,0,0,27,27,27,0.0068,0.0011,0.0001,0.0012,0.0,0.0,0.0,0.0021,0.0118
blocks-probBLOCKS-15-0,0,True,0,15,52,124,0,136,0,0,0,0,0,0,0,0,0,28,28,28,0.0066,0.0014,0.0001,0.0012,0.0,0.0,0.0,0.0022,0.0119
blocks-probBLOCKS-15-1,0,True,0,15,46,118,0,139,0,0,0,0,0,0,0,0,0,28,28,28,0.0063,0.0013,0.0001,0.001,0.0,0.0,0.0,0.0021,0.0113
blocks-probBLOCKS-12-1,0,True,0,11,37,94,0,110,0,0,0,0,0,0,0,0,0,22,22,22,0.0061,0.0008,0.0,0.0013,0.0,0.0,0.0,0.0021,0.0108
blocks-probBLOCKS-5-0,0,True,0,5,17,39,0,42,0,0,0,0,0,0,0,0,0,8,8,8,0.0054,0.0001,0.0,0.0012,0.0,0.0,0.0,0.002,0.0092
blocks-probBLOCKS-13-1,0,True,0,13,41,105,0,123,0,0,0,0,0,0,0,0,0,25,25,25,0.0062,0.001,0.0001,0.0013,0.0,0.0,0.0,0.002,0.011
blocks-probBLOCKS-16-2,0,True,0,15,47,120,0,142,0,0,0,0,0,0,0,0,0,28,28,28,0.0066,0.0016,0.0001,0.0012,0.0,0.0,0.0,0.0021,0.012
blocks-probBLOCKS-17-0,0,True,0,17,59,143,0,162,0,0,0,0,0,0,0,0,0,33,33,33,0.0104,0.0019,0.0001,0.0011,0.0,0.0,0.0,0.0022,0.0162
blocks-probBLOCKS-4-0,0,True,0,3,15,32,0,32,0,0,0,0,0,0,0,0,0,6,6,6,0.0046,0.0001,0.0,0.0008,0.0,0.0,0.0,0.0021,0.0081
blocks-probBLOCKS-5-1,0,True,0,4,16,36,0,38,0,0,0,0,0,0,0,0,0,7,7,7,0.0053,0.0001,0.0,0.0009,0.0,0.0,0.0,0.002,0.0088
blocks-probBLOCKS-16-1,0,True,0,16,52,131,0,152,0,0,0,0,0,0,0,0,0,31,31,31,0.0068,0.0016,0.0001,0.0012,0.0,0.0,0.0,0.0021,0.0122
blocks-probBLOCKS-7-0,0,True,0,7,21,55,0,64,0,0,0,0,1,0,0,0,0,13,13,13,0.005,0.0003,0.0,0.001,0.0,0.0,0.0,0.0013,0.0079
blocks-probBLOCKS-6-0,0,True,0,6,20,49,0,53,0,0,0,0,0,0,0,0,0,11,11,11,0.0046,0.0002,0.0,0.0013,0.0,0.0,0.0,0.002,0.0085
blocks-probBLOCKS-7-1,0,True,0,7,22,54,0,60,0,0,0,0,0,0,0,0,0,12,12,12,0.0048,0.0003,0.0,0.001,0.0,0.0,0.0,0.002,0.0085
childsnack-opt14-strips-child-snack_pfile01-2,0,True,38,126,134,304,0,318,32,0,0,0,0,0,0,0,0,11,11,11,0.0074,0.0009,0.0001,0.0013,0.0,0.0,0.0,0.0074,0.0177
blocks-probBLOCKS-7-2,0,True,0,7,21,53,0,57,0,0,0,0,0,0,0,0,0,12,12,12,0.0058,0.0002,0.0,0.0009,0.0,0.0,0.0,0.002,0.0094
blocks-probBLOCKS-8-1,0,True,0,8,29,64,0,67,0,0,0,0,0,0,0,0,0,13,13,13,0.006,0.0003,0.0,0.001,0.0,0.0,0.0,0.0021,0.0099
blocks-probBLOCKS-8-0,0,True,0,7,26,61,0,66,0,0,0,0,0,0,0,0,0,13,13,13,0.0048,0.0003,0.0,0.0013,0.0,0.0,0.0,0.0021,0.0089
blocks-probBLOCKS-9-1,0,True,0,9,26,68,0,80,0,0,0,0,1,0,0,0,0,16,16,16,0.0051,0.0004,0.0,0.0013,0.0,0.0,0.0,0.0013,0.0085
blocks-probBLOCKS-5-2,0,True,0,5,15,39,0,45,0,0,0,0,1,0,0,0,0,9,9,9,0.0044,0.0001,0.0,0.0014,0.0,0.0,0.0,0.0013,0.0076
blocks-probBLOCKS-8-2,0,True,0,7,29,66,0,71,0,0,0,0,0,0,0,0,0,14,14,14,0.0048,0.0003,0.0,0.0009,0.0,0.0,0.0,0.0021,0.0086
blocks-probBLOCKS-9-2,0,True,0,9,28,72,0,83,0,0,0,0,0,0,0,0,0,17,17,17,0.0051,0.0004,0.0,0.0009,0.0,0.0,0.0,0.002,0.0088
childsnack-opt14-strips-child-snack_pfile01,0,True,38,126,134,304,0,318,29,0,0,0,0,0,0,0,0,10,10,10,0.0062,0.0009,0.0001,0.0015,0.0,0.0,0.0,0.0075,0.0166
blocks-probBLOCKS-9-0,0,True,0,9,28,70,0,80,0,0,0,0,0,0,0,0,0,16,16,16,0.0052,0.0004,0.0,0.0012,0.0,0.0,0.0,0.002,0.0093
blocks-probBLOCKS-6-1,0,True,0,5,23,50,0,51,0,0,0,0,0,0,0,0,0,10,10,10,0.0048,0.0002,0.0,0.0011,0.0,0.0,0.0,0.0021,0.0086
blocks-probBLOCKS-6-2,0,True,0,6,18,47,0,54,0,0,0,0,1,0,0,0,0,11,11,11,0.0046,0.0002,0.0,0.0011,0.0,0.0,0.0,0.0013,0.0077
childsnack-opt14-strips-child-snack_pfile03-2,0,True,50,215,226,499,0,531,38,0,0,0,0,0,0,0,0,13,13,13,0.0095,0.0021,0.0001,0.0013,0.0,0.0,0.0,0.0107,0.0243
childsnack-opt14-strips-child-snack_pfile06-2,0,True,84,564,579,1238,0,1307,48,0,0,0,0,0,0,0,0,16,16,16,0.0178,0.0069,0.0003,0.0018,0.0,0.0,0.0,0.0239,0.0515
childsnack-opt14-strips-child-snack_pfile05,0,True,74,451,464,999,0,1059,44,0,0,0,0,0,0,0,0,15,15,15,0.0139,0.0048,0.0003,0.0017,0.0,0.0,0.0,0.0197,0.0411
childsnack-opt14-strips-child-snack_pfile08-2,0,True,94,740,757,1604,0,1702,53,0,0,0,0,0,0,0,0,18,18,18,0.0215,0.0111,0.0005,0.0017,0.0,0.0,0.0,0.0309,0.0665
childsnack-opt14-strips-child-snack_pfile06,0,True,84,564,579,1238,0,1307,48,0,0,0,0,0,0,0,0,16,16,16,0.0168,0.0068,0.0003,0.0015,0.0,0.0,0.0,0.0236,0.0499
childsnack-opt14-strips-child-snack_pfile03,0,True,50,215,226,499,0,531,38,0,0,0,0,0,0,0,0,13,13,13,0.0093,0.0021,0.0001,0.0012,0.0,0.0,0.0,0.0107,0.024
childsnack-opt14-strips-child-snack_pfile04,0,True,69,381,393,852,0,894,42,0,0,0,0,0,0,0,0,14,14,14,0.0118,0.0036,0.0002,0.0016,0.0,0.0,0.0,0.0168,0.0347
childsnack-opt14-strips-child-snack_pfile09-2,0,True,104,883,902,1903,0,2012,56,0,0,0,0,0,0,0,0,19,19,19,0.0289,0.0146,0.0006,0.0023,0.0,0.0,0.0,0.0326,0.08
childsnack-opt14-strips-child-snack_pfile07-2,0,True,89,649,665,1415,0,1490,50,0,0,0,0,0,0,0,0,17,17,17,0.0186,0.0088,0.0004,0.0018,0.0,0.0,0.0,0.0276,0.058
childsnack-opt14-strips-child-snack_pfile04-2,0,True,69,381,393,852,0,894,42,0,0,0,0,0,0,0,0,14,14,14,0.0122,0.0036,0.0002,0.0016,0.0,0.0,0.0,0.0167,0.0349
childsnack-opt14-strips-child-snack_pfile02,0,True,46,176,186,415,0,433,33,0,0,0,0,0,0,0,0,11,11,11,0.0075,0.0015,0.0001,0.0014,0.0,0.0,0.0,0.0093,0.0203
childsnack-opt14-strips-child-snack_pfile07,0,True,89,649,665,1415,0,1490,50,0,0,0,0,0,0,0,0,17,17,17,0.0201,0.0086,0.0004,0.0018,0.0,0.0,0.0,0.0269,0.0587
childsnack-opt14-strips-child-snack_pfile02-2,0,True,46,176,186,415,0,433,36,0,0,0,0,0,0,0,0,12,12,12,0.0076,0.0015,0.0001,0.0013,0.0,0.0,0.0,0.0093,0.0204
childsnack-opt14-strips-child-snack_pfile08,0,True,94,740,757,1604,0,1702,53,0,0,0,0,0,0,0,0,18,18,18,0.023,0.011,0.0005,0.0017,0.0,0.0,0.0,0.0307,0.0678
childsnack-opt14-strips-child-snack_pfile05-2,0,True,74,451,464,999,0,1059,44,0,0,0,0,0,0,0,0,15,15,15,0.0139,0.0049,0.0002,0.0017,0.0,0.0,0.0,0.0204,0.0418
childsnack-sat14-strips-child-snack_pfile09-2,0,True,104,883,902,1903,0,2012,56,0,0,0,0,0,0,0,0,19,19,19,0.0279,0.0146,0.0006,0.0027,0.0,0.0,0.0,0.0325,0.0792
childsnack-opt14-strips-child-snack_pfile09,0,True,104,883,902,1903,0,2012,56,0,0,0,0,0,0,0,0,19,19,19,0.0271,0.0147,0.0006,0.0024,0.0,0.0,0.0,0.0326,0.0783
childsnack-opt14-strips-child-snack_pfile10-2,0,True,109,989,1009,2122,0,2258,60,0,0,0,0,0,0,0,0,20,20,20,0.0319,0.0186,0.0007,0.0027,0.0,0.0,0.0,0.0347,0.0895
childsnack-opt14-strips-child-snack_pfile10,0,True,109,989,1009,2122,0,2258,59,0,0,0,0,0,0,0,0,20,20,20,0.0317,0.0185,0.0007,0.0028,0.0,0.0,0.0,0.0349,0.0893
childsnack-sat14-strips-child-snack_pfile08-2,0,True,94,740,757,1604,0,1702,53,0,0,0,0,0,0,0,0,18,18,18,0.0217,0.0111,0.0005,0.0018,0.0,0.0,0.0,0.0305,0.0665
childsnack-sat14-strips-child-snack_pfile09,0,True,104,883,902,1903,0,2012,56,0,0,0,0,0,0,0,0,19,19,19,0.0267,0.0146,0.0006,0.0026,0.0,0.0,0.0,0.0326,0.078
childsnack-sat14-strips-child-snack_pfile05-2,0,True,74,451,464,999,0,1059,44,0,0,0,0,0,0,0,0,15,15,15,0.0139,0.0049,0.0003,0.0019,0.0,0.0,0.0,0.0203,0.0418
childsnack-sat14-strips-child-snack_pfile05,0,True,74,451,464,999,0,1059,44,0,0,0,0,0,0,0,0,15,15,15,0.0131,0.0048,0.0003,0.0018,0.0,0.0,0.0,0.0195,0.0403
childsnack-sat14-strips-child-snack_pfile11-2,0,True,114,1101,1122,2353,0,2497,63,0,0,0,0,0,0,0,0,21,21,21,0.0361,0.0226,0.0008,0.0025,0.0,0.0,0.0,0.039,0.102
childsnack-sat14-strips-child-snack_pfile10-2,0,True,109,989,1009,2122,0,2258,60,0,0,0,0,0,0,0,0,20,20,20,0.0315,0.0185,0.0007,0.0028,0.0,0.0,0.0,0.0347,0.089
childsnack-sat14-strips-child-snack_pfile11,0,True,114,1101,1122,2353,0,2497,62,0,0,0,0,0,0,0,0,21,21,21,0.0363,0.0226,0.0008,0.0026,0.0,0.0,0.0,0.0379,0.1012
childsnack-sat14-strips-child-snack_pfile10,0,True,109,989,1009,2122,0,2258,59,0,0,0,0,0,0,0,0,20,20,20,0.0337,0.0185,0.0007,0.0024,0.0,0.0,0.0,0.0351,0.0913
childsnack-sat14-strips-child-snack_pfile06-2,0,True,84,564,579,1238,0,1307,48,0,0,0,0,0,0,0,0,16,16,16,0.0166,0.0069,0.0003,0.0019,0.0,0.0,0.0,0.0244,0.051
childsnack-sat14-strips-child-snack_pfile07-2,0,True,89,649,665,1415,0,1490,50,0,0,0,0,0,0,0,0,17,17,17,0.0201,0.0086,0.0004,0.0021,0.0,0.0,0.0,0.0276,0.0596
childsnack-sat14-strips-child-snack_pfile08,0,True,94,740,757,1604,0,1702,53,0,0,0,0,0,0,0,0,18,18,18,0.0226,0.011,0.0005,0.0022,0.0,0.0,0.0,0.0306,0.0677
childsnack-sat14-strips-child-snack_pfile19-2,0,True,204,3244,3276,6748,0,7088,86,0,0,0,0,0,0,0,0,29,29,29,0.1272,0.1185,0.0033,0.0059,0.0,0.0,0.0,0.0968,0.3545
childsnack-sat14-strips-child-snack_pfile15-2,0,True,168,2222,2248,4658,0,4908,74,0,0,0,0,0,0,0,0,25,25,25,0.0747,0.0594,0.002,0.0041,0.0,0.0,0.0,0.07,0.2121
childsnack-sat14-strips-child-snack_pfile12,0,True,150,1691,1714,3572,0,3743,65,0,0,0,0,0,0,0,0,22,22,22,0.0485,0.0371,0.0013,0.0036,0.0,0.0,0.0,0.0527,0.1446
data-network-opt18-strips-p05,0,False,74,1025,1624,2733,0,2927,74,98,0,0,66,0,0,0,0,104,137,104,0.0123,0.0079,0.0035,0.0029,0.0,0.0131,0.0,0.2833,0.3108
childsnack-sat14-strips-child-snack_pfile19,0,True,204,3244,3276,6748,0,7088,86,0,0,0,0,0,0,0,0,29,29,29,0.1285,0.119,0.0032,0.0064,0.0,0.0,0.0,0.0966,0.3566
childsnack-sat14-strips-child-snack_pfile14,0,True,162,2037,2062,4280,0,4494,72,0,0,0,0,0,0,0,0,24,24,24,0.0609,0.051,0.0017,0.0039,0.0,0.0,0.0,0.0628,0.182
data-network-opt18-strips-p03,0,False,66,845,1328,2247,0,2426,54,45,0,0,46,0,0,0,0,78,79,78,0.0107,0.0055,0.0017,0.0025,0.0,0.0056,0.0,0.1904,0.2116
data-network-opt18-strips-p04,0,False,70,1143,1861,3085,0,3185,70,76,0,0,13,0,0,0,0,119,121,119,0.013,0.0117,0.0024,0.0032,0.0,0.0143,0.0,0.6105,0.6419
data-network-opt18-strips-p06,0,False,84,1307,2162,3559,0,3626,55,81,0,0,28,0,0,0,0,55,73,55,0.0124,0.0098,0.0027,0.0034,0.0,0.0095,0.0,0.3225,0.3516
data-network-opt18-strips-p02,0,False,63,697,1117,1880,0,2057,20,12,0,0,2,0,0,0,0,29,29,29,0.0087,0.0037,0.0005,0.0023,0.0,0.0008,0.0,0.0825,0.0983
data-network-opt18-strips-p07,0,False,86,1574,2589,4259,0,4261,70,18,0,0,20,0,0,0,0,87,99,87,0.0132,0.0118,0.0036,0.0038,0.0,0.0099,0.0,0.2095,0.2431
childsnack-sat14-strips-child-snack_pfile13-2,0,True,156,1860,1884,3918,0,4122,68,0,0,0,0,0,0,0,0,23,23,23,0.0557,0.0429,0.0015,0.0036,0.0,0.0,0.0,0.0576,0.1628
childsnack-sat14-strips-child-snack_pfile13,0,True,156,1860,1884,3918,0,4122,68,0,0,0,0,0,0,0,0,23,23,23,0.0555,0.0428,0.0015,0.0035,0.0,0.0,0.0,0.058,0.1628
childsnack-sat14-strips-child-snack_pfile16-2,0,True,180,2504,2532,5237,0,5505,78,0,0,0,0,0,0,0,0,26,26,26,0.0863,0.0738,0.0023,0.0045,0.0,0.0,0.0,0.0753,0.2444
data-network-opt18-strips-p01,0,False,55,503,779,1343,0,1500,42,106,0,0,58,0,0,0,0,105,111,105,0.0095,0.0033,0.0011,0.0018,0.0,0.0044,0.0,0.1016,0.1179
data-network-opt18-strips-p13,0,False,104,1492,2495,4098,0,4389,83,150,0,0,97,0,177,0,0,100,133,100,0.0131,0.015,0.0058,0.0037,0.0,0.0287,0.0,1.5626,1.6014
data-network-opt18-strips-p12,0,False,97,1315,2133,3549,0,3873,43,44,0,0,11,0,0,0,0,62,63,62,0.0121,0.0094,0.0018,0.004,0.0,0.011,0.0,0.6178,0.6461
data-network-opt18-strips-p14,0,False,105,1749,2923,4795,0,4993,94,151,0,0,20,0,0,0,0,181,216,181,0.0159,0.0198,0.0121,0.0041,0.0,0.0599,0.0,0.6272,0.6803
data-network-opt18-strips-p11,0,False,91,1111,1829,3034,0,3324,64,101,0,0,8,0,0,0,0,47,47,47,0.0127,0.0103,0.0012,0.003,0.0,0.0119,0.0,0.158,0.1862
data-network-opt18-strips-p20,0,False,193,3451,6040,9694,0,10015,137,319,0,0,43,0,14,0,0,193,464,193,0.0242,0.0539,0.0227,0.0098,0.0,0.4579,0.0,4.683,4.7948
data-network-opt18-strips-p18,0,False,165,2485,4253,6914,0,7388,123,0,0,0,0,0,0,0,0,143,143,143,0.0194,0.0362,0.0072,0.0066,0.0,0.0,0.0,0.1183,0.1886
data-network-opt18-strips-p19,0,False,180,3159,5431,8781,0,9402,113,335,0,0,27,0,701,0,0,169,216,169,0.0243,0.0435,0.0212,0.0075,0.0,0.1342,0.0,5.4835,5.5819
data-network-opt18-strips-p16,0,False,140,1692,2894,4734,0,5188,118,0,0,0,1,0,0,0,0,117,134,117,0.0169,0.0264,0.0027,0.0052,0.0,0.0001,0.0,0.1037,0.1557
data-network-opt18-strips-p08,0,False,89,1243,2008,3351,0,3590,88,0,0,0,2,0,0,0,0,104,137,104,0.0119,0.011,0.0049,0.0036,0.0,0.0001,0.0,0.1396,0.172
data-network-opt18-strips-p17,0,False,154,2125,3679,5964,0,6226,91,172,0,0,18,0,1915,0,0,93,94,93,0.0206,0.0281,0.0029,0.0057,0.0,0.0646,0.0,6.0698,6.1283
data-network-opt18-strips-p10,0,False,81,921,1505,2513,0,2739,61,0,0,0,1,0,0,0,0,85,86,85,0.0108,0.0071,0.0011,0.003,0.0,0.0,0.0,0.0437,0.0665
data-network-sat18-strips-p01,0,False,177,3450,5775,9429,0,9749,198,60,0,0,18,0,0,0,0,304,366,304,0.0231,0.0643,0.068,0.0094,0.0,0.3101,0.0,0.8422,1.0091
data-network-opt18-strips-p09,0,False,74,705,1120,1903,0,2198,31,0,0,0,0,0,0,0,0,27,27,27,0.0094,0.005,0.0006,0.0021,0.0,0.0,0.0,0.038,0.0561
data-network-opt18-strips-p15,0,False,128,1344,2242,3718,0,4313,64,76,0,0,16,0,0,0,0,50,60,50,0.0134,0.0152,0.0011,0.0041,0.0,0.0142,0.0,0.649,0.6836
data-network-sat18-strips-p02,0,False,204,4048,6823,11099,0,11155,144,747,0,0,755,0,1033,0,0,218,237,218,0.0284,0.0692,0.0582,0.0094,0.0,5.1993,0.0,26.0332,26.2007
data-network-sat18-strips-p03,0,False,233,4101,6839,11204,0,11823,212,9,0,0,8,0,0,0,0,315,374,315,0.0307,0.0898,0.0874,0.0104,0.0,0.0239,0.0,0.8577,1.0795
data-network-sat18-strips-p09,0,False,398,7250,12239,19938,0,20787,550,0,0,0,2,0,0,0,0,721,829,721,0.0643,0.383,0.5511,0.0226,0.0,0.0005,0.0,0.6915,1.718
data-network-sat18-strips-p08,0,False,370,9017,15757,25199,0,24449,371,276,0,0,185,0,119,0,0,468,510,468,0.0741,0.3754,0.533,0.0281,0.0,23.5491,0.0,27.1565,28.1715
data-network-sat18-strips-p06,2,False,317,7692,13513,21570,0,20827,444,1308,0,0,557,0,1042,0,0,548.499,671,623,0.0585,0.3089,0.4714,0.023,0.0,85.9369,0.0,899.1724,900.0483
data-network-sat18-strips-p10,0,False,427,8998,15693,25178,0,25094,461,948,0,0,511,0,1528,0,0,601,688,601,0.083,0.484,0.9613,0.0332,0.0,51.7246,0.0,147.5674,149.1313
data-network-sat18-strips-p11,0,False,191,2896,5005,8104,0,8536,141,294,0,0,10249,0,14776,0,0,203,362,203,0.0253,0.0496,0.0158,0.0084,0.0,0.6037,0.0,63.1116,63.212
data-network-sat18-strips-p05,0,False,289,7092,12484,19905,0,19100,310,16,0,0,8,0,0,0,0,454,494,454,0.0509,0.2248,0.2355,0.0232,0.0,0.0424,0.0,11.7917,12.3298
data-network-sat18-strips-p07,0,False,342,7506,12999,20899,0,20660,390,481,0,0,94,0,3031,0,0,518,585,518,0.0601,0.3004,0.451,0.0219,0.0,10.1208,0.0,137.0976,137.9351
data-network-sat18-strips-p12,0,False,243,4604,8050,12913,0,13175,162,274,0,0,957,0,2826,0,0,257,303,257,0.0348,0.0935,0.0368,0.0131,0.0,0.6329,0.0,67.6355,67.8158
data-network-sat18-strips-p15,0,False,395,8634,15070,24134,0,24502,332,321,0,0,381,0,4687,0,0,478,578,478,0.0715,0.3494,0.21,0.03,0.0,21.1249,0.0,161.4984,162.1622
data-network-sat18-strips-p13,0,False,296,6086,10678,17081,0,17424,241,31,0,0,6,0,0,0,0,320,575,320,0.0441,0.153,0.1064,0.0167,0.0,0.1854,0.0,4.6301,4.9541
data-network-sat18-strips-p04,0,False,252,4647,7690,12637,0,13294,291,56,0,0,18,0,0,0,0,459,517,459,0.036,0.1302,0.2213,0.0123,0.0,0.6017,0.0,1.2118,1.6138
data-network-sat18-strips-p16,2,False,450,10722,19087,30298,0,30477,421,843,0,0,452,0,1618,0,0,503.605,758,518,0.0939,0.5196,0.4663,0.0366,0.0,50.1597,0.0,898.9161,900.0438
data-network-sat18-strips-p14,0,False,345,7230,12595,20197,0,20693,233,217,0,0,56,0,0,0,0,345,560,345,0.0572,0.213,0.1402,0.0237,0.0,6.6704,0.0,13.4029,13.8393
data-network-sat18-strips-p17,0,False,496,9667,16775,26979,0,28393,435,46,0,0,9,0,0,0,0,589,711,589,0.0937,0.4975,0.355,0.0366,0.0,0.2975,0.0,4.168,5.1555
data-network-sat18-strips-p19,0,False,593,11528,20008,32195,0,34126,695,189,0,0,70,0,1626,0,0,1224,2280,1224,0.1201,0.9012,1.1706,0.0495,0.0,26.1579,0.0,128.4797,130.724
depot-p01,0,True,10,24,45,99,0,121,19,0,0,0,0,0,0,0,0,10,10,10,0.0047,0.0002,0.0,0.0013,0.0,0.0,0.0,0.0041,0.0109
depot-p04,0,True,50,104,184,379,0,495,24,0,0,0,0,0,0,0,0,17,17,17,0.0075,0.0024,0.0002,0.0013,0.0,0.0,0.0,0.0077,0.0196
data-network-sat18-strips-p20,2,False,659,15418,27200,43325,0,43803,495,842,0,0,557,0,908,0,0,621.567,1125,755,0.1692,1.1062,1.1975,0.0673,0.0,81.9275,0.0,897.5106,900.0652
depot-p05,0,True,58,138,242,492,0,656,62,0,0,0,1,0,0,0,0,33,37,33,0.0086,0.0042,0.0004,0.0013,0.0,0.0,0.0,0.0103,0.0254
depot-p03,0,True,36,82,147,302,0,394,40,0,0,0,1,0,0,0,0,22,24,22,0.0068,0.0014,0.0002,0.002,0.0,0.0,0.0,0.0074,0.0183
depot-p02,0,True,22,52,91,189,0,239,28,0,0,0,0,0,0,0,0,14,14,14,0.0061,0.0007,0.0001,0.0016,0.0,0.0,0.0,0.0054,0.0144
data-network-sat18-strips-p18,2,False,556,12448,22110,35147,0,35011,408,870,0,0,53,0,1553,0,0,431.146,544,501,0.1281,0.7205,0.3375,0.0566,0.0,19.1159,0.0,898.7806,900.0356
depot-p08,0,True,53,119,228,459,0,584,40,0,0,0,0,0,0,0,0,27,27,27,0.0099,0.0043,0.0003,0.0012,0.0,0.0,0.0,0.0087,0.0249
depot-p10,0,True,71,169,269,550,0,728,35,0,0,0,0,0,0,0,0,22,22,22,0.0092,0.0036,0.0003,0.0016,0.0,0.0,0.0,0.0152,0.0304
depot-p09,0,True,88,221,407,795,0,1020,74,0,0,0,0,0,0,0,0,44,44,44,0.0187,0.0117,0.0008,0.0018,0.0,0.0,0.0,0.0139,0.0476
depot-p07,0,True,38,88,164,326,0,405,30,0,0,0,0,0,0,0,0,18,18,18,0.0088,0.0016,0.0001,0.0015,0.0,0.0,0.0,0.0076,0.0202
depot-p06,0,True,90,208,355,722,0,969,76,0,0,0,1,0,0,0,0,42,44,42,0.0231,0.0107,0.0008,0.0018,0.0,0.0,0.0,0.0148,0.0519
depot-p15,0,True,186,461,800,1530,0,2098,75,0,0,0,0,0,0,0,0,49,49,49,0.0382,0.036,0.0021,0.0024,0.0,0.0,0.0,0.0999,0.1797
depot-p13,0,True,34,99,174,360,0,479,37,0,0,0,0,0,0,0,0,24,24,24,0.0116,0.0034,0.0002,0.0017,0.0,0.0,0.0,0.0073,0.0248
depot-p14,0,True,124,283,436,888,0,1190,45,0,0,0,0,0,0,0,0,23,23,23,0.228,0.0122,0.0005,0.0017,0.0,0.0,0.0,0.0165,0.2597
depot-p11,0,True,122,296,508,991,0,1386,76,0,0,0,0,0,0,0,0,41,41,41,0.0176,0.012,0.0012,0.002,0.0,0.0,0.0,0.0282,0.0619
depot-p12,0,True,180,433,736,1432,0,2010,83,3,0,0,2,0,0,0,0,45,47,45,0.146,0.0325,0.0018,0.0027,0.0,0.0007,0.0,0.0308,0.2147
depot-p16,0,True,160,695,1066,1956,0,2465,53,0,0,0,0,0,0,0,0,24,24,24,0.0132,0.0115,0.0016,0.0024,0.0,0.0,0.0,0.0378,0.0672
depot-p22,0,True,1411,9477,16547,27570,0,42261,135,9,0,0,2,0,51,0,0,77,77,77,0.3225,1.2708,0.0961,0.08,0.0,0.4019,0.0,8.0474,9.8223
depot-p18,0,True,527,2750,4450,7793,0,10245,112,80,0,0,10,0,0,0,0,49,51,49,0.0496,0.1386,0.0164,0.0118,0.0,0.1171,0.0,0.5456,0.7632
depot-p19,0,True,164,591,863,1675,0,2317,63,3,0,0,3,0,0,0,0,32,34,32,0.0206,0.0174,0.0016,0.0025,0.0,0.0007,0.0,0.0602,0.1031
depot-p21,0,True,649,3391,5307,9403,0,13362,71,34,0,0,7,0,0,0,0,32,33,32,0.0769,0.1953,0.0126,0.0157,0.0,0.1168,0.0,0.6052,0.9085
depot-p20,0,True,286,1024,1659,3063,0,4420,103,0,0,0,1,0,0,0,0,57,60,57,0.0559,0.0741,0.0057,0.0046,0.0,0.0001,0.0,0.1778,0.3191
depot-p17,0,True,315,1477,2343,4166,0,5354,55,0,0,0,0,0,0,0,0,22,22,22,0.0238,0.0374,0.0031,0.005,0.0,0.0,0.0,0.0689,0.1391
driverlog-p04,0,True,28,76,79,190,0,206,35,0,0,0,0,0,0,0,0,12,12,12,0.0048,0.0004,0.0001,0.0012,0.0,0.0,0.0,0.0055,0.0126
driverlog-p01,0,True,14,40,42,99,0,107,18,0,0,0,0,0,0,0,0,6,6,6,0.0048,0.0002,0.0,0.0018,0.0,0.0,0.0,0.0043,0.0117
driverlog-p02,0,True,23,66,70,168,0,182,34,9,0,0,3,0,0,0,0,14,14,14,0.0053,0.0003,0.0001,0.0015,0.0,0.0001,0.0,0.022,0.0297
driverlog-p07,0,True,39,114,117,277,0,300,36,0,0,0,0,0,0,0,0,12,12,12,0.0072,0.0008,0.0001,0.0018,0.0,0.0,0.0,0.0066,0.017
driverlog-p03,0,True,26,70,70,170,0,184,31,0,0,0,0,0,0,0,0,11,11,11,0.0062,0.0003,0.0001,0.0015,0.0,0.0,0.0,0.0054,0.014
driverlog-p06,0,True,27,84,90,208,0,227,29,0,0,0,0,0,0,0,0,10,10,10,0.0058,0.0005,0.0001,0.003,0.0,0.0,0.0,0.0058,0.0156
driverlog-p05,0,True,34,102,108,253,0,277,43,0,0,0,0,0,0,0,0,15,15,15,0.0054,0.0006,0.0001,0.001,0.0,0.0,0.0,0.006,0.0135
driverlog-p13,0,True,173,867,871,1921,0,2258,58,0,0,0,2,0,0,0,0,21,23,21,0.0086,0.0088,0.0018,0.0024,0.0,0.0001,0.0,0.1128,0.135
driverlog-p08,0,True,48,150,156,363,0,403,43,0,0,0,0,0,0,0,0,15,15,15,0.0057,0.0009,0.0001,0.0011,0.0,0.0,0.0,0.0076,0.0159
driverlog-p11,0,True,88,328,330,753,0,909,47,0,0,0,1,0,0,0,0,18,19,18,0.0065,0.0027,0.0004,0.0017,0.0,0.0,0.0,0.0216,0.0335
driverlog-p14,0,True,168,841,847,1867,0,2197,69,18,0,0,6,0,0,0,0,25,27,25,0.0088,0.009,0.0019,0.0022,0.0,0.0025,0.0,0.1508,0.1735
driverlog-p09,0,True,52,191,195,447,0,530,50,8,0,0,3,0,0,0,0,18,19,18,0.0056,0.0013,0.0002,0.0011,0.0,0.0003,0.0,0.0518,0.0606
driverlog-p10,0,True,83,303,303,695,0,833,47,0,0,0,0,0,0,0,0,16,16,16,0.0055,0.0022,0.0003,0.0013,0.0,0.0,0.0,0.0136,0.0234
driverlog-p12,0,True,138,638,642,1429,0,1732,64,28,0,0,12,0,0,0,0,24,27,24,0.008,0.0062,0.0011,0.0023,0.0,0.0063,0.0,0.0719,0.0902
driverlog-p19,2,True,902,8086,8111,17135,0,20567,190,447,0,0,40,0,7146,0,0,82.963,87,85,0.1158,0.4002,0.073,0.0283,0.0,2.1025,0.0,899.3941,900.0172
driverlog-p15,0,True,302,1737,1741,3791,0,4601,79,0,0,0,0,0,0,0,0,30,30,30,0.0384,0.0316,0.0039,0.0043,0.0,0.0,0.0,0.0536,0.1328
driverlog-p18,0,True,765,6628,6648,14068,0,16863,144,183,0,0,30,0,1296,0,0,62,64,62,0.0819,0.2843,0.047,0.021,0.0,1.4679,0.0,105.1318,105.5685
driverlog-p17,0,True,588,4718,4743,10076,0,11889,131,133,0,0,23,0,240,0,0,57,61,57,0.0605,0.1491,0.0295,0.013,0.0,0.5196,0.0,15.6281,15.8816
driverlog-p20,0,True,1171,12136,12152,25491,0,29371,188,214,0,0,48,0,138,0,0,79,83,79,0.1778,0.7365,0.1131,0.0471,0.0,11.1589,0.0,131.0505,132.1282
elevators-opt08-strips-p03,0,False,52,192,296,551,0,729,18,21,0,0,18,0,0,0,0,38,46,38,0.0182,0.0012,0.0005,0.0015,0.0,0.0012,0.0,0.1082,0.1302
driverlog-p16,0,True,452,3522,3547,7545,0,8756,118,203,0,0,30,0,602,0,0,51,56,51,0.0455,0.0919,0.0181,0.0088,0.0,0.3832,0.0,25.9469,26.1124
elevators-opt08-strips-p02,0,False,56,198,304,564,0,727,13,21,0,0,1385,0,1272,0,0,26,38,26,0.0244,0.0013,0.0004,0.0015,0.0,0.0012,0.0,0.1919,0.2201
elevators-opt08-strips-p01,0,False,44,148,221,421,0,552,18,4,0,0,5,0,0,0,0,32,35,32,0.0187,0.0009,0.0004,0.0011,0.0,0.0003,0.0,0.0115,0.0333
elevators-opt08-strips-p08,0,False,89,372,592,1062,0,1384,14,122,0,0,1416,0,1268,0,0,33,78,33,0.0095,0.0029,0.0017,0.0027,0.0,0.0179,0.0,0.3195,0.337
elevators-opt08-strips-p07,0,False,71,268,414,767,0,1009,17,128,0,0,1590,0,1257,0,0,38,52,38,0.0061,0.002,0.001,0.0018,0.0,0.0098,0.0,0.2787,0.2902
elevators-opt08-strips-p10,0,False,94,421,687,1218,0,1643,17,67,0,0,132,0,0,0,0,48,69,48,0.0245,0.0036,0.0023,0.0021,0.0,0.0123,0.0,0.0923,0.1255
elevators-opt08-strips-p09,0,False,80,314,495,905,0,1207,20,62,0,0,1346,0,1236,0,0,48,65,48,0.0063,0.0025,0.0013,0.0018,0.0,0.0077,0.0,0.2713,0.2839
elevators-opt08-strips-p04,0,False,62,249,377,700,0,931,14,49,0,0,44,0,0,0,0,36,49,36,0.0061,0.0018,0.0009,0.0017,0.0,0.0042,0.0,0.0323,0.0434
elevators-opt08-strips-p06,0,False,72,304,478,868,0,1169,15,92,0,0,1238,0,1063,0,0,38,65,38,0.0233,0.0023,0.0014,0.0023,0.0,0.0116,0.0,0.2251,0.255
elevators-opt08-strips-p05,0,False,60,207,314,595,0,788,18,28,0,0,1006,0,972,0,0,38,52,38,0.0061,0.0016,0.0007,0.0013,0.0,0.0019,0.0,0.1488,0.1591
elevators-opt08-strips-p13,0,False,71,204,288,575,0,777,28,4,0,0,5,0,0,0,0,47,74,47,0.0076,0.0019,0.0008,0.0013,0.0,0.0004,0.0,0.0133,0.0254
elevators-opt08-strips-p12,0,False,66,252,366,696,0,916,32,2,0,0,94,0,0,0,0,38,48,38,0.0071,0.002,0.0011,0.0013,0.0,0.0002,0.0,0.0409,0.0529
elevators-opt08-strips-p14,0,False,77,305,449,848,0,1132,24,2,0,0,3,0,0,0,0,41,54,41,0.0068,0.0026,0.0018,0.0018,0.0,0.0003,0.0,0.0188,0.0324
elevators-opt08-strips-p15,0,False,82,281,408,787,0,1051,30,8,0,0,7,0,0,0,0,44,50,44,0.0066,0.0025,0.0016,0.0014,0.0,0.0009,0.0,0.0189,0.0315
elevators-opt08-strips-p11,0,False,57,193,270,531,0,693,28,5,0,0,5,0,0,0,0,41,51,41,0.0069,0.0015,0.0007,0.0014,0.0,0.0003,0.0,0.0131,0.0242
elevators-opt08-strips-p16,0,False,92,377,567,1054,0,1430,27,73,0,0,1341,0,1251,0,0,51,106,51,0.0121,0.0035,0.003,0.002,0.0,0.0138,0.0,0.253,0.2744
elevators-opt08-strips-p18,0,False,106,409,637,1172,0,1604,24,4,0,0,5,0,0,0,0,44,50,44,0.0078,0.0042,0.0028,0.0018,0.0,0.0009,0.0,0.0249,0.042
elevators-opt08-strips-p17,0,False,96,313,443,869,0,1163,27,78,0,0,1439,0,1272,0,0,57,91,57,0.0098,0.0032,0.002,0.0016,0.0,0.0098,0.0,0.3037,0.3209
elevators-opt08-strips-p26,0,False,104,447,695,1263,0,1708,18,2,0,0,3,0,0,0,0,39,44,39,0.0071,0.0042,0.0029,0.0019,0.0,0.0007,0.0,0.028,0.0446
elevators-opt08-strips-p21,0,False,64,210,315,600,0,817,17,27,0,0,123,0,1,0,0,34,44,34,0.0062,0.0016,0.0007,0.0013,0.0,0.0018,0.0,0.0476,0.058
elevators-opt08-strips-p22,0,False,81,311,465,863,0,1143,17,139,0,0,1494,0,1401,0,0,40,69,40,0.0066,0.0022,0.0012,0.002,0.0,0.0131,0.0,0.3446,0.3572
elevators-opt08-strips-p24,0,False,91,394,604,1102,0,1481,14,199,0,0,8676,0,9210,0,0,49,82,49,0.0072,0.0031,0.0024,0.0017,0.0,0.0337,0.0,1.5716,1.5867
elevators-opt08-strips-p23,0,False,78,277,425,793,0,1073,25,11,0,0,9,0,0,0,0,46,62,46,0.006,0.0022,0.0011,0.0016,0.0,0.001,0.0,0.0205,0.0319
elevators-opt08-strips-p25,0,False,90,339,518,964,0,1291,22,11,0,0,1284,0,1241,0,0,45,49,45,0.0065,0.003,0.0018,0.0016,0.0,0.0019,0.0,0.2745,0.2881
elevators-opt08-strips-p19,0,False,108,380,557,1065,0,1424,27,28,0,0,18,0,0,0,0,57,102,57,0.0069,0.0038,0.0028,0.0019,0.0,0.0037,0.0,0.0461,0.0621
elevators-opt08-strips-p20,0,False,122,496,774,1412,0,1885,29,15,0,0,12,0,0,0,0,51,57,51,0.0087,0.0052,0.0059,0.0023,0.0,0.0035,0.0,0.0368,0.0595
elevators-opt08-strips-p27,0,False,104,411,633,1167,0,1573,25,8,0,0,8,0,0,0,0,56,61,56,0.0071,0.0039,0.004,0.002,0.0,0.0016,0.0,0.0281,0.0457
elevators-opt08-strips-p28,0,False,121,577,917,1632,0,2155,16,80,0,0,91,0,15,0,0,51,87,51,0.0087,0.0055,0.0045,0.0025,0.0,0.0266,0.0,0.0945,0.1164
elevators-opt11-strips-p04,0,False,52,192,296,551,0,729,18,21,0,0,18,0,0,0,0,38,46,38,0.006,0.0012,0.0005,0.0014,0.0,0.0012,0.0,0.108,0.1178
elevators-opt08-strips-p30,0,False,136,593,935,1683,0,2278,26,16,0,0,14,0,0,0,0,57,103,57,0.0091,0.0066,0.0049,0.0023,0.0,0.006,0.0,0.0457,0.0691
elevators-opt08-strips-p29,0,False,125,466,713,1318,0,1779,27,138,0,0,3114,0,2946,0,0,57,102,57,0.0078,0.0048,0.0036,0.0022,0.0,0.0331,0.0,0.7442,0.7632
elevators-opt11-strips-p03,0,False,66,252,366,696,0,916,32,2,0,0,93,0,0,0,0,38,48,38,0.0065,0.0019,0.0009,0.0018,0.0,0.0002,0.0,0.041,0.0527
elevators-opt11-strips-p02,0,False,64,210,315,600,0,817,17,27,0,0,121,0,1,0,0,34,44,34,0.0056,0.0016,0.0008,0.0013,0.0,0.0019,0.0,0.0595,0.0694
elevators-opt11-strips-p01,0,False,57,193,270,531,0,693,28,5,0,0,5,0,0,0,0,41,51,41,0.0053,0.0014,0.0006,0.0015,0.0,0.0003,0.0,0.0131,0.0225
elevators-opt11-strips-p06,0,False,62,249,377,700,0,931,14,50,0,0,46,0,0,0,0,36,49,36,0.006,0.0018,0.0009,0.0014,0.0,0.0044,0.0,0.0426,0.0533
elevators-opt11-strips-p09,0,False,81,311,465,863,0,1143,17,139,0,0,1496,0,1401,0,0,40,69,40,0.0071,0.0022,0.0014,0.0019,0.0,0.0128,0.0,0.344,0.3573
elevators-opt11-strips-p08,0,False,60,207,314,595,0,788,18,28,0,0,1005,0,972,0,0,38,52,38,0.0059,0.0016,0.0009,0.0012,0.0,0.0019,0.0,0.127,0.1372
elevators-opt11-strips-p07,0,False,104,447,695,1263,0,1708,18,2,0,0,3,0,0,0,0,39,44,39,0.0071,0.0042,0.0029,0.0021,0.0,0.0006,0.0,0.0271,0.044
elevators-opt11-strips-p05,0,False,71,204,288,575,0,777,28,4,0,0,5,0,0,0,0,47,74,47,0.0065,0.0019,0.0008,0.0014,0.0,0.0004,0.0,0.0133,0.0245
elevators-opt11-strips-p10,0,False,77,305,449,848,0,1132,24,2,0,0,3,0,0,0,0,41,54,41,0.0068,0.0026,0.0018,0.0014,0.0,0.0004,0.0,0.0187,0.0319
elevators-opt11-strips-p11,0,False,121,577,917,1632,0,2155,16,80,0,0,92,0,15,0,0,51,87,51,0.0084,0.0053,0.0046,0.0024,0.0,0.0269,0.0,0.0954,0.1168
elevators-opt11-strips-p12,0,False,72,304,478,868,0,1169,15,92,0,0,1239,0,1063,0,0,38,65,38,0.0065,0.0023,0.0014,0.0017,0.0,0.0119,0.0,0.2353,0.2479
elevators-opt11-strips-p18,0,False,106,409,637,1172,0,1604,24,4,0,0,5,0,0,0,0,44,50,44,0.0079,0.0042,0.0028,0.0022,0.0,0.0009,0.0,0.0253,0.0431
elevators-opt11-strips-p17,0,False,96,313,443,869,0,1163,27,78,0,0,1431,0,1272,0,0,57,91,57,0.0135,0.0031,0.002,0.0018,0.0,0.01,0.0,0.2931,0.3141
elevators-opt11-strips-p15,0,False,80,314,495,905,0,1207,20,62,0,0,1347,0,1236,0,0,48,65,48,0.0064,0.0025,0.0013,0.0015,0.0,0.0077,0.0,0.2665,0.2789
elevators-opt11-strips-p19,0,False,78,277,425,793,0,1073,25,11,0,0,9,0,0,0,0,46,62,46,0.0062,0.0023,0.0011,0.0018,0.0,0.001,0.0,0.0207,0.0325
elevators-opt11-strips-p13,0,False,71,268,414,767,0,1009,17,128,0,0,1593,0,1257,0,0,38,52,38,0.0062,0.002,0.001,0.0017,0.0,0.01,0.0,0.2846,0.296
elevators-sat08-strips-p01,0,False,60,268,424,766,0,1019,20,47,0,0,1428,0,1277,0,0,42,67,42,0.0056,0.0019,0.0012,0.0016,0.0,0.0041,0.0,0.2702,0.2812
elevators-opt11-strips-p14,0,False,89,372,592,1062,0,1384,14,122,0,0,1420,0,1268,0,0,33,78,33,0.0086,0.003,0.0022,0.0019,0.0,0.0183,0.0,0.3247,0.341
elevators-opt11-strips-p16,0,False,82,281,408,787,0,1051,30,8,0,0,7,0,0,0,0,44,50,44,0.0067,0.0025,0.0016,0.0016,0.0,0.0009,0.0,0.0188,0.032
elevators-opt11-strips-p20,0,False,91,394,604,1102,0,1481,14,199,0,0,8676,0,9210,0,0,49,82,49,0.0075,0.0032,0.0029,0.0019,0.0,0.034,0.0,1.5769,1.5931
elevators-sat08-strips-p03,0,False,86,376,596,1070,0,1389,22,58,0,0,1326,0,1251,0,0,43,72,43,0.0075,0.003,0.0026,0.0017,0.0,0.0106,0.0,0.2802,0.2956
elevators-sat08-strips-p04,0,False,92,427,685,1222,0,1622,19,105,0,0,88,0,0,0,0,48,66,48,0.0074,0.0036,0.0025,0.0019,0.0,0.021,0.0,0.1139,0.1301
elevators-sat08-strips-p07,0,False,121,607,999,1752,0,2350,17,130,0,0,146,0,1,0,0,48,75,48,0.0163,0.0061,0.0074,0.0026,0.0,0.0459,0.0,0.1376,0.1708
elevators-sat08-strips-p08,0,False,130,641,1059,1858,0,2459,14,135,0,0,1417,0,1234,0,0,48,78,48,0.0104,0.0068,0.0064,0.0025,0.0,0.0486,0.0,0.473,0.4999
elevators-sat08-strips-p02,0,False,71,326,528,940,0,1246,14,5,0,0,6,0,0,0,0,37,51,37,0.0071,0.0024,0.0014,0.0019,0.0,0.0009,0.0,0.0223,0.0358
elevators-sat08-strips-p06,0,False,110,560,918,1612,0,2136,18,134,0,0,177922,0,251163,0,0,48,76,48,0.0087,0.0052,0.0055,0.0026,0.0,0.0391,0.0,35.9673,35.9903
elevators-sat08-strips-p09,0,False,146,709,1173,2052,0,2751,13,241,0,0,1717,0,1262,0,0,48,85,48,0.0101,0.0078,0.0099,0.0025,0.0,0.1369,0.0,0.6673,0.6983
elevators-sat08-strips-p11,0,False,171,777,1189,2164,0,2843,39,3,0,0,2,0,0,0,0,64,84,64,0.0145,0.0119,0.0151,0.0029,0.0,0.0007,0.0,0.0428,0.0881
elevators-sat08-strips-p05,0,False,106,480,788,1390,0,1838,22,94,0,0,1786,0,1224,0,0,43,75,43,0.0084,0.0044,0.0025,0.0022,0.0,0.0213,0.0,0.5078,0.526
elevators-sat08-strips-p10,0,False,149,771,1281,2234,0,3022,18,140,0,0,1400,0,1252,0,0,43,57,43,0.0107,0.0091,0.0109,0.0026,0.0,0.0681,0.0,0.6178,0.6518
elevators-sat08-strips-p16,0,False,352,1470,2378,4246,0,5634,36,23,0,0,21,0,0,0,0,81,195,81,0.0257,0.0454,0.0638,0.0055,0.0,0.0637,0.0,0.1544,0.2959
elevators-sat08-strips-p15,0,False,313,1334,2174,3866,0,5129,38,70,0,0,1273,0,1220,0,0,91,154,91,0.0231,0.0366,0.0503,0.0049,0.0,0.133,0.0,0.9412,1.057
elevators-sat08-strips-p18,0,False,416,1850,3018,5346,0,7173,26,110,0,0,1299,0,1166,0,0,90,143,90,0.0326,0.0634,0.0933,0.0073,0.0,0.4615,0.0,1.3452,1.543
elevators-sat08-strips-p14,0,False,274,1139,1853,3310,0,4423,39,28,0,0,23,0,0,0,0,85,157,85,0.0196,0.0288,0.0327,0.0043,0.0,0.0361,0.0,0.1074,0.1938
elevators-sat08-strips-p19,0,False,449,2022,3260,5800,0,7633,42,187,0,0,1419,0,1217,0,0,96,169,96,0.0353,0.0792,0.1107,0.0084,0.0,1.0026,0.0,2.0024,2.2372
elevators-sat08-strips-p12,0,False,204,910,1430,2578,0,3413,43,12,0,0,11,0,0,0,0,81,164,81,0.0149,0.0172,0.0218,0.0033,0.0,0.01,0.0,0.0622,0.1203
elevators-sat08-strips-p17,0,False,384,1595,2611,4644,0,6153,38,23,0,0,22,0,0,0,0,91,152,91,0.0286,0.0553,0.0654,0.0067,0.0,0.0886,0.0,0.185,0.3422
elevators-sat08-strips-p13,0,False,244,1092,1714,3084,0,4002,38,16,0,0,16,0,0,0,0,81,130,81,0.0183,0.0226,0.0284,0.0038,0.0,0.0195,0.0,0.0797,0.1537
elevators-sat08-strips-p20,0,False,496,2227,3587,6372,0,8408,38,36,0,0,29,0,0,0,0,96,192,96,0.0389,0.0885,0.1013,0.0098,0.0,0.232,0.0,0.39,0.6297
elevators-sat08-strips-p28,0,False,924,5315,9059,15391,0,19633,56,213,0,0,2016,0,1182,0,0,144,285,144,0.1344,0.4025,0.9519,0.0304,0.0,7.7748,0.0,10.09,11.6116
elevators-sat08-strips-p22,0,False,445,2316,3896,6707,0,8524,61,64,0,0,1279,0,1207,0,0,114,260,114,0.0425,0.0952,0.1399,0.0087,0.0,0.2979,0.0,1.9508,2.2382
elevators-sat08-strips-p23,0,False,527,3078,5134,8794,0,11078,57,32,0,0,28,0,0,0,0,112,149,112,0.0554,0.135,0.294,0.0128,0.0,0.3107,0.0,0.5123,1.0113
elevators-sat08-strips-p24,0,False,605,3333,5693,9695,0,12469,49,224,0,0,1468,0,1226,0,0,124,246,124,0.0655,0.1772,0.2287,0.0158,0.0,2.6393,0.0,3.334,3.823
elevators-sat08-strips-p21,0,False,363,2190,3550,6148,0,7798,47,108,0,0,49,0,0,0,0,102,131,102,0.0329,0.0625,0.1299,0.0075,0.0,0.1598,0.0,0.319,0.5534
elevators-sat08-strips-p25,0,False,679,3842,6510,11108,0,14101,56,125,0,0,92,0,1,0,0,134,233,134,0.0814,0.2258,0.4919,0.0192,0.0,1.9101,0.0,1.9331,2.7533
elevators-sat08-strips-p27,0,False,844,4864,8272,14066,0,17886,57,164,0,0,1402,0,1235,0,0,129,288,129,0.1159,0.3318,0.4867,0.0281,0.0,4.3928,0.0,8.1084,9.0729
elevators-sat08-strips-p29,0,False,1009,5562,9438,16104,0,20469,57,317,0,0,305,0,0,0,0,134,251,134,0.1577,0.4696,0.7299,0.0369,0.0,16.327,0.0,7.0566,8.453
elevators-sat08-strips-p26,0,False,769,4665,7697,13205,0,16659,49,468,0,0,19682,0,19283,0,0,134,278,134,0.0972,0.2785,0.5348,0.0229,0.0,11.3653,0.0,47.7236,48.6589
elevators-sat08-strips-p30,0,False,1085,6345,10689,18225,0,23056,56,115,0,0,100,0,1,0,0,139,356,139,0.1774,0.5555,0.9949,0.0405,0.0,6.8732,0.0,6.8262,8.5972
elevators-sat11-strips-p06,0,False,844,4864,8272,14066,0,17886,57,164,0,0,1402,0,1235,0,0,129,288,129,0.1218,0.3311,0.4862,0.0275,0.0,4.3922,0.0,8.1041,9.0728
elevators-sat11-strips-p03,0,False,769,4665,7697,13205,0,16659,49,468,0,0,19682,0,19283,0,0,134,278,134,0.0981,0.2783,0.535,0.0227,0.0,11.2781,0.0,47.627,48.5632
elevators-sat11-strips-p07,0,False,679,3842,6510,11108,0,14101,56,125,0,0,92,0,1,0,0,134,233,134,0.0933,0.2264,0.4906,0.0189,0.0,1.8937,0.0,1.9149,2.7459
elevators-sat11-strips-p02,0,False,605,3333,5693,9695,0,12469,49,224,0,0,1467,0,1226,0,0,124,246,124,0.0682,0.1763,0.2283,0.0155,0.0,2.6484,0.0,3.3508,3.8413
elevators-sat11-strips-p05,0,False,416,1850,3018,5346,0,7173,26,110,0,0,1299,0,1166,0,0,90,143,90,0.0332,0.0656,0.093,0.0071,0.0,0.4665,0.0,1.3472,1.5471
elevators-sat11-strips-p04,0,False,496,2227,3587,6372,0,8408,38,36,0,0,29,0,0,0,0,96,192,96,0.0405,0.0881,0.1011,0.0096,0.0,0.2318,0.0,0.3898,0.6303
elevators-sat11-strips-p01,0,False,274,1139,1853,3310,0,4423,39,28,0,0,23,0,0,0,0,85,157,85,0.0195,0.0287,0.0328,0.004,0.0,0.0365,0.0,0.1084,0.1943
elevators-sat11-strips-p08,0,False,924,5315,9059,15391,0,19633,56,213,0,0,2017,0,1182,0,0,144,285,144,0.1379,0.4183,0.9581,0.0301,0.0,7.7894,0.0,10.1154,11.6623
elevators-sat11-strips-p10,0,False,1085,6345,10689,18225,0,23056,56,115,0,0,100,0,1,0,0,139,356,139,0.1806,0.5551,0.9955,0.0397,0.0,6.9054,0.0,6.8403,8.6139
elevators-sat11-strips-p11,0,False,1270,12564,22532,36472,0,45096,74,814,0,0,2193,0,1255,0,0,144,373,144,0.3458,1.1622,2.9177,0.0901,0.0,132.4324,0.0,85.2701,89.7908
elevators-sat11-strips-p12,-2,False,0,0,0,0,0,0,0,0,0,0,0,0,0,0,0,0,1e+20,1e+20,0,0,0,0,0,0,0,0,0
elevators-sat11-strips-p09,0,False,1009,5562,9438,16104,0,20469,57,317,0,0,305,0,0,0,0,134,251,134,0.1573,0.4866,0.7339,0.0384,0.0,16.4873,0.0,7.0634,8.4821
elevators-sat11-strips-p13,0,False,1451,14533,26053,42154,0,52483,76,925,0,0,2210,0,1225,0,0,139,307,139,0.6678,1.5575,4.0918,0.1323,0.0,189.1199,0.0,121.526,127.98
elevators-sat11-strips-p17,0,False,2124,15472,26928,44672,0,56400,105,695,0,0,1803,0,1229,0,0,235,654,235,0.7016,2.7451,9.1421,0.2595,0.0,210.7319,0.0,130.9582,143.8119
elevators-sat11-strips-p16,0,False,1908,13619,23819,39470,0,49805,100,853,0,0,1919,0,1238,0,0,220,632,220,0.5744,2.0614,5.9994,0.13,0.0,202.153,0.0,131.8103,140.5834
elevators-sat11-strips-p15,0,False,1635,16528,29712,48000,0,59351,56,1422,0,0,6885,0,5231,0,0,139,345,139,0.5452,1.9701,4.3975,0.1469,0.0,380.257,0.0,250.6563,257.7256
elevators-sat11-strips-p18,0,False,2362,17613,30253,50378,0,63393,104,935,0,0,2038,0,1231,0,0,220,605,220,0.85,3.5093,9.0163,0.2135,0.0,377.6938,0.0,214.5737,228.1734
elevators-sat11-strips-p19,0,False,2588,19342,33302,55396,0,69390,121,707,0,0,8940,0,8327,0,0,230,603,230,1.0269,4.215,11.966,0.2985,0.0,379.6406,0.0,324.3373,341.8505
elevators-sat11-strips-p14,-2,False,0,0,0,0,0,0,0,0,0,0,0,0,0,0,0,0,1e+20,1e+20,0,0,0,0,0,0,0,0,0
elevators-sat11-strips-p20,0,False,2817,20197,35357,58546,0,74249,116,294,0,0,1418,0,1209,0,0,240,694,240,1.1946,5.0213,16.0008,0.2727,0.0,156.6434,0.0,175.1831,197.68
floortile-opt11-strips-opt-p01-001,0,False,25,78,92,207,0,211,45,0,0,0,0,0,0,0,0,28,28,28,0.0134,0.0005,0.0001,0.0024,0.0,0.0,0.0,0.006,0.0229
floortile-opt11-strips-opt-p01-002,0,False,24,78,90,205,0,208,41,0,0,0,1,0,0,0,0,25,32,25,0.0052,0.0005,0.0001,0.0013,0.0,0.0,0.0,0.0065,0.0141
floortile-opt11-strips-opt-p02-003,0,False,32,121,146,314,0,341,76,2,0,0,2,0,0,0,0,42,45,42,0.0058,0.0008,0.0001,0.0014,0.0,0.0001,0.0,0.01,0.0186
floortile-opt11-strips-opt-p03-006,0,False,36,139,162,357,0,377,68,0,0,0,1,0,0,0,0,43,48,43,0.0074,0.001,0.0002,0.0017,0.0,0.0,0.0,0.0093,0.0203
floortile-opt11-strips-opt-p02-004,0,False,31,113,127,286,0,295,58,0,0,0,0,0,0,0,0,34,34,34,1.2958,0.0007,0.0001,0.0014,0.0,0.0,0.0,0.0074,1.3059
floortile-opt11-strips-opt-p03-005,0,False,36,148,168,372,0,397,75,0,0,0,1,0,0,0,0,42,44,42,0.0099,0.0011,0.0002,0.0016,0.0,0.0,0.0,0.0116,0.0249
floortile-opt11-strips-opt-p04-007,0,False,40,156,182,399,0,422,72,0,0,0,0,0,0,0,0,45,45,45,0.0055,0.0012,0.0002,0.0015,0.0,0.0,0.0,0.0093,0.0182
floortile-opt11-strips-opt-p05-009,0,False,48,198,216,486,0,505,80,0,0,0,0,0,0,0,0,56,56,56,0.0062,0.0016,0.0003,0.0017,0.0,0.0,0.0,0.0484,0.0587
floortile-opt11-strips-opt-p04-008,0,False,41,161,195,418,0,453,84,0,0,0,0,0,0,0,0,49,49,49,0.0057,0.0013,0.0002,0.0015,0.0,0.0,0.0,0.0099,0.0191
floortile-opt11-strips-opt-p05-010,0,False,48,203,229,505,0,534,96,8,0,0,3,0,0,0,0,57,61,57,0.0123,0.0017,0.0003,0.0014,0.0,0.0002,0.0,0.0152,0.0314
floortile-opt11-strips-opt-p06-011,0,False,56,242,277,605,0,645,113,33,0,0,8,0,0,0,0,70,78,70,0.0063,0.0023,0.0004,0.0017,0.0,0.001,0.0,0.0593,0.0705
floortile-opt11-strips-opt-p06-012,0,False,56,249,275,609,0,643,117,4,0,0,2,0,0,0,0,68,74,68,0.0065,0.0022,0.0005,0.0015,0.0,0.0002,0.0,0.0202,0.0315
floortile-opt11-strips-opt-p07-013,0,False,60,266,309,667,0,719,125,8,0,0,3,0,0,0,0,71,75,71,0.0059,0.0025,0.0005,0.0016,0.0,0.0003,0.0,0.0223,0.0333
floortile-opt11-strips-opt-p07-014,0,False,61,267,296,654,0,690,122,8,0,0,4,0,0,0,0,69,73,69,0.0061,0.0025,0.0005,0.0021,0.0,0.0003,0.0,0.0585,0.0704
floortile-opt11-strips-opt-p09-017,0,False,161,738,820,1762,0,1885,150,23,0,0,8,0,0,0,0,94,106,94,0.0104,0.0131,0.0026,0.0024,0.0,0.0043,0.0,0.2481,0.2775
floortile-opt11-strips-opt-p09-018,0,False,160,736,802,1741,0,1845,156,29,0,0,6,0,0,0,0,95,105,95,0.0115,0.0132,0.0028,0.0022,0.0,0.0032,0.0,0.2692,0.2997
floortile-opt11-strips-opt-p08-015,0,False,105,473,530,1146,0,1227,127,2,0,0,2,0,0,0,0,84,89,84,0.0091,0.0056,0.0011,0.0016,0.0,0.0003,0.0,0.151,0.1694
floortile-opt11-strips-opt-p08-016,0,False,105,468,533,1144,0,1228,137,5,0,0,3,0,0,0,0,86,92,86,0.0076,0.0061,0.0015,0.0019,0.0,0.0005,0.0,0.1503,0.1684
floortile-opt14-strips-p01-4-4-2,0,False,40,164,195,421,0,455,85,2,0,0,2,0,0,0,0,46,47,46,0.0058,0.0012,0.0002,0.0011,0.0,0.0001,0.0,0.0132,0.022
floortile-opt14-strips-p01-4-3-2,0,False,31,108,134,289,0,309,55,0,0,0,0,0,0,0,0,36,36,36,0.0056,0.0007,0.0001,0.0013,0.0,0.0,0.0,0.0073,0.0157
floortile-opt11-strips-opt-p10-019,0,False,127,581,658,1410,0,1517,177,23,0,0,7,0,0,0,0,104,115,104,0.0093,0.009,0.0018,0.002,0.0,0.003,0.0,0.2364,0.2592
floortile-opt11-strips-opt-p10-020,0,False,126,586,664,1421,0,1532,175,43,0,0,8,0,0,0,0,104,116,104,0.009,0.0087,0.0018,0.0022,0.0,0.004,0.0,0.2322,0.2546
floortile-opt14-strips-p01-6-4-2,0,False,56,249,271,605,0,634,113,14,0,0,7,0,0,0,0,68,74,68,0.0057,0.0022,0.0005,0.0017,0.0,0.0006,0.0,0.0914,0.102
floortile-opt14-strips-p01-5-4-2,0,False,49,205,239,518,0,555,95,2,0,0,2,0,0,0,0,58,64,58,0.0066,0.0017,0.0003,0.0012,0.0,0.0001,0.0,0.0167,0.027
floortile-opt14-strips-p01-5-5-2,0,False,61,268,307,667,0,716,120,0,0,0,0,0,0,0,0,69,69,69,0.0064,0.0025,0.0005,0.0015,0.0,0.0,0.0,0.0129,0.0242
floortile-opt14-strips-p01-6-5-2,0,False,70,319,359,785,0,838,142,23,0,0,11,0,0,0,0,84,90,84,0.0063,0.0033,0.0007,0.0019,0.0,0.0014,0.0,0.1603,0.1732
floortile-opt14-strips-p01-5-3-2,0,False,36,141,164,361,0,383,73,0,0,0,0,0,0,0,0,44,44,44,0.0055,0.001,0.0002,0.0011,0.0,0.0,0.0,0.0097,0.018
floortile-opt14-strips-p02-4-4-2,0,False,41,165,199,426,0,462,93,2,0,0,2,0,0,0,0,49,61,49,0.0136,0.0013,0.0002,0.0013,0.0,0.0001,0.0,0.0127,0.0297
floortile-opt14-strips-p02-6-4-2,0,False,57,254,285,625,0,667,113,10,0,0,5,0,0,0,0,68,73,68,0.007,0.0022,0.0005,0.0015,0.0,0.0004,0.0,0.0429,0.0548
floortile-opt14-strips-p02-5-5-2,0,False,60,252,296,640,0,686,109,16,0,0,7,0,0,0,0,71,81,71,0.0066,0.0024,0.0005,0.002,0.0,0.0007,0.0,0.1008,0.1128
floortile-opt14-strips-p02-5-3-2,0,False,36,137,164,357,0,380,74,2,0,0,3,0,0,0,0,45,47,45,0.0066,0.001,0.0002,0.0013,0.0,0.0001,0.0,0.0509,0.0605
floortile-opt14-strips-p02-5-4-2,0,False,49,205,239,518,0,557,111,0,0,0,0,0,0,0,0,62,62,62,0.0061,0.0018,0.0003,0.0014,0.0,0.0,0.0,0.0109,0.021
floortile-opt14-strips-p02-6-5-2,0,False,70,318,362,787,0,844,155,21,0,0,7,0,0,0,0,92,99,92,0.0071,0.0039,0.001,0.0032,0.0,0.0013,0.0,0.1486,0.1642
freecell-p01,0,True,27,176,558,787,0,972,19,0,0,0,1,0,0,0,0,8,10,8,0.0082,0.002,0.0004,0.0017,0.0,0.0,0.0,0.0167,0.0296
floortile-opt14-strips-p03-4-3-2,0,False,30,109,136,292,0,317,65,0,0,0,0,0,0,0,0,40,40,40,0.0053,0.0008,0.0001,0.001,0.0,0.0,0.0,0.0086,0.0163
floortile-opt14-strips-p03-5-3-2,0,False,36,137,164,357,0,380,77,0,0,0,1,0,0,0,0,45,47,45,0.0058,0.001,0.0002,0.0011,0.0,0.0,0.0,0.0101,0.0188
floortile-opt14-strips-p03-6-5-2,0,False,70,315,359,781,0,836,146,46,0,0,13,0,0,0,0,86,90,86,0.0065,0.0033,0.0008,0.0017,0.0,0.0018,0.0,0.156,0.1688
floortile-opt14-strips-p03-4-4-2,0,False,40,154,190,406,0,442,86,6,0,0,7,0,0,0,0,50,60,50,0.0062,0.0012,0.0002,0.0014,0.0,0.0004,0.0,0.0367,0.0462
floortile-opt14-strips-p03-5-5-2,0,False,60,261,292,644,0,679,119,18,0,0,8,0,0,0,0,69,75,69,0.0071,0.0024,0.0006,0.0013,0.0,0.0008,0.0,0.1235,0.1354
floortile-opt14-strips-p03-6-4-2,0,False,57,249,284,619,0,662,129,11,0,0,5,0,0,0,0,74,78,74,0.0065,0.0025,0.0005,0.0014,0.0,0.0006,0.0,0.0589,0.0724
floortile-sat11-strips-seq-p01-001,0,False,30,106,124,276,0,286,55,0,0,0,1,0,0,0,0,33,34,33,0.0059,0.0007,0.0001,0.0014,0.0,0.0,0.0,0.0077,0.0163
floortile-opt14-strips-p03-5-4-2,0,False,48,198,233,505,0,540,93,24,0,0,9,0,0,0,0,58,62,58,0.0063,0.0017,0.0004,0.0017,0.0,0.0007,0.0,0.0583,0.0689
floortile-sat11-strips-seq-p01-002,0,False,30,112,130,288,0,302,64,0,0,0,0,0,0,0,0,35,35,35,0.0087,0.0007,0.0001,0.0014,0.0,0.0,0.0,0.0076,0.0191
floortile-sat11-strips-seq-p03-005,0,False,40,155,177,393,0,410,70,0,0,0,0,0,0,0,0,44,44,44,0.0095,0.0011,0.0002,0.0014,0.0,0.0,0.0,0.0122,0.025
floortile-sat11-strips-seq-p04-007,0,False,48,205,231,509,0,539,101,0,0,0,0,0,0,0,0,56,56,56,0.006,0.0017,0.0003,0.0011,0.0,0.0,0.0,0.0108,0.0204
floortile-sat11-strips-seq-p02-003,0,False,36,140,164,360,0,383,72,0,0,0,4,0,0,0,0,44,47,44,0.0053,0.001,0.0002,0.0011,0.0,0.0001,0.0,0.0238,0.0318
floortile-sat11-strips-seq-p04-008,0,False,48,196,219,488,0,508,92,4,0,0,3,0,0,0,0,56,62,56,0.0056,0.0016,0.0003,0.0014,0.0,0.0002,0.0,0.1418,0.1512
floortile-sat11-strips-seq-p03-006,0,False,40,156,187,405,0,434,71,0,0,0,0,0,0,0,0,45,45,45,0.0053,0.0012,0.0002,0.0014,0.0,0.0,0.0,0.0283,0.0369
floortile-sat11-strips-seq-p02-004,0,False,37,148,174,378,0,405,87,2,0,0,2,0,0,0,0,50,54,50,0.005,0.0011,0.0002,0.0012,0.0,0.0001,0.0,0.0114,0.0193
floortile-sat11-strips-seq-p05-010,0,False,56,246,272,603,0,635,112,8,0,0,4,0,0,0,0,68,72,68,0.0059,0.0022,0.0005,0.0015,0.0,0.0003,0.0,0.0364,0.0469
floortile-sat11-strips-seq-p07-014,0,False,106,473,537,1153,0,1238,139,25,0,0,8,0,0,0,0,87,95,87,0.0083,0.0059,0.0011,0.002,0.0,0.002,0.0,0.1121,0.1301
floortile-sat11-strips-seq-p06-012,0,False,61,263,306,661,0,711,122,2,0,0,2,0,0,0,0,73,79,73,0.0062,0.0026,0.0005,0.0016,0.0,0.0002,0.0,0.024,0.0355
floortile-sat11-strips-seq-p07-013,0,False,105,458,506,1106,0,1167,134,43,0,0,7,0,0,0,0,84,96,84,0.0079,0.0057,0.0012,0.0017,0.0,0.002,0.0,0.1396,0.1568
floortile-sat11-strips-seq-p08-015,0,False,127,591,664,1426,0,1533,160,25,0,0,7,0,0,0,0,100,112,100,0.0119,0.0087,0.0019,0.0021,0.0,0.0021,0.0,0.2106,0.2358
floortile-sat11-strips-seq-p06-011,0,False,60,263,303,658,0,706,118,14,0,0,5,0,0,0,0,70,73,70,0.0066,0.0026,0.0006,0.0014,0.0,0.0005,0.0,0.0599,0.0716
floortile-sat11-strips-seq-p05-009,0,False,56,245,268,598,0,626,116,20,0,0,6,0,0,0,0,68,72,68,0.0059,0.0022,0.0005,0.0013,0.0,0.0006,0.0,0.0513,0.0616
floortile-sat11-strips-seq-p10-019,0,False,169,822,910,1959,0,2100,232,75,0,0,10,0,0,0,0,137,147,137,0.0113,0.0173,0.0038,0.0025,0.0,0.0112,0.0,0.7182,0.754
floortile-sat11-strips-seq-p08-016,0,False,127,579,655,1405,0,1508,163,40,0,0,7,0,0,0,0,102,118,102,0.009,0.0086,0.0016,0.0023,0.0,0.0037,0.0,0.2047,0.2269
floortile-sat14-strips-p01-4-3-2,0,False,31,108,134,289,0,309,55,0,0,0,0,0,0,0,0,36,36,36,0.0056,0.0008,0.0001,0.0013,0.0,0.0,0.0,0.0073,0.0156
floortile-sat11-strips-seq-p09-018,0,False,144,671,731,1596,0,1687,181,62,0,0,13,0,0,0,0,114,126,114,0.0113,0.0118,0.0026,0.002,0.0,0.0055,0.0,0.3768,0.4051
floortile-sat14-strips-p01-5-4-2,0,False,49,205,239,518,0,555,95,2,0,0,2,0,0,0,0,58,64,58,0.006,0.0017,0.0003,0.0014,0.0,0.0001,0.0,0.0168,0.0267
floortile-sat11-strips-seq-p10-020,0,False,169,816,887,1929,0,2047,214,63,0,0,15,0,0,0,0,131,154,131,0.0103,0.0169,0.0039,0.0023,0.0,0.0095,0.0,0.4553,0.4894
floortile-sat11-strips-seq-p09-017,0,False,144,685,759,1639,0,1755,185,25,0,0,5,0,0,0,0,113,126,113,0.0098,0.012,0.0024,0.0024,0.0,0.0026,0.0,0.2755,0.3027
floortile-sat14-strips-p02-6-5-3,0,False,105,469,530,1142,0,1222,133,36,0,0,12,0,0,0,0,84,98,84,0.0144,0.0059,0.0014,0.002,0.0,0.0032,0.0,0.151,0.1753
floortile-sat14-strips-p01-6-5-2,0,False,70,319,359,785,0,838,142,23,0,0,11,0,0,0,0,84,90,84,0.0219,0.0034,0.0007,0.0018,0.0,0.0014,0.0,0.16,0.1883
floortile-sat14-strips-p02-6-5-2,0,False,70,318,362,787,0,844,155,21,0,0,7,0,0,0,0,92,99,92,0.0188,0.0035,0.0008,0.0016,0.0,0.0013,0.0,0.1478,0.1732
floortile-sat14-strips-p02-6-4-2,0,False,57,254,285,625,0,667,113,10,0,0,5,0,0,0,0,68,73,68,0.0181,0.0022,0.0005,0.0015,0.0,0.0004,0.0,0.0543,0.0771
floortile-sat14-strips-p02-5-4-2,0,False,49,205,239,518,0,557,111,0,0,0,0,0,0,0,0,62,62,62,0.0171,0.0018,0.0003,0.0013,0.0,0.0,0.0,0.011,0.0321
floortile-sat14-strips-p01-5-5-2,0,False,61,268,307,667,0,716,120,0,0,0,0,0,0,0,0,69,69,69,0.0178,0.0025,0.0005,0.0017,0.0,0.0,0.0,0.0128,0.0358
floortile-sat14-strips-p01-6-5-3,0,False,105,465,513,1120,0,1184,132,34,0,0,7,0,0,0,0,84,94,84,0.0216,0.0058,0.0012,0.0019,0.0,0.0021,0.0,0.1529,0.184
floortile-sat14-strips-p01-6-4-2,0,False,56,249,271,605,0,634,113,14,0,0,7,0,0,0,0,68,74,68,0.0186,0.0021,0.0005,0.0013,0.0,0.0006,0.0,0.081,0.104
floortile-sat14-strips-p03-6-5-3,0,False,106,471,535,1149,0,1232,140,24,0,0,8,0,0,0,0,85,95,85,0.0095,0.0058,0.0012,0.0018,0.0,0.0022,0.0,0.0745,0.0935
floortile-sat14-strips-p05-4-3-2,0,False,30,112,132,291,0,311,57,2,0,0,2,0,0,0,0,33,36,33,0.0069,0.0008,0.0001,0.0016,0.0,0.0001,0.0,0.008,0.018
floortile-sat14-strips-p04-6-5-2,0,False,71,324,366,797,0,854,155,23,0,0,10,0,0,0,0,89,93,89,0.008,0.0036,0.0008,0.0014,0.0,0.0011,0.0,0.0851,0.0994
floortile-sat14-strips-p03-6-5-2,0,False,70,315,359,781,0,836,146,46,0,0,13,0,0,0,0,86,90,86,0.0066,0.0033,0.0008,0.0018,0.0,0.0018,0.0,0.1574,0.1706
floortile-sat14-strips-p04-6-5-3,0,False,106,471,523,1136,0,1205,125,77,0,0,41,0,0,0,0,84,90,84,0.008,0.0057,0.0012,0.0018,0.0,0.0048,0.0,0.2863,0.3036
floortile-sat14-strips-p04-5-4-2,0,False,49,207,241,522,0,562,110,0,0,0,0,0,0,0,0,63,63,63,0.0064,0.0018,0.0003,0.0014,0.0,0.0,0.0,0.0122,0.0227
floortile-sat14-strips-p03-6-4-2,0,False,57,249,284,619,0,662,129,11,0,0,5,0,0,0,0,74,78,74,0.0059,0.0023,0.0004,0.0016,0.0,0.0006,0.0,0.0846,0.0954
floortile-sat14-strips-p04-5-5-2,0,False,62,276,317,685,0,739,137,15,0,0,4,0,0,0,0,79,85,79,0.0068,0.0026,0.0006,0.0014,0.0,0.0006,0.0,0.158,0.17
freecell-p03,0,True,59,522,1473,2103,0,2648,33,8,0,0,6,0,0,0,0,18,21,18,0.013,0.0105,0.0021,0.0024,0.0,0.0022,0.0,0.0716,0.1004
floortile-sat14-strips-p05-6-5-2,0,False,70,318,344,768,0,805,136,15,0,0,8,0,0,0,0,84,88,84,0.0068,0.0033,0.0007,0.0015,0.0,0.0009,0.0,0.1486,0.1614
freecell-p02,0,True,43,367,1094,1541,0,1913,28,38,0,0,20,0,0,0,0,14,18,14,0.0108,0.0052,0.0016,0.0023,0.0,0.0063,0.0,0.0746,0.0951
freecell-p04,0,True,72,566,1514,2214,0,2990,45,10,0,0,5,0,0,0,0,26,32,26,0.0149,0.0127,0.0039,0.003,0.0,0.0019,0.0,0.0927,0.1282
freecell-p06,0,True,108,1517,4156,5866,0,7070,60,118,0,0,122,0,141,0,0,34,46,34,0.0266,0.0399,0.026,0.0061,0.0,0.1435,0.0,0.8542,0.9539
floortile-sat14-strips-p05-6-5-3,0,False,106,485,531,1158,0,1227,149,25,0,0,8,0,0,0,0,84,96,84,0.0085,0.0059,0.0011,0.0017,0.0,0.0017,0.0,0.0907,0.1087
freecell-p05,0,True,93,1080,2990,4236,0,5151,58,70,0,0,21,0,7,0,0,30,40,30,0.0202,0.0256,0.0153,0.0042,0.0,0.0384,0.0,0.3819,0.4481
freecell-p07,0,True,109,1434,3974,5603,0,6808,68,338,0,0,103,0,140,0,0,39,46,39,0.0415,0.0439,0.0222,0.0058,0.0,0.3537,0.0,1.4704,1.5851
freecell-p12,0,True,144,2547,6914,9715,0,11665,65,53,0,0,17,0,35,0,0,46,59,46,0.0507,0.096,0.0741,0.0101,0.0,0.0939,0.0,1.2174,1.4501
freecell-p11,0,True,146,2579,6957,9792,0,11759,77,498,0,0,153,0,466,0,0,49,62,49,0.0529,0.0967,0.0766,0.0099,0.0,1.9363,0.0,5.3952,5.633
freecell-p09,0,True,128,1969,5359,7554,0,9100,66,214,0,0,54,0,159,0,0,41,48,41,0.0393,0.0654,0.0384,0.0074,0.0,0.4397,0.0,2.1331,2.2848
freecell-p10,0,True,144,2561,6980,9795,0,11717,71,111,0,0,54,0,0,0,0,48,59,48,0.0544,0.0937,0.0806,0.0098,0.0,0.7026,0.0,1.3605,1.6007
freecell-p08,0,True,127,1961,5410,7596,0,9147,64,418,0,0,137,0,244,0,0,45,57,45,0.0374,0.0633,0.0482,0.0077,0.0,1.1202,0.0,2.745,2.9028
freecell-p13,0,True,162,3607,10043,13933,0,16015,77,1276,0,0,340,0,1199,0,0,55,65,55,0.0691,0.1553,0.1659,0.014,0.0,13.9072,0.0,101.7763,102.1837
freecell-p14,0,True,162,3620,10066,13969,0,16013,73,845,0,0,257,0,982,0,0,54,66,54,0.0666,0.1456,0.1761,0.0148,0.0,10.7222,0.0,57.5045,57.9097
freecell-p15,0,True,179,4016,10768,15097,0,17948,84,937,0,0,234,0,2702,0,0,61,78,61,0.0892,0.1915,0.2318,0.0161,0.0,13.5651,0.0,56.834,57.3655
freecell-p17,0,True,196,5384,14875,20600,0,23515,84,202,0,0,60,0,171,0,0,60,85,60,0.1136,0.3771,0.3538,0.024,0.0,3.8605,0.0,11.1348,12.0061
freecell-p18,0,True,198,4850,12981,18175,0,21581,82,1194,0,0,296,0,6759,0,0,70,86,70,0.1194,0.264,0.3176,0.0218,0.0,23.0066,0.0,216.2176,216.9432
freecell-p16,0,True,178,4434,12304,17049,0,19515,78,116,0,0,35,0,13,0,0,59,71,59,0.0901,0.2009,0.2503,0.0192,0.0,0.5752,0.0,4.2965,4.8594
freecell-p19,0,True,216,5773,15251,21398,0,25416,104,1755,0,0,435,0,1200,0,0,73,93,73,0.1482,0.3705,0.3836,0.0264,0.0,49.3193,0.0,108.2962,109.2282
freecell-p20,0,True,214,5734,15263,21369,0,25403,93,960,0,0,221,0,1237,0,0,69,90,69,0.1495,0.3774,0.4217,0.0261,0.0,26.0888,0.0,80.1507,81.1286
freecell-probfreecell-10-4,0,True,168,4882,13430,18601,0,21162,77,1271,0,0,326,0,1026,0,0,55,66,55,0.1105,0.2203,0.2288,0.0199,0.0,25.9687,0.0,140.2941,140.8763
freecell-probfreecell-10-3,0,True,167,4862,13493,18643,0,21198,76,96,0,0,34,0,41,0,0,49,66,49,0.1026,0.2838,0.2643,0.0198,0.0,1.5706,0.0,6.0921,6.7653
freecell-probfreecell-10-2,0,True,167,4371,11776,16436,0,19432,67,38,0,0,14,0,0,0,0,52,64,52,0.1038,0.2138,0.1928,0.0178,0.0,0.2091,0.0,1.2739,1.8046
freecell-probfreecell-10-1,0,True,168,4367,11843,16500,0,19524,78,670,0,0,209,0,1053,0,0,55,69,55,0.1053,0.2101,0.2172,0.018,0.0,8.0539,0.0,45.6054,46.1586
freecell-probfreecell-11-1,0,True,184,4844,12967,18129,0,21476,86,1464,0,0,394,0,1262,0,0,61,76,61,0.1147,0.255,0.2456,0.0204,0.0,20.3222,0.0,165.1715,165.81
freecell-probfreecell-10-5,0,True,169,4905,13520,18715,0,21282,89,912,0,0,235,0,933,0,0,57,68,57,0.1034,0.2895,0.2856,0.0198,0.0,16.221,0.0,58.1433,58.8445
freecell-probfreecell-11-2,0,True,183,4850,12908,18075,0,21398,79,108,0,0,39,0,23,0,0,57,72,57,0.1343,0.2606,0.2357,0.0205,0.0,0.9814,0.0,3.6664,4.3203
freecell-probfreecell-11-3,0,True,184,5387,14741,20445,0,23317,87,133,0,0,44,0,92,0,0,56,76,56,0.1339,0.3739,0.3377,0.0229,0.0,2.2078,0.0,8.0138,8.8852
freecell-probfreecell-13-1,0,True,216,5755,15336,21465,0,25507,98,2945,0,0,726,0,3290,0,0,74,91,74,0.1655,0.3452,0.3979,0.0263,0.0,85.5675,0.0,364.1633,365.1014
freecell-probfreecell-11-5,0,True,184,4859,13003,18180,0,21518,90,1684,0,0,430,0,1209,0,0,65,76,65,0.1319,0.2562,0.2682,0.0208,0.0,26.4273,0.0,209.3938,210.0736
freecell-probfreecell-12-1,0,True,200,5295,14173,19814,0,23513,91,860,0,0,213,0,3568,0,0,67,84,67,0.1462,0.304,0.3475,0.0237,0.0,16.741,0.0,141.1324,141.9569
freecell-probfreecell-11-4,0,True,184,5401,14726,20444,0,23297,83,402,0,0,98,0,1554,0,0,62,75,62,0.1155,0.2798,0.3371,0.0229,0.0,6.7076,0.0,33.3016,34.0597
freecell-probfreecell-12-3,0,True,200,5908,16042,22295,0,25453,100,106,0,0,41,0,38,0,0,63,83,63,0.1295,0.4628,0.3775,0.026,0.0,1.3748,0.0,6.1452,7.1443
freecell-probfreecell-12-2,0,True,199,5319,14080,19744,0,23401,79,275,0,0,77,0,95,0,0,62,80,62,0.1292,0.299,0.2807,0.0232,0.0,4.056,0.0,10.956,11.6913
freecell-probfreecell-12-4,0,True,200,5331,14157,19834,0,23516,92,626,0,0,161,0,285,0,0,67,83,67,0.1294,0.3267,0.3245,0.0233,0.0,12.9264,0.0,27.7904,28.5975
freecell-probfreecell-12-5,0,True,200,5319,14140,19805,0,23489,98,1973,0,0,494,0,1381,0,0,71,85,71,0.128,0.3102,0.3333,0.0233,0.0,49.7531,0.0,413.3465,414.1442
freecell-probfreecell-13-3,0,True,215,5767,15265,21405,0,25425,84,1653,0,0,437,0,1237,0,0,70,89,70,0.1536,0.3532,0.3938,0.027,0.0,45.5538,0.0,294.5673,295.4982
freecell-probfreecell-13-4,0,True,215,5778,15259,21410,0,25423,92,1818,0,0,443,0,1190,0,0,73,90,73,0.1472,0.3783,0.3973,0.0261,0.0,50.2925,0.0,196.7784,197.7306
freecell-probfreecell-13-2,0,True,215,5769,15229,21371,0,25380,90,75,0,0,28,0,20,0,0,68,88,68,0.1545,0.3558,0.3401,0.0261,0.0,0.8249,0.0,2.8222,3.7018
freecell-probfreecell-13-5,0,True,216,5766,15307,21447,0,25480,95,3913,0,0,1682,0,3467,0,0,78,92,78,0.1473,0.3468,0.4004,0.0262,0.0,106.6722,0.0,270.7423,271.6662
freecell-probfreecell-2-1,0,True,44,831,2637,3536,0,3756,22,0,0,0,0,0,0,0,0,9,9,9,0.0246,0.0126,0.0022,0.0036,0.0,0.0,0.0,0.0576,0.1014
freecell-probfreecell-2-2,0,True,43,813,2680,3561,0,3794,19,0,0,0,0,0,0,0,0,8,8,8,0.0187,0.0119,0.0019,0.0035,0.0,0.0,0.0,0.0615,0.0986
freecell-probfreecell-2-4,0,True,44,832,2716,3616,0,3848,24,0,0,0,1,0,0,0,0,8,9,8,0.0205,0.0132,0.0024,0.0034,0.0,0.0,0.0,0.0639,0.1043
freecell-probfreecell-2-3,0,True,44,848,2672,3589,0,3817,23,0,0,0,1,0,0,0,0,8,9,8,0.0191,0.0134,0.0018,0.0034,0.0,0.0,0.0,0.0648,0.1036
freecell-probfreecell-3-3,0,True,58,1286,4169,5549,0,6031,27,0,0,0,1,0,0,0,0,12,15,12,0.0276,0.0266,0.0086,0.0049,0.0,0.0001,0.0,0.11,0.1787
freecell-probfreecell-3-1,0,True,59,1306,4180,5581,0,6088,27,8,0,0,6,0,0,0,0,14,16,14,0.0256,0.0261,0.0104,0.0047,0.0,0.0073,0.0,0.2606,0.3287
freecell-probfreecell-2-5,0,True,44,831,2659,3558,0,3768,20,0,0,0,0,0,0,0,0,9,9,9,0.0192,0.0129,0.0022,0.0036,0.0,0.0,0.0,0.0571,0.096
freecell-probfreecell-3-2,0,True,58,1286,4162,5542,0,6033,28,0,0,0,1,0,0,0,0,13,14,13,0.0238,0.0259,0.008,0.0045,0.0,0.0001,0.0,0.107,0.1708
freecell-probfreecell-3-5,0,True,58,1286,4192,5572,0,6071,31,0,0,0,2,0,0,0,0,13,15,13,0.0259,0.025,0.008,0.0043,0.0,0.0001,0.0,0.1454,0.21
freecell-probfreecell-4-1,0,True,75,1819,5917,7861,0,8686,37,8,0,0,7,0,0,0,0,19,24,19,0.2627,0.0422,0.0204,0.0064,0.0,0.0129,0.0,0.2689,0.6019
freecell-probfreecell-4-2,0,True,74,1798,5522,7442,0,8207,34,0,0,0,1,0,0,0,0,17,19,17,0.036,0.0422,0.0152,0.0062,0.0,0.0001,0.0,0.1377,0.2384
freecell-probfreecell-3-4,0,True,59,1310,4162,5567,0,6066,28,0,0,0,1,0,0,0,0,12,14,12,0.0258,0.0259,0.0078,0.0042,0.0,0.0001,0.0,0.1068,0.1719
freecell-probfreecell-4-4,0,True,75,1818,5498,7439,0,8196,41,0,0,0,1,0,0,0,0,18,22,18,0.0532,0.044,0.0187,0.006,0.0,0.0001,0.0,0.1363,0.2594
freecell-probfreecell-5-1,0,True,89,2336,7291,9778,0,10921,45,51,0,0,21,0,16,0,0,24,31,24,0.0458,0.0616,0.0423,0.008,0.0,0.1035,0.0,1.0982,1.2576
freecell-probfreecell-4-3,0,True,72,1783,5593,7497,0,8287,36,0,0,0,1,0,0,0,0,18,22,18,0.0337,0.0396,0.0218,0.0063,0.0,0.0001,0.0,0.1581,0.2605
freecell-probfreecell-4-5,0,True,72,1802,5630,7553,0,8381,34,13,0,0,8,0,0,0,0,18,22,18,0.0374,0.0403,0.0228,0.0063,0.0,0.0104,0.0,0.3321,0.4401
freecell-probfreecell-5-2,0,True,91,2330,6883,9364,0,10388,46,8,0,0,5,0,0,0,0,23,25,23,0.0431,0.0611,0.0261,0.0084,0.0,0.0114,0.0,0.2125,0.3529
freecell-probfreecell-5-3,0,True,88,2305,6838,9292,0,10383,44,2,0,0,3,0,0,0,0,24,30,24,0.0644,0.0615,0.0349,0.0077,0.0,0.0073,0.0,0.2864,0.4567
freecell-probfreecell-6-3,0,True,104,2818,8220,11215,0,12608,47,6,0,0,4,0,0,0,0,28,33,28,0.054,0.0848,0.0524,0.0097,0.0,0.0119,0.0,0.2506,0.4533
freecell-probfreecell-5-5,0,True,89,2318,6963,9431,0,10540,35,50,0,0,21,0,1,0,0,25,31,25,0.0424,0.0597,0.0528,0.0079,0.0,0.1019,0.0,0.9547,1.1191
freecell-probfreecell-5-4,0,True,89,2336,6955,9441,0,10516,48,2,0,0,2,0,0,0,0,23,29,23,0.0435,0.0625,0.0336,0.008,0.0,0.0016,0.0,0.2332,0.3825
freecell-probfreecell-6-2,0,True,107,2840,8261,11280,0,12578,45,8,0,0,6,0,0,0,0,28,32,28,0.0537,0.0851,0.0594,0.011,0.0,0.0118,0.0,0.4813,0.6923
freecell-probfreecell-6-1,0,True,105,2821,8316,11315,0,12729,51,23,0,0,11,0,0,0,0,30,38,30,0.0609,0.0834,0.0855,0.01,0.0,0.0392,0.0,0.8249,1.0665
freecell-probfreecell-6-5,0,True,105,2857,8308,11343,0,12726,51,57,0,0,22,0,46,0,0,32,39,32,0.054,0.0865,0.0712,0.0102,0.0,0.2367,0.0,1.7721,1.9958
freecell-probfreecell-7-1,0,True,121,3361,9597,13164,0,14841,61,362,0,0,122,0,214,0,0,35,43,35,0.0657,0.1135,0.1028,0.0119,0.0,2.004,0.0,9.9446,10.2405
freecell-probfreecell-6-4,0,True,104,2834,8357,11368,0,12737,44,23,0,0,11,0,0,0,0,28,37,28,0.0543,0.0824,0.0701,0.0099,0.0,0.0724,0.0,0.7049,0.9233
freecell-probfreecell-8-2,0,True,135,3452,9462,13147,0,15468,63,299,0,0,80,0,297,0,0,39,48,39,0.0761,0.1388,0.0871,0.0129,0.0,1.2489,0.0,15.6534,15.9705
freecell-probfreecell-8-1,0,True,137,3864,10914,15012,0,16990,63,461,0,0,208,0,436,0,0,42,53,42,0.0782,0.1491,0.1505,0.0145,0.0,4.2625,0.0,13.652,14.0467
freecell-probfreecell-8-3,0,True,136,3852,10895,14980,0,16959,58,14,0,0,8,0,0,0,0,38,49,38,0.245,0.148,0.1267,0.0144,0.0,0.1294,0.0,1.0538,1.5909
freecell-probfreecell-8-4,0,True,136,3867,10776,14876,0,16832,57,56,0,0,24,0,9,0,0,41,51,41,0.075,0.1399,0.1313,0.0146,0.0,0.2316,0.0,1.5252,1.8884
freecell-probfreecell-7-2,0,True,121,3349,9515,13070,0,14763,63,51,0,0,19,0,33,0,0,34,39,34,0.0637,0.1181,0.0712,0.0119,0.0,0.162,0.0,1.9526,2.2196
freecell-probfreecell-7-5,0,True,121,3369,9563,13138,0,14805,54,623,0,0,198,0,1065,0,0,40,46,40,0.0654,0.1096,0.0952,0.0124,0.0,3.7247,0.0,19.0328,19.3174
freecell-probfreecell-7-4,0,True,120,3355,9526,13086,0,14737,57,83,0,0,27,0,0,0,0,35,44,35,0.0632,0.112,0.1049,0.012,0.0,0.3921,0.0,2.2636,2.5576
freecell-probfreecell-7-3,0,True,120,3349,9534,13088,0,14762,54,8,0,0,5,0,0,0,0,32,40,32,0.0638,0.1118,0.0784,0.012,0.0,0.0446,0.0,0.3804,0.6484
freecell-probfreecell-9-2,0,True,150,3898,10556,14714,0,17360,67,49,0,0,20,0,3,0,0,44,58,44,0.0873,0.1781,0.1322,0.0154,0.0,0.1838,0.0,1.2183,1.6339
ged-opt14-strips-d-1-3,0,False,118,456,1044,1626,0,2327,3,0,0,0,0,0,0,0,0,1,1,1,0.0073,0.0047,0.0067,0.0021,0.0,0.0,0.0,0.0356,0.0571
freecell-probfreecell-9-5,0,True,153,4402,12184,16848,0,19108,64,1446,0,0,399,0,2470,0,0,51,60,51,0.0894,0.1859,0.2121,0.0167,0.0,17.2965,0.0,172.869,173.3759
freecell-probfreecell-9-1,0,True,153,4376,12163,16801,0,19085,70,728,0,0,208,0,905,0,0,47,61,47,0.0913,0.1818,0.1957,0.0167,0.0,7.0254,0.0,45.0059,45.494
freecell-probfreecell-9-4,0,True,152,4370,12085,16716,0,18980,63,1324,0,0,360,0,1246,0,0,48,58,48,0.087,0.1792,0.1798,0.0165,0.0,12.5478,0.0,169.6493,170.1145
freecell-probfreecell-9-3,0,True,152,4373,12196,16830,0,19088,58,85,0,0,34,0,22,0,0,44,56,44,0.0903,0.2286,0.1903,0.0171,0.0,0.8102,0.0,2.6923,3.2214
ged-opt14-strips-d-1-4,0,False,47,102,225,375,0,548,3,0,0,0,0,0,0,0,0,1,1,1,0.0128,0.0007,0.0001,0.0015,0.0,0.0,0.0,0.0104,0.0261
freecell-probfreecell-8-5,0,True,137,3890,10865,14989,0,16947,63,1363,0,0,385,0,1276,0,0,45,54,45,0.0763,0.1441,0.1582,0.0143,0.0,11.5273,0.0,113.4468,113.8421
ged-opt14-strips-d-1-2,0,False,47,102,225,375,0,548,3,0,0,0,0,0,0,0,0,1,1,1,0.0054,0.0007,0.0001,0.0012,0.0,0.0,0.0,0.0102,0.0181
ged-opt14-strips-d-2-3,0,False,89,310,705,1111,0,1596,3,0,0,0,0,0,0,0,0,1,1,1,0.0065,0.0027,0.0023,0.0019,0.0,0.0,0.0,0.0252,0.0391
ged-opt14-strips-d-2-1,0,False,47,102,225,375,0,548,3,0,0,0,0,0,0,0,0,1,1,1,0.0051,0.0007,0.0002,0.0014,0.0,0.0,0.0,0.0105,0.0183
ged-opt14-strips-d-2-8,0,False,230,1062,2457,3759,0,5348,3,0,0,0,0,0,0,0,0,1,1,1,0.0131,0.0186,0.0949,0.0041,0.0,0.0,0.0,0.0651,0.1966
ged-opt14-strips-d-1-8,0,False,151,630,1449,2239,0,3196,3,0,0,0,0,0,0,0,0,1,1,1,0.0081,0.0078,0.016,0.0028,0.0,0.0,0.0,0.0455,0.0809
ged-opt14-strips-d-2-4,0,False,64,192,432,694,0,1003,3,0,0,0,0,0,0,0,0,1,1,1,0.006,0.0014,0.0005,0.0015,0.0,0.0,0.0,0.0158,0.0258
ged-opt14-strips-d-3-4,0,False,150,630,1449,2239,0,3196,3,0,0,0,0,0,0,0,0,1,1,1,0.008,0.0078,0.0172,0.0026,0.0,0.0,0.0,0.0446,0.0809
ged-opt14-strips-d-3-1,0,False,118,456,1044,1626,0,2327,3,0,0,0,0,0,0,0,0,1,1,1,0.0097,0.0048,0.0086,0.0021,0.0,0.0,0.0,0.0354,0.0612
ged-opt14-strips-d-4-2,0,False,64,192,432,694,0,1003,3,0,0,0,0,0,0,0,0,1,1,1,0.0056,0.0014,0.0007,0.0018,0.0,0.0,0.0,0.0155,0.0256
ged-opt14-strips-d-3-2,0,False,89,310,705,1111,0,1596,3,0,0,0,0,0,0,0,0,1,1,1,0.0065,0.0027,0.0023,0.0019,0.0,0.0,0.0,0.0251,0.039
ged-opt14-strips-d-4-3,0,False,150,630,1449,2239,0,3196,3,0,0,0,0,0,0,0,0,1,1,1,0.0083,0.0078,0.0208,0.0025,0.0,0.0,0.0,0.0449,0.0849
ged-opt14-strips-d-7-5,0,False,151,630,1449,2239,0,3196,3,0,0,0,0,0,0,0,0,1,1,1,0.0112,0.0078,0.016,0.0026,0.0,0.0,0.0,0.0461,0.0844
ged-opt14-strips-d-4-8,0,False,230,1062,2457,3759,0,5348,3,0,0,0,0,0,0,0,0,1,1,1,0.0141,0.0185,0.0899,0.0042,0.0,0.0,0.0,0.065,0.1924
ged-opt14-strips-d-8-4,0,False,230,1062,2457,3759,0,5348,3,0,0,0,0,0,0,0,0,1,1,1,0.014,0.0183,0.0812,0.0045,0.0,0.0,0.0,0.0644,0.1831
ged-sat14-strips-d-10-1,0,False,695,3910,9129,13759,0,19476,3,0,0,0,0,0,0,0,0,1,1,1,0.0461,0.1957,5.4631,0.0242,0.0,0.0,0.0,0.2746,6.0053
ged-opt14-strips-d-8-9,0,False,228,1062,2457,3759,0,5348,3,0,0,0,0,0,0,0,0,1,1,1,0.0135,0.0184,0.087,0.0042,0.0,0.0,0.0,0.0647,0.1884
ged-opt14-strips-d-8-1,0,False,151,630,1449,2239,0,3196,3,0,0,0,0,0,0,0,0,1,1,1,0.0086,0.0078,0.0197,0.0028,0.0,0.0,0.0,0.0458,0.0855
ged-opt14-strips-d-8-2,0,False,230,1062,2457,3759,0,5348,3,0,0,0,0,0,0,0,0,1,1,1,0.0201,0.0185,0.0934,0.0046,0.0,0.0,0.0,0.0651,0.2023
ged-opt14-strips-d-7-6,0,False,119,456,1044,1626,0,2327,0,0,0,0,0,0,0,0,0,0,0,0,0.0065,0.0047,0.0002,0.0022,0.0,0.0,0.0,0.0184,0.0327
ged-sat14-strips-d-11-3,0,False,772,4392,10260,15450,0,21863,3,0,0,0,0,0,0,0,0,1,1,1,0.0559,0.2451,7.8604,0.0277,0.0,0.0,0.0,0.3127,8.5038
ged-sat14-strips-d-10-3,0,False,769,4392,10260,15450,0,21863,3,0,0,0,0,0,0,0,0,1,1,1,0.0543,0.2486,7.8032,0.0286,0.0,0.0,0.0,0.3117,8.4485
ged-sat14-strips-d-10-4,0,False,696,3910,9129,13759,0,19476,3,0,0,0,0,0,0,0,0,1,1,1,0.0451,0.199,5.443,0.0244,0.0,0.0,0.0,0.274,5.9874
ged-sat14-strips-d-11-5,0,False,937,5440,12720,19126,0,27051,3,0,0,0,0,0,0,0,0,1,1,1,0.0739,0.3747,14.9365,0.0414,0.0,0.0,0.0,0.3894,15.8178
ged-sat14-strips-d-10-2,0,False,694,3910,9129,13759,0,19476,3,0,0,0,0,0,0,0,0,1,1,1,0.0467,0.1987,5.371,0.0243,0.0,0.0,0.0,0.273,5.9156
ged-sat14-strips-d-10-6,0,False,1023,6006,14049,21111,0,29852,3,0,0,0,0,0,0,0,0,1,1,1,0.0856,0.4433,20.9591,0.0493,0.0,0.0,0.0,0.452,21.9915
ged-sat14-strips-d-11-1,0,False,774,4392,10260,15450,0,21863,3,0,0,0,0,0,0,0,0,1,1,1,0.0555,0.2436,7.8823,0.0285,0.0,0.0,0.0,0.3123,8.5242
ged-sat14-strips-d-10-5,0,False,1024,6006,14049,21111,0,29852,3,0,0,0,0,0,0,0,0,1,1,1,0.0855,0.4445,20.3171,0.0488,0.0,0.0,0.0,0.4465,21.3446
ged-sat14-strips-d-11-6,0,False,851,4902,11457,17239,0,24388,3,0,0,0,0,0,0,0,0,1,1,1,0.0631,0.3033,11.0032,0.0351,0.0,0.0,0.0,0.3496,11.756
ged-sat14-strips-d-12-11,0,False,854,4902,11457,17239,0,24388,3,0,0,0,0,0,0,0,0,1,1,1,0.0622,0.3032,10.8519,0.0349,0.0,0.0,0.0,0.3556,11.6095
ged-sat14-strips-d-12-7,0,False,1315,7872,18432,27654,0,39083,3,0,0,0,0,0,0,0,0,1,1,1,0.1336,0.7478,46.284,0.0746,0.0,0.0,0.0,0.643,47.8858
ged-sat14-strips-d-3-6,0,False,775,4392,10260,15450,0,21863,3,0,0,0,0,0,0,0,0,1,1,1,0.0625,0.2481,7.7668,0.0287,0.0,0.0,0.0,0.3091,8.4172
ged-sat14-strips-d-12-2,0,False,1217,7222,16905,25375,0,35868,3,0,0,0,0,0,0,0,0,1,1,1,0.1156,0.6307,35.8013,0.066,0.0,0.0,0.0,0.5743,37.191
ged-sat14-strips-d-12-8,0,False,1530,9256,21684,32506,0,45927,3,0,0,0,0,0,0,0,0,1,1,1,0.1738,1.0182,75.0254,0.1089,0.0,0.0,0.0,0.8064,77.1364
ged-sat14-strips-d-12-5,0,False,1420,8550,20025,30031,0,42436,3,0,0,0,0,0,0,0,0,1,1,1,0.1499,0.8719,59.6587,0.0905,0.0,0.0,0.0,0.719,61.4932
ged-sat14-strips-d-12-9,0,False,1528,9256,21684,32506,0,45927,3,0,0,0,0,0,0,0,0,1,1,1,0.1812,1.0185,74.4259,0.1095,0.0,0.0,0.0,0.7999,76.5387
ged-sat14-strips-d-12-6,0,False,1213,7222,16905,25375,0,35868,3,0,0,0,0,0,0,0,0,1,1,1,0.1138,0.6326,35.4886,0.0663,0.0,0.0,0.0,0.5717,36.8761
ged-sat14-strips-d-12-3,0,False,1316,7872,18432,27654,0,39083,3,0,0,0,0,0,0,0,0,1,1,1,0.1322,0.7458,45.7498,0.0766,0.0,0.0,0.0,0.6391,47.3464
ged-sat14-strips-d-9-5,0,False,856,4902,11457,17239,0,24388,3,0,0,0,0,0,0,0,0,1,1,1,0.064,0.3024,10.7595,0.0348,0.0,0.0,0.0,0.3493,11.5116
grid-prob02,0,True,63,204,212,490,0,506,44,28,0,0,13,0,0,0,0,20,23,20,0.0314,0.0229,0.0003,0.0017,0.0,0.0012,0.0,0.066,0.1231
grid-prob04,0,True,105,419,439,977,0,948,43,88,0,0,22,0,0,0,0,23,26,23,0.9553,0.0736,0.0008,0.0015,0.0,0.0054,0.0,0.1519,1.1844
grid-prob03,0,True,95,240,248,602,0,666,47,0,0,0,0,0,0,0,0,26,26,26,0.7856,0.0551,0.0006,0.0014,0.0,0.0,0.0,0.0096,0.8531
grid-prob01,0,True,42,105,109,265,0,289,12,0,0,0,0,0,0,0,0,10,10,10,0.0236,0.0079,0.0001,0.0016,0.0,0.0,0.0,0.0061,0.04
grid-prob05,0,True,158,447,457,1096,0,1220,96,86,0,0,13,0,0,0,0,50,52,50,0.168,0.2184,0.0022,0.002,0.0,0.0051,0.0,0.1505,0.5427
gripper-prob03,0,True,16,32,49,115,0,106,48,0,0,0,0,0,0,0,0,17,17,17,0.0046,0.0003,0.0001,0.0011,0.0,0.0,0.0,0.004,0.0104
gripper-prob01,0,True,8,16,25,59,0,54,24,0,0,0,0,0,0,0,0,9,9,9,0.004,0.0001,0.0,0.0012,0.0,0.0,0.0,0.0034,0.0091
gripper-prob02,0,True,12,24,37,87,0,80,36,0,0,0,0,0,0,0,0,13,13,13,0.0048,0.0002,0.0,0.0011,0.0,0.0,0.0,0.0037,0.0102
gripper-prob11,0,True,48,96,145,339,0,314,144,0,0,0,0,0,0,0,0,49,49,49,0.0064,0.0014,0.0005,0.0014,0.0,0.0,0.0,0.0058,0.0161
gripper-prob10,0,True,44,88,133,311,0,288,132,0,0,0,0,0,0,0,0,45,45,45,0.006,0.0012,0.0004,0.0013,0.0,0.0,0.0,0.0057,0.0152
gripper-prob13,0,True,56,112,169,395,0,366,168,0,0,0,0,0,0,0,0,57,57,57,0.0071,0.0019,0.0007,0.0012,0.0,0.0,0.0,0.0066,0.0179
gripper-prob04,0,True,20,40,61,143,0,132,60,0,0,0,0,0,0,0,0,21,21,21,0.0048,0.0004,0.0001,0.001,0.0,0.0,0.0,0.0042,0.0109
gripper-prob05,0,True,24,48,73,171,0,158,72,0,0,0,0,0,0,0,0,25,25,25,0.0048,0.0005,0.0001,0.001,0.0,0.0,0.0,0.0044,0.0112
gripper-prob06,0,True,28,56,85,199,0,184,84,0,0,0,0,0,0,0,0,29,29,29,0.008,0.0006,0.0002,0.001,0.0,0.0,0.0,0.0047,0.0149
gripper-prob08,0,True,36,72,109,255,0,236,108,0,0,0,0,0,0,0,0,37,37,37,0.0056,0.0009,0.0003,0.0012,0.0,0.0,0.0,0.0053,0.0137
gripper-prob09,0,True,40,80,121,283,0,262,120,0,0,0,0,0,0,0,0,41,41,41,0.0134,0.001,0.0003,0.0011,0.0,0.0,0.0,0.0055,0.0219
gripper-prob07,0,True,32,64,97,227,0,210,96,0,0,0,0,0,0,0,0,33,33,33,0.0055,0.0007,0.0002,0.0014,0.0,0.0,0.0,0.005,0.0132
gripper-prob12,0,True,52,104,157,367,0,340,156,0,0,0,0,0,0,0,0,53,53,53,0.0063,0.0016,0.0006,0.0011,0.0,0.0,0.0,0.0061,0.0163
hiking-agl14-strips-testing-3-4-7,0,True,45,1137,4485,5721,0,5055,58,0,0,0,1,0,0,0,0,25,30,25,0.1079,0.2974,0.0143,0.0038,0.0,0.0001,0.0,0.1841,0.6101
hiking-agl14-strips-testing-3-4-6,0,True,38,948,3738,4769,0,4219,49,0,0,0,1,0,0,0,0,21,25,21,0.074,0.1407,0.0055,0.0034,0.0,0.0001,0.0,0.165,0.3906
gripper-prob17,0,True,72,144,217,507,0,470,216,0,0,0,0,0,0,0,0,73,73,73,0.0059,0.003,0.0014,0.0016,0.0,0.0,0.0,0.0074,0.0197
hiking-agl14-strips-testing-3-4-4,0,True,24,570,2244,2865,0,2517,31,0,0,0,3,0,0,0,0,13,15,13,0.0328,0.0326,0.0029,0.002,0.0,0.0001,0.0,0.1679,0.2392
hiking-agl14-strips-testing-3-4-8,0,True,52,1326,5232,6673,0,5901,68,0,0,0,1,0,0,0,0,29,35,29,0.1395,0.5064,0.0213,0.0045,0.0,0.0001,0.0,0.2053,0.8804
hiking-agl14-strips-testing-3-4-5,0,True,31,759,2991,3817,0,3363,41,0,0,0,1,0,0,0,0,17,20,17,0.0479,0.0827,0.0052,0.0029,0.0,0.0001,0.0,0.1139,0.2542
hiking-agl14-strips-testing-3-4-9,0,True,59,1515,5979,7625,0,6763,77,0,0,0,1,0,0,0,0,33,40,33,0.1822,0.6901,0.0188,0.0054,0.0,0.0001,0.0,0.2389,1.1396
gripper-prob19,0,True,80,160,241,563,0,522,240,0,0,0,0,0,0,0,0,81,81,81,0.0066,0.0036,0.0018,0.0015,0.0,0.0,0.0,0.0077,0.0219
gripper-prob16,0,True,68,136,205,479,0,444,204,0,0,0,0,0,0,0,0,69,69,69,0.0062,0.0027,0.0012,0.0012,0.0,0.0,0.0,0.0073,0.0191
hiking-agl14-strips-testing-3-4-3,0,True,17,381,1497,1913,0,1671,24,0,0,0,1,0,0,0,0,9,10,9,0.0185,0.0104,0.001,0.0016,0.0,0.0,0.0,0.0515,0.0839
gripper-prob20,0,True,84,168,253,591,0,548,252,0,0,0,0,0,0,0,0,85,85,85,0.0065,0.0039,0.0021,0.0016,0.0,0.0,0.0,0.0081,0.0228
gripper-prob18,0,True,76,152,229,535,0,496,228,0,0,0,0,0,0,0,0,77,77,77,0.0062,0.0033,0.0016,0.0014,0.0,0.0,0.0,0.0075,0.0204
gripper-prob15,0,True,64,128,193,451,0,418,192,0,0,0,0,0,0,0,0,65,65,65,0.0064,0.0024,0.001,0.0012,0.0,0.0,0.0,0.0069,0.0185
gripper-prob14,0,True,60,120,181,423,0,392,180,0,0,0,0,0,0,0,0,61,61,61,0.0062,0.0021,0.0009,0.0017,0.0,0.0,0.0,0.0067,0.0181
hiking-agl14-strips-testing-4-5-4,0,True,31,1732,6868,8667,0,7301,41,0,0,0,1,0,0,0,0,16,18,16,0.0807,0.1909,0.0146,0.0053,0.0,0.0001,0.0,0.2339,0.5278
hiking-agl14-strips-testing-5-6-4,0,True,38,4130,16430,20643,0,17065,49,0,0,0,1,0,0,0,0,19,21,19,0.1777,0.7335,0.0532,0.0118,0.0,0.0001,0.0,0.4734,1.4548
hiking-agl14-strips-testing-4-5-3,0,True,22,1156,4580,5782,0,4862,29,0,0,0,1,0,0,0,0,11,12,11,0.042,0.0463,0.0041,0.0039,0.0,0.0001,0.0,0.1636,0.2614
hiking-agl14-strips-testing-5-6-7,0,True,71,8255,32855,41271,0,34189,94,0,0,0,1,0,0,0,0,37,42,37,0.6853,8.3103,0.1238,0.029,0.0,0.0002,0.0,0.982,10.1486
hiking-agl14-strips-testing-5-6-8,0,True,82,9630,38330,48147,0,39851,109,0,0,0,1,0,0,0,0,43,49,43,0.944,19.0893,0.5308,0.0342,0.0,0.0003,0.0,0.9638,21.5848
hiking-agl14-strips-testing-4-5-9,0,True,76,4612,18308,23092,0,19516,101,0,0,0,1,0,0,0,0,41,48,41,0.5231,6.0906,0.1909,0.0157,0.0,0.0002,0.0,0.5465,7.3803
hiking-opt14-strips-ptesting-1-2-3,0,True,4,9,35,59,0,73,7,0,0,0,1,0,0,0,0,5,6,5,0.0058,0.0002,0.0,0.0015,0.0,0.0,0.0,0.005,0.013
hiking-agl14-strips-testing-5-6-6,0,True,60,6880,27380,34395,0,28475,79,0,0,0,1,0,0,0,0,31,35,31,0.4776,3.9446,0.1312,0.0225,0.0,0.0002,0.0,0.7799,5.3686
hiking-agl14-strips-testing-4-5-8,0,True,67,4036,16020,20207,0,17073,88,0,0,0,2,0,0,0,0,36,42,36,0.4006,3.7055,0.1243,0.0139,0.0,0.0003,0.0,0.6083,4.8651
hiking-agl14-strips-testing-4-5-7,0,True,58,3460,13732,17322,0,14642,76,0,0,0,2,0,0,0,0,31,36,31,0.2961,1.6934,0.0547,0.0108,0.0,0.0002,0.0,0.4864,2.5492
hiking-agl14-strips-testing-5-6-3,0,True,27,2755,10955,13767,0,11365,35,0,0,0,1,0,0,0,0,13,14,13,0.0904,0.1926,0.0183,0.0071,0.0,0.0001,0.0,0.3677,0.679
hiking-agl14-strips-testing-4-5-6,0,True,49,2884,11444,14437,0,12197,64,0,0,0,1,0,0,0,0,26,30,26,0.2045,0.8929,0.0359,0.0089,0.0,0.0001,0.0,0.3574,1.5051
hiking-agl14-strips-testing-4-5-5,0,True,40,2308,9156,11552,0,9744,52,0,0,0,2,0,0,0,0,21,24,21,0.139,0.5032,0.0303,0.0067,0.0,0.0002,0.0,0.3711,1.0539
hiking-agl14-strips-testing-5-6-5,0,True,49,5505,21905,27519,0,22757,64,0,0,0,3,0,0,0,0,25,28,25,0.3081,2.4632,0.1345,0.0159,0.0,0.0008,0.0,1.3611,4.2919
hiking-opt14-strips-ptesting-2-2-5,0,True,18,114,434,590,0,626,36,0,0,0,1,0,0,0,0,13,16,13,0.0134,0.0064,0.0005,0.0014,0.0,0.0,0.0,0.0122,0.0345
hiking-opt14-strips-ptesting-2-3-5,0,True,22,234,842,1122,0,1054,39,0,0,0,1,0,0,0,0,13,16,13,0.0282,0.0097,0.0006,0.0022,0.0,0.0,0.0,0.0254,0.0668
hiking-opt14-strips-ptesting-2-2-6,0,True,22,202,722,976,0,976,48,0,0,0,1,0,0,0,0,16,20,16,0.0176,0.0097,0.0006,0.0014,0.0,0.0,0.0,0.0203,0.0505
hiking-opt14-strips-ptesting-2-2-3,0,True,10,58,218,298,0,306,20,0,0,0,1,0,0,0,0,7,8,7,0.0195,0.0011,0.0001,0.0013,0.0,0.0,0.0,0.0076,0.0302
hiking-opt14-strips-ptesting-2-4-3,0,True,14,106,410,542,0,502,19,0,0,0,1,0,0,0,0,7,8,7,0.0102,0.0025,0.0002,0.0012,0.0,0.0,0.0,0.0118,0.0262
hiking-opt14-strips-ptesting-1-2-5,0,True,8,17,69,115,0,153,13,0,0,0,0,0,0,0,0,9,9,9,0.0196,0.0007,0.0,0.0013,0.0,0.0,0.0,0.0039,0.0259
hiking-opt14-strips-ptesting-2-2-7,0,True,26,170,650,882,0,946,52,0,0,0,2,0,0,0,0,19,24,19,0.0337,0.0205,0.001,0.0014,0.0,0.0001,0.0,0.0172,0.0746
hiking-opt14-strips-ptesting-2-2-8,0,True,30,282,1010,1364,0,1372,66,0,0,0,4,0,0,0,0,22,28,22,0.0374,0.0248,0.0012,0.0019,0.0,0.0001,0.0,0.0549,0.1211
hiking-opt14-strips-ptesting-2-3-6,0,True,27,202,782,1041,0,1031,40,0,0,0,1,0,0,0,0,16,20,16,0.0206,0.0206,0.001,0.0015,0.0,0.0,0.0,0.019,0.0636
hiking-opt14-strips-ptesting-2-3-4,0,True,17,122,470,627,0,619,22,0,0,0,1,0,0,0,0,10,12,10,0.0237,0.0044,0.0003,0.0015,0.0,0.0,0.0,0.0157,0.0463
hiking-opt14-strips-ptesting-1-2-4,0,True,6,7,34,63,0,89,8,0,0,0,0,0,0,0,0,7,7,7,0.0176,0.0004,0.0,0.0009,0.0,0.0,0.0,0.0034,0.0227
hiking-opt14-strips-ptesting-1-2-8,0,True,14,15,78,143,0,217,18,0,0,0,0,0,0,0,0,15,15,15,0.0089,0.0023,0.0001,0.001,0.0,0.0,0.0,0.0038,0.0167
hiking-opt14-strips-ptesting-2-2-4,0,True,14,86,326,444,0,466,28,0,0,0,1,0,0,0,0,10,12,10,0.012,0.003,0.0002,0.0011,0.0,0.0,0.0,0.0103,0.0271
hiking-opt14-strips-ptesting-2-3-7,0,True,32,242,938,1248,0,1252,41,0,0,0,1,0,0,0,0,19,24,19,0.2974,0.0296,0.0014,0.002,0.0,0.0,0.0,0.0281,0.3593
hiking-opt14-strips-ptesting-1-2-7,0,True,12,13,67,123,0,185,16,0,0,0,0,0,0,0,0,13,13,13,0.007,0.0016,0.0001,0.0012,0.0,0.0,0.0,0.0038,0.0141
hiking-sat14-strips-ptesting-2-4-6,0,True,32,382,1382,1826,0,1666,48,0,0,0,1,0,0,0,0,16,20,16,0.0269,0.0255,0.0012,0.0018,0.0,0.0,0.0,0.0383,0.0945
hiking-opt14-strips-ptesting-2-4-6,0,True,32,382,1382,1826,0,1666,48,0,0,0,1,0,0,0,0,16,20,16,0.028,0.0274,0.0011,0.002,0.0,0.0,0.0,0.0381,0.0974
hiking-sat14-strips-ptesting-2-4-5,0,True,26,210,818,1078,0,1030,29,0,0,0,1,0,0,0,0,13,16,13,0.0202,0.0139,0.0007,0.0014,0.0,0.0,0.0,0.0264,0.0634
hiking-opt14-strips-ptesting-2-4-7,0,True,38,314,1226,1614,0,1534,47,0,0,0,2,0,0,0,0,19,24,19,0.0392,0.0592,0.0021,0.002,0.0,0.0001,0.0,0.0284,0.1319
hiking-sat14-strips-ptesting-2-3-7,0,True,32,242,938,1248,0,1252,41,0,0,0,1,0,0,0,0,19,24,19,0.0278,0.0279,0.0013,0.0017,0.0,0.0001,0.0,0.0281,0.0876
hiking-sat14-strips-ptesting-1-2-8,0,True,14,15,78,143,0,217,18,0,0,0,0,0,0,0,0,15,15,15,0.0091,0.0024,0.0001,0.0013,0.0,0.0,0.0,0.0039,0.0172
hiking-sat14-strips-ptesting-1-2-7,0,True,12,13,67,123,0,185,16,0,0,0,0,0,0,0,0,13,13,13,0.008,0.0016,0.0001,0.0012,0.0,0.0,0.0,0.0037,0.0151
hiking-sat14-strips-ptesting-2-2-7,0,True,26,170,650,882,0,946,52,0,0,0,2,0,0,0,0,19,24,19,0.021,0.0204,0.001,0.0019,0.0,0.0001,0.0,0.0169,0.0619
hiking-sat14-strips-ptesting-2-3-6,0,True,27,202,782,1041,0,1031,40,0,0,0,1,0,0,0,0,16,20,16,0.0231,0.0206,0.001,0.0017,0.0,0.0,0.0,0.0186,0.0659
hiking-sat14-strips-ptesting-2-2-8,0,True,30,282,1010,1364,0,1372,66,0,0,0,4,0,0,0,0,22,28,22,0.0257,0.0262,0.0011,0.0018,0.0,0.0001,0.0,0.0548,0.1104
hiking-opt14-strips-ptesting-2-4-4,0,True,20,158,614,810,0,769,23,0,0,0,2,0,0,0,0,10,12,10,0.0141,0.0063,0.0004,0.0016,0.0,0.0001,0.0,0.0251,0.0482
hiking-sat14-strips-ptesting-2-4-7,0,True,38,314,1226,1614,0,1534,47,0,0,0,2,0,0,0,0,19,24,19,0.0364,0.0588,0.0021,0.0022,0.0,0.0001,0.0,0.0285,0.1291
hiking-sat14-strips-ptesting-2-2-6,0,True,22,202,722,976,0,976,48,0,0,0,1,0,0,0,0,16,20,16,0.0169,0.0097,0.0005,0.0017,0.0,0.0,0.0,0.0201,0.0497
hiking-opt14-strips-ptesting-2-4-5,0,True,26,210,818,1078,0,1030,29,0,0,0,1,0,0,0,0,13,16,13,0.0211,0.0139,0.0007,0.0017,0.0,0.0,0.0,0.0265,0.0648
hiking-sat14-strips-ptesting-2-3-8,0,True,37,282,1094,1455,0,1463,46,0,0,0,1,0,0,0,0,22,28,22,0.0363,0.044,0.002,0.0019,0.0,0.0,0.0,0.0332,0.1186
hiking-sat14-strips-ptesting-3-3-6,0,True,33,948,3513,4539,0,3984,63,0,0,0,1,0,0,0,0,21,25,21,0.0629,0.1048,0.0034,0.0035,0.0,0.0001,0.0,0.1146,0.291
logistics00-probLOGISTICS-11-0,0,True,0,37,45,135,0,144,0,0,0,0,1,0,0,0,0,45,45,45,0.0256,0.0008,0.0001,0.0012,0.0,0.0,0.0,0.0014,0.0296
hiking-sat14-strips-ptesting-3-4-5,0,True,31,759,2991,3817,0,3363,41,0,0,0,1,0,0,0,0,17,20,17,0.0524,0.0775,0.0052,0.0029,0.0,0.0001,0.0,0.1097,0.2491
hiking-sat14-strips-ptesting-3-4-6,0,True,38,948,3738,4769,0,4219,50,0,0,0,6,0,0,0,0,21,25,21,0.0816,0.1409,0.0055,0.0035,0.0,0.0003,0.0,0.3524,0.5859
hiking-sat14-strips-ptesting-3-4-8,0,True,52,1326,5232,6673,0,5901,67,0,0,0,2,0,0,0,0,29,35,29,0.1425,0.5065,0.0212,0.0049,0.0,0.0001,0.0,0.2336,0.912
hiking-sat14-strips-ptesting-3-3-7,0,True,39,1137,4215,5445,0,4785,75,0,0,0,1,0,0,0,0,25,30,25,0.0801,0.1915,0.0056,0.0037,0.0,0.0001,0.0,0.1709,0.4539
logistics00-probLOGISTICS-10-0,0,True,0,33,41,123,0,128,0,0,0,0,1,0,0,0,0,41,41,41,0.0089,0.0007,0.0001,0.0026,0.0,0.0,0.0,0.0014,0.0142
hiking-sat14-strips-ptesting-2-4-8,0,True,44,366,1430,1882,0,1813,47,0,0,0,1,0,0,0,0,22,28,22,0.0498,0.0688,0.0027,0.002,0.0,0.0,0.0,0.0443,0.169
logistics00-probLOGISTICS-12-0,0,True,0,33,39,117,0,121,0,0,0,0,1,0,0,0,0,39,39,39,0.0073,0.0008,0.0001,0.0013,0.0,0.0,0.0,0.0013,0.0112
hiking-sat14-strips-ptesting-3-4-7,0,True,45,1137,4485,5721,0,5067,58,0,0,0,2,0,0,0,0,25,30,25,0.1074,0.2576,0.0089,0.0038,0.0,0.0001,0.0,0.2311,0.6115
hiking-sat14-strips-ptesting-3-3-5,0,True,27,579,2271,2913,0,2639,40,0,0,0,4,0,0,0,0,17,20,17,0.0923,0.047,0.0021,0.0024,0.0,0.0002,0.0,0.1881,0.3332
logistics00-probLOGISTICS-12-1,0,True,0,52,63,189,0,201,0,0,0,0,1,0,0,0,0,63,63,63,0.0167,0.0012,0.0002,0.0011,0.0,0.0,0.0,0.0015,0.0212
hiking-sat14-strips-ptesting-3-3-8,0,True,45,1011,3972,5091,0,4634,68,0,0,0,1,0,0,0,0,29,35,29,0.1065,0.2649,0.009,0.0038,0.0,0.0001,0.0,0.1649,0.5518
logistics00-probLOGISTICS-10-1,0,True,0,33,39,117,0,122,0,0,0,0,1,0,0,0,0,39,39,39,0.0074,0.0007,0.0001,0.0011,0.0,0.0,0.0,0.0014,0.0112
logistics00-probLOGISTICS-11-1,0,True,0,46,55,165,0,178,0,0,0,0,1,0,0,0,0,55,55,55,0.0706,0.001,0.0001,0.0017,0.0,0.0,0.0,0.0015,0.0754
logistics00-probLOGISTICS-5-1,0,True,0,11,15,45,0,44,0,0,0,0,1,0,0,0,0,15,15,15,0.0056,0.0002,0.0,0.0012,0.0,0.0,0.0,0.0013,0.0089
logistics00-probLOGISTICS-13-0,0,True,63,220,231,577,0,712,85,0,0,0,0,0,0,0,0,67,67,67,0.007,0.0036,0.0008,0.0023,0.0,0.0,0.0,0.0097,0.0238
logistics00-probLOGISTICS-6-1,0,True,0,9,13,39,0,38,0,0,0,0,1,0,0,0,0,13,13,13,0.005,0.0002,0.0,0.0012,0.0,0.0,0.0,0.0013,0.0081
logistics00-probLOGISTICS-4-2,0,True,0,9,13,39,0,39,0,0,0,0,1,0,0,0,0,13,13,13,0.0049,0.0001,0.0,0.0013,0.0,0.0,0.0,0.0013,0.0081
logistics00-probLOGISTICS-14-1,0,True,63,216,227,569,0,701,87,0,0,0,0,0,0,0,0,67,67,67,0.0083,0.0037,0.0008,0.0016,0.0,0.0,0.0,0.0097,0.0246
logistics00-probLOGISTICS-13-1,0,True,53,183,193,483,0,592,72,0,0,0,0,0,0,0,0,57,57,57,0.008,0.003,0.0005,0.0017,0.0,0.0,0.0,0.0086,0.0225
logistics00-probLOGISTICS-4-0,0,True,0,14,19,57,0,58,0,0,0,0,1,0,0,0,0,19,19,19,0.0066,0.0002,0.0,0.0013,0.0,0.0,0.0,0.0013,0.01
logistics00-probLOGISTICS-5-0,0,True,0,20,25,75,0,78,0,0,0,0,1,0,0,0,0,25,25,25,0.0061,0.0002,0.0,0.0013,0.0,0.0,0.0,0.0013,0.0096
logistics00-probLOGISTICS-15-1,0,True,63,219,227,565,0,697,85,0,0,0,0,0,0,0,0,63,63,63,0.0083,0.0038,0.0007,0.0015,0.0,0.0,0.0,0.0098,0.0246
logistics00-probLOGISTICS-14-0,0,True,48,162,171,433,0,524,60,0,0,0,0,0,0,0,0,55,55,55,0.0078,0.0028,0.0005,0.0013,0.0,0.0,0.0,0.0075,0.0204
logistics00-probLOGISTICS-15-0,0,True,68,233,243,609,0,751,89,0,0,0,0,0,0,0,0,71,71,71,0.01,0.0043,0.0009,0.0015,0.0,0.0,0.0,0.0103,0.0276
logistics00-probLOGISTICS-5-2,0,True,0,6,8,24,0,22,0,0,0,0,1,0,0,0,0,8,8,8,0.0067,0.0001,0.0,0.0012,0.0,0.0,0.0,0.0013,0.0099
logistics00-probLOGISTICS-4-1,0,True,0,13,17,51,0,51,0,0,0,0,1,0,0,0,0,17,17,17,0.0056,0.0002,0.0,0.0012,0.0,0.0,0.0,0.0013,0.0088
logistics00-probLOGISTICS-6-2,0,True,0,19,23,69,0,71,0,0,0,0,1,0,0,0,0,23,23,23,0.0048,0.0002,0.0,0.0011,0.0,0.0,0.0,0.0014,0.0081
logistics00-probLOGISTICS-6-0,0,True,0,19,23,69,0,71,0,0,0,0,1,0,0,0,0,23,23,23,0.0045,0.0002,0.0,0.001,0.0,0.0,0.0,0.0014,0.0076
logistics98-prob02,0,True,96,395,401,915,0,1178,49,0,0,0,0,0,0,0,0,28,28,28,0.009,0.0046,0.0007,0.0019,0.0,0.0,0.0,0.0174,0.0343
logistics00-probLOGISTICS-8-0,0,True,0,24,29,87,0,89,0,0,0,0,1,0,0,0,0,29,29,29,0.0056,0.0004,0.0001,0.0011,0.0,0.0,0.0,0.0013,0.0089
logistics00-probLOGISTICS-7-0,0,True,0,28,33,99,0,103,0,0,0,0,1,0,0,0,0,33,33,33,0.0049,0.0004,0.0001,0.0013,0.0,0.0,0.0,0.0014,0.0085
logistics98-prob01,0,True,40,118,121,298,0,364,43,0,0,0,0,0,0,0,0,24,24,24,0.0055,0.0011,0.0002,0.0011,0.0,0.0,0.0,0.0067,0.015
logistics00-probLOGISTICS-6-9,0,True,0,16,21,63,0,65,0,0,0,0,1,0,0,0,0,21,21,21,0.0051,0.0002,0.0,0.001,0.0,0.0,0.0,0.0012,0.0082
logistics00-probLOGISTICS-7-1,0,True,0,33,39,117,0,124,0,0,0,0,1,0,0,0,0,39,39,39,0.0046,0.0005,0.0001,0.0017,0.0,0.0,0.0,0.0013,0.0087
logistics00-probLOGISTICS-9-1,0,True,0,24,29,87,0,89,0,0,0,0,1,0,0,0,0,29,29,29,0.0055,0.0004,0.0001,0.0013,0.0,0.0,0.0,0.0013,0.009
logistics00-probLOGISTICS-9-0,0,True,0,27,33,99,0,104,0,0,0,0,1,0,0,0,0,33,33,33,0.0053,0.0005,0.0001,0.001,0.0,0.0,0.0,0.0014,0.0087
logistics98-prob08,0,True,233,1067,1069,2389,0,3189,81,0,0,0,0,0,0,0,0,37,37,37,0.033,0.0314,0.0034,0.0028,0.0,0.0,0.0,0.0409,0.1124
logistics98-prob04,0,True,225,1038,1041,2337,0,3067,99,0,0,0,0,0,0,0,0,53,53,53,0.0272,0.0301,0.0053,0.0028,0.0,0.0,0.0,0.039,0.105
logistics00-probLOGISTICS-8-1,0,True,0,34,41,123,0,129,0,0,0,0,1,0,0,0,0,41,41,41,0.0057,0.0006,0.0001,0.0011,0.0,0.0,0.0,0.0014,0.0093
logistics98-prob05,0,True,11,31,32,93,0,86,18,0,0,0,0,0,0,0,0,22,22,22,0.0056,0.0007,0.0001,0.0013,0.0,0.0,0.0,0.0034,0.0115
logistics98-prob03,0,True,151,718,721,1630,0,2155,66,0,0,0,0,0,0,0,0,50,50,50,0.0185,0.0156,0.0032,0.002,0.0,0.0,0.0,0.0271,0.0671
logistics98-prob07,0,True,150,781,788,1744,0,2301,55,0,0,0,0,0,0,0,0,29,29,29,0.0138,0.0111,0.0013,0.0022,0.0,0.0,0.0,0.0321,0.0612
logistics98-prob06,0,True,231,710,712,1689,0,2156,121,0,0,0,0,0,0,0,0,65,65,65,0.0417,0.037,0.005,0.0028,0.0,0.0,0.0,0.0289,0.1162
logistics98-prob17,0,True,270,792,792,1870,0,2137,115,0,0,0,0,0,0,0,0,42,42,42,0.0239,0.0241,0.0048,0.0024,0.0,0.0,0.0,0.0311,0.0871
logistics98-prob09,0,True,372,1372,1375,3155,0,4028,184,0,0,0,0,0,0,0,0,75,75,75,0.0779,0.0853,0.0135,0.0041,0.0,0.0,0.0,0.0564,0.2382
logistics98-prob10,0,True,463,2749,2769,6063,0,8463,118,0,0,0,0,0,0,0,0,93,93,93,0.0836,0.1332,0.0193,0.008,0.0,0.0,0.0,0.1117,0.3569
logistics98-prob12,0,True,490,2687,2688,5880,0,7846,96,0,0,0,0,0,0,0,0,37,37,37,0.1274,0.1581,0.0137,0.0075,0.0,0.0,0.0,0.0804,0.3887
logistics98-prob21,0,True,827,4698,4700,10264,0,13760,241,0,0,0,0,0,0,0,0,95,95,95,0.3194,0.4742,0.0753,0.0165,0.0,0.0,0.0,0.2266,1.1145
logistics98-prob13,0,True,551,4372,4377,9351,0,12999,77,0,0,0,1,0,0,0,0,65,66,65,0.1799,0.2638,0.0337,0.0122,0.0,0.0002,0.0,0.1426,0.6341
logistics98-prob23,0,True,324,1311,1313,2995,0,3888,275,0,0,0,0,0,0,0,0,99,99,99,0.0433,0.0624,0.0144,0.0038,0.0,0.0,0.0,0.0524,0.1773
logistics98-prob11,0,True,133,351,351,845,0,931,75,0,0,0,0,0,0,0,0,27,27,27,0.0142,0.0068,0.001,0.0016,0.0,0.0,0.0,0.0159,0.0402
logistics98-prob16,0,True,411,2287,2287,5005,0,6622,144,0,0,0,0,0,0,0,0,52,52,52,0.0546,0.0794,0.0133,0.0061,0.0,0.0,0.0,0.0871,0.2415
logistics98-prob22,0,True,1762,13325,13331,28539,0,40391,593,6,0,0,3,0,0,0,0,252,255,252,2.1338,3.6464,0.5426,0.0805,0.0,0.1698,0.0,1.4823,7.8904
logistics98-prob20,0,True,826,6663,6672,14258,0,19729,199,0,0,0,1,0,0,0,0,128,129,128,0.5687,0.7404,0.1111,0.023,0.0,0.0004,0.0,0.3376,1.7836
logistics98-prob15,0,True,182,663,667,1571,0,1947,147,0,0,0,0,0,0,0,0,82,82,82,0.0146,0.0174,0.0042,0.0024,0.0,0.0,0.0,0.0295,0.0689
logistics98-prob18,0,True,1058,11828,11842,24854,0,35575,149,0,0,0,0,0,0,0,0,152,152,152,0.5462,1.2981,0.2048,0.0479,0.0,0.0,0.0,1.2011,3.3016
logistics98-prob14,0,True,441,2778,2780,6035,0,8156,220,0,0,0,0,0,0,0,0,80,80,80,0.1044,0.1357,0.0212,0.0074,0.0,0.0,0.0,0.0878,0.3577
logistics98-prob19,0,True,869,4452,4452,9821,0,13071,363,0,0,0,0,0,0,0,0,130,130,130,0.2606,0.4573,0.0888,0.0166,0.0,0.0,0.0,0.2431,1.0687
logistics98-prob25,0,True,1301,12993,13008,27450,0,38703,186,0,0,0,0,0,0,0,0,177,177,177,2.1776,3.0511,0.4597,0.0616,0.0,0.0,0.0,0.6768,6.4315
logistics98-prob30,0,True,1421,4875,4875,11210,0,14269,339,0,0,0,0,0,0,0,0,124,124,124,1.8255,1.8505,0.2318,0.028,0.0,0.0,0.0,0.1759,4.1157
logistics98-prob31,0,True,13,32,34,90,0,94,16,0,0,0,0,0,0,0,0,12,12,12,0.0052,0.0003,0.0,0.0014,0.0,0.0,0.0,0.0038,0.0112
miconic-s1-2,0,True,0,2,3,9,0,8,0,0,0,0,1,0,0,0,0,3,3,3,0.0044,0.0001,0.0,0.001,0.0,0.0,0.0,0.0012,0.0072
logistics98-prob28,0,True,3078,14227,14228,31620,0,42209,671,7,0,0,4,0,0,0,0,243,245,243,11.162,12.8895,1.7375,0.1452,0.0,0.9794,0.0,2.229,28.1735
logistics98-prob35,0,True,19,56,56,156,0,151,18,0,0,0,0,0,0,0,0,29,29,29,0.0083,0.0017,0.0001,0.001,0.0,0.0,0.0,0.004,0.0158
miconic-s1-1,0,True,0,2,3,9,0,8,0,0,0,0,1,0,0,0,0,3,3,3,0.0054,0.0,0.0,0.001,0.0,0.0,0.0,0.0013,0.0082
miconic-s1-0,0,True,0,2,3,9,0,8,0,0,0,0,1,0,0,0,0,3,3,3,0.0051,0.0,0.0,0.0009,0.0,0.0,0.0,0.0012,0.0076
logistics98-prob24,0,True,665,2170,2170,5017,0,6055,110,0,0,0,0,0,0,0,0,39,39,39,0.1504,0.2071,0.0236,0.0077,0.0,0.0,0.0,0.0666,0.4572
logistics98-prob26,0,True,1642,5998,6010,13738,0,19193,410,0,0,0,2,0,0,0,0,175,177,175,1.0742,1.4827,0.2867,0.0372,0.0,0.0012,0.0,0.2737,3.1575
logistics98-prob33,0,True,22,51,51,141,0,138,39,0,0,0,0,0,0,0,0,25,25,25,0.0067,0.0008,0.0001,0.001,0.0,0.0,0.0,0.0043,0.0133
logistics98-prob29,0,True,1953,23446,23462,49036,0,70663,534,2,0,0,3,0,0,0,0,274,282,274,2.0156,7.0637,0.8921,0.1554,0.0,0.3946,0.0,9.3842,19.5189
logistics98-prob27,0,True,1001,5386,5393,11853,0,16010,295,0,0,0,1,0,0,0,0,135,136,135,0.8409,0.9507,0.1327,0.0222,0.0,0.0004,0.0,0.3361,2.2853
logistics98-prob32,0,True,12,32,32,88,0,90,30,0,0,0,0,0,0,0,0,18,18,18,0.0046,0.0003,0.0,0.0009,0.0,0.0,0.0,0.0038,0.0101
logistics98-prob34,0,True,99,244,244,602,0,694,121,0,0,0,0,0,0,0,0,42,42,42,0.0071,0.0037,0.0009,0.0021,0.0,0.0,0.0,0.0126,0.027
miconic-s11-0,0,True,7,43,43,129,0,117,0,0,0,0,0,0,0,0,0,36,36,36,0.0057,0.0011,0.0001,0.0012,0.0,0.0,0.0,0.0022,0.0109
miconic-s10-3,0,True,5,39,39,117,0,108,0,0,0,0,0,0,0,0,0,34,34,34,0.0057,0.0008,0.0001,0.001,0.0,0.0,0.0,0.0021,0.0102
miconic-s10-4,0,True,7,39,39,117,0,106,0,0,0,0,0,0,0,0,0,32,32,32,0.0055,0.0008,0.0001,0.0012,0.0,0.0,0.0,0.0022,0.0103
miconic-s10-0,0,True,6,39,39,117,0,107,0,0,0,0,0,0,0,0,0,33,33,33,0.0059,0.0008,0.0001,0.0012,0.0,0.0,0.0,0.0022,0.0108
miconic-s11-3,0,True,6,43,43,129,0,119,0,0,0,0,0,0,0,0,0,37,37,37,0.0055,0.001,0.0001,0.0015,0.0,0.0,0.0,0.0023,0.0109
miconic-s1-4,0,True,0,2,3,9,0,8,0,0,0,0,1,0,0,0,0,3,3,3,0.0043,0.0,0.0,0.0012,0.0,0.0,0.0,0.0012,0.0073
miconic-s12-0,0,True,7,47,47,141,0,130,0,0,0,0,0,0,0,0,0,40,40,40,0.0064,0.0013,0.0002,0.0009,0.0,0.0,0.0,0.0023,0.0115
miconic-s11-1,0,True,9,43,43,129,0,118,0,0,0,0,0,0,0,0,0,34,34,34,0.0058,0.001,0.0001,0.0011,0.0,0.0,0.0,0.0022,0.0107
miconic-s11-4,0,True,9,43,43,129,0,118,0,0,0,0,0,0,0,0,0,34,34,34,0.0054,0.0011,0.0001,0.0011,0.0,0.0,0.0,0.0022,0.0103
miconic-s1-3,0,True,0,2,3,9,0,8,0,0,0,0,1,0,0,0,0,3,3,3,0.0046,0.0,0.0,0.0009,0.0,0.0,0.0,0.0012,0.0071
miconic-s10-1,0,True,7,39,39,117,0,105,0,0,0,0,0,0,0,0,0,32,32,32,0.0057,0.0008,0.0001,0.001,0.0,0.0,0.0,0.0022,0.0103
miconic-s11-2,0,True,6,43,43,129,0,118,0,0,0,0,0,0,0,0,0,37,37,37,0.0068,0.001,0.0001,0.0013,0.0,0.0,0.0,0.0022,0.012
miconic-s10-2,0,True,8,39,39,117,0,106,0,0,0,0,0,0,0,0,0,31,31,31,0.0057,0.0008,0.0001,0.0013,0.0,0.0,0.0,0.0023,0.0106
miconic-s14-2,0,True,6,55,55,165,0,151,0,0,0,0,0,0,0,0,0,49,49,49,0.0066,0.0018,0.0002,0.0011,0.0,0.0,0.0,0.0022,0.0125
miconic-s14-1,0,True,8,55,55,165,0,152,0,0,0,0,0,0,0,0,0,47,47,47,0.0063,0.0019,0.0002,0.001,0.0,0.0,0.0,0.0022,0.0121
miconic-s13-2,0,True,5,51,51,153,0,141,0,0,0,0,0,0,0,0,0,46,46,46,0.0061,0.0016,0.0002,0.0011,0.0,0.0,0.0,0.0022,0.0117
miconic-s13-1,0,True,10,51,51,153,0,141,0,0,0,0,0,0,0,0,0,41,41,41,0.0063,0.0015,0.0002,0.0013,0.0,0.0,0.0,0.0023,0.0121
miconic-s13-0,0,True,8,51,51,153,0,140,0,0,0,0,0,0,0,0,0,43,43,43,0.006,0.0015,0.0002,0.001,0.0,0.0,0.0,0.0023,0.0115
miconic-s13-3,0,True,8,51,51,153,0,141,0,0,0,0,0,0,0,0,0,43,43,43,0.0063,0.0015,0.0002,0.0012,0.0,0.0,0.0,0.0022,0.0119
miconic-s12-2,0,True,8,47,47,141,0,127,0,0,0,0,0,0,0,0,0,39,39,39,0.0056,0.0013,0.0001,0.0012,0.0,0.0,0.0,0.0022,0.0108
miconic-s12-3,0,True,9,47,47,141,0,128,0,0,0,0,0,0,0,0,0,38,38,38,0.0052,0.0013,0.0002,0.001,0.0,0.0,0.0,0.0023,0.0105
miconic-s14-4,0,True,10,55,55,165,0,151,0,0,0,0,0,0,0,0,0,45,45,45,0.0061,0.0019,0.0002,0.0013,0.0,0.0,0.0,0.0023,0.0122
miconic-s13-4,0,True,10,51,51,153,0,140,0,0,0,0,0,0,0,0,0,41,41,41,0.0057,0.0015,0.0002,0.0009,0.0,0.0,0.0,0.0023,0.0111
miconic-s12-1,0,True,7,47,47,141,0,130,0,0,0,0,0,0,0,0,0,40,40,40,0.0056,0.0013,0.0002,0.0009,0.0,0.0,0.0,0.0023,0.0106
miconic-s14-3,0,True,13,55,55,165,0,151,0,0,0,0,0,0,0,0,0,42,42,42,0.0211,0.0019,0.0002,0.0011,0.0,0.0,0.0,0.0024,0.027
miconic-s14-0,0,True,10,55,55,165,0,151,0,0,0,0,0,0,0,0,0,45,45,45,0.0079,0.0018,0.0002,0.0012,0.0,0.0,0.0,0.0023,0.0139
miconic-s12-4,0,True,6,47,47,141,0,130,0,0,0,0,0,0,0,0,0,41,41,41,0.0197,0.0013,0.0001,0.0011,0.0,0.0,0.0,0.0023,0.025
miconic-s16-2,0,True,9,63,63,189,0,173,0,0,0,0,0,0,0,0,0,54,54,54,0.0074,0.0026,0.0003,0.0012,0.0,0.0,0.0,0.0023,0.0142
miconic-s15-4,0,True,13,59,59,177,0,161,0,0,0,0,0,0,0,0,0,46,46,46,0.0074,0.0022,0.0003,0.001,0.0,0.0,0.0,0.0024,0.0138
miconic-s15-0,0,True,13,59,59,177,0,162,0,0,0,0,0,0,0,0,0,46,46,46,0.0069,0.0022,0.0003,0.0014,0.0,0.0,0.0,0.0024,0.0136
miconic-s17-1,0,True,13,67,67,201,0,184,0,0,0,0,0,0,0,0,0,54,54,54,0.0088,0.003,0.0003,0.001,0.0,0.0,0.0,0.0023,0.016
miconic-s16-0,0,True,10,63,63,189,0,174,0,0,0,0,0,0,0,0,0,53,53,53,0.0092,0.0026,0.0003,0.0012,0.0,0.0,0.0,0.0023,0.016
miconic-s17-4,0,True,13,67,67,201,0,184,0,0,0,0,0,0,0,0,0,54,54,54,0.0197,0.003,0.0003,0.0012,0.0,0.0,0.0,0.0023,0.0271
miconic-s15-2,0,True,10,59,59,177,0,161,0,0,0,0,0,0,0,0,0,49,49,49,0.0182,0.0022,0.0002,0.001,0.0,0.0,0.0,0.0023,0.0244
miconic-s17-0,0,True,12,67,67,201,0,184,0,0,0,0,0,0,0,0,0,55,55,55,0.0076,0.003,0.0003,0.001,0.0,0.0,0.0,0.0023,0.0148
miconic-s16-1,0,True,11,63,63,189,0,173,0,0,0,0,0,0,0,0,0,52,52,52,0.0188,0.0026,0.0003,0.0011,0.0,0.0,0.0,0.0024,0.0256
miconic-s16-4,0,True,10,63,63,189,0,173,0,0,0,0,0,0,0,0,0,53,53,53,0.007,0.0027,0.0003,0.001,0.0,0.0,0.0,0.0023,0.0138
miconic-s17-2,0,True,13,67,67,201,0,184,0,0,0,0,0,0,0,0,0,54,54,54,0.008,0.003,0.0003,0.001,0.0,0.0,0.0,0.0023,0.0153
miconic-s15-1,0,True,10,59,59,177,0,160,0,0,0,0,0,0,0,0,0,49,49,49,0.0069,0.0022,0.0002,0.0012,0.0,0.0,0.0,0.0022,0.0133
miconic-s17-3,0,True,8,67,67,201,0,184,0,0,0,0,0,0,0,0,0,59,59,59,0.0072,0.0031,0.0003,0.001,0.0,0.0,0.0,0.0023,0.0144
miconic-s15-3,0,True,9,59,59,177,0,163,0,0,0,0,0,0,0,0,0,50,50,50,0.0066,0.0022,0.0003,0.0013,0.0,0.0,0.0,0.0023,0.0132
miconic-s16-3,0,True,12,63,63,189,0,171,0,0,0,0,0,0,0,0,0,51,51,51,0.0084,0.0026,0.0003,0.0013,0.0,0.0,0.0,0.0023,0.0154
miconic-s18-2,0,True,13,71,71,213,0,196,0,0,0,0,0,0,0,0,0,58,58,58,0.0079,0.0035,0.0004,0.0013,0.0,0.0,0.0,0.0023,0.0159
miconic-s19-1,0,True,10,75,75,225,0,207,0,0,0,0,0,0,0,0,0,65,65,65,0.0078,0.0041,0.0004,0.0013,0.0,0.0,0.0,0.0024,0.0164
miconic-s2-4,0,True,1,7,7,21,0,19,0,0,0,0,0,0,0,0,0,6,6,6,0.0046,0.0001,0.0,0.001,0.0,0.0,0.0,0.0021,0.0083
miconic-s19-3,0,True,12,75,75,225,0,206,0,0,0,0,0,0,0,0,0,63,63,63,0.0086,0.0042,0.0005,0.001,0.0,0.0,0.0,0.0024,0.0171
miconic-s19-2,0,True,14,75,75,225,0,206,0,0,0,0,0,0,0,0,0,61,61,61,0.0083,0.004,0.0004,0.001,0.0,0.0,0.0,0.0023,0.0166
miconic-s2-0,0,True,0,7,7,21,0,20,0,0,0,0,1,0,0,0,0,7,7,7,0.0043,0.0001,0.0,0.0012,0.0,0.0,0.0,0.0012,0.0073
miconic-s18-0,0,True,12,71,71,213,0,196,0,0,0,0,0,0,0,0,0,59,59,59,0.0083,0.0035,0.0004,0.0013,0.0,0.0,0.0,0.0024,0.0164
miconic-s18-1,0,True,13,71,71,213,0,195,0,0,0,0,0,0,0,0,0,58,58,58,0.0085,0.0037,0.0004,0.0012,0.0,0.0,0.0,0.0023,0.0166
miconic-s18-4,0,True,15,71,71,213,0,194,0,0,0,0,0,0,0,0,0,56,56,56,0.0079,0.0035,0.0004,0.001,0.0,0.0,0.0,0.0023,0.0155
miconic-s2-2,0,True,1,7,7,21,0,18,0,0,0,0,0,0,0,0,0,6,6,6,0.0044,0.0001,0.0,0.0014,0.0,0.0,0.0,0.0021,0.0083
miconic-s2-3,0,True,0,7,7,21,0,20,0,0,0,0,1,0,0,0,0,7,7,7,0.0049,0.0001,0.0,0.0009,0.0,0.0,0.0,0.0013,0.0077
miconic-s18-3,0,True,12,71,71,213,0,195,0,0,0,0,0,0,0,0,0,59,59,59,0.0074,0.0035,0.0004,0.0013,0.0,0.0,0.0,0.0024,0.0154
miconic-s19-0,0,True,13,75,75,225,0,207,0,0,0,0,0,0,0,0,0,62,62,62,0.0075,0.0042,0.0005,0.001,0.0,0.0,0.0,0.0024,0.016
miconic-s2-1,0,True,1,7,7,21,0,18,0,0,0,0,0,0,0,0,0,6,6,6,0.0044,0.0001,0.0,0.0012,0.0,0.0,0.0,0.0021,0.0082
miconic-s19-4,0,True,13,75,75,225,0,206,0,0,0,0,0,0,0,0,0,62,62,62,0.0083,0.0041,0.0004,0.0013,0.0,0.0,0.0,0.0023,0.017
miconic-s20-3,0,True,16,79,79,237,0,218,0,0,0,0,0,0,0,0,0,63,63,63,0.0092,0.0046,0.0005,0.0013,0.0,0.0,0.0,0.0023,0.0184
miconic-s21-0,0,True,14,83,83,249,0,228,0,0,0,0,0,0,0,0,0,69,69,69,0.0102,0.0053,0.0005,0.0012,0.0,0.0,0.0,0.0024,0.0202
miconic-s20-4,0,True,15,79,79,237,0,216,0,0,0,0,0,0,0,0,0,64,64,64,0.0101,0.0048,0.0005,0.0012,0.0,0.0,0.0,0.0024,0.0194
miconic-s21-1,0,True,14,83,83,249,0,228,0,0,0,0,0,0,0,0,0,69,69,69,0.0104,0.0055,0.0006,0.001,0.0,0.0,0.0,0.0024,0.0205
miconic-s20-1,0,True,13,79,79,237,0,217,0,0,0,0,0,0,0,0,0,66,66,66,0.0091,0.0048,0.0005,0.001,0.0,0.0,0.0,0.0023,0.0182
miconic-s22-1,0,True,17,87,87,261,0,239,0,0,0,0,0,0,0,0,0,70,70,70,0.0093,0.0062,0.0007,0.0016,0.0,0.0,0.0,0.0023,0.0207
miconic-s21-2,0,True,14,83,83,249,0,228,0,0,0,0,0,0,0,0,0,69,69,69,0.0095,0.0053,0.0006,0.0012,0.0,0.0,0.0,0.0024,0.0196
miconic-s21-3,0,True,17,83,83,249,0,227,0,0,0,0,0,0,0,0,0,66,66,66,0.009,0.0054,0.0005,0.0018,0.0,0.0,0.0,0.0025,0.0197
miconic-s20-2,0,True,17,79,79,237,0,216,0,0,0,0,0,0,0,0,0,62,62,62,0.0088,0.0046,0.0005,0.0015,0.0,0.0,0.0,0.0024,0.0183
miconic-s22-2,0,True,16,87,87,261,0,240,0,0,0,0,0,0,0,0,0,71,71,71,0.01,0.0061,0.0006,0.0013,0.0,0.0,0.0,0.0024,0.0209
miconic-s22-3,0,True,12,87,87,261,0,238,0,0,0,0,0,0,0,0,0,75,75,75,0.0085,0.0061,0.0006,0.0013,0.0,0.0,0.0,0.0024,0.0193
miconic-s21-4,0,True,13,83,83,249,0,227,0,0,0,0,0,0,0,0,0,70,70,70,0.0091,0.0054,0.0005,0.0014,0.0,0.0,0.0,0.0025,0.0194
miconic-s20-0,0,True,16,79,79,237,0,218,0,0,0,0,0,0,0,0,0,63,63,63,0.0088,0.0047,0.0005,0.001,0.0,0.0,0.0,0.0024,0.0179
miconic-s22-4,0,True,16,87,87,261,0,239,0,0,0,0,0,0,0,0,0,71,71,71,0.0099,0.0061,0.0006,0.0014,0.0,0.0,0.0,0.0024,0.0209
miconic-s22-0,0,True,15,87,87,261,0,239,0,0,0,0,0,0,0,0,0,72,72,72,0.0101,0.0062,0.0007,0.0013,0.0,0.0,0.0,0.0023,0.0211
miconic-s23-4,0,True,17,91,91,273,0,251,0,0,0,0,0,0,0,0,0,74,74,74,0.0136,0.0071,0.001,0.0013,0.0,0.0,0.0,0.0024,0.0259
miconic-s25-0,0,True,18,99,99,297,0,273,0,0,0,0,0,0,0,0,0,81,81,81,0.0134,0.0087,0.0008,0.0014,0.0,0.0,0.0,0.0025,0.0274
miconic-s24-3,0,True,16,95,95,285,0,260,0,0,0,0,0,0,0,0,0,79,79,79,0.0119,0.0078,0.0007,0.0011,0.0,0.0,0.0,0.0024,0.0246
miconic-s24-2,0,True,18,95,95,285,0,260,0,0,0,0,0,0,0,0,0,77,77,77,0.0128,0.0078,0.0008,0.0011,0.0,0.0,0.0,0.0025,0.0256
miconic-s23-3,0,True,20,91,91,273,0,251,0,0,0,0,0,0,0,0,0,71,71,71,0.0103,0.0069,0.0007,0.0013,0.0,0.0,0.0,0.0024,0.0222
miconic-s24-1,0,True,17,95,95,285,0,262,0,0,0,0,0,0,0,0,0,78,78,78,0.0125,0.0078,0.0007,0.0012,0.0,0.0,0.0,0.0024,0.0252
miconic-s23-1,0,True,17,91,91,273,0,250,0,0,0,0,0,0,0,0,0,74,74,74,0.0126,0.0069,0.0007,0.001,0.0,0.0,0.0,0.0024,0.0242
miconic-s24-0,0,True,16,95,95,285,0,262,0,0,0,0,0,0,0,0,0,79,79,79,0.0121,0.008,0.0008,0.0012,0.0,0.0,0.0,0.0024,0.025
miconic-s25-2,0,True,21,99,99,297,0,272,0,0,0,0,0,0,0,0,0,78,78,78,0.0128,0.0087,0.0008,0.0011,0.0,0.0,0.0,0.0024,0.0265
miconic-s24-4,0,True,18,95,95,285,0,260,0,0,0,0,0,0,0,0,0,77,77,77,0.0124,0.0077,0.0007,0.0012,0.0,0.0,0.0,0.0024,0.025
miconic-s25-1,0,True,14,99,99,297,0,273,0,0,0,0,0,0,0,0,0,85,85,85,0.012,0.0089,0.0009,0.0012,0.0,0.0,0.0,0.0024,0.0261
miconic-s25-4,0,True,17,99,99,297,0,271,0,0,0,0,0,0,0,0,0,82,82,82,0.013,0.0087,0.0008,0.0011,0.0,0.0,0.0,0.0024,0.0266
miconic-s25-3,0,True,15,99,99,297,0,271,0,0,0,0,0,0,0,0,0,84,84,84,0.0125,0.0087,0.0008,0.0014,0.0,0.0,0.0,0.0024,0.0264
miconic-s23-2,0,True,18,91,91,273,0,251,0,0,0,0,0,0,0,0,0,73,73,73,0.0114,0.0069,0.0007,0.0014,0.0,0.0,0.0,0.0024,0.0233
miconic-s23-0,0,True,16,91,91,273,0,250,0,0,0,0,0,0,0,0,0,75,75,75,0.0101,0.0069,0.0007,0.0013,0.0,0.0,0.0,0.0024,0.022
miconic-s27-2,0,True,20,107,107,321,0,294,0,0,0,0,0,0,0,0,0,87,87,87,0.0151,0.0109,0.0011,0.0013,0.0,0.0,0.0,0.0024,0.0315
miconic-s27-4,0,True,19,107,107,321,0,293,0,0,0,0,0,0,0,0,0,88,88,88,0.0146,0.0109,0.001,0.0014,0.0,0.0,0.0,0.0025,0.031
miconic-s28-0,0,True,17,111,111,333,0,304,0,0,0,0,0,0,0,0,0,94,94,94,0.015,0.0121,0.0011,0.0011,0.0,0.0,0.0,0.0025,0.0325
miconic-s26-3,0,True,15,103,103,309,0,284,0,0,0,0,0,0,0,0,0,88,88,88,0.014,0.01,0.0009,0.0015,0.0,0.0,0.0,0.0024,0.0294
miconic-s26-4,0,True,21,103,103,309,0,282,0,0,0,0,0,0,0,0,0,82,82,82,0.0133,0.01,0.0011,0.0011,0.0,0.0,0.0,0.0024,0.0286
miconic-s28-3,0,True,24,111,111,333,0,305,0,0,0,0,0,0,0,0,0,87,87,87,0.0152,0.0121,0.0011,0.0011,0.0,0.0,0.0,0.0025,0.0326
miconic-s27-0,0,True,20,107,107,321,0,293,0,0,0,0,0,0,0,0,0,87,87,87,0.0169,0.0109,0.001,0.0011,0.0,0.0,0.0,0.0025,0.033
miconic-s28-1,0,True,19,111,111,333,0,306,0,0,0,0,0,0,0,0,0,92,92,92,0.0159,0.0121,0.0011,0.0017,0.0,0.0,0.0,0.0025,0.034
miconic-s26-2,0,True,13,103,103,309,0,284,0,0,0,0,0,0,0,0,0,90,90,90,0.0152,0.01,0.0009,0.0012,0.0,0.0,0.0,0.0024,0.0304
miconic-s26-1,0,True,20,103,103,309,0,284,0,0,0,0,0,0,0,0,0,83,83,83,0.0142,0.01,0.001,0.0011,0.0,0.0,0.0,0.0024,0.0294
miconic-s28-2,0,True,18,111,111,333,0,305,0,0,0,0,0,0,0,0,0,93,93,93,0.0154,0.0121,0.0011,0.0013,0.0,0.0,0.0,0.0025,0.0331
miconic-s26-0,0,True,20,103,103,309,0,283,0,0,0,0,0,0,0,0,0,83,83,83,0.0137,0.01,0.001,0.0011,0.0,0.0,0.0,0.0025,0.0288
miconic-s28-4,0,True,19,111,111,333,0,306,0,0,0,0,0,0,0,0,0,92,92,92,0.0176,0.0121,0.0011,0.0014,0.0,0.0,0.0,0.0025,0.0353
miconic-s27-3,0,True,18,107,107,321,0,295,0,0,0,0,0,0,0,0,0,89,89,89,0.0136,0.0109,0.001,0.0013,0.0,0.0,0.0,0.0025,0.0299
miconic-s27-1,0,True,16,107,107,321,0,294,0,0,0,0,0,0,0,0,0,91,91,91,0.0143,0.0109,0.001,0.0011,0.0,0.0,0.0,0.0025,0.0305
miconic-s30-2,0,True,23,119,119,357,0,326,0,0,0,0,0,0,0,0,0,96,96,96,0.0161,0.0156,0.0015,0.0013,0.0,0.0,0.0,0.0025,0.0377
miconic-s30-3,0,True,19,119,119,357,0,327,0,0,0,0,0,0,0,0,0,100,100,100,0.0161,0.0151,0.0014,0.0011,0.0,0.0,0.0,0.0025,0.0369
miconic-s29-3,0,True,19,115,115,345,0,316,0,0,0,0,0,0,0,0,0,96,96,96,0.0162,0.0134,0.0012,0.0011,0.0,0.0,0.0,0.0025,0.0351
miconic-s29-2,0,True,20,115,115,345,0,317,0,0,0,0,0,0,0,0,0,95,95,95,0.0164,0.0134,0.0012,0.0013,0.0,0.0,0.0,0.0025,0.0354
miconic-s30-0,0,True,24,119,119,357,0,327,0,0,0,0,0,0,0,0,0,95,95,95,0.016,0.0148,0.0013,0.001,0.0,0.0,0.0,0.0024,0.0362
miconic-s29-1,0,True,24,115,115,345,0,316,0,0,0,0,0,0,0,0,0,91,91,91,0.0157,0.0138,0.0014,0.0011,0.0,0.0,0.0,0.0025,0.0351
miconic-s30-1,0,True,21,119,119,357,0,327,0,0,0,0,0,0,0,0,0,98,98,98,0.0156,0.0148,0.0013,0.0014,0.0,0.0,0.0,0.0025,0.0363
miconic-s3-0,0,True,1,11,11,33,0,31,0,0,0,0,0,0,0,0,0,10,10,10,0.0056,0.0001,0.0,0.0014,0.0,0.0,0.0,0.0021,0.0098
miconic-s3-3,0,True,2,11,11,33,0,29,0,0,0,0,0,0,0,0,0,9,9,9,0.0045,0.0001,0.0,0.0013,0.0,0.0,0.0,0.0021,0.0084
miconic-s29-4,0,True,16,115,115,345,0,317,0,0,0,0,0,0,0,0,0,99,99,99,0.0159,0.0143,0.0013,0.0012,0.0,0.0,0.0,0.0024,0.0358
miconic-s30-4,0,True,20,119,119,357,0,326,0,0,0,0,0,0,0,0,0,99,99,99,0.0157,0.0152,0.0013,0.0013,0.0,0.0,0.0,0.0025,0.0366
miconic-s3-2,0,True,2,11,11,33,0,28,0,0,0,0,0,0,0,0,0,9,9,9,0.0052,0.0001,0.0,0.0012,0.0,0.0,0.0,0.0021,0.0091
miconic-s29-0,0,True,21,115,115,345,0,315,0,0,0,0,0,0,0,0,0,94,94,94,0.0161,0.0137,0.0012,0.0012,0.0,0.0,0.0,0.0025,0.0354
miconic-s3-1,0,True,1,11,11,33,0,31,0,0,0,0,0,0,0,0,0,10,10,10,0.0051,0.0001,0.0,0.001,0.0,0.0,0.0,0.0021,0.0088
miconic-s3-4,0,True,2,11,11,33,0,28,0,0,0,0,0,0,0,0,0,9,9,9,0.0044,0.0001,0.0,0.0009,0.0,0.0,0.0,0.002,0.0079
miconic-s4-0,0,True,1,15,15,45,0,42,0,0,0,0,0,0,0,0,0,14,14,14,0.0048,0.0001,0.0,0.0012,0.0,0.0,0.0,0.002,0.0086
miconic-s4-3,0,True,1,15,15,45,0,41,0,0,0,0,0,0,0,0,0,14,14,14,0.0046,0.0002,0.0,0.0013,0.0,0.0,0.0,0.0021,0.0086
miconic-s5-4,0,True,2,19,19,57,0,52,0,0,0,0,0,0,0,0,0,17,17,17,0.0045,0.0002,0.0,0.0012,0.0,0.0,0.0,0.0021,0.0085
miconic-s5-1,0,True,3,19,19,57,0,50,0,0,0,0,0,0,0,0,0,16,16,16,0.0042,0.0002,0.0,0.0009,0.0,0.0,0.0,0.0021,0.0078
miconic-s6-2,0,True,4,23,23,69,0,63,0,0,0,0,0,0,0,0,0,19,19,19,0.0054,0.0003,0.0,0.0012,0.0,0.0,0.0,0.0021,0.0095
miconic-s5-0,0,True,2,19,19,57,0,53,0,0,0,0,0,0,0,0,0,17,17,17,0.0167,0.0002,0.0,0.001,0.0,0.0,0.0,0.0021,0.0205
miconic-s6-0,0,True,5,23,23,69,0,63,0,0,0,0,0,0,0,0,0,18,18,18,0.0044,0.0003,0.0,0.0009,0.0,0.0,0.0,0.0021,0.0082
miconic-s5-3,0,True,2,19,19,57,0,53,0,0,0,0,0,0,0,0,0,17,17,17,0.0033,0.0002,0.0,0.0011,0.0,0.0,0.0,0.002,0.0071
miconic-s6-4,0,True,3,23,23,69,0,63,0,0,0,0,0,0,0,0,0,20,20,20,0.0045,0.0003,0.0,0.0009,0.0,0.0,0.0,0.0021,0.0083
miconic-s5-2,0,True,5,19,19,57,0,50,0,0,0,0,0,0,0,0,0,14,14,14,0.0169,0.0002,0.0,0.0012,0.0,0.0,0.0,0.0022,0.0211
miconic-s4-2,0,True,1,15,15,45,0,41,0,0,0,0,0,0,0,0,0,14,14,14,0.0048,0.0002,0.0,0.0011,0.0,0.0,0.0,0.0021,0.0086
miconic-s4-4,0,True,0,15,15,45,0,42,0,0,0,0,1,0,0,0,0,15,15,15,0.0047,0.0002,0.0,0.001,0.0,0.0,0.0,0.0013,0.0075
miconic-s6-1,0,True,4,23,23,69,0,63,0,0,0,0,0,0,0,0,0,19,19,19,0.0047,0.0003,0.0,0.0012,0.0,0.0,0.0,0.0021,0.0087
miconic-s4-1,0,True,2,15,15,45,0,40,0,0,0,0,0,0,0,0,0,13,13,13,0.0045,0.0001,0.0,0.001,0.0,0.0,0.0,0.0021,0.0082
miconic-s6-3,0,True,5,23,23,69,0,62,0,0,0,0,0,0,0,0,0,18,18,18,0.0051,0.0003,0.0,0.0012,0.0,0.0,0.0,0.0021,0.0092
miconic-s8-3,0,True,4,31,31,93,0,84,0,0,0,0,0,0,0,0,0,27,27,27,0.0053,0.0005,0.0001,0.0012,0.0,0.0,0.0,0.0022,0.0099
miconic-s8-4,0,True,5,31,31,93,0,85,0,0,0,0,0,0,0,0,0,26,26,26,0.0057,0.0005,0.0001,0.001,0.0,0.0,0.0,0.0021,0.0099
miconic-s7-4,0,True,2,27,27,81,0,74,0,0,0,0,0,0,0,0,0,25,25,25,0.0046,0.0004,0.0001,0.0012,0.0,0.0,0.0,0.0021,0.0088
miconic-s7-1,0,True,3,27,27,81,0,75,0,0,0,0,0,0,0,0,0,24,24,24,0.005,0.0004,0.0001,0.0013,0.0,0.0,0.0,0.0022,0.0094
miconic-s7-0,0,True,4,27,27,81,0,75,0,0,0,0,0,0,0,0,0,23,23,23,0.0048,0.0004,0.0001,0.0013,0.0,0.0,0.0,0.0021,0.009
miconic-s7-3,0,True,5,27,27,81,0,73,0,0,0,0,0,0,0,0,0,22,22,22,0.005,0.0004,0.0001,0.0009,0.0,0.0,0.0,0.0021,0.0089
miconic-s8-0,0,True,4,31,31,93,0,86,0,0,0,0,0,0,0,0,0,27,27,27,0.0049,0.0005,0.0001,0.0012,0.0,0.0,0.0,0.0022,0.0094
miconic-s9-0,0,True,5,35,35,105,0,96,0,0,0,0,0,0,0,0,0,30,30,30,0.0051,0.0007,0.0001,0.0009,0.0,0.0,0.0,0.0022,0.0094
miconic-s9-3,0,True,4,35,35,105,0,96,0,0,0,0,0,0,0,0,0,31,31,31,0.0051,0.0007,0.0001,0.0014,0.0,0.0,0.0,0.0022,0.0098
miconic-s7-2,0,True,5,27,27,81,0,74,0,0,0,0,0,0,0,0,0,22,22,22,0.0057,0.0004,0.0001,0.001,0.0,0.0,0.0,0.0021,0.0097
miconic-s9-4,0,True,8,35,35,105,0,95,0,0,0,0,0,0,0,0,0,27,27,27,0.0054,0.0006,0.0001,0.0012,0.0,0.0,0.0,0.0022,0.01
miconic-s8-1,0,True,5,31,31,93,0,85,0,0,0,0,0,0,0,0,0,26,26,26,0.0051,0.0005,0.0001,0.001,0.0,0.0,0.0,0.0022,0.0092
miconic-s8-2,0,True,6,31,31,93,0,85,0,0,0,0,0,0,0,0,0,25,25,25,0.0061,0.0005,0.0001,0.0017,0.0,0.0,0.0,0.0023,0.0111
miconic-s9-2,0,True,6,35,35,105,0,95,0,0,0,0,0,0,0,0,0,29,29,29,0.0062,0.0007,0.0001,0.0013,0.0,0.0,0.0,0.0021,0.0109
miconic-s9-1,0,True,6,35,35,105,0,95,0,0,0,0,0,0,0,0,0,29,29,29,0.0053,0.0007,0.0001,0.0013,0.0,0.0,0.0,0.0021,0.0099
movie-prob03,0,True,0,5,7,21,0,14,0,0,0,0,1,0,0,0,0,7,7,7,0.0048,0.0001,0.0,0.0012,0.0,0.0,0.0,0.0012,0.0079
movie-prob11,0,True,0,5,7,21,0,14,0,0,0,0,1,0,0,0,0,7,7,7,0.0052,0.0001,0.0,0.0013,0.0,0.0,0.0,0.0012,0.0085
movie-prob06,0,True,0,5,7,21,0,14,0,0,0,0,1,0,0,0,0,7,7,7,0.0057,0.0001,0.0,0.0012,0.0,0.0,0.0,0.0013,0.0088
movie-prob05,0,True,0,5,7,21,0,14,0,0,0,0,1,0,0,0,0,7,7,7,0.0051,0.0001,0.0,0.001,0.0,0.0,0.0,0.0013,0.0081
movie-prob07,0,True,0,5,7,21,0,14,0,0,0,0,1,0,0,0,0,7,7,7,0.0051,0.0001,0.0,0.0012,0.0,0.0,0.0,0.0013,0.0082
movie-prob12,0,True,0,5,7,21,0,14,0,0,0,0,1,0,0,0,0,7,7,7,0.1691,0.0001,0.0,0.0017,0.0,0.0,0.0,0.0013,0.1727
movie-prob02,0,True,0,5,7,21,0,14,0,0,0,0,1,0,0,0,0,7,7,7,0.1673,0.0001,0.0,0.0016,0.0,0.0,0.0,0.0014,0.1707
movie-prob14,0,True,0,5,7,21,0,14,0,0,0,0,1,0,0,0,0,7,7,7,0.005,0.0001,0.0,0.0011,0.0,0.0,0.0,0.0012,0.0079
movie-prob08,0,True,0,5,7,21,0,14,0,0,0,0,1,0,0,0,0,7,7,7,0.0055,0.0001,0.0,0.0012,0.0,0.0,0.0,0.0013,0.0086
movie-prob15,0,True,0,5,7,21,0,14,0,0,0,0,1,0,0,0,0,7,7,7,0.1629,0.0001,0.0,0.0014,0.0,0.0,0.0,0.0013,0.1661
movie-prob13,0,True,0,5,7,21,0,14,0,0,0,0,1,0,0,0,0,7,7,7,0.1594,0.0001,0.0,0.001,0.0,0.0,0.0,0.0013,0.1623
movie-prob01,0,True,0,5,7,21,0,14,0,0,0,0,1,0,0,0,0,7,7,7,0.0065,0.0001,0.0,0.0017,0.0,0.0,0.0,0.0012,0.01
movie-prob10,0,True,0,5,7,21,0,14,0,0,0,0,1,0,0,0,0,7,7,7,0.006,0.0001,0.0,0.0012,0.0,0.0,0.0,0.0012,0.0091
movie-prob09,0,True,0,5,7,21,0,14,0,0,0,0,1,0,0,0,0,7,7,7,0.0054,0.0001,0.0,0.0012,0.0,0.0,0.0,0.0012,0.0086
movie-prob04,0,True,0,5,7,21,0,14,0,0,0,0,1,0,0,0,0,7,7,7,0.0051,0.0001,0.0,0.0012,0.0,0.0,0.0,0.0013,0.0083
movie-prob17,0,True,0,5,7,21,0,14,0,0,0,0,1,0,0,0,0,7,7,7,0.0049,0.0001,0.0,0.0009,0.0,0.0,0.0,0.0012,0.0077
movie-prob28,0,True,0,5,7,21,0,14,0,0,0,0,1,0,0,0,0,7,7,7,0.0056,0.0001,0.0,0.0013,0.0,0.0,0.0,0.0013,0.0088
movie-prob20,0,True,0,5,7,21,0,14,0,0,0,0,1,0,0,0,0,7,7,7,0.0054,0.0001,0.0,0.0009,0.0,0.0,0.0,0.0014,0.0083
movie-prob27,0,True,0,5,7,21,0,14,0,0,0,0,1,0,0,0,0,7,7,7,0.0059,0.0001,0.0,0.0015,0.0,0.0,0.0,0.0013,0.0093
movie-prob19,0,True,0,5,7,21,0,14,0,0,0,0,1,0,0,0,0,7,7,7,0.0064,0.0001,0.0,0.0012,0.0,0.0,0.0,0.0012,0.0095
movie-prob26,0,True,0,5,7,21,0,14,0,0,0,0,1,0,0,0,0,7,7,7,0.0056,0.0001,0.0,0.0016,0.0,0.0,0.0,0.0013,0.0091
movie-prob16,0,True,0,5,7,21,0,14,0,0,0,0,1,0,0,0,0,7,7,7,0.0056,0.0001,0.0,0.0017,0.0,0.0,0.0,0.0012,0.0091
movie-prob30,0,True,0,5,7,21,0,14,0,0,0,0,1,0,0,0,0,7,7,7,0.0045,0.0001,0.0,0.0014,0.0,0.0,0.0,0.0012,0.0078
movie-prob21,0,True,0,5,7,21,0,14,0,0,0,0,1,0,0,0,0,7,7,7,0.0048,0.0001,0.0,0.0011,0.0,0.0,0.0,0.0012,0.0077
movie-prob24,0,True,0,5,7,21,0,14,0,0,0,0,1,0,0,0,0,7,7,7,0.0052,0.0001,0.0,0.0009,0.0,0.0,0.0,0.0012,0.0079
movie-prob18,0,True,0,5,7,21,0,14,0,0,0,0,1,0,0,0,0,7,7,7,0.0065,0.0001,0.0,0.0011,0.0,0.0,0.0,0.0012,0.0093
movie-prob29,0,True,0,5,7,21,0,14,0,0,0,0,1,0,0,0,0,7,7,7,0.0055,0.0001,0.0,0.0009,0.0,0.0,0.0,0.0013,0.0083
movie-prob23,0,True,0,5,7,21,0,14,0,0,0,0,1,0,0,0,0,7,7,7,0.0055,0.0002,0.0,0.0012,0.0,0.0,0.0,0.0013,0.0087
movie-prob25,0,True,0,5,7,21,0,14,0,0,0,0,1,0,0,0,0,7,7,7,0.0054,0.0001,0.0,0.0009,0.0,0.0,0.0,0.0013,0.0081
movie-prob22,0,True,0,5,7,21,0,14,0,0,0,0,1,0,0,0,0,7,7,7,0.0051,0.0001,0.0,0.0009,0.0,0.0,0.0,0.0012,0.0078
mprime-prob09,0,True,192,1199,2297,3690,0,4667,19,0,0,0,0,0,0,0,0,8,8,8,0.0178,0.023,0.0013,0.0039,0.0,0.0,0.0,0.1023,0.1491
mprime-prob07,0,True,313,993,1537,2844,0,4388,15,0,0,0,0,0,0,0,0,5,5,5,0.0142,0.0195,0.0013,0.0036,0.0,0.0,0.0,0.054,0.0934
mprime-prob03,0,True,203,1310,2378,3892,0,5116,12,0,0,0,0,0,0,0,0,4,4,4,0.0185,0.025,0.0008,0.004,0.0,0.0,0.0,0.0635,0.1126
mprime-prob04,0,True,45,307,611,971,0,1062,14,0,0,0,1,0,0,0,0,7,8,7,0.0109,0.0038,0.0004,0.0015,0.0,0.0,0.0,0.0195,0.0367
mprime-prob15,0,True,729,14739,28431,43900,0,55606,16,0,0,0,0,0,0,0,0,6,6,6,0.3288,1.3534,0.0216,0.0673,0.0,0.0,0.0,0.756,2.5322
mprime-prob01,0,True,58,262,509,833,0,982,12,0,0,0,0,0,0,0,0,5,5,5,0.0115,0.0033,0.0002,0.0013,0.0,0.0,0.0,0.017,0.0339
mprime-prob06,0,True,604,9282,17565,27453,0,35014,24,47,0,0,7,0,145,0,0,11,11,11,0.166,0.5327,0.0286,0.039,0.0,0.2737,0.0,82.0147,82.7848
mprime-prob08,0,True,381,3609,6898,10889,0,13989,13,0,0,0,1,0,0,0,0,5,6,5,0.0559,0.1202,0.0056,0.0123,0.0,0.0001,0.0,0.6463,0.8435
mprime-prob14,0,True,1586,30314,57079,88981,0,116508,24,0,0,0,0,0,0,0,0,9,9,9,0.8063,4.3381,0.0897,0.3035,0.0,0.0,0.0,2.2599,7.8058
mprime-prob05,0,True,227,1441,2767,4437,0,5687,21,4,0,0,2,0,0,0,0,8,9,8,0.0205,0.0289,0.0017,0.0044,0.0,0.0017,0.0,0.1615,0.2179
mprime-prob02,0,True,262,1900,3671,5835,0,7348,17,0,0,0,0,0,0,0,0,7,7,7,0.0255,0.0438,0.002,0.0063,0.0,0.0,0.0,0.1453,0.224
mprime-prob13,0,True,1520,23996,45010,70528,0,93037,29,7,0,0,2,0,0,0,0,11,12,11,0.5991,2.7922,0.17,0.238,0.0,0.6941,0.0,7.2886,11.0954
mprime-prob10,0,True,1336,22461,42785,66583,0,86844,20,8,0,0,3,0,0,0,0,7,8,7,0.5713,2.4862,0.0408,0.1942,0.0,0.7327,0.0,27.9073,31.2069
mprime-prob12,0,True,116,682,1336,2135,0,2633,14,0,0,0,0,0,0,0,0,5,5,5,0.0149,0.0123,0.0005,0.0024,0.0,0.0,0.0,0.0408,0.0716
mprime-prob11,0,True,106,366,675,1154,0,1367,14,0,0,0,0,0,0,0,0,7,7,7,0.0111,0.0072,0.0005,0.0015,0.0,0.0,0.0,0.0226,0.0436
mprime-prob17,0,True,721,11447,21370,33539,0,43315,12,0,0,0,0,0,0,0,0,4,4,4,0.1854,0.6407,0.0104,0.0551,0.0,0.0,0.0,0.6232,1.5183
mprime-prob28,0,True,68,287,546,909,0,1129,14,0,0,0,1,0,0,0,0,7,8,7,0.6199,0.004,0.0003,0.002,0.0,0.0,0.0,0.0194,0.6462
mprime-prob18,2,True,573,9429,18224,28227,0,35374,29,149,0,0,17,0,1616,0,0,11.059,14,14,0.2051,0.6759,0.0468,0.0382,0.0,0.9053,0.0,899.044,900.0161
mprime-prob26,0,True,193,1673,3280,5147,0,6325,14,0,0,0,0,0,0,0,0,6,6,6,0.6381,0.0392,0.0018,0.0049,0.0,0.0,0.0,0.2636,0.9488
mprime-prob27,0,True,163,2019,3999,6183,0,7613,15,0,0,0,0,0,0,0,0,5,5,5,0.035,0.046,0.0017,0.0056,0.0,0.0,0.0,0.0966,0.1859
mprime-prob22,2,True,1120,22024,42862,66007,0,85330,20,80,0,0,12,0,642,0,0,8.0,9,9,0.5012,2.2044,0.0507,0.1496,0.0,4.9818,0.0,897.1016,900.0168
mprime-prob24,0,True,814,8851,17165,26831,0,34065,15,0,0,0,1,0,0,0,0,6,7,6,0.2262,0.7987,0.0249,0.047,0.0,0.0002,0.0,1.9828,3.0834
mprime-prob23,0,True,641,8651,16978,26271,0,33480,18,0,0,0,0,0,23,0,0,8,8,8,0.1592,0.5296,0.0181,0.0399,0.0,0.0,0.0,3.4918,4.2419
mprime-prob25,0,True,41,149,292,483,0,574,12,0,0,0,0,0,0,0,0,4,4,4,0.6032,0.0012,0.0001,0.0014,0.0,0.0,0.0,0.0106,0.617
mprime-prob19,0,True,518,6506,12364,19389,0,25217,14,0,0,0,0,0,0,0,0,5,5,5,0.1102,0.3255,0.0069,0.0257,0.0,0.0,0.0,0.3265,0.7973
mprime-prob21,0,True,685,7643,14484,22813,0,29895,12,0,0,0,0,0,0,0,0,4,4,4,0.1232,0.3719,0.008,0.0372,0.0,0.0,0.0,0.443,0.9859
mprime-prob16,0,True,297,2910,5591,8800,0,11233,15,0,0,0,0,0,0,0,0,5,5,5,0.0424,0.0887,0.0037,0.0101,0.0,0.0,0.0,0.1402,0.2864
mprime-prob20,0,True,529,13079,26055,39664,0,48676,16,12,0,0,2,0,31,0,0,7,7,7,0.7609,0.919,0.0415,0.051,0.0,0.079,0.0,26.1944,27.9745
mprime-prob33,0,True,818,8438,16358,25616,0,33166,20,0,0,0,0,0,0,0,0,8,8,8,0.1675,0.5236,0.0127,0.0477,0.0,0.0,0.0,1.0139,1.7688
mprime-prob30,0,True,348,7304,14354,22008,0,27235,16,6,0,0,2,0,0,0,0,8,8,8,0.132,0.3423,0.0165,0.0229,0.0,0.0141,0.0,1.7284,2.2475
mprime-prob31,0,True,305,2896,5522,8724,0,11463,12,0,0,0,0,0,0,0,0,4,4,4,0.0341,0.0722,0.0017,0.0088,0.0,0.0,0.0,0.1416,0.2596
mystery-prob02,0,True,248,1740,3351,5341,0,6823,19,0,0,0,0,0,0,0,0,7,7,7,0.0213,0.0357,0.0017,0.0056,0.0,0.0,0.0,0.0883,0.1536
mystery-prob05,0,True,182,1007,1902,3096,0,4011,23,0,0,0,0,0,0,0,0,8,8,8,0.0155,0.0154,0.0009,0.0032,0.0,0.0,0.0,0.056,0.0919
mprime-prob35,0,True,79,370,710,1160,0,1431,11,0,0,0,0,0,0,0,0,4,4,4,0.009,0.0045,0.0002,0.0016,0.0,0.0,0.0,0.024,0.04
mprime-prob34,0,True,329,2977,5458,8765,0,11351,12,0,0,0,0,0,0,0,0,4,4,4,0.0343,0.0633,0.0018,0.0096,0.0,0.0,0.0,0.1508,0.2608
mprime-prob29,0,True,182,1503,2850,4536,0,5609,12,0,0,0,0,0,0,0,0,4,4,4,0.023,0.0324,0.0012,0.0041,0.0,0.0,0.0,0.0733,0.135
mystery-prob04,0,True,15,47,91,164,0,184,15,0,0,0,1,0,0,0,0,7,8,7,0.0054,0.0006,0.0001,0.0013,0.0,0.0,0.0,0.0085,0.0162
mprime-prob32,0,True,186,858,1592,2637,0,3407,15,0,0,0,0,0,0,0,0,5,5,5,0.0135,0.0131,0.0007,0.0043,0.0,0.0,0.0,0.0481,0.0805
mystery-prob01,0,True,36,49,81,171,0,225,12,0,0,0,0,0,0,0,0,5,5,5,0.0051,0.0005,0.0001,0.0011,0.0,0.0,0.0,0.0056,0.0128
mystery-prob03,0,True,174,959,1668,2802,0,3952,12,0,0,0,0,0,0,0,0,4,4,4,0.0128,0.0123,0.0004,0.0032,0.0,0.0,0.0,0.0493,0.0788
mystery-prob12,0,True,67,249,461,778,0,1019,15,0,0,0,0,0,0,0,0,5,5,5,0.0064,0.0021,0.0001,0.0017,0.0,0.0,0.0,0.0178,0.0287
mystery-prob06,0,True,463,5568,10140,16173,0,21697,24,87,0,0,16,0,201,0,0,11,11,11,0.0668,0.1811,0.0061,0.0199,0.0,0.3076,0.0,22.0325,22.3083
mystery-prob15,0,True,611,9343,17611,27566,0,36189,15,0,0,0,0,0,0,0,0,6,6,6,0.1184,0.4627,0.0058,0.0401,0.0,0.0,0.0,2.403,3.0328
mystery-prob17,0,True,639,8735,16250,25625,0,33839,12,0,0,0,0,0,0,0,0,4,4,4,0.1259,0.4072,0.0044,0.0379,0.0,0.0,0.0,0.4904,1.0689
mystery-prob08,0,True,211,1471,2671,4356,0,5939,15,0,0,0,1,0,0,0,0,5,6,5,0.0184,0.0267,0.0009,0.0047,0.0,0.0001,0.0,0.0833,0.1348
mystery-prob11,0,True,78,105,153,344,0,479,13,0,0,0,0,0,0,0,0,7,7,7,0.0062,0.0015,0.0001,0.0012,0.0,0.0,0.0,0.0074,0.0169
mystery-prob10,0,True,1211,17887,34288,53387,0,70443,20,12,0,0,4,0,0,0,0,7,8,7,0.4093,1.7285,0.0174,0.1331,0.0,0.8119,0.0,5.8911,8.1841
mystery-prob14,0,True,1449,25249,46931,73633,0,97783,23,0,0,0,0,0,0,0,0,9,9,9,0.5803,2.8803,0.0474,0.241,0.0,0.0,0.0,5.2901,9.0472
mystery-prob16,0,True,190,1012,1892,3102,0,4077,7,0,0,0,0,0,0,0,0,5,5,5,0.0162,0.0188,0.0005,0.0034,0.0,0.0,0.0,0.052,0.0915
mystery-prob13,0,True,1281,9231,16892,27409,0,36421,31,0,0,0,1,0,0,0,0,11,12,11,0.2174,0.7538,0.0265,0.0746,0.0,0.0002,0.0,0.8359,1.9116
mystery-prob07,0,True,0,0,0,0,0,0,0,0,0,0,0,0,0,0,0,1e+20,1e+20,1e+20,0.0044,0.0,0.0,0.0,0.0,0.0,0.0,0.0,0.0045
mystery-prob09,0,True,170,996,1887,3055,0,3918,20,0,0,0,0,0,0,0,0,8,8,8,0.0154,0.0162,0.0008,0.0035,0.0,0.0,0.0,0.0562,0.0929
mystery-prob23,0,True,517,3609,7080,11210,0,14699,28,0,0,0,0,0,0,0,0,11,11,11,0.0517,0.149,0.0053,0.0154,0.0,0.0,0.0,0.3534,0.5759
mystery-prob20,0,True,395,3972,7941,12309,0,15628,16,0,0,0,0,0,0,0,0,7,7,7,0.0434,0.1377,0.0027,0.015,0.0,0.0,0.0,5.8762,6.0765
mystery-prob19,0,True,394,3412,6259,10066,0,13361,13,0,0,0,0,0,0,0,0,5,5,5,0.0428,0.095,0.0021,0.0123,0.0,0.0,0.0,0.1806,0.334
mystery-prob18,0,True,0,0,0,0,0,0,0,0,0,0,0,0,0,0,0,1e+20,1e+20,1e+20,0.0045,0.0,0.0,0.0,0.0,0.0,0.0,0.0,0.0045
mystery-prob22,0,True,828,9300,17986,28117,0,36926,25,0,0,0,0,0,0,0,0,10,10,10,0.1664,0.6272,0.0135,0.0504,0.0,0.0,0.0,1.1075,1.9683
mystery-prob27,0,True,124,666,1293,2085,0,2584,15,0,0,0,0,0,0,0,0,5,5,5,0.009,0.0077,0.0003,0.0024,0.0,0.0,0.0,0.0396,0.0597
mystery-prob21,0,True,545,2102,4062,6710,0,8752,12,0,0,0,0,0,0,0,0,4,4,4,0.0451,0.093,0.0014,0.0099,0.0,0.0,0.0,0.1303,0.2808
mystery-prob25,0,True,28,80,154,263,0,329,11,0,0,0,0,0,0,0,0,4,4,4,0.0055,0.0005,0.0,0.0015,0.0,0.0,0.0,0.0073,0.0153
mystery-prob28,0,True,51,75,122,257,0,344,13,2,0,0,2,0,0,0,0,7,8,7,0.0053,0.0008,0.0001,0.001,0.0,0.0001,0.0,0.0067,0.0145
mystery-prob26,0,True,133,758,1446,2338,0,3028,16,0,0,0,0,0,0,0,0,6,6,6,0.0121,0.0105,0.0005,0.0026,0.0,0.0,0.0,0.0474,0.0736
mystery-prob24,0,True,636,777,1220,2649,0,3683,20,0,0,0,1,0,0,0,0,10,11,10,0.0342,0.0702,0.0026,0.0055,0.0,0.0,0.0,0.0391,0.1524
mystery-prob30,0,True,274,2422,4583,7281,0,9244,16,3,0,0,1,0,0,0,0,8,8,8,0.0233,0.0535,0.0021,0.0074,0.0,0.0026,0.0,0.8027,0.8901
nomystery-opt11-strips-p01,0,True,33,170,316,531,0,639,9,0,0,0,0,0,0,0,0,9,9,9,0.0057,0.0012,0.0001,0.002,0.0,0.0,0.0,0.0116,0.0214
nomystery-opt11-strips-p05,0,True,169,2884,5758,8838,0,9396,16,0,0,0,0,0,0,0,0,20,20,20,0.0213,0.0391,0.017,0.0075,0.0,0.0,0.0,0.1207,0.2067
nomystery-opt11-strips-p02,0,True,93,816,1574,2498,0,2767,9,0,0,0,0,0,0,0,0,11,11,11,0.0089,0.0074,0.0013,0.0034,0.0,0.0,0.0,0.0378,0.0595
nomystery-opt11-strips-p09,0,True,252,7590,15178,23061,0,23918,23,0,0,0,0,0,0,0,0,31,31,31,0.0519,0.1454,0.0964,0.0232,0.0,0.0,0.0,0.3497,0.6684
nomystery-opt11-strips-p10,0,True,180,5997,11994,18216,0,18574,23,0,0,0,0,0,0,0,0,33,33,33,0.0384,0.0974,0.1313,0.015,0.0,0.0,0.0,0.2483,0.5319
nomystery-opt11-strips-p03,0,True,55,503,993,1569,0,1811,7,0,0,0,0,0,0,0,0,13,13,13,0.0146,0.0041,0.0006,0.0019,0.0,0.0,0.0,0.0297,0.0515
mystery-prob29,0,True,147,681,1208,2037,0,2653,12,0,0,0,0,0,0,0,0,4,4,4,0.0116,0.0078,0.0004,0.0026,0.0,0.0,0.0,0.0411,0.0643
nomystery-opt11-strips-p06,0,True,232,4595,9050,13908,0,14883,19,0,0,0,0,0,0,0,0,23,23,23,0.0347,0.0818,0.0275,0.0132,0.0,0.0,0.0,0.1927,0.3514
nomystery-opt11-strips-p04,0,True,92,1284,2549,3947,0,4270,10,0,0,0,0,0,0,0,0,16,16,16,0.0125,0.0118,0.0034,0.0032,0.0,0.0,0.0,0.0568,0.0885
nomystery-opt11-strips-p11,0,True,23,96,175,306,0,376,9,0,0,0,0,0,0,0,0,9,9,9,0.0052,0.0007,0.0001,0.0013,0.0,0.0,0.0,0.0078,0.0156
nomystery-opt11-strips-p08,0,True,225,5925,11849,18038,0,18379,24,0,0,0,0,0,0,0,0,29,29,29,0.0419,0.1011,0.0564,0.017,0.0,0.0,0.0,0.246,0.4641
nomystery-opt11-strips-p07,0,True,195,4204,8225,12661,0,13874,22,0,0,0,0,0,0,0,0,27,27,27,0.0321,0.0694,0.0277,0.0112,0.0,0.0,0.0,0.178,0.3199
nomystery-sat11-strips-p03,0,True,169,2885,5760,8844,0,9403,16,0,0,0,0,0,0,0,0,22,22,22,0.0224,0.0402,0.0193,0.0077,0.0,0.0,0.0,0.122,0.2126
nomystery-opt11-strips-p20,0,True,132,4269,8538,12984,0,13294,23,0,0,0,0,0,0,0,0,33,33,33,0.0295,0.0592,0.0791,0.0111,0.0,0.0,0.0,0.1738,0.3541
nomystery-opt11-strips-p19,0,True,184,5414,10826,16465,0,17118,21,0,0,0,0,0,0,0,0,31,31,31,0.0392,0.0895,0.0622,0.0145,0.0,0.0,0.0,0.7891,0.9961
nomystery-opt11-strips-p14,0,True,65,825,1631,2543,0,2785,10,0,0,0,0,0,0,0,0,16,16,16,0.0111,0.0066,0.0016,0.0028,0.0,0.0,0.0,0.0391,0.062
nomystery-opt11-strips-p12,0,True,65,485,913,1478,0,1686,9,0,0,0,0,0,0,0,0,11,11,11,0.0083,0.0041,0.0006,0.0028,0.0,0.0,0.0,0.0283,0.0449
nomystery-sat11-strips-p01,0,True,78,816,1619,2535,0,2898,10,0,0,0,0,0,0,0,0,16,16,16,2.3796,0.0079,0.002,0.0027,0.0,0.0,0.0,0.0397,2.4325
nomystery-opt11-strips-p17,0,True,142,2985,5840,9004,0,9899,22,0,0,0,0,0,0,0,0,27,27,27,0.0226,0.0416,0.0296,0.009,0.0,0.0,0.0,0.1202,0.2244
nomystery-opt11-strips-p18,0,True,165,4245,8489,12938,0,13219,24,0,0,0,0,0,0,0,0,29,29,29,0.0299,0.0619,0.0423,0.0109,0.0,0.0,0.0,0.1729,0.3193
nomystery-opt11-strips-p13,0,True,39,295,577,929,0,1091,7,0,0,0,0,0,0,0,0,13,13,13,2.3713,0.0022,0.0003,0.0017,0.0,0.0,0.0,0.0184,2.3944
nomystery-opt11-strips-p16,0,True,168,3215,6312,9726,0,10439,17,0,0,0,0,0,0,0,0,23,23,23,0.0234,0.0468,0.0155,0.0086,0.0,0.0,0.0,0.132,0.2275
nomystery-sat11-strips-p02,0,True,92,1285,2551,3953,0,4277,10,0,0,0,0,0,0,0,0,18,18,18,2.3775,0.0117,0.0036,0.0033,0.0,0.0,0.0,0.0564,2.4534
nomystery-opt11-strips-p15,0,True,121,1972,3934,6054,0,6468,16,0,0,0,0,0,0,0,0,20,20,20,0.0172,0.0223,0.0095,0.0053,0.0,0.0,0.0,0.0836,0.139
nomystery-sat11-strips-p04,0,True,232,4596,9052,13914,0,14890,19,0,0,0,0,0,0,0,0,25,25,25,2.3601,0.0847,0.0302,0.0131,0.0,0.0,0.0,0.1937,2.6831
nomystery-sat11-strips-p05,0,True,221,4803,9397,14461,0,15830,23,0,0,0,0,0,0,0,0,29,29,29,0.0381,0.0881,0.0344,0.0139,0.0,0.0,0.0,0.1992,0.3756
nomystery-sat11-strips-p11,0,True,55,517,1021,1615,0,1863,10,0,0,0,0,0,0,0,0,16,16,16,0.0081,0.0044,0.0007,0.004,0.0,0.0,0.0,0.0287,0.0466
nomystery-sat11-strips-p08,0,True,180,5998,11996,18222,0,18581,23,0,0,0,0,0,0,0,0,35,35,35,0.0399,0.0979,0.119,0.0155,0.0,0.0,0.0,0.2531,0.527
nomystery-sat11-strips-p10,0,True,242,8178,16126,24603,0,26153,20,0,0,0,0,0,0,0,0,41,41,41,0.0696,0.1894,0.1275,0.0236,0.0,0.0,0.0,1.1999,1.6125
nomystery-sat11-strips-p13,0,True,121,1973,3936,6060,0,6475,16,0,0,0,0,0,0,0,0,22,22,22,0.016,0.0233,0.0109,0.0077,0.0,0.0,0.0,0.0848,0.1441
nomystery-sat11-strips-p14,0,True,168,3216,6314,9732,0,10446,17,0,0,0,0,0,0,0,0,25,25,25,0.0232,0.0476,0.0168,0.0083,0.0,0.0,0.0,0.1333,0.2303
nomystery-sat11-strips-p17,0,True,183,5415,10828,16471,0,17125,23,0,0,0,0,0,0,0,0,33,33,33,0.0385,0.0905,0.0781,0.0144,0.0,0.0,0.0,0.2288,0.4517
nomystery-sat11-strips-p12,0,True,65,826,1633,2549,0,2792,10,0,0,0,0,0,0,0,0,18,18,18,0.0092,0.0071,0.002,0.0034,0.0,0.0,0.0,0.0393,0.0617
nomystery-sat11-strips-p09,0,True,306,10889,21777,33026,0,33729,30,9,0,0,4,0,0,0,0,40,41,40,0.0826,0.2699,0.3159,0.0382,0.0,0.8899,0.0,3.7573,4.4665
nomystery-sat11-strips-p06,0,True,225,5926,11851,18044,0,18386,24,0,0,0,0,0,0,0,0,31,31,31,0.0416,0.1071,0.0633,0.017,0.0,0.0,0.0,0.2438,0.4745
nomystery-sat11-strips-p15,0,True,161,3423,6697,10321,0,11330,23,0,0,0,0,0,0,0,0,29,29,29,0.0265,0.0522,0.022,0.0094,0.0,0.0,0.0,0.1401,0.2517
nomystery-sat11-strips-p07,0,True,251,7591,15180,23067,0,23925,23,0,0,0,0,0,0,0,0,33,33,33,0.0521,0.1531,0.1252,0.0233,0.0,0.0,0.0,0.3348,0.6903
nomystery-sat11-strips-p16,0,True,165,4246,8491,12944,0,13226,24,0,0,0,0,0,0,0,0,31,31,31,0.0299,0.062,0.0462,0.011,0.0,0.0,0.0,0.1703,0.3208
nomystery-sat11-strips-p19,0,True,224,7855,15709,23842,0,24381,30,12,0,0,7,0,0,0,0,40,41,40,0.0581,0.1606,0.2031,0.0223,0.0,0.9561,0.0,19.9712,20.4178
openstacks-opt08-strips-p09,0,False,12,195,351,598,0,949,0,0,0,0,0,0,0,0,0,1,1,1,0.006,0.0011,0.0001,0.0013,0.0,0.0,0.0,0.0061,0.0149
openstacks-opt08-strips-p08,0,False,11,168,300,516,0,819,0,0,0,0,0,0,0,0,0,1,1,1,0.0053,0.0009,0.0001,0.0016,0.0,0.0,0.0,0.0053,0.0137
openstacks-opt08-strips-p03,0,False,6,63,105,196,0,295,0,0,0,0,0,0,0,0,0,1,1,1,0.0047,0.0003,0.0,0.001,0.0,0.0,0.0,0.0031,0.0096
nomystery-sat11-strips-p18,0,True,132,4270,8540,12990,0,13301,23,0,0,0,0,0,0,0,0,35,35,35,0.0284,0.0601,0.0822,0.0102,0.0,0.0,0.0,0.174,0.3563
openstacks-opt08-strips-p01,0,False,4,35,55,110,0,163,0,0,0,0,0,0,0,0,0,1,1,1,0.0046,0.0002,0.0,0.0014,0.0,0.0,0.0,0.0026,0.0092
openstacks-opt08-strips-p02,0,False,5,48,78,150,0,223,0,0,0,0,0,0,0,0,0,1,1,1,0.0044,0.0002,0.0,0.0011,0.0,0.0,0.0,0.0028,0.009
openstacks-opt08-strips-p06,0,False,9,120,210,370,0,579,0,0,0,0,0,0,0,0,0,1,1,1,0.0055,0.0006,0.0001,0.0012,0.0,0.0,0.0,0.0044,0.0122
nomystery-sat11-strips-p20,0,True,178,5874,11582,17691,0,18857,20,0,0,0,0,0,0,0,0,41,41,41,0.0469,0.118,0.0804,0.0153,0.0,0.0,0.0,0.8264,1.0885
openstacks-opt08-strips-p04,0,False,7,80,136,248,0,379,0,0,0,0,0,0,0,0,0,1,1,1,0.0052,0.0004,0.0,0.001,0.0,0.0,0.0,0.0035,0.0106
openstacks-opt08-strips-p10,0,False,13,224,406,686,0,1095,0,0,0,0,0,0,0,0,0,1,1,1,0.0068,0.0013,0.0001,0.0017,0.0,0.0,0.0,0.0068,0.0172
openstacks-opt08-strips-p05,0,False,8,99,171,306,0,477,0,0,0,0,0,0,0,0,0,1,1,1,0.005,0.0005,0.0001,0.0014,0.0,0.0,0.0,0.0039,0.0113
openstacks-opt08-strips-p07,0,False,10,143,253,440,0,693,0,0,0,0,0,0,0,0,0,1,1,1,0.0057,0.0008,0.0001,0.0011,0.0,0.0,0.0,0.0049,0.013
openstacks-opt08-strips-p11,0,False,14,255,465,780,0,1247,0,0,0,0,0,0,0,0,0,1,1,1,0.0063,0.0015,0.0001,0.0015,0.0,0.0,0.0,0.0076,0.0174
openstacks-opt08-strips-p12,0,False,15,288,528,880,0,1409,0,0,0,0,0,0,0,0,0,1,1,1,0.0063,0.0017,0.0001,0.0016,0.0,0.0,0.0,0.0082,0.0186
openstacks-opt08-strips-p20,0,False,23,624,1176,1896,0,3077,0,0,0,0,0,0,0,0,0,1,1,1,0.009,0.0049,0.0002,0.0025,0.0,0.0,0.0,0.0164,0.0336
openstacks-opt08-strips-p18,0,False,21,528,990,1606,0,2605,0,0,0,0,0,0,0,0,0,1,1,1,0.0099,0.0039,0.0002,0.0021,0.0,0.0,0.0,0.0148,0.0314
openstacks-opt08-strips-p13,0,False,16,323,595,986,0,1581,0,0,0,0,0,0,0,0,0,1,1,1,0.0062,0.002,0.0001,0.0018,0.0,0.0,0.0,0.0092,0.0199
openstacks-opt08-strips-p22,0,False,25,728,1378,2210,0,3613,0,0,0,0,0,0,0,0,0,1,1,1,0.0096,0.0061,0.0003,0.0025,0.0,0.0,0.0,0.0184,0.0375
openstacks-opt08-strips-p14,0,False,17,360,666,1098,0,1769,0,0,0,0,0,0,0,0,0,1,1,1,0.0073,0.0024,0.0001,0.002,0.0,0.0,0.0,0.0101,0.0224
openstacks-opt08-strips-p19,0,False,22,575,1081,1748,0,2835,0,0,0,0,0,0,0,0,0,1,1,1,0.0091,0.0043,0.0002,0.0028,0.0,0.0,0.0,0.0156,0.0327
openstacks-opt08-strips-p16,0,False,19,440,820,1340,0,2167,0,0,0,0,0,0,0,0,0,1,1,1,0.0072,0.0031,0.0002,0.0019,0.0,0.0,0.0,0.0125,0.0253
openstacks-opt08-strips-p17,0,False,20,483,903,1470,0,2379,0,0,0,0,0,0,0,0,0,1,1,1,0.0079,0.0034,0.0002,0.0023,0.0,0.0,0.0,0.0137,0.0281
openstacks-opt08-strips-p21,0,False,24,675,1275,2050,0,3327,0,0,0,0,0,0,0,0,0,1,1,1,0.0091,0.0054,0.0002,0.0028,0.0,0.0,0.0,0.0173,0.0354
openstacks-opt08-strips-p15,0,False,18,399,741,1216,0,1957,0,0,0,0,0,0,0,0,0,1,1,1,0.0071,0.0027,0.0002,0.002,0.0,0.0,0.0,0.0112,0.0237
openstacks-opt08-strips-p24,0,False,27,840,1596,2548,0,4153,0,0,0,0,0,0,0,0,0,1,1,1,0.0124,0.0074,0.0003,0.0033,0.0,0.0,0.0,0.0206,0.0449
openstacks-opt08-strips-p23,0,False,26,783,1485,2376,0,3873,0,0,0,0,0,0,0,0,0,1,1,1,0.0124,0.0068,0.0003,0.003,0.0,0.0,0.0,0.0193,0.0425
openstacks-opt08-strips-p29,0,False,32,1155,2211,3498,0,5737,0,0,0,0,0,0,0,0,0,1,1,1,0.015,0.0114,0.0005,0.0039,0.0,0.0,0.0,0.0273,0.0589
openstacks-opt08-strips-p27,0,False,30,1023,1953,3100,0,5081,0,0,0,0,0,0,0,0,0,1,1,1,0.013,0.0097,0.0004,0.0036,0.0,0.0,0.0,0.0245,0.0521
openstacks-opt08-strips-p30,0,False,33,1224,2346,3706,0,6065,0,0,0,0,0,0,0,0,0,1,1,1,0.0143,0.0123,0.0005,0.0036,0.0,0.0,0.0,0.0512,0.0828
openstacks-opt11-strips-p03,0,False,11,168,300,516,0,819,0,0,0,0,0,0,0,0,0,1,1,1,0.0086,0.0009,0.0001,0.0012,0.0,0.0,0.0,0.0054,0.0168
openstacks-opt11-strips-p02,0,False,10,143,253,440,0,693,0,0,0,0,0,0,0,0,0,1,1,1,0.0058,0.0008,0.0001,0.0014,0.0,0.0,0.0,0.0049,0.0135
openstacks-opt11-strips-p04,0,False,12,195,351,598,0,949,0,0,0,0,0,0,0,0,0,1,1,1,0.0061,0.0011,0.0001,0.0014,0.0,0.0,0.0,0.0061,0.0152
openstacks-opt08-strips-p28,0,False,31,1088,2080,3296,0,5389,0,0,0,0,0,0,0,0,0,1,1,1,0.014,0.0103,0.0004,0.0036,0.0,0.0,0.0,0.0258,0.055
openstacks-opt08-strips-p25,0,False,28,899,1711,2726,0,4455,0,0,0,0,0,0,0,0,0,1,1,1,0.0114,0.0079,0.0003,0.003,0.0,0.0,0.0,0.0219,0.0454
openstacks-opt08-strips-p26,0,False,29,960,1830,2910,0,4749,0,0,0,0,0,0,0,0,0,1,1,1,0.0126,0.0088,0.0004,0.003,0.0,0.0,0.0,0.023,0.0486
openstacks-opt11-strips-p05,0,False,13,224,406,686,0,1095,0,0,0,0,0,0,0,0,0,1,1,1,0.0067,0.0013,0.0001,0.002,0.0,0.0,0.0,0.0069,0.0175
openstacks-opt11-strips-p01,0,False,9,120,210,370,0,579,0,0,0,0,0,0,0,0,0,1,1,1,0.0059,0.0006,0.0001,0.0014,0.0,0.0,0.0,0.0044,0.0128
openstacks-opt11-strips-p11,0,False,18,399,741,1216,0,1957,0,0,0,0,0,0,0,0,0,1,1,1,0.0069,0.0027,0.0002,0.0019,0.0,0.0,0.0,0.0112,0.0235
openstacks-opt11-strips-p08,0,False,16,323,595,986,0,1581,0,0,0,0,0,0,0,0,0,1,1,1,0.0086,0.002,0.0001,0.0016,0.0,0.0,0.0,0.0093,0.0223
openstacks-opt11-strips-p10,0,False,25,728,1378,2210,0,3613,0,0,0,0,0,0,0,0,0,1,1,1,0.0095,0.0061,0.0003,0.0029,0.0,0.0,0.0,0.0183,0.0377
openstacks-opt11-strips-p13,0,False,20,483,903,1470,0,2379,0,0,0,0,0,0,0,0,0,1,1,1,0.0199,0.0035,0.0002,0.0023,0.0,0.0,0.0,0.0138,0.0402
openstacks-opt11-strips-p12,0,False,19,440,820,1340,0,2167,0,0,0,0,0,0,0,0,0,1,1,1,0.0076,0.0031,0.0002,0.0021,0.0,0.0,0.0,0.0126,0.0261
openstacks-opt11-strips-p07,0,False,15,288,528,880,0,1409,0,0,0,0,0,0,0,0,0,1,1,1,0.0177,0.0018,0.0001,0.0016,0.0,0.0,0.0,0.0082,0.0299
openstacks-opt11-strips-p06,0,False,14,255,465,780,0,1247,0,0,0,0,0,0,0,0,0,1,1,1,0.0177,0.0015,0.0001,0.0018,0.0,0.0,0.0,0.0075,0.0291
openstacks-opt11-strips-p14,0,False,21,528,990,1606,0,2605,0,0,0,0,0,0,0,0,0,1,1,1,0.0197,0.004,0.0002,0.0024,0.0,0.0,0.0,0.0148,0.0416
openstacks-opt11-strips-p15,0,False,22,575,1081,1748,0,2835,0,0,0,0,0,0,0,0,0,1,1,1,0.0197,0.0044,0.0002,0.0022,0.0,0.0,0.0,0.0155,0.0427
openstacks-opt11-strips-p16,0,False,24,675,1275,2050,0,3327,0,0,0,0,0,0,0,0,0,1,1,1,0.0101,0.0054,0.0002,0.0028,0.0,0.0,0.0,0.0172,0.0364
openstacks-opt11-strips-p17,0,False,23,624,1176,1896,0,3077,0,0,0,0,0,0,0,0,0,1,1,1,0.0098,0.0049,0.0002,0.0025,0.0,0.0,0.0,0.0167,0.0347
openstacks-opt11-strips-p18,0,False,26,783,1485,2376,0,3873,0,0,0,0,0,0,0,0,0,1,1,1,0.01,0.0067,0.0003,0.0027,0.0,0.0,0.0,0.0194,0.0398
openstacks-opt11-strips-p09,0,False,17,360,666,1098,0,1769,0,0,0,0,0,0,0,0,0,1,1,1,0.0198,0.0024,0.0001,0.0019,0.0,0.0,0.0,0.0103,0.035
openstacks-opt14-strips-p35_3,0,False,34,1295,2485,3920,0,6567,0,0,0,0,0,0,0,0,0,1,1,1,0.0162,0.0144,0.0007,0.0046,0.0,0.0,0.0,0.0323,0.069
openstacks-opt14-strips-p25_1,0,False,24,675,1275,2050,0,3323,0,0,0,0,0,0,0,0,0,1,1,1,0.0095,0.0054,0.0002,0.0025,0.0,0.0,0.0,0.0172,0.0354
openstacks-opt14-strips-p30_3,0,False,29,960,1830,2910,0,4865,0,0,0,0,0,0,0,0,0,1,1,1,0.0137,0.0092,0.0005,0.0033,0.0,0.0,0.0,0.024,0.0515
openstacks-opt14-strips-p25_3,0,False,24,675,1275,2050,0,3403,0,0,0,0,0,0,0,0,0,1,1,1,0.0098,0.0059,0.0003,0.0027,0.0,0.0,0.0,0.0179,0.0371
openstacks-opt11-strips-p19,0,False,27,840,1596,2548,0,4153,0,0,0,0,0,0,0,0,0,1,1,1,0.012,0.0073,0.0003,0.0028,0.0,0.0,0.0,0.0207,0.0437
openstacks-opt14-strips-p20_2,0,False,19,440,820,1340,0,2163,0,0,0,0,0,0,0,0,0,1,1,1,0.0071,0.003,0.0002,0.0021,0.0,0.0,0.0,0.0125,0.0254
openstacks-opt14-strips-p35_2,0,False,34,1295,2485,3920,0,6415,0,0,0,0,0,0,0,0,0,1,1,1,0.0157,0.0131,0.0005,0.0039,0.0,0.0,0.0,0.0314,0.0655
openstacks-opt14-strips-p20_1,0,False,19,440,820,1340,0,2155,0,0,0,0,0,0,0,0,0,1,1,1,0.0078,0.003,0.0002,0.002,0.0,0.0,0.0,0.0125,0.026
openstacks-opt14-strips-p35_1,0,False,34,1295,2485,3920,0,6407,0,0,0,0,0,0,0,0,0,1,1,1,0.0157,0.0131,0.0005,0.0042,0.0,0.0,0.0,0.0342,0.0684
openstacks-opt14-strips-p30_2,0,False,29,960,1830,2910,0,4743,0,0,0,0,0,0,0,0,0,1,1,1,0.0135,0.0087,0.0004,0.003,0.0,0.0,0.0,0.023,0.0493
openstacks-opt14-strips-p30_1,0,False,29,960,1830,2910,0,4733,0,0,0,0,0,0,0,0,0,1,1,1,0.013,0.0086,0.0003,0.0034,0.0,0.0,0.0,0.0228,0.0488
openstacks-opt11-strips-p20,0,False,28,899,1711,2726,0,4455,0,0,0,0,0,0,0,0,0,1,1,1,0.0119,0.0081,0.0003,0.003,0.0,0.0,0.0,0.0219,0.046
openstacks-opt14-strips-p20_3,0,False,19,440,820,1340,0,2209,0,0,0,0,0,0,0,0,0,1,1,1,0.0076,0.0032,0.0002,0.0022,0.0,0.0,0.0,0.0128,0.0267
openstacks-opt14-strips-p45_3,0,False,44,2115,4095,6390,0,10749,0,0,0,0,0,0,0,0,0,1,1,1,0.0246,0.029,0.0014,0.0109,0.0,0.0,0.0,0.0535,0.1205
openstacks-opt14-strips-p40_1,0,False,39,1680,3240,5080,0,8319,0,0,0,0,0,0,0,0,0,1,1,1,0.0188,0.0191,0.0006,0.0079,0.0,0.0,0.0,0.0404,0.0876
openstacks-opt14-strips-p40_3,0,False,39,1680,3240,5080,0,8507,0,0,0,0,0,0,0,0,0,1,1,1,0.0204,0.0214,0.001,0.0101,0.0,0.0,0.0,0.0423,0.0959
openstacks-opt14-strips-p45_1,0,False,44,2115,4095,6390,0,10481,0,0,0,0,0,0,0,0,0,1,1,1,0.0255,0.0263,0.0008,0.0069,0.0,0.0,0.0,0.0505,0.1112
openstacks-opt14-strips-p50_3,0,False,49,2600,5050,7850,0,13191,0,0,0,0,0,0,0,0,0,1,1,1,0.0283,0.0387,0.0019,0.0099,0.0,0.0,0.0,0.0651,0.1449
openstacks-sat08-strips-p02,0,False,4,35,55,110,0,163,0,0,0,0,0,0,0,0,0,1,1,1,0.0179,0.0002,0.0,0.0047,0.0,0.0,0.0,0.0028,0.026
openstacks-opt14-strips-p45_2,0,False,44,2115,4095,6390,0,10513,0,0,0,0,0,0,0,0,0,1,1,1,0.0224,0.0269,0.0008,0.0133,0.0,0.0,0.0,0.0513,0.1159
openstacks-sat08-strips-p04,0,False,9,120,210,370,0,579,0,0,0,0,0,0,0,0,0,1,1,1,0.0051,0.0006,0.0001,0.0037,0.0,0.0,0.0,0.0044,0.0144
openstacks-opt14-strips-p50_2,0,False,49,2600,5050,7850,0,12929,0,0,0,0,0,0,0,0,0,1,1,1,0.026,0.0354,0.0011,0.0108,0.0,0.0,0.0,0.0616,0.136
openstacks-sat08-strips-p03,0,False,4,35,55,110,0,161,0,0,0,0,0,0,0,0,0,1,1,1,0.006,0.0002,0.0,0.0053,0.0,0.0,0.0,0.0026,0.0145
openstacks-opt14-strips-p40_2,0,False,39,1680,3240,5080,0,8327,0,0,0,0,0,0,0,0,0,1,1,1,0.0195,0.0193,0.0006,0.0089,0.0,0.0,0.0,0.0406,0.0898
openstacks-sat08-strips-p01,0,False,4,35,55,110,0,163,0,0,0,0,0,0,0,0,0,1,1,1,0.0046,0.0002,0.0,0.0055,0.0,0.0,0.0,0.0027,0.0135
openstacks-opt14-strips-p50_1,0,False,49,2600,5050,7850,0,12901,0,0,0,0,0,0,0,0,0,1,1,1,0.0312,0.0347,0.001,0.0142,0.0,0.0,0.0,0.0611,0.1436
openstacks-sat08-strips-p09,0,False,14,255,465,780,0,1243,0,0,0,0,0,0,0,0,0,1,1,1,0.0061,0.0015,0.0001,0.0015,0.0,0.0,0.0,0.0075,0.0173
openstacks-sat08-strips-p13,0,False,29,960,1830,2910,0,4749,0,0,0,0,0,0,0,0,0,1,1,1,0.0128,0.0087,0.0004,0.003,0.0,0.0,0.0,0.0229,0.0486
openstacks-sat08-strips-p06,0,False,9,120,210,370,0,579,0,0,0,0,0,0,0,0,0,1,1,1,0.0055,0.0006,0.0001,0.0012,0.0,0.0,0.0,0.0044,0.0124
openstacks-sat08-strips-p14,0,False,29,960,1830,2910,0,4763,0,0,0,0,0,0,0,0,0,1,1,1,0.013,0.0086,0.0004,0.003,0.0,0.0,0.0,0.0232,0.049
openstacks-sat08-strips-p15,0,False,29,960,1830,2910,0,4753,0,0,0,0,0,0,0,0,0,1,1,1,0.0123,0.0088,0.0004,0.003,0.0,0.0,0.0,0.0229,0.0481
openstacks-sat08-strips-p16,0,False,39,1680,3240,5080,0,8363,0,0,0,0,0,0,0,0,0,1,1,1,0.0187,0.0197,0.0007,0.0052,0.0,0.0,0.0,0.041,0.0862
openstacks-sat08-strips-p05,0,False,9,120,210,370,0,577,0,0,0,0,0,0,0,0,0,1,1,1,0.0049,0.0006,0.0001,0.0014,0.0,0.0,0.0,0.0044,0.0119
openstacks-sat08-strips-p17,0,False,39,1680,3240,5080,0,8349,0,0,0,0,0,0,0,0,0,1,1,1,0.018,0.0196,0.0008,0.0049,0.0,0.0,0.0,0.0409,0.085
openstacks-sat08-strips-p12,0,False,19,440,820,1340,0,2167,0,0,0,0,0,0,0,0,0,1,1,1,0.0066,0.0031,0.0002,0.0022,0.0,0.0,0.0,0.0126,0.0252
openstacks-sat08-strips-p11,0,False,19,440,820,1340,0,2175,0,0,0,0,0,0,0,0,0,1,1,1,0.0077,0.0031,0.0002,0.0021,0.0,0.0,0.0,0.0127,0.0263
openstacks-sat08-strips-p07,0,False,14,255,465,780,0,1247,0,0,0,0,0,0,0,0,0,1,1,1,0.0064,0.0015,0.0001,0.0017,0.0,0.0,0.0,0.0075,0.0177
openstacks-sat08-strips-p10,0,False,19,440,820,1340,0,2167,0,0,0,0,0,0,0,0,0,1,1,1,0.0078,0.0031,0.0002,0.0019,0.0,0.0,0.0,0.0127,0.0261
openstacks-sat08-strips-p08,0,False,14,255,465,780,0,1243,0,0,0,0,0,0,0,0,0,1,1,1,0.0063,0.0015,0.0001,0.0017,0.0,0.0,0.0,0.0075,0.0176
openstacks-sat08-strips-p19,0,False,49,2600,5050,7850,0,12967,0,0,0,0,0,0,0,0,0,1,1,1,0.0272,0.0359,0.0011,0.0079,0.0,0.0,0.0,0.062,0.1353
openstacks-sat08-strips-p20,0,False,49,2600,5050,7850,0,12991,0,0,0,0,0,0,0,0,0,1,1,1,0.0268,0.0364,0.0012,0.0077,0.0,0.0,0.0,0.0627,0.1361
openstacks-sat08-strips-p22,0,False,59,3720,7260,11220,0,18605,0,0,0,0,0,0,0,0,0,1,1,1,0.0398,0.0604,0.0018,0.0115,0.0,0.0,0.0,0.0905,0.2054
openstacks-sat08-strips-p18,0,False,39,1680,3240,5080,0,8343,0,0,0,0,0,0,0,0,0,1,1,1,0.0188,0.0199,0.0007,0.005,0.0,0.0,0.0,0.0413,0.0865
openstacks-sat08-strips-p30,0,False,99,10200,20100,30700,0,51087,0,0,0,0,0,0,0,0,0,1,1,1,0.1228,0.2707,0.0065,0.0387,0.0,0.0,0.0,0.2875,0.7295
openstacks-sat08-strips-p28,0,False,99,10200,20100,30700,0,51073,0,0,0,0,0,0,0,0,0,1,1,1,0.1213,0.2692,0.0063,0.0388,0.0,0.0,0.0,0.286,0.7249
openstacks-sat08-strips-p29,0,False,99,10200,20100,30700,0,51079,0,0,0,0,0,0,0,0,0,1,1,1,0.1216,0.2692,0.0057,0.0389,0.0,0.0,0.0,0.2878,0.7271
openstacks-sat08-strips-p21,0,False,49,2600,5050,7850,0,12951,0,0,0,0,0,0,0,0,0,1,1,1,0.0261,0.0358,0.0011,0.0082,0.0,0.0,0.0,0.0619,0.1342
openstacks-sat08-strips-p25,0,False,79,6560,12880,19760,0,32813,0,0,0,0,0,0,0,0,0,1,1,1,0.0707,0.1409,0.0037,0.0219,0.0,0.0,0.0,0.1678,0.4077
openstacks-sat08-strips-p24,0,False,59,3720,7260,11220,0,18559,0,0,0,0,0,0,0,0,0,1,1,1,0.038,0.06,0.0016,0.0116,0.0,0.0,0.0,0.0892,0.202
openstacks-sat08-strips-p23,0,False,59,3720,7260,11220,0,18563,0,0,0,0,0,0,0,0,0,1,1,1,0.266,0.0601,0.0019,0.0123,0.0,0.0,0.0,0.0895,0.4313
openstacks-sat08-strips-p27,0,False,79,6560,12880,19760,0,32801,0,0,0,0,0,0,0,0,0,1,1,1,0.0722,0.1366,0.0032,0.0214,0.0,0.0,0.0,0.1678,0.4039
openstacks-sat08-strips-p26,0,False,79,6560,12880,19760,0,32775,0,0,0,0,0,0,0,0,0,1,1,1,0.0725,0.1356,0.0031,0.0215,0.0,0.0,0.0,0.1681,0.4035
openstacks-sat11-strips-p04,0,False,79,6560,12880,19760,0,32813,0,0,0,0,0,0,0,0,0,1,1,1,0.0713,0.1374,0.0037,0.022,0.0,0.0,0.0,0.1676,0.4048
openstacks-sat11-strips-p09,0,False,99,10200,20100,30700,0,51079,0,0,0,0,0,0,0,0,0,1,1,1,0.124,0.2719,0.0065,0.0373,0.0,0.0,0.0,0.2876,0.7307
openstacks-sat11-strips-p08,0,False,99,10200,20100,30700,0,51073,0,0,0,0,0,0,0,0,0,1,1,1,0.1205,0.2686,0.0056,0.0374,0.0,0.0,0.0,0.2831,0.7187
openstacks-sat11-strips-p01,0,False,49,2600,5050,7850,0,12951,0,0,0,0,0,0,0,0,0,1,1,1,0.0267,0.0356,0.0011,0.0079,0.0,0.0,0.0,0.0619,0.1342
openstacks-sat11-strips-p03,0,False,59,3720,7260,11220,0,18559,0,0,0,0,0,0,0,0,0,1,1,1,0.0387,0.06,0.0016,0.0117,0.0,0.0,0.0,0.0889,0.2025
openstacks-sat11-strips-p05,0,False,79,6560,12880,19760,0,32775,0,0,0,0,0,0,0,0,0,1,1,1,0.0727,0.1356,0.0031,0.022,0.0,0.0,0.0,0.1679,0.4038
openstacks-sat11-strips-p07,0,False,49,2600,5050,7850,0,12991,0,0,0,0,0,0,0,0,0,1,1,1,0.028,0.0372,0.0012,0.0077,0.0,0.0,0.0,0.0625,0.1377
openstacks-sat11-strips-p10,0,False,99,10200,20100,30700,0,51087,0,0,0,0,0,0,0,0,0,1,1,1,0.1223,0.2692,0.0065,0.0389,0.0,0.0,0.0,0.2865,0.7269
openstacks-sat11-strips-p02,0,False,59,3720,7260,11220,0,18605,0,0,0,0,0,0,0,0,0,1,1,1,0.0381,0.0607,0.0018,0.0115,0.0,0.0,0.0,0.0903,0.2039
openstacks-sat11-strips-p06,0,False,79,6560,12880,19760,0,32801,0,0,0,0,0,0,0,0,0,1,1,1,0.0716,0.1392,0.0032,0.0222,0.0,0.0,0.0,0.1692,0.408
openstacks-sat11-strips-p11,0,False,129,17160,33930,51610,0,85823,0,0,0,0,0,0,0,0,0,1,1,1,0.2397,0.5977,0.0101,0.0698,0.0,0.0,0.0,0.671,1.5942
openstacks-sat11-strips-p12,0,False,129,17160,33930,51610,0,87209,0,0,0,0,0,0,0,0,0,1,1,1,0.2628,0.6693,0.0216,0.0775,0.0,0.0,0.0,0.7139,1.7517
openstacks-sat11-strips-p13,0,False,159,25920,51360,77920,0,129655,0,0,0,0,0,0,0,0,0,1,1,1,0.4082,1.125,0.0208,0.119,0.0,0.0,0.0,1.1416,2.8227
openstacks-sat11-strips-p14,0,False,159,25920,51360,77920,0,131465,0,0,0,0,0,0,0,0,0,1,1,1,0.4584,1.3221,0.0427,0.1333,0.0,0.0,0.0,1.2177,3.1838
openstacks-sat14-strips-p190_2,0,False,189,36480,72390,109630,0,182759,0,0,0,0,0,0,0,0,0,1,1,1,1.369,1.9649,0.0392,0.1964,0.0,0.0,0.0,1.8663,5.4463
openstacks-sat14-strips-p210_1,0,False,209,44520,88410,133770,0,222733,0,0,0,0,0,0,0,0,0,1,1,1,1.5521,2.8358,0.0486,0.2527,0.0,0.0,0.0,2.4381,7.1402
openstacks-sat11-strips-p19,0,False,249,63000,125250,189250,0,315821,0,0,0,0,0,0,0,0,0,1,1,1,1.415,5.4525,0.0929,0.4288,0.0,0.0,0.0,4.0668,11.474
openstacks-sat11-strips-p17,0,False,219,48840,97020,146740,0,244739,0,0,0,0,0,0,0,0,0,1,1,1,1.0071,3.4958,0.0614,0.2869,0.0,0.0,0.0,2.7836,7.651
openstacks-sat11-strips-p18,0,False,219,48840,97020,146740,0,247575,0,0,0,0,0,0,0,0,0,1,1,1,1.0615,4.0929,0.1299,0.3144,0.0,0.0,0.0,2.9346,8.5524
openstacks-sat11-strips-p16,0,False,189,36480,72390,109630,0,184887,0,0,0,0,0,0,0,0,0,1,1,1,0.7285,2.2939,0.0767,0.2105,0.0,0.0,0.0,1.9685,5.2908
openstacks-sat14-strips-p170_3,0,False,169,29240,57970,87890,0,148211,0,0,0,0,0,0,0,0,0,1,1,1,0.559,1.6127,0.0511,0.1532,0.0,0.0,0.0,1.4386,3.8267
openstacks-sat14-strips-p170_2,0,False,169,29240,57970,87890,0,146415,0,0,0,0,0,0,0,0,0,1,1,1,0.5187,1.4259,0.0263,0.1419,0.0,0.0,0.0,1.3611,3.484
openstacks-sat14-strips-p190_3,0,False,189,36480,72390,109630,0,184881,0,0,0,0,0,0,0,0,0,1,1,1,0.7385,2.3194,0.0758,0.2099,0.0,0.0,0.0,1.9679,5.3241
openstacks-sat11-strips-p15,0,False,189,36480,72390,109630,0,182729,0,0,0,0,0,0,0,0,0,1,1,1,1.3426,1.9613,0.0386,0.1939,0.0,0.0,0.0,1.8678,5.4149
openstacks-sat11-strips-p20,0,False,249,63000,125250,189250,0,319223,0,0,0,0,0,0,0,0,0,1,1,1,1.525,5.3529,0.2049,0.4643,0.0,0.0,0.0,4.2693,11.8371
openstacks-sat14-strips-p190_1,0,False,189,36480,72390,109630,0,182513,0,0,0,0,0,0,0,0,0,1,1,1,1.3215,1.9637,0.0355,0.1947,0.0,0.0,0.0,1.8608,5.3865
openstacks-sat14-strips-p210_2,0,False,209,44520,88410,133770,0,222927,0,0,0,0,0,0,0,0,0,1,1,1,0.8573,2.8528,0.0517,0.2537,0.0,0.0,0.0,2.4423,6.4709
openstacks-sat14-strips-p230_1,0,False,229,53360,106030,160310,0,266897,0,0,0,0,0,0,0,0,0,1,1,1,1.0953,3.9808,0.0615,0.3195,0.0,0.0,0.0,3.1449,8.6228
openstacks-sat14-strips-p210_3,0,False,209,44520,88410,133770,0,225659,0,0,0,0,0,0,0,0,0,1,1,1,0.9297,3.3305,0.1129,0.2799,0.0,0.0,0.0,2.5845,7.2539
openstacks-sat14-strips-p270_3,0,False,269,73440,146070,220590,0,371855,0,0,0,0,0,0,0,0,0,1,1,1,1.8828,6.8107,0.2631,0.5886,0.0,0.0,0.0,5.5308,15.1034
openstacks-strips-p01,0,True,4,40,65,135,0,209,21,0,0,0,0,0,0,0,0,21,21,21,0.019,0.0004,0.0001,0.0012,0.0,0.0,0.0,0.004,0.0251
openstacks-sat14-strips-p250_2,0,False,249,63000,125250,189250,0,315661,0,0,0,0,0,0,0,0,0,1,1,1,1.3988,5.5122,0.0889,0.4282,0.0,0.0,0.0,4.0755,11.5212
openstacks-sat14-strips-p230_2,0,False,229,53360,106030,160310,0,267405,0,0,0,0,0,0,0,0,0,1,1,1,1.1153,4.1645,0.0716,0.3253,0.0,0.0,0.0,3.1627,8.8607
openstacks-sat14-strips-p250_1,0,False,249,63000,125250,189250,0,315303,0,0,0,0,0,0,0,0,0,1,1,1,1.3858,5.5091,0.0799,0.4208,0.0,0.0,0.0,4.0224,11.4351
openstacks-sat14-strips-p290_3,0,False,289,84680,168490,254330,0,428657,0,0,0,0,0,0,0,0,0,1,1,1,2.2719,9.1799,0.3465,0.7159,0.0,0.0,0.0,7.095,19.6451
openstacks-sat14-strips-p270_1,0,False,269,73440,146070,220590,0,367741,0,0,0,0,0,0,0,0,0,1,1,1,1.7194,6.7939,0.1016,0.5146,0.0,0.0,0.0,5.2686,14.4207
openstacks-sat14-strips-p290_1,0,False,289,84680,168490,254330,0,423963,0,0,0,0,0,0,0,0,0,1,1,1,2.1132,8.7612,0.127,0.6489,0.0,0.0,0.0,6.7156,18.3945
openstacks-sat14-strips-p270_2,0,False,269,73440,146070,220590,0,368157,0,0,0,0,0,0,0,0,0,1,1,1,1.734,6.9991,0.1169,0.5242,0.0,0.0,0.0,5.3229,14.7206
openstacks-strips-p02,0,True,4,40,65,135,0,209,23,0,0,0,0,0,0,0,0,21,21,21,0.0055,0.0004,0.0001,0.001,0.0,0.0,0.0,0.0039,0.0114
openstacks-sat14-strips-p250_3,0,False,249,63000,125250,189250,0,319247,0,0,0,0,0,0,0,0,0,1,1,1,1.5205,5.3123,0.2083,0.4628,0.0,0.0,0.0,4.2797,11.8047
openstacks-sat14-strips-p290_2,0,False,289,84680,168490,254330,0,424631,0,0,0,0,0,0,0,0,0,1,1,1,2.1923,8.9074,0.1517,0.6567,0.0,0.0,0.0,6.7516,18.69
openstacks-sat14-strips-p230_3,0,False,229,53360,106030,160310,0,270389,0,0,0,0,0,0,0,0,0,1,1,1,1.1919,4.7339,0.1532,0.3533,0.0,0.0,0.0,3.3464,9.805
openstacks-strips-p13,0,True,19,460,881,1463,0,2542,77,0,0,0,0,0,0,0,0,81,81,81,2.2623,0.0097,0.0076,0.0022,0.0,0.0,0.0,0.0246,2.3071
openstacks-strips-p05,0,True,4,40,65,135,0,209,22,0,0,0,0,0,0,0,0,21,21,21,0.0216,0.0004,0.0001,0.0014,0.0,0.0,0.0,0.0041,0.0281
openstacks-strips-p04,0,True,4,40,65,135,0,209,21,0,0,0,0,0,0,0,0,21,21,21,2.1174,0.0004,0.0001,0.0013,0.0,0.0,0.0,0.004,2.1236
openstacks-strips-p11,0,True,19,460,881,1463,0,2422,74,0,0,0,0,0,0,0,0,81,81,81,0.0162,0.0091,0.0051,0.0026,0.0,0.0,0.0,0.0246,0.0583
openstacks-strips-p12,0,True,19,460,881,1463,0,2482,77,0,0,0,0,0,0,0,0,81,81,81,2.1238,0.0093,0.006,0.0025,0.0,0.0,0.0,0.0247,2.1671
openstacks-strips-p03,0,True,4,40,65,135,0,209,21,0,0,0,0,0,0,0,0,21,21,21,0.0062,0.0004,0.0001,0.0014,0.0,0.0,0.0,0.0039,0.0127
openstacks-strips-p14,0,True,19,460,881,1463,0,2542,72,0,0,0,0,0,0,0,0,81,81,81,0.0185,0.0096,0.0076,0.0024,0.0,0.0,0.0,0.0249,0.0638
openstacks-strips-p10,0,True,19,460,881,1463,0,2422,73,0,0,0,0,0,0,0,0,81,81,81,0.0184,0.0087,0.005,0.0024,0.0,0.0,0.0,0.0245,0.0598
openstacks-strips-p15,0,True,19,460,881,1463,0,2602,75,0,0,0,0,0,0,0,0,81,81,81,2.1275,0.0102,0.0101,0.0023,0.0,0.0,0.0,0.0251,2.1758
openstacks-strips-p07,0,True,9,130,230,420,0,699,41,0,0,0,0,0,0,0,0,41,41,41,0.0079,0.0016,0.0005,0.0016,0.0,0.0,0.0,0.0077,0.0199
openstacks-strips-p06,0,True,9,130,230,420,0,699,41,0,0,0,0,0,0,0,0,41,41,41,0.0062,0.0016,0.0005,0.0016,0.0,0.0,0.0,0.0077,0.0182
openstacks-strips-p08,0,True,14,290,551,963,0,1807,62,0,0,0,0,0,0,0,0,81,81,81,0.0287,0.0074,0.004,0.0027,0.0,0.0,0.0,0.0156,0.0591
openstacks-strips-p09,0,True,14,290,551,963,0,1837,63,0,0,0,0,0,0,0,0,81,81,81,0.0163,0.007,0.0041,0.0023,0.0,0.0,0.0,0.0156,0.0459
openstacks-strips-p22,0,True,29,990,1921,3093,0,5222,113,0,0,0,0,0,0,0,0,121,121,121,0.0253,0.0276,0.0336,0.0039,0.0,0.0,0.0,0.0458,0.1373
openstacks-strips-p17,0,True,19,480,921,1553,0,2981,83,0,0,0,0,0,0,0,0,101,101,101,0.0168,0.0141,0.0131,0.0025,0.0,0.0,0.0,0.026,0.0733
openstacks-strips-p16,0,True,19,460,881,1463,0,2602,72,0,0,0,0,0,0,0,0,81,81,81,0.0148,0.0103,0.0104,0.0035,0.0,0.0,0.0,0.0252,0.0649
openstacks-strips-p19,0,True,24,700,1351,2203,0,3622,82,0,0,0,0,0,0,0,0,101,101,101,0.0177,0.0186,0.016,0.0033,0.0,0.0,0.0,0.0346,0.091
openstacks-strips-p21,0,True,29,990,1921,3093,0,5132,105,0,0,0,0,0,0,0,0,121,121,121,0.0242,0.0284,0.0277,0.0037,0.0,0.0,0.0,0.0457,0.1307
openstacks-strips-p18,0,True,24,768,1487,2509,0,5218,105,0,0,0,0,0,0,0,0,169,169,169,0.0319,0.0394,0.0429,0.0039,0.0,0.0,0.0,0.0384,0.1577
openstacks-strips-p23,0,True,29,990,1921,3093,0,5312,108,0,0,0,0,0,0,0,0,121,121,121,0.0263,0.0304,0.0388,0.0035,0.0,0.0,0.0,0.0463,0.1465
openstacks-strips-p27,0,True,74,5850,11551,17853,0,29969,253,0,0,0,0,0,0,0,0,301,301,301,0.178,0.4637,1.4947,0.0242,0.0,0.0,0.0,0.2764,2.4408
openstacks-strips-p20,0,True,29,990,1921,3093,0,5132,105,0,0,0,0,0,0,0,0,121,121,121,0.0249,0.0277,0.0286,0.0036,0.0,0.0,0.0,0.0456,0.1316
openstacks-strips-p25,0,True,49,2650,5201,8153,0,17146,160,0,0,0,0,0,0,0,0,201,201,201,0.0935,0.2047,2.0585,0.015,0.0,0.0,0.0,0.15,2.5247
openstacks-strips-p28,0,True,99,10300,20401,31303,0,71503,320,0,0,0,0,0,0,0,0,401,401,401,0.6712,2.4118,172.5651,0.0922,0.0,0.0,0.0,0.8988,176.6629
openstacks-strips-p24,0,True,49,2650,5201,8153,0,17845,179,0,0,0,0,0,0,0,0,201,201,201,0.0997,0.2044,2.9731,0.0165,0.0,0.0,0.0,0.1562,3.4526
openstacks-strips-p26,0,True,49,2650,5201,8153,0,13615,180,0,0,0,0,0,0,0,0,201,201,201,0.0651,0.1333,0.3439,0.0107,0.0,0.0,0.0,0.1181,0.673
organic-synthesis-opt18-strips-p09,0,True,4,4,18,35,0,41,0,0,0,0,0,0,0,0,0,2,2,2,0.1223,0.0188,0.0,0.0026,0.0,0.0,0.0,0.0015,0.1475
organic-synthesis-opt18-strips-p02,0,True,1,2,17,30,0,28,1,0,0,0,0,0,0,0,0,1,1,1,0.0086,0.0007,0.0,0.001,0.0,0.0,0.0,0.002,0.0127
organic-synthesis-opt18-strips-p07,0,True,0,1,12,26,0,24,0,0,0,0,1,0,0,0,0,2,2,2,0.0058,0.0001,0.0,0.0012,0.0,0.0,0.0,0.0013,0.0089
organic-synthesis-opt18-strips-p11,0,True,65,506,2010,2591,0,2355,6,0,0,0,0,0,0,0,0,2,2,2,6.2924,535.025,0.0002,0.0043,0.0,0.0,0.0,0.0376,541.4814
organic-synthesis-opt18-strips-p10,0,True,4,4,18,35,0,41,0,0,0,0,0,0,0,0,0,2,2,2,0.1245,0.0196,0.0,0.0027,0.0,0.0,0.0,0.0015,0.1505
organic-synthesis-sat18-strips-p06,0,True,20,16,80,125,0,187,0,0,0,0,0,0,0,0,0,2,2,2,0.3294,0.2692,0.0,0.0056,0.0,0.0,0.0,0.0024,0.614
organic-synthesis-opt18-strips-p14,0,True,11,8,73,112,0,104,3,0,0,0,0,0,0,0,0,2,2,2,0.0446,0.029,0.0,0.0014,0.0,0.0,0.0,0.0018,0.0778
organic-synthesis-opt18-strips-p03,0,True,3,5,22,43,0,62,2,0,0,0,0,0,0,0,0,2,2,2,0.0431,0.0174,0.0,0.0014,0.0,0.0,0.0,0.0015,0.0645
openstacks-strips-p29,0,True,99,10300,20401,31303,0,67495,311,0,0,0,0,0,0,0,0,401,401,401,0.6087,2.2507,95.0478,0.0905,0.0,0.0,0.0,0.8062,98.8146
openstacks-strips-p30,0,True,99,10300,20401,31303,0,52657,353,0,0,0,0,0,0,0,0,401,401,401,0.372,1.3201,5.2261,0.051,0.0,0.0,0.0,0.5267,7.5021
organic-synthesis-opt18-strips-p12,0,True,2,6,61,90,0,105,5,0,0,0,0,0,0,0,0,2,2,2,16.7225,3.4845,0.0,0.162,0.0,0.0,0.0,0.003,20.5741
organic-synthesis-opt18-strips-p01,0,True,0,1,9,19,0,18,0,0,0,0,1,0,0,0,0,1,1,1,0.0067,0.0003,0.0,0.0009,0.0,0.0,0.0,0.0012,0.0097
organic-synthesis-split-opt18-strips-p02,0,False,229,3556,4277,8074,0,6223,90,0,0,0,1,0,0,0,0,41,53,41,0.0275,0.0687,0.0206,0.0069,0.0,0.0001,0.0,0.1865,0.312
organic-synthesis-split-opt18-strips-p05,0,False,1269,27392,42849,71513,0,74930,227,0,0,0,1,0,0,0,0,122,176,122,0.5089,2.7964,2.1543,0.1595,0.0,0.0005,0.0,7.004,12.634
organic-synthesis-sat18-strips-p07,0,True,22,54,763,863,0,809,3,0,0,0,0,0,0,0,0,2,2,2,1.4222,0.4578,0.0001,0.0017,0.0,0.0,0.0,0.0141,1.9267
organic-synthesis-split-opt18-strips-p04,0,False,718,10432,14464,25637,0,24434,242,0,0,0,2,0,0,0,0,239,248,239,0.129,0.6041,0.6527,0.0393,0.0,0.0005,0.0,0.5454,1.9765
organic-synthesis-split-opt18-strips-p07,0,False,14,24,66,130,0,164,19,0,0,0,0,0,0,0,0,189,189,189,0.005,0.0005,0.0001,0.0009,0.0,0.0,0.0,0.0043,0.0113
organic-synthesis-split-opt18-strips-p06,0,False,1124,33514,47378,82045,0,74384,344,20,0,0,2,0,0,0,0,247,400,247,0.5438,3.662,3.5582,0.1667,0.0,3.0437,0.0,191.9083,199.8524
organic-synthesis-sat18-strips-p16,0,True,354,6564,26484,33408,0,31217,17,0,0,0,0,0,0,0,0,6,6,6,1.2661,9.5021,0.0727,0.0352,0.0,0.0,0.0,0.4543,11.3555
organic-synthesis-split-opt18-strips-p08,2,False,1828,61569,91315,154726,0,152124,447,0,0,0,0,0,0,0,0,0.0,512,512,1.3415,10.8111,26.1424,0.4573,0.0,0.0,0.0,861.2965,900.0896
organic-synthesis-split-opt18-strips-p01,0,False,189,2042,2631,4874,0,4193,91,0,0,0,1,0,0,0,0,41,61,41,0.0173,0.0264,0.011,0.0043,0.0,0.0001,0.0,0.1166,0.177
organic-synthesis-split-opt18-strips-p03,0,False,526,7627,10880,19086,0,16766,176,128,0,0,30,0,0,0,0,247,289,247,0.2806,0.4335,0.295,0.022,0.0,0.8952,0.0,5.9836,7.0184
organic-synthesis-split-opt18-strips-p11,0,False,1284,19706,32859,53858,0,59069,125,6,0,0,2,0,7,0,0,73,86,73,0.3667,1.5535,0.3845,0.1232,0.0,1.9249,0.0,376.7623,379.1973
organic-synthesis-split-opt18-strips-p09,0,False,413,5144,6447,12007,0,10287,96,30,0,0,11,0,422,0,0,47,59,47,0.0469,0.1419,0.0421,0.0135,0.0,0.1018,0.0,16.4127,16.659
organic-synthesis-split-opt18-strips-p10,0,False,423,5236,6655,12317,0,10661,97,7,0,0,3,0,237,0,0,47,59,47,0.0459,0.1503,0.0523,0.0142,0.0,0.0184,0.0,14.376,14.6402
organic-synthesis-split-opt18-strips-p13,2,False,2865,112997,174331,290200,0,288927,356,0,0,0,0,0,0,0,0,0.0,308,308,3.5505,35.4743,74.4327,1.5102,0.0,0.0,0.0,786.8973,901.9114
organic-synthesis-split-opt18-strips-p12,0,False,1502,19368,33734,54609,0,63650,114,0,0,0,3,0,0,0,0,39,56,39,0.4724,1.7834,0.3028,0.1497,0.0,0.0015,0.0,14.3025,17.0202
organic-synthesis-split-opt18-strips-p17,2,False,4791,179035,280973,464835,0,474875,434,0,0,0,0,0,0,0,0,0.0,479,479,16.8909,146.4232,456.3235,4.0645,0.0,0.0,0.0,276.749,900.5088
organic-synthesis-split-opt18-strips-p15,2,False,3264,119355,178943,301583,0,298588,367,0,0,0,0,0,0,0,0,0.0,527,527,4.3872,47.6735,84.0284,1.729,0.0,0.0,0.0,762.5317,900.4018
organic-synthesis-split-opt18-strips-p18,2,False,3927,173049,250921,427926,0,401273,383,0,0,0,0,0,0,0,0,0.0,637,637,7.8335,104.5392,193.5899,3.0024,0.0,0.0,0.0,592.9447,901.9542
organic-synthesis-split-opt18-strips-p16,0,False,3964,128940,209140,342069,0,361916,248,0,0,0,1,0,0,0,0,103,121,103,9.558,70.7392,94.8122,2.4334,0.0,0.0026,0.0,594.5315,772.1486
organic-synthesis-split-opt18-strips-p14,0,False,367,9083,10593,20066,0,14439,97,6,0,0,2,0,0,0,0,55,65,55,0.0669,0.3969,0.1041,0.0219,0.0,0.0322,0.0,0.9842,1.5782
organic-synthesis-split-opt18-strips-p19,0,False,2354,73600,110801,186760,0,186863,282,0,0,0,2,0,0,0,0,155,162,155,2.1345,18.1821,22.3386,0.796,0.0,0.003,0.0,803.8706,847.3511
organic-synthesis-split-opt18-strips-p20,2,False,2705,102307,148321,253353,0,242571,443,0,0,0,0,0,0,0,0,0.0,448,448,2.9276,31.3953,59.1864,1.1911,0.0,0.0,0.0,805.5054,900.2749
organic-synthesis-split-sat18-strips-p01,0,False,810,13776,19963,34589,0,33373,295,0,0,0,0,0,0,0,0,216,216,216,0.1783,0.8477,1.303,0.0562,0.0,0.0,0.0,0.5768,2.9664
organic-synthesis-split-sat18-strips-p02,0,False,775,15109,21120,37057,0,31655,185,43,0,0,7,0,0,0,0,247,308,247,0.5751,1.2135,1.4496,0.0583,0.0,1.1004,0.0,11.2201,14.5233
organic-synthesis-split-sat18-strips-p03,0,False,1612,55216,81755,138633,0,135387,436,0,0,0,1,0,0,0,0,246,450,246,1.1169,9.4653,13.9297,0.3899,0.0,0.0012,0.0,284.4969,309.4147
organic-synthesis-split-sat18-strips-p04,0,False,1278,33389,49355,84033,0,77198,228,0,0,0,0,0,0,0,0,158,158,158,0.6126,4.5597,2.4591,0.1947,0.0,0.0,0.0,23.779,31.6168
organic-synthesis-split-sat18-strips-p05,0,False,2211,65368,101271,168857,0,166412,325,5,0,0,8,0,341,0,0,224,281,224,1.9001,16.5254,31.1271,0.6951,0.0,4.6237,0.0,776.7907,827.0656
parcprinter-08-strips-p01,0,False,14,17,42,95,0,125,33,0,0,0,0,0,0,0,0,169009,169009,169009,0.0166,0.0002,0.0,0.0011,0.0,0.0,0.0,0.0044,0.0228
parcprinter-08-strips-p02,0,False,26,33,67,160,0,220,56,0,0,0,1,0,0,0,0,438047,446047,438047,0.0248,0.0004,0.0001,0.0013,0.0,0.0,0.0,0.0069,0.034
organic-synthesis-split-sat18-strips-p06,0,False,525,9107,10940,20575,0,16104,97,26,0,0,9,0,0,0,0,45,59,45,0.0849,0.4204,0.1058,0.0257,0.0,0.1907,0.0,7.7401,8.38
organic-synthesis-split-sat18-strips-p07,0,False,2024,27766,50419,80220,0,90973,126,0,0,0,1,0,0,0,0,48,49,48,0.925,4.3549,0.4117,0.3024,0.0,0.0007,0.0,34.605,40.6113
organic-synthesis-split-sat18-strips-p08,0,False,3180,117000,183773,303958,0,298471,233,0,0,0,0,0,0,0,0,108,108,108,4.4554,56.352,12.519,1.8852,0.0,0.0,0.0,17.9655,93.2179
organic-synthesis-split-sat18-strips-p09,2,False,4640,228474,348502,581623,0,555108,335,0,0,0,0,0,0,0,0,0.0,238,238,10.8871,178.7829,211.0022,5.0901,0.0,0.0,0.0,495.0936,900.9196
organic-synthesis-split-sat18-strips-p12,3,False,4886,298520,423572,0,0,0,0,0,0,0,0,0,0,0,0,0.0,1e+20,1e+20,14.9653,284.3841,600.6238,0.0,0.0,0.0,0.0,0.0,905.1417
organic-synthesis-split-sat18-strips-p10,2,False,3137,99271,152726,255145,0,251404,367,0,0,0,0,0,0,0,0,0.0,370,370,3.7917,43.9655,94.9236,1.521,0.0,0.0,0.0,755.9613,900.2148
organic-synthesis-split-sat18-strips-p11,2,False,4935,240849,350755,596546,0,567371,406,0,0,0,0,0,0,0,0,0.0,362,362,12.2028,182.7219,453.7439,5.0406,0.0,0.0,0.0,246.9079,900.696
organic-synthesis-split-sat18-strips-p13,3,False,8666,646661,934803,0,0,0,0,0,0,0,0,0,0,0,0,0.0,1e+20,1e+20,56.7322,843.2181,0.0,0.0,0.0,0.0,0.0,0.0,901.4306
organic-synthesis-split-sat18-strips-p14,3,False,6193,369806,523130,0,0,0,0,0,0,0,0,0,0,0,0,0.0,1e+20,1e+20,22.2592,391.9564,485.7529,0.0,0.0,0.0,0.0,0.0,948.138
organic-synthesis-split-sat18-strips-p15,0,False,1005,20137,26398,47565,0,41806,365,21,0,0,3,0,0,0,0,273,404,273,0.2967,2.3137,3.0132,0.0927,0.0,0.4241,0.0,11.4585,17.1833
organic-synthesis-split-sat18-strips-p16,0,False,2776,46110,76427,125401,0,127946,267,44,0,0,22,0,0,0,0,540,616,540,1.5798,14.7058,46.9542,0.6009,0.0,220.7118,0.0,289.6272,353.4878
organic-synthesis-split-sat18-strips-p17,3,False,5284,292298,421291,0,0,0,0,0,0,0,0,0,0,0,0,0.0,1e+20,1e+20,24.972,296.5831,578.4083,0.0,0.0,0.0,0.0,0.0,902.2162
organic-synthesis-split-sat18-strips-p18,3,False,5012,237975,341672,0,0,0,0,0,0,0,0,0,0,0,0,0.0,1e+20,1e+20,11.7141,222.0747,666.1895,0.0,0.0,0.0,0.0,0.0,901.2543
organic-synthesis-split-sat18-strips-p20,3,False,10608,705330,1000070,0,0,0,0,0,0,0,0,0,0,0,0,0.0,1e+20,1e+20,67.9528,831.9933,0.0,0.0,0.0,0.0,0.0,0.0,903.3089
organic-synthesis-split-sat18-strips-p19,-2,False,0,0,0,0,0,0,0,0,0,0,0,0,0,0,0,0,1e+20,1e+20,0,0,0,0,0,0,0,0,0
parcprinter-08-strips-p03,0,False,2,2,45,114,0,167,0,0,0,0,0,0,0,0,0,807114,807114,807114,0.0233,0.0003,0.0,0.0014,0.0,0.0,0.0,0.0022,0.0277
parcprinter-08-strips-p05,0,False,65,83,146,359,0,513,135,0,0,0,2,0,0,0,0,1145132,1439152,1145132,0.0058,0.0019,0.0004,0.0014,0.0,0.0001,0.0,0.0075,0.0176
parcprinter-08-strips-p04,0,False,53,67,121,294,0,418,112,0,0,0,2,0,0,0,0,876094,1027104,876094,0.0234,0.0013,0.0002,0.0016,0.0,0.0001,0.0,0.007,0.034
parcprinter-08-strips-p08,0,False,104,133,225,558,0,806,214,0,0,0,1,0,0,0,0,1852217,2565267,1852217,0.0079,0.0046,0.0012,0.0016,0.0,0.0001,0.0,0.0097,0.0254
parcprinter-08-strips-p07,0,False,98,121,208,501,0,727,211,0,0,0,2,0,0,0,0,1383121,1534131,1383121,0.0157,0.0039,0.0008,0.0015,0.0,0.0001,0.0,0.0097,0.0321
parcprinter-08-strips-p06,0,False,74,97,167,420,0,600,148,0,0,0,3,0,0,0,0,1514199,2092239,1514199,0.0069,0.0025,0.0006,0.0016,0.0,0.0001,0.0,0.0078,0.02
parcprinter-08-strips-p10,0,False,125,163,271,684,0,988,250,0,0,0,1,0,0,0,0,2490322,3629402,2490322,0.0588,0.0073,0.0022,0.002,0.0,0.0001,0.0,0.0108,0.0816
parcprinter-08-strips-p09,0,False,116,149,250,623,0,901,237,0,0,0,2,0,0,0,0,2121255,2842305,2121255,0.0074,0.0059,0.0016,0.0022,0.0,0.0001,0.0,0.0106,0.0282
parcprinter-08-strips-p11,0,False,17,22,52,116,0,172,26,0,0,0,0,0,0,0,0,165989,165989,165989,0.005,0.0003,0.0,0.0013,0.0,0.0,0.0,0.0042,0.0113
parcprinter-08-strips-p12,0,False,34,44,85,197,0,304,49,0,0,0,0,0,0,0,0,425725,425725,425725,0.025,0.0006,0.0001,0.0013,0.0,0.0,0.0,0.0055,0.0329
parcprinter-08-strips-p14,0,False,68,88,155,363,0,580,98,0,0,0,1,0,0,0,0,851450,863255,851450,0.006,0.002,0.0002,0.0017,0.0,0.0,0.0,0.0078,0.0183
parcprinter-08-strips-p13,0,False,51,66,122,282,0,448,75,0,0,0,0,0,0,0,0,591714,591714,591714,0.0065,0.0012,0.0001,0.0011,0.0,0.0,0.0,0.0065,0.0162
parcprinter-08-strips-p15,0,False,85,112,194,454,0,732,124,0,0,0,1,0,0,0,0,1323035,1334840,1323035,0.0057,0.0032,0.0004,0.0015,0.0,0.0,0.0,0.0092,0.0205
parcprinter-08-strips-p16,0,False,102,132,221,525,0,844,144,0,0,0,0,0,0,0,0,1370922,1370922,1370922,0.0066,0.0041,0.0005,0.0014,0.0,0.0,0.0,0.0095,0.0226
parcprinter-08-strips-p20,0,False,170,222,375,875,0,1440,251,0,0,0,0,0,0,0,0,2246727,2246727,2246727,0.0126,0.0129,0.0016,0.0018,0.0,0.0,0.0,0.0132,0.0427
parcprinter-08-strips-p17,0,False,119,154,262,614,0,1000,173,0,0,0,1,0,0,0,0,1443164,1454969,1443164,0.0076,0.0058,0.0007,0.0015,0.0,0.0,0.0,0.011,0.0272
parcprinter-08-strips-p18,0,False,136,176,287,687,0,1108,190,0,0,0,1,0,0,0,0,1890394,1902199,1890394,0.0079,0.0072,0.0009,0.0015,0.0,0.0001,0.0,0.0118,0.0299
parcprinter-08-strips-p19,0,False,153,204,334,792,0,1284,216,0,0,0,1,0,0,0,0,2579475,2591280,2579475,0.0091,0.0102,0.0015,0.0019,0.0,0.0001,0.0,0.013,0.0362
parcprinter-08-strips-p21,0,False,8,17,36,79,0,110,23,0,0,0,0,0,0,0,0,143411,143411,143411,0.0053,0.0002,0.0,0.0013,0.0,0.0,0.0,0.0042,0.0115
parcprinter-08-strips-p22,0,False,13,32,61,137,0,198,46,0,0,0,1,0,0,0,0,375821,511110,375821,0.005,0.0004,0.0001,0.0013,0.0,0.0,0.0,0.0049,0.0121
parcprinter-08-strips-p23,0,False,21,49,89,199,0,294,69,0,0,0,1,0,0,0,0,519232,654521,519232,0.0038,0.0007,0.0001,0.0012,0.0,0.0,0.0,0.0058,0.0121
parcprinter-08-strips-p24,0,False,26,64,114,257,0,382,92,0,0,0,2,0,0,0,0,751642,1022220,751642,0.0054,0.001,0.0001,0.0014,0.0,0.0001,0.0,0.0064,0.0148
parcprinter-08-strips-p26,0,False,36,94,164,373,0,558,138,0,0,0,1,0,0,0,0,1216462,1757618,1216462,0.0055,0.002,0.0003,0.0016,0.0,0.0,0.0,0.0075,0.0175
parcprinter-08-strips-p25,0,False,31,78,141,319,0,480,111,5,0,0,3,0,0,0,0,1196842,1602709,1196842,0.0054,0.0016,0.0002,0.0015,0.0,0.0002,0.0,0.0072,0.0163
parcprinter-08-strips-p28,0,False,46,124,214,489,0,734,184,0,0,0,1,0,0,0,0,1681282,2493016,1681282,0.006,0.0035,0.0006,0.0013,0.0,0.0001,0.0,0.0085,0.0204
parcprinter-08-strips-p27,0,False,47,113,195,439,0,662,161,3,0,0,2,0,0,0,0,1270874,1676741,1270874,0.0066,0.0028,0.0004,0.0016,0.0,0.0001,0.0,0.009,0.0209
parcprinter-08-strips-p30,0,False,68,161,278,625,0,952,226,0,0,0,1,0,0,0,0,2002896,2544052,2002896,0.0074,0.006,0.0008,0.0018,0.0,0.0001,0.0,0.011,0.0277
parcprinter-opt11-strips-p02,0,False,26,33,67,160,0,220,56,0,0,0,1,0,0,0,0,438047,446047,438047,0.0046,0.0004,0.0001,0.0011,0.0,0.0,0.0,0.0067,0.0133
parcprinter-08-strips-p29,0,False,48,136,242,553,0,840,197,5,0,0,2,0,0,0,0,2343271,3425583,2343271,0.0066,0.0051,0.0009,0.0017,0.0,0.0002,0.0,0.0087,0.0237
parcprinter-opt11-strips-p01,0,False,13,32,61,137,0,198,46,0,0,0,1,0,0,0,0,375821,511110,375821,0.0046,0.0004,0.0001,0.0012,0.0,0.0,0.0,0.0049,0.0118
parcprinter-opt11-strips-p03,0,False,34,44,85,197,0,304,49,0,0,0,0,0,0,0,0,425725,425725,425725,0.0054,0.0006,0.0001,0.0013,0.0,0.0,0.0,0.0055,0.0133
parcprinter-opt11-strips-p04,0,False,53,67,121,294,0,418,112,0,0,0,2,0,0,0,0,876094,1027104,876094,0.0052,0.0013,0.0002,0.0014,0.0,0.0001,0.0,0.0069,0.0156
parcprinter-opt11-strips-p06,0,False,74,97,167,420,0,600,148,0,0,0,3,0,0,0,0,1514199,2092239,1514199,0.0064,0.0025,0.0006,0.0012,0.0,0.0001,0.0,0.008,0.0192
parcprinter-opt11-strips-p05,0,False,21,49,89,199,0,294,69,0,0,0,1,0,0,0,0,519232,654521,519232,0.0053,0.0007,0.0001,0.0014,0.0,0.0,0.0,0.0059,0.0139
parcprinter-opt11-strips-p10,0,False,31,78,141,319,0,480,111,5,0,0,3,0,0,0,0,1196842,1602709,1196842,0.0057,0.0015,0.0002,0.0015,0.0,0.0002,0.0,0.0072,0.0167
parcprinter-opt11-strips-p09,0,False,51,66,122,282,0,448,75,0,0,0,0,0,0,0,0,591714,591714,591714,0.0057,0.0012,0.0001,0.0011,0.0,0.0,0.0,0.0065,0.015
parcprinter-opt11-strips-p08,0,False,26,64,114,257,0,382,92,0,0,0,2,0,0,0,0,751642,1022220,751642,0.0053,0.001,0.0001,0.0014,0.0,0.0001,0.0,0.0065,0.0147
parcprinter-opt11-strips-p07,0,False,65,83,146,359,0,513,135,0,0,0,2,0,0,0,0,1145132,1439152,1145132,0.0057,0.0019,0.0004,0.0016,0.0,0.0001,0.0,0.0075,0.0178
parcprinter-opt11-strips-p15,0,False,116,149,250,623,0,901,237,0,0,0,2,0,0,0,0,2121255,2842305,2121255,0.008,0.0058,0.0016,0.0018,0.0,0.0001,0.0,0.0104,0.0284
parcprinter-opt11-strips-p11,0,False,36,94,164,373,0,558,138,0,0,0,1,0,0,0,0,1216462,1757618,1216462,0.0057,0.002,0.0003,0.0015,0.0,0.0,0.0,0.0074,0.0175
parcprinter-opt11-strips-p13,0,False,98,121,208,501,0,727,211,0,0,0,2,0,0,0,0,1383121,1534131,1383121,0.0066,0.0039,0.0008,0.0015,0.0,0.0001,0.0,0.0097,0.0229
parcprinter-opt11-strips-p14,0,False,104,133,225,558,0,806,214,0,0,0,1,0,0,0,0,1852217,2565267,1852217,0.0067,0.0046,0.0012,0.0015,0.0,0.0001,0.0,0.0098,0.0244
parcprinter-opt11-strips-p12,0,False,68,88,155,363,0,580,98,0,0,0,1,0,0,0,0,851450,863255,851450,0.0057,0.002,0.0002,0.0013,0.0,0.0,0.0,0.0078,0.0176
parcprinter-opt11-strips-p17,0,False,85,112,194,454,0,732,124,0,0,0,1,0,0,0,0,1323035,1334840,1323035,0.0065,0.0032,0.0004,0.0013,0.0,0.0,0.0,0.0091,0.021
parcprinter-opt11-strips-p16,0,False,125,163,271,684,0,988,250,0,0,0,1,0,0,0,0,2490322,3629402,2490322,0.0077,0.007,0.0022,0.0018,0.0,0.0001,0.0,0.0107,0.0299
parcprinter-opt11-strips-p18,0,False,102,132,221,525,0,844,144,0,0,0,0,0,0,0,0,1370922,1370922,1370922,0.0065,0.0041,0.0005,0.0015,0.0,0.0,0.0,0.0095,0.0226
parcprinter-opt11-strips-p19,0,False,119,154,262,614,0,1000,173,0,0,0,1,0,0,0,0,1443164,1454969,1443164,0.0079,0.0059,0.0007,0.0016,0.0,0.0001,0.0,0.0108,0.0275
parcprinter-opt11-strips-p20,0,False,47,113,195,439,0,662,161,3,0,0,2,0,0,0,0,1270874,1676741,1270874,0.0067,0.0028,0.0004,0.0022,0.0,0.0001,0.0,0.009,0.0217
parcprinter-sat11-strips-p04,0,False,170,222,375,875,0,1440,251,0,0,0,0,0,0,0,0,2246727,2246727,2246727,0.0106,0.0131,0.0016,0.0022,0.0,0.0,0.0,0.0134,0.0414
parcprinter-sat11-strips-p05,0,False,36,94,164,373,0,558,138,0,0,0,1,0,0,0,0,1216462,1757618,1216462,0.0053,0.002,0.0003,0.0012,0.0,0.0,0.0,0.0075,0.0168
parcprinter-sat11-strips-p01,0,False,98,121,208,501,0,727,211,0,0,0,2,0,0,0,0,1383121,1534131,1383121,0.0086,0.0039,0.0008,0.0017,0.0,0.0001,0.0,0.0097,0.0252
parcprinter-sat11-strips-p02,0,False,104,133,225,558,0,806,214,0,0,0,1,0,0,0,0,1852217,2565267,1852217,0.0067,0.0048,0.0012,0.0021,0.0,0.0001,0.0,0.0098,0.0251
parcprinter-sat11-strips-p03,0,False,125,163,271,684,0,988,250,0,0,0,1,0,0,0,0,2490322,3629402,2490322,0.0069,0.0069,0.0022,0.0019,0.0,0.0001,0.0,0.0107,0.0291
parcprinter-sat11-strips-p07,0,False,116,149,250,623,0,901,237,0,0,0,2,0,0,0,0,2121255,2842305,2121255,0.0259,0.0059,0.0016,0.0017,0.0,0.0001,0.0,0.0105,0.0462
parcprinter-sat11-strips-p06,0,False,47,113,195,439,0,662,161,3,0,0,2,0,0,0,0,1270874,1676741,1270874,0.0065,0.0028,0.0004,0.0013,0.0,0.0001,0.0,0.009,0.0205
parcprinter-sat11-strips-p10,0,False,68,161,278,625,0,952,226,0,0,0,1,0,0,0,0,2002896,2544052,2002896,0.0085,0.006,0.0008,0.0017,0.0,0.0001,0.0,0.0112,0.0287
parcprinter-sat11-strips-p11,0,False,90,125,218,519,0,763,209,0,0,0,2,0,0,0,0,1629147,1780157,1629147,0.007,0.0044,0.0008,0.0015,0.0,0.0001,0.0,0.0095,0.0237
parcprinter-sat11-strips-p08,0,False,46,124,214,489,0,734,184,0,0,0,1,0,0,0,0,1681282,2493016,1681282,0.0069,0.0036,0.0006,0.0019,0.0,0.0001,0.0,0.0085,0.022
parcprinter-sat11-strips-p09,0,False,48,136,242,553,0,840,197,5,0,0,2,0,0,0,0,2343271,3425583,2343271,0.0087,0.0047,0.0008,0.0015,0.0,0.0002,0.0,0.0088,0.0249
parcprinter-sat11-strips-p17,0,False,47,113,203,451,0,694,149,0,0,0,1,0,0,0,0,1526454,1932321,1526454,0.0073,0.0031,0.0004,0.0022,0.0,0.0,0.0,0.0089,0.0225
parcprinter-sat11-strips-p13,0,False,200,253,416,1029,0,1503,415,0,0,0,1,0,0,0,0,3335367,4471447,3335367,0.0135,0.0194,0.0058,0.002,0.0,0.0001,0.0,0.0154,0.0568
parcprinter-sat11-strips-p12,0,False,155,199,329,822,0,1194,316,0,0,0,1,0,0,0,0,2828340,3965420,2828340,0.0093,0.0108,0.0033,0.0019,0.0,0.0001,0.0,0.0128,0.0387
parcprinter-sat11-strips-p16,0,False,204,274,473,1081,0,1800,309,0,0,0,0,0,0,0,0,2826203,2826203,2826203,0.0169,0.0219,0.0025,0.0021,0.0,0.0,0.0,0.0159,0.0601
parcprinter-sat11-strips-p14,0,False,204,266,449,1045,0,1728,303,0,0,0,0,0,0,0,0,2578705,2578705,2578705,0.0151,0.0206,0.0024,0.0023,0.0,0.0,0.0,0.0152,0.0563
parcprinter-sat11-strips-p15,0,False,170,230,399,911,0,1512,257,0,0,0,0,0,0,0,0,2494225,2494225,2494225,0.0131,0.0146,0.0017,0.0019,0.0,0.0,0.0,0.0143,0.0462
parking-opt11-strips-pfile04-013,0,True,267,280,719,1308,0,1792,7,11,0,0,7,0,0,0,0,17,19,17,0.0606,0.0691,0.0024,0.0026,0.0,0.0025,0.0,0.0294,0.1649
parking-opt11-strips-pfile04-014,0,True,271,282,685,1274,0,1765,9,6,0,0,4,0,0,0,0,16,17,16,0.0583,0.0698,0.002,0.0025,0.0,0.0016,0.0,0.018,0.1515
parking-opt11-strips-pfile04-016,0,True,253,265,635,1186,0,1630,11,8,0,0,3,0,0,0,0,16,16,16,0.0613,0.0631,0.0015,0.0025,0.0,0.0008,0.0,0.0156,0.1449
parcprinter-sat11-strips-p20,0,False,84,195,334,749,0,1144,272,3,0,0,2,0,0,0,0,2289718,2830874,2289718,0.0093,0.0093,0.0012,0.0024,0.0,0.0002,0.0,0.0133,0.0359
parcprinter-sat11-strips-p19,0,False,48,133,248,565,0,870,185,7,0,0,2,0,0,0,0,2981641,4063953,2981641,0.0073,0.005,0.0008,0.0015,0.0,0.0002,0.0,0.0089,0.024
parking-opt11-strips-pfile04-015,0,True,251,267,664,1219,0,1684,7,8,0,0,6,0,0,0,0,15,17,15,0.0409,0.0647,0.0019,0.0025,0.0,0.002,0.0,0.0256,0.1364
parking-opt11-strips-pfile03-011,0,True,167,176,431,799,0,1074,7,5,0,0,3,0,0,0,0,10,13,10,0.0264,0.0268,0.0007,0.0016,0.0,0.0004,0.0,0.0117,0.0679
parcprinter-sat11-strips-p18,0,False,46,121,220,501,0,764,172,0,0,0,1,0,0,0,0,2319652,3131386,2319652,0.0084,0.0039,0.0006,0.0017,0.0,0.0001,0.0,0.0084,0.0235
parking-opt11-strips-pfile03-012,0,True,195,206,498,931,0,1285,7,0,0,0,1,0,0,0,0,14,15,14,0.026,0.0334,0.0011,0.002,0.0,0.0,0.0,0.0116,0.0749
parking-opt11-strips-pfile05-018,0,True,313,336,854,1545,0,2135,9,13,0,0,7,0,0,0,0,17,19,17,0.0684,0.1194,0.0028,0.0028,0.0,0.0026,0.0,0.0323,0.2269
parking-opt11-strips-pfile06-023,0,True,431,447,1097,2020,0,2759,15,39,0,0,18,0,0,0,0,21,24,21,0.1024,0.2272,0.0063,0.0039,0.0,0.0183,0.0,0.0691,0.4104
parking-opt11-strips-pfile06-024,0,True,456,470,1114,2084,0,2843,9,17,0,0,7,0,0,0,0,21,21,21,0.102,0.2421,0.0067,0.0042,0.0,0.0113,0.0,0.05,0.4065
parking-opt11-strips-pfile05-019,0,True,356,371,919,1690,0,2355,9,8,0,0,5,0,0,0,0,19,20,19,0.0679,0.1347,0.0034,0.0033,0.0,0.0032,0.0,0.0229,0.2335
parking-opt11-strips-pfile05-017,0,True,333,355,912,1646,0,2296,14,17,0,0,10,0,0,0,0,19,21,19,0.0663,0.1293,0.0036,0.0032,0.0,0.0075,0.0,0.0413,0.245
parking-opt11-strips-pfile06-022,0,True,454,469,1146,2117,0,2903,14,14,0,0,9,0,0,0,0,23,25,23,0.1028,0.2464,0.0064,0.0039,0.0,0.01,0.0,0.047,0.408
parking-opt11-strips-pfile05-020,0,True,354,370,946,1717,0,2355,9,13,0,0,7,0,0,0,0,19,21,19,0.0819,0.1372,0.0041,0.0034,0.0,0.0055,0.0,0.0252,0.253
parking-sat14-strips-p_28_2,0,True,1127,1155,2871,5230,0,7371,17,22,0,0,12,0,0,0,0,32,35,32,0.6415,2.4587,0.0505,0.0155,0.0,0.1405,0.0,0.2348,3.4051
parking-opt11-strips-pfile06-021,0,True,430,448,1100,2024,0,2758,14,12,0,0,7,0,0,0,0,21,22,21,0.1018,0.2325,0.0058,0.0043,0.0,0.0046,0.0,0.0288,0.3747
parking-opt11-strips-pfile07-026,0,True,539,558,1336,2482,0,3445,8,8,0,0,6,0,0,0,0,21,23,21,0.1592,0.3997,0.0074,0.0053,0.0,0.01,0.0,0.0491,0.6227
parking-opt11-strips-pfile07-025,0,True,566,583,1409,2610,0,3641,10,0,0,0,1,0,0,0,0,23,24,23,0.1555,0.4184,0.0083,0.0059,0.0,0.0001,0.0,0.0267,0.6166
parking-opt14-strips-p_14_8-02,0,True,268,280,693,1280,0,1745,8,10,0,0,7,0,0,0,0,16,19,16,0.0419,0.0679,0.0021,0.0026,0.0,0.0022,0.0,0.0303,0.1456
parking-opt11-strips-pfile08-030,0,True,686,705,1751,3203,0,4436,10,7,0,0,4,0,0,0,0,25,29,25,0.2286,0.6837,0.0168,0.0073,0.0,0.0111,0.0,0.0436,0.9823
parking-opt14-strips-p_12_7-02,0,True,180,192,467,869,0,1190,6,0,0,0,1,0,0,0,0,12,14,12,0.0266,0.0301,0.0009,0.0018,0.0,0.0,0.0,0.0112,0.0713
parking-opt14-strips-p_12_7-03,0,True,180,193,479,883,0,1211,6,18,0,0,11,0,0,0,0,13,14,13,0.0393,0.0303,0.0008,0.0018,0.0,0.0021,0.0,0.0243,0.0972
parking-opt11-strips-pfile08-029,0,True,655,687,1792,3199,0,4500,15,19,0,0,11,0,0,0,0,25,28,25,0.2324,0.7116,0.0161,0.0065,0.0,0.0374,0.0,0.0746,1.0436
parking-opt11-strips-pfile07-027,0,True,563,581,1480,2682,0,3712,10,16,0,0,8,0,0,0,0,23,26,23,0.1549,0.4251,0.0104,0.0056,0.0,0.0211,0.0,0.077,0.6748
parking-opt11-strips-pfile07-028,0,True,563,580,1459,2659,0,3681,14,12,0,0,7,0,0,0,0,24,29,24,0.1562,0.4189,0.0114,0.0054,0.0,0.0126,0.0,0.0576,0.6515
parking-opt14-strips-p_12_7-01,0,True,195,206,487,919,0,1266,6,2,0,0,2,0,0,0,0,13,14,13,0.0273,0.0324,0.001,0.0019,0.0,0.0003,0.0,0.0116,0.075
parking-opt14-strips-p_14_8-03,0,True,269,281,682,1269,0,1720,10,36,0,0,20,0,0,0,0,16,19,16,0.0415,0.0686,0.0023,0.0026,0.0,0.0067,0.0,0.0303,0.1461
parking-opt14-strips-p_14_8-01,0,True,270,281,669,1255,0,1699,9,25,0,0,13,0,0,0,0,16,17,16,0.0424,0.0685,0.0018,0.0025,0.0,0.0061,0.0,0.0388,0.1549
parking-opt14-strips-p_12_7-04,0,True,180,192,467,869,0,1190,9,0,0,0,0,0,0,0,0,14,14,14,0.2545,0.0301,0.0008,0.0018,0.0,0.0,0.0,0.0112,0.2995
parking-opt14-strips-p_18_10-04,0,True,429,450,1153,2082,0,2850,12,13,0,0,8,0,0,0,0,21,22,21,0.1058,0.2358,0.006,0.0039,0.0,0.0092,0.0,0.0458,0.3988
parking-opt14-strips-p_18_10-02,0,True,430,451,1123,2052,0,2856,12,6,0,0,4,0,0,0,0,20,22,20,0.1022,0.2328,0.0058,0.004,0.0,0.0033,0.0,0.0257,0.3719
parking-opt14-strips-p_16_9-02,0,True,335,349,856,1580,0,2147,9,12,0,0,7,0,0,0,0,17,21,17,0.066,0.1253,0.003,0.003,0.0,0.0038,0.0,0.0222,0.2207
parking-opt14-strips-p_14_8-04,0,True,270,281,669,1255,0,1699,8,8,0,0,6,0,0,0,0,16,17,16,0.0424,0.0672,0.0018,0.0024,0.0,0.0016,0.0,0.0219,0.1364
parking-opt14-strips-p_16_9-03,0,True,336,350,829,1553,0,2140,9,4,0,0,3,0,0,0,0,17,19,17,0.0643,0.1224,0.003,0.003,0.0,0.0014,0.0,0.0193,0.2132
parking-opt14-strips-p_18_10-03,0,True,429,452,1142,2073,0,2894,10,8,0,0,6,0,0,0,0,19,22,19,0.1056,0.2356,0.0058,0.004,0.0,0.0051,0.0,0.0409,0.3933
parking-opt14-strips-p_16_9-04,0,True,356,369,899,1666,0,2270,9,19,0,0,10,0,0,0,0,18,21,18,0.0666,0.1339,0.004,0.0032,0.0,0.0081,0.0,0.0385,0.2474
parking-opt14-strips-p_20_11-01,0,True,567,583,1409,2610,0,3641,11,9,0,0,6,0,0,0,0,22,24,22,0.1584,0.4173,0.0087,0.0054,0.0,0.0114,0.0,0.0695,0.6611
parking-opt14-strips-p_18_10-01,0,True,453,468,1178,2150,0,2963,17,44,0,0,18,0,0,0,0,23,25,23,0.1018,0.2466,0.0069,0.004,0.0,0.0273,0.0,0.0847,0.4455
parking-opt14-strips-p_20_11-02,0,True,539,560,1377,2527,0,3520,12,7,0,0,4,0,0,0,0,21,24,21,0.154,0.4016,0.0084,0.0053,0.0,0.0076,0.0,0.0344,0.6056
parking-opt14-strips-p_16_9-01,0,True,334,349,855,1579,0,2148,10,35,0,0,19,0,0,0,0,19,20,19,0.0667,0.1228,0.0035,0.0029,0.0,0.0118,0.0,0.0573,0.2544
parking-sat11-strips-pfile09-036,0,True,790,812,2003,3666,0,5055,11,54,0,0,28,0,0,0,0,26,31,26,0.3309,1.0163,0.0225,0.0087,0.0,0.1467,0.0,0.1857,1.5669
parking-opt14-strips-p_20_11-03,0,True,564,585,1470,2676,0,3756,12,14,0,0,7,0,0,0,0,23,26,23,0.1615,0.4236,0.0103,0.0059,0.0,0.0159,0.0,0.0504,0.6536
parking-sat11-strips-pfile08-032,0,True,627,657,1644,2985,0,4157,14,47,0,0,21,0,0,0,0,25,25,25,0.2272,0.6361,0.0107,0.0066,0.0,0.0716,0.0,0.1342,1.017
parking-sat11-strips-pfile09-034,0,True,824,843,1980,3706,0,5170,9,17,0,0,10,0,0,0,0,27,28,27,0.3284,1.0863,0.0193,0.0093,0.0,0.0326,0.0,0.1025,1.5485
parking-sat11-strips-pfile10-037,0,True,933,963,2401,4366,0,6124,16,70,0,0,35,0,0,0,0,29,33,29,0.4686,1.5799,0.0338,0.0109,0.0,0.2633,0.0,0.2628,2.3594
parking-opt14-strips-p_20_11-04,0,True,567,583,1409,2610,0,3641,12,5,0,0,3,0,0,0,0,23,25,23,0.1562,0.4197,0.0092,0.0051,0.0,0.0034,0.0,0.0315,0.6237
parking-sat11-strips-pfile09-035,0,True,787,814,2120,3790,0,5269,14,18,0,0,9,0,0,0,0,27,32,27,0.3258,1.0352,0.0231,0.0092,0.0,0.0488,0.0,0.1505,1.5467
parking-sat11-strips-pfile10-038,0,True,933,962,2374,4337,0,6070,14,133,0,0,80,0,91,0,0,29,33,29,0.4684,1.5836,0.0336,0.0117,0.0,0.4313,0.0,0.4046,2.5053
parking-sat11-strips-pfile08-031,0,True,657,684,1724,3125,0,4372,11,17,0,0,8,0,0,0,0,24,28,24,0.2264,0.6687,0.0141,0.0067,0.0,0.0181,0.0,0.0986,1.0171
parking-sat11-strips-pfile10-039,0,True,933,960,2322,4281,0,5986,12,21,0,0,11,0,0,0,0,28,31,28,0.4612,1.614,0.0294,0.0113,0.0,0.0781,0.0,0.1595,2.2788
parking-sat11-strips-pfile09-033,0,True,791,810,1909,3566,0,4887,13,27,0,0,11,0,0,0,0,27,30,27,0.3319,1.0103,0.0196,0.0091,0.0,0.0365,0.0,0.1391,1.5128
parking-sat11-strips-pfile12-045,0,True,1296,1322,3376,6080,0,8494,17,36,0,0,18,0,0,0,0,35,39,35,0.8579,3.54,0.0744,0.0193,0.0,0.3379,0.0,0.3298,4.8264
parking-sat11-strips-pfile11-044,0,True,1090,1118,2710,4988,0,6979,12,12,0,0,6,0,0,0,0,29,34,29,0.6571,2.3362,0.0436,0.0146,0.0,0.0718,0.0,0.1257,3.181
parking-sat11-strips-pfile11-043,0,True,1127,1149,2777,5126,0,7118,15,8,0,0,5,0,0,0,0,32,35,32,0.6415,2.4125,0.048,0.0153,0.0,0.0494,0.0,0.1004,3.2217
parking-sat11-strips-pfile10-040,0,True,936,959,2295,4252,0,5932,12,25,0,0,13,0,0,0,0,28,29,28,0.4629,1.5766,0.0244,0.0112,0.0,0.0931,0.0,0.1501,2.2289
parking-sat11-strips-pfile12-047,0,True,1295,1320,3372,6074,0,8505,17,190,0,0,73,0,93,0,0,36,41,36,0.8654,3.4968,0.0803,0.0196,0.0,1.0591,0.0,0.8879,5.355
parking-sat11-strips-pfile13-050,0,True,1478,1505,3777,6850,0,9586,14,180,0,0,89,0,108,0,0,36,43,36,1.159,4.9802,0.0989,0.025,0.0,2.4786,0.0,1.7517,8.021
parking-sat11-strips-pfile11-042,0,True,1090,1117,2681,4957,0,6921,12,50,0,0,25,0,0,0,0,31,32,31,0.6425,2.3536,0.0343,0.0142,0.0,0.308,0.0,0.3213,3.37
parking-sat11-strips-pfile13-049,0,True,1434,1465,3628,6612,0,9211,11,87,0,0,41,0,0,0,0,35,40,35,1.1531,4.7475,0.0865,0.0233,0.0,0.9915,0.0,0.7068,6.7234
parking-sat11-strips-pfile12-048,0,True,1295,1329,3391,6103,0,8637,21,135,0,0,60,0,11,0,0,37,40,37,0.8682,3.569,0.0786,0.0182,0.0,1.1304,0.0,0.8633,5.4024
parking-sat11-strips-pfile11-041,0,True,1126,1148,2829,5179,0,7213,14,21,0,0,11,0,0,0,0,32,36,32,0.6441,2.4093,0.05,0.0153,0.0,0.1342,0.0,0.1688,3.2914
parking-sat11-strips-pfile12-046,0,True,1255,1285,3235,5856,0,8201,15,115,0,0,54,0,44,0,0,35,39,35,0.866,3.3389,0.069,0.018,0.0,0.9539,0.0,0.7577,5.0546
parking-sat14-strips-p_30_2,0,True,1212,1250,3156,5698,0,7916,15,50,0,0,27,0,0,0,0,33,38,33,0.861,3.2151,0.0624,0.0175,0.0,0.3854,0.0,0.469,4.63
parking-sat14-strips-p_30_3,0,True,1298,1326,3240,5944,0,8359,12,54,0,0,25,0,0,0,0,34,37,34,0.9048,3.5273,0.0679,0.0199,0.0,0.5241,0.0,0.5342,5.059
parking-sat14-strips-p_28_3,0,True,1089,1112,2644,4913,0,6788,10,48,0,0,23,0,0,0,0,30,34,30,0.6521,2.2627,0.0423,0.0152,0.0,0.2673,0.0,0.3221,3.2983
parking-sat14-strips-p_32_3,0,True,1481,1505,3622,6690,0,9304,13,21,0,0,9,0,0,0,0,36,40,36,1.1521,5.0714,0.0859,0.0242,0.0,0.2294,0.0,0.325,6.6647
parking-sat14-strips-p_34_3,0,True,1675,1707,4215,7689,0,10835,16,10,0,0,5,0,0,0,0,38,43,38,1.5086,7.1227,0.1202,0.0306,0.0,0.1204,0.0,0.1859,8.9756
parking-sat14-strips-p_30_1,0,True,1293,1320,3430,6134,0,8621,13,29,0,0,12,0,0,0,0,34,41,34,0.8665,3.5037,0.0824,0.02,0.0,0.1539,0.0,0.3656,4.8431
parking-sat14-strips-p_36_1,0,True,1831,1871,4600,8396,0,11802,16,58,0,0,27,0,0,0,0,40,43,40,1.9612,9.8146,0.139,0.0346,0.0,1.2506,0.0,0.7706,12.7291
parking-sat14-strips-p_36_2,0,True,1879,1918,4913,8815,0,12488,20,54,0,0,27,0,0,0,0,41,48,41,1.956,10.0553,0.1734,0.0384,0.0,1.3481,0.0,1.0226,13.2549
parking-sat14-strips-p_32_2,0,True,1479,1506,3810,6885,0,9635,18,57,0,0,20,0,0,0,0,37,42,37,1.1451,4.9587,0.1007,0.0249,0.0,0.3823,0.0,0.4445,6.6802
parking-sat14-strips-p_34_2,0,True,1673,1709,4318,7797,0,11027,19,96,0,0,45,0,0,0,0,38,45,38,1.5201,7.2259,0.1322,0.0309,0.0,1.5555,0.0,1.0292,9.9464
parking-sat14-strips-p_34_1,0,True,1674,1702,4237,7706,0,10767,16,146,0,0,71,0,0,0,0,38,45,38,1.5036,7.0998,0.1302,0.0301,0.0,2.4488,0.0,2.0516,10.8229
parking-sat14-strips-p_32_1,0,True,1392,1427,3424,6320,0,8822,14,24,0,0,13,0,0,0,0,34,38,34,1.1473,4.6913,0.0748,0.0226,0.0,0.2269,0.0,0.2953,6.2374
parking-sat14-strips-p_36_3,0,True,1779,1828,4540,8241,0,11577,16,137,0,0,65,0,0,0,0,39,45,39,1.9612,9.8505,0.1412,0.034,0.0,2.0895,0.0,1.1812,13.1773
parking-sat14-strips-p_40_1,0,True,2272,2322,5833,10537,0,14880,18,180,0,0,83,0,49,0,0,44,51,44,3.1863,17.918,0.26,0.0545,0.0,4.1565,0.0,2.6846,24.1156
parking-sat14-strips-p_38_1,0,True,2101,2130,5157,9486,0,13234,15,27,0,0,12,0,0,0,0,41,46,41,2.5198,13.873,0.1787,0.044,0.0,0.7094,0.0,0.6803,17.3063
parking-sat14-strips-p_38_3,0,True,2044,2092,5257,9498,0,13414,18,45,0,0,18,0,0,0,0,41,46,41,2.5244,13.4205,0.1932,0.0453,0.0,0.8691,0.0,0.9918,17.1856
parking-sat14-strips-p_40_2,0,True,2216,2261,5625,10206,0,14258,14,93,0,0,41,0,0,0,0,42,50,42,3.1736,17.2319,0.2366,0.0506,0.0,3.1501,0.0,1.5458,22.2507
parking-sat14-strips-p_40_3,0,True,2331,2360,5802,10599,0,14845,13,184,0,0,89,0,88,0,0,45,52,45,3.1901,18.4181,0.2596,0.0543,0.0,8.8872,0.0,5.8742,27.8083
pathways-p01,0,True,16,24,36,78,0,76,18,0,0,0,0,0,0,0,0,6,6,6,0.0076,0.0002,0.0,0.0015,0.0,0.0,0.0,0.004,0.0137
parking-sat14-strips-p_38_2,0,True,2102,2134,5092,9424,0,13243,12,26,0,0,11,0,0,0,0,42,45,42,2.5511,13.7625,0.1716,0.0449,0.0,0.5931,0.0,0.6241,17.1644
pathways-p06,0,True,58,201,355,649,0,668,106,0,0,0,0,0,0,0,0,46,46,46,0.0067,0.0029,0.0013,0.0014,0.0,0.0,0.0,0.0137,0.0265
pathways-p08,0,True,110,479,843,1477,0,1543,148,0,0,0,3,0,0,0,0,66,68,66,0.0099,0.0102,0.0074,0.0018,0.0,0.0002,0.0,0.0798,0.1096
pathways-p07,0,True,80,244,400,746,0,771,122,0,0,0,0,0,0,0,0,46,46,46,0.0072,0.0041,0.0018,0.0016,0.0,0.0,0.0,0.0165,0.0317
pathways-p05,0,True,48,122,196,379,0,388,81,0,0,0,0,0,0,0,0,29,29,29,0.0059,0.0013,0.0004,0.0014,0.0,0.0,0.0,0.0093,0.0187
pathways-p04,0,True,32,57,77,177,0,181,45,0,0,0,0,0,0,0,0,15,15,15,0.0053,0.0005,0.0001,0.0009,0.0,0.0,0.0,0.0057,0.0131
pathways-p09,0,True,85,388,672,1187,0,1222,127,0,0,0,1,0,0,0,0,50,51,50,0.0085,0.0065,0.0039,0.0016,0.0,0.0001,0.0,0.0252,0.0464
pathways-p03,0,True,24,38,55,129,0,133,42,0,0,0,0,0,0,0,0,16,16,16,0.0048,0.0004,0.0001,0.0011,0.0,0.0,0.0,0.0047,0.0116
pathways-p02,0,True,7,17,30,71,0,72,15,0,0,0,0,0,0,0,0,12,12,12,0.0043,0.0002,0.0,0.001,0.0,0.0,0.0,0.0034,0.0094
pathways-p20,0,True,167,860,1491,2580,0,2689,266,0,0,0,1,0,0,0,0,102,105,102,0.0146,0.0299,0.0278,0.0029,0.0,0.0001,0.0,0.0438,0.1198
pathways-p11,0,True,96,372,578,1085,0,1120,141,0,0,0,0,0,0,0,0,54,54,54,0.0076,0.0062,0.0032,0.0018,0.0,0.0,0.0,0.024,0.0431
pathways-p10,0,True,92,457,755,1357,0,1400,128,0,0,0,0,0,0,0,0,58,58,58,0.0078,0.0079,0.0046,0.0018,0.0,0.0,0.0,0.0268,0.0497
pathways-p17,0,True,184,998,1701,2959,0,3082,225,0,0,0,2,0,0,0,0,97,100,97,0.0158,0.0368,0.038,0.0034,0.0,0.0002,0.0,0.0829,0.1778
pathways-p21,0,True,186,1102,1899,3275,0,3387,263,0,0,0,0,0,0,0,0,106,106,106,0.0169,0.0416,0.0477,0.004,0.0,0.0,0.0,0.0518,0.1626
pathways-p15,0,True,120,679,1157,2030,0,2095,173,0,0,0,0,0,0,0,0,78,78,78,0.0301,0.0164,0.013,0.0024,0.0,0.0,0.0,0.0399,0.1023
pathways-p14,0,True,121,630,1098,1895,0,1958,192,0,0,0,2,0,0,0,0,76,77,76,0.0114,0.0143,0.0128,0.0034,0.0,0.0002,0.0,0.0788,0.1213
pathways-p19,0,True,203,1218,2128,3611,0,3720,266,0,0,0,1,0,0,0,0,106,109,106,0.0181,0.049,0.0625,0.004,0.0,0.0001,0.0,0.1362,0.2706
pathways-p13,0,True,119,660,1177,2009,0,2056,171,0,0,0,4,0,0,0,0,75,79,75,0.0102,0.0154,0.0139,0.0025,0.0,0.0003,0.0,0.0801,0.1229
pathways-p16,0,True,150,930,1639,2787,0,2871,206,2,0,0,3,0,0,0,0,89,90,89,0.0339,0.0294,0.0282,0.0032,0.0,0.0005,0.0,0.1121,0.2077
pathways-p18,0,True,150,746,1306,2256,0,2341,253,0,0,0,2,0,0,0,0,98,103,98,0.0132,0.0235,0.022,0.0027,0.0,0.0002,0.0,0.0548,0.1168
pathways-p12,0,True,111,578,1008,1755,0,1826,184,16,0,0,7,0,0,0,0,80,84,80,0.0091,0.0129,0.0113,0.002,0.0,0.0013,0.0,0.1162,0.152
pathways-p30,0,True,254,1464,2494,4300,0,4471,327,0,0,0,2,0,0,0,0,131,135,131,0.0212,0.078,0.0926,0.0052,0.0,0.0003,0.0,0.1663,0.3642
pathways-p28,0,True,250,2044,3659,6040,0,6189,315,0,0,0,2,0,0,0,0,127,129,127,0.0254,0.1038,0.1731,0.0064,0.0,0.0004,0.0,0.2798,0.5897
pegsol-08-strips-p01,0,False,11,19,39,82,0,109,3,0,0,0,0,0,0,0,0,2,2,2,0.0049,0.0002,0.0,0.0011,0.0,0.0,0.0,0.0038,0.0105
pathways-p24,0,True,174,1072,1925,3251,0,3373,289,0,0,0,2,0,0,0,0,117,120,117,0.0179,0.0455,0.0508,0.0034,0.0,0.0003,0.0,0.0742,0.1927
pathways-p23,0,True,190,1214,2137,3605,0,3696,280,0,0,0,1,0,0,0,0,112,113,112,0.0177,0.0483,0.0614,0.0039,0.0,0.0001,0.0,0.0742,0.2063
pathways-p25,0,True,238,1966,3567,5853,0,5999,300,0,0,0,1,0,0,0,0,127,131,127,0.0244,0.0965,0.1667,0.0059,0.0,0.0002,0.0,0.3709,0.6655
pathways-p22,0,True,196,1066,1814,3133,0,3226,253,0,0,0,1,0,0,0,0,106,108,106,0.0159,0.0404,0.0421,0.0037,0.0,0.0001,0.0,0.0637,0.1665
pegsol-08-strips-p02,0,False,59,95,208,367,0,614,3,8,0,0,4,0,0,0,0,2,2,2,0.0056,0.0008,0.0002,0.0015,0.0,0.0002,0.0,0.0233,0.0319
pathways-p29,0,True,217,1269,2165,3729,0,3872,350,0,0,0,4,0,0,0,0,141,150,141,0.0187,0.0586,0.0739,0.0042,0.0,0.0006,0.0,0.1506,0.3069
pathways-p27,0,True,244,1639,2874,4846,0,5001,322,0,0,0,2,0,0,0,0,127,131,127,0.025,0.0871,0.1179,0.0053,0.0,0.0004,0.0,0.2916,0.5278
pegsol-08-strips-p03,0,False,60,102,224,392,0,630,3,0,0,0,0,0,0,0,0,1,1,1,0.0053,0.0008,0.0001,0.0016,0.0,0.0,0.0,0.0095,0.0178
pathways-p26,0,True,235,1673,2954,4957,0,5118,321,0,0,0,2,0,0,0,0,129,130,129,0.0221,0.0876,0.1244,0.0053,0.0,0.0003,0.0,0.192,0.4324
pegsol-08-strips-p09,0,False,47,104,248,413,0,610,7,0,0,0,0,0,0,0,0,3,3,3,0.0048,0.0008,0.0003,0.0013,0.0,0.0,0.0,0.0096,0.0175
pegsol-08-strips-p05,0,False,15,33,76,138,0,193,3,2,0,0,1,0,0,0,0,2,2,2,0.0045,0.0003,0.0,0.0012,0.0,0.0,0.0,0.0049,0.0114
pegsol-08-strips-p13,0,False,50,110,251,424,0,617,8,0,0,0,0,0,0,0,0,4,4,4,0.0058,0.0008,0.0004,0.0013,0.0,0.0,0.0,0.0103,0.019
pegsol-08-strips-p07,0,False,41,80,176,314,0,528,7,0,0,0,0,0,0,0,0,3,3,3,0.005,0.0008,0.0002,0.0013,0.0,0.0,0.0,0.0082,0.016
pegsol-08-strips-p11,0,False,52,106,248,418,0,638,5,4,0,0,2,0,0,0,0,3,3,3,0.0052,0.0008,0.0004,0.0014,0.0,0.0001,0.0,0.0176,0.0259
pegsol-08-strips-p12,0,False,52,111,264,440,0,679,8,0,0,0,0,0,0,0,0,3,3,3,0.0056,0.0008,0.0004,0.0012,0.0,0.0,0.0,0.0106,0.0191
pegsol-08-strips-p10,0,False,46,101,245,407,0,616,6,44,0,0,164,0,0,0,0,3,4,3,0.0048,0.0008,0.0003,0.0012,0.0,0.0018,0.0,0.0485,0.0562
pegsol-08-strips-p08,0,False,55,117,282,465,0,666,3,44,0,0,22,0,0,0,0,3,3,3,0.0058,0.0008,0.0005,0.0015,0.0,0.0014,0.0,0.0408,0.0499
pegsol-08-strips-p15,0,False,44,106,249,416,0,614,9,21,0,0,18,0,0,0,0,4,5,4,0.0054,0.0008,0.0003,0.0019,0.0,0.0009,0.0,0.0315,0.0406
pegsol-08-strips-p06,0,False,47,94,218,371,0,582,4,10,0,0,5,0,0,0,0,3,3,3,0.0052,0.0007,0.0003,0.0017,0.0,0.0003,0.0,0.0292,0.0378
pegsol-08-strips-p14,0,False,51,111,252,428,0,641,7,0,0,0,0,0,0,0,0,4,4,4,0.0053,0.0008,0.0003,0.0012,0.0,0.0,0.0,0.0104,0.0186
pegsol-08-strips-p04,0,False,49,76,170,305,0,545,5,0,0,0,0,0,0,0,0,3,3,3,0.0058,0.0007,0.0002,0.0013,0.0,0.0,0.0,0.0084,0.0169
pegsol-08-strips-p24,0,False,46,112,259,435,0,660,4,4,0,0,2,0,0,0,0,5,5,5,0.0062,0.0008,0.0004,0.0014,0.0,0.0002,0.0,0.0196,0.0289
pegsol-08-strips-p18,0,False,40,100,236,394,0,591,14,10,0,0,7,0,0,0,0,5,6,5,0.0051,0.0008,0.0002,0.0014,0.0,0.0003,0.0,0.0389,0.0469
pegsol-08-strips-p26,0,False,40,124,312,498,0,674,4,22,0,0,11,0,0,0,0,5,5,5,0.0058,0.0008,0.0004,0.0014,0.0,0.0007,0.0,0.0381,0.0471
pegsol-08-strips-p19,0,False,41,103,251,413,0,601,8,20,0,0,10,0,0,0,0,5,5,5,0.0054,0.0008,0.0003,0.0014,0.0,0.0007,0.0,0.0362,0.0447
pegsol-08-strips-p20,0,False,50,121,297,484,0,689,4,20,0,0,10,0,0,0,0,3,3,3,0.0049,0.0008,0.0004,0.0014,0.0,0.0008,0.0,0.0288,0.0369
pegsol-08-strips-p25,0,False,48,120,296,482,0,707,4,12,0,0,6,0,0,0,0,4,4,4,0.0047,0.0008,0.0004,0.0014,0.0,0.0005,0.0,0.0393,0.0471
pegsol-08-strips-p17,0,False,44,112,276,450,0,650,6,42,0,0,21,0,0,0,0,4,4,4,0.0041,0.0008,0.0005,0.0012,0.0,0.0015,0.0,0.0576,0.0647
pegsol-08-strips-p23,0,False,48,119,294,478,0,682,3,26,0,0,13,0,0,0,0,5,5,5,0.0054,0.0008,0.0004,0.0016,0.0,0.001,0.0,0.04,0.0487
pegsol-08-strips-p22,0,False,43,107,241,410,0,638,5,0,0,0,0,0,0,0,0,4,4,4,0.0051,0.0008,0.0003,0.0013,0.0,0.0,0.0,0.0099,0.0179
pegsol-08-strips-p21,0,False,48,115,271,450,0,646,5,14,0,0,7,0,0,0,0,5,5,5,0.0052,0.0008,0.0004,0.0012,0.0,0.0005,0.0,0.0565,0.0647
pegsol-08-strips-p27,0,False,43,124,294,483,0,687,6,19,0,0,54,0,19,0,0,5,6,5,0.0052,0.0009,0.0004,0.0013,0.0,0.0009,0.0,0.0557,0.064
pegsol-08-strips-p16,0,False,43,101,237,398,0,598,14,0,0,0,0,0,0,0,0,6,6,6,0.0052,0.0008,0.0002,0.0011,0.0,0.0,0.0,0.0096,0.0175
pegsol-opt11-strips-p04,0,False,41,103,251,413,0,601,8,20,0,0,10,0,0,0,0,5,5,5,0.0053,0.0008,0.0003,0.0024,0.0,0.0007,0.0,0.0494,0.0589
pegsol-opt11-strips-p03,0,False,40,100,236,394,0,591,14,10,0,0,7,0,0,0,0,5,6,5,0.0053,0.0008,0.0002,0.0015,0.0,0.0003,0.0,0.0316,0.04
pegsol-opt11-strips-p05,0,False,50,123,282,470,0,647,15,59,0,0,28,0,23,0,0,7,7,7,0.0064,0.0009,0.0004,0.0015,0.0,0.0022,0.0,0.0544,0.064
pegsol-08-strips-p29,0,False,39,138,332,536,0,734,13,42,0,0,20,0,0,0,0,8,8,8,0.0057,0.0009,0.0005,0.0015,0.0,0.0016,0.0,0.0405,0.0498
pegsol-opt11-strips-p07,0,False,50,119,287,471,0,668,9,41,0,0,119,0,24,0,0,4,5,4,0.0061,0.0008,0.0005,0.0012,0.0,0.0016,0.0,0.0493,0.0585
pegsol-opt11-strips-p08,0,False,50,121,297,484,0,689,4,20,0,0,10,0,0,0,0,3,3,3,0.005,0.0008,0.0004,0.0012,0.0,0.0008,0.0,0.0376,0.0455
pegsol-opt11-strips-p02,0,False,44,112,276,450,0,650,6,42,0,0,21,0,0,0,0,4,4,4,0.0053,0.0008,0.0005,0.0013,0.0,0.0015,0.0,0.0516,0.06
pegsol-opt11-strips-p06,0,False,40,100,252,410,0,602,6,28,0,0,14,0,0,0,0,5,5,5,0.0048,0.0008,0.0003,0.0013,0.0,0.0008,0.0,0.0506,0.0586
pegsol-opt11-strips-p09,0,False,47,114,266,443,0,639,7,18,0,0,9,0,0,0,0,4,4,4,0.0051,0.0008,0.0005,0.0017,0.0,0.0007,0.0,0.0371,0.0457
pegsol-08-strips-p30,0,False,28,144,348,554,0,714,30,102,0,0,46,0,0,0,0,13,18,13,0.0051,0.001,0.0004,0.0021,0.0,0.0032,0.0,0.0612,0.0704
pegsol-opt11-strips-p01,0,False,48,95,213,370,0,614,3,4,0,0,2,0,0,0,0,2,2,2,0.0056,0.0009,0.0001,0.0021,0.0,0.0001,0.0,0.0161,0.0254
pegsol-08-strips-p28,0,False,42,132,296,494,0,675,15,0,0,0,0,0,0,0,0,9,9,9,0.0057,0.0009,0.0005,0.0015,0.0,0.0,0.0,0.0107,0.0198
pegsol-opt11-strips-p16,0,False,40,124,312,498,0,674,4,22,0,0,11,0,0,0,0,5,5,5,0.0058,0.0008,0.0004,0.0012,0.0,0.0007,0.0,0.047,0.0557
pegsol-opt11-strips-p10,0,False,48,115,271,450,0,646,5,14,0,0,7,0,0,0,0,5,5,5,0.0052,0.0008,0.0003,0.0015,0.0,0.0005,0.0,0.051,0.0594
pegsol-opt11-strips-p20,0,False,28,144,348,554,0,714,30,102,0,0,46,0,0,0,0,13,18,13,0.0051,0.001,0.0004,0.0014,0.0,0.0033,0.0,0.0522,0.0606
pegsol-opt11-strips-p15,0,False,48,120,296,482,0,707,4,12,0,0,6,0,0,0,0,4,4,4,0.0051,0.0009,0.0004,0.0016,0.0,0.0005,0.0,0.0294,0.0378
pegsol-opt11-strips-p13,0,False,48,119,294,478,0,682,3,26,0,0,13,0,0,0,0,5,5,5,0.0053,0.0008,0.0004,0.0013,0.0,0.001,0.0,0.0397,0.0481
pegsol-opt11-strips-p12,0,False,40,100,228,387,0,579,9,4,0,0,2,0,0,0,0,6,6,6,0.0048,0.0008,0.0002,0.0014,0.0,0.0001,0.0,0.0165,0.0243
pegsol-sat11-strips-p01,0,False,44,112,276,450,0,650,6,42,0,0,21,0,0,0,0,4,4,4,0.0052,0.0008,0.0005,0.0012,0.0,0.0016,0.0,0.0425,0.0506
pegsol-opt11-strips-p11,0,False,43,107,241,410,0,638,5,0,0,0,0,0,0,0,0,4,4,4,0.0052,0.0008,0.0003,0.0014,0.0,0.0,0.0,0.0099,0.0181
pegsol-opt11-strips-p18,0,False,42,132,296,494,0,675,15,0,0,0,0,0,0,0,0,9,9,9,0.0051,0.0009,0.0005,0.0013,0.0,0.0,0.0,0.0107,0.019
pegsol-opt11-strips-p19,0,False,39,138,332,536,0,734,13,42,0,0,20,0,0,0,0,8,8,8,0.0057,0.0009,0.0005,0.0017,0.0,0.0016,0.0,0.0566,0.0659
pegsol-opt11-strips-p17,0,False,43,124,294,483,0,687,6,19,0,0,55,0,19,0,0,5,6,5,0.0052,0.0009,0.0004,0.0015,0.0,0.0009,0.0,0.0566,0.065
pegsol-opt11-strips-p14,0,False,46,112,259,435,0,660,4,4,0,0,2,0,0,0,0,5,5,5,0.0052,0.0008,0.0004,0.0012,0.0,0.0002,0.0,0.026,0.0343
pegsol-sat11-strips-p12,0,False,48,119,294,478,0,682,3,26,0,0,13,0,0,0,0,5,5,5,0.0245,0.0008,0.0004,0.0015,0.0,0.001,0.0,0.0394,0.0671
pegsol-sat11-strips-p05,0,False,40,100,252,410,0,602,6,28,0,0,14,0,0,0,0,5,5,5,0.0055,0.0008,0.0004,0.0018,0.0,0.0008,0.0,0.0375,0.0465
pegsol-sat11-strips-p08,0,False,40,100,228,387,0,579,9,4,0,0,2,0,0,0,0,6,6,6,0.0052,0.0008,0.0002,0.0014,0.0,0.0001,0.0,0.0166,0.0248
pegsol-sat11-strips-p09,0,False,46,112,259,435,0,660,4,4,0,0,2,0,0,0,0,5,5,5,0.0051,0.0008,0.0004,0.0012,0.0,0.0002,0.0,0.0218,0.0299
pegsol-sat11-strips-p06,0,False,50,119,287,471,0,668,9,41,0,0,107,0,24,0,0,4,5,4,0.0049,0.0008,0.0005,0.0016,0.0,0.0015,0.0,0.0566,0.065
pegsol-sat11-strips-p11,0,False,48,115,271,450,0,646,5,14,0,0,7,0,0,0,0,5,5,5,0.0063,0.0008,0.0004,0.0013,0.0,0.0005,0.0,0.0514,0.0608
pegsol-sat11-strips-p04,0,False,50,123,282,470,0,647,15,59,0,0,28,0,23,0,0,7,7,7,0.0055,0.0009,0.0004,0.0013,0.0,0.0022,0.0,0.0482,0.0568
pegsol-sat11-strips-p10,0,False,50,121,297,484,0,689,4,20,0,0,10,0,0,0,0,3,3,3,0.0054,0.0008,0.0004,0.0011,0.0,0.0008,0.0,0.0289,0.0371
pegsol-sat11-strips-p07,0,False,47,114,266,443,0,639,7,18,0,0,9,0,0,0,0,4,4,4,0.0053,0.0008,0.0004,0.0015,0.0,0.0007,0.0,0.0275,0.036
pegsol-sat11-strips-p14,0,False,48,120,296,482,0,707,4,12,0,0,6,0,0,0,0,4,4,4,0.0055,0.0008,0.0004,0.0012,0.0,0.0005,0.0,0.0287,0.0372
pegsol-sat11-strips-p03,0,False,41,103,251,413,0,601,8,20,0,0,10,0,0,0,0,5,5,5,0.0057,0.0008,0.0003,0.0012,0.0,0.0007,0.0,0.0372,0.0457
pegsol-sat11-strips-p02,0,False,40,100,236,394,0,591,14,10,0,0,7,0,0,0,0,5,6,5,0.0053,0.0008,0.0003,0.0011,0.0,0.0003,0.0,0.0446,0.0526
pegsol-sat11-strips-p13,0,False,50,110,251,424,0,617,8,0,0,0,0,0,0,0,0,4,4,4,0.0053,0.0008,0.0004,0.0017,0.0,0.0,0.0,0.0102,0.0188
pegsol-sat11-strips-p19,0,False,39,138,332,536,0,734,13,42,0,0,20,0,0,0,0,8,8,8,0.0053,0.0009,0.0005,0.0014,0.0,0.0016,0.0,0.0408,0.0495
pegsol-sat11-strips-p17,0,False,43,124,294,483,0,687,6,19,0,0,54,0,19,0,0,5,6,5,0.0055,0.0009,0.0005,0.0013,0.0,0.0009,0.0,0.0549,0.0636
petri-net-alignment-opt18-strips-p05,0,False,126,559,802,1806,0,2061,117,18,0,0,4,0,0,0,0,42,114,42,0.0107,0.018,0.0135,0.003,0.0,0.0036,0.0,0.0261,0.0723
petri-net-alignment-opt18-strips-p02,0,False,147,593,850,1919,0,2194,50,13,0,0,4,0,0,0,0,18,107,18,0.0118,0.0173,0.0113,0.0031,0.0,0.0106,0.0,0.0311,0.0755
petri-net-alignment-opt18-strips-p01,0,False,115,440,630,1449,0,1649,21,0,0,0,0,0,0,0,0,7,7,7,0.0265,0.0104,0.002,0.0025,0.0,0.0,0.0,0.0149,0.0569
pegsol-sat11-strips-p20,0,False,28,144,348,554,0,714,30,102,0,0,46,0,0,0,0,13,18,13,0.0053,0.001,0.0004,0.0015,0.0,0.0032,0.0,0.0509,0.0596
pegsol-sat11-strips-p18,0,False,42,132,296,494,0,675,15,0,0,0,0,0,0,0,0,9,9,9,0.0053,0.0009,0.0005,0.0014,0.0,0.0,0.0,0.0106,0.0193
petri-net-alignment-opt18-strips-p04,0,False,147,717,1043,2298,0,2643,115,726,0,0,377,0,529,0,0,47,99,47,0.0117,0.026,0.0219,0.0041,0.0,0.7544,0.0,0.8223,0.8874
pegsol-sat11-strips-p16,0,False,40,124,312,498,0,674,4,22,0,0,11,0,0,0,0,5,5,5,0.0061,0.0008,0.0004,0.0014,0.0,0.0007,0.0,0.0477,0.057
petri-net-alignment-opt18-strips-p03,0,False,147,699,1018,2246,0,2581,87,33,0,0,10,0,0,0,0,33,81,33,0.0129,0.0244,0.0178,0.0038,0.0,0.0466,0.0,0.074,0.1342
pegsol-sat11-strips-p15,0,False,51,111,252,428,0,641,7,0,0,0,0,0,0,0,0,4,4,4,0.0052,0.0008,0.0003,0.0012,0.0,0.0,0.0,0.0104,0.0185
petri-net-alignment-opt18-strips-p06,0,False,147,719,1044,2302,0,2643,145,714,0,0,1904,0,2436,0,0,63,107,63,0.0106,0.0278,0.0229,0.0041,0.0,0.4248,0.0,1.183,1.2499
petri-net-alignment-opt18-strips-p07,0,False,147,683,989,2193,0,2517,141,143,0,0,19,0,0,0,0,57,122,57,0.0123,0.0256,0.02,0.0036,0.0,0.068,0.0,0.1824,0.2453
petri-net-alignment-opt18-strips-p08,0,False,147,721,1045,2306,0,2647,148,769,0,0,1944,0,2953,0,0,71,118,71,0.011,0.0283,0.0224,0.0042,0.0,0.3369,0.0,1.5123,1.5798
petri-net-alignment-opt18-strips-p12,0,False,147,1013,1483,3183,0,3672,171,1095,0,0,184,0,1197,0,0,86,101,86,0.0167,0.0517,0.0449,0.0062,0.0,0.7224,0.0,2.9206,3.0432
pipesworld-notankage-p03-net1-b8-g3,0,True,34,59,202,314,0,410,17,0,0,0,0,0,0,0,0,7,7,7,0.0059,0.0009,0.0001,0.0014,0.0,0.0,0.0,0.0078,0.0166
petri-net-alignment-opt18-strips-p16,0,False,147,959,1397,3016,0,3472,158,738,0,0,87,0,707,0,0,74,104,74,0.0134,0.0461,0.0484,0.0058,0.0,0.6256,0.0,1.0659,1.1821
petri-net-alignment-opt18-strips-p13,0,False,147,884,1288,2794,0,3217,166,1218,0,0,366,0,1179,0,0,84,120,84,0.0147,0.0404,0.0394,0.0053,0.0,0.9726,0.0,2.3363,2.4384
petri-net-alignment-opt18-strips-p19,0,False,147,992,1450,3118,0,3593,145,447,0,0,65,0,106,0,0,63,134,63,0.015,0.0481,0.0425,0.0061,0.0,0.3997,0.0,0.4791,0.5935
petri-net-alignment-opt18-strips-p14,0,False,115,875,1269,2742,0,3148,154,773,0,0,3230,0,3500,0,0,75,105,75,0.0145,0.0389,0.0331,0.005,0.0,0.4549,0.0,1.7852,1.879
petri-net-alignment-opt18-strips-p20,0,False,147,1017,1490,3196,0,3688,181,714,0,0,2219,0,3794,0,0,84,145,84,0.0163,0.0524,0.0588,0.0059,0.0,0.6102,0.0,2.0268,2.1632
pipesworld-notankage-p02-net1-b6-g4,0,True,19,38,130,205,0,258,15,0,0,0,0,0,0,0,0,7,7,7,0.0056,0.0005,0.0,0.0016,0.0,0.0,0.0,0.0057,0.0138
petri-net-alignment-opt18-strips-p09,0,False,147,700,1013,2243,0,2575,145,338,0,0,128,0,91,0,0,59,131,59,0.0115,0.0268,0.0208,0.0038,0.0,0.1513,0.0,0.2489,0.3135
petri-net-alignment-opt18-strips-p10,0,False,147,887,1293,2803,0,3227,178,883,0,0,1827,0,3166,0,0,89,105,89,0.0123,0.0419,0.0342,0.0054,0.0,0.5023,0.0,2.5243,2.6204
petri-net-alignment-opt18-strips-p11,0,False,146,775,1115,2457,0,2817,156,399,0,0,2336,0,2419,0,0,65,132,65,0.0139,0.0321,0.0282,0.0043,0.0,0.2783,0.0,1.2812,1.3616
petri-net-alignment-opt18-strips-p18,0,False,115,936,1367,2931,0,3374,155,694,0,0,1028,0,1502,0,0,77,105,77,0.0153,0.0435,0.0371,0.0052,0.0,0.6812,0.0,1.106,1.2095
petri-net-alignment-opt18-strips-p15,0,False,147,874,1268,2759,0,3173,183,810,0,0,148,0,242,0,0,83,131,83,0.033,0.0407,0.0324,0.0057,0.0,0.5569,0.0,0.5966,0.7107
pipesworld-notankage-p01-net1-b6-g2,0,True,22,38,119,192,0,237,14,0,0,0,0,0,0,0,0,5,5,5,0.0052,0.0004,0.0,0.0013,0.0,0.0,0.0,0.0056,0.0131
petri-net-alignment-opt18-strips-p17,0,False,147,993,1456,3126,0,3608,168,1295,0,0,171,0,962,0,0,86,106,86,0.0166,0.0494,0.0423,0.0061,0.0,0.9029,0.0,2.1925,2.3098
pipesworld-notankage-p15-net2-b14-g4,0,True,202,940,1936,3097,0,4171,25,65,0,0,16,0,68,0,0,14,15,14,0.0128,0.0128,0.0022,0.0041,0.0,0.0445,0.0,1.6865,1.7193
pipesworld-notankage-p08-net1-b12-g7,0,True,48,148,480,708,0,971,27,0,0,0,0,0,0,0,0,10,10,10,0.0081,0.0024,0.0002,0.0014,0.0,0.0,0.0,0.0135,0.0261
pipesworld-notankage-p07-net1-b12-g5,0,True,54,148,467,693,0,944,24,0,0,0,0,0,0,0,0,8,8,8,0.0078,0.0024,0.0001,0.0016,0.0,0.0,0.0,0.0137,0.0262
pipesworld-notankage-p06-net1-b10-g6,0,True,41,98,343,507,0,679,20,0,0,0,0,0,0,0,0,9,9,9,0.0055,0.0015,0.0001,0.0019,0.0,0.0,0.0,0.0112,0.0208
pipesworld-notankage-p16-net2-b14-g6,0,True,198,940,1948,3110,0,4196,41,40,0,0,9,0,0,0,0,19,25,19,0.0126,0.0141,0.0035,0.0037,0.0,0.0178,0.0,0.445,0.4797
pipesworld-notankage-p14-net2-b12-g5,0,True,191,984,2109,3309,0,4427,34,549,0,0,126,0,5062,0,0,18,21,18,0.0121,0.0128,0.0033,0.0037,0.0,0.5318,0.0,71.3912,71.4238
pipesworld-notankage-p05-net1-b10-g4,0,True,45,98,341,504,0,675,18,0,0,0,0,0,0,0,0,7,7,7,0.0078,0.0015,0.0001,0.0014,0.0,0.0,0.0,0.0117,0.0231
pipesworld-notankage-p12-net2-b10-g4,0,True,152,738,1572,2479,0,3315,29,89,0,0,26,0,127,0,0,13,17,13,0.0091,0.0082,0.0019,0.0031,0.0,0.0584,0.0,1.7531,1.7762
pipesworld-notankage-p04-net1-b8-g5,0,True,32,59,202,314,0,410,17,0,0,0,1,0,0,0,0,7,8,7,0.005,0.0009,0.0001,0.001,0.0,0.0,0.0,0.0079,0.0154
pipesworld-notankage-p18-net2-b16-g7,0,True,289,1558,3336,5210,0,6951,34,349,0,0,95,0,884,0,0,18,20,18,0.0174,0.0259,0.0062,0.0068,0.0,1.3767,0.0,36.1022,36.1595
pipesworld-notankage-p10-net1-b14-g8,0,True,46,198,681,973,0,1355,43,21,0,0,11,0,0,0,0,17,18,17,0.0083,0.0036,0.0004,0.0019,0.0,0.0013,0.0,0.0831,0.0979
pipesworld-notankage-p11-net2-b10-g2,0,True,156,738,1572,2479,0,3315,23,72,0,0,22,0,0,0,0,11,12,11,0.0092,0.0079,0.0017,0.0028,0.0,0.0356,0.0,1.0468,1.0691
pipesworld-notankage-p17-net2-b16-g5,0,True,295,1558,3291,5163,0,6862,27,3,0,0,1,0,0,0,0,12,12,12,0.0175,0.025,0.0047,0.0066,0.0,0.0026,0.0,0.3227,0.3776
pipesworld-notankage-p09-net1-b14-g6,0,True,55,198,660,950,0,1314,36,3,0,0,2,0,0,0,0,13,14,13,0.0082,0.0036,0.0003,0.0017,0.0,0.0001,0.0,0.0207,0.0352
pipesworld-notankage-p13-net2-b12-g3,0,True,189,913,1953,3072,0,4117,24,76,0,0,18,0,0,0,0,12,13,12,0.0245,0.0111,0.0024,0.0034,0.0,0.0509,0.0,0.7947,0.8371
pipesworld-notankage-p28-net3-b18-g7,0,True,424,2280,5099,7839,0,10625,48,197,0,0,40,0,185,0,0,25,31,25,0.0316,0.0601,0.0196,0.011,0.0,0.8537,0.0,15.4771,15.6007
pipesworld-notankage-p30-net3-b20-g8,2,True,468,2661,5817,8984,0,11991,49,1428,0,0,515,0,12647,0,0,28.673,37,32,0.0345,0.0737,0.0245,0.013,0.0,9.493,0.0,899.8657,900.0279
pipesworld-notankage-p20-net2-b18-g8,0,True,345,1900,4106,6383,0,8573,37,493,0,0,108,0,14590,0,0,23,27,23,0.0219,0.0369,0.0181,0.0078,0.0,2.1643,0.0,372.2237,372.31
pipesworld-notankage-p27-net3-b18-g6,0,True,429,2280,5085,7824,0,10597,36,228,0,0,55,0,327,0,0,19,25,19,0.0297,0.0577,0.0148,0.0108,0.0,1.3912,0.0,16.7365,16.8507
pipesworld-notankage-p29-net3-b20-g6,0,True,522,2910,6425,9888,0,13354,38,187,0,0,47,0,706,0,0,21,25,21,0.0388,0.0868,0.0154,0.0146,0.0,3.0869,0.0,40.9158,41.0728
pipesworld-notankage-p19-net2-b18-g6,0,True,350,1900,4069,6344,0,8499,30,531,0,0,591,0,30073,0,0,20,23,20,0.0212,0.0355,0.0122,0.0077,0.0,2.1641,0.0,621.9515,622.0294
pipesworld-notankage-p25-net3-b16-g5,0,True,363,1900,4159,6452,0,8683,35,382,0,0,93,0,1271,0,0,20,24,20,0.026,0.0426,0.0099,0.0079,0.0,1.8384,0.0,56.538,56.6257
pipesworld-notankage-p23-net3-b14-g3,0,True,297,1466,3231,5016,0,6771,28,37,0,0,8,0,0,0,0,14,15,14,0.0191,0.0268,0.0063,0.0066,0.0,0.0754,0.0,3.0423,3.1022
pipesworld-notankage-p26-net3-b16-g7,0,True,355,1900,4187,6482,0,8738,39,490,0,0,108,0,4775,0,0,24,30,24,0.0251,0.0428,0.0116,0.0085,0.0,1.9597,0.0,123.0962,123.1856
pipesworld-notankage-p22-net3-b12-g4,0,True,219,1025,2253,3525,0,4802,39,130,0,0,32,0,338,0,0,19,21,19,0.0138,0.0164,0.004,0.0041,0.0,0.1531,0.0,5.4491,5.4883
pipesworld-notankage-p21-net3-b12-g2,0,True,229,1025,2205,3470,0,4704,20,39,0,0,11,0,0,0,0,9,10,9,0.014,0.015,0.0022,0.0039,0.0,0.0557,0.0,0.3905,0.4263
pipesworld-notankage-p31-net4-b14-g3,2,True,325,2131,5171,7639,0,10240,31,712,0,0,122,0,30261,0,0,14.58,19,18,0.0242,0.0475,0.0064,0.009,0.0,1.4859,0.0,899.9169,900.0513
pipesworld-notankage-p24-net3-b14-g5,0,True,293,1466,3278,5065,0,6863,31,76,0,0,24,0,123,0,0,18,22,18,0.0185,0.0276,0.0115,0.0059,0.0,0.2453,0.0,3.6595,3.724
pipesworld-notankage-p38-net4-b20-g7,2,True,544,3944,9784,14291,0,19059,33,668,0,0,133,0,3345,0,0,14.97,21,21,0.277,0.1367,0.0297,0.0216,0.0,6.4551,0.0,899.5532,900.0209
pipesworld-notankage-p34-net4-b16-g6,2,True,385,2589,6372,9370,0,12580,36,1001,0,0,168,0,6287,0,0,19.116,29,29,0.032,0.0695,0.0179,0.0118,0.0,3.479,0.0,899.8799,900.0252
pipesworld-notankage-p32-net4-b14-g5,2,True,320,2131,5193,7663,0,10290,36,913,0,0,157,0,16615,0,0,17.798,23,21,0.0372,0.0483,0.0083,0.0094,0.0,2.1014,0.0,899.9019,900.0335
pipesworld-notankage-p33-net4-b16-g5,0,True,359,2256,5479,8112,0,10901,34,168,0,0,33,0,19135,0,0,18,18,18,0.0259,0.0556,0.0061,0.0111,0.0,0.2323,0.0,837.7157,837.8156
pipesworld-notankage-p37-net4-b20-g5,0,True,546,3944,9730,14236,0,18953,29,231,0,0,46,0,5541,0,0,14,15,14,0.0498,0.1345,0.0213,0.0211,0.0,2.3859,0.0,795.5039,795.7322
pipesworld-notankage-p35-net4-b18-g4,2,True,475,3482,8431,12402,0,16442,25,589,0,0,115,0,4407,0,0,12.503,19,19,0.0607,0.1039,0.0191,0.0177,0.0,4.3891,0.0,899.808,900.0155
pipesworld-notankage-p36-net4-b18-g6,2,True,470,3482,8499,12473,0,16580,27,985,0,0,220,0,3692,0,0,15.735,26,26,0.0445,0.105,0.0237,0.0174,0.0,9.5153,0.0,899.8191,900.0179
pipesworld-notankage-p39-net4-b22-g7,2,True,669,5227,12906,18829,0,25095,27,479,0,0,94,0,2185,0,0,17.064,23,23,0.0913,0.2105,0.0383,0.0318,0.0,6.41,0.0,899.6434,900.0198
pipesworld-notankage-p41-net5-b22-g2,0,True,739,6840,16252,23837,0,31701,18,32,0,0,6,0,17,0,0,8,8,8,0.0946,0.2985,0.0162,0.0427,0.0,1.1377,0.0,62.7701,63.2248
pipesworld-notankage-p40-net4-b22-g8,2,True,668,5227,12944,18868,0,25170,31,396,0,0,80,0,1310,0,0,19.118,27,26,0.0733,0.2155,0.0444,0.0334,0.0,5.5624,0.0,899.6513,900.0204
pipesworld-notankage-p42-net5-b22-g4,0,True,729,6840,16385,23977,0,31966,27,80,0,0,17,0,239,0,0,16,19,16,0.1002,0.3004,0.0506,0.0443,0.0,4.6964,0.0,253.9103,254.4086
pipesworld-notankage-p43-net5-b24-g3,2,True,838,8293,19762,28913,0,38289,32,232,0,0,35,0,426,0,0,14.536,24,24,0.1188,0.4088,0.0914,0.0569,0.0,18.5238,0.0,899.3505,900.0313
pipesworld-notankage-p44-net5-b24-g5,2,True,836,8293,19826,28981,0,38439,33,206,0,0,33,0,465,0,0,17.591,28,28,0.1241,0.4045,0.1156,0.0579,0.0,5.1054,0.0,899.322,900.0282
pipesworld-notankage-p45-net5-b26-g4,2,True,949,9665,23109,33747,0,44701,34,172,0,0,25,0,274,0,0,17.0,28,28,0.1593,0.5124,0.1152,0.0731,0.0,14.5811,0.0,899.1884,900.0532
pipesworld-notankage-p46-net5-b26-g6,2,True,946,9665,23192,33833,0,44871,43,330,0,0,50,0,475,0,0,21.337,38,38,0.1695,0.5272,0.1493,0.0765,0.0,26.9154,0.0,899.1244,900.0527
pipesworld-notankage-p47-net5-b28-g5,2,True,1048,10852,25753,37686,0,49847,42,211,0,0,27,0,258,0,0,20.238,39,39,0.2022,0.6463,0.2065,0.0887,0.0,34.1516,0.0,898.8909,900.0401
pipesworld-notankage-p48-net5-b28-g7,2,True,1043,10852,25859,37795,0,50064,42,172,0,0,22,0,285,0,0,25.271,47,47,0.201,0.641,0.2777,0.0903,0.0,14.3611,0.0,898.8413,900.0565
pipesworld-notankage-p49-net5-b30-g6,2,True,1172,12349,29452,42997,0,56855,37,103,0,0,12,0,156,0,0,18.655,30,30,0.235,0.7897,0.1645,0.111,0.0,8.6451,0.0,898.7322,900.0387
pipesworld-notankage-p50-net5-b30-g8,2,True,1162,12349,29507,43055,0,56961,41,271,0,0,39,0,273,0,0,22.633,42,42,0.2362,0.7945,0.2519,0.1085,0.0,15.7173,0.0,898.6662,900.0654
pipesworld-tankage-p05-net1-b10-g4-t50,0,True,46,155,566,783,0,1004,17,0,0,0,0,0,0,0,0,7,7,7,0.0277,0.0034,0.0002,0.0015,0.0,0.0,0.0,0.0172,0.0506
pipesworld-tankage-p01-net1-b6-g2-t50,0,True,28,46,149,235,0,357,15,0,0,0,0,0,0,0,0,5,5,5,0.0231,0.0005,0.0001,0.0014,0.0,0.0,0.0,0.0071,0.0325
pipesworld-tankage-p04-net1-b8-g5-t80,0,True,40,188,604,848,0,996,18,0,0,0,0,0,0,0,0,7,7,7,0.0273,0.0029,0.0002,0.0015,0.0,0.0,0.0,0.018,0.0504
pipesworld-tankage-p03-net1-b8-g3-t80,0,True,42,188,604,848,0,996,19,0,0,0,0,0,0,0,0,7,7,7,0.0257,0.0029,0.0002,0.0018,0.0,0.0,0.0,0.0173,0.0486
pipesworld-tankage-p02-net1-b6-g4-t50,0,True,22,46,156,243,0,371,17,0,0,0,1,0,0,0,0,7,8,7,0.023,0.0005,0.0001,0.0015,0.0,0.0,0.0,0.0069,0.0324
pipesworld-tankage-p08-net1-b12-g7-t80,0,True,60,522,1851,2454,0,2634,28,0,0,0,0,0,0,0,0,10,10,10,0.0177,0.0164,0.0012,0.0026,0.0,0.0,0.0,0.0418,0.0806
pipesworld-tankage-p06-net1-b10-g6-t50,0,True,41,155,568,786,0,1008,19,0,0,0,0,0,0,0,0,9,9,9,0.0094,0.0034,0.0002,0.0016,0.0,0.0,0.0,0.0164,0.0316
pipesworld-tankage-p09-net1-b14-g6-t50,0,True,60,941,3042,4069,0,4028,36,9,0,0,4,0,0,0,0,13,15,13,0.0211,0.0199,0.0046,0.0035,0.0,0.0024,0.0,0.0727,0.1227
pipesworld-tankage-p10-net1-b14-g8-t50,0,True,54,941,3125,4154,0,4153,41,35,0,0,14,0,0,0,0,17,18,17,0.0212,0.0196,0.0062,0.0034,0.0,0.0104,0.0,0.2901,0.3414
pipesworld-tankage-p07-net1-b12-g5-t80,0,True,64,522,1785,2386,0,2548,23,0,0,0,0,0,0,0,0,8,8,8,0.0199,0.0162,0.001,0.0025,0.0,0.0,0.0,0.0412,0.0816
pipesworld-tankage-p12-net2-b10-g4-t60,0,True,167,1543,4400,6125,0,7109,27,113,0,0,27,0,93,0,0,13,17,13,0.0205,0.035,0.006,0.0061,0.0,0.1548,0.0,8.0089,8.0776
pipesworld-tankage-p16-net2-b14-g6-t80,0,True,234,3332,9167,12750,0,13692,41,89,0,0,20,0,52,0,0,19,25,19,0.0352,0.1065,0.0199,0.0123,0.0,0.129,0.0,11.4997,11.6749
pipesworld-tankage-p17-net2-b16-g5-t20,0,True,300,1959,4843,7121,0,8889,28,0,0,0,0,0,0,0,0,13,13,13,0.0225,0.0532,0.0087,0.0082,0.0,0.0,0.0,0.5165,0.6102
pipesworld-tankage-p13-net2-b12-g3-t70,0,True,213,2375,6469,9071,0,10351,23,46,0,0,11,0,70,0,0,12,13,12,0.044,0.0565,0.0099,0.0087,0.0,0.2008,0.0,11.5929,11.7133
pipesworld-tankage-p11-net2-b10-g2-t30,0,True,165,987,2898,4061,0,5147,23,56,0,0,16,0,323,0,0,12,13,12,0.0142,0.02,0.0028,0.0042,0.0,0.06,0.0,10.1242,10.1665
pipesworld-tankage-p14-net2-b12-g5-t30,0,True,206,1801,4803,6828,0,7964,36,459,0,0,98,0,10926,0,0,19,23,19,0.0187,0.0381,0.0099,0.0066,0.0,0.8411,0.0,261.5821,261.6566
pipesworld-tankage-p15-net2-b14-g4-t30,0,True,218,1348,3426,5005,0,6237,29,90,0,0,22,0,109,0,0,14,16,14,0.0356,0.0335,0.0048,0.0059,0.0,0.0897,0.0,5.3717,5.4526
pipesworld-tankage-p22-net3-b12-g4-t60,0,True,238,2159,5910,8323,0,9885,38,425,0,0,94,0,3906,0,0,19,21,19,0.0257,0.0561,0.012,0.0084,0.0,0.688,0.0,163.4514,163.5549
pipesworld-tankage-p18-net2-b16-g7-t60,0,True,319,4813,13246,18397,0,19622,31,162,0,0,39,0,1092,0,0,18,24,18,0.0443,0.1609,0.0436,0.0199,0.0,2.4266,0.0,118.7422,119.0131
pipesworld-tankage-p20-net2-b18-g8-t90,2,True,399,8777,24011,33208,0,34028,36,442,0,0,77,0,2123,0,0,20.04,27,27,0.0941,0.4506,0.0965,0.0399,0.0,9.7553,0.0,899.3546,900.0433
pipesworld-tankage-p21-net3-b12-g2-t60,0,True,246,2159,5890,8302,0,9847,21,44,0,0,11,0,0,0,0,9,10,9,0.0242,0.0538,0.0052,0.0085,0.0,0.0975,0.0,4.069,4.1619
pipesworld-tankage-p23-net3-b14-g3-t60,0,True,316,4375,12527,17236,0,18715,28,125,0,0,27,0,733,0,0,15,16,15,0.0533,0.1618,0.0273,0.0186,0.0,1.5088,0.0,87.7533,88.0161
pipesworld-tankage-p19-net2-b18-g6-t60,2,True,378,4222,11751,16369,0,18532,31,476,0,0,93,0,6955,0,0,17.245,23,20,0.0553,0.1972,0.0348,0.0215,0.0,5.1841,0.0,899.7059,900.0186
pipesworld-tankage-p24-net3-b14-g5-t60,0,True,312,4375,12527,17236,0,18715,32,296,0,0,72,0,2002,0,0,19,22,19,0.0516,0.1641,0.0375,0.0188,0.0,3.3121,0.0,296.9582,297.232
pipesworld-tankage-p25-net3-b16-g5-t60,2,True,394,6879,19547,26840,0,28232,32,579,0,0,146,0,3213,0,0,18.373,25,21,0.1216,0.375,0.0805,0.0331,0.0,16.2092,0.0,899.4091,900.0241
pipesworld-tankage-p26-net3-b16-g7-t70,2,True,392,7691,21812,29921,0,31014,37,747,0,0,3359,0,9235,0,0,21.085,30,26,0.1223,0.4509,0.1063,0.0362,0.0,18.6319,0.0,899.314,900.0566
pipesworld-tankage-p27-net3-b18-g6-t70,0,True,461,8036,22231,30747,0,32894,34,276,0,0,61,0,1869,0,0,19,24,19,0.1176,0.4741,0.1124,0.0425,0.0,12.2859,0.0,736.0025,736.7523
pipesworld-tankage-p28-net3-b18-g7-t70,0,True,454,8036,22231,30747,0,32894,41,280,0,0,65,0,1017,0,0,26,31,26,0.1179,0.4767,0.1434,0.0421,0.0,11.5397,0.0,451.1456,451.929
pipesworld-tankage-p29-net3-b20-g6-t70,0,True,561,11754,32769,45104,0,46788,37,175,0,0,40,0,2841,0,0,21,25,21,0.1889,0.8741,0.1265,0.0716,0.0,10.7579,0.0,548.1907,549.4559
pipesworld-tankage-p30-net3-b20-g8-t70,2,True,519,12786,37987,51317,0,50655,46,359,0,0,50,0,860,0,0,25.238,38,38,0.2142,0.9555,0.1886,0.0767,0.0,18.161,0.0,898.6378,900.0803
pipesworld-tankage-p31-net4-b14-g3-t20,2,True,245,1509,3916,5680,0,7455,33,1247,0,0,207,0,53558,0,0,15.869,23,22,0.019,0.0323,0.0059,0.0065,0.0,1.1337,0.0,899.9513,900.0747
pipesworld-tankage-p32-net4-b14-g5-t30,2,True,329,3425,10311,14081,0,17506,36,406,0,0,58,0,5902,0,0,16.61,21,21,0.0561,0.1424,0.0153,0.0164,0.0,0.9851,0.0,899.7793,900.0235
pipesworld-tankage-p33-net4-b16-g5-t60,2,True,377,7133,20838,28360,0,30590,34,131,0,0,20,0,1968,0,0,15.319,19,19,0.085,0.295,0.0291,0.0361,0.0,0.427,0.0,899.5836,900.0335
pipesworld-tankage-p34-net4-b16-g6-t60,2,True,413,9396,27463,37284,0,39808,37,249,0,0,35,0,553,0,0,15.808,31,31,0.1059,0.456,0.116,0.0458,0.0,2.7526,0.0,899.2981,900.0259
pipesworld-tankage-p35-net4-b18-g4-t90,2,True,537,21724,62972,85239,0,84073,27,51,0,0,9,0,86,0,0,11.0,17,17,0.2699,1.8277,0.1907,0.1283,0.0,3.7501,0.0,897.6601,900.0958
pipesworld-tankage-p36-net4-b18-g6-t90,2,True,533,21724,63068,85336,0,84212,30,43,0,0,7,0,84,0,0,13.355,25,25,0.2712,1.816,0.2812,0.1239,0.0,1.1147,0.0,897.5518,900.0529
pipesworld-tankage-p37-net4-b20-g5-t60,2,True,576,16856,50067,67506,0,69185,28,63,0,0,10,0,99,0,0,10.495,15,15,0.2023,1.1941,0.1651,0.1022,0.0,4.1668,0.0,898.4065,900.0775
pipesworld-tankage-p38-net4-b20-g7-t60,2,True,574,16856,50067,67506,0,69185,33,59,0,0,9,0,72,0,0,13.062,21,21,0.2008,1.1967,0.2277,0.1031,0.0,3.244,0.0,898.3391,900.0757
pipesworld-tankage-p39-net4-b22-g7-t50,2,True,700,21748,63632,86094,0,89048,29,31,0,0,5,0,60,0,0,15.0,24,24,0.2961,1.9815,0.4298,0.1559,0.0,0.8745,0.0,897.233,900.1067
pipesworld-tankage-p40-net4-b22-g8-t50,2,True,699,21748,63632,86094,0,89048,32,35,0,0,6,0,73,0,0,16.222,28,28,0.3009,1.9877,0.4404,0.1522,0.0,0.9553,0.0,897.1711,900.0671
pipesworld-tankage-p42-net5-b22-g4-t50,2,True,775,34729,101107,136622,0,135692,27,29,0,0,4,0,8,0,0,12.021,20,20,0.4229,3.3323,1.2341,0.3659,0.0,0.8409,0.0,894.771,900.1409
pipesworld-tankage-p41-net5-b22-g2-t20,0,True,743,12877,36885,50509,0,58735,19,46,0,0,7,0,0,0,0,8,8,8,0.155,0.7548,0.063,0.0906,0.0,0.6455,0.0,81.4217,82.4894
pipesworld-tankage-p43-net5-b24-g3-t80,2,True,909,60655,178171,239748,0,224937,31,16,0,0,2,0,0,0,0,11.875,24,24,1.03,10.0236,1.6196,0.7462,0.0,1.0898,0.0,886.6596,900.0997
pipesworld-tankage-p44-net5-b24-g5-t80,2,True,907,60655,178171,239748,0,224937,33,15,0,0,2,0,4,0,0,14.0,27,27,1.0215,9.9819,1.8362,0.7528,0.0,1.1592,0.0,886.533,900.1567
pipesworld-tankage-p45-net5-b26-g4-t50,2,True,995,41339,123373,165720,0,164710,36,29,0,0,4,0,0,0,0,13.9,31,31,0.7324,6.2505,1.2865,0.5178,0.0,10.217,0.0,891.2643,900.0662
pipesworld-tankage-p46-net5-b26-g6-t50,2,True,992,41339,123502,165850,0,164893,46,58,0,0,8,0,3,0,0,18.564,41,41,0.7231,6.3362,1.6831,0.5178,0.0,25.9985,0.0,890.8333,900.1144
pipesworld-tankage-p48-net5-b28-g7-t50,2,True,1096,50902,148652,200673,0,198352,43,18,0,0,2,0,0,0,0,22.517,48,48,0.953,8.7152,2.728,0.7004,0.0,1.0085,0.0,887.0027,900.1179
pipesworld-tankage-p47-net5-b28-g5-t50,2,True,1100,50902,148577,200597,0,198232,43,31,0,0,4,0,0,0,0,19.298,40,40,0.9426,8.6574,2.0691,0.6943,0.0,35.2058,0.0,887.698,900.0803
pipesworld-tankage-p49-net5-b30-g6-t50,2,True,1226,62713,184274,248223,0,241852,36,16,0,0,2,0,0,0,0,14.333,31,31,1.1882,11.0165,3.2289,0.7408,0.0,1.7707,0.0,883.9146,900.1091
pipesworld-tankage-p50-net5-b30-g8-t50,2,True,1218,62713,184303,248253,0,241900,40,15,0,0,2,0,0,0,0,18.481,42,42,1.4454,10.9703,3.3834,0.7453,0.0,1.8097,0.0,883.5399,900.1041
psr-small-p01-s2-n1-l2-f50,0,True,0,0,2,5,0,4,0,0,0,0,1,0,0,0,0,1,1,1,0.0227,0.0,0.0,0.0012,0.0,0.0,0.0,0.0012,0.0256
psr-small-p04-s8-n1-l4-f10,0,True,0,0,2,5,0,4,0,0,0,0,1,0,0,0,0,1,1,1,0.0234,0.0001,0.0,0.001,0.0,0.0,0.0,0.0013,0.0263
psr-small-p02-s5-n1-l3-f30,0,True,0,0,2,5,0,4,0,0,0,0,1,0,0,0,0,1,1,1,0.0232,0.0001,0.0,0.0009,0.0,0.0,0.0,0.0013,0.0259
psr-small-p03-s7-n1-l3-f70,0,True,0,0,2,5,0,4,0,0,0,0,1,0,0,0,0,1,1,1,0.0047,0.0001,0.0,0.0008,0.0,0.0,0.0,0.0013,0.0073
psr-small-p07-s11-n1-l4-f70,0,True,0,0,2,5,0,4,0,0,0,0,1,0,0,0,0,1,1,1,0.0042,0.0001,0.0,0.001,0.0,0.0,0.0,0.0012,0.007
psr-small-p05-s9-n1-l4-f30,0,True,0,0,2,5,0,4,0,0,0,0,1,0,0,0,0,1,1,1,0.0056,0.0001,0.0,0.0011,0.0,0.0,0.0,0.0012,0.0084
psr-small-p06-s10-n1-l4-f50,0,True,0,0,2,5,0,4,0,0,0,0,1,0,0,0,0,1,1,1,0.0044,0.0,0.0,0.0008,0.0,0.0,0.0,0.0013,0.0071
psr-small-p12-s21-n2-l3-f30,0,True,0,0,4,10,0,8,0,0,0,0,1,0,0,0,0,2,2,2,0.0229,0.0001,0.0,0.001,0.0,0.0,0.0,0.0013,0.0258
psr-small-p11-s18-n2-l2-f50,0,True,0,0,4,10,0,8,0,0,0,0,1,0,0,0,0,2,2,2,0.0225,0.0001,0.0,0.0013,0.0,0.0,0.0,0.0013,0.0256
psr-small-p09-s13-n1-l5-f30,0,True,0,0,2,5,0,4,0,0,0,0,1,0,0,0,0,1,1,1,0.0041,0.0001,0.0,0.0009,0.0,0.0,0.0,0.0012,0.0067
psr-small-p10-s17-n2-l2-f30,0,True,0,0,5,12,0,12,0,0,0,0,1,0,0,0,0,2,2,2,0.005,0.0001,0.0,0.0011,0.0,0.0,0.0,0.0012,0.0079
psr-small-p08-s12-n1-l5-f10,0,True,0,0,2,5,0,4,0,0,0,0,1,0,0,0,0,1,1,1,0.0047,0.0001,0.0,0.0011,0.0,0.0,0.0,0.0012,0.0075
psr-small-p16-s29-n2-l5-f30,0,True,1,2,6,16,0,16,0,0,0,0,0,0,0,0,0,3,3,3,0.0051,0.0001,0.0,0.0012,0.0,0.0,0.0,0.0021,0.009
psr-small-p17-s30-n2-l5-f50,0,True,0,0,5,12,0,10,0,0,0,0,1,0,0,0,0,2,2,2,0.0053,0.0001,0.0,0.0011,0.0,0.0,0.0,0.0013,0.0082
psr-small-p15-s24-n2-l4-f10,0,True,1,2,4,11,0,10,0,0,0,0,0,0,0,0,0,2,2,2,0.0082,0.0006,0.0,0.0012,0.0,0.0,0.0,0.002,0.0125
psr-small-p14-s23-n2-l3-f70,0,True,0,0,5,12,0,10,0,0,0,0,1,0,0,0,0,2,2,2,0.0053,0.0001,0.0,0.0009,0.0,0.0,0.0,0.0013,0.008
psr-small-p13-s22-n2-l3-f50,0,True,0,0,7,17,0,18,0,0,0,0,1,0,0,0,0,3,3,3,0.0052,0.0001,0.0,0.0011,0.0,0.0,0.0,0.0013,0.0082
psr-small-p18-s31-n2-l5-f70,0,True,0,0,5,12,0,10,0,0,0,0,1,0,0,0,0,2,2,2,0.0047,0.0001,0.0,0.0011,0.0,0.0,0.0,0.0013,0.0076
psr-small-p19-s33-n3-l2-f30,0,True,1,2,11,28,0,36,0,0,0,0,0,0,0,0,0,5,5,5,0.0052,0.0002,0.0,0.0009,0.0,0.0,0.0,0.0021,0.0089
psr-small-p21-s35-n3-l2-f70,0,True,0,0,8,19,0,16,0,0,0,0,1,0,0,0,0,3,3,3,0.0052,0.0001,0.0,0.0008,0.0,0.0,0.0,0.0012,0.0078
psr-small-p22-s37-n3-l3-f30,0,True,0,0,8,20,0,22,0,0,0,0,1,0,0,0,0,4,4,4,0.0046,0.0002,0.0,0.002,0.0,0.0,0.0,0.0012,0.0085
psr-small-p20-s34-n3-l2-f50,0,True,0,0,7,17,0,14,0,0,0,0,1,0,0,0,0,3,3,3,0.0043,0.0001,0.0,0.0009,0.0,0.0,0.0,0.0012,0.007
psr-small-p26-s41-n3-l4-f30,0,True,0,0,7,17,0,14,0,0,0,0,1,0,0,0,0,3,3,3,0.0238,0.0001,0.0,0.0013,0.0,0.0,0.0,0.0013,0.027
psr-small-p24-s39-n3-l3-f70,0,True,0,0,8,19,0,16,0,0,0,0,1,0,0,0,0,3,3,3,0.005,0.0001,0.0,0.0012,0.0,0.0,0.0,0.0012,0.0079
psr-small-p25-s40-n3-l4-f10,0,True,2,3,5,14,0,13,0,0,0,0,0,0,0,0,0,2,2,2,0.0598,0.0323,0.0,0.002,0.0,0.0,0.0,0.0013,0.0968
psr-small-p23-s38-n3-l3-f50,0,True,0,0,8,19,0,16,0,0,0,0,1,0,0,0,0,3,3,3,0.0049,0.0001,0.0,0.0012,0.0,0.0,0.0,0.0012,0.0079
psr-small-p27-s42-n3-l4-f50,0,True,0,0,7,17,0,14,0,0,0,0,1,0,0,0,0,3,3,3,0.0049,0.0001,0.0,0.0011,0.0,0.0,0.0,0.0013,0.0079
psr-small-p28-s43-n3-l4-f70,0,True,0,0,8,19,0,16,0,0,0,0,1,0,0,0,0,3,3,3,0.0037,0.0001,0.0,0.0012,0.0,0.0,0.0,0.0012,0.0065
psr-small-p29-s45-n3-l5-f30,0,True,0,0,11,27,0,34,0,0,0,0,1,0,0,0,0,5,5,5,0.0236,0.0002,0.0,0.0011,0.0,0.0,0.0,0.0014,0.0268
psr-small-p35-s57-n5-l2-f30,0,True,1,2,9,23,0,24,0,0,0,0,0,0,0,0,0,4,4,4,0.0055,0.0002,0.0,0.0013,0.0,0.0,0.0,0.0021,0.0096
psr-small-p32-s50-n4-l2-f50,0,True,0,0,10,24,0,20,0,0,0,0,1,0,0,0,0,4,4,4,0.0082,0.0002,0.0,0.0009,0.0,0.0,0.0,0.0013,0.011
psr-small-p31-s49-n4-l2-f30,0,True,1,2,9,23,0,24,0,0,0,0,0,0,0,0,0,4,4,4,0.008,0.0007,0.0,0.0009,0.0,0.0,0.0,0.002,0.012
psr-small-p33-s51-n4-l2-f70,0,True,1,2,9,23,0,24,0,0,0,0,0,0,0,0,0,4,4,4,0.0059,0.0002,0.0,0.0012,0.0,0.0,0.0,0.0021,0.0098
psr-small-p34-s55-n4-l3-f70,0,True,0,0,10,24,0,20,0,0,0,0,1,0,0,0,0,4,4,4,0.0049,0.0001,0.0,0.0011,0.0,0.0,0.0,0.0012,0.0078
psr-small-p30-s46-n3-l5-f50,0,True,0,0,7,17,0,14,0,0,0,0,1,0,0,0,0,3,3,3,0.0053,0.0001,0.0,0.0008,0.0,0.0,0.0,0.0012,0.0079
psr-small-p40-s80-n3-l4-f10,0,True,1,2,6,16,0,16,0,0,0,0,0,0,0,0,0,3,3,3,0.0083,0.0007,0.0,0.001,0.0,0.0,0.0,0.0021,0.0126
psr-small-p39-s79-n3-l3-f70,0,True,0,0,7,17,0,14,0,0,0,0,1,0,0,0,0,3,3,3,0.0046,0.0001,0.0,0.0008,0.0,0.0,0.0,0.0013,0.0073
psr-small-p42-s82-n3-l4-f50,0,True,1,2,9,23,0,24,0,0,0,0,0,0,0,0,0,4,4,4,0.0048,0.0001,0.0,0.0011,0.0,0.0,0.0,0.0021,0.0085
psr-small-p36-s65-n6-l2-f30,0,True,1,2,14,35,0,48,0,0,0,0,0,0,0,0,0,6,6,6,0.0062,0.0004,0.0,0.001,0.0,0.0,0.0,0.0021,0.0101
psr-small-p41-s81-n3-l4-f30,0,True,0,0,8,19,0,16,0,0,0,0,1,0,0,0,0,3,3,3,0.0045,0.0001,0.0,0.0011,0.0,0.0,0.0,0.0013,0.0075
psr-small-p37-s67-n6-l2-f70,0,True,0,0,15,36,0,40,0,0,0,0,1,0,0,0,0,6,6,6,0.0047,0.0001,0.0,0.0012,0.0,0.0,0.0,0.0012,0.0077
psr-small-p38-s78-n3-l3-f50,0,True,0,0,7,17,0,18,0,0,0,0,1,0,0,0,0,3,3,3,0.0052,0.0001,0.0,0.0011,0.0,0.0,0.0,0.0013,0.0082
psr-small-p49-s105-n6-l2-f30,0,True,0,0,15,37,0,50,0,0,0,0,1,0,0,0,0,7,7,7,0.0054,0.0003,0.0,0.0016,0.0,0.0,0.0,0.0013,0.0091
psr-small-p47-s98-n5-l2-f50,0,True,0,0,9,22,0,18,0,0,0,0,1,0,0,0,0,4,4,4,0.0044,0.0001,0.0,0.0009,0.0,0.0,0.0,0.0012,0.0071
psr-small-p45-s94-n4-l3-f50,0,True,0,0,10,24,0,20,0,0,0,0,1,0,0,0,0,4,4,4,0.0045,0.0001,0.0,0.0012,0.0,0.0,0.0,0.0012,0.0074
psr-small-p48-s101-n5-l3-f30,0,True,0,0,11,27,0,30,0,0,0,0,1,0,0,0,0,5,5,5,0.005,0.0003,0.0,0.0009,0.0,0.0,0.0,0.0013,0.0078
psr-small-p43-s83-n3-l4-f70,0,True,0,0,10,24,0,26,0,0,0,0,1,0,0,0,0,4,4,4,0.0041,0.0001,0.0,0.0012,0.0,0.0,0.0,0.0013,0.0072
psr-small-p46-s97-n5-l2-f30,0,True,1,2,10,26,0,28,0,0,0,0,0,0,0,0,0,5,5,5,0.0048,0.0002,0.0,0.0011,0.0,0.0,0.0,0.0021,0.0085
psr-small-p44-s89-n4-l2-f30,0,True,0,0,12,29,0,36,0,0,0,0,1,0,0,0,0,5,5,5,0.0045,0.0002,0.0,0.0011,0.0,0.0,0.0,0.0013,0.0075
rovers-p07,0,True,29,47,47,129,0,124,44,0,0,0,0,0,0,0,0,15,15,15,0.0255,0.0004,0.0001,0.0014,0.0,0.0,0.0,0.0048,0.0326
rovers-p03,0,True,5,12,16,44,0,44,8,0,0,0,0,0,0,0,0,9,9,9,0.0056,0.0001,0.0,0.0012,0.0,0.0,0.0,0.0031,0.0104
rovers-p06,0,True,9,28,45,119,0,121,15,0,0,0,0,0,0,0,0,27,27,27,0.0057,0.0004,0.0001,0.0012,0.0,0.0,0.0,0.0036,0.0115
psr-small-p50-s107-n6-l2-f70,0,True,0,0,16,38,0,32,0,0,0,0,1,0,0,0,0,6,6,6,0.0045,0.0001,0.0,0.0011,0.0,0.0,0.0,0.0013,0.0075
rovers-p04,0,True,5,13,16,43,0,43,11,0,0,0,0,0,0,0,0,8,8,8,0.0065,0.0001,0.0,0.0012,0.0,0.0,0.0,0.0032,0.0115
rovers-p05,0,True,11,24,34,91,0,87,21,0,0,0,0,0,0,0,0,18,18,18,0.0049,0.0003,0.0,0.0012,0.0,0.0,0.0,0.0037,0.0106
rovers-p01,0,True,1,7,12,33,0,31,0,0,0,0,0,0,0,0,0,9,9,9,0.0045,0.0001,0.0,0.001,0.0,0.0,0.0,0.0021,0.0082
rovers-p02,0,True,3,8,12,33,0,27,0,0,0,0,0,0,0,0,0,7,7,7,0.0052,0.0002,0.0,0.0011,0.0,0.0,0.0,0.0021,0.0091
rovers-p12,0,True,41,87,87,221,0,212,46,0,0,0,0,0,0,0,0,16,16,16,0.0054,0.0007,0.0001,0.0013,0.0,0.0,0.0,0.0062,0.0145
rovers-p09,0,True,39,76,85,222,0,223,42,0,0,0,0,0,0,0,0,24,24,24,0.0066,0.0009,0.0001,0.0012,0.0,0.0,0.0,0.0058,0.0152
rovers-p13,0,True,68,117,117,314,0,319,85,0,0,0,0,0,0,0,0,32,32,32,0.0091,0.0017,0.0002,0.0012,0.0,0.0,0.0,0.0073,0.0201
rovers-p08,0,True,46,71,71,196,0,189,63,0,0,0,0,0,0,0,0,21,21,21,0.0063,0.0007,0.0001,0.0014,0.0,0.0,0.0,0.0055,0.0145
rovers-p10,0,True,56,91,91,249,0,253,78,0,0,0,0,0,0,0,0,26,26,26,0.0059,0.0011,0.0002,0.0013,0.0,0.0,0.0,0.0061,0.0151
rovers-p11,0,True,46,85,98,252,0,253,36,0,0,0,0,0,0,0,0,24,24,24,0.0058,0.001,0.0002,0.0013,0.0,0.0,0.0,0.0061,0.0149
rovers-p14,0,True,47,92,101,259,0,256,40,0,0,0,0,0,0,0,0,22,22,22,0.0064,0.0012,0.0002,0.0013,0.0,0.0,0.0,0.0063,0.0159
rovers-p15,0,True,54,80,88,244,0,222,60,0,0,0,0,0,0,0,0,29,29,29,0.0074,0.0015,0.0002,0.001,0.0,0.0,0.0,0.0053,0.0159
rovers-p16,0,True,67,129,129,336,0,344,88,0,0,0,0,0,0,0,0,30,30,30,0.0247,0.0017,0.0003,0.0013,0.0,0.0,0.0,0.0081,0.0366
rovers-p25,0,True,302,433,433,1178,0,1138,73,0,0,0,0,0,0,0,0,25,25,25,0.046,0.0249,0.0014,0.0023,0.0,0.0,0.0,0.0158,0.0912
rovers-p22,0,True,278,595,595,1484,0,1514,125,0,0,0,0,0,0,0,0,46,46,46,0.0288,0.0282,0.0024,0.0024,0.0,0.0,0.0,0.0307,0.0933
rovers-p17,0,True,106,197,207,538,0,542,67,0,0,0,0,0,0,0,0,36,36,36,0.009,0.0039,0.0006,0.0015,0.0,0.0,0.0,0.0107,0.0263
rovers-p20,0,True,258,512,512,1302,0,1302,160,0,0,0,1,0,0,0,0,58,59,58,0.0209,0.0233,0.0027,0.002,0.0,0.0001,0.0,0.026,0.0757
rovers-p21,0,True,275,499,499,1287,0,1280,112,0,0,0,1,0,0,0,0,41,42,41,0.0274,0.0278,0.0018,0.0022,0.0,0.0001,0.0,0.0224,0.0825
rovers-p18,0,True,151,239,239,640,0,632,85,0,0,0,0,0,0,0,0,31,31,31,0.0137,0.0063,0.0007,0.0016,0.0,0.0,0.0,0.012,0.0349
rovers-p23,0,True,341,875,875,2110,0,2160,139,0,0,0,2,0,0,0,0,53,54,53,0.0371,0.0461,0.0044,0.0031,0.0,0.0001,0.0,0.0888,0.1804
rovers-p19,0,True,186,458,458,1119,0,1127,123,0,0,0,1,0,0,0,0,45,46,45,0.0149,0.012,0.0016,0.002,0.0,0.0001,0.0,0.0272,0.0585
rovers-p24,0,True,387,777,777,1962,0,1998,175,0,0,0,1,0,0,0,0,65,66,65,0.0348,0.045,0.0064,0.0029,0.0,0.0001,0.0,0.0421,0.1321
rovers-p27,0,True,359,713,713,1805,0,1849,164,0,0,0,0,0,0,0,0,59,59,59,0.0303,0.0396,0.0047,0.0029,0.0,0.0,0.0,0.0388,0.1172
rovers-p26,0,True,349,610,610,1583,0,1584,112,0,0,0,1,0,0,0,0,40,42,40,0.0214,0.027,0.003,0.0024,0.0,0.0001,0.0,0.0315,0.086
rovers-p32,0,True,824,1948,1948,4755,0,4818,270,0,0,0,1,0,0,0,0,100,102,100,0.1209,0.2487,0.0273,0.0093,0.0,0.0002,0.0,0.104,0.5121
rovers-p30,0,True,649,1643,1643,3960,0,3985,179,0,0,0,1,0,0,0,0,70,71,70,0.0673,0.1374,0.0132,0.006,0.0,0.0001,0.0,0.2344,0.4601
rovers-p34,0,True,857,2324,2324,5537,0,5545,238,0,0,0,2,0,0,0,0,87,91,87,0.1523,0.2824,0.0242,0.0109,0.0,0.0003,0.0,0.3975,0.8695
rovers-p28,0,True,432,775,775,2001,0,2017,143,0,0,0,1,0,0,0,0,52,53,52,0.0542,0.0718,0.0047,0.0033,0.0,0.0001,0.0,0.0337,0.1687
rovers-p35,0,True,1157,2890,2890,7000,0,7306,491,0,0,0,1,0,0,0,0,176,182,176,0.2195,0.6036,0.0893,0.0164,0.0,0.0003,0.0,0.742,1.6735
rovers-p33,0,True,940,2195,2195,5374,0,5561,348,0,0,0,1,0,0,0,0,126,129,126,0.1394,0.312,0.042,0.0109,0.0,0.0002,0.0,0.3875,0.8941
rovers-p31,0,True,608,1484,1484,3600,0,3643,194,0,0,0,1,0,0,0,0,69,71,69,0.0691,0.1211,0.011,0.0057,0.0,0.0001,0.0,0.068,0.2759
rovers-p29,0,True,489,950,950,2405,0,2378,115,0,0,0,2,0,0,0,0,43,45,43,0.0648,0.085,0.005,0.0038,0.0,0.0001,0.0,0.1024,0.2619
rovers-p36,0,True,1147,3460,3460,8108,0,8296,307,0,0,0,1,0,0,0,0,115,125,115,0.1745,0.4588,0.0513,0.0166,0.0,0.0002,0.0,0.2629,0.9662
satellite-p02-pfile2,0,True,4,18,20,56,0,62,20,0,0,0,0,0,0,0,0,12,12,12,0.0061,0.0002,0.0,0.0009,0.0,0.0,0.0,0.0032,0.0109
rovers-p40,0,True,1873,6139,6139,14220,0,14447,504,0,0,0,3,0,0,0,0,186,193,186,0.5651,1.8723,0.1951,0.0454,0.0,0.0016,0.0,1.2621,3.9439
rovers-p37,0,True,1584,5082,5082,11806,0,12148,430,0,0,0,1,0,0,0,0,163,172,163,0.3535,1.0909,0.1196,0.0339,0.0,0.0004,0.0,1.3971,2.9989
satellite-p01-pfile1,0,True,3,7,11,33,0,32,0,0,0,0,0,0,0,0,0,8,8,8,0.0048,0.0001,0.0,0.0008,0.0,0.0,0.0,0.0021,0.0083
satellite-p03-pfile3,0,True,19,29,29,82,0,83,27,0,0,0,1,0,0,0,0,10,11,10,0.0049,0.0003,0.0,0.0009,0.0,0.0,0.0,0.0044,0.011
satellite-p04-pfile4,0,True,19,40,42,114,0,123,39,0,0,0,0,0,0,0,0,17,17,17,0.0051,0.0005,0.0001,0.0016,0.0,0.0,0.0,0.0044,0.012
satellite-p05-pfile5,0,True,44,87,87,225,0,255,38,0,0,0,0,0,0,0,0,14,14,14,0.0063,0.0009,0.0001,0.001,0.0,0.0,0.0,0.006,0.0147
rovers-p38,0,True,1589,5449,5449,12542,0,12927,403,0,0,0,1,0,0,0,0,146,150,146,0.4839,1.354,0.1076,0.0339,0.0,0.0003,0.0,1.5128,3.496
rovers-p39,0,True,1528,5046,5046,11683,0,11663,513,0,0,0,1,0,0,0,0,190,198,190,0.399,1.2091,0.1512,0.0316,0.0,0.0004,0.0,0.6604,2.4555
satellite-p13-pfile13,0,True,160,247,247,681,0,678,147,0,0,0,0,0,0,0,0,55,55,55,0.0225,0.0248,0.0032,0.0014,0.0,0.0,0.0,0.0119,0.0646
satellite-p09-pfile9,0,True,89,144,144,390,0,405,64,0,0,0,1,0,0,0,0,26,28,26,0.0084,0.0039,0.0006,0.0011,0.0,0.0,0.0,0.0093,0.0237
satellite-p11-pfile11,0,True,110,152,152,428,0,400,81,0,0,0,0,0,0,0,0,31,31,31,0.0125,0.0071,0.001,0.0011,0.0,0.0,0.0,0.0079,0.0301
satellite-p14-pfile14,0,True,165,256,256,696,0,708,98,0,0,0,0,0,0,0,0,39,39,39,0.0206,0.0181,0.0021,0.0019,0.0,0.0,0.0,0.013,0.0565
satellite-p07-pfile7,0,True,58,95,95,257,0,270,49,0,0,0,0,0,0,0,0,20,20,20,0.0062,0.0016,0.0002,0.0013,0.0,0.0,0.0,0.0062,0.0159
satellite-p15-pfile15,0,True,225,332,332,912,0,904,106,0,0,0,0,0,0,0,0,44,44,44,0.0264,0.0336,0.004,0.0017,0.0,0.0,0.0,0.0151,0.0816
satellite-p12-pfile12,0,True,133,207,215,588,0,586,88,0,0,0,0,0,0,0,0,42,42,42,0.0172,0.0146,0.0019,0.0015,0.0,0.0,0.0,0.0095,0.0453
satellite-p06-pfile6,0,True,36,54,60,165,0,162,35,0,0,0,0,0,0,0,0,18,18,18,0.0054,0.0009,0.0001,0.001,0.0,0.0,0.0,0.0049,0.0128
satellite-p10-pfile10,0,True,101,154,154,421,0,433,76,0,0,0,0,0,0,0,0,29,29,29,0.0105,0.0049,0.0007,0.0016,0.0,0.0,0.0,0.0095,0.0278
satellite-p08-pfile8,0,True,76,130,130,346,0,376,64,0,0,0,0,0,0,0,0,24,24,24,0.009,0.0029,0.0004,0.0014,0.0,0.0,0.0,0.1123,0.1264
satellite-p20-pfile20,0,True,176,374,374,964,0,1176,202,0,0,0,1,0,0,0,0,74,83,74,0.0185,0.0203,0.005,0.0016,0.0,0.0001,0.0,0.0264,0.0728
satellite-p25-HC-pfile5,0,True,606,1470,1470,3610,0,4367,348,0,0,0,1,0,0,0,0,125,126,125,0.2866,1.0086,0.0777,0.0059,0.0,0.0002,0.0,0.1043,1.4867
satellite-p23-HC-pfile3,0,True,396,920,920,2287,0,2728,281,0,0,0,0,0,0,0,0,99,99,99,0.107,0.2668,0.0282,0.0036,0.0,0.0,0.0,0.0386,0.4462
satellite-p17-pfile17,0,True,333,471,471,1295,0,1246,108,0,0,0,1,0,0,0,0,41,44,41,0.0389,0.0688,0.0076,0.0023,0.0,0.0001,0.0,0.0212,0.1397
satellite-p18-pfile18,0,True,144,199,199,555,0,528,88,0,0,0,0,0,0,0,0,31,31,31,0.0159,0.0136,0.0013,0.0014,0.0,0.0,0.0,0.0089,0.0418
satellite-p16-pfile16,0,True,282,467,467,1239,0,1295,115,0,0,0,0,0,0,0,0,45,45,45,0.0325,0.0497,0.0065,0.002,0.0,0.0,0.0,0.0249,0.1165
satellite-p21-HC-pfile1,0,True,229,512,512,1290,0,1527,202,0,0,0,1,0,0,0,0,72,73,72,0.0425,0.0722,0.0081,0.0023,0.0,0.0001,0.0,0.0301,0.1563
satellite-p24-HC-pfile4,0,True,530,1302,1302,3204,0,3924,387,0,0,0,0,0,0,0,0,137,137,137,0.2342,0.7748,0.0664,0.0052,0.0,0.0,0.0,0.0703,1.154
satellite-p22-HC-pfile2,0,True,278,555,555,1433,0,1621,259,0,0,0,0,0,0,0,0,89,89,89,0.0657,0.1412,0.0126,0.0022,0.0,0.0,0.0,0.0271,0.2502
satellite-p19-pfile19,0,True,169,333,333,863,0,995,155,0,0,0,2,0,0,0,0,58,60,58,0.0195,0.0181,0.0034,0.0015,0.0,0.0001,0.0,0.0864,0.1295
satellite-p27-HC-pfile7,0,True,773,1276,1276,3390,0,3515,389,0,0,0,0,0,0,0,0,134,134,134,0.4304,1.6327,0.1171,0.0065,0.0,0.0,0.0,0.0431,2.2341
satellite-p30-HC-pfile10,0,True,1916,3126,3126,8282,0,8496,643,0,0,0,1,0,0,0,0,226,228,226,3.7163,22.3876,1.0961,0.0285,0.0,0.0005,0.0,0.1802,27.4262
satellite-p28-HC-pfile8,0,True,1087,2219,2219,5619,0,6387,550,0,0,0,0,0,0,0,0,191,191,191,1.0769,5.1269,0.3242,0.0126,0.0,0.0,0.0,0.3212,6.8704
satellite-p29-HC-pfile9,0,True,1610,2485,2485,6673,0,6588,513,0,0,0,0,0,0,0,0,185,185,185,2.1124,11.4278,0.6421,0.0202,0.0,0.0,0.0,0.2202,14.4352
satellite-p31-HC-pfile11,0,True,2367,4200,4200,10900,0,11685,779,0,0,0,1,0,0,0,0,267,268,267,6.6016,45.3748,1.9906,0.0447,0.0,0.0005,0.0,0.8433,54.8811
satellite-p26-HC-pfile6,0,True,620,1325,1325,3338,0,3878,377,0,0,0,1,0,0,0,0,134,135,134,0.2977,1.0383,0.0856,0.0065,0.0,0.0002,0.0,0.1615,1.5933
satellite-p35-HC-pfile15,0,True,1661,3056,3056,7960,0,8678,1093,0,0,0,0,0,0,0,0,374,374,374,4.7303,37.5607,1.4244,0.026,0.0,0.0,0.0,0.1784,43.9442
satellite-p33-HC-pfile13,0,True,3875,6936,6936,17978,0,19212,1343,0,0,0,1,0,0,0,0,460,461,460,26.9671,289.73,8.7303,0.115,0.0,0.0013,0.0,0.486,326.097
satellite-p34-HC-pfile14,0,True,1033,1470,1470,4114,0,3905,839,0,0,0,1,0,0,0,0,285,286,285,2.0576,15.102,0.4424,0.0102,0.0,0.0004,0.0,0.1497,17.7773
satellite-p32-HC-pfile12,0,True,3116,5113,5113,13524,0,13938,1066,0,0,0,0,0,0,0,0,364,364,364,14.4558,130.405,4.4417,0.0715,0.0,0.0,0.0,0.358,149.7768
satellite-p36-HC-pfile16,0,True,2083,3752,3752,9765,0,10456,1038,0,0,0,1,0,0,0,0,356,358,356,6.926,58.5876,2.0945,0.0391,0.0,0.0007,0.0,0.6851,68.3627
scanalyzer-08-strips-p03,0,False,20,215,450,701,0,704,21,42,0,0,21,0,0,0,0,22,25,22,0.0051,0.0011,0.0002,0.0014,0.0,0.0016,0.0,0.0396,0.048
scanalyzer-08-strips-p01,0,False,30,396,981,1413,0,1293,18,0,0,0,0,0,0,0,0,18,18,18,0.0065,0.0019,0.0003,0.0017,0.0,0.0,0.0,0.0264,0.0375
scanalyzer-08-strips-p04,0,False,56,1424,3536,5024,0,4340,24,0,0,0,0,0,0,0,0,24,24,24,0.0123,0.0101,0.0016,0.0035,0.0,0.0,0.0,0.0757,0.1042
scanalyzer-08-strips-p02,0,False,25,267,594,897,0,862,21,4,0,0,2,0,0,0,0,20,20,20,0.0059,0.0013,0.0002,0.0014,0.0,0.0001,0.0,0.0173,0.0266
scanalyzer-08-strips-p07,0,False,90,3750,9325,13175,0,10975,30,0,0,0,0,0,0,0,0,30,30,30,0.0236,0.0418,0.0066,0.0087,0.0,0.0,0.0,0.1645,0.2463
scanalyzer-08-strips-p09,0,False,72,1907,3886,5893,0,5188,33,184,0,0,66,0,50,0,0,38,41,38,0.0149,0.0186,0.0034,0.0044,0.0,0.1066,0.0,0.3948,0.437
scanalyzer-08-strips-p05,0,False,49,888,1944,2896,0,2613,27,11,0,0,3,0,0,0,0,27,27,27,0.0108,0.0061,0.0009,0.0026,0.0,0.0008,0.0,0.0536,0.0747
scanalyzer-08-strips-p10,0,False,132,8172,20340,28656,0,23286,36,0,0,0,0,0,0,0,0,36,36,36,0.0385,0.1426,0.0187,0.0197,0.0,0.0,0.0,0.3432,0.5647
scanalyzer-08-strips-p06,0,False,42,738,1518,2320,0,2160,27,57,0,0,19,0,0,0,0,30,33,30,0.0075,0.005,0.0008,0.0021,0.0,0.006,0.0,0.1127,0.1288
scanalyzer-08-strips-p08,0,False,81,2235,4830,7165,0,6176,33,24,0,0,7,0,0,0,0,34,34,34,0.0149,0.0228,0.0036,0.0049,0.0,0.008,0.0,0.3407,0.388
scanalyzer-08-strips-p17,0,False,225,15312,32304,47872,0,38057,51,59,0,0,13,0,0,0,0,55,55,55,0.0822,0.5171,0.0673,0.0393,0.0,0.2602,0.0,4.9249,5.6356
scanalyzer-08-strips-p14,0,False,169,8883,18858,27937,0,22674,45,25,0,0,6,0,1,0,0,48,48,48,0.0474,0.2079,0.03,0.0219,0.0,0.0298,0.0,1.9208,2.2303
scanalyzer-08-strips-p11,0,False,121,4728,10116,14988,0,12487,39,45,0,0,13,0,33,0,0,41,41,41,0.0257,0.0738,0.0111,0.0105,0.0,0.0516,0.0,1.0201,1.1425
scanalyzer-08-strips-p15,0,False,156,7863,15882,23941,0,19608,45,483,0,0,137,0,107,0,0,54,57,54,0.0429,0.1632,0.0288,0.0187,0.0,3.1708,0.0,4.2705,4.5267
scanalyzer-08-strips-p13,0,False,182,15680,39053,54929,0,43841,42,0,0,0,0,0,0,0,0,42,42,42,0.0828,0.4239,0.0475,0.0458,0.0,0.0,0.0,0.7262,1.3304
scanalyzer-08-strips-p12,0,False,110,4118,8346,12608,0,10652,39,472,0,0,153,0,163,0,0,46,49,46,0.0237,0.0611,0.0111,0.0086,0.0,1.1392,0.0,1.7014,1.8073
scanalyzer-08-strips-p16,0,False,240,27456,68416,96128,0,75688,48,0,0,0,0,0,0,0,0,48,48,48,0.1414,1.1137,0.1082,0.0916,0.0,0.0,0.0,1.3216,2.7837
scanalyzer-08-strips-p19,0,False,306,44874,111861,157059,0,122355,54,0,0,0,0,0,0,0,0,54,54,54,0.2508,2.7627,0.2627,0.1797,0.0,0.0,0.0,2.2716,5.7387
scanalyzer-08-strips-p22,0,False,3,46,162,224,0,256,12,0,0,0,0,0,0,0,0,12,12,12,0.0064,0.001,0.0001,0.0014,0.0,0.0,0.0,0.0061,0.0155
scanalyzer-08-strips-p23,0,False,3,46,162,224,0,256,12,0,0,0,0,0,0,0,0,12,12,12,0.0065,0.0011,0.0001,0.0013,0.0,0.0,0.0,0.0062,0.0155
scanalyzer-08-strips-p18,0,False,210,13730,27670,41656,0,33304,51,396,0,0,113,0,195,0,0,62,65,62,0.0722,0.3894,0.0618,0.0335,0.0,5.5059,0.0,7.8552,8.4152
scanalyzer-08-strips-p20,0,False,289,24723,51894,76941,0,60148,57,45,0,0,9,0,0,0,0,62,62,62,0.1395,1.1814,0.1416,0.0753,0.0,0.2243,0.0,3.8264,5.3714
scanalyzer-08-strips-p21,0,False,272,22403,45078,67805,0,53180,57,756,0,0,256,0,857,0,0,70,73,70,0.1279,0.88,0.1328,0.0654,0.0,49.2223,0.0,88.4268,89.6377
scanalyzer-08-strips-p24,0,False,3,46,162,224,0,256,12,0,0,0,0,0,0,0,0,12,12,12,0.0068,0.001,0.0001,0.0013,0.0,0.0,0.0,0.0062,0.0159
scanalyzer-08-strips-p26,0,False,42,8576,34030,42670,0,35771,30,11,0,0,5,0,0,0,0,26,27,26,0.1312,0.494,0.1605,0.0288,0.0,0.0987,0.0,4.6394,5.4607
scanalyzer-08-strips-p27,0,False,31,6856,26423,33343,0,28094,30,522,0,0,194,0,4372,0,0,28,30,28,0.0906,0.3587,0.1907,0.0229,0.0,4.7557,0.0,311.4248,312.0916
scanalyzer-08-strips-p28,0,False,120,189747,808065,997956,0,817230,36,0,0,0,0,0,0,0,0,36,36,36,1.8049,102.6236,10.5946,1.2738,0.0,0.0,0.0,21.1427,137.5324
scanalyzer-08-strips-p30,2,False,91,97728,380963,478835,0,389227,44,36,0,0,9,0,14,0,0,40.0,52,52,0.9704,32.0643,11.5909,0.5657,0.0,56.4729,0.0,855.0063,900.264
scanalyzer-opt11-strips-p01,0,False,3,46,162,224,0,256,12,0,0,0,0,0,0,0,0,12,12,12,0.0065,0.001,0.0001,0.0013,0.0,0.0,0.0,0.0063,0.0157
scanalyzer-opt11-strips-p02,0,False,25,267,594,897,0,862,21,4,0,0,2,0,0,0,0,20,20,20,0.0061,0.0014,0.0002,0.0016,0.0,0.0001,0.0,0.0172,0.027
scanalyzer-08-strips-p29,2,False,110,120816,487977,608937,0,496540,43,11,0,0,4,0,0,0,0,39.0,40,40,1.473,45.7284,6.6934,0.7372,0.0,9.4334,0.0,845.4664,900.1826
scanalyzer-08-strips-p25,0,False,48,11972,49124,61160,0,50986,24,0,0,0,0,0,0,0,0,24,24,24,0.1456,0.8761,0.1503,0.0456,0.0,0.0,0.0,1.1246,2.3496
scanalyzer-opt11-strips-p03,0,False,20,215,450,701,0,704,21,42,0,0,21,0,0,0,0,22,25,22,0.0055,0.0011,0.0002,0.0013,0.0,0.0016,0.0,0.0401,0.0488
scanalyzer-opt11-strips-p05,0,False,90,3750,9325,13175,0,10975,30,0,0,0,0,0,0,0,0,30,30,30,0.0223,0.0431,0.0062,0.0089,0.0,0.0,0.0,0.1665,0.2481
scanalyzer-opt11-strips-p04,0,False,56,1424,3536,5024,0,4340,24,0,0,0,0,0,0,0,0,24,24,24,0.0123,0.0101,0.0016,0.0037,0.0,0.0,0.0,0.0745,0.1032
scanalyzer-opt11-strips-p06,0,False,49,888,1944,2896,0,2613,27,11,0,0,3,0,0,0,0,27,27,27,0.0266,0.0061,0.0009,0.0025,0.0,0.0008,0.0,0.0543,0.0911
scanalyzer-opt11-strips-p08,0,False,132,8172,20340,28656,0,23286,36,0,0,0,0,0,0,0,0,36,36,36,0.0583,0.1426,0.0187,0.02,0.0,0.0,0.0,0.3461,0.5879
scanalyzer-opt11-strips-p07,0,False,306,44874,111861,157059,0,122355,54,0,0,0,0,0,0,0,0,54,54,54,0.255,2.7723,0.2636,0.1795,0.0,0.0,0.0,2.2948,5.7764
scanalyzer-opt11-strips-p11,0,False,48,11972,49124,61160,0,50986,24,0,0,0,0,0,0,0,0,24,24,24,0.1483,0.8594,0.1646,0.0456,0.0,0.0,0.0,1.1246,2.3497
scanalyzer-opt11-strips-p09,0,False,182,15680,39053,54929,0,43841,42,0,0,0,0,0,0,0,0,42,42,42,0.0796,0.4238,0.0474,0.0457,0.0,0.0,0.0,0.7239,1.3245
scanalyzer-opt11-strips-p10,0,False,240,27456,68416,96128,0,75688,48,0,0,0,0,0,0,0,0,48,48,48,0.1456,1.1129,0.1081,0.0911,0.0,0.0,0.0,1.3202,2.7851
scanalyzer-opt11-strips-p15,0,False,81,2235,4830,7165,0,6176,33,24,0,0,7,0,0,0,0,34,34,34,0.0144,0.0227,0.0039,0.005,0.0,0.0071,0.0,0.342,0.3889
scanalyzer-opt11-strips-p12,0,False,42,738,1518,2320,0,2160,27,57,0,0,19,0,0,0,0,30,33,30,0.0086,0.005,0.0008,0.0023,0.0,0.0061,0.0,0.1123,0.1298
scanalyzer-opt11-strips-p17,0,False,169,8883,18858,27937,0,22674,45,25,0,0,6,0,1,0,0,48,48,48,0.0494,0.2058,0.0285,0.0225,0.0,0.0297,0.0,1.9145,2.223
scanalyzer-opt11-strips-p13,0,False,31,6856,26423,33343,0,28094,30,522,0,0,194,0,4372,0,0,28,30,28,0.0892,0.3598,0.1969,0.0225,0.0,4.7522,0.0,312.5908,313.2629
scanalyzer-opt11-strips-p16,0,False,121,4728,10116,14988,0,12487,39,45,0,0,13,0,33,0,0,41,41,41,0.0254,0.0731,0.0112,0.0104,0.0,0.0518,0.0,1.0216,1.1431
scanalyzer-opt11-strips-p18,0,False,225,15312,32304,47872,0,38057,51,59,0,0,13,0,0,0,0,55,55,55,0.0811,0.5162,0.0673,0.0393,0.0,0.2655,0.0,4.9273,5.6361
scanalyzer-opt11-strips-p14,0,False,42,8576,34030,42670,0,35771,30,11,0,0,5,0,0,0,0,26,27,26,0.1174,0.49,0.1602,0.0288,0.0,0.0979,0.0,4.6579,5.4614
scanalyzer-opt11-strips-p19,0,False,289,24723,51894,76941,0,60148,57,45,0,0,9,0,0,0,0,62,62,62,0.1392,1.1954,0.1428,0.0761,0.0,0.212,0.0,3.8258,5.3866
scanalyzer-opt11-strips-p20,0,False,120,189747,808065,997956,0,817230,36,0,0,0,0,0,0,0,0,36,36,36,1.8381,102.7463,10.6666,1.2804,0.0,0.0,0.0,21.0833,137.7084
scanalyzer-sat11-strips-p02,0,False,132,8172,20340,28656,0,23286,36,0,0,0,0,0,0,0,0,36,36,36,0.0408,0.1424,0.0187,0.0204,0.0,0.0,0.0,0.3462,0.5707
scanalyzer-sat11-strips-p01,0,False,48,11972,49124,61160,0,50986,24,0,0,0,0,0,0,0,0,24,24,24,0.1459,0.8782,0.1642,0.046,0.0,0.0,0.0,1.1241,2.3656
scanalyzer-sat11-strips-p06,0,False,42,8576,34030,42670,0,35771,30,11,0,0,5,0,0,0,0,26,27,26,0.1426,0.494,0.1607,0.0292,0.0,0.096,0.0,4.6516,5.4853
scanalyzer-sat11-strips-p08,0,False,31,6856,26423,33343,0,28094,30,522,0,0,194,0,4372,0,0,28,30,28,0.1204,0.3608,0.2018,0.0232,0.0,4.7525,0.0,310.9824,311.6923
scanalyzer-sat11-strips-p03,0,False,42,738,1518,2320,0,2160,27,57,0,0,19,0,0,0,0,30,33,30,0.0195,0.0051,0.0008,0.0022,0.0,0.0063,0.0,0.1126,0.1409
scanalyzer-sat11-strips-p04,0,False,72,1907,3886,5893,0,5188,33,184,0,0,66,0,50,0,0,38,41,38,0.0234,0.0189,0.0037,0.0045,0.0,0.1066,0.0,0.3953,0.4467
scanalyzer-sat11-strips-p05,0,False,182,15680,39053,54929,0,43841,42,0,0,0,0,0,0,0,0,42,42,42,0.0971,0.424,0.0472,0.0459,0.0,0.0,0.0,0.7238,1.3422
scanalyzer-sat11-strips-p07,0,False,240,27456,68416,96128,0,75688,48,0,0,0,0,0,0,0,0,48,48,48,0.1813,1.1168,0.1082,0.0912,0.0,0.0,0.0,1.3199,2.8246
scanalyzer-sat11-strips-p12,0,False,121,4728,10116,14988,0,12487,39,45,0,0,13,0,33,0,0,41,41,41,0.078,0.0739,0.0118,0.0104,0.0,0.0521,0.0,1.0198,1.1952
scanalyzer-sat11-strips-p10,0,False,169,8883,18858,27937,0,22674,45,25,0,0,6,0,1,0,0,48,48,48,0.0943,0.2061,0.0286,0.0223,0.0,0.03,0.0,1.9297,2.2833
scanalyzer-sat11-strips-p13,0,False,81,2235,4830,7165,0,6176,33,24,0,0,7,0,0,0,0,34,34,34,0.0561,0.0227,0.0039,0.0049,0.0,0.0079,0.0,0.3423,0.431
scanalyzer-sat11-strips-p11,0,False,156,7863,15882,23941,0,19608,45,483,0,0,137,0,107,0,0,54,57,54,0.0803,0.1628,0.0275,0.0184,0.0,3.1655,0.0,4.2546,4.5461
scanalyzer-sat11-strips-p09,0,False,110,4118,8346,12608,0,10652,39,472,0,0,153,0,163,0,0,46,49,46,0.0462,0.061,0.0112,0.0087,0.0,1.1448,0.0,1.7154,1.8438
scanalyzer-sat11-strips-p14,0,False,225,15312,32304,47872,0,38057,51,59,0,0,13,0,0,0,0,55,55,55,0.1115,0.5156,0.0651,0.0391,0.0,0.2689,0.0,4.9278,5.6639
scanalyzer-sat11-strips-p15,0,False,210,13730,27670,41656,0,33304,51,396,0,0,113,0,195,0,0,62,65,62,0.1015,0.3936,0.064,0.0332,0.0,5.3944,0.0,7.76,8.357
scanalyzer-sat11-strips-p17,0,False,272,22403,45078,67805,0,53180,57,756,0,0,256,0,857,0,0,70,73,70,0.1614,0.8888,0.1333,0.0655,0.0,48.7361,0.0,88.0893,89.3431
scanalyzer-sat11-strips-p16,0,False,289,24723,51894,76941,0,60148,57,45,0,0,9,0,0,0,0,62,62,62,0.1846,1.1831,0.1415,0.0761,0.0,0.2226,0.0,3.828,5.4204
schedule-probschedule-10-0,0,True,0,8,32,61,0,51,0,0,0,0,0,0,0,0,0,10,10,10,0.0338,0.0004,0.0,0.001,0.0,0.0,0.0,0.0022,0.0378
schedule-probschedule-10-1,0,True,4,11,41,74,0,62,2,0,0,0,0,0,0,0,0,8,8,8,0.032,0.0004,0.0,0.0014,0.0,0.0,0.0,0.0023,0.0366
scanalyzer-sat11-strips-p20,2,False,91,97728,380963,478835,0,389227,44,36,0,0,9,0,14,0,0,40.0,52,52,1.5684,31.9768,11.7958,0.5852,0.0,56.9044,0.0,854.2682,900.2573
scanalyzer-sat11-strips-p19,2,False,110,120816,487977,608937,0,496540,43,11,0,0,4,0,0,0,0,39.0,40,40,1.7825,45.5874,6.8332,0.7546,0.0,9.7495,0.0,845.1644,900.2119
scanalyzer-sat11-strips-p18,0,False,120,189747,808065,997956,0,817230,36,0,0,0,0,0,0,0,0,36,36,36,2.5446,102.5377,10.6064,1.2716,0.0,0.0,0.0,21.0537,138.1069
schedule-probschedule-11-0,0,True,0,6,38,71,0,60,0,0,0,0,0,0,0,0,0,11,11,11,0.0288,0.0004,0.0,0.0013,0.0,0.0,0.0,0.0022,0.0333
schedule-probschedule-10-2,0,True,0,7,33,62,0,52,0,0,0,0,0,0,0,0,0,10,10,10,0.0283,0.0004,0.0,0.0011,0.0,0.0,0.0,0.0021,0.0323
schedule-probschedule-11-1,0,True,2,9,43,80,0,67,0,0,0,0,0,0,0,0,0,11,11,11,0.0218,0.0004,0.0,0.0017,0.0,0.0,0.0,0.0023,0.0268
schedule-probschedule-11-2,0,True,0,9,35,69,0,58,0,0,0,0,0,0,0,0,0,11,11,11,0.0255,0.0004,0.0,0.001,0.0,0.0,0.0,0.0022,0.0306
schedule-probschedule-12-0,0,True,1,10,42,79,0,66,0,0,0,0,0,0,0,0,0,12,12,12,0.0237,0.0005,0.0,0.0013,0.0,0.0,0.0,0.0022,0.0281
schedule-probschedule-12-2,0,True,3,13,47,89,0,74,0,0,0,0,0,0,0,0,0,12,12,12,0.0172,0.0005,0.0,0.0013,0.0,0.0,0.0,0.0023,0.0217
schedule-probschedule-12-1,0,True,4,13,51,94,0,78,0,0,0,0,0,0,0,0,0,12,12,12,0.0299,0.0005,0.0,0.0015,0.0,0.0,0.0,0.0024,0.0348
schedule-probschedule-14-1,0,True,2,13,51,96,0,80,0,0,0,0,0,0,0,0,0,14,14,14,0.0477,0.0006,0.0,0.0013,0.0,0.0,0.0,0.0023,0.0525
schedule-probschedule-13-1,0,True,3,11,53,98,0,82,0,0,0,0,0,0,0,0,0,13,13,13,0.0182,0.0005,0.0,0.0012,0.0,0.0,0.0,0.0023,0.0226
schedule-probschedule-13-0,0,True,3,13,51,97,0,81,0,0,0,0,0,0,0,0,0,13,13,13,0.0572,0.0005,0.0,0.0011,0.0,0.0,0.0,0.0023,0.0616
schedule-probschedule-14-0,0,True,1,14,46,87,0,72,0,0,0,0,0,0,0,0,0,14,14,14,0.0263,0.0006,0.0,0.0009,0.0,0.0,0.0,0.0023,0.0305
schedule-probschedule-14-2,0,True,1,12,48,92,0,77,0,0,0,0,0,0,0,0,0,14,14,14,0.0201,0.0006,0.0,0.0011,0.0,0.0,0.0,0.0022,0.0245
schedule-probschedule-13-2,0,True,3,14,50,95,0,79,0,0,0,0,0,0,0,0,0,13,13,13,0.0422,0.0005,0.0,0.0011,0.0,0.0,0.0,0.0023,0.0467
schedule-probschedule-16-2,0,True,4,16,62,115,0,96,2,0,0,0,0,0,0,0,0,15,15,15,0.0135,0.0007,0.0,0.0011,0.0,0.0,0.0,0.0023,0.0182
schedule-probschedule-15-1,0,True,2,13,53,99,0,83,2,0,0,0,0,0,0,0,0,14,14,14,0.0144,0.0006,0.0,0.0011,0.0,0.0,0.0,0.0023,0.0189
schedule-probschedule-15-2,0,True,2,12,54,101,0,85,1,0,0,0,0,0,0,0,0,14,14,14,0.0144,0.0006,0.0,0.0014,0.0,0.0,0.0,0.0024,0.0194
schedule-probschedule-16-1,0,True,2,12,58,107,0,90,2,0,0,0,0,0,0,0,0,15,15,15,0.0155,0.0007,0.0,0.001,0.0,0.0,0.0,0.0023,0.02
schedule-probschedule-15-0,0,True,1,12,52,99,0,83,0,0,0,0,0,0,0,0,0,15,15,15,0.0148,0.0006,0.0,0.0009,0.0,0.0,0.0,0.0023,0.0192
schedule-probschedule-16-0,0,True,2,13,59,109,0,91,0,0,0,0,0,0,0,0,0,16,16,16,0.019,0.0007,0.0,0.0013,0.0,0.0,0.0,0.0023,0.0238
schedule-probschedule-18-2,0,True,4,16,70,129,0,108,1,0,0,0,0,0,0,0,0,17,17,17,0.0207,0.0009,0.0,0.0013,0.0,0.0,0.0,0.0025,0.0258
schedule-probschedule-18-1,0,True,0,13,59,110,0,92,0,0,0,0,0,0,0,0,0,18,18,18,0.0183,0.0008,0.0,0.0011,0.0,0.0,0.0,0.0023,0.0229
schedule-probschedule-17-1,0,True,2,15,61,116,0,97,0,0,0,0,0,0,0,0,0,17,17,17,0.0151,0.0008,0.0001,0.001,0.0,0.0,0.0,0.0024,0.0197
schedule-probschedule-18-0,0,True,3,15,67,124,0,104,1,0,0,0,0,0,0,0,0,17,17,17,0.0191,0.0008,0.0001,0.001,0.0,0.0,0.0,0.0024,0.0238
schedule-probschedule-17-0,0,True,5,17,67,124,0,104,3,0,0,0,0,0,0,0,0,15,15,15,0.0201,0.0008,0.0,0.0012,0.0,0.0,0.0,0.0025,0.0251
schedule-probschedule-17-2,0,True,0,11,57,106,0,89,0,0,0,0,0,0,0,0,0,17,17,17,0.0189,0.0007,0.0,0.0013,0.0,0.0,0.0,0.0023,0.0237
schedule-probschedule-19-0,0,True,1,16,64,121,0,101,0,0,0,0,0,0,0,0,0,19,19,19,0.0148,0.0009,0.0,0.001,0.0,0.0,0.0,0.0023,0.0195
schedule-probschedule-19-1,0,True,3,17,69,128,0,107,2,0,0,0,0,0,0,0,0,18,18,18,0.0175,0.0009,0.0,0.001,0.0,0.0,0.0,0.0024,0.0222
schedule-probschedule-19-2,0,True,2,15,67,125,0,105,1,0,0,0,0,0,0,0,0,18,18,18,0.014,0.0009,0.0,0.0012,0.0,0.0,0.0,0.0023,0.019
schedule-probschedule-20-0,0,True,2,19,69,129,0,107,0,0,0,0,0,0,0,0,0,20,20,20,0.0192,0.0009,0.0,0.0013,0.0,0.0,0.0,0.0023,0.0242
schedule-probschedule-2-1,0,True,0,2,6,13,0,11,0,0,0,0,0,0,0,0,0,2,2,2,0.0091,0.0001,0.0,0.0011,0.0,0.0,0.0,0.002,0.0128
schedule-probschedule-2-0,0,True,0,2,6,13,0,11,0,0,0,0,0,0,0,0,0,2,2,2,0.0285,0.0002,0.0,0.001,0.0,0.0,0.0,0.0023,0.0325
schedule-probschedule-2-2,0,True,1,3,9,18,0,15,0,0,0,0,0,0,0,0,0,2,2,2,0.007,0.0001,0.0,0.0009,0.0,0.0,0.0,0.0021,0.0106
schedule-probschedule-20-2,0,True,2,16,72,132,0,110,0,0,0,0,0,0,0,0,0,20,20,20,0.0661,0.0009,0.0001,0.0012,0.0,0.0,0.0,0.0024,0.0712
schedule-probschedule-21-2,0,True,3,18,76,140,0,117,2,0,0,0,0,0,0,0,0,20,20,20,0.0639,0.001,0.0001,0.0016,0.0,0.0,0.0,0.0024,0.0694
schedule-probschedule-20-1,0,True,0,12,68,125,0,105,0,0,0,0,0,0,0,0,0,20,20,20,0.0615,0.0009,0.0001,0.0014,0.0,0.0,0.0,0.0023,0.0666
schedule-probschedule-22-1,0,True,0,17,71,136,0,114,0,0,0,0,0,0,0,0,0,22,22,22,0.0655,0.001,0.0001,0.0017,0.0,0.0,0.0,0.0023,0.0711
schedule-probschedule-21-1,0,True,2,14,76,141,0,119,1,0,0,0,0,0,0,0,0,20,20,20,0.0638,0.001,0.0,0.0013,0.0,0.0,0.0,0.0023,0.0689
schedule-probschedule-22-0,0,True,3,22,76,142,0,118,1,0,0,0,0,0,0,0,0,21,21,21,0.0481,0.0011,0.0001,0.0015,0.0,0.0,0.0,0.0024,0.0538
schedule-probschedule-21-0,0,True,3,20,72,136,0,114,4,0,0,0,0,0,0,0,0,19,19,19,0.0474,0.001,0.0001,0.001,0.0,0.0,0.0,0.0024,0.0524
schedule-probschedule-25-0,0,True,5,23,95,177,0,148,2,0,0,0,0,0,0,0,0,24,24,24,0.0446,0.0014,0.0001,0.0012,0.0,0.0,0.0,0.0025,0.0502
schedule-probschedule-23-0,0,True,2,20,80,151,0,126,0,0,0,0,0,0,0,0,0,23,23,23,0.015,0.0012,0.0001,0.0012,0.0,0.0,0.0,0.0024,0.0202
schedule-probschedule-24-1,0,True,2,16,88,160,0,134,0,0,0,0,0,0,0,0,0,24,24,24,0.0092,0.0012,0.0001,0.0013,0.0,0.0,0.0,0.0023,0.0146
schedule-probschedule-24-2,0,True,3,18,88,160,0,134,1,0,0,0,0,0,0,0,0,23,23,23,0.0154,0.0012,0.0001,0.0012,0.0,0.0,0.0,0.0024,0.0208
schedule-probschedule-22-2,0,True,2,15,79,145,0,122,1,0,0,0,0,0,0,0,0,21,21,21,0.0133,0.0011,0.0001,0.0015,0.0,0.0,0.0,0.0024,0.0188
schedule-probschedule-23-1,0,True,0,15,77,140,0,117,0,0,0,0,0,0,0,0,0,23,23,23,0.0125,0.0011,0.0,0.0013,0.0,0.0,0.0,0.0023,0.0177
schedule-probschedule-23-2,0,True,2,18,82,151,0,126,0,0,0,0,0,0,0,0,0,23,23,23,0.0113,0.0011,0.0001,0.0011,0.0,0.0,0.0,0.0024,0.0166
schedule-probschedule-25-1,0,True,2,22,86,161,0,134,0,0,0,0,0,0,0,0,0,25,25,25,0.0157,0.0013,0.0001,0.0012,0.0,0.0,0.0,0.0024,0.0212
schedule-probschedule-24-0,0,True,2,21,83,154,0,128,0,0,0,0,0,0,0,0,0,24,24,24,0.0108,0.0012,0.0001,0.0012,0.0,0.0,0.0,0.0024,0.0161
schedule-probschedule-26-2,0,True,4,24,96,178,0,148,0,0,0,0,0,0,0,0,0,26,26,26,0.0173,0.0014,0.0001,0.0012,0.0,0.0,0.0,0.0025,0.023
schedule-probschedule-26-0,0,True,5,25,97,179,0,149,2,0,0,0,0,0,0,0,0,25,25,25,0.0177,0.0014,0.0001,0.0012,0.0,0.0,0.0,0.0025,0.0234
schedule-probschedule-28-0,0,True,3,21,99,183,0,154,4,0,0,0,0,0,0,0,0,26,26,26,0.019,0.0015,0.0001,0.001,0.0,0.0,0.0,0.0024,0.0245
schedule-probschedule-25-2,0,True,5,23,93,172,0,144,2,0,0,0,0,0,0,0,0,23,23,23,0.0153,0.0014,0.0001,0.0013,0.0,0.0,0.0,0.0025,0.021
schedule-probschedule-27-1,0,True,2,21,95,175,0,146,0,0,0,0,0,0,0,0,0,27,27,27,0.0126,0.0014,0.0001,0.0012,0.0,0.0,0.0,0.0024,0.0182
schedule-probschedule-27-2,0,True,2,18,96,174,0,146,1,0,0,0,0,0,0,0,0,26,26,26,0.0123,0.0014,0.0001,0.0012,0.0,0.0,0.0,0.0024,0.018
schedule-probschedule-27-0,0,True,2,19,97,181,0,152,0,0,0,0,0,0,0,0,0,27,27,27,0.0112,0.0015,0.0001,0.0011,0.0,0.0,0.0,0.0024,0.0168
schedule-probschedule-26-1,0,True,3,23,93,173,0,144,0,0,0,0,0,0,0,0,0,26,26,26,0.014,0.0014,0.0001,0.0014,0.0,0.0,0.0,0.0024,0.0198
schedule-probschedule-28-1,0,True,6,24,110,200,0,167,1,0,0,0,0,0,0,0,0,27,27,27,0.0146,0.0016,0.0001,0.001,0.0,0.0,0.0,0.0025,0.0203
schedule-probschedule-29-1,0,True,2,22,102,186,0,155,0,0,0,0,0,0,0,0,0,29,29,29,0.0318,0.0016,0.0001,0.0012,0.0,0.0,0.0,0.0025,0.0377
schedule-probschedule-30-0,0,True,2,21,107,194,0,162,0,0,0,0,0,0,0,0,0,30,30,30,0.0301,0.0017,0.0001,0.0016,0.0,0.0,0.0,0.0025,0.0364
schedule-probschedule-29-0,0,True,7,28,114,206,0,171,2,0,0,0,0,0,0,0,0,28,28,28,0.0287,0.0017,0.0001,0.001,0.0,0.0,0.0,0.0026,0.0345
schedule-probschedule-28-2,0,True,3,26,98,184,0,153,0,0,0,0,0,0,0,0,0,28,28,28,0.0282,0.0016,0.0001,0.0015,0.0,0.0,0.0,0.0024,0.0345
schedule-probschedule-3-1,0,True,1,3,11,21,0,18,1,0,0,0,0,0,0,0,0,2,2,2,0.0143,0.0001,0.0,0.0012,0.0,0.0,0.0,0.002,0.0182
schedule-probschedule-30-1,0,True,3,26,106,195,0,162,0,0,0,0,0,0,0,0,0,30,30,30,0.0257,0.0017,0.0001,0.0015,0.0,0.0,0.0,0.0024,0.032
schedule-probschedule-3-2,0,True,0,2,10,20,0,17,0,0,0,0,0,0,0,0,0,3,3,3,0.0137,0.0001,0.0,0.0009,0.0,0.0,0.0,0.0021,0.0172
schedule-probschedule-29-2,0,True,6,27,109,201,0,168,3,0,0,0,0,0,0,0,0,27,27,27,0.0215,0.0017,0.0001,0.0014,0.0,0.0,0.0,0.0026,0.0277
schedule-probschedule-3-0,0,True,1,3,13,25,0,21,0,0,0,0,0,0,0,0,0,3,3,3,0.0148,0.0001,0.0,0.001,0.0,0.0,0.0,0.0021,0.0187
schedule-probschedule-31-1,0,True,3,24,112,204,0,170,0,0,0,0,0,0,0,0,0,31,31,31,0.0242,0.0018,0.0001,0.0015,0.0,0.0,0.0,0.0025,0.0306
schedule-probschedule-31-2,0,True,1,20,108,197,0,165,0,0,0,0,0,0,0,0,0,31,31,31,0.0192,0.0018,0.0001,0.0013,0.0,0.0,0.0,0.0024,0.0253
schedule-probschedule-32-0,0,True,6,29,117,214,0,179,4,0,0,0,0,0,0,0,0,29,29,29,0.0164,0.0019,0.0001,0.0012,0.0,0.0,0.0,0.0025,0.0227
schedule-probschedule-32-1,0,True,5,28,118,216,0,180,2,0,0,0,0,0,0,0,0,31,31,31,0.0138,0.0019,0.0001,0.0014,0.0,0.0,0.0,0.0025,0.0202
schedule-probschedule-32-2,0,True,5,28,118,218,0,182,1,0,0,0,0,0,0,0,0,31,31,31,0.0126,0.0019,0.0001,0.0009,0.0,0.0,0.0,0.0025,0.0186
schedule-probschedule-33-2,0,True,3,28,114,212,0,177,2,0,0,0,0,0,0,0,0,32,32,32,0.0283,0.002,0.0001,0.0014,0.0,0.0,0.0,0.0025,0.0348
schedule-probschedule-33-0,0,True,3,25,115,212,0,178,3,0,0,0,0,0,0,0,0,31,31,31,0.0135,0.002,0.0001,0.001,0.0,0.0,0.0,0.0025,0.0197
schedule-probschedule-30-2,0,True,6,28,112,205,0,171,4,0,0,0,0,0,0,0,0,28,28,28,0.0126,0.0018,0.0001,0.001,0.0,0.0,0.0,0.0026,0.0186
schedule-probschedule-33-1,0,True,4,29,117,218,0,182,2,0,0,0,0,0,0,0,0,32,32,32,0.0151,0.002,0.0001,0.001,0.0,0.0,0.0,0.0026,0.0213
schedule-probschedule-31-0,0,True,6,29,117,214,0,178,1,0,0,0,0,0,0,0,0,30,30,30,0.0166,0.0018,0.0001,0.0012,0.0,0.0,0.0,0.0025,0.0226
schedule-probschedule-37-0,0,True,3,30,130,237,0,197,0,0,0,0,0,0,0,0,0,37,37,37,0.0187,0.0023,0.0001,0.0014,0.0,0.0,0.0,0.0026,0.0256
schedule-probschedule-34-2,0,True,6,32,126,230,0,191,1,0,0,0,0,0,0,0,0,33,33,33,0.0264,0.0022,0.0001,0.001,0.0,0.0,0.0,0.0026,0.0328
schedule-probschedule-34-1,0,True,3,30,118,218,0,181,0,0,0,0,0,0,0,0,0,34,34,34,0.024,0.0021,0.0001,0.0013,0.0,0.0,0.0,0.0025,0.0305
schedule-probschedule-35-1,0,True,4,28,126,230,0,192,1,0,0,0,0,0,0,0,0,34,34,34,0.0241,0.0022,0.0001,0.0014,0.0,0.0,0.0,0.0025,0.0309
schedule-probschedule-35-0,0,True,3,32,120,224,0,186,0,0,0,0,0,0,0,0,0,35,35,35,0.0225,0.0022,0.0001,0.001,0.0,0.0,0.0,0.0026,0.029
schedule-probschedule-37-1,0,True,5,33,131,242,0,202,2,0,0,0,0,0,0,0,0,35,35,35,0.0243,0.0024,0.0002,0.001,0.0,0.0,0.0,0.0026,0.031
schedule-probschedule-34-0,0,True,4,28,120,224,0,188,2,0,0,0,0,0,0,0,0,32,32,32,0.0226,0.0021,0.0001,0.001,0.0,0.0,0.0,0.0026,0.0289
schedule-probschedule-35-2,0,True,2,24,122,222,0,186,1,0,0,0,0,0,0,0,0,34,34,34,0.0169,0.0022,0.0001,0.0012,0.0,0.0,0.0,0.0025,0.0233
schedule-probschedule-36-1,0,True,4,29,129,236,0,197,1,0,0,0,0,0,0,0,0,35,35,35,0.0172,0.0023,0.0001,0.0012,0.0,0.0,0.0,0.0026,0.0239
schedule-probschedule-36-2,0,True,7,31,139,252,0,210,1,0,0,0,0,0,0,0,0,35,35,35,0.0171,0.0023,0.0002,0.0015,0.0,0.0,0.0,0.0026,0.0241
schedule-probschedule-36-0,0,True,6,30,134,243,0,203,2,0,0,0,0,0,0,0,0,34,34,34,0.0343,0.0023,0.0001,0.0011,0.0,0.0,0.0,0.0026,0.041
schedule-probschedule-38-0,0,True,5,35,137,251,0,208,0,0,0,0,0,0,0,0,0,38,38,38,0.0311,0.0025,0.0002,0.0014,0.0,0.0,0.0,0.0027,0.0384
schedule-probschedule-37-2,0,True,4,30,132,240,0,200,2,0,0,0,0,0,0,0,0,36,36,36,0.0316,0.0024,0.0001,0.0015,0.0,0.0,0.0,0.0026,0.0386
schedule-probschedule-4-1,0,True,1,4,16,30,0,25,0,0,0,0,0,0,0,0,0,4,4,4,0.0174,0.0002,0.0,0.0009,0.0,0.0,0.0,0.0021,0.021
schedule-probschedule-38-2,0,True,7,34,142,255,0,212,3,0,0,0,0,0,0,0,0,36,36,36,0.0332,0.0025,0.0002,0.0013,0.0,0.0,0.0,0.0027,0.0403
schedule-probschedule-39-1,0,True,3,27,139,250,0,209,1,0,0,0,0,0,0,0,0,38,38,38,0.0328,0.0025,0.0001,0.001,0.0,0.0,0.0,0.0026,0.0395
schedule-probschedule-40-0,0,True,5,29,149,269,0,225,1,0,0,0,0,0,0,0,0,39,39,39,0.0288,0.0027,0.0002,0.001,0.0,0.0,0.0,0.0027,0.0358
schedule-probschedule-4-0,0,True,1,5,15,29,0,24,0,0,0,0,0,0,0,0,0,4,4,4,0.0166,0.0002,0.0,0.0012,0.0,0.0,0.0,0.0021,0.0205
schedule-probschedule-38-1,0,True,4,29,135,249,0,209,4,0,0,0,0,0,0,0,0,36,36,36,0.0355,0.0025,0.0002,0.0012,0.0,0.0,0.0,0.0026,0.0424
schedule-probschedule-4-2,0,True,0,3,13,26,0,22,0,0,0,0,0,0,0,0,0,4,4,4,0.0171,0.0002,0.0,0.0015,0.0,0.0,0.0,0.0021,0.0213
schedule-probschedule-39-0,0,True,6,38,140,257,0,213,2,0,0,0,0,0,0,0,0,38,38,38,0.0299,0.0027,0.0002,0.0013,0.0,0.0,0.0,0.0026,0.0372
schedule-probschedule-39-2,0,True,5,37,133,245,0,204,5,0,0,0,0,0,0,0,0,36,36,36,0.027,0.0026,0.0002,0.001,0.0,0.0,0.0,0.0026,0.0339
schedule-probschedule-42-1,0,True,3,38,142,267,0,222,0,0,0,0,0,0,0,0,0,42,42,42,0.0232,0.0031,0.0002,0.0015,0.0,0.0,0.0,0.0026,0.0312
schedule-probschedule-40-2,0,True,2,31,137,252,0,210,0,0,0,0,0,0,0,0,0,40,40,40,0.022,0.0026,0.0002,0.0021,0.0,0.0,0.0,0.0026,0.0306
schedule-probschedule-42-2,0,True,8,38,158,290,0,242,4,0,0,0,0,0,0,0,0,40,40,40,0.0214,0.0031,0.0002,0.0025,0.0,0.0,0.0,0.0027,0.0306
schedule-probschedule-43-0,0,True,4,35,151,277,0,231,2,0,0,0,0,0,0,0,0,42,42,42,0.02,0.003,0.0002,0.0012,0.0,0.0,0.0,0.0027,0.0278
schedule-probschedule-43-2,0,True,2,29,149,269,0,225,1,0,0,0,0,0,0,0,0,42,42,42,0.0209,0.0031,0.0002,0.0016,0.0,0.0,0.0,0.0027,0.0291
schedule-probschedule-41-0,0,True,5,37,145,272,0,227,2,0,0,0,0,0,0,0,0,40,40,40,0.0216,0.0029,0.0002,0.0017,0.0,0.0,0.0,0.0026,0.0296
schedule-probschedule-41-1,0,True,3,28,148,266,0,222,0,0,0,0,0,0,0,0,0,41,41,41,0.0205,0.0028,0.0002,0.0013,0.0,0.0,0.0,0.0026,0.0278
schedule-probschedule-42-0,0,True,5,29,155,282,0,237,4,0,0,0,0,0,0,0,0,40,40,40,0.0201,0.0031,0.0002,0.002,0.0,0.0,0.0,0.0026,0.0284
schedule-probschedule-40-1,0,True,4,30,142,258,0,216,2,0,0,0,0,0,0,0,0,38,38,38,0.0258,0.0027,0.0002,0.0013,0.0,0.0,0.0,0.0026,0.0331
schedule-probschedule-41-2,0,True,6,35,153,284,0,237,0,0,0,0,0,0,0,0,0,41,41,41,0.0278,0.0029,0.0002,0.0018,0.0,0.0,0.0,0.0026,0.0359
schedule-probschedule-43-1,0,True,6,39,155,284,0,236,2,0,0,0,0,0,0,0,0,42,42,42,0.0318,0.0032,0.0002,0.001,0.0,0.0,0.0,0.0027,0.0396
schedule-probschedule-44-0,0,True,5,35,155,284,0,238,5,0,0,0,0,0,0,0,0,41,41,41,0.016,0.0033,0.0002,0.0021,0.0,0.0,0.0,0.0027,0.0247
schedule-probschedule-47-1,0,True,5,43,161,301,0,251,3,0,0,0,0,0,0,0,0,45,45,45,0.0166,0.0036,0.0003,0.0014,0.0,0.0,0.0,0.0026,0.0251
schedule-probschedule-47-0,0,True,3,35,163,302,0,253,1,0,0,0,0,0,0,0,0,46,46,46,0.02,0.0035,0.0002,0.001,0.0,0.0,0.0,0.0026,0.0278
schedule-probschedule-45-2,0,True,7,38,164,296,0,247,6,0,0,0,0,0,0,0,0,42,42,42,0.0163,0.0035,0.0002,0.0011,0.0,0.0,0.0,0.0028,0.0243
schedule-probschedule-46-0,0,True,5,39,163,301,0,251,1,0,0,0,0,0,0,0,0,45,45,45,0.0176,0.0034,0.0003,0.0013,0.0,0.0,0.0,0.0026,0.0257
schedule-probschedule-45-0,0,True,6,38,166,304,0,253,0,0,0,0,0,0,0,0,0,45,45,45,0.0159,0.0034,0.0003,0.0011,0.0,0.0,0.0,0.0027,0.0238
schedule-probschedule-44-1,0,True,4,38,152,283,0,236,2,0,0,0,0,0,0,0,0,43,43,43,0.0145,0.0034,0.0002,0.0013,0.0,0.0,0.0,0.0026,0.0226
schedule-probschedule-45-1,0,True,6,39,161,295,0,246,3,0,0,0,0,0,0,0,0,43,43,43,0.0171,0.0035,0.0002,0.001,0.0,0.0,0.0,0.0027,0.025
schedule-probschedule-46-2,0,True,6,37,165,299,0,250,4,0,0,0,0,0,0,0,0,43,43,43,0.0168,0.0034,0.0002,0.001,0.0,0.0,0.0,0.0027,0.0246
schedule-probschedule-44-2,0,True,8,41,161,293,0,244,3,0,0,0,0,0,0,0,0,41,41,41,0.0179,0.0033,0.0003,0.0011,0.0,0.0,0.0,0.0028,0.0259
schedule-probschedule-46-1,0,True,6,40,166,302,0,251,2,0,0,0,0,0,0,0,0,45,45,45,0.0195,0.0035,0.0002,0.0013,0.0,0.0,0.0,0.0027,0.0277
schedule-probschedule-48-1,0,True,10,44,178,325,0,272,8,0,0,0,0,0,0,0,0,43,43,43,0.0214,0.0039,0.0003,0.0014,0.0,0.0,0.0,0.0028,0.0304
schedule-probschedule-49-2,0,True,8,40,186,339,0,283,1,0,0,0,0,0,0,0,0,48,48,48,0.0195,0.0041,0.0003,0.0011,0.0,0.0,0.0,0.0028,0.0282
schedule-probschedule-49-1,0,True,6,41,177,324,0,270,2,0,0,0,0,0,0,0,0,48,48,48,0.018,0.004,0.0003,0.0011,0.0,0.0,0.0,0.0027,0.0267
schedule-probschedule-49-0,0,True,12,48,188,344,0,287,5,0,0,0,0,0,0,0,0,45,45,45,0.0202,0.0042,0.0003,0.0014,0.0,0.0,0.0,0.0028,0.0295
schedule-probschedule-48-0,0,True,5,38,172,314,0,262,2,0,0,0,0,0,0,0,0,47,47,47,0.0201,0.0038,0.0003,0.0014,0.0,0.0,0.0,0.0027,0.0292
schedule-probschedule-5-0,0,True,1,4,18,34,0,29,2,0,0,0,0,0,0,0,0,4,4,4,0.006,0.0002,0.0,0.001,0.0,0.0,0.0,0.0022,0.01
schedule-probschedule-50-0,0,True,5,36,178,322,0,270,4,0,0,0,0,0,0,0,0,47,47,47,0.0189,0.0041,0.0003,0.0011,0.0,0.0,0.0,0.0028,0.0276
schedule-probschedule-5-2,0,True,1,5,19,36,0,30,0,0,0,0,0,0,0,0,0,5,5,5,0.0079,0.0002,0.0,0.0009,0.0,0.0,0.0,0.0021,0.0115
schedule-probschedule-47-2,0,True,8,43,171,312,0,260,4,0,0,0,0,0,0,0,0,44,44,44,0.0179,0.0037,0.0003,0.001,0.0,0.0,0.0,0.0028,0.0263
schedule-probschedule-48-2,0,True,7,41,179,325,0,270,0,0,0,0,0,0,0,0,0,48,48,48,0.0224,0.0039,0.0003,0.001,0.0,0.0,0.0,0.0028,0.0309
schedule-probschedule-5-1,0,True,2,7,21,40,0,33,0,0,0,0,0,0,0,0,0,5,5,5,0.0107,0.0002,0.0,0.0011,0.0,0.0,0.0,0.0023,0.0148
schedule-probschedule-7-1,0,True,1,7,25,48,0,40,0,0,0,0,0,0,0,0,0,7,7,7,0.007,0.0003,0.0,0.0013,0.0,0.0,0.0,0.0022,0.0112
schedule-probschedule-51-2,0,True,8,46,184,339,0,283,4,0,0,0,0,0,0,0,0,48,48,48,0.0193,0.0044,0.0004,0.0013,0.0,0.0,0.0,0.0028,0.0287
schedule-probschedule-50-2,0,True,6,41,181,330,0,275,1,0,0,0,0,0,0,0,0,49,49,49,0.0194,0.0043,0.0003,0.0014,0.0,0.0,0.0,0.0028,0.0286
schedule-probschedule-50-1,0,True,3,41,167,308,0,257,4,0,0,0,0,0,0,0,0,48,48,48,0.0198,0.004,0.0003,0.0013,0.0,0.0,0.0,0.0026,0.0285
schedule-probschedule-6-2,0,True,2,6,22,41,0,35,3,0,0,0,0,0,0,0,0,4,4,4,0.0065,0.0002,0.0,0.0013,0.0,0.0,0.0,0.0021,0.0106
schedule-probschedule-6-1,0,True,1,6,22,42,0,35,0,0,0,0,0,0,0,0,0,6,6,6,0.01,0.0002,0.0,0.0012,0.0,0.0,0.0,0.0023,0.0142
schedule-probschedule-6-0,0,True,1,5,23,43,0,36,0,0,0,0,0,0,0,0,0,6,6,6,0.0171,0.0002,0.0,0.0013,0.0,0.0,0.0,0.0022,0.0212
schedule-probschedule-51-0,0,True,7,43,185,339,0,283,4,0,0,0,0,0,0,0,0,49,49,49,0.0238,0.0041,0.0003,0.0013,0.0,0.0,0.0,0.0028,0.0329
schedule-probschedule-7-2,0,True,0,6,22,43,0,36,0,0,0,0,0,0,0,0,0,7,7,7,0.0153,0.0002,0.0,0.0014,0.0,0.0,0.0,0.0021,0.0195
schedule-probschedule-7-0,0,True,2,7,27,51,0,43,1,0,0,0,0,0,0,0,0,6,6,6,0.0146,0.0003,0.0,0.0013,0.0,0.0,0.0,0.0021,0.0188
schedule-probschedule-51-1,0,True,13,51,197,359,0,299,6,0,0,0,0,0,0,0,0,47,47,47,0.0319,0.0045,0.0004,0.0013,0.0,0.0,0.0,0.003,0.0417
schedule-probschedule-8-1,0,True,1,6,30,56,0,47,0,0,0,0,0,0,0,0,0,8,8,8,0.0077,0.0003,0.0,0.0011,0.0,0.0,0.0,0.0021,0.0116
schedule-probschedule-8-2,0,True,0,6,26,50,0,42,0,0,0,0,0,0,0,0,0,8,8,8,0.0085,0.0003,0.0,0.0014,0.0,0.0,0.0,0.0021,0.0128
snake-opt18-strips-p03,0,True,152,6340,18601,25116,0,31128,21,8,0,0,4,0,0,0,0,8,9,8,0.0547,0.0894,0.0258,0.0212,0.0,0.0293,0.0,1.8276,2.0208
snake-opt18-strips-p04,0,True,126,5891,16277,22314,0,27108,24,0,0,0,0,0,0,0,0,9,9,9,0.0436,0.0726,0.0235,0.0194,0.0,0.0,0.0,2.044,2.2053
schedule-probschedule-8-0,0,True,1,7,29,56,0,47,0,0,0,0,0,0,0,0,0,8,8,8,0.0081,0.0003,0.0,0.0012,0.0,0.0,0.0,0.0022,0.0123
snake-opt18-strips-p05,0,True,130,5756,16010,21919,0,26831,16,0,0,0,0,0,0,0,0,6,6,6,0.0488,0.0708,0.0083,0.0183,0.0,0.0,0.0,0.4497,0.5977
schedule-probschedule-9-1,0,True,1,7,31,59,0,50,1,0,0,0,0,0,0,0,0,8,8,8,0.0069,0.0003,0.0,0.0013,0.0,0.0,0.0,0.0023,0.0113
schedule-probschedule-9-2,0,True,0,5,31,59,0,50,0,0,0,0,0,0,0,0,0,9,9,9,0.0091,0.0003,0.0,0.0012,0.0,0.0,0.0,0.002,0.0132
snake-opt18-strips-p01,0,True,139,5912,16828,22900,0,28208,22,0,0,0,1,0,0,0,0,9,10,9,0.0556,0.0795,0.031,0.0206,0.0,0.0002,0.0,2.4886,2.6794
schedule-probschedule-9-0,0,True,0,8,28,55,0,46,0,0,0,0,0,0,0,0,0,9,9,9,0.0129,0.0003,0.0,0.0011,0.0,0.0,0.0,0.0021,0.017
snake-opt18-strips-p02,0,True,148,6356,18621,25145,0,30919,17,33,0,0,8,0,542,0,0,9,9,9,0.0514,0.1024,0.0249,0.0213,0.0,0.1506,0.0,86.386,86.5883
snake-opt18-strips-p12,2,True,218,14218,41632,56088,0,68075,22,15,0,0,4,0,2229,0,0,9.0,10,10,0.1149,0.2902,0.0732,0.0549,0.0,0.2812,0.0,899.477,900.0158
snake-opt18-strips-p06,0,True,176,9446,27281,36923,0,45013,23,0,0,0,0,0,0,0,0,8,8,8,0.0738,0.1475,0.0296,0.0328,0.0,0.0,0.0,0.8632,1.1495
snake-opt18-strips-p10,0,True,166,9269,26422,35877,0,43424,22,0,0,0,0,0,0,0,0,9,9,9,0.0686,0.1492,0.0401,0.0334,0.0,0.0,0.0,5.8133,6.109
snake-opt18-strips-p07,0,True,184,9703,28598,38505,0,47062,21,27,0,0,9,0,0,0,0,9,9,9,0.0761,0.1596,0.0374,0.0347,0.0,0.2111,0.0,28.5889,28.8997
snake-opt18-strips-p09,2,True,158,8920,25231,34329,0,41508,28,135,0,0,31,0,3310,0,0,11.0,12,12,0.0703,0.1289,0.0671,0.0327,0.0,1.165,0.0,899.7313,900.0352
snake-opt18-strips-p08,0,True,196,10117,30456,40786,0,50113,20,0,0,0,0,0,0,0,0,8,8,8,0.0887,0.2034,0.046,0.0373,0.0,0.0,0.0,0.9811,1.3594
snake-opt18-strips-p11,0,True,206,14084,40620,54930,0,66182,25,16,0,0,3,0,305,0,0,12,12,12,0.118,0.2692,0.0967,0.0548,0.0,0.0464,0.0,219.7009,220.2452
snake-opt18-strips-p18,2,True,274,21201,63523,85015,0,102924,24,24,0,0,4,0,50,0,0,9.054,12,12,0.184,0.5499,0.1566,0.0985,0.0,1.5906,0.0,899.1161,900.1174
snake-opt18-strips-p17,2,True,260,20392,60025,80697,0,97542,21,62,0,0,11,0,55,0,0,11.0,13,13,0.1736,0.4032,0.1886,0.0851,0.0,3.2005,0.0,899.2263,900.086
snake-opt18-strips-p13,0,True,228,14837,43902,58987,0,71811,24,11,0,0,3,0,233,0,0,11,11,11,0.1262,0.2759,0.0777,0.0582,0.0,0.301,0.0,38.8152,39.3582
snake-opt18-strips-p14,2,True,238,15069,45462,60792,0,74545,27,41,0,0,7,0,92,0,0,12.0,19,19,0.1353,0.2866,0.252,0.0621,0.0,1.0412,0.0,899.3093,900.0521
snake-opt18-strips-p15,0,True,196,13622,38855,52693,0,63422,15,0,0,0,0,0,0,0,0,7,7,7,0.2778,0.2376,0.0411,0.0533,0.0,0.0,0.0,1.3585,1.9732
snake-opt18-strips-p16,2,True,246,19471,56383,76123,0,91888,28,13,0,0,3,0,94,0,0,11.5,13,13,0.1596,0.4003,0.1867,0.0787,0.0,0.9112,0.0,899.2398,900.0765
snake-opt18-strips-p19,0,True,286,21710,65694,87710,0,106981,26,0,0,0,0,0,0,0,0,10,10,10,0.2199,0.4656,0.1152,0.0966,0.0,0.0,0.0,118.9263,119.8327
snake-opt18-strips-p20,0,True,234,19439,55730,75423,0,90467,21,13,0,0,3,0,0,0,0,9,9,9,0.1751,0.3813,0.1059,0.0821,0.0,1.1525,0.0,38.2267,38.9821
snake-sat18-strips-p02,2,True,218,14353,42130,56721,0,68791,18,40,0,0,10,0,133,0,0,7.522,11,10,0.1824,0.2764,0.1045,0.055,0.0,0.7858,0.0,899.4282,900.0524
snake-sat18-strips-p01,2,True,206,13963,40280,54469,0,65674,30,34,0,0,6,0,55,0,0,12.0,15,15,0.1306,0.2372,0.1627,0.0515,0.0,0.7062,0.0,899.442,900.031
snake-sat18-strips-p03,2,True,230,14830,44107,59184,0,72061,21,46,0,0,10,0,167,0,0,9.0,12,12,0.1228,0.3113,0.1235,0.059,0.0,1.8098,0.0,899.4295,900.0526
snake-sat18-strips-p04,2,True,240,15387,46402,62049,0,75905,27,55,0,0,12,0,175,0,0,10.0,13,13,0.1715,0.309,0.1371,0.0631,0.0,1.639,0.0,899.4061,900.0937
snake-sat18-strips-p05,0,True,196,13612,38623,52451,0,63179,28,0,0,0,0,0,0,0,0,11,11,11,0.1039,0.254,0.0904,0.0485,0.0,0.0,0.0,1.3547,1.8569
snake-sat18-strips-p06,2,True,280,27444,79760,107504,0,128454,30,38,0,0,6,0,2,0,0,10.962,17,17,0.2125,0.6395,0.4914,0.1476,0.0,4.6864,0.0,898.5833,900.0858
snake-sat18-strips-p08,2,True,310,28812,85174,114316,0,137738,24,24,0,0,5,0,6,0,0,8.93,11,11,0.3342,0.7451,0.2391,0.1471,0.0,0.6566,0.0,898.6309,900.1098
snake-sat18-strips-p07,2,True,292,27512,79995,107822,0,129691,31,29,0,0,6,0,22,0,0,11.881,15,15,0.3103,0.6926,0.3875,0.1559,0.0,2.4634,0.0,898.6017,900.1564
snake-sat18-strips-p09,2,True,326,29514,88542,118399,0,143315,21,22,0,0,4,0,14,0,0,8.562,12,12,0.281,0.8533,0.3482,0.1571,0.0,2.1681,0.0,898.4905,900.1434
snake-sat18-strips-p10,2,True,338,30553,92822,123733,0,150174,25,29,0,0,5,0,1,0,0,10.333,16,16,0.3083,0.8938,0.4738,0.1669,0.0,3.5005,0.0,898.2367,900.0901
snake-sat18-strips-p16,2,True,490,82180,242056,324746,0,385644,28,6,0,0,1,0,0,0,0,11.64,16,16,0.8354,3.4853,2.7559,0.7763,0.0,5.8587,0.0,892.2858,900.1686
snake-sat18-strips-p12,2,True,398,50658,149469,200545,0,239835,27,10,0,0,2,0,1,0,0,9.5,13,13,0.4899,1.6546,0.9687,0.3663,0.0,4.9698,0.0,896.6137,900.1144
snake-sat18-strips-p15,2,True,456,55455,169866,225797,0,272588,31,0,0,0,0,0,0,0,0,0.0,16,16,0.6006,2.0845,1.0168,0.3548,0.0,0.0,0.0,896.0275,900.1236
snake-sat18-strips-p14,2,True,438,53433,161546,215434,0,259270,27,0,0,0,0,0,0,0,0,0.0,13,13,0.5605,2.2055,0.8038,0.3498,0.0,0.0,0.0,896.1565,900.1154
snake-sat18-strips-p13,2,True,416,51540,154046,206022,0,247098,30,5,0,0,1,0,0,0,0,11.5,13,13,0.5145,1.9751,0.9653,0.3739,0.0,0.203,0.0,896.2455,900.0923
snake-sat18-strips-p11,2,True,378,49258,144070,193726,0,230925,26,20,0,0,3,0,0,0,0,10.0,13,13,0.4511,1.694,0.7217,0.3308,0.0,2.3527,0.0,896.8099,900.0233
snake-sat18-strips-p17,2,True,514,83670,248260,332464,0,396476,21,14,0,0,3,0,0,0,0,10.0,12,12,0.921,4.7474,1.7536,0.8208,0.0,21.5924,0.0,891.8772,900.1553
snake-sat18-strips-p18,2,True,538,85556,256749,342863,0,410444,29,0,0,0,0,0,0,0,0,0.0,16,16,1.1101,3.8326,3.0234,0.8832,0.0,0.0,0.0,891.2824,900.1791
snake-sat18-strips-p19,2,True,562,88245,267614,356441,0,428218,33,0,0,0,0,0,0,0,0,0.0,19,19,1.3661,4.073,3.3454,0.808,0.0,0.0,0.0,890.538,900.1803
snake-sat18-strips-p20,2,True,584,90765,278204,369576,0,445509,34,0,0,0,0,0,0,0,0,1.0,21,21,1.104,4.36,5.1108,0.8968,0.0,0.0,0.0,889.0005,900.529
sokoban-opt08-strips-p01,0,False,24,69,138,270,0,343,2,0,0,0,0,0,0,0,0,10,10,10,0.0259,0.0007,0.0001,0.0011,0.0,0.0,0.0,0.0036,0.0319
sokoban-opt08-strips-p02,0,False,25,57,103,207,0,271,12,0,0,0,0,0,0,0,0,9,9,9,0.0066,0.0005,0.0001,0.0012,0.0,0.0,0.0,0.0057,0.0146
sokoban-opt08-strips-p03,0,False,21,41,73,154,0,195,9,0,0,0,0,0,0,0,0,3,3,3,0.0078,0.0004,0.0,0.0013,0.0,0.0,0.0,0.0046,0.0147
sokoban-opt08-strips-p04,0,False,43,118,236,457,0,630,9,2,0,0,1,0,0,0,0,25,25,25,0.0238,0.0018,0.0002,0.0013,0.0,0.0001,0.0,0.0083,0.036
sokoban-opt08-strips-p06,0,False,31,60,96,201,0,264,3,0,0,0,0,0,0,0,0,2,2,2,0.0224,0.0006,0.0001,0.0012,0.0,0.0,0.0,0.0057,0.0305
sokoban-opt08-strips-p05,0,False,283,762,1476,2538,0,3704,24,0,0,0,0,0,0,0,0,8,8,8,0.0144,0.0155,0.0042,0.0038,0.0,0.0,0.0,0.0489,0.0874
sokoban-opt08-strips-p09,0,False,58,95,159,344,0,457,14,0,0,0,0,0,0,0,0,5,5,5,0.0086,0.0018,0.0001,0.003,0.0,0.0,0.0,0.0076,0.0216
sokoban-opt08-strips-p08,0,False,59,141,256,485,0,677,21,0,0,0,0,0,0,0,0,13,13,13,0.0132,0.0021,0.0003,0.0013,0.0,0.0,0.0,0.0102,0.0276
sokoban-opt08-strips-p07,0,False,89,167,274,553,0,707,17,0,0,0,0,0,0,0,0,7,7,7,0.0067,0.0024,0.0002,0.0013,0.0,0.0,0.0,0.0113,0.0228
sokoban-opt08-strips-p12,0,False,88,159,307,586,0,796,8,0,0,0,0,0,0,0,0,8,8,8,0.0083,0.0027,0.0003,0.0015,0.0,0.0,0.0,0.0125,0.0258
sokoban-opt08-strips-p10,0,False,47,108,195,388,0,534,14,0,0,0,0,0,0,0,0,10,10,10,0.0074,0.0016,0.0002,0.0011,0.0,0.0,0.0,0.008,0.0187
sokoban-opt08-strips-p11,0,False,79,172,300,611,0,794,21,0,0,0,0,0,0,0,0,16,16,16,0.0075,0.0026,0.0003,0.0016,0.0,0.0,0.0,0.011,0.0235
sokoban-opt08-strips-p13,0,False,80,152,296,553,0,757,0,0,0,0,0,0,0,0,0,4,4,4,0.0078,0.0019,0.0002,0.0013,0.0,0.0,0.0,0.0061,0.0179
sokoban-opt08-strips-p14,0,False,69,143,248,476,0,632,31,0,0,0,0,0,0,0,0,11,11,11,0.01,0.0017,0.0002,0.0015,0.0,0.0,0.0,0.0106,0.0246
sokoban-opt08-strips-p15,0,False,68,245,537,964,0,1381,19,14,0,0,15,0,0,0,0,57,58,57,0.0112,0.0058,0.001,0.0019,0.0,0.0028,0.0,0.0212,0.0416
sokoban-opt08-strips-p17,0,False,48,76,134,278,0,360,9,0,0,0,0,0,0,0,0,6,6,6,0.0086,0.0012,0.0001,0.0031,0.0,0.0,0.0,0.0066,0.0201
sokoban-opt08-strips-p18,0,False,93,182,307,636,0,839,20,0,0,0,0,0,0,0,0,29,29,29,0.0089,0.0039,0.0005,0.0014,0.0,0.0,0.0,0.0107,0.0259
sokoban-opt08-strips-p16,0,False,88,151,228,510,0,648,26,0,0,0,0,0,0,0,0,16,16,16,0.0104,0.0025,0.0002,0.0013,0.0,0.0,0.0,0.0092,0.0241
sokoban-opt08-strips-p20,0,False,225,440,466,1142,0,1172,0,0,0,0,0,0,0,0,0,2,2,2,0.0112,0.0067,0.0004,0.0017,0.0,0.0,0.0,0.0081,0.0289
sokoban-opt08-strips-p19,0,False,80,211,410,750,0,1057,30,0,0,0,0,0,0,0,0,27,27,27,0.0074,0.0034,0.0005,0.002,0.0,0.0,0.0,0.0136,0.0274
sokoban-opt08-strips-p21,0,False,386,1008,1892,3290,0,4922,6,0,0,0,0,0,0,0,0,2,2,2,0.0161,0.0256,0.0042,0.0047,0.0,0.0,0.0,0.0584,0.1097
sokoban-opt08-strips-p23,0,False,83,220,485,827,0,1222,18,11,0,0,12,0,0,0,0,15,16,15,0.0251,0.0033,0.0005,0.0026,0.0,0.0009,0.0,0.0198,0.052
sokoban-opt08-strips-p25,0,False,109,206,385,754,0,1039,20,13,0,0,14,0,0,0,0,25,26,25,0.0244,0.0048,0.0007,0.002,0.0,0.0015,0.0,0.0174,0.0498
sokoban-opt08-strips-p22,0,False,83,212,386,739,0,1010,3,15,0,0,16,0,0,0,0,30,31,30,0.0076,0.0042,0.0006,0.0015,0.0,0.0016,0.0,0.016,0.0305
sokoban-opt08-strips-p26,0,False,121,256,488,901,0,1288,38,11,0,0,12,0,0,0,0,23,24,23,0.0074,0.005,0.0009,0.0018,0.0,0.0014,0.0,0.0233,0.0391
sokoban-opt08-strips-p24,0,False,131,201,362,729,0,1023,19,0,0,0,0,0,0,0,0,14,14,14,0.0085,0.0041,0.0006,0.0015,0.0,0.0,0.0,0.0147,0.0301
sokoban-opt08-strips-p29,0,False,455,1077,1899,3456,0,5086,43,0,0,0,0,0,0,0,0,15,15,15,0.02,0.0417,0.0105,0.0056,0.0,0.0,0.0,0.0571,0.1357
sokoban-opt11-strips-p01,0,False,31,60,96,201,0,264,3,0,0,0,0,0,0,0,0,2,2,2,0.0103,0.0006,0.0001,0.001,0.0,0.0,0.0,0.0057,0.0182
sokoban-opt08-strips-p27,0,False,203,311,524,1066,0,1551,31,0,0,0,0,0,0,0,0,11,11,11,0.0088,0.0077,0.0013,0.0018,0.0,0.0,0.0,0.0227,0.0429
sokoban-opt08-strips-p28,0,False,148,234,405,817,0,1131,49,0,0,0,0,0,0,0,0,18,18,18,0.0073,0.0049,0.0006,0.0018,0.0,0.0,0.0,0.017,0.0322
sokoban-opt08-strips-p30,0,False,476,1352,2848,4701,0,7341,30,0,0,0,0,0,0,0,0,12,12,12,0.0196,0.0465,0.0129,0.0076,0.0,0.0,0.0,0.0783,0.1657
sokoban-opt11-strips-p05,0,False,88,151,228,510,0,648,26,0,0,0,0,0,0,0,0,16,16,16,0.0082,0.0025,0.0002,0.0013,0.0,0.0,0.0,0.0091,0.0219
sokoban-opt11-strips-p02,0,False,48,76,134,278,0,360,9,0,0,0,0,0,0,0,0,6,6,6,0.0066,0.0012,0.0001,0.0013,0.0,0.0,0.0,0.0067,0.0163
sokoban-opt11-strips-p03,0,False,69,143,248,476,0,632,31,0,0,0,0,0,0,0,0,11,11,11,0.0064,0.0017,0.0003,0.0012,0.0,0.0,0.0,0.0106,0.0207
sokoban-opt11-strips-p06,0,False,79,172,300,611,0,794,21,0,0,0,0,0,0,0,0,16,16,16,0.0063,0.0026,0.0003,0.0013,0.0,0.0,0.0,0.011,0.0221
sokoban-opt11-strips-p04,0,False,43,118,236,457,0,630,9,2,0,0,1,0,0,0,0,25,25,25,0.0057,0.0018,0.0003,0.0015,0.0,0.0001,0.0,0.0082,0.018
sokoban-opt11-strips-p09,0,False,89,167,274,553,0,707,17,0,0,0,0,0,0,0,0,7,7,7,0.0076,0.0024,0.0002,0.0015,0.0,0.0,0.0,0.0111,0.0233
sokoban-opt11-strips-p11,0,False,80,152,296,553,0,757,0,0,0,0,0,0,0,0,0,4,4,4,0.0082,0.0019,0.0002,0.0013,0.0,0.0,0.0,0.0061,0.0182
sokoban-opt11-strips-p08,0,False,58,95,159,344,0,457,14,0,0,0,0,0,0,0,0,5,5,5,0.0067,0.0018,0.0001,0.0012,0.0,0.0,0.0,0.0075,0.0178
sokoban-opt11-strips-p07,0,False,47,108,195,388,0,534,14,0,0,0,0,0,0,0,0,10,10,10,0.0057,0.0016,0.0002,0.0012,0.0,0.0,0.0,0.0079,0.017
sokoban-opt11-strips-p10,0,False,283,762,1476,2538,0,3704,24,0,0,0,0,0,0,0,0,8,8,8,0.0128,0.0156,0.0042,0.0037,0.0,0.0,0.0,0.0494,0.0863
sokoban-opt11-strips-p15,0,False,93,182,307,636,0,839,20,0,0,0,0,0,0,0,0,29,29,29,0.0088,0.0039,0.0005,0.0016,0.0,0.0,0.0,0.0107,0.0259
sokoban-opt11-strips-p13,0,False,59,141,256,485,0,677,21,0,0,0,0,0,0,0,0,13,13,13,0.0102,0.0021,0.0003,0.0014,0.0,0.0,0.0,0.0101,0.0247
sokoban-opt11-strips-p14,0,False,88,159,307,586,0,796,8,0,0,0,0,0,0,0,0,8,8,8,0.0124,0.0027,0.0003,0.0013,0.0,0.0,0.0,0.0124,0.0297
sokoban-opt11-strips-p16,0,False,68,245,537,964,0,1381,19,14,0,0,15,0,0,0,0,57,58,57,0.0242,0.0057,0.001,0.0019,0.0,0.0028,0.0,0.0214,0.0547
sokoban-opt11-strips-p12,0,False,225,440,466,1142,0,1172,0,0,0,0,0,0,0,0,0,2,2,2,0.0168,0.0067,0.0004,0.0019,0.0,0.0,0.0,0.0082,0.0348
sokoban-opt11-strips-p20,0,False,83,220,485,827,0,1222,18,11,0,0,12,0,0,0,0,15,16,15,0.0065,0.0033,0.0005,0.0018,0.0,0.0009,0.0,0.0199,0.0328
sokoban-opt11-strips-p19,0,False,83,212,386,739,0,1010,3,15,0,0,16,0,0,0,0,30,31,30,0.008,0.0042,0.0006,0.0015,0.0,0.0016,0.0,0.016,0.0309
sokoban-opt11-strips-p18,0,False,386,1008,1892,3290,0,4922,6,0,0,0,0,0,0,0,0,2,2,2,0.0152,0.0255,0.0042,0.0049,0.0,0.0,0.0,0.0588,0.1093
sokoban-opt11-strips-p17,0,False,80,211,410,750,0,1057,30,0,0,0,0,0,0,0,0,27,27,27,0.0096,0.0036,0.0006,0.0015,0.0,0.0,0.0,0.0135,0.0294
sokoban-sat08-strips-p01,0,False,25,57,103,207,0,271,12,0,0,0,0,0,0,0,0,9,9,9,0.0054,0.0005,0.0001,0.0013,0.0,0.0,0.0,0.0056,0.0134
sokoban-sat08-strips-p06,0,False,88,159,307,586,0,796,8,0,0,0,0,0,0,0,0,8,8,8,0.0065,0.0027,0.0003,0.0012,0.0,0.0,0.0,0.0123,0.0236
sokoban-sat08-strips-p04,0,False,59,141,256,485,0,677,21,0,0,0,0,0,0,0,0,13,13,13,0.0061,0.0022,0.0003,0.0012,0.0,0.0,0.0,0.0102,0.0205
sokoban-sat08-strips-p02,0,False,43,118,236,457,0,630,9,2,0,0,1,0,0,0,0,25,25,25,0.0054,0.0018,0.0002,0.0015,0.0,0.0001,0.0,0.0084,0.0177
sokoban-sat08-strips-p03,0,False,31,60,96,201,0,264,3,0,0,0,0,0,0,0,0,2,2,2,0.0052,0.0006,0.0001,0.001,0.0,0.0,0.0,0.0057,0.013
sokoban-sat08-strips-p05,0,False,47,108,195,388,0,534,14,0,0,0,0,0,0,0,0,10,10,10,0.0054,0.0016,0.0002,0.0014,0.0,0.0,0.0,0.008,0.017
sokoban-sat08-strips-p08,0,False,88,151,228,510,0,648,26,0,0,0,0,0,0,0,0,16,16,16,0.0072,0.0025,0.0002,0.0025,0.0,0.0,0.0,0.009,0.0221
sokoban-sat08-strips-p11,0,False,386,1008,1892,3290,0,4922,6,0,0,0,0,0,0,0,0,2,2,2,0.0158,0.0256,0.0042,0.0047,0.0,0.0,0.0,0.0584,0.1094
sokoban-sat08-strips-p07,0,False,69,143,248,476,0,632,31,0,0,0,0,0,0,0,0,11,11,11,0.0081,0.0017,0.0002,0.0015,0.0,0.0,0.0,0.0105,0.0227
sokoban-sat08-strips-p09,0,False,93,182,307,636,0,839,20,0,0,0,0,0,0,0,0,29,29,29,0.0146,0.0039,0.0005,0.0016,0.0,0.0,0.0,0.0107,0.0318
sokoban-sat08-strips-p10,0,False,225,440,466,1142,0,1172,0,0,0,0,0,0,0,0,0,2,2,2,0.012,0.0067,0.0004,0.0018,0.0,0.0,0.0,0.0082,0.0299
sokoban-sat08-strips-p12,0,False,83,212,386,739,0,1010,3,15,0,0,16,0,0,0,0,30,31,30,0.0074,0.0042,0.0006,0.0018,0.0,0.0016,0.0,0.0161,0.0307
sokoban-sat08-strips-p16,0,False,121,256,488,901,0,1288,38,11,0,0,12,0,0,0,0,23,24,23,0.007,0.005,0.0009,0.0016,0.0,0.0014,0.0,0.0234,0.0385
sokoban-sat08-strips-p15,0,False,109,206,385,754,0,1039,20,13,0,0,14,0,0,0,0,25,26,25,0.0075,0.0048,0.0007,0.0019,0.0,0.0016,0.0,0.0174,0.0328
sokoban-sat08-strips-p13,0,False,83,220,485,827,0,1222,18,11,0,0,12,0,0,0,0,15,16,15,0.0114,0.0033,0.0005,0.0016,0.0,0.0009,0.0,0.0198,0.0372
sokoban-sat08-strips-p14,0,False,131,201,362,729,0,1023,19,0,0,0,0,0,0,0,0,14,14,14,0.0085,0.0041,0.0006,0.0018,0.0,0.0,0.0,0.0147,0.0302
sokoban-sat08-strips-p17,0,False,203,311,524,1066,0,1551,31,0,0,0,0,0,0,0,0,11,11,11,0.009,0.0077,0.0013,0.0021,0.0,0.0,0.0,0.0215,0.0421
sokoban-sat08-strips-p21,0,False,135,272,452,897,0,1205,52,0,0,0,0,0,0,0,0,29,29,29,0.0082,0.0054,0.0008,0.0017,0.0,0.0,0.0,0.0171,0.0338
sokoban-sat08-strips-p18,0,False,148,234,405,817,0,1131,49,0,0,0,0,0,0,0,0,18,18,18,0.0079,0.0049,0.0007,0.0018,0.0,0.0,0.0,0.0169,0.0326
sokoban-sat08-strips-p20,0,False,476,1352,2848,4701,0,7341,30,0,0,0,0,0,0,0,0,12,12,12,0.0205,0.0463,0.013,0.0078,0.0,0.0,0.0,0.0774,0.166
sokoban-sat08-strips-p19,0,False,455,1077,1899,3456,0,5086,43,0,0,0,0,0,0,0,0,15,15,15,0.0191,0.0415,0.0102,0.0055,0.0,0.0,0.0,0.0575,0.1346
sokoban-sat08-strips-p23,0,False,128,246,438,862,0,1155,27,6,0,0,7,0,0,0,0,30,32,30,0.0077,0.005,0.001,0.0016,0.0,0.001,0.0,0.0184,0.0341
sokoban-sat08-strips-p24,0,False,124,201,345,723,0,978,12,0,0,0,0,0,0,0,0,22,22,22,0.007,0.0048,0.0008,0.0016,0.0,0.0,0.0,0.0131,0.0279
sokoban-sat08-strips-p26,0,False,154,308,584,1109,0,1534,40,0,0,0,0,0,0,0,0,32,32,32,0.013,0.0078,0.0008,0.0023,0.0,0.0,0.0,0.0206,0.0452
sokoban-sat08-strips-p22,0,False,142,241,445,871,0,1218,46,20,0,0,21,0,0,0,0,21,22,21,0.0078,0.0054,0.0014,0.0016,0.0,0.0026,0.0,0.026,0.0428
sokoban-sat08-strips-p25,0,False,142,220,347,746,0,1041,22,0,0,0,0,0,0,0,0,15,15,15,0.0077,0.0051,0.0011,0.0017,0.0,0.0,0.0,0.0142,0.0304
sokoban-sat11-strips-p01,0,False,142,220,347,746,0,1041,22,0,0,0,0,0,0,0,0,15,15,15,0.009,0.0051,0.001,0.0014,0.0,0.0,0.0,0.0141,0.0313
sokoban-sat08-strips-p27,0,False,298,708,1306,2357,0,3407,24,0,0,0,0,0,0,0,0,8,8,8,0.0159,0.0193,0.0014,0.0036,0.0,0.0,0.0,0.0398,0.0807
sokoban-sat08-strips-p29,0,False,123,218,454,853,0,1193,15,12,0,0,13,0,0,0,0,22,24,22,0.0074,0.0054,0.0013,0.0016,0.0,0.0016,0.0,0.0206,0.0368
sokoban-sat08-strips-p30,0,False,72,243,495,925,0,1265,16,15,0,0,16,0,0,0,0,53,54,53,0.0077,0.0057,0.0008,0.0018,0.0,0.0029,0.0,0.0185,0.035
sokoban-sat08-strips-p28,0,False,137,370,772,1421,0,1997,26,0,0,0,0,0,0,0,0,76,76,76,0.0086,0.0124,0.0041,0.0026,0.0,0.0,0.0,0.019,0.0474
sokoban-sat11-strips-p04,0,False,121,256,488,901,0,1288,38,11,0,0,12,0,0,0,0,23,24,23,0.0081,0.005,0.0009,0.0016,0.0,0.0014,0.0,0.0234,0.0397
sokoban-sat11-strips-p06,0,False,83,212,386,739,0,1010,3,15,0,0,16,0,0,0,0,30,31,30,0.0126,0.0042,0.0006,0.0015,0.0,0.0016,0.0,0.0163,0.0358
sokoban-sat11-strips-p03,0,False,203,311,524,1066,0,1551,31,0,0,0,0,0,0,0,0,11,11,11,0.0087,0.0077,0.0013,0.0019,0.0,0.0,0.0,0.0212,0.0416
sokoban-sat11-strips-p02,0,False,88,151,228,510,0,648,26,0,0,0,0,0,0,0,0,16,16,16,0.0066,0.0025,0.0002,0.0014,0.0,0.0,0.0,0.0092,0.0204
sokoban-sat11-strips-p05,0,False,131,201,362,729,0,1023,19,0,0,0,0,0,0,0,0,14,14,14,0.0071,0.0042,0.0006,0.0018,0.0,0.0,0.0,0.0147,0.0289
sokoban-sat11-strips-p11,0,False,137,370,772,1421,0,1997,26,0,0,0,0,0,0,0,0,76,76,76,0.0092,0.0124,0.0032,0.0025,0.0,0.0,0.0,0.0189,0.0468
sokoban-sat11-strips-p08,0,False,142,241,445,871,0,1218,46,20,0,0,21,0,0,0,0,21,22,21,0.0079,0.0054,0.0011,0.0016,0.0,0.0026,0.0,0.026,0.0426
sokoban-sat11-strips-p09,0,False,225,440,466,1142,0,1172,0,0,0,0,0,0,0,0,0,2,2,2,0.0083,0.0067,0.0004,0.0019,0.0,0.0,0.0,0.0082,0.0263
sokoban-sat11-strips-p07,0,False,83,220,485,827,0,1222,18,11,0,0,12,0,0,0,0,15,16,15,0.0062,0.0033,0.0005,0.0015,0.0,0.001,0.0,0.0199,0.032
sokoban-sat11-strips-p10,0,False,128,246,438,862,0,1155,27,6,0,0,7,0,0,0,0,30,32,30,0.0086,0.005,0.001,0.0015,0.0,0.0009,0.0,0.0183,0.0349
sokoban-sat11-strips-p12,0,False,148,234,405,817,0,1131,49,0,0,0,0,0,0,0,0,18,18,18,0.0068,0.0049,0.0007,0.0015,0.0,0.0,0.0,0.017,0.0314
sokoban-sat11-strips-p14,0,False,124,201,345,723,0,978,12,0,0,0,0,0,0,0,0,22,22,22,0.0077,0.0048,0.0008,0.0014,0.0,0.0,0.0,0.0131,0.0283
sokoban-sat11-strips-p15,0,False,72,243,495,925,0,1265,16,15,0,0,16,0,0,0,0,53,54,53,0.0077,0.0057,0.0008,0.0016,0.0,0.003,0.0,0.0185,0.0349
sokoban-sat11-strips-p16,0,False,455,1077,1899,3456,0,5086,43,0,0,0,0,0,0,0,0,15,15,15,0.0192,0.0416,0.0101,0.0055,0.0,0.0,0.0,0.0587,0.1359
sokoban-sat11-strips-p13,0,False,298,708,1306,2357,0,3407,24,0,0,0,0,0,0,0,0,8,8,8,0.0133,0.0194,0.0014,0.0037,0.0,0.0,0.0,0.0401,0.0785
sokoban-sat11-strips-p17,0,False,154,308,584,1109,0,1534,40,0,0,0,0,0,0,0,0,32,32,32,0.0098,0.0078,0.0008,0.002,0.0,0.0,0.0,0.0207,0.0417
sokoban-sat11-strips-p18,0,False,123,218,454,853,0,1193,15,12,0,0,13,0,0,0,0,22,24,22,0.0087,0.0052,0.001,0.0019,0.0,0.0016,0.0,0.0206,0.0379
spider-opt18-strips-p01,0,False,171,1050,3075,4397,0,6160,19,0,0,0,0,0,0,0,0,10,10,10,0.0284,0.0526,0.0408,0.0058,0.0,0.0,0.0,0.074,0.2026
sokoban-sat11-strips-p20,0,False,476,1352,2848,4701,0,7341,30,0,0,0,0,0,0,0,0,12,12,12,0.0209,0.0464,0.013,0.0078,0.0,0.0,0.0,0.0782,0.1671
sokoban-sat11-strips-p19,0,False,109,206,385,754,0,1039,20,13,0,0,14,0,0,0,0,25,26,25,0.0077,0.0048,0.0007,0.0018,0.0,0.0015,0.0,0.0173,0.0329
spider-opt18-strips-p02,0,False,243,1437,3935,5746,0,8316,22,9,0,0,10,0,0,0,0,13,15,13,0.0423,0.091,0.0742,0.0082,0.0,0.0334,0.0,0.1664,0.3836
spider-opt18-strips-p06,0,False,967,8908,24677,34809,0,48037,42,76,0,0,75,0,0,0,0,26,28,26,0.6238,2.023,5.6718,0.0931,0.0,41.7229,0.0,44.4374,52.8579
spider-opt18-strips-p03,0,False,397,2916,8519,11991,0,16394,22,2,0,0,3,0,0,0,0,14,16,14,0.1091,0.3274,0.4225,0.0195,0.0,0.0082,0.0,0.3884,1.2698
spider-opt18-strips-p04,0,False,485,3543,10037,14258,0,19839,34,50,0,0,46,0,1,0,0,19,22,19,0.1482,0.5388,0.6201,0.0261,0.0,1.0744,0.0,1.2968,2.6324
spider-opt18-strips-p05,0,False,711,5570,15522,22030,0,31294,35,6,0,0,1280,0,1230,0,0,21,24,21,0.3178,0.9444,2.0598,0.0487,0.0,0.3935,0.0,8.6347,12.0127
spider-opt18-strips-p08,0,False,260,1545,4539,6463,0,9394,19,5,0,0,8,0,0,0,0,12,14,12,0.0431,0.0986,0.109,0.0089,0.0,0.0197,0.0,0.3575,0.6194
spider-opt18-strips-p07,0,False,189,1058,3213,4550,0,6666,13,0,0,0,0,0,0,0,0,9,9,9,0.0283,0.0465,0.0497,0.006,0.0,0.0,0.0,0.1231,0.2547
spider-opt18-strips-p12,0,False,1005,10481,30761,42477,0,56200,33,34,0,0,195,0,130,0,0,23,30,23,0.6274,2.2658,5.1337,0.1153,0.0,4.2416,0.0,10.23,18.3813
spider-opt18-strips-p09,0,False,424,2810,8130,11511,0,16897,18,163,0,0,164,0,0,0,0,16,17,16,0.1061,0.2871,0.5481,0.0193,0.0,4.4549,0.0,2.9365,3.8992
spider-opt18-strips-p11,0,False,727,6088,17367,24383,0,33229,28,19,0,0,33,0,0,0,0,19,22,19,0.3248,1.1405,2.2489,0.0534,0.0,0.7806,0.0,3.4202,7.1949
spider-opt18-strips-p10,0,False,508,3771,10468,14921,0,20803,29,50,0,0,1300,0,1181,0,0,17,19,17,0.1474,0.6121,0.7416,0.0272,0.0,2.3148,0.0,5.6824,7.2133
spider-opt18-strips-p15,0,False,258,1287,3658,5324,0,8353,21,7,0,0,15,0,0,0,0,13,14,13,0.0443,0.0878,0.0769,0.0083,0.0,0.0071,0.0,0.2641,0.4827
spider-opt18-strips-p17,0,False,516,3381,9702,13774,0,20422,21,0,0,0,0,0,0,0,0,19,19,19,0.1704,0.4029,0.6833,0.0254,0.0,0.0,0.0,0.2713,1.5559
spider-opt18-strips-p14,0,False,181,1080,3466,4817,0,6810,6,0,0,0,0,0,0,0,0,6,6,6,0.0306,0.0427,0.0752,0.0059,0.0,0.0,0.0,0.0792,0.2351
spider-opt18-strips-p16,0,False,417,3242,9684,13486,0,18578,12,373,0,0,374,0,0,0,0,11,12,11,0.1093,0.3027,0.5055,0.0219,0.0,17.7354,0.0,10.2503,11.1924
spider-opt18-strips-p13,0,False,1129,11191,32256,44832,0,60754,29,2538,0,0,2636,0,123,0,0,26,30,26,0.7885,3.3494,8.6557,0.1303,0.0,2191.5549,0.0,888.5698,901.5068
spider-opt18-strips-p19,0,False,1005,10267,30029,41527,0,55650,17,21,0,0,12,0,0,0,0,20,21,20,0.6284,2.3808,5.5884,0.1119,0.0,2.945,0.0,9.6878,18.4071
spider-opt18-strips-p18,0,False,736,6072,17127,24136,0,33851,24,4,0,0,2,0,0,0,0,21,21,21,0.3144,1.0376,2.5727,0.0523,0.0,0.109,0.0,1.7744,5.7564
spider-sat18-strips-p02,0,False,960,9531,27519,38267,0,50923,34,1084,0,0,5442,0,4385,0,0,24,26,24,0.8998,2.8651,6.1152,0.103,0.0,685.4483,0.0,282.7514,292.7423
spider-sat18-strips-p01,0,False,712,6267,17955,25155,0,34324,31,16,0,0,17,0,0,0,0,20,21,20,0.334,1.0894,2.139,0.0553,0.0,1.7138,0.0,3.0626,6.6861
spider-sat18-strips-p06,0,False,1942,23021,62847,88196,0,118159,70,30,0,0,1290,0,1248,0,0,37,44,37,2.967,13.4352,39.0021,0.3913,0.0,15.2374,0.0,84.7793,140.5984
spider-sat18-strips-p03,0,False,1099,9314,25643,36348,0,52170,57,75,0,0,76,0,0,0,0,30,36,30,0.7997,3.0078,7.6401,0.1074,0.0,26.2671,0.0,30.3242,41.8889
spider-opt18-strips-p20,0,False,1138,10503,29734,41634,0,58493,25,31,0,0,25,0,0,0,0,28,29,28,0.8171,3.0086,5.7483,0.122,0.0,3.9115,0.0,11.0836,20.7904
spider-sat18-strips-p09,0,False,996,10071,29664,40958,0,54356,30,1350,0,0,2042,0,702,0,0,22,26,22,0.6596,2.5523,6.1763,0.1125,0.0,852.2328,0.0,891.0533,900.5823
spider-sat18-strips-p08,0,False,737,6760,18740,26432,0,35580,27,54,0,0,62,0,0,0,0,19,20,19,0.3178,1.1989,2.5362,0.0579,0.0,12.2312,0.0,10.6058,14.724
spider-sat18-strips-p07,0,False,507,3608,10669,14958,0,20916,21,47,0,0,38,0,0,0,0,18,19,18,0.1513,0.4308,0.7159,0.0274,0.0,2.0729,0.0,4.2261,5.5546
spider-sat18-strips-p04,0,False,1412,15628,42473,59831,0,79719,52,793,0,0,1592,0,807,0,0,29,35,29,1.4566,6.4972,14.5348,0.2069,0.0,1005.6824,0.0,878.3039,901.0195
spider-sat18-strips-p05,0,False,1777,21977,59754,83856,0,111348,62,591,0,0,1751,0,1178,0,0,31,41,31,2.5052,11.444,30.9513,0.3476,0.0,662.6986,0.0,856.6645,901.9546
spider-sat18-strips-p10,0,False,1132,12257,34744,48385,0,64172,32,41,0,0,1628,0,1608,0,0,23,28,23,0.7873,3.1632,8.151,0.14,0.0,5.3348,0.0,49.7258,61.9783
spider-sat18-strips-p11,0,False,1453,15760,45636,63135,0,84339,37,93,0,0,157,0,1,0,0,31,36,31,1.4407,7.1848,14.0869,0.2275,0.0,11.4726,0.0,27.9422,50.8998
spider-sat18-strips-p13,0,False,1984,23506,67341,93168,0,123917,37,108,0,0,52,0,0,0,0,33,38,33,2.9525,14.2917,34.8609,0.4337,0.0,48.2106,0.0,83.2578,135.8225
spider-sat18-strips-p12,0,False,1818,24712,72329,99170,0,127190,35,51,0,0,923,0,904,0,0,31,40,31,2.5048,12.0339,51.9212,0.4157,0.0,29.7794,0.0,81.2429,148.1449
spider-sat18-strips-p14,0,False,513,3726,10928,15341,0,21645,20,108,0,0,97,0,0,0,0,18,20,18,0.1689,0.5048,0.6887,0.028,0.0,3.0823,0.0,4.1682,5.5632
spider-sat18-strips-p15,0,False,735,6317,17913,25165,0,34418,24,0,0,0,0,0,0,0,0,19,19,19,0.3403,1.164,1.865,0.055,0.0,0.0,0.0,0.4921,3.9212
spider-sat18-strips-p16,0,False,997,9965,29293,40486,0,54084,23,0,0,0,0,0,0,0,0,22,22,22,0.6393,2.517,5.656,0.111,0.0,0.0,0.0,0.8799,9.8117
spider-sat18-strips-p20,0,False,1995,24390,69418,96140,0,127819,23,14,0,0,10,0,0,0,0,33,34,33,2.9483,14.2223,43.0033,0.4424,0.0,1.6307,0.0,79.2846,139.9256
spider-sat18-strips-p17,0,False,1135,10942,31190,43527,0,60328,31,70,0,0,75,0,43,0,0,26,29,26,0.7931,3.0265,6.4639,0.1304,0.0,11.0272,0.0,16.5462,26.9696
spider-sat18-strips-p19,0,False,1819,22078,63634,87842,0,116410,26,0,0,0,0,0,0,0,0,28,28,28,2.4884,10.6788,35.333,0.3797,0.0,0.0,0.0,2.6513,51.553
spider-sat18-strips-p18,0,False,1454,16271,45101,63107,0,83648,25,43,0,0,265,0,0,0,0,26,29,26,1.4423,5.9689,16.7114,0.2152,0.0,21.0429,0.0,31.4103,55.765
storage-p02,0,True,8,12,20,44,0,57,6,0,0,0,0,0,0,0,0,3,3,3,0.0235,0.0001,0.0,0.0012,0.0,0.0,0.0,0.0036,0.0289
storage-p01,0,True,0,2,7,17,0,23,0,0,0,0,1,0,0,0,0,3,3,3,0.0053,0.0001,0.0,0.0009,0.0,0.0,0.0,0.0012,0.008
storage-p05,0,True,24,68,105,202,0,244,18,0,0,0,0,0,0,0,0,6,6,6,0.0051,0.0004,0.0,0.0012,0.0,0.0,0.0,0.0068,0.0141
storage-p03,0,True,16,27,42,89,0,114,6,0,0,0,0,0,0,0,0,3,3,3,0.0051,0.0002,0.0,0.001,0.0,0.0,0.0,0.0042,0.011
storage-p04,0,True,2,9,16,38,0,43,0,0,0,0,0,0,0,0,0,6,6,6,0.0047,0.0002,0.0,0.0011,0.0,0.0,0.0,0.0022,0.0086
storage-p06,0,True,31,101,153,290,0,352,18,0,0,0,0,0,0,0,0,6,6,6,0.0067,0.0006,0.0001,0.0012,0.0,0.0,0.0,0.0084,0.0174
storage-p07,0,True,4,16,26,60,0,67,9,0,0,0,0,0,0,0,0,10,10,10,0.007,0.0003,0.0,0.0013,0.0,0.0,0.0,0.0034,0.0125
storage-p11,0,True,69,344,501,923,0,1084,27,0,0,0,0,0,0,0,0,9,9,9,0.0088,0.0022,0.0003,0.0014,0.0,0.0,0.0,0.0206,0.0339
storage-p08,0,True,44,162,238,451,0,532,24,0,0,0,0,0,0,0,0,8,8,8,0.0056,0.001,0.0001,0.0011,0.0,0.0,0.0,0.0111,0.0195
storage-p09,0,True,53,253,372,685,0,820,21,0,0,0,0,0,0,0,0,7,7,7,0.0069,0.0016,0.0001,0.0013,0.0,0.0,0.0,0.0156,0.0261
storage-p10,0,True,6,24,37,84,0,90,9,0,0,0,0,0,0,0,0,12,12,12,0.0054,0.0005,0.0001,0.0011,0.0,0.0,0.0,0.0035,0.0111
storage-p14,0,True,102,262,355,731,0,959,39,0,0,0,0,0,0,0,0,13,13,13,0.0078,0.0031,0.0004,0.0014,0.0,0.0,0.0,0.0165,0.0298
storage-p12,0,True,82,478,699,1268,0,1499,27,0,0,0,0,0,0,0,0,9,9,9,0.0095,0.0034,0.0003,0.0018,0.0,0.0,0.0,0.0276,0.0432
storage-p15,0,True,117,383,509,1021,0,1378,33,0,0,0,0,0,0,0,0,11,11,11,0.0083,0.0049,0.0004,0.0019,0.0,0.0,0.0,0.023,0.0392
storage-p13,0,True,8,21,38,88,0,99,0,0,0,0,0,0,0,0,0,12,12,12,0.0064,0.0007,0.0,0.0011,0.0,0.0,0.0,0.0024,0.0111
storage-p17,0,True,205,979,1280,2480,0,3135,45,0,0,0,0,0,0,0,0,15,15,15,0.016,0.0163,0.0012,0.0031,0.0,0.0,0.0,0.0507,0.088
storage-p16,0,True,158,714,937,1823,0,2287,39,0,0,0,0,0,0,0,0,13,13,13,0.0132,0.0103,0.0009,0.0024,0.0,0.0,0.0,0.0388,0.0664
storage-p24,0,True,745,3764,4551,9092,0,12237,87,0,0,0,0,0,0,0,0,29,29,29,0.1184,0.2486,0.0145,0.0155,0.0,0.0,0.0,0.1777,0.5762
storage-p22,0,True,567,3753,4648,8995,0,11261,75,0,0,0,0,0,0,0,0,25,25,25,0.0881,0.1661,0.0098,0.0124,0.0,0.0,0.0,0.1628,0.4403
storage-p23,0,True,654,3741,4550,8975,0,11686,84,0,0,0,0,0,0,0,0,28,28,28,0.0861,0.2177,0.0126,0.0133,0.0,0.0,0.0,0.1723,0.5033
storage-p25,0,True,844,4785,5762,11425,0,14962,99,0,0,0,0,0,0,0,0,33,33,33,0.1224,0.3472,0.0234,0.0195,0.0,0.0,0.0,0.2197,0.734
storage-p26,0,True,995,7701,9166,17898,0,22654,100,0,0,0,0,0,0,0,0,34,34,34,0.1984,0.5994,0.0309,0.0331,0.0,0.0,0.0,0.3465,1.2107
storage-p18,0,True,259,1388,1813,3478,0,4290,54,0,0,0,0,0,0,0,0,18,18,18,0.0289,0.0274,0.0025,0.0041,0.0,0.0,0.0,0.0699,0.1337
storage-p20,0,True,381,1846,2302,4552,0,5779,64,0,0,0,0,0,0,0,0,22,22,22,0.0399,0.0574,0.0037,0.0056,0.0,0.0,0.0,0.0877,0.1952
storage-p19,0,True,317,1385,1742,3465,0,4447,57,0,0,0,0,0,0,0,0,19,19,19,0.0379,0.0373,0.0022,0.0042,0.0,0.0,0.0,0.0677,0.1501
storage-p21,0,True,488,2668,3311,6492,0,8476,72,0,0,0,0,0,0,0,0,24,24,24,0.0612,0.1092,0.007,0.0087,0.0,0.0,0.0,0.1212,0.3084
termes-opt18-strips-p05,0,True,61,163,163,393,0,597,29,0,0,0,2,0,0,0,0,12,15,12,0.0091,0.0021,0.0003,0.0016,0.0,0.0001,0.0,0.0489,0.0625
termes-opt18-strips-p02,0,True,35,106,107,259,0,363,22,0,0,0,0,0,0,0,0,11,11,11,0.0079,0.0011,0.0001,0.001,0.0,0.0,0.0,0.0066,0.0173
storage-p27,0,True,1110,8072,9632,18853,0,24403,108,0,0,0,0,0,0,0,0,36,36,36,0.2237,0.7732,0.0406,0.0381,0.0,0.0,0.0,0.3755,1.4538
storage-p30,0,True,1484,11401,13360,26290,0,33677,123,0,0,0,0,0,0,0,0,41,41,41,0.4138,1.5459,0.0621,0.0641,0.0,0.0,0.0,0.5451,2.635
storage-p28,0,True,1229,8437,10016,19723,0,25953,114,0,0,0,0,0,0,0,0,38,38,38,0.2531,0.8729,0.0479,0.043,0.0,0.0,0.0,0.4123,1.632
termes-opt18-strips-p01,0,True,41,107,107,259,0,363,21,0,0,0,0,0,0,0,0,9,9,9,0.0066,0.0011,0.0001,0.0013,0.0,0.0,0.0,0.0106,0.0203
storage-p29,0,True,1354,10309,12141,23847,0,30674,120,0,0,0,0,0,0,0,0,40,40,40,0.3251,1.2347,0.0579,0.0571,0.0,0.0,0.0,0.4948,2.1731
termes-opt18-strips-p03,0,True,51,135,135,326,0,480,23,0,0,0,0,0,0,0,0,10,10,10,0.0073,0.0015,0.0002,0.0011,0.0,0.0,0.0,0.0097,0.0204
termes-opt18-strips-p04,0,True,48,135,135,326,0,480,39,0,0,0,0,0,0,0,0,16,16,16,0.0101,0.0016,0.0002,0.0011,0.0,0.0,0.0,0.0087,0.0223
termes-opt18-strips-p10,0,True,76,219,219,527,0,831,52,0,0,0,1,0,0,0,0,18,24,18,0.0104,0.0034,0.0008,0.0018,0.0,0.0,0.0,0.0128,0.0297
termes-opt18-strips-p06,0,True,56,163,163,393,0,597,49,0,0,0,1,0,0,0,0,18,20,18,0.0096,0.0022,0.0003,0.0015,0.0,0.0,0.0,0.0107,0.0249
termes-opt18-strips-p08,0,True,63,190,191,460,0,714,32,0,0,0,1,0,0,0,0,18,20,18,0.01,0.0027,0.0004,0.0015,0.0,0.0,0.0,0.0112,0.0264
termes-opt18-strips-p07,0,True,65,190,191,460,0,714,22,0,0,0,1,0,0,0,0,14,18,14,0.0092,0.0026,0.0004,0.0016,0.0,0.0,0.0,0.0103,0.0246
termes-opt18-strips-p11,0,True,35,107,107,259,0,363,36,0,0,0,2,0,0,0,0,16,17,16,0.0076,0.0012,0.0002,0.0014,0.0,0.0001,0.0,0.0208,0.0316
termes-opt18-strips-p09,0,True,81,219,219,527,0,831,42,0,0,0,0,0,0,0,0,16,16,16,0.0088,0.0034,0.0005,0.0015,0.0,0.0,0.0,0.0137,0.0284
termes-opt18-strips-p12,0,True,34,107,107,259,0,363,30,0,0,0,1,0,0,0,0,14,15,14,0.007,0.0012,0.0001,0.0012,0.0,0.0,0.0,0.0071,0.0171
termes-opt18-strips-p13,0,True,42,135,135,326,0,480,44,0,0,0,0,0,0,0,0,21,21,21,0.0067,0.0017,0.0003,0.0011,0.0,0.0,0.0,0.0096,0.0199
termes-opt18-strips-p14,0,True,41,135,135,326,0,480,45,0,0,0,1,0,0,0,0,18,24,18,0.008,0.0016,0.0003,0.0023,0.0,0.0,0.0,0.0086,0.0214
termes-sat18-strips-p01,0,True,69,205,205,486,0,710,36,0,0,0,1,0,0,0,0,14,16,14,0.0101,0.0027,0.0003,0.0013,0.0,0.0,0.0,0.0122,0.0272
termes-opt18-strips-p17,0,True,29,117,117,279,0,389,57,14,0,0,7,0,0,0,0,25,26,25,0.008,0.0013,0.0002,0.0011,0.0,0.0003,0.0,0.0249,0.0361
termes-opt18-strips-p18,0,True,30,107,107,259,0,363,53,9,0,0,5,0,0,0,0,21,22,21,0.0093,0.0012,0.0002,0.001,0.0,0.0002,0.0,0.0748,0.087
termes-opt18-strips-p16,0,True,50,163,163,393,0,597,64,0,0,0,1,0,0,0,0,26,31,26,0.0108,0.0022,0.0004,0.0015,0.0,0.0,0.0,0.0112,0.0266
termes-sat18-strips-p04,0,True,63,217,217,510,0,742,56,0,0,0,0,0,0,0,0,23,23,23,0.0106,0.0031,0.0005,0.0012,0.0,0.0,0.0,0.014,0.03
termes-opt18-strips-p15,0,True,53,163,163,393,0,597,53,6,0,0,6,0,0,0,0,23,25,23,0.0074,0.0022,0.0004,0.0012,0.0,0.0003,0.0,0.0239,0.0357
termes-opt18-strips-p20,0,True,37,135,135,326,0,480,55,0,0,0,1,0,0,0,0,24,26,24,0.0073,0.0017,0.0003,0.0011,0.0,0.0,0.0,0.0091,0.0199
termes-sat18-strips-p02,0,True,63,205,205,486,0,710,58,2,0,0,2,0,0,0,0,22,25,22,0.0095,0.0029,0.0005,0.0014,0.0,0.0001,0.0,0.015,0.0298
termes-sat18-strips-p03,0,True,79,247,247,585,0,881,40,0,0,0,1,0,0,0,0,19,20,19,0.0092,0.0037,0.0006,0.0014,0.0,0.0,0.0,0.0143,0.0296
termes-opt18-strips-p19,0,True,41,147,147,350,0,512,45,3,0,0,2,0,0,0,0,19,22,19,0.0061,0.0018,0.0003,0.0014,0.0,0.0001,0.0,0.0104,0.0205
termes-sat18-strips-p08,0,True,113,331,331,783,0,1223,54,0,0,0,1,0,0,0,0,19,25,19,0.0134,0.0061,0.0014,0.0019,0.0,0.0,0.0,0.0182,0.0418
termes-sat18-strips-p07,0,True,90,289,289,684,0,1052,63,4,0,0,5,0,0,0,0,28,31,28,0.0098,0.0051,0.0009,0.0036,0.0,0.0004,0.0,0.0651,0.0851
termes-sat18-strips-p10,0,True,141,415,415,981,0,1565,49,0,0,0,1,0,0,0,0,20,27,20,0.0144,0.0087,0.0015,0.0018,0.0,0.0001,0.0,0.0286,0.0559
termes-sat18-strips-p12,0,True,59,289,289,675,0,936,124,61,0,0,15,0,0,0,0,51,54,51,0.012,0.0049,0.0011,0.0016,0.0,0.0021,0.0,0.1122,0.1326
termes-sat18-strips-p13,0,True,68,363,363,847,0,1230,155,112,0,0,29,0,0,0,0,66,75,66,0.0128,0.0073,0.002,0.0021,0.0,0.0056,0.0,0.2529,0.2779
termes-sat18-strips-p11,0,True,50,215,215,503,0,642,82,67,0,0,23,0,0,0,0,34,37,34,0.0081,0.0028,0.0006,0.0014,0.0,0.002,0.0,0.1699,0.1836
termes-sat18-strips-p09,0,True,119,372,373,882,0,1394,30,0,0,0,1,0,0,0,0,18,24,18,0.0136,0.0074,0.0012,0.0024,0.0,0.0,0.0,0.0181,0.0434
termes-sat18-strips-p05,0,True,76,247,247,585,0,881,61,0,0,0,2,0,0,0,0,24,28,24,0.0099,0.0038,0.0006,0.0016,0.0,0.0001,0.0,0.0225,0.0391
termes-sat18-strips-p14,0,True,77,437,437,1019,0,1524,194,76,0,0,21,0,0,0,0,81,96,81,0.0419,0.0113,0.0036,0.0019,0.0,0.005,0.0,0.2095,0.2689
termes-sat18-strips-p06,0,True,94,289,289,684,0,1052,60,9,0,0,5,0,0,0,0,25,28,25,0.0101,0.0049,0.0008,0.0017,0.0,0.0005,0.0,0.0629,0.0811
termes-sat18-strips-p16,0,True,40,219,219,515,0,715,113,3,0,0,1,0,0,0,0,44,44,44,0.0089,0.0035,0.0008,0.0032,0.0,0.0001,0.0,0.0162,0.0332
tetris-opt14-strips-p01-6,0,False,401,3372,3570,7356,0,7756,19,0,0,0,0,0,0,0,0,17,17,17,0.0483,0.072,0.0036,0.0078,0.0,0.0,0.0,0.0894,0.2225
termes-sat18-strips-p19,0,True,84,511,511,1191,0,1818,222,6,0,0,4,0,0,0,0,92,93,92,0.0179,0.0152,0.0035,0.0026,0.0,0.0007,0.0,0.0943,0.1344
termes-sat18-strips-p18,0,True,76,437,437,1019,0,1524,185,6,0,0,4,0,0,0,0,76,77,76,0.0165,0.0104,0.002,0.0034,0.0,0.0006,0.0,0.1329,0.1659
tetris-opt14-strips-p01-10,0,False,715,6434,6882,14044,0,14600,18,0,0,0,0,0,0,0,0,16,16,16,0.1264,0.2232,0.0089,0.0207,0.0,0.0,0.0,0.1787,0.5597
termes-sat18-strips-p17,0,True,43,275,275,646,0,940,152,3,0,0,1,0,0,0,0,60,60,60,0.0132,0.0054,0.0013,0.0027,0.0,0.0001,0.0,0.0192,0.0424
termes-sat18-strips-p20,0,True,165,873,873,2019,0,3114,314,0,0,0,1,0,0,0,0,118,120,118,0.0279,0.0394,0.0099,0.0031,0.0,0.0001,0.0,0.1491,0.2302
termes-sat18-strips-p15,0,True,86,511,511,1191,0,1818,231,98,0,0,25,0,0,0,0,96,118,96,0.0253,0.0156,0.0051,0.0027,0.0,0.0073,0.0,0.2959,0.3455
tetris-opt14-strips-p01-8,0,False,805,8765,9584,19166,0,19895,17,0,0,0,0,0,0,0,0,17,17,17,0.395,0.3138,0.0118,0.0309,0.0,0.0,0.0,0.4357,1.1895
tetris-opt14-strips-p02-10,0,False,713,6367,6949,14044,0,14618,18,0,0,0,0,0,0,0,0,19,19,19,0.118,0.2238,0.0101,0.0204,0.0,0.0,0.0,0.2906,0.6648
tetris-opt14-strips-p04-8,0,False,1156,12978,13959,28111,0,29623,30,0,0,0,0,0,0,0,0,25,25,25,0.3115,0.7838,0.0335,0.0555,0.0,0.0,0.0,0.7249,1.9127
tetris-opt14-strips-p02-4,0,False,200,1753,2086,4045,0,4273,9,0,0,0,0,0,0,0,0,8,8,8,0.0264,0.0178,0.0009,0.0039,0.0,0.0,0.0,0.0547,0.1046
tetris-opt14-strips-p03-8,0,False,1407,16887,18110,36419,0,38405,18,0,0,0,0,0,0,0,0,20,20,20,0.4521,1.1071,0.0318,0.0834,0.0,0.0,0.0,0.5018,2.1805
tetris-opt14-strips-p05-10,0,False,1806,22189,23606,47617,0,49592,17,0,0,0,0,0,0,0,0,23,23,23,0.7178,1.7662,0.0524,0.13,0.0,0.0,0.0,0.7158,3.387
tetris-opt14-strips-p04-6,0,False,402,3349,3761,7524,0,7964,17,0,0,0,0,0,0,0,0,14,14,14,0.0475,0.0676,0.004,0.0082,0.0,0.0,0.0,0.0934,0.2221
tetris-opt14-strips-p03-6,0,False,327,3112,3507,6956,0,7308,10,0,0,0,0,0,0,0,0,11,11,11,0.0436,0.0521,0.0032,0.0072,0.0,0.0,0.0,0.0871,0.1944
tetris-opt14-strips-p03-4,0,False,152,1560,1857,3576,0,3814,3,0,0,0,0,0,0,0,0,7,7,7,0.0221,0.0161,0.0012,0.0037,0.0,0.0,0.0,0.0508,0.0947
tetris-opt14-strips-p04-10,0,False,1880,18314,19473,39688,0,41819,37,0,0,0,0,0,0,0,0,28,28,28,0.5598,1.6053,0.0519,0.1163,0.0,0.0,0.0,0.5267,2.8638
tetris-opt14-strips-p03-10,0,False,1936,22500,23999,48455,0,50847,24,0,0,0,0,0,0,0,0,27,27,27,0.7624,2.0163,0.0576,0.1391,0.0,0.0,0.0,1.0861,4.0694
tetris-opt14-strips-p02-8,0,False,805,8786,9394,18999,0,19858,21,0,0,0,0,0,0,0,0,19,19,19,0.1648,0.3219,0.013,0.0286,0.0,0.0,0.0,0.2369,0.7674
tetris-opt14-strips-p02-6,0,False,579,6041,6760,13391,0,14139,14,0,0,0,0,0,0,0,0,15,15,15,0.0933,0.1676,0.0078,0.0171,0.0,0.0,0.0,0.1759,0.4635
tetris-opt14-strips-p05-6,0,False,326,3165,3568,7068,0,7359,12,0,0,0,0,0,0,0,0,12,12,12,0.0399,0.0542,0.0029,0.007,0.0,0.0,0.0,0.1626,0.2678
tetris-sat14-strips-p026,0,False,3308,40991,43497,87822,0,92715,34,0,0,0,0,0,0,0,0,37,37,37,2.2492,7.3389,0.2151,0.3836,0.0,0.0,0.0,2.2362,12.4322
tetris-sat14-strips-p023,0,False,1579,15306,16107,33013,0,34429,28,0,0,0,0,0,0,0,0,28,28,28,0.4463,1.1061,0.0353,0.0795,0.0,0.0,0.0,0.8131,2.4843
tetris-sat14-strips-p021,0,False,2289,22653,23902,48869,0,51151,41,0,0,0,0,0,0,0,0,35,35,35,0.8171,2.7087,0.0816,0.1621,0.0,0.0,0.0,1.2244,4.9993
tetris-sat14-strips-p027,0,False,2917,34796,36717,74455,0,78591,32,0,0,0,0,0,0,0,0,33,33,33,1.7113,4.9645,0.1568,0.3055,0.0,0.0,0.0,1.7462,8.8947
tetris-sat14-strips-p024,0,False,1812,21049,22142,45024,0,46965,28,0,0,0,0,0,0,0,0,28,28,28,0.7335,1.763,0.0522,0.1229,0.0,0.0,0.0,1.1588,3.835
tetris-sat14-strips-p020,0,False,844,6801,7353,15012,0,15539,21,0,0,0,0,0,0,0,0,19,19,19,0.1178,0.2485,0.0079,0.0237,0.0,0.0,0.0,0.3293,0.7291
tetris-sat14-strips-p025,0,False,1028,8439,8785,18269,0,18918,24,0,0,0,0,0,0,0,0,22,22,22,0.1848,0.3796,0.0167,0.0328,0.0,0.0,0.0,0.2164,0.8328
tetris-sat14-strips-p028,0,False,2524,28402,29967,60917,0,64015,36,0,0,0,0,0,0,0,0,33,33,33,1.209,3.5614,0.1039,0.2198,0.0,0.0,0.0,0.8219,5.9228
tetris-sat14-strips-p022,0,False,1420,14823,15656,31917,0,33026,21,0,0,0,0,0,0,0,0,24,24,24,0.4076,0.9271,0.0288,0.0733,0.0,0.0,0.0,0.8508,2.2915
tetris-opt14-strips-p05-8,0,False,1407,16857,18347,36628,0,38971,21,0,0,0,0,0,0,0,0,22,22,22,0.4674,1.1471,0.0491,0.0844,0.0,0.0,0.0,0.8073,2.5596
tetris-sat14-strips-p031,0,False,4095,49568,51748,105440,0,110732,42,0,0,0,0,0,0,0,0,41,41,41,3.2428,11.4396,0.3526,0.5751,0.0,0.0,0.0,2.2952,17.9174
tetris-sat14-strips-p029,0,False,1188,8970,9420,19599,0,20506,27,0,0,0,0,0,0,0,0,25,25,25,0.2221,0.5201,0.0197,0.0402,0.0,0.0,0.0,0.2398,1.0444
tetris-sat14-strips-p034,0,False,3817,42660,44863,91368,0,95450,32,0,0,0,0,0,0,0,0,39,39,39,2.4416,9.0049,0.2522,0.4561,0.0,0.0,0.0,3.2132,15.3782
tetris-sat14-strips-p032,0,False,1678,17509,18649,37853,0,39143,22,0,0,0,0,0,0,0,0,22,22,22,0.5629,1.3638,0.0491,0.095,0.0,0.0,0.0,0.7976,2.8724
tetris-sat14-strips-p035,0,False,3906,48998,51020,103950,0,108099,32,0,0,0,0,0,0,0,0,38,38,38,3.027,10.3254,0.2197,0.5194,0.0,0.0,0.0,4.1707,18.2756
tetris-sat14-strips-p033,0,False,3819,42667,44871,91385,0,95996,38,0,0,0,0,0,0,0,0,38,38,38,2.4932,8.7575,0.3428,0.4594,0.0,0.0,0.0,2.2399,14.3042
tetris-sat14-strips-p040,0,False,3167,34620,36272,74088,0,77896,42,0,0,0,0,0,0,0,0,39,39,39,1.8194,5.8392,0.1785,0.3186,0.0,0.0,0.0,1.7663,9.9289
tetris-sat14-strips-p036,0,False,3256,40807,42419,86503,0,89442,25,0,0,0,0,0,0,0,0,29,29,29,2.1567,6.3333,0.1238,0.3903,0.0,0.0,0.0,1.3756,10.3877
thoughtful-mco14-strips-p11_6_89-typed,2,True,413,6473,27592,34649,0,45090,133,169,0,0,27,0,133,0,0,73.0,86,85,0.0797,0.5931,0.2306,0.0577,0.0,2.9166,0.0,899.0624,900.0277
tetris-sat14-strips-p038,0,False,2980,33929,35472,72405,0,75435,38,0,0,0,0,0,0,0,0,33,33,33,1.6604,5.3108,0.1472,0.2971,0.0,0.0,0.0,1.5734,8.9958
thoughtful-mco14-strips-p11_6_78-typed,2,True,420,6750,29366,36704,0,47786,114,76,0,0,9,0,102,0,0,59.89,79,79,0.0809,0.5727,0.2201,0.0613,0.0,0.3544,0.0,899.0918,900.0314
thoughtful-mco14-strips-p11_6_75-typed,2,True,422,6567,28309,35470,0,47101,113,296,0,0,43,0,748,0,0,62.306,81,81,0.4919,0.5435,0.1955,0.0598,0.0,2.6088,0.0,898.7613,900.0567
tetris-sat14-strips-p039,0,False,4095,49442,51588,105154,0,110435,43,0,0,0,0,0,0,0,0,41,41,41,3.2433,11.9323,0.3177,0.5648,0.0,0.0,0.0,2.9561,19.0276
tetris-sat14-strips-p037,0,False,1773,11994,12255,26048,0,27154,47,0,0,0,0,0,0,0,0,34,34,34,0.3538,0.964,0.0385,0.0723,0.0,0.0,0.0,0.3044,1.7359
thoughtful-mco14-strips-p11_6_88-typed,2,True,424,6706,29851,37148,0,47728,103,65,0,0,7,0,251,0,0,61.383,83,83,0.077,0.5597,0.2629,0.0616,0.0,0.4425,0.0,899.0726,900.0379
thoughtful-mco14-strips-p11_6_74-typed,2,True,427,6872,30165,37634,0,48015,109,134,0,0,22,0,217,0,0,67.0,79,79,0.075,0.4647,0.2821,0.063,0.0,1.3892,0.0,899.1496,900.0384
thoughtful-mco14-strips-p11_6_65-typed,2,True,417,6375,27829,34793,0,45385,116,257,0,0,36,0,731,0,0,61.965,78,78,0.0757,0.4839,0.2048,0.0581,0.0,1.4266,0.0,899.203,900.0298
thoughtful-mco14-strips-p13_7_56-typed,2,True,473,7927,35008,43613,0,56039,125,121,0,0,15,0,319,0,0,73.049,91,91,0.0899,0.6816,0.3679,0.0814,0.0,0.8745,0.0,898.8083,900.0344
thoughtful-mco14-strips-p13_7_58-typed,2,True,465,7278,31874,39822,0,52129,122,256,0,0,28,0,589,0,0,74.208,97,97,0.0832,0.5808,0.3473,0.0692,0.0,2.3599,0.0,898.9516,900.0367
thoughtful-mco14-strips-p11_6_99-typed,2,True,414,6104,25753,32442,0,42536,116,132,0,0,16,0,111,0,0,63.5,82,82,0.0845,0.7205,0.213,0.054,0.0,0.4726,0.0,898.9469,900.0225
thoughtful-mco14-strips-p13_7_55-typed,2,True,462,7193,31453,39314,0,51254,137,121,0,0,17,0,192,0,0,70.79,97,97,0.0879,0.6547,0.354,0.0714,0.0,1.0539,0.0,898.8655,900.0391
thoughtful-mco14-strips-p11_6_98-typed,2,True,411,6196,25687,32468,0,42369,109,247,0,0,39,0,326,0,0,66.0,82,81,0.0771,0.5,0.2299,0.0539,0.0,3.7419,0.0,899.1573,900.0218
thoughtful-mco14-strips-p13_7_61-typed,2,True,470,7800,34287,42761,0,54902,129,106,0,0,12,0,146,0,0,76.302,100,100,0.1145,0.8415,0.3804,0.0783,0.0,1.7329,0.0,898.6371,900.0572
thoughtful-mco14-strips-p13_7_62-typed,2,True,470,7615,33123,41414,0,53303,141,75,0,0,10,0,159,0,0,75.103,98,98,0.1106,0.7267,0.3826,0.0754,0.0,1.1775,0.0,898.7385,900.0386
thoughtful-mco14-strips-p13_7_68-typed,2,True,459,7288,30916,38870,0,50920,134,129,0,0,14,0,329,0,0,74.847,102,101,0.1196,1.0781,0.3482,0.0706,0.0,1.1443,0.0,898.4223,900.0437
thoughtful-mco14-strips-p13_7_64-typed,2,True,465,7651,33431,41754,0,53860,140,44,0,0,5,0,95,0,0,78.138,102,102,0.1156,0.8913,0.2835,0.076,0.0,0.5456,0.0,898.6806,900.0524
thoughtful-mco14-strips-p13_7_74-typed,2,True,463,7645,31852,40171,0,52467,117,111,0,0,15,0,270,0,0,79.124,98,98,0.1139,0.7741,0.3494,0.0727,0.0,1.3187,0.0,898.7384,900.0536
thoughtful-mco14-strips-p13_7_86-typed,2,True,458,7244,31435,39344,0,51192,132,42,0,0,5,0,60,0,0,72.0,103,103,0.1142,0.8516,0.4065,0.0711,0.0,0.2046,0.0,898.5906,900.0387
thoughtful-mco14-strips-p13_7_72-typed,2,True,464,7299,31347,39316,0,51459,126,225,0,0,34,0,370,0,0,76.539,98,97,0.115,0.7243,0.3413,0.0715,0.0,3.3298,0.0,898.7993,900.0565
tidybot-opt11-strips-p01,0,True,0,0,4,12,0,8,0,0,0,0,1,0,0,0,0,4,4,4,0.0473,0.0056,0.0,0.0011,0.0,0.0,0.0,0.001,0.0559
thoughtful-mco14-strips-p13_7_69-typed,2,True,458,7040,30074,37780,0,49116,142,35,0,0,4,0,70,0,0,77.0,100,100,0.116,0.8974,0.3006,0.0683,0.0,0.3152,0.0,898.7096,900.0966
thoughtful-mco14-strips-p13_7_79-typed,2,True,462,7587,32954,41207,0,53367,129,89,0,0,12,0,66,0,0,72.233,98,98,0.1114,0.8048,0.3056,0.0733,0.0,0.615,0.0,898.7321,900.0319
thoughtful-sat14-strips-bootstrap-typed-01,0,True,108,618,2603,3405,0,4959,45,281,0,0,89,0,859,0,0,26,31,26,0.0122,0.0157,0.0034,0.0041,0.0,0.0484,0.0,7.1487,7.1849
thoughtful-sat14-strips-p11_6_53-typed,2,True,418,6486,28334,35406,0,45824,111,44,0,0,5,0,49,0,0,65.506,85,85,0.1002,0.6174,0.1945,0.059,0.0,0.3183,0.0,899.0816,900.0568
thoughtful-sat14-strips-bootstrap-typed-03,0,True,109,599,2518,3303,0,4808,44,37,0,0,15,0,0,0,0,25,32,25,0.0295,0.0129,0.0032,0.0042,0.0,0.0063,0.0,0.5406,0.5912
thoughtful-sat14-strips-bootstrap-typed-05,0,True,103,543,2309,3031,0,4466,49,431,0,0,113,0,5670,0,0,29,34,29,0.028,0.013,0.0036,0.0039,0.0,0.0628,0.0,52.3088,52.3584
thoughtful-sat14-strips-p11_6_59-typed,2,True,416,6436,27891,34911,0,45762,108,234,0,0,27,0,509,0,0,62.289,82,82,0.0937,0.5643,0.2488,0.0583,0.0,1.0324,0.0,899.0619,900.031
thoughtful-sat14-strips-bootstrap-typed-04,0,True,107,636,2639,3459,0,4938,46,74,0,0,21,0,0,0,0,26,32,26,0.0298,0.0141,0.004,0.0041,0.0,0.0106,0.0,2.3808,2.4336
thoughtful-sat14-strips-bootstrap-typed-02,0,True,108,624,2624,3433,0,4979,40,23,0,0,8,0,0,0,0,24,29,24,0.0108,0.0126,0.0034,0.0041,0.0,0.0041,0.0,0.4451,0.4767
thoughtful-sat14-strips-p13_7_79-typed,2,True,462,7587,32954,41207,0,53367,129,89,0,0,12,0,66,0,0,72.233,98,98,0.0946,0.8066,0.3067,0.0741,0.0,0.6116,0.0,898.7444,900.0318
thoughtful-sat14-strips-p13_7_78-typed,2,True,463,7558,32229,40458,0,53264,118,179,0,0,22,0,403,0,0,76.745,99,98,0.0991,1.0791,0.3036,0.0735,0.0,2.2584,0.0,898.4682,900.0327
thoughtful-sat14-strips-p11_6_62-typed,2,True,419,6573,28376,35537,0,46460,103,246,0,0,39,0,493,0,0,61.554,84,84,0.0816,0.5482,0.2177,0.0588,0.0,1.5642,0.0,899.134,900.0443
thoughtful-sat14-strips-p13_7_86-typed,2,True,458,7244,31435,39344,0,51192,132,42,0,0,5,0,60,0,0,72.0,103,103,0.095,0.8465,0.4135,0.0712,0.0,0.2039,0.0,898.6077,900.039
thoughtful-sat14-strips-target-typed-20,2,True,461,7259,31237,39165,0,51476,112,68,0,0,10,0,117,0,0,72.685,97,97,0.1151,0.6965,0.331,0.0723,0.0,0.977,0.0,898.8545,900.0741
thoughtful-sat14-strips-target-typed-23,2,True,461,7321,31750,39740,0,51300,127,229,0,0,39,0,255,0,0,83.0,100,99,0.1138,0.7782,0.3137,0.0713,0.0,4.4164,0.0,898.7476,900.0295
thoughtful-sat14-strips-target-typed-22,2,True,456,7510,31990,40166,0,51963,139,286,0,0,34,0,529,0,0,77.573,101,101,0.1093,0.8644,0.353,0.0719,0.0,3.9686,0.0,898.6349,900.0385
thoughtful-sat14-strips-target-typed-21,2,True,466,7402,31960,40032,0,52035,160,30,0,0,4,0,46,0,0,80.172,100,100,0.1157,0.9063,0.3301,0.0728,0.0,0.4171,0.0,898.6262,900.0567
thoughtful-sat14-strips-target-typed-24,2,True,462,7470,33369,41507,0,52531,138,185,0,0,23,0,321,0,0,74.854,102,102,0.1064,0.7338,0.3041,0.0749,0.0,2.94,0.0,898.8245,900.0488
thoughtful-sat14-strips-target-typed-28,2,True,454,7051,29311,37028,0,48370,135,56,0,0,6,0,126,0,0,75.09,98,98,0.1072,0.6893,0.3664,0.0669,0.0,0.8144,0.0,898.8091,900.043
thoughtful-sat14-strips-target-typed-25,2,True,461,7053,30207,37929,0,50169,114,404,0,0,51,0,746,0,0,68.37,97,97,0.1192,0.6758,0.2854,0.0705,0.0,4.9035,0.0,898.8805,900.0414
thoughtful-sat14-strips-target-typed-26,2,True,461,7163,31480,39312,0,51091,132,142,0,0,17,0,369,0,0,74.725,98,98,0.1117,0.7298,0.3089,0.0713,0.0,1.6494,0.0,898.7994,900.027
thoughtful-sat14-strips-target-typed-27,2,True,464,7539,33080,41288,0,53792,132,44,0,0,5,0,86,0,0,74.1,94,94,0.1096,0.6897,0.3235,0.0751,0.0,0.1594,0.0,898.8468,900.0499
tidybot-opt11-strips-p03,0,True,68,822,1517,2431,0,3107,19,0,0,0,0,0,0,0,0,13,13,13,0.0685,0.0247,0.0007,0.0028,0.0,0.0,0.0,0.0938,0.1916
tidybot-opt11-strips-p02,0,True,62,763,1447,2310,0,3018,35,0,0,0,0,0,0,0,0,20,20,20,0.0665,0.0293,0.0012,0.0032,0.0,0.0,0.0,0.0478,0.1491
tidybot-opt11-strips-p04,0,True,57,768,1548,2421,0,3220,50,0,0,0,0,0,0,0,0,26,26,26,0.0704,0.0297,0.0016,0.003,0.0,0.0,0.0,0.3259,0.4319
tidybot-opt11-strips-p05,0,True,90,2747,5248,8119,0,8780,53,0,0,0,1,0,0,0,0,25,26,25,0.1037,0.0717,0.0052,0.0065,0.0,0.0001,0.0,0.6198,0.8099
tidybot-opt11-strips-p06,0,True,89,2810,5376,8313,0,8929,55,0,0,0,0,0,0,0,0,28,28,28,0.104,0.089,0.0058,0.007,0.0,0.0,0.0,0.7891,0.9972
tidybot-opt11-strips-p08,0,True,90,2747,5248,8119,0,8777,37,0,0,0,0,0,0,0,0,20,20,20,0.0874,0.0736,0.0042,0.0062,0.0,0.0,0.0,0.1431,0.3165
tidybot-opt11-strips-p07,0,True,94,2841,5391,8350,0,8993,22,0,0,0,0,0,0,0,0,14,14,14,0.0867,0.0657,0.0025,0.0065,0.0,0.0,0.0,0.3853,0.549
tidybot-opt11-strips-p12,0,True,125,6979,13565,20699,0,20685,52,91,0,0,11,0,35,0,0,25,27,25,0.1512,0.1872,0.0128,0.0153,0.0,0.5408,0.0,22.6076,22.9781
tidybot-opt11-strips-p10,0,True,125,6980,13563,20698,0,20681,52,42,0,0,8,0,39,0,0,25,27,25,0.1481,0.1909,0.0126,0.0155,0.0,0.1884,0.0,46.8348,47.2086
tidybot-opt11-strips-p09,0,True,121,6382,12341,18874,0,18575,32,0,0,0,0,0,0,0,0,18,18,18,0.1498,0.1547,0.0088,0.014,0.0,0.0,0.0,0.3443,0.6751
tidybot-opt11-strips-p11,0,True,126,6965,13521,20638,0,20565,30,0,0,0,0,0,0,0,0,18,18,18,0.1477,0.202,0.0082,0.0156,0.0,0.0,0.0,3.3079,3.6852
tidybot-opt11-strips-p13,0,True,126,6958,13510,20620,0,20567,33,0,0,0,0,0,0,0,0,19,19,19,0.1463,0.1756,0.0087,0.0157,0.0,0.0,0.0,5.4187,5.769
tidybot-opt11-strips-p15,0,True,163,11569,22559,34310,0,33591,44,26,0,0,3,0,494,0,0,21,21,21,0.2685,0.3355,0.0159,0.0269,0.0,0.29,0.0,237.1063,237.7584
tidybot-opt11-strips-p17,2,True,153,9885,19237,29300,0,29313,51,112,0,0,19,0,1149,0,0,23.0,27,27,0.2525,0.32,0.0189,0.0228,0.0,1.5875,0.0,899.4078,900.0288
tidybot-opt11-strips-p14,0,True,158,10925,21291,32397,0,31980,42,0,0,0,2,0,0,0,0,18,22,18,0.2487,0.2902,0.0156,0.0267,0.0,0.0008,0.0,7.7175,8.3038
tidybot-opt11-strips-p16,0,True,153,9562,18653,28396,0,28771,60,0,0,0,1,0,17,0,0,25,26,25,0.2547,0.3196,0.0172,0.0234,0.0,0.0005,0.0,53.3921,54.0114
tidybot-opt11-strips-p19,2,True,154,10105,19732,30017,0,30086,52,14,0,0,3,0,3416,0,0,22.0,24,23,0.2541,0.3541,0.0161,0.0241,0.0,0.143,0.0,899.3668,900.0202
tidybot-opt11-strips-p20,0,True,145,8620,16771,25573,0,26029,64,0,0,0,0,0,0,0,0,28,28,28,0.2563,0.3262,0.0182,0.0203,0.0,0.0,0.0,0.4792,1.1053
tidybot-opt11-strips-p18,0,True,156,10653,20738,31573,0,31049,49,0,0,0,0,0,0,0,0,20,20,20,0.2484,0.3307,0.0147,0.026,0.0,0.0,0.0,4.499,5.1236
tidybot-opt14-strips-p01,0,True,153,9350,18198,27728,0,28256,65,0,0,0,0,0,0,0,0,26,26,26,0.2575,0.2967,0.017,0.0218,0.0,0.0,0.0,3.8779,4.4755
tidybot-opt14-strips-p02,0,True,151,8792,17074,26043,0,26777,66,35,0,0,6,0,149,0,0,27,29,27,0.2575,0.2951,0.0177,0.0206,0.0,0.3286,0.0,39.6387,40.2354
tidybot-opt14-strips-p04,0,True,160,10875,21217,32269,0,31782,37,28,0,0,6,0,276,0,0,20,21,20,0.2469,0.3274,0.0156,0.0261,0.0,0.54,0.0,162.4383,163.0591
tidybot-opt14-strips-p03,0,True,156,10693,20797,31672,0,31193,51,0,0,0,0,0,0,0,0,21,21,21,0.2497,0.3187,0.0156,0.0259,0.0,0.0,0.0,3.7196,4.3338
tidybot-opt14-strips-p06,2,True,148,8595,16692,25464,0,26129,55,49,0,0,9,0,2791,0,0,25.5,27,27,0.2578,0.3407,0.0161,0.0197,0.0,0.2343,0.0,899.3769,900.0196
tidybot-opt14-strips-p05,2,True,156,10901,21316,32400,0,32038,35,79,0,0,15,0,1207,0,0,19.135,23,22,0.2481,0.2929,0.0172,0.0264,0.0,1.0129,0.0,899.427,900.0169
tidybot-opt14-strips-p07,2,True,158,10722,20834,31738,0,31269,54,47,0,0,9,0,808,0,0,22.0,25,25,0.2525,0.3341,0.0184,0.0267,0.0,0.9234,0.0,899.396,900.0342
tidybot-opt14-strips-p08,0,True,158,10904,21245,32330,0,31905,36,10,0,0,4,0,33,0,0,18,19,18,0.2482,0.2909,0.0143,0.0269,0.0,0.1573,0.0,93.306,93.892
tidybot-opt14-strips-p09,2,True,186,14748,28776,43730,0,43368,55,60,0,0,9,0,522,0,0,21.0,25,25,0.4184,0.5947,0.0264,0.0359,0.0,3.5493,0.0,898.9524,900.0367
tidybot-opt14-strips-p10,2,True,182,14395,28129,42733,0,42396,60,76,0,0,13,0,507,0,0,25.357,29,27,0.4438,0.5862,0.0316,0.0349,0.0,1.543,0.0,898.9467,900.0518
tidybot-opt14-strips-p12,0,True,125,6979,13565,20699,0,20685,52,91,0,0,11,0,35,0,0,25,27,25,0.1646,0.1874,0.0126,0.0154,0.0,0.5328,0.0,22.571,22.9549
tidybot-opt14-strips-p13,0,True,126,6958,13510,20620,0,20567,33,0,0,0,0,0,0,0,0,19,19,19,0.1622,0.1769,0.0086,0.0156,0.0,0.0,0.0,5.4037,5.7709
tidybot-opt14-strips-p11,0,True,126,6965,13521,20638,0,20565,30,0,0,0,0,0,0,0,0,18,18,18,0.1648,0.2012,0.0081,0.0155,0.0,0.0,0.0,3.2918,3.6853
tidybot-opt14-strips-p14,0,True,158,10925,21291,32397,0,31980,42,0,0,0,2,0,0,0,0,18,22,18,0.2487,0.29,0.0158,0.0272,0.0,0.0007,0.0,7.7287,8.3153
tidybot-opt14-strips-p16,0,True,153,9562,18653,28396,0,28771,60,0,0,0,1,0,17,0,0,25,26,25,0.2812,0.3207,0.0172,0.0236,0.0,0.0005,0.0,53.1547,53.8017
tidybot-opt14-strips-p17,2,True,153,9885,19237,29300,0,29313,51,112,0,0,19,0,1144,0,0,23.0,27,27,0.2546,0.3194,0.0188,0.0229,0.0,1.5912,0.0,899.4068,900.0292
tidybot-opt14-strips-p15,0,True,163,11569,22559,34310,0,33591,44,26,0,0,3,0,494,0,0,21,21,21,0.2453,0.3395,0.0179,0.0278,0.0,0.2905,0.0,237.1817,237.8169
tidybot-opt14-strips-p18,0,True,156,10653,20738,31573,0,31049,49,0,0,0,0,0,0,0,0,20,20,20,0.2496,0.3349,0.0148,0.0258,0.0,0.0,0.0,4.535,5.1645
tidybot-opt14-strips-p19,2,True,154,10105,19732,30017,0,30086,52,14,0,0,3,0,3417,0,0,22.0,24,23,0.253,0.3551,0.016,0.0243,0.0,0.1455,0.0,899.3678,900.0213
tidybot-opt14-strips-p20,0,True,145,8620,16771,25573,0,26029,64,0,0,0,0,0,0,0,0,28,28,28,0.2559,0.3253,0.018,0.0215,0.0,0.0,0.0,0.4784,1.1041
tidybot-sat11-strips-p01,0,True,153,9350,18198,27728,0,28256,65,0,0,0,0,0,0,0,0,26,26,26,0.2559,0.2999,0.0172,0.0216,0.0,0.0,0.0,3.8553,4.4547
tidybot-sat11-strips-p02,0,True,151,8792,17074,26043,0,26777,66,35,0,0,6,0,149,0,0,27,29,27,0.2575,0.2969,0.0177,0.0205,0.0,0.3315,0.0,39.5766,40.1737
tidybot-sat11-strips-p03,0,True,156,10693,20797,31672,0,31193,51,0,0,0,0,0,0,0,0,21,21,21,0.266,0.3171,0.0157,0.0258,0.0,0.0,0.0,3.735,4.3646
tidybot-sat11-strips-p04,0,True,160,10875,21217,32269,0,31782,37,28,0,0,6,0,276,0,0,20,21,20,0.2664,0.3277,0.0157,0.0261,0.0,0.5554,0.0,162.5283,163.1687
tidybot-sat11-strips-p05,2,True,156,10901,21316,32400,0,32038,35,79,0,0,15,0,1207,0,0,19.135,23,22,0.2667,0.2908,0.0171,0.0261,0.0,1.0023,0.0,899.4104,900.0157
tidybot-sat11-strips-p06,2,True,148,8595,16692,25464,0,26129,55,49,0,0,9,0,2793,0,0,25.5,27,27,0.2817,0.3397,0.016,0.0202,0.0,0.229,0.0,899.3531,900.0193
tidybot-sat11-strips-p07,2,True,158,10722,20834,31738,0,31269,54,47,0,0,9,0,798,0,0,22.0,25,25,0.2668,0.334,0.0185,0.0252,0.0,0.9755,0.0,899.3746,900.0256
tidybot-sat11-strips-p09,2,True,186,14748,28776,43730,0,43368,55,60,0,0,9,0,522,0,0,21.0,25,25,0.4196,0.5823,0.0263,0.0357,0.0,3.5393,0.0,898.9641,900.0368
tidybot-sat11-strips-p08,0,True,158,10904,21245,32330,0,31905,36,10,0,0,4,0,33,0,0,18,19,18,0.2507,0.2921,0.0141,0.0269,0.0,0.1574,0.0,93.5113,94.0997
tidybot-sat11-strips-p10,2,True,182,14395,28129,42733,0,42396,60,76,0,0,13,0,506,0,0,25.357,29,27,0.7154,0.5816,0.0318,0.0419,0.0,1.5441,0.0,898.6706,900.0502
tidybot-sat11-strips-p11,2,True,195,19284,37817,57320,0,54226,57,53,0,0,5,0,153,0,0,24.045,28,28,0.4092,0.6191,0.044,0.0487,0.0,1.0915,0.0,898.9065,900.037
tidybot-sat11-strips-p12,2,True,200,20468,40175,60865,0,57451,43,48,0,0,10,0,119,0,0,19.21,23,23,0.3925,0.6077,0.0383,0.0519,0.0,6.6808,0.0,898.9389,900.0386
tidybot-sat11-strips-p14,0,True,182,14312,27958,42482,0,42034,59,0,0,0,1,0,0,0,0,26,27,26,0.4763,0.5895,0.0307,0.0349,0.0,0.0005,0.0,17.0254,18.1645
tidybot-sat11-strips-p13,2,True,187,16709,32782,49708,0,48594,52,48,0,0,8,0,463,0,0,22.161,27,26,0.4243,0.5382,0.0336,0.0431,0.0,2.0191,0.0,899.014,900.0618
tidybot-sat11-strips-p15,0,True,185,16605,32472,49294,0,47174,66,2,0,0,2,0,0,0,0,28,29,28,0.406,0.7295,0.0395,0.0422,0.0,0.0153,0.0,11.7108,12.9368
tidybot-sat11-strips-p17,2,True,230,25953,50979,77181,0,73667,59,32,0,0,8,0,64,0,0,22.533,34,29,0.6369,1.0865,0.0873,0.0693,0.0,2.6141,0.0,898.1774,900.0714
tidybot-sat11-strips-p16,2,True,193,19653,38612,58488,0,55547,56,75,0,0,8,0,870,0,0,23.029,28,28,0.3922,0.6485,0.0441,0.0495,0.0,1.4379,0.0,898.9171,900.0604
tidybot-sat11-strips-p18,2,True,230,27560,54257,82072,0,77900,49,45,0,0,6,0,105,0,0,21.083,26,26,0.6527,1.0089,0.0813,0.0754,0.0,5.5205,0.0,898.2706,900.1044
tidybot-sat11-strips-p19,2,True,262,24662,48489,73483,0,75095,112,40,0,0,5,0,7,0,0,49.667,59,59,1.4528,2.5757,0.1329,0.0756,0.0,3.6398,0.0,895.776,900.0362
tidybot-sat11-strips-p20,2,True,268,32324,63714,96353,0,93776,99,14,0,0,1,0,1,0,0,40.073,46,46,1.1871,2.1645,0.1829,0.0964,0.0,0.1601,0.0,896.4071,900.0582
tpp-p01,0,True,0,2,5,14,0,15,0,0,0,0,1,0,0,0,0,4,4,4,0.0233,0.0001,0.0,0.0011,0.0,0.0,0.0,0.0013,0.0263
tpp-p02,0,True,0,3,9,25,0,28,0,0,0,0,1,0,0,0,0,7,7,7,0.0049,0.0001,0.0,0.0009,0.0,0.0,0.0,0.0012,0.0076
tpp-p03,0,True,0,4,13,36,0,41,0,0,0,0,1,0,0,0,0,10,10,10,0.0043,0.0001,0.0,0.0009,0.0,0.0,0.0,0.0013,0.0071
tpp-p04,0,True,0,5,17,47,0,54,0,0,0,0,1,0,0,0,0,13,13,13,0.005,0.0001,0.0,0.0013,0.0,0.0,0.0,0.0013,0.0082
tpp-p05,0,True,14,34,44,107,0,125,51,0,0,0,0,0,0,0,0,17,17,17,0.0224,0.0002,0.0,0.0013,0.0,0.0,0.0,0.0043,0.0288
tpp-p06,0,True,37,74,84,212,0,272,63,0,0,0,0,0,0,0,0,21,21,21,0.0055,0.0007,0.0001,0.0013,0.0,0.0,0.0,0.0062,0.0143
tpp-p08,0,True,47,100,114,287,0,370,90,0,0,0,0,0,0,0,0,30,30,30,0.0062,0.0011,0.0002,0.0011,0.0,0.0,0.0,0.0073,0.0165
tpp-p07,0,True,42,88,100,252,0,324,78,0,0,0,0,0,0,0,0,26,26,26,0.0061,0.0009,0.0002,0.0013,0.0,0.0,0.0,0.0067,0.0157
tpp-p10,0,True,91,225,243,587,0,740,117,0,0,0,0,0,0,0,0,39,39,39,0.007,0.0029,0.0005,0.0015,0.0,0.0,0.0,0.0115,0.0239
tpp-p09,0,True,81,195,213,515,0,650,105,0,0,0,0,0,0,0,0,35,35,35,0.0059,0.0023,0.0004,0.0014,0.0,0.0,0.0,0.0104,0.021
tpp-p12,0,True,109,255,291,678,0,894,96,0,0,0,0,0,0,0,0,32,32,32,0.0089,0.0048,0.0005,0.0014,0.0,0.0,0.0,0.014,0.0302
tpp-p11,0,True,93,219,252,587,0,771,90,0,0,0,0,0,0,0,0,30,30,30,0.0075,0.0037,0.0004,0.0018,0.0,0.0,0.0,0.012,0.0259
tpp-p14,0,True,188,530,562,1301,0,1679,117,0,0,0,0,0,0,0,0,39,39,39,0.015,0.0125,0.0013,0.0019,0.0,0.0,0.0,0.0265,0.0578
tpp-p13,0,True,169,458,486,1128,0,1459,93,0,0,0,0,0,0,0,0,31,31,31,0.0129,0.0095,0.0009,0.0019,0.0,0.0,0.0,0.023,0.049
tpp-p15,0,True,207,594,630,1456,0,1879,134,0,0,0,0,0,0,0,0,45,45,45,0.0159,0.0161,0.002,0.0027,0.0,0.0,0.0,0.0298,0.0673
tpp-p16,0,True,319,997,1057,2401,0,3164,156,0,0,0,0,0,0,0,0,52,52,52,0.0318,0.0445,0.0034,0.0037,0.0,0.0,0.0,0.0547,0.1391
tpp-p17,0,True,398,1300,1385,3106,0,4095,150,0,0,0,0,0,0,0,0,50,50,50,0.0412,0.0676,0.0046,0.0043,0.0,0.0,0.0,0.0628,0.1814
tpp-p18,0,True,431,1415,1505,3373,0,4452,153,0,0,0,0,0,0,0,0,51,51,51,0.0441,0.0793,0.0059,0.0047,0.0,0.0,0.0,0.0668,0.2016
tpp-p19,0,True,472,1625,1715,3843,0,5037,186,0,0,0,0,0,0,0,0,62,62,62,0.05,0.099,0.0073,0.0058,0.0,0.0,0.0,0.0739,0.2374
tpp-p21,0,True,551,2155,2263,5005,0,6522,178,0,0,0,0,0,0,0,0,60,60,60,0.0913,0.1926,0.011,0.0073,0.0,0.0,0.0,0.0908,0.3944
tpp-p20,0,True,505,1770,1865,4176,0,5466,207,0,0,0,0,0,0,0,0,69,69,69,0.0555,0.1184,0.0102,0.0062,0.0,0.0,0.0,0.078,0.2694
tpp-p23,0,True,638,2439,2559,5671,0,7423,188,0,0,0,0,0,0,0,0,63,63,63,0.1138,0.2477,0.0123,0.0089,0.0,0.0,0.0,0.1032,0.4874
tpp-p22,0,True,598,2286,2406,5317,0,6970,162,0,0,0,0,0,0,0,0,54,54,54,0.1013,0.2082,0.0105,0.0082,0.0,0.0,0.0,0.0952,0.4251
tpp-p25,0,True,826,3393,3554,7816,0,10187,221,0,0,0,0,0,0,0,0,74,74,74,0.1815,0.4464,0.0268,0.0139,0.0,0.0,0.0,0.1403,0.8113
tpp-p24,0,True,679,2564,2690,5968,0,7821,195,0,0,0,0,0,0,0,0,65,65,65,0.1264,0.2785,0.0147,0.0098,0.0,0.0,0.0,0.1091,0.5403
tpp-p27,0,True,1144,5123,5340,11655,0,15278,247,0,0,0,0,0,0,0,0,83,83,83,0.3895,1.0141,0.0563,0.0251,0.0,0.0,0.0,0.2113,1.6993
tpp-p26,0,True,1089,4926,5136,11195,0,14674,228,0,0,0,0,0,0,0,0,77,77,77,0.3568,0.9062,0.0421,0.0229,0.0,0.0,0.0,0.2015,1.5325
transport-opt08-strips-p02,0,False,36,140,251,430,0,548,41,0,0,0,0,0,0,0,0,119,119,119,0.0248,0.0011,0.0001,0.0015,0.0,0.0,0.0,0.0143,0.0423
transport-opt08-strips-p01,0,False,18,32,56,108,0,126,13,0,0,0,0,0,0,0,0,54,54,54,0.0212,0.0003,0.0,0.0015,0.0,0.0,0.0,0.0049,0.0283
tpp-p30,0,True,1508,7528,7816,16910,0,22024,297,0,0,0,0,0,0,0,0,101,101,101,0.6858,1.9589,0.0694,0.0422,0.0,0.0,0.0,0.8374,3.5982
tpp-p28,0,True,1212,5472,5703,12437,0,16308,257,0,0,0,0,0,0,0,0,87,87,87,0.4301,1.1476,0.0623,0.0272,0.0,0.0,0.0,0.229,1.8998
tpp-p29,0,True,1429,7072,7352,15914,0,20714,297,0,0,0,0,0,0,0,0,102,102,102,0.6008,1.7534,0.0839,0.0383,0.0,0.0,0.0,0.9199,3.4007
transport-opt08-strips-p03,0,False,60,230,390,684,0,877,79,3,0,0,4,0,0,0,0,165,175,165,0.0073,0.0026,0.0004,0.0014,0.0,0.0002,0.0,0.0329,0.0453
transport-opt08-strips-p04,0,False,90,583,1051,1729,0,2184,96,33,0,0,6,0,0,0,0,189,205,189,0.0093,0.0063,0.0013,0.0024,0.0,0.0015,0.0,0.1495,0.1695
transport-opt08-strips-p05,0,False,126,745,1409,2286,0,2851,137,279,0,0,26,0,148,0,0,227,280,227,0.0326,0.0134,0.0026,0.0042,0.0,0.0155,0.0,1.0049,1.0587
transport-opt08-strips-p08,0,False,306,3167,5701,9183,0,11674,228,824,0,0,33,0,733,0,0,256,260,256,0.033,0.1058,0.019,0.0098,0.0,0.3047,0.0,97.2898,97.459
transport-opt08-strips-p07,0,False,248,2434,4354,7044,0,8967,216,1345,0,0,60,0,1676,0,0,313,342,313,0.026,0.0673,0.0154,0.0071,0.0,0.3391,0.0,104.4655,104.5826
transport-opt08-strips-p10,2,False,440,4810,8632,13893,0,17641,300,3598,0,0,96,0,2440,0,0,262.069,427,422,0.0567,0.219,0.0494,0.0168,0.0,3.1185,0.0,899.6811,900.0321
transport-opt08-strips-p09,2,False,370,3429,6565,10374,0,12939,229,3446,0,0,101,0,5353,0,0,223.28,337,319,0.0433,0.1464,0.0242,0.0122,0.0,1.8982,0.0,899.7858,900.0182
transport-opt08-strips-p06,0,False,196,1986,3430,5619,0,7177,178,2983,0,0,167,0,11091,0,0,265,287,265,0.0209,0.0407,0.0097,0.0059,0.0,0.6381,0.0,516.9029,516.9811
transport-opt08-strips-p11,0,False,22,66,126,216,0,270,21,0,0,0,0,0,0,0,0,245,245,245,0.0052,0.0004,0.0001,0.0014,0.0,0.0,0.0,0.0068,0.0144
transport-opt08-strips-p12,0,False,46,196,364,609,0,776,44,0,0,0,0,0,0,0,0,305,305,305,0.0249,0.0016,0.0002,0.0016,0.0,0.0,0.0,0.0142,0.0431
transport-opt08-strips-p13,0,False,78,460,833,1375,0,1751,91,36,0,0,9,0,0,0,0,318,338,318,0.0099,0.0048,0.001,0.0023,0.0,0.0015,0.0,0.1127,0.1314
transport-opt08-strips-p14,0,False,118,692,1257,2072,0,2661,106,96,0,0,11,0,0,0,0,382,382,382,0.0316,0.01,0.0015,0.0026,0.0,0.0055,0.0,0.2569,0.3034
transport-opt08-strips-p15,0,False,166,1168,2110,3450,0,4386,149,41,0,0,9,0,0,0,0,343,450,343,0.016,0.0238,0.004,0.0039,0.0,0.0068,0.0,0.2718,0.3205
transport-opt08-strips-p16,0,False,256,2293,4185,6741,0,8522,237,868,0,0,82,0,963,0,0,482,578,482,0.0269,0.0714,0.0117,0.0068,0.0,0.2611,0.0,24.5424,24.6604
transport-opt08-strips-p17,0,False,325,3076,5704,9113,0,11540,277,2127,0,0,86,0,4008,0,0,552,658,552,0.0364,0.1203,0.0179,0.01,0.0,0.8092,0.0,252.0776,252.2636
transport-opt08-strips-p18,0,False,402,3796,7216,11423,0,14280,275,1865,0,0,714,0,5052,0,0,482,564,482,0.0505,0.187,0.0289,0.0138,0.0,1.5948,0.0,647.3426,647.6244
transport-opt08-strips-p22,0,False,36,142,254,435,0,562,54,69,0,0,15,0,0,0,0,433,434,433,0.006,0.0011,0.0001,0.0014,0.0,0.001,0.0,0.134,0.1433
transport-opt08-strips-p20,2,False,580,5577,10824,16992,0,21281,359,2205,0,0,47,0,1365,0,0,648.387,748,748,0.1032,0.3893,0.0562,0.0281,0.0,2.4123,0.0,899.4385,900.0215
transport-opt08-strips-p21,0,False,18,60,108,188,0,230,17,0,0,0,0,0,0,0,0,320,320,320,0.0057,0.0003,0.0001,0.0011,0.0,0.0,0.0,0.0066,0.0142
transport-opt08-strips-p19,2,False,487,5347,9577,15421,0,19597,276,2345,0,0,74,0,2568,0,0,490.912,551,530,0.0643,0.2634,0.0477,0.0202,0.0,2.6108,0.0,899.6182,900.0199
transport-opt08-strips-p23,0,False,60,278,531,873,0,1102,80,90,0,0,17,0,0,0,0,505,555,505,0.0252,0.0028,0.0003,0.0018,0.0,0.0022,0.0,0.1204,0.1512
transport-opt08-strips-p25,0,False,126,825,1511,2468,0,3132,139,96,0,0,9,0,0,0,0,549,574,549,0.0129,0.0125,0.0023,0.003,0.0,0.0056,0.0,0.1761,0.2078
transport-opt08-strips-p24,0,False,90,472,897,1464,0,1840,118,8,0,0,5,0,0,0,0,428,678,428,0.0091,0.0064,0.001,0.002,0.0,0.0007,0.0,0.0841,0.1032
transport-opt08-strips-p27,0,False,248,2386,4378,7020,0,8833,205,898,0,0,61,0,419,0,0,528,589,528,0.047,0.0661,0.0097,0.0069,0.0,0.2323,0.0,19.5179,19.6491
transport-opt08-strips-p29,2,False,370,3613,6692,10685,0,13435,266,5307,0,0,329,0,5618,0,0,692.2,873,721,0.0636,0.1572,0.0287,0.0124,0.0,4.3453,0.0,899.754,900.0193
transport-opt08-strips-p26,0,False,196,1615,3041,4859,0,6086,172,997,0,0,116,0,457,0,0,514,607,514,0.0208,0.0392,0.0054,0.0048,0.0,0.1616,0.0,9.1143,9.1856
transport-opt08-strips-p30,0,False,440,4055,7778,12284,0,15327,290,2038,0,0,73,0,3350,0,0,665,795,665,0.0569,0.221,0.0333,0.0155,0.0,1.2939,0.0,317.4829,317.8116
transport-opt08-strips-p28,0,False,306,2688,5147,8150,0,10194,227,3517,0,0,304,0,5528,0,0,641,697,641,0.0344,0.1019,0.0203,0.0089,0.0,1.2591,0.0,482.3847,482.5515
transport-opt11-strips-p02,0,False,60,230,390,684,0,877,79,3,0,0,4,0,0,0,0,165,175,165,0.0069,0.0026,0.0004,0.002,0.0,0.0002,0.0,0.0401,0.0525
transport-opt11-strips-p01,0,False,60,278,531,873,0,1102,80,90,0,0,17,0,0,0,0,505,555,505,0.0073,0.0028,0.0003,0.0016,0.0,0.0021,0.0,0.1228,0.1355
transport-opt11-strips-p04,0,False,78,460,833,1375,0,1751,91,36,0,0,9,0,0,0,0,318,338,318,0.0095,0.0049,0.001,0.0021,0.0,0.0015,0.0,0.1121,0.1304
transport-opt11-strips-p03,0,False,46,196,364,609,0,776,44,0,0,0,0,0,0,0,0,305,305,305,0.0066,0.0016,0.0003,0.0016,0.0,0.0,0.0,0.0143,0.025
transport-opt11-strips-p06,0,False,90,583,1051,1729,0,2184,96,33,0,0,6,0,0,0,0,189,205,189,0.0093,0.0063,0.0012,0.0024,0.0,0.0014,0.0,0.1493,0.1691
transport-opt11-strips-p05,0,False,90,472,897,1464,0,1840,118,8,0,0,5,0,0,0,0,428,678,428,0.0109,0.0063,0.001,0.0019,0.0,0.0007,0.0,0.0846,0.1053
transport-opt11-strips-p08,0,False,132,953,1753,2844,0,3616,146,603,0,0,57,0,906,0,0,214,263,214,0.0309,0.0177,0.0025,0.0032,0.0,0.052,0.0,3.8829,3.9385
transport-opt11-strips-p09,0,False,132,743,1419,2301,0,2866,113,104,0,0,15,0,0,0,0,151,169,151,0.0129,0.0138,0.0019,0.0025,0.0,0.0074,0.0,0.317,0.3489
transport-opt11-strips-p07,0,False,110,578,1100,1794,0,2249,101,54,0,0,9,0,0,0,0,170,198,170,0.0117,0.009,0.0013,0.0024,0.0,0.0027,0.0,0.1332,0.1585
transport-opt11-strips-p10,0,False,156,1133,2107,3403,0,4316,151,71,0,0,6,0,0,0,0,243,243,243,0.0174,0.0241,0.0039,0.004,0.0,0.0067,0.0,0.4466,0.4972
transport-opt11-strips-p12,0,False,171,1330,2554,4063,0,5078,149,661,0,0,45,0,782,0,0,438,454,438,0.0177,0.0315,0.0044,0.0038,0.0,0.0752,0.0,6.4029,6.4613
transport-opt11-strips-p11,0,False,146,883,1699,2736,0,3412,131,277,0,0,26,0,0,0,0,404,430,404,0.0131,0.019,0.0033,0.0028,0.0,0.0199,0.0,0.7904,0.8295
transport-opt11-strips-p14,0,False,182,1445,2685,4320,0,5470,137,1456,0,0,146,0,2833,0,0,240,257,240,0.0213,0.0321,0.0053,0.0049,0.0,0.249,0.0,29.6576,29.7224
transport-opt11-strips-p16,0,False,198,1577,3025,4809,0,5969,182,744,0,0,49,0,124,0,0,561,854,561,0.0224,0.0412,0.0073,0.006,0.0,0.109,0.0,4.5559,4.634
transport-opt11-strips-p13,0,False,156,1060,1974,3198,0,4055,103,0,0,0,1,0,0,0,0,224,229,224,0.016,0.0176,0.0044,0.0043,0.0,0.0001,0.0,0.0858,0.1289
transport-opt11-strips-p15,0,False,171,1088,2090,3358,0,4164,190,122,0,0,25,0,0,0,0,589,720,589,0.0212,0.025,0.0044,0.0078,0.0,0.0173,0.0,0.468,0.5272
transport-opt11-strips-p19,0,False,126,825,1511,2468,0,3132,139,96,0,0,9,0,0,0,0,549,574,549,0.0125,0.0133,0.0023,0.003,0.0,0.0053,0.0,0.1747,0.2067
transport-opt11-strips-p17,0,False,126,745,1409,2286,0,2851,137,279,0,0,26,0,148,0,0,227,280,227,0.0127,0.0134,0.0027,0.0027,0.0,0.0158,0.0,1.0094,1.0418
transport-opt11-strips-p18,0,False,118,692,1257,2072,0,2661,106,96,0,0,11,0,0,0,0,382,382,382,0.0119,0.0099,0.0014,0.0026,0.0,0.0055,0.0,0.2595,0.2862
transport-opt14-strips-p04,0,False,134,791,1489,2419,0,3061,112,84,0,0,10,0,0,0,0,164,164,164,0.033,0.0145,0.0016,0.0031,0.0,0.0072,0.0,0.491,0.544
transport-opt14-strips-p02,0,False,66,287,503,860,0,1115,60,34,0,0,11,0,0,0,0,127,145,127,0.0078,0.003,0.0005,0.0015,0.0,0.001,0.0,0.1339,0.1474
transport-opt14-strips-p01,0,False,36,127,237,404,0,494,53,15,0,0,3,0,0,0,0,90,90,90,0.0066,0.0012,0.0001,0.0014,0.0,0.0002,0.0,0.0392,0.049
transport-opt11-strips-p20,0,False,196,1986,3430,5619,0,7177,178,2983,0,0,167,0,11091,0,0,265,287,265,0.0219,0.0419,0.0096,0.006,0.0,0.6437,0.0,516.0993,516.1798
transport-opt14-strips-p03,0,False,90,521,981,1597,0,2002,87,73,0,0,7,0,0,0,0,174,190,174,0.0093,0.0064,0.0013,0.0021,0.0,0.0023,0.0,0.1381,0.158
transport-opt14-strips-p06,0,False,195,1394,2674,4269,0,5391,160,471,0,0,38,0,470,0,0,260,272,260,0.0193,0.036,0.0044,0.0042,0.0,0.0712,0.0,5.7007,5.7658
transport-opt14-strips-p07,0,False,66,318,606,994,0,1260,60,0,0,0,1,0,0,0,0,360,375,360,0.0076,0.0034,0.0004,0.0016,0.0,0.0,0.0,0.0277,0.0414
transport-opt14-strips-p08,0,False,126,639,1199,1968,0,2512,136,17,0,0,4,0,0,0,0,370,383,370,0.0133,0.0118,0.0013,0.0024,0.0,0.0009,0.0,0.1108,0.1405
transport-opt14-strips-p05,0,False,177,1664,2948,4795,0,6091,162,1146,0,0,80,0,1190,0,0,263,334,263,0.0167,0.0321,0.0085,0.0047,0.0,0.1973,0.0,45.8412,45.9044
transport-opt14-strips-p09,0,False,174,1059,1999,3237,0,4097,154,914,0,0,60,0,327,0,0,394,450,394,0.0347,0.023,0.0036,0.0036,0.0,0.0906,0.0,4.7389,4.8048
transport-opt14-strips-p11,2,False,339,2926,5488,8759,0,11056,249,3531,0,0,139,0,3920,0,0,503.001,590,543,0.0367,0.1215,0.0149,0.0099,0.0,1.7296,0.0,899.8277,900.0133
transport-opt14-strips-p12,0,False,375,3159,5777,9317,0,11944,335,1561,0,0,55,0,1238,0,0,570,611,570,0.0406,0.1439,0.0191,0.0108,0.0,0.6804,0.0,253.9671,254.1831
transport-opt14-strips-p10,0,False,254,2004,3674,5937,0,7639,245,1764,0,0,94,0,2379,0,0,517,520,517,0.0246,0.0661,0.0074,0.0061,0.0,0.4635,0.0,123.546,123.6515
transport-opt14-strips-p14,0,False,186,1019,1790,2999,0,3914,104,0,0,0,1,0,0,0,0,336,339,336,0.0157,0.0205,0.0023,0.0033,0.0,0.0001,0.0,0.0609,0.1037
transport-opt14-strips-p15,0,False,258,1649,2944,4856,0,6273,205,1245,0,0,59,0,2558,0,0,601,601,601,0.021,0.0479,0.0056,0.0055,0.0,0.2159,0.0,50.3748,50.456
transport-opt14-strips-p13,0,False,96,549,997,1646,0,2121,112,185,0,0,16,0,0,0,0,473,500,473,0.0115,0.007,0.001,0.0028,0.0,0.007,0.0,0.2382,0.2612
transport-opt14-strips-p16,0,False,374,2741,4942,8062,0,10453,229,2329,0,0,63,0,3301,0,0,584,593,584,0.0368,0.1101,0.0122,0.0097,0.0,0.8233,0.0,169.1843,169.3545
transport-opt14-strips-p17,2,False,501,4705,8575,13787,0,17580,325,4404,0,0,85,0,2282,0,0,513.739,683,683,0.0583,0.2482,0.0254,0.0179,0.0,3.7801,0.0,899.6667,900.0244
transport-opt14-strips-p18,0,False,555,5002,9108,14671,0,18745,335,2318,0,0,52,0,3849,0,0,645,673,645,0.085,0.298,0.0302,0.0206,0.0,2.0937,0.0,468.5653,469.0014
transport-opt14-strips-p19,2,False,616,5014,9478,15115,0,19095,338,5456,0,0,158,0,3445,0,0,660.381,923,756,0.0927,0.3518,0.0284,0.0251,0.0,7.1054,0.0,899.5186,900.0224
transport-opt14-strips-p20,2,False,616,5014,9478,15115,0,19095,338,5437,0,0,157,0,3458,0,0,660.381,923,756,0.0815,0.3509,0.0285,0.025,0.0,7.0898,0.0,899.5317,900.0231
transport-sat08-strips-p01,0,False,26,82,142,252,0,309,22,0,0,0,0,0,0,0,0,54,54,54,0.0253,0.0005,0.0001,0.0014,0.0,0.0,0.0,0.0082,0.036
transport-sat08-strips-p03,0,False,150,1227,2243,3626,0,4565,137,1056,0,0,130,0,541,0,0,211,238,211,0.0154,0.0221,0.0046,0.0038,0.0,0.1074,0.0,10.5692,10.6164
transport-sat08-strips-p02,0,False,66,299,531,900,0,1162,57,0,0,0,1,0,0,0,0,152,155,152,0.0084,0.0029,0.0004,0.0017,0.0,0.0,0.0,0.0222,0.0362
transport-sat08-strips-p05,0,False,344,3003,5765,9122,0,11399,227,2963,0,0,148,0,9888,0,0,290,363,290,0.0397,0.1256,0.0136,0.0108,0.0,1.4639,0.0,784.0392,784.2302
transport-sat08-strips-p07,2,False,670,9375,16833,26892,0,34274,383,1267,0,0,22,0,674,0,0,316.625,462,462,0.1311,0.6929,0.1111,0.0419,0.0,3.0066,0.0,899.1385,900.122
transport-sat08-strips-p04,0,False,237,2179,3882,6306,0,8051,169,3032,0,0,163,0,11274,0,0,240,247,240,0.2647,0.0549,0.0069,0.0067,0.0,0.7559,0.0,595.1958,595.5305
transport-sat08-strips-p06,2,False,516,6545,12245,19318,0,24265,273,2041,0,0,40,0,743,0,0,220.431,430,430,0.1055,0.3726,0.0645,0.0257,0.0,2.4238,0.0,899.4535,900.0257
transport-sat08-strips-p08,2,False,844,11825,21783,34468,0,43587,343,750,0,0,12,0,328,0,0,294.319,360,360,0.2173,1.0102,0.1572,0.0706,0.0,1.9261,0.0,898.572,900.0327
transport-sat08-strips-p09,2,False,1038,15442,27877,44375,0,56556,370,993,0,0,15,0,301,0,0,300.101,432,432,0.3045,1.5202,0.2231,0.0981,0.0,3.1196,0.0,897.9087,900.0612
transport-sat08-strips-p10,2,False,1252,18354,33971,53597,0,67778,383,1358,0,0,17,0,489,0,0,320.221,544,544,0.4177,2.3545,0.3427,0.1387,0.0,6.6745,0.0,896.756,900.0182
transport-sat08-strips-p13,0,False,177,1461,2608,4252,0,5469,168,480,0,0,29,0,219,0,0,370,390,370,0.0373,0.0321,0.0043,0.0043,0.0,0.0532,0.0,4.9847,5.0641
transport-sat08-strips-p11,0,False,30,103,195,330,0,424,24,0,0,0,0,0,0,0,0,262,262,262,0.0238,0.0007,0.0001,0.0022,0.0,0.0,0.0,0.0093,0.0366
transport-sat08-strips-p12,0,False,78,379,727,1188,0,1515,72,75,0,0,12,0,0,0,0,258,293,258,0.0088,0.0049,0.0006,0.0022,0.0,0.0026,0.0,0.1418,0.1591
transport-sat08-strips-p14,0,False,281,2566,4738,7593,0,9611,240,1748,0,0,73,0,2655,0,0,493,542,493,0.0308,0.0855,0.0159,0.0125,0.0,0.4593,0.0,89.0396,89.1858
transport-sat08-strips-p15,0,False,409,3936,7290,11645,0,14714,254,1244,0,0,40,0,1592,0,0,517,555,517,0.0498,0.197,0.034,0.0141,0.0,0.7064,0.0,223.4681,223.7647
transport-sat08-strips-p16,2,False,612,8185,14965,23774,0,30097,368,1696,0,0,29,0,523,0,0,428.352,667,667,0.1116,0.5636,0.1057,0.0391,0.0,2.7357,0.0,899.2057,900.0303
transport-sat08-strips-p17,2,False,796,9999,18897,29706,0,37454,405,1562,0,0,22,0,442,0,0,518.914,737,737,0.1905,0.9642,0.1886,0.0531,0.0,3.5384,0.0,898.6324,900.0345
transport-sat08-strips-p18,2,False,1004,13785,25414,40219,0,51030,468,1234,0,0,15,0,200,0,0,532.232,721,721,0.261,1.5162,0.2761,0.0813,0.0,3.9399,0.0,897.9111,900.0527
transport-sat08-strips-p19,2,False,1236,17209,32671,51134,0,64324,565,1286,0,0,14,0,244,0,0,506.22,863,863,0.4053,2.4905,0.4072,0.1285,0.0,4.9678,0.0,896.6399,900.0792
transport-sat08-strips-p20,2,False,1492,19973,37819,59304,0,74609,560,616,0,0,6,0,47,0,0,513.412,854,854,0.5596,3.7051,0.6986,0.1929,0.0,4.268,0.0,894.8961,900.0596
transport-sat08-strips-p21,0,False,30,105,183,320,0,416,40,23,0,0,5,0,0,0,0,386,386,386,0.0255,0.0008,0.0001,0.0015,0.0,0.0003,0.0,0.1832,0.2117
transport-sat08-strips-p22,0,False,78,392,734,1208,0,1535,93,22,0,0,2,0,0,0,0,421,421,421,0.0097,0.0053,0.0005,0.0021,0.0,0.0006,0.0,0.067,0.0854
transport-sat08-strips-p23,0,False,177,1440,2616,4239,0,5373,182,1130,0,0,96,0,1372,0,0,512,563,512,0.0179,0.0333,0.0054,0.0066,0.0,0.1566,0.0,15.2788,15.3432
transport-sat08-strips-p24,0,False,281,2627,4907,7823,0,9909,220,912,0,0,62,0,1207,0,0,638,653,638,0.0519,0.0796,0.0121,0.0085,0.0,0.32,0.0,47.8144,47.9695
transport-sat08-strips-p25,2,False,409,4300,7738,12457,0,15862,316,5277,0,0,544,0,3485,0,0,607.962,732,722,0.0521,0.1879,0.039,0.015,0.0,4.175,0.0,899.7484,900.0484
transport-sat08-strips-p26,2,False,612,7048,13546,21218,0,26491,319,1996,0,0,44,0,941,0,0,581.909,685,636,0.1303,0.5394,0.067,0.0363,0.0,3.1371,0.0,899.2478,900.027
transport-sat08-strips-p27,2,False,796,9647,18696,29153,0,36420,401,2022,0,0,27,0,522,0,0,613.024,931,931,0.1759,0.9805,0.1353,0.0547,0.0,4.2109,0.0,898.6761,900.0284
transport-sat08-strips-p28,2,False,1004,12795,24721,38536,0,48057,509,1354,0,0,26,0,279,0,0,629.807,995,995,0.2865,1.7058,0.2081,0.0852,0.0,6.036,0.0,897.7503,900.0421
transport-sat08-strips-p29,2,False,1236,17323,31879,50456,0,64013,530,666,0,0,9,0,110,0,0,706.58,1042,1042,0.4042,2.3699,0.2827,0.1287,0.0,2.6577,0.0,896.8595,900.053
transport-sat08-strips-p30,2,False,1492,20833,39665,62010,0,78051,645,2007,0,0,19,0,444,0,0,673.685,1479,1479,0.5631,4.1116,0.4364,0.2037,0.0,9.7995,0.0,894.7405,900.0667
transport-sat11-strips-p01,2,False,844,11825,21783,34468,0,43587,343,750,0,0,12,0,326,0,0,294.319,360,360,0.2138,0.9886,0.1492,0.0644,0.0,1.9297,0.0,898.6114,900.033
transport-sat11-strips-p02,2,False,1038,15442,27877,44375,0,56556,370,993,0,0,15,0,301,0,0,300.101,432,432,0.302,1.5162,0.2103,0.0942,0.0,3.1367,0.0,897.9317,900.0614
transport-sat11-strips-p03,2,False,1236,17323,31879,50456,0,64013,530,666,0,0,9,0,110,0,0,706.58,1042,1042,0.4035,2.378,0.2684,0.1261,0.0,2.6674,0.0,896.867,900.0502
transport-sat11-strips-p04,2,False,612,8185,14965,23774,0,30097,368,1660,0,0,28,0,513,0,0,428.352,667,667,0.1272,0.5676,0.1041,0.0389,0.0,2.5843,0.0,899.2646,900.1064
transport-sat11-strips-p05,2,False,796,9999,18897,29706,0,37454,405,1562,0,0,22,0,443,0,0,518.914,737,737,0.1971,0.9822,0.1884,0.0539,0.0,3.5498,0.0,898.6075,900.0352
transport-sat11-strips-p06,2,False,1004,13785,25414,40219,0,51030,468,1234,0,0,15,0,200,0,0,532.232,721,721,0.2816,1.5542,0.2897,0.0859,0.0,3.9286,0.0,897.834,900.052
transport-sat11-strips-p07,2,False,1236,17209,32671,51134,0,64324,565,1286,0,0,14,0,244,0,0,506.22,863,863,0.3995,2.5376,0.4231,0.1359,0.0,4.9937,0.0,896.5801,900.0838
transport-sat11-strips-p08,2,False,1252,18354,33971,53597,0,67778,383,1358,0,0,17,0,489,0,0,320.221,544,544,0.4159,2.3604,0.3423,0.1408,0.0,6.6514,0.0,896.7836,900.0509
transport-sat11-strips-p09,2,False,1492,19973,37819,59304,0,74609,560,550,0,0,5,0,47,0,0,513.412,854,854,0.5599,3.7473,0.6772,0.1935,0.0,3.3956,0.0,894.8713,900.0575
transport-sat11-strips-p10,-2,False,0,0,0,0,0,0,0,0,0,0,0,0,0,0,0,0,1e+20,1e+20,0,0,0,0,0,0,0,0,0
transport-sat11-strips-p11,2,False,1356,19470,36127,56975,0,72203,463,330,0,0,4,0,57,0,0,382.666,496,496,0.4849,3.2275,0.3339,0.1741,0.0,1.4743,0.0,895.8183,900.0474
transport-sat11-strips-p12,2,False,1324,18122,34440,53906,0,67759,477,305,0,0,3,0,64,0,0,344.019,538,538,0.4565,2.8068,0.3442,0.1634,0.0,1.2849,0.0,896.2653,900.0439
transport-sat11-strips-p13,2,False,1434,21066,39090,61612,0,77933,495,407,0,0,3,0,77,0,0,377.697,574,574,0.5272,3.5795,0.5751,0.1896,0.0,1.6593,0.0,895.1991,900.0816
transport-sat11-strips-p14,2,False,3176,43243,84751,131192,0,163978,748,336,0,0,2,0,0,0,0,575.0,991,991,2.2285,20.0947,1.9961,1.2798,0.0,4.5388,0.0,874.446,900.0612
transport-sat11-strips-p15,2,False,3028,43871,83471,130390,0,164248,895,64,0,0,1,0,0,0,0,765.061,1007,1007,2.0061,19.0948,1.8617,1.2234,0.0,0.8691,0.0,875.8618,900.0625
transport-sat11-strips-p16,2,False,3280,50809,94391,148502,0,188237,856,182,0,0,1,0,0,0,0,569.835,977,977,2.3755,22.3005,3.6973,1.7195,0.0,2.6062,0.0,870.0428,900.1535
transport-sat11-strips-p19,2,False,4970,69163,135519,209674,0,262271,769,471,0,0,2,0,0,0,0,631.041,1335,1335,5.2051,44.0095,5.6611,4.0553,0.0,14.285,0.0,841.1594,900.116
transport-sat11-strips-p20,2,False,5204,77022,146630,228878,0,288276,1003,500,0,0,2,0,0,0,0,672.974,1335,1335,5.6964,53.6562,6.0483,4.5339,0.0,17.9428,0.0,830.1599,900.1243
transport-sat14-strips-p01,2,False,1512,20463,40180,62180,0,77477,455,341,0,0,4,0,87,0,0,351.541,571,571,0.5916,3.8584,0.3979,0.2131,0.0,2.6534,0.0,895.0131,900.0849
transport-sat14-strips-p02,2,False,1874,25945,51071,78920,0,98334,510,268,0,0,2,0,34,0,0,372.108,661,661,0.8786,6.7837,1.3151,0.3505,0.0,2.0011,0.0,890.7463,900.091
transport-sat11-strips-p18,2,False,4588,65607,124649,194864,0,245922,818,356,0,0,2,0,0,0,0,627.001,1225,1225,4.4045,38.2918,2.3829,3.5955,0.0,11.9819,0.0,851.4138,900.1124
transport-sat11-strips-p17,2,False,4736,69511,132381,206650,0,260295,980,273,0,0,1,0,0,0,0,681.387,1335,1335,4.7733,46.4407,5.2704,3.8952,0.0,9.0917,0.0,839.7163,900.1225
transport-sat14-strips-p03,2,False,1599,23988,44566,70178,0,88745,492,290,0,0,3,0,105,0,0,335.088,610,610,0.6526,4.5765,0.5012,0.2399,0.0,1.7791,0.0,894.0852,900.0713
transport-sat14-strips-p04,2,False,4006,59624,113949,177604,0,223506,829,0,0,0,0,0,0,0,0,0.0,1147,1147,3.5284,30.3504,3.8832,2.6445,0.0,0.0,0.0,859.6837,900.1329
transport-sat14-strips-p05,2,False,4628,74263,138493,217414,0,275250,871,0,0,0,0,0,0,0,0,0.0,1035,1035,4.7758,44.2575,7.249,3.8257,0.0,0.0,0.0,840.0066,900.1625
transport-sat14-strips-p06,2,False,4006,59624,113949,177604,0,223506,829,0,0,0,0,0,0,0,0,0.0,1147,1147,3.5241,30.3722,3.8952,2.6403,0.0,0.0,0.0,859.649,900.123
transport-sat14-strips-p07,2,False,5978,104047,184835,294885,0,378726,873,163,0,0,1,0,0,0,0,788.195,1444,1444,7.631,65.5019,8.1801,6.6889,0.0,14.9438,0.0,812.1493,900.1883
transport-sat14-strips-p08,2,False,6906,111539,207959,326434,0,413448,892,209,0,0,1,0,0,0,0,722.372,1530,1530,10.3518,89.3773,12.6281,8.9707,0.0,13.5043,0.0,778.8292,900.1998
transport-sat14-strips-p09,2,False,5978,104047,184835,294885,0,378726,873,163,0,0,1,0,0,0,0,788.195,1444,1444,7.6277,65.4465,8.1819,6.6914,0.0,14.9585,0.0,812.1967,900.1814
transport-sat14-strips-p10,2,False,5804,87175,166300,259304,0,326351,1059,437,0,0,2,0,0,0,0,732.659,1471,1471,7.1857,67.8344,6.2994,5.7788,0.0,20.4682,0.0,813.0172,900.1487
transport-sat14-strips-p11,2,False,1890,34794,64059,100768,0,127918,478,230,0,0,2,0,0,0,0,361.749,644,644,1.0381,7.8557,0.927,0.4232,0.0,1.9041,0.0,889.8498,900.1062
transport-sat14-strips-p12,2,False,2214,36159,65783,104186,0,132570,509,272,0,0,2,0,0,0,0,402.318,699,699,1.2057,8.9055,1.6789,0.6697,0.0,2.3332,0.0,887.6587,900.1288
transport-sat14-strips-p13,2,False,1798,20287,38315,60425,0,76096,465,1492,0,0,18,0,538,0,0,370.432,605,605,0.657,4.3825,0.5278,0.2488,0.0,12.323,0.0,894.2366,900.0615
transport-sat14-strips-p14,2,False,3690,64953,124803,193471,0,243342,891,0,0,0,0,0,0,0,0,0.0,1000,1000,3.5879,32.7449,4.2623,3.0746,0.0,0.0,0.0,856.4278,900.1422
transport-sat14-strips-p15,2,False,4288,64912,124260,193490,0,243317,805,0,0,0,0,0,0,0,0,0.0,1118,1118,4.114,36.9975,5.8709,3.1793,0.0,0.0,0.0,849.9374,900.1441
transport-sat14-strips-p16,2,False,3506,41608,78733,123872,0,156021,739,330,0,0,2,0,0,0,0,609.77,1041,1041,2.1769,17.4342,2.1939,1.6175,0.0,4.2256,0.0,876.7088,900.1466
transport-sat14-strips-p17,2,False,5490,101454,190606,297575,0,376694,1021,0,0,0,0,0,0,0,0,0.0,1375,1375,7.6987,77.2139,7.2802,5.9465,0.0,0.0,0.0,802.3951,900.5921
transport-sat14-strips-p18,2,False,6498,99218,189848,295594,0,371764,884,163,0,0,1,0,0,0,0,661.58,1496,1496,9.1598,80.5093,9.0202,7.485,0.0,20.9432,0.0,793.9427,900.1553
transport-sat14-strips-p19,2,False,5326,68252,124902,198505,0,252354,852,394,0,0,3,0,0,0,0,716.065,1262,1250,4.8276,41.6821,4.3243,4.0595,0.0,10.5982,0.0,845.206,900.1253
transport-sat14-strips-p20,2,False,6030,107729,206629,320413,0,402996,1079,210,0,0,1,0,0,0,0,752.373,1472,1472,9.1998,88.7852,9.3354,7.5285,0.0,12.708,0.0,785.4741,900.3652
trucks-strips-p01,0,True,14,33,48,107,0,122,22,0,0,0,0,0,0,0,0,11,11,11,0.0257,0.0005,0.0,0.0011,0.0,0.0,0.0,0.0042,0.032
trucks-strips-p02,0,True,17,40,55,126,0,143,28,0,0,0,0,0,0,0,0,14,14,14,0.0062,0.0006,0.0001,0.001,0.0,0.0,0.0,0.0045,0.0128
trucks-strips-p03,0,True,23,53,81,175,0,194,34,0,0,0,0,0,0,0,0,17,17,17,0.0078,0.0013,0.0001,0.0009,0.0,0.0,0.0,0.0051,0.0158
trucks-strips-p04,0,True,26,60,90,197,0,221,40,0,0,0,0,0,0,0,0,20,20,20,0.0293,0.0017,0.0001,0.0014,0.0,0.0,0.0,0.0053,0.0384
trucks-strips-p05,0,True,32,73,112,242,0,268,46,0,0,0,0,0,0,0,0,23,23,23,0.0123,0.0031,0.0001,0.001,0.0,0.0,0.0,0.0058,0.023
trucks-strips-p06,0,True,35,80,121,264,0,295,52,0,0,0,0,0,0,0,0,26,26,26,0.0306,0.0037,0.0002,0.0016,0.0,0.0,0.0,0.0061,0.043
trucks-strips-p08,0,True,46,127,186,386,0,414,47,0,0,0,0,0,0,0,0,24,24,24,0.0323,0.0047,0.0003,0.0017,0.0,0.0,0.0,0.0077,0.0474
trucks-strips-p09,0,True,52,140,202,423,0,449,52,0,0,0,0,0,0,0,0,26,26,26,0.0161,0.006,0.0003,0.0014,0.0,0.0,0.0,0.0083,0.0326
trucks-strips-p07,0,True,38,102,132,293,0,327,40,0,0,0,0,0,0,0,0,20,20,20,0.0084,0.0022,0.0002,0.0013,0.0,0.0,0.0,0.0062,0.0187
trucks-strips-p12,0,True,70,191,274,574,0,619,71,0,0,0,0,0,0,0,0,36,36,36,0.027,0.0148,0.0006,0.0013,0.0,0.0,0.0,0.0098,0.0543
trucks-strips-p11,0,True,65,178,257,535,0,571,65,0,0,0,0,0,0,0,0,33,33,33,0.0246,0.0143,0.0005,0.0013,0.0,0.0,0.0,0.0095,0.0509
trucks-strips-p10,0,True,56,153,217,458,0,504,59,0,0,0,0,0,0,0,0,30,30,30,0.0156,0.0074,0.0004,0.0014,0.0,0.0,0.0,0.0083,0.0338
trucks-strips-p13,0,True,78,249,348,709,0,770,59,0,0,0,0,0,0,0,0,30,30,30,0.2365,0.0155,0.0006,0.0014,0.0,0.0,0.0,0.0118,0.2664
trucks-strips-p17,0,True,110,353,487,996,0,1064,84,0,0,0,0,0,0,0,0,43,43,43,0.0559,0.0499,0.0015,0.0018,0.0,0.0,0.0,0.0143,0.1248
trucks-strips-p15,0,True,91,291,395,815,0,880,72,0,0,0,0,0,0,0,0,37,37,37,0.0311,0.0217,0.001,0.0016,0.0,0.0,0.0,0.0131,0.0694
trucks-strips-p16,0,True,98,312,421,873,0,929,78,0,0,0,0,0,0,0,0,40,40,40,0.0339,0.025,0.0012,0.0017,0.0,0.0,0.0,0.0135,0.0762
trucks-strips-p14,0,True,84,270,372,763,0,803,66,0,0,0,0,0,0,0,0,34,34,34,0.0301,0.0176,0.0008,0.0016,0.0,0.0,0.0,0.0123,0.0632
trucks-strips-p19,0,True,125,462,613,1243,0,1319,79,0,0,0,0,0,0,0,0,41,41,41,0.0523,0.0477,0.0018,0.0026,0.0,0.0,0.0,0.0188,0.1246
trucks-strips-p21,0,True,143,524,687,1405,0,1507,91,0,0,0,0,0,0,0,0,47,47,47,0.0646,0.0621,0.0025,0.0019,0.0,0.0,0.0,0.0193,0.1519
trucks-strips-p18,0,True,117,374,511,1050,0,1105,90,0,0,0,0,0,0,0,0,46,46,46,0.0635,0.0512,0.0017,0.0018,0.0,0.0,0.0,0.0151,0.1349
trucks-strips-p20,0,True,134,493,648,1320,0,1410,85,0,0,0,0,0,0,0,0,44,44,44,0.2877,0.0569,0.0024,0.0019,0.0,0.0,0.0,0.0199,0.3702
trucks-strips-p24,0,True,176,647,784,1664,0,1781,109,0,0,0,0,0,0,0,0,56,56,56,0.138,0.1482,0.0043,0.0023,0.0,0.0,0.0,0.023,0.3183
trucks-strips-p23,0,True,167,616,752,1589,0,1719,103,0,0,0,0,0,0,0,0,53,53,53,0.1302,0.1343,0.0035,0.0023,0.0,0.0,0.0,0.0221,0.2948
trucks-strips-p22,0,True,152,555,660,1418,0,1535,97,0,0,0,0,0,0,0,0,50,50,50,0.072,0.0734,0.0029,0.002,0.0,0.0,0.0,0.0195,0.1716
trucks-strips-p25,0,True,186,771,987,1995,0,2078,97,0,0,0,0,0,0,0,0,50,50,50,0.1307,0.1273,0.004,0.0026,0.0,0.0,0.0,0.0292,0.2965
visitall-opt11-strips-problem02-full,0,True,0,4,8,18,0,18,4,0,0,0,0,0,0,0,0,3,3,3,0.0234,0.0001,0.0,0.001,0.0,0.0,0.0,0.0029,0.0278
trucks-strips-p30,0,True,247,1028,1316,2658,0,2819,128,0,0,0,0,0,0,0,0,66,66,66,0.3494,0.392,0.0085,0.0036,0.0,0.0,0.0,0.0389,0.7982
trucks-strips-p26,0,True,196,814,1036,2101,0,2167,104,0,0,0,0,0,0,0,0,54,54,54,0.1393,0.1265,0.0049,0.0027,0.0,0.0,0.0,0.03,0.3062
trucks-strips-p27,0,True,207,857,1085,2207,0,2340,110,0,0,0,0,0,0,0,0,57,57,57,0.1537,0.1654,0.0055,0.0029,0.0,0.0,0.0,0.0313,0.3618
trucks-strips-p29,0,True,236,985,1267,2552,0,2706,122,0,0,0,0,0,0,0,0,63,63,63,0.3054,0.3288,0.0082,0.0033,0.0,0.0,0.0,0.0372,0.6884
trucks-strips-p28,0,True,218,900,1134,2313,0,2453,116,0,0,0,0,0,0,0,0,60,60,60,0.1664,0.1828,0.0063,0.003,0.0,0.0,0.0,0.0332,0.3948
visitall-opt11-strips-problem05-full,0,True,0,64,128,240,0,296,56,0,0,0,0,0,0,0,0,24,24,24,0.0053,0.0004,0.0001,0.0013,0.0,0.0,0.0,0.0053,0.0129
visitall-opt11-strips-problem02-half,0,True,2,4,5,13,0,11,0,0,0,0,0,0,0,0,0,1,1,1,0.0054,0.0001,0.0,0.0012,0.0,0.0,0.0,0.0022,0.0095
visitall-opt11-strips-problem04-full,0,True,0,34,68,132,0,158,32,0,0,0,0,0,0,0,0,15,15,15,0.0049,0.0002,0.0001,0.0012,0.0,0.0,0.0,0.0041,0.011
visitall-opt11-strips-problem03-full,0,True,0,12,24,52,0,56,14,0,0,0,0,0,0,0,0,8,8,8,0.0039,0.0001,0.0,0.0016,0.0,0.0,0.0,0.0031,0.0092
visitall-opt11-strips-problem04-half,0,True,8,34,49,105,0,115,26,0,0,0,0,0,0,0,0,10,10,10,0.0052,0.0002,0.0001,0.0011,0.0,0.0,0.0,0.0042,0.0112
visitall-opt11-strips-problem03-half,0,True,4,12,19,43,0,45,12,0,0,0,0,0,0,0,0,5,5,5,0.0051,0.0001,0.0,0.0009,0.0,0.0,0.0,0.0033,0.0099
visitall-opt11-strips-problem07-full,0,True,0,152,304,552,0,696,108,0,0,0,0,0,0,0,0,48,48,48,0.0069,0.0013,0.0005,0.0015,0.0,0.0,0.0,0.0084,0.0191
visitall-opt11-strips-problem05-half,0,True,10,64,98,200,0,227,34,0,0,0,0,0,0,0,0,15,15,15,0.0054,0.0003,0.0001,0.001,0.0,0.0,0.0,0.0052,0.0125
visitall-opt11-strips-problem06-half,0,True,20,104,148,302,0,341,52,9,0,0,4,0,0,0,0,19,20,19,0.0062,0.0006,0.0001,0.0014,0.0,0.0002,0.0,0.0086,0.0175
visitall-opt11-strips-problem06-full,0,True,0,104,208,382,0,478,80,0,0,0,0,0,0,0,0,35,35,35,0.0061,0.0008,0.0002,0.0011,0.0,0.0,0.0,0.0066,0.0153
visitall-opt11-strips-problem08-full,0,True,0,208,416,750,0,950,140,0,0,0,0,0,0,0,0,63,63,63,0.0061,0.0022,0.0007,0.0014,0.0,0.0,0.0,0.0106,0.0216
visitall-opt11-strips-problem07-half,0,True,16,152,255,487,0,584,79,13,0,0,4,0,0,0,0,32,33,32,0.0066,0.0011,0.0003,0.0027,0.0,0.0002,0.0,0.0103,0.0215
visitall-opt11-strips-problem10-full,0,True,0,344,688,1230,0,1566,214,0,0,0,0,0,0,0,0,99,99,99,0.0069,0.0055,0.0021,0.0023,0.0,0.0,0.0,0.0158,0.0333
visitall-opt11-strips-problem11-full,0,True,0,424,848,1512,0,1928,226,0,0,0,0,0,0,0,0,120,120,120,0.0078,0.0079,0.0038,0.0023,0.0,0.0,0.0,0.0188,0.0412
visitall-opt11-strips-problem09-half,0,True,31,272,439,840,0,1000,121,93,0,0,20,0,0,0,0,51,54,51,0.006,0.0026,0.0011,0.0019,0.0,0.0025,0.0,0.0721,0.0844
visitall-opt11-strips-problem08-half,0,True,31,208,314,617,0,717,92,36,0,0,8,0,0,0,0,37,38,37,0.0055,0.0016,0.0005,0.0016,0.0,0.0007,0.0,0.0359,0.0456
visitall-opt11-strips-problem09-full,0,True,0,272,544,976,0,1240,174,0,0,0,0,0,0,0,0,80,80,80,0.0063,0.0036,0.0013,0.0017,0.0,0.0,0.0,0.013,0.0264
visitall-opt11-strips-problem10-half,0,True,52,344,505,995,0,1150,135,134,0,0,14,0,0,0,0,56,58,56,0.0071,0.0037,0.0012,0.0016,0.0,0.0032,0.0,0.1021,0.1163
visitall-opt14-strips-p-05-6,0,True,18,104,155,311,0,356,51,29,0,0,11,0,0,0,0,20,22,20,0.0196,0.0006,0.0001,0.0012,0.0,0.0005,0.0,0.0195,0.0416
visitall-opt11-strips-problem11-half,0,True,63,424,626,1227,0,1423,152,151,0,0,12,0,0,0,0,64,68,64,0.0073,0.0053,0.002,0.0018,0.0,0.0042,0.0,0.0671,0.0842
visitall-opt14-strips-p-05-8,0,True,33,208,309,610,0,707,98,118,0,0,12,0,0,0,0,39,39,39,0.0062,0.0016,0.0005,0.0015,0.0,0.0019,0.0,0.1377,0.148
visitall-opt14-strips-p-05-7,0,True,25,152,224,447,0,513,71,79,0,0,14,0,0,0,0,28,30,28,0.0061,0.001,0.0003,0.0011,0.0,0.0012,0.0,0.032,0.0412
visitall-opt14-strips-p-05-10,0,True,54,344,495,983,0,1127,128,91,0,0,15,0,0,0,0,53,54,53,0.0068,0.0035,0.0012,0.0022,0.0,0.0028,0.0,0.0832,0.0976
visitall-opt14-strips-p-05-5,0,True,7,64,110,215,0,254,46,0,0,0,0,0,0,0,0,18,18,18,0.0055,0.0004,0.0001,0.0013,0.0,0.0,0.0,0.0052,0.013
visitall-opt14-strips-p-1-11,0,True,0,424,848,1512,0,1928,226,0,0,0,0,0,0,0,0,120,120,120,0.0096,0.0077,0.0034,0.0026,0.0,0.0,0.0,0.0211,0.0451
visitall-opt14-strips-p-1-12,0,True,0,512,1024,1822,0,2326,281,0,0,0,0,0,0,0,0,143,143,143,0.008,0.012,0.0058,0.0026,0.0,0.0,0.0,0.0225,0.0515
visitall-opt14-strips-p-1-14,0,True,0,712,1424,2526,0,3230,415,0,0,0,0,0,0,0,0,195,195,195,0.0107,0.0274,0.0119,0.0038,0.0,0.0,0.0,0.0297,0.0843
visitall-opt14-strips-p-1-13,0,True,0,608,1216,2160,0,2760,335,0,0,0,0,0,0,0,0,168,168,168,0.0086,0.0178,0.0083,0.003,0.0,0.0,0.0,0.0258,0.0643
visitall-opt14-strips-p-1-10,0,True,0,344,688,1230,0,1566,214,0,0,0,0,0,0,0,0,99,99,99,0.0063,0.0055,0.0021,0.0022,0.0,0.0,0.0,0.0156,0.0322
visitall-opt14-strips-p-05-9,0,True,39,272,411,804,0,938,114,139,0,0,17,0,0,0,0,46,48,46,0.0066,0.0024,0.0008,0.0014,0.0,0.003,0.0,0.0945,0.1064
visitall-opt14-strips-p-1-15,0,True,0,824,1648,2920,0,3736,504,0,0,0,0,0,0,0,0,224,224,224,0.0111,0.0397,0.0182,0.0045,0.0,0.0,0.0,0.0336,0.1078
visitall-opt14-strips-p-1-17,0,True,0,1072,2144,3792,0,4856,665,0,0,0,0,0,0,0,0,288,288,288,0.0141,0.0781,0.0387,0.0064,0.0,0.0,0.0,0.0429,0.181
visitall-opt14-strips-p-1-16,0,True,0,944,1888,3342,0,4278,583,0,0,0,0,0,0,0,0,255,255,255,0.013,0.0576,0.0238,0.0057,0.0,0.0,0.0,0.039,0.14
visitall-opt14-strips-p-1-18,0,True,0,1208,2416,4270,0,5470,738,0,0,0,0,0,0,0,0,323,323,323,0.0167,0.1016,0.0495,0.0079,0.0,0.0,0.0,0.0495,0.2263
visitall-opt14-strips-p-1-5,0,True,0,64,128,240,0,296,56,0,0,0,0,0,0,0,0,24,24,24,0.0046,0.0004,0.0001,0.0013,0.0,0.0,0.0,0.0052,0.0122
visitall-opt14-strips-p-1-6,0,True,0,104,208,382,0,478,80,0,0,0,0,0,0,0,0,35,35,35,0.0055,0.0008,0.0002,0.0014,0.0,0.0,0.0,0.0067,0.0151
visitall-opt14-strips-p-1-7,0,True,0,152,304,552,0,696,108,0,0,0,0,0,0,0,0,48,48,48,0.0054,0.0013,0.0004,0.0014,0.0,0.0,0.0,0.0084,0.0175
visitall-opt14-strips-p-1-9,0,True,0,272,544,976,0,1240,174,0,0,0,0,0,0,0,0,80,80,80,0.0064,0.0036,0.0015,0.0016,0.0,0.0,0.0,0.013,0.0266
visitall-sat11-strips-problem16,0,True,0,944,1888,3342,0,4278,583,0,0,0,0,0,0,0,0,255,255,255,0.0125,0.0574,0.0238,0.0055,0.0,0.0,0.0,0.0388,0.1389
visitall-opt14-strips-p-1-8,0,True,0,208,416,750,0,950,140,0,0,0,0,0,0,0,0,63,63,63,0.0063,0.0022,0.0007,0.0016,0.0,0.0,0.0,0.0105,0.0219
visitall-sat11-strips-problem14,0,True,0,712,1424,2526,0,3230,415,0,0,0,0,0,0,0,0,195,195,195,0.0104,0.0278,0.0118,0.0042,0.0,0.0,0.0,0.0294,0.0843
visitall-sat11-strips-problem12,0,True,0,512,1024,1822,0,2326,281,0,0,0,0,0,0,0,0,143,143,143,0.0075,0.0117,0.0057,0.0026,0.0,0.0,0.0,0.0225,0.0507
visitall-sat11-strips-problem20,0,True,0,1504,3008,5310,0,6806,892,0,0,0,0,0,0,0,0,399,399,399,0.0228,0.1632,0.0909,0.0113,0.0,0.0,0.0,0.0529,0.3429
visitall-sat11-strips-problem24,0,True,0,2192,4384,7726,0,9910,1193,0,0,0,0,0,0,0,0,575,575,575,0.0358,0.3733,0.229,0.0193,0.0,0.0,0.0,0.0745,0.7337
visitall-sat11-strips-problem26,0,True,0,2584,5168,9102,0,11678,1348,0,0,0,0,0,0,0,0,675,675,675,0.0465,0.5686,0.3782,0.0255,0.0,0.0,0.0,0.0855,1.1063
visitall-sat11-strips-problem18,0,True,0,1208,2416,4270,0,5470,738,0,0,0,0,0,0,0,0,323,323,323,0.0171,0.1014,0.0495,0.0081,0.0,0.0,0.0,0.0494,0.2267
woodworking-opt08-strips-p01,0,False,11,22,57,110,0,147,18,0,0,0,3,0,0,0,0,170,205,170,0.0056,0.0005,0.0,0.0012,0.0,0.0001,0.0,0.0041,0.012
visitall-sat11-strips-problem22,0,True,0,1832,3664,6462,0,8286,1042,0,0,0,0,0,0,0,0,483,483,483,0.0279,0.2558,0.1469,0.0144,0.0,0.0,0.0,0.0636,0.5102
visitall-sat11-strips-problem32,0,True,0,3952,7904,13902,0,17846,1833,0,0,0,0,0,0,0,0,1023,1023,1023,0.0918,1.4981,1.1836,0.0548,0.0,0.0,0.0,0.1408,2.9726
visitall-sat11-strips-problem36,0,True,0,5024,10048,17662,0,22678,2219,0,0,0,0,0,0,0,0,1295,1295,1295,0.1385,2.5607,2.532,0.0849,0.0,0.0,0.0,0.1793,5.5005
visitall-sat11-strips-problem38,0,True,0,5608,11216,19710,0,25310,2439,0,0,0,0,0,0,0,0,1443,1443,1443,0.1694,3.3648,3.2708,0.1048,0.0,0.0,0.0,0.1985,7.1138
visitall-sat11-strips-problem34,0,True,0,4472,8944,15726,0,20190,2014,0,0,0,0,0,0,0,0,1155,1155,1155,0.1117,2.0878,1.7961,0.0683,0.0,0.0,0.0,0.1595,4.2276
visitall-sat11-strips-problem30,0,True,0,3464,6928,12190,0,15646,1669,0,0,0,0,0,0,0,0,899,899,899,0.0725,1.1435,0.891,0.0431,0.0,0.0,0.0,0.1252,2.2782
visitall-sat11-strips-problem28,0,True,0,3008,6016,10590,0,13590,1507,0,0,0,0,0,0,0,0,783,783,783,0.0591,0.8135,0.5942,0.0335,0.0,0.0,0.0,0.1094,1.612
visitall-sat11-strips-problem46,0,True,0,8264,16528,29022,0,37278,3406,0,0,0,0,0,0,0,0,2115,2115,2115,0.363,9.2146,9.7923,0.2182,0.0,0.0,0.0,0.3058,19.9049
visitall-sat11-strips-problem44,0,True,0,7552,15104,26526,0,34070,3148,0,0,0,0,0,0,0,0,1935,1935,1935,0.2899,7.5587,7.385,0.1839,0.0,0.0,0.0,0.2707,15.7
visitall-sat14-strips-pfile30,0,True,0,3464,6928,12190,0,15646,1669,0,0,0,0,0,0,0,0,899,899,899,0.071,1.0713,0.8376,0.0431,0.0,0.0,0.0,0.1252,2.1513
visitall-sat11-strips-problem48,0,True,0,9008,18016,31630,0,40630,3675,0,0,0,0,0,0,0,0,2303,2303,2303,0.4046,12.2314,12.3288,0.26,0.0,0.0,0.0,0.3262,25.5675
visitall-sat11-strips-problem42,0,True,0,6872,13744,24142,0,31006,2900,0,0,0,0,0,0,0,0,1763,1763,1763,0.2427,5.7236,5.6693,0.1534,0.0,0.0,0.0,0.2407,12.0393
visitall-sat11-strips-problem40,0,True,0,6224,12448,21870,0,28086,2664,0,0,0,0,0,0,0,0,1599,1599,1599,0.2023,4.4031,4.3714,0.1278,0.0,0.0,0.0,0.2199,9.3314
visitall-sat11-strips-problem50,0,True,0,9784,19568,34350,0,44126,3956,0,0,0,0,0,0,0,0,2499,2499,2499,0.4771,15.9657,16.0111,0.3013,0.0,0.0,0.0,0.3565,33.1308
visitall-sat14-strips-pfile31,0,True,0,3704,7408,13032,0,16728,1784,0,0,0,0,0,0,0,0,960,960,960,0.0804,1.3559,1.0256,0.0487,0.0,0.0,0.0,0.1228,2.6365
visitall-sat14-strips-pfile53,0,True,0,11008,22016,38640,0,49640,4433,0,0,0,0,0,0,0,0,2808,2808,2808,0.5948,22.6973,23.3986,0.3815,0.0,0.0,0.0,0.3969,47.4864
visitall-sat14-strips-pfile52,0,True,0,10592,21184,37182,0,47766,4247,0,0,0,0,0,0,0,0,2703,2703,2703,0.5533,20.3796,20.519,0.3506,0.0,0.0,0.0,0.3933,42.2126
visitall-sat14-strips-pfile33,0,True,0,4208,8416,14800,0,19000,1955,0,0,0,0,0,0,0,0,1088,1088,1088,0.1029,1.8249,1.5273,0.0609,0.0,0.0,0.0,0.1521,3.6719
visitall-sat14-strips-pfile32,0,True,0,3952,7904,13902,0,17846,1833,0,0,0,0,0,0,0,0,1023,1023,1023,0.0906,1.5677,1.2693,0.0545,0.0,0.0,0.0,0.1407,3.1264
visitall-sat14-strips-pfile50,0,True,0,9784,19568,34350,0,44126,3956,0,0,0,0,0,0,0,0,2499,2499,2499,0.4736,15.8374,15.8675,0.3011,0.0,0.0,0.0,0.3537,32.8515
visitall-sat14-strips-pfile51,0,True,0,10184,20368,35752,0,45928,4135,0,0,0,0,0,0,0,0,2600,2600,2600,0.5127,19.1637,18.9078,0.3273,0.0,0.0,0.0,0.3837,39.3109
visitall-sat14-strips-pfile56,0,True,0,12304,24608,43182,0,55478,4863,0,0,0,0,0,0,0,0,3135,3135,3135,0.7399,31.4245,32.9131,0.4705,0.0,0.0,0.0,0.4825,66.0606
visitall-sat14-strips-pfile55,0,True,0,11864,23728,41640,0,53496,4742,0,0,0,0,0,0,0,0,3024,3024,3024,0.6887,28.2707,28.7966,0.438,0.0,0.0,0.0,0.4454,58.6586
visitall-sat14-strips-pfile54,0,True,0,11432,22864,40126,0,51550,4549,0,0,0,0,0,0,0,0,2915,2915,2915,0.6395,26.4263,26.2206,0.4102,0.0,0.0,0.0,0.4259,54.1486
visitall-sat14-strips-pfile57,0,True,0,12752,25504,44752,0,57496,5063,0,0,0,0,0,0,0,0,3248,3248,3248,0.8106,36.175,34.7343,0.506,0.0,0.0,0.0,0.5012,72.7508
visitall-sat14-strips-pfile59,0,True,0,13672,27344,47976,0,61640,5394,0,0,0,0,0,0,0,0,3480,3480,3480,0.9065,42.5851,42.4448,0.579,0.0,0.0,0.0,0.541,87.0811
visitall-sat14-strips-pfile60,0,True,0,14144,28288,49630,0,63766,5522,0,0,0,0,0,0,0,0,3599,3599,3599,0.9677,46.4022,49.8331,0.6182,0.0,0.0,0.0,0.5355,98.3997
visitall-sat14-strips-pfile61,0,True,0,14624,29248,51312,0,65928,5736,0,0,0,0,0,0,0,0,3720,3720,3720,1.0351,50.8565,51.4025,0.6579,0.0,0.0,0.0,0.5617,104.542
visitall-sat14-strips-pfile58,0,True,0,13208,26416,46350,0,59550,5187,0,0,0,0,0,0,0,0,3363,3363,3363,0.847,38.297,40.6685,0.5379,0.0,0.0,0.0,0.4993,80.8753
visitall-sat14-strips-pfile62,0,True,0,15112,30224,53022,0,68126,5869,0,0,0,0,0,0,0,0,3843,3843,3843,1.0977,55.5092,59.8901,0.7028,0.0,0.0,0.0,0.5842,117.8288
visitall-sat14-strips-pfile63,0,True,0,15608,31216,54760,0,70360,6090,0,0,0,0,0,0,0,0,3968,3968,3968,1.1894,64.6048,62.3842,0.7448,0.0,0.0,0.0,0.6033,129.5608
visitall-sat14-strips-pfile64,0,True,0,16112,32224,56526,0,72630,6226,0,0,0,0,0,0,0,0,4095,4095,4095,1.2489,65.9901,70.7099,0.7949,0.0,0.0,0.0,0.6357,139.417
visitall-sat14-strips-pfile65,0,True,0,16624,33248,58320,0,74936,6454,0,0,0,0,0,0,0,0,4224,4224,4224,1.3285,71.1289,74.4759,0.8402,0.0,0.0,0.0,0.6726,148.4831
woodworking-opt08-strips-p05,0,False,41,160,735,981,0,1228,43,0,0,0,2,0,0,0,0,260,370,260,0.0102,0.0034,0.0004,0.0015,0.0,0.0001,0.0,0.0243,0.0406
woodworking-opt08-strips-p04,0,False,38,103,410,586,0,743,38,0,0,0,2,0,0,0,0,235,340,235,0.009,0.0024,0.0003,0.0015,0.0,0.0001,0.0,0.0138,0.0276
woodworking-opt08-strips-p03,0,False,22,75,294,429,0,549,22,0,0,0,2,0,0,0,0,275,360,275,0.0249,0.0014,0.0002,0.0014,0.0,0.0001,0.0,0.0104,0.0389
woodworking-opt08-strips-p02,0,False,13,24,54,113,0,134,19,0,0,0,0,0,0,0,0,185,185,185,0.0076,0.0006,0.0,0.0012,0.0,0.0,0.0,0.0038,0.0137
woodworking-opt08-strips-p08,0,False,84,291,1224,1660,0,2037,51,0,0,0,2,0,0,0,0,420,545,420,0.0147,0.0076,0.0013,0.0022,0.0,0.0001,0.0,0.0518,0.0783
woodworking-opt08-strips-p06,0,False,50,193,951,1245,0,1584,35,0,0,0,5,0,0,0,0,430,550,430,0.0096,0.0035,0.0007,0.0022,0.0,0.0002,0.0,0.0875,0.104
woodworking-opt08-strips-p09,0,False,71,123,439,696,0,862,44,0,0,0,2,0,0,0,0,425,505,425,0.0129,0.0056,0.0006,0.0015,0.0,0.0001,0.0,0.0128,0.034
woodworking-opt08-strips-p07,0,False,68,231,962,1316,0,1633,55,0,0,0,3,0,0,0,0,390,515,390,0.0131,0.0056,0.0009,0.0021,0.0,0.0001,0.0,0.0485,0.0708
woodworking-opt08-strips-p10,0,False,109,567,2586,3331,0,4078,78,0,0,0,2,0,0,0,0,485,665,485,0.0177,0.0142,0.003,0.0034,0.0,0.0002,0.0,0.0905,0.1298
woodworking-opt08-strips-p12,0,False,28,78,302,436,0,567,32,0,0,0,2,0,0,0,0,225,300,225,0.0218,0.0013,0.0002,0.0014,0.0,0.0001,0.0,0.0114,0.0366
woodworking-opt08-strips-p11,0,False,10,17,57,105,0,133,13,0,0,0,1,0,0,0,0,130,160,130,0.0055,0.0004,0.0,0.0012,0.0,0.0,0.0,0.0102,0.0179
woodworking-opt08-strips-p15,0,False,35,151,649,875,0,1070,36,0,0,0,3,0,0,0,0,270,395,270,0.0096,0.0027,0.0005,0.0018,0.0,0.0001,0.0,0.0194,0.0346
woodworking-opt08-strips-p13,0,False,38,106,453,630,0,813,38,0,0,0,2,0,0,0,0,195,300,195,0.0076,0.0019,0.0003,0.0013,0.0,0.0001,0.0,0.0169,0.0285
woodworking-opt08-strips-p14,0,False,35,133,631,836,0,1066,36,0,0,0,2,0,0,0,0,195,325,195,0.0096,0.0019,0.0003,0.0017,0.0,0.0001,0.0,0.0218,0.0363
woodworking-opt08-strips-p21,0,False,9,14,39,78,0,101,13,0,0,0,2,0,0,0,0,95,135,95,0.0063,0.0003,0.0,0.001,0.0,0.0,0.0,0.0037,0.0118
woodworking-opt08-strips-p23,0,False,19,47,183,283,0,368,23,0,0,0,3,0,0,0,0,195,260,195,0.0251,0.0009,0.0001,0.0013,0.0,0.0001,0.0,0.0068,0.0347
woodworking-opt08-strips-p22,0,False,17,30,108,179,0,237,28,0,0,0,2,0,0,0,0,175,225,175,0.0057,0.0007,0.0001,0.0011,0.0,0.0,0.0,0.0054,0.0135
woodworking-opt08-strips-p17,0,False,73,276,1155,1559,0,1936,64,0,0,0,2,0,0,0,0,280,415,280,0.0132,0.0067,0.0013,0.0023,0.0,0.0001,0.0,0.0443,0.0686
woodworking-opt08-strips-p20,0,False,102,595,2800,3573,0,4368,75,0,0,0,2,0,0,0,0,435,635,435,0.0177,0.0142,0.0037,0.0039,0.0,0.0001,0.0,0.0839,0.1244
woodworking-opt08-strips-p19,0,False,88,386,1694,2230,0,2731,67,0,0,0,2,0,0,0,0,395,600,395,0.0154,0.009,0.002,0.0026,0.0,0.0001,0.0,0.0716,0.1014
woodworking-opt08-strips-p16,0,False,52,136,514,747,0,932,54,0,0,0,2,0,0,0,0,275,380,275,0.0114,0.0038,0.0005,0.0016,0.0,0.0001,0.0,0.0172,0.035
woodworking-opt08-strips-p18,0,False,67,317,1410,1858,0,2278,55,0,0,0,2,0,0,0,0,435,620,435,0.0131,0.0071,0.0014,0.0022,0.0,0.0001,0.0,0.0494,0.0741
woodworking-opt11-strips-p01,0,False,19,47,183,283,0,368,23,0,0,0,3,0,0,0,0,195,260,195,0.0064,0.0009,0.0001,0.0012,0.0,0.0001,0.0,0.0068,0.0159
woodworking-opt08-strips-p30,0,False,77,308,1266,1731,0,2189,67,0,0,0,2,0,0,0,0,650,820,650,0.0159,0.0095,0.0021,0.0022,0.0,0.0001,0.0,0.0456,0.076
woodworking-opt08-strips-p25,0,False,44,185,757,1035,0,1306,49,0,0,0,2,0,0,0,0,380,535,380,0.0106,0.004,0.0009,0.0016,0.0,0.0001,0.0,0.0233,0.0411
woodworking-opt08-strips-p28,0,False,47,217,917,1242,0,1520,54,0,0,0,2,0,0,0,0,465,685,465,0.013,0.0054,0.0009,0.0028,0.0,0.0001,0.0,0.0323,0.0549
woodworking-opt08-strips-p24,0,False,35,75,242,390,0,488,40,0,0,0,3,0,0,0,0,235,325,235,0.0082,0.0019,0.0002,0.0015,0.0,0.0001,0.0,0.0124,0.0247
woodworking-opt08-strips-p27,0,False,52,179,765,1056,0,1318,66,0,0,0,2,0,0,0,0,320,590,320,0.0123,0.0045,0.0009,0.0017,0.0,0.0001,0.0,0.0246,0.0446
woodworking-opt08-strips-p26,0,False,58,172,748,1027,0,1308,48,0,0,0,2,0,0,0,0,220,365,220,0.0111,0.0041,0.0007,0.0025,0.0,0.0001,0.0,0.0247,0.0437
woodworking-opt08-strips-p29,0,False,75,361,1628,2136,0,2624,54,0,0,0,2,0,0,0,0,535,715,535,0.0163,0.0095,0.002,0.0026,0.0,0.0001,0.0,0.0637,0.0948
woodworking-opt11-strips-p02,0,False,28,78,302,436,0,567,32,0,0,0,2,0,0,0,0,225,300,225,0.0268,0.0013,0.0002,0.0017,0.0,0.0001,0.0,0.0114,0.0419
woodworking-opt11-strips-p09,0,False,41,160,735,981,0,1228,43,0,0,0,2,0,0,0,0,260,370,260,0.0108,0.0034,0.0004,0.0018,0.0,0.0001,0.0,0.0245,0.0416
woodworking-opt11-strips-p07,0,False,35,133,631,836,0,1066,36,0,0,0,2,0,0,0,0,195,325,195,0.0222,0.0019,0.0003,0.0016,0.0,0.0001,0.0,0.022,0.0486
woodworking-opt11-strips-p03,0,False,38,106,453,630,0,813,38,0,0,0,2,0,0,0,0,195,300,195,0.0077,0.002,0.0002,0.0016,0.0,0.0001,0.0,0.0169,0.029
woodworking-opt11-strips-p12,0,False,52,136,514,747,0,932,54,0,0,0,2,0,0,0,0,275,380,275,0.0118,0.0038,0.0005,0.0018,0.0,0.0001,0.0,0.0172,0.0355
woodworking-opt11-strips-p05,0,False,35,75,242,390,0,488,40,0,0,0,3,0,0,0,0,235,325,235,0.0078,0.0019,0.0003,0.0011,0.0,0.0001,0.0,0.0144,0.0261
woodworking-opt11-strips-p13,0,False,50,193,951,1245,0,1584,35,0,0,0,5,0,0,0,0,430,550,430,0.0095,0.0035,0.0007,0.0024,0.0,0.0002,0.0,0.0872,0.104
woodworking-opt11-strips-p10,0,False,35,151,649,875,0,1070,36,0,0,0,3,0,0,0,0,270,395,270,0.0089,0.0027,0.0005,0.0016,0.0,0.0001,0.0,0.0196,0.0339
woodworking-opt11-strips-p11,0,False,58,172,748,1027,0,1308,48,0,0,0,2,0,0,0,0,220,365,220,0.0092,0.004,0.0006,0.0016,0.0,0.0001,0.0,0.0247,0.0408
woodworking-opt11-strips-p08,0,False,44,185,757,1035,0,1306,49,0,0,0,2,0,0,0,0,380,535,380,0.0091,0.0039,0.0008,0.0017,0.0,0.0001,0.0,0.0233,0.0394
woodworking-opt11-strips-p06,0,False,38,103,410,586,0,743,38,0,0,0,2,0,0,0,0,235,340,235,0.0081,0.0023,0.0003,0.0017,0.0,0.0001,0.0,0.0139,0.0268
woodworking-opt11-strips-p04,0,False,22,75,294,429,0,549,22,0,0,0,2,0,0,0,0,275,360,275,0.0088,0.0014,0.0002,0.0013,0.0,0.0001,0.0,0.0105,0.0227
woodworking-opt11-strips-p16,0,False,68,231,962,1316,0,1633,55,0,0,0,3,0,0,0,0,390,515,390,0.0258,0.0056,0.0009,0.0021,0.0,0.0001,0.0,0.0487,0.0837
woodworking-opt11-strips-p17,0,False,47,217,917,1242,0,1520,54,0,0,0,2,0,0,0,0,465,685,465,0.015,0.0054,0.0009,0.0018,0.0,0.0001,0.0,0.032,0.0557
woodworking-opt11-strips-p20,0,False,75,361,1628,2136,0,2624,54,0,0,0,2,0,0,0,0,535,715,535,0.0306,0.0095,0.0019,0.0026,0.0,0.0001,0.0,0.0636,0.109
woodworking-opt11-strips-p14,0,False,52,179,765,1056,0,1318,66,0,0,0,2,0,0,0,0,320,590,320,0.0123,0.0045,0.0009,0.0016,0.0,0.0001,0.0,0.0245,0.0445
woodworking-sat08-strips-p01,0,False,7,12,27,58,0,70,9,0,0,0,1,0,0,0,0,110,120,110,0.004,0.0003,0.0,0.0009,0.0,0.0,0.0,0.0068,0.0125
woodworking-sat08-strips-p04,0,False,74,462,2123,2745,0,3379,67,0,0,0,3,0,0,0,0,725,875,725,0.0156,0.0107,0.003,0.0029,0.0,0.0002,0.0,0.0894,0.1224
woodworking-opt11-strips-p15,0,False,73,276,1155,1559,0,1936,64,0,0,0,2,0,0,0,0,280,415,280,0.0124,0.0065,0.0011,0.0022,0.0,0.0001,0.0,0.0445,0.0674
woodworking-sat08-strips-p03,0,False,73,329,1535,1991,0,2490,53,0,0,0,2,0,0,0,0,425,565,425,0.0138,0.0065,0.0013,0.0024,0.0,0.0001,0.0,0.054,0.0788
woodworking-opt11-strips-p18,0,False,67,317,1410,1858,0,2278,55,0,0,0,2,0,0,0,0,435,620,435,0.0153,0.0071,0.0015,0.0025,0.0,0.0001,0.0,0.0496,0.0768
woodworking-sat08-strips-p02,0,False,18,29,91,174,0,206,17,0,0,0,2,0,0,0,0,255,295,255,0.0075,0.0011,0.0001,0.001,0.0,0.0001,0.0,0.0045,0.0147
woodworking-opt11-strips-p19,0,False,84,291,1224,1660,0,2037,51,0,0,0,2,0,0,0,0,420,545,420,0.0152,0.0076,0.0013,0.0024,0.0,0.0001,0.0,0.0525,0.0798
woodworking-sat08-strips-p05,0,False,111,715,3291,4212,0,5142,90,0,0,0,2,0,0,0,0,515,770,515,0.0219,0.0197,0.0063,0.0043,0.0,0.0002,0.0,0.1028,0.156
woodworking-sat08-strips-p07,0,False,198,1916,8961,11204,0,13386,140,0,0,0,5,0,0,0,0,900,1305,900,0.0455,0.0801,0.0323,0.013,0.0,0.0007,0.0,0.6533,0.8255
woodworking-sat08-strips-p09,0,False,270,2864,13437,16734,0,19882,166,0,0,0,7,0,0,0,0,990,1520,990,0.0741,0.1606,0.0739,0.0213,0.0,0.0013,0.0,0.9253,1.2591
woodworking-sat08-strips-p15,0,False,103,720,3378,4299,0,5256,75,0,0,0,3,0,0,0,0,790,980,790,0.0196,0.0178,0.006,0.0044,0.0,0.0003,0.0,0.161,0.2099
woodworking-sat08-strips-p13,0,False,68,374,1750,2254,0,2808,59,0,0,0,2,0,0,0,0,435,590,435,0.0147,0.0075,0.0017,0.0031,0.0,0.0001,0.0,0.0611,0.089
woodworking-sat08-strips-p12,0,False,23,59,236,355,0,440,26,0,0,0,2,0,0,0,0,270,360,270,0.0081,0.0013,0.0001,0.0012,0.0,0.0001,0.0,0.0092,0.0205
woodworking-sat08-strips-p11,0,False,3,7,13,33,0,31,0,0,0,0,0,0,0,0,0,50,50,50,0.0086,0.0002,0.0,0.001,0.0,0.0,0.0,0.002,0.0124
woodworking-sat08-strips-p16,0,False,171,829,3656,4753,0,5751,104,0,0,0,7,0,0,0,0,640,940,640,0.0273,0.0357,0.0117,0.0057,0.0,0.0007,0.0,0.1984,0.2798
woodworking-sat08-strips-p08,0,False,208,2561,12358,15282,0,18239,151,0,0,0,5,0,0,0,0,1080,1515,1080,0.0527,0.1097,0.0501,0.0183,0.0,0.0009,0.0,0.679,0.9113
woodworking-sat08-strips-p14,0,False,116,518,2280,2985,0,3664,75,0,0,0,2,0,0,0,0,455,660,455,0.0185,0.0153,0.0033,0.0033,0.0,0.0002,0.0,0.0661,0.1073
woodworking-sat08-strips-p10,0,False,266,2888,13410,16745,0,19842,183,0,0,0,4,0,0,0,0,1080,1615,1080,0.0803,0.1774,0.0877,0.0202,0.0,0.0008,0.0,0.9196,1.2874
woodworking-sat08-strips-p06,0,False,122,904,4216,5351,0,6469,114,0,0,0,2,0,0,0,0,690,1000,690,0.0263,0.0295,0.0093,0.0055,0.0,0.0002,0.0,0.1368,0.2083
woodworking-sat08-strips-p19,0,False,226,1505,6777,8672,0,10392,166,0,0,0,2,0,0,0,0,995,1425,995,0.0762,0.0943,0.0287,0.0102,0.0,0.0003,0.0,0.2228,0.4335
woodworking-sat08-strips-p17,0,False,154,1048,4634,5968,0,7178,122,0,0,0,2,0,0,0,0,905,1150,905,0.0365,0.0473,0.0158,0.007,0.0,0.0002,0.0,0.1703,0.278
woodworking-sat08-strips-p25,0,False,116,493,2177,2883,0,3577,96,0,0,0,2,0,0,0,0,520,815,520,0.021,0.0184,0.0048,0.0035,0.0,0.0002,0.0,0.0732,0.1218
woodworking-sat08-strips-p26,0,False,126,569,2428,3246,0,4002,95,0,0,0,5,0,0,0,0,910,1125,910,0.0261,0.0251,0.0058,0.0041,0.0,0.0005,0.0,0.1371,0.1991
woodworking-sat08-strips-p23,0,False,51,122,420,646,0,797,46,0,0,0,2,0,0,0,0,385,475,385,0.0127,0.0039,0.0005,0.0015,0.0,0.0001,0.0,0.0142,0.0334
woodworking-sat08-strips-p22,0,False,27,57,200,319,0,395,33,0,0,0,2,0,0,0,0,205,295,205,0.0103,0.0017,0.0001,0.0013,0.0,0.0001,0.0,0.0079,0.0219
woodworking-sat08-strips-p28,0,False,222,1602,7245,9234,0,11153,152,0,0,0,7,0,0,0,0,1290,1670,1290,0.0532,0.0948,0.0351,0.0115,0.0,0.0011,0.0,0.4359,0.6319
woodworking-sat08-strips-p20,0,False,297,2881,13303,16670,0,19834,212,0,0,0,3,0,0,0,0,1155,1780,1155,0.0834,0.1983,0.0923,0.0231,0.0,0.0007,0.0,0.5445,0.9438
woodworking-sat08-strips-p27,0,False,141,732,3171,4158,0,4996,100,0,0,0,2,0,0,0,0,695,930,695,0.0356,0.0368,0.0082,0.005,0.0,0.0002,0.0,0.0921,0.1786
woodworking-sat08-strips-p18,0,False,215,1405,6474,8246,0,9975,133,0,0,0,2,0,0,0,0,920,1375,920,0.0491,0.0794,0.0321,0.01,0.0,0.0003,0.0,0.2439,0.4157
woodworking-sat08-strips-p29,0,False,212,1195,5100,6681,0,8092,182,0,0,0,7,0,0,0,0,1090,1665,1090,0.0524,0.0839,0.0308,0.0082,0.0,0.001,0.0,0.2277,0.4049
woodworking-sat08-strips-p24,0,False,96,323,1347,1840,0,2237,70,0,0,0,2,0,0,0,0,540,755,540,0.0167,0.0111,0.002,0.0025,0.0,0.0001,0.0,0.0403,0.0734
woodworking-sat08-strips-p21,0,False,14,24,64,122,0,168,18,0,0,0,2,0,0,0,0,165,205,165,0.006,0.0006,0.0001,0.0014,0.0,0.0,0.0,0.0043,0.0128
woodworking-sat11-strips-p12,0,False,347,3918,18468,22934,0,27206,210,0,0,0,5,0,0,0,0,1275,1850,1275,0.1079,0.2742,0.14,0.0346,0.0,0.0012,0.0,1.5684,2.1301
woodworking-sat11-strips-p03,0,False,226,1505,6777,8672,0,10392,166,0,0,0,2,0,0,0,0,995,1425,995,0.0552,0.0944,0.0312,0.01,0.0,0.0003,0.0,0.2238,0.4159
woodworking-sat11-strips-p09,0,False,215,1405,6474,8246,0,9975,133,0,0,0,2,0,0,0,0,920,1375,920,0.05,0.0773,0.0293,0.0104,0.0,0.0003,0.0,0.2438,0.4121
woodworking-sat11-strips-p11,0,False,296,2368,10695,13560,0,16140,191,0,0,0,5,0,0,0,0,1305,1890,1305,0.0815,0.1785,0.0882,0.0183,0.0,0.001,0.0,0.6379,1.006
woodworking-sat11-strips-p04,0,False,270,2864,13437,16734,0,19882,166,0,0,0,7,0,0,0,0,990,1520,990,0.0741,0.1604,0.0775,0.0212,0.0,0.0013,0.0,0.9272,1.2642
woodworking-sat11-strips-p07,0,False,222,1602,7245,9234,0,11153,152,0,0,0,7,0,0,0,0,1290,1670,1290,0.0529,0.0947,0.0387,0.0114,0.0,0.0011,0.0,0.4366,0.6355
woodworking-sat11-strips-p08,0,False,212,1195,5100,6681,0,8092,182,0,0,0,7,0,0,0,0,1090,1665,1090,0.0532,0.0837,0.0308,0.0086,0.0,0.001,0.0,0.2273,0.4054
woodworking-sat11-strips-p01,0,False,198,1916,8961,11204,0,13386,140,0,0,0,5,0,0,0,0,900,1305,900,0.0463,0.0824,0.0322,0.0119,0.0,0.0007,0.0,0.6535,0.8278
woodworking-sat11-strips-p06,0,False,266,2888,13410,16745,0,19842,183,0,0,0,4,0,0,0,0,1080,1615,1080,0.0807,0.1776,0.0872,0.0211,0.0,0.0008,0.0,0.9218,1.2905
woodworking-sat11-strips-p10,0,False,3,7,13,33,0,31,0,0,0,0,0,0,0,0,0,50,50,50,0.0061,0.0002,0.0,0.0014,0.0,0.0,0.0,0.0021,0.0103
woodworking-sat11-strips-p02,0,False,208,2561,12358,15282,0,18239,151,0,0,0,5,0,0,0,0,1080,1515,1080,0.0533,0.1098,0.0499,0.0166,0.0,0.0009,0.0,0.6779,0.909
woodworking-sat08-strips-p30,0,False,272,2097,9365,11919,0,14258,189,0,0,0,6,0,0,0,0,1100,1645,1100,0.0713,0.1462,0.0647,0.0164,0.0,0.0011,0.0,0.6826,0.9828
woodworking-sat11-strips-p05,0,False,297,2881,13303,16670,0,19834,212,0,0,0,3,0,0,0,0,1155,1780,1155,0.0832,0.1979,0.0918,0.0233,0.0,0.0007,0.0,0.5453,0.9437
woodworking-sat11-strips-p15,0,False,367,3976,18844,23418,0,27903,231,0,0,0,5,0,0,0,0,1505,2155,1505,0.1236,0.3236,0.17,0.0374,0.0,0.0013,0.0,1.2297,1.8892
woodworking-sat11-strips-p13,0,False,278,2938,13939,17380,0,20693,223,0,0,0,5,0,0,0,0,1375,2130,1375,0.0898,0.2117,0.132,0.0248,0.0,0.0012,0.0,0.8593,1.3198
woodworking-sat11-strips-p18,0,False,163,1971,9576,11840,0,13076,106,0,0,0,8,0,0,0,0,1085,1345,1085,0.0796,0.121,0.0273,0.0125,0.0,0.0011,0.0,0.7579,1.0019
woodworking-sat11-strips-p14,0,False,288,2233,10159,12873,0,15258,167,0,0,0,5,0,0,0,0,1035,1460,1035,0.0825,0.1608,0.0677,0.0168,0.0,0.0009,0.0,0.6756,1.0052
woodworking-sat11-strips-p16,0,False,359,3582,16471,20634,0,24422,216,0,0,0,5,0,0,0,0,1325,1895,1325,0.1156,0.281,0.1519,0.0296,0.0,0.0012,0.0,1.2885,1.8716
woodworking-sat11-strips-p17,0,False,200,2619,12539,15476,0,17181,127,0,0,0,5,0,0,0,0,645,1040,645,0.1031,0.1581,0.0292,0.0166,0.0,0.0007,0.0,1.1085,1.4177
zenotravel-p04,0,True,21,47,63,134,0,138,18,0,0,0,0,0,0,0,0,6,6,6,0.0247,0.0005,0.0,0.0011,0.0,0.0,0.0,0.0049,0.0317
zenotravel-p06,0,True,34,92,128,258,0,274,33,0,0,0,0,0,0,0,0,11,11,11,0.0063,0.0011,0.0001,0.0013,0.0,0.0,0.0,0.007,0.0163
woodworking-sat11-strips-p20,0,False,251,4117,19909,24419,0,26526,148,0,0,0,5,0,0,0,0,950,1435,950,0.1519,0.3109,0.0757,0.0293,0.0,0.001,0.0,1.7827,2.3572
zenotravel-p02,0,True,6,9,14,34,0,30,6,0,0,0,0,0,0,0,0,4,4,4,0.0052,0.0002,0.0,0.001,0.0,0.0,0.0,0.0032,0.01
woodworking-sat11-strips-p19,0,False,201,2990,14364,17699,0,19522,130,0,0,0,6,0,0,0,0,895,1305,895,0.1167,0.2007,0.0398,0.0204,0.0,0.001,0.0,1.2228,1.603
zenotravel-p01,0,True,6,7,7,21,0,18,0,0,0,0,0,0,0,0,0,1,1,1,0.0049,0.0002,0.0,0.0011,0.0,0.0,0.0,0.0021,0.0086
zenotravel-p11,0,True,60,231,321,617,0,677,36,0,0,0,0,0,0,0,0,12,12,12,0.0242,0.0046,0.0003,0.0012,0.0,0.0,0.0,0.0115,0.0424
zenotravel-p07,0,True,32,69,69,174,0,196,30,0,0,0,0,0,0,0,0,11,11,11,0.0068,0.0009,0.0001,0.0011,0.0,0.0,0.0,0.0055,0.0148
zenotravel-p10,0,True,77,259,307,652,0,755,59,0,0,0,0,0,0,0,0,20,20,20,0.0088,0.0039,0.0005,0.0013,0.0,0.0,0.0,0.0122,0.0273
zenotravel-p03,0,True,22,52,80,156,0,157,15,0,0,0,0,0,0,0,0,5,5,5,0.0068,0.0005,0.0,0.001,0.0,0.0,0.0,0.0052,0.0141
zenotravel-p08,0,True,47,153,209,413,0,447,30,0,0,0,0,0,0,0,0,10,10,10,0.0082,0.0024,0.0001,0.0011,0.0,0.0,0.0,0.0089,0.0213
zenotravel-p12,0,True,82,306,386,781,0,900,54,0,0,0,0,0,0,0,0,19,19,19,0.0219,0.0057,0.0006,0.0014,0.0,0.0,0.0,0.0183,0.0485
zenotravel-p05,0,True,34,95,125,258,0,280,31,0,0,0,0,0,0,0,0,11,11,11,0.0063,0.001,0.0001,0.0011,0.0,0.0,0.0,0.0071,0.0161
zenotravel-p09,0,True,72,234,274,587,0,683,53,0,0,0,0,0,0,0,0,18,18,18,0.0088,0.0034,0.0003,0.0013,0.0,0.0,0.0,0.0119,0.0263
zenotravel-p20,0,True,760,5963,6509,13257,0,17981,199,3,0,0,2,0,0,0,0,68,69,68,0.2647,0.8002,0.0651,0.0204,0.0,0.0268,0.0,0.7699,1.9236
zenotravel-p13,0,True,96,412,522,1039,0,1206,68,0,0,0,0,0,0,0,0,23,23,23,0.0124,0.0069,0.0009,0.0015,0.0,0.0,0.0,0.0211,0.0436
zenotravel-p14,0,True,189,1141,1429,2771,0,3341,79,2,0,0,2,0,0,0,0,28,29,28,0.0305,0.0496,0.0044,0.0033,0.0,0.0016,0.0,0.0817,0.1703
zenotravel-p16,0,True,314,2083,2473,4885,0,6181,108,9,0,0,6,0,0,0,0,38,40,38,0.0691,0.1564,0.0135,0.0053,0.0,0.0116,0.0,0.224,0.4699
zenotravel-p17,0,True,464,3204,3534,7223,0,9614,153,0,0,0,1,0,0,0,0,52,53,52,0.1106,0.276,0.0231,0.0096,0.0,0.0001,0.0,0.1813,0.6027
zenotravel-p19,0,True,626,4464,4654,9768,0,13468,168,0,0,0,1,0,0,0,0,59,60,59,0.2147,0.5391,0.0344,0.0138,0.0,0.0002,0.0,0.2763,1.0808
zenotravel-p18,0,True,492,3426,3732,7669,0,10324,150,0,0,0,1,0,0,0,0,51,52,51,0.1441,0.3321,0.0251,0.0095,0.0,0.0001,0.0,0.1689,0.6821
zenotravel-p15,0,True,262,1492,1558,3324,0,4437,91,0,0,0,1,0,0,0,0,32,34,32,0.0492,0.0793,0.0043,0.0039,0.0,0.0001,0.0,0.0771,0.2151
